run_id,instance,seed,beam_width,iterations,temperature,cooling_mode,timestamp,week,worker_id,parent_worker_id,depth,candidate,temperature_at_event,current_penalty,local_best,global_best,cands_since_improve,worker_lifetime_pct,candidate_pct,time_since_previous_improvement,time_until_worker_exit
n012w8-0,n012w8,0,5,1000000,100.0,adaptive,2026-07-04T09:58:28+01:00,1,1,-1,0,259264,2.782377,425,425,400,100000,25.93,25.93,260,1928
n012w8-0,n012w8,0,5,1000000,100.0,adaptive,2026-07-04T09:58:28+01:00,1,1,-1,0,359264,0.698902,425,425,400,100000,35.93,35.93,260,1668
n012w8-0,n012w8,0,5,1000000,100.0,adaptive,2026-07-04T09:58:28+01:00,1,1,-1,0,459264,0.175556,425,425,400,100000,45.93,45.93,260,1408
n012w8-0,n012w8,0,5,1000000,100.0,adaptive,2026-07-04T09:58:28+01:00,1,1,-1,0,559264,0.044098,425,425,400,100000,55.93,55.93,260,1147
n012w8-0,n012w8,0,5,1000000,100.0,adaptive,2026-07-04T09:58:28+01:00,1,1,-1,0,659264,0.011077,425,425,400,100000,65.93,65.93,260,887
n012w8-0,n012w8,0,5,1000000,100.0,adaptive,2026-07-04T09:58:28+01:00,1,1,-1,0,759264,0.002782,425,425,400,100000,75.93,75.93,260,626
n012w8-0,n012w8,0,5,1000000,100.0,adaptive,2026-07-04T09:58:28+01:00,1,1,-1,0,859264,0.000699,425,425,400,100000,85.93,85.93,260,366
n012w8-0,n012w8,0,5,1000000,100.0,adaptive,2026-07-04T09:58:28+01:00,1,1,-1,0,959264,0.000176,425,425,400,100000,95.93,95.93,260,106
n012w8-0,n012w8,0,5,1000000,100.0,adaptive,2026-07-04T09:58:28+01:00,1,7,5,0,248241,3.240067,445,410,400,100000,24.82,24.82,260,1957
n012w8-0,n012w8,0,5,1000000,100.0,adaptive,2026-07-04T09:58:28+01:00,1,7,5,0,348241,0.813868,440,410,400,100000,34.82,34.82,260,1697
n012w8-0,n012w8,0,5,1000000,100.0,adaptive,2026-07-04T09:58:28+01:00,1,7,5,0,448241,0.204434,440,410,400,100000,44.82,44.82,260,1436
n012w8-0,n012w8,0,5,1000000,100.0,adaptive,2026-07-04T09:58:28+01:00,1,7,5,0,548241,0.051352,440,410,400,100000,54.82,54.82,260,1176
n012w8-0,n012w8,0,5,1000000,100.0,adaptive,2026-07-04T09:58:28+01:00,1,7,5,0,648241,0.012899,440,410,400,100000,64.82,64.82,260,915
n012w8-0,n012w8,0,5,1000000,100.0,adaptive,2026-07-04T09:58:28+01:00,1,7,5,0,748241,0.003240,440,410,400,100000,74.82,74.82,260,655
n012w8-0,n012w8,0,5,1000000,100.0,adaptive,2026-07-04T09:58:28+01:00,1,7,5,0,848241,0.000814,440,410,400,100000,84.82,84.82,260,395
n012w8-0,n012w8,0,5,1000000,100.0,adaptive,2026-07-04T09:58:28+01:00,1,7,5,0,948241,0.000204,440,410,400,100000,94.82,94.82,260,134
n012w8-0,n012w8,0,5,1000000,100.0,adaptive,2026-07-04T09:58:28+01:00,1,10,8,0,200344,6.279658,430,415,400,100000,20.03,20.03,260,2082
n012w8-0,n012w8,0,5,1000000,100.0,adaptive,2026-07-04T09:58:28+01:00,1,10,8,0,300344,1.577379,430,415,400,100000,30.03,30.03,260,1821
n012w8-0,n012w8,0,5,1000000,100.0,adaptive,2026-07-04T09:58:28+01:00,1,10,8,0,400344,0.396220,430,415,400,100000,40.03,40.03,260,1561
n012w8-0,n012w8,0,5,1000000,100.0,adaptive,2026-07-04T09:58:28+01:00,1,10,8,0,500344,0.099526,430,415,400,100000,50.03,50.03,260,1301
n012w8-0,n012w8,0,5,1000000,100.0,adaptive,2026-07-04T09:58:28+01:00,1,10,8,0,600344,0.025000,430,415,400,100000,60.03,60.03,260,1040
n012w8-0,n012w8,0,5,1000000,100.0,adaptive,2026-07-04T09:58:28+01:00,1,10,8,0,700344,0.006280,430,415,400,100000,70.03,70.03,260,780
n012w8-0,n012w8,0,5,1000000,100.0,adaptive,2026-07-04T09:58:28+01:00,1,10,8,0,800344,0.001577,430,415,400,100000,80.03,80.03,260,519
n012w8-0,n012w8,0,5,1000000,100.0,adaptive,2026-07-04T09:58:28+01:00,1,10,8,0,900344,0.000396,430,415,400,100000,90.03,90.03,260,259
n012w8-0,n012w8,0,5,1000000,100.0,adaptive,2026-07-04T09:58:28+01:00,1,4,2,0,286921,50.118723,1500,400,400,100000,28.69,28.69,260,1856
n012w8-0,n012w8,0,5,1000000,100.0,adaptive,2026-07-04T09:58:28+01:00,1,4,2,0,386921,50.118723,1000,400,400,100000,38.69,38.69,260,1596
n012w8-0,n012w8,0,5,1000000,100.0,adaptive,2026-07-04T09:58:28+01:00,1,4,2,0,486921,50.118723,1325,400,400,100000,48.69,48.69,260,1336
n012w8-0,n012w8,0,5,1000000,100.0,adaptive,2026-07-04T09:58:28+01:00,1,4,2,0,586921,50.118723,1455,400,400,100000,58.69,58.69,260,1075
n012w8-0,n012w8,0,5,1000000,100.0,adaptive,2026-07-04T09:58:28+01:00,1,4,2,0,686921,50.118723,1565,400,400,100000,68.69,68.69,260,815
n012w8-0,n012w8,0,5,1000000,100.0,adaptive,2026-07-04T09:58:28+01:00,1,4,2,0,786921,50.118723,1610,400,400,100000,78.69,78.69,260,554
n012w8-0,n012w8,0,5,1000000,100.0,adaptive,2026-07-04T09:58:28+01:00,1,4,2,0,886921,50.118723,1255,400,400,100000,88.69,88.69,260,294
n012w8-0,n012w8,0,5,1000000,100.0,adaptive,2026-07-04T09:58:28+01:00,1,4,2,0,986921,50.118723,1620,400,400,100000,98.69,98.69,260,34
n012w8-0,n012w8,0,5,1000000,100.0,adaptive,2026-07-04T09:58:28+01:00,1,13,11,0,200344,6.279658,450,410,400,100000,20.03,20.03,260,2082
n012w8-0,n012w8,0,5,1000000,100.0,adaptive,2026-07-04T09:58:28+01:00,1,13,11,0,300344,1.577379,440,410,400,100000,30.03,30.03,260,1821
n012w8-0,n012w8,0,5,1000000,100.0,adaptive,2026-07-04T09:58:28+01:00,1,13,11,0,400344,0.396220,435,410,400,100000,40.03,40.03,260,1561
n012w8-0,n012w8,0,5,1000000,100.0,adaptive,2026-07-04T09:58:28+01:00,1,13,11,0,500344,0.099526,435,410,400,100000,50.03,50.03,260,1301
n012w8-0,n012w8,0,5,1000000,100.0,adaptive,2026-07-04T09:58:28+01:00,1,13,11,0,600344,0.025000,435,410,400,100000,60.03,60.03,260,1040
n012w8-0,n012w8,0,5,1000000,100.0,adaptive,2026-07-04T09:58:28+01:00,1,13,11,0,700344,0.006280,435,410,400,100000,70.03,70.03,260,780
n012w8-0,n012w8,0,5,1000000,100.0,adaptive,2026-07-04T09:58:28+01:00,1,13,11,0,800344,0.001577,435,410,400,100000,80.03,80.03,260,519
n012w8-0,n012w8,0,5,1000000,100.0,adaptive,2026-07-04T09:58:28+01:00,1,13,11,0,900344,0.000396,435,410,400,100000,90.03,90.03,260,259
n012w8-0,n012w8,0,5,1000000,100.0,adaptive,2026-07-04T09:58:28+01:00,1,3,-1,0,102432,0.000000,2870,1420,440,100000,10.24,10.24,260,2337
n012w8-0,n012w8,0,5,1000000,100.0,adaptive,2026-07-04T09:58:28+01:00,1,3,-1,0,210293,0.000000,2495,1400,400,100000,21.03,21.03,260,2056
n012w8-0,n012w8,0,5,1000000,100.0,adaptive,2026-07-04T09:58:28+01:00,1,3,-1,0,386844,0.000000,2395,1340,400,100000,38.68,38.68,260,1596
n012w8-0,n012w8,0,5,1000000,100.0,adaptive,2026-07-04T09:58:28+01:00,1,3,-1,0,486844,0.000000,2845,1340,400,100000,48.68,48.68,260,1336
n012w8-0,n012w8,0,5,1000000,100.0,adaptive,2026-07-04T09:58:28+01:00,1,3,-1,0,586844,0.000000,2350,1340,400,100000,58.68,58.68,260,1075
n012w8-0,n012w8,0,5,1000000,100.0,adaptive,2026-07-04T09:58:28+01:00,1,3,-1,0,686844,0.000000,2865,1340,400,100000,68.68,68.68,260,815
n012w8-0,n012w8,0,5,1000000,100.0,adaptive,2026-07-04T09:58:28+01:00,1,3,-1,0,786844,0.000000,2665,1340,400,100000,78.68,78.68,260,555
n012w8-0,n012w8,0,5,1000000,100.0,adaptive,2026-07-04T09:58:28+01:00,1,3,-1,0,886844,0.000000,2680,1340,400,100000,88.68,88.68,260,294
n012w8-0,n012w8,0,5,1000000,100.0,adaptive,2026-07-04T09:58:28+01:00,1,3,-1,0,986844,0.000000,2720,1340,400,100000,98.68,98.68,260,34
n012w8-0,n012w8,0,5,1000000,100.0,adaptive,2026-07-04T09:58:28+01:00,1,16,14,0,200344,6.279658,475,400,400,100000,20.03,20.03,260,2082
n012w8-0,n012w8,0,5,1000000,100.0,adaptive,2026-07-04T09:58:28+01:00,1,16,14,0,300344,1.577379,460,400,400,100000,30.03,30.03,260,1821
n012w8-0,n012w8,0,5,1000000,100.0,adaptive,2026-07-04T09:58:28+01:00,1,16,14,0,400344,0.396220,460,400,400,100000,40.03,40.03,260,1561
n012w8-0,n012w8,0,5,1000000,100.0,adaptive,2026-07-04T09:58:28+01:00,1,16,14,0,500344,0.099526,460,400,400,100000,50.03,50.03,260,1301
n012w8-0,n012w8,0,5,1000000,100.0,adaptive,2026-07-04T09:58:28+01:00,1,16,14,0,600344,0.025000,460,400,400,100000,60.03,60.03,260,1040
n012w8-0,n012w8,0,5,1000000,100.0,adaptive,2026-07-04T09:58:28+01:00,1,16,14,0,700344,0.006280,460,400,400,100000,70.03,70.03,260,780
n012w8-0,n012w8,0,5,1000000,100.0,adaptive,2026-07-04T09:58:28+01:00,1,16,14,0,800344,0.001577,460,400,400,100000,80.03,80.03,260,519
n012w8-0,n012w8,0,5,1000000,100.0,adaptive,2026-07-04T09:58:28+01:00,1,16,14,0,900344,0.000396,460,400,400,100000,90.03,90.03,260,259
n012w8-0,n012w8,0,5,1000000,100.0,adaptive,2026-07-04T09:58:28+01:00,1,6,4,0,100001,0.000000,2710,900,415,100000,10.00,10.00,260,2343
n012w8-0,n012w8,0,5,1000000,100.0,adaptive,2026-07-04T09:58:28+01:00,1,6,4,0,200001,0.000000,2560,900,400,100000,20.00,20.00,260,2083
n012w8-0,n012w8,0,5,1000000,100.0,adaptive,2026-07-04T09:58:28+01:00,1,6,4,0,300001,0.000000,2305,900,400,100000,30.00,30.00,260,1822
n012w8-0,n012w8,0,5,1000000,100.0,adaptive,2026-07-04T09:58:28+01:00,1,6,4,0,400001,0.000000,2800,900,400,100000,40.00,40.00,260,1562
n012w8-0,n012w8,0,5,1000000,100.0,adaptive,2026-07-04T09:58:28+01:00,1,6,4,0,500001,0.000000,2630,900,400,100000,50.00,50.00,260,1301
n012w8-0,n012w8,0,5,1000000,100.0,adaptive,2026-07-04T09:58:28+01:00,1,6,4,0,600001,0.000000,2930,900,400,100000,60.00,60.00,260,1041
n012w8-0,n012w8,0,5,1000000,100.0,adaptive,2026-07-04T09:58:28+01:00,1,6,4,0,700001,0.000000,3090,900,400,100000,70.00,70.00,260,781
n012w8-0,n012w8,0,5,1000000,100.0,adaptive,2026-07-04T09:58:28+01:00,1,6,4,0,800001,0.000000,2810,900,400,100000,80.00,80.00,260,520
n012w8-0,n012w8,0,5,1000000,100.0,adaptive,2026-07-04T09:58:28+01:00,1,6,4,0,900001,0.000000,2575,900,400,100000,90.00,90.00,260,260
n012w8-0,n012w8,0,5,1000000,100.0,adaptive,2026-07-04T09:58:28+01:00,1,9,7,0,100001,0.000000,2210,500,410,100000,10.00,10.00,260,2343
n012w8-0,n012w8,0,5,1000000,100.0,adaptive,2026-07-04T09:58:28+01:00,1,9,7,0,200001,0.000000,2245,500,400,100000,20.00,20.00,260,2083
n012w8-0,n012w8,0,5,1000000,100.0,adaptive,2026-07-04T09:58:28+01:00,1,9,7,0,300001,0.000000,2715,500,400,100000,30.00,30.00,260,1822
n012w8-0,n012w8,0,5,1000000,100.0,adaptive,2026-07-04T09:58:28+01:00,1,9,7,0,400001,0.000000,2535,500,400,100000,40.00,40.00,260,1562
n012w8-0,n012w8,0,5,1000000,100.0,adaptive,2026-07-04T09:58:28+01:00,1,9,7,0,500001,0.000000,2765,500,400,100000,50.00,50.00,260,1301
n012w8-0,n012w8,0,5,1000000,100.0,adaptive,2026-07-04T09:58:28+01:00,1,9,7,0,600001,0.000000,2675,500,400,100000,60.00,60.00,260,1041
n012w8-0,n012w8,0,5,1000000,100.0,adaptive,2026-07-04T09:58:28+01:00,1,9,7,0,700001,0.000000,2550,500,400,100000,70.00,70.00,260,781
n012w8-0,n012w8,0,5,1000000,100.0,adaptive,2026-07-04T09:58:28+01:00,1,9,7,0,800001,0.000000,2625,500,400,100000,80.00,80.00,260,520
n012w8-0,n012w8,0,5,1000000,100.0,adaptive,2026-07-04T09:58:28+01:00,1,9,7,0,900001,0.000000,2670,500,400,100000,90.00,90.00,260,260
n012w8-0,n012w8,0,5,1000000,100.0,adaptive,2026-07-04T09:58:28+01:00,1,12,10,0,100001,0.000000,2410,415,400,100000,10.00,10.00,260,2343
n012w8-0,n012w8,0,5,1000000,100.0,adaptive,2026-07-04T09:58:28+01:00,1,12,10,0,200001,0.000000,2080,415,400,100000,20.00,20.00,260,2083
n012w8-0,n012w8,0,5,1000000,100.0,adaptive,2026-07-04T09:58:28+01:00,1,12,10,0,300001,0.000000,2475,415,400,100000,30.00,30.00,260,1822
n012w8-0,n012w8,0,5,1000000,100.0,adaptive,2026-07-04T09:58:28+01:00,1,12,10,0,400001,0.000000,2710,415,400,100000,40.00,40.00,260,1562
n012w8-0,n012w8,0,5,1000000,100.0,adaptive,2026-07-04T09:58:28+01:00,1,12,10,0,500001,0.000000,2815,415,400,100000,50.00,50.00,260,1301
n012w8-0,n012w8,0,5,1000000,100.0,adaptive,2026-07-04T09:58:28+01:00,1,12,10,0,600001,0.000000,2645,415,400,100000,60.00,60.00,260,1041
n012w8-0,n012w8,0,5,1000000,100.0,adaptive,2026-07-04T09:58:28+01:00,1,12,10,0,700001,0.000000,2830,415,400,100000,70.00,70.00,260,781
n012w8-0,n012w8,0,5,1000000,100.0,adaptive,2026-07-04T09:58:28+01:00,1,12,10,0,800001,0.000000,2475,415,400,100000,80.00,80.00,260,520
n012w8-0,n012w8,0,5,1000000,100.0,adaptive,2026-07-04T09:58:28+01:00,1,12,10,0,900001,0.000000,2630,415,400,100000,90.00,90.00,260,260
n012w8-0,n012w8,0,5,1000000,100.0,adaptive,2026-07-04T09:58:28+01:00,1,15,13,0,100001,0.000000,2575,410,400,100000,10.00,10.00,260,2343
n012w8-0,n012w8,0,5,1000000,100.0,adaptive,2026-07-04T09:58:28+01:00,1,15,13,0,200001,0.000000,2600,410,400,100000,20.00,20.00,260,2083
n012w8-0,n012w8,0,5,1000000,100.0,adaptive,2026-07-04T09:58:28+01:00,1,15,13,0,300001,0.000000,2760,410,400,100000,30.00,30.00,260,1822
n012w8-0,n012w8,0,5,1000000,100.0,adaptive,2026-07-04T09:58:28+01:00,1,15,13,0,400001,0.000000,2155,410,400,100000,40.00,40.00,260,1562
n012w8-0,n012w8,0,5,1000000,100.0,adaptive,2026-07-04T09:58:28+01:00,1,15,13,0,500001,0.000000,2490,410,400,100000,50.00,50.00,260,1301
n012w8-0,n012w8,0,5,1000000,100.0,adaptive,2026-07-04T09:58:28+01:00,1,15,13,0,600001,0.000000,2550,410,400,100000,60.00,60.00,260,1041
n012w8-0,n012w8,0,5,1000000,100.0,adaptive,2026-07-04T09:58:28+01:00,1,15,13,0,700001,0.000000,2665,410,400,100000,70.00,70.00,260,781
n012w8-0,n012w8,0,5,1000000,100.0,adaptive,2026-07-04T09:58:28+01:00,1,15,13,0,800001,0.000000,2670,410,400,100000,80.00,80.00,260,520
n012w8-0,n012w8,0,5,1000000,100.0,adaptive,2026-07-04T09:58:28+01:00,1,15,13,0,900001,0.000000,2020,410,400,100000,90.00,90.00,260,260
n012w8-0,n012w8,0,5,1000000,100.0,adaptive,2026-07-04T09:58:28+01:00,1,18,16,0,100001,0.000000,2130,400,400,100000,10.00,10.00,260,2343
n012w8-0,n012w8,0,5,1000000,100.0,adaptive,2026-07-04T09:58:28+01:00,1,18,16,0,200001,0.000000,2255,400,400,100000,20.00,20.00,260,2083
n012w8-0,n012w8,0,5,1000000,100.0,adaptive,2026-07-04T09:58:28+01:00,1,18,16,0,300001,0.000000,2590,400,400,100000,30.00,30.00,260,1822
n012w8-0,n012w8,0,5,1000000,100.0,adaptive,2026-07-04T09:58:28+01:00,1,18,16,0,400001,0.000000,2585,400,400,100000,40.00,40.00,260,1562
n012w8-0,n012w8,0,5,1000000,100.0,adaptive,2026-07-04T09:58:28+01:00,1,18,16,0,500001,0.000000,2680,400,400,100000,50.00,50.00,260,1301
n012w8-0,n012w8,0,5,1000000,100.0,adaptive,2026-07-04T09:58:28+01:00,1,18,16,0,600001,0.000000,3060,400,400,100000,60.00,60.00,260,1041
n012w8-0,n012w8,0,5,1000000,100.0,adaptive,2026-07-04T09:58:28+01:00,1,18,16,0,700001,0.000000,2395,400,400,100000,70.00,70.00,260,781
n012w8-0,n012w8,0,5,1000000,100.0,adaptive,2026-07-04T09:58:28+01:00,1,18,16,0,800001,0.000000,2640,400,400,100000,80.00,80.00,260,520
n012w8-0,n012w8,0,5,1000000,100.0,adaptive,2026-07-04T09:58:28+01:00,1,18,16,0,900001,0.000000,2360,400,400,100000,90.00,90.00,260,260
n012w8-0,n012w8,0,5,1000000,100.0,adaptive,2026-07-04T09:58:28+01:00,2,7,5,0,283049,2.003116,260,260,230,100000,28.30,28.30,260,1866
n012w8-0,n012w8,0,5,1000000,100.0,adaptive,2026-07-04T09:58:28+01:00,2,7,5,0,383049,0.503160,260,260,230,100000,38.30,38.30,260,1606
n012w8-0,n012w8,0,5,1000000,100.0,adaptive,2026-07-04T09:58:28+01:00,2,7,5,0,483049,0.126388,260,260,230,100000,48.30,48.30,260,1346
n012w8-0,n012w8,0,5,1000000,100.0,adaptive,2026-07-04T09:58:28+01:00,2,7,5,0,583049,0.031747,260,260,230,100000,58.30,58.30,260,1085
n012w8-0,n012w8,0,5,1000000,100.0,adaptive,2026-07-04T09:58:28+01:00,2,7,5,0,683049,0.007975,260,260,230,100000,68.30,68.30,260,825
n012w8-0,n012w8,0,5,1000000,100.0,adaptive,2026-07-04T09:58:28+01:00,2,7,5,0,783049,0.002003,260,260,230,100000,78.30,78.30,260,564
n012w8-0,n012w8,0,5,1000000,100.0,adaptive,2026-07-04T09:58:28+01:00,2,7,5,0,883049,0.000503,260,260,230,100000,88.30,88.30,260,304
n012w8-0,n012w8,0,5,1000000,100.0,adaptive,2026-07-04T09:58:28+01:00,2,7,5,0,983049,0.000126,260,260,230,100000,98.30,98.30,260,44
n012w8-0,n012w8,0,5,1000000,100.0,adaptive,2026-07-04T09:58:28+01:00,2,1,-1,0,270804,50.118723,1265,300,260,100000,27.08,27.08,260,1898
n012w8-0,n012w8,0,5,1000000,100.0,adaptive,2026-07-04T09:58:28+01:00,2,1,-1,0,370804,50.118723,1195,300,230,100000,37.08,37.08,260,1638
n012w8-0,n012w8,0,5,1000000,100.0,adaptive,2026-07-04T09:58:28+01:00,2,1,-1,0,470804,50.118723,1125,300,230,100000,47.08,47.08,260,1378
n012w8-0,n012w8,0,5,1000000,100.0,adaptive,2026-07-04T09:58:28+01:00,2,1,-1,0,570804,50.118723,1330,300,230,100000,57.08,57.08,260,1117
n012w8-0,n012w8,0,5,1000000,100.0,adaptive,2026-07-04T09:58:28+01:00,2,1,-1,0,670804,50.118723,1215,300,230,100000,67.08,67.08,260,857
n012w8-0,n012w8,0,5,1000000,100.0,adaptive,2026-07-04T09:58:28+01:00,2,1,-1,0,770804,50.118723,1020,300,230,100000,77.08,77.08,260,596
n012w8-0,n012w8,0,5,1000000,100.0,adaptive,2026-07-04T09:58:28+01:00,2,1,-1,0,870804,50.118723,1615,300,230,100000,87.08,87.08,260,336
n012w8-0,n012w8,0,5,1000000,100.0,adaptive,2026-07-04T09:58:28+01:00,2,1,-1,0,970804,50.118723,1175,300,230,100000,97.08,97.08,260,76
n012w8-0,n012w8,0,5,1000000,100.0,adaptive,2026-07-04T09:58:28+01:00,2,10,8,0,248578,3.225017,350,325,230,100000,24.86,24.86,260,1956
n012w8-0,n012w8,0,5,1000000,100.0,adaptive,2026-07-04T09:58:28+01:00,2,10,8,0,348578,0.810088,350,325,230,100000,34.86,34.86,260,1696
n012w8-0,n012w8,0,5,1000000,100.0,adaptive,2026-07-04T09:58:28+01:00,2,10,8,0,448578,0.203485,350,325,230,100000,44.86,44.86,260,1435
n012w8-0,n012w8,0,5,1000000,100.0,adaptive,2026-07-04T09:58:28+01:00,2,10,8,0,548578,0.051113,350,325,230,100000,54.86,54.86,260,1175
n012w8-0,n012w8,0,5,1000000,100.0,adaptive,2026-07-04T09:58:28+01:00,2,10,8,0,648578,0.012839,350,325,230,100000,64.86,64.86,260,915
n012w8-0,n012w8,0,5,1000000,100.0,adaptive,2026-07-04T09:58:28+01:00,2,10,8,0,748578,0.003225,350,325,230,100000,74.86,74.86,260,654
n012w8-0,n012w8,0,5,1000000,100.0,adaptive,2026-07-04T09:58:28+01:00,2,10,8,0,848578,0.000810,350,325,230,100000,84.86,84.86,260,394
n012w8-0,n012w8,0,5,1000000,100.0,adaptive,2026-07-04T09:58:28+01:00,2,10,8,0,948578,0.000203,350,325,230,100000,94.86,94.86,260,133
n012w8-0,n012w8,0,5,1000000,100.0,adaptive,2026-07-04T09:58:28+01:00,2,16,14,0,255906,2.914500,275,265,230,100000,25.59,25.59,260,1937
n012w8-0,n012w8,0,5,1000000,100.0,adaptive,2026-07-04T09:58:28+01:00,2,16,14,0,355906,0.732089,275,265,230,100000,35.59,35.59,260,1677
n012w8-0,n012w8,0,5,1000000,100.0,adaptive,2026-07-04T09:58:28+01:00,2,16,14,0,455906,0.183892,275,265,230,100000,45.59,45.59,260,1416
n012w8-0,n012w8,0,5,1000000,100.0,adaptive,2026-07-04T09:58:28+01:00,2,16,14,0,555906,0.046192,275,265,230,100000,55.59,55.59,260,1156
n012w8-0,n012w8,0,5,1000000,100.0,adaptive,2026-07-04T09:58:28+01:00,2,16,14,0,655906,0.011603,275,265,230,100000,65.59,65.59,260,896
n012w8-0,n012w8,0,5,1000000,100.0,adaptive,2026-07-04T09:58:28+01:00,2,16,14,0,755906,0.002914,275,265,230,100000,75.59,75.59,260,635
n012w8-0,n012w8,0,5,1000000,100.0,adaptive,2026-07-04T09:58:28+01:00,2,16,14,0,855906,0.000732,275,265,230,100000,85.59,85.59,260,375
n012w8-0,n012w8,0,5,1000000,100.0,adaptive,2026-07-04T09:58:28+01:00,2,16,14,0,955906,0.000184,275,265,230,100000,95.59,95.59,260,114
n012w8-0,n012w8,0,5,1000000,100.0,adaptive,2026-07-04T09:58:28+01:00,2,4,2,0,237493,59.571975,1545,260,260,100000,23.75,23.75,260,1985
n012w8-0,n012w8,0,5,1000000,100.0,adaptive,2026-07-04T09:58:28+01:00,2,4,2,0,337493,59.571975,1565,260,230,100000,33.75,33.75,260,1725
n012w8-0,n012w8,0,5,1000000,100.0,adaptive,2026-07-04T09:58:28+01:00,2,4,2,0,437493,59.571975,975,260,230,100000,43.75,43.75,260,1464
n012w8-0,n012w8,0,5,1000000,100.0,adaptive,2026-07-04T09:58:28+01:00,2,4,2,0,537493,59.571975,1400,260,230,100000,53.75,53.75,260,1204
n012w8-0,n012w8,0,5,1000000,100.0,adaptive,2026-07-04T09:58:28+01:00,2,4,2,0,637493,59.571975,1610,260,230,100000,63.75,63.75,260,943
n012w8-0,n012w8,0,5,1000000,100.0,adaptive,2026-07-04T09:58:28+01:00,2,4,2,0,737493,59.571975,1105,260,230,100000,73.75,73.75,260,683
n012w8-0,n012w8,0,5,1000000,100.0,adaptive,2026-07-04T09:58:28+01:00,2,4,2,0,837493,59.571975,1235,260,230,100000,83.75,83.75,260,423
n012w8-0,n012w8,0,5,1000000,100.0,adaptive,2026-07-04T09:58:28+01:00,2,4,2,0,937493,59.571975,1825,260,230,100000,93.75,93.75,260,162
n012w8-0,n012w8,0,5,1000000,100.0,adaptive,2026-07-04T09:58:28+01:00,2,3,-1,0,158857,0.000000,2425,1170,285,100000,15.89,15.89,260,2190
n012w8-0,n012w8,0,5,1000000,100.0,adaptive,2026-07-04T09:58:28+01:00,2,3,-1,0,258857,0.000000,2405,1170,260,100000,25.89,25.89,260,1929
n012w8-0,n012w8,0,5,1000000,100.0,adaptive,2026-07-04T09:58:28+01:00,2,3,-1,0,358857,0.000000,2690,1170,230,100000,35.89,35.89,260,1669
n012w8-0,n012w8,0,5,1000000,100.0,adaptive,2026-07-04T09:58:28+01:00,2,3,-1,0,458857,0.000000,2185,1170,230,100000,45.89,45.89,260,1409
n012w8-0,n012w8,0,5,1000000,100.0,adaptive,2026-07-04T09:58:28+01:00,2,3,-1,0,558857,0.000000,2470,1170,230,100000,55.89,55.89,260,1148
n012w8-0,n012w8,0,5,1000000,100.0,adaptive,2026-07-04T09:58:28+01:00,2,3,-1,0,658857,0.000000,2390,1170,230,100000,65.89,65.89,260,888
n012w8-0,n012w8,0,5,1000000,100.0,adaptive,2026-07-04T09:58:28+01:00,2,3,-1,0,758857,0.000000,2130,1170,230,100000,75.89,75.89,260,627
n012w8-0,n012w8,0,5,1000000,100.0,adaptive,2026-07-04T09:58:28+01:00,2,3,-1,0,858857,0.000000,2735,1170,230,100000,85.89,85.89,260,367
n012w8-0,n012w8,0,5,1000000,100.0,adaptive,2026-07-04T09:58:28+01:00,2,3,-1,0,958857,0.000000,2165,1170,230,100000,95.89,95.89,260,107
n012w8-0,n012w8,0,5,1000000,100.0,adaptive,2026-07-04T09:58:28+01:00,2,19,17,0,200344,6.279658,310,275,230,100000,20.03,20.03,260,2082
n012w8-0,n012w8,0,5,1000000,100.0,adaptive,2026-07-04T09:58:28+01:00,2,19,17,0,300344,1.577379,295,275,230,100000,30.03,30.03,260,1821
n012w8-0,n012w8,0,5,1000000,100.0,adaptive,2026-07-04T09:58:28+01:00,2,19,17,0,400344,0.396220,295,275,230,100000,40.03,40.03,260,1561
n012w8-0,n012w8,0,5,1000000,100.0,adaptive,2026-07-04T09:58:28+01:00,2,19,17,0,500344,0.099526,295,275,230,100000,50.03,50.03,260,1301
n012w8-0,n012w8,0,5,1000000,100.0,adaptive,2026-07-04T09:58:28+01:00,2,19,17,0,600344,0.025000,295,275,230,100000,60.03,60.03,260,1040
n012w8-0,n012w8,0,5,1000000,100.0,adaptive,2026-07-04T09:58:28+01:00,2,19,17,0,700344,0.006280,295,275,230,100000,70.03,70.03,260,780
n012w8-0,n012w8,0,5,1000000,100.0,adaptive,2026-07-04T09:58:28+01:00,2,19,17,0,800344,0.001577,295,275,230,100000,80.03,80.03,260,519
n012w8-0,n012w8,0,5,1000000,100.0,adaptive,2026-07-04T09:58:28+01:00,2,19,17,0,900344,0.000396,295,275,230,100000,90.03,90.03,260,259
n012w8-0,n012w8,0,5,1000000,100.0,adaptive,2026-07-04T09:58:28+01:00,2,9,7,0,100001,0.000000,2385,485,260,100000,10.00,10.00,260,2343
n012w8-0,n012w8,0,5,1000000,100.0,adaptive,2026-07-04T09:58:28+01:00,2,9,7,0,200001,0.000000,2345,485,260,100000,20.00,20.00,260,2083
n012w8-0,n012w8,0,5,1000000,100.0,adaptive,2026-07-04T09:58:28+01:00,2,9,7,0,300001,0.000000,2545,485,230,100000,30.00,30.00,260,1822
n012w8-0,n012w8,0,5,1000000,100.0,adaptive,2026-07-04T09:58:28+01:00,2,9,7,0,400001,0.000000,2115,485,230,100000,40.00,40.00,260,1562
n012w8-0,n012w8,0,5,1000000,100.0,adaptive,2026-07-04T09:58:28+01:00,2,9,7,0,500001,0.000000,2585,485,230,100000,50.00,50.00,260,1301
n012w8-0,n012w8,0,5,1000000,100.0,adaptive,2026-07-04T09:58:28+01:00,2,9,7,0,600001,0.000000,2645,485,230,100000,60.00,60.00,260,1041
n012w8-0,n012w8,0,5,1000000,100.0,adaptive,2026-07-04T09:58:28+01:00,2,9,7,0,700001,0.000000,2940,485,230,100000,70.00,70.00,260,781
n012w8-0,n012w8,0,5,1000000,100.0,adaptive,2026-07-04T09:58:28+01:00,2,9,7,0,800001,0.000000,2465,485,230,100000,80.00,80.00,260,520
n012w8-0,n012w8,0,5,1000000,100.0,adaptive,2026-07-04T09:58:28+01:00,2,9,7,0,900001,0.000000,2290,485,230,100000,90.00,90.00,260,260
n012w8-0,n012w8,0,5,1000000,100.0,adaptive,2026-07-04T09:58:28+01:00,2,6,4,0,100001,0.000000,2840,765,290,100000,10.00,10.00,260,2343
n012w8-0,n012w8,0,5,1000000,100.0,adaptive,2026-07-04T09:58:28+01:00,2,6,4,0,200001,0.000000,2400,765,260,100000,20.00,20.00,260,2083
n012w8-0,n012w8,0,5,1000000,100.0,adaptive,2026-07-04T09:58:28+01:00,2,6,4,0,300001,0.000000,2540,765,230,100000,30.00,30.00,260,1822
n012w8-0,n012w8,0,5,1000000,100.0,adaptive,2026-07-04T09:58:28+01:00,2,6,4,0,400001,0.000000,2320,765,230,100000,40.00,40.00,260,1562
n012w8-0,n012w8,0,5,1000000,100.0,adaptive,2026-07-04T09:58:28+01:00,2,6,4,0,500001,0.000000,2500,765,230,100000,50.00,50.00,260,1301
n012w8-0,n012w8,0,5,1000000,100.0,adaptive,2026-07-04T09:58:28+01:00,2,6,4,0,600001,0.000000,2505,765,230,100000,60.00,60.00,260,1041
n012w8-0,n012w8,0,5,1000000,100.0,adaptive,2026-07-04T09:58:28+01:00,2,6,4,0,700001,0.000000,2815,765,230,100000,70.00,70.00,260,781
n012w8-0,n012w8,0,5,1000000,100.0,adaptive,2026-07-04T09:58:28+01:00,2,6,4,0,800001,0.000000,2305,765,230,100000,80.00,80.00,260,520
n012w8-0,n012w8,0,5,1000000,100.0,adaptive,2026-07-04T09:58:28+01:00,2,6,4,0,900001,0.000000,2095,765,230,100000,90.00,90.00,260,260
n012w8-0,n012w8,0,5,1000000,100.0,adaptive,2026-07-04T09:58:28+01:00,2,13,11,0,257133,50.118723,1045,230,230,100000,25.71,25.71,260,1934
n012w8-0,n012w8,0,5,1000000,100.0,adaptive,2026-07-04T09:58:28+01:00,2,13,11,0,357133,50.118723,1280,230,230,100000,35.71,35.71,260,1674
n012w8-0,n012w8,0,5,1000000,100.0,adaptive,2026-07-04T09:58:28+01:00,2,13,11,0,457133,50.118723,1455,230,230,100000,45.71,45.71,260,1413
n012w8-0,n012w8,0,5,1000000,100.0,adaptive,2026-07-04T09:58:28+01:00,2,13,11,0,557133,50.118723,1155,230,230,100000,55.71,55.71,260,1153
n012w8-0,n012w8,0,5,1000000,100.0,adaptive,2026-07-04T09:58:28+01:00,2,13,11,0,657133,50.118723,1345,230,230,100000,65.71,65.71,260,892
n012w8-0,n012w8,0,5,1000000,100.0,adaptive,2026-07-04T09:58:28+01:00,2,13,11,0,757133,50.118723,1300,230,230,100000,75.71,75.71,260,632
n012w8-0,n012w8,0,5,1000000,100.0,adaptive,2026-07-04T09:58:28+01:00,2,13,11,0,857133,50.118723,1150,230,230,100000,85.71,85.71,260,372
n012w8-0,n012w8,0,5,1000000,100.0,adaptive,2026-07-04T09:58:28+01:00,2,13,11,0,957133,50.118723,1190,230,230,100000,95.71,95.71,260,111
n012w8-0,n012w8,0,5,1000000,100.0,adaptive,2026-07-04T09:58:28+01:00,2,12,10,0,100001,0.000000,2240,350,260,100000,10.00,10.00,260,2343
n012w8-0,n012w8,0,5,1000000,100.0,adaptive,2026-07-04T09:58:28+01:00,2,12,10,0,200001,0.000000,2865,350,230,100000,20.00,20.00,260,2083
n012w8-0,n012w8,0,5,1000000,100.0,adaptive,2026-07-04T09:58:28+01:00,2,12,10,0,300001,0.000000,2490,350,230,100000,30.00,30.00,260,1822
n012w8-0,n012w8,0,5,1000000,100.0,adaptive,2026-07-04T09:58:28+01:00,2,12,10,0,400001,0.000000,2610,350,230,100000,40.00,40.00,260,1562
n012w8-0,n012w8,0,5,1000000,100.0,adaptive,2026-07-04T09:58:28+01:00,2,12,10,0,500001,0.000000,2595,350,230,100000,50.00,50.00,260,1301
n012w8-0,n012w8,0,5,1000000,100.0,adaptive,2026-07-04T09:58:28+01:00,2,12,10,0,600001,0.000000,2175,350,230,100000,60.00,60.00,260,1041
n012w8-0,n012w8,0,5,1000000,100.0,adaptive,2026-07-04T09:58:28+01:00,2,12,10,0,700001,0.000000,2160,350,230,100000,70.00,70.00,260,781
n012w8-0,n012w8,0,5,1000000,100.0,adaptive,2026-07-04T09:58:28+01:00,2,12,10,0,800001,0.000000,2455,350,230,100000,80.00,80.00,260,520
n012w8-0,n012w8,0,5,1000000,100.0,adaptive,2026-07-04T09:58:28+01:00,2,12,10,0,900001,0.000000,2755,350,230,100000,90.00,90.00,260,260
n012w8-0,n012w8,0,5,1000000,100.0,adaptive,2026-07-04T09:58:28+01:00,2,15,13,0,100001,0.000000,2600,290,260,100000,10.00,10.00,260,2343
n012w8-0,n012w8,0,5,1000000,100.0,adaptive,2026-07-04T09:58:28+01:00,2,15,13,0,200001,0.000000,2725,290,230,100000,20.00,20.00,260,2083
n012w8-0,n012w8,0,5,1000000,100.0,adaptive,2026-07-04T09:58:28+01:00,2,15,13,0,300001,0.000000,2225,290,230,100000,30.00,30.00,260,1822
n012w8-0,n012w8,0,5,1000000,100.0,adaptive,2026-07-04T09:58:28+01:00,2,15,13,0,400001,0.000000,2520,290,230,100000,40.00,40.00,260,1562
n012w8-0,n012w8,0,5,1000000,100.0,adaptive,2026-07-04T09:58:28+01:00,2,15,13,0,500001,0.000000,2165,290,230,100000,50.00,50.00,260,1301
n012w8-0,n012w8,0,5,1000000,100.0,adaptive,2026-07-04T09:58:28+01:00,2,15,13,0,600001,0.000000,2145,290,230,100000,60.00,60.00,260,1041
n012w8-0,n012w8,0,5,1000000,100.0,adaptive,2026-07-04T09:58:28+01:00,2,15,13,0,700001,0.000000,2365,290,230,100000,70.00,70.00,260,781
n012w8-0,n012w8,0,5,1000000,100.0,adaptive,2026-07-04T09:58:28+01:00,2,15,13,0,800001,0.000000,2220,290,230,100000,80.00,80.00,260,520
n012w8-0,n012w8,0,5,1000000,100.0,adaptive,2026-07-04T09:58:28+01:00,2,15,13,0,900001,0.000000,2100,290,230,100000,90.00,90.00,260,260
n012w8-0,n012w8,0,5,1000000,100.0,adaptive,2026-07-04T09:58:28+01:00,2,22,20,0,200344,6.279658,280,245,230,100000,20.03,20.03,260,2082
n012w8-0,n012w8,0,5,1000000,100.0,adaptive,2026-07-04T09:58:28+01:00,2,22,20,0,300344,1.577379,275,245,230,100000,30.03,30.03,260,1821
n012w8-0,n012w8,0,5,1000000,100.0,adaptive,2026-07-04T09:58:28+01:00,2,22,20,0,400344,0.396220,275,245,230,100000,40.03,40.03,260,1561
n012w8-0,n012w8,0,5,1000000,100.0,adaptive,2026-07-04T09:58:28+01:00,2,22,20,0,500344,0.099526,275,245,230,100000,50.03,50.03,260,1301
n012w8-0,n012w8,0,5,1000000,100.0,adaptive,2026-07-04T09:58:28+01:00,2,22,20,0,600344,0.025000,275,245,230,100000,60.03,60.03,260,1040
n012w8-0,n012w8,0,5,1000000,100.0,adaptive,2026-07-04T09:58:28+01:00,2,22,20,0,700344,0.006280,275,245,230,100000,70.03,70.03,260,780
n012w8-0,n012w8,0,5,1000000,100.0,adaptive,2026-07-04T09:58:28+01:00,2,22,20,0,800344,0.001577,275,245,230,100000,80.03,80.03,260,519
n012w8-0,n012w8,0,5,1000000,100.0,adaptive,2026-07-04T09:58:28+01:00,2,22,20,0,900344,0.000396,275,245,230,100000,90.03,90.03,260,259
n012w8-0,n012w8,0,5,1000000,100.0,adaptive,2026-07-04T09:58:28+01:00,2,18,16,0,100001,0.000000,2830,285,260,100000,10.00,10.00,260,2343
n012w8-0,n012w8,0,5,1000000,100.0,adaptive,2026-07-04T09:58:28+01:00,2,18,16,0,200001,0.000000,2060,285,230,100000,20.00,20.00,260,2083
n012w8-0,n012w8,0,5,1000000,100.0,adaptive,2026-07-04T09:58:28+01:00,2,18,16,0,300001,0.000000,2595,285,230,100000,30.00,30.00,260,1822
n012w8-0,n012w8,0,5,1000000,100.0,adaptive,2026-07-04T09:58:28+01:00,2,18,16,0,400001,0.000000,2580,285,230,100000,40.00,40.00,260,1562
n012w8-0,n012w8,0,5,1000000,100.0,adaptive,2026-07-04T09:58:28+01:00,2,18,16,0,500001,0.000000,1930,285,230,100000,50.00,50.00,260,1301
n012w8-0,n012w8,0,5,1000000,100.0,adaptive,2026-07-04T09:58:28+01:00,2,18,16,0,600001,0.000000,2800,285,230,100000,60.00,60.00,260,1041
n012w8-0,n012w8,0,5,1000000,100.0,adaptive,2026-07-04T09:58:28+01:00,2,18,16,0,700001,0.000000,2610,285,230,100000,70.00,70.00,260,781
n012w8-0,n012w8,0,5,1000000,100.0,adaptive,2026-07-04T09:58:28+01:00,2,18,16,0,800001,0.000000,2600,285,230,100000,80.00,80.00,260,520
n012w8-0,n012w8,0,5,1000000,100.0,adaptive,2026-07-04T09:58:28+01:00,2,18,16,0,900001,0.000000,2330,285,230,100000,90.00,90.00,260,260
n012w8-0,n012w8,0,5,1000000,100.0,adaptive,2026-07-04T09:58:28+01:00,2,21,19,0,100001,0.000000,2540,275,230,100000,10.00,10.00,260,2343
n012w8-0,n012w8,0,5,1000000,100.0,adaptive,2026-07-04T09:58:28+01:00,2,21,19,0,200001,0.000000,2495,275,230,100000,20.00,20.00,260,2083
n012w8-0,n012w8,0,5,1000000,100.0,adaptive,2026-07-04T09:58:28+01:00,2,21,19,0,300001,0.000000,2535,275,230,100000,30.00,30.00,260,1822
n012w8-0,n012w8,0,5,1000000,100.0,adaptive,2026-07-04T09:58:28+01:00,2,21,19,0,400001,0.000000,2615,275,230,100000,40.00,40.00,260,1562
n012w8-0,n012w8,0,5,1000000,100.0,adaptive,2026-07-04T09:58:28+01:00,2,21,19,0,500001,0.000000,2575,275,230,100000,50.00,50.00,260,1301
n012w8-0,n012w8,0,5,1000000,100.0,adaptive,2026-07-04T09:58:28+01:00,2,21,19,0,600001,0.000000,2295,275,230,100000,60.00,60.00,260,1041
n012w8-0,n012w8,0,5,1000000,100.0,adaptive,2026-07-04T09:58:28+01:00,2,21,19,0,700001,0.000000,1725,275,230,100000,70.00,70.00,260,781
n012w8-0,n012w8,0,5,1000000,100.0,adaptive,2026-07-04T09:58:28+01:00,2,21,19,0,800001,0.000000,2405,275,230,100000,80.00,80.00,260,520
n012w8-0,n012w8,0,5,1000000,100.0,adaptive,2026-07-04T09:58:28+01:00,2,21,19,0,900001,0.000000,2100,275,230,100000,90.00,90.00,260,260
n012w8-0,n012w8,0,5,1000000,100.0,adaptive,2026-07-04T09:58:28+01:00,2,24,22,0,100001,0.000000,2305,245,230,100000,10.00,10.00,260,2343
n012w8-0,n012w8,0,5,1000000,100.0,adaptive,2026-07-04T09:58:28+01:00,2,24,22,0,200001,0.000000,1960,245,230,100000,20.00,20.00,260,2083
n012w8-0,n012w8,0,5,1000000,100.0,adaptive,2026-07-04T09:58:28+01:00,2,24,22,0,300001,0.000000,1860,245,230,100000,30.00,30.00,260,1822
n012w8-0,n012w8,0,5,1000000,100.0,adaptive,2026-07-04T09:58:28+01:00,2,24,22,0,400001,0.000000,2195,245,230,100000,40.00,40.00,260,1562
n012w8-0,n012w8,0,5,1000000,100.0,adaptive,2026-07-04T09:58:28+01:00,2,24,22,0,500001,0.000000,2930,245,230,100000,50.00,50.00,260,1301
n012w8-0,n012w8,0,5,1000000,100.0,adaptive,2026-07-04T09:58:28+01:00,2,24,22,0,600001,0.000000,2550,245,230,100000,60.00,60.00,260,1041
n012w8-0,n012w8,0,5,1000000,100.0,adaptive,2026-07-04T09:58:28+01:00,2,24,22,0,700001,0.000000,2420,245,230,100000,70.00,70.00,260,781
n012w8-0,n012w8,0,5,1000000,100.0,adaptive,2026-07-04T09:58:28+01:00,2,24,22,0,800001,0.000000,2525,245,230,100000,80.00,80.00,260,520
n012w8-0,n012w8,0,5,1000000,100.0,adaptive,2026-07-04T09:58:28+01:00,2,24,22,0,900001,0.000000,2615,245,230,100000,90.00,90.00,260,260
n012w8-0,n012w8,0,5,1000000,100.0,adaptive,2026-07-04T09:58:28+01:00,3,4,2,0,270363,2.386833,515,490,445,100000,27.04,27.04,260,1899
n012w8-0,n012w8,0,5,1000000,100.0,adaptive,2026-07-04T09:58:28+01:00,3,4,2,0,370363,0.599545,515,490,445,100000,37.04,37.04,260,1639
n012w8-0,n012w8,0,5,1000000,100.0,adaptive,2026-07-04T09:58:28+01:00,3,4,2,0,470363,0.150599,515,490,445,100000,47.04,47.04,260,1379
n012w8-0,n012w8,0,5,1000000,100.0,adaptive,2026-07-04T09:58:28+01:00,3,4,2,0,570363,0.037829,515,490,445,100000,57.04,57.04,260,1118
n012w8-0,n012w8,0,5,1000000,100.0,adaptive,2026-07-04T09:58:28+01:00,3,4,2,0,670363,0.009502,515,490,445,100000,67.04,67.04,260,858
n012w8-0,n012w8,0,5,1000000,100.0,adaptive,2026-07-04T09:58:28+01:00,3,4,2,0,770363,0.002387,515,490,445,100000,77.04,77.04,260,597
n012w8-0,n012w8,0,5,1000000,100.0,adaptive,2026-07-04T09:58:28+01:00,3,4,2,0,870363,0.000600,515,490,445,100000,87.04,87.04,260,337
n012w8-0,n012w8,0,5,1000000,100.0,adaptive,2026-07-04T09:58:28+01:00,3,4,2,0,970363,0.000151,515,490,445,100000,97.04,97.04,260,77
n012w8-0,n012w8,0,5,1000000,100.0,adaptive,2026-07-04T09:58:28+01:00,3,10,8,0,299779,1.589740,460,455,445,100000,29.98,29.98,260,1823
n012w8-0,n012w8,0,5,1000000,100.0,adaptive,2026-07-04T09:58:28+01:00,3,10,8,0,399779,0.399325,460,455,445,100000,39.98,39.98,260,1562
n012w8-0,n012w8,0,5,1000000,100.0,adaptive,2026-07-04T09:58:28+01:00,3,10,8,0,499779,0.100306,460,455,445,100000,49.98,49.98,260,1302
n012w8-0,n012w8,0,5,1000000,100.0,adaptive,2026-07-04T09:58:28+01:00,3,10,8,0,599779,0.025196,460,455,445,100000,59.98,59.98,260,1042
n012w8-0,n012w8,0,5,1000000,100.0,adaptive,2026-07-04T09:58:28+01:00,3,10,8,0,699779,0.006329,460,455,445,100000,69.98,69.98,260,781
n012w8-0,n012w8,0,5,1000000,100.0,adaptive,2026-07-04T09:58:28+01:00,3,10,8,0,799779,0.001590,460,455,445,100000,79.98,79.98,260,521
n012w8-0,n012w8,0,5,1000000,100.0,adaptive,2026-07-04T09:58:28+01:00,3,10,8,0,899779,0.000399,460,455,445,100000,89.98,89.98,260,260
n012w8-0,n012w8,0,5,1000000,100.0,adaptive,2026-07-04T09:58:28+01:00,3,10,8,0,999779,0.000100,460,455,445,100000,99.98,99.98,260,0
n012w8-0,n012w8,0,5,1000000,100.0,adaptive,2026-07-04T09:58:28+01:00,3,1,-1,0,214297,82.076343,1880,540,445,100000,21.43,21.43,260,2045
n012w8-0,n012w8,0,5,1000000,100.0,adaptive,2026-07-04T09:58:28+01:00,3,1,-1,0,314297,82.076343,1580,540,445,100000,31.43,31.43,260,1785
n012w8-0,n012w8,0,5,1000000,100.0,adaptive,2026-07-04T09:58:28+01:00,3,1,-1,0,414297,82.076343,2150,540,445,100000,41.43,41.43,260,1525
n012w8-0,n012w8,0,5,1000000,100.0,adaptive,2026-07-04T09:58:28+01:00,3,1,-1,0,514297,82.076343,1400,540,445,100000,51.43,51.43,260,1264
n012w8-0,n012w8,0,5,1000000,100.0,adaptive,2026-07-04T09:58:28+01:00,3,1,-1,0,614297,82.076343,1550,540,445,100000,61.43,61.43,260,1004
n012w8-0,n012w8,0,5,1000000,100.0,adaptive,2026-07-04T09:58:28+01:00,3,1,-1,0,714297,82.076343,1540,540,445,100000,71.43,71.43,260,743
n012w8-0,n012w8,0,5,1000000,100.0,adaptive,2026-07-04T09:58:28+01:00,3,1,-1,0,814297,82.076343,1695,540,445,100000,81.43,81.43,260,483
n012w8-0,n012w8,0,5,1000000,100.0,adaptive,2026-07-04T09:58:28+01:00,3,1,-1,0,914297,82.076343,1760,540,445,100000,91.43,91.43,260,223
n012w8-0,n012w8,0,5,1000000,100.0,adaptive,2026-07-04T09:58:28+01:00,3,3,-1,0,118917,0.000000,2590,1490,495,100000,11.89,11.89,260,2294
n012w8-0,n012w8,0,5,1000000,100.0,adaptive,2026-07-04T09:58:28+01:00,3,3,-1,0,312999,0.000000,2115,1300,445,100000,31.30,31.30,260,1788
n012w8-0,n012w8,0,5,1000000,100.0,adaptive,2026-07-04T09:58:28+01:00,3,3,-1,0,452719,0.000000,2115,1285,445,100000,45.27,45.27,260,1425
n012w8-0,n012w8,0,5,1000000,100.0,adaptive,2026-07-04T09:58:28+01:00,3,3,-1,0,552719,0.000000,2685,1285,445,100000,55.27,55.27,260,1164
n012w8-0,n012w8,0,5,1000000,100.0,adaptive,2026-07-04T09:58:28+01:00,3,3,-1,0,652719,0.000000,2780,1285,445,100000,65.27,65.27,260,904
n012w8-0,n012w8,0,5,1000000,100.0,adaptive,2026-07-04T09:58:28+01:00,3,3,-1,0,752719,0.000000,3050,1285,445,100000,75.27,75.27,260,643
n012w8-0,n012w8,0,5,1000000,100.0,adaptive,2026-07-04T09:58:28+01:00,3,3,-1,0,852719,0.000000,2785,1285,445,100000,85.27,85.27,260,383
n012w8-0,n012w8,0,5,1000000,100.0,adaptive,2026-07-04T09:58:28+01:00,3,3,-1,0,952719,0.000000,2520,1285,445,100000,95.27,95.27,260,123
n012w8-0,n012w8,0,5,1000000,100.0,adaptive,2026-07-04T09:58:28+01:00,3,7,5,0,259549,50.118723,1150,455,445,100000,25.95,25.95,260,1928
n012w8-0,n012w8,0,5,1000000,100.0,adaptive,2026-07-04T09:58:28+01:00,3,7,5,0,359549,50.118723,1405,455,445,100000,35.95,35.95,260,1667
n012w8-0,n012w8,0,5,1000000,100.0,adaptive,2026-07-04T09:58:28+01:00,3,7,5,0,459549,50.118723,1610,455,445,100000,45.95,45.95,260,1407
n012w8-0,n012w8,0,5,1000000,100.0,adaptive,2026-07-04T09:58:28+01:00,3,7,5,0,559549,50.118723,1395,455,445,100000,55.95,55.95,260,1146
n012w8-0,n012w8,0,5,1000000,100.0,adaptive,2026-07-04T09:58:28+01:00,3,7,5,0,659549,50.118723,1375,455,445,100000,65.95,65.95,260,886
n012w8-0,n012w8,0,5,1000000,100.0,adaptive,2026-07-04T09:58:28+01:00,3,7,5,0,759549,50.118723,1655,455,445,100000,75.95,75.95,260,626
n012w8-0,n012w8,0,5,1000000,100.0,adaptive,2026-07-04T09:58:28+01:00,3,7,5,0,859549,50.118723,1495,455,445,100000,85.95,85.95,260,365
n012w8-0,n012w8,0,5,1000000,100.0,adaptive,2026-07-04T09:58:28+01:00,3,7,5,0,959549,50.118723,1335,455,445,100000,95.95,95.95,260,105
n012w8-0,n012w8,0,5,1000000,100.0,adaptive,2026-07-04T09:58:28+01:00,3,13,11,0,266343,2.523144,465,460,445,100000,26.63,26.63,260,1910
n012w8-0,n012w8,0,5,1000000,100.0,adaptive,2026-07-04T09:58:28+01:00,3,13,11,0,366343,0.633785,465,460,445,100000,36.63,36.63,260,1650
n012w8-0,n012w8,0,5,1000000,100.0,adaptive,2026-07-04T09:58:28+01:00,3,13,11,0,466343,0.159200,465,460,445,100000,46.63,46.63,260,1389
n012w8-0,n012w8,0,5,1000000,100.0,adaptive,2026-07-04T09:58:28+01:00,3,13,11,0,566343,0.039989,465,460,445,100000,56.63,56.63,260,1129
n012w8-0,n012w8,0,5,1000000,100.0,adaptive,2026-07-04T09:58:28+01:00,3,13,11,0,666343,0.010045,465,460,445,100000,66.63,66.63,260,868
n012w8-0,n012w8,0,5,1000000,100.0,adaptive,2026-07-04T09:58:28+01:00,3,13,11,0,766343,0.002523,465,460,445,100000,76.63,76.63,260,608
n012w8-0,n012w8,0,5,1000000,100.0,adaptive,2026-07-04T09:58:28+01:00,3,13,11,0,866343,0.000634,465,460,445,100000,86.63,86.63,260,348
n012w8-0,n012w8,0,5,1000000,100.0,adaptive,2026-07-04T09:58:28+01:00,3,13,11,0,966343,0.000159,465,460,445,100000,96.63,96.63,260,87
n012w8-0,n012w8,0,5,1000000,100.0,adaptive,2026-07-04T09:58:28+01:00,3,6,4,0,100003,0.000000,2180,870,490,100000,10.00,10.00,260,2343
n012w8-0,n012w8,0,5,1000000,100.0,adaptive,2026-07-04T09:58:28+01:00,3,6,4,0,200003,0.000000,2495,870,445,100000,20.00,20.00,260,2083
n012w8-0,n012w8,0,5,1000000,100.0,adaptive,2026-07-04T09:58:28+01:00,3,6,4,0,300003,0.000000,2440,870,445,100000,30.00,30.00,260,1822
n012w8-0,n012w8,0,5,1000000,100.0,adaptive,2026-07-04T09:58:28+01:00,3,6,4,0,400003,0.000000,2395,870,445,100000,40.00,40.00,260,1562
n012w8-0,n012w8,0,5,1000000,100.0,adaptive,2026-07-04T09:58:28+01:00,3,6,4,0,500003,0.000000,2890,870,445,100000,50.00,50.00,260,1301
n012w8-0,n012w8,0,5,1000000,100.0,adaptive,2026-07-04T09:58:28+01:00,3,6,4,0,600003,0.000000,2675,870,445,100000,60.00,60.00,260,1041
n012w8-0,n012w8,0,5,1000000,100.0,adaptive,2026-07-04T09:58:28+01:00,3,6,4,0,700003,0.000000,2795,870,445,100000,70.00,70.00,260,781
n012w8-0,n012w8,0,5,1000000,100.0,adaptive,2026-07-04T09:58:28+01:00,3,6,4,0,800003,0.000000,2695,870,445,100000,80.00,80.00,260,520
n012w8-0,n012w8,0,5,1000000,100.0,adaptive,2026-07-04T09:58:28+01:00,3,6,4,0,900003,0.000000,2675,870,445,100000,90.00,90.00,260,260
n012w8-0,n012w8,0,5,1000000,100.0,adaptive,2026-07-04T09:58:28+01:00,3,9,7,0,100001,0.000000,1990,630,490,100000,10.00,10.00,260,2343
n012w8-0,n012w8,0,5,1000000,100.0,adaptive,2026-07-04T09:58:28+01:00,3,9,7,0,200001,0.000000,2205,630,445,100000,20.00,20.00,260,2083
n012w8-0,n012w8,0,5,1000000,100.0,adaptive,2026-07-04T09:58:28+01:00,3,9,7,0,300001,0.000000,2530,630,445,100000,30.00,30.00,260,1822
n012w8-0,n012w8,0,5,1000000,100.0,adaptive,2026-07-04T09:58:28+01:00,3,9,7,0,400001,0.000000,2285,630,445,100000,40.00,40.00,260,1562
n012w8-0,n012w8,0,5,1000000,100.0,adaptive,2026-07-04T09:58:28+01:00,3,9,7,0,500001,0.000000,2170,630,445,100000,50.00,50.00,260,1301
n012w8-0,n012w8,0,5,1000000,100.0,adaptive,2026-07-04T09:58:28+01:00,3,9,7,0,600001,0.000000,2050,630,445,100000,60.00,60.00,260,1041
n012w8-0,n012w8,0,5,1000000,100.0,adaptive,2026-07-04T09:58:28+01:00,3,9,7,0,700001,0.000000,2765,630,445,100000,70.00,70.00,260,781
n012w8-0,n012w8,0,5,1000000,100.0,adaptive,2026-07-04T09:58:28+01:00,3,9,7,0,800001,0.000000,2975,630,445,100000,80.00,80.00,260,520
n012w8-0,n012w8,0,5,1000000,100.0,adaptive,2026-07-04T09:58:28+01:00,3,9,7,0,900001,0.000000,3040,630,445,100000,90.00,90.00,260,260
n012w8-0,n012w8,0,5,1000000,100.0,adaptive,2026-07-04T09:58:28+01:00,3,12,10,0,100001,0.000000,2295,540,445,100000,10.00,10.00,260,2343
n012w8-0,n012w8,0,5,1000000,100.0,adaptive,2026-07-04T09:58:28+01:00,3,12,10,0,200001,0.000000,2855,540,445,100000,20.00,20.00,260,2083
n012w8-0,n012w8,0,5,1000000,100.0,adaptive,2026-07-04T09:58:28+01:00,3,12,10,0,300001,0.000000,2415,540,445,100000,30.00,30.00,260,1822
n012w8-0,n012w8,0,5,1000000,100.0,adaptive,2026-07-04T09:58:28+01:00,3,12,10,0,400001,0.000000,2315,540,445,100000,40.00,40.00,260,1562
n012w8-0,n012w8,0,5,1000000,100.0,adaptive,2026-07-04T09:58:28+01:00,3,12,10,0,500001,0.000000,2320,540,445,100000,50.00,50.00,260,1301
n012w8-0,n012w8,0,5,1000000,100.0,adaptive,2026-07-04T09:58:28+01:00,3,12,10,0,600001,0.000000,2850,540,445,100000,60.00,60.00,260,1041
n012w8-0,n012w8,0,5,1000000,100.0,adaptive,2026-07-04T09:58:28+01:00,3,12,10,0,700001,0.000000,2845,540,445,100000,70.00,70.00,260,781
n012w8-0,n012w8,0,5,1000000,100.0,adaptive,2026-07-04T09:58:28+01:00,3,12,10,0,800001,0.000000,2390,540,445,100000,80.00,80.00,260,520
n012w8-0,n012w8,0,5,1000000,100.0,adaptive,2026-07-04T09:58:28+01:00,3,12,10,0,900001,0.000000,3175,540,445,100000,90.00,90.00,260,260
n012w8-0,n012w8,0,5,1000000,100.0,adaptive,2026-07-04T09:58:28+01:00,3,15,13,0,100001,0.000000,2330,480,445,100000,10.00,10.00,260,2343
n012w8-0,n012w8,0,5,1000000,100.0,adaptive,2026-07-04T09:58:28+01:00,3,15,13,0,200001,0.000000,3175,480,445,100000,20.00,20.00,260,2083
n012w8-0,n012w8,0,5,1000000,100.0,adaptive,2026-07-04T09:58:28+01:00,3,15,13,0,300001,0.000000,1985,480,445,100000,30.00,30.00,260,1822
n012w8-0,n012w8,0,5,1000000,100.0,adaptive,2026-07-04T09:58:28+01:00,3,15,13,0,400001,0.000000,2535,480,445,100000,40.00,40.00,260,1562
n012w8-0,n012w8,0,5,1000000,100.0,adaptive,2026-07-04T09:58:28+01:00,3,15,13,0,500001,0.000000,2930,480,445,100000,50.00,50.00,260,1301
n012w8-0,n012w8,0,5,1000000,100.0,adaptive,2026-07-04T09:58:28+01:00,3,15,13,0,600001,0.000000,2230,480,445,100000,60.00,60.00,260,1041
n012w8-0,n012w8,0,5,1000000,100.0,adaptive,2026-07-04T09:58:28+01:00,3,15,13,0,700001,0.000000,2800,480,445,100000,70.00,70.00,260,781
n012w8-0,n012w8,0,5,1000000,100.0,adaptive,2026-07-04T09:58:28+01:00,3,15,13,0,800001,0.000000,2385,480,445,100000,80.00,80.00,260,520
n012w8-0,n012w8,0,5,1000000,100.0,adaptive,2026-07-04T09:58:28+01:00,3,15,13,0,900001,0.000000,2520,480,445,100000,90.00,90.00,260,260
n012w8-0,n012w8,0,5,1000000,100.0,adaptive,2026-07-04T09:58:28+01:00,4,4,2,0,285640,1.932680,190,180,150,100000,28.56,28.56,260,1860
n012w8-0,n012w8,0,5,1000000,100.0,adaptive,2026-07-04T09:58:28+01:00,4,4,2,0,385640,0.485467,190,180,150,100000,38.56,38.56,260,1599
n012w8-0,n012w8,0,5,1000000,100.0,adaptive,2026-07-04T09:58:28+01:00,4,4,2,0,485640,0.121944,190,180,150,100000,48.56,48.56,260,1339
n012w8-0,n012w8,0,5,1000000,100.0,adaptive,2026-07-04T09:58:28+01:00,4,4,2,0,585640,0.030631,190,180,150,100000,58.56,58.56,260,1078
n012w8-0,n012w8,0,5,1000000,100.0,adaptive,2026-07-04T09:58:28+01:00,4,4,2,0,685640,0.007694,190,180,150,100000,68.56,68.56,260,818
n012w8-0,n012w8,0,5,1000000,100.0,adaptive,2026-07-04T09:58:28+01:00,4,4,2,0,785640,0.001933,190,180,150,100000,78.56,78.56,260,558
n012w8-0,n012w8,0,5,1000000,100.0,adaptive,2026-07-04T09:58:28+01:00,4,4,2,0,885640,0.000485,190,180,150,100000,88.56,88.56,260,297
n012w8-0,n012w8,0,5,1000000,100.0,adaptive,2026-07-04T09:58:28+01:00,4,4,2,0,985640,0.000122,190,180,150,100000,98.56,98.56,260,37
n012w8-0,n012w8,0,5,1000000,100.0,adaptive,2026-07-04T09:58:28+01:00,4,1,-1,0,316841,1.255897,165,165,150,100000,31.68,31.68,260,1778
n012w8-0,n012w8,0,5,1000000,100.0,adaptive,2026-07-04T09:58:28+01:00,4,1,-1,0,416841,0.315467,165,165,150,100000,41.68,41.68,260,1518
n012w8-0,n012w8,0,5,1000000,100.0,adaptive,2026-07-04T09:58:28+01:00,4,1,-1,0,516841,0.079242,165,165,150,100000,51.68,51.68,260,1258
n012w8-0,n012w8,0,5,1000000,100.0,adaptive,2026-07-04T09:58:28+01:00,4,1,-1,0,616841,0.019905,165,165,150,100000,61.68,61.68,260,997
n012w8-0,n012w8,0,5,1000000,100.0,adaptive,2026-07-04T09:58:28+01:00,4,1,-1,0,716841,0.005000,165,165,150,100000,71.68,71.68,260,737
n012w8-0,n012w8,0,5,1000000,100.0,adaptive,2026-07-04T09:58:28+01:00,4,1,-1,0,816841,0.001256,165,165,150,100000,81.68,81.68,260,476
n012w8-0,n012w8,0,5,1000000,100.0,adaptive,2026-07-04T09:58:28+01:00,4,1,-1,0,916841,0.000315,165,165,150,100000,91.68,91.68,260,216
n012w8-0,n012w8,0,5,1000000,100.0,adaptive,2026-07-04T09:58:28+01:00,4,10,8,0,278780,2.124810,180,180,150,100000,27.88,27.88,260,1878
n012w8-0,n012w8,0,5,1000000,100.0,adaptive,2026-07-04T09:58:28+01:00,4,10,8,0,378780,0.533728,180,180,150,100000,37.88,37.88,260,1617
n012w8-0,n012w8,0,5,1000000,100.0,adaptive,2026-07-04T09:58:28+01:00,4,10,8,0,478780,0.134066,180,180,150,100000,47.88,47.88,260,1357
n012w8-0,n012w8,0,5,1000000,100.0,adaptive,2026-07-04T09:58:28+01:00,4,10,8,0,578780,0.033676,180,180,150,100000,57.88,57.88,260,1096
n012w8-0,n012w8,0,5,1000000,100.0,adaptive,2026-07-04T09:58:28+01:00,4,10,8,0,678780,0.008459,180,180,150,100000,67.88,67.88,260,836
n012w8-0,n012w8,0,5,1000000,100.0,adaptive,2026-07-04T09:58:28+01:00,4,10,8,0,778780,0.002125,180,180,150,100000,77.88,77.88,260,576
n012w8-0,n012w8,0,5,1000000,100.0,adaptive,2026-07-04T09:58:28+01:00,4,10,8,0,878780,0.000534,180,180,150,100000,87.88,87.88,260,315
n012w8-0,n012w8,0,5,1000000,100.0,adaptive,2026-07-04T09:58:28+01:00,4,10,8,0,978780,0.000134,180,180,150,100000,97.88,97.88,260,55
n012w8-0,n012w8,0,5,1000000,100.0,adaptive,2026-07-04T09:58:28+01:00,4,13,11,0,200344,6.279658,240,160,150,100000,20.03,20.03,260,2082
n012w8-0,n012w8,0,5,1000000,100.0,adaptive,2026-07-04T09:58:28+01:00,4,13,11,0,300344,1.577379,205,160,150,100000,30.03,30.03,260,1821
n012w8-0,n012w8,0,5,1000000,100.0,adaptive,2026-07-04T09:58:28+01:00,4,13,11,0,400344,0.396220,205,160,150,100000,40.03,40.03,260,1561
n012w8-0,n012w8,0,5,1000000,100.0,adaptive,2026-07-04T09:58:28+01:00,4,13,11,0,500344,0.099526,205,160,150,100000,50.03,50.03,260,1301
n012w8-0,n012w8,0,5,1000000,100.0,adaptive,2026-07-04T09:58:28+01:00,4,13,11,0,600344,0.025000,205,160,150,100000,60.03,60.03,260,1040
n012w8-0,n012w8,0,5,1000000,100.0,adaptive,2026-07-04T09:58:28+01:00,4,13,11,0,700344,0.006280,205,160,150,100000,70.03,70.03,260,780
n012w8-0,n012w8,0,5,1000000,100.0,adaptive,2026-07-04T09:58:28+01:00,4,13,11,0,800344,0.001577,205,160,150,100000,80.03,80.03,260,519
n012w8-0,n012w8,0,5,1000000,100.0,adaptive,2026-07-04T09:58:28+01:00,4,13,11,0,900344,0.000396,205,160,150,100000,90.03,90.03,260,259
n012w8-0,n012w8,0,5,1000000,100.0,adaptive,2026-07-04T09:58:28+01:00,4,7,5,0,283891,50.118723,1515,150,150,100000,28.39,28.39,260,1864
n012w8-0,n012w8,0,5,1000000,100.0,adaptive,2026-07-04T09:58:28+01:00,4,7,5,0,383891,50.118723,1350,150,150,100000,38.39,38.39,260,1604
n012w8-0,n012w8,0,5,1000000,100.0,adaptive,2026-07-04T09:58:28+01:00,4,7,5,0,483891,50.118723,990,150,150,100000,48.39,48.39,260,1343
n012w8-0,n012w8,0,5,1000000,100.0,adaptive,2026-07-04T09:58:28+01:00,4,7,5,0,583891,50.118723,1335,150,150,100000,58.39,58.39,260,1083
n012w8-0,n012w8,0,5,1000000,100.0,adaptive,2026-07-04T09:58:28+01:00,4,7,5,0,683891,50.118723,1305,150,150,100000,68.39,68.39,260,823
n012w8-0,n012w8,0,5,1000000,100.0,adaptive,2026-07-04T09:58:28+01:00,4,7,5,0,783891,50.118723,1000,150,150,100000,78.39,78.39,260,562
n012w8-0,n012w8,0,5,1000000,100.0,adaptive,2026-07-04T09:58:28+01:00,4,7,5,0,883891,50.118723,1390,150,150,100000,88.39,88.39,260,302
n012w8-0,n012w8,0,5,1000000,100.0,adaptive,2026-07-04T09:58:28+01:00,4,7,5,0,983891,50.118723,1050,150,150,100000,98.39,98.39,260,41
n012w8-0,n012w8,0,5,1000000,100.0,adaptive,2026-07-04T09:58:28+01:00,4,3,-1,0,177511,0.000000,3030,1170,160,100000,17.75,17.75,260,2141
n012w8-0,n012w8,0,5,1000000,100.0,adaptive,2026-07-04T09:58:28+01:00,4,3,-1,0,348502,0.000000,2660,1100,150,100000,34.85,34.85,260,1696
n012w8-0,n012w8,0,5,1000000,100.0,adaptive,2026-07-04T09:58:28+01:00,4,3,-1,0,448502,0.000000,2230,1100,150,100000,44.85,44.85,260,1436
n012w8-0,n012w8,0,5,1000000,100.0,adaptive,2026-07-04T09:58:28+01:00,4,3,-1,0,548502,0.000000,2245,1100,150,100000,54.85,54.85,260,1175
n012w8-0,n012w8,0,5,1000000,100.0,adaptive,2026-07-04T09:58:28+01:00,4,3,-1,0,670430,0.000000,2055,1065,150,100000,67.04,67.04,260,858
n012w8-0,n012w8,0,5,1000000,100.0,adaptive,2026-07-04T09:58:28+01:00,4,3,-1,0,770430,0.000000,2230,1065,150,100000,77.04,77.04,260,597
n012w8-0,n012w8,0,5,1000000,100.0,adaptive,2026-07-04T09:58:28+01:00,4,3,-1,0,870430,0.000000,2115,1065,150,100000,87.04,87.04,260,337
n012w8-0,n012w8,0,5,1000000,100.0,adaptive,2026-07-04T09:58:28+01:00,4,3,-1,0,970430,0.000000,2730,1065,150,100000,97.04,97.04,260,77
n012w8-0,n012w8,0,5,1000000,100.0,adaptive,2026-07-04T09:58:28+01:00,4,6,4,0,100001,0.000000,2110,645,195,100000,10.00,10.00,260,2343
n012w8-0,n012w8,0,5,1000000,100.0,adaptive,2026-07-04T09:58:28+01:00,4,6,4,0,200001,0.000000,1965,645,150,100000,20.00,20.00,260,2083
n012w8-0,n012w8,0,5,1000000,100.0,adaptive,2026-07-04T09:58:28+01:00,4,6,4,0,300001,0.000000,2290,645,150,100000,30.00,30.00,260,1822
n012w8-0,n012w8,0,5,1000000,100.0,adaptive,2026-07-04T09:58:28+01:00,4,6,4,0,400001,0.000000,2505,645,150,100000,40.00,40.00,260,1562
n012w8-0,n012w8,0,5,1000000,100.0,adaptive,2026-07-04T09:58:28+01:00,4,6,4,0,500001,0.000000,1845,645,150,100000,50.00,50.00,260,1301
n012w8-0,n012w8,0,5,1000000,100.0,adaptive,2026-07-04T09:58:28+01:00,4,6,4,0,600001,0.000000,2325,645,150,100000,60.00,60.00,260,1041
n012w8-0,n012w8,0,5,1000000,100.0,adaptive,2026-07-04T09:58:28+01:00,4,6,4,0,700001,0.000000,2485,645,150,100000,70.00,70.00,260,781
n012w8-0,n012w8,0,5,1000000,100.0,adaptive,2026-07-04T09:58:28+01:00,4,6,4,0,800001,0.000000,2605,645,150,100000,80.00,80.00,260,520
n012w8-0,n012w8,0,5,1000000,100.0,adaptive,2026-07-04T09:58:28+01:00,4,6,4,0,900001,0.000000,2205,645,150,100000,90.00,90.00,260,260
n012w8-0,n012w8,0,5,1000000,100.0,adaptive,2026-07-04T09:58:28+01:00,4,16,14,0,200344,6.279658,210,150,150,100000,20.03,20.03,260,2082
n012w8-0,n012w8,0,5,1000000,100.0,adaptive,2026-07-04T09:58:28+01:00,4,16,14,0,300344,1.577379,180,150,150,100000,30.03,30.03,260,1821
n012w8-0,n012w8,0,5,1000000,100.0,adaptive,2026-07-04T09:58:28+01:00,4,16,14,0,400344,0.396220,180,150,150,100000,40.03,40.03,260,1561
n012w8-0,n012w8,0,5,1000000,100.0,adaptive,2026-07-04T09:58:28+01:00,4,16,14,0,500344,0.099526,180,150,150,100000,50.03,50.03,260,1301
n012w8-0,n012w8,0,5,1000000,100.0,adaptive,2026-07-04T09:58:28+01:00,4,16,14,0,600344,0.025000,180,150,150,100000,60.03,60.03,260,1040
n012w8-0,n012w8,0,5,1000000,100.0,adaptive,2026-07-04T09:58:28+01:00,4,16,14,0,700344,0.006280,180,150,150,100000,70.03,70.03,260,780
n012w8-0,n012w8,0,5,1000000,100.0,adaptive,2026-07-04T09:58:28+01:00,4,16,14,0,800344,0.001577,180,150,150,100000,80.03,80.03,260,519
n012w8-0,n012w8,0,5,1000000,100.0,adaptive,2026-07-04T09:58:28+01:00,4,16,14,0,900344,0.000396,180,150,150,100000,90.03,90.03,260,259
n012w8-0,n012w8,0,5,1000000,100.0,adaptive,2026-07-04T09:58:28+01:00,4,9,7,0,100001,0.000000,2445,355,160,100000,10.00,10.00,260,2343
n012w8-0,n012w8,0,5,1000000,100.0,adaptive,2026-07-04T09:58:28+01:00,4,9,7,0,200001,0.000000,2595,355,150,100000,20.00,20.00,260,2083
n012w8-0,n012w8,0,5,1000000,100.0,adaptive,2026-07-04T09:58:28+01:00,4,9,7,0,300001,0.000000,2600,355,150,100000,30.00,30.00,260,1822
n012w8-0,n012w8,0,5,1000000,100.0,adaptive,2026-07-04T09:58:28+01:00,4,9,7,0,400001,0.000000,2445,355,150,100000,40.00,40.00,260,1562
n012w8-0,n012w8,0,5,1000000,100.0,adaptive,2026-07-04T09:58:28+01:00,4,9,7,0,500001,0.000000,2535,355,150,100000,50.00,50.00,260,1301
n012w8-0,n012w8,0,5,1000000,100.0,adaptive,2026-07-04T09:58:28+01:00,4,9,7,0,600001,0.000000,2160,355,150,100000,60.00,60.00,260,1041
n012w8-0,n012w8,0,5,1000000,100.0,adaptive,2026-07-04T09:58:28+01:00,4,9,7,0,700001,0.000000,2445,355,150,100000,70.00,70.00,260,781
n012w8-0,n012w8,0,5,1000000,100.0,adaptive,2026-07-04T09:58:28+01:00,4,9,7,0,800001,0.000000,2325,355,150,100000,80.00,80.00,260,520
n012w8-0,n012w8,0,5,1000000,100.0,adaptive,2026-07-04T09:58:28+01:00,4,9,7,0,900001,0.000000,2395,355,150,100000,90.00,90.00,260,260
n012w8-0,n012w8,0,5,1000000,100.0,adaptive,2026-07-04T09:58:28+01:00,4,12,10,0,100001,0.000000,2370,195,160,100000,10.00,10.00,260,2343
n012w8-0,n012w8,0,5,1000000,100.0,adaptive,2026-07-04T09:58:28+01:00,4,12,10,0,200001,0.000000,2155,195,150,100000,20.00,20.00,260,2083
n012w8-0,n012w8,0,5,1000000,100.0,adaptive,2026-07-04T09:58:28+01:00,4,12,10,0,300001,0.000000,2410,195,150,100000,30.00,30.00,260,1822
n012w8-0,n012w8,0,5,1000000,100.0,adaptive,2026-07-04T09:58:28+01:00,4,12,10,0,400001,0.000000,1945,195,150,100000,40.00,40.00,260,1562
n012w8-0,n012w8,0,5,1000000,100.0,adaptive,2026-07-04T09:58:28+01:00,4,12,10,0,500001,0.000000,2025,195,150,100000,50.00,50.00,260,1301
n012w8-0,n012w8,0,5,1000000,100.0,adaptive,2026-07-04T09:58:28+01:00,4,12,10,0,600001,0.000000,2055,195,150,100000,60.00,60.00,260,1041
n012w8-0,n012w8,0,5,1000000,100.0,adaptive,2026-07-04T09:58:28+01:00,4,12,10,0,700001,0.000000,1840,195,150,100000,70.00,70.00,260,781
n012w8-0,n012w8,0,5,1000000,100.0,adaptive,2026-07-04T09:58:28+01:00,4,12,10,0,800001,0.000000,2325,195,150,100000,80.00,80.00,260,520
n012w8-0,n012w8,0,5,1000000,100.0,adaptive,2026-07-04T09:58:28+01:00,4,12,10,0,900001,0.000000,1935,195,150,100000,90.00,90.00,260,260
n012w8-0,n012w8,0,5,1000000,100.0,adaptive,2026-07-04T09:58:28+01:00,4,15,13,0,100001,0.000000,2835,190,150,100000,10.00,10.00,260,2343
n012w8-0,n012w8,0,5,1000000,100.0,adaptive,2026-07-04T09:58:28+01:00,4,15,13,0,200001,0.000000,2305,190,150,100000,20.00,20.00,260,2083
n012w8-0,n012w8,0,5,1000000,100.0,adaptive,2026-07-04T09:58:28+01:00,4,15,13,0,300001,0.000000,2145,190,150,100000,30.00,30.00,260,1822
n012w8-0,n012w8,0,5,1000000,100.0,adaptive,2026-07-04T09:58:28+01:00,4,15,13,0,400001,0.000000,2730,190,150,100000,40.00,40.00,260,1562
n012w8-0,n012w8,0,5,1000000,100.0,adaptive,2026-07-04T09:58:28+01:00,4,15,13,0,500001,0.000000,2050,190,150,100000,50.00,50.00,260,1301
n012w8-0,n012w8,0,5,1000000,100.0,adaptive,2026-07-04T09:58:28+01:00,4,15,13,0,600001,0.000000,2145,190,150,100000,60.00,60.00,260,1041
n012w8-0,n012w8,0,5,1000000,100.0,adaptive,2026-07-04T09:58:28+01:00,4,15,13,0,700001,0.000000,2070,190,150,100000,70.00,70.00,260,781
n012w8-0,n012w8,0,5,1000000,100.0,adaptive,2026-07-04T09:58:28+01:00,4,15,13,0,800001,0.000000,2265,190,150,100000,80.00,80.00,260,520
n012w8-0,n012w8,0,5,1000000,100.0,adaptive,2026-07-04T09:58:28+01:00,4,15,13,0,900001,0.000000,2155,190,150,100000,90.00,90.00,260,260
n012w8-0,n012w8,0,5,1000000,100.0,adaptive,2026-07-04T09:58:28+01:00,4,18,16,0,100001,0.000000,2185,150,150,100000,10.00,10.00,260,2343
n012w8-0,n012w8,0,5,1000000,100.0,adaptive,2026-07-04T09:58:28+01:00,4,18,16,0,200001,0.000000,2020,150,150,100000,20.00,20.00,260,2083
n012w8-0,n012w8,0,5,1000000,100.0,adaptive,2026-07-04T09:58:28+01:00,4,18,16,0,300001,0.000000,1885,150,150,100000,30.00,30.00,260,1822
n012w8-0,n012w8,0,5,1000000,100.0,adaptive,2026-07-04T09:58:28+01:00,4,18,16,0,400001,0.000000,2335,150,150,100000,40.00,40.00,260,1562
n012w8-0,n012w8,0,5,1000000,100.0,adaptive,2026-07-04T09:58:28+01:00,4,18,16,0,500001,0.000000,3040,150,150,100000,50.00,50.00,260,1301
n012w8-0,n012w8,0,5,1000000,100.0,adaptive,2026-07-04T09:58:28+01:00,4,18,16,0,600001,0.000000,1665,150,150,100000,60.00,60.00,260,1041
n012w8-0,n012w8,0,5,1000000,100.0,adaptive,2026-07-04T09:58:28+01:00,4,18,16,0,700001,0.000000,2415,150,150,100000,70.00,70.00,260,781
n012w8-0,n012w8,0,5,1000000,100.0,adaptive,2026-07-04T09:58:28+01:00,4,18,16,0,800001,0.000000,2020,150,150,100000,80.00,80.00,260,520
n012w8-0,n012w8,0,5,1000000,100.0,adaptive,2026-07-04T09:58:28+01:00,4,18,16,0,900001,0.000000,2220,150,150,100000,90.00,90.00,260,260
n012w8-0,n012w8,0,5,1000000,100.0,adaptive,2026-07-04T09:58:28+01:00,5,7,5,0,224706,4.485016,325,325,305,100000,22.47,22.47,260,2018
n012w8-0,n012w8,0,5,1000000,100.0,adaptive,2026-07-04T09:58:28+01:00,5,7,5,0,324706,1.126585,325,325,290,100000,32.47,32.47,260,1758
n012w8-0,n012w8,0,5,1000000,100.0,adaptive,2026-07-04T09:58:28+01:00,5,7,5,0,424706,0.282985,325,325,290,100000,42.47,42.47,260,1498
n012w8-0,n012w8,0,5,1000000,100.0,adaptive,2026-07-04T09:58:28+01:00,5,7,5,0,524706,0.071083,325,325,280,100000,52.47,52.47,260,1237
n012w8-0,n012w8,0,5,1000000,100.0,adaptive,2026-07-04T09:58:28+01:00,5,7,5,0,624706,0.017855,325,325,280,100000,62.47,62.47,260,977
n012w8-0,n012w8,0,5,1000000,100.0,adaptive,2026-07-04T09:58:28+01:00,5,7,5,0,724706,0.004485,325,325,280,100000,72.47,72.47,260,716
n012w8-0,n012w8,0,5,1000000,100.0,adaptive,2026-07-04T09:58:28+01:00,5,7,5,0,824706,0.001127,325,325,280,100000,82.47,82.47,260,456
n012w8-0,n012w8,0,5,1000000,100.0,adaptive,2026-07-04T09:58:28+01:00,5,7,5,0,924706,0.000283,325,325,280,100000,92.47,92.47,260,196
n012w8-0,n012w8,0,5,1000000,100.0,adaptive,2026-07-04T09:58:28+01:00,5,13,11,0,263560,2.622044,365,320,295,100000,26.36,26.36,260,1917
n012w8-0,n012w8,0,5,1000000,100.0,adaptive,2026-07-04T09:58:28+01:00,5,13,11,0,363560,0.658628,365,320,290,100000,36.36,36.36,260,1657
n012w8-0,n012w8,0,5,1000000,100.0,adaptive,2026-07-04T09:58:28+01:00,5,13,11,0,463560,0.165440,365,320,280,100000,46.36,46.36,260,1396
n012w8-0,n012w8,0,5,1000000,100.0,adaptive,2026-07-04T09:58:28+01:00,5,13,11,0,563560,0.041557,365,320,280,100000,56.36,56.36,260,1136
n012w8-0,n012w8,0,5,1000000,100.0,adaptive,2026-07-04T09:58:28+01:00,5,13,11,0,663560,0.010439,365,320,280,100000,66.36,66.36,260,876
n012w8-0,n012w8,0,5,1000000,100.0,adaptive,2026-07-04T09:58:28+01:00,5,13,11,0,763560,0.002622,365,320,280,100000,76.36,76.36,260,615
n012w8-0,n012w8,0,5,1000000,100.0,adaptive,2026-07-04T09:58:28+01:00,5,13,11,0,863560,0.000659,365,320,280,100000,86.36,86.36,260,355
n012w8-0,n012w8,0,5,1000000,100.0,adaptive,2026-07-04T09:58:28+01:00,5,13,11,0,963560,0.000165,365,320,280,100000,96.36,96.36,260,94
n012w8-0,n012w8,0,5,1000000,100.0,adaptive,2026-07-04T09:58:28+01:00,5,10,8,0,261368,2.702664,315,315,295,100000,26.14,26.14,260,1923
n012w8-0,n012w8,0,5,1000000,100.0,adaptive,2026-07-04T09:58:28+01:00,5,10,8,0,361368,0.678878,315,315,290,100000,36.14,36.14,260,1662
n012w8-0,n012w8,0,5,1000000,100.0,adaptive,2026-07-04T09:58:28+01:00,5,10,8,0,461368,0.170527,315,315,280,100000,46.14,46.14,260,1402
n012w8-0,n012w8,0,5,1000000,100.0,adaptive,2026-07-04T09:58:28+01:00,5,10,8,0,561368,0.042834,315,315,280,100000,56.14,56.14,260,1142
n012w8-0,n012w8,0,5,1000000,100.0,adaptive,2026-07-04T09:58:28+01:00,5,10,8,0,661368,0.010759,315,315,280,100000,66.14,66.14,260,881
n012w8-0,n012w8,0,5,1000000,100.0,adaptive,2026-07-04T09:58:28+01:00,5,10,8,0,761368,0.002703,315,315,280,100000,76.14,76.14,260,621
n012w8-0,n012w8,0,5,1000000,100.0,adaptive,2026-07-04T09:58:28+01:00,5,10,8,0,861368,0.000679,315,315,280,100000,86.14,86.14,260,360
n012w8-0,n012w8,0,5,1000000,100.0,adaptive,2026-07-04T09:58:28+01:00,5,10,8,0,961368,0.000171,315,315,280,100000,96.14,96.14,260,100
n012w8-0,n012w8,0,5,1000000,100.0,adaptive,2026-07-04T09:58:28+01:00,5,1,-1,0,280759,50.118723,1235,310,305,100000,28.08,28.08,260,1872
n012w8-0,n012w8,0,5,1000000,100.0,adaptive,2026-07-04T09:58:28+01:00,5,1,-1,0,380759,50.118723,1110,310,290,100000,38.08,38.08,260,1612
n012w8-0,n012w8,0,5,1000000,100.0,adaptive,2026-07-04T09:58:28+01:00,5,1,-1,0,480759,50.118723,1140,310,290,100000,48.08,48.08,260,1352
n012w8-0,n012w8,0,5,1000000,100.0,adaptive,2026-07-04T09:58:28+01:00,5,1,-1,0,580759,50.118723,1330,310,280,100000,58.08,58.08,260,1091
n012w8-0,n012w8,0,5,1000000,100.0,adaptive,2026-07-04T09:58:28+01:00,5,1,-1,0,680759,50.118723,1240,310,280,100000,68.08,68.08,260,831
n012w8-0,n012w8,0,5,1000000,100.0,adaptive,2026-07-04T09:58:28+01:00,5,1,-1,0,780759,50.118723,1080,310,280,100000,78.08,78.08,260,570
n012w8-0,n012w8,0,5,1000000,100.0,adaptive,2026-07-04T09:58:28+01:00,5,1,-1,0,880759,50.118723,1610,310,280,100000,88.08,88.08,260,310
n012w8-0,n012w8,0,5,1000000,100.0,adaptive,2026-07-04T09:58:28+01:00,5,1,-1,0,980759,50.118723,1370,310,280,100000,98.08,98.08,260,50
n012w8-0,n012w8,0,5,1000000,100.0,adaptive,2026-07-04T09:58:28+01:00,5,4,2,0,277130,50.118723,1060,305,305,100000,27.71,27.71,260,1882
n012w8-0,n012w8,0,5,1000000,100.0,adaptive,2026-07-04T09:58:28+01:00,5,4,2,0,377130,50.118723,1290,305,290,100000,37.71,37.71,260,1621
n012w8-0,n012w8,0,5,1000000,100.0,adaptive,2026-07-04T09:58:28+01:00,5,4,2,0,477130,50.118723,1160,305,280,100000,47.71,47.71,260,1361
n012w8-0,n012w8,0,5,1000000,100.0,adaptive,2026-07-04T09:58:28+01:00,5,4,2,0,577130,50.118723,1545,305,280,100000,57.71,57.71,260,1101
n012w8-0,n012w8,0,5,1000000,100.0,adaptive,2026-07-04T09:58:28+01:00,5,4,2,0,677130,50.118723,1075,305,280,100000,67.71,67.71,260,840
n012w8-0,n012w8,0,5,1000000,100.0,adaptive,2026-07-04T09:58:28+01:00,5,4,2,0,777130,50.118723,1280,305,280,100000,77.71,77.71,260,580
n012w8-0,n012w8,0,5,1000000,100.0,adaptive,2026-07-04T09:58:28+01:00,5,4,2,0,877130,50.118723,1660,305,280,100000,87.71,87.71,260,319
n012w8-0,n012w8,0,5,1000000,100.0,adaptive,2026-07-04T09:58:28+01:00,5,4,2,0,977130,50.118723,1270,305,280,100000,97.71,97.71,260,59
n012w8-0,n012w8,0,5,1000000,100.0,adaptive,2026-07-04T09:58:28+01:00,5,3,-1,0,171813,0.000000,2320,1290,310,100000,17.18,17.18,260,2156
n012w8-0,n012w8,0,5,1000000,100.0,adaptive,2026-07-04T09:58:28+01:00,5,3,-1,0,349512,0.000000,2595,1280,290,100000,34.95,34.95,260,1693
n012w8-0,n012w8,0,5,1000000,100.0,adaptive,2026-07-04T09:58:28+01:00,5,3,-1,0,449512,0.000000,2230,1280,290,100000,44.95,44.95,260,1433
n012w8-0,n012w8,0,5,1000000,100.0,adaptive,2026-07-04T09:58:28+01:00,5,3,-1,0,625205,0.000000,3055,1240,280,100000,62.52,62.52,260,975
n012w8-0,n012w8,0,5,1000000,100.0,adaptive,2026-07-04T09:58:28+01:00,5,3,-1,0,725205,0.000000,1825,1240,280,100000,72.52,72.52,260,715
n012w8-0,n012w8,0,5,1000000,100.0,adaptive,2026-07-04T09:58:28+01:00,5,3,-1,0,825205,0.000000,2345,1240,280,100000,82.52,82.52,260,455
n012w8-0,n012w8,0,5,1000000,100.0,adaptive,2026-07-04T09:58:28+01:00,5,6,4,0,100001,0.000000,2320,840,315,100000,10.00,10.00,260,2343
n012w8-0,n012w8,0,5,1000000,100.0,adaptive,2026-07-04T09:58:28+01:00,5,6,4,0,200001,0.000000,2820,840,305,100000,20.00,20.00,260,2083
n012w8-0,n012w8,0,5,1000000,100.0,adaptive,2026-07-04T09:58:28+01:00,5,6,4,0,300001,0.000000,2220,840,290,100000,30.00,30.00,260,1822
n012w8-0,n012w8,0,5,1000000,100.0,adaptive,2026-07-04T09:58:28+01:00,5,6,4,0,400001,0.000000,2675,840,290,100000,40.00,40.00,260,1562
n012w8-0,n012w8,0,5,1000000,100.0,adaptive,2026-07-04T09:58:28+01:00,5,6,4,0,500001,0.000000,2370,840,280,100000,50.00,50.00,260,1301
n012w8-0,n012w8,0,5,1000000,100.0,adaptive,2026-07-04T09:58:28+01:00,5,6,4,0,600001,0.000000,2715,840,280,100000,60.00,60.00,260,1041
n012w8-0,n012w8,0,5,1000000,100.0,adaptive,2026-07-04T09:58:28+01:00,5,6,4,0,700001,0.000000,2155,840,280,100000,70.00,70.00,260,781
n012w8-0,n012w8,0,5,1000000,100.0,adaptive,2026-07-04T09:58:28+01:00,5,6,4,0,800001,0.000000,2055,840,280,100000,80.00,80.00,260,520
n012w8-0,n012w8,0,5,1000000,100.0,adaptive,2026-07-04T09:58:28+01:00,5,6,4,0,900001,0.000000,2260,840,280,100000,90.00,90.00,260,260
n012w8-0,n012w8,0,5,1000000,100.0,adaptive,2026-07-04T09:58:28+01:00,5,9,7,0,100001,0.000000,2035,415,315,100000,10.00,10.00,260,2343
n012w8-0,n012w8,0,5,1000000,100.0,adaptive,2026-07-04T09:58:28+01:00,5,9,7,0,200001,0.000000,2745,415,305,100000,20.00,20.00,260,2083
n012w8-0,n012w8,0,5,1000000,100.0,adaptive,2026-07-04T09:58:28+01:00,5,9,7,0,300001,0.000000,2115,415,290,100000,30.00,30.00,260,1822
n012w8-0,n012w8,0,5,1000000,100.0,adaptive,2026-07-04T09:58:28+01:00,5,9,7,0,400001,0.000000,2430,415,290,100000,40.00,40.00,260,1562
n012w8-0,n012w8,0,5,1000000,100.0,adaptive,2026-07-04T09:58:28+01:00,5,9,7,0,500001,0.000000,2270,415,280,100000,50.00,50.00,260,1301
n012w8-0,n012w8,0,5,1000000,100.0,adaptive,2026-07-04T09:58:28+01:00,5,9,7,0,600001,0.000000,2355,415,280,100000,60.00,60.00,260,1041
n012w8-0,n012w8,0,5,1000000,100.0,adaptive,2026-07-04T09:58:28+01:00,5,9,7,0,700001,0.000000,2640,415,280,100000,70.00,70.00,260,781
n012w8-0,n012w8,0,5,1000000,100.0,adaptive,2026-07-04T09:58:28+01:00,5,9,7,0,800001,0.000000,2415,415,280,100000,80.00,80.00,260,520
n012w8-0,n012w8,0,5,1000000,100.0,adaptive,2026-07-04T09:58:28+01:00,5,9,7,0,900001,0.000000,2520,415,280,100000,90.00,90.00,260,260
n012w8-0,n012w8,0,5,1000000,100.0,adaptive,2026-07-04T09:58:28+01:00,5,19,17,0,200344,6.279658,400,305,290,100000,20.03,20.03,260,2082
n012w8-0,n012w8,0,5,1000000,100.0,adaptive,2026-07-04T09:58:28+01:00,5,19,17,0,300344,1.577379,360,305,290,100000,30.03,30.03,260,1821
n012w8-0,n012w8,0,5,1000000,100.0,adaptive,2026-07-04T09:58:28+01:00,5,19,17,0,400344,0.396220,360,305,280,100000,40.03,40.03,260,1561
n012w8-0,n012w8,0,5,1000000,100.0,adaptive,2026-07-04T09:58:28+01:00,5,19,17,0,500344,0.099526,360,305,280,100000,50.03,50.03,260,1301
n012w8-0,n012w8,0,5,1000000,100.0,adaptive,2026-07-04T09:58:28+01:00,5,19,17,0,600344,0.025000,360,305,280,100000,60.03,60.03,260,1040
n012w8-0,n012w8,0,5,1000000,100.0,adaptive,2026-07-04T09:58:28+01:00,5,19,17,0,700344,0.006280,360,305,280,100000,70.03,70.03,260,780
n012w8-0,n012w8,0,5,1000000,100.0,adaptive,2026-07-04T09:58:28+01:00,5,19,17,0,800344,0.001577,360,305,280,100000,80.03,80.03,260,519
n012w8-0,n012w8,0,5,1000000,100.0,adaptive,2026-07-04T09:58:28+01:00,5,19,17,0,900344,0.000396,360,305,280,100000,90.03,90.03,260,259
n012w8-0,n012w8,0,5,1000000,100.0,adaptive,2026-07-04T09:58:28+01:00,5,15,13,0,100001,0.000000,2600,330,310,100000,10.00,10.00,260,2343
n012w8-0,n012w8,0,5,1000000,100.0,adaptive,2026-07-04T09:58:28+01:00,5,15,13,0,200001,0.000000,2590,330,305,100000,20.00,20.00,260,2083
n012w8-0,n012w8,0,5,1000000,100.0,adaptive,2026-07-04T09:58:28+01:00,5,15,13,0,300001,0.000000,2105,330,290,100000,30.00,30.00,260,1822
n012w8-0,n012w8,0,5,1000000,100.0,adaptive,2026-07-04T09:58:28+01:00,5,15,13,0,400001,0.000000,2985,330,280,100000,40.00,40.00,260,1562
n012w8-0,n012w8,0,5,1000000,100.0,adaptive,2026-07-04T09:58:28+01:00,5,15,13,0,500001,0.000000,2345,330,280,100000,50.00,50.00,260,1301
n012w8-0,n012w8,0,5,1000000,100.0,adaptive,2026-07-04T09:58:28+01:00,5,15,13,0,600001,0.000000,2125,330,280,100000,60.00,60.00,260,1041
n012w8-0,n012w8,0,5,1000000,100.0,adaptive,2026-07-04T09:58:28+01:00,5,15,13,0,700001,0.000000,2090,330,280,100000,70.00,70.00,260,781
n012w8-0,n012w8,0,5,1000000,100.0,adaptive,2026-07-04T09:58:28+01:00,5,15,13,0,800001,0.000000,2440,330,280,100000,80.00,80.00,260,520
n012w8-0,n012w8,0,5,1000000,100.0,adaptive,2026-07-04T09:58:28+01:00,5,15,13,0,900001,0.000000,2340,330,280,100000,90.00,90.00,260,260
n012w8-0,n012w8,0,5,1000000,100.0,adaptive,2026-07-04T09:58:28+01:00,5,16,14,0,284679,50.118723,1135,290,290,100000,28.47,28.47,260,1862
n012w8-0,n012w8,0,5,1000000,100.0,adaptive,2026-07-04T09:58:28+01:00,5,16,14,0,384679,50.118723,970,290,280,100000,38.47,38.47,260,1602
n012w8-0,n012w8,0,5,1000000,100.0,adaptive,2026-07-04T09:58:28+01:00,5,16,14,0,484679,50.118723,1440,290,280,100000,48.47,48.47,260,1341
n012w8-0,n012w8,0,5,1000000,100.0,adaptive,2026-07-04T09:58:28+01:00,5,16,14,0,584679,50.118723,1235,290,280,100000,58.47,58.47,260,1081
n012w8-0,n012w8,0,5,1000000,100.0,adaptive,2026-07-04T09:58:28+01:00,5,16,14,0,684679,50.118723,640,290,280,100000,68.47,68.47,260,821
n012w8-0,n012w8,0,5,1000000,100.0,adaptive,2026-07-04T09:58:28+01:00,5,16,14,0,784679,50.118723,1375,290,280,100000,78.47,78.47,260,560
n012w8-0,n012w8,0,5,1000000,100.0,adaptive,2026-07-04T09:58:28+01:00,5,16,14,0,884679,50.118723,1275,290,280,100000,88.47,88.47,260,300
n012w8-0,n012w8,0,5,1000000,100.0,adaptive,2026-07-04T09:58:28+01:00,5,16,14,0,984679,50.118723,1225,290,280,100000,98.47,98.47,260,39
n012w8-0,n012w8,0,5,1000000,100.0,adaptive,2026-07-04T09:58:28+01:00,5,12,10,0,100001,0.000000,2280,335,310,100000,10.00,10.00,260,2343
n012w8-0,n012w8,0,5,1000000,100.0,adaptive,2026-07-04T09:58:28+01:00,5,12,10,0,200001,0.000000,2320,335,305,100000,20.00,20.00,260,2083
n012w8-0,n012w8,0,5,1000000,100.0,adaptive,2026-07-04T09:58:28+01:00,5,12,10,0,300001,0.000000,2265,335,290,100000,30.00,30.00,260,1822
n012w8-0,n012w8,0,5,1000000,100.0,adaptive,2026-07-04T09:58:28+01:00,5,12,10,0,400001,0.000000,2305,335,280,100000,40.00,40.00,260,1562
n012w8-0,n012w8,0,5,1000000,100.0,adaptive,2026-07-04T09:58:28+01:00,5,12,10,0,500001,0.000000,2390,335,280,100000,50.00,50.00,260,1301
n012w8-0,n012w8,0,5,1000000,100.0,adaptive,2026-07-04T09:58:28+01:00,5,12,10,0,600001,0.000000,2325,335,280,100000,60.00,60.00,260,1041
n012w8-0,n012w8,0,5,1000000,100.0,adaptive,2026-07-04T09:58:28+01:00,5,12,10,0,700001,0.000000,2620,335,280,100000,70.00,70.00,260,781
n012w8-0,n012w8,0,5,1000000,100.0,adaptive,2026-07-04T09:58:28+01:00,5,12,10,0,800001,0.000000,2225,335,280,100000,80.00,80.00,260,520
n012w8-0,n012w8,0,5,1000000,100.0,adaptive,2026-07-04T09:58:28+01:00,5,12,10,0,900001,0.000000,2575,335,280,100000,90.00,90.00,260,260
n012w8-0,n012w8,0,5,1000000,100.0,adaptive,2026-07-04T09:58:28+01:00,5,25,23,0,200344,6.279658,350,290,280,100000,20.03,20.03,260,2082
n012w8-0,n012w8,0,5,1000000,100.0,adaptive,2026-07-04T09:58:28+01:00,5,25,23,0,300344,1.577379,350,290,280,100000,30.03,30.03,260,1821
n012w8-0,n012w8,0,5,1000000,100.0,adaptive,2026-07-04T09:58:28+01:00,5,25,23,0,400344,0.396220,350,290,280,100000,40.03,40.03,260,1561
n012w8-0,n012w8,0,5,1000000,100.0,adaptive,2026-07-04T09:58:28+01:00,5,25,23,0,500344,0.099526,350,290,280,100000,50.03,50.03,260,1301
n012w8-0,n012w8,0,5,1000000,100.0,adaptive,2026-07-04T09:58:28+01:00,5,25,23,0,600344,0.025000,350,290,280,100000,60.03,60.03,260,1040
n012w8-0,n012w8,0,5,1000000,100.0,adaptive,2026-07-04T09:58:28+01:00,5,25,23,0,700344,0.006280,350,290,280,100000,70.03,70.03,260,780
n012w8-0,n012w8,0,5,1000000,100.0,adaptive,2026-07-04T09:58:28+01:00,5,25,23,0,800344,0.001577,350,290,280,100000,80.03,80.03,260,519
n012w8-0,n012w8,0,5,1000000,100.0,adaptive,2026-07-04T09:58:28+01:00,5,25,23,0,900344,0.000396,350,290,280,100000,90.03,90.03,260,259
n012w8-0,n012w8,0,5,1000000,100.0,adaptive,2026-07-04T09:58:28+01:00,5,18,16,0,100001,0.000000,2420,310,305,100000,10.00,10.00,260,2343
n012w8-0,n012w8,0,5,1000000,100.0,adaptive,2026-07-04T09:58:28+01:00,5,18,16,0,200001,0.000000,2780,310,290,100000,20.00,20.00,260,2083
n012w8-0,n012w8,0,5,1000000,100.0,adaptive,2026-07-04T09:58:28+01:00,5,18,16,0,300001,0.000000,1610,310,280,100000,30.00,30.00,260,1822
n012w8-0,n012w8,0,5,1000000,100.0,adaptive,2026-07-04T09:58:28+01:00,5,18,16,0,400001,0.000000,2900,310,280,100000,40.00,40.00,260,1562
n012w8-0,n012w8,0,5,1000000,100.0,adaptive,2026-07-04T09:58:28+01:00,5,18,16,0,500001,0.000000,2330,310,280,100000,50.00,50.00,260,1301
n012w8-0,n012w8,0,5,1000000,100.0,adaptive,2026-07-04T09:58:28+01:00,5,18,16,0,600001,0.000000,1910,310,280,100000,60.00,60.00,260,1041
n012w8-0,n012w8,0,5,1000000,100.0,adaptive,2026-07-04T09:58:28+01:00,5,18,16,0,700001,0.000000,2445,310,280,100000,70.00,70.00,260,781
n012w8-0,n012w8,0,5,1000000,100.0,adaptive,2026-07-04T09:58:28+01:00,5,18,16,0,800001,0.000000,2350,310,280,100000,80.00,80.00,260,520
n012w8-0,n012w8,0,5,1000000,100.0,adaptive,2026-07-04T09:58:28+01:00,5,18,16,0,900001,0.000000,2910,310,280,100000,90.00,90.00,260,260
n012w8-0,n012w8,0,5,1000000,100.0,adaptive,2026-07-04T09:58:28+01:00,5,21,19,0,100001,0.000000,2495,305,305,100000,10.00,10.00,260,2343
n012w8-0,n012w8,0,5,1000000,100.0,adaptive,2026-07-04T09:58:28+01:00,5,21,19,0,200001,0.000000,2340,305,290,100000,20.00,20.00,260,2083
n012w8-0,n012w8,0,5,1000000,100.0,adaptive,2026-07-04T09:58:28+01:00,5,21,19,0,300001,0.000000,2405,305,280,100000,30.00,30.00,260,1822
n012w8-0,n012w8,0,5,1000000,100.0,adaptive,2026-07-04T09:58:28+01:00,5,21,19,0,400001,0.000000,2060,305,280,100000,40.00,40.00,260,1562
n012w8-0,n012w8,0,5,1000000,100.0,adaptive,2026-07-04T09:58:28+01:00,5,21,19,0,500001,0.000000,2335,305,280,100000,50.00,50.00,260,1301
n012w8-0,n012w8,0,5,1000000,100.0,adaptive,2026-07-04T09:58:28+01:00,5,21,19,0,600001,0.000000,1565,305,280,100000,60.00,60.00,260,1041
n012w8-0,n012w8,0,5,1000000,100.0,adaptive,2026-07-04T09:58:28+01:00,5,21,19,0,700001,0.000000,2035,305,280,100000,70.00,70.00,260,781
n012w8-0,n012w8,0,5,1000000,100.0,adaptive,2026-07-04T09:58:28+01:00,5,21,19,0,800001,0.000000,2560,305,280,100000,80.00,80.00,260,520
n012w8-0,n012w8,0,5,1000000,100.0,adaptive,2026-07-04T09:58:28+01:00,5,21,19,0,900001,0.000000,2575,305,280,100000,90.00,90.00,260,260
n012w8-0,n012w8,0,5,1000000,100.0,adaptive,2026-07-04T09:58:28+01:00,5,22,20,0,281316,50.118723,1165,280,280,100000,28.13,28.13,260,1871
n012w8-0,n012w8,0,5,1000000,100.0,adaptive,2026-07-04T09:58:28+01:00,5,22,20,0,381316,50.118723,1315,280,280,100000,38.13,38.13,260,1611
n012w8-0,n012w8,0,5,1000000,100.0,adaptive,2026-07-04T09:58:28+01:00,5,22,20,0,481316,50.118723,1200,280,280,100000,48.13,48.13,260,1350
n012w8-0,n012w8,0,5,1000000,100.0,adaptive,2026-07-04T09:58:28+01:00,5,22,20,0,581316,50.118723,1035,280,280,100000,58.13,58.13,260,1090
n012w8-0,n012w8,0,5,1000000,100.0,adaptive,2026-07-04T09:58:28+01:00,5,22,20,0,681316,50.118723,1040,280,280,100000,68.13,68.13,260,829
n012w8-0,n012w8,0,5,1000000,100.0,adaptive,2026-07-04T09:58:28+01:00,5,22,20,0,781316,50.118723,870,280,280,100000,78.13,78.13,260,569
n012w8-0,n012w8,0,5,1000000,100.0,adaptive,2026-07-04T09:58:28+01:00,5,22,20,0,881316,50.118723,1175,280,280,100000,88.13,88.13,260,309
n012w8-0,n012w8,0,5,1000000,100.0,adaptive,2026-07-04T09:58:28+01:00,5,22,20,0,981316,50.118723,1025,280,280,100000,98.13,98.13,260,48
n012w8-0,n012w8,0,5,1000000,100.0,adaptive,2026-07-04T09:58:28+01:00,5,28,26,0,200344,6.279658,300,280,280,100000,20.03,20.03,260,2082
n012w8-0,n012w8,0,5,1000000,100.0,adaptive,2026-07-04T09:58:28+01:00,5,28,26,0,300344,1.577379,300,280,280,100000,30.03,30.03,260,1821
n012w8-0,n012w8,0,5,1000000,100.0,adaptive,2026-07-04T09:58:28+01:00,5,28,26,0,400344,0.396220,300,280,280,100000,40.03,40.03,260,1561
n012w8-0,n012w8,0,5,1000000,100.0,adaptive,2026-07-04T09:58:28+01:00,5,28,26,0,500344,0.099526,300,280,280,100000,50.03,50.03,260,1301
n012w8-0,n012w8,0,5,1000000,100.0,adaptive,2026-07-04T09:58:28+01:00,5,28,26,0,600344,0.025000,300,280,280,100000,60.03,60.03,260,1040
n012w8-0,n012w8,0,5,1000000,100.0,adaptive,2026-07-04T09:58:28+01:00,5,28,26,0,700344,0.006280,300,280,280,100000,70.03,70.03,260,780
n012w8-0,n012w8,0,5,1000000,100.0,adaptive,2026-07-04T09:58:28+01:00,5,28,26,0,800344,0.001577,300,280,280,100000,80.03,80.03,260,519
n012w8-0,n012w8,0,5,1000000,100.0,adaptive,2026-07-04T09:58:28+01:00,5,28,26,0,900344,0.000396,300,280,280,100000,90.03,90.03,260,259
n012w8-0,n012w8,0,5,1000000,100.0,adaptive,2026-07-04T09:58:28+01:00,5,24,22,0,100001,0.000000,2285,295,290,100000,10.00,10.00,260,2343
n012w8-0,n012w8,0,5,1000000,100.0,adaptive,2026-07-04T09:58:28+01:00,5,24,22,0,200001,0.000000,2370,295,280,100000,20.00,20.00,260,2083
n012w8-0,n012w8,0,5,1000000,100.0,adaptive,2026-07-04T09:58:28+01:00,5,24,22,0,300001,0.000000,2395,295,280,100000,30.00,30.00,260,1822
n012w8-0,n012w8,0,5,1000000,100.0,adaptive,2026-07-04T09:58:28+01:00,5,24,22,0,400001,0.000000,1995,295,280,100000,40.00,40.00,260,1562
n012w8-0,n012w8,0,5,1000000,100.0,adaptive,2026-07-04T09:58:28+01:00,5,24,22,0,500001,0.000000,2195,295,280,100000,50.00,50.00,260,1301
n012w8-0,n012w8,0,5,1000000,100.0,adaptive,2026-07-04T09:58:28+01:00,5,24,22,0,600001,0.000000,2035,295,280,100000,60.00,60.00,260,1041
n012w8-0,n012w8,0,5,1000000,100.0,adaptive,2026-07-04T09:58:28+01:00,5,24,22,0,700001,0.000000,2500,295,280,100000,70.00,70.00,260,781
n012w8-0,n012w8,0,5,1000000,100.0,adaptive,2026-07-04T09:58:28+01:00,5,24,22,0,800001,0.000000,2365,295,280,100000,80.00,80.00,260,520
n012w8-0,n012w8,0,5,1000000,100.0,adaptive,2026-07-04T09:58:28+01:00,5,24,22,0,900001,0.000000,2540,295,280,100000,90.00,90.00,260,260
n012w8-0,n012w8,0,5,1000000,100.0,adaptive,2026-07-04T09:58:28+01:00,5,27,25,0,100001,0.000000,2540,290,290,100000,10.00,10.00,260,2343
n012w8-0,n012w8,0,5,1000000,100.0,adaptive,2026-07-04T09:58:28+01:00,5,27,25,0,200001,0.000000,2415,290,280,100000,20.00,20.00,260,2083
n012w8-0,n012w8,0,5,1000000,100.0,adaptive,2026-07-04T09:58:28+01:00,5,27,25,0,300001,0.000000,2645,290,280,100000,30.00,30.00,260,1822
n012w8-0,n012w8,0,5,1000000,100.0,adaptive,2026-07-04T09:58:28+01:00,5,27,25,0,400001,0.000000,3200,290,280,100000,40.00,40.00,260,1562
n012w8-0,n012w8,0,5,1000000,100.0,adaptive,2026-07-04T09:58:28+01:00,5,27,25,0,500001,0.000000,3230,290,280,100000,50.00,50.00,260,1301
n012w8-0,n012w8,0,5,1000000,100.0,adaptive,2026-07-04T09:58:28+01:00,5,27,25,0,600001,0.000000,2080,290,280,100000,60.00,60.00,260,1041
n012w8-0,n012w8,0,5,1000000,100.0,adaptive,2026-07-04T09:58:28+01:00,5,27,25,0,700001,0.000000,2860,290,280,100000,70.00,70.00,260,781
n012w8-0,n012w8,0,5,1000000,100.0,adaptive,2026-07-04T09:58:28+01:00,5,27,25,0,800001,0.000000,2875,290,280,100000,80.00,80.00,260,520
n012w8-0,n012w8,0,5,1000000,100.0,adaptive,2026-07-04T09:58:28+01:00,5,27,25,0,900001,0.000000,2110,290,280,100000,90.00,90.00,260,260
n012w8-0,n012w8,0,5,1000000,100.0,adaptive,2026-07-04T09:58:28+01:00,5,30,28,0,100001,0.000000,3010,280,280,100000,10.00,10.00,260,2343
n012w8-0,n012w8,0,5,1000000,100.0,adaptive,2026-07-04T09:58:28+01:00,5,30,28,0,200001,0.000000,2335,280,280,100000,20.00,20.00,260,2083
n012w8-0,n012w8,0,5,1000000,100.0,adaptive,2026-07-04T09:58:28+01:00,5,30,28,0,300001,0.000000,2460,280,280,100000,30.00,30.00,260,1822
n012w8-0,n012w8,0,5,1000000,100.0,adaptive,2026-07-04T09:58:28+01:00,5,30,28,0,400001,0.000000,2660,280,280,100000,40.00,40.00,260,1562
n012w8-0,n012w8,0,5,1000000,100.0,adaptive,2026-07-04T09:58:28+01:00,5,30,28,0,500001,0.000000,2220,280,280,100000,50.00,50.00,260,1301
n012w8-0,n012w8,0,5,1000000,100.0,adaptive,2026-07-04T09:58:28+01:00,5,30,28,0,600001,0.000000,2760,280,280,100000,60.00,60.00,260,1041
n012w8-0,n012w8,0,5,1000000,100.0,adaptive,2026-07-04T09:58:28+01:00,5,30,28,0,700001,0.000000,2055,280,280,100000,70.00,70.00,260,781
n012w8-0,n012w8,0,5,1000000,100.0,adaptive,2026-07-04T09:58:28+01:00,5,30,28,0,800001,0.000000,2510,280,280,100000,80.00,80.00,260,520
n012w8-0,n012w8,0,5,1000000,100.0,adaptive,2026-07-04T09:58:28+01:00,5,30,28,0,900001,0.000000,2565,280,280,100000,90.00,90.00,260,260
n012w8-0,n012w8,0,5,1000000,100.0,adaptive,2026-07-04T09:58:28+01:00,6,4,2,0,247906,3.255097,270,255,205,100000,24.79,24.79,260,1958
n012w8-0,n012w8,0,5,1000000,100.0,adaptive,2026-07-04T09:58:28+01:00,6,4,2,0,347906,0.817644,270,255,205,100000,34.79,34.79,260,1698
n012w8-0,n012w8,0,5,1000000,100.0,adaptive,2026-07-04T09:58:28+01:00,6,4,2,0,447906,0.205383,270,255,205,100000,44.79,44.79,260,1437
n012w8-0,n012w8,0,5,1000000,100.0,adaptive,2026-07-04T09:58:28+01:00,6,4,2,0,547906,0.051590,270,255,205,100000,54.79,54.79,260,1177
n012w8-0,n012w8,0,5,1000000,100.0,adaptive,2026-07-04T09:58:28+01:00,6,4,2,0,647906,0.012959,270,255,205,100000,64.79,64.79,260,916
n012w8-0,n012w8,0,5,1000000,100.0,adaptive,2026-07-04T09:58:28+01:00,6,4,2,0,747906,0.003255,270,255,205,100000,74.79,74.79,260,656
n012w8-0,n012w8,0,5,1000000,100.0,adaptive,2026-07-04T09:58:28+01:00,6,4,2,0,847906,0.000818,270,255,205,100000,84.79,84.79,260,396
n012w8-0,n012w8,0,5,1000000,100.0,adaptive,2026-07-04T09:58:28+01:00,6,4,2,0,947906,0.000205,270,255,205,100000,94.79,94.79,260,135
n012w8-0,n012w8,0,5,1000000,100.0,adaptive,2026-07-04T09:58:28+01:00,6,10,8,0,264335,2.594120,210,210,205,100000,26.43,26.43,260,1915
n012w8-0,n012w8,0,5,1000000,100.0,adaptive,2026-07-04T09:58:28+01:00,6,10,8,0,364335,0.651613,210,210,205,100000,36.43,36.43,260,1655
n012w8-0,n012w8,0,5,1000000,100.0,adaptive,2026-07-04T09:58:28+01:00,6,10,8,0,464335,0.163678,210,210,205,100000,46.43,46.43,260,1394
n012w8-0,n012w8,0,5,1000000,100.0,adaptive,2026-07-04T09:58:28+01:00,6,10,8,0,564335,0.041114,210,210,205,100000,56.43,56.43,260,1134
n012w8-0,n012w8,0,5,1000000,100.0,adaptive,2026-07-04T09:58:28+01:00,6,10,8,0,664335,0.010327,210,210,205,100000,66.43,66.43,260,874
n012w8-0,n012w8,0,5,1000000,100.0,adaptive,2026-07-04T09:58:28+01:00,6,10,8,0,764335,0.002594,210,210,205,100000,76.43,76.43,260,613
n012w8-0,n012w8,0,5,1000000,100.0,adaptive,2026-07-04T09:58:28+01:00,6,10,8,0,864335,0.000652,210,210,205,100000,86.43,86.43,260,353
n012w8-0,n012w8,0,5,1000000,100.0,adaptive,2026-07-04T09:58:28+01:00,6,10,8,0,964335,0.000164,210,210,205,100000,96.43,96.43,260,92
n012w8-0,n012w8,0,5,1000000,100.0,adaptive,2026-07-04T09:58:28+01:00,6,1,-1,0,272591,50.118723,950,210,205,100000,27.26,27.26,260,1894
n012w8-0,n012w8,0,5,1000000,100.0,adaptive,2026-07-04T09:58:28+01:00,6,1,-1,0,372591,50.118723,1480,210,205,100000,37.26,37.26,260,1633
n012w8-0,n012w8,0,5,1000000,100.0,adaptive,2026-07-04T09:58:28+01:00,6,1,-1,0,472591,50.118723,880,210,205,100000,47.26,47.26,260,1373
n012w8-0,n012w8,0,5,1000000,100.0,adaptive,2026-07-04T09:58:28+01:00,6,1,-1,0,572591,50.118723,1045,210,205,100000,57.26,57.26,260,1112
n012w8-0,n012w8,0,5,1000000,100.0,adaptive,2026-07-04T09:58:28+01:00,6,1,-1,0,672591,50.118723,875,210,205,100000,67.26,67.26,260,852
n012w8-0,n012w8,0,5,1000000,100.0,adaptive,2026-07-04T09:58:28+01:00,6,1,-1,0,772591,50.118723,1090,210,205,100000,77.26,77.26,260,592
n012w8-0,n012w8,0,5,1000000,100.0,adaptive,2026-07-04T09:58:28+01:00,6,1,-1,0,872591,50.118723,1165,210,205,100000,87.26,87.26,260,331
n012w8-0,n012w8,0,5,1000000,100.0,adaptive,2026-07-04T09:58:28+01:00,6,1,-1,0,972591,50.118723,830,210,205,100000,97.26,97.26,260,71
n012w8-0,n012w8,0,5,1000000,100.0,adaptive,2026-07-04T09:58:28+01:00,6,3,-1,0,378275,0.000000,2090,1090,205,100000,37.83,37.83,260,1618
n012w8-0,n012w8,0,5,1000000,100.0,adaptive,2026-07-04T09:58:28+01:00,6,3,-1,0,563771,0.000000,2385,1035,205,100000,56.38,56.38,260,1135
n012w8-0,n012w8,0,5,1000000,100.0,adaptive,2026-07-04T09:58:28+01:00,6,3,-1,0,663771,0.000000,1825,1035,205,100000,66.38,66.38,260,875
n012w8-0,n012w8,0,5,1000000,100.0,adaptive,2026-07-04T09:58:28+01:00,6,3,-1,0,763771,0.000000,2345,1035,205,100000,76.38,76.38,260,615
n012w8-0,n012w8,0,5,1000000,100.0,adaptive,2026-07-04T09:58:28+01:00,6,3,-1,0,863771,0.000000,2560,1035,205,100000,86.38,86.38,260,354
n012w8-0,n012w8,0,5,1000000,100.0,adaptive,2026-07-04T09:58:28+01:00,6,3,-1,0,963771,0.000000,2265,1035,205,100000,96.38,96.38,260,94
n012w8-0,n012w8,0,5,1000000,100.0,adaptive,2026-07-04T09:58:28+01:00,6,13,11,0,200344,6.279658,285,210,205,100000,20.03,20.03,260,2082
n012w8-0,n012w8,0,5,1000000,100.0,adaptive,2026-07-04T09:58:28+01:00,6,13,11,0,300344,1.577379,255,210,205,100000,30.03,30.03,260,1821
n012w8-0,n012w8,0,5,1000000,100.0,adaptive,2026-07-04T09:58:28+01:00,6,13,11,0,400344,0.396220,255,210,205,100000,40.03,40.03,260,1561
n012w8-0,n012w8,0,5,1000000,100.0,adaptive,2026-07-04T09:58:28+01:00,6,13,11,0,500344,0.099526,255,210,205,100000,50.03,50.03,260,1301
n012w8-0,n012w8,0,5,1000000,100.0,adaptive,2026-07-04T09:58:28+01:00,6,13,11,0,600344,0.025000,255,210,205,100000,60.03,60.03,260,1040
n012w8-0,n012w8,0,5,1000000,100.0,adaptive,2026-07-04T09:58:28+01:00,6,13,11,0,700344,0.006280,255,210,205,100000,70.03,70.03,260,780
n012w8-0,n012w8,0,5,1000000,100.0,adaptive,2026-07-04T09:58:28+01:00,6,13,11,0,800344,0.001577,255,210,205,100000,80.03,80.03,260,519
n012w8-0,n012w8,0,5,1000000,100.0,adaptive,2026-07-04T09:58:28+01:00,6,13,11,0,900344,0.000396,255,210,205,100000,90.03,90.03,260,259
n012w8-0,n012w8,0,5,1000000,100.0,adaptive,2026-07-04T09:58:28+01:00,6,7,5,0,237095,59.900438,865,205,205,100000,23.71,23.71,260,1986
n012w8-0,n012w8,0,5,1000000,100.0,adaptive,2026-07-04T09:58:28+01:00,6,7,5,0,337095,59.900438,1135,205,205,100000,33.71,33.71,260,1726
n012w8-0,n012w8,0,5,1000000,100.0,adaptive,2026-07-04T09:58:28+01:00,6,7,5,0,437095,59.900438,1220,205,205,100000,43.71,43.71,260,1465
n012w8-0,n012w8,0,5,1000000,100.0,adaptive,2026-07-04T09:58:28+01:00,6,7,5,0,537095,59.900438,1145,205,205,100000,53.71,53.71,260,1205
n012w8-0,n012w8,0,5,1000000,100.0,adaptive,2026-07-04T09:58:28+01:00,6,7,5,0,637095,59.900438,1350,205,205,100000,63.71,63.71,260,945
n012w8-0,n012w8,0,5,1000000,100.0,adaptive,2026-07-04T09:58:28+01:00,6,7,5,0,737095,59.900438,1490,205,205,100000,73.71,73.71,260,684
n012w8-0,n012w8,0,5,1000000,100.0,adaptive,2026-07-04T09:58:28+01:00,6,7,5,0,837095,59.900438,1210,205,205,100000,83.71,83.71,260,424
n012w8-0,n012w8,0,5,1000000,100.0,adaptive,2026-07-04T09:58:28+01:00,6,7,5,0,937095,59.900438,1210,205,205,100000,93.71,93.71,260,163
n012w8-0,n012w8,0,5,1000000,100.0,adaptive,2026-07-04T09:58:28+01:00,6,16,14,0,200344,6.279658,240,205,205,100000,20.03,20.03,260,2082
n012w8-0,n012w8,0,5,1000000,100.0,adaptive,2026-07-04T09:58:28+01:00,6,16,14,0,300344,1.577379,210,205,205,100000,30.03,30.03,260,1821
n012w8-0,n012w8,0,5,1000000,100.0,adaptive,2026-07-04T09:58:28+01:00,6,16,14,0,400344,0.396220,210,205,205,100000,40.03,40.03,260,1561
n012w8-0,n012w8,0,5,1000000,100.0,adaptive,2026-07-04T09:58:28+01:00,6,16,14,0,500344,0.099526,210,205,205,100000,50.03,50.03,260,1301
n012w8-0,n012w8,0,5,1000000,100.0,adaptive,2026-07-04T09:58:28+01:00,6,16,14,0,600344,0.025000,210,205,205,100000,60.03,60.03,260,1040
n012w8-0,n012w8,0,5,1000000,100.0,adaptive,2026-07-04T09:58:28+01:00,6,16,14,0,700344,0.006280,210,205,205,100000,70.03,70.03,260,780
n012w8-0,n012w8,0,5,1000000,100.0,adaptive,2026-07-04T09:58:28+01:00,6,16,14,0,800344,0.001577,210,205,205,100000,80.03,80.03,260,519
n012w8-0,n012w8,0,5,1000000,100.0,adaptive,2026-07-04T09:58:28+01:00,6,16,14,0,900344,0.000396,210,205,205,100000,90.03,90.03,260,259
n012w8-0,n012w8,0,5,1000000,100.0,adaptive,2026-07-04T09:58:28+01:00,6,9,7,0,100001,0.000000,2435,375,210,100000,10.00,10.00,260,2343
n012w8-0,n012w8,0,5,1000000,100.0,adaptive,2026-07-04T09:58:28+01:00,6,9,7,0,200001,0.000000,1915,375,205,100000,20.00,20.00,260,2083
n012w8-0,n012w8,0,5,1000000,100.0,adaptive,2026-07-04T09:58:28+01:00,6,9,7,0,300001,0.000000,2350,375,205,100000,30.00,30.00,260,1822
n012w8-0,n012w8,0,5,1000000,100.0,adaptive,2026-07-04T09:58:28+01:00,6,9,7,0,400001,0.000000,1940,375,205,100000,40.00,40.00,260,1562
n012w8-0,n012w8,0,5,1000000,100.0,adaptive,2026-07-04T09:58:28+01:00,6,9,7,0,500001,0.000000,1950,375,205,100000,50.00,50.00,260,1301
n012w8-0,n012w8,0,5,1000000,100.0,adaptive,2026-07-04T09:58:28+01:00,6,9,7,0,600001,0.000000,2425,375,205,100000,60.00,60.00,260,1041
n012w8-0,n012w8,0,5,1000000,100.0,adaptive,2026-07-04T09:58:28+01:00,6,9,7,0,700001,0.000000,1925,375,205,100000,70.00,70.00,260,781
n012w8-0,n012w8,0,5,1000000,100.0,adaptive,2026-07-04T09:58:28+01:00,6,9,7,0,800001,0.000000,2315,375,205,100000,80.00,80.00,260,520
n012w8-0,n012w8,0,5,1000000,100.0,adaptive,2026-07-04T09:58:28+01:00,6,9,7,0,900001,0.000000,1735,375,205,100000,90.00,90.00,260,260
n012w8-0,n012w8,0,5,1000000,100.0,adaptive,2026-07-04T09:58:28+01:00,6,6,4,0,100001,0.000000,2000,715,220,100000,10.00,10.00,260,2343
n012w8-0,n012w8,0,5,1000000,100.0,adaptive,2026-07-04T09:58:28+01:00,6,6,4,0,200001,0.000000,2365,715,205,100000,20.00,20.00,260,2083
n012w8-0,n012w8,0,5,1000000,100.0,adaptive,2026-07-04T09:58:28+01:00,6,6,4,0,300001,0.000000,2105,715,205,100000,30.00,30.00,260,1822
n012w8-0,n012w8,0,5,1000000,100.0,adaptive,2026-07-04T09:58:28+01:00,6,6,4,0,400001,0.000000,1750,715,205,100000,40.00,40.00,260,1562
n012w8-0,n012w8,0,5,1000000,100.0,adaptive,2026-07-04T09:58:28+01:00,6,6,4,0,500001,0.000000,1915,715,205,100000,50.00,50.00,260,1301
n012w8-0,n012w8,0,5,1000000,100.0,adaptive,2026-07-04T09:58:28+01:00,6,6,4,0,600001,0.000000,1990,715,205,100000,60.00,60.00,260,1041
n012w8-0,n012w8,0,5,1000000,100.0,adaptive,2026-07-04T09:58:28+01:00,6,6,4,0,700001,0.000000,2275,715,205,100000,70.00,70.00,260,781
n012w8-0,n012w8,0,5,1000000,100.0,adaptive,2026-07-04T09:58:28+01:00,6,6,4,0,800001,0.000000,1960,715,205,100000,80.00,80.00,260,520
n012w8-0,n012w8,0,5,1000000,100.0,adaptive,2026-07-04T09:58:28+01:00,6,6,4,0,900001,0.000000,2125,715,205,100000,90.00,90.00,260,260
n012w8-0,n012w8,0,5,1000000,100.0,adaptive,2026-07-04T09:58:28+01:00,6,12,10,0,100001,0.000000,2075,250,205,100000,10.00,10.00,260,2343
n012w8-0,n012w8,0,5,1000000,100.0,adaptive,2026-07-04T09:58:28+01:00,6,12,10,0,200001,0.000000,2380,250,205,100000,20.00,20.00,260,2083
n012w8-0,n012w8,0,5,1000000,100.0,adaptive,2026-07-04T09:58:28+01:00,6,12,10,0,300001,0.000000,2660,250,205,100000,30.00,30.00,260,1822
n012w8-0,n012w8,0,5,1000000,100.0,adaptive,2026-07-04T09:58:28+01:00,6,12,10,0,400001,0.000000,1420,250,205,100000,40.00,40.00,260,1562
n012w8-0,n012w8,0,5,1000000,100.0,adaptive,2026-07-04T09:58:28+01:00,6,12,10,0,500001,0.000000,2335,250,205,100000,50.00,50.00,260,1301
n012w8-0,n012w8,0,5,1000000,100.0,adaptive,2026-07-04T09:58:28+01:00,6,12,10,0,600001,0.000000,2105,250,205,100000,60.00,60.00,260,1041
n012w8-0,n012w8,0,5,1000000,100.0,adaptive,2026-07-04T09:58:28+01:00,6,12,10,0,700001,0.000000,2320,250,205,100000,70.00,70.00,260,781
n012w8-0,n012w8,0,5,1000000,100.0,adaptive,2026-07-04T09:58:28+01:00,6,12,10,0,800001,0.000000,1435,250,205,100000,80.00,80.00,260,520
n012w8-0,n012w8,0,5,1000000,100.0,adaptive,2026-07-04T09:58:28+01:00,6,12,10,0,900001,0.000000,2365,250,205,100000,90.00,90.00,260,260
n012w8-0,n012w8,0,5,1000000,100.0,adaptive,2026-07-04T09:58:28+01:00,6,15,13,0,100001,0.000000,2205,210,205,100000,10.00,10.00,260,2343
n012w8-0,n012w8,0,5,1000000,100.0,adaptive,2026-07-04T09:58:28+01:00,6,15,13,0,200001,0.000000,1965,210,205,100000,20.00,20.00,260,2083
n012w8-0,n012w8,0,5,1000000,100.0,adaptive,2026-07-04T09:58:28+01:00,6,15,13,0,300001,0.000000,2780,210,205,100000,30.00,30.00,260,1822
n012w8-0,n012w8,0,5,1000000,100.0,adaptive,2026-07-04T09:58:28+01:00,6,15,13,0,400001,0.000000,1950,210,205,100000,40.00,40.00,260,1562
n012w8-0,n012w8,0,5,1000000,100.0,adaptive,2026-07-04T09:58:28+01:00,6,15,13,0,500001,0.000000,2140,210,205,100000,50.00,50.00,260,1301
n012w8-0,n012w8,0,5,1000000,100.0,adaptive,2026-07-04T09:58:28+01:00,6,15,13,0,600001,0.000000,2250,210,205,100000,60.00,60.00,260,1041
n012w8-0,n012w8,0,5,1000000,100.0,adaptive,2026-07-04T09:58:28+01:00,6,15,13,0,700001,0.000000,2575,210,205,100000,70.00,70.00,260,781
n012w8-0,n012w8,0,5,1000000,100.0,adaptive,2026-07-04T09:58:28+01:00,6,15,13,0,800001,0.000000,2365,210,205,100000,80.00,80.00,260,520
n012w8-0,n012w8,0,5,1000000,100.0,adaptive,2026-07-04T09:58:28+01:00,6,15,13,0,900001,0.000000,1720,210,205,100000,90.00,90.00,260,260
n012w8-0,n012w8,0,5,1000000,100.0,adaptive,2026-07-04T09:58:28+01:00,6,18,16,0,100001,0.000000,2295,205,205,100000,10.00,10.00,260,2343
n012w8-0,n012w8,0,5,1000000,100.0,adaptive,2026-07-04T09:58:28+01:00,6,18,16,0,200001,0.000000,2240,205,205,100000,20.00,20.00,260,2083
n012w8-0,n012w8,0,5,1000000,100.0,adaptive,2026-07-04T09:58:28+01:00,6,18,16,0,300001,0.000000,2260,205,205,100000,30.00,30.00,260,1822
n012w8-0,n012w8,0,5,1000000,100.0,adaptive,2026-07-04T09:58:28+01:00,6,18,16,0,400001,0.000000,1685,205,205,100000,40.00,40.00,260,1562
n012w8-0,n012w8,0,5,1000000,100.0,adaptive,2026-07-04T09:58:28+01:00,6,18,16,0,500001,0.000000,1630,205,205,100000,50.00,50.00,260,1301
n012w8-0,n012w8,0,5,1000000,100.0,adaptive,2026-07-04T09:58:28+01:00,6,18,16,0,600001,0.000000,1830,205,205,100000,60.00,60.00,260,1041
n012w8-0,n012w8,0,5,1000000,100.0,adaptive,2026-07-04T09:58:28+01:00,6,18,16,0,700001,0.000000,2170,205,205,100000,70.00,70.00,260,781
n012w8-0,n012w8,0,5,1000000,100.0,adaptive,2026-07-04T09:58:28+01:00,6,18,16,0,800001,0.000000,1615,205,205,100000,80.00,80.00,260,520
n012w8-0,n012w8,0,5,1000000,100.0,adaptive,2026-07-04T09:58:28+01:00,6,18,16,0,900001,0.000000,2195,205,205,100000,90.00,90.00,260,260
n012w8-0,n012w8,0,5,1000000,100.0,adaptive,2026-07-04T09:58:28+01:00,7,1,-1,0,288634,1.854368,225,215,160,100000,28.86,28.86,260,1852
n012w8-0,n012w8,0,5,1000000,100.0,adaptive,2026-07-04T09:58:28+01:00,7,1,-1,0,388634,0.465796,225,215,160,100000,38.86,38.86,260,1591
n012w8-0,n012w8,0,5,1000000,100.0,adaptive,2026-07-04T09:58:28+01:00,7,1,-1,0,488634,0.117003,225,215,160,100000,48.86,48.86,260,1331
n012w8-0,n012w8,0,5,1000000,100.0,adaptive,2026-07-04T09:58:28+01:00,7,1,-1,0,588634,0.029390,225,215,160,100000,58.86,58.86,260,1071
n012w8-0,n012w8,0,5,1000000,100.0,adaptive,2026-07-04T09:58:28+01:00,7,1,-1,0,688634,0.007382,225,215,160,100000,68.86,68.86,260,810
n012w8-0,n012w8,0,5,1000000,100.0,adaptive,2026-07-04T09:58:28+01:00,7,1,-1,0,788634,0.001854,225,215,160,100000,78.86,78.86,260,550
n012w8-0,n012w8,0,5,1000000,100.0,adaptive,2026-07-04T09:58:28+01:00,7,1,-1,0,888634,0.000466,225,215,160,100000,88.86,88.86,260,289
n012w8-0,n012w8,0,5,1000000,100.0,adaptive,2026-07-04T09:58:28+01:00,7,1,-1,0,988634,0.000117,225,215,160,100000,98.86,98.86,260,29
n012w8-0,n012w8,0,5,1000000,100.0,adaptive,2026-07-04T09:58:28+01:00,7,4,2,0,272821,2.307140,230,230,160,100000,27.28,27.28,260,1893
n012w8-0,n012w8,0,5,1000000,100.0,adaptive,2026-07-04T09:58:28+01:00,7,4,2,0,372821,0.579527,230,230,160,100000,37.28,37.28,260,1633
n012w8-0,n012w8,0,5,1000000,100.0,adaptive,2026-07-04T09:58:28+01:00,7,4,2,0,472821,0.145571,230,230,160,100000,47.28,47.28,260,1372
n012w8-0,n012w8,0,5,1000000,100.0,adaptive,2026-07-04T09:58:28+01:00,7,4,2,0,572821,0.036566,230,230,160,100000,57.28,57.28,260,1112
n012w8-0,n012w8,0,5,1000000,100.0,adaptive,2026-07-04T09:58:28+01:00,7,4,2,0,672821,0.009185,230,230,160,100000,67.28,67.28,260,851
n012w8-0,n012w8,0,5,1000000,100.0,adaptive,2026-07-04T09:58:28+01:00,7,4,2,0,772821,0.002307,230,230,160,100000,77.28,77.28,260,591
n012w8-0,n012w8,0,5,1000000,100.0,adaptive,2026-07-04T09:58:28+01:00,7,4,2,0,872821,0.000580,230,230,160,100000,87.28,87.28,260,331
n012w8-0,n012w8,0,5,1000000,100.0,adaptive,2026-07-04T09:58:28+01:00,7,4,2,0,972821,0.000146,230,230,160,100000,97.28,97.28,260,70
n012w8-0,n012w8,0,5,1000000,100.0,adaptive,2026-07-04T09:58:28+01:00,7,7,5,0,306217,1.454447,235,220,160,100000,30.62,30.62,260,1806
n012w8-0,n012w8,0,5,1000000,100.0,adaptive,2026-07-04T09:58:28+01:00,7,7,5,0,406217,0.365341,235,220,160,100000,40.62,40.62,260,1546
n012w8-0,n012w8,0,5,1000000,100.0,adaptive,2026-07-04T09:58:28+01:00,7,7,5,0,506217,0.091769,235,220,160,100000,50.62,50.62,260,1285
n012w8-0,n012w8,0,5,1000000,100.0,adaptive,2026-07-04T09:58:28+01:00,7,7,5,0,606217,0.023051,235,220,160,100000,60.62,60.62,260,1025
n012w8-0,n012w8,0,5,1000000,100.0,adaptive,2026-07-04T09:58:28+01:00,7,7,5,0,706217,0.005790,235,220,160,100000,70.62,70.62,260,765
n012w8-0,n012w8,0,5,1000000,100.0,adaptive,2026-07-04T09:58:28+01:00,7,7,5,0,806217,0.001454,235,220,160,100000,80.62,80.62,260,504
n012w8-0,n012w8,0,5,1000000,100.0,adaptive,2026-07-04T09:58:28+01:00,7,7,5,0,906217,0.000365,235,220,160,100000,90.62,90.62,260,244
n012w8-0,n012w8,0,5,1000000,100.0,adaptive,2026-07-04T09:58:28+01:00,7,10,8,0,268254,2.457401,235,200,160,100000,26.83,26.83,260,1905
n012w8-0,n012w8,0,5,1000000,100.0,adaptive,2026-07-04T09:58:28+01:00,7,10,8,0,368254,0.617271,235,200,160,100000,36.83,36.83,260,1645
n012w8-0,n012w8,0,5,1000000,100.0,adaptive,2026-07-04T09:58:28+01:00,7,10,8,0,468254,0.155052,235,200,160,100000,46.83,46.83,260,1384
n012w8-0,n012w8,0,5,1000000,100.0,adaptive,2026-07-04T09:58:28+01:00,7,10,8,0,568254,0.038947,235,200,160,100000,56.83,56.83,260,1124
n012w8-0,n012w8,0,5,1000000,100.0,adaptive,2026-07-04T09:58:28+01:00,7,10,8,0,668254,0.009783,235,200,160,100000,66.83,66.83,260,863
n012w8-0,n012w8,0,5,1000000,100.0,adaptive,2026-07-04T09:58:28+01:00,7,10,8,0,768254,0.002457,235,200,160,100000,76.83,76.83,260,603
n012w8-0,n012w8,0,5,1000000,100.0,adaptive,2026-07-04T09:58:28+01:00,7,10,8,0,868254,0.000617,235,200,160,100000,86.83,86.83,260,343
n012w8-0,n012w8,0,5,1000000,100.0,adaptive,2026-07-04T09:58:28+01:00,7,10,8,0,968254,0.000155,235,200,160,100000,96.83,96.83,260,82
n012w8-0,n012w8,0,5,1000000,100.0,adaptive,2026-07-04T09:58:28+01:00,7,3,-1,0,237259,0.000000,2090,1080,160,100000,23.73,23.73,260,1986
n012w8-0,n012w8,0,5,1000000,100.0,adaptive,2026-07-04T09:58:28+01:00,7,3,-1,0,337259,0.000000,2200,1080,160,100000,33.73,33.73,260,1725
n012w8-0,n012w8,0,5,1000000,100.0,adaptive,2026-07-04T09:58:28+01:00,7,3,-1,0,451557,0.000000,2040,1045,160,100000,45.16,45.16,260,1428
n012w8-0,n012w8,0,5,1000000,100.0,adaptive,2026-07-04T09:58:28+01:00,7,3,-1,0,551557,0.000000,1720,1045,160,100000,55.16,55.16,260,1167
n012w8-0,n012w8,0,5,1000000,100.0,adaptive,2026-07-04T09:58:28+01:00,7,3,-1,0,651557,0.000000,2285,1045,160,100000,65.16,65.16,260,907
n012w8-0,n012w8,0,5,1000000,100.0,adaptive,2026-07-04T09:58:28+01:00,7,3,-1,0,751557,0.000000,1660,1045,160,100000,75.16,75.16,260,646
n012w8-0,n012w8,0,5,1000000,100.0,adaptive,2026-07-04T09:58:28+01:00,7,3,-1,0,851557,0.000000,2220,1045,160,100000,85.16,85.16,260,386
n012w8-0,n012w8,0,5,1000000,100.0,adaptive,2026-07-04T09:58:28+01:00,7,3,-1,0,951557,0.000000,2410,1045,160,100000,95.16,95.16,260,126
n012w8-0,n012w8,0,5,1000000,100.0,adaptive,2026-07-04T09:58:28+01:00,7,6,4,0,100001,0.000000,2145,630,160,100000,10.00,10.00,260,2343
n012w8-0,n012w8,0,5,1000000,100.0,adaptive,2026-07-04T09:58:28+01:00,7,6,4,0,200001,0.000000,2210,630,160,100000,20.00,20.00,260,2083
n012w8-0,n012w8,0,5,1000000,100.0,adaptive,2026-07-04T09:58:28+01:00,7,6,4,0,300001,0.000000,2195,630,160,100000,30.00,30.00,260,1822
n012w8-0,n012w8,0,5,1000000,100.0,adaptive,2026-07-04T09:58:28+01:00,7,6,4,0,400001,0.000000,1860,630,160,100000,40.00,40.00,260,1562
n012w8-0,n012w8,0,5,1000000,100.0,adaptive,2026-07-04T09:58:28+01:00,7,6,4,0,500001,0.000000,2445,630,160,100000,50.00,50.00,260,1301
n012w8-0,n012w8,0,5,1000000,100.0,adaptive,2026-07-04T09:58:28+01:00,7,6,4,0,600001,0.000000,2265,630,160,100000,60.00,60.00,260,1041
n012w8-0,n012w8,0,5,1000000,100.0,adaptive,2026-07-04T09:58:28+01:00,7,6,4,0,700001,0.000000,2020,630,160,100000,70.00,70.00,260,781
n012w8-0,n012w8,0,5,1000000,100.0,adaptive,2026-07-04T09:58:28+01:00,7,6,4,0,800001,0.000000,2420,630,160,100000,80.00,80.00,260,520
n012w8-0,n012w8,0,5,1000000,100.0,adaptive,2026-07-04T09:58:28+01:00,7,6,4,0,900001,0.000000,2025,630,160,100000,90.00,90.00,260,260
n012w8-0,n012w8,0,5,1000000,100.0,adaptive,2026-07-04T09:58:28+01:00,7,12,10,0,100001,0.000000,2630,260,160,100000,10.00,10.00,260,2343
n012w8-0,n012w8,0,5,1000000,100.0,adaptive,2026-07-04T09:58:28+01:00,7,12,10,0,200001,0.000000,1840,260,160,100000,20.00,20.00,260,2083
n012w8-0,n012w8,0,5,1000000,100.0,adaptive,2026-07-04T09:58:28+01:00,7,12,10,0,300001,0.000000,2135,260,160,100000,30.00,30.00,260,1822
n012w8-0,n012w8,0,5,1000000,100.0,adaptive,2026-07-04T09:58:28+01:00,7,12,10,0,400001,0.000000,1510,260,160,100000,40.00,40.00,260,1562
n012w8-0,n012w8,0,5,1000000,100.0,adaptive,2026-07-04T09:58:28+01:00,7,12,10,0,500001,0.000000,2350,260,160,100000,50.00,50.00,260,1301
n012w8-0,n012w8,0,5,1000000,100.0,adaptive,2026-07-04T09:58:28+01:00,7,12,10,0,600001,0.000000,2510,260,160,100000,60.00,60.00,260,1041
n012w8-0,n012w8,0,5,1000000,100.0,adaptive,2026-07-04T09:58:28+01:00,7,12,10,0,700001,0.000000,2015,260,160,100000,70.00,70.00,260,781
n012w8-0,n012w8,0,5,1000000,100.0,adaptive,2026-07-04T09:58:28+01:00,7,12,10,0,800001,0.000000,1880,260,160,100000,80.00,80.00,260,520
n012w8-0,n012w8,0,5,1000000,100.0,adaptive,2026-07-04T09:58:28+01:00,7,12,10,0,900001,0.000000,1825,260,160,100000,90.00,90.00,260,260
n012w8-0,n012w8,0,5,1000000,100.0,adaptive,2026-07-04T09:58:28+01:00,7,9,7,0,100001,0.000000,2535,340,160,100000,10.00,10.00,260,2343
n012w8-0,n012w8,0,5,1000000,100.0,adaptive,2026-07-04T09:58:28+01:00,7,9,7,0,200001,0.000000,2170,340,160,100000,20.00,20.00,260,2083
n012w8-0,n012w8,0,5,1000000,100.0,adaptive,2026-07-04T09:58:28+01:00,7,9,7,0,300001,0.000000,2510,340,160,100000,30.00,30.00,260,1822
n012w8-0,n012w8,0,5,1000000,100.0,adaptive,2026-07-04T09:58:28+01:00,7,9,7,0,400001,0.000000,1990,340,160,100000,40.00,40.00,260,1562
n012w8-0,n012w8,0,5,1000000,100.0,adaptive,2026-07-04T09:58:28+01:00,7,9,7,0,500001,0.000000,2305,340,160,100000,50.00,50.00,260,1301
n012w8-0,n012w8,0,5,1000000,100.0,adaptive,2026-07-04T09:58:28+01:00,7,9,7,0,600001,0.000000,2215,340,160,100000,60.00,60.00,260,1041
n012w8-0,n012w8,0,5,1000000,100.0,adaptive,2026-07-04T09:58:28+01:00,7,9,7,0,700001,0.000000,2035,340,160,100000,70.00,70.00,260,781
n012w8-0,n012w8,0,5,1000000,100.0,adaptive,2026-07-04T09:58:28+01:00,7,9,7,0,800001,0.000000,1960,340,160,100000,80.00,80.00,260,520
n012w8-0,n012w8,0,5,1000000,100.0,adaptive,2026-07-04T09:58:28+01:00,7,9,7,0,900001,0.000000,1875,340,160,100000,90.00,90.00,260,260
n012w8-0,n012w8,0,5,1000000,100.0,adaptive,2026-07-04T09:58:28+01:00,8,1,-1,0,308633,1.406702,1680,1675,1620,100000,30.86,30.86,260,1800
n012w8-0,n012w8,0,5,1000000,100.0,adaptive,2026-07-04T09:58:28+01:00,8,1,-1,0,408633,0.353347,1680,1675,1620,100000,40.86,40.86,260,1539
n012w8-0,n012w8,0,5,1000000,100.0,adaptive,2026-07-04T09:58:28+01:00,8,1,-1,0,508633,0.088757,1680,1675,1620,100000,50.86,50.86,260,1279
n012w8-0,n012w8,0,5,1000000,100.0,adaptive,2026-07-04T09:58:28+01:00,8,1,-1,0,608633,0.022295,1680,1675,1620,100000,60.86,60.86,260,1019
n012w8-0,n012w8,0,5,1000000,100.0,adaptive,2026-07-04T09:58:28+01:00,8,1,-1,0,708633,0.005600,1680,1675,1620,100000,70.86,70.86,260,758
n012w8-0,n012w8,0,5,1000000,100.0,adaptive,2026-07-04T09:58:28+01:00,8,1,-1,0,808633,0.001407,1680,1675,1620,100000,80.86,80.86,260,498
n012w8-0,n012w8,0,5,1000000,100.0,adaptive,2026-07-04T09:58:28+01:00,8,1,-1,0,908633,0.000353,1680,1675,1620,100000,90.86,90.86,260,237
n012w8-0,n012w8,0,5,1000000,100.0,adaptive,2026-07-04T09:58:28+01:00,8,4,2,0,278865,2.122316,1690,1690,1620,100000,27.89,27.89,260,1877
n012w8-0,n012w8,0,5,1000000,100.0,adaptive,2026-07-04T09:58:28+01:00,8,4,2,0,378865,0.533102,1690,1690,1620,100000,37.89,37.89,260,1617
n012w8-0,n012w8,0,5,1000000,100.0,adaptive,2026-07-04T09:58:28+01:00,8,4,2,0,478865,0.133909,1690,1690,1620,100000,47.89,47.89,260,1357
n012w8-0,n012w8,0,5,1000000,100.0,adaptive,2026-07-04T09:58:28+01:00,8,4,2,0,578865,0.033636,1690,1690,1620,100000,57.89,57.89,260,1096
n012w8-0,n012w8,0,5,1000000,100.0,adaptive,2026-07-04T09:58:28+01:00,8,4,2,0,678865,0.008449,1690,1690,1620,100000,67.89,67.89,260,836
n012w8-0,n012w8,0,5,1000000,100.0,adaptive,2026-07-04T09:58:28+01:00,8,4,2,0,778865,0.002122,1690,1690,1620,100000,77.89,77.89,260,575
n012w8-0,n012w8,0,5,1000000,100.0,adaptive,2026-07-04T09:58:28+01:00,8,4,2,0,878865,0.000533,1690,1690,1620,100000,87.89,87.89,260,315
n012w8-0,n012w8,0,5,1000000,100.0,adaptive,2026-07-04T09:58:28+01:00,8,4,2,0,978865,0.000134,1690,1690,1620,100000,97.89,97.89,260,55
n012w8-0,n012w8,0,5,1000000,100.0,adaptive,2026-07-04T09:58:28+01:00,8,7,5,0,310322,1.374257,1720,1720,1620,100000,31.03,31.03,260,1795
n012w8-0,n012w8,0,5,1000000,100.0,adaptive,2026-07-04T09:58:28+01:00,8,7,5,0,410322,0.345198,1720,1720,1620,100000,41.03,41.03,260,1535
n012w8-0,n012w8,0,5,1000000,100.0,adaptive,2026-07-04T09:58:28+01:00,8,7,5,0,510322,0.086710,1720,1720,1620,100000,51.03,51.03,260,1275
n012w8-0,n012w8,0,5,1000000,100.0,adaptive,2026-07-04T09:58:28+01:00,8,7,5,0,610322,0.021781,1720,1720,1620,100000,61.03,61.03,260,1014
n012w8-0,n012w8,0,5,1000000,100.0,adaptive,2026-07-04T09:58:28+01:00,8,7,5,0,710322,0.005471,1720,1720,1620,100000,71.03,71.03,260,754
n012w8-0,n012w8,0,5,1000000,100.0,adaptive,2026-07-04T09:58:28+01:00,8,7,5,0,810322,0.001374,1720,1720,1620,100000,81.03,81.03,260,493
n012w8-0,n012w8,0,5,1000000,100.0,adaptive,2026-07-04T09:58:28+01:00,8,7,5,0,910322,0.000345,1720,1720,1620,100000,91.03,91.03,260,233
n012w8-0,n012w8,0,5,1000000,100.0,adaptive,2026-07-04T09:58:28+01:00,8,10,8,0,244410,3.416174,1695,1690,1620,100000,24.44,24.44,260,1967
n012w8-0,n012w8,0,5,1000000,100.0,adaptive,2026-07-04T09:58:28+01:00,8,10,8,0,344410,0.858104,1695,1690,1620,100000,34.44,34.44,260,1707
n012w8-0,n012w8,0,5,1000000,100.0,adaptive,2026-07-04T09:58:28+01:00,8,10,8,0,444410,0.215546,1695,1690,1620,100000,44.44,44.44,260,1446
n012w8-0,n012w8,0,5,1000000,100.0,adaptive,2026-07-04T09:58:28+01:00,8,10,8,0,544410,0.054143,1695,1690,1620,100000,54.44,54.44,260,1186
n012w8-0,n012w8,0,5,1000000,100.0,adaptive,2026-07-04T09:58:28+01:00,8,10,8,0,644410,0.013600,1695,1690,1620,100000,64.44,64.44,260,925
n012w8-0,n012w8,0,5,1000000,100.0,adaptive,2026-07-04T09:58:28+01:00,8,10,8,0,744410,0.003416,1695,1690,1620,100000,74.44,74.44,260,665
n012w8-0,n012w8,0,5,1000000,100.0,adaptive,2026-07-04T09:58:28+01:00,8,10,8,0,844410,0.000858,1695,1690,1620,100000,84.44,84.44,260,405
n012w8-0,n012w8,0,5,1000000,100.0,adaptive,2026-07-04T09:58:28+01:00,8,10,8,0,944410,0.000216,1695,1690,1620,100000,94.44,94.44,260,144
n012w8-0,n012w8,0,5,1000000,100.0,adaptive,2026-07-04T09:58:28+01:00,8,13,11,0,200344,6.279658,1710,1635,1620,100000,20.03,20.03,260,2082
n012w8-0,n012w8,0,5,1000000,100.0,adaptive,2026-07-04T09:58:28+01:00,8,13,11,0,300344,1.577379,1670,1635,1620,100000,30.03,30.03,260,1821
n012w8-0,n012w8,0,5,1000000,100.0,adaptive,2026-07-04T09:58:28+01:00,8,13,11,0,400344,0.396220,1670,1635,1620,100000,40.03,40.03,260,1561
n012w8-0,n012w8,0,5,1000000,100.0,adaptive,2026-07-04T09:58:28+01:00,8,13,11,0,500344,0.099526,1670,1635,1620,100000,50.03,50.03,260,1301
n012w8-0,n012w8,0,5,1000000,100.0,adaptive,2026-07-04T09:58:28+01:00,8,13,11,0,600344,0.025000,1670,1635,1620,100000,60.03,60.03,260,1040
n012w8-0,n012w8,0,5,1000000,100.0,adaptive,2026-07-04T09:58:28+01:00,8,13,11,0,700344,0.006280,1670,1635,1620,100000,70.03,70.03,260,780
n012w8-0,n012w8,0,5,1000000,100.0,adaptive,2026-07-04T09:58:28+01:00,8,13,11,0,800344,0.001577,1670,1635,1620,100000,80.03,80.03,260,519
n012w8-0,n012w8,0,5,1000000,100.0,adaptive,2026-07-04T09:58:28+01:00,8,13,11,0,900344,0.000396,1670,1635,1620,100000,90.03,90.03,260,259
n012w8-0,n012w8,0,5,1000000,100.0,adaptive,2026-07-04T09:58:28+01:00,8,6,4,0,100001,0.000000,3935,2170,1640,100000,10.00,10.00,260,2343
n012w8-0,n012w8,0,5,1000000,100.0,adaptive,2026-07-04T09:58:28+01:00,8,6,4,0,200001,0.000000,3785,2170,1620,100000,20.00,20.00,260,2083
n012w8-0,n012w8,0,5,1000000,100.0,adaptive,2026-07-04T09:58:28+01:00,8,6,4,0,300001,0.000000,3575,2170,1620,100000,30.00,30.00,260,1822
n012w8-0,n012w8,0,5,1000000,100.0,adaptive,2026-07-04T09:58:28+01:00,8,6,4,0,400001,0.000000,3875,2170,1620,100000,40.00,40.00,260,1562
n012w8-0,n012w8,0,5,1000000,100.0,adaptive,2026-07-04T09:58:28+01:00,8,6,4,0,500001,0.000000,3895,2170,1620,100000,50.00,50.00,260,1301
n012w8-0,n012w8,0,5,1000000,100.0,adaptive,2026-07-04T09:58:28+01:00,8,6,4,0,600001,0.000000,4125,2170,1620,100000,60.00,60.00,260,1041
n012w8-0,n012w8,0,5,1000000,100.0,adaptive,2026-07-04T09:58:28+01:00,8,6,4,0,700001,0.000000,3655,2170,1620,100000,70.00,70.00,260,781
n012w8-0,n012w8,0,5,1000000,100.0,adaptive,2026-07-04T09:58:28+01:00,8,6,4,0,800001,0.000000,3680,2170,1620,100000,80.00,80.00,260,520
n012w8-0,n012w8,0,5,1000000,100.0,adaptive,2026-07-04T09:58:28+01:00,8,6,4,0,900001,0.000000,3555,2170,1620,100000,90.00,90.00,260,260
n012w8-0,n012w8,0,5,1000000,100.0,adaptive,2026-07-04T09:58:28+01:00,8,3,-1,0,239411,0.000000,3580,2570,1620,100000,23.94,23.94,260,1980
n012w8-0,n012w8,0,5,1000000,100.0,adaptive,2026-07-04T09:58:28+01:00,8,3,-1,0,339411,0.000000,3425,2570,1620,100000,33.94,33.94,260,1720
n012w8-0,n012w8,0,5,1000000,100.0,adaptive,2026-07-04T09:58:28+01:00,8,3,-1,0,439411,0.000000,3725,2570,1620,100000,43.94,43.94,260,1459
n012w8-0,n012w8,0,5,1000000,100.0,adaptive,2026-07-04T09:58:28+01:00,8,3,-1,0,539411,0.000000,3930,2570,1620,100000,53.94,53.94,260,1199
n012w8-0,n012w8,0,5,1000000,100.0,adaptive,2026-07-04T09:58:28+01:00,8,3,-1,0,639411,0.000000,3570,2570,1620,100000,63.94,63.94,260,938
n012w8-0,n012w8,0,5,1000000,100.0,adaptive,2026-07-04T09:58:28+01:00,8,3,-1,0,739411,0.000000,3900,2570,1620,100000,73.94,73.94,260,678
n012w8-0,n012w8,0,5,1000000,100.0,adaptive,2026-07-04T09:58:28+01:00,8,3,-1,0,839411,0.000000,3775,2570,1620,100000,83.94,83.94,260,418
n012w8-0,n012w8,0,5,1000000,100.0,adaptive,2026-07-04T09:58:28+01:00,8,3,-1,0,945953,0.000000,3860,2335,1620,100000,94.60,94.60,260,140
n012w8-0,n012w8,0,5,1000000,100.0,adaptive,2026-07-04T09:58:28+01:00,8,12,10,0,100001,0.000000,3630,1700,1635,100000,10.00,10.00,260,2343
n012w8-0,n012w8,0,5,1000000,100.0,adaptive,2026-07-04T09:58:28+01:00,8,12,10,0,200001,0.000000,3510,1700,1620,100000,20.00,20.00,260,2083
n012w8-0,n012w8,0,5,1000000,100.0,adaptive,2026-07-04T09:58:28+01:00,8,12,10,0,300001,0.000000,3870,1700,1620,100000,30.00,30.00,260,1822
n012w8-0,n012w8,0,5,1000000,100.0,adaptive,2026-07-04T09:58:28+01:00,8,12,10,0,400001,0.000000,4055,1700,1620,100000,40.00,40.00,260,1562
n012w8-0,n012w8,0,5,1000000,100.0,adaptive,2026-07-04T09:58:28+01:00,8,12,10,0,500001,0.000000,3935,1700,1620,100000,50.00,50.00,260,1301
n012w8-0,n012w8,0,5,1000000,100.0,adaptive,2026-07-04T09:58:28+01:00,8,12,10,0,600001,0.000000,3375,1700,1620,100000,60.00,60.00,260,1041
n012w8-0,n012w8,0,5,1000000,100.0,adaptive,2026-07-04T09:58:28+01:00,8,12,10,0,700001,0.000000,3585,1700,1620,100000,70.00,70.00,260,781
n012w8-0,n012w8,0,5,1000000,100.0,adaptive,2026-07-04T09:58:28+01:00,8,12,10,0,800001,0.000000,3125,1700,1620,100000,80.00,80.00,260,520
n012w8-0,n012w8,0,5,1000000,100.0,adaptive,2026-07-04T09:58:28+01:00,8,12,10,0,900001,0.000000,3450,1700,1620,100000,90.00,90.00,260,260
n012w8-0,n012w8,0,5,1000000,100.0,adaptive,2026-07-04T09:58:28+01:00,8,9,7,0,100001,0.000000,3610,1790,1640,100000,10.00,10.00,260,2343
n012w8-0,n012w8,0,5,1000000,100.0,adaptive,2026-07-04T09:58:28+01:00,8,9,7,0,200001,0.000000,3220,1790,1620,100000,20.00,20.00,260,2083
n012w8-0,n012w8,0,5,1000000,100.0,adaptive,2026-07-04T09:58:28+01:00,8,9,7,0,300001,0.000000,3980,1790,1620,100000,30.00,30.00,260,1822
n012w8-0,n012w8,0,5,1000000,100.0,adaptive,2026-07-04T09:58:28+01:00,8,9,7,0,400001,0.000000,3115,1790,1620,100000,40.00,40.00,260,1562
n012w8-0,n012w8,0,5,1000000,100.0,adaptive,2026-07-04T09:58:28+01:00,8,9,7,0,500001,0.000000,3835,1790,1620,100000,50.00,50.00,260,1301
n012w8-0,n012w8,0,5,1000000,100.0,adaptive,2026-07-04T09:58:28+01:00,8,9,7,0,600001,0.000000,4090,1790,1620,100000,60.00,60.00,260,1041
n012w8-0,n012w8,0,5,1000000,100.0,adaptive,2026-07-04T09:58:28+01:00,8,9,7,0,700001,0.000000,3315,1790,1620,100000,70.00,70.00,260,781
n012w8-0,n012w8,0,5,1000000,100.0,adaptive,2026-07-04T09:58:28+01:00,8,9,7,0,800001,0.000000,3800,1790,1620,100000,80.00,80.00,260,520
n012w8-0,n012w8,0,5,1000000,100.0,adaptive,2026-07-04T09:58:28+01:00,8,9,7,0,900001,0.000000,3940,1790,1620,100000,90.00,90.00,260,260
n012w8-0,n012w8,0,5,1000000,100.0,adaptive,2026-07-04T09:58:28+01:00,8,15,13,0,100001,0.000000,3910,1635,1620,100000,10.00,10.00,260,2343
n012w8-0,n012w8,0,5,1000000,100.0,adaptive,2026-07-04T09:58:28+01:00,8,15,13,0,200001,0.000000,3545,1635,1620,100000,20.00,20.00,260,2083
n012w8-0,n012w8,0,5,1000000,100.0,adaptive,2026-07-04T09:58:28+01:00,8,15,13,0,300001,0.000000,4040,1635,1620,100000,30.00,30.00,260,1822
n012w8-0,n012w8,0,5,1000000,100.0,adaptive,2026-07-04T09:58:28+01:00,8,15,13,0,400001,0.000000,3625,1635,1620,100000,40.00,40.00,260,1562
n012w8-0,n012w8,0,5,1000000,100.0,adaptive,2026-07-04T09:58:28+01:00,8,15,13,0,500001,0.000000,4170,1635,1620,100000,50.00,50.00,260,1301
n012w8-0,n012w8,0,5,1000000,100.0,adaptive,2026-07-04T09:58:28+01:00,8,15,13,0,600001,0.000000,4055,1635,1620,100000,60.00,60.00,260,1041
n012w8-0,n012w8,0,5,1000000,100.0,adaptive,2026-07-04T09:58:28+01:00,8,15,13,0,700001,0.000000,2990,1635,1620,100000,70.00,70.00,260,781
n012w8-0,n012w8,0,5,1000000,100.0,adaptive,2026-07-04T09:58:28+01:00,8,15,13,0,800001,0.000000,4045,1635,1620,100000,80.00,80.00,260,520
n012w8-0,n012w8,0,5,1000000,100.0,adaptive,2026-07-04T09:58:28+01:00,8,15,13,0,900001,0.000000,3730,1635,1620,100000,90.00,90.00,260,260
