run_id,instance,seed,beam_width,iterations,temperature,cooling_mode,timestamp,week,worker_id,beam_path,candidate,elapsed_ms,temperature_at_event,current_penalty,previous_best,new_best,improvement,improvement_percent,event_type,branch_depth,seed_used,accepted_worse_count,hard_reject_count,soft_reject_count,discovery_number,cands_since_previous,time_since_previous_ms,improvement_per_10k,improvement_per_second,post_reheat_improved,post_reheat_best_delta,post_reheat_candidates_to_improve,post_reheat_spawned_branch,post_reheat_beat_global,post_reheat_on_winning_lineage
n012w8-0,n012w8,0,5,1000000,100.0,adaptive,2026-07-04T10:59:26+01:00,1,1,3,1,0,100.000000,3755,3800,3755,45,1.1842,GLOBAL_BEST,0,777,0,5,0,1,1,0,450000.0000,0.0000,0,0,0,0,0,0
n012w8-0,n012w8,0,5,1000000,100.0,adaptive,2026-07-04T10:59:26+01:00,1,3,3,1,0,0.000000,3550,3800,3550,250,6.5789,LOCAL_BEST,0,777,0,2,0,2,0,0,0.0000,0.0000,0,0,0,0,0,0
n012w8-0,n012w8,0,5,1000000,100.0,adaptive,2026-07-04T10:59:26+01:00,1,1,3,2,0,99.998618,3575,3755,3575,180,4.7936,GLOBAL_BEST,0,777,0,5,0,3,1,0,1800000.0000,0.0000,0,0,0,0,0,0
n012w8-0,n012w8,0,5,1000000,100.0,adaptive,2026-07-04T10:59:26+01:00,1,2,3,3,0,0.000000,3580,3800,3580,220,5.7895,LOCAL_BEST,0,777,0,3,0,4,1,0,2200000.0000,0.0000,0,0,0,0,0,0
n012w8-0,n012w8,0,5,1000000,100.0,adaptive,2026-07-04T10:59:26+01:00,1,3,3,3,0,0.000000,3340,3550,3340,210,5.9155,LOCAL_BEST,0,777,0,4,1,5,0,0,0.0000,0.0000,0,0,0,0,0,0
n012w8-0,n012w8,0,5,1000000,100.0,adaptive,2026-07-04T10:59:26+01:00,1,5,3,3,52,0.000000,885,900,885,15,1.6667,GLOBAL_BEST,1,777,0,1,2,6,0,52,0.0000,288.4615,0,0,0,0,0,0
n012w8-0,n012w8,0,5,1000000,100.0,adaptive,2026-07-04T10:59:26+01:00,1,2,3,4,0,0.000000,3430,3580,3430,150,4.1899,GLOBAL_BEST,0,777,0,3,0,7,1,-52,1500000.0000,0.0000,0,0,0,0,0,0
n012w8-0,n012w8,0,5,1000000,100.0,adaptive,2026-07-04T10:59:26+01:00,1,5,3,4,52,0.000000,825,885,825,60,6.7797,GLOBAL_BEST,1,777,0,1,2,8,0,52,0.0000,1153.8462,0,0,0,0,0,0
n012w8-0,n012w8,0,5,1000000,100.0,adaptive,2026-07-04T10:59:26+01:00,1,2,3,5,0,0.000000,3220,3430,3220,210,6.1224,GLOBAL_BEST,0,777,0,7,0,9,1,-52,2100000.0000,0.0000,0,0,0,0,0,0
n012w8-0,n012w8,0,5,1000000,100.0,adaptive,2026-07-04T10:59:26+01:00,1,1,3,7,0,99.991711,3470,3575,3470,105,2.9371,LOCAL_BEST,0,777,0,15,1,10,2,0,525000.0000,0.0000,0,0,0,0,0,0
n012w8-0,n012w8,0,5,1000000,100.0,adaptive,2026-07-04T10:59:26+01:00,1,2,3,7,0,0.000000,3040,3220,3040,180,5.5901,GLOBAL_BEST,0,777,0,10,0,11,0,0,0.0000,0.0000,0,0,0,0,0,0
n012w8-0,n012w8,0,5,1000000,100.0,adaptive,2026-07-04T10:59:26+01:00,1,3,3,8,0,0.000000,3205,3340,3205,135,4.0419,LOCAL_BEST,0,777,1,6,1,12,1,0,1350000.0000,0.0000,0,0,0,0,0,0
n012w8-0,n012w8,0,5,1000000,100.0,adaptive,2026-07-04T10:59:26+01:00,1,1,3,9,0,99.988948,3455,3470,3455,15,0.4323,LOCAL_BEST,0,777,0,23,1,13,1,0,150000.0000,0.0000,0,0,0,0,0,0
n012w8-0,n012w8,0,5,1000000,100.0,adaptive,2026-07-04T10:59:26+01:00,1,1,3,10,0,99.987567,3395,3455,3395,60,1.7366,LOCAL_BEST,0,777,0,24,1,14,1,0,600000.0000,0.0000,0,0,0,0,0,0
n012w8-0,n012w8,0,5,1000000,100.0,adaptive,2026-07-04T10:59:26+01:00,1,3,3,10,0,0.000000,3055,3205,3055,150,4.6802,LOCAL_BEST,0,777,1,8,2,15,0,0,0.0000,0.0000,0,0,0,0,0,0
n012w8-0,n012w8,0,5,1000000,100.0,adaptive,2026-07-04T10:59:26+01:00,1,3,3,13,0,0.000000,3040,3055,3040,15,0.4910,LOCAL_BEST,0,777,3,13,2,16,3,0,50000.0000,0.0000,0,0,0,0,0,0
n012w8-0,n012w8,0,5,1000000,100.0,adaptive,2026-07-04T10:59:26+01:00,1,1,3,14,0,99.982041,3285,3395,3285,110,3.2401,LOCAL_BEST,0,777,0,29,3,17,1,0,1100000.0000,0.0000,0,0,0,0,0,0
n012w8-0,n012w8,0,5,1000000,100.0,adaptive,2026-07-04T10:59:26+01:00,1,2,3,14,0,0.000000,2985,3040,2985,55,1.8092,GLOBAL_BEST,0,777,0,19,0,18,0,0,0.0000,0.0000,0,0,0,0,0,0
n012w8-0,n012w8,0,5,1000000,100.0,adaptive,2026-07-04T10:59:26+01:00,1,3,3,14,0,0.000000,2700,3040,2700,340,11.1842,LOCAL_BEST,0,777,3,14,2,19,0,0,0.0000,0.0000,0,0,0,0,0,0
n012w8-0,n012w8,0,5,1000000,100.0,adaptive,2026-07-04T10:59:26+01:00,1,2,3,15,0,0.000000,2670,2985,2670,315,10.5528,GLOBAL_BEST,0,777,0,20,0,20,1,0,3150000.0000,0.0000,0,0,0,0,0,0
n012w8-0,n012w8,0,5,1000000,100.0,adaptive,2026-07-04T10:59:26+01:00,1,3,3,15,0,0.000000,2670,2700,2670,30,1.1111,LOCAL_BEST,0,777,3,14,2,21,0,0,0.0000,0.0000,0,0,0,0,0,0
n012w8-0,n012w8,0,5,1000000,100.0,adaptive,2026-07-04T10:59:26+01:00,1,11,3,17,158,0.000000,415,445,415,30,6.7416,GLOBAL_BEST,4,777,0,31,16,22,2,158,150000.0000,189.8734,0,0,0,0,0,0
n012w8-0,n012w8,0,5,1000000,100.0,adaptive,2026-07-04T10:59:26+01:00,1,3,3,18,0,0.000000,2635,2670,2635,35,1.3109,GLOBAL_BEST,0,777,4,19,2,23,1,-158,350000.0000,0.0000,0,0,0,0,0,0
n012w8-0,n012w8,0,5,1000000,100.0,adaptive,2026-07-04T10:59:26+01:00,1,1,3,20,0,99.973754,3195,3285,3195,90,2.7397,LOCAL_BEST,0,777,2,44,4,24,2,0,450000.0000,0.0000,0,0,0,0,0,0
n012w8-0,n012w8,0,5,1000000,100.0,adaptive,2026-07-04T10:59:26+01:00,1,1,3,23,0,99.969610,3165,3195,3165,30,0.9390,LOCAL_BEST,0,777,2,54,5,25,3,0,100000.0000,0.0000,0,0,0,0,0,0
n012w8-0,n012w8,0,5,1000000,100.0,adaptive,2026-07-04T10:59:26+01:00,1,2,3,23,0,0.000000,2650,2670,2650,20,0.7491,LOCAL_BEST,0,777,0,36,0,26,0,0,0.0000,0.0000,0,0,0,0,0,0
n012w8-0,n012w8,0,5,1000000,100.0,adaptive,2026-07-04T10:59:26+01:00,1,1,3,29,0,99.961324,3015,3165,3015,150,4.7393,LOCAL_BEST,0,777,2,59,7,27,6,0,250000.0000,0.0000,0,0,0,0,0,0
n012w8-0,n012w8,0,5,1000000,100.0,adaptive,2026-07-04T10:59:26+01:00,1,1,3,31,0,99.958562,2880,3015,2880,135,4.4776,LOCAL_BEST,0,777,2,66,7,28,2,0,675000.0000,0.0000,0,0,0,0,0,0
n012w8-0,n012w8,0,5,1000000,100.0,adaptive,2026-07-04T10:59:26+01:00,1,1,3,32,0,99.957181,2835,2880,2835,45,1.5625,LOCAL_BEST,0,777,2,70,7,29,1,0,450000.0000,0.0000,0,0,0,0,0,0
n012w8-0,n012w8,0,5,1000000,100.0,adaptive,2026-07-04T10:59:26+01:00,1,1,3,42,0,99.943372,2645,2835,2645,190,6.7019,LOCAL_BEST,0,777,4,86,9,30,10,0,190000.0000,0.0000,0,0,0,0,0,0
n012w8-0,n012w8,0,5,1000000,100.0,adaptive,2026-07-04T10:59:26+01:00,1,3,3,48,1,0.000000,2565,2635,2565,70,2.6565,GLOBAL_BEST,0,777,11,75,4,31,6,1,116666.6667,70000.0000,0,0,0,0,0,0
n012w8-0,n012w8,0,5,1000000,100.0,adaptive,2026-07-04T10:59:26+01:00,1,3,3,49,1,0.000000,2475,2565,2475,90,3.5088,GLOBAL_BEST,0,777,11,75,4,32,1,0,900000.0000,0.0000,0,0,0,0,0,0
n012w8-0,n012w8,0,5,1000000,100.0,adaptive,2026-07-04T10:59:26+01:00,1,5,3,49,52,0.000000,820,825,820,5,0.6061,GLOBAL_BEST,1,777,0,83,38,33,0,51,0.0000,98.0392,0,0,0,0,0,0
n012w8-0,n012w8,0,5,1000000,100.0,adaptive,2026-07-04T10:59:26+01:00,1,5,3,51,52,0.000000,765,820,765,55,6.7073,GLOBAL_BEST,1,777,0,86,38,34,2,0,275000.0000,0.0000,0,0,0,0,0,0
n012w8-0,n012w8,0,5,1000000,100.0,adaptive,2026-07-04T10:59:26+01:00,1,8,3,52,117,0.000000,490,500,490,10,2.0000,GLOBAL_BEST,3,777,0,81,49,35,1,65,100000.0000,153.8462,0,0,0,0,0,0
n012w8-0,n012w8,0,5,1000000,100.0,adaptive,2026-07-04T10:59:26+01:00,1,3,3,53,1,0.000000,2435,2475,2435,40,1.6162,GLOBAL_BEST,0,777,13,83,4,36,1,-116,400000.0000,0.0000,0,0,0,0,0,0
n012w8-0,n012w8,0,5,1000000,100.0,adaptive,2026-07-04T10:59:26+01:00,1,3,3,54,1,0.000000,2405,2435,2405,30,1.2320,GLOBAL_BEST,0,777,13,84,4,37,1,0,300000.0000,0.0000,0,0,0,0,0,0
n012w8-0,n012w8,0,5,1000000,100.0,adaptive,2026-07-04T10:59:26+01:00,1,5,3,55,52,0.000000,630,765,630,135,17.6471,GLOBAL_BEST,1,777,0,94,40,38,1,51,1350000.0000,2647.0588,0,0,0,0,0,0
n012w8-0,n012w8,0,5,1000000,100.0,adaptive,2026-07-04T10:59:26+01:00,1,1,3,59,1,99.919902,2605,2645,2605,40,1.5123,LOCAL_BEST,0,777,9,139,11,39,4,-51,100000.0000,0.0000,0,0,0,0,0,0
n012w8-0,n012w8,0,5,1000000,100.0,adaptive,2026-07-04T10:59:26+01:00,1,1,3,60,1,99.918522,2575,2605,2575,30,1.1516,LOCAL_BEST,0,777,9,141,11,40,1,0,300000.0000,0.0000,0,0,0,0,0,0
n012w8-0,n012w8,0,5,1000000,100.0,adaptive,2026-07-04T10:59:26+01:00,1,1,3,64,1,99.913000,2560,2575,2560,15,0.5825,LOCAL_BEST,0,777,9,146,12,41,4,0,37500.0000,0.0000,0,0,0,0,0,0
n012w8-0,n012w8,0,5,1000000,100.0,adaptive,2026-07-04T10:59:26+01:00,1,1,3,69,1,99.906099,2545,2560,2545,15,0.5859,LOCAL_BEST,0,777,11,164,12,42,5,0,30000.0000,0.0000,0,0,0,0,0,0
n012w8-0,n012w8,0,5,1000000,100.0,adaptive,2026-07-04T10:59:26+01:00,1,1,3,70,1,99.904718,2365,2545,2365,180,7.0727,GLOBAL_BEST,0,777,11,164,12,43,1,0,1800000.0000,0.0000,0,0,0,0,0,0
n012w8-0,n012w8,0,5,1000000,100.0,adaptive,2026-07-04T10:59:26+01:00,1,1,3,71,1,99.903338,2305,2365,2305,60,2.5370,GLOBAL_BEST,0,777,11,168,12,44,1,0,600000.0000,0.0000,0,0,0,0,0,0
n012w8-0,n012w8,0,5,1000000,100.0,adaptive,2026-07-04T10:59:26+01:00,1,1,3,72,1,99.901958,2275,2305,2275,30,1.3015,GLOBAL_BEST,0,777,11,168,12,45,1,0,300000.0000,0.0000,0,0,0,0,0,0
n012w8-0,n012w8,0,5,1000000,100.0,adaptive,2026-07-04T10:59:26+01:00,1,1,3,73,1,99.900578,2245,2275,2245,30,1.3187,GLOBAL_BEST,0,777,11,170,12,46,1,0,300000.0000,0.0000,0,0,0,0,0,0
n012w8-0,n012w8,0,5,1000000,100.0,adaptive,2026-07-04T10:59:26+01:00,1,2,3,77,1,0.000000,2610,2650,2610,40,1.5094,LOCAL_BEST,0,777,0,130,0,47,4,0,100000.0000,0.0000,0,0,0,0,0,0
n012w8-0,n012w8,0,5,1000000,100.0,adaptive,2026-07-04T10:59:26+01:00,1,2,3,78,1,0.000000,2490,2610,2490,120,4.5977,LOCAL_BEST,0,777,0,133,0,48,1,0,1200000.0000,0.0000,0,0,0,0,0,0
n012w8-0,n012w8,0,5,1000000,100.0,adaptive,2026-07-04T10:59:26+01:00,1,2,3,79,1,0.000000,2400,2490,2400,90,3.6145,LOCAL_BEST,0,777,0,143,0,49,1,0,900000.0000,0.0000,0,0,0,0,0,0
n012w8-0,n012w8,0,5,1000000,100.0,adaptive,2026-07-04T10:59:26+01:00,1,3,3,80,1,0.000000,2380,2405,2380,25,1.0395,LOCAL_BEST,0,777,22,139,4,50,1,0,250000.0000,0.0000,0,0,0,0,0,0
n012w8-0,n012w8,0,5,1000000,100.0,adaptive,2026-07-04T10:59:26+01:00,1,2,3,81,1,0.000000,2330,2400,2330,70,2.9167,LOCAL_BEST,0,777,0,148,0,51,1,0,700000.0000,0.0000,0,0,0,0,0,0
n012w8-0,n012w8,0,5,1000000,100.0,adaptive,2026-07-04T10:59:26+01:00,1,1,3,84,1,99.885397,2210,2245,2210,35,1.5590,GLOBAL_BEST,0,777,12,191,15,52,3,0,116666.6667,0.0000,0,0,0,0,0,0
n012w8-0,n012w8,0,5,1000000,100.0,adaptive,2026-07-04T10:59:26+01:00,1,3,3,85,1,0.000000,2320,2380,2320,60,2.5210,LOCAL_BEST,0,777,23,144,4,53,1,0,600000.0000,0.0000,0,0,0,0,0,0
n012w8-0,n012w8,0,5,1000000,100.0,adaptive,2026-07-04T10:59:26+01:00,1,1,3,86,1,99.882637,2195,2210,2195,15,0.6787,GLOBAL_BEST,0,777,12,191,15,54,1,0,150000.0000,0.0000,0,0,0,0,0,0
n012w8-0,n012w8,0,5,1000000,100.0,adaptive,2026-07-04T10:59:26+01:00,1,1,3,87,1,99.881257,2085,2195,2085,110,5.0114,GLOBAL_BEST,0,777,12,192,15,55,1,0,1100000.0000,0.0000,0,0,0,0,0,0
n012w8-0,n012w8,0,5,1000000,100.0,adaptive,2026-07-04T10:59:26+01:00,1,2,3,89,1,0.000000,2265,2330,2265,65,2.7897,LOCAL_BEST,0,777,0,162,0,56,2,0,325000.0000,0.0000,0,0,0,0,0,0
n012w8-0,n012w8,0,5,1000000,100.0,adaptive,2026-07-04T10:59:26+01:00,1,2,3,90,1,0.000000,2220,2265,2220,45,1.9868,LOCAL_BEST,0,777,0,167,0,57,1,0,450000.0000,0.0000,0,0,0,0,0,0
n012w8-0,n012w8,0,5,1000000,100.0,adaptive,2026-07-04T10:59:26+01:00,1,1,3,92,1,99.874358,2080,2085,2080,5,0.2398,GLOBAL_BEST,0,777,13,202,16,58,2,0,25000.0000,0.0000,0,0,0,0,0,0
n012w8-0,n012w8,0,5,1000000,100.0,adaptive,2026-07-04T10:59:26+01:00,1,1,3,95,1,99.870218,2005,2080,2005,75,3.6058,GLOBAL_BEST,0,777,13,206,16,59,3,0,250000.0000,0.0000,0,0,0,0,0,0
n012w8-0,n012w8,0,5,1000000,100.0,adaptive,2026-07-04T10:59:26+01:00,1,1,3,132,1,99.819180,1925,2005,1925,80,3.9900,GLOBAL_BEST,0,777,27,277,25,60,37,0,21621.6216,0.0000,0,0,0,0,0,0
n012w8-0,n012w8,0,5,1000000,100.0,adaptive,2026-07-04T10:59:26+01:00,1,8,3,136,117,0.000000,485,490,485,5,1.0204,GLOBAL_BEST,3,777,0,205,128,61,4,116,12500.0000,43.1034,0,0,0,0,0,0
n012w8-0,n012w8,0,5,1000000,100.0,adaptive,2026-07-04T10:59:26+01:00,1,3,3,143,1,0.000000,2295,2320,2295,25,1.0776,LOCAL_BEST,0,777,47,271,5,62,7,-116,35714.2857,0.0000,0,0,0,0,0,0
n012w8-0,n012w8,0,5,1000000,100.0,adaptive,2026-07-04T10:59:26+01:00,1,3,3,144,1,0.000000,2130,2295,2130,165,7.1895,LOCAL_BEST,0,777,47,272,5,63,1,0,1650000.0000,0.0000,0,0,0,0,0,0
n012w8-0,n012w8,0,5,1000000,100.0,adaptive,2026-07-04T10:59:26+01:00,1,1,3,151,1,99.792982,1825,1925,1825,100,5.1948,GLOBAL_BEST,0,777,33,315,30,64,7,0,142857.1429,0.0000,0,0,0,0,0,0
n012w8-0,n012w8,0,5,1000000,100.0,adaptive,2026-07-04T10:59:26+01:00,1,1,3,153,1,99.790225,1780,1825,1780,45,2.4658,GLOBAL_BEST,0,777,33,317,31,65,2,0,225000.0000,0.0000,0,0,0,0,0,0
n012w8-0,n012w8,0,5,1000000,100.0,adaptive,2026-07-04T10:59:26+01:00,1,3,3,175,1,0.000000,2115,2130,2115,15,0.7042,LOCAL_BEST,0,777,54,330,6,66,22,0,6818.1818,0.0000,0,0,0,0,0,0
n012w8-0,n012w8,0,5,1000000,100.0,adaptive,2026-07-04T10:59:26+01:00,1,1,3,199,1,99.726827,1765,1780,1765,15,0.8427,GLOBAL_BEST,0,777,46,403,44,67,24,0,6250.0000,0.0000,0,0,0,0,0,0
n012w8-0,n012w8,0,5,1000000,100.0,adaptive,2026-07-04T10:59:26+01:00,1,8,3,205,117,0.000000,470,485,470,15,3.0928,GLOBAL_BEST,3,777,0,314,190,68,6,116,25000.0000,129.3103,0,0,0,0,0,0
n012w8-0,n012w8,0,5,1000000,100.0,adaptive,2026-07-04T10:59:26+01:00,1,1,3,211,1,99.710295,1745,1765,1745,20,1.1331,GLOBAL_BEST,0,777,49,416,49,69,6,-116,33333.3333,0.0000,0,0,0,0,0,0
n012w8-0,n012w8,0,5,1000000,100.0,adaptive,2026-07-04T10:59:26+01:00,1,1,3,215,1,99.704785,1730,1745,1730,15,0.8596,GLOBAL_BEST,0,777,50,419,50,70,4,0,37500.0000,0.0000,0,0,0,0,0,0
n012w8-0,n012w8,0,5,1000000,100.0,adaptive,2026-07-04T10:59:26+01:00,1,1,3,219,1,99.699275,1670,1730,1670,60,3.4682,GLOBAL_BEST,0,777,50,427,51,71,4,0,150000.0000,0.0000,0,0,0,0,0,0
n012w8-0,n012w8,0,5,1000000,100.0,adaptive,2026-07-04T10:59:26+01:00,1,2,3,269,1,0.000000,2205,2220,2205,15,0.6757,LOCAL_BEST,0,777,0,481,0,72,50,0,3000.0000,0.0000,0,0,0,0,0,0
n012w8-0,n012w8,0,5,1000000,100.0,adaptive,2026-07-04T10:59:26+01:00,1,2,3,273,1,0.000000,2190,2205,2190,15,0.6803,LOCAL_BEST,0,777,0,486,0,73,4,0,37500.0000,0.0000,0,0,0,0,0,0
n012w8-0,n012w8,0,5,1000000,100.0,adaptive,2026-07-04T10:59:26+01:00,1,2,3,274,1,0.000000,2145,2190,2145,45,2.0548,LOCAL_BEST,0,777,0,489,0,74,1,0,450000.0000,0.0000,0,0,0,0,0,0
n012w8-0,n012w8,0,5,1000000,100.0,adaptive,2026-07-04T10:59:26+01:00,1,2,3,276,1,0.000000,2115,2145,2115,30,1.3986,LOCAL_BEST,0,777,0,491,0,75,2,0,150000.0000,0.0000,0,0,0,0,0,0
n012w8-0,n012w8,0,5,1000000,100.0,adaptive,2026-07-04T10:59:26+01:00,1,1,3,283,1,99.611161,1655,1670,1655,15,0.8982,GLOBAL_BEST,0,777,68,527,74,76,7,0,21428.5714,0.0000,0,0,0,0,0,0
n012w8-0,n012w8,0,5,1000000,100.0,adaptive,2026-07-04T10:59:26+01:00,1,1,3,284,1,99.609784,1610,1655,1610,45,2.7190,GLOBAL_BEST,0,777,68,531,74,77,1,0,450000.0000,0.0000,0,0,0,0,0,0
n012w8-0,n012w8,0,5,1000000,100.0,adaptive,2026-07-04T10:59:26+01:00,1,1,3,287,1,99.605656,1565,1610,1565,45,2.7950,GLOBAL_BEST,0,777,68,533,76,78,3,0,150000.0000,0.0000,0,0,0,0,0,0
n012w8-0,n012w8,0,5,1000000,100.0,adaptive,2026-07-04T10:59:26+01:00,1,3,3,290,1,0.000000,2095,2115,2095,20,0.9456,LOCAL_BEST,0,777,100,523,13,79,3,0,66666.6667,0.0000,0,0,0,0,0,0
n012w8-0,n012w8,0,5,1000000,100.0,adaptive,2026-07-04T10:59:26+01:00,1,3,3,291,1,0.000000,1930,2095,1930,165,7.8759,LOCAL_BEST,0,777,100,524,13,80,1,0,1650000.0000,0.0000,0,0,0,0,0,0
n012w8-0,n012w8,0,5,1000000,100.0,adaptive,2026-07-04T10:59:26+01:00,1,1,3,353,1,99.514875,1495,1565,1495,70,4.4728,GLOBAL_BEST,0,777,83,624,99,81,62,0,11290.3226,0.0000,0,0,0,0,0,0
n012w8-0,n012w8,0,5,1000000,100.0,adaptive,2026-07-04T10:59:26+01:00,1,2,3,486,1,0.000000,2105,2115,2105,10,0.4728,LOCAL_BEST,0,777,0,847,0,82,133,0,751.8797,0.0000,0,0,0,0,0,0
n012w8-0,n012w8,0,5,1000000,100.0,adaptive,2026-07-04T10:59:26+01:00,1,2,3,490,1,0.000000,1975,2105,1975,130,6.1758,LOCAL_BEST,0,777,0,856,0,83,4,0,325000.0000,0.0000,0,0,0,0,0,0
n012w8-0,n012w8,0,5,1000000,100.0,adaptive,2026-07-04T10:59:26+01:00,1,2,3,491,1,0.000000,1960,1975,1960,15,0.7595,LOCAL_BEST,0,777,0,856,0,84,1,0,150000.0000,0.0000,0,0,0,0,0,0
n012w8-0,n012w8,0,5,1000000,100.0,adaptive,2026-07-04T10:59:26+01:00,1,2,3,507,1,0.000000,1915,1960,1915,45,2.2959,LOCAL_BEST,0,777,0,893,0,85,16,0,28125.0000,0.0000,0,0,0,0,0,0
n012w8-0,n012w8,0,5,1000000,100.0,adaptive,2026-07-04T10:59:26+01:00,1,2,3,534,1,0.000000,1910,1915,1910,5,0.2611,LOCAL_BEST,0,777,0,951,0,86,27,0,1851.8519,0.0000,0,0,0,0,0,0
n012w8-0,n012w8,0,5,1000000,100.0,adaptive,2026-07-04T10:59:26+01:00,1,2,3,537,1,0.000000,1880,1910,1880,30,1.5707,LOCAL_BEST,0,777,0,959,0,87,3,0,100000.0000,0.0000,0,0,0,0,0,0
n012w8-0,n012w8,0,5,1000000,100.0,adaptive,2026-07-04T10:59:26+01:00,1,2,3,538,1,0.000000,1670,1880,1670,210,11.1702,LOCAL_BEST,0,777,0,962,0,88,1,0,2100000.0000,0.0000,0,0,0,0,0,0
n012w8-0,n012w8,0,5,1000000,100.0,adaptive,2026-07-04T10:59:26+01:00,1,1,3,696,2,99.044417,1460,1495,1460,35,2.3411,GLOBAL_BEST,0,777,175,1231,206,89,158,1,2215.1899,35000.0000,0,0,0,0,0,0
n012w8-0,n012w8,0,5,1000000,100.0,adaptive,2026-07-04T10:59:26+01:00,1,1,3,697,2,99.043049,1445,1460,1445,15,1.0274,GLOBAL_BEST,0,777,175,1232,206,90,1,0,150000.0000,0.0000,0,0,0,0,0,0
n012w8-0,n012w8,0,5,1000000,100.0,adaptive,2026-07-04T10:59:26+01:00,1,1,3,735,2,98.991066,1400,1445,1400,45,3.1142,GLOBAL_BEST,0,777,182,1293,220,91,38,0,11842.1053,0.0000,0,0,0,0,0,0
n012w8-0,n012w8,0,5,1000000,100.0,adaptive,2026-07-04T10:59:26+01:00,1,1,3,741,2,98.982860,1375,1400,1375,25,1.7857,GLOBAL_BEST,0,777,182,1297,224,92,6,0,41666.6667,0.0000,0,0,0,0,0,0
n012w8-0,n012w8,0,5,1000000,100.0,adaptive,2026-07-04T10:59:26+01:00,1,3,3,750,2,0.000000,1880,1930,1880,50,2.5907,LOCAL_BEST,0,777,274,1337,29,93,9,0,55555.5556,0.0000,0,0,0,0,0,0
n012w8-0,n012w8,0,5,1000000,100.0,adaptive,2026-07-04T10:59:26+01:00,1,3,3,751,2,0.000000,1850,1880,1850,30,1.5957,LOCAL_BEST,0,777,274,1338,29,94,1,0,300000.0000,0.0000,0,0,0,0,0,0
n012w8-0,n012w8,0,5,1000000,100.0,adaptive,2026-07-04T10:59:26+01:00,1,3,3,897,2,0.000000,1785,1850,1785,65,3.5135,LOCAL_BEST,0,777,328,1675,34,95,146,0,4452.0548,0.0000,0,0,0,0,0,0
n012w8-0,n012w8,0,5,1000000,100.0,adaptive,2026-07-04T10:59:26+01:00,1,1,3,979,2,98.657930,1350,1375,1350,25,1.8182,GLOBAL_BEST,0,777,244,1682,307,96,82,0,3048.7805,0.0000,0,0,0,0,0,0
n012w8-0,n012w8,0,5,1000000,100.0,adaptive,2026-07-04T10:59:26+01:00,1,1,3,1008,2,98.618411,1305,1350,1305,45,3.3333,GLOBAL_BEST,0,777,250,1711,321,97,29,0,15517.2414,0.0000,0,0,0,0,0,0
n012w8-0,n012w8,0,5,1000000,100.0,adaptive,2026-07-04T10:59:26+01:00,1,1,3,1017,2,98.606149,1250,1305,1250,55,4.2146,GLOBAL_BEST,0,777,251,1717,325,98,9,0,61111.1111,0.0000,0,0,0,0,0,0
n012w8-0,n012w8,0,5,1000000,100.0,adaptive,2026-07-04T10:59:26+01:00,1,1,3,1038,2,98.577545,1210,1250,1210,40,3.2000,GLOBAL_BEST,0,777,255,1745,336,99,21,0,19047.6190,0.0000,0,0,0,0,0,0
n012w8-0,n012w8,0,5,1000000,100.0,adaptive,2026-07-04T10:59:26+01:00,1,1,3,1050,2,98.561204,1165,1210,1165,45,3.7190,GLOBAL_BEST,0,777,257,1756,339,100,12,0,37500.0000,0.0000,0,0,0,0,0,0
n012w8-0,n012w8,0,5,1000000,100.0,adaptive,2026-07-04T10:59:26+01:00,1,1,3,1064,2,98.542142,1075,1165,1075,90,7.7253,GLOBAL_BEST,0,777,259,1775,347,101,14,0,64285.7143,0.0000,0,0,0,0,0,0
n012w8-0,n012w8,0,5,1000000,100.0,adaptive,2026-07-04T10:59:26+01:00,1,1,3,1065,2,98.540781,1030,1075,1030,45,4.1860,GLOBAL_BEST,0,777,259,1775,347,102,1,0,450000.0000,0.0000,0,0,0,0,0,0
n012w8-0,n012w8,0,5,1000000,100.0,adaptive,2026-07-04T10:59:26+01:00,1,1,3,1088,2,98.509474,990,1030,990,40,3.8835,GLOBAL_BEST,0,777,262,1823,356,103,23,0,17391.3043,0.0000,0,0,0,0,0,0
n012w8-0,n012w8,0,5,1000000,100.0,adaptive,2026-07-04T10:59:26+01:00,1,1,3,1098,2,98.495865,975,990,975,15,1.5152,GLOBAL_BEST,0,777,263,1845,362,104,10,0,15000.0000,0.0000,0,0,0,0,0,0
n012w8-0,n012w8,0,5,1000000,100.0,adaptive,2026-07-04T10:59:26+01:00,1,2,3,2205,4,0.000000,1620,1670,1620,50,2.9940,LOCAL_BEST,0,777,0,3957,159,105,1107,2,451.6712,25000.0000,0,0,0,0,0,0
n012w8-0,n012w8,0,5,1000000,100.0,adaptive,2026-07-04T10:59:26+01:00,1,3,3,2430,5,0.000000,1745,1785,1745,40,2.2409,LOCAL_BEST,0,777,944,4391,89,106,225,1,1777.7778,40000.0000,0,0,0,0,0,0
n012w8-0,n012w8,0,5,1000000,100.0,adaptive,2026-07-04T10:59:26+01:00,1,3,3,2431,5,0.000000,1525,1745,1525,220,12.6074,LOCAL_BEST,0,777,944,4393,89,107,1,0,2200000.0000,0.0000,0,0,0,0,0,0
n012w8-0,n012w8,0,5,1000000,100.0,adaptive,2026-07-04T10:59:26+01:00,1,3,3,2432,5,0.000000,1420,1525,1420,105,6.8852,LOCAL_BEST,0,777,944,4400,89,108,1,0,1050000.0000,0.0000,0,0,0,0,0,0
n012w8-0,n012w8,0,5,1000000,100.0,adaptive,2026-07-04T10:59:26+01:00,1,2,3,3908,8,0.000000,1605,1620,1605,15,0.9259,LOCAL_BEST,0,777,0,6905,595,109,1476,3,101.6260,5000.0000,0,0,0,0,0,0
n012w8-0,n012w8,0,5,1000000,100.0,adaptive,2026-07-04T10:59:26+01:00,1,2,3,4582,9,0.000000,1600,1605,1600,5,0.3115,LOCAL_BEST,0,777,0,8015,803,110,674,1,74.1840,5000.0000,0,0,0,0,0,0
n012w8-0,n012w8,0,5,1000000,100.0,adaptive,2026-07-04T10:59:26+01:00,1,2,3,5942,12,0.000000,1520,1600,1520,80,5.0000,LOCAL_BEST,0,777,0,10515,1311,111,1360,3,588.2353,26666.6667,0,0,0,0,0,0
n012w8-0,n012w8,0,5,1000000,100.0,adaptive,2026-07-04T10:59:26+01:00,1,2,3,6118,12,0.000000,1480,1520,1480,40,2.6316,LOCAL_BEST,0,777,0,10836,1374,112,176,0,2272.7273,0.0000,0,0,0,0,0,0
n012w8-0,n012w8,0,5,1000000,100.0,adaptive,2026-07-04T10:59:26+01:00,1,2,3,6946,14,0.000000,1470,1480,1470,10,0.6757,LOCAL_BEST,0,777,0,12294,1615,113,828,2,120.7729,5000.0000,0,0,0,0,0,0
n012w8-0,n012w8,0,5,1000000,100.0,adaptive,2026-07-04T10:59:26+01:00,1,2,3,7409,15,0.000000,1415,1470,1415,55,3.7415,LOCAL_BEST,0,777,0,13039,1755,114,463,1,1187.9050,55000.0000,0,0,0,0,0,0
n012w8-0,n012w8,0,5,1000000,100.0,adaptive,2026-07-04T10:59:26+01:00,1,2,3,7410,15,0.000000,1370,1415,1370,45,3.1802,LOCAL_BEST,0,777,0,13040,1755,115,1,0,450000.0000,0.0000,0,0,0,0,0,0
n012w8-0,n012w8,0,5,1000000,100.0,adaptive,2026-07-04T10:59:26+01:00,1,2,3,9116,18,0.000000,1345,1370,1345,25,1.8248,LOCAL_BEST,0,777,0,15916,2445,116,1706,3,146.5416,8333.3333,0,0,0,0,0,0
n012w8-0,n012w8,0,5,1000000,100.0,adaptive,2026-07-04T10:59:26+01:00,1,8,3,9947,131,0.000000,460,470,460,10,2.1277,GLOBAL_BEST,3,777,0,15288,9149,117,831,113,120.3369,88.4956,0,0,0,0,0,0
n012w8-0,n012w8,0,5,1000000,100.0,adaptive,2026-07-04T10:59:26+01:00,1,2,3,9979,19,0.000000,1335,1345,1335,10,0.7435,LOCAL_BEST,0,777,0,17365,2802,118,32,-112,3125.0000,0.0000,0,0,0,0,0,0
n012w8-0,n012w8,0,5,1000000,100.0,adaptive,2026-07-04T10:59:26+01:00,1,2,3,10070,19,0.000000,1260,1335,1260,75,5.6180,LOCAL_BEST,0,777,0,17495,2837,119,91,0,8241.7582,0.0000,0,0,0,0,0,0
n012w8-0,n012w8,0,5,1000000,100.0,adaptive,2026-07-04T10:59:26+01:00,1,8,3,10094,131,0.000000,455,460,455,5,1.0870,GLOBAL_BEST,3,777,0,15494,9285,120,24,112,2083.3333,44.6429,0,0,0,0,0,0
n012w8-0,n012w8,0,5,1000000,100.0,adaptive,2026-07-04T10:59:26+01:00,1,5,3,10208,68,0.000000,610,630,610,20,3.1746,GLOBAL_BEST,1,777,0,15570,8239,121,114,-63,1754.3860,0.0000,0,0,0,0,0,0
n012w8-0,n012w8,0,5,1000000,100.0,adaptive,2026-07-04T10:59:26+01:00,1,2,3,13504,25,0.000000,1145,1260,1145,115,9.1270,LOCAL_BEST,0,777,0,23079,4429,122,3296,-43,348.9078,0.0000,0,0,0,0,0,0
n012w8-0,n012w8,0,5,1000000,100.0,adaptive,2026-07-04T10:59:26+01:00,1,5,3,13657,73,0.000000,595,610,595,15,2.4590,GLOBAL_BEST,1,777,0,20822,11055,123,153,48,980.3922,312.5000,0,0,0,0,0,0
n012w8-0,n012w8,0,5,1000000,100.0,adaptive,2026-07-04T10:59:26+01:00,1,5,3,13669,73,0.000000,565,595,565,30,5.0420,GLOBAL_BEST,1,777,0,20844,11062,124,12,0,25000.0000,0.0000,0,0,0,0,0,0
n012w8-0,n012w8,0,5,1000000,100.0,adaptive,2026-07-04T10:59:26+01:00,1,2,3,14157,26,0.000000,1130,1145,1130,15,1.3100,LOCAL_BEST,0,777,0,24252,4760,125,488,-47,307.3770,0.0000,0,0,0,0,0,0
n012w8-0,n012w8,0,5,1000000,100.0,adaptive,2026-07-04T10:59:26+01:00,1,5,3,18148,81,0.000000,550,565,550,15,2.6549,GLOBAL_BEST,1,777,0,27377,14723,126,3991,55,37.5846,272.7273,0,0,0,0,0,0
n012w8-0,n012w8,0,5,1000000,100.0,adaptive,2026-07-04T10:59:26+01:00,1,2,3,18269,33,0.000000,1115,1130,1115,15,1.3274,LOCAL_BEST,0,777,0,31246,6948,127,121,-48,1239.6694,0.0000,0,0,0,0,0,0
n012w8-0,n012w8,0,5,1000000,100.0,adaptive,2026-07-04T10:59:26+01:00,1,2,3,18270,33,0.000000,1100,1115,1100,15,1.3453,LOCAL_BEST,0,777,0,31253,6948,128,1,0,150000.0000,0.0000,0,0,0,0,0,0
n012w8-0,n012w8,0,5,1000000,100.0,adaptive,2026-07-04T10:59:26+01:00,1,2,3,18541,34,0.000000,1090,1100,1090,10,0.9091,LOCAL_BEST,0,777,0,31775,7085,129,271,1,369.0037,10000.0000,0,0,0,0,0,0
n012w8-0,n012w8,0,5,1000000,100.0,adaptive,2026-07-04T10:59:26+01:00,1,2,3,22617,40,0.000000,980,1090,980,110,10.0917,LOCAL_BEST,0,777,0,38510,9581,130,4076,6,269.8724,18333.3333,0,0,0,0,0,0
n012w8-0,n012w8,0,5,1000000,100.0,adaptive,2026-07-04T10:59:26+01:00,1,5,3,24525,91,0.000000,515,550,515,35,6.3636,GLOBAL_BEST,1,777,0,36676,20131,131,1908,51,183.4382,686.2745,0,0,0,0,0,0
n012w8-0,n012w8,0,5,1000000,100.0,adaptive,2026-07-04T10:59:26+01:00,1,2,3,24571,43,0.000000,965,980,965,15,1.5306,GLOBAL_BEST,0,777,0,41702,10717,132,46,-48,3260.8696,0.0000,0,0,0,0,0,0
n012w8-0,n012w8,0,5,1000000,100.0,adaptive,2026-07-04T10:59:26+01:00,1,2,3,24574,43,0.000000,935,965,935,30,3.1088,GLOBAL_BEST,0,777,0,41703,10718,133,3,0,100000.0000,0.0000,0,0,0,0,0,0
n012w8-0,n012w8,0,5,1000000,100.0,adaptive,2026-07-04T10:59:26+01:00,1,2,3,29738,52,0.000000,900,935,900,35,3.7433,GLOBAL_BEST,0,777,0,50053,14013,134,5164,9,67.7769,3888.8889,0,0,0,0,0,0
n012w8-0,n012w8,0,5,1000000,100.0,adaptive,2026-07-04T10:59:26+01:00,1,1,3,29764,52,66.286029,970,975,970,5,0.5128,LOCAL_BEST,0,777,6818,49405,11545,135,26,0,1923.0769,0.0000,0,0,0,0,0,0
n012w8-0,n012w8,0,5,1000000,100.0,adaptive,2026-07-04T10:59:26+01:00,1,2,3,33530,58,0.000000,880,900,880,20,2.2222,LOCAL_BEST,0,777,0,55976,16687,136,3766,6,53.1067,3333.3333,0,0,0,0,0,0
n012w8-0,n012w8,0,5,1000000,100.0,adaptive,2026-07-04T10:59:26+01:00,1,2,3,34448,60,0.000000,850,880,850,30,3.4091,LOCAL_BEST,0,777,0,57469,17315,137,918,2,326.7974,15000.0000,0,0,0,0,0,0
n012w8-0,n012w8,0,5,1000000,100.0,adaptive,2026-07-04T10:59:26+01:00,1,2,3,35320,61,0.000000,800,850,800,50,5.8824,LOCAL_BEST,0,777,0,58733,17903,138,872,1,573.3945,50000.0000,0,0,0,0,0,0
n012w8-0,n012w8,0,5,1000000,100.0,adaptive,2026-07-04T10:59:26+01:00,1,1,3,36925,64,60.042117,935,970,935,35,3.6082,LOCAL_BEST,0,777,8185,61367,15024,139,1605,3,218.0685,11666.6667,0,0,0,0,0,0
n012w8-0,n012w8,0,5,1000000,100.0,adaptive,2026-07-04T10:59:26+01:00,1,5,3,39303,113,0.000000,500,515,500,15,2.9126,GLOBAL_BEST,1,777,0,59769,33263,140,2378,49,63.0782,306.1224,0,0,0,0,0,0
n012w8-0,n012w8,0,5,1000000,100.0,adaptive,2026-07-04T10:59:26+01:00,1,1,3,41702,73,56.207465,920,935,920,15,1.6043,LOCAL_BEST,0,777,9029,69110,17468,141,2399,-40,62.5261,0.0000,0,0,0,0,0,0
n012w8-0,n012w8,0,5,1000000,100.0,adaptive,2026-07-04T10:59:26+01:00,1,1,3,41705,73,56.205136,890,920,890,30,3.2609,LOCAL_BEST,0,777,9030,69112,17469,142,3,0,100000.0000,0.0000,0,0,0,0,0,0
n012w8-0,n012w8,0,5,1000000,100.0,adaptive,2026-07-04T10:59:26+01:00,1,1,3,41707,73,56.203583,875,890,875,15,1.6854,LOCAL_BEST,0,777,9030,69114,17470,143,2,0,75000.0000,0.0000,0,0,0,0,0,0
n012w8-0,n012w8,0,5,1000000,100.0,adaptive,2026-07-04T10:59:26+01:00,1,1,3,41715,73,56.197371,860,875,860,15,1.7143,LOCAL_BEST,0,777,9030,69125,17476,144,8,0,18750.0000,0.0000,0,0,0,0,0,0
n012w8-0,n012w8,0,5,1000000,100.0,adaptive,2026-07-04T10:59:26+01:00,1,1,3,41716,73,56.196595,830,860,830,30,3.4884,LOCAL_BEST,0,777,9030,69125,17476,145,1,0,300000.0000,0.0000,0,0,0,0,0,0
n012w8-0,n012w8,0,5,1000000,100.0,adaptive,2026-07-04T10:59:26+01:00,1,1,3,42248,73,55.785072,700,830,700,130,15.6627,LOCAL_BEST,0,777,9096,69935,17808,146,532,0,2443.6090,0.0000,0,0,0,0,0,0
n012w8-0,n012w8,0,5,1000000,100.0,adaptive,2026-07-04T10:59:26+01:00,1,1,3,42253,73,55.781219,695,700,695,5,0.7143,LOCAL_BEST,0,777,9097,69938,17811,147,5,0,10000.0000,0.0000,0,0,0,0,0,0
n012w8-0,n012w8,0,5,1000000,100.0,adaptive,2026-07-04T10:59:26+01:00,1,5,3,43629,119,0.000000,495,500,495,5,1.0000,LOCAL_BEST,1,777,0,66666,37083,148,1376,46,36.3372,108.6957,0,0,0,0,0,0
n012w8-0,n012w8,0,5,1000000,100.0,adaptive,2026-07-04T10:59:26+01:00,1,2,3,43888,75,0.000000,790,800,790,10,1.2500,LOCAL_BEST,0,777,0,71715,24401,149,259,-44,386.1004,0.0000,0,0,0,0,0,0
n012w8-0,n012w8,0,5,1000000,100.0,adaptive,2026-07-04T10:59:26+01:00,1,2,3,44053,75,0.000000,780,790,780,10,1.2658,LOCAL_BEST,0,777,0,71928,24524,150,165,0,606.0606,0.0000,0,0,0,0,0,0
n012w8-0,n012w8,0,5,1000000,100.0,adaptive,2026-07-04T10:59:26+01:00,1,2,3,44167,76,0.000000,740,780,740,40,5.1282,LOCAL_BEST,0,777,0,72135,24609,151,114,1,3508.7719,40000.0000,0,0,0,0,0,0
n012w8-0,n012w8,0,5,1000000,100.0,adaptive,2026-07-04T10:59:26+01:00,1,5,3,45370,122,0.000000,490,495,490,5,1.0101,LOCAL_BEST,1,777,0,69540,38632,152,1203,46,41.5628,108.6957,0,0,0,0,0,0
n012w8-0,n012w8,0,5,1000000,100.0,adaptive,2026-07-04T10:59:26+01:00,1,5,3,45995,123,0.000000,480,490,480,10,2.0408,LOCAL_BEST,1,777,0,70453,39182,153,625,1,160.0000,10000.0000,0,0,0,0,0,0
n012w8-0,n012w8,0,5,1000000,100.0,adaptive,2026-07-04T10:59:26+01:00,1,5,3,48472,127,0.000000,465,480,465,15,3.1250,GLOBAL_BEST,1,777,0,74202,41383,154,2477,4,60.5571,3750.0000,0,0,0,0,0,0
n012w8-0,n012w8,0,5,1000000,100.0,adaptive,2026-07-04T10:59:26+01:00,1,2,3,49899,84,0.000000,735,740,735,5,0.6757,LOCAL_BEST,0,777,0,80832,28889,155,1427,-43,35.0385,0.0000,0,0,0,0,0,0
n012w8-0,n012w8,0,5,1000000,100.0,adaptive,2026-07-04T10:59:26+01:00,1,2,3,51259,87,0.000000,725,735,725,10,1.3605,LOCAL_BEST,0,777,0,82911,29928,156,1360,3,73.5294,3333.3333,0,0,0,0,0,0
n012w8-0,n012w8,0,5,1000000,100.0,adaptive,2026-07-04T10:59:26+01:00,1,2,3,51885,88,0.000000,695,725,695,30,4.1379,LOCAL_BEST,0,777,0,83840,30395,157,626,1,479.2332,30000.0000,0,0,0,0,0,0
n012w8-0,n012w8,0,5,1000000,100.0,adaptive,2026-07-04T10:59:26+01:00,1,2,3,51886,88,0.000000,680,695,680,15,2.1583,LOCAL_BEST,0,777,0,83841,30395,158,1,0,150000.0000,0.0000,0,0,0,0,0,0
n012w8-0,n012w8,0,5,1000000,100.0,adaptive,2026-07-04T10:59:26+01:00,1,5,3,52639,138,0.000000,455,465,455,10,2.1505,LOCAL_BEST,1,777,0,80455,45122,159,753,50,132.8021,200.0000,0,0,0,0,0,0
n012w8-0,n012w8,0,5,1000000,100.0,adaptive,2026-07-04T10:59:26+01:00,1,4,3,53062,143,48.043429,890,900,890,10,1.1111,LOCAL_BEST,1,777,10837,87477,23586,160,423,5,236.4066,2000.0000,0,0,0,0,0,0
n012w8-0,n012w8,0,5,1000000,100.0,adaptive,2026-07-04T10:59:26+01:00,1,4,3,53112,143,48.010254,875,890,875,15,1.6854,LOCAL_BEST,1,777,10846,87550,23617,161,50,0,3000.0000,0.0000,0,0,0,0,0,0
n012w8-0,n012w8,0,5,1000000,100.0,adaptive,2026-07-04T10:59:26+01:00,1,4,3,53113,143,48.009590,860,875,860,15,1.7143,LOCAL_BEST,1,777,10846,87551,23617,162,1,0,150000.0000,0.0000,0,0,0,0,0,0
n012w8-0,n012w8,0,5,1000000,100.0,adaptive,2026-07-04T10:59:26+01:00,1,2,3,55534,94,0.000000,640,680,640,40,5.8824,LOCAL_BEST,0,777,0,89561,33276,163,2421,-49,165.2210,0.0000,0,0,0,0,0,0
n012w8-0,n012w8,0,5,1000000,100.0,adaptive,2026-07-04T10:59:26+01:00,1,2,3,55893,94,0.000000,635,640,635,5,0.7812,LOCAL_BEST,0,777,0,90206,33541,164,359,0,139.2758,0.0000,0,0,0,0,0,0
n012w8-0,n012w8,0,5,1000000,100.0,adaptive,2026-07-04T10:59:26+01:00,1,4,3,59581,154,43.905608,825,860,825,35,4.0698,LOCAL_BEST,1,777,11783,97635,27387,165,3688,60,94.9024,583.3333,0,0,0,0,0,0
n012w8-0,n012w8,0,5,1000000,100.0,adaptive,2026-07-04T10:59:26+01:00,1,5,3,60333,154,0.000000,450,455,450,5,1.0989,LOCAL_BEST,1,777,0,92081,52106,166,752,0,66.4894,0.0000,0,0,0,0,0,0
n012w8-0,n012w8,0,5,1000000,100.0,adaptive,2026-07-04T10:59:26+01:00,1,4,3,61132,156,42.974813,795,825,795,30,3.6364,LOCAL_BEST,1,777,11976,100124,28405,167,799,2,375.4693,15000.0000,0,0,0,0,0,0
n012w8-0,n012w8,0,5,1000000,100.0,adaptive,2026-07-04T10:59:26+01:00,1,4,3,61139,156,42.970658,735,795,735,60,7.5472,LOCAL_BEST,1,777,11976,100128,28411,168,7,0,85714.2857,0.0000,0,0,0,0,0,0
n012w8-0,n012w8,0,5,1000000,100.0,adaptive,2026-07-04T10:59:26+01:00,1,2,3,61166,102,0.000000,620,635,620,15,2.3622,LOCAL_BEST,0,777,0,98433,37868,169,27,-54,5555.5556,0.0000,0,0,0,0,0,0
n012w8-0,n012w8,0,5,1000000,100.0,adaptive,2026-07-04T10:59:26+01:00,1,5,3,61840,156,0.000000,440,450,440,10,2.2222,GLOBAL_BEST,1,777,0,94544,53472,170,674,54,148.3680,185.1852,0,0,0,0,0,0
n012w8-0,n012w8,0,5,1000000,100.0,adaptive,2026-07-04T10:59:26+01:00,1,4,3,65020,166,40.727336,710,735,710,25,3.4014,LOCAL_BEST,1,777,12434,106380,30891,171,3180,10,78.6164,2500.0000,0,0,0,0,0,0
n012w8-0,n012w8,0,5,1000000,100.0,adaptive,2026-07-04T10:59:26+01:00,1,4,3,65709,168,40.341496,700,710,700,10,1.4085,LOCAL_BEST,1,777,12506,107606,31372,172,689,2,145.1379,5000.0000,0,0,0,0,0,0
n012w8-0,n012w8,0,5,1000000,100.0,adaptive,2026-07-04T10:59:26+01:00,1,4,3,65740,168,40.324222,685,700,685,15,2.1429,LOCAL_BEST,1,777,12507,107650,31396,173,31,0,4838.7097,0.0000,0,0,0,0,0,0
n012w8-0,n012w8,0,5,1000000,100.0,adaptive,2026-07-04T10:59:26+01:00,1,4,3,65741,168,40.323665,640,685,640,45,6.5693,LOCAL_BEST,1,777,12507,107650,31396,174,1,0,450000.0000,0.0000,0,0,0,0,0,0
n012w8-0,n012w8,0,5,1000000,100.0,adaptive,2026-07-04T10:59:26+01:00,1,2,3,66931,112,0.000000,600,620,600,20,3.2258,LOCAL_BEST,0,777,0,106965,42612,175,1190,-56,168.0672,0.0000,0,0,0,0,0,0
n012w8-0,n012w8,0,5,1000000,100.0,adaptive,2026-07-04T10:59:26+01:00,1,2,3,73926,122,0.000000,575,600,575,25,4.1667,LOCAL_BEST,0,777,0,117689,48549,176,6995,10,35.7398,2500.0000,0,0,0,0,0,0
n012w8-0,n012w8,0,5,1000000,100.0,adaptive,2026-07-04T10:59:26+01:00,1,2,3,74955,123,0.000000,570,575,570,5,0.8696,LOCAL_BEST,0,777,0,119267,49396,177,1029,1,48.5909,5000.0000,0,0,0,0,0,0
n012w8-0,n012w8,0,5,1000000,100.0,adaptive,2026-07-04T10:59:26+01:00,1,4,3,76037,187,34.977116,620,640,620,20,3.1250,LOCAL_BEST,1,777,13604,124131,38396,178,1082,64,184.8429,312.5000,0,0,0,0,0,0
n012w8-0,n012w8,0,5,1000000,100.0,adaptive,2026-07-04T10:59:26+01:00,1,2,3,76538,126,0.000000,560,570,560,10,1.7544,LOCAL_BEST,0,777,0,121809,50769,179,501,-61,199.6008,0.0000,0,0,0,0,0,0
n012w8-0,n012w8,0,5,1000000,100.0,adaptive,2026-07-04T10:59:26+01:00,1,4,3,77603,189,34.228510,615,620,615,5,0.8065,LOCAL_BEST,1,777,13721,126573,39588,180,1065,63,46.9484,79.3651,0,0,0,0,0,0
n012w8-0,n012w8,0,5,1000000,100.0,adaptive,2026-07-04T10:59:26+01:00,1,2,3,77639,128,0.000000,550,560,550,10,1.7857,LOCAL_BEST,0,777,0,123606,51704,181,36,-61,2777.7778,0.0000,0,0,0,0,0,0
n012w8-0,n012w8,0,5,1000000,100.0,adaptive,2026-07-04T10:59:26+01:00,1,4,3,78294,190,33.903302,605,615,605,10,1.6260,LOCAL_BEST,1,777,13769,127642,40121,182,655,62,152.6718,161.2903,0,0,0,0,0,0
n012w8-0,n012w8,0,5,1000000,100.0,adaptive,2026-07-04T10:59:26+01:00,1,2,3,78369,129,0.000000,545,550,545,5,0.9091,LOCAL_BEST,0,777,0,124750,52338,183,75,-61,666.6667,0.0000,0,0,0,0,0,0
n012w8-0,n012w8,0,5,1000000,100.0,adaptive,2026-07-04T10:59:26+01:00,1,2,3,78376,129,0.000000,530,545,530,15,2.7523,LOCAL_BEST,0,777,0,124761,52341,184,7,0,21428.5714,0.0000,0,0,0,0,0,0
n012w8-0,n012w8,0,5,1000000,100.0,adaptive,2026-07-04T10:59:26+01:00,1,2,3,80507,132,0.000000,525,530,525,5,0.9434,LOCAL_BEST,0,777,0,128255,54190,185,2131,3,23.4632,1666.6667,0,0,0,0,0,0
n012w8-0,n012w8,0,5,1000000,100.0,adaptive,2026-07-04T10:59:26+01:00,1,1,3,81027,143,32.647054,690,695,690,5,0.7194,LOCAL_BEST,0,777,14125,131834,41868,186,520,11,96.1538,454.5455,0,0,0,0,0,0
n012w8-0,n012w8,0,5,1000000,100.0,adaptive,2026-07-04T10:59:26+01:00,1,1,3,81059,143,32.632624,675,690,675,15,2.1739,LOCAL_BEST,0,777,14126,131860,41894,187,32,0,4687.5000,0.0000,0,0,0,0,0,0
n012w8-0,n012w8,0,5,1000000,100.0,adaptive,2026-07-04T10:59:26+01:00,1,1,3,81344,143,32.504388,670,675,670,5,0.7407,LOCAL_BEST,0,777,14154,132271,42097,188,285,0,175.4386,0.0000,0,0,0,0,0,0
n012w8-0,n012w8,0,5,1000000,100.0,adaptive,2026-07-04T10:59:26+01:00,1,1,3,81349,143,32.502143,655,670,655,15,2.2388,LOCAL_BEST,0,777,14154,132284,42101,189,5,0,30000.0000,0.0000,0,0,0,0,0,0
n012w8-0,n012w8,0,5,1000000,100.0,adaptive,2026-07-04T10:59:26+01:00,1,2,3,82858,136,0.000000,515,525,515,10,1.9048,LOCAL_BEST,0,777,0,131729,56270,190,1509,-7,66.2691,0.0000,0,0,0,0,0,0
n012w8-0,n012w8,0,5,1000000,100.0,adaptive,2026-07-04T10:59:26+01:00,1,1,3,83882,147,31.384412,640,655,640,15,2.2901,LOCAL_BEST,0,777,14370,136183,43972,191,1024,11,146.4844,1363.6364,0,0,0,0,0,0
n012w8-0,n012w8,0,5,1000000,100.0,adaptive,2026-07-04T10:59:26+01:00,1,1,3,83936,148,31.361007,610,640,610,30,4.6875,LOCAL_BEST,0,777,14374,136249,44015,192,54,1,5555.5556,30000.0000,0,0,0,0,0,0
n012w8-0,n012w8,0,5,1000000,100.0,adaptive,2026-07-04T10:59:26+01:00,1,1,3,84109,148,31.286141,595,610,595,15,2.4590,LOCAL_BEST,0,777,14383,136504,44149,193,173,0,867.0520,0.0000,0,0,0,0,0,0
n012w8-0,n012w8,0,5,1000000,100.0,adaptive,2026-07-04T10:59:26+01:00,1,2,3,84232,138,0.000000,505,515,505,10,1.9417,LOCAL_BEST,0,777,0,133756,57470,194,123,-10,813.0081,0.0000,0,0,0,0,0,0
n012w8-0,n012w8,0,5,1000000,100.0,adaptive,2026-07-04T10:59:26+01:00,1,2,3,86414,142,0.000000,485,505,485,20,3.9604,LOCAL_BEST,0,777,0,137022,59299,195,2182,4,91.6590,5000.0000,0,0,0,0,0,0
n012w8-0,n012w8,0,5,1000000,100.0,adaptive,2026-07-04T10:59:26+01:00,1,1,3,90056,157,28.818409,590,595,590,5,0.8403,LOCAL_BEST,0,777,14861,145484,48629,196,3642,15,13.7287,333.3333,0,0,0,0,0,0
n012w8-0,n012w8,0,5,1000000,100.0,adaptive,2026-07-04T10:59:26+01:00,1,1,3,91127,158,28.395139,565,590,565,25,4.2373,LOCAL_BEST,0,777,14922,147167,49489,197,1071,1,233.4267,25000.0000,0,0,0,0,0,0
n012w8-0,n012w8,0,5,1000000,100.0,adaptive,2026-07-04T10:59:26+01:00,1,1,3,91142,158,28.389255,535,565,535,30,5.3097,LOCAL_BEST,0,777,14922,147199,49503,198,15,0,20000.0000,0.0000,0,0,0,0,0,0
n012w8-0,n012w8,0,5,1000000,100.0,adaptive,2026-07-04T10:59:26+01:00,1,1,3,91390,160,28.292153,525,535,525,10,1.8692,LOCAL_BEST,0,777,14935,147571,49711,199,248,2,403.2258,5000.0000,0,0,0,0,0,0
n012w8-0,n012w8,0,5,1000000,100.0,adaptive,2026-07-04T10:59:26+01:00,1,2,3,93118,151,0.000000,470,485,470,15,3.0928,LOCAL_BEST,0,777,0,146878,65282,200,1728,-9,86.8056,0.0000,0,0,0,0,0,0
n012w8-0,n012w8,0,5,1000000,100.0,adaptive,2026-07-04T10:59:26+01:00,1,4,3,93220,214,27.585826,600,605,600,5,0.8264,LOCAL_BEST,1,777,15073,151426,51031,201,102,63,490.1961,79.3651,0,0,0,0,0,0
n012w8-0,n012w8,0,5,1000000,100.0,adaptive,2026-07-04T10:59:26+01:00,1,2,3,94127,153,0.000000,455,470,455,15,3.1915,LOCAL_BEST,0,777,0,148411,66178,202,907,-61,165.3804,0.0000,0,0,0,0,0,0
n012w8-0,n012w8,0,5,1000000,100.0,adaptive,2026-07-04T10:59:26+01:00,1,2,3,94687,153,0.000000,445,455,445,10,2.1978,GLOBAL_BEST,0,777,0,149301,66658,203,560,0,178.5714,0.0000,0,0,0,0,0,0
n012w8-0,n012w8,0,5,1000000,100.0,adaptive,2026-07-04T10:59:26+01:00,1,4,3,102624,229,24.224900,550,600,550,50,8.3333,LOCAL_BEST,1,777,15686,165739,58352,204,7937,76,62.9961,657.8947,0,0,0,0,0,0
n012w8-0,n012w8,0,5,1000000,100.0,adaptive,2026-07-04T10:59:26+01:00,1,4,3,102644,229,24.218208,530,550,530,20,3.6364,LOCAL_BEST,1,777,15686,165780,58369,205,20,0,10000.0000,0.0000,0,0,0,0,0,0
n012w8-0,n012w8,0,5,1000000,100.0,adaptive,2026-07-04T10:59:26+01:00,1,4,3,102645,229,24.217873,500,530,500,30,5.6604,LOCAL_BEST,1,777,15686,165790,58369,206,1,0,300000.0000,0.0000,0,0,0,0,0,0
n012w8-0,n012w8,0,5,1000000,100.0,adaptive,2026-07-04T10:59:26+01:00,1,4,3,102681,229,24.205831,490,500,490,10,2.0000,LOCAL_BEST,1,777,15688,165852,58399,207,36,0,2777.7778,0.0000,0,0,0,0,0,0
n012w8-0,n012w8,0,5,1000000,100.0,adaptive,2026-07-04T10:59:26+01:00,1,4,3,102737,229,24.187111,475,490,475,15,3.0612,LOCAL_BEST,1,777,15689,165957,58449,208,56,0,2678.5714,0.0000,0,0,0,0,0,0
n012w8-0,n012w8,0,5,1000000,100.0,adaptive,2026-07-04T10:59:26+01:00,1,7,3,108206,318,22.426939,470,500,470,30,6.0000,LOCAL_BEST,2,777,15893,173996,63068,209,5469,89,54.8546,337.0787,0,0,0,0,0,0
n012w8-0,n012w8,0,5,1000000,100.0,adaptive,2026-07-04T10:59:26+01:00,1,7,3,108232,318,22.418885,455,470,455,15,3.1915,LOCAL_BEST,2,777,15894,174042,63091,210,26,0,5769.2308,0.0000,0,0,0,0,0,0
n012w8-0,n012w8,0,5,1000000,100.0,adaptive,2026-07-04T10:59:26+01:00,1,3,3,110293,202,0.000000,1400,1420,1400,20,1.4085,LOCAL_BEST,0,777,41994,196885,4296,211,2061,-116,97.0403,0.0000,0,0,0,0,0,0
n012w8-0,n012w8,0,5,1000000,100.0,adaptive,2026-07-04T10:59:26+01:00,1,1,3,116771,200,19.924159,505,525,505,20,3.8095,LOCAL_BEST,0,777,16366,186937,69968,212,6478,-2,30.8737,0.0000,0,0,0,0,0,0
n012w8-0,n012w8,0,5,1000000,100.0,adaptive,2026-07-04T10:59:26+01:00,1,1,3,116776,200,19.922783,490,505,490,15,2.9703,LOCAL_BEST,0,777,16366,186943,69972,213,5,0,30000.0000,0.0000,0,0,0,0,0,0
n012w8-0,n012w8,0,5,1000000,100.0,adaptive,2026-07-04T10:59:26+01:00,1,2,3,117325,192,0.000000,440,445,440,5,1.1236,LOCAL_BEST,0,777,0,182462,86746,214,549,-8,91.0747,0.0000,0,0,0,0,0,0
n012w8-0,n012w8,0,5,1000000,100.0,adaptive,2026-07-04T10:59:26+01:00,1,4,3,118804,254,19.372336,470,475,470,5,1.0526,LOCAL_BEST,1,777,16420,190674,71772,215,1479,62,33.8066,80.6452,0,0,0,0,0,0
n012w8-0,n012w8,0,5,1000000,100.0,adaptive,2026-07-04T10:59:26+01:00,1,2,3,119549,196,0.000000,415,440,415,25,5.6818,LOCAL_BEST,0,777,0,185741,88685,216,745,-58,335.5705,0.0000,0,0,0,0,0,0
n012w8-0,n012w8,0,5,1000000,100.0,adaptive,2026-07-04T10:59:26+01:00,1,7,3,120916,351,18.815250,440,455,440,15,3.2967,LOCAL_BEST,2,777,16392,193110,73879,217,1367,155,109.7293,96.7742,0,0,0,0,0,0
n012w8-0,n012w8,0,5,1000000,100.0,adaptive,2026-07-04T10:59:26+01:00,1,1,3,123430,210,18.172974,485,490,485,5,1.0204,LOCAL_BEST,0,777,16625,197050,75525,218,2514,-141,19.8886,0.0000,0,0,0,0,0,0
n012w8-0,n012w8,0,5,1000000,100.0,adaptive,2026-07-04T10:59:26+01:00,1,10,3,128889,401,16.852797,440,445,440,5,1.1236,LOCAL_BEST,4,777,16723,205028,80644,219,5459,191,9.1592,26.1780,0,0,0,0,0,0
n012w8-0,n012w8,0,5,1000000,100.0,adaptive,2026-07-04T10:59:26+01:00,1,4,3,129505,275,16.709983,460,470,460,10,2.1277,LOCAL_BEST,1,777,16803,207379,80839,220,616,-126,162.3377,0.0000,0,0,0,0,0,0
n012w8-0,n012w8,0,5,1000000,100.0,adaptive,2026-07-04T10:59:26+01:00,1,1,3,133295,231,15.857547,475,485,475,10,2.0619,LOCAL_BEST,0,777,16931,211973,84037,221,3790,-44,26.3852,0.0000,0,0,0,0,0,0
n012w8-0,n012w8,0,5,1000000,100.0,adaptive,2026-07-04T10:59:26+01:00,1,1,3,133530,232,15.806146,460,475,460,15,3.1579,LOCAL_BEST,0,777,16934,212333,84252,222,235,1,638.2979,15000.0000,0,0,0,0,0,0
n012w8-0,n012w8,0,5,1000000,100.0,adaptive,2026-07-04T10:59:26+01:00,1,10,3,134542,414,15.586694,415,440,415,25,5.6818,LOCAL_BEST,4,777,16865,213922,85528,223,1012,182,247.0356,137.3626,0,0,0,0,0,0
n012w8-0,n012w8,0,5,1000000,100.0,adaptive,2026-07-04T10:59:26+01:00,1,7,3,135603,374,15.359886,435,440,435,5,1.1364,LOCAL_BEST,2,777,16804,216081,86730,224,1061,-40,47.1254,0.0000,0,0,0,0,0,0
n012w8-0,n012w8,0,5,1000000,100.0,adaptive,2026-07-04T10:59:26+01:00,1,4,3,135763,292,15.325971,445,460,445,15,3.2609,LOCAL_BEST,1,777,16957,216960,86334,225,160,-82,937.5000,0.0000,0,0,0,0,0,0
n012w8-0,n012w8,0,5,1000000,100.0,adaptive,2026-07-04T10:59:26+01:00,1,7,3,136275,375,15.217945,420,435,420,15,3.4483,LOCAL_BEST,2,777,16824,217116,87317,226,512,83,292.9688,180.7229,0,0,0,0,0,0
n012w8-0,n012w8,0,5,1000000,100.0,adaptive,2026-07-04T10:59:26+01:00,1,4,3,137083,296,15.049012,430,445,430,15,3.3708,LOCAL_BEST,1,777,16977,218858,87514,227,808,-79,185.6436,0.0000,0,0,0,0,0,0
n012w8-0,n012w8,0,5,1000000,100.0,adaptive,2026-07-04T10:59:26+01:00,1,1,3,137257,237,15.012880,445,460,445,15,3.2609,LOCAL_BEST,0,777,17037,217289,87487,228,174,-59,862.0690,0.0000,0,0,0,0,0,0
n012w8-0,n012w8,0,5,1000000,100.0,adaptive,2026-07-04T10:59:26+01:00,1,4,3,138906,299,14.674726,415,430,415,15,3.4884,LOCAL_BEST,1,777,17021,221469,89076,229,1649,62,90.9642,241.9355,0,0,0,0,0,0
n012w8-0,n012w8,0,5,1000000,100.0,adaptive,2026-07-04T10:59:26+01:00,1,4,3,139063,299,14.642930,410,415,410,5,1.2048,GLOBAL_BEST,1,777,17024,221705,89213,230,157,0,318.4713,0.0000,0,0,0,0,0,0
n012w8-0,n012w8,0,5,1000000,100.0,adaptive,2026-07-04T10:59:26+01:00,1,1,3,139693,240,14.516035,430,445,430,15,3.3708,LOCAL_BEST,0,777,17085,220689,89676,231,630,-59,238.0952,0.0000,0,0,0,0,0,0
n012w8-0,n012w8,0,5,1000000,100.0,adaptive,2026-07-04T10:59:26+01:00,1,7,3,148241,401,12.899118,410,420,410,10,2.3810,LOCAL_BEST,2,777,17033,235574,98097,232,8548,161,11.6986,62.1118,0,0,0,0,0,0
n012w8-0,n012w8,0,5,1000000,100.0,adaptive,2026-07-04T10:59:26+01:00,1,1,3,159264,272,11.076996,425,430,425,5,1.1628,LOCAL_BEST,0,777,17407,249308,107251,233,11023,-129,4.5360,0.0000,0,0,0,0,0,0
n012w8-0,n012w8,0,5,1000000,100.0,adaptive,2026-07-04T10:59:26+01:00,1,4,3,186921,379,7.559272,400,410,400,10,2.4390,GLOBAL_BEST,1,777,17627,292803,131871,234,27657,107,3.6157,93.4579,0,0,0,0,0,0
n012w8-0,n012w8,0,5,1000000,100.0,adaptive,2026-07-04T10:59:26+01:00,1,4,3,236921,451,3.788559,400,400,400,0,0.0000,REHEAT,1,777,17749,368325,178468,235,50000,72,0.0000,0.0000,0,0,0,0,0,0
n012w8-0,n012w8,0,5,1000000,100.0,adaptive,2026-07-04T10:59:26+01:00,1,3,3,286844,579,0.000000,1340,1400,1340,60,4.2857,LOCAL_BEST,0,777,109220,513187,11284,236,49923,128,12.0185,468.7500,0,0,0,0,0,0
n012w8-0,n012w8,0,5,1000000,100.0,adaptive,2026-07-04T10:59:26+01:00,1,4,3,286921,583,50.118723,1500,400,400,0,0.0000,REHEAT,1,777,28112,450834,200442,237,77,4,0.0000,0.0000,0,0,0,0,0,0
n012w8-0,n012w8,0,5,1000000,100.0,adaptive,2026-07-04T10:59:26+01:00,1,4,3,336921,698,50.118723,1060,400,400,0,0.0000,REHEAT,1,777,38369,534059,222607,238,50000,115,0.0000,0.0000,0,0,0,0,0,0
n012w8-0,n012w8,0,5,1000000,100.0,adaptive,2026-07-04T10:59:26+01:00,1,4,3,386921,804,50.118723,1000,400,400,0,0.0000,REHEAT,1,777,48512,616919,244910,239,50000,106,0.0000,0.0000,0,0,0,0,0,0
n012w8-0,n012w8,0,5,1000000,100.0,adaptive,2026-07-04T10:59:26+01:00,1,4,3,436921,921,50.118723,1490,400,400,0,0.0000,REHEAT,1,777,58889,700448,266860,240,50000,117,0.0000,0.0000,0,0,0,0,0,0
n012w8-0,n012w8,0,5,1000000,100.0,adaptive,2026-07-04T10:59:26+01:00,1,4,3,486921,1018,50.118723,1325,400,400,0,0.0000,REHEAT,1,777,69233,783595,288801,241,50000,97,0.0000,0.0000,0,0,0,0,0,0
n012w8-0,n012w8,0,5,1000000,100.0,adaptive,2026-07-04T10:59:26+01:00,1,4,3,536921,1127,50.118723,1340,400,400,0,0.0000,REHEAT,1,777,79550,867338,310903,242,50000,109,0.0000,0.0000,0,0,0,0,0,0
n012w8-0,n012w8,0,5,1000000,100.0,adaptive,2026-07-04T10:59:26+01:00,1,4,3,586921,1246,50.118723,1455,400,400,0,0.0000,REHEAT,1,777,89887,949529,333112,243,50000,119,0.0000,0.0000,0,0,0,0,0,0
n012w8-0,n012w8,0,5,1000000,100.0,adaptive,2026-07-04T10:59:26+01:00,1,4,3,636921,1358,50.118723,1645,400,400,0,0.0000,REHEAT,1,777,100186,1031816,355218,244,50000,112,0.0000,0.0000,0,0,0,0,0,0
n012w8-0,n012w8,0,5,1000000,100.0,adaptive,2026-07-04T10:59:26+01:00,1,4,3,686921,1498,50.118723,1565,400,400,0,0.0000,REHEAT,1,777,110431,1114166,377420,245,50000,140,0.0000,0.0000,0,0,0,0,0,0
n012w8-0,n012w8,0,5,1000000,100.0,adaptive,2026-07-04T10:59:26+01:00,1,4,3,736921,1613,50.118723,1470,400,400,0,0.0000,REHEAT,1,777,120900,1197594,399219,246,50000,115,0.0000,0.0000,0,0,0,0,0,0
n012w8-0,n012w8,0,5,1000000,100.0,adaptive,2026-07-04T10:59:26+01:00,1,4,3,786921,1738,50.118723,1610,400,400,0,0.0000,REHEAT,1,777,131181,1280437,421449,247,50000,125,0.0000,0.0000,0,0,0,0,0,0
n012w8-0,n012w8,0,5,1000000,100.0,adaptive,2026-07-04T10:59:26+01:00,1,4,3,836921,1869,50.118723,1400,400,400,0,0.0000,REHEAT,1,777,141461,1363898,443514,248,50000,131,0.0000,0.0000,0,0,0,0,0,0
n012w8-0,n012w8,0,5,1000000,100.0,adaptive,2026-07-04T10:59:26+01:00,1,4,3,886921,1980,50.118723,1255,400,400,0,0.0000,REHEAT,1,777,151722,1446770,465685,249,50000,111,0.0000,0.0000,0,0,0,0,0,0
n012w8-0,n012w8,0,5,1000000,100.0,adaptive,2026-07-04T10:59:26+01:00,1,4,3,936921,2097,50.118723,1100,400,400,0,0.0000,REHEAT,1,777,162054,1529531,487911,250,50000,117,0.0000,0.0000,0,0,0,0,0,0
n012w8-0,n012w8,0,5,1000000,100.0,adaptive,2026-07-04T10:59:26+01:00,1,4,3,986921,2187,50.118723,1620,400,400,0,0.0000,REHEAT,1,777,172187,1611852,510468,251,50000,90,0.0000,0.0000,0,0,0,0,0,0
n012w8-0,n012w8,0,5,1000000,100.0,adaptive,2026-07-04T10:59:26+01:00,2,1,11,1,1,100.000000,3605,3755,3605,150,3.9947,LOCAL_BEST,0,123,0,0,0,1,1,1,1500000.0000,150000.0000,0,0,0,0,0,0
n012w8-0,n012w8,0,5,1000000,100.0,adaptive,2026-07-04T10:59:26+01:00,2,6,11,1,43,0.000000,765,795,765,30,3.7736,LOCAL_BEST,2,123,0,4,0,2,0,42,0.0000,714.2857,0,0,0,0,0,0
n012w8-0,n012w8,0,5,1000000,100.0,adaptive,2026-07-04T10:59:26+01:00,2,8,11,1,80,0.000000,470,485,470,15,3.0928,GLOBAL_BEST,3,123,0,1,0,3,0,37,0.0000,405.4054,0,0,0,0,0,0
n012w8-0,n012w8,0,5,1000000,100.0,adaptive,2026-07-04T10:59:26+01:00,2,2,11,2,0,0.000000,3635,3755,3635,120,3.1957,GLOBAL_BEST,0,123,0,2,1,4,1,-80,1200000.0000,0.0000,0,0,0,0,0,0
n012w8-0,n012w8,0,5,1000000,100.0,adaptive,2026-07-04T10:59:26+01:00,2,3,11,2,0,0.000000,3455,3755,3455,300,7.9893,GLOBAL_BEST,0,123,0,1,0,5,0,0,0.0000,0.0000,0,0,0,0,0,0
n012w8-0,n012w8,0,5,1000000,100.0,adaptive,2026-07-04T10:59:26+01:00,2,2,11,3,0,0.000000,3425,3635,3425,210,5.7772,GLOBAL_BEST,0,123,0,2,1,6,1,0,2100000.0000,0.0000,0,0,0,0,0,0
n012w8-0,n012w8,0,5,1000000,100.0,adaptive,2026-07-04T10:59:26+01:00,2,3,11,3,0,0.000000,3305,3455,3305,150,4.3415,GLOBAL_BEST,0,123,0,7,0,7,0,0,0.0000,0.0000,0,0,0,0,0,0
n012w8-0,n012w8,0,5,1000000,100.0,adaptive,2026-07-04T10:59:26+01:00,2,2,11,4,0,0.000000,3230,3425,3230,195,5.6934,GLOBAL_BEST,0,123,0,6,1,8,1,0,1950000.0000,0.0000,0,0,0,0,0,0
n012w8-0,n012w8,0,5,1000000,100.0,adaptive,2026-07-04T10:59:26+01:00,2,3,11,8,1,0.000000,3205,3305,3205,100,3.0257,GLOBAL_BEST,0,123,1,16,0,9,4,1,250000.0000,100000.0000,0,0,0,0,0,0
n012w8-0,n012w8,0,5,1000000,100.0,adaptive,2026-07-04T10:59:26+01:00,2,1,11,10,1,99.987567,3545,3605,3545,60,1.6644,LOCAL_BEST,0,123,1,13,0,10,2,0,300000.0000,0.0000,0,0,0,0,0,0
n012w8-0,n012w8,0,5,1000000,100.0,adaptive,2026-07-04T10:59:26+01:00,2,3,11,11,1,0.000000,3165,3205,3165,40,1.2480,GLOBAL_BEST,0,123,1,27,0,11,1,0,400000.0000,0.0000,0,0,0,0,0,0
n012w8-0,n012w8,0,5,1000000,100.0,adaptive,2026-07-04T10:59:26+01:00,2,3,11,12,1,0.000000,3135,3165,3135,30,0.9479,GLOBAL_BEST,0,123,1,27,0,12,1,0,300000.0000,0.0000,0,0,0,0,0,0
n012w8-0,n012w8,0,5,1000000,100.0,adaptive,2026-07-04T10:59:26+01:00,2,1,11,12,1,99.984804,3395,3545,3395,150,4.2313,LOCAL_BEST,0,123,1,15,0,13,0,0,0.0000,0.0000,0,0,0,0,0,0
n012w8-0,n012w8,0,5,1000000,100.0,adaptive,2026-07-04T10:59:26+01:00,2,3,11,13,1,0.000000,2955,3135,2955,180,5.7416,GLOBAL_BEST,0,123,1,28,0,14,1,0,1800000.0000,0.0000,0,0,0,0,0,0
n012w8-0,n012w8,0,5,1000000,100.0,adaptive,2026-07-04T10:59:26+01:00,2,1,11,14,1,99.982041,3305,3395,3305,90,2.6510,LOCAL_BEST,0,123,1,20,0,15,1,0,900000.0000,0.0000,0,0,0,0,0,0
n012w8-0,n012w8,0,5,1000000,100.0,adaptive,2026-07-04T10:59:26+01:00,2,1,11,15,1,99.980660,3295,3305,3295,10,0.3026,LOCAL_BEST,0,123,1,22,0,16,1,0,100000.0000,0.0000,0,0,0,0,0,0
n012w8-0,n012w8,0,5,1000000,100.0,adaptive,2026-07-04T10:59:26+01:00,2,2,11,18,1,0.000000,3225,3230,3225,5,0.1548,LOCAL_BEST,0,123,0,28,1,17,3,0,16666.6667,0.0000,0,0,0,0,0,0
n012w8-0,n012w8,0,5,1000000,100.0,adaptive,2026-07-04T10:59:26+01:00,2,1,11,18,1,99.976516,3265,3295,3265,30,0.9105,LOCAL_BEST,0,123,1,28,2,18,0,0,0.0000,0.0000,0,0,0,0,0,0
n012w8-0,n012w8,0,5,1000000,100.0,adaptive,2026-07-04T10:59:26+01:00,2,2,11,19,1,0.000000,3195,3225,3195,30,0.9302,LOCAL_BEST,0,123,0,35,1,19,1,0,300000.0000,0.0000,0,0,0,0,0,0
n012w8-0,n012w8,0,5,1000000,100.0,adaptive,2026-07-04T10:59:26+01:00,2,1,11,19,1,99.975135,3175,3265,3175,90,2.7565,LOCAL_BEST,0,123,1,28,2,20,0,0,0.0000,0.0000,0,0,0,0,0,0
n012w8-0,n012w8,0,5,1000000,100.0,adaptive,2026-07-04T10:59:26+01:00,2,3,11,20,1,0.000000,2925,2955,2925,30,1.0152,GLOBAL_BEST,0,123,5,35,0,21,1,0,300000.0000,0.0000,0,0,0,0,0,0
n012w8-0,n012w8,0,5,1000000,100.0,adaptive,2026-07-04T10:59:26+01:00,2,1,11,20,1,99.973754,3145,3175,3145,30,0.9449,LOCAL_BEST,0,123,1,28,2,22,0,0,0.0000,0.0000,0,0,0,0,0,0
n012w8-0,n012w8,0,5,1000000,100.0,adaptive,2026-07-04T10:59:26+01:00,2,3,11,21,1,0.000000,2715,2925,2715,210,7.1795,GLOBAL_BEST,0,123,5,35,0,23,1,0,2100000.0000,0.0000,0,0,0,0,0,0
n012w8-0,n012w8,0,5,1000000,100.0,adaptive,2026-07-04T10:59:26+01:00,2,1,11,21,1,99.972373,3090,3145,3090,55,1.7488,LOCAL_BEST,0,123,1,28,2,24,0,0,0.0000,0.0000,0,0,0,0,0,0
n012w8-0,n012w8,0,5,1000000,100.0,adaptive,2026-07-04T10:59:26+01:00,2,2,11,22,1,0.000000,3120,3195,3120,75,2.3474,LOCAL_BEST,0,123,0,40,1,25,1,0,750000.0000,0.0000,0,0,0,0,0,0
n012w8-0,n012w8,0,5,1000000,100.0,adaptive,2026-07-04T10:59:26+01:00,2,3,11,22,1,0.000000,2700,2715,2700,15,0.5525,GLOBAL_BEST,0,123,5,36,0,26,0,0,0.0000,0.0000,0,0,0,0,0,0
n012w8-0,n012w8,0,5,1000000,100.0,adaptive,2026-07-04T10:59:26+01:00,2,1,11,22,1,99.970992,3080,3090,3080,10,0.3236,LOCAL_BEST,0,123,1,29,2,27,0,0,0.0000,0.0000,0,0,0,0,0,0
n012w8-0,n012w8,0,5,1000000,100.0,adaptive,2026-07-04T10:59:26+01:00,2,1,11,23,1,99.969610,3005,3080,3005,75,2.4351,LOCAL_BEST,0,123,1,30,2,28,1,0,750000.0000,0.0000,0,0,0,0,0,0
n012w8-0,n012w8,0,5,1000000,100.0,adaptive,2026-07-04T10:59:26+01:00,2,3,11,23,1,0.000000,2640,2700,2640,60,2.2222,GLOBAL_BEST,0,123,5,36,0,29,0,0,0.0000,0.0000,0,0,0,0,0,0
n012w8-0,n012w8,0,5,1000000,100.0,adaptive,2026-07-04T10:59:26+01:00,2,1,11,26,1,99.965467,2975,3005,2975,30,0.9983,LOCAL_BEST,0,123,2,35,3,30,3,0,100000.0000,0.0000,0,0,0,0,0,0
n012w8-0,n012w8,0,5,1000000,100.0,adaptive,2026-07-04T10:59:26+01:00,2,2,11,27,1,0.000000,3000,3120,3000,120,3.8462,LOCAL_BEST,0,123,0,58,1,31,1,0,1200000.0000,0.0000,0,0,0,0,0,0
n012w8-0,n012w8,0,5,1000000,100.0,adaptive,2026-07-04T10:59:26+01:00,2,1,11,27,1,99.964086,2945,2975,2945,30,1.0084,LOCAL_BEST,0,123,2,35,3,32,0,0,0.0000,0.0000,0,0,0,0,0,0
n012w8-0,n012w8,0,5,1000000,100.0,adaptive,2026-07-04T10:59:26+01:00,2,2,11,28,1,0.000000,2940,3000,2940,60,2.0000,LOCAL_BEST,0,123,0,59,1,33,1,0,600000.0000,0.0000,0,0,0,0,0,0
n012w8-0,n012w8,0,5,1000000,100.0,adaptive,2026-07-04T10:59:26+01:00,2,1,11,30,1,99.959943,2660,2945,2660,285,9.6774,LOCAL_BEST,0,123,3,38,4,34,2,0,1425000.0000,0.0000,0,0,0,0,0,0
n012w8-0,n012w8,0,5,1000000,100.0,adaptive,2026-07-04T10:59:26+01:00,2,5,11,30,43,0.000000,705,795,705,90,11.3208,GLOBAL_BEST,1,123,0,40,27,35,0,42,0.0000,2142.8571,0,0,0,0,0,0
n012w8-0,n012w8,0,5,1000000,100.0,adaptive,2026-07-04T10:59:26+01:00,2,1,11,31,1,99.958562,2520,2660,2520,140,5.2632,LOCAL_BEST,0,123,3,39,4,36,1,-42,1400000.0000,0.0000,0,0,0,0,0,0
n012w8-0,n012w8,0,5,1000000,100.0,adaptive,2026-07-04T10:59:26+01:00,2,2,11,33,1,0.000000,2850,2940,2850,90,3.0612,LOCAL_BEST,0,123,0,63,1,37,2,0,450000.0000,0.0000,0,0,0,0,0,0
n012w8-0,n012w8,0,5,1000000,100.0,adaptive,2026-07-04T10:59:26+01:00,2,1,11,33,1,99.955800,2400,2520,2400,120,4.7619,GLOBAL_BEST,0,123,3,51,5,38,0,0,0.0000,0.0000,0,0,0,0,0,0
n012w8-0,n012w8,0,5,1000000,100.0,adaptive,2026-07-04T10:59:26+01:00,2,3,11,33,1,0.000000,2565,2640,2565,75,2.8409,LOCAL_BEST,0,123,9,52,1,39,0,0,0.0000,0.0000,0,0,0,0,0,0
n012w8-0,n012w8,0,5,1000000,100.0,adaptive,2026-07-04T10:59:26+01:00,2,2,11,34,1,0.000000,2595,2850,2595,255,8.9474,GLOBAL_BEST,0,123,0,64,1,40,1,0,2550000.0000,0.0000,0,0,0,0,0,0
n012w8-0,n012w8,0,5,1000000,100.0,adaptive,2026-07-04T10:59:26+01:00,2,5,11,34,43,0.000000,660,705,660,45,6.3830,GLOBAL_BEST,1,123,0,41,30,41,0,42,0.0000,1071.4286,0,0,0,0,0,0
n012w8-0,n012w8,0,5,1000000,100.0,adaptive,2026-07-04T10:59:26+01:00,2,2,11,35,1,0.000000,2475,2595,2475,120,4.6243,GLOBAL_BEST,0,123,0,65,1,42,1,-42,1200000.0000,0.0000,0,0,0,0,0,0
n012w8-0,n012w8,0,5,1000000,100.0,adaptive,2026-07-04T10:59:26+01:00,2,1,11,35,1,99.953038,2340,2400,2340,60,2.5000,GLOBAL_BEST,0,123,3,53,5,43,0,0,0.0000,0.0000,0,0,0,0,0,0
n012w8-0,n012w8,0,5,1000000,100.0,adaptive,2026-07-04T10:59:26+01:00,2,3,11,35,1,0.000000,2505,2565,2505,60,2.3392,LOCAL_BEST,0,123,9,60,2,44,0,0,0.0000,0.0000,0,0,0,0,0,0
n012w8-0,n012w8,0,5,1000000,100.0,adaptive,2026-07-04T10:59:26+01:00,2,3,11,37,1,0.000000,2445,2505,2445,60,2.3952,LOCAL_BEST,0,123,9,61,2,45,2,0,300000.0000,0.0000,0,0,0,0,0,0
n012w8-0,n012w8,0,5,1000000,100.0,adaptive,2026-07-04T10:59:26+01:00,2,1,11,38,1,99.948896,2325,2340,2325,15,0.6410,GLOBAL_BEST,0,123,4,56,5,46,1,0,150000.0000,0.0000,0,0,0,0,0,0
n012w8-0,n012w8,0,5,1000000,100.0,adaptive,2026-07-04T10:59:26+01:00,2,3,11,38,1,0.000000,2340,2445,2340,105,4.2945,LOCAL_BEST,0,123,9,61,2,47,0,0,0.0000,0.0000,0,0,0,0,0,0
n012w8-0,n012w8,0,5,1000000,100.0,adaptive,2026-07-04T10:59:26+01:00,2,1,11,39,1,99.947515,2275,2325,2275,50,2.1505,GLOBAL_BEST,0,123,4,58,5,48,1,0,500000.0000,0.0000,0,0,0,0,0,0
n012w8-0,n012w8,0,5,1000000,100.0,adaptive,2026-07-04T10:59:26+01:00,2,3,11,40,1,0.000000,2190,2340,2190,150,6.4103,LOCAL_BEST,0,123,10,64,2,49,1,0,1500000.0000,0.0000,0,0,0,0,0,0
n012w8-0,n012w8,0,5,1000000,100.0,adaptive,2026-07-04T10:59:26+01:00,2,2,11,48,1,0.000000,2440,2475,2440,35,1.4141,GLOBAL_BEST,0,123,0,90,1,50,8,0,43750.0000,0.0000,0,0,0,0,0,0
n012w8-0,n012w8,0,5,1000000,100.0,adaptive,2026-07-04T10:59:26+01:00,2,1,11,49,1,99.933708,2260,2275,2260,15,0.6593,GLOBAL_BEST,0,123,6,72,8,51,1,0,150000.0000,0.0000,0,0,0,0,0,0
n012w8-0,n012w8,0,5,1000000,100.0,adaptive,2026-07-04T10:59:26+01:00,2,2,11,50,1,0.000000,2410,2440,2410,30,1.2295,LOCAL_BEST,0,123,0,91,1,52,1,0,300000.0000,0.0000,0,0,0,0,0,0
n012w8-0,n012w8,0,5,1000000,100.0,adaptive,2026-07-04T10:59:26+01:00,2,2,11,51,1,0.000000,2395,2410,2395,15,0.6224,LOCAL_BEST,0,123,0,92,1,53,1,0,150000.0000,0.0000,0,0,0,0,0,0
n012w8-0,n012w8,0,5,1000000,100.0,adaptive,2026-07-04T10:59:26+01:00,2,5,11,63,43,0.000000,645,660,645,15,2.2727,GLOBAL_BEST,1,123,0,74,55,54,12,42,12500.0000,357.1429,0,0,0,0,0,0
n012w8-0,n012w8,0,5,1000000,100.0,adaptive,2026-07-04T10:59:26+01:00,2,3,11,65,1,0.000000,2175,2190,2175,15,0.6849,LOCAL_BEST,0,123,17,102,3,55,2,-42,75000.0000,0.0000,0,0,0,0,0,0
n012w8-0,n012w8,0,5,1000000,100.0,adaptive,2026-07-04T10:59:26+01:00,2,3,11,71,1,0.000000,2130,2175,2130,45,2.0690,LOCAL_BEST,0,123,20,113,3,56,6,0,75000.0000,0.0000,0,0,0,0,0,0
n012w8-0,n012w8,0,5,1000000,100.0,adaptive,2026-07-04T10:59:26+01:00,2,3,11,72,1,0.000000,2020,2130,2020,110,5.1643,LOCAL_BEST,0,123,20,114,3,57,1,0,1100000.0000,0.0000,0,0,0,0,0,0
n012w8-0,n012w8,0,5,1000000,100.0,adaptive,2026-07-04T10:59:26+01:00,2,3,11,74,1,0.000000,1990,2020,1990,30,1.4851,LOCAL_BEST,0,123,20,119,3,58,2,0,150000.0000,0.0000,0,0,0,0,0,0
n012w8-0,n012w8,0,5,1000000,100.0,adaptive,2026-07-04T10:59:26+01:00,2,2,11,77,1,0.000000,2325,2395,2325,70,2.9228,LOCAL_BEST,0,123,0,155,1,59,3,0,233333.3333,0.0000,0,0,0,0,0,0
n012w8-0,n012w8,0,5,1000000,100.0,adaptive,2026-07-04T10:59:26+01:00,2,2,11,78,1,0.000000,2265,2325,2265,60,2.5806,LOCAL_BEST,0,123,0,156,1,60,1,0,600000.0000,0.0000,0,0,0,0,0,0
n012w8-0,n012w8,0,5,1000000,100.0,adaptive,2026-07-04T10:59:26+01:00,2,2,11,79,1,0.000000,2175,2265,2175,90,3.9735,GLOBAL_BEST,0,123,0,157,1,61,1,0,900000.0000,0.0000,0,0,0,0,0,0
n012w8-0,n012w8,0,5,1000000,100.0,adaptive,2026-07-04T10:59:26+01:00,2,2,11,84,1,0.000000,1980,2175,1980,195,8.9655,GLOBAL_BEST,0,123,0,167,1,62,5,0,390000.0000,0.0000,0,0,0,0,0,0
n012w8-0,n012w8,0,5,1000000,100.0,adaptive,2026-07-04T10:59:26+01:00,2,1,11,86,1,99.882637,2140,2260,2140,120,5.3097,LOCAL_BEST,0,123,16,121,16,63,2,0,600000.0000,0.0000,0,0,0,0,0,0
n012w8-0,n012w8,0,5,1000000,100.0,adaptive,2026-07-04T10:59:26+01:00,2,1,11,95,1,99.870218,2095,2140,2095,45,2.1028,LOCAL_BEST,0,123,18,129,19,64,9,0,50000.0000,0.0000,0,0,0,0,0,0
n012w8-0,n012w8,0,5,1000000,100.0,adaptive,2026-07-04T10:59:26+01:00,2,11,11,95,165,0.000000,335,350,335,15,4.2857,GLOBAL_BEST,4,123,0,147,90,65,0,164,0.0000,91.4634,0,0,0,0,0,0
n012w8-0,n012w8,0,5,1000000,100.0,adaptive,2026-07-04T10:59:26+01:00,2,1,11,96,1,99.868839,2065,2095,2065,30,1.4320,LOCAL_BEST,0,123,18,133,19,66,1,-164,300000.0000,0.0000,0,0,0,0,0,0
n012w8-0,n012w8,0,5,1000000,100.0,adaptive,2026-07-04T10:59:26+01:00,2,1,11,122,1,99.832972,1980,2065,1980,85,4.1162,LOCAL_BEST,0,123,23,177,22,67,26,0,32692.3077,0.0000,0,0,0,0,0,0
n012w8-0,n012w8,0,5,1000000,100.0,adaptive,2026-07-04T10:59:26+01:00,2,1,11,123,1,99.831593,1950,1980,1950,30,1.5152,GLOBAL_BEST,0,123,23,179,22,68,1,0,300000.0000,0.0000,0,0,0,0,0,0
n012w8-0,n012w8,0,5,1000000,100.0,adaptive,2026-07-04T10:59:26+01:00,2,1,11,124,1,99.830214,1815,1950,1815,135,6.9231,GLOBAL_BEST,0,123,23,179,22,69,1,0,1350000.0000,0.0000,0,0,0,0,0,0
n012w8-0,n012w8,0,5,1000000,100.0,adaptive,2026-07-04T10:59:26+01:00,2,1,11,125,1,99.828834,1785,1815,1785,30,1.6529,GLOBAL_BEST,0,123,23,179,22,70,1,0,300000.0000,0.0000,0,0,0,0,0,0
n012w8-0,n012w8,0,5,1000000,100.0,adaptive,2026-07-04T10:59:26+01:00,2,1,11,151,1,99.792982,1755,1785,1755,30,1.6807,GLOBAL_BEST,0,123,32,237,27,71,26,0,11538.4615,0.0000,0,0,0,0,0,0
n012w8-0,n012w8,0,5,1000000,100.0,adaptive,2026-07-04T10:59:26+01:00,2,1,11,154,1,99.788846,1725,1755,1725,30,1.7094,GLOBAL_BEST,0,123,32,238,29,72,3,0,100000.0000,0.0000,0,0,0,0,0,0
n012w8-0,n012w8,0,5,1000000,100.0,adaptive,2026-07-04T10:59:26+01:00,2,1,11,155,1,99.787467,1680,1725,1680,45,2.6087,GLOBAL_BEST,0,123,32,241,29,73,1,0,450000.0000,0.0000,0,0,0,0,0,0
n012w8-0,n012w8,0,5,1000000,100.0,adaptive,2026-07-04T10:59:26+01:00,2,1,11,156,1,99.786089,1650,1680,1650,30,1.7857,GLOBAL_BEST,0,123,32,243,29,74,1,0,300000.0000,0.0000,0,0,0,0,0,0
n012w8-0,n012w8,0,5,1000000,100.0,adaptive,2026-07-04T10:59:26+01:00,2,8,11,157,80,0.000000,440,470,440,30,6.3830,GLOBAL_BEST,3,123,0,243,125,75,1,79,300000.0000,379.7468,0,0,0,0,0,0
n012w8-0,n012w8,0,5,1000000,100.0,adaptive,2026-07-04T10:59:26+01:00,2,1,11,166,1,99.772304,1635,1650,1635,15,0.9091,GLOBAL_BEST,0,123,35,252,32,76,9,-79,16666.6667,0.0000,0,0,0,0,0,0
n012w8-0,n012w8,0,5,1000000,100.0,adaptive,2026-07-04T10:59:26+01:00,2,1,11,169,1,99.768169,1605,1635,1605,30,1.8349,GLOBAL_BEST,0,123,36,255,32,77,3,0,100000.0000,0.0000,0,0,0,0,0,0
n012w8-0,n012w8,0,5,1000000,100.0,adaptive,2026-07-04T10:59:26+01:00,2,1,11,170,1,99.766790,1575,1605,1575,30,1.8692,GLOBAL_BEST,0,123,36,259,32,78,1,0,300000.0000,0.0000,0,0,0,0,0,0
n012w8-0,n012w8,0,5,1000000,100.0,adaptive,2026-07-04T10:59:26+01:00,2,1,11,171,1,99.765412,1545,1575,1545,30,1.9048,GLOBAL_BEST,0,123,36,259,32,79,1,0,300000.0000,0.0000,0,0,0,0,0,0
n012w8-0,n012w8,0,5,1000000,100.0,adaptive,2026-07-04T10:59:26+01:00,2,1,11,174,1,99.761277,1515,1545,1515,30,1.9417,GLOBAL_BEST,0,123,36,260,34,80,3,0,100000.0000,0.0000,0,0,0,0,0,0
n012w8-0,n012w8,0,5,1000000,100.0,adaptive,2026-07-04T10:59:26+01:00,2,20,11,174,280,0.000000,260,275,260,15,5.4545,LOCAL_BEST,9,123,0,266,161,81,0,279,0.0000,53.7634,0,0,0,0,0,0
n012w8-0,n012w8,0,5,1000000,100.0,adaptive,2026-07-04T10:59:26+01:00,2,1,11,177,1,99.757142,1455,1515,1455,60,3.9604,GLOBAL_BEST,0,123,36,263,36,82,3,-279,200000.0000,0.0000,0,0,0,0,0,0
n012w8-0,n012w8,0,5,1000000,100.0,adaptive,2026-07-04T10:59:26+01:00,2,2,11,258,1,0.000000,1910,1980,1910,70,3.5354,LOCAL_BEST,0,123,0,458,1,83,81,0,8641.9753,0.0000,0,0,0,0,0,0
n012w8-0,n012w8,0,5,1000000,100.0,adaptive,2026-07-04T10:59:26+01:00,2,3,11,440,1,0.000000,1895,1990,1895,95,4.7739,LOCAL_BEST,0,123,162,767,25,84,182,0,5219.7802,0.0000,0,0,0,0,0,0
n012w8-0,n012w8,0,5,1000000,100.0,adaptive,2026-07-04T10:59:26+01:00,2,1,11,501,1,99.311605,1415,1455,1415,40,2.7491,GLOBAL_BEST,0,123,113,805,146,85,61,0,6557.3770,0.0000,0,0,0,0,0,0
n012w8-0,n012w8,0,5,1000000,100.0,adaptive,2026-07-04T10:59:26+01:00,2,8,11,606,82,0.000000,425,440,425,15,3.4091,GLOBAL_BEST,3,123,0,978,524,86,105,81,1428.5714,185.1852,0,0,0,0,0,0
n012w8-0,n012w8,0,5,1000000,100.0,adaptive,2026-07-04T10:59:26+01:00,2,8,11,609,82,0.000000,410,425,410,15,3.5294,GLOBAL_BEST,3,123,0,984,525,87,3,0,50000.0000,0.0000,0,0,0,0,0,0
n012w8-0,n012w8,0,5,1000000,100.0,adaptive,2026-07-04T10:59:26+01:00,2,5,11,789,44,0.000000,635,645,635,10,1.5504,GLOBAL_BEST,1,123,0,1087,615,88,180,-38,555.5556,0.0000,0,0,0,0,0,0
n012w8-0,n012w8,0,5,1000000,100.0,adaptive,2026-07-04T10:59:26+01:00,2,3,11,816,2,0.000000,1755,1895,1755,140,7.3879,LOCAL_BEST,0,123,297,1365,40,89,27,-42,51851.8519,0.0000,0,0,0,0,0,0
n012w8-0,n012w8,0,5,1000000,100.0,adaptive,2026-07-04T10:59:26+01:00,2,3,11,826,2,0.000000,1695,1755,1695,60,3.4188,LOCAL_BEST,0,123,302,1385,40,90,10,0,60000.0000,0.0000,0,0,0,0,0,0
n012w8-0,n012w8,0,5,1000000,100.0,adaptive,2026-07-04T10:59:26+01:00,2,11,11,940,167,0.000000,320,335,320,15,4.4776,GLOBAL_BEST,4,123,0,1466,839,91,114,165,1315.7895,90.9091,0,0,0,0,0,0
n012w8-0,n012w8,0,5,1000000,100.0,adaptive,2026-07-04T10:59:26+01:00,2,1,11,948,3,98.700193,1315,1415,1315,100,7.0671,GLOBAL_BEST,0,123,227,1524,299,92,8,-164,125000.0000,0.0000,0,0,0,0,0,0
n012w8-0,n012w8,0,5,1000000,100.0,adaptive,2026-07-04T10:59:26+01:00,2,1,11,957,3,98.687921,1285,1315,1285,30,2.2814,GLOBAL_BEST,0,123,230,1536,303,93,9,0,33333.3333,0.0000,0,0,0,0,0,0
n012w8-0,n012w8,0,5,1000000,100.0,adaptive,2026-07-04T10:59:26+01:00,2,1,11,960,3,98.683831,1225,1285,1225,60,4.6693,GLOBAL_BEST,0,123,230,1541,305,94,3,0,200000.0000,0.0000,0,0,0,0,0,0
n012w8-0,n012w8,0,5,1000000,100.0,adaptive,2026-07-04T10:59:26+01:00,2,1,11,961,3,98.682467,1195,1225,1195,30,2.4490,GLOBAL_BEST,0,123,230,1541,305,95,1,0,300000.0000,0.0000,0,0,0,0,0,0
n012w8-0,n012w8,0,5,1000000,100.0,adaptive,2026-07-04T10:59:26+01:00,2,1,11,967,3,98.674288,1180,1195,1180,15,1.2552,GLOBAL_BEST,0,123,232,1548,308,96,6,0,25000.0000,0.0000,0,0,0,0,0,0
n012w8-0,n012w8,0,5,1000000,100.0,adaptive,2026-07-04T10:59:26+01:00,2,1,11,968,3,98.672924,1105,1180,1105,75,6.3559,GLOBAL_BEST,0,123,232,1549,308,97,1,0,750000.0000,0.0000,0,0,0,0,0,0
n012w8-0,n012w8,0,5,1000000,100.0,adaptive,2026-07-04T10:59:26+01:00,2,1,11,979,3,98.657930,985,1105,985,120,10.8597,GLOBAL_BEST,0,123,232,1566,316,98,11,0,109090.9091,0.0000,0,0,0,0,0,0
n012w8-0,n012w8,0,5,1000000,100.0,adaptive,2026-07-04T10:59:26+01:00,2,1,11,982,3,98.653841,970,985,970,15,1.5228,GLOBAL_BEST,0,123,232,1576,318,99,3,0,50000.0000,0.0000,0,0,0,0,0,0
n012w8-0,n012w8,0,5,1000000,100.0,adaptive,2026-07-04T10:59:26+01:00,2,1,11,983,3,98.652478,940,970,940,30,3.0928,GLOBAL_BEST,0,123,232,1577,318,100,1,0,300000.0000,0.0000,0,0,0,0,0,0
n012w8-0,n012w8,0,5,1000000,100.0,adaptive,2026-07-04T10:59:26+01:00,2,2,11,1121,3,0.000000,1825,1910,1825,85,4.4503,LOCAL_BEST,0,123,0,1952,17,101,138,0,6159.4203,0.0000,0,0,0,0,0,0
n012w8-0,n012w8,0,5,1000000,100.0,adaptive,2026-07-04T10:59:26+01:00,2,2,11,1122,3,0.000000,1735,1825,1735,90,4.9315,LOCAL_BEST,0,123,0,1955,17,102,1,0,900000.0000,0.0000,0,0,0,0,0,0
n012w8-0,n012w8,0,5,1000000,100.0,adaptive,2026-07-04T10:59:26+01:00,2,23,11,1201,548,0.000000,230,245,230,15,6.1224,GLOBAL_BEST,10,123,0,1925,1136,103,79,545,1898.7342,27.5229,0,0,0,0,0,0
n012w8-0,n012w8,0,5,1000000,100.0,adaptive,2026-07-04T10:59:26+01:00,2,2,11,1277,3,0.000000,1690,1735,1690,45,2.5937,LOCAL_BEST,0,123,0,2192,37,104,76,-545,5921.0526,0.0000,0,0,0,0,0,0
n012w8-0,n012w8,0,5,1000000,100.0,adaptive,2026-07-04T10:59:26+01:00,2,2,11,1525,3,0.000000,1595,1690,1595,95,5.6213,LOCAL_BEST,0,123,0,2583,71,105,248,0,3830.6452,0.0000,0,0,0,0,0,0
n012w8-0,n012w8,0,5,1000000,100.0,adaptive,2026-07-04T10:59:26+01:00,2,3,11,1901,4,0.000000,1635,1695,1635,60,3.5398,LOCAL_BEST,0,123,693,3187,84,106,376,1,1595.7447,60000.0000,0,0,0,0,0,0
n012w8-0,n012w8,0,5,1000000,100.0,adaptive,2026-07-04T10:59:26+01:00,2,3,11,1902,4,0.000000,1625,1635,1625,10,0.6116,LOCAL_BEST,0,123,693,3187,84,107,1,0,100000.0000,0.0000,0,0,0,0,0,0
n012w8-0,n012w8,0,5,1000000,100.0,adaptive,2026-07-04T10:59:26+01:00,2,3,11,1979,4,0.000000,1565,1625,1565,60,3.6923,LOCAL_BEST,0,123,724,3366,89,108,77,0,7792.2078,0.0000,0,0,0,0,0,0
n012w8-0,n012w8,0,5,1000000,100.0,adaptive,2026-07-04T10:59:26+01:00,2,2,11,2192,5,0.000000,1575,1595,1575,20,1.2539,LOCAL_BEST,0,123,0,3713,149,109,213,1,938.9671,20000.0000,0,0,0,0,0,0
n012w8-0,n012w8,0,5,1000000,100.0,adaptive,2026-07-04T10:59:26+01:00,2,5,11,2343,47,0.000000,620,635,620,15,2.3622,GLOBAL_BEST,1,123,0,3320,1807,110,151,42,993.3775,357.1429,0,0,0,0,0,0
n012w8-0,n012w8,0,5,1000000,100.0,adaptive,2026-07-04T10:59:26+01:00,2,5,11,2411,47,0.000000,590,620,590,30,4.8387,GLOBAL_BEST,1,123,0,3397,1847,111,68,0,4411.7647,0.0000,0,0,0,0,0,0
n012w8-0,n012w8,0,5,1000000,100.0,adaptive,2026-07-04T10:59:26+01:00,2,11,11,2444,170,0.000000,305,320,305,15,4.6875,GLOBAL_BEST,4,123,0,3714,2213,112,33,123,4545.4545,121.9512,0,0,0,0,0,0
n012w8-0,n012w8,0,5,1000000,100.0,adaptive,2026-07-04T10:59:26+01:00,2,2,11,2501,5,0.000000,1520,1575,1520,55,3.4921,LOCAL_BEST,0,123,0,4265,217,113,57,-165,9649.1228,0.0000,0,0,0,0,0,0
n012w8-0,n012w8,0,5,1000000,100.0,adaptive,2026-07-04T10:59:26+01:00,2,3,11,2651,5,0.000000,1535,1565,1535,30,1.9169,LOCAL_BEST,0,123,980,4454,116,114,150,0,2000.0000,0.0000,0,0,0,0,0,0
n012w8-0,n012w8,0,5,1000000,100.0,adaptive,2026-07-04T10:59:26+01:00,2,3,11,2661,5,0.000000,1485,1535,1485,50,3.2573,LOCAL_BEST,0,123,984,4462,116,115,10,0,50000.0000,0.0000,0,0,0,0,0,0
n012w8-0,n012w8,0,5,1000000,100.0,adaptive,2026-07-04T10:59:26+01:00,2,2,11,3423,7,0.000000,1510,1520,1510,10,0.6579,LOCAL_BEST,0,123,0,5898,425,116,762,2,131.2336,5000.0000,0,0,0,0,0,0
n012w8-0,n012w8,0,5,1000000,100.0,adaptive,2026-07-04T10:59:26+01:00,2,2,11,3426,7,0.000000,1455,1510,1455,55,3.6424,LOCAL_BEST,0,123,0,5900,425,117,3,0,183333.3333,0.0000,0,0,0,0,0,0
n012w8-0,n012w8,0,5,1000000,100.0,adaptive,2026-07-04T10:59:26+01:00,2,5,11,4251,50,0.000000,545,590,545,45,7.6271,GLOBAL_BEST,1,123,0,6065,3333,118,825,43,545.4545,1046.5116,0,0,0,0,0,0
n012w8-0,n012w8,0,5,1000000,100.0,adaptive,2026-07-04T10:59:26+01:00,2,2,11,4259,8,0.000000,1420,1455,1420,35,2.4055,LOCAL_BEST,0,123,0,7331,613,119,8,-42,43750.0000,0.0000,0,0,0,0,0,0
n012w8-0,n012w8,0,5,1000000,100.0,adaptive,2026-07-04T10:59:26+01:00,2,2,11,5895,10,0.000000,1405,1420,1405,15,1.0563,LOCAL_BEST,0,123,0,10107,1108,120,1636,2,91.6870,7500.0000,0,0,0,0,0,0
n012w8-0,n012w8,0,5,1000000,100.0,adaptive,2026-07-04T10:59:26+01:00,2,2,11,6446,11,0.000000,1370,1405,1370,35,2.4911,LOCAL_BEST,0,123,0,11028,1305,121,551,1,635.2087,35000.0000,0,0,0,0,0,0
n012w8-0,n012w8,0,5,1000000,100.0,adaptive,2026-07-04T10:59:26+01:00,2,2,11,6491,11,0.000000,1335,1370,1335,35,2.5547,LOCAL_BEST,0,123,0,11092,1318,122,45,0,7777.7778,0.0000,0,0,0,0,0,0
n012w8-0,n012w8,0,5,1000000,100.0,adaptive,2026-07-04T10:59:26+01:00,2,2,11,6500,11,0.000000,1275,1335,1275,60,4.4944,LOCAL_BEST,0,123,0,11107,1320,123,9,0,66666.6667,0.0000,0,0,0,0,0,0
n012w8-0,n012w8,0,5,1000000,100.0,adaptive,2026-07-04T10:59:26+01:00,2,2,11,6502,11,0.000000,1230,1275,1230,45,3.5294,LOCAL_BEST,0,123,0,11108,1320,124,2,0,225000.0000,0.0000,0,0,0,0,0,0
n012w8-0,n012w8,0,5,1000000,100.0,adaptive,2026-07-04T10:59:26+01:00,2,2,11,7541,13,0.000000,1190,1230,1190,40,3.2520,LOCAL_BEST,0,123,0,12880,1706,125,1039,2,384.9856,20000.0000,0,0,0,0,0,0
n012w8-0,n012w8,0,5,1000000,100.0,adaptive,2026-07-04T10:59:26+01:00,2,8,11,7638,93,0.000000,390,410,390,20,4.8780,GLOBAL_BEST,3,123,0,11915,6890,126,97,80,2061.8557,250.0000,0,0,0,0,0,0
n012w8-0,n012w8,0,5,1000000,100.0,adaptive,2026-07-04T10:59:26+01:00,2,2,11,10208,17,0.000000,1175,1190,1175,15,1.2605,LOCAL_BEST,0,123,0,17341,2763,127,2570,-76,58.3658,0.0000,0,0,0,0,0,0
n012w8-0,n012w8,0,5,1000000,100.0,adaptive,2026-07-04T10:59:26+01:00,2,8,11,11037,98,0.000000,380,390,380,10,2.5641,GLOBAL_BEST,3,123,0,17061,9933,128,829,81,120.6273,123.4568,0,0,0,0,0,0
n012w8-0,n012w8,0,5,1000000,100.0,adaptive,2026-07-04T10:59:26+01:00,2,2,11,11416,19,0.000000,980,1175,980,195,16.5957,LOCAL_BEST,0,123,0,19261,3276,129,379,-79,5145.1187,0.0000,0,0,0,0,0,0
n012w8-0,n012w8,0,5,1000000,100.0,adaptive,2026-07-04T10:59:26+01:00,2,2,11,11417,19,0.000000,965,980,965,15,1.5306,LOCAL_BEST,0,123,0,19261,3276,130,1,0,150000.0000,0.0000,0,0,0,0,0,0
n012w8-0,n012w8,0,5,1000000,100.0,adaptive,2026-07-04T10:59:26+01:00,2,8,11,12307,100,0.000000,365,380,365,15,3.9474,GLOBAL_BEST,3,123,0,18855,11073,131,890,81,168.5393,185.1852,0,0,0,0,0,0
n012w8-0,n012w8,0,5,1000000,100.0,adaptive,2026-07-04T10:59:26+01:00,2,1,11,15378,27,80.860794,935,940,935,5,0.5319,GLOBAL_BEST,0,123,3679,25642,5473,132,3071,-73,16.2813,0.0000,0,0,0,0,0,0
n012w8-0,n012w8,0,5,1000000,100.0,adaptive,2026-07-04T10:59:26+01:00,2,3,11,15626,27,0.000000,1455,1485,1455,30,2.0202,LOCAL_BEST,0,123,5848,27062,649,133,248,0,1209.6774,0.0000,0,0,0,0,0,0
n012w8-0,n012w8,0,5,1000000,100.0,adaptive,2026-07-04T10:59:26+01:00,2,5,11,16557,67,0.000000,540,545,540,5,0.9174,GLOBAL_BEST,1,123,0,23984,13542,134,931,40,53.7057,125.0000,0,0,0,0,0,0
n012w8-0,n012w8,0,5,1000000,100.0,adaptive,2026-07-04T10:59:26+01:00,2,2,11,17353,28,0.000000,950,965,950,15,1.5544,LOCAL_BEST,0,123,0,28870,6216,135,796,-39,188.4422,0.0000,0,0,0,0,0,0
n012w8-0,n012w8,0,5,1000000,100.0,adaptive,2026-07-04T10:59:26+01:00,2,5,11,19190,71,0.000000,535,540,535,5,0.9259,GLOBAL_BEST,1,123,0,28059,15856,136,1837,43,27.2183,116.2791,0,0,0,0,0,0
n012w8-0,n012w8,0,5,1000000,100.0,adaptive,2026-07-04T10:59:26+01:00,2,5,11,19202,71,0.000000,505,535,505,30,5.6075,GLOBAL_BEST,1,123,0,28076,15866,137,12,0,25000.0000,0.0000,0,0,0,0,0,0
n012w8-0,n012w8,0,5,1000000,100.0,adaptive,2026-07-04T10:59:26+01:00,2,2,11,22602,37,0.000000,930,950,930,20,2.1053,GLOBAL_BEST,0,123,0,37099,9298,138,3400,-34,58.8235,0.0000,0,0,0,0,0,0
n012w8-0,n012w8,0,5,1000000,100.0,adaptive,2026-07-04T10:59:26+01:00,2,5,11,23771,78,0.000000,500,505,500,5,0.9901,GLOBAL_BEST,1,123,0,35205,19767,139,1169,41,42.7716,121.9512,0,0,0,0,0,0
n012w8-0,n012w8,0,5,1000000,100.0,adaptive,2026-07-04T10:59:26+01:00,2,2,11,24260,40,0.000000,905,930,905,25,2.6882,GLOBAL_BEST,0,123,0,39695,10277,140,489,-38,511.2474,0.0000,0,0,0,0,0,0
n012w8-0,n012w8,0,5,1000000,100.0,adaptive,2026-07-04T10:59:26+01:00,2,2,11,24788,41,0.000000,900,905,900,5,0.5525,GLOBAL_BEST,0,123,0,40584,10606,141,528,1,94.6970,5000.0000,0,0,0,0,0,0
n012w8-0,n012w8,0,5,1000000,100.0,adaptive,2026-07-04T10:59:26+01:00,2,2,11,24790,41,0.000000,885,900,885,15,1.6667,GLOBAL_BEST,0,123,0,40591,10606,142,2,0,75000.0000,0.0000,0,0,0,0,0,0
n012w8-0,n012w8,0,5,1000000,100.0,adaptive,2026-07-04T10:59:26+01:00,2,2,11,24791,41,0.000000,870,885,870,15,1.6949,GLOBAL_BEST,0,123,0,40592,10606,143,1,0,150000.0000,0.0000,0,0,0,0,0,0
n012w8-0,n012w8,0,5,1000000,100.0,adaptive,2026-07-04T10:59:26+01:00,2,5,11,25347,80,0.000000,485,500,485,15,3.0000,GLOBAL_BEST,1,123,0,37561,21089,144,556,39,269.7842,384.6154,0,0,0,0,0,0
n012w8-0,n012w8,0,5,1000000,100.0,adaptive,2026-07-04T10:59:26+01:00,2,1,11,25656,43,70.156837,875,935,875,60,6.4171,LOCAL_BEST,0,123,5946,42269,9722,145,309,-37,1941.7476,0.0000,0,0,0,0,0,0
n012w8-0,n012w8,0,5,1000000,100.0,adaptive,2026-07-04T10:59:26+01:00,2,1,11,25698,43,70.116140,795,875,795,80,9.1429,GLOBAL_BEST,0,123,5955,42316,9746,146,42,0,19047.6190,0.0000,0,0,0,0,0,0
n012w8-0,n012w8,0,5,1000000,100.0,adaptive,2026-07-04T10:59:26+01:00,2,1,11,25700,43,70.114203,720,795,720,75,9.4340,GLOBAL_BEST,0,123,5955,42325,9747,147,2,0,375000.0000,0.0000,0,0,0,0,0,0
n012w8-0,n012w8,0,5,1000000,100.0,adaptive,2026-07-04T10:59:26+01:00,2,11,11,25710,215,0.000000,290,305,290,15,4.9180,GLOBAL_BEST,4,123,0,37758,23641,148,10,172,15000.0000,87.2093,0,0,0,0,0,0
n012w8-0,n012w8,0,5,1000000,100.0,adaptive,2026-07-04T10:59:26+01:00,2,2,11,27518,45,0.000000,855,870,855,15,1.7241,LOCAL_BEST,0,123,0,45006,12304,149,1808,-170,82.9646,0.0000,0,0,0,0,0,0
n012w8-0,n012w8,0,5,1000000,100.0,adaptive,2026-07-04T10:59:26+01:00,2,2,11,27521,45,0.000000,840,855,840,15,1.7544,LOCAL_BEST,0,123,0,45014,12304,150,3,0,50000.0000,0.0000,0,0,0,0,0,0
n012w8-0,n012w8,0,5,1000000,100.0,adaptive,2026-07-04T10:59:26+01:00,2,2,11,28936,47,0.000000,795,840,795,45,5.3571,LOCAL_BEST,0,123,0,47436,13250,151,1415,2,318.0212,22500.0000,0,0,0,0,0,0
n012w8-0,n012w8,0,5,1000000,100.0,adaptive,2026-07-04T10:59:26+01:00,2,5,11,30963,88,0.000000,455,485,455,30,6.1856,LOCAL_BEST,1,123,0,46111,25921,152,2027,41,148.0020,731.7073,0,0,0,0,0,0
n012w8-0,n012w8,0,5,1000000,100.0,adaptive,2026-07-04T10:59:26+01:00,2,2,11,35782,58,0.000000,785,795,785,10,1.2579,LOCAL_BEST,0,123,0,58043,17994,153,4819,-30,20.7512,0.0000,0,0,0,0,0,0
n012w8-0,n012w8,0,5,1000000,100.0,adaptive,2026-07-04T10:59:26+01:00,2,2,11,36946,60,0.000000,770,785,770,15,1.9108,LOCAL_BEST,0,123,0,59770,18831,154,1164,2,128.8660,7500.0000,0,0,0,0,0,0
n012w8-0,n012w8,0,5,1000000,100.0,adaptive,2026-07-04T10:59:26+01:00,2,2,11,37429,61,0.000000,755,770,755,15,1.9481,LOCAL_BEST,0,123,0,60463,19161,155,483,1,310.5590,15000.0000,0,0,0,0,0,0
n012w8-0,n012w8,0,5,1000000,100.0,adaptive,2026-07-04T10:59:26+01:00,2,2,11,38236,62,0.000000,740,755,740,15,1.9868,LOCAL_BEST,0,123,0,61652,19719,156,807,1,185.8736,15000.0000,0,0,0,0,0,0
n012w8-0,n012w8,0,5,1000000,100.0,adaptive,2026-07-04T10:59:26+01:00,2,5,11,38874,102,0.000000,440,455,440,15,3.2967,LOCAL_BEST,1,123,0,57752,32683,157,638,40,235.1097,375.0000,0,0,0,0,0,0
n012w8-0,n012w8,0,5,1000000,100.0,adaptive,2026-07-04T10:59:26+01:00,2,4,11,38966,109,58.372729,770,795,770,25,3.1447,LOCAL_BEST,1,123,8482,64629,16058,158,92,7,2717.3913,3571.4286,0,0,0,0,0,0
n012w8-0,n012w8,0,5,1000000,100.0,adaptive,2026-07-04T10:59:26+01:00,2,2,11,40049,65,0.000000,685,740,685,55,7.4324,LOCAL_BEST,0,123,0,64459,21022,159,1083,-44,507.8486,0.0000,0,0,0,0,0,0
n012w8-0,n012w8,0,5,1000000,100.0,adaptive,2026-07-04T10:59:26+01:00,2,4,11,41426,113,56.422198,755,770,755,15,1.9481,LOCAL_BEST,1,123,8930,68595,17282,160,1377,48,108.9325,312.5000,0,0,0,0,0,0
n012w8-0,n012w8,0,5,1000000,100.0,adaptive,2026-07-04T10:59:26+01:00,2,5,11,42819,112,0.000000,435,440,435,5,1.1364,LOCAL_BEST,1,123,0,63580,36057,161,1393,-1,35.8938,0.0000,0,0,0,0,0,0
n012w8-0,n012w8,0,5,1000000,100.0,adaptive,2026-07-04T10:59:26+01:00,2,4,11,44495,117,54.079915,740,755,740,15,1.9868,LOCAL_BEST,1,123,9464,73352,18881,162,1676,5,89.4988,3000.0000,0,0,0,0,0,0
n012w8-0,n012w8,0,5,1000000,100.0,adaptive,2026-07-04T10:59:26+01:00,2,4,11,44497,117,54.078421,725,740,725,15,2.0270,LOCAL_BEST,1,123,9464,73356,18882,163,2,0,75000.0000,0.0000,0,0,0,0,0,0
n012w8-0,n012w8,0,5,1000000,100.0,adaptive,2026-07-04T10:59:26+01:00,2,4,11,44504,117,54.073191,710,725,710,15,2.0690,LOCAL_BEST,1,123,9466,73376,18885,164,7,0,21428.5714,0.0000,0,0,0,0,0,0
n012w8-0,n012w8,0,5,1000000,100.0,adaptive,2026-07-04T10:59:26+01:00,2,5,11,46917,117,0.000000,425,435,425,10,2.2989,LOCAL_BEST,1,123,0,69392,39647,165,2413,0,41.4422,0.0000,0,0,0,0,0,0
n012w8-0,n012w8,0,5,1000000,100.0,adaptive,2026-07-04T10:59:26+01:00,2,2,11,47838,77,0.000000,610,685,610,75,10.9489,LOCAL_BEST,0,123,0,76526,26896,166,921,-40,814.3322,0.0000,0,0,0,0,0,0
n012w8-0,n012w8,0,5,1000000,100.0,adaptive,2026-07-04T10:59:26+01:00,2,4,11,48014,123,51.513612,695,710,695,15,2.1127,LOCAL_BEST,1,123,10062,78893,20747,167,176,46,852.2727,326.0870,0,0,0,0,0,0
n012w8-0,n012w8,0,5,1000000,100.0,adaptive,2026-07-04T10:59:26+01:00,2,5,11,50981,123,0.000000,420,425,420,5,1.1765,LOCAL_BEST,1,123,0,75174,43274,168,2967,0,16.8520,0.0000,0,0,0,0,0,0
n012w8-0,n012w8,0,5,1000000,100.0,adaptive,2026-07-04T10:59:26+01:00,2,1,11,54267,89,47.250238,715,720,715,5,0.6944,LOCAL_BEST,0,123,11082,88216,24160,169,3286,-34,15.2161,0.0000,0,0,0,0,0,0
n012w8-0,n012w8,0,5,1000000,100.0,adaptive,2026-07-04T10:59:26+01:00,2,1,11,54280,89,47.241752,700,715,700,15,2.0979,LOCAL_BEST,0,123,11082,88236,24171,170,13,0,11538.4615,0.0000,0,0,0,0,0,0
n012w8-0,n012w8,0,5,1000000,100.0,adaptive,2026-07-04T10:59:26+01:00,2,2,11,54397,87,0.000000,605,610,605,5,0.8197,LOCAL_BEST,0,123,0,86774,31932,171,117,-2,427.3504,0.0000,0,0,0,0,0,0
n012w8-0,n012w8,0,5,1000000,100.0,adaptive,2026-07-04T10:59:26+01:00,2,2,11,54498,87,0.000000,585,605,585,20,3.3058,LOCAL_BEST,0,123,0,86918,32000,172,101,0,1980.1980,0.0000,0,0,0,0,0,0
n012w8-0,n012w8,0,5,1000000,100.0,adaptive,2026-07-04T10:59:26+01:00,2,5,11,55238,130,0.000000,395,420,395,25,5.9524,LOCAL_BEST,1,123,0,81476,47009,173,740,43,337.8378,581.3953,0,0,0,0,0,0
n012w8-0,n012w8,0,5,1000000,100.0,adaptive,2026-07-04T10:59:26+01:00,2,1,11,56430,92,45.859150,695,700,695,5,0.7143,LOCAL_BEST,0,123,11404,91630,25358,174,1192,-38,41.9463,0.0000,0,0,0,0,0,0
n012w8-0,n012w8,0,5,1000000,100.0,adaptive,2026-07-04T10:59:26+01:00,2,1,11,56440,92,45.852815,635,695,635,60,8.6331,LOCAL_BEST,0,123,11404,91646,25366,175,10,0,60000.0000,0.0000,0,0,0,0,0,0
n012w8-0,n012w8,0,5,1000000,100.0,adaptive,2026-07-04T10:59:26+01:00,2,1,11,56460,92,45.840147,605,635,605,30,4.7244,LOCAL_BEST,0,123,11405,91664,25382,176,20,0,15000.0000,0.0000,0,0,0,0,0,0
n012w8-0,n012w8,0,5,1000000,100.0,adaptive,2026-07-04T10:59:26+01:00,2,2,11,57417,93,0.000000,565,585,565,20,3.4188,LOCAL_BEST,0,123,0,91204,34295,177,957,1,208.9864,20000.0000,0,0,0,0,0,0
n012w8-0,n012w8,0,5,1000000,100.0,adaptive,2026-07-04T10:59:26+01:00,2,2,11,57421,93,0.000000,535,565,535,30,5.3097,LOCAL_BEST,0,123,0,91213,34297,178,4,0,75000.0000,0.0000,0,0,0,0,0,0
n012w8-0,n012w8,0,5,1000000,100.0,adaptive,2026-07-04T10:59:26+01:00,2,4,11,57800,139,44.999325,685,695,685,10,1.4388,LOCAL_BEST,1,123,11519,94282,26314,179,379,46,263.8522,217.3913,0,0,0,0,0,0
n012w8-0,n012w8,0,5,1000000,100.0,adaptive,2026-07-04T10:59:26+01:00,2,2,11,57926,94,0.000000,530,535,530,5,0.9346,LOCAL_BEST,0,123,0,91872,34676,180,126,-45,396.8254,0.0000,0,0,0,0,0,0
n012w8-0,n012w8,0,5,1000000,100.0,adaptive,2026-07-04T10:59:26+01:00,2,3,11,58852,98,0.000000,1440,1455,1440,15,1.0309,LOCAL_BEST,0,123,22278,102919,2366,181,926,4,161.9870,3750.0000,0,0,0,0,0,0
n012w8-0,n012w8,0,5,1000000,100.0,adaptive,2026-07-04T10:59:26+01:00,2,3,11,58853,98,0.000000,1410,1440,1410,30,2.0833,LOCAL_BEST,0,123,22278,102919,2366,182,1,0,300000.0000,0.0000,0,0,0,0,0,0
n012w8-0,n012w8,0,5,1000000,100.0,adaptive,2026-07-04T10:59:26+01:00,2,3,11,58855,98,0.000000,1350,1410,1350,60,4.2553,LOCAL_BEST,0,123,22278,102921,2367,183,2,0,300000.0000,0.0000,0,0,0,0,0,0
n012w8-0,n012w8,0,5,1000000,100.0,adaptive,2026-07-04T10:59:26+01:00,2,3,11,58856,98,0.000000,1320,1350,1320,30,2.2222,LOCAL_BEST,0,123,22278,102921,2367,184,1,0,300000.0000,0.0000,0,0,0,0,0,0
n012w8-0,n012w8,0,5,1000000,100.0,adaptive,2026-07-04T10:59:26+01:00,2,3,11,58857,98,0.000000,1170,1320,1170,150,11.3636,LOCAL_BEST,0,123,22278,102921,2367,185,1,0,1500000.0000,0.0000,0,0,0,0,0,0
n012w8-0,n012w8,0,5,1000000,100.0,adaptive,2026-07-04T10:59:26+01:00,2,2,11,59546,96,0.000000,515,530,515,15,2.8302,LOCAL_BEST,0,123,0,94131,35928,186,689,-2,217.7068,0.0000,0,0,0,0,0,0
n012w8-0,n012w8,0,5,1000000,100.0,adaptive,2026-07-04T10:59:26+01:00,2,2,11,61853,100,0.000000,500,515,500,15,2.9126,LOCAL_BEST,0,123,0,97595,37749,187,2307,4,65.0195,3750.0000,0,0,0,0,0,0
n012w8-0,n012w8,0,5,1000000,100.0,adaptive,2026-07-04T10:59:26+01:00,2,2,11,65705,106,0.000000,470,500,470,30,6.0000,LOCAL_BEST,0,123,0,103310,40817,188,3852,6,77.8816,5000.0000,0,0,0,0,0,0
n012w8-0,n012w8,0,5,1000000,100.0,adaptive,2026-07-04T10:59:26+01:00,2,5,11,65754,145,0.000000,390,395,390,5,1.2658,LOCAL_BEST,1,123,0,96690,56523,189,49,39,1020.4082,128.2051,0,0,0,0,0,0
n012w8-0,n012w8,0,5,1000000,100.0,adaptive,2026-07-04T10:59:26+01:00,2,4,11,67888,154,39.145153,675,685,675,10,1.4599,LOCAL_BEST,1,123,12921,109790,32520,190,2134,9,46.8604,1111.1111,0,0,0,0,0,0
n012w8-0,n012w8,0,5,1000000,100.0,adaptive,2026-07-04T10:59:26+01:00,2,2,11,69002,111,0.000000,455,470,455,15,3.1915,LOCAL_BEST,0,123,0,108143,43548,191,1114,-43,134.6499,0.0000,0,0,0,0,0,0
n012w8-0,n012w8,0,5,1000000,100.0,adaptive,2026-07-04T10:59:26+01:00,2,4,11,73329,163,36.310481,665,675,665,10,1.4815,LOCAL_BEST,1,123,13597,117720,35954,192,4327,52,23.1107,192.3077,0,0,0,0,0,0
n012w8-0,n012w8,0,5,1000000,100.0,adaptive,2026-07-04T10:59:26+01:00,2,1,11,73984,119,35.983384,575,605,575,30,4.9587,LOCAL_BEST,0,123,13658,119250,36354,193,655,-44,458.0153,0.0000,0,0,0,0,0,0
n012w8-0,n012w8,0,5,1000000,100.0,adaptive,2026-07-04T10:59:26+01:00,2,1,11,74004,119,35.973443,545,575,545,30,5.2174,LOCAL_BEST,0,123,13659,119273,36370,194,20,0,15000.0000,0.0000,0,0,0,0,0,0
n012w8-0,n012w8,0,5,1000000,100.0,adaptive,2026-07-04T10:59:26+01:00,2,4,11,75414,166,35.279466,655,665,655,10,1.5038,LOCAL_BEST,1,123,13835,120861,37337,195,1410,47,70.9220,212.7660,0,0,0,0,0,0
n012w8-0,n012w8,0,5,1000000,100.0,adaptive,2026-07-04T10:59:26+01:00,2,4,11,78521,170,33.797144,650,655,650,5,0.7634,LOCAL_BEST,1,123,14112,125736,39513,196,3107,4,16.0927,1250.0000,0,0,0,0,0,0
n012w8-0,n012w8,0,5,1000000,100.0,adaptive,2026-07-04T10:59:26+01:00,2,4,11,78529,170,33.793409,620,650,620,30,4.6154,LOCAL_BEST,1,123,14113,125744,39519,197,8,0,37500.0000,0.0000,0,0,0,0,0,0
n012w8-0,n012w8,0,5,1000000,100.0,adaptive,2026-07-04T10:59:26+01:00,2,2,11,79168,126,0.000000,440,455,440,15,3.2967,LOCAL_BEST,0,123,0,123276,52195,198,639,-44,234.7418,0.0000,0,0,0,0,0,0
n012w8-0,n012w8,0,5,1000000,100.0,adaptive,2026-07-04T10:59:26+01:00,2,2,11,79195,126,0.000000,425,440,425,15,3.4091,LOCAL_BEST,0,123,0,123330,52217,199,27,0,5555.5556,0.0000,0,0,0,0,0,0
n012w8-0,n012w8,0,5,1000000,100.0,adaptive,2026-07-04T10:59:26+01:00,2,1,11,85064,137,30.876069,535,545,535,10,1.8349,LOCAL_BEST,0,123,14828,136410,43931,200,5869,11,17.0387,909.0909,0,0,0,0,0,0
n012w8-0,n012w8,0,5,1000000,100.0,adaptive,2026-07-04T10:59:26+01:00,2,1,11,85067,137,30.874789,520,535,520,15,2.8037,LOCAL_BEST,0,123,14828,136410,43933,201,3,0,50000.0000,0.0000,0,0,0,0,0,0
n012w8-0,n012w8,0,5,1000000,100.0,adaptive,2026-07-04T10:59:26+01:00,2,2,11,86653,138,0.000000,380,425,380,45,10.5882,LOCAL_BEST,0,123,0,134427,58541,202,1586,1,283.7327,45000.0000,0,0,0,0,0,0
n012w8-0,n012w8,0,5,1000000,100.0,adaptive,2026-07-04T10:59:26+01:00,2,1,11,89128,143,29.190262,490,520,490,30,5.7692,LOCAL_BEST,0,123,15186,142568,46908,203,2475,5,121.2121,6000.0000,0,0,0,0,0,0
n012w8-0,n012w8,0,5,1000000,100.0,adaptive,2026-07-04T10:59:26+01:00,2,4,11,90293,189,28.724204,550,620,550,70,11.2903,LOCAL_BEST,1,123,15205,143951,47952,204,1165,46,600.8584,1521.7391,0,0,0,0,0,0
n012w8-0,n012w8,0,5,1000000,100.0,adaptive,2026-07-04T10:59:26+01:00,2,1,11,90691,145,28.566695,485,490,485,5,1.0204,LOCAL_BEST,0,123,15305,144845,48079,205,398,-44,125.6281,0.0000,0,0,0,0,0,0
n012w8-0,n012w8,0,5,1000000,100.0,adaptive,2026-07-04T10:59:26+01:00,2,1,11,90751,145,28.543025,470,485,470,15,3.0928,LOCAL_BEST,0,123,15305,144946,48135,206,60,0,2500.0000,0.0000,0,0,0,0,0,0
n012w8-0,n012w8,0,5,1000000,100.0,adaptive,2026-07-04T10:59:26+01:00,2,1,11,90773,145,28.534351,440,470,440,30,6.3830,LOCAL_BEST,0,123,15306,144975,48153,207,22,0,13636.3636,0.0000,0,0,0,0,0,0
n012w8-0,n012w8,0,5,1000000,100.0,adaptive,2026-07-04T10:59:26+01:00,2,2,11,95267,154,0.000000,365,380,365,15,3.9474,LOCAL_BEST,0,123,0,147381,65920,208,4494,9,33.3778,1666.6667,0,0,0,0,0,0
n012w8-0,n012w8,0,5,1000000,100.0,adaptive,2026-07-04T10:59:26+01:00,2,4,11,96053,197,26.526992,540,550,540,10,1.8182,LOCAL_BEST,1,123,15632,152684,52301,209,786,43,127.2265,232.5581,0,0,0,0,0,0
n012w8-0,n012w8,0,5,1000000,100.0,adaptive,2026-07-04T10:59:26+01:00,2,4,11,97682,200,25.936657,530,540,530,10,1.8519,LOCAL_BEST,1,123,15776,155036,53509,210,1629,3,61.3874,3333.3333,0,0,0,0,0,0
n012w8-0,n012w8,0,5,1000000,100.0,adaptive,2026-07-04T10:59:26+01:00,2,4,11,97690,200,25.933791,425,530,425,105,19.8113,LOCAL_BEST,1,123,15776,155041,53516,211,8,0,131250.0000,0.0000,0,0,0,0,0,0
n012w8-0,n012w8,0,5,1000000,100.0,adaptive,2026-07-04T10:59:26+01:00,2,4,11,97705,200,25.928417,405,425,405,20,4.7059,LOCAL_BEST,1,123,15777,155060,53524,212,15,0,13333.3333,0.0000,0,0,0,0,0,0
n012w8-0,n012w8,0,5,1000000,100.0,adaptive,2026-07-04T10:59:26+01:00,2,1,11,100192,159,25.052669,435,440,435,5,1.1364,LOCAL_BEST,0,123,15997,158517,55315,213,2487,-41,20.1045,0.0000,0,0,0,0,0,0
n012w8-0,n012w8,0,5,1000000,100.0,adaptive,2026-07-04T10:59:26+01:00,2,2,11,101311,164,0.000000,350,365,350,15,4.1096,GLOBAL_BEST,0,123,0,156121,71274,214,1119,5,134.0483,3000.0000,0,0,0,0,0,0
n012w8-0,n012w8,0,5,1000000,100.0,adaptive,2026-07-04T10:59:26+01:00,2,2,11,108079,173,0.000000,340,350,340,10,2.8571,LOCAL_BEST,0,123,0,165721,77237,215,6768,9,14.7754,1111.1111,0,0,0,0,0,0
n012w8-0,n012w8,0,5,1000000,100.0,adaptive,2026-07-04T10:59:26+01:00,2,4,11,108222,216,22.421982,385,405,385,20,4.9383,LOCAL_BEST,1,123,16488,171000,61719,216,143,43,1398.6014,465.1163,0,0,0,0,0,0
n012w8-0,n012w8,0,5,1000000,100.0,adaptive,2026-07-04T10:59:26+01:00,2,2,11,109926,176,0.000000,335,340,335,5,1.4706,LOCAL_BEST,0,123,0,168312,78864,217,1704,-40,29.3427,0.0000,0,0,0,0,0,0
n012w8-0,n012w8,0,5,1000000,100.0,adaptive,2026-07-04T10:59:26+01:00,2,2,11,109970,176,0.000000,320,335,320,15,4.4776,LOCAL_BEST,0,123,0,168359,78899,218,44,0,3409.0909,0.0000,0,0,0,0,0,0
n012w8-0,n012w8,0,5,1000000,100.0,adaptive,2026-07-04T10:59:26+01:00,2,7,11,111362,280,21.470097,475,485,475,10,2.0619,LOCAL_BEST,2,123,16681,176180,63941,219,1392,104,71.8391,96.1538,0,0,0,0,0,0
n012w8-0,n012w8,0,5,1000000,100.0,adaptive,2026-07-04T10:59:26+01:00,2,7,11,111414,280,21.454678,460,475,460,15,3.1579,LOCAL_BEST,2,123,16682,176243,63986,220,52,0,2884.6154,0.0000,0,0,0,0,0,0
n012w8-0,n012w8,0,5,1000000,100.0,adaptive,2026-07-04T10:59:26+01:00,2,7,11,111493,280,21.431275,445,460,445,15,3.2609,LOCAL_BEST,2,123,16687,176377,64048,221,79,0,1898.7342,0.0000,0,0,0,0,0,0
n012w8-0,n012w8,0,5,1000000,100.0,adaptive,2026-07-04T10:59:26+01:00,2,7,11,114185,287,20.648856,430,445,430,15,3.3708,LOCAL_BEST,2,123,16830,180382,66242,222,2692,7,55.7207,2142.8571,0,0,0,0,0,0
n012w8-0,n012w8,0,5,1000000,100.0,adaptive,2026-07-04T10:59:26+01:00,2,7,11,114193,287,20.646574,425,430,425,5,1.1628,LOCAL_BEST,2,123,16830,180398,66249,223,8,0,6250.0000,0.0000,0,0,0,0,0,0
n012w8-0,n012w8,0,5,1000000,100.0,adaptive,2026-07-04T10:59:26+01:00,2,7,11,114198,287,20.645148,380,425,380,45,10.5882,LOCAL_BEST,2,123,16830,180399,66253,224,5,0,90000.0000,0.0000,0,0,0,0,0,0
n012w8-0,n012w8,0,5,1000000,100.0,adaptive,2026-07-04T10:59:26+01:00,2,4,11,114464,226,20.569418,380,385,380,5,1.2987,LOCAL_BEST,1,123,16855,180389,66789,225,266,-61,187.9699,0.0000,0,0,0,0,0,0
n012w8-0,n012w8,0,5,1000000,100.0,adaptive,2026-07-04T10:59:26+01:00,2,4,11,114532,226,20.550103,365,380,365,15,3.9474,LOCAL_BEST,1,123,16858,180494,66844,226,68,0,2205.8824,0.0000,0,0,0,0,0,0
n012w8-0,n012w8,0,5,1000000,100.0,adaptive,2026-07-04T10:59:26+01:00,2,4,11,123344,247,18.194579,320,365,320,45,12.3288,LOCAL_BEST,1,123,17225,193275,74303,227,8812,21,51.0667,2142.8571,0,0,0,0,0,0
n012w8-0,n012w8,0,5,1000000,100.0,adaptive,2026-07-04T10:59:26+01:00,2,7,11,123347,308,18.193824,375,380,375,5,1.3158,LOCAL_BEST,2,123,17216,193793,73988,228,3,61,16666.6667,81.9672,0,0,0,0,0,0
n012w8-0,n012w8,0,5,1000000,100.0,adaptive,2026-07-04T10:59:26+01:00,2,2,11,123433,195,0.000000,310,320,310,10,3.1250,LOCAL_BEST,0,123,0,187103,91314,229,86,-113,1162.7907,0.0000,0,0,0,0,0,0
n012w8-0,n012w8,0,5,1000000,100.0,adaptive,2026-07-04T10:59:26+01:00,2,7,11,123687,308,18.108563,345,375,345,30,8.0000,LOCAL_BEST,2,123,17223,194247,74281,230,254,113,1181.1024,265.4867,0,0,0,0,0,0
n012w8-0,n012w8,0,5,1000000,100.0,adaptive,2026-07-04T10:59:26+01:00,2,7,11,123781,309,18.085062,330,345,330,15,4.3478,LOCAL_BEST,2,123,17223,194383,74369,231,94,1,1595.7447,15000.0000,0,0,0,0,0,0
n012w8-0,n012w8,0,5,1000000,100.0,adaptive,2026-07-04T10:59:26+01:00,2,4,11,124535,250,17.897650,310,320,310,10,3.1250,LOCAL_BEST,1,123,17255,195045,75366,232,754,-59,132.6260,0.0000,0,0,0,0,0,0
n012w8-0,n012w8,0,5,1000000,100.0,adaptive,2026-07-04T10:59:26+01:00,2,1,11,126550,201,17.406281,410,435,410,25,5.7471,LOCAL_BEST,0,123,17321,198140,76819,233,2015,-49,124.0695,0.0000,0,0,0,0,0,0
n012w8-0,n012w8,0,5,1000000,100.0,adaptive,2026-07-04T10:59:26+01:00,2,1,11,126556,201,17.404839,395,410,395,15,3.6585,LOCAL_BEST,0,123,17321,198147,76823,234,6,0,25000.0000,0.0000,0,0,0,0,0,0
n012w8-0,n012w8,0,5,1000000,100.0,adaptive,2026-07-04T10:59:26+01:00,2,1,11,126579,201,17.399309,380,395,380,15,3.7975,LOCAL_BEST,0,123,17321,198179,76845,235,23,0,6521.7391,0.0000,0,0,0,0,0,0
n012w8-0,n012w8,0,5,1000000,100.0,adaptive,2026-07-04T10:59:26+01:00,2,1,11,130357,207,16.514446,370,380,370,10,2.6316,LOCAL_BEST,0,123,17454,203661,80064,236,3778,6,26.4690,1666.6667,0,0,0,0,0,0
n012w8-0,n012w8,0,5,1000000,100.0,adaptive,2026-07-04T10:59:26+01:00,2,1,11,130456,207,16.491874,365,370,365,5,1.3514,LOCAL_BEST,0,123,17454,203830,80159,237,99,0,505.0505,0.0000,0,0,0,0,0,0
n012w8-0,n012w8,0,5,1000000,100.0,adaptive,2026-07-04T10:59:26+01:00,2,10,11,133175,455,15.883858,335,350,335,15,4.2857,LOCAL_BEST,4,123,17686,209593,82243,238,2719,248,55.1673,60.4839,0,0,0,0,0,0
n012w8-0,n012w8,0,5,1000000,100.0,adaptive,2026-07-04T10:59:26+01:00,2,2,11,134256,217,0.000000,300,310,300,10,3.2258,LOCAL_BEST,0,123,0,202259,101268,239,1081,-238,92.5069,0.0000,0,0,0,0,0,0
n012w8-0,n012w8,0,5,1000000,100.0,adaptive,2026-07-04T10:59:26+01:00,2,4,11,136722,278,15.124255,290,310,290,20,6.4516,LOCAL_BEST,1,123,17620,212935,86076,240,2466,61,81.1030,327.8689,0,0,0,0,0,0
n012w8-0,n012w8,0,5,1000000,100.0,adaptive,2026-07-04T10:59:26+01:00,2,4,11,137427,280,14.977661,275,290,275,15,5.1724,GLOBAL_BEST,1,123,17633,213990,86722,241,705,2,212.7660,7500.0000,0,0,0,0,0,0
n012w8-0,n012w8,0,5,1000000,100.0,adaptive,2026-07-04T10:59:26+01:00,2,4,11,137493,280,14.964010,260,275,260,15,5.4545,GLOBAL_BEST,1,123,17633,214090,86785,242,66,0,2272.7273,0.0000,0,0,0,0,0,0
n012w8-0,n012w8,0,5,1000000,100.0,adaptive,2026-07-04T10:59:26+01:00,2,1,11,139667,219,14.521250,360,365,360,5,1.3699,LOCAL_BEST,0,123,17726,217564,88191,243,2174,-61,22.9991,0.0000,0,0,0,0,0,0
n012w8-0,n012w8,0,5,1000000,100.0,adaptive,2026-07-04T10:59:26+01:00,2,7,11,140201,337,14.414514,320,330,320,10,3.0303,LOCAL_BEST,2,123,17685,217264,88696,244,534,118,187.2659,84.7458,0,0,0,0,0,0
n012w8-0,n012w8,0,5,1000000,100.0,adaptive,2026-07-04T10:59:26+01:00,2,1,11,140598,222,14.335670,345,360,345,15,4.1667,LOCAL_BEST,0,123,17739,218890,89026,245,397,-115,377.8338,0.0000,0,0,0,0,0,0
n012w8-0,n012w8,0,5,1000000,100.0,adaptive,2026-07-04T10:59:26+01:00,2,7,11,141193,339,14.218311,305,320,305,15,4.6875,LOCAL_BEST,2,123,17713,218601,89600,246,595,117,252.1008,128.2051,0,0,0,0,0,0
n012w8-0,n012w8,0,5,1000000,100.0,adaptive,2026-07-04T10:59:26+01:00,2,1,11,141209,222,14.215168,335,345,335,10,2.8986,LOCAL_BEST,0,123,17755,219715,89564,247,16,-117,6250.0000,0.0000,0,0,0,0,0,0
n012w8-0,n012w8,0,5,1000000,100.0,adaptive,2026-07-04T10:59:26+01:00,2,13,11,144082,523,13.661991,275,290,275,15,5.1724,LOCAL_BEST,5,123,17764,224508,92636,248,2873,301,52.2102,49.8339,0,0,0,0,0,0
n012w8-0,n012w8,0,5,1000000,100.0,adaptive,2026-07-04T10:59:26+01:00,2,13,11,144279,524,13.624858,260,275,260,15,5.4545,LOCAL_BEST,5,123,17765,224743,92816,249,197,1,761.4213,15000.0000,0,0,0,0,0,0
n012w8-0,n012w8,0,5,1000000,100.0,adaptive,2026-07-04T10:59:26+01:00,2,2,11,146149,239,0.000000,285,300,285,15,5.0000,GLOBAL_BEST,0,123,0,219409,112359,250,1870,-285,80.2139,0.0000,0,0,0,0,0,0
n012w8-0,n012w8,0,5,1000000,100.0,adaptive,2026-07-04T10:59:26+01:00,2,1,11,146299,230,13.249882,325,335,325,10,2.9851,LOCAL_BEST,0,123,17845,227124,94157,251,150,-9,666.6667,0.0000,0,0,0,0,0,0
n012w8-0,n012w8,0,5,1000000,100.0,adaptive,2026-07-04T10:59:26+01:00,2,10,11,148578,480,12.839201,325,335,325,10,2.9851,LOCAL_BEST,4,123,18091,231736,95970,252,2279,250,43.8789,40.0000,0,0,0,0,0,0
n012w8-0,n012w8,0,5,1000000,100.0,adaptive,2026-07-04T10:59:26+01:00,2,1,11,150515,235,12.500172,310,325,310,15,4.6154,LOCAL_BEST,0,123,17902,232716,98060,253,1937,-245,77.4393,0.0000,0,0,0,0,0,0
n012w8-0,n012w8,0,5,1000000,100.0,adaptive,2026-07-04T10:59:26+01:00,2,16,11,152739,567,12.121936,280,285,280,5,1.7544,LOCAL_BEST,7,123,18110,236302,100029,254,2224,332,22.4820,15.0602,0,0,0,0,0,0
n012w8-0,n012w8,0,5,1000000,100.0,adaptive,2026-07-04T10:59:26+01:00,2,13,11,155130,546,11.728055,245,260,245,15,5.7692,GLOBAL_BEST,5,123,17977,240400,102562,255,2391,-21,62.7353,0.0000,0,0,0,0,0,0
n012w8-0,n012w8,0,5,1000000,100.0,adaptive,2026-07-04T10:59:26+01:00,2,16,11,155906,573,11.602992,265,280,265,15,5.3571,LOCAL_BEST,7,123,18167,240635,102910,256,776,27,193.2990,555.5556,0,0,0,0,0,0
n012w8-0,n012w8,0,5,1000000,100.0,adaptive,2026-07-04T10:59:26+01:00,2,13,11,157133,550,11.407960,230,245,230,15,6.1224,LOCAL_BEST,5,123,17996,243478,104417,257,1227,-23,122.2494,0.0000,0,0,0,0,0,0
n012w8-0,n012w8,0,5,1000000,100.0,adaptive,2026-07-04T10:59:26+01:00,2,7,11,170638,396,9.466251,290,305,290,15,4.9180,LOCAL_BEST,2,123,18211,263389,116222,258,13505,-154,11.1070,0.0000,0,0,0,0,0,0
n012w8-0,n012w8,0,5,1000000,100.0,adaptive,2026-07-04T10:59:26+01:00,2,1,11,170804,274,9.444566,300,310,300,10,3.2258,LOCAL_BEST,0,123,18141,262171,116818,259,166,-122,602.4096,0.0000,0,0,0,0,0,0
n012w8-0,n012w8,0,5,1000000,100.0,adaptive,2026-07-04T10:59:26+01:00,2,7,11,172717,401,9.198224,275,290,275,15,5.1724,LOCAL_BEST,2,123,18231,266429,118137,260,1913,127,78.4109,118.1102,0,0,0,0,0,0
n012w8-0,n012w8,0,5,1000000,100.0,adaptive,2026-07-04T10:59:26+01:00,2,7,11,183049,424,7.974657,260,275,260,15,5.4545,LOCAL_BEST,2,123,18313,281280,127763,261,10332,23,14.5180,652.1739,0,0,0,0,0,0
n012w8-0,n012w8,0,5,1000000,100.0,adaptive,2026-07-04T10:59:26+01:00,2,4,11,200000,417,6.309573,275,260,260,0,0.0000,REHEAT,1,123,18407,308434,145120,262,16951,-7,0.0000,0.0000,0,0,0,0,0,0
n012w8-0,n012w8,0,5,1000000,100.0,adaptive,2026-07-04T10:59:26+01:00,2,13,11,207133,655,5.717445,260,230,230,0,0.0000,REHEAT,5,123,18378,317364,151809,263,7133,238,0.0000,0.0000,0,0,0,0,0,0
n012w8-0,n012w8,0,5,1000000,100.0,adaptive,2026-07-04T10:59:26+01:00,2,1,11,220804,365,4.733430,300,300,300,0,0.0000,REHEAT,0,123,18393,338276,163324,264,13671,-290,0.0000,0.0000,0,0,0,0,0,0
n012w8-0,n012w8,0,5,1000000,100.0,adaptive,2026-07-04T10:59:26+01:00,2,4,11,250000,530,50.118723,1405,260,260,0,0.0000,REHEAT,1,123,28904,389272,166671,265,29196,165,0.0000,0.0000,0,0,0,0,0,0
n012w8-0,n012w8,0,5,1000000,100.0,adaptive,2026-07-04T10:59:26+01:00,2,13,11,257133,781,50.118723,1045,230,230,0,0.0000,REHEAT,5,123,28727,397431,173862,266,7133,251,0.0000,0.0000,0,0,0,0,0,0
n012w8-0,n012w8,0,5,1000000,100.0,adaptive,2026-07-04T10:59:26+01:00,2,1,11,270804,467,50.118723,1265,300,300,0,0.0000,REHEAT,0,123,28848,420675,185199,267,13671,-314,0.0000,0.0000,0,0,0,0,0,0
n012w8-0,n012w8,0,5,1000000,100.0,adaptive,2026-07-04T10:59:26+01:00,2,4,11,300000,633,50.118723,1380,260,260,0,0.0000,REHEAT,1,123,39351,470616,188434,268,29196,166,0.0000,0.0000,0,0,0,0,0,0
n012w8-0,n012w8,0,5,1000000,100.0,adaptive,2026-07-04T10:59:26+01:00,2,13,11,307133,887,50.118723,1080,230,230,0,0.0000,REHEAT,5,123,39155,479383,195627,269,7133,254,0.0000,0.0000,0,0,0,0,0,0
n012w8-0,n012w8,0,5,1000000,100.0,adaptive,2026-07-04T10:59:26+01:00,2,1,11,320804,555,50.118723,1285,300,300,0,0.0000,REHEAT,0,123,39280,502851,206844,270,13671,-332,0.0000,0.0000,0,0,0,0,0,0
n012w8-0,n012w8,0,5,1000000,100.0,adaptive,2026-07-04T10:59:26+01:00,2,4,11,350000,759,50.118723,1090,260,260,0,0.0000,REHEAT,1,123,50068,551942,209735,271,29196,204,0.0000,0.0000,0,0,0,0,0,0
n012w8-0,n012w8,0,5,1000000,100.0,adaptive,2026-07-04T10:59:26+01:00,2,13,11,357133,997,50.118723,1280,230,230,0,0.0000,REHEAT,5,123,49504,560572,217394,272,7133,238,0.0000,0.0000,0,0,0,0,0,0
n012w8-0,n012w8,0,5,1000000,100.0,adaptive,2026-07-04T10:59:26+01:00,2,1,11,370804,672,50.118723,1195,300,300,0,0.0000,REHEAT,0,123,49627,584622,228967,273,13671,-325,0.0000,0.0000,0,0,0,0,0,0
n012w8-0,n012w8,0,5,1000000,100.0,adaptive,2026-07-04T10:59:26+01:00,2,4,11,400000,880,50.118723,1155,260,260,0,0.0000,REHEAT,1,123,60440,633609,231505,274,29196,208,0.0000,0.0000,0,0,0,0,0,0
n012w8-0,n012w8,0,5,1000000,100.0,adaptive,2026-07-04T10:59:26+01:00,2,13,11,407133,1112,50.118723,1095,230,230,0,0.0000,REHEAT,5,123,59934,642186,239073,275,7133,232,0.0000,0.0000,0,0,0,0,0,0
n012w8-0,n012w8,0,5,1000000,100.0,adaptive,2026-07-04T10:59:26+01:00,2,1,11,420804,788,50.118723,1140,300,300,0,0.0000,REHEAT,0,123,59991,665846,250822,276,13671,-324,0.0000,0.0000,0,0,0,0,0,0
n012w8-0,n012w8,0,5,1000000,100.0,adaptive,2026-07-04T10:59:26+01:00,2,4,11,450000,999,50.118723,905,260,260,0,0.0000,REHEAT,1,123,70847,715596,253507,277,29196,211,0.0000,0.0000,0,0,0,0,0,0
n012w8-0,n012w8,0,5,1000000,100.0,adaptive,2026-07-04T10:59:26+01:00,2,13,11,457133,1241,50.118723,1455,230,230,0,0.0000,REHEAT,5,123,70213,724962,261162,278,7133,242,0.0000,0.0000,0,0,0,0,0,0
n012w8-0,n012w8,0,5,1000000,100.0,adaptive,2026-07-04T10:59:26+01:00,2,1,11,470804,907,50.118723,1125,300,300,0,0.0000,REHEAT,0,123,70507,747494,272350,279,13671,-334,0.0000,0.0000,0,0,0,0,0,0
n012w8-0,n012w8,0,5,1000000,100.0,adaptive,2026-07-04T10:59:26+01:00,2,4,11,500000,1105,50.118723,1235,260,260,0,0.0000,REHEAT,1,123,81223,797336,275390,280,29196,198,0.0000,0.0000,0,0,0,0,0,0
n012w8-0,n012w8,0,5,1000000,100.0,adaptive,2026-07-04T10:59:26+01:00,2,13,11,507133,1357,50.118723,1500,230,230,0,0.0000,REHEAT,5,123,80532,805809,283101,281,7133,252,0.0000,0.0000,0,0,0,0,0,0
n012w8-0,n012w8,0,5,1000000,100.0,adaptive,2026-07-04T10:59:26+01:00,2,1,11,520804,1031,50.118723,1145,300,300,0,0.0000,REHEAT,0,123,81071,829154,294021,282,13671,-326,0.0000,0.0000,0,0,0,0,0,0
n012w8-0,n012w8,0,5,1000000,100.0,adaptive,2026-07-04T10:59:26+01:00,2,4,11,550000,1218,50.118723,1345,260,260,0,0.0000,REHEAT,1,123,91644,878791,296968,283,29196,187,0.0000,0.0000,0,0,0,0,0,0
n012w8-0,n012w8,0,5,1000000,100.0,adaptive,2026-07-04T10:59:26+01:00,2,13,11,557133,1473,50.118723,1155,230,230,0,0.0000,REHEAT,5,123,91011,887110,304855,284,7133,255,0.0000,0.0000,0,0,0,0,0,0
n012w8-0,n012w8,0,5,1000000,100.0,adaptive,2026-07-04T10:59:26+01:00,2,1,11,570804,1145,50.118723,1330,300,300,0,0.0000,REHEAT,0,123,91453,911317,315790,285,13671,-328,0.0000,0.0000,0,0,0,0,0,0
n012w8-0,n012w8,0,5,1000000,100.0,adaptive,2026-07-04T10:59:26+01:00,2,4,11,600000,1332,50.118723,870,260,260,0,0.0000,REHEAT,1,123,102026,959003,318893,286,29196,187,0.0000,0.0000,0,0,0,0,0,0
n012w8-0,n012w8,0,5,1000000,100.0,adaptive,2026-07-04T10:59:26+01:00,2,13,11,607133,1566,50.118723,1200,230,230,0,0.0000,REHEAT,5,123,101461,968577,326500,287,7133,234,0.0000,0.0000,0,0,0,0,0,0
n012w8-0,n012w8,0,5,1000000,100.0,adaptive,2026-07-04T10:59:26+01:00,2,1,11,620804,1244,50.118723,1215,300,300,0,0.0000,REHEAT,0,123,101821,992763,337616,288,13671,-322,0.0000,0.0000,0,0,0,0,0,0
n012w8-0,n012w8,0,5,1000000,100.0,adaptive,2026-07-04T10:59:26+01:00,2,4,11,650000,1452,50.118723,980,260,260,0,0.0000,REHEAT,1,123,112506,1040367,340645,289,29196,208,0.0000,0.0000,0,0,0,0,0,0
n012w8-0,n012w8,0,5,1000000,100.0,adaptive,2026-07-04T10:59:26+01:00,2,13,11,657133,1683,50.118723,1345,230,230,0,0.0000,REHEAT,5,123,111797,1050024,348505,290,7133,231,0.0000,0.0000,0,0,0,0,0,0
n012w8-0,n012w8,0,5,1000000,100.0,adaptive,2026-07-04T10:59:26+01:00,2,1,11,670804,1356,50.118723,1215,300,300,0,0.0000,REHEAT,0,123,112317,1074404,359141,291,13671,-327,0.0000,0.0000,0,0,0,0,0,0
n012w8-0,n012w8,0,5,1000000,100.0,adaptive,2026-07-04T10:59:26+01:00,2,4,11,700000,1558,50.118723,1415,260,260,0,0.0000,REHEAT,1,123,122956,1122328,362295,292,29196,202,0.0000,0.0000,0,0,0,0,0,0
n012w8-0,n012w8,0,5,1000000,100.0,adaptive,2026-07-04T10:59:26+01:00,2,13,11,707133,1797,50.118723,1040,230,230,0,0.0000,REHEAT,5,123,122177,1132209,370375,293,7133,239,0.0000,0.0000,0,0,0,0,0,0
n012w8-0,n012w8,0,5,1000000,100.0,adaptive,2026-07-04T10:59:26+01:00,2,1,11,720804,1463,50.118723,1045,300,300,0,0.0000,REHEAT,0,123,122764,1156323,380992,294,13671,-334,0.0000,0.0000,0,0,0,0,0,0
n012w8-0,n012w8,0,5,1000000,100.0,adaptive,2026-07-04T10:59:26+01:00,2,4,11,750000,1677,50.118723,1185,260,260,0,0.0000,REHEAT,1,123,133258,1204199,384316,295,29196,214,0.0000,0.0000,0,0,0,0,0,0
n012w8-0,n012w8,0,5,1000000,100.0,adaptive,2026-07-04T10:59:26+01:00,2,13,11,757133,1922,50.118723,1300,230,230,0,0.0000,REHEAT,5,123,132648,1213427,392117,296,7133,245,0.0000,0.0000,0,0,0,0,0,0
n012w8-0,n012w8,0,5,1000000,100.0,adaptive,2026-07-04T10:59:26+01:00,2,1,11,770804,1574,50.118723,1020,300,300,0,0.0000,REHEAT,0,123,133147,1237615,402840,297,13671,-348,0.0000,0.0000,0,0,0,0,0,0
n012w8-0,n012w8,0,5,1000000,100.0,adaptive,2026-07-04T10:59:26+01:00,2,4,11,800000,1790,50.118723,1100,260,260,0,0.0000,REHEAT,1,123,143840,1285353,405834,298,29196,216,0.0000,0.0000,0,0,0,0,0,0
n012w8-0,n012w8,0,5,1000000,100.0,adaptive,2026-07-04T10:59:26+01:00,2,13,11,807133,2035,50.118723,960,230,230,0,0.0000,REHEAT,5,123,143130,1294697,414009,299,7133,245,0.0000,0.0000,0,0,0,0,0,0
n012w8-0,n012w8,0,5,1000000,100.0,adaptive,2026-07-04T10:59:26+01:00,2,1,11,820804,1687,50.118723,1370,300,300,0,0.0000,REHEAT,0,123,143507,1319397,424854,300,13671,-348,0.0000,0.0000,0,0,0,0,0,0
n012w8-0,n012w8,0,5,1000000,100.0,adaptive,2026-07-04T10:59:26+01:00,2,4,11,850000,1897,50.118723,1220,260,260,0,0.0000,REHEAT,1,123,154332,1366542,427328,301,29196,210,0.0000,0.0000,0,0,0,0,0,0
n012w8-0,n012w8,0,5,1000000,100.0,adaptive,2026-07-04T10:59:26+01:00,2,13,11,857133,2149,50.118723,1150,230,230,0,0.0000,REHEAT,5,123,153535,1375917,435569,302,7133,252,0.0000,0.0000,0,0,0,0,0,0
n012w8-0,n012w8,0,5,1000000,100.0,adaptive,2026-07-04T10:59:26+01:00,2,1,11,870804,1794,50.118723,1615,300,300,0,0.0000,REHEAT,0,123,153885,1400667,446837,303,13671,-355,0.0000,0.0000,0,0,0,0,0,0
n012w8-0,n012w8,0,5,1000000,100.0,adaptive,2026-07-04T10:59:26+01:00,2,4,11,900000,2014,50.118723,1355,260,260,0,0.0000,REHEAT,1,123,164921,1447655,448898,304,29196,220,0.0000,0.0000,0,0,0,0,0,0
n012w8-0,n012w8,0,5,1000000,100.0,adaptive,2026-07-04T10:59:26+01:00,2,13,11,907133,2233,50.118723,1645,230,230,0,0.0000,REHEAT,5,123,164143,1457085,456966,305,7133,219,0.0000,0.0000,0,0,0,0,0,0
n012w8-0,n012w8,0,5,1000000,100.0,adaptive,2026-07-04T10:59:26+01:00,2,1,11,920804,1897,50.118723,915,300,300,0,0.0000,REHEAT,0,123,164262,1482125,468802,306,13671,-336,0.0000,0.0000,0,0,0,0,0,0
n012w8-0,n012w8,0,5,1000000,100.0,adaptive,2026-07-04T10:59:26+01:00,2,4,11,950000,2126,50.118723,1235,260,260,0,0.0000,REHEAT,1,123,175334,1529382,470649,307,29196,229,0.0000,0.0000,0,0,0,0,0,0
n012w8-0,n012w8,0,5,1000000,100.0,adaptive,2026-07-04T10:59:26+01:00,2,13,11,957133,2320,50.118723,1190,230,230,0,0.0000,REHEAT,5,123,174532,1539041,478711,308,7133,194,0.0000,0.0000,0,0,0,0,0,0
n012w8-0,n012w8,0,5,1000000,100.0,adaptive,2026-07-04T10:59:26+01:00,2,1,11,970804,2022,50.118723,1175,300,300,0,0.0000,REHEAT,0,123,174730,1563366,490573,309,13671,-298,0.0000,0.0000,0,0,0,0,0,0
n012w8-0,n012w8,0,5,1000000,100.0,adaptive,2026-07-04T10:59:26+01:00,2,4,11,1000000,2213,50.118723,1290,260,260,0,0.0000,REHEAT,1,123,185671,1610613,492737,310,29196,191,0.0000,0.0000,0,0,0,0,0,0
n012w8-0,n012w8,0,5,1000000,100.0,adaptive,2026-07-04T10:59:26+01:00,3,2,14,1,1,0.000000,4295,4355,4295,60,1.3777,LOCAL_BEST,0,123,0,4,0,1,1,1,600000.0000,60000.0000,0,0,0,0,0,0
n012w8-0,n012w8,0,5,1000000,100.0,adaptive,2026-07-04T10:59:26+01:00,3,8,14,1,90,0.000000,615,630,615,15,2.3810,GLOBAL_BEST,3,123,0,2,0,2,0,89,0.0000,168.5393,0,0,0,0,0,0
n012w8-0,n012w8,0,5,1000000,100.0,adaptive,2026-07-04T10:59:26+01:00,3,1,14,2,1,99.998618,4310,4355,4310,45,1.0333,GLOBAL_BEST,0,123,0,0,0,3,1,-89,450000.0000,0.0000,0,0,0,0,0,0
n012w8-0,n012w8,0,5,1000000,100.0,adaptive,2026-07-04T10:59:26+01:00,3,3,14,2,1,0.000000,4225,4355,4225,130,2.9851,GLOBAL_BEST,0,123,1,2,0,4,0,0,0.0000,0.0000,0,0,0,0,0,0
n012w8-0,n012w8,0,5,1000000,100.0,adaptive,2026-07-04T10:59:26+01:00,3,2,14,2,1,0.000000,3995,4295,3995,300,6.9849,LOCAL_BEST,0,123,0,4,0,5,0,0,0.0000,0.0000,0,0,0,0,0,0
n012w8-0,n012w8,0,5,1000000,100.0,adaptive,2026-07-04T10:59:26+01:00,3,5,14,2,46,0.000000,900,915,900,15,1.6393,LOCAL_BEST,1,123,0,10,1,6,0,45,0.0000,333.3333,0,0,0,0,0,0
n012w8-0,n012w8,0,5,1000000,100.0,adaptive,2026-07-04T10:59:26+01:00,3,3,14,3,1,0.000000,3865,4225,3865,360,8.5207,GLOBAL_BEST,0,123,1,3,0,7,1,-45,3600000.0000,0.0000,0,0,0,0,0,0
n012w8-0,n012w8,0,5,1000000,100.0,adaptive,2026-07-04T10:59:26+01:00,3,6,14,3,46,0.000000,870,915,870,45,4.9180,GLOBAL_BEST,2,123,1,0,0,8,0,45,0.0000,1000.0000,0,0,0,0,0,0
n012w8-0,n012w8,0,5,1000000,100.0,adaptive,2026-07-04T10:59:26+01:00,3,1,14,4,1,99.995855,4130,4310,4130,180,4.1763,LOCAL_BEST,0,123,0,12,1,9,1,-45,1800000.0000,0.0000,0,0,0,0,0,0
n012w8-0,n012w8,0,5,1000000,100.0,adaptive,2026-07-04T10:59:26+01:00,3,2,14,4,1,0.000000,3575,3995,3575,420,10.5131,LOCAL_BEST,0,123,0,8,0,10,0,0,0.0000,0.0000,0,0,0,0,0,0
n012w8-0,n012w8,0,5,1000000,100.0,adaptive,2026-07-04T10:59:26+01:00,3,5,14,4,46,0.000000,885,900,885,15,1.6667,LOCAL_BEST,1,123,0,16,2,11,0,45,0.0000,333.3333,0,0,0,0,0,0
n012w8-0,n012w8,0,5,1000000,100.0,adaptive,2026-07-04T10:59:26+01:00,3,1,14,5,1,99.994474,3965,4130,3965,165,3.9952,LOCAL_BEST,0,123,0,12,1,12,1,-45,1650000.0000,0.0000,0,0,0,0,0,0
n012w8-0,n012w8,0,5,1000000,100.0,adaptive,2026-07-04T10:59:26+01:00,3,3,14,5,1,0.000000,3505,3865,3505,360,9.3144,GLOBAL_BEST,0,123,1,3,0,13,0,0,0.0000,0.0000,0,0,0,0,0,0
n012w8-0,n012w8,0,5,1000000,100.0,adaptive,2026-07-04T10:59:26+01:00,3,2,14,5,1,0.000000,3545,3575,3545,30,0.8392,LOCAL_BEST,0,123,0,8,0,14,0,0,0.0000,0.0000,0,0,0,0,0,0
n012w8-0,n012w8,0,5,1000000,100.0,adaptive,2026-07-04T10:59:26+01:00,3,2,14,6,1,0.000000,3500,3545,3500,45,1.2694,LOCAL_BEST,0,123,0,10,0,15,1,0,450000.0000,0.0000,0,0,0,0,0,0
n012w8-0,n012w8,0,5,1000000,100.0,adaptive,2026-07-04T10:59:26+01:00,3,3,14,8,1,0.000000,3415,3505,3415,90,2.5678,GLOBAL_BEST,0,123,2,6,0,16,2,0,450000.0000,0.0000,0,0,0,0,0,0
n012w8-0,n012w8,0,5,1000000,100.0,adaptive,2026-07-04T10:59:26+01:00,3,1,14,10,1,99.987567,3800,3965,3800,165,4.1614,LOCAL_BEST,0,123,0,32,1,17,2,0,825000.0000,0.0000,0,0,0,0,0,0
n012w8-0,n012w8,0,5,1000000,100.0,adaptive,2026-07-04T10:59:26+01:00,3,3,14,10,1,0.000000,3355,3415,3355,60,1.7570,GLOBAL_BEST,0,123,2,7,0,18,0,0,0.0000,0.0000,0,0,0,0,0,0
n012w8-0,n012w8,0,5,1000000,100.0,adaptive,2026-07-04T10:59:26+01:00,3,3,14,11,1,0.000000,3220,3355,3220,135,4.0238,GLOBAL_BEST,0,123,2,8,0,19,1,0,1350000.0000,0.0000,0,0,0,0,0,0
n012w8-0,n012w8,0,5,1000000,100.0,adaptive,2026-07-04T10:59:26+01:00,3,2,14,11,1,0.000000,3220,3500,3220,280,8.0000,LOCAL_BEST,0,123,0,20,0,20,0,0,0.0000,0.0000,0,0,0,0,0,0
n012w8-0,n012w8,0,5,1000000,100.0,adaptive,2026-07-04T10:59:26+01:00,3,8,14,11,90,0.000000,600,615,600,15,2.4390,GLOBAL_BEST,3,123,0,14,9,21,0,89,0.0000,168.5393,0,0,0,0,0,0
n012w8-0,n012w8,0,5,1000000,100.0,adaptive,2026-07-04T10:59:26+01:00,3,2,14,12,1,0.000000,3210,3220,3210,10,0.3106,LOCAL_BEST,0,123,0,20,0,22,1,-89,100000.0000,0.0000,0,0,0,0,0,0
n012w8-0,n012w8,0,5,1000000,100.0,adaptive,2026-07-04T10:59:26+01:00,3,1,14,13,1,99.983423,3700,3800,3700,100,2.6316,LOCAL_BEST,0,123,1,35,1,23,1,0,1000000.0000,0.0000,0,0,0,0,0,0
n012w8-0,n012w8,0,5,1000000,100.0,adaptive,2026-07-04T10:59:26+01:00,3,3,14,13,1,0.000000,3190,3220,3190,30,0.9317,GLOBAL_BEST,0,123,3,8,0,24,0,0,0.0000,0.0000,0,0,0,0,0,0
n012w8-0,n012w8,0,5,1000000,100.0,adaptive,2026-07-04T10:59:26+01:00,3,2,14,13,1,0.000000,3075,3210,3075,135,4.2056,GLOBAL_BEST,0,123,0,21,0,25,0,0,0.0000,0.0000,0,0,0,0,0,0
n012w8-0,n012w8,0,5,1000000,100.0,adaptive,2026-07-04T10:59:26+01:00,3,1,14,14,1,99.982041,3520,3700,3520,180,4.8649,LOCAL_BEST,0,123,1,35,1,26,1,0,1800000.0000,0.0000,0,0,0,0,0,0
n012w8-0,n012w8,0,5,1000000,100.0,adaptive,2026-07-04T10:59:26+01:00,3,1,14,15,1,99.980660,3340,3520,3340,180,5.1136,LOCAL_BEST,0,123,1,36,1,27,1,0,1800000.0000,0.0000,0,0,0,0,0,0
n012w8-0,n012w8,0,5,1000000,100.0,adaptive,2026-07-04T10:59:26+01:00,3,2,14,15,1,0.000000,3015,3075,3015,60,1.9512,GLOBAL_BEST,0,123,0,28,0,28,0,0,0.0000,0.0000,0,0,0,0,0,0
n012w8-0,n012w8,0,5,1000000,100.0,adaptive,2026-07-04T10:59:26+01:00,3,1,14,16,1,99.979279,3295,3340,3295,45,1.3473,LOCAL_BEST,0,123,1,37,1,29,1,0,450000.0000,0.0000,0,0,0,0,0,0
n012w8-0,n012w8,0,5,1000000,100.0,adaptive,2026-07-04T10:59:26+01:00,3,2,14,17,1,0.000000,2985,3015,2985,30,0.9950,GLOBAL_BEST,0,123,0,29,0,30,1,0,300000.0000,0.0000,0,0,0,0,0,0
n012w8-0,n012w8,0,5,1000000,100.0,adaptive,2026-07-04T10:59:26+01:00,3,5,14,19,46,0.000000,840,885,840,45,5.0847,GLOBAL_BEST,1,123,0,51,14,31,2,45,225000.0000,1000.0000,0,0,0,0,0,0
n012w8-0,n012w8,0,5,1000000,100.0,adaptive,2026-07-04T10:59:26+01:00,3,1,14,23,1,99.969610,3250,3295,3250,45,1.3657,LOCAL_BEST,0,123,2,60,3,32,4,-45,112500.0000,0.0000,0,0,0,0,0,0
n012w8-0,n012w8,0,5,1000000,100.0,adaptive,2026-07-04T10:59:26+01:00,3,3,14,24,1,0.000000,3140,3190,3140,50,1.5674,LOCAL_BEST,0,123,7,21,0,33,1,0,500000.0000,0.0000,0,0,0,0,0,0
n012w8-0,n012w8,0,5,1000000,100.0,adaptive,2026-07-04T10:59:26+01:00,3,3,14,25,1,0.000000,3095,3140,3095,45,1.4331,LOCAL_BEST,0,123,7,24,0,34,1,0,450000.0000,0.0000,0,0,0,0,0,0
n012w8-0,n012w8,0,5,1000000,100.0,adaptive,2026-07-04T10:59:26+01:00,3,3,14,26,1,0.000000,2780,3095,2780,315,10.1777,GLOBAL_BEST,0,123,7,24,0,35,1,0,3150000.0000,0.0000,0,0,0,0,0,0
n012w8-0,n012w8,0,5,1000000,100.0,adaptive,2026-07-04T10:59:26+01:00,3,3,14,27,1,0.000000,2630,2780,2630,150,5.3957,GLOBAL_BEST,0,123,7,29,0,36,1,0,1500000.0000,0.0000,0,0,0,0,0,0
n012w8-0,n012w8,0,5,1000000,100.0,adaptive,2026-07-04T10:59:26+01:00,3,3,14,28,1,0.000000,2600,2630,2600,30,1.1407,GLOBAL_BEST,0,123,7,31,0,37,1,0,300000.0000,0.0000,0,0,0,0,0,0
n012w8-0,n012w8,0,5,1000000,100.0,adaptive,2026-07-04T10:59:26+01:00,3,3,14,29,1,0.000000,2585,2600,2585,15,0.5769,GLOBAL_BEST,0,123,7,37,0,38,1,0,150000.0000,0.0000,0,0,0,0,0,0
n012w8-0,n012w8,0,5,1000000,100.0,adaptive,2026-07-04T10:59:26+01:00,3,3,14,33,1,0.000000,2465,2585,2465,120,4.6422,GLOBAL_BEST,0,123,8,47,1,39,4,0,300000.0000,0.0000,0,0,0,0,0,0
n012w8-0,n012w8,0,5,1000000,100.0,adaptive,2026-07-04T10:59:26+01:00,3,3,14,36,1,0.000000,2180,2465,2180,285,11.5619,GLOBAL_BEST,0,123,9,55,1,40,3,0,950000.0000,0.0000,0,0,0,0,0,0
n012w8-0,n012w8,0,5,1000000,100.0,adaptive,2026-07-04T10:59:26+01:00,3,2,14,40,1,0.000000,2765,2985,2765,220,7.3702,LOCAL_BEST,0,123,0,79,0,41,4,0,550000.0000,0.0000,0,0,0,0,0,0
n012w8-0,n012w8,0,5,1000000,100.0,adaptive,2026-07-04T10:59:26+01:00,3,1,14,42,1,99.943372,3205,3250,3205,45,1.3846,LOCAL_BEST,0,123,9,105,3,42,2,0,225000.0000,0.0000,0,0,0,0,0,0
n012w8-0,n012w8,0,5,1000000,100.0,adaptive,2026-07-04T10:59:26+01:00,3,2,14,43,1,0.000000,2750,2765,2750,15,0.5425,LOCAL_BEST,0,123,0,81,0,43,1,0,150000.0000,0.0000,0,0,0,0,0,0
n012w8-0,n012w8,0,5,1000000,100.0,adaptive,2026-07-04T10:59:26+01:00,3,2,14,44,1,0.000000,2675,2750,2675,75,2.7273,LOCAL_BEST,0,123,0,83,0,44,1,0,750000.0000,0.0000,0,0,0,0,0,0
n012w8-0,n012w8,0,5,1000000,100.0,adaptive,2026-07-04T10:59:26+01:00,3,3,14,44,1,0.000000,2150,2180,2150,30,1.3761,GLOBAL_BEST,0,123,11,70,1,45,0,0,0.0000,0.0000,0,0,0,0,0,0
n012w8-0,n012w8,0,5,1000000,100.0,adaptive,2026-07-04T10:59:26+01:00,3,2,14,45,1,0.000000,2645,2675,2645,30,1.1215,LOCAL_BEST,0,123,0,88,0,46,1,0,300000.0000,0.0000,0,0,0,0,0,0
n012w8-0,n012w8,0,5,1000000,100.0,adaptive,2026-07-04T10:59:26+01:00,3,1,14,46,1,99.937850,3175,3205,3175,30,0.9360,LOCAL_BEST,0,123,9,116,4,47,1,0,300000.0000,0.0000,0,0,0,0,0,0
n012w8-0,n012w8,0,5,1000000,100.0,adaptive,2026-07-04T10:59:26+01:00,3,11,14,46,205,0.000000,525,540,525,15,2.7778,GLOBAL_BEST,4,123,0,71,41,48,0,204,0.0000,73.5294,0,0,0,0,0,0
n012w8-0,n012w8,0,5,1000000,100.0,adaptive,2026-07-04T10:59:26+01:00,3,1,14,47,1,99.936469,3160,3175,3160,15,0.4724,LOCAL_BEST,0,123,9,116,4,49,1,-204,150000.0000,0.0000,0,0,0,0,0,0
n012w8-0,n012w8,0,5,1000000,100.0,adaptive,2026-07-04T10:59:26+01:00,3,1,14,49,1,99.933708,3070,3160,3070,90,2.8481,LOCAL_BEST,0,123,9,123,4,50,2,0,450000.0000,0.0000,0,0,0,0,0,0
n012w8-0,n012w8,0,5,1000000,100.0,adaptive,2026-07-04T10:59:26+01:00,3,1,14,50,1,99.932327,2950,3070,2950,120,3.9088,LOCAL_BEST,0,123,9,124,4,51,1,0,1200000.0000,0.0000,0,0,0,0,0,0
n012w8-0,n012w8,0,5,1000000,100.0,adaptive,2026-07-04T10:59:26+01:00,3,2,14,50,1,0.000000,2585,2645,2585,60,2.2684,LOCAL_BEST,0,123,0,105,0,52,0,0,0.0000,0.0000,0,0,0,0,0,0
n012w8-0,n012w8,0,5,1000000,100.0,adaptive,2026-07-04T10:59:26+01:00,3,2,14,52,1,0.000000,2435,2585,2435,150,5.8027,LOCAL_BEST,0,123,0,107,0,53,2,0,750000.0000,0.0000,0,0,0,0,0,0
n012w8-0,n012w8,0,5,1000000,100.0,adaptive,2026-07-04T10:59:26+01:00,3,2,14,53,1,0.000000,2270,2435,2270,165,6.7762,LOCAL_BEST,0,123,0,108,0,54,1,0,1650000.0000,0.0000,0,0,0,0,0,0
n012w8-0,n012w8,0,5,1000000,100.0,adaptive,2026-07-04T10:59:26+01:00,3,2,14,55,1,0.000000,2150,2270,2150,120,5.2863,LOCAL_BEST,0,123,0,115,0,55,2,0,600000.0000,0.0000,0,0,0,0,0,0
n012w8-0,n012w8,0,5,1000000,100.0,adaptive,2026-07-04T10:59:26+01:00,3,2,14,56,1,0.000000,2090,2150,2090,60,2.7907,GLOBAL_BEST,0,123,0,115,0,56,1,0,600000.0000,0.0000,0,0,0,0,0,0
n012w8-0,n012w8,0,5,1000000,100.0,adaptive,2026-07-04T10:59:26+01:00,3,1,14,58,1,99.921283,2875,2950,2875,75,2.5424,LOCAL_BEST,0,123,11,137,6,57,2,0,375000.0000,0.0000,0,0,0,0,0,0
n012w8-0,n012w8,0,5,1000000,100.0,adaptive,2026-07-04T10:59:26+01:00,3,2,14,58,1,0.000000,2015,2090,2015,75,3.5885,GLOBAL_BEST,0,123,0,120,0,58,0,0,0.0000,0.0000,0,0,0,0,0,0
n012w8-0,n012w8,0,5,1000000,100.0,adaptive,2026-07-04T10:59:26+01:00,3,1,14,61,1,99.917141,2775,2875,2775,100,3.4783,LOCAL_BEST,0,123,11,139,8,59,3,0,333333.3333,0.0000,0,0,0,0,0,0
n012w8-0,n012w8,0,5,1000000,100.0,adaptive,2026-07-04T10:59:26+01:00,3,1,14,62,1,99.915761,2625,2775,2625,150,5.4054,LOCAL_BEST,0,123,11,140,8,60,1,0,1500000.0000,0.0000,0,0,0,0,0,0
n012w8-0,n012w8,0,5,1000000,100.0,adaptive,2026-07-04T10:59:26+01:00,3,1,14,64,1,99.913000,2595,2625,2595,30,1.1429,LOCAL_BEST,0,123,11,144,9,61,2,0,150000.0000,0.0000,0,0,0,0,0,0
n012w8-0,n012w8,0,5,1000000,100.0,adaptive,2026-07-04T10:59:26+01:00,3,1,14,68,1,99.907479,2520,2595,2520,75,2.8902,LOCAL_BEST,0,123,13,151,10,62,4,0,187500.0000,0.0000,0,0,0,0,0,0
n012w8-0,n012w8,0,5,1000000,100.0,adaptive,2026-07-04T10:59:26+01:00,3,8,14,76,90,0.000000,585,600,585,15,2.5000,GLOBAL_BEST,3,123,0,104,65,63,8,89,18750.0000,168.5393,0,0,0,0,0,0
n012w8-0,n012w8,0,5,1000000,100.0,adaptive,2026-07-04T10:59:26+01:00,3,1,14,81,1,99.889537,2515,2520,2515,5,0.1984,LOCAL_BEST,0,123,18,162,13,64,5,-89,10000.0000,0.0000,0,0,0,0,0,0
n012w8-0,n012w8,0,5,1000000,100.0,adaptive,2026-07-04T10:59:26+01:00,3,1,14,102,1,99.860561,2405,2515,2405,110,4.3738,LOCAL_BEST,0,123,26,197,17,65,21,0,52380.9524,0.0000,0,0,0,0,0,0
n012w8-0,n012w8,0,5,1000000,100.0,adaptive,2026-07-04T10:59:26+01:00,3,1,14,103,1,99.859181,2265,2405,2265,140,5.8212,LOCAL_BEST,0,123,26,199,17,66,1,0,1400000.0000,0.0000,0,0,0,0,0,0
n012w8-0,n012w8,0,5,1000000,100.0,adaptive,2026-07-04T10:59:26+01:00,3,1,14,104,1,99.857801,2260,2265,2260,5,0.2208,LOCAL_BEST,0,123,26,203,17,67,1,0,50000.0000,0.0000,0,0,0,0,0,0
n012w8-0,n012w8,0,5,1000000,100.0,adaptive,2026-07-04T10:59:26+01:00,3,1,14,109,1,99.850904,2220,2260,2220,40,1.7699,LOCAL_BEST,0,123,26,214,20,68,5,0,80000.0000,0.0000,0,0,0,0,0,0
n012w8-0,n012w8,0,5,1000000,100.0,adaptive,2026-07-04T10:59:26+01:00,3,1,14,112,1,99.846765,2010,2220,2010,210,9.4595,GLOBAL_BEST,0,123,26,222,21,69,3,0,700000.0000,0.0000,0,0,0,0,0,0
n012w8-0,n012w8,0,5,1000000,100.0,adaptive,2026-07-04T10:59:26+01:00,3,1,14,114,1,99.844007,1905,2010,1905,105,5.2239,GLOBAL_BEST,0,123,27,226,21,70,2,0,525000.0000,0.0000,0,0,0,0,0,0
n012w8-0,n012w8,0,5,1000000,100.0,adaptive,2026-07-04T10:59:26+01:00,3,1,14,115,1,99.842627,1860,1905,1860,45,2.3622,GLOBAL_BEST,0,123,27,229,21,71,1,0,450000.0000,0.0000,0,0,0,0,0,0
n012w8-0,n012w8,0,5,1000000,100.0,adaptive,2026-07-04T10:59:26+01:00,3,1,14,130,1,99.821939,1800,1860,1800,60,3.2258,GLOBAL_BEST,0,123,29,257,26,72,15,0,40000.0000,0.0000,0,0,0,0,0,0
n012w8-0,n012w8,0,5,1000000,100.0,adaptive,2026-07-04T10:59:26+01:00,3,1,14,131,1,99.820560,1785,1800,1785,15,0.8333,GLOBAL_BEST,0,123,29,259,26,73,1,0,150000.0000,0.0000,0,0,0,0,0,0
n012w8-0,n012w8,0,5,1000000,100.0,adaptive,2026-07-04T10:59:26+01:00,3,1,14,132,1,99.819180,1635,1785,1635,150,8.4034,GLOBAL_BEST,0,123,29,263,26,74,1,0,1500000.0000,0.0000,0,0,0,0,0,0
n012w8-0,n012w8,0,5,1000000,100.0,adaptive,2026-07-04T10:59:26+01:00,3,1,14,135,1,99.815043,1605,1635,1605,30,1.8349,GLOBAL_BEST,0,123,30,267,27,75,3,0,100000.0000,0.0000,0,0,0,0,0,0
n012w8-0,n012w8,0,5,1000000,100.0,adaptive,2026-07-04T10:59:26+01:00,3,1,14,138,1,99.810907,1560,1605,1560,45,2.8037,GLOBAL_BEST,0,123,31,268,27,76,3,0,150000.0000,0.0000,0,0,0,0,0,0
n012w8-0,n012w8,0,5,1000000,100.0,adaptive,2026-07-04T10:59:26+01:00,3,14,14,185,349,0.000000,450,480,450,30,6.2500,GLOBAL_BEST,6,123,0,297,174,77,47,348,6382.9787,86.2069,0,0,0,0,0,0
n012w8-0,n012w8,0,5,1000000,100.0,adaptive,2026-07-04T10:59:26+01:00,3,5,14,249,46,0.000000,775,840,775,65,7.7381,GLOBAL_BEST,1,123,0,369,179,78,64,-303,10156.2500,0.0000,0,0,0,0,0,0
n012w8-0,n012w8,0,5,1000000,100.0,adaptive,2026-07-04T10:59:26+01:00,3,2,14,257,1,0.000000,1980,2015,1980,35,1.7370,LOCAL_BEST,0,123,0,481,0,79,8,-45,43750.0000,0.0000,0,0,0,0,0,0
n012w8-0,n012w8,0,5,1000000,100.0,adaptive,2026-07-04T10:59:26+01:00,3,2,14,260,1,0.000000,1965,1980,1965,15,0.7576,LOCAL_BEST,0,123,0,487,0,80,3,0,50000.0000,0.0000,0,0,0,0,0,0
n012w8-0,n012w8,0,5,1000000,100.0,adaptive,2026-07-04T10:59:26+01:00,3,1,14,263,2,99.638688,1485,1560,1485,75,4.8077,GLOBAL_BEST,0,123,65,440,69,81,3,1,250000.0000,75000.0000,0,0,0,0,0,0
n012w8-0,n012w8,0,5,1000000,100.0,adaptive,2026-07-04T10:59:26+01:00,3,1,14,270,2,99.629052,1470,1485,1470,15,1.0101,GLOBAL_BEST,0,123,66,448,71,82,7,0,21428.5714,0.0000,0,0,0,0,0,0
n012w8-0,n012w8,0,5,1000000,100.0,adaptive,2026-07-04T10:59:26+01:00,3,1,14,272,2,99.626300,1440,1470,1440,30,2.0408,GLOBAL_BEST,0,123,66,449,72,83,2,0,150000.0000,0.0000,0,0,0,0,0,0
n012w8-0,n012w8,0,5,1000000,100.0,adaptive,2026-07-04T10:59:26+01:00,3,1,14,320,2,99.560255,1375,1440,1375,65,4.5139,GLOBAL_BEST,0,123,79,522,90,84,48,0,13541.6667,0.0000,0,0,0,0,0,0
n012w8-0,n012w8,0,5,1000000,100.0,adaptive,2026-07-04T10:59:26+01:00,3,1,14,327,2,99.550627,1320,1375,1320,55,4.0000,GLOBAL_BEST,0,123,81,534,91,85,7,0,78571.4286,0.0000,0,0,0,0,0,0
n012w8-0,n012w8,0,5,1000000,100.0,adaptive,2026-07-04T10:59:26+01:00,3,1,14,328,2,99.549252,1260,1320,1260,60,4.5455,GLOBAL_BEST,0,123,81,534,91,86,1,0,600000.0000,0.0000,0,0,0,0,0,0
n012w8-0,n012w8,0,5,1000000,100.0,adaptive,2026-07-04T10:59:26+01:00,3,2,14,365,2,0.000000,1945,1965,1945,20,1.0178,LOCAL_BEST,0,123,0,639,0,87,37,0,5405.4054,0.0000,0,0,0,0,0,0
n012w8-0,n012w8,0,5,1000000,100.0,adaptive,2026-07-04T10:59:26+01:00,3,3,14,380,2,0.000000,2085,2150,2085,65,3.0233,LOCAL_BEST,0,123,132,608,12,88,15,0,43333.3333,0.0000,0,0,0,0,0,0
n012w8-0,n012w8,0,5,1000000,100.0,adaptive,2026-07-04T10:59:26+01:00,3,3,14,382,2,0.000000,2010,2085,2010,75,3.5971,LOCAL_BEST,0,123,132,613,12,89,2,0,375000.0000,0.0000,0,0,0,0,0,0
n012w8-0,n012w8,0,5,1000000,100.0,adaptive,2026-07-04T10:59:26+01:00,3,3,14,384,2,0.000000,1980,2010,1980,30,1.4925,LOCAL_BEST,0,123,132,626,13,90,2,0,150000.0000,0.0000,0,0,0,0,0,0
n012w8-0,n012w8,0,5,1000000,100.0,adaptive,2026-07-04T10:59:26+01:00,3,3,14,388,2,0.000000,1920,1980,1920,60,3.0303,LOCAL_BEST,0,123,134,630,13,91,4,0,150000.0000,0.0000,0,0,0,0,0,0
n012w8-0,n012w8,0,5,1000000,100.0,adaptive,2026-07-04T10:59:26+01:00,3,3,14,395,2,0.000000,1750,1920,1750,170,8.8542,LOCAL_BEST,0,123,137,635,13,92,7,0,242857.1429,0.0000,0,0,0,0,0,0
n012w8-0,n012w8,0,5,1000000,100.0,adaptive,2026-07-04T10:59:26+01:00,3,3,14,396,2,0.000000,1720,1750,1720,30,1.7143,LOCAL_BEST,0,123,137,636,13,93,1,0,300000.0000,0.0000,0,0,0,0,0,0
n012w8-0,n012w8,0,5,1000000,100.0,adaptive,2026-07-04T10:59:26+01:00,3,2,14,646,2,0.000000,1905,1945,1905,40,2.0566,LOCAL_BEST,0,123,0,1092,0,94,250,0,1600.0000,0.0000,0,0,0,0,0,0
n012w8-0,n012w8,0,5,1000000,100.0,adaptive,2026-07-04T10:59:26+01:00,3,2,14,648,2,0.000000,1875,1905,1875,30,1.5748,LOCAL_BEST,0,123,0,1098,0,95,2,0,150000.0000,0.0000,0,0,0,0,0,0
n012w8-0,n012w8,0,5,1000000,100.0,adaptive,2026-07-04T10:59:26+01:00,3,2,14,650,2,0.000000,1815,1875,1815,60,3.2000,LOCAL_BEST,0,123,0,1100,0,96,2,0,300000.0000,0.0000,0,0,0,0,0,0
n012w8-0,n012w8,0,5,1000000,100.0,adaptive,2026-07-04T10:59:26+01:00,3,1,14,693,2,99.048522,1225,1260,1225,35,2.7778,GLOBAL_BEST,0,123,175,1101,215,97,43,0,8139.5349,0.0000,0,0,0,0,0,0
n012w8-0,n012w8,0,5,1000000,100.0,adaptive,2026-07-04T10:59:26+01:00,3,1,14,703,2,99.034839,1210,1225,1210,15,1.2245,GLOBAL_BEST,0,123,179,1111,218,98,10,0,15000.0000,0.0000,0,0,0,0,0,0
n012w8-0,n012w8,0,5,1000000,100.0,adaptive,2026-07-04T10:59:26+01:00,3,11,14,791,207,0.000000,510,525,510,15,2.8571,GLOBAL_BEST,4,123,0,1180,738,99,88,205,1704.5455,73.1707,0,0,0,0,0,0
n012w8-0,n012w8,0,5,1000000,100.0,adaptive,2026-07-04T10:59:26+01:00,3,8,14,1156,93,0.000000,570,585,570,15,2.5641,GLOBAL_BEST,3,123,0,1707,1014,100,365,-114,410.9589,0.0000,0,0,0,0,0,0
n012w8-0,n012w8,0,5,1000000,100.0,adaptive,2026-07-04T10:59:26+01:00,3,3,14,1197,3,0.000000,1700,1720,1700,20,1.1628,LOCAL_BEST,0,123,415,2003,46,101,41,-90,4878.0488,0.0000,0,0,0,0,0,0
n012w8-0,n012w8,0,5,1000000,100.0,adaptive,2026-07-04T10:59:26+01:00,3,11,14,1290,208,0.000000,495,510,495,15,2.9412,GLOBAL_BEST,4,123,0,1896,1200,102,93,205,1612.9032,73.1707,0,0,0,0,0,0
n012w8-0,n012w8,0,5,1000000,100.0,adaptive,2026-07-04T10:59:26+01:00,3,1,14,1455,4,98.011266,1035,1210,1035,175,14.4628,GLOBAL_BEST,0,123,352,2336,497,103,165,-204,10606.0606,0.0000,0,0,0,0,0,0
n012w8-0,n012w8,0,5,1000000,100.0,adaptive,2026-07-04T10:59:26+01:00,3,1,14,1459,4,98.005850,1005,1035,1005,30,2.8986,GLOBAL_BEST,0,123,353,2339,499,104,4,0,75000.0000,0.0000,0,0,0,0,0,0
n012w8-0,n012w8,0,5,1000000,100.0,adaptive,2026-07-04T10:59:26+01:00,3,2,14,1530,4,0.000000,1785,1815,1785,30,1.6529,LOCAL_BEST,0,123,0,2712,87,105,71,0,4225.3521,0.0000,0,0,0,0,0,0
n012w8-0,n012w8,0,5,1000000,100.0,adaptive,2026-07-04T10:59:26+01:00,3,2,14,1531,4,0.000000,1765,1785,1765,20,1.1204,LOCAL_BEST,0,123,0,2712,87,106,1,0,200000.0000,0.0000,0,0,0,0,0,0
n012w8-0,n012w8,0,5,1000000,100.0,adaptive,2026-07-04T10:59:26+01:00,3,2,14,1532,4,0.000000,1675,1765,1675,90,5.0992,LOCAL_BEST,0,123,0,2712,87,107,1,0,900000.0000,0.0000,0,0,0,0,0,0
n012w8-0,n012w8,0,5,1000000,100.0,adaptive,2026-07-04T10:59:26+01:00,3,2,14,1534,4,0.000000,1615,1675,1615,60,3.5821,LOCAL_BEST,0,123,0,2715,87,108,2,0,300000.0000,0.0000,0,0,0,0,0,0
n012w8-0,n012w8,0,5,1000000,100.0,adaptive,2026-07-04T10:59:26+01:00,3,5,14,1536,49,0.000000,760,775,760,15,1.9355,GLOBAL_BEST,1,123,0,2279,1133,109,2,45,75000.0000,333.3333,0,0,0,0,0,0
n012w8-0,n012w8,0,5,1000000,100.0,adaptive,2026-07-04T10:59:26+01:00,3,2,14,1826,4,0.000000,1605,1615,1605,10,0.6192,LOCAL_BEST,0,123,0,3152,136,110,290,-45,344.8276,0.0000,0,0,0,0,0,0
n012w8-0,n012w8,0,5,1000000,100.0,adaptive,2026-07-04T10:59:26+01:00,3,2,14,1830,4,0.000000,1485,1605,1485,120,7.4766,LOCAL_BEST,0,123,0,3156,136,111,4,0,300000.0000,0.0000,0,0,0,0,0,0
n012w8-0,n012w8,0,5,1000000,100.0,adaptive,2026-07-04T10:59:26+01:00,3,5,14,1835,50,0.000000,730,760,730,30,3.9474,GLOBAL_BEST,1,123,0,2766,1351,112,5,46,60000.0000,652.1739,0,0,0,0,0,0
n012w8-0,n012w8,0,5,1000000,100.0,adaptive,2026-07-04T10:59:26+01:00,3,5,14,1852,50,0.000000,725,730,725,5,0.6849,GLOBAL_BEST,1,123,0,2797,1361,113,17,0,2941.1765,0.0000,0,0,0,0,0,0
n012w8-0,n012w8,0,5,1000000,100.0,adaptive,2026-07-04T10:59:26+01:00,3,2,14,3969,8,0.000000,1450,1485,1450,35,2.3569,LOCAL_BEST,0,123,0,6574,648,114,2117,-42,165.3283,0.0000,0,0,0,0,0,0
n012w8-0,n012w8,0,5,1000000,100.0,adaptive,2026-07-04T10:59:26+01:00,3,2,14,4397,9,0.000000,1415,1450,1415,35,2.4138,LOCAL_BEST,0,123,0,7281,795,115,428,1,817.7570,35000.0000,0,0,0,0,0,0
n012w8-0,n012w8,0,5,1000000,100.0,adaptive,2026-07-04T10:59:26+01:00,3,5,14,4437,54,0.000000,700,725,700,25,3.4483,GLOBAL_BEST,1,123,0,6960,3383,116,40,45,6250.0000,555.5556,0,0,0,0,0,0
n012w8-0,n012w8,0,5,1000000,100.0,adaptive,2026-07-04T10:59:26+01:00,3,2,14,4686,10,0.000000,1400,1415,1400,15,1.0601,LOCAL_BEST,0,123,0,7776,883,117,249,-44,602.4096,0.0000,0,0,0,0,0,0
n012w8-0,n012w8,0,5,1000000,100.0,adaptive,2026-07-04T10:59:26+01:00,3,2,14,4687,10,0.000000,1370,1400,1370,30,2.1429,LOCAL_BEST,0,123,0,7776,883,118,1,0,300000.0000,0.0000,0,0,0,0,0,0
n012w8-0,n012w8,0,5,1000000,100.0,adaptive,2026-07-04T10:59:26+01:00,3,5,14,6289,57,0.000000,670,700,670,30,4.2857,GLOBAL_BEST,1,123,0,9661,4868,119,1602,47,187.2659,638.2979,0,0,0,0,0,0
n012w8-0,n012w8,0,5,1000000,100.0,adaptive,2026-07-04T10:59:26+01:00,3,2,14,6615,13,0.000000,1350,1370,1350,20,1.4599,LOCAL_BEST,0,123,0,11131,1573,120,326,-44,613.4969,0.0000,0,0,0,0,0,0
n012w8-0,n012w8,0,5,1000000,100.0,adaptive,2026-07-04T10:59:26+01:00,3,2,14,6684,13,0.000000,1330,1350,1330,20,1.4815,LOCAL_BEST,0,123,0,11254,1595,121,69,0,2898.5507,0.0000,0,0,0,0,0,0
n012w8-0,n012w8,0,5,1000000,100.0,adaptive,2026-07-04T10:59:26+01:00,3,2,14,7451,14,0.000000,1270,1330,1270,60,4.5113,LOCAL_BEST,0,123,0,12463,1886,122,767,1,782.2686,60000.0000,0,0,0,0,0,0
n012w8-0,n012w8,0,5,1000000,100.0,adaptive,2026-07-04T10:59:26+01:00,3,8,14,10106,110,0.000000,565,570,565,5,0.8772,GLOBAL_BEST,3,123,0,14280,8899,123,2655,96,18.8324,52.0833,0,0,0,0,0,0
n012w8-0,n012w8,0,5,1000000,100.0,adaptive,2026-07-04T10:59:26+01:00,3,3,14,10921,21,0.000000,1690,1700,1690,10,0.5882,LOCAL_BEST,0,123,4062,18149,417,124,815,-89,122.6994,0.0000,0,0,0,0,0,0
n012w8-0,n012w8,0,5,1000000,100.0,adaptive,2026-07-04T10:59:26+01:00,3,3,14,10922,21,0.000000,1630,1690,1630,60,3.5503,LOCAL_BEST,0,123,4062,18149,417,125,1,0,600000.0000,0.0000,0,0,0,0,0,0
n012w8-0,n012w8,0,5,1000000,100.0,adaptive,2026-07-04T10:59:26+01:00,3,2,14,11634,22,0.000000,1265,1270,1265,5,0.3937,LOCAL_BEST,0,123,0,18999,3700,126,712,1,70.2247,5000.0000,0,0,0,0,0,0
n012w8-0,n012w8,0,5,1000000,100.0,adaptive,2026-07-04T10:59:26+01:00,3,2,14,12015,23,0.000000,1225,1265,1225,40,3.1621,LOCAL_BEST,0,123,0,19640,3891,127,381,1,1049.8688,40000.0000,0,0,0,0,0,0
n012w8-0,n012w8,0,5,1000000,100.0,adaptive,2026-07-04T10:59:26+01:00,3,2,14,12017,23,0.000000,1195,1225,1195,30,2.4490,LOCAL_BEST,0,123,0,19642,3891,128,2,0,150000.0000,0.0000,0,0,0,0,0,0
n012w8-0,n012w8,0,5,1000000,100.0,adaptive,2026-07-04T10:59:26+01:00,3,5,14,12345,66,0.000000,640,670,640,30,4.4776,GLOBAL_BEST,1,123,0,18501,9787,129,328,43,914.6341,697.6744,0,0,0,0,0,0
n012w8-0,n012w8,0,5,1000000,100.0,adaptive,2026-07-04T10:59:26+01:00,3,11,14,12485,228,0.000000,490,495,490,5,1.0101,GLOBAL_BEST,4,123,0,17791,11678,130,140,162,357.1429,30.8642,0,0,0,0,0,0
n012w8-0,n012w8,0,5,1000000,100.0,adaptive,2026-07-04T10:59:26+01:00,3,14,14,13640,377,0.000000,445,450,445,5,1.1111,GLOBAL_BEST,6,123,0,18427,12734,131,1155,149,43.2900,33.5570,0,0,0,0,0,0
n012w8-0,n012w8,0,5,1000000,100.0,adaptive,2026-07-04T10:59:26+01:00,3,8,14,13677,116,0.000000,555,565,555,10,1.7699,GLOBAL_BEST,3,123,0,19775,12131,132,37,-261,2702.7027,0.0000,0,0,0,0,0,0
n012w8-0,n012w8,0,5,1000000,100.0,adaptive,2026-07-04T10:59:26+01:00,3,2,14,15151,28,0.000000,1175,1195,1175,20,1.6736,LOCAL_BEST,0,123,0,24500,5438,133,1474,-88,135.6852,0.0000,0,0,0,0,0,0
n012w8-0,n012w8,0,5,1000000,100.0,adaptive,2026-07-04T10:59:26+01:00,3,3,14,16223,30,0.000000,1565,1630,1565,65,3.9877,LOCAL_BEST,0,123,6080,27245,612,134,1072,2,606.3433,32500.0000,0,0,0,0,0,0
n012w8-0,n012w8,0,5,1000000,100.0,adaptive,2026-07-04T10:59:26+01:00,3,3,14,16224,30,0.000000,1535,1565,1535,30,1.9169,LOCAL_BEST,0,123,6080,27246,612,135,1,0,300000.0000,0.0000,0,0,0,0,0,0
n012w8-0,n012w8,0,5,1000000,100.0,adaptive,2026-07-04T10:59:26+01:00,3,3,14,16229,30,0.000000,1520,1535,1520,15,0.9772,LOCAL_BEST,0,123,6082,27250,612,136,5,0,30000.0000,0.0000,0,0,0,0,0,0
n012w8-0,n012w8,0,5,1000000,100.0,adaptive,2026-07-04T10:59:26+01:00,3,2,14,16261,29,0.000000,1170,1175,1170,5,0.4255,LOCAL_BEST,0,123,0,26285,6026,137,32,-1,1562.5000,0.0000,0,0,0,0,0,0
n012w8-0,n012w8,0,5,1000000,100.0,adaptive,2026-07-04T10:59:26+01:00,3,2,14,16682,30,0.000000,1150,1170,1150,20,1.7094,LOCAL_BEST,0,123,0,26930,6244,138,421,1,475.0594,20000.0000,0,0,0,0,0,0
n012w8-0,n012w8,0,5,1000000,100.0,adaptive,2026-07-04T10:59:26+01:00,3,2,14,16686,30,0.000000,1075,1150,1075,75,6.5217,LOCAL_BEST,0,123,0,26934,6245,139,4,0,187500.0000,0.0000,0,0,0,0,0,0
n012w8-0,n012w8,0,5,1000000,100.0,adaptive,2026-07-04T10:59:26+01:00,3,2,14,16688,30,0.000000,1060,1075,1060,15,1.3953,LOCAL_BEST,0,123,0,26935,6245,140,2,0,75000.0000,0.0000,0,0,0,0,0,0
n012w8-0,n012w8,0,5,1000000,100.0,adaptive,2026-07-04T10:59:26+01:00,3,2,14,16689,30,0.000000,1045,1060,1045,15,1.4151,LOCAL_BEST,0,123,0,26936,6245,141,1,0,150000.0000,0.0000,0,0,0,0,0,0
n012w8-0,n012w8,0,5,1000000,100.0,adaptive,2026-07-04T10:59:26+01:00,3,3,14,18917,35,0.000000,1490,1520,1490,30,1.9737,LOCAL_BEST,0,123,7090,31959,703,142,2228,5,134.6499,6000.0000,0,0,0,0,0,0
n012w8-0,n012w8,0,5,1000000,100.0,adaptive,2026-07-04T10:59:26+01:00,3,2,14,20227,37,0.000000,1025,1045,1025,20,1.9139,LOCAL_BEST,0,123,0,32694,8217,143,1310,2,152.6718,10000.0000,0,0,0,0,0,0
n012w8-0,n012w8,0,5,1000000,100.0,adaptive,2026-07-04T10:59:26+01:00,3,1,14,22491,40,73.292578,985,1005,985,20,1.9900,GLOBAL_BEST,0,123,5054,36337,8653,144,2264,3,88.3392,6666.6667,0,0,0,0,0,0
n012w8-0,n012w8,0,5,1000000,100.0,adaptive,2026-07-04T10:59:26+01:00,3,1,14,22494,40,73.289541,970,985,970,15,1.5228,GLOBAL_BEST,0,123,5054,36345,8655,145,3,0,50000.0000,0.0000,0,0,0,0,0,0
n012w8-0,n012w8,0,5,1000000,100.0,adaptive,2026-07-04T10:59:26+01:00,3,1,14,22506,40,73.277391,955,970,955,15,1.5464,GLOBAL_BEST,0,123,5055,36369,8662,146,12,0,12500.0000,0.0000,0,0,0,0,0,0
n012w8-0,n012w8,0,5,1000000,100.0,adaptive,2026-07-04T10:59:26+01:00,3,2,14,25523,45,0.000000,1000,1025,1000,25,2.4390,LOCAL_BEST,0,123,0,40882,11368,147,3017,5,82.8638,5000.0000,0,0,0,0,0,0
n012w8-0,n012w8,0,5,1000000,100.0,adaptive,2026-07-04T10:59:26+01:00,3,2,14,25928,46,0.000000,915,1000,915,85,8.5000,GLOBAL_BEST,0,123,0,41566,11629,148,405,1,2098.7654,85000.0000,0,0,0,0,0,0
n012w8-0,n012w8,0,5,1000000,100.0,adaptive,2026-07-04T10:59:26+01:00,3,5,14,26412,89,0.000000,630,640,630,10,1.5625,GLOBAL_BEST,1,123,0,38921,21875,149,484,43,206.6116,232.5581,0,0,0,0,0,0
n012w8-0,n012w8,0,5,1000000,100.0,adaptive,2026-07-04T10:59:26+01:00,3,5,14,26645,90,0.000000,600,630,600,30,4.7619,LOCAL_BEST,1,123,0,39256,22077,150,233,1,1287.5536,30000.0000,0,0,0,0,0,0
n012w8-0,n012w8,0,5,1000000,100.0,adaptive,2026-07-04T10:59:26+01:00,3,1,14,32800,58,63.563236,940,955,940,15,1.5707,LOCAL_BEST,0,123,7093,52483,13328,151,6155,-32,24.3704,0.0000,0,0,0,0,0,0
n012w8-0,n012w8,0,5,1000000,100.0,adaptive,2026-07-04T10:59:26+01:00,3,1,14,32811,58,63.553577,910,940,910,30,3.1915,LOCAL_BEST,0,123,7095,52513,13333,152,11,0,27272.7273,0.0000,0,0,0,0,0,0
n012w8-0,n012w8,0,5,1000000,100.0,adaptive,2026-07-04T10:59:26+01:00,3,2,14,34316,60,0.000000,905,915,905,10,1.0929,LOCAL_BEST,0,123,0,54625,17218,153,1505,2,66.4452,5000.0000,0,0,0,0,0,0
n012w8-0,n012w8,0,5,1000000,100.0,adaptive,2026-07-04T10:59:26+01:00,3,2,14,34550,60,0.000000,895,905,895,10,1.1050,LOCAL_BEST,0,123,0,55033,17382,154,234,0,427.3504,0.0000,0,0,0,0,0,0
n012w8-0,n012w8,0,5,1000000,100.0,adaptive,2026-07-04T10:59:26+01:00,3,2,14,34837,61,0.000000,850,895,850,45,5.0279,LOCAL_BEST,0,123,0,55502,17567,155,287,1,1567.9443,45000.0000,0,0,0,0,0,0
n012w8-0,n012w8,0,5,1000000,100.0,adaptive,2026-07-04T10:59:26+01:00,3,1,14,35586,63,61.163172,900,910,900,10,1.0989,LOCAL_BEST,0,123,7589,56871,14744,156,749,2,133.5113,5000.0000,0,0,0,0,0,0
n012w8-0,n012w8,0,5,1000000,100.0,adaptive,2026-07-04T10:59:26+01:00,3,1,14,35589,63,61.160637,825,900,825,75,8.3333,LOCAL_BEST,0,123,7589,56872,14745,157,3,0,250000.0000,0.0000,0,0,0,0,0,0
n012w8-0,n012w8,0,5,1000000,100.0,adaptive,2026-07-04T10:59:26+01:00,3,2,14,37334,65,0.000000,825,850,825,25,2.9412,LOCAL_BEST,0,123,0,59187,19341,158,1745,2,143.2665,12500.0000,0,0,0,0,0,0
n012w8-0,n012w8,0,5,1000000,100.0,adaptive,2026-07-04T10:59:26+01:00,3,2,14,38010,66,0.000000,820,825,820,5,0.6061,LOCAL_BEST,0,123,0,60235,19828,159,676,1,73.9645,5000.0000,0,0,0,0,0,0
n012w8-0,n012w8,0,5,1000000,100.0,adaptive,2026-07-04T10:59:26+01:00,3,2,14,38580,67,0.000000,810,820,810,10,1.2195,LOCAL_BEST,0,123,0,60970,20217,160,570,1,175.4386,10000.0000,0,0,0,0,0,0
n012w8-0,n012w8,0,5,1000000,100.0,adaptive,2026-07-04T10:59:26+01:00,3,2,14,41819,73,0.000000,780,810,780,30,3.7037,LOCAL_BEST,0,123,0,65915,22639,161,3239,6,92.6212,5000.0000,0,0,0,0,0,0
n012w8-0,n012w8,0,5,1000000,100.0,adaptive,2026-07-04T10:59:26+01:00,3,2,14,43368,76,0.000000,770,780,770,10,1.2821,LOCAL_BEST,0,123,0,68188,23769,162,1549,3,64.5578,3333.3333,0,0,0,0,0,0
n012w8-0,n012w8,0,5,1000000,100.0,adaptive,2026-07-04T10:59:26+01:00,3,2,14,46355,81,0.000000,750,770,750,20,2.5974,LOCAL_BEST,0,123,0,72628,25942,163,2987,5,66.9568,4000.0000,0,0,0,0,0,0
n012w8-0,n012w8,0,5,1000000,100.0,adaptive,2026-07-04T10:59:26+01:00,3,2,14,46916,82,0.000000,740,750,740,10,1.3333,LOCAL_BEST,0,123,0,73382,26334,164,561,1,178.2531,10000.0000,0,0,0,0,0,0
n012w8-0,n012w8,0,5,1000000,100.0,adaptive,2026-07-04T10:59:26+01:00,3,2,14,47909,84,0.000000,730,740,730,10,1.3514,LOCAL_BEST,0,123,0,74800,27094,165,993,2,100.7049,5000.0000,0,0,0,0,0,0
n012w8-0,n012w8,0,5,1000000,100.0,adaptive,2026-07-04T10:59:26+01:00,3,2,14,47910,84,0.000000,715,730,715,15,2.0548,LOCAL_BEST,0,123,0,74800,27094,166,1,0,150000.0000,0.0000,0,0,0,0,0,0
n012w8-0,n012w8,0,5,1000000,100.0,adaptive,2026-07-04T10:59:26+01:00,3,4,14,51210,137,49.288545,835,915,835,80,8.7432,LOCAL_BEST,1,123,10298,81706,22753,167,3300,53,242.4242,1509.4340,0,0,0,0,0,0
n012w8-0,n012w8,0,5,1000000,100.0,adaptive,2026-07-04T10:59:26+01:00,3,2,14,55956,98,0.000000,700,715,700,15,2.0979,LOCAL_BEST,0,123,0,86915,33438,168,4746,-39,31.6056,0.0000,0,0,0,0,0,0
n012w8-0,n012w8,0,5,1000000,100.0,adaptive,2026-07-04T10:59:26+01:00,3,2,14,56682,99,0.000000,685,700,685,15,2.1429,LOCAL_BEST,0,123,0,87894,34030,169,726,1,206.6116,15000.0000,0,0,0,0,0,0
n012w8-0,n012w8,0,5,1000000,100.0,adaptive,2026-07-04T10:59:26+01:00,3,2,14,57090,99,0.000000,655,685,655,30,4.3796,LOCAL_BEST,0,123,0,88460,34351,170,408,0,735.2941,0.0000,0,0,0,0,0,0
n012w8-0,n012w8,0,5,1000000,100.0,adaptive,2026-07-04T10:59:26+01:00,3,1,14,58852,104,44.350038,795,825,795,30,3.6364,LOCAL_BEST,0,123,11241,93478,27362,171,1762,5,170.2611,6000.0000,0,0,0,0,0,0
n012w8-0,n012w8,0,5,1000000,100.0,adaptive,2026-07-04T10:59:26+01:00,3,1,14,58860,104,44.345137,780,795,780,15,1.8868,LOCAL_BEST,0,123,11241,93488,27369,172,8,0,18750.0000,0.0000,0,0,0,0,0,0
n012w8-0,n012w8,0,5,1000000,100.0,adaptive,2026-07-04T10:59:26+01:00,3,1,14,58887,104,44.328598,750,780,750,30,3.8462,LOCAL_BEST,0,123,11243,93523,27388,173,27,0,11111.1111,0.0000,0,0,0,0,0,0
n012w8-0,n012w8,0,5,1000000,100.0,adaptive,2026-07-04T10:59:26+01:00,3,1,14,62976,113,41.893824,745,750,745,5,0.6667,LOCAL_BEST,0,123,11763,99787,29882,174,4089,9,12.2279,555.5556,0,0,0,0,0,0
n012w8-0,n012w8,0,5,1000000,100.0,adaptive,2026-07-04T10:59:26+01:00,3,4,14,63818,157,41.409311,810,835,810,25,2.9940,LOCAL_BEST,1,123,12050,101350,30312,175,842,44,296.9121,568.1818,0,0,0,0,0,0
n012w8-0,n012w8,0,5,1000000,100.0,adaptive,2026-07-04T10:59:26+01:00,3,4,14,67019,163,39.617950,785,810,785,25,3.0864,LOCAL_BEST,1,123,12419,106141,32418,176,3201,6,78.1006,4166.6667,0,0,0,0,0,0
n012w8-0,n012w8,0,5,1000000,100.0,adaptive,2026-07-04T10:59:26+01:00,3,2,14,67077,115,0.000000,650,655,650,5,0.7634,LOCAL_BEST,0,123,0,103537,42834,177,58,-48,862.0690,0.0000,0,0,0,0,0,0
n012w8-0,n012w8,0,5,1000000,100.0,adaptive,2026-07-04T10:59:26+01:00,3,2,14,67130,115,0.000000,620,650,620,30,4.6154,LOCAL_BEST,0,123,0,103598,42879,178,53,0,5660.3774,0.0000,0,0,0,0,0,0
n012w8-0,n012w8,0,5,1000000,100.0,adaptive,2026-07-04T10:59:26+01:00,3,4,14,68441,165,38.847225,765,785,765,20,2.5478,LOCAL_BEST,1,123,12583,108362,33364,179,1311,50,152.5553,400.0000,0,0,0,0,0,0
n012w8-0,n012w8,0,5,1000000,100.0,adaptive,2026-07-04T10:59:26+01:00,3,4,14,68442,165,38.846688,750,765,750,15,1.9608,LOCAL_BEST,1,123,12583,108363,33364,180,1,0,150000.0000,0.0000,0,0,0,0,0,0
n012w8-0,n012w8,0,5,1000000,100.0,adaptive,2026-07-04T10:59:26+01:00,3,4,14,68450,165,38.842395,720,750,720,30,4.0000,LOCAL_BEST,1,123,12584,108369,33370,181,8,0,37500.0000,0.0000,0,0,0,0,0,0
n012w8-0,n012w8,0,5,1000000,100.0,adaptive,2026-07-04T10:59:26+01:00,3,2,14,70063,122,0.000000,595,620,595,25,4.0323,LOCAL_BEST,0,123,0,107924,45448,182,1613,-43,154.9907,0.0000,0,0,0,0,0,0
n012w8-0,n012w8,0,5,1000000,100.0,adaptive,2026-07-04T10:59:26+01:00,3,2,14,72507,127,0.000000,585,595,585,10,1.6807,LOCAL_BEST,0,123,0,111531,47611,183,2444,5,40.9165,2000.0000,0,0,0,0,0,0
n012w8-0,n012w8,0,5,1000000,100.0,adaptive,2026-07-04T10:59:26+01:00,3,2,14,80515,140,0.000000,580,585,580,5,0.8547,LOCAL_BEST,0,123,0,123673,54597,184,8008,13,6.2438,384.6154,0,0,0,0,0,0
n012w8-0,n012w8,0,5,1000000,100.0,adaptive,2026-07-04T10:59:26+01:00,3,4,14,85019,194,30.895270,715,720,715,5,0.6944,LOCAL_BEST,1,123,14274,133813,44637,185,4504,54,11.1012,92.5926,0,0,0,0,0,0
n012w8-0,n012w8,0,5,1000000,100.0,adaptive,2026-07-04T10:59:26+01:00,3,4,14,85086,194,30.866686,700,715,700,15,2.0979,LOCAL_BEST,1,123,14277,133895,44690,186,67,0,2238.8060,0.0000,0,0,0,0,0,0
n012w8-0,n012w8,0,5,1000000,100.0,adaptive,2026-07-04T10:59:26+01:00,3,4,14,85526,194,30.679622,685,700,685,15,2.1429,LOCAL_BEST,1,123,14312,134627,45030,187,440,0,340.9091,0.0000,0,0,0,0,0,0
n012w8-0,n012w8,0,5,1000000,100.0,adaptive,2026-07-04T10:59:26+01:00,3,4,14,86388,196,30.316426,670,685,670,15,2.1898,LOCAL_BEST,1,123,14383,135852,45676,188,862,2,174.0139,7500.0000,0,0,0,0,0,0
n012w8-0,n012w8,0,5,1000000,100.0,adaptive,2026-07-04T10:59:26+01:00,3,1,14,87694,157,29.774330,730,745,730,15,2.0134,LOCAL_BEST,0,123,14388,137104,46379,189,1306,-39,114.8545,0.0000,0,0,0,0,0,0
n012w8-0,n012w8,0,5,1000000,100.0,adaptive,2026-07-04T10:59:26+01:00,3,4,14,89839,201,28.904935,655,670,655,15,2.2388,LOCAL_BEST,1,123,14697,140919,48135,190,2145,44,69.9301,340.9091,0,0,0,0,0,0
n012w8-0,n012w8,0,5,1000000,100.0,adaptive,2026-07-04T10:59:26+01:00,3,1,14,92177,164,27.986204,700,730,700,30,4.1096,LOCAL_BEST,0,123,14738,144070,49689,191,2338,-37,128.3148,0.0000,0,0,0,0,0,0
n012w8-0,n012w8,0,5,1000000,100.0,adaptive,2026-07-04T10:59:26+01:00,3,1,14,92182,164,27.984271,685,700,685,15,2.1429,LOCAL_BEST,0,123,14738,144082,49693,192,5,0,30000.0000,0.0000,0,0,0,0,0,0
n012w8-0,n012w8,0,5,1000000,100.0,adaptive,2026-07-04T10:59:26+01:00,3,1,14,96097,171,26.510871,670,685,670,15,2.1898,LOCAL_BEST,0,123,15039,150139,52635,193,3915,7,38.3142,2142.8571,0,0,0,0,0,0
n012w8-0,n012w8,0,5,1000000,100.0,adaptive,2026-07-04T10:59:26+01:00,3,1,14,101138,180,24.727374,655,670,655,15,2.2388,LOCAL_BEST,0,123,15415,157499,56327,194,5041,9,29.7560,1666.6667,0,0,0,0,0,0
n012w8-0,n012w8,0,5,1000000,100.0,adaptive,2026-07-04T10:59:26+01:00,3,1,14,104687,190,23.544203,630,655,630,25,3.8168,LOCAL_BEST,0,123,15667,163179,59012,195,3549,10,70.4424,2500.0000,0,0,0,0,0,0
n012w8-0,n012w8,0,5,1000000,100.0,adaptive,2026-07-04T10:59:26+01:00,3,1,14,106556,193,22.944046,610,630,610,20,3.1746,LOCAL_BEST,0,123,15772,165894,60496,196,1869,3,107.0091,6666.6667,0,0,0,0,0,0
n012w8-0,n012w8,0,5,1000000,100.0,adaptive,2026-07-04T10:59:26+01:00,3,2,14,109069,185,0.000000,565,580,565,15,2.5862,LOCAL_BEST,0,123,0,165833,80144,197,2513,-8,59.6896,0.0000,0,0,0,0,0,0
n012w8-0,n012w8,0,5,1000000,100.0,adaptive,2026-07-04T10:59:26+01:00,3,7,14,109468,285,22.039310,625,630,625,5,0.7937,LOCAL_BEST,2,123,15818,171789,63065,198,399,100,125.3133,50.0000,0,0,0,0,0,0
n012w8-0,n012w8,0,5,1000000,100.0,adaptive,2026-07-04T10:59:26+01:00,3,7,14,110549,287,21.712608,590,625,590,35,5.6000,LOCAL_BEST,2,123,15881,173310,63930,199,1081,2,323.7743,17500.0000,0,0,0,0,0,0
n012w8-0,n012w8,0,5,1000000,100.0,adaptive,2026-07-04T10:59:26+01:00,3,7,14,110572,287,21.705710,560,590,560,30,5.0847,LOCAL_BEST,2,123,15881,173348,63951,200,23,0,13043.4783,0.0000,0,0,0,0,0,0
n012w8-0,n012w8,0,5,1000000,100.0,adaptive,2026-07-04T10:59:26+01:00,3,4,14,113769,243,20.767872,625,655,625,30,4.5802,LOCAL_BEST,1,123,16402,177010,66170,201,3197,-44,93.8380,0.0000,0,0,0,0,0,0
n012w8-0,n012w8,0,5,1000000,100.0,adaptive,2026-07-04T10:59:26+01:00,3,1,14,114273,205,20.623767,600,610,600,10,1.6393,LOCAL_BEST,0,123,16226,177364,66537,202,504,-38,198.4127,0.0000,0,0,0,0,0,0
n012w8-0,n012w8,0,5,1000000,100.0,adaptive,2026-07-04T10:59:26+01:00,3,1,14,114297,205,20.616930,540,600,540,60,10.0000,GLOBAL_BEST,0,123,16226,177394,66557,203,24,0,25000.0000,0.0000,0,0,0,0,0,0
n012w8-0,n012w8,0,5,1000000,100.0,adaptive,2026-07-04T10:59:26+01:00,3,2,14,120500,206,0.000000,560,565,560,5,0.8850,LOCAL_BEST,0,123,0,182254,90532,204,6203,1,8.0606,5000.0000,0,0,0,0,0,0
n012w8-0,n012w8,0,5,1000000,100.0,adaptive,2026-07-04T10:59:26+01:00,3,7,14,122383,306,18.437753,555,560,555,5,0.8929,LOCAL_BEST,2,123,16449,190065,73650,205,1883,100,26.5534,50.0000,0,0,0,0,0,0
n012w8-0,n012w8,0,5,1000000,100.0,adaptive,2026-07-04T10:59:26+01:00,3,7,14,123489,308,18.158167,550,555,550,5,0.9009,LOCAL_BEST,2,123,16495,191715,74566,206,1106,2,45.2080,2500.0000,0,0,0,0,0,0
n012w8-0,n012w8,0,5,1000000,100.0,adaptive,2026-07-04T10:59:26+01:00,3,7,14,123681,308,18.110065,535,550,535,15,2.7273,LOCAL_BEST,2,123,16502,191998,74719,207,192,0,781.2500,0.0000,0,0,0,0,0,0
n012w8-0,n012w8,0,5,1000000,100.0,adaptive,2026-07-04T10:59:26+01:00,3,4,14,123879,260,18.060593,615,625,615,10,1.6000,LOCAL_BEST,1,123,16897,192231,74269,208,198,-48,505.0505,0.0000,0,0,0,0,0,0
n012w8-0,n012w8,0,5,1000000,100.0,adaptive,2026-07-04T10:59:26+01:00,3,4,14,123973,260,18.037153,565,615,565,50,8.1301,LOCAL_BEST,1,123,16899,192351,74351,209,94,0,5319.1489,0.0000,0,0,0,0,0,0
n012w8-0,n012w8,0,5,1000000,100.0,adaptive,2026-07-04T10:59:26+01:00,3,4,14,124031,260,18.022706,550,565,550,15,2.6549,LOCAL_BEST,1,123,16899,192437,74404,210,58,0,2586.2069,0.0000,0,0,0,0,0,0
n012w8-0,n012w8,0,5,1000000,100.0,adaptive,2026-07-04T10:59:26+01:00,3,10,14,127117,469,17.270464,520,540,520,20,3.7037,LOCAL_BEST,4,123,16560,197627,78017,211,3086,209,64.8088,95.6938,0,0,0,0,0,0
n012w8-0,n012w8,0,5,1000000,100.0,adaptive,2026-07-04T10:59:26+01:00,3,4,14,132409,274,16.052845,545,550,545,5,0.9091,LOCAL_BEST,1,123,17204,204653,81441,212,5292,-195,9.4482,0.0000,0,0,0,0,0,0
n012w8-0,n012w8,0,5,1000000,100.0,adaptive,2026-07-04T10:59:26+01:00,3,4,14,132612,274,16.007887,515,545,515,30,5.5046,LOCAL_BEST,1,123,17208,204965,81618,213,203,0,1477.8325,0.0000,0,0,0,0,0,0
n012w8-0,n012w8,0,5,1000000,100.0,adaptive,2026-07-04T10:59:26+01:00,3,7,14,138946,332,14.666619,515,535,515,20,3.7383,LOCAL_BEST,2,123,17072,214089,87581,214,6334,58,31.5756,344.8276,0,0,0,0,0,0
n012w8-0,n012w8,0,5,1000000,100.0,adaptive,2026-07-04T10:59:26+01:00,3,7,14,139065,332,14.642526,500,515,500,15,2.9126,LOCAL_BEST,2,123,17073,214237,87686,215,119,0,1260.5042,0.0000,0,0,0,0,0,0
n012w8-0,n012w8,0,5,1000000,100.0,adaptive,2026-07-04T10:59:26+01:00,3,10,14,139957,491,14.463187,515,520,515,5,0.9615,LOCAL_BEST,4,123,16998,216485,88859,216,892,159,56.0538,31.4465,0,0,0,0,0,0
n012w8-0,n012w8,0,5,1000000,100.0,adaptive,2026-07-04T10:59:26+01:00,3,2,14,140019,243,0.000000,540,560,540,20,3.5714,LOCAL_BEST,0,123,0,210313,108526,217,62,-248,3225.8065,0.0000,0,0,0,0,0,0
n012w8-0,n012w8,0,5,1000000,100.0,adaptive,2026-07-04T10:59:26+01:00,3,10,14,140855,493,14.284860,500,515,500,15,2.9126,LOCAL_BEST,4,123,17020,217694,89637,218,836,250,179.4258,60.0000,0,0,0,0,0,0
n012w8-0,n012w8,0,5,1000000,100.0,adaptive,2026-07-04T10:59:26+01:00,3,10,14,141082,494,14.240132,485,500,485,15,3.0000,LOCAL_BEST,4,123,17023,218047,89844,219,227,1,660.7930,15000.0000,0,0,0,0,0,0
n012w8-0,n012w8,0,5,1000000,100.0,adaptive,2026-07-04T10:59:26+01:00,3,10,14,141241,494,14.208885,475,485,475,10,2.0619,LOCAL_BEST,4,123,17026,218291,89984,220,159,0,628.9308,0.0000,0,0,0,0,0,0
n012w8-0,n012w8,0,5,1000000,100.0,adaptive,2026-07-04T10:59:26+01:00,3,10,14,141268,494,14.203586,470,475,470,5,1.0526,LOCAL_BEST,4,123,17026,218337,90010,221,27,0,1851.8519,0.0000,0,0,0,0,0,0
n012w8-0,n012w8,0,5,1000000,100.0,adaptive,2026-07-04T10:59:26+01:00,3,7,14,144650,346,13.555202,480,500,480,20,4.0000,GLOBAL_BEST,2,123,17208,222257,92561,222,3382,-148,59.1366,0.0000,0,0,0,0,0,0
n012w8-0,n012w8,0,5,1000000,100.0,adaptive,2026-07-04T10:59:26+01:00,3,7,14,149115,357,12.744300,475,480,475,5,1.0417,LOCAL_BEST,2,123,17317,228597,96468,223,4465,11,11.1982,454.5455,0,0,0,0,0,0
n012w8-0,n012w8,0,5,1000000,100.0,adaptive,2026-07-04T10:59:26+01:00,3,7,14,151840,364,12.273431,460,475,460,15,3.1579,LOCAL_BEST,2,123,17356,232474,98957,224,2725,7,55.0459,2142.8571,0,0,0,0,0,0
n012w8-0,n012w8,0,5,1000000,100.0,adaptive,2026-07-04T10:59:26+01:00,3,2,14,155790,268,0.000000,535,540,535,5,0.9259,LOCAL_BEST,0,123,0,233811,123235,225,3950,-96,12.6582,0.0000,0,0,0,0,0,0
n012w8-0,n012w8,0,5,1000000,100.0,adaptive,2026-07-04T10:59:26+01:00,3,7,14,159549,380,11.033467,455,460,455,5,1.0870,LOCAL_BEST,2,123,17475,243173,105918,226,3759,112,13.3014,44.6429,0,0,0,0,0,0
n012w8-0,n012w8,0,5,1000000,100.0,adaptive,2026-07-04T10:59:26+01:00,3,4,14,159842,317,10.988894,505,515,505,10,1.9417,LOCAL_BEST,1,123,17835,243697,105520,227,293,-63,341.2969,0.0000,0,0,0,0,0,0
n012w8-0,n012w8,0,5,1000000,100.0,adaptive,2026-07-04T10:59:26+01:00,3,13,14,165371,705,10.180755,475,480,475,5,1.0417,LOCAL_BEST,5,123,17784,251418,110838,228,5529,388,9.0432,12.8866,0,0,0,0,0,0
n012w8-0,n012w8,0,5,1000000,100.0,adaptive,2026-07-04T10:59:26+01:00,3,13,14,166343,707,10.044955,460,475,460,15,3.1579,LOCAL_BEST,5,123,17790,252673,111737,229,972,2,154.3210,7500.0000,0,0,0,0,0,0
n012w8-0,n012w8,0,5,1000000,100.0,adaptive,2026-07-04T10:59:26+01:00,3,4,14,170363,333,9.502284,490,505,490,15,2.9703,LOCAL_BEST,1,123,17984,258392,114871,230,4020,-374,37.3134,0.0000,0,0,0,0,0,0
n012w8-0,n012w8,0,5,1000000,100.0,adaptive,2026-07-04T10:59:26+01:00,3,2,14,178359,307,0.000000,530,535,530,5,0.9346,LOCAL_BEST,0,123,0,266159,144202,231,7996,-26,6.2531,0.0000,0,0,0,0,0,0
n012w8-0,n012w8,0,5,1000000,100.0,adaptive,2026-07-04T10:59:26+01:00,3,3,14,185281,346,0.000000,1450,1490,1450,40,2.6846,LOCAL_BEST,0,123,69713,314108,7136,232,6922,39,57.7868,1025.6410,0,0,0,0,0,0
n012w8-0,n012w8,0,5,1000000,100.0,adaptive,2026-07-04T10:59:26+01:00,3,10,14,191697,592,7.076589,460,470,460,10,2.1277,LOCAL_BEST,4,123,17750,289532,135594,233,6416,246,15.5860,40.6504,0,0,0,0,0,0
n012w8-0,n012w8,0,5,1000000,100.0,adaptive,2026-07-04T10:59:26+01:00,3,10,14,199779,609,6.328955,455,460,455,5,1.0870,LOCAL_BEST,4,123,17801,300917,143128,234,8082,17,6.1866,294.1176,0,0,0,0,0,0
n012w8-0,n012w8,0,5,1000000,100.0,adaptive,2026-07-04T10:59:26+01:00,3,1,14,200000,367,6.309573,545,540,540,0,0.0000,REHEAT,0,123,18040,301661,143186,235,221,-242,0.0000,0.0000,0,0,0,0,0,0
n012w8-0,n012w8,0,5,1000000,100.0,adaptive,2026-07-04T10:59:26+01:00,3,7,14,209549,502,5.529756,460,455,455,0,0.0000,REHEAT,2,123,17886,311409,151906,236,9549,135,0.0000,0.0000,0,0,0,0,0,0
n012w8-0,n012w8,0,5,1000000,100.0,adaptive,2026-07-04T10:59:26+01:00,3,3,14,212999,399,0.000000,1300,1450,1300,150,10.3448,LOCAL_BEST,0,123,80121,361129,8142,237,3450,-103,434.7826,0.0000,0,0,0,0,0,0
n012w8-0,n012w8,0,5,1000000,100.0,adaptive,2026-07-04T10:59:26+01:00,3,1,14,250000,476,50.118723,1360,540,540,0,0.0000,REHEAT,0,123,28070,381917,165427,238,37001,77,0.0000,0.0000,0,0,0,0,0,0
n012w8-0,n012w8,0,5,1000000,100.0,adaptive,2026-07-04T10:59:26+01:00,3,7,14,259549,625,50.118723,1150,455,455,0,0.0000,REHEAT,2,123,27901,391149,174178,239,9549,149,0.0000,0.0000,0,0,0,0,0,0
n012w8-0,n012w8,0,5,1000000,100.0,adaptive,2026-07-04T10:59:26+01:00,3,1,14,300000,603,50.118723,1125,540,540,0,0.0000,REHEAT,0,123,38055,462374,187920,240,40451,-22,0.0000,0.0000,0,0,0,0,0,0
n012w8-0,n012w8,0,5,1000000,100.0,adaptive,2026-07-04T10:59:26+01:00,3,7,14,309549,746,50.118723,1360,455,455,0,0.0000,REHEAT,2,123,37979,470336,196103,241,9549,143,0.0000,0.0000,0,0,0,0,0,0
n012w8-0,n012w8,0,5,1000000,100.0,adaptive,2026-07-04T10:59:26+01:00,3,1,14,350000,696,50.118723,1315,540,540,0,0.0000,REHEAT,0,123,48093,542532,209864,242,40451,-50,0.0000,0.0000,0,0,0,0,0,0
n012w8-0,n012w8,0,5,1000000,100.0,adaptive,2026-07-04T10:59:26+01:00,3,3,14,352719,705,0.000000,1285,1300,1285,15,1.1538,LOCAL_BEST,0,123,132890,598444,13504,243,2719,9,55.1673,1666.6667,0,0,0,0,0,0
n012w8-0,n012w8,0,5,1000000,100.0,adaptive,2026-07-04T10:59:26+01:00,3,7,14,359549,850,50.118723,1405,455,455,0,0.0000,REHEAT,2,123,48079,550127,218225,244,6830,145,0.0000,0.0000,0,0,0,0,0,0
n012w8-0,n012w8,0,5,1000000,100.0,adaptive,2026-07-04T10:59:26+01:00,3,1,14,400000,810,50.118723,1440,540,540,0,0.0000,REHEAT,0,123,58158,622216,231783,245,40451,-40,0.0000,0.0000,0,0,0,0,0,0
n012w8-0,n012w8,0,5,1000000,100.0,adaptive,2026-07-04T10:59:26+01:00,3,7,14,409549,958,50.118723,1435,455,455,0,0.0000,REHEAT,2,123,58145,630561,240155,246,9549,148,0.0000,0.0000,0,0,0,0,0,0
n012w8-0,n012w8,0,5,1000000,100.0,adaptive,2026-07-04T10:59:26+01:00,3,1,14,450000,931,50.118723,1270,540,540,0,0.0000,REHEAT,0,123,68288,702403,254011,247,40451,-27,0.0000,0.0000,0,0,0,0,0,0
n012w8-0,n012w8,0,5,1000000,100.0,adaptive,2026-07-04T10:59:26+01:00,3,7,14,459549,1061,50.118723,1610,455,455,0,0.0000,REHEAT,2,123,68417,710715,262198,248,9549,130,0.0000,0.0000,0,0,0,0,0,0
n012w8-0,n012w8,0,5,1000000,100.0,adaptive,2026-07-04T10:59:26+01:00,3,1,14,500000,1049,50.118723,1400,540,540,0,0.0000,REHEAT,0,123,78267,781928,276371,249,40451,-12,0.0000,0.0000,0,0,0,0,0,0
n012w8-0,n012w8,0,5,1000000,100.0,adaptive,2026-07-04T10:59:26+01:00,3,7,14,509549,1179,50.118723,1630,455,455,0,0.0000,REHEAT,2,123,78466,790992,284424,250,9549,130,0.0000,0.0000,0,0,0,0,0,0
n012w8-0,n012w8,0,5,1000000,100.0,adaptive,2026-07-04T10:59:26+01:00,3,1,14,550000,1173,50.118723,1660,540,540,0,0.0000,REHEAT,0,123,88235,860794,298708,251,40451,-6,0.0000,0.0000,0,0,0,0,0,0
n012w8-0,n012w8,0,5,1000000,100.0,adaptive,2026-07-04T10:59:26+01:00,3,7,14,559549,1279,50.118723,1395,455,455,0,0.0000,REHEAT,2,123,88393,870002,306771,252,9549,106,0.0000,0.0000,0,0,0,0,0,0
n012w8-0,n012w8,0,5,1000000,100.0,adaptive,2026-07-04T10:59:26+01:00,3,1,14,600000,1274,50.118723,1420,540,540,0,0.0000,REHEAT,0,123,98288,940920,320820,253,40451,-5,0.0000,0.0000,0,0,0,0,0,0
n012w8-0,n012w8,0,5,1000000,100.0,adaptive,2026-07-04T10:59:26+01:00,3,7,14,609549,1400,50.118723,1195,455,455,0,0.0000,REHEAT,2,123,98543,949761,328771,254,9549,126,0.0000,0.0000,0,0,0,0,0,0
n012w8-0,n012w8,0,5,1000000,100.0,adaptive,2026-07-04T10:59:26+01:00,3,1,14,650000,1365,50.118723,1125,540,540,0,0.0000,REHEAT,0,123,108384,1021162,343103,255,40451,-35,0.0000,0.0000,0,0,0,0,0,0
n012w8-0,n012w8,0,5,1000000,100.0,adaptive,2026-07-04T10:59:26+01:00,3,7,14,659549,1503,50.118723,1375,455,455,0,0.0000,REHEAT,2,123,108569,1029736,351028,256,9549,138,0.0000,0.0000,0,0,0,0,0,0
n012w8-0,n012w8,0,5,1000000,100.0,adaptive,2026-07-04T10:59:26+01:00,3,1,14,700000,1492,50.118723,1510,540,540,0,0.0000,REHEAT,0,123,118317,1100453,365411,257,40451,-11,0.0000,0.0000,0,0,0,0,0,0
n012w8-0,n012w8,0,5,1000000,100.0,adaptive,2026-07-04T10:59:26+01:00,3,7,14,709549,1630,50.118723,1545,455,455,0,0.0000,REHEAT,2,123,118584,1109042,373365,258,9549,138,0.0000,0.0000,0,0,0,0,0,0
n012w8-0,n012w8,0,5,1000000,100.0,adaptive,2026-07-04T10:59:26+01:00,3,1,14,750000,1615,50.118723,1330,540,540,0,0.0000,REHEAT,0,123,128317,1180808,387510,259,40451,-15,0.0000,0.0000,0,0,0,0,0,0
n012w8-0,n012w8,0,5,1000000,100.0,adaptive,2026-07-04T10:59:26+01:00,3,7,14,759549,1748,50.118723,1655,455,455,0,0.0000,REHEAT,2,123,128603,1189374,395586,260,9549,133,0.0000,0.0000,0,0,0,0,0,0
n012w8-0,n012w8,0,5,1000000,100.0,adaptive,2026-07-04T10:59:26+01:00,3,1,14,800000,1723,50.118723,1055,540,540,0,0.0000,REHEAT,0,123,138284,1260149,409890,261,40451,-25,0.0000,0.0000,0,0,0,0,0,0
n012w8-0,n012w8,0,5,1000000,100.0,adaptive,2026-07-04T10:59:26+01:00,3,7,14,809549,1880,50.118723,1290,455,455,0,0.0000,REHEAT,2,123,138590,1269204,417820,262,9549,157,0.0000,0.0000,0,0,0,0,0,0
n012w8-0,n012w8,0,5,1000000,100.0,adaptive,2026-07-04T10:59:26+01:00,3,1,14,850000,1827,50.118723,1725,540,540,0,0.0000,REHEAT,0,123,148365,1339314,432072,263,40451,-53,0.0000,0.0000,0,0,0,0,0,0
n012w8-0,n012w8,0,5,1000000,100.0,adaptive,2026-07-04T10:59:26+01:00,3,7,14,859549,2005,50.118723,1495,455,455,0,0.0000,REHEAT,2,123,148795,1350066,439817,264,9549,178,0.0000,0.0000,0,0,0,0,0,0
n012w8-0,n012w8,0,5,1000000,100.0,adaptive,2026-07-04T10:59:26+01:00,3,1,14,900000,1920,50.118723,1485,540,540,0,0.0000,REHEAT,0,123,158376,1419637,454339,265,40451,-85,0.0000,0.0000,0,0,0,0,0,0
n012w8-0,n012w8,0,5,1000000,100.0,adaptive,2026-07-04T10:59:26+01:00,3,7,14,909549,2095,50.118723,1450,455,455,0,0.0000,REHEAT,2,123,158930,1430127,461871,266,9549,175,0.0000,0.0000,0,0,0,0,0,0
n012w8-0,n012w8,0,5,1000000,100.0,adaptive,2026-07-04T10:59:26+01:00,3,1,14,950000,2017,50.118723,1560,540,540,0,0.0000,REHEAT,0,123,168460,1499148,476515,267,40451,-78,0.0000,0.0000,0,0,0,0,0,0
n012w8-0,n012w8,0,5,1000000,100.0,adaptive,2026-07-04T10:59:26+01:00,3,7,14,959549,2186,50.118723,1335,455,455,0,0.0000,REHEAT,2,123,169111,1510026,483902,268,9549,169,0.0000,0.0000,0,0,0,0,0,0
n012w8-0,n012w8,0,5,1000000,100.0,adaptive,2026-07-04T10:59:26+01:00,3,1,14,1000000,2120,50.118723,1165,540,540,0,0.0000,REHEAT,0,123,178461,1578489,498683,269,40451,-66,0.0000,0.0000,0,0,0,0,0,0
n012w8-0,n012w8,0,5,1000000,100.0,adaptive,2026-07-04T10:59:26+01:00,4,1,29,1,0,100.000000,3195,3390,3195,195,5.7522,GLOBAL_BEST,0,123,0,0,0,1,1,0,1950000.0000,0.0000,0,0,0,0,0,0
n012w8-0,n012w8,0,5,1000000,100.0,adaptive,2026-07-04T10:59:26+01:00,4,2,29,1,0,0.000000,3060,3390,3060,330,9.7345,LOCAL_BEST,0,123,0,5,0,2,0,0,0.0000,0.0000,0,0,0,0,0,0
n012w8-0,n012w8,0,5,1000000,100.0,adaptive,2026-07-04T10:59:26+01:00,4,3,29,1,0,0.000000,3330,3390,3330,60,1.7699,LOCAL_BEST,0,123,0,0,0,3,0,0,0.0000,0.0000,0,0,0,0,0,0
n012w8-0,n012w8,0,5,1000000,100.0,adaptive,2026-07-04T10:59:26+01:00,4,6,29,1,45,0.000000,645,675,645,30,4.4444,GLOBAL_BEST,2,123,0,0,0,4,0,45,0.0000,666.6667,0,0,0,0,0,0
n012w8-0,n012w8,0,5,1000000,100.0,adaptive,2026-07-04T10:59:26+01:00,4,2,29,2,0,0.000000,2940,3060,2940,120,3.9216,LOCAL_BEST,0,123,0,9,0,5,1,-45,1200000.0000,0.0000,0,0,0,0,0,0
n012w8-0,n012w8,0,5,1000000,100.0,adaptive,2026-07-04T10:59:26+01:00,4,3,29,2,0,0.000000,3270,3330,3270,60,1.8018,LOCAL_BEST,0,123,0,1,0,6,0,0,0.0000,0.0000,0,0,0,0,0,0
n012w8-0,n012w8,0,5,1000000,100.0,adaptive,2026-07-04T10:59:26+01:00,4,13,29,2,194,99.998618,160,190,160,30,15.7895,GLOBAL_BEST,5,123,0,1,1,7,0,194,0.0000,154.6392,0,0,0,0,0,0
n012w8-0,n012w8,0,5,1000000,100.0,adaptive,2026-07-04T10:59:26+01:00,4,3,29,3,0,0.000000,3090,3270,3090,180,5.5046,LOCAL_BEST,0,123,0,1,0,8,1,-194,1800000.0000,0.0000,0,0,0,0,0,0
n012w8-0,n012w8,0,5,1000000,100.0,adaptive,2026-07-04T10:59:26+01:00,4,2,29,4,0,0.000000,2910,2940,2910,30,1.0204,LOCAL_BEST,0,123,0,19,0,9,1,0,300000.0000,0.0000,0,0,0,0,0,0
n012w8-0,n012w8,0,5,1000000,100.0,adaptive,2026-07-04T10:59:26+01:00,4,2,29,5,0,0.000000,2850,2910,2850,60,2.0619,LOCAL_BEST,0,123,0,21,0,10,1,0,600000.0000,0.0000,0,0,0,0,0,0
n012w8-0,n012w8,0,5,1000000,100.0,adaptive,2026-07-04T10:59:26+01:00,4,3,29,5,0,0.000000,2730,3090,2730,360,11.6505,LOCAL_BEST,0,123,0,6,0,11,0,0,0.0000,0.0000,0,0,0,0,0,0
n012w8-0,n012w8,0,5,1000000,100.0,adaptive,2026-07-04T10:59:26+01:00,4,5,29,5,45,0.000000,660,675,660,15,2.2222,LOCAL_BEST,1,123,0,8,4,12,0,45,0.0000,333.3333,0,0,0,0,0,0
n012w8-0,n012w8,0,5,1000000,100.0,adaptive,2026-07-04T10:59:26+01:00,4,1,29,6,0,99.993092,3180,3195,3180,15,0.4695,GLOBAL_BEST,0,123,1,6,0,13,1,-45,150000.0000,0.0000,0,0,0,0,0,0
n012w8-0,n012w8,0,5,1000000,100.0,adaptive,2026-07-04T10:59:26+01:00,4,3,29,6,0,0.000000,2700,2730,2700,30,1.0989,LOCAL_BEST,0,123,0,6,0,14,0,0,0.0000,0.0000,0,0,0,0,0,0
n012w8-0,n012w8,0,5,1000000,100.0,adaptive,2026-07-04T10:59:26+01:00,4,1,29,7,0,99.991711,3070,3180,3070,110,3.4591,GLOBAL_BEST,0,123,1,7,0,15,1,0,1100000.0000,0.0000,0,0,0,0,0,0
n012w8-0,n012w8,0,5,1000000,100.0,adaptive,2026-07-04T10:59:26+01:00,4,2,29,7,0,0.000000,2640,2850,2640,210,7.3684,LOCAL_BEST,0,123,0,24,0,16,0,0,0.0000,0.0000,0,0,0,0,0,0
n012w8-0,n012w8,0,5,1000000,100.0,adaptive,2026-07-04T10:59:26+01:00,4,3,29,7,0,0.000000,2640,2700,2640,60,2.2222,LOCAL_BEST,0,123,0,7,0,17,0,0,0.0000,0.0000,0,0,0,0,0,0
n012w8-0,n012w8,0,5,1000000,100.0,adaptive,2026-07-04T10:59:26+01:00,4,1,29,8,0,99.990330,2920,3070,2920,150,4.8860,GLOBAL_BEST,0,123,1,10,0,18,1,0,1500000.0000,0.0000,0,0,0,0,0,0
n012w8-0,n012w8,0,5,1000000,100.0,adaptive,2026-07-04T10:59:26+01:00,4,3,29,8,0,0.000000,2415,2640,2415,225,8.5227,LOCAL_BEST,0,123,0,7,0,19,0,0,0.0000,0.0000,0,0,0,0,0,0
n012w8-0,n012w8,0,5,1000000,100.0,adaptive,2026-07-04T10:59:26+01:00,4,1,29,16,0,99.979279,2845,2920,2845,75,2.5685,GLOBAL_BEST,0,123,2,15,2,20,8,0,93750.0000,0.0000,0,0,0,0,0,0
n012w8-0,n012w8,0,5,1000000,100.0,adaptive,2026-07-04T10:59:26+01:00,4,1,29,17,0,99.977898,2650,2845,2650,195,6.8541,GLOBAL_BEST,0,123,2,17,2,21,1,0,1950000.0000,0.0000,0,0,0,0,0,0
n012w8-0,n012w8,0,5,1000000,100.0,adaptive,2026-07-04T10:59:26+01:00,4,8,29,17,87,0.000000,340,355,340,15,4.2254,LOCAL_BEST,3,123,0,40,15,22,0,87,0.0000,172.4138,0,0,0,0,0,0
n012w8-0,n012w8,0,5,1000000,100.0,adaptive,2026-07-04T10:59:26+01:00,4,1,29,18,0,99.976516,2560,2650,2560,90,3.3962,GLOBAL_BEST,0,123,2,24,2,23,1,-87,900000.0000,0.0000,0,0,0,0,0,0
n012w8-0,n012w8,0,5,1000000,100.0,adaptive,2026-07-04T10:59:26+01:00,4,1,29,19,0,99.975135,2485,2560,2485,75,2.9297,GLOBAL_BEST,0,123,2,24,2,24,1,0,750000.0000,0.0000,0,0,0,0,0,0
n012w8-0,n012w8,0,5,1000000,100.0,adaptive,2026-07-04T10:59:26+01:00,4,2,29,19,0,0.000000,2445,2640,2445,195,7.3864,LOCAL_BEST,0,123,0,48,0,25,0,0,0.0000,0.0000,0,0,0,0,0,0
n012w8-0,n012w8,0,5,1000000,100.0,adaptive,2026-07-04T10:59:26+01:00,4,1,29,21,0,99.972373,2350,2485,2350,135,5.4326,GLOBAL_BEST,0,123,3,26,2,26,2,0,675000.0000,0.0000,0,0,0,0,0,0
n012w8-0,n012w8,0,5,1000000,100.0,adaptive,2026-07-04T10:59:26+01:00,4,3,29,21,0,0.000000,2295,2415,2295,120,4.9689,LOCAL_BEST,0,123,5,32,1,27,0,0,0.0000,0.0000,0,0,0,0,0,0
n012w8-0,n012w8,0,5,1000000,100.0,adaptive,2026-07-04T10:59:26+01:00,4,1,29,22,0,99.970992,2170,2350,2170,180,7.6596,GLOBAL_BEST,0,123,3,26,2,28,1,0,1800000.0000,0.0000,0,0,0,0,0,0
n012w8-0,n012w8,0,5,1000000,100.0,adaptive,2026-07-04T10:59:26+01:00,4,2,29,22,0,0.000000,2370,2445,2370,75,3.0675,LOCAL_BEST,0,123,0,60,0,29,0,0,0.0000,0.0000,0,0,0,0,0,0
n012w8-0,n012w8,0,5,1000000,100.0,adaptive,2026-07-04T10:59:26+01:00,4,3,29,23,0,0.000000,2205,2295,2205,90,3.9216,LOCAL_BEST,0,123,5,34,1,30,1,0,900000.0000,0.0000,0,0,0,0,0,0
n012w8-0,n012w8,0,5,1000000,100.0,adaptive,2026-07-04T10:59:26+01:00,4,3,29,24,0,0.000000,2175,2205,2175,30,1.3605,LOCAL_BEST,0,123,5,36,1,31,1,0,300000.0000,0.0000,0,0,0,0,0,0
n012w8-0,n012w8,0,5,1000000,100.0,adaptive,2026-07-04T10:59:26+01:00,4,3,29,25,0,0.000000,2160,2175,2160,15,0.6897,LOCAL_BEST,0,123,5,38,1,32,1,0,150000.0000,0.0000,0,0,0,0,0,0
n012w8-0,n012w8,0,5,1000000,100.0,adaptive,2026-07-04T10:59:26+01:00,4,3,29,26,0,0.000000,2130,2160,2130,30,1.3889,LOCAL_BEST,0,123,5,39,1,33,1,0,300000.0000,0.0000,0,0,0,0,0,0
n012w8-0,n012w8,0,5,1000000,100.0,adaptive,2026-07-04T10:59:26+01:00,4,2,29,27,0,0.000000,2250,2370,2250,120,5.0633,LOCAL_BEST,0,123,0,64,0,34,1,0,1200000.0000,0.0000,0,0,0,0,0,0
n012w8-0,n012w8,0,5,1000000,100.0,adaptive,2026-07-04T10:59:26+01:00,4,1,29,28,0,99.962705,2020,2170,2020,150,6.9124,GLOBAL_BEST,0,123,3,51,3,35,1,0,1500000.0000,0.0000,0,0,0,0,0,0
n012w8-0,n012w8,0,5,1000000,100.0,adaptive,2026-07-04T10:59:26+01:00,4,1,29,33,0,99.955800,1960,2020,1960,60,2.9703,GLOBAL_BEST,0,123,4,61,3,36,5,0,120000.0000,0.0000,0,0,0,0,0,0
n012w8-0,n012w8,0,5,1000000,100.0,adaptive,2026-07-04T10:59:26+01:00,4,1,29,34,0,99.954419,1855,1960,1855,105,5.3571,GLOBAL_BEST,0,123,4,62,3,37,1,0,1050000.0000,0.0000,0,0,0,0,0,0
n012w8-0,n012w8,0,5,1000000,100.0,adaptive,2026-07-04T10:59:26+01:00,4,5,29,46,45,0.000000,645,660,645,15,2.2727,LOCAL_BEST,1,123,0,78,39,38,12,45,12500.0000,333.3333,0,0,0,0,0,0
n012w8-0,n012w8,0,5,1000000,100.0,adaptive,2026-07-04T10:59:26+01:00,4,2,29,56,0,0.000000,2205,2250,2205,45,2.0000,LOCAL_BEST,0,123,0,129,0,39,10,-45,45000.0000,0.0000,0,0,0,0,0,0
n012w8-0,n012w8,0,5,1000000,100.0,adaptive,2026-07-04T10:59:26+01:00,4,2,29,59,0,0.000000,2055,2205,2055,150,6.8027,LOCAL_BEST,0,123,0,138,0,40,3,0,500000.0000,0.0000,0,0,0,0,0,0
n012w8-0,n012w8,0,5,1000000,100.0,adaptive,2026-07-04T10:59:26+01:00,4,3,29,59,0,0.000000,2040,2130,2040,90,4.2254,LOCAL_BEST,0,123,17,105,2,41,0,0,0.0000,0.0000,0,0,0,0,0,0
n012w8-0,n012w8,0,5,1000000,100.0,adaptive,2026-07-04T10:59:26+01:00,4,5,29,65,45,0.000000,630,645,630,15,2.3256,GLOBAL_BEST,1,123,0,108,50,42,6,45,25000.0000,333.3333,0,0,0,0,0,0
n012w8-0,n012w8,0,5,1000000,100.0,adaptive,2026-07-04T10:59:26+01:00,4,1,29,67,0,99.908859,1825,1855,1825,30,1.6173,GLOBAL_BEST,0,123,10,124,14,43,2,-45,150000.0000,0.0000,0,0,0,0,0,0
n012w8-0,n012w8,0,5,1000000,100.0,adaptive,2026-07-04T10:59:26+01:00,4,5,29,67,45,0.000000,615,630,615,15,2.3810,GLOBAL_BEST,1,123,0,111,51,44,0,45,0.0000,333.3333,0,0,0,0,0,0
n012w8-0,n012w8,0,5,1000000,100.0,adaptive,2026-07-04T10:59:26+01:00,4,3,29,79,0,0.000000,1995,2040,1995,45,2.2059,LOCAL_BEST,0,123,27,137,2,45,12,-45,37500.0000,0.0000,0,0,0,0,0,0
n012w8-0,n012w8,0,5,1000000,100.0,adaptive,2026-07-04T10:59:26+01:00,4,1,29,82,0,99.888157,1765,1825,1765,60,3.2877,GLOBAL_BEST,0,123,13,157,15,46,3,0,200000.0000,0.0000,0,0,0,0,0,0
n012w8-0,n012w8,0,5,1000000,100.0,adaptive,2026-07-04T10:59:26+01:00,4,1,29,84,0,99.885397,1735,1765,1735,30,1.6997,GLOBAL_BEST,0,123,13,159,16,47,2,0,150000.0000,0.0000,0,0,0,0,0,0
n012w8-0,n012w8,0,5,1000000,100.0,adaptive,2026-07-04T10:59:26+01:00,4,3,29,86,0,0.000000,1890,1995,1890,105,5.2632,LOCAL_BEST,0,123,28,148,2,48,2,0,525000.0000,0.0000,0,0,0,0,0,0
n012w8-0,n012w8,0,5,1000000,100.0,adaptive,2026-07-04T10:59:26+01:00,4,1,29,128,0,99.824697,1730,1735,1730,5,0.2882,GLOBAL_BEST,0,123,26,224,25,49,42,0,1190.4762,0.0000,0,0,0,0,0,0
n012w8-0,n012w8,0,5,1000000,100.0,adaptive,2026-07-04T10:59:26+01:00,4,1,29,130,0,99.821939,1625,1730,1625,105,6.0694,GLOBAL_BEST,0,123,26,229,26,50,2,0,525000.0000,0.0000,0,0,0,0,0,0
n012w8-0,n012w8,0,5,1000000,100.0,adaptive,2026-07-04T10:59:26+01:00,4,1,29,135,0,99.815043,1535,1625,1535,90,5.5385,GLOBAL_BEST,0,123,27,237,26,51,5,0,180000.0000,0.0000,0,0,0,0,0,0
n012w8-0,n012w8,0,5,1000000,100.0,adaptive,2026-07-04T10:59:26+01:00,4,2,29,138,0,0.000000,2035,2055,2035,20,0.9732,LOCAL_BEST,0,123,0,324,0,52,3,0,66666.6667,0.0000,0,0,0,0,0,0
n012w8-0,n012w8,0,5,1000000,100.0,adaptive,2026-07-04T10:59:26+01:00,4,1,29,142,0,99.805391,1480,1535,1480,55,3.5831,GLOBAL_BEST,0,123,29,240,28,53,4,0,137500.0000,0.0000,0,0,0,0,0,0
n012w8-0,n012w8,0,5,1000000,100.0,adaptive,2026-07-04T10:59:26+01:00,4,3,29,156,0,0.000000,1870,1890,1870,20,1.0582,LOCAL_BEST,0,123,51,266,4,54,14,0,14285.7143,0.0000,0,0,0,0,0,0
n012w8-0,n012w8,0,5,1000000,100.0,adaptive,2026-07-04T10:59:26+01:00,4,2,29,165,0,0.000000,2005,2035,2005,30,1.4742,LOCAL_BEST,0,123,0,379,0,55,9,0,33333.3333,0.0000,0,0,0,0,0,0
n012w8-0,n012w8,0,5,1000000,100.0,adaptive,2026-07-04T10:59:26+01:00,4,3,29,170,0,0.000000,1720,1870,1720,150,8.0214,LOCAL_BEST,0,123,56,275,5,56,5,0,300000.0000,0.0000,0,0,0,0,0,0
n012w8-0,n012w8,0,5,1000000,100.0,adaptive,2026-07-04T10:59:26+01:00,4,3,29,172,0,0.000000,1600,1720,1600,120,6.9767,LOCAL_BEST,0,123,56,275,5,57,2,0,600000.0000,0.0000,0,0,0,0,0,0
n012w8-0,n012w8,0,5,1000000,100.0,adaptive,2026-07-04T10:59:26+01:00,4,3,29,173,0,0.000000,1570,1600,1570,30,1.8750,LOCAL_BEST,0,123,56,275,5,58,1,0,300000.0000,0.0000,0,0,0,0,0,0
n012w8-0,n012w8,0,5,1000000,100.0,adaptive,2026-07-04T10:59:26+01:00,4,5,29,176,45,0.000000,600,615,600,15,2.4390,GLOBAL_BEST,1,123,0,248,140,59,3,45,50000.0000,333.3333,0,0,0,0,0,0
n012w8-0,n012w8,0,5,1000000,100.0,adaptive,2026-07-04T10:59:26+01:00,4,14,29,217,195,0.000000,160,190,160,30,15.7895,LOCAL_BEST,6,123,0,347,205,60,41,150,7317.0732,200.0000,0,0,0,0,0,0
n012w8-0,n012w8,0,5,1000000,100.0,adaptive,2026-07-04T10:59:26+01:00,4,1,29,229,1,99.685502,1450,1480,1450,30,2.0270,GLOBAL_BEST,0,123,54,396,43,61,12,-194,25000.0000,0.0000,0,0,0,0,0,0
n012w8-0,n012w8,0,5,1000000,100.0,adaptive,2026-07-04T10:59:26+01:00,4,1,29,232,1,99.681370,1435,1450,1435,15,1.0345,GLOBAL_BEST,0,123,54,403,44,62,3,0,50000.0000,0.0000,0,0,0,0,0,0
n012w8-0,n012w8,0,5,1000000,100.0,adaptive,2026-07-04T10:59:26+01:00,4,1,29,235,1,99.677239,1420,1435,1420,15,1.0453,GLOBAL_BEST,0,123,55,406,45,63,3,0,50000.0000,0.0000,0,0,0,0,0,0
n012w8-0,n012w8,0,5,1000000,100.0,adaptive,2026-07-04T10:59:26+01:00,4,1,29,241,1,99.668977,1405,1420,1405,15,1.0563,GLOBAL_BEST,0,123,57,415,47,64,6,0,25000.0000,0.0000,0,0,0,0,0,0
n012w8-0,n012w8,0,5,1000000,100.0,adaptive,2026-07-04T10:59:26+01:00,4,8,29,241,87,0.000000,325,340,325,15,4.4118,LOCAL_BEST,3,123,0,385,212,65,0,86,0.0000,174.4186,0,0,0,0,0,0
n012w8-0,n012w8,0,5,1000000,100.0,adaptive,2026-07-04T10:59:26+01:00,4,2,29,265,1,0.000000,1905,2005,1905,100,4.9875,LOCAL_BEST,0,123,0,543,0,66,24,-86,41666.6667,0.0000,0,0,0,0,0,0
n012w8-0,n012w8,0,5,1000000,100.0,adaptive,2026-07-04T10:59:26+01:00,4,2,29,266,1,0.000000,1740,1905,1740,165,8.6614,LOCAL_BEST,0,123,0,545,0,67,1,0,1650000.0000,0.0000,0,0,0,0,0,0
n012w8-0,n012w8,0,5,1000000,100.0,adaptive,2026-07-04T10:59:26+01:00,4,1,29,275,1,99.622171,1345,1405,1345,60,4.2705,GLOBAL_BEST,0,123,62,467,60,68,9,0,66666.6667,0.0000,0,0,0,0,0,0
n012w8-0,n012w8,0,5,1000000,100.0,adaptive,2026-07-04T10:59:26+01:00,4,2,29,336,1,0.000000,1710,1740,1710,30,1.7241,LOCAL_BEST,0,123,0,693,0,69,61,0,4918.0328,0.0000,0,0,0,0,0,0
n012w8-0,n012w8,0,5,1000000,100.0,adaptive,2026-07-04T10:59:26+01:00,4,1,29,438,1,99.398081,1335,1345,1335,10,0.7435,GLOBAL_BEST,0,123,100,768,100,70,102,0,980.3922,0.0000,0,0,0,0,0,0
n012w8-0,n012w8,0,5,1000000,100.0,adaptive,2026-07-04T10:59:26+01:00,4,1,29,450,1,99.381604,1275,1335,1275,60,4.4944,GLOBAL_BEST,0,123,103,784,104,71,12,0,50000.0000,0.0000,0,0,0,0,0,0
n012w8-0,n012w8,0,5,1000000,100.0,adaptive,2026-07-04T10:59:26+01:00,4,2,29,551,1,0.000000,1645,1710,1645,65,3.8012,LOCAL_BEST,0,123,0,1093,0,72,101,0,6435.6436,0.0000,0,0,0,0,0,0
n012w8-0,n012w8,0,5,1000000,100.0,adaptive,2026-07-04T10:59:26+01:00,4,2,29,553,1,0.000000,1600,1645,1600,45,2.7356,LOCAL_BEST,0,123,0,1095,0,73,2,0,225000.0000,0.0000,0,0,0,0,0,0
n012w8-0,n012w8,0,5,1000000,100.0,adaptive,2026-07-04T10:59:26+01:00,4,2,29,554,1,0.000000,1570,1600,1570,30,1.8750,LOCAL_BEST,0,123,0,1100,0,74,1,0,300000.0000,0.0000,0,0,0,0,0,0
n012w8-0,n012w8,0,5,1000000,100.0,adaptive,2026-07-04T10:59:26+01:00,4,2,29,556,1,0.000000,1510,1570,1510,60,3.8217,LOCAL_BEST,0,123,0,1101,0,75,2,0,300000.0000,0.0000,0,0,0,0,0,0
n012w8-0,n012w8,0,5,1000000,100.0,adaptive,2026-07-04T10:59:26+01:00,4,5,29,558,46,0.000000,585,600,585,15,2.5000,GLOBAL_BEST,1,123,0,901,435,76,2,45,75000.0000,333.3333,0,0,0,0,0,0
n012w8-0,n012w8,0,5,1000000,100.0,adaptive,2026-07-04T10:59:26+01:00,4,2,29,562,1,0.000000,1420,1510,1420,90,5.9603,LOCAL_BEST,0,123,0,1114,0,77,4,-45,225000.0000,0.0000,0,0,0,0,0,0
n012w8-0,n012w8,0,5,1000000,100.0,adaptive,2026-07-04T10:59:26+01:00,4,2,29,563,1,0.000000,1360,1420,1360,60,4.2254,LOCAL_BEST,0,123,0,1116,0,78,1,0,600000.0000,0.0000,0,0,0,0,0,0
n012w8-0,n012w8,0,5,1000000,100.0,adaptive,2026-07-04T10:59:26+01:00,4,2,29,565,1,0.000000,1330,1360,1330,30,2.2059,LOCAL_BEST,0,123,0,1117,0,79,2,0,150000.0000,0.0000,0,0,0,0,0,0
n012w8-0,n012w8,0,5,1000000,100.0,adaptive,2026-07-04T10:59:26+01:00,4,2,29,566,1,0.000000,1255,1330,1255,75,5.6391,GLOBAL_BEST,0,123,0,1117,0,80,1,0,750000.0000,0.0000,0,0,0,0,0,0
n012w8-0,n012w8,0,5,1000000,100.0,adaptive,2026-07-04T10:59:26+01:00,4,1,29,729,2,98.999272,1210,1275,1210,65,5.0980,GLOBAL_BEST,0,123,166,1246,198,81,163,1,3987.7301,65000.0000,0,0,0,0,0,0
n012w8-0,n012w8,0,5,1000000,100.0,adaptive,2026-07-04T10:59:26+01:00,4,1,29,730,2,98.997904,1120,1210,1120,90,7.4380,GLOBAL_BEST,0,123,166,1248,198,82,1,0,900000.0000,0.0000,0,0,0,0,0,0
n012w8-0,n012w8,0,5,1000000,100.0,adaptive,2026-07-04T10:59:26+01:00,4,1,29,751,2,98.969186,1000,1120,1000,120,10.7143,GLOBAL_BEST,0,123,170,1277,208,83,21,0,57142.8571,0.0000,0,0,0,0,0,0
n012w8-0,n012w8,0,5,1000000,100.0,adaptive,2026-07-04T10:59:26+01:00,4,5,29,782,46,0.000000,550,585,550,35,5.9829,GLOBAL_BEST,1,123,0,1283,623,84,31,44,11290.3226,795.4545,0,0,0,0,0,0
n012w8-0,n012w8,0,5,1000000,100.0,adaptive,2026-07-04T10:59:26+01:00,4,5,29,855,46,0.000000,535,550,535,15,2.7273,GLOBAL_BEST,1,123,0,1398,679,85,73,0,2054.7945,0.0000,0,0,0,0,0,0
n012w8-0,n012w8,0,5,1000000,100.0,adaptive,2026-07-04T10:59:26+01:00,4,3,29,901,2,0.000000,1530,1570,1530,40,2.5478,LOCAL_BEST,0,123,311,1695,38,86,46,-44,8695.6522,0.0000,0,0,0,0,0,0
n012w8-0,n012w8,0,5,1000000,100.0,adaptive,2026-07-04T10:59:26+01:00,4,3,29,902,2,0.000000,1515,1530,1515,15,0.9804,LOCAL_BEST,0,123,311,1697,38,87,1,0,150000.0000,0.0000,0,0,0,0,0,0
n012w8-0,n012w8,0,5,1000000,100.0,adaptive,2026-07-04T10:59:26+01:00,4,3,29,903,2,0.000000,1395,1515,1395,120,7.9208,LOCAL_BEST,0,123,311,1698,38,88,1,0,1200000.0000,0.0000,0,0,0,0,0,0
n012w8-0,n012w8,0,5,1000000,100.0,adaptive,2026-07-04T10:59:26+01:00,4,1,29,2015,4,97.255910,910,1000,910,90,9.0000,GLOBAL_BEST,0,123,502,3610,606,89,1112,2,809.3525,45000.0000,0,0,0,0,0,0
n012w8-0,n012w8,0,5,1000000,100.0,adaptive,2026-07-04T10:59:26+01:00,4,8,29,2290,90,0.000000,310,325,310,15,4.6154,GLOBAL_BEST,3,123,0,3601,2071,90,275,86,545.4545,174.4186,0,0,0,0,0,0
n012w8-0,n012w8,0,5,1000000,100.0,adaptive,2026-07-04T10:59:26+01:00,4,5,29,2612,49,0.000000,505,535,505,30,5.6075,GLOBAL_BEST,1,123,0,4288,2140,91,322,-41,931.6770,0.0000,0,0,0,0,0,0
n012w8-0,n012w8,0,5,1000000,100.0,adaptive,2026-07-04T10:59:26+01:00,4,2,29,2773,5,0.000000,1205,1255,1205,50,3.9841,LOCAL_BEST,0,123,0,5158,304,92,161,-44,3105.5901,0.0000,0,0,0,0,0,0
n012w8-0,n012w8,0,5,1000000,100.0,adaptive,2026-07-04T10:59:26+01:00,4,3,29,4366,8,0.000000,1335,1395,1335,60,4.3011,LOCAL_BEST,0,123,1602,8082,171,93,1593,3,376.6478,20000.0000,0,0,0,0,0,0
n012w8-0,n012w8,0,5,1000000,100.0,adaptive,2026-07-04T10:59:26+01:00,4,3,29,4368,8,0.000000,1290,1335,1290,45,3.3708,LOCAL_BEST,0,123,1602,8084,171,94,2,0,225000.0000,0.0000,0,0,0,0,0,0
n012w8-0,n012w8,0,5,1000000,100.0,adaptive,2026-07-04T10:59:26+01:00,4,5,29,4764,51,0.000000,485,505,485,20,3.9604,GLOBAL_BEST,1,123,0,7891,3849,95,396,43,505.0505,465.1163,0,0,0,0,0,0
n012w8-0,n012w8,0,5,1000000,100.0,adaptive,2026-07-04T10:59:26+01:00,4,5,29,5461,52,0.000000,455,485,455,30,6.1856,GLOBAL_BEST,1,123,0,8977,4399,96,697,1,430.4161,30000.0000,0,0,0,0,0,0
n012w8-0,n012w8,0,5,1000000,100.0,adaptive,2026-07-04T10:59:26+01:00,4,2,29,6056,10,0.000000,1185,1205,1185,20,1.6598,LOCAL_BEST,0,123,0,11404,1233,97,595,-42,336.1345,0.0000,0,0,0,0,0,0
n012w8-0,n012w8,0,5,1000000,100.0,adaptive,2026-07-04T10:59:26+01:00,4,8,29,6886,96,0.000000,265,310,265,45,14.5161,GLOBAL_BEST,3,123,0,10605,6274,98,830,86,542.1687,523.2558,0,0,0,0,0,0
n012w8-0,n012w8,0,5,1000000,100.0,adaptive,2026-07-04T10:59:26+01:00,4,2,29,7765,13,0.000000,1175,1185,1175,10,0.8439,LOCAL_BEST,0,123,0,14431,1891,99,879,-83,113.7656,0.0000,0,0,0,0,0,0
n012w8-0,n012w8,0,5,1000000,100.0,adaptive,2026-07-04T10:59:26+01:00,4,2,29,7769,13,0.000000,1160,1175,1160,15,1.2766,LOCAL_BEST,0,123,0,14443,1893,100,4,0,37500.0000,0.0000,0,0,0,0,0,0
n012w8-0,n012w8,0,5,1000000,100.0,adaptive,2026-07-04T10:59:26+01:00,4,2,29,8421,14,0.000000,1140,1160,1140,20,1.7241,LOCAL_BEST,0,123,0,15690,2146,101,652,1,306.7485,20000.0000,0,0,0,0,0,0
n012w8-0,n012w8,0,5,1000000,100.0,adaptive,2026-07-04T10:59:26+01:00,4,2,29,8425,14,0.000000,1125,1140,1125,15,1.3158,LOCAL_BEST,0,123,0,15691,2146,102,4,0,37500.0000,0.0000,0,0,0,0,0,0
n012w8-0,n012w8,0,5,1000000,100.0,adaptive,2026-07-04T10:59:26+01:00,4,5,29,8793,57,0.000000,400,455,400,55,12.0879,GLOBAL_BEST,1,123,0,14073,7074,103,368,43,1494.5652,1279.0698,0,0,0,0,0,0
n012w8-0,n012w8,0,5,1000000,100.0,adaptive,2026-07-04T10:59:26+01:00,4,5,29,8958,57,0.000000,370,400,370,30,7.5000,GLOBAL_BEST,1,123,0,14353,7203,104,165,0,1818.1818,0.0000,0,0,0,0,0,0
n012w8-0,n012w8,0,5,1000000,100.0,adaptive,2026-07-04T10:59:26+01:00,4,2,29,9971,15,0.000000,1105,1125,1105,20,1.7778,LOCAL_BEST,0,123,0,18320,2842,105,1013,-42,197.4334,0.0000,0,0,0,0,0,0
n012w8-0,n012w8,0,5,1000000,100.0,adaptive,2026-07-04T10:59:26+01:00,4,2,29,9974,15,0.000000,1065,1105,1065,40,3.6199,LOCAL_BEST,0,123,0,18327,2844,106,3,0,133333.3333,0.0000,0,0,0,0,0,0
n012w8-0,n012w8,0,5,1000000,100.0,adaptive,2026-07-04T10:59:26+01:00,4,2,29,10769,16,0.000000,1030,1065,1030,35,3.2864,LOCAL_BEST,0,123,0,19665,3262,107,795,1,440.2516,35000.0000,0,0,0,0,0,0
n012w8-0,n012w8,0,5,1000000,100.0,adaptive,2026-07-04T10:59:26+01:00,4,2,29,10770,16,0.000000,1000,1030,1000,30,2.9126,LOCAL_BEST,0,123,0,19666,3262,108,1,0,300000.0000,0.0000,0,0,0,0,0,0
n012w8-0,n012w8,0,5,1000000,100.0,adaptive,2026-07-04T10:59:26+01:00,4,8,29,13146,104,0.000000,255,265,255,10,3.7736,GLOBAL_BEST,3,123,0,20105,11996,109,2376,88,42.0875,113.6364,0,0,0,0,0,0
n012w8-0,n012w8,0,5,1000000,100.0,adaptive,2026-07-04T10:59:26+01:00,4,2,29,13186,20,0.000000,960,1000,960,40,4.0000,LOCAL_BEST,0,123,0,23748,4456,110,40,-84,10000.0000,0.0000,0,0,0,0,0,0
n012w8-0,n012w8,0,5,1000000,100.0,adaptive,2026-07-04T10:59:26+01:00,4,2,29,13188,20,0.000000,915,960,915,45,4.6875,LOCAL_BEST,0,123,0,23753,4457,111,2,0,225000.0000,0.0000,0,0,0,0,0,0
n012w8-0,n012w8,0,5,1000000,100.0,adaptive,2026-07-04T10:59:26+01:00,4,2,29,13189,20,0.000000,885,915,885,30,3.2787,GLOBAL_BEST,0,123,0,23753,4457,112,1,0,300000.0000,0.0000,0,0,0,0,0,0
n012w8-0,n012w8,0,5,1000000,100.0,adaptive,2026-07-04T10:59:26+01:00,4,3,29,13498,21,0.000000,1275,1290,1275,15,1.1628,LOCAL_BEST,0,123,4993,25380,578,113,309,1,485.4369,15000.0000,0,0,0,0,0,0
n012w8-0,n012w8,0,5,1000000,100.0,adaptive,2026-07-04T10:59:26+01:00,4,1,29,13652,21,82.812139,840,910,840,70,7.6923,GLOBAL_BEST,0,123,3305,23981,4738,114,154,0,4545.4545,0.0000,0,0,0,0,0,0
n012w8-0,n012w8,0,5,1000000,100.0,adaptive,2026-07-04T10:59:26+01:00,4,1,29,13663,21,82.799554,795,840,795,45,5.3571,GLOBAL_BEST,0,123,3305,23995,4747,115,11,0,40909.0909,0.0000,0,0,0,0,0,0
n012w8-0,n012w8,0,5,1000000,100.0,adaptive,2026-07-04T10:59:26+01:00,4,1,29,13665,21,82.797267,765,795,765,30,3.7736,GLOBAL_BEST,0,123,3305,24003,4748,116,2,0,150000.0000,0.0000,0,0,0,0,0,0
n012w8-0,n012w8,0,5,1000000,100.0,adaptive,2026-07-04T10:59:26+01:00,4,5,29,14880,65,0.000000,360,370,360,10,2.7027,GLOBAL_BEST,1,123,0,24040,12086,117,1215,44,82.3045,227.2727,0,0,0,0,0,0
n012w8-0,n012w8,0,5,1000000,100.0,adaptive,2026-07-04T10:59:26+01:00,4,2,29,17036,26,0.000000,840,885,840,45,5.0847,LOCAL_BEST,0,123,0,30563,6581,118,2156,-39,208.7199,0.0000,0,0,0,0,0,0
n012w8-0,n012w8,0,5,1000000,100.0,adaptive,2026-07-04T10:59:26+01:00,4,8,29,17304,109,0.000000,250,255,250,5,1.9608,GLOBAL_BEST,3,123,0,26273,15720,119,268,83,186.5672,60.2410,0,0,0,0,0,0
n012w8-0,n012w8,0,5,1000000,100.0,adaptive,2026-07-04T10:59:26+01:00,4,1,29,18584,29,77.357424,735,765,735,30,3.9216,GLOBAL_BEST,0,123,4410,32904,6676,120,1280,-80,234.3750,0.0000,0,0,0,0,0,0
n012w8-0,n012w8,0,5,1000000,100.0,adaptive,2026-07-04T10:59:26+01:00,4,1,29,20139,31,75.713269,705,735,705,30,4.0816,GLOBAL_BEST,0,123,4729,35717,7329,121,1555,2,192.9260,15000.0000,0,0,0,0,0,0
n012w8-0,n012w8,0,5,1000000,100.0,adaptive,2026-07-04T10:59:26+01:00,4,8,29,20658,113,0.000000,235,250,235,15,6.0000,GLOBAL_BEST,3,123,0,31368,18795,122,519,82,289.0173,182.9268,0,0,0,0,0,0
n012w8-0,n012w8,0,5,1000000,100.0,adaptive,2026-07-04T10:59:26+01:00,4,2,29,22165,33,0.000000,780,840,780,60,7.1429,LOCAL_BEST,0,123,0,39319,9624,123,1507,-80,398.1420,0.0000,0,0,0,0,0,0
n012w8-0,n012w8,0,5,1000000,100.0,adaptive,2026-07-04T10:59:26+01:00,4,2,29,22167,33,0.000000,705,780,705,75,9.6154,LOCAL_BEST,0,123,0,39323,9624,124,2,0,375000.0000,0.0000,0,0,0,0,0,0
n012w8-0,n012w8,0,5,1000000,100.0,adaptive,2026-07-04T10:59:26+01:00,4,8,29,23105,116,0.000000,225,235,225,10,4.2553,GLOBAL_BEST,3,123,0,35138,21066,125,938,83,106.6098,120.4819,0,0,0,0,0,0
n012w8-0,n012w8,0,5,1000000,100.0,adaptive,2026-07-04T10:59:26+01:00,4,8,29,23109,116,0.000000,210,225,210,15,6.6667,GLOBAL_BEST,3,123,0,35140,21069,126,4,0,37500.0000,0.0000,0,0,0,0,0,0
n012w8-0,n012w8,0,5,1000000,100.0,adaptive,2026-07-04T10:59:26+01:00,4,5,29,28053,82,0.000000,355,360,355,5,1.3889,GLOBAL_BEST,1,123,0,44749,23310,127,4944,-34,10.1133,0.0000,0,0,0,0,0,0
n012w8-0,n012w8,0,5,1000000,100.0,adaptive,2026-07-04T10:59:26+01:00,4,5,29,29086,84,0.000000,325,355,325,30,8.4507,GLOBAL_BEST,1,123,0,46363,24193,128,1033,2,290.4163,15000.0000,0,0,0,0,0,0
n012w8-0,n012w8,0,5,1000000,100.0,adaptive,2026-07-04T10:59:26+01:00,4,2,29,30575,45,0.000000,675,705,675,30,4.2553,GLOBAL_BEST,0,123,0,53520,14882,129,1489,-39,201.4775,0.0000,0,0,0,0,0,0
n012w8-0,n012w8,0,5,1000000,100.0,adaptive,2026-07-04T10:59:26+01:00,4,2,29,32222,47,0.000000,660,675,660,15,2.2222,LOCAL_BEST,0,123,0,56233,15998,130,1647,2,91.0747,7500.0000,0,0,0,0,0,0
n012w8-0,n012w8,0,5,1000000,100.0,adaptive,2026-07-04T10:59:26+01:00,4,2,29,32265,47,0.000000,645,660,645,15,2.2727,LOCAL_BEST,0,123,0,56309,16029,131,43,0,3488.3721,0.0000,0,0,0,0,0,0
n012w8-0,n012w8,0,5,1000000,100.0,adaptive,2026-07-04T10:59:26+01:00,4,2,29,33583,49,0.000000,615,645,615,30,4.6512,LOCAL_BEST,0,123,0,58528,16937,132,1318,2,227.6176,15000.0000,0,0,0,0,0,0
n012w8-0,n012w8,0,5,1000000,100.0,adaptive,2026-07-04T10:59:26+01:00,4,5,29,34498,91,0.000000,315,325,315,10,3.0769,LOCAL_BEST,1,123,0,54596,28913,133,915,42,109.2896,238.0952,0,0,0,0,0,0
n012w8-0,n012w8,0,5,1000000,100.0,adaptive,2026-07-04T10:59:26+01:00,4,2,29,37290,54,0.000000,570,615,570,45,7.3171,LOCAL_BEST,0,123,0,64704,19635,134,2792,-37,161.1748,0.0000,0,0,0,0,0,0
n012w8-0,n012w8,0,5,1000000,100.0,adaptive,2026-07-04T10:59:26+01:00,4,5,29,37916,95,0.000000,280,315,280,35,11.1111,GLOBAL_BEST,1,123,0,59830,31953,135,626,41,559.1054,853.6585,0,0,0,0,0,0
n012w8-0,n012w8,0,5,1000000,100.0,adaptive,2026-07-04T10:59:26+01:00,4,8,29,38640,135,0.000000,195,210,195,15,7.1429,GLOBAL_BEST,3,123,0,58830,35239,136,724,40,207.1823,375.0000,0,0,0,0,0,0
n012w8-0,n012w8,0,5,1000000,100.0,adaptive,2026-07-04T10:59:26+01:00,4,2,29,40936,60,0.000000,565,570,565,5,0.8772,LOCAL_BEST,0,123,0,70496,22253,137,2296,-75,21.7770,0.0000,0,0,0,0,0,0
n012w8-0,n012w8,0,5,1000000,100.0,adaptive,2026-07-04T10:59:26+01:00,4,1,29,41242,62,56.565809,700,705,700,5,0.7092,LOCAL_BEST,0,123,8864,71723,17082,138,306,2,163.3987,2500.0000,0,0,0,0,0,0
n012w8-0,n012w8,0,5,1000000,100.0,adaptive,2026-07-04T10:59:26+01:00,4,2,29,41980,61,0.000000,555,565,555,10,1.7699,LOCAL_BEST,0,123,0,72186,23001,139,738,-1,135.5014,0.0000,0,0,0,0,0,0
n012w8-0,n012w8,0,5,1000000,100.0,adaptive,2026-07-04T10:59:26+01:00,4,3,29,44031,68,0.000000,1230,1275,1230,45,3.5294,LOCAL_BEST,0,123,16476,82167,1799,140,2051,7,219.4052,6428.5714,0,0,0,0,0,0
n012w8-0,n012w8,0,5,1000000,100.0,adaptive,2026-07-04T10:59:26+01:00,4,4,29,47463,116,51.907247,660,675,660,15,2.2222,LOCAL_BEST,1,123,9655,82332,20900,141,3432,48,43.7063,312.5000,0,0,0,0,0,0
n012w8-0,n012w8,0,5,1000000,100.0,adaptive,2026-07-04T10:59:26+01:00,4,4,29,47475,116,51.898643,645,660,645,15,2.2727,LOCAL_BEST,1,123,9655,82360,20911,142,12,0,12500.0000,0.0000,0,0,0,0,0,0
n012w8-0,n012w8,0,5,1000000,100.0,adaptive,2026-07-04T10:59:26+01:00,4,2,29,48054,69,0.000000,535,555,535,20,3.6036,LOCAL_BEST,0,123,0,81884,27712,143,579,-47,345.4231,0.0000,0,0,0,0,0,0
n012w8-0,n012w8,0,5,1000000,100.0,adaptive,2026-07-04T10:59:26+01:00,4,2,29,48107,69,0.000000,520,535,520,15,2.8037,LOCAL_BEST,0,123,0,81963,27755,144,53,0,2830.1887,0.0000,0,0,0,0,0,0
n012w8-0,n012w8,0,5,1000000,100.0,adaptive,2026-07-04T10:59:26+01:00,4,5,29,51628,116,0.000000,270,280,270,10,3.5714,LOCAL_BEST,1,123,0,80483,44372,145,3521,47,28.4010,212.7660,0,0,0,0,0,0
n012w8-0,n012w8,0,5,1000000,100.0,adaptive,2026-07-04T10:59:26+01:00,4,1,29,52443,78,48.456049,690,700,690,10,1.4286,LOCAL_BEST,0,123,10727,90589,23036,146,815,-38,122.6994,0.0000,0,0,0,0,0,0
n012w8-0,n012w8,0,5,1000000,100.0,adaptive,2026-07-04T10:59:26+01:00,4,2,29,54262,78,0.000000,480,520,480,40,7.6923,LOCAL_BEST,0,123,0,91883,32660,147,1819,0,219.9010,0.0000,0,0,0,0,0,0
n012w8-0,n012w8,0,5,1000000,100.0,adaptive,2026-07-04T10:59:26+01:00,4,2,29,54263,78,0.000000,465,480,465,15,3.1250,LOCAL_BEST,0,123,0,91886,32660,148,1,0,150000.0000,0.0000,0,0,0,0,0,0
n012w8-0,n012w8,0,5,1000000,100.0,adaptive,2026-07-04T10:59:26+01:00,4,4,29,56008,129,46.127296,630,645,630,15,2.3256,LOCAL_BEST,1,123,10937,96949,25727,149,1745,51,85.9599,294.1176,0,0,0,0,0,0
n012w8-0,n012w8,0,5,1000000,100.0,adaptive,2026-07-04T10:59:26+01:00,4,1,29,56047,84,46.102449,685,690,685,5,0.7246,LOCAL_BEST,0,123,11230,96652,25200,150,39,-45,1282.0513,0.0000,0,0,0,0,0,0
n012w8-0,n012w8,0,5,1000000,100.0,adaptive,2026-07-04T10:59:26+01:00,4,1,29,56113,84,46.060431,625,685,625,60,8.7591,LOCAL_BEST,0,123,11239,96797,25238,151,66,0,9090.9091,0.0000,0,0,0,0,0,0
n012w8-0,n012w8,0,5,1000000,100.0,adaptive,2026-07-04T10:59:26+01:00,4,1,29,56114,84,46.059795,565,625,565,60,9.6000,LOCAL_BEST,0,123,11239,96798,25238,152,1,0,600000.0000,0.0000,0,0,0,0,0,0
n012w8-0,n012w8,0,5,1000000,100.0,adaptive,2026-07-04T10:59:26+01:00,4,2,29,56542,81,0.000000,445,465,445,20,4.3011,LOCAL_BEST,0,123,0,95601,34433,153,428,-3,467.2897,0.0000,0,0,0,0,0,0
n012w8-0,n012w8,0,5,1000000,100.0,adaptive,2026-07-04T10:59:26+01:00,4,4,29,56827,130,45.608312,570,630,570,60,9.5238,LOCAL_BEST,1,123,11048,98321,26247,154,285,49,2105.2632,1224.4898,0,0,0,0,0,0
n012w8-0,n012w8,0,5,1000000,100.0,adaptive,2026-07-04T10:59:26+01:00,4,5,29,60183,129,0.000000,265,270,265,5,1.8519,LOCAL_BEST,1,123,0,93201,52028,155,3356,-1,14.8987,0.0000,0,0,0,0,0,0
n012w8-0,n012w8,0,5,1000000,100.0,adaptive,2026-07-04T10:59:26+01:00,4,5,29,63627,133,0.000000,250,265,250,15,5.6604,LOCAL_BEST,1,123,0,98524,55051,156,3444,4,43.5540,3750.0000,0,0,0,0,0,0
n012w8-0,n012w8,0,5,1000000,100.0,adaptive,2026-07-04T10:59:26+01:00,4,5,29,65256,135,0.000000,240,250,240,10,4.0000,LOCAL_BEST,1,123,0,100988,56435,157,1629,2,61.3874,5000.0000,0,0,0,0,0,0
n012w8-0,n012w8,0,5,1000000,100.0,adaptive,2026-07-04T10:59:26+01:00,4,5,29,65404,135,0.000000,225,240,225,15,6.2500,LOCAL_BEST,1,123,0,101193,56562,158,148,0,1013.5135,0.0000,0,0,0,0,0,0
n012w8-0,n012w8,0,5,1000000,100.0,adaptive,2026-07-04T10:59:26+01:00,4,4,29,67848,151,39.166792,565,570,565,5,0.8772,LOCAL_BEST,1,123,12336,116457,33357,159,2444,16,20.4583,312.5000,0,0,0,0,0,0
n012w8-0,n012w8,0,5,1000000,100.0,adaptive,2026-07-04T10:59:26+01:00,4,4,29,67851,151,39.165169,550,565,550,15,2.6549,LOCAL_BEST,1,123,12336,116457,33358,160,3,0,50000.0000,0.0000,0,0,0,0,0,0
n012w8-0,n012w8,0,5,1000000,100.0,adaptive,2026-07-04T10:59:26+01:00,4,4,29,68702,152,38.707400,505,550,505,45,8.1818,LOCAL_BEST,1,123,12428,117979,33954,161,851,1,528.7897,45000.0000,0,0,0,0,0,0
n012w8-0,n012w8,0,5,1000000,100.0,adaptive,2026-07-04T10:59:26+01:00,4,4,29,68733,152,38.690826,490,505,490,15,2.9703,LOCAL_BEST,1,123,12431,118028,33977,162,31,0,4838.7097,0.0000,0,0,0,0,0,0
n012w8-0,n012w8,0,5,1000000,100.0,adaptive,2026-07-04T10:59:26+01:00,4,4,29,68764,152,38.674259,475,490,475,15,3.0612,LOCAL_BEST,1,123,12432,118078,34001,163,31,0,4838.7097,0.0000,0,0,0,0,0,0
n012w8-0,n012w8,0,5,1000000,100.0,adaptive,2026-07-04T10:59:26+01:00,4,2,29,69743,102,0.000000,415,445,415,30,6.7416,LOCAL_BEST,0,123,0,116914,45358,164,979,-50,306.4351,0.0000,0,0,0,0,0,0
n012w8-0,n012w8,0,5,1000000,100.0,adaptive,2026-07-04T10:59:26+01:00,4,2,29,69746,102,0.000000,400,415,400,15,3.6145,LOCAL_BEST,0,123,0,116919,45360,165,3,0,50000.0000,0.0000,0,0,0,0,0,0
n012w8-0,n012w8,0,5,1000000,100.0,adaptive,2026-07-04T10:59:26+01:00,4,2,29,72547,109,0.000000,380,400,380,20,5.0000,LOCAL_BEST,0,123,0,121490,47727,166,2801,7,71.4031,2857.1429,0,0,0,0,0,0
n012w8-0,n012w8,0,5,1000000,100.0,adaptive,2026-07-04T10:59:26+01:00,4,4,29,73677,159,36.136326,460,475,460,15,3.1579,LOCAL_BEST,1,123,12971,126176,37279,167,1130,50,132.7434,300.0000,0,0,0,0,0,0
n012w8-0,n012w8,0,5,1000000,100.0,adaptive,2026-07-04T10:59:26+01:00,4,1,29,75848,111,35.068565,540,565,540,25,4.4248,LOCAL_BEST,0,123,13529,130306,37921,168,2171,-48,115.1543,0.0000,0,0,0,0,0,0
n012w8-0,n012w8,0,5,1000000,100.0,adaptive,2026-07-04T10:59:26+01:00,4,2,29,76867,114,0.000000,370,380,370,10,2.6316,LOCAL_BEST,0,123,0,128199,51446,169,1019,3,98.1354,3333.3333,0,0,0,0,0,0
n012w8-0,n012w8,0,5,1000000,100.0,adaptive,2026-07-04T10:59:26+01:00,4,1,29,77375,114,34.336498,510,540,510,30,5.5556,LOCAL_BEST,0,123,13672,132939,38991,170,508,0,590.5512,0.0000,0,0,0,0,0,0
n012w8-0,n012w8,0,5,1000000,100.0,adaptive,2026-07-04T10:59:26+01:00,4,1,29,77388,114,34.330332,495,510,495,15,2.9412,LOCAL_BEST,0,123,13672,132950,39003,171,13,0,11538.4615,0.0000,0,0,0,0,0,0
n012w8-0,n012w8,0,5,1000000,100.0,adaptive,2026-07-04T10:59:26+01:00,4,1,29,77400,114,34.324641,435,495,435,60,12.1212,LOCAL_BEST,0,123,13672,132970,39012,172,12,0,50000.0000,0.0000,0,0,0,0,0,0
n012w8-0,n012w8,0,5,1000000,100.0,adaptive,2026-07-04T10:59:26+01:00,4,3,29,77511,118,0.000000,1170,1230,1170,60,4.8780,LOCAL_BEST,0,123,28946,145265,3170,173,111,4,5405.4054,15000.0000,0,0,0,0,0,0
n012w8-0,n012w8,0,5,1000000,100.0,adaptive,2026-07-04T10:59:26+01:00,4,2,29,81749,122,0.000000,320,370,320,50,13.5135,LOCAL_BEST,0,123,0,136200,55651,174,4238,4,117.9802,12500.0000,0,0,0,0,0,0
n012w8-0,n012w8,0,5,1000000,100.0,adaptive,2026-07-04T10:59:26+01:00,4,8,29,84348,194,0.000000,190,195,190,5,2.5641,GLOBAL_BEST,3,123,0,126337,77704,175,2599,72,19.2382,69.4444,0,0,0,0,0,0
n012w8-0,n012w8,0,5,1000000,100.0,adaptive,2026-07-04T10:59:26+01:00,4,2,29,87282,129,0.000000,315,320,315,5,1.5625,LOCAL_BEST,0,123,0,144949,60449,176,2934,-65,17.0416,0.0000,0,0,0,0,0,0
n012w8-0,n012w8,0,5,1000000,100.0,adaptive,2026-07-04T10:59:26+01:00,4,2,29,87556,129,0.000000,300,315,300,15,4.7619,LOCAL_BEST,0,123,0,145427,60678,177,274,0,547.4453,0.0000,0,0,0,0,0,0
n012w8-0,n012w8,0,5,1000000,100.0,adaptive,2026-07-04T10:59:26+01:00,4,4,29,87679,183,29.780501,455,460,455,5,1.0870,LOCAL_BEST,1,123,14183,148723,47306,178,123,54,406.5041,92.5926,0,0,0,0,0,0
n012w8-0,n012w8,0,5,1000000,100.0,adaptive,2026-07-04T10:59:26+01:00,4,4,29,87703,183,29.770628,445,455,445,10,2.1978,LOCAL_BEST,1,123,14187,148759,47324,179,24,0,4166.6667,0.0000,0,0,0,0,0,0
n012w8-0,n012w8,0,5,1000000,100.0,adaptive,2026-07-04T10:59:26+01:00,4,8,29,87739,200,0.000000,175,190,175,15,7.8947,LOCAL_BEST,3,123,0,131099,80806,180,36,17,4166.6667,882.3529,0,0,0,0,0,0
n012w8-0,n012w8,0,5,1000000,100.0,adaptive,2026-07-04T10:59:26+01:00,4,4,29,88104,183,29.606154,430,445,430,15,3.3708,LOCAL_BEST,1,123,14207,149386,47652,181,365,-17,410.9589,0.0000,0,0,0,0,0,0
n012w8-0,n012w8,0,5,1000000,100.0,adaptive,2026-07-04T10:59:26+01:00,4,4,29,88395,185,29.487367,375,430,375,55,12.7907,LOCAL_BEST,1,123,14227,149848,47892,182,291,2,1890.0344,27500.0000,0,0,0,0,0,0
n012w8-0,n012w8,0,5,1000000,100.0,adaptive,2026-07-04T10:59:26+01:00,4,1,29,89999,131,28.841112,415,435,415,20,4.5977,LOCAL_BEST,0,123,14768,153582,48065,183,1604,-54,124.6883,0.0000,0,0,0,0,0,0
n012w8-0,n012w8,0,5,1000000,100.0,adaptive,2026-07-04T10:59:26+01:00,4,1,29,90009,131,28.837128,385,415,385,30,7.2289,LOCAL_BEST,0,123,14768,153602,48074,184,10,0,30000.0000,0.0000,0,0,0,0,0,0
n012w8-0,n012w8,0,5,1000000,100.0,adaptive,2026-07-04T10:59:26+01:00,4,1,29,92420,135,27.892407,360,385,360,25,6.4935,LOCAL_BEST,0,123,14921,157609,49981,185,2411,4,103.6914,6250.0000,0,0,0,0,0,0
n012w8-0,n012w8,0,5,1000000,100.0,adaptive,2026-07-04T10:59:26+01:00,4,7,29,93274,233,27.565254,340,355,340,15,4.2254,LOCAL_BEST,2,123,14469,158810,51675,186,854,98,175.6440,153.0612,0,0,0,0,0,0
n012w8-0,n012w8,0,5,1000000,100.0,adaptive,2026-07-04T10:59:26+01:00,4,7,29,93356,233,27.534044,330,340,330,10,2.9412,LOCAL_BEST,2,123,14471,158941,51753,187,82,0,1219.5122,0.0000,0,0,0,0,0,0
n012w8-0,n012w8,0,5,1000000,100.0,adaptive,2026-07-04T10:59:26+01:00,4,7,29,94226,234,27.205080,325,330,325,5,1.5152,LOCAL_BEST,2,123,14511,160346,52470,188,870,1,57.4713,5000.0000,0,0,0,0,0,0
n012w8-0,n012w8,0,5,1000000,100.0,adaptive,2026-07-04T10:59:26+01:00,4,7,29,94259,234,27.192679,310,325,310,15,4.6154,LOCAL_BEST,2,123,14511,160390,52502,189,33,0,4545.4545,0.0000,0,0,0,0,0,0
n012w8-0,n012w8,0,5,1000000,100.0,adaptive,2026-07-04T10:59:26+01:00,4,2,29,95654,139,0.000000,295,300,295,5,1.6667,LOCAL_BEST,0,123,0,157484,67754,190,1395,-95,35.8423,0.0000,0,0,0,0,0,0
n012w8-0,n012w8,0,5,1000000,100.0,adaptive,2026-07-04T10:59:26+01:00,4,1,29,97437,142,26.024596,345,360,345,15,4.1667,LOCAL_BEST,0,123,15224,165639,53966,191,1783,3,84.1279,5000.0000,0,0,0,0,0,0
n012w8-0,n012w8,0,5,1000000,100.0,adaptive,2026-07-04T10:59:26+01:00,4,1,29,97444,142,26.022080,285,345,285,60,17.3913,LOCAL_BEST,0,123,15224,165641,53972,192,7,0,85714.2857,0.0000,0,0,0,0,0,0
n012w8-0,n012w8,0,5,1000000,100.0,adaptive,2026-07-04T10:59:26+01:00,4,1,29,97461,142,26.015969,270,285,270,15,5.2632,LOCAL_BEST,0,123,15224,165662,53987,193,17,0,8823.5294,0.0000,0,0,0,0,0,0
n012w8-0,n012w8,0,5,1000000,100.0,adaptive,2026-07-04T10:59:26+01:00,4,1,29,97881,143,25.865448,255,270,255,15,5.5556,LOCAL_BEST,0,123,15242,166347,54333,194,420,1,357.1429,15000.0000,0,0,0,0,0,0
n012w8-0,n012w8,0,5,1000000,100.0,adaptive,2026-07-04T10:59:26+01:00,4,2,29,99354,144,0.000000,290,295,290,5,1.6949,LOCAL_BEST,0,123,0,163262,71008,195,1473,1,33.9443,5000.0000,0,0,0,0,0,0
n012w8-0,n012w8,0,5,1000000,100.0,adaptive,2026-07-04T10:59:26+01:00,4,2,29,100207,145,0.000000,275,290,275,15,5.1724,LOCAL_BEST,0,123,0,164667,71793,196,853,1,175.8499,15000.0000,0,0,0,0,0,0
n012w8-0,n012w8,0,5,1000000,100.0,adaptive,2026-07-04T10:59:26+01:00,4,2,29,100211,145,0.000000,260,275,260,15,5.4545,LOCAL_BEST,0,123,0,164679,71796,197,4,0,37500.0000,0.0000,0,0,0,0,0,0
n012w8-0,n012w8,0,5,1000000,100.0,adaptive,2026-07-04T10:59:26+01:00,4,4,29,102796,209,24.167404,370,375,370,5,1.3333,LOCAL_BEST,1,123,15265,172928,58897,198,2585,64,19.3424,78.1250,0,0,0,0,0,0
n012w8-0,n012w8,0,5,1000000,100.0,adaptive,2026-07-04T10:59:26+01:00,4,4,29,102839,209,24.153051,355,370,355,15,4.0541,LOCAL_BEST,1,123,15265,172975,58936,199,43,0,3488.3721,0.0000,0,0,0,0,0,0
n012w8-0,n012w8,0,5,1000000,100.0,adaptive,2026-07-04T10:59:26+01:00,4,4,29,105255,212,23.360170,340,355,340,15,4.2254,LOCAL_BEST,1,123,15367,176561,60951,200,2416,3,62.0861,5000.0000,0,0,0,0,0,0
n012w8-0,n012w8,0,5,1000000,100.0,adaptive,2026-07-04T10:59:26+01:00,4,5,29,106747,187,0.000000,210,225,210,15,6.6667,LOCAL_BEST,1,123,0,162934,94003,201,1492,-25,100.5362,0.0000,0,0,0,0,0,0
n012w8-0,n012w8,0,5,1000000,100.0,adaptive,2026-07-04T10:59:26+01:00,4,4,29,107870,216,22.531287,325,340,325,15,4.4118,LOCAL_BEST,1,123,15498,180710,63049,202,1123,29,133.5708,517.2414,0,0,0,0,0,0
n012w8-0,n012w8,0,5,1000000,100.0,adaptive,2026-07-04T10:59:26+01:00,4,4,29,107906,216,22.520084,310,325,310,15,4.6154,LOCAL_BEST,1,123,15498,180766,63081,203,36,0,4166.6667,0.0000,0,0,0,0,0,0
n012w8-0,n012w8,0,5,1000000,100.0,adaptive,2026-07-04T10:59:26+01:00,4,4,29,107950,216,22.506398,295,310,295,15,4.8387,LOCAL_BEST,1,123,15498,180843,63117,204,44,0,3409.0909,0.0000,0,0,0,0,0,0
n012w8-0,n012w8,0,5,1000000,100.0,adaptive,2026-07-04T10:59:26+01:00,4,7,29,112935,271,21.008546,280,310,280,30,9.6774,LOCAL_BEST,2,123,15508,190053,67569,205,4985,55,60.1805,545.4545,0,0,0,0,0,0
n012w8-0,n012w8,0,5,1000000,100.0,adaptive,2026-07-04T10:59:26+01:00,4,7,29,113256,272,20.915584,265,280,265,15,5.3571,LOCAL_BEST,2,123,15518,190512,67846,206,321,1,467.2897,15000.0000,0,0,0,0,0,0
n012w8-0,n012w8,0,5,1000000,100.0,adaptive,2026-07-04T10:59:26+01:00,4,2,29,120281,174,0.000000,245,260,245,15,5.7692,LOCAL_BEST,0,123,0,194718,90059,207,7025,-98,21.3523,0.0000,0,0,0,0,0,0
n012w8-0,n012w8,0,5,1000000,100.0,adaptive,2026-07-04T10:59:26+01:00,4,2,29,123352,180,0.000000,230,245,230,15,6.1224,LOCAL_BEST,0,123,0,199468,92901,208,3071,6,48.8440,2500.0000,0,0,0,0,0,0
n012w8-0,n012w8,0,5,1000000,100.0,adaptive,2026-07-04T10:59:26+01:00,4,5,29,124726,219,0.000000,195,210,195,15,7.1429,LOCAL_BEST,1,123,0,189033,110284,209,1374,39,109.1703,384.6154,0,0,0,0,0,0
n012w8-0,n012w8,0,5,1000000,100.0,adaptive,2026-07-04T10:59:26+01:00,4,2,29,128224,190,0.000000,215,230,215,15,6.5217,LOCAL_BEST,0,123,0,206669,97397,210,3498,-29,42.8816,0.0000,0,0,0,0,0,0
n012w8-0,n012w8,0,5,1000000,100.0,adaptive,2026-07-04T10:59:26+01:00,4,7,29,128229,295,17.007168,240,265,240,25,9.4340,LOCAL_BEST,2,123,16029,213580,80651,211,5,105,50000.0000,238.0952,0,0,0,0,0,0
n012w8-0,n012w8,0,5,1000000,100.0,adaptive,2026-07-04T10:59:26+01:00,4,7,29,128628,296,16.913676,225,240,225,15,6.2500,LOCAL_BEST,2,123,16036,214227,81018,212,399,1,375.9398,15000.0000,0,0,0,0,0,0
n012w8-0,n012w8,0,5,1000000,100.0,adaptive,2026-07-04T10:59:26+01:00,4,4,29,136335,259,15.205335,290,295,290,5,1.6949,LOCAL_BEST,1,123,16467,225433,87537,213,7707,-37,6.4876,0.0000,0,0,0,0,0,0
n012w8-0,n012w8,0,5,1000000,100.0,adaptive,2026-07-04T10:59:26+01:00,4,2,29,136523,207,0.000000,200,215,200,15,6.9767,LOCAL_BEST,0,123,0,219713,105149,214,188,-52,797.8723,0.0000,0,0,0,0,0,0
n012w8-0,n012w8,0,5,1000000,100.0,adaptive,2026-07-04T10:59:26+01:00,4,4,29,137176,259,15.029689,275,290,275,15,5.1724,LOCAL_BEST,1,123,16480,226647,88299,215,653,52,229.7090,288.4615,0,0,0,0,0,0
n012w8-0,n012w8,0,5,1000000,100.0,adaptive,2026-07-04T10:59:26+01:00,4,4,29,137469,261,14.968973,260,275,260,15,5.4545,LOCAL_BEST,1,123,16489,227026,88548,216,293,2,511.9454,7500.0000,0,0,0,0,0,0
n012w8-0,n012w8,0,5,1000000,100.0,adaptive,2026-07-04T10:59:26+01:00,4,4,29,137664,261,14.928700,245,260,245,15,5.7692,LOCAL_BEST,1,123,16493,227339,88722,217,195,0,769.2308,0.0000,0,0,0,0,0,0
n012w8-0,n012w8,0,5,1000000,100.0,adaptive,2026-07-04T10:59:26+01:00,4,1,29,141238,211,14.209474,245,255,245,10,3.9216,LOCAL_BEST,0,123,16832,233569,91032,218,3574,-50,27.9799,0.0000,0,0,0,0,0,0
n012w8-0,n012w8,0,5,1000000,100.0,adaptive,2026-07-04T10:59:26+01:00,4,1,29,144515,215,13.580508,235,245,235,10,4.0816,LOCAL_BEST,0,123,16885,238645,93971,219,3277,4,30.5157,2500.0000,0,0,0,0,0,0
n012w8-0,n012w8,0,5,1000000,100.0,adaptive,2026-07-04T10:59:26+01:00,4,1,29,145826,217,13.336750,220,235,220,15,6.3830,LOCAL_BEST,0,123,16902,240599,95154,220,1311,2,114.4165,7500.0000,0,0,0,0,0,0
n012w8-0,n012w8,0,5,1000000,100.0,adaptive,2026-07-04T10:59:26+01:00,4,1,29,147526,219,13.027168,205,220,205,15,6.8182,LOCAL_BEST,0,123,16929,242929,96725,221,1700,2,88.2353,7500.0000,0,0,0,0,0,0
n012w8-0,n012w8,0,5,1000000,100.0,adaptive,2026-07-04T10:59:26+01:00,4,4,29,150300,276,12.537357,240,245,240,5,2.0408,LOCAL_BEST,1,123,16695,246806,100258,222,2774,57,18.0245,87.7193,0,0,0,0,0,0
n012w8-0,n012w8,0,5,1000000,100.0,adaptive,2026-07-04T10:59:26+01:00,4,4,29,158231,287,11.236214,235,240,235,5,2.0833,LOCAL_BEST,1,123,16784,259079,107543,223,7931,11,6.3044,454.5455,0,0,0,0,0,0
n012w8-0,n012w8,0,5,1000000,100.0,adaptive,2026-07-04T10:59:26+01:00,4,4,29,158299,287,11.225663,205,235,205,30,12.7660,LOCAL_BEST,1,123,16786,259169,107604,224,68,0,4411.7647,0.0000,0,0,0,0,0,0
n012w8-0,n012w8,0,5,1000000,100.0,adaptive,2026-07-04T10:59:26+01:00,4,4,29,160514,290,10.887345,190,205,190,15,7.3171,LOCAL_BEST,1,123,16801,262369,109646,225,2215,3,67.7201,5000.0000,0,0,0,0,0,0
n012w8-0,n012w8,0,5,1000000,100.0,adaptive,2026-07-04T10:59:26+01:00,4,7,29,170597,366,9.471614,210,225,210,15,6.6667,LOCAL_BEST,2,123,16758,280145,118763,226,10083,76,14.8765,197.3684,0,0,0,0,0,0
n012w8-0,n012w8,0,5,1000000,100.0,adaptive,2026-07-04T10:59:26+01:00,4,7,29,176042,377,8.785247,205,210,205,5,2.3810,LOCAL_BEST,2,123,16799,288585,123715,227,5445,11,9.1827,454.5455,0,0,0,0,0,0
n012w8-0,n012w8,0,5,1000000,100.0,adaptive,2026-07-04T10:59:26+01:00,4,7,29,176239,377,8.761370,190,205,190,15,7.3171,LOCAL_BEST,2,123,16800,288868,123896,228,197,0,761.4213,0.0000,0,0,0,0,0,0
n012w8-0,n012w8,0,5,1000000,100.0,adaptive,2026-07-04T10:59:26+01:00,4,10,29,178780,418,8.459136,180,195,180,15,7.6923,LOCAL_BEST,4,123,17113,291763,125203,229,2541,41,59.0319,365.8537,0,0,0,0,0,0
n012w8-0,n012w8,0,5,1000000,100.0,adaptive,2026-07-04T10:59:26+01:00,4,7,29,181305,385,8.169134,180,190,180,10,5.2632,LOCAL_BEST,2,123,16836,296750,128586,230,2525,-33,39.6040,0.0000,0,0,0,0,0,0
n012w8-0,n012w8,0,5,1000000,100.0,adaptive,2026-07-04T10:59:26+01:00,4,7,29,182765,388,8.006008,165,180,165,15,8.3333,LOCAL_BEST,2,123,16844,298928,129960,231,1460,3,102.7397,5000.0000,0,0,0,0,0,0
n012w8-0,n012w8,0,5,1000000,100.0,adaptive,2026-07-04T10:59:26+01:00,4,7,29,183891,391,7.882428,150,165,150,15,9.0909,GLOBAL_BEST,2,123,16849,300712,131021,232,1126,3,133.2149,5000.0000,0,0,0,0,0,0
n012w8-0,n012w8,0,5,1000000,100.0,adaptive,2026-07-04T10:59:26+01:00,4,4,29,185640,331,7.694245,180,190,180,10,5.2632,LOCAL_BEST,1,123,17004,299844,132987,233,1749,-60,57.1755,0.0000,0,0,0,0,0,0
n012w8-0,n012w8,0,5,1000000,100.0,adaptive,2026-07-04T10:59:26+01:00,4,1,29,192713,299,6.977952,195,205,195,10,4.8780,LOCAL_BEST,0,123,17321,310924,138331,234,7073,-32,14.1383,0.0000,0,0,0,0,0,0
n012w8-0,n012w8,0,5,1000000,100.0,adaptive,2026-07-04T10:59:26+01:00,4,1,29,197930,310,6.492710,180,195,180,15,7.6923,LOCAL_BEST,0,123,17335,318847,143136,235,5217,11,28.7522,1363.6364,0,0,0,0,0,0
n012w8-0,n012w8,0,5,1000000,100.0,adaptive,2026-07-04T10:59:26+01:00,4,1,29,211078,331,5.414246,175,180,175,5,2.7778,LOCAL_BEST,0,123,17365,338388,155445,236,13148,21,3.8029,238.0952,0,0,0,0,0,0
n012w8-0,n012w8,0,5,1000000,100.0,adaptive,2026-07-04T10:59:26+01:00,4,1,29,216841,340,4.999885,165,175,165,10,5.7143,LOCAL_BEST,0,123,17379,346358,160925,237,5763,9,17.3521,1111.1111,0,0,0,0,0,0
n012w8-0,n012w8,0,5,1000000,100.0,adaptive,2026-07-04T10:59:26+01:00,4,7,29,233891,461,3.950518,180,150,150,0,0.0000,REHEAT,2,123,16995,377465,178211,238,17050,121,0.0000,0.0000,0,0,0,0,0,0
n012w8-0,n012w8,0,5,1000000,100.0,adaptive,2026-07-04T10:59:26+01:00,4,3,29,248500,452,0.000000,1160,1170,1160,10,0.8547,LOCAL_BEST,0,123,92785,462626,9986,239,14609,-9,6.8451,0.0000,0,0,0,0,0,0
n012w8-0,n012w8,0,5,1000000,100.0,adaptive,2026-07-04T10:59:26+01:00,4,3,29,248501,452,0.000000,1130,1160,1130,30,2.5862,LOCAL_BEST,0,123,92785,462626,9986,240,1,0,300000.0000,0.0000,0,0,0,0,0,0
n012w8-0,n012w8,0,5,1000000,100.0,adaptive,2026-07-04T10:59:26+01:00,4,3,29,248502,452,0.000000,1100,1130,1100,30,2.6549,LOCAL_BEST,0,123,92785,462626,9986,241,1,0,300000.0000,0.0000,0,0,0,0,0,0
n012w8-0,n012w8,0,5,1000000,100.0,adaptive,2026-07-04T10:59:26+01:00,4,7,29,283891,553,50.118723,1515,150,150,0,0.0000,REHEAT,2,123,27011,463427,200472,242,35389,101,0.0000,0.0000,0,0,0,0,0,0
n012w8-0,n012w8,0,5,1000000,100.0,adaptive,2026-07-04T10:59:26+01:00,4,7,29,333891,650,50.118723,1140,150,150,0,0.0000,REHEAT,2,123,37116,550223,222535,243,50000,97,0.0000,0.0000,0,0,0,0,0,0
n012w8-0,n012w8,0,5,1000000,100.0,adaptive,2026-07-04T10:59:26+01:00,4,7,29,383891,750,50.118723,1350,150,150,0,0.0000,REHEAT,2,123,47119,637757,244932,244,50000,100,0.0000,0.0000,0,0,0,0,0,0
n012w8-0,n012w8,0,5,1000000,100.0,adaptive,2026-07-04T10:59:26+01:00,4,7,29,433891,838,50.118723,1245,150,150,0,0.0000,REHEAT,2,123,57158,724244,266982,245,50000,88,0.0000,0.0000,0,0,0,0,0,0
n012w8-0,n012w8,0,5,1000000,100.0,adaptive,2026-07-04T10:59:26+01:00,4,7,29,483891,933,50.118723,990,150,150,0,0.0000,REHEAT,2,123,67156,810093,289313,246,50000,95,0.0000,0.0000,0,0,0,0,0,0
n012w8-0,n012w8,0,5,1000000,100.0,adaptive,2026-07-04T10:59:26+01:00,4,7,29,533891,1028,50.118723,1290,150,150,0,0.0000,REHEAT,2,123,77173,896909,311701,247,50000,95,0.0000,0.0000,0,0,0,0,0,0
n012w8-0,n012w8,0,5,1000000,100.0,adaptive,2026-07-04T10:59:26+01:00,4,3,29,570430,1090,0.000000,1065,1100,1065,35,3.1818,LOCAL_BEST,0,123,213081,1062449,23130,248,36539,62,9.5788,564.5161,0,0,0,0,0,0
n012w8-0,n012w8,0,5,1000000,100.0,adaptive,2026-07-04T10:59:26+01:00,4,7,29,583891,1140,50.118723,1335,150,150,0,0.0000,REHEAT,2,123,87217,984467,333860,249,13461,50,0.0000,0.0000,0,0,0,0,0,0
n012w8-0,n012w8,0,5,1000000,100.0,adaptive,2026-07-04T10:59:26+01:00,4,7,29,633891,1246,50.118723,1030,150,150,0,0.0000,REHEAT,2,123,97212,1070162,356162,250,50000,106,0.0000,0.0000,0,0,0,0,0,0
n012w8-0,n012w8,0,5,1000000,100.0,adaptive,2026-07-04T10:59:26+01:00,4,7,29,683891,1336,50.118723,1305,150,150,0,0.0000,REHEAT,2,123,107206,1156511,378341,251,50000,90,0.0000,0.0000,0,0,0,0,0,0
n012w8-0,n012w8,0,5,1000000,100.0,adaptive,2026-07-04T10:59:26+01:00,4,7,29,733891,1425,50.118723,985,150,150,0,0.0000,REHEAT,2,123,117251,1242553,400644,252,50000,89,0.0000,0.0000,0,0,0,0,0,0
n012w8-0,n012w8,0,5,1000000,100.0,adaptive,2026-07-04T10:59:26+01:00,4,7,29,783891,1517,50.118723,1000,150,150,0,0.0000,REHEAT,2,123,127244,1327890,422919,253,50000,92,0.0000,0.0000,0,0,0,0,0,0
n012w8-0,n012w8,0,5,1000000,100.0,adaptive,2026-07-04T10:59:26+01:00,4,7,29,833891,1598,50.118723,1120,150,150,0,0.0000,REHEAT,2,123,137305,1413944,445159,254,50000,81,0.0000,0.0000,0,0,0,0,0,0
n012w8-0,n012w8,0,5,1000000,100.0,adaptive,2026-07-04T10:59:26+01:00,4,7,29,883891,1686,50.118723,1390,150,150,0,0.0000,REHEAT,2,123,147286,1500831,467449,255,50000,88,0.0000,0.0000,0,0,0,0,0,0
n012w8-0,n012w8,0,5,1000000,100.0,adaptive,2026-07-04T10:59:26+01:00,4,7,29,933891,1772,50.118723,1335,150,150,0,0.0000,REHEAT,2,123,157383,1587998,489355,256,50000,86,0.0000,0.0000,0,0,0,0,0,0
n012w8-0,n012w8,0,5,1000000,100.0,adaptive,2026-07-04T10:59:26+01:00,4,7,29,983891,1851,50.118723,1050,150,150,0,0.0000,REHEAT,2,123,167324,1674876,511865,257,50000,79,0.0000,0.0000,0,0,0,0,0,0
n012w8-0,n012w8,0,5,1000000,100.0,adaptive,2026-07-04T10:59:26+01:00,5,1,56,1,1,100.000000,4215,4395,4215,180,4.0956,GLOBAL_BEST,0,123,0,0,0,1,1,1,1800000.0000,180000.0000,0,0,0,0,0,0
n012w8-0,n012w8,0,5,1000000,100.0,adaptive,2026-07-04T10:59:26+01:00,5,2,56,1,1,0.000000,4125,4395,4125,270,6.1433,LOCAL_BEST,0,123,0,4,0,2,0,0,0.0000,0.0000,0,0,0,0,0,0
n012w8-0,n012w8,0,5,1000000,100.0,adaptive,2026-07-04T10:59:26+01:00,5,4,56,1,45,100.000000,810,825,810,15,1.8182,GLOBAL_BEST,1,123,0,1,0,3,0,44,0.0000,340.9091,0,0,0,0,0,0
n012w8-0,n012w8,0,5,1000000,100.0,adaptive,2026-07-04T10:59:26+01:00,5,1,56,2,1,99.998618,4160,4215,4160,55,1.3049,GLOBAL_BEST,0,123,0,0,0,4,1,-44,550000.0000,0.0000,0,0,0,0,0,0
n012w8-0,n012w8,0,5,1000000,100.0,adaptive,2026-07-04T10:59:26+01:00,5,3,56,2,1,0.000000,4165,4395,4165,230,5.2332,LOCAL_BEST,0,123,1,1,0,5,0,0,0.0000,0.0000,0,0,0,0,0,0
n012w8-0,n012w8,0,5,1000000,100.0,adaptive,2026-07-04T10:59:26+01:00,5,1,56,3,1,99.997237,3870,4160,3870,290,6.9712,GLOBAL_BEST,0,123,0,4,0,6,1,0,2900000.0000,0.0000,0,0,0,0,0,0
n012w8-0,n012w8,0,5,1000000,100.0,adaptive,2026-07-04T10:59:26+01:00,5,3,56,3,1,0.000000,4015,4165,4015,150,3.6014,LOCAL_BEST,0,123,1,1,0,7,0,0,0.0000,0.0000,0,0,0,0,0,0
n012w8-0,n012w8,0,5,1000000,100.0,adaptive,2026-07-04T10:59:26+01:00,5,1,56,4,1,99.995855,3840,3870,3840,30,0.7752,GLOBAL_BEST,0,123,0,6,0,8,1,0,300000.0000,0.0000,0,0,0,0,0,0
n012w8-0,n012w8,0,5,1000000,100.0,adaptive,2026-07-04T10:59:26+01:00,5,1,56,5,1,99.994474,3750,3840,3750,90,2.3438,GLOBAL_BEST,0,123,0,6,0,9,1,0,900000.0000,0.0000,0,0,0,0,0,0
n012w8-0,n012w8,0,5,1000000,100.0,adaptive,2026-07-04T10:59:26+01:00,5,3,56,5,1,0.000000,3655,4015,3655,360,8.9664,GLOBAL_BEST,0,123,1,3,0,10,0,0,0.0000,0.0000,0,0,0,0,0,0
n012w8-0,n012w8,0,5,1000000,100.0,adaptive,2026-07-04T10:59:26+01:00,5,2,56,5,1,0.000000,3720,4125,3720,405,9.8182,LOCAL_BEST,0,123,0,13,0,11,0,0,0.0000,0.0000,0,0,0,0,0,0
n012w8-0,n012w8,0,5,1000000,100.0,adaptive,2026-07-04T10:59:26+01:00,5,3,56,6,1,0.000000,3565,3655,3565,90,2.4624,GLOBAL_BEST,0,123,1,3,0,12,1,0,900000.0000,0.0000,0,0,0,0,0,0
n012w8-0,n012w8,0,5,1000000,100.0,adaptive,2026-07-04T10:59:26+01:00,5,8,56,6,89,0.000000,475,490,475,15,3.0612,GLOBAL_BEST,3,123,0,6,4,13,0,88,0.0000,170.4545,0,0,0,0,0,0
n012w8-0,n012w8,0,5,1000000,100.0,adaptive,2026-07-04T10:59:26+01:00,5,1,56,7,1,99.991711,3570,3750,3570,180,4.8000,GLOBAL_BEST,0,123,0,9,1,14,1,-88,1800000.0000,0.0000,0,0,0,0,0,0
n012w8-0,n012w8,0,5,1000000,100.0,adaptive,2026-07-04T10:59:26+01:00,5,2,56,7,1,0.000000,3615,3720,3615,105,2.8226,LOCAL_BEST,0,123,0,18,0,15,0,0,0.0000,0.0000,0,0,0,0,0,0
n012w8-0,n012w8,0,5,1000000,100.0,adaptive,2026-07-04T10:59:26+01:00,5,1,56,9,1,99.988948,3420,3570,3420,150,4.2017,GLOBAL_BEST,0,123,0,14,1,16,2,0,750000.0000,0.0000,0,0,0,0,0,0
n012w8-0,n012w8,0,5,1000000,100.0,adaptive,2026-07-04T10:59:26+01:00,5,3,56,9,1,0.000000,3535,3565,3535,30,0.8415,LOCAL_BEST,0,123,1,10,0,17,0,0,0.0000,0.0000,0,0,0,0,0,0
n012w8-0,n012w8,0,5,1000000,100.0,adaptive,2026-07-04T10:59:26+01:00,5,2,56,9,1,0.000000,3495,3615,3495,120,3.3195,LOCAL_BEST,0,123,0,22,0,18,0,0,0.0000,0.0000,0,0,0,0,0,0
n012w8-0,n012w8,0,5,1000000,100.0,adaptive,2026-07-04T10:59:26+01:00,5,3,56,11,1,0.000000,3355,3535,3355,180,5.0919,GLOBAL_BEST,0,123,1,16,0,19,2,0,900000.0000,0.0000,0,0,0,0,0,0
n012w8-0,n012w8,0,5,1000000,100.0,adaptive,2026-07-04T10:59:26+01:00,5,1,56,11,1,99.986185,2940,3420,2940,480,14.0351,GLOBAL_BEST,0,123,0,15,1,20,0,0,0.0000,0.0000,0,0,0,0,0,0
n012w8-0,n012w8,0,5,1000000,100.0,adaptive,2026-07-04T10:59:26+01:00,5,2,56,11,1,0.000000,3305,3495,3305,190,5.4363,LOCAL_BEST,0,123,0,22,0,21,0,0,0.0000,0.0000,0,0,0,0,0,0
n012w8-0,n012w8,0,5,1000000,100.0,adaptive,2026-07-04T10:59:26+01:00,5,2,56,12,1,0.000000,3155,3305,3155,150,4.5386,LOCAL_BEST,0,123,0,23,0,22,1,0,1500000.0000,0.0000,0,0,0,0,0,0
n012w8-0,n012w8,0,5,1000000,100.0,adaptive,2026-07-04T10:59:26+01:00,5,2,56,13,1,0.000000,2975,3155,2975,180,5.7052,LOCAL_BEST,0,123,0,23,0,23,1,0,1800000.0000,0.0000,0,0,0,0,0,0
n012w8-0,n012w8,0,5,1000000,100.0,adaptive,2026-07-04T10:59:26+01:00,5,3,56,14,1,0.000000,3265,3355,3265,90,2.6826,GLOBAL_BEST,0,123,2,22,0,24,1,0,900000.0000,0.0000,0,0,0,0,0,0
n012w8-0,n012w8,0,5,1000000,100.0,adaptive,2026-07-04T10:59:26+01:00,5,2,56,14,1,0.000000,2855,2975,2855,120,4.0336,LOCAL_BEST,0,123,0,27,0,25,0,0,0.0000,0.0000,0,0,0,0,0,0
n012w8-0,n012w8,0,5,1000000,100.0,adaptive,2026-07-04T10:59:26+01:00,5,3,56,15,1,0.000000,3235,3265,3235,30,0.9188,GLOBAL_BEST,0,123,2,22,0,26,1,0,300000.0000,0.0000,0,0,0,0,0,0
n012w8-0,n012w8,0,5,1000000,100.0,adaptive,2026-07-04T10:59:26+01:00,5,3,56,16,1,0.000000,3115,3235,3115,120,3.7094,GLOBAL_BEST,0,123,2,22,0,27,1,0,1200000.0000,0.0000,0,0,0,0,0,0
n012w8-0,n012w8,0,5,1000000,100.0,adaptive,2026-07-04T10:59:26+01:00,5,2,56,17,1,0.000000,2840,2855,2840,15,0.5254,LOCAL_BEST,0,123,0,31,0,28,1,0,150000.0000,0.0000,0,0,0,0,0,0
n012w8-0,n012w8,0,5,1000000,100.0,adaptive,2026-07-04T10:59:26+01:00,5,1,56,18,1,99.976516,2805,2940,2805,135,4.5918,LOCAL_BEST,0,123,3,30,1,29,1,0,1350000.0000,0.0000,0,0,0,0,0,0
n012w8-0,n012w8,0,5,1000000,100.0,adaptive,2026-07-04T10:59:26+01:00,5,1,56,19,1,99.975135,2785,2805,2785,20,0.7130,LOCAL_BEST,0,123,3,31,1,30,1,0,200000.0000,0.0000,0,0,0,0,0,0
n012w8-0,n012w8,0,5,1000000,100.0,adaptive,2026-07-04T10:59:26+01:00,5,1,56,20,1,99.973754,2580,2785,2580,205,7.3609,LOCAL_BEST,0,123,3,31,1,31,1,0,2050000.0000,0.0000,0,0,0,0,0,0
n012w8-0,n012w8,0,5,1000000,100.0,adaptive,2026-07-04T10:59:26+01:00,5,3,56,22,1,0.000000,3040,3115,3040,75,2.4077,LOCAL_BEST,0,123,5,28,0,32,2,0,375000.0000,0.0000,0,0,0,0,0,0
n012w8-0,n012w8,0,5,1000000,100.0,adaptive,2026-07-04T10:59:26+01:00,5,2,56,22,1,0.000000,2825,2840,2825,15,0.5282,LOCAL_BEST,0,123,0,40,0,33,0,0,0.0000,0.0000,0,0,0,0,0,0
n012w8-0,n012w8,0,5,1000000,100.0,adaptive,2026-07-04T10:59:26+01:00,5,3,56,23,1,0.000000,3025,3040,3025,15,0.4934,LOCAL_BEST,0,123,5,29,0,34,1,0,150000.0000,0.0000,0,0,0,0,0,0
n012w8-0,n012w8,0,5,1000000,100.0,adaptive,2026-07-04T10:59:26+01:00,5,3,56,24,1,0.000000,2875,3025,2875,150,4.9587,GLOBAL_BEST,0,123,5,30,0,35,1,0,1500000.0000,0.0000,0,0,0,0,0,0
n012w8-0,n012w8,0,5,1000000,100.0,adaptive,2026-07-04T10:59:26+01:00,5,3,56,25,1,0.000000,2725,2875,2725,150,5.2174,GLOBAL_BEST,0,123,5,30,0,36,1,0,1500000.0000,0.0000,0,0,0,0,0,0
n012w8-0,n012w8,0,5,1000000,100.0,adaptive,2026-07-04T10:59:26+01:00,5,2,56,25,1,0.000000,2795,2825,2795,30,1.0619,LOCAL_BEST,0,123,0,43,0,37,0,0,0.0000,0.0000,0,0,0,0,0,0
n012w8-0,n012w8,0,5,1000000,100.0,adaptive,2026-07-04T10:59:26+01:00,5,3,56,26,1,0.000000,2645,2725,2645,80,2.9358,GLOBAL_BEST,0,123,5,33,0,38,1,0,800000.0000,0.0000,0,0,0,0,0,0
n012w8-0,n012w8,0,5,1000000,100.0,adaptive,2026-07-04T10:59:26+01:00,5,2,56,26,1,0.000000,2785,2795,2785,10,0.3578,LOCAL_BEST,0,123,0,44,0,39,0,0,0.0000,0.0000,0,0,0,0,0,0
n012w8-0,n012w8,0,5,1000000,100.0,adaptive,2026-07-04T10:59:26+01:00,5,3,56,27,1,0.000000,2485,2645,2485,160,6.0491,GLOBAL_BEST,0,123,5,33,0,40,1,0,1600000.0000,0.0000,0,0,0,0,0,0
n012w8-0,n012w8,0,5,1000000,100.0,adaptive,2026-07-04T10:59:26+01:00,5,2,56,28,1,0.000000,2755,2785,2755,30,1.0772,LOCAL_BEST,0,123,0,47,0,41,1,0,300000.0000,0.0000,0,0,0,0,0,0
n012w8-0,n012w8,0,5,1000000,100.0,adaptive,2026-07-04T10:59:26+01:00,5,2,56,29,1,0.000000,2365,2755,2365,390,14.1561,LOCAL_BEST,0,123,0,50,0,42,1,0,3900000.0000,0.0000,0,0,0,0,0,0
n012w8-0,n012w8,0,5,1000000,100.0,adaptive,2026-07-04T10:59:26+01:00,5,1,56,30,1,99.959943,2560,2580,2560,20,0.7752,LOCAL_BEST,0,123,5,61,4,43,1,0,200000.0000,0.0000,0,0,0,0,0,0
n012w8-0,n012w8,0,5,1000000,100.0,adaptive,2026-07-04T10:59:26+01:00,5,2,56,30,1,0.000000,2355,2365,2355,10,0.4228,LOCAL_BEST,0,123,0,51,0,44,0,0,0.0000,0.0000,0,0,0,0,0,0
n012w8-0,n012w8,0,5,1000000,100.0,adaptive,2026-07-04T10:59:26+01:00,5,1,56,33,1,99.955800,2415,2560,2415,145,5.6641,LOCAL_BEST,0,123,6,67,5,45,3,0,483333.3333,0.0000,0,0,0,0,0,0
n012w8-0,n012w8,0,5,1000000,100.0,adaptive,2026-07-04T10:59:26+01:00,5,2,56,33,1,0.000000,2295,2355,2295,60,2.5478,LOCAL_BEST,0,123,0,60,0,46,0,0,0.0000,0.0000,0,0,0,0,0,0
n012w8-0,n012w8,0,5,1000000,100.0,adaptive,2026-07-04T10:59:26+01:00,5,3,56,34,1,0.000000,2290,2485,2290,195,7.8471,GLOBAL_BEST,0,123,8,44,0,47,1,0,1950000.0000,0.0000,0,0,0,0,0,0
n012w8-0,n012w8,0,5,1000000,100.0,adaptive,2026-07-04T10:59:26+01:00,5,1,56,34,1,99.954419,2370,2415,2370,45,1.8634,LOCAL_BEST,0,123,6,67,5,48,0,0,0.0000,0.0000,0,0,0,0,0,0
n012w8-0,n012w8,0,5,1000000,100.0,adaptive,2026-07-04T10:59:26+01:00,5,3,56,35,1,0.000000,2260,2290,2260,30,1.3100,GLOBAL_BEST,0,123,8,45,0,49,1,0,300000.0000,0.0000,0,0,0,0,0,0
n012w8-0,n012w8,0,5,1000000,100.0,adaptive,2026-07-04T10:59:26+01:00,5,1,56,35,1,99.953038,2130,2370,2130,240,10.1266,GLOBAL_BEST,0,123,6,67,5,50,0,0,0.0000,0.0000,0,0,0,0,0,0
n012w8-0,n012w8,0,5,1000000,100.0,adaptive,2026-07-04T10:59:26+01:00,5,1,56,36,1,99.951657,1950,2130,1950,180,8.4507,GLOBAL_BEST,0,123,6,67,5,51,1,0,1800000.0000,0.0000,0,0,0,0,0,0
n012w8-0,n012w8,0,5,1000000,100.0,adaptive,2026-07-04T10:59:26+01:00,5,2,56,37,1,0.000000,2090,2295,2090,205,8.9325,LOCAL_BEST,0,123,0,71,0,52,1,0,2050000.0000,0.0000,0,0,0,0,0,0
n012w8-0,n012w8,0,5,1000000,100.0,adaptive,2026-07-04T10:59:26+01:00,5,2,56,38,1,0.000000,2075,2090,2075,15,0.7177,LOCAL_BEST,0,123,0,72,0,53,1,0,150000.0000,0.0000,0,0,0,0,0,0
n012w8-0,n012w8,0,5,1000000,100.0,adaptive,2026-07-04T10:59:26+01:00,5,8,56,38,89,0.000000,460,475,460,15,3.1579,GLOBAL_BEST,3,123,0,74,32,54,0,88,0.0000,170.4545,0,0,0,0,0,0
n012w8-0,n012w8,0,5,1000000,100.0,adaptive,2026-07-04T10:59:26+01:00,5,1,56,39,1,99.947515,1890,1950,1890,60,3.0769,GLOBAL_BEST,0,123,6,73,7,55,1,-88,600000.0000,0.0000,0,0,0,0,0,0
n012w8-0,n012w8,0,5,1000000,100.0,adaptive,2026-07-04T10:59:26+01:00,5,1,56,41,1,99.944753,1885,1890,1885,5,0.2646,GLOBAL_BEST,0,123,6,75,8,56,2,0,25000.0000,0.0000,0,0,0,0,0,0
n012w8-0,n012w8,0,5,1000000,100.0,adaptive,2026-07-04T10:59:26+01:00,5,2,56,42,1,0.000000,2060,2075,2060,15,0.7229,LOCAL_BEST,0,123,0,78,0,57,1,0,150000.0000,0.0000,0,0,0,0,0,0
n012w8-0,n012w8,0,5,1000000,100.0,adaptive,2026-07-04T10:59:26+01:00,5,2,56,43,1,0.000000,1865,2060,1865,195,9.4660,GLOBAL_BEST,0,123,0,79,0,58,1,0,1950000.0000,0.0000,0,0,0,0,0,0
n012w8-0,n012w8,0,5,1000000,100.0,adaptive,2026-07-04T10:59:26+01:00,5,1,56,44,1,99.940611,1645,1885,1645,240,12.7321,GLOBAL_BEST,0,123,7,86,9,59,1,0,2400000.0000,0.0000,0,0,0,0,0,0
n012w8-0,n012w8,0,5,1000000,100.0,adaptive,2026-07-04T10:59:26+01:00,5,2,56,44,1,0.000000,1805,1865,1805,60,3.2172,LOCAL_BEST,0,123,0,84,0,60,0,0,0.0000,0.0000,0,0,0,0,0,0
n012w8-0,n012w8,0,5,1000000,100.0,adaptive,2026-07-04T10:59:26+01:00,5,2,56,45,1,0.000000,1670,1805,1670,135,7.4792,LOCAL_BEST,0,123,0,85,0,61,1,0,1350000.0000,0.0000,0,0,0,0,0,0
n012w8-0,n012w8,0,5,1000000,100.0,adaptive,2026-07-04T10:59:26+01:00,5,5,56,57,45,0.000000,795,825,795,30,3.6364,GLOBAL_BEST,1,123,0,83,50,62,12,44,25000.0000,681.8182,0,0,0,0,0,0
n012w8-0,n012w8,0,5,1000000,100.0,adaptive,2026-07-04T10:59:26+01:00,5,5,56,62,45,0.000000,770,795,770,25,3.1447,GLOBAL_BEST,1,123,0,86,52,63,5,0,50000.0000,0.0000,0,0,0,0,0,0
n012w8-0,n012w8,0,5,1000000,100.0,adaptive,2026-07-04T10:59:26+01:00,5,1,56,67,1,99.908859,1540,1645,1540,105,6.3830,GLOBAL_BEST,0,123,12,124,17,64,5,-44,210000.0000,0.0000,0,0,0,0,0,0
n012w8-0,n012w8,0,5,1000000,100.0,adaptive,2026-07-04T10:59:26+01:00,5,5,56,68,45,0.000000,725,770,725,45,5.8442,GLOBAL_BEST,1,123,0,97,56,65,1,44,450000.0000,1022.7273,0,0,0,0,0,0
n012w8-0,n012w8,0,5,1000000,100.0,adaptive,2026-07-04T10:59:26+01:00,5,8,56,68,90,0.000000,445,460,445,15,3.2609,GLOBAL_BEST,3,123,0,102,58,66,0,45,0.0000,333.3333,0,0,0,0,0,0
n012w8-0,n012w8,0,5,1000000,100.0,adaptive,2026-07-04T10:59:26+01:00,5,3,56,85,1,0.000000,2010,2260,2010,250,11.0619,LOCAL_BEST,0,123,28,152,4,67,17,-89,147058.8235,0.0000,0,0,0,0,0,0
n012w8-0,n012w8,0,5,1000000,100.0,adaptive,2026-07-04T10:59:26+01:00,5,3,56,86,1,0.000000,1980,2010,1980,30,1.4925,LOCAL_BEST,0,123,28,153,4,68,1,0,300000.0000,0.0000,0,0,0,0,0,0
n012w8-0,n012w8,0,5,1000000,100.0,adaptive,2026-07-04T10:59:26+01:00,5,3,56,99,1,0.000000,1835,1980,1835,145,7.3232,LOCAL_BEST,0,123,34,165,4,69,13,0,111538.4615,0.0000,0,0,0,0,0,0
n012w8-0,n012w8,0,5,1000000,100.0,adaptive,2026-07-04T10:59:26+01:00,5,1,56,107,1,99.853663,1525,1540,1525,15,0.9740,GLOBAL_BEST,0,123,20,215,35,70,8,0,18750.0000,0.0000,0,0,0,0,0,0
n012w8-0,n012w8,0,5,1000000,100.0,adaptive,2026-07-04T10:59:26+01:00,5,1,56,108,1,99.852283,1405,1525,1405,120,7.8689,GLOBAL_BEST,0,123,20,217,35,71,1,0,1200000.0000,0.0000,0,0,0,0,0,0
n012w8-0,n012w8,0,5,1000000,100.0,adaptive,2026-07-04T10:59:26+01:00,5,1,56,116,1,99.841248,1360,1405,1360,45,3.2028,GLOBAL_BEST,0,123,21,231,40,72,8,0,56250.0000,0.0000,0,0,0,0,0,0
n012w8-0,n012w8,0,5,1000000,100.0,adaptive,2026-07-04T10:59:26+01:00,5,8,56,149,90,0.000000,440,445,440,5,1.1236,GLOBAL_BEST,3,123,0,224,129,73,33,89,1515.1515,56.1798,0,0,0,0,0,0
n012w8-0,n012w8,0,5,1000000,100.0,adaptive,2026-07-04T10:59:26+01:00,5,8,56,328,90,0.000000,430,440,430,10,2.2727,GLOBAL_BEST,3,123,0,478,285,74,179,0,558.6592,0.0000,0,0,0,0,0,0
n012w8-0,n012w8,0,5,1000000,100.0,adaptive,2026-07-04T10:59:26+01:00,5,5,56,377,45,0.000000,705,725,705,20,2.7586,GLOBAL_BEST,1,123,0,566,300,75,49,-45,4081.6327,0.0000,0,0,0,0,0,0
n012w8-0,n012w8,0,5,1000000,100.0,adaptive,2026-07-04T10:59:26+01:00,5,3,56,379,2,0.000000,1780,1835,1780,55,2.9973,LOCAL_BEST,0,123,141,671,24,76,2,-43,275000.0000,0.0000,0,0,0,0,0,0
n012w8-0,n012w8,0,5,1000000,100.0,adaptive,2026-07-04T10:59:26+01:00,5,3,56,406,2,0.000000,1665,1780,1665,115,6.4607,LOCAL_BEST,0,123,152,716,25,77,27,0,42592.5926,0.0000,0,0,0,0,0,0
n012w8-0,n012w8,0,5,1000000,100.0,adaptive,2026-07-04T10:59:26+01:00,5,2,56,504,2,0.000000,1645,1670,1645,25,1.4970,LOCAL_BEST,0,123,0,927,0,78,98,0,2551.0204,0.0000,0,0,0,0,0,0
n012w8-0,n012w8,0,5,1000000,100.0,adaptive,2026-07-04T10:59:26+01:00,5,2,56,508,2,0.000000,1585,1645,1585,60,3.6474,LOCAL_BEST,0,123,0,933,0,79,4,0,150000.0000,0.0000,0,0,0,0,0,0
n012w8-0,n012w8,0,5,1000000,100.0,adaptive,2026-07-04T10:59:26+01:00,5,5,56,539,45,0.000000,695,705,695,10,1.4184,GLOBAL_BEST,1,123,0,800,418,80,31,43,3225.8065,232.5581,0,0,0,0,0,0
n012w8-0,n012w8,0,5,1000000,100.0,adaptive,2026-07-04T10:59:26+01:00,5,5,56,541,45,0.000000,680,695,680,15,2.1583,GLOBAL_BEST,1,123,0,803,419,81,2,0,75000.0000,0.0000,0,0,0,0,0,0
n012w8-0,n012w8,0,5,1000000,100.0,adaptive,2026-07-04T10:59:26+01:00,5,1,56,661,2,99.092321,1355,1360,1355,5,0.3676,GLOBAL_BEST,0,123,155,1193,228,82,120,-43,416.6667,0.0000,0,0,0,0,0,0
n012w8-0,n012w8,0,5,1000000,100.0,adaptive,2026-07-04T10:59:26+01:00,5,3,56,664,2,0.000000,1650,1665,1650,15,0.9009,LOCAL_BEST,0,123,254,1135,31,83,3,0,50000.0000,0.0000,0,0,0,0,0,0
n012w8-0,n012w8,0,5,1000000,100.0,adaptive,2026-07-04T10:59:26+01:00,5,3,56,665,2,0.000000,1590,1650,1590,60,3.6364,LOCAL_BEST,0,123,254,1135,31,84,1,0,600000.0000,0.0000,0,0,0,0,0,0
n012w8-0,n012w8,0,5,1000000,100.0,adaptive,2026-07-04T10:59:26+01:00,5,3,56,666,2,0.000000,1500,1590,1500,90,5.6604,LOCAL_BEST,0,123,254,1139,31,85,1,0,900000.0000,0.0000,0,0,0,0,0,0
n012w8-0,n012w8,0,5,1000000,100.0,adaptive,2026-07-04T10:59:26+01:00,5,3,56,668,2,0.000000,1470,1500,1470,30,2.0000,LOCAL_BEST,0,123,254,1139,32,86,2,0,150000.0000,0.0000,0,0,0,0,0,0
n012w8-0,n012w8,0,5,1000000,100.0,adaptive,2026-07-04T10:59:26+01:00,5,8,56,734,92,0.000000,415,430,415,15,3.4884,GLOBAL_BEST,3,123,0,1106,649,87,66,90,2272.7273,166.6667,0,0,0,0,0,0
n012w8-0,n012w8,0,5,1000000,100.0,adaptive,2026-07-04T10:59:26+01:00,5,1,56,787,3,98.919975,1260,1355,1260,95,7.0111,GLOBAL_BEST,0,123,187,1433,273,88,53,-89,17924.5283,0.0000,0,0,0,0,0,0
n012w8-0,n012w8,0,5,1000000,100.0,adaptive,2026-07-04T10:59:26+01:00,5,1,56,789,3,98.917242,1110,1260,1110,150,11.9048,GLOBAL_BEST,0,123,187,1435,274,89,2,0,750000.0000,0.0000,0,0,0,0,0,0
n012w8-0,n012w8,0,5,1000000,100.0,adaptive,2026-07-04T10:59:26+01:00,5,1,56,914,3,98.746566,1075,1110,1075,35,3.1532,GLOBAL_BEST,0,123,219,1677,332,90,125,0,2800.0000,0.0000,0,0,0,0,0,0
n012w8-0,n012w8,0,5,1000000,100.0,adaptive,2026-07-04T10:59:26+01:00,5,5,56,1245,47,0.000000,675,680,675,5,0.7353,GLOBAL_BEST,1,123,0,1864,946,91,331,44,151.0574,113.6364,0,0,0,0,0,0
n012w8-0,n012w8,0,5,1000000,100.0,adaptive,2026-07-04T10:59:26+01:00,5,5,56,1432,47,0.000000,615,675,615,60,8.8889,GLOBAL_BEST,1,123,0,2151,1084,92,187,0,3208.5561,0.0000,0,0,0,0,0,0
n012w8-0,n012w8,0,5,1000000,100.0,adaptive,2026-07-04T10:59:26+01:00,5,5,56,1436,47,0.000000,585,615,585,30,4.8780,GLOBAL_BEST,1,123,0,2155,1086,93,4,0,75000.0000,0.0000,0,0,0,0,0,0
n012w8-0,n012w8,0,5,1000000,100.0,adaptive,2026-07-04T10:59:26+01:00,5,1,56,1713,4,97.662537,1005,1075,1005,70,6.5116,GLOBAL_BEST,0,123,421,3083,613,94,277,-43,2527.0758,0.0000,0,0,0,0,0,0
n012w8-0,n012w8,0,5,1000000,100.0,adaptive,2026-07-04T10:59:26+01:00,5,2,56,1826,4,0.000000,1555,1585,1555,30,1.8927,LOCAL_BEST,0,123,0,3383,117,95,113,0,2654.8673,0.0000,0,0,0,0,0,0
n012w8-0,n012w8,0,5,1000000,100.0,adaptive,2026-07-04T10:59:26+01:00,5,2,56,2067,5,0.000000,1525,1555,1525,30,1.9293,LOCAL_BEST,0,123,0,3823,159,96,241,1,1244.8133,30000.0000,0,0,0,0,0,0
n012w8-0,n012w8,0,5,1000000,100.0,adaptive,2026-07-04T10:59:26+01:00,5,2,56,2116,5,0.000000,1475,1525,1475,50,3.2787,LOCAL_BEST,0,123,0,3893,162,97,49,0,10204.0816,0.0000,0,0,0,0,0,0
n012w8-0,n012w8,0,5,1000000,100.0,adaptive,2026-07-04T10:59:26+01:00,5,2,56,2117,5,0.000000,1460,1475,1460,15,1.0169,LOCAL_BEST,0,123,0,3893,162,98,1,0,150000.0000,0.0000,0,0,0,0,0,0
n012w8-0,n012w8,0,5,1000000,100.0,adaptive,2026-07-04T10:59:26+01:00,5,2,56,2121,5,0.000000,1430,1460,1430,30,2.0548,LOCAL_BEST,0,123,0,3899,162,99,4,0,75000.0000,0.0000,0,0,0,0,0,0
n012w8-0,n012w8,0,5,1000000,100.0,adaptive,2026-07-04T10:59:26+01:00,5,2,56,2871,6,0.000000,1360,1430,1360,70,4.8951,LOCAL_BEST,0,123,0,5169,307,100,750,1,933.3333,70000.0000,0,0,0,0,0,0
n012w8-0,n012w8,0,5,1000000,100.0,adaptive,2026-07-04T10:59:26+01:00,5,2,56,2872,6,0.000000,1330,1360,1330,30,2.2059,LOCAL_BEST,0,123,0,5170,307,101,1,0,300000.0000,0.0000,0,0,0,0,0,0
n012w8-0,n012w8,0,5,1000000,100.0,adaptive,2026-07-04T10:59:26+01:00,5,14,56,3471,154,0.000000,330,345,330,15,4.3478,GLOBAL_BEST,6,123,0,5068,3201,102,599,148,250.4174,101.3514,0,0,0,0,0,0
n012w8-0,n012w8,0,5,1000000,100.0,adaptive,2026-07-04T10:59:26+01:00,5,5,56,3612,50,0.000000,560,585,560,25,4.2735,GLOBAL_BEST,1,123,0,5659,2759,103,141,-104,1773.0496,0.0000,0,0,0,0,0,0
n012w8-0,n012w8,0,5,1000000,100.0,adaptive,2026-07-04T10:59:26+01:00,5,8,56,4097,97,0.000000,410,415,410,5,1.2048,GLOBAL_BEST,3,123,0,6472,3660,104,485,47,103.0928,106.3830,0,0,0,0,0,0
n012w8-0,n012w8,0,5,1000000,100.0,adaptive,2026-07-04T10:59:26+01:00,5,5,56,5145,52,0.000000,530,560,530,30,5.3571,GLOBAL_BEST,1,123,0,8027,3928,105,1048,-45,286.2595,0.0000,0,0,0,0,0,0
n012w8-0,n012w8,0,5,1000000,100.0,adaptive,2026-07-04T10:59:26+01:00,5,2,56,5175,10,0.000000,1320,1330,1320,10,0.7519,LOCAL_BEST,0,123,0,9163,962,106,30,-42,3333.3333,0.0000,0,0,0,0,0,0
n012w8-0,n012w8,0,5,1000000,100.0,adaptive,2026-07-04T10:59:26+01:00,5,2,56,5194,10,0.000000,1280,1320,1280,40,3.0303,LOCAL_BEST,0,123,0,9212,966,107,19,0,21052.6316,0.0000,0,0,0,0,0,0
n012w8-0,n012w8,0,5,1000000,100.0,adaptive,2026-07-04T10:59:26+01:00,5,2,56,6794,13,0.000000,1270,1280,1270,10,0.7812,LOCAL_BEST,0,123,0,11879,1548,108,1600,3,62.5000,3333.3333,0,0,0,0,0,0
n012w8-0,n012w8,0,5,1000000,100.0,adaptive,2026-07-04T10:59:26+01:00,5,2,56,8316,16,0.000000,1245,1270,1245,25,1.9685,LOCAL_BEST,0,123,0,14609,2175,109,1522,3,164.2576,8333.3333,0,0,0,0,0,0
n012w8-0,n012w8,0,5,1000000,100.0,adaptive,2026-07-04T10:59:26+01:00,5,2,56,8319,16,0.000000,1185,1245,1185,60,4.8193,LOCAL_BEST,0,123,0,14610,2175,110,3,0,200000.0000,0.0000,0,0,0,0,0,0
n012w8-0,n012w8,0,5,1000000,100.0,adaptive,2026-07-04T10:59:26+01:00,5,2,56,8683,17,0.000000,1160,1185,1160,25,2.1097,LOCAL_BEST,0,123,0,15206,2342,111,364,1,686.8132,25000.0000,0,0,0,0,0,0
n012w8-0,n012w8,0,5,1000000,100.0,adaptive,2026-07-04T10:59:26+01:00,5,2,56,9223,18,0.000000,1150,1160,1150,10,0.8621,LOCAL_BEST,0,123,0,16074,2568,112,540,1,185.1852,10000.0000,0,0,0,0,0,0
n012w8-0,n012w8,0,5,1000000,100.0,adaptive,2026-07-04T10:59:26+01:00,5,8,56,9563,105,0.000000,395,410,395,15,3.6585,GLOBAL_BEST,3,123,0,14837,8615,113,340,87,441.1765,172.4138,0,0,0,0,0,0
n012w8-0,n012w8,0,5,1000000,100.0,adaptive,2026-07-04T10:59:26+01:00,5,2,56,9700,19,0.000000,1140,1150,1140,10,0.8696,LOCAL_BEST,0,123,0,16882,2736,114,137,-86,729.9270,0.0000,0,0,0,0,0,0
n012w8-0,n012w8,0,5,1000000,100.0,adaptive,2026-07-04T10:59:26+01:00,5,2,56,9897,20,0.000000,1125,1140,1125,15,1.3158,LOCAL_BEST,0,123,0,17214,2823,115,197,1,761.4213,15000.0000,0,0,0,0,0,0
n012w8-0,n012w8,0,5,1000000,100.0,adaptive,2026-07-04T10:59:26+01:00,5,2,56,10381,21,0.000000,1120,1125,1120,5,0.4444,LOCAL_BEST,0,123,0,18003,3041,116,484,1,103.3058,5000.0000,0,0,0,0,0,0
n012w8-0,n012w8,0,5,1000000,100.0,adaptive,2026-07-04T10:59:26+01:00,5,2,56,10385,21,0.000000,1070,1120,1070,50,4.4643,LOCAL_BEST,0,123,0,18007,3042,117,4,0,125000.0000,0.0000,0,0,0,0,0,0
n012w8-0,n012w8,0,5,1000000,100.0,adaptive,2026-07-04T10:59:26+01:00,5,1,56,11558,21,85.242858,980,1005,980,25,2.4876,GLOBAL_BEST,0,123,2761,19587,4282,118,1173,0,213.1287,0.0000,0,0,0,0,0,0
n012w8-0,n012w8,0,5,1000000,100.0,adaptive,2026-07-04T10:59:26+01:00,5,3,56,11766,22,0.000000,1430,1470,1430,40,2.7211,LOCAL_BEST,0,123,4478,20848,488,119,208,1,1923.0769,40000.0000,0,0,0,0,0,0
n012w8-0,n012w8,0,5,1000000,100.0,adaptive,2026-07-04T10:59:26+01:00,5,2,56,11816,23,0.000000,1060,1070,1060,10,0.9346,LOCAL_BEST,0,123,0,20525,3767,120,50,1,2000.0000,10000.0000,0,0,0,0,0,0
n012w8-0,n012w8,0,5,1000000,100.0,adaptive,2026-07-04T10:59:26+01:00,5,1,56,12225,22,84.460957,950,980,950,30,3.0612,GLOBAL_BEST,0,123,2902,20775,4562,121,409,-1,733.4963,0.0000,0,0,0,0,0,0
n012w8-0,n012w8,0,5,1000000,100.0,adaptive,2026-07-04T10:59:26+01:00,5,1,56,12228,22,84.457457,905,950,905,45,4.7368,GLOBAL_BEST,0,123,2902,20777,4564,122,3,0,150000.0000,0.0000,0,0,0,0,0,0
n012w8-0,n012w8,0,5,1000000,100.0,adaptive,2026-07-04T10:59:26+01:00,5,1,56,12237,22,84.446956,875,905,875,30,3.3149,GLOBAL_BEST,0,123,2902,20796,4570,123,9,0,33333.3333,0.0000,0,0,0,0,0,0
n012w8-0,n012w8,0,5,1000000,100.0,adaptive,2026-07-04T10:59:26+01:00,5,1,56,12239,22,84.444623,860,875,860,15,1.7143,GLOBAL_BEST,0,123,2902,20797,4571,124,2,0,75000.0000,0.0000,0,0,0,0,0,0
n012w8-0,n012w8,0,5,1000000,100.0,adaptive,2026-07-04T10:59:26+01:00,5,2,56,12653,24,0.000000,1055,1060,1055,5,0.4717,LOCAL_BEST,0,123,0,21885,4207,125,414,2,120.7729,2500.0000,0,0,0,0,0,0
n012w8-0,n012w8,0,5,1000000,100.0,adaptive,2026-07-04T10:59:26+01:00,5,2,56,15129,28,0.000000,1030,1055,1030,25,2.3697,LOCAL_BEST,0,123,0,25837,5543,126,2476,4,100.9693,6250.0000,0,0,0,0,0,0
n012w8-0,n012w8,0,5,1000000,100.0,adaptive,2026-07-04T10:59:26+01:00,5,2,56,16054,30,0.000000,1000,1030,1000,30,2.9126,LOCAL_BEST,0,123,0,27415,6084,127,925,2,324.3243,15000.0000,0,0,0,0,0,0
n012w8-0,n012w8,0,5,1000000,100.0,adaptive,2026-07-04T10:59:26+01:00,5,3,56,16452,30,0.000000,1350,1430,1350,80,5.5944,LOCAL_BEST,0,123,6239,29440,676,128,398,0,2010.0503,0.0000,0,0,0,0,0,0
n012w8-0,n012w8,0,5,1000000,100.0,adaptive,2026-07-04T10:59:26+01:00,5,5,56,16762,70,0.000000,495,530,495,35,6.6038,GLOBAL_BEST,1,123,0,26131,13395,129,310,40,1129.0323,875.0000,0,0,0,0,0,0
n012w8-0,n012w8,0,5,1000000,100.0,adaptive,2026-07-04T10:59:26+01:00,5,2,56,16843,30,0.000000,995,1000,995,5,0.5000,LOCAL_BEST,0,123,0,28796,6513,130,81,-40,617.2840,0.0000,0,0,0,0,0,0
n012w8-0,n012w8,0,5,1000000,100.0,adaptive,2026-07-04T10:59:26+01:00,5,2,56,16844,30,0.000000,980,995,980,15,1.5075,LOCAL_BEST,0,123,0,28801,6513,131,1,0,150000.0000,0.0000,0,0,0,0,0,0
n012w8-0,n012w8,0,5,1000000,100.0,adaptive,2026-07-04T10:59:26+01:00,5,4,56,17961,74,78.026118,805,810,805,5,0.6173,LOCAL_BEST,1,123,4256,30586,6776,132,1117,44,44.7628,113.6364,0,0,0,0,0,0
n012w8-0,n012w8,0,5,1000000,100.0,adaptive,2026-07-04T10:59:26+01:00,5,4,56,17965,74,78.021806,775,805,775,30,3.7267,LOCAL_BEST,1,123,4256,30599,6779,133,4,0,75000.0000,0.0000,0,0,0,0,0,0
n012w8-0,n012w8,0,5,1000000,100.0,adaptive,2026-07-04T10:59:26+01:00,5,2,56,20063,36,0.000000,975,980,975,5,0.5102,LOCAL_BEST,0,123,0,34199,8430,134,2098,-38,23.8322,0.0000,0,0,0,0,0,0
n012w8-0,n012w8,0,5,1000000,100.0,adaptive,2026-07-04T10:59:26+01:00,5,2,56,20751,37,0.000000,970,975,970,5,0.5128,LOCAL_BEST,0,123,0,35258,8854,135,688,1,72.6744,5000.0000,0,0,0,0,0,0
n012w8-0,n012w8,0,5,1000000,100.0,adaptive,2026-07-04T10:59:26+01:00,5,2,56,20790,37,0.000000,910,970,910,60,6.1856,LOCAL_BEST,0,123,0,35319,8871,136,39,0,15384.6154,0.0000,0,0,0,0,0,0
n012w8-0,n012w8,0,5,1000000,100.0,adaptive,2026-07-04T10:59:26+01:00,5,8,56,20803,122,0.000000,365,395,365,30,7.5949,GLOBAL_BEST,3,123,0,31953,18830,137,13,85,23076.9231,352.9412,0,0,0,0,0,0
n012w8-0,n012w8,0,5,1000000,100.0,adaptive,2026-07-04T10:59:26+01:00,5,2,56,21122,37,0.000000,900,910,900,10,1.0989,LOCAL_BEST,0,123,0,35842,9061,138,319,-85,313.4796,0.0000,0,0,0,0,0,0
n012w8-0,n012w8,0,5,1000000,100.0,adaptive,2026-07-04T10:59:26+01:00,5,2,56,23858,42,0.000000,890,900,890,10,1.1111,LOCAL_BEST,0,123,0,40276,10848,139,2736,5,36.5497,2000.0000,0,0,0,0,0,0
n012w8-0,n012w8,0,5,1000000,100.0,adaptive,2026-07-04T10:59:26+01:00,5,2,56,24344,43,0.000000,875,890,875,15,1.6854,LOCAL_BEST,0,123,0,41088,11180,140,486,1,308.6420,15000.0000,0,0,0,0,0,0
n012w8-0,n012w8,0,5,1000000,100.0,adaptive,2026-07-04T10:59:26+01:00,5,2,56,25444,45,0.000000,840,875,840,35,4.0000,LOCAL_BEST,0,123,0,42891,11905,141,1100,2,318.1818,17500.0000,0,0,0,0,0,0
n012w8-0,n012w8,0,5,1000000,100.0,adaptive,2026-07-04T10:59:26+01:00,5,1,56,25950,45,69.872455,825,860,825,35,4.0698,GLOBAL_BEST,0,123,5944,43828,10271,142,506,0,691.6996,0.0000,0,0,0,0,0,0
n012w8-0,n012w8,0,5,1000000,100.0,adaptive,2026-07-04T10:59:26+01:00,5,8,56,26888,130,0.000000,350,365,350,15,4.1096,GLOBAL_BEST,3,123,0,40974,24288,143,938,85,159.9147,176.4706,0,0,0,0,0,0
n012w8-0,n012w8,0,5,1000000,100.0,adaptive,2026-07-04T10:59:26+01:00,5,1,56,27183,46,68.692291,820,825,820,5,0.6061,LOCAL_BEST,0,123,6196,45738,10847,144,295,-84,169.4915,0.0000,0,0,0,0,0,0
n012w8-0,n012w8,0,5,1000000,100.0,adaptive,2026-07-04T10:59:26+01:00,5,4,56,29480,96,66.546620,755,775,755,20,2.5806,LOCAL_BEST,1,123,6658,49596,11861,145,2297,50,87.0701,400.0000,0,0,0,0,0,0
n012w8-0,n012w8,0,5,1000000,100.0,adaptive,2026-07-04T10:59:26+01:00,5,2,56,29552,51,0.000000,830,840,830,10,1.1905,LOCAL_BEST,0,123,0,49474,14613,146,72,-45,1388.8889,0.0000,0,0,0,0,0,0
n012w8-0,n012w8,0,5,1000000,100.0,adaptive,2026-07-04T10:59:26+01:00,5,5,56,29594,89,0.000000,490,495,490,5,1.0101,GLOBAL_BEST,1,123,0,45959,24293,147,42,38,1190.4762,131.5789,0,0,0,0,0,0
n012w8-0,n012w8,0,5,1000000,100.0,adaptive,2026-07-04T10:59:26+01:00,5,5,56,29648,89,0.000000,485,490,485,5,1.0204,GLOBAL_BEST,1,123,0,46075,24337,148,54,0,925.9259,0.0000,0,0,0,0,0,0
n012w8-0,n012w8,0,5,1000000,100.0,adaptive,2026-07-04T10:59:26+01:00,5,5,56,30074,92,0.000000,470,485,470,15,3.0928,LOCAL_BEST,1,123,0,46751,24695,149,426,3,352.1127,5000.0000,0,0,0,0,0,0
n012w8-0,n012w8,0,5,1000000,100.0,adaptive,2026-07-04T10:59:26+01:00,5,5,56,30536,94,0.000000,460,470,460,10,2.1277,LOCAL_BEST,1,123,0,47503,25077,150,462,2,216.4502,5000.0000,0,0,0,0,0,0
n012w8-0,n012w8,0,5,1000000,100.0,adaptive,2026-07-04T10:59:26+01:00,5,2,56,31031,53,0.000000,775,830,775,55,6.6265,LOCAL_BEST,0,123,0,51698,15594,151,495,-41,1111.1111,0.0000,0,0,0,0,0,0
n012w8-0,n012w8,0,5,1000000,100.0,adaptive,2026-07-04T10:59:26+01:00,5,5,56,31105,95,0.000000,445,460,445,15,3.2609,LOCAL_BEST,1,123,0,48356,25573,152,74,42,2027.0270,357.1429,0,0,0,0,0,0
n012w8-0,n012w8,0,5,1000000,100.0,adaptive,2026-07-04T10:59:26+01:00,5,1,56,31347,53,64.852093,815,820,815,5,0.6098,LOCAL_BEST,0,123,6997,52586,12861,153,242,-42,206.6116,0.0000,0,0,0,0,0,0
n012w8-0,n012w8,0,5,1000000,100.0,adaptive,2026-07-04T10:59:26+01:00,5,1,56,31349,53,64.850302,800,815,800,15,1.8405,LOCAL_BEST,0,123,6997,52594,12862,154,2,0,75000.0000,0.0000,0,0,0,0,0,0
n012w8-0,n012w8,0,5,1000000,100.0,adaptive,2026-07-04T10:59:26+01:00,5,1,56,31355,53,64.844926,785,800,785,15,1.8750,LOCAL_BEST,0,123,6998,52597,12866,155,6,0,25000.0000,0.0000,0,0,0,0,0,0
n012w8-0,n012w8,0,5,1000000,100.0,adaptive,2026-07-04T10:59:26+01:00,5,2,56,31532,54,0.000000,725,775,725,50,6.4516,LOCAL_BEST,0,123,0,52543,15934,156,177,1,2824.8588,50000.0000,0,0,0,0,0,0
n012w8-0,n012w8,0,5,1000000,100.0,adaptive,2026-07-04T10:59:26+01:00,5,5,56,34133,99,0.000000,440,445,440,5,1.1236,LOCAL_BEST,1,123,0,53052,28165,157,2601,45,19.2234,111.1111,0,0,0,0,0,0
n012w8-0,n012w8,0,5,1000000,100.0,adaptive,2026-07-04T10:59:26+01:00,5,5,56,34206,100,0.000000,435,440,435,5,1.1364,LOCAL_BEST,1,123,0,53154,28216,158,73,1,684.9315,5000.0000,0,0,0,0,0,0
n012w8-0,n012w8,0,5,1000000,100.0,adaptive,2026-07-04T10:59:26+01:00,5,2,56,34900,60,0.000000,665,725,665,60,8.2759,LOCAL_BEST,0,123,0,57907,18298,159,694,-40,864.5533,0.0000,0,0,0,0,0,0
n012w8-0,n012w8,0,5,1000000,100.0,adaptive,2026-07-04T10:59:26+01:00,5,5,56,35424,102,0.000000,425,435,425,10,2.2989,LOCAL_BEST,1,123,0,55049,29303,160,524,42,190.8397,238.0952,0,0,0,0,0,0
n012w8-0,n012w8,0,5,1000000,100.0,adaptive,2026-07-04T10:59:26+01:00,5,2,56,37966,65,0.000000,650,665,650,15,2.2556,LOCAL_BEST,0,123,0,63077,20548,161,2542,-37,59.0087,0.0000,0,0,0,0,0,0
n012w8-0,n012w8,0,5,1000000,100.0,adaptive,2026-07-04T10:59:26+01:00,5,5,56,39934,108,0.000000,415,425,415,10,2.3529,LOCAL_BEST,1,123,0,61667,33287,162,1968,43,50.8130,232.5581,0,0,0,0,0,0
n012w8-0,n012w8,0,5,1000000,100.0,adaptive,2026-07-04T10:59:26+01:00,5,5,56,41287,110,0.000000,410,415,410,5,1.2048,LOCAL_BEST,1,123,0,63810,34443,163,1353,2,36.9549,2500.0000,0,0,0,0,0,0
n012w8-0,n012w8,0,5,1000000,100.0,adaptive,2026-07-04T10:59:26+01:00,5,4,56,42993,118,55.213846,720,755,720,35,4.6358,LOCAL_BEST,1,123,9087,71856,18661,164,1706,8,205.1583,4375.0000,0,0,0,0,0,0
n012w8-0,n012w8,0,5,1000000,100.0,adaptive,2026-07-04T10:59:26+01:00,5,4,56,43005,119,55.204693,705,720,705,15,2.0833,LOCAL_BEST,1,123,9088,71875,18668,165,12,1,12500.0000,15000.0000,0,0,0,0,0,0
n012w8-0,n012w8,0,5,1000000,100.0,adaptive,2026-07-04T10:59:26+01:00,5,2,56,44764,75,0.000000,625,650,625,25,3.8462,LOCAL_BEST,0,123,0,74024,25627,166,1759,-44,142.1262,0.0000,0,0,0,0,0,0
n012w8-0,n012w8,0,5,1000000,100.0,adaptive,2026-07-04T10:59:26+01:00,5,2,56,44766,75,0.000000,610,625,610,15,2.4000,LOCAL_BEST,0,123,0,74030,25628,167,2,0,75000.0000,0.0000,0,0,0,0,0,0
n012w8-0,n012w8,0,5,1000000,100.0,adaptive,2026-07-04T10:59:26+01:00,5,2,56,44771,75,0.000000,580,610,580,30,4.9180,LOCAL_BEST,0,123,0,74042,25629,168,5,0,60000.0000,0.0000,0,0,0,0,0,0
n012w8-0,n012w8,0,5,1000000,100.0,adaptive,2026-07-04T10:59:26+01:00,5,5,56,44930,115,0.000000,400,410,400,10,2.4390,LOCAL_BEST,1,123,0,69291,37670,169,159,40,628.9308,250.0000,0,0,0,0,0,0
n012w8-0,n012w8,0,5,1000000,100.0,adaptive,2026-07-04T10:59:26+01:00,5,1,56,47417,79,51.940246,770,785,770,15,1.9108,LOCAL_BEST,0,123,9803,79402,21203,170,2487,-36,60.3136,0.0000,0,0,0,0,0,0
n012w8-0,n012w8,0,5,1000000,100.0,adaptive,2026-07-04T10:59:26+01:00,5,5,56,49434,122,0.000000,380,400,380,20,5.0000,LOCAL_BEST,1,123,0,76007,41724,171,2017,43,99.1572,465.1163,0,0,0,0,0,0
n012w8-0,n012w8,0,5,1000000,100.0,adaptive,2026-07-04T10:59:26+01:00,5,1,56,54849,93,46.871840,745,770,745,25,3.2468,LOCAL_BEST,0,123,10939,91731,25393,172,5415,-29,46.1681,0.0000,0,0,0,0,0,0
n012w8-0,n012w8,0,5,1000000,100.0,adaptive,2026-07-04T10:59:26+01:00,5,1,56,54887,93,46.847239,710,745,710,35,4.6980,LOCAL_BEST,0,123,10945,91789,25412,173,38,0,9210.5263,0.0000,0,0,0,0,0,0
n012w8-0,n012w8,0,5,1000000,100.0,adaptive,2026-07-04T10:59:26+01:00,5,2,56,55035,93,0.000000,550,580,550,30,5.1724,LOCAL_BEST,0,123,0,90339,34000,174,148,0,2027.0270,0.0000,0,0,0,0,0,0
n012w8-0,n012w8,0,5,1000000,100.0,adaptive,2026-07-04T10:59:26+01:00,5,2,56,55038,93,0.000000,490,550,490,60,10.9091,LOCAL_BEST,0,123,0,90339,34002,175,3,0,200000.0000,0.0000,0,0,0,0,0,0
n012w8-0,n012w8,0,5,1000000,100.0,adaptive,2026-07-04T10:59:26+01:00,5,5,56,55311,130,0.000000,370,380,370,10,2.6316,LOCAL_BEST,1,123,0,85107,46919,176,273,37,366.3004,270.2703,0,0,0,0,0,0
n012w8-0,n012w8,0,5,1000000,100.0,adaptive,2026-07-04T10:59:26+01:00,5,5,56,56673,132,0.000000,355,370,355,15,4.0541,LOCAL_BEST,1,123,0,87165,48120,177,1362,2,110.1322,7500.0000,0,0,0,0,0,0
n012w8-0,n012w8,0,5,1000000,100.0,adaptive,2026-07-04T10:59:26+01:00,5,14,56,58643,249,0.000000,325,330,325,5,1.5152,LOCAL_BEST,6,123,0,89201,54131,178,1970,117,25.3807,42.7350,0,0,0,0,0,0
n012w8-0,n012w8,0,5,1000000,100.0,adaptive,2026-07-04T10:59:26+01:00,5,1,56,61983,104,42.472517,700,710,700,10,1.4085,LOCAL_BEST,0,123,11907,103278,29778,179,3340,-145,29.9401,0.0000,0,0,0,0,0,0
n012w8-0,n012w8,0,5,1000000,100.0,adaptive,2026-07-04T10:59:26+01:00,5,4,56,62099,153,42.404505,700,705,700,5,0.7092,LOCAL_BEST,1,123,11949,103253,29752,180,116,49,431.0345,102.0408,0,0,0,0,0,0
n012w8-0,n012w8,0,5,1000000,100.0,adaptive,2026-07-04T10:59:26+01:00,5,5,56,62129,146,0.000000,345,355,345,10,2.8169,GLOBAL_BEST,1,123,0,95136,52974,181,30,-7,3333.3333,0.0000,0,0,0,0,0,0
n012w8-0,n012w8,0,5,1000000,100.0,adaptive,2026-07-04T10:59:26+01:00,5,4,56,62152,154,42.373467,685,700,685,15,2.1429,LOCAL_BEST,1,123,11951,103348,29793,182,23,8,6521.7391,1875.0000,0,0,0,0,0,0
n012w8-0,n012w8,0,5,1000000,100.0,adaptive,2026-07-04T10:59:26+01:00,5,4,56,64499,159,41.021544,680,685,680,5,0.7299,LOCAL_BEST,1,123,12253,107100,31277,183,2347,5,21.3038,1000.0000,0,0,0,0,0,0
n012w8-0,n012w8,0,5,1000000,100.0,adaptive,2026-07-04T10:59:26+01:00,5,4,56,64505,159,41.018143,650,680,650,30,4.4118,LOCAL_BEST,1,123,12253,107103,31281,184,6,0,50000.0000,0.0000,0,0,0,0,0,0
n012w8-0,n012w8,0,5,1000000,100.0,adaptive,2026-07-04T10:59:26+01:00,5,1,56,65053,109,40.708772,665,700,665,35,5.0000,LOCAL_BEST,0,123,12292,108190,31648,185,548,-50,638.6861,0.0000,0,0,0,0,0,0
n012w8-0,n012w8,0,5,1000000,100.0,adaptive,2026-07-04T10:59:26+01:00,5,1,56,65055,109,40.707647,605,665,605,60,9.0226,LOCAL_BEST,0,123,12292,108191,31649,186,2,0,300000.0000,0.0000,0,0,0,0,0,0
n012w8-0,n012w8,0,5,1000000,100.0,adaptive,2026-07-04T10:59:26+01:00,5,1,56,65059,109,40.705397,550,605,550,55,9.0909,LOCAL_BEST,0,123,12294,108207,31649,187,4,0,137500.0000,0.0000,0,0,0,0,0,0
n012w8-0,n012w8,0,5,1000000,100.0,adaptive,2026-07-04T10:59:26+01:00,5,2,56,70359,119,0.000000,485,490,485,5,1.0204,LOCAL_BEST,0,123,0,113502,46768,188,5300,10,9.4340,500.0000,0,0,0,0,0,0
n012w8-0,n012w8,0,5,1000000,100.0,adaptive,2026-07-04T10:59:26+01:00,5,3,56,71812,126,0.000000,1335,1350,1335,15,1.1111,LOCAL_BEST,0,123,27548,127419,2805,189,1453,7,103.2347,2142.8571,0,0,0,0,0,0
n012w8-0,n012w8,0,5,1000000,100.0,adaptive,2026-07-04T10:59:26+01:00,5,3,56,71813,126,0.000000,1290,1335,1290,45,3.3708,LOCAL_BEST,0,123,27548,127419,2805,190,1,0,450000.0000,0.0000,0,0,0,0,0,0
n012w8-0,n012w8,0,5,1000000,100.0,adaptive,2026-07-04T10:59:26+01:00,5,5,56,71857,161,0.000000,340,345,340,5,1.4493,LOCAL_BEST,1,123,0,110254,61788,191,44,35,1136.3636,142.8571,0,0,0,0,0,0
n012w8-0,n012w8,0,5,1000000,100.0,adaptive,2026-07-04T10:59:26+01:00,5,5,56,72309,161,0.000000,335,340,335,5,1.4706,LOCAL_BEST,1,123,0,110890,62205,192,452,0,110.6195,0.0000,0,0,0,0,0,0
n012w8-0,n012w8,0,5,1000000,100.0,adaptive,2026-07-04T10:59:26+01:00,5,2,56,72571,124,0.000000,460,485,460,25,5.1546,LOCAL_BEST,0,123,0,116874,48659,193,262,-37,954.1985,0.0000,0,0,0,0,0,0
n012w8-0,n012w8,0,5,1000000,100.0,adaptive,2026-07-04T10:59:26+01:00,5,2,56,73582,126,0.000000,455,460,455,5,1.0870,LOCAL_BEST,0,123,0,118334,49482,194,1011,2,49.4560,2500.0000,0,0,0,0,0,0
n012w8-0,n012w8,0,5,1000000,100.0,adaptive,2026-07-04T10:59:26+01:00,5,2,56,73609,126,0.000000,450,455,450,5,1.0989,LOCAL_BEST,0,123,0,118380,49503,195,27,0,1851.8519,0.0000,0,0,0,0,0,0
n012w8-0,n012w8,0,5,1000000,100.0,adaptive,2026-07-04T10:59:26+01:00,5,2,56,76464,130,0.000000,440,450,440,10,2.2222,LOCAL_BEST,0,123,0,122656,51940,196,2855,4,35.0263,2500.0000,0,0,0,0,0,0
n012w8-0,n012w8,0,5,1000000,100.0,adaptive,2026-07-04T10:59:26+01:00,5,4,56,78051,188,34.017313,620,650,620,30,4.6154,LOCAL_BEST,1,123,13749,129132,40401,197,1587,58,189.0359,517.2414,0,0,0,0,0,0
n012w8-0,n012w8,0,5,1000000,100.0,adaptive,2026-07-04T10:59:26+01:00,5,4,56,79177,190,33.492225,580,620,580,40,6.4516,LOCAL_BEST,1,123,13862,130904,41183,198,1126,2,355.2398,20000.0000,0,0,0,0,0,0
n012w8-0,n012w8,0,5,1000000,100.0,adaptive,2026-07-04T10:59:26+01:00,5,4,56,79198,190,33.482509,535,580,535,45,7.7586,LOCAL_BEST,1,123,13862,130919,41201,199,21,0,21428.5714,0.0000,0,0,0,0,0,0
n012w8-0,n012w8,0,5,1000000,100.0,adaptive,2026-07-04T10:59:26+01:00,5,2,56,80630,139,0.000000,425,440,425,15,3.4091,LOCAL_BEST,0,123,0,129087,55636,200,1432,-51,104.7486,0.0000,0,0,0,0,0,0
n012w8-0,n012w8,0,5,1000000,100.0,adaptive,2026-07-04T10:59:26+01:00,5,2,56,84948,150,0.000000,420,425,420,5,1.1765,LOCAL_BEST,0,123,0,135850,59392,201,4318,11,11.5794,454.5455,0,0,0,0,0,0
n012w8-0,n012w8,0,5,1000000,100.0,adaptive,2026-07-04T10:59:26+01:00,5,2,56,85245,151,0.000000,415,420,415,5,1.1905,LOCAL_BEST,0,123,0,136335,59657,202,297,1,168.3502,5000.0000,0,0,0,0,0,0
n012w8-0,n012w8,0,5,1000000,100.0,adaptive,2026-07-04T10:59:26+01:00,5,2,56,85251,151,0.000000,385,415,385,30,7.2289,LOCAL_BEST,0,123,0,136341,59659,203,6,0,50000.0000,0.0000,0,0,0,0,0,0
n012w8-0,n012w8,0,5,1000000,100.0,adaptive,2026-07-04T10:59:26+01:00,5,4,56,87488,204,29.859188,530,535,530,5,0.9346,LOCAL_BEST,1,123,14625,144206,47170,204,2237,53,22.3514,94.3396,0,0,0,0,0,0
n012w8-0,n012w8,0,5,1000000,100.0,adaptive,2026-07-04T10:59:26+01:00,5,1,56,93153,158,27.611373,545,550,545,5,0.9091,LOCAL_BEST,0,123,14985,153044,51520,205,5665,-46,8.8261,0.0000,0,0,0,0,0,0
n012w8-0,n012w8,0,5,1000000,100.0,adaptive,2026-07-04T10:59:26+01:00,5,1,56,93172,158,27.604126,530,545,530,15,2.7523,LOCAL_BEST,0,123,14986,153093,51535,206,19,0,7894.7368,0.0000,0,0,0,0,0,0
n012w8-0,n012w8,0,5,1000000,100.0,adaptive,2026-07-04T10:59:26+01:00,5,4,56,95400,216,26.767388,520,530,520,10,1.8868,LOCAL_BEST,1,123,15259,156983,53024,207,2228,58,44.8833,172.4138,0,0,0,0,0,0
n012w8-0,n012w8,0,5,1000000,100.0,adaptive,2026-07-04T10:59:26+01:00,5,4,56,95404,216,26.765909,505,520,505,15,2.8846,LOCAL_BEST,1,123,15259,156989,53027,208,4,0,37500.0000,0.0000,0,0,0,0,0,0
n012w8-0,n012w8,0,5,1000000,100.0,adaptive,2026-07-04T10:59:26+01:00,5,4,56,95414,216,26.762212,490,505,490,15,2.9703,LOCAL_BEST,1,123,15259,156999,53036,209,10,0,15000.0000,0.0000,0,0,0,0,0,0
n012w8-0,n012w8,0,5,1000000,100.0,adaptive,2026-07-04T10:59:26+01:00,5,1,56,96700,167,26.290933,510,530,510,20,3.7736,LOCAL_BEST,0,123,15247,158448,54241,210,1286,-49,155.5210,0.0000,0,0,0,0,0,0
n012w8-0,n012w8,0,5,1000000,100.0,adaptive,2026-07-04T10:59:26+01:00,5,1,56,96777,167,26.262980,460,510,460,50,9.8039,LOCAL_BEST,0,123,15254,158572,54300,211,77,0,6493.5065,0.0000,0,0,0,0,0,0
n012w8-0,n012w8,0,5,1000000,100.0,adaptive,2026-07-04T10:59:26+01:00,5,7,56,98235,310,25.739257,475,490,475,15,3.0612,LOCAL_BEST,2,123,15445,160177,55486,212,1458,143,102.8807,104.8951,0,0,0,0,0,0
n012w8-0,n012w8,0,5,1000000,100.0,adaptive,2026-07-04T10:59:26+01:00,5,7,56,98270,310,25.726814,460,475,460,15,3.1579,LOCAL_BEST,2,123,15446,160232,55518,213,35,0,4285.7143,0.0000,0,0,0,0,0,0
n012w8-0,n012w8,0,5,1000000,100.0,adaptive,2026-07-04T10:59:26+01:00,5,7,56,98610,311,25.606251,430,460,430,30,6.5217,LOCAL_BEST,2,123,15463,160705,55794,214,340,1,882.3529,30000.0000,0,0,0,0,0,0
n012w8-0,n012w8,0,5,1000000,100.0,adaptive,2026-07-04T10:59:26+01:00,5,1,56,100208,173,25.047132,455,460,455,5,1.0870,LOCAL_BEST,0,123,15483,163981,56952,215,1598,-138,31.2891,0.0000,0,0,0,0,0,0
n012w8-0,n012w8,0,5,1000000,100.0,adaptive,2026-07-04T10:59:26+01:00,5,1,56,100303,173,25.014280,445,455,445,10,2.1978,LOCAL_BEST,0,123,15487,164131,57029,216,95,0,1052.6316,0.0000,0,0,0,0,0,0
n012w8-0,n012w8,0,5,1000000,100.0,adaptive,2026-07-04T10:59:26+01:00,5,2,56,101372,185,0.000000,380,385,380,5,1.2987,LOCAL_BEST,0,123,0,161221,74101,217,1069,12,46.7727,416.6667,0,0,0,0,0,0
n012w8-0,n012w8,0,5,1000000,100.0,adaptive,2026-07-04T10:59:26+01:00,5,2,56,101913,186,0.000000,335,380,335,45,11.8421,LOCAL_BEST,0,123,0,162085,74589,218,541,1,831.7930,45000.0000,0,0,0,0,0,0
n012w8-0,n012w8,0,5,1000000,100.0,adaptive,2026-07-04T10:59:26+01:00,5,4,56,111493,247,21.431275,475,490,475,15,3.0612,LOCAL_BEST,1,123,16273,182417,65691,219,9580,61,15.6576,245.9016,0,0,0,0,0,0
n012w8-0,n012w8,0,5,1000000,100.0,adaptive,2026-07-04T10:59:26+01:00,5,2,56,112670,202,0.000000,320,335,320,15,4.4776,GLOBAL_BEST,0,123,0,178190,84421,220,1177,-45,127.4427,0.0000,0,0,0,0,0,0
n012w8-0,n012w8,0,5,1000000,100.0,adaptive,2026-07-04T10:59:26+01:00,5,4,56,114771,255,20.482360,455,475,455,20,4.2105,LOCAL_BEST,1,123,16452,187301,68301,221,2101,53,95.1928,377.3585,0,0,0,0,0,0
n012w8-0,n012w8,0,5,1000000,100.0,adaptive,2026-07-04T10:59:26+01:00,5,4,56,117176,259,19.812989,445,455,445,10,2.1978,LOCAL_BEST,1,123,16542,190950,70335,222,2405,4,41.5800,2500.0000,0,0,0,0,0,0
n012w8-0,n012w8,0,5,1000000,100.0,adaptive,2026-07-04T10:59:26+01:00,5,7,56,117379,341,19.757500,415,430,415,15,3.4884,LOCAL_BEST,2,123,16442,189459,70952,223,203,82,738.9163,182.9268,0,0,0,0,0,0
n012w8-0,n012w8,0,5,1000000,100.0,adaptive,2026-07-04T10:59:26+01:00,5,1,56,118313,213,19.504194,440,445,440,5,1.1236,LOCAL_BEST,0,123,16432,191863,71730,224,934,-128,53.5332,0.0000,0,0,0,0,0,0
n012w8-0,n012w8,0,5,1000000,100.0,adaptive,2026-07-04T10:59:26+01:00,5,1,56,118352,213,19.493688,410,440,410,30,6.8182,LOCAL_BEST,0,123,16432,191937,71765,225,39,0,7692.3077,0.0000,0,0,0,0,0,0
n012w8-0,n012w8,0,5,1000000,100.0,adaptive,2026-07-04T10:59:26+01:00,5,1,56,118475,213,19.460590,380,410,380,30,7.3171,LOCAL_BEST,0,123,16433,192117,71881,226,123,0,2439.0244,0.0000,0,0,0,0,0,0
n012w8-0,n012w8,0,5,1000000,100.0,adaptive,2026-07-04T10:59:26+01:00,5,7,56,119886,345,19.084905,410,415,410,5,1.2048,LOCAL_BEST,2,123,16524,193441,73120,227,1411,132,35.4359,37.8788,0,0,0,0,0,0
n012w8-0,n012w8,0,5,1000000,100.0,adaptive,2026-07-04T10:59:26+01:00,5,7,56,120047,345,19.042502,395,410,395,15,3.6585,LOCAL_BEST,2,123,16530,193653,73259,228,161,0,931.6770,0.0000,0,0,0,0,0,0
n012w8-0,n012w8,0,5,1000000,100.0,adaptive,2026-07-04T10:59:26+01:00,5,7,56,120461,345,18.933897,385,395,385,10,2.5316,LOCAL_BEST,2,123,16542,194185,73624,229,414,0,241.5459,0.0000,0,0,0,0,0,0
n012w8-0,n012w8,0,5,1000000,100.0,adaptive,2026-07-04T10:59:26+01:00,5,7,56,120817,346,18.841002,370,385,370,15,3.8961,LOCAL_BEST,2,123,16552,194726,73942,230,356,1,421.3483,15000.0000,0,0,0,0,0,0
n012w8-0,n012w8,0,5,1000000,100.0,adaptive,2026-07-04T10:59:26+01:00,5,4,56,122954,270,18.292876,440,445,440,5,1.1236,LOCAL_BEST,1,123,16795,199772,75161,231,2137,-76,23.3973,0.0000,0,0,0,0,0,0
n012w8-0,n012w8,0,5,1000000,100.0,adaptive,2026-07-04T10:59:26+01:00,5,4,56,122957,270,18.292118,425,440,425,15,3.4091,LOCAL_BEST,1,123,16795,199773,75163,232,3,0,50000.0000,0.0000,0,0,0,0,0,0
n012w8-0,n012w8,0,5,1000000,100.0,adaptive,2026-07-04T10:59:26+01:00,5,4,56,125181,273,17.738627,420,425,420,5,1.1765,LOCAL_BEST,1,123,16870,203069,77108,233,2224,3,22.4820,1666.6667,0,0,0,0,0,0
n012w8-0,n012w8,0,5,1000000,100.0,adaptive,2026-07-04T10:59:26+01:00,5,4,56,125542,274,17.650378,410,420,410,10,2.3810,LOCAL_BEST,1,123,16878,203570,77429,234,361,1,277.0083,10000.0000,0,0,0,0,0,0
n012w8-0,n012w8,0,5,1000000,100.0,adaptive,2026-07-04T10:59:26+01:00,5,4,56,128818,279,16.869336,385,410,385,25,6.0976,LOCAL_BEST,1,123,16973,208472,80291,235,3276,5,76.3126,5000.0000,0,0,0,0,0,0
n012w8-0,n012w8,0,5,1000000,100.0,adaptive,2026-07-04T10:59:26+01:00,5,4,56,139740,295,14.506612,380,385,380,5,1.2987,LOCAL_BEST,1,123,17214,224200,90015,236,10922,16,4.5779,312.5000,0,0,0,0,0,0
n012w8-0,n012w8,0,5,1000000,100.0,adaptive,2026-07-04T10:59:26+01:00,5,13,56,140905,436,14.274996,340,345,340,5,1.4493,LOCAL_BEST,5,123,17300,227370,90833,237,1165,141,42.9185,35.4610,0,0,0,0,0,0
n012w8-0,n012w8,0,5,1000000,100.0,adaptive,2026-07-04T10:59:26+01:00,5,13,56,145224,443,13.448133,330,340,330,10,2.9412,LOCAL_BEST,5,123,17392,233814,94659,238,4319,7,23.1535,1428.5714,0,0,0,0,0,0
n012w8-0,n012w8,0,5,1000000,100.0,adaptive,2026-07-04T10:59:26+01:00,5,1,56,145431,273,13.409729,365,380,365,15,3.9474,LOCAL_BEST,0,123,17209,233274,95184,239,207,-170,724.6377,0.0000,0,0,0,0,0,0
n012w8-0,n012w8,0,5,1000000,100.0,adaptive,2026-07-04T10:59:26+01:00,5,4,56,147375,313,13.054372,355,380,355,25,6.5789,LOCAL_BEST,1,123,17377,234873,96814,240,1944,40,128.6008,625.0000,0,0,0,0,0,0
n012w8-0,n012w8,0,5,1000000,100.0,adaptive,2026-07-04T10:59:26+01:00,5,10,56,150356,474,12.527661,345,350,345,5,1.4286,LOCAL_BEST,4,123,17250,240907,99532,241,2981,161,16.7729,31.0559,0,0,0,0,0,0
n012w8-0,n012w8,0,5,1000000,100.0,adaptive,2026-07-04T10:59:26+01:00,5,1,56,152849,292,12.103529,355,365,355,10,2.7397,LOCAL_BEST,0,123,17325,245037,101849,242,2493,-182,40.1123,0.0000,0,0,0,0,0,0
n012w8-0,n012w8,0,5,1000000,100.0,adaptive,2026-07-04T10:59:26+01:00,5,1,56,153032,292,12.072967,340,355,340,15,4.2254,LOCAL_BEST,0,123,17326,245282,102018,243,183,0,819.6721,0.0000,0,0,0,0,0,0
n012w8-0,n012w8,0,5,1000000,100.0,adaptive,2026-07-04T10:59:26+01:00,5,10,56,157553,486,11.341957,330,345,330,15,4.3478,LOCAL_BEST,4,123,17340,251596,106070,244,4521,194,33.1785,77.3196,0,0,0,0,0,0
n012w8-0,n012w8,0,5,1000000,100.0,adaptive,2026-07-04T10:59:26+01:00,5,13,56,158948,469,11.125461,325,330,325,5,1.5152,LOCAL_BEST,5,123,17607,254182,106988,245,1395,-17,35.8423,0.0000,0,0,0,0,0,0
n012w8-0,n012w8,0,5,1000000,100.0,adaptive,2026-07-04T10:59:26+01:00,5,13,56,159777,471,10.998767,315,325,315,10,3.0769,LOCAL_BEST,5,123,17611,255485,107741,246,829,2,120.6273,5000.0000,0,0,0,0,0,0
n012w8-0,n012w8,0,5,1000000,100.0,adaptive,2026-07-04T10:59:26+01:00,5,1,56,160281,305,10.922448,335,340,335,5,1.4706,LOCAL_BEST,0,123,17424,256593,108601,247,504,-166,99.2063,0.0000,0,0,0,0,0,0
n012w8-0,n012w8,0,5,1000000,100.0,adaptive,2026-07-04T10:59:26+01:00,5,16,56,160905,559,10.828692,310,320,310,10,3.1250,LOCAL_BEST,7,123,17485,255087,109129,248,624,254,160.2564,39.3701,0,0,0,0,0,0
n012w8-0,n012w8,0,5,1000000,100.0,adaptive,2026-07-04T10:59:26+01:00,5,7,56,161137,408,10.794039,360,370,360,10,2.7027,LOCAL_BEST,2,123,17534,255036,109835,249,232,-151,431.0345,0.0000,0,0,0,0,0,0
n012w8-0,n012w8,0,5,1000000,100.0,adaptive,2026-07-04T10:59:26+01:00,5,7,56,162016,409,10.663751,345,360,345,15,4.1667,LOCAL_BEST,2,123,17544,256340,110651,250,879,1,170.6485,15000.0000,0,0,0,0,0,0
n012w8-0,n012w8,0,5,1000000,100.0,adaptive,2026-07-04T10:59:26+01:00,5,4,56,164853,353,10.253875,340,355,340,15,4.2254,LOCAL_BEST,1,123,17628,260711,112705,251,2837,-56,52.8728,0.0000,0,0,0,0,0,0
n012w8-0,n012w8,0,5,1000000,100.0,adaptive,2026-07-04T10:59:26+01:00,5,4,56,164905,353,10.246511,335,340,335,5,1.4706,LOCAL_BEST,1,123,17628,260769,112754,252,52,0,961.5385,0.0000,0,0,0,0,0,0
n012w8-0,n012w8,0,5,1000000,100.0,adaptive,2026-07-04T10:59:26+01:00,5,16,56,167371,575,9.903301,305,310,305,5,1.6129,LOCAL_BEST,7,123,17558,263925,115132,253,2466,222,20.2758,22.5225,0,0,0,0,0,0
n012w8-0,n012w8,0,5,1000000,100.0,adaptive,2026-07-04T10:59:26+01:00,5,16,56,167905,576,9.830509,290,305,290,15,4.9180,GLOBAL_BEST,7,123,17561,264675,115639,254,534,1,280.8989,15000.0000,0,0,0,0,0,0
n012w8-0,n012w8,0,5,1000000,100.0,adaptive,2026-07-04T10:59:26+01:00,5,4,56,169815,361,9.574498,330,335,330,5,1.4925,LOCAL_BEST,1,123,17674,268236,117304,255,1910,-215,26.1780,0.0000,0,0,0,0,0,0
n012w8-0,n012w8,0,5,1000000,100.0,adaptive,2026-07-04T10:59:26+01:00,5,4,56,169888,361,9.564846,315,330,315,15,4.5455,LOCAL_BEST,1,123,17674,268353,117370,256,73,0,2054.7945,0.0000,0,0,0,0,0,0
n012w8-0,n012w8,0,5,1000000,100.0,adaptive,2026-07-04T10:59:26+01:00,5,7,56,174976,440,8.915588,340,345,340,5,1.4493,LOCAL_BEST,2,123,17677,275360,122670,257,5088,79,9.8270,63.2911,0,0,0,0,0,0
n012w8-0,n012w8,0,5,1000000,100.0,adaptive,2026-07-04T10:59:26+01:00,5,10,56,176629,521,8.714290,300,330,300,30,9.0909,GLOBAL_BEST,4,123,17539,280825,123595,258,1653,81,181.4882,370.3704,0,0,0,0,0,0
n012w8-0,n012w8,0,5,1000000,100.0,adaptive,2026-07-04T10:59:26+01:00,5,1,56,180759,335,8.230989,310,335,310,25,7.4627,GLOBAL_BEST,0,123,17623,288625,127348,259,4130,-186,60.5327,0.0000,0,0,0,0,0,0
n012w8-0,n012w8,0,5,1000000,100.0,adaptive,2026-07-04T10:59:26+01:00,5,4,56,193176,417,6.933460,305,315,305,10,3.1746,GLOBAL_BEST,1,123,17896,302722,138914,260,12417,82,8.0535,121.9512,0,0,0,0,0,0
n012w8-0,n012w8,0,5,1000000,100.0,adaptive,2026-07-04T10:59:26+01:00,5,16,56,217905,700,4.926857,305,290,290,0,0.0000,REHEAT,7,123,17749,333487,163326,261,24729,283,0.0000,0.0000,0,0,0,0,0,0
n012w8-0,n012w8,0,5,1000000,100.0,adaptive,2026-07-04T10:59:26+01:00,5,10,56,226629,641,4.367430,315,300,300,0,0.0000,REHEAT,4,123,17674,357827,170567,262,8724,-59,0.0000,0.0000,0,0,0,0,0,0
n012w8-0,n012w8,0,5,1000000,100.0,adaptive,2026-07-04T10:59:26+01:00,5,1,56,230759,433,4.125209,310,310,310,0,0.0000,REHEAT,0,123,17790,363888,174231,263,4130,-208,0.0000,0.0000,0,0,0,0,0,0
n012w8-0,n012w8,0,5,1000000,100.0,adaptive,2026-07-04T10:59:26+01:00,5,4,56,243176,523,3.474914,305,305,305,0,0.0000,REHEAT,1,123,17983,375409,186270,264,12417,90,0.0000,0.0000,0,0,0,0,0,0
n012w8-0,n012w8,0,5,1000000,100.0,adaptive,2026-07-04T10:59:26+01:00,5,3,56,249512,557,0.000000,1280,1290,1280,10,0.7752,LOCAL_BEST,0,123,95781,443632,9653,265,6336,34,15.7828,294.1176,0,0,0,0,0,0
n012w8-0,n012w8,0,5,1000000,100.0,adaptive,2026-07-04T10:59:26+01:00,5,16,56,267905,837,50.118723,1205,290,290,0,0.0000,REHEAT,7,123,27851,417577,186110,266,18393,280,0.0000,0.0000,0,0,0,0,0,0
n012w8-0,n012w8,0,5,1000000,100.0,adaptive,2026-07-04T10:59:26+01:00,5,10,56,276629,780,50.118723,1300,300,300,0,0.0000,REHEAT,4,123,27850,442214,193136,267,8724,-57,0.0000,0.0000,0,0,0,0,0,0
n012w8-0,n012w8,0,5,1000000,100.0,adaptive,2026-07-04T10:59:26+01:00,5,1,56,280759,566,50.118723,1235,310,310,0,0.0000,REHEAT,0,123,27980,447257,196800,268,4130,-214,0.0000,0.0000,0,0,0,0,0,0
n012w8-0,n012w8,0,5,1000000,100.0,adaptive,2026-07-04T10:59:26+01:00,5,4,56,293176,664,50.118723,1305,305,305,0,0.0000,REHEAT,1,123,28142,459580,208977,269,12417,98,0.0000,0.0000,0,0,0,0,0,0
n012w8-0,n012w8,0,5,1000000,100.0,adaptive,2026-07-04T10:59:26+01:00,5,16,56,317905,976,50.118723,1425,290,290,0,0.0000,REHEAT,7,123,38036,500983,208830,270,24729,312,0.0000,0.0000,0,0,0,0,0,0
n012w8-0,n012w8,0,5,1000000,100.0,adaptive,2026-07-04T10:59:26+01:00,5,10,56,326629,918,50.118723,1090,300,300,0,0.0000,REHEAT,4,123,38075,526025,215748,271,8724,-58,0.0000,0.0000,0,0,0,0,0,0
n012w8-0,n012w8,0,5,1000000,100.0,adaptive,2026-07-04T10:59:26+01:00,5,1,56,330759,707,50.118723,1245,310,310,0,0.0000,REHEAT,0,123,38045,532068,219546,272,4130,-211,0.0000,0.0000,0,0,0,0,0,0
n012w8-0,n012w8,0,5,1000000,100.0,adaptive,2026-07-04T10:59:26+01:00,5,4,56,343176,802,50.118723,1210,305,305,0,0.0000,REHEAT,1,123,38430,543602,231693,273,12417,95,0.0000,0.0000,0,0,0,0,0,0
n012w8-0,n012w8,0,5,1000000,100.0,adaptive,2026-07-04T10:59:26+01:00,5,16,56,367905,1118,50.118723,1265,290,290,0,0.0000,REHEAT,7,123,48306,584675,231207,274,24729,316,0.0000,0.0000,0,0,0,0,0,0
n012w8-0,n012w8,0,5,1000000,100.0,adaptive,2026-07-04T10:59:26+01:00,5,10,56,376629,1062,50.118723,1320,300,300,0,0.0000,REHEAT,4,123,48362,610014,238307,275,8724,-56,0.0000,0.0000,0,0,0,0,0,0
n012w8-0,n012w8,0,5,1000000,100.0,adaptive,2026-07-04T10:59:26+01:00,5,1,56,380759,852,50.118723,1110,310,310,0,0.0000,REHEAT,0,123,48297,615792,242125,276,4130,-210,0.0000,0.0000,0,0,0,0,0,0
n012w8-0,n012w8,0,5,1000000,100.0,adaptive,2026-07-04T10:59:26+01:00,5,4,56,393176,945,50.118723,1050,305,305,0,0.0000,REHEAT,1,123,48832,626476,253898,277,12417,93,0.0000,0.0000,0,0,0,0,0,0
n012w8-0,n012w8,0,5,1000000,100.0,adaptive,2026-07-04T10:59:26+01:00,5,16,56,417905,1258,50.118723,1510,290,290,0,0.0000,REHEAT,7,123,58643,669457,253721,278,24729,313,0.0000,0.0000,0,0,0,0,0,0
n012w8-0,n012w8,0,5,1000000,100.0,adaptive,2026-07-04T10:59:26+01:00,5,10,56,426629,1203,50.118723,1250,300,300,0,0.0000,REHEAT,4,123,58520,693764,260912,279,8724,-55,0.0000,0.0000,0,0,0,0,0,0
n012w8-0,n012w8,0,5,1000000,100.0,adaptive,2026-07-04T10:59:26+01:00,5,1,56,430759,992,50.118723,1360,310,310,0,0.0000,REHEAT,0,123,58551,699214,264759,280,4130,-211,0.0000,0.0000,0,0,0,0,0,0
n012w8-0,n012w8,0,5,1000000,100.0,adaptive,2026-07-04T10:59:26+01:00,5,4,56,443176,1090,50.118723,1205,305,305,0,0.0000,REHEAT,1,123,58920,710105,276644,281,12417,98,0.0000,0.0000,0,0,0,0,0,0
n012w8-0,n012w8,0,5,1000000,100.0,adaptive,2026-07-04T10:59:26+01:00,5,16,56,467905,1393,50.118723,1460,290,290,0,0.0000,REHEAT,7,123,68774,753365,276414,282,24729,303,0.0000,0.0000,0,0,0,0,0,0
n012w8-0,n012w8,0,5,1000000,100.0,adaptive,2026-07-04T10:59:26+01:00,5,10,56,476629,1346,50.118723,1305,300,300,0,0.0000,REHEAT,4,123,68751,777241,283508,283,8724,-47,0.0000,0.0000,0,0,0,0,0,0
n012w8-0,n012w8,0,5,1000000,100.0,adaptive,2026-07-04T10:59:26+01:00,5,1,56,480759,1133,50.118723,1140,310,310,0,0.0000,REHEAT,0,123,68757,782870,287294,284,4130,-213,0.0000,0.0000,0,0,0,0,0,0
n012w8-0,n012w8,0,5,1000000,100.0,adaptive,2026-07-04T10:59:26+01:00,5,4,56,493176,1232,50.118723,1135,305,305,0,0.0000,REHEAT,1,123,69158,793877,299327,285,12417,99,0.0000,0.0000,0,0,0,0,0,0
n012w8-0,n012w8,0,5,1000000,100.0,adaptive,2026-07-04T10:59:26+01:00,5,3,56,496485,1292,0.000000,1265,1280,1265,15,1.1719,LOCAL_BEST,0,123,190652,882343,19380,286,3309,60,45.3309,250.0000,0,0,0,0,0,0
n012w8-0,n012w8,0,5,1000000,100.0,adaptive,2026-07-04T10:59:26+01:00,5,16,56,517905,1527,50.118723,935,290,290,0,0.0000,REHEAT,7,123,79055,836836,299113,287,21420,235,0.0000,0.0000,0,0,0,0,0,0
n012w8-0,n012w8,0,5,1000000,100.0,adaptive,2026-07-04T10:59:26+01:00,5,3,56,525205,1376,0.000000,1240,1265,1240,25,1.9763,LOCAL_BEST,0,123,201799,933280,20522,288,7300,-151,34.2466,0.0000,0,0,0,0,0,0
n012w8-0,n012w8,0,5,1000000,100.0,adaptive,2026-07-04T10:59:26+01:00,5,10,56,526629,1475,50.118723,1175,300,300,0,0.0000,REHEAT,4,123,78952,860160,306148,289,1424,99,0.0000,0.0000,0,0,0,0,0,0
n012w8-0,n012w8,0,5,1000000,100.0,adaptive,2026-07-04T10:59:26+01:00,5,1,56,530759,1276,50.118723,1080,310,310,0,0.0000,REHEAT,0,123,78953,866748,310002,290,4130,-199,0.0000,0.0000,0,0,0,0,0,0
n012w8-0,n012w8,0,5,1000000,100.0,adaptive,2026-07-04T10:59:26+01:00,5,4,56,543176,1372,50.118723,1220,305,305,0,0.0000,REHEAT,1,123,79255,877196,322163,291,12417,96,0.0000,0.0000,0,0,0,0,0,0
n012w8-0,n012w8,0,5,1000000,100.0,adaptive,2026-07-04T10:59:26+01:00,5,16,56,567905,1662,50.118723,1285,290,290,0,0.0000,REHEAT,7,123,89281,920297,321617,292,24729,290,0.0000,0.0000,0,0,0,0,0,0
n012w8-0,n012w8,0,5,1000000,100.0,adaptive,2026-07-04T10:59:26+01:00,5,10,56,576629,1614,50.118723,1245,300,300,0,0.0000,REHEAT,4,123,89166,943169,328713,293,8724,-48,0.0000,0.0000,0,0,0,0,0,0
n012w8-0,n012w8,0,5,1000000,100.0,adaptive,2026-07-04T10:59:26+01:00,5,1,56,580759,1418,50.118723,1330,310,310,0,0.0000,REHEAT,0,123,89151,950103,332701,294,4130,-196,0.0000,0.0000,0,0,0,0,0,0
n012w8-0,n012w8,0,5,1000000,100.0,adaptive,2026-07-04T10:59:26+01:00,5,4,56,593176,1508,50.118723,1415,305,305,0,0.0000,REHEAT,1,123,89433,959983,344963,295,12417,90,0.0000,0.0000,0,0,0,0,0,0
n012w8-0,n012w8,0,5,1000000,100.0,adaptive,2026-07-04T10:59:26+01:00,5,16,56,617905,1793,50.118723,1155,290,290,0,0.0000,REHEAT,7,123,99501,1003400,344395,296,24729,285,0.0000,0.0000,0,0,0,0,0,0
n012w8-0,n012w8,0,5,1000000,100.0,adaptive,2026-07-04T10:59:26+01:00,5,10,56,626629,1758,50.118723,1350,300,300,0,0.0000,REHEAT,4,123,99334,1026325,351636,297,8724,-35,0.0000,0.0000,0,0,0,0,0,0
n012w8-0,n012w8,0,5,1000000,100.0,adaptive,2026-07-04T10:59:26+01:00,5,1,56,630759,1556,50.118723,1685,310,310,0,0.0000,REHEAT,0,123,99280,1034319,355234,298,4130,-202,0.0000,0.0000,0,0,0,0,0,0
n012w8-0,n012w8,0,5,1000000,100.0,adaptive,2026-07-04T10:59:26+01:00,5,4,56,643176,1649,50.118723,800,305,305,0,0.0000,REHEAT,1,123,99650,1043650,367549,299,12417,93,0.0000,0.0000,0,0,0,0,0,0
n012w8-0,n012w8,0,5,1000000,100.0,adaptive,2026-07-04T10:59:26+01:00,5,16,56,667905,1930,50.118723,1160,290,290,0,0.0000,REHEAT,7,123,109787,1087629,366766,300,24729,281,0.0000,0.0000,0,0,0,0,0,0
n012w8-0,n012w8,0,5,1000000,100.0,adaptive,2026-07-04T10:59:26+01:00,5,10,56,676629,1902,50.118723,1385,300,300,0,0.0000,REHEAT,4,123,109554,1109968,374288,301,8724,-28,0.0000,0.0000,0,0,0,0,0,0
n012w8-0,n012w8,0,5,1000000,100.0,adaptive,2026-07-04T10:59:26+01:00,5,1,56,680759,1695,50.118723,1240,310,310,0,0.0000,REHEAT,0,123,109657,1117909,377661,302,4130,-207,0.0000,0.0000,0,0,0,0,0,0
n012w8-0,n012w8,0,5,1000000,100.0,adaptive,2026-07-04T10:59:26+01:00,5,4,56,693176,1792,50.118723,1200,305,305,0,0.0000,REHEAT,1,123,109748,1126869,390454,303,12417,97,0.0000,0.0000,0,0,0,0,0,0
n012w8-0,n012w8,0,5,1000000,100.0,adaptive,2026-07-04T10:59:26+01:00,5,16,56,717905,2077,50.118723,1270,290,290,0,0.0000,REHEAT,7,123,119901,1171877,389594,304,24729,285,0.0000,0.0000,0,0,0,0,0,0
n012w8-0,n012w8,0,5,1000000,100.0,adaptive,2026-07-04T10:59:26+01:00,5,10,56,726629,2044,50.118723,1025,300,300,0,0.0000,REHEAT,4,123,119724,1193096,397099,305,8724,-33,0.0000,0.0000,0,0,0,0,0,0
n012w8-0,n012w8,0,5,1000000,100.0,adaptive,2026-07-04T10:59:26+01:00,5,1,56,730759,1838,50.118723,1240,310,310,0,0.0000,REHEAT,0,123,119886,1202519,400306,306,4130,-206,0.0000,0.0000,0,0,0,0,0,0
n012w8-0,n012w8,0,5,1000000,100.0,adaptive,2026-07-04T10:59:26+01:00,5,4,56,743176,1936,50.118723,1535,305,305,0,0.0000,REHEAT,1,123,119897,1210041,413270,307,12417,98,0.0000,0.0000,0,0,0,0,0,0
n012w8-0,n012w8,0,5,1000000,100.0,adaptive,2026-07-04T10:59:26+01:00,5,16,56,767905,2214,50.118723,1125,290,290,0,0.0000,REHEAT,7,123,130092,1255743,412320,308,24729,278,0.0000,0.0000,0,0,0,0,0,0
n012w8-0,n012w8,0,5,1000000,100.0,adaptive,2026-07-04T10:59:26+01:00,5,10,56,776629,2185,50.118723,1125,300,300,0,0.0000,REHEAT,4,123,130005,1277358,419722,309,8724,-29,0.0000,0.0000,0,0,0,0,0,0
n012w8-0,n012w8,0,5,1000000,100.0,adaptive,2026-07-04T10:59:26+01:00,5,1,56,780759,1977,50.118723,1080,310,310,0,0.0000,REHEAT,0,123,130149,1285715,423100,310,4130,-208,0.0000,0.0000,0,0,0,0,0,0
n012w8-0,n012w8,0,5,1000000,100.0,adaptive,2026-07-04T10:59:26+01:00,5,4,56,793176,2079,50.118723,1350,305,305,0,0.0000,REHEAT,1,123,130015,1292988,436135,311,12417,102,0.0000,0.0000,0,0,0,0,0,0
n012w8-0,n012w8,0,5,1000000,100.0,adaptive,2026-07-04T10:59:26+01:00,5,16,56,817905,2356,50.118723,1165,290,290,0,0.0000,REHEAT,7,123,140187,1340923,435116,312,24729,277,0.0000,0.0000,0,0,0,0,0,0
n012w8-0,n012w8,0,5,1000000,100.0,adaptive,2026-07-04T10:59:26+01:00,5,10,56,826629,2327,50.118723,1130,300,300,0,0.0000,REHEAT,4,123,140334,1360110,442225,313,8724,-29,0.0000,0.0000,0,0,0,0,0,0
n012w8-0,n012w8,0,5,1000000,100.0,adaptive,2026-07-04T10:59:26+01:00,5,1,56,830759,2115,50.118723,1570,310,310,0,0.0000,REHEAT,0,123,140286,1368635,445809,314,4130,-212,0.0000,0.0000,0,0,0,0,0,0
n012w8-0,n012w8,0,5,1000000,100.0,adaptive,2026-07-04T10:59:26+01:00,5,4,56,843176,2217,50.118723,1555,305,305,0,0.0000,REHEAT,1,123,140171,1377571,458888,315,12417,102,0.0000,0.0000,0,0,0,0,0,0
n012w8-0,n012w8,0,5,1000000,100.0,adaptive,2026-07-04T10:59:26+01:00,5,16,56,867905,2496,50.118723,1205,290,290,0,0.0000,REHEAT,7,123,150344,1424226,458101,316,24729,279,0.0000,0.0000,0,0,0,0,0,0
n012w8-0,n012w8,0,5,1000000,100.0,adaptive,2026-07-04T10:59:26+01:00,5,10,56,876629,2465,50.118723,1300,300,300,0,0.0000,REHEAT,4,123,150517,1443928,464923,317,8724,-31,0.0000,0.0000,0,0,0,0,0,0
n012w8-0,n012w8,0,5,1000000,100.0,adaptive,2026-07-04T10:59:26+01:00,5,1,56,880759,2255,50.118723,1610,310,310,0,0.0000,REHEAT,0,123,150539,1452337,468323,318,4130,-210,0.0000,0.0000,0,0,0,0,0,0
n012w8-0,n012w8,0,5,1000000,100.0,adaptive,2026-07-04T10:59:26+01:00,5,4,56,893176,2352,50.118723,1090,305,305,0,0.0000,REHEAT,1,123,150313,1461678,481881,319,12417,97,0.0000,0.0000,0,0,0,0,0,0
n012w8-0,n012w8,0,5,1000000,100.0,adaptive,2026-07-04T10:59:26+01:00,5,16,56,917905,2609,50.118723,1340,290,290,0,0.0000,REHEAT,7,123,160689,1507259,480610,320,24729,257,0.0000,0.0000,0,0,0,0,0,0
n012w8-0,n012w8,0,5,1000000,100.0,adaptive,2026-07-04T10:59:26+01:00,5,3,56,925030,2512,0.000000,1155,1240,1155,85,6.8548,LOCAL_BEST,0,123,355004,1642500,36325,321,7125,-97,119.2982,0.0000,0,0,0,0,0,0
n012w8-0,n012w8,0,5,1000000,100.0,adaptive,2026-07-04T10:59:26+01:00,5,10,56,926629,2594,50.118723,1185,300,300,0,0.0000,REHEAT,4,123,160706,1528083,487598,322,1599,82,0.0000,0.0000,0,0,0,0,0,0
n012w8-0,n012w8,0,5,1000000,100.0,adaptive,2026-07-04T10:59:26+01:00,5,1,56,930759,2389,50.118723,990,310,310,0,0.0000,REHEAT,0,123,160662,1535855,491013,323,4130,-205,0.0000,0.0000,0,0,0,0,0,0
n012w8-0,n012w8,0,5,1000000,100.0,adaptive,2026-07-04T10:59:26+01:00,5,4,56,943176,2482,50.118723,1070,305,305,0,0.0000,REHEAT,1,123,160516,1546558,504590,324,12417,93,0.0000,0.0000,0,0,0,0,0,0
n012w8-0,n012w8,0,5,1000000,100.0,adaptive,2026-07-04T10:59:26+01:00,5,16,56,967905,2735,50.118723,1275,290,290,0,0.0000,REHEAT,7,123,170861,1590346,503308,325,24729,253,0.0000,0.0000,0,0,0,0,0,0
n012w8-0,n012w8,0,5,1000000,100.0,adaptive,2026-07-04T10:59:26+01:00,5,10,56,976629,2695,50.118723,1455,300,300,0,0.0000,REHEAT,4,123,170840,1611147,510271,326,8724,-40,0.0000,0.0000,0,0,0,0,0,0
n012w8-0,n012w8,0,5,1000000,100.0,adaptive,2026-07-04T10:59:26+01:00,5,1,56,980759,2511,50.118723,1370,310,310,0,0.0000,REHEAT,0,123,170834,1618888,513887,327,4130,-184,0.0000,0.0000,0,0,0,0,0,0
n012w8-0,n012w8,0,5,1000000,100.0,adaptive,2026-07-04T10:59:26+01:00,5,4,56,993176,2605,50.118723,1100,305,305,0,0.0000,REHEAT,1,123,170709,1630213,527453,328,12417,94,0.0000,0.0000,0,0,0,0,0,0
n012w8-0,n012w8,0,5,1000000,100.0,adaptive,2026-07-04T10:59:26+01:00,6,7,63,1,87,100.000000,345,375,345,30,8.0000,GLOBAL_BEST,2,777,0,2,0,1,1,87,300000.0000,344.8276,0,0,0,0,0,0
n012w8-0,n012w8,0,5,1000000,100.0,adaptive,2026-07-04T10:59:26+01:00,6,3,63,2,0,0.000000,3310,3340,3310,30,0.8982,LOCAL_BEST,0,777,0,5,0,2,1,-87,300000.0000,0.0000,0,0,0,0,0,0
n012w8-0,n012w8,0,5,1000000,100.0,adaptive,2026-07-04T10:59:26+01:00,6,2,63,2,0,0.000000,3310,3340,3310,30,0.8982,LOCAL_BEST,0,777,0,4,0,3,0,0,0.0000,0.0000,0,0,0,0,0,0
n012w8-0,n012w8,0,5,1000000,100.0,adaptive,2026-07-04T10:59:26+01:00,6,3,63,3,0,0.000000,3215,3310,3215,95,2.8701,LOCAL_BEST,0,777,0,9,0,4,1,0,950000.0000,0.0000,0,0,0,0,0,0
n012w8-0,n012w8,0,5,1000000,100.0,adaptive,2026-07-04T10:59:26+01:00,6,2,63,3,0,0.000000,3130,3310,3130,180,5.4381,LOCAL_BEST,0,777,0,4,0,5,0,0,0.0000,0.0000,0,0,0,0,0,0
n012w8-0,n012w8,0,5,1000000,100.0,adaptive,2026-07-04T10:59:26+01:00,6,3,63,4,0,0.000000,3065,3215,3065,150,4.6656,LOCAL_BEST,0,777,0,10,0,6,1,0,1500000.0000,0.0000,0,0,0,0,0,0
n012w8-0,n012w8,0,5,1000000,100.0,adaptive,2026-07-04T10:59:26+01:00,6,2,63,4,0,0.000000,3100,3130,3100,30,0.9585,LOCAL_BEST,0,777,0,7,0,7,0,0,0.0000,0.0000,0,0,0,0,0,0
n012w8-0,n012w8,0,5,1000000,100.0,adaptive,2026-07-04T10:59:26+01:00,6,1,63,5,0,99.994474,3310,3340,3310,30,0.8982,GLOBAL_BEST,0,777,0,9,1,8,1,0,300000.0000,0.0000,0,0,0,0,0,0
n012w8-0,n012w8,0,5,1000000,100.0,adaptive,2026-07-04T10:59:26+01:00,6,3,63,5,0,0.000000,2765,3065,2765,300,9.7879,LOCAL_BEST,0,777,0,10,0,9,0,0,0.0000,0.0000,0,0,0,0,0,0
n012w8-0,n012w8,0,5,1000000,100.0,adaptive,2026-07-04T10:59:26+01:00,6,2,63,5,0,0.000000,3070,3100,3070,30,0.9677,LOCAL_BEST,0,777,0,7,0,10,0,0,0.0000,0.0000,0,0,0,0,0,0
n012w8-0,n012w8,0,5,1000000,100.0,adaptive,2026-07-04T10:59:26+01:00,6,1,63,6,0,99.993092,3010,3310,3010,300,9.0634,GLOBAL_BEST,0,777,0,12,1,11,1,0,3000000.0000,0.0000,0,0,0,0,0,0
n012w8-0,n012w8,0,5,1000000,100.0,adaptive,2026-07-04T10:59:26+01:00,6,1,63,7,0,99.991711,2860,3010,2860,150,4.9834,GLOBAL_BEST,0,777,0,12,1,12,1,0,1500000.0000,0.0000,0,0,0,0,0,0
n012w8-0,n012w8,0,5,1000000,100.0,adaptive,2026-07-04T10:59:26+01:00,6,3,63,7,0,0.000000,2465,2765,2465,300,10.8499,GLOBAL_BEST,0,777,0,11,1,13,0,0,0.0000,0.0000,0,0,0,0,0,0
n012w8-0,n012w8,0,5,1000000,100.0,adaptive,2026-07-04T10:59:26+01:00,6,3,63,8,0,0.000000,2375,2465,2375,90,3.6511,GLOBAL_BEST,0,777,0,15,1,14,1,0,900000.0000,0.0000,0,0,0,0,0,0
n012w8-0,n012w8,0,5,1000000,100.0,adaptive,2026-07-04T10:59:26+01:00,6,3,63,9,0,0.000000,2360,2375,2360,15,0.6316,GLOBAL_BEST,0,777,0,15,1,15,1,0,150000.0000,0.0000,0,0,0,0,0,0
n012w8-0,n012w8,0,5,1000000,100.0,adaptive,2026-07-04T10:59:26+01:00,6,2,63,9,0,0.000000,3040,3070,3040,30,0.9772,LOCAL_BEST,0,777,0,21,0,16,0,0,0.0000,0.0000,0,0,0,0,0,0
n012w8-0,n012w8,0,5,1000000,100.0,adaptive,2026-07-04T10:59:26+01:00,6,3,63,10,0,0.000000,2315,2360,2315,45,1.9068,GLOBAL_BEST,0,777,0,15,1,17,1,0,450000.0000,0.0000,0,0,0,0,0,0
n012w8-0,n012w8,0,5,1000000,100.0,adaptive,2026-07-04T10:59:26+01:00,6,2,63,10,0,0.000000,3010,3040,3010,30,0.9868,LOCAL_BEST,0,777,0,26,0,18,0,0,0.0000,0.0000,0,0,0,0,0,0
n012w8-0,n012w8,0,5,1000000,100.0,adaptive,2026-07-04T10:59:26+01:00,6,1,63,11,0,99.986185,2845,2860,2845,15,0.5245,GLOBAL_BEST,0,777,1,30,1,19,1,0,150000.0000,0.0000,0,0,0,0,0,0
n012w8-0,n012w8,0,5,1000000,100.0,adaptive,2026-07-04T10:59:26+01:00,6,3,63,11,0,0.000000,2030,2315,2030,285,12.3110,GLOBAL_BEST,0,777,0,15,1,20,0,0,0.0000,0.0000,0,0,0,0,0,0
n012w8-0,n012w8,0,5,1000000,100.0,adaptive,2026-07-04T10:59:26+01:00,6,1,63,12,0,99.984804,2815,2845,2815,30,1.0545,GLOBAL_BEST,0,777,1,31,1,21,1,0,300000.0000,0.0000,0,0,0,0,0,0
n012w8-0,n012w8,0,5,1000000,100.0,adaptive,2026-07-04T10:59:26+01:00,6,1,63,15,0,99.980660,2680,2815,2680,135,4.7957,GLOBAL_BEST,0,777,3,40,1,22,3,0,450000.0000,0.0000,0,0,0,0,0,0
n012w8-0,n012w8,0,5,1000000,100.0,adaptive,2026-07-04T10:59:26+01:00,6,2,63,15,0,0.000000,2980,3010,2980,30,0.9967,LOCAL_BEST,0,777,0,30,0,23,0,0,0.0000,0.0000,0,0,0,0,0,0
n012w8-0,n012w8,0,5,1000000,100.0,adaptive,2026-07-04T10:59:26+01:00,6,1,63,16,0,99.979279,2620,2680,2620,60,2.2388,GLOBAL_BEST,0,777,3,42,1,24,1,0,600000.0000,0.0000,0,0,0,0,0,0
n012w8-0,n012w8,0,5,1000000,100.0,adaptive,2026-07-04T10:59:26+01:00,6,5,63,16,45,0.000000,535,640,535,105,16.4062,GLOBAL_BEST,1,777,0,22,14,25,0,45,0.0000,2333.3333,0,0,0,0,0,0
n012w8-0,n012w8,0,5,1000000,100.0,adaptive,2026-07-04T10:59:26+01:00,6,2,63,18,0,0.000000,2875,2980,2875,105,3.5235,LOCAL_BEST,0,777,0,34,0,26,2,-45,525000.0000,0.0000,0,0,0,0,0,0
n012w8-0,n012w8,0,5,1000000,100.0,adaptive,2026-07-04T10:59:26+01:00,6,2,63,19,0,0.000000,2845,2875,2845,30,1.0435,LOCAL_BEST,0,777,0,34,0,27,1,0,300000.0000,0.0000,0,0,0,0,0,0
n012w8-0,n012w8,0,5,1000000,100.0,adaptive,2026-07-04T10:59:26+01:00,6,2,63,21,0,0.000000,2695,2845,2695,150,5.2724,LOCAL_BEST,0,777,0,35,0,28,2,0,750000.0000,0.0000,0,0,0,0,0,0
n012w8-0,n012w8,0,5,1000000,100.0,adaptive,2026-07-04T10:59:26+01:00,6,2,63,22,0,0.000000,2665,2695,2665,30,1.1132,LOCAL_BEST,0,777,0,36,0,29,1,0,300000.0000,0.0000,0,0,0,0,0,0
n012w8-0,n012w8,0,5,1000000,100.0,adaptive,2026-07-04T10:59:26+01:00,6,2,63,23,0,0.000000,2545,2665,2545,120,4.5028,LOCAL_BEST,0,777,0,37,0,30,1,0,1200000.0000,0.0000,0,0,0,0,0,0
n012w8-0,n012w8,0,5,1000000,100.0,adaptive,2026-07-04T10:59:26+01:00,6,1,63,25,0,99.966848,2530,2620,2530,90,3.4351,LOCAL_BEST,0,777,6,55,1,31,2,0,450000.0000,0.0000,0,0,0,0,0,0
n012w8-0,n012w8,0,5,1000000,100.0,adaptive,2026-07-04T10:59:26+01:00,6,2,63,25,0,0.000000,2380,2545,2380,165,6.4833,LOCAL_BEST,0,777,0,41,0,32,0,0,0.0000,0.0000,0,0,0,0,0,0
n012w8-0,n012w8,0,5,1000000,100.0,adaptive,2026-07-04T10:59:26+01:00,6,1,63,29,0,99.961324,2410,2530,2410,120,4.7431,LOCAL_BEST,0,777,7,57,2,33,4,0,300000.0000,0.0000,0,0,0,0,0,0
n012w8-0,n012w8,0,5,1000000,100.0,adaptive,2026-07-04T10:59:26+01:00,6,1,63,30,0,99.959943,2395,2410,2395,15,0.6224,LOCAL_BEST,0,777,7,59,2,34,1,0,150000.0000,0.0000,0,0,0,0,0,0
n012w8-0,n012w8,0,5,1000000,100.0,adaptive,2026-07-04T10:59:26+01:00,6,1,63,32,0,99.957181,2305,2395,2305,90,3.7578,LOCAL_BEST,0,777,8,61,2,35,2,0,450000.0000,0.0000,0,0,0,0,0,0
n012w8-0,n012w8,0,5,1000000,100.0,adaptive,2026-07-04T10:59:26+01:00,6,1,63,40,0,99.946134,2215,2305,2215,90,3.9046,LOCAL_BEST,0,777,9,71,5,36,8,0,112500.0000,0.0000,0,0,0,0,0,0
n012w8-0,n012w8,0,5,1000000,100.0,adaptive,2026-07-04T10:59:26+01:00,6,1,63,45,0,99.939230,2155,2215,2155,60,2.7088,LOCAL_BEST,0,777,10,77,6,37,5,0,120000.0000,0.0000,0,0,0,0,0,0
n012w8-0,n012w8,0,5,1000000,100.0,adaptive,2026-07-04T10:59:26+01:00,6,1,63,46,0,99.937850,2080,2155,2080,75,3.4803,LOCAL_BEST,0,777,10,77,6,38,1,0,750000.0000,0.0000,0,0,0,0,0,0
n012w8-0,n012w8,0,5,1000000,100.0,adaptive,2026-07-04T10:59:26+01:00,6,2,63,50,0,0.000000,2245,2380,2245,135,5.6723,LOCAL_BEST,0,777,0,81,0,39,4,0,337500.0000,0.0000,0,0,0,0,0,0
n012w8-0,n012w8,0,5,1000000,100.0,adaptive,2026-07-04T10:59:26+01:00,6,2,63,51,0,0.000000,2150,2245,2150,95,4.2316,LOCAL_BEST,0,777,0,82,0,40,1,0,950000.0000,0.0000,0,0,0,0,0,0
n012w8-0,n012w8,0,5,1000000,100.0,adaptive,2026-07-04T10:59:26+01:00,6,2,63,52,0,0.000000,2060,2150,2060,90,4.1860,LOCAL_BEST,0,777,0,82,0,41,1,0,900000.0000,0.0000,0,0,0,0,0,0
n012w8-0,n012w8,0,5,1000000,100.0,adaptive,2026-07-04T10:59:26+01:00,6,2,63,55,0,0.000000,1960,2060,1960,100,4.8544,LOCAL_BEST,0,777,0,85,0,42,3,0,333333.3333,0.0000,0,0,0,0,0,0
n012w8-0,n012w8,0,5,1000000,100.0,adaptive,2026-07-04T10:59:26+01:00,6,2,63,56,0,0.000000,1915,1960,1915,45,2.2959,GLOBAL_BEST,0,777,0,87,0,43,1,0,450000.0000,0.0000,0,0,0,0,0,0
n012w8-0,n012w8,0,5,1000000,100.0,adaptive,2026-07-04T10:59:26+01:00,6,1,63,57,0,99.922663,2005,2080,2005,75,3.6058,GLOBAL_BEST,0,777,12,112,10,44,1,0,750000.0000,0.0000,0,0,0,0,0,0
n012w8-0,n012w8,0,5,1000000,100.0,adaptive,2026-07-04T10:59:26+01:00,6,2,63,57,0,0.000000,1825,1915,1825,90,4.6997,GLOBAL_BEST,0,777,0,95,0,45,0,0,0.0000,0.0000,0,0,0,0,0,0
n012w8-0,n012w8,0,5,1000000,100.0,adaptive,2026-07-04T10:59:26+01:00,6,1,63,62,0,99.915761,1960,2005,1960,45,2.2444,GLOBAL_BEST,0,777,14,120,11,46,5,0,90000.0000,0.0000,0,0,0,0,0,0
n012w8-0,n012w8,0,5,1000000,100.0,adaptive,2026-07-04T10:59:26+01:00,6,2,63,63,0,0.000000,1810,1825,1810,15,0.8219,GLOBAL_BEST,0,777,0,105,0,47,1,0,150000.0000,0.0000,0,0,0,0,0,0
n012w8-0,n012w8,0,5,1000000,100.0,adaptive,2026-07-04T10:59:26+01:00,6,1,63,68,0,99.907479,1945,1960,1945,15,0.7653,GLOBAL_BEST,0,777,15,133,12,48,5,0,30000.0000,0.0000,0,0,0,0,0,0
n012w8-0,n012w8,0,5,1000000,100.0,adaptive,2026-07-04T10:59:26+01:00,6,1,63,71,0,99.903338,1915,1945,1915,30,1.5424,LOCAL_BEST,0,777,16,139,12,49,3,0,100000.0000,0.0000,0,0,0,0,0,0
n012w8-0,n012w8,0,5,1000000,100.0,adaptive,2026-07-04T10:59:26+01:00,6,2,63,77,0,0.000000,1720,1810,1720,90,4.9724,GLOBAL_BEST,0,777,0,121,0,50,6,0,150000.0000,0.0000,0,0,0,0,0,0
n012w8-0,n012w8,0,5,1000000,100.0,adaptive,2026-07-04T10:59:26+01:00,6,2,63,78,0,0.000000,1690,1720,1690,30,1.7442,GLOBAL_BEST,0,777,0,122,0,51,1,0,300000.0000,0.0000,0,0,0,0,0,0
n012w8-0,n012w8,0,5,1000000,100.0,adaptive,2026-07-04T10:59:26+01:00,6,3,63,93,0,0.000000,1930,2030,1930,100,4.9261,LOCAL_BEST,0,777,28,157,2,52,15,0,66666.6667,0.0000,0,0,0,0,0,0
n012w8-0,n012w8,0,5,1000000,100.0,adaptive,2026-07-04T10:59:26+01:00,6,3,63,117,0,0.000000,1750,1930,1750,180,9.3264,LOCAL_BEST,0,777,36,206,4,53,24,0,75000.0000,0.0000,0,0,0,0,0,0
n012w8-0,n012w8,0,5,1000000,100.0,adaptive,2026-07-04T10:59:26+01:00,6,3,63,120,0,0.000000,1735,1750,1735,15,0.8571,LOCAL_BEST,0,777,38,214,4,54,3,0,50000.0000,0.0000,0,0,0,0,0,0
n012w8-0,n012w8,0,5,1000000,100.0,adaptive,2026-07-04T10:59:26+01:00,6,1,63,127,0,99.826076,1870,1915,1870,45,2.3499,LOCAL_BEST,0,777,32,257,22,55,7,0,64285.7143,0.0000,0,0,0,0,0,0
n012w8-0,n012w8,0,5,1000000,100.0,adaptive,2026-07-04T10:59:26+01:00,6,1,63,155,0,99.787467,1860,1870,1860,10,0.5348,LOCAL_BEST,0,777,43,289,25,56,28,0,3571.4286,0.0000,0,0,0,0,0,0
n012w8-0,n012w8,0,5,1000000,100.0,adaptive,2026-07-04T10:59:26+01:00,6,1,63,171,0,99.765412,1840,1860,1840,20,1.0753,LOCAL_BEST,0,777,50,303,25,57,16,0,12500.0000,0.0000,0,0,0,0,0,0
n012w8-0,n012w8,0,5,1000000,100.0,adaptive,2026-07-04T10:59:26+01:00,6,8,63,175,87,0.000000,370,375,370,5,1.3333,LOCAL_BEST,3,777,0,315,154,58,4,87,12500.0000,57.4713,0,0,0,0,0,0
n012w8-0,n012w8,0,5,1000000,100.0,adaptive,2026-07-04T10:59:26+01:00,6,8,63,180,87,0.000000,355,370,355,15,4.0541,LOCAL_BEST,3,777,0,322,157,59,5,0,30000.0000,0.0000,0,0,0,0,0,0
n012w8-0,n012w8,0,5,1000000,100.0,adaptive,2026-07-04T10:59:26+01:00,6,1,63,207,0,99.715805,1795,1840,1795,45,2.4457,LOCAL_BEST,0,777,58,348,37,60,27,-87,16666.6667,0.0000,0,0,0,0,0,0
n012w8-0,n012w8,0,5,1000000,100.0,adaptive,2026-07-04T10:59:26+01:00,6,1,63,208,0,99.714427,1765,1795,1765,30,1.6713,LOCAL_BEST,0,777,58,349,37,61,1,0,300000.0000,0.0000,0,0,0,0,0,0
n012w8-0,n012w8,0,5,1000000,100.0,adaptive,2026-07-04T10:59:26+01:00,6,1,63,211,0,99.710295,1645,1765,1645,120,6.7989,GLOBAL_BEST,0,777,59,359,37,62,3,0,400000.0000,0.0000,0,0,0,0,0,0
n012w8-0,n012w8,0,5,1000000,100.0,adaptive,2026-07-04T10:59:26+01:00,6,1,63,219,0,99.699275,1630,1645,1630,15,0.9119,GLOBAL_BEST,0,777,61,361,39,63,8,0,18750.0000,0.0000,0,0,0,0,0,0
n012w8-0,n012w8,0,5,1000000,100.0,adaptive,2026-07-04T10:59:26+01:00,6,1,63,222,1,99.695143,1570,1630,1570,60,3.6810,GLOBAL_BEST,0,777,62,364,39,64,3,1,200000.0000,60000.0000,0,0,0,0,0,0
n012w8-0,n012w8,0,5,1000000,100.0,adaptive,2026-07-04T10:59:26+01:00,6,2,63,276,1,0.000000,1645,1690,1645,45,2.6627,LOCAL_BEST,0,777,0,499,0,65,54,0,8333.3333,0.0000,0,0,0,0,0,0
n012w8-0,n012w8,0,5,1000000,100.0,adaptive,2026-07-04T10:59:26+01:00,6,1,63,278,1,99.618042,1545,1570,1545,25,1.5924,GLOBAL_BEST,0,777,72,460,58,66,2,0,125000.0000,0.0000,0,0,0,0,0,0
n012w8-0,n012w8,0,5,1000000,100.0,adaptive,2026-07-04T10:59:26+01:00,6,1,63,280,1,99.615289,1335,1545,1335,210,13.5922,GLOBAL_BEST,0,777,72,463,59,67,2,0,1050000.0000,0.0000,0,0,0,0,0,0
n012w8-0,n012w8,0,5,1000000,100.0,adaptive,2026-07-04T10:59:26+01:00,6,3,63,295,1,0.000000,1690,1735,1690,45,2.5937,LOCAL_BEST,0,777,98,520,5,68,15,0,30000.0000,0.0000,0,0,0,0,0,0
n012w8-0,n012w8,0,5,1000000,100.0,adaptive,2026-07-04T10:59:26+01:00,6,1,63,296,1,99.593272,1320,1335,1320,15,1.1236,GLOBAL_BEST,0,777,74,487,70,69,1,0,150000.0000,0.0000,0,0,0,0,0,0
n012w8-0,n012w8,0,5,1000000,100.0,adaptive,2026-07-04T10:59:26+01:00,6,1,63,298,1,99.590520,1305,1320,1305,15,1.1364,GLOBAL_BEST,0,777,74,490,70,70,2,0,75000.0000,0.0000,0,0,0,0,0,0
n012w8-0,n012w8,0,5,1000000,100.0,adaptive,2026-07-04T10:59:26+01:00,6,8,63,326,88,0.000000,345,355,345,10,2.8169,LOCAL_BEST,3,777,0,551,288,71,28,87,3571.4286,114.9425,0,0,0,0,0,0
n012w8-0,n012w8,0,5,1000000,100.0,adaptive,2026-07-04T10:59:26+01:00,6,1,63,356,1,99.510750,1230,1305,1230,75,5.7471,GLOBAL_BEST,0,777,91,580,88,72,30,-87,25000.0000,0.0000,0,0,0,0,0,0
n012w8-0,n012w8,0,5,1000000,100.0,adaptive,2026-07-04T10:59:26+01:00,6,1,63,363,1,99.501127,1215,1230,1215,15,1.2195,GLOBAL_BEST,0,777,91,594,93,73,7,0,21428.5714,0.0000,0,0,0,0,0,0
n012w8-0,n012w8,0,5,1000000,100.0,adaptive,2026-07-04T10:59:26+01:00,6,1,63,364,1,99.499752,1065,1215,1065,150,12.3457,GLOBAL_BEST,0,777,91,597,93,74,1,0,1500000.0000,0.0000,0,0,0,0,0,0
n012w8-0,n012w8,0,5,1000000,100.0,adaptive,2026-07-04T10:59:26+01:00,6,8,63,441,88,0.000000,330,345,330,15,4.3478,GLOBAL_BEST,3,777,0,701,387,75,77,87,1948.0519,172.4138,0,0,0,0,0,0
n012w8-0,n012w8,0,5,1000000,100.0,adaptive,2026-07-04T10:59:26+01:00,6,1,63,476,1,99.345912,1045,1065,1045,20,1.8779,GLOBAL_BEST,0,777,123,838,124,76,35,-87,5714.2857,0.0000,0,0,0,0,0,0
n012w8-0,n012w8,0,5,1000000,100.0,adaptive,2026-07-04T10:59:26+01:00,6,3,63,505,1,0.000000,1605,1690,1605,85,5.0296,LOCAL_BEST,0,777,182,892,11,77,29,0,29310.3448,0.0000,0,0,0,0,0,0
n012w8-0,n012w8,0,5,1000000,100.0,adaptive,2026-07-04T10:59:26+01:00,6,8,63,854,89,0.000000,315,330,315,15,4.5455,GLOBAL_BEST,3,777,0,1302,758,78,349,88,429.7994,170.4545,0,0,0,0,0,0
n012w8-0,n012w8,0,5,1000000,100.0,adaptive,2026-07-04T10:59:26+01:00,6,2,63,953,2,0.000000,1580,1645,1580,65,3.9514,LOCAL_BEST,0,777,0,1820,0,79,99,-87,6565.6566,0.0000,0,0,0,0,0,0
n012w8-0,n012w8,0,5,1000000,100.0,adaptive,2026-07-04T10:59:26+01:00,6,2,63,955,2,0.000000,1550,1580,1550,30,1.8987,LOCAL_BEST,0,777,0,1827,0,80,2,0,150000.0000,0.0000,0,0,0,0,0,0
n012w8-0,n012w8,0,5,1000000,100.0,adaptive,2026-07-04T10:59:26+01:00,6,2,63,1095,2,0.000000,1545,1550,1545,5,0.3226,LOCAL_BEST,0,777,0,2077,10,81,140,0,357.1429,0.0000,0,0,0,0,0,0
n012w8-0,n012w8,0,5,1000000,100.0,adaptive,2026-07-04T10:59:26+01:00,6,1,63,1382,2,98.110164,1000,1045,1000,45,4.3062,GLOBAL_BEST,0,777,353,2562,419,82,287,0,1567.9443,0.0000,0,0,0,0,0,0
n012w8-0,n012w8,0,5,1000000,100.0,adaptive,2026-07-04T10:59:26+01:00,6,1,63,1436,2,98.036997,960,1000,960,40,4.0000,GLOBAL_BEST,0,777,371,2647,434,83,54,0,7407.4074,0.0000,0,0,0,0,0,0
n012w8-0,n012w8,0,5,1000000,100.0,adaptive,2026-07-04T10:59:26+01:00,6,1,63,1437,2,98.035643,930,960,930,30,3.1250,GLOBAL_BEST,0,777,371,2647,434,84,1,0,300000.0000,0.0000,0,0,0,0,0,0
n012w8-0,n012w8,0,5,1000000,100.0,adaptive,2026-07-04T10:59:26+01:00,6,3,63,1530,3,0.000000,1600,1605,1600,5,0.3115,LOCAL_BEST,0,777,549,2774,55,85,93,1,537.6344,5000.0000,0,0,0,0,0,0
n012w8-0,n012w8,0,5,1000000,100.0,adaptive,2026-07-04T10:59:26+01:00,6,2,63,1533,3,0.000000,1475,1545,1475,70,4.5307,LOCAL_BEST,0,777,0,2880,71,86,3,0,233333.3333,0.0000,0,0,0,0,0,0
n012w8-0,n012w8,0,5,1000000,100.0,adaptive,2026-07-04T10:59:26+01:00,6,3,63,1534,3,0.000000,1495,1600,1495,105,6.5625,LOCAL_BEST,0,777,552,2775,55,87,1,0,1050000.0000,0.0000,0,0,0,0,0,0
n012w8-0,n012w8,0,5,1000000,100.0,adaptive,2026-07-04T10:59:26+01:00,6,2,63,1535,3,0.000000,1415,1475,1415,60,4.0678,LOCAL_BEST,0,777,0,2883,71,88,1,0,600000.0000,0.0000,0,0,0,0,0,0
n012w8-0,n012w8,0,5,1000000,100.0,adaptive,2026-07-04T10:59:26+01:00,6,2,63,1536,3,0.000000,1370,1415,1370,45,3.1802,LOCAL_BEST,0,777,0,2883,71,89,1,0,450000.0000,0.0000,0,0,0,0,0,0
n012w8-0,n012w8,0,5,1000000,100.0,adaptive,2026-07-04T10:59:26+01:00,6,5,63,1597,47,0.000000,505,535,505,30,5.6075,GLOBAL_BEST,1,777,0,2650,1277,90,61,44,4918.0328,681.8182,0,0,0,0,0,0
n012w8-0,n012w8,0,5,1000000,100.0,adaptive,2026-07-04T10:59:26+01:00,6,2,63,1797,3,0.000000,1350,1370,1350,20,1.4599,LOCAL_BEST,0,777,0,3343,96,91,200,-44,1000.0000,0.0000,0,0,0,0,0,0
n012w8-0,n012w8,0,5,1000000,100.0,adaptive,2026-07-04T10:59:26+01:00,6,5,63,2028,48,0.000000,485,505,485,20,3.9604,GLOBAL_BEST,1,777,0,3356,1636,92,231,45,865.8009,444.4444,0,0,0,0,0,0
n012w8-0,n012w8,0,5,1000000,100.0,adaptive,2026-07-04T10:59:26+01:00,6,3,63,2110,3,0.000000,1420,1495,1420,75,5.0167,LOCAL_BEST,0,777,764,3873,76,93,82,-45,9146.3415,0.0000,0,0,0,0,0,0
n012w8-0,n012w8,0,5,1000000,100.0,adaptive,2026-07-04T10:59:26+01:00,6,3,63,2111,3,0.000000,1360,1420,1360,60,4.2254,LOCAL_BEST,0,777,764,3877,76,94,1,0,600000.0000,0.0000,0,0,0,0,0,0
n012w8-0,n012w8,0,5,1000000,100.0,adaptive,2026-07-04T10:59:26+01:00,6,2,63,2251,4,0.000000,1255,1350,1255,95,7.0370,LOCAL_BEST,0,777,0,4250,163,95,140,1,6785.7143,95000.0000,0,0,0,0,0,0
n012w8-0,n012w8,0,5,1000000,100.0,adaptive,2026-07-04T10:59:26+01:00,6,2,63,2607,4,0.000000,1250,1255,1250,5,0.3984,LOCAL_BEST,0,777,0,4916,242,96,356,0,140.4494,0.0000,0,0,0,0,0,0
n012w8-0,n012w8,0,5,1000000,100.0,adaptive,2026-07-04T10:59:26+01:00,6,2,63,3325,5,0.000000,1225,1250,1225,25,2.0000,LOCAL_BEST,0,777,0,6229,418,97,718,1,348.1894,25000.0000,0,0,0,0,0,0
n012w8-0,n012w8,0,5,1000000,100.0,adaptive,2026-07-04T10:59:26+01:00,6,8,63,3364,95,0.000000,300,315,300,15,4.7619,LOCAL_BEST,3,777,0,5334,3013,98,39,90,3846.1538,166.6667,0,0,0,0,0,0
n012w8-0,n012w8,0,5,1000000,100.0,adaptive,2026-07-04T10:59:26+01:00,6,1,63,3546,6,95.220400,895,930,895,35,3.7634,GLOBAL_BEST,0,777,890,6492,1144,99,182,-89,1923.0769,0.0000,0,0,0,0,0,0
n012w8-0,n012w8,0,5,1000000,100.0,adaptive,2026-07-04T10:59:26+01:00,6,5,63,3792,50,0.000000,470,485,470,15,3.0928,GLOBAL_BEST,1,777,0,6340,3077,100,246,44,609.7561,340.9091,0,0,0,0,0,0
n012w8-0,n012w8,0,5,1000000,100.0,adaptive,2026-07-04T10:59:26+01:00,6,2,63,3913,6,0.000000,1220,1225,1220,5,0.4082,LOCAL_BEST,0,777,0,7289,557,101,121,-44,413.2231,0.0000,0,0,0,0,0,0
n012w8-0,n012w8,0,5,1000000,100.0,adaptive,2026-07-04T10:59:26+01:00,6,2,63,4349,7,0.000000,1175,1220,1175,45,3.6885,LOCAL_BEST,0,777,0,8132,672,102,436,1,1032.1101,45000.0000,0,0,0,0,0,0
n012w8-0,n012w8,0,5,1000000,100.0,adaptive,2026-07-04T10:59:26+01:00,6,2,63,4353,7,0.000000,1055,1175,1055,120,10.2128,LOCAL_BEST,0,777,0,8138,672,103,4,0,300000.0000,0.0000,0,0,0,0,0,0
n012w8-0,n012w8,0,5,1000000,100.0,adaptive,2026-07-04T10:59:26+01:00,6,8,63,5343,98,0.000000,295,300,295,5,1.6667,LOCAL_BEST,3,777,0,8358,4813,104,990,91,50.5051,54.9451,0,0,0,0,0,0
n012w8-0,n012w8,0,5,1000000,100.0,adaptive,2026-07-04T10:59:26+01:00,6,8,63,5707,98,0.000000,265,295,265,30,10.1695,GLOBAL_BEST,3,777,0,8871,5119,105,364,0,824.1758,0.0000,0,0,0,0,0,0
n012w8-0,n012w8,0,5,1000000,100.0,adaptive,2026-07-04T10:59:26+01:00,6,1,63,6244,10,91.736465,850,895,850,45,5.0279,GLOBAL_BEST,0,777,1535,11421,2118,106,537,-88,837.9888,0.0000,0,0,0,0,0,0
n012w8-0,n012w8,0,5,1000000,100.0,adaptive,2026-07-04T10:59:26+01:00,6,1,63,6785,11,91.053365,830,850,830,20,2.3529,GLOBAL_BEST,0,777,1669,12364,2303,107,541,1,369.6858,20000.0000,0,0,0,0,0,0
n012w8-0,n012w8,0,5,1000000,100.0,adaptive,2026-07-04T10:59:26+01:00,6,1,63,6788,11,91.049591,805,830,805,25,3.0120,GLOBAL_BEST,0,777,1669,12369,2305,108,3,0,83333.3333,0.0000,0,0,0,0,0,0
n012w8-0,n012w8,0,5,1000000,100.0,adaptive,2026-07-04T10:59:26+01:00,6,5,63,7687,57,0.000000,385,470,385,85,18.0851,GLOBAL_BEST,1,777,0,12605,6274,109,899,46,945.4950,1847.8261,0,0,0,0,0,0
n012w8-0,n012w8,0,5,1000000,100.0,adaptive,2026-07-04T10:59:26+01:00,6,1,63,9064,14,88.231162,795,805,795,10,1.2422,GLOBAL_BEST,0,777,2238,16709,3036,110,1377,-43,72.6216,0.0000,0,0,0,0,0,0
n012w8-0,n012w8,0,5,1000000,100.0,adaptive,2026-07-04T10:59:26+01:00,6,1,63,9068,14,88.226287,765,795,765,30,3.7736,GLOBAL_BEST,0,777,2238,16715,3038,111,4,0,75000.0000,0.0000,0,0,0,0,0,0
n012w8-0,n012w8,0,5,1000000,100.0,adaptive,2026-07-04T10:59:26+01:00,6,2,63,9366,15,0.000000,1015,1055,1015,40,3.7915,LOCAL_BEST,0,777,0,17003,2551,112,298,1,1342.2819,40000.0000,0,0,0,0,0,0
n012w8-0,n012w8,0,5,1000000,100.0,adaptive,2026-07-04T10:59:26+01:00,6,2,63,10377,16,0.000000,1000,1015,1000,15,1.4778,LOCAL_BEST,0,777,0,18762,2952,113,1011,1,148.3680,15000.0000,0,0,0,0,0,0
n012w8-0,n012w8,0,5,1000000,100.0,adaptive,2026-07-04T10:59:26+01:00,6,2,63,10600,17,0.000000,940,1000,940,60,6.0000,LOCAL_BEST,0,777,0,19177,3032,114,223,1,2690.5830,60000.0000,0,0,0,0,0,0
n012w8-0,n012w8,0,5,1000000,100.0,adaptive,2026-07-04T10:59:26+01:00,6,3,63,11003,17,0.000000,1350,1360,1350,10,0.7353,LOCAL_BEST,0,777,4129,20952,437,115,403,0,248.1390,0.0000,0,0,0,0,0,0
n012w8-0,n012w8,0,5,1000000,100.0,adaptive,2026-07-04T10:59:26+01:00,6,2,63,11587,18,0.000000,885,940,885,55,5.8511,LOCAL_BEST,0,777,0,20904,3485,116,584,1,941.7808,55000.0000,0,0,0,0,0,0
n012w8-0,n012w8,0,5,1000000,100.0,adaptive,2026-07-04T10:59:26+01:00,6,2,63,11589,18,0.000000,870,885,870,15,1.6949,LOCAL_BEST,0,777,0,20906,3485,117,2,0,75000.0000,0.0000,0,0,0,0,0,0
n012w8-0,n012w8,0,5,1000000,100.0,adaptive,2026-07-04T10:59:26+01:00,6,3,63,12075,19,0.000000,1340,1350,1340,10,0.7407,LOCAL_BEST,0,777,4523,22921,489,118,486,1,205.7613,10000.0000,0,0,0,0,0,0
n012w8-0,n012w8,0,5,1000000,100.0,adaptive,2026-07-04T10:59:26+01:00,6,3,63,12079,19,0.000000,1325,1340,1325,15,1.1194,LOCAL_BEST,0,777,4524,22933,490,119,4,0,37500.0000,0.0000,0,0,0,0,0,0
n012w8-0,n012w8,0,5,1000000,100.0,adaptive,2026-07-04T10:59:26+01:00,6,3,63,14665,23,0.000000,1315,1325,1315,10,0.7547,LOCAL_BEST,0,777,5490,27829,621,120,2586,4,38.6698,2500.0000,0,0,0,0,0,0
n012w8-0,n012w8,0,5,1000000,100.0,adaptive,2026-07-04T10:59:26+01:00,6,2,63,16379,26,0.000000,825,870,825,45,5.1724,LOCAL_BEST,0,777,0,29575,5906,121,1714,3,262.5438,15000.0000,0,0,0,0,0,0
n012w8-0,n012w8,0,5,1000000,100.0,adaptive,2026-07-04T10:59:26+01:00,6,2,63,16381,26,0.000000,795,825,795,30,3.6364,LOCAL_BEST,0,777,0,29579,5907,122,2,0,150000.0000,0.0000,0,0,0,0,0,0
n012w8-0,n012w8,0,5,1000000,100.0,adaptive,2026-07-04T10:59:26+01:00,6,2,63,19400,30,0.000000,745,795,745,50,6.2893,GLOBAL_BEST,0,777,0,34822,7588,123,3019,4,165.6178,12500.0000,0,0,0,0,0,0
n012w8-0,n012w8,0,5,1000000,100.0,adaptive,2026-07-04T10:59:26+01:00,6,2,63,20846,32,0.000000,660,745,660,85,11.4094,GLOBAL_BEST,0,777,0,37231,8377,124,1446,2,587.8285,42500.0000,0,0,0,0,0,0
n012w8-0,n012w8,0,5,1000000,100.0,adaptive,2026-07-04T10:59:26+01:00,6,1,63,27115,41,68.756854,705,765,705,60,7.8431,LOCAL_BEST,0,777,6247,48893,10284,125,6269,9,95.7090,6666.6667,0,0,0,0,0,0
n012w8-0,n012w8,0,5,1000000,100.0,adaptive,2026-07-04T10:59:26+01:00,6,1,63,27123,41,68.749256,675,705,675,30,4.2553,LOCAL_BEST,0,777,6247,48908,10290,126,8,0,37500.0000,0.0000,0,0,0,0,0,0
n012w8-0,n012w8,0,5,1000000,100.0,adaptive,2026-07-04T10:59:26+01:00,6,2,63,27774,42,0.000000,640,660,640,20,3.0303,GLOBAL_BEST,0,777,0,49450,12757,127,651,1,307.2197,20000.0000,0,0,0,0,0,0
n012w8-0,n012w8,0,5,1000000,100.0,adaptive,2026-07-04T10:59:26+01:00,6,5,63,29508,86,0.000000,375,385,375,10,2.5974,GLOBAL_BEST,1,777,0,48438,24722,128,1734,44,57.6701,227.2727,0,0,0,0,0,0
n012w8-0,n012w8,0,5,1000000,100.0,adaptive,2026-07-04T10:59:26+01:00,6,5,63,31424,89,0.000000,355,375,355,20,5.3333,LOCAL_BEST,1,777,0,51578,26343,129,1916,3,104.3841,6666.6667,0,0,0,0,0,0
n012w8-0,n012w8,0,5,1000000,100.0,adaptive,2026-07-04T10:59:26+01:00,6,3,63,31571,50,0.000000,1270,1315,1270,45,3.4221,LOCAL_BEST,0,777,11835,59986,1292,130,147,-39,3061.2245,0.0000,0,0,0,0,0,0
n012w8-0,n012w8,0,5,1000000,100.0,adaptive,2026-07-04T10:59:26+01:00,6,8,63,32103,135,0.000000,255,265,255,10,3.7736,GLOBAL_BEST,3,777,0,50190,29164,131,532,85,187.9699,117.6471,0,0,0,0,0,0
n012w8-0,n012w8,0,5,1000000,100.0,adaptive,2026-07-04T10:59:26+01:00,6,5,63,32470,91,0.000000,340,355,340,15,4.2254,LOCAL_BEST,1,777,0,53221,27212,132,367,-44,408.7193,0.0000,0,0,0,0,0,0
n012w8-0,n012w8,0,5,1000000,100.0,adaptive,2026-07-04T10:59:26+01:00,6,5,63,32544,91,0.000000,295,340,295,45,13.2353,GLOBAL_BEST,1,777,0,53351,27259,133,74,0,6081.0811,0.0000,0,0,0,0,0,0
n012w8-0,n012w8,0,5,1000000,100.0,adaptive,2026-07-04T10:59:26+01:00,6,2,63,32777,49,0.000000,635,640,635,5,0.7812,LOCAL_BEST,0,777,0,58000,16144,134,233,-42,214.5923,0.0000,0,0,0,0,0,0
n012w8-0,n012w8,0,5,1000000,100.0,adaptive,2026-07-04T10:59:26+01:00,6,2,63,32890,49,0.000000,625,635,625,10,1.5748,LOCAL_BEST,0,777,0,58202,16215,135,113,0,884.9558,0.0000,0,0,0,0,0,0
n012w8-0,n012w8,0,5,1000000,100.0,adaptive,2026-07-04T10:59:26+01:00,6,2,63,33817,51,0.000000,580,625,580,45,7.2000,LOCAL_BEST,0,777,0,59800,16872,136,927,2,485.4369,22500.0000,0,0,0,0,0,0
n012w8-0,n012w8,0,5,1000000,100.0,adaptive,2026-07-04T10:59:26+01:00,6,2,63,35942,55,0.000000,550,580,550,30,5.1724,LOCAL_BEST,0,777,0,63267,18436,137,2125,4,141.1765,7500.0000,0,0,0,0,0,0
n012w8-0,n012w8,0,5,1000000,100.0,adaptive,2026-07-04T10:59:26+01:00,6,2,63,41595,62,0.000000,525,550,525,25,4.5455,LOCAL_BEST,0,777,0,72535,22668,138,5653,7,44.2243,3571.4286,0,0,0,0,0,0
n012w8-0,n012w8,0,5,1000000,100.0,adaptive,2026-07-04T10:59:26+01:00,6,2,63,42185,63,0.000000,520,525,520,5,0.9524,LOCAL_BEST,0,777,0,73471,23084,139,590,1,84.7458,5000.0000,0,0,0,0,0,0
n012w8-0,n012w8,0,5,1000000,100.0,adaptive,2026-07-04T10:59:26+01:00,6,2,63,43847,66,0.000000,515,520,515,5,0.9615,LOCAL_BEST,0,777,0,76216,24357,140,1662,3,30.0842,1666.6667,0,0,0,0,0,0
n012w8-0,n012w8,0,5,1000000,100.0,adaptive,2026-07-04T10:59:26+01:00,6,3,63,44372,70,0.000000,1200,1270,1200,70,5.5118,LOCAL_BEST,0,777,16669,84421,1833,141,525,4,1333.3333,17500.0000,0,0,0,0,0,0
n012w8-0,n012w8,0,5,1000000,100.0,adaptive,2026-07-04T10:59:26+01:00,6,2,63,45816,68,0.000000,505,515,505,10,1.9417,LOCAL_BEST,0,777,0,79400,25871,142,1444,-2,69.2521,0.0000,0,0,0,0,0,0
n012w8-0,n012w8,0,5,1000000,100.0,adaptive,2026-07-04T10:59:26+01:00,6,1,63,46630,71,52.508063,670,675,670,5,0.7407,LOCAL_BEST,0,777,9809,83328,19889,143,814,3,61.4251,1666.6667,0,0,0,0,0,0
n012w8-0,n012w8,0,5,1000000,100.0,adaptive,2026-07-04T10:59:26+01:00,6,1,63,47126,72,52.149482,595,670,595,75,11.1940,LOCAL_BEST,0,777,9886,84267,20135,144,496,1,1512.0968,75000.0000,0,0,0,0,0,0
n012w8-0,n012w8,0,5,1000000,100.0,adaptive,2026-07-04T10:59:26+01:00,6,1,63,47128,72,52.148041,550,595,550,45,7.5630,LOCAL_BEST,0,777,9886,84267,20136,145,2,0,225000.0000,0.0000,0,0,0,0,0,0
n012w8-0,n012w8,0,5,1000000,100.0,adaptive,2026-07-04T10:59:26+01:00,6,1,63,47154,72,52.129313,520,550,520,30,5.4545,LOCAL_BEST,0,777,9886,84325,20160,146,26,0,11538.4615,0.0000,0,0,0,0,0,0
n012w8-0,n012w8,0,5,1000000,100.0,adaptive,2026-07-04T10:59:26+01:00,6,2,63,47526,71,0.000000,495,505,495,10,1.9802,LOCAL_BEST,0,777,0,82056,27235,147,372,-1,268.8172,0.0000,0,0,0,0,0,0
n012w8-0,n012w8,0,5,1000000,100.0,adaptive,2026-07-04T10:59:26+01:00,6,2,63,48939,74,0.000000,490,495,490,5,1.0101,LOCAL_BEST,0,777,0,84523,28307,148,1413,3,35.3857,1666.6667,0,0,0,0,0,0
n012w8-0,n012w8,0,5,1000000,100.0,adaptive,2026-07-04T10:59:26+01:00,6,2,63,49943,75,0.000000,415,490,415,75,15.3061,LOCAL_BEST,0,777,0,86327,29136,149,1004,1,747.0120,75000.0000,0,0,0,0,0,0
n012w8-0,n012w8,0,5,1000000,100.0,adaptive,2026-07-04T10:59:26+01:00,6,4,63,51287,129,49.236140,625,640,625,15,2.3438,LOCAL_BEST,1,777,10581,91808,22055,150,1344,54,111.6071,277.7778,0,0,0,0,0,0
n012w8-0,n012w8,0,5,1000000,100.0,adaptive,2026-07-04T10:59:26+01:00,6,4,63,51564,130,49.048079,610,625,610,15,2.4000,LOCAL_BEST,1,777,10616,92292,22231,151,277,1,541.5162,15000.0000,0,0,0,0,0,0
n012w8-0,n012w8,0,5,1000000,100.0,adaptive,2026-07-04T10:59:26+01:00,6,4,63,55476,135,46.467574,600,610,600,10,1.6393,LOCAL_BEST,1,777,11196,99056,24385,152,3912,5,25.5624,2000.0000,0,0,0,0,0,0
n012w8-0,n012w8,0,5,1000000,100.0,adaptive,2026-07-04T10:59:26+01:00,6,5,63,56031,124,0.000000,285,295,285,10,3.3898,LOCAL_BEST,1,777,0,91204,47648,153,555,-11,180.1802,0.0000,0,0,0,0,0,0
n012w8-0,n012w8,0,5,1000000,100.0,adaptive,2026-07-04T10:59:26+01:00,6,5,63,56525,124,0.000000,280,285,280,5,1.7544,LOCAL_BEST,1,777,0,92031,48073,154,494,0,101.2146,0.0000,0,0,0,0,0,0
n012w8-0,n012w8,0,5,1000000,100.0,adaptive,2026-07-04T10:59:26+01:00,6,5,63,57491,125,0.000000,265,280,265,15,5.3571,LOCAL_BEST,1,777,0,93651,48918,155,966,1,155.2795,15000.0000,0,0,0,0,0,0
n012w8-0,n012w8,0,5,1000000,100.0,adaptive,2026-07-04T10:59:26+01:00,6,2,63,61130,90,0.000000,405,415,405,10,2.4096,LOCAL_BEST,0,777,0,104955,38237,156,3639,-35,27.4801,0.0000,0,0,0,0,0,0
n012w8-0,n012w8,0,5,1000000,100.0,adaptive,2026-07-04T10:59:26+01:00,6,2,63,63017,93,0.000000,400,405,400,5,1.2346,LOCAL_BEST,0,777,0,108008,39779,157,1887,3,26.4971,1666.6667,0,0,0,0,0,0
n012w8-0,n012w8,0,5,1000000,100.0,adaptive,2026-07-04T10:59:26+01:00,6,4,63,63378,148,41.661797,580,600,580,20,3.3333,LOCAL_BEST,1,777,12267,112688,29152,158,361,55,554.0166,363.6364,0,0,0,0,0,0
n012w8-0,n012w8,0,5,1000000,100.0,adaptive,2026-07-04T10:59:26+01:00,6,4,63,63380,148,41.660646,565,580,565,15,2.5862,LOCAL_BEST,1,777,12267,112691,29153,159,2,0,75000.0000,0.0000,0,0,0,0,0,0
n012w8-0,n012w8,0,5,1000000,100.0,adaptive,2026-07-04T10:59:26+01:00,6,4,63,63442,148,41.624976,535,565,535,30,5.3097,LOCAL_BEST,1,777,12270,112779,29204,160,62,0,4838.7097,0.0000,0,0,0,0,0,0
n012w8-0,n012w8,0,5,1000000,100.0,adaptive,2026-07-04T10:59:26+01:00,6,4,63,64208,149,41.186795,515,535,515,20,3.7383,LOCAL_BEST,1,777,12367,114107,29656,161,766,1,261.0966,20000.0000,0,0,0,0,0,0
n012w8-0,n012w8,0,5,1000000,100.0,adaptive,2026-07-04T10:59:26+01:00,6,2,63,65054,96,0.000000,385,400,385,15,3.7500,LOCAL_BEST,0,777,0,111248,41493,162,846,-53,177.3050,0.0000,0,0,0,0,0,0
n012w8-0,n012w8,0,5,1000000,100.0,adaptive,2026-07-04T10:59:26+01:00,6,2,63,65755,97,0.000000,375,385,375,10,2.5974,LOCAL_BEST,0,777,0,112474,42084,163,701,1,142.6534,10000.0000,0,0,0,0,0,0
n012w8-0,n012w8,0,5,1000000,100.0,adaptive,2026-07-04T10:59:26+01:00,6,2,63,65779,97,0.000000,345,375,345,30,8.0000,LOCAL_BEST,0,777,0,112515,42103,164,24,0,12500.0000,0.0000,0,0,0,0,0,0
n012w8-0,n012w8,0,5,1000000,100.0,adaptive,2026-07-04T10:59:26+01:00,6,4,63,71005,160,37.495228,505,515,505,10,1.9417,LOCAL_BEST,1,777,13185,125435,33999,165,5226,63,19.1351,158.7302,0,0,0,0,0,0
n012w8-0,n012w8,0,5,1000000,100.0,adaptive,2026-07-04T10:59:26+01:00,6,2,63,73356,107,0.000000,340,345,340,5,1.4493,LOCAL_BEST,0,777,0,124840,48645,166,2351,-53,21.2675,0.0000,0,0,0,0,0,0
n012w8-0,n012w8,0,5,1000000,100.0,adaptive,2026-07-04T10:59:26+01:00,6,2,63,76062,111,0.000000,335,340,335,5,1.4706,LOCAL_BEST,0,777,0,128829,51011,167,2706,4,18.4775,1250.0000,0,0,0,0,0,0
n012w8-0,n012w8,0,5,1000000,100.0,adaptive,2026-07-04T10:59:26+01:00,6,1,63,76150,117,34.922554,505,520,505,15,2.8846,LOCAL_BEST,0,777,13810,134799,37622,168,88,6,1704.5455,2500.0000,0,0,0,0,0,0
n012w8-0,n012w8,0,5,1000000,100.0,adaptive,2026-07-04T10:59:26+01:00,6,1,63,76154,117,34.920624,460,505,460,45,8.9109,LOCAL_BEST,0,777,13810,134805,37625,169,4,0,112500.0000,0.0000,0,0,0,0,0,0
n012w8-0,n012w8,0,5,1000000,100.0,adaptive,2026-07-04T10:59:26+01:00,6,2,63,76906,112,0.000000,320,335,320,15,4.4776,LOCAL_BEST,0,777,0,130230,51748,170,752,-5,199.4681,0.0000,0,0,0,0,0,0
n012w8-0,n012w8,0,5,1000000,100.0,adaptive,2026-07-04T10:59:26+01:00,6,4,63,83401,180,31.593664,490,505,490,15,2.9703,LOCAL_BEST,1,777,14488,146615,42135,171,6495,68,23.0947,220.5882,0,0,0,0,0,0
n012w8-0,n012w8,0,5,1000000,100.0,adaptive,2026-07-04T10:59:26+01:00,6,4,63,83402,180,31.593228,460,490,460,30,6.1224,LOCAL_BEST,1,777,14488,146616,42135,172,1,0,300000.0000,0.0000,0,0,0,0,0,0
n012w8-0,n012w8,0,5,1000000,100.0,adaptive,2026-07-04T10:59:26+01:00,6,4,63,87783,187,29.737743,445,460,445,15,3.2609,LOCAL_BEST,1,777,14902,154010,45203,173,4381,7,34.2388,2142.8571,0,0,0,0,0,0
n012w8-0,n012w8,0,5,1000000,100.0,adaptive,2026-07-04T10:59:26+01:00,6,2,63,89975,132,0.000000,305,320,305,15,4.6875,LOCAL_BEST,0,777,0,151114,62978,174,2192,-55,68.4307,0.0000,0,0,0,0,0,0
n012w8-0,n012w8,0,5,1000000,100.0,adaptive,2026-07-04T10:59:26+01:00,6,4,63,92028,193,28.043874,415,445,415,30,6.7416,LOCAL_BEST,1,777,15238,161198,48295,175,2053,61,146.1276,491.8033,0,0,0,0,0,0
n012w8-0,n012w8,0,5,1000000,100.0,adaptive,2026-07-04T10:59:26+01:00,6,1,63,92437,141,27.885857,450,460,450,10,2.1739,LOCAL_BEST,0,777,15397,162394,48984,176,409,-52,244.4988,0.0000,0,0,0,0,0,0
n012w8-0,n012w8,0,5,1000000,100.0,adaptive,2026-07-04T10:59:26+01:00,6,4,63,93799,196,27.366043,400,415,400,15,3.6145,LOCAL_BEST,1,777,15382,164179,49573,177,1362,55,110.1322,272.7273,0,0,0,0,0,0
n012w8-0,n012w8,0,5,1000000,100.0,adaptive,2026-07-04T10:59:26+01:00,6,4,63,93801,196,27.365287,370,400,370,30,7.5000,LOCAL_BEST,1,777,15382,164182,49574,178,2,0,150000.0000,0.0000,0,0,0,0,0,0
n012w8-0,n012w8,0,5,1000000,100.0,adaptive,2026-07-04T10:59:26+01:00,6,1,63,95452,145,26.748165,445,450,445,5,1.1111,LOCAL_BEST,0,777,15663,167518,51101,179,1651,-51,30.2847,0.0000,0,0,0,0,0,0
n012w8-0,n012w8,0,5,1000000,100.0,adaptive,2026-07-04T10:59:26+01:00,6,1,63,95509,145,26.727110,415,445,415,30,6.7416,LOCAL_BEST,0,777,15664,167632,51154,180,57,0,5263.1579,0.0000,0,0,0,0,0,0
n012w8-0,n012w8,0,5,1000000,100.0,adaptive,2026-07-04T10:59:26+01:00,6,2,63,95560,141,0.000000,295,305,295,10,3.2787,LOCAL_BEST,0,777,0,159861,67888,181,51,-4,1960.7843,0.0000,0,0,0,0,0,0
n012w8-0,n012w8,0,5,1000000,100.0,adaptive,2026-07-04T10:59:26+01:00,6,1,63,100950,153,24.791682,405,415,405,10,2.4096,LOCAL_BEST,0,777,16038,176489,55290,182,5390,12,18.5529,833.3333,0,0,0,0,0,0
n012w8-0,n012w8,0,5,1000000,100.0,adaptive,2026-07-04T10:59:26+01:00,6,2,63,102103,152,0.000000,280,295,280,15,5.0847,LOCAL_BEST,0,777,0,169786,73705,183,1153,-1,130.0954,0.0000,0,0,0,0,0,0
n012w8-0,n012w8,0,5,1000000,100.0,adaptive,2026-07-04T10:59:26+01:00,6,2,63,105775,158,0.000000,265,280,265,15,5.3571,LOCAL_BEST,0,777,0,175478,76953,184,3672,6,40.8497,2500.0000,0,0,0,0,0,0
n012w8-0,n012w8,0,5,1000000,100.0,adaptive,2026-07-04T10:59:26+01:00,6,1,63,106424,162,22.985926,395,405,395,10,2.4691,LOCAL_BEST,0,777,16358,185719,59666,185,649,4,154.0832,2500.0000,0,0,0,0,0,0
n012w8-0,n012w8,0,5,1000000,100.0,adaptive,2026-07-04T10:59:26+01:00,6,7,63,106930,275,22.825800,325,345,325,20,5.7971,LOCAL_BEST,2,777,16299,185631,60011,186,506,113,395.2569,176.9912,0,0,0,0,0,0
n012w8-0,n012w8,0,5,1000000,100.0,adaptive,2026-07-04T10:59:26+01:00,6,4,63,107427,229,22.669607,355,370,355,15,4.0541,LOCAL_BEST,1,777,16327,186748,59898,187,497,-46,301.8109,0.0000,0,0,0,0,0,0
n012w8-0,n012w8,0,5,1000000,100.0,adaptive,2026-07-04T10:59:26+01:00,6,1,63,107873,164,22.530353,390,395,390,5,1.2658,LOCAL_BEST,0,777,16448,188271,60814,188,446,-65,112.1076,0.0000,0,0,0,0,0,0
n012w8-0,n012w8,0,5,1000000,100.0,adaptive,2026-07-04T10:59:26+01:00,6,2,63,108567,162,0.000000,255,265,255,10,3.7736,LOCAL_BEST,0,777,0,179762,79451,189,694,-2,144.0922,0.0000,0,0,0,0,0,0
n012w8-0,n012w8,0,5,1000000,100.0,adaptive,2026-07-04T10:59:26+01:00,6,1,63,110091,167,21.850431,385,390,385,5,1.2821,LOCAL_BEST,0,777,16566,191956,62572,190,1524,5,32.8084,1000.0000,0,0,0,0,0,0
n012w8-0,n012w8,0,5,1000000,100.0,adaptive,2026-07-04T10:59:26+01:00,6,1,63,112702,171,21.076282,370,385,370,15,3.8961,LOCAL_BEST,0,777,16713,196381,64623,191,2611,4,57.4493,3750.0000,0,0,0,0,0,0
n012w8-0,n012w8,0,5,1000000,100.0,adaptive,2026-07-04T10:59:26+01:00,6,1,63,116327,176,20.046751,340,370,340,30,8.1081,LOCAL_BEST,0,777,16885,202471,67505,192,3625,5,82.7586,6000.0000,0,0,0,0,0,0
n012w8-0,n012w8,0,5,1000000,100.0,adaptive,2026-07-04T10:59:26+01:00,6,1,63,116404,176,20.025437,325,340,325,15,4.4118,LOCAL_BEST,0,777,16885,202585,67574,193,77,0,1948.0519,0.0000,0,0,0,0,0,0
n012w8-0,n012w8,0,5,1000000,100.0,adaptive,2026-07-04T10:59:26+01:00,6,1,63,116844,177,19.904075,310,325,310,15,4.6154,LOCAL_BEST,0,777,16904,203261,67945,194,440,1,340.9091,15000.0000,0,0,0,0,0,0
n012w8-0,n012w8,0,5,1000000,100.0,adaptive,2026-07-04T10:59:26+01:00,6,1,63,122517,189,18.403651,300,310,300,10,3.2258,LOCAL_BEST,0,777,17091,212295,72783,195,5673,12,17.6274,833.3333,0,0,0,0,0,0
n012w8-0,n012w8,0,5,1000000,100.0,adaptive,2026-07-04T10:59:26+01:00,6,1,63,122620,190,18.377482,295,300,295,5,1.6667,LOCAL_BEST,0,777,17093,212453,72876,196,103,1,485.4369,5000.0000,0,0,0,0,0,0
n012w8-0,n012w8,0,5,1000000,100.0,adaptive,2026-07-04T10:59:26+01:00,6,1,63,122633,190,18.374181,280,295,280,15,5.0847,LOCAL_BEST,0,777,17093,212471,72888,197,13,0,11538.4615,0.0000,0,0,0,0,0,0
n012w8-0,n012w8,0,5,1000000,100.0,adaptive,2026-07-04T10:59:26+01:00,6,1,63,124437,192,17.921898,265,280,265,15,5.3571,LOCAL_BEST,0,777,17170,215690,74398,198,1804,2,83.1486,7500.0000,0,0,0,0,0,0
n012w8-0,n012w8,0,5,1000000,100.0,adaptive,2026-07-04T10:59:26+01:00,6,1,63,124551,192,17.893694,250,265,250,15,5.6604,GLOBAL_BEST,0,777,17173,215855,74501,199,114,0,1315.7895,0.0000,0,0,0,0,0,0
n012w8-0,n012w8,0,5,1000000,100.0,adaptive,2026-07-04T10:59:26+01:00,6,4,63,126629,265,17.387294,345,355,345,10,2.8169,LOCAL_BEST,1,777,17291,218267,75453,200,2078,73,48.1232,136.9863,0,0,0,0,0,0
n012w8-0,n012w8,0,5,1000000,100.0,adaptive,2026-07-04T10:59:26+01:00,6,4,63,126771,265,17.353217,330,345,330,15,4.3478,LOCAL_BEST,1,777,17294,218494,75576,201,142,0,1056.3380,0.0000,0,0,0,0,0,0
n012w8-0,n012w8,0,5,1000000,100.0,adaptive,2026-07-04T10:59:26+01:00,6,4,63,126774,265,17.352498,315,330,315,15,4.5455,LOCAL_BEST,1,777,17294,218505,75578,202,3,0,50000.0000,0.0000,0,0,0,0,0,0
n012w8-0,n012w8,0,5,1000000,100.0,adaptive,2026-07-04T10:59:26+01:00,6,4,63,128847,271,16.862579,310,315,310,5,1.5873,LOCAL_BEST,1,777,17379,221791,77316,203,2073,6,24.1196,833.3333,0,0,0,0,0,0
n012w8-0,n012w8,0,5,1000000,100.0,adaptive,2026-07-04T10:59:26+01:00,6,4,63,129641,273,16.678616,300,310,300,10,3.2258,LOCAL_BEST,1,777,17402,222901,77998,204,794,2,125.9446,5000.0000,0,0,0,0,0,0
n012w8-0,n012w8,0,5,1000000,100.0,adaptive,2026-07-04T10:59:26+01:00,6,4,63,129730,273,16.658121,285,300,285,15,5.0000,LOCAL_BEST,1,777,17405,223038,78072,205,89,0,1685.3933,0.0000,0,0,0,0,0,0
n012w8-0,n012w8,0,5,1000000,100.0,adaptive,2026-07-04T10:59:26+01:00,6,4,63,130040,273,16.586930,280,285,280,5,1.7544,LOCAL_BEST,1,777,17417,223613,78346,206,310,0,161.2903,0.0000,0,0,0,0,0,0
n012w8-0,n012w8,0,5,1000000,100.0,adaptive,2026-07-04T10:59:26+01:00,6,3,63,130683,240,0.000000,1195,1200,1195,5,0.4167,LOCAL_BEST,0,777,48944,249964,5406,207,643,-33,77.7605,0.0000,0,0,0,0,0,0
n012w8-0,n012w8,0,5,1000000,100.0,adaptive,2026-07-04T10:59:26+01:00,6,3,63,130684,240,0.000000,1165,1195,1165,30,2.5105,LOCAL_BEST,0,777,48944,249964,5406,208,1,0,300000.0000,0.0000,0,0,0,0,0,0
n012w8-0,n012w8,0,5,1000000,100.0,adaptive,2026-07-04T10:59:26+01:00,6,3,63,130685,240,0.000000,1105,1165,1105,60,5.1502,LOCAL_BEST,0,777,48944,249971,5406,209,1,0,600000.0000,0.0000,0,0,0,0,0,0
n012w8-0,n012w8,0,5,1000000,100.0,adaptive,2026-07-04T10:59:26+01:00,6,7,63,130993,333,16.369974,310,325,310,15,4.6154,LOCAL_BEST,2,777,17408,224109,79702,210,308,93,487.0130,161.2903,0,0,0,0,0,0
n012w8-0,n012w8,0,5,1000000,100.0,adaptive,2026-07-04T10:59:26+01:00,6,7,63,131384,334,16.281784,295,310,295,15,4.8387,LOCAL_BEST,2,777,17426,224769,80034,211,391,1,383.6317,15000.0000,0,0,0,0,0,0
n012w8-0,n012w8,0,5,1000000,100.0,adaptive,2026-07-04T10:59:26+01:00,6,4,63,133996,284,15.704713,265,280,265,15,5.3571,LOCAL_BEST,1,777,17534,229739,81750,212,2612,-50,57.4273,0.0000,0,0,0,0,0,0
n012w8-0,n012w8,0,5,1000000,100.0,adaptive,2026-07-04T10:59:26+01:00,6,13,63,135752,506,15.328300,235,250,235,15,6.0000,LOCAL_BEST,5,777,17535,234113,83600,213,1756,222,85.4214,67.5676,0,0,0,0,0,0
n012w8-0,n012w8,0,5,1000000,100.0,adaptive,2026-07-04T10:59:26+01:00,6,13,63,135947,506,15.287061,220,235,220,15,6.3830,LOCAL_BEST,5,777,17536,234444,83778,214,195,0,769.2308,0.0000,0,0,0,0,0,0
n012w8-0,n012w8,0,5,1000000,100.0,adaptive,2026-07-04T10:59:26+01:00,6,10,63,139482,423,14.558412,240,255,240,15,5.8824,LOCAL_BEST,4,777,17495,238285,87378,215,3535,-83,42.4328,0.0000,0,0,0,0,0,0
n012w8-0,n012w8,0,5,1000000,100.0,adaptive,2026-07-04T10:59:26+01:00,6,4,63,147413,310,13.047521,250,265,250,15,5.6604,LOCAL_BEST,1,777,17890,251458,93276,216,7931,-113,18.9131,0.0000,0,0,0,0,0,0
n012w8-0,n012w8,0,5,1000000,100.0,adaptive,2026-07-04T10:59:26+01:00,6,4,63,147441,310,13.042475,235,250,235,15,6.0000,LOCAL_BEST,1,777,17890,251512,93302,217,28,0,5357.1429,0.0000,0,0,0,0,0,0
n012w8-0,n012w8,0,5,1000000,100.0,adaptive,2026-07-04T10:59:26+01:00,6,7,63,151820,374,12.276823,280,295,280,15,5.0847,LOCAL_BEST,2,777,17880,258466,98036,218,4379,64,34.2544,234.3750,0,0,0,0,0,0
n012w8-0,n012w8,0,5,1000000,100.0,adaptive,2026-07-04T10:59:26+01:00,6,7,63,151842,374,12.273092,265,280,265,15,5.3571,LOCAL_BEST,2,777,17880,258511,98057,219,22,0,6818.1818,0.0000,0,0,0,0,0,0
n012w8-0,n012w8,0,5,1000000,100.0,adaptive,2026-07-04T10:59:26+01:00,6,2,63,158568,246,0.000000,240,255,240,15,5.8824,GLOBAL_BEST,0,777,0,259844,126441,220,6726,-128,22.3015,0.0000,0,0,0,0,0,0
n012w8-0,n012w8,0,5,1000000,100.0,adaptive,2026-07-04T10:59:26+01:00,6,1,63,160005,259,10.964176,235,250,235,15,6.0000,GLOBAL_BEST,0,777,18054,273254,105929,221,1437,13,104.3841,1153.8462,0,0,0,0,0,0
n012w8-0,n012w8,0,5,1000000,100.0,adaptive,2026-07-04T10:59:26+01:00,6,1,63,167370,271,9.903438,220,235,220,15,6.3830,GLOBAL_BEST,0,777,18143,285556,112694,222,7365,12,20.3666,1250.0000,0,0,0,0,0,0
n012w8-0,n012w8,0,5,1000000,100.0,adaptive,2026-07-04T10:59:26+01:00,6,1,63,167404,271,9.898787,205,220,205,15,6.8182,GLOBAL_BEST,0,777,18143,285602,112727,223,34,0,4411.7647,0.0000,0,0,0,0,0,0
n012w8-0,n012w8,0,5,1000000,100.0,adaptive,2026-07-04T10:59:26+01:00,6,7,63,183445,452,7.931147,255,265,255,10,3.7736,LOCAL_BEST,2,777,18241,309670,126783,224,16041,181,6.2340,55.2486,0,0,0,0,0,0
n012w8-0,n012w8,0,5,1000000,100.0,adaptive,2026-07-04T10:59:26+01:00,6,7,63,185045,455,7.757754,250,255,250,5,1.9608,LOCAL_BEST,2,777,18251,312154,128263,225,1600,3,31.2500,1666.6667,0,0,0,0,0,0
n012w8-0,n012w8,0,5,1000000,100.0,adaptive,2026-07-04T10:59:26+01:00,6,1,63,217404,382,4.961077,220,205,205,0,0.0000,REHEAT,0,777,18347,368113,160305,226,32359,-73,0.0000,0.0000,0,0,0,0,0,1
n012w8-0,n012w8,0,5,1000000,100.0,adaptive,2026-07-04T10:59:26+01:00,6,7,63,234907,567,3.895507,235,250,235,15,6.0000,LOCAL_BEST,2,777,18353,391071,175274,227,17503,185,8.5700,81.0811,0,0,0,0,0,0
n012w8-0,n012w8,0,5,1000000,100.0,adaptive,2026-07-04T10:59:26+01:00,6,1,63,267404,515,50.118723,975,205,205,0,0.0000,REHEAT,0,777,28690,457251,182047,228,32497,-52,0.0000,0.0000,0,0,0,0,0,1
n012w8-0,n012w8,0,5,1000000,100.0,adaptive,2026-07-04T10:59:26+01:00,6,1,63,317404,633,50.118723,835,205,205,0,0.0000,REHEAT,0,777,38852,547196,203728,229,50000,118,0.0000,0.0000,0,0,0,0,0,1
n012w8-0,n012w8,0,5,1000000,100.0,adaptive,2026-07-04T10:59:26+01:00,6,1,63,367404,754,50.118723,1065,205,205,0,0.0000,REHEAT,0,777,49083,635902,225382,230,50000,121,0.0000,0.0000,0,0,0,0,0,1
n012w8-0,n012w8,0,5,1000000,100.0,adaptive,2026-07-04T10:59:26+01:00,6,1,63,417404,863,50.118723,1010,205,205,0,0.0000,REHEAT,0,777,59366,725114,247129,231,50000,109,0.0000,0.0000,0,0,0,0,0,1
n012w8-0,n012w8,0,5,1000000,100.0,adaptive,2026-07-04T10:59:26+01:00,6,1,63,467404,977,50.118723,1015,205,205,0,0.0000,REHEAT,0,777,69616,813058,268751,232,50000,114,0.0000,0.0000,0,0,0,0,0,1
n012w8-0,n012w8,0,5,1000000,100.0,adaptive,2026-07-04T10:59:26+01:00,6,1,63,517404,1084,50.118723,905,205,205,0,0.0000,REHEAT,0,777,79922,901862,290242,233,50000,107,0.0000,0.0000,0,0,0,0,0,1
n012w8-0,n012w8,0,5,1000000,100.0,adaptive,2026-07-04T10:59:26+01:00,6,1,63,567404,1204,50.118723,1230,205,205,0,0.0000,REHEAT,0,777,90303,990438,311694,234,50000,120,0.0000,0.0000,0,0,0,0,0,1
n012w8-0,n012w8,0,5,1000000,100.0,adaptive,2026-07-04T10:59:26+01:00,6,3,63,578615,1359,0.000000,1095,1105,1095,10,0.9050,LOCAL_BEST,0,777,217096,1107723,23883,235,11211,155,8.9198,64.5161,0,0,0,0,0,0
n012w8-0,n012w8,0,5,1000000,100.0,adaptive,2026-07-04T10:59:26+01:00,6,1,63,617404,1325,50.118723,1200,205,205,0,0.0000,REHEAT,0,777,100659,1078913,333008,236,38789,-34,0.0000,0.0000,0,0,0,0,0,1
n012w8-0,n012w8,0,5,1000000,100.0,adaptive,2026-07-04T10:59:26+01:00,6,1,63,667404,1446,50.118723,975,205,205,0,0.0000,REHEAT,0,777,110856,1167103,354717,237,50000,121,0.0000,0.0000,0,0,0,0,0,1
n012w8-0,n012w8,0,5,1000000,100.0,adaptive,2026-07-04T10:59:26+01:00,6,1,63,717404,1564,50.118723,1000,205,205,0,0.0000,REHEAT,0,777,121129,1256132,376309,238,50000,118,0.0000,0.0000,0,0,0,0,0,1
n012w8-0,n012w8,0,5,1000000,100.0,adaptive,2026-07-04T10:59:26+01:00,6,1,63,767404,1681,50.118723,615,205,205,0,0.0000,REHEAT,0,777,131382,1344598,397890,239,50000,117,0.0000,0.0000,0,0,0,0,0,1
n012w8-0,n012w8,0,5,1000000,100.0,adaptive,2026-07-04T10:59:26+01:00,6,1,63,817404,1808,50.118723,1270,205,205,0,0.0000,REHEAT,0,777,141681,1433264,419605,240,50000,127,0.0000,0.0000,0,0,0,0,0,1
n012w8-0,n012w8,0,5,1000000,100.0,adaptive,2026-07-04T10:59:26+01:00,6,3,63,834600,2006,0.000000,1060,1095,1060,35,3.1963,LOCAL_BEST,0,777,313221,1597809,34543,241,17196,198,20.3536,176.7677,0,0,0,0,0,0
n012w8-0,n012w8,0,5,1000000,100.0,adaptive,2026-07-04T10:59:26+01:00,6,3,63,834601,2006,0.000000,1030,1060,1030,30,2.8302,LOCAL_BEST,0,777,313221,1597809,34543,242,1,0,300000.0000,0.0000,0,0,0,0,0,0
n012w8-0,n012w8,0,5,1000000,100.0,adaptive,2026-07-04T10:59:26+01:00,6,1,63,867404,1937,50.118723,1180,205,205,0,0.0000,REHEAT,0,777,151988,1522656,441139,243,32803,-69,0.0000,0.0000,0,0,0,0,0,1
n012w8-0,n012w8,0,5,1000000,100.0,adaptive,2026-07-04T10:59:26+01:00,6,1,63,917404,2048,50.118723,1295,205,205,0,0.0000,REHEAT,0,777,162331,1611072,462564,244,50000,111,0.0000,0.0000,0,0,0,0,0,1
n012w8-0,n012w8,0,5,1000000,100.0,adaptive,2026-07-04T10:59:26+01:00,6,1,63,967404,2147,50.118723,1095,205,205,0,0.0000,REHEAT,0,777,172615,1701000,483974,245,50000,99,0.0000,0.0000,0,0,0,0,0,1
n012w8-0,n012w8,0,5,1000000,100.0,adaptive,2026-07-04T10:59:26+01:00,7,3,87,1,1,0.000000,3070,3340,3070,270,8.0838,GLOBAL_BEST,0,123,0,6,0,1,1,1,2700000.0000,270000.0000,0,0,0,0,0,0
n012w8-0,n012w8,0,5,1000000,100.0,adaptive,2026-07-04T10:59:26+01:00,7,6,87,1,37,0.000000,715,730,715,15,2.0548,LOCAL_BEST,2,123,0,3,0,2,0,36,0.0000,416.6667,0,0,0,0,0,0
n012w8-0,n012w8,0,5,1000000,100.0,adaptive,2026-07-04T10:59:26+01:00,7,1,87,2,1,99.998618,3310,3340,3310,30,0.8982,LOCAL_BEST,0,123,0,5,0,3,1,-36,300000.0000,0.0000,0,0,0,0,0,0
n012w8-0,n012w8,0,5,1000000,100.0,adaptive,2026-07-04T10:59:26+01:00,7,2,87,3,1,0.000000,3265,3340,3265,75,2.2455,LOCAL_BEST,0,123,0,14,0,4,1,0,750000.0000,0.0000,0,0,0,0,0,0
n012w8-0,n012w8,0,5,1000000,100.0,adaptive,2026-07-04T10:59:26+01:00,7,1,87,3,1,99.997237,3130,3310,3130,180,5.4381,LOCAL_BEST,0,123,0,16,0,5,0,0,0.0000,0.0000,0,0,0,0,0,0
n012w8-0,n012w8,0,5,1000000,100.0,adaptive,2026-07-04T10:59:26+01:00,7,2,87,4,1,0.000000,3115,3265,3115,150,4.5942,LOCAL_BEST,0,123,0,23,0,6,1,0,1500000.0000,0.0000,0,0,0,0,0,0
n012w8-0,n012w8,0,5,1000000,100.0,adaptive,2026-07-04T10:59:26+01:00,7,1,87,4,1,99.995855,3040,3130,3040,90,2.8754,LOCAL_BEST,0,123,0,18,0,7,0,0,0.0000,0.0000,0,0,0,0,0,0
n012w8-0,n012w8,0,5,1000000,100.0,adaptive,2026-07-04T10:59:26+01:00,7,2,87,5,1,0.000000,2955,3115,2955,160,5.1364,GLOBAL_BEST,0,123,0,26,0,8,1,0,1600000.0000,0.0000,0,0,0,0,0,0
n012w8-0,n012w8,0,5,1000000,100.0,adaptive,2026-07-04T10:59:26+01:00,7,1,87,6,1,99.993092,2875,3040,2875,165,5.4276,GLOBAL_BEST,0,123,0,22,1,9,1,0,1650000.0000,0.0000,0,0,0,0,0,0
n012w8-0,n012w8,0,5,1000000,100.0,adaptive,2026-07-04T10:59:26+01:00,7,2,87,8,1,0.000000,2895,2955,2895,60,2.0305,GLOBAL_BEST,0,123,0,28,0,10,2,0,300000.0000,0.0000,0,0,0,0,0,0
n012w8-0,n012w8,0,5,1000000,100.0,adaptive,2026-07-04T10:59:26+01:00,7,3,87,9,1,0.000000,2995,3070,2995,75,2.4430,LOCAL_BEST,0,123,2,23,0,11,1,0,750000.0000,0.0000,0,0,0,0,0,0
n012w8-0,n012w8,0,5,1000000,100.0,adaptive,2026-07-04T10:59:26+01:00,7,2,87,9,1,0.000000,2745,2895,2745,150,5.1813,GLOBAL_BEST,0,123,0,30,0,12,0,0,0.0000,0.0000,0,0,0,0,0,0
n012w8-0,n012w8,0,5,1000000,100.0,adaptive,2026-07-04T10:59:26+01:00,7,3,87,10,1,0.000000,2965,2995,2965,30,1.0017,LOCAL_BEST,0,123,2,24,0,13,1,0,300000.0000,0.0000,0,0,0,0,0,0
n012w8-0,n012w8,0,5,1000000,100.0,adaptive,2026-07-04T10:59:26+01:00,7,2,87,11,1,0.000000,2655,2745,2655,90,3.2787,GLOBAL_BEST,0,123,0,34,0,14,1,0,900000.0000,0.0000,0,0,0,0,0,0
n012w8-0,n012w8,0,5,1000000,100.0,adaptive,2026-07-04T10:59:26+01:00,7,1,87,12,1,99.984804,2800,2875,2800,75,2.6087,LOCAL_BEST,0,123,2,24,2,15,1,0,750000.0000,0.0000,0,0,0,0,0,0
n012w8-0,n012w8,0,5,1000000,100.0,adaptive,2026-07-04T10:59:26+01:00,7,3,87,13,1,0.000000,2935,2965,2935,30,1.0118,LOCAL_BEST,0,123,2,39,0,16,1,0,300000.0000,0.0000,0,0,0,0,0,0
n012w8-0,n012w8,0,5,1000000,100.0,adaptive,2026-07-04T10:59:26+01:00,7,1,87,13,1,99.983423,2680,2800,2680,120,4.2857,LOCAL_BEST,0,123,2,24,2,17,0,0,0.0000,0.0000,0,0,0,0,0,0
n012w8-0,n012w8,0,5,1000000,100.0,adaptive,2026-07-04T10:59:26+01:00,7,3,87,14,1,0.000000,2830,2935,2830,105,3.5775,LOCAL_BEST,0,123,2,40,0,18,1,0,1050000.0000,0.0000,0,0,0,0,0,0
n012w8-0,n012w8,0,5,1000000,100.0,adaptive,2026-07-04T10:59:26+01:00,7,1,87,14,1,99.982041,2605,2680,2605,75,2.7985,GLOBAL_BEST,0,123,2,28,2,19,0,0,0.0000,0.0000,0,0,0,0,0,0
n012w8-0,n012w8,0,5,1000000,100.0,adaptive,2026-07-04T10:59:26+01:00,7,2,87,15,1,0.000000,2520,2655,2520,135,5.0847,GLOBAL_BEST,0,123,0,45,0,20,1,0,1350000.0000,0.0000,0,0,0,0,0,0
n012w8-0,n012w8,0,5,1000000,100.0,adaptive,2026-07-04T10:59:26+01:00,7,1,87,15,1,99.980660,2590,2605,2590,15,0.5758,LOCAL_BEST,0,123,2,28,2,21,0,0,0.0000,0.0000,0,0,0,0,0,0
n012w8-0,n012w8,0,5,1000000,100.0,adaptive,2026-07-04T10:59:26+01:00,7,2,87,16,1,0.000000,2460,2520,2460,60,2.3810,GLOBAL_BEST,0,123,0,52,0,22,1,0,600000.0000,0.0000,0,0,0,0,0,0
n012w8-0,n012w8,0,5,1000000,100.0,adaptive,2026-07-04T10:59:26+01:00,7,1,87,16,1,99.979279,2410,2590,2410,180,6.9498,GLOBAL_BEST,0,123,2,32,2,23,0,0,0.0000,0.0000,0,0,0,0,0,0
n012w8-0,n012w8,0,5,1000000,100.0,adaptive,2026-07-04T10:59:26+01:00,7,1,87,17,1,99.977898,2380,2410,2380,30,1.2448,GLOBAL_BEST,0,123,2,36,2,24,1,0,300000.0000,0.0000,0,0,0,0,0,0
n012w8-0,n012w8,0,5,1000000,100.0,adaptive,2026-07-04T10:59:26+01:00,7,2,87,18,1,0.000000,2390,2460,2390,70,2.8455,GLOBAL_BEST,0,123,0,53,0,25,1,0,700000.0000,0.0000,0,0,0,0,0,0
n012w8-0,n012w8,0,5,1000000,100.0,adaptive,2026-07-04T10:59:26+01:00,7,2,87,19,1,0.000000,2330,2390,2330,60,2.5105,GLOBAL_BEST,0,123,0,57,0,26,1,0,600000.0000,0.0000,0,0,0,0,0,0
n012w8-0,n012w8,0,5,1000000,100.0,adaptive,2026-07-04T10:59:26+01:00,7,1,87,20,1,99.973754,2365,2380,2365,15,0.6303,LOCAL_BEST,0,123,3,41,2,27,1,0,150000.0000,0.0000,0,0,0,0,0,0
n012w8-0,n012w8,0,5,1000000,100.0,adaptive,2026-07-04T10:59:26+01:00,7,2,87,20,1,0.000000,2240,2330,2240,90,3.8627,GLOBAL_BEST,0,123,0,58,0,28,0,0,0.0000,0.0000,0,0,0,0,0,0
n012w8-0,n012w8,0,5,1000000,100.0,adaptive,2026-07-04T10:59:26+01:00,7,5,87,20,37,0.000000,715,730,715,15,2.0548,LOCAL_BEST,1,123,0,32,16,29,0,36,0.0000,416.6667,0,0,0,0,0,0
n012w8-0,n012w8,0,5,1000000,100.0,adaptive,2026-07-04T10:59:26+01:00,7,1,87,21,1,99.972373,2275,2365,2275,90,3.8055,LOCAL_BEST,0,123,3,41,2,30,1,-36,900000.0000,0.0000,0,0,0,0,0,0
n012w8-0,n012w8,0,5,1000000,100.0,adaptive,2026-07-04T10:59:26+01:00,7,1,87,23,1,99.969610,2250,2275,2250,25,1.0989,LOCAL_BEST,0,123,4,44,2,31,2,0,125000.0000,0.0000,0,0,0,0,0,0
n012w8-0,n012w8,0,5,1000000,100.0,adaptive,2026-07-04T10:59:26+01:00,7,3,87,24,1,0.000000,2820,2830,2820,10,0.3534,LOCAL_BEST,0,123,7,60,0,32,1,0,100000.0000,0.0000,0,0,0,0,0,0
n012w8-0,n012w8,0,5,1000000,100.0,adaptive,2026-07-04T10:59:26+01:00,7,5,87,26,37,0.000000,700,715,700,15,2.0979,LOCAL_BEST,1,123,0,40,21,33,2,36,75000.0000,416.6667,0,0,0,0,0,0
n012w8-0,n012w8,0,5,1000000,100.0,adaptive,2026-07-04T10:59:26+01:00,7,3,87,27,1,0.000000,2790,2820,2790,30,1.0638,LOCAL_BEST,0,123,7,63,2,34,1,-36,300000.0000,0.0000,0,0,0,0,0,0
n012w8-0,n012w8,0,5,1000000,100.0,adaptive,2026-07-04T10:59:26+01:00,7,3,87,32,1,0.000000,2745,2790,2745,45,1.6129,LOCAL_BEST,0,123,8,92,2,35,5,0,90000.0000,0.0000,0,0,0,0,0,0
n012w8-0,n012w8,0,5,1000000,100.0,adaptive,2026-07-04T10:59:26+01:00,7,1,87,33,1,99.955800,2180,2250,2180,70,3.1111,GLOBAL_BEST,0,123,6,61,7,36,1,0,700000.0000,0.0000,0,0,0,0,0,0
n012w8-0,n012w8,0,5,1000000,100.0,adaptive,2026-07-04T10:59:26+01:00,7,3,87,35,1,0.000000,2730,2745,2730,15,0.5464,LOCAL_BEST,0,123,9,98,3,37,2,0,75000.0000,0.0000,0,0,0,0,0,0
n012w8-0,n012w8,0,5,1000000,100.0,adaptive,2026-07-04T10:59:26+01:00,7,2,87,35,1,0.000000,2225,2240,2225,15,0.6696,GLOBAL_BEST,0,123,0,79,0,38,0,0,0.0000,0.0000,0,0,0,0,0,0
n012w8-0,n012w8,0,5,1000000,100.0,adaptive,2026-07-04T10:59:26+01:00,7,2,87,38,1,0.000000,2215,2225,2215,10,0.4494,LOCAL_BEST,0,123,0,84,0,39,3,0,33333.3333,0.0000,0,0,0,0,0,0
n012w8-0,n012w8,0,5,1000000,100.0,adaptive,2026-07-04T10:59:26+01:00,7,1,87,38,1,99.948896,2045,2180,2045,135,6.1927,GLOBAL_BEST,0,123,6,74,11,40,0,0,0.0000,0.0000,0,0,0,0,0,0
n012w8-0,n012w8,0,5,1000000,100.0,adaptive,2026-07-04T10:59:26+01:00,7,2,87,39,1,0.000000,2200,2215,2200,15,0.6772,LOCAL_BEST,0,123,0,87,0,41,1,0,150000.0000,0.0000,0,0,0,0,0,0
n012w8-0,n012w8,0,5,1000000,100.0,adaptive,2026-07-04T10:59:26+01:00,7,1,87,39,1,99.947515,1895,2045,1895,150,7.3350,GLOBAL_BEST,0,123,6,74,11,42,0,0,0.0000,0.0000,0,0,0,0,0,0
n012w8-0,n012w8,0,5,1000000,100.0,adaptive,2026-07-04T10:59:26+01:00,7,1,87,40,1,99.946134,1835,1895,1835,60,3.1662,GLOBAL_BEST,0,123,6,74,11,43,1,0,600000.0000,0.0000,0,0,0,0,0,0
n012w8-0,n012w8,0,5,1000000,100.0,adaptive,2026-07-04T10:59:26+01:00,7,3,87,51,1,0.000000,2700,2730,2700,30,1.0989,LOCAL_BEST,0,123,13,136,5,44,11,0,27272.7273,0.0000,0,0,0,0,0,0
n012w8-0,n012w8,0,5,1000000,100.0,adaptive,2026-07-04T10:59:26+01:00,7,3,87,52,1,0.000000,2520,2700,2520,180,6.6667,LOCAL_BEST,0,123,13,152,5,45,1,0,1800000.0000,0.0000,0,0,0,0,0,0
n012w8-0,n012w8,0,5,1000000,100.0,adaptive,2026-07-04T10:59:26+01:00,7,3,87,59,1,0.000000,2515,2520,2515,5,0.1984,LOCAL_BEST,0,123,14,163,5,46,7,0,7142.8571,0.0000,0,0,0,0,0,0
n012w8-0,n012w8,0,5,1000000,100.0,adaptive,2026-07-04T10:59:26+01:00,7,3,87,60,1,0.000000,2465,2515,2465,50,1.9881,LOCAL_BEST,0,123,14,163,5,47,1,0,500000.0000,0.0000,0,0,0,0,0,0
n012w8-0,n012w8,0,5,1000000,100.0,adaptive,2026-07-04T10:59:26+01:00,7,3,87,61,1,0.000000,2380,2465,2380,85,3.4483,LOCAL_BEST,0,123,14,167,5,48,1,0,850000.0000,0.0000,0,0,0,0,0,0
n012w8-0,n012w8,0,5,1000000,100.0,adaptive,2026-07-04T10:59:26+01:00,7,3,87,63,1,0.000000,2245,2380,2245,135,5.6723,LOCAL_BEST,0,123,15,168,5,49,2,0,675000.0000,0.0000,0,0,0,0,0,0
n012w8-0,n012w8,0,5,1000000,100.0,adaptive,2026-07-04T10:59:26+01:00,7,3,87,64,1,0.000000,2155,2245,2155,90,4.0089,LOCAL_BEST,0,123,15,168,5,50,1,0,900000.0000,0.0000,0,0,0,0,0,0
n012w8-0,n012w8,0,5,1000000,100.0,adaptive,2026-07-04T10:59:26+01:00,7,3,87,65,1,0.000000,2005,2155,2005,150,6.9606,LOCAL_BEST,0,123,15,173,5,51,1,0,1500000.0000,0.0000,0,0,0,0,0,0
n012w8-0,n012w8,0,5,1000000,100.0,adaptive,2026-07-04T10:59:26+01:00,7,1,87,66,1,99.910239,1685,1835,1685,150,8.1744,LOCAL_BEST,0,123,12,143,19,52,1,0,1500000.0000,0.0000,0,0,0,0,0,0
n012w8-0,n012w8,0,5,1000000,100.0,adaptive,2026-07-04T10:59:26+01:00,7,1,87,67,1,99.908859,1670,1685,1670,15,0.8902,LOCAL_BEST,0,123,12,145,19,53,1,0,150000.0000,0.0000,0,0,0,0,0,0
n012w8-0,n012w8,0,5,1000000,100.0,adaptive,2026-07-04T10:59:26+01:00,7,3,87,68,1,0.000000,1975,2005,1975,30,1.4963,LOCAL_BEST,0,123,17,186,5,54,1,0,300000.0000,0.0000,0,0,0,0,0,0
n012w8-0,n012w8,0,5,1000000,100.0,adaptive,2026-07-04T10:59:26+01:00,7,3,87,81,1,0.000000,1885,1975,1885,90,4.5570,LOCAL_BEST,0,123,23,202,5,55,13,0,69230.7692,0.0000,0,0,0,0,0,0
n012w8-0,n012w8,0,5,1000000,100.0,adaptive,2026-07-04T10:59:26+01:00,7,3,87,85,1,0.000000,1870,1885,1870,15,0.7958,LOCAL_BEST,0,123,24,215,5,56,4,0,37500.0000,0.0000,0,0,0,0,0,0
n012w8-0,n012w8,0,5,1000000,100.0,adaptive,2026-07-04T10:59:26+01:00,7,3,87,86,1,0.000000,1675,1870,1675,195,10.4278,GLOBAL_BEST,0,123,24,215,5,57,1,0,1950000.0000,0.0000,0,0,0,0,0,0
n012w8-0,n012w8,0,5,1000000,100.0,adaptive,2026-07-04T10:59:26+01:00,7,3,87,87,1,0.000000,1615,1675,1615,60,3.5821,GLOBAL_BEST,0,123,24,215,5,58,1,0,600000.0000,0.0000,0,0,0,0,0,0
n012w8-0,n012w8,0,5,1000000,100.0,adaptive,2026-07-04T10:59:26+01:00,7,1,87,89,1,99.878497,1565,1670,1565,105,6.2874,LOCAL_BEST,0,123,19,176,25,59,2,0,525000.0000,0.0000,0,0,0,0,0,0
n012w8-0,n012w8,0,5,1000000,100.0,adaptive,2026-07-04T10:59:26+01:00,7,1,87,90,1,99.877118,1535,1565,1535,30,1.9169,LOCAL_BEST,0,123,19,178,25,60,1,0,300000.0000,0.0000,0,0,0,0,0,0
n012w8-0,n012w8,0,5,1000000,100.0,adaptive,2026-07-04T10:59:26+01:00,7,1,87,91,1,99.875738,1490,1535,1490,45,2.9316,GLOBAL_BEST,0,123,19,178,25,61,1,0,450000.0000,0.0000,0,0,0,0,0,0
n012w8-0,n012w8,0,5,1000000,100.0,adaptive,2026-07-04T10:59:26+01:00,7,3,87,92,1,0.000000,1500,1615,1500,115,7.1207,GLOBAL_BEST,0,123,25,234,6,62,1,0,1150000.0000,0.0000,0,0,0,0,0,0
n012w8-0,n012w8,0,5,1000000,100.0,adaptive,2026-07-04T10:59:26+01:00,7,1,87,95,1,99.870218,1385,1490,1385,105,7.0470,GLOBAL_BEST,0,123,20,183,27,63,3,0,350000.0000,0.0000,0,0,0,0,0,0
n012w8-0,n012w8,0,5,1000000,100.0,adaptive,2026-07-04T10:59:26+01:00,7,2,87,97,1,0.000000,2180,2200,2180,20,0.9091,LOCAL_BEST,0,123,0,202,0,64,2,0,100000.0000,0.0000,0,0,0,0,0,0
n012w8-0,n012w8,0,5,1000000,100.0,adaptive,2026-07-04T10:59:26+01:00,7,2,87,98,1,0.000000,1940,2180,1940,240,11.0092,LOCAL_BEST,0,123,0,206,0,65,1,0,2400000.0000,0.0000,0,0,0,0,0,0
n012w8-0,n012w8,0,5,1000000,100.0,adaptive,2026-07-04T10:59:26+01:00,7,2,87,100,1,0.000000,1925,1940,1925,15,0.7732,LOCAL_BEST,0,123,0,209,0,66,2,0,75000.0000,0.0000,0,0,0,0,0,0
n012w8-0,n012w8,0,5,1000000,100.0,adaptive,2026-07-04T10:59:26+01:00,7,5,87,106,37,0.000000,670,700,670,30,4.2857,GLOBAL_BEST,1,123,0,198,87,67,6,36,50000.0000,833.3333,0,0,0,0,0,0
n012w8-0,n012w8,0,5,1000000,100.0,adaptive,2026-07-04T10:59:26+01:00,7,1,87,115,1,99.842627,1370,1385,1370,15,1.0830,GLOBAL_BEST,0,123,23,223,34,68,9,-36,16666.6667,0.0000,0,0,0,0,0,0
n012w8-0,n012w8,0,5,1000000,100.0,adaptive,2026-07-04T10:59:26+01:00,7,2,87,141,1,0.000000,1875,1925,1875,50,2.5974,LOCAL_BEST,0,123,0,335,0,69,26,0,19230.7692,0.0000,0,0,0,0,0,0
n012w8-0,n012w8,0,5,1000000,100.0,adaptive,2026-07-04T10:59:26+01:00,7,5,87,159,37,0.000000,655,670,655,15,2.2388,GLOBAL_BEST,1,123,0,276,128,70,18,36,8333.3333,416.6667,0,0,0,0,0,0
n012w8-0,n012w8,0,5,1000000,100.0,adaptive,2026-07-04T10:59:26+01:00,7,1,87,184,1,99.747495,1330,1370,1330,40,2.9197,GLOBAL_BEST,0,123,36,380,61,71,25,-36,16000.0000,0.0000,0,0,0,0,0,0
n012w8-0,n012w8,0,5,1000000,100.0,adaptive,2026-07-04T10:59:26+01:00,7,2,87,195,1,0.000000,1865,1875,1865,10,0.5333,LOCAL_BEST,0,123,0,455,0,72,11,0,9090.9091,0.0000,0,0,0,0,0,0
n012w8-0,n012w8,0,5,1000000,100.0,adaptive,2026-07-04T10:59:26+01:00,7,2,87,198,1,0.000000,1835,1865,1835,30,1.6086,LOCAL_BEST,0,123,0,458,0,73,3,0,100000.0000,0.0000,0,0,0,0,0,0
n012w8-0,n012w8,0,5,1000000,100.0,adaptive,2026-07-04T10:59:26+01:00,7,2,87,200,1,0.000000,1790,1835,1790,45,2.4523,LOCAL_BEST,0,123,0,458,0,74,2,0,225000.0000,0.0000,0,0,0,0,0,0
n012w8-0,n012w8,0,5,1000000,100.0,adaptive,2026-07-04T10:59:26+01:00,7,2,87,201,1,0.000000,1760,1790,1760,30,1.6760,LOCAL_BEST,0,123,0,459,0,75,1,0,300000.0000,0.0000,0,0,0,0,0,0
n012w8-0,n012w8,0,5,1000000,100.0,adaptive,2026-07-04T10:59:26+01:00,7,2,87,206,1,0.000000,1595,1760,1595,165,9.3750,LOCAL_BEST,0,123,0,459,0,76,5,0,330000.0000,0.0000,0,0,0,0,0,0
n012w8-0,n012w8,0,5,1000000,100.0,adaptive,2026-07-04T10:59:26+01:00,7,2,87,207,1,0.000000,1550,1595,1550,45,2.8213,LOCAL_BEST,0,123,0,461,0,77,1,0,450000.0000,0.0000,0,0,0,0,0,0
n012w8-0,n012w8,0,5,1000000,100.0,adaptive,2026-07-04T10:59:26+01:00,7,2,87,208,1,0.000000,1535,1550,1535,15,0.9677,LOCAL_BEST,0,123,0,462,0,78,1,0,150000.0000,0.0000,0,0,0,0,0,0
n012w8-0,n012w8,0,5,1000000,100.0,adaptive,2026-07-04T10:59:26+01:00,7,2,87,209,1,0.000000,1505,1535,1505,30,1.9544,LOCAL_BEST,0,123,0,463,0,79,1,0,300000.0000,0.0000,0,0,0,0,0,0
n012w8-0,n012w8,0,5,1000000,100.0,adaptive,2026-07-04T10:59:26+01:00,7,1,87,276,1,99.620794,1290,1330,1290,40,3.0075,GLOBAL_BEST,0,123,58,581,98,80,67,0,5970.1493,0.0000,0,0,0,0,0,0
n012w8-0,n012w8,0,5,1000000,100.0,adaptive,2026-07-04T10:59:26+01:00,7,1,87,366,1,99.497003,1270,1290,1270,20,1.5504,GLOBAL_BEST,0,123,82,732,130,81,90,0,2222.2222,0.0000,0,0,0,0,0,0
n012w8-0,n012w8,0,5,1000000,100.0,adaptive,2026-07-04T10:59:26+01:00,7,1,87,367,1,99.495629,1240,1270,1240,30,2.3622,GLOBAL_BEST,0,123,82,732,130,82,1,0,300000.0000,0.0000,0,0,0,0,0,0
n012w8-0,n012w8,0,5,1000000,100.0,adaptive,2026-07-04T10:59:26+01:00,7,1,87,368,1,99.494254,1210,1240,1210,30,2.4194,GLOBAL_BEST,0,123,82,734,130,83,1,0,300000.0000,0.0000,0,0,0,0,0,0
n012w8-0,n012w8,0,5,1000000,100.0,adaptive,2026-07-04T10:59:26+01:00,7,1,87,370,1,99.491505,1200,1210,1200,10,0.8264,GLOBAL_BEST,0,123,82,737,131,84,2,0,50000.0000,0.0000,0,0,0,0,0,0
n012w8-0,n012w8,0,5,1000000,100.0,adaptive,2026-07-04T10:59:26+01:00,7,1,87,375,1,99.484633,1185,1200,1185,15,1.2500,GLOBAL_BEST,0,123,83,747,132,85,5,0,30000.0000,0.0000,0,0,0,0,0,0
n012w8-0,n012w8,0,5,1000000,100.0,adaptive,2026-07-04T10:59:26+01:00,7,8,87,484,84,0.000000,325,355,325,30,8.4507,GLOBAL_BEST,3,123,0,770,448,86,109,83,2752.2936,361.4458,0,0,0,0,0,0
n012w8-0,n012w8,0,5,1000000,100.0,adaptive,2026-07-04T10:59:26+01:00,7,5,87,655,39,0.000000,640,655,640,15,2.2901,GLOBAL_BEST,1,123,0,1240,515,87,171,-45,877.1930,0.0000,0,0,0,0,0,0
n012w8-0,n012w8,0,5,1000000,100.0,adaptive,2026-07-04T10:59:26+01:00,7,11,87,732,119,0.000000,240,255,240,15,5.8824,GLOBAL_BEST,4,123,0,1198,676,88,77,80,1948.0519,187.5000,0,0,0,0,0,0
n012w8-0,n012w8,0,5,1000000,100.0,adaptive,2026-07-04T10:59:26+01:00,7,2,87,916,1,0.000000,1480,1505,1480,25,1.6611,LOCAL_BEST,0,123,0,2020,0,89,184,-118,1358.6957,0.0000,0,0,0,0,0,0
n012w8-0,n012w8,0,5,1000000,100.0,adaptive,2026-07-04T10:59:26+01:00,7,1,87,1073,3,98.529890,1140,1185,1140,45,3.7975,GLOBAL_BEST,0,123,262,2155,375,90,157,2,2866.2420,22500.0000,0,0,0,0,0,0
n012w8-0,n012w8,0,5,1000000,100.0,adaptive,2026-07-04T10:59:26+01:00,7,5,87,1081,40,0.000000,635,640,635,5,0.7812,GLOBAL_BEST,1,123,0,2042,865,91,8,37,6250.0000,135.1351,0,0,0,0,0,0
n012w8-0,n012w8,0,5,1000000,100.0,adaptive,2026-07-04T10:59:26+01:00,7,1,87,1118,3,98.468654,1095,1140,1095,45,3.9474,GLOBAL_BEST,0,123,277,2234,386,92,37,-37,12162.1622,0.0000,0,0,0,0,0,0
n012w8-0,n012w8,0,5,1000000,100.0,adaptive,2026-07-04T10:59:26+01:00,7,1,87,1119,3,98.467293,1065,1095,1065,30,2.7397,GLOBAL_BEST,0,123,277,2235,386,93,1,0,300000.0000,0.0000,0,0,0,0,0,0
n012w8-0,n012w8,0,5,1000000,100.0,adaptive,2026-07-04T10:59:26+01:00,7,5,87,1202,40,0.000000,615,635,615,20,3.1496,GLOBAL_BEST,1,123,0,2285,962,94,83,37,2409.6386,540.5405,0,0,0,0,0,0
n012w8-0,n012w8,0,5,1000000,100.0,adaptive,2026-07-04T10:59:26+01:00,7,5,87,1368,40,0.000000,595,615,595,20,3.2520,GLOBAL_BEST,1,123,0,2627,1081,95,166,0,1204.8193,0.0000,0,0,0,0,0,0
n012w8-0,n012w8,0,5,1000000,100.0,adaptive,2026-07-04T10:59:26+01:00,7,2,87,1381,3,0.000000,1385,1480,1385,95,6.4189,LOCAL_BEST,0,123,0,3000,39,96,13,-37,73076.9231,0.0000,0,0,0,0,0,0
n012w8-0,n012w8,0,5,1000000,100.0,adaptive,2026-07-04T10:59:26+01:00,7,3,87,1798,3,0.000000,1330,1500,1330,170,11.3333,LOCAL_BEST,0,123,670,3807,93,97,417,0,4076.7386,0.0000,0,0,0,0,0,0
n012w8-0,n012w8,0,5,1000000,100.0,adaptive,2026-07-04T10:59:26+01:00,7,5,87,1815,41,0.000000,550,595,550,45,7.5630,GLOBAL_BEST,1,123,0,3399,1415,98,17,38,26470.5882,1184.2105,0,0,0,0,0,0
n012w8-0,n012w8,0,5,1000000,100.0,adaptive,2026-07-04T10:59:26+01:00,7,2,87,1927,3,0.000000,1325,1385,1325,60,4.3321,LOCAL_BEST,0,123,0,4155,132,99,112,-38,5357.1429,0.0000,0,0,0,0,0,0
n012w8-0,n012w8,0,5,1000000,100.0,adaptive,2026-07-04T10:59:26+01:00,7,2,87,1930,3,0.000000,1265,1325,1265,60,4.5283,LOCAL_BEST,0,123,0,4160,132,100,3,0,200000.0000,0.0000,0,0,0,0,0,0
n012w8-0,n012w8,0,5,1000000,100.0,adaptive,2026-07-04T10:59:26+01:00,7,2,87,2935,4,0.000000,1205,1265,1205,60,4.7431,LOCAL_BEST,0,123,0,6270,323,101,1005,1,597.0149,60000.0000,0,0,0,0,0,0
n012w8-0,n012w8,0,5,1000000,100.0,adaptive,2026-07-04T10:59:26+01:00,7,5,87,2949,42,0.000000,535,550,535,15,2.7273,GLOBAL_BEST,1,123,0,5461,2281,102,14,38,10714.2857,394.7368,0,0,0,0,0,0
n012w8-0,n012w8,0,5,1000000,100.0,adaptive,2026-07-04T10:59:26+01:00,7,5,87,3204,43,0.000000,505,535,505,30,5.6075,GLOBAL_BEST,1,123,0,5852,2462,103,255,1,1176.4706,30000.0000,0,0,0,0,0,0
n012w8-0,n012w8,0,5,1000000,100.0,adaptive,2026-07-04T10:59:26+01:00,7,1,87,4081,7,94.519192,1060,1065,1060,5,0.4695,GLOBAL_BEST,0,123,1053,8119,1315,104,877,-36,57.0125,0.0000,0,0,0,0,0,0
n012w8-0,n012w8,0,5,1000000,100.0,adaptive,2026-07-04T10:59:26+01:00,7,1,87,4086,7,94.512663,1045,1060,1045,15,1.4151,GLOBAL_BEST,0,123,1053,8129,1319,105,5,0,30000.0000,0.0000,0,0,0,0,0,0
n012w8-0,n012w8,0,5,1000000,100.0,adaptive,2026-07-04T10:59:26+01:00,7,5,87,5281,45,0.000000,480,505,480,25,4.9505,GLOBAL_BEST,1,123,0,9414,4023,106,1195,38,209.2050,657.8947,0,0,0,0,0,0
n012w8-0,n012w8,0,5,1000000,100.0,adaptive,2026-07-04T10:59:26+01:00,7,5,87,5283,45,0.000000,470,480,470,10,2.0833,GLOBAL_BEST,1,123,0,9418,4024,107,2,0,50000.0000,0.0000,0,0,0,0,0,0
n012w8-0,n012w8,0,5,1000000,100.0,adaptive,2026-07-04T10:59:26+01:00,7,2,87,5513,9,0.000000,1200,1205,1200,5,0.4149,LOCAL_BEST,0,123,0,11345,1092,108,230,-36,217.3913,0.0000,0,0,0,0,0,0
n012w8-0,n012w8,0,5,1000000,100.0,adaptive,2026-07-04T10:59:26+01:00,7,1,87,5645,9,92.498779,965,1045,965,80,7.6555,GLOBAL_BEST,0,123,1432,11172,1839,109,132,0,6060.6061,0.0000,0,0,0,0,0,0
n012w8-0,n012w8,0,5,1000000,100.0,adaptive,2026-07-04T10:59:26+01:00,7,8,87,5926,91,0.000000,310,325,310,15,4.6154,GLOBAL_BEST,3,123,0,9039,5447,110,281,82,533.8078,182.9268,0,0,0,0,0,0
n012w8-0,n012w8,0,5,1000000,100.0,adaptive,2026-07-04T10:59:26+01:00,7,2,87,7324,12,0.000000,1070,1200,1070,130,10.8333,LOCAL_BEST,0,123,0,14859,1713,111,1398,-79,929.8999,0.0000,0,0,0,0,0,0
n012w8-0,n012w8,0,5,1000000,100.0,adaptive,2026-07-04T10:59:26+01:00,7,1,87,7361,12,90.331662,930,965,930,35,3.6269,GLOBAL_BEST,0,123,1846,14378,2451,112,37,0,9459.4595,0.0000,0,0,0,0,0,0
n012w8-0,n012w8,0,5,1000000,100.0,adaptive,2026-07-04T10:59:26+01:00,7,1,87,7363,12,90.329166,810,930,810,120,12.9032,GLOBAL_BEST,0,123,1846,14379,2452,113,2,0,600000.0000,0.0000,0,0,0,0,0,0
n012w8-0,n012w8,0,5,1000000,100.0,adaptive,2026-07-04T10:59:26+01:00,7,1,87,7364,12,90.327918,795,810,795,15,1.8519,GLOBAL_BEST,0,123,1846,14379,2452,114,1,0,150000.0000,0.0000,0,0,0,0,0,0
n012w8-0,n012w8,0,5,1000000,100.0,adaptive,2026-07-04T10:59:26+01:00,7,2,87,8363,13,0.000000,1040,1070,1040,30,2.8037,LOCAL_BEST,0,123,0,16983,2119,115,999,1,300.3003,30000.0000,0,0,0,0,0,0
n012w8-0,n012w8,0,5,1000000,100.0,adaptive,2026-07-04T10:59:26+01:00,7,2,87,8368,13,0.000000,1020,1040,1020,20,1.9231,LOCAL_BEST,0,123,0,16992,2120,116,5,0,40000.0000,0.0000,0,0,0,0,0,0
n012w8-0,n012w8,0,5,1000000,100.0,adaptive,2026-07-04T10:59:26+01:00,7,2,87,8370,13,0.000000,930,1020,930,90,8.8235,LOCAL_BEST,0,123,0,16994,2120,117,2,0,450000.0000,0.0000,0,0,0,0,0,0
n012w8-0,n012w8,0,5,1000000,100.0,adaptive,2026-07-04T10:59:26+01:00,7,5,87,8515,49,0.000000,465,470,465,5,1.0638,GLOBAL_BEST,1,123,0,14957,6488,118,145,36,344.8276,138.8889,0,0,0,0,0,0
n012w8-0,n012w8,0,5,1000000,100.0,adaptive,2026-07-04T10:59:26+01:00,7,5,87,9691,51,0.000000,440,465,440,25,5.3763,GLOBAL_BEST,1,123,0,16936,7413,119,1176,2,212.5850,12500.0000,0,0,0,0,0,0
n012w8-0,n012w8,0,5,1000000,100.0,adaptive,2026-07-04T10:59:26+01:00,7,8,87,10314,96,0.000000,295,310,295,15,4.8387,GLOBAL_BEST,3,123,0,15802,9331,120,623,45,240.7705,333.3333,0,0,0,0,0,0
n012w8-0,n012w8,0,5,1000000,100.0,adaptive,2026-07-04T10:59:26+01:00,7,2,87,13004,20,0.000000,895,930,895,35,3.7634,LOCAL_BEST,0,123,0,25890,4186,121,2690,-76,130.1115,0.0000,0,0,0,0,0,0
n012w8-0,n012w8,0,5,1000000,100.0,adaptive,2026-07-04T10:59:26+01:00,7,5,87,13513,56,0.000000,425,440,425,15,3.4091,GLOBAL_BEST,1,123,0,23672,10371,122,509,36,294.6955,416.6667,0,0,0,0,0,0
n012w8-0,n012w8,0,5,1000000,100.0,adaptive,2026-07-04T10:59:26+01:00,7,2,87,13989,22,0.000000,880,895,880,15,1.6760,LOCAL_BEST,0,123,0,27711,4673,123,476,-34,315.1261,0.0000,0,0,0,0,0,0
n012w8-0,n012w8,0,5,1000000,100.0,adaptive,2026-07-04T10:59:26+01:00,7,2,87,13998,22,0.000000,835,880,835,45,5.1136,LOCAL_BEST,0,123,0,27734,4677,124,9,0,50000.0000,0.0000,0,0,0,0,0,0
n012w8-0,n012w8,0,5,1000000,100.0,adaptive,2026-07-04T10:59:26+01:00,7,2,87,14002,22,0.000000,820,835,820,15,1.7964,LOCAL_BEST,0,123,0,27740,4678,125,4,0,37500.0000,0.0000,0,0,0,0,0,0
n012w8-0,n012w8,0,5,1000000,100.0,adaptive,2026-07-04T10:59:26+01:00,7,2,87,14004,22,0.000000,760,820,760,60,7.3171,GLOBAL_BEST,0,123,0,27748,4679,126,2,0,300000.0000,0.0000,0,0,0,0,0,0
n012w8-0,n012w8,0,5,1000000,100.0,adaptive,2026-07-04T10:59:26+01:00,7,8,87,14467,101,0.000000,285,295,285,10,3.3898,GLOBAL_BEST,3,123,0,22214,13030,127,463,79,215.9827,126.5823,0,0,0,0,0,0
n012w8-0,n012w8,0,5,1000000,100.0,adaptive,2026-07-04T10:59:26+01:00,7,8,87,15076,102,0.000000,280,285,280,5,1.7544,GLOBAL_BEST,3,123,0,23341,13562,128,609,1,82.1018,5000.0000,0,0,0,0,0,0
n012w8-0,n012w8,0,5,1000000,100.0,adaptive,2026-07-04T10:59:26+01:00,7,3,87,16112,26,0.000000,1320,1330,1320,10,0.7519,LOCAL_BEST,0,123,6154,33788,744,129,1036,-76,96.5251,0.0000,0,0,0,0,0,0
n012w8-0,n012w8,0,5,1000000,100.0,adaptive,2026-07-04T10:59:26+01:00,7,5,87,16530,60,0.000000,415,425,415,10,2.3529,GLOBAL_BEST,1,123,0,28880,12736,130,418,34,239.2344,294.1176,0,0,0,0,0,0
n012w8-0,n012w8,0,5,1000000,100.0,adaptive,2026-07-04T10:59:26+01:00,7,5,87,16533,60,0.000000,385,415,385,30,7.2289,GLOBAL_BEST,1,123,0,28882,12737,131,3,0,100000.0000,0.0000,0,0,0,0,0,0
n012w8-0,n012w8,0,5,1000000,100.0,adaptive,2026-07-04T10:59:26+01:00,7,8,87,17583,105,0.000000,275,280,275,5,1.7857,GLOBAL_BEST,3,123,0,27342,15799,132,1050,45,47.6190,111.1111,0,0,0,0,0,0
n012w8-0,n012w8,0,5,1000000,100.0,adaptive,2026-07-04T10:59:26+01:00,7,5,87,19206,63,0.000000,360,385,360,25,6.4935,GLOBAL_BEST,1,123,0,33707,14911,133,1623,-42,154.0357,0.0000,0,0,0,0,0,0
n012w8-0,n012w8,0,5,1000000,100.0,adaptive,2026-07-04T10:59:26+01:00,7,8,87,19638,108,0.000000,270,275,270,5,1.8182,GLOBAL_BEST,3,123,0,30485,17646,134,432,45,115.7407,111.1111,0,0,0,0,0,0
n012w8-0,n012w8,0,5,1000000,100.0,adaptive,2026-07-04T10:59:26+01:00,7,2,87,21429,32,0.000000,755,760,755,5,0.6579,GLOBAL_BEST,0,123,0,41989,8873,135,1791,-76,27.9174,0.0000,0,0,0,0,0,0
n012w8-0,n012w8,0,5,1000000,100.0,adaptive,2026-07-04T10:59:26+01:00,7,2,87,22441,33,0.000000,740,755,740,15,1.9868,GLOBAL_BEST,0,123,0,43862,9456,136,1012,1,148.2213,15000.0000,0,0,0,0,0,0
n012w8-0,n012w8,0,5,1000000,100.0,adaptive,2026-07-04T10:59:26+01:00,7,2,87,25474,37,0.000000,730,740,730,10,1.3514,GLOBAL_BEST,0,123,0,49638,11289,137,3033,4,32.9707,2500.0000,0,0,0,0,0,0
n012w8-0,n012w8,0,5,1000000,100.0,adaptive,2026-07-04T10:59:26+01:00,7,2,87,25475,37,0.000000,700,730,700,30,4.1096,GLOBAL_BEST,0,123,0,49640,11289,138,1,0,300000.0000,0.0000,0,0,0,0,0,0
n012w8-0,n012w8,0,5,1000000,100.0,adaptive,2026-07-04T10:59:26+01:00,7,8,87,25781,116,0.000000,255,270,255,15,5.5556,GLOBAL_BEST,3,123,0,40328,23242,139,306,79,490.1961,189.8734,0,0,0,0,0,0
n012w8-0,n012w8,0,5,1000000,100.0,adaptive,2026-07-04T10:59:26+01:00,7,2,87,27390,41,0.000000,685,700,685,15,2.1429,LOCAL_BEST,0,123,0,53004,12518,140,1609,-75,93.2256,0.0000,0,0,0,0,0,0
n012w8-0,n012w8,0,5,1000000,100.0,adaptive,2026-07-04T10:59:26+01:00,7,1,87,27693,42,68.209992,765,795,765,30,3.7736,LOCAL_BEST,0,123,6413,53901,10480,141,303,1,990.0990,30000.0000,0,0,0,0,0,0
n012w8-0,n012w8,0,5,1000000,100.0,adaptive,2026-07-04T10:59:26+01:00,7,1,87,29025,44,66.966253,725,765,725,40,5.2288,LOCAL_BEST,0,123,6673,56429,11104,142,1332,2,300.3003,20000.0000,0,0,0,0,0,0
n012w8-0,n012w8,0,5,1000000,100.0,adaptive,2026-07-04T10:59:26+01:00,7,2,87,29597,45,0.000000,655,685,655,30,4.3796,LOCAL_BEST,0,123,0,56974,13906,143,572,1,524.4755,30000.0000,0,0,0,0,0,0
n012w8-0,n012w8,0,5,1000000,100.0,adaptive,2026-07-04T10:59:26+01:00,7,5,87,33691,82,0.000000,355,360,355,5,1.3889,GLOBAL_BEST,1,123,0,57805,27610,144,4094,37,12.2130,135.1351,0,0,0,0,0,0
n012w8-0,n012w8,0,5,1000000,100.0,adaptive,2026-07-04T10:59:26+01:00,7,4,87,35883,89,60.912721,715,730,715,15,2.0548,LOCAL_BEST,1,123,8238,69558,14048,145,2192,7,68.4307,2142.8571,0,0,0,0,0,0
n012w8-0,n012w8,0,5,1000000,100.0,adaptive,2026-07-04T10:59:26+01:00,7,2,87,35987,54,0.000000,635,655,635,20,3.0534,LOCAL_BEST,0,123,0,68880,18292,146,104,-35,1923.0769,0.0000,0,0,0,0,0,0
n012w8-0,n012w8,0,5,1000000,100.0,adaptive,2026-07-04T10:59:26+01:00,7,4,87,36043,89,60.778223,710,715,710,5,0.6993,LOCAL_BEST,1,123,8267,69892,14132,147,56,35,892.8571,142.8571,0,0,0,0,0,0
n012w8-0,n012w8,0,5,1000000,100.0,adaptive,2026-07-04T10:59:26+01:00,7,2,87,36231,54,0.000000,625,635,625,10,1.5748,LOCAL_BEST,0,123,0,69325,18466,148,188,-35,531.9149,0.0000,0,0,0,0,0,0
n012w8-0,n012w8,0,5,1000000,100.0,adaptive,2026-07-04T10:59:26+01:00,7,2,87,36302,55,0.000000,610,625,610,15,2.4000,LOCAL_BEST,0,123,0,69448,18518,149,71,1,2112.6761,15000.0000,0,0,0,0,0,0
n012w8-0,n012w8,0,5,1000000,100.0,adaptive,2026-07-04T10:59:26+01:00,7,5,87,37187,86,0.000000,335,355,335,20,5.6338,LOCAL_BEST,1,123,0,63526,30698,150,885,31,225.9887,645.1613,0,0,0,0,0,0
n012w8-0,n012w8,0,5,1000000,100.0,adaptive,2026-07-04T10:59:26+01:00,7,11,87,37495,165,0.000000,235,240,235,5,2.0833,GLOBAL_BEST,4,123,0,62568,35717,151,308,79,162.3377,63.2911,0,0,0,0,0,0
n012w8-0,n012w8,0,5,1000000,100.0,adaptive,2026-07-04T10:59:26+01:00,7,4,87,38213,94,58.983155,660,710,660,50,7.0423,LOCAL_BEST,1,123,8677,73966,15187,152,718,-71,696.3788,0.0000,0,0,0,0,0,0
n012w8-0,n012w8,0,5,1000000,100.0,adaptive,2026-07-04T10:59:26+01:00,7,1,87,39316,59,58.091153,685,725,685,40,5.5172,LOCAL_BEST,0,123,8757,75744,15651,153,1103,-35,362.6473,0.0000,0,0,0,0,0,0
n012w8-0,n012w8,0,5,1000000,100.0,adaptive,2026-07-04T10:59:26+01:00,7,1,87,39319,59,58.088746,670,685,670,15,2.1898,LOCAL_BEST,0,123,8757,75752,15652,154,3,0,50000.0000,0.0000,0,0,0,0,0,0
n012w8-0,n012w8,0,5,1000000,100.0,adaptive,2026-07-04T10:59:26+01:00,7,2,87,39511,59,0.000000,605,610,605,5,0.8197,LOCAL_BEST,0,123,0,74910,20846,155,192,0,260.4167,0.0000,0,0,0,0,0,0
n012w8-0,n012w8,0,5,1000000,100.0,adaptive,2026-07-04T10:59:26+01:00,7,2,87,39747,59,0.000000,595,605,595,10,1.6529,LOCAL_BEST,0,123,0,75349,21000,156,236,0,423.7288,0.0000,0,0,0,0,0,0
n012w8-0,n012w8,0,5,1000000,100.0,adaptive,2026-07-04T10:59:26+01:00,7,2,87,39748,59,0.000000,520,595,520,75,12.6050,LOCAL_BEST,0,123,0,75352,21000,157,1,0,750000.0000,0.0000,0,0,0,0,0,0
n012w8-0,n012w8,0,5,1000000,100.0,adaptive,2026-07-04T10:59:26+01:00,7,5,87,39910,89,0.000000,320,335,320,15,4.4776,GLOBAL_BEST,1,123,0,68006,32970,158,162,30,925.9259,500.0000,0,0,0,0,0,0
n012w8-0,n012w8,0,5,1000000,100.0,adaptive,2026-07-04T10:59:26+01:00,7,2,87,45289,67,0.000000,505,520,505,15,2.8846,LOCAL_BEST,0,123,0,85292,25127,159,5379,-22,27.8862,0.0000,0,0,0,0,0,0
n012w8-0,n012w8,0,5,1000000,100.0,adaptive,2026-07-04T10:59:26+01:00,7,2,87,45326,67,0.000000,490,505,490,15,2.9703,LOCAL_BEST,0,123,0,85360,25155,160,37,0,4054.0541,0.0000,0,0,0,0,0,0
n012w8-0,n012w8,0,5,1000000,100.0,adaptive,2026-07-04T10:59:26+01:00,7,1,87,47693,71,51.742570,625,670,625,45,6.7164,LOCAL_BEST,0,123,10265,91681,19865,161,2367,4,190.1141,11250.0000,0,0,0,0,0,0
n012w8-0,n012w8,0,5,1000000,100.0,adaptive,2026-07-04T10:59:26+01:00,7,5,87,47943,100,0.000000,305,320,305,15,4.6875,LOCAL_BEST,1,123,0,81252,39980,162,250,29,600.0000,517.2414,0,0,0,0,0,0
n012w8-0,n012w8,0,5,1000000,100.0,adaptive,2026-07-04T10:59:26+01:00,7,3,87,49102,76,0.000000,1275,1320,1275,45,3.4091,LOCAL_BEST,0,123,18729,103507,2225,163,1159,-24,388.2657,0.0000,0,0,0,0,0,0
n012w8-0,n012w8,0,5,1000000,100.0,adaptive,2026-07-04T10:59:26+01:00,7,3,87,49105,76,0.000000,1205,1275,1205,70,5.4902,LOCAL_BEST,0,123,18730,103512,2226,164,3,0,233333.3333,0.0000,0,0,0,0,0,0
n012w8-0,n012w8,0,5,1000000,100.0,adaptive,2026-07-04T10:59:26+01:00,7,4,87,49105,109,50.742984,650,660,650,10,1.5152,LOCAL_BEST,1,123,10606,94743,20811,165,0,33,0.0000,303.0303,0,0,0,0,0,0
n012w8-0,n012w8,0,5,1000000,100.0,adaptive,2026-07-04T10:59:26+01:00,7,3,87,49108,76,0.000000,1175,1205,1175,30,2.4896,LOCAL_BEST,0,123,18730,103515,2227,166,3,-33,100000.0000,0.0000,0,0,0,0,0,0
n012w8-0,n012w8,0,5,1000000,100.0,adaptive,2026-07-04T10:59:26+01:00,7,3,87,49109,76,0.000000,1160,1175,1160,15,1.2766,LOCAL_BEST,0,123,18730,103522,2227,167,1,0,150000.0000,0.0000,0,0,0,0,0,0
n012w8-0,n012w8,0,5,1000000,100.0,adaptive,2026-07-04T10:59:26+01:00,7,3,87,49110,76,0.000000,1145,1160,1145,15,1.2931,LOCAL_BEST,0,123,18730,103522,2227,168,1,0,150000.0000,0.0000,0,0,0,0,0,0
n012w8-0,n012w8,0,5,1000000,100.0,adaptive,2026-07-04T10:59:26+01:00,7,2,87,50123,74,0.000000,485,490,485,5,1.0204,LOCAL_BEST,0,123,0,93965,28837,169,1013,-2,49.3583,0.0000,0,0,0,0,0,0
n012w8-0,n012w8,0,5,1000000,100.0,adaptive,2026-07-04T10:59:26+01:00,7,4,87,52068,115,48.707742,620,650,620,30,4.6154,LOCAL_BEST,1,123,11051,100382,22511,170,1945,41,154.2416,731.7073,0,0,0,0,0,0
n012w8-0,n012w8,0,5,1000000,100.0,adaptive,2026-07-04T10:59:26+01:00,7,5,87,52494,108,0.000000,275,305,275,30,9.8361,LOCAL_BEST,1,123,0,88576,43921,171,426,-7,704.2254,0.0000,0,0,0,0,0,0
n012w8-0,n012w8,0,5,1000000,100.0,adaptive,2026-07-04T10:59:26+01:00,7,2,87,55151,80,0.000000,480,485,480,5,1.0309,LOCAL_BEST,0,123,0,102971,32829,172,2657,-28,18.8182,0.0000,0,0,0,0,0,0
n012w8-0,n012w8,0,5,1000000,100.0,adaptive,2026-07-04T10:59:26+01:00,7,1,87,55964,82,46.155345,615,625,615,10,1.6000,LOCAL_BEST,0,123,11590,107037,24372,173,813,2,123.0012,5000.0000,0,0,0,0,0,0
n012w8-0,n012w8,0,5,1000000,100.0,adaptive,2026-07-04T10:59:26+01:00,7,2,87,56655,82,0.000000,465,480,465,15,3.1250,LOCAL_BEST,0,123,0,105687,34076,174,691,0,217.0767,0.0000,0,0,0,0,0,0
n012w8-0,n012w8,0,5,1000000,100.0,adaptive,2026-07-04T10:59:26+01:00,7,5,87,58707,116,0.000000,260,275,260,15,5.4545,LOCAL_BEST,1,123,0,98773,49470,175,2052,34,73.0994,441.1765,0,0,0,0,0,0
n012w8-0,n012w8,0,5,1000000,100.0,adaptive,2026-07-04T10:59:26+01:00,7,2,87,59131,85,0.000000,455,465,455,10,2.1505,LOCAL_BEST,0,123,0,109976,36023,176,424,-31,235.8491,0.0000,0,0,0,0,0,0
n012w8-0,n012w8,0,5,1000000,100.0,adaptive,2026-07-04T10:59:26+01:00,7,2,87,59332,86,0.000000,440,455,440,15,3.2967,LOCAL_BEST,0,123,0,110314,36178,177,201,1,746.2687,15000.0000,0,0,0,0,0,0
n012w8-0,n012w8,0,5,1000000,100.0,adaptive,2026-07-04T10:59:26+01:00,7,2,87,61483,89,0.000000,430,440,430,10,2.2727,LOCAL_BEST,0,123,0,113957,37965,178,2151,3,46.4900,3333.3333,0,0,0,0,0,0
n012w8-0,n012w8,0,5,1000000,100.0,adaptive,2026-07-04T10:59:26+01:00,7,4,87,63256,134,41.732077,570,620,570,50,8.0645,LOCAL_BEST,1,123,12713,121608,28872,179,1773,45,282.0079,1111.1111,0,0,0,0,0,0
n012w8-0,n012w8,0,5,1000000,100.0,adaptive,2026-07-04T10:59:26+01:00,7,4,87,63265,134,41.726888,545,570,545,25,4.3860,LOCAL_BEST,1,123,12713,121619,28879,180,9,0,27777.7778,0.0000,0,0,0,0,0,0
n012w8-0,n012w8,0,5,1000000,100.0,adaptive,2026-07-04T10:59:26+01:00,7,2,87,63901,92,0.000000,415,430,415,15,3.4884,LOCAL_BEST,0,123,0,118036,39975,181,636,-42,235.8491,0.0000,0,0,0,0,0,0
n012w8-0,n012w8,0,5,1000000,100.0,adaptive,2026-07-04T10:59:26+01:00,7,1,87,65077,96,40.695276,555,615,555,60,9.7561,LOCAL_BEST,0,123,12873,124214,29818,182,1176,4,510.2041,15000.0000,0,0,0,0,0,0
n012w8-0,n012w8,0,5,1000000,100.0,adaptive,2026-07-04T10:59:26+01:00,7,1,87,65090,96,40.687968,540,555,540,15,2.7027,LOCAL_BEST,0,123,12874,124239,29828,183,13,0,11538.4615,0.0000,0,0,0,0,0,0
n012w8-0,n012w8,0,5,1000000,100.0,adaptive,2026-07-04T10:59:26+01:00,7,5,87,65564,125,0.000000,250,260,250,10,3.8462,LOCAL_BEST,1,123,0,109577,55600,184,474,29,210.9705,344.8276,0,0,0,0,0,0
n012w8-0,n012w8,0,5,1000000,100.0,adaptive,2026-07-04T10:59:26+01:00,7,4,87,66027,140,40.164651,525,545,525,20,3.6697,LOCAL_BEST,1,123,13074,126418,30632,185,463,15,431.9654,1333.3333,0,0,0,0,0,0
n012w8-0,n012w8,0,5,1000000,100.0,adaptive,2026-07-04T10:59:26+01:00,7,4,87,66029,140,40.163541,510,525,510,15,2.8571,LOCAL_BEST,1,123,13074,126423,30633,186,2,0,75000.0000,0.0000,0,0,0,0,0,0
n012w8-0,n012w8,0,5,1000000,100.0,adaptive,2026-07-04T10:59:26+01:00,7,2,87,68582,99,0.000000,410,415,410,5,1.2048,LOCAL_BEST,0,123,0,126168,43770,187,2553,-41,19.5848,0.0000,0,0,0,0,0,0
n012w8-0,n012w8,0,5,1000000,100.0,adaptive,2026-07-04T10:59:26+01:00,7,2,87,68597,99,0.000000,395,410,395,15,3.6585,LOCAL_BEST,0,123,0,126191,43783,188,15,0,10000.0000,0.0000,0,0,0,0,0,0
n012w8-0,n012w8,0,5,1000000,100.0,adaptive,2026-07-04T10:59:26+01:00,7,2,87,70809,101,0.000000,385,395,385,10,2.5316,LOCAL_BEST,0,123,0,129961,45575,189,2212,2,45.2080,5000.0000,0,0,0,0,0,0
n012w8-0,n012w8,0,5,1000000,100.0,adaptive,2026-07-04T10:59:26+01:00,7,2,87,72629,103,0.000000,380,385,380,5,1.2987,LOCAL_BEST,0,123,0,132823,47088,190,1820,2,27.4725,2500.0000,0,0,0,0,0,0
n012w8-0,n012w8,0,5,1000000,100.0,adaptive,2026-07-04T10:59:26+01:00,7,2,87,72790,104,0.000000,335,380,335,45,11.8421,LOCAL_BEST,0,123,0,133076,47227,191,161,1,2795.0311,45000.0000,0,0,0,0,0,0
n012w8-0,n012w8,0,5,1000000,100.0,adaptive,2026-07-04T10:59:26+01:00,7,2,87,72933,104,0.000000,320,335,320,15,4.4776,LOCAL_BEST,0,123,0,133328,47343,192,143,0,1048.9510,0.0000,0,0,0,0,0,0
n012w8-0,n012w8,0,5,1000000,100.0,adaptive,2026-07-04T10:59:26+01:00,7,1,87,74997,109,35.483300,490,540,490,50,9.2593,LOCAL_BEST,0,123,14170,142649,35955,193,2064,5,242.2481,10000.0000,0,0,0,0,0,0
n012w8-0,n012w8,0,5,1000000,100.0,adaptive,2026-07-04T10:59:26+01:00,7,1,87,74999,109,35.482319,460,490,460,30,6.1224,LOCAL_BEST,0,123,14170,142655,35956,194,2,0,150000.0000,0.0000,0,0,0,0,0,0
n012w8-0,n012w8,0,5,1000000,100.0,adaptive,2026-07-04T10:59:26+01:00,7,1,87,75000,109,35.481829,430,460,430,30,6.5217,LOCAL_BEST,0,123,14170,142657,35956,195,1,0,300000.0000,0.0000,0,0,0,0,0,0
n012w8-0,n012w8,0,5,1000000,100.0,adaptive,2026-07-04T10:59:26+01:00,7,1,87,75010,109,35.476927,415,430,415,15,3.4884,LOCAL_BEST,0,123,14171,142674,35962,196,10,0,15000.0000,0.0000,0,0,0,0,0,0
n012w8-0,n012w8,0,5,1000000,100.0,adaptive,2026-07-04T10:59:26+01:00,7,5,87,75097,145,0.000000,245,250,245,5,2.0000,LOCAL_BEST,1,123,0,124960,64260,197,87,36,574.7126,138.8889,0,0,0,0,0,0
n012w8-0,n012w8,0,5,1000000,100.0,adaptive,2026-07-04T10:59:26+01:00,7,4,87,81432,163,32.464895,500,510,500,10,1.9608,LOCAL_BEST,1,123,14940,155117,40435,198,6335,18,15.7853,555.5556,0,0,0,0,0,0
n012w8-0,n012w8,0,5,1000000,100.0,adaptive,2026-07-04T10:59:26+01:00,7,4,87,94846,181,26.973046,495,500,495,5,1.0000,LOCAL_BEST,1,123,16192,179447,49804,199,13414,18,3.7274,277.7778,0,0,0,0,0,0
n012w8-0,n012w8,0,5,1000000,100.0,adaptive,2026-07-04T10:59:26+01:00,7,4,87,94896,181,26.954421,450,495,450,45,9.0909,LOCAL_BEST,1,123,16195,179536,49841,200,50,0,9000.0000,0.0000,0,0,0,0,0,0
n012w8-0,n012w8,0,5,1000000,100.0,adaptive,2026-07-04T10:59:26+01:00,7,4,87,95226,182,26.831812,440,450,440,10,2.2222,LOCAL_BEST,1,123,16221,180038,50078,201,330,1,303.0303,10000.0000,0,0,0,0,0,0
n012w8-0,n012w8,0,5,1000000,100.0,adaptive,2026-07-04T10:59:26+01:00,7,4,87,95699,183,26.657045,425,440,425,15,3.4091,LOCAL_BEST,1,123,16262,180831,50426,202,473,1,317.1247,15000.0000,0,0,0,0,0,0
n012w8-0,n012w8,0,5,1000000,100.0,adaptive,2026-07-04T10:59:26+01:00,7,4,87,95768,183,26.631645,410,425,410,15,3.5294,LOCAL_BEST,1,123,16264,180950,50476,203,69,0,2173.9130,0.0000,0,0,0,0,0,0
n012w8-0,n012w8,0,5,1000000,100.0,adaptive,2026-07-04T10:59:26+01:00,7,1,87,96117,145,26.503547,410,415,410,5,1.2048,LOCAL_BEST,0,123,16206,181217,50526,204,349,-38,143.2665,0.0000,0,0,0,0,0,0
n012w8-0,n012w8,0,5,1000000,100.0,adaptive,2026-07-04T10:59:26+01:00,7,1,87,96121,145,26.502082,395,410,395,15,3.6585,LOCAL_BEST,0,123,16207,181219,50528,205,4,0,37500.0000,0.0000,0,0,0,0,0,0
n012w8-0,n012w8,0,5,1000000,100.0,adaptive,2026-07-04T10:59:26+01:00,7,1,87,96123,145,26.501350,380,395,380,15,3.7975,LOCAL_BEST,0,123,16207,181227,50528,206,2,0,75000.0000,0.0000,0,0,0,0,0,0
n012w8-0,n012w8,0,5,1000000,100.0,adaptive,2026-07-04T10:59:26+01:00,7,4,87,102723,199,24.191790,380,410,380,30,7.3171,LOCAL_BEST,1,123,16801,193153,55660,207,6600,54,45.4545,555.5556,0,0,0,0,0,0
n012w8-0,n012w8,0,5,1000000,100.0,adaptive,2026-07-04T10:59:26+01:00,7,2,87,107021,153,0.000000,310,320,310,10,3.1250,LOCAL_BEST,0,123,0,190371,77414,208,4298,-46,23.2666,0.0000,0,0,0,0,0,0
n012w8-0,n012w8,0,5,1000000,100.0,adaptive,2026-07-04T10:59:26+01:00,7,4,87,107646,209,22.601122,365,380,365,15,3.9474,LOCAL_BEST,1,123,17124,202005,59379,209,625,56,240.0000,267.8571,0,0,0,0,0,0
n012w8-0,n012w8,0,5,1000000,100.0,adaptive,2026-07-04T10:59:26+01:00,7,4,87,111557,219,21.412334,320,365,320,45,12.3288,LOCAL_BEST,1,123,17410,209026,62340,210,3911,10,115.0601,4500.0000,0,0,0,0,0,0
n012w8-0,n012w8,0,5,1000000,100.0,adaptive,2026-07-04T10:59:26+01:00,7,2,87,114655,163,0.000000,300,310,300,10,3.2258,LOCAL_BEST,0,123,0,203822,84352,211,3098,-56,32.2789,0.0000,0,0,0,0,0,0
n012w8-0,n012w8,0,5,1000000,100.0,adaptive,2026-07-04T10:59:26+01:00,7,2,87,118883,169,0.000000,290,300,290,10,3.3333,LOCAL_BEST,0,123,0,211376,88256,212,4228,6,23.6518,1666.6667,0,0,0,0,0,0
n012w8-0,n012w8,0,5,1000000,100.0,adaptive,2026-07-04T10:59:26+01:00,7,2,87,119009,169,0.000000,275,290,275,15,5.1724,LOCAL_BEST,0,123,0,211634,88370,213,126,0,1190.4762,0.0000,0,0,0,0,0,0
n012w8-0,n012w8,0,5,1000000,100.0,adaptive,2026-07-04T10:59:26+01:00,7,1,87,125317,202,17.705329,370,380,370,10,2.6316,LOCAL_BEST,0,123,18036,232388,73186,214,6308,33,15.8529,303.0303,0,0,0,0,0,0
n012w8-0,n012w8,0,5,1000000,100.0,adaptive,2026-07-04T10:59:26+01:00,7,1,87,125398,203,17.685527,355,370,355,15,4.0541,LOCAL_BEST,0,123,18036,232502,73261,215,81,1,1851.8519,15000.0000,0,0,0,0,0,0
n012w8-0,n012w8,0,5,1000000,100.0,adaptive,2026-07-04T10:59:26+01:00,7,1,87,125847,204,17.576160,350,355,350,5,1.4085,LOCAL_BEST,0,123,18045,233202,73660,216,449,1,111.3586,5000.0000,0,0,0,0,0,0
n012w8-0,n012w8,0,5,1000000,100.0,adaptive,2026-07-04T10:59:26+01:00,7,1,87,125949,204,17.551410,345,350,345,5,1.4286,LOCAL_BEST,0,123,18047,233385,73753,217,102,0,490.1961,0.0000,0,0,0,0,0,0
n012w8-0,n012w8,0,5,1000000,100.0,adaptive,2026-07-04T10:59:26+01:00,7,1,87,125957,204,17.549470,330,345,330,15,4.3478,LOCAL_BEST,0,123,18048,233406,73759,218,8,0,18750.0000,0.0000,0,0,0,0,0,0
n012w8-0,n012w8,0,5,1000000,100.0,adaptive,2026-07-04T10:59:26+01:00,7,3,87,128122,222,0.000000,1115,1145,1115,30,2.6201,LOCAL_BEST,0,123,48923,269710,5624,219,2165,18,138.5681,1666.6667,0,0,0,0,0,0
n012w8-0,n012w8,0,5,1000000,100.0,adaptive,2026-07-04T10:59:26+01:00,7,7,87,134053,336,15.692351,330,355,330,25,7.0423,LOCAL_BEST,2,123,18207,246701,81284,220,5931,114,42.1514,219.2982,0,0,0,0,0,0
n012w8-0,n012w8,0,5,1000000,100.0,adaptive,2026-07-04T10:59:26+01:00,7,7,87,134064,336,15.689966,315,330,315,15,4.5455,LOCAL_BEST,2,123,18207,246715,81293,221,11,0,13636.3636,0.0000,0,0,0,0,0,0
n012w8-0,n012w8,0,5,1000000,100.0,adaptive,2026-07-04T10:59:26+01:00,7,1,87,137228,222,15.018896,320,330,320,10,3.0303,LOCAL_BEST,0,123,18523,252573,82960,222,3164,-114,31.6056,0.0000,0,0,0,0,0,0
n012w8-0,n012w8,0,5,1000000,100.0,adaptive,2026-07-04T10:59:26+01:00,7,1,87,143311,233,13.808293,300,320,300,20,6.2500,LOCAL_BEST,0,123,18700,262710,88174,223,6083,11,32.8785,1818.1818,0,0,0,0,0,0
n012w8-0,n012w8,0,5,1000000,100.0,adaptive,2026-07-04T10:59:26+01:00,7,1,87,146212,237,13.265817,290,300,290,10,3.3333,LOCAL_BEST,0,123,18794,267731,90713,224,2901,4,34.4709,2500.0000,0,0,0,0,0,0
n012w8-0,n012w8,0,5,1000000,100.0,adaptive,2026-07-04T10:59:26+01:00,7,1,87,148027,239,12.937310,275,290,275,15,5.1724,LOCAL_BEST,0,123,18845,270754,92286,225,1815,2,82.6446,7500.0000,0,0,0,0,0,0
n012w8-0,n012w8,0,5,1000000,100.0,adaptive,2026-07-04T10:59:26+01:00,7,4,87,149123,285,12.742892,315,320,315,5,1.5625,LOCAL_BEST,1,123,18890,271866,93948,226,1096,46,45.6204,108.6957,0,0,0,0,0,0
n012w8-0,n012w8,0,5,1000000,100.0,adaptive,2026-07-04T10:59:26+01:00,7,4,87,151680,290,12.300592,300,315,300,15,4.7619,LOCAL_BEST,1,123,18958,276184,96146,227,2557,5,58.6625,3000.0000,0,0,0,0,0,0
n012w8-0,n012w8,0,5,1000000,100.0,adaptive,2026-07-04T10:59:26+01:00,7,4,87,151752,291,12.288362,285,300,285,15,5.0000,LOCAL_BEST,1,123,18959,276287,96209,228,72,1,2083.3333,15000.0000,0,0,0,0,0,0
n012w8-0,n012w8,0,5,1000000,100.0,adaptive,2026-07-04T10:59:26+01:00,7,1,87,152509,247,12.160516,270,275,270,5,1.8182,LOCAL_BEST,0,123,18946,278473,96238,229,757,-44,66.0502,0.0000,0,0,0,0,0,0
n012w8-0,n012w8,0,5,1000000,100.0,adaptive,2026-07-04T10:59:26+01:00,7,1,87,153473,248,11.999634,260,270,260,10,3.7037,LOCAL_BEST,0,123,18974,280052,97070,230,964,1,103.7344,10000.0000,0,0,0,0,0,0
n012w8-0,n012w8,0,5,1000000,100.0,adaptive,2026-07-04T10:59:26+01:00,7,1,87,153593,248,11.979757,255,260,255,5,1.9231,LOCAL_BEST,0,123,18976,280265,97177,231,120,0,416.6667,0.0000,0,0,0,0,0,0
n012w8-0,n012w8,0,5,1000000,100.0,adaptive,2026-07-04T10:59:26+01:00,7,1,87,154292,249,11.864625,240,255,240,15,5.8824,LOCAL_BEST,0,123,18991,281351,97796,232,699,1,214.5923,15000.0000,0,0,0,0,0,0
n012w8-0,n012w8,0,5,1000000,100.0,adaptive,2026-07-04T10:59:26+01:00,7,7,87,156629,377,11.487671,305,315,305,10,3.1746,LOCAL_BEST,2,123,18843,284486,100525,233,2337,128,42.7899,78.1250,0,0,0,0,0,0
n012w8-0,n012w8,0,5,1000000,100.0,adaptive,2026-07-04T10:59:26+01:00,7,7,87,156776,377,11.464365,290,305,290,15,4.9180,LOCAL_BEST,2,123,18844,284744,100656,234,147,0,1020.4082,0.0000,0,0,0,0,0,0
n012w8-0,n012w8,0,5,1000000,100.0,adaptive,2026-07-04T10:59:26+01:00,7,13,87,163192,435,10.491897,225,235,225,10,4.2553,GLOBAL_BEST,5,123,19089,295864,106178,235,6416,58,15.5860,172.4138,0,0,0,0,0,0
n012w8-0,n012w8,0,5,1000000,100.0,adaptive,2026-07-04T10:59:26+01:00,7,4,87,171895,323,9.303278,275,285,275,10,3.5088,LOCAL_BEST,1,123,19316,309164,113856,236,8703,-112,11.4903,0.0000,0,0,0,0,0,0
n012w8-0,n012w8,0,5,1000000,100.0,adaptive,2026-07-04T10:59:26+01:00,7,4,87,172127,323,9.273507,260,275,260,15,5.4545,LOCAL_BEST,1,123,19321,309495,114060,237,232,0,646.5517,0.0000,0,0,0,0,0,0
n012w8-0,n012w8,0,5,1000000,100.0,adaptive,2026-07-04T10:59:26+01:00,7,4,87,172319,323,9.248941,245,260,245,15,5.7692,LOCAL_BEST,1,123,19322,309771,114237,238,192,0,781.2500,0.0000,0,0,0,0,0,0
n012w8-0,n012w8,0,5,1000000,100.0,adaptive,2026-07-04T10:59:26+01:00,7,1,87,173318,273,9.122167,230,240,230,10,4.1667,GLOBAL_BEST,0,123,19305,314146,115108,239,999,-50,100.1001,0.0000,0,0,0,0,0,0
n012w8-0,n012w8,0,5,1000000,100.0,adaptive,2026-07-04T10:59:26+01:00,7,19,87,182715,824,8.011540,215,225,215,10,4.4444,GLOBAL_BEST,8,123,19243,324780,124178,240,9397,551,10.6417,18.1488,0,0,0,0,0,0
n012w8-0,n012w8,0,5,1000000,100.0,adaptive,2026-07-04T10:59:26+01:00,7,7,87,194387,450,6.818424,285,290,285,5,1.7241,LOCAL_BEST,2,123,19310,344912,134597,241,11672,-374,4.2838,0.0000,0,0,0,0,0,0
n012w8-0,n012w8,0,5,1000000,100.0,adaptive,2026-07-04T10:59:26+01:00,7,4,87,195266,363,6.736123,235,245,235,10,4.0816,LOCAL_BEST,1,123,19496,347819,135436,242,879,-87,113.7656,0.0000,0,0,0,0,0,0
n012w8-0,n012w8,0,5,1000000,100.0,adaptive,2026-07-04T10:59:26+01:00,7,13,87,213192,519,5.258332,275,225,225,0,0.0000,REHEAT,5,123,19502,382369,152015,243,17926,156,0.0000,0.0000,0,0,0,0,0,0
n012w8-0,n012w8,0,5,1000000,100.0,adaptive,2026-07-04T10:59:26+01:00,7,1,87,223318,344,4.571850,270,230,230,0,0.0000,REHEAT,0,123,19597,395578,160673,244,10126,-175,0.0000,0.0000,0,0,0,0,0,0
n012w8-0,n012w8,0,5,1000000,100.0,adaptive,2026-07-04T10:59:26+01:00,7,19,87,232715,911,4.015226,215,215,215,0,0.0000,REHEAT,8,123,19426,401620,170455,245,9397,567,0.0000,0.0000,0,0,0,0,0,0
n012w8-0,n012w8,0,5,1000000,100.0,adaptive,2026-07-04T10:59:26+01:00,7,3,87,242495,460,0.000000,1080,1115,1080,35,3.1390,LOCAL_BEST,0,123,92904,509638,10531,246,9780,-451,35.7873,0.0000,0,0,0,0,0,0
n012w8-0,n012w8,0,5,1000000,100.0,adaptive,2026-07-04T10:59:26+01:00,7,13,87,263192,624,50.118723,1270,225,225,0,0.0000,REHEAT,5,123,30160,479153,173533,247,20697,164,0.0000,0.0000,0,0,0,0,0,0
n012w8-0,n012w8,0,5,1000000,100.0,adaptive,2026-07-04T10:59:26+01:00,7,1,87,273318,438,50.118723,895,230,230,0,0.0000,REHEAT,0,123,30203,492497,181966,248,10126,-186,0.0000,0.0000,0,0,0,0,0,0
n012w8-0,n012w8,0,5,1000000,100.0,adaptive,2026-07-04T10:59:26+01:00,7,19,87,282715,1028,50.118723,1190,215,215,0,0.0000,REHEAT,8,123,30199,497936,191876,249,9397,590,0.0000,0.0000,0,0,0,0,0,0
n012w8-0,n012w8,0,5,1000000,100.0,adaptive,2026-07-04T10:59:26+01:00,7,13,87,313192,728,50.118723,1190,225,225,0,0.0000,REHEAT,5,123,40969,575129,194691,250,30477,-300,0.0000,0.0000,0,0,0,0,0,0
n012w8-0,n012w8,0,5,1000000,100.0,adaptive,2026-07-04T10:59:26+01:00,7,1,87,323318,548,50.118723,1260,230,230,0,0.0000,REHEAT,0,123,41033,590102,203039,251,10126,-180,0.0000,0.0000,0,0,0,0,0,0
n012w8-0,n012w8,0,5,1000000,100.0,adaptive,2026-07-04T10:59:26+01:00,7,19,87,332715,1147,50.118723,945,215,215,0,0.0000,REHEAT,8,123,40821,596132,213363,252,9397,599,0.0000,0.0000,0,0,0,0,0,0
n012w8-0,n012w8,0,5,1000000,100.0,adaptive,2026-07-04T10:59:26+01:00,7,13,87,363192,810,50.118723,775,225,225,0,0.0000,REHEAT,5,123,51630,671262,216047,253,30477,-337,0.0000,0.0000,0,0,0,0,0,0
n012w8-0,n012w8,0,5,1000000,100.0,adaptive,2026-07-04T10:59:26+01:00,7,1,87,373318,663,50.118723,1150,230,230,0,0.0000,REHEAT,0,123,51755,686888,224261,254,10126,-147,0.0000,0.0000,0,0,0,0,0,0
n012w8-0,n012w8,0,5,1000000,100.0,adaptive,2026-07-04T10:59:26+01:00,7,19,87,382715,1261,50.118723,1080,215,215,0,0.0000,REHEAT,8,123,51436,692015,235066,255,9397,598,0.0000,0.0000,0,0,0,0,0,0
n012w8-0,n012w8,0,5,1000000,100.0,adaptive,2026-07-04T10:59:26+01:00,7,13,87,413192,910,50.118723,1310,225,225,0,0.0000,REHEAT,5,123,62221,768160,237561,256,30477,-351,0.0000,0.0000,0,0,0,0,0,0
n012w8-0,n012w8,0,5,1000000,100.0,adaptive,2026-07-04T10:59:26+01:00,7,1,87,423318,758,50.118723,1100,230,230,0,0.0000,REHEAT,0,123,62469,782964,245136,257,10126,-152,0.0000,0.0000,0,0,0,0,0,0
n012w8-0,n012w8,0,5,1000000,100.0,adaptive,2026-07-04T10:59:26+01:00,7,19,87,432715,1369,50.118723,1085,215,215,0,0.0000,REHEAT,8,123,62090,788272,256347,258,9397,611,0.0000,0.0000,0,0,0,0,0,0
n012w8-0,n012w8,0,5,1000000,100.0,adaptive,2026-07-04T10:59:26+01:00,7,13,87,463192,1016,50.118723,1330,225,225,0,0.0000,REHEAT,5,123,72904,864454,259079,259,30477,-353,0.0000,0.0000,0,0,0,0,0,0
n012w8-0,n012w8,0,5,1000000,100.0,adaptive,2026-07-04T10:59:26+01:00,7,1,87,473318,871,50.118723,755,230,230,0,0.0000,REHEAT,0,123,73099,879991,266616,260,10126,-145,0.0000,0.0000,0,0,0,0,0,0
n012w8-0,n012w8,0,5,1000000,100.0,adaptive,2026-07-04T10:59:26+01:00,7,19,87,482715,1485,50.118723,715,215,215,0,0.0000,REHEAT,8,123,72741,884569,277769,261,9397,614,0.0000,0.0000,0,0,0,0,0,0
n012w8-0,n012w8,0,5,1000000,100.0,adaptive,2026-07-04T10:59:26+01:00,7,13,87,513192,1129,50.118723,1095,225,225,0,0.0000,REHEAT,5,123,83680,960200,280290,262,30477,-356,0.0000,0.0000,0,0,0,0,0,0
n012w8-0,n012w8,0,5,1000000,100.0,adaptive,2026-07-04T10:59:26+01:00,7,1,87,523318,973,50.118723,1115,230,230,0,0.0000,REHEAT,0,123,83802,976751,287954,263,10126,-156,0.0000,0.0000,0,0,0,0,0,0
n012w8-0,n012w8,0,5,1000000,100.0,adaptive,2026-07-04T10:59:26+01:00,7,19,87,532715,1598,50.118723,1270,215,215,0,0.0000,REHEAT,8,123,83213,981219,299376,264,9397,625,0.0000,0.0000,0,0,0,0,0,0
n012w8-0,n012w8,0,5,1000000,100.0,adaptive,2026-07-04T10:59:26+01:00,7,13,87,563192,1236,50.118723,1215,225,225,0,0.0000,REHEAT,5,123,94445,1058025,301394,265,30477,-362,0.0000,0.0000,0,0,0,0,0,0
n012w8-0,n012w8,0,5,1000000,100.0,adaptive,2026-07-04T10:59:26+01:00,7,1,87,573318,1066,50.118723,1695,230,230,0,0.0000,REHEAT,0,123,94566,1073350,308981,266,10126,-170,0.0000,0.0000,0,0,0,0,0,0
n012w8-0,n012w8,0,5,1000000,100.0,adaptive,2026-07-04T10:59:26+01:00,7,19,87,582715,1697,50.118723,1245,215,215,0,0.0000,REHEAT,8,123,93990,1076895,320420,267,9397,631,0.0000,0.0000,0,0,0,0,0,0
n012w8-0,n012w8,0,5,1000000,100.0,adaptive,2026-07-04T10:59:26+01:00,7,13,87,613192,1357,50.118723,1005,225,225,0,0.0000,REHEAT,5,123,105082,1154245,322957,268,30477,-340,0.0000,0.0000,0,0,0,0,0,0
n012w8-0,n012w8,0,5,1000000,100.0,adaptive,2026-07-04T10:59:26+01:00,7,1,87,623318,1160,50.118723,765,230,230,0,0.0000,REHEAT,0,123,105222,1169697,330264,269,10126,-197,0.0000,0.0000,0,0,0,0,0,0
n012w8-0,n012w8,0,5,1000000,100.0,adaptive,2026-07-04T10:59:26+01:00,7,19,87,632715,1800,50.118723,970,215,215,0,0.0000,REHEAT,8,123,104730,1172353,341617,270,9397,640,0.0000,0.0000,0,0,0,0,0,0
n012w8-0,n012w8,0,5,1000000,100.0,adaptive,2026-07-04T10:59:26+01:00,7,13,87,663192,1474,50.118723,1130,225,225,0,0.0000,REHEAT,5,123,115739,1251008,344265,271,30477,-326,0.0000,0.0000,0,0,0,0,0,0
n012w8-0,n012w8,0,5,1000000,100.0,adaptive,2026-07-04T10:59:26+01:00,7,1,87,673318,1272,50.118723,1005,230,230,0,0.0000,REHEAT,0,123,115914,1265640,351480,272,10126,-202,0.0000,0.0000,0,0,0,0,0,0
n012w8-0,n012w8,0,5,1000000,100.0,adaptive,2026-07-04T10:59:26+01:00,7,19,87,682715,1906,50.118723,950,215,215,0,0.0000,REHEAT,8,123,115429,1269212,362811,273,9397,634,0.0000,0.0000,0,0,0,0,0,0
n012w8-0,n012w8,0,5,1000000,100.0,adaptive,2026-07-04T10:59:26+01:00,7,13,87,713192,1585,50.118723,860,225,225,0,0.0000,REHEAT,5,123,126366,1347943,365857,274,30477,-321,0.0000,0.0000,0,0,0,0,0,0
n012w8-0,n012w8,0,5,1000000,100.0,adaptive,2026-07-04T10:59:26+01:00,7,1,87,723318,1381,50.118723,1320,230,230,0,0.0000,REHEAT,0,123,126624,1360610,372607,275,10126,-204,0.0000,0.0000,0,0,0,0,0,0
n012w8-0,n012w8,0,5,1000000,100.0,adaptive,2026-07-04T10:59:26+01:00,7,19,87,732715,1990,50.118723,1065,215,215,0,0.0000,REHEAT,8,123,126134,1366088,384008,276,9397,609,0.0000,0.0000,0,0,0,0,0,0
n012w8-0,n012w8,0,5,1000000,100.0,adaptive,2026-07-04T10:59:26+01:00,7,13,87,763192,1692,50.118723,1110,225,225,0,0.0000,REHEAT,5,123,137024,1445129,387159,277,30477,-298,0.0000,0.0000,0,0,0,0,0,0
n012w8-0,n012w8,0,5,1000000,100.0,adaptive,2026-07-04T10:59:26+01:00,7,1,87,773318,1491,50.118723,1260,230,230,0,0.0000,REHEAT,0,123,137295,1456750,393813,278,10126,-201,0.0000,0.0000,0,0,0,0,0,0
n012w8-0,n012w8,0,5,1000000,100.0,adaptive,2026-07-04T10:59:26+01:00,7,3,87,776530,1580,0.000000,1005,1080,1005,75,6.9444,LOCAL_BEST,0,123,297595,1627779,33811,279,3212,89,233.4994,842.6966,0,0,0,0,0,0
n012w8-0,n012w8,0,5,1000000,100.0,adaptive,2026-07-04T10:59:26+01:00,7,19,87,782715,2083,50.118723,1005,215,215,0,0.0000,REHEAT,8,123,136861,1462514,405338,280,6185,503,0.0000,0.0000,0,0,0,0,0,0
n012w8-0,n012w8,0,5,1000000,100.0,adaptive,2026-07-04T10:59:26+01:00,7,13,87,813192,1791,50.118723,1255,225,225,0,0.0000,REHEAT,5,123,147687,1541223,408566,281,30477,-292,0.0000,0.0000,0,0,0,0,0,0
n012w8-0,n012w8,0,5,1000000,100.0,adaptive,2026-07-04T10:59:26+01:00,7,1,87,823318,1599,50.118723,1375,230,230,0,0.0000,REHEAT,0,123,147977,1553410,415300,282,10126,-192,0.0000,0.0000,0,0,0,0,0,0
n012w8-0,n012w8,0,5,1000000,100.0,adaptive,2026-07-04T10:59:26+01:00,7,19,87,832715,2169,50.118723,1070,215,215,0,0.0000,REHEAT,8,123,147596,1559621,426617,283,9397,570,0.0000,0.0000,0,0,0,0,0,0
n012w8-0,n012w8,0,5,1000000,100.0,adaptive,2026-07-04T10:59:26+01:00,7,13,87,863192,1896,50.118723,960,225,225,0,0.0000,REHEAT,5,123,158390,1638397,429881,284,30477,-273,0.0000,0.0000,0,0,0,0,0,0
n012w8-0,n012w8,0,5,1000000,100.0,adaptive,2026-07-04T10:59:26+01:00,7,1,87,873318,1708,50.118723,1040,230,230,0,0.0000,REHEAT,0,123,158662,1649055,436503,285,10126,-188,0.0000,0.0000,0,0,0,0,0,0
n012w8-0,n012w8,0,5,1000000,100.0,adaptive,2026-07-04T10:59:26+01:00,7,19,87,882715,2242,50.118723,1135,215,215,0,0.0000,REHEAT,8,123,158305,1655970,447954,286,9397,534,0.0000,0.0000,0,0,0,0,0,0
n012w8-0,n012w8,0,5,1000000,100.0,adaptive,2026-07-04T10:59:26+01:00,7,13,87,913192,1993,50.118723,765,225,225,0,0.0000,REHEAT,5,123,169073,1735376,450963,287,30477,-249,0.0000,0.0000,0,0,0,0,0,0
n012w8-0,n012w8,0,5,1000000,100.0,adaptive,2026-07-04T10:59:26+01:00,7,1,87,923318,1816,50.118723,1125,230,230,0,0.0000,REHEAT,0,123,169375,1745257,457562,288,10126,-177,0.0000,0.0000,0,0,0,0,0,0
n012w8-0,n012w8,0,5,1000000,100.0,adaptive,2026-07-04T10:59:26+01:00,7,19,87,932715,2315,50.118723,1220,215,215,0,0.0000,REHEAT,8,123,169051,1752738,469203,289,9397,499,0.0000,0.0000,0,0,0,0,0,0
n012w8-0,n012w8,0,5,1000000,100.0,adaptive,2026-07-04T10:59:26+01:00,7,13,87,963192,2068,50.118723,1440,225,225,0,0.0000,REHEAT,5,123,179726,1831103,472453,290,30477,-247,0.0000,0.0000,0,0,0,0,0,0
n012w8-0,n012w8,0,5,1000000,100.0,adaptive,2026-07-04T10:59:26+01:00,7,1,87,973318,1911,50.118723,1060,230,230,0,0.0000,REHEAT,0,123,179947,1842236,478914,291,10126,-157,0.0000,0.0000,0,0,0,0,0,0
n012w8-0,n012w8,0,5,1000000,100.0,adaptive,2026-07-04T10:59:26+01:00,7,19,87,982715,2388,50.118723,985,215,215,0,0.0000,REHEAT,8,123,179693,1848502,490485,292,9397,477,0.0000,0.0000,0,0,0,0,0,0
n012w8-0,n012w8,0,5,1000000,100.0,adaptive,2026-07-04T10:59:26+01:00,8,3,88,1,1,0.000000,4775,4805,4775,30,0.6243,GLOBAL_BEST,0,123,0,0,0,1,1,1,300000.0000,30000.0000,0,0,0,0,0,0
n012w8-0,n012w8,0,5,1000000,100.0,adaptive,2026-07-04T10:59:26+01:00,8,1,88,1,1,100.000000,4665,4805,4665,140,2.9136,LOCAL_BEST,0,123,0,6,0,2,0,0,0.0000,0.0000,0,0,0,0,0,0
n012w8-0,n012w8,0,5,1000000,100.0,adaptive,2026-07-04T10:59:26+01:00,8,3,88,2,1,0.000000,4620,4775,4620,155,3.2461,GLOBAL_BEST,0,123,0,1,0,3,1,0,1550000.0000,0.0000,0,0,0,0,0,0
n012w8-0,n012w8,0,5,1000000,100.0,adaptive,2026-07-04T10:59:26+01:00,8,1,88,2,1,99.998618,4595,4665,4595,70,1.5005,LOCAL_BEST,0,123,0,6,0,4,0,0,0.0000,0.0000,0,0,0,0,0,0
n012w8-0,n012w8,0,5,1000000,100.0,adaptive,2026-07-04T10:59:26+01:00,8,3,88,3,1,0.000000,4375,4620,4375,245,5.3030,GLOBAL_BEST,0,123,0,1,0,5,1,0,2450000.0000,0.0000,0,0,0,0,0,0
n012w8-0,n012w8,0,5,1000000,100.0,adaptive,2026-07-04T10:59:26+01:00,8,2,88,3,1,0.000000,4675,4805,4675,130,2.7055,LOCAL_BEST,0,123,0,9,1,6,0,0,0.0000,0.0000,0,0,0,0,0,0
n012w8-0,n012w8,0,5,1000000,100.0,adaptive,2026-07-04T10:59:26+01:00,8,1,88,3,1,99.997237,4580,4595,4580,15,0.3264,LOCAL_BEST,0,123,0,10,0,7,0,0,0.0000,0.0000,0,0,0,0,0,0
n012w8-0,n012w8,0,5,1000000,100.0,adaptive,2026-07-04T10:59:26+01:00,8,3,88,4,1,0.000000,4345,4375,4345,30,0.6857,GLOBAL_BEST,0,123,0,3,0,8,1,0,300000.0000,0.0000,0,0,0,0,0,0
n012w8-0,n012w8,0,5,1000000,100.0,adaptive,2026-07-04T10:59:26+01:00,8,1,88,4,1,99.995855,4320,4580,4320,260,5.6769,LOCAL_BEST,0,123,0,16,0,9,0,0,0.0000,0.0000,0,0,0,0,0,0
n012w8-0,n012w8,0,5,1000000,100.0,adaptive,2026-07-04T10:59:26+01:00,8,3,88,5,1,0.000000,4165,4345,4165,180,4.1427,GLOBAL_BEST,0,123,0,6,0,10,1,0,1800000.0000,0.0000,0,0,0,0,0,0
n012w8-0,n012w8,0,5,1000000,100.0,adaptive,2026-07-04T10:59:26+01:00,8,2,88,5,1,0.000000,4645,4675,4645,30,0.6417,LOCAL_BEST,0,123,0,12,1,11,0,0,0.0000,0.0000,0,0,0,0,0,0
n012w8-0,n012w8,0,5,1000000,100.0,adaptive,2026-07-04T10:59:26+01:00,8,1,88,5,1,99.994474,4090,4320,4090,230,5.3241,LOCAL_BEST,0,123,0,21,0,12,0,0,0.0000,0.0000,0,0,0,0,0,0
n012w8-0,n012w8,0,5,1000000,100.0,adaptive,2026-07-04T10:59:26+01:00,8,2,88,6,1,0.000000,4600,4645,4600,45,0.9688,LOCAL_BEST,0,123,0,13,1,13,1,0,450000.0000,0.0000,0,0,0,0,0,0
n012w8-0,n012w8,0,5,1000000,100.0,adaptive,2026-07-04T10:59:26+01:00,8,1,88,6,1,99.993092,3960,4090,3960,130,3.1785,LOCAL_BEST,0,123,0,24,0,14,0,0,0.0000,0.0000,0,0,0,0,0,0
n012w8-0,n012w8,0,5,1000000,100.0,adaptive,2026-07-04T10:59:26+01:00,8,2,88,7,1,0.000000,4455,4600,4455,145,3.1522,LOCAL_BEST,0,123,0,16,1,15,1,0,1450000.0000,0.0000,0,0,0,0,0,0
n012w8-0,n012w8,0,5,1000000,100.0,adaptive,2026-07-04T10:59:26+01:00,8,1,88,7,1,99.991711,3915,3960,3915,45,1.1364,LOCAL_BEST,0,123,0,24,0,16,0,0,0.0000,0.0000,0,0,0,0,0,0
n012w8-0,n012w8,0,5,1000000,100.0,adaptive,2026-07-04T10:59:26+01:00,8,3,88,8,1,0.000000,4105,4165,4105,60,1.4406,GLOBAL_BEST,0,123,0,9,0,17,1,0,600000.0000,0.0000,0,0,0,0,0,0
n012w8-0,n012w8,0,5,1000000,100.0,adaptive,2026-07-04T10:59:26+01:00,8,2,88,8,1,0.000000,4275,4455,4275,180,4.0404,LOCAL_BEST,0,123,0,19,1,18,0,0,0.0000,0.0000,0,0,0,0,0,0
n012w8-0,n012w8,0,5,1000000,100.0,adaptive,2026-07-04T10:59:26+01:00,8,2,88,9,1,0.000000,4145,4275,4145,130,3.0409,LOCAL_BEST,0,123,0,22,1,19,1,0,1300000.0000,0.0000,0,0,0,0,0,0
n012w8-0,n012w8,0,5,1000000,100.0,adaptive,2026-07-04T10:59:26+01:00,8,1,88,9,1,99.988948,3845,3915,3845,70,1.7880,LOCAL_BEST,0,123,1,31,0,20,0,0,0.0000,0.0000,0,0,0,0,0,0
n012w8-0,n012w8,0,5,1000000,100.0,adaptive,2026-07-04T10:59:26+01:00,8,3,88,10,1,0.000000,4090,4105,4090,15,0.3654,GLOBAL_BEST,0,123,1,15,0,21,1,0,150000.0000,0.0000,0,0,0,0,0,0
n012w8-0,n012w8,0,5,1000000,100.0,adaptive,2026-07-04T10:59:26+01:00,8,2,88,10,1,0.000000,4130,4145,4130,15,0.3619,LOCAL_BEST,0,123,0,22,1,22,0,0,0.0000,0.0000,0,0,0,0,0,0
n012w8-0,n012w8,0,5,1000000,100.0,adaptive,2026-07-04T10:59:26+01:00,8,3,88,11,1,0.000000,3860,4090,3860,230,5.6235,GLOBAL_BEST,0,123,1,15,0,23,1,0,2300000.0000,0.0000,0,0,0,0,0,0
n012w8-0,n012w8,0,5,1000000,100.0,adaptive,2026-07-04T10:59:26+01:00,8,1,88,11,1,99.986185,3825,3845,3825,20,0.5202,LOCAL_BEST,0,123,2,33,0,24,0,0,0.0000,0.0000,0,0,0,0,0,0
n012w8-0,n012w8,0,5,1000000,100.0,adaptive,2026-07-04T10:59:26+01:00,8,2,88,13,1,0.000000,4120,4130,4120,10,0.2421,LOCAL_BEST,0,123,0,23,1,25,2,0,50000.0000,0.0000,0,0,0,0,0,0
n012w8-0,n012w8,0,5,1000000,100.0,adaptive,2026-07-04T10:59:26+01:00,8,5,88,13,47,0.000000,2170,2180,2170,10,0.4587,GLOBAL_BEST,1,123,0,19,11,26,0,46,0.0000,217.3913,0,0,0,0,0,0
n012w8-0,n012w8,0,5,1000000,100.0,adaptive,2026-07-04T10:59:26+01:00,8,3,88,14,1,0.000000,3795,3860,3795,65,1.6839,GLOBAL_BEST,0,123,2,28,0,27,1,-46,650000.0000,0.0000,0,0,0,0,0,0
n012w8-0,n012w8,0,5,1000000,100.0,adaptive,2026-07-04T10:59:26+01:00,8,2,88,14,1,0.000000,3960,4120,3960,160,3.8835,LOCAL_BEST,0,123,0,25,1,28,0,0,0.0000,0.0000,0,0,0,0,0,0
n012w8-0,n012w8,0,5,1000000,100.0,adaptive,2026-07-04T10:59:26+01:00,8,1,88,14,1,99.982041,3750,3825,3750,75,1.9608,LOCAL_BEST,0,123,2,44,0,29,0,0,0.0000,0.0000,0,0,0,0,0,0
n012w8-0,n012w8,0,5,1000000,100.0,adaptive,2026-07-04T10:59:26+01:00,8,5,88,14,47,0.000000,2150,2170,2150,20,0.9217,GLOBAL_BEST,1,123,0,21,11,30,0,46,0.0000,434.7826,0,0,0,0,0,0
n012w8-0,n012w8,0,5,1000000,100.0,adaptive,2026-07-04T10:59:26+01:00,8,3,88,15,1,0.000000,3735,3795,3735,60,1.5810,GLOBAL_BEST,0,123,2,29,0,31,1,-46,600000.0000,0.0000,0,0,0,0,0,0
n012w8-0,n012w8,0,5,1000000,100.0,adaptive,2026-07-04T10:59:26+01:00,8,2,88,15,1,0.000000,3905,3960,3905,55,1.3889,LOCAL_BEST,0,123,0,30,1,32,0,0,0.0000,0.0000,0,0,0,0,0,0
n012w8-0,n012w8,0,5,1000000,100.0,adaptive,2026-07-04T10:59:26+01:00,8,1,88,17,1,99.977898,3705,3750,3705,45,1.2000,LOCAL_BEST,0,123,4,50,0,33,2,0,225000.0000,0.0000,0,0,0,0,0,0
n012w8-0,n012w8,0,5,1000000,100.0,adaptive,2026-07-04T10:59:26+01:00,8,3,88,18,1,0.000000,3640,3735,3640,95,2.5435,GLOBAL_BEST,0,123,3,36,0,34,1,0,950000.0000,0.0000,0,0,0,0,0,0
n012w8-0,n012w8,0,5,1000000,100.0,adaptive,2026-07-04T10:59:26+01:00,8,2,88,18,1,0.000000,3800,3905,3800,105,2.6889,LOCAL_BEST,0,123,0,40,1,35,0,0,0.0000,0.0000,0,0,0,0,0,0
n012w8-0,n012w8,0,5,1000000,100.0,adaptive,2026-07-04T10:59:26+01:00,8,1,88,18,1,99.976516,3690,3705,3690,15,0.4049,LOCAL_BEST,0,123,4,50,0,36,0,0,0.0000,0.0000,0,0,0,0,0,0
n012w8-0,n012w8,0,5,1000000,100.0,adaptive,2026-07-04T10:59:26+01:00,8,3,88,19,1,0.000000,3570,3640,3570,70,1.9231,GLOBAL_BEST,0,123,3,36,0,37,1,0,700000.0000,0.0000,0,0,0,0,0,0
n012w8-0,n012w8,0,5,1000000,100.0,adaptive,2026-07-04T10:59:26+01:00,8,3,88,20,1,0.000000,3555,3570,3555,15,0.4202,GLOBAL_BEST,0,123,3,38,0,38,1,0,150000.0000,0.0000,0,0,0,0,0,0
n012w8-0,n012w8,0,5,1000000,100.0,adaptive,2026-07-04T10:59:26+01:00,8,2,88,20,1,0.000000,3740,3800,3740,60,1.5789,LOCAL_BEST,0,123,0,40,1,39,0,0,0.0000,0.0000,0,0,0,0,0,0
n012w8-0,n012w8,0,5,1000000,100.0,adaptive,2026-07-04T10:59:26+01:00,8,3,88,21,1,0.000000,3510,3555,3510,45,1.2658,GLOBAL_BEST,0,123,3,38,0,40,1,0,450000.0000,0.0000,0,0,0,0,0,0
n012w8-0,n012w8,0,5,1000000,100.0,adaptive,2026-07-04T10:59:26+01:00,8,5,88,26,47,0.000000,2090,2150,2090,60,2.7907,GLOBAL_BEST,1,123,0,36,20,41,5,46,120000.0000,1304.3478,0,0,0,0,0,0
n012w8-0,n012w8,0,5,1000000,100.0,adaptive,2026-07-04T10:59:26+01:00,8,1,88,27,1,99.964086,3635,3690,3635,55,1.4905,LOCAL_BEST,0,123,6,82,3,42,1,-46,550000.0000,0.0000,0,0,0,0,0,0
n012w8-0,n012w8,0,5,1000000,100.0,adaptive,2026-07-04T10:59:26+01:00,8,1,88,28,1,99.962705,3575,3635,3575,60,1.6506,LOCAL_BEST,0,123,6,82,3,43,1,0,600000.0000,0.0000,0,0,0,0,0,0
n012w8-0,n012w8,0,5,1000000,100.0,adaptive,2026-07-04T10:59:26+01:00,8,1,88,30,1,99.959943,3565,3575,3565,10,0.2797,LOCAL_BEST,0,123,7,82,3,44,2,0,50000.0000,0.0000,0,0,0,0,0,0
n012w8-0,n012w8,0,5,1000000,100.0,adaptive,2026-07-04T10:59:26+01:00,8,14,88,30,156,0.000000,1680,1695,1680,15,0.8850,GLOBAL_BEST,6,123,0,52,25,45,0,155,0.0000,96.7742,0,0,0,0,0,0
n012w8-0,n012w8,0,5,1000000,100.0,adaptive,2026-07-04T10:59:26+01:00,8,3,88,39,1,0.000000,3480,3510,3480,30,0.8547,GLOBAL_BEST,0,123,11,57,2,46,9,-155,33333.3333,0.0000,0,0,0,0,0,0
n012w8-0,n012w8,0,5,1000000,100.0,adaptive,2026-07-04T10:59:26+01:00,8,2,88,39,1,0.000000,3640,3740,3640,100,2.6738,LOCAL_BEST,0,123,0,93,1,47,0,0,0.0000,0.0000,0,0,0,0,0,0
n012w8-0,n012w8,0,5,1000000,100.0,adaptive,2026-07-04T10:59:26+01:00,8,1,88,40,1,99.946134,3450,3565,3450,115,3.2258,GLOBAL_BEST,0,123,9,110,7,48,1,0,1150000.0000,0.0000,0,0,0,0,0,0
n012w8-0,n012w8,0,5,1000000,100.0,adaptive,2026-07-04T10:59:26+01:00,8,2,88,40,1,0.000000,3620,3640,3620,20,0.5495,LOCAL_BEST,0,123,0,94,1,49,0,0,0.0000,0.0000,0,0,0,0,0,0
n012w8-0,n012w8,0,5,1000000,100.0,adaptive,2026-07-04T10:59:26+01:00,8,1,88,41,1,99.944753,3285,3450,3285,165,4.7826,GLOBAL_BEST,0,123,9,110,7,50,1,0,1650000.0000,0.0000,0,0,0,0,0,0
n012w8-0,n012w8,0,5,1000000,100.0,adaptive,2026-07-04T10:59:26+01:00,8,1,88,43,1,99.941992,3200,3285,3200,85,2.5875,GLOBAL_BEST,0,123,9,116,7,51,2,0,425000.0000,0.0000,0,0,0,0,0,0
n012w8-0,n012w8,0,5,1000000,100.0,adaptive,2026-07-04T10:59:26+01:00,8,1,88,45,1,99.939230,3020,3200,3020,180,5.6250,GLOBAL_BEST,0,123,9,116,8,52,2,0,900000.0000,0.0000,0,0,0,0,0,0
n012w8-0,n012w8,0,5,1000000,100.0,adaptive,2026-07-04T10:59:26+01:00,8,2,88,46,1,0.000000,3590,3620,3590,30,0.8287,LOCAL_BEST,0,123,0,108,1,53,1,0,300000.0000,0.0000,0,0,0,0,0,0
n012w8-0,n012w8,0,5,1000000,100.0,adaptive,2026-07-04T10:59:26+01:00,8,1,88,47,1,99.936469,3010,3020,3010,10,0.3311,GLOBAL_BEST,0,123,9,117,8,54,1,0,100000.0000,0.0000,0,0,0,0,0,0
n012w8-0,n012w8,0,5,1000000,100.0,adaptive,2026-07-04T10:59:26+01:00,8,5,88,69,47,0.000000,2085,2090,2085,5,0.2392,GLOBAL_BEST,1,123,0,106,45,55,22,46,2272.7273,108.6957,0,0,0,0,0,0
n012w8-0,n012w8,0,5,1000000,100.0,adaptive,2026-07-04T10:59:26+01:00,8,3,88,72,1,0.000000,3410,3480,3410,70,2.0115,LOCAL_BEST,0,123,24,131,2,56,3,-46,233333.3333,0.0000,0,0,0,0,0,0
n012w8-0,n012w8,0,5,1000000,100.0,adaptive,2026-07-04T10:59:26+01:00,8,8,88,85,103,0.000000,1780,1800,1780,20,1.1111,GLOBAL_BEST,3,123,0,130,75,57,13,102,15384.6154,196.0784,0,0,0,0,0,0
n012w8-0,n012w8,0,5,1000000,100.0,adaptive,2026-07-04T10:59:26+01:00,8,3,88,88,1,0.000000,3355,3410,3355,55,1.6129,LOCAL_BEST,0,123,31,160,2,58,3,-102,183333.3333,0.0000,0,0,0,0,0,0
n012w8-0,n012w8,0,5,1000000,100.0,adaptive,2026-07-04T10:59:26+01:00,8,1,88,91,1,99.875738,2940,3010,2940,70,2.3256,GLOBAL_BEST,0,123,22,223,19,59,3,0,233333.3333,0.0000,0,0,0,0,0,0
n012w8-0,n012w8,0,5,1000000,100.0,adaptive,2026-07-04T10:59:26+01:00,8,1,88,95,1,99.870218,2910,2940,2910,30,1.0204,GLOBAL_BEST,0,123,23,232,20,60,4,0,75000.0000,0.0000,0,0,0,0,0,0
n012w8-0,n012w8,0,5,1000000,100.0,adaptive,2026-07-04T10:59:26+01:00,8,1,88,96,1,99.868839,2880,2910,2880,30,1.0309,GLOBAL_BEST,0,123,23,234,20,61,1,0,300000.0000,0.0000,0,0,0,0,0,0
n012w8-0,n012w8,0,5,1000000,100.0,adaptive,2026-07-04T10:59:26+01:00,8,8,88,102,103,0.000000,1770,1780,1770,10,0.5618,GLOBAL_BEST,3,123,0,147,88,62,6,102,16666.6667,98.0392,0,0,0,0,0,0
n012w8-0,n012w8,0,5,1000000,100.0,adaptive,2026-07-04T10:59:26+01:00,8,1,88,105,1,99.856422,2815,2880,2815,65,2.2569,GLOBAL_BEST,0,123,23,241,23,63,3,-102,216666.6667,0.0000,0,0,0,0,0,0
n012w8-0,n012w8,0,5,1000000,100.0,adaptive,2026-07-04T10:59:26+01:00,8,1,88,106,1,99.855042,2695,2815,2695,120,4.2629,GLOBAL_BEST,0,123,23,243,23,64,1,0,1200000.0000,0.0000,0,0,0,0,0,0
n012w8-0,n012w8,0,5,1000000,100.0,adaptive,2026-07-04T10:59:26+01:00,8,11,88,114,141,0.000000,1710,1725,1710,15,0.8696,GLOBAL_BEST,4,123,0,155,105,65,8,140,18750.0000,107.1429,0,0,0,0,0,0
n012w8-0,n012w8,0,5,1000000,100.0,adaptive,2026-07-04T10:59:26+01:00,8,14,88,126,156,0.000000,1665,1680,1665,15,0.8929,GLOBAL_BEST,6,123,0,168,110,66,12,15,12500.0000,1000.0000,0,0,0,0,0,0
n012w8-0,n012w8,0,5,1000000,100.0,adaptive,2026-07-04T10:59:26+01:00,8,5,88,141,47,0.000000,2055,2085,2055,30,1.4388,GLOBAL_BEST,1,123,0,196,101,67,15,-109,20000.0000,0.0000,0,0,0,0,0,0
n012w8-0,n012w8,0,5,1000000,100.0,adaptive,2026-07-04T10:59:26+01:00,8,5,88,143,47,0.000000,2010,2055,2010,45,2.1898,GLOBAL_BEST,1,123,0,196,102,68,2,0,225000.0000,0.0000,0,0,0,0,0,0
n012w8-0,n012w8,0,5,1000000,100.0,adaptive,2026-07-04T10:59:26+01:00,8,2,88,161,1,0.000000,3465,3590,3465,125,3.4819,LOCAL_BEST,0,123,0,331,1,69,18,-46,69444.4444,0.0000,0,0,0,0,0,0
n012w8-0,n012w8,0,5,1000000,100.0,adaptive,2026-07-04T10:59:26+01:00,8,3,88,189,1,0.000000,3310,3355,3310,45,1.3413,LOCAL_BEST,0,123,65,304,5,70,28,0,16071.4286,0.0000,0,0,0,0,0,0
n012w8-0,n012w8,0,5,1000000,100.0,adaptive,2026-07-04T10:59:26+01:00,8,3,88,191,1,0.000000,3220,3310,3220,90,2.7190,LOCAL_BEST,0,123,65,310,5,71,2,0,450000.0000,0.0000,0,0,0,0,0,0
n012w8-0,n012w8,0,5,1000000,100.0,adaptive,2026-07-04T10:59:26+01:00,8,3,88,193,1,0.000000,3150,3220,3150,70,2.1739,LOCAL_BEST,0,123,66,322,5,72,2,0,350000.0000,0.0000,0,0,0,0,0,0
n012w8-0,n012w8,0,5,1000000,100.0,adaptive,2026-07-04T10:59:26+01:00,8,2,88,208,1,0.000000,3445,3465,3445,20,0.5772,LOCAL_BEST,0,123,0,419,1,73,15,0,13333.3333,0.0000,0,0,0,0,0,0
n012w8-0,n012w8,0,5,1000000,100.0,adaptive,2026-07-04T10:59:26+01:00,8,2,88,257,1,0.000000,3390,3445,3390,55,1.5965,LOCAL_BEST,0,123,0,504,1,74,49,0,11224.4898,0.0000,0,0,0,0,0,0
n012w8-0,n012w8,0,5,1000000,100.0,adaptive,2026-07-04T10:59:26+01:00,8,2,88,344,1,0.000000,3355,3390,3355,35,1.0324,LOCAL_BEST,0,123,0,663,1,75,87,0,4022.9885,0.0000,0,0,0,0,0,0
n012w8-0,n012w8,0,5,1000000,100.0,adaptive,2026-07-04T10:59:26+01:00,8,2,88,348,1,0.000000,3275,3355,3275,80,2.3845,LOCAL_BEST,0,123,0,670,1,76,4,0,200000.0000,0.0000,0,0,0,0,0,0
n012w8-0,n012w8,0,5,1000000,100.0,adaptive,2026-07-04T10:59:26+01:00,8,2,88,349,1,0.000000,3245,3275,3245,30,0.9160,LOCAL_BEST,0,123,0,674,1,77,1,0,300000.0000,0.0000,0,0,0,0,0,0
n012w8-0,n012w8,0,5,1000000,100.0,adaptive,2026-07-04T10:59:26+01:00,8,2,88,351,1,0.000000,3230,3245,3230,15,0.4622,LOCAL_BEST,0,123,0,676,1,78,2,0,75000.0000,0.0000,0,0,0,0,0,0
n012w8-0,n012w8,0,5,1000000,100.0,adaptive,2026-07-04T10:59:26+01:00,8,1,88,369,1,99.492879,2625,2695,2625,70,2.5974,GLOBAL_BEST,0,123,98,683,108,79,18,0,38888.8889,0.0000,0,0,0,0,0,0
n012w8-0,n012w8,0,5,1000000,100.0,adaptive,2026-07-04T10:59:26+01:00,8,1,88,372,1,99.488756,2575,2625,2575,50,1.9048,GLOBAL_BEST,0,123,98,685,110,80,3,0,166666.6667,0.0000,0,0,0,0,0,0
n012w8-0,n012w8,0,5,1000000,100.0,adaptive,2026-07-04T10:59:26+01:00,8,1,88,373,1,99.487381,2565,2575,2565,10,0.3883,GLOBAL_BEST,0,123,98,685,110,81,1,0,100000.0000,0.0000,0,0,0,0,0,0
n012w8-0,n012w8,0,5,1000000,100.0,adaptive,2026-07-04T10:59:26+01:00,8,1,88,374,1,99.486007,2500,2565,2500,65,2.5341,GLOBAL_BEST,0,123,98,685,110,82,1,0,650000.0000,0.0000,0,0,0,0,0,0
n012w8-0,n012w8,0,5,1000000,100.0,adaptive,2026-07-04T10:59:26+01:00,8,1,88,376,1,99.483258,2470,2500,2470,30,1.2000,GLOBAL_BEST,0,123,98,691,110,83,2,0,150000.0000,0.0000,0,0,0,0,0,0
n012w8-0,n012w8,0,5,1000000,100.0,adaptive,2026-07-04T10:59:26+01:00,8,8,88,631,104,0.000000,1755,1770,1755,15,0.8475,GLOBAL_BEST,3,123,0,920,554,84,255,103,588.2353,145.6311,0,0,0,0,0,0
n012w8-0,n012w8,0,5,1000000,100.0,adaptive,2026-07-04T10:59:26+01:00,8,1,88,830,2,98.861228,2430,2470,2430,40,1.6194,GLOBAL_BEST,0,123,216,1496,262,85,199,-102,2010.0503,0.0000,0,0,0,0,0,0
n012w8-0,n012w8,0,5,1000000,100.0,adaptive,2026-07-04T10:59:26+01:00,8,3,88,1004,2,0.000000,3140,3150,3140,10,0.3175,LOCAL_BEST,0,123,391,1712,42,86,174,0,574.7126,0.0000,0,0,0,0,0,0
n012w8-0,n012w8,0,5,1000000,100.0,adaptive,2026-07-04T10:59:26+01:00,8,2,88,1056,2,0.000000,3140,3230,3140,90,2.7864,LOCAL_BEST,0,123,0,1823,8,87,52,0,17307.6923,0.0000,0,0,0,0,0,0
n012w8-0,n012w8,0,5,1000000,100.0,adaptive,2026-07-04T10:59:26+01:00,8,8,88,1143,106,0.000000,1750,1755,1750,5,0.2849,GLOBAL_BEST,3,123,0,1708,996,88,87,104,574.7126,48.0769,0,0,0,0,0,0
n012w8-0,n012w8,0,5,1000000,100.0,adaptive,2026-07-04T10:59:26+01:00,8,8,88,1335,106,0.000000,1740,1750,1740,10,0.5714,GLOBAL_BEST,3,123,0,1981,1160,89,192,0,520.8333,0.0000,0,0,0,0,0,0
n012w8-0,n012w8,0,5,1000000,100.0,adaptive,2026-07-04T10:59:26+01:00,8,2,88,1707,3,0.000000,3100,3140,3100,40,1.2739,LOCAL_BEST,0,123,0,3047,102,90,372,-103,1075.2688,0.0000,0,0,0,0,0,0
n012w8-0,n012w8,0,5,1000000,100.0,adaptive,2026-07-04T10:59:26+01:00,8,2,88,1708,3,0.000000,3075,3100,3075,25,0.8065,LOCAL_BEST,0,123,0,3049,102,91,1,0,250000.0000,0.0000,0,0,0,0,0,0
n012w8-0,n012w8,0,5,1000000,100.0,adaptive,2026-07-04T10:59:26+01:00,8,2,88,1713,3,0.000000,3035,3075,3035,40,1.3008,LOCAL_BEST,0,123,0,3055,102,92,5,0,80000.0000,0.0000,0,0,0,0,0,0
n012w8-0,n012w8,0,5,1000000,100.0,adaptive,2026-07-04T10:59:26+01:00,8,2,88,2097,4,0.000000,3020,3035,3020,15,0.4942,LOCAL_BEST,0,123,0,3699,159,93,384,1,390.6250,15000.0000,0,0,0,0,0,0
n012w8-0,n012w8,0,5,1000000,100.0,adaptive,2026-07-04T10:59:26+01:00,8,2,88,2098,4,0.000000,2870,3020,2870,150,4.9669,LOCAL_BEST,0,123,0,3701,159,94,1,0,1500000.0000,0.0000,0,0,0,0,0,0
n012w8-0,n012w8,0,5,1000000,100.0,adaptive,2026-07-04T10:59:26+01:00,8,5,88,2226,50,0.000000,2000,2010,2000,10,0.4975,GLOBAL_BEST,1,123,0,3547,1684,95,128,46,781.2500,217.3913,0,0,0,0,0,0
n012w8-0,n012w8,0,5,1000000,100.0,adaptive,2026-07-04T10:59:26+01:00,8,3,88,2273,4,0.000000,3025,3140,3025,115,3.6624,LOCAL_BEST,0,123,878,3896,103,96,47,-46,24468.0851,0.0000,0,0,0,0,0,0
n012w8-0,n012w8,0,5,1000000,100.0,adaptive,2026-07-04T10:59:26+01:00,8,3,88,2275,4,0.000000,2895,3025,2895,130,4.2975,LOCAL_BEST,0,123,879,3900,103,97,2,0,650000.0000,0.0000,0,0,0,0,0,0
n012w8-0,n012w8,0,5,1000000,100.0,adaptive,2026-07-04T10:59:26+01:00,8,3,88,2276,4,0.000000,2805,2895,2805,90,3.1088,LOCAL_BEST,0,123,879,3900,103,98,1,0,900000.0000,0.0000,0,0,0,0,0,0
n012w8-0,n012w8,0,5,1000000,100.0,adaptive,2026-07-04T10:59:26+01:00,8,11,88,2461,144,0.000000,1700,1710,1700,10,0.5848,GLOBAL_BEST,4,123,0,3709,2283,99,185,140,540.5405,71.4286,0,0,0,0,0,0
n012w8-0,n012w8,0,5,1000000,100.0,adaptive,2026-07-04T10:59:26+01:00,8,3,88,3026,5,0.000000,2750,2805,2750,55,1.9608,LOCAL_BEST,0,123,1165,5206,135,100,565,-139,973.4513,0.0000,0,0,0,0,0,0
n012w8-0,n012w8,0,5,1000000,100.0,adaptive,2026-07-04T10:59:26+01:00,8,5,88,3110,52,0.000000,1995,2000,1995,5,0.2500,GLOBAL_BEST,1,123,0,4909,2344,101,84,47,595.2381,106.3830,0,0,0,0,0,0
n012w8-0,n012w8,0,5,1000000,100.0,adaptive,2026-07-04T10:59:26+01:00,8,2,88,3131,5,0.000000,2865,2870,2865,5,0.1742,LOCAL_BEST,0,123,0,5427,357,102,21,-47,2380.9524,0.0000,0,0,0,0,0,0
n012w8-0,n012w8,0,5,1000000,100.0,adaptive,2026-07-04T10:59:26+01:00,8,2,88,3134,5,0.000000,2745,2865,2745,120,4.1885,LOCAL_BEST,0,123,0,5431,357,103,3,0,400000.0000,0.0000,0,0,0,0,0,0
n012w8-0,n012w8,0,5,1000000,100.0,adaptive,2026-07-04T10:59:26+01:00,8,2,88,3577,6,0.000000,2730,2745,2730,15,0.5464,LOCAL_BEST,0,123,0,6220,468,104,443,1,338.6005,15000.0000,0,0,0,0,0,0
n012w8-0,n012w8,0,5,1000000,100.0,adaptive,2026-07-04T10:59:26+01:00,8,5,88,3603,52,0.000000,1960,1995,1960,35,1.7544,GLOBAL_BEST,1,123,0,5733,2684,105,26,46,13461.5385,760.8696,0,0,0,0,0,0
n012w8-0,n012w8,0,5,1000000,100.0,adaptive,2026-07-04T10:59:26+01:00,8,5,88,4284,53,0.000000,1870,1960,1870,90,4.5918,GLOBAL_BEST,1,123,0,6762,3185,106,681,1,1321.5859,90000.0000,0,0,0,0,0,0
n012w8-0,n012w8,0,5,1000000,100.0,adaptive,2026-07-04T10:59:26+01:00,8,8,88,4860,113,0.000000,1730,1740,1730,10,0.5747,GLOBAL_BEST,3,123,0,7056,4246,107,576,60,173.6111,166.6667,0,0,0,0,0,0
n012w8-0,n012w8,0,5,1000000,100.0,adaptive,2026-07-04T10:59:26+01:00,8,2,88,4872,8,0.000000,2720,2730,2720,10,0.3663,LOCAL_BEST,0,123,0,8351,854,108,12,-105,8333.3333,0.0000,0,0,0,0,0,0
n012w8-0,n012w8,0,5,1000000,100.0,adaptive,2026-07-04T10:59:26+01:00,8,14,88,5852,169,0.000000,1655,1665,1655,10,0.6006,GLOBAL_BEST,6,123,0,8917,5314,109,980,161,102.0408,62.1118,0,0,0,0,0,0
n012w8-0,n012w8,0,5,1000000,100.0,adaptive,2026-07-04T10:59:26+01:00,8,14,88,5897,169,0.000000,1640,1655,1640,15,0.9063,GLOBAL_BEST,6,123,0,8986,5355,110,45,0,3333.3333,0.0000,0,0,0,0,0,0
n012w8-0,n012w8,0,5,1000000,100.0,adaptive,2026-07-04T10:59:26+01:00,8,1,88,6196,10,91.797320,2410,2430,2410,20,0.8230,GLOBAL_BEST,0,123,1571,10618,2035,111,299,-159,668.8963,0.0000,0,0,0,0,0,0
n012w8-0,n012w8,0,5,1000000,100.0,adaptive,2026-07-04T10:59:26+01:00,8,2,88,6657,11,0.000000,2710,2720,2710,10,0.3676,LOCAL_BEST,0,123,0,11566,1459,112,461,1,216.9197,10000.0000,0,0,0,0,0,0
n012w8-0,n012w8,0,5,1000000,100.0,adaptive,2026-07-04T10:59:26+01:00,8,2,88,6820,11,0.000000,2700,2710,2700,10,0.3690,LOCAL_BEST,0,123,0,11835,1502,113,163,0,613.4969,0.0000,0,0,0,0,0,0
n012w8-0,n012w8,0,5,1000000,100.0,adaptive,2026-07-04T10:59:26+01:00,8,2,88,7336,12,0.000000,2680,2700,2680,20,0.7407,LOCAL_BEST,0,123,0,12618,1660,114,516,1,387.5969,20000.0000,0,0,0,0,0,0
n012w8-0,n012w8,0,5,1000000,100.0,adaptive,2026-07-04T10:59:26+01:00,8,2,88,7342,12,0.000000,2655,2680,2655,25,0.9328,LOCAL_BEST,0,123,0,12632,1660,115,6,0,41666.6667,0.0000,0,0,0,0,0,0
n012w8-0,n012w8,0,5,1000000,100.0,adaptive,2026-07-04T10:59:26+01:00,8,2,88,8497,14,0.000000,2605,2655,2605,50,1.8832,LOCAL_BEST,0,123,0,14703,2092,116,1155,2,432.9004,25000.0000,0,0,0,0,0,0
n012w8-0,n012w8,0,5,1000000,100.0,adaptive,2026-07-04T10:59:26+01:00,8,2,88,9188,15,0.000000,2530,2605,2530,75,2.8791,LOCAL_BEST,0,123,0,15909,2352,117,691,1,1085.3835,75000.0000,0,0,0,0,0,0
n012w8-0,n012w8,0,5,1000000,100.0,adaptive,2026-07-04T10:59:26+01:00,8,2,88,9189,15,0.000000,2475,2530,2475,55,2.1739,LOCAL_BEST,0,123,0,15918,2352,118,1,0,550000.0000,0.0000,0,0,0,0,0,0
n012w8-0,n012w8,0,5,1000000,100.0,adaptive,2026-07-04T10:59:26+01:00,8,2,88,9190,15,0.000000,2325,2475,2325,150,6.0606,GLOBAL_BEST,0,123,0,15920,2352,119,1,0,1500000.0000,0.0000,0,0,0,0,0,0
n012w8-0,n012w8,0,5,1000000,100.0,adaptive,2026-07-04T10:59:26+01:00,8,1,88,10368,17,86.655873,2315,2410,2315,95,3.9419,GLOBAL_BEST,0,123,2632,17845,3415,120,1178,2,806.4516,47500.0000,0,0,0,0,0,0
n012w8-0,n012w8,0,5,1000000,100.0,adaptive,2026-07-04T10:59:26+01:00,8,3,88,11885,20,0.000000,2735,2750,2735,15,0.5455,LOCAL_BEST,0,123,4582,20702,520,121,1517,3,98.8794,5000.0000,0,0,0,0,0,0
n012w8-0,n012w8,0,5,1000000,100.0,adaptive,2026-07-04T10:59:26+01:00,8,3,88,11886,20,0.000000,2720,2735,2720,15,0.5484,LOCAL_BEST,0,123,4582,20703,520,122,1,0,150000.0000,0.0000,0,0,0,0,0,0
n012w8-0,n012w8,0,5,1000000,100.0,adaptive,2026-07-04T10:59:26+01:00,8,1,88,13249,23,83.274494,2310,2315,2310,5,0.2160,GLOBAL_BEST,0,123,3315,22734,4505,123,1363,3,36.6838,1666.6667,0,0,0,0,0,0
n012w8-0,n012w8,0,5,1000000,100.0,adaptive,2026-07-04T10:59:26+01:00,8,1,88,13273,23,83.246887,2265,2310,2265,45,1.9481,GLOBAL_BEST,0,123,3318,22766,4519,124,24,0,18750.0000,0.0000,0,0,0,0,0,0
n012w8-0,n012w8,0,5,1000000,100.0,adaptive,2026-07-04T10:59:26+01:00,8,1,88,13279,23,83.239986,2250,2265,2250,15,0.6623,GLOBAL_BEST,0,123,3320,22784,4520,125,6,0,25000.0000,0.0000,0,0,0,0,0,0
n012w8-0,n012w8,0,5,1000000,100.0,adaptive,2026-07-04T10:59:26+01:00,8,1,88,17306,30,78.735393,2190,2250,2190,60,2.6667,GLOBAL_BEST,0,123,4287,29568,5928,126,4027,7,148.9943,8571.4286,0,0,0,0,0,0
n012w8-0,n012w8,0,5,1000000,100.0,adaptive,2026-07-04T10:59:26+01:00,8,2,88,19184,31,0.000000,2320,2325,2320,5,0.2151,LOCAL_BEST,0,123,0,32397,7308,127,1878,1,26.6241,5000.0000,0,0,0,0,0,0
n012w8-0,n012w8,0,5,1000000,100.0,adaptive,2026-07-04T10:59:26+01:00,8,2,88,19261,31,0.000000,2275,2320,2275,45,1.9397,LOCAL_BEST,0,123,0,32497,7334,128,77,0,5844.1558,0.0000,0,0,0,0,0,0
n012w8-0,n012w8,0,5,1000000,100.0,adaptive,2026-07-04T10:59:26+01:00,8,5,88,19757,76,0.000000,1855,1870,1855,15,0.8021,GLOBAL_BEST,1,123,0,30446,15137,129,496,45,302.4194,333.3333,0,0,0,0,0,0
n012w8-0,n012w8,0,5,1000000,100.0,adaptive,2026-07-04T10:59:26+01:00,8,5,88,21585,79,0.000000,1845,1855,1845,10,0.5391,GLOBAL_BEST,1,123,0,33303,16590,130,1828,3,54.7046,3333.3333,0,0,0,0,0,0
n012w8-0,n012w8,0,5,1000000,100.0,adaptive,2026-07-04T10:59:26+01:00,8,5,88,21588,79,0.000000,1840,1845,1840,5,0.2710,GLOBAL_BEST,1,123,0,33308,16592,131,3,0,16666.6667,0.0000,0,0,0,0,0,0
n012w8-0,n012w8,0,5,1000000,100.0,adaptive,2026-07-04T10:59:26+01:00,8,5,88,21608,79,0.000000,1815,1840,1815,25,1.3587,GLOBAL_BEST,1,123,0,33337,16608,132,20,0,12500.0000,0.0000,0,0,0,0,0,0
n012w8-0,n012w8,0,5,1000000,100.0,adaptive,2026-07-04T10:59:26+01:00,8,14,88,22669,205,0.000000,1630,1640,1630,10,0.6098,GLOBAL_BEST,6,123,0,34898,20692,133,1061,126,94.2507,79.3651,0,0,0,0,0,0
n012w8-0,n012w8,0,5,1000000,100.0,adaptive,2026-07-04T10:59:26+01:00,8,2,88,24252,39,0.000000,2270,2275,2270,5,0.2198,LOCAL_BEST,0,123,0,40618,10250,134,1583,-166,31.5856,0.0000,0,0,0,0,0,0
n012w8-0,n012w8,0,5,1000000,100.0,adaptive,2026-07-04T10:59:26+01:00,8,2,88,25158,40,0.000000,2260,2270,2260,10,0.4405,LOCAL_BEST,0,123,0,42090,10778,135,906,1,110.3753,10000.0000,0,0,0,0,0,0
n012w8-0,n012w8,0,5,1000000,100.0,adaptive,2026-07-04T10:59:26+01:00,8,2,88,25479,41,0.000000,2235,2260,2235,25,1.1062,LOCAL_BEST,0,123,0,42567,10962,136,321,1,778.8162,25000.0000,0,0,0,0,0,0
n012w8-0,n012w8,0,5,1000000,100.0,adaptive,2026-07-04T10:59:26+01:00,8,2,88,26425,43,0.000000,2180,2235,2180,55,2.4609,GLOBAL_BEST,0,123,0,44108,11524,137,946,2,581.3953,27500.0000,0,0,0,0,0,0
n012w8-0,n012w8,0,5,1000000,100.0,adaptive,2026-07-04T10:59:26+01:00,8,2,88,29663,48,0.000000,2150,2180,2150,30,1.3761,LOCAL_BEST,0,123,0,49048,13454,138,3238,5,92.6498,6000.0000,0,0,0,0,0,0
n012w8-0,n012w8,0,5,1000000,100.0,adaptive,2026-07-04T10:59:26+01:00,8,2,88,30987,50,0.000000,2115,2150,2115,35,1.6279,LOCAL_BEST,0,123,0,51150,14237,139,1324,2,264.3505,17500.0000,0,0,0,0,0,0
n012w8-0,n012w8,0,5,1000000,100.0,adaptive,2026-07-04T10:59:26+01:00,8,2,88,30997,50,0.000000,2095,2115,2095,20,0.9456,LOCAL_BEST,0,123,0,51160,14240,140,10,0,20000.0000,0.0000,0,0,0,0,0,0
n012w8-0,n012w8,0,5,1000000,100.0,adaptive,2026-07-04T10:59:26+01:00,8,2,88,35308,56,0.000000,2090,2095,2090,5,0.2387,LOCAL_BEST,0,123,0,57867,17162,141,4311,6,11.5982,833.3333,0,0,0,0,0,0
n012w8-0,n012w8,0,5,1000000,100.0,adaptive,2026-07-04T10:59:26+01:00,8,5,88,35360,99,0.000000,1800,1815,1800,15,0.8264,GLOBAL_BEST,1,123,0,54684,28112,142,52,43,2884.6154,348.8372,0,0,0,0,0,0
n012w8-0,n012w8,0,5,1000000,100.0,adaptive,2026-07-04T10:59:26+01:00,8,2,88,35973,57,0.000000,2070,2090,2070,20,0.9569,LOCAL_BEST,0,123,0,58902,17585,143,613,-42,326.2643,0.0000,0,0,0,0,0,0
n012w8-0,n012w8,0,5,1000000,100.0,adaptive,2026-07-04T10:59:26+01:00,8,2,88,38400,61,0.000000,2065,2070,2065,5,0.2415,LOCAL_BEST,0,123,0,62722,19323,144,2427,4,20.6016,1250.0000,0,0,0,0,0,0
n012w8-0,n012w8,0,5,1000000,100.0,adaptive,2026-07-04T10:59:26+01:00,8,2,88,38401,61,0.000000,2050,2065,2050,15,0.7264,LOCAL_BEST,0,123,0,62725,19323,145,1,0,150000.0000,0.0000,0,0,0,0,0,0
n012w8-0,n012w8,0,5,1000000,100.0,adaptive,2026-07-04T10:59:26+01:00,8,8,88,38689,160,0.000000,1715,1730,1715,15,0.8671,LOCAL_BEST,3,123,0,57699,34896,146,288,99,520.8333,151.5152,0,0,0,0,0,0
n012w8-0,n012w8,0,5,1000000,100.0,adaptive,2026-07-04T10:59:26+01:00,8,5,88,39733,106,0.000000,1790,1800,1790,10,0.5556,LOCAL_BEST,1,123,0,61061,31775,147,1044,-54,95.7854,0.0000,0,0,0,0,0,0
n012w8-0,n012w8,0,5,1000000,100.0,adaptive,2026-07-04T10:59:26+01:00,8,5,88,43947,112,0.000000,1780,1790,1780,10,0.5587,LOCAL_BEST,1,123,0,67543,35396,148,4214,6,23.7304,1666.6667,0,0,0,0,0,0
n012w8-0,n012w8,0,5,1000000,100.0,adaptive,2026-07-04T10:59:26+01:00,8,4,88,44582,118,54.014953,2130,2180,2130,50,2.2936,LOCAL_BEST,1,123,10159,74074,17645,149,635,6,787.4016,8333.3333,0,0,0,0,0,0
n012w8-0,n012w8,0,5,1000000,100.0,adaptive,2026-07-04T10:59:26+01:00,8,4,88,44602,118,54.000030,2115,2130,2115,15,0.7042,LOCAL_BEST,1,123,10164,74096,17656,150,20,0,7500.0000,0.0000,0,0,0,0,0,0
n012w8-0,n012w8,0,5,1000000,100.0,adaptive,2026-07-04T10:59:26+01:00,8,2,88,44702,71,0.000000,2035,2050,2035,15,0.7317,LOCAL_BEST,0,123,0,72743,24045,151,100,-47,1500.0000,0.0000,0,0,0,0,0,0
n012w8-0,n012w8,0,5,1000000,100.0,adaptive,2026-07-04T10:59:26+01:00,8,2,88,45752,73,0.000000,2030,2035,2030,5,0.2457,LOCAL_BEST,0,123,0,74403,24819,152,1050,2,47.6190,2500.0000,0,0,0,0,0,0
n012w8-0,n012w8,0,5,1000000,100.0,adaptive,2026-07-04T10:59:26+01:00,8,1,88,45978,75,52.983177,2165,2190,2165,25,1.1416,LOCAL_BEST,0,123,10220,77648,18434,153,226,2,1106.1947,12500.0000,0,0,0,0,0,0
n012w8-0,n012w8,0,5,1000000,100.0,adaptive,2026-07-04T10:59:26+01:00,8,1,88,45995,75,52.970735,2140,2165,2140,25,1.1547,LOCAL_BEST,0,123,10221,77673,18447,154,17,0,14705.8824,0.0000,0,0,0,0,0,0
n012w8-0,n012w8,0,5,1000000,100.0,adaptive,2026-07-04T10:59:26+01:00,8,1,88,46727,76,52.437744,2085,2140,2085,55,2.5701,LOCAL_BEST,0,123,10339,78812,18839,155,732,1,751.3661,55000.0000,0,0,0,0,0,0
n012w8-0,n012w8,0,5,1000000,100.0,adaptive,2026-07-04T10:59:26+01:00,8,1,88,46730,76,52.435571,2050,2085,2050,35,1.6787,LOCAL_BEST,0,123,10339,78813,18841,156,3,0,116666.6667,0.0000,0,0,0,0,0,0
n012w8-0,n012w8,0,5,1000000,100.0,adaptive,2026-07-04T10:59:26+01:00,8,2,88,47707,75,0.000000,2010,2030,2010,20,0.9852,LOCAL_BEST,0,123,0,77514,26246,157,977,-1,204.7083,0.0000,0,0,0,0,0,0
n012w8-0,n012w8,0,5,1000000,100.0,adaptive,2026-07-04T10:59:26+01:00,8,4,88,48427,124,51.220522,2065,2115,2065,50,2.3641,LOCAL_BEST,1,123,10859,80194,19555,158,720,49,694.4444,1020.4082,0,0,0,0,0,0
n012w8-0,n012w8,0,5,1000000,100.0,adaptive,2026-07-04T10:59:26+01:00,8,2,88,49623,78,0.000000,1990,2010,1990,20,0.9950,LOCAL_BEST,0,123,0,80430,27660,159,1196,-46,167.2241,0.0000,0,0,0,0,0,0
n012w8-0,n012w8,0,5,1000000,100.0,adaptive,2026-07-04T10:59:26+01:00,8,2,88,50667,80,0.000000,1955,1990,1955,35,1.7588,LOCAL_BEST,0,123,0,81976,28433,160,1044,2,335.2490,17500.0000,0,0,0,0,0,0
n012w8-0,n012w8,0,5,1000000,100.0,adaptive,2026-07-04T10:59:26+01:00,8,4,88,51274,130,49.244984,2050,2065,2050,15,0.7264,LOCAL_BEST,1,123,11363,84867,21033,161,607,50,247.1170,300.0000,0,0,0,0,0,0
n012w8-0,n012w8,0,5,1000000,100.0,adaptive,2026-07-04T10:59:26+01:00,8,2,88,51637,81,0.000000,1935,1955,1935,20,1.0230,LOCAL_BEST,0,123,0,83428,29127,162,363,-49,550.9642,0.0000,0,0,0,0,0,0
n012w8-0,n012w8,0,5,1000000,100.0,adaptive,2026-07-04T10:59:26+01:00,8,5,88,51961,123,0.000000,1775,1780,1775,5,0.2809,LOCAL_BEST,1,123,0,79722,42504,163,324,42,154.3210,119.0476,0,0,0,0,0,0
n012w8-0,n012w8,0,5,1000000,100.0,adaptive,2026-07-04T10:59:26+01:00,8,5,88,52023,124,0.000000,1760,1775,1760,15,0.8451,LOCAL_BEST,1,123,0,79797,42557,164,62,1,2419.3548,15000.0000,0,0,0,0,0,0
n012w8-0,n012w8,0,5,1000000,100.0,adaptive,2026-07-04T10:59:26+01:00,8,5,88,52678,124,0.000000,1755,1760,1755,5,0.2841,LOCAL_BEST,1,123,0,80776,43129,165,655,0,76.3359,0.0000,0,0,0,0,0,0
n012w8-0,n012w8,0,5,1000000,100.0,adaptive,2026-07-04T10:59:26+01:00,8,2,88,52857,84,0.000000,1905,1935,1905,30,1.5504,LOCAL_BEST,0,123,0,85202,30028,166,179,-40,1675.9777,0.0000,0,0,0,0,0,0
n012w8-0,n012w8,0,5,1000000,100.0,adaptive,2026-07-04T10:59:26+01:00,8,2,88,53789,85,0.000000,1895,1905,1895,10,0.5249,LOCAL_BEST,0,123,0,86626,30744,167,932,1,107.2961,10000.0000,0,0,0,0,0,0
n012w8-0,n012w8,0,5,1000000,100.0,adaptive,2026-07-04T10:59:26+01:00,8,5,88,54138,127,0.000000,1745,1755,1745,10,0.5698,LOCAL_BEST,1,123,0,82877,44424,168,349,42,286.5330,238.0952,0,0,0,0,0,0
n012w8-0,n012w8,0,5,1000000,100.0,adaptive,2026-07-04T10:59:26+01:00,8,5,88,54140,127,0.000000,1730,1745,1730,15,0.8596,LOCAL_BEST,1,123,0,82879,44425,169,2,0,75000.0000,0.0000,0,0,0,0,0,0
n012w8-0,n012w8,0,5,1000000,100.0,adaptive,2026-07-04T10:59:26+01:00,8,2,88,61848,96,0.000000,1860,1895,1860,35,1.8470,LOCAL_BEST,0,123,0,98598,37088,170,7708,-31,45.4074,0.0000,0,0,0,0,0,0
n012w8-0,n012w8,0,5,1000000,100.0,adaptive,2026-07-04T10:59:26+01:00,8,5,88,63718,141,0.000000,1725,1730,1725,5,0.2890,GLOBAL_BEST,1,123,0,97030,52927,171,1870,45,26.7380,111.1111,0,0,0,0,0,0
n012w8-0,n012w8,0,5,1000000,100.0,adaptive,2026-07-04T10:59:26+01:00,8,1,88,64243,105,41.166884,2005,2050,2005,45,2.1951,LOCAL_BEST,0,123,13136,106986,28318,172,525,-36,857.1429,0.0000,0,0,0,0,0,0
n012w8-0,n012w8,0,5,1000000,100.0,adaptive,2026-07-04T10:59:26+01:00,8,1,88,64254,105,41.160629,1990,2005,1990,15,0.7481,LOCAL_BEST,0,123,13136,107005,28327,173,11,0,13636.3636,0.0000,0,0,0,0,0,0
n012w8-0,n012w8,0,5,1000000,100.0,adaptive,2026-07-04T10:59:26+01:00,8,1,88,64270,105,41.151531,1965,1990,1965,25,1.2563,LOCAL_BEST,0,123,13137,107026,28338,174,16,0,15625.0000,0.0000,0,0,0,0,0,0
n012w8-0,n012w8,0,5,1000000,100.0,adaptive,2026-07-04T10:59:26+01:00,8,1,88,64305,105,41.131638,1955,1965,1955,10,0.5089,LOCAL_BEST,0,123,13143,107084,28360,175,35,0,2857.1429,0.0000,0,0,0,0,0,0
n012w8-0,n012w8,0,5,1000000,100.0,adaptive,2026-07-04T10:59:26+01:00,8,1,88,64373,105,41.093014,1920,1955,1920,35,1.7903,LOCAL_BEST,0,123,13149,107162,28407,176,68,0,5147.0588,0.0000,0,0,0,0,0,0
n012w8-0,n012w8,0,5,1000000,100.0,adaptive,2026-07-04T10:59:26+01:00,8,3,88,68915,115,0.000000,2515,2720,2515,205,7.5368,LOCAL_BEST,0,123,26623,122612,2828,177,4542,10,451.3430,20500.0000,0,0,0,0,0,0
n012w8-0,n012w8,0,5,1000000,100.0,adaptive,2026-07-04T10:59:26+01:00,8,2,88,69693,108,0.000000,1855,1860,1855,5,0.2688,LOCAL_BEST,0,123,0,110679,43336,178,778,-7,64.2674,0.0000,0,0,0,0,0,0
n012w8-0,n012w8,0,5,1000000,100.0,adaptive,2026-07-04T10:59:26+01:00,8,2,88,70020,109,0.000000,1845,1855,1845,10,0.5391,LOCAL_BEST,0,123,0,111196,43592,179,327,1,305.8104,10000.0000,0,0,0,0,0,0
n012w8-0,n012w8,0,5,1000000,100.0,adaptive,2026-07-04T10:59:26+01:00,8,2,88,70770,110,0.000000,1825,1845,1825,20,1.0840,LOCAL_BEST,0,123,0,112421,44187,180,750,1,266.6667,20000.0000,0,0,0,0,0,0
n012w8-0,n012w8,0,5,1000000,100.0,adaptive,2026-07-04T10:59:26+01:00,8,2,88,72566,113,0.000000,1810,1825,1810,15,0.8219,LOCAL_BEST,0,123,0,115259,45620,181,1796,3,83.5189,5000.0000,0,0,0,0,0,0
n012w8-0,n012w8,0,5,1000000,100.0,adaptive,2026-07-04T10:59:26+01:00,8,2,88,75598,117,0.000000,1770,1810,1770,40,2.2099,LOCAL_BEST,0,123,0,119754,48073,182,3032,4,131.9261,10000.0000,0,0,0,0,0,0
n012w8-0,n012w8,0,5,1000000,100.0,adaptive,2026-07-04T10:59:26+01:00,8,4,88,77957,192,34.061518,2025,2050,2025,25,1.2195,LOCAL_BEST,1,123,15212,128678,36575,183,2359,75,105.9771,333.3333,0,0,0,0,0,0
n012w8-0,n012w8,0,5,1000000,100.0,adaptive,2026-07-04T10:59:26+01:00,8,4,88,77962,192,34.059165,1995,2025,1995,30,1.4815,LOCAL_BEST,1,123,15212,128687,36578,184,5,0,60000.0000,0.0000,0,0,0,0,0,0
n012w8-0,n012w8,0,5,1000000,100.0,adaptive,2026-07-04T10:59:26+01:00,8,4,88,77965,192,34.057754,1980,1995,1980,15,0.7519,LOCAL_BEST,1,123,15212,128688,36580,185,3,0,50000.0000,0.0000,0,0,0,0,0,0
n012w8-0,n012w8,0,5,1000000,100.0,adaptive,2026-07-04T10:59:26+01:00,8,5,88,78016,162,0.000000,1705,1725,1705,20,1.1594,LOCAL_BEST,1,123,0,118228,66141,186,51,-30,3921.5686,0.0000,0,0,0,0,0,0
n012w8-0,n012w8,0,5,1000000,100.0,adaptive,2026-07-04T10:59:26+01:00,8,5,88,81392,167,0.000000,1700,1705,1700,5,0.2933,LOCAL_BEST,1,123,0,123338,69301,187,3376,5,14.8104,1000.0000,0,0,0,0,0,0
n012w8-0,n012w8,0,5,1000000,100.0,adaptive,2026-07-04T10:59:26+01:00,8,1,88,83397,138,31.595410,1900,1920,1900,20,1.0417,LOCAL_BEST,0,123,15421,137138,40574,188,2005,-29,99.7506,0.0000,0,0,0,0,0,0
n012w8-0,n012w8,0,5,1000000,100.0,adaptive,2026-07-04T10:59:26+01:00,8,1,88,83423,138,31.584063,1885,1900,1885,15,0.7895,LOCAL_BEST,0,123,15423,137173,40594,189,26,0,5769.2308,0.0000,0,0,0,0,0,0
n012w8-0,n012w8,0,5,1000000,100.0,adaptive,2026-07-04T10:59:26+01:00,8,4,88,86170,205,30.407870,1970,1980,1970,10,0.5051,LOCAL_BEST,1,123,16113,141930,41926,190,2747,67,36.4033,149.2537,0,0,0,0,0,0
n012w8-0,n012w8,0,5,1000000,100.0,adaptive,2026-07-04T10:59:26+01:00,8,4,88,86206,205,30.392750,1940,1970,1940,30,1.5228,LOCAL_BEST,1,123,16115,141952,41951,191,36,0,8333.3333,0.0000,0,0,0,0,0,0
n012w8-0,n012w8,0,5,1000000,100.0,adaptive,2026-07-04T10:59:26+01:00,8,5,88,87852,178,0.000000,1695,1700,1695,5,0.2941,LOCAL_BEST,1,123,0,133011,75383,192,1646,-27,30.3767,0.0000,0,0,0,0,0,0
n012w8-0,n012w8,0,5,1000000,100.0,adaptive,2026-07-04T10:59:26+01:00,8,4,88,89542,210,29.023782,1880,1940,1880,60,3.0928,LOCAL_BEST,1,123,16445,147143,44262,193,1690,32,355.0296,1875.0000,0,0,0,0,0,0
n012w8-0,n012w8,0,5,1000000,100.0,adaptive,2026-07-04T10:59:26+01:00,8,1,88,89593,153,29.003339,1880,1885,1880,5,0.2653,LOCAL_BEST,0,123,16029,146964,44833,194,51,-57,980.3922,0.0000,0,0,0,0,0,0
n012w8-0,n012w8,0,5,1000000,100.0,adaptive,2026-07-04T10:59:26+01:00,8,2,88,90708,140,0.000000,1765,1770,1765,5,0.2825,LOCAL_BEST,0,123,0,143346,61005,195,1115,-13,44.8430,0.0000,0,0,0,0,0,0
n012w8-0,n012w8,0,5,1000000,100.0,adaptive,2026-07-04T10:59:26+01:00,8,2,88,90709,140,0.000000,1735,1765,1735,30,1.6997,LOCAL_BEST,0,123,0,143350,61005,196,1,0,300000.0000,0.0000,0,0,0,0,0,0
n012w8-0,n012w8,0,5,1000000,100.0,adaptive,2026-07-04T10:59:26+01:00,8,2,88,90711,140,0.000000,1730,1735,1730,5,0.2882,LOCAL_BEST,0,123,0,143354,61006,197,2,0,25000.0000,0.0000,0,0,0,0,0,0
n012w8-0,n012w8,0,5,1000000,100.0,adaptive,2026-07-04T10:59:26+01:00,8,5,88,93248,190,0.000000,1685,1695,1685,10,0.5900,LOCAL_BEST,1,123,0,141053,80447,198,2537,50,39.4166,200.0000,0,0,0,0,0,0
n012w8-0,n012w8,0,5,1000000,100.0,adaptive,2026-07-04T10:59:26+01:00,8,1,88,95995,166,26.548256,1870,1880,1870,10,0.5319,LOCAL_BEST,0,123,16649,157097,49326,199,2747,-24,36.4033,0.0000,0,0,0,0,0,0
n012w8-0,n012w8,0,5,1000000,100.0,adaptive,2026-07-04T10:59:26+01:00,8,1,88,96003,166,26.545322,1840,1870,1840,30,1.6043,LOCAL_BEST,0,123,16649,157107,49332,200,8,0,37500.0000,0.0000,0,0,0,0,0,0
n012w8-0,n012w8,0,5,1000000,100.0,adaptive,2026-07-04T10:59:26+01:00,8,2,88,98708,154,0.000000,1695,1730,1695,35,2.0231,GLOBAL_BEST,0,123,0,155662,67912,201,2705,-12,129.3900,0.0000,0,0,0,0,0,0
n012w8-0,n012w8,0,5,1000000,100.0,adaptive,2026-07-04T10:59:26+01:00,8,2,88,101093,160,0.000000,1680,1695,1680,15,0.8850,LOCAL_BEST,0,123,0,159412,69983,202,2385,6,62.8931,2500.0000,0,0,0,0,0,0
n012w8-0,n012w8,0,5,1000000,100.0,adaptive,2026-07-04T10:59:26+01:00,8,1,88,101825,174,24.493791,1820,1840,1820,20,1.0870,LOCAL_BEST,0,123,17091,165905,53620,203,732,14,273.2240,1428.5714,0,0,0,0,0,0
n012w8-0,n012w8,0,5,1000000,100.0,adaptive,2026-07-04T10:59:26+01:00,8,1,88,101830,174,24.492099,1805,1820,1805,15,0.8242,LOCAL_BEST,0,123,17091,165911,53624,204,5,0,30000.0000,0.0000,0,0,0,0,0,0
n012w8-0,n012w8,0,5,1000000,100.0,adaptive,2026-07-04T10:59:26+01:00,8,1,88,101841,174,24.488377,1775,1805,1775,30,1.6620,LOCAL_BEST,0,123,17091,165941,53633,205,11,0,27272.7273,0.0000,0,0,0,0,0,0
n012w8-0,n012w8,0,5,1000000,100.0,adaptive,2026-07-04T10:59:26+01:00,8,1,88,101890,175,24.471805,1760,1775,1760,15,0.8451,LOCAL_BEST,0,123,17092,166005,53676,206,49,1,3061.2245,15000.0000,0,0,0,0,0,0
n012w8-0,n012w8,0,5,1000000,100.0,adaptive,2026-07-04T10:59:26+01:00,8,1,88,101899,175,24.468762,1745,1760,1745,15,0.8523,LOCAL_BEST,0,123,17092,166016,53684,207,9,0,16666.6667,0.0000,0,0,0,0,0,0
n012w8-0,n012w8,0,5,1000000,100.0,adaptive,2026-07-04T10:59:26+01:00,8,4,88,104994,241,23.444555,1865,1880,1865,15,0.7979,LOCAL_BEST,1,123,17786,170758,55399,208,3095,66,48.4653,227.2727,0,0,0,0,0,0
n012w8-0,n012w8,0,5,1000000,100.0,adaptive,2026-07-04T10:59:26+01:00,8,4,88,105010,242,23.439374,1765,1865,1765,100,5.3619,LOCAL_BEST,1,123,17786,170778,55413,209,16,1,62500.0000,100000.0000,0,0,0,0,0,0
n012w8-0,n012w8,0,5,1000000,100.0,adaptive,2026-07-04T10:59:26+01:00,8,4,88,105027,242,23.433869,1750,1765,1750,15,0.8499,LOCAL_BEST,1,123,17786,170799,55426,210,17,0,8823.5294,0.0000,0,0,0,0,0,0
n012w8-0,n012w8,0,5,1000000,100.0,adaptive,2026-07-04T10:59:26+01:00,8,7,88,106557,331,22.943729,1785,1800,1785,15,0.8333,LOCAL_BEST,2,123,17785,173812,56518,211,1530,89,98.0392,168.5393,0,0,0,0,0,0
n012w8-0,n012w8,0,5,1000000,100.0,adaptive,2026-07-04T10:59:26+01:00,8,7,88,109170,335,22.130234,1780,1785,1780,5,0.2801,LOCAL_BEST,2,123,17970,177742,58548,212,2613,4,19.1351,1250.0000,0,0,0,0,0,0
n012w8-0,n012w8,0,5,1000000,100.0,adaptive,2026-07-04T10:59:26+01:00,8,7,88,109494,336,22.031395,1770,1780,1770,10,0.5618,LOCAL_BEST,2,123,17982,178211,58817,213,324,1,308.6420,10000.0000,0,0,0,0,0,0
n012w8-0,n012w8,0,5,1000000,100.0,adaptive,2026-07-04T10:59:26+01:00,8,7,88,109499,336,22.029873,1740,1770,1740,30,1.6949,LOCAL_BEST,2,123,17982,178214,58821,214,5,0,60000.0000,0.0000,0,0,0,0,0,0
n012w8-0,n012w8,0,5,1000000,100.0,adaptive,2026-07-04T10:59:26+01:00,8,7,88,118895,357,19.347996,1730,1740,1730,10,0.5747,LOCAL_BEST,2,123,18527,192238,66271,215,9396,21,10.6428,476.1905,0,0,0,0,0,0
n012w8-0,n012w8,0,5,1000000,100.0,adaptive,2026-07-04T10:59:26+01:00,8,7,88,118922,359,19.340781,1715,1730,1715,15,0.8671,LOCAL_BEST,2,123,18527,192297,66293,216,27,2,5555.5556,7500.0000,0,0,0,0,0,0
n012w8-0,n012w8,0,5,1000000,100.0,adaptive,2026-07-04T10:59:26+01:00,8,10,88,125560,376,17.645989,1710,1725,1710,15,0.8696,LOCAL_BEST,4,123,18732,202395,71985,217,6638,17,22.5972,882.3529,0,0,0,0,0,0
n012w8-0,n012w8,0,5,1000000,100.0,adaptive,2026-07-04T10:59:26+01:00,8,10,88,125996,377,17.540017,1700,1710,1700,10,0.5848,LOCAL_BEST,4,123,18748,202985,72344,218,436,1,229.3578,10000.0000,0,0,0,0,0,0
n012w8-0,n012w8,0,5,1000000,100.0,adaptive,2026-07-04T10:59:26+01:00,8,1,88,128642,224,16.910405,1730,1745,1730,15,0.8596,LOCAL_BEST,0,123,18726,207510,74334,219,2646,-153,56.6893,0.0000,0,0,0,0,0,0
n012w8-0,n012w8,0,5,1000000,100.0,adaptive,2026-07-04T10:59:26+01:00,8,1,88,128673,224,16.903164,1715,1730,1715,15,0.8671,LOCAL_BEST,0,123,18727,207577,74362,220,31,0,4838.7097,0.0000,0,0,0,0,0,0
n012w8-0,n012w8,0,5,1000000,100.0,adaptive,2026-07-04T10:59:26+01:00,8,1,88,128952,224,16.838135,1710,1715,1710,5,0.2915,LOCAL_BEST,0,123,18736,207956,74594,221,279,0,179.2115,0.0000,0,0,0,0,0,0
n012w8-0,n012w8,0,5,1000000,100.0,adaptive,2026-07-04T10:59:26+01:00,8,1,88,128975,224,16.832786,1695,1710,1695,15,0.8772,LOCAL_BEST,0,123,18737,207979,74615,222,23,0,6521.7391,0.0000,0,0,0,0,0,0
n012w8-0,n012w8,0,5,1000000,100.0,adaptive,2026-07-04T10:59:26+01:00,8,10,88,132228,393,16.093037,1695,1700,1695,5,0.2941,LOCAL_BEST,4,123,19039,212022,77384,223,3253,169,15.3704,29.5858,0,0,0,0,0,0
n012w8-0,n012w8,0,5,1000000,100.0,adaptive,2026-07-04T10:59:26+01:00,8,10,88,132318,393,16.073039,1680,1695,1680,15,0.8850,LOCAL_BEST,4,123,19042,212132,77458,224,90,0,1666.6667,0.0000,0,0,0,0,0,0
n012w8-0,n012w8,0,5,1000000,100.0,adaptive,2026-07-04T10:59:26+01:00,8,10,88,140388,407,14.377322,1670,1680,1670,10,0.5952,LOCAL_BEST,4,123,19365,223564,84228,225,8070,14,12.3916,714.2857,0,0,0,0,0,0
n012w8-0,n012w8,0,5,1000000,100.0,adaptive,2026-07-04T10:59:26+01:00,8,10,88,140634,408,14.328542,1655,1670,1655,15,0.8982,LOCAL_BEST,4,123,19371,223872,84447,226,246,1,609.7561,15000.0000,0,0,0,0,0,0
n012w8-0,n012w8,0,5,1000000,100.0,adaptive,2026-07-04T10:59:26+01:00,8,10,88,140731,408,14.309353,1650,1655,1650,5,0.3021,LOCAL_BEST,4,123,19373,224014,84534,227,97,0,515.4639,0.0000,0,0,0,0,0,0
n012w8-0,n012w8,0,5,1000000,100.0,adaptive,2026-07-04T10:59:26+01:00,8,10,88,140773,408,14.301052,1640,1650,1640,10,0.6061,LOCAL_BEST,4,123,19373,224061,84573,228,42,0,2380.9524,0.0000,0,0,0,0,0,0
n012w8-0,n012w8,0,5,1000000,100.0,adaptive,2026-07-04T10:59:26+01:00,8,4,88,146686,319,13.179229,1745,1750,1745,5,0.2857,LOCAL_BEST,1,123,19811,235624,88882,229,5913,-89,8.4559,0.0000,0,0,0,0,0,0
n012w8-0,n012w8,0,5,1000000,100.0,adaptive,2026-07-04T10:59:26+01:00,8,7,88,148271,423,12.893772,1710,1715,1710,5,0.2915,LOCAL_BEST,2,123,19740,235081,90538,230,1585,104,31.5457,48.0769,0,0,0,0,0,0
n012w8-0,n012w8,0,5,1000000,100.0,adaptive,2026-07-04T10:59:26+01:00,8,7,88,150011,425,12.587515,1700,1710,1700,10,0.5848,LOCAL_BEST,2,123,19780,237532,92083,231,1740,2,57.4713,5000.0000,0,0,0,0,0,0
n012w8-0,n012w8,0,5,1000000,100.0,adaptive,2026-07-04T10:59:26+01:00,8,4,88,150577,324,12.489470,1740,1745,1740,5,0.2865,LOCAL_BEST,1,123,19892,241522,92219,232,566,-101,88.3392,0.0000,0,0,0,0,0,0
n012w8-0,n012w8,0,5,1000000,100.0,adaptive,2026-07-04T10:59:26+01:00,8,7,88,151260,427,12.372173,1690,1700,1690,10,0.5882,LOCAL_BEST,2,123,19805,239262,93214,233,683,103,146.4129,97.0874,0,0,0,0,0,0
n012w8-0,n012w8,0,5,1000000,100.0,adaptive,2026-07-04T10:59:26+01:00,8,4,88,151488,326,12.333263,1725,1740,1725,15,0.8621,LOCAL_BEST,1,123,19907,242868,93000,234,228,-101,657.8947,0.0000,0,0,0,0,0,0
n012w8-0,n012w8,0,5,1000000,100.0,adaptive,2026-07-04T10:59:26+01:00,8,1,88,151866,262,12.269024,1665,1695,1665,30,1.7699,LOCAL_BEST,0,123,19531,241527,93876,235,378,-64,793.6508,0.0000,0,0,0,0,0,0
n012w8-0,n012w8,0,5,1000000,100.0,adaptive,2026-07-04T10:59:26+01:00,8,10,88,152865,428,12.100853,1630,1640,1630,10,0.6098,LOCAL_BEST,4,123,19681,241404,95054,236,999,166,100.1001,60.2410,0,0,0,0,0,0
n012w8-0,n012w8,0,5,1000000,100.0,adaptive,2026-07-04T10:59:26+01:00,8,4,88,157234,333,11.392053,1720,1725,1720,5,0.2899,LOCAL_BEST,1,123,20016,251523,97961,237,4369,-95,11.4443,0.0000,0,0,0,0,0,0
n012w8-0,n012w8,0,5,1000000,100.0,adaptive,2026-07-04T10:59:26+01:00,8,4,88,157355,334,11.373025,1715,1720,1715,5,0.2907,LOCAL_BEST,1,123,20017,251713,98068,238,121,1,413.2231,5000.0000,0,0,0,0,0,0
n012w8-0,n012w8,0,5,1000000,100.0,adaptive,2026-07-04T10:59:26+01:00,8,7,88,160794,441,10.845311,1685,1690,1685,5,0.2959,LOCAL_BEST,2,123,20015,252784,101676,239,3439,107,14.5391,46.7290,0,0,0,0,0,0
n012w8-0,n012w8,0,5,1000000,100.0,adaptive,2026-07-04T10:59:26+01:00,8,7,88,160873,441,10.833480,1670,1685,1670,15,0.8902,LOCAL_BEST,2,123,20016,252903,101744,240,79,0,1898.7342,0.0000,0,0,0,0,0,0
n012w8-0,n012w8,0,5,1000000,100.0,adaptive,2026-07-04T10:59:26+01:00,8,7,88,161561,442,10.730995,1660,1670,1660,10,0.5988,LOCAL_BEST,2,123,20030,253869,102349,241,688,1,145.3488,10000.0000,0,0,0,0,0,0
n012w8-0,n012w8,0,5,1000000,100.0,adaptive,2026-07-04T10:59:26+01:00,8,7,88,162333,443,10.617151,1645,1660,1645,15,0.9036,LOCAL_BEST,2,123,20037,255034,103058,242,772,1,194.3005,15000.0000,0,0,0,0,0,0
n012w8-0,n012w8,0,5,1000000,100.0,adaptive,2026-07-04T10:59:26+01:00,8,4,88,173875,357,9.052239,1700,1715,1700,15,0.8746,LOCAL_BEST,1,123,20267,276541,112588,243,11542,-86,12.9960,0.0000,0,0,0,0,0,0
n012w8-0,n012w8,0,5,1000000,100.0,adaptive,2026-07-04T10:59:26+01:00,8,7,88,180705,471,8.237132,1630,1645,1630,15,0.9119,LOCAL_BEST,2,123,20301,281816,119527,244,6830,114,21.9619,131.5789,0,0,0,0,0,0
n012w8-0,n012w8,0,5,1000000,100.0,adaptive,2026-07-04T10:59:26+01:00,8,10,88,202398,530,6.104049,1625,1630,1625,5,0.3067,GLOBAL_BEST,4,123,20248,311011,140043,245,21693,59,2.3049,84.7458,0,0,0,0,0,0
n012w8-0,n012w8,0,5,1000000,100.0,adaptive,2026-07-04T10:59:26+01:00,8,10,88,252398,623,3.059229,1630,1625,1625,0,0.0000,REHEAT,4,123,20369,379454,186790,246,50000,93,0.0000,0.0000,0,0,0,0,0,0
n012w8-0,n012w8,0,5,1000000,100.0,adaptive,2026-07-04T10:59:26+01:00,8,10,88,302398,736,50.118723,2555,1625,1625,0,0.0000,REHEAT,4,123,31310,462620,207373,247,50000,113,0.0000,0.0000,0,0,0,0,0,0
n012w8-0,n012w8,0,5,1000000,100.0,adaptive,2026-07-04T10:59:26+01:00,8,10,88,352398,855,50.118723,2795,1625,1625,0,0.0000,REHEAT,4,123,42471,547621,227632,248,50000,119,0.0000,0.0000,0,0,0,0,0,0
n012w8-0,n012w8,0,5,1000000,100.0,adaptive,2026-07-04T10:59:26+01:00,8,10,88,402398,966,50.118723,2635,1625,1625,0,0.0000,REHEAT,4,123,53467,631076,248082,249,50000,111,0.0000,0.0000,0,0,0,0,0,0
n012w8-0,n012w8,0,5,1000000,100.0,adaptive,2026-07-04T10:59:26+01:00,8,10,88,452398,1075,50.118723,2935,1625,1625,0,0.0000,REHEAT,4,123,64342,714849,268905,250,50000,109,0.0000,0.0000,0,0,0,0,0,0
n012w8-0,n012w8,0,5,1000000,100.0,adaptive,2026-07-04T10:59:26+01:00,8,10,88,502398,1201,50.118723,2345,1625,1625,0,0.0000,REHEAT,4,123,75404,798383,289490,251,50000,126,0.0000,0.0000,0,0,0,0,0,0
n012w8-0,n012w8,0,5,1000000,100.0,adaptive,2026-07-04T10:59:26+01:00,8,10,88,552398,1311,50.118723,3120,1625,1625,0,0.0000,REHEAT,4,123,86504,882265,309905,252,50000,110,0.0000,0.0000,0,0,0,0,0,0
n012w8-0,n012w8,0,5,1000000,100.0,adaptive,2026-07-04T10:59:26+01:00,8,10,88,602398,1404,50.118723,2850,1625,1625,0,0.0000,REHEAT,4,123,97539,966137,330377,253,50000,93,0.0000,0.0000,0,0,0,0,0,0
n012w8-0,n012w8,0,5,1000000,100.0,adaptive,2026-07-04T10:59:26+01:00,8,10,88,652398,1506,50.118723,2530,1625,1625,0,0.0000,REHEAT,4,123,108680,1050345,350611,254,50000,102,0.0000,0.0000,0,0,0,0,0,0
n012w8-0,n012w8,0,5,1000000,100.0,adaptive,2026-07-04T10:59:26+01:00,8,10,88,702398,1610,50.118723,2825,1625,1625,0,0.0000,REHEAT,4,123,119648,1135335,371182,255,50000,104,0.0000,0.0000,0,0,0,0,0,0
n012w8-0,n012w8,0,5,1000000,100.0,adaptive,2026-07-04T10:59:26+01:00,8,10,88,752398,1726,50.118723,2225,1625,1625,0,0.0000,REHEAT,4,123,130688,1218363,391855,256,50000,116,0.0000,0.0000,0,0,0,0,0,0
n012w8-0,n012w8,0,5,1000000,100.0,adaptive,2026-07-04T10:59:26+01:00,8,10,88,802398,1811,50.118723,2700,1625,1625,0,0.0000,REHEAT,4,123,141806,1301808,412180,257,50000,85,0.0000,0.0000,0,0,0,0,0,0
n012w8-0,n012w8,0,5,1000000,100.0,adaptive,2026-07-04T10:59:26+01:00,8,10,88,852398,1913,50.118723,2655,1625,1625,0,0.0000,REHEAT,4,123,152754,1385301,432686,258,50000,102,0.0000,0.0000,0,0,0,0,0,0
n012w8-0,n012w8,0,5,1000000,100.0,adaptive,2026-07-04T10:59:26+01:00,8,10,88,902398,2006,50.118723,2445,1625,1625,0,0.0000,REHEAT,4,123,163856,1469071,452954,259,50000,93,0.0000,0.0000,0,0,0,0,0,0
n012w8-0,n012w8,0,5,1000000,100.0,adaptive,2026-07-04T10:59:26+01:00,8,10,88,952398,2092,50.118723,2530,1625,1625,0,0.0000,REHEAT,4,123,174807,1553876,473412,260,50000,86,0.0000,0.0000,0,0,0,0,0,0
