run_id,instance,seed,beam_width,iterations,temperature,cooling_mode,timestamp,week,worker_id,parent_worker_id,depth,candidate,temperature_at_event,current_penalty,local_best,global_best,cands_since_improve,worker_lifetime_pct,candidate_pct,time_since_previous_improvement,time_until_worker_exit
n012w8-0,n012w8,0,5,1000000,100.0,adaptive,2026-07-04T10:59:26+01:00,1,1,-1,0,259264,2.782377,425,425,400,100000,25.93,25.93,259,1925
n012w8-0,n012w8,0,5,1000000,100.0,adaptive,2026-07-04T10:59:26+01:00,1,1,-1,0,359264,0.698902,425,425,400,100000,35.93,35.93,259,1665
n012w8-0,n012w8,0,5,1000000,100.0,adaptive,2026-07-04T10:59:26+01:00,1,1,-1,0,459264,0.175556,425,425,400,100000,45.93,45.93,259,1405
n012w8-0,n012w8,0,5,1000000,100.0,adaptive,2026-07-04T10:59:26+01:00,1,1,-1,0,559264,0.044098,425,425,400,100000,55.93,55.93,259,1145
n012w8-0,n012w8,0,5,1000000,100.0,adaptive,2026-07-04T10:59:26+01:00,1,1,-1,0,659264,0.011077,425,425,400,100000,65.93,65.93,259,885
n012w8-0,n012w8,0,5,1000000,100.0,adaptive,2026-07-04T10:59:26+01:00,1,1,-1,0,759264,0.002782,425,425,400,100000,75.93,75.93,259,625
n012w8-0,n012w8,0,5,1000000,100.0,adaptive,2026-07-04T10:59:26+01:00,1,1,-1,0,859264,0.000699,425,425,400,100000,85.93,85.93,259,365
n012w8-0,n012w8,0,5,1000000,100.0,adaptive,2026-07-04T10:59:26+01:00,1,1,-1,0,959264,0.000176,425,425,400,100000,95.93,95.93,259,105
n012w8-0,n012w8,0,5,1000000,100.0,adaptive,2026-07-04T10:59:26+01:00,1,10,8,0,234542,3.915146,415,415,400,100000,23.45,23.45,259,1989
n012w8-0,n012w8,0,5,1000000,100.0,adaptive,2026-07-04T10:59:26+01:00,1,10,8,0,334542,0.983440,415,415,400,100000,33.45,33.45,259,1729
n012w8-0,n012w8,0,5,1000000,100.0,adaptive,2026-07-04T10:59:26+01:00,1,10,8,0,434542,0.247029,415,415,400,100000,43.45,43.45,259,1469
n012w8-0,n012w8,0,5,1000000,100.0,adaptive,2026-07-04T10:59:26+01:00,1,10,8,0,534542,0.062051,415,415,400,100000,53.45,53.45,259,1209
n012w8-0,n012w8,0,5,1000000,100.0,adaptive,2026-07-04T10:59:26+01:00,1,10,8,0,634542,0.015586,415,415,400,100000,63.45,63.45,259,949
n012w8-0,n012w8,0,5,1000000,100.0,adaptive,2026-07-04T10:59:26+01:00,1,10,8,0,734542,0.003915,415,415,400,100000,73.45,73.45,259,689
n012w8-0,n012w8,0,5,1000000,100.0,adaptive,2026-07-04T10:59:26+01:00,1,10,8,0,834542,0.000983,415,415,400,100000,83.45,83.45,259,430
n012w8-0,n012w8,0,5,1000000,100.0,adaptive,2026-07-04T10:59:26+01:00,1,10,8,0,934542,0.000247,415,415,400,100000,93.45,93.45,259,170
n012w8-0,n012w8,0,5,1000000,100.0,adaptive,2026-07-04T10:59:26+01:00,1,7,5,0,248241,3.240067,445,410,400,100000,24.82,24.82,259,1953
n012w8-0,n012w8,0,5,1000000,100.0,adaptive,2026-07-04T10:59:26+01:00,1,7,5,0,348241,0.813868,440,410,400,100000,34.82,34.82,259,1693
n012w8-0,n012w8,0,5,1000000,100.0,adaptive,2026-07-04T10:59:26+01:00,1,7,5,0,448241,0.204434,440,410,400,100000,44.82,44.82,259,1434
n012w8-0,n012w8,0,5,1000000,100.0,adaptive,2026-07-04T10:59:26+01:00,1,7,5,0,548241,0.051352,440,410,400,100000,54.82,54.82,259,1174
n012w8-0,n012w8,0,5,1000000,100.0,adaptive,2026-07-04T10:59:26+01:00,1,7,5,0,648241,0.012899,440,410,400,100000,64.82,64.82,259,914
n012w8-0,n012w8,0,5,1000000,100.0,adaptive,2026-07-04T10:59:26+01:00,1,7,5,0,748241,0.003240,440,410,400,100000,74.82,74.82,259,654
n012w8-0,n012w8,0,5,1000000,100.0,adaptive,2026-07-04T10:59:26+01:00,1,7,5,0,848241,0.000814,440,410,400,100000,84.82,84.82,259,394
n012w8-0,n012w8,0,5,1000000,100.0,adaptive,2026-07-04T10:59:26+01:00,1,7,5,0,948241,0.000204,440,410,400,100000,94.82,94.82,259,134
n012w8-0,n012w8,0,5,1000000,100.0,adaptive,2026-07-04T10:59:26+01:00,1,4,2,0,286921,50.118723,1500,400,400,100000,28.69,28.69,259,1853
n012w8-0,n012w8,0,5,1000000,100.0,adaptive,2026-07-04T10:59:26+01:00,1,4,2,0,386921,50.118723,1000,400,400,100000,38.69,38.69,259,1593
n012w8-0,n012w8,0,5,1000000,100.0,adaptive,2026-07-04T10:59:26+01:00,1,4,2,0,486921,50.118723,1325,400,400,100000,48.69,48.69,259,1333
n012w8-0,n012w8,0,5,1000000,100.0,adaptive,2026-07-04T10:59:26+01:00,1,4,2,0,586921,50.118723,1455,400,400,100000,58.69,58.69,259,1073
n012w8-0,n012w8,0,5,1000000,100.0,adaptive,2026-07-04T10:59:26+01:00,1,4,2,0,686921,50.118723,1565,400,400,100000,68.69,68.69,259,813
n012w8-0,n012w8,0,5,1000000,100.0,adaptive,2026-07-04T10:59:26+01:00,1,4,2,0,786921,50.118723,1610,400,400,100000,78.69,78.69,259,553
n012w8-0,n012w8,0,5,1000000,100.0,adaptive,2026-07-04T10:59:26+01:00,1,4,2,0,886921,50.118723,1255,400,400,100000,88.69,88.69,259,293
n012w8-0,n012w8,0,5,1000000,100.0,adaptive,2026-07-04T10:59:26+01:00,1,4,2,0,986921,50.118723,1620,400,400,100000,98.69,98.69,259,33
n012w8-0,n012w8,0,5,1000000,100.0,adaptive,2026-07-04T10:59:26+01:00,1,13,11,0,200344,6.279658,450,410,400,100000,20.03,20.03,259,2078
n012w8-0,n012w8,0,5,1000000,100.0,adaptive,2026-07-04T10:59:26+01:00,1,13,11,0,300344,1.577379,440,410,400,100000,30.03,30.03,259,1818
n012w8-0,n012w8,0,5,1000000,100.0,adaptive,2026-07-04T10:59:26+01:00,1,13,11,0,400344,0.396220,435,410,400,100000,40.03,40.03,259,1558
n012w8-0,n012w8,0,5,1000000,100.0,adaptive,2026-07-04T10:59:26+01:00,1,13,11,0,500344,0.099526,435,410,400,100000,50.03,50.03,259,1298
n012w8-0,n012w8,0,5,1000000,100.0,adaptive,2026-07-04T10:59:26+01:00,1,13,11,0,600344,0.025000,435,410,400,100000,60.03,60.03,259,1038
n012w8-0,n012w8,0,5,1000000,100.0,adaptive,2026-07-04T10:59:26+01:00,1,13,11,0,700344,0.006280,435,410,400,100000,70.03,70.03,259,778
n012w8-0,n012w8,0,5,1000000,100.0,adaptive,2026-07-04T10:59:26+01:00,1,13,11,0,800344,0.001577,435,410,400,100000,80.03,80.03,259,518
n012w8-0,n012w8,0,5,1000000,100.0,adaptive,2026-07-04T10:59:26+01:00,1,13,11,0,900344,0.000396,435,410,400,100000,90.03,90.03,259,259
n012w8-0,n012w8,0,5,1000000,100.0,adaptive,2026-07-04T10:59:26+01:00,1,3,-1,0,102432,0.000000,2870,1420,415,100000,10.24,10.24,259,2332
n012w8-0,n012w8,0,5,1000000,100.0,adaptive,2026-07-04T10:59:26+01:00,1,3,-1,0,210293,0.000000,2495,1400,400,100000,21.03,21.03,259,2052
n012w8-0,n012w8,0,5,1000000,100.0,adaptive,2026-07-04T10:59:26+01:00,1,3,-1,0,386844,0.000000,2395,1340,400,100000,38.68,38.68,259,1593
n012w8-0,n012w8,0,5,1000000,100.0,adaptive,2026-07-04T10:59:26+01:00,1,3,-1,0,486844,0.000000,2845,1340,400,100000,48.68,48.68,259,1333
n012w8-0,n012w8,0,5,1000000,100.0,adaptive,2026-07-04T10:59:26+01:00,1,3,-1,0,586844,0.000000,2350,1340,400,100000,58.68,58.68,259,1073
n012w8-0,n012w8,0,5,1000000,100.0,adaptive,2026-07-04T10:59:26+01:00,1,3,-1,0,686844,0.000000,2865,1340,400,100000,68.68,68.68,259,813
n012w8-0,n012w8,0,5,1000000,100.0,adaptive,2026-07-04T10:59:26+01:00,1,3,-1,0,786844,0.000000,2665,1340,400,100000,78.68,78.68,259,553
n012w8-0,n012w8,0,5,1000000,100.0,adaptive,2026-07-04T10:59:26+01:00,1,3,-1,0,886844,0.000000,2680,1340,400,100000,88.68,88.68,259,294
n012w8-0,n012w8,0,5,1000000,100.0,adaptive,2026-07-04T10:59:26+01:00,1,3,-1,0,986844,0.000000,2720,1340,400,100000,98.68,98.68,259,34
n012w8-0,n012w8,0,5,1000000,100.0,adaptive,2026-07-04T10:59:26+01:00,1,16,14,0,200344,6.279658,475,400,400,100000,20.03,20.03,259,2078
n012w8-0,n012w8,0,5,1000000,100.0,adaptive,2026-07-04T10:59:26+01:00,1,16,14,0,300344,1.577379,460,400,400,100000,30.03,30.03,259,1818
n012w8-0,n012w8,0,5,1000000,100.0,adaptive,2026-07-04T10:59:26+01:00,1,16,14,0,400344,0.396220,460,400,400,100000,40.03,40.03,259,1558
n012w8-0,n012w8,0,5,1000000,100.0,adaptive,2026-07-04T10:59:26+01:00,1,16,14,0,500344,0.099526,460,400,400,100000,50.03,50.03,259,1298
n012w8-0,n012w8,0,5,1000000,100.0,adaptive,2026-07-04T10:59:26+01:00,1,16,14,0,600344,0.025000,460,400,400,100000,60.03,60.03,259,1038
n012w8-0,n012w8,0,5,1000000,100.0,adaptive,2026-07-04T10:59:26+01:00,1,16,14,0,700344,0.006280,460,400,400,100000,70.03,70.03,259,778
n012w8-0,n012w8,0,5,1000000,100.0,adaptive,2026-07-04T10:59:26+01:00,1,16,14,0,800344,0.001577,460,400,400,100000,80.03,80.03,259,518
n012w8-0,n012w8,0,5,1000000,100.0,adaptive,2026-07-04T10:59:26+01:00,1,16,14,0,900344,0.000396,460,400,400,100000,90.03,90.03,259,259
n012w8-0,n012w8,0,5,1000000,100.0,adaptive,2026-07-04T10:59:26+01:00,1,9,7,0,100001,0.000000,2210,500,410,100000,10.00,10.00,259,2339
n012w8-0,n012w8,0,5,1000000,100.0,adaptive,2026-07-04T10:59:26+01:00,1,9,7,0,200001,0.000000,2245,500,400,100000,20.00,20.00,259,2079
n012w8-0,n012w8,0,5,1000000,100.0,adaptive,2026-07-04T10:59:26+01:00,1,9,7,0,300001,0.000000,2715,500,400,100000,30.00,30.00,259,1819
n012w8-0,n012w8,0,5,1000000,100.0,adaptive,2026-07-04T10:59:26+01:00,1,9,7,0,400001,0.000000,2535,500,400,100000,40.00,40.00,259,1559
n012w8-0,n012w8,0,5,1000000,100.0,adaptive,2026-07-04T10:59:26+01:00,1,9,7,0,500001,0.000000,2765,500,400,100000,50.00,50.00,259,1299
n012w8-0,n012w8,0,5,1000000,100.0,adaptive,2026-07-04T10:59:26+01:00,1,9,7,0,600001,0.000000,2675,500,400,100000,60.00,60.00,259,1039
n012w8-0,n012w8,0,5,1000000,100.0,adaptive,2026-07-04T10:59:26+01:00,1,9,7,0,700001,0.000000,2550,500,400,100000,70.00,70.00,259,779
n012w8-0,n012w8,0,5,1000000,100.0,adaptive,2026-07-04T10:59:26+01:00,1,9,7,0,800001,0.000000,2625,500,400,100000,80.00,80.00,259,519
n012w8-0,n012w8,0,5,1000000,100.0,adaptive,2026-07-04T10:59:26+01:00,1,9,7,0,900001,0.000000,2670,500,400,100000,90.00,90.00,259,259
n012w8-0,n012w8,0,5,1000000,100.0,adaptive,2026-07-04T10:59:26+01:00,1,6,4,0,100001,0.000000,2710,900,415,100000,10.00,10.00,259,2339
n012w8-0,n012w8,0,5,1000000,100.0,adaptive,2026-07-04T10:59:26+01:00,1,6,4,0,200001,0.000000,2560,900,400,100000,20.00,20.00,259,2079
n012w8-0,n012w8,0,5,1000000,100.0,adaptive,2026-07-04T10:59:26+01:00,1,6,4,0,300001,0.000000,2305,900,400,100000,30.00,30.00,259,1819
n012w8-0,n012w8,0,5,1000000,100.0,adaptive,2026-07-04T10:59:26+01:00,1,6,4,0,400001,0.000000,2800,900,400,100000,40.00,40.00,259,1559
n012w8-0,n012w8,0,5,1000000,100.0,adaptive,2026-07-04T10:59:26+01:00,1,6,4,0,500001,0.000000,2630,900,400,100000,50.00,50.00,259,1299
n012w8-0,n012w8,0,5,1000000,100.0,adaptive,2026-07-04T10:59:26+01:00,1,6,4,0,600001,0.000000,2930,900,400,100000,60.00,60.00,259,1039
n012w8-0,n012w8,0,5,1000000,100.0,adaptive,2026-07-04T10:59:26+01:00,1,6,4,0,700001,0.000000,3090,900,400,100000,70.00,70.00,259,779
n012w8-0,n012w8,0,5,1000000,100.0,adaptive,2026-07-04T10:59:26+01:00,1,6,4,0,800001,0.000000,2810,900,400,100000,80.00,80.00,259,519
n012w8-0,n012w8,0,5,1000000,100.0,adaptive,2026-07-04T10:59:26+01:00,1,6,4,0,900001,0.000000,2575,900,400,100000,90.00,90.00,259,259
n012w8-0,n012w8,0,5,1000000,100.0,adaptive,2026-07-04T10:59:26+01:00,1,12,10,0,100001,0.000000,2780,445,410,100000,10.00,10.00,259,2339
n012w8-0,n012w8,0,5,1000000,100.0,adaptive,2026-07-04T10:59:26+01:00,1,12,10,0,200001,0.000000,2590,445,400,100000,20.00,20.00,259,2079
n012w8-0,n012w8,0,5,1000000,100.0,adaptive,2026-07-04T10:59:26+01:00,1,12,10,0,300001,0.000000,2515,445,400,100000,30.00,30.00,259,1819
n012w8-0,n012w8,0,5,1000000,100.0,adaptive,2026-07-04T10:59:26+01:00,1,12,10,0,400001,0.000000,2560,445,400,100000,40.00,40.00,259,1559
n012w8-0,n012w8,0,5,1000000,100.0,adaptive,2026-07-04T10:59:26+01:00,1,12,10,0,500001,0.000000,2405,445,400,100000,50.00,50.00,259,1299
n012w8-0,n012w8,0,5,1000000,100.0,adaptive,2026-07-04T10:59:26+01:00,1,12,10,0,600001,0.000000,2945,445,400,100000,60.00,60.00,259,1039
n012w8-0,n012w8,0,5,1000000,100.0,adaptive,2026-07-04T10:59:26+01:00,1,12,10,0,700001,0.000000,2405,445,400,100000,70.00,70.00,259,779
n012w8-0,n012w8,0,5,1000000,100.0,adaptive,2026-07-04T10:59:26+01:00,1,12,10,0,800001,0.000000,2035,445,400,100000,80.00,80.00,259,519
n012w8-0,n012w8,0,5,1000000,100.0,adaptive,2026-07-04T10:59:26+01:00,1,12,10,0,900001,0.000000,3250,445,400,100000,90.00,90.00,259,259
n012w8-0,n012w8,0,5,1000000,100.0,adaptive,2026-07-04T10:59:26+01:00,1,15,13,0,100001,0.000000,2575,410,400,100000,10.00,10.00,259,2339
n012w8-0,n012w8,0,5,1000000,100.0,adaptive,2026-07-04T10:59:26+01:00,1,15,13,0,200001,0.000000,2600,410,400,100000,20.00,20.00,259,2079
n012w8-0,n012w8,0,5,1000000,100.0,adaptive,2026-07-04T10:59:26+01:00,1,15,13,0,300001,0.000000,2760,410,400,100000,30.00,30.00,259,1819
n012w8-0,n012w8,0,5,1000000,100.0,adaptive,2026-07-04T10:59:26+01:00,1,15,13,0,400001,0.000000,2155,410,400,100000,40.00,40.00,259,1559
n012w8-0,n012w8,0,5,1000000,100.0,adaptive,2026-07-04T10:59:26+01:00,1,15,13,0,500001,0.000000,2490,410,400,100000,50.00,50.00,259,1299
n012w8-0,n012w8,0,5,1000000,100.0,adaptive,2026-07-04T10:59:26+01:00,1,15,13,0,600001,0.000000,2550,410,400,100000,60.00,60.00,259,1039
n012w8-0,n012w8,0,5,1000000,100.0,adaptive,2026-07-04T10:59:26+01:00,1,15,13,0,700001,0.000000,2665,410,400,100000,70.00,70.00,259,779
n012w8-0,n012w8,0,5,1000000,100.0,adaptive,2026-07-04T10:59:26+01:00,1,15,13,0,800001,0.000000,2670,410,400,100000,80.00,80.00,259,519
n012w8-0,n012w8,0,5,1000000,100.0,adaptive,2026-07-04T10:59:26+01:00,1,15,13,0,900001,0.000000,2020,410,400,100000,90.00,90.00,259,259
n012w8-0,n012w8,0,5,1000000,100.0,adaptive,2026-07-04T10:59:26+01:00,1,18,16,0,100001,0.000000,2130,400,400,100000,10.00,10.00,259,2339
n012w8-0,n012w8,0,5,1000000,100.0,adaptive,2026-07-04T10:59:26+01:00,1,18,16,0,200001,0.000000,2255,400,400,100000,20.00,20.00,259,2079
n012w8-0,n012w8,0,5,1000000,100.0,adaptive,2026-07-04T10:59:26+01:00,1,18,16,0,300001,0.000000,2590,400,400,100000,30.00,30.00,259,1819
n012w8-0,n012w8,0,5,1000000,100.0,adaptive,2026-07-04T10:59:26+01:00,1,18,16,0,400001,0.000000,2585,400,400,100000,40.00,40.00,259,1559
n012w8-0,n012w8,0,5,1000000,100.0,adaptive,2026-07-04T10:59:26+01:00,1,18,16,0,500001,0.000000,2680,400,400,100000,50.00,50.00,259,1299
n012w8-0,n012w8,0,5,1000000,100.0,adaptive,2026-07-04T10:59:26+01:00,1,18,16,0,600001,0.000000,3060,400,400,100000,60.00,60.00,259,1039
n012w8-0,n012w8,0,5,1000000,100.0,adaptive,2026-07-04T10:59:26+01:00,1,18,16,0,700001,0.000000,2395,400,400,100000,70.00,70.00,259,779
n012w8-0,n012w8,0,5,1000000,100.0,adaptive,2026-07-04T10:59:26+01:00,1,18,16,0,800001,0.000000,2640,400,400,100000,80.00,80.00,259,519
n012w8-0,n012w8,0,5,1000000,100.0,adaptive,2026-07-04T10:59:26+01:00,1,18,16,0,900001,0.000000,2360,400,400,100000,90.00,90.00,259,259
n012w8-0,n012w8,0,5,1000000,100.0,adaptive,2026-07-04T10:59:26+01:00,2,7,5,0,283049,2.003116,260,260,230,100000,28.30,28.30,259,1863
n012w8-0,n012w8,0,5,1000000,100.0,adaptive,2026-07-04T10:59:26+01:00,2,7,5,0,383049,0.503160,260,260,230,100000,38.30,38.30,259,1603
n012w8-0,n012w8,0,5,1000000,100.0,adaptive,2026-07-04T10:59:26+01:00,2,7,5,0,483049,0.126388,260,260,230,100000,48.30,48.30,259,1343
n012w8-0,n012w8,0,5,1000000,100.0,adaptive,2026-07-04T10:59:26+01:00,2,7,5,0,583049,0.031747,260,260,230,100000,58.30,58.30,259,1083
n012w8-0,n012w8,0,5,1000000,100.0,adaptive,2026-07-04T10:59:26+01:00,2,7,5,0,683049,0.007975,260,260,230,100000,68.30,68.30,259,823
n012w8-0,n012w8,0,5,1000000,100.0,adaptive,2026-07-04T10:59:26+01:00,2,7,5,0,783049,0.002003,260,260,230,100000,78.30,78.30,259,563
n012w8-0,n012w8,0,5,1000000,100.0,adaptive,2026-07-04T10:59:26+01:00,2,7,5,0,883049,0.000503,260,260,230,100000,88.30,88.30,259,303
n012w8-0,n012w8,0,5,1000000,100.0,adaptive,2026-07-04T10:59:26+01:00,2,7,5,0,983049,0.000126,260,260,230,100000,98.30,98.30,259,44
n012w8-0,n012w8,0,5,1000000,100.0,adaptive,2026-07-04T10:59:26+01:00,2,1,-1,0,270804,50.118723,1265,300,260,100000,27.08,27.08,259,1895
n012w8-0,n012w8,0,5,1000000,100.0,adaptive,2026-07-04T10:59:26+01:00,2,1,-1,0,370804,50.118723,1195,300,230,100000,37.08,37.08,259,1635
n012w8-0,n012w8,0,5,1000000,100.0,adaptive,2026-07-04T10:59:26+01:00,2,1,-1,0,470804,50.118723,1125,300,230,100000,47.08,47.08,259,1375
n012w8-0,n012w8,0,5,1000000,100.0,adaptive,2026-07-04T10:59:26+01:00,2,1,-1,0,570804,50.118723,1330,300,230,100000,57.08,57.08,259,1115
n012w8-0,n012w8,0,5,1000000,100.0,adaptive,2026-07-04T10:59:26+01:00,2,1,-1,0,670804,50.118723,1215,300,230,100000,67.08,67.08,259,855
n012w8-0,n012w8,0,5,1000000,100.0,adaptive,2026-07-04T10:59:26+01:00,2,1,-1,0,770804,50.118723,1020,300,230,100000,77.08,77.08,259,595
n012w8-0,n012w8,0,5,1000000,100.0,adaptive,2026-07-04T10:59:26+01:00,2,1,-1,0,870804,50.118723,1615,300,230,100000,87.08,87.08,259,335
n012w8-0,n012w8,0,5,1000000,100.0,adaptive,2026-07-04T10:59:26+01:00,2,1,-1,0,970804,50.118723,1175,300,230,100000,97.08,97.08,259,75
n012w8-0,n012w8,0,5,1000000,100.0,adaptive,2026-07-04T10:59:26+01:00,2,10,8,0,248578,3.225017,350,325,230,100000,24.86,24.86,259,1952
n012w8-0,n012w8,0,5,1000000,100.0,adaptive,2026-07-04T10:59:26+01:00,2,10,8,0,348578,0.810088,350,325,230,100000,34.86,34.86,259,1693
n012w8-0,n012w8,0,5,1000000,100.0,adaptive,2026-07-04T10:59:26+01:00,2,10,8,0,448578,0.203485,350,325,230,100000,44.86,44.86,259,1433
n012w8-0,n012w8,0,5,1000000,100.0,adaptive,2026-07-04T10:59:26+01:00,2,10,8,0,548578,0.051113,350,325,230,100000,54.86,54.86,259,1173
n012w8-0,n012w8,0,5,1000000,100.0,adaptive,2026-07-04T10:59:26+01:00,2,10,8,0,648578,0.012839,350,325,230,100000,64.86,64.86,259,913
n012w8-0,n012w8,0,5,1000000,100.0,adaptive,2026-07-04T10:59:26+01:00,2,10,8,0,748578,0.003225,350,325,230,100000,74.86,74.86,259,653
n012w8-0,n012w8,0,5,1000000,100.0,adaptive,2026-07-04T10:59:26+01:00,2,10,8,0,848578,0.000810,350,325,230,100000,84.86,84.86,259,393
n012w8-0,n012w8,0,5,1000000,100.0,adaptive,2026-07-04T10:59:26+01:00,2,10,8,0,948578,0.000203,350,325,230,100000,94.86,94.86,259,133
n012w8-0,n012w8,0,5,1000000,100.0,adaptive,2026-07-04T10:59:26+01:00,2,19,17,0,200344,6.279658,310,275,230,100000,20.03,20.03,259,2078
n012w8-0,n012w8,0,5,1000000,100.0,adaptive,2026-07-04T10:59:26+01:00,2,19,17,0,300344,1.577379,295,275,230,100000,30.03,30.03,259,1818
n012w8-0,n012w8,0,5,1000000,100.0,adaptive,2026-07-04T10:59:26+01:00,2,19,17,0,400344,0.396220,295,275,230,100000,40.03,40.03,259,1558
n012w8-0,n012w8,0,5,1000000,100.0,adaptive,2026-07-04T10:59:26+01:00,2,19,17,0,500344,0.099526,295,275,230,100000,50.03,50.03,259,1298
n012w8-0,n012w8,0,5,1000000,100.0,adaptive,2026-07-04T10:59:26+01:00,2,19,17,0,600344,0.025000,295,275,230,100000,60.03,60.03,259,1038
n012w8-0,n012w8,0,5,1000000,100.0,adaptive,2026-07-04T10:59:26+01:00,2,19,17,0,700344,0.006280,295,275,230,100000,70.03,70.03,259,778
n012w8-0,n012w8,0,5,1000000,100.0,adaptive,2026-07-04T10:59:26+01:00,2,19,17,0,800344,0.001577,295,275,230,100000,80.03,80.03,259,518
n012w8-0,n012w8,0,5,1000000,100.0,adaptive,2026-07-04T10:59:26+01:00,2,19,17,0,900344,0.000396,295,275,230,100000,90.03,90.03,259,259
n012w8-0,n012w8,0,5,1000000,100.0,adaptive,2026-07-04T10:59:26+01:00,2,16,14,0,255906,2.914500,275,265,230,100000,25.59,25.59,259,1933
n012w8-0,n012w8,0,5,1000000,100.0,adaptive,2026-07-04T10:59:26+01:00,2,16,14,0,355906,0.732089,275,265,230,100000,35.59,35.59,259,1674
n012w8-0,n012w8,0,5,1000000,100.0,adaptive,2026-07-04T10:59:26+01:00,2,16,14,0,455906,0.183892,275,265,230,100000,45.59,45.59,259,1414
n012w8-0,n012w8,0,5,1000000,100.0,adaptive,2026-07-04T10:59:26+01:00,2,16,14,0,555906,0.046192,275,265,230,100000,55.59,55.59,259,1154
n012w8-0,n012w8,0,5,1000000,100.0,adaptive,2026-07-04T10:59:26+01:00,2,16,14,0,655906,0.011603,275,265,230,100000,65.59,65.59,259,894
n012w8-0,n012w8,0,5,1000000,100.0,adaptive,2026-07-04T10:59:26+01:00,2,16,14,0,755906,0.002914,275,265,230,100000,75.59,75.59,259,634
n012w8-0,n012w8,0,5,1000000,100.0,adaptive,2026-07-04T10:59:26+01:00,2,16,14,0,855906,0.000732,275,265,230,100000,85.59,85.59,259,374
n012w8-0,n012w8,0,5,1000000,100.0,adaptive,2026-07-04T10:59:26+01:00,2,16,14,0,955906,0.000184,275,265,230,100000,95.59,95.59,259,114
n012w8-0,n012w8,0,5,1000000,100.0,adaptive,2026-07-04T10:59:26+01:00,2,4,2,0,237493,59.571975,1545,260,260,100000,23.75,23.75,259,1981
n012w8-0,n012w8,0,5,1000000,100.0,adaptive,2026-07-04T10:59:26+01:00,2,4,2,0,337493,59.571975,1565,260,230,100000,33.75,33.75,259,1721
n012w8-0,n012w8,0,5,1000000,100.0,adaptive,2026-07-04T10:59:26+01:00,2,4,2,0,437493,59.571975,975,260,230,100000,43.75,43.75,259,1461
n012w8-0,n012w8,0,5,1000000,100.0,adaptive,2026-07-04T10:59:26+01:00,2,4,2,0,537493,59.571975,1400,260,230,100000,53.75,53.75,259,1202
n012w8-0,n012w8,0,5,1000000,100.0,adaptive,2026-07-04T10:59:26+01:00,2,4,2,0,637493,59.571975,1610,260,230,100000,63.75,63.75,259,942
n012w8-0,n012w8,0,5,1000000,100.0,adaptive,2026-07-04T10:59:26+01:00,2,4,2,0,737493,59.571975,1105,260,230,100000,73.75,73.75,259,682
n012w8-0,n012w8,0,5,1000000,100.0,adaptive,2026-07-04T10:59:26+01:00,2,4,2,0,837493,59.571975,1235,260,230,100000,83.75,83.75,259,422
n012w8-0,n012w8,0,5,1000000,100.0,adaptive,2026-07-04T10:59:26+01:00,2,4,2,0,937493,59.571975,1825,260,230,100000,93.75,93.75,259,162
n012w8-0,n012w8,0,5,1000000,100.0,adaptive,2026-07-04T10:59:26+01:00,2,6,4,0,100001,0.000000,2840,765,290,100000,10.00,10.00,259,2339
n012w8-0,n012w8,0,5,1000000,100.0,adaptive,2026-07-04T10:59:26+01:00,2,6,4,0,200001,0.000000,2400,765,260,100000,20.00,20.00,259,2079
n012w8-0,n012w8,0,5,1000000,100.0,adaptive,2026-07-04T10:59:26+01:00,2,6,4,0,300001,0.000000,2540,765,230,100000,30.00,30.00,259,1819
n012w8-0,n012w8,0,5,1000000,100.0,adaptive,2026-07-04T10:59:26+01:00,2,6,4,0,400001,0.000000,2320,765,230,100000,40.00,40.00,259,1559
n012w8-0,n012w8,0,5,1000000,100.0,adaptive,2026-07-04T10:59:26+01:00,2,6,4,0,500001,0.000000,2500,765,230,100000,50.00,50.00,259,1299
n012w8-0,n012w8,0,5,1000000,100.0,adaptive,2026-07-04T10:59:26+01:00,2,6,4,0,600001,0.000000,2505,765,230,100000,60.00,60.00,259,1039
n012w8-0,n012w8,0,5,1000000,100.0,adaptive,2026-07-04T10:59:26+01:00,2,6,4,0,700001,0.000000,2815,765,230,100000,70.00,70.00,259,779
n012w8-0,n012w8,0,5,1000000,100.0,adaptive,2026-07-04T10:59:26+01:00,2,6,4,0,800001,0.000000,2305,765,230,100000,80.00,80.00,259,519
n012w8-0,n012w8,0,5,1000000,100.0,adaptive,2026-07-04T10:59:26+01:00,2,6,4,0,900001,0.000000,2095,765,230,100000,90.00,90.00,259,259
n012w8-0,n012w8,0,5,1000000,100.0,adaptive,2026-07-04T10:59:26+01:00,2,3,-1,0,158857,0.000000,2425,1170,260,100000,15.89,15.89,259,2186
n012w8-0,n012w8,0,5,1000000,100.0,adaptive,2026-07-04T10:59:26+01:00,2,3,-1,0,258857,0.000000,2405,1170,260,100000,25.89,25.89,259,1926
n012w8-0,n012w8,0,5,1000000,100.0,adaptive,2026-07-04T10:59:26+01:00,2,3,-1,0,358857,0.000000,2690,1170,230,100000,35.89,35.89,259,1666
n012w8-0,n012w8,0,5,1000000,100.0,adaptive,2026-07-04T10:59:26+01:00,2,3,-1,0,458857,0.000000,2185,1170,230,100000,45.89,45.89,259,1406
n012w8-0,n012w8,0,5,1000000,100.0,adaptive,2026-07-04T10:59:26+01:00,2,3,-1,0,558857,0.000000,2470,1170,230,100000,55.89,55.89,259,1146
n012w8-0,n012w8,0,5,1000000,100.0,adaptive,2026-07-04T10:59:26+01:00,2,3,-1,0,658857,0.000000,2390,1170,230,100000,65.89,65.89,259,886
n012w8-0,n012w8,0,5,1000000,100.0,adaptive,2026-07-04T10:59:26+01:00,2,3,-1,0,758857,0.000000,2130,1170,230,100000,75.89,75.89,259,626
n012w8-0,n012w8,0,5,1000000,100.0,adaptive,2026-07-04T10:59:26+01:00,2,3,-1,0,858857,0.000000,2735,1170,230,100000,85.89,85.89,259,366
n012w8-0,n012w8,0,5,1000000,100.0,adaptive,2026-07-04T10:59:26+01:00,2,3,-1,0,958857,0.000000,2165,1170,230,100000,95.89,95.89,259,106
n012w8-0,n012w8,0,5,1000000,100.0,adaptive,2026-07-04T10:59:26+01:00,2,13,11,0,257133,50.118723,1045,230,230,100000,25.71,25.71,259,1930
n012w8-0,n012w8,0,5,1000000,100.0,adaptive,2026-07-04T10:59:26+01:00,2,13,11,0,357133,50.118723,1280,230,230,100000,35.71,35.71,259,1670
n012w8-0,n012w8,0,5,1000000,100.0,adaptive,2026-07-04T10:59:26+01:00,2,13,11,0,457133,50.118723,1455,230,230,100000,45.71,45.71,259,1410
n012w8-0,n012w8,0,5,1000000,100.0,adaptive,2026-07-04T10:59:26+01:00,2,13,11,0,557133,50.118723,1155,230,230,100000,55.71,55.71,259,1151
n012w8-0,n012w8,0,5,1000000,100.0,adaptive,2026-07-04T10:59:26+01:00,2,13,11,0,657133,50.118723,1345,230,230,100000,65.71,65.71,259,891
n012w8-0,n012w8,0,5,1000000,100.0,adaptive,2026-07-04T10:59:26+01:00,2,13,11,0,757133,50.118723,1300,230,230,100000,75.71,75.71,259,631
n012w8-0,n012w8,0,5,1000000,100.0,adaptive,2026-07-04T10:59:26+01:00,2,13,11,0,857133,50.118723,1150,230,230,100000,85.71,85.71,259,371
n012w8-0,n012w8,0,5,1000000,100.0,adaptive,2026-07-04T10:59:26+01:00,2,13,11,0,957133,50.118723,1190,230,230,100000,95.71,95.71,259,111
n012w8-0,n012w8,0,5,1000000,100.0,adaptive,2026-07-04T10:59:26+01:00,2,9,7,0,100001,0.000000,2385,485,285,100000,10.00,10.00,259,2339
n012w8-0,n012w8,0,5,1000000,100.0,adaptive,2026-07-04T10:59:26+01:00,2,9,7,0,200001,0.000000,2345,485,260,100000,20.00,20.00,259,2079
n012w8-0,n012w8,0,5,1000000,100.0,adaptive,2026-07-04T10:59:26+01:00,2,9,7,0,300001,0.000000,2545,485,230,100000,30.00,30.00,259,1819
n012w8-0,n012w8,0,5,1000000,100.0,adaptive,2026-07-04T10:59:26+01:00,2,9,7,0,400001,0.000000,2115,485,230,100000,40.00,40.00,259,1559
n012w8-0,n012w8,0,5,1000000,100.0,adaptive,2026-07-04T10:59:26+01:00,2,9,7,0,500001,0.000000,2585,485,230,100000,50.00,50.00,259,1299
n012w8-0,n012w8,0,5,1000000,100.0,adaptive,2026-07-04T10:59:26+01:00,2,9,7,0,600001,0.000000,2645,485,230,100000,60.00,60.00,259,1039
n012w8-0,n012w8,0,5,1000000,100.0,adaptive,2026-07-04T10:59:26+01:00,2,9,7,0,700001,0.000000,2940,485,230,100000,70.00,70.00,259,779
n012w8-0,n012w8,0,5,1000000,100.0,adaptive,2026-07-04T10:59:26+01:00,2,9,7,0,800001,0.000000,2465,485,230,100000,80.00,80.00,259,519
n012w8-0,n012w8,0,5,1000000,100.0,adaptive,2026-07-04T10:59:26+01:00,2,9,7,0,900001,0.000000,2290,485,230,100000,90.00,90.00,259,259
n012w8-0,n012w8,0,5,1000000,100.0,adaptive,2026-07-04T10:59:26+01:00,2,12,10,0,100001,0.000000,2240,350,260,100000,10.00,10.00,259,2339
n012w8-0,n012w8,0,5,1000000,100.0,adaptive,2026-07-04T10:59:26+01:00,2,12,10,0,200001,0.000000,2865,350,230,100000,20.00,20.00,259,2079
n012w8-0,n012w8,0,5,1000000,100.0,adaptive,2026-07-04T10:59:26+01:00,2,12,10,0,300001,0.000000,2490,350,230,100000,30.00,30.00,259,1819
n012w8-0,n012w8,0,5,1000000,100.0,adaptive,2026-07-04T10:59:26+01:00,2,12,10,0,400001,0.000000,2610,350,230,100000,40.00,40.00,259,1559
n012w8-0,n012w8,0,5,1000000,100.0,adaptive,2026-07-04T10:59:26+01:00,2,12,10,0,500001,0.000000,2595,350,230,100000,50.00,50.00,259,1299
n012w8-0,n012w8,0,5,1000000,100.0,adaptive,2026-07-04T10:59:26+01:00,2,12,10,0,600001,0.000000,2175,350,230,100000,60.00,60.00,259,1039
n012w8-0,n012w8,0,5,1000000,100.0,adaptive,2026-07-04T10:59:26+01:00,2,12,10,0,700001,0.000000,2160,350,230,100000,70.00,70.00,259,779
n012w8-0,n012w8,0,5,1000000,100.0,adaptive,2026-07-04T10:59:26+01:00,2,12,10,0,800001,0.000000,2455,350,230,100000,80.00,80.00,259,519
n012w8-0,n012w8,0,5,1000000,100.0,adaptive,2026-07-04T10:59:26+01:00,2,12,10,0,900001,0.000000,2755,350,230,100000,90.00,90.00,259,259
n012w8-0,n012w8,0,5,1000000,100.0,adaptive,2026-07-04T10:59:26+01:00,2,18,16,0,100001,0.000000,2830,285,260,100000,10.00,10.00,259,2339
n012w8-0,n012w8,0,5,1000000,100.0,adaptive,2026-07-04T10:59:26+01:00,2,18,16,0,200001,0.000000,2060,285,230,100000,20.00,20.00,259,2079
n012w8-0,n012w8,0,5,1000000,100.0,adaptive,2026-07-04T10:59:26+01:00,2,18,16,0,300001,0.000000,2595,285,230,100000,30.00,30.00,259,1819
n012w8-0,n012w8,0,5,1000000,100.0,adaptive,2026-07-04T10:59:26+01:00,2,18,16,0,400001,0.000000,2580,285,230,100000,40.00,40.00,259,1559
n012w8-0,n012w8,0,5,1000000,100.0,adaptive,2026-07-04T10:59:26+01:00,2,18,16,0,500001,0.000000,1930,285,230,100000,50.00,50.00,259,1299
n012w8-0,n012w8,0,5,1000000,100.0,adaptive,2026-07-04T10:59:26+01:00,2,18,16,0,600001,0.000000,2800,285,230,100000,60.00,60.00,259,1039
n012w8-0,n012w8,0,5,1000000,100.0,adaptive,2026-07-04T10:59:26+01:00,2,18,16,0,700001,0.000000,2610,285,230,100000,70.00,70.00,259,779
n012w8-0,n012w8,0,5,1000000,100.0,adaptive,2026-07-04T10:59:26+01:00,2,18,16,0,800001,0.000000,2600,285,230,100000,80.00,80.00,259,519
n012w8-0,n012w8,0,5,1000000,100.0,adaptive,2026-07-04T10:59:26+01:00,2,18,16,0,900001,0.000000,2330,285,230,100000,90.00,90.00,259,259
n012w8-0,n012w8,0,5,1000000,100.0,adaptive,2026-07-04T10:59:26+01:00,2,15,13,0,100001,0.000000,2600,290,260,100000,10.00,10.00,259,2339
n012w8-0,n012w8,0,5,1000000,100.0,adaptive,2026-07-04T10:59:26+01:00,2,15,13,0,200001,0.000000,2725,290,230,100000,20.00,20.00,259,2079
n012w8-0,n012w8,0,5,1000000,100.0,adaptive,2026-07-04T10:59:26+01:00,2,15,13,0,300001,0.000000,2225,290,230,100000,30.00,30.00,259,1819
n012w8-0,n012w8,0,5,1000000,100.0,adaptive,2026-07-04T10:59:26+01:00,2,15,13,0,400001,0.000000,2520,290,230,100000,40.00,40.00,259,1559
n012w8-0,n012w8,0,5,1000000,100.0,adaptive,2026-07-04T10:59:26+01:00,2,15,13,0,500001,0.000000,2165,290,230,100000,50.00,50.00,259,1299
n012w8-0,n012w8,0,5,1000000,100.0,adaptive,2026-07-04T10:59:26+01:00,2,15,13,0,600001,0.000000,2145,290,230,100000,60.00,60.00,259,1039
n012w8-0,n012w8,0,5,1000000,100.0,adaptive,2026-07-04T10:59:26+01:00,2,15,13,0,700001,0.000000,2365,290,230,100000,70.00,70.00,259,779
n012w8-0,n012w8,0,5,1000000,100.0,adaptive,2026-07-04T10:59:26+01:00,2,15,13,0,800001,0.000000,2220,290,230,100000,80.00,80.00,259,519
n012w8-0,n012w8,0,5,1000000,100.0,adaptive,2026-07-04T10:59:26+01:00,2,15,13,0,900001,0.000000,2100,290,230,100000,90.00,90.00,259,259
n012w8-0,n012w8,0,5,1000000,100.0,adaptive,2026-07-04T10:59:26+01:00,2,22,20,0,200344,6.279658,280,245,230,100000,20.03,20.03,259,2078
n012w8-0,n012w8,0,5,1000000,100.0,adaptive,2026-07-04T10:59:26+01:00,2,22,20,0,300344,1.577379,275,245,230,100000,30.03,30.03,259,1818
n012w8-0,n012w8,0,5,1000000,100.0,adaptive,2026-07-04T10:59:26+01:00,2,22,20,0,400344,0.396220,275,245,230,100000,40.03,40.03,259,1558
n012w8-0,n012w8,0,5,1000000,100.0,adaptive,2026-07-04T10:59:26+01:00,2,22,20,0,500344,0.099526,275,245,230,100000,50.03,50.03,259,1298
n012w8-0,n012w8,0,5,1000000,100.0,adaptive,2026-07-04T10:59:26+01:00,2,22,20,0,600344,0.025000,275,245,230,100000,60.03,60.03,259,1038
n012w8-0,n012w8,0,5,1000000,100.0,adaptive,2026-07-04T10:59:26+01:00,2,22,20,0,700344,0.006280,275,245,230,100000,70.03,70.03,259,778
n012w8-0,n012w8,0,5,1000000,100.0,adaptive,2026-07-04T10:59:26+01:00,2,22,20,0,800344,0.001577,275,245,230,100000,80.03,80.03,259,518
n012w8-0,n012w8,0,5,1000000,100.0,adaptive,2026-07-04T10:59:26+01:00,2,22,20,0,900344,0.000396,275,245,230,100000,90.03,90.03,259,259
n012w8-0,n012w8,0,5,1000000,100.0,adaptive,2026-07-04T10:59:26+01:00,2,21,19,0,100001,0.000000,2540,275,260,100000,10.00,10.00,259,2339
n012w8-0,n012w8,0,5,1000000,100.0,adaptive,2026-07-04T10:59:26+01:00,2,21,19,0,200001,0.000000,2495,275,230,100000,20.00,20.00,259,2079
n012w8-0,n012w8,0,5,1000000,100.0,adaptive,2026-07-04T10:59:26+01:00,2,21,19,0,300001,0.000000,2535,275,230,100000,30.00,30.00,259,1819
n012w8-0,n012w8,0,5,1000000,100.0,adaptive,2026-07-04T10:59:26+01:00,2,21,19,0,400001,0.000000,2615,275,230,100000,40.00,40.00,259,1559
n012w8-0,n012w8,0,5,1000000,100.0,adaptive,2026-07-04T10:59:26+01:00,2,21,19,0,500001,0.000000,2575,275,230,100000,50.00,50.00,259,1299
n012w8-0,n012w8,0,5,1000000,100.0,adaptive,2026-07-04T10:59:26+01:00,2,21,19,0,600001,0.000000,2295,275,230,100000,60.00,60.00,259,1039
n012w8-0,n012w8,0,5,1000000,100.0,adaptive,2026-07-04T10:59:26+01:00,2,21,19,0,700001,0.000000,1725,275,230,100000,70.00,70.00,259,779
n012w8-0,n012w8,0,5,1000000,100.0,adaptive,2026-07-04T10:59:26+01:00,2,21,19,0,800001,0.000000,2405,275,230,100000,80.00,80.00,259,519
n012w8-0,n012w8,0,5,1000000,100.0,adaptive,2026-07-04T10:59:26+01:00,2,21,19,0,900001,0.000000,2100,275,230,100000,90.00,90.00,259,259
n012w8-0,n012w8,0,5,1000000,100.0,adaptive,2026-07-04T10:59:26+01:00,2,24,22,0,100001,0.000000,2305,245,230,100000,10.00,10.00,259,2339
n012w8-0,n012w8,0,5,1000000,100.0,adaptive,2026-07-04T10:59:26+01:00,2,24,22,0,200001,0.000000,1960,245,230,100000,20.00,20.00,259,2079
n012w8-0,n012w8,0,5,1000000,100.0,adaptive,2026-07-04T10:59:26+01:00,2,24,22,0,300001,0.000000,1860,245,230,100000,30.00,30.00,259,1819
n012w8-0,n012w8,0,5,1000000,100.0,adaptive,2026-07-04T10:59:26+01:00,2,24,22,0,400001,0.000000,2195,245,230,100000,40.00,40.00,259,1559
n012w8-0,n012w8,0,5,1000000,100.0,adaptive,2026-07-04T10:59:26+01:00,2,24,22,0,500001,0.000000,2930,245,230,100000,50.00,50.00,259,1299
n012w8-0,n012w8,0,5,1000000,100.0,adaptive,2026-07-04T10:59:26+01:00,2,24,22,0,600001,0.000000,2550,245,230,100000,60.00,60.00,259,1039
n012w8-0,n012w8,0,5,1000000,100.0,adaptive,2026-07-04T10:59:26+01:00,2,24,22,0,700001,0.000000,2420,245,230,100000,70.00,70.00,259,779
n012w8-0,n012w8,0,5,1000000,100.0,adaptive,2026-07-04T10:59:26+01:00,2,24,22,0,800001,0.000000,2525,245,230,100000,80.00,80.00,259,519
n012w8-0,n012w8,0,5,1000000,100.0,adaptive,2026-07-04T10:59:26+01:00,2,24,22,0,900001,0.000000,2615,245,230,100000,90.00,90.00,259,259
n012w8-0,n012w8,0,5,1000000,100.0,adaptive,2026-07-04T10:59:26+01:00,3,4,2,0,270363,2.386833,515,490,445,100000,27.04,27.04,259,1896
n012w8-0,n012w8,0,5,1000000,100.0,adaptive,2026-07-04T10:59:26+01:00,3,4,2,0,370363,0.599545,515,490,445,100000,37.04,37.04,259,1636
n012w8-0,n012w8,0,5,1000000,100.0,adaptive,2026-07-04T10:59:26+01:00,3,4,2,0,470363,0.150599,515,490,445,100000,47.04,47.04,259,1376
n012w8-0,n012w8,0,5,1000000,100.0,adaptive,2026-07-04T10:59:26+01:00,3,4,2,0,570363,0.037829,515,490,445,100000,57.04,57.04,259,1116
n012w8-0,n012w8,0,5,1000000,100.0,adaptive,2026-07-04T10:59:26+01:00,3,4,2,0,670363,0.009502,515,490,445,100000,67.04,67.04,259,856
n012w8-0,n012w8,0,5,1000000,100.0,adaptive,2026-07-04T10:59:26+01:00,3,4,2,0,770363,0.002387,515,490,445,100000,77.04,77.04,259,596
n012w8-0,n012w8,0,5,1000000,100.0,adaptive,2026-07-04T10:59:26+01:00,3,4,2,0,870363,0.000600,515,490,445,100000,87.04,87.04,259,336
n012w8-0,n012w8,0,5,1000000,100.0,adaptive,2026-07-04T10:59:26+01:00,3,4,2,0,970363,0.000151,515,490,445,100000,97.04,97.04,259,77
n012w8-0,n012w8,0,5,1000000,100.0,adaptive,2026-07-04T10:59:26+01:00,3,10,8,0,299779,1.589740,460,455,445,100000,29.98,29.98,259,1819
n012w8-0,n012w8,0,5,1000000,100.0,adaptive,2026-07-04T10:59:26+01:00,3,10,8,0,399779,0.399325,460,455,445,100000,39.98,39.98,259,1559
n012w8-0,n012w8,0,5,1000000,100.0,adaptive,2026-07-04T10:59:26+01:00,3,10,8,0,499779,0.100306,460,455,445,100000,49.98,49.98,259,1300
n012w8-0,n012w8,0,5,1000000,100.0,adaptive,2026-07-04T10:59:26+01:00,3,10,8,0,599779,0.025196,460,455,445,100000,59.98,59.98,259,1040
n012w8-0,n012w8,0,5,1000000,100.0,adaptive,2026-07-04T10:59:26+01:00,3,10,8,0,699779,0.006329,460,455,445,100000,69.98,69.98,259,780
n012w8-0,n012w8,0,5,1000000,100.0,adaptive,2026-07-04T10:59:26+01:00,3,10,8,0,799779,0.001590,460,455,445,100000,79.98,79.98,259,520
n012w8-0,n012w8,0,5,1000000,100.0,adaptive,2026-07-04T10:59:26+01:00,3,10,8,0,899779,0.000399,460,455,445,100000,89.98,89.98,259,260
n012w8-0,n012w8,0,5,1000000,100.0,adaptive,2026-07-04T10:59:26+01:00,3,10,8,0,999779,0.000100,460,455,445,100000,99.98,99.98,259,0
n012w8-0,n012w8,0,5,1000000,100.0,adaptive,2026-07-04T10:59:26+01:00,3,1,-1,0,214297,82.076343,1880,540,445,100000,21.43,21.43,259,2042
n012w8-0,n012w8,0,5,1000000,100.0,adaptive,2026-07-04T10:59:26+01:00,3,1,-1,0,314297,82.076343,1580,540,445,100000,31.43,31.43,259,1782
n012w8-0,n012w8,0,5,1000000,100.0,adaptive,2026-07-04T10:59:26+01:00,3,1,-1,0,414297,82.076343,2150,540,445,100000,41.43,41.43,259,1522
n012w8-0,n012w8,0,5,1000000,100.0,adaptive,2026-07-04T10:59:26+01:00,3,1,-1,0,514297,82.076343,1400,540,445,100000,51.43,51.43,259,1262
n012w8-0,n012w8,0,5,1000000,100.0,adaptive,2026-07-04T10:59:26+01:00,3,1,-1,0,614297,82.076343,1550,540,445,100000,61.43,61.43,259,1002
n012w8-0,n012w8,0,5,1000000,100.0,adaptive,2026-07-04T10:59:26+01:00,3,1,-1,0,714297,82.076343,1540,540,445,100000,71.43,71.43,259,742
n012w8-0,n012w8,0,5,1000000,100.0,adaptive,2026-07-04T10:59:26+01:00,3,1,-1,0,814297,82.076343,1695,540,445,100000,81.43,81.43,259,482
n012w8-0,n012w8,0,5,1000000,100.0,adaptive,2026-07-04T10:59:26+01:00,3,1,-1,0,914297,82.076343,1760,540,445,100000,91.43,91.43,259,222
n012w8-0,n012w8,0,5,1000000,100.0,adaptive,2026-07-04T10:59:26+01:00,3,13,11,0,266343,2.523144,465,460,445,100000,26.63,26.63,259,1906
n012w8-0,n012w8,0,5,1000000,100.0,adaptive,2026-07-04T10:59:26+01:00,3,13,11,0,366343,0.633785,465,460,445,100000,36.63,36.63,259,1646
n012w8-0,n012w8,0,5,1000000,100.0,adaptive,2026-07-04T10:59:26+01:00,3,13,11,0,466343,0.159200,465,460,445,100000,46.63,46.63,259,1386
n012w8-0,n012w8,0,5,1000000,100.0,adaptive,2026-07-04T10:59:26+01:00,3,13,11,0,566343,0.039989,465,460,445,100000,56.63,56.63,259,1127
n012w8-0,n012w8,0,5,1000000,100.0,adaptive,2026-07-04T10:59:26+01:00,3,13,11,0,666343,0.010045,465,460,445,100000,66.63,66.63,259,867
n012w8-0,n012w8,0,5,1000000,100.0,adaptive,2026-07-04T10:59:26+01:00,3,13,11,0,766343,0.002523,465,460,445,100000,76.63,76.63,259,607
n012w8-0,n012w8,0,5,1000000,100.0,adaptive,2026-07-04T10:59:26+01:00,3,13,11,0,866343,0.000634,465,460,445,100000,86.63,86.63,259,347
n012w8-0,n012w8,0,5,1000000,100.0,adaptive,2026-07-04T10:59:26+01:00,3,13,11,0,966343,0.000159,465,460,445,100000,96.63,96.63,259,87
n012w8-0,n012w8,0,5,1000000,100.0,adaptive,2026-07-04T10:59:26+01:00,3,3,-1,0,118917,0.000000,2590,1490,495,100000,11.89,11.89,259,2289
n012w8-0,n012w8,0,5,1000000,100.0,adaptive,2026-07-04T10:59:26+01:00,3,3,-1,0,312999,0.000000,2115,1300,445,100000,31.30,31.30,259,1785
n012w8-0,n012w8,0,5,1000000,100.0,adaptive,2026-07-04T10:59:26+01:00,3,3,-1,0,452719,0.000000,2115,1285,445,100000,45.27,45.27,259,1422
n012w8-0,n012w8,0,5,1000000,100.0,adaptive,2026-07-04T10:59:26+01:00,3,3,-1,0,552719,0.000000,2685,1285,445,100000,55.27,55.27,259,1162
n012w8-0,n012w8,0,5,1000000,100.0,adaptive,2026-07-04T10:59:26+01:00,3,3,-1,0,652719,0.000000,2780,1285,445,100000,65.27,65.27,259,902
n012w8-0,n012w8,0,5,1000000,100.0,adaptive,2026-07-04T10:59:26+01:00,3,3,-1,0,752719,0.000000,3050,1285,445,100000,75.27,75.27,259,642
n012w8-0,n012w8,0,5,1000000,100.0,adaptive,2026-07-04T10:59:26+01:00,3,3,-1,0,852719,0.000000,2785,1285,445,100000,85.27,85.27,259,382
n012w8-0,n012w8,0,5,1000000,100.0,adaptive,2026-07-04T10:59:26+01:00,3,3,-1,0,952719,0.000000,2520,1285,445,100000,95.27,95.27,259,122
n012w8-0,n012w8,0,5,1000000,100.0,adaptive,2026-07-04T10:59:26+01:00,3,6,4,0,100003,0.000000,2180,870,490,100000,10.00,10.00,259,2339
n012w8-0,n012w8,0,5,1000000,100.0,adaptive,2026-07-04T10:59:26+01:00,3,6,4,0,200003,0.000000,2495,870,445,100000,20.00,20.00,259,2079
n012w8-0,n012w8,0,5,1000000,100.0,adaptive,2026-07-04T10:59:26+01:00,3,6,4,0,300003,0.000000,2440,870,445,100000,30.00,30.00,259,1819
n012w8-0,n012w8,0,5,1000000,100.0,adaptive,2026-07-04T10:59:26+01:00,3,6,4,0,400003,0.000000,2395,870,445,100000,40.00,40.00,259,1559
n012w8-0,n012w8,0,5,1000000,100.0,adaptive,2026-07-04T10:59:26+01:00,3,6,4,0,500003,0.000000,2890,870,445,100000,50.00,50.00,259,1299
n012w8-0,n012w8,0,5,1000000,100.0,adaptive,2026-07-04T10:59:26+01:00,3,6,4,0,600003,0.000000,2675,870,445,100000,60.00,60.00,259,1039
n012w8-0,n012w8,0,5,1000000,100.0,adaptive,2026-07-04T10:59:26+01:00,3,6,4,0,700003,0.000000,2795,870,445,100000,70.00,70.00,259,779
n012w8-0,n012w8,0,5,1000000,100.0,adaptive,2026-07-04T10:59:26+01:00,3,6,4,0,800003,0.000000,2695,870,445,100000,80.00,80.00,259,519
n012w8-0,n012w8,0,5,1000000,100.0,adaptive,2026-07-04T10:59:26+01:00,3,6,4,0,900003,0.000000,2675,870,445,100000,90.00,90.00,259,259
n012w8-0,n012w8,0,5,1000000,100.0,adaptive,2026-07-04T10:59:26+01:00,3,9,7,0,100001,0.000000,1990,630,490,100000,10.00,10.00,259,2339
n012w8-0,n012w8,0,5,1000000,100.0,adaptive,2026-07-04T10:59:26+01:00,3,9,7,0,200001,0.000000,2205,630,445,100000,20.00,20.00,259,2079
n012w8-0,n012w8,0,5,1000000,100.0,adaptive,2026-07-04T10:59:26+01:00,3,9,7,0,300001,0.000000,2530,630,445,100000,30.00,30.00,259,1819
n012w8-0,n012w8,0,5,1000000,100.0,adaptive,2026-07-04T10:59:26+01:00,3,9,7,0,400001,0.000000,2285,630,445,100000,40.00,40.00,259,1559
n012w8-0,n012w8,0,5,1000000,100.0,adaptive,2026-07-04T10:59:26+01:00,3,9,7,0,500001,0.000000,2170,630,445,100000,50.00,50.00,259,1299
n012w8-0,n012w8,0,5,1000000,100.0,adaptive,2026-07-04T10:59:26+01:00,3,9,7,0,600001,0.000000,2050,630,445,100000,60.00,60.00,259,1039
n012w8-0,n012w8,0,5,1000000,100.0,adaptive,2026-07-04T10:59:26+01:00,3,9,7,0,700001,0.000000,2765,630,445,100000,70.00,70.00,259,779
n012w8-0,n012w8,0,5,1000000,100.0,adaptive,2026-07-04T10:59:26+01:00,3,9,7,0,800001,0.000000,2975,630,445,100000,80.00,80.00,259,519
n012w8-0,n012w8,0,5,1000000,100.0,adaptive,2026-07-04T10:59:26+01:00,3,9,7,0,900001,0.000000,3040,630,445,100000,90.00,90.00,259,259
n012w8-0,n012w8,0,5,1000000,100.0,adaptive,2026-07-04T10:59:26+01:00,3,7,5,0,259549,50.118723,1150,455,445,100000,25.95,25.95,259,1924
n012w8-0,n012w8,0,5,1000000,100.0,adaptive,2026-07-04T10:59:26+01:00,3,7,5,0,359549,50.118723,1405,455,445,100000,35.95,35.95,259,1664
n012w8-0,n012w8,0,5,1000000,100.0,adaptive,2026-07-04T10:59:26+01:00,3,7,5,0,459549,50.118723,1610,455,445,100000,45.95,45.95,259,1404
n012w8-0,n012w8,0,5,1000000,100.0,adaptive,2026-07-04T10:59:26+01:00,3,7,5,0,559549,50.118723,1395,455,445,100000,55.95,55.95,259,1144
n012w8-0,n012w8,0,5,1000000,100.0,adaptive,2026-07-04T10:59:26+01:00,3,7,5,0,659549,50.118723,1375,455,445,100000,65.95,65.95,259,884
n012w8-0,n012w8,0,5,1000000,100.0,adaptive,2026-07-04T10:59:26+01:00,3,7,5,0,759549,50.118723,1655,455,445,100000,75.95,75.95,259,624
n012w8-0,n012w8,0,5,1000000,100.0,adaptive,2026-07-04T10:59:26+01:00,3,7,5,0,859549,50.118723,1495,455,445,100000,85.95,85.95,259,365
n012w8-0,n012w8,0,5,1000000,100.0,adaptive,2026-07-04T10:59:26+01:00,3,7,5,0,959549,50.118723,1335,455,445,100000,95.95,95.95,259,105
n012w8-0,n012w8,0,5,1000000,100.0,adaptive,2026-07-04T10:59:26+01:00,3,12,10,0,100001,0.000000,2295,540,445,100000,10.00,10.00,259,2339
n012w8-0,n012w8,0,5,1000000,100.0,adaptive,2026-07-04T10:59:26+01:00,3,12,10,0,200001,0.000000,2855,540,445,100000,20.00,20.00,259,2079
n012w8-0,n012w8,0,5,1000000,100.0,adaptive,2026-07-04T10:59:26+01:00,3,12,10,0,300001,0.000000,2415,540,445,100000,30.00,30.00,259,1819
n012w8-0,n012w8,0,5,1000000,100.0,adaptive,2026-07-04T10:59:26+01:00,3,12,10,0,400001,0.000000,2315,540,445,100000,40.00,40.00,259,1559
n012w8-0,n012w8,0,5,1000000,100.0,adaptive,2026-07-04T10:59:26+01:00,3,12,10,0,500001,0.000000,2320,540,445,100000,50.00,50.00,259,1299
n012w8-0,n012w8,0,5,1000000,100.0,adaptive,2026-07-04T10:59:26+01:00,3,12,10,0,600001,0.000000,2850,540,445,100000,60.00,60.00,259,1039
n012w8-0,n012w8,0,5,1000000,100.0,adaptive,2026-07-04T10:59:26+01:00,3,12,10,0,700001,0.000000,2845,540,445,100000,70.00,70.00,259,779
n012w8-0,n012w8,0,5,1000000,100.0,adaptive,2026-07-04T10:59:26+01:00,3,12,10,0,800001,0.000000,2390,540,445,100000,80.00,80.00,259,519
n012w8-0,n012w8,0,5,1000000,100.0,adaptive,2026-07-04T10:59:26+01:00,3,12,10,0,900001,0.000000,3175,540,445,100000,90.00,90.00,259,259
n012w8-0,n012w8,0,5,1000000,100.0,adaptive,2026-07-04T10:59:26+01:00,3,15,13,0,100001,0.000000,2330,480,445,100000,10.00,10.00,259,2339
n012w8-0,n012w8,0,5,1000000,100.0,adaptive,2026-07-04T10:59:26+01:00,3,15,13,0,200001,0.000000,3175,480,445,100000,20.00,20.00,259,2079
n012w8-0,n012w8,0,5,1000000,100.0,adaptive,2026-07-04T10:59:26+01:00,3,15,13,0,300001,0.000000,1985,480,445,100000,30.00,30.00,259,1819
n012w8-0,n012w8,0,5,1000000,100.0,adaptive,2026-07-04T10:59:26+01:00,3,15,13,0,400001,0.000000,2535,480,445,100000,40.00,40.00,259,1559
n012w8-0,n012w8,0,5,1000000,100.0,adaptive,2026-07-04T10:59:26+01:00,3,15,13,0,500001,0.000000,2930,480,445,100000,50.00,50.00,259,1299
n012w8-0,n012w8,0,5,1000000,100.0,adaptive,2026-07-04T10:59:26+01:00,3,15,13,0,600001,0.000000,2230,480,445,100000,60.00,60.00,259,1039
n012w8-0,n012w8,0,5,1000000,100.0,adaptive,2026-07-04T10:59:26+01:00,3,15,13,0,700001,0.000000,2800,480,445,100000,70.00,70.00,259,779
n012w8-0,n012w8,0,5,1000000,100.0,adaptive,2026-07-04T10:59:26+01:00,3,15,13,0,800001,0.000000,2385,480,445,100000,80.00,80.00,259,519
n012w8-0,n012w8,0,5,1000000,100.0,adaptive,2026-07-04T10:59:26+01:00,3,15,13,0,900001,0.000000,2520,480,445,100000,90.00,90.00,259,259
n012w8-0,n012w8,0,5,1000000,100.0,adaptive,2026-07-04T10:59:26+01:00,4,1,-1,0,316841,1.255897,165,165,150,100000,31.68,31.68,259,1775
n012w8-0,n012w8,0,5,1000000,100.0,adaptive,2026-07-04T10:59:26+01:00,4,1,-1,0,416841,0.315467,165,165,150,100000,41.68,41.68,259,1515
n012w8-0,n012w8,0,5,1000000,100.0,adaptive,2026-07-04T10:59:26+01:00,4,1,-1,0,516841,0.079242,165,165,150,100000,51.68,51.68,259,1255
n012w8-0,n012w8,0,5,1000000,100.0,adaptive,2026-07-04T10:59:26+01:00,4,1,-1,0,616841,0.019905,165,165,150,100000,61.68,61.68,259,995
n012w8-0,n012w8,0,5,1000000,100.0,adaptive,2026-07-04T10:59:26+01:00,4,1,-1,0,716841,0.005000,165,165,150,100000,71.68,71.68,259,735
n012w8-0,n012w8,0,5,1000000,100.0,adaptive,2026-07-04T10:59:26+01:00,4,1,-1,0,816841,0.001256,165,165,150,100000,81.68,81.68,259,476
n012w8-0,n012w8,0,5,1000000,100.0,adaptive,2026-07-04T10:59:26+01:00,4,1,-1,0,916841,0.000315,165,165,150,100000,91.68,91.68,259,216
n012w8-0,n012w8,0,5,1000000,100.0,adaptive,2026-07-04T10:59:26+01:00,4,4,2,0,285640,1.932680,190,180,150,100000,28.56,28.56,259,1856
n012w8-0,n012w8,0,5,1000000,100.0,adaptive,2026-07-04T10:59:26+01:00,4,4,2,0,385640,0.485467,190,180,150,100000,38.56,38.56,259,1596
n012w8-0,n012w8,0,5,1000000,100.0,adaptive,2026-07-04T10:59:26+01:00,4,4,2,0,485640,0.121944,190,180,150,100000,48.56,48.56,259,1336
n012w8-0,n012w8,0,5,1000000,100.0,adaptive,2026-07-04T10:59:26+01:00,4,4,2,0,585640,0.030631,190,180,150,100000,58.56,58.56,259,1076
n012w8-0,n012w8,0,5,1000000,100.0,adaptive,2026-07-04T10:59:26+01:00,4,4,2,0,685640,0.007694,190,180,150,100000,68.56,68.56,259,817
n012w8-0,n012w8,0,5,1000000,100.0,adaptive,2026-07-04T10:59:26+01:00,4,4,2,0,785640,0.001933,190,180,150,100000,78.56,78.56,259,557
n012w8-0,n012w8,0,5,1000000,100.0,adaptive,2026-07-04T10:59:26+01:00,4,4,2,0,885640,0.000485,190,180,150,100000,88.56,88.56,259,297
n012w8-0,n012w8,0,5,1000000,100.0,adaptive,2026-07-04T10:59:26+01:00,4,4,2,0,985640,0.000122,190,180,150,100000,98.56,98.56,259,37
n012w8-0,n012w8,0,5,1000000,100.0,adaptive,2026-07-04T10:59:26+01:00,4,10,8,0,278780,2.124810,180,180,150,100000,27.88,27.88,259,1874
n012w8-0,n012w8,0,5,1000000,100.0,adaptive,2026-07-04T10:59:26+01:00,4,10,8,0,378780,0.533728,180,180,150,100000,37.88,37.88,259,1614
n012w8-0,n012w8,0,5,1000000,100.0,adaptive,2026-07-04T10:59:26+01:00,4,10,8,0,478780,0.134066,180,180,150,100000,47.88,47.88,259,1354
n012w8-0,n012w8,0,5,1000000,100.0,adaptive,2026-07-04T10:59:26+01:00,4,10,8,0,578780,0.033676,180,180,150,100000,57.88,57.88,259,1094
n012w8-0,n012w8,0,5,1000000,100.0,adaptive,2026-07-04T10:59:26+01:00,4,10,8,0,678780,0.008459,180,180,150,100000,67.88,67.88,259,834
n012w8-0,n012w8,0,5,1000000,100.0,adaptive,2026-07-04T10:59:26+01:00,4,10,8,0,778780,0.002125,180,180,150,100000,77.88,77.88,259,574
n012w8-0,n012w8,0,5,1000000,100.0,adaptive,2026-07-04T10:59:26+01:00,4,10,8,0,878780,0.000534,180,180,150,100000,87.88,87.88,259,315
n012w8-0,n012w8,0,5,1000000,100.0,adaptive,2026-07-04T10:59:26+01:00,4,10,8,0,978780,0.000134,180,180,150,100000,97.88,97.88,259,55
n012w8-0,n012w8,0,5,1000000,100.0,adaptive,2026-07-04T10:59:26+01:00,4,13,11,0,200344,6.279658,240,160,150,100000,20.03,20.03,259,2078
n012w8-0,n012w8,0,5,1000000,100.0,adaptive,2026-07-04T10:59:26+01:00,4,13,11,0,300344,1.577379,205,160,150,100000,30.03,30.03,259,1818
n012w8-0,n012w8,0,5,1000000,100.0,adaptive,2026-07-04T10:59:26+01:00,4,13,11,0,400344,0.396220,205,160,150,100000,40.03,40.03,259,1558
n012w8-0,n012w8,0,5,1000000,100.0,adaptive,2026-07-04T10:59:26+01:00,4,13,11,0,500344,0.099526,205,160,150,100000,50.03,50.03,259,1298
n012w8-0,n012w8,0,5,1000000,100.0,adaptive,2026-07-04T10:59:26+01:00,4,13,11,0,600344,0.025000,205,160,150,100000,60.03,60.03,259,1038
n012w8-0,n012w8,0,5,1000000,100.0,adaptive,2026-07-04T10:59:26+01:00,4,13,11,0,700344,0.006280,205,160,150,100000,70.03,70.03,259,778
n012w8-0,n012w8,0,5,1000000,100.0,adaptive,2026-07-04T10:59:26+01:00,4,13,11,0,800344,0.001577,205,160,150,100000,80.03,80.03,259,518
n012w8-0,n012w8,0,5,1000000,100.0,adaptive,2026-07-04T10:59:26+01:00,4,13,11,0,900344,0.000396,205,160,150,100000,90.03,90.03,259,259
n012w8-0,n012w8,0,5,1000000,100.0,adaptive,2026-07-04T10:59:26+01:00,4,3,-1,0,177511,0.000000,3030,1170,160,100000,17.75,17.75,259,2137
n012w8-0,n012w8,0,5,1000000,100.0,adaptive,2026-07-04T10:59:26+01:00,4,3,-1,0,348502,0.000000,2660,1100,150,100000,34.85,34.85,259,1693
n012w8-0,n012w8,0,5,1000000,100.0,adaptive,2026-07-04T10:59:26+01:00,4,3,-1,0,448502,0.000000,2230,1100,150,100000,44.85,44.85,259,1433
n012w8-0,n012w8,0,5,1000000,100.0,adaptive,2026-07-04T10:59:26+01:00,4,3,-1,0,548502,0.000000,2245,1100,150,100000,54.85,54.85,259,1173
n012w8-0,n012w8,0,5,1000000,100.0,adaptive,2026-07-04T10:59:26+01:00,4,3,-1,0,670430,0.000000,2055,1065,150,100000,67.04,67.04,259,856
n012w8-0,n012w8,0,5,1000000,100.0,adaptive,2026-07-04T10:59:26+01:00,4,3,-1,0,770430,0.000000,2230,1065,150,100000,77.04,77.04,259,596
n012w8-0,n012w8,0,5,1000000,100.0,adaptive,2026-07-04T10:59:26+01:00,4,3,-1,0,870430,0.000000,2115,1065,150,100000,87.04,87.04,259,336
n012w8-0,n012w8,0,5,1000000,100.0,adaptive,2026-07-04T10:59:26+01:00,4,3,-1,0,970430,0.000000,2730,1065,150,100000,97.04,97.04,259,76
n012w8-0,n012w8,0,5,1000000,100.0,adaptive,2026-07-04T10:59:26+01:00,4,7,5,0,283891,50.118723,1515,150,150,100000,28.39,28.39,259,1861
n012w8-0,n012w8,0,5,1000000,100.0,adaptive,2026-07-04T10:59:26+01:00,4,7,5,0,383891,50.118723,1350,150,150,100000,38.39,38.39,259,1601
n012w8-0,n012w8,0,5,1000000,100.0,adaptive,2026-07-04T10:59:26+01:00,4,7,5,0,483891,50.118723,990,150,150,100000,48.39,48.39,259,1341
n012w8-0,n012w8,0,5,1000000,100.0,adaptive,2026-07-04T10:59:26+01:00,4,7,5,0,583891,50.118723,1335,150,150,100000,58.39,58.39,259,1081
n012w8-0,n012w8,0,5,1000000,100.0,adaptive,2026-07-04T10:59:26+01:00,4,7,5,0,683891,50.118723,1305,150,150,100000,68.39,68.39,259,821
n012w8-0,n012w8,0,5,1000000,100.0,adaptive,2026-07-04T10:59:26+01:00,4,7,5,0,783891,50.118723,1000,150,150,100000,78.39,78.39,259,561
n012w8-0,n012w8,0,5,1000000,100.0,adaptive,2026-07-04T10:59:26+01:00,4,7,5,0,883891,50.118723,1390,150,150,100000,88.39,88.39,259,301
n012w8-0,n012w8,0,5,1000000,100.0,adaptive,2026-07-04T10:59:26+01:00,4,7,5,0,983891,50.118723,1050,150,150,100000,98.39,98.39,259,41
n012w8-0,n012w8,0,5,1000000,100.0,adaptive,2026-07-04T10:59:26+01:00,4,9,7,0,100001,0.000000,2445,355,160,100000,10.00,10.00,259,2339
n012w8-0,n012w8,0,5,1000000,100.0,adaptive,2026-07-04T10:59:26+01:00,4,9,7,0,200001,0.000000,2595,355,150,100000,20.00,20.00,259,2079
n012w8-0,n012w8,0,5,1000000,100.0,adaptive,2026-07-04T10:59:26+01:00,4,9,7,0,300001,0.000000,2600,355,150,100000,30.00,30.00,259,1819
n012w8-0,n012w8,0,5,1000000,100.0,adaptive,2026-07-04T10:59:26+01:00,4,9,7,0,400001,0.000000,2445,355,150,100000,40.00,40.00,259,1559
n012w8-0,n012w8,0,5,1000000,100.0,adaptive,2026-07-04T10:59:26+01:00,4,9,7,0,500001,0.000000,2535,355,150,100000,50.00,50.00,259,1299
n012w8-0,n012w8,0,5,1000000,100.0,adaptive,2026-07-04T10:59:26+01:00,4,9,7,0,600001,0.000000,2160,355,150,100000,60.00,60.00,259,1039
n012w8-0,n012w8,0,5,1000000,100.0,adaptive,2026-07-04T10:59:26+01:00,4,9,7,0,700001,0.000000,2445,355,150,100000,70.00,70.00,259,779
n012w8-0,n012w8,0,5,1000000,100.0,adaptive,2026-07-04T10:59:26+01:00,4,9,7,0,800001,0.000000,2325,355,150,100000,80.00,80.00,259,519
n012w8-0,n012w8,0,5,1000000,100.0,adaptive,2026-07-04T10:59:26+01:00,4,9,7,0,900001,0.000000,2395,355,150,100000,90.00,90.00,259,259
n012w8-0,n012w8,0,5,1000000,100.0,adaptive,2026-07-04T10:59:26+01:00,4,6,4,0,100001,0.000000,2110,645,160,100000,10.00,10.00,259,2339
n012w8-0,n012w8,0,5,1000000,100.0,adaptive,2026-07-04T10:59:26+01:00,4,6,4,0,200001,0.000000,1965,645,160,100000,20.00,20.00,259,2079
n012w8-0,n012w8,0,5,1000000,100.0,adaptive,2026-07-04T10:59:26+01:00,4,6,4,0,300001,0.000000,2290,645,150,100000,30.00,30.00,259,1819
n012w8-0,n012w8,0,5,1000000,100.0,adaptive,2026-07-04T10:59:26+01:00,4,6,4,0,400001,0.000000,2505,645,150,100000,40.00,40.00,259,1559
n012w8-0,n012w8,0,5,1000000,100.0,adaptive,2026-07-04T10:59:26+01:00,4,6,4,0,500001,0.000000,1845,645,150,100000,50.00,50.00,259,1299
n012w8-0,n012w8,0,5,1000000,100.0,adaptive,2026-07-04T10:59:26+01:00,4,6,4,0,600001,0.000000,2325,645,150,100000,60.00,60.00,259,1039
n012w8-0,n012w8,0,5,1000000,100.0,adaptive,2026-07-04T10:59:26+01:00,4,6,4,0,700001,0.000000,2485,645,150,100000,70.00,70.00,259,779
n012w8-0,n012w8,0,5,1000000,100.0,adaptive,2026-07-04T10:59:26+01:00,4,6,4,0,800001,0.000000,2605,645,150,100000,80.00,80.00,259,519
n012w8-0,n012w8,0,5,1000000,100.0,adaptive,2026-07-04T10:59:26+01:00,4,6,4,0,900001,0.000000,2205,645,150,100000,90.00,90.00,259,259
n012w8-0,n012w8,0,5,1000000,100.0,adaptive,2026-07-04T10:59:26+01:00,4,16,14,0,200344,6.279658,210,150,150,100000,20.03,20.03,259,2078
n012w8-0,n012w8,0,5,1000000,100.0,adaptive,2026-07-04T10:59:26+01:00,4,16,14,0,300344,1.577379,180,150,150,100000,30.03,30.03,259,1818
n012w8-0,n012w8,0,5,1000000,100.0,adaptive,2026-07-04T10:59:26+01:00,4,16,14,0,400344,0.396220,180,150,150,100000,40.03,40.03,259,1558
n012w8-0,n012w8,0,5,1000000,100.0,adaptive,2026-07-04T10:59:26+01:00,4,16,14,0,500344,0.099526,180,150,150,100000,50.03,50.03,259,1298
n012w8-0,n012w8,0,5,1000000,100.0,adaptive,2026-07-04T10:59:26+01:00,4,16,14,0,600344,0.025000,180,150,150,100000,60.03,60.03,259,1038
n012w8-0,n012w8,0,5,1000000,100.0,adaptive,2026-07-04T10:59:26+01:00,4,16,14,0,700344,0.006280,180,150,150,100000,70.03,70.03,259,778
n012w8-0,n012w8,0,5,1000000,100.0,adaptive,2026-07-04T10:59:26+01:00,4,16,14,0,800344,0.001577,180,150,150,100000,80.03,80.03,259,518
n012w8-0,n012w8,0,5,1000000,100.0,adaptive,2026-07-04T10:59:26+01:00,4,16,14,0,900344,0.000396,180,150,150,100000,90.03,90.03,259,259
n012w8-0,n012w8,0,5,1000000,100.0,adaptive,2026-07-04T10:59:26+01:00,4,12,10,0,100001,0.000000,2370,195,160,100000,10.00,10.00,259,2339
n012w8-0,n012w8,0,5,1000000,100.0,adaptive,2026-07-04T10:59:26+01:00,4,12,10,0,200001,0.000000,2155,195,150,100000,20.00,20.00,259,2079
n012w8-0,n012w8,0,5,1000000,100.0,adaptive,2026-07-04T10:59:26+01:00,4,12,10,0,300001,0.000000,2410,195,150,100000,30.00,30.00,259,1819
n012w8-0,n012w8,0,5,1000000,100.0,adaptive,2026-07-04T10:59:26+01:00,4,12,10,0,400001,0.000000,1945,195,150,100000,40.00,40.00,259,1559
n012w8-0,n012w8,0,5,1000000,100.0,adaptive,2026-07-04T10:59:26+01:00,4,12,10,0,500001,0.000000,2025,195,150,100000,50.00,50.00,259,1299
n012w8-0,n012w8,0,5,1000000,100.0,adaptive,2026-07-04T10:59:26+01:00,4,12,10,0,600001,0.000000,2055,195,150,100000,60.00,60.00,259,1039
n012w8-0,n012w8,0,5,1000000,100.0,adaptive,2026-07-04T10:59:26+01:00,4,12,10,0,700001,0.000000,1840,195,150,100000,70.00,70.00,259,779
n012w8-0,n012w8,0,5,1000000,100.0,adaptive,2026-07-04T10:59:26+01:00,4,12,10,0,800001,0.000000,2325,195,150,100000,80.00,80.00,259,519
n012w8-0,n012w8,0,5,1000000,100.0,adaptive,2026-07-04T10:59:26+01:00,4,12,10,0,900001,0.000000,1935,195,150,100000,90.00,90.00,259,259
n012w8-0,n012w8,0,5,1000000,100.0,adaptive,2026-07-04T10:59:26+01:00,4,15,13,0,100001,0.000000,2835,190,160,100000,10.00,10.00,259,2339
n012w8-0,n012w8,0,5,1000000,100.0,adaptive,2026-07-04T10:59:26+01:00,4,15,13,0,200001,0.000000,2305,190,150,100000,20.00,20.00,259,2079
n012w8-0,n012w8,0,5,1000000,100.0,adaptive,2026-07-04T10:59:26+01:00,4,15,13,0,300001,0.000000,2145,190,150,100000,30.00,30.00,259,1819
n012w8-0,n012w8,0,5,1000000,100.0,adaptive,2026-07-04T10:59:26+01:00,4,15,13,0,400001,0.000000,2730,190,150,100000,40.00,40.00,259,1559
n012w8-0,n012w8,0,5,1000000,100.0,adaptive,2026-07-04T10:59:26+01:00,4,15,13,0,500001,0.000000,2050,190,150,100000,50.00,50.00,259,1299
n012w8-0,n012w8,0,5,1000000,100.0,adaptive,2026-07-04T10:59:26+01:00,4,15,13,0,600001,0.000000,2145,190,150,100000,60.00,60.00,259,1039
n012w8-0,n012w8,0,5,1000000,100.0,adaptive,2026-07-04T10:59:26+01:00,4,15,13,0,700001,0.000000,2070,190,150,100000,70.00,70.00,259,779
n012w8-0,n012w8,0,5,1000000,100.0,adaptive,2026-07-04T10:59:26+01:00,4,15,13,0,800001,0.000000,2265,190,150,100000,80.00,80.00,259,519
n012w8-0,n012w8,0,5,1000000,100.0,adaptive,2026-07-04T10:59:26+01:00,4,15,13,0,900001,0.000000,2155,190,150,100000,90.00,90.00,259,259
n012w8-0,n012w8,0,5,1000000,100.0,adaptive,2026-07-04T10:59:26+01:00,4,18,16,0,100001,0.000000,2185,150,150,100000,10.00,10.00,259,2339
n012w8-0,n012w8,0,5,1000000,100.0,adaptive,2026-07-04T10:59:26+01:00,4,18,16,0,200001,0.000000,2020,150,150,100000,20.00,20.00,259,2079
n012w8-0,n012w8,0,5,1000000,100.0,adaptive,2026-07-04T10:59:26+01:00,4,18,16,0,300001,0.000000,1885,150,150,100000,30.00,30.00,259,1819
n012w8-0,n012w8,0,5,1000000,100.0,adaptive,2026-07-04T10:59:26+01:00,4,18,16,0,400001,0.000000,2335,150,150,100000,40.00,40.00,259,1559
n012w8-0,n012w8,0,5,1000000,100.0,adaptive,2026-07-04T10:59:26+01:00,4,18,16,0,500001,0.000000,3040,150,150,100000,50.00,50.00,259,1299
n012w8-0,n012w8,0,5,1000000,100.0,adaptive,2026-07-04T10:59:26+01:00,4,18,16,0,600001,0.000000,1665,150,150,100000,60.00,60.00,259,1039
n012w8-0,n012w8,0,5,1000000,100.0,adaptive,2026-07-04T10:59:26+01:00,4,18,16,0,700001,0.000000,2415,150,150,100000,70.00,70.00,259,779
n012w8-0,n012w8,0,5,1000000,100.0,adaptive,2026-07-04T10:59:26+01:00,4,18,16,0,800001,0.000000,2020,150,150,100000,80.00,80.00,259,519
n012w8-0,n012w8,0,5,1000000,100.0,adaptive,2026-07-04T10:59:26+01:00,4,18,16,0,900001,0.000000,2220,150,150,100000,90.00,90.00,259,259
n012w8-0,n012w8,0,5,1000000,100.0,adaptive,2026-07-04T10:59:26+01:00,5,7,5,0,274976,2.239464,340,340,290,100000,27.50,27.50,259,1884
n012w8-0,n012w8,0,5,1000000,100.0,adaptive,2026-07-04T10:59:26+01:00,5,7,5,0,374976,0.562528,340,340,290,100000,37.50,37.50,259,1624
n012w8-0,n012w8,0,5,1000000,100.0,adaptive,2026-07-04T10:59:26+01:00,5,7,5,0,474976,0.141301,340,340,290,100000,47.50,47.50,259,1364
n012w8-0,n012w8,0,5,1000000,100.0,adaptive,2026-07-04T10:59:26+01:00,5,7,5,0,574976,0.035493,340,340,290,100000,57.50,57.50,259,1104
n012w8-0,n012w8,0,5,1000000,100.0,adaptive,2026-07-04T10:59:26+01:00,5,7,5,0,674976,0.008915,340,340,290,100000,67.50,67.50,259,844
n012w8-0,n012w8,0,5,1000000,100.0,adaptive,2026-07-04T10:59:26+01:00,5,7,5,0,774976,0.002239,340,340,290,100000,77.50,77.50,259,584
n012w8-0,n012w8,0,5,1000000,100.0,adaptive,2026-07-04T10:59:26+01:00,5,7,5,0,874976,0.000563,340,340,290,100000,87.50,87.50,259,324
n012w8-0,n012w8,0,5,1000000,100.0,adaptive,2026-07-04T10:59:26+01:00,5,7,5,0,974976,0.000141,340,340,290,100000,97.50,97.50,259,65
n012w8-0,n012w8,0,5,1000000,100.0,adaptive,2026-07-04T10:59:26+01:00,5,1,-1,0,280759,50.118723,1235,310,300,100000,28.08,28.08,259,1869
n012w8-0,n012w8,0,5,1000000,100.0,adaptive,2026-07-04T10:59:26+01:00,5,1,-1,0,380759,50.118723,1110,310,290,100000,38.08,38.08,259,1609
n012w8-0,n012w8,0,5,1000000,100.0,adaptive,2026-07-04T10:59:26+01:00,5,1,-1,0,480759,50.118723,1140,310,290,100000,48.08,48.08,259,1349
n012w8-0,n012w8,0,5,1000000,100.0,adaptive,2026-07-04T10:59:26+01:00,5,1,-1,0,580759,50.118723,1330,310,290,100000,58.08,58.08,259,1089
n012w8-0,n012w8,0,5,1000000,100.0,adaptive,2026-07-04T10:59:26+01:00,5,1,-1,0,680759,50.118723,1240,310,290,100000,68.08,68.08,259,829
n012w8-0,n012w8,0,5,1000000,100.0,adaptive,2026-07-04T10:59:26+01:00,5,1,-1,0,780759,50.118723,1080,310,290,100000,78.08,78.08,259,569
n012w8-0,n012w8,0,5,1000000,100.0,adaptive,2026-07-04T10:59:26+01:00,5,1,-1,0,880759,50.118723,1610,310,290,100000,88.08,88.08,259,309
n012w8-0,n012w8,0,5,1000000,100.0,adaptive,2026-07-04T10:59:26+01:00,5,1,-1,0,980759,50.118723,1370,310,290,100000,98.08,98.08,259,50
n012w8-0,n012w8,0,5,1000000,100.0,adaptive,2026-07-04T10:59:26+01:00,5,13,11,0,259777,2.762727,335,315,290,100000,25.98,25.98,259,1923
n012w8-0,n012w8,0,5,1000000,100.0,adaptive,2026-07-04T10:59:26+01:00,5,13,11,0,359777,0.693966,335,315,290,100000,35.98,35.98,259,1663
n012w8-0,n012w8,0,5,1000000,100.0,adaptive,2026-07-04T10:59:26+01:00,5,13,11,0,459777,0.174316,335,315,290,100000,45.98,45.98,259,1404
n012w8-0,n012w8,0,5,1000000,100.0,adaptive,2026-07-04T10:59:26+01:00,5,13,11,0,559777,0.043786,335,315,290,100000,55.98,55.98,259,1144
n012w8-0,n012w8,0,5,1000000,100.0,adaptive,2026-07-04T10:59:26+01:00,5,13,11,0,659777,0.010999,335,315,290,100000,65.98,65.98,259,884
n012w8-0,n012w8,0,5,1000000,100.0,adaptive,2026-07-04T10:59:26+01:00,5,13,11,0,759777,0.002763,335,315,290,100000,75.98,75.98,259,624
n012w8-0,n012w8,0,5,1000000,100.0,adaptive,2026-07-04T10:59:26+01:00,5,13,11,0,859777,0.000694,335,315,290,100000,85.98,85.98,259,364
n012w8-0,n012w8,0,5,1000000,100.0,adaptive,2026-07-04T10:59:26+01:00,5,13,11,0,959777,0.000174,335,315,290,100000,95.98,95.98,259,104
n012w8-0,n012w8,0,5,1000000,100.0,adaptive,2026-07-04T10:59:26+01:00,5,4,2,0,293176,50.118723,1305,305,290,100000,29.32,29.32,259,1837
n012w8-0,n012w8,0,5,1000000,100.0,adaptive,2026-07-04T10:59:26+01:00,5,4,2,0,393176,50.118723,1050,305,290,100000,39.32,39.32,259,1577
n012w8-0,n012w8,0,5,1000000,100.0,adaptive,2026-07-04T10:59:26+01:00,5,4,2,0,493176,50.118723,1135,305,290,100000,49.32,49.32,259,1317
n012w8-0,n012w8,0,5,1000000,100.0,adaptive,2026-07-04T10:59:26+01:00,5,4,2,0,593176,50.118723,1415,305,290,100000,59.32,59.32,259,1057
n012w8-0,n012w8,0,5,1000000,100.0,adaptive,2026-07-04T10:59:26+01:00,5,4,2,0,693176,50.118723,1200,305,290,100000,69.32,69.32,259,797
n012w8-0,n012w8,0,5,1000000,100.0,adaptive,2026-07-04T10:59:26+01:00,5,4,2,0,793176,50.118723,1350,305,290,100000,79.32,79.32,259,537
n012w8-0,n012w8,0,5,1000000,100.0,adaptive,2026-07-04T10:59:26+01:00,5,4,2,0,893176,50.118723,1090,305,290,100000,89.32,89.32,259,277
n012w8-0,n012w8,0,5,1000000,100.0,adaptive,2026-07-04T10:59:26+01:00,5,4,2,0,993176,50.118723,1100,305,290,100000,99.32,99.32,259,17
n012w8-0,n012w8,0,5,1000000,100.0,adaptive,2026-07-04T10:59:26+01:00,5,3,-1,0,171813,0.000000,2320,1290,310,100000,17.18,17.18,259,2152
n012w8-0,n012w8,0,5,1000000,100.0,adaptive,2026-07-04T10:59:26+01:00,5,3,-1,0,349512,0.000000,2595,1280,290,100000,34.95,34.95,259,1690
n012w8-0,n012w8,0,5,1000000,100.0,adaptive,2026-07-04T10:59:26+01:00,5,3,-1,0,449512,0.000000,2230,1280,290,100000,44.95,44.95,259,1430
n012w8-0,n012w8,0,5,1000000,100.0,adaptive,2026-07-04T10:59:26+01:00,5,3,-1,0,625205,0.000000,3055,1240,290,100000,62.52,62.52,259,974
n012w8-0,n012w8,0,5,1000000,100.0,adaptive,2026-07-04T10:59:26+01:00,5,3,-1,0,725205,0.000000,1825,1240,290,100000,72.52,72.52,259,714
n012w8-0,n012w8,0,5,1000000,100.0,adaptive,2026-07-04T10:59:26+01:00,5,3,-1,0,825205,0.000000,2345,1240,290,100000,82.52,82.52,259,454
n012w8-0,n012w8,0,5,1000000,100.0,adaptive,2026-07-04T10:59:26+01:00,5,19,17,0,200344,6.279658,365,310,290,100000,20.03,20.03,259,2078
n012w8-0,n012w8,0,5,1000000,100.0,adaptive,2026-07-04T10:59:26+01:00,5,19,17,0,300344,1.577379,325,310,290,100000,30.03,30.03,259,1818
n012w8-0,n012w8,0,5,1000000,100.0,adaptive,2026-07-04T10:59:26+01:00,5,19,17,0,400344,0.396220,325,310,290,100000,40.03,40.03,259,1558
n012w8-0,n012w8,0,5,1000000,100.0,adaptive,2026-07-04T10:59:26+01:00,5,19,17,0,500344,0.099526,325,310,290,100000,50.03,50.03,259,1298
n012w8-0,n012w8,0,5,1000000,100.0,adaptive,2026-07-04T10:59:26+01:00,5,19,17,0,600344,0.025000,325,310,290,100000,60.03,60.03,259,1038
n012w8-0,n012w8,0,5,1000000,100.0,adaptive,2026-07-04T10:59:26+01:00,5,19,17,0,700344,0.006280,325,310,290,100000,70.03,70.03,259,778
n012w8-0,n012w8,0,5,1000000,100.0,adaptive,2026-07-04T10:59:26+01:00,5,19,17,0,800344,0.001577,325,310,290,100000,80.03,80.03,259,518
n012w8-0,n012w8,0,5,1000000,100.0,adaptive,2026-07-04T10:59:26+01:00,5,19,17,0,900344,0.000396,325,310,290,100000,90.03,90.03,259,259
n012w8-0,n012w8,0,5,1000000,100.0,adaptive,2026-07-04T10:59:26+01:00,5,10,8,0,276629,50.118723,1300,300,290,100000,27.66,27.66,259,1880
n012w8-0,n012w8,0,5,1000000,100.0,adaptive,2026-07-04T10:59:26+01:00,5,10,8,0,376629,50.118723,1320,300,290,100000,37.66,37.66,259,1620
n012w8-0,n012w8,0,5,1000000,100.0,adaptive,2026-07-04T10:59:26+01:00,5,10,8,0,476629,50.118723,1305,300,290,100000,47.66,47.66,259,1360
n012w8-0,n012w8,0,5,1000000,100.0,adaptive,2026-07-04T10:59:26+01:00,5,10,8,0,576629,50.118723,1245,300,290,100000,57.66,57.66,259,1100
n012w8-0,n012w8,0,5,1000000,100.0,adaptive,2026-07-04T10:59:26+01:00,5,10,8,0,676629,50.118723,1385,300,290,100000,67.66,67.66,259,840
n012w8-0,n012w8,0,5,1000000,100.0,adaptive,2026-07-04T10:59:26+01:00,5,10,8,0,776629,50.118723,1125,300,290,100000,77.66,77.66,259,580
n012w8-0,n012w8,0,5,1000000,100.0,adaptive,2026-07-04T10:59:26+01:00,5,10,8,0,876629,50.118723,1300,300,290,100000,87.66,87.66,259,320
n012w8-0,n012w8,0,5,1000000,100.0,adaptive,2026-07-04T10:59:26+01:00,5,10,8,0,976629,50.118723,1455,300,290,100000,97.66,97.66,259,60
n012w8-0,n012w8,0,5,1000000,100.0,adaptive,2026-07-04T10:59:26+01:00,5,6,4,0,100001,0.000000,1960,825,320,100000,10.00,10.00,259,2339
n012w8-0,n012w8,0,5,1000000,100.0,adaptive,2026-07-04T10:59:26+01:00,5,6,4,0,200001,0.000000,2660,825,305,100000,20.00,20.00,259,2079
n012w8-0,n012w8,0,5,1000000,100.0,adaptive,2026-07-04T10:59:26+01:00,5,6,4,0,300001,0.000000,2305,825,290,100000,30.00,30.00,259,1819
n012w8-0,n012w8,0,5,1000000,100.0,adaptive,2026-07-04T10:59:26+01:00,5,6,4,0,400001,0.000000,2595,825,290,100000,40.00,40.00,259,1559
n012w8-0,n012w8,0,5,1000000,100.0,adaptive,2026-07-04T10:59:26+01:00,5,6,4,0,500001,0.000000,2380,825,290,100000,50.00,50.00,259,1299
n012w8-0,n012w8,0,5,1000000,100.0,adaptive,2026-07-04T10:59:26+01:00,5,6,4,0,600001,0.000000,3190,825,290,100000,60.00,60.00,259,1039
n012w8-0,n012w8,0,5,1000000,100.0,adaptive,2026-07-04T10:59:26+01:00,5,6,4,0,700001,0.000000,2255,825,290,100000,70.00,70.00,259,779
n012w8-0,n012w8,0,5,1000000,100.0,adaptive,2026-07-04T10:59:26+01:00,5,6,4,0,800001,0.000000,2360,825,290,100000,80.00,80.00,259,519
n012w8-0,n012w8,0,5,1000000,100.0,adaptive,2026-07-04T10:59:26+01:00,5,6,4,0,900001,0.000000,1765,825,290,100000,90.00,90.00,259,259
n012w8-0,n012w8,0,5,1000000,100.0,adaptive,2026-07-04T10:59:26+01:00,5,16,14,0,267905,50.118723,1205,290,290,100000,26.79,26.79,259,1902
n012w8-0,n012w8,0,5,1000000,100.0,adaptive,2026-07-04T10:59:26+01:00,5,16,14,0,367905,50.118723,1265,290,290,100000,36.79,36.79,259,1642
n012w8-0,n012w8,0,5,1000000,100.0,adaptive,2026-07-04T10:59:26+01:00,5,16,14,0,467905,50.118723,1460,290,290,100000,46.79,46.79,259,1382
n012w8-0,n012w8,0,5,1000000,100.0,adaptive,2026-07-04T10:59:26+01:00,5,16,14,0,567905,50.118723,1285,290,290,100000,56.79,56.79,259,1123
n012w8-0,n012w8,0,5,1000000,100.0,adaptive,2026-07-04T10:59:26+01:00,5,16,14,0,667905,50.118723,1160,290,290,100000,66.79,66.79,259,863
n012w8-0,n012w8,0,5,1000000,100.0,adaptive,2026-07-04T10:59:26+01:00,5,16,14,0,767905,50.118723,1125,290,290,100000,76.79,76.79,259,603
n012w8-0,n012w8,0,5,1000000,100.0,adaptive,2026-07-04T10:59:26+01:00,5,16,14,0,867905,50.118723,1205,290,290,100000,86.79,86.79,259,343
n012w8-0,n012w8,0,5,1000000,100.0,adaptive,2026-07-04T10:59:26+01:00,5,16,14,0,967905,50.118723,1275,290,290,100000,96.79,96.79,259,83
n012w8-0,n012w8,0,5,1000000,100.0,adaptive,2026-07-04T10:59:26+01:00,5,22,20,0,200344,6.279658,320,305,290,100000,20.03,20.03,259,2078
n012w8-0,n012w8,0,5,1000000,100.0,adaptive,2026-07-04T10:59:26+01:00,5,22,20,0,300344,1.577379,320,305,290,100000,30.03,30.03,259,1818
n012w8-0,n012w8,0,5,1000000,100.0,adaptive,2026-07-04T10:59:26+01:00,5,22,20,0,400344,0.396220,320,305,290,100000,40.03,40.03,259,1558
n012w8-0,n012w8,0,5,1000000,100.0,adaptive,2026-07-04T10:59:26+01:00,5,22,20,0,500344,0.099526,320,305,290,100000,50.03,50.03,259,1298
n012w8-0,n012w8,0,5,1000000,100.0,adaptive,2026-07-04T10:59:26+01:00,5,22,20,0,600344,0.025000,320,305,290,100000,60.03,60.03,259,1038
n012w8-0,n012w8,0,5,1000000,100.0,adaptive,2026-07-04T10:59:26+01:00,5,22,20,0,700344,0.006280,320,305,290,100000,70.03,70.03,259,778
n012w8-0,n012w8,0,5,1000000,100.0,adaptive,2026-07-04T10:59:26+01:00,5,22,20,0,800344,0.001577,320,305,290,100000,80.03,80.03,259,518
n012w8-0,n012w8,0,5,1000000,100.0,adaptive,2026-07-04T10:59:26+01:00,5,22,20,0,900344,0.000396,320,305,290,100000,90.03,90.03,259,259
n012w8-0,n012w8,0,5,1000000,100.0,adaptive,2026-07-04T10:59:26+01:00,5,9,7,0,100001,0.000000,2555,490,320,100000,10.00,10.00,259,2339
n012w8-0,n012w8,0,5,1000000,100.0,adaptive,2026-07-04T10:59:26+01:00,5,9,7,0,200001,0.000000,2375,490,290,100000,20.00,20.00,259,2079
n012w8-0,n012w8,0,5,1000000,100.0,adaptive,2026-07-04T10:59:26+01:00,5,9,7,0,300001,0.000000,2995,490,290,100000,30.00,30.00,259,1819
n012w8-0,n012w8,0,5,1000000,100.0,adaptive,2026-07-04T10:59:26+01:00,5,9,7,0,400001,0.000000,2745,490,290,100000,40.00,40.00,259,1559
n012w8-0,n012w8,0,5,1000000,100.0,adaptive,2026-07-04T10:59:26+01:00,5,9,7,0,500001,0.000000,2885,490,290,100000,50.00,50.00,259,1299
n012w8-0,n012w8,0,5,1000000,100.0,adaptive,2026-07-04T10:59:26+01:00,5,9,7,0,600001,0.000000,2360,490,290,100000,60.00,60.00,259,1039
n012w8-0,n012w8,0,5,1000000,100.0,adaptive,2026-07-04T10:59:26+01:00,5,9,7,0,700001,0.000000,1905,490,290,100000,70.00,70.00,259,779
n012w8-0,n012w8,0,5,1000000,100.0,adaptive,2026-07-04T10:59:26+01:00,5,9,7,0,800001,0.000000,2000,490,290,100000,80.00,80.00,259,519
n012w8-0,n012w8,0,5,1000000,100.0,adaptive,2026-07-04T10:59:26+01:00,5,9,7,0,900001,0.000000,2095,490,290,100000,90.00,90.00,259,259
n012w8-0,n012w8,0,5,1000000,100.0,adaptive,2026-07-04T10:59:26+01:00,5,12,10,0,100001,0.000000,2465,350,310,100000,10.00,10.00,259,2339
n012w8-0,n012w8,0,5,1000000,100.0,adaptive,2026-07-04T10:59:26+01:00,5,12,10,0,200001,0.000000,2695,350,290,100000,20.00,20.00,259,2079
n012w8-0,n012w8,0,5,1000000,100.0,adaptive,2026-07-04T10:59:26+01:00,5,12,10,0,300001,0.000000,3040,350,290,100000,30.00,30.00,259,1819
n012w8-0,n012w8,0,5,1000000,100.0,adaptive,2026-07-04T10:59:26+01:00,5,12,10,0,400001,0.000000,2405,350,290,100000,40.00,40.00,259,1559
n012w8-0,n012w8,0,5,1000000,100.0,adaptive,2026-07-04T10:59:26+01:00,5,12,10,0,500001,0.000000,2480,350,290,100000,50.00,50.00,259,1299
n012w8-0,n012w8,0,5,1000000,100.0,adaptive,2026-07-04T10:59:26+01:00,5,12,10,0,600001,0.000000,2295,350,290,100000,60.00,60.00,259,1039
n012w8-0,n012w8,0,5,1000000,100.0,adaptive,2026-07-04T10:59:26+01:00,5,12,10,0,700001,0.000000,2055,350,290,100000,70.00,70.00,259,779
n012w8-0,n012w8,0,5,1000000,100.0,adaptive,2026-07-04T10:59:26+01:00,5,12,10,0,800001,0.000000,2655,350,290,100000,80.00,80.00,259,519
n012w8-0,n012w8,0,5,1000000,100.0,adaptive,2026-07-04T10:59:26+01:00,5,12,10,0,900001,0.000000,2360,350,290,100000,90.00,90.00,259,259
n012w8-0,n012w8,0,5,1000000,100.0,adaptive,2026-07-04T10:59:26+01:00,5,15,13,0,100001,0.000000,2580,345,310,100000,10.00,10.00,259,2339
n012w8-0,n012w8,0,5,1000000,100.0,adaptive,2026-07-04T10:59:26+01:00,5,15,13,0,200001,0.000000,2340,345,290,100000,20.00,20.00,259,2079
n012w8-0,n012w8,0,5,1000000,100.0,adaptive,2026-07-04T10:59:26+01:00,5,15,13,0,300001,0.000000,2310,345,290,100000,30.00,30.00,259,1819
n012w8-0,n012w8,0,5,1000000,100.0,adaptive,2026-07-04T10:59:26+01:00,5,15,13,0,400001,0.000000,2600,345,290,100000,40.00,40.00,259,1559
n012w8-0,n012w8,0,5,1000000,100.0,adaptive,2026-07-04T10:59:26+01:00,5,15,13,0,500001,0.000000,2565,345,290,100000,50.00,50.00,259,1299
n012w8-0,n012w8,0,5,1000000,100.0,adaptive,2026-07-04T10:59:26+01:00,5,15,13,0,600001,0.000000,2265,345,290,100000,60.00,60.00,259,1039
n012w8-0,n012w8,0,5,1000000,100.0,adaptive,2026-07-04T10:59:26+01:00,5,15,13,0,700001,0.000000,2105,345,290,100000,70.00,70.00,259,779
n012w8-0,n012w8,0,5,1000000,100.0,adaptive,2026-07-04T10:59:26+01:00,5,15,13,0,800001,0.000000,2390,345,290,100000,80.00,80.00,259,519
n012w8-0,n012w8,0,5,1000000,100.0,adaptive,2026-07-04T10:59:26+01:00,5,15,13,0,900001,0.000000,1775,345,290,100000,90.00,90.00,259,259
n012w8-0,n012w8,0,5,1000000,100.0,adaptive,2026-07-04T10:59:26+01:00,5,25,23,0,200344,6.279658,315,300,290,100000,20.03,20.03,259,2078
n012w8-0,n012w8,0,5,1000000,100.0,adaptive,2026-07-04T10:59:26+01:00,5,25,23,0,300344,1.577379,315,300,290,100000,30.03,30.03,259,1818
n012w8-0,n012w8,0,5,1000000,100.0,adaptive,2026-07-04T10:59:26+01:00,5,25,23,0,400344,0.396220,315,300,290,100000,40.03,40.03,259,1558
n012w8-0,n012w8,0,5,1000000,100.0,adaptive,2026-07-04T10:59:26+01:00,5,25,23,0,500344,0.099526,315,300,290,100000,50.03,50.03,259,1298
n012w8-0,n012w8,0,5,1000000,100.0,adaptive,2026-07-04T10:59:26+01:00,5,25,23,0,600344,0.025000,315,300,290,100000,60.03,60.03,259,1038
n012w8-0,n012w8,0,5,1000000,100.0,adaptive,2026-07-04T10:59:26+01:00,5,25,23,0,700344,0.006280,315,300,290,100000,70.03,70.03,259,778
n012w8-0,n012w8,0,5,1000000,100.0,adaptive,2026-07-04T10:59:26+01:00,5,25,23,0,800344,0.001577,315,300,290,100000,80.03,80.03,259,518
n012w8-0,n012w8,0,5,1000000,100.0,adaptive,2026-07-04T10:59:26+01:00,5,25,23,0,900344,0.000396,315,300,290,100000,90.03,90.03,259,259
n012w8-0,n012w8,0,5,1000000,100.0,adaptive,2026-07-04T10:59:26+01:00,5,18,16,0,100001,0.000000,2970,320,305,100000,10.00,10.00,259,2339
n012w8-0,n012w8,0,5,1000000,100.0,adaptive,2026-07-04T10:59:26+01:00,5,18,16,0,200001,0.000000,2710,320,290,100000,20.00,20.00,259,2079
n012w8-0,n012w8,0,5,1000000,100.0,adaptive,2026-07-04T10:59:26+01:00,5,18,16,0,300001,0.000000,2485,320,290,100000,30.00,30.00,259,1819
n012w8-0,n012w8,0,5,1000000,100.0,adaptive,2026-07-04T10:59:26+01:00,5,18,16,0,400001,0.000000,2200,320,290,100000,40.00,40.00,259,1559
n012w8-0,n012w8,0,5,1000000,100.0,adaptive,2026-07-04T10:59:26+01:00,5,18,16,0,500001,0.000000,2775,320,290,100000,50.00,50.00,259,1299
n012w8-0,n012w8,0,5,1000000,100.0,adaptive,2026-07-04T10:59:26+01:00,5,18,16,0,600001,0.000000,2285,320,290,100000,60.00,60.00,259,1039
n012w8-0,n012w8,0,5,1000000,100.0,adaptive,2026-07-04T10:59:26+01:00,5,18,16,0,700001,0.000000,2510,320,290,100000,70.00,70.00,259,779
n012w8-0,n012w8,0,5,1000000,100.0,adaptive,2026-07-04T10:59:26+01:00,5,18,16,0,800001,0.000000,1970,320,290,100000,80.00,80.00,259,519
n012w8-0,n012w8,0,5,1000000,100.0,adaptive,2026-07-04T10:59:26+01:00,5,18,16,0,900001,0.000000,2895,320,290,100000,90.00,90.00,259,259
n012w8-0,n012w8,0,5,1000000,100.0,adaptive,2026-07-04T10:59:26+01:00,5,28,26,0,200344,6.279658,360,290,290,100000,20.03,20.03,259,2078
n012w8-0,n012w8,0,5,1000000,100.0,adaptive,2026-07-04T10:59:26+01:00,5,28,26,0,300344,1.577379,315,290,290,100000,30.03,30.03,259,1818
n012w8-0,n012w8,0,5,1000000,100.0,adaptive,2026-07-04T10:59:26+01:00,5,28,26,0,400344,0.396220,315,290,290,100000,40.03,40.03,259,1558
n012w8-0,n012w8,0,5,1000000,100.0,adaptive,2026-07-04T10:59:26+01:00,5,28,26,0,500344,0.099526,315,290,290,100000,50.03,50.03,259,1298
n012w8-0,n012w8,0,5,1000000,100.0,adaptive,2026-07-04T10:59:26+01:00,5,28,26,0,600344,0.025000,315,290,290,100000,60.03,60.03,259,1038
n012w8-0,n012w8,0,5,1000000,100.0,adaptive,2026-07-04T10:59:26+01:00,5,28,26,0,700344,0.006280,315,290,290,100000,70.03,70.03,259,778
n012w8-0,n012w8,0,5,1000000,100.0,adaptive,2026-07-04T10:59:26+01:00,5,28,26,0,800344,0.001577,315,290,290,100000,80.03,80.03,259,518
n012w8-0,n012w8,0,5,1000000,100.0,adaptive,2026-07-04T10:59:26+01:00,5,28,26,0,900344,0.000396,315,290,290,100000,90.03,90.03,259,259
n012w8-0,n012w8,0,5,1000000,100.0,adaptive,2026-07-04T10:59:26+01:00,5,21,19,0,100001,0.000000,2325,310,290,100000,10.00,10.00,259,2339
n012w8-0,n012w8,0,5,1000000,100.0,adaptive,2026-07-04T10:59:26+01:00,5,21,19,0,200001,0.000000,2510,310,290,100000,20.00,20.00,259,2079
n012w8-0,n012w8,0,5,1000000,100.0,adaptive,2026-07-04T10:59:26+01:00,5,21,19,0,300001,0.000000,2225,310,290,100000,30.00,30.00,259,1819
n012w8-0,n012w8,0,5,1000000,100.0,adaptive,2026-07-04T10:59:26+01:00,5,21,19,0,400001,0.000000,2750,310,290,100000,40.00,40.00,259,1559
n012w8-0,n012w8,0,5,1000000,100.0,adaptive,2026-07-04T10:59:26+01:00,5,21,19,0,500001,0.000000,2075,310,290,100000,50.00,50.00,259,1299
n012w8-0,n012w8,0,5,1000000,100.0,adaptive,2026-07-04T10:59:26+01:00,5,21,19,0,600001,0.000000,2710,310,290,100000,60.00,60.00,259,1039
n012w8-0,n012w8,0,5,1000000,100.0,adaptive,2026-07-04T10:59:26+01:00,5,21,19,0,700001,0.000000,2990,310,290,100000,70.00,70.00,259,779
n012w8-0,n012w8,0,5,1000000,100.0,adaptive,2026-07-04T10:59:26+01:00,5,21,19,0,800001,0.000000,2490,310,290,100000,80.00,80.00,259,519
n012w8-0,n012w8,0,5,1000000,100.0,adaptive,2026-07-04T10:59:26+01:00,5,21,19,0,900001,0.000000,2450,310,290,100000,90.00,90.00,259,259
n012w8-0,n012w8,0,5,1000000,100.0,adaptive,2026-07-04T10:59:26+01:00,5,24,22,0,100001,0.000000,2335,305,290,100000,10.00,10.00,259,2339
n012w8-0,n012w8,0,5,1000000,100.0,adaptive,2026-07-04T10:59:26+01:00,5,24,22,0,200001,0.000000,2110,305,290,100000,20.00,20.00,259,2079
n012w8-0,n012w8,0,5,1000000,100.0,adaptive,2026-07-04T10:59:26+01:00,5,24,22,0,300001,0.000000,1990,305,290,100000,30.00,30.00,259,1819
n012w8-0,n012w8,0,5,1000000,100.0,adaptive,2026-07-04T10:59:26+01:00,5,24,22,0,400001,0.000000,2010,305,290,100000,40.00,40.00,259,1559
n012w8-0,n012w8,0,5,1000000,100.0,adaptive,2026-07-04T10:59:26+01:00,5,24,22,0,500001,0.000000,2710,305,290,100000,50.00,50.00,259,1299
n012w8-0,n012w8,0,5,1000000,100.0,adaptive,2026-07-04T10:59:26+01:00,5,24,22,0,600001,0.000000,2325,305,290,100000,60.00,60.00,259,1039
n012w8-0,n012w8,0,5,1000000,100.0,adaptive,2026-07-04T10:59:26+01:00,5,24,22,0,700001,0.000000,1740,305,290,100000,70.00,70.00,259,779
n012w8-0,n012w8,0,5,1000000,100.0,adaptive,2026-07-04T10:59:26+01:00,5,24,22,0,800001,0.000000,2495,305,290,100000,80.00,80.00,259,519
n012w8-0,n012w8,0,5,1000000,100.0,adaptive,2026-07-04T10:59:26+01:00,5,24,22,0,900001,0.000000,2080,305,290,100000,90.00,90.00,259,259
n012w8-0,n012w8,0,5,1000000,100.0,adaptive,2026-07-04T10:59:26+01:00,5,30,28,0,100001,0.000000,2395,290,290,100000,10.00,10.00,259,2339
n012w8-0,n012w8,0,5,1000000,100.0,adaptive,2026-07-04T10:59:26+01:00,5,30,28,0,200001,0.000000,2245,290,290,100000,20.00,20.00,259,2079
n012w8-0,n012w8,0,5,1000000,100.0,adaptive,2026-07-04T10:59:26+01:00,5,30,28,0,300001,0.000000,2525,290,290,100000,30.00,30.00,259,1819
n012w8-0,n012w8,0,5,1000000,100.0,adaptive,2026-07-04T10:59:26+01:00,5,30,28,0,400001,0.000000,2260,290,290,100000,40.00,40.00,259,1559
n012w8-0,n012w8,0,5,1000000,100.0,adaptive,2026-07-04T10:59:26+01:00,5,30,28,0,500001,0.000000,2710,290,290,100000,50.00,50.00,259,1299
n012w8-0,n012w8,0,5,1000000,100.0,adaptive,2026-07-04T10:59:26+01:00,5,30,28,0,600001,0.000000,2430,290,290,100000,60.00,60.00,259,1039
n012w8-0,n012w8,0,5,1000000,100.0,adaptive,2026-07-04T10:59:26+01:00,5,30,28,0,700001,0.000000,2705,290,290,100000,70.00,70.00,259,779
n012w8-0,n012w8,0,5,1000000,100.0,adaptive,2026-07-04T10:59:26+01:00,5,30,28,0,800001,0.000000,2470,290,290,100000,80.00,80.00,259,519
n012w8-0,n012w8,0,5,1000000,100.0,adaptive,2026-07-04T10:59:26+01:00,5,30,28,0,900001,0.000000,2335,290,290,100000,90.00,90.00,259,259
n012w8-0,n012w8,0,5,1000000,100.0,adaptive,2026-07-04T10:59:26+01:00,5,27,25,0,100001,0.000000,2545,300,290,100000,10.00,10.00,259,2339
n012w8-0,n012w8,0,5,1000000,100.0,adaptive,2026-07-04T10:59:26+01:00,5,27,25,0,200001,0.000000,2090,300,290,100000,20.00,20.00,259,2079
n012w8-0,n012w8,0,5,1000000,100.0,adaptive,2026-07-04T10:59:26+01:00,5,27,25,0,300001,0.000000,2730,300,290,100000,30.00,30.00,259,1819
n012w8-0,n012w8,0,5,1000000,100.0,adaptive,2026-07-04T10:59:26+01:00,5,27,25,0,400001,0.000000,2460,300,290,100000,40.00,40.00,259,1559
n012w8-0,n012w8,0,5,1000000,100.0,adaptive,2026-07-04T10:59:26+01:00,5,27,25,0,500001,0.000000,2605,300,290,100000,50.00,50.00,259,1299
n012w8-0,n012w8,0,5,1000000,100.0,adaptive,2026-07-04T10:59:26+01:00,5,27,25,0,600001,0.000000,2360,300,290,100000,60.00,60.00,259,1039
n012w8-0,n012w8,0,5,1000000,100.0,adaptive,2026-07-04T10:59:26+01:00,5,27,25,0,700001,0.000000,2465,300,290,100000,70.00,70.00,259,779
n012w8-0,n012w8,0,5,1000000,100.0,adaptive,2026-07-04T10:59:26+01:00,5,27,25,0,800001,0.000000,2615,300,290,100000,80.00,80.00,259,519
n012w8-0,n012w8,0,5,1000000,100.0,adaptive,2026-07-04T10:59:26+01:00,5,27,25,0,900001,0.000000,2485,300,290,100000,90.00,90.00,259,259
n012w8-0,n012w8,0,5,1000000,100.0,adaptive,2026-07-04T10:59:26+01:00,6,4,2,0,247441,3.276076,240,235,205,100000,24.74,24.74,259,1955
n012w8-0,n012w8,0,5,1000000,100.0,adaptive,2026-07-04T10:59:26+01:00,6,4,2,0,347441,0.822913,240,235,205,100000,34.74,34.74,259,1696
n012w8-0,n012w8,0,5,1000000,100.0,adaptive,2026-07-04T10:59:26+01:00,6,4,2,0,447441,0.206706,240,235,205,100000,44.74,44.74,259,1436
n012w8-0,n012w8,0,5,1000000,100.0,adaptive,2026-07-04T10:59:26+01:00,6,4,2,0,547441,0.051922,240,235,205,100000,54.74,54.74,259,1176
n012w8-0,n012w8,0,5,1000000,100.0,adaptive,2026-07-04T10:59:26+01:00,6,4,2,0,647441,0.013042,240,235,205,100000,64.74,64.74,259,916
n012w8-0,n012w8,0,5,1000000,100.0,adaptive,2026-07-04T10:59:26+01:00,6,4,2,0,747441,0.003276,240,235,205,100000,74.74,74.74,259,656
n012w8-0,n012w8,0,5,1000000,100.0,adaptive,2026-07-04T10:59:26+01:00,6,4,2,0,847441,0.000823,240,235,205,100000,84.74,84.74,259,396
n012w8-0,n012w8,0,5,1000000,100.0,adaptive,2026-07-04T10:59:26+01:00,6,4,2,0,947441,0.000207,240,235,205,100000,94.74,94.74,259,136
n012w8-0,n012w8,0,5,1000000,100.0,adaptive,2026-07-04T10:59:26+01:00,6,10,8,0,239482,3.656857,265,240,205,100000,23.95,23.95,259,1976
n012w8-0,n012w8,0,5,1000000,100.0,adaptive,2026-07-04T10:59:26+01:00,6,10,8,0,339482,0.918561,265,240,205,100000,33.95,33.95,259,1716
n012w8-0,n012w8,0,5,1000000,100.0,adaptive,2026-07-04T10:59:26+01:00,6,10,8,0,439482,0.230732,265,240,205,100000,43.95,43.95,259,1456
n012w8-0,n012w8,0,5,1000000,100.0,adaptive,2026-07-04T10:59:26+01:00,6,10,8,0,539482,0.057957,265,240,205,100000,53.95,53.95,259,1196
n012w8-0,n012w8,0,5,1000000,100.0,adaptive,2026-07-04T10:59:26+01:00,6,10,8,0,639482,0.014558,265,240,205,100000,63.95,63.95,259,936
n012w8-0,n012w8,0,5,1000000,100.0,adaptive,2026-07-04T10:59:26+01:00,6,10,8,0,739482,0.003657,265,240,205,100000,73.95,73.95,259,677
n012w8-0,n012w8,0,5,1000000,100.0,adaptive,2026-07-04T10:59:26+01:00,6,10,8,0,839482,0.000919,265,240,205,100000,83.95,83.95,259,417
n012w8-0,n012w8,0,5,1000000,100.0,adaptive,2026-07-04T10:59:26+01:00,6,10,8,0,939482,0.000231,265,240,205,100000,93.95,93.95,259,157
n012w8-0,n012w8,0,5,1000000,100.0,adaptive,2026-07-04T10:59:26+01:00,6,7,5,0,334907,0.978494,235,235,205,100000,33.49,33.49,259,1728
n012w8-0,n012w8,0,5,1000000,100.0,adaptive,2026-07-04T10:59:26+01:00,6,7,5,0,434907,0.245786,235,235,205,100000,43.49,43.49,259,1468
n012w8-0,n012w8,0,5,1000000,100.0,adaptive,2026-07-04T10:59:26+01:00,6,7,5,0,534907,0.061739,235,235,205,100000,53.49,53.49,259,1208
n012w8-0,n012w8,0,5,1000000,100.0,adaptive,2026-07-04T10:59:26+01:00,6,7,5,0,634907,0.015508,235,235,205,100000,63.49,63.49,259,948
n012w8-0,n012w8,0,5,1000000,100.0,adaptive,2026-07-04T10:59:26+01:00,6,7,5,0,734907,0.003895,235,235,205,100000,73.49,73.49,259,688
n012w8-0,n012w8,0,5,1000000,100.0,adaptive,2026-07-04T10:59:26+01:00,6,7,5,0,834907,0.000978,235,235,205,100000,83.49,83.49,259,429
n012w8-0,n012w8,0,5,1000000,100.0,adaptive,2026-07-04T10:59:26+01:00,6,7,5,0,934907,0.000246,235,235,205,100000,93.49,93.49,259,169
n012w8-0,n012w8,0,5,1000000,100.0,adaptive,2026-07-04T10:59:26+01:00,6,1,-1,0,267404,50.118723,975,205,205,100000,26.74,26.74,259,1904
n012w8-0,n012w8,0,5,1000000,100.0,adaptive,2026-07-04T10:59:26+01:00,6,1,-1,0,367404,50.118723,1065,205,205,100000,36.74,36.74,259,1644
n012w8-0,n012w8,0,5,1000000,100.0,adaptive,2026-07-04T10:59:26+01:00,6,1,-1,0,467404,50.118723,1015,205,205,100000,46.74,46.74,259,1384
n012w8-0,n012w8,0,5,1000000,100.0,adaptive,2026-07-04T10:59:26+01:00,6,1,-1,0,567404,50.118723,1230,205,205,100000,56.74,56.74,259,1124
n012w8-0,n012w8,0,5,1000000,100.0,adaptive,2026-07-04T10:59:26+01:00,6,1,-1,0,667404,50.118723,975,205,205,100000,66.74,66.74,259,864
n012w8-0,n012w8,0,5,1000000,100.0,adaptive,2026-07-04T10:59:26+01:00,6,1,-1,0,767404,50.118723,615,205,205,100000,76.74,76.74,259,604
n012w8-0,n012w8,0,5,1000000,100.0,adaptive,2026-07-04T10:59:26+01:00,6,1,-1,0,867404,50.118723,1180,205,205,100000,86.74,86.74,259,344
n012w8-0,n012w8,0,5,1000000,100.0,adaptive,2026-07-04T10:59:26+01:00,6,1,-1,0,967404,50.118723,1095,205,205,100000,96.74,96.74,259,84
n012w8-0,n012w8,0,5,1000000,100.0,adaptive,2026-07-04T10:59:26+01:00,6,13,11,0,235947,3.839883,295,220,205,100000,23.59,23.59,259,1985
n012w8-0,n012w8,0,5,1000000,100.0,adaptive,2026-07-04T10:59:26+01:00,6,13,11,0,335947,0.964535,290,220,205,100000,33.59,33.59,259,1725
n012w8-0,n012w8,0,5,1000000,100.0,adaptive,2026-07-04T10:59:26+01:00,6,13,11,0,435947,0.242280,290,220,205,100000,43.59,43.59,259,1465
n012w8-0,n012w8,0,5,1000000,100.0,adaptive,2026-07-04T10:59:26+01:00,6,13,11,0,535947,0.060858,290,220,205,100000,53.59,53.59,259,1206
n012w8-0,n012w8,0,5,1000000,100.0,adaptive,2026-07-04T10:59:26+01:00,6,13,11,0,635947,0.015287,290,220,205,100000,63.59,63.59,259,946
n012w8-0,n012w8,0,5,1000000,100.0,adaptive,2026-07-04T10:59:26+01:00,6,13,11,0,735947,0.003840,290,220,205,100000,73.59,73.59,259,686
n012w8-0,n012w8,0,5,1000000,100.0,adaptive,2026-07-04T10:59:26+01:00,6,13,11,0,835947,0.000965,290,220,205,100000,83.59,83.59,259,426
n012w8-0,n012w8,0,5,1000000,100.0,adaptive,2026-07-04T10:59:26+01:00,6,13,11,0,935947,0.000242,290,220,205,100000,93.59,93.59,259,166
n012w8-0,n012w8,0,5,1000000,100.0,adaptive,2026-07-04T10:59:26+01:00,6,16,14,0,200344,6.279658,280,240,205,100000,20.03,20.03,259,2078
n012w8-0,n012w8,0,5,1000000,100.0,adaptive,2026-07-04T10:59:26+01:00,6,16,14,0,300344,1.577379,265,240,205,100000,30.03,30.03,259,1818
n012w8-0,n012w8,0,5,1000000,100.0,adaptive,2026-07-04T10:59:26+01:00,6,16,14,0,400344,0.396220,265,240,205,100000,40.03,40.03,259,1558
n012w8-0,n012w8,0,5,1000000,100.0,adaptive,2026-07-04T10:59:26+01:00,6,16,14,0,500344,0.099526,265,240,205,100000,50.03,50.03,259,1298
n012w8-0,n012w8,0,5,1000000,100.0,adaptive,2026-07-04T10:59:26+01:00,6,16,14,0,600344,0.025000,265,240,205,100000,60.03,60.03,259,1038
n012w8-0,n012w8,0,5,1000000,100.0,adaptive,2026-07-04T10:59:26+01:00,6,16,14,0,700344,0.006280,265,240,205,100000,70.03,70.03,259,778
n012w8-0,n012w8,0,5,1000000,100.0,adaptive,2026-07-04T10:59:26+01:00,6,16,14,0,800344,0.001577,265,240,205,100000,80.03,80.03,259,518
n012w8-0,n012w8,0,5,1000000,100.0,adaptive,2026-07-04T10:59:26+01:00,6,16,14,0,900344,0.000396,265,240,205,100000,90.03,90.03,259,259
n012w8-0,n012w8,0,5,1000000,100.0,adaptive,2026-07-04T10:59:26+01:00,6,3,-1,0,230685,0.000000,2410,1105,205,100000,23.07,23.07,259,1999
n012w8-0,n012w8,0,5,1000000,100.0,adaptive,2026-07-04T10:59:26+01:00,6,3,-1,0,330685,0.000000,2275,1105,205,100000,33.07,33.07,259,1739
n012w8-0,n012w8,0,5,1000000,100.0,adaptive,2026-07-04T10:59:26+01:00,6,3,-1,0,430685,0.000000,2285,1105,205,100000,43.07,43.07,259,1479
n012w8-0,n012w8,0,5,1000000,100.0,adaptive,2026-07-04T10:59:26+01:00,6,3,-1,0,530685,0.000000,1810,1105,205,100000,53.07,53.07,259,1219
n012w8-0,n012w8,0,5,1000000,100.0,adaptive,2026-07-04T10:59:26+01:00,6,3,-1,0,678615,0.000000,2695,1095,205,100000,67.86,67.86,259,835
n012w8-0,n012w8,0,5,1000000,100.0,adaptive,2026-07-04T10:59:26+01:00,6,3,-1,0,778615,0.000000,2030,1095,205,100000,77.86,77.86,259,575
n012w8-0,n012w8,0,5,1000000,100.0,adaptive,2026-07-04T10:59:26+01:00,6,3,-1,0,934601,0.000000,2590,1030,205,100000,93.46,93.46,259,169
n012w8-0,n012w8,0,5,1000000,100.0,adaptive,2026-07-04T10:59:26+01:00,6,19,17,0,200344,6.279658,265,235,205,100000,20.03,20.03,259,2078
n012w8-0,n012w8,0,5,1000000,100.0,adaptive,2026-07-04T10:59:26+01:00,6,19,17,0,300344,1.577379,265,235,205,100000,30.03,30.03,259,1818
n012w8-0,n012w8,0,5,1000000,100.0,adaptive,2026-07-04T10:59:26+01:00,6,19,17,0,400344,0.396220,265,235,205,100000,40.03,40.03,259,1558
n012w8-0,n012w8,0,5,1000000,100.0,adaptive,2026-07-04T10:59:26+01:00,6,19,17,0,500344,0.099526,265,235,205,100000,50.03,50.03,259,1298
n012w8-0,n012w8,0,5,1000000,100.0,adaptive,2026-07-04T10:59:26+01:00,6,19,17,0,600344,0.025000,265,235,205,100000,60.03,60.03,259,1038
n012w8-0,n012w8,0,5,1000000,100.0,adaptive,2026-07-04T10:59:26+01:00,6,19,17,0,700344,0.006280,265,235,205,100000,70.03,70.03,259,778
n012w8-0,n012w8,0,5,1000000,100.0,adaptive,2026-07-04T10:59:26+01:00,6,19,17,0,800344,0.001577,265,235,205,100000,80.03,80.03,259,518
n012w8-0,n012w8,0,5,1000000,100.0,adaptive,2026-07-04T10:59:26+01:00,6,19,17,0,900344,0.000396,265,235,205,100000,90.03,90.03,259,259
n012w8-0,n012w8,0,5,1000000,100.0,adaptive,2026-07-04T10:59:26+01:00,6,6,4,0,100001,0.000000,1945,640,250,100000,10.00,10.00,259,2339
n012w8-0,n012w8,0,5,1000000,100.0,adaptive,2026-07-04T10:59:26+01:00,6,6,4,0,200001,0.000000,1705,640,205,100000,20.00,20.00,259,2079
n012w8-0,n012w8,0,5,1000000,100.0,adaptive,2026-07-04T10:59:26+01:00,6,6,4,0,300001,0.000000,2635,640,205,100000,30.00,30.00,259,1819
n012w8-0,n012w8,0,5,1000000,100.0,adaptive,2026-07-04T10:59:26+01:00,6,6,4,0,400001,0.000000,2360,640,205,100000,40.00,40.00,259,1559
n012w8-0,n012w8,0,5,1000000,100.0,adaptive,2026-07-04T10:59:26+01:00,6,6,4,0,500001,0.000000,2190,640,205,100000,50.00,50.00,259,1299
n012w8-0,n012w8,0,5,1000000,100.0,adaptive,2026-07-04T10:59:26+01:00,6,6,4,0,600001,0.000000,1795,640,205,100000,60.00,60.00,259,1039
n012w8-0,n012w8,0,5,1000000,100.0,adaptive,2026-07-04T10:59:26+01:00,6,6,4,0,700001,0.000000,2560,640,205,100000,70.00,70.00,259,779
n012w8-0,n012w8,0,5,1000000,100.0,adaptive,2026-07-04T10:59:26+01:00,6,6,4,0,800001,0.000000,2180,640,205,100000,80.00,80.00,259,519
n012w8-0,n012w8,0,5,1000000,100.0,adaptive,2026-07-04T10:59:26+01:00,6,6,4,0,900001,0.000000,2510,640,205,100000,90.00,90.00,259,259
n012w8-0,n012w8,0,5,1000000,100.0,adaptive,2026-07-04T10:59:26+01:00,6,9,7,0,100001,0.000000,1915,375,205,100000,10.00,10.00,259,2339
n012w8-0,n012w8,0,5,1000000,100.0,adaptive,2026-07-04T10:59:26+01:00,6,9,7,0,200001,0.000000,2485,375,205,100000,20.00,20.00,259,2079
n012w8-0,n012w8,0,5,1000000,100.0,adaptive,2026-07-04T10:59:26+01:00,6,9,7,0,300001,0.000000,2315,375,205,100000,30.00,30.00,259,1819
n012w8-0,n012w8,0,5,1000000,100.0,adaptive,2026-07-04T10:59:26+01:00,6,9,7,0,400001,0.000000,2305,375,205,100000,40.00,40.00,259,1559
n012w8-0,n012w8,0,5,1000000,100.0,adaptive,2026-07-04T10:59:26+01:00,6,9,7,0,500001,0.000000,2165,375,205,100000,50.00,50.00,259,1299
n012w8-0,n012w8,0,5,1000000,100.0,adaptive,2026-07-04T10:59:26+01:00,6,9,7,0,600001,0.000000,2330,375,205,100000,60.00,60.00,259,1039
n012w8-0,n012w8,0,5,1000000,100.0,adaptive,2026-07-04T10:59:26+01:00,6,9,7,0,700001,0.000000,1775,375,205,100000,70.00,70.00,259,779
n012w8-0,n012w8,0,5,1000000,100.0,adaptive,2026-07-04T10:59:26+01:00,6,9,7,0,800001,0.000000,2390,375,205,100000,80.00,80.00,259,519
n012w8-0,n012w8,0,5,1000000,100.0,adaptive,2026-07-04T10:59:26+01:00,6,9,7,0,900001,0.000000,2195,375,205,100000,90.00,90.00,259,259
n012w8-0,n012w8,0,5,1000000,100.0,adaptive,2026-07-04T10:59:26+01:00,6,12,10,0,100001,0.000000,2040,255,205,100000,10.00,10.00,259,2339
n012w8-0,n012w8,0,5,1000000,100.0,adaptive,2026-07-04T10:59:26+01:00,6,12,10,0,200001,0.000000,2195,255,205,100000,20.00,20.00,259,2079
n012w8-0,n012w8,0,5,1000000,100.0,adaptive,2026-07-04T10:59:26+01:00,6,12,10,0,300001,0.000000,2050,255,205,100000,30.00,30.00,259,1819
n012w8-0,n012w8,0,5,1000000,100.0,adaptive,2026-07-04T10:59:26+01:00,6,12,10,0,400001,0.000000,1965,255,205,100000,40.00,40.00,259,1559
n012w8-0,n012w8,0,5,1000000,100.0,adaptive,2026-07-04T10:59:26+01:00,6,12,10,0,500001,0.000000,1960,255,205,100000,50.00,50.00,259,1299
n012w8-0,n012w8,0,5,1000000,100.0,adaptive,2026-07-04T10:59:26+01:00,6,12,10,0,600001,0.000000,2045,255,205,100000,60.00,60.00,259,1039
n012w8-0,n012w8,0,5,1000000,100.0,adaptive,2026-07-04T10:59:26+01:00,6,12,10,0,700001,0.000000,2605,255,205,100000,70.00,70.00,259,779
n012w8-0,n012w8,0,5,1000000,100.0,adaptive,2026-07-04T10:59:26+01:00,6,12,10,0,800001,0.000000,2290,255,205,100000,80.00,80.00,259,519
n012w8-0,n012w8,0,5,1000000,100.0,adaptive,2026-07-04T10:59:26+01:00,6,12,10,0,900001,0.000000,2260,255,205,100000,90.00,90.00,259,259
n012w8-0,n012w8,0,5,1000000,100.0,adaptive,2026-07-04T10:59:26+01:00,6,15,13,0,100001,0.000000,1555,250,205,100000,10.00,10.00,259,2339
n012w8-0,n012w8,0,5,1000000,100.0,adaptive,2026-07-04T10:59:26+01:00,6,15,13,0,200001,0.000000,2215,250,205,100000,20.00,20.00,259,2079
n012w8-0,n012w8,0,5,1000000,100.0,adaptive,2026-07-04T10:59:26+01:00,6,15,13,0,300001,0.000000,1935,250,205,100000,30.00,30.00,259,1819
n012w8-0,n012w8,0,5,1000000,100.0,adaptive,2026-07-04T10:59:26+01:00,6,15,13,0,400001,0.000000,2605,250,205,100000,40.00,40.00,259,1559
n012w8-0,n012w8,0,5,1000000,100.0,adaptive,2026-07-04T10:59:26+01:00,6,15,13,0,500001,0.000000,2140,250,205,100000,50.00,50.00,259,1299
n012w8-0,n012w8,0,5,1000000,100.0,adaptive,2026-07-04T10:59:26+01:00,6,15,13,0,600001,0.000000,2455,250,205,100000,60.00,60.00,259,1039
n012w8-0,n012w8,0,5,1000000,100.0,adaptive,2026-07-04T10:59:26+01:00,6,15,13,0,700001,0.000000,1860,250,205,100000,70.00,70.00,259,779
n012w8-0,n012w8,0,5,1000000,100.0,adaptive,2026-07-04T10:59:26+01:00,6,15,13,0,800001,0.000000,2775,250,205,100000,80.00,80.00,259,519
n012w8-0,n012w8,0,5,1000000,100.0,adaptive,2026-07-04T10:59:26+01:00,6,15,13,0,900001,0.000000,2145,250,205,100000,90.00,90.00,259,259
n012w8-0,n012w8,0,5,1000000,100.0,adaptive,2026-07-04T10:59:26+01:00,6,21,19,0,100001,0.000000,2320,235,205,100000,10.00,10.00,259,2339
n012w8-0,n012w8,0,5,1000000,100.0,adaptive,2026-07-04T10:59:26+01:00,6,21,19,0,200001,0.000000,2495,235,205,100000,20.00,20.00,259,2079
n012w8-0,n012w8,0,5,1000000,100.0,adaptive,2026-07-04T10:59:26+01:00,6,21,19,0,300001,0.000000,2430,235,205,100000,30.00,30.00,259,1819
n012w8-0,n012w8,0,5,1000000,100.0,adaptive,2026-07-04T10:59:26+01:00,6,21,19,0,400001,0.000000,1945,235,205,100000,40.00,40.00,259,1559
n012w8-0,n012w8,0,5,1000000,100.0,adaptive,2026-07-04T10:59:26+01:00,6,21,19,0,500001,0.000000,1945,235,205,100000,50.00,50.00,259,1299
n012w8-0,n012w8,0,5,1000000,100.0,adaptive,2026-07-04T10:59:26+01:00,6,21,19,0,600001,0.000000,2875,235,205,100000,60.00,60.00,259,1039
n012w8-0,n012w8,0,5,1000000,100.0,adaptive,2026-07-04T10:59:26+01:00,6,21,19,0,700001,0.000000,1640,235,205,100000,70.00,70.00,259,779
n012w8-0,n012w8,0,5,1000000,100.0,adaptive,2026-07-04T10:59:26+01:00,6,21,19,0,800001,0.000000,2535,235,205,100000,80.00,80.00,259,519
n012w8-0,n012w8,0,5,1000000,100.0,adaptive,2026-07-04T10:59:26+01:00,6,21,19,0,900001,0.000000,2245,235,205,100000,90.00,90.00,259,259
n012w8-0,n012w8,0,5,1000000,100.0,adaptive,2026-07-04T10:59:26+01:00,6,18,16,0,100001,0.000000,2080,240,205,100000,10.00,10.00,259,2339
n012w8-0,n012w8,0,5,1000000,100.0,adaptive,2026-07-04T10:59:26+01:00,6,18,16,0,200001,0.000000,1885,240,205,100000,20.00,20.00,259,2079
n012w8-0,n012w8,0,5,1000000,100.0,adaptive,2026-07-04T10:59:26+01:00,6,18,16,0,300001,0.000000,2500,240,205,100000,30.00,30.00,259,1819
n012w8-0,n012w8,0,5,1000000,100.0,adaptive,2026-07-04T10:59:26+01:00,6,18,16,0,400001,0.000000,2000,240,205,100000,40.00,40.00,259,1559
n012w8-0,n012w8,0,5,1000000,100.0,adaptive,2026-07-04T10:59:26+01:00,6,18,16,0,500001,0.000000,2305,240,205,100000,50.00,50.00,259,1299
n012w8-0,n012w8,0,5,1000000,100.0,adaptive,2026-07-04T10:59:26+01:00,6,18,16,0,600001,0.000000,2335,240,205,100000,60.00,60.00,259,1039
n012w8-0,n012w8,0,5,1000000,100.0,adaptive,2026-07-04T10:59:26+01:00,6,18,16,0,700001,0.000000,2225,240,205,100000,70.00,70.00,259,779
n012w8-0,n012w8,0,5,1000000,100.0,adaptive,2026-07-04T10:59:26+01:00,6,18,16,0,800001,0.000000,2450,240,205,100000,80.00,80.00,259,519
n012w8-0,n012w8,0,5,1000000,100.0,adaptive,2026-07-04T10:59:26+01:00,6,18,16,0,900001,0.000000,2650,240,205,100000,90.00,90.00,259,259
n012w8-0,n012w8,0,5,1000000,100.0,adaptive,2026-07-04T10:59:26+01:00,7,4,2,0,295266,1.692014,235,235,225,100000,29.53,29.53,259,1831
n012w8-0,n012w8,0,5,1000000,100.0,adaptive,2026-07-04T10:59:26+01:00,7,4,2,0,395266,0.425015,235,235,225,100000,39.53,39.53,259,1571
n012w8-0,n012w8,0,5,1000000,100.0,adaptive,2026-07-04T10:59:26+01:00,7,4,2,0,495266,0.106759,235,235,215,100000,49.53,49.53,259,1311
n012w8-0,n012w8,0,5,1000000,100.0,adaptive,2026-07-04T10:59:26+01:00,7,4,2,0,595266,0.026817,235,235,215,100000,59.53,59.53,259,1051
n012w8-0,n012w8,0,5,1000000,100.0,adaptive,2026-07-04T10:59:26+01:00,7,4,2,0,695266,0.006736,235,235,215,100000,69.53,69.53,259,792
n012w8-0,n012w8,0,5,1000000,100.0,adaptive,2026-07-04T10:59:26+01:00,7,4,2,0,795266,0.001692,235,235,215,100000,79.53,79.53,259,532
n012w8-0,n012w8,0,5,1000000,100.0,adaptive,2026-07-04T10:59:26+01:00,7,4,2,0,895266,0.000425,235,235,215,100000,89.53,89.53,259,272
n012w8-0,n012w8,0,5,1000000,100.0,adaptive,2026-07-04T10:59:26+01:00,7,4,2,0,995266,0.000107,235,235,215,100000,99.53,99.53,259,12
n012w8-0,n012w8,0,5,1000000,100.0,adaptive,2026-07-04T10:59:26+01:00,7,7,5,0,294387,1.712687,315,285,225,100000,29.44,29.44,259,1833
n012w8-0,n012w8,0,5,1000000,100.0,adaptive,2026-07-04T10:59:26+01:00,7,7,5,0,394387,0.430208,315,285,225,100000,39.44,39.44,259,1573
n012w8-0,n012w8,0,5,1000000,100.0,adaptive,2026-07-04T10:59:26+01:00,7,7,5,0,494387,0.108063,315,285,215,100000,49.44,49.44,259,1314
n012w8-0,n012w8,0,5,1000000,100.0,adaptive,2026-07-04T10:59:26+01:00,7,7,5,0,594387,0.027144,315,285,215,100000,59.44,59.44,259,1054
n012w8-0,n012w8,0,5,1000000,100.0,adaptive,2026-07-04T10:59:26+01:00,7,7,5,0,694387,0.006818,315,285,215,100000,69.44,69.44,259,794
n012w8-0,n012w8,0,5,1000000,100.0,adaptive,2026-07-04T10:59:26+01:00,7,7,5,0,794387,0.001713,315,285,215,100000,79.44,79.44,259,534
n012w8-0,n012w8,0,5,1000000,100.0,adaptive,2026-07-04T10:59:26+01:00,7,7,5,0,894387,0.000430,315,285,215,100000,89.44,89.44,259,274
n012w8-0,n012w8,0,5,1000000,100.0,adaptive,2026-07-04T10:59:26+01:00,7,7,5,0,994387,0.000108,315,285,215,100000,99.44,99.44,259,14
n012w8-0,n012w8,0,5,1000000,100.0,adaptive,2026-07-04T10:59:26+01:00,7,10,8,0,200344,6.279658,305,255,225,100000,20.03,20.03,259,2078
n012w8-0,n012w8,0,5,1000000,100.0,adaptive,2026-07-04T10:59:26+01:00,7,10,8,0,300344,1.577379,260,255,225,100000,30.03,30.03,259,1818
n012w8-0,n012w8,0,5,1000000,100.0,adaptive,2026-07-04T10:59:26+01:00,7,10,8,0,400344,0.396220,260,255,225,100000,40.03,40.03,259,1558
n012w8-0,n012w8,0,5,1000000,100.0,adaptive,2026-07-04T10:59:26+01:00,7,10,8,0,500344,0.099526,260,255,215,100000,50.03,50.03,259,1298
n012w8-0,n012w8,0,5,1000000,100.0,adaptive,2026-07-04T10:59:26+01:00,7,10,8,0,600344,0.025000,260,255,215,100000,60.03,60.03,259,1038
n012w8-0,n012w8,0,5,1000000,100.0,adaptive,2026-07-04T10:59:26+01:00,7,10,8,0,700344,0.006280,260,255,215,100000,70.03,70.03,259,778
n012w8-0,n012w8,0,5,1000000,100.0,adaptive,2026-07-04T10:59:26+01:00,7,10,8,0,800344,0.001577,260,255,215,100000,80.03,80.03,259,518
n012w8-0,n012w8,0,5,1000000,100.0,adaptive,2026-07-04T10:59:26+01:00,7,10,8,0,900344,0.000396,260,255,215,100000,90.03,90.03,259,259
n012w8-0,n012w8,0,5,1000000,100.0,adaptive,2026-07-04T10:59:26+01:00,7,1,-1,0,273318,50.118723,895,230,225,100000,27.33,27.33,259,1888
n012w8-0,n012w8,0,5,1000000,100.0,adaptive,2026-07-04T10:59:26+01:00,7,1,-1,0,373318,50.118723,1150,230,225,100000,37.33,37.33,259,1628
n012w8-0,n012w8,0,5,1000000,100.0,adaptive,2026-07-04T10:59:26+01:00,7,1,-1,0,473318,50.118723,755,230,215,100000,47.33,47.33,259,1368
n012w8-0,n012w8,0,5,1000000,100.0,adaptive,2026-07-04T10:59:26+01:00,7,1,-1,0,573318,50.118723,1695,230,215,100000,57.33,57.33,259,1108
n012w8-0,n012w8,0,5,1000000,100.0,adaptive,2026-07-04T10:59:26+01:00,7,1,-1,0,673318,50.118723,1005,230,215,100000,67.33,67.33,259,849
n012w8-0,n012w8,0,5,1000000,100.0,adaptive,2026-07-04T10:59:26+01:00,7,1,-1,0,773318,50.118723,1260,230,215,100000,77.33,77.33,259,589
n012w8-0,n012w8,0,5,1000000,100.0,adaptive,2026-07-04T10:59:26+01:00,7,1,-1,0,873318,50.118723,1040,230,215,100000,87.33,87.33,259,329
n012w8-0,n012w8,0,5,1000000,100.0,adaptive,2026-07-04T10:59:26+01:00,7,1,-1,0,973318,50.118723,1060,230,215,100000,97.33,97.33,259,69
n012w8-0,n012w8,0,5,1000000,100.0,adaptive,2026-07-04T10:59:26+01:00,7,3,-1,0,228122,0.000000,2365,1115,230,100000,22.81,22.81,259,2006
n012w8-0,n012w8,0,5,1000000,100.0,adaptive,2026-07-04T10:59:26+01:00,7,3,-1,0,342495,0.000000,1595,1080,225,100000,34.25,34.25,259,1708
n012w8-0,n012w8,0,5,1000000,100.0,adaptive,2026-07-04T10:59:26+01:00,7,3,-1,0,442495,0.000000,2055,1080,215,100000,44.25,44.25,259,1448
n012w8-0,n012w8,0,5,1000000,100.0,adaptive,2026-07-04T10:59:26+01:00,7,3,-1,0,542495,0.000000,1970,1080,215,100000,54.25,54.25,259,1189
n012w8-0,n012w8,0,5,1000000,100.0,adaptive,2026-07-04T10:59:26+01:00,7,3,-1,0,642495,0.000000,2145,1080,215,100000,64.25,64.25,259,929
n012w8-0,n012w8,0,5,1000000,100.0,adaptive,2026-07-04T10:59:26+01:00,7,3,-1,0,742495,0.000000,2350,1080,215,100000,74.25,74.25,259,669
n012w8-0,n012w8,0,5,1000000,100.0,adaptive,2026-07-04T10:59:26+01:00,7,3,-1,0,876530,0.000000,2295,1005,215,100000,87.65,87.65,259,320
n012w8-0,n012w8,0,5,1000000,100.0,adaptive,2026-07-04T10:59:26+01:00,7,3,-1,0,976530,0.000000,2290,1005,215,100000,97.65,97.65,259,60
n012w8-0,n012w8,0,5,1000000,100.0,adaptive,2026-07-04T10:59:26+01:00,7,16,14,0,200344,6.279658,255,230,225,100000,20.03,20.03,259,2078
n012w8-0,n012w8,0,5,1000000,100.0,adaptive,2026-07-04T10:59:26+01:00,7,16,14,0,300344,1.577379,255,230,225,100000,30.03,30.03,259,1818
n012w8-0,n012w8,0,5,1000000,100.0,adaptive,2026-07-04T10:59:26+01:00,7,16,14,0,400344,0.396220,255,230,215,100000,40.03,40.03,259,1558
n012w8-0,n012w8,0,5,1000000,100.0,adaptive,2026-07-04T10:59:26+01:00,7,16,14,0,500344,0.099526,255,230,215,100000,50.03,50.03,259,1298
n012w8-0,n012w8,0,5,1000000,100.0,adaptive,2026-07-04T10:59:26+01:00,7,16,14,0,600344,0.025000,255,230,215,100000,60.03,60.03,259,1038
n012w8-0,n012w8,0,5,1000000,100.0,adaptive,2026-07-04T10:59:26+01:00,7,16,14,0,700344,0.006280,255,230,215,100000,70.03,70.03,259,778
n012w8-0,n012w8,0,5,1000000,100.0,adaptive,2026-07-04T10:59:26+01:00,7,16,14,0,800344,0.001577,255,230,215,100000,80.03,80.03,259,518
n012w8-0,n012w8,0,5,1000000,100.0,adaptive,2026-07-04T10:59:26+01:00,7,16,14,0,900344,0.000396,255,230,215,100000,90.03,90.03,259,259
n012w8-0,n012w8,0,5,1000000,100.0,adaptive,2026-07-04T10:59:26+01:00,7,9,7,0,100001,0.000000,1965,355,235,100000,10.00,10.00,259,2339
n012w8-0,n012w8,0,5,1000000,100.0,adaptive,2026-07-04T10:59:26+01:00,7,9,7,0,200001,0.000000,2455,355,225,100000,20.00,20.00,259,2079
n012w8-0,n012w8,0,5,1000000,100.0,adaptive,2026-07-04T10:59:26+01:00,7,9,7,0,300001,0.000000,2600,355,225,100000,30.00,30.00,259,1819
n012w8-0,n012w8,0,5,1000000,100.0,adaptive,2026-07-04T10:59:26+01:00,7,9,7,0,400001,0.000000,3030,355,215,100000,40.00,40.00,259,1559
n012w8-0,n012w8,0,5,1000000,100.0,adaptive,2026-07-04T10:59:26+01:00,7,9,7,0,500001,0.000000,1995,355,215,100000,50.00,50.00,259,1299
n012w8-0,n012w8,0,5,1000000,100.0,adaptive,2026-07-04T10:59:26+01:00,7,9,7,0,600001,0.000000,2340,355,215,100000,60.00,60.00,259,1039
n012w8-0,n012w8,0,5,1000000,100.0,adaptive,2026-07-04T10:59:26+01:00,7,9,7,0,700001,0.000000,2725,355,215,100000,70.00,70.00,259,779
n012w8-0,n012w8,0,5,1000000,100.0,adaptive,2026-07-04T10:59:26+01:00,7,9,7,0,800001,0.000000,2070,355,215,100000,80.00,80.00,259,519
n012w8-0,n012w8,0,5,1000000,100.0,adaptive,2026-07-04T10:59:26+01:00,7,9,7,0,900001,0.000000,2225,355,215,100000,90.00,90.00,259,259
n012w8-0,n012w8,0,5,1000000,100.0,adaptive,2026-07-04T10:59:26+01:00,7,6,4,0,100001,0.000000,2100,715,235,100000,10.00,10.00,259,2339
n012w8-0,n012w8,0,5,1000000,100.0,adaptive,2026-07-04T10:59:26+01:00,7,6,4,0,200001,0.000000,2040,715,230,100000,20.00,20.00,259,2079
n012w8-0,n012w8,0,5,1000000,100.0,adaptive,2026-07-04T10:59:26+01:00,7,6,4,0,300001,0.000000,2210,715,225,100000,30.00,30.00,259,1819
n012w8-0,n012w8,0,5,1000000,100.0,adaptive,2026-07-04T10:59:26+01:00,7,6,4,0,400001,0.000000,2480,715,215,100000,40.00,40.00,259,1559
n012w8-0,n012w8,0,5,1000000,100.0,adaptive,2026-07-04T10:59:26+01:00,7,6,4,0,500001,0.000000,2160,715,215,100000,50.00,50.00,259,1299
n012w8-0,n012w8,0,5,1000000,100.0,adaptive,2026-07-04T10:59:26+01:00,7,6,4,0,600001,0.000000,2305,715,215,100000,60.00,60.00,259,1039
n012w8-0,n012w8,0,5,1000000,100.0,adaptive,2026-07-04T10:59:26+01:00,7,6,4,0,700001,0.000000,2130,715,215,100000,70.00,70.00,259,779
n012w8-0,n012w8,0,5,1000000,100.0,adaptive,2026-07-04T10:59:26+01:00,7,6,4,0,800001,0.000000,2525,715,215,100000,80.00,80.00,259,519
n012w8-0,n012w8,0,5,1000000,100.0,adaptive,2026-07-04T10:59:26+01:00,7,6,4,0,900001,0.000000,2235,715,215,100000,90.00,90.00,259,259
n012w8-0,n012w8,0,5,1000000,100.0,adaptive,2026-07-04T10:59:26+01:00,7,13,11,0,263192,50.118723,1270,225,225,100000,26.32,26.32,259,1914
n012w8-0,n012w8,0,5,1000000,100.0,adaptive,2026-07-04T10:59:26+01:00,7,13,11,0,363192,50.118723,775,225,225,100000,36.32,36.32,259,1655
n012w8-0,n012w8,0,5,1000000,100.0,adaptive,2026-07-04T10:59:26+01:00,7,13,11,0,463192,50.118723,1330,225,215,100000,46.32,46.32,259,1395
n012w8-0,n012w8,0,5,1000000,100.0,adaptive,2026-07-04T10:59:26+01:00,7,13,11,0,563192,50.118723,1215,225,215,100000,56.32,56.32,259,1135
n012w8-0,n012w8,0,5,1000000,100.0,adaptive,2026-07-04T10:59:26+01:00,7,13,11,0,663192,50.118723,1130,225,215,100000,66.32,66.32,259,875
n012w8-0,n012w8,0,5,1000000,100.0,adaptive,2026-07-04T10:59:26+01:00,7,13,11,0,763192,50.118723,1110,225,215,100000,76.32,76.32,259,615
n012w8-0,n012w8,0,5,1000000,100.0,adaptive,2026-07-04T10:59:26+01:00,7,13,11,0,863192,50.118723,960,225,215,100000,86.32,86.32,259,355
n012w8-0,n012w8,0,5,1000000,100.0,adaptive,2026-07-04T10:59:26+01:00,7,13,11,0,963192,50.118723,1440,225,215,100000,96.32,96.32,259,95
n012w8-0,n012w8,0,5,1000000,100.0,adaptive,2026-07-04T10:59:26+01:00,7,12,10,0,100001,0.000000,2185,255,230,100000,10.00,10.00,259,2339
n012w8-0,n012w8,0,5,1000000,100.0,adaptive,2026-07-04T10:59:26+01:00,7,12,10,0,200001,0.000000,1925,255,225,100000,20.00,20.00,259,2079
n012w8-0,n012w8,0,5,1000000,100.0,adaptive,2026-07-04T10:59:26+01:00,7,12,10,0,300001,0.000000,2085,255,225,100000,30.00,30.00,259,1819
n012w8-0,n012w8,0,5,1000000,100.0,adaptive,2026-07-04T10:59:26+01:00,7,12,10,0,400001,0.000000,2290,255,215,100000,40.00,40.00,259,1559
n012w8-0,n012w8,0,5,1000000,100.0,adaptive,2026-07-04T10:59:26+01:00,7,12,10,0,500001,0.000000,2555,255,215,100000,50.00,50.00,259,1299
n012w8-0,n012w8,0,5,1000000,100.0,adaptive,2026-07-04T10:59:26+01:00,7,12,10,0,600001,0.000000,2125,255,215,100000,60.00,60.00,259,1039
n012w8-0,n012w8,0,5,1000000,100.0,adaptive,2026-07-04T10:59:26+01:00,7,12,10,0,700001,0.000000,1995,255,215,100000,70.00,70.00,259,779
n012w8-0,n012w8,0,5,1000000,100.0,adaptive,2026-07-04T10:59:26+01:00,7,12,10,0,800001,0.000000,2355,255,215,100000,80.00,80.00,259,519
n012w8-0,n012w8,0,5,1000000,100.0,adaptive,2026-07-04T10:59:26+01:00,7,12,10,0,900001,0.000000,2095,255,215,100000,90.00,90.00,259,259
n012w8-0,n012w8,0,5,1000000,100.0,adaptive,2026-07-04T10:59:26+01:00,7,15,13,0,100001,0.000000,2070,235,230,100000,10.00,10.00,259,2339
n012w8-0,n012w8,0,5,1000000,100.0,adaptive,2026-07-04T10:59:26+01:00,7,15,13,0,200001,0.000000,2260,235,225,100000,20.00,20.00,259,2079
n012w8-0,n012w8,0,5,1000000,100.0,adaptive,2026-07-04T10:59:26+01:00,7,15,13,0,300001,0.000000,2185,235,225,100000,30.00,30.00,259,1819
n012w8-0,n012w8,0,5,1000000,100.0,adaptive,2026-07-04T10:59:26+01:00,7,15,13,0,400001,0.000000,1935,235,215,100000,40.00,40.00,259,1559
n012w8-0,n012w8,0,5,1000000,100.0,adaptive,2026-07-04T10:59:26+01:00,7,15,13,0,500001,0.000000,2075,235,215,100000,50.00,50.00,259,1299
n012w8-0,n012w8,0,5,1000000,100.0,adaptive,2026-07-04T10:59:26+01:00,7,15,13,0,600001,0.000000,2680,235,215,100000,60.00,60.00,259,1039
n012w8-0,n012w8,0,5,1000000,100.0,adaptive,2026-07-04T10:59:26+01:00,7,15,13,0,700001,0.000000,2580,235,215,100000,70.00,70.00,259,779
n012w8-0,n012w8,0,5,1000000,100.0,adaptive,2026-07-04T10:59:26+01:00,7,15,13,0,800001,0.000000,2120,235,215,100000,80.00,80.00,259,519
n012w8-0,n012w8,0,5,1000000,100.0,adaptive,2026-07-04T10:59:26+01:00,7,15,13,0,900001,0.000000,1810,235,215,100000,90.00,90.00,259,259
n012w8-0,n012w8,0,5,1000000,100.0,adaptive,2026-07-04T10:59:26+01:00,7,18,16,0,100001,0.000000,1920,230,225,100000,10.00,10.00,259,2339
n012w8-0,n012w8,0,5,1000000,100.0,adaptive,2026-07-04T10:59:26+01:00,7,18,16,0,200001,0.000000,2055,230,225,100000,20.00,20.00,259,2079
n012w8-0,n012w8,0,5,1000000,100.0,adaptive,2026-07-04T10:59:26+01:00,7,18,16,0,300001,0.000000,2120,230,215,100000,30.00,30.00,259,1819
n012w8-0,n012w8,0,5,1000000,100.0,adaptive,2026-07-04T10:59:26+01:00,7,18,16,0,400001,0.000000,1960,230,215,100000,40.00,40.00,259,1559
n012w8-0,n012w8,0,5,1000000,100.0,adaptive,2026-07-04T10:59:26+01:00,7,18,16,0,500001,0.000000,1910,230,215,100000,50.00,50.00,259,1299
n012w8-0,n012w8,0,5,1000000,100.0,adaptive,2026-07-04T10:59:26+01:00,7,18,16,0,600001,0.000000,2045,230,215,100000,60.00,60.00,259,1039
n012w8-0,n012w8,0,5,1000000,100.0,adaptive,2026-07-04T10:59:26+01:00,7,18,16,0,700001,0.000000,2485,230,215,100000,70.00,70.00,259,779
n012w8-0,n012w8,0,5,1000000,100.0,adaptive,2026-07-04T10:59:26+01:00,7,18,16,0,800001,0.000000,2140,230,215,100000,80.00,80.00,259,519
n012w8-0,n012w8,0,5,1000000,100.0,adaptive,2026-07-04T10:59:26+01:00,7,18,16,0,900001,0.000000,1960,230,215,100000,90.00,90.00,259,259
n012w8-0,n012w8,0,5,1000000,100.0,adaptive,2026-07-04T10:59:26+01:00,7,19,17,0,282715,50.118723,1190,215,215,100000,28.27,28.27,259,1864
n012w8-0,n012w8,0,5,1000000,100.0,adaptive,2026-07-04T10:59:26+01:00,7,19,17,0,382715,50.118723,1080,215,215,100000,38.27,38.27,259,1604
n012w8-0,n012w8,0,5,1000000,100.0,adaptive,2026-07-04T10:59:26+01:00,7,19,17,0,482715,50.118723,715,215,215,100000,48.27,48.27,259,1344
n012w8-0,n012w8,0,5,1000000,100.0,adaptive,2026-07-04T10:59:26+01:00,7,19,17,0,582715,50.118723,1245,215,215,100000,58.27,58.27,259,1084
n012w8-0,n012w8,0,5,1000000,100.0,adaptive,2026-07-04T10:59:26+01:00,7,19,17,0,682715,50.118723,950,215,215,100000,68.27,68.27,259,824
n012w8-0,n012w8,0,5,1000000,100.0,adaptive,2026-07-04T10:59:26+01:00,7,19,17,0,782715,50.118723,1005,215,215,100000,78.27,78.27,259,564
n012w8-0,n012w8,0,5,1000000,100.0,adaptive,2026-07-04T10:59:26+01:00,7,19,17,0,882715,50.118723,1135,215,215,100000,88.27,88.27,259,304
n012w8-0,n012w8,0,5,1000000,100.0,adaptive,2026-07-04T10:59:26+01:00,7,19,17,0,982715,50.118723,985,215,215,100000,98.27,98.27,259,44
n012w8-0,n012w8,0,5,1000000,100.0,adaptive,2026-07-04T10:59:26+01:00,7,21,19,0,100001,0.000000,2650,225,225,100000,10.00,10.00,259,2339
n012w8-0,n012w8,0,5,1000000,100.0,adaptive,2026-07-04T10:59:26+01:00,7,21,19,0,200001,0.000000,2450,225,215,100000,20.00,20.00,259,2079
n012w8-0,n012w8,0,5,1000000,100.0,adaptive,2026-07-04T10:59:26+01:00,7,21,19,0,300001,0.000000,1970,225,215,100000,30.00,30.00,259,1819
n012w8-0,n012w8,0,5,1000000,100.0,adaptive,2026-07-04T10:59:26+01:00,7,21,19,0,400001,0.000000,2510,225,215,100000,40.00,40.00,259,1559
n012w8-0,n012w8,0,5,1000000,100.0,adaptive,2026-07-04T10:59:26+01:00,7,21,19,0,500001,0.000000,1885,225,215,100000,50.00,50.00,259,1299
n012w8-0,n012w8,0,5,1000000,100.0,adaptive,2026-07-04T10:59:26+01:00,7,21,19,0,600001,0.000000,1350,225,215,100000,60.00,60.00,259,1039
n012w8-0,n012w8,0,5,1000000,100.0,adaptive,2026-07-04T10:59:26+01:00,7,21,19,0,700001,0.000000,1650,225,215,100000,70.00,70.00,259,779
n012w8-0,n012w8,0,5,1000000,100.0,adaptive,2026-07-04T10:59:26+01:00,7,21,19,0,800001,0.000000,2455,225,215,100000,80.00,80.00,259,519
n012w8-0,n012w8,0,5,1000000,100.0,adaptive,2026-07-04T10:59:26+01:00,7,21,19,0,900001,0.000000,1850,225,215,100000,90.00,90.00,259,259
n012w8-0,n012w8,0,5,1000000,100.0,adaptive,2026-07-04T10:59:26+01:00,7,22,20,0,200344,6.279658,225,215,215,100000,20.03,20.03,259,2078
n012w8-0,n012w8,0,5,1000000,100.0,adaptive,2026-07-04T10:59:26+01:00,7,22,20,0,300344,1.577379,225,215,215,100000,30.03,30.03,259,1818
n012w8-0,n012w8,0,5,1000000,100.0,adaptive,2026-07-04T10:59:26+01:00,7,22,20,0,400344,0.396220,225,215,215,100000,40.03,40.03,259,1558
n012w8-0,n012w8,0,5,1000000,100.0,adaptive,2026-07-04T10:59:26+01:00,7,22,20,0,500344,0.099526,225,215,215,100000,50.03,50.03,259,1298
n012w8-0,n012w8,0,5,1000000,100.0,adaptive,2026-07-04T10:59:26+01:00,7,22,20,0,600344,0.025000,225,215,215,100000,60.03,60.03,259,1038
n012w8-0,n012w8,0,5,1000000,100.0,adaptive,2026-07-04T10:59:26+01:00,7,22,20,0,700344,0.006280,225,215,215,100000,70.03,70.03,259,778
n012w8-0,n012w8,0,5,1000000,100.0,adaptive,2026-07-04T10:59:26+01:00,7,22,20,0,800344,0.001577,225,215,215,100000,80.03,80.03,259,518
n012w8-0,n012w8,0,5,1000000,100.0,adaptive,2026-07-04T10:59:26+01:00,7,22,20,0,900344,0.000396,225,215,215,100000,90.03,90.03,259,259
n012w8-0,n012w8,0,5,1000000,100.0,adaptive,2026-07-04T10:59:26+01:00,7,24,22,0,100001,0.000000,2165,215,215,100000,10.00,10.00,259,2339
n012w8-0,n012w8,0,5,1000000,100.0,adaptive,2026-07-04T10:59:26+01:00,7,24,22,0,200001,0.000000,2370,215,215,100000,20.00,20.00,259,2079
n012w8-0,n012w8,0,5,1000000,100.0,adaptive,2026-07-04T10:59:26+01:00,7,24,22,0,300001,0.000000,2085,215,215,100000,30.00,30.00,259,1819
n012w8-0,n012w8,0,5,1000000,100.0,adaptive,2026-07-04T10:59:26+01:00,7,24,22,0,400001,0.000000,2495,215,215,100000,40.00,40.00,259,1559
n012w8-0,n012w8,0,5,1000000,100.0,adaptive,2026-07-04T10:59:26+01:00,7,24,22,0,500001,0.000000,2255,215,215,100000,50.00,50.00,259,1299
n012w8-0,n012w8,0,5,1000000,100.0,adaptive,2026-07-04T10:59:26+01:00,7,24,22,0,600001,0.000000,2360,215,215,100000,60.00,60.00,259,1039
n012w8-0,n012w8,0,5,1000000,100.0,adaptive,2026-07-04T10:59:26+01:00,7,24,22,0,700001,0.000000,2365,215,215,100000,70.00,70.00,259,779
n012w8-0,n012w8,0,5,1000000,100.0,adaptive,2026-07-04T10:59:26+01:00,7,24,22,0,800001,0.000000,2630,215,215,100000,80.00,80.00,259,519
n012w8-0,n012w8,0,5,1000000,100.0,adaptive,2026-07-04T10:59:26+01:00,7,24,22,0,900001,0.000000,2190,215,215,100000,90.00,90.00,259,259
n012w8-0,n012w8,0,5,1000000,100.0,adaptive,2026-07-04T10:59:26+01:00,8,4,2,0,273875,2.273788,1720,1700,1625,100000,27.39,27.39,259,1887
n012w8-0,n012w8,0,5,1000000,100.0,adaptive,2026-07-04T10:59:26+01:00,8,4,2,0,373875,0.571150,1720,1700,1625,100000,37.39,37.39,259,1627
n012w8-0,n012w8,0,5,1000000,100.0,adaptive,2026-07-04T10:59:26+01:00,8,4,2,0,473875,0.143466,1720,1700,1625,100000,47.39,47.39,259,1367
n012w8-0,n012w8,0,5,1000000,100.0,adaptive,2026-07-04T10:59:26+01:00,8,4,2,0,573875,0.036037,1720,1700,1625,100000,57.39,57.39,259,1107
n012w8-0,n012w8,0,5,1000000,100.0,adaptive,2026-07-04T10:59:26+01:00,8,4,2,0,673875,0.009052,1720,1700,1625,100000,67.39,67.39,259,847
n012w8-0,n012w8,0,5,1000000,100.0,adaptive,2026-07-04T10:59:26+01:00,8,4,2,0,773875,0.002274,1720,1700,1625,100000,77.39,77.39,259,587
n012w8-0,n012w8,0,5,1000000,100.0,adaptive,2026-07-04T10:59:26+01:00,8,4,2,0,873875,0.000571,1720,1700,1625,100000,87.39,87.39,259,327
n012w8-0,n012w8,0,5,1000000,100.0,adaptive,2026-07-04T10:59:26+01:00,8,4,2,0,973875,0.000143,1720,1700,1625,100000,97.39,97.39,259,67
n012w8-0,n012w8,0,5,1000000,100.0,adaptive,2026-07-04T10:59:26+01:00,8,1,-1,0,251866,3.081797,1675,1665,1630,100000,25.19,25.19,259,1944
n012w8-0,n012w8,0,5,1000000,100.0,adaptive,2026-07-04T10:59:26+01:00,8,1,-1,0,351866,0.774112,1675,1665,1625,100000,35.19,35.19,259,1684
n012w8-0,n012w8,0,5,1000000,100.0,adaptive,2026-07-04T10:59:26+01:00,8,1,-1,0,451866,0.194448,1675,1665,1625,100000,45.19,45.19,259,1424
n012w8-0,n012w8,0,5,1000000,100.0,adaptive,2026-07-04T10:59:26+01:00,8,1,-1,0,551866,0.048843,1675,1665,1625,100000,55.19,55.19,259,1164
n012w8-0,n012w8,0,5,1000000,100.0,adaptive,2026-07-04T10:59:26+01:00,8,1,-1,0,651866,0.012269,1675,1665,1625,100000,65.19,65.19,259,904
n012w8-0,n012w8,0,5,1000000,100.0,adaptive,2026-07-04T10:59:26+01:00,8,1,-1,0,751866,0.003082,1675,1665,1625,100000,75.19,75.19,259,644
n012w8-0,n012w8,0,5,1000000,100.0,adaptive,2026-07-04T10:59:26+01:00,8,1,-1,0,851866,0.000774,1675,1665,1625,100000,85.19,85.19,259,385
n012w8-0,n012w8,0,5,1000000,100.0,adaptive,2026-07-04T10:59:26+01:00,8,1,-1,0,951866,0.000194,1675,1665,1625,100000,95.19,95.19,259,125
n012w8-0,n012w8,0,5,1000000,100.0,adaptive,2026-07-04T10:59:26+01:00,8,13,11,0,200344,6.279658,1715,1695,1630,100000,20.03,20.03,259,2078
n012w8-0,n012w8,0,5,1000000,100.0,adaptive,2026-07-04T10:59:26+01:00,8,13,11,0,300344,1.577379,1710,1695,1625,100000,30.03,30.03,259,1818
n012w8-0,n012w8,0,5,1000000,100.0,adaptive,2026-07-04T10:59:26+01:00,8,13,11,0,400344,0.396220,1710,1695,1625,100000,40.03,40.03,259,1558
n012w8-0,n012w8,0,5,1000000,100.0,adaptive,2026-07-04T10:59:26+01:00,8,13,11,0,500344,0.099526,1710,1695,1625,100000,50.03,50.03,259,1298
n012w8-0,n012w8,0,5,1000000,100.0,adaptive,2026-07-04T10:59:26+01:00,8,13,11,0,600344,0.025000,1710,1695,1625,100000,60.03,60.03,259,1038
n012w8-0,n012w8,0,5,1000000,100.0,adaptive,2026-07-04T10:59:26+01:00,8,13,11,0,700344,0.006280,1710,1695,1625,100000,70.03,70.03,259,778
n012w8-0,n012w8,0,5,1000000,100.0,adaptive,2026-07-04T10:59:26+01:00,8,13,11,0,800344,0.001577,1710,1695,1625,100000,80.03,80.03,259,518
n012w8-0,n012w8,0,5,1000000,100.0,adaptive,2026-07-04T10:59:26+01:00,8,13,11,0,900344,0.000396,1710,1695,1625,100000,90.03,90.03,259,259
n012w8-0,n012w8,0,5,1000000,100.0,adaptive,2026-07-04T10:59:26+01:00,8,7,5,0,280705,2.069045,1645,1630,1625,100000,28.07,28.07,259,1869
n012w8-0,n012w8,0,5,1000000,100.0,adaptive,2026-07-04T10:59:26+01:00,8,7,5,0,380705,0.519721,1645,1630,1625,100000,38.07,38.07,259,1609
n012w8-0,n012w8,0,5,1000000,100.0,adaptive,2026-07-04T10:59:26+01:00,8,7,5,0,480705,0.130548,1645,1630,1625,100000,48.07,48.07,259,1349
n012w8-0,n012w8,0,5,1000000,100.0,adaptive,2026-07-04T10:59:26+01:00,8,7,5,0,580705,0.032792,1645,1630,1625,100000,58.07,58.07,259,1089
n012w8-0,n012w8,0,5,1000000,100.0,adaptive,2026-07-04T10:59:26+01:00,8,7,5,0,680705,0.008237,1645,1630,1625,100000,68.07,68.07,259,829
n012w8-0,n012w8,0,5,1000000,100.0,adaptive,2026-07-04T10:59:26+01:00,8,7,5,0,780705,0.002069,1645,1630,1625,100000,78.07,78.07,259,569
n012w8-0,n012w8,0,5,1000000,100.0,adaptive,2026-07-04T10:59:26+01:00,8,7,5,0,880705,0.000520,1645,1630,1625,100000,88.07,88.07,259,310
n012w8-0,n012w8,0,5,1000000,100.0,adaptive,2026-07-04T10:59:26+01:00,8,7,5,0,980705,0.000131,1645,1630,1625,100000,98.07,98.07,259,50
n012w8-0,n012w8,0,5,1000000,100.0,adaptive,2026-07-04T10:59:26+01:00,8,3,-1,0,168915,0.000000,3225,2515,1630,100000,16.89,16.89,259,2159
n012w8-0,n012w8,0,5,1000000,100.0,adaptive,2026-07-04T10:59:26+01:00,8,3,-1,0,268915,0.000000,3710,2515,1630,100000,26.89,26.89,259,1900
n012w8-0,n012w8,0,5,1000000,100.0,adaptive,2026-07-04T10:59:26+01:00,8,3,-1,0,368915,0.000000,3425,2515,1625,100000,36.89,36.89,259,1640
n012w8-0,n012w8,0,5,1000000,100.0,adaptive,2026-07-04T10:59:26+01:00,8,3,-1,0,468915,0.000000,3750,2515,1625,100000,46.89,46.89,259,1380
n012w8-0,n012w8,0,5,1000000,100.0,adaptive,2026-07-04T10:59:26+01:00,8,3,-1,0,568915,0.000000,3370,2515,1625,100000,56.89,56.89,259,1120
n012w8-0,n012w8,0,5,1000000,100.0,adaptive,2026-07-04T10:59:26+01:00,8,3,-1,0,668915,0.000000,3900,2515,1625,100000,66.89,66.89,259,860
n012w8-0,n012w8,0,5,1000000,100.0,adaptive,2026-07-04T10:59:26+01:00,8,3,-1,0,768915,0.000000,3650,2515,1625,100000,76.89,76.89,259,600
n012w8-0,n012w8,0,5,1000000,100.0,adaptive,2026-07-04T10:59:26+01:00,8,3,-1,0,868915,0.000000,3740,2515,1625,100000,86.89,86.89,259,340
n012w8-0,n012w8,0,5,1000000,100.0,adaptive,2026-07-04T10:59:26+01:00,8,3,-1,0,968915,0.000000,3655,2515,1625,100000,96.89,96.89,259,80
n012w8-0,n012w8,0,5,1000000,100.0,adaptive,2026-07-04T10:59:26+01:00,8,6,4,0,100001,0.000000,3570,2180,1630,100000,10.00,10.00,259,2339
n012w8-0,n012w8,0,5,1000000,100.0,adaptive,2026-07-04T10:59:26+01:00,8,6,4,0,200001,0.000000,3470,2180,1630,100000,20.00,20.00,259,2079
n012w8-0,n012w8,0,5,1000000,100.0,adaptive,2026-07-04T10:59:26+01:00,8,6,4,0,300001,0.000000,3210,2180,1625,100000,30.00,30.00,259,1819
n012w8-0,n012w8,0,5,1000000,100.0,adaptive,2026-07-04T10:59:26+01:00,8,6,4,0,400001,0.000000,4040,2180,1625,100000,40.00,40.00,259,1559
n012w8-0,n012w8,0,5,1000000,100.0,adaptive,2026-07-04T10:59:26+01:00,8,6,4,0,500001,0.000000,3625,2180,1625,100000,50.00,50.00,259,1299
n012w8-0,n012w8,0,5,1000000,100.0,adaptive,2026-07-04T10:59:26+01:00,8,6,4,0,600001,0.000000,3870,2180,1625,100000,60.00,60.00,259,1039
n012w8-0,n012w8,0,5,1000000,100.0,adaptive,2026-07-04T10:59:26+01:00,8,6,4,0,700001,0.000000,3495,2180,1625,100000,70.00,70.00,259,779
n012w8-0,n012w8,0,5,1000000,100.0,adaptive,2026-07-04T10:59:26+01:00,8,6,4,0,800001,0.000000,4095,2180,1625,100000,80.00,80.00,259,519
n012w8-0,n012w8,0,5,1000000,100.0,adaptive,2026-07-04T10:59:26+01:00,8,6,4,0,900001,0.000000,4060,2180,1625,100000,90.00,90.00,259,259
n012w8-0,n012w8,0,5,1000000,100.0,adaptive,2026-07-04T10:59:26+01:00,8,10,8,0,302398,50.118723,2555,1625,1625,100000,30.24,30.24,259,1813
n012w8-0,n012w8,0,5,1000000,100.0,adaptive,2026-07-04T10:59:26+01:00,8,10,8,0,402398,50.118723,2635,1625,1625,100000,40.24,40.24,259,1553
n012w8-0,n012w8,0,5,1000000,100.0,adaptive,2026-07-04T10:59:26+01:00,8,10,8,0,502398,50.118723,2345,1625,1625,100000,50.24,50.24,259,1293
n012w8-0,n012w8,0,5,1000000,100.0,adaptive,2026-07-04T10:59:26+01:00,8,10,8,0,602398,50.118723,2850,1625,1625,100000,60.24,60.24,259,1033
n012w8-0,n012w8,0,5,1000000,100.0,adaptive,2026-07-04T10:59:26+01:00,8,10,8,0,702398,50.118723,2825,1625,1625,100000,70.24,70.24,259,773
n012w8-0,n012w8,0,5,1000000,100.0,adaptive,2026-07-04T10:59:26+01:00,8,10,8,0,802398,50.118723,2700,1625,1625,100000,80.24,80.24,259,513
n012w8-0,n012w8,0,5,1000000,100.0,adaptive,2026-07-04T10:59:26+01:00,8,10,8,0,902398,50.118723,2445,1625,1625,100000,90.24,90.24,259,253
n012w8-0,n012w8,0,5,1000000,100.0,adaptive,2026-07-04T10:59:26+01:00,8,12,10,0,100001,0.000000,3485,1725,1630,100000,10.00,10.00,259,2339
n012w8-0,n012w8,0,5,1000000,100.0,adaptive,2026-07-04T10:59:26+01:00,8,12,10,0,200001,0.000000,3890,1725,1625,100000,20.00,20.00,259,2079
n012w8-0,n012w8,0,5,1000000,100.0,adaptive,2026-07-04T10:59:26+01:00,8,12,10,0,300001,0.000000,4155,1725,1625,100000,30.00,30.00,259,1819
n012w8-0,n012w8,0,5,1000000,100.0,adaptive,2026-07-04T10:59:26+01:00,8,12,10,0,400001,0.000000,3630,1725,1625,100000,40.00,40.00,259,1559
n012w8-0,n012w8,0,5,1000000,100.0,adaptive,2026-07-04T10:59:26+01:00,8,12,10,0,500001,0.000000,4300,1725,1625,100000,50.00,50.00,259,1299
n012w8-0,n012w8,0,5,1000000,100.0,adaptive,2026-07-04T10:59:26+01:00,8,12,10,0,600001,0.000000,3640,1725,1625,100000,60.00,60.00,259,1039
n012w8-0,n012w8,0,5,1000000,100.0,adaptive,2026-07-04T10:59:26+01:00,8,12,10,0,700001,0.000000,3760,1725,1625,100000,70.00,70.00,259,779
n012w8-0,n012w8,0,5,1000000,100.0,adaptive,2026-07-04T10:59:26+01:00,8,12,10,0,800001,0.000000,3800,1725,1625,100000,80.00,80.00,259,519
n012w8-0,n012w8,0,5,1000000,100.0,adaptive,2026-07-04T10:59:26+01:00,8,12,10,0,900001,0.000000,3855,1725,1625,100000,90.00,90.00,259,259
n012w8-0,n012w8,0,5,1000000,100.0,adaptive,2026-07-04T10:59:26+01:00,8,15,13,0,100001,0.000000,3675,1695,1630,100000,10.00,10.00,259,2339
n012w8-0,n012w8,0,5,1000000,100.0,adaptive,2026-07-04T10:59:26+01:00,8,15,13,0,200001,0.000000,3770,1695,1625,100000,20.00,20.00,259,2079
n012w8-0,n012w8,0,5,1000000,100.0,adaptive,2026-07-04T10:59:26+01:00,8,15,13,0,300001,0.000000,3720,1695,1625,100000,30.00,30.00,259,1819
n012w8-0,n012w8,0,5,1000000,100.0,adaptive,2026-07-04T10:59:26+01:00,8,15,13,0,400001,0.000000,3930,1695,1625,100000,40.00,40.00,259,1559
n012w8-0,n012w8,0,5,1000000,100.0,adaptive,2026-07-04T10:59:26+01:00,8,15,13,0,500001,0.000000,3590,1695,1625,100000,50.00,50.00,259,1299
n012w8-0,n012w8,0,5,1000000,100.0,adaptive,2026-07-04T10:59:26+01:00,8,15,13,0,600001,0.000000,3540,1695,1625,100000,60.00,60.00,259,1039
n012w8-0,n012w8,0,5,1000000,100.0,adaptive,2026-07-04T10:59:26+01:00,8,15,13,0,700001,0.000000,3640,1695,1625,100000,70.00,70.00,259,779
n012w8-0,n012w8,0,5,1000000,100.0,adaptive,2026-07-04T10:59:26+01:00,8,15,13,0,800001,0.000000,3670,1695,1625,100000,80.00,80.00,259,519
n012w8-0,n012w8,0,5,1000000,100.0,adaptive,2026-07-04T10:59:26+01:00,8,15,13,0,900001,0.000000,3700,1695,1625,100000,90.00,90.00,259,259
n012w8-0,n012w8,0,5,1000000,100.0,adaptive,2026-07-04T10:59:26+01:00,8,9,7,0,100001,0.000000,3650,1800,1630,100000,10.00,10.00,259,2339
n012w8-0,n012w8,0,5,1000000,100.0,adaptive,2026-07-04T10:59:26+01:00,8,9,7,0,200001,0.000000,3355,1800,1630,100000,20.00,20.00,259,2079
n012w8-0,n012w8,0,5,1000000,100.0,adaptive,2026-07-04T10:59:26+01:00,8,9,7,0,300001,0.000000,3935,1800,1625,100000,30.00,30.00,259,1819
n012w8-0,n012w8,0,5,1000000,100.0,adaptive,2026-07-04T10:59:26+01:00,8,9,7,0,400001,0.000000,3545,1800,1625,100000,40.00,40.00,259,1559
n012w8-0,n012w8,0,5,1000000,100.0,adaptive,2026-07-04T10:59:26+01:00,8,9,7,0,500001,0.000000,3315,1800,1625,100000,50.00,50.00,259,1299
n012w8-0,n012w8,0,5,1000000,100.0,adaptive,2026-07-04T10:59:26+01:00,8,9,7,0,600001,0.000000,3525,1800,1625,100000,60.00,60.00,259,1039
n012w8-0,n012w8,0,5,1000000,100.0,adaptive,2026-07-04T10:59:26+01:00,8,9,7,0,700001,0.000000,3755,1800,1625,100000,70.00,70.00,259,779
n012w8-0,n012w8,0,5,1000000,100.0,adaptive,2026-07-04T10:59:26+01:00,8,9,7,0,800001,0.000000,3630,1800,1625,100000,80.00,80.00,259,519
n012w8-0,n012w8,0,5,1000000,100.0,adaptive,2026-07-04T10:59:26+01:00,8,9,7,0,900001,0.000000,3930,1800,1625,100000,90.00,90.00,259,259
n012w8-0,n012w8,0,5,1000000,100.0,adaptive,2026-07-04T10:59:26+01:00,8,16,14,0,200344,6.279658,1680,1625,1625,100000,20.03,20.03,259,2078
n012w8-0,n012w8,0,5,1000000,100.0,adaptive,2026-07-04T10:59:26+01:00,8,16,14,0,300344,1.577379,1675,1625,1625,100000,30.03,30.03,259,1818
n012w8-0,n012w8,0,5,1000000,100.0,adaptive,2026-07-04T10:59:26+01:00,8,16,14,0,400344,0.396220,1675,1625,1625,100000,40.03,40.03,259,1558
n012w8-0,n012w8,0,5,1000000,100.0,adaptive,2026-07-04T10:59:26+01:00,8,16,14,0,500344,0.099526,1675,1625,1625,100000,50.03,50.03,259,1298
n012w8-0,n012w8,0,5,1000000,100.0,adaptive,2026-07-04T10:59:26+01:00,8,16,14,0,600344,0.025000,1675,1625,1625,100000,60.03,60.03,259,1038
n012w8-0,n012w8,0,5,1000000,100.0,adaptive,2026-07-04T10:59:26+01:00,8,16,14,0,700344,0.006280,1675,1625,1625,100000,70.03,70.03,259,778
n012w8-0,n012w8,0,5,1000000,100.0,adaptive,2026-07-04T10:59:26+01:00,8,16,14,0,800344,0.001577,1675,1625,1625,100000,80.03,80.03,259,518
n012w8-0,n012w8,0,5,1000000,100.0,adaptive,2026-07-04T10:59:26+01:00,8,16,14,0,900344,0.000396,1675,1625,1625,100000,90.03,90.03,259,259
n012w8-0,n012w8,0,5,1000000,100.0,adaptive,2026-07-04T10:59:26+01:00,8,18,16,0,100001,0.000000,4045,1625,1625,100000,10.00,10.00,259,2339
n012w8-0,n012w8,0,5,1000000,100.0,adaptive,2026-07-04T10:59:26+01:00,8,18,16,0,200001,0.000000,4015,1625,1625,100000,20.00,20.00,259,2079
n012w8-0,n012w8,0,5,1000000,100.0,adaptive,2026-07-04T10:59:26+01:00,8,18,16,0,300001,0.000000,3520,1625,1625,100000,30.00,30.00,259,1819
n012w8-0,n012w8,0,5,1000000,100.0,adaptive,2026-07-04T10:59:26+01:00,8,18,16,0,400001,0.000000,3150,1625,1625,100000,40.00,40.00,259,1559
n012w8-0,n012w8,0,5,1000000,100.0,adaptive,2026-07-04T10:59:26+01:00,8,18,16,0,500001,0.000000,3620,1625,1625,100000,50.00,50.00,259,1299
n012w8-0,n012w8,0,5,1000000,100.0,adaptive,2026-07-04T10:59:26+01:00,8,18,16,0,600001,0.000000,3535,1625,1625,100000,60.00,60.00,259,1039
n012w8-0,n012w8,0,5,1000000,100.0,adaptive,2026-07-04T10:59:26+01:00,8,18,16,0,700001,0.000000,4260,1625,1625,100000,70.00,70.00,259,779
n012w8-0,n012w8,0,5,1000000,100.0,adaptive,2026-07-04T10:59:26+01:00,8,18,16,0,800001,0.000000,3880,1625,1625,100000,80.00,80.00,259,519
n012w8-0,n012w8,0,5,1000000,100.0,adaptive,2026-07-04T10:59:26+01:00,8,18,16,0,900001,0.000000,3285,1625,1625,100000,90.00,90.00,259,259
