run_id,instance,seed,beam_width,iterations,temperature,cooling_mode,timestamp,week,worker_id,beam_path,candidate,elapsed_ms,temperature_at_event,current_penalty,previous_best,new_best,improvement,improvement_percent,event_type,branch_depth,seed_used,accepted_worse_count,hard_reject_count,soft_reject_count,discovery_number,cands_since_previous,time_since_previous_ms,improvement_per_10k,improvement_per_second,post_reheat_improved,post_reheat_best_delta,post_reheat_candidates_to_improve,post_reheat_spawned_branch,post_reheat_beat_global,post_reheat_on_winning_lineage
n012w8-0,n012w8,0,5,500000,100.0,adaptive,2026-07-04T12:09:41+01:00,1,3,3,1,1,0.000000,3550,3800,3550,250,6.5789,GLOBAL_BEST,0,777,0,2,0,1,1,1,2500000.0000,250000.0000,0,0,0,0,0,0
n012w8-0,n012w8,0,5,500000,100.0,adaptive,2026-07-04T12:09:41+01:00,1,1,3,1,1,100.000000,3755,3800,3755,45,1.1842,LOCAL_BEST,0,777,0,5,0,2,0,0,0.0000,0.0000,0,0,0,0,0,0
n012w8-0,n012w8,0,5,500000,100.0,adaptive,2026-07-04T12:09:41+01:00,1,1,3,2,1,99.997237,3575,3755,3575,180,4.7936,LOCAL_BEST,0,777,0,5,0,3,1,0,1800000.0000,0.0000,0,0,0,0,0,0
n012w8-0,n012w8,0,5,500000,100.0,adaptive,2026-07-04T12:09:41+01:00,1,3,3,3,1,0.000000,3340,3550,3340,210,5.9155,GLOBAL_BEST,0,777,0,4,1,4,1,0,2100000.0000,0.0000,0,0,0,0,0,0
n012w8-0,n012w8,0,5,500000,100.0,adaptive,2026-07-04T12:09:41+01:00,1,2,3,3,1,0.000000,3580,3800,3580,220,5.7895,LOCAL_BEST,0,777,0,3,0,5,0,0,0.0000,0.0000,0,0,0,0,0,0
n012w8-0,n012w8,0,5,500000,100.0,adaptive,2026-07-04T12:09:41+01:00,1,2,3,4,1,0.000000,3430,3580,3430,150,4.1899,LOCAL_BEST,0,777,0,3,0,6,1,0,1500000.0000,0.0000,0,0,0,0,0,0
n012w8-0,n012w8,0,5,500000,100.0,adaptive,2026-07-04T12:09:41+01:00,1,2,3,5,1,0.000000,3220,3430,3220,210,6.1224,LOCAL_BEST,0,777,0,7,0,7,1,0,2100000.0000,0.0000,0,0,0,0,0,0
n012w8-0,n012w8,0,5,500000,100.0,adaptive,2026-07-04T12:09:41+01:00,1,1,3,7,1,99.983423,3470,3575,3470,105,2.9371,LOCAL_BEST,0,777,0,15,1,8,2,0,525000.0000,0.0000,0,0,0,0,0,0
n012w8-0,n012w8,0,5,500000,100.0,adaptive,2026-07-04T12:09:41+01:00,1,2,3,7,1,0.000000,3040,3220,3040,180,5.5901,LOCAL_BEST,0,777,0,10,0,9,0,0,0.0000,0.0000,0,0,0,0,0,0
n012w8-0,n012w8,0,5,500000,100.0,adaptive,2026-07-04T12:09:41+01:00,1,3,3,8,1,0.000000,3205,3340,3205,135,4.0419,GLOBAL_BEST,0,777,1,6,1,10,1,0,1350000.0000,0.0000,0,0,0,0,0,0
n012w8-0,n012w8,0,5,500000,100.0,adaptive,2026-07-04T12:09:41+01:00,1,1,3,9,1,99.977898,3455,3470,3455,15,0.4323,LOCAL_BEST,0,777,0,23,1,11,1,0,150000.0000,0.0000,0,0,0,0,0,0
n012w8-0,n012w8,0,5,500000,100.0,adaptive,2026-07-04T12:09:41+01:00,1,1,3,10,1,99.975135,3395,3455,3395,60,1.7366,LOCAL_BEST,0,777,0,24,1,12,1,0,600000.0000,0.0000,0,0,0,0,0,0
n012w8-0,n012w8,0,5,500000,100.0,adaptive,2026-07-04T12:09:41+01:00,1,3,3,10,1,0.000000,3055,3205,3055,150,4.6802,GLOBAL_BEST,0,777,1,8,2,13,0,0,0.0000,0.0000,0,0,0,0,0,0
n012w8-0,n012w8,0,5,500000,100.0,adaptive,2026-07-04T12:09:41+01:00,1,3,3,13,1,0.000000,3040,3055,3040,15,0.4910,GLOBAL_BEST,0,777,3,13,2,14,3,0,50000.0000,0.0000,0,0,0,0,0,0
n012w8-0,n012w8,0,5,500000,100.0,adaptive,2026-07-04T12:09:41+01:00,1,1,3,14,1,99.964086,3285,3395,3285,110,3.2401,LOCAL_BEST,0,777,0,29,3,15,1,0,1100000.0000,0.0000,0,0,0,0,0,0
n012w8-0,n012w8,0,5,500000,100.0,adaptive,2026-07-04T12:09:41+01:00,1,3,3,14,1,0.000000,2700,3040,2700,340,11.1842,GLOBAL_BEST,0,777,3,14,2,16,0,0,0.0000,0.0000,0,0,0,0,0,0
n012w8-0,n012w8,0,5,500000,100.0,adaptive,2026-07-04T12:09:41+01:00,1,2,3,14,1,0.000000,2985,3040,2985,55,1.8092,LOCAL_BEST,0,777,0,19,0,17,0,0,0.0000,0.0000,0,0,0,0,0,0
n012w8-0,n012w8,0,5,500000,100.0,adaptive,2026-07-04T12:09:41+01:00,1,3,3,15,1,0.000000,2670,2700,2670,30,1.1111,GLOBAL_BEST,0,777,3,14,2,18,1,0,300000.0000,0.0000,0,0,0,0,0,0
n012w8-0,n012w8,0,5,500000,100.0,adaptive,2026-07-04T12:09:41+01:00,1,2,3,15,1,0.000000,2670,2985,2670,315,10.5528,LOCAL_BEST,0,777,0,20,0,19,0,0,0.0000,0.0000,0,0,0,0,0,0
n012w8-0,n012w8,0,5,500000,100.0,adaptive,2026-07-04T12:09:41+01:00,1,3,3,18,1,0.000000,2635,2670,2635,35,1.3109,GLOBAL_BEST,0,777,4,19,2,20,3,0,116666.6667,0.0000,0,0,0,0,0,0
n012w8-0,n012w8,0,5,500000,100.0,adaptive,2026-07-04T12:09:41+01:00,1,1,3,20,1,99.947515,3195,3285,3195,90,2.7397,LOCAL_BEST,0,777,2,44,4,21,2,0,450000.0000,0.0000,0,0,0,0,0,0
n012w8-0,n012w8,0,5,500000,100.0,adaptive,2026-07-04T12:09:41+01:00,1,1,3,23,1,99.939230,3165,3195,3165,30,0.9390,LOCAL_BEST,0,777,2,54,5,22,3,0,100000.0000,0.0000,0,0,0,0,0,0
n012w8-0,n012w8,0,5,500000,100.0,adaptive,2026-07-04T12:09:41+01:00,1,2,3,23,1,0.000000,2650,2670,2650,20,0.7491,LOCAL_BEST,0,777,0,36,0,23,0,0,0.0000,0.0000,0,0,0,0,0,0
n012w8-0,n012w8,0,5,500000,100.0,adaptive,2026-07-04T12:09:41+01:00,1,1,3,29,1,99.922663,3015,3165,3015,150,4.7393,LOCAL_BEST,0,777,2,59,7,24,6,0,250000.0000,0.0000,0,0,0,0,0,0
n012w8-0,n012w8,0,5,500000,100.0,adaptive,2026-07-04T12:09:41+01:00,1,1,3,31,1,99.917141,2880,3015,2880,135,4.4776,LOCAL_BEST,0,777,2,66,7,25,2,0,675000.0000,0.0000,0,0,0,0,0,0
n012w8-0,n012w8,0,5,500000,100.0,adaptive,2026-07-04T12:09:41+01:00,1,1,3,32,1,99.914381,2835,2880,2835,45,1.5625,LOCAL_BEST,0,777,2,70,7,26,1,0,450000.0000,0.0000,0,0,0,0,0,0
n012w8-0,n012w8,0,5,500000,100.0,adaptive,2026-07-04T12:09:41+01:00,1,1,3,42,1,99.886777,2645,2835,2645,190,6.7019,LOCAL_BEST,0,777,4,86,9,27,10,0,190000.0000,0.0000,0,0,0,0,0,0
n012w8-0,n012w8,0,5,500000,100.0,adaptive,2026-07-04T12:09:41+01:00,1,3,3,48,1,0.000000,2565,2635,2565,70,2.6565,GLOBAL_BEST,0,777,11,75,4,28,6,0,116666.6667,0.0000,0,0,0,0,0,0
n012w8-0,n012w8,0,5,500000,100.0,adaptive,2026-07-04T12:09:41+01:00,1,3,3,49,1,0.000000,2475,2565,2475,90,3.5088,GLOBAL_BEST,0,777,11,75,4,29,1,0,900000.0000,0.0000,0,0,0,0,0,0
n012w8-0,n012w8,0,5,500000,100.0,adaptive,2026-07-04T12:09:41+01:00,1,3,3,53,1,0.000000,2435,2475,2435,40,1.6162,GLOBAL_BEST,0,777,13,83,4,30,4,0,100000.0000,0.0000,0,0,0,0,0,0
n012w8-0,n012w8,0,5,500000,100.0,adaptive,2026-07-04T12:09:41+01:00,1,3,3,54,1,0.000000,2405,2435,2405,30,1.2320,GLOBAL_BEST,0,777,13,84,4,31,1,0,300000.0000,0.0000,0,0,0,0,0,0
n012w8-0,n012w8,0,5,500000,100.0,adaptive,2026-07-04T12:09:41+01:00,1,1,3,59,1,99.839868,2605,2645,2605,40,1.5123,LOCAL_BEST,0,777,9,139,11,32,5,0,80000.0000,0.0000,0,0,0,0,0,0
n012w8-0,n012w8,0,5,500000,100.0,adaptive,2026-07-04T12:09:41+01:00,1,1,3,60,1,99.837110,2575,2605,2575,30,1.1516,LOCAL_BEST,0,777,9,141,11,33,1,0,300000.0000,0.0000,0,0,0,0,0,0
n012w8-0,n012w8,0,5,500000,100.0,adaptive,2026-07-04T12:09:41+01:00,1,5,3,62,46,0.000000,915,930,915,15,1.6129,LOCAL_BEST,1,777,0,102,51,34,2,45,75000.0000,333.3333,0,0,0,0,0,0
n012w8-0,n012w8,0,5,500000,100.0,adaptive,2026-07-04T12:09:41+01:00,1,1,3,64,1,99.826076,2560,2575,2560,15,0.5825,LOCAL_BEST,0,777,9,146,12,35,2,-45,75000.0000,0.0000,0,0,0,0,0,0
n012w8-0,n012w8,0,5,500000,100.0,adaptive,2026-07-04T12:09:41+01:00,1,1,3,69,1,99.812285,2545,2560,2545,15,0.5859,LOCAL_BEST,0,777,11,164,12,36,5,0,30000.0000,0.0000,0,0,0,0,0,0
n012w8-0,n012w8,0,5,500000,100.0,adaptive,2026-07-04T12:09:41+01:00,1,1,3,70,1,99.809528,2365,2545,2365,180,7.0727,GLOBAL_BEST,0,777,11,164,12,37,1,0,1800000.0000,0.0000,0,0,0,0,0,0
n012w8-0,n012w8,0,5,500000,100.0,adaptive,2026-07-04T12:09:41+01:00,1,1,3,71,1,99.806770,2305,2365,2305,60,2.5370,GLOBAL_BEST,0,777,11,168,12,38,1,0,600000.0000,0.0000,0,0,0,0,0,0
n012w8-0,n012w8,0,5,500000,100.0,adaptive,2026-07-04T12:09:41+01:00,1,1,3,72,1,99.804012,2275,2305,2275,30,1.3015,GLOBAL_BEST,0,777,11,168,12,39,1,0,300000.0000,0.0000,0,0,0,0,0,0
n012w8-0,n012w8,0,5,500000,100.0,adaptive,2026-07-04T12:09:41+01:00,1,1,3,73,1,99.801254,2245,2275,2245,30,1.3187,GLOBAL_BEST,0,777,11,170,12,40,1,0,300000.0000,0.0000,0,0,0,0,0,0
n012w8-0,n012w8,0,5,500000,100.0,adaptive,2026-07-04T12:09:41+01:00,1,5,3,76,46,0.000000,870,915,870,45,4.9180,GLOBAL_BEST,1,777,0,125,62,41,3,45,150000.0000,1000.0000,0,0,0,0,0,0
n012w8-0,n012w8,0,5,500000,100.0,adaptive,2026-07-04T12:09:41+01:00,1,2,3,77,1,0.000000,2610,2650,2610,40,1.5094,LOCAL_BEST,0,777,0,130,0,42,1,-45,400000.0000,0.0000,0,0,0,0,0,0
n012w8-0,n012w8,0,5,500000,100.0,adaptive,2026-07-04T12:09:41+01:00,1,2,3,78,1,0.000000,2490,2610,2490,120,4.5977,LOCAL_BEST,0,777,0,133,0,43,1,0,1200000.0000,0.0000,0,0,0,0,0,0
n012w8-0,n012w8,0,5,500000,100.0,adaptive,2026-07-04T12:09:41+01:00,1,2,3,79,1,0.000000,2400,2490,2400,90,3.6145,LOCAL_BEST,0,777,0,143,0,44,1,0,900000.0000,0.0000,0,0,0,0,0,0
n012w8-0,n012w8,0,5,500000,100.0,adaptive,2026-07-04T12:09:41+01:00,1,3,3,80,1,0.000000,2380,2405,2380,25,1.0395,LOCAL_BEST,0,777,22,139,4,45,1,0,250000.0000,0.0000,0,0,0,0,0,0
n012w8-0,n012w8,0,5,500000,100.0,adaptive,2026-07-04T12:09:41+01:00,1,2,3,81,1,0.000000,2330,2400,2330,70,2.9167,LOCAL_BEST,0,777,0,148,0,46,1,0,700000.0000,0.0000,0,0,0,0,0,0
n012w8-0,n012w8,0,5,500000,100.0,adaptive,2026-07-04T12:09:41+01:00,1,1,3,84,1,99.770925,2210,2245,2210,35,1.5590,GLOBAL_BEST,0,777,12,191,15,47,3,0,116666.6667,0.0000,0,0,0,0,0,0
n012w8-0,n012w8,0,5,500000,100.0,adaptive,2026-07-04T12:09:41+01:00,1,3,3,85,1,0.000000,2320,2380,2320,60,2.5210,LOCAL_BEST,0,777,23,144,4,48,1,0,600000.0000,0.0000,0,0,0,0,0,0
n012w8-0,n012w8,0,5,500000,100.0,adaptive,2026-07-04T12:09:41+01:00,1,1,3,86,1,99.765412,2195,2210,2195,15,0.6787,GLOBAL_BEST,0,777,12,191,15,49,1,0,150000.0000,0.0000,0,0,0,0,0,0
n012w8-0,n012w8,0,5,500000,100.0,adaptive,2026-07-04T12:09:41+01:00,1,1,3,87,1,99.762655,2085,2195,2085,110,5.0114,GLOBAL_BEST,0,777,12,192,15,50,1,0,1100000.0000,0.0000,0,0,0,0,0,0
n012w8-0,n012w8,0,5,500000,100.0,adaptive,2026-07-04T12:09:41+01:00,1,2,3,89,1,0.000000,2265,2330,2265,65,2.7897,LOCAL_BEST,0,777,0,162,0,51,2,0,325000.0000,0.0000,0,0,0,0,0,0
n012w8-0,n012w8,0,5,500000,100.0,adaptive,2026-07-04T12:09:41+01:00,1,2,3,90,1,0.000000,2220,2265,2220,45,1.9868,LOCAL_BEST,0,777,0,167,0,52,1,0,450000.0000,0.0000,0,0,0,0,0,0
n012w8-0,n012w8,0,5,500000,100.0,adaptive,2026-07-04T12:09:41+01:00,1,1,3,92,1,99.748874,2080,2085,2080,5,0.2398,GLOBAL_BEST,0,777,13,202,16,53,2,0,25000.0000,0.0000,0,0,0,0,0,0
n012w8-0,n012w8,0,5,500000,100.0,adaptive,2026-07-04T12:09:41+01:00,1,1,3,95,1,99.740605,2005,2080,2005,75,3.6058,GLOBAL_BEST,0,777,13,206,16,54,3,0,250000.0000,0.0000,0,0,0,0,0,0
n012w8-0,n012w8,0,5,500000,100.0,adaptive,2026-07-04T12:09:41+01:00,1,1,3,132,1,99.638688,1925,2005,1925,80,3.9900,GLOBAL_BEST,0,777,27,277,25,55,37,0,21621.6216,0.0000,0,0,0,0,0,0
n012w8-0,n012w8,0,5,500000,100.0,adaptive,2026-07-04T12:09:41+01:00,1,5,3,137,46,0.000000,810,870,810,60,6.8966,GLOBAL_BEST,1,777,0,214,102,56,5,45,120000.0000,1333.3333,0,0,0,0,0,0
n012w8-0,n012w8,0,5,500000,100.0,adaptive,2026-07-04T12:09:41+01:00,1,3,3,143,1,0.000000,2295,2320,2295,25,1.0776,LOCAL_BEST,0,777,47,271,5,57,6,-45,41666.6667,0.0000,0,0,0,0,0,0
n012w8-0,n012w8,0,5,500000,100.0,adaptive,2026-07-04T12:09:41+01:00,1,3,3,144,1,0.000000,2130,2295,2130,165,7.1895,LOCAL_BEST,0,777,47,272,5,58,1,0,1650000.0000,0.0000,0,0,0,0,0,0
n012w8-0,n012w8,0,5,500000,100.0,adaptive,2026-07-04T12:09:41+01:00,1,1,3,151,1,99.586392,1825,1925,1825,100,5.1948,GLOBAL_BEST,0,777,33,315,30,59,7,0,142857.1429,0.0000,0,0,0,0,0,0
n012w8-0,n012w8,0,5,500000,100.0,adaptive,2026-07-04T12:09:41+01:00,1,1,3,153,1,99.580889,1780,1825,1780,45,2.4658,GLOBAL_BEST,0,777,33,317,31,60,2,0,225000.0000,0.0000,0,0,0,0,0,0
n012w8-0,n012w8,0,5,500000,100.0,adaptive,2026-07-04T12:09:41+01:00,1,3,3,175,1,0.000000,2115,2130,2115,15,0.7042,LOCAL_BEST,0,777,54,330,6,61,22,0,6818.1818,0.0000,0,0,0,0,0,0
n012w8-0,n012w8,0,5,500000,100.0,adaptive,2026-07-04T12:09:41+01:00,1,1,3,199,1,99.454400,1765,1780,1765,15,0.8427,GLOBAL_BEST,0,777,46,403,44,62,24,0,6250.0000,0.0000,0,0,0,0,0,0
n012w8-0,n012w8,0,5,500000,100.0,adaptive,2026-07-04T12:09:41+01:00,1,1,3,211,1,99.421429,1745,1765,1745,20,1.1331,GLOBAL_BEST,0,777,49,416,49,63,12,0,16666.6667,0.0000,0,0,0,0,0,0
n012w8-0,n012w8,0,5,500000,100.0,adaptive,2026-07-04T12:09:41+01:00,1,1,3,215,1,99.410441,1730,1745,1730,15,0.8596,GLOBAL_BEST,0,777,50,419,50,64,4,0,37500.0000,0.0000,0,0,0,0,0,0
n012w8-0,n012w8,0,5,500000,100.0,adaptive,2026-07-04T12:09:41+01:00,1,1,3,219,1,99.399454,1670,1730,1670,60,3.4682,GLOBAL_BEST,0,777,50,427,51,65,4,0,150000.0000,0.0000,0,0,0,0,0,0
n012w8-0,n012w8,0,5,500000,100.0,adaptive,2026-07-04T12:09:41+01:00,1,2,3,269,1,0.000000,2205,2220,2205,15,0.6757,LOCAL_BEST,0,777,0,481,0,66,50,0,3000.0000,0.0000,0,0,0,0,0,0
n012w8-0,n012w8,0,5,500000,100.0,adaptive,2026-07-04T12:09:41+01:00,1,2,3,273,1,0.000000,2190,2205,2190,15,0.6803,LOCAL_BEST,0,777,0,486,0,67,4,0,37500.0000,0.0000,0,0,0,0,0,0
n012w8-0,n012w8,0,5,500000,100.0,adaptive,2026-07-04T12:09:41+01:00,1,2,3,274,1,0.000000,2145,2190,2145,45,2.0548,LOCAL_BEST,0,777,0,489,0,68,1,0,450000.0000,0.0000,0,0,0,0,0,0
n012w8-0,n012w8,0,5,500000,100.0,adaptive,2026-07-04T12:09:41+01:00,1,2,3,276,1,0.000000,2115,2145,2115,30,1.3986,LOCAL_BEST,0,777,0,491,0,69,2,0,150000.0000,0.0000,0,0,0,0,0,0
n012w8-0,n012w8,0,5,500000,100.0,adaptive,2026-07-04T12:09:41+01:00,1,1,3,283,1,99.223833,1655,1670,1655,15,0.8982,GLOBAL_BEST,0,777,68,527,74,70,7,0,21428.5714,0.0000,0,0,0,0,0,0
n012w8-0,n012w8,0,5,500000,100.0,adaptive,2026-07-04T12:09:41+01:00,1,1,3,284,1,99.221091,1610,1655,1610,45,2.7190,GLOBAL_BEST,0,777,68,531,74,71,1,0,450000.0000,0.0000,0,0,0,0,0,0
n012w8-0,n012w8,0,5,500000,100.0,adaptive,2026-07-04T12:09:41+01:00,1,1,3,287,1,99.212867,1565,1610,1565,45,2.7950,GLOBAL_BEST,0,777,68,533,76,72,3,0,150000.0000,0.0000,0,0,0,0,0,0
n012w8-0,n012w8,0,5,500000,100.0,adaptive,2026-07-04T12:09:41+01:00,1,3,3,290,1,0.000000,2095,2115,2095,20,0.9456,LOCAL_BEST,0,777,100,523,13,73,3,0,66666.6667,0.0000,0,0,0,0,0,0
n012w8-0,n012w8,0,5,500000,100.0,adaptive,2026-07-04T12:09:41+01:00,1,3,3,291,1,0.000000,1930,2095,1930,165,7.8759,LOCAL_BEST,0,777,100,524,13,74,1,0,1650000.0000,0.0000,0,0,0,0,0,0
n012w8-0,n012w8,0,5,500000,100.0,adaptive,2026-07-04T12:09:41+01:00,1,5,3,312,46,0.000000,780,810,780,30,3.7037,GLOBAL_BEST,1,777,0,458,246,75,21,45,14285.7143,666.6667,0,0,0,0,0,0
n012w8-0,n012w8,0,5,500000,100.0,adaptive,2026-07-04T12:09:41+01:00,1,1,3,353,1,99.032103,1495,1565,1495,70,4.4728,GLOBAL_BEST,0,777,83,624,99,76,41,-45,17073.1707,0.0000,0,0,0,0,0,0
n012w8-0,n012w8,0,5,500000,100.0,adaptive,2026-07-04T12:09:41+01:00,1,2,3,486,1,0.000000,2105,2115,2105,10,0.4728,LOCAL_BEST,0,777,0,847,0,77,133,0,751.8797,0.0000,0,0,0,0,0,0
n012w8-0,n012w8,0,5,500000,100.0,adaptive,2026-07-04T12:09:41+01:00,1,2,3,490,1,0.000000,1975,2105,1975,130,6.1758,LOCAL_BEST,0,777,0,856,0,78,4,0,325000.0000,0.0000,0,0,0,0,0,0
n012w8-0,n012w8,0,5,500000,100.0,adaptive,2026-07-04T12:09:41+01:00,1,2,3,491,1,0.000000,1960,1975,1960,15,0.7595,LOCAL_BEST,0,777,0,856,0,79,1,0,150000.0000,0.0000,0,0,0,0,0,0
n012w8-0,n012w8,0,5,500000,100.0,adaptive,2026-07-04T12:09:41+01:00,1,2,3,507,2,0.000000,1915,1960,1915,45,2.2959,LOCAL_BEST,0,777,0,893,0,80,16,1,28125.0000,45000.0000,0,0,0,0,0,0
n012w8-0,n012w8,0,5,500000,100.0,adaptive,2026-07-04T12:09:41+01:00,1,2,3,534,2,0.000000,1910,1915,1910,5,0.2611,LOCAL_BEST,0,777,0,951,0,81,27,0,1851.8519,0.0000,0,0,0,0,0,0
n012w8-0,n012w8,0,5,500000,100.0,adaptive,2026-07-04T12:09:41+01:00,1,2,3,537,2,0.000000,1880,1910,1880,30,1.5707,LOCAL_BEST,0,777,0,959,0,82,3,0,100000.0000,0.0000,0,0,0,0,0,0
n012w8-0,n012w8,0,5,500000,100.0,adaptive,2026-07-04T12:09:41+01:00,1,2,3,538,2,0.000000,1670,1880,1670,210,11.1702,LOCAL_BEST,0,777,0,962,0,83,1,0,2100000.0000,0.0000,0,0,0,0,0,0
n012w8-0,n012w8,0,5,500000,100.0,adaptive,2026-07-04T12:09:41+01:00,1,1,3,716,2,98.043769,1490,1495,1490,5,0.3344,GLOBAL_BEST,0,777,180,1219,206,84,178,0,280.8989,0.0000,0,0,0,0,0,0
n012w8-0,n012w8,0,5,500000,100.0,adaptive,2026-07-04T12:09:41+01:00,1,1,3,718,2,98.038351,1450,1490,1450,40,2.6846,GLOBAL_BEST,0,777,181,1224,206,85,2,0,200000.0000,0.0000,0,0,0,0,0,0
n012w8-0,n012w8,0,5,500000,100.0,adaptive,2026-07-04T12:09:41+01:00,1,3,3,750,2,0.000000,1880,1930,1880,50,2.5907,LOCAL_BEST,0,777,274,1337,29,86,32,0,15625.0000,0.0000,0,0,0,0,0,0
n012w8-0,n012w8,0,5,500000,100.0,adaptive,2026-07-04T12:09:41+01:00,1,3,3,751,2,0.000000,1850,1880,1850,30,1.5957,LOCAL_BEST,0,777,274,1338,29,87,1,0,300000.0000,0.0000,0,0,0,0,0,0
n012w8-0,n012w8,0,5,500000,100.0,adaptive,2026-07-04T12:09:41+01:00,1,3,3,897,2,0.000000,1785,1850,1785,65,3.5135,LOCAL_BEST,0,777,328,1675,34,88,146,0,4452.0548,0.0000,0,0,0,0,0,0
n012w8-0,n012w8,0,5,500000,100.0,adaptive,2026-07-04T12:09:41+01:00,1,5,3,1094,48,0.000000,685,780,685,95,12.1795,GLOBAL_BEST,1,777,0,1663,829,89,197,46,4822.3350,2065.2174,0,0,0,0,0,0
n012w8-0,n012w8,0,5,500000,100.0,adaptive,2026-07-04T12:09:41+01:00,1,1,3,1855,3,95.006211,1415,1450,1415,35,2.4138,GLOBAL_BEST,0,777,470,3149,591,90,761,-45,459.9212,0.0000,0,0,0,0,0,0
n012w8-0,n012w8,0,5,500000,100.0,adaptive,2026-07-04T12:09:41+01:00,1,1,3,1887,3,94.922245,1395,1415,1395,20,1.4134,GLOBAL_BEST,0,777,476,3192,606,91,32,0,6250.0000,0.0000,0,0,0,0,0,0
n012w8-0,n012w8,0,5,500000,100.0,adaptive,2026-07-04T12:09:41+01:00,1,1,3,2040,4,94.521804,1260,1395,1260,135,9.6774,GLOBAL_BEST,0,777,513,3450,661,92,153,1,8823.5294,135000.0000,0,0,0,0,0,0
n012w8-0,n012w8,0,5,500000,100.0,adaptive,2026-07-04T12:09:41+01:00,1,1,3,2042,4,94.516580,1215,1260,1215,45,3.5714,GLOBAL_BEST,0,777,513,3461,662,93,2,0,225000.0000,0.0000,0,0,0,0,0,0
n012w8-0,n012w8,0,5,500000,100.0,adaptive,2026-07-04T12:09:41+01:00,1,1,3,2048,4,94.500912,1200,1215,1200,15,1.2346,GLOBAL_BEST,0,777,514,3477,665,94,6,0,25000.0000,0.0000,0,0,0,0,0,0
n012w8-0,n012w8,0,5,500000,100.0,adaptive,2026-07-04T12:09:41+01:00,1,1,3,2089,4,94.393915,1190,1200,1190,10,0.8333,GLOBAL_BEST,0,777,524,3545,681,95,41,0,2439.0244,0.0000,0,0,0,0,0,0
n012w8-0,n012w8,0,5,500000,100.0,adaptive,2026-07-04T12:09:41+01:00,1,2,3,2205,4,0.000000,1620,1670,1620,50,2.9940,LOCAL_BEST,0,777,0,3957,159,96,116,0,4310.3448,0.0000,0,0,0,0,0,0
n012w8-0,n012w8,0,5,500000,100.0,adaptive,2026-07-04T12:09:41+01:00,1,3,3,2430,4,0.000000,1745,1785,1745,40,2.2409,LOCAL_BEST,0,777,944,4391,89,97,225,0,1777.7778,0.0000,0,0,0,0,0,0
n012w8-0,n012w8,0,5,500000,100.0,adaptive,2026-07-04T12:09:41+01:00,1,3,3,2431,4,0.000000,1525,1745,1525,220,12.6074,LOCAL_BEST,0,777,944,4393,89,98,1,0,2200000.0000,0.0000,0,0,0,0,0,0
n012w8-0,n012w8,0,5,500000,100.0,adaptive,2026-07-04T12:09:41+01:00,1,3,3,2432,4,0.000000,1420,1525,1420,105,6.8852,LOCAL_BEST,0,777,944,4400,89,99,1,0,1050000.0000,0.0000,0,0,0,0,0,0
n012w8-0,n012w8,0,5,500000,100.0,adaptive,2026-07-04T12:09:41+01:00,1,2,3,3908,7,0.000000,1605,1620,1605,15,0.9259,LOCAL_BEST,0,777,0,6905,595,100,1476,3,101.6260,5000.0000,0,0,0,0,0,0
n012w8-0,n012w8,0,5,500000,100.0,adaptive,2026-07-04T12:09:41+01:00,1,1,3,4341,8,88.699261,1185,1190,1185,5,0.4202,GLOBAL_BEST,0,777,1077,7086,1457,101,433,1,115.4734,5000.0000,0,0,0,0,0,0
n012w8-0,n012w8,0,5,500000,100.0,adaptive,2026-07-04T12:09:41+01:00,1,1,3,4342,8,88.696810,1155,1185,1155,30,2.5316,GLOBAL_BEST,0,777,1077,7086,1457,102,1,0,300000.0000,0.0000,0,0,0,0,0,0
n012w8-0,n012w8,0,5,500000,100.0,adaptive,2026-07-04T12:09:41+01:00,1,2,3,4582,9,0.000000,1600,1605,1600,5,0.3115,LOCAL_BEST,0,777,0,8015,803,103,240,1,208.3333,5000.0000,0,0,0,0,0,0
n012w8-0,n012w8,0,5,500000,100.0,adaptive,2026-07-04T12:09:41+01:00,1,2,3,5942,11,0.000000,1520,1600,1520,80,5.0000,LOCAL_BEST,0,777,0,10515,1311,104,1360,2,588.2353,40000.0000,0,0,0,0,0,0
n012w8-0,n012w8,0,5,500000,100.0,adaptive,2026-07-04T12:09:41+01:00,1,2,3,6118,11,0.000000,1480,1520,1480,40,2.6316,LOCAL_BEST,0,777,0,10836,1374,105,176,0,2272.7273,0.0000,0,0,0,0,0,0
n012w8-0,n012w8,0,5,500000,100.0,adaptive,2026-07-04T12:09:41+01:00,1,1,3,6761,12,82.962150,1020,1155,1020,135,11.6883,GLOBAL_BEST,0,777,1642,10920,2374,106,643,1,2099.5334,135000.0000,0,0,0,0,0,0
n012w8-0,n012w8,0,5,500000,100.0,adaptive,2026-07-04T12:09:41+01:00,1,2,3,6946,12,0.000000,1470,1480,1470,10,0.6757,LOCAL_BEST,0,777,0,12294,1615,107,185,0,540.5405,0.0000,0,0,0,0,0,0
n012w8-0,n012w8,0,5,500000,100.0,adaptive,2026-07-04T12:09:41+01:00,1,2,3,7409,13,0.000000,1415,1470,1415,55,3.7415,LOCAL_BEST,0,777,0,13039,1755,108,463,1,1187.9050,55000.0000,0,0,0,0,0,0
n012w8-0,n012w8,0,5,500000,100.0,adaptive,2026-07-04T12:09:41+01:00,1,2,3,7410,13,0.000000,1370,1415,1370,45,3.1802,LOCAL_BEST,0,777,0,13040,1755,109,1,0,450000.0000,0.0000,0,0,0,0,0,0
n012w8-0,n012w8,0,5,500000,100.0,adaptive,2026-07-04T12:09:41+01:00,1,5,3,8635,61,0.000000,665,685,665,20,2.9197,GLOBAL_BEST,1,777,0,13063,6727,110,1225,48,163.2653,416.6667,0,0,0,0,0,0
n012w8-0,n012w8,0,5,500000,100.0,adaptive,2026-07-04T12:09:41+01:00,1,2,3,9116,17,0.000000,1345,1370,1345,25,1.8248,LOCAL_BEST,0,777,0,15916,2445,111,481,-44,519.7505,0.0000,0,0,0,0,0,0
n012w8-0,n012w8,0,5,500000,100.0,adaptive,2026-07-04T12:09:41+01:00,1,2,3,9979,18,0.000000,1335,1345,1335,10,0.7435,LOCAL_BEST,0,777,0,17365,2802,112,863,1,115.8749,10000.0000,0,0,0,0,0,0
n012w8-0,n012w8,0,5,500000,100.0,adaptive,2026-07-04T12:09:41+01:00,1,2,3,10070,18,0.000000,1260,1335,1260,75,5.6180,LOCAL_BEST,0,777,0,17495,2837,113,91,0,8241.7582,0.0000,0,0,0,0,0,0
n012w8-0,n012w8,0,5,500000,100.0,adaptive,2026-07-04T12:09:41+01:00,1,5,3,10818,65,0.000000,650,665,650,15,2.2556,GLOBAL_BEST,1,777,0,16466,8486,114,748,47,200.5348,319.1489,0,0,0,0,0,0
n012w8-0,n012w8,0,5,500000,100.0,adaptive,2026-07-04T12:09:41+01:00,1,5,3,11632,66,0.000000,610,650,610,40,6.1538,GLOBAL_BEST,1,777,0,17672,9117,115,814,1,491.4005,40000.0000,0,0,0,0,0,0
n012w8-0,n012w8,0,5,500000,100.0,adaptive,2026-07-04T12:09:41+01:00,1,2,3,13504,24,0.000000,1145,1260,1145,115,9.1270,LOCAL_BEST,0,777,0,23079,4429,116,1872,-42,614.3162,0.0000,0,0,0,0,0,0
n012w8-0,n012w8,0,5,500000,100.0,adaptive,2026-07-04T12:09:41+01:00,1,2,3,14157,25,0.000000,1130,1145,1130,15,1.3100,LOCAL_BEST,0,777,0,24252,4760,117,653,1,229.7090,15000.0000,0,0,0,0,0,0
n012w8-0,n012w8,0,5,500000,100.0,adaptive,2026-07-04T12:09:41+01:00,1,5,3,14227,69,0.000000,605,610,605,5,0.8197,GLOBAL_BEST,1,777,0,21791,11234,118,70,44,714.2857,113.6364,0,0,0,0,0,0
n012w8-0,n012w8,0,5,500000,100.0,adaptive,2026-07-04T12:09:41+01:00,1,5,3,14236,69,0.000000,575,605,575,30,4.9587,GLOBAL_BEST,1,777,0,21812,11239,119,9,0,33333.3333,0.0000,0,0,0,0,0,0
n012w8-0,n012w8,0,5,500000,100.0,adaptive,2026-07-04T12:09:41+01:00,1,5,3,17744,76,0.000000,545,575,545,30,5.2174,GLOBAL_BEST,1,777,0,27307,14079,120,3508,7,85.5188,4285.7143,0,0,0,0,0,0
n012w8-0,n012w8,0,5,500000,100.0,adaptive,2026-07-04T12:09:41+01:00,1,2,3,18269,32,0.000000,1115,1130,1115,15,1.3274,LOCAL_BEST,0,777,0,31246,6948,121,525,-44,285.7143,0.0000,0,0,0,0,0,0
n012w8-0,n012w8,0,5,500000,100.0,adaptive,2026-07-04T12:09:41+01:00,1,2,3,18270,32,0.000000,1100,1115,1100,15,1.3453,LOCAL_BEST,0,777,0,31253,6948,122,1,0,150000.0000,0.0000,0,0,0,0,0,0
n012w8-0,n012w8,0,5,500000,100.0,adaptive,2026-07-04T12:09:41+01:00,1,2,3,18541,32,0.000000,1090,1100,1090,10,0.9091,LOCAL_BEST,0,777,0,31775,7085,123,271,0,369.0037,0.0000,0,0,0,0,0,0
n012w8-0,n012w8,0,5,500000,100.0,adaptive,2026-07-04T12:09:41+01:00,1,4,3,21030,84,55.930925,915,930,915,15,1.6129,LOCAL_BEST,1,777,4569,34796,8884,124,2489,52,60.2652,288.4615,0,0,0,0,0,0
n012w8-0,n012w8,0,5,500000,100.0,adaptive,2026-07-04T12:09:41+01:00,1,4,3,21048,84,55.903114,910,915,910,5,0.5464,LOCAL_BEST,1,777,4573,34844,8896,125,18,0,2777.7778,0.0000,0,0,0,0,0,0
n012w8-0,n012w8,0,5,500000,100.0,adaptive,2026-07-04T12:09:41+01:00,1,4,3,21051,84,55.898480,895,910,895,15,1.6484,LOCAL_BEST,1,777,4573,34848,8898,126,3,0,50000.0000,0.0000,0,0,0,0,0,0
n012w8-0,n012w8,0,5,500000,100.0,adaptive,2026-07-04T12:09:41+01:00,1,5,3,21959,82,0.000000,490,545,490,55,10.0917,GLOBAL_BEST,1,777,0,33865,17690,127,908,-2,605.7269,0.0000,0,0,0,0,0,0
n012w8-0,n012w8,0,5,500000,100.0,adaptive,2026-07-04T12:09:41+01:00,1,2,3,22617,39,0.000000,980,1090,980,110,10.0917,LOCAL_BEST,0,777,0,38510,9581,128,658,-43,1671.7325,0.0000,0,0,0,0,0,0
n012w8-0,n012w8,0,5,500000,100.0,adaptive,2026-07-04T12:09:41+01:00,1,1,3,22640,39,53.497317,980,1020,980,40,3.9216,GLOBAL_BEST,0,777,4810,37579,9713,129,23,0,17391.3043,0.0000,0,0,0,0,0,0
n012w8-0,n012w8,0,5,500000,100.0,adaptive,2026-07-04T12:09:41+01:00,1,2,3,24571,43,0.000000,965,980,965,15,1.5306,GLOBAL_BEST,0,777,0,41702,10717,130,1931,4,77.6800,3750.0000,0,0,0,0,0,0
n012w8-0,n012w8,0,5,500000,100.0,adaptive,2026-07-04T12:09:41+01:00,1,2,3,24574,43,0.000000,935,965,935,30,3.1088,GLOBAL_BEST,0,777,0,41703,10718,131,3,0,100000.0000,0.0000,0,0,0,0,0,0
n012w8-0,n012w8,0,5,500000,100.0,adaptive,2026-07-04T12:09:41+01:00,1,1,3,26509,46,48.073307,960,980,960,20,2.0408,LOCAL_BEST,0,777,5410,43840,11892,132,1935,3,103.3592,6666.6667,0,0,0,0,0,0
n012w8-0,n012w8,0,5,500000,100.0,adaptive,2026-07-04T12:09:41+01:00,1,1,3,26885,46,47.576446,930,960,930,30,3.1250,GLOBAL_BEST,0,777,5474,44401,12094,133,376,0,797.8723,0.0000,0,0,0,0,0,0
n012w8-0,n012w8,0,5,500000,100.0,adaptive,2026-07-04T12:09:41+01:00,1,1,3,26899,46,47.558046,895,930,895,35,3.7634,GLOBAL_BEST,0,777,5477,44426,12100,134,14,0,25000.0000,0.0000,0,0,0,0,0,0
n012w8-0,n012w8,0,5,500000,100.0,adaptive,2026-07-04T12:09:41+01:00,1,1,3,27431,47,46.864070,875,895,875,20,2.2346,LOCAL_BEST,0,777,5545,45247,12442,135,532,1,375.9398,20000.0000,0,0,0,0,0,0
n012w8-0,n012w8,0,5,500000,100.0,adaptive,2026-07-04T12:09:41+01:00,1,1,3,27528,47,46.738632,845,875,845,30,3.4286,LOCAL_BEST,0,777,5556,45396,12507,136,97,0,3092.7835,0.0000,0,0,0,0,0,0
n012w8-0,n012w8,0,5,500000,100.0,adaptive,2026-07-04T12:09:41+01:00,1,1,3,28584,49,45.394580,835,845,835,10,1.1834,LOCAL_BEST,0,777,5703,47047,13160,137,1056,2,94.6970,5000.0000,0,0,0,0,0,0
n012w8-0,n012w8,0,5,500000,100.0,adaptive,2026-07-04T12:09:41+01:00,1,1,3,28586,49,45.392071,805,835,805,30,3.5928,LOCAL_BEST,0,777,5703,47048,13160,138,2,0,150000.0000,0.0000,0,0,0,0,0,0
n012w8-0,n012w8,0,5,500000,100.0,adaptive,2026-07-04T12:09:41+01:00,1,1,3,28587,49,45.390817,775,805,775,30,3.7267,LOCAL_BEST,0,777,5703,47051,13160,139,1,0,300000.0000,0.0000,0,0,0,0,0,0
n012w8-0,n012w8,0,5,500000,100.0,adaptive,2026-07-04T12:09:41+01:00,1,1,3,28715,49,45.230564,730,775,730,45,5.8065,LOCAL_BEST,0,777,5715,47275,13248,140,128,0,3515.6250,0.0000,0,0,0,0,0,0
n012w8-0,n012w8,0,5,500000,100.0,adaptive,2026-07-04T12:09:41+01:00,1,4,3,28737,97,45.203077,870,895,870,25,2.7933,LOCAL_BEST,1,777,5841,47524,13120,141,22,48,11363.6364,520.8333,0,0,0,0,0,0
n012w8-0,n012w8,0,5,500000,100.0,adaptive,2026-07-04T12:09:41+01:00,1,4,3,28743,97,45.195584,840,870,840,30,3.4483,LOCAL_BEST,1,777,5841,47524,13123,142,6,0,50000.0000,0.0000,0,0,0,0,0,0
n012w8-0,n012w8,0,5,500000,100.0,adaptive,2026-07-04T12:09:41+01:00,1,4,3,28745,97,45.193086,825,840,825,15,1.7857,LOCAL_BEST,1,777,5841,47525,13124,143,2,0,75000.0000,0.0000,0,0,0,0,0,0
n012w8-0,n012w8,0,5,500000,100.0,adaptive,2026-07-04T12:09:41+01:00,1,4,3,28750,97,45.186843,810,825,810,15,1.8182,LOCAL_BEST,1,777,5841,47541,13128,144,5,0,30000.0000,0.0000,0,0,0,0,0,0
n012w8-0,n012w8,0,5,500000,100.0,adaptive,2026-07-04T12:09:41+01:00,1,4,3,29025,98,44.844791,780,810,780,30,3.7037,LOCAL_BEST,1,777,5874,48030,13295,145,275,1,1090.9091,30000.0000,0,0,0,0,0,0
n012w8-0,n012w8,0,5,500000,100.0,adaptive,2026-07-04T12:09:41+01:00,1,1,3,29134,50,44.709931,685,730,685,45,6.1644,LOCAL_BEST,0,777,5764,48017,13515,146,109,-48,4128.4404,0.0000,0,0,0,0,0,0
n012w8-0,n012w8,0,5,500000,100.0,adaptive,2026-07-04T12:09:41+01:00,1,2,3,29738,51,0.000000,900,935,900,35,3.7433,LOCAL_BEST,0,777,0,50053,14013,147,604,1,579.4702,35000.0000,0,0,0,0,0,0
n012w8-0,n012w8,0,5,500000,100.0,adaptive,2026-07-04T12:09:41+01:00,1,4,3,30535,100,43.012234,770,780,770,10,1.2821,LOCAL_BEST,1,777,6072,50419,14222,148,797,49,125.4705,204.0816,0,0,0,0,0,0
n012w8-0,n012w8,0,5,500000,100.0,adaptive,2026-07-04T12:09:41+01:00,1,4,3,30851,100,42.638312,755,770,755,15,1.9481,LOCAL_BEST,1,777,6104,50845,14444,149,316,0,474.6835,0.0000,0,0,0,0,0,0
n012w8-0,n012w8,0,5,500000,100.0,adaptive,2026-07-04T12:09:41+01:00,1,4,3,30853,100,42.635955,725,755,725,30,3.9735,LOCAL_BEST,1,777,6104,50848,14445,150,2,0,150000.0000,0.0000,0,0,0,0,0,0
n012w8-0,n012w8,0,5,500000,100.0,adaptive,2026-07-04T12:09:41+01:00,1,4,3,30925,100,42.551218,720,725,720,5,0.6897,LOCAL_BEST,1,777,6114,50974,14493,151,72,0,694.4444,0.0000,0,0,0,0,0,0
n012w8-0,n012w8,0,5,500000,100.0,adaptive,2026-07-04T12:09:41+01:00,1,2,3,33530,57,0.000000,880,900,880,20,2.2222,LOCAL_BEST,0,777,0,55976,16687,152,2605,-43,76.7754,0.0000,0,0,0,0,0,0
n012w8-0,n012w8,0,5,500000,100.0,adaptive,2026-07-04T12:09:41+01:00,1,2,3,34448,58,0.000000,850,880,850,30,3.4091,LOCAL_BEST,0,777,0,57469,17315,153,918,1,326.7974,30000.0000,0,0,0,0,0,0
n012w8-0,n012w8,0,5,500000,100.0,adaptive,2026-07-04T12:09:41+01:00,1,2,3,35320,60,0.000000,800,850,800,50,5.8824,LOCAL_BEST,0,777,0,58733,17903,154,872,2,573.3945,25000.0000,0,0,0,0,0,0
n012w8-0,n012w8,0,5,500000,100.0,adaptive,2026-07-04T12:09:41+01:00,1,1,3,37059,63,35.917326,660,685,660,25,3.6496,GLOBAL_BEST,0,777,6675,60787,18736,155,1739,3,143.7608,8333.3333,0,0,0,0,0,0
n012w8-0,n012w8,0,5,500000,100.0,adaptive,2026-07-04T12:09:41+01:00,1,4,3,38015,113,34.980982,710,720,710,10,1.3889,LOCAL_BEST,1,777,6894,62412,19207,156,956,50,104.6025,200.0000,0,0,0,0,0,0
n012w8-0,n012w8,0,5,500000,100.0,adaptive,2026-07-04T12:09:41+01:00,1,4,3,42312,119,31.064760,690,710,690,20,2.8169,LOCAL_BEST,1,777,7301,68870,22333,157,4297,6,46.5441,3333.3333,0,0,0,0,0,0
n012w8-0,n012w8,0,5,500000,100.0,adaptive,2026-07-04T12:09:41+01:00,1,5,3,43195,115,0.000000,485,490,485,5,1.0204,LOCAL_BEST,1,777,0,65448,36322,158,883,-4,56.6251,0.0000,0,0,0,0,0,0
n012w8-0,n012w8,0,5,500000,100.0,adaptive,2026-07-04T12:09:41+01:00,1,2,3,43888,75,0.000000,790,800,790,10,1.2500,LOCAL_BEST,0,777,0,71715,24401,159,693,-40,144.3001,0.0000,0,0,0,0,0,0
n012w8-0,n012w8,0,5,500000,100.0,adaptive,2026-07-04T12:09:41+01:00,1,2,3,44053,75,0.000000,780,790,780,10,1.2658,LOCAL_BEST,0,777,0,71928,24524,160,165,0,606.0606,0.0000,0,0,0,0,0,0
n012w8-0,n012w8,0,5,500000,100.0,adaptive,2026-07-04T12:09:41+01:00,1,2,3,44167,75,0.000000,740,780,740,40,5.1282,LOCAL_BEST,0,777,0,72135,24609,161,114,0,3508.7719,0.0000,0,0,0,0,0,0
n012w8-0,n012w8,0,5,500000,100.0,adaptive,2026-07-04T12:09:41+01:00,1,4,3,44398,123,29.324864,665,690,665,25,3.6232,LOCAL_BEST,1,777,7471,72072,23847,162,231,48,1082.2511,520.8333,0,0,0,0,0,0
n012w8-0,n012w8,0,5,500000,100.0,adaptive,2026-07-04T12:09:41+01:00,1,4,3,44424,123,29.303804,650,665,650,15,2.2556,LOCAL_BEST,1,777,7473,72093,23868,163,26,0,5769.2308,0.0000,0,0,0,0,0,0
n012w8-0,n012w8,0,5,500000,100.0,adaptive,2026-07-04T12:09:41+01:00,1,4,3,44437,123,29.293280,620,650,620,30,4.6154,LOCAL_BEST,1,777,7473,72109,23880,164,13,0,23076.9231,0.0000,0,0,0,0,0,0
n012w8-0,n012w8,0,5,500000,100.0,adaptive,2026-07-04T12:09:41+01:00,1,4,3,44523,123,29.223754,605,620,605,15,2.4194,LOCAL_BEST,1,777,7478,72233,23943,165,86,0,1744.1860,0.0000,0,0,0,0,0,0
n012w8-0,n012w8,0,5,500000,100.0,adaptive,2026-07-04T12:09:41+01:00,1,1,3,45719,78,28.273788,640,660,640,20,3.0303,LOCAL_BEST,0,777,7436,74108,25021,166,1196,-45,167.2241,0.0000,0,0,0,0,0,0
n012w8-0,n012w8,0,5,500000,100.0,adaptive,2026-07-04T12:09:41+01:00,1,1,3,45723,78,28.270663,625,640,625,15,2.3438,LOCAL_BEST,0,777,7436,74112,25024,167,4,0,37500.0000,0.0000,0,0,0,0,0,0
n012w8-0,n012w8,0,5,500000,100.0,adaptive,2026-07-04T12:09:41+01:00,1,1,3,46239,79,27.870451,620,625,620,5,0.8000,LOCAL_BEST,0,777,7461,74912,25425,168,516,1,96.8992,5000.0000,0,0,0,0,0,0
n012w8-0,n012w8,0,5,500000,100.0,adaptive,2026-07-04T12:09:41+01:00,1,1,3,47084,80,27.227264,580,620,580,40,6.4516,LOCAL_BEST,0,777,7508,76134,26089,169,845,1,473.3728,40000.0000,0,0,0,0,0,0
n012w8-0,n012w8,0,5,500000,100.0,adaptive,2026-07-04T12:09:41+01:00,1,4,3,47781,130,26.707916,590,605,590,15,2.4793,LOCAL_BEST,1,777,7714,77134,26398,170,697,50,215.2080,300.0000,0,0,0,0,0,0
n012w8-0,n012w8,0,5,500000,100.0,adaptive,2026-07-04T12:09:41+01:00,1,4,3,47803,130,26.691686,585,590,585,5,0.8475,LOCAL_BEST,1,777,7715,77166,26416,171,22,0,2272.7273,0.0000,0,0,0,0,0,0
n012w8-0,n012w8,0,5,500000,100.0,adaptive,2026-07-04T12:09:41+01:00,1,4,3,47805,130,26.690211,555,585,555,30,5.1282,LOCAL_BEST,1,777,7715,77168,26417,172,2,0,150000.0000,0.0000,0,0,0,0,0,0
n012w8-0,n012w8,0,5,500000,100.0,adaptive,2026-07-04T12:09:41+01:00,1,4,3,48051,131,26.509406,540,555,540,15,2.7027,LOCAL_BEST,1,777,7724,77570,26628,173,246,1,609.7561,15000.0000,0,0,0,0,0,0
n012w8-0,n012w8,0,5,500000,100.0,adaptive,2026-07-04T12:09:41+01:00,1,2,3,49899,85,0.000000,735,740,735,5,0.6757,LOCAL_BEST,0,777,0,80832,28889,174,1848,-46,27.0563,0.0000,0,0,0,0,0,0
n012w8-0,n012w8,0,5,500000,100.0,adaptive,2026-07-04T12:09:41+01:00,1,2,3,51259,87,0.000000,725,735,725,10,1.3605,LOCAL_BEST,0,777,0,82911,29928,175,1360,2,73.5294,5000.0000,0,0,0,0,0,0
n012w8-0,n012w8,0,5,500000,100.0,adaptive,2026-07-04T12:09:41+01:00,1,2,3,51885,88,0.000000,695,725,695,30,4.1379,LOCAL_BEST,0,777,0,83840,30395,176,626,1,479.2332,30000.0000,0,0,0,0,0,0
n012w8-0,n012w8,0,5,500000,100.0,adaptive,2026-07-04T12:09:41+01:00,1,2,3,51886,88,0.000000,680,695,680,15,2.1583,LOCAL_BEST,0,777,0,83841,30395,177,1,0,150000.0000,0.0000,0,0,0,0,0,0
n012w8-0,n012w8,0,5,500000,100.0,adaptive,2026-07-04T12:09:41+01:00,1,5,3,52293,128,0.000000,480,485,480,5,1.0309,LOCAL_BEST,1,777,0,78186,44582,178,407,40,122.8501,125.0000,0,0,0,0,0,0
n012w8-0,n012w8,0,5,500000,100.0,adaptive,2026-07-04T12:09:41+01:00,1,1,3,55174,93,21.773287,545,580,545,35,6.0345,LOCAL_BEST,0,777,8010,88622,32429,179,2881,-35,121.4856,0.0000,0,0,0,0,0,0
n012w8-0,n012w8,0,5,500000,100.0,adaptive,2026-07-04T12:09:41+01:00,1,2,3,55534,94,0.000000,640,680,640,40,5.8824,LOCAL_BEST,0,777,0,89561,33276,180,360,1,1111.1111,40000.0000,0,0,0,0,0,0
n012w8-0,n012w8,0,5,500000,100.0,adaptive,2026-07-04T12:09:41+01:00,1,2,3,55893,95,0.000000,635,640,635,5,0.7812,LOCAL_BEST,0,777,0,90206,33541,181,359,1,139.2758,5000.0000,0,0,0,0,0,0
n012w8-0,n012w8,0,5,500000,100.0,adaptive,2026-07-04T12:09:41+01:00,1,4,3,59067,151,19.552757,475,540,475,65,12.0370,LOCAL_BEST,1,777,8323,93921,35598,182,3174,56,204.7889,1160.7143,0,0,0,0,0,0
n012w8-0,n012w8,0,5,500000,100.0,adaptive,2026-07-04T12:09:41+01:00,1,1,3,59375,99,19.387062,515,545,515,30,5.5046,LOCAL_BEST,0,777,8163,95014,36052,183,308,-52,974.0260,0.0000,0,0,0,0,0,0
n012w8-0,n012w8,0,5,500000,100.0,adaptive,2026-07-04T12:09:41+01:00,1,1,3,59400,99,19.373675,485,515,485,30,5.8252,GLOBAL_BEST,0,777,8163,95065,36076,184,25,0,12000.0000,0.0000,0,0,0,0,0,0
n012w8-0,n012w8,0,5,500000,100.0,adaptive,2026-07-04T12:09:41+01:00,1,4,3,59899,153,19.108386,460,475,460,15,3.1579,LOCAL_BEST,1,777,8358,95113,36290,185,499,54,300.6012,277.7778,0,0,0,0,0,0
n012w8-0,n012w8,0,5,500000,100.0,adaptive,2026-07-04T12:09:41+01:00,1,7,3,60881,210,18.596876,470,485,470,15,3.0928,LOCAL_BEST,2,777,8182,98049,37249,186,982,57,152.7495,263.1579,0,0,0,0,0,0
n012w8-0,n012w8,0,5,500000,100.0,adaptive,2026-07-04T12:09:41+01:00,1,2,3,61166,103,0.000000,620,635,620,15,2.3622,LOCAL_BEST,0,777,0,98433,37868,187,285,-107,526.3158,0.0000,0,0,0,0,0,0
n012w8-0,n012w8,0,5,500000,100.0,adaptive,2026-07-04T12:09:41+01:00,1,7,3,61196,210,18.435716,455,470,455,15,3.1915,LOCAL_BEST,2,777,8190,98462,37522,188,30,107,5000.0000,140.1869,0,0,0,0,0,0
n012w8-0,n012w8,0,5,500000,100.0,adaptive,2026-07-04T12:09:41+01:00,1,7,3,61202,210,18.432659,440,455,440,15,3.2967,LOCAL_BEST,2,777,8190,98477,37526,189,6,0,25000.0000,0.0000,0,0,0,0,0,0
n012w8-0,n012w8,0,5,500000,100.0,adaptive,2026-07-04T12:09:41+01:00,1,5,3,63275,144,0.000000,455,480,455,25,5.2083,LOCAL_BEST,1,777,0,94012,54618,190,2073,-66,120.5982,0.0000,0,0,0,0,0,0
n012w8-0,n012w8,0,5,500000,100.0,adaptive,2026-07-04T12:09:41+01:00,1,4,3,65550,161,16.346019,455,460,455,5,1.0870,LOCAL_BEST,1,777,8553,103439,41093,191,2275,17,21.9780,294.1176,0,0,0,0,0,0
n012w8-0,n012w8,0,5,500000,100.0,adaptive,2026-07-04T12:09:41+01:00,1,1,3,66150,110,16.077259,475,485,475,10,2.0619,GLOBAL_BEST,0,777,8369,105633,41894,192,600,-51,166.6667,0.0000,0,0,0,0,0,0
n012w8-0,n012w8,0,5,500000,100.0,adaptive,2026-07-04T12:09:41+01:00,1,2,3,66931,113,0.000000,600,620,600,20,3.2258,LOCAL_BEST,0,777,0,106965,42612,193,781,3,256.0819,6666.6667,0,0,0,0,0,0
n012w8-0,n012w8,0,5,500000,100.0,adaptive,2026-07-04T12:09:41+01:00,1,1,3,67952,113,15.296357,470,475,470,5,1.0526,GLOBAL_BEST,0,777,8408,108603,43480,194,1021,0,48.9716,0.0000,0,0,0,0,0,0
n012w8-0,n012w8,0,5,500000,100.0,adaptive,2026-07-04T12:09:41+01:00,1,1,3,70355,117,14.313703,450,470,450,20,4.2553,GLOBAL_BEST,0,777,8445,112428,45637,195,2403,4,83.2293,5000.0000,0,0,0,0,0,0
n012w8-0,n012w8,0,5,500000,100.0,adaptive,2026-07-04T12:09:41+01:00,1,1,3,71034,118,14.047660,440,450,440,10,2.2222,GLOBAL_BEST,0,777,8459,113497,46245,196,679,1,147.2754,10000.0000,0,0,0,0,0,0
n012w8-0,n012w8,0,5,500000,100.0,adaptive,2026-07-04T12:09:41+01:00,1,4,3,72757,173,13.394546,445,455,445,10,2.1978,LOCAL_BEST,1,777,8710,113956,47499,197,1723,55,58.0383,181.8182,0,0,0,0,0,0
n012w8-0,n012w8,0,5,500000,100.0,adaptive,2026-07-04T12:09:41+01:00,1,2,3,73926,123,0.000000,575,600,575,25,4.1667,LOCAL_BEST,0,777,0,117689,48549,198,1169,-50,213.8580,0.0000,0,0,0,0,0,0
n012w8-0,n012w8,0,5,500000,100.0,adaptive,2026-07-04T12:09:41+01:00,1,2,3,74955,125,0.000000,570,575,570,5,0.8696,LOCAL_BEST,0,777,0,119267,49396,199,1029,2,48.5909,2500.0000,0,0,0,0,0,0
n012w8-0,n012w8,0,5,500000,100.0,adaptive,2026-07-04T12:09:41+01:00,1,2,3,76538,128,0.000000,560,570,560,10,1.7544,LOCAL_BEST,0,777,0,121809,50769,200,1583,3,63.1712,3333.3333,0,0,0,0,0,0
n012w8-0,n012w8,0,5,500000,100.0,adaptive,2026-07-04T12:09:41+01:00,1,2,3,77639,129,0.000000,550,560,550,10,1.7857,LOCAL_BEST,0,777,0,123606,51704,201,1101,1,90.8265,10000.0000,0,0,0,0,0,0
n012w8-0,n012w8,0,5,500000,100.0,adaptive,2026-07-04T12:09:41+01:00,1,2,3,78369,130,0.000000,545,550,545,5,0.9091,LOCAL_BEST,0,777,0,124750,52338,202,730,1,68.4932,5000.0000,0,0,0,0,0,0
n012w8-0,n012w8,0,5,500000,100.0,adaptive,2026-07-04T12:09:41+01:00,1,2,3,78376,130,0.000000,530,545,530,15,2.7523,LOCAL_BEST,0,777,0,124761,52341,203,7,0,21428.5714,0.0000,0,0,0,0,0,0
n012w8-0,n012w8,0,5,500000,100.0,adaptive,2026-07-04T12:09:41+01:00,1,2,3,80507,134,0.000000,525,530,525,5,0.9434,LOCAL_BEST,0,777,0,128255,54190,204,2131,4,23.4632,1250.0000,0,0,0,0,0,0
n012w8-0,n012w8,0,5,500000,100.0,adaptive,2026-07-04T12:09:41+01:00,1,4,3,82593,191,10.206950,440,445,440,5,1.1236,LOCAL_BEST,1,777,8815,128631,56531,205,2086,57,23.9693,87.7193,0,0,0,0,0,0
n012w8-0,n012w8,0,5,500000,100.0,adaptive,2026-07-04T12:09:41+01:00,1,2,3,82858,139,0.000000,515,525,515,10,1.9048,LOCAL_BEST,0,777,0,131729,56270,206,265,-52,377.3585,0.0000,0,0,0,0,0,0
n012w8-0,n012w8,0,5,500000,100.0,adaptive,2026-07-04T12:09:41+01:00,1,2,3,84232,141,0.000000,505,515,505,10,1.9417,LOCAL_BEST,0,777,0,133756,57470,207,1374,2,72.7802,5000.0000,0,0,0,0,0,0
n012w8-0,n012w8,0,5,500000,100.0,adaptive,2026-07-04T12:09:41+01:00,1,2,3,86414,144,0.000000,485,505,485,20,3.9604,LOCAL_BEST,0,777,0,137022,59299,208,2182,3,91.6590,6666.6667,0,0,0,0,0,0
n012w8-0,n012w8,0,5,500000,100.0,adaptive,2026-07-04T12:09:41+01:00,1,2,3,93118,154,0.000000,470,485,470,15,3.0928,LOCAL_BEST,0,777,0,146878,65282,209,6704,10,22.3747,1500.0000,0,0,0,0,0,0
n012w8-0,n012w8,0,5,500000,100.0,adaptive,2026-07-04T12:09:41+01:00,1,2,3,94127,156,0.000000,455,470,455,15,3.1915,LOCAL_BEST,0,777,0,148411,66178,210,1009,2,148.6620,7500.0000,0,0,0,0,0,0
n012w8-0,n012w8,0,5,500000,100.0,adaptive,2026-07-04T12:09:41+01:00,1,2,3,94687,157,0.000000,445,455,445,10,2.1978,LOCAL_BEST,0,777,0,149301,66658,211,560,1,178.5714,10000.0000,0,0,0,0,0,0
n012w8-0,n012w8,0,5,500000,100.0,adaptive,2026-07-04T12:09:41+01:00,1,3,3,110293,204,0.000000,1400,1420,1400,20,1.4085,LOCAL_BEST,0,777,41994,196885,4296,212,15606,47,12.8156,425.5319,0,0,0,0,0,0
n012w8-0,n012w8,0,5,500000,100.0,adaptive,2026-07-04T12:09:41+01:00,1,2,3,117325,191,0.000000,440,445,440,5,1.1236,LOCAL_BEST,0,777,0,182462,86746,213,7032,-13,7.1104,0.0000,0,0,0,0,0,0
n012w8-0,n012w8,0,5,500000,100.0,adaptive,2026-07-04T12:09:41+01:00,1,2,3,119549,196,0.000000,415,440,415,25,5.6818,GLOBAL_BEST,0,777,0,185741,88685,214,2224,5,112.4101,5000.0000,0,0,0,0,0,0
n012w8-0,n012w8,0,5,500000,100.0,adaptive,2026-07-04T12:09:41+01:00,1,1,3,121034,203,3.528515,455,440,440,0,0.0000,REHEAT,0,777,8752,189702,92246,215,1485,7,0.0000,0.0000,0,0,0,0,0,0
n012w8-0,n012w8,0,5,500000,100.0,adaptive,2026-07-04T12:09:41+01:00,1,1,3,171034,302,25.118864,910,440,440,0,0.0000,REHEAT,0,777,16659,270451,120346,216,50000,99,0.0000,0.0000,0,0,0,0,0,0
n012w8-0,n012w8,0,5,500000,100.0,adaptive,2026-07-04T12:09:41+01:00,1,1,3,221034,421,25.118864,685,440,440,0,0.0000,REHEAT,0,777,24352,352138,148756,217,50000,119,0.0000,0.0000,0,0,0,0,0,0
n012w8-0,n012w8,0,5,500000,100.0,adaptive,2026-07-04T12:09:41+01:00,1,1,3,271034,523,25.118864,750,440,440,0,0.0000,REHEAT,0,777,32021,433338,177117,218,50000,102,0.0000,0.0000,0,0,0,0,0,0
n012w8-0,n012w8,0,5,500000,100.0,adaptive,2026-07-04T12:09:41+01:00,1,3,3,286844,561,0.000000,1340,1400,1340,60,4.2857,LOCAL_BEST,0,777,109220,513187,11284,219,15810,38,37.9507,1578.9474,0,0,0,0,0,0
n012w8-0,n012w8,0,5,500000,100.0,adaptive,2026-07-04T12:09:41+01:00,1,1,3,321034,620,25.118864,655,440,440,0,0.0000,REHEAT,0,777,39737,513200,205276,220,34190,59,0.0000,0.0000,0,0,0,0,0,0
n012w8-0,n012w8,0,5,500000,100.0,adaptive,2026-07-04T12:09:41+01:00,1,1,3,371034,719,25.118864,875,440,440,0,0.0000,REHEAT,0,777,47432,594353,233540,221,50000,99,0.0000,0.0000,0,0,0,0,0,0
n012w8-0,n012w8,0,5,500000,100.0,adaptive,2026-07-04T12:09:41+01:00,1,1,3,421034,821,25.118864,700,440,440,0,0.0000,REHEAT,0,777,55231,675973,261722,222,50000,102,0.0000,0.0000,0,0,0,0,0,0
n012w8-0,n012w8,0,5,500000,100.0,adaptive,2026-07-04T12:09:41+01:00,1,1,3,471034,923,25.118864,850,440,440,0,0.0000,REHEAT,0,777,63110,756360,289635,223,50000,102,0.0000,0.0000,0,0,0,0,0,0
n012w8-0,n012w8,0,5,500000,100.0,adaptive,2026-07-04T12:09:41+01:00,2,1,7,1,1,100.000000,3575,3725,3575,150,4.0268,GLOBAL_BEST,0,42,0,11,0,1,1,1,1500000.0000,150000.0000,0,0,0,0,0,0
n012w8-0,n012w8,0,5,500000,100.0,adaptive,2026-07-04T12:09:41+01:00,2,2,7,2,1,0.000000,3685,3725,3685,40,1.0738,LOCAL_BEST,0,42,0,4,0,2,1,0,400000.0000,0.0000,0,0,0,0,0,0
n012w8-0,n012w8,0,5,500000,100.0,adaptive,2026-07-04T12:09:41+01:00,2,1,7,2,1,99.997237,3470,3575,3470,105,2.9371,GLOBAL_BEST,0,42,0,15,0,3,0,0,0.0000,0.0000,0,0,0,0,0,0
n012w8-0,n012w8,0,5,500000,100.0,adaptive,2026-07-04T12:09:41+01:00,2,1,7,3,1,99.994474,3275,3470,3275,195,5.6196,GLOBAL_BEST,0,42,0,21,0,4,1,0,1950000.0000,0.0000,0,0,0,0,0,0
n012w8-0,n012w8,0,5,500000,100.0,adaptive,2026-07-04T12:09:41+01:00,2,2,7,4,1,0.000000,3475,3685,3475,210,5.6988,LOCAL_BEST,0,42,0,12,0,5,1,0,2100000.0000,0.0000,0,0,0,0,0,0
n012w8-0,n012w8,0,5,500000,100.0,adaptive,2026-07-04T12:09:41+01:00,2,1,7,4,1,99.991711,3005,3275,3005,270,8.2443,GLOBAL_BEST,0,42,0,22,0,6,0,0,0.0000,0.0000,0,0,0,0,0,0
n012w8-0,n012w8,0,5,500000,100.0,adaptive,2026-07-04T12:09:41+01:00,2,2,7,5,1,0.000000,3445,3475,3445,30,0.8633,LOCAL_BEST,0,42,0,13,0,7,1,0,300000.0000,0.0000,0,0,0,0,0,0
n012w8-0,n012w8,0,5,500000,100.0,adaptive,2026-07-04T12:09:41+01:00,2,1,7,5,1,99.988948,2945,3005,2945,60,1.9967,GLOBAL_BEST,0,42,0,25,0,8,0,0,0.0000,0.0000,0,0,0,0,0,0
n012w8-0,n012w8,0,5,500000,100.0,adaptive,2026-07-04T12:09:41+01:00,2,1,7,6,1,99.986185,2795,2945,2795,150,5.0934,GLOBAL_BEST,0,42,0,25,0,9,1,0,1500000.0000,0.0000,0,0,0,0,0,0
n012w8-0,n012w8,0,5,500000,100.0,adaptive,2026-07-04T12:09:41+01:00,2,2,7,8,1,0.000000,3205,3445,3205,240,6.9666,LOCAL_BEST,0,42,0,18,0,10,2,0,1200000.0000,0.0000,0,0,0,0,0,0
n012w8-0,n012w8,0,5,500000,100.0,adaptive,2026-07-04T12:09:41+01:00,2,3,7,8,1,0.000000,3695,3725,3695,30,0.8054,LOCAL_BEST,0,42,1,14,0,11,0,0,0.0000,0.0000,0,0,0,0,0,0
n012w8-0,n012w8,0,5,500000,100.0,adaptive,2026-07-04T12:09:41+01:00,2,1,7,8,1,99.980660,2750,2795,2750,45,1.6100,LOCAL_BEST,0,42,0,27,0,12,0,0,0.0000,0.0000,0,0,0,0,0,0
n012w8-0,n012w8,0,5,500000,100.0,adaptive,2026-07-04T12:09:41+01:00,2,5,7,8,50,0.000000,635,695,635,60,8.6331,GLOBAL_BEST,1,42,0,7,7,13,0,49,0.0000,1224.4898,0,0,0,0,0,0
n012w8-0,n012w8,0,5,500000,100.0,adaptive,2026-07-04T12:09:41+01:00,2,2,7,9,1,0.000000,2890,3205,2890,315,9.8284,GLOBAL_BEST,0,42,0,23,0,14,1,-49,3150000.0000,0.0000,0,0,0,0,0,0
n012w8-0,n012w8,0,5,500000,100.0,adaptive,2026-07-04T12:09:41+01:00,2,3,7,9,1,0.000000,3515,3695,3515,180,4.8714,LOCAL_BEST,0,42,1,15,0,15,0,0,0.0000,0.0000,0,0,0,0,0,0
n012w8-0,n012w8,0,5,500000,100.0,adaptive,2026-07-04T12:09:41+01:00,2,1,7,9,1,99.977898,2740,2750,2740,10,0.3636,LOCAL_BEST,0,42,0,30,0,16,0,0,0.0000,0.0000,0,0,0,0,0,0
n012w8-0,n012w8,0,5,500000,100.0,adaptive,2026-07-04T12:09:41+01:00,2,2,7,10,1,0.000000,2710,2890,2710,180,6.2284,GLOBAL_BEST,0,42,0,26,0,17,1,0,1800000.0000,0.0000,0,0,0,0,0,0
n012w8-0,n012w8,0,5,500000,100.0,adaptive,2026-07-04T12:09:41+01:00,2,3,7,10,1,0.000000,3410,3515,3410,105,2.9872,LOCAL_BEST,0,42,1,15,0,18,0,0,0.0000,0.0000,0,0,0,0,0,0
n012w8-0,n012w8,0,5,500000,100.0,adaptive,2026-07-04T12:09:41+01:00,2,1,7,10,1,99.975135,2710,2740,2710,30,1.0949,LOCAL_BEST,0,42,0,34,0,19,0,0,0.0000,0.0000,0,0,0,0,0,0
n012w8-0,n012w8,0,5,500000,100.0,adaptive,2026-07-04T12:09:41+01:00,2,2,7,11,1,0.000000,2515,2710,2515,195,7.1956,GLOBAL_BEST,0,42,0,26,0,20,1,0,1950000.0000,0.0000,0,0,0,0,0,0
n012w8-0,n012w8,0,5,500000,100.0,adaptive,2026-07-04T12:09:41+01:00,2,3,7,11,1,0.000000,3370,3410,3370,40,1.1730,LOCAL_BEST,0,42,1,15,0,21,0,0,0.0000,0.0000,0,0,0,0,0,0
n012w8-0,n012w8,0,5,500000,100.0,adaptive,2026-07-04T12:09:41+01:00,2,2,7,12,1,0.000000,2455,2515,2455,60,2.3857,GLOBAL_BEST,0,42,0,26,0,22,1,0,600000.0000,0.0000,0,0,0,0,0,0
n012w8-0,n012w8,0,5,500000,100.0,adaptive,2026-07-04T12:09:41+01:00,2,1,7,13,1,99.966848,2575,2710,2575,135,4.9815,LOCAL_BEST,0,42,1,37,0,23,1,0,1350000.0000,0.0000,0,0,0,0,0,0
n012w8-0,n012w8,0,5,500000,100.0,adaptive,2026-07-04T12:09:41+01:00,2,3,7,13,1,0.000000,3295,3370,3295,75,2.2255,LOCAL_BEST,0,42,1,15,0,24,0,0,0.0000,0.0000,0,0,0,0,0,0
n012w8-0,n012w8,0,5,500000,100.0,adaptive,2026-07-04T12:09:41+01:00,2,1,7,14,1,99.964086,2515,2575,2515,60,2.3301,LOCAL_BEST,0,42,1,41,0,25,1,0,600000.0000,0.0000,0,0,0,0,0,0
n012w8-0,n012w8,0,5,500000,100.0,adaptive,2026-07-04T12:09:41+01:00,2,3,7,15,1,0.000000,3280,3295,3280,15,0.4552,LOCAL_BEST,0,42,1,16,0,26,1,0,150000.0000,0.0000,0,0,0,0,0,0
n012w8-0,n012w8,0,5,500000,100.0,adaptive,2026-07-04T12:09:41+01:00,2,1,7,15,1,99.961324,2470,2515,2470,45,1.7893,LOCAL_BEST,0,42,1,42,0,27,0,0,0.0000,0.0000,0,0,0,0,0,0
n012w8-0,n012w8,0,5,500000,100.0,adaptive,2026-07-04T12:09:41+01:00,2,3,7,18,1,0.000000,3250,3280,3250,30,0.9146,LOCAL_BEST,0,42,1,19,0,28,3,0,100000.0000,0.0000,0,0,0,0,0,0
n012w8-0,n012w8,0,5,500000,100.0,adaptive,2026-07-04T12:09:41+01:00,2,3,7,19,1,0.000000,3160,3250,3160,90,2.7692,LOCAL_BEST,0,42,1,24,0,29,1,0,900000.0000,0.0000,0,0,0,0,0,0
n012w8-0,n012w8,0,5,500000,100.0,adaptive,2026-07-04T12:09:41+01:00,2,1,7,20,1,99.947515,2335,2470,2335,135,5.4656,GLOBAL_BEST,0,42,2,49,1,30,1,0,1350000.0000,0.0000,0,0,0,0,0,0
n012w8-0,n012w8,0,5,500000,100.0,adaptive,2026-07-04T12:09:41+01:00,2,3,7,20,1,0.000000,2950,3160,2950,210,6.6456,LOCAL_BEST,0,42,1,25,0,31,0,0,0.0000,0.0000,0,0,0,0,0,0
n012w8-0,n012w8,0,5,500000,100.0,adaptive,2026-07-04T12:09:41+01:00,2,1,7,21,1,99.944753,2320,2335,2320,15,0.6424,GLOBAL_BEST,0,42,2,54,1,32,1,0,150000.0000,0.0000,0,0,0,0,0,0
n012w8-0,n012w8,0,5,500000,100.0,adaptive,2026-07-04T12:09:41+01:00,2,3,7,23,1,0.000000,2945,2950,2945,5,0.1695,LOCAL_BEST,0,42,3,30,0,33,2,0,25000.0000,0.0000,0,0,0,0,0,0
n012w8-0,n012w8,0,5,500000,100.0,adaptive,2026-07-04T12:09:41+01:00,2,3,7,24,1,0.000000,2885,2945,2885,60,2.0374,LOCAL_BEST,0,42,3,30,0,34,1,0,600000.0000,0.0000,0,0,0,0,0,0
n012w8-0,n012w8,0,5,500000,100.0,adaptive,2026-07-04T12:09:41+01:00,2,3,7,25,1,0.000000,2855,2885,2855,30,1.0399,LOCAL_BEST,0,42,3,38,0,35,1,0,300000.0000,0.0000,0,0,0,0,0,0
n012w8-0,n012w8,0,5,500000,100.0,adaptive,2026-07-04T12:09:41+01:00,2,1,7,31,1,99.917141,2185,2320,2185,135,5.8190,GLOBAL_BEST,0,42,5,75,1,36,6,0,225000.0000,0.0000,0,0,0,0,0,0
n012w8-0,n012w8,0,5,500000,100.0,adaptive,2026-07-04T12:09:41+01:00,2,1,7,33,1,99.911620,2020,2185,2020,165,7.5515,GLOBAL_BEST,0,42,5,84,2,37,2,0,825000.0000,0.0000,0,0,0,0,0,0
n012w8-0,n012w8,0,5,500000,100.0,adaptive,2026-07-04T12:09:41+01:00,2,3,7,34,1,0.000000,2810,2855,2810,45,1.5762,LOCAL_BEST,0,42,6,47,0,38,1,0,450000.0000,0.0000,0,0,0,0,0,0
n012w8-0,n012w8,0,5,500000,100.0,adaptive,2026-07-04T12:09:41+01:00,2,3,7,35,1,0.000000,2570,2810,2570,240,8.5409,LOCAL_BEST,0,42,6,51,0,39,1,0,2400000.0000,0.0000,0,0,0,0,0,0
n012w8-0,n012w8,0,5,500000,100.0,adaptive,2026-07-04T12:09:41+01:00,2,1,7,36,1,99.903338,1965,2020,1965,55,2.7228,GLOBAL_BEST,0,42,5,89,2,40,1,0,550000.0000,0.0000,0,0,0,0,0,0
n012w8-0,n012w8,0,5,500000,100.0,adaptive,2026-07-04T12:09:41+01:00,2,1,7,39,1,99.895057,1920,1965,1920,45,2.2901,GLOBAL_BEST,0,42,6,94,3,41,3,0,150000.0000,0.0000,0,0,0,0,0,0
n012w8-0,n012w8,0,5,500000,100.0,adaptive,2026-07-04T12:09:41+01:00,2,1,7,41,1,99.889537,1845,1920,1845,75,3.9062,GLOBAL_BEST,0,42,6,94,4,42,2,0,375000.0000,0.0000,0,0,0,0,0,0
n012w8-0,n012w8,0,5,500000,100.0,adaptive,2026-07-04T12:09:41+01:00,2,3,7,42,1,0.000000,2540,2570,2540,30,1.1673,LOCAL_BEST,0,42,9,54,0,43,1,0,300000.0000,0.0000,0,0,0,0,0,0
n012w8-0,n012w8,0,5,500000,100.0,adaptive,2026-07-04T12:09:41+01:00,2,3,7,46,1,0.000000,2525,2540,2525,15,0.5906,LOCAL_BEST,0,42,11,70,0,44,4,0,37500.0000,0.0000,0,0,0,0,0,0
n012w8-0,n012w8,0,5,500000,100.0,adaptive,2026-07-04T12:09:41+01:00,2,3,7,47,1,0.000000,2495,2525,2495,30,1.1881,LOCAL_BEST,0,42,11,72,0,45,1,0,300000.0000,0.0000,0,0,0,0,0,0
n012w8-0,n012w8,0,5,500000,100.0,adaptive,2026-07-04T12:09:41+01:00,2,3,7,48,1,0.000000,2390,2495,2390,105,4.2084,LOCAL_BEST,0,42,11,73,0,46,1,0,1050000.0000,0.0000,0,0,0,0,0,0
n012w8-0,n012w8,0,5,500000,100.0,adaptive,2026-07-04T12:09:41+01:00,2,1,7,50,1,99.864700,1815,1845,1815,30,1.6260,GLOBAL_BEST,0,42,8,108,6,47,2,0,150000.0000,0.0000,0,0,0,0,0,0
n012w8-0,n012w8,0,5,500000,100.0,adaptive,2026-07-04T12:09:41+01:00,2,3,7,50,1,0.000000,2360,2390,2360,30,1.2552,LOCAL_BEST,0,42,11,74,0,48,0,0,0.0000,0.0000,0,0,0,0,0,0
n012w8-0,n012w8,0,5,500000,100.0,adaptive,2026-07-04T12:09:41+01:00,2,3,7,56,1,0.000000,2315,2360,2315,45,1.9068,LOCAL_BEST,0,42,12,79,1,49,6,0,75000.0000,0.0000,0,0,0,0,0,0
n012w8-0,n012w8,0,5,500000,100.0,adaptive,2026-07-04T12:09:41+01:00,2,1,7,57,1,99.845386,1785,1815,1785,30,1.6529,GLOBAL_BEST,0,42,9,119,10,50,1,0,300000.0000,0.0000,0,0,0,0,0,0
n012w8-0,n012w8,0,5,500000,100.0,adaptive,2026-07-04T12:09:41+01:00,2,3,7,61,1,0.000000,2270,2315,2270,45,1.9438,LOCAL_BEST,0,42,14,92,1,51,4,0,112500.0000,0.0000,0,0,0,0,0,0
n012w8-0,n012w8,0,5,500000,100.0,adaptive,2026-07-04T12:09:41+01:00,2,1,7,87,1,99.762655,1685,1785,1685,100,5.6022,GLOBAL_BEST,0,42,17,179,17,52,26,0,38461.5385,0.0000,0,0,0,0,0,0
n012w8-0,n012w8,0,5,500000,100.0,adaptive,2026-07-04T12:09:41+01:00,2,1,7,88,1,99.759899,1670,1685,1670,15,0.8902,GLOBAL_BEST,0,42,17,179,17,53,1,0,150000.0000,0.0000,0,0,0,0,0,0
n012w8-0,n012w8,0,5,500000,100.0,adaptive,2026-07-04T12:09:41+01:00,2,1,7,91,1,99.751630,1640,1670,1640,30,1.7964,GLOBAL_BEST,0,42,18,185,18,54,3,0,100000.0000,0.0000,0,0,0,0,0,0
n012w8-0,n012w8,0,5,500000,100.0,adaptive,2026-07-04T12:09:41+01:00,2,1,7,95,1,99.740605,1610,1640,1610,30,1.8293,GLOBAL_BEST,0,42,18,188,20,55,4,0,75000.0000,0.0000,0,0,0,0,0,0
n012w8-0,n012w8,0,5,500000,100.0,adaptive,2026-07-04T12:09:41+01:00,2,2,7,96,1,0.000000,2360,2455,2360,95,3.8697,LOCAL_BEST,0,42,0,161,0,56,1,0,950000.0000,0.0000,0,0,0,0,0,0
n012w8-0,n012w8,0,5,500000,100.0,adaptive,2026-07-04T12:09:41+01:00,2,2,7,97,1,0.000000,2330,2360,2330,30,1.2712,LOCAL_BEST,0,42,0,165,0,57,1,0,300000.0000,0.0000,0,0,0,0,0,0
n012w8-0,n012w8,0,5,500000,100.0,adaptive,2026-07-04T12:09:41+01:00,2,1,7,99,1,99.729582,1550,1610,1550,60,3.7267,GLOBAL_BEST,0,42,18,194,21,58,2,0,300000.0000,0.0000,0,0,0,0,0,0
n012w8-0,n012w8,0,5,500000,100.0,adaptive,2026-07-04T12:09:41+01:00,2,2,7,100,1,0.000000,2270,2330,2270,60,2.5751,LOCAL_BEST,0,42,0,171,0,59,1,0,600000.0000,0.0000,0,0,0,0,0,0
n012w8-0,n012w8,0,5,500000,100.0,adaptive,2026-07-04T12:09:41+01:00,2,1,7,100,1,99.726827,1520,1550,1520,30,1.9355,GLOBAL_BEST,0,42,18,198,21,60,0,0,0.0000,0.0000,0,0,0,0,0,0
n012w8-0,n012w8,0,5,500000,100.0,adaptive,2026-07-04T12:09:41+01:00,2,1,7,101,1,99.724071,1490,1520,1490,30,1.9737,GLOBAL_BEST,0,42,18,198,21,61,1,0,300000.0000,0.0000,0,0,0,0,0,0
n012w8-0,n012w8,0,5,500000,100.0,adaptive,2026-07-04T12:09:41+01:00,2,2,7,102,1,0.000000,2255,2270,2255,15,0.6608,LOCAL_BEST,0,42,0,174,0,62,1,0,150000.0000,0.0000,0,0,0,0,0,0
n012w8-0,n012w8,0,5,500000,100.0,adaptive,2026-07-04T12:09:41+01:00,2,2,7,105,1,0.000000,2195,2255,2195,60,2.6608,LOCAL_BEST,0,42,0,179,0,63,3,0,200000.0000,0.0000,0,0,0,0,0,0
n012w8-0,n012w8,0,5,500000,100.0,adaptive,2026-07-04T12:09:41+01:00,2,1,7,131,1,99.641441,1485,1490,1485,5,0.3356,GLOBAL_BEST,0,42,26,246,28,64,26,0,1923.0769,0.0000,0,0,0,0,0,0
n012w8-0,n012w8,0,5,500000,100.0,adaptive,2026-07-04T12:09:41+01:00,2,11,7,152,101,0.000000,360,365,360,5,1.3699,GLOBAL_BEST,4,42,0,242,141,65,21,100,2380.9524,50.0000,0,0,0,0,0,0
n012w8-0,n012w8,0,5,500000,100.0,adaptive,2026-07-04T12:09:41+01:00,2,3,7,170,1,0.000000,2210,2270,2210,60,2.6432,LOCAL_BEST,0,42,60,282,5,66,18,-100,33333.3333,0.0000,0,0,0,0,0,0
n012w8-0,n012w8,0,5,500000,100.0,adaptive,2026-07-04T12:09:41+01:00,2,3,7,171,1,0.000000,2060,2210,2060,150,6.7873,LOCAL_BEST,0,42,60,282,5,67,1,0,1500000.0000,0.0000,0,0,0,0,0,0
n012w8-0,n012w8,0,5,500000,100.0,adaptive,2026-07-04T12:09:41+01:00,2,3,7,172,1,0.000000,2045,2060,2045,15,0.7282,LOCAL_BEST,0,42,60,282,5,68,1,0,150000.0000,0.0000,0,0,0,0,0,0
n012w8-0,n012w8,0,5,500000,100.0,adaptive,2026-07-04T12:09:41+01:00,2,8,7,184,91,0.000000,415,430,415,15,3.4884,GLOBAL_BEST,3,42,0,266,173,69,12,90,12500.0000,166.6667,0,0,0,0,0,0
n012w8-0,n012w8,0,5,500000,100.0,adaptive,2026-07-04T12:09:41+01:00,2,2,7,186,1,0.000000,2105,2195,2105,90,4.1002,LOCAL_BEST,0,42,0,335,0,70,2,-90,450000.0000,0.0000,0,0,0,0,0,0
n012w8-0,n012w8,0,5,500000,100.0,adaptive,2026-07-04T12:09:41+01:00,2,2,7,187,1,0.000000,2015,2105,2015,90,4.2755,LOCAL_BEST,0,42,0,337,0,71,1,0,900000.0000,0.0000,0,0,0,0,0,0
n012w8-0,n012w8,0,5,500000,100.0,adaptive,2026-07-04T12:09:41+01:00,2,1,7,194,1,99.468141,1410,1485,1410,75,5.0505,GLOBAL_BEST,0,42,41,325,45,72,7,0,107142.8571,0.0000,0,0,0,0,0,0
n012w8-0,n012w8,0,5,500000,100.0,adaptive,2026-07-04T12:09:41+01:00,2,1,7,195,1,99.465392,1395,1410,1395,15,1.0638,GLOBAL_BEST,0,42,41,328,45,73,1,0,150000.0000,0.0000,0,0,0,0,0,0
n012w8-0,n012w8,0,5,500000,100.0,adaptive,2026-07-04T12:09:41+01:00,2,2,7,224,1,0.000000,2000,2015,2000,15,0.7444,LOCAL_BEST,0,42,0,398,0,74,29,0,5172.4138,0.0000,0,0,0,0,0,0
n012w8-0,n012w8,0,5,500000,100.0,adaptive,2026-07-04T12:09:41+01:00,2,2,7,225,1,0.000000,1925,2000,1925,75,3.7500,LOCAL_BEST,0,42,0,398,0,75,1,0,750000.0000,0.0000,0,0,0,0,0,0
n012w8-0,n012w8,0,5,500000,100.0,adaptive,2026-07-04T12:09:41+01:00,2,2,7,226,1,0.000000,1910,1925,1910,15,0.7792,LOCAL_BEST,0,42,0,398,0,76,1,0,150000.0000,0.0000,0,0,0,0,0,0
n012w8-0,n012w8,0,5,500000,100.0,adaptive,2026-07-04T12:09:41+01:00,2,2,7,227,1,0.000000,1670,1910,1670,240,12.5654,LOCAL_BEST,0,42,0,398,0,77,1,0,2400000.0000,0.0000,0,0,0,0,0,0
n012w8-0,n012w8,0,5,500000,100.0,adaptive,2026-07-04T12:09:41+01:00,2,3,7,250,1,0.000000,1965,2045,1965,80,3.9120,LOCAL_BEST,0,42,89,406,6,78,23,0,34782.6087,0.0000,0,0,0,0,0,0
n012w8-0,n012w8,0,5,500000,100.0,adaptive,2026-07-04T12:09:41+01:00,2,11,7,293,101,0.000000,335,360,335,25,6.9444,GLOBAL_BEST,4,42,0,447,273,79,43,100,5813.9535,250.0000,0,0,0,0,0,0
n012w8-0,n012w8,0,5,500000,100.0,adaptive,2026-07-04T12:09:41+01:00,2,3,7,316,1,0.000000,1950,1965,1950,15,0.7634,LOCAL_BEST,0,42,113,524,6,80,23,-100,6521.7391,0.0000,0,0,0,0,0,0
n012w8-0,n012w8,0,5,500000,100.0,adaptive,2026-07-04T12:09:41+01:00,2,3,7,317,1,0.000000,1860,1950,1860,90,4.6154,LOCAL_BEST,0,42,113,524,6,81,1,0,900000.0000,0.0000,0,0,0,0,0,0
n012w8-0,n012w8,0,5,500000,100.0,adaptive,2026-07-04T12:09:41+01:00,2,3,7,360,1,0.000000,1800,1860,1800,60,3.2258,LOCAL_BEST,0,42,127,571,8,82,43,0,13953.4884,0.0000,0,0,0,0,0,0
n012w8-0,n012w8,0,5,500000,100.0,adaptive,2026-07-04T12:09:41+01:00,2,3,7,361,1,0.000000,1755,1800,1755,45,2.5000,LOCAL_BEST,0,42,127,571,8,83,1,0,450000.0000,0.0000,0,0,0,0,0,0
n012w8-0,n012w8,0,5,500000,100.0,adaptive,2026-07-04T12:09:41+01:00,2,3,7,362,1,0.000000,1745,1755,1745,10,0.5698,LOCAL_BEST,0,42,127,572,8,84,1,0,100000.0000,0.0000,0,0,0,0,0,0
n012w8-0,n012w8,0,5,500000,100.0,adaptive,2026-07-04T12:09:41+01:00,2,3,7,363,1,0.000000,1625,1745,1625,120,6.8768,LOCAL_BEST,0,42,127,581,8,85,1,0,1200000.0000,0.0000,0,0,0,0,0,0
n012w8-0,n012w8,0,5,500000,100.0,adaptive,2026-07-04T12:09:41+01:00,2,5,7,366,51,0.000000,620,635,620,15,2.3622,GLOBAL_BEST,1,42,0,491,308,86,3,50,50000.0000,300.0000,0,0,0,0,0,0
n012w8-0,n012w8,0,5,500000,100.0,adaptive,2026-07-04T12:09:41+01:00,2,8,7,394,91,0.000000,400,415,400,15,3.6145,GLOBAL_BEST,3,42,0,592,362,87,28,40,5357.1429,375.0000,0,0,0,0,0,0
n012w8-0,n012w8,0,5,500000,100.0,adaptive,2026-07-04T12:09:41+01:00,2,1,7,410,1,98.876253,1310,1395,1310,85,6.0932,GLOBAL_BEST,0,42,90,691,114,88,16,-90,53125.0000,0.0000,0,0,0,0,0,0
n012w8-0,n012w8,0,5,500000,100.0,adaptive,2026-07-04T12:09:41+01:00,2,1,7,438,1,98.799785,1280,1310,1280,30,2.2901,GLOBAL_BEST,0,42,98,738,123,89,28,0,10714.2857,0.0000,0,0,0,0,0,0
n012w8-0,n012w8,0,5,500000,100.0,adaptive,2026-07-04T12:09:41+01:00,2,8,7,519,91,0.000000,385,400,385,15,3.7500,GLOBAL_BEST,3,42,0,796,470,90,81,90,1851.8519,166.6667,0,0,0,0,0,0
n012w8-0,n012w8,0,5,500000,100.0,adaptive,2026-07-04T12:09:41+01:00,2,5,7,558,51,0.000000,605,620,605,15,2.4194,GLOBAL_BEST,1,42,0,775,455,91,39,-40,3846.1538,0.0000,0,0,0,0,0,0
n012w8-0,n012w8,0,5,500000,100.0,adaptive,2026-07-04T12:09:41+01:00,2,20,7,583,249,0.000000,240,255,240,15,5.8824,LOCAL_BEST,9,42,0,799,557,92,25,198,6000.0000,75.7576,0,0,0,0,0,0
n012w8-0,n012w8,0,5,500000,100.0,adaptive,2026-07-04T12:09:41+01:00,2,5,7,585,51,0.000000,590,605,590,15,2.4793,GLOBAL_BEST,1,42,0,802,476,93,2,-198,75000.0000,0.0000,0,0,0,0,0,0
n012w8-0,n012w8,0,5,500000,100.0,adaptive,2026-07-04T12:09:41+01:00,2,11,7,603,103,0.000000,320,335,320,15,4.4776,GLOBAL_BEST,4,42,0,852,560,94,18,52,8333.3333,288.4615,0,0,0,0,0,0
n012w8-0,n012w8,0,5,500000,100.0,adaptive,2026-07-04T12:09:41+01:00,2,1,7,653,2,98.214588,1235,1280,1235,45,3.5156,GLOBAL_BEST,0,42,145,1076,208,95,50,-101,9000.0000,0.0000,0,0,0,0,0,0
n012w8-0,n012w8,0,5,500000,100.0,adaptive,2026-07-04T12:09:41+01:00,2,8,7,653,91,0.000000,370,385,370,15,3.8961,GLOBAL_BEST,3,42,0,992,589,96,0,89,0.0000,168.5393,0,0,0,0,0,0
n012w8-0,n012w8,0,5,500000,100.0,adaptive,2026-07-04T12:09:41+01:00,2,1,7,654,2,98.211874,1160,1235,1160,75,6.0729,GLOBAL_BEST,0,42,145,1076,208,97,1,-89,750000.0000,0.0000,0,0,0,0,0,0
n012w8-0,n012w8,0,5,500000,100.0,adaptive,2026-07-04T12:09:41+01:00,2,1,7,666,2,98.179316,1025,1160,1025,135,11.6379,GLOBAL_BEST,0,42,148,1084,213,98,12,0,112500.0000,0.0000,0,0,0,0,0,0
n012w8-0,n012w8,0,5,500000,100.0,adaptive,2026-07-04T12:09:41+01:00,2,1,7,668,2,98.173890,995,1025,995,30,2.9268,GLOBAL_BEST,0,42,148,1089,214,99,2,0,150000.0000,0.0000,0,0,0,0,0,0
n012w8-0,n012w8,0,5,500000,100.0,adaptive,2026-07-04T12:09:41+01:00,2,1,7,673,2,98.160328,965,995,965,30,3.0151,GLOBAL_BEST,0,42,148,1096,216,100,5,0,60000.0000,0.0000,0,0,0,0,0,0
n012w8-0,n012w8,0,5,500000,100.0,adaptive,2026-07-04T12:09:41+01:00,2,5,7,779,51,0.000000,575,590,575,15,2.5424,GLOBAL_BEST,1,42,0,1063,630,101,106,49,1415.0943,306.1224,0,0,0,0,0,0
n012w8-0,n012w8,0,5,500000,100.0,adaptive,2026-07-04T12:09:41+01:00,2,1,7,1062,2,97.110905,950,965,950,15,1.5544,GLOBAL_BEST,0,42,238,1725,359,102,283,-49,530.0353,0.0000,0,0,0,0,0,0
n012w8-0,n012w8,0,5,500000,100.0,adaptive,2026-07-04T12:09:41+01:00,2,5,7,1077,52,0.000000,560,575,560,15,2.6087,GLOBAL_BEST,1,42,0,1476,882,103,15,50,10000.0000,300.0000,0,0,0,0,0,0
n012w8-0,n012w8,0,5,500000,100.0,adaptive,2026-07-04T12:09:41+01:00,2,1,7,1094,2,97.025078,700,950,700,250,26.3158,GLOBAL_BEST,0,42,245,1771,371,104,17,-50,147058.8235,0.0000,0,0,0,0,0,0
n012w8-0,n012w8,0,5,500000,100.0,adaptive,2026-07-04T12:09:41+01:00,2,2,7,1157,2,0.000000,1650,1670,1650,20,1.1976,LOCAL_BEST,0,42,0,1959,8,105,63,0,3174.6032,0.0000,0,0,0,0,0,0
n012w8-0,n012w8,0,5,500000,100.0,adaptive,2026-07-04T12:09:41+01:00,2,2,7,1158,2,0.000000,1635,1650,1635,15,0.9091,LOCAL_BEST,0,42,0,1960,8,106,1,0,150000.0000,0.0000,0,0,0,0,0,0
n012w8-0,n012w8,0,5,500000,100.0,adaptive,2026-07-04T12:09:41+01:00,2,2,7,1238,3,0.000000,1560,1635,1560,75,4.5872,LOCAL_BEST,0,42,0,2099,23,107,80,1,9375.0000,75000.0000,0,0,0,0,0,0
n012w8-0,n012w8,0,5,500000,100.0,adaptive,2026-07-04T12:09:41+01:00,2,2,7,1247,3,0.000000,1440,1560,1440,120,7.6923,LOCAL_BEST,0,42,0,2106,23,108,9,0,133333.3333,0.0000,0,0,0,0,0,0
n012w8-0,n012w8,0,5,500000,100.0,adaptive,2026-07-04T12:09:41+01:00,2,2,7,1249,3,0.000000,1365,1440,1365,75,5.2083,LOCAL_BEST,0,42,0,2108,23,109,2,0,375000.0000,0.0000,0,0,0,0,0,0
n012w8-0,n012w8,0,5,500000,100.0,adaptive,2026-07-04T12:09:41+01:00,2,2,7,2136,4,0.000000,1290,1365,1290,75,5.4945,LOCAL_BEST,0,42,0,3640,130,110,887,1,845.5468,75000.0000,0,0,0,0,0,0
n012w8-0,n012w8,0,5,500000,100.0,adaptive,2026-07-04T12:09:41+01:00,2,5,7,3210,55,0.000000,525,560,525,35,6.2500,GLOBAL_BEST,1,42,0,4893,2643,111,1074,51,325.8845,686.2745,0,0,0,0,0,0
n012w8-0,n012w8,0,5,500000,100.0,adaptive,2026-07-04T12:09:41+01:00,2,11,7,4625,110,0.000000,290,320,290,30,9.3750,GLOBAL_BEST,4,42,0,6973,4356,112,1415,55,212.0141,545.4545,0,0,0,0,0,0
n012w8-0,n012w8,0,5,500000,100.0,adaptive,2026-07-04T12:09:41+01:00,2,2,7,5144,9,0.000000,1245,1290,1245,45,3.4884,LOCAL_BEST,0,42,0,8607,929,113,519,-101,867.0520,0.0000,0,0,0,0,0,0
n012w8-0,n012w8,0,5,500000,100.0,adaptive,2026-07-04T12:09:41+01:00,2,3,7,5560,10,0.000000,1605,1625,1605,20,1.2308,LOCAL_BEST,0,42,2114,9626,181,114,416,1,480.7692,20000.0000,0,0,0,0,0,0
n012w8-0,n012w8,0,5,500000,100.0,adaptive,2026-07-04T12:09:41+01:00,2,3,7,5561,10,0.000000,1575,1605,1575,30,1.8692,LOCAL_BEST,0,42,2114,9626,181,115,1,0,300000.0000,0.0000,0,0,0,0,0,0
n012w8-0,n012w8,0,5,500000,100.0,adaptive,2026-07-04T12:09:41+01:00,2,3,7,5562,10,0.000000,1545,1575,1545,30,1.9048,LOCAL_BEST,0,42,2114,9627,181,116,1,0,300000.0000,0.0000,0,0,0,0,0,0
n012w8-0,n012w8,0,5,500000,100.0,adaptive,2026-07-04T12:09:41+01:00,2,3,7,5571,10,0.000000,1515,1545,1515,30,1.9417,LOCAL_BEST,0,42,2116,9643,182,117,9,0,33333.3333,0.0000,0,0,0,0,0,0
n012w8-0,n012w8,0,5,500000,100.0,adaptive,2026-07-04T12:09:41+01:00,2,2,7,6794,12,0.000000,1230,1245,1230,15,1.2048,LOCAL_BEST,0,42,0,11235,1510,118,1223,2,122.6492,7500.0000,0,0,0,0,0,0
n012w8-0,n012w8,0,5,500000,100.0,adaptive,2026-07-04T12:09:41+01:00,2,5,7,8968,63,0.000000,520,525,520,5,0.9524,GLOBAL_BEST,1,42,0,13373,7417,119,2174,51,22.9991,98.0392,0,0,0,0,0,0
n012w8-0,n012w8,0,5,500000,100.0,adaptive,2026-07-04T12:09:41+01:00,2,2,7,9184,15,0.000000,1215,1230,1215,15,1.2195,LOCAL_BEST,0,42,0,15208,2449,120,216,-48,694.4444,0.0000,0,0,0,0,0,0
n012w8-0,n012w8,0,5,500000,100.0,adaptive,2026-07-04T12:09:41+01:00,2,5,7,9265,64,0.000000,505,520,505,15,2.8846,GLOBAL_BEST,1,42,0,13817,7659,121,81,49,1851.8519,306.1224,0,0,0,0,0,0
n012w8-0,n012w8,0,5,500000,100.0,adaptive,2026-07-04T12:09:41+01:00,2,3,7,10027,17,0.000000,1460,1515,1460,55,3.6304,LOCAL_BEST,0,42,3829,17102,372,122,762,-47,721.7848,0.0000,0,0,0,0,0,0
n012w8-0,n012w8,0,5,500000,100.0,adaptive,2026-07-04T12:09:41+01:00,2,5,7,10167,65,0.000000,490,505,490,15,2.9703,GLOBAL_BEST,1,42,0,14960,8407,123,140,48,1071.4286,312.5000,0,0,0,0,0,0
n012w8-0,n012w8,0,5,500000,100.0,adaptive,2026-07-04T12:09:41+01:00,2,2,7,10188,17,0.000000,1185,1215,1185,30,2.4691,LOCAL_BEST,0,42,0,16981,2878,124,21,-48,14285.7143,0.0000,0,0,0,0,0,0
n012w8-0,n012w8,0,5,500000,100.0,adaptive,2026-07-04T12:09:41+01:00,2,5,7,10236,65,0.000000,475,490,475,15,3.0612,GLOBAL_BEST,1,42,0,15052,8457,125,48,48,3125.0000,312.5000,0,0,0,0,0,0
n012w8-0,n012w8,0,5,500000,100.0,adaptive,2026-07-04T12:09:41+01:00,2,8,7,11051,110,0.000000,340,370,340,30,8.1081,LOCAL_BEST,3,42,0,15810,10224,126,815,45,368.0982,666.6667,0,0,0,0,0,0
n012w8-0,n012w8,0,5,500000,100.0,adaptive,2026-07-04T12:09:41+01:00,2,2,7,13100,22,0.000000,1175,1185,1175,10,0.8439,LOCAL_BEST,0,42,0,21627,4222,127,2049,-88,48.8043,0.0000,0,0,0,0,0,0
n012w8-0,n012w8,0,5,500000,100.0,adaptive,2026-07-04T12:09:41+01:00,2,2,7,13180,22,0.000000,1165,1175,1165,10,0.8511,LOCAL_BEST,0,42,0,21766,4256,128,80,0,1250.0000,0.0000,0,0,0,0,0,0
n012w8-0,n012w8,0,5,500000,100.0,adaptive,2026-07-04T12:09:41+01:00,2,2,7,14030,23,0.000000,1160,1165,1160,5,0.4292,LOCAL_BEST,0,42,0,23231,4710,129,850,1,58.8235,5000.0000,0,0,0,0,0,0
n012w8-0,n012w8,0,5,500000,100.0,adaptive,2026-07-04T12:09:41+01:00,2,5,7,14507,71,0.000000,445,475,445,30,6.3158,GLOBAL_BEST,1,42,0,21216,12060,130,477,48,628.9308,625.0000,0,0,0,0,0,0
n012w8-0,n012w8,0,5,500000,100.0,adaptive,2026-07-04T12:09:41+01:00,2,8,7,14510,118,0.000000,325,340,325,15,4.4118,LOCAL_BEST,3,42,0,20667,13377,131,3,47,50000.0000,319.1489,0,0,0,0,0,0
n012w8-0,n012w8,0,5,500000,100.0,adaptive,2026-07-04T12:09:41+01:00,2,2,7,15096,25,0.000000,1135,1160,1135,25,2.1552,LOCAL_BEST,0,42,0,25077,5221,132,586,-93,426.6212,0.0000,0,0,0,0,0,0
n012w8-0,n012w8,0,5,500000,100.0,adaptive,2026-07-04T12:09:41+01:00,2,2,7,16125,27,0.000000,1120,1135,1120,15,1.3216,LOCAL_BEST,0,42,0,26672,5777,133,1029,2,145.7726,7500.0000,0,0,0,0,0,0
n012w8-0,n012w8,0,5,500000,100.0,adaptive,2026-07-04T12:09:41+01:00,2,2,7,16156,27,0.000000,1075,1120,1075,45,4.0179,LOCAL_BEST,0,42,0,26715,5788,134,31,0,14516.1290,0.0000,0,0,0,0,0,0
n012w8-0,n012w8,0,5,500000,100.0,adaptive,2026-07-04T12:09:41+01:00,2,2,7,18388,30,0.000000,1060,1075,1060,15,1.3953,LOCAL_BEST,0,42,0,30349,6997,135,2232,3,67.2043,5000.0000,0,0,0,0,0,0
n012w8-0,n012w8,0,5,500000,100.0,adaptive,2026-07-04T12:09:41+01:00,2,20,7,18666,288,0.000000,230,240,230,10,4.1667,LOCAL_BEST,9,42,0,26273,17792,136,278,258,359.7122,38.7597,0,0,0,0,0,0
n012w8-0,n012w8,0,5,500000,100.0,adaptive,2026-07-04T12:09:41+01:00,2,2,7,19462,31,0.000000,1035,1060,1035,25,2.3585,LOCAL_BEST,0,42,0,31977,7571,137,796,-257,314.0704,0.0000,0,0,0,0,0,0
n012w8-0,n012w8,0,5,500000,100.0,adaptive,2026-07-04T12:09:41+01:00,2,2,7,20302,33,0.000000,990,1035,990,45,4.3478,LOCAL_BEST,0,42,0,33221,8021,138,840,2,535.7143,22500.0000,0,0,0,0,0,0
n012w8-0,n012w8,0,5,500000,100.0,adaptive,2026-07-04T12:09:41+01:00,2,2,7,20305,33,0.000000,960,990,960,30,3.0303,LOCAL_BEST,0,42,0,33221,8023,139,3,0,100000.0000,0.0000,0,0,0,0,0,0
n012w8-0,n012w8,0,5,500000,100.0,adaptive,2026-07-04T12:09:41+01:00,2,8,7,21401,130,0.000000,285,325,285,40,12.3077,GLOBAL_BEST,3,42,0,30057,19756,140,1096,97,364.9635,412.3711,0,0,0,0,0,0
n012w8-0,n012w8,0,5,500000,100.0,adaptive,2026-07-04T12:09:41+01:00,2,8,7,22676,133,0.000000,280,285,280,5,1.7544,GLOBAL_BEST,3,42,0,31950,20907,141,1275,3,39.2157,1666.6667,0,0,0,0,0,0
n012w8-0,n012w8,0,5,500000,100.0,adaptive,2026-07-04T12:09:41+01:00,2,2,7,23132,36,0.000000,950,960,950,10,1.0417,LOCAL_BEST,0,42,0,37705,9643,142,456,-97,219.2982,0.0000,0,0,0,0,0,0
n012w8-0,n012w8,0,5,500000,100.0,adaptive,2026-07-04T12:09:41+01:00,2,2,7,23147,38,0.000000,935,950,935,15,1.5789,LOCAL_BEST,0,42,0,37729,9648,143,15,2,10000.0000,7500.0000,0,0,0,0,0,0
n012w8-0,n012w8,0,5,500000,100.0,adaptive,2026-07-04T12:09:41+01:00,2,2,7,23461,38,0.000000,930,935,930,5,0.5348,LOCAL_BEST,0,42,0,38241,9846,144,314,0,159.2357,0.0000,0,0,0,0,0,0
n012w8-0,n012w8,0,5,500000,100.0,adaptive,2026-07-04T12:09:41+01:00,2,2,7,23478,38,0.000000,920,930,920,10,1.0753,LOCAL_BEST,0,42,0,38271,9849,145,17,0,5882.3529,0.0000,0,0,0,0,0,0
n012w8-0,n012w8,0,5,500000,100.0,adaptive,2026-07-04T12:09:41+01:00,2,2,7,23850,38,0.000000,910,920,910,10,1.0870,LOCAL_BEST,0,42,0,38886,10038,146,372,0,268.8172,0.0000,0,0,0,0,0,0
n012w8-0,n012w8,0,5,500000,100.0,adaptive,2026-07-04T12:09:41+01:00,2,2,7,24972,40,0.000000,905,910,905,5,0.5495,LOCAL_BEST,0,42,0,40674,10689,147,1122,2,44.5633,2500.0000,0,0,0,0,0,0
n012w8-0,n012w8,0,5,500000,100.0,adaptive,2026-07-04T12:09:41+01:00,2,2,7,24976,40,0.000000,870,905,870,35,3.8674,LOCAL_BEST,0,42,0,40675,10689,148,4,0,87500.0000,0.0000,0,0,0,0,0,0
n012w8-0,n012w8,0,5,500000,100.0,adaptive,2026-07-04T12:09:41+01:00,2,11,7,25197,146,0.000000,275,290,275,15,5.1724,GLOBAL_BEST,4,42,0,38386,23589,149,221,106,678.7330,141.5094,0,0,0,0,0,0
n012w8-0,n012w8,0,5,500000,100.0,adaptive,2026-07-04T12:09:41+01:00,2,2,7,25962,41,0.000000,865,870,865,5,0.5747,LOCAL_BEST,0,42,0,42219,11268,150,765,-105,65.3595,0.0000,0,0,0,0,0,0
n012w8-0,n012w8,0,5,500000,100.0,adaptive,2026-07-04T12:09:41+01:00,2,2,7,25963,41,0.000000,850,865,850,15,1.7341,LOCAL_BEST,0,42,0,42222,11268,151,1,0,150000.0000,0.0000,0,0,0,0,0,0
n012w8-0,n012w8,0,5,500000,100.0,adaptive,2026-07-04T12:09:41+01:00,2,2,7,26170,42,0.000000,780,850,780,70,8.2353,LOCAL_BEST,0,42,0,42488,11389,152,207,1,3381.6425,70000.0000,0,0,0,0,0,0
n012w8-0,n012w8,0,5,500000,100.0,adaptive,2026-07-04T12:09:41+01:00,2,5,7,28045,91,0.000000,440,445,440,5,1.1236,LOCAL_BEST,1,42,0,40573,23897,153,1875,49,26.6667,102.0408,0,0,0,0,0,0
n012w8-0,n012w8,0,5,500000,100.0,adaptive,2026-07-04T12:09:41+01:00,2,5,7,28598,91,0.000000,410,440,410,30,6.8182,LOCAL_BEST,1,42,0,41321,24369,154,553,0,542.4955,0.0000,0,0,0,0,0,0
n012w8-0,n012w8,0,5,500000,100.0,adaptive,2026-07-04T12:09:41+01:00,2,1,7,30952,50,42.519485,695,700,695,5,0.7143,GLOBAL_BEST,0,42,6122,48868,14173,155,2354,-41,21.2404,0.0000,0,0,0,0,0,0
n012w8-0,n012w8,0,5,500000,100.0,adaptive,2026-07-04T12:09:41+01:00,2,5,7,31234,95,0.000000,385,410,385,25,6.0976,LOCAL_BEST,1,42,0,45038,26658,156,282,45,886.5248,555.5556,0,0,0,0,0,0
n012w8-0,n012w8,0,5,500000,100.0,adaptive,2026-07-04T12:09:41+01:00,2,5,7,31267,95,0.000000,370,385,370,15,3.8961,LOCAL_BEST,1,42,0,45079,26684,157,33,0,4545.4545,0.0000,0,0,0,0,0,0
n012w8-0,n012w8,0,5,500000,100.0,adaptive,2026-07-04T12:09:41+01:00,2,2,7,33352,53,0.000000,765,780,765,15,1.9231,LOCAL_BEST,0,42,0,53625,16183,158,2085,-42,71.9424,0.0000,0,0,0,0,0,0
n012w8-0,n012w8,0,5,500000,100.0,adaptive,2026-07-04T12:09:41+01:00,2,5,7,34986,100,0.000000,365,370,365,5,1.3514,GLOBAL_BEST,1,42,0,50592,29988,159,1634,47,30.5998,106.3830,0,0,0,0,0,0
n012w8-0,n012w8,0,5,500000,100.0,adaptive,2026-07-04T12:09:41+01:00,2,3,7,36111,60,0.000000,1445,1460,1445,15,1.0274,LOCAL_BEST,0,42,13742,61785,1341,160,1125,-40,133.3333,0.0000,0,0,0,0,0,0
n012w8-0,n012w8,0,5,500000,100.0,adaptive,2026-07-04T12:09:41+01:00,2,2,7,36431,58,0.000000,755,765,755,10,1.3072,LOCAL_BEST,0,42,0,58453,18369,161,320,-2,312.5000,0.0000,0,0,0,0,0,0
n012w8-0,n012w8,0,5,500000,100.0,adaptive,2026-07-04T12:09:41+01:00,2,2,7,36701,58,0.000000,745,755,745,10,1.3245,LOCAL_BEST,0,42,0,58859,18564,162,270,0,370.3704,0.0000,0,0,0,0,0,0
n012w8-0,n012w8,0,5,500000,100.0,adaptive,2026-07-04T12:09:41+01:00,2,2,7,37435,60,0.000000,730,745,730,15,2.0134,LOCAL_BEST,0,42,0,60055,19083,163,734,2,204.3597,7500.0000,0,0,0,0,0,0
n012w8-0,n012w8,0,5,500000,100.0,adaptive,2026-07-04T12:09:41+01:00,2,2,7,37792,60,0.000000,710,730,710,20,2.7397,LOCAL_BEST,0,42,0,60538,19314,164,357,0,560.2241,0.0000,0,0,0,0,0,0
n012w8-0,n012w8,0,5,500000,100.0,adaptive,2026-07-04T12:09:41+01:00,2,5,7,38541,106,0.000000,350,365,350,15,4.1096,LOCAL_BEST,1,42,0,55918,33201,165,749,46,200.2670,326.0870,0,0,0,0,0,0
n012w8-0,n012w8,0,5,500000,100.0,adaptive,2026-07-04T12:09:41+01:00,2,4,7,39214,116,33.841063,665,695,665,30,4.3165,LOCAL_BEST,1,42,6963,62614,19937,166,673,10,445.7652,3000.0000,0,0,0,0,0,0
n012w8-0,n012w8,0,5,500000,100.0,adaptive,2026-07-04T12:09:41+01:00,2,4,7,39217,116,33.838258,650,665,650,15,2.2556,LOCAL_BEST,1,42,6963,62618,19939,167,3,0,50000.0000,0.0000,0,0,0,0,0,0
n012w8-0,n012w8,0,5,500000,100.0,adaptive,2026-07-04T12:09:41+01:00,2,4,7,39231,116,33.825171,635,650,635,15,2.3077,LOCAL_BEST,1,42,6963,62643,19952,168,14,0,10714.2857,0.0000,0,0,0,0,0,0
n012w8-0,n012w8,0,5,500000,100.0,adaptive,2026-07-04T12:09:41+01:00,2,4,7,39304,116,33.757012,590,635,590,45,7.0866,LOCAL_BEST,1,42,6967,62744,20007,169,73,0,6164.3836,0.0000,0,0,0,0,0,0
n012w8-0,n012w8,0,5,500000,100.0,adaptive,2026-07-04T12:09:41+01:00,2,1,7,39590,63,33.491300,635,695,635,60,8.6331,LOCAL_BEST,0,42,7152,61523,19796,170,286,-53,2097.9021,0.0000,0,0,0,0,0,0
n012w8-0,n012w8,0,5,500000,100.0,adaptive,2026-07-04T12:09:41+01:00,2,1,7,40033,63,33.083847,630,635,630,5,0.7874,LOCAL_BEST,0,42,7189,62157,20118,171,443,0,112.8668,0.0000,0,0,0,0,0,0
n012w8-0,n012w8,0,5,500000,100.0,adaptive,2026-07-04T12:09:41+01:00,2,1,7,40045,63,33.072879,600,630,600,30,4.7619,LOCAL_BEST,0,42,7190,62169,20127,172,12,0,25000.0000,0.0000,0,0,0,0,0,0
n012w8-0,n012w8,0,5,500000,100.0,adaptive,2026-07-04T12:09:41+01:00,2,2,7,40329,64,0.000000,700,710,700,10,1.4085,LOCAL_BEST,0,42,0,64268,21121,173,284,1,352.1127,10000.0000,0,0,0,0,0,0
n012w8-0,n012w8,0,5,500000,100.0,adaptive,2026-07-04T12:09:41+01:00,2,8,7,40922,164,0.000000,270,280,270,10,3.5714,GLOBAL_BEST,3,42,0,58057,37723,174,593,100,168.6341,100.0000,0,0,0,0,0,0
n012w8-0,n012w8,0,5,500000,100.0,adaptive,2026-07-04T12:09:41+01:00,2,2,7,41285,65,0.000000,690,700,690,10,1.4286,LOCAL_BEST,0,42,0,65691,21827,175,363,-99,275.4821,0.0000,0,0,0,0,0,0
n012w8-0,n012w8,0,5,500000,100.0,adaptive,2026-07-04T12:09:41+01:00,2,2,7,41527,66,0.000000,660,690,660,30,4.3478,LOCAL_BEST,0,42,0,66087,21999,176,242,1,1239.6694,30000.0000,0,0,0,0,0,0
n012w8-0,n012w8,0,5,500000,100.0,adaptive,2026-07-04T12:09:41+01:00,2,2,7,44273,70,0.000000,655,660,655,5,0.7576,LOCAL_BEST,0,42,0,70116,24106,177,2746,4,18.2083,1250.0000,0,0,0,0,0,0
n012w8-0,n012w8,0,5,500000,100.0,adaptive,2026-07-04T12:09:41+01:00,2,2,7,44276,70,0.000000,640,655,640,15,2.2901,LOCAL_BEST,0,42,0,70131,24107,178,3,0,50000.0000,0.0000,0,0,0,0,0,0
n012w8-0,n012w8,0,5,500000,100.0,adaptive,2026-07-04T12:09:41+01:00,2,1,7,45652,72,28.326179,570,600,570,30,5.0000,LOCAL_BEST,0,42,7689,70517,24195,179,1376,2,218.0233,15000.0000,0,0,0,0,0,0
n012w8-0,n012w8,0,5,500000,100.0,adaptive,2026-07-04T12:09:41+01:00,2,2,7,46373,73,0.000000,590,640,590,50,7.8125,LOCAL_BEST,0,42,0,73209,25676,180,721,1,693.4813,50000.0000,0,0,0,0,0,0
n012w8-0,n012w8,0,5,500000,100.0,adaptive,2026-07-04T12:09:41+01:00,2,4,7,46956,130,27.323731,570,590,570,20,3.3898,LOCAL_BEST,1,42,7663,74422,25434,181,583,57,343.0532,350.8772,0,0,0,0,0,0
n012w8-0,n012w8,0,5,500000,100.0,adaptive,2026-07-04T12:09:41+01:00,2,4,7,47828,131,26.673254,550,570,550,20,3.5088,LOCAL_BEST,1,42,7723,75685,26100,182,872,1,229.3578,20000.0000,0,0,0,0,0,0
n012w8-0,n012w8,0,5,500000,100.0,adaptive,2026-07-04T12:09:41+01:00,2,4,7,47845,131,26.660728,535,550,535,15,2.7273,LOCAL_BEST,1,42,7723,75705,26116,183,17,0,8823.5294,0.0000,0,0,0,0,0,0
n012w8-0,n012w8,0,5,500000,100.0,adaptive,2026-07-04T12:09:41+01:00,2,1,7,48893,76,25.899776,555,570,555,15,2.6316,LOCAL_BEST,0,42,7924,75336,26652,184,1048,-55,143.1298,0.0000,0,0,0,0,0,0
n012w8-0,n012w8,0,5,500000,100.0,adaptive,2026-07-04T12:09:41+01:00,2,1,7,48980,78,25.837590,540,555,540,15,2.7027,LOCAL_BEST,0,42,7927,75414,26724,185,87,2,1724.1379,7500.0000,0,0,0,0,0,0
n012w8-0,n012w8,0,5,500000,100.0,adaptive,2026-07-04T12:09:41+01:00,2,1,7,49032,78,25.800493,530,540,530,10,1.8519,LOCAL_BEST,0,42,7932,75502,26761,186,52,0,1923.0769,0.0000,0,0,0,0,0,0
n012w8-0,n012w8,0,5,500000,100.0,adaptive,2026-07-04T12:09:41+01:00,2,4,7,49107,133,25.747081,520,535,520,15,2.8037,LOCAL_BEST,1,42,7806,77557,27082,187,75,55,2000.0000,272.7273,0,0,0,0,0,0
n012w8-0,n012w8,0,5,500000,100.0,adaptive,2026-07-04T12:09:41+01:00,2,4,7,49112,133,25.743524,490,520,490,30,5.7692,LOCAL_BEST,1,42,7807,77570,27085,188,5,0,60000.0000,0.0000,0,0,0,0,0,0
n012w8-0,n012w8,0,5,500000,100.0,adaptive,2026-07-04T12:09:41+01:00,2,4,7,49116,133,25.740679,475,490,475,15,3.0612,LOCAL_BEST,1,42,7808,77573,27087,189,4,0,37500.0000,0.0000,0,0,0,0,0,0
n012w8-0,n012w8,0,5,500000,100.0,adaptive,2026-07-04T12:09:41+01:00,2,4,7,49132,133,25.729302,460,475,460,15,3.1579,LOCAL_BEST,1,42,7808,77598,27102,190,16,0,9375.0000,0.0000,0,0,0,0,0,0
n012w8-0,n012w8,0,5,500000,100.0,adaptive,2026-07-04T12:09:41+01:00,2,4,7,49199,133,25.681714,430,460,430,30,6.5217,LOCAL_BEST,1,42,7808,77694,27165,191,67,0,4477.6119,0.0000,0,0,0,0,0,0
n012w8-0,n012w8,0,5,500000,100.0,adaptive,2026-07-04T12:09:41+01:00,2,4,7,49241,133,25.651927,415,430,415,15,3.4884,LOCAL_BEST,1,42,7809,77748,27202,192,42,0,3571.4286,0.0000,0,0,0,0,0,0
n012w8-0,n012w8,0,5,500000,100.0,adaptive,2026-07-04T12:09:41+01:00,2,2,7,52676,82,0.000000,585,590,585,5,0.8475,LOCAL_BEST,0,42,0,82360,30686,193,3435,-51,14.5560,0.0000,0,0,0,0,0,0
n012w8-0,n012w8,0,5,500000,100.0,adaptive,2026-07-04T12:09:41+01:00,2,1,7,54411,85,22.237195,480,530,480,50,9.4340,LOCAL_BEST,0,42,8292,83506,30882,194,1735,3,288.1844,16666.6667,0,0,0,0,0,0
n012w8-0,n012w8,0,5,500000,100.0,adaptive,2026-07-04T12:09:41+01:00,2,1,7,54438,85,22.220611,450,480,450,30,6.2500,LOCAL_BEST,0,42,8293,83549,30904,195,27,0,11111.1111,0.0000,0,0,0,0,0,0
n012w8-0,n012w8,0,5,500000,100.0,adaptive,2026-07-04T12:09:41+01:00,2,2,7,54876,85,0.000000,570,585,570,15,2.5641,LOCAL_BEST,0,42,0,85695,32389,196,438,0,342.4658,0.0000,0,0,0,0,0,0
n012w8-0,n012w8,0,5,500000,100.0,adaptive,2026-07-04T12:09:41+01:00,2,1,7,57278,90,20.543574,430,450,430,20,4.4444,GLOBAL_BEST,0,42,8437,87615,33178,197,2402,5,83.2639,4000.0000,0,0,0,0,0,0
n012w8-0,n012w8,0,5,500000,100.0,adaptive,2026-07-04T12:09:41+01:00,2,2,7,58529,91,0.000000,540,570,540,30,5.2632,LOCAL_BEST,0,42,0,91381,35351,198,1251,1,239.8082,30000.0000,0,0,0,0,0,0
n012w8-0,n012w8,0,5,500000,100.0,adaptive,2026-07-04T12:09:41+01:00,2,4,7,59248,153,19.455213,405,415,405,10,2.4096,LOCAL_BEST,1,42,8382,92644,35197,199,719,62,139.0821,161.2903,0,0,0,0,0,0
n012w8-0,n012w8,0,5,500000,100.0,adaptive,2026-07-04T12:09:41+01:00,2,4,7,59312,153,19.420840,390,405,390,15,3.7037,LOCAL_BEST,1,42,8385,92750,35251,200,64,0,2343.7500,0.0000,0,0,0,0,0,0
n012w8-0,n012w8,0,5,500000,100.0,adaptive,2026-07-04T12:09:41+01:00,2,1,7,59961,93,19.075679,390,430,390,40,9.3023,LOCAL_BEST,0,42,8542,91585,35387,201,649,-60,616.3328,0.0000,0,0,0,0,0,0
n012w8-0,n012w8,0,5,500000,100.0,adaptive,2026-07-04T12:09:41+01:00,2,10,7,60762,205,18.658125,360,365,360,5,1.3699,LOCAL_BEST,4,42,8474,92914,36853,202,801,112,62.4220,44.6429,0,0,0,0,0,0
n012w8-0,n012w8,0,5,500000,100.0,adaptive,2026-07-04T12:09:41+01:00,2,7,7,61538,199,18.262322,405,430,405,25,5.8140,LOCAL_BEST,2,42,8488,94359,37167,203,776,-6,322.1649,0.0000,0,0,0,0,0,0
n012w8-0,n012w8,0,5,500000,100.0,adaptive,2026-07-04T12:09:41+01:00,2,4,7,61655,158,18.203379,375,390,375,15,3.8462,LOCAL_BEST,1,42,8488,96316,37218,204,117,-41,1282.0513,0.0000,0,0,0,0,0,0
n012w8-0,n012w8,0,5,500000,100.0,adaptive,2026-07-04T12:09:41+01:00,2,4,7,61661,158,18.200361,360,375,360,15,4.0000,LOCAL_BEST,1,42,8488,96323,37223,205,6,0,25000.0000,0.0000,0,0,0,0,0,0
n012w8-0,n012w8,0,5,500000,100.0,adaptive,2026-07-04T12:09:41+01:00,2,7,7,63579,202,17.260922,370,405,370,35,8.6420,LOCAL_BEST,2,42,8540,97315,39003,206,1918,44,182.4818,795.4545,0,0,0,0,0,0
n012w8-0,n012w8,0,5,500000,100.0,adaptive,2026-07-04T12:09:41+01:00,2,2,7,64385,103,0.000000,535,540,535,5,0.9259,LOCAL_BEST,0,42,0,100431,40250,207,806,-99,62.0347,0.0000,0,0,0,0,0,0
n012w8-0,n012w8,0,5,500000,100.0,adaptive,2026-07-04T12:09:41+01:00,2,2,7,64408,104,0.000000,520,535,520,15,2.8037,LOCAL_BEST,0,42,0,100468,40266,208,23,1,6521.7391,15000.0000,0,0,0,0,0,0
n012w8-0,n012w8,0,5,500000,100.0,adaptive,2026-07-04T12:09:41+01:00,2,10,7,64415,210,16.866773,355,360,355,5,1.3889,LOCAL_BEST,4,42,8606,98229,40005,209,7,106,7142.8571,47.1698,0,0,0,0,0,0
n012w8-0,n012w8,0,5,500000,100.0,adaptive,2026-07-04T12:09:41+01:00,2,2,7,66039,106,0.000000,495,520,495,25,4.8077,LOCAL_BEST,0,42,0,102892,41606,210,1624,-104,153.9409,0.0000,0,0,0,0,0,0
n012w8-0,n012w8,0,5,500000,100.0,adaptive,2026-07-04T12:09:41+01:00,2,3,7,66519,114,0.000000,1325,1445,1325,120,8.3045,LOCAL_BEST,0,42,25358,113736,2524,211,480,8,2500.0000,15000.0000,0,0,0,0,0,0
n012w8-0,n012w8,0,5,500000,100.0,adaptive,2026-07-04T12:09:41+01:00,2,3,7,66520,114,0.000000,1280,1325,1280,45,3.3962,LOCAL_BEST,0,42,25358,113738,2524,212,1,0,450000.0000,0.0000,0,0,0,0,0,0
n012w8-0,n012w8,0,5,500000,100.0,adaptive,2026-07-04T12:09:41+01:00,2,2,7,68341,110,0.000000,490,495,490,5,1.0101,LOCAL_BEST,0,42,0,106436,43518,213,1821,-4,27.4574,0.0000,0,0,0,0,0,0
n012w8-0,n012w8,0,5,500000,100.0,adaptive,2026-07-04T12:09:41+01:00,2,1,7,70723,109,14.168896,375,390,375,15,3.8462,LOCAL_BEST,0,42,8923,107507,44680,214,2382,-1,62.9723,0.0000,0,0,0,0,0,0
n012w8-0,n012w8,0,5,500000,100.0,adaptive,2026-07-04T12:09:41+01:00,2,1,7,70727,109,14.167330,360,375,360,15,4.0000,LOCAL_BEST,0,42,8923,107510,44683,215,4,0,37500.0000,0.0000,0,0,0,0,0,0
n012w8-0,n012w8,0,5,500000,100.0,adaptive,2026-07-04T12:09:41+01:00,2,4,7,70862,170,14.114581,355,360,355,5,1.3889,LOCAL_BEST,1,42,8785,110013,45156,216,135,61,370.3704,81.9672,0,0,0,0,0,0
n012w8-0,n012w8,0,5,500000,100.0,adaptive,2026-07-04T12:09:41+01:00,2,7,7,70933,216,14.086918,360,370,360,10,2.7027,LOCAL_BEST,2,42,8744,107642,45507,217,71,46,1408.4507,217.3913,0,0,0,0,0,0
n012w8-0,n012w8,0,5,500000,100.0,adaptive,2026-07-04T12:09:41+01:00,2,7,7,70945,216,14.082248,345,360,345,15,4.1667,LOCAL_BEST,2,42,8744,107655,45515,218,12,0,12500.0000,0.0000,0,0,0,0,0,0
n012w8-0,n012w8,0,5,500000,100.0,adaptive,2026-07-04T12:09:41+01:00,2,10,7,71108,219,14.018967,350,355,350,5,1.4085,LOCAL_BEST,4,42,8822,108060,45827,219,163,3,306.7485,1666.6667,0,0,0,0,0,0
n012w8-0,n012w8,0,5,500000,100.0,adaptive,2026-07-04T12:09:41+01:00,2,4,7,72959,173,13.319993,340,355,340,15,4.2254,LOCAL_BEST,1,42,8843,112835,46981,220,1851,-46,81.0373,0.0000,0,0,0,0,0,0
n012w8-0,n012w8,0,5,500000,100.0,adaptive,2026-07-04T12:09:41+01:00,2,4,7,73113,174,13.263435,325,340,325,15,4.4118,LOCAL_BEST,1,42,8845,113039,47120,221,154,1,974.0260,15000.0000,0,0,0,0,0,0
n012w8-0,n012w8,0,5,500000,100.0,adaptive,2026-07-04T12:09:41+01:00,2,2,7,74228,123,0.000000,480,490,480,10,2.0408,LOCAL_BEST,0,42,0,114992,48534,222,1115,-51,89.6861,0.0000,0,0,0,0,0,0
n012w8-0,n012w8,0,5,500000,100.0,adaptive,2026-07-04T12:09:41+01:00,2,10,7,75038,225,12.576390,335,350,335,15,4.2857,LOCAL_BEST,4,42,8905,113724,49354,223,810,102,185.1852,147.0588,0,0,0,0,0,0
n012w8-0,n012w8,0,5,500000,100.0,adaptive,2026-07-04T12:09:41+01:00,2,2,7,75761,126,0.000000,465,480,465,15,3.1250,LOCAL_BEST,0,42,0,117013,49803,224,723,-99,207.4689,0.0000,0,0,0,0,0,0
n012w8-0,n012w8,0,5,500000,100.0,adaptive,2026-07-04T12:09:41+01:00,2,4,7,75925,179,12.271905,310,325,310,15,4.6154,LOCAL_BEST,1,42,8899,117125,49646,225,164,53,914.6341,283.0189,0,0,0,0,0,0
n012w8-0,n012w8,0,5,500000,100.0,adaptive,2026-07-04T12:09:41+01:00,2,10,7,77489,229,11.752872,330,335,330,5,1.4925,LOCAL_BEST,4,42,8944,117079,51596,226,1564,50,31.9693,100.0000,0,0,0,0,0,0
n012w8-0,n012w8,0,5,500000,100.0,adaptive,2026-07-04T12:09:41+01:00,2,10,7,78116,230,11.551011,315,330,315,15,4.5455,LOCAL_BEST,4,42,8956,117919,52171,227,627,1,239.2344,15000.0000,0,0,0,0,0,0
n012w8-0,n012w8,0,5,500000,100.0,adaptive,2026-07-04T12:09:41+01:00,2,2,7,78465,133,0.000000,460,465,460,5,1.0753,LOCAL_BEST,0,42,0,121012,52100,228,349,-97,143.2665,0.0000,0,0,0,0,0,0
n012w8-0,n012w8,0,5,500000,100.0,adaptive,2026-07-04T12:09:41+01:00,2,2,7,80786,136,0.000000,450,460,450,10,2.1739,LOCAL_BEST,0,42,0,124463,54065,229,2321,3,43.0849,3333.3333,0,0,0,0,0,0
n012w8-0,n012w8,0,5,500000,100.0,adaptive,2026-07-04T12:09:41+01:00,2,2,7,81898,139,0.000000,440,450,440,10,2.2222,LOCAL_BEST,0,42,0,126114,54987,230,1112,3,89.9281,3333.3333,0,0,0,0,0,0
n012w8-0,n012w8,0,5,500000,100.0,adaptive,2026-07-04T12:09:41+01:00,2,10,7,82817,236,10.143971,305,315,305,10,3.1746,LOCAL_BEST,4,42,9029,124098,56484,231,919,97,108.8139,103.0928,0,0,0,0,0,0
n012w8-0,n012w8,0,5,500000,100.0,adaptive,2026-07-04T12:09:41+01:00,2,1,7,82843,131,10.136686,345,360,345,15,4.1667,LOCAL_BEST,0,42,9129,124628,55707,232,26,-105,5769.2308,0.0000,0,0,0,0,0,0
n012w8-0,n012w8,0,5,500000,100.0,adaptive,2026-07-04T12:09:41+01:00,2,2,7,84393,145,0.000000,435,440,435,5,1.1364,LOCAL_BEST,0,42,0,129620,57140,233,1550,14,32.2581,357.1429,0,0,0,0,0,0
n012w8-0,n012w8,0,5,500000,100.0,adaptive,2026-07-04T12:09:41+01:00,2,16,7,84433,350,9.700989,255,270,255,15,5.5556,LOCAL_BEST,7,42,8962,128205,57356,234,40,205,3750.0000,73.1707,0,0,0,0,0,0
n012w8-0,n012w8,0,5,500000,100.0,adaptive,2026-07-04T12:09:41+01:00,2,2,7,84874,146,0.000000,425,435,425,10,2.2989,LOCAL_BEST,0,42,0,130326,57544,235,441,-204,226.7574,0.0000,0,0,0,0,0,0
n012w8-0,n012w8,0,5,500000,100.0,adaptive,2026-07-04T12:09:41+01:00,2,2,7,84878,146,0.000000,410,425,410,15,3.5294,LOCAL_BEST,0,42,0,130329,57547,236,4,0,37500.0000,0.0000,0,0,0,0,0,0
n012w8-0,n012w8,0,5,500000,100.0,adaptive,2026-07-04T12:09:41+01:00,2,19,7,86062,436,9.274019,250,255,250,5,1.9608,LOCAL_BEST,8,42,9084,130594,59317,237,1184,290,42.2297,17.2414,0,0,0,0,0,0
n012w8-0,n012w8,0,5,500000,100.0,adaptive,2026-07-04T12:09:41+01:00,2,2,7,87031,151,0.000000,385,410,385,25,6.0976,LOCAL_BEST,0,42,0,133151,59400,238,969,-285,257.9979,0.0000,0,0,0,0,0,0
n012w8-0,n012w8,0,5,500000,100.0,adaptive,2026-07-04T12:09:41+01:00,2,7,7,88218,241,8.737677,335,345,335,10,2.8986,LOCAL_BEST,2,42,9048,133056,61224,239,1187,90,84.2460,111.1111,0,0,0,0,0,0
n012w8-0,n012w8,0,5,500000,100.0,adaptive,2026-07-04T12:09:41+01:00,2,10,7,88399,244,8.694087,300,305,300,5,1.6393,LOCAL_BEST,4,42,9096,131491,61683,240,181,3,276.2431,1666.6667,0,0,0,0,0,0
n012w8-0,n012w8,0,5,500000,100.0,adaptive,2026-07-04T12:09:41+01:00,2,10,7,88449,244,8.682084,285,300,285,15,5.0000,LOCAL_BEST,4,42,9096,131578,61729,241,50,0,3000.0000,0.0000,0,0,0,0,0,0
n012w8-0,n012w8,0,5,500000,100.0,adaptive,2026-07-04T12:09:41+01:00,2,10,7,88574,245,8.652149,270,285,270,15,5.2632,LOCAL_BEST,4,42,9097,131705,61848,242,125,1,1200.0000,15000.0000,0,0,0,0,0,0
n012w8-0,n012w8,0,5,500000,100.0,adaptive,2026-07-04T12:09:41+01:00,2,1,7,89723,142,8.381775,320,345,320,25,7.2464,LOCAL_BEST,0,42,9205,134033,62160,243,1149,-103,217.5805,0.0000,0,0,0,0,0,0
n012w8-0,n012w8,0,5,500000,100.0,adaptive,2026-07-04T12:09:41+01:00,2,10,7,90255,247,8.259467,255,270,255,15,5.5556,GLOBAL_BEST,4,42,9112,134052,63402,244,532,105,281.9549,142.8571,0,0,0,0,0,0
n012w8-0,n012w8,0,5,500000,100.0,adaptive,2026-07-04T12:09:41+01:00,2,1,7,90262,143,8.257869,305,320,305,15,4.6875,LOCAL_BEST,0,42,9209,134745,62664,245,7,-104,21428.5714,0.0000,0,0,0,0,0,0
n012w8-0,n012w8,0,5,500000,100.0,adaptive,2026-07-04T12:09:41+01:00,2,10,7,90316,247,8.245557,240,255,240,15,5.8824,GLOBAL_BEST,4,42,9112,134142,63457,246,54,104,2777.7778,144.2308,0,0,0,0,0,0
n012w8-0,n012w8,0,5,500000,100.0,adaptive,2026-07-04T12:09:41+01:00,2,1,7,90500,143,8.203742,290,305,290,15,4.9180,LOCAL_BEST,0,42,9209,135075,62894,247,184,-104,815.2174,0.0000,0,0,0,0,0,0
n012w8-0,n012w8,0,5,500000,100.0,adaptive,2026-07-04T12:09:41+01:00,2,2,7,91742,159,0.000000,360,385,360,25,6.4935,LOCAL_BEST,0,42,0,139902,63550,248,1242,16,201.2882,1562.5000,0,0,0,0,0,0
n012w8-0,n012w8,0,5,500000,100.0,adaptive,2026-07-04T12:09:41+01:00,2,10,7,94306,256,7.384821,230,240,230,10,4.1667,GLOBAL_BEST,4,42,9138,139482,67236,249,2564,97,39.0016,103.0928,0,0,0,0,0,0
n012w8-0,n012w8,0,5,500000,100.0,adaptive,2026-07-04T12:09:41+01:00,2,1,7,101365,160,6.076199,275,290,275,15,5.1724,LOCAL_BEST,0,42,9274,150164,73157,250,7059,-96,21.2495,0.0000,0,0,0,0,0,0
n012w8-0,n012w8,0,5,500000,100.0,adaptive,2026-07-04T12:09:41+01:00,2,13,7,102760,348,5.846447,265,275,265,10,3.6364,LOCAL_BEST,5,42,9220,153281,74764,251,1395,188,71.6846,53.1915,0,0,0,0,0,0
n012w8-0,n012w8,0,5,500000,100.0,adaptive,2026-07-04T12:09:41+01:00,2,13,7,102792,348,5.841280,250,265,250,15,5.6604,LOCAL_BEST,5,42,9220,153319,74793,252,32,0,4687.5000,0.0000,0,0,0,0,0,0
n012w8-0,n012w8,0,5,500000,100.0,adaptive,2026-07-04T12:09:41+01:00,2,5,7,105145,230,0.000000,335,350,335,15,4.2857,LOCAL_BEST,1,42,0,150961,94270,253,2353,-118,63.7484,0.0000,0,0,0,0,0,0
n012w8-0,n012w8,0,5,500000,100.0,adaptive,2026-07-04T12:09:41+01:00,2,2,7,108068,182,0.000000,325,360,325,35,9.7222,LOCAL_BEST,0,42,0,163673,78029,254,2923,-48,119.7400,0.0000,0,0,0,0,0,0
n012w8-0,n012w8,0,5,500000,100.0,adaptive,2026-07-04T12:09:41+01:00,2,5,7,113079,248,0.000000,310,335,310,25,7.4627,LOCAL_BEST,1,42,0,162897,101442,255,5011,66,49.8902,378.7879,0,0,0,0,0,0
n012w8-0,n012w8,0,5,500000,100.0,adaptive,2026-07-04T12:09:41+01:00,2,5,7,119982,260,0.000000,305,310,305,5,1.6129,LOCAL_BEST,1,42,0,173132,107831,256,6903,12,7.2432,416.6667,0,0,0,0,0,0
n012w8-0,n012w8,0,5,500000,100.0,adaptive,2026-07-04T12:09:41+01:00,2,5,7,124549,266,0.000000,300,305,300,5,1.6393,LOCAL_BEST,1,42,0,179423,112022,257,4567,6,10.9481,833.3333,0,0,0,0,0,0
n012w8-0,n012w8,0,5,500000,100.0,adaptive,2026-07-04T12:09:41+01:00,2,5,7,125322,267,0.000000,290,300,290,10,3.3333,LOCAL_BEST,1,42,0,180393,112743,258,773,1,129.3661,10000.0000,0,0,0,0,0,0
n012w8-0,n012w8,0,5,500000,100.0,adaptive,2026-07-04T12:09:41+01:00,2,5,7,125372,268,0.000000,260,290,260,30,10.3448,LOCAL_BEST,1,42,0,180458,112788,259,50,1,6000.0000,30000.0000,0,0,0,0,0,0
n012w8-0,n012w8,0,5,500000,100.0,adaptive,2026-07-04T12:09:41+01:00,2,2,7,131545,223,0.000000,315,325,315,10,3.0769,LOCAL_BEST,0,42,0,199164,99649,260,6173,-45,16.1996,0.0000,0,0,0,0,0,0
n012w8-0,n012w8,0,5,500000,100.0,adaptive,2026-07-04T12:09:41+01:00,2,2,7,134951,228,0.000000,300,315,300,15,4.7619,LOCAL_BEST,0,42,0,204113,102806,261,3406,5,44.0399,3000.0000,0,0,0,0,0,0
n012w8-0,n012w8,0,5,500000,100.0,adaptive,2026-07-04T12:09:41+01:00,2,10,7,144306,351,1.854932,245,230,230,0,0.0000,REHEAT,4,42,9247,209422,115726,262,9355,123,0.0000,0.0000,0,0,0,0,0,0
n012w8-0,n012w8,0,5,500000,100.0,adaptive,2026-07-04T12:09:41+01:00,2,1,7,151365,252,1.526230,280,275,275,0,0.0000,REHEAT,0,42,9322,219533,121268,263,7059,-99,0.0000,0.0000,0,0,0,0,0,0
n012w8-0,n012w8,0,5,500000,100.0,adaptive,2026-07-04T12:09:41+01:00,2,2,7,154836,260,0.000000,285,300,285,15,5.0000,LOCAL_BEST,0,42,0,233435,121287,264,3471,8,43.2152,1875.0000,0,0,0,0,0,0
n012w8-0,n012w8,0,5,500000,100.0,adaptive,2026-07-04T12:09:41+01:00,2,3,7,156851,311,0.000000,1270,1280,1270,10,0.7812,LOCAL_BEST,0,42,59841,268269,6001,265,2015,51,49.6278,196.0784,0,0,0,0,0,0
n012w8-0,n012w8,0,5,500000,100.0,adaptive,2026-07-04T12:09:41+01:00,2,3,7,156857,311,0.000000,1160,1270,1160,110,8.6614,LOCAL_BEST,0,42,59844,268279,6003,266,6,0,183333.3333,0.0000,0,0,0,0,0,0
n012w8-0,n012w8,0,5,500000,100.0,adaptive,2026-07-04T12:09:41+01:00,2,2,7,168313,286,0.000000,275,285,275,10,3.5088,LOCAL_BEST,0,42,0,253109,133924,267,11456,-25,8.7291,0.0000,0,0,0,0,0,0
n012w8-0,n012w8,0,5,500000,100.0,adaptive,2026-07-04T12:09:41+01:00,2,2,7,169578,288,0.000000,255,275,255,20,7.2727,LOCAL_BEST,0,42,0,254846,135105,268,1265,2,158.1028,10000.0000,0,0,0,0,0,0
n012w8-0,n012w8,0,5,500000,100.0,adaptive,2026-07-04T12:09:41+01:00,2,2,7,172020,294,0.000000,240,255,240,15,5.8824,LOCAL_BEST,0,42,0,258092,137399,269,2442,6,61.4251,2500.0000,0,0,0,0,0,0
n012w8-0,n012w8,0,5,500000,100.0,adaptive,2026-07-04T12:09:41+01:00,2,10,7,194306,452,25.118864,675,230,230,0,0.0000,REHEAT,4,42,17211,287313,143342,270,22286,158,0.0000,0.0000,0,0,0,0,0,0
n012w8-0,n012w8,0,5,500000,100.0,adaptive,2026-07-04T12:09:41+01:00,2,1,7,201365,374,25.118864,660,275,275,0,0.0000,REHEAT,0,42,17229,297622,148947,271,7059,-78,0.0000,0.0000,0,0,0,0,0,0
n012w8-0,n012w8,0,5,500000,100.0,adaptive,2026-07-04T12:09:41+01:00,2,10,7,244306,541,25.118864,665,230,230,0,0.0000,REHEAT,4,42,24967,365074,171236,272,42941,167,0.0000,0.0000,0,0,0,0,0,0
n012w8-0,n012w8,0,5,500000,100.0,adaptive,2026-07-04T12:09:41+01:00,2,1,7,251365,478,25.118864,690,275,275,0,0.0000,REHEAT,0,42,25261,374890,176481,273,7059,-63,0.0000,0.0000,0,0,0,0,0,0
n012w8-0,n012w8,0,5,500000,100.0,adaptive,2026-07-04T12:09:41+01:00,2,10,7,294306,658,25.118864,740,230,230,0,0.0000,REHEAT,4,42,32819,441892,199064,274,42941,180,0.0000,0.0000,0,0,0,0,0,0
n012w8-0,n012w8,0,5,500000,100.0,adaptive,2026-07-04T12:09:41+01:00,2,1,7,301365,579,25.118864,575,275,275,0,0.0000,REHEAT,0,42,33200,452458,204313,275,7059,-79,0.0000,0.0000,0,0,0,0,0,0
n012w8-0,n012w8,0,5,500000,100.0,adaptive,2026-07-04T12:09:41+01:00,2,10,7,344306,762,25.118864,790,230,230,0,0.0000,REHEAT,4,42,40718,520329,226720,276,42941,183,0.0000,0.0000,0,0,0,0,0,0
n012w8-0,n012w8,0,5,500000,100.0,adaptive,2026-07-04T12:09:41+01:00,2,1,7,351365,696,25.118864,915,275,275,0,0.0000,REHEAT,0,42,41177,531231,231998,277,7059,-66,0.0000,0.0000,0,0,0,0,0,0
n012w8-0,n012w8,0,5,500000,100.0,adaptive,2026-07-04T12:09:41+01:00,2,10,7,394306,866,25.118864,565,230,230,0,0.0000,REHEAT,4,42,48546,597666,254435,278,42941,170,0.0000,0.0000,0,0,0,0,0,0
n012w8-0,n012w8,0,5,500000,100.0,adaptive,2026-07-04T12:09:41+01:00,2,1,7,401365,811,25.118864,655,275,275,0,0.0000,REHEAT,0,42,49116,608845,259635,279,7059,-55,0.0000,0.0000,0,0,0,0,0,0
n012w8-0,n012w8,0,5,500000,100.0,adaptive,2026-07-04T12:09:41+01:00,2,10,7,444306,967,25.118864,725,230,230,0,0.0000,REHEAT,4,42,56354,675607,282227,280,42941,156,0.0000,0.0000,0,0,0,0,0,0
n012w8-0,n012w8,0,5,500000,100.0,adaptive,2026-07-04T12:09:41+01:00,2,1,7,451365,928,25.118864,785,275,275,0,0.0000,REHEAT,0,42,57024,686743,287309,281,7059,-39,0.0000,0.0000,0,0,0,0,0,0
n012w8-0,n012w8,0,5,500000,100.0,adaptive,2026-07-04T12:09:41+01:00,2,10,7,494306,1067,25.118864,790,230,230,0,0.0000,REHEAT,4,42,64181,752824,310081,282,42941,139,0.0000,0.0000,0,0,0,0,0,0
n012w8-0,n012w8,0,5,500000,100.0,adaptive,2026-07-04T12:09:41+01:00,3,3,22,1,1,0.000000,4340,4400,4340,60,1.3636,GLOBAL_BEST,0,42,0,2,0,1,1,1,600000.0000,60000.0000,0,0,0,0,0,0
n012w8-0,n012w8,0,5,500000,100.0,adaptive,2026-07-04T12:09:41+01:00,3,2,22,1,1,0.000000,4370,4400,4370,30,0.6818,LOCAL_BEST,0,42,0,0,0,2,0,0,0.0000,0.0000,0,0,0,0,0,0
n012w8-0,n012w8,0,5,500000,100.0,adaptive,2026-07-04T12:09:41+01:00,3,3,22,2,1,0.000000,3980,4340,3980,360,8.2949,GLOBAL_BEST,0,42,0,2,0,3,1,0,3600000.0000,0.0000,0,0,0,0,0,0
n012w8-0,n012w8,0,5,500000,100.0,adaptive,2026-07-04T12:09:41+01:00,3,2,22,2,1,0.000000,4070,4370,4070,300,6.8650,LOCAL_BEST,0,42,0,0,0,4,0,0,0.0000,0.0000,0,0,0,0,0,0
n012w8-0,n012w8,0,5,500000,100.0,adaptive,2026-07-04T12:09:41+01:00,3,1,22,2,1,99.997237,4235,4400,4235,165,3.7500,LOCAL_BEST,0,42,0,10,0,5,0,0,0.0000,0.0000,0,0,0,0,0,0
n012w8-0,n012w8,0,5,500000,100.0,adaptive,2026-07-04T12:09:41+01:00,3,3,22,3,1,0.000000,3970,3980,3970,10,0.2513,GLOBAL_BEST,0,42,0,2,0,6,1,0,100000.0000,0.0000,0,0,0,0,0,0
n012w8-0,n012w8,0,5,500000,100.0,adaptive,2026-07-04T12:09:41+01:00,3,1,22,3,1,99.994474,4115,4235,4115,120,2.8335,LOCAL_BEST,0,42,0,17,0,7,0,0,0.0000,0.0000,0,0,0,0,0,0
n012w8-0,n012w8,0,5,500000,100.0,adaptive,2026-07-04T12:09:41+01:00,3,2,22,4,1,0.000000,4060,4070,4060,10,0.2457,LOCAL_BEST,0,42,0,4,0,8,1,0,100000.0000,0.0000,0,0,0,0,0,0
n012w8-0,n012w8,0,5,500000,100.0,adaptive,2026-07-04T12:09:41+01:00,3,3,22,4,1,0.000000,3910,3970,3910,60,1.5113,GLOBAL_BEST,0,42,0,5,0,9,0,0,0.0000,0.0000,0,0,0,0,0,0
n012w8-0,n012w8,0,5,500000,100.0,adaptive,2026-07-04T12:09:41+01:00,3,2,22,5,1,0.000000,3985,4060,3985,75,1.8473,LOCAL_BEST,0,42,0,9,0,10,1,0,750000.0000,0.0000,0,0,0,0,0,0
n012w8-0,n012w8,0,5,500000,100.0,adaptive,2026-07-04T12:09:41+01:00,3,1,22,5,1,99.988948,4075,4115,4075,40,0.9721,LOCAL_BEST,0,42,0,18,0,11,0,0,0.0000,0.0000,0,0,0,0,0,0
n012w8-0,n012w8,0,5,500000,100.0,adaptive,2026-07-04T12:09:41+01:00,3,3,22,6,1,0.000000,3740,3910,3740,170,4.3478,GLOBAL_BEST,0,42,1,13,0,12,1,0,1700000.0000,0.0000,0,0,0,0,0,0
n012w8-0,n012w8,0,5,500000,100.0,adaptive,2026-07-04T12:09:41+01:00,3,1,22,6,1,99.986185,3880,4075,3880,195,4.7853,LOCAL_BEST,0,42,0,18,0,13,0,0,0.0000,0.0000,0,0,0,0,0,0
n012w8-0,n012w8,0,5,500000,100.0,adaptive,2026-07-04T12:09:41+01:00,3,2,22,7,1,0.000000,3655,3985,3655,330,8.2811,GLOBAL_BEST,0,42,0,9,0,14,1,0,3300000.0000,0.0000,0,0,0,0,0,0
n012w8-0,n012w8,0,5,500000,100.0,adaptive,2026-07-04T12:09:41+01:00,3,1,22,7,1,99.983423,3560,3880,3560,320,8.2474,LOCAL_BEST,0,42,0,23,0,15,0,0,0.0000,0.0000,0,0,0,0,0,0
n012w8-0,n012w8,0,5,500000,100.0,adaptive,2026-07-04T12:09:41+01:00,3,2,22,8,1,0.000000,3475,3655,3475,180,4.9248,GLOBAL_BEST,0,42,0,11,0,16,1,0,1800000.0000,0.0000,0,0,0,0,0,0
n012w8-0,n012w8,0,5,500000,100.0,adaptive,2026-07-04T12:09:41+01:00,3,3,22,8,1,0.000000,3620,3740,3620,120,3.2086,LOCAL_BEST,0,42,2,23,0,17,0,0,0.0000,0.0000,0,0,0,0,0,0
n012w8-0,n012w8,0,5,500000,100.0,adaptive,2026-07-04T12:09:41+01:00,3,3,22,9,1,0.000000,3605,3620,3605,15,0.4144,LOCAL_BEST,0,42,2,24,0,18,1,0,150000.0000,0.0000,0,0,0,0,0,0
n012w8-0,n012w8,0,5,500000,100.0,adaptive,2026-07-04T12:09:41+01:00,3,2,22,9,1,0.000000,3415,3475,3415,60,1.7266,GLOBAL_BEST,0,42,0,18,0,19,0,0,0.0000,0.0000,0,0,0,0,0,0
n012w8-0,n012w8,0,5,500000,100.0,adaptive,2026-07-04T12:09:41+01:00,3,1,22,9,1,99.977898,3395,3560,3395,165,4.6348,LOCAL_BEST,0,42,0,27,0,20,0,0,0.0000,0.0000,0,0,0,0,0,0
n012w8-0,n012w8,0,5,500000,100.0,adaptive,2026-07-04T12:09:41+01:00,3,3,22,10,1,0.000000,3365,3605,3365,240,6.6574,GLOBAL_BEST,0,42,2,24,0,21,1,0,2400000.0000,0.0000,0,0,0,0,0,0
n012w8-0,n012w8,0,5,500000,100.0,adaptive,2026-07-04T12:09:41+01:00,3,1,22,10,1,99.975135,3320,3395,3320,75,2.2091,GLOBAL_BEST,0,42,0,31,0,22,0,0,0.0000,0.0000,0,0,0,0,0,0
n012w8-0,n012w8,0,5,500000,100.0,adaptive,2026-07-04T12:09:41+01:00,3,1,22,11,1,99.972373,3290,3320,3290,30,0.9036,GLOBAL_BEST,0,42,0,31,0,23,1,0,300000.0000,0.0000,0,0,0,0,0,0
n012w8-0,n012w8,0,5,500000,100.0,adaptive,2026-07-04T12:09:41+01:00,3,5,22,12,62,0.000000,780,810,780,30,3.7037,LOCAL_BEST,1,42,0,18,9,24,1,61,300000.0000,491.8033,0,0,0,0,0,0
n012w8-0,n012w8,0,5,500000,100.0,adaptive,2026-07-04T12:09:41+01:00,3,3,22,13,1,0.000000,3350,3365,3350,15,0.4458,LOCAL_BEST,0,42,3,25,0,25,1,-61,150000.0000,0.0000,0,0,0,0,0,0
n012w8-0,n012w8,0,5,500000,100.0,adaptive,2026-07-04T12:09:41+01:00,3,2,22,14,1,0.000000,3295,3415,3295,120,3.5139,GLOBAL_BEST,0,42,0,31,0,26,1,0,1200000.0000,0.0000,0,0,0,0,0,0
n012w8-0,n012w8,0,5,500000,100.0,adaptive,2026-07-04T12:09:41+01:00,3,3,22,15,1,0.000000,3125,3350,3125,225,6.7164,GLOBAL_BEST,0,42,3,42,0,27,1,0,2250000.0000,0.0000,0,0,0,0,0,0
n012w8-0,n012w8,0,5,500000,100.0,adaptive,2026-07-04T12:09:41+01:00,3,2,22,16,1,0.000000,3265,3295,3265,30,0.9105,LOCAL_BEST,0,42,0,38,0,28,1,0,300000.0000,0.0000,0,0,0,0,0,0
n012w8-0,n012w8,0,5,500000,100.0,adaptive,2026-07-04T12:09:41+01:00,3,3,22,17,1,0.000000,3095,3125,3095,30,0.9600,GLOBAL_BEST,0,42,4,50,0,29,1,0,300000.0000,0.0000,0,0,0,0,0,0
n012w8-0,n012w8,0,5,500000,100.0,adaptive,2026-07-04T12:09:41+01:00,3,1,22,17,1,99.955800,3140,3290,3140,150,4.5593,LOCAL_BEST,0,42,0,38,0,30,0,0,0.0000,0.0000,0,0,0,0,0,0
n012w8-0,n012w8,0,5,500000,100.0,adaptive,2026-07-04T12:09:41+01:00,3,2,22,18,1,0.000000,3145,3265,3145,120,3.6753,LOCAL_BEST,0,42,0,40,0,31,1,0,1200000.0000,0.0000,0,0,0,0,0,0
n012w8-0,n012w8,0,5,500000,100.0,adaptive,2026-07-04T12:09:41+01:00,3,3,22,18,1,0.000000,2900,3095,2900,195,6.3005,GLOBAL_BEST,0,42,4,50,0,32,0,0,0.0000,0.0000,0,0,0,0,0,0
n012w8-0,n012w8,0,5,500000,100.0,adaptive,2026-07-04T12:09:41+01:00,3,2,22,19,1,0.000000,3130,3145,3130,15,0.4769,LOCAL_BEST,0,42,0,50,0,33,1,0,150000.0000,0.0000,0,0,0,0,0,0
n012w8-0,n012w8,0,5,500000,100.0,adaptive,2026-07-04T12:09:41+01:00,3,3,22,19,1,0.000000,2870,2900,2870,30,1.0345,GLOBAL_BEST,0,42,4,54,0,34,0,0,0.0000,0.0000,0,0,0,0,0,0
n012w8-0,n012w8,0,5,500000,100.0,adaptive,2026-07-04T12:09:41+01:00,3,1,22,19,1,99.950277,3110,3140,3110,30,0.9554,LOCAL_BEST,0,42,0,40,0,35,0,0,0.0000,0.0000,0,0,0,0,0,0
n012w8-0,n012w8,0,5,500000,100.0,adaptive,2026-07-04T12:09:41+01:00,3,1,22,20,1,99.947515,3050,3110,3050,60,1.9293,LOCAL_BEST,0,42,0,41,0,36,1,0,600000.0000,0.0000,0,0,0,0,0,0
n012w8-0,n012w8,0,5,500000,100.0,adaptive,2026-07-04T12:09:41+01:00,3,2,22,21,1,0.000000,3100,3130,3100,30,0.9585,LOCAL_BEST,0,42,0,50,0,37,1,0,300000.0000,0.0000,0,0,0,0,0,0
n012w8-0,n012w8,0,5,500000,100.0,adaptive,2026-07-04T12:09:41+01:00,3,1,22,21,1,99.944753,3020,3050,3020,30,0.9836,LOCAL_BEST,0,42,0,41,0,38,0,0,0.0000,0.0000,0,0,0,0,0,0
n012w8-0,n012w8,0,5,500000,100.0,adaptive,2026-07-04T12:09:41+01:00,3,2,22,22,1,0.000000,3025,3100,3025,75,2.4194,LOCAL_BEST,0,42,0,50,0,39,1,0,750000.0000,0.0000,0,0,0,0,0,0
n012w8-0,n012w8,0,5,500000,100.0,adaptive,2026-07-04T12:09:41+01:00,3,1,22,22,1,99.941992,2960,3020,2960,60,1.9868,LOCAL_BEST,0,42,0,41,0,40,0,0,0.0000,0.0000,0,0,0,0,0,0
n012w8-0,n012w8,0,5,500000,100.0,adaptive,2026-07-04T12:09:41+01:00,3,1,22,23,1,99.939230,2750,2960,2750,210,7.0946,GLOBAL_BEST,0,42,0,43,0,41,1,0,2100000.0000,0.0000,0,0,0,0,0,0
n012w8-0,n012w8,0,5,500000,100.0,adaptive,2026-07-04T12:09:41+01:00,3,5,22,23,62,0.000000,765,780,765,15,1.9231,GLOBAL_BEST,1,42,0,26,18,42,0,61,0.0000,245.9016,0,0,0,0,0,0
n012w8-0,n012w8,0,5,500000,100.0,adaptive,2026-07-04T12:09:41+01:00,3,2,22,24,1,0.000000,2980,3025,2980,45,1.4876,LOCAL_BEST,0,42,0,50,0,43,1,-61,450000.0000,0.0000,0,0,0,0,0,0
n012w8-0,n012w8,0,5,500000,100.0,adaptive,2026-07-04T12:09:41+01:00,3,1,22,24,1,99.936469,2555,2750,2555,195,7.0909,GLOBAL_BEST,0,42,0,44,0,44,0,0,0.0000,0.0000,0,0,0,0,0,0
n012w8-0,n012w8,0,5,500000,100.0,adaptive,2026-07-04T12:09:41+01:00,3,3,22,25,1,0.000000,2840,2870,2840,30,1.0453,GLOBAL_BEST,0,42,6,64,0,45,1,0,300000.0000,0.0000,0,0,0,0,0,0
n012w8-0,n012w8,0,5,500000,100.0,adaptive,2026-07-04T12:09:41+01:00,3,1,22,26,1,99.930946,2405,2555,2405,150,5.8708,GLOBAL_BEST,0,42,0,45,1,46,1,0,1500000.0000,0.0000,0,0,0,0,0,0
n012w8-0,n012w8,0,5,500000,100.0,adaptive,2026-07-04T12:09:41+01:00,3,2,22,27,1,0.000000,2920,2980,2920,60,2.0134,LOCAL_BEST,0,42,0,55,0,47,1,0,600000.0000,0.0000,0,0,0,0,0,0
n012w8-0,n012w8,0,5,500000,100.0,adaptive,2026-07-04T12:09:41+01:00,3,2,22,28,1,0.000000,2650,2920,2650,270,9.2466,GLOBAL_BEST,0,42,0,59,0,48,1,0,2700000.0000,0.0000,0,0,0,0,0,0
n012w8-0,n012w8,0,5,500000,100.0,adaptive,2026-07-04T12:09:41+01:00,3,1,22,30,1,99.919902,2195,2405,2195,210,8.7318,GLOBAL_BEST,0,42,0,48,2,49,2,0,1050000.0000,0.0000,0,0,0,0,0,0
n012w8-0,n012w8,0,5,500000,100.0,adaptive,2026-07-04T12:09:41+01:00,3,1,22,35,1,99.906099,2090,2195,2090,105,4.7836,GLOBAL_BEST,0,42,2,52,3,50,5,0,210000.0000,0.0000,0,0,0,0,0,0
n012w8-0,n012w8,0,5,500000,100.0,adaptive,2026-07-04T12:09:41+01:00,3,1,22,37,1,99.900578,2060,2090,2060,30,1.4354,GLOBAL_BEST,0,42,2,54,4,51,2,0,150000.0000,0.0000,0,0,0,0,0,0
n012w8-0,n012w8,0,5,500000,100.0,adaptive,2026-07-04T12:09:41+01:00,3,3,22,39,1,0.000000,2810,2840,2810,30,1.0563,LOCAL_BEST,0,42,10,88,1,52,2,0,150000.0000,0.0000,0,0,0,0,0,0
n012w8-0,n012w8,0,5,500000,100.0,adaptive,2026-07-04T12:09:41+01:00,3,2,22,41,1,0.000000,2590,2650,2590,60,2.2642,LOCAL_BEST,0,42,0,96,0,53,2,0,300000.0000,0.0000,0,0,0,0,0,0
n012w8-0,n012w8,0,5,500000,100.0,adaptive,2026-07-04T12:09:41+01:00,3,3,22,42,1,0.000000,2675,2810,2675,135,4.8043,LOCAL_BEST,0,42,11,95,1,54,1,0,1350000.0000,0.0000,0,0,0,0,0,0
n012w8-0,n012w8,0,5,500000,100.0,adaptive,2026-07-04T12:09:41+01:00,3,3,22,43,1,0.000000,2390,2675,2390,285,10.6542,LOCAL_BEST,0,42,11,96,1,55,1,0,2850000.0000,0.0000,0,0,0,0,0,0
n012w8-0,n012w8,0,5,500000,100.0,adaptive,2026-07-04T12:09:41+01:00,3,1,22,45,1,99.878497,1920,2060,1920,140,6.7961,GLOBAL_BEST,0,42,4,72,7,56,2,0,700000.0000,0.0000,0,0,0,0,0,0
n012w8-0,n012w8,0,5,500000,100.0,adaptive,2026-07-04T12:09:41+01:00,3,1,22,61,1,99.834351,1865,1920,1865,55,2.8646,GLOBAL_BEST,0,42,8,111,12,57,16,0,34375.0000,0.0000,0,0,0,0,0,0
n012w8-0,n012w8,0,5,500000,100.0,adaptive,2026-07-04T12:09:41+01:00,3,3,22,63,1,0.000000,2360,2390,2360,30,1.2552,LOCAL_BEST,0,42,20,139,2,58,2,0,150000.0000,0.0000,0,0,0,0,0,0
n012w8-0,n012w8,0,5,500000,100.0,adaptive,2026-07-04T12:09:41+01:00,3,3,22,64,1,0.000000,2300,2360,2300,60,2.5424,LOCAL_BEST,0,42,20,140,2,59,1,0,600000.0000,0.0000,0,0,0,0,0,0
n012w8-0,n012w8,0,5,500000,100.0,adaptive,2026-07-04T12:09:41+01:00,3,3,22,66,1,0.000000,2285,2300,2285,15,0.6522,LOCAL_BEST,0,42,20,142,2,60,2,0,75000.0000,0.0000,0,0,0,0,0,0
n012w8-0,n012w8,0,5,500000,100.0,adaptive,2026-07-04T12:09:41+01:00,3,2,22,72,1,0.000000,2355,2590,2355,235,9.0734,LOCAL_BEST,0,42,0,151,0,61,6,0,391666.6667,0.0000,0,0,0,0,0,0
n012w8-0,n012w8,0,5,500000,100.0,adaptive,2026-07-04T12:09:41+01:00,3,3,22,73,1,0.000000,2210,2285,2210,75,3.2823,LOCAL_BEST,0,42,23,172,3,62,1,0,750000.0000,0.0000,0,0,0,0,0,0
n012w8-0,n012w8,0,5,500000,100.0,adaptive,2026-07-04T12:09:41+01:00,3,3,22,75,1,0.000000,2060,2210,2060,150,6.7873,LOCAL_BEST,0,42,23,176,3,63,2,0,750000.0000,0.0000,0,0,0,0,0,0
n012w8-0,n012w8,0,5,500000,100.0,adaptive,2026-07-04T12:09:41+01:00,3,3,22,76,1,0.000000,1940,2060,1940,120,5.8252,LOCAL_BEST,0,42,23,176,3,64,1,0,1200000.0000,0.0000,0,0,0,0,0,0
n012w8-0,n012w8,0,5,500000,100.0,adaptive,2026-07-04T12:09:41+01:00,3,8,22,76,112,0.000000,550,565,550,15,2.6549,LOCAL_BEST,3,42,0,135,70,65,0,111,0.0000,135.1351,0,0,0,0,0,0
n012w8-0,n012w8,0,5,500000,100.0,adaptive,2026-07-04T12:09:41+01:00,3,2,22,78,1,0.000000,2240,2355,2240,115,4.8832,LOCAL_BEST,0,42,0,168,0,66,2,-111,575000.0000,0.0000,0,0,0,0,0,0
n012w8-0,n012w8,0,5,500000,100.0,adaptive,2026-07-04T12:09:41+01:00,3,2,22,80,1,0.000000,2120,2240,2120,120,5.3571,LOCAL_BEST,0,42,0,178,0,67,2,0,600000.0000,0.0000,0,0,0,0,0,0
n012w8-0,n012w8,0,5,500000,100.0,adaptive,2026-07-04T12:09:41+01:00,3,1,22,85,1,99.768169,1845,1865,1845,20,1.0724,GLOBAL_BEST,0,42,13,172,16,68,5,0,40000.0000,0.0000,0,0,0,0,0,0
n012w8-0,n012w8,0,5,500000,100.0,adaptive,2026-07-04T12:09:41+01:00,3,1,22,86,1,99.765412,1800,1845,1800,45,2.4390,GLOBAL_BEST,0,42,13,174,16,69,1,0,450000.0000,0.0000,0,0,0,0,0,0
n012w8-0,n012w8,0,5,500000,100.0,adaptive,2026-07-04T12:09:41+01:00,3,1,22,87,1,99.762655,1740,1800,1740,60,3.3333,GLOBAL_BEST,0,42,13,179,16,70,1,0,600000.0000,0.0000,0,0,0,0,0,0
n012w8-0,n012w8,0,5,500000,100.0,adaptive,2026-07-04T12:09:41+01:00,3,1,22,88,1,99.759899,1620,1740,1620,120,6.8966,GLOBAL_BEST,0,42,13,180,16,71,1,0,1200000.0000,0.0000,0,0,0,0,0,0
n012w8-0,n012w8,0,5,500000,100.0,adaptive,2026-07-04T12:09:41+01:00,3,1,22,89,1,99.757142,1590,1620,1590,30,1.8519,GLOBAL_BEST,0,42,13,182,16,72,1,0,300000.0000,0.0000,0,0,0,0,0,0
n012w8-0,n012w8,0,5,500000,100.0,adaptive,2026-07-04T12:09:41+01:00,3,1,22,90,1,99.754386,1575,1590,1575,15,0.9434,GLOBAL_BEST,0,42,13,182,16,73,1,0,150000.0000,0.0000,0,0,0,0,0,0
n012w8-0,n012w8,0,5,500000,100.0,adaptive,2026-07-04T12:09:41+01:00,3,2,22,95,1,0.000000,2100,2120,2100,20,0.9434,LOCAL_BEST,0,42,0,202,0,74,5,0,40000.0000,0.0000,0,0,0,0,0,0
n012w8-0,n012w8,0,5,500000,100.0,adaptive,2026-07-04T12:09:41+01:00,3,2,22,96,1,0.000000,2085,2100,2085,15,0.7143,LOCAL_BEST,0,42,0,204,0,75,1,0,150000.0000,0.0000,0,0,0,0,0,0
n012w8-0,n012w8,0,5,500000,100.0,adaptive,2026-07-04T12:09:41+01:00,3,2,22,98,1,0.000000,1995,2085,1995,90,4.3165,LOCAL_BEST,0,42,0,208,0,76,2,0,450000.0000,0.0000,0,0,0,0,0,0
n012w8-0,n012w8,0,5,500000,100.0,adaptive,2026-07-04T12:09:41+01:00,3,1,22,103,1,99.718560,1560,1575,1560,15,0.9524,GLOBAL_BEST,0,42,17,205,21,77,5,0,30000.0000,0.0000,0,0,0,0,0,0
n012w8-0,n012w8,0,5,500000,100.0,adaptive,2026-07-04T12:09:41+01:00,3,1,22,228,2,99.374739,1535,1560,1535,25,1.6026,GLOBAL_BEST,0,42,46,386,65,78,125,1,2000.0000,25000.0000,0,0,0,0,0,0
n012w8-0,n012w8,0,5,500000,100.0,adaptive,2026-07-04T12:09:41+01:00,3,1,22,241,2,99.339049,1465,1535,1465,70,4.5603,GLOBAL_BEST,0,42,49,404,70,79,13,0,53846.1538,0.0000,0,0,0,0,0,0
n012w8-0,n012w8,0,5,500000,100.0,adaptive,2026-07-04T12:09:41+01:00,3,1,22,246,2,99.325326,1455,1465,1455,10,0.6826,GLOBAL_BEST,0,42,50,418,73,80,5,0,20000.0000,0.0000,0,0,0,0,0,0
n012w8-0,n012w8,0,5,500000,100.0,adaptive,2026-07-04T12:09:41+01:00,3,1,22,249,2,99.317093,1335,1455,1335,120,8.2474,GLOBAL_BEST,0,42,50,421,75,81,3,0,400000.0000,0.0000,0,0,0,0,0,0
n012w8-0,n012w8,0,5,500000,100.0,adaptive,2026-07-04T12:09:41+01:00,3,1,22,279,2,99.234800,1240,1335,1240,95,7.1161,GLOBAL_BEST,0,42,57,476,85,82,30,0,31666.6667,0.0000,0,0,0,0,0,0
n012w8-0,n012w8,0,5,500000,100.0,adaptive,2026-07-04T12:09:41+01:00,3,2,22,352,2,0.000000,1980,1995,1980,15,0.7519,LOCAL_BEST,0,42,0,656,0,83,73,0,2054.7945,0.0000,0,0,0,0,0,0
n012w8-0,n012w8,0,5,500000,100.0,adaptive,2026-07-04T12:09:41+01:00,3,2,22,356,2,0.000000,1965,1980,1965,15,0.7576,LOCAL_BEST,0,42,0,664,0,84,4,0,37500.0000,0.0000,0,0,0,0,0,0
n012w8-0,n012w8,0,5,500000,100.0,adaptive,2026-07-04T12:09:41+01:00,3,3,22,458,2,0.000000,1935,1940,1935,5,0.2577,LOCAL_BEST,0,42,159,840,14,85,102,0,490.1961,0.0000,0,0,0,0,0,0
n012w8-0,n012w8,0,5,500000,100.0,adaptive,2026-07-04T12:09:41+01:00,3,3,22,463,2,0.000000,1845,1935,1845,90,4.6512,LOCAL_BEST,0,42,160,853,14,86,5,0,180000.0000,0.0000,0,0,0,0,0,0
n012w8-0,n012w8,0,5,500000,100.0,adaptive,2026-07-04T12:09:41+01:00,3,3,22,464,2,0.000000,1800,1845,1800,45,2.4390,LOCAL_BEST,0,42,160,853,14,87,1,0,450000.0000,0.0000,0,0,0,0,0,0
n012w8-0,n012w8,0,5,500000,100.0,adaptive,2026-07-04T12:09:41+01:00,3,2,22,522,2,0.000000,1940,1965,1940,25,1.2723,LOCAL_BEST,0,42,0,967,0,88,58,0,4310.3448,0.0000,0,0,0,0,0,0
n012w8-0,n012w8,0,5,500000,100.0,adaptive,2026-07-04T12:09:41+01:00,3,5,22,985,64,0.000000,720,765,720,45,5.8824,GLOBAL_BEST,1,42,0,1513,849,89,463,62,971.9222,725.8065,0,0,0,0,0,0
n012w8-0,n012w8,0,5,500000,100.0,adaptive,2026-07-04T12:09:41+01:00,3,2,22,1006,3,0.000000,1915,1940,1915,25,1.2887,LOCAL_BEST,0,42,0,1751,0,90,21,-61,11904.7619,0.0000,0,0,0,0,0,0
n012w8-0,n012w8,0,5,500000,100.0,adaptive,2026-07-04T12:09:41+01:00,3,5,22,1031,64,0.000000,700,720,700,20,2.7778,GLOBAL_BEST,1,42,0,1574,880,91,25,61,8000.0000,327.8689,0,0,0,0,0,0
n012w8-0,n012w8,0,5,500000,100.0,adaptive,2026-07-04T12:09:41+01:00,3,2,22,1338,4,0.000000,1835,1915,1835,80,4.1775,LOCAL_BEST,0,42,0,2336,41,92,307,-60,2605.8632,0.0000,0,0,0,0,0,0
n012w8-0,n012w8,0,5,500000,100.0,adaptive,2026-07-04T12:09:41+01:00,3,2,22,1366,4,0.000000,1800,1835,1800,35,1.9074,LOCAL_BEST,0,42,0,2381,44,93,28,0,12500.0000,0.0000,0,0,0,0,0,0
n012w8-0,n012w8,0,5,500000,100.0,adaptive,2026-07-04T12:09:41+01:00,3,2,22,1544,4,0.000000,1735,1800,1735,65,3.6111,LOCAL_BEST,0,42,0,2685,62,94,178,0,3651.6854,0.0000,0,0,0,0,0,0
n012w8-0,n012w8,0,5,500000,100.0,adaptive,2026-07-04T12:09:41+01:00,3,8,22,1719,116,0.000000,535,550,535,15,2.7273,LOCAL_BEST,3,42,0,2632,1594,95,175,112,857.1429,133.9286,0,0,0,0,0,0
n012w8-0,n012w8,0,5,500000,100.0,adaptive,2026-07-04T12:09:41+01:00,3,3,22,2082,6,0.000000,1790,1800,1790,10,0.5556,LOCAL_BEST,0,42,776,3592,63,96,363,-110,275.4821,0.0000,0,0,0,0,0,0
n012w8-0,n012w8,0,5,500000,100.0,adaptive,2026-07-04T12:09:41+01:00,3,3,22,2087,6,0.000000,1745,1790,1745,45,2.5140,LOCAL_BEST,0,42,778,3596,65,97,5,0,90000.0000,0.0000,0,0,0,0,0,0
n012w8-0,n012w8,0,5,500000,100.0,adaptive,2026-07-04T12:09:41+01:00,3,2,22,2343,6,0.000000,1720,1735,1720,15,0.8646,LOCAL_BEST,0,42,0,3913,175,98,256,0,585.9375,0.0000,0,0,0,0,0,0
n012w8-0,n012w8,0,5,500000,100.0,adaptive,2026-07-04T12:09:41+01:00,3,2,22,2344,6,0.000000,1705,1720,1705,15,0.8721,LOCAL_BEST,0,42,0,3913,175,99,1,0,150000.0000,0.0000,0,0,0,0,0,0
n012w8-0,n012w8,0,5,500000,100.0,adaptive,2026-07-04T12:09:41+01:00,3,2,22,2346,6,0.000000,1690,1705,1690,15,0.8798,LOCAL_BEST,0,42,0,3916,175,100,2,0,75000.0000,0.0000,0,0,0,0,0,0
n012w8-0,n012w8,0,5,500000,100.0,adaptive,2026-07-04T12:09:41+01:00,3,2,22,2348,6,0.000000,1510,1690,1510,180,10.6509,LOCAL_BEST,0,42,0,3923,175,101,2,0,900000.0000,0.0000,0,0,0,0,0,0
n012w8-0,n012w8,0,5,500000,100.0,adaptive,2026-07-04T12:09:41+01:00,3,2,22,2354,6,0.000000,1495,1510,1495,15,0.9934,LOCAL_BEST,0,42,0,3937,175,102,6,0,25000.0000,0.0000,0,0,0,0,0,0
n012w8-0,n012w8,0,5,500000,100.0,adaptive,2026-07-04T12:09:41+01:00,3,2,22,2356,6,0.000000,1460,1495,1460,35,2.3411,LOCAL_BEST,0,42,0,3941,175,103,2,0,175000.0000,0.0000,0,0,0,0,0,0
n012w8-0,n012w8,0,5,500000,100.0,adaptive,2026-07-04T12:09:41+01:00,3,2,22,2359,6,0.000000,1445,1460,1445,15,1.0274,LOCAL_BEST,0,42,0,3943,175,104,3,0,50000.0000,0.0000,0,0,0,0,0,0
n012w8-0,n012w8,0,5,500000,100.0,adaptive,2026-07-04T12:09:41+01:00,3,2,22,2360,6,0.000000,1430,1445,1430,15,1.0381,LOCAL_BEST,0,42,0,3945,175,105,1,0,150000.0000,0.0000,0,0,0,0,0,0
n012w8-0,n012w8,0,5,500000,100.0,adaptive,2026-07-04T12:09:41+01:00,3,1,22,3072,7,91.864560,1180,1240,1180,60,4.8387,GLOBAL_BEST,0,42,740,4948,1046,106,712,1,842.6966,60000.0000,0,0,0,0,0,0
n012w8-0,n012w8,0,5,500000,100.0,adaptive,2026-07-04T12:09:41+01:00,3,1,22,3075,7,91.856946,1150,1180,1150,30,2.5424,GLOBAL_BEST,0,42,740,4955,1048,107,3,0,100000.0000,0.0000,0,0,0,0,0,0
n012w8-0,n012w8,0,5,500000,100.0,adaptive,2026-07-04T12:09:41+01:00,3,8,22,3312,120,0.000000,520,535,520,15,2.8037,GLOBAL_BEST,3,42,0,5191,3047,108,237,113,632.9114,132.7434,0,0,0,0,0,0
n012w8-0,n012w8,0,5,500000,100.0,adaptive,2026-07-04T12:09:41+01:00,3,3,22,3316,7,0.000000,1740,1745,1740,5,0.2865,LOCAL_BEST,0,42,1241,5881,109,109,4,-113,12500.0000,0.0000,0,0,0,0,0,0
n012w8-0,n012w8,0,5,500000,100.0,adaptive,2026-07-04T12:09:41+01:00,3,5,22,3494,68,0.000000,670,700,670,30,4.2857,GLOBAL_BEST,1,42,0,5301,2912,110,178,61,1685.3933,491.8033,0,0,0,0,0,0
n012w8-0,n012w8,0,5,500000,100.0,adaptive,2026-07-04T12:09:41+01:00,3,5,22,3498,68,0.000000,655,670,655,15,2.2388,GLOBAL_BEST,1,42,0,5302,2915,111,4,0,37500.0000,0.0000,0,0,0,0,0,0
n012w8-0,n012w8,0,5,500000,100.0,adaptive,2026-07-04T12:09:41+01:00,3,1,22,3656,8,90.394082,1105,1150,1105,45,3.9130,GLOBAL_BEST,0,42,860,5914,1312,112,158,-60,2848.1013,0.0000,0,0,0,0,0,0
n012w8-0,n012w8,0,5,500000,100.0,adaptive,2026-07-04T12:09:41+01:00,3,3,22,5258,11,0.000000,1730,1740,1730,10,0.5747,LOCAL_BEST,0,42,1955,9271,177,113,1602,3,62.4220,3333.3333,0,0,0,0,0,0
n012w8-0,n012w8,0,5,500000,100.0,adaptive,2026-07-04T12:09:41+01:00,3,3,22,5259,11,0.000000,1520,1730,1520,210,12.1387,LOCAL_BEST,0,42,1955,9271,177,114,1,0,2100000.0000,0.0000,0,0,0,0,0,0
n012w8-0,n012w8,0,5,500000,100.0,adaptive,2026-07-04T12:09:41+01:00,3,1,22,6010,11,84.701675,1095,1105,1095,10,0.9050,GLOBAL_BEST,0,42,1373,9761,2235,115,751,0,133.1558,0.0000,0,0,0,0,0,0
n012w8-0,n012w8,0,5,500000,100.0,adaptive,2026-07-04T12:09:41+01:00,3,1,22,6061,13,84.582399,1080,1095,1080,15,1.3699,GLOBAL_BEST,0,42,1380,9840,2258,116,51,2,2941.1765,7500.0000,0,0,0,0,0,0
n012w8-0,n012w8,0,5,500000,100.0,adaptive,2026-07-04T12:09:41+01:00,3,2,22,7585,14,0.000000,1410,1430,1410,20,1.3986,LOCAL_BEST,0,42,0,12526,1641,117,1524,1,131.2336,20000.0000,0,0,0,0,0,0
n012w8-0,n012w8,0,5,500000,100.0,adaptive,2026-07-04T12:09:41+01:00,3,5,22,7688,75,0.000000,645,655,645,10,1.5267,GLOBAL_BEST,1,42,0,11246,6512,118,103,61,970.8738,163.9344,0,0,0,0,0,0
n012w8-0,n012w8,0,5,500000,100.0,adaptive,2026-07-04T12:09:41+01:00,3,5,22,7850,75,0.000000,630,645,630,15,2.3256,GLOBAL_BEST,1,42,0,11480,6646,119,162,0,925.9259,0.0000,0,0,0,0,0,0
n012w8-0,n012w8,0,5,500000,100.0,adaptive,2026-07-04T12:09:41+01:00,3,5,22,7880,75,0.000000,615,630,615,15,2.3810,GLOBAL_BEST,1,42,0,11551,6670,120,30,0,5000.0000,0.0000,0,0,0,0,0,0
n012w8-0,n012w8,0,5,500000,100.0,adaptive,2026-07-04T12:09:41+01:00,3,2,22,7881,15,0.000000,1375,1410,1375,35,2.4823,LOCAL_BEST,0,42,0,13032,1744,121,1,-60,350000.0000,0.0000,0,0,0,0,0,0
n012w8-0,n012w8,0,5,500000,100.0,adaptive,2026-07-04T12:09:41+01:00,3,5,22,8154,75,0.000000,600,615,600,15,2.4390,GLOBAL_BEST,1,42,0,11945,6897,122,273,60,549.4505,250.0000,0,0,0,0,0,0
n012w8-0,n012w8,0,5,500000,100.0,adaptive,2026-07-04T12:09:41+01:00,3,5,22,8155,75,0.000000,570,600,570,30,5.0000,GLOBAL_BEST,1,42,0,11946,6897,123,1,0,300000.0000,0.0000,0,0,0,0,0,0
n012w8-0,n012w8,0,5,500000,100.0,adaptive,2026-07-04T12:09:41+01:00,3,2,22,8395,15,0.000000,1345,1375,1345,30,2.1818,LOCAL_BEST,0,42,0,13852,1974,124,240,-60,1250.0000,0.0000,0,0,0,0,0,0
n012w8-0,n012w8,0,5,500000,100.0,adaptive,2026-07-04T12:09:41+01:00,3,2,22,8998,17,0.000000,1285,1345,1285,60,4.4610,LOCAL_BEST,0,42,0,14833,2220,125,603,2,995.0249,30000.0000,0,0,0,0,0,0
n012w8-0,n012w8,0,5,500000,100.0,adaptive,2026-07-04T12:09:41+01:00,3,1,22,10810,21,74.180883,1075,1080,1075,5,0.4630,GLOBAL_BEST,0,42,2397,17603,4128,126,1812,4,27.5938,1250.0000,0,0,0,0,0,0
n012w8-0,n012w8,0,5,500000,100.0,adaptive,2026-07-04T12:09:41+01:00,3,2,22,12138,24,0.000000,1260,1285,1260,25,1.9455,LOCAL_BEST,0,42,0,20029,3655,127,1328,3,188.2530,8333.3333,0,0,0,0,0,0
n012w8-0,n012w8,0,5,500000,100.0,adaptive,2026-07-04T12:09:41+01:00,3,3,22,13569,26,0.000000,1480,1520,1480,40,2.6316,LOCAL_BEST,0,42,5088,23398,505,128,1431,2,279.5248,20000.0000,0,0,0,0,0,0
n012w8-0,n012w8,0,5,500000,100.0,adaptive,2026-07-04T12:09:41+01:00,3,2,22,13587,26,0.000000,1245,1260,1245,15,1.1905,LOCAL_BEST,0,42,0,22223,4386,129,18,0,8333.3333,0.0000,0,0,0,0,0,0
n012w8-0,n012w8,0,5,500000,100.0,adaptive,2026-07-04T12:09:41+01:00,3,2,22,13609,26,0.000000,1230,1245,1230,15,1.2048,LOCAL_BEST,0,42,0,22268,4390,130,22,0,6818.1818,0.0000,0,0,0,0,0,0
n012w8-0,n012w8,0,5,500000,100.0,adaptive,2026-07-04T12:09:41+01:00,3,2,22,14414,27,0.000000,1195,1230,1195,35,2.8455,LOCAL_BEST,0,42,0,23579,4774,131,805,1,434.7826,35000.0000,0,0,0,0,0,0
n012w8-0,n012w8,0,5,500000,100.0,adaptive,2026-07-04T12:09:41+01:00,3,2,22,14430,27,0.000000,1185,1195,1185,10,0.8368,LOCAL_BEST,0,42,0,23619,4780,132,16,0,6250.0000,0.0000,0,0,0,0,0,0
n012w8-0,n012w8,0,5,500000,100.0,adaptive,2026-07-04T12:09:41+01:00,3,2,22,14541,28,0.000000,1055,1185,1055,130,10.9705,GLOBAL_BEST,0,42,0,23807,4842,133,111,1,11711.7117,130000.0000,0,0,0,0,0,0
n012w8-0,n012w8,0,5,500000,100.0,adaptive,2026-07-04T12:09:41+01:00,3,1,22,14644,28,66.724296,1045,1075,1045,30,2.7907,GLOBAL_BEST,0,42,3172,23996,5803,134,103,0,2912.6214,0.0000,0,0,0,0,0,0
n012w8-0,n012w8,0,5,500000,100.0,adaptive,2026-07-04T12:09:41+01:00,3,1,22,15448,30,65.258337,890,1045,890,155,14.8325,GLOBAL_BEST,0,42,3319,25209,6192,135,804,2,1927.8607,77500.0000,0,0,0,0,0,0
n012w8-0,n012w8,0,5,500000,100.0,adaptive,2026-07-04T12:09:41+01:00,3,1,22,15458,30,65.240308,875,890,875,15,1.6854,GLOBAL_BEST,0,42,3320,25219,6199,136,10,0,15000.0000,0.0000,0,0,0,0,0,0
n012w8-0,n012w8,0,5,500000,100.0,adaptive,2026-07-04T12:09:41+01:00,3,1,22,15576,30,65.027941,845,875,845,30,3.4286,GLOBAL_BEST,0,42,3338,25397,6266,137,118,0,2542.3729,0.0000,0,0,0,0,0,0
n012w8-0,n012w8,0,5,500000,100.0,adaptive,2026-07-04T12:09:41+01:00,3,1,22,15916,30,64.419893,835,845,835,10,1.1834,GLOBAL_BEST,0,42,3400,25922,6428,138,340,0,294.1176,0.0000,0,0,0,0,0,0
n012w8-0,n012w8,0,5,500000,100.0,adaptive,2026-07-04T12:09:41+01:00,3,2,22,19768,37,0.000000,1005,1055,1005,50,4.7393,LOCAL_BEST,0,42,0,31926,7692,139,3852,7,129.8027,7142.8571,0,0,0,0,0,0
n012w8-0,n012w8,0,5,500000,100.0,adaptive,2026-07-04T12:09:41+01:00,3,2,22,23635,44,0.000000,1000,1005,1000,5,0.4975,LOCAL_BEST,0,42,0,38161,10027,140,3867,7,12.9299,714.2857,0,0,0,0,0,0
n012w8-0,n012w8,0,5,500000,100.0,adaptive,2026-07-04T12:09:41+01:00,3,3,22,24708,47,0.000000,1330,1480,1330,150,10.1351,LOCAL_BEST,0,42,9301,42236,928,141,1073,3,1397.9497,50000.0000,0,0,0,0,0,0
n012w8-0,n012w8,0,5,500000,100.0,adaptive,2026-07-04T12:09:41+01:00,3,2,22,27537,51,0.000000,985,1000,985,15,1.5000,LOCAL_BEST,0,42,0,44323,12588,142,2829,4,53.0223,3750.0000,0,0,0,0,0,0
n012w8-0,n012w8,0,5,500000,100.0,adaptive,2026-07-04T12:09:41+01:00,3,2,22,27539,51,0.000000,970,985,970,15,1.5228,LOCAL_BEST,0,42,0,44329,12589,143,2,0,75000.0000,0.0000,0,0,0,0,0,0
n012w8-0,n012w8,0,5,500000,100.0,adaptive,2026-07-04T12:09:41+01:00,3,2,22,32615,60,0.000000,950,970,950,20,2.0619,LOCAL_BEST,0,42,0,52357,16150,144,5076,9,39.4011,2222.2222,0,0,0,0,0,0
n012w8-0,n012w8,0,5,500000,100.0,adaptive,2026-07-04T12:09:41+01:00,3,2,22,33582,61,0.000000,945,950,945,5,0.5263,LOCAL_BEST,0,42,0,53851,16814,145,967,1,51.7063,5000.0000,0,0,0,0,0,0
n012w8-0,n012w8,0,5,500000,100.0,adaptive,2026-07-04T12:09:41+01:00,3,2,22,33583,61,0.000000,870,945,870,75,7.9365,LOCAL_BEST,0,42,0,53854,16814,146,1,0,750000.0000,0.0000,0,0,0,0,0,0
n012w8-0,n012w8,0,5,500000,100.0,adaptive,2026-07-04T12:09:41+01:00,3,1,22,33938,62,39.152185,810,835,810,25,2.9940,GLOBAL_BEST,0,42,6229,54509,16209,147,355,1,704.2254,25000.0000,0,0,0,0,0,0
n012w8-0,n012w8,0,5,500000,100.0,adaptive,2026-07-04T12:09:41+01:00,3,1,22,33940,62,39.150021,780,810,780,30,3.7037,GLOBAL_BEST,0,42,6229,54512,16210,148,2,0,150000.0000,0.0000,0,0,0,0,0,0
n012w8-0,n012w8,0,5,500000,100.0,adaptive,2026-07-04T12:09:41+01:00,3,1,22,34564,63,38.480792,760,780,760,20,2.5641,GLOBAL_BEST,0,42,6299,55477,16621,149,624,1,320.5128,20000.0000,0,0,0,0,0,0
n012w8-0,n012w8,0,5,500000,100.0,adaptive,2026-07-04T12:09:41+01:00,3,2,22,37010,68,0.000000,845,870,845,25,2.8736,LOCAL_BEST,0,42,0,59138,19261,150,2446,5,102.2077,5000.0000,0,0,0,0,0,0
n012w8-0,n012w8,0,5,500000,100.0,adaptive,2026-07-04T12:09:41+01:00,3,2,22,38121,70,0.000000,825,845,825,20,2.3669,LOCAL_BEST,0,42,0,60975,20045,151,1111,2,180.0180,10000.0000,0,0,0,0,0,0
n012w8-0,n012w8,0,5,500000,100.0,adaptive,2026-07-04T12:09:41+01:00,3,1,22,38760,70,34.268256,750,760,750,10,1.3158,LOCAL_BEST,0,42,6737,61809,19453,152,639,0,156.4945,0.0000,0,0,0,0,0,0
n012w8-0,n012w8,0,5,500000,100.0,adaptive,2026-07-04T12:09:41+01:00,3,1,22,38772,70,34.256895,745,750,745,5,0.6667,LOCAL_BEST,0,42,6737,61821,19464,153,12,0,4166.6667,0.0000,0,0,0,0,0,0
n012w8-0,n012w8,0,5,500000,100.0,adaptive,2026-07-04T12:09:41+01:00,3,4,22,39002,132,34.039878,760,810,760,50,6.1728,LOCAL_BEST,1,42,6887,61993,19637,154,230,62,2173.9130,806.4516,0,0,0,0,0,0
n012w8-0,n012w8,0,5,500000,100.0,adaptive,2026-07-04T12:09:41+01:00,3,4,22,39036,132,34.007914,745,760,745,15,1.9737,LOCAL_BEST,1,42,6887,62042,19665,155,34,0,4411.7647,0.0000,0,0,0,0,0,0
n012w8-0,n012w8,0,5,500000,100.0,adaptive,2026-07-04T12:09:41+01:00,3,1,22,42036,76,31.302570,730,745,730,15,2.0134,LOCAL_BEST,0,42,7040,66626,21753,156,3000,-56,50.0000,0.0000,0,0,0,0,0,0
n012w8-0,n012w8,0,5,500000,100.0,adaptive,2026-07-04T12:09:41+01:00,3,4,22,42157,137,31.198090,735,745,735,10,1.3423,LOCAL_BEST,1,42,7178,66850,21863,157,121,61,826.4463,163.9344,0,0,0,0,0,0
n012w8-0,n012w8,0,5,500000,100.0,adaptive,2026-07-04T12:09:41+01:00,3,1,22,42858,78,30.599618,720,730,720,10,1.3699,LOCAL_BEST,0,42,7090,67995,22407,158,701,-59,142.6534,0.0000,0,0,0,0,0,0
n012w8-0,n012w8,0,5,500000,100.0,adaptive,2026-07-04T12:09:41+01:00,3,5,22,43230,135,0.000000,565,570,565,5,0.8772,LOCAL_BEST,1,42,0,61155,37739,159,372,57,134.4086,87.7193,0,0,0,0,0,0
n012w8-0,n012w8,0,5,500000,100.0,adaptive,2026-07-04T12:09:41+01:00,3,8,22,43272,182,0.000000,505,520,505,15,2.8846,LOCAL_BEST,3,42,0,64239,40161,160,42,47,3571.4286,319.1489,0,0,0,0,0,0
n012w8-0,n012w8,0,5,500000,100.0,adaptive,2026-07-04T12:09:41+01:00,3,5,22,44537,137,0.000000,550,565,550,15,2.6549,LOCAL_BEST,1,42,0,62932,38894,161,1265,-45,118.5771,0.0000,0,0,0,0,0,0
n012w8-0,n012w8,0,5,500000,100.0,adaptive,2026-07-04T12:09:41+01:00,3,2,22,46588,84,0.000000,805,825,805,20,2.4242,LOCAL_BEST,0,42,0,73947,26669,162,2051,-53,97.5134,0.0000,0,0,0,0,0,0
n012w8-0,n012w8,0,5,500000,100.0,adaptive,2026-07-04T12:09:41+01:00,3,2,22,46753,84,0.000000,800,805,800,5,0.6211,LOCAL_BEST,0,42,0,74204,26791,163,165,0,303.0303,0.0000,0,0,0,0,0,0
n012w8-0,n012w8,0,5,500000,100.0,adaptive,2026-07-04T12:09:41+01:00,3,2,22,47200,85,0.000000,795,800,795,5,0.6250,LOCAL_BEST,0,42,0,74873,27098,164,447,1,111.8568,5000.0000,0,0,0,0,0,0
n012w8-0,n012w8,0,5,500000,100.0,adaptive,2026-07-04T12:09:41+01:00,3,5,22,47401,141,0.000000,535,550,535,15,2.7273,LOCAL_BEST,1,42,0,66964,41426,165,201,56,746.2687,267.8571,0,0,0,0,0,0
n012w8-0,n012w8,0,5,500000,100.0,adaptive,2026-07-04T12:09:41+01:00,3,2,22,48249,87,0.000000,760,795,760,35,4.4025,LOCAL_BEST,0,42,0,76507,27900,166,848,-54,412.7358,0.0000,0,0,0,0,0,0
n012w8-0,n012w8,0,5,500000,100.0,adaptive,2026-07-04T12:09:41+01:00,3,5,22,50257,146,0.000000,525,535,525,10,1.8692,LOCAL_BEST,1,42,0,70799,43964,167,2008,59,49.8008,169.4915,0,0,0,0,0,0
n012w8-0,n012w8,0,5,500000,100.0,adaptive,2026-07-04T12:09:41+01:00,3,4,22,54896,163,21.941181,730,735,730,5,0.6803,LOCAL_BEST,1,42,8146,85943,31325,168,4639,17,10.7782,294.1176,0,0,0,0,0,0
n012w8-0,n012w8,0,5,500000,100.0,adaptive,2026-07-04T12:09:41+01:00,3,4,22,54903,163,21.936938,715,730,715,15,2.0548,LOCAL_BEST,1,42,8146,85945,31330,169,7,0,21428.5714,0.0000,0,0,0,0,0,0
n012w8-0,n012w8,0,5,500000,100.0,adaptive,2026-07-04T12:09:41+01:00,3,4,22,55424,164,21.623401,710,715,710,5,0.6993,LOCAL_BEST,1,42,8172,86587,31763,170,521,1,95.9693,5000.0000,0,0,0,0,0,0
n012w8-0,n012w8,0,5,500000,100.0,adaptive,2026-07-04T12:09:41+01:00,3,1,22,55649,100,21.489386,715,720,715,5,0.6944,LOCAL_BEST,0,42,7992,87694,32133,171,225,-64,222.2222,0.0000,0,0,0,0,0,0
n012w8-0,n012w8,0,5,500000,100.0,adaptive,2026-07-04T12:09:41+01:00,3,1,22,55929,100,21.323771,705,715,705,10,1.3986,LOCAL_BEST,0,42,8006,88105,32357,172,280,0,357.1429,0.0000,0,0,0,0,0,0
n012w8-0,n012w8,0,5,500000,100.0,adaptive,2026-07-04T12:09:41+01:00,3,1,22,56027,100,21.266107,690,705,690,15,2.1277,LOCAL_BEST,0,42,8010,88239,32435,173,98,0,1530.6122,0.0000,0,0,0,0,0,0
n012w8-0,n012w8,0,5,500000,100.0,adaptive,2026-07-04T12:09:41+01:00,3,2,22,57937,103,0.000000,755,760,755,5,0.6579,LOCAL_BEST,0,42,0,91009,35594,174,1910,3,26.1780,1666.6667,0,0,0,0,0,0
n012w8-0,n012w8,0,5,500000,100.0,adaptive,2026-07-04T12:09:41+01:00,3,5,22,58720,160,0.000000,510,525,510,15,2.8571,LOCAL_BEST,1,42,0,82537,51501,175,783,57,191.5709,263.1579,0,0,0,0,0,0
n012w8-0,n012w8,0,5,500000,100.0,adaptive,2026-07-04T12:09:41+01:00,3,2,22,59364,106,0.000000,740,755,740,15,1.9868,LOCAL_BEST,0,42,0,93150,36791,176,644,-54,232.9193,0.0000,0,0,0,0,0,0
n012w8-0,n012w8,0,5,500000,100.0,adaptive,2026-07-04T12:09:41+01:00,3,4,22,59965,172,19.073571,675,710,675,35,4.9296,LOCAL_BEST,1,42,8399,93385,35407,177,601,66,582.3627,530.3030,0,0,0,0,0,0
n012w8-0,n012w8,0,5,500000,100.0,adaptive,2026-07-04T12:09:41+01:00,3,4,22,60138,173,18.982613,670,675,670,5,0.7407,LOCAL_BEST,1,42,8409,93613,35554,178,173,1,289.0173,5000.0000,0,0,0,0,0,0
n012w8-0,n012w8,0,5,500000,100.0,adaptive,2026-07-04T12:09:41+01:00,3,4,22,60648,174,18.716990,660,670,660,10,1.4925,LOCAL_BEST,1,42,8424,94338,36002,179,510,1,196.0784,10000.0000,0,0,0,0,0,0
n012w8-0,n012w8,0,5,500000,100.0,adaptive,2026-07-04T12:09:41+01:00,3,2,22,62016,110,0.000000,725,740,725,15,2.0270,LOCAL_BEST,0,42,0,97145,38905,180,1368,-64,109.6491,0.0000,0,0,0,0,0,0
n012w8-0,n012w8,0,5,500000,100.0,adaptive,2026-07-04T12:09:41+01:00,3,1,22,62214,111,17.924374,685,690,685,5,0.7246,LOCAL_BEST,0,42,8278,97302,37489,181,198,1,252.5253,5000.0000,0,0,0,0,0,0
n012w8-0,n012w8,0,5,500000,100.0,adaptive,2026-07-04T12:09:41+01:00,3,1,22,62226,111,17.918432,670,685,670,15,2.1898,LOCAL_BEST,0,42,8278,97317,37500,182,12,0,12500.0000,0.0000,0,0,0,0,0,0
n012w8-0,n012w8,0,5,500000,100.0,adaptive,2026-07-04T12:09:41+01:00,3,1,22,62272,111,17.895672,640,670,640,30,4.4776,LOCAL_BEST,0,42,8279,97383,37540,183,46,0,6521.7391,0.0000,0,0,0,0,0,0
n012w8-0,n012w8,0,5,500000,100.0,adaptive,2026-07-04T12:09:41+01:00,3,1,22,62301,111,17.881337,625,640,625,15,2.3438,LOCAL_BEST,0,42,8279,97442,37564,184,29,0,5172.4138,0.0000,0,0,0,0,0,0
n012w8-0,n012w8,0,5,500000,100.0,adaptive,2026-07-04T12:09:41+01:00,3,1,22,62306,111,17.878867,610,625,610,15,2.4000,LOCAL_BEST,0,42,8279,97448,37568,185,5,0,30000.0000,0.0000,0,0,0,0,0,0
n012w8-0,n012w8,0,5,500000,100.0,adaptive,2026-07-04T12:09:41+01:00,3,1,22,62658,111,17.705818,580,610,580,30,4.9180,LOCAL_BEST,0,42,8287,97964,37875,186,352,0,852.2727,0.0000,0,0,0,0,0,0
n012w8-0,n012w8,0,5,500000,100.0,adaptive,2026-07-04T12:09:41+01:00,3,1,22,62682,112,17.694081,565,580,565,15,2.5862,GLOBAL_BEST,0,42,8287,97997,37897,187,24,1,6250.0000,15000.0000,0,0,0,0,0,0
n012w8-0,n012w8,0,5,500000,100.0,adaptive,2026-07-04T12:09:41+01:00,3,8,22,62696,211,0.000000,490,505,490,15,2.9703,LOCAL_BEST,3,42,0,90893,58310,188,14,99,10714.2857,151.5152,0,0,0,0,0,0
n012w8-0,n012w8,0,5,500000,100.0,adaptive,2026-07-04T12:09:41+01:00,3,1,22,62711,112,17.679908,550,565,550,15,2.6549,GLOBAL_BEST,0,42,8287,98032,37925,189,15,-99,10000.0000,0.0000,0,0,0,0,0,0
n012w8-0,n012w8,0,5,500000,100.0,adaptive,2026-07-04T12:09:41+01:00,3,1,22,62792,112,17.640383,535,550,535,15,2.7273,GLOBAL_BEST,0,42,8289,98182,37996,190,81,0,1851.8519,0.0000,0,0,0,0,0,0
n012w8-0,n012w8,0,5,500000,100.0,adaptive,2026-07-04T12:09:41+01:00,3,2,22,62968,112,0.000000,710,725,710,15,2.0690,LOCAL_BEST,0,42,0,98508,39673,191,176,0,852.2727,0.0000,0,0,0,0,0,0
n012w8-0,n012w8,0,5,500000,100.0,adaptive,2026-07-04T12:09:41+01:00,3,4,22,63127,178,17.477850,645,660,645,15,2.2727,LOCAL_BEST,1,42,8522,98094,38062,192,159,66,943.3962,227.2727,0,0,0,0,0,0
n012w8-0,n012w8,0,5,500000,100.0,adaptive,2026-07-04T12:09:41+01:00,3,4,22,65195,181,16.507146,635,645,635,10,1.5504,LOCAL_BEST,1,42,8614,101239,39765,193,2068,3,48.3559,3333.3333,0,0,0,0,0,0
n012w8-0,n012w8,0,5,500000,100.0,adaptive,2026-07-04T12:09:41+01:00,3,4,22,65397,181,16.415269,595,635,595,40,6.2992,LOCAL_BEST,1,42,8618,101457,39946,194,202,0,1980.1980,0.0000,0,0,0,0,0,0
n012w8-0,n012w8,0,5,500000,100.0,adaptive,2026-07-04T12:09:41+01:00,3,4,22,68268,188,15.163379,585,595,585,10,1.6807,LOCAL_BEST,1,42,8704,105660,42369,195,2871,7,34.8311,1428.5714,0,0,0,0,0,0
n012w8-0,n012w8,0,5,500000,100.0,adaptive,2026-07-04T12:09:41+01:00,3,4,22,68274,188,15.160866,570,585,570,15,2.5641,LOCAL_BEST,1,42,8704,105675,42374,196,6,0,25000.0000,0.0000,0,0,0,0,0,0
n012w8-0,n012w8,0,5,500000,100.0,adaptive,2026-07-04T12:09:41+01:00,3,2,22,68303,121,0.000000,690,710,690,20,2.8169,LOCAL_BEST,0,42,0,106544,44131,197,29,-67,6896.5517,0.0000,0,0,0,0,0,0
n012w8-0,n012w8,0,5,500000,100.0,adaptive,2026-07-04T12:09:41+01:00,3,1,22,68764,121,14.956983,530,535,530,5,0.9346,LOCAL_BEST,0,42,8503,107039,43098,198,461,0,108.4599,0.0000,0,0,0,0,0,0
n012w8-0,n012w8,0,5,500000,100.0,adaptive,2026-07-04T12:09:41+01:00,3,4,22,70668,191,14.190445,555,570,555,15,2.6316,LOCAL_BEST,1,42,8765,109112,44471,199,1904,70,78.7815,214.2857,0,0,0,0,0,0
n012w8-0,n012w8,0,5,500000,100.0,adaptive,2026-07-04T12:09:41+01:00,3,1,22,72805,128,13.376793,520,530,520,10,1.8868,LOCAL_BEST,0,42,8595,113206,46671,200,2137,-63,46.7946,0.0000,0,0,0,0,0,0
n012w8-0,n012w8,0,5,500000,100.0,adaptive,2026-07-04T12:09:41+01:00,3,4,22,73584,196,13.091940,540,555,540,15,2.7027,LOCAL_BEST,1,42,8828,113183,47076,201,779,68,192.5546,220.5882,0,0,0,0,0,0
n012w8-0,n012w8,0,5,500000,100.0,adaptive,2026-07-04T12:09:41+01:00,3,4,22,73626,196,13.076755,525,540,525,15,2.7778,LOCAL_BEST,1,42,8828,113231,47117,202,42,0,3571.4286,0.0000,0,0,0,0,0,0
n012w8-0,n012w8,0,5,500000,100.0,adaptive,2026-07-04T12:09:41+01:00,3,1,22,74193,130,12.873481,505,520,505,15,2.8846,GLOBAL_BEST,0,42,8628,115299,47891,203,567,-66,264.5503,0.0000,0,0,0,0,0,0
n012w8-0,n012w8,0,5,500000,100.0,adaptive,2026-07-04T12:09:41+01:00,3,1,22,75390,131,12.454664,490,505,490,15,2.9703,GLOBAL_BEST,0,42,8658,117075,48945,204,1197,1,125.3133,15000.0000,0,0,0,0,0,0
n012w8-0,n012w8,0,5,500000,100.0,adaptive,2026-07-04T12:09:41+01:00,3,2,22,75621,133,0.000000,665,690,665,25,3.6232,LOCAL_BEST,0,42,0,117460,50305,205,231,2,1082.2511,12500.0000,0,0,0,0,0,0
n012w8-0,n012w8,0,5,500000,100.0,adaptive,2026-07-04T12:09:41+01:00,3,2,22,75622,133,0.000000,635,665,635,30,4.5113,LOCAL_BEST,0,42,0,117462,50305,206,1,0,300000.0000,0.0000,0,0,0,0,0,0
n012w8-0,n012w8,0,5,500000,100.0,adaptive,2026-07-04T12:09:41+01:00,3,7,22,76453,254,12.094168,550,565,550,15,2.6549,LOCAL_BEST,2,42,8641,117610,50207,207,831,121,180.5054,123.9669,0,0,0,0,0,0
n012w8-0,n012w8,0,5,500000,100.0,adaptive,2026-07-04T12:09:41+01:00,3,4,22,77979,204,11.594820,510,525,510,15,2.8571,LOCAL_BEST,1,42,8897,119241,51056,208,1526,-50,98.2962,0.0000,0,0,0,0,0,0
n012w8-0,n012w8,0,5,500000,100.0,adaptive,2026-07-04T12:09:41+01:00,3,1,22,78031,136,11.578172,480,490,480,10,2.0408,GLOBAL_BEST,0,42,8715,121005,51299,209,52,-68,1923.0769,0.0000,0,0,0,0,0,0
n012w8-0,n012w8,0,5,500000,100.0,adaptive,2026-07-04T12:09:41+01:00,3,7,22,83329,264,10.001474,545,550,545,5,0.9091,LOCAL_BEST,2,42,8747,127738,56394,210,5298,128,9.4375,39.0625,0,0,0,0,0,0
n012w8-0,n012w8,0,5,500000,100.0,adaptive,2026-07-04T12:09:41+01:00,3,1,22,83567,145,9.935918,475,480,475,5,1.0417,GLOBAL_BEST,0,42,8802,129110,56320,211,238,-119,210.0840,0.0000,0,0,0,0,0,0
n012w8-0,n012w8,0,5,500000,100.0,adaptive,2026-07-04T12:09:41+01:00,3,1,22,85478,148,9.424884,460,475,460,15,3.1579,GLOBAL_BEST,0,42,8826,131998,58092,212,1911,3,78.4929,5000.0000,0,0,0,0,0,0
n012w8-0,n012w8,0,5,500000,100.0,adaptive,2026-07-04T12:09:41+01:00,3,7,22,86287,269,9.216542,535,545,535,10,1.8349,LOCAL_BEST,2,42,8779,131921,59117,213,809,121,123.6094,82.6446,0,0,0,0,0,0
n012w8-0,n012w8,0,5,500000,100.0,adaptive,2026-07-04T12:09:41+01:00,3,2,22,86298,152,0.000000,610,635,610,25,3.9370,LOCAL_BEST,0,42,0,132919,59398,214,11,-117,22727.2727,0.0000,0,0,0,0,0,0
n012w8-0,n012w8,0,5,500000,100.0,adaptive,2026-07-04T12:09:41+01:00,3,2,22,88882,156,0.000000,580,610,580,30,4.9180,LOCAL_BEST,0,42,0,136744,61586,215,2584,4,116.0991,7500.0000,0,0,0,0,0,0
n012w8-0,n012w8,0,5,500000,100.0,adaptive,2026-07-04T12:09:41+01:00,3,2,22,92611,163,0.000000,575,580,575,5,0.8621,LOCAL_BEST,0,42,0,142301,64823,216,3729,7,13.4084,714.2857,0,0,0,0,0,0
n012w8-0,n012w8,0,5,500000,100.0,adaptive,2026-07-04T12:09:41+01:00,3,5,22,93753,217,0.000000,495,510,495,15,2.9412,LOCAL_BEST,1,42,0,130097,83176,217,1142,54,131.3485,277.7778,0,0,0,0,0,0
n012w8-0,n012w8,0,5,500000,100.0,adaptive,2026-07-04T12:09:41+01:00,3,2,22,103141,180,0.000000,565,575,565,10,1.7391,LOCAL_BEST,0,42,0,157488,74391,218,9388,-37,10.6519,0.0000,0,0,0,0,0,0
n012w8-0,n012w8,0,5,500000,100.0,adaptive,2026-07-04T12:09:41+01:00,3,2,22,113746,197,0.000000,560,565,560,5,0.8850,LOCAL_BEST,0,42,0,172618,83888,219,10605,17,4.7148,294.1176,0,0,0,0,0,0
n012w8-0,n012w8,0,5,500000,100.0,adaptive,2026-07-04T12:09:41+01:00,3,2,22,118895,205,0.000000,550,560,550,10,1.7857,LOCAL_BEST,0,42,0,180071,88619,220,5149,8,19.4212,1250.0000,0,0,0,0,0,0
n012w8-0,n012w8,0,5,500000,100.0,adaptive,2026-07-04T12:09:41+01:00,3,2,22,121770,208,0.000000,545,550,545,5,0.9091,LOCAL_BEST,0,42,0,184091,91258,221,2875,3,17.3913,1666.6667,0,0,0,0,0,0
n012w8-0,n012w8,0,5,500000,100.0,adaptive,2026-07-04T12:09:41+01:00,3,2,22,122086,210,0.000000,530,545,530,15,2.7523,LOCAL_BEST,0,42,0,184536,91537,222,316,2,474.6835,7500.0000,0,0,0,0,0,0
n012w8-0,n012w8,0,5,500000,100.0,adaptive,2026-07-04T12:09:41+01:00,3,1,22,135478,227,2.367358,500,460,460,0,0.0000,REHEAT,0,42,8947,204518,105397,223,13392,17,0.0000,0.0000,0,0,0,0,0,1
n012w8-0,n012w8,0,5,500000,100.0,adaptive,2026-07-04T12:09:41+01:00,3,1,22,185478,321,25.118864,980,460,460,0,0.0000,REHEAT,0,42,16813,283743,133095,224,50000,94,0.0000,0.0000,0,0,0,0,0,1
n012w8-0,n012w8,0,5,500000,100.0,adaptive,2026-07-04T12:09:41+01:00,3,1,22,235478,423,25.118864,905,460,460,0,0.0000,REHEAT,0,42,24591,362210,160624,225,50000,102,0.0000,0.0000,0,0,0,0,0,1
n012w8-0,n012w8,0,5,500000,100.0,adaptive,2026-07-04T12:09:41+01:00,3,5,22,251128,486,0.000000,480,495,480,15,3.0303,LOCAL_BEST,1,42,0,342963,227968,226,15650,63,9.5847,238.0952,0,0,0,0,0,0
n012w8-0,n012w8,0,5,500000,100.0,adaptive,2026-07-04T12:09:41+01:00,3,5,22,253137,490,0.000000,465,480,465,15,3.1250,LOCAL_BEST,1,42,0,345539,229786,227,2009,4,74.6640,3750.0000,0,0,0,0,0,0
n012w8-0,n012w8,0,5,500000,100.0,adaptive,2026-07-04T12:09:41+01:00,3,1,22,285478,521,25.118864,700,460,460,0,0.0000,REHEAT,0,42,32265,441345,188386,228,32341,31,0.0000,0.0000,0,0,0,0,0,1
n012w8-0,n012w8,0,5,500000,100.0,adaptive,2026-07-04T12:09:41+01:00,3,1,22,335478,616,25.118864,995,460,460,0,0.0000,REHEAT,0,42,39894,519803,216489,229,50000,95,0.0000,0.0000,0,0,0,0,0,1
n012w8-0,n012w8,0,5,500000,100.0,adaptive,2026-07-04T12:09:41+01:00,3,1,22,385478,707,25.118864,1025,460,460,0,0.0000,REHEAT,0,42,47581,598006,244393,230,50000,91,0.0000,0.0000,0,0,0,0,0,1
n012w8-0,n012w8,0,5,500000,100.0,adaptive,2026-07-04T12:09:41+01:00,3,1,22,435478,795,25.118864,865,460,460,0,0.0000,REHEAT,0,42,55250,676518,272033,231,50000,88,0.0000,0.0000,0,0,0,0,0,1
n012w8-0,n012w8,0,5,500000,100.0,adaptive,2026-07-04T12:09:41+01:00,3,1,22,485478,883,25.118864,980,460,460,0,0.0000,REHEAT,0,42,62947,755215,299730,232,50000,88,0.0000,0.0000,0,0,0,0,0,1
n012w8-0,n012w8,0,5,500000,100.0,adaptive,2026-07-04T12:09:41+01:00,4,1,35,1,1,100.000000,3300,3495,3300,195,5.5794,GLOBAL_BEST,0,123,0,0,0,1,1,1,1950000.0000,195000.0000,0,0,0,0,0,0
n012w8-0,n012w8,0,5,500000,100.0,adaptive,2026-07-04T12:09:41+01:00,4,2,35,1,1,0.000000,3165,3495,3165,330,9.4421,GLOBAL_BEST,0,123,0,5,0,2,0,0,0.0000,0.0000,0,0,0,0,0,0
n012w8-0,n012w8,0,5,500000,100.0,adaptive,2026-07-04T12:09:41+01:00,4,3,35,1,1,0.000000,3405,3495,3405,90,2.5751,LOCAL_BEST,0,123,0,0,0,3,0,0,0.0000,0.0000,0,0,0,0,0,0
n012w8-0,n012w8,0,5,500000,100.0,adaptive,2026-07-04T12:09:41+01:00,4,3,35,2,1,0.000000,3345,3405,3345,60,1.7621,LOCAL_BEST,0,123,0,1,0,4,1,0,600000.0000,0.0000,0,0,0,0,0,0
n012w8-0,n012w8,0,5,500000,100.0,adaptive,2026-07-04T12:09:41+01:00,4,2,35,2,1,0.000000,3045,3165,3045,120,3.7915,GLOBAL_BEST,0,123,0,9,0,5,0,0,0.0000,0.0000,0,0,0,0,0,0
n012w8-0,n012w8,0,5,500000,100.0,adaptive,2026-07-04T12:09:41+01:00,4,3,35,3,1,0.000000,3165,3345,3165,180,5.3812,LOCAL_BEST,0,123,0,1,0,6,1,0,1800000.0000,0.0000,0,0,0,0,0,0
n012w8-0,n012w8,0,5,500000,100.0,adaptive,2026-07-04T12:09:41+01:00,4,2,35,4,1,0.000000,3030,3045,3030,15,0.4926,GLOBAL_BEST,0,123,0,19,0,7,1,0,150000.0000,0.0000,0,0,0,0,0,0
n012w8-0,n012w8,0,5,500000,100.0,adaptive,2026-07-04T12:09:41+01:00,4,1,35,5,1,99.988948,3235,3300,3235,65,1.9697,GLOBAL_BEST,0,123,1,9,0,8,1,0,650000.0000,0.0000,0,0,0,0,0,0
n012w8-0,n012w8,0,5,500000,100.0,adaptive,2026-07-04T12:09:41+01:00,4,3,35,5,1,0.000000,2805,3165,2805,360,11.3744,GLOBAL_BEST,0,123,0,6,0,9,0,0,0.0000,0.0000,0,0,0,0,0,0
n012w8-0,n012w8,0,5,500000,100.0,adaptive,2026-07-04T12:09:41+01:00,4,2,35,5,1,0.000000,2970,3030,2970,60,1.9802,LOCAL_BEST,0,123,0,21,0,10,0,0,0.0000,0.0000,0,0,0,0,0,0
n012w8-0,n012w8,0,5,500000,100.0,adaptive,2026-07-04T12:09:41+01:00,4,1,35,6,1,99.986185,3085,3235,3085,150,4.6368,LOCAL_BEST,0,123,1,12,0,11,1,0,1500000.0000,0.0000,0,0,0,0,0,0
n012w8-0,n012w8,0,5,500000,100.0,adaptive,2026-07-04T12:09:41+01:00,4,3,35,6,1,0.000000,2775,2805,2775,30,1.0695,GLOBAL_BEST,0,123,0,6,0,12,0,0,0.0000,0.0000,0,0,0,0,0,0
n012w8-0,n012w8,0,5,500000,100.0,adaptive,2026-07-04T12:09:41+01:00,4,2,35,7,1,0.000000,2730,2970,2730,240,8.0808,GLOBAL_BEST,0,123,0,24,0,13,1,0,2400000.0000,0.0000,0,0,0,0,0,0
n012w8-0,n012w8,0,5,500000,100.0,adaptive,2026-07-04T12:09:41+01:00,4,3,35,7,1,0.000000,2715,2775,2715,60,2.1622,GLOBAL_BEST,0,123,0,7,0,14,0,0,0.0000,0.0000,0,0,0,0,0,0
n012w8-0,n012w8,0,5,500000,100.0,adaptive,2026-07-04T12:09:41+01:00,4,5,35,7,52,0.000000,600,615,600,15,2.4390,LOCAL_BEST,1,123,0,6,5,15,0,51,0.0000,294.1176,0,0,0,0,0,0
n012w8-0,n012w8,0,5,500000,100.0,adaptive,2026-07-04T12:09:41+01:00,4,1,35,8,1,99.980660,3070,3085,3070,15,0.4862,LOCAL_BEST,0,123,1,12,0,16,1,-51,150000.0000,0.0000,0,0,0,0,0,0
n012w8-0,n012w8,0,5,500000,100.0,adaptive,2026-07-04T12:09:41+01:00,4,3,35,8,1,0.000000,2490,2715,2490,225,8.2873,GLOBAL_BEST,0,123,0,7,0,17,0,0,0.0000,0.0000,0,0,0,0,0,0
n012w8-0,n012w8,0,5,500000,100.0,adaptive,2026-07-04T12:09:41+01:00,4,4,35,13,52,99.966848,570,615,570,45,7.3171,LOCAL_BEST,1,123,0,30,10,18,5,51,90000.0000,882.3529,0,0,0,0,0,0
n012w8-0,n012w8,0,5,500000,100.0,adaptive,2026-07-04T12:09:41+01:00,4,1,35,16,1,99.958562,3040,3070,3040,30,0.9772,LOCAL_BEST,0,123,3,20,0,19,3,-51,100000.0000,0.0000,0,0,0,0,0,0
n012w8-0,n012w8,0,5,500000,100.0,adaptive,2026-07-04T12:09:41+01:00,4,2,35,17,1,0.000000,2505,2730,2505,225,8.2418,LOCAL_BEST,0,123,0,50,0,20,1,0,2250000.0000,0.0000,0,0,0,0,0,0
n012w8-0,n012w8,0,5,500000,100.0,adaptive,2026-07-04T12:09:41+01:00,4,1,35,19,1,99.950277,3010,3040,3010,30,0.9868,LOCAL_BEST,0,123,4,23,0,21,2,0,150000.0000,0.0000,0,0,0,0,0,0
n012w8-0,n012w8,0,5,500000,100.0,adaptive,2026-07-04T12:09:41+01:00,4,1,35,20,1,99.947515,2965,3010,2965,45,1.4950,LOCAL_BEST,0,123,4,23,0,22,1,0,450000.0000,0.0000,0,0,0,0,0,0
n012w8-0,n012w8,0,5,500000,100.0,adaptive,2026-07-04T12:09:41+01:00,4,2,35,20,1,0.000000,2415,2505,2415,90,3.5928,GLOBAL_BEST,0,123,0,62,0,23,0,0,0.0000,0.0000,0,0,0,0,0,0
n012w8-0,n012w8,0,5,500000,100.0,adaptive,2026-07-04T12:09:41+01:00,4,1,35,21,1,99.944753,2950,2965,2950,15,0.5059,LOCAL_BEST,0,123,4,23,0,24,1,0,150000.0000,0.0000,0,0,0,0,0,0
n012w8-0,n012w8,0,5,500000,100.0,adaptive,2026-07-04T12:09:41+01:00,4,3,35,22,1,0.000000,2400,2490,2400,90,3.6145,GLOBAL_BEST,0,123,5,31,1,25,1,0,900000.0000,0.0000,0,0,0,0,0,0
n012w8-0,n012w8,0,5,500000,100.0,adaptive,2026-07-04T12:09:41+01:00,4,1,35,23,1,99.939230,2920,2950,2920,30,1.0169,LOCAL_BEST,0,123,4,30,0,26,1,0,300000.0000,0.0000,0,0,0,0,0,0
n012w8-0,n012w8,0,5,500000,100.0,adaptive,2026-07-04T12:09:41+01:00,4,3,35,25,1,0.000000,2370,2400,2370,30,1.2500,GLOBAL_BEST,0,123,6,32,1,27,2,0,150000.0000,0.0000,0,0,0,0,0,0
n012w8-0,n012w8,0,5,500000,100.0,adaptive,2026-07-04T12:09:41+01:00,4,3,35,26,1,0.000000,2355,2370,2355,15,0.6329,GLOBAL_BEST,0,123,6,32,1,28,1,0,150000.0000,0.0000,0,0,0,0,0,0
n012w8-0,n012w8,0,5,500000,100.0,adaptive,2026-07-04T12:09:41+01:00,4,1,35,27,1,99.928185,2770,2920,2770,150,5.1370,LOCAL_BEST,0,123,5,34,0,29,1,0,1500000.0000,0.0000,0,0,0,0,0,0
n012w8-0,n012w8,0,5,500000,100.0,adaptive,2026-07-04T12:09:41+01:00,4,3,35,27,1,0.000000,2325,2355,2325,30,1.2739,GLOBAL_BEST,0,123,6,33,1,30,0,0,0.0000,0.0000,0,0,0,0,0,0
n012w8-0,n012w8,0,5,500000,100.0,adaptive,2026-07-04T12:09:41+01:00,4,3,35,29,1,0.000000,2295,2325,2295,30,1.2903,GLOBAL_BEST,0,123,6,36,1,31,2,0,150000.0000,0.0000,0,0,0,0,0,0
n012w8-0,n012w8,0,5,500000,100.0,adaptive,2026-07-04T12:09:41+01:00,4,5,35,30,52,0.000000,585,600,585,15,2.5000,LOCAL_BEST,1,123,0,35,26,32,1,51,150000.0000,294.1176,0,0,0,0,0,0
n012w8-0,n012w8,0,5,500000,100.0,adaptive,2026-07-04T12:09:41+01:00,4,1,35,33,1,99.911620,2650,2770,2650,120,4.3321,LOCAL_BEST,0,123,7,47,0,33,3,-51,400000.0000,0.0000,0,0,0,0,0,0
n012w8-0,n012w8,0,5,500000,100.0,adaptive,2026-07-04T12:09:41+01:00,4,1,35,34,1,99.908859,2440,2650,2440,210,7.9245,LOCAL_BEST,0,123,7,50,0,34,1,0,2100000.0000,0.0000,0,0,0,0,0,0
n012w8-0,n012w8,0,5,500000,100.0,adaptive,2026-07-04T12:09:41+01:00,4,1,35,37,1,99.900578,2380,2440,2380,60,2.4590,LOCAL_BEST,0,123,7,53,1,35,3,0,200000.0000,0.0000,0,0,0,0,0,0
n012w8-0,n012w8,0,5,500000,100.0,adaptive,2026-07-04T12:09:41+01:00,4,1,35,43,1,99.884017,2185,2380,2185,195,8.1933,GLOBAL_BEST,0,123,7,76,4,36,6,0,325000.0000,0.0000,0,0,0,0,0,0
n012w8-0,n012w8,0,5,500000,100.0,adaptive,2026-07-04T12:09:41+01:00,4,1,35,44,1,99.881257,2095,2185,2095,90,4.1190,GLOBAL_BEST,0,123,7,76,4,37,1,0,900000.0000,0.0000,0,0,0,0,0,0
n012w8-0,n012w8,0,5,500000,100.0,adaptive,2026-07-04T12:09:41+01:00,4,2,35,56,1,0.000000,2355,2415,2355,60,2.4845,LOCAL_BEST,0,123,0,129,0,38,12,0,50000.0000,0.0000,0,0,0,0,0,0
n012w8-0,n012w8,0,5,500000,100.0,adaptive,2026-07-04T12:09:41+01:00,4,1,35,56,1,99.848145,2050,2095,2050,45,2.1480,GLOBAL_BEST,0,123,11,100,5,39,0,0,0.0000,0.0000,0,0,0,0,0,0
n012w8-0,n012w8,0,5,500000,100.0,adaptive,2026-07-04T12:09:41+01:00,4,2,35,57,1,0.000000,2340,2355,2340,15,0.6369,LOCAL_BEST,0,123,0,131,0,40,1,0,150000.0000,0.0000,0,0,0,0,0,0
n012w8-0,n012w8,0,5,500000,100.0,adaptive,2026-07-04T12:09:41+01:00,4,1,35,57,1,99.845386,1990,2050,1990,60,2.9268,GLOBAL_BEST,0,123,11,102,5,41,0,0,0.0000,0.0000,0,0,0,0,0,0
n012w8-0,n012w8,0,5,500000,100.0,adaptive,2026-07-04T12:09:41+01:00,4,2,35,59,1,0.000000,2205,2340,2205,135,5.7692,LOCAL_BEST,0,123,0,138,0,42,2,0,675000.0000,0.0000,0,0,0,0,0,0
n012w8-0,n012w8,0,5,500000,100.0,adaptive,2026-07-04T12:09:41+01:00,4,1,35,62,1,99.831593,1930,1990,1930,60,3.0151,GLOBAL_BEST,0,123,12,112,5,43,3,0,200000.0000,0.0000,0,0,0,0,0,0
n012w8-0,n012w8,0,5,500000,100.0,adaptive,2026-07-04T12:09:41+01:00,4,3,35,62,1,0.000000,2280,2295,2280,15,0.6536,LOCAL_BEST,0,123,17,102,2,44,0,0,0.0000,0.0000,0,0,0,0,0,0
n012w8-0,n012w8,0,5,500000,100.0,adaptive,2026-07-04T12:09:41+01:00,4,5,35,62,52,0.000000,525,585,525,60,10.2564,LOCAL_BEST,1,123,0,76,50,45,0,51,0.0000,1176.4706,0,0,0,0,0,0
n012w8-0,n012w8,0,5,500000,100.0,adaptive,2026-07-04T12:09:41+01:00,4,5,35,63,52,0.000000,510,525,510,15,2.8571,LOCAL_BEST,1,123,0,79,50,46,1,0,150000.0000,0.0000,0,0,0,0,0,0
n012w8-0,n012w8,0,5,500000,100.0,adaptive,2026-07-04T12:09:41+01:00,4,3,35,65,1,0.000000,2250,2280,2250,30,1.3158,LOCAL_BEST,0,123,17,109,2,47,2,-51,150000.0000,0.0000,0,0,0,0,0,0
n012w8-0,n012w8,0,5,500000,100.0,adaptive,2026-07-04T12:09:41+01:00,4,3,35,68,1,0.000000,2160,2250,2160,90,4.0000,LOCAL_BEST,0,123,18,114,2,48,3,0,300000.0000,0.0000,0,0,0,0,0,0
n012w8-0,n012w8,0,5,500000,100.0,adaptive,2026-07-04T12:09:41+01:00,4,2,35,70,1,0.000000,2100,2205,2100,105,4.7619,LOCAL_BEST,0,123,0,172,0,49,2,0,525000.0000,0.0000,0,0,0,0,0,0
n012w8-0,n012w8,0,5,500000,100.0,adaptive,2026-07-04T12:09:41+01:00,4,3,35,75,1,0.000000,2130,2160,2130,30,1.3889,LOCAL_BEST,0,123,22,129,2,50,5,0,60000.0000,0.0000,0,0,0,0,0,0
n012w8-0,n012w8,0,5,500000,100.0,adaptive,2026-07-04T12:09:41+01:00,4,1,35,81,1,99.779196,1780,1930,1780,150,7.7720,GLOBAL_BEST,0,123,18,148,11,51,6,0,250000.0000,0.0000,0,0,0,0,0,0
n012w8-0,n012w8,0,5,500000,100.0,adaptive,2026-07-04T12:09:41+01:00,4,1,35,82,1,99.776439,1540,1780,1540,240,13.4831,GLOBAL_BEST,0,123,18,155,11,52,1,0,2400000.0000,0.0000,0,0,0,0,0,0
n012w8-0,n012w8,0,5,500000,100.0,adaptive,2026-07-04T12:09:41+01:00,4,3,35,88,1,0.000000,2040,2130,2040,90,4.2254,LOCAL_BEST,0,123,26,146,2,53,6,0,150000.0000,0.0000,0,0,0,0,0,0
n012w8-0,n012w8,0,5,500000,100.0,adaptive,2026-07-04T12:09:41+01:00,4,1,35,90,1,99.754386,1495,1540,1495,45,2.9221,GLOBAL_BEST,0,123,18,168,15,54,2,0,225000.0000,0.0000,0,0,0,0,0,0
n012w8-0,n012w8,0,5,500000,100.0,adaptive,2026-07-04T12:09:41+01:00,4,1,35,91,1,99.751630,1375,1495,1375,120,8.0268,GLOBAL_BEST,0,123,18,173,15,55,1,0,1200000.0000,0.0000,0,0,0,0,0,0
n012w8-0,n012w8,0,5,500000,100.0,adaptive,2026-07-04T12:09:41+01:00,4,8,35,97,94,0.000000,240,255,240,15,5.8824,GLOBAL_BEST,3,123,0,144,84,56,6,93,25000.0000,161.2903,0,0,0,0,0,0
n012w8-0,n012w8,0,5,500000,100.0,adaptive,2026-07-04T12:09:41+01:00,4,2,35,126,1,0.000000,2070,2100,2070,30,1.4286,LOCAL_BEST,0,123,0,276,0,57,29,-93,10344.8276,0.0000,0,0,0,0,0,0
n012w8-0,n012w8,0,5,500000,100.0,adaptive,2026-07-04T12:09:41+01:00,4,2,35,135,1,0.000000,1965,2070,1965,105,5.0725,LOCAL_BEST,0,123,0,300,0,58,9,0,116666.6667,0.0000,0,0,0,0,0,0
n012w8-0,n012w8,0,5,500000,100.0,adaptive,2026-07-04T12:09:41+01:00,4,2,35,140,1,0.000000,1875,1965,1875,90,4.5802,LOCAL_BEST,0,123,0,305,0,59,5,0,180000.0000,0.0000,0,0,0,0,0,0
n012w8-0,n012w8,0,5,500000,100.0,adaptive,2026-07-04T12:09:41+01:00,4,2,35,146,1,0.000000,1860,1875,1860,15,0.8000,LOCAL_BEST,0,123,0,309,0,60,6,0,25000.0000,0.0000,0,0,0,0,0,0
n012w8-0,n012w8,0,5,500000,100.0,adaptive,2026-07-04T12:09:41+01:00,4,2,35,147,1,0.000000,1680,1860,1680,180,9.6774,LOCAL_BEST,0,123,0,311,0,61,1,0,1800000.0000,0.0000,0,0,0,0,0,0
n012w8-0,n012w8,0,5,500000,100.0,adaptive,2026-07-04T12:09:41+01:00,4,2,35,148,1,0.000000,1650,1680,1650,30,1.7857,LOCAL_BEST,0,123,0,314,0,62,1,0,300000.0000,0.0000,0,0,0,0,0,0
n012w8-0,n012w8,0,5,500000,100.0,adaptive,2026-07-04T12:09:41+01:00,4,3,35,148,1,0.000000,1990,2040,1990,50,2.4510,LOCAL_BEST,0,123,48,229,3,63,0,0,0.0000,0.0000,0,0,0,0,0,0
n012w8-0,n012w8,0,5,500000,100.0,adaptive,2026-07-04T12:09:41+01:00,4,3,35,160,1,0.000000,1900,1990,1900,90,4.5226,LOCAL_BEST,0,123,52,257,3,64,12,0,75000.0000,0.0000,0,0,0,0,0,0
n012w8-0,n012w8,0,5,500000,100.0,adaptive,2026-07-04T12:09:41+01:00,4,3,35,161,1,0.000000,1690,1900,1690,210,11.0526,LOCAL_BEST,0,123,52,260,3,65,1,0,2100000.0000,0.0000,0,0,0,0,0,0
n012w8-0,n012w8,0,5,500000,100.0,adaptive,2026-07-04T12:09:41+01:00,4,3,35,162,1,0.000000,1570,1690,1570,120,7.1006,LOCAL_BEST,0,123,52,260,3,66,1,0,1200000.0000,0.0000,0,0,0,0,0,0
n012w8-0,n012w8,0,5,500000,100.0,adaptive,2026-07-04T12:09:41+01:00,4,3,35,164,1,0.000000,1525,1570,1525,45,2.8662,LOCAL_BEST,0,123,53,262,3,67,2,0,225000.0000,0.0000,0,0,0,0,0,0
n012w8-0,n012w8,0,5,500000,100.0,adaptive,2026-07-04T12:09:41+01:00,4,3,35,167,1,0.000000,1495,1525,1495,30,1.9672,LOCAL_BEST,0,123,54,270,4,68,3,0,100000.0000,0.0000,0,0,0,0,0,0
n012w8-0,n012w8,0,5,500000,100.0,adaptive,2026-07-04T12:09:41+01:00,4,3,35,171,1,0.000000,1465,1495,1465,30,2.0067,LOCAL_BEST,0,123,55,273,4,69,4,0,75000.0000,0.0000,0,0,0,0,0,0
n012w8-0,n012w8,0,5,500000,100.0,adaptive,2026-07-04T12:09:41+01:00,4,3,35,172,1,0.000000,1180,1465,1180,285,19.4539,GLOBAL_BEST,0,123,55,273,4,70,1,0,2850000.0000,0.0000,0,0,0,0,0,0
n012w8-0,n012w8,0,5,500000,100.0,adaptive,2026-07-04T12:09:41+01:00,4,3,35,174,1,0.000000,1150,1180,1150,30,2.5424,GLOBAL_BEST,0,123,55,275,4,71,2,0,150000.0000,0.0000,0,0,0,0,0,0
n012w8-0,n012w8,0,5,500000,100.0,adaptive,2026-07-04T12:09:41+01:00,4,2,35,411,1,0.000000,1620,1650,1620,30,1.8182,LOCAL_BEST,0,123,0,784,0,72,237,0,1265.8228,0.0000,0,0,0,0,0,0
n012w8-0,n012w8,0,5,500000,100.0,adaptive,2026-07-04T12:09:41+01:00,4,1,35,478,1,98.690648,1335,1375,1335,40,2.9091,LOCAL_BEST,0,123,121,856,135,73,67,0,5970.1493,0.0000,0,0,0,0,0,0
n012w8-0,n012w8,0,5,500000,100.0,adaptive,2026-07-04T12:09:41+01:00,4,1,35,480,1,98.685194,1320,1335,1320,15,1.1236,LOCAL_BEST,0,123,121,856,136,74,2,0,75000.0000,0.0000,0,0,0,0,0,0
n012w8-0,n012w8,0,5,500000,100.0,adaptive,2026-07-04T12:09:41+01:00,4,2,35,539,1,0.000000,1545,1620,1545,75,4.6296,LOCAL_BEST,0,123,0,1042,0,75,59,0,12711.8644,0.0000,0,0,0,0,0,0
n012w8-0,n012w8,0,5,500000,100.0,adaptive,2026-07-04T12:09:41+01:00,4,1,35,608,1,98.336784,1260,1320,1260,60,4.5455,LOCAL_BEST,0,123,153,1090,177,76,69,0,8695.6522,0.0000,0,0,0,0,0,0
n012w8-0,n012w8,0,5,500000,100.0,adaptive,2026-07-04T12:09:41+01:00,4,1,35,627,1,98.285172,1225,1260,1225,35,2.7778,LOCAL_BEST,0,123,160,1113,181,77,19,0,18421.0526,0.0000,0,0,0,0,0,0
n012w8-0,n012w8,0,5,500000,100.0,adaptive,2026-07-04T12:09:41+01:00,4,1,35,680,2,98.141344,1150,1225,1150,75,6.1224,LOCAL_BEST,0,123,175,1208,194,78,53,1,14150.9434,75000.0000,0,0,0,0,0,0
n012w8-0,n012w8,0,5,500000,100.0,adaptive,2026-07-04T12:09:41+01:00,4,1,35,685,2,98.127786,1060,1150,1060,90,7.8261,GLOBAL_BEST,0,123,177,1217,196,79,5,0,180000.0000,0.0000,0,0,0,0,0,0
n012w8-0,n012w8,0,5,500000,100.0,adaptive,2026-07-04T12:09:41+01:00,4,1,35,703,2,98.078993,955,1060,955,105,9.9057,GLOBAL_BEST,0,123,181,1246,206,80,18,0,58333.3333,0.0000,0,0,0,0,0,0
n012w8-0,n012w8,0,5,500000,100.0,adaptive,2026-07-04T12:09:41+01:00,4,1,35,708,2,98.065444,910,955,910,45,4.7120,GLOBAL_BEST,0,123,181,1253,209,81,5,0,90000.0000,0.0000,0,0,0,0,0,0
n012w8-0,n012w8,0,5,500000,100.0,adaptive,2026-07-04T12:09:41+01:00,4,2,35,731,2,0.000000,1390,1545,1390,155,10.0324,LOCAL_BEST,0,123,0,1374,0,82,23,0,67391.3043,0.0000,0,0,0,0,0,0
n012w8-0,n012w8,0,5,500000,100.0,adaptive,2026-07-04T12:09:41+01:00,4,8,35,867,96,0.000000,225,240,225,15,6.2500,LOCAL_BEST,3,123,0,1351,798,83,136,94,1102.9412,159.5745,0,0,0,0,0,0
n012w8-0,n012w8,0,5,500000,100.0,adaptive,2026-07-04T12:09:41+01:00,4,1,35,894,2,97.562743,900,910,900,10,1.0989,GLOBAL_BEST,0,123,221,1527,291,84,27,-94,3703.7037,0.0000,0,0,0,0,0,0
n012w8-0,n012w8,0,5,500000,100.0,adaptive,2026-07-04T12:09:41+01:00,4,1,35,901,2,97.543874,870,900,870,30,3.3333,GLOBAL_BEST,0,123,224,1529,294,85,7,0,42857.1429,0.0000,0,0,0,0,0,0
n012w8-0,n012w8,0,5,500000,100.0,adaptive,2026-07-04T12:09:41+01:00,4,1,35,902,2,97.541179,855,870,855,15,1.7241,GLOBAL_BEST,0,123,224,1532,294,86,1,0,150000.0000,0.0000,0,0,0,0,0,0
n012w8-0,n012w8,0,5,500000,100.0,adaptive,2026-07-04T12:09:41+01:00,4,1,35,905,2,97.533094,825,855,825,30,3.5088,GLOBAL_BEST,0,123,225,1534,295,87,3,0,100000.0000,0.0000,0,0,0,0,0,0
n012w8-0,n012w8,0,5,500000,100.0,adaptive,2026-07-04T12:09:41+01:00,4,5,35,1039,54,0.000000,480,510,480,30,5.8824,LOCAL_BEST,1,123,0,1612,843,88,134,52,2238.8060,576.9231,0,0,0,0,0,0
n012w8-0,n012w8,0,5,500000,100.0,adaptive,2026-07-04T12:09:41+01:00,4,2,35,1162,2,0.000000,1335,1390,1335,55,3.9568,LOCAL_BEST,0,123,0,2200,30,89,123,-52,4471.5447,0.0000,0,0,0,0,0,0
n012w8-0,n012w8,0,5,500000,100.0,adaptive,2026-07-04T12:09:41+01:00,4,5,35,1413,55,0.000000,465,480,465,15,3.1250,LOCAL_BEST,1,123,0,2177,1132,90,251,53,597.6096,283.0189,0,0,0,0,0,0
n012w8-0,n012w8,0,5,500000,100.0,adaptive,2026-07-04T12:09:41+01:00,4,5,35,2470,56,0.000000,450,465,450,15,3.2258,GLOBAL_BEST,1,123,0,4002,1976,91,1057,1,141.9111,15000.0000,0,0,0,0,0,0
n012w8-0,n012w8,0,5,500000,100.0,adaptive,2026-07-04T12:09:41+01:00,4,5,35,3017,57,0.000000,435,450,435,15,3.3333,GLOBAL_BEST,1,123,0,4878,2401,92,547,1,274.2230,15000.0000,0,0,0,0,0,0
n012w8-0,n012w8,0,5,500000,100.0,adaptive,2026-07-04T12:09:41+01:00,4,2,35,3278,5,0.000000,1200,1335,1200,135,10.1124,LOCAL_BEST,0,123,0,6091,448,93,261,-52,5172.4138,0.0000,0,0,0,0,0,0
n012w8-0,n012w8,0,5,500000,100.0,adaptive,2026-07-04T12:09:41+01:00,4,2,35,4584,7,0.000000,1135,1200,1135,65,5.4167,LOCAL_BEST,0,123,0,8493,797,94,1306,2,497.7029,32500.0000,0,0,0,0,0,0
n012w8-0,n012w8,0,5,500000,100.0,adaptive,2026-07-04T12:09:41+01:00,4,2,35,6480,10,0.000000,1110,1135,1110,25,2.2026,LOCAL_BEST,0,123,0,11881,1410,95,1896,3,131.8565,8333.3333,0,0,0,0,0,0
n012w8-0,n012w8,0,5,500000,100.0,adaptive,2026-07-04T12:09:41+01:00,4,2,35,7962,12,0.000000,1090,1110,1090,20,1.8018,LOCAL_BEST,0,123,0,14336,2003,96,1482,2,134.9528,10000.0000,0,0,0,0,0,0
n012w8-0,n012w8,0,5,500000,100.0,adaptive,2026-07-04T12:09:41+01:00,4,2,35,7963,12,0.000000,1075,1090,1075,15,1.3761,LOCAL_BEST,0,123,0,14336,2003,97,1,0,150000.0000,0.0000,0,0,0,0,0,0
n012w8-0,n012w8,0,5,500000,100.0,adaptive,2026-07-04T12:09:41+01:00,4,2,35,8566,13,0.000000,1065,1075,1065,10,0.9302,LOCAL_BEST,0,123,0,15397,2241,98,603,1,165.8375,10000.0000,0,0,0,0,0,0
n012w8-0,n012w8,0,5,500000,100.0,adaptive,2026-07-04T12:09:41+01:00,4,2,35,8601,13,0.000000,990,1065,990,75,7.0423,LOCAL_BEST,0,123,0,15465,2257,99,35,0,21428.5714,0.0000,0,0,0,0,0,0
n012w8-0,n012w8,0,5,500000,100.0,adaptive,2026-07-04T12:09:41+01:00,4,5,35,9488,65,0.000000,390,435,390,45,10.3448,GLOBAL_BEST,1,123,0,14937,7751,100,887,52,507.3281,865.3846,0,0,0,0,0,0
n012w8-0,n012w8,0,5,500000,100.0,adaptive,2026-07-04T12:09:41+01:00,4,5,35,9554,65,0.000000,375,390,375,15,3.8462,GLOBAL_BEST,1,123,0,15052,7798,101,66,0,2272.7273,0.0000,0,0,0,0,0,0
n012w8-0,n012w8,0,5,500000,100.0,adaptive,2026-07-04T12:09:41+01:00,4,5,35,9768,65,0.000000,345,375,345,30,8.0000,GLOBAL_BEST,1,123,0,15420,7971,102,214,0,1401.8692,0.0000,0,0,0,0,0,0
n012w8-0,n012w8,0,5,500000,100.0,adaptive,2026-07-04T12:09:41+01:00,4,2,35,15444,23,0.000000,975,990,975,15,1.5152,LOCAL_BEST,0,123,0,27355,5596,103,5676,-42,26.4271,0.0000,0,0,0,0,0,0
n012w8-0,n012w8,0,5,500000,100.0,adaptive,2026-07-04T12:09:41+01:00,4,2,35,15446,23,0.000000,945,975,945,30,3.0769,LOCAL_BEST,0,123,0,27355,5596,104,2,0,150000.0000,0.0000,0,0,0,0,0,0
n012w8-0,n012w8,0,5,500000,100.0,adaptive,2026-07-04T12:09:41+01:00,4,2,35,15914,24,0.000000,915,945,915,30,3.1746,LOCAL_BEST,0,123,0,28191,5836,105,468,1,641.0256,30000.0000,0,0,0,0,0,0
n012w8-0,n012w8,0,5,500000,100.0,adaptive,2026-07-04T12:09:41+01:00,4,1,35,16762,24,62.931488,820,825,820,5,0.6061,GLOBAL_BEST,0,123,3653,29507,6776,106,848,0,58.9623,0.0000,0,0,0,0,0,0
n012w8-0,n012w8,0,5,500000,100.0,adaptive,2026-07-04T12:09:41+01:00,4,2,35,17560,25,0.000000,900,915,900,15,1.6393,LOCAL_BEST,0,123,0,31079,6787,107,798,1,187.9699,15000.0000,0,0,0,0,0,0
n012w8-0,n012w8,0,5,500000,100.0,adaptive,2026-07-04T12:09:41+01:00,4,8,35,18353,119,0.000000,210,225,210,15,6.6667,LOCAL_BEST,3,123,0,28278,17176,108,793,94,189.1551,159.5745,0,0,0,0,0,0
n012w8-0,n012w8,0,5,500000,100.0,adaptive,2026-07-04T12:09:41+01:00,4,2,35,19373,28,0.000000,885,900,885,15,1.6667,LOCAL_BEST,0,123,0,34246,7844,109,1020,-91,147.0588,0.0000,0,0,0,0,0,0
n012w8-0,n012w8,0,5,500000,100.0,adaptive,2026-07-04T12:09:41+01:00,4,2,35,20326,30,0.000000,840,885,840,45,5.0847,LOCAL_BEST,0,123,0,35861,8412,110,953,2,472.1931,22500.0000,0,0,0,0,0,0
n012w8-0,n012w8,0,5,500000,100.0,adaptive,2026-07-04T12:09:41+01:00,4,2,35,20332,30,0.000000,795,840,795,45,5.3571,GLOBAL_BEST,0,123,0,35869,8413,111,6,0,75000.0000,0.0000,0,0,0,0,0,0
n012w8-0,n012w8,0,5,500000,100.0,adaptive,2026-07-04T12:09:41+01:00,4,2,35,20371,30,0.000000,780,795,780,15,1.8868,GLOBAL_BEST,0,123,0,35941,8438,112,39,0,3846.1538,0.0000,0,0,0,0,0,0
n012w8-0,n012w8,0,5,500000,100.0,adaptive,2026-07-04T12:09:41+01:00,4,1,35,21775,31,54.791350,815,820,815,5,0.6098,LOCAL_BEST,0,123,4535,38150,9315,113,1404,1,35.6125,5000.0000,0,0,0,0,0,0
n012w8-0,n012w8,0,5,500000,100.0,adaptive,2026-07-04T12:09:41+01:00,4,1,35,21792,31,54.765619,800,815,800,15,1.8405,LOCAL_BEST,0,123,4536,38185,9327,114,17,0,8823.5294,0.0000,0,0,0,0,0,0
n012w8-0,n012w8,0,5,500000,100.0,adaptive,2026-07-04T12:09:41+01:00,4,1,35,21794,31,54.762593,785,800,785,15,1.8750,LOCAL_BEST,0,123,4536,38190,9327,115,2,0,75000.0000,0.0000,0,0,0,0,0,0
n012w8-0,n012w8,0,5,500000,100.0,adaptive,2026-07-04T12:09:41+01:00,4,1,35,21800,31,54.753514,755,785,755,30,3.8217,GLOBAL_BEST,0,123,4536,38195,9331,116,6,0,50000.0000,0.0000,0,0,0,0,0,0
n012w8-0,n012w8,0,5,500000,100.0,adaptive,2026-07-04T12:09:41+01:00,4,1,35,21806,31,54.744438,740,755,740,15,1.9868,GLOBAL_BEST,0,123,4536,38203,9335,117,6,0,25000.0000,0.0000,0,0,0,0,0,0
n012w8-0,n012w8,0,5,500000,100.0,adaptive,2026-07-04T12:09:41+01:00,4,1,35,21807,31,54.742925,725,740,725,15,2.0270,GLOBAL_BEST,0,123,4536,38203,9335,118,1,0,150000.0000,0.0000,0,0,0,0,0,0
n012w8-0,n012w8,0,5,500000,100.0,adaptive,2026-07-04T12:09:41+01:00,4,1,35,21814,31,54.732338,710,725,710,15,2.0690,GLOBAL_BEST,0,123,4536,38216,9341,119,7,0,21428.5714,0.0000,0,0,0,0,0,0
n012w8-0,n012w8,0,5,500000,100.0,adaptive,2026-07-04T12:09:41+01:00,4,1,35,23056,34,52.885912,640,710,640,70,9.8592,GLOBAL_BEST,0,123,4728,40250,10026,120,1242,3,563.6071,23333.3333,0,0,0,0,0,0
n012w8-0,n012w8,0,5,500000,100.0,adaptive,2026-07-04T12:09:41+01:00,4,2,35,26400,38,0.000000,750,780,750,30,3.8462,LOCAL_BEST,0,123,0,46021,12208,121,3344,4,89.7129,7500.0000,0,0,0,0,0,0
n012w8-0,n012w8,0,5,500000,100.0,adaptive,2026-07-04T12:09:41+01:00,4,4,35,28304,94,45.747145,555,570,555,15,2.6316,LOCAL_BEST,1,123,5394,48721,13039,122,1904,56,78.7815,267.8571,0,0,0,0,0,0
n012w8-0,n012w8,0,5,500000,100.0,adaptive,2026-07-04T12:09:41+01:00,4,4,35,28364,94,45.671366,540,555,540,15,2.7027,LOCAL_BEST,1,123,5399,48778,13084,123,60,0,2500.0000,0.0000,0,0,0,0,0,0
n012w8-0,n012w8,0,5,500000,100.0,adaptive,2026-07-04T12:09:41+01:00,4,5,35,28531,89,0.000000,285,345,285,60,17.3913,LOCAL_BEST,1,123,0,44644,24013,124,167,-5,3592.8144,0.0000,0,0,0,0,0,0
n012w8-0,n012w8,0,5,500000,100.0,adaptive,2026-07-04T12:09:41+01:00,4,2,35,29354,42,0.000000,730,750,730,20,2.6667,LOCAL_BEST,0,123,0,50916,14160,125,823,-47,243.0134,0.0000,0,0,0,0,0,0
n012w8-0,n012w8,0,5,500000,100.0,adaptive,2026-07-04T12:09:41+01:00,4,2,35,30299,44,0.000000,690,730,690,40,5.4795,LOCAL_BEST,0,123,0,52493,14766,126,945,2,423.2804,20000.0000,0,0,0,0,0,0
n012w8-0,n012w8,0,5,500000,100.0,adaptive,2026-07-04T12:09:41+01:00,4,2,35,30600,44,0.000000,660,690,660,30,4.3478,LOCAL_BEST,0,123,0,52965,14978,127,301,0,996.6777,0.0000,0,0,0,0,0,0
n012w8-0,n012w8,0,5,500000,100.0,adaptive,2026-07-04T12:09:41+01:00,4,2,35,34621,50,0.000000,645,660,645,15,2.2727,LOCAL_BEST,0,123,0,59492,17807,128,4021,6,37.3042,2500.0000,0,0,0,0,0,0
n012w8-0,n012w8,0,5,500000,100.0,adaptive,2026-07-04T12:09:41+01:00,4,1,35,36250,52,36.729245,615,640,615,25,3.9062,GLOBAL_BEST,0,123,6450,62324,18049,129,1629,2,153.4684,12500.0000,0,0,0,0,0,0
n012w8-0,n012w8,0,5,500000,100.0,adaptive,2026-07-04T12:09:41+01:00,4,1,35,36261,52,36.718083,555,615,555,60,9.7561,GLOBAL_BEST,0,123,6450,62345,18058,130,11,0,54545.4545,0.0000,0,0,0,0,0,0
n012w8-0,n012w8,0,5,500000,100.0,adaptive,2026-07-04T12:09:41+01:00,4,1,35,36297,52,36.681577,540,555,540,15,2.7027,GLOBAL_BEST,0,123,6453,62409,18083,131,36,0,4166.6667,0.0000,0,0,0,0,0,0
n012w8-0,n012w8,0,5,500000,100.0,adaptive,2026-07-04T12:09:41+01:00,4,1,35,36306,52,36.672456,510,540,510,30,5.5556,GLOBAL_BEST,0,123,6454,62426,18088,132,9,0,33333.3333,0.0000,0,0,0,0,0,0
n012w8-0,n012w8,0,5,500000,100.0,adaptive,2026-07-04T12:09:41+01:00,4,4,35,36605,110,36.370729,525,540,525,15,2.7778,LOCAL_BEST,1,123,6431,62444,18262,133,299,58,501.6722,258.6207,0,0,0,0,0,0
n012w8-0,n012w8,0,5,500000,100.0,adaptive,2026-07-04T12:09:41+01:00,4,1,35,36721,53,36.254340,480,510,480,30,5.8824,GLOBAL_BEST,0,123,6487,63089,18379,134,116,-57,2586.2069,0.0000,0,0,0,0,0,0
n012w8-0,n012w8,0,5,500000,100.0,adaptive,2026-07-04T12:09:41+01:00,4,1,35,36732,53,36.243322,465,480,465,15,3.1250,GLOBAL_BEST,0,123,6487,63103,18387,135,11,0,13636.3636,0.0000,0,0,0,0,0,0
n012w8-0,n012w8,0,5,500000,100.0,adaptive,2026-07-04T12:09:41+01:00,4,2,35,37692,55,0.000000,630,645,630,15,2.3256,LOCAL_BEST,0,123,0,64450,20009,136,960,2,156.2500,7500.0000,0,0,0,0,0,0
n012w8-0,n012w8,0,5,500000,100.0,adaptive,2026-07-04T12:09:41+01:00,4,4,35,39120,113,33.929073,505,525,505,20,3.8095,LOCAL_BEST,1,123,6666,66678,20032,137,1428,58,140.0560,344.8276,0,0,0,0,0,0
n012w8-0,n012w8,0,5,500000,100.0,adaptive,2026-07-04T12:09:41+01:00,4,4,35,39224,113,33.831714,495,505,495,10,1.9802,LOCAL_BEST,1,123,6673,66869,20113,138,104,0,961.5385,0.0000,0,0,0,0,0,0
n012w8-0,n012w8,0,5,500000,100.0,adaptive,2026-07-04T12:09:41+01:00,4,4,35,39226,113,33.829844,480,495,480,15,3.0303,LOCAL_BEST,1,123,6673,66873,20114,139,2,0,75000.0000,0.0000,0,0,0,0,0,0
n012w8-0,n012w8,0,5,500000,100.0,adaptive,2026-07-04T12:09:41+01:00,4,4,35,39230,113,33.826106,420,480,420,60,12.5000,LOCAL_BEST,1,123,6673,66879,20116,140,4,0,150000.0000,0.0000,0,0,0,0,0,0
n012w8-0,n012w8,0,5,500000,100.0,adaptive,2026-07-04T12:09:41+01:00,4,2,35,40631,59,0.000000,585,630,585,45,7.1429,LOCAL_BEST,0,123,0,69466,22199,141,1401,-54,321.1991,0.0000,0,0,0,0,0,0
n012w8-0,n012w8,0,5,500000,100.0,adaptive,2026-07-04T12:09:41+01:00,4,2,35,40633,59,0.000000,510,585,510,75,12.8205,LOCAL_BEST,0,123,0,69474,22199,142,2,0,375000.0000,0.0000,0,0,0,0,0,0
n012w8-0,n012w8,0,5,500000,100.0,adaptive,2026-07-04T12:09:41+01:00,4,2,35,46502,67,0.000000,465,510,465,45,8.8235,LOCAL_BEST,0,123,0,78940,26494,143,5869,8,76.6741,5625.0000,0,0,0,0,0,0
n012w8-0,n012w8,0,5,500000,100.0,adaptive,2026-07-04T12:09:41+01:00,4,1,35,46512,66,27.661008,450,465,450,15,3.2258,LOCAL_BEST,0,123,7302,79093,25375,144,10,-1,15000.0000,0.0000,0,0,0,0,0,0
n012w8-0,n012w8,0,5,500000,100.0,adaptive,2026-07-04T12:09:41+01:00,4,1,35,46636,67,27.566397,435,450,435,15,3.3333,LOCAL_BEST,0,123,7312,79257,25477,145,124,1,1209.6774,15000.0000,0,0,0,0,0,0
n012w8-0,n012w8,0,5,500000,100.0,adaptive,2026-07-04T12:09:41+01:00,4,4,35,47186,124,27.150636,375,420,375,45,10.7143,LOCAL_BEST,1,123,7336,79766,25956,146,550,57,818.1818,789.4737,0,0,0,0,0,0
n012w8-0,n012w8,0,5,500000,100.0,adaptive,2026-07-04T12:09:41+01:00,4,1,35,48586,69,26.120411,420,435,420,15,3.4483,LOCAL_BEST,0,123,7443,82668,26988,147,1400,-55,107.1429,0.0000,0,0,0,0,0,0
n012w8-0,n012w8,0,5,500000,100.0,adaptive,2026-07-04T12:09:41+01:00,4,1,35,48606,69,26.105980,405,420,405,15,3.5714,LOCAL_BEST,0,123,7445,82694,27004,148,20,0,7500.0000,0.0000,0,0,0,0,0,0
n012w8-0,n012w8,0,5,500000,100.0,adaptive,2026-07-04T12:09:41+01:00,4,1,35,50489,72,24.782436,390,405,390,15,3.7037,LOCAL_BEST,0,123,7553,85522,28563,149,1883,3,79.6601,5000.0000,0,0,0,0,0,0
n012w8-0,n012w8,0,5,500000,100.0,adaptive,2026-07-04T12:09:41+01:00,4,7,35,51999,173,23.769716,240,255,240,15,5.8824,LOCAL_BEST,2,123,7565,87492,29933,150,1510,101,99.3377,148.5149,0,0,0,0,0,0
n012w8-0,n012w8,0,5,500000,100.0,adaptive,2026-07-04T12:09:41+01:00,4,1,35,52408,74,23.502605,345,390,345,45,11.5385,LOCAL_BEST,0,123,7672,88532,30070,151,409,-99,1100.2445,0.0000,0,0,0,0,0,0
n012w8-0,n012w8,0,5,500000,100.0,adaptive,2026-07-04T12:09:41+01:00,4,1,35,54692,77,22.065207,330,345,330,15,4.3478,GLOBAL_BEST,0,123,7796,92290,31911,152,2284,3,65.6743,5000.0000,0,0,0,0,0,0
n012w8-0,n012w8,0,5,500000,100.0,adaptive,2026-07-04T12:09:41+01:00,4,1,35,54705,77,22.057282,285,330,285,45,13.6364,GLOBAL_BEST,0,123,7796,92305,31923,153,13,0,34615.3846,0.0000,0,0,0,0,0,0
n012w8-0,n012w8,0,5,500000,100.0,adaptive,2026-07-04T12:09:41+01:00,4,4,35,55134,135,21.797365,330,375,330,45,12.0000,LOCAL_BEST,1,123,7795,92445,32248,154,429,58,1048.9510,775.8621,0,0,0,0,0,0
n012w8-0,n012w8,0,5,500000,100.0,adaptive,2026-07-04T12:09:41+01:00,4,1,35,57487,81,20.425279,270,285,270,15,5.2632,GLOBAL_BEST,0,123,7929,96498,34238,155,2353,-54,63.7484,0.0000,0,0,0,0,0,0
n012w8-0,n012w8,0,5,500000,100.0,adaptive,2026-07-04T12:09:41+01:00,4,5,35,58526,129,0.000000,255,285,255,30,10.5263,LOCAL_BEST,1,123,0,90490,50287,156,1039,48,288.7392,625.0000,0,0,0,0,0,0
n012w8-0,n012w8,0,5,500000,100.0,adaptive,2026-07-04T12:09:41+01:00,4,2,35,58565,84,0.000000,450,465,450,15,3.2258,LOCAL_BEST,0,123,0,98871,35861,157,39,-45,3846.1538,0.0000,0,0,0,0,0,0
n012w8-0,n012w8,0,5,500000,100.0,adaptive,2026-07-04T12:09:41+01:00,4,2,35,59473,84,0.000000,405,450,405,45,10.0000,LOCAL_BEST,0,123,0,100353,36544,158,908,0,495.5947,0.0000,0,0,0,0,0,0
n012w8-0,n012w8,0,5,500000,100.0,adaptive,2026-07-04T12:09:41+01:00,4,5,35,64601,142,0.000000,225,255,225,30,11.7647,LOCAL_BEST,1,123,0,99861,55619,159,5128,58,58.5023,517.2414,0,0,0,0,0,0
n012w8-0,n012w8,0,5,500000,100.0,adaptive,2026-07-04T12:09:41+01:00,4,1,35,66556,93,15.897909,255,270,255,15,5.5556,GLOBAL_BEST,0,123,8228,111305,42040,160,1955,-49,76.7263,0.0000,0,0,0,0,0,0
n012w8-0,n012w8,0,5,500000,100.0,adaptive,2026-07-04T12:09:41+01:00,4,1,35,67810,95,15.356491,240,255,240,15,5.8824,LOCAL_BEST,0,123,8260,113312,43149,161,1254,2,119.6172,7500.0000,0,0,0,0,0,0
n012w8-0,n012w8,0,5,500000,100.0,adaptive,2026-07-04T12:09:41+01:00,4,1,35,68024,95,15.265956,225,240,225,15,6.2500,GLOBAL_BEST,0,123,8261,113633,43341,162,214,0,700.9346,0.0000,0,0,0,0,0,0
n012w8-0,n012w8,0,5,500000,100.0,adaptive,2026-07-04T12:09:41+01:00,4,1,35,68026,95,15.265112,210,225,210,15,6.6667,GLOBAL_BEST,0,123,8261,113635,43342,163,2,0,75000.0000,0.0000,0,0,0,0,0,0
n012w8-0,n012w8,0,5,500000,100.0,adaptive,2026-07-04T12:09:41+01:00,4,1,35,68145,95,15.215002,195,210,195,15,7.1429,GLOBAL_BEST,0,123,8262,113833,43454,164,119,0,1260.5042,0.0000,0,0,0,0,0,0
n012w8-0,n012w8,0,5,500000,100.0,adaptive,2026-07-04T12:09:41+01:00,4,4,35,68158,156,15.209537,315,330,315,15,4.5455,LOCAL_BEST,1,123,8243,112670,43509,165,13,61,11538.4615,245.9016,0,0,0,0,0,0
n012w8-0,n012w8,0,5,500000,100.0,adaptive,2026-07-04T12:09:41+01:00,4,4,35,68180,156,15.200294,300,315,300,15,4.7619,LOCAL_BEST,1,123,8243,112694,43530,166,22,0,6818.1818,0.0000,0,0,0,0,0,0
n012w8-0,n012w8,0,5,500000,100.0,adaptive,2026-07-04T12:09:41+01:00,4,4,35,68323,156,15.140353,285,300,285,15,5.0000,LOCAL_BEST,1,123,8248,112921,43658,167,143,0,1048.9510,0.0000,0,0,0,0,0,0
n012w8-0,n012w8,0,5,500000,100.0,adaptive,2026-07-04T12:09:41+01:00,4,4,35,68680,156,14.991739,270,285,270,15,5.2632,LOCAL_BEST,1,123,8254,113371,43997,168,357,0,420.1681,0.0000,0,0,0,0,0,0
n012w8-0,n012w8,0,5,500000,100.0,adaptive,2026-07-04T12:09:41+01:00,4,4,35,68927,157,14.889770,240,270,240,30,11.1111,LOCAL_BEST,1,123,8259,113749,44227,169,247,1,1214.5749,30000.0000,0,0,0,0,0,0
n012w8-0,n012w8,0,5,500000,100.0,adaptive,2026-07-04T12:09:41+01:00,4,4,35,69205,157,14.775834,225,240,225,15,6.2500,LOCAL_BEST,1,123,8262,114148,44476,170,278,0,539.5683,0.0000,0,0,0,0,0,0
n012w8-0,n012w8,0,5,500000,100.0,adaptive,2026-07-04T12:09:41+01:00,4,2,35,69959,99,0.000000,390,405,390,15,3.7037,LOCAL_BEST,0,123,0,116591,45052,171,754,-58,198.9390,0.0000,0,0,0,0,0,0
n012w8-0,n012w8,0,5,500000,100.0,adaptive,2026-07-04T12:09:41+01:00,4,2,35,70003,99,0.000000,375,390,375,15,3.8462,LOCAL_BEST,0,123,0,116662,45086,172,44,0,3409.0909,0.0000,0,0,0,0,0,0
n012w8-0,n012w8,0,5,500000,100.0,adaptive,2026-07-04T12:09:41+01:00,4,7,35,73466,205,13.134695,225,240,225,15,6.2500,LOCAL_BEST,2,123,8251,121044,48399,173,3463,106,43.3150,141.5094,0,0,0,0,0,0
n012w8-0,n012w8,0,5,500000,100.0,adaptive,2026-07-04T12:09:41+01:00,4,1,35,75809,107,12.311302,180,195,180,15,7.6923,GLOBAL_BEST,0,123,8400,125537,50432,174,2343,-98,64.0205,0.0000,0,0,0,0,0,0
n012w8-0,n012w8,0,5,500000,100.0,adaptive,2026-07-04T12:09:41+01:00,4,7,35,77671,211,11.693917,210,225,210,15,6.6667,LOCAL_BEST,2,123,8308,127615,52261,175,1862,104,80.5585,144.2308,0,0,0,0,0,0
n012w8-0,n012w8,0,5,500000,100.0,adaptive,2026-07-04T12:09:41+01:00,4,1,35,77806,110,11.650378,165,180,165,15,8.3333,GLOBAL_BEST,0,123,8427,128448,52283,176,135,-101,1111.1111,0.0000,0,0,0,0,0,0
n012w8-0,n012w8,0,5,500000,100.0,adaptive,2026-07-04T12:09:41+01:00,4,7,35,77918,211,11.614379,195,210,195,15,7.1429,LOCAL_BEST,2,123,8309,127976,52493,177,112,101,1339.2857,148.5149,0,0,0,0,0,0
n012w8-0,n012w8,0,5,500000,100.0,adaptive,2026-07-04T12:09:41+01:00,4,7,35,82683,216,10.181599,180,195,180,15,7.6923,LOCAL_BEST,2,123,8349,135120,56995,178,4765,5,31.4795,3000.0000,0,0,0,0,0,0
n012w8-0,n012w8,0,5,500000,100.0,adaptive,2026-07-04T12:09:41+01:00,4,7,35,82686,216,10.180755,165,180,165,15,8.3333,LOCAL_BEST,2,123,8349,135121,56997,179,3,0,50000.0000,0.0000,0,0,0,0,0,0
n012w8-0,n012w8,0,5,500000,100.0,adaptive,2026-07-04T12:09:41+01:00,4,5,35,86356,173,0.000000,210,225,210,15,6.6667,LOCAL_BEST,1,123,0,133518,75102,180,3670,-43,40.8719,0.0000,0,0,0,0,0,0
n012w8-0,n012w8,0,5,500000,100.0,adaptive,2026-07-04T12:09:41+01:00,4,2,35,89331,127,0.000000,345,375,345,30,8.0000,LOCAL_BEST,0,123,0,146739,61185,181,2975,-46,100.8403,0.0000,0,0,0,0,0,0
n012w8-0,n012w8,0,5,500000,100.0,adaptive,2026-07-04T12:09:41+01:00,4,2,35,96617,136,0.000000,330,345,330,15,4.3478,LOCAL_BEST,0,123,0,158553,67451,182,7286,9,20.5874,1666.6667,0,0,0,0,0,0
n012w8-0,n012w8,0,5,500000,100.0,adaptive,2026-07-04T12:09:41+01:00,4,2,35,105772,149,0.000000,255,330,255,75,22.7273,LOCAL_BEST,0,123,0,172617,75257,183,9155,13,81.9224,5769.2308,0,0,0,0,0,0
n012w8-0,n012w8,0,5,500000,100.0,adaptive,2026-07-04T12:09:41+01:00,4,1,35,127806,173,2.926362,180,165,165,0,0.0000,REHEAT,0,123,8622,202408,100264,184,22034,24,0.0000,0.0000,0,0,0,0,0,0
n012w8-0,n012w8,0,5,500000,100.0,adaptive,2026-07-04T12:09:41+01:00,4,1,35,177806,244,25.118864,885,165,165,0,0.0000,REHEAT,0,123,16007,285734,128707,185,50000,71,0.0000,0.0000,0,0,0,0,0,0
n012w8-0,n012w8,0,5,500000,100.0,adaptive,2026-07-04T12:09:41+01:00,4,2,35,190622,257,0.000000,225,255,225,30,11.7647,LOCAL_BEST,0,123,0,301817,151059,186,12816,13,23.4082,2307.6923,0,0,0,0,0,0
n012w8-0,n012w8,0,5,500000,100.0,adaptive,2026-07-04T12:09:41+01:00,4,2,35,204144,274,0.000000,210,225,210,15,6.6667,LOCAL_BEST,0,123,0,323317,163119,187,13522,17,11.0930,882.3529,0,0,0,0,0,0
n012w8-0,n012w8,0,5,500000,100.0,adaptive,2026-07-04T12:09:41+01:00,4,5,35,211091,337,0.000000,195,210,195,15,7.1429,LOCAL_BEST,1,123,0,317075,190661,188,6947,63,21.5921,238.0952,0,0,0,0,0,0
n012w8-0,n012w8,0,5,500000,100.0,adaptive,2026-07-04T12:09:41+01:00,4,2,35,215013,287,0.000000,195,210,195,15,7.1429,LOCAL_BEST,0,123,0,339791,172932,189,3922,-50,38.2458,0.0000,0,0,0,0,0,0
n012w8-0,n012w8,0,5,500000,100.0,adaptive,2026-07-04T12:09:41+01:00,4,5,35,220844,349,0.000000,180,195,180,15,7.6923,LOCAL_BEST,1,123,0,332093,199694,190,5831,62,25.7246,241.9355,0,0,0,0,0,0
n012w8-0,n012w8,0,5,500000,100.0,adaptive,2026-07-04T12:09:41+01:00,4,1,35,227806,320,25.118864,735,165,165,0,0.0000,REHEAT,0,123,23281,369602,157514,191,6962,-29,0.0000,0.0000,0,0,0,0,0,0
n012w8-0,n012w8,0,5,500000,100.0,adaptive,2026-07-04T12:09:41+01:00,4,2,35,239150,323,0.000000,180,195,180,15,7.6923,LOCAL_BEST,0,123,0,376836,194521,192,11344,3,13.2228,5000.0000,0,0,0,0,0,0
n012w8-0,n012w8,0,5,500000,100.0,adaptive,2026-07-04T12:09:41+01:00,4,2,35,249412,337,0.000000,165,180,165,15,8.3333,LOCAL_BEST,0,123,0,392754,203813,193,10262,14,14.6170,1071.4286,0,0,0,0,0,0
n012w8-0,n012w8,0,5,500000,100.0,adaptive,2026-07-04T12:09:41+01:00,4,5,35,251754,389,0.000000,165,180,165,15,8.3333,LOCAL_BEST,1,123,0,378403,228509,194,2342,52,64.0478,288.4615,0,0,0,0,0,0
n012w8-0,n012w8,0,5,500000,100.0,adaptive,2026-07-04T12:09:41+01:00,4,1,35,277806,393,25.118864,625,165,165,0,0.0000,REHEAT,0,123,30648,453619,185867,195,26052,4,0.0000,0.0000,0,0,0,0,0,0
n012w8-0,n012w8,0,5,500000,100.0,adaptive,2026-07-04T12:09:41+01:00,4,1,35,327806,472,25.118864,735,165,165,0,0.0000,REHEAT,0,123,38166,539017,213953,196,50000,79,0.0000,0.0000,0,0,0,0,0,0
n012w8-0,n012w8,0,5,500000,100.0,adaptive,2026-07-04T12:09:41+01:00,4,2,35,365049,494,0.000000,150,165,150,15,9.0909,GLOBAL_BEST,0,123,0,575108,310077,197,37243,22,4.0276,681.8182,0,0,0,0,0,0
n012w8-0,n012w8,0,5,500000,100.0,adaptive,2026-07-04T12:09:41+01:00,4,2,35,370004,503,0.000000,135,150,135,15,10.0000,GLOBAL_BEST,0,123,0,582853,314610,198,4955,9,30.2725,1666.6667,0,0,0,0,0,0
n012w8-0,n012w8,0,5,500000,100.0,adaptive,2026-07-04T12:09:41+01:00,4,1,35,377806,554,25.118864,465,165,165,0,0.0000,REHEAT,0,123,45776,623093,241936,199,7802,51,0.0000,0.0000,0,0,0,0,0,0
n012w8-0,n012w8,0,5,500000,100.0,adaptive,2026-07-04T12:09:41+01:00,4,1,35,427806,642,25.118864,645,165,165,0,0.0000,REHEAT,0,123,53239,706828,270325,200,50000,88,0.0000,0.0000,0,0,0,0,0,0
n012w8-0,n012w8,0,5,500000,100.0,adaptive,2026-07-04T12:09:41+01:00,4,3,35,446958,745,0.000000,1080,1150,1080,70,6.0870,LOCAL_BEST,0,123,166993,829551,17852,201,19152,103,36.5497,679.6117,0,0,0,0,0,0
n012w8-0,n012w8,0,5,500000,100.0,adaptive,2026-07-04T12:09:41+01:00,4,1,35,477806,718,25.118864,685,165,165,0,0.0000,REHEAT,0,123,60709,791755,298518,202,30848,-27,0.0000,0.0000,0,0,0,0,0,0
n012w8-0,n012w8,0,5,500000,100.0,adaptive,2026-07-04T12:09:41+01:00,4,3,35,480838,795,0.000000,1060,1080,1060,20,1.8519,LOCAL_BEST,0,123,179699,892061,19231,203,3032,77,65.9631,259.7403,0,0,0,0,0,0
n012w8-0,n012w8,0,5,500000,100.0,adaptive,2026-07-04T12:09:41+01:00,5,1,48,1,0,100.000000,4210,4320,4210,110,2.5463,GLOBAL_BEST,0,777,0,0,0,1,1,0,1100000.0000,0.0000,0,0,0,0,0,0
n012w8-0,n012w8,0,5,500000,100.0,adaptive,2026-07-04T12:09:41+01:00,5,3,48,1,0,0.000000,4110,4320,4110,210,4.8611,GLOBAL_BEST,0,777,0,2,0,2,0,0,0.0000,0.0000,0,0,0,0,0,0
n012w8-0,n012w8,0,5,500000,100.0,adaptive,2026-07-04T12:09:41+01:00,5,2,48,2,0,0.000000,4110,4320,4110,210,4.8611,LOCAL_BEST,0,777,0,1,0,3,1,0,2100000.0000,0.0000,0,0,0,0,0,0
n012w8-0,n012w8,0,5,500000,100.0,adaptive,2026-07-04T12:09:41+01:00,5,1,48,3,0,99.994474,3940,4210,3940,270,6.4133,GLOBAL_BEST,0,777,0,5,0,4,1,0,2700000.0000,0.0000,0,0,0,0,0,0
n012w8-0,n012w8,0,5,500000,100.0,adaptive,2026-07-04T12:09:41+01:00,5,3,48,3,0,0.000000,3930,4110,3930,180,4.3796,GLOBAL_BEST,0,777,0,4,1,5,0,0,0.0000,0.0000,0,0,0,0,0,0
n012w8-0,n012w8,0,5,500000,100.0,adaptive,2026-07-04T12:09:41+01:00,5,2,48,3,0,0.000000,3935,4110,3935,175,4.2579,LOCAL_BEST,0,777,0,4,0,6,0,0,0.0000,0.0000,0,0,0,0,0,0
n012w8-0,n012w8,0,5,500000,100.0,adaptive,2026-07-04T12:09:41+01:00,5,1,48,4,0,99.991711,3670,3940,3670,270,6.8528,GLOBAL_BEST,0,777,0,5,0,7,1,0,2700000.0000,0.0000,0,0,0,0,0,0
n012w8-0,n012w8,0,5,500000,100.0,adaptive,2026-07-04T12:09:41+01:00,5,2,48,4,0,0.000000,3665,3935,3665,270,6.8615,LOCAL_BEST,0,777,0,6,0,8,0,0,0.0000,0.0000,0,0,0,0,0,0
n012w8-0,n012w8,0,5,500000,100.0,adaptive,2026-07-04T12:09:41+01:00,5,3,48,5,0,0.000000,3750,3930,3750,180,4.5802,LOCAL_BEST,0,777,0,6,1,9,1,0,1800000.0000,0.0000,0,0,0,0,0,0
n012w8-0,n012w8,0,5,500000,100.0,adaptive,2026-07-04T12:09:41+01:00,5,2,48,5,0,0.000000,3545,3665,3545,120,3.2742,LOCAL_BEST,0,777,0,9,0,10,0,0,0.0000,0.0000,0,0,0,0,0,0
n012w8-0,n012w8,0,5,500000,100.0,adaptive,2026-07-04T12:09:41+01:00,5,2,48,6,0,0.000000,3525,3545,3525,20,0.5642,LOCAL_BEST,0,777,0,9,0,11,1,0,200000.0000,0.0000,0,0,0,0,0,0
n012w8-0,n012w8,0,5,500000,100.0,adaptive,2026-07-04T12:09:41+01:00,5,1,48,7,0,99.983423,3505,3670,3505,165,4.4959,GLOBAL_BEST,0,777,0,13,0,12,1,0,1650000.0000,0.0000,0,0,0,0,0,0
n012w8-0,n012w8,0,5,500000,100.0,adaptive,2026-07-04T12:09:41+01:00,5,2,48,7,0,0.000000,3375,3525,3375,150,4.2553,LOCAL_BEST,0,777,0,9,0,13,0,0,0.0000,0.0000,0,0,0,0,0,0
n012w8-0,n012w8,0,5,500000,100.0,adaptive,2026-07-04T12:09:41+01:00,5,1,48,8,0,99.980660,3355,3505,3355,150,4.2796,GLOBAL_BEST,0,777,0,13,0,14,1,0,1500000.0000,0.0000,0,0,0,0,0,0
n012w8-0,n012w8,0,5,500000,100.0,adaptive,2026-07-04T12:09:41+01:00,5,2,48,8,0,0.000000,3120,3375,3120,255,7.5556,LOCAL_BEST,0,777,0,9,0,15,0,0,0.0000,0.0000,0,0,0,0,0,0
n012w8-0,n012w8,0,5,500000,100.0,adaptive,2026-07-04T12:09:41+01:00,5,5,48,8,43,0.000000,800,820,800,20,2.4390,GLOBAL_BEST,1,777,0,14,6,16,0,43,0.0000,465.1163,0,0,0,0,0,0
n012w8-0,n012w8,0,5,500000,100.0,adaptive,2026-07-04T12:09:41+01:00,5,1,48,9,0,99.977898,3055,3355,3055,300,8.9419,GLOBAL_BEST,0,777,0,16,0,17,1,-43,3000000.0000,0.0000,0,0,0,0,0,0
n012w8-0,n012w8,0,5,500000,100.0,adaptive,2026-07-04T12:09:41+01:00,5,2,48,9,0,0.000000,2820,3120,2820,300,9.6154,LOCAL_BEST,0,777,0,10,0,18,0,0,0.0000,0.0000,0,0,0,0,0,0
n012w8-0,n012w8,0,5,500000,100.0,adaptive,2026-07-04T12:09:41+01:00,5,5,48,9,43,0.000000,785,800,785,15,1.8750,GLOBAL_BEST,1,777,0,15,6,19,0,43,0.0000,348.8372,0,0,0,0,0,0
n012w8-0,n012w8,0,5,500000,100.0,adaptive,2026-07-04T12:09:41+01:00,5,1,48,10,0,99.975135,3010,3055,3010,45,1.4730,GLOBAL_BEST,0,777,0,16,0,20,1,-43,450000.0000,0.0000,0,0,0,0,0,0
n012w8-0,n012w8,0,5,500000,100.0,adaptive,2026-07-04T12:09:41+01:00,5,1,48,11,0,99.972373,2950,3010,2950,60,1.9934,GLOBAL_BEST,0,777,0,18,0,21,1,0,600000.0000,0.0000,0,0,0,0,0,0
n012w8-0,n012w8,0,5,500000,100.0,adaptive,2026-07-04T12:09:41+01:00,5,3,48,12,0,0.000000,3560,3750,3560,190,5.0667,LOCAL_BEST,0,777,3,14,1,22,1,0,1900000.0000,0.0000,0,0,0,0,0,0
n012w8-0,n012w8,0,5,500000,100.0,adaptive,2026-07-04T12:09:41+01:00,5,2,48,12,0,0.000000,2640,2820,2640,180,6.3830,GLOBAL_BEST,0,777,0,15,0,23,0,0,0.0000,0.0000,0,0,0,0,0,0
n012w8-0,n012w8,0,5,500000,100.0,adaptive,2026-07-04T12:09:41+01:00,5,3,48,13,0,0.000000,3260,3560,3260,300,8.4270,LOCAL_BEST,0,777,3,15,1,24,1,0,3000000.0000,0.0000,0,0,0,0,0,0
n012w8-0,n012w8,0,5,500000,100.0,adaptive,2026-07-04T12:09:41+01:00,5,3,48,14,0,0.000000,3230,3260,3230,30,0.9202,LOCAL_BEST,0,777,3,17,1,25,1,0,300000.0000,0.0000,0,0,0,0,0,0
n012w8-0,n012w8,0,5,500000,100.0,adaptive,2026-07-04T12:09:41+01:00,5,2,48,14,0,0.000000,2325,2640,2325,315,11.9318,GLOBAL_BEST,0,777,0,17,0,26,0,0,0.0000,0.0000,0,0,0,0,0,0
n012w8-0,n012w8,0,5,500000,100.0,adaptive,2026-07-04T12:09:41+01:00,5,3,48,15,0,0.000000,2870,3230,2870,360,11.1455,GLOBAL_BEST,0,777,3,18,1,27,1,0,3600000.0000,0.0000,0,0,0,0,0,0
n012w8-0,n012w8,0,5,500000,100.0,adaptive,2026-07-04T12:09:41+01:00,5,3,48,16,0,0.000000,2810,2870,2810,60,2.0906,GLOBAL_BEST,0,777,3,18,1,28,1,0,600000.0000,0.0000,0,0,0,0,0,0
n012w8-0,n012w8,0,5,500000,100.0,adaptive,2026-07-04T12:09:41+01:00,5,2,48,16,0,0.000000,2295,2325,2295,30,1.2903,GLOBAL_BEST,0,777,0,18,0,29,0,0,0.0000,0.0000,0,0,0,0,0,0
n012w8-0,n012w8,0,5,500000,100.0,adaptive,2026-07-04T12:09:41+01:00,5,3,48,17,0,0.000000,2660,2810,2660,150,5.3381,GLOBAL_BEST,0,777,3,19,1,30,1,0,1500000.0000,0.0000,0,0,0,0,0,0
n012w8-0,n012w8,0,5,500000,100.0,adaptive,2026-07-04T12:09:41+01:00,5,2,48,17,0,0.000000,1980,2295,1980,315,13.7255,GLOBAL_BEST,0,777,0,19,0,31,0,0,0.0000,0.0000,0,0,0,0,0,0
n012w8-0,n012w8,0,5,500000,100.0,adaptive,2026-07-04T12:09:41+01:00,5,3,48,18,0,0.000000,2650,2660,2650,10,0.3759,GLOBAL_BEST,0,777,3,19,1,32,1,0,100000.0000,0.0000,0,0,0,0,0,0
n012w8-0,n012w8,0,5,500000,100.0,adaptive,2026-07-04T12:09:41+01:00,5,2,48,18,0,0.000000,1950,1980,1950,30,1.5152,GLOBAL_BEST,0,777,0,20,0,33,0,0,0.0000,0.0000,0,0,0,0,0,0
n012w8-0,n012w8,0,5,500000,100.0,adaptive,2026-07-04T12:09:41+01:00,5,1,48,19,0,99.950277,2830,2950,2830,120,4.0678,LOCAL_BEST,0,777,4,38,2,34,1,0,1200000.0000,0.0000,0,0,0,0,0,0
n012w8-0,n012w8,0,5,500000,100.0,adaptive,2026-07-04T12:09:41+01:00,5,3,48,19,0,0.000000,2560,2650,2560,90,3.3962,GLOBAL_BEST,0,777,3,21,1,35,0,0,0.0000,0.0000,0,0,0,0,0,0
n012w8-0,n012w8,0,5,500000,100.0,adaptive,2026-07-04T12:09:41+01:00,5,1,48,21,0,99.944753,2710,2830,2710,120,4.2403,LOCAL_BEST,0,777,4,41,2,36,2,0,600000.0000,0.0000,0,0,0,0,0,0
n012w8-0,n012w8,0,5,500000,100.0,adaptive,2026-07-04T12:09:41+01:00,5,1,48,22,0,99.941992,2535,2710,2535,175,6.4576,LOCAL_BEST,0,777,4,42,2,37,1,0,1750000.0000,0.0000,0,0,0,0,0,0
n012w8-0,n012w8,0,5,500000,100.0,adaptive,2026-07-04T12:09:41+01:00,5,1,48,23,0,99.939230,2520,2535,2520,15,0.5917,LOCAL_BEST,0,777,4,44,2,38,1,0,150000.0000,0.0000,0,0,0,0,0,0
n012w8-0,n012w8,0,5,500000,100.0,adaptive,2026-07-04T12:09:41+01:00,5,1,48,26,0,99.930946,2390,2520,2390,130,5.1587,LOCAL_BEST,0,777,4,54,3,39,3,0,433333.3333,0.0000,0,0,0,0,0,0
n012w8-0,n012w8,0,5,500000,100.0,adaptive,2026-07-04T12:09:41+01:00,5,1,48,28,0,99.925424,2360,2390,2360,30,1.2552,LOCAL_BEST,0,777,4,65,4,40,2,0,150000.0000,0.0000,0,0,0,0,0,0
n012w8-0,n012w8,0,5,500000,100.0,adaptive,2026-07-04T12:09:41+01:00,5,1,48,33,0,99.911620,2300,2360,2300,60,2.5424,LOCAL_BEST,0,777,4,80,8,41,5,0,120000.0000,0.0000,0,0,0,0,0,0
n012w8-0,n012w8,0,5,500000,100.0,adaptive,2026-07-04T12:09:41+01:00,5,1,48,35,0,99.906099,2260,2300,2260,40,1.7391,LOCAL_BEST,0,777,4,82,9,42,2,0,200000.0000,0.0000,0,0,0,0,0,0
n012w8-0,n012w8,0,5,500000,100.0,adaptive,2026-07-04T12:09:41+01:00,5,1,48,36,0,99.903338,2110,2260,2110,150,6.6372,LOCAL_BEST,0,777,4,82,9,43,1,0,1500000.0000,0.0000,0,0,0,0,0,0
n012w8-0,n012w8,0,5,500000,100.0,adaptive,2026-07-04T12:09:41+01:00,5,1,48,38,0,99.897817,2080,2110,2080,30,1.4218,LOCAL_BEST,0,777,4,87,9,44,2,0,150000.0000,0.0000,0,0,0,0,0,0
n012w8-0,n012w8,0,5,500000,100.0,adaptive,2026-07-04T12:09:41+01:00,5,1,48,39,0,99.895057,1960,2080,1960,120,5.7692,LOCAL_BEST,0,777,4,88,9,45,1,0,1200000.0000,0.0000,0,0,0,0,0,0
n012w8-0,n012w8,0,5,500000,100.0,adaptive,2026-07-04T12:09:41+01:00,5,1,48,43,0,99.884017,1810,1960,1810,150,7.6531,GLOBAL_BEST,0,777,5,94,10,46,4,0,375000.0000,0.0000,0,0,0,0,0,0
n012w8-0,n012w8,0,5,500000,100.0,adaptive,2026-07-04T12:09:41+01:00,5,1,48,51,0,99.861940,1615,1810,1615,195,10.7735,GLOBAL_BEST,0,777,6,105,10,47,8,0,243750.0000,0.0000,0,0,0,0,0,0
n012w8-0,n012w8,0,5,500000,100.0,adaptive,2026-07-04T12:09:41+01:00,5,5,48,51,43,0.000000,765,785,765,20,2.5478,GLOBAL_BEST,1,777,0,117,44,48,0,43,0.0000,465.1163,0,0,0,0,0,0
n012w8-0,n012w8,0,5,500000,100.0,adaptive,2026-07-04T12:09:41+01:00,5,3,48,90,0,0.000000,2420,2560,2420,140,5.4688,LOCAL_BEST,0,777,30,118,1,49,39,-43,35897.4359,0.0000,0,0,0,0,0,0
n012w8-0,n012w8,0,5,500000,100.0,adaptive,2026-07-04T12:09:41+01:00,5,8,48,96,92,0.000000,450,465,450,15,3.2258,GLOBAL_BEST,3,777,0,136,89,50,6,92,25000.0000,163.0435,0,0,0,0,0,0
n012w8-0,n012w8,0,5,500000,100.0,adaptive,2026-07-04T12:09:41+01:00,5,3,48,101,1,0.000000,2350,2420,2350,70,2.8926,LOCAL_BEST,0,777,32,134,2,51,5,-91,140000.0000,0.0000,0,0,0,0,0,0
n012w8-0,n012w8,0,5,500000,100.0,adaptive,2026-07-04T12:09:41+01:00,5,3,48,102,1,0.000000,2290,2350,2290,60,2.5532,LOCAL_BEST,0,777,32,143,2,52,1,0,600000.0000,0.0000,0,0,0,0,0,0
n012w8-0,n012w8,0,5,500000,100.0,adaptive,2026-07-04T12:09:41+01:00,5,3,48,103,1,0.000000,2230,2290,2230,60,2.6201,LOCAL_BEST,0,777,32,143,2,53,1,0,600000.0000,0.0000,0,0,0,0,0,0
n012w8-0,n012w8,0,5,500000,100.0,adaptive,2026-07-04T12:09:41+01:00,5,3,48,104,1,0.000000,2080,2230,2080,150,6.7265,LOCAL_BEST,0,777,32,143,2,54,1,0,1500000.0000,0.0000,0,0,0,0,0,0
n012w8-0,n012w8,0,5,500000,100.0,adaptive,2026-07-04T12:09:41+01:00,5,1,48,115,1,99.685502,1600,1615,1600,15,0.9288,GLOBAL_BEST,0,777,26,208,31,55,11,0,13636.3636,0.0000,0,0,0,0,0,0
n012w8-0,n012w8,0,5,500000,100.0,adaptive,2026-07-04T12:09:41+01:00,5,1,48,123,1,99.663469,1550,1600,1550,50,3.1250,GLOBAL_BEST,0,777,27,219,35,56,8,0,62500.0000,0.0000,0,0,0,0,0,0
n012w8-0,n012w8,0,5,500000,100.0,adaptive,2026-07-04T12:09:41+01:00,5,1,48,126,1,99.655208,1475,1550,1475,75,4.8387,GLOBAL_BEST,0,777,28,221,35,57,3,0,250000.0000,0.0000,0,0,0,0,0,0
n012w8-0,n012w8,0,5,500000,100.0,adaptive,2026-07-04T12:09:41+01:00,5,3,48,129,1,0.000000,2050,2080,2050,30,1.4423,LOCAL_BEST,0,777,42,195,4,58,3,0,100000.0000,0.0000,0,0,0,0,0,0
n012w8-0,n012w8,0,5,500000,100.0,adaptive,2026-07-04T12:09:41+01:00,5,1,48,130,1,99.644194,1445,1475,1445,30,2.0339,GLOBAL_BEST,0,777,29,233,36,59,1,0,300000.0000,0.0000,0,0,0,0,0,0
n012w8-0,n012w8,0,5,500000,100.0,adaptive,2026-07-04T12:09:41+01:00,5,3,48,130,1,0.000000,2035,2050,2035,15,0.7317,LOCAL_BEST,0,777,42,198,4,60,0,0,0.0000,0.0000,0,0,0,0,0,0
n012w8-0,n012w8,0,5,500000,100.0,adaptive,2026-07-04T12:09:41+01:00,5,2,48,131,1,0.000000,1855,1950,1855,95,4.8718,LOCAL_BEST,0,777,0,202,0,61,1,0,950000.0000,0.0000,0,0,0,0,0,0
n012w8-0,n012w8,0,5,500000,100.0,adaptive,2026-07-04T12:09:41+01:00,5,3,48,133,1,0.000000,1960,2035,1960,75,3.6855,LOCAL_BEST,0,777,44,202,4,62,2,0,375000.0000,0.0000,0,0,0,0,0,0
n012w8-0,n012w8,0,5,500000,100.0,adaptive,2026-07-04T12:09:41+01:00,5,3,48,138,1,0.000000,1930,1960,1930,30,1.5306,LOCAL_BEST,0,777,46,205,4,63,5,0,60000.0000,0.0000,0,0,0,0,0,0
n012w8-0,n012w8,0,5,500000,100.0,adaptive,2026-07-04T12:09:41+01:00,5,3,48,143,1,0.000000,1660,1930,1660,270,13.9896,LOCAL_BEST,0,777,47,209,4,64,5,0,540000.0000,0.0000,0,0,0,0,0,0
n012w8-0,n012w8,0,5,500000,100.0,adaptive,2026-07-04T12:09:41+01:00,5,5,48,158,43,0.000000,740,765,740,25,3.2680,GLOBAL_BEST,1,777,0,282,131,65,15,42,16666.6667,595.2381,0,0,0,0,0,0
n012w8-0,n012w8,0,5,500000,100.0,adaptive,2026-07-04T12:09:41+01:00,5,1,48,182,1,99.501127,1405,1445,1405,40,2.7682,GLOBAL_BEST,0,777,43,322,54,66,24,-42,16666.6667,0.0000,0,0,0,0,0,0
n012w8-0,n012w8,0,5,500000,100.0,adaptive,2026-07-04T12:09:41+01:00,5,1,48,191,1,99.476386,1375,1405,1375,30,2.1352,GLOBAL_BEST,0,777,44,331,59,67,9,0,33333.3333,0.0000,0,0,0,0,0,0
n012w8-0,n012w8,0,5,500000,100.0,adaptive,2026-07-04T12:09:41+01:00,5,5,48,249,43,0.000000,735,740,735,5,0.6757,GLOBAL_BEST,1,777,0,441,209,68,58,42,862.0690,119.0476,0,0,0,0,0,0
n012w8-0,n012w8,0,5,500000,100.0,adaptive,2026-07-04T12:09:41+01:00,5,5,48,276,43,0.000000,720,735,720,15,2.0408,GLOBAL_BEST,1,777,0,482,229,69,27,0,5555.5556,0.0000,0,0,0,0,0,0
n012w8-0,n012w8,0,5,500000,100.0,adaptive,2026-07-04T12:09:41+01:00,5,1,48,325,1,99.108750,1315,1375,1315,60,4.3636,GLOBAL_BEST,0,777,82,538,113,70,49,-42,12244.8980,0.0000,0,0,0,0,0,0
n012w8-0,n012w8,0,5,500000,100.0,adaptive,2026-07-04T12:09:41+01:00,5,1,48,326,1,99.106012,1285,1315,1285,30,2.2814,GLOBAL_BEST,0,777,82,538,113,71,1,0,300000.0000,0.0000,0,0,0,0,0,0
n012w8-0,n012w8,0,5,500000,100.0,adaptive,2026-07-04T12:09:41+01:00,5,5,48,356,43,0.000000,715,720,715,5,0.6944,GLOBAL_BEST,1,777,0,632,289,72,30,42,1666.6667,119.0476,0,0,0,0,0,0
n012w8-0,n012w8,0,5,500000,100.0,adaptive,2026-07-04T12:09:41+01:00,5,5,48,374,43,0.000000,690,715,690,25,3.4965,GLOBAL_BEST,1,777,0,668,300,73,18,0,13888.8889,0.0000,0,0,0,0,0,0
n012w8-0,n012w8,0,5,500000,100.0,adaptive,2026-07-04T12:09:41+01:00,5,8,48,509,92,0.000000,440,450,440,10,2.2222,GLOBAL_BEST,3,777,0,751,475,74,135,49,740.7407,204.0816,0,0,0,0,0,0
n012w8-0,n012w8,0,5,500000,100.0,adaptive,2026-07-04T12:09:41+01:00,5,5,48,529,43,0.000000,670,690,670,20,2.8986,GLOBAL_BEST,1,777,0,942,419,75,20,-49,10000.0000,0.0000,0,0,0,0,0,0
n012w8-0,n012w8,0,5,500000,100.0,adaptive,2026-07-04T12:09:41+01:00,5,1,48,638,1,98.255303,1280,1285,1280,5,0.3891,GLOBAL_BEST,0,777,161,1169,220,76,109,-42,458.7156,0.0000,0,0,0,0,0,0
n012w8-0,n012w8,0,5,500000,100.0,adaptive,2026-07-04T12:09:41+01:00,5,1,48,639,1,98.252588,1160,1280,1160,120,9.3750,GLOBAL_BEST,0,777,161,1169,220,77,1,0,1200000.0000,0.0000,0,0,0,0,0,0
n012w8-0,n012w8,0,5,500000,100.0,adaptive,2026-07-04T12:09:41+01:00,5,1,48,640,1,98.249874,1145,1160,1145,15,1.2931,GLOBAL_BEST,0,777,161,1169,220,78,1,0,150000.0000,0.0000,0,0,0,0,0,0
n012w8-0,n012w8,0,5,500000,100.0,adaptive,2026-07-04T12:09:41+01:00,5,1,48,643,1,98.241730,1115,1145,1115,30,2.6201,GLOBAL_BEST,0,777,161,1170,222,79,3,0,100000.0000,0.0000,0,0,0,0,0,0
n012w8-0,n012w8,0,5,500000,100.0,adaptive,2026-07-04T12:09:41+01:00,5,1,48,644,1,98.239015,1085,1115,1085,30,2.6906,GLOBAL_BEST,0,777,161,1170,222,80,1,0,300000.0000,0.0000,0,0,0,0,0,0
n012w8-0,n012w8,0,5,500000,100.0,adaptive,2026-07-04T12:09:41+01:00,5,2,48,680,1,0.000000,1850,1855,1850,5,0.2695,LOCAL_BEST,0,777,0,1189,0,81,36,0,1388.8889,0.0000,0,0,0,0,0,0
n012w8-0,n012w8,0,5,500000,100.0,adaptive,2026-07-04T12:09:41+01:00,5,2,48,684,1,0.000000,1820,1850,1820,30,1.6216,LOCAL_BEST,0,777,0,1194,0,82,4,0,75000.0000,0.0000,0,0,0,0,0,0
n012w8-0,n012w8,0,5,500000,100.0,adaptive,2026-07-04T12:09:41+01:00,5,2,48,688,1,0.000000,1700,1820,1700,120,6.5934,LOCAL_BEST,0,777,0,1210,0,83,4,0,300000.0000,0.0000,0,0,0,0,0,0
n012w8-0,n012w8,0,5,500000,100.0,adaptive,2026-07-04T12:09:41+01:00,5,3,48,817,2,0.000000,1640,1660,1640,20,1.2048,LOCAL_BEST,0,777,308,1401,26,84,129,1,1550.3876,20000.0000,0,0,0,0,0,0
n012w8-0,n012w8,0,5,500000,100.0,adaptive,2026-07-04T12:09:41+01:00,5,3,48,821,2,0.000000,1630,1640,1630,10,0.6098,LOCAL_BEST,0,777,309,1409,26,85,4,0,25000.0000,0.0000,0,0,0,0,0,0
n012w8-0,n012w8,0,5,500000,100.0,adaptive,2026-07-04T12:09:41+01:00,5,2,48,1133,2,0.000000,1680,1700,1680,20,1.1765,LOCAL_BEST,0,777,0,1912,12,86,312,0,641.0256,0.0000,0,0,0,0,0,0
n012w8-0,n012w8,0,5,500000,100.0,adaptive,2026-07-04T12:09:41+01:00,5,2,48,1165,2,0.000000,1595,1680,1595,85,5.0595,LOCAL_BEST,0,777,0,1964,16,87,32,0,26562.5000,0.0000,0,0,0,0,0,0
n012w8-0,n012w8,0,5,500000,100.0,adaptive,2026-07-04T12:09:41+01:00,5,2,48,1166,2,0.000000,1580,1595,1580,15,0.9404,LOCAL_BEST,0,777,0,1967,16,88,1,0,150000.0000,0.0000,0,0,0,0,0,0
n012w8-0,n012w8,0,5,500000,100.0,adaptive,2026-07-04T12:09:41+01:00,5,8,48,1291,94,0.000000,430,440,430,10,2.2727,GLOBAL_BEST,3,777,0,1938,1185,89,125,92,800.0000,108.6957,0,0,0,0,0,0
n012w8-0,n012w8,0,5,500000,100.0,adaptive,2026-07-04T12:09:41+01:00,5,8,48,1336,94,0.000000,415,430,415,15,3.4884,GLOBAL_BEST,3,777,0,1990,1221,90,45,0,3333.3333,0.0000,0,0,0,0,0,0
n012w8-0,n012w8,0,5,500000,100.0,adaptive,2026-07-04T12:09:41+01:00,5,2,48,2001,4,0.000000,1555,1580,1555,25,1.5823,LOCAL_BEST,0,777,0,3592,128,91,665,-90,375.9398,0.0000,0,0,0,0,0,0
n012w8-0,n012w8,0,5,500000,100.0,adaptive,2026-07-04T12:09:41+01:00,5,1,48,2266,4,93.933391,1045,1085,1045,40,3.6866,GLOBAL_BEST,0,777,549,3853,821,92,265,0,1509.4340,0.0000,0,0,0,0,0,0
n012w8-0,n012w8,0,5,500000,100.0,adaptive,2026-07-04T12:09:41+01:00,5,1,48,2275,4,93.910034,1030,1045,1030,15,1.4354,GLOBAL_BEST,0,777,551,3863,825,93,9,0,16666.6667,0.0000,0,0,0,0,0,0
n012w8-0,n012w8,0,5,500000,100.0,adaptive,2026-07-04T12:09:41+01:00,5,1,48,2277,4,93.904845,1000,1030,1000,30,2.9126,GLOBAL_BEST,0,777,551,3864,826,94,2,0,150000.0000,0.0000,0,0,0,0,0,0
n012w8-0,n012w8,0,5,500000,100.0,adaptive,2026-07-04T12:09:41+01:00,5,8,48,2456,95,0.000000,400,415,400,15,3.6145,GLOBAL_BEST,3,777,0,3711,2252,95,179,91,837.9888,164.8352,0,0,0,0,0,0
n012w8-0,n012w8,0,5,500000,100.0,adaptive,2026-07-04T12:09:41+01:00,5,2,48,2459,4,0.000000,1525,1555,1525,30,1.9293,LOCAL_BEST,0,777,0,4402,238,96,3,-91,100000.0000,0.0000,0,0,0,0,0,0
n012w8-0,n012w8,0,5,500000,100.0,adaptive,2026-07-04T12:09:41+01:00,5,2,48,2467,4,0.000000,1435,1525,1435,90,5.9016,LOCAL_BEST,0,777,0,4415,238,97,8,0,112500.0000,0.0000,0,0,0,0,0,0
n012w8-0,n012w8,0,5,500000,100.0,adaptive,2026-07-04T12:09:41+01:00,5,2,48,2472,4,0.000000,1340,1435,1340,95,6.6202,LOCAL_BEST,0,777,0,4425,238,98,5,0,190000.0000,0.0000,0,0,0,0,0,0
n012w8-0,n012w8,0,5,500000,100.0,adaptive,2026-07-04T12:09:41+01:00,5,2,48,2478,4,0.000000,1280,1340,1280,60,4.4776,LOCAL_BEST,0,777,0,4428,238,99,6,0,100000.0000,0.0000,0,0,0,0,0,0
n012w8-0,n012w8,0,5,500000,100.0,adaptive,2026-07-04T12:09:41+01:00,5,5,48,3228,48,0.000000,660,670,660,10,1.4925,GLOBAL_BEST,1,777,0,5192,2636,100,750,44,133.3333,227.2727,0,0,0,0,0,0
n012w8-0,n012w8,0,5,500000,100.0,adaptive,2026-07-04T12:09:41+01:00,5,3,48,3523,6,0.000000,1585,1630,1585,45,2.7607,LOCAL_BEST,0,777,1353,6091,127,101,295,-42,1525.4237,0.0000,0,0,0,0,0,0
n012w8-0,n012w8,0,5,500000,100.0,adaptive,2026-07-04T12:09:41+01:00,5,8,48,3678,97,0.000000,325,400,325,75,18.7500,GLOBAL_BEST,3,777,0,5463,3375,102,155,91,4838.7097,824.1758,0,0,0,0,0,0
n012w8-0,n012w8,0,5,500000,100.0,adaptive,2026-07-04T12:09:41+01:00,5,5,48,4310,49,0.000000,650,660,650,10,1.5152,GLOBAL_BEST,1,777,0,6842,3549,103,632,-48,158.2278,0.0000,0,0,0,0,0,0
n012w8-0,n012w8,0,5,500000,100.0,adaptive,2026-07-04T12:09:41+01:00,5,5,48,4961,50,0.000000,640,650,640,10,1.5385,GLOBAL_BEST,1,777,0,7871,4081,104,651,1,153.6098,10000.0000,0,0,0,0,0,0
n012w8-0,n012w8,0,5,500000,100.0,adaptive,2026-07-04T12:09:41+01:00,5,5,48,5118,50,0.000000,620,640,620,20,3.1250,GLOBAL_BEST,1,777,0,8123,4208,105,157,0,1273.8854,0.0000,0,0,0,0,0,0
n012w8-0,n012w8,0,5,500000,100.0,adaptive,2026-07-04T12:09:41+01:00,5,5,48,5119,50,0.000000,605,620,605,15,2.4194,GLOBAL_BEST,1,777,0,8123,4208,106,1,0,150000.0000,0.0000,0,0,0,0,0,0
n012w8-0,n012w8,0,5,500000,100.0,adaptive,2026-07-04T12:09:41+01:00,5,2,48,5453,9,0.000000,1275,1280,1275,5,0.3906,LOCAL_BEST,0,777,0,9629,1055,107,334,-41,149.7006,0.0000,0,0,0,0,0,0
n012w8-0,n012w8,0,5,500000,100.0,adaptive,2026-07-04T12:09:41+01:00,5,1,48,5768,9,85.269948,935,1000,935,65,6.5000,GLOBAL_BEST,0,777,1380,9666,2088,108,315,0,2063.4921,0.0000,0,0,0,0,0,0
n012w8-0,n012w8,0,5,500000,100.0,adaptive,2026-07-04T12:09:41+01:00,5,2,48,6071,10,0.000000,1245,1275,1245,30,2.3529,LOCAL_BEST,0,777,0,10614,1245,109,303,1,990.0990,30000.0000,0,0,0,0,0,0
n012w8-0,n012w8,0,5,500000,100.0,adaptive,2026-07-04T12:09:41+01:00,5,2,48,6188,10,0.000000,1110,1245,1110,135,10.8434,LOCAL_BEST,0,777,0,10821,1290,110,117,0,11538.4615,0.0000,0,0,0,0,0,0
n012w8-0,n012w8,0,5,500000,100.0,adaptive,2026-07-04T12:09:41+01:00,5,5,48,6395,52,0.000000,590,605,590,15,2.4793,GLOBAL_BEST,1,777,0,10136,5237,111,207,42,724.6377,357.1429,0,0,0,0,0,0
n012w8-0,n012w8,0,5,500000,100.0,adaptive,2026-07-04T12:09:41+01:00,5,5,48,6651,52,0.000000,575,590,575,15,2.5424,GLOBAL_BEST,1,777,0,10560,5440,112,256,0,585.9375,0.0000,0,0,0,0,0,0
n012w8-0,n012w8,0,5,500000,100.0,adaptive,2026-07-04T12:09:41+01:00,5,1,48,7110,12,82.165973,910,935,910,25,2.6738,GLOBAL_BEST,0,777,1692,12010,2644,113,459,-40,544.6623,0.0000,0,0,0,0,0,0
n012w8-0,n012w8,0,5,500000,100.0,adaptive,2026-07-04T12:09:41+01:00,5,3,48,7467,13,0.000000,1575,1585,1575,10,0.6309,LOCAL_BEST,0,777,2862,13050,289,114,357,1,280.1120,10000.0000,0,0,0,0,0,0
n012w8-0,n012w8,0,5,500000,100.0,adaptive,2026-07-04T12:09:41+01:00,5,3,48,7468,13,0.000000,1515,1575,1515,60,3.8095,LOCAL_BEST,0,777,2862,13052,289,115,1,0,600000.0000,0.0000,0,0,0,0,0,0
n012w8-0,n012w8,0,5,500000,100.0,adaptive,2026-07-04T12:09:41+01:00,5,2,48,9663,16,0.000000,1085,1110,1085,25,2.2523,LOCAL_BEST,0,777,0,16533,2831,116,2195,3,113.8952,8333.3333,0,0,0,0,0,0
n012w8-0,n012w8,0,5,500000,100.0,adaptive,2026-07-04T12:09:41+01:00,5,2,48,10005,17,0.000000,1040,1085,1040,45,4.1475,LOCAL_BEST,0,777,0,17120,2983,117,342,1,1315.7895,45000.0000,0,0,0,0,0,0
n012w8-0,n012w8,0,5,500000,100.0,adaptive,2026-07-04T12:09:41+01:00,5,5,48,10571,59,0.000000,515,575,515,60,10.4348,GLOBAL_BEST,1,777,0,16732,8661,118,566,42,1060.0707,1428.5714,0,0,0,0,0,0
n012w8-0,n012w8,0,5,500000,100.0,adaptive,2026-07-04T12:09:41+01:00,5,2,48,12493,21,0.000000,1015,1040,1015,25,2.4038,LOCAL_BEST,0,777,0,21269,4200,119,1922,-38,130.0728,0.0000,0,0,0,0,0,0
n012w8-0,n012w8,0,5,500000,100.0,adaptive,2026-07-04T12:09:41+01:00,5,3,48,14233,25,0.000000,1490,1515,1490,25,1.6502,LOCAL_BEST,0,777,5443,25327,582,120,1740,4,143.6782,6250.0000,0,0,0,0,0,0
n012w8-0,n012w8,0,5,500000,100.0,adaptive,2026-07-04T12:09:41+01:00,5,3,48,14234,25,0.000000,1430,1490,1430,60,4.0268,LOCAL_BEST,0,777,5443,25328,582,121,1,0,600000.0000,0.0000,0,0,0,0,0,0
n012w8-0,n012w8,0,5,500000,100.0,adaptive,2026-07-04T12:09:41+01:00,5,4,48,15706,68,64.794777,805,820,805,15,1.8293,LOCAL_BEST,1,777,3559,26761,6321,122,1472,43,101.9022,348.8372,0,0,0,0,0,0
n012w8-0,n012w8,0,5,500000,100.0,adaptive,2026-07-04T12:09:41+01:00,5,4,48,15711,68,64.785826,790,805,790,15,1.8634,LOCAL_BEST,1,777,3560,26764,6324,123,5,0,30000.0000,0.0000,0,0,0,0,0,0
n012w8-0,n012w8,0,5,500000,100.0,adaptive,2026-07-04T12:09:41+01:00,5,5,48,15738,66,0.000000,485,515,485,30,5.8252,GLOBAL_BEST,1,777,0,25063,12933,124,27,-2,11111.1111,0.0000,0,0,0,0,0,0
n012w8-0,n012w8,0,5,500000,100.0,adaptive,2026-07-04T12:09:41+01:00,5,5,48,15740,66,0.000000,470,485,470,15,3.0928,GLOBAL_BEST,1,777,0,25064,12933,125,2,0,75000.0000,0.0000,0,0,0,0,0,0
n012w8-0,n012w8,0,5,500000,100.0,adaptive,2026-07-04T12:09:41+01:00,5,2,48,16258,28,0.000000,1000,1015,1000,15,1.4778,LOCAL_BEST,0,777,0,27701,6222,126,518,-38,289.5753,0.0000,0,0,0,0,0,0
n012w8-0,n012w8,0,5,500000,100.0,adaptive,2026-07-04T12:09:41+01:00,5,1,48,16304,28,63.732947,905,910,905,5,0.5495,GLOBAL_BEST,0,777,3578,27393,6746,127,46,0,1086.9565,0.0000,0,0,0,0,0,0
n012w8-0,n012w8,0,5,500000,100.0,adaptive,2026-07-04T12:09:41+01:00,5,3,48,16306,29,0.000000,1405,1430,1405,25,1.7483,LOCAL_BEST,0,777,6230,28821,659,128,2,1,125000.0000,25000.0000,0,0,0,0,0,0
n012w8-0,n012w8,0,5,500000,100.0,adaptive,2026-07-04T12:09:41+01:00,5,2,48,17232,29,0.000000,980,1000,980,20,2.0000,LOCAL_BEST,0,777,0,29304,6768,129,926,0,215.9827,0.0000,0,0,0,0,0,0
n012w8-0,n012w8,0,5,500000,100.0,adaptive,2026-07-04T12:09:41+01:00,5,2,48,17233,29,0.000000,950,980,950,30,3.0612,LOCAL_BEST,0,777,0,29305,6768,130,1,0,300000.0000,0.0000,0,0,0,0,0,0
n012w8-0,n012w8,0,5,500000,100.0,adaptive,2026-07-04T12:09:41+01:00,5,2,48,17274,29,0.000000,875,950,875,75,7.8947,GLOBAL_BEST,0,777,0,29384,6795,131,41,0,18292.6829,0.0000,0,0,0,0,0,0
n012w8-0,n012w8,0,5,500000,100.0,adaptive,2026-07-04T12:09:41+01:00,5,1,48,17931,30,60.931238,875,905,875,30,3.3149,LOCAL_BEST,0,777,3874,29900,7552,132,657,1,456.6210,30000.0000,0,0,0,0,0,0
n012w8-0,n012w8,0,5,500000,100.0,adaptive,2026-07-04T12:09:41+01:00,5,1,48,18351,31,60.228216,870,875,870,5,0.5714,GLOBAL_BEST,0,777,3947,30587,7776,133,420,1,119.0476,5000.0000,0,0,0,0,0,0
n012w8-0,n012w8,0,5,500000,100.0,adaptive,2026-07-04T12:09:41+01:00,5,1,48,20554,35,56.671408,865,870,865,5,0.5747,GLOBAL_BEST,0,777,4329,34269,8920,134,2203,4,22.6963,1250.0000,0,0,0,0,0,0
n012w8-0,n012w8,0,5,500000,100.0,adaptive,2026-07-04T12:09:41+01:00,5,4,48,22108,79,54.289520,765,790,765,25,3.1646,LOCAL_BEST,1,777,4656,37466,9720,135,1554,44,160.8752,568.1818,0,0,0,0,0,0
n012w8-0,n012w8,0,5,500000,100.0,adaptive,2026-07-04T12:09:41+01:00,5,4,48,22124,79,54.265524,725,765,725,40,5.2288,LOCAL_BEST,1,777,4658,37510,9729,136,16,0,25000.0000,0.0000,0,0,0,0,0,0
n012w8-0,n012w8,0,5,500000,100.0,adaptive,2026-07-04T12:09:41+01:00,5,3,48,24677,43,0.000000,1305,1405,1305,100,7.1174,LOCAL_BEST,0,777,9402,43902,967,137,2553,-36,391.6960,0.0000,0,0,0,0,0,0
n012w8-0,n012w8,0,5,500000,100.0,adaptive,2026-07-04T12:09:41+01:00,5,3,48,24681,43,0.000000,1300,1305,1300,5,0.3831,LOCAL_BEST,0,777,9404,43911,967,138,4,0,12500.0000,0.0000,0,0,0,0,0,0
n012w8-0,n012w8,0,5,500000,100.0,adaptive,2026-07-04T12:09:41+01:00,5,2,48,25373,42,0.000000,865,875,865,10,1.1429,LOCAL_BEST,0,777,0,42643,11734,139,692,-1,144.5087,0.0000,0,0,0,0,0,0
n012w8-0,n012w8,0,5,500000,100.0,adaptive,2026-07-04T12:09:41+01:00,5,2,48,25643,43,0.000000,820,865,820,45,5.2023,GLOBAL_BEST,0,777,0,43096,11902,140,270,1,1666.6667,45000.0000,0,0,0,0,0,0
n012w8-0,n012w8,0,5,500000,100.0,adaptive,2026-07-04T12:09:41+01:00,5,1,48,26885,45,47.576446,845,865,845,20,2.3121,LOCAL_BEST,0,777,5355,44773,12419,141,1242,2,161.0306,10000.0000,0,0,0,0,0,0
n012w8-0,n012w8,0,5,500000,100.0,adaptive,2026-07-04T12:09:41+01:00,5,4,48,28335,89,45.707977,670,725,670,55,7.5862,LOCAL_BEST,1,777,5607,47763,13320,142,1450,44,379.3103,1250.0000,0,0,0,0,0,0
n012w8-0,n012w8,0,5,500000,100.0,adaptive,2026-07-04T12:09:41+01:00,5,4,48,28368,89,45.666318,655,670,655,15,2.2388,LOCAL_BEST,1,777,5612,47811,13340,143,33,0,4545.4545,0.0000,0,0,0,0,0,0
n012w8-0,n012w8,0,5,500000,100.0,adaptive,2026-07-04T12:09:41+01:00,5,4,48,28375,89,45.657487,640,655,640,15,2.2901,LOCAL_BEST,1,777,5612,47823,13345,144,7,0,21428.5714,0.0000,0,0,0,0,0,0
n012w8-0,n012w8,0,5,500000,100.0,adaptive,2026-07-04T12:09:41+01:00,5,2,48,29964,51,0.000000,780,820,780,40,4.8780,LOCAL_BEST,0,777,0,50304,14844,145,1589,-38,251.7306,0.0000,0,0,0,0,0,0
n012w8-0,n012w8,0,5,500000,100.0,adaptive,2026-07-04T12:09:41+01:00,5,2,48,32071,55,0.000000,755,780,755,25,3.2051,LOCAL_BEST,0,777,0,53814,16309,146,2107,4,118.6521,6250.0000,0,0,0,0,0,0
n012w8-0,n012w8,0,5,500000,100.0,adaptive,2026-07-04T12:09:41+01:00,5,5,48,32496,91,0.000000,465,470,465,5,1.0638,GLOBAL_BEST,1,777,0,50677,27449,147,425,36,117.6471,138.8889,0,0,0,0,0,0
n012w8-0,n012w8,0,5,500000,100.0,adaptive,2026-07-04T12:09:41+01:00,5,1,48,33151,55,40.012897,825,845,825,20,2.3669,LOCAL_BEST,0,777,6225,55302,16160,148,655,-36,305.3435,0.0000,0,0,0,0,0,0
n012w8-0,n012w8,0,5,500000,100.0,adaptive,2026-07-04T12:09:41+01:00,5,3,48,33725,60,0.000000,1285,1300,1285,15,1.1538,LOCAL_BEST,0,777,12867,59508,1335,149,574,5,261.3240,3000.0000,0,0,0,0,0,0
n012w8-0,n012w8,0,5,500000,100.0,adaptive,2026-07-04T12:09:41+01:00,5,3,48,33726,60,0.000000,1255,1285,1255,30,2.3346,LOCAL_BEST,0,777,12867,59511,1335,150,1,0,300000.0000,0.0000,0,0,0,0,0,0
n012w8-0,n012w8,0,5,500000,100.0,adaptive,2026-07-04T12:09:41+01:00,5,3,48,33727,60,0.000000,1165,1255,1165,90,7.1713,LOCAL_BEST,0,777,12867,59512,1335,151,1,0,900000.0000,0.0000,0,0,0,0,0,0
n012w8-0,n012w8,0,5,500000,100.0,adaptive,2026-07-04T12:09:41+01:00,5,5,48,33779,93,0.000000,455,465,455,10,2.1505,LOCAL_BEST,1,777,0,52492,28587,152,52,33,1923.0769,303.0303,0,0,0,0,0,0
n012w8-0,n012w8,0,5,500000,100.0,adaptive,2026-07-04T12:09:41+01:00,5,5,48,34348,94,0.000000,450,455,450,5,1.0989,LOCAL_BEST,1,777,0,53306,29095,153,569,1,87.8735,5000.0000,0,0,0,0,0,0
n012w8-0,n012w8,0,5,500000,100.0,adaptive,2026-07-04T12:09:41+01:00,5,1,48,34468,58,38.583001,815,825,815,10,1.2121,LOCAL_BEST,0,777,6402,57602,17002,154,120,-36,833.3333,0.0000,0,0,0,0,0,0
n012w8-0,n012w8,0,5,500000,100.0,adaptive,2026-07-04T12:09:41+01:00,5,1,48,34478,58,38.572341,725,815,725,90,11.0429,LOCAL_BEST,0,777,6402,57614,17011,155,10,0,90000.0000,0.0000,0,0,0,0,0,0
n012w8-0,n012w8,0,5,500000,100.0,adaptive,2026-07-04T12:09:41+01:00,5,5,48,34615,94,0.000000,435,450,435,15,3.3333,LOCAL_BEST,1,777,0,53678,29337,156,137,36,1094.8905,416.6667,0,0,0,0,0,0
n012w8-0,n012w8,0,5,500000,100.0,adaptive,2026-07-04T12:09:41+01:00,5,5,48,35393,95,0.000000,405,435,405,30,6.8966,GLOBAL_BEST,1,777,0,54808,30018,157,778,1,385.6041,30000.0000,0,0,0,0,0,0
n012w8-0,n012w8,0,5,500000,100.0,adaptive,2026-07-04T12:09:41+01:00,5,4,48,36613,102,36.362690,570,640,570,70,10.9375,LOCAL_BEST,1,777,6603,61141,18622,158,1220,7,573.7705,10000.0000,0,0,0,0,0,0
n012w8-0,n012w8,0,5,500000,100.0,adaptive,2026-07-04T12:09:41+01:00,5,1,48,36686,61,36.289418,675,725,675,50,6.8966,LOCAL_BEST,0,777,6637,61187,18547,159,73,-41,6849.3151,0.0000,0,0,0,0,0,0
n012w8-0,n012w8,0,5,500000,100.0,adaptive,2026-07-04T12:09:41+01:00,5,1,48,36787,61,36.188285,665,675,665,10,1.4815,LOCAL_BEST,0,777,6647,61329,18623,160,101,0,990.0990,0.0000,0,0,0,0,0,0
n012w8-0,n012w8,0,5,500000,100.0,adaptive,2026-07-04T12:09:41+01:00,5,2,48,37654,64,0.000000,730,755,730,25,3.3113,LOCAL_BEST,0,777,0,62645,20279,161,867,3,288.3506,8333.3333,0,0,0,0,0,0
n012w8-0,n012w8,0,5,500000,100.0,adaptive,2026-07-04T12:09:41+01:00,5,1,48,39187,65,33.866319,655,665,655,10,1.5038,LOCAL_BEST,0,777,6911,65301,20263,162,1533,1,65.2316,10000.0000,0,0,0,0,0,0
n012w8-0,n012w8,0,5,500000,100.0,adaptive,2026-07-04T12:09:41+01:00,5,1,48,39194,65,33.859770,625,655,625,30,4.5802,LOCAL_BEST,0,777,6911,65316,20269,163,7,0,42857.1429,0.0000,0,0,0,0,0,0
n012w8-0,n012w8,0,5,500000,100.0,adaptive,2026-07-04T12:09:41+01:00,5,1,48,39219,65,33.836388,595,625,595,30,4.8000,LOCAL_BEST,0,777,6912,65348,20287,164,25,0,12000.0000,0.0000,0,0,0,0,0,0
n012w8-0,n012w8,0,5,500000,100.0,adaptive,2026-07-04T12:09:41+01:00,5,1,48,39304,65,33.757012,580,595,580,15,2.5210,LOCAL_BEST,0,777,6915,65480,20358,165,85,0,1764.7059,0.0000,0,0,0,0,0,0
n012w8-0,n012w8,0,5,500000,100.0,adaptive,2026-07-04T12:09:41+01:00,5,2,48,40322,68,0.000000,720,730,720,10,1.3699,LOCAL_BEST,0,777,0,66646,22246,166,1018,3,98.2318,3333.3333,0,0,0,0,0,0
n012w8-0,n012w8,0,5,500000,100.0,adaptive,2026-07-04T12:09:41+01:00,5,2,48,41317,69,0.000000,685,720,685,35,4.8611,LOCAL_BEST,0,777,0,68249,23008,167,995,1,351.7588,35000.0000,0,0,0,0,0,0
n012w8-0,n012w8,0,5,500000,100.0,adaptive,2026-07-04T12:09:41+01:00,5,2,48,41319,69,0.000000,595,685,595,90,13.1387,LOCAL_BEST,0,777,0,68254,23009,168,2,0,450000.0000,0.0000,0,0,0,0,0,0
n012w8-0,n012w8,0,5,500000,100.0,adaptive,2026-07-04T12:09:41+01:00,5,5,48,43174,106,0.000000,390,405,390,15,3.7037,LOCAL_BEST,1,777,0,66118,36970,169,1855,37,80.8625,405.4054,0,0,0,0,0,0
n012w8-0,n012w8,0,5,500000,100.0,adaptive,2026-07-04T12:09:41+01:00,5,1,48,47148,78,27.179158,570,580,570,10,1.7241,LOCAL_BEST,0,777,7573,78494,26209,170,3974,-28,25.1636,0.0000,0,0,0,0,0,0
n012w8-0,n012w8,0,5,500000,100.0,adaptive,2026-07-04T12:09:41+01:00,5,4,48,48356,120,26.286938,555,570,555,15,2.6316,LOCAL_BEST,1,777,7626,80358,27154,171,1208,42,124.1722,357.1429,0,0,0,0,0,0
n012w8-0,n012w8,0,5,500000,100.0,adaptive,2026-07-04T12:09:41+01:00,5,1,48,50351,82,24.877114,540,570,540,30,5.2632,LOCAL_BEST,0,777,7763,83431,28739,172,1995,-38,150.3759,0.0000,0,0,0,0,0,0
n012w8-0,n012w8,0,5,500000,100.0,adaptive,2026-07-04T12:09:41+01:00,5,1,48,50352,82,24.876427,525,540,525,15,2.7778,LOCAL_BEST,0,777,7763,83431,28739,173,1,0,150000.0000,0.0000,0,0,0,0,0,0
n012w8-0,n012w8,0,5,500000,100.0,adaptive,2026-07-04T12:09:41+01:00,5,1,48,50404,82,24.840710,510,525,510,15,2.8571,LOCAL_BEST,0,777,7766,83504,28784,174,52,0,2884.6154,0.0000,0,0,0,0,0,0
n012w8-0,n012w8,0,5,500000,100.0,adaptive,2026-07-04T12:09:41+01:00,5,1,48,50407,82,24.838651,495,510,495,15,2.9412,LOCAL_BEST,0,777,7767,83513,28785,175,3,0,50000.0000,0.0000,0,0,0,0,0,0
n012w8-0,n012w8,0,5,500000,100.0,adaptive,2026-07-04T12:09:41+01:00,5,4,48,52324,127,23.557218,515,555,515,40,7.2072,LOCAL_BEST,1,777,7857,86777,30315,176,1917,45,208.6594,888.8889,0,0,0,0,0,0
n012w8-0,n012w8,0,5,500000,100.0,adaptive,2026-07-04T12:09:41+01:00,5,2,48,52360,86,0.000000,565,595,565,30,5.0420,LOCAL_BEST,0,777,0,85357,31562,177,36,-41,8333.3333,0.0000,0,0,0,0,0,0
n012w8-0,n012w8,0,5,500000,100.0,adaptive,2026-07-04T12:09:41+01:00,5,4,48,56097,136,21.225015,505,515,505,10,1.9417,LOCAL_BEST,1,777,8061,92519,33402,178,3737,50,26.7594,200.0000,0,0,0,0,0,0
n012w8-0,n012w8,0,5,500000,100.0,adaptive,2026-07-04T12:09:41+01:00,5,4,48,56244,136,21.138979,490,505,490,15,2.9703,LOCAL_BEST,1,777,8067,92718,33530,179,147,0,1020.4082,0.0000,0,0,0,0,0,0
n012w8-0,n012w8,0,5,500000,100.0,adaptive,2026-07-04T12:09:41+01:00,5,2,48,56597,93,0.000000,555,565,555,10,1.7699,LOCAL_BEST,0,777,0,92005,35068,180,353,-43,283.2861,0.0000,0,0,0,0,0,0
n012w8-0,n012w8,0,5,500000,100.0,adaptive,2026-07-04T12:09:41+01:00,5,4,48,57798,140,20.250512,485,490,485,5,1.0204,LOCAL_BEST,1,777,8127,95103,34883,181,1201,47,41.6320,106.3830,0,0,0,0,0,0
n012w8-0,n012w8,0,5,500000,100.0,adaptive,2026-07-04T12:09:41+01:00,5,4,48,57922,140,20.181247,455,485,455,30,6.1856,LOCAL_BEST,1,777,8131,95240,34991,182,124,0,2419.3548,0.0000,0,0,0,0,0,0
n012w8-0,n012w8,0,5,500000,100.0,adaptive,2026-07-04T12:09:41+01:00,5,4,48,58347,141,19.945641,430,455,430,25,5.4945,LOCAL_BEST,1,777,8144,95924,35363,183,425,1,588.2353,25000.0000,0,0,0,0,0,0
n012w8-0,n012w8,0,5,500000,100.0,adaptive,2026-07-04T12:09:41+01:00,5,2,48,58365,95,0.000000,530,555,530,25,4.5045,LOCAL_BEST,0,777,0,94792,36492,184,18,-46,13888.8889,0.0000,0,0,0,0,0,0
n012w8-0,n012w8,0,5,500000,100.0,adaptive,2026-07-04T12:09:41+01:00,5,7,48,60905,204,18.584548,440,465,440,25,5.3763,LOCAL_BEST,2,777,8238,98580,37425,185,2540,109,98.4252,229.3578,0,0,0,0,0,0
n012w8-0,n012w8,0,5,500000,100.0,adaptive,2026-07-04T12:09:41+01:00,5,7,48,60921,204,18.576334,425,440,425,15,3.4091,LOCAL_BEST,2,777,8238,98606,37440,186,16,0,9375.0000,0.0000,0,0,0,0,0,0
n012w8-0,n012w8,0,5,500000,100.0,adaptive,2026-07-04T12:09:41+01:00,5,1,48,61203,99,18.432150,485,495,485,10,2.0202,LOCAL_BEST,0,777,8309,100535,37653,187,282,-105,354.6099,0.0000,0,0,0,0,0,0
n012w8-0,n012w8,0,5,500000,100.0,adaptive,2026-07-04T12:09:41+01:00,5,4,48,65904,152,16.186912,400,430,400,30,6.9767,LOCAL_BEST,1,777,8442,107358,41750,188,4701,53,63.8162,566.0377,0,0,0,0,0,0
n012w8-0,n012w8,0,5,500000,100.0,adaptive,2026-07-04T12:09:41+01:00,5,7,48,66719,212,15.826468,415,425,415,10,2.3529,LOCAL_BEST,2,777,8423,107732,42490,189,815,60,122.6994,166.6667,0,0,0,0,0,0
n012w8-0,n012w8,0,5,500000,100.0,adaptive,2026-07-04T12:09:41+01:00,5,7,48,66937,212,15.731423,405,415,405,10,2.4096,LOCAL_BEST,2,777,8428,107989,42681,190,218,0,458.7156,0.0000,0,0,0,0,0,0
n012w8-0,n012w8,0,5,500000,100.0,adaptive,2026-07-04T12:09:41+01:00,5,7,48,67688,214,15.408345,390,405,390,15,3.7037,LOCAL_BEST,2,777,8442,109084,43360,191,751,2,199.7337,7500.0000,0,0,0,0,0,0
n012w8-0,n012w8,0,5,500000,100.0,adaptive,2026-07-04T12:09:41+01:00,5,1,48,67799,110,15.361160,475,485,475,10,2.0619,LOCAL_BEST,0,777,8545,110847,43304,192,111,-104,900.9009,0.0000,0,0,0,0,0,0
n012w8-0,n012w8,0,5,500000,100.0,adaptive,2026-07-04T12:09:41+01:00,5,1,48,68058,111,15.251621,465,475,465,10,2.1053,LOCAL_BEST,0,777,8552,111217,43533,193,259,1,386.1004,10000.0000,0,0,0,0,0,0
n012w8-0,n012w8,0,5,500000,100.0,adaptive,2026-07-04T12:09:41+01:00,5,1,48,68530,112,15.054003,455,465,455,10,2.1505,LOCAL_BEST,0,777,8562,111858,43952,194,472,1,211.8644,10000.0000,0,0,0,0,0,0
n012w8-0,n012w8,0,5,500000,100.0,adaptive,2026-07-04T12:09:41+01:00,5,2,48,68709,110,0.000000,520,530,520,10,1.8868,LOCAL_BEST,0,777,0,110891,45266,195,179,-2,558.6592,0.0000,0,0,0,0,0,0
n012w8-0,n012w8,0,5,500000,100.0,adaptive,2026-07-04T12:09:41+01:00,5,1,48,72268,118,13.576756,450,455,450,5,1.0989,LOCAL_BEST,0,777,8655,117554,47289,196,3559,8,14.0489,625.0000,0,0,0,0,0,0
n012w8-0,n012w8,0,5,500000,100.0,adaptive,2026-07-04T12:09:41+01:00,5,1,48,72302,118,13.564007,435,450,435,15,3.3333,LOCAL_BEST,0,777,8655,117592,47322,197,34,0,4411.7647,0.0000,0,0,0,0,0,0
n012w8-0,n012w8,0,5,500000,100.0,adaptive,2026-07-04T12:09:41+01:00,5,4,48,72442,162,13.511638,385,400,385,15,3.7500,LOCAL_BEST,1,777,8622,117268,47436,198,140,44,1071.4286,340.9091,0,0,0,0,0,0
n012w8-0,n012w8,0,5,500000,100.0,adaptive,2026-07-04T12:09:41+01:00,5,1,48,72494,119,13.492238,410,435,410,25,5.7471,LOCAL_BEST,0,777,8656,117852,47504,199,52,-43,4807.6923,0.0000,0,0,0,0,0,0
n012w8-0,n012w8,0,5,500000,100.0,adaptive,2026-07-04T12:09:41+01:00,5,7,48,72730,220,13.404543,385,390,385,5,1.2821,LOCAL_BEST,2,777,8569,117250,47777,200,236,101,211.8644,49.5050,0,0,0,0,0,0
n012w8-0,n012w8,0,5,500000,100.0,adaptive,2026-07-04T12:09:41+01:00,5,2,48,74856,122,0.000000,505,520,505,15,2.8846,LOCAL_BEST,0,777,0,120037,50503,201,2126,-98,70.5550,0.0000,0,0,0,0,0,0
n012w8-0,n012w8,0,5,500000,100.0,adaptive,2026-07-04T12:09:41+01:00,5,2,48,77915,127,0.000000,500,505,500,5,0.9901,LOCAL_BEST,0,777,0,124625,53227,202,3059,5,16.3452,1000.0000,0,0,0,0,0,0
n012w8-0,n012w8,0,5,500000,100.0,adaptive,2026-07-04T12:09:41+01:00,5,7,48,80717,232,10.749989,365,385,365,20,5.1948,LOCAL_BEST,2,777,8697,129910,55007,203,2802,105,71.3776,190.4762,0,0,0,0,0,0
n012w8-0,n012w8,0,5,500000,100.0,adaptive,2026-07-04T12:09:41+01:00,5,2,48,80847,131,0.000000,495,500,495,5,1.0000,LOCAL_BEST,0,777,0,129065,55810,204,130,-101,384.6154,0.0000,0,0,0,0,0,0
n012w8-0,n012w8,0,5,500000,100.0,adaptive,2026-07-04T12:09:41+01:00,5,7,48,80896,232,10.696951,355,365,355,10,2.7397,LOCAL_BEST,2,777,8697,130183,55176,205,49,101,2040.8163,99.0099,0,0,0,0,0,0
n012w8-0,n012w8,0,5,500000,100.0,adaptive,2026-07-04T12:09:41+01:00,5,2,48,80950,131,0.000000,480,495,480,15,3.0303,LOCAL_BEST,0,777,0,129280,55908,206,54,-101,2777.7778,0.0000,0,0,0,0,0,0
n012w8-0,n012w8,0,5,500000,100.0,adaptive,2026-07-04T12:09:41+01:00,5,2,48,80991,131,0.000000,455,480,455,25,5.2083,LOCAL_BEST,0,777,0,129332,55942,207,41,0,6097.5610,0.0000,0,0,0,0,0,0
n012w8-0,n012w8,0,5,500000,100.0,adaptive,2026-07-04T12:09:41+01:00,5,4,48,81617,178,10.485955,375,385,375,10,2.5974,LOCAL_BEST,1,777,8792,131008,55681,208,626,47,159.7444,212.7660,0,0,0,0,0,0
n012w8-0,n012w8,0,5,500000,100.0,adaptive,2026-07-04T12:09:41+01:00,5,4,48,82130,178,10.338368,370,375,370,5,1.3333,LOCAL_BEST,1,777,8798,131753,56160,209,513,0,97.4659,0.0000,0,0,0,0,0,0
n012w8-0,n012w8,0,5,500000,100.0,adaptive,2026-07-04T12:09:41+01:00,5,4,48,83730,181,9.891269,360,370,360,10,2.7027,LOCAL_BEST,1,777,8813,134178,57651,210,1600,3,62.5000,3333.3333,0,0,0,0,0,0
n012w8-0,n012w8,0,5,500000,100.0,adaptive,2026-07-04T12:09:41+01:00,5,7,48,90742,246,8.149069,340,355,340,15,4.2254,LOCAL_BEST,2,777,8778,144574,64151,211,7012,65,21.3919,230.7692,0,0,0,0,0,0
n012w8-0,n012w8,0,5,500000,100.0,adaptive,2026-07-04T12:09:41+01:00,5,5,48,90847,173,0.000000,380,390,380,10,2.5641,LOCAL_BEST,1,777,0,138508,81206,212,105,-73,952.3810,0.0000,0,0,0,0,0,0
n012w8-0,n012w8,0,5,500000,100.0,adaptive,2026-07-04T12:09:41+01:00,5,2,48,90897,146,0.000000,440,455,440,15,3.2967,LOCAL_BEST,0,777,0,145309,64753,213,50,-27,3000.0000,0.0000,0,0,0,0,0,0
n012w8-0,n012w8,0,5,500000,100.0,adaptive,2026-07-04T12:09:41+01:00,5,5,48,90987,173,0.000000,365,380,365,15,3.9474,LOCAL_BEST,1,777,0,138736,81336,214,90,27,1666.6667,555.5556,0,0,0,0,0,0
n012w8-0,n012w8,0,5,500000,100.0,adaptive,2026-07-04T12:09:41+01:00,5,2,48,94169,150,0.000000,430,440,430,10,2.2727,LOCAL_BEST,0,777,0,150316,67719,215,3182,-23,31.4268,0.0000,0,0,0,0,0,0
n012w8-0,n012w8,0,5,500000,100.0,adaptive,2026-07-04T12:09:41+01:00,5,5,48,102185,191,0.000000,355,365,355,10,2.7397,LOCAL_BEST,1,777,0,154826,91696,216,8016,41,12.4750,243.9024,0,0,0,0,0,0
n012w8-0,n012w8,0,5,500000,100.0,adaptive,2026-07-04T12:09:41+01:00,5,2,48,105340,167,0.000000,415,430,415,15,3.4884,LOCAL_BEST,0,777,0,168099,77919,217,3155,-24,47.5436,0.0000,0,0,0,0,0,0
n012w8-0,n012w8,0,5,500000,100.0,adaptive,2026-07-04T12:09:41+01:00,5,5,48,115428,213,0.000000,350,355,350,5,1.4085,LOCAL_BEST,1,777,0,173432,104048,218,10088,46,4.9564,108.6957,0,0,0,0,0,0
n012w8-0,n012w8,0,5,500000,100.0,adaptive,2026-07-04T12:09:41+01:00,5,2,48,116468,185,0.000000,410,415,410,5,1.2048,LOCAL_BEST,0,777,0,185298,88133,219,1040,-28,48.0769,0.0000,0,0,0,0,0,0
n012w8-0,n012w8,0,5,500000,100.0,adaptive,2026-07-04T12:09:41+01:00,5,2,48,122999,195,0.000000,395,410,395,15,3.6585,LOCAL_BEST,0,777,0,195026,94052,220,6531,10,22.9674,1500.0000,0,0,0,0,0,0
n012w8-0,n012w8,0,5,500000,100.0,adaptive,2026-07-04T12:09:41+01:00,5,2,48,123517,196,0.000000,385,395,385,10,2.5316,LOCAL_BEST,0,777,0,195765,94517,221,518,1,193.0502,10000.0000,0,0,0,0,0,0
n012w8-0,n012w8,0,5,500000,100.0,adaptive,2026-07-04T12:09:41+01:00,5,2,48,129074,204,0.000000,370,385,370,15,3.8961,LOCAL_BEST,0,777,0,204103,99533,222,5557,8,26.9930,1875.0000,0,0,0,0,0,0
n012w8-0,n012w8,0,5,500000,100.0,adaptive,2026-07-04T12:09:41+01:00,5,2,48,130117,205,0.000000,355,370,355,15,4.0541,LOCAL_BEST,0,777,0,205521,100472,223,1043,1,143.8159,15000.0000,0,0,0,0,0,0
n012w8-0,n012w8,0,5,500000,100.0,adaptive,2026-07-04T12:09:41+01:00,5,2,48,139553,219,0.000000,340,355,340,15,4.2254,LOCAL_BEST,0,777,0,219136,109018,224,9436,14,15.8966,1071.4286,0,0,0,0,0,0
n012w8-0,n012w8,0,5,500000,100.0,adaptive,2026-07-04T12:09:41+01:00,5,2,48,172182,266,0.000000,325,340,325,15,4.4118,LOCAL_BEST,0,777,0,267090,139474,225,32629,47,4.5971,319.1489,0,0,0,0,0,0
n012w8-0,n012w8,0,5,500000,100.0,adaptive,2026-07-04T12:09:41+01:00,6,3,59,1,0,0.000000,3265,3325,3265,60,1.8045,GLOBAL_BEST,0,123,0,0,0,1,1,0,600000.0000,0.0000,0,0,0,0,0,0
n012w8-0,n012w8,0,5,500000,100.0,adaptive,2026-07-04T12:09:41+01:00,6,1,59,2,0,99.997237,3295,3325,3295,30,0.9023,LOCAL_BEST,0,123,0,5,0,2,1,0,300000.0000,0.0000,0,0,0,0,0,0
n012w8-0,n012w8,0,5,500000,100.0,adaptive,2026-07-04T12:09:41+01:00,6,3,59,2,0,0.000000,2980,3265,2980,285,8.7289,GLOBAL_BEST,0,123,0,1,0,3,0,0,0.0000,0.0000,0,0,0,0,0,0
n012w8-0,n012w8,0,5,500000,100.0,adaptive,2026-07-04T12:09:41+01:00,6,2,59,2,0,0.000000,3025,3325,3025,300,9.0226,LOCAL_BEST,0,123,0,8,1,4,0,0,0.0000,0.0000,0,0,0,0,0,0
n012w8-0,n012w8,0,5,500000,100.0,adaptive,2026-07-04T12:09:41+01:00,6,3,59,3,0,0.000000,2815,2980,2815,165,5.5369,GLOBAL_BEST,0,123,0,3,0,5,1,0,1650000.0000,0.0000,0,0,0,0,0,0
n012w8-0,n012w8,0,5,500000,100.0,adaptive,2026-07-04T12:09:41+01:00,6,1,59,4,0,99.991711,3205,3295,3205,90,2.7314,LOCAL_BEST,0,123,0,13,1,6,1,0,900000.0000,0.0000,0,0,0,0,0,0
n012w8-0,n012w8,0,5,500000,100.0,adaptive,2026-07-04T12:09:41+01:00,6,3,59,5,0,0.000000,2575,2815,2575,240,8.5258,GLOBAL_BEST,0,123,0,4,0,7,1,0,2400000.0000,0.0000,0,0,0,0,0,0
n012w8-0,n012w8,0,5,500000,100.0,adaptive,2026-07-04T12:09:41+01:00,6,2,59,5,0,0.000000,2995,3025,2995,30,0.9917,LOCAL_BEST,0,123,0,14,1,8,0,0,0.0000,0.0000,0,0,0,0,0,0
n012w8-0,n012w8,0,5,500000,100.0,adaptive,2026-07-04T12:09:41+01:00,6,1,59,6,0,99.986185,3040,3205,3040,165,5.1482,LOCAL_BEST,0,123,1,24,1,9,1,0,1650000.0000,0.0000,0,0,0,0,0,0
n012w8-0,n012w8,0,5,500000,100.0,adaptive,2026-07-04T12:09:41+01:00,6,3,59,6,0,0.000000,2485,2575,2485,90,3.4951,GLOBAL_BEST,0,123,0,10,0,10,0,0,0.0000,0.0000,0,0,0,0,0,0
n012w8-0,n012w8,0,5,500000,100.0,adaptive,2026-07-04T12:09:41+01:00,6,1,59,8,0,99.980660,2800,3040,2800,240,7.8947,LOCAL_BEST,0,123,2,32,1,11,2,0,1200000.0000,0.0000,0,0,0,0,0,0
n012w8-0,n012w8,0,5,500000,100.0,adaptive,2026-07-04T12:09:41+01:00,6,2,59,9,0,0.000000,2965,2995,2965,30,1.0017,LOCAL_BEST,0,123,0,20,1,12,1,0,300000.0000,0.0000,0,0,0,0,0,0
n012w8-0,n012w8,0,5,500000,100.0,adaptive,2026-07-04T12:09:41+01:00,6,5,59,9,53,0.000000,510,555,510,45,8.1081,GLOBAL_BEST,1,123,0,16,6,13,0,53,0.0000,849.0566,0,0,0,0,0,0
n012w8-0,n012w8,0,5,500000,100.0,adaptive,2026-07-04T12:09:41+01:00,6,1,59,10,0,99.975135,2680,2800,2680,120,4.2857,LOCAL_BEST,0,123,2,37,1,14,1,-53,1200000.0000,0.0000,0,0,0,0,0,0
n012w8-0,n012w8,0,5,500000,100.0,adaptive,2026-07-04T12:09:41+01:00,6,1,59,11,0,99.972373,2605,2680,2605,75,2.7985,LOCAL_BEST,0,123,2,37,1,15,1,0,750000.0000,0.0000,0,0,0,0,0,0
n012w8-0,n012w8,0,5,500000,100.0,adaptive,2026-07-04T12:09:41+01:00,6,1,59,13,0,99.966848,2485,2605,2485,120,4.6065,LOCAL_BEST,0,123,3,40,1,16,2,0,600000.0000,0.0000,0,0,0,0,0,0
n012w8-0,n012w8,0,5,500000,100.0,adaptive,2026-07-04T12:09:41+01:00,6,1,59,15,0,99.961324,2415,2485,2415,70,2.8169,GLOBAL_BEST,0,123,4,49,1,17,2,0,350000.0000,0.0000,0,0,0,0,0,0
n012w8-0,n012w8,0,5,500000,100.0,adaptive,2026-07-04T12:09:41+01:00,6,2,59,16,0,0.000000,2845,2965,2845,120,4.0472,LOCAL_BEST,0,123,0,32,1,18,1,0,1200000.0000,0.0000,0,0,0,0,0,0
n012w8-0,n012w8,0,5,500000,100.0,adaptive,2026-07-04T12:09:41+01:00,6,3,59,16,0,0.000000,2330,2485,2330,155,6.2374,GLOBAL_BEST,0,123,3,31,0,19,0,0,0.0000,0.0000,0,0,0,0,0,0
n012w8-0,n012w8,0,5,500000,100.0,adaptive,2026-07-04T12:09:41+01:00,6,1,59,16,0,99.958562,2235,2415,2235,180,7.4534,GLOBAL_BEST,0,123,4,49,1,20,0,0,0.0000,0.0000,0,0,0,0,0,0
n012w8-0,n012w8,0,5,500000,100.0,adaptive,2026-07-04T12:09:41+01:00,6,3,59,17,0,0.000000,2315,2330,2315,15,0.6438,LOCAL_BEST,0,123,3,33,0,21,1,0,150000.0000,0.0000,0,0,0,0,0,0
n012w8-0,n012w8,0,5,500000,100.0,adaptive,2026-07-04T12:09:41+01:00,6,1,59,17,0,99.955800,2115,2235,2115,120,5.3691,GLOBAL_BEST,0,123,4,50,1,22,0,0,0.0000,0.0000,0,0,0,0,0,0
n012w8-0,n012w8,0,5,500000,100.0,adaptive,2026-07-04T12:09:41+01:00,6,3,59,18,0,0.000000,2195,2315,2195,120,5.1836,LOCAL_BEST,0,123,3,33,0,23,1,0,1200000.0000,0.0000,0,0,0,0,0,0
n012w8-0,n012w8,0,5,500000,100.0,adaptive,2026-07-04T12:09:41+01:00,6,2,59,19,0,0.000000,2770,2845,2770,75,2.6362,LOCAL_BEST,0,123,0,35,1,24,1,0,750000.0000,0.0000,0,0,0,0,0,0
n012w8-0,n012w8,0,5,500000,100.0,adaptive,2026-07-04T12:09:41+01:00,6,3,59,19,0,0.000000,2075,2195,2075,120,5.4670,GLOBAL_BEST,0,123,3,33,0,25,0,0,0.0000,0.0000,0,0,0,0,0,0
n012w8-0,n012w8,0,5,500000,100.0,adaptive,2026-07-04T12:09:41+01:00,6,2,59,20,0,0.000000,2740,2770,2740,30,1.0830,LOCAL_BEST,0,123,0,37,1,26,1,0,300000.0000,0.0000,0,0,0,0,0,0
n012w8-0,n012w8,0,5,500000,100.0,adaptive,2026-07-04T12:09:41+01:00,6,3,59,20,0,0.000000,1805,2075,1805,270,13.0120,GLOBAL_BEST,0,123,3,37,0,27,0,0,0.0000,0.0000,0,0,0,0,0,0
n012w8-0,n012w8,0,5,500000,100.0,adaptive,2026-07-04T12:09:41+01:00,6,2,59,21,0,0.000000,2620,2740,2620,120,4.3796,LOCAL_BEST,0,123,0,37,1,28,1,0,1200000.0000,0.0000,0,0,0,0,0,0
n012w8-0,n012w8,0,5,500000,100.0,adaptive,2026-07-04T12:09:41+01:00,6,1,59,21,0,99.944753,2055,2115,2055,60,2.8369,LOCAL_BEST,0,123,4,61,3,29,0,0,0.0000,0.0000,0,0,0,0,0,0
n012w8-0,n012w8,0,5,500000,100.0,adaptive,2026-07-04T12:09:41+01:00,6,1,59,26,0,99.930946,2025,2055,2025,30,1.4599,LOCAL_BEST,0,123,5,72,4,30,5,0,60000.0000,0.0000,0,0,0,0,0,0
n012w8-0,n012w8,0,5,500000,100.0,adaptive,2026-07-04T12:09:41+01:00,6,2,59,28,0,0.000000,2470,2620,2470,150,5.7252,LOCAL_BEST,0,123,0,52,1,31,2,0,750000.0000,0.0000,0,0,0,0,0,0
n012w8-0,n012w8,0,5,500000,100.0,adaptive,2026-07-04T12:09:41+01:00,6,2,59,30,0,0.000000,2275,2470,2275,195,7.8947,LOCAL_BEST,0,123,0,55,1,32,2,0,975000.0000,0.0000,0,0,0,0,0,0
n012w8-0,n012w8,0,5,500000,100.0,adaptive,2026-07-04T12:09:41+01:00,6,2,59,31,0,0.000000,2215,2275,2215,60,2.6374,LOCAL_BEST,0,123,0,55,1,33,1,0,600000.0000,0.0000,0,0,0,0,0,0
n012w8-0,n012w8,0,5,500000,100.0,adaptive,2026-07-04T12:09:41+01:00,6,1,59,32,0,99.914381,1725,2025,1725,300,14.8148,GLOBAL_BEST,0,123,6,91,7,34,1,0,3000000.0000,0.0000,0,0,0,0,0,0
n012w8-0,n012w8,0,5,500000,100.0,adaptive,2026-07-04T12:09:41+01:00,6,1,59,34,0,99.908859,1695,1725,1695,30,1.7391,GLOBAL_BEST,0,123,6,93,8,35,2,0,150000.0000,0.0000,0,0,0,0,0,0
n012w8-0,n012w8,0,5,500000,100.0,adaptive,2026-07-04T12:09:41+01:00,6,1,59,46,0,99.875738,1680,1695,1680,15,0.8850,GLOBAL_BEST,0,123,10,124,9,36,12,0,12500.0000,0.0000,0,0,0,0,0,0
n012w8-0,n012w8,0,5,500000,100.0,adaptive,2026-07-04T12:09:41+01:00,6,1,59,51,0,99.861940,1560,1680,1560,120,7.1429,GLOBAL_BEST,0,123,10,133,12,37,5,0,240000.0000,0.0000,0,0,0,0,0,0
n012w8-0,n012w8,0,5,500000,100.0,adaptive,2026-07-04T12:09:41+01:00,6,1,59,53,0,99.856422,1455,1560,1455,105,6.7308,GLOBAL_BEST,0,123,11,137,12,38,2,0,525000.0000,0.0000,0,0,0,0,0,0
n012w8-0,n012w8,0,5,500000,100.0,adaptive,2026-07-04T12:09:41+01:00,6,1,59,56,0,99.848145,1410,1455,1410,45,3.0928,GLOBAL_BEST,0,123,12,144,13,39,3,0,150000.0000,0.0000,0,0,0,0,0,0
n012w8-0,n012w8,0,5,500000,100.0,adaptive,2026-07-04T12:09:41+01:00,6,1,59,58,0,99.842627,1380,1410,1380,30,2.1277,GLOBAL_BEST,0,123,12,152,14,40,2,0,150000.0000,0.0000,0,0,0,0,0,0
n012w8-0,n012w8,0,5,500000,100.0,adaptive,2026-07-04T12:09:41+01:00,6,1,59,63,0,99.828834,1275,1380,1275,105,7.6087,GLOBAL_BEST,0,123,13,153,16,41,5,0,210000.0000,0.0000,0,0,0,0,0,0
n012w8-0,n012w8,0,5,500000,100.0,adaptive,2026-07-04T12:09:41+01:00,6,1,59,65,0,99.823318,1245,1275,1245,30,2.3529,GLOBAL_BEST,0,123,13,155,17,42,2,0,150000.0000,0.0000,0,0,0,0,0,0
n012w8-0,n012w8,0,5,500000,100.0,adaptive,2026-07-04T12:09:41+01:00,6,2,59,72,0,0.000000,1975,2215,1975,240,10.8352,LOCAL_BEST,0,123,0,125,1,43,7,0,342857.1429,0.0000,0,0,0,0,0,0
n012w8-0,n012w8,0,5,500000,100.0,adaptive,2026-07-04T12:09:41+01:00,6,2,59,103,0,0.000000,1940,1975,1940,35,1.7722,LOCAL_BEST,0,123,0,208,1,44,31,0,11290.3226,0.0000,0,0,0,0,0,0
n012w8-0,n012w8,0,5,500000,100.0,adaptive,2026-07-04T12:09:41+01:00,6,8,59,103,94,0.000000,285,300,285,15,5.0000,LOCAL_BEST,3,123,0,133,98,45,0,94,0.0000,159.5745,0,0,0,0,0,0
n012w8-0,n012w8,0,5,500000,100.0,adaptive,2026-07-04T12:09:41+01:00,6,2,59,104,0,0.000000,1820,1940,1820,120,6.1856,LOCAL_BEST,0,123,0,211,1,46,1,-94,1200000.0000,0.0000,0,0,0,0,0,0
n012w8-0,n012w8,0,5,500000,100.0,adaptive,2026-07-04T12:09:41+01:00,6,2,59,111,0,0.000000,1805,1820,1805,15,0.8242,LOCAL_BEST,0,123,0,226,1,47,7,0,21428.5714,0.0000,0,0,0,0,0,0
n012w8-0,n012w8,0,5,500000,100.0,adaptive,2026-07-04T12:09:41+01:00,6,2,59,116,0,0.000000,1445,1805,1445,360,19.9446,LOCAL_BEST,0,123,0,234,1,48,5,0,720000.0000,0.0000,0,0,0,0,0,0
n012w8-0,n012w8,0,5,500000,100.0,adaptive,2026-07-04T12:09:41+01:00,6,8,59,123,94,0.000000,270,285,270,15,5.2632,LOCAL_BEST,3,123,0,166,116,49,7,94,21428.5714,159.5745,0,0,0,0,0,0
n012w8-0,n012w8,0,5,500000,100.0,adaptive,2026-07-04T12:09:41+01:00,6,3,59,210,1,0.000000,1780,1805,1780,25,1.3850,LOCAL_BEST,0,123,70,385,7,50,87,-93,2873.5632,0.0000,0,0,0,0,0,0
n012w8-0,n012w8,0,5,500000,100.0,adaptive,2026-07-04T12:09:41+01:00,6,1,59,238,1,99.347284,1215,1245,1215,30,2.4096,GLOBAL_BEST,0,123,57,461,70,51,28,0,10714.2857,0.0000,0,0,0,0,0,0
n012w8-0,n012w8,0,5,500000,100.0,adaptive,2026-07-04T12:09:41+01:00,6,1,59,253,1,99.306117,1210,1215,1210,5,0.4115,GLOBAL_BEST,0,123,61,500,75,52,15,0,3333.3333,0.0000,0,0,0,0,0,0
n012w8-0,n012w8,0,5,500000,100.0,adaptive,2026-07-04T12:09:41+01:00,6,3,59,269,1,0.000000,1765,1780,1765,15,0.8427,LOCAL_BEST,0,123,91,481,10,53,16,0,9375.0000,0.0000,0,0,0,0,0,0
n012w8-0,n012w8,0,5,500000,100.0,adaptive,2026-07-04T12:09:41+01:00,6,3,59,289,1,0.000000,1735,1765,1735,30,1.6997,LOCAL_BEST,0,123,99,514,11,54,20,0,15000.0000,0.0000,0,0,0,0,0,0
n012w8-0,n012w8,0,5,500000,100.0,adaptive,2026-07-04T12:09:41+01:00,6,3,59,291,1,0.000000,1705,1735,1705,30,1.7291,LOCAL_BEST,0,123,99,523,12,55,2,0,150000.0000,0.0000,0,0,0,0,0,0
n012w8-0,n012w8,0,5,500000,100.0,adaptive,2026-07-04T12:09:41+01:00,6,11,59,326,94,0.000000,255,270,255,15,5.5556,LOCAL_BEST,4,123,0,520,297,56,35,93,4285.7143,161.2903,0,0,0,0,0,0
n012w8-0,n012w8,0,5,500000,100.0,adaptive,2026-07-04T12:09:41+01:00,6,5,59,355,53,0.000000,490,510,490,20,3.9216,GLOBAL_BEST,1,123,0,580,276,57,29,-41,6896.5517,0.0000,0,0,0,0,0,0
n012w8-0,n012w8,0,5,500000,100.0,adaptive,2026-07-04T12:09:41+01:00,6,11,59,359,94,0.000000,240,255,240,15,5.8824,LOCAL_BEST,4,123,0,568,325,58,4,41,37500.0000,365.8537,0,0,0,0,0,0
n012w8-0,n012w8,0,5,500000,100.0,adaptive,2026-07-04T12:09:41+01:00,6,2,59,401,1,0.000000,1405,1445,1405,40,2.7682,LOCAL_BEST,0,123,0,789,1,59,42,-93,9523.8095,0.0000,0,0,0,0,0,0
n012w8-0,n012w8,0,5,500000,100.0,adaptive,2026-07-04T12:09:41+01:00,6,5,59,471,53,0.000000,475,490,475,15,3.0612,GLOBAL_BEST,1,123,0,770,364,60,70,52,2142.8571,288.4615,0,0,0,0,0,0
n012w8-0,n012w8,0,5,500000,100.0,adaptive,2026-07-04T12:09:41+01:00,6,1,59,569,1,98.442810,1205,1210,1205,5,0.4132,GLOBAL_BEST,0,123,139,1079,180,61,98,-52,510.2041,0.0000,0,0,0,0,0,0
n012w8-0,n012w8,0,5,500000,100.0,adaptive,2026-07-04T12:09:41+01:00,6,5,59,569,53,0.000000,460,475,460,15,3.1579,GLOBAL_BEST,1,123,0,966,438,62,0,52,0.0000,288.4615,0,0,0,0,0,0
n012w8-0,n012w8,0,5,500000,100.0,adaptive,2026-07-04T12:09:41+01:00,6,3,59,572,1,0.000000,1690,1705,1690,15,0.8798,LOCAL_BEST,0,123,202,1013,25,63,3,-52,50000.0000,0.0000,0,0,0,0,0,0
n012w8-0,n012w8,0,5,500000,100.0,adaptive,2026-07-04T12:09:41+01:00,6,1,59,616,1,98.315049,1150,1205,1150,55,4.5643,GLOBAL_BEST,0,123,152,1160,193,64,44,0,12500.0000,0.0000,0,0,0,0,0,0
n012w8-0,n012w8,0,5,500000,100.0,adaptive,2026-07-04T12:09:41+01:00,6,1,59,621,1,98.301467,1120,1150,1120,30,2.6087,GLOBAL_BEST,0,123,153,1166,196,65,5,0,60000.0000,0.0000,0,0,0,0,0,0
n012w8-0,n012w8,0,5,500000,100.0,adaptive,2026-07-04T12:09:41+01:00,6,3,59,633,1,0.000000,1680,1690,1680,10,0.5917,LOCAL_BEST,0,123,227,1128,29,66,12,0,8333.3333,0.0000,0,0,0,0,0,0
n012w8-0,n012w8,0,5,500000,100.0,adaptive,2026-07-04T12:09:41+01:00,6,1,59,867,2,97.635555,1105,1120,1105,15,1.3393,GLOBAL_BEST,0,123,212,1696,271,67,234,1,641.0256,15000.0000,0,0,0,0,0,0
n012w8-0,n012w8,0,5,500000,100.0,adaptive,2026-07-04T12:09:41+01:00,6,1,59,869,2,97.630160,1090,1105,1090,15,1.3575,GLOBAL_BEST,0,123,212,1702,272,68,2,0,75000.0000,0.0000,0,0,0,0,0,0
n012w8-0,n012w8,0,5,500000,100.0,adaptive,2026-07-04T12:09:41+01:00,6,1,59,873,2,97.619370,1060,1090,1060,30,2.7523,GLOBAL_BEST,0,123,212,1713,275,69,4,0,75000.0000,0.0000,0,0,0,0,0,0
n012w8-0,n012w8,0,5,500000,100.0,adaptive,2026-07-04T12:09:41+01:00,6,1,59,874,2,97.616673,1030,1060,1030,30,2.8302,GLOBAL_BEST,0,123,212,1716,275,70,1,0,300000.0000,0.0000,0,0,0,0,0,0
n012w8-0,n012w8,0,5,500000,100.0,adaptive,2026-07-04T12:09:41+01:00,6,1,59,887,2,97.581615,1000,1030,1000,30,2.9126,GLOBAL_BEST,0,123,216,1738,278,71,13,0,23076.9231,0.0000,0,0,0,0,0,0
n012w8-0,n012w8,0,5,500000,100.0,adaptive,2026-07-04T12:09:41+01:00,6,1,59,894,2,97.562743,970,1000,970,30,3.0000,GLOBAL_BEST,0,123,217,1741,280,72,7,0,42857.1429,0.0000,0,0,0,0,0,0
n012w8-0,n012w8,0,5,500000,100.0,adaptive,2026-07-04T12:09:41+01:00,6,3,59,1131,2,0.000000,1665,1680,1665,15,0.8929,LOCAL_BEST,0,123,391,2127,53,73,237,0,632.9114,0.0000,0,0,0,0,0,0
n012w8-0,n012w8,0,5,500000,100.0,adaptive,2026-07-04T12:09:41+01:00,6,3,59,1132,2,0.000000,1485,1665,1485,180,10.8108,LOCAL_BEST,0,123,391,2127,53,74,1,0,1800000.0000,0.0000,0,0,0,0,0,0
n012w8-0,n012w8,0,5,500000,100.0,adaptive,2026-07-04T12:09:41+01:00,6,3,59,1133,2,0.000000,1440,1485,1440,45,3.0303,LOCAL_BEST,0,123,391,2130,53,75,1,0,450000.0000,0.0000,0,0,0,0,0,0
n012w8-0,n012w8,0,5,500000,100.0,adaptive,2026-07-04T12:09:41+01:00,6,11,59,1454,96,0.000000,235,240,235,5,2.0833,LOCAL_BEST,4,123,0,2437,1324,76,321,94,155.7632,53.1915,0,0,0,0,0,0
n012w8-0,n012w8,0,5,500000,100.0,adaptive,2026-07-04T12:09:41+01:00,6,11,59,1549,96,0.000000,225,235,225,10,4.2553,LOCAL_BEST,4,123,0,2577,1407,77,95,0,1052.6316,0.0000,0,0,0,0,0,0
n012w8-0,n012w8,0,5,500000,100.0,adaptive,2026-07-04T12:09:41+01:00,6,5,59,1580,55,0.000000,445,460,445,15,3.2609,GLOBAL_BEST,1,123,0,2797,1300,78,31,-41,4838.7097,0.0000,0,0,0,0,0,0
n012w8-0,n012w8,0,5,500000,100.0,adaptive,2026-07-04T12:09:41+01:00,6,5,59,1626,55,0.000000,400,445,400,45,10.1124,GLOBAL_BEST,1,123,0,2869,1337,79,46,0,9782.6087,0.0000,0,0,0,0,0,0
n012w8-0,n012w8,0,5,500000,100.0,adaptive,2026-07-04T12:09:41+01:00,6,14,59,2401,174,0.000000,210,220,210,10,4.5455,LOCAL_BEST,6,123,0,3647,2239,80,775,119,129.0323,84.0336,0,0,0,0,0,0
n012w8-0,n012w8,0,5,500000,100.0,adaptive,2026-07-04T12:09:41+01:00,6,2,59,2614,4,0.000000,1375,1405,1375,30,2.1352,LOCAL_BEST,0,123,0,5008,234,81,213,-170,1408.4507,0.0000,0,0,0,0,0,0
n012w8-0,n012w8,0,5,500000,100.0,adaptive,2026-07-04T12:09:41+01:00,6,2,59,2617,4,0.000000,1315,1375,1315,60,4.3636,LOCAL_BEST,0,123,0,5008,234,82,3,0,200000.0000,0.0000,0,0,0,0,0,0
n012w8-0,n012w8,0,5,500000,100.0,adaptive,2026-07-04T12:09:41+01:00,6,2,59,2618,4,0.000000,1255,1315,1255,60,4.5627,LOCAL_BEST,0,123,0,5009,234,83,1,0,600000.0000,0.0000,0,0,0,0,0,0
n012w8-0,n012w8,0,5,500000,100.0,adaptive,2026-07-04T12:09:41+01:00,6,3,59,3940,6,0.000000,1315,1440,1315,125,8.6806,LOCAL_BEST,0,123,1426,7570,161,84,1322,2,945.5371,62500.0000,0,0,0,0,0,0
n012w8-0,n012w8,0,5,500000,100.0,adaptive,2026-07-04T12:09:41+01:00,6,3,59,3941,6,0.000000,1225,1315,1225,90,6.8441,LOCAL_BEST,0,123,1426,7570,161,85,1,0,900000.0000,0.0000,0,0,0,0,0,0
n012w8-0,n012w8,0,5,500000,100.0,adaptive,2026-07-04T12:09:41+01:00,6,2,59,4222,7,0.000000,1210,1255,1210,45,3.5857,LOCAL_BEST,0,123,0,7885,703,86,281,1,1601.4235,45000.0000,0,0,0,0,0,0
n012w8-0,n012w8,0,5,500000,100.0,adaptive,2026-07-04T12:09:41+01:00,6,2,59,4223,7,0.000000,1150,1210,1150,60,4.9587,LOCAL_BEST,0,123,0,7889,703,87,1,0,600000.0000,0.0000,0,0,0,0,0,0
n012w8-0,n012w8,0,5,500000,100.0,adaptive,2026-07-04T12:09:41+01:00,6,2,59,4883,7,0.000000,1095,1150,1095,55,4.7826,LOCAL_BEST,0,123,0,9074,860,88,660,0,833.3333,0.0000,0,0,0,0,0,0
n012w8-0,n012w8,0,5,500000,100.0,adaptive,2026-07-04T12:09:41+01:00,6,1,59,5548,9,85.789868,950,970,950,20,2.0619,GLOBAL_BEST,0,123,1296,10189,1950,89,665,2,300.7519,10000.0000,0,0,0,0,0,0
n012w8-0,n012w8,0,5,500000,100.0,adaptive,2026-07-04T12:09:41+01:00,6,1,59,5549,9,85.787498,920,950,920,30,3.1579,GLOBAL_BEST,0,123,1296,10196,1950,90,1,0,300000.0000,0.0000,0,0,0,0,0,0
n012w8-0,n012w8,0,5,500000,100.0,adaptive,2026-07-04T12:09:41+01:00,6,5,59,5561,60,0.000000,390,400,390,10,2.5000,GLOBAL_BEST,1,123,0,9490,4569,91,12,51,8333.3333,196.0784,0,0,0,0,0,0
n012w8-0,n012w8,0,5,500000,100.0,adaptive,2026-07-04T12:09:41+01:00,6,1,59,7337,12,81.652221,910,920,910,10,1.0870,GLOBAL_BEST,0,123,1715,13452,2609,92,1776,-48,56.3063,0.0000,0,0,0,0,0,0
n012w8-0,n012w8,0,5,500000,100.0,adaptive,2026-07-04T12:09:41+01:00,6,1,59,7345,12,81.634173,880,910,880,30,3.2967,GLOBAL_BEST,0,123,1715,13474,2615,93,8,0,37500.0000,0.0000,0,0,0,0,0,0
n012w8-0,n012w8,0,5,500000,100.0,adaptive,2026-07-04T12:09:41+01:00,6,1,59,7361,12,81.598091,760,880,760,120,13.6364,GLOBAL_BEST,0,123,1716,13518,2623,94,16,0,75000.0000,0.0000,0,0,0,0,0,0
n012w8-0,n012w8,0,5,500000,100.0,adaptive,2026-07-04T12:09:41+01:00,6,1,59,7363,12,81.593582,730,760,730,30,3.9474,GLOBAL_BEST,0,123,1716,13521,2624,95,2,0,150000.0000,0.0000,0,0,0,0,0,0
n012w8-0,n012w8,0,5,500000,100.0,adaptive,2026-07-04T12:09:41+01:00,6,2,59,7490,12,0.000000,1060,1095,1060,35,3.1963,LOCAL_BEST,0,123,0,13757,1810,96,127,0,2755.9055,0.0000,0,0,0,0,0,0
n012w8-0,n012w8,0,5,500000,100.0,adaptive,2026-07-04T12:09:41+01:00,6,2,59,7617,12,0.000000,1050,1060,1050,10,0.9434,LOCAL_BEST,0,123,0,13945,1864,97,127,0,787.4016,0.0000,0,0,0,0,0,0
n012w8-0,n012w8,0,5,500000,100.0,adaptive,2026-07-04T12:09:41+01:00,6,2,59,7618,12,0.000000,1035,1050,1035,15,1.4286,LOCAL_BEST,0,123,0,13946,1864,98,1,0,150000.0000,0.0000,0,0,0,0,0,0
n012w8-0,n012w8,0,5,500000,100.0,adaptive,2026-07-04T12:09:41+01:00,6,2,59,9141,15,0.000000,1020,1035,1020,15,1.4493,LOCAL_BEST,0,123,0,16628,2453,99,1523,3,98.4898,5000.0000,0,0,0,0,0,0
n012w8-0,n012w8,0,5,500000,100.0,adaptive,2026-07-04T12:09:41+01:00,6,2,59,10198,17,0.000000,940,1020,940,80,7.8431,LOCAL_BEST,0,123,0,18436,2908,100,1057,2,756.8590,40000.0000,0,0,0,0,0,0
n012w8-0,n012w8,0,5,500000,100.0,adaptive,2026-07-04T12:09:41+01:00,6,2,59,10200,17,0.000000,910,940,910,30,3.1915,LOCAL_BEST,0,123,0,18441,2908,101,2,0,150000.0000,0.0000,0,0,0,0,0,0
n012w8-0,n012w8,0,5,500000,100.0,adaptive,2026-07-04T12:09:41+01:00,6,2,59,10208,17,0.000000,880,910,880,30,3.2967,LOCAL_BEST,0,123,0,18453,2910,102,8,0,37500.0000,0.0000,0,0,0,0,0,0
n012w8-0,n012w8,0,5,500000,100.0,adaptive,2026-07-04T12:09:41+01:00,6,5,59,10267,66,0.000000,385,390,385,5,1.2821,GLOBAL_BEST,1,123,0,16994,8564,103,59,49,847.4576,102.0408,0,0,0,0,0,0
n012w8-0,n012w8,0,5,500000,100.0,adaptive,2026-07-04T12:09:41+01:00,6,2,59,10358,17,0.000000,865,880,865,15,1.7045,LOCAL_BEST,0,123,0,18738,2970,104,91,-49,1648.3516,0.0000,0,0,0,0,0,0
n012w8-0,n012w8,0,5,500000,100.0,adaptive,2026-07-04T12:09:41+01:00,6,5,59,11876,68,0.000000,360,385,360,25,6.4935,GLOBAL_BEST,1,123,0,19518,9887,105,1518,51,164.6904,490.1961,0,0,0,0,0,0
n012w8-0,n012w8,0,5,500000,100.0,adaptive,2026-07-04T12:09:41+01:00,6,5,59,16614,75,0.000000,345,360,345,15,4.1667,GLOBAL_BEST,1,123,0,27171,13883,106,4738,7,31.6589,2142.8571,0,0,0,0,0,0
n012w8-0,n012w8,0,5,500000,100.0,adaptive,2026-07-04T12:09:41+01:00,6,2,59,17223,27,0.000000,795,865,795,70,8.0925,LOCAL_BEST,0,123,0,30896,6502,107,609,-48,1149.4253,0.0000,0,0,0,0,0,0
n012w8-0,n012w8,0,5,500000,100.0,adaptive,2026-07-04T12:09:41+01:00,6,2,59,17224,27,0.000000,765,795,765,30,3.7736,LOCAL_BEST,0,123,0,30896,6502,108,1,0,300000.0000,0.0000,0,0,0,0,0,0
n012w8-0,n012w8,0,5,500000,100.0,adaptive,2026-07-04T12:09:41+01:00,6,5,59,17259,76,0.000000,330,345,330,15,4.3478,GLOBAL_BEST,1,123,0,28213,14440,109,35,49,4285.7143,306.1224,0,0,0,0,0,0
n012w8-0,n012w8,0,5,500000,100.0,adaptive,2026-07-04T12:09:41+01:00,6,3,59,19511,31,0.000000,1180,1225,1180,45,3.6735,LOCAL_BEST,0,123,7200,37213,800,110,2252,-45,199.8224,0.0000,0,0,0,0,0,0
n012w8-0,n012w8,0,5,500000,100.0,adaptive,2026-07-04T12:09:41+01:00,6,3,59,19513,31,0.000000,1030,1180,1030,150,12.7119,LOCAL_BEST,0,123,7200,37215,800,111,2,0,750000.0000,0.0000,0,0,0,0,0,0
n012w8-0,n012w8,0,5,500000,100.0,adaptive,2026-07-04T12:09:41+01:00,6,1,59,20034,31,57.491548,715,730,715,15,2.0548,GLOBAL_BEST,0,123,4294,36401,8125,112,521,0,287.9079,0.0000,0,0,0,0,0,0
n012w8-0,n012w8,0,5,500000,100.0,adaptive,2026-07-04T12:09:41+01:00,6,1,59,20043,31,57.477252,685,715,685,30,4.1958,GLOBAL_BEST,0,123,4294,36414,8132,113,9,0,33333.3333,0.0000,0,0,0,0,0,0
n012w8-0,n012w8,0,5,500000,100.0,adaptive,2026-07-04T12:09:41+01:00,6,1,59,20049,31,57.467724,640,685,640,45,6.5693,GLOBAL_BEST,0,123,4294,36426,8137,114,6,0,75000.0000,0.0000,0,0,0,0,0,0
n012w8-0,n012w8,0,5,500000,100.0,adaptive,2026-07-04T12:09:41+01:00,6,2,59,21678,33,0.000000,750,765,750,15,1.9608,LOCAL_BEST,0,123,0,38653,9158,115,1629,2,92.0810,7500.0000,0,0,0,0,0,0
n012w8-0,n012w8,0,5,500000,100.0,adaptive,2026-07-04T12:09:41+01:00,6,5,59,21861,83,0.000000,325,330,325,5,1.5152,GLOBAL_BEST,1,123,0,35436,18432,116,183,50,273.2240,100.0000,0,0,0,0,0,0
n012w8-0,n012w8,0,5,500000,100.0,adaptive,2026-07-04T12:09:41+01:00,6,5,59,21921,83,0.000000,310,325,310,15,4.6154,GLOBAL_BEST,1,123,0,35539,18479,117,60,0,2500.0000,0.0000,0,0,0,0,0,0
n012w8-0,n012w8,0,5,500000,100.0,adaptive,2026-07-04T12:09:41+01:00,6,2,59,23617,36,0.000000,745,750,745,5,0.6667,LOCAL_BEST,0,123,0,42114,10377,118,1696,-47,29.4811,0.0000,0,0,0,0,0,0
n012w8-0,n012w8,0,5,500000,100.0,adaptive,2026-07-04T12:09:41+01:00,6,1,59,24442,38,50.898854,625,640,625,15,2.3438,GLOBAL_BEST,0,123,5062,44202,10448,119,825,2,181.8182,7500.0000,0,0,0,0,0,0
n012w8-0,n012w8,0,5,500000,100.0,adaptive,2026-07-04T12:09:41+01:00,6,1,59,24446,38,50.893228,610,625,610,15,2.4000,GLOBAL_BEST,0,123,5062,44203,10450,120,4,0,37500.0000,0.0000,0,0,0,0,0,0
n012w8-0,n012w8,0,5,500000,100.0,adaptive,2026-07-04T12:09:41+01:00,6,2,59,26153,40,0.000000,705,745,705,40,5.3691,LOCAL_BEST,0,123,0,46631,12012,121,1707,2,234.3292,20000.0000,0,0,0,0,0,0
n012w8-0,n012w8,0,5,500000,100.0,adaptive,2026-07-04T12:09:41+01:00,6,2,59,27267,42,0.000000,670,705,670,35,4.9645,LOCAL_BEST,0,123,0,48492,12756,122,1114,2,314.1831,17500.0000,0,0,0,0,0,0
n012w8-0,n012w8,0,5,500000,100.0,adaptive,2026-07-04T12:09:41+01:00,6,2,59,27885,43,0.000000,640,670,640,30,4.4776,LOCAL_BEST,0,123,0,49603,13160,123,618,1,485.4369,30000.0000,0,0,0,0,0,0
n012w8-0,n012w8,0,5,500000,100.0,adaptive,2026-07-04T12:09:41+01:00,6,5,59,28415,91,0.000000,300,310,300,10,3.2258,GLOBAL_BEST,1,123,0,45773,24203,124,530,48,188.6792,208.3333,0,0,0,0,0,0
n012w8-0,n012w8,0,5,500000,100.0,adaptive,2026-07-04T12:09:41+01:00,6,5,59,28417,91,0.000000,285,300,285,15,5.0000,GLOBAL_BEST,1,123,0,45775,24204,125,2,0,75000.0000,0.0000,0,0,0,0,0,0
n012w8-0,n012w8,0,5,500000,100.0,adaptive,2026-07-04T12:09:41+01:00,6,2,59,31103,47,0.000000,630,640,630,10,1.5625,LOCAL_BEST,0,123,0,54915,15228,126,2686,-44,37.2301,0.0000,0,0,0,0,0,0
n012w8-0,n012w8,0,5,500000,100.0,adaptive,2026-07-04T12:09:41+01:00,6,4,59,31494,103,41.887457,530,555,530,25,4.5045,LOCAL_BEST,1,123,5986,56458,14738,127,391,56,639.3862,446.4286,0,0,0,0,0,0
n012w8-0,n012w8,0,5,500000,100.0,adaptive,2026-07-04T12:09:41+01:00,6,4,59,31506,103,41.873571,440,530,440,90,16.9811,LOCAL_BEST,1,123,5986,56479,14748,128,12,0,75000.0000,0.0000,0,0,0,0,0,0
n012w8-0,n012w8,0,5,500000,100.0,adaptive,2026-07-04T12:09:41+01:00,6,2,59,33849,52,0.000000,615,630,615,15,2.3810,LOCAL_BEST,0,123,0,59471,17132,129,2343,-51,64.0205,0.0000,0,0,0,0,0,0
n012w8-0,n012w8,0,5,500000,100.0,adaptive,2026-07-04T12:09:41+01:00,6,2,59,34099,52,0.000000,610,615,610,5,0.8130,LOCAL_BEST,0,123,0,59846,17299,130,250,0,200.0000,0.0000,0,0,0,0,0,0
n012w8-0,n012w8,0,5,500000,100.0,adaptive,2026-07-04T12:09:41+01:00,6,2,59,34340,53,0.000000,555,610,555,55,9.0164,GLOBAL_BEST,0,123,0,60221,17462,131,241,1,2282.1577,55000.0000,0,0,0,0,0,0
n012w8-0,n012w8,0,5,500000,100.0,adaptive,2026-07-04T12:09:41+01:00,6,2,59,35212,54,0.000000,530,555,530,25,4.5045,LOCAL_BEST,0,123,0,61521,18070,132,872,1,286.6972,25000.0000,0,0,0,0,0,0
n012w8-0,n012w8,0,5,500000,100.0,adaptive,2026-07-04T12:09:41+01:00,6,5,59,36490,102,0.000000,265,285,265,20,7.0175,LOCAL_BEST,1,123,0,58872,31507,133,1278,48,156.4945,416.6667,0,0,0,0,0,0
n012w8-0,n012w8,0,5,500000,100.0,adaptive,2026-07-04T12:09:41+01:00,6,5,59,36731,102,0.000000,250,265,250,15,5.6604,LOCAL_BEST,1,123,0,59221,31713,134,241,0,622.4066,0.0000,0,0,0,0,0,0
n012w8-0,n012w8,0,5,500000,100.0,adaptive,2026-07-04T12:09:41+01:00,6,1,59,39437,61,33.633185,585,610,585,25,4.0984,LOCAL_BEST,0,123,7025,70395,19600,135,2706,-41,92.3873,0.0000,0,0,0,0,0,0
n012w8-0,n012w8,0,5,500000,100.0,adaptive,2026-07-04T12:09:41+01:00,6,1,59,39557,61,33.521852,550,585,550,35,5.9829,LOCAL_BEST,0,123,7035,70607,19685,136,120,0,2916.6667,0.0000,0,0,0,0,0,0
n012w8-0,n012w8,0,5,500000,100.0,adaptive,2026-07-04T12:09:41+01:00,6,1,59,39559,61,33.519999,490,550,490,60,10.9091,LOCAL_BEST,0,123,7035,70610,19686,137,2,0,300000.0000,0.0000,0,0,0,0,0,0
n012w8-0,n012w8,0,5,500000,100.0,adaptive,2026-07-04T12:09:41+01:00,6,2,59,39821,61,0.000000,520,530,520,10,1.8868,LOCAL_BEST,0,123,0,69249,21476,138,262,0,381.6794,0.0000,0,0,0,0,0,0
n012w8-0,n012w8,0,5,500000,100.0,adaptive,2026-07-04T12:09:41+01:00,6,3,59,39899,63,0.000000,985,1030,985,45,4.3689,LOCAL_BEST,0,123,14798,76106,1667,139,78,2,5769.2308,22500.0000,0,0,0,0,0,0
n012w8-0,n012w8,0,5,500000,100.0,adaptive,2026-07-04T12:09:41+01:00,6,1,59,42268,65,31.102550,475,490,475,15,3.0612,LOCAL_BEST,0,123,7287,75082,21555,140,2369,2,63.3179,7500.0000,0,0,0,0,0,0
n012w8-0,n012w8,0,5,500000,100.0,adaptive,2026-07-04T12:09:41+01:00,6,2,59,44483,67,0.000000,510,520,510,10,1.9231,LOCAL_BEST,0,123,0,76993,25005,141,2215,2,45.1467,5000.0000,0,0,0,0,0,0
n012w8-0,n012w8,0,5,500000,100.0,adaptive,2026-07-04T12:09:41+01:00,6,2,59,44638,67,0.000000,505,510,505,5,0.9804,LOCAL_BEST,0,123,0,77219,25115,142,155,0,322.5806,0.0000,0,0,0,0,0,0
n012w8-0,n012w8,0,5,500000,100.0,adaptive,2026-07-04T12:09:41+01:00,6,5,59,44759,112,0.000000,225,250,225,25,10.0000,LOCAL_BEST,1,123,0,72063,38952,143,121,45,2066.1157,555.5556,0,0,0,0,0,0
n012w8-0,n012w8,0,5,500000,100.0,adaptive,2026-07-04T12:09:41+01:00,6,1,59,46341,71,27.792013,450,475,450,25,5.2632,LOCAL_BEST,0,123,7654,81721,24410,144,1582,-41,158.0278,0.0000,0,0,0,0,0,0
n012w8-0,n012w8,0,5,500000,100.0,adaptive,2026-07-04T12:09:41+01:00,6,1,59,46345,71,27.788941,435,450,435,15,3.3333,LOCAL_BEST,0,123,7654,81724,24413,145,4,0,37500.0000,0.0000,0,0,0,0,0,0
n012w8-0,n012w8,0,5,500000,100.0,adaptive,2026-07-04T12:09:41+01:00,6,1,59,46376,71,27.765148,430,435,430,5,1.1494,LOCAL_BEST,0,123,7658,81776,24435,146,31,0,1612.9032,0.0000,0,0,0,0,0,0
n012w8-0,n012w8,0,5,500000,100.0,adaptive,2026-07-04T12:09:41+01:00,6,1,59,47209,72,27.133386,405,430,405,25,5.8140,LOCAL_BEST,0,123,7726,83164,25034,147,833,1,300.1200,25000.0000,0,0,0,0,0,0
n012w8-0,n012w8,0,5,500000,100.0,adaptive,2026-07-04T12:09:41+01:00,6,2,59,49293,75,0.000000,480,505,480,25,4.9505,LOCAL_BEST,0,123,0,84657,28746,148,2084,3,119.9616,8333.3333,0,0,0,0,0,0
n012w8-0,n012w8,0,5,500000,100.0,adaptive,2026-07-04T12:09:41+01:00,6,2,59,49302,75,0.000000,435,480,435,45,9.3750,LOCAL_BEST,0,123,0,84695,28751,149,9,0,50000.0000,0.0000,0,0,0,0,0,0
n012w8-0,n012w8,0,5,500000,100.0,adaptive,2026-07-04T12:09:41+01:00,6,1,59,51289,78,24.240635,400,405,400,5,1.2346,LOCAL_BEST,0,123,8004,90218,28145,150,1987,3,25.1636,1666.6667,0,0,0,0,0,0
n012w8-0,n012w8,0,5,500000,100.0,adaptive,2026-07-04T12:09:41+01:00,6,1,59,51334,78,24.210513,385,400,385,15,3.7500,LOCAL_BEST,0,123,8005,90286,28185,151,45,0,3333.3333,0.0000,0,0,0,0,0,0
n012w8-0,n012w8,0,5,500000,100.0,adaptive,2026-07-04T12:09:41+01:00,6,4,59,54695,155,22.063378,430,440,430,10,2.2727,LOCAL_BEST,1,123,8066,96149,31322,152,3361,77,29.7530,129.8701,0,0,0,0,0,0
n012w8-0,n012w8,0,5,500000,100.0,adaptive,2026-07-04T12:09:41+01:00,6,4,59,54854,155,21.966659,415,430,415,15,3.4884,LOCAL_BEST,1,123,8073,96413,31454,153,159,0,943.3962,0.0000,0,0,0,0,0,0
n012w8-0,n012w8,0,5,500000,100.0,adaptive,2026-07-04T12:09:41+01:00,6,1,59,54914,83,21.930271,370,385,370,15,3.8961,LOCAL_BEST,0,123,8179,95959,31106,154,60,-72,2500.0000,0.0000,0,0,0,0,0,0
n012w8-0,n012w8,0,5,500000,100.0,adaptive,2026-07-04T12:09:41+01:00,6,4,59,55094,155,21.821470,400,415,400,15,3.6145,LOCAL_BEST,1,123,8086,96851,31648,155,180,72,833.3333,208.3333,0,0,0,0,0,0
n012w8-0,n012w8,0,5,500000,100.0,adaptive,2026-07-04T12:09:41+01:00,6,4,59,55102,155,21.816647,385,400,385,15,3.7500,LOCAL_BEST,1,123,8086,96870,31655,156,8,0,18750.0000,0.0000,0,0,0,0,0,0
n012w8-0,n012w8,0,5,500000,100.0,adaptive,2026-07-04T12:09:41+01:00,6,4,59,55225,156,21.742626,370,385,370,15,3.8961,LOCAL_BEST,1,123,8089,97053,31762,157,123,1,1219.5122,15000.0000,0,0,0,0,0,0
n012w8-0,n012w8,0,5,500000,100.0,adaptive,2026-07-04T12:09:41+01:00,6,7,59,55538,195,21.555396,280,300,280,20,6.6667,LOCAL_BEST,2,123,8146,95581,31999,158,313,39,638.9776,512.8205,0,0,0,0,0,0
n012w8-0,n012w8,0,5,500000,100.0,adaptive,2026-07-04T12:09:41+01:00,6,7,59,55546,195,21.550631,265,280,265,15,5.3571,LOCAL_BEST,2,123,8146,95603,32005,159,8,0,18750.0000,0.0000,0,0,0,0,0,0
n012w8-0,n012w8,0,5,500000,100.0,adaptive,2026-07-04T12:09:41+01:00,6,1,59,55792,85,21.404644,310,370,310,60,16.2162,LOCAL_BEST,0,123,8224,97408,31801,160,246,-110,2439.0244,0.0000,0,0,0,0,0,0
n012w8-0,n012w8,0,5,500000,100.0,adaptive,2026-07-04T12:09:41+01:00,6,2,59,56473,85,0.000000,415,435,415,20,4.5977,LOCAL_BEST,0,123,0,96282,34368,161,681,0,293.6858,0.0000,0,0,0,0,0,0
n012w8-0,n012w8,0,5,500000,100.0,adaptive,2026-07-04T12:09:41+01:00,6,2,59,59586,89,0.000000,375,415,375,40,9.6386,LOCAL_BEST,0,123,0,101403,36914,162,3113,4,128.4934,10000.0000,0,0,0,0,0,0
n012w8-0,n012w8,0,5,500000,100.0,adaptive,2026-07-04T12:09:41+01:00,6,4,59,60727,166,18.676178,345,370,345,25,6.7568,LOCAL_BEST,1,123,8301,106101,36447,163,1141,77,219.1060,324.6753,0,0,0,0,0,0
n012w8-0,n012w8,0,5,500000,100.0,adaptive,2026-07-04T12:09:41+01:00,6,4,59,60820,166,18.628248,330,345,330,15,4.3478,LOCAL_BEST,1,123,8304,106234,36526,164,93,0,1612.9032,0.0000,0,0,0,0,0,0
n012w8-0,n012w8,0,5,500000,100.0,adaptive,2026-07-04T12:09:41+01:00,6,1,59,61230,92,18.418404,270,310,270,40,12.9032,GLOBAL_BEST,0,123,8464,105872,36202,165,410,-74,975.6098,0.0000,0,0,0,0,0,0
n012w8-0,n012w8,0,5,500000,100.0,adaptive,2026-07-04T12:09:41+01:00,6,1,59,61411,92,18.326520,255,270,255,15,5.5556,GLOBAL_BEST,0,123,8471,106173,36356,166,181,0,828.7293,0.0000,0,0,0,0,0,0
n012w8-0,n012w8,0,5,500000,100.0,adaptive,2026-07-04T12:09:41+01:00,6,1,59,61426,92,18.318926,225,255,225,30,11.7647,GLOBAL_BEST,0,123,8471,106203,36369,167,15,0,20000.0000,0.0000,0,0,0,0,0,0
n012w8-0,n012w8,0,5,500000,100.0,adaptive,2026-07-04T12:09:41+01:00,6,2,59,62166,92,0.000000,370,375,370,5,1.3333,LOCAL_BEST,0,123,0,105645,39073,168,740,0,67.5676,0.0000,0,0,0,0,0,0
n012w8-0,n012w8,0,5,500000,100.0,adaptive,2026-07-04T12:09:41+01:00,6,2,59,62544,93,0.000000,360,370,360,10,2.7027,LOCAL_BEST,0,123,0,106262,39393,169,378,1,264.5503,10000.0000,0,0,0,0,0,0
n012w8-0,n012w8,0,5,500000,100.0,adaptive,2026-07-04T12:09:41+01:00,6,4,59,62981,169,17.548500,300,330,300,30,9.0909,LOCAL_BEST,1,123,8382,109684,38367,170,437,76,686.4989,394.7368,0,0,0,0,0,0
n012w8-0,n012w8,0,5,500000,100.0,adaptive,2026-07-04T12:09:41+01:00,6,4,59,63726,170,17.190955,285,300,285,15,5.0000,LOCAL_BEST,1,123,8401,110841,39038,171,745,1,201.3423,15000.0000,0,0,0,0,0,0
n012w8-0,n012w8,0,5,500000,100.0,adaptive,2026-07-04T12:09:41+01:00,6,4,59,63804,170,17.153944,270,285,270,15,5.2632,LOCAL_BEST,1,123,8401,110922,39112,172,78,0,1923.0769,0.0000,0,0,0,0,0,0
n012w8-0,n012w8,0,5,500000,100.0,adaptive,2026-07-04T12:09:41+01:00,6,4,59,67405,174,15.529304,240,270,240,30,11.1111,LOCAL_BEST,1,123,8499,116400,42243,173,3601,4,83.3102,7500.0000,0,0,0,0,0,0
n012w8-0,n012w8,0,5,500000,100.0,adaptive,2026-07-04T12:09:41+01:00,6,4,59,68469,176,15.079398,225,240,225,15,6.2500,LOCAL_BEST,1,123,8530,118006,43171,174,1064,2,140.9774,7500.0000,0,0,0,0,0,0
n012w8-0,n012w8,0,5,500000,100.0,adaptive,2026-07-04T12:09:41+01:00,6,13,59,73719,310,13.043195,210,220,210,10,4.5455,LOCAL_BEST,5,123,8699,126160,47231,175,5250,134,19.0476,74.6269,0,0,0,0,0,0
n012w8-0,n012w8,0,5,500000,100.0,adaptive,2026-07-04T12:09:41+01:00,6,13,59,73753,310,13.030948,195,210,195,15,7.1429,LOCAL_BEST,5,123,8699,126228,47262,176,34,0,4411.7647,0.0000,0,0,0,0,0,0
n012w8-0,n012w8,0,5,500000,100.0,adaptive,2026-07-04T12:09:41+01:00,6,2,59,73773,115,0.000000,355,360,355,5,1.3889,LOCAL_BEST,0,123,0,124379,48863,177,20,-195,2500.0000,0.0000,0,0,0,0,0,0
n012w8-0,n012w8,0,5,500000,100.0,adaptive,2026-07-04T12:09:41+01:00,6,13,59,73897,310,12.979202,180,195,180,15,7.6923,GLOBAL_BEST,5,123,8702,126479,47394,178,124,195,1209.6774,76.9231,0,0,0,0,0,0
n012w8-0,n012w8,0,5,500000,100.0,adaptive,2026-07-04T12:09:41+01:00,6,2,59,74547,116,0.000000,330,355,330,25,7.0423,LOCAL_BEST,0,123,0,125569,49532,179,650,-194,384.6154,0.0000,0,0,0,0,0,0
n012w8-0,n012w8,0,5,500000,100.0,adaptive,2026-07-04T12:09:41+01:00,6,2,59,74816,117,0.000000,325,330,325,5,1.5152,LOCAL_BEST,0,123,0,125913,49768,180,269,1,185.8736,5000.0000,0,0,0,0,0,0
n012w8-0,n012w8,0,5,500000,100.0,adaptive,2026-07-04T12:09:41+01:00,6,4,59,75987,189,12.250900,210,225,210,15,6.6667,LOCAL_BEST,1,123,8699,129767,49861,181,1171,72,128.0956,208.3333,0,0,0,0,0,0
n012w8-0,n012w8,0,5,500000,100.0,adaptive,2026-07-04T12:09:41+01:00,6,10,59,80405,239,10.843063,255,270,255,15,5.5556,LOCAL_BEST,4,123,8895,136885,53160,182,4418,50,33.9520,300.0000,0,0,0,0,0,0
n012w8-0,n012w8,0,5,500000,100.0,adaptive,2026-07-04T12:09:41+01:00,6,10,59,80462,239,10.825999,240,255,240,15,5.8824,LOCAL_BEST,4,123,8896,136984,53212,183,57,0,2631.5789,0.0000,0,0,0,0,0,0
n012w8-0,n012w8,0,5,500000,100.0,adaptive,2026-07-04T12:09:41+01:00,6,2,59,84130,134,0.000000,315,325,315,10,3.0769,LOCAL_BEST,0,123,0,140617,57790,184,3668,-105,27.2628,0.0000,0,0,0,0,0,0
n012w8-0,n012w8,0,5,500000,100.0,adaptive,2026-07-04T12:09:41+01:00,6,2,59,84153,134,0.000000,300,315,300,15,4.7619,LOCAL_BEST,0,123,0,140639,57809,185,23,0,6521.7391,0.0000,0,0,0,0,0,0
n012w8-0,n012w8,0,5,500000,100.0,adaptive,2026-07-04T12:09:41+01:00,6,2,59,84228,135,0.000000,285,300,285,15,5.0000,LOCAL_BEST,0,123,0,140746,57874,186,75,1,2000.0000,15000.0000,0,0,0,0,0,0
n012w8-0,n012w8,0,5,500000,100.0,adaptive,2026-07-04T12:09:41+01:00,6,10,59,90222,254,8.267001,225,240,225,15,6.2500,LOCAL_BEST,4,123,8987,152784,62323,187,5994,119,25.0250,126.0504,0,0,0,0,0,0
n012w8-0,n012w8,0,5,500000,100.0,adaptive,2026-07-04T12:09:41+01:00,6,4,59,90958,215,8.100578,195,210,195,15,7.1429,GLOBAL_BEST,1,123,8876,153699,63687,188,736,-39,203.8043,0.0000,0,0,0,0,0,0
n012w8-0,n012w8,0,5,500000,100.0,adaptive,2026-07-04T12:09:41+01:00,6,2,59,93035,155,0.000000,280,285,280,5,1.7544,LOCAL_BEST,0,123,0,154156,65628,189,2077,-60,24.0732,0.0000,0,0,0,0,0,0
n012w8-0,n012w8,0,5,500000,100.0,adaptive,2026-07-04T12:09:41+01:00,6,2,59,93267,155,0.000000,270,280,270,10,3.5714,LOCAL_BEST,0,123,0,154447,65839,190,232,0,431.0345,0.0000,0,0,0,0,0,0
n012w8-0,n012w8,0,5,500000,100.0,adaptive,2026-07-04T12:09:41+01:00,6,7,59,93578,252,7.534874,255,265,255,10,3.7736,LOCAL_BEST,2,123,8960,158516,66015,191,311,97,321.5434,103.0928,0,0,0,0,0,0
n012w8-0,n012w8,0,5,500000,100.0,adaptive,2026-07-04T12:09:41+01:00,6,2,59,94019,156,0.000000,265,270,265,5,1.8519,LOCAL_BEST,0,123,0,155687,66500,192,441,-96,113.3787,0.0000,0,0,0,0,0,0
n012w8-0,n012w8,0,5,500000,100.0,adaptive,2026-07-04T12:09:41+01:00,6,2,59,95502,157,0.000000,250,265,250,15,5.6604,LOCAL_BEST,0,123,0,158252,67849,193,1483,1,101.1463,15000.0000,0,0,0,0,0,0
n012w8-0,n012w8,0,5,500000,100.0,adaptive,2026-07-04T12:09:41+01:00,6,2,59,98155,161,0.000000,240,250,240,10,4.0000,LOCAL_BEST,0,123,0,162460,70220,194,2653,4,37.6932,2500.0000,0,0,0,0,0,0
n012w8-0,n012w8,0,5,500000,100.0,adaptive,2026-07-04T12:09:41+01:00,6,2,59,99402,163,0.000000,235,240,235,5,2.0833,LOCAL_BEST,0,123,0,164594,71309,195,1247,2,40.0962,2500.0000,0,0,0,0,0,0
n012w8-0,n012w8,0,5,500000,100.0,adaptive,2026-07-04T12:09:41+01:00,6,7,59,103201,267,5.775638,235,255,235,20,7.8431,LOCAL_BEST,2,123,8995,173788,75127,196,3799,104,52.6454,192.3077,0,0,0,0,0,0
n012w8-0,n012w8,0,5,500000,100.0,adaptive,2026-07-04T12:09:41+01:00,6,2,59,103894,169,0.000000,220,235,220,15,6.3830,GLOBAL_BEST,0,123,0,171682,75260,197,693,-98,216.4502,0.0000,0,0,0,0,0,0
n012w8-0,n012w8,0,5,500000,100.0,adaptive,2026-07-04T12:09:41+01:00,6,2,59,104903,170,0.000000,210,220,210,10,4.5455,GLOBAL_BEST,0,123,0,173298,76167,198,1009,1,99.1080,10000.0000,0,0,0,0,0,0
n012w8-0,n012w8,0,5,500000,100.0,adaptive,2026-07-04T12:09:41+01:00,6,1,59,111426,171,4.601379,265,225,225,0,0.0000,REHEAT,0,123,9059,187370,82032,199,6523,1,0.0000,0.0000,0,0,0,0,0,0
n012w8-0,n012w8,0,5,500000,100.0,adaptive,2026-07-04T12:09:41+01:00,6,13,59,123897,397,3.260138,250,180,180,0,0.0000,REHEAT,5,123,8979,206665,93884,200,12471,226,0.0000,0.0000,0,0,0,0,0,0
n012w8-0,n012w8,0,5,500000,100.0,adaptive,2026-07-04T12:09:41+01:00,6,4,59,140958,296,2.034717,195,195,195,0,0.0000,REHEAT,1,123,8942,235705,111300,201,17061,-101,0.0000,0.0000,0,0,0,0,0,0
n012w8-0,n012w8,0,5,500000,100.0,adaptive,2026-07-04T12:09:41+01:00,6,1,59,161426,258,25.118864,590,225,225,0,0.0000,REHEAT,0,123,16859,273845,109330,202,20468,-38,0.0000,0.0000,0,0,0,0,0,0
n012w8-0,n012w8,0,5,500000,100.0,adaptive,2026-07-04T12:09:41+01:00,6,13,59,173897,504,25.118864,505,180,180,0,0.0000,REHEAT,5,123,16681,293273,121410,203,12471,246,0.0000,0.0000,0,0,0,0,0,0
n012w8-0,n012w8,0,5,500000,100.0,adaptive,2026-07-04T12:09:41+01:00,6,4,59,190958,392,25.118864,660,195,195,0,0.0000,REHEAT,1,123,16781,323356,138463,204,17061,-112,0.0000,0.0000,0,0,0,0,0,0
n012w8-0,n012w8,0,5,500000,100.0,adaptive,2026-07-04T12:09:41+01:00,6,1,59,211426,352,25.118864,555,225,225,0,0.0000,REHEAT,0,123,24764,361050,136798,205,20468,-40,0.0000,0.0000,0,0,0,0,0,0
n012w8-0,n012w8,0,5,500000,100.0,adaptive,2026-07-04T12:09:41+01:00,6,13,59,223897,585,25.118864,610,180,180,0,0.0000,REHEAT,5,123,24533,380951,148872,206,12471,233,0.0000,0.0000,0,0,0,0,0,0
n012w8-0,n012w8,0,5,500000,100.0,adaptive,2026-07-04T12:09:41+01:00,6,4,59,240958,475,25.118864,790,195,195,0,0.0000,REHEAT,1,123,24413,410057,166044,207,17061,-110,0.0000,0.0000,0,0,0,0,0,0
n012w8-0,n012w8,0,5,500000,100.0,adaptive,2026-07-04T12:09:41+01:00,6,1,59,261426,455,25.118864,445,225,225,0,0.0000,REHEAT,0,123,32430,448250,164400,208,20468,-20,0.0000,0.0000,0,0,0,0,0,0
n012w8-0,n012w8,0,5,500000,100.0,adaptive,2026-07-04T12:09:41+01:00,6,13,59,273897,686,25.118864,540,180,180,0,0.0000,REHEAT,5,123,32242,468026,176443,209,12471,231,0.0000,0.0000,0,0,0,0,0,0
n012w8-0,n012w8,0,5,500000,100.0,adaptive,2026-07-04T12:09:41+01:00,6,4,59,290958,585,25.118864,565,195,195,0,0.0000,REHEAT,1,123,32276,497624,193368,210,17061,-101,0.0000,0.0000,0,0,0,0,0,0
n012w8-0,n012w8,0,5,500000,100.0,adaptive,2026-07-04T12:09:41+01:00,6,1,59,311426,564,25.118864,630,225,225,0,0.0000,REHEAT,0,123,40191,535046,191981,211,20468,-21,0.0000,0.0000,0,0,0,0,0,0
n012w8-0,n012w8,0,5,500000,100.0,adaptive,2026-07-04T12:09:41+01:00,6,13,59,323897,784,25.118864,720,180,180,0,0.0000,REHEAT,5,123,40017,555969,203914,212,12471,220,0.0000,0.0000,0,0,0,0,0,0
n012w8-0,n012w8,0,5,500000,100.0,adaptive,2026-07-04T12:09:41+01:00,6,4,59,340958,685,25.118864,715,195,195,0,0.0000,REHEAT,1,123,40093,584941,220817,213,17061,-99,0.0000,0.0000,0,0,0,0,0,0
n012w8-0,n012w8,0,5,500000,100.0,adaptive,2026-07-04T12:09:41+01:00,6,1,59,361426,661,25.118864,805,225,225,0,0.0000,REHEAT,0,123,48136,621890,219210,214,20468,-24,0.0000,0.0000,0,0,0,0,0,0
n012w8-0,n012w8,0,5,500000,100.0,adaptive,2026-07-04T12:09:41+01:00,6,13,59,373897,887,25.118864,685,180,180,0,0.0000,REHEAT,5,123,47730,641875,231497,215,12471,226,0.0000,0.0000,0,0,0,0,0,0
n012w8-0,n012w8,0,5,500000,100.0,adaptive,2026-07-04T12:09:41+01:00,6,4,59,390958,798,25.118864,405,195,195,0,0.0000,REHEAT,1,123,47862,671738,248191,216,17061,-89,0.0000,0.0000,0,0,0,0,0,0
n012w8-0,n012w8,0,5,500000,100.0,adaptive,2026-07-04T12:09:41+01:00,6,1,59,411426,770,25.118864,575,225,225,0,0.0000,REHEAT,0,123,55735,708775,247058,217,20468,-28,0.0000,0.0000,0,0,0,0,0,0
n012w8-0,n012w8,0,5,500000,100.0,adaptive,2026-07-04T12:09:41+01:00,6,13,59,423897,974,25.118864,660,180,180,0,0.0000,REHEAT,5,123,55569,727743,259138,218,12471,204,0.0000,0.0000,0,0,0,0,0,0
n012w8-0,n012w8,0,5,500000,100.0,adaptive,2026-07-04T12:09:41+01:00,6,4,59,440958,898,25.118864,800,195,195,0,0.0000,REHEAT,1,123,55547,759082,275697,219,17061,-76,0.0000,0.0000,0,0,0,0,0,0
n012w8-0,n012w8,0,5,500000,100.0,adaptive,2026-07-04T12:09:41+01:00,6,1,59,461426,870,25.118864,640,225,225,0,0.0000,REHEAT,0,123,63573,795904,274321,220,20468,-28,0.0000,0.0000,0,0,0,0,0,0
n012w8-0,n012w8,0,5,500000,100.0,adaptive,2026-07-04T12:09:41+01:00,6,13,59,473897,1065,25.118864,480,180,180,0,0.0000,REHEAT,5,123,63250,815158,286971,221,12471,195,0.0000,0.0000,0,0,0,0,0,0
n012w8-0,n012w8,0,5,500000,100.0,adaptive,2026-07-04T12:09:41+01:00,6,4,59,490958,992,25.118864,790,195,195,0,0.0000,REHEAT,1,123,63404,845962,303180,222,17061,-73,0.0000,0.0000,0,0,0,0,0,0
n012w8-0,n012w8,0,5,500000,100.0,adaptive,2026-07-04T12:09:41+01:00,7,2,75,1,0,0.000000,3265,3325,3265,60,1.8045,LOCAL_BEST,0,777,0,2,0,1,1,0,600000.0000,0.0000,0,0,0,0,0,0
n012w8-0,n012w8,0,5,500000,100.0,adaptive,2026-07-04T12:09:41+01:00,7,1,75,2,0,99.997237,3295,3325,3295,30,0.9023,GLOBAL_BEST,0,777,0,8,0,2,1,0,300000.0000,0.0000,0,0,0,0,0,0
n012w8-0,n012w8,0,5,500000,100.0,adaptive,2026-07-04T12:09:41+01:00,7,3,75,2,0,0.000000,3175,3325,3175,150,4.5113,LOCAL_BEST,0,777,0,1,0,3,0,0,0.0000,0.0000,0,0,0,0,0,0
n012w8-0,n012w8,0,5,500000,100.0,adaptive,2026-07-04T12:09:41+01:00,7,2,75,2,0,0.000000,3260,3265,3260,5,0.1531,LOCAL_BEST,0,777,0,5,0,4,0,0,0.0000,0.0000,0,0,0,0,0,0
n012w8-0,n012w8,0,5,500000,100.0,adaptive,2026-07-04T12:09:41+01:00,7,5,75,2,43,0.000000,645,655,645,10,1.5267,LOCAL_BEST,1,777,0,1,1,5,0,43,0.0000,232.5581,0,0,0,0,0,0
n012w8-0,n012w8,0,5,500000,100.0,adaptive,2026-07-04T12:09:41+01:00,7,3,75,3,0,0.000000,3160,3175,3160,15,0.4724,LOCAL_BEST,0,777,0,1,0,6,1,-43,150000.0000,0.0000,0,0,0,0,0,0
n012w8-0,n012w8,0,5,500000,100.0,adaptive,2026-07-04T12:09:41+01:00,7,1,75,6,0,99.986185,3235,3295,3235,60,1.8209,GLOBAL_BEST,0,777,0,12,0,7,3,0,200000.0000,0.0000,0,0,0,0,0,0
n012w8-0,n012w8,0,5,500000,100.0,adaptive,2026-07-04T12:09:41+01:00,7,5,75,9,43,0.000000,595,645,595,50,7.7519,LOCAL_BEST,1,777,0,26,5,8,3,43,166666.6667,1162.7907,0,0,0,0,0,0
n012w8-0,n012w8,0,5,500000,100.0,adaptive,2026-07-04T12:09:41+01:00,7,2,75,13,0,0.000000,3190,3260,3190,70,2.1472,LOCAL_BEST,0,777,0,45,3,9,4,-43,175000.0000,0.0000,0,0,0,0,0,0
n012w8-0,n012w8,0,5,500000,100.0,adaptive,2026-07-04T12:09:41+01:00,7,3,75,14,0,0.000000,3080,3160,3080,80,2.5316,LOCAL_BEST,0,777,4,24,0,10,1,0,800000.0000,0.0000,0,0,0,0,0,0
n012w8-0,n012w8,0,5,500000,100.0,adaptive,2026-07-04T12:09:41+01:00,7,2,75,14,0,0.000000,3010,3190,3010,180,5.6426,LOCAL_BEST,0,777,0,45,3,11,0,0,0.0000,0.0000,0,0,0,0,0,0
n012w8-0,n012w8,0,5,500000,100.0,adaptive,2026-07-04T12:09:41+01:00,7,1,75,15,0,99.961324,3140,3235,3140,95,2.9366,GLOBAL_BEST,0,777,2,27,0,12,1,0,950000.0000,0.0000,0,0,0,0,0,0
n012w8-0,n012w8,0,5,500000,100.0,adaptive,2026-07-04T12:09:41+01:00,7,1,75,16,0,99.958562,3110,3140,3110,30,0.9554,GLOBAL_BEST,0,777,2,29,0,13,1,0,300000.0000,0.0000,0,0,0,0,0,0
n012w8-0,n012w8,0,5,500000,100.0,adaptive,2026-07-04T12:09:41+01:00,7,3,75,16,0,0.000000,3035,3080,3035,45,1.4610,LOCAL_BEST,0,777,5,30,0,14,0,0,0.0000,0.0000,0,0,0,0,0,0
n012w8-0,n012w8,0,5,500000,100.0,adaptive,2026-07-04T12:09:41+01:00,7,1,75,18,0,99.953038,3050,3110,3050,60,1.9293,GLOBAL_BEST,0,777,2,37,0,15,2,0,300000.0000,0.0000,0,0,0,0,0,0
n012w8-0,n012w8,0,5,500000,100.0,adaptive,2026-07-04T12:09:41+01:00,7,3,75,20,0,0.000000,2835,3035,2835,200,6.5898,LOCAL_BEST,0,777,6,38,0,16,2,0,1000000.0000,0.0000,0,0,0,0,0,0
n012w8-0,n012w8,0,5,500000,100.0,adaptive,2026-07-04T12:09:41+01:00,7,1,75,21,0,99.944753,2885,3050,2885,165,5.4098,GLOBAL_BEST,0,777,3,37,0,17,1,0,1650000.0000,0.0000,0,0,0,0,0,0
n012w8-0,n012w8,0,5,500000,100.0,adaptive,2026-07-04T12:09:41+01:00,7,3,75,21,0,0.000000,2805,2835,2805,30,1.0582,LOCAL_BEST,0,777,6,38,0,18,0,0,0.0000,0.0000,0,0,0,0,0,0
n012w8-0,n012w8,0,5,500000,100.0,adaptive,2026-07-04T12:09:41+01:00,7,1,75,22,0,99.941992,2860,2885,2860,25,0.8666,GLOBAL_BEST,0,777,3,40,0,19,1,0,250000.0000,0.0000,0,0,0,0,0,0
n012w8-0,n012w8,0,5,500000,100.0,adaptive,2026-07-04T12:09:41+01:00,7,5,75,24,43,0.000000,580,595,580,15,2.5210,GLOBAL_BEST,1,777,0,40,12,20,2,43,75000.0000,348.8372,0,0,0,0,0,0
n012w8-0,n012w8,0,5,500000,100.0,adaptive,2026-07-04T12:09:41+01:00,7,1,75,27,0,99.928185,2795,2860,2795,65,2.2727,GLOBAL_BEST,0,777,4,54,2,21,3,-43,216666.6667,0.0000,0,0,0,0,0,0
n012w8-0,n012w8,0,5,500000,100.0,adaptive,2026-07-04T12:09:41+01:00,7,1,75,29,0,99.922663,2770,2795,2770,25,0.8945,GLOBAL_BEST,0,777,4,56,3,22,2,0,125000.0000,0.0000,0,0,0,0,0,0
n012w8-0,n012w8,0,5,500000,100.0,adaptive,2026-07-04T12:09:41+01:00,7,1,75,30,0,99.919902,2650,2770,2650,120,4.3321,GLOBAL_BEST,0,777,4,59,3,23,1,0,1200000.0000,0.0000,0,0,0,0,0,0
n012w8-0,n012w8,0,5,500000,100.0,adaptive,2026-07-04T12:09:41+01:00,7,1,75,31,0,99.917141,2635,2650,2635,15,0.5660,GLOBAL_BEST,0,777,4,69,3,24,1,0,150000.0000,0.0000,0,0,0,0,0,0
n012w8-0,n012w8,0,5,500000,100.0,adaptive,2026-07-04T12:09:41+01:00,7,2,75,31,0,0.000000,2755,3010,2755,255,8.4718,LOCAL_BEST,0,777,0,79,3,25,0,0,0.0000,0.0000,0,0,0,0,0,0
n012w8-0,n012w8,0,5,500000,100.0,adaptive,2026-07-04T12:09:41+01:00,7,1,75,32,0,99.914381,2545,2635,2545,90,3.4156,GLOBAL_BEST,0,777,4,70,3,26,1,0,900000.0000,0.0000,0,0,0,0,0,0
n012w8-0,n012w8,0,5,500000,100.0,adaptive,2026-07-04T12:09:41+01:00,7,2,75,32,0,0.000000,2680,2755,2680,75,2.7223,LOCAL_BEST,0,777,0,84,3,27,0,0,0.0000,0.0000,0,0,0,0,0,0
n012w8-0,n012w8,0,5,500000,100.0,adaptive,2026-07-04T12:09:41+01:00,7,1,75,34,0,99.908859,2380,2545,2380,165,6.4833,GLOBAL_BEST,0,777,4,76,3,28,2,0,825000.0000,0.0000,0,0,0,0,0,0
n012w8-0,n012w8,0,5,500000,100.0,adaptive,2026-07-04T12:09:41+01:00,7,1,75,38,0,99.897817,2350,2380,2350,30,1.2605,GLOBAL_BEST,0,777,4,86,5,29,4,0,75000.0000,0.0000,0,0,0,0,0,0
n012w8-0,n012w8,0,5,500000,100.0,adaptive,2026-07-04T12:09:41+01:00,7,1,75,40,0,99.892297,2345,2350,2345,5,0.2128,GLOBAL_BEST,0,777,5,87,5,30,2,0,25000.0000,0.0000,0,0,0,0,0,0
n012w8-0,n012w8,0,5,500000,100.0,adaptive,2026-07-04T12:09:41+01:00,7,1,75,42,0,99.886777,2195,2345,2195,150,6.3966,GLOBAL_BEST,0,777,5,90,6,31,2,0,750000.0000,0.0000,0,0,0,0,0,0
n012w8-0,n012w8,0,5,500000,100.0,adaptive,2026-07-04T12:09:41+01:00,7,8,75,45,77,0.000000,345,375,345,30,8.0000,GLOBAL_BEST,3,777,0,65,40,32,3,77,100000.0000,389.6104,0,0,0,0,0,0
n012w8-0,n012w8,0,5,500000,100.0,adaptive,2026-07-04T12:09:41+01:00,7,2,75,47,0,0.000000,2590,2680,2590,90,3.3582,LOCAL_BEST,0,777,0,96,3,33,2,-77,450000.0000,0.0000,0,0,0,0,0,0
n012w8-0,n012w8,0,5,500000,100.0,adaptive,2026-07-04T12:09:41+01:00,7,2,75,48,0,0.000000,2530,2590,2530,60,2.3166,LOCAL_BEST,0,777,0,97,3,34,1,0,600000.0000,0.0000,0,0,0,0,0,0
n012w8-0,n012w8,0,5,500000,100.0,adaptive,2026-07-04T12:09:41+01:00,7,2,75,49,0,0.000000,2435,2530,2435,95,3.7549,LOCAL_BEST,0,777,0,98,3,35,1,0,950000.0000,0.0000,0,0,0,0,0,0
n012w8-0,n012w8,0,5,500000,100.0,adaptive,2026-07-04T12:09:41+01:00,7,1,75,50,0,99.864700,2165,2195,2165,30,1.3667,GLOBAL_BEST,0,777,6,115,10,36,1,0,300000.0000,0.0000,0,0,0,0,0,0
n012w8-0,n012w8,0,5,500000,100.0,adaptive,2026-07-04T12:09:41+01:00,7,2,75,50,0,0.000000,2405,2435,2405,30,1.2320,LOCAL_BEST,0,777,0,98,3,37,0,0,0.0000,0.0000,0,0,0,0,0,0
n012w8-0,n012w8,0,5,500000,100.0,adaptive,2026-07-04T12:09:41+01:00,7,1,75,54,0,99.853663,2105,2165,2105,60,2.7714,GLOBAL_BEST,0,777,7,131,10,38,4,0,150000.0000,0.0000,0,0,0,0,0,0
n012w8-0,n012w8,0,5,500000,100.0,adaptive,2026-07-04T12:09:41+01:00,7,1,75,55,0,99.850904,2075,2105,2075,30,1.4252,GLOBAL_BEST,0,777,7,131,10,39,1,0,300000.0000,0.0000,0,0,0,0,0,0
n012w8-0,n012w8,0,5,500000,100.0,adaptive,2026-07-04T12:09:41+01:00,7,1,75,56,0,99.848145,2045,2075,2045,30,1.4458,GLOBAL_BEST,0,777,7,132,10,40,1,0,300000.0000,0.0000,0,0,0,0,0,0
n012w8-0,n012w8,0,5,500000,100.0,adaptive,2026-07-04T12:09:41+01:00,7,3,75,57,0,0.000000,2610,2805,2610,195,6.9519,LOCAL_BEST,0,777,16,98,2,41,1,0,1950000.0000,0.0000,0,0,0,0,0,0
n012w8-0,n012w8,0,5,500000,100.0,adaptive,2026-07-04T12:09:41+01:00,7,1,75,61,0,99.834351,2030,2045,2030,15,0.7335,GLOBAL_BEST,0,777,8,143,13,42,4,0,37500.0000,0.0000,0,0,0,0,0,0
n012w8-0,n012w8,0,5,500000,100.0,adaptive,2026-07-04T12:09:41+01:00,7,2,75,62,0,0.000000,2345,2405,2345,60,2.4948,LOCAL_BEST,0,777,0,122,3,43,1,0,600000.0000,0.0000,0,0,0,0,0,0
n012w8-0,n012w8,0,5,500000,100.0,adaptive,2026-07-04T12:09:41+01:00,7,1,75,63,0,99.828834,2000,2030,2000,30,1.4778,GLOBAL_BEST,0,777,8,143,14,44,1,0,300000.0000,0.0000,0,0,0,0,0,0
n012w8-0,n012w8,0,5,500000,100.0,adaptive,2026-07-04T12:09:41+01:00,7,2,75,65,0,0.000000,2315,2345,2315,30,1.2793,LOCAL_BEST,0,777,0,134,3,45,2,0,150000.0000,0.0000,0,0,0,0,0,0
n012w8-0,n012w8,0,5,500000,100.0,adaptive,2026-07-04T12:09:41+01:00,7,2,75,68,0,0.000000,2300,2315,2300,15,0.6479,LOCAL_BEST,0,777,0,138,3,46,3,0,50000.0000,0.0000,0,0,0,0,0,0
n012w8-0,n012w8,0,5,500000,100.0,adaptive,2026-07-04T12:09:41+01:00,7,1,75,68,0,99.815043,1960,2000,1960,40,2.0000,GLOBAL_BEST,0,777,9,155,16,47,0,0,0.0000,0.0000,0,0,0,0,0,0
n012w8-0,n012w8,0,5,500000,100.0,adaptive,2026-07-04T12:09:41+01:00,7,1,75,69,0,99.812285,1900,1960,1900,60,3.0612,GLOBAL_BEST,0,777,9,155,16,48,1,0,600000.0000,0.0000,0,0,0,0,0,0
n012w8-0,n012w8,0,5,500000,100.0,adaptive,2026-07-04T12:09:41+01:00,7,2,75,69,0,0.000000,2285,2300,2285,15,0.6522,LOCAL_BEST,0,777,0,138,3,49,0,0,0.0000,0.0000,0,0,0,0,0,0
n012w8-0,n012w8,0,5,500000,100.0,adaptive,2026-07-04T12:09:41+01:00,7,1,75,70,0,99.809528,1810,1900,1810,90,4.7368,GLOBAL_BEST,0,777,9,155,16,50,1,0,900000.0000,0.0000,0,0,0,0,0,0
n012w8-0,n012w8,0,5,500000,100.0,adaptive,2026-07-04T12:09:41+01:00,7,2,75,70,0,0.000000,2165,2285,2165,120,5.2516,LOCAL_BEST,0,777,0,140,3,51,0,0,0.0000,0.0000,0,0,0,0,0,0
n012w8-0,n012w8,0,5,500000,100.0,adaptive,2026-07-04T12:09:41+01:00,7,1,75,71,0,99.806770,1750,1810,1750,60,3.3149,GLOBAL_BEST,0,777,9,165,16,52,1,0,600000.0000,0.0000,0,0,0,0,0,0
n012w8-0,n012w8,0,5,500000,100.0,adaptive,2026-07-04T12:09:41+01:00,7,1,75,75,0,99.795739,1690,1750,1690,60,3.4286,GLOBAL_BEST,0,777,9,176,18,53,4,0,150000.0000,0.0000,0,0,0,0,0,0
n012w8-0,n012w8,0,5,500000,100.0,adaptive,2026-07-04T12:09:41+01:00,7,2,75,79,0,0.000000,2065,2165,2065,100,4.6189,LOCAL_BEST,0,777,0,156,3,54,4,0,250000.0000,0.0000,0,0,0,0,0,0
n012w8-0,n012w8,0,5,500000,100.0,adaptive,2026-07-04T12:09:41+01:00,7,2,75,80,0,0.000000,2005,2065,2005,60,2.9056,LOCAL_BEST,0,777,0,156,3,55,1,0,600000.0000,0.0000,0,0,0,0,0,0
n012w8-0,n012w8,0,5,500000,100.0,adaptive,2026-07-04T12:09:41+01:00,7,3,75,81,0,0.000000,2535,2610,2535,75,2.8736,LOCAL_BEST,0,777,22,138,3,56,1,0,750000.0000,0.0000,0,0,0,0,0,0
n012w8-0,n012w8,0,5,500000,100.0,adaptive,2026-07-04T12:09:41+01:00,7,2,75,81,0,0.000000,1830,2005,1830,175,8.7282,LOCAL_BEST,0,777,0,156,3,57,0,0,0.0000,0.0000,0,0,0,0,0,0
n012w8-0,n012w8,0,5,500000,100.0,adaptive,2026-07-04T12:09:41+01:00,7,2,75,87,0,0.000000,1815,1830,1815,15,0.8197,LOCAL_BEST,0,777,0,161,3,58,6,0,25000.0000,0.0000,0,0,0,0,0,0
n012w8-0,n012w8,0,5,500000,100.0,adaptive,2026-07-04T12:09:41+01:00,7,2,75,89,0,0.000000,1785,1815,1785,30,1.6529,LOCAL_BEST,0,777,0,178,3,59,2,0,150000.0000,0.0000,0,0,0,0,0,0
n012w8-0,n012w8,0,5,500000,100.0,adaptive,2026-07-04T12:09:41+01:00,7,2,75,90,0,0.000000,1695,1785,1695,90,5.0420,LOCAL_BEST,0,777,0,183,3,60,1,0,900000.0000,0.0000,0,0,0,0,0,0
n012w8-0,n012w8,0,5,500000,100.0,adaptive,2026-07-04T12:09:41+01:00,7,2,75,91,0,0.000000,1665,1695,1665,30,1.7699,GLOBAL_BEST,0,777,0,185,3,61,1,0,300000.0000,0.0000,0,0,0,0,0,0
n012w8-0,n012w8,0,5,500000,100.0,adaptive,2026-07-04T12:09:41+01:00,7,2,75,92,0,0.000000,1650,1665,1650,15,0.9009,LOCAL_BEST,0,777,0,185,3,62,1,0,150000.0000,0.0000,0,0,0,0,0,0
n012w8-0,n012w8,0,5,500000,100.0,adaptive,2026-07-04T12:09:41+01:00,7,3,75,96,0,0.000000,2465,2535,2465,70,2.7613,LOCAL_BEST,0,777,29,152,3,63,4,0,175000.0000,0.0000,0,0,0,0,0,0
n012w8-0,n012w8,0,5,500000,100.0,adaptive,2026-07-04T12:09:41+01:00,7,1,75,97,0,99.735094,1575,1690,1575,115,6.8047,GLOBAL_BEST,0,777,17,213,26,64,1,0,1150000.0000,0.0000,0,0,0,0,0,0
n012w8-0,n012w8,0,5,500000,100.0,adaptive,2026-07-04T12:09:41+01:00,7,3,75,98,0,0.000000,2425,2465,2425,40,1.6227,LOCAL_BEST,0,777,29,155,3,65,1,0,400000.0000,0.0000,0,0,0,0,0,0
n012w8-0,n012w8,0,5,500000,100.0,adaptive,2026-07-04T12:09:41+01:00,7,3,75,99,0,0.000000,2410,2425,2410,15,0.6186,LOCAL_BEST,0,777,29,155,3,66,1,0,150000.0000,0.0000,0,0,0,0,0,0
n012w8-0,n012w8,0,5,500000,100.0,adaptive,2026-07-04T12:09:41+01:00,7,1,75,101,0,99.724071,1515,1575,1515,60,3.8095,GLOBAL_BEST,0,777,17,220,28,67,2,0,300000.0000,0.0000,0,0,0,0,0,0
n012w8-0,n012w8,0,5,500000,100.0,adaptive,2026-07-04T12:09:41+01:00,7,1,75,105,0,99.713050,1500,1515,1500,15,0.9901,GLOBAL_BEST,0,777,17,232,29,68,4,0,37500.0000,0.0000,0,0,0,0,0,0
n012w8-0,n012w8,0,5,500000,100.0,adaptive,2026-07-04T12:09:41+01:00,7,3,75,109,0,0.000000,2395,2410,2395,15,0.6224,LOCAL_BEST,0,777,31,187,3,69,4,0,37500.0000,0.0000,0,0,0,0,0,0
n012w8-0,n012w8,0,5,500000,100.0,adaptive,2026-07-04T12:09:41+01:00,7,1,75,115,0,99.685502,1450,1500,1450,50,3.3333,GLOBAL_BEST,0,777,19,247,31,70,6,0,83333.3333,0.0000,0,0,0,0,0,0
n012w8-0,n012w8,0,5,500000,100.0,adaptive,2026-07-04T12:09:41+01:00,7,3,75,116,0,0.000000,2245,2395,2245,150,6.2630,LOCAL_BEST,0,777,34,202,3,71,1,0,1500000.0000,0.0000,0,0,0,0,0,0
n012w8-0,n012w8,0,5,500000,100.0,adaptive,2026-07-04T12:09:41+01:00,7,1,75,120,0,99.671731,1400,1450,1400,50,3.4483,GLOBAL_BEST,0,777,21,264,33,72,4,0,125000.0000,0.0000,0,0,0,0,0,0
n012w8-0,n012w8,0,5,500000,100.0,adaptive,2026-07-04T12:09:41+01:00,7,3,75,128,0,0.000000,2165,2245,2165,80,3.5635,LOCAL_BEST,0,777,40,222,3,73,8,0,100000.0000,0.0000,0,0,0,0,0,0
n012w8-0,n012w8,0,5,500000,100.0,adaptive,2026-07-04T12:09:41+01:00,7,3,75,129,0,0.000000,2135,2165,2135,30,1.3857,LOCAL_BEST,0,777,40,222,3,74,1,0,300000.0000,0.0000,0,0,0,0,0,0
n012w8-0,n012w8,0,5,500000,100.0,adaptive,2026-07-04T12:09:41+01:00,7,3,75,140,0,0.000000,1990,2135,1990,145,6.7916,LOCAL_BEST,0,777,44,246,3,75,11,0,131818.1818,0.0000,0,0,0,0,0,0
n012w8-0,n012w8,0,5,500000,100.0,adaptive,2026-07-04T12:09:41+01:00,7,1,75,140,0,99.616665,1310,1400,1310,90,6.4286,GLOBAL_BEST,0,777,25,321,39,76,0,0,0.0000,0.0000,0,0,0,0,0,0
n012w8-0,n012w8,0,5,500000,100.0,adaptive,2026-07-04T12:09:41+01:00,7,1,75,141,0,99.613913,1235,1310,1235,75,5.7252,GLOBAL_BEST,0,777,25,322,39,77,1,0,750000.0000,0.0000,0,0,0,0,0,0
n012w8-0,n012w8,0,5,500000,100.0,adaptive,2026-07-04T12:09:41+01:00,7,1,75,146,0,99.600152,1225,1235,1225,10,0.8097,GLOBAL_BEST,0,777,25,329,43,78,5,0,20000.0000,0.0000,0,0,0,0,0,0
n012w8-0,n012w8,0,5,500000,100.0,adaptive,2026-07-04T12:09:41+01:00,7,3,75,151,0,0.000000,1960,1990,1960,30,1.5075,LOCAL_BEST,0,777,47,271,3,79,5,0,60000.0000,0.0000,0,0,0,0,0,0
n012w8-0,n012w8,0,5,500000,100.0,adaptive,2026-07-04T12:09:41+01:00,7,3,75,152,0,0.000000,1940,1960,1940,20,1.0204,LOCAL_BEST,0,777,47,271,3,80,1,0,200000.0000,0.0000,0,0,0,0,0,0
n012w8-0,n012w8,0,5,500000,100.0,adaptive,2026-07-04T12:09:41+01:00,7,1,75,159,0,99.564381,1200,1225,1200,25,2.0408,GLOBAL_BEST,0,777,28,358,45,81,7,0,35714.2857,0.0000,0,0,0,0,0,0
n012w8-0,n012w8,0,5,500000,100.0,adaptive,2026-07-04T12:09:41+01:00,7,1,75,161,0,99.558879,1185,1200,1185,15,1.2500,GLOBAL_BEST,0,777,28,360,46,82,2,0,75000.0000,0.0000,0,0,0,0,0,0
n012w8-0,n012w8,0,5,500000,100.0,adaptive,2026-07-04T12:09:41+01:00,7,1,75,170,0,99.534124,1170,1185,1170,15,1.2658,GLOBAL_BEST,0,777,29,375,51,83,9,0,16666.6667,0.0000,0,0,0,0,0,0
n012w8-0,n012w8,0,5,500000,100.0,adaptive,2026-07-04T12:09:41+01:00,7,1,75,174,0,99.523124,1140,1170,1140,30,2.5641,GLOBAL_BEST,0,777,29,384,54,84,4,0,75000.0000,0.0000,0,0,0,0,0,0
n012w8-0,n012w8,0,5,500000,100.0,adaptive,2026-07-04T12:09:41+01:00,7,3,75,188,0,0.000000,1790,1940,1790,150,7.7320,LOCAL_BEST,0,777,59,350,6,85,14,0,107142.8571,0.0000,0,0,0,0,0,0
n012w8-0,n012w8,0,5,500000,100.0,adaptive,2026-07-04T12:09:41+01:00,7,5,75,347,43,0.000000,550,580,550,30,5.1724,GLOBAL_BEST,1,777,0,645,244,86,159,43,1886.7925,697.6744,0,0,0,0,0,0
n012w8-0,n012w8,0,5,500000,100.0,adaptive,2026-07-04T12:09:41+01:00,7,3,75,362,0,0.000000,1720,1790,1720,70,3.9106,LOCAL_BEST,0,777,123,741,10,87,15,-43,46666.6667,0.0000,0,0,0,0,0,0
n012w8-0,n012w8,0,5,500000,100.0,adaptive,2026-07-04T12:09:41+01:00,7,2,75,439,2,0.000000,1635,1650,1635,15,0.9091,LOCAL_BEST,0,777,0,938,3,88,77,2,1948.0519,7500.0000,0,0,0,0,0,0
n012w8-0,n012w8,0,5,500000,100.0,adaptive,2026-07-04T12:09:41+01:00,7,2,75,444,2,0.000000,1505,1635,1505,130,7.9511,LOCAL_BEST,0,777,0,943,3,89,5,0,260000.0000,0.0000,0,0,0,0,0,0
n012w8-0,n012w8,0,5,500000,100.0,adaptive,2026-07-04T12:09:41+01:00,7,3,75,524,2,0.000000,1715,1720,1715,5,0.2907,LOCAL_BEST,0,777,191,1032,16,90,80,0,625.0000,0.0000,0,0,0,0,0,0
n012w8-0,n012w8,0,5,500000,100.0,adaptive,2026-07-04T12:09:41+01:00,7,1,75,612,2,98.325916,1080,1140,1080,60,5.2632,GLOBAL_BEST,0,777,146,1243,202,91,88,0,6818.1818,0.0000,0,0,0,0,0,0
n012w8-0,n012w8,0,5,500000,100.0,adaptive,2026-07-04T12:09:41+01:00,7,1,75,614,2,98.320482,1050,1080,1050,30,2.7778,GLOBAL_BEST,0,777,146,1245,203,92,2,0,150000.0000,0.0000,0,0,0,0,0,0
n012w8-0,n012w8,0,5,500000,100.0,adaptive,2026-07-04T12:09:41+01:00,7,1,75,617,2,98.312332,1005,1050,1005,45,4.2857,GLOBAL_BEST,0,777,146,1254,204,93,3,0,150000.0000,0.0000,0,0,0,0,0,0
n012w8-0,n012w8,0,5,500000,100.0,adaptive,2026-07-04T12:09:41+01:00,7,5,75,728,44,0.000000,530,550,530,20,3.6364,GLOBAL_BEST,1,777,0,1388,498,94,111,42,1801.8018,476.1905,0,0,0,0,0,0
n012w8-0,n012w8,0,5,500000,100.0,adaptive,2026-07-04T12:09:41+01:00,7,3,75,742,2,0.000000,1705,1715,1705,10,0.5831,LOCAL_BEST,0,777,278,1543,23,95,14,-42,7142.8571,0.0000,0,0,0,0,0,0
n012w8-0,n012w8,0,5,500000,100.0,adaptive,2026-07-04T12:09:41+01:00,7,3,75,1059,2,0.000000,1690,1705,1690,15,0.8798,LOCAL_BEST,0,777,399,2176,42,96,317,0,473.1861,0.0000,0,0,0,0,0,0
n012w8-0,n012w8,0,5,500000,100.0,adaptive,2026-07-04T12:09:41+01:00,7,3,75,1062,2,0.000000,1660,1690,1660,30,1.7751,LOCAL_BEST,0,777,399,2187,43,97,3,0,100000.0000,0.0000,0,0,0,0,0,0
n012w8-0,n012w8,0,5,500000,100.0,adaptive,2026-07-04T12:09:41+01:00,7,8,75,1276,79,0.000000,330,345,330,15,4.3478,GLOBAL_BEST,3,777,0,2303,1162,98,214,77,700.9346,194.8052,0,0,0,0,0,0
n012w8-0,n012w8,0,5,500000,100.0,adaptive,2026-07-04T12:09:41+01:00,7,3,75,1278,2,0.000000,1610,1660,1610,50,3.0120,LOCAL_BEST,0,777,480,2618,52,99,2,-77,250000.0000,0.0000,0,0,0,0,0,0
n012w8-0,n012w8,0,5,500000,100.0,adaptive,2026-07-04T12:09:41+01:00,7,8,75,1376,79,0.000000,315,330,315,15,4.5455,GLOBAL_BEST,3,777,0,2469,1252,100,98,77,1530.6122,194.8052,0,0,0,0,0,0
n012w8-0,n012w8,0,5,500000,100.0,adaptive,2026-07-04T12:09:41+01:00,7,2,75,1439,2,0.000000,1500,1505,1500,5,0.3322,LOCAL_BEST,0,777,0,2947,61,101,63,-77,793.6508,0.0000,0,0,0,0,0,0
n012w8-0,n012w8,0,5,500000,100.0,adaptive,2026-07-04T12:09:41+01:00,7,2,75,1440,2,0.000000,1470,1500,1470,30,2.0000,LOCAL_BEST,0,777,0,2948,61,102,1,0,300000.0000,0.0000,0,0,0,0,0,0
n012w8-0,n012w8,0,5,500000,100.0,adaptive,2026-07-04T12:09:41+01:00,7,2,75,1441,2,0.000000,1410,1470,1410,60,4.0816,LOCAL_BEST,0,777,0,2948,61,103,1,0,600000.0000,0.0000,0,0,0,0,0,0
n012w8-0,n012w8,0,5,500000,100.0,adaptive,2026-07-04T12:09:41+01:00,7,2,75,1453,2,0.000000,1400,1410,1400,10,0.7092,LOCAL_BEST,0,777,0,2960,66,104,12,0,8333.3333,0.0000,0,0,0,0,0,0
n012w8-0,n012w8,0,5,500000,100.0,adaptive,2026-07-04T12:09:41+01:00,7,3,75,1518,3,0.000000,1565,1610,1565,45,2.7950,LOCAL_BEST,0,777,571,3101,69,105,65,1,6923.0769,45000.0000,0,0,0,0,0,0
n012w8-0,n012w8,0,5,500000,100.0,adaptive,2026-07-04T12:09:41+01:00,7,3,75,1519,3,0.000000,1535,1565,1535,30,1.9169,LOCAL_BEST,0,777,571,3107,69,106,1,0,300000.0000,0.0000,0,0,0,0,0,0
n012w8-0,n012w8,0,5,500000,100.0,adaptive,2026-07-04T12:09:41+01:00,7,5,75,1575,45,0.000000,490,530,490,40,7.5472,GLOBAL_BEST,1,777,0,3085,1131,107,56,42,7142.8571,952.3810,0,0,0,0,0,0
n012w8-0,n012w8,0,5,500000,100.0,adaptive,2026-07-04T12:09:41+01:00,7,5,75,1582,45,0.000000,420,490,420,70,14.2857,GLOBAL_BEST,1,777,0,3108,1136,108,7,0,100000.0000,0.0000,0,0,0,0,0,0
n012w8-0,n012w8,0,5,500000,100.0,adaptive,2026-07-04T12:09:41+01:00,7,3,75,1775,3,0.000000,1530,1535,1530,5,0.3257,LOCAL_BEST,0,777,666,3686,80,109,193,-42,259.0674,0.0000,0,0,0,0,0,0
n012w8-0,n012w8,0,5,500000,100.0,adaptive,2026-07-04T12:09:41+01:00,7,2,75,2098,3,0.000000,1375,1400,1375,25,1.7857,LOCAL_BEST,0,777,0,4251,136,110,323,0,773.9938,0.0000,0,0,0,0,0,0
n012w8-0,n012w8,0,5,500000,100.0,adaptive,2026-07-04T12:09:41+01:00,7,2,75,2099,3,0.000000,1355,1375,1355,20,1.4545,LOCAL_BEST,0,777,0,4252,136,111,1,0,200000.0000,0.0000,0,0,0,0,0,0
n012w8-0,n012w8,0,5,500000,100.0,adaptive,2026-07-04T12:09:41+01:00,7,2,75,2120,3,0.000000,1350,1355,1350,5,0.3690,LOCAL_BEST,0,777,0,4297,136,112,21,0,2380.9524,0.0000,0,0,0,0,0,0
n012w8-0,n012w8,0,5,500000,100.0,adaptive,2026-07-04T12:09:41+01:00,7,2,75,2634,4,0.000000,1320,1350,1320,30,2.2222,LOCAL_BEST,0,777,0,5218,242,113,514,1,583.6576,30000.0000,0,0,0,0,0,0
n012w8-0,n012w8,0,5,500000,100.0,adaptive,2026-07-04T12:09:41+01:00,7,1,75,2668,4,92.895783,985,1005,985,20,1.9900,GLOBAL_BEST,0,777,665,5391,903,114,34,0,5882.3529,0.0000,0,0,0,0,0,0
n012w8-0,n012w8,0,5,500000,100.0,adaptive,2026-07-04T12:09:41+01:00,7,1,75,2670,4,92.890650,955,985,955,30,3.0457,GLOBAL_BEST,0,777,665,5395,903,115,2,0,150000.0000,0.0000,0,0,0,0,0,0
n012w8-0,n012w8,0,5,500000,100.0,adaptive,2026-07-04T12:09:41+01:00,7,1,75,2672,4,92.885516,895,955,895,60,6.2827,GLOBAL_BEST,0,777,665,5396,904,116,2,0,300000.0000,0.0000,0,0,0,0,0,0
n012w8-0,n012w8,0,5,500000,100.0,adaptive,2026-07-04T12:09:41+01:00,7,2,75,2731,4,0.000000,1285,1320,1285,35,2.6515,LOCAL_BEST,0,777,0,5439,266,117,59,0,5932.2034,0.0000,0,0,0,0,0,0
n012w8-0,n012w8,0,5,500000,100.0,adaptive,2026-07-04T12:09:41+01:00,7,3,75,3450,5,0.000000,1395,1530,1395,135,8.8235,LOCAL_BEST,0,777,1316,6968,144,118,719,1,1877.6078,135000.0000,0,0,0,0,0,0
n012w8-0,n012w8,0,5,500000,100.0,adaptive,2026-07-04T12:09:41+01:00,7,2,75,3470,5,0.000000,1250,1285,1250,35,2.7237,LOCAL_BEST,0,777,0,6819,431,119,20,0,17500.0000,0.0000,0,0,0,0,0,0
n012w8-0,n012w8,0,5,500000,100.0,adaptive,2026-07-04T12:09:41+01:00,7,2,75,3907,7,0.000000,985,1250,985,265,21.2000,LOCAL_BEST,0,777,0,7737,552,120,437,2,6064.0732,132500.0000,0,0,0,0,0,0
n012w8-0,n012w8,0,5,500000,100.0,adaptive,2026-07-04T12:09:41+01:00,7,3,75,6222,10,0.000000,1375,1395,1375,20,1.4337,LOCAL_BEST,0,777,2408,12622,258,121,2315,3,86.3931,6666.6667,0,0,0,0,0,0
n012w8-0,n012w8,0,5,500000,100.0,adaptive,2026-07-04T12:09:41+01:00,7,2,75,7467,11,0.000000,980,985,980,5,0.5076,LOCAL_BEST,0,777,0,14727,1788,122,1245,1,40.1606,5000.0000,0,0,0,0,0,0
n012w8-0,n012w8,0,5,500000,100.0,adaptive,2026-07-04T12:09:41+01:00,7,3,75,7474,12,0.000000,1340,1375,1340,35,2.5455,LOCAL_BEST,0,777,2892,15340,306,123,7,1,50000.0000,35000.0000,0,0,0,0,0,0
n012w8-0,n012w8,0,5,500000,100.0,adaptive,2026-07-04T12:09:41+01:00,7,2,75,9680,15,0.000000,915,980,915,65,6.6327,LOCAL_BEST,0,777,0,19065,2745,124,2206,3,294.6510,21666.6667,0,0,0,0,0,0
n012w8-0,n012w8,0,5,500000,100.0,adaptive,2026-07-04T12:09:41+01:00,7,1,75,10709,17,74.388191,830,895,830,65,7.2626,GLOBAL_BEST,0,777,2598,21006,3941,125,1029,2,631.6812,32500.0000,0,0,0,0,0,0
n012w8-0,n012w8,0,5,500000,100.0,adaptive,2026-07-04T12:09:41+01:00,7,1,75,10719,17,74.367640,820,830,820,10,1.2048,GLOBAL_BEST,0,777,2599,21026,3947,126,10,0,10000.0000,0.0000,0,0,0,0,0,0
n012w8-0,n012w8,0,5,500000,100.0,adaptive,2026-07-04T12:09:41+01:00,7,2,75,15647,24,0.000000,895,915,895,20,2.1858,LOCAL_BEST,0,777,0,30626,5654,127,4928,7,40.5844,2857.1429,0,0,0,0,0,0
n012w8-0,n012w8,0,5,500000,100.0,adaptive,2026-07-04T12:09:41+01:00,7,1,75,16088,25,64.114462,765,820,765,55,6.7073,GLOBAL_BEST,0,777,3765,31030,6273,128,441,1,1247.1655,55000.0000,0,0,0,0,0,0
n012w8-0,n012w8,0,5,500000,100.0,adaptive,2026-07-04T12:09:41+01:00,7,1,75,16125,25,64.048948,720,765,720,45,5.8824,GLOBAL_BEST,0,777,3770,31099,6296,129,37,0,12162.1622,0.0000,0,0,0,0,0,0
n012w8-0,n012w8,0,5,500000,100.0,adaptive,2026-07-04T12:09:41+01:00,7,1,75,16130,25,64.040100,680,720,680,40,5.5556,GLOBAL_BEST,0,777,3771,31107,6298,130,5,0,80000.0000,0.0000,0,0,0,0,0,0
n012w8-0,n012w8,0,5,500000,100.0,adaptive,2026-07-04T12:09:41+01:00,7,1,75,16333,25,63.681898,665,680,665,15,2.2059,GLOBAL_BEST,0,777,3803,31471,6409,131,203,0,738.9163,0.0000,0,0,0,0,0,0
n012w8-0,n012w8,0,5,500000,100.0,adaptive,2026-07-04T12:09:41+01:00,7,5,75,17478,66,0.000000,410,420,410,10,2.3810,GLOBAL_BEST,1,777,0,31567,14078,132,1145,41,87.3362,243.9024,0,0,0,0,0,0
n012w8-0,n012w8,0,5,500000,100.0,adaptive,2026-07-04T12:09:41+01:00,7,2,75,18266,27,0.000000,840,895,840,55,6.1453,LOCAL_BEST,0,777,0,35377,7050,133,788,-39,697.9695,0.0000,0,0,0,0,0,0
n012w8-0,n012w8,0,5,500000,100.0,adaptive,2026-07-04T12:09:41+01:00,7,2,75,18363,27,0.000000,830,840,830,10,1.1905,LOCAL_BEST,0,777,0,35541,7101,134,97,0,1030.9278,0.0000,0,0,0,0,0,0
n012w8-0,n012w8,0,5,500000,100.0,adaptive,2026-07-04T12:09:41+01:00,7,2,75,19168,29,0.000000,815,830,815,15,1.8072,LOCAL_BEST,0,777,0,37029,7503,135,805,2,186.3354,7500.0000,0,0,0,0,0,0
n012w8-0,n012w8,0,5,500000,100.0,adaptive,2026-07-04T12:09:41+01:00,7,2,75,19275,29,0.000000,770,815,770,45,5.5215,LOCAL_BEST,0,777,0,37198,7566,136,107,0,4205.6075,0.0000,0,0,0,0,0,0
n012w8-0,n012w8,0,5,500000,100.0,adaptive,2026-07-04T12:09:41+01:00,7,3,75,20622,32,0.000000,1270,1340,1270,70,5.2239,LOCAL_BEST,0,777,7918,43226,898,137,1347,3,519.6733,23333.3333,0,0,0,0,0,0
n012w8-0,n012w8,0,5,500000,100.0,adaptive,2026-07-04T12:09:41+01:00,7,5,75,21879,73,0.000000,385,410,385,25,6.0976,GLOBAL_BEST,1,777,0,39757,17751,138,1257,41,198.8862,609.7561,0,0,0,0,0,0
n012w8-0,n012w8,0,5,500000,100.0,adaptive,2026-07-04T12:09:41+01:00,7,5,75,25055,77,0.000000,375,385,375,10,2.5974,GLOBAL_BEST,1,777,0,45333,20388,139,3176,4,31.4861,2500.0000,0,0,0,0,0,0
n012w8-0,n012w8,0,5,500000,100.0,adaptive,2026-07-04T12:09:41+01:00,7,2,75,25116,37,0.000000,735,770,735,35,4.5455,LOCAL_BEST,0,777,0,48190,11077,140,61,-40,5737.7049,0.0000,0,0,0,0,0,0
n012w8-0,n012w8,0,5,500000,100.0,adaptive,2026-07-04T12:09:41+01:00,7,5,75,27100,80,0.000000,365,375,365,10,2.6667,LOCAL_BEST,1,777,0,49045,22120,141,1984,43,50.4032,232.5581,0,0,0,0,0,0
n012w8-0,n012w8,0,5,500000,100.0,adaptive,2026-07-04T12:09:41+01:00,7,2,75,28320,41,0.000000,720,735,720,15,2.0408,LOCAL_BEST,0,777,0,54030,13173,142,1220,-39,122.9508,0.0000,0,0,0,0,0,0
n012w8-0,n012w8,0,5,500000,100.0,adaptive,2026-07-04T12:09:41+01:00,7,5,75,28691,82,0.000000,355,365,355,10,2.7397,LOCAL_BEST,1,777,0,51756,23446,143,371,41,269.5418,243.9024,0,0,0,0,0,0
n012w8-0,n012w8,0,5,500000,100.0,adaptive,2026-07-04T12:09:41+01:00,7,2,75,29437,43,0.000000,715,720,715,5,0.6944,LOCAL_BEST,0,777,0,56025,13903,144,746,-39,67.0241,0.0000,0,0,0,0,0,0
n012w8-0,n012w8,0,5,500000,100.0,adaptive,2026-07-04T12:09:41+01:00,7,2,75,29478,43,0.000000,700,715,700,15,2.0979,LOCAL_BEST,0,777,0,56130,13928,145,41,0,3658.5366,0.0000,0,0,0,0,0,0
n012w8-0,n012w8,0,5,500000,100.0,adaptive,2026-07-04T12:09:41+01:00,7,2,75,29480,43,0.000000,685,700,685,15,2.1429,LOCAL_BEST,0,777,0,56130,13929,146,2,0,75000.0000,0.0000,0,0,0,0,0,0
n012w8-0,n012w8,0,5,500000,100.0,adaptive,2026-07-04T12:09:41+01:00,7,2,75,29481,43,0.000000,655,685,655,30,4.3796,GLOBAL_BEST,0,777,0,56134,13929,147,1,0,300000.0000,0.0000,0,0,0,0,0,0
n012w8-0,n012w8,0,5,500000,100.0,adaptive,2026-07-04T12:09:41+01:00,7,2,75,29484,43,0.000000,640,655,640,15,2.2901,GLOBAL_BEST,0,777,0,56147,13930,148,3,0,50000.0000,0.0000,0,0,0,0,0,0
n012w8-0,n012w8,0,5,500000,100.0,adaptive,2026-07-04T12:09:41+01:00,7,2,75,29485,43,0.000000,625,640,625,15,2.3438,GLOBAL_BEST,0,777,0,56148,13930,149,1,0,150000.0000,0.0000,0,0,0,0,0,0
n012w8-0,n012w8,0,5,500000,100.0,adaptive,2026-07-04T12:09:41+01:00,7,2,75,29486,43,0.000000,595,625,595,30,4.8000,GLOBAL_BEST,0,777,0,56148,13930,150,1,0,300000.0000,0.0000,0,0,0,0,0,0
n012w8-0,n012w8,0,5,500000,100.0,adaptive,2026-07-04T12:09:41+01:00,7,2,75,29487,43,0.000000,585,595,585,10,1.6807,GLOBAL_BEST,0,777,0,56150,13930,151,1,0,100000.0000,0.0000,0,0,0,0,0,0
n012w8-0,n012w8,0,5,500000,100.0,adaptive,2026-07-04T12:09:41+01:00,7,4,75,31035,91,42.422084,620,655,620,35,5.3435,LOCAL_BEST,1,777,6245,60202,14195,152,1548,48,226.0982,729.1667,0,0,0,0,0,0
n012w8-0,n012w8,0,5,500000,100.0,adaptive,2026-07-04T12:09:41+01:00,7,4,75,31159,91,42.276984,610,620,610,10,1.6129,LOCAL_BEST,1,777,6257,60498,14281,153,124,0,806.4516,0.0000,0,0,0,0,0,0
n012w8-0,n012w8,0,5,500000,100.0,adaptive,2026-07-04T12:09:41+01:00,7,5,75,31762,86,0.000000,350,355,350,5,1.4085,LOCAL_BEST,1,777,0,56836,26094,154,603,-5,82.9187,0.0000,0,0,0,0,0,0
n012w8-0,n012w8,0,5,500000,100.0,adaptive,2026-07-04T12:09:41+01:00,7,1,75,31926,48,41.390436,620,665,620,45,6.7669,LOCAL_BEST,0,777,6459,61055,14564,155,164,-38,2743.9024,0.0000,0,0,0,0,0,0
n012w8-0,n012w8,0,5,500000,100.0,adaptive,2026-07-04T12:09:41+01:00,7,4,75,31934,92,41.381288,580,610,580,30,4.9180,LOCAL_BEST,1,777,6354,61925,14748,156,8,44,37500.0000,681.8182,0,0,0,0,0,0
n012w8-0,n012w8,0,5,500000,100.0,adaptive,2026-07-04T12:09:41+01:00,7,4,75,31968,92,41.342430,520,580,520,60,10.3448,LOCAL_BEST,1,777,6358,61980,14771,157,34,0,17647.0588,0.0000,0,0,0,0,0,0
n012w8-0,n012w8,0,5,500000,100.0,adaptive,2026-07-04T12:09:41+01:00,7,1,75,34008,51,39.076531,615,620,615,5,0.8065,LOCAL_BEST,0,777,6745,64813,15859,158,2040,-41,24.5098,0.0000,0,0,0,0,0,0
n012w8-0,n012w8,0,5,500000,100.0,adaptive,2026-07-04T12:09:41+01:00,7,1,75,34014,51,39.070053,600,615,600,15,2.4390,LOCAL_BEST,0,777,6745,64827,15863,159,6,0,25000.0000,0.0000,0,0,0,0,0,0
n012w8-0,n012w8,0,5,500000,100.0,adaptive,2026-07-04T12:09:41+01:00,7,5,75,34022,89,0.000000,335,350,335,15,4.2857,LOCAL_BEST,1,777,0,60556,28099,160,8,38,18750.0000,394.7368,0,0,0,0,0,0
n012w8-0,n012w8,0,5,500000,100.0,adaptive,2026-07-04T12:09:41+01:00,7,1,75,34025,51,39.058180,555,600,555,45,7.5000,LOCAL_BEST,0,777,6745,64857,15872,161,3,-38,150000.0000,0.0000,0,0,0,0,0,0
n012w8-0,n012w8,0,5,500000,100.0,adaptive,2026-07-04T12:09:41+01:00,7,3,75,35140,54,0.000000,1250,1270,1250,20,1.5748,LOCAL_BEST,0,777,13485,73343,1508,162,1115,3,179.3722,6666.6667,0,0,0,0,0,0
n012w8-0,n012w8,0,5,500000,100.0,adaptive,2026-07-04T12:09:41+01:00,7,3,75,35141,54,0.000000,1170,1250,1170,80,6.4000,LOCAL_BEST,0,777,13485,73346,1508,163,1,0,800000.0000,0.0000,0,0,0,0,0,0
n012w8-0,n012w8,0,5,500000,100.0,adaptive,2026-07-04T12:09:41+01:00,7,3,75,35142,54,0.000000,1155,1170,1155,15,1.2821,LOCAL_BEST,0,777,13485,73348,1508,164,1,0,150000.0000,0.0000,0,0,0,0,0,0
n012w8-0,n012w8,0,5,500000,100.0,adaptive,2026-07-04T12:09:41+01:00,7,5,75,37906,95,0.000000,320,335,320,15,4.4776,LOCAL_BEST,1,777,0,67041,31500,165,2764,41,54.2692,365.8537,0,0,0,0,0,0
n012w8-0,n012w8,0,5,500000,100.0,adaptive,2026-07-04T12:09:41+01:00,7,2,75,38638,56,0.000000,580,585,580,5,0.8547,LOCAL_BEST,0,777,0,73065,20217,166,732,-39,68.3060,0.0000,0,0,0,0,0,0
n012w8-0,n012w8,0,5,500000,100.0,adaptive,2026-07-04T12:09:41+01:00,7,5,75,39428,96,0.000000,310,320,310,10,3.1250,GLOBAL_BEST,1,777,0,69678,32854,167,790,40,126.5823,250.0000,0,0,0,0,0,0
n012w8-0,n012w8,0,5,500000,100.0,adaptive,2026-07-04T12:09:41+01:00,7,2,75,39448,57,0.000000,565,580,565,15,2.5862,LOCAL_BEST,0,777,0,74415,20773,168,20,-39,7500.0000,0.0000,0,0,0,0,0,0
n012w8-0,n012w8,0,5,500000,100.0,adaptive,2026-07-04T12:09:41+01:00,7,2,75,41634,60,0.000000,555,565,555,10,1.7699,LOCAL_BEST,0,777,0,78138,22333,169,2186,3,45.7457,3333.3333,0,0,0,0,0,0
n012w8-0,n012w8,0,5,500000,100.0,adaptive,2026-07-04T12:09:41+01:00,7,2,75,41635,60,0.000000,540,555,540,15,2.7027,LOCAL_BEST,0,777,0,78139,22333,170,1,0,150000.0000,0.0000,0,0,0,0,0,0
n012w8-0,n012w8,0,5,500000,100.0,adaptive,2026-07-04T12:09:41+01:00,7,1,75,42150,62,31.204124,515,555,515,40,7.2072,LOCAL_BEST,0,777,7686,80072,21234,171,515,2,776.6990,20000.0000,0,0,0,0,0,0
n012w8-0,n012w8,0,5,500000,100.0,adaptive,2026-07-04T12:09:41+01:00,7,1,75,42157,62,31.198090,500,515,500,15,2.9126,LOCAL_BEST,0,777,7686,80086,21240,172,7,0,21428.5714,0.0000,0,0,0,0,0,0
n012w8-0,n012w8,0,5,500000,100.0,adaptive,2026-07-04T12:09:41+01:00,7,1,75,44226,65,29.464563,495,500,495,5,1.0000,LOCAL_BEST,0,777,7877,83832,22690,173,2069,3,24.1663,1666.6667,0,0,0,0,0,0
n012w8-0,n012w8,0,5,500000,100.0,adaptive,2026-07-04T12:09:41+01:00,7,1,75,44257,65,29.439335,480,495,480,15,3.0303,LOCAL_BEST,0,777,7878,83886,22716,174,31,0,4838.7097,0.0000,0,0,0,0,0,0
n012w8-0,n012w8,0,5,500000,100.0,adaptive,2026-07-04T12:09:41+01:00,7,1,75,44262,65,29.435268,465,480,465,15,3.1250,LOCAL_BEST,0,777,7878,83907,22720,175,5,0,30000.0000,0.0000,0,0,0,0,0,0
n012w8-0,n012w8,0,5,500000,100.0,adaptive,2026-07-04T12:09:41+01:00,7,1,75,44400,65,29.323243,455,465,455,10,2.1505,LOCAL_BEST,0,777,7888,84165,22832,176,138,0,724.6377,0.0000,0,0,0,0,0,0
n012w8-0,n012w8,0,5,500000,100.0,adaptive,2026-07-04T12:09:41+01:00,7,5,75,46665,107,0.000000,305,310,305,5,1.6129,GLOBAL_BEST,1,777,0,82308,39175,177,2265,42,22.0751,119.0476,0,0,0,0,0,0
n012w8-0,n012w8,0,5,500000,100.0,adaptive,2026-07-04T12:09:41+01:00,7,2,75,46957,67,0.000000,535,540,535,5,0.9259,LOCAL_BEST,0,777,0,87625,26405,178,292,-40,171.2329,0.0000,0,0,0,0,0,0
n012w8-0,n012w8,0,5,500000,100.0,adaptive,2026-07-04T12:09:41+01:00,7,2,75,47499,68,0.000000,520,535,520,15,2.8037,LOCAL_BEST,0,777,0,88497,26824,179,542,1,276.7528,15000.0000,0,0,0,0,0,0
n012w8-0,n012w8,0,5,500000,100.0,adaptive,2026-07-04T12:09:41+01:00,7,2,75,47880,68,0.000000,515,520,515,5,0.9615,LOCAL_BEST,0,777,0,89213,27086,180,381,0,131.2336,0.0000,0,0,0,0,0,0
n012w8-0,n012w8,0,5,500000,100.0,adaptive,2026-07-04T12:09:41+01:00,7,2,75,48860,69,0.000000,510,515,510,5,0.9709,LOCAL_BEST,0,777,0,90936,27809,181,980,1,51.0204,5000.0000,0,0,0,0,0,0
n012w8-0,n012w8,0,5,500000,100.0,adaptive,2026-07-04T12:09:41+01:00,7,2,75,48862,69,0.000000,495,510,495,15,2.9412,LOCAL_BEST,0,777,0,90944,27810,182,2,0,75000.0000,0.0000,0,0,0,0,0,0
n012w8-0,n012w8,0,5,500000,100.0,adaptive,2026-07-04T12:09:41+01:00,7,1,75,50664,74,24.662892,440,455,440,15,3.2967,LOCAL_BEST,0,777,8383,96056,27517,183,1802,5,83.2408,3000.0000,0,0,0,0,0,0
n012w8-0,n012w8,0,5,500000,100.0,adaptive,2026-07-04T12:09:41+01:00,7,1,75,50667,74,24.660848,425,440,425,15,3.4091,LOCAL_BEST,0,777,8383,96077,27519,184,3,0,50000.0000,0.0000,0,0,0,0,0,0
n012w8-0,n012w8,0,5,500000,100.0,adaptive,2026-07-04T12:09:41+01:00,7,5,75,51272,113,0.000000,295,305,295,10,3.2787,GLOBAL_BEST,1,777,0,90394,43281,185,605,39,165.2893,256.4103,0,0,0,0,0,0
n012w8-0,n012w8,0,5,500000,100.0,adaptive,2026-07-04T12:09:41+01:00,7,4,75,51357,125,24.195132,510,520,510,10,1.9231,LOCAL_BEST,1,777,8365,97828,27942,186,85,12,1176.4706,833.3333,0,0,0,0,0,0
n012w8-0,n012w8,0,5,500000,100.0,adaptive,2026-07-04T12:09:41+01:00,7,4,75,52537,127,23.418981,475,510,475,35,6.8627,LOCAL_BEST,1,777,8440,99936,28873,187,1180,2,296.6102,17500.0000,0,0,0,0,0,0
n012w8-0,n012w8,0,5,500000,100.0,adaptive,2026-07-04T12:09:41+01:00,7,4,75,52541,127,23.416393,460,475,460,15,3.1579,LOCAL_BEST,1,777,8440,99940,28876,188,4,0,37500.0000,0.0000,0,0,0,0,0,0
n012w8-0,n012w8,0,5,500000,100.0,adaptive,2026-07-04T12:09:41+01:00,7,4,75,52543,127,23.415099,445,460,445,15,3.2609,LOCAL_BEST,1,777,8440,99942,28877,189,2,0,75000.0000,0.0000,0,0,0,0,0,0
n012w8-0,n012w8,0,5,500000,100.0,adaptive,2026-07-04T12:09:41+01:00,7,4,75,52624,127,23.362752,425,445,425,20,4.4944,LOCAL_BEST,1,777,8443,100063,28943,190,81,0,2469.1358,0.0000,0,0,0,0,0,0
n012w8-0,n012w8,0,5,500000,100.0,adaptive,2026-07-04T12:09:41+01:00,7,4,75,53497,128,22.805941,410,425,410,15,3.5294,LOCAL_BEST,1,777,8502,101592,29623,191,873,1,171.8213,15000.0000,0,0,0,0,0,0
n012w8-0,n012w8,0,5,500000,100.0,adaptive,2026-07-04T12:09:41+01:00,7,4,75,53523,128,22.789563,380,410,380,30,7.3171,LOCAL_BEST,1,777,8504,101650,29643,192,26,0,11538.4615,0.0000,0,0,0,0,0,0
n012w8-0,n012w8,0,5,500000,100.0,adaptive,2026-07-04T12:09:41+01:00,7,4,75,53537,129,22.780749,370,380,370,10,2.6316,LOCAL_BEST,1,777,8504,101669,29655,193,14,1,7142.8571,10000.0000,0,0,0,0,0,0
n012w8-0,n012w8,0,5,500000,100.0,adaptive,2026-07-04T12:09:41+01:00,7,4,75,53541,129,22.778231,355,370,355,15,4.0541,LOCAL_BEST,1,777,8504,101677,29658,194,4,0,37500.0000,0.0000,0,0,0,0,0,0
n012w8-0,n012w8,0,5,500000,100.0,adaptive,2026-07-04T12:09:41+01:00,7,2,75,54594,78,0.000000,485,495,485,10,2.0202,LOCAL_BEST,0,777,0,101347,32415,195,1053,-51,94.9668,0.0000,0,0,0,0,0,0
n012w8-0,n012w8,0,5,500000,100.0,adaptive,2026-07-04T12:09:41+01:00,7,1,75,54893,79,21.943000,410,425,410,15,3.5294,LOCAL_BEST,0,777,8660,103648,30784,196,299,1,501.6722,15000.0000,0,0,0,0,0,0
n012w8-0,n012w8,0,5,500000,100.0,adaptive,2026-07-04T12:09:41+01:00,7,1,75,57714,83,20.297568,395,410,395,15,3.6585,LOCAL_BEST,0,777,8834,108613,32981,197,2821,4,53.1726,3750.0000,0,0,0,0,0,0
n012w8-0,n012w8,0,5,500000,100.0,adaptive,2026-07-04T12:09:41+01:00,7,1,75,57795,83,20.252190,375,395,375,20,5.0633,LOCAL_BEST,0,777,8838,108774,33045,198,81,0,2469.1358,0.0000,0,0,0,0,0,0
n012w8-0,n012w8,0,5,500000,100.0,adaptive,2026-07-04T12:09:41+01:00,7,1,75,57814,83,20.241561,360,375,360,15,4.0000,LOCAL_BEST,0,777,8838,108815,33062,199,19,0,7894.7368,0.0000,0,0,0,0,0,0
n012w8-0,n012w8,0,5,500000,100.0,adaptive,2026-07-04T12:09:41+01:00,7,2,75,59061,84,0.000000,480,485,480,5,1.0309,LOCAL_BEST,0,777,0,109423,35994,200,1247,1,40.0962,5000.0000,0,0,0,0,0,0
n012w8-0,n012w8,0,5,500000,100.0,adaptive,2026-07-04T12:09:41+01:00,7,2,75,59733,85,0.000000,475,480,475,5,1.0417,LOCAL_BEST,0,777,0,110675,36544,201,672,1,74.4048,5000.0000,0,0,0,0,0,0
n012w8-0,n012w8,0,5,500000,100.0,adaptive,2026-07-04T12:09:41+01:00,7,5,75,60950,125,0.000000,290,295,290,5,1.6949,GLOBAL_BEST,1,777,0,107495,52209,202,1217,40,41.0846,125.0000,0,0,0,0,0,0
n012w8-0,n012w8,0,5,500000,100.0,adaptive,2026-07-04T12:09:41+01:00,7,2,75,63186,90,0.000000,470,475,470,5,1.0526,LOCAL_BEST,0,777,0,116875,39358,203,2236,-35,22.3614,0.0000,0,0,0,0,0,0
n012w8-0,n012w8,0,5,500000,100.0,adaptive,2026-07-04T12:09:41+01:00,7,2,75,63576,91,0.000000,440,470,440,30,6.3830,LOCAL_BEST,0,777,0,117610,39693,204,390,1,769.2308,30000.0000,0,0,0,0,0,0
n012w8-0,n012w8,0,5,500000,100.0,adaptive,2026-07-04T12:09:41+01:00,7,7,75,63680,189,17.212819,370,375,370,5,1.3333,LOCAL_BEST,2,777,9123,117709,37557,205,104,98,480.7692,51.0204,0,0,0,0,0,0
n012w8-0,n012w8,0,5,500000,100.0,adaptive,2026-07-04T12:09:41+01:00,7,5,75,63735,129,0.000000,280,290,280,10,3.4483,GLOBAL_BEST,1,777,0,112291,54739,206,55,-60,1818.1818,0.0000,0,0,0,0,0,0
n012w8-0,n012w8,0,5,500000,100.0,adaptive,2026-07-04T12:09:41+01:00,7,2,75,65313,93,0.000000,365,440,365,75,17.0455,LOCAL_BEST,0,777,0,120712,41138,207,1578,-36,475.2852,0.0000,0,0,0,0,0,0
n012w8-0,n012w8,0,5,500000,100.0,adaptive,2026-07-04T12:09:41+01:00,7,5,75,66413,132,0.000000,275,280,275,5,1.7857,GLOBAL_BEST,1,777,0,117142,57132,208,1100,39,45.4545,128.2051,0,0,0,0,0,0
n012w8-0,n012w8,0,5,500000,100.0,adaptive,2026-07-04T12:09:41+01:00,7,7,75,67632,194,15.432206,365,370,365,5,1.3514,LOCAL_BEST,2,777,9267,124266,40912,209,1219,62,41.0172,80.6452,0,0,0,0,0,0
n012w8-0,n012w8,0,5,500000,100.0,adaptive,2026-07-04T12:09:41+01:00,7,5,75,70837,138,0.000000,265,275,265,10,3.6364,GLOBAL_BEST,1,777,0,125251,61195,210,3205,-56,31.2012,0.0000,0,0,0,0,0,0
n012w8-0,n012w8,0,5,500000,100.0,adaptive,2026-07-04T12:09:41+01:00,7,7,75,72735,201,13.402691,350,365,350,15,4.1096,LOCAL_BEST,2,777,9438,133023,45142,211,1898,63,79.0306,238.0952,0,0,0,0,0,0
n012w8-0,n012w8,0,5,500000,100.0,adaptive,2026-07-04T12:09:41+01:00,7,7,75,72742,201,13.400099,335,350,335,15,4.2857,LOCAL_BEST,2,777,9438,133043,45146,212,7,0,21428.5714,0.0000,0,0,0,0,0,0
n012w8-0,n012w8,0,5,500000,100.0,adaptive,2026-07-04T12:09:41+01:00,7,7,75,72836,201,13.365340,325,335,325,10,2.9851,LOCAL_BEST,2,777,9441,133153,45225,213,94,0,1063.8298,0.0000,0,0,0,0,0,0
n012w8-0,n012w8,0,5,500000,100.0,adaptive,2026-07-04T12:09:41+01:00,7,1,75,77696,111,11.685842,350,360,350,10,2.7778,LOCAL_BEST,0,777,9607,146120,49496,214,4860,-90,20.5761,0.0000,0,0,0,0,0,0
n012w8-0,n012w8,0,5,500000,100.0,adaptive,2026-07-04T12:09:41+01:00,7,4,75,78274,162,11.500693,335,355,335,20,5.6338,LOCAL_BEST,1,777,9554,146563,50072,215,578,51,346.0208,392.1569,0,0,0,0,0,0
n012w8-0,n012w8,0,5,500000,100.0,adaptive,2026-07-04T12:09:41+01:00,7,1,75,79993,114,10.967206,335,350,335,15,4.2857,LOCAL_BEST,0,777,9648,150236,51523,216,1719,-48,87.2600,0.0000,0,0,0,0,0,0
n012w8-0,n012w8,0,5,500000,100.0,adaptive,2026-07-04T12:09:41+01:00,7,1,75,80132,114,10.925165,320,335,320,15,4.4776,LOCAL_BEST,0,777,9651,150473,51646,217,139,0,1079.1367,0.0000,0,0,0,0,0,0
n012w8-0,n012w8,0,5,500000,100.0,adaptive,2026-07-04T12:09:41+01:00,7,2,75,80584,115,0.000000,355,365,355,10,2.7397,LOCAL_BEST,0,777,0,147678,53954,218,452,1,221.2389,10000.0000,0,0,0,0,0,0
n012w8-0,n012w8,0,5,500000,100.0,adaptive,2026-07-04T12:09:41+01:00,7,7,75,82169,213,10.327234,320,325,320,5,1.5385,LOCAL_BEST,2,777,9647,149578,53374,219,1585,98,31.5457,51.0204,0,0,0,0,0,0
n012w8-0,n012w8,0,5,500000,100.0,adaptive,2026-07-04T12:09:41+01:00,7,7,75,82205,213,10.316966,305,320,305,15,4.6875,LOCAL_BEST,2,777,9647,149623,53408,220,36,0,4166.6667,0.0000,0,0,0,0,0,0
n012w8-0,n012w8,0,5,500000,100.0,adaptive,2026-07-04T12:09:41+01:00,7,4,75,84213,173,9.760139,325,335,325,10,2.9851,LOCAL_BEST,1,777,9652,157163,55436,221,2008,-40,49.8008,0.0000,0,0,0,0,0,0
n012w8-0,n012w8,0,5,500000,100.0,adaptive,2026-07-04T12:09:41+01:00,7,10,75,84329,241,9.728906,285,295,285,10,3.3898,LOCAL_BEST,4,777,9746,155322,55388,222,116,68,862.0690,147.0588,0,0,0,0,0,0
n012w8-0,n012w8,0,5,500000,100.0,adaptive,2026-07-04T12:09:41+01:00,7,2,75,85390,122,0.000000,335,355,335,20,5.6338,LOCAL_BEST,0,777,0,155799,58011,223,1061,-119,188.5014,0.0000,0,0,0,0,0,0
n012w8-0,n012w8,0,5,500000,100.0,adaptive,2026-07-04T12:09:41+01:00,7,10,75,85713,243,9.363883,275,285,275,10,3.5088,LOCAL_BEST,4,777,9763,157675,56653,224,323,121,309.5975,82.6446,0,0,0,0,0,0
n012w8-0,n012w8,0,5,500000,100.0,adaptive,2026-07-04T12:09:41+01:00,7,1,75,88031,131,8.782942,310,320,310,10,3.1250,LOCAL_BEST,0,777,9764,164384,58633,225,2318,-112,43.1406,0.0000,0,0,0,0,0,0
n012w8-0,n012w8,0,5,500000,100.0,adaptive,2026-07-04T12:09:41+01:00,7,7,75,91889,225,7.894852,290,305,290,15,4.9180,LOCAL_BEST,2,777,9793,166248,62165,226,3858,94,38.8802,159.5745,0,0,0,0,0,0
n012w8-0,n012w8,0,5,500000,100.0,adaptive,2026-07-04T12:09:41+01:00,7,1,75,93985,143,7.450613,305,310,305,5,1.6129,LOCAL_BEST,0,777,9815,175770,64103,227,2096,-82,23.8550,0.0000,0,0,0,0,0,0
n012w8-0,n012w8,0,5,500000,100.0,adaptive,2026-07-04T12:09:41+01:00,7,1,75,97063,150,6.843149,295,305,295,10,3.2787,LOCAL_BEST,0,777,9848,181582,66918,228,3078,7,32.4886,1428.5714,0,0,0,0,0,0
n012w8-0,n012w8,0,5,500000,100.0,adaptive,2026-07-04T12:09:41+01:00,7,1,75,97798,152,6.705575,280,295,280,15,5.0847,LOCAL_BEST,0,777,9851,182894,67598,229,735,2,204.0816,7500.0000,0,0,0,0,0,0
n012w8-0,n012w8,0,5,500000,100.0,adaptive,2026-07-04T12:09:41+01:00,7,2,75,99064,139,0.000000,325,335,325,10,2.9851,LOCAL_BEST,0,777,0,179900,69894,230,1266,-13,78.9889,0.0000,0,0,0,0,0,0
n012w8-0,n012w8,0,5,500000,100.0,adaptive,2026-07-04T12:09:41+01:00,7,7,75,104633,244,5.551572,275,290,275,15,5.1724,LOCAL_BEST,2,777,9870,187723,73884,231,5569,105,26.9348,142.8571,0,0,0,0,0,0
n012w8-0,n012w8,0,5,500000,100.0,adaptive,2026-07-04T12:09:41+01:00,7,2,75,112082,162,0.000000,320,325,320,5,1.5385,LOCAL_BEST,0,777,0,202205,81575,232,7449,-82,6.7123,0.0000,0,0,0,0,0,0
n012w8-0,n012w8,0,5,500000,100.0,adaptive,2026-07-04T12:09:41+01:00,7,2,75,120986,174,0.000000,315,320,315,5,1.5625,LOCAL_BEST,0,777,0,217372,89542,233,8904,12,5.6155,416.6667,0,0,0,0,0,0
n012w8-0,n012w8,0,5,500000,100.0,adaptive,2026-07-04T12:09:41+01:00,7,3,75,365037,628,0.000000,1115,1155,1115,40,3.4632,LOCAL_BEST,0,777,139764,768062,15967,234,244051,454,1.6390,88.1057,0,0,0,0,0,0
n012w8-0,n012w8,0,5,500000,100.0,adaptive,2026-07-04T12:09:41+01:00,7,3,75,432304,755,0.000000,1095,1115,1095,20,1.7937,LOCAL_BEST,0,777,165439,910256,19003,235,67267,127,2.9732,157.4803,0,0,0,0,0,0
n012w8-0,n012w8,0,5,500000,100.0,adaptive,2026-07-04T12:09:41+01:00,8,1,102,2,1,99.997237,4870,4970,4870,100,2.0121,GLOBAL_BEST,0,777,0,7,0,1,2,1,500000.0000,100000.0000,0,0,0,0,0,0
n012w8-0,n012w8,0,5,500000,100.0,adaptive,2026-07-04T12:09:41+01:00,8,3,102,2,1,0.000000,4830,4970,4830,140,2.8169,GLOBAL_BEST,0,777,1,5,0,2,0,0,0.0000,0.0000,0,0,0,0,0,0
n012w8-0,n012w8,0,5,500000,100.0,adaptive,2026-07-04T12:09:41+01:00,8,1,102,3,1,99.994474,4690,4870,4690,180,3.6961,GLOBAL_BEST,0,777,0,7,0,3,1,0,1800000.0000,0.0000,0,0,0,0,0,0
n012w8-0,n012w8,0,5,500000,100.0,adaptive,2026-07-04T12:09:41+01:00,8,2,102,3,1,0.000000,4770,4970,4770,200,4.0241,LOCAL_BEST,0,777,0,9,1,4,0,0,0.0000,0.0000,0,0,0,0,0,0
n012w8-0,n012w8,0,5,500000,100.0,adaptive,2026-07-04T12:09:41+01:00,8,3,102,4,1,0.000000,4785,4830,4785,45,0.9317,LOCAL_BEST,0,777,2,10,0,5,1,0,450000.0000,0.0000,0,0,0,0,0,0
n012w8-0,n012w8,0,5,500000,100.0,adaptive,2026-07-04T12:09:41+01:00,8,2,102,4,1,0.000000,4610,4770,4610,160,3.3543,LOCAL_BEST,0,777,0,11,1,6,0,0,0.0000,0.0000,0,0,0,0,0,0
n012w8-0,n012w8,0,5,500000,100.0,adaptive,2026-07-04T12:09:41+01:00,8,3,102,5,1,0.000000,4670,4785,4670,115,2.4033,LOCAL_BEST,0,777,2,11,0,7,1,0,1150000.0000,0.0000,0,0,0,0,0,0
n012w8-0,n012w8,0,5,500000,100.0,adaptive,2026-07-04T12:09:41+01:00,8,1,102,5,1,99.988948,4670,4690,4670,20,0.4264,GLOBAL_BEST,0,777,0,9,0,8,0,0,0.0000,0.0000,0,0,0,0,0,0
n012w8-0,n012w8,0,5,500000,100.0,adaptive,2026-07-04T12:09:41+01:00,8,2,102,5,1,0.000000,4430,4610,4430,180,3.9046,LOCAL_BEST,0,777,0,14,1,9,0,0,0.0000,0.0000,0,0,0,0,0,0
n012w8-0,n012w8,0,5,500000,100.0,adaptive,2026-07-04T12:09:41+01:00,8,1,102,6,1,99.986185,4655,4670,4655,15,0.3212,GLOBAL_BEST,0,777,0,9,0,10,1,0,150000.0000,0.0000,0,0,0,0,0,0
n012w8-0,n012w8,0,5,500000,100.0,adaptive,2026-07-04T12:09:41+01:00,8,3,102,7,1,0.000000,4560,4670,4560,110,2.3555,GLOBAL_BEST,0,777,3,14,0,11,1,0,1100000.0000,0.0000,0,0,0,0,0,0
n012w8-0,n012w8,0,5,500000,100.0,adaptive,2026-07-04T12:09:41+01:00,8,1,102,7,1,99.983423,4640,4655,4640,15,0.3222,LOCAL_BEST,0,777,0,9,0,12,0,0,0.0000,0.0000,0,0,0,0,0,0
n012w8-0,n012w8,0,5,500000,100.0,adaptive,2026-07-04T12:09:41+01:00,8,3,102,8,1,0.000000,4500,4560,4500,60,1.3158,GLOBAL_BEST,0,777,3,14,0,13,1,0,600000.0000,0.0000,0,0,0,0,0,0
n012w8-0,n012w8,0,5,500000,100.0,adaptive,2026-07-04T12:09:41+01:00,8,1,102,8,1,99.980660,4580,4640,4580,60,1.2931,LOCAL_BEST,0,777,0,10,0,14,0,0,0.0000,0.0000,0,0,0,0,0,0
n012w8-0,n012w8,0,5,500000,100.0,adaptive,2026-07-04T12:09:41+01:00,8,3,102,9,1,0.000000,4475,4500,4475,25,0.5556,GLOBAL_BEST,0,777,3,14,0,15,1,0,250000.0000,0.0000,0,0,0,0,0,0
n012w8-0,n012w8,0,5,500000,100.0,adaptive,2026-07-04T12:09:41+01:00,8,1,102,10,1,99.975135,4400,4580,4400,180,3.9301,GLOBAL_BEST,0,777,0,14,0,16,1,0,1800000.0000,0.0000,0,0,0,0,0,0
n012w8-0,n012w8,0,5,500000,100.0,adaptive,2026-07-04T12:09:41+01:00,8,3,102,10,1,0.000000,4360,4475,4360,115,2.5698,LOCAL_BEST,0,777,3,16,0,17,0,0,0.0000,0.0000,0,0,0,0,0,0
n012w8-0,n012w8,0,5,500000,100.0,adaptive,2026-07-04T12:09:41+01:00,8,2,102,10,1,0.000000,4415,4430,4415,15,0.3386,LOCAL_BEST,0,777,0,26,1,18,0,0,0.0000,0.0000,0,0,0,0,0,0
n012w8-0,n012w8,0,5,500000,100.0,adaptive,2026-07-04T12:09:41+01:00,8,1,102,11,1,99.972373,4220,4400,4220,180,4.0909,GLOBAL_BEST,0,777,0,14,0,19,1,0,1800000.0000,0.0000,0,0,0,0,0,0
n012w8-0,n012w8,0,5,500000,100.0,adaptive,2026-07-04T12:09:41+01:00,8,3,102,12,1,0.000000,4310,4360,4310,50,1.1468,LOCAL_BEST,0,777,3,21,0,20,1,0,500000.0000,0.0000,0,0,0,0,0,0
n012w8-0,n012w8,0,5,500000,100.0,adaptive,2026-07-04T12:09:41+01:00,8,5,102,14,60,0.000000,2085,2130,2085,45,2.1127,GLOBAL_BEST,1,777,0,39,12,21,2,59,225000.0000,762.7119,0,0,0,0,0,0
n012w8-0,n012w8,0,5,500000,100.0,adaptive,2026-07-04T12:09:41+01:00,8,3,102,15,1,0.000000,4280,4310,4280,30,0.6961,LOCAL_BEST,0,777,3,26,0,22,1,-59,300000.0000,0.0000,0,0,0,0,0,0
n012w8-0,n012w8,0,5,500000,100.0,adaptive,2026-07-04T12:09:41+01:00,8,2,102,16,1,0.000000,4320,4415,4320,95,2.1518,LOCAL_BEST,0,777,0,43,1,23,1,0,950000.0000,0.0000,0,0,0,0,0,0
n012w8-0,n012w8,0,5,500000,100.0,adaptive,2026-07-04T12:09:41+01:00,8,2,102,17,1,0.000000,4290,4320,4290,30,0.6944,LOCAL_BEST,0,777,0,45,1,24,1,0,300000.0000,0.0000,0,0,0,0,0,0
n012w8-0,n012w8,0,5,500000,100.0,adaptive,2026-07-04T12:09:41+01:00,8,3,102,18,1,0.000000,4230,4280,4230,50,1.1682,LOCAL_BEST,0,777,4,29,0,25,1,0,500000.0000,0.0000,0,0,0,0,0,0
n012w8-0,n012w8,0,5,500000,100.0,adaptive,2026-07-04T12:09:41+01:00,8,2,102,18,1,0.000000,4115,4290,4115,175,4.0793,LOCAL_BEST,0,777,0,46,1,26,0,0,0.0000,0.0000,0,0,0,0,0,0
n012w8-0,n012w8,0,5,500000,100.0,adaptive,2026-07-04T12:09:41+01:00,8,1,102,19,1,99.950277,3850,4220,3850,370,8.7678,GLOBAL_BEST,0,777,2,36,1,27,1,0,3700000.0000,0.0000,0,0,0,0,0,0
n012w8-0,n012w8,0,5,500000,100.0,adaptive,2026-07-04T12:09:41+01:00,8,3,102,19,1,0.000000,3990,4230,3990,240,5.6738,LOCAL_BEST,0,777,4,29,0,28,0,0,0.0000,0.0000,0,0,0,0,0,0
n012w8-0,n012w8,0,5,500000,100.0,adaptive,2026-07-04T12:09:41+01:00,8,1,102,23,1,99.939230,3700,3850,3700,150,3.8961,GLOBAL_BEST,0,777,4,39,1,29,4,0,375000.0000,0.0000,0,0,0,0,0,0
n012w8-0,n012w8,0,5,500000,100.0,adaptive,2026-07-04T12:09:41+01:00,8,1,102,27,1,99.928185,3610,3700,3610,90,2.4324,GLOBAL_BEST,0,777,5,47,3,30,4,0,225000.0000,0.0000,0,0,0,0,0,0
n012w8-0,n012w8,0,5,500000,100.0,adaptive,2026-07-04T12:09:41+01:00,8,2,102,31,1,0.000000,4035,4115,4035,80,1.9441,LOCAL_BEST,0,777,0,65,1,31,4,0,200000.0000,0.0000,0,0,0,0,0,0
n012w8-0,n012w8,0,5,500000,100.0,adaptive,2026-07-04T12:09:41+01:00,8,2,102,32,1,0.000000,4020,4035,4020,15,0.3717,LOCAL_BEST,0,777,0,68,1,32,1,0,150000.0000,0.0000,0,0,0,0,0,0
n012w8-0,n012w8,0,5,500000,100.0,adaptive,2026-07-04T12:09:41+01:00,8,2,102,34,1,0.000000,3985,4020,3985,35,0.8706,LOCAL_BEST,0,777,0,69,1,33,2,0,175000.0000,0.0000,0,0,0,0,0,0
n012w8-0,n012w8,0,5,500000,100.0,adaptive,2026-07-04T12:09:41+01:00,8,1,102,35,1,99.906099,3580,3610,3580,30,0.8310,GLOBAL_BEST,0,777,6,77,7,34,1,0,300000.0000,0.0000,0,0,0,0,0,0
n012w8-0,n012w8,0,5,500000,100.0,adaptive,2026-07-04T12:09:41+01:00,8,2,102,35,1,0.000000,3955,3985,3955,30,0.7528,LOCAL_BEST,0,777,0,69,1,35,0,0,0.0000,0.0000,0,0,0,0,0,0
n012w8-0,n012w8,0,5,500000,100.0,adaptive,2026-07-04T12:09:41+01:00,8,2,102,37,1,0.000000,3805,3955,3805,150,3.7927,LOCAL_BEST,0,777,0,70,1,36,2,0,750000.0000,0.0000,0,0,0,0,0,0
n012w8-0,n012w8,0,5,500000,100.0,adaptive,2026-07-04T12:09:41+01:00,8,2,102,38,1,0.000000,3740,3805,3740,65,1.7083,LOCAL_BEST,0,777,0,71,1,37,1,0,650000.0000,0.0000,0,0,0,0,0,0
n012w8-0,n012w8,0,5,500000,100.0,adaptive,2026-07-04T12:09:41+01:00,8,1,102,39,1,99.895057,3515,3580,3515,65,1.8156,GLOBAL_BEST,0,777,6,80,8,38,1,0,650000.0000,0.0000,0,0,0,0,0,0
n012w8-0,n012w8,0,5,500000,100.0,adaptive,2026-07-04T12:09:41+01:00,8,2,102,39,1,0.000000,3680,3740,3680,60,1.6043,LOCAL_BEST,0,777,0,71,1,39,0,0,0.0000,0.0000,0,0,0,0,0,0
n012w8-0,n012w8,0,5,500000,100.0,adaptive,2026-07-04T12:09:41+01:00,8,11,102,39,171,0.000000,1810,1825,1810,15,0.8219,GLOBAL_BEST,4,777,0,57,36,40,0,170,0.0000,88.2353,0,0,0,0,0,0
n012w8-0,n012w8,0,5,500000,100.0,adaptive,2026-07-04T12:09:41+01:00,8,1,102,41,1,99.889537,3415,3515,3415,100,2.8450,GLOBAL_BEST,0,777,6,81,8,41,2,-170,500000.0000,0.0000,0,0,0,0,0,0
n012w8-0,n012w8,0,5,500000,100.0,adaptive,2026-07-04T12:09:41+01:00,8,2,102,41,1,0.000000,3670,3680,3670,10,0.2717,LOCAL_BEST,0,777,0,74,1,42,0,0,0.0000,0.0000,0,0,0,0,0,0
n012w8-0,n012w8,0,5,500000,100.0,adaptive,2026-07-04T12:09:41+01:00,8,1,102,42,1,99.886777,3385,3415,3385,30,0.8785,GLOBAL_BEST,0,777,6,83,8,43,1,0,300000.0000,0.0000,0,0,0,0,0,0
n012w8-0,n012w8,0,5,500000,100.0,adaptive,2026-07-04T12:09:41+01:00,8,1,102,43,1,99.884017,3255,3385,3255,130,3.8405,GLOBAL_BEST,0,777,6,83,8,44,1,0,1300000.0000,0.0000,0,0,0,0,0,0
n012w8-0,n012w8,0,5,500000,100.0,adaptive,2026-07-04T12:09:41+01:00,8,1,102,45,1,99.878497,3155,3255,3155,100,3.0722,GLOBAL_BEST,0,777,6,87,8,45,2,0,500000.0000,0.0000,0,0,0,0,0,0
n012w8-0,n012w8,0,5,500000,100.0,adaptive,2026-07-04T12:09:41+01:00,8,3,102,47,1,0.000000,3950,3990,3950,40,1.0025,LOCAL_BEST,0,777,13,72,1,46,2,0,200000.0000,0.0000,0,0,0,0,0,0
n012w8-0,n012w8,0,5,500000,100.0,adaptive,2026-07-04T12:09:41+01:00,8,3,102,49,1,0.000000,3945,3950,3945,5,0.1266,LOCAL_BEST,0,777,14,75,1,47,2,0,25000.0000,0.0000,0,0,0,0,0,0
n012w8-0,n012w8,0,5,500000,100.0,adaptive,2026-07-04T12:09:41+01:00,8,1,102,57,1,99.845386,3120,3155,3120,35,1.1094,GLOBAL_BEST,0,777,8,105,13,48,8,0,43750.0000,0.0000,0,0,0,0,0,0
n012w8-0,n012w8,0,5,500000,100.0,adaptive,2026-07-04T12:09:41+01:00,8,2,102,61,1,0.000000,3535,3670,3535,135,3.6785,LOCAL_BEST,0,777,0,107,1,49,4,0,337500.0000,0.0000,0,0,0,0,0,0
n012w8-0,n012w8,0,5,500000,100.0,adaptive,2026-07-04T12:09:41+01:00,8,2,102,68,1,0.000000,3440,3535,3440,95,2.6874,LOCAL_BEST,0,777,0,120,1,50,7,0,135714.2857,0.0000,0,0,0,0,0,0
n012w8-0,n012w8,0,5,500000,100.0,adaptive,2026-07-04T12:09:41+01:00,8,5,102,68,60,0.000000,2070,2085,2070,15,0.7194,GLOBAL_BEST,1,777,0,141,56,51,0,59,0.0000,254.2373,0,0,0,0,0,0
n012w8-0,n012w8,0,5,500000,100.0,adaptive,2026-07-04T12:09:41+01:00,8,2,102,69,1,0.000000,3235,3440,3235,205,5.9593,LOCAL_BEST,0,777,0,120,1,52,1,-59,2050000.0000,0.0000,0,0,0,0,0,0
n012w8-0,n012w8,0,5,500000,100.0,adaptive,2026-07-04T12:09:41+01:00,8,2,102,71,1,0.000000,3220,3235,3220,15,0.4637,LOCAL_BEST,0,777,0,124,1,53,2,0,75000.0000,0.0000,0,0,0,0,0,0
n012w8-0,n012w8,0,5,500000,100.0,adaptive,2026-07-04T12:09:41+01:00,8,1,102,73,1,99.801254,3105,3120,3105,15,0.4808,GLOBAL_BEST,0,777,11,146,19,54,2,0,75000.0000,0.0000,0,0,0,0,0,0
n012w8-0,n012w8,0,5,500000,100.0,adaptive,2026-07-04T12:09:41+01:00,8,2,102,73,1,0.000000,3215,3220,3215,5,0.1553,LOCAL_BEST,0,777,0,127,1,55,0,0,0.0000,0.0000,0,0,0,0,0,0
n012w8-0,n012w8,0,5,500000,100.0,adaptive,2026-07-04T12:09:41+01:00,8,2,102,74,1,0.000000,3160,3215,3160,55,1.7107,LOCAL_BEST,0,777,0,127,1,56,1,0,550000.0000,0.0000,0,0,0,0,0,0
n012w8-0,n012w8,0,5,500000,100.0,adaptive,2026-07-04T12:09:41+01:00,8,2,102,77,1,0.000000,3140,3160,3140,20,0.6329,LOCAL_BEST,0,777,0,132,1,57,3,0,66666.6667,0.0000,0,0,0,0,0,0
n012w8-0,n012w8,0,5,500000,100.0,adaptive,2026-07-04T12:09:41+01:00,8,1,102,81,1,99.779196,2960,3105,2960,145,4.6699,GLOBAL_BEST,0,777,13,163,23,58,4,0,362500.0000,0.0000,0,0,0,0,0,0
n012w8-0,n012w8,0,5,500000,100.0,adaptive,2026-07-04T12:09:41+01:00,8,5,102,83,61,0.000000,2060,2070,2060,10,0.4831,GLOBAL_BEST,1,777,0,161,67,59,2,60,50000.0000,166.6667,0,0,0,0,0,0
n012w8-0,n012w8,0,5,500000,100.0,adaptive,2026-07-04T12:09:41+01:00,8,5,102,86,61,0.000000,2030,2060,2030,30,1.4563,GLOBAL_BEST,1,777,0,163,69,60,3,0,100000.0000,0.0000,0,0,0,0,0,0
n012w8-0,n012w8,0,5,500000,100.0,adaptive,2026-07-04T12:09:41+01:00,8,1,102,87,1,99.762655,2940,2960,2940,20,0.6757,GLOBAL_BEST,0,777,15,177,25,61,1,-60,200000.0000,0.0000,0,0,0,0,0,0
n012w8-0,n012w8,0,5,500000,100.0,adaptive,2026-07-04T12:09:41+01:00,8,1,102,93,1,99.746117,2935,2940,2935,5,0.1701,GLOBAL_BEST,0,777,17,185,26,62,6,0,8333.3333,0.0000,0,0,0,0,0,0
n012w8-0,n012w8,0,5,500000,100.0,adaptive,2026-07-04T12:09:41+01:00,8,1,102,94,1,99.743361,2905,2935,2905,30,1.0221,GLOBAL_BEST,0,777,17,185,26,63,1,0,300000.0000,0.0000,0,0,0,0,0,0
n012w8-0,n012w8,0,5,500000,100.0,adaptive,2026-07-04T12:09:41+01:00,8,1,102,101,1,99.724071,2900,2905,2900,5,0.1721,GLOBAL_BEST,0,777,19,189,29,64,7,0,7142.8571,0.0000,0,0,0,0,0,0
n012w8-0,n012w8,0,5,500000,100.0,adaptive,2026-07-04T12:09:41+01:00,8,1,102,102,1,99.721316,2870,2900,2870,30,1.0345,GLOBAL_BEST,0,777,19,190,29,65,1,0,300000.0000,0.0000,0,0,0,0,0,0
n012w8-0,n012w8,0,5,500000,100.0,adaptive,2026-07-04T12:09:41+01:00,8,1,102,107,1,99.707540,2830,2870,2830,40,1.3937,GLOBAL_BEST,0,777,20,200,31,66,5,0,80000.0000,0.0000,0,0,0,0,0,0
n012w8-0,n012w8,0,5,500000,100.0,adaptive,2026-07-04T12:09:41+01:00,8,3,102,129,1,0.000000,3905,3945,3905,40,1.0139,LOCAL_BEST,0,777,38,242,3,67,22,0,18181.8182,0.0000,0,0,0,0,0,0
n012w8-0,n012w8,0,5,500000,100.0,adaptive,2026-07-04T12:09:41+01:00,8,3,102,130,1,0.000000,3765,3905,3765,140,3.5851,LOCAL_BEST,0,777,38,242,3,68,1,0,1400000.0000,0.0000,0,0,0,0,0,0
n012w8-0,n012w8,0,5,500000,100.0,adaptive,2026-07-04T12:09:41+01:00,8,3,102,135,1,0.000000,3725,3765,3725,40,1.0624,LOCAL_BEST,0,777,42,250,3,69,5,0,80000.0000,0.0000,0,0,0,0,0,0
n012w8-0,n012w8,0,5,500000,100.0,adaptive,2026-07-04T12:09:41+01:00,8,3,102,136,1,0.000000,3695,3725,3695,30,0.8054,LOCAL_BEST,0,777,42,251,3,70,1,0,300000.0000,0.0000,0,0,0,0,0,0
n012w8-0,n012w8,0,5,500000,100.0,adaptive,2026-07-04T12:09:41+01:00,8,3,102,137,1,0.000000,3655,3695,3655,40,1.0825,LOCAL_BEST,0,777,42,253,3,71,1,0,400000.0000,0.0000,0,0,0,0,0,0
n012w8-0,n012w8,0,5,500000,100.0,adaptive,2026-07-04T12:09:41+01:00,8,3,102,160,1,0.000000,3605,3655,3605,50,1.3680,LOCAL_BEST,0,777,50,290,5,72,23,0,21739.1304,0.0000,0,0,0,0,0,0
n012w8-0,n012w8,0,5,500000,100.0,adaptive,2026-07-04T12:09:41+01:00,8,3,102,163,1,0.000000,3575,3605,3575,30,0.8322,LOCAL_BEST,0,777,50,300,5,73,3,0,100000.0000,0.0000,0,0,0,0,0,0
n012w8-0,n012w8,0,5,500000,100.0,adaptive,2026-07-04T12:09:41+01:00,8,1,102,172,1,99.528624,2760,2830,2760,70,2.4735,GLOBAL_BEST,0,777,36,322,60,74,9,0,77777.7778,0.0000,0,0,0,0,0,0
n012w8-0,n012w8,0,5,500000,100.0,adaptive,2026-07-04T12:09:41+01:00,8,1,102,179,1,99.509375,2730,2760,2730,30,1.0870,GLOBAL_BEST,0,777,39,338,63,75,7,0,42857.1429,0.0000,0,0,0,0,0,0
n012w8-0,n012w8,0,5,500000,100.0,adaptive,2026-07-04T12:09:41+01:00,8,2,102,199,2,0.000000,3090,3140,3090,50,1.5924,LOCAL_BEST,0,777,0,334,1,76,20,1,25000.0000,50000.0000,0,0,0,0,0,0
n012w8-0,n012w8,0,5,500000,100.0,adaptive,2026-07-04T12:09:41+01:00,8,17,102,288,318,0.000000,1750,1760,1750,10,0.5682,GLOBAL_BEST,7,777,0,377,272,77,89,316,1123.5955,31.6456,0,0,0,0,0,0
n012w8-0,n012w8,0,5,500000,100.0,adaptive,2026-07-04T12:09:41+01:00,8,3,102,321,2,0.000000,3385,3575,3385,190,5.3147,LOCAL_BEST,0,777,113,611,13,78,33,-316,57575.7576,0.0000,0,0,0,0,0,0
n012w8-0,n012w8,0,5,500000,100.0,adaptive,2026-07-04T12:09:41+01:00,8,3,102,323,2,0.000000,3375,3385,3375,10,0.2954,LOCAL_BEST,0,777,114,613,13,79,2,0,50000.0000,0.0000,0,0,0,0,0,0
n012w8-0,n012w8,0,5,500000,100.0,adaptive,2026-07-04T12:09:41+01:00,8,3,102,397,2,0.000000,3355,3375,3355,20,0.5926,LOCAL_BEST,0,777,145,736,15,80,74,0,2702.7027,0.0000,0,0,0,0,0,0
n012w8-0,n012w8,0,5,500000,100.0,adaptive,2026-07-04T12:09:41+01:00,8,3,102,401,2,0.000000,3340,3355,3340,15,0.4471,LOCAL_BEST,0,777,145,738,15,81,4,0,37500.0000,0.0000,0,0,0,0,0,0
n012w8-0,n012w8,0,5,500000,100.0,adaptive,2026-07-04T12:09:41+01:00,8,3,102,512,2,0.000000,3325,3340,3325,15,0.4491,LOCAL_BEST,0,777,184,932,24,82,111,0,1351.3514,0.0000,0,0,0,0,0,0
n012w8-0,n012w8,0,5,500000,100.0,adaptive,2026-07-04T12:09:41+01:00,8,3,102,513,2,0.000000,3225,3325,3225,100,3.0075,LOCAL_BEST,0,777,184,932,24,83,1,0,1000000.0000,0.0000,0,0,0,0,0,0
n012w8-0,n012w8,0,5,500000,100.0,adaptive,2026-07-04T12:09:41+01:00,8,2,102,765,2,0.000000,3025,3090,3025,65,2.1036,LOCAL_BEST,0,777,0,1278,1,84,252,0,2579.3651,0.0000,0,0,0,0,0,0
n012w8-0,n012w8,0,5,500000,100.0,adaptive,2026-07-04T12:09:41+01:00,8,3,102,800,2,0.000000,3185,3225,3185,40,1.2403,LOCAL_BEST,0,777,295,1470,32,85,35,0,11428.5714,0.0000,0,0,0,0,0,0
n012w8-0,n012w8,0,5,500000,100.0,adaptive,2026-07-04T12:09:41+01:00,8,3,102,801,2,0.000000,3175,3185,3175,10,0.3140,LOCAL_BEST,0,777,295,1474,32,86,1,0,100000.0000,0.0000,0,0,0,0,0,0
n012w8-0,n012w8,0,5,500000,100.0,adaptive,2026-07-04T12:09:41+01:00,8,3,102,806,2,0.000000,3145,3175,3145,30,0.9449,LOCAL_BEST,0,777,297,1478,32,87,5,0,60000.0000,0.0000,0,0,0,0,0,0
n012w8-0,n012w8,0,5,500000,100.0,adaptive,2026-07-04T12:09:41+01:00,8,3,102,807,2,0.000000,3035,3145,3035,110,3.4976,LOCAL_BEST,0,777,297,1478,32,88,1,0,1100000.0000,0.0000,0,0,0,0,0,0
n012w8-0,n012w8,0,5,500000,100.0,adaptive,2026-07-04T12:09:41+01:00,8,2,102,1063,2,0.000000,3005,3025,3005,20,0.6612,LOCAL_BEST,0,777,0,1858,2,89,256,0,781.2500,0.0000,0,0,0,0,0,0
n012w8-0,n012w8,0,5,500000,100.0,adaptive,2026-07-04T12:09:41+01:00,8,2,102,1064,2,0.000000,3000,3005,3000,5,0.1664,LOCAL_BEST,0,777,0,1861,2,90,1,0,50000.0000,0.0000,0,0,0,0,0,0
n012w8-0,n012w8,0,5,500000,100.0,adaptive,2026-07-04T12:09:41+01:00,8,2,102,1111,3,0.000000,2970,3000,2970,30,1.0000,LOCAL_BEST,0,777,0,1934,6,91,47,1,6382.9787,30000.0000,0,0,0,0,0,0
n012w8-0,n012w8,0,5,500000,100.0,adaptive,2026-07-04T12:09:41+01:00,8,2,102,1112,3,0.000000,2900,2970,2900,70,2.3569,LOCAL_BEST,0,777,0,1945,6,92,1,0,700000.0000,0.0000,0,0,0,0,0,0
n012w8-0,n012w8,0,5,500000,100.0,adaptive,2026-07-04T12:09:41+01:00,8,5,102,1209,63,0.000000,2020,2030,2020,10,0.4926,GLOBAL_BEST,1,777,0,1935,950,93,97,60,1030.9278,166.6667,0,0,0,0,0,0
n012w8-0,n012w8,0,5,500000,100.0,adaptive,2026-07-04T12:09:41+01:00,8,1,102,1244,3,96.623775,2680,2730,2680,50,1.8315,GLOBAL_BEST,0,777,332,2021,389,94,35,-60,14285.7143,0.0000,0,0,0,0,0,0
n012w8-0,n012w8,0,5,500000,100.0,adaptive,2026-07-04T12:09:41+01:00,8,1,102,1259,3,96.583736,2665,2680,2665,15,0.5597,GLOBAL_BEST,0,777,337,2040,393,95,15,0,10000.0000,0.0000,0,0,0,0,0,0
n012w8-0,n012w8,0,5,500000,100.0,adaptive,2026-07-04T12:09:41+01:00,8,8,102,1310,111,0.000000,1835,1850,1835,15,0.8108,GLOBAL_BEST,3,777,0,2005,1165,96,51,108,2941.1765,138.8889,0,0,0,0,0,0
n012w8-0,n012w8,0,5,500000,100.0,adaptive,2026-07-04T12:09:41+01:00,8,5,102,1372,63,0.000000,1975,2020,1975,45,2.2277,GLOBAL_BEST,1,777,0,2157,1075,97,62,-48,7258.0645,0.0000,0,0,0,0,0,0
n012w8-0,n012w8,0,5,500000,100.0,adaptive,2026-07-04T12:09:41+01:00,8,5,102,1374,63,0.000000,1960,1975,1960,15,0.7595,GLOBAL_BEST,1,777,0,2161,1076,98,2,0,75000.0000,0.0000,0,0,0,0,0,0
n012w8-0,n012w8,0,5,500000,100.0,adaptive,2026-07-04T12:09:41+01:00,8,3,102,1807,4,0.000000,3005,3035,3005,30,0.9885,LOCAL_BEST,0,777,684,3164,79,99,433,-59,692.8406,0.0000,0,0,0,0,0,0
n012w8-0,n012w8,0,5,500000,100.0,adaptive,2026-07-04T12:09:41+01:00,8,1,102,2111,4,94.336552,2610,2665,2610,55,2.0638,GLOBAL_BEST,0,777,555,3474,671,100,304,0,1809.2105,0.0000,0,0,0,0,0,0
n012w8-0,n012w8,0,5,500000,100.0,adaptive,2026-07-04T12:09:41+01:00,8,1,102,2361,5,93.687144,2570,2610,2570,40,1.5326,GLOBAL_BEST,0,777,631,3875,749,101,250,1,1600.0000,40000.0000,0,0,0,0,0,0
n012w8-0,n012w8,0,5,500000,100.0,adaptive,2026-07-04T12:09:41+01:00,8,1,102,2364,5,93.679378,2550,2570,2550,20,0.7782,GLOBAL_BEST,0,777,632,3877,749,102,3,0,66666.6667,0.0000,0,0,0,0,0,0
n012w8-0,n012w8,0,5,500000,100.0,adaptive,2026-07-04T12:09:41+01:00,8,14,102,2583,220,0.000000,1785,1795,1785,10,0.5571,LOCAL_BEST,6,777,0,3926,2385,103,219,215,456.6210,46.5116,0,0,0,0,0,0
n012w8-0,n012w8,0,5,500000,100.0,adaptive,2026-07-04T12:09:41+01:00,8,1,102,3075,5,91.856946,2545,2550,2545,5,0.1961,GLOBAL_BEST,0,777,821,5147,996,104,492,-215,101.6260,0.0000,0,0,0,0,0,0
n012w8-0,n012w8,0,5,500000,100.0,adaptive,2026-07-04T12:09:41+01:00,8,17,102,3145,322,0.000000,1745,1750,1745,5,0.2857,GLOBAL_BEST,7,777,0,4364,2874,105,70,317,714.2857,15.7729,0,0,0,0,0,0
n012w8-0,n012w8,0,5,500000,100.0,adaptive,2026-07-04T12:09:41+01:00,8,2,102,3301,7,0.000000,2870,2900,2870,30,1.0345,LOCAL_BEST,0,777,0,5898,442,106,156,-315,1923.0769,0.0000,0,0,0,0,0,0
n012w8-0,n012w8,0,5,500000,100.0,adaptive,2026-07-04T12:09:41+01:00,8,8,102,3365,117,0.000000,1830,1835,1830,5,0.2725,GLOBAL_BEST,3,777,0,5164,2996,107,64,110,781.2500,45.4545,0,0,0,0,0,0
n012w8-0,n012w8,0,5,500000,100.0,adaptive,2026-07-04T12:09:41+01:00,8,2,102,4119,8,0.000000,2840,2870,2840,30,1.0453,LOCAL_BEST,0,777,0,7320,630,108,754,-109,397.8780,0.0000,0,0,0,0,0,0
n012w8-0,n012w8,0,5,500000,100.0,adaptive,2026-07-04T12:09:41+01:00,8,3,102,4544,9,0.000000,2940,3005,2940,65,2.1631,LOCAL_BEST,0,777,1726,8025,177,109,425,1,1529.4118,65000.0000,0,0,0,0,0,0
n012w8-0,n012w8,0,5,500000,100.0,adaptive,2026-07-04T12:09:41+01:00,8,2,102,4629,9,0.000000,2800,2840,2800,40,1.4085,LOCAL_BEST,0,777,0,8207,790,110,85,0,4705.8824,0.0000,0,0,0,0,0,0
n012w8-0,n012w8,0,5,500000,100.0,adaptive,2026-07-04T12:09:41+01:00,8,2,102,4718,9,0.000000,2790,2800,2790,10,0.3571,LOCAL_BEST,0,777,0,8350,810,111,89,0,1123.5955,0.0000,0,0,0,0,0,0
n012w8-0,n012w8,0,5,500000,100.0,adaptive,2026-07-04T12:09:41+01:00,8,1,102,5153,10,86.731329,2540,2545,2540,5,0.1965,GLOBAL_BEST,0,777,1360,8595,1625,112,435,1,114.9425,5000.0000,0,0,0,0,0,0
n012w8-0,n012w8,0,5,500000,100.0,adaptive,2026-07-04T12:09:41+01:00,8,1,102,5164,10,86.704972,2515,2540,2515,25,0.9843,GLOBAL_BEST,0,777,1363,8615,1630,113,11,0,22727.2727,0.0000,0,0,0,0,0,0
n012w8-0,n012w8,0,5,500000,100.0,adaptive,2026-07-04T12:09:41+01:00,8,1,102,5353,10,86.253356,2495,2515,2495,20,0.7952,GLOBAL_BEST,0,777,1402,8909,1704,114,189,0,1058.2011,0.0000,0,0,0,0,0,0
n012w8-0,n012w8,0,5,500000,100.0,adaptive,2026-07-04T12:09:41+01:00,8,1,102,6213,12,84.227905,2460,2495,2460,35,1.4028,GLOBAL_BEST,0,777,1616,10384,2019,115,860,2,406.9767,17500.0000,0,0,0,0,0,0
n012w8-0,n012w8,0,5,500000,100.0,adaptive,2026-07-04T12:09:41+01:00,8,1,102,6215,12,84.223251,2430,2460,2430,30,1.2195,GLOBAL_BEST,0,777,1616,10388,2019,116,2,0,150000.0000,0.0000,0,0,0,0,0,0
n012w8-0,n012w8,0,5,500000,100.0,adaptive,2026-07-04T12:09:41+01:00,8,1,102,6223,12,84.204635,2400,2430,2400,30,1.2346,GLOBAL_BEST,0,777,1617,10406,2024,117,8,0,37500.0000,0.0000,0,0,0,0,0,0
n012w8-0,n012w8,0,5,500000,100.0,adaptive,2026-07-04T12:09:41+01:00,8,1,102,6225,12,84.199982,2395,2400,2395,5,0.2083,GLOBAL_BEST,0,777,1617,10410,2025,118,2,0,25000.0000,0.0000,0,0,0,0,0,0
n012w8-0,n012w8,0,5,500000,100.0,adaptive,2026-07-04T12:09:41+01:00,8,1,102,6226,12,84.197656,2365,2395,2365,30,1.2526,GLOBAL_BEST,0,777,1617,10418,2025,119,1,0,300000.0000,0.0000,0,0,0,0,0,0
n012w8-0,n012w8,0,5,500000,100.0,adaptive,2026-07-04T12:09:41+01:00,8,2,102,6279,12,0.000000,2740,2790,2740,50,1.7921,LOCAL_BEST,0,777,0,11075,1285,120,53,0,9433.9623,0.0000,0,0,0,0,0,0
n012w8-0,n012w8,0,5,500000,100.0,adaptive,2026-07-04T12:09:41+01:00,8,3,102,6344,12,0.000000,2920,2940,2920,20,0.6803,LOCAL_BEST,0,777,2432,11289,251,121,65,0,3076.9231,0.0000,0,0,0,0,0,0
n012w8-0,n012w8,0,5,500000,100.0,adaptive,2026-07-04T12:09:41+01:00,8,3,102,6346,12,0.000000,2890,2920,2890,30,1.0274,LOCAL_BEST,0,777,2433,11291,251,122,2,0,150000.0000,0.0000,0,0,0,0,0,0
n012w8-0,n012w8,0,5,500000,100.0,adaptive,2026-07-04T12:09:41+01:00,8,1,102,6754,12,82.978198,2310,2365,2310,55,2.3256,GLOBAL_BEST,0,777,1745,11374,2236,123,408,0,1348.0392,0.0000,0,0,0,0,0,0
n012w8-0,n012w8,0,5,500000,100.0,adaptive,2026-07-04T12:09:41+01:00,8,1,102,6767,12,82.948397,2255,2310,2255,55,2.3810,GLOBAL_BEST,0,777,1748,11418,2243,124,13,0,42307.6923,0.0000,0,0,0,0,0,0
n012w8-0,n012w8,0,5,500000,100.0,adaptive,2026-07-04T12:09:41+01:00,8,1,102,6775,12,82.930064,2190,2255,2190,65,2.8825,GLOBAL_BEST,0,777,1749,11432,2248,125,8,0,81250.0000,0.0000,0,0,0,0,0,0
n012w8-0,n012w8,0,5,500000,100.0,adaptive,2026-07-04T12:09:41+01:00,8,1,102,6778,12,82.923190,2165,2190,2165,25,1.1416,GLOBAL_BEST,0,777,1750,11436,2249,126,3,0,83333.3333,0.0000,0,0,0,0,0,0
n012w8-0,n012w8,0,5,500000,100.0,adaptive,2026-07-04T12:09:41+01:00,8,2,102,7452,14,0.000000,2735,2740,2735,5,0.1825,LOCAL_BEST,0,777,0,13221,1668,127,674,2,74.1840,2500.0000,0,0,0,0,0,0
n012w8-0,n012w8,0,5,500000,100.0,adaptive,2026-07-04T12:09:41+01:00,8,2,102,7540,14,0.000000,2695,2735,2695,40,1.4625,LOCAL_BEST,0,777,0,13343,1695,128,88,0,4545.4545,0.0000,0,0,0,0,0,0
n012w8-0,n012w8,0,5,500000,100.0,adaptive,2026-07-04T12:09:41+01:00,8,5,102,7647,72,0.000000,1950,1960,1950,10,0.5102,GLOBAL_BEST,1,777,0,11893,6169,129,107,58,934.5794,172.4138,0,0,0,0,0,0
n012w8-0,n012w8,0,5,500000,100.0,adaptive,2026-07-04T12:09:41+01:00,8,2,102,8456,15,0.000000,2650,2695,2650,45,1.6698,LOCAL_BEST,0,777,0,14800,2056,130,809,-57,556.2423,0.0000,0,0,0,0,0,0
n012w8-0,n012w8,0,5,500000,100.0,adaptive,2026-07-04T12:09:41+01:00,8,2,102,8457,15,0.000000,2620,2650,2620,30,1.1321,LOCAL_BEST,0,777,0,14800,2056,131,1,0,300000.0000,0.0000,0,0,0,0,0,0
n012w8-0,n012w8,0,5,500000,100.0,adaptive,2026-07-04T12:09:41+01:00,8,5,102,9879,77,0.000000,1940,1950,1940,10,0.5128,GLOBAL_BEST,1,777,0,15238,8027,132,1422,62,70.3235,161.2903,0,0,0,0,0,0
n012w8-0,n012w8,0,5,500000,100.0,adaptive,2026-07-04T12:09:41+01:00,8,2,102,10759,19,0.000000,2450,2620,2450,170,6.4885,LOCAL_BEST,0,777,0,18486,3035,133,880,-58,1931.8182,0.0000,0,0,0,0,0,0
n012w8-0,n012w8,0,5,500000,100.0,adaptive,2026-07-04T12:09:41+01:00,8,2,102,10760,19,0.000000,2430,2450,2430,20,0.8163,LOCAL_BEST,0,777,0,18487,3035,134,1,0,200000.0000,0.0000,0,0,0,0,0,0
n012w8-0,n012w8,0,5,500000,100.0,adaptive,2026-07-04T12:09:41+01:00,8,5,102,11465,79,0.000000,1910,1940,1910,30,1.5464,GLOBAL_BEST,1,777,0,17616,9278,135,705,60,425.5319,500.0000,0,0,0,0,0,0
n012w8-0,n012w8,0,5,500000,100.0,adaptive,2026-07-04T12:09:41+01:00,8,5,102,14722,84,0.000000,1895,1910,1895,15,0.7853,GLOBAL_BEST,1,777,0,22479,11974,136,3257,5,46.0547,3000.0000,0,0,0,0,0,0
n012w8-0,n012w8,0,5,500000,100.0,adaptive,2026-07-04T12:09:41+01:00,8,2,102,16849,29,0.000000,2420,2430,2420,10,0.4115,LOCAL_BEST,0,777,0,28257,5962,137,2127,-55,47.0146,0.0000,0,0,0,0,0,0
n012w8-0,n012w8,0,5,500000,100.0,adaptive,2026-07-04T12:09:41+01:00,8,2,102,16851,29,0.000000,2410,2420,2410,10,0.4132,LOCAL_BEST,0,777,0,28263,5963,138,2,0,50000.0000,0.0000,0,0,0,0,0,0
n012w8-0,n012w8,0,5,500000,100.0,adaptive,2026-07-04T12:09:41+01:00,8,5,102,18765,90,0.000000,1875,1895,1875,20,1.0554,GLOBAL_BEST,1,777,0,28743,15363,139,1914,61,104.4932,327.8689,0,0,0,0,0,0
n012w8-0,n012w8,0,5,500000,100.0,adaptive,2026-07-04T12:09:41+01:00,8,2,102,19716,34,0.000000,2405,2410,2405,5,0.2075,LOCAL_BEST,0,777,0,32921,7574,140,951,-56,52.5762,0.0000,0,0,0,0,0,0
n012w8-0,n012w8,0,5,500000,100.0,adaptive,2026-07-04T12:09:41+01:00,8,2,102,22105,37,0.000000,2330,2405,2330,75,3.1185,LOCAL_BEST,0,777,0,36797,8998,141,2389,3,313.9389,25000.0000,0,0,0,0,0,0
n012w8-0,n012w8,0,5,500000,100.0,adaptive,2026-07-04T12:09:41+01:00,8,2,102,22106,37,0.000000,2315,2330,2315,15,0.6438,LOCAL_BEST,0,777,0,36799,8998,142,1,0,150000.0000,0.0000,0,0,0,0,0,0
n012w8-0,n012w8,0,5,500000,100.0,adaptive,2026-07-04T12:09:41+01:00,8,2,102,22387,37,0.000000,2310,2315,2310,5,0.2160,LOCAL_BEST,0,777,0,37256,9155,143,281,0,177.9359,0.0000,0,0,0,0,0,0
n012w8-0,n012w8,0,5,500000,100.0,adaptive,2026-07-04T12:09:41+01:00,8,3,102,23070,40,0.000000,2860,2890,2860,30,1.0381,LOCAL_BEST,0,777,8875,41053,933,144,683,3,439.2387,10000.0000,0,0,0,0,0,0
n012w8-0,n012w8,0,5,500000,100.0,adaptive,2026-07-04T12:09:41+01:00,8,3,102,23072,40,0.000000,2850,2860,2850,10,0.3497,LOCAL_BEST,0,777,8876,41056,933,145,2,0,50000.0000,0.0000,0,0,0,0,0,0
n012w8-0,n012w8,0,5,500000,100.0,adaptive,2026-07-04T12:09:41+01:00,8,2,102,25337,42,0.000000,2295,2310,2295,15,0.6494,LOCAL_BEST,0,777,0,42154,10930,146,2265,2,66.2252,7500.0000,0,0,0,0,0,0
n012w8-0,n012w8,0,5,500000,100.0,adaptive,2026-07-04T12:09:41+01:00,8,2,102,25357,43,0.000000,2275,2295,2275,20,0.8715,LOCAL_BEST,0,777,0,42209,10943,147,20,1,10000.0000,20000.0000,0,0,0,0,0,0
n012w8-0,n012w8,0,5,500000,100.0,adaptive,2026-07-04T12:09:41+01:00,8,4,102,25773,105,49.060955,2115,2130,2115,15,0.7042,LOCAL_BEST,1,777,5542,44153,10831,148,416,62,360.5769,241.9355,0,0,0,0,0,0
n012w8-0,n012w8,0,5,500000,100.0,adaptive,2026-07-04T12:09:41+01:00,8,2,102,26358,44,0.000000,2250,2275,2250,25,1.0989,LOCAL_BEST,0,777,0,43857,11551,149,585,-61,427.3504,0.0000,0,0,0,0,0,0
n012w8-0,n012w8,0,5,500000,100.0,adaptive,2026-07-04T12:09:41+01:00,8,5,102,31424,109,0.000000,1850,1875,1850,25,1.3333,GLOBAL_BEST,1,777,0,48166,26110,150,5066,65,49.3486,384.6154,0,0,0,0,0,0
n012w8-0,n012w8,0,5,500000,100.0,adaptive,2026-07-04T12:09:41+01:00,8,2,102,32365,54,0.000000,2200,2250,2200,50,2.2222,LOCAL_BEST,0,777,0,53457,15468,151,941,-55,531.3496,0.0000,0,0,0,0,0,0
n012w8-0,n012w8,0,5,500000,100.0,adaptive,2026-07-04T12:09:41+01:00,8,2,102,33789,56,0.000000,2195,2200,2195,5,0.2273,LOCAL_BEST,0,777,0,55801,16422,152,1424,2,35.1124,2500.0000,0,0,0,0,0,0
n012w8-0,n012w8,0,5,500000,100.0,adaptive,2026-07-04T12:09:41+01:00,8,1,102,36070,60,36.912376,2145,2165,2145,20,0.9238,LOCAL_BEST,0,777,7087,60076,16670,153,2281,4,87.6808,5000.0000,0,0,0,0,0,0
n012w8-0,n012w8,0,5,500000,100.0,adaptive,2026-07-04T12:09:41+01:00,8,1,102,36081,60,36.901158,2130,2145,2130,15,0.6993,LOCAL_BEST,0,777,7088,60109,16677,154,11,0,13636.3636,0.0000,0,0,0,0,0,0
n012w8-0,n012w8,0,5,500000,100.0,adaptive,2026-07-04T12:09:41+01:00,8,2,102,36972,60,0.000000,2130,2195,2130,65,2.9613,GLOBAL_BEST,0,777,0,60893,18668,155,891,0,729.5174,0.0000,0,0,0,0,0,0
n012w8-0,n012w8,0,5,500000,100.0,adaptive,2026-07-04T12:09:41+01:00,8,1,102,37326,63,35.653322,2100,2130,2100,30,1.4085,LOCAL_BEST,0,777,7227,62050,17465,156,354,3,847.4576,10000.0000,0,0,0,0,0,0
n012w8-0,n012w8,0,5,500000,100.0,adaptive,2026-07-04T12:09:41+01:00,8,1,102,37328,63,35.651352,2075,2100,2075,25,1.1905,LOCAL_BEST,0,777,7227,62052,17466,157,2,0,125000.0000,0.0000,0,0,0,0,0,0
n012w8-0,n012w8,0,5,500000,100.0,adaptive,2026-07-04T12:09:41+01:00,8,2,102,40627,67,0.000000,2125,2130,2125,5,0.2347,LOCAL_BEST,0,777,0,66925,21257,158,3299,4,15.1561,1250.0000,0,0,0,0,0,0
n012w8-0,n012w8,0,5,500000,100.0,adaptive,2026-07-04T12:09:41+01:00,8,1,102,41007,69,32.205348,2065,2075,2065,10,0.4819,LOCAL_BEST,0,777,7642,67769,19850,159,380,2,263.1579,5000.0000,0,0,0,0,0,0
n012w8-0,n012w8,0,5,500000,100.0,adaptive,2026-07-04T12:09:41+01:00,8,1,102,41008,69,32.204458,2050,2065,2050,15,0.7264,LOCAL_BEST,0,777,7642,67769,19850,160,1,0,150000.0000,0.0000,0,0,0,0,0,0
n012w8-0,n012w8,0,5,500000,100.0,adaptive,2026-07-04T12:09:41+01:00,8,1,102,41028,69,32.186666,2035,2050,2035,15,0.7317,LOCAL_BEST,0,777,7642,67795,19866,161,20,0,7500.0000,0.0000,0,0,0,0,0,0
n012w8-0,n012w8,0,5,500000,100.0,adaptive,2026-07-04T12:09:41+01:00,8,1,102,41661,70,31.628602,2025,2035,2025,10,0.4914,LOCAL_BEST,0,777,7697,68795,20319,162,633,1,157.9779,10000.0000,0,0,0,0,0,0
n012w8-0,n012w8,0,5,500000,100.0,adaptive,2026-07-04T12:09:41+01:00,8,1,102,41673,70,31.618117,2000,2025,2000,25,1.2346,LOCAL_BEST,0,777,7697,68810,20330,163,12,0,20833.3333,0.0000,0,0,0,0,0,0
n012w8-0,n012w8,0,5,500000,100.0,adaptive,2026-07-04T12:09:41+01:00,8,2,102,42598,69,0.000000,2120,2125,2120,5,0.2353,LOCAL_BEST,0,777,0,70159,22728,164,925,-1,54.0541,0.0000,0,0,0,0,0,0
n012w8-0,n012w8,0,5,500000,100.0,adaptive,2026-07-04T12:09:41+01:00,8,2,102,43599,71,0.000000,2095,2120,2095,25,1.1792,LOCAL_BEST,0,777,0,71684,23428,165,1001,2,249.7502,12500.0000,0,0,0,0,0,0
n012w8-0,n012w8,0,5,500000,100.0,adaptive,2026-07-04T12:09:41+01:00,8,2,102,45652,75,0.000000,2065,2095,2065,30,1.4320,LOCAL_BEST,0,777,0,74978,24995,166,2053,4,146.1276,7500.0000,0,0,0,0,0,0
n012w8-0,n012w8,0,5,500000,100.0,adaptive,2026-07-04T12:09:41+01:00,8,4,102,45916,144,28.120303,2105,2115,2105,10,0.4728,LOCAL_BEST,1,777,8129,77045,23367,167,264,69,378.7879,144.9275,0,0,0,0,0,0
n012w8-0,n012w8,0,5,500000,100.0,adaptive,2026-07-04T12:09:41+01:00,8,4,102,45918,144,28.118749,2075,2105,2075,30,1.4252,LOCAL_BEST,1,777,8129,77047,23368,168,2,0,150000.0000,0.0000,0,0,0,0,0,0
n012w8-0,n012w8,0,5,500000,100.0,adaptive,2026-07-04T12:09:41+01:00,8,4,102,45920,144,28.117195,2060,2075,2060,15,0.7229,LOCAL_BEST,1,777,8129,77048,23369,169,2,0,75000.0000,0.0000,0,0,0,0,0,0
n012w8-0,n012w8,0,5,500000,100.0,adaptive,2026-07-04T12:09:41+01:00,8,2,102,46399,76,0.000000,2060,2065,2060,5,0.2421,LOCAL_BEST,0,777,0,76157,25539,170,479,-68,104.3841,0.0000,0,0,0,0,0,0
n012w8-0,n012w8,0,5,500000,100.0,adaptive,2026-07-04T12:09:41+01:00,8,4,102,46501,145,27.669416,2020,2060,2020,40,1.9417,LOCAL_BEST,1,777,8182,77939,23767,171,102,69,3921.5686,579.7101,0,0,0,0,0,0
n012w8-0,n012w8,0,5,500000,100.0,adaptive,2026-07-04T12:09:41+01:00,8,4,102,47133,146,27.190425,1985,2020,1985,35,1.7327,LOCAL_BEST,1,777,8223,78906,24262,172,632,1,553.7975,35000.0000,0,0,0,0,0,0
n012w8-0,n012w8,0,5,500000,100.0,adaptive,2026-07-04T12:09:41+01:00,8,2,102,49009,80,0.000000,2035,2060,2035,25,1.2136,LOCAL_BEST,0,777,0,80215,27395,173,1876,-66,133.2623,0.0000,0,0,0,0,0,0
n012w8-0,n012w8,0,5,500000,100.0,adaptive,2026-07-04T12:09:41+01:00,8,2,102,49811,82,0.000000,2030,2035,2030,5,0.2457,LOCAL_BEST,0,777,0,81373,27972,174,802,2,62.3441,2500.0000,0,0,0,0,0,0
n012w8-0,n012w8,0,5,500000,100.0,adaptive,2026-07-04T12:09:41+01:00,8,2,102,50313,83,0.000000,1980,2030,1980,50,2.4631,LOCAL_BEST,0,777,0,82161,28339,175,502,1,996.0159,50000.0000,0,0,0,0,0,0
n012w8-0,n012w8,0,5,500000,100.0,adaptive,2026-07-04T12:09:41+01:00,8,4,102,53617,158,22.730448,1975,1985,1975,10,0.5038,LOCAL_BEST,1,777,8742,88760,29025,176,3304,75,30.2663,133.3333,0,0,0,0,0,0
n012w8-0,n012w8,0,5,500000,100.0,adaptive,2026-07-04T12:09:41+01:00,8,4,102,53639,158,22.716635,1965,1975,1965,10,0.5063,LOCAL_BEST,1,777,8743,88789,29044,177,22,0,4545.4545,0.0000,0,0,0,0,0,0
n012w8-0,n012w8,0,5,500000,100.0,adaptive,2026-07-04T12:09:41+01:00,8,4,102,53682,158,22.689661,1960,1965,1960,5,0.2545,LOCAL_BEST,1,777,8743,88841,29082,178,43,0,1162.7907,0.0000,0,0,0,0,0,0
n012w8-0,n012w8,0,5,500000,100.0,adaptive,2026-07-04T12:09:41+01:00,8,4,102,53698,158,22.679632,1945,1960,1945,15,0.7653,LOCAL_BEST,1,777,8743,88871,29096,179,16,0,9375.0000,0.0000,0,0,0,0,0,0
n012w8-0,n012w8,0,5,500000,100.0,adaptive,2026-07-04T12:09:41+01:00,8,4,102,53888,159,22.560878,1930,1945,1930,15,0.7712,LOCAL_BEST,1,777,8750,89107,29255,180,190,1,789.4737,15000.0000,0,0,0,0,0,0
n012w8-0,n012w8,0,5,500000,100.0,adaptive,2026-07-04T12:09:41+01:00,8,4,102,54006,159,22.487439,1925,1930,1925,5,0.2591,LOCAL_BEST,1,777,8753,89258,29356,181,118,0,423.7288,0.0000,0,0,0,0,0,0
n012w8-0,n012w8,0,5,500000,100.0,adaptive,2026-07-04T12:09:41+01:00,8,1,102,56338,102,21.084145,1980,2000,1980,20,1.0000,LOCAL_BEST,0,777,8902,92430,30895,182,2332,-57,85.7633,0.0000,0,0,0,0,0,0
n012w8-0,n012w8,0,5,500000,100.0,adaptive,2026-07-04T12:09:41+01:00,8,2,102,56885,92,0.000000,1960,1980,1960,20,1.0101,LOCAL_BEST,0,777,0,92567,33618,183,547,-10,365.6307,0.0000,0,0,0,0,0,0
n012w8-0,n012w8,0,5,500000,100.0,adaptive,2026-07-04T12:09:41+01:00,8,2,102,59501,97,0.000000,1930,1960,1930,30,1.5306,LOCAL_BEST,0,777,0,96591,35655,184,2616,5,114.6789,6000.0000,0,0,0,0,0,0
n012w8-0,n012w8,0,5,500000,100.0,adaptive,2026-07-04T12:09:41+01:00,8,2,102,62545,101,0.000000,1925,1930,1925,5,0.2591,LOCAL_BEST,0,777,0,101114,37960,185,3044,4,16.4258,1250.0000,0,0,0,0,0,0
n012w8-0,n012w8,0,5,500000,100.0,adaptive,2026-07-04T12:09:41+01:00,8,4,102,64805,188,16.685991,1920,1925,1920,5,0.2597,LOCAL_BEST,1,777,9398,105848,37837,186,2260,87,22.1239,57.4713,0,0,0,0,0,0
n012w8-0,n012w8,0,5,500000,100.0,adaptive,2026-07-04T12:09:41+01:00,8,1,102,65354,116,16.434784,1975,1980,1975,5,0.2525,LOCAL_BEST,0,777,9384,106669,38033,187,549,-72,91.0747,0.0000,0,0,0,0,0,0
n012w8-0,n012w8,0,5,500000,100.0,adaptive,2026-07-04T12:09:41+01:00,8,10,102,65379,307,16.423435,1800,1825,1800,25,1.3699,LOCAL_BEST,4,777,9446,106256,38343,188,25,191,10000.0000,130.8901,0,0,0,0,0,0
n012w8-0,n012w8,0,5,500000,100.0,adaptive,2026-07-04T12:09:41+01:00,8,1,102,65381,116,16.422528,1960,1975,1960,15,0.7595,LOCAL_BEST,0,777,9384,106739,38056,189,2,-191,75000.0000,0.0000,0,0,0,0,0,0
n012w8-0,n012w8,0,5,500000,100.0,adaptive,2026-07-04T12:09:41+01:00,8,2,102,66531,107,0.000000,1910,1925,1910,15,0.7792,LOCAL_BEST,0,777,0,107337,41271,190,1150,-9,130.4348,0.0000,0,0,0,0,0,0
n012w8-0,n012w8,0,5,500000,100.0,adaptive,2026-07-04T12:09:41+01:00,8,10,102,66812,310,15.785851,1790,1800,1790,10,0.5556,LOCAL_BEST,4,777,9483,108464,39581,191,281,203,355.8719,49.2611,0,0,0,0,0,0
n012w8-0,n012w8,0,5,500000,100.0,adaptive,2026-07-04T12:09:41+01:00,8,2,102,68046,110,0.000000,1900,1910,1900,10,0.5236,LOCAL_BEST,0,777,0,109736,42535,192,1234,-200,81.0373,0.0000,0,0,0,0,0,0
n012w8-0,n012w8,0,5,500000,100.0,adaptive,2026-07-04T12:09:41+01:00,8,1,102,69221,123,14.769303,1950,1960,1950,10,0.5102,LOCAL_BEST,0,777,9574,112679,41130,193,1175,13,85.1064,769.2308,0,0,0,0,0,0
n012w8-0,n012w8,0,5,500000,100.0,adaptive,2026-07-04T12:09:41+01:00,8,1,102,69270,123,14.749320,1890,1950,1890,60,3.0769,LOCAL_BEST,0,777,9574,112739,41171,194,49,0,12244.8980,0.0000,0,0,0,0,0,0
n012w8-0,n012w8,0,5,500000,100.0,adaptive,2026-07-04T12:09:41+01:00,8,4,102,69882,202,14.502003,1915,1920,1915,5,0.2604,LOCAL_BEST,1,777,9635,113919,41934,195,612,79,81.6993,63.2911,0,0,0,0,0,0
n012w8-0,n012w8,0,5,500000,100.0,adaptive,2026-07-04T12:09:41+01:00,8,10,102,69887,317,14.500000,1760,1790,1760,30,1.6760,GLOBAL_BEST,4,777,9593,112963,42121,196,5,115,60000.0000,260.8696,0,0,0,0,0,0
n012w8-0,n012w8,0,5,500000,100.0,adaptive,2026-07-04T12:09:41+01:00,8,2,102,70356,113,0.000000,1890,1900,1890,10,0.5263,LOCAL_BEST,0,777,0,113371,44352,197,469,-204,213.2196,0.0000,0,0,0,0,0,0
n012w8-0,n012w8,0,5,500000,100.0,adaptive,2026-07-04T12:09:41+01:00,8,1,102,70606,125,14.214775,1885,1890,1885,5,0.2646,LOCAL_BEST,0,777,9628,114698,42250,198,250,12,200.0000,416.6667,0,0,0,0,0,0
n012w8-0,n012w8,0,5,500000,100.0,adaptive,2026-07-04T12:09:41+01:00,8,4,102,70967,205,14.073691,1905,1915,1905,10,0.5222,LOCAL_BEST,1,777,9669,115709,42866,199,361,80,277.0083,125.0000,0,0,0,0,0,0
n012w8-0,n012w8,0,5,500000,100.0,adaptive,2026-07-04T12:09:41+01:00,8,4,102,71073,205,14.032531,1900,1905,1900,5,0.2625,LOCAL_BEST,1,777,9672,115848,42957,200,106,0,471.6981,0.0000,0,0,0,0,0,0
n012w8-0,n012w8,0,5,500000,100.0,adaptive,2026-07-04T12:09:41+01:00,8,4,102,71120,205,14.014319,1890,1900,1890,10,0.5263,LOCAL_BEST,1,777,9674,115914,42995,201,47,0,2127.6596,0.0000,0,0,0,0,0,0
n012w8-0,n012w8,0,5,500000,100.0,adaptive,2026-07-04T12:09:41+01:00,8,2,102,71246,114,0.000000,1850,1890,1850,40,2.1164,LOCAL_BEST,0,777,0,114739,45096,202,126,-91,3174.6032,0.0000,0,0,0,0,0,0
n012w8-0,n012w8,0,5,500000,100.0,adaptive,2026-07-04T12:09:41+01:00,8,4,102,72115,208,13.634273,1875,1890,1875,15,0.7937,LOCAL_BEST,1,777,9707,117381,43875,203,869,94,172.6122,159.5745,0,0,0,0,0,0
n012w8-0,n012w8,0,5,500000,100.0,adaptive,2026-07-04T12:09:41+01:00,8,4,102,72315,208,13.559135,1865,1875,1865,10,0.5333,LOCAL_BEST,1,777,9712,117644,44054,204,200,0,500.0000,0.0000,0,0,0,0,0,0
n012w8-0,n012w8,0,5,500000,100.0,adaptive,2026-07-04T12:09:41+01:00,8,1,102,72337,127,13.550896,1880,1885,1880,5,0.2653,LOCAL_BEST,0,777,9705,117498,43644,205,22,-81,2272.7273,0.0000,0,0,0,0,0,0
n012w8-0,n012w8,0,5,500000,100.0,adaptive,2026-07-04T12:09:41+01:00,8,1,102,72380,127,13.534805,1870,1880,1870,10,0.5319,LOCAL_BEST,0,777,9706,117566,43678,206,43,0,2325.5814,0.0000,0,0,0,0,0,0
n012w8-0,n012w8,0,5,500000,100.0,adaptive,2026-07-04T12:09:41+01:00,8,4,102,73540,212,13.107866,1850,1865,1850,15,0.8043,LOCAL_BEST,1,777,9729,119568,45176,207,1160,85,129.3103,176.4706,0,0,0,0,0,0
n012w8-0,n012w8,0,5,500000,100.0,adaptive,2026-07-04T12:09:41+01:00,8,1,102,74533,131,12.753107,1865,1870,1865,5,0.2674,LOCAL_BEST,0,777,9780,120815,45459,208,993,-81,50.3525,0.0000,0,0,0,0,0,0
n012w8-0,n012w8,0,5,500000,100.0,adaptive,2026-07-04T12:09:41+01:00,8,13,102,77401,395,11.781484,1785,1795,1785,10,0.5571,LOCAL_BEST,5,777,9965,123973,48209,209,2868,264,34.8675,37.8788,0,0,0,0,0,0
n012w8-0,n012w8,0,5,500000,100.0,adaptive,2026-07-04T12:09:41+01:00,8,1,102,77983,135,11.593538,1855,1865,1855,10,0.5362,LOCAL_BEST,0,777,9878,126258,48409,210,582,-260,171.8213,0.0000,0,0,0,0,0,0
n012w8-0,n012w8,0,5,500000,100.0,adaptive,2026-07-04T12:09:41+01:00,8,13,102,80984,404,10.670972,1775,1785,1775,10,0.5602,LOCAL_BEST,5,777,10030,129013,51301,211,3001,269,33.3222,37.1747,0,0,0,0,0,0
n012w8-0,n012w8,0,5,500000,100.0,adaptive,2026-07-04T12:09:41+01:00,8,2,102,82402,134,0.000000,1845,1850,1845,5,0.2703,LOCAL_BEST,0,777,0,132101,54613,212,1418,-270,35.2609,0.0000,0,0,0,0,0,0
n012w8-0,n012w8,0,5,500000,100.0,adaptive,2026-07-04T12:09:41+01:00,8,1,102,82841,143,10.137246,1850,1855,1850,5,0.2695,LOCAL_BEST,0,777,9975,133773,52648,213,439,9,113.8952,555.5556,0,0,0,0,0,0
n012w8-0,n012w8,0,5,500000,100.0,adaptive,2026-07-04T12:09:41+01:00,8,1,102,82944,143,10.108437,1845,1850,1845,5,0.2703,LOCAL_BEST,0,777,9979,133916,52736,214,103,0,485.4369,0.0000,0,0,0,0,0,0
n012w8-0,n012w8,0,5,500000,100.0,adaptive,2026-07-04T12:09:41+01:00,8,1,102,83108,144,10.062734,1830,1845,1830,15,0.8130,LOCAL_BEST,0,777,9979,134160,52887,215,164,1,914.6341,15000.0000,0,0,0,0,0,0
n012w8-0,n012w8,0,5,500000,100.0,adaptive,2026-07-04T12:09:41+01:00,8,10,102,84398,349,9.710375,1750,1760,1750,10,0.5682,LOCAL_BEST,4,777,9940,134504,54674,216,1290,205,77.5194,48.7805,0,0,0,0,0,0
n012w8-0,n012w8,0,5,500000,100.0,adaptive,2026-07-04T12:09:41+01:00,8,13,102,85116,414,9.519628,1760,1775,1760,15,0.8451,LOCAL_BEST,5,777,10112,134920,54937,217,718,65,208.9136,230.7692,0,0,0,0,0,0
n012w8-0,n012w8,0,5,500000,100.0,adaptive,2026-07-04T12:09:41+01:00,8,7,102,86069,277,9.272226,1845,1850,1845,5,0.2703,LOCAL_BEST,2,777,10068,138675,55663,218,953,-137,52.4659,0.0000,0,0,0,0,0,0
n012w8-0,n012w8,0,5,500000,100.0,adaptive,2026-07-04T12:09:41+01:00,8,3,102,86173,175,0.000000,2820,2850,2820,30,1.0526,LOCAL_BEST,0,777,33174,152391,3445,219,104,-102,2884.6154,0.0000,0,0,0,0,0,0
n012w8-0,n012w8,0,5,500000,100.0,adaptive,2026-07-04T12:09:41+01:00,8,2,102,88015,148,0.000000,1840,1845,1840,5,0.2710,LOCAL_BEST,0,777,0,140806,59315,220,1842,-27,27.1444,0.0000,0,0,0,0,0,0
n012w8-0,n012w8,0,5,500000,100.0,adaptive,2026-07-04T12:09:41+01:00,8,2,102,90655,154,0.000000,1835,1840,1835,5,0.2717,LOCAL_BEST,0,777,0,144715,61624,221,2640,6,18.9394,833.3333,0,0,0,0,0,0
n012w8-0,n012w8,0,5,500000,100.0,adaptive,2026-07-04T12:09:41+01:00,8,7,102,91695,290,7.937285,1840,1845,1840,5,0.2710,LOCAL_BEST,2,777,10158,147071,60606,222,1040,136,48.0769,36.7647,0,0,0,0,0,0
n012w8-0,n012w8,0,5,500000,100.0,adaptive,2026-07-04T12:09:41+01:00,8,7,102,91818,292,7.910355,1835,1840,1835,5,0.2717,LOCAL_BEST,2,777,10160,147266,60715,223,123,2,406.5041,2500.0000,0,0,0,0,0,0
n012w8-0,n012w8,0,5,500000,100.0,adaptive,2026-07-04T12:09:41+01:00,8,3,102,92334,189,0.000000,2785,2820,2785,35,1.2411,LOCAL_BEST,0,777,35555,163778,3689,224,516,-103,678.2946,0.0000,0,0,0,0,0,0
n012w8-0,n012w8,0,5,500000,100.0,adaptive,2026-07-04T12:09:41+01:00,8,3,102,92335,189,0.000000,2755,2785,2755,30,1.0772,LOCAL_BEST,0,777,35555,163778,3689,225,1,0,300000.0000,0.0000,0,0,0,0,0,0
n012w8-0,n012w8,0,5,500000,100.0,adaptive,2026-07-04T12:09:41+01:00,8,2,102,92845,157,0.000000,1830,1835,1830,5,0.2725,LOCAL_BEST,0,777,0,148027,63503,226,510,-32,98.0392,0.0000,0,0,0,0,0,0
n012w8-0,n012w8,0,5,500000,100.0,adaptive,2026-07-04T12:09:41+01:00,8,4,102,94398,255,7.366073,1845,1850,1845,5,0.2703,LOCAL_BEST,1,777,10118,151748,63693,227,1553,98,32.1958,51.0204,0,0,0,0,0,0
n012w8-0,n012w8,0,5,500000,100.0,adaptive,2026-07-04T12:09:41+01:00,8,4,102,95858,259,7.074830,1840,1845,1840,5,0.2710,LOCAL_BEST,1,777,10143,153978,65013,228,1460,4,34.2466,1250.0000,0,0,0,0,0,0
n012w8-0,n012w8,0,5,500000,100.0,adaptive,2026-07-04T12:09:41+01:00,8,4,102,96693,260,6.913469,1835,1840,1835,5,0.2717,LOCAL_BEST,1,777,10153,155315,65767,229,835,1,59.8802,5000.0000,0,0,0,0,0,0
n012w8-0,n012w8,0,5,500000,100.0,adaptive,2026-07-04T12:09:41+01:00,8,4,102,96940,260,6.866446,1820,1835,1820,15,0.8174,LOCAL_BEST,1,777,10155,155692,65993,230,247,0,607.2874,0.0000,0,0,0,0,0,0
n012w8-0,n012w8,0,5,500000,100.0,adaptive,2026-07-04T12:09:41+01:00,8,2,102,99018,171,0.000000,1825,1830,1825,5,0.2732,GLOBAL_BEST,0,777,0,157469,68913,231,2078,-89,24.0616,0.0000,0,0,0,0,0,0
n012w8-0,n012w8,0,5,500000,100.0,adaptive,2026-07-04T12:09:41+01:00,8,2,102,103163,180,0.000000,1810,1825,1810,15,0.8219,LOCAL_BEST,0,777,0,163914,72628,232,4145,9,36.1882,1666.6667,0,0,0,0,0,0
n012w8-0,n012w8,0,5,500000,100.0,adaptive,2026-07-04T12:09:41+01:00,8,13,102,106881,459,5.217230,1755,1760,1755,5,0.2841,LOCAL_BEST,5,777,10281,165479,74598,233,3718,279,13.4481,17.9211,0,0,0,0,0,0
n012w8-0,n012w8,0,5,500000,100.0,adaptive,2026-07-04T12:09:41+01:00,8,13,102,107230,460,5.167161,1745,1755,1745,10,0.5698,LOCAL_BEST,5,777,10284,165961,74917,234,349,1,286.5330,10000.0000,0,0,0,0,0,0
n012w8-0,n012w8,0,5,500000,100.0,adaptive,2026-07-04T12:09:41+01:00,8,13,102,107241,460,5.165591,1735,1745,1735,10,0.5731,GLOBAL_BEST,5,777,10284,165977,74927,235,11,0,9090.9091,0.0000,0,0,0,0,0,0
n012w8-0,n012w8,0,5,500000,100.0,adaptive,2026-07-04T12:09:41+01:00,8,4,102,110848,293,4.675585,1810,1820,1810,10,0.5495,LOCAL_BEST,1,777,10240,177203,78980,236,3607,-167,27.7239,0.0000,0,0,0,0,0,0
n012w8-0,n012w8,0,5,500000,100.0,adaptive,2026-07-04T12:09:41+01:00,8,2,102,120288,206,0.000000,1800,1810,1800,10,0.5525,GLOBAL_BEST,0,777,0,190385,87994,237,9440,-87,10.5932,0.0000,0,0,0,0,0,0
n012w8-0,n012w8,0,5,500000,100.0,adaptive,2026-07-04T12:09:41+01:00,8,2,102,124558,215,0.000000,1795,1800,1795,5,0.2778,GLOBAL_BEST,0,777,0,196959,91773,238,4270,9,11.7096,555.5556,0,0,0,0,0,0
n012w8-0,n012w8,0,5,500000,100.0,adaptive,2026-07-04T12:09:41+01:00,8,2,102,126096,217,0.000000,1785,1795,1785,10,0.5571,GLOBAL_BEST,0,777,0,199285,93152,239,1538,2,65.0195,5000.0000,0,0,0,0,0,0
n012w8-0,n012w8,0,5,500000,100.0,adaptive,2026-07-04T12:09:41+01:00,8,10,102,134398,456,2.439069,1750,1750,1750,0,0.0000,REHEAT,4,777,10168,206540,100081,240,8302,239,0.0000,0.0000,0,0,0,0,0,0
n012w8-0,n012w8,0,5,500000,100.0,adaptive,2026-07-04T12:09:41+01:00,8,13,102,157241,561,1.297502,1735,1735,1735,0,0.0000,REHEAT,5,777,10303,234735,121481,241,22843,105,0.0000,0.0000,0,0,0,0,0,0
n012w8-0,n012w8,0,5,500000,100.0,adaptive,2026-07-04T12:09:41+01:00,8,10,102,184398,586,25.118864,2110,1750,1750,0,0.0000,REHEAT,4,777,18701,288755,126295,242,27157,25,0.0000,0.0000,0,0,0,0,0,0
n012w8-0,n012w8,0,5,500000,100.0,adaptive,2026-07-04T12:09:41+01:00,8,13,102,207241,676,25.118864,2370,1735,1735,0,0.0000,REHEAT,5,777,18811,317548,147661,243,22843,90,0.0000,0.0000,0,0,0,0,0,0
n012w8-0,n012w8,0,5,500000,100.0,adaptive,2026-07-04T12:09:41+01:00,8,10,102,234398,715,25.118864,2190,1750,1750,0,0.0000,REHEAT,4,777,27125,370141,152649,244,27157,39,0.0000,0.0000,0,0,0,0,0,0
n012w8-0,n012w8,0,5,500000,100.0,adaptive,2026-07-04T12:09:41+01:00,8,3,102,256071,592,0.000000,2680,2755,2680,75,2.7223,LOCAL_BEST,0,777,98791,454478,10288,245,21673,-123,34.6053,0.0000,0,0,0,0,0,0
n012w8-0,n012w8,0,5,500000,100.0,adaptive,2026-07-04T12:09:41+01:00,8,13,102,257241,799,25.118864,2260,1735,1735,0,0.0000,REHEAT,5,777,27455,399890,173619,246,1170,207,0.0000,0.0000,0,0,0,0,0,0
n012w8-0,n012w8,0,5,500000,100.0,adaptive,2026-07-04T12:09:41+01:00,8,10,102,284398,832,25.118864,2230,1750,1750,0,0.0000,REHEAT,4,777,35738,452842,178594,247,27157,33,0.0000,0.0000,0,0,0,0,0,0
n012w8-0,n012w8,0,5,500000,100.0,adaptive,2026-07-04T12:09:41+01:00,8,13,102,307241,924,25.118864,2205,1735,1735,0,0.0000,REHEAT,5,777,35958,481507,199790,248,22843,92,0.0000,0.0000,0,0,0,0,0,0
n012w8-0,n012w8,0,5,500000,100.0,adaptive,2026-07-04T12:09:41+01:00,8,10,102,334398,951,25.118864,2310,1750,1750,0,0.0000,REHEAT,4,777,44285,536067,204782,249,27157,27,0.0000,0.0000,0,0,0,0,0,0
n012w8-0,n012w8,0,5,500000,100.0,adaptive,2026-07-04T12:09:41+01:00,8,13,102,357241,1052,25.118864,2155,1735,1735,0,0.0000,REHEAT,5,777,44411,562965,226036,250,22843,101,0.0000,0.0000,0,0,0,0,0,0
n012w8-0,n012w8,0,5,500000,100.0,adaptive,2026-07-04T12:09:41+01:00,8,10,102,384398,1082,25.118864,2150,1750,1750,0,0.0000,REHEAT,4,777,52854,618962,231026,251,27157,30,0.0000,0.0000,0,0,0,0,0,0
n012w8-0,n012w8,0,5,500000,100.0,adaptive,2026-07-04T12:09:41+01:00,8,13,102,407241,1172,25.118864,2175,1735,1735,0,0.0000,REHEAT,5,777,53002,645504,252109,252,22843,90,0.0000,0.0000,0,0,0,0,0,0
n012w8-0,n012w8,0,5,500000,100.0,adaptive,2026-07-04T12:09:41+01:00,8,10,102,434398,1200,25.118864,2325,1750,1750,0,0.0000,REHEAT,4,777,61209,701561,257279,253,27157,28,0.0000,0.0000,0,0,0,0,0,0
n012w8-0,n012w8,0,5,500000,100.0,adaptive,2026-07-04T12:09:41+01:00,8,13,102,457241,1294,25.118864,2255,1735,1735,0,0.0000,REHEAT,5,777,61498,728036,278487,254,22843,94,0.0000,0.0000,0,0,0,0,0,0
n012w8-0,n012w8,0,5,500000,100.0,adaptive,2026-07-04T12:09:41+01:00,8,10,102,484398,1312,25.118864,2190,1750,1750,0,0.0000,REHEAT,4,777,69698,783579,283482,255,27157,18,0.0000,0.0000,0,0,0,0,0,0
