run_id,instance,seed,beam_width,iterations,temperature,cooling_mode,timestamp,week,worker_id,beam_path,candidate,elapsed_ms,temperature_at_event,current_penalty,previous_best,new_best,improvement,improvement_percent,event_type,branch_depth,seed_used,accepted_worse_count,hard_reject_count,soft_reject_count,discovery_number,cands_since_previous,time_since_previous_ms,improvement_per_10k,improvement_per_second,post_reheat_improved,post_reheat_best_delta,post_reheat_candidates_to_improve,post_reheat_spawned_branch,post_reheat_beat_global,post_reheat_on_winning_lineage
n012w8-0,n012w8,0,5,500000,100.0,adaptive,2026-07-04T12:11:50+01:00,1,1,3,1,2,100.000000,3755,3800,3755,45,1.1842,GLOBAL_BEST,0,777,0,5,0,1,1,2,450000.0000,22500.0000,0,0,0,0,0,0
n012w8-0,n012w8,0,5,500000,100.0,adaptive,2026-07-04T12:11:50+01:00,1,3,3,1,2,0.000000,3550,3800,3550,250,6.5789,GLOBAL_BEST,0,777,0,2,0,2,0,0,0.0000,0.0000,0,0,0,0,0,0
n012w8-0,n012w8,0,5,500000,100.0,adaptive,2026-07-04T12:11:50+01:00,1,1,3,2,2,99.997237,3575,3755,3575,180,4.7936,LOCAL_BEST,0,777,0,5,0,3,1,0,1800000.0000,0.0000,0,0,0,0,0,0
n012w8-0,n012w8,0,5,500000,100.0,adaptive,2026-07-04T12:11:50+01:00,1,2,3,3,2,0.000000,3580,3800,3580,220,5.7895,LOCAL_BEST,0,777,0,3,0,4,1,0,2200000.0000,0.0000,0,0,0,0,0,0
n012w8-0,n012w8,0,5,500000,100.0,adaptive,2026-07-04T12:11:50+01:00,1,3,3,3,2,0.000000,3340,3550,3340,210,5.9155,GLOBAL_BEST,0,777,0,4,1,5,0,0,0.0000,0.0000,0,0,0,0,0,0
n012w8-0,n012w8,0,5,500000,100.0,adaptive,2026-07-04T12:11:50+01:00,1,2,3,4,2,0.000000,3430,3580,3430,150,4.1899,LOCAL_BEST,0,777,0,3,0,6,1,0,1500000.0000,0.0000,0,0,0,0,0,0
n012w8-0,n012w8,0,5,500000,100.0,adaptive,2026-07-04T12:11:50+01:00,1,2,3,5,2,0.000000,3220,3430,3220,210,6.1224,GLOBAL_BEST,0,777,0,7,0,7,1,0,2100000.0000,0.0000,0,0,0,0,0,0
n012w8-0,n012w8,0,5,500000,100.0,adaptive,2026-07-04T12:11:50+01:00,1,1,3,7,2,99.983423,3470,3575,3470,105,2.9371,LOCAL_BEST,0,777,0,15,1,8,2,0,525000.0000,0.0000,0,0,0,0,0,0
n012w8-0,n012w8,0,5,500000,100.0,adaptive,2026-07-04T12:11:50+01:00,1,2,3,7,2,0.000000,3040,3220,3040,180,5.5901,GLOBAL_BEST,0,777,0,10,0,9,0,0,0.0000,0.0000,0,0,0,0,0,0
n012w8-0,n012w8,0,5,500000,100.0,adaptive,2026-07-04T12:11:50+01:00,1,3,3,8,2,0.000000,3205,3340,3205,135,4.0419,GLOBAL_BEST,0,777,1,6,1,10,1,0,1350000.0000,0.0000,0,0,0,0,0,0
n012w8-0,n012w8,0,5,500000,100.0,adaptive,2026-07-04T12:11:50+01:00,1,1,3,9,2,99.977898,3455,3470,3455,15,0.4323,LOCAL_BEST,0,777,0,23,1,11,1,0,150000.0000,0.0000,0,0,0,0,0,0
n012w8-0,n012w8,0,5,500000,100.0,adaptive,2026-07-04T12:11:50+01:00,1,1,3,10,2,99.975135,3395,3455,3395,60,1.7366,LOCAL_BEST,0,777,0,24,1,12,1,0,600000.0000,0.0000,0,0,0,0,0,0
n012w8-0,n012w8,0,5,500000,100.0,adaptive,2026-07-04T12:11:50+01:00,1,3,3,10,2,0.000000,3055,3205,3055,150,4.6802,LOCAL_BEST,0,777,1,8,2,13,0,0,0.0000,0.0000,0,0,0,0,0,0
n012w8-0,n012w8,0,5,500000,100.0,adaptive,2026-07-04T12:11:50+01:00,1,3,3,13,2,0.000000,3040,3055,3040,15,0.4910,LOCAL_BEST,0,777,3,13,2,14,3,0,50000.0000,0.0000,0,0,0,0,0,0
n012w8-0,n012w8,0,5,500000,100.0,adaptive,2026-07-04T12:11:50+01:00,1,1,3,14,2,99.964086,3285,3395,3285,110,3.2401,LOCAL_BEST,0,777,0,29,3,15,1,0,1100000.0000,0.0000,0,0,0,0,0,0
n012w8-0,n012w8,0,5,500000,100.0,adaptive,2026-07-04T12:11:50+01:00,1,3,3,14,2,0.000000,2700,3040,2700,340,11.1842,GLOBAL_BEST,0,777,3,14,2,16,0,0,0.0000,0.0000,0,0,0,0,0,0
n012w8-0,n012w8,0,5,500000,100.0,adaptive,2026-07-04T12:11:50+01:00,1,2,3,14,2,0.000000,2985,3040,2985,55,1.8092,LOCAL_BEST,0,777,0,19,0,17,0,0,0.0000,0.0000,0,0,0,0,0,0
n012w8-0,n012w8,0,5,500000,100.0,adaptive,2026-07-04T12:11:50+01:00,1,3,3,15,2,0.000000,2670,2700,2670,30,1.1111,GLOBAL_BEST,0,777,3,14,2,18,1,0,300000.0000,0.0000,0,0,0,0,0,0
n012w8-0,n012w8,0,5,500000,100.0,adaptive,2026-07-04T12:11:50+01:00,1,2,3,15,2,0.000000,2670,2985,2670,315,10.5528,LOCAL_BEST,0,777,0,20,0,19,0,0,0.0000,0.0000,0,0,0,0,0,0
n012w8-0,n012w8,0,5,500000,100.0,adaptive,2026-07-04T12:11:50+01:00,1,3,3,18,2,0.000000,2635,2670,2635,35,1.3109,GLOBAL_BEST,0,777,4,19,2,20,3,0,116666.6667,0.0000,0,0,0,0,0,0
n012w8-0,n012w8,0,5,500000,100.0,adaptive,2026-07-04T12:11:50+01:00,1,1,3,20,2,99.947515,3195,3285,3195,90,2.7397,LOCAL_BEST,0,777,2,44,4,21,2,0,450000.0000,0.0000,0,0,0,0,0,0
n012w8-0,n012w8,0,5,500000,100.0,adaptive,2026-07-04T12:11:50+01:00,1,1,3,23,2,99.939230,3165,3195,3165,30,0.9390,LOCAL_BEST,0,777,2,54,5,22,3,0,100000.0000,0.0000,0,0,0,0,0,0
n012w8-0,n012w8,0,5,500000,100.0,adaptive,2026-07-04T12:11:50+01:00,1,2,3,23,2,0.000000,2650,2670,2650,20,0.7491,LOCAL_BEST,0,777,0,36,0,23,0,0,0.0000,0.0000,0,0,0,0,0,0
n012w8-0,n012w8,0,5,500000,100.0,adaptive,2026-07-04T12:11:50+01:00,1,1,3,29,2,99.922663,3015,3165,3015,150,4.7393,LOCAL_BEST,0,777,2,59,7,24,6,0,250000.0000,0.0000,0,0,0,0,0,0
n012w8-0,n012w8,0,5,500000,100.0,adaptive,2026-07-04T12:11:50+01:00,1,1,3,31,2,99.917141,2880,3015,2880,135,4.4776,LOCAL_BEST,0,777,2,66,7,25,2,0,675000.0000,0.0000,0,0,0,0,0,0
n012w8-0,n012w8,0,5,500000,100.0,adaptive,2026-07-04T12:11:50+01:00,1,1,3,32,2,99.914381,2835,2880,2835,45,1.5625,LOCAL_BEST,0,777,2,70,7,26,1,0,450000.0000,0.0000,0,0,0,0,0,0
n012w8-0,n012w8,0,5,500000,100.0,adaptive,2026-07-04T12:11:50+01:00,1,1,3,42,2,99.886777,2645,2835,2645,190,6.7019,LOCAL_BEST,0,777,4,86,9,27,10,0,190000.0000,0.0000,0,0,0,0,0,0
n012w8-0,n012w8,0,5,500000,100.0,adaptive,2026-07-04T12:11:50+01:00,1,3,3,48,2,0.000000,2565,2635,2565,70,2.6565,GLOBAL_BEST,0,777,11,75,4,28,6,0,116666.6667,0.0000,0,0,0,0,0,0
n012w8-0,n012w8,0,5,500000,100.0,adaptive,2026-07-04T12:11:50+01:00,1,3,3,49,2,0.000000,2475,2565,2475,90,3.5088,GLOBAL_BEST,0,777,11,75,4,29,1,0,900000.0000,0.0000,0,0,0,0,0,0
n012w8-0,n012w8,0,5,500000,100.0,adaptive,2026-07-04T12:11:50+01:00,1,3,3,53,2,0.000000,2435,2475,2435,40,1.6162,GLOBAL_BEST,0,777,13,83,4,30,4,0,100000.0000,0.0000,0,0,0,0,0,0
n012w8-0,n012w8,0,5,500000,100.0,adaptive,2026-07-04T12:11:50+01:00,1,3,3,54,2,0.000000,2405,2435,2405,30,1.2320,GLOBAL_BEST,0,777,13,84,4,31,1,0,300000.0000,0.0000,0,0,0,0,0,0
n012w8-0,n012w8,0,5,500000,100.0,adaptive,2026-07-04T12:11:50+01:00,1,1,3,59,2,99.839868,2605,2645,2605,40,1.5123,LOCAL_BEST,0,777,9,139,11,32,5,0,80000.0000,0.0000,0,0,0,0,0,0
n012w8-0,n012w8,0,5,500000,100.0,adaptive,2026-07-04T12:11:50+01:00,1,1,3,60,2,99.837110,2575,2605,2575,30,1.1516,LOCAL_BEST,0,777,9,141,11,33,1,0,300000.0000,0.0000,0,0,0,0,0,0
n012w8-0,n012w8,0,5,500000,100.0,adaptive,2026-07-04T12:11:50+01:00,1,5,3,62,49,0.000000,915,930,915,15,1.6129,LOCAL_BEST,1,777,0,102,51,34,2,47,75000.0000,319.1489,0,0,0,0,0,0
n012w8-0,n012w8,0,5,500000,100.0,adaptive,2026-07-04T12:11:50+01:00,1,1,3,64,2,99.826076,2560,2575,2560,15,0.5825,LOCAL_BEST,0,777,9,146,12,35,2,-47,75000.0000,0.0000,0,0,0,0,0,0
n012w8-0,n012w8,0,5,500000,100.0,adaptive,2026-07-04T12:11:50+01:00,1,1,3,69,2,99.812285,2545,2560,2545,15,0.5859,LOCAL_BEST,0,777,11,164,12,36,5,0,30000.0000,0.0000,0,0,0,0,0,0
n012w8-0,n012w8,0,5,500000,100.0,adaptive,2026-07-04T12:11:50+01:00,1,1,3,70,2,99.809528,2365,2545,2365,180,7.0727,GLOBAL_BEST,0,777,11,164,12,37,1,0,1800000.0000,0.0000,0,0,0,0,0,0
n012w8-0,n012w8,0,5,500000,100.0,adaptive,2026-07-04T12:11:50+01:00,1,1,3,71,2,99.806770,2305,2365,2305,60,2.5370,GLOBAL_BEST,0,777,11,168,12,38,1,0,600000.0000,0.0000,0,0,0,0,0,0
n012w8-0,n012w8,0,5,500000,100.0,adaptive,2026-07-04T12:11:50+01:00,1,1,3,72,2,99.804012,2275,2305,2275,30,1.3015,GLOBAL_BEST,0,777,11,168,12,39,1,0,300000.0000,0.0000,0,0,0,0,0,0
n012w8-0,n012w8,0,5,500000,100.0,adaptive,2026-07-04T12:11:50+01:00,1,1,3,73,2,99.801254,2245,2275,2245,30,1.3187,GLOBAL_BEST,0,777,11,170,12,40,1,0,300000.0000,0.0000,0,0,0,0,0,0
n012w8-0,n012w8,0,5,500000,100.0,adaptive,2026-07-04T12:11:50+01:00,1,5,3,76,49,0.000000,870,915,870,45,4.9180,GLOBAL_BEST,1,777,0,125,62,41,3,47,150000.0000,957.4468,0,0,0,0,0,0
n012w8-0,n012w8,0,5,500000,100.0,adaptive,2026-07-04T12:11:50+01:00,1,2,3,77,2,0.000000,2610,2650,2610,40,1.5094,LOCAL_BEST,0,777,0,130,0,42,1,-47,400000.0000,0.0000,0,0,0,0,0,0
n012w8-0,n012w8,0,5,500000,100.0,adaptive,2026-07-04T12:11:50+01:00,1,2,3,78,2,0.000000,2490,2610,2490,120,4.5977,LOCAL_BEST,0,777,0,133,0,43,1,0,1200000.0000,0.0000,0,0,0,0,0,0
n012w8-0,n012w8,0,5,500000,100.0,adaptive,2026-07-04T12:11:50+01:00,1,2,3,79,2,0.000000,2400,2490,2400,90,3.6145,LOCAL_BEST,0,777,0,143,0,44,1,0,900000.0000,0.0000,0,0,0,0,0,0
n012w8-0,n012w8,0,5,500000,100.0,adaptive,2026-07-04T12:11:50+01:00,1,3,3,80,2,0.000000,2380,2405,2380,25,1.0395,LOCAL_BEST,0,777,22,139,4,45,1,0,250000.0000,0.0000,0,0,0,0,0,0
n012w8-0,n012w8,0,5,500000,100.0,adaptive,2026-07-04T12:11:50+01:00,1,2,3,81,2,0.000000,2330,2400,2330,70,2.9167,LOCAL_BEST,0,777,0,148,0,46,1,0,700000.0000,0.0000,0,0,0,0,0,0
n012w8-0,n012w8,0,5,500000,100.0,adaptive,2026-07-04T12:11:50+01:00,1,1,3,84,2,99.770925,2210,2245,2210,35,1.5590,GLOBAL_BEST,0,777,12,191,15,47,3,0,116666.6667,0.0000,0,0,0,0,0,0
n012w8-0,n012w8,0,5,500000,100.0,adaptive,2026-07-04T12:11:50+01:00,1,3,3,85,2,0.000000,2320,2380,2320,60,2.5210,LOCAL_BEST,0,777,23,144,4,48,1,0,600000.0000,0.0000,0,0,0,0,0,0
n012w8-0,n012w8,0,5,500000,100.0,adaptive,2026-07-04T12:11:50+01:00,1,1,3,86,2,99.765412,2195,2210,2195,15,0.6787,GLOBAL_BEST,0,777,12,191,15,49,1,0,150000.0000,0.0000,0,0,0,0,0,0
n012w8-0,n012w8,0,5,500000,100.0,adaptive,2026-07-04T12:11:50+01:00,1,1,3,87,2,99.762655,2085,2195,2085,110,5.0114,GLOBAL_BEST,0,777,12,192,15,50,1,0,1100000.0000,0.0000,0,0,0,0,0,0
n012w8-0,n012w8,0,5,500000,100.0,adaptive,2026-07-04T12:11:50+01:00,1,2,3,89,2,0.000000,2265,2330,2265,65,2.7897,LOCAL_BEST,0,777,0,162,0,51,2,0,325000.0000,0.0000,0,0,0,0,0,0
n012w8-0,n012w8,0,5,500000,100.0,adaptive,2026-07-04T12:11:50+01:00,1,2,3,90,2,0.000000,2220,2265,2220,45,1.9868,LOCAL_BEST,0,777,0,167,0,52,1,0,450000.0000,0.0000,0,0,0,0,0,0
n012w8-0,n012w8,0,5,500000,100.0,adaptive,2026-07-04T12:11:50+01:00,1,1,3,92,2,99.748874,2080,2085,2080,5,0.2398,GLOBAL_BEST,0,777,13,202,16,53,2,0,25000.0000,0.0000,0,0,0,0,0,0
n012w8-0,n012w8,0,5,500000,100.0,adaptive,2026-07-04T12:11:50+01:00,1,1,3,95,2,99.740605,2005,2080,2005,75,3.6058,GLOBAL_BEST,0,777,13,206,16,54,3,0,250000.0000,0.0000,0,0,0,0,0,0
n012w8-0,n012w8,0,5,500000,100.0,adaptive,2026-07-04T12:11:50+01:00,1,1,3,132,2,99.638688,1925,2005,1925,80,3.9900,GLOBAL_BEST,0,777,27,277,25,55,37,0,21621.6216,0.0000,0,0,0,0,0,0
n012w8-0,n012w8,0,5,500000,100.0,adaptive,2026-07-04T12:11:50+01:00,1,5,3,137,49,0.000000,810,870,810,60,6.8966,GLOBAL_BEST,1,777,0,214,102,56,5,47,120000.0000,1276.5957,0,0,0,0,0,0
n012w8-0,n012w8,0,5,500000,100.0,adaptive,2026-07-04T12:11:50+01:00,1,3,3,143,2,0.000000,2295,2320,2295,25,1.0776,LOCAL_BEST,0,777,47,271,5,57,6,-47,41666.6667,0.0000,0,0,0,0,0,0
n012w8-0,n012w8,0,5,500000,100.0,adaptive,2026-07-04T12:11:50+01:00,1,3,3,144,2,0.000000,2130,2295,2130,165,7.1895,LOCAL_BEST,0,777,47,272,5,58,1,0,1650000.0000,0.0000,0,0,0,0,0,0
n012w8-0,n012w8,0,5,500000,100.0,adaptive,2026-07-04T12:11:50+01:00,1,1,3,151,2,99.586392,1825,1925,1825,100,5.1948,GLOBAL_BEST,0,777,33,315,30,59,7,0,142857.1429,0.0000,0,0,0,0,0,0
n012w8-0,n012w8,0,5,500000,100.0,adaptive,2026-07-04T12:11:50+01:00,1,1,3,153,2,99.580889,1780,1825,1780,45,2.4658,GLOBAL_BEST,0,777,33,317,31,60,2,0,225000.0000,0.0000,0,0,0,0,0,0
n012w8-0,n012w8,0,5,500000,100.0,adaptive,2026-07-04T12:11:50+01:00,1,3,3,175,2,0.000000,2115,2130,2115,15,0.7042,LOCAL_BEST,0,777,54,330,6,61,22,0,6818.1818,0.0000,0,0,0,0,0,0
n012w8-0,n012w8,0,5,500000,100.0,adaptive,2026-07-04T12:11:50+01:00,1,1,3,199,2,99.454400,1765,1780,1765,15,0.8427,GLOBAL_BEST,0,777,46,403,44,62,24,0,6250.0000,0.0000,0,0,0,0,0,0
n012w8-0,n012w8,0,5,500000,100.0,adaptive,2026-07-04T12:11:50+01:00,1,1,3,211,2,99.421429,1745,1765,1745,20,1.1331,GLOBAL_BEST,0,777,49,416,49,63,12,0,16666.6667,0.0000,0,0,0,0,0,0
n012w8-0,n012w8,0,5,500000,100.0,adaptive,2026-07-04T12:11:50+01:00,1,1,3,215,2,99.410441,1730,1745,1730,15,0.8596,GLOBAL_BEST,0,777,50,419,50,64,4,0,37500.0000,0.0000,0,0,0,0,0,0
n012w8-0,n012w8,0,5,500000,100.0,adaptive,2026-07-04T12:11:50+01:00,1,1,3,219,2,99.399454,1670,1730,1670,60,3.4682,GLOBAL_BEST,0,777,50,427,51,65,4,0,150000.0000,0.0000,0,0,0,0,0,0
n012w8-0,n012w8,0,5,500000,100.0,adaptive,2026-07-04T12:11:50+01:00,1,2,3,269,2,0.000000,2205,2220,2205,15,0.6757,LOCAL_BEST,0,777,0,481,0,66,50,0,3000.0000,0.0000,0,0,0,0,0,0
n012w8-0,n012w8,0,5,500000,100.0,adaptive,2026-07-04T12:11:50+01:00,1,2,3,273,2,0.000000,2190,2205,2190,15,0.6803,LOCAL_BEST,0,777,0,486,0,67,4,0,37500.0000,0.0000,0,0,0,0,0,0
n012w8-0,n012w8,0,5,500000,100.0,adaptive,2026-07-04T12:11:50+01:00,1,2,3,274,2,0.000000,2145,2190,2145,45,2.0548,LOCAL_BEST,0,777,0,489,0,68,1,0,450000.0000,0.0000,0,0,0,0,0,0
n012w8-0,n012w8,0,5,500000,100.0,adaptive,2026-07-04T12:11:50+01:00,1,2,3,276,2,0.000000,2115,2145,2115,30,1.3986,LOCAL_BEST,0,777,0,491,0,69,2,0,150000.0000,0.0000,0,0,0,0,0,0
n012w8-0,n012w8,0,5,500000,100.0,adaptive,2026-07-04T12:11:50+01:00,1,1,3,283,2,99.223833,1655,1670,1655,15,0.8982,GLOBAL_BEST,0,777,68,527,74,70,7,0,21428.5714,0.0000,0,0,0,0,0,0
n012w8-0,n012w8,0,5,500000,100.0,adaptive,2026-07-04T12:11:50+01:00,1,1,3,284,2,99.221091,1610,1655,1610,45,2.7190,GLOBAL_BEST,0,777,68,531,74,71,1,0,450000.0000,0.0000,0,0,0,0,0,0
n012w8-0,n012w8,0,5,500000,100.0,adaptive,2026-07-04T12:11:50+01:00,1,1,3,287,2,99.212867,1565,1610,1565,45,2.7950,GLOBAL_BEST,0,777,68,533,76,72,3,0,150000.0000,0.0000,0,0,0,0,0,0
n012w8-0,n012w8,0,5,500000,100.0,adaptive,2026-07-04T12:11:50+01:00,1,3,3,290,2,0.000000,2095,2115,2095,20,0.9456,LOCAL_BEST,0,777,100,523,13,73,3,0,66666.6667,0.0000,0,0,0,0,0,0
n012w8-0,n012w8,0,5,500000,100.0,adaptive,2026-07-04T12:11:50+01:00,1,3,3,291,2,0.000000,1930,2095,1930,165,7.8759,LOCAL_BEST,0,777,100,524,13,74,1,0,1650000.0000,0.0000,0,0,0,0,0,0
n012w8-0,n012w8,0,5,500000,100.0,adaptive,2026-07-04T12:11:50+01:00,1,5,3,312,49,0.000000,780,810,780,30,3.7037,GLOBAL_BEST,1,777,0,458,246,75,21,47,14285.7143,638.2979,0,0,0,0,0,0
n012w8-0,n012w8,0,5,500000,100.0,adaptive,2026-07-04T12:11:50+01:00,1,1,3,353,2,99.032103,1495,1565,1495,70,4.4728,GLOBAL_BEST,0,777,83,624,99,76,41,-47,17073.1707,0.0000,0,0,0,0,0,0
n012w8-0,n012w8,0,5,500000,100.0,adaptive,2026-07-04T12:11:50+01:00,1,2,3,486,2,0.000000,2105,2115,2105,10,0.4728,LOCAL_BEST,0,777,0,847,0,77,133,0,751.8797,0.0000,0,0,0,0,0,0
n012w8-0,n012w8,0,5,500000,100.0,adaptive,2026-07-04T12:11:50+01:00,1,2,3,490,2,0.000000,1975,2105,1975,130,6.1758,LOCAL_BEST,0,777,0,856,0,78,4,0,325000.0000,0.0000,0,0,0,0,0,0
n012w8-0,n012w8,0,5,500000,100.0,adaptive,2026-07-04T12:11:50+01:00,1,2,3,491,3,0.000000,1960,1975,1960,15,0.7595,LOCAL_BEST,0,777,0,856,0,79,1,1,150000.0000,15000.0000,0,0,0,0,0,0
n012w8-0,n012w8,0,5,500000,100.0,adaptive,2026-07-04T12:11:50+01:00,1,2,3,507,3,0.000000,1915,1960,1915,45,2.2959,LOCAL_BEST,0,777,0,893,0,80,16,0,28125.0000,0.0000,0,0,0,0,0,0
n012w8-0,n012w8,0,5,500000,100.0,adaptive,2026-07-04T12:11:50+01:00,1,2,3,534,3,0.000000,1910,1915,1910,5,0.2611,LOCAL_BEST,0,777,0,951,0,81,27,0,1851.8519,0.0000,0,0,0,0,0,0
n012w8-0,n012w8,0,5,500000,100.0,adaptive,2026-07-04T12:11:50+01:00,1,2,3,537,3,0.000000,1880,1910,1880,30,1.5707,LOCAL_BEST,0,777,0,959,0,82,3,0,100000.0000,0.0000,0,0,0,0,0,0
n012w8-0,n012w8,0,5,500000,100.0,adaptive,2026-07-04T12:11:50+01:00,1,2,3,538,3,0.000000,1670,1880,1670,210,11.1702,LOCAL_BEST,0,777,0,962,0,83,1,0,2100000.0000,0.0000,0,0,0,0,0,0
n012w8-0,n012w8,0,5,500000,100.0,adaptive,2026-07-04T12:11:50+01:00,1,1,3,716,3,98.043769,1490,1495,1490,5,0.3344,GLOBAL_BEST,0,777,180,1219,206,84,178,0,280.8989,0.0000,0,0,0,0,0,0
n012w8-0,n012w8,0,5,500000,100.0,adaptive,2026-07-04T12:11:50+01:00,1,1,3,718,3,98.038351,1450,1490,1450,40,2.6846,GLOBAL_BEST,0,777,181,1224,206,85,2,0,200000.0000,0.0000,0,0,0,0,0,0
n012w8-0,n012w8,0,5,500000,100.0,adaptive,2026-07-04T12:11:50+01:00,1,3,3,750,3,0.000000,1880,1930,1880,50,2.5907,LOCAL_BEST,0,777,274,1337,29,86,32,0,15625.0000,0.0000,0,0,0,0,0,0
n012w8-0,n012w8,0,5,500000,100.0,adaptive,2026-07-04T12:11:50+01:00,1,3,3,751,3,0.000000,1850,1880,1850,30,1.5957,LOCAL_BEST,0,777,274,1338,29,87,1,0,300000.0000,0.0000,0,0,0,0,0,0
n012w8-0,n012w8,0,5,500000,100.0,adaptive,2026-07-04T12:11:50+01:00,1,3,3,897,3,0.000000,1785,1850,1785,65,3.5135,LOCAL_BEST,0,777,328,1675,34,88,146,0,4452.0548,0.0000,0,0,0,0,0,0
n012w8-0,n012w8,0,5,500000,100.0,adaptive,2026-07-04T12:11:50+01:00,1,5,3,1094,50,0.000000,685,780,685,95,12.1795,GLOBAL_BEST,1,777,0,1663,829,89,197,47,4822.3350,2021.2766,0,0,0,0,0,0
n012w8-0,n012w8,0,5,500000,100.0,adaptive,2026-07-04T12:11:50+01:00,1,1,3,1855,5,95.006211,1415,1450,1415,35,2.4138,GLOBAL_BEST,0,777,470,3149,591,90,761,-45,459.9212,0.0000,0,0,0,0,0,0
n012w8-0,n012w8,0,5,500000,100.0,adaptive,2026-07-04T12:11:50+01:00,1,1,3,1887,5,94.922245,1395,1415,1395,20,1.4134,GLOBAL_BEST,0,777,476,3192,606,91,32,0,6250.0000,0.0000,0,0,0,0,0,0
n012w8-0,n012w8,0,5,500000,100.0,adaptive,2026-07-04T12:11:50+01:00,1,1,3,2040,5,94.521804,1260,1395,1260,135,9.6774,GLOBAL_BEST,0,777,513,3450,661,92,153,0,8823.5294,0.0000,0,0,0,0,0,0
n012w8-0,n012w8,0,5,500000,100.0,adaptive,2026-07-04T12:11:50+01:00,1,1,3,2042,5,94.516580,1215,1260,1215,45,3.5714,GLOBAL_BEST,0,777,513,3461,662,93,2,0,225000.0000,0.0000,0,0,0,0,0,0
n012w8-0,n012w8,0,5,500000,100.0,adaptive,2026-07-04T12:11:50+01:00,1,1,3,2048,5,94.500912,1200,1215,1200,15,1.2346,GLOBAL_BEST,0,777,514,3477,665,94,6,0,25000.0000,0.0000,0,0,0,0,0,0
n012w8-0,n012w8,0,5,500000,100.0,adaptive,2026-07-04T12:11:50+01:00,1,1,3,2089,5,94.393915,1190,1200,1190,10,0.8333,GLOBAL_BEST,0,777,524,3545,681,95,41,0,2439.0244,0.0000,0,0,0,0,0,0
n012w8-0,n012w8,0,5,500000,100.0,adaptive,2026-07-04T12:11:50+01:00,1,2,3,2205,6,0.000000,1620,1670,1620,50,2.9940,LOCAL_BEST,0,777,0,3957,159,96,116,1,4310.3448,50000.0000,0,0,0,0,0,0
n012w8-0,n012w8,0,5,500000,100.0,adaptive,2026-07-04T12:11:50+01:00,1,3,3,2430,6,0.000000,1745,1785,1745,40,2.2409,LOCAL_BEST,0,777,944,4391,89,97,225,0,1777.7778,0.0000,0,0,0,0,0,0
n012w8-0,n012w8,0,5,500000,100.0,adaptive,2026-07-04T12:11:50+01:00,1,3,3,2431,6,0.000000,1525,1745,1525,220,12.6074,LOCAL_BEST,0,777,944,4393,89,98,1,0,2200000.0000,0.0000,0,0,0,0,0,0
n012w8-0,n012w8,0,5,500000,100.0,adaptive,2026-07-04T12:11:50+01:00,1,3,3,2432,6,0.000000,1420,1525,1420,105,6.8852,LOCAL_BEST,0,777,944,4400,89,99,1,0,1050000.0000,0.0000,0,0,0,0,0,0
n012w8-0,n012w8,0,5,500000,100.0,adaptive,2026-07-04T12:11:50+01:00,1,2,3,3908,8,0.000000,1605,1620,1605,15,0.9259,LOCAL_BEST,0,777,0,6905,595,100,1476,2,101.6260,7500.0000,0,0,0,0,0,0
n012w8-0,n012w8,0,5,500000,100.0,adaptive,2026-07-04T12:11:50+01:00,1,1,3,4341,9,88.699261,1185,1190,1185,5,0.4202,GLOBAL_BEST,0,777,1077,7086,1457,101,433,1,115.4734,5000.0000,0,0,0,0,0,0
n012w8-0,n012w8,0,5,500000,100.0,adaptive,2026-07-04T12:11:50+01:00,1,1,3,4342,9,88.696810,1155,1185,1155,30,2.5316,GLOBAL_BEST,0,777,1077,7086,1457,102,1,0,300000.0000,0.0000,0,0,0,0,0,0
n012w8-0,n012w8,0,5,500000,100.0,adaptive,2026-07-04T12:11:50+01:00,1,2,3,4582,10,0.000000,1600,1605,1600,5,0.3115,LOCAL_BEST,0,777,0,8015,803,103,240,1,208.3333,5000.0000,0,0,0,0,0,0
n012w8-0,n012w8,0,5,500000,100.0,adaptive,2026-07-04T12:11:50+01:00,1,2,3,5942,12,0.000000,1520,1600,1520,80,5.0000,LOCAL_BEST,0,777,0,10515,1311,104,1360,2,588.2353,40000.0000,0,0,0,0,0,0
n012w8-0,n012w8,0,5,500000,100.0,adaptive,2026-07-04T12:11:50+01:00,1,2,3,6118,13,0.000000,1480,1520,1480,40,2.6316,LOCAL_BEST,0,777,0,10836,1374,105,176,1,2272.7273,40000.0000,0,0,0,0,0,0
n012w8-0,n012w8,0,5,500000,100.0,adaptive,2026-07-04T12:11:50+01:00,1,1,3,6761,14,82.962150,1020,1155,1020,135,11.6883,GLOBAL_BEST,0,777,1642,10920,2374,106,643,1,2099.5334,135000.0000,0,0,0,0,0,0
n012w8-0,n012w8,0,5,500000,100.0,adaptive,2026-07-04T12:11:50+01:00,1,2,3,6946,14,0.000000,1470,1480,1470,10,0.6757,LOCAL_BEST,0,777,0,12294,1615,107,185,0,540.5405,0.0000,0,0,0,0,0,0
n012w8-0,n012w8,0,5,500000,100.0,adaptive,2026-07-04T12:11:50+01:00,1,2,3,7409,15,0.000000,1415,1470,1415,55,3.7415,LOCAL_BEST,0,777,0,13039,1755,108,463,1,1187.9050,55000.0000,0,0,0,0,0,0
n012w8-0,n012w8,0,5,500000,100.0,adaptive,2026-07-04T12:11:50+01:00,1,2,3,7410,15,0.000000,1370,1415,1370,45,3.1802,LOCAL_BEST,0,777,0,13040,1755,109,1,0,450000.0000,0.0000,0,0,0,0,0,0
n012w8-0,n012w8,0,5,500000,100.0,adaptive,2026-07-04T12:11:50+01:00,1,5,3,8635,63,0.000000,665,685,665,20,2.9197,GLOBAL_BEST,1,777,0,13063,6727,110,1225,48,163.2653,416.6667,0,0,0,0,0,0
n012w8-0,n012w8,0,5,500000,100.0,adaptive,2026-07-04T12:11:50+01:00,1,2,3,9116,18,0.000000,1345,1370,1345,25,1.8248,LOCAL_BEST,0,777,0,15916,2445,111,481,-45,519.7505,0.0000,0,0,0,0,0,0
n012w8-0,n012w8,0,5,500000,100.0,adaptive,2026-07-04T12:11:50+01:00,1,2,3,9979,19,0.000000,1335,1345,1335,10,0.7435,LOCAL_BEST,0,777,0,17365,2802,112,863,1,115.8749,10000.0000,0,0,0,0,0,0
n012w8-0,n012w8,0,5,500000,100.0,adaptive,2026-07-04T12:11:50+01:00,1,2,3,10070,20,0.000000,1260,1335,1260,75,5.6180,LOCAL_BEST,0,777,0,17495,2837,113,91,1,8241.7582,75000.0000,0,0,0,0,0,0
n012w8-0,n012w8,0,5,500000,100.0,adaptive,2026-07-04T12:11:50+01:00,1,5,3,10818,68,0.000000,650,665,650,15,2.2556,GLOBAL_BEST,1,777,0,16466,8486,114,748,48,200.5348,312.5000,0,0,0,0,0,0
n012w8-0,n012w8,0,5,500000,100.0,adaptive,2026-07-04T12:11:50+01:00,1,5,3,11632,69,0.000000,610,650,610,40,6.1538,GLOBAL_BEST,1,777,0,17672,9117,115,814,1,491.4005,40000.0000,0,0,0,0,0,0
n012w8-0,n012w8,0,5,500000,100.0,adaptive,2026-07-04T12:11:50+01:00,1,2,3,13504,25,0.000000,1145,1260,1145,115,9.1270,LOCAL_BEST,0,777,0,23079,4429,116,1872,-44,614.3162,0.0000,0,0,0,0,0,0
n012w8-0,n012w8,0,5,500000,100.0,adaptive,2026-07-04T12:11:50+01:00,1,2,3,14157,26,0.000000,1130,1145,1130,15,1.3100,LOCAL_BEST,0,777,0,24252,4760,117,653,1,229.7090,15000.0000,0,0,0,0,0,0
n012w8-0,n012w8,0,5,500000,100.0,adaptive,2026-07-04T12:11:50+01:00,1,5,3,14227,73,0.000000,605,610,605,5,0.8197,GLOBAL_BEST,1,777,0,21791,11234,118,70,47,714.2857,106.3830,0,0,0,0,0,0
n012w8-0,n012w8,0,5,500000,100.0,adaptive,2026-07-04T12:11:50+01:00,1,5,3,14236,73,0.000000,575,605,575,30,4.9587,GLOBAL_BEST,1,777,0,21812,11239,119,9,0,33333.3333,0.0000,0,0,0,0,0,0
n012w8-0,n012w8,0,5,500000,100.0,adaptive,2026-07-04T12:11:50+01:00,1,5,3,17744,78,0.000000,545,575,545,30,5.2174,GLOBAL_BEST,1,777,0,27307,14079,120,3508,5,85.5188,6000.0000,0,0,0,0,0,0
n012w8-0,n012w8,0,5,500000,100.0,adaptive,2026-07-04T12:11:50+01:00,1,2,3,18269,33,0.000000,1115,1130,1115,15,1.3274,LOCAL_BEST,0,777,0,31246,6948,121,525,-45,285.7143,0.0000,0,0,0,0,0,0
n012w8-0,n012w8,0,5,500000,100.0,adaptive,2026-07-04T12:11:50+01:00,1,2,3,18270,33,0.000000,1100,1115,1100,15,1.3453,LOCAL_BEST,0,777,0,31253,6948,122,1,0,150000.0000,0.0000,0,0,0,0,0,0
n012w8-0,n012w8,0,5,500000,100.0,adaptive,2026-07-04T12:11:50+01:00,1,2,3,18541,34,0.000000,1090,1100,1090,10,0.9091,LOCAL_BEST,0,777,0,31775,7085,123,271,1,369.0037,10000.0000,0,0,0,0,0,0
n012w8-0,n012w8,0,5,500000,100.0,adaptive,2026-07-04T12:11:50+01:00,1,4,3,21030,87,55.930925,915,930,915,15,1.6129,LOCAL_BEST,1,777,4569,34796,8884,124,2489,53,60.2652,283.0189,0,0,0,0,0,0
n012w8-0,n012w8,0,5,500000,100.0,adaptive,2026-07-04T12:11:50+01:00,1,4,3,21048,87,55.903114,910,915,910,5,0.5464,LOCAL_BEST,1,777,4573,34844,8896,125,18,0,2777.7778,0.0000,0,0,0,0,0,0
n012w8-0,n012w8,0,5,500000,100.0,adaptive,2026-07-04T12:11:50+01:00,1,4,3,21051,87,55.898480,895,910,895,15,1.6484,LOCAL_BEST,1,777,4573,34848,8898,126,3,0,50000.0000,0.0000,0,0,0,0,0,0
n012w8-0,n012w8,0,5,500000,100.0,adaptive,2026-07-04T12:11:50+01:00,1,5,3,21959,86,0.000000,490,545,490,55,10.0917,GLOBAL_BEST,1,777,0,33865,17690,127,908,-1,605.7269,0.0000,0,0,0,0,0,0
n012w8-0,n012w8,0,5,500000,100.0,adaptive,2026-07-04T12:11:50+01:00,1,2,3,22617,40,0.000000,980,1090,980,110,10.0917,GLOBAL_BEST,0,777,0,38510,9581,128,658,-46,1671.7325,0.0000,0,0,0,0,0,0
n012w8-0,n012w8,0,5,500000,100.0,adaptive,2026-07-04T12:11:50+01:00,1,1,3,22640,41,53.497317,980,1020,980,40,3.9216,LOCAL_BEST,0,777,4810,37579,9713,129,23,1,17391.3043,40000.0000,0,0,0,0,0,0
n012w8-0,n012w8,0,5,500000,100.0,adaptive,2026-07-04T12:11:50+01:00,1,2,3,24571,44,0.000000,965,980,965,15,1.5306,GLOBAL_BEST,0,777,0,41702,10717,130,1931,3,77.6800,5000.0000,0,0,0,0,0,0
n012w8-0,n012w8,0,5,500000,100.0,adaptive,2026-07-04T12:11:50+01:00,1,2,3,24574,44,0.000000,935,965,935,30,3.1088,GLOBAL_BEST,0,777,0,41703,10718,131,3,0,100000.0000,0.0000,0,0,0,0,0,0
n012w8-0,n012w8,0,5,500000,100.0,adaptive,2026-07-04T12:11:50+01:00,1,1,3,26509,48,48.073307,960,980,960,20,2.0408,LOCAL_BEST,0,777,5410,43840,11892,132,1935,4,103.3592,5000.0000,0,0,0,0,0,0
n012w8-0,n012w8,0,5,500000,100.0,adaptive,2026-07-04T12:11:50+01:00,1,1,3,26885,48,47.576446,930,960,930,30,3.1250,GLOBAL_BEST,0,777,5474,44401,12094,133,376,0,797.8723,0.0000,0,0,0,0,0,0
n012w8-0,n012w8,0,5,500000,100.0,adaptive,2026-07-04T12:11:50+01:00,1,1,3,26899,48,47.558046,895,930,895,35,3.7634,GLOBAL_BEST,0,777,5477,44426,12100,134,14,0,25000.0000,0.0000,0,0,0,0,0,0
n012w8-0,n012w8,0,5,500000,100.0,adaptive,2026-07-04T12:11:50+01:00,1,1,3,27431,49,46.864070,875,895,875,20,2.2346,LOCAL_BEST,0,777,5545,45247,12442,135,532,1,375.9398,20000.0000,0,0,0,0,0,0
n012w8-0,n012w8,0,5,500000,100.0,adaptive,2026-07-04T12:11:50+01:00,1,1,3,27528,50,46.738632,845,875,845,30,3.4286,LOCAL_BEST,0,777,5556,45396,12507,136,97,1,3092.7835,30000.0000,0,0,0,0,0,0
n012w8-0,n012w8,0,5,500000,100.0,adaptive,2026-07-04T12:11:50+01:00,1,1,3,28584,52,45.394580,835,845,835,10,1.1834,LOCAL_BEST,0,777,5703,47047,13160,137,1056,2,94.6970,5000.0000,0,0,0,0,0,0
n012w8-0,n012w8,0,5,500000,100.0,adaptive,2026-07-04T12:11:50+01:00,1,1,3,28586,52,45.392071,805,835,805,30,3.5928,LOCAL_BEST,0,777,5703,47048,13160,138,2,0,150000.0000,0.0000,0,0,0,0,0,0
n012w8-0,n012w8,0,5,500000,100.0,adaptive,2026-07-04T12:11:50+01:00,1,1,3,28587,52,45.390817,775,805,775,30,3.7267,LOCAL_BEST,0,777,5703,47051,13160,139,1,0,300000.0000,0.0000,0,0,0,0,0,0
n012w8-0,n012w8,0,5,500000,100.0,adaptive,2026-07-04T12:11:50+01:00,1,1,3,28715,52,45.230564,730,775,730,45,5.8065,LOCAL_BEST,0,777,5715,47275,13248,140,128,0,3515.6250,0.0000,0,0,0,0,0,0
n012w8-0,n012w8,0,5,500000,100.0,adaptive,2026-07-04T12:11:50+01:00,1,4,3,28737,100,45.203077,870,895,870,25,2.7933,LOCAL_BEST,1,777,5841,47524,13120,141,22,48,11363.6364,520.8333,0,0,0,0,0,0
n012w8-0,n012w8,0,5,500000,100.0,adaptive,2026-07-04T12:11:50+01:00,1,4,3,28743,100,45.195584,840,870,840,30,3.4483,LOCAL_BEST,1,777,5841,47524,13123,142,6,0,50000.0000,0.0000,0,0,0,0,0,0
n012w8-0,n012w8,0,5,500000,100.0,adaptive,2026-07-04T12:11:50+01:00,1,4,3,28745,100,45.193086,825,840,825,15,1.7857,LOCAL_BEST,1,777,5841,47525,13124,143,2,0,75000.0000,0.0000,0,0,0,0,0,0
n012w8-0,n012w8,0,5,500000,100.0,adaptive,2026-07-04T12:11:50+01:00,1,4,3,28750,100,45.186843,810,825,810,15,1.8182,LOCAL_BEST,1,777,5841,47541,13128,144,5,0,30000.0000,0.0000,0,0,0,0,0,0
n012w8-0,n012w8,0,5,500000,100.0,adaptive,2026-07-04T12:11:50+01:00,1,4,3,29025,101,44.844791,780,810,780,30,3.7037,LOCAL_BEST,1,777,5874,48030,13295,145,275,1,1090.9091,30000.0000,0,0,0,0,0,0
n012w8-0,n012w8,0,5,500000,100.0,adaptive,2026-07-04T12:11:50+01:00,1,1,3,29134,53,44.709931,685,730,685,45,6.1644,LOCAL_BEST,0,777,5764,48017,13515,146,109,-48,4128.4404,0.0000,0,0,0,0,0,0
n012w8-0,n012w8,0,5,500000,100.0,adaptive,2026-07-04T12:11:50+01:00,1,2,3,29738,53,0.000000,900,935,900,35,3.7433,LOCAL_BEST,0,777,0,50053,14013,147,604,0,579.4702,0.0000,0,0,0,0,0,0
n012w8-0,n012w8,0,5,500000,100.0,adaptive,2026-07-04T12:11:50+01:00,1,4,3,30535,103,43.012234,770,780,770,10,1.2821,LOCAL_BEST,1,777,6072,50419,14222,148,797,50,125.4705,200.0000,0,0,0,0,0,0
n012w8-0,n012w8,0,5,500000,100.0,adaptive,2026-07-04T12:11:50+01:00,1,4,3,30851,103,42.638312,755,770,755,15,1.9481,LOCAL_BEST,1,777,6104,50845,14444,149,316,0,474.6835,0.0000,0,0,0,0,0,0
n012w8-0,n012w8,0,5,500000,100.0,adaptive,2026-07-04T12:11:50+01:00,1,4,3,30853,103,42.635955,725,755,725,30,3.9735,LOCAL_BEST,1,777,6104,50848,14445,150,2,0,150000.0000,0.0000,0,0,0,0,0,0
n012w8-0,n012w8,0,5,500000,100.0,adaptive,2026-07-04T12:11:50+01:00,1,4,3,30925,103,42.551218,720,725,720,5,0.6897,LOCAL_BEST,1,777,6114,50974,14493,151,72,0,694.4444,0.0000,0,0,0,0,0,0
n012w8-0,n012w8,0,5,500000,100.0,adaptive,2026-07-04T12:11:50+01:00,1,2,3,33530,59,0.000000,880,900,880,20,2.2222,LOCAL_BEST,0,777,0,55976,16687,152,2605,-44,76.7754,0.0000,0,0,0,0,0,0
n012w8-0,n012w8,0,5,500000,100.0,adaptive,2026-07-04T12:11:50+01:00,1,2,3,34448,60,0.000000,850,880,850,30,3.4091,LOCAL_BEST,0,777,0,57469,17315,153,918,1,326.7974,30000.0000,0,0,0,0,0,0
n012w8-0,n012w8,0,5,500000,100.0,adaptive,2026-07-04T12:11:50+01:00,1,2,3,35320,62,0.000000,800,850,800,50,5.8824,LOCAL_BEST,0,777,0,58733,17903,154,872,2,573.3945,25000.0000,0,0,0,0,0,0
n012w8-0,n012w8,0,5,500000,100.0,adaptive,2026-07-04T12:11:50+01:00,1,1,3,37059,66,35.917326,660,685,660,25,3.6496,GLOBAL_BEST,0,777,6675,60787,18736,155,1739,4,143.7608,6250.0000,0,0,0,0,0,0
n012w8-0,n012w8,0,5,500000,100.0,adaptive,2026-07-04T12:11:50+01:00,1,4,3,38015,116,34.980982,710,720,710,10,1.3889,LOCAL_BEST,1,777,6894,62412,19207,156,956,50,104.6025,200.0000,0,0,0,0,0,0
n012w8-0,n012w8,0,5,500000,100.0,adaptive,2026-07-04T12:11:50+01:00,1,4,3,42312,124,31.064760,690,710,690,20,2.8169,LOCAL_BEST,1,777,7301,68870,22333,157,4297,8,46.5441,2500.0000,0,0,0,0,0,0
n012w8-0,n012w8,0,5,500000,100.0,adaptive,2026-07-04T12:11:50+01:00,1,5,3,43195,120,0.000000,485,490,485,5,1.0204,LOCAL_BEST,1,777,0,65448,36322,158,883,-4,56.6251,0.0000,0,0,0,0,0,0
n012w8-0,n012w8,0,5,500000,100.0,adaptive,2026-07-04T12:11:50+01:00,1,2,3,43888,76,0.000000,790,800,790,10,1.2500,LOCAL_BEST,0,777,0,71715,24401,159,693,-44,144.3001,0.0000,0,0,0,0,0,0
n012w8-0,n012w8,0,5,500000,100.0,adaptive,2026-07-04T12:11:50+01:00,1,2,3,44053,76,0.000000,780,790,780,10,1.2658,LOCAL_BEST,0,777,0,71928,24524,160,165,0,606.0606,0.0000,0,0,0,0,0,0
n012w8-0,n012w8,0,5,500000,100.0,adaptive,2026-07-04T12:11:50+01:00,1,2,3,44167,76,0.000000,740,780,740,40,5.1282,LOCAL_BEST,0,777,0,72135,24609,161,114,0,3508.7719,0.0000,0,0,0,0,0,0
n012w8-0,n012w8,0,5,500000,100.0,adaptive,2026-07-04T12:11:50+01:00,1,4,3,44398,127,29.324864,665,690,665,25,3.6232,LOCAL_BEST,1,777,7471,72072,23847,162,231,51,1082.2511,490.1961,0,0,0,0,0,0
n012w8-0,n012w8,0,5,500000,100.0,adaptive,2026-07-04T12:11:50+01:00,1,4,3,44424,127,29.303804,650,665,650,15,2.2556,LOCAL_BEST,1,777,7473,72093,23868,163,26,0,5769.2308,0.0000,0,0,0,0,0,0
n012w8-0,n012w8,0,5,500000,100.0,adaptive,2026-07-04T12:11:50+01:00,1,4,3,44437,127,29.293280,620,650,620,30,4.6154,LOCAL_BEST,1,777,7473,72109,23880,164,13,0,23076.9231,0.0000,0,0,0,0,0,0
n012w8-0,n012w8,0,5,500000,100.0,adaptive,2026-07-04T12:11:50+01:00,1,4,3,44523,128,29.223754,605,620,605,15,2.4194,LOCAL_BEST,1,777,7478,72233,23943,165,86,1,1744.1860,15000.0000,0,0,0,0,0,0
n012w8-0,n012w8,0,5,500000,100.0,adaptive,2026-07-04T12:11:50+01:00,1,1,3,45719,82,28.273788,640,660,640,20,3.0303,LOCAL_BEST,0,777,7436,74108,25021,166,1196,-46,167.2241,0.0000,0,0,0,0,0,0
n012w8-0,n012w8,0,5,500000,100.0,adaptive,2026-07-04T12:11:50+01:00,1,1,3,45723,82,28.270663,625,640,625,15,2.3438,LOCAL_BEST,0,777,7436,74112,25024,167,4,0,37500.0000,0.0000,0,0,0,0,0,0
n012w8-0,n012w8,0,5,500000,100.0,adaptive,2026-07-04T12:11:50+01:00,1,1,3,46239,83,27.870451,620,625,620,5,0.8000,LOCAL_BEST,0,777,7461,74912,25425,168,516,1,96.8992,5000.0000,0,0,0,0,0,0
n012w8-0,n012w8,0,5,500000,100.0,adaptive,2026-07-04T12:11:50+01:00,1,1,3,47084,84,27.227264,580,620,580,40,6.4516,LOCAL_BEST,0,777,7508,76134,26089,169,845,1,473.3728,40000.0000,0,0,0,0,0,0
n012w8-0,n012w8,0,5,500000,100.0,adaptive,2026-07-04T12:11:50+01:00,1,4,3,47781,133,26.707916,590,605,590,15,2.4793,LOCAL_BEST,1,777,7714,77134,26398,170,697,49,215.2080,306.1224,0,0,0,0,0,0
n012w8-0,n012w8,0,5,500000,100.0,adaptive,2026-07-04T12:11:50+01:00,1,4,3,47803,133,26.691686,585,590,585,5,0.8475,LOCAL_BEST,1,777,7715,77166,26416,171,22,0,2272.7273,0.0000,0,0,0,0,0,0
n012w8-0,n012w8,0,5,500000,100.0,adaptive,2026-07-04T12:11:50+01:00,1,4,3,47805,133,26.690211,555,585,555,30,5.1282,LOCAL_BEST,1,777,7715,77168,26417,172,2,0,150000.0000,0.0000,0,0,0,0,0,0
n012w8-0,n012w8,0,5,500000,100.0,adaptive,2026-07-04T12:11:50+01:00,1,4,3,48051,133,26.509406,540,555,540,15,2.7027,LOCAL_BEST,1,777,7724,77570,26628,173,246,0,609.7561,0.0000,0,0,0,0,0,0
n012w8-0,n012w8,0,5,500000,100.0,adaptive,2026-07-04T12:11:50+01:00,1,2,3,49899,85,0.000000,735,740,735,5,0.6757,LOCAL_BEST,0,777,0,80832,28889,174,1848,-48,27.0563,0.0000,0,0,0,0,0,0
n012w8-0,n012w8,0,5,500000,100.0,adaptive,2026-07-04T12:11:50+01:00,1,2,3,51259,87,0.000000,725,735,725,10,1.3605,LOCAL_BEST,0,777,0,82911,29928,175,1360,2,73.5294,5000.0000,0,0,0,0,0,0
n012w8-0,n012w8,0,5,500000,100.0,adaptive,2026-07-04T12:11:50+01:00,1,2,3,51885,88,0.000000,695,725,695,30,4.1379,LOCAL_BEST,0,777,0,83840,30395,176,626,1,479.2332,30000.0000,0,0,0,0,0,0
n012w8-0,n012w8,0,5,500000,100.0,adaptive,2026-07-04T12:11:50+01:00,1,2,3,51886,88,0.000000,680,695,680,15,2.1583,LOCAL_BEST,0,777,0,83841,30395,177,1,0,150000.0000,0.0000,0,0,0,0,0,0
n012w8-0,n012w8,0,5,500000,100.0,adaptive,2026-07-04T12:11:50+01:00,1,5,3,52293,134,0.000000,480,485,480,5,1.0309,LOCAL_BEST,1,777,0,78186,44582,178,407,46,122.8501,108.6957,0,0,0,0,0,0
n012w8-0,n012w8,0,5,500000,100.0,adaptive,2026-07-04T12:11:50+01:00,1,1,3,55174,100,21.773287,545,580,545,35,6.0345,LOCAL_BEST,0,777,8010,88622,32429,179,2881,-34,121.4856,0.0000,0,0,0,0,0,0
n012w8-0,n012w8,0,5,500000,100.0,adaptive,2026-07-04T12:11:50+01:00,1,2,3,55534,95,0.000000,640,680,640,40,5.8824,LOCAL_BEST,0,777,0,89561,33276,180,360,-5,1111.1111,0.0000,0,0,0,0,0,0
n012w8-0,n012w8,0,5,500000,100.0,adaptive,2026-07-04T12:11:50+01:00,1,2,3,55893,95,0.000000,635,640,635,5,0.7812,LOCAL_BEST,0,777,0,90206,33541,181,359,0,139.2758,0.0000,0,0,0,0,0,0
n012w8-0,n012w8,0,5,500000,100.0,adaptive,2026-07-04T12:11:50+01:00,1,4,3,59067,151,19.552757,475,540,475,65,12.0370,LOCAL_BEST,1,777,8323,93921,35598,182,3174,56,204.7889,1160.7143,0,0,0,0,0,0
n012w8-0,n012w8,0,5,500000,100.0,adaptive,2026-07-04T12:11:50+01:00,1,1,3,59375,106,19.387062,515,545,515,30,5.5046,LOCAL_BEST,0,777,8163,95014,36052,183,308,-45,974.0260,0.0000,0,0,0,0,0,0
n012w8-0,n012w8,0,5,500000,100.0,adaptive,2026-07-04T12:11:50+01:00,1,1,3,59400,106,19.373675,485,515,485,30,5.8252,GLOBAL_BEST,0,777,8163,95065,36076,184,25,0,12000.0000,0.0000,0,0,0,0,0,0
n012w8-0,n012w8,0,5,500000,100.0,adaptive,2026-07-04T12:11:50+01:00,1,4,3,59899,154,19.108386,460,475,460,15,3.1579,LOCAL_BEST,1,777,8358,95113,36290,185,499,48,300.6012,312.5000,0,0,0,0,0,0
n012w8-0,n012w8,0,5,500000,100.0,adaptive,2026-07-04T12:11:50+01:00,1,7,3,60881,220,18.596876,470,485,470,15,3.0928,LOCAL_BEST,2,777,8182,98049,37249,186,982,66,152.7495,227.2727,0,0,0,0,0,0
n012w8-0,n012w8,0,5,500000,100.0,adaptive,2026-07-04T12:11:50+01:00,1,2,3,61166,103,0.000000,620,635,620,15,2.3622,LOCAL_BEST,0,777,0,98433,37868,187,285,-117,526.3158,0.0000,0,0,0,0,0,0
n012w8-0,n012w8,0,5,500000,100.0,adaptive,2026-07-04T12:11:50+01:00,1,7,3,61196,220,18.435716,455,470,455,15,3.1915,LOCAL_BEST,2,777,8190,98462,37522,188,30,117,5000.0000,128.2051,0,0,0,0,0,0
n012w8-0,n012w8,0,5,500000,100.0,adaptive,2026-07-04T12:11:50+01:00,1,7,3,61202,220,18.432659,440,455,440,15,3.2967,LOCAL_BEST,2,777,8190,98477,37526,189,6,0,25000.0000,0.0000,0,0,0,0,0,0
n012w8-0,n012w8,0,5,500000,100.0,adaptive,2026-07-04T12:11:50+01:00,1,5,3,63275,151,0.000000,455,480,455,25,5.2083,LOCAL_BEST,1,777,0,94012,54618,190,2073,-69,120.5982,0.0000,0,0,0,0,0,0
n012w8-0,n012w8,0,5,500000,100.0,adaptive,2026-07-04T12:11:50+01:00,1,4,3,65550,162,16.346019,455,460,455,5,1.0870,LOCAL_BEST,1,777,8553,103439,41093,191,2275,11,21.9780,454.5455,0,0,0,0,0,0
n012w8-0,n012w8,0,5,500000,100.0,adaptive,2026-07-04T12:11:50+01:00,1,1,3,66150,117,16.077259,475,485,475,10,2.0619,GLOBAL_BEST,0,777,8369,105633,41894,192,600,-45,166.6667,0.0000,0,0,0,0,0,0
n012w8-0,n012w8,0,5,500000,100.0,adaptive,2026-07-04T12:11:50+01:00,1,2,3,66931,112,0.000000,600,620,600,20,3.2258,LOCAL_BEST,0,777,0,106965,42612,193,781,-5,256.0819,0.0000,0,0,0,0,0,0
n012w8-0,n012w8,0,5,500000,100.0,adaptive,2026-07-04T12:11:50+01:00,1,1,3,67952,120,15.296357,470,475,470,5,1.0526,GLOBAL_BEST,0,777,8408,108603,43480,194,1021,8,48.9716,625.0000,0,0,0,0,0,0
n012w8-0,n012w8,0,5,500000,100.0,adaptive,2026-07-04T12:11:50+01:00,1,1,3,70355,124,14.313703,450,470,450,20,4.2553,GLOBAL_BEST,0,777,8445,112428,45637,195,2403,4,83.2293,5000.0000,0,0,0,0,0,0
n012w8-0,n012w8,0,5,500000,100.0,adaptive,2026-07-04T12:11:50+01:00,1,1,3,71034,124,14.047660,440,450,440,10,2.2222,GLOBAL_BEST,0,777,8459,113497,46245,196,679,0,147.2754,0.0000,0,0,0,0,0,0
n012w8-0,n012w8,0,5,500000,100.0,adaptive,2026-07-04T12:11:50+01:00,1,4,3,72757,173,13.394546,445,455,445,10,2.1978,LOCAL_BEST,1,777,8710,113956,47499,197,1723,49,58.0383,204.0816,0,0,0,0,0,0
n012w8-0,n012w8,0,5,500000,100.0,adaptive,2026-07-04T12:11:50+01:00,1,2,3,73926,124,0.000000,575,600,575,25,4.1667,LOCAL_BEST,0,777,0,117689,48549,198,1169,-49,213.8580,0.0000,0,0,0,0,0,0
n012w8-0,n012w8,0,5,500000,100.0,adaptive,2026-07-04T12:11:50+01:00,1,2,3,74955,126,0.000000,570,575,570,5,0.8696,LOCAL_BEST,0,777,0,119267,49396,199,1029,2,48.5909,2500.0000,0,0,0,0,0,0
n012w8-0,n012w8,0,5,500000,100.0,adaptive,2026-07-04T12:11:50+01:00,1,2,3,76538,128,0.000000,560,570,560,10,1.7544,LOCAL_BEST,0,777,0,121809,50769,200,1583,2,63.1712,5000.0000,0,0,0,0,0,0
n012w8-0,n012w8,0,5,500000,100.0,adaptive,2026-07-04T12:11:50+01:00,1,2,3,77639,130,0.000000,550,560,550,10,1.7857,LOCAL_BEST,0,777,0,123606,51704,201,1101,2,90.8265,5000.0000,0,0,0,0,0,0
n012w8-0,n012w8,0,5,500000,100.0,adaptive,2026-07-04T12:11:50+01:00,1,2,3,78369,131,0.000000,545,550,545,5,0.9091,LOCAL_BEST,0,777,0,124750,52338,202,730,1,68.4932,5000.0000,0,0,0,0,0,0
n012w8-0,n012w8,0,5,500000,100.0,adaptive,2026-07-04T12:11:50+01:00,1,2,3,78376,131,0.000000,530,545,530,15,2.7523,LOCAL_BEST,0,777,0,124761,52341,203,7,0,21428.5714,0.0000,0,0,0,0,0,0
n012w8-0,n012w8,0,5,500000,100.0,adaptive,2026-07-04T12:11:50+01:00,1,2,3,80507,136,0.000000,525,530,525,5,0.9434,LOCAL_BEST,0,777,0,128255,54190,204,2131,5,23.4632,1000.0000,0,0,0,0,0,0
n012w8-0,n012w8,0,5,500000,100.0,adaptive,2026-07-04T12:11:50+01:00,1,4,3,82593,189,10.206950,440,445,440,5,1.1236,LOCAL_BEST,1,777,8815,128631,56531,205,2086,53,23.9693,94.3396,0,0,0,0,0,0
n012w8-0,n012w8,0,5,500000,100.0,adaptive,2026-07-04T12:11:50+01:00,1,2,3,82858,140,0.000000,515,525,515,10,1.9048,LOCAL_BEST,0,777,0,131729,56270,206,265,-49,377.3585,0.0000,0,0,0,0,0,0
n012w8-0,n012w8,0,5,500000,100.0,adaptive,2026-07-04T12:11:50+01:00,1,2,3,84232,143,0.000000,505,515,505,10,1.9417,LOCAL_BEST,0,777,0,133756,57470,207,1374,3,72.7802,3333.3333,0,0,0,0,0,0
n012w8-0,n012w8,0,5,500000,100.0,adaptive,2026-07-04T12:11:50+01:00,1,2,3,86414,147,0.000000,485,505,485,20,3.9604,LOCAL_BEST,0,777,0,137022,59299,208,2182,4,91.6590,5000.0000,0,0,0,0,0,0
n012w8-0,n012w8,0,5,500000,100.0,adaptive,2026-07-04T12:11:50+01:00,1,2,3,93118,160,0.000000,470,485,470,15,3.0928,LOCAL_BEST,0,777,0,146878,65282,209,6704,13,22.3747,1153.8462,0,0,0,0,0,0
n012w8-0,n012w8,0,5,500000,100.0,adaptive,2026-07-04T12:11:50+01:00,1,2,3,94127,162,0.000000,455,470,455,15,3.1915,LOCAL_BEST,0,777,0,148411,66178,210,1009,2,148.6620,7500.0000,0,0,0,0,0,0
n012w8-0,n012w8,0,5,500000,100.0,adaptive,2026-07-04T12:11:50+01:00,1,2,3,94687,163,0.000000,445,455,445,10,2.1978,LOCAL_BEST,0,777,0,149301,66658,211,560,1,178.5714,10000.0000,0,0,0,0,0,0
n012w8-0,n012w8,0,5,500000,100.0,adaptive,2026-07-04T12:11:50+01:00,1,3,3,110293,206,0.000000,1400,1420,1400,20,1.4085,LOCAL_BEST,0,777,41994,196885,4296,212,15606,43,12.8156,465.1163,0,0,0,0,0,0
n012w8-0,n012w8,0,5,500000,100.0,adaptive,2026-07-04T12:11:50+01:00,1,2,3,117325,205,0.000000,440,445,440,5,1.1236,LOCAL_BEST,0,777,0,182462,86746,213,7032,-1,7.1104,0.0000,0,0,0,0,0,0
n012w8-0,n012w8,0,5,500000,100.0,adaptive,2026-07-04T12:11:50+01:00,1,2,3,119549,208,0.000000,415,440,415,25,5.6818,GLOBAL_BEST,0,777,0,185741,88685,214,2224,3,112.4101,8333.3333,0,0,0,0,0,0
n012w8-0,n012w8,0,5,500000,100.0,adaptive,2026-07-04T12:11:50+01:00,1,1,3,121034,212,3.528515,455,440,440,0,0.0000,REHEAT,0,777,8752,189702,92246,215,1485,4,0.0000,0.0000,0,0,0,0,0,0
n012w8-0,n012w8,0,5,500000,100.0,adaptive,2026-07-04T12:11:50+01:00,1,1,3,171034,309,25.118864,910,440,440,0,0.0000,REHEAT,0,777,16659,270451,120346,216,50000,97,0.0000,0.0000,0,0,0,0,0,0
n012w8-0,n012w8,0,5,500000,100.0,adaptive,2026-07-04T12:11:50+01:00,1,1,3,221034,400,25.118864,685,440,440,0,0.0000,REHEAT,0,777,24352,352138,148756,217,50000,91,0.0000,0.0000,0,0,0,0,0,0
n012w8-0,n012w8,0,5,500000,100.0,adaptive,2026-07-04T12:11:50+01:00,1,1,3,271034,491,25.118864,750,440,440,0,0.0000,REHEAT,0,777,32021,433338,177117,218,50000,91,0.0000,0.0000,0,0,0,0,0,0
n012w8-0,n012w8,0,5,500000,100.0,adaptive,2026-07-04T12:11:50+01:00,1,3,3,286844,545,0.000000,1340,1400,1340,60,4.2857,LOCAL_BEST,0,777,109220,513187,11284,219,15810,54,37.9507,1111.1111,0,0,0,0,0,0
n012w8-0,n012w8,0,5,500000,100.0,adaptive,2026-07-04T12:11:50+01:00,1,1,3,321034,593,25.118864,655,440,440,0,0.0000,REHEAT,0,777,39737,513200,205276,220,34190,48,0.0000,0.0000,0,0,0,0,0,0
n012w8-0,n012w8,0,5,500000,100.0,adaptive,2026-07-04T12:11:50+01:00,1,1,3,371034,688,25.118864,875,440,440,0,0.0000,REHEAT,0,777,47432,594353,233540,221,50000,95,0.0000,0.0000,0,0,0,0,0,0
n012w8-0,n012w8,0,5,500000,100.0,adaptive,2026-07-04T12:11:50+01:00,1,1,3,421034,780,25.118864,700,440,440,0,0.0000,REHEAT,0,777,55231,675973,261722,222,50000,92,0.0000,0.0000,0,0,0,0,0,0
n012w8-0,n012w8,0,5,500000,100.0,adaptive,2026-07-04T12:11:50+01:00,1,1,3,471034,880,25.118864,850,440,440,0,0.0000,REHEAT,0,777,63110,756360,289635,223,50000,100,0.0000,0.0000,0,0,0,0,0,0
n012w8-0,n012w8,0,5,500000,100.0,adaptive,2026-07-04T12:11:50+01:00,2,1,7,1,1,100.000000,3575,3725,3575,150,4.0268,LOCAL_BEST,0,42,0,11,0,1,1,1,1500000.0000,150000.0000,0,0,0,0,0,0
n012w8-0,n012w8,0,5,500000,100.0,adaptive,2026-07-04T12:11:50+01:00,2,2,7,2,1,0.000000,3685,3725,3685,40,1.0738,GLOBAL_BEST,0,42,0,4,0,2,1,0,400000.0000,0.0000,0,0,0,0,0,0
n012w8-0,n012w8,0,5,500000,100.0,adaptive,2026-07-04T12:11:50+01:00,2,1,7,2,1,99.997237,3470,3575,3470,105,2.9371,LOCAL_BEST,0,42,0,15,0,3,0,0,0.0000,0.0000,0,0,0,0,0,0
n012w8-0,n012w8,0,5,500000,100.0,adaptive,2026-07-04T12:11:50+01:00,2,1,7,3,1,99.994474,3275,3470,3275,195,5.6196,GLOBAL_BEST,0,42,0,21,0,4,1,0,1950000.0000,0.0000,0,0,0,0,0,0
n012w8-0,n012w8,0,5,500000,100.0,adaptive,2026-07-04T12:11:50+01:00,2,2,7,4,1,0.000000,3475,3685,3475,210,5.6988,GLOBAL_BEST,0,42,0,12,0,5,1,0,2100000.0000,0.0000,0,0,0,0,0,0
n012w8-0,n012w8,0,5,500000,100.0,adaptive,2026-07-04T12:11:50+01:00,2,1,7,4,1,99.991711,3005,3275,3005,270,8.2443,GLOBAL_BEST,0,42,0,22,0,6,0,0,0.0000,0.0000,0,0,0,0,0,0
n012w8-0,n012w8,0,5,500000,100.0,adaptive,2026-07-04T12:11:50+01:00,2,2,7,5,1,0.000000,3445,3475,3445,30,0.8633,GLOBAL_BEST,0,42,0,13,0,7,1,0,300000.0000,0.0000,0,0,0,0,0,0
n012w8-0,n012w8,0,5,500000,100.0,adaptive,2026-07-04T12:11:50+01:00,2,1,7,5,1,99.988948,2945,3005,2945,60,1.9967,GLOBAL_BEST,0,42,0,25,0,8,0,0,0.0000,0.0000,0,0,0,0,0,0
n012w8-0,n012w8,0,5,500000,100.0,adaptive,2026-07-04T12:11:50+01:00,2,1,7,6,1,99.986185,2795,2945,2795,150,5.0934,GLOBAL_BEST,0,42,0,25,0,9,1,0,1500000.0000,0.0000,0,0,0,0,0,0
n012w8-0,n012w8,0,5,500000,100.0,adaptive,2026-07-04T12:11:50+01:00,2,3,7,8,1,0.000000,3695,3725,3695,30,0.8054,LOCAL_BEST,0,42,1,14,0,10,2,0,150000.0000,0.0000,0,0,0,0,0,0
n012w8-0,n012w8,0,5,500000,100.0,adaptive,2026-07-04T12:11:50+01:00,2,2,7,8,1,0.000000,3205,3445,3205,240,6.9666,LOCAL_BEST,0,42,0,18,0,11,0,0,0.0000,0.0000,0,0,0,0,0,0
n012w8-0,n012w8,0,5,500000,100.0,adaptive,2026-07-04T12:11:50+01:00,2,1,7,8,1,99.980660,2750,2795,2750,45,1.6100,LOCAL_BEST,0,42,0,27,0,12,0,0,0.0000,0.0000,0,0,0,0,0,0
n012w8-0,n012w8,0,5,500000,100.0,adaptive,2026-07-04T12:11:50+01:00,2,5,7,8,55,0.000000,635,695,635,60,8.6331,GLOBAL_BEST,1,42,0,7,7,13,0,54,0.0000,1111.1111,0,0,0,0,0,0
n012w8-0,n012w8,0,5,500000,100.0,adaptive,2026-07-04T12:11:50+01:00,2,3,7,9,1,0.000000,3515,3695,3515,180,4.8714,LOCAL_BEST,0,42,1,15,0,14,1,-54,1800000.0000,0.0000,0,0,0,0,0,0
n012w8-0,n012w8,0,5,500000,100.0,adaptive,2026-07-04T12:11:50+01:00,2,2,7,9,1,0.000000,2890,3205,2890,315,9.8284,GLOBAL_BEST,0,42,0,23,0,15,0,0,0.0000,0.0000,0,0,0,0,0,0
n012w8-0,n012w8,0,5,500000,100.0,adaptive,2026-07-04T12:11:50+01:00,2,1,7,9,1,99.977898,2740,2750,2740,10,0.3636,LOCAL_BEST,0,42,0,30,0,16,0,0,0.0000,0.0000,0,0,0,0,0,0
n012w8-0,n012w8,0,5,500000,100.0,adaptive,2026-07-04T12:11:50+01:00,2,3,7,10,1,0.000000,3410,3515,3410,105,2.9872,LOCAL_BEST,0,42,1,15,0,17,1,0,1050000.0000,0.0000,0,0,0,0,0,0
n012w8-0,n012w8,0,5,500000,100.0,adaptive,2026-07-04T12:11:50+01:00,2,2,7,10,1,0.000000,2710,2890,2710,180,6.2284,GLOBAL_BEST,0,42,0,26,0,18,0,0,0.0000,0.0000,0,0,0,0,0,0
n012w8-0,n012w8,0,5,500000,100.0,adaptive,2026-07-04T12:11:50+01:00,2,1,7,10,1,99.975135,2710,2740,2710,30,1.0949,LOCAL_BEST,0,42,0,34,0,19,0,0,0.0000,0.0000,0,0,0,0,0,0
n012w8-0,n012w8,0,5,500000,100.0,adaptive,2026-07-04T12:11:50+01:00,2,3,7,11,1,0.000000,3370,3410,3370,40,1.1730,LOCAL_BEST,0,42,1,15,0,20,1,0,400000.0000,0.0000,0,0,0,0,0,0
n012w8-0,n012w8,0,5,500000,100.0,adaptive,2026-07-04T12:11:50+01:00,2,2,7,11,1,0.000000,2515,2710,2515,195,7.1956,GLOBAL_BEST,0,42,0,26,0,21,0,0,0.0000,0.0000,0,0,0,0,0,0
n012w8-0,n012w8,0,5,500000,100.0,adaptive,2026-07-04T12:11:50+01:00,2,2,7,12,1,0.000000,2455,2515,2455,60,2.3857,GLOBAL_BEST,0,42,0,26,0,22,1,0,600000.0000,0.0000,0,0,0,0,0,0
n012w8-0,n012w8,0,5,500000,100.0,adaptive,2026-07-04T12:11:50+01:00,2,3,7,13,1,0.000000,3295,3370,3295,75,2.2255,LOCAL_BEST,0,42,1,15,0,23,1,0,750000.0000,0.0000,0,0,0,0,0,0
n012w8-0,n012w8,0,5,500000,100.0,adaptive,2026-07-04T12:11:50+01:00,2,1,7,13,1,99.966848,2575,2710,2575,135,4.9815,LOCAL_BEST,0,42,1,37,0,24,0,0,0.0000,0.0000,0,0,0,0,0,0
n012w8-0,n012w8,0,5,500000,100.0,adaptive,2026-07-04T12:11:50+01:00,2,1,7,14,1,99.964086,2515,2575,2515,60,2.3301,LOCAL_BEST,0,42,1,41,0,25,1,0,600000.0000,0.0000,0,0,0,0,0,0
n012w8-0,n012w8,0,5,500000,100.0,adaptive,2026-07-04T12:11:50+01:00,2,3,7,15,1,0.000000,3280,3295,3280,15,0.4552,LOCAL_BEST,0,42,1,16,0,26,1,0,150000.0000,0.0000,0,0,0,0,0,0
n012w8-0,n012w8,0,5,500000,100.0,adaptive,2026-07-04T12:11:50+01:00,2,1,7,15,1,99.961324,2470,2515,2470,45,1.7893,LOCAL_BEST,0,42,1,42,0,27,0,0,0.0000,0.0000,0,0,0,0,0,0
n012w8-0,n012w8,0,5,500000,100.0,adaptive,2026-07-04T12:11:50+01:00,2,3,7,18,1,0.000000,3250,3280,3250,30,0.9146,LOCAL_BEST,0,42,1,19,0,28,3,0,100000.0000,0.0000,0,0,0,0,0,0
n012w8-0,n012w8,0,5,500000,100.0,adaptive,2026-07-04T12:11:50+01:00,2,3,7,19,1,0.000000,3160,3250,3160,90,2.7692,LOCAL_BEST,0,42,1,24,0,29,1,0,900000.0000,0.0000,0,0,0,0,0,0
n012w8-0,n012w8,0,5,500000,100.0,adaptive,2026-07-04T12:11:50+01:00,2,3,7,20,1,0.000000,2950,3160,2950,210,6.6456,LOCAL_BEST,0,42,1,25,0,30,1,0,2100000.0000,0.0000,0,0,0,0,0,0
n012w8-0,n012w8,0,5,500000,100.0,adaptive,2026-07-04T12:11:50+01:00,2,1,7,20,1,99.947515,2335,2470,2335,135,5.4656,GLOBAL_BEST,0,42,2,49,1,31,0,0,0.0000,0.0000,0,0,0,0,0,0
n012w8-0,n012w8,0,5,500000,100.0,adaptive,2026-07-04T12:11:50+01:00,2,1,7,21,1,99.944753,2320,2335,2320,15,0.6424,GLOBAL_BEST,0,42,2,54,1,32,1,0,150000.0000,0.0000,0,0,0,0,0,0
n012w8-0,n012w8,0,5,500000,100.0,adaptive,2026-07-04T12:11:50+01:00,2,3,7,23,1,0.000000,2945,2950,2945,5,0.1695,LOCAL_BEST,0,42,3,30,0,33,2,0,25000.0000,0.0000,0,0,0,0,0,0
n012w8-0,n012w8,0,5,500000,100.0,adaptive,2026-07-04T12:11:50+01:00,2,3,7,24,1,0.000000,2885,2945,2885,60,2.0374,LOCAL_BEST,0,42,3,30,0,34,1,0,600000.0000,0.0000,0,0,0,0,0,0
n012w8-0,n012w8,0,5,500000,100.0,adaptive,2026-07-04T12:11:50+01:00,2,3,7,25,1,0.000000,2855,2885,2855,30,1.0399,LOCAL_BEST,0,42,3,38,0,35,1,0,300000.0000,0.0000,0,0,0,0,0,0
n012w8-0,n012w8,0,5,500000,100.0,adaptive,2026-07-04T12:11:50+01:00,2,1,7,31,1,99.917141,2185,2320,2185,135,5.8190,GLOBAL_BEST,0,42,5,75,1,36,6,0,225000.0000,0.0000,0,0,0,0,0,0
n012w8-0,n012w8,0,5,500000,100.0,adaptive,2026-07-04T12:11:50+01:00,2,1,7,33,1,99.911620,2020,2185,2020,165,7.5515,GLOBAL_BEST,0,42,5,84,2,37,2,0,825000.0000,0.0000,0,0,0,0,0,0
n012w8-0,n012w8,0,5,500000,100.0,adaptive,2026-07-04T12:11:50+01:00,2,3,7,34,1,0.000000,2810,2855,2810,45,1.5762,LOCAL_BEST,0,42,6,47,0,38,1,0,450000.0000,0.0000,0,0,0,0,0,0
n012w8-0,n012w8,0,5,500000,100.0,adaptive,2026-07-04T12:11:50+01:00,2,3,7,35,1,0.000000,2570,2810,2570,240,8.5409,LOCAL_BEST,0,42,6,51,0,39,1,0,2400000.0000,0.0000,0,0,0,0,0,0
n012w8-0,n012w8,0,5,500000,100.0,adaptive,2026-07-04T12:11:50+01:00,2,1,7,36,1,99.903338,1965,2020,1965,55,2.7228,GLOBAL_BEST,0,42,5,89,2,40,1,0,550000.0000,0.0000,0,0,0,0,0,0
n012w8-0,n012w8,0,5,500000,100.0,adaptive,2026-07-04T12:11:50+01:00,2,1,7,39,2,99.895057,1920,1965,1920,45,2.2901,GLOBAL_BEST,0,42,6,94,3,41,3,1,150000.0000,45000.0000,0,0,0,0,0,0
n012w8-0,n012w8,0,5,500000,100.0,adaptive,2026-07-04T12:11:50+01:00,2,1,7,41,2,99.889537,1845,1920,1845,75,3.9062,GLOBAL_BEST,0,42,6,94,4,42,2,0,375000.0000,0.0000,0,0,0,0,0,0
n012w8-0,n012w8,0,5,500000,100.0,adaptive,2026-07-04T12:11:50+01:00,2,3,7,42,2,0.000000,2540,2570,2540,30,1.1673,LOCAL_BEST,0,42,9,54,0,43,1,0,300000.0000,0.0000,0,0,0,0,0,0
n012w8-0,n012w8,0,5,500000,100.0,adaptive,2026-07-04T12:11:50+01:00,2,3,7,46,2,0.000000,2525,2540,2525,15,0.5906,LOCAL_BEST,0,42,11,70,0,44,4,0,37500.0000,0.0000,0,0,0,0,0,0
n012w8-0,n012w8,0,5,500000,100.0,adaptive,2026-07-04T12:11:50+01:00,2,3,7,47,2,0.000000,2495,2525,2495,30,1.1881,LOCAL_BEST,0,42,11,72,0,45,1,0,300000.0000,0.0000,0,0,0,0,0,0
n012w8-0,n012w8,0,5,500000,100.0,adaptive,2026-07-04T12:11:50+01:00,2,3,7,48,2,0.000000,2390,2495,2390,105,4.2084,LOCAL_BEST,0,42,11,73,0,46,1,0,1050000.0000,0.0000,0,0,0,0,0,0
n012w8-0,n012w8,0,5,500000,100.0,adaptive,2026-07-04T12:11:50+01:00,2,3,7,50,2,0.000000,2360,2390,2360,30,1.2552,LOCAL_BEST,0,42,11,74,0,47,2,0,150000.0000,0.0000,0,0,0,0,0,0
n012w8-0,n012w8,0,5,500000,100.0,adaptive,2026-07-04T12:11:50+01:00,2,1,7,50,2,99.864700,1815,1845,1815,30,1.6260,GLOBAL_BEST,0,42,8,108,6,48,0,0,0.0000,0.0000,0,0,0,0,0,0
n012w8-0,n012w8,0,5,500000,100.0,adaptive,2026-07-04T12:11:50+01:00,2,3,7,56,2,0.000000,2315,2360,2315,45,1.9068,LOCAL_BEST,0,42,12,79,1,49,6,0,75000.0000,0.0000,0,0,0,0,0,0
n012w8-0,n012w8,0,5,500000,100.0,adaptive,2026-07-04T12:11:50+01:00,2,1,7,57,2,99.845386,1785,1815,1785,30,1.6529,GLOBAL_BEST,0,42,9,119,10,50,1,0,300000.0000,0.0000,0,0,0,0,0,0
n012w8-0,n012w8,0,5,500000,100.0,adaptive,2026-07-04T12:11:50+01:00,2,3,7,61,2,0.000000,2270,2315,2270,45,1.9438,LOCAL_BEST,0,42,14,92,1,51,4,0,112500.0000,0.0000,0,0,0,0,0,0
n012w8-0,n012w8,0,5,500000,100.0,adaptive,2026-07-04T12:11:50+01:00,2,1,7,87,2,99.762655,1685,1785,1685,100,5.6022,GLOBAL_BEST,0,42,17,179,17,52,26,0,38461.5385,0.0000,0,0,0,0,0,0
n012w8-0,n012w8,0,5,500000,100.0,adaptive,2026-07-04T12:11:50+01:00,2,1,7,88,2,99.759899,1670,1685,1670,15,0.8902,GLOBAL_BEST,0,42,17,179,17,53,1,0,150000.0000,0.0000,0,0,0,0,0,0
n012w8-0,n012w8,0,5,500000,100.0,adaptive,2026-07-04T12:11:50+01:00,2,1,7,91,2,99.751630,1640,1670,1640,30,1.7964,GLOBAL_BEST,0,42,18,185,18,54,3,0,100000.0000,0.0000,0,0,0,0,0,0
n012w8-0,n012w8,0,5,500000,100.0,adaptive,2026-07-04T12:11:50+01:00,2,1,7,95,2,99.740605,1610,1640,1610,30,1.8293,GLOBAL_BEST,0,42,18,188,20,55,4,0,75000.0000,0.0000,0,0,0,0,0,0
n012w8-0,n012w8,0,5,500000,100.0,adaptive,2026-07-04T12:11:50+01:00,2,2,7,96,2,0.000000,2360,2455,2360,95,3.8697,LOCAL_BEST,0,42,0,161,0,56,1,0,950000.0000,0.0000,0,0,0,0,0,0
n012w8-0,n012w8,0,5,500000,100.0,adaptive,2026-07-04T12:11:50+01:00,2,2,7,97,2,0.000000,2330,2360,2330,30,1.2712,LOCAL_BEST,0,42,0,165,0,57,1,0,300000.0000,0.0000,0,0,0,0,0,0
n012w8-0,n012w8,0,5,500000,100.0,adaptive,2026-07-04T12:11:50+01:00,2,1,7,99,2,99.729582,1550,1610,1550,60,3.7267,GLOBAL_BEST,0,42,18,194,21,58,2,0,300000.0000,0.0000,0,0,0,0,0,0
n012w8-0,n012w8,0,5,500000,100.0,adaptive,2026-07-04T12:11:50+01:00,2,2,7,100,2,0.000000,2270,2330,2270,60,2.5751,LOCAL_BEST,0,42,0,171,0,59,1,0,600000.0000,0.0000,0,0,0,0,0,0
n012w8-0,n012w8,0,5,500000,100.0,adaptive,2026-07-04T12:11:50+01:00,2,1,7,100,2,99.726827,1520,1550,1520,30,1.9355,GLOBAL_BEST,0,42,18,198,21,60,0,0,0.0000,0.0000,0,0,0,0,0,0
n012w8-0,n012w8,0,5,500000,100.0,adaptive,2026-07-04T12:11:50+01:00,2,1,7,101,2,99.724071,1490,1520,1490,30,1.9737,GLOBAL_BEST,0,42,18,198,21,61,1,0,300000.0000,0.0000,0,0,0,0,0,0
n012w8-0,n012w8,0,5,500000,100.0,adaptive,2026-07-04T12:11:50+01:00,2,2,7,102,2,0.000000,2255,2270,2255,15,0.6608,LOCAL_BEST,0,42,0,174,0,62,1,0,150000.0000,0.0000,0,0,0,0,0,0
n012w8-0,n012w8,0,5,500000,100.0,adaptive,2026-07-04T12:11:50+01:00,2,2,7,105,2,0.000000,2195,2255,2195,60,2.6608,LOCAL_BEST,0,42,0,179,0,63,3,0,200000.0000,0.0000,0,0,0,0,0,0
n012w8-0,n012w8,0,5,500000,100.0,adaptive,2026-07-04T12:11:50+01:00,2,20,7,106,281,0.000000,240,255,240,15,5.8824,GLOBAL_BEST,9,42,0,133,101,64,1,279,150000.0000,53.7634,0,0,0,0,0,0
n012w8-0,n012w8,0,5,500000,100.0,adaptive,2026-07-04T12:11:50+01:00,2,1,7,131,2,99.641441,1485,1490,1485,5,0.3356,GLOBAL_BEST,0,42,26,246,28,65,25,-279,2000.0000,0.0000,0,0,0,0,0,0
n012w8-0,n012w8,0,5,500000,100.0,adaptive,2026-07-04T12:11:50+01:00,2,11,7,152,108,0.000000,360,365,360,5,1.3699,GLOBAL_BEST,4,42,0,242,141,66,21,106,2380.9524,47.1698,0,0,0,0,0,0
n012w8-0,n012w8,0,5,500000,100.0,adaptive,2026-07-04T12:11:50+01:00,2,3,7,170,2,0.000000,2210,2270,2210,60,2.6432,LOCAL_BEST,0,42,60,282,5,67,18,-106,33333.3333,0.0000,0,0,0,0,0,0
n012w8-0,n012w8,0,5,500000,100.0,adaptive,2026-07-04T12:11:50+01:00,2,3,7,171,2,0.000000,2060,2210,2060,150,6.7873,LOCAL_BEST,0,42,60,282,5,68,1,0,1500000.0000,0.0000,0,0,0,0,0,0
n012w8-0,n012w8,0,5,500000,100.0,adaptive,2026-07-04T12:11:50+01:00,2,3,7,172,2,0.000000,2045,2060,2045,15,0.7282,LOCAL_BEST,0,42,60,282,5,69,1,0,150000.0000,0.0000,0,0,0,0,0,0
n012w8-0,n012w8,0,5,500000,100.0,adaptive,2026-07-04T12:11:50+01:00,2,8,7,184,93,0.000000,415,430,415,15,3.4884,GLOBAL_BEST,3,42,0,266,173,70,12,91,12500.0000,164.8352,0,0,0,0,0,0
n012w8-0,n012w8,0,5,500000,100.0,adaptive,2026-07-04T12:11:50+01:00,2,2,7,186,2,0.000000,2105,2195,2105,90,4.1002,LOCAL_BEST,0,42,0,335,0,71,2,-91,450000.0000,0.0000,0,0,0,0,0,0
n012w8-0,n012w8,0,5,500000,100.0,adaptive,2026-07-04T12:11:50+01:00,2,2,7,187,2,0.000000,2015,2105,2015,90,4.2755,LOCAL_BEST,0,42,0,337,0,72,1,0,900000.0000,0.0000,0,0,0,0,0,0
n012w8-0,n012w8,0,5,500000,100.0,adaptive,2026-07-04T12:11:50+01:00,2,1,7,194,2,99.468141,1410,1485,1410,75,5.0505,GLOBAL_BEST,0,42,41,325,45,73,7,0,107142.8571,0.0000,0,0,0,0,0,0
n012w8-0,n012w8,0,5,500000,100.0,adaptive,2026-07-04T12:11:50+01:00,2,1,7,195,2,99.465392,1395,1410,1395,15,1.0638,GLOBAL_BEST,0,42,41,328,45,74,1,0,150000.0000,0.0000,0,0,0,0,0,0
n012w8-0,n012w8,0,5,500000,100.0,adaptive,2026-07-04T12:11:50+01:00,2,2,7,224,2,0.000000,2000,2015,2000,15,0.7444,LOCAL_BEST,0,42,0,398,0,75,29,0,5172.4138,0.0000,0,0,0,0,0,0
n012w8-0,n012w8,0,5,500000,100.0,adaptive,2026-07-04T12:11:50+01:00,2,2,7,225,2,0.000000,1925,2000,1925,75,3.7500,LOCAL_BEST,0,42,0,398,0,76,1,0,750000.0000,0.0000,0,0,0,0,0,0
n012w8-0,n012w8,0,5,500000,100.0,adaptive,2026-07-04T12:11:50+01:00,2,2,7,226,2,0.000000,1910,1925,1910,15,0.7792,LOCAL_BEST,0,42,0,398,0,77,1,0,150000.0000,0.0000,0,0,0,0,0,0
n012w8-0,n012w8,0,5,500000,100.0,adaptive,2026-07-04T12:11:50+01:00,2,2,7,227,2,0.000000,1670,1910,1670,240,12.5654,LOCAL_BEST,0,42,0,398,0,78,1,0,2400000.0000,0.0000,0,0,0,0,0,0
n012w8-0,n012w8,0,5,500000,100.0,adaptive,2026-07-04T12:11:50+01:00,2,3,7,250,2,0.000000,1965,2045,1965,80,3.9120,LOCAL_BEST,0,42,89,406,6,79,23,0,34782.6087,0.0000,0,0,0,0,0,0
n012w8-0,n012w8,0,5,500000,100.0,adaptive,2026-07-04T12:11:50+01:00,2,11,7,293,109,0.000000,335,360,335,25,6.9444,GLOBAL_BEST,4,42,0,447,273,80,43,107,5813.9535,233.6449,0,0,0,0,0,0
n012w8-0,n012w8,0,5,500000,100.0,adaptive,2026-07-04T12:11:50+01:00,2,3,7,316,2,0.000000,1950,1965,1950,15,0.7634,LOCAL_BEST,0,42,113,524,6,81,23,-107,6521.7391,0.0000,0,0,0,0,0,0
n012w8-0,n012w8,0,5,500000,100.0,adaptive,2026-07-04T12:11:50+01:00,2,3,7,317,2,0.000000,1860,1950,1860,90,4.6154,LOCAL_BEST,0,42,113,524,6,82,1,0,900000.0000,0.0000,0,0,0,0,0,0
n012w8-0,n012w8,0,5,500000,100.0,adaptive,2026-07-04T12:11:50+01:00,2,3,7,360,2,0.000000,1800,1860,1800,60,3.2258,LOCAL_BEST,0,42,127,571,8,83,43,0,13953.4884,0.0000,0,0,0,0,0,0
n012w8-0,n012w8,0,5,500000,100.0,adaptive,2026-07-04T12:11:50+01:00,2,3,7,361,2,0.000000,1755,1800,1755,45,2.5000,LOCAL_BEST,0,42,127,571,8,84,1,0,450000.0000,0.0000,0,0,0,0,0,0
n012w8-0,n012w8,0,5,500000,100.0,adaptive,2026-07-04T12:11:50+01:00,2,3,7,362,2,0.000000,1745,1755,1745,10,0.5698,LOCAL_BEST,0,42,127,572,8,85,1,0,100000.0000,0.0000,0,0,0,0,0,0
n012w8-0,n012w8,0,5,500000,100.0,adaptive,2026-07-04T12:11:50+01:00,2,3,7,363,2,0.000000,1625,1745,1625,120,6.8768,LOCAL_BEST,0,42,127,581,8,86,1,0,1200000.0000,0.0000,0,0,0,0,0,0
n012w8-0,n012w8,0,5,500000,100.0,adaptive,2026-07-04T12:11:50+01:00,2,5,7,366,55,0.000000,620,635,620,15,2.3622,GLOBAL_BEST,1,42,0,491,308,87,3,53,50000.0000,283.0189,0,0,0,0,0,0
n012w8-0,n012w8,0,5,500000,100.0,adaptive,2026-07-04T12:11:50+01:00,2,8,7,394,94,0.000000,400,415,400,15,3.6145,GLOBAL_BEST,3,42,0,592,362,88,28,39,5357.1429,384.6154,0,0,0,0,0,0
n012w8-0,n012w8,0,5,500000,100.0,adaptive,2026-07-04T12:11:50+01:00,2,1,7,410,2,98.876253,1310,1395,1310,85,6.0932,GLOBAL_BEST,0,42,90,691,114,89,16,-92,53125.0000,0.0000,0,0,0,0,0,0
n012w8-0,n012w8,0,5,500000,100.0,adaptive,2026-07-04T12:11:50+01:00,2,1,7,438,2,98.799785,1280,1310,1280,30,2.2901,GLOBAL_BEST,0,42,98,738,123,90,28,0,10714.2857,0.0000,0,0,0,0,0,0
n012w8-0,n012w8,0,5,500000,100.0,adaptive,2026-07-04T12:11:50+01:00,2,8,7,519,94,0.000000,385,400,385,15,3.7500,GLOBAL_BEST,3,42,0,796,470,91,81,92,1851.8519,163.0435,0,0,0,0,0,0
n012w8-0,n012w8,0,5,500000,100.0,adaptive,2026-07-04T12:11:50+01:00,2,5,7,558,55,0.000000,605,620,605,15,2.4194,GLOBAL_BEST,1,42,0,775,455,92,39,-39,3846.1538,0.0000,0,0,0,0,0,0
n012w8-0,n012w8,0,5,500000,100.0,adaptive,2026-07-04T12:11:50+01:00,2,5,7,585,55,0.000000,590,605,590,15,2.4793,GLOBAL_BEST,1,42,0,802,476,93,27,0,5555.5556,0.0000,0,0,0,0,0,0
n012w8-0,n012w8,0,5,500000,100.0,adaptive,2026-07-04T12:11:50+01:00,2,11,7,603,109,0.000000,320,335,320,15,4.4776,GLOBAL_BEST,4,42,0,852,560,94,18,54,8333.3333,277.7778,0,0,0,0,0,0
n012w8-0,n012w8,0,5,500000,100.0,adaptive,2026-07-04T12:11:50+01:00,2,1,7,653,3,98.214588,1235,1280,1235,45,3.5156,GLOBAL_BEST,0,42,145,1076,208,95,50,-106,9000.0000,0.0000,0,0,0,0,0,0
n012w8-0,n012w8,0,5,500000,100.0,adaptive,2026-07-04T12:11:50+01:00,2,8,7,653,94,0.000000,370,385,370,15,3.8961,GLOBAL_BEST,3,42,0,992,589,96,0,91,0.0000,164.8352,0,0,0,0,0,0
n012w8-0,n012w8,0,5,500000,100.0,adaptive,2026-07-04T12:11:50+01:00,2,1,7,654,3,98.211874,1160,1235,1160,75,6.0729,GLOBAL_BEST,0,42,145,1076,208,97,1,-91,750000.0000,0.0000,0,0,0,0,0,0
n012w8-0,n012w8,0,5,500000,100.0,adaptive,2026-07-04T12:11:50+01:00,2,1,7,666,3,98.179316,1025,1160,1025,135,11.6379,GLOBAL_BEST,0,42,148,1084,213,98,12,0,112500.0000,0.0000,0,0,0,0,0,0
n012w8-0,n012w8,0,5,500000,100.0,adaptive,2026-07-04T12:11:50+01:00,2,1,7,668,3,98.173890,995,1025,995,30,2.9268,GLOBAL_BEST,0,42,148,1089,214,99,2,0,150000.0000,0.0000,0,0,0,0,0,0
n012w8-0,n012w8,0,5,500000,100.0,adaptive,2026-07-04T12:11:50+01:00,2,1,7,673,3,98.160328,965,995,965,30,3.0151,GLOBAL_BEST,0,42,148,1096,216,100,5,0,60000.0000,0.0000,0,0,0,0,0,0
n012w8-0,n012w8,0,5,500000,100.0,adaptive,2026-07-04T12:11:50+01:00,2,5,7,779,55,0.000000,575,590,575,15,2.5424,GLOBAL_BEST,1,42,0,1063,630,101,106,52,1415.0943,288.4615,0,0,0,0,0,0
n012w8-0,n012w8,0,5,500000,100.0,adaptive,2026-07-04T12:11:50+01:00,2,1,7,1062,3,97.110905,950,965,950,15,1.5544,GLOBAL_BEST,0,42,238,1725,359,102,283,-52,530.0353,0.0000,0,0,0,0,0,0
n012w8-0,n012w8,0,5,500000,100.0,adaptive,2026-07-04T12:11:50+01:00,2,5,7,1077,56,0.000000,560,575,560,15,2.6087,GLOBAL_BEST,1,42,0,1476,882,103,15,53,10000.0000,283.0189,0,0,0,0,0,0
n012w8-0,n012w8,0,5,500000,100.0,adaptive,2026-07-04T12:11:50+01:00,2,1,7,1094,3,97.025078,700,950,700,250,26.3158,GLOBAL_BEST,0,42,245,1771,371,104,17,-53,147058.8235,0.0000,0,0,0,0,0,0
n012w8-0,n012w8,0,5,500000,100.0,adaptive,2026-07-04T12:11:50+01:00,2,2,7,1157,3,0.000000,1650,1670,1650,20,1.1976,LOCAL_BEST,0,42,0,1959,8,105,63,0,3174.6032,0.0000,0,0,0,0,0,0
n012w8-0,n012w8,0,5,500000,100.0,adaptive,2026-07-04T12:11:50+01:00,2,2,7,1158,3,0.000000,1635,1650,1635,15,0.9091,LOCAL_BEST,0,42,0,1960,8,106,1,0,150000.0000,0.0000,0,0,0,0,0,0
n012w8-0,n012w8,0,5,500000,100.0,adaptive,2026-07-04T12:11:50+01:00,2,2,7,1238,3,0.000000,1560,1635,1560,75,4.5872,LOCAL_BEST,0,42,0,2099,23,107,80,0,9375.0000,0.0000,0,0,0,0,0,0
n012w8-0,n012w8,0,5,500000,100.0,adaptive,2026-07-04T12:11:50+01:00,2,2,7,1247,3,0.000000,1440,1560,1440,120,7.6923,LOCAL_BEST,0,42,0,2106,23,108,9,0,133333.3333,0.0000,0,0,0,0,0,0
n012w8-0,n012w8,0,5,500000,100.0,adaptive,2026-07-04T12:11:50+01:00,2,2,7,1249,3,0.000000,1365,1440,1365,75,5.2083,LOCAL_BEST,0,42,0,2108,23,109,2,0,375000.0000,0.0000,0,0,0,0,0,0
n012w8-0,n012w8,0,5,500000,100.0,adaptive,2026-07-04T12:11:50+01:00,2,2,7,2136,4,0.000000,1290,1365,1290,75,5.4945,LOCAL_BEST,0,42,0,3640,130,110,887,1,845.5468,75000.0000,0,0,0,0,0,0
n012w8-0,n012w8,0,5,500000,100.0,adaptive,2026-07-04T12:11:50+01:00,2,5,7,3210,59,0.000000,525,560,525,35,6.2500,GLOBAL_BEST,1,42,0,4893,2643,111,1074,55,325.8845,636.3636,0,0,0,0,0,0
n012w8-0,n012w8,0,5,500000,100.0,adaptive,2026-07-04T12:11:50+01:00,2,11,7,4625,118,0.000000,290,320,290,30,9.3750,GLOBAL_BEST,4,42,0,6973,4356,112,1415,59,212.0141,508.4746,0,0,0,0,0,0
n012w8-0,n012w8,0,5,500000,100.0,adaptive,2026-07-04T12:11:50+01:00,2,2,7,5144,10,0.000000,1245,1290,1245,45,3.4884,LOCAL_BEST,0,42,0,8607,929,113,519,-108,867.0520,0.0000,0,0,0,0,0,0
n012w8-0,n012w8,0,5,500000,100.0,adaptive,2026-07-04T12:11:50+01:00,2,3,7,5560,10,0.000000,1605,1625,1605,20,1.2308,LOCAL_BEST,0,42,2114,9626,181,114,416,0,480.7692,0.0000,0,0,0,0,0,0
n012w8-0,n012w8,0,5,500000,100.0,adaptive,2026-07-04T12:11:50+01:00,2,3,7,5561,10,0.000000,1575,1605,1575,30,1.8692,LOCAL_BEST,0,42,2114,9626,181,115,1,0,300000.0000,0.0000,0,0,0,0,0,0
n012w8-0,n012w8,0,5,500000,100.0,adaptive,2026-07-04T12:11:50+01:00,2,3,7,5562,10,0.000000,1545,1575,1545,30,1.9048,LOCAL_BEST,0,42,2114,9627,181,116,1,0,300000.0000,0.0000,0,0,0,0,0,0
n012w8-0,n012w8,0,5,500000,100.0,adaptive,2026-07-04T12:11:50+01:00,2,3,7,5571,10,0.000000,1515,1545,1515,30,1.9417,LOCAL_BEST,0,42,2116,9643,182,117,9,0,33333.3333,0.0000,0,0,0,0,0,0
n012w8-0,n012w8,0,5,500000,100.0,adaptive,2026-07-04T12:11:50+01:00,2,2,7,6794,12,0.000000,1230,1245,1230,15,1.2048,LOCAL_BEST,0,42,0,11235,1510,118,1223,2,122.6492,7500.0000,0,0,0,0,0,0
n012w8-0,n012w8,0,5,500000,100.0,adaptive,2026-07-04T12:11:50+01:00,2,5,7,8968,68,0.000000,520,525,520,5,0.9524,GLOBAL_BEST,1,42,0,13373,7417,119,2174,56,22.9991,89.2857,0,0,0,0,0,0
n012w8-0,n012w8,0,5,500000,100.0,adaptive,2026-07-04T12:11:50+01:00,2,2,7,9184,17,0.000000,1215,1230,1215,15,1.2195,LOCAL_BEST,0,42,0,15208,2449,120,216,-51,694.4444,0.0000,0,0,0,0,0,0
n012w8-0,n012w8,0,5,500000,100.0,adaptive,2026-07-04T12:11:50+01:00,2,5,7,9265,69,0.000000,505,520,505,15,2.8846,GLOBAL_BEST,1,42,0,13817,7659,121,81,52,1851.8519,288.4615,0,0,0,0,0,0
n012w8-0,n012w8,0,5,500000,100.0,adaptive,2026-07-04T12:11:50+01:00,2,3,7,10027,18,0.000000,1460,1515,1460,55,3.6304,LOCAL_BEST,0,42,3829,17102,372,122,762,-51,721.7848,0.0000,0,0,0,0,0,0
n012w8-0,n012w8,0,5,500000,100.0,adaptive,2026-07-04T12:11:50+01:00,2,5,7,10167,70,0.000000,490,505,490,15,2.9703,GLOBAL_BEST,1,42,0,14960,8407,123,140,52,1071.4286,288.4615,0,0,0,0,0,0
n012w8-0,n012w8,0,5,500000,100.0,adaptive,2026-07-04T12:11:50+01:00,2,2,7,10188,19,0.000000,1185,1215,1185,30,2.4691,LOCAL_BEST,0,42,0,16981,2878,124,21,-51,14285.7143,0.0000,0,0,0,0,0,0
n012w8-0,n012w8,0,5,500000,100.0,adaptive,2026-07-04T12:11:50+01:00,2,5,7,10236,70,0.000000,475,490,475,15,3.0612,GLOBAL_BEST,1,42,0,15052,8457,125,48,51,3125.0000,294.1176,0,0,0,0,0,0
n012w8-0,n012w8,0,5,500000,100.0,adaptive,2026-07-04T12:11:50+01:00,2,8,7,11051,110,0.000000,340,370,340,30,8.1081,LOCAL_BEST,3,42,0,15810,10224,126,815,40,368.0982,750.0000,0,0,0,0,0,0
n012w8-0,n012w8,0,5,500000,100.0,adaptive,2026-07-04T12:11:50+01:00,2,2,7,13100,23,0.000000,1175,1185,1175,10,0.8439,LOCAL_BEST,0,42,0,21627,4222,127,2049,-87,48.8043,0.0000,0,0,0,0,0,0
n012w8-0,n012w8,0,5,500000,100.0,adaptive,2026-07-04T12:11:50+01:00,2,2,7,13180,23,0.000000,1165,1175,1165,10,0.8511,LOCAL_BEST,0,42,0,21766,4256,128,80,0,1250.0000,0.0000,0,0,0,0,0,0
n012w8-0,n012w8,0,5,500000,100.0,adaptive,2026-07-04T12:11:50+01:00,2,2,7,14030,25,0.000000,1160,1165,1160,5,0.4292,LOCAL_BEST,0,42,0,23231,4710,129,850,2,58.8235,2500.0000,0,0,0,0,0,0
n012w8-0,n012w8,0,5,500000,100.0,adaptive,2026-07-04T12:11:50+01:00,2,5,7,14507,76,0.000000,445,475,445,30,6.3158,GLOBAL_BEST,1,42,0,21216,12060,130,477,51,628.9308,588.2353,0,0,0,0,0,0
n012w8-0,n012w8,0,5,500000,100.0,adaptive,2026-07-04T12:11:50+01:00,2,8,7,14510,114,0.000000,325,340,325,15,4.4118,LOCAL_BEST,3,42,0,20667,13377,131,3,38,50000.0000,394.7368,0,0,0,0,0,0
n012w8-0,n012w8,0,5,500000,100.0,adaptive,2026-07-04T12:11:50+01:00,2,2,7,15096,27,0.000000,1135,1160,1135,25,2.1552,LOCAL_BEST,0,42,0,25077,5221,132,586,-87,426.6212,0.0000,0,0,0,0,0,0
n012w8-0,n012w8,0,5,500000,100.0,adaptive,2026-07-04T12:11:50+01:00,2,2,7,16125,29,0.000000,1120,1135,1120,15,1.3216,LOCAL_BEST,0,42,0,26672,5777,133,1029,2,145.7726,7500.0000,0,0,0,0,0,0
n012w8-0,n012w8,0,5,500000,100.0,adaptive,2026-07-04T12:11:50+01:00,2,2,7,16156,29,0.000000,1075,1120,1075,45,4.0179,LOCAL_BEST,0,42,0,26715,5788,134,31,0,14516.1290,0.0000,0,0,0,0,0,0
n012w8-0,n012w8,0,5,500000,100.0,adaptive,2026-07-04T12:11:50+01:00,2,2,7,18388,32,0.000000,1060,1075,1060,15,1.3953,LOCAL_BEST,0,42,0,30349,6997,135,2232,3,67.2043,5000.0000,0,0,0,0,0,0
n012w8-0,n012w8,0,5,500000,100.0,adaptive,2026-07-04T12:11:50+01:00,2,2,7,19462,34,0.000000,1035,1060,1035,25,2.3585,LOCAL_BEST,0,42,0,31977,7571,136,1074,2,232.7747,12500.0000,0,0,0,0,0,0
n012w8-0,n012w8,0,5,500000,100.0,adaptive,2026-07-04T12:11:50+01:00,2,2,7,20302,35,0.000000,990,1035,990,45,4.3478,LOCAL_BEST,0,42,0,33221,8021,137,840,1,535.7143,45000.0000,0,0,0,0,0,0
n012w8-0,n012w8,0,5,500000,100.0,adaptive,2026-07-04T12:11:50+01:00,2,2,7,20305,35,0.000000,960,990,960,30,3.0303,LOCAL_BEST,0,42,0,33221,8023,138,3,0,100000.0000,0.0000,0,0,0,0,0,0
n012w8-0,n012w8,0,5,500000,100.0,adaptive,2026-07-04T12:11:50+01:00,2,8,7,21401,126,0.000000,285,325,285,40,12.3077,GLOBAL_BEST,3,42,0,30057,19756,139,1096,91,364.9635,439.5604,0,0,0,0,0,0
n012w8-0,n012w8,0,5,500000,100.0,adaptive,2026-07-04T12:11:50+01:00,2,8,7,22676,128,0.000000,280,285,280,5,1.7544,GLOBAL_BEST,3,42,0,31950,20907,140,1275,2,39.2157,2500.0000,0,0,0,0,0,0
n012w8-0,n012w8,0,5,500000,100.0,adaptive,2026-07-04T12:11:50+01:00,2,2,7,23132,39,0.000000,950,960,950,10,1.0417,LOCAL_BEST,0,42,0,37705,9643,141,456,-89,219.2982,0.0000,0,0,0,0,0,0
n012w8-0,n012w8,0,5,500000,100.0,adaptive,2026-07-04T12:11:50+01:00,2,2,7,23147,39,0.000000,935,950,935,15,1.5789,LOCAL_BEST,0,42,0,37729,9648,142,15,0,10000.0000,0.0000,0,0,0,0,0,0
n012w8-0,n012w8,0,5,500000,100.0,adaptive,2026-07-04T12:11:50+01:00,2,2,7,23461,40,0.000000,930,935,930,5,0.5348,LOCAL_BEST,0,42,0,38241,9846,143,314,1,159.2357,5000.0000,0,0,0,0,0,0
n012w8-0,n012w8,0,5,500000,100.0,adaptive,2026-07-04T12:11:50+01:00,2,2,7,23478,40,0.000000,920,930,920,10,1.0753,LOCAL_BEST,0,42,0,38271,9849,144,17,0,5882.3529,0.0000,0,0,0,0,0,0
n012w8-0,n012w8,0,5,500000,100.0,adaptive,2026-07-04T12:11:50+01:00,2,2,7,23850,40,0.000000,910,920,910,10,1.0870,LOCAL_BEST,0,42,0,38886,10038,145,372,0,268.8172,0.0000,0,0,0,0,0,0
n012w8-0,n012w8,0,5,500000,100.0,adaptive,2026-07-04T12:11:50+01:00,2,2,7,24972,42,0.000000,905,910,905,5,0.5495,LOCAL_BEST,0,42,0,40674,10689,146,1122,2,44.5633,2500.0000,0,0,0,0,0,0
n012w8-0,n012w8,0,5,500000,100.0,adaptive,2026-07-04T12:11:50+01:00,2,2,7,24976,42,0.000000,870,905,870,35,3.8674,LOCAL_BEST,0,42,0,40675,10689,147,4,0,87500.0000,0.0000,0,0,0,0,0,0
n012w8-0,n012w8,0,5,500000,100.0,adaptive,2026-07-04T12:11:50+01:00,2,11,7,25197,158,0.000000,275,290,275,15,5.1724,LOCAL_BEST,4,42,0,38386,23589,148,221,116,678.7330,129.3103,0,0,0,0,0,0
n012w8-0,n012w8,0,5,500000,100.0,adaptive,2026-07-04T12:11:50+01:00,2,2,7,25962,44,0.000000,865,870,865,5,0.5747,LOCAL_BEST,0,42,0,42219,11268,149,765,-114,65.3595,0.0000,0,0,0,0,0,0
n012w8-0,n012w8,0,5,500000,100.0,adaptive,2026-07-04T12:11:50+01:00,2,2,7,25963,44,0.000000,850,865,850,15,1.7341,LOCAL_BEST,0,42,0,42222,11268,150,1,0,150000.0000,0.0000,0,0,0,0,0,0
n012w8-0,n012w8,0,5,500000,100.0,adaptive,2026-07-04T12:11:50+01:00,2,2,7,26170,44,0.000000,780,850,780,70,8.2353,LOCAL_BEST,0,42,0,42488,11389,151,207,0,3381.6425,0.0000,0,0,0,0,0,0
n012w8-0,n012w8,0,5,500000,100.0,adaptive,2026-07-04T12:11:50+01:00,2,5,7,28045,95,0.000000,440,445,440,5,1.1236,LOCAL_BEST,1,42,0,40573,23897,152,1875,51,26.6667,98.0392,0,0,0,0,0,0
n012w8-0,n012w8,0,5,500000,100.0,adaptive,2026-07-04T12:11:50+01:00,2,5,7,28598,96,0.000000,410,440,410,30,6.8182,LOCAL_BEST,1,42,0,41321,24369,153,553,1,542.4955,30000.0000,0,0,0,0,0,0
n012w8-0,n012w8,0,5,500000,100.0,adaptive,2026-07-04T12:11:50+01:00,2,1,7,30952,52,42.519485,695,700,695,5,0.7143,GLOBAL_BEST,0,42,6122,48868,14173,154,2354,-44,21.2404,0.0000,0,0,0,0,0,0
n012w8-0,n012w8,0,5,500000,100.0,adaptive,2026-07-04T12:11:50+01:00,2,5,7,31234,100,0.000000,385,410,385,25,6.0976,LOCAL_BEST,1,42,0,45038,26658,155,282,48,886.5248,520.8333,0,0,0,0,0,0
n012w8-0,n012w8,0,5,500000,100.0,adaptive,2026-07-04T12:11:50+01:00,2,5,7,31267,100,0.000000,370,385,370,15,3.8961,LOCAL_BEST,1,42,0,45079,26684,156,33,0,4545.4545,0.0000,0,0,0,0,0,0
n012w8-0,n012w8,0,5,500000,100.0,adaptive,2026-07-04T12:11:50+01:00,2,2,7,33352,55,0.000000,765,780,765,15,1.9231,LOCAL_BEST,0,42,0,53625,16183,157,2085,-45,71.9424,0.0000,0,0,0,0,0,0
n012w8-0,n012w8,0,5,500000,100.0,adaptive,2026-07-04T12:11:50+01:00,2,5,7,34986,105,0.000000,365,370,365,5,1.3514,GLOBAL_BEST,1,42,0,50592,29988,158,1634,50,30.5998,100.0000,0,0,0,0,0,0
n012w8-0,n012w8,0,5,500000,100.0,adaptive,2026-07-04T12:11:50+01:00,2,3,7,36111,62,0.000000,1445,1460,1445,15,1.0274,LOCAL_BEST,0,42,13742,61785,1341,159,1125,-43,133.3333,0.0000,0,0,0,0,0,0
n012w8-0,n012w8,0,5,500000,100.0,adaptive,2026-07-04T12:11:50+01:00,2,2,7,36431,60,0.000000,755,765,755,10,1.3072,LOCAL_BEST,0,42,0,58453,18369,160,320,-2,312.5000,0.0000,0,0,0,0,0,0
n012w8-0,n012w8,0,5,500000,100.0,adaptive,2026-07-04T12:11:50+01:00,2,2,7,36701,60,0.000000,745,755,745,10,1.3245,LOCAL_BEST,0,42,0,58859,18564,161,270,0,370.3704,0.0000,0,0,0,0,0,0
n012w8-0,n012w8,0,5,500000,100.0,adaptive,2026-07-04T12:11:50+01:00,2,2,7,37435,61,0.000000,730,745,730,15,2.0134,LOCAL_BEST,0,42,0,60055,19083,162,734,1,204.3597,15000.0000,0,0,0,0,0,0
n012w8-0,n012w8,0,5,500000,100.0,adaptive,2026-07-04T12:11:50+01:00,2,2,7,37792,62,0.000000,710,730,710,20,2.7397,LOCAL_BEST,0,42,0,60538,19314,163,357,1,560.2241,20000.0000,0,0,0,0,0,0
n012w8-0,n012w8,0,5,500000,100.0,adaptive,2026-07-04T12:11:50+01:00,2,5,7,38541,110,0.000000,350,365,350,15,4.1096,LOCAL_BEST,1,42,0,55918,33201,164,749,48,200.2670,312.5000,0,0,0,0,0,0
n012w8-0,n012w8,0,5,500000,100.0,adaptive,2026-07-04T12:11:50+01:00,2,4,7,39214,113,33.841063,665,695,665,30,4.3165,LOCAL_BEST,1,42,6963,62614,19937,165,673,3,445.7652,10000.0000,0,0,0,0,0,0
n012w8-0,n012w8,0,5,500000,100.0,adaptive,2026-07-04T12:11:50+01:00,2,4,7,39217,113,33.838258,650,665,650,15,2.2556,LOCAL_BEST,1,42,6963,62618,19939,166,3,0,50000.0000,0.0000,0,0,0,0,0,0
n012w8-0,n012w8,0,5,500000,100.0,adaptive,2026-07-04T12:11:50+01:00,2,4,7,39231,113,33.825171,635,650,635,15,2.3077,LOCAL_BEST,1,42,6963,62643,19952,167,14,0,10714.2857,0.0000,0,0,0,0,0,0
n012w8-0,n012w8,0,5,500000,100.0,adaptive,2026-07-04T12:11:50+01:00,2,4,7,39304,113,33.757012,590,635,590,45,7.0866,LOCAL_BEST,1,42,6967,62744,20007,168,73,0,6164.3836,0.0000,0,0,0,0,0,0
n012w8-0,n012w8,0,5,500000,100.0,adaptive,2026-07-04T12:11:50+01:00,2,1,7,39590,65,33.491300,635,695,635,60,8.6331,LOCAL_BEST,0,42,7152,61523,19796,169,286,-48,2097.9021,0.0000,0,0,0,0,0,0
n012w8-0,n012w8,0,5,500000,100.0,adaptive,2026-07-04T12:11:50+01:00,2,1,7,40033,65,33.083847,630,635,630,5,0.7874,LOCAL_BEST,0,42,7189,62157,20118,170,443,0,112.8668,0.0000,0,0,0,0,0,0
n012w8-0,n012w8,0,5,500000,100.0,adaptive,2026-07-04T12:11:50+01:00,2,1,7,40045,66,33.072879,600,630,600,30,4.7619,LOCAL_BEST,0,42,7190,62169,20127,171,12,1,25000.0000,30000.0000,0,0,0,0,0,0
n012w8-0,n012w8,0,5,500000,100.0,adaptive,2026-07-04T12:11:50+01:00,2,2,7,40329,65,0.000000,700,710,700,10,1.4085,LOCAL_BEST,0,42,0,64268,21121,172,284,-1,352.1127,0.0000,0,0,0,0,0,0
n012w8-0,n012w8,0,5,500000,100.0,adaptive,2026-07-04T12:11:50+01:00,2,8,7,40922,158,0.000000,270,280,270,10,3.5714,GLOBAL_BEST,3,42,0,58057,37723,173,593,93,168.6341,107.5269,0,0,0,0,0,0
n012w8-0,n012w8,0,5,500000,100.0,adaptive,2026-07-04T12:11:50+01:00,2,2,7,41285,66,0.000000,690,700,690,10,1.4286,LOCAL_BEST,0,42,0,65691,21827,174,363,-92,275.4821,0.0000,0,0,0,0,0,0
n012w8-0,n012w8,0,5,500000,100.0,adaptive,2026-07-04T12:11:50+01:00,2,2,7,41527,68,0.000000,660,690,660,30,4.3478,LOCAL_BEST,0,42,0,66087,21999,175,242,2,1239.6694,15000.0000,0,0,0,0,0,0
n012w8-0,n012w8,0,5,500000,100.0,adaptive,2026-07-04T12:11:50+01:00,2,2,7,44273,72,0.000000,655,660,655,5,0.7576,LOCAL_BEST,0,42,0,70116,24106,176,2746,4,18.2083,1250.0000,0,0,0,0,0,0
n012w8-0,n012w8,0,5,500000,100.0,adaptive,2026-07-04T12:11:50+01:00,2,2,7,44276,72,0.000000,640,655,640,15,2.2901,LOCAL_BEST,0,42,0,70131,24107,177,3,0,50000.0000,0.0000,0,0,0,0,0,0
n012w8-0,n012w8,0,5,500000,100.0,adaptive,2026-07-04T12:11:50+01:00,2,1,7,45652,74,28.326179,570,600,570,30,5.0000,LOCAL_BEST,0,42,7689,70517,24195,178,1376,2,218.0233,15000.0000,0,0,0,0,0,0
n012w8-0,n012w8,0,5,500000,100.0,adaptive,2026-07-04T12:11:50+01:00,2,2,7,46373,75,0.000000,590,640,590,50,7.8125,LOCAL_BEST,0,42,0,73209,25676,179,721,1,693.4813,50000.0000,0,0,0,0,0,0
n012w8-0,n012w8,0,5,500000,100.0,adaptive,2026-07-04T12:11:50+01:00,2,4,7,46956,125,27.323731,570,590,570,20,3.3898,LOCAL_BEST,1,42,7663,74422,25434,180,583,50,343.0532,400.0000,0,0,0,0,0,0
n012w8-0,n012w8,0,5,500000,100.0,adaptive,2026-07-04T12:11:50+01:00,2,4,7,47828,127,26.673254,550,570,550,20,3.5088,LOCAL_BEST,1,42,7723,75685,26100,181,872,2,229.3578,10000.0000,0,0,0,0,0,0
n012w8-0,n012w8,0,5,500000,100.0,adaptive,2026-07-04T12:11:50+01:00,2,4,7,47845,127,26.660728,535,550,535,15,2.7273,LOCAL_BEST,1,42,7723,75705,26116,182,17,0,8823.5294,0.0000,0,0,0,0,0,0
n012w8-0,n012w8,0,5,500000,100.0,adaptive,2026-07-04T12:11:50+01:00,2,1,7,48893,79,25.899776,555,570,555,15,2.6316,LOCAL_BEST,0,42,7924,75336,26652,183,1048,-48,143.1298,0.0000,0,0,0,0,0,0
n012w8-0,n012w8,0,5,500000,100.0,adaptive,2026-07-04T12:11:50+01:00,2,1,7,48980,79,25.837590,540,555,540,15,2.7027,LOCAL_BEST,0,42,7927,75414,26724,184,87,0,1724.1379,0.0000,0,0,0,0,0,0
n012w8-0,n012w8,0,5,500000,100.0,adaptive,2026-07-04T12:11:50+01:00,2,1,7,49032,79,25.800493,530,540,530,10,1.8519,LOCAL_BEST,0,42,7932,75502,26761,185,52,0,1923.0769,0.0000,0,0,0,0,0,0
n012w8-0,n012w8,0,5,500000,100.0,adaptive,2026-07-04T12:11:50+01:00,2,4,7,49107,128,25.747081,520,535,520,15,2.8037,LOCAL_BEST,1,42,7806,77557,27082,186,75,49,2000.0000,306.1224,0,0,0,0,0,0
n012w8-0,n012w8,0,5,500000,100.0,adaptive,2026-07-04T12:11:50+01:00,2,4,7,49112,128,25.743524,490,520,490,30,5.7692,LOCAL_BEST,1,42,7807,77570,27085,187,5,0,60000.0000,0.0000,0,0,0,0,0,0
n012w8-0,n012w8,0,5,500000,100.0,adaptive,2026-07-04T12:11:50+01:00,2,4,7,49116,128,25.740679,475,490,475,15,3.0612,LOCAL_BEST,1,42,7808,77573,27087,188,4,0,37500.0000,0.0000,0,0,0,0,0,0
n012w8-0,n012w8,0,5,500000,100.0,adaptive,2026-07-04T12:11:50+01:00,2,4,7,49132,128,25.729302,460,475,460,15,3.1579,LOCAL_BEST,1,42,7808,77598,27102,189,16,0,9375.0000,0.0000,0,0,0,0,0,0
n012w8-0,n012w8,0,5,500000,100.0,adaptive,2026-07-04T12:11:50+01:00,2,4,7,49199,129,25.681714,430,460,430,30,6.5217,LOCAL_BEST,1,42,7808,77694,27165,190,67,1,4477.6119,30000.0000,0,0,0,0,0,0
n012w8-0,n012w8,0,5,500000,100.0,adaptive,2026-07-04T12:11:50+01:00,2,4,7,49241,129,25.651927,415,430,415,15,3.4884,LOCAL_BEST,1,42,7809,77748,27202,191,42,0,3571.4286,0.0000,0,0,0,0,0,0
n012w8-0,n012w8,0,5,500000,100.0,adaptive,2026-07-04T12:11:50+01:00,2,2,7,52676,84,0.000000,585,590,585,5,0.8475,LOCAL_BEST,0,42,0,82360,30686,192,3435,-45,14.5560,0.0000,0,0,0,0,0,0
n012w8-0,n012w8,0,5,500000,100.0,adaptive,2026-07-04T12:11:50+01:00,2,1,7,54411,87,22.237195,480,530,480,50,9.4340,LOCAL_BEST,0,42,8292,83506,30882,193,1735,3,288.1844,16666.6667,0,0,0,0,0,0
n012w8-0,n012w8,0,5,500000,100.0,adaptive,2026-07-04T12:11:50+01:00,2,1,7,54438,87,22.220611,450,480,450,30,6.2500,LOCAL_BEST,0,42,8293,83549,30904,194,27,0,11111.1111,0.0000,0,0,0,0,0,0
n012w8-0,n012w8,0,5,500000,100.0,adaptive,2026-07-04T12:11:50+01:00,2,2,7,54876,87,0.000000,570,585,570,15,2.5641,LOCAL_BEST,0,42,0,85695,32389,195,438,0,342.4658,0.0000,0,0,0,0,0,0
n012w8-0,n012w8,0,5,500000,100.0,adaptive,2026-07-04T12:11:50+01:00,2,1,7,57278,92,20.543574,430,450,430,20,4.4444,GLOBAL_BEST,0,42,8437,87615,33178,196,2402,5,83.2639,4000.0000,0,0,0,0,0,0
n012w8-0,n012w8,0,5,500000,100.0,adaptive,2026-07-04T12:11:50+01:00,2,2,7,58529,93,0.000000,540,570,540,30,5.2632,LOCAL_BEST,0,42,0,91381,35351,197,1251,1,239.8082,30000.0000,0,0,0,0,0,0
n012w8-0,n012w8,0,5,500000,100.0,adaptive,2026-07-04T12:11:50+01:00,2,4,7,59248,150,19.455213,405,415,405,10,2.4096,LOCAL_BEST,1,42,8382,92644,35197,198,719,57,139.0821,175.4386,0,0,0,0,0,0
n012w8-0,n012w8,0,5,500000,100.0,adaptive,2026-07-04T12:11:50+01:00,2,4,7,59312,150,19.420840,390,405,390,15,3.7037,LOCAL_BEST,1,42,8385,92750,35251,199,64,0,2343.7500,0.0000,0,0,0,0,0,0
n012w8-0,n012w8,0,5,500000,100.0,adaptive,2026-07-04T12:11:50+01:00,2,1,7,59961,96,19.075679,390,430,390,40,9.3023,LOCAL_BEST,0,42,8542,91585,35387,200,649,-54,616.3328,0.0000,0,0,0,0,0,0
n012w8-0,n012w8,0,5,500000,100.0,adaptive,2026-07-04T12:11:50+01:00,2,10,7,60762,231,18.658125,360,365,360,5,1.3699,LOCAL_BEST,4,42,8474,92914,36853,201,801,135,62.4220,37.0370,0,0,0,0,0,0
n012w8-0,n012w8,0,5,500000,100.0,adaptive,2026-07-04T12:11:50+01:00,2,7,7,61538,202,18.262322,405,430,405,25,5.8140,LOCAL_BEST,2,42,8488,94359,37167,202,776,-29,322.1649,0.0000,0,0,0,0,0,0
n012w8-0,n012w8,0,5,500000,100.0,adaptive,2026-07-04T12:11:50+01:00,2,4,7,61655,154,18.203379,375,390,375,15,3.8462,LOCAL_BEST,1,42,8488,96316,37218,203,117,-48,1282.0513,0.0000,0,0,0,0,0,0
n012w8-0,n012w8,0,5,500000,100.0,adaptive,2026-07-04T12:11:50+01:00,2,4,7,61661,154,18.200361,360,375,360,15,4.0000,LOCAL_BEST,1,42,8488,96323,37223,204,6,0,25000.0000,0.0000,0,0,0,0,0,0
n012w8-0,n012w8,0,5,500000,100.0,adaptive,2026-07-04T12:11:50+01:00,2,7,7,63579,208,17.260922,370,405,370,35,8.6420,LOCAL_BEST,2,42,8540,97315,39003,205,1918,54,182.4818,648.1481,0,0,0,0,0,0
n012w8-0,n012w8,0,5,500000,100.0,adaptive,2026-07-04T12:11:50+01:00,2,2,7,64385,103,0.000000,535,540,535,5,0.9259,LOCAL_BEST,0,42,0,100431,40250,206,806,-105,62.0347,0.0000,0,0,0,0,0,0
n012w8-0,n012w8,0,5,500000,100.0,adaptive,2026-07-04T12:11:50+01:00,2,2,7,64408,103,0.000000,520,535,520,15,2.8037,LOCAL_BEST,0,42,0,100468,40266,207,23,0,6521.7391,0.0000,0,0,0,0,0,0
n012w8-0,n012w8,0,5,500000,100.0,adaptive,2026-07-04T12:11:50+01:00,2,10,7,64415,240,16.866773,355,360,355,5,1.3889,LOCAL_BEST,4,42,8606,98229,40005,208,7,137,7142.8571,36.4964,0,0,0,0,0,0
n012w8-0,n012w8,0,5,500000,100.0,adaptive,2026-07-04T12:11:50+01:00,2,2,7,66039,106,0.000000,495,520,495,25,4.8077,LOCAL_BEST,0,42,0,102892,41606,209,1624,-134,153.9409,0.0000,0,0,0,0,0,0
n012w8-0,n012w8,0,5,500000,100.0,adaptive,2026-07-04T12:11:50+01:00,2,3,7,66519,112,0.000000,1325,1445,1325,120,8.3045,LOCAL_BEST,0,42,25358,113736,2524,210,480,6,2500.0000,20000.0000,0,0,0,0,0,0
n012w8-0,n012w8,0,5,500000,100.0,adaptive,2026-07-04T12:11:50+01:00,2,3,7,66520,112,0.000000,1280,1325,1280,45,3.3962,LOCAL_BEST,0,42,25358,113738,2524,211,1,0,450000.0000,0.0000,0,0,0,0,0,0
n012w8-0,n012w8,0,5,500000,100.0,adaptive,2026-07-04T12:11:50+01:00,2,2,7,68341,109,0.000000,490,495,490,5,1.0101,LOCAL_BEST,0,42,0,106436,43518,212,1821,-3,27.4574,0.0000,0,0,0,0,0,0
n012w8-0,n012w8,0,5,500000,100.0,adaptive,2026-07-04T12:11:50+01:00,2,1,7,70723,111,14.168896,375,390,375,15,3.8462,LOCAL_BEST,0,42,8923,107507,44680,213,2382,2,62.9723,7500.0000,0,0,0,0,0,0
n012w8-0,n012w8,0,5,500000,100.0,adaptive,2026-07-04T12:11:50+01:00,2,1,7,70727,111,14.167330,360,375,360,15,4.0000,LOCAL_BEST,0,42,8923,107510,44683,214,4,0,37500.0000,0.0000,0,0,0,0,0,0
n012w8-0,n012w8,0,5,500000,100.0,adaptive,2026-07-04T12:11:50+01:00,2,4,7,70862,171,14.114581,355,360,355,5,1.3889,LOCAL_BEST,1,42,8785,110013,45156,215,135,60,370.3704,83.3333,0,0,0,0,0,0
n012w8-0,n012w8,0,5,500000,100.0,adaptive,2026-07-04T12:11:50+01:00,2,7,7,70933,222,14.086918,360,370,360,10,2.7027,LOCAL_BEST,2,42,8744,107642,45507,216,71,51,1408.4507,196.0784,0,0,0,0,0,0
n012w8-0,n012w8,0,5,500000,100.0,adaptive,2026-07-04T12:11:50+01:00,2,7,7,70945,222,14.082248,345,360,345,15,4.1667,LOCAL_BEST,2,42,8744,107655,45515,217,12,0,12500.0000,0.0000,0,0,0,0,0,0
n012w8-0,n012w8,0,5,500000,100.0,adaptive,2026-07-04T12:11:50+01:00,2,10,7,71108,252,14.018967,350,355,350,5,1.4085,LOCAL_BEST,4,42,8822,108060,45827,218,163,30,306.7485,166.6667,0,0,0,0,0,0
n012w8-0,n012w8,0,5,500000,100.0,adaptive,2026-07-04T12:11:50+01:00,2,4,7,72959,173,13.319993,340,355,340,15,4.2254,LOCAL_BEST,1,42,8843,112835,46981,219,1851,-79,81.0373,0.0000,0,0,0,0,0,0
n012w8-0,n012w8,0,5,500000,100.0,adaptive,2026-07-04T12:11:50+01:00,2,4,7,73113,173,13.263435,325,340,325,15,4.4118,LOCAL_BEST,1,42,8845,113039,47120,220,154,0,974.0260,0.0000,0,0,0,0,0,0
n012w8-0,n012w8,0,5,500000,100.0,adaptive,2026-07-04T12:11:50+01:00,2,2,7,74228,117,0.000000,480,490,480,10,2.0408,LOCAL_BEST,0,42,0,114992,48534,221,1115,-56,89.6861,0.0000,0,0,0,0,0,0
n012w8-0,n012w8,0,5,500000,100.0,adaptive,2026-07-04T12:11:50+01:00,2,10,7,75038,257,12.576390,335,350,335,15,4.2857,LOCAL_BEST,4,42,8905,113724,49354,222,810,140,185.1852,107.1429,0,0,0,0,0,0
n012w8-0,n012w8,0,5,500000,100.0,adaptive,2026-07-04T12:11:50+01:00,2,2,7,75761,120,0.000000,465,480,465,15,3.1250,LOCAL_BEST,0,42,0,117013,49803,223,723,-137,207.4689,0.0000,0,0,0,0,0,0
n012w8-0,n012w8,0,5,500000,100.0,adaptive,2026-07-04T12:11:50+01:00,2,4,7,75925,178,12.271905,310,325,310,15,4.6154,LOCAL_BEST,1,42,8899,117125,49646,224,164,58,914.6341,258.6207,0,0,0,0,0,0
n012w8-0,n012w8,0,5,500000,100.0,adaptive,2026-07-04T12:11:50+01:00,2,10,7,77489,261,11.752872,330,335,330,5,1.4925,LOCAL_BEST,4,42,8944,117079,51596,225,1564,83,31.9693,60.2410,0,0,0,0,0,0
n012w8-0,n012w8,0,5,500000,100.0,adaptive,2026-07-04T12:11:50+01:00,2,10,7,78116,261,11.551011,315,330,315,15,4.5455,LOCAL_BEST,4,42,8956,117919,52171,226,627,0,239.2344,0.0000,0,0,0,0,0,0
n012w8-0,n012w8,0,5,500000,100.0,adaptive,2026-07-04T12:11:50+01:00,2,2,7,78465,124,0.000000,460,465,460,5,1.0753,LOCAL_BEST,0,42,0,121012,52100,227,349,-137,143.2665,0.0000,0,0,0,0,0,0
n012w8-0,n012w8,0,5,500000,100.0,adaptive,2026-07-04T12:11:50+01:00,2,2,7,80786,127,0.000000,450,460,450,10,2.1739,LOCAL_BEST,0,42,0,124463,54065,228,2321,3,43.0849,3333.3333,0,0,0,0,0,0
n012w8-0,n012w8,0,5,500000,100.0,adaptive,2026-07-04T12:11:50+01:00,2,2,7,81898,129,0.000000,440,450,440,10,2.2222,LOCAL_BEST,0,42,0,126114,54987,229,1112,2,89.9281,5000.0000,0,0,0,0,0,0
n012w8-0,n012w8,0,5,500000,100.0,adaptive,2026-07-04T12:11:50+01:00,2,10,7,82817,271,10.143971,305,315,305,10,3.1746,LOCAL_BEST,4,42,9029,124098,56484,230,919,142,108.8139,70.4225,0,0,0,0,0,0
n012w8-0,n012w8,0,5,500000,100.0,adaptive,2026-07-04T12:11:50+01:00,2,1,7,82843,129,10.136686,345,360,345,15,4.1667,LOCAL_BEST,0,42,9129,124628,55707,231,26,-142,5769.2308,0.0000,0,0,0,0,0,0
n012w8-0,n012w8,0,5,500000,100.0,adaptive,2026-07-04T12:11:50+01:00,2,2,7,84393,132,0.000000,435,440,435,5,1.1364,LOCAL_BEST,0,42,0,129620,57140,232,1550,3,32.2581,1666.6667,0,0,0,0,0,0
n012w8-0,n012w8,0,5,500000,100.0,adaptive,2026-07-04T12:11:50+01:00,2,2,7,84874,133,0.000000,425,435,425,10,2.2989,LOCAL_BEST,0,42,0,130326,57544,233,481,1,207.9002,10000.0000,0,0,0,0,0,0
n012w8-0,n012w8,0,5,500000,100.0,adaptive,2026-07-04T12:11:50+01:00,2,2,7,84878,133,0.000000,410,425,410,15,3.5294,LOCAL_BEST,0,42,0,130329,57547,234,4,0,37500.0000,0.0000,0,0,0,0,0,0
n012w8-0,n012w8,0,5,500000,100.0,adaptive,2026-07-04T12:11:50+01:00,2,2,7,87031,136,0.000000,385,410,385,25,6.0976,LOCAL_BEST,0,42,0,133151,59400,235,2153,3,116.1170,8333.3333,0,0,0,0,0,0
n012w8-0,n012w8,0,5,500000,100.0,adaptive,2026-07-04T12:11:50+01:00,2,7,7,88218,246,8.737677,335,345,335,10,2.8986,LOCAL_BEST,2,42,9048,133056,61224,236,1187,110,84.2460,90.9091,0,0,0,0,0,0
n012w8-0,n012w8,0,5,500000,100.0,adaptive,2026-07-04T12:11:50+01:00,2,10,7,88399,283,8.694087,300,305,300,5,1.6393,LOCAL_BEST,4,42,9096,131491,61683,237,181,37,276.2431,135.1351,0,0,0,0,0,0
n012w8-0,n012w8,0,5,500000,100.0,adaptive,2026-07-04T12:11:50+01:00,2,10,7,88449,283,8.682084,285,300,285,15,5.0000,LOCAL_BEST,4,42,9096,131578,61729,238,50,0,3000.0000,0.0000,0,0,0,0,0,0
n012w8-0,n012w8,0,5,500000,100.0,adaptive,2026-07-04T12:11:50+01:00,2,10,7,88574,283,8.652149,270,285,270,15,5.2632,LOCAL_BEST,4,42,9097,131705,61848,239,125,0,1200.0000,0.0000,0,0,0,0,0,0
n012w8-0,n012w8,0,5,500000,100.0,adaptive,2026-07-04T12:11:50+01:00,2,1,7,89723,145,8.381775,320,345,320,25,7.2464,LOCAL_BEST,0,42,9205,134033,62160,240,1149,-138,217.5805,0.0000,0,0,0,0,0,0
n012w8-0,n012w8,0,5,500000,100.0,adaptive,2026-07-04T12:11:50+01:00,2,10,7,90255,288,8.259467,255,270,255,15,5.5556,LOCAL_BEST,4,42,9112,134052,63402,241,532,143,281.9549,104.8951,0,0,0,0,0,0
n012w8-0,n012w8,0,5,500000,100.0,adaptive,2026-07-04T12:11:50+01:00,2,1,7,90262,146,8.257869,305,320,305,15,4.6875,LOCAL_BEST,0,42,9209,134745,62664,242,7,-142,21428.5714,0.0000,0,0,0,0,0,0
n012w8-0,n012w8,0,5,500000,100.0,adaptive,2026-07-04T12:11:50+01:00,2,10,7,90316,288,8.245557,240,255,240,15,5.8824,LOCAL_BEST,4,42,9112,134142,63457,243,54,142,2777.7778,105.6338,0,0,0,0,0,0
n012w8-0,n012w8,0,5,500000,100.0,adaptive,2026-07-04T12:11:50+01:00,2,1,7,90500,147,8.203742,290,305,290,15,4.9180,LOCAL_BEST,0,42,9209,135075,62894,244,184,-141,815.2174,0.0000,0,0,0,0,0,0
n012w8-0,n012w8,0,5,500000,100.0,adaptive,2026-07-04T12:11:50+01:00,2,2,7,91742,143,0.000000,360,385,360,25,6.4935,LOCAL_BEST,0,42,0,139902,63550,245,1242,-4,201.2882,0.0000,0,0,0,0,0,0
n012w8-0,n012w8,0,5,500000,100.0,adaptive,2026-07-04T12:11:50+01:00,2,10,7,94306,297,7.384821,230,240,230,10,4.1667,GLOBAL_BEST,4,42,9138,139482,67236,246,2564,154,39.0016,64.9351,0,0,0,0,0,0
n012w8-0,n012w8,0,5,500000,100.0,adaptive,2026-07-04T12:11:50+01:00,2,1,7,101365,165,6.076199,275,290,275,15,5.1724,LOCAL_BEST,0,42,9274,150164,73157,247,7059,-132,21.2495,0.0000,0,0,0,0,0,0
n012w8-0,n012w8,0,5,500000,100.0,adaptive,2026-07-04T12:11:50+01:00,2,5,7,105145,226,0.000000,335,350,335,15,4.2857,LOCAL_BEST,1,42,0,150961,94270,248,3780,61,39.6825,245.9016,0,0,0,0,0,0
n012w8-0,n012w8,0,5,500000,100.0,adaptive,2026-07-04T12:11:50+01:00,2,2,7,108068,169,0.000000,325,360,325,35,9.7222,LOCAL_BEST,0,42,0,163673,78029,249,2923,-57,119.7400,0.0000,0,0,0,0,0,0
n012w8-0,n012w8,0,5,500000,100.0,adaptive,2026-07-04T12:11:50+01:00,2,5,7,113079,238,0.000000,310,335,310,25,7.4627,LOCAL_BEST,1,42,0,162897,101442,250,5011,69,49.8902,362.3188,0,0,0,0,0,0
n012w8-0,n012w8,0,5,500000,100.0,adaptive,2026-07-04T12:11:50+01:00,2,5,7,119982,254,0.000000,305,310,305,5,1.6129,LOCAL_BEST,1,42,0,173132,107831,251,6903,16,7.2432,312.5000,0,0,0,0,0,0
n012w8-0,n012w8,0,5,500000,100.0,adaptive,2026-07-04T12:11:50+01:00,2,5,7,124549,264,0.000000,300,305,300,5,1.6393,LOCAL_BEST,1,42,0,179423,112022,252,4567,10,10.9481,500.0000,0,0,0,0,0,0
n012w8-0,n012w8,0,5,500000,100.0,adaptive,2026-07-04T12:11:50+01:00,2,5,7,125322,265,0.000000,290,300,290,10,3.3333,LOCAL_BEST,1,42,0,180393,112743,253,773,1,129.3661,10000.0000,0,0,0,0,0,0
n012w8-0,n012w8,0,5,500000,100.0,adaptive,2026-07-04T12:11:50+01:00,2,5,7,125372,267,0.000000,260,290,260,30,10.3448,GLOBAL_BEST,1,42,0,180458,112788,254,50,2,6000.0000,15000.0000,0,0,0,0,0,0
n012w8-0,n012w8,0,5,500000,100.0,adaptive,2026-07-04T12:11:50+01:00,2,2,7,131545,214,0.000000,315,325,315,10,3.0769,LOCAL_BEST,0,42,0,199164,99649,255,6173,-53,16.1996,0.0000,0,0,0,0,0,0
n012w8-0,n012w8,0,5,500000,100.0,adaptive,2026-07-04T12:11:50+01:00,2,2,7,134951,219,0.000000,300,315,300,15,4.7619,LOCAL_BEST,0,42,0,204113,102806,256,3406,5,44.0399,3000.0000,0,0,0,0,0,0
n012w8-0,n012w8,0,5,500000,100.0,adaptive,2026-07-04T12:11:50+01:00,2,10,7,144306,411,1.854932,245,230,230,0,0.0000,REHEAT,4,42,9247,209422,115726,257,9355,192,0.0000,0.0000,0,0,0,0,0,0
n012w8-0,n012w8,0,5,500000,100.0,adaptive,2026-07-04T12:11:50+01:00,2,1,7,151365,260,1.526230,280,275,275,0,0.0000,REHEAT,0,42,9322,219533,121268,258,7059,-151,0.0000,0.0000,0,0,0,0,0,0
n012w8-0,n012w8,0,5,500000,100.0,adaptive,2026-07-04T12:11:50+01:00,2,2,7,154836,247,0.000000,285,300,285,15,5.0000,LOCAL_BEST,0,42,0,233435,121287,259,3471,-13,43.2152,0.0000,0,0,0,0,0,0
n012w8-0,n012w8,0,5,500000,100.0,adaptive,2026-07-04T12:11:50+01:00,2,3,7,156851,295,0.000000,1270,1280,1270,10,0.7812,LOCAL_BEST,0,42,59841,268269,6001,260,2015,48,49.6278,208.3333,0,0,0,0,0,0
n012w8-0,n012w8,0,5,500000,100.0,adaptive,2026-07-04T12:11:50+01:00,2,3,7,156857,295,0.000000,1160,1270,1160,110,8.6614,LOCAL_BEST,0,42,59844,268279,6003,261,6,0,183333.3333,0.0000,0,0,0,0,0,0
n012w8-0,n012w8,0,5,500000,100.0,adaptive,2026-07-04T12:11:50+01:00,2,2,7,168313,277,0.000000,275,285,275,10,3.5088,LOCAL_BEST,0,42,0,253109,133924,262,11456,-18,8.7291,0.0000,0,0,0,0,0,0
n012w8-0,n012w8,0,5,500000,100.0,adaptive,2026-07-04T12:11:50+01:00,2,2,7,169578,279,0.000000,255,275,255,20,7.2727,GLOBAL_BEST,0,42,0,254846,135105,263,1265,2,158.1028,10000.0000,0,0,0,0,0,0
n012w8-0,n012w8,0,5,500000,100.0,adaptive,2026-07-04T12:11:50+01:00,2,2,7,172020,285,0.000000,240,255,240,15,5.8824,LOCAL_BEST,0,42,0,258092,137399,264,2442,6,61.4251,2500.0000,0,0,0,0,0,0
n012w8-0,n012w8,0,5,500000,100.0,adaptive,2026-07-04T12:11:50+01:00,2,10,7,194306,526,25.118864,675,230,230,0,0.0000,REHEAT,4,42,17211,287313,143342,265,22286,241,0.0000,0.0000,0,0,0,0,0,0
n012w8-0,n012w8,0,5,500000,100.0,adaptive,2026-07-04T12:11:50+01:00,2,1,7,201365,372,25.118864,660,275,275,0,0.0000,REHEAT,0,42,17229,297622,148947,266,7059,-154,0.0000,0.0000,0,0,0,0,0,0
n012w8-0,n012w8,0,5,500000,100.0,adaptive,2026-07-04T12:11:50+01:00,2,10,7,244306,640,25.118864,665,230,230,0,0.0000,REHEAT,4,42,24967,365074,171236,267,42941,268,0.0000,0.0000,0,0,0,0,0,0
n012w8-0,n012w8,0,5,500000,100.0,adaptive,2026-07-04T12:11:50+01:00,2,1,7,251365,501,25.118864,690,275,275,0,0.0000,REHEAT,0,42,25261,374890,176481,268,7059,-139,0.0000,0.0000,0,0,0,0,0,0
n012w8-0,n012w8,0,5,500000,100.0,adaptive,2026-07-04T12:11:50+01:00,2,10,7,294306,758,25.118864,740,230,230,0,0.0000,REHEAT,4,42,32819,441892,199064,269,42941,257,0.0000,0.0000,0,0,0,0,0,0
n012w8-0,n012w8,0,5,500000,100.0,adaptive,2026-07-04T12:11:50+01:00,2,1,7,301365,627,25.118864,575,275,275,0,0.0000,REHEAT,0,42,33200,452458,204313,270,7059,-131,0.0000,0.0000,0,0,0,0,0,0
n012w8-0,n012w8,0,5,500000,100.0,adaptive,2026-07-04T12:11:50+01:00,2,10,7,344306,879,25.118864,790,230,230,0,0.0000,REHEAT,4,42,40718,520329,226720,271,42941,252,0.0000,0.0000,0,0,0,0,0,0
n012w8-0,n012w8,0,5,500000,100.0,adaptive,2026-07-04T12:11:50+01:00,2,1,7,351365,749,25.118864,915,275,275,0,0.0000,REHEAT,0,42,41177,531231,231998,272,7059,-130,0.0000,0.0000,0,0,0,0,0,0
n012w8-0,n012w8,0,5,500000,100.0,adaptive,2026-07-04T12:11:50+01:00,2,10,7,394306,994,25.118864,565,230,230,0,0.0000,REHEAT,4,42,48546,597666,254435,273,42941,245,0.0000,0.0000,0,0,0,0,0,0
n012w8-0,n012w8,0,5,500000,100.0,adaptive,2026-07-04T12:11:50+01:00,2,1,7,401365,876,25.118864,655,275,275,0,0.0000,REHEAT,0,42,49116,608845,259635,274,7059,-118,0.0000,0.0000,0,0,0,0,0,0
n012w8-0,n012w8,0,5,500000,100.0,adaptive,2026-07-04T12:11:50+01:00,2,10,7,444306,1095,25.118864,725,230,230,0,0.0000,REHEAT,4,42,56354,675607,282227,275,42941,219,0.0000,0.0000,0,0,0,0,0,0
n012w8-0,n012w8,0,5,500000,100.0,adaptive,2026-07-04T12:11:50+01:00,2,1,7,451365,991,25.118864,785,275,275,0,0.0000,REHEAT,0,42,57024,686743,287309,276,7059,-104,0.0000,0.0000,0,0,0,0,0,0
n012w8-0,n012w8,0,5,500000,100.0,adaptive,2026-07-04T12:11:50+01:00,2,10,7,494306,1219,25.118864,790,230,230,0,0.0000,REHEAT,4,42,64181,752824,310081,277,42941,228,0.0000,0.0000,0,0,0,0,0,0
n012w8-0,n012w8,0,5,500000,100.0,adaptive,2026-07-04T12:11:50+01:00,3,2,13,1,1,0.000000,4370,4400,4370,30,0.6818,LOCAL_BEST,0,42,0,0,0,1,1,1,300000.0000,30000.0000,0,0,0,0,0,0
n012w8-0,n012w8,0,5,500000,100.0,adaptive,2026-07-04T12:11:50+01:00,3,3,13,1,1,0.000000,4340,4400,4340,60,1.3636,GLOBAL_BEST,0,42,0,2,0,2,0,0,0.0000,0.0000,0,0,0,0,0,0
n012w8-0,n012w8,0,5,500000,100.0,adaptive,2026-07-04T12:11:50+01:00,3,1,13,2,1,99.997237,4235,4400,4235,165,3.7500,GLOBAL_BEST,0,42,0,10,0,3,1,0,1650000.0000,0.0000,0,0,0,0,0,0
n012w8-0,n012w8,0,5,500000,100.0,adaptive,2026-07-04T12:11:50+01:00,3,3,13,2,1,0.000000,3980,4340,3980,360,8.2949,GLOBAL_BEST,0,42,0,2,0,4,0,0,0.0000,0.0000,0,0,0,0,0,0
n012w8-0,n012w8,0,5,500000,100.0,adaptive,2026-07-04T12:11:50+01:00,3,2,13,2,1,0.000000,4070,4370,4070,300,6.8650,LOCAL_BEST,0,42,0,0,0,5,0,0,0.0000,0.0000,0,0,0,0,0,0
n012w8-0,n012w8,0,5,500000,100.0,adaptive,2026-07-04T12:11:50+01:00,3,1,13,3,1,99.994474,4115,4235,4115,120,2.8335,LOCAL_BEST,0,42,0,17,0,6,1,0,1200000.0000,0.0000,0,0,0,0,0,0
n012w8-0,n012w8,0,5,500000,100.0,adaptive,2026-07-04T12:11:50+01:00,3,3,13,3,1,0.000000,3970,3980,3970,10,0.2513,GLOBAL_BEST,0,42,0,2,0,7,0,0,0.0000,0.0000,0,0,0,0,0,0
n012w8-0,n012w8,0,5,500000,100.0,adaptive,2026-07-04T12:11:50+01:00,3,2,13,4,1,0.000000,4060,4070,4060,10,0.2457,LOCAL_BEST,0,42,0,4,0,8,1,0,100000.0000,0.0000,0,0,0,0,0,0
n012w8-0,n012w8,0,5,500000,100.0,adaptive,2026-07-04T12:11:50+01:00,3,3,13,4,1,0.000000,3910,3970,3910,60,1.5113,GLOBAL_BEST,0,42,0,5,0,9,0,0,0.0000,0.0000,0,0,0,0,0,0
n012w8-0,n012w8,0,5,500000,100.0,adaptive,2026-07-04T12:11:50+01:00,3,1,13,5,1,99.988948,4075,4115,4075,40,0.9721,LOCAL_BEST,0,42,0,18,0,10,1,0,400000.0000,0.0000,0,0,0,0,0,0
n012w8-0,n012w8,0,5,500000,100.0,adaptive,2026-07-04T12:11:50+01:00,3,2,13,5,1,0.000000,3985,4060,3985,75,1.8473,LOCAL_BEST,0,42,0,9,0,11,0,0,0.0000,0.0000,0,0,0,0,0,0
n012w8-0,n012w8,0,5,500000,100.0,adaptive,2026-07-04T12:11:50+01:00,3,1,13,6,1,99.986185,3880,4075,3880,195,4.7853,GLOBAL_BEST,0,42,0,18,0,12,1,0,1950000.0000,0.0000,0,0,0,0,0,0
n012w8-0,n012w8,0,5,500000,100.0,adaptive,2026-07-04T12:11:50+01:00,3,3,13,6,1,0.000000,3740,3910,3740,170,4.3478,GLOBAL_BEST,0,42,1,13,0,13,0,0,0.0000,0.0000,0,0,0,0,0,0
n012w8-0,n012w8,0,5,500000,100.0,adaptive,2026-07-04T12:11:50+01:00,3,2,13,7,1,0.000000,3655,3985,3655,330,8.2811,GLOBAL_BEST,0,42,0,9,0,14,1,0,3300000.0000,0.0000,0,0,0,0,0,0
n012w8-0,n012w8,0,5,500000,100.0,adaptive,2026-07-04T12:11:50+01:00,3,1,13,7,1,99.983423,3560,3880,3560,320,8.2474,GLOBAL_BEST,0,42,0,23,0,15,0,0,0.0000,0.0000,0,0,0,0,0,0
n012w8-0,n012w8,0,5,500000,100.0,adaptive,2026-07-04T12:11:50+01:00,3,2,13,8,1,0.000000,3475,3655,3475,180,4.9248,GLOBAL_BEST,0,42,0,11,0,16,1,0,1800000.0000,0.0000,0,0,0,0,0,0
n012w8-0,n012w8,0,5,500000,100.0,adaptive,2026-07-04T12:11:50+01:00,3,3,13,8,1,0.000000,3620,3740,3620,120,3.2086,LOCAL_BEST,0,42,2,23,0,17,0,0,0.0000,0.0000,0,0,0,0,0,0
n012w8-0,n012w8,0,5,500000,100.0,adaptive,2026-07-04T12:11:50+01:00,3,1,13,9,1,99.977898,3395,3560,3395,165,4.6348,GLOBAL_BEST,0,42,0,27,0,18,1,0,1650000.0000,0.0000,0,0,0,0,0,0
n012w8-0,n012w8,0,5,500000,100.0,adaptive,2026-07-04T12:11:50+01:00,3,2,13,9,1,0.000000,3415,3475,3415,60,1.7266,LOCAL_BEST,0,42,0,18,0,19,0,0,0.0000,0.0000,0,0,0,0,0,0
n012w8-0,n012w8,0,5,500000,100.0,adaptive,2026-07-04T12:11:50+01:00,3,3,13,9,1,0.000000,3605,3620,3605,15,0.4144,LOCAL_BEST,0,42,2,24,0,20,0,0,0.0000,0.0000,0,0,0,0,0,0
n012w8-0,n012w8,0,5,500000,100.0,adaptive,2026-07-04T12:11:50+01:00,3,3,13,10,1,0.000000,3365,3605,3365,240,6.6574,LOCAL_BEST,0,42,2,24,0,21,1,0,2400000.0000,0.0000,0,0,0,0,0,0
n012w8-0,n012w8,0,5,500000,100.0,adaptive,2026-07-04T12:11:50+01:00,3,1,13,10,1,99.975135,3320,3395,3320,75,2.2091,GLOBAL_BEST,0,42,0,31,0,22,0,0,0.0000,0.0000,0,0,0,0,0,0
n012w8-0,n012w8,0,5,500000,100.0,adaptive,2026-07-04T12:11:50+01:00,3,1,13,11,1,99.972373,3290,3320,3290,30,0.9036,GLOBAL_BEST,0,42,0,31,0,23,1,0,300000.0000,0.0000,0,0,0,0,0,0
n012w8-0,n012w8,0,5,500000,100.0,adaptive,2026-07-04T12:11:50+01:00,3,5,13,12,60,0.000000,780,810,780,30,3.7037,LOCAL_BEST,1,42,0,18,9,24,1,59,300000.0000,508.4746,0,0,0,0,0,0
n012w8-0,n012w8,0,5,500000,100.0,adaptive,2026-07-04T12:11:50+01:00,3,3,13,13,1,0.000000,3350,3365,3350,15,0.4458,LOCAL_BEST,0,42,3,25,0,25,1,-59,150000.0000,0.0000,0,0,0,0,0,0
n012w8-0,n012w8,0,5,500000,100.0,adaptive,2026-07-04T12:11:50+01:00,3,2,13,14,1,0.000000,3295,3415,3295,120,3.5139,LOCAL_BEST,0,42,0,31,0,26,1,0,1200000.0000,0.0000,0,0,0,0,0,0
n012w8-0,n012w8,0,5,500000,100.0,adaptive,2026-07-04T12:11:50+01:00,3,3,13,15,1,0.000000,3125,3350,3125,225,6.7164,GLOBAL_BEST,0,42,3,42,0,27,1,0,2250000.0000,0.0000,0,0,0,0,0,0
n012w8-0,n012w8,0,5,500000,100.0,adaptive,2026-07-04T12:11:50+01:00,3,2,13,16,1,0.000000,3265,3295,3265,30,0.9105,GLOBAL_BEST,0,42,0,38,0,28,1,0,300000.0000,0.0000,0,0,0,0,0,0
n012w8-0,n012w8,0,5,500000,100.0,adaptive,2026-07-04T12:11:50+01:00,3,1,13,17,1,99.955800,3140,3290,3140,150,4.5593,LOCAL_BEST,0,42,0,38,0,29,1,0,1500000.0000,0.0000,0,0,0,0,0,0
n012w8-0,n012w8,0,5,500000,100.0,adaptive,2026-07-04T12:11:50+01:00,3,3,13,17,1,0.000000,3095,3125,3095,30,0.9600,GLOBAL_BEST,0,42,4,50,0,30,0,0,0.0000,0.0000,0,0,0,0,0,0
n012w8-0,n012w8,0,5,500000,100.0,adaptive,2026-07-04T12:11:50+01:00,3,2,13,18,1,0.000000,3145,3265,3145,120,3.6753,LOCAL_BEST,0,42,0,40,0,31,1,0,1200000.0000,0.0000,0,0,0,0,0,0
n012w8-0,n012w8,0,5,500000,100.0,adaptive,2026-07-04T12:11:50+01:00,3,3,13,18,1,0.000000,2900,3095,2900,195,6.3005,GLOBAL_BEST,0,42,4,50,0,32,0,0,0.0000,0.0000,0,0,0,0,0,0
n012w8-0,n012w8,0,5,500000,100.0,adaptive,2026-07-04T12:11:50+01:00,3,2,13,19,1,0.000000,3130,3145,3130,15,0.4769,LOCAL_BEST,0,42,0,50,0,33,1,0,150000.0000,0.0000,0,0,0,0,0,0
n012w8-0,n012w8,0,5,500000,100.0,adaptive,2026-07-04T12:11:50+01:00,3,1,13,19,1,99.950277,3110,3140,3110,30,0.9554,LOCAL_BEST,0,42,0,40,0,34,0,0,0.0000,0.0000,0,0,0,0,0,0
n012w8-0,n012w8,0,5,500000,100.0,adaptive,2026-07-04T12:11:50+01:00,3,3,13,19,1,0.000000,2870,2900,2870,30,1.0345,GLOBAL_BEST,0,42,4,54,0,35,0,0,0.0000,0.0000,0,0,0,0,0,0
n012w8-0,n012w8,0,5,500000,100.0,adaptive,2026-07-04T12:11:50+01:00,3,1,13,20,1,99.947515,3050,3110,3050,60,1.9293,LOCAL_BEST,0,42,0,41,0,36,1,0,600000.0000,0.0000,0,0,0,0,0,0
n012w8-0,n012w8,0,5,500000,100.0,adaptive,2026-07-04T12:11:50+01:00,3,2,13,21,1,0.000000,3100,3130,3100,30,0.9585,LOCAL_BEST,0,42,0,50,0,37,1,0,300000.0000,0.0000,0,0,0,0,0,0
n012w8-0,n012w8,0,5,500000,100.0,adaptive,2026-07-04T12:11:50+01:00,3,1,13,21,1,99.944753,3020,3050,3020,30,0.9836,LOCAL_BEST,0,42,0,41,0,38,0,0,0.0000,0.0000,0,0,0,0,0,0
n012w8-0,n012w8,0,5,500000,100.0,adaptive,2026-07-04T12:11:50+01:00,3,2,13,22,1,0.000000,3025,3100,3025,75,2.4194,LOCAL_BEST,0,42,0,50,0,39,1,0,750000.0000,0.0000,0,0,0,0,0,0
n012w8-0,n012w8,0,5,500000,100.0,adaptive,2026-07-04T12:11:50+01:00,3,1,13,22,1,99.941992,2960,3020,2960,60,1.9868,LOCAL_BEST,0,42,0,41,0,40,0,0,0.0000,0.0000,0,0,0,0,0,0
n012w8-0,n012w8,0,5,500000,100.0,adaptive,2026-07-04T12:11:50+01:00,3,1,13,23,1,99.939230,2750,2960,2750,210,7.0946,GLOBAL_BEST,0,42,0,43,0,41,1,0,2100000.0000,0.0000,0,0,0,0,0,0
n012w8-0,n012w8,0,5,500000,100.0,adaptive,2026-07-04T12:11:50+01:00,3,5,13,23,60,0.000000,765,780,765,15,1.9231,GLOBAL_BEST,1,42,0,26,18,42,0,59,0.0000,254.2373,0,0,0,0,0,0
n012w8-0,n012w8,0,5,500000,100.0,adaptive,2026-07-04T12:11:50+01:00,3,2,13,24,1,0.000000,2980,3025,2980,45,1.4876,LOCAL_BEST,0,42,0,50,0,43,1,-59,450000.0000,0.0000,0,0,0,0,0,0
n012w8-0,n012w8,0,5,500000,100.0,adaptive,2026-07-04T12:11:50+01:00,3,1,13,24,1,99.936469,2555,2750,2555,195,7.0909,GLOBAL_BEST,0,42,0,44,0,44,0,0,0.0000,0.0000,0,0,0,0,0,0
n012w8-0,n012w8,0,5,500000,100.0,adaptive,2026-07-04T12:11:50+01:00,3,3,13,25,1,0.000000,2840,2870,2840,30,1.0453,LOCAL_BEST,0,42,6,64,0,45,1,0,300000.0000,0.0000,0,0,0,0,0,0
n012w8-0,n012w8,0,5,500000,100.0,adaptive,2026-07-04T12:11:50+01:00,3,1,13,26,1,99.930946,2405,2555,2405,150,5.8708,GLOBAL_BEST,0,42,0,45,1,46,1,0,1500000.0000,0.0000,0,0,0,0,0,0
n012w8-0,n012w8,0,5,500000,100.0,adaptive,2026-07-04T12:11:50+01:00,3,2,13,27,1,0.000000,2920,2980,2920,60,2.0134,LOCAL_BEST,0,42,0,55,0,47,1,0,600000.0000,0.0000,0,0,0,0,0,0
n012w8-0,n012w8,0,5,500000,100.0,adaptive,2026-07-04T12:11:50+01:00,3,2,13,28,1,0.000000,2650,2920,2650,270,9.2466,LOCAL_BEST,0,42,0,59,0,48,1,0,2700000.0000,0.0000,0,0,0,0,0,0
n012w8-0,n012w8,0,5,500000,100.0,adaptive,2026-07-04T12:11:50+01:00,3,1,13,30,1,99.919902,2195,2405,2195,210,8.7318,GLOBAL_BEST,0,42,0,48,2,49,2,0,1050000.0000,0.0000,0,0,0,0,0,0
n012w8-0,n012w8,0,5,500000,100.0,adaptive,2026-07-04T12:11:50+01:00,3,1,13,35,1,99.906099,2090,2195,2090,105,4.7836,GLOBAL_BEST,0,42,2,52,3,50,5,0,210000.0000,0.0000,0,0,0,0,0,0
n012w8-0,n012w8,0,5,500000,100.0,adaptive,2026-07-04T12:11:50+01:00,3,1,13,37,1,99.900578,2060,2090,2060,30,1.4354,GLOBAL_BEST,0,42,2,54,4,51,2,0,150000.0000,0.0000,0,0,0,0,0,0
n012w8-0,n012w8,0,5,500000,100.0,adaptive,2026-07-04T12:11:50+01:00,3,3,13,39,1,0.000000,2810,2840,2810,30,1.0563,LOCAL_BEST,0,42,10,88,1,52,2,0,150000.0000,0.0000,0,0,0,0,0,0
n012w8-0,n012w8,0,5,500000,100.0,adaptive,2026-07-04T12:11:50+01:00,3,2,13,41,1,0.000000,2590,2650,2590,60,2.2642,LOCAL_BEST,0,42,0,96,0,53,2,0,300000.0000,0.0000,0,0,0,0,0,0
n012w8-0,n012w8,0,5,500000,100.0,adaptive,2026-07-04T12:11:50+01:00,3,3,13,42,1,0.000000,2675,2810,2675,135,4.8043,LOCAL_BEST,0,42,11,95,1,54,1,0,1350000.0000,0.0000,0,0,0,0,0,0
n012w8-0,n012w8,0,5,500000,100.0,adaptive,2026-07-04T12:11:50+01:00,3,3,13,43,1,0.000000,2390,2675,2390,285,10.6542,LOCAL_BEST,0,42,11,96,1,55,1,0,2850000.0000,0.0000,0,0,0,0,0,0
n012w8-0,n012w8,0,5,500000,100.0,adaptive,2026-07-04T12:11:50+01:00,3,1,13,45,1,99.878497,1920,2060,1920,140,6.7961,GLOBAL_BEST,0,42,4,72,7,56,2,0,700000.0000,0.0000,0,0,0,0,0,0
n012w8-0,n012w8,0,5,500000,100.0,adaptive,2026-07-04T12:11:50+01:00,3,1,13,61,1,99.834351,1865,1920,1865,55,2.8646,GLOBAL_BEST,0,42,8,111,12,57,16,0,34375.0000,0.0000,0,0,0,0,0,0
n012w8-0,n012w8,0,5,500000,100.0,adaptive,2026-07-04T12:11:50+01:00,3,3,13,63,1,0.000000,2360,2390,2360,30,1.2552,LOCAL_BEST,0,42,20,139,2,58,2,0,150000.0000,0.0000,0,0,0,0,0,0
n012w8-0,n012w8,0,5,500000,100.0,adaptive,2026-07-04T12:11:50+01:00,3,3,13,64,1,0.000000,2300,2360,2300,60,2.5424,LOCAL_BEST,0,42,20,140,2,59,1,0,600000.0000,0.0000,0,0,0,0,0,0
n012w8-0,n012w8,0,5,500000,100.0,adaptive,2026-07-04T12:11:50+01:00,3,3,13,66,1,0.000000,2285,2300,2285,15,0.6522,LOCAL_BEST,0,42,20,142,2,60,2,0,75000.0000,0.0000,0,0,0,0,0,0
n012w8-0,n012w8,0,5,500000,100.0,adaptive,2026-07-04T12:11:50+01:00,3,2,13,72,1,0.000000,2355,2590,2355,235,9.0734,LOCAL_BEST,0,42,0,151,0,61,6,0,391666.6667,0.0000,0,0,0,0,0,0
n012w8-0,n012w8,0,5,500000,100.0,adaptive,2026-07-04T12:11:50+01:00,3,3,13,73,1,0.000000,2210,2285,2210,75,3.2823,LOCAL_BEST,0,42,23,172,3,62,1,0,750000.0000,0.0000,0,0,0,0,0,0
n012w8-0,n012w8,0,5,500000,100.0,adaptive,2026-07-04T12:11:50+01:00,3,3,13,75,1,0.000000,2060,2210,2060,150,6.7873,LOCAL_BEST,0,42,23,176,3,63,2,0,750000.0000,0.0000,0,0,0,0,0,0
n012w8-0,n012w8,0,5,500000,100.0,adaptive,2026-07-04T12:11:50+01:00,3,3,13,76,1,0.000000,1940,2060,1940,120,5.8252,LOCAL_BEST,0,42,23,176,3,64,1,0,1200000.0000,0.0000,0,0,0,0,0,0
n012w8-0,n012w8,0,5,500000,100.0,adaptive,2026-07-04T12:11:50+01:00,3,8,13,76,109,0.000000,550,565,550,15,2.6549,LOCAL_BEST,3,42,0,135,70,65,0,108,0.0000,138.8889,0,0,0,0,0,0
n012w8-0,n012w8,0,5,500000,100.0,adaptive,2026-07-04T12:11:50+01:00,3,2,13,78,1,0.000000,2240,2355,2240,115,4.8832,LOCAL_BEST,0,42,0,168,0,66,2,-108,575000.0000,0.0000,0,0,0,0,0,0
n012w8-0,n012w8,0,5,500000,100.0,adaptive,2026-07-04T12:11:50+01:00,3,2,13,80,1,0.000000,2120,2240,2120,120,5.3571,LOCAL_BEST,0,42,0,178,0,67,2,0,600000.0000,0.0000,0,0,0,0,0,0
n012w8-0,n012w8,0,5,500000,100.0,adaptive,2026-07-04T12:11:50+01:00,3,1,13,85,1,99.768169,1845,1865,1845,20,1.0724,GLOBAL_BEST,0,42,13,172,16,68,5,0,40000.0000,0.0000,0,0,0,0,0,0
n012w8-0,n012w8,0,5,500000,100.0,adaptive,2026-07-04T12:11:50+01:00,3,1,13,86,1,99.765412,1800,1845,1800,45,2.4390,GLOBAL_BEST,0,42,13,174,16,69,1,0,450000.0000,0.0000,0,0,0,0,0,0
n012w8-0,n012w8,0,5,500000,100.0,adaptive,2026-07-04T12:11:50+01:00,3,1,13,87,1,99.762655,1740,1800,1740,60,3.3333,GLOBAL_BEST,0,42,13,179,16,70,1,0,600000.0000,0.0000,0,0,0,0,0,0
n012w8-0,n012w8,0,5,500000,100.0,adaptive,2026-07-04T12:11:50+01:00,3,1,13,88,1,99.759899,1620,1740,1620,120,6.8966,GLOBAL_BEST,0,42,13,180,16,71,1,0,1200000.0000,0.0000,0,0,0,0,0,0
n012w8-0,n012w8,0,5,500000,100.0,adaptive,2026-07-04T12:11:50+01:00,3,1,13,89,1,99.757142,1590,1620,1590,30,1.8519,GLOBAL_BEST,0,42,13,182,16,72,1,0,300000.0000,0.0000,0,0,0,0,0,0
n012w8-0,n012w8,0,5,500000,100.0,adaptive,2026-07-04T12:11:50+01:00,3,1,13,90,1,99.754386,1575,1590,1575,15,0.9434,GLOBAL_BEST,0,42,13,182,16,73,1,0,150000.0000,0.0000,0,0,0,0,0,0
n012w8-0,n012w8,0,5,500000,100.0,adaptive,2026-07-04T12:11:50+01:00,3,2,13,95,1,0.000000,2100,2120,2100,20,0.9434,LOCAL_BEST,0,42,0,202,0,74,5,0,40000.0000,0.0000,0,0,0,0,0,0
n012w8-0,n012w8,0,5,500000,100.0,adaptive,2026-07-04T12:11:50+01:00,3,2,13,96,1,0.000000,2085,2100,2085,15,0.7143,LOCAL_BEST,0,42,0,204,0,75,1,0,150000.0000,0.0000,0,0,0,0,0,0
n012w8-0,n012w8,0,5,500000,100.0,adaptive,2026-07-04T12:11:50+01:00,3,2,13,98,1,0.000000,1995,2085,1995,90,4.3165,LOCAL_BEST,0,42,0,208,0,76,2,0,450000.0000,0.0000,0,0,0,0,0,0
n012w8-0,n012w8,0,5,500000,100.0,adaptive,2026-07-04T12:11:50+01:00,3,1,13,103,1,99.718560,1560,1575,1560,15,0.9524,GLOBAL_BEST,0,42,17,205,21,77,5,0,30000.0000,0.0000,0,0,0,0,0,0
n012w8-0,n012w8,0,5,500000,100.0,adaptive,2026-07-04T12:11:50+01:00,3,1,13,228,1,99.374739,1535,1560,1535,25,1.6026,GLOBAL_BEST,0,42,46,386,65,78,125,0,2000.0000,0.0000,0,0,0,0,0,0
n012w8-0,n012w8,0,5,500000,100.0,adaptive,2026-07-04T12:11:50+01:00,3,1,13,241,1,99.339049,1465,1535,1465,70,4.5603,GLOBAL_BEST,0,42,49,404,70,79,13,0,53846.1538,0.0000,0,0,0,0,0,0
n012w8-0,n012w8,0,5,500000,100.0,adaptive,2026-07-04T12:11:50+01:00,3,1,13,246,1,99.325326,1455,1465,1455,10,0.6826,GLOBAL_BEST,0,42,50,418,73,80,5,0,20000.0000,0.0000,0,0,0,0,0,0
n012w8-0,n012w8,0,5,500000,100.0,adaptive,2026-07-04T12:11:50+01:00,3,1,13,249,1,99.317093,1335,1455,1335,120,8.2474,GLOBAL_BEST,0,42,50,421,75,81,3,0,400000.0000,0.0000,0,0,0,0,0,0
n012w8-0,n012w8,0,5,500000,100.0,adaptive,2026-07-04T12:11:50+01:00,3,1,13,279,1,99.234800,1240,1335,1240,95,7.1161,GLOBAL_BEST,0,42,57,476,85,82,30,0,31666.6667,0.0000,0,0,0,0,0,0
n012w8-0,n012w8,0,5,500000,100.0,adaptive,2026-07-04T12:11:50+01:00,3,2,13,352,1,0.000000,1980,1995,1980,15,0.7519,LOCAL_BEST,0,42,0,656,0,83,73,0,2054.7945,0.0000,0,0,0,0,0,0
n012w8-0,n012w8,0,5,500000,100.0,adaptive,2026-07-04T12:11:50+01:00,3,2,13,356,1,0.000000,1965,1980,1965,15,0.7576,LOCAL_BEST,0,42,0,664,0,84,4,0,37500.0000,0.0000,0,0,0,0,0,0
n012w8-0,n012w8,0,5,500000,100.0,adaptive,2026-07-04T12:11:50+01:00,3,3,13,458,1,0.000000,1935,1940,1935,5,0.2577,LOCAL_BEST,0,42,159,840,14,85,102,0,490.1961,0.0000,0,0,0,0,0,0
n012w8-0,n012w8,0,5,500000,100.0,adaptive,2026-07-04T12:11:50+01:00,3,3,13,463,1,0.000000,1845,1935,1845,90,4.6512,LOCAL_BEST,0,42,160,853,14,86,5,0,180000.0000,0.0000,0,0,0,0,0,0
n012w8-0,n012w8,0,5,500000,100.0,adaptive,2026-07-04T12:11:50+01:00,3,3,13,464,1,0.000000,1800,1845,1800,45,2.4390,LOCAL_BEST,0,42,160,853,14,87,1,0,450000.0000,0.0000,0,0,0,0,0,0
n012w8-0,n012w8,0,5,500000,100.0,adaptive,2026-07-04T12:11:50+01:00,3,2,13,522,2,0.000000,1940,1965,1940,25,1.2723,LOCAL_BEST,0,42,0,967,0,88,58,1,4310.3448,25000.0000,0,0,0,0,0,0
n012w8-0,n012w8,0,5,500000,100.0,adaptive,2026-07-04T12:11:50+01:00,3,5,13,985,61,0.000000,720,765,720,45,5.8824,GLOBAL_BEST,1,42,0,1513,849,89,463,59,971.9222,762.7119,0,0,0,0,0,0
n012w8-0,n012w8,0,5,500000,100.0,adaptive,2026-07-04T12:11:50+01:00,3,2,13,1006,2,0.000000,1915,1940,1915,25,1.2887,LOCAL_BEST,0,42,0,1751,0,90,21,-59,11904.7619,0.0000,0,0,0,0,0,0
n012w8-0,n012w8,0,5,500000,100.0,adaptive,2026-07-04T12:11:50+01:00,3,5,13,1031,62,0.000000,700,720,700,20,2.7778,GLOBAL_BEST,1,42,0,1574,880,91,25,60,8000.0000,333.3333,0,0,0,0,0,0
n012w8-0,n012w8,0,5,500000,100.0,adaptive,2026-07-04T12:11:50+01:00,3,2,13,1338,3,0.000000,1835,1915,1835,80,4.1775,LOCAL_BEST,0,42,0,2336,41,92,307,-59,2605.8632,0.0000,0,0,0,0,0,0
n012w8-0,n012w8,0,5,500000,100.0,adaptive,2026-07-04T12:11:50+01:00,3,2,13,1366,3,0.000000,1800,1835,1800,35,1.9074,LOCAL_BEST,0,42,0,2381,44,93,28,0,12500.0000,0.0000,0,0,0,0,0,0
n012w8-0,n012w8,0,5,500000,100.0,adaptive,2026-07-04T12:11:50+01:00,3,2,13,1544,3,0.000000,1735,1800,1735,65,3.6111,LOCAL_BEST,0,42,0,2685,62,94,178,0,3651.6854,0.0000,0,0,0,0,0,0
n012w8-0,n012w8,0,5,500000,100.0,adaptive,2026-07-04T12:11:50+01:00,3,8,13,1719,113,0.000000,535,550,535,15,2.7273,LOCAL_BEST,3,42,0,2632,1594,95,175,110,857.1429,136.3636,0,0,0,0,0,0
n012w8-0,n012w8,0,5,500000,100.0,adaptive,2026-07-04T12:11:50+01:00,3,3,13,2082,4,0.000000,1790,1800,1790,10,0.5556,LOCAL_BEST,0,42,776,3592,63,96,363,-109,275.4821,0.0000,0,0,0,0,0,0
n012w8-0,n012w8,0,5,500000,100.0,adaptive,2026-07-04T12:11:50+01:00,3,3,13,2087,4,0.000000,1745,1790,1745,45,2.5140,LOCAL_BEST,0,42,778,3596,65,97,5,0,90000.0000,0.0000,0,0,0,0,0,0
n012w8-0,n012w8,0,5,500000,100.0,adaptive,2026-07-04T12:11:50+01:00,3,2,13,2343,5,0.000000,1720,1735,1720,15,0.8646,LOCAL_BEST,0,42,0,3913,175,98,256,1,585.9375,15000.0000,0,0,0,0,0,0
n012w8-0,n012w8,0,5,500000,100.0,adaptive,2026-07-04T12:11:50+01:00,3,2,13,2344,5,0.000000,1705,1720,1705,15,0.8721,LOCAL_BEST,0,42,0,3913,175,99,1,0,150000.0000,0.0000,0,0,0,0,0,0
n012w8-0,n012w8,0,5,500000,100.0,adaptive,2026-07-04T12:11:50+01:00,3,2,13,2346,5,0.000000,1690,1705,1690,15,0.8798,LOCAL_BEST,0,42,0,3916,175,100,2,0,75000.0000,0.0000,0,0,0,0,0,0
n012w8-0,n012w8,0,5,500000,100.0,adaptive,2026-07-04T12:11:50+01:00,3,2,13,2348,5,0.000000,1510,1690,1510,180,10.6509,LOCAL_BEST,0,42,0,3923,175,101,2,0,900000.0000,0.0000,0,0,0,0,0,0
n012w8-0,n012w8,0,5,500000,100.0,adaptive,2026-07-04T12:11:50+01:00,3,2,13,2354,5,0.000000,1495,1510,1495,15,0.9934,LOCAL_BEST,0,42,0,3937,175,102,6,0,25000.0000,0.0000,0,0,0,0,0,0
n012w8-0,n012w8,0,5,500000,100.0,adaptive,2026-07-04T12:11:50+01:00,3,2,13,2356,5,0.000000,1460,1495,1460,35,2.3411,LOCAL_BEST,0,42,0,3941,175,103,2,0,175000.0000,0.0000,0,0,0,0,0,0
n012w8-0,n012w8,0,5,500000,100.0,adaptive,2026-07-04T12:11:50+01:00,3,2,13,2359,5,0.000000,1445,1460,1445,15,1.0274,LOCAL_BEST,0,42,0,3943,175,104,3,0,50000.0000,0.0000,0,0,0,0,0,0
n012w8-0,n012w8,0,5,500000,100.0,adaptive,2026-07-04T12:11:50+01:00,3,2,13,2360,5,0.000000,1430,1445,1430,15,1.0381,LOCAL_BEST,0,42,0,3945,175,105,1,0,150000.0000,0.0000,0,0,0,0,0,0
n012w8-0,n012w8,0,5,500000,100.0,adaptive,2026-07-04T12:11:50+01:00,3,1,13,3072,6,91.864560,1180,1240,1180,60,4.8387,GLOBAL_BEST,0,42,740,4948,1046,106,712,1,842.6966,60000.0000,0,0,0,0,0,0
n012w8-0,n012w8,0,5,500000,100.0,adaptive,2026-07-04T12:11:50+01:00,3,1,13,3075,6,91.856946,1150,1180,1150,30,2.5424,GLOBAL_BEST,0,42,740,4955,1048,107,3,0,100000.0000,0.0000,0,0,0,0,0,0
n012w8-0,n012w8,0,5,500000,100.0,adaptive,2026-07-04T12:11:50+01:00,3,8,13,3312,118,0.000000,520,535,520,15,2.8037,GLOBAL_BEST,3,42,0,5191,3047,108,237,112,632.9114,133.9286,0,0,0,0,0,0
n012w8-0,n012w8,0,5,500000,100.0,adaptive,2026-07-04T12:11:50+01:00,3,3,13,3316,7,0.000000,1740,1745,1740,5,0.2865,LOCAL_BEST,0,42,1241,5881,109,109,4,-111,12500.0000,0.0000,0,0,0,0,0,0
n012w8-0,n012w8,0,5,500000,100.0,adaptive,2026-07-04T12:11:50+01:00,3,5,13,3494,66,0.000000,670,700,670,30,4.2857,GLOBAL_BEST,1,42,0,5301,2912,110,178,59,1685.3933,508.4746,0,0,0,0,0,0
n012w8-0,n012w8,0,5,500000,100.0,adaptive,2026-07-04T12:11:50+01:00,3,5,13,3498,66,0.000000,655,670,655,15,2.2388,GLOBAL_BEST,1,42,0,5302,2915,111,4,0,37500.0000,0.0000,0,0,0,0,0,0
n012w8-0,n012w8,0,5,500000,100.0,adaptive,2026-07-04T12:11:50+01:00,3,1,13,3656,7,90.394082,1105,1150,1105,45,3.9130,GLOBAL_BEST,0,42,860,5914,1312,112,158,-59,2848.1013,0.0000,0,0,0,0,0,0
n012w8-0,n012w8,0,5,500000,100.0,adaptive,2026-07-04T12:11:50+01:00,3,3,13,5258,11,0.000000,1730,1740,1730,10,0.5747,LOCAL_BEST,0,42,1955,9271,177,113,1602,4,62.4220,2500.0000,0,0,0,0,0,0
n012w8-0,n012w8,0,5,500000,100.0,adaptive,2026-07-04T12:11:50+01:00,3,3,13,5259,11,0.000000,1520,1730,1520,210,12.1387,LOCAL_BEST,0,42,1955,9271,177,114,1,0,2100000.0000,0.0000,0,0,0,0,0,0
n012w8-0,n012w8,0,5,500000,100.0,adaptive,2026-07-04T12:11:50+01:00,3,1,13,6010,12,84.701675,1095,1105,1095,10,0.9050,GLOBAL_BEST,0,42,1373,9761,2235,115,751,1,133.1558,10000.0000,0,0,0,0,0,0
n012w8-0,n012w8,0,5,500000,100.0,adaptive,2026-07-04T12:11:50+01:00,3,1,13,6061,12,84.582399,1080,1095,1080,15,1.3699,GLOBAL_BEST,0,42,1380,9840,2258,116,51,0,2941.1765,0.0000,0,0,0,0,0,0
n012w8-0,n012w8,0,5,500000,100.0,adaptive,2026-07-04T12:11:50+01:00,3,2,13,7585,15,0.000000,1410,1430,1410,20,1.3986,LOCAL_BEST,0,42,0,12526,1641,117,1524,3,131.2336,6666.6667,0,0,0,0,0,0
n012w8-0,n012w8,0,5,500000,100.0,adaptive,2026-07-04T12:11:50+01:00,3,5,13,7688,73,0.000000,645,655,645,10,1.5267,GLOBAL_BEST,1,42,0,11246,6512,118,103,58,970.8738,172.4138,0,0,0,0,0,0
n012w8-0,n012w8,0,5,500000,100.0,adaptive,2026-07-04T12:11:50+01:00,3,5,13,7850,73,0.000000,630,645,630,15,2.3256,GLOBAL_BEST,1,42,0,11480,6646,119,162,0,925.9259,0.0000,0,0,0,0,0,0
n012w8-0,n012w8,0,5,500000,100.0,adaptive,2026-07-04T12:11:50+01:00,3,5,13,7880,73,0.000000,615,630,615,15,2.3810,GLOBAL_BEST,1,42,0,11551,6670,120,30,0,5000.0000,0.0000,0,0,0,0,0,0
n012w8-0,n012w8,0,5,500000,100.0,adaptive,2026-07-04T12:11:50+01:00,3,2,13,7881,15,0.000000,1375,1410,1375,35,2.4823,LOCAL_BEST,0,42,0,13032,1744,121,1,-58,350000.0000,0.0000,0,0,0,0,0,0
n012w8-0,n012w8,0,5,500000,100.0,adaptive,2026-07-04T12:11:50+01:00,3,5,13,8154,74,0.000000,600,615,600,15,2.4390,GLOBAL_BEST,1,42,0,11945,6897,122,273,59,549.4505,254.2373,0,0,0,0,0,0
n012w8-0,n012w8,0,5,500000,100.0,adaptive,2026-07-04T12:11:50+01:00,3,5,13,8155,74,0.000000,570,600,570,30,5.0000,GLOBAL_BEST,1,42,0,11946,6897,123,1,0,300000.0000,0.0000,0,0,0,0,0,0
n012w8-0,n012w8,0,5,500000,100.0,adaptive,2026-07-04T12:11:50+01:00,3,2,13,8395,16,0.000000,1345,1375,1345,30,2.1818,LOCAL_BEST,0,42,0,13852,1974,124,240,-58,1250.0000,0.0000,0,0,0,0,0,0
n012w8-0,n012w8,0,5,500000,100.0,adaptive,2026-07-04T12:11:50+01:00,3,2,13,8998,17,0.000000,1285,1345,1285,60,4.4610,LOCAL_BEST,0,42,0,14833,2220,125,603,1,995.0249,60000.0000,0,0,0,0,0,0
n012w8-0,n012w8,0,5,500000,100.0,adaptive,2026-07-04T12:11:50+01:00,3,1,13,10810,20,74.180883,1075,1080,1075,5,0.4630,GLOBAL_BEST,0,42,2397,17603,4128,126,1812,3,27.5938,1666.6667,0,0,0,0,0,0
n012w8-0,n012w8,0,5,500000,100.0,adaptive,2026-07-04T12:11:50+01:00,3,2,13,12138,22,0.000000,1260,1285,1260,25,1.9455,LOCAL_BEST,0,42,0,20029,3655,127,1328,2,188.2530,12500.0000,0,0,0,0,0,0
n012w8-0,n012w8,0,5,500000,100.0,adaptive,2026-07-04T12:11:50+01:00,3,3,13,13569,27,0.000000,1480,1520,1480,40,2.6316,LOCAL_BEST,0,42,5088,23398,505,128,1431,5,279.5248,8000.0000,0,0,0,0,0,0
n012w8-0,n012w8,0,5,500000,100.0,adaptive,2026-07-04T12:11:50+01:00,3,2,13,13587,25,0.000000,1245,1260,1245,15,1.1905,LOCAL_BEST,0,42,0,22223,4386,129,18,-2,8333.3333,0.0000,0,0,0,0,0,0
n012w8-0,n012w8,0,5,500000,100.0,adaptive,2026-07-04T12:11:50+01:00,3,2,13,13609,25,0.000000,1230,1245,1230,15,1.2048,LOCAL_BEST,0,42,0,22268,4390,130,22,0,6818.1818,0.0000,0,0,0,0,0,0
n012w8-0,n012w8,0,5,500000,100.0,adaptive,2026-07-04T12:11:50+01:00,3,2,13,14414,26,0.000000,1195,1230,1195,35,2.8455,LOCAL_BEST,0,42,0,23579,4774,131,805,1,434.7826,35000.0000,0,0,0,0,0,0
n012w8-0,n012w8,0,5,500000,100.0,adaptive,2026-07-04T12:11:50+01:00,3,2,13,14430,26,0.000000,1185,1195,1185,10,0.8368,LOCAL_BEST,0,42,0,23619,4780,132,16,0,6250.0000,0.0000,0,0,0,0,0,0
n012w8-0,n012w8,0,5,500000,100.0,adaptive,2026-07-04T12:11:50+01:00,3,2,13,14541,26,0.000000,1055,1185,1055,130,10.9705,GLOBAL_BEST,0,42,0,23807,4842,133,111,0,11711.7117,0.0000,0,0,0,0,0,0
n012w8-0,n012w8,0,5,500000,100.0,adaptive,2026-07-04T12:11:50+01:00,3,1,13,14644,27,66.724296,1045,1075,1045,30,2.7907,GLOBAL_BEST,0,42,3172,23996,5803,134,103,1,2912.6214,30000.0000,0,0,0,0,0,0
n012w8-0,n012w8,0,5,500000,100.0,adaptive,2026-07-04T12:11:50+01:00,3,1,13,15448,28,65.258337,890,1045,890,155,14.8325,GLOBAL_BEST,0,42,3319,25209,6192,135,804,1,1927.8607,155000.0000,0,0,0,0,0,0
n012w8-0,n012w8,0,5,500000,100.0,adaptive,2026-07-04T12:11:50+01:00,3,1,13,15458,28,65.240308,875,890,875,15,1.6854,GLOBAL_BEST,0,42,3320,25219,6199,136,10,0,15000.0000,0.0000,0,0,0,0,0,0
n012w8-0,n012w8,0,5,500000,100.0,adaptive,2026-07-04T12:11:50+01:00,3,1,13,15576,28,65.027941,845,875,845,30,3.4286,GLOBAL_BEST,0,42,3338,25397,6266,137,118,0,2542.3729,0.0000,0,0,0,0,0,0
n012w8-0,n012w8,0,5,500000,100.0,adaptive,2026-07-04T12:11:50+01:00,3,1,13,15916,29,64.419893,835,845,835,10,1.1834,GLOBAL_BEST,0,42,3400,25922,6428,138,340,1,294.1176,10000.0000,0,0,0,0,0,0
n012w8-0,n012w8,0,5,500000,100.0,adaptive,2026-07-04T12:11:50+01:00,3,2,13,19768,37,0.000000,1005,1055,1005,50,4.7393,LOCAL_BEST,0,42,0,31926,7692,139,3852,8,129.8027,6250.0000,0,0,0,0,0,0
n012w8-0,n012w8,0,5,500000,100.0,adaptive,2026-07-04T12:11:50+01:00,3,2,13,23635,43,0.000000,1000,1005,1000,5,0.4975,LOCAL_BEST,0,42,0,38161,10027,140,3867,6,12.9299,833.3333,0,0,0,0,0,0
n012w8-0,n012w8,0,5,500000,100.0,adaptive,2026-07-04T12:11:50+01:00,3,3,13,24708,47,0.000000,1330,1480,1330,150,10.1351,LOCAL_BEST,0,42,9301,42236,928,141,1073,4,1397.9497,37500.0000,0,0,0,0,0,0
n012w8-0,n012w8,0,5,500000,100.0,adaptive,2026-07-04T12:11:50+01:00,3,2,13,27537,49,0.000000,985,1000,985,15,1.5000,LOCAL_BEST,0,42,0,44323,12588,142,2829,2,53.0223,7500.0000,0,0,0,0,0,0
n012w8-0,n012w8,0,5,500000,100.0,adaptive,2026-07-04T12:11:50+01:00,3,2,13,27539,49,0.000000,970,985,970,15,1.5228,LOCAL_BEST,0,42,0,44329,12589,143,2,0,75000.0000,0.0000,0,0,0,0,0,0
n012w8-0,n012w8,0,5,500000,100.0,adaptive,2026-07-04T12:11:50+01:00,3,2,13,32615,58,0.000000,950,970,950,20,2.0619,LOCAL_BEST,0,42,0,52357,16150,144,5076,9,39.4011,2222.2222,0,0,0,0,0,0
n012w8-0,n012w8,0,5,500000,100.0,adaptive,2026-07-04T12:11:50+01:00,3,2,13,33582,60,0.000000,945,950,945,5,0.5263,LOCAL_BEST,0,42,0,53851,16814,145,967,2,51.7063,2500.0000,0,0,0,0,0,0
n012w8-0,n012w8,0,5,500000,100.0,adaptive,2026-07-04T12:11:50+01:00,3,2,13,33583,60,0.000000,870,945,870,75,7.9365,LOCAL_BEST,0,42,0,53854,16814,146,1,0,750000.0000,0.0000,0,0,0,0,0,0
n012w8-0,n012w8,0,5,500000,100.0,adaptive,2026-07-04T12:11:50+01:00,3,1,13,33938,60,39.152185,810,835,810,25,2.9940,GLOBAL_BEST,0,42,6229,54509,16209,147,355,0,704.2254,0.0000,0,0,0,0,0,0
n012w8-0,n012w8,0,5,500000,100.0,adaptive,2026-07-04T12:11:50+01:00,3,1,13,33940,60,39.150021,780,810,780,30,3.7037,GLOBAL_BEST,0,42,6229,54512,16210,148,2,0,150000.0000,0.0000,0,0,0,0,0,0
n012w8-0,n012w8,0,5,500000,100.0,adaptive,2026-07-04T12:11:50+01:00,3,1,13,34564,61,38.480792,760,780,760,20,2.5641,GLOBAL_BEST,0,42,6299,55477,16621,149,624,1,320.5128,20000.0000,0,0,0,0,0,0
n012w8-0,n012w8,0,5,500000,100.0,adaptive,2026-07-04T12:11:50+01:00,3,2,13,37010,65,0.000000,845,870,845,25,2.8736,LOCAL_BEST,0,42,0,59138,19261,150,2446,4,102.2077,6250.0000,0,0,0,0,0,0
n012w8-0,n012w8,0,5,500000,100.0,adaptive,2026-07-04T12:11:50+01:00,3,2,13,38121,67,0.000000,825,845,825,20,2.3669,LOCAL_BEST,0,42,0,60975,20045,151,1111,2,180.0180,10000.0000,0,0,0,0,0,0
n012w8-0,n012w8,0,5,500000,100.0,adaptive,2026-07-04T12:11:50+01:00,3,1,13,38760,68,34.268256,750,760,750,10,1.3158,LOCAL_BEST,0,42,6737,61809,19453,152,639,1,156.4945,10000.0000,0,0,0,0,0,0
n012w8-0,n012w8,0,5,500000,100.0,adaptive,2026-07-04T12:11:50+01:00,3,1,13,38772,68,34.256895,745,750,745,5,0.6667,LOCAL_BEST,0,42,6737,61821,19464,153,12,0,4166.6667,0.0000,0,0,0,0,0,0
n012w8-0,n012w8,0,5,500000,100.0,adaptive,2026-07-04T12:11:50+01:00,3,4,13,39002,140,34.039878,760,810,760,50,6.1728,LOCAL_BEST,1,42,6887,61993,19637,154,230,72,2173.9130,694.4444,0,0,0,0,0,0
n012w8-0,n012w8,0,5,500000,100.0,adaptive,2026-07-04T12:11:50+01:00,3,4,13,39036,140,34.007914,745,760,745,15,1.9737,LOCAL_BEST,1,42,6887,62042,19665,155,34,0,4411.7647,0.0000,0,0,0,0,0,0
n012w8-0,n012w8,0,5,500000,100.0,adaptive,2026-07-04T12:11:50+01:00,3,1,13,42036,74,31.302570,730,745,730,15,2.0134,LOCAL_BEST,0,42,7040,66626,21753,156,3000,-66,50.0000,0.0000,0,0,0,0,0,0
n012w8-0,n012w8,0,5,500000,100.0,adaptive,2026-07-04T12:11:50+01:00,3,4,13,42157,147,31.198090,735,745,735,10,1.3423,LOCAL_BEST,1,42,7178,66850,21863,157,121,73,826.4463,136.9863,0,0,0,0,0,0
n012w8-0,n012w8,0,5,500000,100.0,adaptive,2026-07-04T12:11:50+01:00,3,1,13,42858,75,30.599618,720,730,720,10,1.3699,LOCAL_BEST,0,42,7090,67995,22407,158,701,-72,142.6534,0.0000,0,0,0,0,0,0
n012w8-0,n012w8,0,5,500000,100.0,adaptive,2026-07-04T12:11:50+01:00,3,5,13,43230,131,0.000000,565,570,565,5,0.8772,LOCAL_BEST,1,42,0,61155,37739,159,372,56,134.4086,89.2857,0,0,0,0,0,0
n012w8-0,n012w8,0,5,500000,100.0,adaptive,2026-07-04T12:11:50+01:00,3,8,13,43272,200,0.000000,505,520,505,15,2.8846,LOCAL_BEST,3,42,0,64239,40161,160,42,69,3571.4286,217.3913,0,0,0,0,0,0
n012w8-0,n012w8,0,5,500000,100.0,adaptive,2026-07-04T12:11:50+01:00,3,5,13,44537,133,0.000000,550,565,550,15,2.6549,LOCAL_BEST,1,42,0,62932,38894,161,1265,-67,118.5771,0.0000,0,0,0,0,0,0
n012w8-0,n012w8,0,5,500000,100.0,adaptive,2026-07-04T12:11:50+01:00,3,2,13,46588,82,0.000000,805,825,805,20,2.4242,LOCAL_BEST,0,42,0,73947,26669,162,2051,-51,97.5134,0.0000,0,0,0,0,0,0
n012w8-0,n012w8,0,5,500000,100.0,adaptive,2026-07-04T12:11:50+01:00,3,2,13,46753,82,0.000000,800,805,800,5,0.6211,LOCAL_BEST,0,42,0,74204,26791,163,165,0,303.0303,0.0000,0,0,0,0,0,0
n012w8-0,n012w8,0,5,500000,100.0,adaptive,2026-07-04T12:11:50+01:00,3,2,13,47200,82,0.000000,795,800,795,5,0.6250,LOCAL_BEST,0,42,0,74873,27098,164,447,0,111.8568,0.0000,0,0,0,0,0,0
n012w8-0,n012w8,0,5,500000,100.0,adaptive,2026-07-04T12:11:50+01:00,3,5,13,47401,138,0.000000,535,550,535,15,2.7273,LOCAL_BEST,1,42,0,66964,41426,165,201,56,746.2687,267.8571,0,0,0,0,0,0
n012w8-0,n012w8,0,5,500000,100.0,adaptive,2026-07-04T12:11:50+01:00,3,2,13,48249,84,0.000000,760,795,760,35,4.4025,LOCAL_BEST,0,42,0,76507,27900,166,848,-54,412.7358,0.0000,0,0,0,0,0,0
n012w8-0,n012w8,0,5,500000,100.0,adaptive,2026-07-04T12:11:50+01:00,3,5,13,50257,144,0.000000,525,535,525,10,1.8692,LOCAL_BEST,1,42,0,70799,43964,167,2008,60,49.8008,166.6667,0,0,0,0,0,0
n012w8-0,n012w8,0,5,500000,100.0,adaptive,2026-07-04T12:11:50+01:00,3,4,13,54896,172,21.941181,730,735,730,5,0.6803,LOCAL_BEST,1,42,8146,85943,31325,168,4639,28,10.7782,178.5714,0,0,0,0,0,0
n012w8-0,n012w8,0,5,500000,100.0,adaptive,2026-07-04T12:11:50+01:00,3,4,13,54903,172,21.936938,715,730,715,15,2.0548,LOCAL_BEST,1,42,8146,85945,31330,169,7,0,21428.5714,0.0000,0,0,0,0,0,0
n012w8-0,n012w8,0,5,500000,100.0,adaptive,2026-07-04T12:11:50+01:00,3,4,13,55424,173,21.623401,710,715,710,5,0.6993,LOCAL_BEST,1,42,8172,86587,31763,170,521,1,95.9693,5000.0000,0,0,0,0,0,0
n012w8-0,n012w8,0,5,500000,100.0,adaptive,2026-07-04T12:11:50+01:00,3,1,13,55649,97,21.489386,715,720,715,5,0.6944,LOCAL_BEST,0,42,7992,87694,32133,171,225,-76,222.2222,0.0000,0,0,0,0,0,0
n012w8-0,n012w8,0,5,500000,100.0,adaptive,2026-07-04T12:11:50+01:00,3,1,13,55929,98,21.323771,705,715,705,10,1.3986,LOCAL_BEST,0,42,8006,88105,32357,172,280,1,357.1429,10000.0000,0,0,0,0,0,0
n012w8-0,n012w8,0,5,500000,100.0,adaptive,2026-07-04T12:11:50+01:00,3,1,13,56027,98,21.266107,690,705,690,15,2.1277,LOCAL_BEST,0,42,8010,88239,32435,173,98,0,1530.6122,0.0000,0,0,0,0,0,0
n012w8-0,n012w8,0,5,500000,100.0,adaptive,2026-07-04T12:11:50+01:00,3,2,13,57937,102,0.000000,755,760,755,5,0.6579,LOCAL_BEST,0,42,0,91009,35594,174,1910,4,26.1780,1250.0000,0,0,0,0,0,0
n012w8-0,n012w8,0,5,500000,100.0,adaptive,2026-07-04T12:11:50+01:00,3,5,13,58720,158,0.000000,510,525,510,15,2.8571,LOCAL_BEST,1,42,0,82537,51501,175,783,56,191.5709,267.8571,0,0,0,0,0,0
n012w8-0,n012w8,0,5,500000,100.0,adaptive,2026-07-04T12:11:50+01:00,3,2,13,59364,103,0.000000,740,755,740,15,1.9868,LOCAL_BEST,0,42,0,93150,36791,176,644,-55,232.9193,0.0000,0,0,0,0,0,0
n012w8-0,n012w8,0,5,500000,100.0,adaptive,2026-07-04T12:11:50+01:00,3,4,13,59965,185,19.073571,675,710,675,35,4.9296,LOCAL_BEST,1,42,8399,93385,35407,177,601,82,582.3627,426.8293,0,0,0,0,0,0
n012w8-0,n012w8,0,5,500000,100.0,adaptive,2026-07-04T12:11:50+01:00,3,4,13,60138,186,18.982613,670,675,670,5,0.7407,LOCAL_BEST,1,42,8409,93613,35554,178,173,1,289.0173,5000.0000,0,0,0,0,0,0
n012w8-0,n012w8,0,5,500000,100.0,adaptive,2026-07-04T12:11:50+01:00,3,4,13,60648,187,18.716990,660,670,660,10,1.4925,LOCAL_BEST,1,42,8424,94338,36002,179,510,1,196.0784,10000.0000,0,0,0,0,0,0
n012w8-0,n012w8,0,5,500000,100.0,adaptive,2026-07-04T12:11:50+01:00,3,2,13,62016,108,0.000000,725,740,725,15,2.0270,LOCAL_BEST,0,42,0,97145,38905,180,1368,-79,109.6491,0.0000,0,0,0,0,0,0
n012w8-0,n012w8,0,5,500000,100.0,adaptive,2026-07-04T12:11:50+01:00,3,1,13,62214,108,17.924374,685,690,685,5,0.7246,LOCAL_BEST,0,42,8278,97302,37489,181,198,0,252.5253,0.0000,0,0,0,0,0,0
n012w8-0,n012w8,0,5,500000,100.0,adaptive,2026-07-04T12:11:50+01:00,3,1,13,62226,108,17.918432,670,685,670,15,2.1898,LOCAL_BEST,0,42,8278,97317,37500,182,12,0,12500.0000,0.0000,0,0,0,0,0,0
n012w8-0,n012w8,0,5,500000,100.0,adaptive,2026-07-04T12:11:50+01:00,3,1,13,62272,108,17.895672,640,670,640,30,4.4776,LOCAL_BEST,0,42,8279,97383,37540,183,46,0,6521.7391,0.0000,0,0,0,0,0,0
n012w8-0,n012w8,0,5,500000,100.0,adaptive,2026-07-04T12:11:50+01:00,3,1,13,62301,108,17.881337,625,640,625,15,2.3438,LOCAL_BEST,0,42,8279,97442,37564,184,29,0,5172.4138,0.0000,0,0,0,0,0,0
n012w8-0,n012w8,0,5,500000,100.0,adaptive,2026-07-04T12:11:50+01:00,3,1,13,62306,108,17.878867,610,625,610,15,2.4000,LOCAL_BEST,0,42,8279,97448,37568,185,5,0,30000.0000,0.0000,0,0,0,0,0,0
n012w8-0,n012w8,0,5,500000,100.0,adaptive,2026-07-04T12:11:50+01:00,3,1,13,62658,108,17.705818,580,610,580,30,4.9180,LOCAL_BEST,0,42,8287,97964,37875,186,352,0,852.2727,0.0000,0,0,0,0,0,0
n012w8-0,n012w8,0,5,500000,100.0,adaptive,2026-07-04T12:11:50+01:00,3,1,13,62682,108,17.694081,565,580,565,15,2.5862,GLOBAL_BEST,0,42,8287,97997,37897,187,24,0,6250.0000,0.0000,0,0,0,0,0,0
n012w8-0,n012w8,0,5,500000,100.0,adaptive,2026-07-04T12:11:50+01:00,3,8,13,62696,242,0.000000,490,505,490,15,2.9703,LOCAL_BEST,3,42,0,90893,58310,188,14,134,10714.2857,111.9403,0,0,0,0,0,0
n012w8-0,n012w8,0,5,500000,100.0,adaptive,2026-07-04T12:11:50+01:00,3,1,13,62711,108,17.679908,550,565,550,15,2.6549,GLOBAL_BEST,0,42,8287,98032,37925,189,15,-134,10000.0000,0.0000,0,0,0,0,0,0
n012w8-0,n012w8,0,5,500000,100.0,adaptive,2026-07-04T12:11:50+01:00,3,1,13,62792,109,17.640383,535,550,535,15,2.7273,GLOBAL_BEST,0,42,8289,98182,37996,190,81,1,1851.8519,15000.0000,0,0,0,0,0,0
n012w8-0,n012w8,0,5,500000,100.0,adaptive,2026-07-04T12:11:50+01:00,3,2,13,62968,109,0.000000,710,725,710,15,2.0690,LOCAL_BEST,0,42,0,98508,39673,191,176,0,852.2727,0.0000,0,0,0,0,0,0
n012w8-0,n012w8,0,5,500000,100.0,adaptive,2026-07-04T12:11:50+01:00,3,4,13,63127,193,17.477850,645,660,645,15,2.2727,LOCAL_BEST,1,42,8522,98094,38062,192,159,84,943.3962,178.5714,0,0,0,0,0,0
n012w8-0,n012w8,0,5,500000,100.0,adaptive,2026-07-04T12:11:50+01:00,3,4,13,65195,196,16.507146,635,645,635,10,1.5504,LOCAL_BEST,1,42,8614,101239,39765,193,2068,3,48.3559,3333.3333,0,0,0,0,0,0
n012w8-0,n012w8,0,5,500000,100.0,adaptive,2026-07-04T12:11:50+01:00,3,4,13,65397,196,16.415269,595,635,595,40,6.2992,LOCAL_BEST,1,42,8618,101457,39946,194,202,0,1980.1980,0.0000,0,0,0,0,0,0
n012w8-0,n012w8,0,5,500000,100.0,adaptive,2026-07-04T12:11:50+01:00,3,4,13,68268,201,15.163379,585,595,585,10,1.6807,LOCAL_BEST,1,42,8704,105660,42369,195,2871,5,34.8311,2000.0000,0,0,0,0,0,0
n012w8-0,n012w8,0,5,500000,100.0,adaptive,2026-07-04T12:11:50+01:00,3,4,13,68274,201,15.160866,570,585,570,15,2.5641,LOCAL_BEST,1,42,8704,105675,42374,196,6,0,25000.0000,0.0000,0,0,0,0,0,0
n012w8-0,n012w8,0,5,500000,100.0,adaptive,2026-07-04T12:11:50+01:00,3,2,13,68303,118,0.000000,690,710,690,20,2.8169,LOCAL_BEST,0,42,0,106544,44131,197,29,-83,6896.5517,0.0000,0,0,0,0,0,0
n012w8-0,n012w8,0,5,500000,100.0,adaptive,2026-07-04T12:11:50+01:00,3,1,13,68764,121,14.956983,530,535,530,5,0.9346,LOCAL_BEST,0,42,8503,107039,43098,198,461,3,108.4599,1666.6667,0,0,0,0,0,0
n012w8-0,n012w8,0,5,500000,100.0,adaptive,2026-07-04T12:11:50+01:00,3,4,13,70668,205,14.190445,555,570,555,15,2.6316,LOCAL_BEST,1,42,8765,109112,44471,199,1904,84,78.7815,178.5714,0,0,0,0,0,0
n012w8-0,n012w8,0,5,500000,100.0,adaptive,2026-07-04T12:11:50+01:00,3,1,13,72805,131,13.376793,520,530,520,10,1.8868,LOCAL_BEST,0,42,8595,113206,46671,200,2137,-74,46.7946,0.0000,0,0,0,0,0,0
n012w8-0,n012w8,0,5,500000,100.0,adaptive,2026-07-04T12:11:50+01:00,3,4,13,73584,209,13.091940,540,555,540,15,2.7027,LOCAL_BEST,1,42,8828,113183,47076,201,779,78,192.5546,192.3077,0,0,0,0,0,0
n012w8-0,n012w8,0,5,500000,100.0,adaptive,2026-07-04T12:11:50+01:00,3,4,13,73626,209,13.076755,525,540,525,15,2.7778,LOCAL_BEST,1,42,8828,113231,47117,202,42,0,3571.4286,0.0000,0,0,0,0,0,0
n012w8-0,n012w8,0,5,500000,100.0,adaptive,2026-07-04T12:11:50+01:00,3,1,13,74193,134,12.873481,505,520,505,15,2.8846,GLOBAL_BEST,0,42,8628,115299,47891,203,567,-75,264.5503,0.0000,0,0,0,0,0,0
n012w8-0,n012w8,0,5,500000,100.0,adaptive,2026-07-04T12:11:50+01:00,3,1,13,75390,137,12.454664,490,505,490,15,2.9703,GLOBAL_BEST,0,42,8658,117075,48945,204,1197,3,125.3133,5000.0000,0,0,0,0,0,0
n012w8-0,n012w8,0,5,500000,100.0,adaptive,2026-07-04T12:11:50+01:00,3,2,13,75621,129,0.000000,665,690,665,25,3.6232,LOCAL_BEST,0,42,0,117460,50305,205,231,-8,1082.2511,0.0000,0,0,0,0,0,0
n012w8-0,n012w8,0,5,500000,100.0,adaptive,2026-07-04T12:11:50+01:00,3,2,13,75622,129,0.000000,635,665,635,30,4.5113,LOCAL_BEST,0,42,0,117462,50305,206,1,0,300000.0000,0.0000,0,0,0,0,0,0
n012w8-0,n012w8,0,5,500000,100.0,adaptive,2026-07-04T12:11:50+01:00,3,7,13,76453,265,12.094168,550,565,550,15,2.6549,LOCAL_BEST,2,42,8641,117610,50207,207,831,136,180.5054,110.2941,0,0,0,0,0,0
n012w8-0,n012w8,0,5,500000,100.0,adaptive,2026-07-04T12:11:50+01:00,3,4,13,77979,216,11.594820,510,525,510,15,2.8571,LOCAL_BEST,1,42,8897,119241,51056,208,1526,-49,98.2962,0.0000,0,0,0,0,0,0
n012w8-0,n012w8,0,5,500000,100.0,adaptive,2026-07-04T12:11:50+01:00,3,1,13,78031,142,11.578172,480,490,480,10,2.0408,GLOBAL_BEST,0,42,8715,121005,51299,209,52,-74,1923.0769,0.0000,0,0,0,0,0,0
n012w8-0,n012w8,0,5,500000,100.0,adaptive,2026-07-04T12:11:50+01:00,3,7,13,83329,277,10.001474,545,550,545,5,0.9091,LOCAL_BEST,2,42,8747,127738,56394,210,5298,135,9.4375,37.0370,0,0,0,0,0,0
n012w8-0,n012w8,0,5,500000,100.0,adaptive,2026-07-04T12:11:50+01:00,3,1,13,83567,155,9.935918,475,480,475,5,1.0417,GLOBAL_BEST,0,42,8802,129110,56320,211,238,-122,210.0840,0.0000,0,0,0,0,0,0
n012w8-0,n012w8,0,5,500000,100.0,adaptive,2026-07-04T12:11:50+01:00,3,1,13,85478,159,9.424884,460,475,460,15,3.1579,GLOBAL_BEST,0,42,8826,131998,58092,212,1911,4,78.4929,3750.0000,0,0,0,0,0,0
n012w8-0,n012w8,0,5,500000,100.0,adaptive,2026-07-04T12:11:50+01:00,3,7,13,86287,285,9.216542,535,545,535,10,1.8349,LOCAL_BEST,2,42,8779,131921,59117,213,809,126,123.6094,79.3651,0,0,0,0,0,0
n012w8-0,n012w8,0,5,500000,100.0,adaptive,2026-07-04T12:11:50+01:00,3,2,13,86298,146,0.000000,610,635,610,25,3.9370,LOCAL_BEST,0,42,0,132919,59398,214,11,-139,22727.2727,0.0000,0,0,0,0,0,0
n012w8-0,n012w8,0,5,500000,100.0,adaptive,2026-07-04T12:11:50+01:00,3,2,13,88882,150,0.000000,580,610,580,30,4.9180,LOCAL_BEST,0,42,0,136744,61586,215,2584,4,116.0991,7500.0000,0,0,0,0,0,0
n012w8-0,n012w8,0,5,500000,100.0,adaptive,2026-07-04T12:11:50+01:00,3,2,13,92611,157,0.000000,575,580,575,5,0.8621,LOCAL_BEST,0,42,0,142301,64823,216,3729,7,13.4084,714.2857,0,0,0,0,0,0
n012w8-0,n012w8,0,5,500000,100.0,adaptive,2026-07-04T12:11:50+01:00,3,5,13,93753,218,0.000000,495,510,495,15,2.9412,LOCAL_BEST,1,42,0,130097,83176,217,1142,61,131.3485,245.9016,0,0,0,0,0,0
n012w8-0,n012w8,0,5,500000,100.0,adaptive,2026-07-04T12:11:50+01:00,3,2,13,103141,172,0.000000,565,575,565,10,1.7391,LOCAL_BEST,0,42,0,157488,74391,218,9388,-46,10.6519,0.0000,0,0,0,0,0,0
n012w8-0,n012w8,0,5,500000,100.0,adaptive,2026-07-04T12:11:50+01:00,3,2,13,113746,191,0.000000,560,565,560,5,0.8850,LOCAL_BEST,0,42,0,172618,83888,219,10605,19,4.7148,263.1579,0,0,0,0,0,0
n012w8-0,n012w8,0,5,500000,100.0,adaptive,2026-07-04T12:11:50+01:00,3,2,13,118895,202,0.000000,550,560,550,10,1.7857,LOCAL_BEST,0,42,0,180071,88619,220,5149,11,19.4212,909.0909,0,0,0,0,0,0
n012w8-0,n012w8,0,5,500000,100.0,adaptive,2026-07-04T12:11:50+01:00,3,2,13,121770,208,0.000000,545,550,545,5,0.9091,LOCAL_BEST,0,42,0,184091,91258,221,2875,6,17.3913,833.3333,0,0,0,0,0,0
n012w8-0,n012w8,0,5,500000,100.0,adaptive,2026-07-04T12:11:50+01:00,3,2,13,122086,209,0.000000,530,545,530,15,2.7523,LOCAL_BEST,0,42,0,184536,91537,222,316,1,474.6835,15000.0000,0,0,0,0,0,0
n012w8-0,n012w8,0,5,500000,100.0,adaptive,2026-07-04T12:11:50+01:00,3,1,13,135478,244,2.367358,500,460,460,0,0.0000,REHEAT,0,42,8947,204518,105397,223,13392,35,0.0000,0.0000,0,0,0,0,0,1
n012w8-0,n012w8,0,5,500000,100.0,adaptive,2026-07-04T12:11:50+01:00,3,1,13,185478,340,25.118864,980,460,460,0,0.0000,REHEAT,0,42,16813,283743,133095,224,50000,96,0.0000,0.0000,0,0,0,0,0,1
n012w8-0,n012w8,0,5,500000,100.0,adaptive,2026-07-04T12:11:50+01:00,3,1,13,235478,441,25.118864,905,460,460,0,0.0000,REHEAT,0,42,24591,362210,160624,225,50000,101,0.0000,0.0000,0,0,0,0,0,1
n012w8-0,n012w8,0,5,500000,100.0,adaptive,2026-07-04T12:11:50+01:00,3,5,13,251128,496,0.000000,480,495,480,15,3.0303,LOCAL_BEST,1,42,0,342963,227968,226,15650,55,9.5847,272.7273,0,0,0,0,0,0
n012w8-0,n012w8,0,5,500000,100.0,adaptive,2026-07-04T12:11:50+01:00,3,5,13,253137,501,0.000000,465,480,465,15,3.1250,LOCAL_BEST,1,42,0,345539,229786,227,2009,5,74.6640,3000.0000,0,0,0,0,0,0
n012w8-0,n012w8,0,5,500000,100.0,adaptive,2026-07-04T12:11:50+01:00,3,1,13,285478,526,25.118864,700,460,460,0,0.0000,REHEAT,0,42,32265,441345,188386,228,32341,25,0.0000,0.0000,0,0,0,0,0,1
n012w8-0,n012w8,0,5,500000,100.0,adaptive,2026-07-04T12:11:50+01:00,3,1,13,335478,619,25.118864,995,460,460,0,0.0000,REHEAT,0,42,39894,519803,216489,229,50000,93,0.0000,0.0000,0,0,0,0,0,1
n012w8-0,n012w8,0,5,500000,100.0,adaptive,2026-07-04T12:11:50+01:00,3,1,13,385478,732,25.118864,1025,460,460,0,0.0000,REHEAT,0,42,47581,598006,244393,230,50000,113,0.0000,0.0000,0,0,0,0,0,1
n012w8-0,n012w8,0,5,500000,100.0,adaptive,2026-07-04T12:11:50+01:00,3,1,13,435478,829,25.118864,865,460,460,0,0.0000,REHEAT,0,42,55250,676518,272033,231,50000,97,0.0000,0.0000,0,0,0,0,0,1
n012w8-0,n012w8,0,5,500000,100.0,adaptive,2026-07-04T12:11:50+01:00,3,1,13,485478,922,25.118864,980,460,460,0,0.0000,REHEAT,0,42,62947,755215,299730,232,50000,93,0.0000,0.0000,0,0,0,0,0,1
n012w8-0,n012w8,0,5,500000,100.0,adaptive,2026-07-04T12:11:50+01:00,4,1,35,1,0,100.000000,3300,3495,3300,195,5.5794,GLOBAL_BEST,0,123,0,0,0,1,1,0,1950000.0000,0.0000,0,0,0,0,0,0
n012w8-0,n012w8,0,5,500000,100.0,adaptive,2026-07-04T12:11:50+01:00,4,2,35,1,0,0.000000,3165,3495,3165,330,9.4421,GLOBAL_BEST,0,123,0,5,0,2,0,0,0.0000,0.0000,0,0,0,0,0,0
n012w8-0,n012w8,0,5,500000,100.0,adaptive,2026-07-04T12:11:50+01:00,4,3,35,1,0,0.000000,3405,3495,3405,90,2.5751,LOCAL_BEST,0,123,0,0,0,3,0,0,0.0000,0.0000,0,0,0,0,0,0
n012w8-0,n012w8,0,5,500000,100.0,adaptive,2026-07-04T12:11:50+01:00,4,2,35,2,0,0.000000,3045,3165,3045,120,3.7915,GLOBAL_BEST,0,123,0,9,0,4,1,0,1200000.0000,0.0000,0,0,0,0,0,0
n012w8-0,n012w8,0,5,500000,100.0,adaptive,2026-07-04T12:11:50+01:00,4,3,35,2,0,0.000000,3345,3405,3345,60,1.7621,LOCAL_BEST,0,123,0,1,0,5,0,0,0.0000,0.0000,0,0,0,0,0,0
n012w8-0,n012w8,0,5,500000,100.0,adaptive,2026-07-04T12:11:50+01:00,4,3,35,3,0,0.000000,3165,3345,3165,180,5.3812,LOCAL_BEST,0,123,0,1,0,6,1,0,1800000.0000,0.0000,0,0,0,0,0,0
n012w8-0,n012w8,0,5,500000,100.0,adaptive,2026-07-04T12:11:50+01:00,4,2,35,4,0,0.000000,3030,3045,3030,15,0.4926,GLOBAL_BEST,0,123,0,19,0,7,1,0,150000.0000,0.0000,0,0,0,0,0,0
n012w8-0,n012w8,0,5,500000,100.0,adaptive,2026-07-04T12:11:50+01:00,4,1,35,5,0,99.988948,3235,3300,3235,65,1.9697,GLOBAL_BEST,0,123,1,9,0,8,1,0,650000.0000,0.0000,0,0,0,0,0,0
n012w8-0,n012w8,0,5,500000,100.0,adaptive,2026-07-04T12:11:50+01:00,4,2,35,5,0,0.000000,2970,3030,2970,60,1.9802,GLOBAL_BEST,0,123,0,21,0,9,0,0,0.0000,0.0000,0,0,0,0,0,0
n012w8-0,n012w8,0,5,500000,100.0,adaptive,2026-07-04T12:11:50+01:00,4,3,35,5,0,0.000000,2805,3165,2805,360,11.3744,LOCAL_BEST,0,123,0,6,0,10,0,0,0.0000,0.0000,0,0,0,0,0,0
n012w8-0,n012w8,0,5,500000,100.0,adaptive,2026-07-04T12:11:50+01:00,4,1,35,6,0,99.986185,3085,3235,3085,150,4.6368,GLOBAL_BEST,0,123,1,12,0,11,1,0,1500000.0000,0.0000,0,0,0,0,0,0
n012w8-0,n012w8,0,5,500000,100.0,adaptive,2026-07-04T12:11:50+01:00,4,3,35,6,1,0.000000,2775,2805,2775,30,1.0695,LOCAL_BEST,0,123,0,6,0,12,0,1,0.0000,30000.0000,0,0,0,0,0,0
n012w8-0,n012w8,0,5,500000,100.0,adaptive,2026-07-04T12:11:50+01:00,4,2,35,7,0,0.000000,2730,2970,2730,240,8.0808,GLOBAL_BEST,0,123,0,24,0,13,1,-1,2400000.0000,0.0000,0,0,0,0,0,0
n012w8-0,n012w8,0,5,500000,100.0,adaptive,2026-07-04T12:11:50+01:00,4,3,35,7,1,0.000000,2715,2775,2715,60,2.1622,GLOBAL_BEST,0,123,0,7,0,14,0,1,0.0000,60000.0000,0,0,0,0,0,0
n012w8-0,n012w8,0,5,500000,100.0,adaptive,2026-07-04T12:11:50+01:00,4,5,35,7,53,0.000000,600,615,600,15,2.4390,LOCAL_BEST,1,123,0,6,5,15,0,52,0.0000,288.4615,0,0,0,0,0,0
n012w8-0,n012w8,0,5,500000,100.0,adaptive,2026-07-04T12:11:50+01:00,4,1,35,8,0,99.980660,3070,3085,3070,15,0.4862,LOCAL_BEST,0,123,1,12,0,16,1,-53,150000.0000,0.0000,0,0,0,0,0,0
n012w8-0,n012w8,0,5,500000,100.0,adaptive,2026-07-04T12:11:50+01:00,4,3,35,8,1,0.000000,2490,2715,2490,225,8.2873,GLOBAL_BEST,0,123,0,7,0,17,0,1,0.0000,225000.0000,0,0,0,0,0,0
n012w8-0,n012w8,0,5,500000,100.0,adaptive,2026-07-04T12:11:50+01:00,4,4,35,13,53,99.966848,570,615,570,45,7.3171,LOCAL_BEST,1,123,0,30,10,18,5,52,90000.0000,865.3846,0,0,0,0,0,0
n012w8-0,n012w8,0,5,500000,100.0,adaptive,2026-07-04T12:11:50+01:00,4,1,35,16,1,99.958562,3040,3070,3040,30,0.9772,LOCAL_BEST,0,123,3,20,0,19,3,-52,100000.0000,0.0000,0,0,0,0,0,0
n012w8-0,n012w8,0,5,500000,100.0,adaptive,2026-07-04T12:11:50+01:00,4,2,35,17,1,0.000000,2505,2730,2505,225,8.2418,LOCAL_BEST,0,123,0,50,0,20,1,0,2250000.0000,0.0000,0,0,0,0,0,0
n012w8-0,n012w8,0,5,500000,100.0,adaptive,2026-07-04T12:11:50+01:00,4,1,35,19,1,99.950277,3010,3040,3010,30,0.9868,LOCAL_BEST,0,123,4,23,0,21,2,0,150000.0000,0.0000,0,0,0,0,0,0
n012w8-0,n012w8,0,5,500000,100.0,adaptive,2026-07-04T12:11:50+01:00,4,2,35,20,1,0.000000,2415,2505,2415,90,3.5928,GLOBAL_BEST,0,123,0,62,0,22,1,0,900000.0000,0.0000,0,0,0,0,0,0
n012w8-0,n012w8,0,5,500000,100.0,adaptive,2026-07-04T12:11:50+01:00,4,1,35,20,1,99.947515,2965,3010,2965,45,1.4950,LOCAL_BEST,0,123,4,23,0,23,0,0,0.0000,0.0000,0,0,0,0,0,0
n012w8-0,n012w8,0,5,500000,100.0,adaptive,2026-07-04T12:11:50+01:00,4,1,35,21,1,99.944753,2950,2965,2950,15,0.5059,LOCAL_BEST,0,123,4,23,0,24,1,0,150000.0000,0.0000,0,0,0,0,0,0
n012w8-0,n012w8,0,5,500000,100.0,adaptive,2026-07-04T12:11:50+01:00,4,3,35,22,1,0.000000,2400,2490,2400,90,3.6145,GLOBAL_BEST,0,123,5,31,1,25,1,0,900000.0000,0.0000,0,0,0,0,0,0
n012w8-0,n012w8,0,5,500000,100.0,adaptive,2026-07-04T12:11:50+01:00,4,1,35,23,1,99.939230,2920,2950,2920,30,1.0169,LOCAL_BEST,0,123,4,30,0,26,1,0,300000.0000,0.0000,0,0,0,0,0,0
n012w8-0,n012w8,0,5,500000,100.0,adaptive,2026-07-04T12:11:50+01:00,4,3,35,25,1,0.000000,2370,2400,2370,30,1.2500,GLOBAL_BEST,0,123,6,32,1,27,2,0,150000.0000,0.0000,0,0,0,0,0,0
n012w8-0,n012w8,0,5,500000,100.0,adaptive,2026-07-04T12:11:50+01:00,4,3,35,26,1,0.000000,2355,2370,2355,15,0.6329,GLOBAL_BEST,0,123,6,32,1,28,1,0,150000.0000,0.0000,0,0,0,0,0,0
n012w8-0,n012w8,0,5,500000,100.0,adaptive,2026-07-04T12:11:50+01:00,4,3,35,27,1,0.000000,2325,2355,2325,30,1.2739,GLOBAL_BEST,0,123,6,33,1,29,1,0,300000.0000,0.0000,0,0,0,0,0,0
n012w8-0,n012w8,0,5,500000,100.0,adaptive,2026-07-04T12:11:50+01:00,4,1,35,27,1,99.928185,2770,2920,2770,150,5.1370,LOCAL_BEST,0,123,5,34,0,30,0,0,0.0000,0.0000,0,0,0,0,0,0
n012w8-0,n012w8,0,5,500000,100.0,adaptive,2026-07-04T12:11:50+01:00,4,3,35,29,1,0.000000,2295,2325,2295,30,1.2903,GLOBAL_BEST,0,123,6,36,1,31,2,0,150000.0000,0.0000,0,0,0,0,0,0
n012w8-0,n012w8,0,5,500000,100.0,adaptive,2026-07-04T12:11:50+01:00,4,5,35,30,53,0.000000,585,600,585,15,2.5000,LOCAL_BEST,1,123,0,35,26,32,1,52,150000.0000,288.4615,0,0,0,0,0,0
n012w8-0,n012w8,0,5,500000,100.0,adaptive,2026-07-04T12:11:50+01:00,4,1,35,33,1,99.911620,2650,2770,2650,120,4.3321,LOCAL_BEST,0,123,7,47,0,33,3,-52,400000.0000,0.0000,0,0,0,0,0,0
n012w8-0,n012w8,0,5,500000,100.0,adaptive,2026-07-04T12:11:50+01:00,4,1,35,34,1,99.908859,2440,2650,2440,210,7.9245,LOCAL_BEST,0,123,7,50,0,34,1,0,2100000.0000,0.0000,0,0,0,0,0,0
n012w8-0,n012w8,0,5,500000,100.0,adaptive,2026-07-04T12:11:50+01:00,4,1,35,37,1,99.900578,2380,2440,2380,60,2.4590,LOCAL_BEST,0,123,7,53,1,35,3,0,200000.0000,0.0000,0,0,0,0,0,0
n012w8-0,n012w8,0,5,500000,100.0,adaptive,2026-07-04T12:11:50+01:00,4,1,35,43,1,99.884017,2185,2380,2185,195,8.1933,GLOBAL_BEST,0,123,7,76,4,36,6,0,325000.0000,0.0000,0,0,0,0,0,0
n012w8-0,n012w8,0,5,500000,100.0,adaptive,2026-07-04T12:11:50+01:00,4,1,35,44,1,99.881257,2095,2185,2095,90,4.1190,GLOBAL_BEST,0,123,7,76,4,37,1,0,900000.0000,0.0000,0,0,0,0,0,0
n012w8-0,n012w8,0,5,500000,100.0,adaptive,2026-07-04T12:11:50+01:00,4,2,35,56,1,0.000000,2355,2415,2355,60,2.4845,LOCAL_BEST,0,123,0,129,0,38,12,0,50000.0000,0.0000,0,0,0,0,0,0
n012w8-0,n012w8,0,5,500000,100.0,adaptive,2026-07-04T12:11:50+01:00,4,1,35,56,1,99.848145,2050,2095,2050,45,2.1480,GLOBAL_BEST,0,123,11,100,5,39,0,0,0.0000,0.0000,0,0,0,0,0,0
n012w8-0,n012w8,0,5,500000,100.0,adaptive,2026-07-04T12:11:50+01:00,4,1,35,57,1,99.845386,1990,2050,1990,60,2.9268,GLOBAL_BEST,0,123,11,102,5,40,1,0,600000.0000,0.0000,0,0,0,0,0,0
n012w8-0,n012w8,0,5,500000,100.0,adaptive,2026-07-04T12:11:50+01:00,4,2,35,57,1,0.000000,2340,2355,2340,15,0.6369,LOCAL_BEST,0,123,0,131,0,41,0,0,0.0000,0.0000,0,0,0,0,0,0
n012w8-0,n012w8,0,5,500000,100.0,adaptive,2026-07-04T12:11:50+01:00,4,2,35,59,1,0.000000,2205,2340,2205,135,5.7692,LOCAL_BEST,0,123,0,138,0,42,2,0,675000.0000,0.0000,0,0,0,0,0,0
n012w8-0,n012w8,0,5,500000,100.0,adaptive,2026-07-04T12:11:50+01:00,4,3,35,62,1,0.000000,2280,2295,2280,15,0.6536,GLOBAL_BEST,0,123,17,102,2,43,3,0,50000.0000,0.0000,0,0,0,0,0,0
n012w8-0,n012w8,0,5,500000,100.0,adaptive,2026-07-04T12:11:50+01:00,4,1,35,62,1,99.831593,1930,1990,1930,60,3.0151,GLOBAL_BEST,0,123,12,112,5,44,0,0,0.0000,0.0000,0,0,0,0,0,0
n012w8-0,n012w8,0,5,500000,100.0,adaptive,2026-07-04T12:11:50+01:00,4,5,35,62,54,0.000000,525,585,525,60,10.2564,LOCAL_BEST,1,123,0,76,50,45,0,53,0.0000,1132.0755,0,0,0,0,0,0
n012w8-0,n012w8,0,5,500000,100.0,adaptive,2026-07-04T12:11:50+01:00,4,5,35,63,54,0.000000,510,525,510,15,2.8571,LOCAL_BEST,1,123,0,79,50,46,1,0,150000.0000,0.0000,0,0,0,0,0,0
n012w8-0,n012w8,0,5,500000,100.0,adaptive,2026-07-04T12:11:50+01:00,4,3,35,65,1,0.000000,2250,2280,2250,30,1.3158,LOCAL_BEST,0,123,17,109,2,47,2,-53,150000.0000,0.0000,0,0,0,0,0,0
n012w8-0,n012w8,0,5,500000,100.0,adaptive,2026-07-04T12:11:50+01:00,4,3,35,68,1,0.000000,2160,2250,2160,90,4.0000,LOCAL_BEST,0,123,18,114,2,48,3,0,300000.0000,0.0000,0,0,0,0,0,0
n012w8-0,n012w8,0,5,500000,100.0,adaptive,2026-07-04T12:11:50+01:00,4,2,35,70,1,0.000000,2100,2205,2100,105,4.7619,LOCAL_BEST,0,123,0,172,0,49,2,0,525000.0000,0.0000,0,0,0,0,0,0
n012w8-0,n012w8,0,5,500000,100.0,adaptive,2026-07-04T12:11:50+01:00,4,3,35,75,1,0.000000,2130,2160,2130,30,1.3889,LOCAL_BEST,0,123,22,129,2,50,5,0,60000.0000,0.0000,0,0,0,0,0,0
n012w8-0,n012w8,0,5,500000,100.0,adaptive,2026-07-04T12:11:50+01:00,4,1,35,81,1,99.779196,1780,1930,1780,150,7.7720,GLOBAL_BEST,0,123,18,148,11,51,6,0,250000.0000,0.0000,0,0,0,0,0,0
n012w8-0,n012w8,0,5,500000,100.0,adaptive,2026-07-04T12:11:50+01:00,4,1,35,82,1,99.776439,1540,1780,1540,240,13.4831,GLOBAL_BEST,0,123,18,155,11,52,1,0,2400000.0000,0.0000,0,0,0,0,0,0
n012w8-0,n012w8,0,5,500000,100.0,adaptive,2026-07-04T12:11:50+01:00,4,3,35,88,1,0.000000,2040,2130,2040,90,4.2254,LOCAL_BEST,0,123,26,146,2,53,6,0,150000.0000,0.0000,0,0,0,0,0,0
n012w8-0,n012w8,0,5,500000,100.0,adaptive,2026-07-04T12:11:50+01:00,4,1,35,90,1,99.754386,1495,1540,1495,45,2.9221,GLOBAL_BEST,0,123,18,168,15,54,2,0,225000.0000,0.0000,0,0,0,0,0,0
n012w8-0,n012w8,0,5,500000,100.0,adaptive,2026-07-04T12:11:50+01:00,4,1,35,91,1,99.751630,1375,1495,1375,120,8.0268,GLOBAL_BEST,0,123,18,173,15,55,1,0,1200000.0000,0.0000,0,0,0,0,0,0
n012w8-0,n012w8,0,5,500000,100.0,adaptive,2026-07-04T12:11:50+01:00,4,8,35,97,96,0.000000,240,255,240,15,5.8824,GLOBAL_BEST,3,123,0,144,84,56,6,95,25000.0000,157.8947,0,0,0,0,0,0
n012w8-0,n012w8,0,5,500000,100.0,adaptive,2026-07-04T12:11:50+01:00,4,2,35,126,1,0.000000,2070,2100,2070,30,1.4286,LOCAL_BEST,0,123,0,276,0,57,29,-95,10344.8276,0.0000,0,0,0,0,0,0
n012w8-0,n012w8,0,5,500000,100.0,adaptive,2026-07-04T12:11:50+01:00,4,2,35,135,1,0.000000,1965,2070,1965,105,5.0725,LOCAL_BEST,0,123,0,300,0,58,9,0,116666.6667,0.0000,0,0,0,0,0,0
n012w8-0,n012w8,0,5,500000,100.0,adaptive,2026-07-04T12:11:50+01:00,4,2,35,140,1,0.000000,1875,1965,1875,90,4.5802,LOCAL_BEST,0,123,0,305,0,59,5,0,180000.0000,0.0000,0,0,0,0,0,0
n012w8-0,n012w8,0,5,500000,100.0,adaptive,2026-07-04T12:11:50+01:00,4,2,35,146,1,0.000000,1860,1875,1860,15,0.8000,LOCAL_BEST,0,123,0,309,0,60,6,0,25000.0000,0.0000,0,0,0,0,0,0
n012w8-0,n012w8,0,5,500000,100.0,adaptive,2026-07-04T12:11:50+01:00,4,2,35,147,1,0.000000,1680,1860,1680,180,9.6774,LOCAL_BEST,0,123,0,311,0,61,1,0,1800000.0000,0.0000,0,0,0,0,0,0
n012w8-0,n012w8,0,5,500000,100.0,adaptive,2026-07-04T12:11:50+01:00,4,3,35,148,1,0.000000,1990,2040,1990,50,2.4510,LOCAL_BEST,0,123,48,229,3,62,1,0,500000.0000,0.0000,0,0,0,0,0,0
n012w8-0,n012w8,0,5,500000,100.0,adaptive,2026-07-04T12:11:50+01:00,4,2,35,148,1,0.000000,1650,1680,1650,30,1.7857,LOCAL_BEST,0,123,0,314,0,63,0,0,0.0000,0.0000,0,0,0,0,0,0
n012w8-0,n012w8,0,5,500000,100.0,adaptive,2026-07-04T12:11:50+01:00,4,3,35,160,1,0.000000,1900,1990,1900,90,4.5226,LOCAL_BEST,0,123,52,257,3,64,12,0,75000.0000,0.0000,0,0,0,0,0,0
n012w8-0,n012w8,0,5,500000,100.0,adaptive,2026-07-04T12:11:50+01:00,4,3,35,161,1,0.000000,1690,1900,1690,210,11.0526,LOCAL_BEST,0,123,52,260,3,65,1,0,2100000.0000,0.0000,0,0,0,0,0,0
n012w8-0,n012w8,0,5,500000,100.0,adaptive,2026-07-04T12:11:50+01:00,4,3,35,162,1,0.000000,1570,1690,1570,120,7.1006,LOCAL_BEST,0,123,52,260,3,66,1,0,1200000.0000,0.0000,0,0,0,0,0,0
n012w8-0,n012w8,0,5,500000,100.0,adaptive,2026-07-04T12:11:50+01:00,4,3,35,164,1,0.000000,1525,1570,1525,45,2.8662,LOCAL_BEST,0,123,53,262,3,67,2,0,225000.0000,0.0000,0,0,0,0,0,0
n012w8-0,n012w8,0,5,500000,100.0,adaptive,2026-07-04T12:11:50+01:00,4,3,35,167,1,0.000000,1495,1525,1495,30,1.9672,LOCAL_BEST,0,123,54,270,4,68,3,0,100000.0000,0.0000,0,0,0,0,0,0
n012w8-0,n012w8,0,5,500000,100.0,adaptive,2026-07-04T12:11:50+01:00,4,3,35,171,1,0.000000,1465,1495,1465,30,2.0067,LOCAL_BEST,0,123,55,273,4,69,4,0,75000.0000,0.0000,0,0,0,0,0,0
n012w8-0,n012w8,0,5,500000,100.0,adaptive,2026-07-04T12:11:50+01:00,4,3,35,172,1,0.000000,1180,1465,1180,285,19.4539,GLOBAL_BEST,0,123,55,273,4,70,1,0,2850000.0000,0.0000,0,0,0,0,0,0
n012w8-0,n012w8,0,5,500000,100.0,adaptive,2026-07-04T12:11:50+01:00,4,3,35,174,1,0.000000,1150,1180,1150,30,2.5424,GLOBAL_BEST,0,123,55,275,4,71,2,0,150000.0000,0.0000,0,0,0,0,0,0
n012w8-0,n012w8,0,5,500000,100.0,adaptive,2026-07-04T12:11:50+01:00,4,2,35,411,2,0.000000,1620,1650,1620,30,1.8182,LOCAL_BEST,0,123,0,784,0,72,237,1,1265.8228,30000.0000,0,0,0,0,0,0
n012w8-0,n012w8,0,5,500000,100.0,adaptive,2026-07-04T12:11:50+01:00,4,1,35,478,2,98.690648,1335,1375,1335,40,2.9091,LOCAL_BEST,0,123,121,856,135,73,67,0,5970.1493,0.0000,0,0,0,0,0,0
n012w8-0,n012w8,0,5,500000,100.0,adaptive,2026-07-04T12:11:50+01:00,4,1,35,480,2,98.685194,1320,1335,1320,15,1.1236,LOCAL_BEST,0,123,121,856,136,74,2,0,75000.0000,0.0000,0,0,0,0,0,0
n012w8-0,n012w8,0,5,500000,100.0,adaptive,2026-07-04T12:11:50+01:00,4,2,35,539,2,0.000000,1545,1620,1545,75,4.6296,LOCAL_BEST,0,123,0,1042,0,75,59,0,12711.8644,0.0000,0,0,0,0,0,0
n012w8-0,n012w8,0,5,500000,100.0,adaptive,2026-07-04T12:11:50+01:00,4,1,35,608,2,98.336784,1260,1320,1260,60,4.5455,LOCAL_BEST,0,123,153,1090,177,76,69,0,8695.6522,0.0000,0,0,0,0,0,0
n012w8-0,n012w8,0,5,500000,100.0,adaptive,2026-07-04T12:11:50+01:00,4,1,35,627,2,98.285172,1225,1260,1225,35,2.7778,LOCAL_BEST,0,123,160,1113,181,77,19,0,18421.0526,0.0000,0,0,0,0,0,0
n012w8-0,n012w8,0,5,500000,100.0,adaptive,2026-07-04T12:11:50+01:00,4,1,35,680,2,98.141344,1150,1225,1150,75,6.1224,LOCAL_BEST,0,123,175,1208,194,78,53,0,14150.9434,0.0000,0,0,0,0,0,0
n012w8-0,n012w8,0,5,500000,100.0,adaptive,2026-07-04T12:11:50+01:00,4,1,35,685,2,98.127786,1060,1150,1060,90,7.8261,GLOBAL_BEST,0,123,177,1217,196,79,5,0,180000.0000,0.0000,0,0,0,0,0,0
n012w8-0,n012w8,0,5,500000,100.0,adaptive,2026-07-04T12:11:50+01:00,4,1,35,703,2,98.078993,955,1060,955,105,9.9057,GLOBAL_BEST,0,123,181,1246,206,80,18,0,58333.3333,0.0000,0,0,0,0,0,0
n012w8-0,n012w8,0,5,500000,100.0,adaptive,2026-07-04T12:11:50+01:00,4,1,35,708,2,98.065444,910,955,910,45,4.7120,GLOBAL_BEST,0,123,181,1253,209,81,5,0,90000.0000,0.0000,0,0,0,0,0,0
n012w8-0,n012w8,0,5,500000,100.0,adaptive,2026-07-04T12:11:50+01:00,4,2,35,731,2,0.000000,1390,1545,1390,155,10.0324,LOCAL_BEST,0,123,0,1374,0,82,23,0,67391.3043,0.0000,0,0,0,0,0,0
n012w8-0,n012w8,0,5,500000,100.0,adaptive,2026-07-04T12:11:50+01:00,4,8,35,867,97,0.000000,225,240,225,15,6.2500,GLOBAL_BEST,3,123,0,1351,798,83,136,95,1102.9412,157.8947,0,0,0,0,0,0
n012w8-0,n012w8,0,5,500000,100.0,adaptive,2026-07-04T12:11:50+01:00,4,1,35,894,2,97.562743,900,910,900,10,1.0989,GLOBAL_BEST,0,123,221,1527,291,84,27,-95,3703.7037,0.0000,0,0,0,0,0,0
n012w8-0,n012w8,0,5,500000,100.0,adaptive,2026-07-04T12:11:50+01:00,4,1,35,901,2,97.543874,870,900,870,30,3.3333,GLOBAL_BEST,0,123,224,1529,294,85,7,0,42857.1429,0.0000,0,0,0,0,0,0
n012w8-0,n012w8,0,5,500000,100.0,adaptive,2026-07-04T12:11:50+01:00,4,1,35,902,2,97.541179,855,870,855,15,1.7241,GLOBAL_BEST,0,123,224,1532,294,86,1,0,150000.0000,0.0000,0,0,0,0,0,0
n012w8-0,n012w8,0,5,500000,100.0,adaptive,2026-07-04T12:11:50+01:00,4,1,35,905,2,97.533094,825,855,825,30,3.5088,GLOBAL_BEST,0,123,225,1534,295,87,3,0,100000.0000,0.0000,0,0,0,0,0,0
n012w8-0,n012w8,0,5,500000,100.0,adaptive,2026-07-04T12:11:50+01:00,4,5,35,1039,54,0.000000,480,510,480,30,5.8824,LOCAL_BEST,1,123,0,1612,843,88,134,52,2238.8060,576.9231,0,0,0,0,0,0
n012w8-0,n012w8,0,5,500000,100.0,adaptive,2026-07-04T12:11:50+01:00,4,2,35,1162,3,0.000000,1335,1390,1335,55,3.9568,LOCAL_BEST,0,123,0,2200,30,89,123,-51,4471.5447,0.0000,0,0,0,0,0,0
n012w8-0,n012w8,0,5,500000,100.0,adaptive,2026-07-04T12:11:50+01:00,4,5,35,1413,56,0.000000,465,480,465,15,3.1250,LOCAL_BEST,1,123,0,2177,1132,90,251,53,597.6096,283.0189,0,0,0,0,0,0
n012w8-0,n012w8,0,5,500000,100.0,adaptive,2026-07-04T12:11:50+01:00,4,5,35,2470,57,0.000000,450,465,450,15,3.2258,GLOBAL_BEST,1,123,0,4002,1976,91,1057,1,141.9111,15000.0000,0,0,0,0,0,0
n012w8-0,n012w8,0,5,500000,100.0,adaptive,2026-07-04T12:11:50+01:00,4,5,35,3017,58,0.000000,435,450,435,15,3.3333,GLOBAL_BEST,1,123,0,4878,2401,92,547,1,274.2230,15000.0000,0,0,0,0,0,0
n012w8-0,n012w8,0,5,500000,100.0,adaptive,2026-07-04T12:11:50+01:00,4,2,35,3278,6,0.000000,1200,1335,1200,135,10.1124,LOCAL_BEST,0,123,0,6091,448,93,261,-52,5172.4138,0.0000,0,0,0,0,0,0
n012w8-0,n012w8,0,5,500000,100.0,adaptive,2026-07-04T12:11:50+01:00,4,2,35,4584,8,0.000000,1135,1200,1135,65,5.4167,LOCAL_BEST,0,123,0,8493,797,94,1306,2,497.7029,32500.0000,0,0,0,0,0,0
n012w8-0,n012w8,0,5,500000,100.0,adaptive,2026-07-04T12:11:50+01:00,4,2,35,6480,11,0.000000,1110,1135,1110,25,2.2026,LOCAL_BEST,0,123,0,11881,1410,95,1896,3,131.8565,8333.3333,0,0,0,0,0,0
n012w8-0,n012w8,0,5,500000,100.0,adaptive,2026-07-04T12:11:50+01:00,4,2,35,7962,13,0.000000,1090,1110,1090,20,1.8018,LOCAL_BEST,0,123,0,14336,2003,96,1482,2,134.9528,10000.0000,0,0,0,0,0,0
n012w8-0,n012w8,0,5,500000,100.0,adaptive,2026-07-04T12:11:50+01:00,4,2,35,7963,13,0.000000,1075,1090,1075,15,1.3761,LOCAL_BEST,0,123,0,14336,2003,97,1,0,150000.0000,0.0000,0,0,0,0,0,0
n012w8-0,n012w8,0,5,500000,100.0,adaptive,2026-07-04T12:11:50+01:00,4,2,35,8566,14,0.000000,1065,1075,1065,10,0.9302,LOCAL_BEST,0,123,0,15397,2241,98,603,1,165.8375,10000.0000,0,0,0,0,0,0
n012w8-0,n012w8,0,5,500000,100.0,adaptive,2026-07-04T12:11:50+01:00,4,2,35,8601,14,0.000000,990,1065,990,75,7.0423,LOCAL_BEST,0,123,0,15465,2257,99,35,0,21428.5714,0.0000,0,0,0,0,0,0
n012w8-0,n012w8,0,5,500000,100.0,adaptive,2026-07-04T12:11:50+01:00,4,5,35,9488,67,0.000000,390,435,390,45,10.3448,GLOBAL_BEST,1,123,0,14937,7751,100,887,53,507.3281,849.0566,0,0,0,0,0,0
n012w8-0,n012w8,0,5,500000,100.0,adaptive,2026-07-04T12:11:50+01:00,4,5,35,9554,67,0.000000,375,390,375,15,3.8462,GLOBAL_BEST,1,123,0,15052,7798,101,66,0,2272.7273,0.0000,0,0,0,0,0,0
n012w8-0,n012w8,0,5,500000,100.0,adaptive,2026-07-04T12:11:50+01:00,4,5,35,9768,67,0.000000,345,375,345,30,8.0000,GLOBAL_BEST,1,123,0,15420,7971,102,214,0,1401.8692,0.0000,0,0,0,0,0,0
n012w8-0,n012w8,0,5,500000,100.0,adaptive,2026-07-04T12:11:50+01:00,4,2,35,15444,23,0.000000,975,990,975,15,1.5152,LOCAL_BEST,0,123,0,27355,5596,103,5676,-44,26.4271,0.0000,0,0,0,0,0,0
n012w8-0,n012w8,0,5,500000,100.0,adaptive,2026-07-04T12:11:50+01:00,4,2,35,15446,23,0.000000,945,975,945,30,3.0769,LOCAL_BEST,0,123,0,27355,5596,104,2,0,150000.0000,0.0000,0,0,0,0,0,0
n012w8-0,n012w8,0,5,500000,100.0,adaptive,2026-07-04T12:11:50+01:00,4,2,35,15914,24,0.000000,915,945,915,30,3.1746,LOCAL_BEST,0,123,0,28191,5836,105,468,1,641.0256,30000.0000,0,0,0,0,0,0
n012w8-0,n012w8,0,5,500000,100.0,adaptive,2026-07-04T12:11:50+01:00,4,1,35,16762,26,62.931488,820,825,820,5,0.6061,GLOBAL_BEST,0,123,3653,29507,6776,106,848,2,58.9623,2500.0000,0,0,0,0,0,0
n012w8-0,n012w8,0,5,500000,100.0,adaptive,2026-07-04T12:11:50+01:00,4,2,35,17560,26,0.000000,900,915,900,15,1.6393,LOCAL_BEST,0,123,0,31079,6787,107,798,0,187.9699,0.0000,0,0,0,0,0,0
n012w8-0,n012w8,0,5,500000,100.0,adaptive,2026-07-04T12:11:50+01:00,4,8,35,18353,119,0.000000,210,225,210,15,6.6667,LOCAL_BEST,3,123,0,28278,17176,108,793,93,189.1551,161.2903,0,0,0,0,0,0
n012w8-0,n012w8,0,5,500000,100.0,adaptive,2026-07-04T12:11:50+01:00,4,2,35,19373,29,0.000000,885,900,885,15,1.6667,LOCAL_BEST,0,123,0,34246,7844,109,1020,-90,147.0588,0.0000,0,0,0,0,0,0
n012w8-0,n012w8,0,5,500000,100.0,adaptive,2026-07-04T12:11:50+01:00,4,2,35,20326,30,0.000000,840,885,840,45,5.0847,LOCAL_BEST,0,123,0,35861,8412,110,953,1,472.1931,45000.0000,0,0,0,0,0,0
n012w8-0,n012w8,0,5,500000,100.0,adaptive,2026-07-04T12:11:50+01:00,4,2,35,20332,30,0.000000,795,840,795,45,5.3571,GLOBAL_BEST,0,123,0,35869,8413,111,6,0,75000.0000,0.0000,0,0,0,0,0,0
n012w8-0,n012w8,0,5,500000,100.0,adaptive,2026-07-04T12:11:50+01:00,4,2,35,20371,30,0.000000,780,795,780,15,1.8868,GLOBAL_BEST,0,123,0,35941,8438,112,39,0,3846.1538,0.0000,0,0,0,0,0,0
n012w8-0,n012w8,0,5,500000,100.0,adaptive,2026-07-04T12:11:50+01:00,4,1,35,21775,33,54.791350,815,820,815,5,0.6098,LOCAL_BEST,0,123,4535,38150,9315,113,1404,3,35.6125,1666.6667,0,0,0,0,0,0
n012w8-0,n012w8,0,5,500000,100.0,adaptive,2026-07-04T12:11:50+01:00,4,1,35,21792,33,54.765619,800,815,800,15,1.8405,LOCAL_BEST,0,123,4536,38185,9327,114,17,0,8823.5294,0.0000,0,0,0,0,0,0
n012w8-0,n012w8,0,5,500000,100.0,adaptive,2026-07-04T12:11:50+01:00,4,1,35,21794,33,54.762593,785,800,785,15,1.8750,LOCAL_BEST,0,123,4536,38190,9327,115,2,0,75000.0000,0.0000,0,0,0,0,0,0
n012w8-0,n012w8,0,5,500000,100.0,adaptive,2026-07-04T12:11:50+01:00,4,1,35,21800,33,54.753514,755,785,755,30,3.8217,GLOBAL_BEST,0,123,4536,38195,9331,116,6,0,50000.0000,0.0000,0,0,0,0,0,0
n012w8-0,n012w8,0,5,500000,100.0,adaptive,2026-07-04T12:11:50+01:00,4,1,35,21806,33,54.744438,740,755,740,15,1.9868,GLOBAL_BEST,0,123,4536,38203,9335,117,6,0,25000.0000,0.0000,0,0,0,0,0,0
n012w8-0,n012w8,0,5,500000,100.0,adaptive,2026-07-04T12:11:50+01:00,4,1,35,21807,33,54.742925,725,740,725,15,2.0270,GLOBAL_BEST,0,123,4536,38203,9335,118,1,0,150000.0000,0.0000,0,0,0,0,0,0
n012w8-0,n012w8,0,5,500000,100.0,adaptive,2026-07-04T12:11:50+01:00,4,1,35,21814,33,54.732338,710,725,710,15,2.0690,GLOBAL_BEST,0,123,4536,38216,9341,119,7,0,21428.5714,0.0000,0,0,0,0,0,0
n012w8-0,n012w8,0,5,500000,100.0,adaptive,2026-07-04T12:11:50+01:00,4,1,35,23056,35,52.885912,640,710,640,70,9.8592,GLOBAL_BEST,0,123,4728,40250,10026,120,1242,2,563.6071,35000.0000,0,0,0,0,0,0
n012w8-0,n012w8,0,5,500000,100.0,adaptive,2026-07-04T12:11:50+01:00,4,2,35,26400,40,0.000000,750,780,750,30,3.8462,LOCAL_BEST,0,123,0,46021,12208,121,3344,5,89.7129,6000.0000,0,0,0,0,0,0
n012w8-0,n012w8,0,5,500000,100.0,adaptive,2026-07-04T12:11:50+01:00,4,4,35,28304,99,45.747145,555,570,555,15,2.6316,LOCAL_BEST,1,123,5394,48721,13039,122,1904,59,78.7815,254.2373,0,0,0,0,0,0
n012w8-0,n012w8,0,5,500000,100.0,adaptive,2026-07-04T12:11:50+01:00,4,4,35,28364,99,45.671366,540,555,540,15,2.7027,LOCAL_BEST,1,123,5399,48778,13084,123,60,0,2500.0000,0.0000,0,0,0,0,0,0
n012w8-0,n012w8,0,5,500000,100.0,adaptive,2026-07-04T12:11:50+01:00,4,5,35,28531,91,0.000000,285,345,285,60,17.3913,LOCAL_BEST,1,123,0,44644,24013,124,167,-8,3592.8144,0.0000,0,0,0,0,0,0
n012w8-0,n012w8,0,5,500000,100.0,adaptive,2026-07-04T12:11:50+01:00,4,2,35,29354,44,0.000000,730,750,730,20,2.6667,LOCAL_BEST,0,123,0,50916,14160,125,823,-47,243.0134,0.0000,0,0,0,0,0,0
n012w8-0,n012w8,0,5,500000,100.0,adaptive,2026-07-04T12:11:50+01:00,4,2,35,30299,45,0.000000,690,730,690,40,5.4795,LOCAL_BEST,0,123,0,52493,14766,126,945,1,423.2804,40000.0000,0,0,0,0,0,0
n012w8-0,n012w8,0,5,500000,100.0,adaptive,2026-07-04T12:11:50+01:00,4,2,35,30600,46,0.000000,660,690,660,30,4.3478,LOCAL_BEST,0,123,0,52965,14978,127,301,1,996.6777,30000.0000,0,0,0,0,0,0
n012w8-0,n012w8,0,5,500000,100.0,adaptive,2026-07-04T12:11:50+01:00,4,2,35,34621,51,0.000000,645,660,645,15,2.2727,LOCAL_BEST,0,123,0,59492,17807,128,4021,5,37.3042,3000.0000,0,0,0,0,0,0
n012w8-0,n012w8,0,5,500000,100.0,adaptive,2026-07-04T12:11:50+01:00,4,1,35,36250,53,36.729245,615,640,615,25,3.9062,GLOBAL_BEST,0,123,6450,62324,18049,129,1629,2,153.4684,12500.0000,0,0,0,0,0,0
n012w8-0,n012w8,0,5,500000,100.0,adaptive,2026-07-04T12:11:50+01:00,4,1,35,36261,53,36.718083,555,615,555,60,9.7561,GLOBAL_BEST,0,123,6450,62345,18058,130,11,0,54545.4545,0.0000,0,0,0,0,0,0
n012w8-0,n012w8,0,5,500000,100.0,adaptive,2026-07-04T12:11:50+01:00,4,1,35,36297,53,36.681577,540,555,540,15,2.7027,GLOBAL_BEST,0,123,6453,62409,18083,131,36,0,4166.6667,0.0000,0,0,0,0,0,0
n012w8-0,n012w8,0,5,500000,100.0,adaptive,2026-07-04T12:11:50+01:00,4,1,35,36306,53,36.672456,510,540,510,30,5.5556,GLOBAL_BEST,0,123,6454,62426,18088,132,9,0,33333.3333,0.0000,0,0,0,0,0,0
n012w8-0,n012w8,0,5,500000,100.0,adaptive,2026-07-04T12:11:50+01:00,4,4,35,36605,112,36.370729,525,540,525,15,2.7778,LOCAL_BEST,1,123,6431,62444,18262,133,299,59,501.6722,254.2373,0,0,0,0,0,0
n012w8-0,n012w8,0,5,500000,100.0,adaptive,2026-07-04T12:11:50+01:00,4,1,35,36721,54,36.254340,480,510,480,30,5.8824,GLOBAL_BEST,0,123,6487,63089,18379,134,116,-58,2586.2069,0.0000,0,0,0,0,0,0
n012w8-0,n012w8,0,5,500000,100.0,adaptive,2026-07-04T12:11:50+01:00,4,1,35,36732,54,36.243322,465,480,465,15,3.1250,GLOBAL_BEST,0,123,6487,63103,18387,135,11,0,13636.3636,0.0000,0,0,0,0,0,0
n012w8-0,n012w8,0,5,500000,100.0,adaptive,2026-07-04T12:11:50+01:00,4,2,35,37692,54,0.000000,630,645,630,15,2.3256,LOCAL_BEST,0,123,0,64450,20009,136,960,0,156.2500,0.0000,0,0,0,0,0,0
n012w8-0,n012w8,0,5,500000,100.0,adaptive,2026-07-04T12:11:50+01:00,4,4,35,39120,115,33.929073,505,525,505,20,3.8095,LOCAL_BEST,1,123,6666,66678,20032,137,1428,61,140.0560,327.8689,0,0,0,0,0,0
n012w8-0,n012w8,0,5,500000,100.0,adaptive,2026-07-04T12:11:50+01:00,4,4,35,39224,115,33.831714,495,505,495,10,1.9802,LOCAL_BEST,1,123,6673,66869,20113,138,104,0,961.5385,0.0000,0,0,0,0,0,0
n012w8-0,n012w8,0,5,500000,100.0,adaptive,2026-07-04T12:11:50+01:00,4,4,35,39226,115,33.829844,480,495,480,15,3.0303,LOCAL_BEST,1,123,6673,66873,20114,139,2,0,75000.0000,0.0000,0,0,0,0,0,0
n012w8-0,n012w8,0,5,500000,100.0,adaptive,2026-07-04T12:11:50+01:00,4,4,35,39230,115,33.826106,420,480,420,60,12.5000,LOCAL_BEST,1,123,6673,66879,20116,140,4,0,150000.0000,0.0000,0,0,0,0,0,0
n012w8-0,n012w8,0,5,500000,100.0,adaptive,2026-07-04T12:11:50+01:00,4,2,35,40631,59,0.000000,585,630,585,45,7.1429,LOCAL_BEST,0,123,0,69466,22199,141,1401,-56,321.1991,0.0000,0,0,0,0,0,0
n012w8-0,n012w8,0,5,500000,100.0,adaptive,2026-07-04T12:11:50+01:00,4,2,35,40633,59,0.000000,510,585,510,75,12.8205,LOCAL_BEST,0,123,0,69474,22199,142,2,0,375000.0000,0.0000,0,0,0,0,0,0
n012w8-0,n012w8,0,5,500000,100.0,adaptive,2026-07-04T12:11:50+01:00,4,2,35,46502,67,0.000000,465,510,465,45,8.8235,LOCAL_BEST,0,123,0,78940,26494,143,5869,8,76.6741,5625.0000,0,0,0,0,0,0
n012w8-0,n012w8,0,5,500000,100.0,adaptive,2026-07-04T12:11:50+01:00,4,1,35,46512,68,27.661008,450,465,450,15,3.2258,LOCAL_BEST,0,123,7302,79093,25375,144,10,1,15000.0000,15000.0000,0,0,0,0,0,0
n012w8-0,n012w8,0,5,500000,100.0,adaptive,2026-07-04T12:11:50+01:00,4,1,35,46636,68,27.566397,435,450,435,15,3.3333,LOCAL_BEST,0,123,7312,79257,25477,145,124,0,1209.6774,0.0000,0,0,0,0,0,0
n012w8-0,n012w8,0,5,500000,100.0,adaptive,2026-07-04T12:11:50+01:00,4,4,35,47186,126,27.150636,375,420,375,45,10.7143,LOCAL_BEST,1,123,7336,79766,25956,146,550,58,818.1818,775.8621,0,0,0,0,0,0
n012w8-0,n012w8,0,5,500000,100.0,adaptive,2026-07-04T12:11:50+01:00,4,1,35,48586,70,26.120411,420,435,420,15,3.4483,LOCAL_BEST,0,123,7443,82668,26988,147,1400,-56,107.1429,0.0000,0,0,0,0,0,0
n012w8-0,n012w8,0,5,500000,100.0,adaptive,2026-07-04T12:11:50+01:00,4,1,35,48606,70,26.105980,405,420,405,15,3.5714,LOCAL_BEST,0,123,7445,82694,27004,148,20,0,7500.0000,0.0000,0,0,0,0,0,0
n012w8-0,n012w8,0,5,500000,100.0,adaptive,2026-07-04T12:11:50+01:00,4,1,35,50489,73,24.782436,390,405,390,15,3.7037,LOCAL_BEST,0,123,7553,85522,28563,149,1883,3,79.6601,5000.0000,0,0,0,0,0,0
n012w8-0,n012w8,0,5,500000,100.0,adaptive,2026-07-04T12:11:50+01:00,4,7,35,51999,174,23.769716,240,255,240,15,5.8824,LOCAL_BEST,2,123,7565,87492,29933,150,1510,101,99.3377,148.5149,0,0,0,0,0,0
n012w8-0,n012w8,0,5,500000,100.0,adaptive,2026-07-04T12:11:50+01:00,4,1,35,52408,76,23.502605,345,390,345,45,11.5385,LOCAL_BEST,0,123,7672,88532,30070,151,409,-98,1100.2445,0.0000,0,0,0,0,0,0
n012w8-0,n012w8,0,5,500000,100.0,adaptive,2026-07-04T12:11:50+01:00,4,1,35,54692,79,22.065207,330,345,330,15,4.3478,GLOBAL_BEST,0,123,7796,92290,31911,152,2284,3,65.6743,5000.0000,0,0,0,0,0,0
n012w8-0,n012w8,0,5,500000,100.0,adaptive,2026-07-04T12:11:50+01:00,4,1,35,54705,79,22.057282,285,330,285,45,13.6364,GLOBAL_BEST,0,123,7796,92305,31923,153,13,0,34615.3846,0.0000,0,0,0,0,0,0
n012w8-0,n012w8,0,5,500000,100.0,adaptive,2026-07-04T12:11:50+01:00,4,4,35,55134,138,21.797365,330,375,330,45,12.0000,LOCAL_BEST,1,123,7795,92445,32248,154,429,59,1048.9510,762.7119,0,0,0,0,0,0
n012w8-0,n012w8,0,5,500000,100.0,adaptive,2026-07-04T12:11:50+01:00,4,1,35,57487,83,20.425279,270,285,270,15,5.2632,GLOBAL_BEST,0,123,7929,96498,34238,155,2353,-55,63.7484,0.0000,0,0,0,0,0,0
n012w8-0,n012w8,0,5,500000,100.0,adaptive,2026-07-04T12:11:50+01:00,4,5,35,58526,142,0.000000,255,285,255,30,10.5263,LOCAL_BEST,1,123,0,90490,50287,156,1039,59,288.7392,508.4746,0,0,0,0,0,0
n012w8-0,n012w8,0,5,500000,100.0,adaptive,2026-07-04T12:11:50+01:00,4,2,35,58565,84,0.000000,450,465,450,15,3.2258,LOCAL_BEST,0,123,0,98871,35861,157,39,-58,3846.1538,0.0000,0,0,0,0,0,0
n012w8-0,n012w8,0,5,500000,100.0,adaptive,2026-07-04T12:11:50+01:00,4,2,35,59473,84,0.000000,405,450,405,45,10.0000,LOCAL_BEST,0,123,0,100353,36544,158,908,0,495.5947,0.0000,0,0,0,0,0,0
n012w8-0,n012w8,0,5,500000,100.0,adaptive,2026-07-04T12:11:50+01:00,4,5,35,64601,152,0.000000,225,255,225,30,11.7647,LOCAL_BEST,1,123,0,99861,55619,159,5128,68,58.5023,441.1765,0,0,0,0,0,0
n012w8-0,n012w8,0,5,500000,100.0,adaptive,2026-07-04T12:11:50+01:00,4,1,35,66556,94,15.897909,255,270,255,15,5.5556,GLOBAL_BEST,0,123,8228,111305,42040,160,1955,-58,76.7263,0.0000,0,0,0,0,0,0
n012w8-0,n012w8,0,5,500000,100.0,adaptive,2026-07-04T12:11:50+01:00,4,1,35,67810,97,15.356491,240,255,240,15,5.8824,LOCAL_BEST,0,123,8260,113312,43149,161,1254,3,119.6172,5000.0000,0,0,0,0,0,0
n012w8-0,n012w8,0,5,500000,100.0,adaptive,2026-07-04T12:11:50+01:00,4,1,35,68024,98,15.265956,225,240,225,15,6.2500,LOCAL_BEST,0,123,8261,113633,43341,162,214,1,700.9346,15000.0000,0,0,0,0,0,0
n012w8-0,n012w8,0,5,500000,100.0,adaptive,2026-07-04T12:11:50+01:00,4,1,35,68026,98,15.265112,210,225,210,15,6.6667,GLOBAL_BEST,0,123,8261,113635,43342,163,2,0,75000.0000,0.0000,0,0,0,0,0,0
n012w8-0,n012w8,0,5,500000,100.0,adaptive,2026-07-04T12:11:50+01:00,4,1,35,68145,98,15.215002,195,210,195,15,7.1429,GLOBAL_BEST,0,123,8262,113833,43454,164,119,0,1260.5042,0.0000,0,0,0,0,0,0
n012w8-0,n012w8,0,5,500000,100.0,adaptive,2026-07-04T12:11:50+01:00,4,4,35,68158,161,15.209537,315,330,315,15,4.5455,LOCAL_BEST,1,123,8243,112670,43509,165,13,63,11538.4615,238.0952,0,0,0,0,0,0
n012w8-0,n012w8,0,5,500000,100.0,adaptive,2026-07-04T12:11:50+01:00,4,4,35,68180,161,15.200294,300,315,300,15,4.7619,LOCAL_BEST,1,123,8243,112694,43530,166,22,0,6818.1818,0.0000,0,0,0,0,0,0
n012w8-0,n012w8,0,5,500000,100.0,adaptive,2026-07-04T12:11:50+01:00,4,4,35,68323,161,15.140353,285,300,285,15,5.0000,LOCAL_BEST,1,123,8248,112921,43658,167,143,0,1048.9510,0.0000,0,0,0,0,0,0
n012w8-0,n012w8,0,5,500000,100.0,adaptive,2026-07-04T12:11:50+01:00,4,4,35,68680,162,14.991739,270,285,270,15,5.2632,LOCAL_BEST,1,123,8254,113371,43997,168,357,1,420.1681,15000.0000,0,0,0,0,0,0
n012w8-0,n012w8,0,5,500000,100.0,adaptive,2026-07-04T12:11:50+01:00,4,4,35,68927,162,14.889770,240,270,240,30,11.1111,LOCAL_BEST,1,123,8259,113749,44227,169,247,0,1214.5749,0.0000,0,0,0,0,0,0
n012w8-0,n012w8,0,5,500000,100.0,adaptive,2026-07-04T12:11:50+01:00,4,4,35,69205,163,14.775834,225,240,225,15,6.2500,LOCAL_BEST,1,123,8262,114148,44476,170,278,1,539.5683,15000.0000,0,0,0,0,0,0
n012w8-0,n012w8,0,5,500000,100.0,adaptive,2026-07-04T12:11:50+01:00,4,2,35,69959,101,0.000000,390,405,390,15,3.7037,LOCAL_BEST,0,123,0,116591,45052,171,754,-62,198.9390,0.0000,0,0,0,0,0,0
n012w8-0,n012w8,0,5,500000,100.0,adaptive,2026-07-04T12:11:50+01:00,4,2,35,70003,101,0.000000,375,390,375,15,3.8462,LOCAL_BEST,0,123,0,116662,45086,172,44,0,3409.0909,0.0000,0,0,0,0,0,0
n012w8-0,n012w8,0,5,500000,100.0,adaptive,2026-07-04T12:11:50+01:00,4,7,35,73466,203,13.134695,225,240,225,15,6.2500,LOCAL_BEST,2,123,8251,121044,48399,173,3463,102,43.3150,147.0588,0,0,0,0,0,0
n012w8-0,n012w8,0,5,500000,100.0,adaptive,2026-07-04T12:11:50+01:00,4,1,35,75809,107,12.311302,180,195,180,15,7.6923,GLOBAL_BEST,0,123,8400,125537,50432,174,2343,-96,64.0205,0.0000,0,0,0,0,0,0
n012w8-0,n012w8,0,5,500000,100.0,adaptive,2026-07-04T12:11:50+01:00,4,7,35,77671,208,11.693917,210,225,210,15,6.6667,LOCAL_BEST,2,123,8308,127615,52261,175,1862,101,80.5585,148.5149,0,0,0,0,0,0
n012w8-0,n012w8,0,5,500000,100.0,adaptive,2026-07-04T12:11:50+01:00,4,1,35,77806,110,11.650378,165,180,165,15,8.3333,GLOBAL_BEST,0,123,8427,128448,52283,176,135,-98,1111.1111,0.0000,0,0,0,0,0,0
n012w8-0,n012w8,0,5,500000,100.0,adaptive,2026-07-04T12:11:50+01:00,4,7,35,77918,209,11.614379,195,210,195,15,7.1429,LOCAL_BEST,2,123,8309,127976,52493,177,112,99,1339.2857,151.5152,0,0,0,0,0,0
n012w8-0,n012w8,0,5,500000,100.0,adaptive,2026-07-04T12:11:50+01:00,4,7,35,82683,217,10.181599,180,195,180,15,7.6923,LOCAL_BEST,2,123,8349,135120,56995,178,4765,8,31.4795,1875.0000,0,0,0,0,0,0
n012w8-0,n012w8,0,5,500000,100.0,adaptive,2026-07-04T12:11:50+01:00,4,7,35,82686,217,10.180755,165,180,165,15,8.3333,LOCAL_BEST,2,123,8349,135121,56997,179,3,0,50000.0000,0.0000,0,0,0,0,0,0
n012w8-0,n012w8,0,5,500000,100.0,adaptive,2026-07-04T12:11:50+01:00,4,5,35,86356,181,0.000000,210,225,210,15,6.6667,LOCAL_BEST,1,123,0,133518,75102,180,3670,-36,40.8719,0.0000,0,0,0,0,0,0
n012w8-0,n012w8,0,5,500000,100.0,adaptive,2026-07-04T12:11:50+01:00,4,2,35,89331,133,0.000000,345,375,345,30,8.0000,LOCAL_BEST,0,123,0,146739,61185,181,2975,-48,100.8403,0.0000,0,0,0,0,0,0
n012w8-0,n012w8,0,5,500000,100.0,adaptive,2026-07-04T12:11:50+01:00,4,2,35,96617,142,0.000000,330,345,330,15,4.3478,LOCAL_BEST,0,123,0,158553,67451,182,7286,9,20.5874,1666.6667,0,0,0,0,0,0
n012w8-0,n012w8,0,5,500000,100.0,adaptive,2026-07-04T12:11:50+01:00,4,2,35,105772,157,0.000000,255,330,255,75,22.7273,LOCAL_BEST,0,123,0,172617,75257,183,9155,15,81.9224,5000.0000,0,0,0,0,0,0
n012w8-0,n012w8,0,5,500000,100.0,adaptive,2026-07-04T12:11:50+01:00,4,1,35,127806,178,2.926362,180,165,165,0,0.0000,REHEAT,0,123,8622,202408,100264,184,22034,21,0.0000,0.0000,0,0,0,0,0,0
n012w8-0,n012w8,0,5,500000,100.0,adaptive,2026-07-04T12:11:50+01:00,4,1,35,177806,254,25.118864,885,165,165,0,0.0000,REHEAT,0,123,16007,285734,128707,185,50000,76,0.0000,0.0000,0,0,0,0,0,0
n012w8-0,n012w8,0,5,500000,100.0,adaptive,2026-07-04T12:11:50+01:00,4,2,35,190622,289,0.000000,225,255,225,30,11.7647,LOCAL_BEST,0,123,0,301817,151059,186,12816,35,23.4082,857.1429,0,0,0,0,0,0
n012w8-0,n012w8,0,5,500000,100.0,adaptive,2026-07-04T12:11:50+01:00,4,2,35,204144,314,0.000000,210,225,210,15,6.6667,LOCAL_BEST,0,123,0,323317,163119,187,13522,25,11.0930,600.0000,0,0,0,0,0,0
n012w8-0,n012w8,0,5,500000,100.0,adaptive,2026-07-04T12:11:50+01:00,4,5,35,211091,350,0.000000,195,210,195,15,7.1429,LOCAL_BEST,1,123,0,317075,190661,188,6947,36,21.5921,416.6667,0,0,0,0,0,0
n012w8-0,n012w8,0,5,500000,100.0,adaptive,2026-07-04T12:11:50+01:00,4,2,35,215013,329,0.000000,195,210,195,15,7.1429,LOCAL_BEST,0,123,0,339791,172932,189,3922,-21,38.2458,0.0000,0,0,0,0,0,0
n012w8-0,n012w8,0,5,500000,100.0,adaptive,2026-07-04T12:11:50+01:00,4,5,35,220844,367,0.000000,180,195,180,15,7.6923,LOCAL_BEST,1,123,0,332093,199694,190,5831,38,25.7246,394.7368,0,0,0,0,0,0
n012w8-0,n012w8,0,5,500000,100.0,adaptive,2026-07-04T12:11:50+01:00,4,1,35,227806,332,25.118864,735,165,165,0,0.0000,REHEAT,0,123,23281,369602,157514,191,6962,-35,0.0000,0.0000,0,0,0,0,0,0
n012w8-0,n012w8,0,5,500000,100.0,adaptive,2026-07-04T12:11:50+01:00,4,2,35,239150,362,0.000000,180,195,180,15,7.6923,LOCAL_BEST,0,123,0,376836,194521,192,11344,30,13.2228,500.0000,0,0,0,0,0,0
n012w8-0,n012w8,0,5,500000,100.0,adaptive,2026-07-04T12:11:50+01:00,4,2,35,249412,374,0.000000,165,180,165,15,8.3333,LOCAL_BEST,0,123,0,392754,203813,193,10262,12,14.6170,1250.0000,0,0,0,0,0,0
n012w8-0,n012w8,0,5,500000,100.0,adaptive,2026-07-04T12:11:50+01:00,4,5,35,251754,418,0.000000,165,180,165,15,8.3333,LOCAL_BEST,1,123,0,378403,228509,194,2342,44,64.0478,340.9091,0,0,0,0,0,0
n012w8-0,n012w8,0,5,500000,100.0,adaptive,2026-07-04T12:11:50+01:00,4,1,35,277806,410,25.118864,625,165,165,0,0.0000,REHEAT,0,123,30648,453619,185867,195,26052,-8,0.0000,0.0000,0,0,0,0,0,0
n012w8-0,n012w8,0,5,500000,100.0,adaptive,2026-07-04T12:11:50+01:00,4,1,35,327806,488,25.118864,735,165,165,0,0.0000,REHEAT,0,123,38166,539017,213953,196,50000,78,0.0000,0.0000,0,0,0,0,0,0
n012w8-0,n012w8,0,5,500000,100.0,adaptive,2026-07-04T12:11:50+01:00,4,2,35,365049,552,0.000000,150,165,150,15,9.0909,GLOBAL_BEST,0,123,0,575108,310077,197,37243,64,4.0276,234.3750,0,0,0,0,0,0
n012w8-0,n012w8,0,5,500000,100.0,adaptive,2026-07-04T12:11:50+01:00,4,2,35,370004,557,0.000000,135,150,135,15,10.0000,GLOBAL_BEST,0,123,0,582853,314610,198,4955,5,30.2725,3000.0000,0,0,0,0,0,0
n012w8-0,n012w8,0,5,500000,100.0,adaptive,2026-07-04T12:11:50+01:00,4,1,35,377806,576,25.118864,465,165,165,0,0.0000,REHEAT,0,123,45776,623093,241936,199,7802,19,0.0000,0.0000,0,0,0,0,0,0
n012w8-0,n012w8,0,5,500000,100.0,adaptive,2026-07-04T12:11:50+01:00,4,1,35,427806,681,25.118864,645,165,165,0,0.0000,REHEAT,0,123,53239,706828,270325,200,50000,105,0.0000,0.0000,0,0,0,0,0,0
n012w8-0,n012w8,0,5,500000,100.0,adaptive,2026-07-04T12:11:50+01:00,4,3,35,446958,784,0.000000,1080,1150,1080,70,6.0870,LOCAL_BEST,0,123,166993,829551,17852,201,19152,103,36.5497,679.6117,0,0,0,0,0,0
n012w8-0,n012w8,0,5,500000,100.0,adaptive,2026-07-04T12:11:50+01:00,4,1,35,477806,786,25.118864,685,165,165,0,0.0000,REHEAT,0,123,60709,791755,298518,202,30848,2,0.0000,0.0000,0,0,0,0,0,0
n012w8-0,n012w8,0,5,500000,100.0,adaptive,2026-07-04T12:11:50+01:00,4,3,35,480838,845,0.000000,1060,1080,1060,20,1.8519,LOCAL_BEST,0,123,179699,892061,19231,203,3032,59,65.9631,338.9831,0,0,0,0,0,0
n012w8-0,n012w8,0,5,500000,100.0,adaptive,2026-07-04T12:11:50+01:00,5,3,51,1,1,0.000000,4110,4320,4110,210,4.8611,GLOBAL_BEST,0,777,0,2,0,1,1,1,2100000.0000,210000.0000,0,0,0,0,0,0
n012w8-0,n012w8,0,5,500000,100.0,adaptive,2026-07-04T12:11:50+01:00,5,1,51,1,1,100.000000,4210,4320,4210,110,2.5463,LOCAL_BEST,0,777,0,0,0,2,0,0,0.0000,0.0000,0,0,0,0,0,0
n012w8-0,n012w8,0,5,500000,100.0,adaptive,2026-07-04T12:11:50+01:00,5,2,51,2,1,0.000000,4110,4320,4110,210,4.8611,LOCAL_BEST,0,777,0,1,0,3,1,0,2100000.0000,0.0000,0,0,0,0,0,0
n012w8-0,n012w8,0,5,500000,100.0,adaptive,2026-07-04T12:11:50+01:00,5,2,51,3,1,0.000000,3935,4110,3935,175,4.2579,GLOBAL_BEST,0,777,0,4,0,4,1,0,1750000.0000,0.0000,0,0,0,0,0,0
n012w8-0,n012w8,0,5,500000,100.0,adaptive,2026-07-04T12:11:50+01:00,5,3,51,3,1,0.000000,3930,4110,3930,180,4.3796,GLOBAL_BEST,0,777,0,4,1,5,0,0,0.0000,0.0000,0,0,0,0,0,0
n012w8-0,n012w8,0,5,500000,100.0,adaptive,2026-07-04T12:11:50+01:00,5,1,51,3,1,99.994474,3940,4210,3940,270,6.4133,LOCAL_BEST,0,777,0,5,0,6,0,0,0.0000,0.0000,0,0,0,0,0,0
n012w8-0,n012w8,0,5,500000,100.0,adaptive,2026-07-04T12:11:50+01:00,5,2,51,4,1,0.000000,3665,3935,3665,270,6.8615,GLOBAL_BEST,0,777,0,6,0,7,1,0,2700000.0000,0.0000,0,0,0,0,0,0
n012w8-0,n012w8,0,5,500000,100.0,adaptive,2026-07-04T12:11:50+01:00,5,1,51,4,1,99.991711,3670,3940,3670,270,6.8528,LOCAL_BEST,0,777,0,5,0,8,0,0,0.0000,0.0000,0,0,0,0,0,0
n012w8-0,n012w8,0,5,500000,100.0,adaptive,2026-07-04T12:11:50+01:00,5,3,51,5,1,0.000000,3750,3930,3750,180,4.5802,LOCAL_BEST,0,777,0,6,1,9,1,0,1800000.0000,0.0000,0,0,0,0,0,0
n012w8-0,n012w8,0,5,500000,100.0,adaptive,2026-07-04T12:11:50+01:00,5,2,51,5,1,0.000000,3545,3665,3545,120,3.2742,GLOBAL_BEST,0,777,0,9,0,10,0,0,0.0000,0.0000,0,0,0,0,0,0
n012w8-0,n012w8,0,5,500000,100.0,adaptive,2026-07-04T12:11:50+01:00,5,2,51,6,1,0.000000,3525,3545,3525,20,0.5642,GLOBAL_BEST,0,777,0,9,0,11,1,0,200000.0000,0.0000,0,0,0,0,0,0
n012w8-0,n012w8,0,5,500000,100.0,adaptive,2026-07-04T12:11:50+01:00,5,1,51,7,1,99.983423,3505,3670,3505,165,4.4959,GLOBAL_BEST,0,777,0,13,0,12,1,0,1650000.0000,0.0000,0,0,0,0,0,0
n012w8-0,n012w8,0,5,500000,100.0,adaptive,2026-07-04T12:11:50+01:00,5,2,51,7,1,0.000000,3375,3525,3375,150,4.2553,GLOBAL_BEST,0,777,0,9,0,13,0,0,0.0000,0.0000,0,0,0,0,0,0
n012w8-0,n012w8,0,5,500000,100.0,adaptive,2026-07-04T12:11:50+01:00,5,1,51,8,1,99.980660,3355,3505,3355,150,4.2796,GLOBAL_BEST,0,777,0,13,0,14,1,0,1500000.0000,0.0000,0,0,0,0,0,0
n012w8-0,n012w8,0,5,500000,100.0,adaptive,2026-07-04T12:11:50+01:00,5,2,51,8,1,0.000000,3120,3375,3120,255,7.5556,LOCAL_BEST,0,777,0,9,0,15,0,0,0.0000,0.0000,0,0,0,0,0,0
n012w8-0,n012w8,0,5,500000,100.0,adaptive,2026-07-04T12:11:50+01:00,5,5,51,8,43,0.000000,800,820,800,20,2.4390,GLOBAL_BEST,1,777,0,14,6,16,0,42,0.0000,476.1905,0,0,0,0,0,0
n012w8-0,n012w8,0,5,500000,100.0,adaptive,2026-07-04T12:11:50+01:00,5,1,51,9,1,99.977898,3055,3355,3055,300,8.9419,GLOBAL_BEST,0,777,0,16,0,17,1,-42,3000000.0000,0.0000,0,0,0,0,0,0
n012w8-0,n012w8,0,5,500000,100.0,adaptive,2026-07-04T12:11:50+01:00,5,2,51,9,1,0.000000,2820,3120,2820,300,9.6154,GLOBAL_BEST,0,777,0,10,0,18,0,0,0.0000,0.0000,0,0,0,0,0,0
n012w8-0,n012w8,0,5,500000,100.0,adaptive,2026-07-04T12:11:50+01:00,5,5,51,9,43,0.000000,785,800,785,15,1.8750,GLOBAL_BEST,1,777,0,15,6,19,0,42,0.0000,357.1429,0,0,0,0,0,0
n012w8-0,n012w8,0,5,500000,100.0,adaptive,2026-07-04T12:11:50+01:00,5,1,51,10,1,99.975135,3010,3055,3010,45,1.4730,GLOBAL_BEST,0,777,0,16,0,20,1,-42,450000.0000,0.0000,0,0,0,0,0,0
n012w8-0,n012w8,0,5,500000,100.0,adaptive,2026-07-04T12:11:50+01:00,5,1,51,11,1,99.972373,2950,3010,2950,60,1.9934,LOCAL_BEST,0,777,0,18,0,21,1,0,600000.0000,0.0000,0,0,0,0,0,0
n012w8-0,n012w8,0,5,500000,100.0,adaptive,2026-07-04T12:11:50+01:00,5,3,51,12,1,0.000000,3560,3750,3560,190,5.0667,LOCAL_BEST,0,777,3,14,1,22,1,0,1900000.0000,0.0000,0,0,0,0,0,0
n012w8-0,n012w8,0,5,500000,100.0,adaptive,2026-07-04T12:11:50+01:00,5,2,51,12,1,0.000000,2640,2820,2640,180,6.3830,GLOBAL_BEST,0,777,0,15,0,23,0,0,0.0000,0.0000,0,0,0,0,0,0
n012w8-0,n012w8,0,5,500000,100.0,adaptive,2026-07-04T12:11:50+01:00,5,3,51,13,1,0.000000,3260,3560,3260,300,8.4270,GLOBAL_BEST,0,777,3,15,1,24,1,0,3000000.0000,0.0000,0,0,0,0,0,0
n012w8-0,n012w8,0,5,500000,100.0,adaptive,2026-07-04T12:11:50+01:00,5,3,51,14,1,0.000000,3230,3260,3230,30,0.9202,LOCAL_BEST,0,777,3,17,1,25,1,0,300000.0000,0.0000,0,0,0,0,0,0
n012w8-0,n012w8,0,5,500000,100.0,adaptive,2026-07-04T12:11:50+01:00,5,2,51,14,1,0.000000,2325,2640,2325,315,11.9318,GLOBAL_BEST,0,777,0,17,0,26,0,0,0.0000,0.0000,0,0,0,0,0,0
n012w8-0,n012w8,0,5,500000,100.0,adaptive,2026-07-04T12:11:50+01:00,5,3,51,15,1,0.000000,2870,3230,2870,360,11.1455,GLOBAL_BEST,0,777,3,18,1,27,1,0,3600000.0000,0.0000,0,0,0,0,0,0
n012w8-0,n012w8,0,5,500000,100.0,adaptive,2026-07-04T12:11:50+01:00,5,3,51,16,1,0.000000,2810,2870,2810,60,2.0906,GLOBAL_BEST,0,777,3,18,1,28,1,0,600000.0000,0.0000,0,0,0,0,0,0
n012w8-0,n012w8,0,5,500000,100.0,adaptive,2026-07-04T12:11:50+01:00,5,2,51,16,1,0.000000,2295,2325,2295,30,1.2903,GLOBAL_BEST,0,777,0,18,0,29,0,0,0.0000,0.0000,0,0,0,0,0,0
n012w8-0,n012w8,0,5,500000,100.0,adaptive,2026-07-04T12:11:50+01:00,5,3,51,17,1,0.000000,2660,2810,2660,150,5.3381,GLOBAL_BEST,0,777,3,19,1,30,1,0,1500000.0000,0.0000,0,0,0,0,0,0
n012w8-0,n012w8,0,5,500000,100.0,adaptive,2026-07-04T12:11:50+01:00,5,2,51,17,1,0.000000,1980,2295,1980,315,13.7255,GLOBAL_BEST,0,777,0,19,0,31,0,0,0.0000,0.0000,0,0,0,0,0,0
n012w8-0,n012w8,0,5,500000,100.0,adaptive,2026-07-04T12:11:50+01:00,5,3,51,18,1,0.000000,2650,2660,2650,10,0.3759,LOCAL_BEST,0,777,3,19,1,32,1,0,100000.0000,0.0000,0,0,0,0,0,0
n012w8-0,n012w8,0,5,500000,100.0,adaptive,2026-07-04T12:11:50+01:00,5,2,51,18,1,0.000000,1950,1980,1950,30,1.5152,GLOBAL_BEST,0,777,0,20,0,33,0,0,0.0000,0.0000,0,0,0,0,0,0
n012w8-0,n012w8,0,5,500000,100.0,adaptive,2026-07-04T12:11:50+01:00,5,3,51,19,1,0.000000,2560,2650,2560,90,3.3962,GLOBAL_BEST,0,777,3,21,1,34,1,0,900000.0000,0.0000,0,0,0,0,0,0
n012w8-0,n012w8,0,5,500000,100.0,adaptive,2026-07-04T12:11:50+01:00,5,1,51,19,1,99.950277,2830,2950,2830,120,4.0678,LOCAL_BEST,0,777,4,38,2,35,0,0,0.0000,0.0000,0,0,0,0,0,0
n012w8-0,n012w8,0,5,500000,100.0,adaptive,2026-07-04T12:11:50+01:00,5,1,51,21,1,99.944753,2710,2830,2710,120,4.2403,LOCAL_BEST,0,777,4,41,2,36,2,0,600000.0000,0.0000,0,0,0,0,0,0
n012w8-0,n012w8,0,5,500000,100.0,adaptive,2026-07-04T12:11:50+01:00,5,1,51,22,1,99.941992,2535,2710,2535,175,6.4576,LOCAL_BEST,0,777,4,42,2,37,1,0,1750000.0000,0.0000,0,0,0,0,0,0
n012w8-0,n012w8,0,5,500000,100.0,adaptive,2026-07-04T12:11:50+01:00,5,1,51,23,1,99.939230,2520,2535,2520,15,0.5917,LOCAL_BEST,0,777,4,44,2,38,1,0,150000.0000,0.0000,0,0,0,0,0,0
n012w8-0,n012w8,0,5,500000,100.0,adaptive,2026-07-04T12:11:50+01:00,5,1,51,26,1,99.930946,2390,2520,2390,130,5.1587,LOCAL_BEST,0,777,4,54,3,39,3,0,433333.3333,0.0000,0,0,0,0,0,0
n012w8-0,n012w8,0,5,500000,100.0,adaptive,2026-07-04T12:11:50+01:00,5,1,51,28,1,99.925424,2360,2390,2360,30,1.2552,LOCAL_BEST,0,777,4,65,4,40,2,0,150000.0000,0.0000,0,0,0,0,0,0
n012w8-0,n012w8,0,5,500000,100.0,adaptive,2026-07-04T12:11:50+01:00,5,1,51,33,1,99.911620,2300,2360,2300,60,2.5424,LOCAL_BEST,0,777,4,80,8,41,5,0,120000.0000,0.0000,0,0,0,0,0,0
n012w8-0,n012w8,0,5,500000,100.0,adaptive,2026-07-04T12:11:50+01:00,5,1,51,35,1,99.906099,2260,2300,2260,40,1.7391,LOCAL_BEST,0,777,4,82,9,42,2,0,200000.0000,0.0000,0,0,0,0,0,0
n012w8-0,n012w8,0,5,500000,100.0,adaptive,2026-07-04T12:11:50+01:00,5,1,51,36,1,99.903338,2110,2260,2110,150,6.6372,LOCAL_BEST,0,777,4,82,9,43,1,0,1500000.0000,0.0000,0,0,0,0,0,0
n012w8-0,n012w8,0,5,500000,100.0,adaptive,2026-07-04T12:11:50+01:00,5,1,51,38,1,99.897817,2080,2110,2080,30,1.4218,LOCAL_BEST,0,777,4,87,9,44,2,0,150000.0000,0.0000,0,0,0,0,0,0
n012w8-0,n012w8,0,5,500000,100.0,adaptive,2026-07-04T12:11:50+01:00,5,1,51,39,1,99.895057,1960,2080,1960,120,5.7692,LOCAL_BEST,0,777,4,88,9,45,1,0,1200000.0000,0.0000,0,0,0,0,0,0
n012w8-0,n012w8,0,5,500000,100.0,adaptive,2026-07-04T12:11:50+01:00,5,1,51,43,1,99.884017,1810,1960,1810,150,7.6531,GLOBAL_BEST,0,777,5,94,10,46,4,0,375000.0000,0.0000,0,0,0,0,0,0
n012w8-0,n012w8,0,5,500000,100.0,adaptive,2026-07-04T12:11:50+01:00,5,1,51,51,1,99.861940,1615,1810,1615,195,10.7735,GLOBAL_BEST,0,777,6,105,10,47,8,0,243750.0000,0.0000,0,0,0,0,0,0
n012w8-0,n012w8,0,5,500000,100.0,adaptive,2026-07-04T12:11:50+01:00,5,5,51,51,43,0.000000,765,785,765,20,2.5478,GLOBAL_BEST,1,777,0,117,44,48,0,42,0.0000,476.1905,0,0,0,0,0,0
n012w8-0,n012w8,0,5,500000,100.0,adaptive,2026-07-04T12:11:50+01:00,5,3,51,90,1,0.000000,2420,2560,2420,140,5.4688,LOCAL_BEST,0,777,30,118,1,49,39,-42,35897.4359,0.0000,0,0,0,0,0,0
n012w8-0,n012w8,0,5,500000,100.0,adaptive,2026-07-04T12:11:50+01:00,5,8,51,96,96,0.000000,450,465,450,15,3.2258,GLOBAL_BEST,3,777,0,136,89,50,6,95,25000.0000,157.8947,0,0,0,0,0,0
n012w8-0,n012w8,0,5,500000,100.0,adaptive,2026-07-04T12:11:50+01:00,5,3,51,101,1,0.000000,2350,2420,2350,70,2.8926,LOCAL_BEST,0,777,32,134,2,51,5,-95,140000.0000,0.0000,0,0,0,0,0,0
n012w8-0,n012w8,0,5,500000,100.0,adaptive,2026-07-04T12:11:50+01:00,5,3,51,102,1,0.000000,2290,2350,2290,60,2.5532,LOCAL_BEST,0,777,32,143,2,52,1,0,600000.0000,0.0000,0,0,0,0,0,0
n012w8-0,n012w8,0,5,500000,100.0,adaptive,2026-07-04T12:11:50+01:00,5,3,51,103,1,0.000000,2230,2290,2230,60,2.6201,LOCAL_BEST,0,777,32,143,2,53,1,0,600000.0000,0.0000,0,0,0,0,0,0
n012w8-0,n012w8,0,5,500000,100.0,adaptive,2026-07-04T12:11:50+01:00,5,3,51,104,1,0.000000,2080,2230,2080,150,6.7265,LOCAL_BEST,0,777,32,143,2,54,1,0,1500000.0000,0.0000,0,0,0,0,0,0
n012w8-0,n012w8,0,5,500000,100.0,adaptive,2026-07-04T12:11:50+01:00,5,1,51,115,1,99.685502,1600,1615,1600,15,0.9288,GLOBAL_BEST,0,777,26,208,31,55,11,0,13636.3636,0.0000,0,0,0,0,0,0
n012w8-0,n012w8,0,5,500000,100.0,adaptive,2026-07-04T12:11:50+01:00,5,1,51,123,1,99.663469,1550,1600,1550,50,3.1250,GLOBAL_BEST,0,777,27,219,35,56,8,0,62500.0000,0.0000,0,0,0,0,0,0
n012w8-0,n012w8,0,5,500000,100.0,adaptive,2026-07-04T12:11:50+01:00,5,1,51,126,1,99.655208,1475,1550,1475,75,4.8387,GLOBAL_BEST,0,777,28,221,35,57,3,0,250000.0000,0.0000,0,0,0,0,0,0
n012w8-0,n012w8,0,5,500000,100.0,adaptive,2026-07-04T12:11:50+01:00,5,3,51,129,1,0.000000,2050,2080,2050,30,1.4423,LOCAL_BEST,0,777,42,195,4,58,3,0,100000.0000,0.0000,0,0,0,0,0,0
n012w8-0,n012w8,0,5,500000,100.0,adaptive,2026-07-04T12:11:50+01:00,5,3,51,130,1,0.000000,2035,2050,2035,15,0.7317,LOCAL_BEST,0,777,42,198,4,59,1,0,150000.0000,0.0000,0,0,0,0,0,0
n012w8-0,n012w8,0,5,500000,100.0,adaptive,2026-07-04T12:11:50+01:00,5,1,51,130,1,99.644194,1445,1475,1445,30,2.0339,GLOBAL_BEST,0,777,29,233,36,60,0,0,0.0000,0.0000,0,0,0,0,0,0
n012w8-0,n012w8,0,5,500000,100.0,adaptive,2026-07-04T12:11:50+01:00,5,2,51,131,1,0.000000,1855,1950,1855,95,4.8718,LOCAL_BEST,0,777,0,202,0,61,1,0,950000.0000,0.0000,0,0,0,0,0,0
n012w8-0,n012w8,0,5,500000,100.0,adaptive,2026-07-04T12:11:50+01:00,5,3,51,133,1,0.000000,1960,2035,1960,75,3.6855,LOCAL_BEST,0,777,44,202,4,62,2,0,375000.0000,0.0000,0,0,0,0,0,0
n012w8-0,n012w8,0,5,500000,100.0,adaptive,2026-07-04T12:11:50+01:00,5,3,51,138,1,0.000000,1930,1960,1930,30,1.5306,LOCAL_BEST,0,777,46,205,4,63,5,0,60000.0000,0.0000,0,0,0,0,0,0
n012w8-0,n012w8,0,5,500000,100.0,adaptive,2026-07-04T12:11:50+01:00,5,3,51,143,1,0.000000,1660,1930,1660,270,13.9896,LOCAL_BEST,0,777,47,209,4,64,5,0,540000.0000,0.0000,0,0,0,0,0,0
n012w8-0,n012w8,0,5,500000,100.0,adaptive,2026-07-04T12:11:50+01:00,5,5,51,158,44,0.000000,740,765,740,25,3.2680,GLOBAL_BEST,1,777,0,282,131,65,15,43,16666.6667,581.3953,0,0,0,0,0,0
n012w8-0,n012w8,0,5,500000,100.0,adaptive,2026-07-04T12:11:50+01:00,5,1,51,182,1,99.501127,1405,1445,1405,40,2.7682,GLOBAL_BEST,0,777,43,322,54,66,24,-43,16666.6667,0.0000,0,0,0,0,0,0
n012w8-0,n012w8,0,5,500000,100.0,adaptive,2026-07-04T12:11:50+01:00,5,1,51,191,1,99.476386,1375,1405,1375,30,2.1352,GLOBAL_BEST,0,777,44,331,59,67,9,0,33333.3333,0.0000,0,0,0,0,0,0
n012w8-0,n012w8,0,5,500000,100.0,adaptive,2026-07-04T12:11:50+01:00,5,5,51,249,44,0.000000,735,740,735,5,0.6757,GLOBAL_BEST,1,777,0,441,209,68,58,43,862.0690,116.2791,0,0,0,0,0,0
n012w8-0,n012w8,0,5,500000,100.0,adaptive,2026-07-04T12:11:50+01:00,5,5,51,276,44,0.000000,720,735,720,15,2.0408,GLOBAL_BEST,1,777,0,482,229,69,27,0,5555.5556,0.0000,0,0,0,0,0,0
n012w8-0,n012w8,0,5,500000,100.0,adaptive,2026-07-04T12:11:50+01:00,5,1,51,325,1,99.108750,1315,1375,1315,60,4.3636,GLOBAL_BEST,0,777,82,538,113,70,49,-43,12244.8980,0.0000,0,0,0,0,0,0
n012w8-0,n012w8,0,5,500000,100.0,adaptive,2026-07-04T12:11:50+01:00,5,1,51,326,1,99.106012,1285,1315,1285,30,2.2814,GLOBAL_BEST,0,777,82,538,113,71,1,0,300000.0000,0.0000,0,0,0,0,0,0
n012w8-0,n012w8,0,5,500000,100.0,adaptive,2026-07-04T12:11:50+01:00,5,5,51,356,44,0.000000,715,720,715,5,0.6944,GLOBAL_BEST,1,777,0,632,289,72,30,43,1666.6667,116.2791,0,0,0,0,0,0
n012w8-0,n012w8,0,5,500000,100.0,adaptive,2026-07-04T12:11:50+01:00,5,5,51,374,44,0.000000,690,715,690,25,3.4965,GLOBAL_BEST,1,777,0,668,300,73,18,0,13888.8889,0.0000,0,0,0,0,0,0
n012w8-0,n012w8,0,5,500000,100.0,adaptive,2026-07-04T12:11:50+01:00,5,8,51,509,97,0.000000,440,450,440,10,2.2222,GLOBAL_BEST,3,777,0,751,475,74,135,53,740.7407,188.6792,0,0,0,0,0,0
n012w8-0,n012w8,0,5,500000,100.0,adaptive,2026-07-04T12:11:50+01:00,5,5,51,529,44,0.000000,670,690,670,20,2.8986,GLOBAL_BEST,1,777,0,942,419,75,20,-53,10000.0000,0.0000,0,0,0,0,0,0
n012w8-0,n012w8,0,5,500000,100.0,adaptive,2026-07-04T12:11:50+01:00,5,1,51,638,2,98.255303,1280,1285,1280,5,0.3891,GLOBAL_BEST,0,777,161,1169,220,76,109,-42,458.7156,0.0000,0,0,0,0,0,0
n012w8-0,n012w8,0,5,500000,100.0,adaptive,2026-07-04T12:11:50+01:00,5,1,51,639,2,98.252588,1160,1280,1160,120,9.3750,GLOBAL_BEST,0,777,161,1169,220,77,1,0,1200000.0000,0.0000,0,0,0,0,0,0
n012w8-0,n012w8,0,5,500000,100.0,adaptive,2026-07-04T12:11:50+01:00,5,1,51,640,2,98.249874,1145,1160,1145,15,1.2931,GLOBAL_BEST,0,777,161,1169,220,78,1,0,150000.0000,0.0000,0,0,0,0,0,0
n012w8-0,n012w8,0,5,500000,100.0,adaptive,2026-07-04T12:11:50+01:00,5,1,51,643,2,98.241730,1115,1145,1115,30,2.6201,GLOBAL_BEST,0,777,161,1170,222,79,3,0,100000.0000,0.0000,0,0,0,0,0,0
n012w8-0,n012w8,0,5,500000,100.0,adaptive,2026-07-04T12:11:50+01:00,5,1,51,644,2,98.239015,1085,1115,1085,30,2.6906,GLOBAL_BEST,0,777,161,1170,222,80,1,0,300000.0000,0.0000,0,0,0,0,0,0
n012w8-0,n012w8,0,5,500000,100.0,adaptive,2026-07-04T12:11:50+01:00,5,2,51,680,2,0.000000,1850,1855,1850,5,0.2695,LOCAL_BEST,0,777,0,1189,0,81,36,0,1388.8889,0.0000,0,0,0,0,0,0
n012w8-0,n012w8,0,5,500000,100.0,adaptive,2026-07-04T12:11:50+01:00,5,2,51,684,3,0.000000,1820,1850,1820,30,1.6216,LOCAL_BEST,0,777,0,1194,0,82,4,1,75000.0000,30000.0000,0,0,0,0,0,0
n012w8-0,n012w8,0,5,500000,100.0,adaptive,2026-07-04T12:11:50+01:00,5,2,51,688,3,0.000000,1700,1820,1700,120,6.5934,LOCAL_BEST,0,777,0,1210,0,83,4,0,300000.0000,0.0000,0,0,0,0,0,0
n012w8-0,n012w8,0,5,500000,100.0,adaptive,2026-07-04T12:11:50+01:00,5,3,51,817,3,0.000000,1640,1660,1640,20,1.2048,LOCAL_BEST,0,777,308,1401,26,84,129,0,1550.3876,0.0000,0,0,0,0,0,0
n012w8-0,n012w8,0,5,500000,100.0,adaptive,2026-07-04T12:11:50+01:00,5,3,51,821,3,0.000000,1630,1640,1630,10,0.6098,LOCAL_BEST,0,777,309,1409,26,85,4,0,25000.0000,0.0000,0,0,0,0,0,0
n012w8-0,n012w8,0,5,500000,100.0,adaptive,2026-07-04T12:11:50+01:00,5,2,51,1133,3,0.000000,1680,1700,1680,20,1.1765,LOCAL_BEST,0,777,0,1912,12,86,312,0,641.0256,0.0000,0,0,0,0,0,0
n012w8-0,n012w8,0,5,500000,100.0,adaptive,2026-07-04T12:11:50+01:00,5,2,51,1165,3,0.000000,1595,1680,1595,85,5.0595,LOCAL_BEST,0,777,0,1964,16,87,32,0,26562.5000,0.0000,0,0,0,0,0,0
n012w8-0,n012w8,0,5,500000,100.0,adaptive,2026-07-04T12:11:50+01:00,5,2,51,1166,3,0.000000,1580,1595,1580,15,0.9404,LOCAL_BEST,0,777,0,1967,16,88,1,0,150000.0000,0.0000,0,0,0,0,0,0
n012w8-0,n012w8,0,5,500000,100.0,adaptive,2026-07-04T12:11:50+01:00,5,8,51,1291,98,0.000000,430,440,430,10,2.2727,GLOBAL_BEST,3,777,0,1938,1185,89,125,95,800.0000,105.2632,0,0,0,0,0,0
n012w8-0,n012w8,0,5,500000,100.0,adaptive,2026-07-04T12:11:50+01:00,5,8,51,1336,98,0.000000,415,430,415,15,3.4884,GLOBAL_BEST,3,777,0,1990,1221,90,45,0,3333.3333,0.0000,0,0,0,0,0,0
n012w8-0,n012w8,0,5,500000,100.0,adaptive,2026-07-04T12:11:50+01:00,5,2,51,2001,5,0.000000,1555,1580,1555,25,1.5823,LOCAL_BEST,0,777,0,3592,128,91,665,-93,375.9398,0.0000,0,0,0,0,0,0
n012w8-0,n012w8,0,5,500000,100.0,adaptive,2026-07-04T12:11:50+01:00,5,1,51,2266,5,93.933391,1045,1085,1045,40,3.6866,GLOBAL_BEST,0,777,549,3853,821,92,265,0,1509.4340,0.0000,0,0,0,0,0,0
n012w8-0,n012w8,0,5,500000,100.0,adaptive,2026-07-04T12:11:50+01:00,5,1,51,2275,5,93.910034,1030,1045,1030,15,1.4354,GLOBAL_BEST,0,777,551,3863,825,93,9,0,16666.6667,0.0000,0,0,0,0,0,0
n012w8-0,n012w8,0,5,500000,100.0,adaptive,2026-07-04T12:11:50+01:00,5,1,51,2277,5,93.904845,1000,1030,1000,30,2.9126,GLOBAL_BEST,0,777,551,3864,826,94,2,0,150000.0000,0.0000,0,0,0,0,0,0
n012w8-0,n012w8,0,5,500000,100.0,adaptive,2026-07-04T12:11:50+01:00,5,8,51,2456,100,0.000000,400,415,400,15,3.6145,GLOBAL_BEST,3,777,0,3711,2252,95,179,95,837.9888,157.8947,0,0,0,0,0,0
n012w8-0,n012w8,0,5,500000,100.0,adaptive,2026-07-04T12:11:50+01:00,5,2,51,2459,5,0.000000,1525,1555,1525,30,1.9293,LOCAL_BEST,0,777,0,4402,238,96,3,-95,100000.0000,0.0000,0,0,0,0,0,0
n012w8-0,n012w8,0,5,500000,100.0,adaptive,2026-07-04T12:11:50+01:00,5,2,51,2467,5,0.000000,1435,1525,1435,90,5.9016,LOCAL_BEST,0,777,0,4415,238,97,8,0,112500.0000,0.0000,0,0,0,0,0,0
n012w8-0,n012w8,0,5,500000,100.0,adaptive,2026-07-04T12:11:50+01:00,5,2,51,2472,5,0.000000,1340,1435,1340,95,6.6202,LOCAL_BEST,0,777,0,4425,238,98,5,0,190000.0000,0.0000,0,0,0,0,0,0
n012w8-0,n012w8,0,5,500000,100.0,adaptive,2026-07-04T12:11:50+01:00,5,2,51,2478,5,0.000000,1280,1340,1280,60,4.4776,LOCAL_BEST,0,777,0,4428,238,99,6,0,100000.0000,0.0000,0,0,0,0,0,0
n012w8-0,n012w8,0,5,500000,100.0,adaptive,2026-07-04T12:11:50+01:00,5,5,51,3228,48,0.000000,660,670,660,10,1.4925,GLOBAL_BEST,1,777,0,5192,2636,100,750,43,133.3333,232.5581,0,0,0,0,0,0
n012w8-0,n012w8,0,5,500000,100.0,adaptive,2026-07-04T12:11:50+01:00,5,3,51,3523,7,0.000000,1585,1630,1585,45,2.7607,LOCAL_BEST,0,777,1353,6091,127,101,295,-41,1525.4237,0.0000,0,0,0,0,0,0
n012w8-0,n012w8,0,5,500000,100.0,adaptive,2026-07-04T12:11:50+01:00,5,8,51,3678,102,0.000000,325,400,325,75,18.7500,GLOBAL_BEST,3,777,0,5463,3375,102,155,95,4838.7097,789.4737,0,0,0,0,0,0
n012w8-0,n012w8,0,5,500000,100.0,adaptive,2026-07-04T12:11:50+01:00,5,5,51,4310,50,0.000000,650,660,650,10,1.5152,GLOBAL_BEST,1,777,0,6842,3549,103,632,-52,158.2278,0.0000,0,0,0,0,0,0
n012w8-0,n012w8,0,5,500000,100.0,adaptive,2026-07-04T12:11:50+01:00,5,5,51,4961,51,0.000000,640,650,640,10,1.5385,GLOBAL_BEST,1,777,0,7871,4081,104,651,1,153.6098,10000.0000,0,0,0,0,0,0
n012w8-0,n012w8,0,5,500000,100.0,adaptive,2026-07-04T12:11:50+01:00,5,5,51,5118,51,0.000000,620,640,620,20,3.1250,GLOBAL_BEST,1,777,0,8123,4208,105,157,0,1273.8854,0.0000,0,0,0,0,0,0
n012w8-0,n012w8,0,5,500000,100.0,adaptive,2026-07-04T12:11:50+01:00,5,5,51,5119,51,0.000000,605,620,605,15,2.4194,GLOBAL_BEST,1,777,0,8123,4208,106,1,0,150000.0000,0.0000,0,0,0,0,0,0
n012w8-0,n012w8,0,5,500000,100.0,adaptive,2026-07-04T12:11:50+01:00,5,2,51,5453,11,0.000000,1275,1280,1275,5,0.3906,LOCAL_BEST,0,777,0,9629,1055,107,334,-40,149.7006,0.0000,0,0,0,0,0,0
n012w8-0,n012w8,0,5,500000,100.0,adaptive,2026-07-04T12:11:50+01:00,5,1,51,5768,11,85.269948,935,1000,935,65,6.5000,GLOBAL_BEST,0,777,1380,9666,2088,108,315,0,2063.4921,0.0000,0,0,0,0,0,0
n012w8-0,n012w8,0,5,500000,100.0,adaptive,2026-07-04T12:11:50+01:00,5,2,51,6071,12,0.000000,1245,1275,1245,30,2.3529,LOCAL_BEST,0,777,0,10614,1245,109,303,1,990.0990,30000.0000,0,0,0,0,0,0
n012w8-0,n012w8,0,5,500000,100.0,adaptive,2026-07-04T12:11:50+01:00,5,2,51,6188,12,0.000000,1110,1245,1110,135,10.8434,LOCAL_BEST,0,777,0,10821,1290,110,117,0,11538.4615,0.0000,0,0,0,0,0,0
n012w8-0,n012w8,0,5,500000,100.0,adaptive,2026-07-04T12:11:50+01:00,5,5,51,6395,53,0.000000,590,605,590,15,2.4793,GLOBAL_BEST,1,777,0,10136,5237,111,207,41,724.6377,365.8537,0,0,0,0,0,0
n012w8-0,n012w8,0,5,500000,100.0,adaptive,2026-07-04T12:11:50+01:00,5,5,51,6651,53,0.000000,575,590,575,15,2.5424,GLOBAL_BEST,1,777,0,10560,5440,112,256,0,585.9375,0.0000,0,0,0,0,0,0
n012w8-0,n012w8,0,5,500000,100.0,adaptive,2026-07-04T12:11:50+01:00,5,1,51,7110,13,82.165973,910,935,910,25,2.6738,GLOBAL_BEST,0,777,1692,12010,2644,113,459,-40,544.6623,0.0000,0,0,0,0,0,0
n012w8-0,n012w8,0,5,500000,100.0,adaptive,2026-07-04T12:11:50+01:00,5,3,51,7467,14,0.000000,1575,1585,1575,10,0.6309,LOCAL_BEST,0,777,2862,13050,289,114,357,1,280.1120,10000.0000,0,0,0,0,0,0
n012w8-0,n012w8,0,5,500000,100.0,adaptive,2026-07-04T12:11:50+01:00,5,3,51,7468,14,0.000000,1515,1575,1515,60,3.8095,LOCAL_BEST,0,777,2862,13052,289,115,1,0,600000.0000,0.0000,0,0,0,0,0,0
n012w8-0,n012w8,0,5,500000,100.0,adaptive,2026-07-04T12:11:50+01:00,5,2,51,9663,18,0.000000,1085,1110,1085,25,2.2523,LOCAL_BEST,0,777,0,16533,2831,116,2195,4,113.8952,6250.0000,0,0,0,0,0,0
n012w8-0,n012w8,0,5,500000,100.0,adaptive,2026-07-04T12:11:50+01:00,5,2,51,10005,18,0.000000,1040,1085,1040,45,4.1475,LOCAL_BEST,0,777,0,17120,2983,117,342,0,1315.7895,0.0000,0,0,0,0,0,0
n012w8-0,n012w8,0,5,500000,100.0,adaptive,2026-07-04T12:11:50+01:00,5,5,51,10571,59,0.000000,515,575,515,60,10.4348,GLOBAL_BEST,1,777,0,16732,8661,118,566,41,1060.0707,1463.4146,0,0,0,0,0,0
n012w8-0,n012w8,0,5,500000,100.0,adaptive,2026-07-04T12:11:50+01:00,5,2,51,12493,22,0.000000,1015,1040,1015,25,2.4038,LOCAL_BEST,0,777,0,21269,4200,119,1922,-37,130.0728,0.0000,0,0,0,0,0,0
n012w8-0,n012w8,0,5,500000,100.0,adaptive,2026-07-04T12:11:50+01:00,5,3,51,14233,25,0.000000,1490,1515,1490,25,1.6502,LOCAL_BEST,0,777,5443,25327,582,120,1740,3,143.6782,8333.3333,0,0,0,0,0,0
n012w8-0,n012w8,0,5,500000,100.0,adaptive,2026-07-04T12:11:50+01:00,5,3,51,14234,25,0.000000,1430,1490,1430,60,4.0268,LOCAL_BEST,0,777,5443,25328,582,121,1,0,600000.0000,0.0000,0,0,0,0,0,0
n012w8-0,n012w8,0,5,500000,100.0,adaptive,2026-07-04T12:11:50+01:00,5,4,51,15706,68,64.794777,805,820,805,15,1.8293,LOCAL_BEST,1,777,3559,26761,6321,122,1472,43,101.9022,348.8372,0,0,0,0,0,0
n012w8-0,n012w8,0,5,500000,100.0,adaptive,2026-07-04T12:11:50+01:00,5,4,51,15711,68,64.785826,790,805,790,15,1.8634,LOCAL_BEST,1,777,3560,26764,6324,123,5,0,30000.0000,0.0000,0,0,0,0,0,0
n012w8-0,n012w8,0,5,500000,100.0,adaptive,2026-07-04T12:11:50+01:00,5,5,51,15738,67,0.000000,485,515,485,30,5.8252,GLOBAL_BEST,1,777,0,25063,12933,124,27,-1,11111.1111,0.0000,0,0,0,0,0,0
n012w8-0,n012w8,0,5,500000,100.0,adaptive,2026-07-04T12:11:50+01:00,5,5,51,15740,67,0.000000,470,485,470,15,3.0928,GLOBAL_BEST,1,777,0,25064,12933,125,2,0,75000.0000,0.0000,0,0,0,0,0,0
n012w8-0,n012w8,0,5,500000,100.0,adaptive,2026-07-04T12:11:50+01:00,5,2,51,16258,28,0.000000,1000,1015,1000,15,1.4778,LOCAL_BEST,0,777,0,27701,6222,126,518,-39,289.5753,0.0000,0,0,0,0,0,0
n012w8-0,n012w8,0,5,500000,100.0,adaptive,2026-07-04T12:11:50+01:00,5,1,51,16304,29,63.732947,905,910,905,5,0.5495,GLOBAL_BEST,0,777,3578,27393,6746,127,46,1,1086.9565,5000.0000,0,0,0,0,0,0
n012w8-0,n012w8,0,5,500000,100.0,adaptive,2026-07-04T12:11:50+01:00,5,3,51,16306,29,0.000000,1405,1430,1405,25,1.7483,LOCAL_BEST,0,777,6230,28821,659,128,2,0,125000.0000,0.0000,0,0,0,0,0,0
n012w8-0,n012w8,0,5,500000,100.0,adaptive,2026-07-04T12:11:50+01:00,5,2,51,17232,29,0.000000,980,1000,980,20,2.0000,LOCAL_BEST,0,777,0,29304,6768,129,926,0,215.9827,0.0000,0,0,0,0,0,0
n012w8-0,n012w8,0,5,500000,100.0,adaptive,2026-07-04T12:11:50+01:00,5,2,51,17233,29,0.000000,950,980,950,30,3.0612,LOCAL_BEST,0,777,0,29305,6768,130,1,0,300000.0000,0.0000,0,0,0,0,0,0
n012w8-0,n012w8,0,5,500000,100.0,adaptive,2026-07-04T12:11:50+01:00,5,2,51,17274,29,0.000000,875,950,875,75,7.8947,GLOBAL_BEST,0,777,0,29384,6795,131,41,0,18292.6829,0.0000,0,0,0,0,0,0
n012w8-0,n012w8,0,5,500000,100.0,adaptive,2026-07-04T12:11:50+01:00,5,1,51,17931,31,60.931238,875,905,875,30,3.3149,LOCAL_BEST,0,777,3874,29900,7552,132,657,2,456.6210,15000.0000,0,0,0,0,0,0
n012w8-0,n012w8,0,5,500000,100.0,adaptive,2026-07-04T12:11:50+01:00,5,1,51,18351,32,60.228216,870,875,870,5,0.5714,GLOBAL_BEST,0,777,3947,30587,7776,133,420,1,119.0476,5000.0000,0,0,0,0,0,0
n012w8-0,n012w8,0,5,500000,100.0,adaptive,2026-07-04T12:11:50+01:00,5,1,51,20554,35,56.671408,865,870,865,5,0.5747,GLOBAL_BEST,0,777,4329,34269,8920,134,2203,3,22.6963,1666.6667,0,0,0,0,0,0
n012w8-0,n012w8,0,5,500000,100.0,adaptive,2026-07-04T12:11:50+01:00,5,4,51,22108,81,54.289520,765,790,765,25,3.1646,LOCAL_BEST,1,777,4656,37466,9720,135,1554,46,160.8752,543.4783,0,0,0,0,0,0
n012w8-0,n012w8,0,5,500000,100.0,adaptive,2026-07-04T12:11:50+01:00,5,4,51,22124,81,54.265524,725,765,725,40,5.2288,LOCAL_BEST,1,777,4658,37510,9729,136,16,0,25000.0000,0.0000,0,0,0,0,0,0
n012w8-0,n012w8,0,5,500000,100.0,adaptive,2026-07-04T12:11:50+01:00,5,3,51,24677,44,0.000000,1305,1405,1305,100,7.1174,LOCAL_BEST,0,777,9402,43902,967,137,2553,-37,391.6960,0.0000,0,0,0,0,0,0
n012w8-0,n012w8,0,5,500000,100.0,adaptive,2026-07-04T12:11:50+01:00,5,3,51,24681,44,0.000000,1300,1305,1300,5,0.3831,LOCAL_BEST,0,777,9404,43911,967,138,4,0,12500.0000,0.0000,0,0,0,0,0,0
n012w8-0,n012w8,0,5,500000,100.0,adaptive,2026-07-04T12:11:50+01:00,5,2,51,25373,43,0.000000,865,875,865,10,1.1429,LOCAL_BEST,0,777,0,42643,11734,139,692,-1,144.5087,0.0000,0,0,0,0,0,0
n012w8-0,n012w8,0,5,500000,100.0,adaptive,2026-07-04T12:11:50+01:00,5,2,51,25643,43,0.000000,820,865,820,45,5.2023,GLOBAL_BEST,0,777,0,43096,11902,140,270,0,1666.6667,0.0000,0,0,0,0,0,0
n012w8-0,n012w8,0,5,500000,100.0,adaptive,2026-07-04T12:11:50+01:00,5,1,51,26885,46,47.576446,845,865,845,20,2.3121,LOCAL_BEST,0,777,5355,44773,12419,141,1242,3,161.0306,6666.6667,0,0,0,0,0,0
n012w8-0,n012w8,0,5,500000,100.0,adaptive,2026-07-04T12:11:50+01:00,5,4,51,28335,92,45.707977,670,725,670,55,7.5862,LOCAL_BEST,1,777,5607,47763,13320,142,1450,46,379.3103,1195.6522,0,0,0,0,0,0
n012w8-0,n012w8,0,5,500000,100.0,adaptive,2026-07-04T12:11:50+01:00,5,4,51,28368,92,45.666318,655,670,655,15,2.2388,LOCAL_BEST,1,777,5612,47811,13340,143,33,0,4545.4545,0.0000,0,0,0,0,0,0
n012w8-0,n012w8,0,5,500000,100.0,adaptive,2026-07-04T12:11:50+01:00,5,4,51,28375,92,45.657487,640,655,640,15,2.2901,LOCAL_BEST,1,777,5612,47823,13345,144,7,0,21428.5714,0.0000,0,0,0,0,0,0
n012w8-0,n012w8,0,5,500000,100.0,adaptive,2026-07-04T12:11:50+01:00,5,2,51,29964,50,0.000000,780,820,780,40,4.8780,LOCAL_BEST,0,777,0,50304,14844,145,1589,-42,251.7306,0.0000,0,0,0,0,0,0
n012w8-0,n012w8,0,5,500000,100.0,adaptive,2026-07-04T12:11:50+01:00,5,2,51,32071,53,0.000000,755,780,755,25,3.2051,LOCAL_BEST,0,777,0,53814,16309,146,2107,3,118.6521,8333.3333,0,0,0,0,0,0
n012w8-0,n012w8,0,5,500000,100.0,adaptive,2026-07-04T12:11:50+01:00,5,5,51,32496,96,0.000000,465,470,465,5,1.0638,GLOBAL_BEST,1,777,0,50677,27449,147,425,43,117.6471,116.2791,0,0,0,0,0,0
n012w8-0,n012w8,0,5,500000,100.0,adaptive,2026-07-04T12:11:50+01:00,5,1,51,33151,55,40.012897,825,845,825,20,2.3669,LOCAL_BEST,0,777,6225,55302,16160,148,655,-41,305.3435,0.0000,0,0,0,0,0,0
n012w8-0,n012w8,0,5,500000,100.0,adaptive,2026-07-04T12:11:50+01:00,5,3,51,33725,58,0.000000,1285,1300,1285,15,1.1538,LOCAL_BEST,0,777,12867,59508,1335,149,574,3,261.3240,5000.0000,0,0,0,0,0,0
n012w8-0,n012w8,0,5,500000,100.0,adaptive,2026-07-04T12:11:50+01:00,5,3,51,33726,59,0.000000,1255,1285,1255,30,2.3346,LOCAL_BEST,0,777,12867,59511,1335,150,1,1,300000.0000,30000.0000,0,0,0,0,0,0
n012w8-0,n012w8,0,5,500000,100.0,adaptive,2026-07-04T12:11:50+01:00,5,3,51,33727,59,0.000000,1165,1255,1165,90,7.1713,LOCAL_BEST,0,777,12867,59512,1335,151,1,0,900000.0000,0.0000,0,0,0,0,0,0
n012w8-0,n012w8,0,5,500000,100.0,adaptive,2026-07-04T12:11:50+01:00,5,5,51,33779,98,0.000000,455,465,455,10,2.1505,LOCAL_BEST,1,777,0,52492,28587,152,52,39,1923.0769,256.4103,0,0,0,0,0,0
n012w8-0,n012w8,0,5,500000,100.0,adaptive,2026-07-04T12:11:50+01:00,5,5,51,34348,99,0.000000,450,455,450,5,1.0989,LOCAL_BEST,1,777,0,53306,29095,153,569,1,87.8735,5000.0000,0,0,0,0,0,0
n012w8-0,n012w8,0,5,500000,100.0,adaptive,2026-07-04T12:11:50+01:00,5,1,51,34468,58,38.583001,815,825,815,10,1.2121,LOCAL_BEST,0,777,6402,57602,17002,154,120,-41,833.3333,0.0000,0,0,0,0,0,0
n012w8-0,n012w8,0,5,500000,100.0,adaptive,2026-07-04T12:11:50+01:00,5,1,51,34478,58,38.572341,725,815,725,90,11.0429,LOCAL_BEST,0,777,6402,57614,17011,155,10,0,90000.0000,0.0000,0,0,0,0,0,0
n012w8-0,n012w8,0,5,500000,100.0,adaptive,2026-07-04T12:11:50+01:00,5,5,51,34615,99,0.000000,435,450,435,15,3.3333,LOCAL_BEST,1,777,0,53678,29337,156,137,41,1094.8905,365.8537,0,0,0,0,0,0
n012w8-0,n012w8,0,5,500000,100.0,adaptive,2026-07-04T12:11:50+01:00,5,5,51,35393,101,0.000000,405,435,405,30,6.8966,LOCAL_BEST,1,777,0,54808,30018,157,778,2,385.6041,15000.0000,0,0,0,0,0,0
n012w8-0,n012w8,0,5,500000,100.0,adaptive,2026-07-04T12:11:50+01:00,5,4,51,36613,107,36.362690,570,640,570,70,10.9375,LOCAL_BEST,1,777,6603,61141,18622,158,1220,6,573.7705,11666.6667,0,0,0,0,0,0
n012w8-0,n012w8,0,5,500000,100.0,adaptive,2026-07-04T12:11:50+01:00,5,1,51,36686,61,36.289418,675,725,675,50,6.8966,LOCAL_BEST,0,777,6637,61187,18547,159,73,-46,6849.3151,0.0000,0,0,0,0,0,0
n012w8-0,n012w8,0,5,500000,100.0,adaptive,2026-07-04T12:11:50+01:00,5,1,51,36787,61,36.188285,665,675,665,10,1.4815,LOCAL_BEST,0,777,6647,61329,18623,160,101,0,990.0990,0.0000,0,0,0,0,0,0
n012w8-0,n012w8,0,5,500000,100.0,adaptive,2026-07-04T12:11:50+01:00,5,2,51,37654,61,0.000000,730,755,730,25,3.3113,LOCAL_BEST,0,777,0,62645,20279,161,867,0,288.3506,0.0000,0,0,0,0,0,0
n012w8-0,n012w8,0,5,500000,100.0,adaptive,2026-07-04T12:11:50+01:00,5,1,51,39187,65,33.866319,655,665,655,10,1.5038,LOCAL_BEST,0,777,6911,65301,20263,162,1533,4,65.2316,2500.0000,0,0,0,0,0,0
n012w8-0,n012w8,0,5,500000,100.0,adaptive,2026-07-04T12:11:50+01:00,5,1,51,39194,65,33.859770,625,655,625,30,4.5802,LOCAL_BEST,0,777,6911,65316,20269,163,7,0,42857.1429,0.0000,0,0,0,0,0,0
n012w8-0,n012w8,0,5,500000,100.0,adaptive,2026-07-04T12:11:50+01:00,5,1,51,39219,65,33.836388,595,625,595,30,4.8000,LOCAL_BEST,0,777,6912,65348,20287,164,25,0,12000.0000,0.0000,0,0,0,0,0,0
n012w8-0,n012w8,0,5,500000,100.0,adaptive,2026-07-04T12:11:50+01:00,5,1,51,39304,65,33.757012,580,595,580,15,2.5210,LOCAL_BEST,0,777,6915,65480,20358,165,85,0,1764.7059,0.0000,0,0,0,0,0,0
n012w8-0,n012w8,0,5,500000,100.0,adaptive,2026-07-04T12:11:50+01:00,5,2,51,40322,68,0.000000,720,730,720,10,1.3699,LOCAL_BEST,0,777,0,66646,22246,166,1018,3,98.2318,3333.3333,0,0,0,0,0,0
n012w8-0,n012w8,0,5,500000,100.0,adaptive,2026-07-04T12:11:50+01:00,5,2,51,41317,71,0.000000,685,720,685,35,4.8611,LOCAL_BEST,0,777,0,68249,23008,167,995,3,351.7588,11666.6667,0,0,0,0,0,0
n012w8-0,n012w8,0,5,500000,100.0,adaptive,2026-07-04T12:11:50+01:00,5,2,51,41319,71,0.000000,595,685,595,90,13.1387,LOCAL_BEST,0,777,0,68254,23009,168,2,0,450000.0000,0.0000,0,0,0,0,0,0
n012w8-0,n012w8,0,5,500000,100.0,adaptive,2026-07-04T12:11:50+01:00,5,5,51,43174,114,0.000000,390,405,390,15,3.7037,LOCAL_BEST,1,777,0,66118,36970,169,1855,43,80.8625,348.8372,0,0,0,0,0,0
n012w8-0,n012w8,0,5,500000,100.0,adaptive,2026-07-04T12:11:50+01:00,5,1,51,47148,78,27.179158,570,580,570,10,1.7241,LOCAL_BEST,0,777,7573,78494,26209,170,3974,-36,25.1636,0.0000,0,0,0,0,0,0
n012w8-0,n012w8,0,5,500000,100.0,adaptive,2026-07-04T12:11:50+01:00,5,4,51,48356,133,26.286938,555,570,555,15,2.6316,LOCAL_BEST,1,777,7626,80358,27154,171,1208,55,124.1722,272.7273,0,0,0,0,0,0
n012w8-0,n012w8,0,5,500000,100.0,adaptive,2026-07-04T12:11:50+01:00,5,1,51,50351,83,24.877114,540,570,540,30,5.2632,LOCAL_BEST,0,777,7763,83431,28739,172,1995,-50,150.3759,0.0000,0,0,0,0,0,0
n012w8-0,n012w8,0,5,500000,100.0,adaptive,2026-07-04T12:11:50+01:00,5,1,51,50352,83,24.876427,525,540,525,15,2.7778,LOCAL_BEST,0,777,7763,83431,28739,173,1,0,150000.0000,0.0000,0,0,0,0,0,0
n012w8-0,n012w8,0,5,500000,100.0,adaptive,2026-07-04T12:11:50+01:00,5,1,51,50404,83,24.840710,510,525,510,15,2.8571,LOCAL_BEST,0,777,7766,83504,28784,174,52,0,2884.6154,0.0000,0,0,0,0,0,0
n012w8-0,n012w8,0,5,500000,100.0,adaptive,2026-07-04T12:11:50+01:00,5,1,51,50407,83,24.838651,495,510,495,15,2.9412,LOCAL_BEST,0,777,7767,83513,28785,175,3,0,50000.0000,0.0000,0,0,0,0,0,0
n012w8-0,n012w8,0,5,500000,100.0,adaptive,2026-07-04T12:11:50+01:00,5,4,51,52324,139,23.557218,515,555,515,40,7.2072,LOCAL_BEST,1,777,7857,86777,30315,176,1917,56,208.6594,714.2857,0,0,0,0,0,0
n012w8-0,n012w8,0,5,500000,100.0,adaptive,2026-07-04T12:11:50+01:00,5,2,51,52360,91,0.000000,565,595,565,30,5.0420,LOCAL_BEST,0,777,0,85357,31562,177,36,-48,8333.3333,0.0000,0,0,0,0,0,0
n012w8-0,n012w8,0,5,500000,100.0,adaptive,2026-07-04T12:11:50+01:00,5,4,51,56097,145,21.225015,505,515,505,10,1.9417,LOCAL_BEST,1,777,8061,92519,33402,178,3737,54,26.7594,185.1852,0,0,0,0,0,0
n012w8-0,n012w8,0,5,500000,100.0,adaptive,2026-07-04T12:11:50+01:00,5,4,51,56244,145,21.138979,490,505,490,15,2.9703,LOCAL_BEST,1,777,8067,92718,33530,179,147,0,1020.4082,0.0000,0,0,0,0,0,0
n012w8-0,n012w8,0,5,500000,100.0,adaptive,2026-07-04T12:11:50+01:00,5,2,51,56597,100,0.000000,555,565,555,10,1.7699,LOCAL_BEST,0,777,0,92005,35068,180,353,-45,283.2861,0.0000,0,0,0,0,0,0
n012w8-0,n012w8,0,5,500000,100.0,adaptive,2026-07-04T12:11:50+01:00,5,4,51,57798,147,20.250512,485,490,485,5,1.0204,LOCAL_BEST,1,777,8127,95103,34883,181,1201,47,41.6320,106.3830,0,0,0,0,0,0
n012w8-0,n012w8,0,5,500000,100.0,adaptive,2026-07-04T12:11:50+01:00,5,4,51,57922,147,20.181247,455,485,455,30,6.1856,LOCAL_BEST,1,777,8131,95240,34991,182,124,0,2419.3548,0.0000,0,0,0,0,0,0
n012w8-0,n012w8,0,5,500000,100.0,adaptive,2026-07-04T12:11:50+01:00,5,4,51,58347,148,19.945641,430,455,430,25,5.4945,LOCAL_BEST,1,777,8144,95924,35363,183,425,1,588.2353,25000.0000,0,0,0,0,0,0
n012w8-0,n012w8,0,5,500000,100.0,adaptive,2026-07-04T12:11:50+01:00,5,2,51,58365,104,0.000000,530,555,530,25,4.5045,LOCAL_BEST,0,777,0,94792,36492,184,18,-44,13888.8889,0.0000,0,0,0,0,0,0
n012w8-0,n012w8,0,5,500000,100.0,adaptive,2026-07-04T12:11:50+01:00,5,7,51,60905,221,18.584548,440,465,440,25,5.3763,LOCAL_BEST,2,777,8238,98580,37425,185,2540,117,98.4252,213.6752,0,0,0,0,0,0
n012w8-0,n012w8,0,5,500000,100.0,adaptive,2026-07-04T12:11:50+01:00,5,7,51,60921,221,18.576334,425,440,425,15,3.4091,LOCAL_BEST,2,777,8238,98606,37440,186,16,0,9375.0000,0.0000,0,0,0,0,0,0
n012w8-0,n012w8,0,5,500000,100.0,adaptive,2026-07-04T12:11:50+01:00,5,1,51,61203,99,18.432150,485,495,485,10,2.0202,LOCAL_BEST,0,777,8309,100535,37653,187,282,-122,354.6099,0.0000,0,0,0,0,0,0
n012w8-0,n012w8,0,5,500000,100.0,adaptive,2026-07-04T12:11:50+01:00,5,4,51,65904,159,16.186912,400,430,400,30,6.9767,LOCAL_BEST,1,777,8442,107358,41750,188,4701,60,63.8162,500.0000,0,0,0,0,0,0
n012w8-0,n012w8,0,5,500000,100.0,adaptive,2026-07-04T12:11:50+01:00,5,7,51,66719,231,15.826468,415,425,415,10,2.3529,LOCAL_BEST,2,777,8423,107732,42490,189,815,72,122.6994,138.8889,0,0,0,0,0,0
n012w8-0,n012w8,0,5,500000,100.0,adaptive,2026-07-04T12:11:50+01:00,5,7,51,66937,231,15.731423,405,415,405,10,2.4096,LOCAL_BEST,2,777,8428,107989,42681,190,218,0,458.7156,0.0000,0,0,0,0,0,0
n012w8-0,n012w8,0,5,500000,100.0,adaptive,2026-07-04T12:11:50+01:00,5,7,51,67688,232,15.408345,390,405,390,15,3.7037,LOCAL_BEST,2,777,8442,109084,43360,191,751,1,199.7337,15000.0000,0,0,0,0,0,0
n012w8-0,n012w8,0,5,500000,100.0,adaptive,2026-07-04T12:11:50+01:00,5,1,51,67799,109,15.361160,475,485,475,10,2.0619,LOCAL_BEST,0,777,8545,110847,43304,192,111,-123,900.9009,0.0000,0,0,0,0,0,0
n012w8-0,n012w8,0,5,500000,100.0,adaptive,2026-07-04T12:11:50+01:00,5,1,51,68058,111,15.251621,465,475,465,10,2.1053,LOCAL_BEST,0,777,8552,111217,43533,193,259,2,386.1004,5000.0000,0,0,0,0,0,0
n012w8-0,n012w8,0,5,500000,100.0,adaptive,2026-07-04T12:11:50+01:00,5,1,51,68530,112,15.054003,455,465,455,10,2.1505,LOCAL_BEST,0,777,8562,111858,43952,194,472,1,211.8644,10000.0000,0,0,0,0,0,0
n012w8-0,n012w8,0,5,500000,100.0,adaptive,2026-07-04T12:11:50+01:00,5,2,51,68709,119,0.000000,520,530,520,10,1.8868,LOCAL_BEST,0,777,0,110891,45266,195,179,7,558.6592,1428.5714,0,0,0,0,0,0
n012w8-0,n012w8,0,5,500000,100.0,adaptive,2026-07-04T12:11:50+01:00,5,1,51,72268,117,13.576756,450,455,450,5,1.0989,LOCAL_BEST,0,777,8655,117554,47289,196,3559,-2,14.0489,0.0000,0,0,0,0,0,0
n012w8-0,n012w8,0,5,500000,100.0,adaptive,2026-07-04T12:11:50+01:00,5,1,51,72302,117,13.564007,435,450,435,15,3.3333,LOCAL_BEST,0,777,8655,117592,47322,197,34,0,4411.7647,0.0000,0,0,0,0,0,0
n012w8-0,n012w8,0,5,500000,100.0,adaptive,2026-07-04T12:11:50+01:00,5,4,51,72442,170,13.511638,385,400,385,15,3.7500,LOCAL_BEST,1,777,8622,117268,47436,198,140,53,1071.4286,283.0189,0,0,0,0,0,0
n012w8-0,n012w8,0,5,500000,100.0,adaptive,2026-07-04T12:11:50+01:00,5,1,51,72494,117,13.492238,410,435,410,25,5.7471,LOCAL_BEST,0,777,8656,117852,47504,199,52,-53,4807.6923,0.0000,0,0,0,0,0,0
n012w8-0,n012w8,0,5,500000,100.0,adaptive,2026-07-04T12:11:50+01:00,5,7,51,72730,239,13.404543,385,390,385,5,1.2821,LOCAL_BEST,2,777,8569,117250,47777,200,236,122,211.8644,40.9836,0,0,0,0,0,0
n012w8-0,n012w8,0,5,500000,100.0,adaptive,2026-07-04T12:11:50+01:00,5,2,51,74856,128,0.000000,505,520,505,15,2.8846,LOCAL_BEST,0,777,0,120037,50503,201,2126,-111,70.5550,0.0000,0,0,0,0,0,0
n012w8-0,n012w8,0,5,500000,100.0,adaptive,2026-07-04T12:11:50+01:00,5,2,51,77915,133,0.000000,500,505,500,5,0.9901,LOCAL_BEST,0,777,0,124625,53227,202,3059,5,16.3452,1000.0000,0,0,0,0,0,0
n012w8-0,n012w8,0,5,500000,100.0,adaptive,2026-07-04T12:11:50+01:00,5,7,51,80717,251,10.749989,365,385,365,20,5.1948,LOCAL_BEST,2,777,8697,129910,55007,203,2802,118,71.3776,169.4915,0,0,0,0,0,0
n012w8-0,n012w8,0,5,500000,100.0,adaptive,2026-07-04T12:11:50+01:00,5,2,51,80847,137,0.000000,495,500,495,5,1.0000,LOCAL_BEST,0,777,0,129065,55810,204,130,-114,384.6154,0.0000,0,0,0,0,0,0
n012w8-0,n012w8,0,5,500000,100.0,adaptive,2026-07-04T12:11:50+01:00,5,7,51,80896,251,10.696951,355,365,355,10,2.7397,LOCAL_BEST,2,777,8697,130183,55176,205,49,114,2040.8163,87.7193,0,0,0,0,0,0
n012w8-0,n012w8,0,5,500000,100.0,adaptive,2026-07-04T12:11:50+01:00,5,2,51,80950,137,0.000000,480,495,480,15,3.0303,LOCAL_BEST,0,777,0,129280,55908,206,54,-114,2777.7778,0.0000,0,0,0,0,0,0
n012w8-0,n012w8,0,5,500000,100.0,adaptive,2026-07-04T12:11:50+01:00,5,2,51,80991,137,0.000000,455,480,455,25,5.2083,LOCAL_BEST,0,777,0,129332,55942,207,41,0,6097.5610,0.0000,0,0,0,0,0,0
n012w8-0,n012w8,0,5,500000,100.0,adaptive,2026-07-04T12:11:50+01:00,5,4,51,81617,188,10.485955,375,385,375,10,2.5974,LOCAL_BEST,1,777,8792,131008,55681,208,626,51,159.7444,196.0784,0,0,0,0,0,0
n012w8-0,n012w8,0,5,500000,100.0,adaptive,2026-07-04T12:11:50+01:00,5,4,51,82130,189,10.338368,370,375,370,5,1.3333,LOCAL_BEST,1,777,8798,131753,56160,209,513,1,97.4659,5000.0000,0,0,0,0,0,0
n012w8-0,n012w8,0,5,500000,100.0,adaptive,2026-07-04T12:11:50+01:00,5,4,51,83730,191,9.891269,360,370,360,10,2.7027,LOCAL_BEST,1,777,8813,134178,57651,210,1600,2,62.5000,5000.0000,0,0,0,0,0,0
n012w8-0,n012w8,0,5,500000,100.0,adaptive,2026-07-04T12:11:50+01:00,5,7,51,90742,266,8.149069,340,355,340,15,4.2254,LOCAL_BEST,2,777,8778,144574,64151,211,7012,75,21.3919,200.0000,0,0,0,0,0,0
n012w8-0,n012w8,0,5,500000,100.0,adaptive,2026-07-04T12:11:50+01:00,5,5,51,90847,189,0.000000,380,390,380,10,2.5641,LOCAL_BEST,1,777,0,138508,81206,212,105,-77,952.3810,0.0000,0,0,0,0,0,0
n012w8-0,n012w8,0,5,500000,100.0,adaptive,2026-07-04T12:11:50+01:00,5,2,51,90897,154,0.000000,440,455,440,15,3.2967,LOCAL_BEST,0,777,0,145309,64753,213,50,-35,3000.0000,0.0000,0,0,0,0,0,0
n012w8-0,n012w8,0,5,500000,100.0,adaptive,2026-07-04T12:11:50+01:00,5,5,51,90987,189,0.000000,365,380,365,15,3.9474,LOCAL_BEST,1,777,0,138736,81336,214,90,35,1666.6667,428.5714,0,0,0,0,0,0
n012w8-0,n012w8,0,5,500000,100.0,adaptive,2026-07-04T12:11:50+01:00,5,2,51,94169,158,0.000000,430,440,430,10,2.2727,LOCAL_BEST,0,777,0,150316,67719,215,3182,-31,31.4268,0.0000,0,0,0,0,0,0
n012w8-0,n012w8,0,5,500000,100.0,adaptive,2026-07-04T12:11:50+01:00,5,5,51,102185,207,0.000000,355,365,355,10,2.7397,LOCAL_BEST,1,777,0,154826,91696,216,8016,49,12.4750,204.0816,0,0,0,0,0,0
n012w8-0,n012w8,0,5,500000,100.0,adaptive,2026-07-04T12:11:50+01:00,5,2,51,105340,176,0.000000,415,430,415,15,3.4884,LOCAL_BEST,0,777,0,168099,77919,217,3155,-31,47.5436,0.0000,0,0,0,0,0,0
n012w8-0,n012w8,0,5,500000,100.0,adaptive,2026-07-04T12:11:50+01:00,5,5,51,115428,224,0.000000,350,355,350,5,1.4085,LOCAL_BEST,1,777,0,173432,104048,218,10088,48,4.9564,104.1667,0,0,0,0,0,0
n012w8-0,n012w8,0,5,500000,100.0,adaptive,2026-07-04T12:11:50+01:00,5,2,51,116468,194,0.000000,410,415,410,5,1.2048,LOCAL_BEST,0,777,0,185298,88133,219,1040,-30,48.0769,0.0000,0,0,0,0,0,0
n012w8-0,n012w8,0,5,500000,100.0,adaptive,2026-07-04T12:11:50+01:00,5,2,51,122999,209,0.000000,395,410,395,15,3.6585,LOCAL_BEST,0,777,0,195026,94052,220,6531,15,22.9674,1000.0000,0,0,0,0,0,0
n012w8-0,n012w8,0,5,500000,100.0,adaptive,2026-07-04T12:11:50+01:00,5,2,51,123517,210,0.000000,385,395,385,10,2.5316,LOCAL_BEST,0,777,0,195765,94517,221,518,1,193.0502,10000.0000,0,0,0,0,0,0
n012w8-0,n012w8,0,5,500000,100.0,adaptive,2026-07-04T12:11:50+01:00,5,2,51,129074,219,0.000000,370,385,370,15,3.8961,LOCAL_BEST,0,777,0,204103,99533,222,5557,9,26.9930,1666.6667,0,0,0,0,0,0
n012w8-0,n012w8,0,5,500000,100.0,adaptive,2026-07-04T12:11:50+01:00,5,2,51,130117,220,0.000000,355,370,355,15,4.0541,LOCAL_BEST,0,777,0,205521,100472,223,1043,1,143.8159,15000.0000,0,0,0,0,0,0
n012w8-0,n012w8,0,5,500000,100.0,adaptive,2026-07-04T12:11:50+01:00,5,2,51,139553,234,0.000000,340,355,340,15,4.2254,LOCAL_BEST,0,777,0,219136,109018,224,9436,14,15.8966,1071.4286,0,0,0,0,0,0
n012w8-0,n012w8,0,5,500000,100.0,adaptive,2026-07-04T12:11:50+01:00,5,2,51,172182,290,0.000000,325,340,325,15,4.4118,LOCAL_BEST,0,777,0,267090,139474,225,32629,56,4.5971,267.8571,0,0,0,0,0,0
n012w8-0,n012w8,0,5,500000,100.0,adaptive,2026-07-04T12:11:50+01:00,6,3,62,1,1,0.000000,3265,3325,3265,60,1.8045,GLOBAL_BEST,0,123,0,0,0,1,1,1,600000.0000,60000.0000,0,0,0,0,0,0
n012w8-0,n012w8,0,5,500000,100.0,adaptive,2026-07-04T12:11:50+01:00,6,1,62,2,1,99.997237,3295,3325,3295,30,0.9023,LOCAL_BEST,0,123,0,5,0,2,1,0,300000.0000,0.0000,0,0,0,0,0,0
n012w8-0,n012w8,0,5,500000,100.0,adaptive,2026-07-04T12:11:50+01:00,6,2,62,2,1,0.000000,3025,3325,3025,300,9.0226,GLOBAL_BEST,0,123,0,8,1,3,0,0,0.0000,0.0000,0,0,0,0,0,0
n012w8-0,n012w8,0,5,500000,100.0,adaptive,2026-07-04T12:11:50+01:00,6,3,62,2,1,0.000000,2980,3265,2980,285,8.7289,GLOBAL_BEST,0,123,0,1,0,4,0,0,0.0000,0.0000,0,0,0,0,0,0
n012w8-0,n012w8,0,5,500000,100.0,adaptive,2026-07-04T12:11:50+01:00,6,3,62,3,1,0.000000,2815,2980,2815,165,5.5369,GLOBAL_BEST,0,123,0,3,0,5,1,0,1650000.0000,0.0000,0,0,0,0,0,0
n012w8-0,n012w8,0,5,500000,100.0,adaptive,2026-07-04T12:11:50+01:00,6,1,62,4,1,99.991711,3205,3295,3205,90,2.7314,LOCAL_BEST,0,123,0,13,1,6,1,0,900000.0000,0.0000,0,0,0,0,0,0
n012w8-0,n012w8,0,5,500000,100.0,adaptive,2026-07-04T12:11:50+01:00,6,2,62,5,1,0.000000,2995,3025,2995,30,0.9917,LOCAL_BEST,0,123,0,14,1,7,1,0,300000.0000,0.0000,0,0,0,0,0,0
n012w8-0,n012w8,0,5,500000,100.0,adaptive,2026-07-04T12:11:50+01:00,6,3,62,5,1,0.000000,2575,2815,2575,240,8.5258,GLOBAL_BEST,0,123,0,4,0,8,0,0,0.0000,0.0000,0,0,0,0,0,0
n012w8-0,n012w8,0,5,500000,100.0,adaptive,2026-07-04T12:11:50+01:00,6,1,62,6,1,99.986185,3040,3205,3040,165,5.1482,LOCAL_BEST,0,123,1,24,1,9,1,0,1650000.0000,0.0000,0,0,0,0,0,0
n012w8-0,n012w8,0,5,500000,100.0,adaptive,2026-07-04T12:11:50+01:00,6,3,62,6,1,0.000000,2485,2575,2485,90,3.4951,GLOBAL_BEST,0,123,0,10,0,10,0,0,0.0000,0.0000,0,0,0,0,0,0
n012w8-0,n012w8,0,5,500000,100.0,adaptive,2026-07-04T12:11:50+01:00,6,1,62,8,1,99.980660,2800,3040,2800,240,7.8947,LOCAL_BEST,0,123,2,32,1,11,2,0,1200000.0000,0.0000,0,0,0,0,0,0
n012w8-0,n012w8,0,5,500000,100.0,adaptive,2026-07-04T12:11:50+01:00,6,2,62,9,1,0.000000,2965,2995,2965,30,1.0017,LOCAL_BEST,0,123,0,20,1,12,1,0,300000.0000,0.0000,0,0,0,0,0,0
n012w8-0,n012w8,0,5,500000,100.0,adaptive,2026-07-04T12:11:50+01:00,6,5,62,9,53,0.000000,510,555,510,45,8.1081,GLOBAL_BEST,1,123,0,16,6,13,0,52,0.0000,865.3846,0,0,0,0,0,0
n012w8-0,n012w8,0,5,500000,100.0,adaptive,2026-07-04T12:11:50+01:00,6,1,62,10,1,99.975135,2680,2800,2680,120,4.2857,LOCAL_BEST,0,123,2,37,1,14,1,-52,1200000.0000,0.0000,0,0,0,0,0,0
n012w8-0,n012w8,0,5,500000,100.0,adaptive,2026-07-04T12:11:50+01:00,6,1,62,11,1,99.972373,2605,2680,2605,75,2.7985,LOCAL_BEST,0,123,2,37,1,15,1,0,750000.0000,0.0000,0,0,0,0,0,0
n012w8-0,n012w8,0,5,500000,100.0,adaptive,2026-07-04T12:11:50+01:00,6,1,62,13,1,99.966848,2485,2605,2485,120,4.6065,LOCAL_BEST,0,123,3,40,1,16,2,0,600000.0000,0.0000,0,0,0,0,0,0
n012w8-0,n012w8,0,5,500000,100.0,adaptive,2026-07-04T12:11:50+01:00,6,1,62,15,1,99.961324,2415,2485,2415,70,2.8169,GLOBAL_BEST,0,123,4,49,1,17,2,0,350000.0000,0.0000,0,0,0,0,0,0
n012w8-0,n012w8,0,5,500000,100.0,adaptive,2026-07-04T12:11:50+01:00,6,2,62,16,1,0.000000,2845,2965,2845,120,4.0472,LOCAL_BEST,0,123,0,32,1,18,1,0,1200000.0000,0.0000,0,0,0,0,0,0
n012w8-0,n012w8,0,5,500000,100.0,adaptive,2026-07-04T12:11:50+01:00,6,1,62,16,1,99.958562,2235,2415,2235,180,7.4534,GLOBAL_BEST,0,123,4,49,1,19,0,0,0.0000,0.0000,0,0,0,0,0,0
n012w8-0,n012w8,0,5,500000,100.0,adaptive,2026-07-04T12:11:50+01:00,6,3,62,16,1,0.000000,2330,2485,2330,155,6.2374,LOCAL_BEST,0,123,3,31,0,20,0,0,0.0000,0.0000,0,0,0,0,0,0
n012w8-0,n012w8,0,5,500000,100.0,adaptive,2026-07-04T12:11:50+01:00,6,1,62,17,1,99.955800,2115,2235,2115,120,5.3691,GLOBAL_BEST,0,123,4,50,1,21,1,0,1200000.0000,0.0000,0,0,0,0,0,0
n012w8-0,n012w8,0,5,500000,100.0,adaptive,2026-07-04T12:11:50+01:00,6,3,62,17,1,0.000000,2315,2330,2315,15,0.6438,LOCAL_BEST,0,123,3,33,0,22,0,0,0.0000,0.0000,0,0,0,0,0,0
n012w8-0,n012w8,0,5,500000,100.0,adaptive,2026-07-04T12:11:50+01:00,6,3,62,18,1,0.000000,2195,2315,2195,120,5.1836,LOCAL_BEST,0,123,3,33,0,23,1,0,1200000.0000,0.0000,0,0,0,0,0,0
n012w8-0,n012w8,0,5,500000,100.0,adaptive,2026-07-04T12:11:50+01:00,6,2,62,19,1,0.000000,2770,2845,2770,75,2.6362,LOCAL_BEST,0,123,0,35,1,24,1,0,750000.0000,0.0000,0,0,0,0,0,0
n012w8-0,n012w8,0,5,500000,100.0,adaptive,2026-07-04T12:11:50+01:00,6,3,62,19,1,0.000000,2075,2195,2075,120,5.4670,GLOBAL_BEST,0,123,3,33,0,25,0,0,0.0000,0.0000,0,0,0,0,0,0
n012w8-0,n012w8,0,5,500000,100.0,adaptive,2026-07-04T12:11:50+01:00,6,2,62,20,1,0.000000,2740,2770,2740,30,1.0830,LOCAL_BEST,0,123,0,37,1,26,1,0,300000.0000,0.0000,0,0,0,0,0,0
n012w8-0,n012w8,0,5,500000,100.0,adaptive,2026-07-04T12:11:50+01:00,6,3,62,20,1,0.000000,1805,2075,1805,270,13.0120,GLOBAL_BEST,0,123,3,37,0,27,0,0,0.0000,0.0000,0,0,0,0,0,0
n012w8-0,n012w8,0,5,500000,100.0,adaptive,2026-07-04T12:11:50+01:00,6,2,62,21,1,0.000000,2620,2740,2620,120,4.3796,LOCAL_BEST,0,123,0,37,1,28,1,0,1200000.0000,0.0000,0,0,0,0,0,0
n012w8-0,n012w8,0,5,500000,100.0,adaptive,2026-07-04T12:11:50+01:00,6,1,62,21,1,99.944753,2055,2115,2055,60,2.8369,GLOBAL_BEST,0,123,4,61,3,29,0,0,0.0000,0.0000,0,0,0,0,0,0
n012w8-0,n012w8,0,5,500000,100.0,adaptive,2026-07-04T12:11:50+01:00,6,1,62,26,1,99.930946,2025,2055,2025,30,1.4599,LOCAL_BEST,0,123,5,72,4,30,5,0,60000.0000,0.0000,0,0,0,0,0,0
n012w8-0,n012w8,0,5,500000,100.0,adaptive,2026-07-04T12:11:50+01:00,6,2,62,28,1,0.000000,2470,2620,2470,150,5.7252,LOCAL_BEST,0,123,0,52,1,31,2,0,750000.0000,0.0000,0,0,0,0,0,0
n012w8-0,n012w8,0,5,500000,100.0,adaptive,2026-07-04T12:11:50+01:00,6,2,62,30,1,0.000000,2275,2470,2275,195,7.8947,LOCAL_BEST,0,123,0,55,1,32,2,0,975000.0000,0.0000,0,0,0,0,0,0
n012w8-0,n012w8,0,5,500000,100.0,adaptive,2026-07-04T12:11:50+01:00,6,2,62,31,1,0.000000,2215,2275,2215,60,2.6374,LOCAL_BEST,0,123,0,55,1,33,1,0,600000.0000,0.0000,0,0,0,0,0,0
n012w8-0,n012w8,0,5,500000,100.0,adaptive,2026-07-04T12:11:50+01:00,6,1,62,32,1,99.914381,1725,2025,1725,300,14.8148,GLOBAL_BEST,0,123,6,91,7,34,1,0,3000000.0000,0.0000,0,0,0,0,0,0
n012w8-0,n012w8,0,5,500000,100.0,adaptive,2026-07-04T12:11:50+01:00,6,1,62,34,1,99.908859,1695,1725,1695,30,1.7391,GLOBAL_BEST,0,123,6,93,8,35,2,0,150000.0000,0.0000,0,0,0,0,0,0
n012w8-0,n012w8,0,5,500000,100.0,adaptive,2026-07-04T12:11:50+01:00,6,1,62,46,1,99.875738,1680,1695,1680,15,0.8850,GLOBAL_BEST,0,123,10,124,9,36,12,0,12500.0000,0.0000,0,0,0,0,0,0
n012w8-0,n012w8,0,5,500000,100.0,adaptive,2026-07-04T12:11:50+01:00,6,1,62,51,1,99.861940,1560,1680,1560,120,7.1429,GLOBAL_BEST,0,123,10,133,12,37,5,0,240000.0000,0.0000,0,0,0,0,0,0
n012w8-0,n012w8,0,5,500000,100.0,adaptive,2026-07-04T12:11:50+01:00,6,1,62,53,1,99.856422,1455,1560,1455,105,6.7308,GLOBAL_BEST,0,123,11,137,12,38,2,0,525000.0000,0.0000,0,0,0,0,0,0
n012w8-0,n012w8,0,5,500000,100.0,adaptive,2026-07-04T12:11:50+01:00,6,1,62,56,1,99.848145,1410,1455,1410,45,3.0928,GLOBAL_BEST,0,123,12,144,13,39,3,0,150000.0000,0.0000,0,0,0,0,0,0
n012w8-0,n012w8,0,5,500000,100.0,adaptive,2026-07-04T12:11:50+01:00,6,1,62,58,1,99.842627,1380,1410,1380,30,2.1277,GLOBAL_BEST,0,123,12,152,14,40,2,0,150000.0000,0.0000,0,0,0,0,0,0
n012w8-0,n012w8,0,5,500000,100.0,adaptive,2026-07-04T12:11:50+01:00,6,1,62,63,1,99.828834,1275,1380,1275,105,7.6087,GLOBAL_BEST,0,123,13,153,16,41,5,0,210000.0000,0.0000,0,0,0,0,0,0
n012w8-0,n012w8,0,5,500000,100.0,adaptive,2026-07-04T12:11:50+01:00,6,1,62,65,1,99.823318,1245,1275,1245,30,2.3529,GLOBAL_BEST,0,123,13,155,17,42,2,0,150000.0000,0.0000,0,0,0,0,0,0
n012w8-0,n012w8,0,5,500000,100.0,adaptive,2026-07-04T12:11:50+01:00,6,2,62,72,1,0.000000,1975,2215,1975,240,10.8352,LOCAL_BEST,0,123,0,125,1,43,7,0,342857.1429,0.0000,0,0,0,0,0,0
n012w8-0,n012w8,0,5,500000,100.0,adaptive,2026-07-04T12:11:50+01:00,6,2,62,103,1,0.000000,1940,1975,1940,35,1.7722,LOCAL_BEST,0,123,0,208,1,44,31,0,11290.3226,0.0000,0,0,0,0,0,0
n012w8-0,n012w8,0,5,500000,100.0,adaptive,2026-07-04T12:11:50+01:00,6,8,62,103,92,0.000000,285,300,285,15,5.0000,LOCAL_BEST,3,123,0,133,98,45,0,91,0.0000,164.8352,0,0,0,0,0,0
n012w8-0,n012w8,0,5,500000,100.0,adaptive,2026-07-04T12:11:50+01:00,6,2,62,104,1,0.000000,1820,1940,1820,120,6.1856,LOCAL_BEST,0,123,0,211,1,46,1,-91,1200000.0000,0.0000,0,0,0,0,0,0
n012w8-0,n012w8,0,5,500000,100.0,adaptive,2026-07-04T12:11:50+01:00,6,2,62,111,1,0.000000,1805,1820,1805,15,0.8242,LOCAL_BEST,0,123,0,226,1,47,7,0,21428.5714,0.0000,0,0,0,0,0,0
n012w8-0,n012w8,0,5,500000,100.0,adaptive,2026-07-04T12:11:50+01:00,6,2,62,116,1,0.000000,1445,1805,1445,360,19.9446,LOCAL_BEST,0,123,0,234,1,48,5,0,720000.0000,0.0000,0,0,0,0,0,0
n012w8-0,n012w8,0,5,500000,100.0,adaptive,2026-07-04T12:11:50+01:00,6,8,62,123,92,0.000000,270,285,270,15,5.2632,GLOBAL_BEST,3,123,0,166,116,49,7,91,21428.5714,164.8352,0,0,0,0,0,0
n012w8-0,n012w8,0,5,500000,100.0,adaptive,2026-07-04T12:11:50+01:00,6,11,62,133,102,0.000000,225,255,225,30,11.7647,LOCAL_BEST,4,123,0,236,120,50,10,10,30000.0000,3000.0000,0,0,0,0,0,0
n012w8-0,n012w8,0,5,500000,100.0,adaptive,2026-07-04T12:11:50+01:00,6,3,62,210,1,0.000000,1780,1805,1780,25,1.3850,LOCAL_BEST,0,123,70,385,7,51,77,-101,3246.7532,0.0000,0,0,0,0,0,0
n012w8-0,n012w8,0,5,500000,100.0,adaptive,2026-07-04T12:11:50+01:00,6,1,62,238,1,99.347284,1215,1245,1215,30,2.4096,GLOBAL_BEST,0,123,57,461,70,52,28,0,10714.2857,0.0000,0,0,0,0,0,0
n012w8-0,n012w8,0,5,500000,100.0,adaptive,2026-07-04T12:11:50+01:00,6,1,62,253,1,99.306117,1210,1215,1210,5,0.4115,GLOBAL_BEST,0,123,61,500,75,53,15,0,3333.3333,0.0000,0,0,0,0,0,0
n012w8-0,n012w8,0,5,500000,100.0,adaptive,2026-07-04T12:11:50+01:00,6,3,62,269,1,0.000000,1765,1780,1765,15,0.8427,LOCAL_BEST,0,123,91,481,10,54,16,0,9375.0000,0.0000,0,0,0,0,0,0
n012w8-0,n012w8,0,5,500000,100.0,adaptive,2026-07-04T12:11:50+01:00,6,3,62,289,1,0.000000,1735,1765,1735,30,1.6997,LOCAL_BEST,0,123,99,514,11,55,20,0,15000.0000,0.0000,0,0,0,0,0,0
n012w8-0,n012w8,0,5,500000,100.0,adaptive,2026-07-04T12:11:50+01:00,6,3,62,291,1,0.000000,1705,1735,1705,30,1.7291,LOCAL_BEST,0,123,99,523,12,56,2,0,150000.0000,0.0000,0,0,0,0,0,0
n012w8-0,n012w8,0,5,500000,100.0,adaptive,2026-07-04T12:11:50+01:00,6,5,62,355,53,0.000000,490,510,490,20,3.9216,GLOBAL_BEST,1,123,0,580,276,57,64,52,3125.0000,384.6154,0,0,0,0,0,0
n012w8-0,n012w8,0,5,500000,100.0,adaptive,2026-07-04T12:11:50+01:00,6,2,62,401,1,0.000000,1405,1445,1405,40,2.7682,LOCAL_BEST,0,123,0,789,1,58,46,-52,8695.6522,0.0000,0,0,0,0,0,0
n012w8-0,n012w8,0,5,500000,100.0,adaptive,2026-07-04T12:11:50+01:00,6,5,62,471,53,0.000000,475,490,475,15,3.0612,GLOBAL_BEST,1,123,0,770,364,59,70,52,2142.8571,288.4615,0,0,0,0,0,0
n012w8-0,n012w8,0,5,500000,100.0,adaptive,2026-07-04T12:11:50+01:00,6,1,62,569,1,98.442810,1205,1210,1205,5,0.4132,GLOBAL_BEST,0,123,139,1079,180,60,98,-52,510.2041,0.0000,0,0,0,0,0,0
n012w8-0,n012w8,0,5,500000,100.0,adaptive,2026-07-04T12:11:50+01:00,6,5,62,569,53,0.000000,460,475,460,15,3.1579,GLOBAL_BEST,1,123,0,966,438,61,0,52,0.0000,288.4615,0,0,0,0,0,0
n012w8-0,n012w8,0,5,500000,100.0,adaptive,2026-07-04T12:11:50+01:00,6,3,62,572,1,0.000000,1690,1705,1690,15,0.8798,LOCAL_BEST,0,123,202,1013,25,62,3,-52,50000.0000,0.0000,0,0,0,0,0,0
n012w8-0,n012w8,0,5,500000,100.0,adaptive,2026-07-04T12:11:50+01:00,6,1,62,616,2,98.315049,1150,1205,1150,55,4.5643,GLOBAL_BEST,0,123,152,1160,193,63,44,1,12500.0000,55000.0000,0,0,0,0,0,0
n012w8-0,n012w8,0,5,500000,100.0,adaptive,2026-07-04T12:11:50+01:00,6,1,62,621,2,98.301467,1120,1150,1120,30,2.6087,GLOBAL_BEST,0,123,153,1166,196,64,5,0,60000.0000,0.0000,0,0,0,0,0,0
n012w8-0,n012w8,0,5,500000,100.0,adaptive,2026-07-04T12:11:50+01:00,6,3,62,633,1,0.000000,1680,1690,1680,10,0.5917,LOCAL_BEST,0,123,227,1128,29,65,12,-1,8333.3333,0.0000,0,0,0,0,0,0
n012w8-0,n012w8,0,5,500000,100.0,adaptive,2026-07-04T12:11:50+01:00,6,1,62,867,2,97.635555,1105,1120,1105,15,1.3393,GLOBAL_BEST,0,123,212,1696,271,66,234,1,641.0256,15000.0000,0,0,0,0,0,0
n012w8-0,n012w8,0,5,500000,100.0,adaptive,2026-07-04T12:11:50+01:00,6,1,62,869,2,97.630160,1090,1105,1090,15,1.3575,GLOBAL_BEST,0,123,212,1702,272,67,2,0,75000.0000,0.0000,0,0,0,0,0,0
n012w8-0,n012w8,0,5,500000,100.0,adaptive,2026-07-04T12:11:50+01:00,6,1,62,873,2,97.619370,1060,1090,1060,30,2.7523,GLOBAL_BEST,0,123,212,1713,275,68,4,0,75000.0000,0.0000,0,0,0,0,0,0
n012w8-0,n012w8,0,5,500000,100.0,adaptive,2026-07-04T12:11:50+01:00,6,1,62,874,2,97.616673,1030,1060,1030,30,2.8302,GLOBAL_BEST,0,123,212,1716,275,69,1,0,300000.0000,0.0000,0,0,0,0,0,0
n012w8-0,n012w8,0,5,500000,100.0,adaptive,2026-07-04T12:11:50+01:00,6,1,62,887,2,97.581615,1000,1030,1000,30,2.9126,GLOBAL_BEST,0,123,216,1738,278,70,13,0,23076.9231,0.0000,0,0,0,0,0,0
n012w8-0,n012w8,0,5,500000,100.0,adaptive,2026-07-04T12:11:50+01:00,6,1,62,894,2,97.562743,970,1000,970,30,3.0000,GLOBAL_BEST,0,123,217,1741,280,71,7,0,42857.1429,0.0000,0,0,0,0,0,0
n012w8-0,n012w8,0,5,500000,100.0,adaptive,2026-07-04T12:11:50+01:00,6,3,62,1131,2,0.000000,1665,1680,1665,15,0.8929,LOCAL_BEST,0,123,391,2127,53,72,237,0,632.9114,0.0000,0,0,0,0,0,0
n012w8-0,n012w8,0,5,500000,100.0,adaptive,2026-07-04T12:11:50+01:00,6,3,62,1132,2,0.000000,1485,1665,1485,180,10.8108,LOCAL_BEST,0,123,391,2127,53,73,1,0,1800000.0000,0.0000,0,0,0,0,0,0
n012w8-0,n012w8,0,5,500000,100.0,adaptive,2026-07-04T12:11:50+01:00,6,3,62,1133,2,0.000000,1440,1485,1440,45,3.0303,LOCAL_BEST,0,123,391,2130,53,74,1,0,450000.0000,0.0000,0,0,0,0,0,0
n012w8-0,n012w8,0,5,500000,100.0,adaptive,2026-07-04T12:11:50+01:00,6,5,62,1580,55,0.000000,445,460,445,15,3.2609,GLOBAL_BEST,1,123,0,2797,1300,75,447,53,335.5705,283.0189,0,0,0,0,0,0
n012w8-0,n012w8,0,5,500000,100.0,adaptive,2026-07-04T12:11:50+01:00,6,5,62,1626,55,0.000000,400,445,400,45,10.1124,GLOBAL_BEST,1,123,0,2869,1337,76,46,0,9782.6087,0.0000,0,0,0,0,0,0
n012w8-0,n012w8,0,5,500000,100.0,adaptive,2026-07-04T12:11:50+01:00,6,14,62,2401,179,0.000000,210,220,210,10,4.5455,LOCAL_BEST,6,123,0,3647,2239,77,775,124,129.0323,80.6452,0,0,0,0,0,0
n012w8-0,n012w8,0,5,500000,100.0,adaptive,2026-07-04T12:11:50+01:00,6,2,62,2614,5,0.000000,1375,1405,1375,30,2.1352,LOCAL_BEST,0,123,0,5008,234,78,213,-174,1408.4507,0.0000,0,0,0,0,0,0
n012w8-0,n012w8,0,5,500000,100.0,adaptive,2026-07-04T12:11:50+01:00,6,2,62,2617,5,0.000000,1315,1375,1315,60,4.3636,LOCAL_BEST,0,123,0,5008,234,79,3,0,200000.0000,0.0000,0,0,0,0,0,0
n012w8-0,n012w8,0,5,500000,100.0,adaptive,2026-07-04T12:11:50+01:00,6,2,62,2618,5,0.000000,1255,1315,1255,60,4.5627,LOCAL_BEST,0,123,0,5009,234,80,1,0,600000.0000,0.0000,0,0,0,0,0,0
n012w8-0,n012w8,0,5,500000,100.0,adaptive,2026-07-04T12:11:50+01:00,6,3,62,3940,7,0.000000,1315,1440,1315,125,8.6806,LOCAL_BEST,0,123,1426,7570,161,81,1322,2,945.5371,62500.0000,0,0,0,0,0,0
n012w8-0,n012w8,0,5,500000,100.0,adaptive,2026-07-04T12:11:50+01:00,6,3,62,3941,7,0.000000,1225,1315,1225,90,6.8441,LOCAL_BEST,0,123,1426,7570,161,82,1,0,900000.0000,0.0000,0,0,0,0,0,0
n012w8-0,n012w8,0,5,500000,100.0,adaptive,2026-07-04T12:11:50+01:00,6,2,62,4222,7,0.000000,1210,1255,1210,45,3.5857,LOCAL_BEST,0,123,0,7885,703,83,281,0,1601.4235,0.0000,0,0,0,0,0,0
n012w8-0,n012w8,0,5,500000,100.0,adaptive,2026-07-04T12:11:50+01:00,6,2,62,4223,7,0.000000,1150,1210,1150,60,4.9587,LOCAL_BEST,0,123,0,7889,703,84,1,0,600000.0000,0.0000,0,0,0,0,0,0
n012w8-0,n012w8,0,5,500000,100.0,adaptive,2026-07-04T12:11:50+01:00,6,2,62,4883,8,0.000000,1095,1150,1095,55,4.7826,LOCAL_BEST,0,123,0,9074,860,85,660,1,833.3333,55000.0000,0,0,0,0,0,0
n012w8-0,n012w8,0,5,500000,100.0,adaptive,2026-07-04T12:11:50+01:00,6,1,62,5548,10,85.789868,950,970,950,20,2.0619,GLOBAL_BEST,0,123,1296,10189,1950,86,665,2,300.7519,10000.0000,0,0,0,0,0,0
n012w8-0,n012w8,0,5,500000,100.0,adaptive,2026-07-04T12:11:50+01:00,6,1,62,5549,10,85.787498,920,950,920,30,3.1579,GLOBAL_BEST,0,123,1296,10196,1950,87,1,0,300000.0000,0.0000,0,0,0,0,0,0
n012w8-0,n012w8,0,5,500000,100.0,adaptive,2026-07-04T12:11:50+01:00,6,5,62,5561,61,0.000000,390,400,390,10,2.5000,GLOBAL_BEST,1,123,0,9490,4569,88,12,51,8333.3333,196.0784,0,0,0,0,0,0
n012w8-0,n012w8,0,5,500000,100.0,adaptive,2026-07-04T12:11:50+01:00,6,1,62,7337,12,81.652221,910,920,910,10,1.0870,GLOBAL_BEST,0,123,1715,13452,2609,89,1776,-49,56.3063,0.0000,0,0,0,0,0,0
n012w8-0,n012w8,0,5,500000,100.0,adaptive,2026-07-04T12:11:50+01:00,6,1,62,7345,12,81.634173,880,910,880,30,3.2967,GLOBAL_BEST,0,123,1715,13474,2615,90,8,0,37500.0000,0.0000,0,0,0,0,0,0
n012w8-0,n012w8,0,5,500000,100.0,adaptive,2026-07-04T12:11:50+01:00,6,1,62,7361,12,81.598091,760,880,760,120,13.6364,GLOBAL_BEST,0,123,1716,13518,2623,91,16,0,75000.0000,0.0000,0,0,0,0,0,0
n012w8-0,n012w8,0,5,500000,100.0,adaptive,2026-07-04T12:11:50+01:00,6,1,62,7363,12,81.593582,730,760,730,30,3.9474,GLOBAL_BEST,0,123,1716,13521,2624,92,2,0,150000.0000,0.0000,0,0,0,0,0,0
n012w8-0,n012w8,0,5,500000,100.0,adaptive,2026-07-04T12:11:50+01:00,6,2,62,7490,12,0.000000,1060,1095,1060,35,3.1963,LOCAL_BEST,0,123,0,13757,1810,93,127,0,2755.9055,0.0000,0,0,0,0,0,0
n012w8-0,n012w8,0,5,500000,100.0,adaptive,2026-07-04T12:11:50+01:00,6,2,62,7617,12,0.000000,1050,1060,1050,10,0.9434,LOCAL_BEST,0,123,0,13945,1864,94,127,0,787.4016,0.0000,0,0,0,0,0,0
n012w8-0,n012w8,0,5,500000,100.0,adaptive,2026-07-04T12:11:50+01:00,6,2,62,7618,12,0.000000,1035,1050,1035,15,1.4286,LOCAL_BEST,0,123,0,13946,1864,95,1,0,150000.0000,0.0000,0,0,0,0,0,0
n012w8-0,n012w8,0,5,500000,100.0,adaptive,2026-07-04T12:11:50+01:00,6,2,62,9141,14,0.000000,1020,1035,1020,15,1.4493,LOCAL_BEST,0,123,0,16628,2453,96,1523,2,98.4898,7500.0000,0,0,0,0,0,0
n012w8-0,n012w8,0,5,500000,100.0,adaptive,2026-07-04T12:11:50+01:00,6,2,62,10198,16,0.000000,940,1020,940,80,7.8431,LOCAL_BEST,0,123,0,18436,2908,97,1057,2,756.8590,40000.0000,0,0,0,0,0,0
n012w8-0,n012w8,0,5,500000,100.0,adaptive,2026-07-04T12:11:50+01:00,6,2,62,10200,16,0.000000,910,940,910,30,3.1915,LOCAL_BEST,0,123,0,18441,2908,98,2,0,150000.0000,0.0000,0,0,0,0,0,0
n012w8-0,n012w8,0,5,500000,100.0,adaptive,2026-07-04T12:11:50+01:00,6,2,62,10208,16,0.000000,880,910,880,30,3.2967,LOCAL_BEST,0,123,0,18453,2910,99,8,0,37500.0000,0.0000,0,0,0,0,0,0
n012w8-0,n012w8,0,5,500000,100.0,adaptive,2026-07-04T12:11:50+01:00,6,5,62,10267,68,0.000000,385,390,385,5,1.2821,GLOBAL_BEST,1,123,0,16994,8564,100,59,52,847.4576,96.1538,0,0,0,0,0,0
n012w8-0,n012w8,0,5,500000,100.0,adaptive,2026-07-04T12:11:50+01:00,6,2,62,10358,16,0.000000,865,880,865,15,1.7045,LOCAL_BEST,0,123,0,18738,2970,101,91,-52,1648.3516,0.0000,0,0,0,0,0,0
n012w8-0,n012w8,0,5,500000,100.0,adaptive,2026-07-04T12:11:50+01:00,6,5,62,11876,71,0.000000,360,385,360,25,6.4935,GLOBAL_BEST,1,123,0,19518,9887,102,1518,55,164.6904,454.5455,0,0,0,0,0,0
n012w8-0,n012w8,0,5,500000,100.0,adaptive,2026-07-04T12:11:50+01:00,6,5,62,16614,77,0.000000,345,360,345,15,4.1667,GLOBAL_BEST,1,123,0,27171,13883,103,4738,6,31.6589,2500.0000,0,0,0,0,0,0
n012w8-0,n012w8,0,5,500000,100.0,adaptive,2026-07-04T12:11:50+01:00,6,2,62,17223,26,0.000000,795,865,795,70,8.0925,LOCAL_BEST,0,123,0,30896,6502,104,609,-51,1149.4253,0.0000,0,0,0,0,0,0
n012w8-0,n012w8,0,5,500000,100.0,adaptive,2026-07-04T12:11:50+01:00,6,2,62,17224,27,0.000000,765,795,765,30,3.7736,LOCAL_BEST,0,123,0,30896,6502,105,1,1,300000.0000,30000.0000,0,0,0,0,0,0
n012w8-0,n012w8,0,5,500000,100.0,adaptive,2026-07-04T12:11:50+01:00,6,5,62,17259,78,0.000000,330,345,330,15,4.3478,GLOBAL_BEST,1,123,0,28213,14440,106,35,51,4285.7143,294.1176,0,0,0,0,0,0
n012w8-0,n012w8,0,5,500000,100.0,adaptive,2026-07-04T12:11:50+01:00,6,3,62,19511,31,0.000000,1180,1225,1180,45,3.6735,LOCAL_BEST,0,123,7200,37213,800,107,2252,-47,199.8224,0.0000,0,0,0,0,0,0
n012w8-0,n012w8,0,5,500000,100.0,adaptive,2026-07-04T12:11:50+01:00,6,3,62,19513,31,0.000000,1030,1180,1030,150,12.7119,LOCAL_BEST,0,123,7200,37215,800,108,2,0,750000.0000,0.0000,0,0,0,0,0,0
n012w8-0,n012w8,0,5,500000,100.0,adaptive,2026-07-04T12:11:50+01:00,6,1,62,20034,31,57.491548,715,730,715,15,2.0548,GLOBAL_BEST,0,123,4294,36401,8125,109,521,0,287.9079,0.0000,0,0,0,0,0,0
n012w8-0,n012w8,0,5,500000,100.0,adaptive,2026-07-04T12:11:50+01:00,6,1,62,20043,31,57.477252,685,715,685,30,4.1958,GLOBAL_BEST,0,123,4294,36414,8132,110,9,0,33333.3333,0.0000,0,0,0,0,0,0
n012w8-0,n012w8,0,5,500000,100.0,adaptive,2026-07-04T12:11:50+01:00,6,1,62,20049,31,57.467724,640,685,640,45,6.5693,GLOBAL_BEST,0,123,4294,36426,8137,111,6,0,75000.0000,0.0000,0,0,0,0,0,0
n012w8-0,n012w8,0,5,500000,100.0,adaptive,2026-07-04T12:11:50+01:00,6,2,62,21678,33,0.000000,750,765,750,15,1.9608,LOCAL_BEST,0,123,0,38653,9158,112,1629,2,92.0810,7500.0000,0,0,0,0,0,0
n012w8-0,n012w8,0,5,500000,100.0,adaptive,2026-07-04T12:11:50+01:00,6,5,62,21861,83,0.000000,325,330,325,5,1.5152,GLOBAL_BEST,1,123,0,35436,18432,113,183,50,273.2240,100.0000,0,0,0,0,0,0
n012w8-0,n012w8,0,5,500000,100.0,adaptive,2026-07-04T12:11:50+01:00,6,5,62,21921,83,0.000000,310,325,310,15,4.6154,GLOBAL_BEST,1,123,0,35539,18479,114,60,0,2500.0000,0.0000,0,0,0,0,0,0
n012w8-0,n012w8,0,5,500000,100.0,adaptive,2026-07-04T12:11:50+01:00,6,2,62,23617,36,0.000000,745,750,745,5,0.6667,LOCAL_BEST,0,123,0,42114,10377,115,1696,-47,29.4811,0.0000,0,0,0,0,0,0
n012w8-0,n012w8,0,5,500000,100.0,adaptive,2026-07-04T12:11:50+01:00,6,1,62,24442,41,50.898854,625,640,625,15,2.3438,GLOBAL_BEST,0,123,5062,44202,10448,116,825,5,181.8182,3000.0000,0,0,0,0,0,0
n012w8-0,n012w8,0,5,500000,100.0,adaptive,2026-07-04T12:11:50+01:00,6,1,62,24446,41,50.893228,610,625,610,15,2.4000,GLOBAL_BEST,0,123,5062,44203,10450,117,4,0,37500.0000,0.0000,0,0,0,0,0,0
n012w8-0,n012w8,0,5,500000,100.0,adaptive,2026-07-04T12:11:50+01:00,6,2,62,26153,39,0.000000,705,745,705,40,5.3691,LOCAL_BEST,0,123,0,46631,12012,118,1707,-2,234.3292,0.0000,0,0,0,0,0,0
n012w8-0,n012w8,0,5,500000,100.0,adaptive,2026-07-04T12:11:50+01:00,6,2,62,27267,41,0.000000,670,705,670,35,4.9645,LOCAL_BEST,0,123,0,48492,12756,119,1114,2,314.1831,17500.0000,0,0,0,0,0,0
n012w8-0,n012w8,0,5,500000,100.0,adaptive,2026-07-04T12:11:50+01:00,6,2,62,27885,43,0.000000,640,670,640,30,4.4776,LOCAL_BEST,0,123,0,49603,13160,120,618,2,485.4369,15000.0000,0,0,0,0,0,0
n012w8-0,n012w8,0,5,500000,100.0,adaptive,2026-07-04T12:11:50+01:00,6,5,62,28415,92,0.000000,300,310,300,10,3.2258,GLOBAL_BEST,1,123,0,45773,24203,121,530,49,188.6792,204.0816,0,0,0,0,0,0
n012w8-0,n012w8,0,5,500000,100.0,adaptive,2026-07-04T12:11:50+01:00,6,5,62,28417,92,0.000000,285,300,285,15,5.0000,GLOBAL_BEST,1,123,0,45775,24204,122,2,0,75000.0000,0.0000,0,0,0,0,0,0
n012w8-0,n012w8,0,5,500000,100.0,adaptive,2026-07-04T12:11:50+01:00,6,2,62,31103,48,0.000000,630,640,630,10,1.5625,LOCAL_BEST,0,123,0,54915,15228,123,2686,-44,37.2301,0.0000,0,0,0,0,0,0
n012w8-0,n012w8,0,5,500000,100.0,adaptive,2026-07-04T12:11:50+01:00,6,4,62,31494,105,41.887457,530,555,530,25,4.5045,LOCAL_BEST,1,123,5986,56458,14738,124,391,57,639.3862,438.5965,0,0,0,0,0,0
n012w8-0,n012w8,0,5,500000,100.0,adaptive,2026-07-04T12:11:50+01:00,6,4,62,31506,105,41.873571,440,530,440,90,16.9811,LOCAL_BEST,1,123,5986,56479,14748,125,12,0,75000.0000,0.0000,0,0,0,0,0,0
n012w8-0,n012w8,0,5,500000,100.0,adaptive,2026-07-04T12:11:50+01:00,6,2,62,33849,52,0.000000,615,630,615,15,2.3810,LOCAL_BEST,0,123,0,59471,17132,126,2343,-53,64.0205,0.0000,0,0,0,0,0,0
n012w8-0,n012w8,0,5,500000,100.0,adaptive,2026-07-04T12:11:50+01:00,6,2,62,34099,52,0.000000,610,615,610,5,0.8130,LOCAL_BEST,0,123,0,59846,17299,127,250,0,200.0000,0.0000,0,0,0,0,0,0
n012w8-0,n012w8,0,5,500000,100.0,adaptive,2026-07-04T12:11:50+01:00,6,2,62,34340,53,0.000000,555,610,555,55,9.0164,GLOBAL_BEST,0,123,0,60221,17462,128,241,1,2282.1577,55000.0000,0,0,0,0,0,0
n012w8-0,n012w8,0,5,500000,100.0,adaptive,2026-07-04T12:11:50+01:00,6,2,62,35212,54,0.000000,530,555,530,25,4.5045,LOCAL_BEST,0,123,0,61521,18070,129,872,1,286.6972,25000.0000,0,0,0,0,0,0
n012w8-0,n012w8,0,5,500000,100.0,adaptive,2026-07-04T12:11:50+01:00,6,5,62,36490,106,0.000000,265,285,265,20,7.0175,LOCAL_BEST,1,123,0,58872,31507,130,1278,52,156.4945,384.6154,0,0,0,0,0,0
n012w8-0,n012w8,0,5,500000,100.0,adaptive,2026-07-04T12:11:50+01:00,6,5,62,36731,106,0.000000,250,265,250,15,5.6604,LOCAL_BEST,1,123,0,59221,31713,131,241,0,622.4066,0.0000,0,0,0,0,0,0
n012w8-0,n012w8,0,5,500000,100.0,adaptive,2026-07-04T12:11:50+01:00,6,1,62,39437,69,33.633185,585,610,585,25,4.0984,LOCAL_BEST,0,123,7025,70395,19600,132,2706,-37,92.3873,0.0000,0,0,0,0,0,0
n012w8-0,n012w8,0,5,500000,100.0,adaptive,2026-07-04T12:11:50+01:00,6,1,62,39557,69,33.521852,550,585,550,35,5.9829,LOCAL_BEST,0,123,7035,70607,19685,133,120,0,2916.6667,0.0000,0,0,0,0,0,0
n012w8-0,n012w8,0,5,500000,100.0,adaptive,2026-07-04T12:11:50+01:00,6,1,62,39559,69,33.519999,490,550,490,60,10.9091,LOCAL_BEST,0,123,7035,70610,19686,134,2,0,300000.0000,0.0000,0,0,0,0,0,0
n012w8-0,n012w8,0,5,500000,100.0,adaptive,2026-07-04T12:11:50+01:00,6,2,62,39821,61,0.000000,520,530,520,10,1.8868,LOCAL_BEST,0,123,0,69249,21476,135,262,-8,381.6794,0.0000,0,0,0,0,0,0
n012w8-0,n012w8,0,5,500000,100.0,adaptive,2026-07-04T12:11:50+01:00,6,3,62,39899,64,0.000000,985,1030,985,45,4.3689,LOCAL_BEST,0,123,14798,76106,1667,136,78,3,5769.2308,15000.0000,0,0,0,0,0,0
n012w8-0,n012w8,0,5,500000,100.0,adaptive,2026-07-04T12:11:50+01:00,6,1,62,42268,72,31.102550,475,490,475,15,3.0612,LOCAL_BEST,0,123,7287,75082,21555,137,2369,8,63.3179,1875.0000,0,0,0,0,0,0
n012w8-0,n012w8,0,5,500000,100.0,adaptive,2026-07-04T12:11:50+01:00,6,2,62,44483,68,0.000000,510,520,510,10,1.9231,LOCAL_BEST,0,123,0,76993,25005,138,2215,-4,45.1467,0.0000,0,0,0,0,0,0
n012w8-0,n012w8,0,5,500000,100.0,adaptive,2026-07-04T12:11:50+01:00,6,2,62,44638,68,0.000000,505,510,505,5,0.9804,LOCAL_BEST,0,123,0,77219,25115,139,155,0,322.5806,0.0000,0,0,0,0,0,0
n012w8-0,n012w8,0,5,500000,100.0,adaptive,2026-07-04T12:11:50+01:00,6,5,62,44759,123,0.000000,225,250,225,25,10.0000,LOCAL_BEST,1,123,0,72063,38952,140,121,55,2066.1157,454.5455,0,0,0,0,0,0
n012w8-0,n012w8,0,5,500000,100.0,adaptive,2026-07-04T12:11:50+01:00,6,1,62,46341,79,27.792013,450,475,450,25,5.2632,LOCAL_BEST,0,123,7654,81721,24410,141,1582,-44,158.0278,0.0000,0,0,0,0,0,0
n012w8-0,n012w8,0,5,500000,100.0,adaptive,2026-07-04T12:11:50+01:00,6,1,62,46345,79,27.788941,435,450,435,15,3.3333,LOCAL_BEST,0,123,7654,81724,24413,142,4,0,37500.0000,0.0000,0,0,0,0,0,0
n012w8-0,n012w8,0,5,500000,100.0,adaptive,2026-07-04T12:11:50+01:00,6,1,62,46376,79,27.765148,430,435,430,5,1.1494,LOCAL_BEST,0,123,7658,81776,24435,143,31,0,1612.9032,0.0000,0,0,0,0,0,0
n012w8-0,n012w8,0,5,500000,100.0,adaptive,2026-07-04T12:11:50+01:00,6,1,62,47209,80,27.133386,405,430,405,25,5.8140,LOCAL_BEST,0,123,7726,83164,25034,144,833,1,300.1200,25000.0000,0,0,0,0,0,0
n012w8-0,n012w8,0,5,500000,100.0,adaptive,2026-07-04T12:11:50+01:00,6,2,62,49293,74,0.000000,480,505,480,25,4.9505,LOCAL_BEST,0,123,0,84657,28746,145,2084,-6,119.9616,0.0000,0,0,0,0,0,0
n012w8-0,n012w8,0,5,500000,100.0,adaptive,2026-07-04T12:11:50+01:00,6,2,62,49302,74,0.000000,435,480,435,45,9.3750,LOCAL_BEST,0,123,0,84695,28751,146,9,0,50000.0000,0.0000,0,0,0,0,0,0
n012w8-0,n012w8,0,5,500000,100.0,adaptive,2026-07-04T12:11:50+01:00,6,1,62,51289,85,24.240635,400,405,400,5,1.2346,LOCAL_BEST,0,123,8004,90218,28145,147,1987,11,25.1636,454.5455,0,0,0,0,0,0
n012w8-0,n012w8,0,5,500000,100.0,adaptive,2026-07-04T12:11:50+01:00,6,1,62,51334,85,24.210513,385,400,385,15,3.7500,LOCAL_BEST,0,123,8005,90286,28185,148,45,0,3333.3333,0.0000,0,0,0,0,0,0
n012w8-0,n012w8,0,5,500000,100.0,adaptive,2026-07-04T12:11:50+01:00,6,4,62,54695,155,22.063378,430,440,430,10,2.2727,LOCAL_BEST,1,123,8066,96149,31322,149,3361,70,29.7530,142.8571,0,0,0,0,0,0
n012w8-0,n012w8,0,5,500000,100.0,adaptive,2026-07-04T12:11:50+01:00,6,4,62,54854,155,21.966659,415,430,415,15,3.4884,LOCAL_BEST,1,123,8073,96413,31454,150,159,0,943.3962,0.0000,0,0,0,0,0,0
n012w8-0,n012w8,0,5,500000,100.0,adaptive,2026-07-04T12:11:50+01:00,6,1,62,54914,91,21.930271,370,385,370,15,3.8961,LOCAL_BEST,0,123,8179,95959,31106,151,60,-64,2500.0000,0.0000,0,0,0,0,0,0
n012w8-0,n012w8,0,5,500000,100.0,adaptive,2026-07-04T12:11:50+01:00,6,4,62,55094,155,21.821470,400,415,400,15,3.6145,LOCAL_BEST,1,123,8086,96851,31648,152,180,64,833.3333,234.3750,0,0,0,0,0,0
n012w8-0,n012w8,0,5,500000,100.0,adaptive,2026-07-04T12:11:50+01:00,6,4,62,55102,155,21.816647,385,400,385,15,3.7500,LOCAL_BEST,1,123,8086,96870,31655,153,8,0,18750.0000,0.0000,0,0,0,0,0,0
n012w8-0,n012w8,0,5,500000,100.0,adaptive,2026-07-04T12:11:50+01:00,6,4,62,55225,156,21.742626,370,385,370,15,3.8961,LOCAL_BEST,1,123,8089,97053,31762,154,123,1,1219.5122,15000.0000,0,0,0,0,0,0
n012w8-0,n012w8,0,5,500000,100.0,adaptive,2026-07-04T12:11:50+01:00,6,7,62,55538,189,21.555396,280,300,280,20,6.6667,LOCAL_BEST,2,123,8146,95581,31999,155,313,33,638.9776,606.0606,0,0,0,0,0,0
n012w8-0,n012w8,0,5,500000,100.0,adaptive,2026-07-04T12:11:50+01:00,6,7,62,55546,189,21.550631,265,280,265,15,5.3571,LOCAL_BEST,2,123,8146,95603,32005,156,8,0,18750.0000,0.0000,0,0,0,0,0,0
n012w8-0,n012w8,0,5,500000,100.0,adaptive,2026-07-04T12:11:50+01:00,6,1,62,55792,91,21.404644,310,370,310,60,16.2162,LOCAL_BEST,0,123,8224,97408,31801,157,246,-98,2439.0244,0.0000,0,0,0,0,0,0
n012w8-0,n012w8,0,5,500000,100.0,adaptive,2026-07-04T12:11:50+01:00,6,2,62,56473,84,0.000000,415,435,415,20,4.5977,LOCAL_BEST,0,123,0,96282,34368,158,681,-7,293.6858,0.0000,0,0,0,0,0,0
n012w8-0,n012w8,0,5,500000,100.0,adaptive,2026-07-04T12:11:50+01:00,6,2,62,59586,88,0.000000,375,415,375,40,9.6386,LOCAL_BEST,0,123,0,101403,36914,159,3113,4,128.4934,10000.0000,0,0,0,0,0,0
n012w8-0,n012w8,0,5,500000,100.0,adaptive,2026-07-04T12:11:50+01:00,6,4,62,60727,167,18.676178,345,370,345,25,6.7568,LOCAL_BEST,1,123,8301,106101,36447,160,1141,79,219.1060,316.4557,0,0,0,0,0,0
n012w8-0,n012w8,0,5,500000,100.0,adaptive,2026-07-04T12:11:50+01:00,6,4,62,60820,167,18.628248,330,345,330,15,4.3478,LOCAL_BEST,1,123,8304,106234,36526,161,93,0,1612.9032,0.0000,0,0,0,0,0,0
n012w8-0,n012w8,0,5,500000,100.0,adaptive,2026-07-04T12:11:50+01:00,6,1,62,61230,99,18.418404,270,310,270,40,12.9032,LOCAL_BEST,0,123,8464,105872,36202,162,410,-68,975.6098,0.0000,0,0,0,0,0,0
n012w8-0,n012w8,0,5,500000,100.0,adaptive,2026-07-04T12:11:50+01:00,6,1,62,61411,99,18.326520,255,270,255,15,5.5556,GLOBAL_BEST,0,123,8471,106173,36356,163,181,0,828.7293,0.0000,0,0,0,0,0,0
n012w8-0,n012w8,0,5,500000,100.0,adaptive,2026-07-04T12:11:50+01:00,6,1,62,61426,100,18.318926,225,255,225,30,11.7647,GLOBAL_BEST,0,123,8471,106203,36369,164,15,1,20000.0000,30000.0000,0,0,0,0,0,0
n012w8-0,n012w8,0,5,500000,100.0,adaptive,2026-07-04T12:11:50+01:00,6,2,62,62166,92,0.000000,370,375,370,5,1.3333,LOCAL_BEST,0,123,0,105645,39073,165,740,-8,67.5676,0.0000,0,0,0,0,0,0
n012w8-0,n012w8,0,5,500000,100.0,adaptive,2026-07-04T12:11:50+01:00,6,2,62,62544,92,0.000000,360,370,360,10,2.7027,LOCAL_BEST,0,123,0,106262,39393,166,378,0,264.5503,0.0000,0,0,0,0,0,0
n012w8-0,n012w8,0,5,500000,100.0,adaptive,2026-07-04T12:11:50+01:00,6,4,62,62981,172,17.548500,300,330,300,30,9.0909,LOCAL_BEST,1,123,8382,109684,38367,167,437,80,686.4989,375.0000,0,0,0,0,0,0
n012w8-0,n012w8,0,5,500000,100.0,adaptive,2026-07-04T12:11:50+01:00,6,4,62,63726,173,17.190955,285,300,285,15,5.0000,LOCAL_BEST,1,123,8401,110841,39038,168,745,1,201.3423,15000.0000,0,0,0,0,0,0
n012w8-0,n012w8,0,5,500000,100.0,adaptive,2026-07-04T12:11:50+01:00,6,4,62,63804,173,17.153944,270,285,270,15,5.2632,LOCAL_BEST,1,123,8401,110922,39112,169,78,0,1923.0769,0.0000,0,0,0,0,0,0
n012w8-0,n012w8,0,5,500000,100.0,adaptive,2026-07-04T12:11:50+01:00,6,10,62,63934,222,17.092437,250,255,250,5,1.9608,LOCAL_BEST,4,123,8536,109717,39227,170,130,49,384.6154,102.0408,0,0,0,0,0,0
n012w8-0,n012w8,0,5,500000,100.0,adaptive,2026-07-04T12:11:50+01:00,6,4,62,67405,181,15.529304,240,270,240,30,11.1111,LOCAL_BEST,1,123,8499,116400,42243,171,3471,-41,86.4304,0.0000,0,0,0,0,0,0
n012w8-0,n012w8,0,5,500000,100.0,adaptive,2026-07-04T12:11:50+01:00,6,4,62,68469,183,15.079398,225,240,225,15,6.2500,LOCAL_BEST,1,123,8530,118006,43171,172,1064,2,140.9774,7500.0000,0,0,0,0,0,0
n012w8-0,n012w8,0,5,500000,100.0,adaptive,2026-07-04T12:11:50+01:00,6,10,62,72218,238,13.595526,240,250,240,10,4.0000,LOCAL_BEST,4,123,8806,122187,46505,173,3749,55,26.6738,181.8182,0,0,0,0,0,0
n012w8-0,n012w8,0,5,500000,100.0,adaptive,2026-07-04T12:11:50+01:00,6,10,62,73083,240,13.274434,235,240,235,5,2.0833,LOCAL_BEST,4,123,8825,123534,47290,174,865,2,57.8035,2500.0000,0,0,0,0,0,0
n012w8-0,n012w8,0,5,500000,100.0,adaptive,2026-07-04T12:11:50+01:00,6,13,62,73719,338,13.043195,210,220,210,10,4.5455,LOCAL_BEST,5,123,8699,126160,47231,175,636,98,157.2327,102.0408,0,0,0,0,0,0
n012w8-0,n012w8,0,5,500000,100.0,adaptive,2026-07-04T12:11:50+01:00,6,13,62,73753,338,13.030948,195,210,195,15,7.1429,LOCAL_BEST,5,123,8699,126228,47262,176,34,0,4411.7647,0.0000,0,0,0,0,0,0
n012w8-0,n012w8,0,5,500000,100.0,adaptive,2026-07-04T12:11:50+01:00,6,2,62,73773,115,0.000000,355,360,355,5,1.3889,LOCAL_BEST,0,123,0,124379,48863,177,20,-223,2500.0000,0.0000,0,0,0,0,0,0
n012w8-0,n012w8,0,5,500000,100.0,adaptive,2026-07-04T12:11:50+01:00,6,13,62,73897,339,12.979202,180,195,180,15,7.6923,LOCAL_BEST,5,123,8702,126479,47394,178,124,224,1209.6774,66.9643,0,0,0,0,0,0
n012w8-0,n012w8,0,5,500000,100.0,adaptive,2026-07-04T12:11:50+01:00,6,2,62,74547,117,0.000000,330,355,330,25,7.0423,LOCAL_BEST,0,123,0,125569,49532,179,650,-222,384.6154,0.0000,0,0,0,0,0,0
n012w8-0,n012w8,0,5,500000,100.0,adaptive,2026-07-04T12:11:50+01:00,6,2,62,74816,118,0.000000,325,330,325,5,1.5152,LOCAL_BEST,0,123,0,125913,49768,180,269,1,185.8736,5000.0000,0,0,0,0,0,0
n012w8-0,n012w8,0,5,500000,100.0,adaptive,2026-07-04T12:11:50+01:00,6,4,62,75987,201,12.250900,210,225,210,15,6.6667,LOCAL_BEST,1,123,8699,129767,49861,181,1171,83,128.0956,180.7229,0,0,0,0,0,0
n012w8-0,n012w8,0,5,500000,100.0,adaptive,2026-07-04T12:11:50+01:00,6,10,62,82357,253,10.273726,220,235,220,15,6.3830,LOCAL_BEST,4,123,8988,137507,55773,182,6370,52,23.5479,288.4615,0,0,0,0,0,0
n012w8-0,n012w8,0,5,500000,100.0,adaptive,2026-07-04T12:11:50+01:00,6,2,62,84130,137,0.000000,315,325,315,10,3.0769,LOCAL_BEST,0,123,0,140617,57790,183,1773,-116,56.4016,0.0000,0,0,0,0,0,0
n012w8-0,n012w8,0,5,500000,100.0,adaptive,2026-07-04T12:11:50+01:00,6,2,62,84153,137,0.000000,300,315,300,15,4.7619,LOCAL_BEST,0,123,0,140639,57809,184,23,0,6521.7391,0.0000,0,0,0,0,0,0
n012w8-0,n012w8,0,5,500000,100.0,adaptive,2026-07-04T12:11:50+01:00,6,2,62,84228,137,0.000000,285,300,285,15,5.0000,LOCAL_BEST,0,123,0,140746,57874,185,75,0,2000.0000,0.0000,0,0,0,0,0,0
n012w8-0,n012w8,0,5,500000,100.0,adaptive,2026-07-04T12:11:50+01:00,6,10,62,87678,265,8.869027,205,220,205,15,6.8182,LOCAL_BEST,4,123,9039,146397,60769,186,3450,128,43.4783,117.1875,0,0,0,0,0,0
n012w8-0,n012w8,0,5,500000,100.0,adaptive,2026-07-04T12:11:50+01:00,6,4,62,90958,235,8.100578,195,210,195,15,7.1429,GLOBAL_BEST,1,123,8876,153699,63687,187,3280,-30,45.7317,0.0000,0,0,0,0,0,0
n012w8-0,n012w8,0,5,500000,100.0,adaptive,2026-07-04T12:11:50+01:00,6,2,62,93035,156,0.000000,280,285,280,5,1.7544,LOCAL_BEST,0,123,0,154156,65628,188,2077,-79,24.0732,0.0000,0,0,0,0,0,0
n012w8-0,n012w8,0,5,500000,100.0,adaptive,2026-07-04T12:11:50+01:00,6,10,62,93122,276,7.630412,195,205,195,10,4.8780,LOCAL_BEST,4,123,9081,154930,65902,189,87,120,1149.4253,83.3333,0,0,0,0,0,0
n012w8-0,n012w8,0,5,500000,100.0,adaptive,2026-07-04T12:11:50+01:00,6,2,62,93267,156,0.000000,270,280,270,10,3.5714,LOCAL_BEST,0,123,0,154447,65839,190,145,-120,689.6552,0.0000,0,0,0,0,0,0
n012w8-0,n012w8,0,5,500000,100.0,adaptive,2026-07-04T12:11:50+01:00,6,7,62,93578,241,7.534874,255,265,255,10,3.7736,LOCAL_BEST,2,123,8960,158516,66015,191,311,85,321.5434,117.6471,0,0,0,0,0,0
n012w8-0,n012w8,0,5,500000,100.0,adaptive,2026-07-04T12:11:50+01:00,6,2,62,94019,158,0.000000,265,270,265,5,1.8519,LOCAL_BEST,0,123,0,155687,66500,192,441,-83,113.3787,0.0000,0,0,0,0,0,0
n012w8-0,n012w8,0,5,500000,100.0,adaptive,2026-07-04T12:11:50+01:00,6,2,62,95502,162,0.000000,250,265,250,15,5.6604,LOCAL_BEST,0,123,0,158252,67849,193,1483,4,101.1463,3750.0000,0,0,0,0,0,0
n012w8-0,n012w8,0,5,500000,100.0,adaptive,2026-07-04T12:11:50+01:00,6,2,62,98155,166,0.000000,240,250,240,10,4.0000,LOCAL_BEST,0,123,0,162460,70220,194,2653,4,37.6932,2500.0000,0,0,0,0,0,0
n012w8-0,n012w8,0,5,500000,100.0,adaptive,2026-07-04T12:11:50+01:00,6,2,62,99402,168,0.000000,235,240,235,5,2.0833,LOCAL_BEST,0,123,0,164594,71309,195,1247,2,40.0962,2500.0000,0,0,0,0,0,0
n012w8-0,n012w8,0,5,500000,100.0,adaptive,2026-07-04T12:11:50+01:00,6,10,62,100445,290,6.232639,190,195,190,5,2.5641,GLOBAL_BEST,4,123,9130,166903,72848,196,1043,122,47.9386,40.9836,0,0,0,0,0,0
n012w8-0,n012w8,0,5,500000,100.0,adaptive,2026-07-04T12:11:50+01:00,6,7,62,103201,261,5.775638,235,255,235,20,7.8431,LOCAL_BEST,2,123,8995,173788,75127,197,2756,-29,72.5689,0.0000,0,0,0,0,0,0
n012w8-0,n012w8,0,5,500000,100.0,adaptive,2026-07-04T12:11:50+01:00,6,2,62,103894,174,0.000000,220,235,220,15,6.3830,GLOBAL_BEST,0,123,0,171682,75260,198,693,-87,216.4502,0.0000,0,0,0,0,0,0
n012w8-0,n012w8,0,5,500000,100.0,adaptive,2026-07-04T12:11:50+01:00,6,2,62,104903,175,0.000000,210,220,210,10,4.5455,GLOBAL_BEST,0,123,0,173298,76167,199,1009,1,99.1080,10000.0000,0,0,0,0,0,0
n012w8-0,n012w8,0,5,500000,100.0,adaptive,2026-07-04T12:11:50+01:00,6,10,62,108181,305,5.033151,180,190,180,10,5.2632,GLOBAL_BEST,4,123,9146,179533,80217,200,3278,130,30.5064,76.9231,0,0,0,0,0,0
n012w8-0,n012w8,0,5,500000,100.0,adaptive,2026-07-04T12:11:50+01:00,6,1,62,111426,186,4.601379,265,225,225,0,0.0000,REHEAT,0,123,9059,187370,82032,201,3245,-119,0.0000,0.0000,0,0,0,0,0,0
n012w8-0,n012w8,0,5,500000,100.0,adaptive,2026-07-04T12:11:50+01:00,6,4,62,140958,325,2.034717,195,195,195,0,0.0000,REHEAT,1,123,8942,235705,111300,202,29532,139,0.0000,0.0000,0,0,0,0,0,0
n012w8-0,n012w8,0,5,500000,100.0,adaptive,2026-07-04T12:11:50+01:00,6,10,62,158181,400,1.264236,180,180,180,0,0.0000,REHEAT,4,123,9172,259688,128964,203,17223,75,0.0000,0.0000,0,0,0,0,0,0
n012w8-0,n012w8,0,5,500000,100.0,adaptive,2026-07-04T12:11:50+01:00,6,1,62,161426,286,25.118864,590,225,225,0,0.0000,REHEAT,0,123,16859,273845,109330,204,3245,-114,0.0000,0.0000,0,0,0,0,0,0
n012w8-0,n012w8,0,5,500000,100.0,adaptive,2026-07-04T12:11:50+01:00,6,4,62,190958,441,25.118864,660,195,195,0,0.0000,REHEAT,1,123,16781,323356,138463,205,29532,155,0.0000,0.0000,0,0,0,0,0,0
n012w8-0,n012w8,0,5,500000,100.0,adaptive,2026-07-04T12:11:50+01:00,6,10,62,208181,503,25.118864,595,180,180,0,0.0000,REHEAT,4,123,16891,346844,156569,206,17223,62,0.0000,0.0000,0,0,0,0,0,0
n012w8-0,n012w8,0,5,500000,100.0,adaptive,2026-07-04T12:11:50+01:00,6,1,62,211426,390,25.118864,555,225,225,0,0.0000,REHEAT,0,123,24764,361050,136798,207,3245,-113,0.0000,0.0000,0,0,0,0,0,0
n012w8-0,n012w8,0,5,500000,100.0,adaptive,2026-07-04T12:11:50+01:00,6,4,62,240958,553,25.118864,790,195,195,0,0.0000,REHEAT,1,123,24413,410057,166044,208,29532,163,0.0000,0.0000,0,0,0,0,0,0
n012w8-0,n012w8,0,5,500000,100.0,adaptive,2026-07-04T12:11:50+01:00,6,10,62,258181,599,25.118864,615,180,180,0,0.0000,REHEAT,4,123,24682,434489,184194,209,17223,46,0.0000,0.0000,0,0,0,0,0,0
n012w8-0,n012w8,0,5,500000,100.0,adaptive,2026-07-04T12:11:50+01:00,6,1,62,261426,502,25.118864,445,225,225,0,0.0000,REHEAT,0,123,32430,448250,164400,210,3245,-97,0.0000,0.0000,0,0,0,0,0,0
n012w8-0,n012w8,0,5,500000,100.0,adaptive,2026-07-04T12:11:50+01:00,6,4,62,290958,662,25.118864,565,195,195,0,0.0000,REHEAT,1,123,32276,497624,193368,211,29532,160,0.0000,0.0000,0,0,0,0,0,0
n012w8-0,n012w8,0,5,500000,100.0,adaptive,2026-07-04T12:11:50+01:00,6,10,62,308181,703,25.118864,640,180,180,0,0.0000,REHEAT,4,123,32401,521242,211832,212,17223,41,0.0000,0.0000,0,0,0,0,0,0
n012w8-0,n012w8,0,5,500000,100.0,adaptive,2026-07-04T12:11:50+01:00,6,1,62,311426,613,25.118864,630,225,225,0,0.0000,REHEAT,0,123,40191,535046,191981,213,3245,-90,0.0000,0.0000,0,0,0,0,0,0
n012w8-0,n012w8,0,5,500000,100.0,adaptive,2026-07-04T12:11:50+01:00,6,4,62,340958,780,25.118864,715,195,195,0,0.0000,REHEAT,1,123,40093,584941,220817,214,29532,167,0.0000,0.0000,0,0,0,0,0,0
n012w8-0,n012w8,0,5,500000,100.0,adaptive,2026-07-04T12:11:50+01:00,6,10,62,358181,801,25.118864,500,180,180,0,0.0000,REHEAT,4,123,40014,608647,239335,215,17223,21,0.0000,0.0000,0,0,0,0,0,0
n012w8-0,n012w8,0,5,500000,100.0,adaptive,2026-07-04T12:11:50+01:00,6,1,62,361426,702,25.118864,805,225,225,0,0.0000,REHEAT,0,123,48136,621890,219210,216,3245,-99,0.0000,0.0000,0,0,0,0,0,0
n012w8-0,n012w8,0,5,500000,100.0,adaptive,2026-07-04T12:11:50+01:00,6,4,62,390958,885,25.118864,405,195,195,0,0.0000,REHEAT,1,123,47862,671738,248191,217,29532,183,0.0000,0.0000,0,0,0,0,0,0
n012w8-0,n012w8,0,5,500000,100.0,adaptive,2026-07-04T12:11:50+01:00,6,10,62,408181,911,25.118864,500,180,180,0,0.0000,REHEAT,4,123,47808,696862,266833,218,17223,26,0.0000,0.0000,0,0,0,0,0,0
n012w8-0,n012w8,0,5,500000,100.0,adaptive,2026-07-04T12:11:50+01:00,6,1,62,411426,812,25.118864,575,225,225,0,0.0000,REHEAT,0,123,55735,708775,247058,219,3245,-99,0.0000,0.0000,0,0,0,0,0,0
n012w8-0,n012w8,0,5,500000,100.0,adaptive,2026-07-04T12:11:50+01:00,6,4,62,440958,993,25.118864,800,195,195,0,0.0000,REHEAT,1,123,55547,759082,275697,220,29532,181,0.0000,0.0000,0,0,0,0,0,0
n012w8-0,n012w8,0,5,500000,100.0,adaptive,2026-07-04T12:11:50+01:00,6,10,62,458181,1024,25.118864,580,180,180,0,0.0000,REHEAT,4,123,55599,784243,294349,221,17223,31,0.0000,0.0000,0,0,0,0,0,0
n012w8-0,n012w8,0,5,500000,100.0,adaptive,2026-07-04T12:11:50+01:00,6,1,62,461426,920,25.118864,640,225,225,0,0.0000,REHEAT,0,123,63573,795904,274321,222,3245,-104,0.0000,0.0000,0,0,0,0,0,0
n012w8-0,n012w8,0,5,500000,100.0,adaptive,2026-07-04T12:11:50+01:00,6,4,62,490958,1106,25.118864,790,195,195,0,0.0000,REHEAT,1,123,63404,845962,303180,223,29532,186,0.0000,0.0000,0,0,0,0,0,0
n012w8-0,n012w8,0,5,500000,100.0,adaptive,2026-07-04T12:11:50+01:00,7,1,74,2,1,99.997237,3275,3345,3275,70,2.0927,GLOBAL_BEST,0,123,0,5,0,1,2,1,350000.0000,70000.0000,0,0,0,0,0,0
n012w8-0,n012w8,0,5,500000,100.0,adaptive,2026-07-04T12:11:50+01:00,7,2,74,3,1,0.000000,3330,3345,3330,15,0.4484,GLOBAL_BEST,0,123,0,16,0,2,1,0,150000.0000,0.0000,0,0,0,0,0,0
n012w8-0,n012w8,0,5,500000,100.0,adaptive,2026-07-04T12:11:50+01:00,7,3,74,3,1,0.000000,3315,3345,3315,30,0.8969,GLOBAL_BEST,0,123,0,23,0,3,0,0,0.0000,0.0000,0,0,0,0,0,0
n012w8-0,n012w8,0,5,500000,100.0,adaptive,2026-07-04T12:11:50+01:00,7,3,74,4,1,0.000000,3255,3315,3255,60,1.8100,GLOBAL_BEST,0,123,0,25,0,4,1,0,600000.0000,0.0000,0,0,0,0,0,0
n012w8-0,n012w8,0,5,500000,100.0,adaptive,2026-07-04T12:11:50+01:00,7,1,74,4,1,99.991711,3125,3275,3125,150,4.5802,GLOBAL_BEST,0,123,0,12,0,5,0,0,0.0000,0.0000,0,0,0,0,0,0
n012w8-0,n012w8,0,5,500000,100.0,adaptive,2026-07-04T12:11:50+01:00,7,2,74,5,1,0.000000,3180,3330,3180,150,4.5045,LOCAL_BEST,0,123,0,22,0,6,1,0,1500000.0000,0.0000,0,0,0,0,0,0
n012w8-0,n012w8,0,5,500000,100.0,adaptive,2026-07-04T12:11:50+01:00,7,1,74,5,1,99.988948,3095,3125,3095,30,0.9600,GLOBAL_BEST,0,123,0,17,0,7,0,0,0.0000,0.0000,0,0,0,0,0,0
n012w8-0,n012w8,0,5,500000,100.0,adaptive,2026-07-04T12:11:50+01:00,7,2,74,6,1,0.000000,3150,3180,3150,30,0.9434,LOCAL_BEST,0,123,0,22,0,8,1,0,300000.0000,0.0000,0,0,0,0,0,0
n012w8-0,n012w8,0,5,500000,100.0,adaptive,2026-07-04T12:11:50+01:00,7,3,74,7,1,0.000000,3215,3255,3215,40,1.2289,LOCAL_BEST,0,123,1,35,0,9,1,0,400000.0000,0.0000,0,0,0,0,0,0
n012w8-0,n012w8,0,5,500000,100.0,adaptive,2026-07-04T12:11:50+01:00,7,1,74,7,1,99.983423,2930,3095,2930,165,5.3312,GLOBAL_BEST,0,123,0,21,1,10,0,0,0.0000,0.0000,0,0,0,0,0,0
n012w8-0,n012w8,0,5,500000,100.0,adaptive,2026-07-04T12:11:50+01:00,7,2,74,7,1,0.000000,2990,3150,2990,160,5.0794,LOCAL_BEST,0,123,0,24,0,11,0,0,0.0000,0.0000,0,0,0,0,0,0
n012w8-0,n012w8,0,5,500000,100.0,adaptive,2026-07-04T12:11:50+01:00,7,3,74,8,1,0.000000,3110,3215,3110,105,3.2659,LOCAL_BEST,0,123,1,35,0,12,1,0,1050000.0000,0.0000,0,0,0,0,0,0
n012w8-0,n012w8,0,5,500000,100.0,adaptive,2026-07-04T12:11:50+01:00,7,2,74,9,1,0.000000,2900,2990,2900,90,3.0100,GLOBAL_BEST,0,123,0,27,0,13,1,0,900000.0000,0.0000,0,0,0,0,0,0
n012w8-0,n012w8,0,5,500000,100.0,adaptive,2026-07-04T12:11:50+01:00,7,3,74,10,1,0.000000,3080,3110,3080,30,0.9646,LOCAL_BEST,0,123,1,42,0,14,1,0,300000.0000,0.0000,0,0,0,0,0,0
n012w8-0,n012w8,0,5,500000,100.0,adaptive,2026-07-04T12:11:50+01:00,7,1,74,10,1,99.975135,2915,2930,2915,15,0.5119,GLOBAL_BEST,0,123,2,21,1,15,0,0,0.0000,0.0000,0,0,0,0,0,0
n012w8-0,n012w8,0,5,500000,100.0,adaptive,2026-07-04T12:11:50+01:00,7,2,74,10,1,0.000000,2750,2900,2750,150,5.1724,GLOBAL_BEST,0,123,0,29,0,16,0,0,0.0000,0.0000,0,0,0,0,0,0
n012w8-0,n012w8,0,5,500000,100.0,adaptive,2026-07-04T12:11:50+01:00,7,3,74,11,1,0.000000,2960,3080,2960,120,3.8961,LOCAL_BEST,0,123,1,43,0,17,1,0,1200000.0000,0.0000,0,0,0,0,0,0
n012w8-0,n012w8,0,5,500000,100.0,adaptive,2026-07-04T12:11:50+01:00,7,1,74,11,1,99.972373,2900,2915,2900,15,0.5146,LOCAL_BEST,0,123,2,22,1,18,0,0,0.0000,0.0000,0,0,0,0,0,0
n012w8-0,n012w8,0,5,500000,100.0,adaptive,2026-07-04T12:11:50+01:00,7,2,74,11,1,0.000000,2660,2750,2660,90,3.2727,GLOBAL_BEST,0,123,0,34,0,19,0,0,0.0000,0.0000,0,0,0,0,0,0
n012w8-0,n012w8,0,5,500000,100.0,adaptive,2026-07-04T12:11:50+01:00,7,2,74,12,1,0.000000,2585,2660,2585,75,2.8195,GLOBAL_BEST,0,123,0,40,0,20,1,0,750000.0000,0.0000,0,0,0,0,0,0
n012w8-0,n012w8,0,5,500000,100.0,adaptive,2026-07-04T12:11:50+01:00,7,1,74,13,1,99.966848,2885,2900,2885,15,0.5172,LOCAL_BEST,0,123,2,28,1,21,1,0,150000.0000,0.0000,0,0,0,0,0,0
n012w8-0,n012w8,0,5,500000,100.0,adaptive,2026-07-04T12:11:50+01:00,7,2,74,13,1,0.000000,2360,2585,2360,225,8.7041,GLOBAL_BEST,0,123,0,43,0,22,0,0,0.0000,0.0000,0,0,0,0,0,0
n012w8-0,n012w8,0,5,500000,100.0,adaptive,2026-07-04T12:11:50+01:00,7,5,74,13,50,0.000000,605,620,605,15,2.4194,LOCAL_BEST,1,123,0,43,8,23,0,49,0.0000,306.1224,0,0,0,0,0,0
n012w8-0,n012w8,0,5,500000,100.0,adaptive,2026-07-04T12:11:50+01:00,7,2,74,14,1,0.000000,2345,2360,2345,15,0.6356,GLOBAL_BEST,0,123,0,44,0,24,1,-49,150000.0000,0.0000,0,0,0,0,0,0
n012w8-0,n012w8,0,5,500000,100.0,adaptive,2026-07-04T12:11:50+01:00,7,1,74,15,1,99.961324,2870,2885,2870,15,0.5199,LOCAL_BEST,0,123,2,28,2,25,1,0,150000.0000,0.0000,0,0,0,0,0,0
n012w8-0,n012w8,0,5,500000,100.0,adaptive,2026-07-04T12:11:50+01:00,7,1,74,16,1,99.958562,2690,2870,2690,180,6.2718,LOCAL_BEST,0,123,2,32,2,26,1,0,1800000.0000,0.0000,0,0,0,0,0,0
n012w8-0,n012w8,0,5,500000,100.0,adaptive,2026-07-04T12:11:50+01:00,7,3,74,17,1,0.000000,2900,2960,2900,60,2.0270,LOCAL_BEST,0,123,4,50,0,27,1,0,600000.0000,0.0000,0,0,0,0,0,0
n012w8-0,n012w8,0,5,500000,100.0,adaptive,2026-07-04T12:11:50+01:00,7,1,74,18,1,99.953038,2525,2690,2525,165,6.1338,LOCAL_BEST,0,123,2,32,2,28,1,0,1650000.0000,0.0000,0,0,0,0,0,0
n012w8-0,n012w8,0,5,500000,100.0,adaptive,2026-07-04T12:11:50+01:00,7,2,74,18,1,0.000000,2300,2345,2300,45,1.9190,GLOBAL_BEST,0,123,0,51,0,29,0,0,0.0000,0.0000,0,0,0,0,0,0
n012w8-0,n012w8,0,5,500000,100.0,adaptive,2026-07-04T12:11:50+01:00,7,1,74,19,1,99.950277,2480,2525,2480,45,1.7822,LOCAL_BEST,0,123,2,33,2,30,1,0,450000.0000,0.0000,0,0,0,0,0,0
n012w8-0,n012w8,0,5,500000,100.0,adaptive,2026-07-04T12:11:50+01:00,7,1,74,20,1,99.947515,2450,2480,2450,30,1.2097,LOCAL_BEST,0,123,2,37,2,31,1,0,300000.0000,0.0000,0,0,0,0,0,0
n012w8-0,n012w8,0,5,500000,100.0,adaptive,2026-07-04T12:11:50+01:00,7,3,74,22,1,0.000000,2755,2900,2755,145,5.0000,LOCAL_BEST,0,123,7,62,0,32,2,0,725000.0000,0.0000,0,0,0,0,0,0
n012w8-0,n012w8,0,5,500000,100.0,adaptive,2026-07-04T12:11:50+01:00,7,1,74,22,1,99.941992,2420,2450,2420,30,1.2245,LOCAL_BEST,0,123,2,43,2,33,0,0,0.0000,0.0000,0,0,0,0,0,0
n012w8-0,n012w8,0,5,500000,100.0,adaptive,2026-07-04T12:11:50+01:00,7,3,74,25,1,0.000000,2740,2755,2740,15,0.5445,LOCAL_BEST,0,123,7,65,1,34,3,0,50000.0000,0.0000,0,0,0,0,0,0
n012w8-0,n012w8,0,5,500000,100.0,adaptive,2026-07-04T12:11:50+01:00,7,3,74,27,1,0.000000,2590,2740,2590,150,5.4745,LOCAL_BEST,0,123,7,73,1,35,2,0,750000.0000,0.0000,0,0,0,0,0,0
n012w8-0,n012w8,0,5,500000,100.0,adaptive,2026-07-04T12:11:50+01:00,7,1,74,27,1,99.928185,2375,2420,2375,45,1.8595,LOCAL_BEST,0,123,4,58,2,36,0,0,0.0000,0.0000,0,0,0,0,0,0
n012w8-0,n012w8,0,5,500000,100.0,adaptive,2026-07-04T12:11:50+01:00,7,3,74,28,1,0.000000,2230,2590,2230,360,13.8996,GLOBAL_BEST,0,123,7,77,1,37,1,0,3600000.0000,0.0000,0,0,0,0,0,0
n012w8-0,n012w8,0,5,500000,100.0,adaptive,2026-07-04T12:11:50+01:00,7,2,74,30,1,0.000000,2285,2300,2285,15,0.6522,LOCAL_BEST,0,123,0,71,0,38,2,0,75000.0000,0.0000,0,0,0,0,0,0
n012w8-0,n012w8,0,5,500000,100.0,adaptive,2026-07-04T12:11:50+01:00,7,3,74,31,1,0.000000,2185,2230,2185,45,2.0179,GLOBAL_BEST,0,123,8,86,1,39,1,0,450000.0000,0.0000,0,0,0,0,0,0
n012w8-0,n012w8,0,5,500000,100.0,adaptive,2026-07-04T12:11:50+01:00,7,3,74,32,1,0.000000,2155,2185,2155,30,1.3730,GLOBAL_BEST,0,123,8,86,1,40,1,0,300000.0000,0.0000,0,0,0,0,0,0
n012w8-0,n012w8,0,5,500000,100.0,adaptive,2026-07-04T12:11:50+01:00,7,3,74,33,1,0.000000,2095,2155,2095,60,2.7842,GLOBAL_BEST,0,123,8,86,1,41,1,0,600000.0000,0.0000,0,0,0,0,0,0
n012w8-0,n012w8,0,5,500000,100.0,adaptive,2026-07-04T12:11:50+01:00,7,5,74,33,50,0.000000,575,605,575,30,4.9587,GLOBAL_BEST,1,123,0,70,21,42,0,49,0.0000,612.2449,0,0,0,0,0,0
n012w8-0,n012w8,0,5,500000,100.0,adaptive,2026-07-04T12:11:50+01:00,7,1,74,34,1,99.908859,2315,2375,2315,60,2.5263,LOCAL_BEST,0,123,6,66,2,43,1,-49,600000.0000,0.0000,0,0,0,0,0,0
n012w8-0,n012w8,0,5,500000,100.0,adaptive,2026-07-04T12:11:50+01:00,7,2,74,34,1,0.000000,2195,2285,2195,90,3.9387,LOCAL_BEST,0,123,0,78,0,44,0,0,0.0000,0.0000,0,0,0,0,0,0
n012w8-0,n012w8,0,5,500000,100.0,adaptive,2026-07-04T12:11:50+01:00,7,2,74,35,1,0.000000,2105,2195,2105,90,4.1002,LOCAL_BEST,0,123,0,79,0,45,1,0,900000.0000,0.0000,0,0,0,0,0,0
n012w8-0,n012w8,0,5,500000,100.0,adaptive,2026-07-04T12:11:50+01:00,7,1,74,36,1,99.903338,2240,2315,2240,75,3.2397,LOCAL_BEST,0,123,6,70,3,46,1,0,750000.0000,0.0000,0,0,0,0,0,0
n012w8-0,n012w8,0,5,500000,100.0,adaptive,2026-07-04T12:11:50+01:00,7,2,74,36,1,0.000000,2075,2105,2075,30,1.4252,GLOBAL_BEST,0,123,0,79,0,47,0,0,0.0000,0.0000,0,0,0,0,0,0
n012w8-0,n012w8,0,5,500000,100.0,adaptive,2026-07-04T12:11:50+01:00,7,1,74,37,1,99.900578,2225,2240,2225,15,0.6696,LOCAL_BEST,0,123,6,75,3,48,1,0,150000.0000,0.0000,0,0,0,0,0,0
n012w8-0,n012w8,0,5,500000,100.0,adaptive,2026-07-04T12:11:50+01:00,7,1,74,38,1,99.897817,2150,2225,2150,75,3.3708,LOCAL_BEST,0,123,6,76,3,49,1,0,750000.0000,0.0000,0,0,0,0,0,0
n012w8-0,n012w8,0,5,500000,100.0,adaptive,2026-07-04T12:11:50+01:00,7,2,74,38,1,0.000000,2015,2075,2015,60,2.8916,GLOBAL_BEST,0,123,0,85,0,50,0,0,0.0000,0.0000,0,0,0,0,0,0
n012w8-0,n012w8,0,5,500000,100.0,adaptive,2026-07-04T12:11:50+01:00,7,2,74,39,1,0.000000,2000,2015,2000,15,0.7444,GLOBAL_BEST,0,123,0,87,0,51,1,0,150000.0000,0.0000,0,0,0,0,0,0
n012w8-0,n012w8,0,5,500000,100.0,adaptive,2026-07-04T12:11:50+01:00,7,1,74,40,1,99.892297,2000,2150,2000,150,6.9767,LOCAL_BEST,0,123,6,77,3,52,1,0,1500000.0000,0.0000,0,0,0,0,0,0
n012w8-0,n012w8,0,5,500000,100.0,adaptive,2026-07-04T12:11:50+01:00,7,1,74,41,1,99.889537,1900,2000,1900,100,5.0000,GLOBAL_BEST,0,123,6,77,3,53,1,0,1000000.0000,0.0000,0,0,0,0,0,0
n012w8-0,n012w8,0,5,500000,100.0,adaptive,2026-07-04T12:11:50+01:00,7,1,74,42,1,99.886777,1870,1900,1870,30,1.5789,GLOBAL_BEST,0,123,6,82,3,54,1,0,300000.0000,0.0000,0,0,0,0,0,0
n012w8-0,n012w8,0,5,500000,100.0,adaptive,2026-07-04T12:11:50+01:00,7,2,74,43,1,0.000000,1925,2000,1925,75,3.7500,LOCAL_BEST,0,123,0,94,0,55,1,0,750000.0000,0.0000,0,0,0,0,0,0
n012w8-0,n012w8,0,5,500000,100.0,adaptive,2026-07-04T12:11:50+01:00,7,1,74,44,1,99.881257,1780,1870,1780,90,4.8128,GLOBAL_BEST,0,123,6,86,4,56,1,0,900000.0000,0.0000,0,0,0,0,0,0
n012w8-0,n012w8,0,5,500000,100.0,adaptive,2026-07-04T12:11:50+01:00,7,1,74,45,1,99.878497,1735,1780,1735,45,2.5281,LOCAL_BEST,0,123,6,93,4,57,1,0,450000.0000,0.0000,0,0,0,0,0,0
n012w8-0,n012w8,0,5,500000,100.0,adaptive,2026-07-04T12:11:50+01:00,7,2,74,47,1,0.000000,1835,1925,1835,90,4.6753,GLOBAL_BEST,0,123,0,98,0,58,2,0,450000.0000,0.0000,0,0,0,0,0,0
n012w8-0,n012w8,0,5,500000,100.0,adaptive,2026-07-04T12:11:50+01:00,7,3,74,54,1,0.000000,1945,2095,1945,150,7.1599,LOCAL_BEST,0,123,17,146,1,59,7,0,214285.7143,0.0000,0,0,0,0,0,0
n012w8-0,n012w8,0,5,500000,100.0,adaptive,2026-07-04T12:11:50+01:00,7,3,74,55,1,0.000000,1825,1945,1825,120,6.1697,GLOBAL_BEST,0,123,17,146,1,60,1,0,1200000.0000,0.0000,0,0,0,0,0,0
n012w8-0,n012w8,0,5,500000,100.0,adaptive,2026-07-04T12:11:50+01:00,7,3,74,56,1,0.000000,1645,1825,1645,180,9.8630,GLOBAL_BEST,0,123,17,148,1,61,1,0,1800000.0000,0.0000,0,0,0,0,0,0
n012w8-0,n012w8,0,5,500000,100.0,adaptive,2026-07-04T12:11:50+01:00,7,5,74,61,50,0.000000,530,575,530,45,7.8261,GLOBAL_BEST,1,123,0,124,40,62,5,49,90000.0000,918.3673,0,0,0,0,0,0
n012w8-0,n012w8,0,5,500000,100.0,adaptive,2026-07-04T12:11:50+01:00,7,1,74,63,1,99.828834,1720,1735,1720,15,0.8646,LOCAL_BEST,0,123,10,118,13,63,2,-49,75000.0000,0.0000,0,0,0,0,0,0
n012w8-0,n012w8,0,5,500000,100.0,adaptive,2026-07-04T12:11:50+01:00,7,5,74,66,50,0.000000,515,530,515,15,2.8302,GLOBAL_BEST,1,123,0,138,44,64,3,49,50000.0000,306.1224,0,0,0,0,0,0
n012w8-0,n012w8,0,5,500000,100.0,adaptive,2026-07-04T12:11:50+01:00,7,8,74,69,92,0.000000,320,330,320,10,3.0303,LOCAL_BEST,3,123,0,140,67,65,3,42,33333.3333,238.0952,0,0,0,0,0,0
n012w8-0,n012w8,0,5,500000,100.0,adaptive,2026-07-04T12:11:50+01:00,7,5,74,71,50,0.000000,500,515,500,15,2.9126,GLOBAL_BEST,1,123,0,155,46,66,2,-42,75000.0000,0.0000,0,0,0,0,0,0
n012w8-0,n012w8,0,5,500000,100.0,adaptive,2026-07-04T12:11:50+01:00,7,1,74,108,1,99.704785,1610,1720,1610,110,6.3953,GLOBAL_BEST,0,123,20,243,23,67,37,-49,29729.7297,0.0000,0,0,0,0,0,0
n012w8-0,n012w8,0,5,500000,100.0,adaptive,2026-07-04T12:11:50+01:00,7,1,74,109,1,99.702030,1550,1610,1550,60,3.7267,GLOBAL_BEST,0,123,20,250,23,68,1,0,600000.0000,0.0000,0,0,0,0,0,0
n012w8-0,n012w8,0,5,500000,100.0,adaptive,2026-07-04T12:11:50+01:00,7,1,74,111,1,99.696520,1515,1550,1515,35,2.2581,GLOBAL_BEST,0,123,20,254,24,69,2,0,175000.0000,0.0000,0,0,0,0,0,0
n012w8-0,n012w8,0,5,500000,100.0,adaptive,2026-07-04T12:11:50+01:00,7,1,74,120,1,99.671731,1460,1515,1460,55,3.6304,GLOBAL_BEST,0,123,22,261,28,70,9,0,61111.1111,0.0000,0,0,0,0,0,0
n012w8-0,n012w8,0,5,500000,100.0,adaptive,2026-07-04T12:11:50+01:00,7,1,74,130,1,99.644194,1455,1460,1455,5,0.3425,GLOBAL_BEST,0,123,24,284,32,71,10,0,5000.0000,0.0000,0,0,0,0,0,0
n012w8-0,n012w8,0,5,500000,100.0,adaptive,2026-07-04T12:11:50+01:00,7,1,74,131,1,99.641441,1365,1455,1365,90,6.1856,GLOBAL_BEST,0,123,24,284,32,72,1,0,900000.0000,0.0000,0,0,0,0,0,0
n012w8-0,n012w8,0,5,500000,100.0,adaptive,2026-07-04T12:11:50+01:00,7,8,74,135,92,0.000000,305,320,305,15,4.6875,GLOBAL_BEST,3,123,0,200,125,73,4,91,37500.0000,164.8352,0,0,0,0,0,0
n012w8-0,n012w8,0,5,500000,100.0,adaptive,2026-07-04T12:11:50+01:00,7,3,74,207,1,0.000000,1560,1645,1560,85,5.1672,LOCAL_BEST,0,123,79,445,7,74,72,-91,11805.5556,0.0000,0,0,0,0,0,0
n012w8-0,n012w8,0,5,500000,100.0,adaptive,2026-07-04T12:11:50+01:00,7,8,74,225,92,0.000000,300,305,300,5,1.6393,GLOBAL_BEST,3,123,0,360,198,75,18,91,2777.7778,54.9451,0,0,0,0,0,0
n012w8-0,n012w8,0,5,500000,100.0,adaptive,2026-07-04T12:11:50+01:00,7,1,74,249,1,99.317093,1325,1365,1325,40,2.9304,GLOBAL_BEST,0,123,56,561,63,76,24,-91,16666.6667,0.0000,0,0,0,0,0,0
n012w8-0,n012w8,0,5,500000,100.0,adaptive,2026-07-04T12:11:50+01:00,7,1,74,250,1,99.314349,1310,1325,1310,15,1.1321,GLOBAL_BEST,0,123,56,563,63,77,1,0,150000.0000,0.0000,0,0,0,0,0,0
n012w8-0,n012w8,0,5,500000,100.0,adaptive,2026-07-04T12:11:50+01:00,7,1,74,256,1,99.297885,1085,1310,1085,225,17.1756,GLOBAL_BEST,0,123,57,569,65,78,6,0,375000.0000,0.0000,0,0,0,0,0,0
n012w8-0,n012w8,0,5,500000,100.0,adaptive,2026-07-04T12:11:50+01:00,7,1,74,262,1,99.281425,1055,1085,1055,30,2.7650,GLOBAL_BEST,0,123,60,575,65,79,6,0,50000.0000,0.0000,0,0,0,0,0,0
n012w8-0,n012w8,0,5,500000,100.0,adaptive,2026-07-04T12:11:50+01:00,7,1,74,265,1,99.273195,1040,1055,1040,15,1.4218,GLOBAL_BEST,0,123,60,577,67,80,3,0,50000.0000,0.0000,0,0,0,0,0,0
n012w8-0,n012w8,0,5,500000,100.0,adaptive,2026-07-04T12:11:50+01:00,7,1,74,267,1,99.267709,1025,1040,1025,15,1.4423,GLOBAL_BEST,0,123,60,579,68,81,2,0,75000.0000,0.0000,0,0,0,0,0,0
n012w8-0,n012w8,0,5,500000,100.0,adaptive,2026-07-04T12:11:50+01:00,7,1,74,274,1,99.248511,980,1025,980,45,4.3902,GLOBAL_BEST,0,123,61,597,72,82,7,0,64285.7143,0.0000,0,0,0,0,0,0
n012w8-0,n012w8,0,5,500000,100.0,adaptive,2026-07-04T12:11:50+01:00,7,2,74,278,1,0.000000,1595,1835,1595,240,13.0790,LOCAL_BEST,0,123,0,621,0,83,4,0,600000.0000,0.0000,0,0,0,0,0,0
n012w8-0,n012w8,0,5,500000,100.0,adaptive,2026-07-04T12:11:50+01:00,7,2,74,683,2,0.000000,1580,1595,1580,15,0.9404,LOCAL_BEST,0,123,0,1478,0,84,405,1,370.3704,15000.0000,0,0,0,0,0,0
n012w8-0,n012w8,0,5,500000,100.0,adaptive,2026-07-04T12:11:50+01:00,7,2,74,685,2,0.000000,1565,1580,1565,15,0.9494,LOCAL_BEST,0,123,0,1480,0,85,2,0,75000.0000,0.0000,0,0,0,0,0,0
n012w8-0,n012w8,0,5,500000,100.0,adaptive,2026-07-04T12:11:50+01:00,7,1,74,722,2,98.027516,960,980,960,20,2.0408,GLOBAL_BEST,0,123,174,1414,227,86,37,0,5405.4054,0.0000,0,0,0,0,0,0
n012w8-0,n012w8,0,5,500000,100.0,adaptive,2026-07-04T12:11:50+01:00,7,1,74,727,2,98.013974,915,960,915,45,4.6875,GLOBAL_BEST,0,123,174,1438,229,87,5,0,90000.0000,0.0000,0,0,0,0,0,0
n012w8-0,n012w8,0,5,500000,100.0,adaptive,2026-07-04T12:11:50+01:00,7,8,74,1149,93,0.000000,285,300,285,15,5.0000,GLOBAL_BEST,3,123,0,1919,1030,88,422,91,355.4502,164.8352,0,0,0,0,0,0
n012w8-0,n012w8,0,5,500000,100.0,adaptive,2026-07-04T12:11:50+01:00,7,2,74,1284,3,0.000000,1555,1565,1555,10,0.6390,LOCAL_BEST,0,123,0,2679,41,89,135,-90,740.7407,0.0000,0,0,0,0,0,0
n012w8-0,n012w8,0,5,500000,100.0,adaptive,2026-07-04T12:11:50+01:00,7,2,74,1686,3,0.000000,1500,1555,1500,55,3.5370,LOCAL_BEST,0,123,0,3531,111,90,402,0,1368.1592,0.0000,0,0,0,0,0,0
n012w8-0,n012w8,0,5,500000,100.0,adaptive,2026-07-04T12:11:50+01:00,7,2,74,1688,3,0.000000,1485,1500,1485,15,1.0000,LOCAL_BEST,0,123,0,3544,111,91,2,0,75000.0000,0.0000,0,0,0,0,0,0
n012w8-0,n012w8,0,5,500000,100.0,adaptive,2026-07-04T12:11:50+01:00,7,2,74,1869,4,0.000000,1470,1485,1470,15,1.0101,LOCAL_BEST,0,123,0,3914,153,92,181,1,828.7293,15000.0000,0,0,0,0,0,0
n012w8-0,n012w8,0,5,500000,100.0,adaptive,2026-07-04T12:11:50+01:00,7,5,74,2284,53,0.000000,485,500,485,15,3.0000,GLOBAL_BEST,1,123,0,4436,1762,93,415,49,361.4458,306.1224,0,0,0,0,0,0
n012w8-0,n012w8,0,5,500000,100.0,adaptive,2026-07-04T12:11:50+01:00,7,1,74,2322,4,93.788157,880,915,880,35,3.8251,GLOBAL_BEST,0,123,560,4349,743,94,38,-49,9210.5263,0.0000,0,0,0,0,0,0
n012w8-0,n012w8,0,5,500000,100.0,adaptive,2026-07-04T12:11:50+01:00,7,2,74,2351,4,0.000000,1360,1470,1360,110,7.4830,LOCAL_BEST,0,123,0,4860,236,95,29,0,37931.0345,0.0000,0,0,0,0,0,0
n012w8-0,n012w8,0,5,500000,100.0,adaptive,2026-07-04T12:11:50+01:00,7,5,74,2830,53,0.000000,470,485,470,15,3.0928,GLOBAL_BEST,1,123,0,5482,2196,96,479,49,313.1524,306.1224,0,0,0,0,0,0
n012w8-0,n012w8,0,5,500000,100.0,adaptive,2026-07-04T12:11:50+01:00,7,2,74,3115,5,0.000000,1240,1360,1240,120,8.8235,LOCAL_BEST,0,123,0,6418,376,97,285,-48,4210.5263,0.0000,0,0,0,0,0,0
n012w8-0,n012w8,0,5,500000,100.0,adaptive,2026-07-04T12:11:50+01:00,7,2,74,3166,5,0.000000,1225,1240,1225,15,1.2097,LOCAL_BEST,0,123,0,6538,387,98,51,0,2941.1765,0.0000,0,0,0,0,0,0
n012w8-0,n012w8,0,5,500000,100.0,adaptive,2026-07-04T12:11:50+01:00,7,3,74,3271,6,0.000000,1485,1560,1485,75,4.8077,LOCAL_BEST,0,123,1243,6865,134,99,105,1,7142.8571,75000.0000,0,0,0,0,0,0
n012w8-0,n012w8,0,5,500000,100.0,adaptive,2026-07-04T12:11:50+01:00,7,3,74,3272,6,0.000000,1470,1485,1470,15,1.0101,LOCAL_BEST,0,123,1243,6867,134,100,1,0,150000.0000,0.0000,0,0,0,0,0,0
n012w8-0,n012w8,0,5,500000,100.0,adaptive,2026-07-04T12:11:50+01:00,7,3,74,3724,6,0.000000,1465,1470,1465,5,0.3401,LOCAL_BEST,0,123,1422,7932,152,101,452,0,110.6195,0.0000,0,0,0,0,0,0
n012w8-0,n012w8,0,5,500000,100.0,adaptive,2026-07-04T12:11:50+01:00,7,3,74,3727,6,0.000000,1450,1465,1450,15,1.0239,LOCAL_BEST,0,123,1423,7938,152,102,3,0,50000.0000,0.0000,0,0,0,0,0,0
n012w8-0,n012w8,0,5,500000,100.0,adaptive,2026-07-04T12:11:50+01:00,7,3,74,3731,6,0.000000,1440,1450,1440,10,0.6897,LOCAL_BEST,0,123,1425,7953,152,103,4,0,25000.0000,0.0000,0,0,0,0,0,0
n012w8-0,n012w8,0,5,500000,100.0,adaptive,2026-07-04T12:11:50+01:00,7,5,74,3838,54,0.000000,465,470,465,5,1.0638,GLOBAL_BEST,1,123,0,7329,3019,104,107,48,467.2897,104.1667,0,0,0,0,0,0
n012w8-0,n012w8,0,5,500000,100.0,adaptive,2026-07-04T12:11:50+01:00,7,5,74,3839,54,0.000000,450,465,450,15,3.2258,GLOBAL_BEST,1,123,0,7329,3019,105,1,0,150000.0000,0.0000,0,0,0,0,0,0
n012w8-0,n012w8,0,5,500000,100.0,adaptive,2026-07-04T12:11:50+01:00,7,2,74,5259,8,0.000000,1175,1225,1175,50,4.0816,LOCAL_BEST,0,123,0,10924,920,106,1420,-46,352.1127,0.0000,0,0,0,0,0,0
n012w8-0,n012w8,0,5,500000,100.0,adaptive,2026-07-04T12:11:50+01:00,7,3,74,6369,10,0.000000,1405,1440,1405,35,2.4306,LOCAL_BEST,0,123,2430,13306,269,107,1110,2,315.3153,17500.0000,0,0,0,0,0,0
n012w8-0,n012w8,0,5,500000,100.0,adaptive,2026-07-04T12:11:50+01:00,7,3,74,6373,10,0.000000,1385,1405,1385,20,1.4235,LOCAL_BEST,0,123,2433,13309,269,108,4,0,50000.0000,0.0000,0,0,0,0,0,0
n012w8-0,n012w8,0,5,500000,100.0,adaptive,2026-07-04T12:11:50+01:00,7,3,74,6378,10,0.000000,1380,1385,1380,5,0.3610,LOCAL_BEST,0,123,2434,13328,269,109,5,0,10000.0000,0.0000,0,0,0,0,0,0
n012w8-0,n012w8,0,5,500000,100.0,adaptive,2026-07-04T12:11:50+01:00,7,3,74,7470,11,0.000000,1365,1380,1365,15,1.0870,LOCAL_BEST,0,123,2870,15668,310,110,1092,1,137.3626,15000.0000,0,0,0,0,0,0
n012w8-0,n012w8,0,5,500000,100.0,adaptive,2026-07-04T12:11:50+01:00,7,3,74,7473,11,0.000000,1315,1365,1315,50,3.6630,LOCAL_BEST,0,123,2871,15670,311,111,3,0,166666.6667,0.0000,0,0,0,0,0,0
n012w8-0,n012w8,0,5,500000,100.0,adaptive,2026-07-04T12:11:50+01:00,7,2,74,8603,13,0.000000,1155,1175,1155,20,1.7021,LOCAL_BEST,0,123,0,17658,2104,112,1130,2,176.9912,10000.0000,0,0,0,0,0,0
n012w8-0,n012w8,0,5,500000,100.0,adaptive,2026-07-04T12:11:50+01:00,7,2,74,8604,13,0.000000,1080,1155,1080,75,6.4935,LOCAL_BEST,0,123,0,17658,2104,113,1,0,750000.0000,0.0000,0,0,0,0,0,0
n012w8-0,n012w8,0,5,500000,100.0,adaptive,2026-07-04T12:11:50+01:00,7,2,74,8605,13,0.000000,1020,1080,1020,60,5.5556,LOCAL_BEST,0,123,0,17662,2104,114,1,0,600000.0000,0.0000,0,0,0,0,0,0
n012w8-0,n012w8,0,5,500000,100.0,adaptive,2026-07-04T12:11:50+01:00,7,1,74,10044,14,75.767682,865,880,865,15,1.7045,GLOBAL_BEST,0,123,2452,19571,3526,115,1439,1,104.2391,15000.0000,0,0,0,0,0,0
n012w8-0,n012w8,0,5,500000,100.0,adaptive,2026-07-04T12:11:50+01:00,7,8,74,10072,105,0.000000,270,285,270,15,5.2632,GLOBAL_BEST,3,123,0,16436,9307,116,28,91,5357.1429,164.8352,0,0,0,0,0,0
n012w8-0,n012w8,0,5,500000,100.0,adaptive,2026-07-04T12:11:50+01:00,7,8,74,11346,106,0.000000,265,270,265,5,1.8519,GLOBAL_BEST,3,123,0,18590,10496,117,1274,1,39.2465,5000.0000,0,0,0,0,0,0
n012w8-0,n012w8,0,5,500000,100.0,adaptive,2026-07-04T12:11:50+01:00,7,5,74,11836,69,0.000000,410,450,410,40,8.8889,GLOBAL_BEST,1,123,0,21799,9694,118,490,-37,816.3265,0.0000,0,0,0,0,0,0
n012w8-0,n012w8,0,5,500000,100.0,adaptive,2026-07-04T12:11:50+01:00,7,2,74,12663,19,0.000000,1000,1020,1000,20,1.9608,LOCAL_BEST,0,123,0,25412,3875,119,827,-50,241.8380,0.0000,0,0,0,0,0,0
n012w8-0,n012w8,0,5,500000,100.0,adaptive,2026-07-04T12:11:50+01:00,7,2,74,14690,21,0.000000,935,1000,935,65,6.5000,LOCAL_BEST,0,123,0,29131,4845,120,2027,2,320.6709,32500.0000,0,0,0,0,0,0
n012w8-0,n012w8,0,5,500000,100.0,adaptive,2026-07-04T12:11:50+01:00,7,2,74,14735,21,0.000000,905,935,905,30,3.2086,LOCAL_BEST,0,123,0,29223,4858,121,45,0,6666.6667,0.0000,0,0,0,0,0,0
n012w8-0,n012w8,0,5,500000,100.0,adaptive,2026-07-04T12:11:50+01:00,7,2,74,14736,21,0.000000,860,905,860,45,4.9724,GLOBAL_BEST,0,123,0,29227,4858,122,1,0,450000.0000,0.0000,0,0,0,0,0,0
n012w8-0,n012w8,0,5,500000,100.0,adaptive,2026-07-04T12:11:50+01:00,7,5,74,14978,74,0.000000,395,410,395,15,3.6585,GLOBAL_BEST,1,123,0,27220,12300,123,242,53,619.8347,283.0189,0,0,0,0,0,0
n012w8-0,n012w8,0,5,500000,100.0,adaptive,2026-07-04T12:11:50+01:00,7,5,74,16321,75,0.000000,390,395,390,5,1.2658,GLOBAL_BEST,1,123,0,29631,13376,124,1343,1,37.2301,5000.0000,0,0,0,0,0,0
n012w8-0,n012w8,0,5,500000,100.0,adaptive,2026-07-04T12:11:50+01:00,7,5,74,16439,75,0.000000,380,390,380,10,2.5641,GLOBAL_BEST,1,123,0,29845,13462,125,118,0,847.4576,0.0000,0,0,0,0,0,0
n012w8-0,n012w8,0,5,500000,100.0,adaptive,2026-07-04T12:11:50+01:00,7,1,74,17964,27,60.875704,850,865,850,15,1.7341,GLOBAL_BEST,0,123,4147,35116,6887,126,1525,-48,98.3607,0.0000,0,0,0,0,0,0
n012w8-0,n012w8,0,5,500000,100.0,adaptive,2026-07-04T12:11:50+01:00,7,1,74,17965,27,60.874022,805,850,805,45,5.2941,GLOBAL_BEST,0,123,4147,35119,6887,127,1,0,450000.0000,0.0000,0,0,0,0,0,0
n012w8-0,n012w8,0,5,500000,100.0,adaptive,2026-07-04T12:11:50+01:00,7,1,74,17987,27,60.837029,800,805,800,5,0.6211,GLOBAL_BEST,0,123,4149,35152,6902,128,22,0,2272.7273,0.0000,0,0,0,0,0,0
n012w8-0,n012w8,0,5,500000,100.0,adaptive,2026-07-04T12:11:50+01:00,7,5,74,18156,78,0.000000,350,380,350,30,7.8947,GLOBAL_BEST,1,123,0,32921,14879,129,169,51,1775.1479,588.2353,0,0,0,0,0,0
n012w8-0,n012w8,0,5,500000,100.0,adaptive,2026-07-04T12:11:50+01:00,7,1,74,18337,27,60.251519,770,800,770,30,3.7500,GLOBAL_BEST,0,123,4223,35823,7071,130,181,-51,1657.4586,0.0000,0,0,0,0,0,0
n012w8-0,n012w8,0,5,500000,100.0,adaptive,2026-07-04T12:11:50+01:00,7,1,74,18382,27,60.176649,750,770,750,20,2.5974,GLOBAL_BEST,0,123,4231,35893,7100,131,45,0,4444.4444,0.0000,0,0,0,0,0,0
n012w8-0,n012w8,0,5,500000,100.0,adaptive,2026-07-04T12:11:50+01:00,7,1,74,18394,27,60.156699,730,750,730,20,2.6667,GLOBAL_BEST,0,123,4232,35924,7109,132,12,0,16666.6667,0.0000,0,0,0,0,0,0
n012w8-0,n012w8,0,5,500000,100.0,adaptive,2026-07-04T12:11:50+01:00,7,2,74,19035,29,0.000000,835,860,835,25,2.9070,LOCAL_BEST,0,123,0,37326,7297,133,641,2,390.0156,12500.0000,0,0,0,0,0,0
n012w8-0,n012w8,0,5,500000,100.0,adaptive,2026-07-04T12:11:50+01:00,7,1,74,19990,30,57.561486,720,730,720,10,1.3699,GLOBAL_BEST,0,123,4527,39035,7860,134,955,1,104.7120,10000.0000,0,0,0,0,0,0
n012w8-0,n012w8,0,5,500000,100.0,adaptive,2026-07-04T12:11:50+01:00,7,1,74,20020,30,57.513792,705,720,705,15,2.0833,GLOBAL_BEST,0,123,4529,39081,7884,135,30,0,5000.0000,0.0000,0,0,0,0,0,0
n012w8-0,n012w8,0,5,500000,100.0,adaptive,2026-07-04T12:11:50+01:00,7,1,74,20024,30,57.507435,675,705,675,30,4.2553,GLOBAL_BEST,0,123,4529,39081,7887,136,4,0,75000.0000,0.0000,0,0,0,0,0,0
n012w8-0,n012w8,0,5,500000,100.0,adaptive,2026-07-04T12:11:50+01:00,7,1,74,20032,30,57.494725,640,675,640,35,5.1852,GLOBAL_BEST,0,123,4530,39094,7891,137,8,0,43750.0000,0.0000,0,0,0,0,0,0
n012w8-0,n012w8,0,5,500000,100.0,adaptive,2026-07-04T12:11:50+01:00,7,1,74,20035,30,57.489959,630,640,630,10,1.5625,GLOBAL_BEST,0,123,4531,39098,7892,138,3,0,33333.3333,0.0000,0,0,0,0,0,0
n012w8-0,n012w8,0,5,500000,100.0,adaptive,2026-07-04T12:11:50+01:00,7,5,74,21477,83,0.000000,335,350,335,15,4.2857,GLOBAL_BEST,1,123,0,39087,17650,139,1442,53,104.0222,283.0189,0,0,0,0,0,0
n012w8-0,n012w8,0,5,500000,100.0,adaptive,2026-07-04T12:11:50+01:00,7,2,74,21781,32,0.000000,770,835,770,65,7.7844,LOCAL_BEST,0,123,0,42459,8936,140,304,-51,2138.1579,0.0000,0,0,0,0,0,0
n012w8-0,n012w8,0,5,500000,100.0,adaptive,2026-07-04T12:11:50+01:00,7,2,74,27007,40,0.000000,760,770,760,10,1.2987,LOCAL_BEST,0,123,0,52110,12193,141,5226,8,19.1351,1250.0000,0,0,0,0,0,0
n012w8-0,n012w8,0,5,500000,100.0,adaptive,2026-07-04T12:11:50+01:00,7,2,74,27075,40,0.000000,730,760,730,30,3.9474,LOCAL_BEST,0,123,0,52255,12239,142,68,0,4411.7647,0.0000,0,0,0,0,0,0
n012w8-0,n012w8,0,5,500000,100.0,adaptive,2026-07-04T12:11:50+01:00,7,2,74,31355,47,0.000000,720,730,720,10,1.3699,LOCAL_BEST,0,123,0,60114,15125,143,4280,7,23.3645,1428.5714,0,0,0,0,0,0
n012w8-0,n012w8,0,5,500000,100.0,adaptive,2026-07-04T12:11:50+01:00,7,2,74,31765,48,0.000000,670,720,670,50,6.9444,LOCAL_BEST,0,123,0,60837,15395,144,410,1,1219.5122,50000.0000,0,0,0,0,0,0
n012w8-0,n012w8,0,5,500000,100.0,adaptive,2026-07-04T12:11:50+01:00,7,4,74,32541,104,40.693027,555,620,555,65,10.4839,LOCAL_BEST,1,123,6499,63059,14771,145,776,56,837.6289,1160.7143,0,0,0,0,0,0
n012w8-0,n012w8,0,5,500000,100.0,adaptive,2026-07-04T12:11:50+01:00,7,4,74,32577,104,40.652569,540,555,540,15,2.7027,LOCAL_BEST,1,123,6502,63126,14797,146,36,0,4166.6667,0.0000,0,0,0,0,0,0
n012w8-0,n012w8,0,5,500000,100.0,adaptive,2026-07-04T12:11:50+01:00,7,2,74,32819,51,0.000000,650,670,650,20,2.9851,LOCAL_BEST,0,123,0,62819,16111,147,242,-53,826.4463,0.0000,0,0,0,0,0,0
n012w8-0,n012w8,0,5,500000,100.0,adaptive,2026-07-04T12:11:50+01:00,7,1,74,33841,50,39.257261,620,630,620,10,1.5873,GLOBAL_BEST,0,123,6733,65063,15400,148,1022,-1,97.8474,0.0000,0,0,0,0,0,0
n012w8-0,n012w8,0,5,500000,100.0,adaptive,2026-07-04T12:11:50+01:00,7,1,74,33846,50,39.251838,605,620,605,15,2.4194,GLOBAL_BEST,0,123,6733,65072,15404,149,5,0,30000.0000,0.0000,0,0,0,0,0,0
n012w8-0,n012w8,0,5,500000,100.0,adaptive,2026-07-04T12:11:50+01:00,7,1,74,33864,50,39.232321,590,605,590,15,2.4793,GLOBAL_BEST,0,123,6735,65128,15414,150,18,0,8333.3333,0.0000,0,0,0,0,0,0
n012w8-0,n012w8,0,5,500000,100.0,adaptive,2026-07-04T12:11:50+01:00,7,1,74,33941,50,39.148939,575,590,575,15,2.5424,LOCAL_BEST,0,123,6744,65270,15463,151,77,0,1948.0519,0.0000,0,0,0,0,0,0
n012w8-0,n012w8,0,5,500000,100.0,adaptive,2026-07-04T12:11:50+01:00,7,2,74,33984,53,0.000000,645,650,645,5,0.7692,LOCAL_BEST,0,123,0,65039,16891,152,43,3,1162.7907,1666.6667,0,0,0,0,0,0
n012w8-0,n012w8,0,5,500000,100.0,adaptive,2026-07-04T12:11:50+01:00,7,2,74,34320,54,0.000000,605,645,605,40,6.2016,LOCAL_BEST,0,123,0,65688,17118,153,336,1,1190.4762,40000.0000,0,0,0,0,0,0
n012w8-0,n012w8,0,5,500000,100.0,adaptive,2026-07-04T12:11:50+01:00,7,3,74,36806,63,0.000000,1180,1315,1180,135,10.2662,LOCAL_BEST,0,123,14199,77079,1626,154,2486,9,543.0410,15000.0000,0,0,0,0,0,0
n012w8-0,n012w8,0,5,500000,100.0,adaptive,2026-07-04T12:11:50+01:00,7,1,74,39224,57,33.831714,545,575,545,30,5.2174,LOCAL_BEST,0,123,7422,74913,18815,155,2418,-6,124.0695,0.0000,0,0,0,0,0,0
n012w8-0,n012w8,0,5,500000,100.0,adaptive,2026-07-04T12:11:50+01:00,7,1,74,39281,57,33.778472,530,545,530,15,2.7523,LOCAL_BEST,0,123,7426,75005,18856,156,57,0,2631.5789,0.0000,0,0,0,0,0,0
n012w8-0,n012w8,0,5,500000,100.0,adaptive,2026-07-04T12:11:50+01:00,7,1,74,39290,57,33.770073,515,530,515,15,2.8302,LOCAL_BEST,0,123,7426,75010,18864,157,9,0,16666.6667,0.0000,0,0,0,0,0,0
n012w8-0,n012w8,0,5,500000,100.0,adaptive,2026-07-04T12:11:50+01:00,7,5,74,39716,105,0.000000,330,335,330,5,1.4925,LOCAL_BEST,1,123,0,70766,33501,158,426,48,117.3709,104.1667,0,0,0,0,0,0
n012w8-0,n012w8,0,5,500000,100.0,adaptive,2026-07-04T12:11:50+01:00,7,5,74,39878,105,0.000000,320,330,320,10,3.0303,LOCAL_BEST,1,123,0,71031,33648,159,162,0,617.2840,0.0000,0,0,0,0,0,0
n012w8-0,n012w8,0,5,500000,100.0,adaptive,2026-07-04T12:11:50+01:00,7,2,74,39907,67,0.000000,600,605,600,5,0.8264,LOCAL_BEST,0,123,0,76009,21173,160,29,-38,1724.1379,0.0000,0,0,0,0,0,0
n012w8-0,n012w8,0,5,500000,100.0,adaptive,2026-07-04T12:11:50+01:00,7,4,74,43141,120,30.361275,535,540,535,5,0.9259,LOCAL_BEST,1,123,7732,82378,21730,161,3234,53,15.4607,94.3396,0,0,0,0,0,0
n012w8-0,n012w8,0,5,500000,100.0,adaptive,2026-07-04T12:11:50+01:00,7,8,74,44918,149,0.000000,255,265,255,10,3.7736,GLOBAL_BEST,3,123,0,75816,42032,162,1777,29,56.2746,344.8276,0,0,0,0,0,0
n012w8-0,n012w8,0,5,500000,100.0,adaptive,2026-07-04T12:11:50+01:00,7,2,74,44989,78,0.000000,570,600,570,30,5.0000,LOCAL_BEST,0,123,0,85216,24972,163,71,-71,4225.3521,0.0000,0,0,0,0,0,0
n012w8-0,n012w8,0,5,500000,100.0,adaptive,2026-07-04T12:11:50+01:00,7,2,74,46472,81,0.000000,540,570,540,30,5.2632,LOCAL_BEST,0,123,0,87982,26150,164,1483,3,202.2927,10000.0000,0,0,0,0,0,0
n012w8-0,n012w8,0,5,500000,100.0,adaptive,2026-07-04T12:11:50+01:00,7,4,74,47318,126,27.051790,500,535,500,35,6.5421,LOCAL_BEST,1,123,8125,89688,24726,165,846,45,413.7116,777.7778,0,0,0,0,0,0
n012w8-0,n012w8,0,5,500000,100.0,adaptive,2026-07-04T12:11:50+01:00,7,5,74,47866,116,0.000000,315,320,315,5,1.5625,LOCAL_BEST,1,123,0,84713,40854,166,548,-10,91.2409,0.0000,0,0,0,0,0,0
n012w8-0,n012w8,0,5,500000,100.0,adaptive,2026-07-04T12:11:50+01:00,7,4,74,47872,127,26.640845,475,500,475,25,5.0000,LOCAL_BEST,1,123,8166,90695,25156,167,6,11,41666.6667,2272.7273,0,0,0,0,0,0
n012w8-0,n012w8,0,5,500000,100.0,adaptive,2026-07-04T12:11:50+01:00,7,5,74,47908,116,0.000000,300,315,300,15,4.7619,LOCAL_BEST,1,123,0,84791,40890,168,36,-11,4166.6667,0.0000,0,0,0,0,0,0
n012w8-0,n012w8,0,5,500000,100.0,adaptive,2026-07-04T12:11:50+01:00,7,4,74,49346,129,25.577612,465,475,465,10,2.1053,LOCAL_BEST,1,123,8278,93366,26269,169,1438,13,69.5410,769.2308,0,0,0,0,0,0
n012w8-0,n012w8,0,5,500000,100.0,adaptive,2026-07-04T12:11:50+01:00,7,4,74,49351,129,25.574079,435,465,435,30,6.4516,LOCAL_BEST,1,123,8279,93378,26271,170,5,0,60000.0000,0.0000,0,0,0,0,0,0
n012w8-0,n012w8,0,5,500000,100.0,adaptive,2026-07-04T12:11:50+01:00,7,1,74,51240,74,24.273478,505,515,505,10,1.9417,LOCAL_BEST,0,123,8511,96663,27302,171,1889,-55,52.9381,0.0000,0,0,0,0,0,0
n012w8-0,n012w8,0,5,500000,100.0,adaptive,2026-07-04T12:11:50+01:00,7,1,74,51267,74,24.255375,490,505,490,15,2.9703,LOCAL_BEST,0,123,8512,96714,27325,172,27,0,5555.5556,0.0000,0,0,0,0,0,0
n012w8-0,n012w8,0,5,500000,100.0,adaptive,2026-07-04T12:11:50+01:00,7,2,74,51380,90,0.000000,525,540,525,15,2.7778,LOCAL_BEST,0,123,0,96578,29955,173,113,16,1327.4336,937.5000,0,0,0,0,0,0
n012w8-0,n012w8,0,5,500000,100.0,adaptive,2026-07-04T12:11:50+01:00,7,5,74,53206,123,0.000000,280,300,280,20,6.6667,LOCAL_BEST,1,123,0,93796,45630,174,1826,33,109.5290,606.0606,0,0,0,0,0,0
n012w8-0,n012w8,0,5,500000,100.0,adaptive,2026-07-04T12:11:50+01:00,7,2,74,53560,93,0.000000,510,525,510,15,2.8571,LOCAL_BEST,0,123,0,100283,31652,175,354,-30,423.7288,0.0000,0,0,0,0,0,0
n012w8-0,n012w8,0,5,500000,100.0,adaptive,2026-07-04T12:11:50+01:00,7,2,74,53561,93,0.000000,495,510,495,15,2.9412,LOCAL_BEST,0,123,0,100283,31652,176,1,0,150000.0000,0.0000,0,0,0,0,0,0
n012w8-0,n012w8,0,5,500000,100.0,adaptive,2026-07-04T12:11:50+01:00,7,1,74,56636,82,20.911250,475,490,475,15,3.0612,LOCAL_BEST,0,123,8898,106511,31416,177,3075,-11,48.7805,0.0000,0,0,0,0,0,0
n012w8-0,n012w8,0,5,500000,100.0,adaptive,2026-07-04T12:11:50+01:00,7,1,74,56642,82,20.907784,460,475,460,15,3.1579,LOCAL_BEST,0,123,8898,106523,31421,178,6,0,25000.0000,0.0000,0,0,0,0,0,0
n012w8-0,n012w8,0,5,500000,100.0,adaptive,2026-07-04T12:11:50+01:00,7,1,74,56650,82,20.903163,445,460,445,15,3.2609,LOCAL_BEST,0,123,8898,106528,31428,179,8,0,18750.0000,0.0000,0,0,0,0,0,0
n012w8-0,n012w8,0,5,500000,100.0,adaptive,2026-07-04T12:11:50+01:00,7,1,74,56664,82,20.895078,430,445,430,15,3.3708,LOCAL_BEST,0,123,8898,106546,31441,180,14,0,10714.2857,0.0000,0,0,0,0,0,0
n012w8-0,n012w8,0,5,500000,100.0,adaptive,2026-07-04T12:11:50+01:00,7,4,74,56918,140,20.748944,425,435,425,10,2.2989,LOCAL_BEST,1,123,8792,107022,32068,181,254,58,393.7008,172.4138,0,0,0,0,0,0
n012w8-0,n012w8,0,5,500000,100.0,adaptive,2026-07-04T12:11:50+01:00,7,4,74,57653,141,20.331808,415,425,415,10,2.3529,LOCAL_BEST,1,123,8832,108348,32646,182,735,1,136.0544,10000.0000,0,0,0,0,0,0
n012w8-0,n012w8,0,5,500000,100.0,adaptive,2026-07-04T12:11:50+01:00,7,4,74,57670,141,20.322260,385,415,385,30,7.2289,LOCAL_BEST,1,123,8832,108372,32662,183,17,0,17647.0588,0.0000,0,0,0,0,0,0
n012w8-0,n012w8,0,5,500000,100.0,adaptive,2026-07-04T12:11:50+01:00,7,4,74,58402,142,19.915353,375,385,375,10,2.5974,LOCAL_BEST,1,123,8865,109669,33252,184,732,1,136.6120,10000.0000,0,0,0,0,0,0
n012w8-0,n012w8,0,5,500000,100.0,adaptive,2026-07-04T12:11:50+01:00,7,4,74,58411,142,19.910401,345,375,345,30,8.0000,LOCAL_BEST,1,123,8865,109678,33259,185,9,0,33333.3333,0.0000,0,0,0,0,0,0
n012w8-0,n012w8,0,5,500000,100.0,adaptive,2026-07-04T12:11:50+01:00,7,2,74,58735,99,0.000000,480,495,480,15,3.0303,LOCAL_BEST,0,123,0,109502,35741,186,324,-43,462.9630,0.0000,0,0,0,0,0,0
n012w8-0,n012w8,0,5,500000,100.0,adaptive,2026-07-04T12:11:50+01:00,7,2,74,60000,102,0.000000,475,480,475,5,1.0417,LOCAL_BEST,0,123,0,111812,36759,187,1265,3,39.5257,1666.6667,0,0,0,0,0,0
n012w8-0,n012w8,0,5,500000,100.0,adaptive,2026-07-04T12:11:50+01:00,7,2,74,60441,102,0.000000,435,475,435,40,8.4211,LOCAL_BEST,0,123,0,112655,37109,188,441,0,907.0295,0.0000,0,0,0,0,0,0
n012w8-0,n012w8,0,5,500000,100.0,adaptive,2026-07-04T12:11:50+01:00,7,1,74,60509,86,18.789014,425,430,425,5,1.1628,LOCAL_BEST,0,123,9097,113382,34549,189,68,-16,735.2941,0.0000,0,0,0,0,0,0
n012w8-0,n012w8,0,5,500000,100.0,adaptive,2026-07-04T12:11:50+01:00,7,1,74,60520,86,18.783305,410,425,410,15,3.5294,LOCAL_BEST,0,123,9097,113399,34556,190,11,0,13636.3636,0.0000,0,0,0,0,0,0
n012w8-0,n012w8,0,5,500000,100.0,adaptive,2026-07-04T12:11:50+01:00,7,5,74,60795,132,0.000000,275,280,275,5,1.7857,LOCAL_BEST,1,123,0,106667,52436,191,275,46,181.8182,108.6957,0,0,0,0,0,0
n012w8-0,n012w8,0,5,500000,100.0,adaptive,2026-07-04T12:11:50+01:00,7,4,74,61915,148,18.073073,340,345,340,5,1.4493,LOCAL_BEST,1,123,9045,115918,36149,192,1120,16,44.6429,312.5000,0,0,0,0,0,0
n012w8-0,n012w8,0,5,500000,100.0,adaptive,2026-07-04T12:11:50+01:00,7,1,74,62535,89,17.766096,395,410,395,15,3.6585,LOCAL_BEST,0,123,9188,117005,36189,193,620,-59,241.9355,0.0000,0,0,0,0,0,0
n012w8-0,n012w8,0,5,500000,100.0,adaptive,2026-07-04T12:11:50+01:00,7,1,74,62641,90,17.714137,380,395,380,15,3.7975,LOCAL_BEST,0,123,9195,117191,36277,194,106,1,1415.0943,15000.0000,0,0,0,0,0,0
n012w8-0,n012w8,0,5,500000,100.0,adaptive,2026-07-04T12:11:50+01:00,7,1,74,62645,90,17.712179,350,380,350,30,7.8947,LOCAL_BEST,0,123,9195,117200,36280,195,4,0,75000.0000,0.0000,0,0,0,0,0,0
n012w8-0,n012w8,0,5,500000,100.0,adaptive,2026-07-04T12:11:50+01:00,7,1,74,63506,91,17.295774,345,350,345,5,1.4286,LOCAL_BEST,0,123,9231,118733,37015,196,861,1,58.0720,5000.0000,0,0,0,0,0,0
n012w8-0,n012w8,0,5,500000,100.0,adaptive,2026-07-04T12:11:50+01:00,7,1,74,64341,92,16.901296,330,345,330,15,4.3478,GLOBAL_BEST,0,123,9261,120059,37722,197,835,1,179.6407,15000.0000,0,0,0,0,0,0
n012w8-0,n012w8,0,5,500000,100.0,adaptive,2026-07-04T12:11:50+01:00,7,1,74,64375,92,16.885425,320,330,320,10,3.0303,GLOBAL_BEST,0,123,9261,120108,37751,198,34,0,2941.1765,0.0000,0,0,0,0,0,0
n012w8-0,n012w8,0,5,500000,100.0,adaptive,2026-07-04T12:11:50+01:00,7,2,74,65979,113,0.000000,425,435,425,10,2.2989,LOCAL_BEST,0,123,0,122214,41591,199,1604,21,62.3441,476.1905,0,0,0,0,0,0
n012w8-0,n012w8,0,5,500000,100.0,adaptive,2026-07-04T12:11:50+01:00,7,1,74,66959,96,15.721863,300,320,300,20,6.2500,LOCAL_BEST,0,123,9353,124606,39953,200,980,-17,204.0816,0.0000,0,0,0,0,0,0
n012w8-0,n012w8,0,5,500000,100.0,adaptive,2026-07-04T12:11:50+01:00,7,4,74,67054,160,15.680648,330,340,330,10,2.9412,LOCAL_BEST,1,123,9282,124922,40323,201,95,64,1052.6316,156.2500,0,0,0,0,0,0
n012w8-0,n012w8,0,5,500000,100.0,adaptive,2026-07-04T12:11:50+01:00,7,4,74,67386,161,15.537459,315,330,315,15,4.5455,LOCAL_BEST,1,123,9299,125591,40599,202,332,1,451.8072,15000.0000,0,0,0,0,0,0
n012w8-0,n012w8,0,5,500000,100.0,adaptive,2026-07-04T12:11:50+01:00,7,4,74,67401,161,15.531021,285,315,285,30,9.5238,LOCAL_BEST,1,123,9299,125617,40611,203,15,0,20000.0000,0.0000,0,0,0,0,0,0
n012w8-0,n012w8,0,5,500000,100.0,adaptive,2026-07-04T12:11:50+01:00,7,5,74,69465,144,0.000000,270,275,270,5,1.8182,LOCAL_BEST,1,123,0,121434,60380,204,2064,-17,24.2248,0.0000,0,0,0,0,0,0
n012w8-0,n012w8,0,5,500000,100.0,adaptive,2026-07-04T12:11:50+01:00,7,1,74,73174,106,13.241098,285,300,285,15,5.0000,LOCAL_BEST,0,123,9536,134706,45327,205,3709,-38,40.4422,0.0000,0,0,0,0,0,0
n012w8-0,n012w8,0,5,500000,100.0,adaptive,2026-07-04T12:11:50+01:00,7,2,74,76952,131,0.000000,395,425,395,30,7.0588,LOCAL_BEST,0,123,0,141324,51207,206,3778,25,79.4071,1200.0000,0,0,0,0,0,0
n012w8-0,n012w8,0,5,500000,100.0,adaptive,2026-07-04T12:11:50+01:00,7,4,74,83534,186,9.944982,275,285,275,10,3.5088,LOCAL_BEST,1,123,9722,153461,54522,207,6582,55,15.1930,181.8182,0,0,0,0,0,0
n012w8-0,n012w8,0,5,500000,100.0,adaptive,2026-07-04T12:11:50+01:00,7,2,74,84193,143,0.000000,390,395,390,5,1.2658,LOCAL_BEST,0,123,0,153267,57493,208,659,-43,75.8725,0.0000,0,0,0,0,0,0
n012w8-0,n012w8,0,5,500000,100.0,adaptive,2026-07-04T12:11:50+01:00,7,4,74,85206,188,9.495985,260,275,260,15,5.4545,LOCAL_BEST,1,123,9748,156256,56027,209,1013,45,148.0750,333.3333,0,0,0,0,0,0
n012w8-0,n012w8,0,5,500000,100.0,adaptive,2026-07-04T12:11:50+01:00,7,4,74,86574,190,9.143743,245,260,245,15,5.7692,GLOBAL_BEST,1,123,9768,158541,57242,210,1368,2,109.6491,7500.0000,0,0,0,0,0,0
n012w8-0,n012w8,0,5,500000,100.0,adaptive,2026-07-04T12:11:50+01:00,7,7,74,89121,250,8.522362,310,330,310,20,6.0606,LOCAL_BEST,2,123,9578,160946,60051,211,2547,60,78.5238,333.3333,0,0,0,0,0,0
n012w8-0,n012w8,0,5,500000,100.0,adaptive,2026-07-04T12:11:50+01:00,7,2,74,89650,150,0.000000,365,390,365,25,6.4103,LOCAL_BEST,0,123,0,162522,62246,212,529,-100,472.5898,0.0000,0,0,0,0,0,0
n012w8-0,n012w8,0,5,500000,100.0,adaptive,2026-07-04T12:11:50+01:00,7,7,74,94823,262,7.280077,305,310,305,5,1.6129,LOCAL_BEST,2,123,9620,170340,65394,213,5173,112,9.6656,44.6429,0,0,0,0,0,0
n012w8-0,n012w8,0,5,500000,100.0,adaptive,2026-07-04T12:11:50+01:00,7,2,74,95883,162,0.000000,350,365,350,15,4.1096,LOCAL_BEST,0,123,0,173385,67792,214,1060,-100,141.5094,0.0000,0,0,0,0,0,0
n012w8-0,n012w8,0,5,500000,100.0,adaptive,2026-07-04T12:11:50+01:00,7,2,74,96127,162,0.000000,345,350,345,5,1.4286,LOCAL_BEST,0,123,0,173782,67995,215,244,0,204.9180,0.0000,0,0,0,0,0,0
n012w8-0,n012w8,0,5,500000,100.0,adaptive,2026-07-04T12:11:50+01:00,7,2,74,99675,169,0.000000,340,345,340,5,1.4493,LOCAL_BEST,0,123,0,179801,71139,216,3548,7,14.0924,714.2857,0,0,0,0,0,0
n012w8-0,n012w8,0,5,500000,100.0,adaptive,2026-07-04T12:11:50+01:00,7,2,74,102119,172,0.000000,335,340,335,5,1.4706,LOCAL_BEST,0,123,0,183951,73316,217,2444,3,20.4583,1666.6667,0,0,0,0,0,0
n012w8-0,n012w8,0,5,500000,100.0,adaptive,2026-07-04T12:11:50+01:00,7,2,74,110457,188,0.000000,330,335,330,5,1.4925,LOCAL_BEST,0,123,0,198223,80816,218,8338,16,5.9966,312.5000,0,0,0,0,0,0
n012w8-0,n012w8,0,5,500000,100.0,adaptive,2026-07-04T12:11:50+01:00,7,2,74,118231,199,0.000000,300,330,300,30,9.0909,LOCAL_BEST,0,123,0,211015,87838,219,7774,11,38.5902,2727.2727,0,0,0,0,0,0
n012w8-0,n012w8,0,5,500000,100.0,adaptive,2026-07-04T12:11:50+01:00,7,2,74,120462,203,0.000000,285,300,285,15,5.0000,LOCAL_BEST,0,123,0,214840,89886,220,2231,4,67.2344,3750.0000,0,0,0,0,0,0
n012w8-0,n012w8,0,5,500000,100.0,adaptive,2026-07-04T12:11:50+01:00,7,1,74,123174,187,3.325922,295,285,285,0,0.0000,REHEAT,0,123,9962,222147,90891,221,2712,-16,0.0000,0.0000,0,0,0,0,0,0
n012w8-0,n012w8,0,5,500000,100.0,adaptive,2026-07-04T12:11:50+01:00,7,4,74,136574,289,2.296741,245,245,245,0,0.0000,REHEAT,1,123,9909,239438,103621,222,13400,102,0.0000,0.0000,0,0,0,0,0,0
n012w8-0,n012w8,0,5,500000,100.0,adaptive,2026-07-04T12:11:50+01:00,7,2,74,139386,231,0.000000,275,285,275,10,3.5088,LOCAL_BEST,0,123,0,246182,107350,223,2812,-58,35.5619,0.0000,0,0,0,0,0,0
n012w8-0,n012w8,0,5,500000,100.0,adaptive,2026-07-04T12:11:50+01:00,7,1,74,173174,295,25.118864,545,285,285,0,0.0000,REHEAT,0,123,18196,315941,118135,224,33788,64,0.0000,0.0000,0,0,0,0,0,0
n012w8-0,n012w8,0,5,500000,100.0,adaptive,2026-07-04T12:11:50+01:00,7,4,74,186574,401,25.118864,765,245,245,0,0.0000,REHEAT,1,123,18281,334560,130566,225,13400,106,0.0000,0.0000,0,0,0,0,0,0
n012w8-0,n012w8,0,5,500000,100.0,adaptive,2026-07-04T12:11:50+01:00,7,1,74,223174,393,25.118864,475,285,285,0,0.0000,REHEAT,0,123,26411,410929,144950,226,36600,-8,0.0000,0.0000,0,0,0,0,0,0
n012w8-0,n012w8,0,5,500000,100.0,adaptive,2026-07-04T12:11:50+01:00,7,4,74,236574,493,25.118864,575,245,245,0,0.0000,REHEAT,1,123,26548,429009,157404,227,13400,100,0.0000,0.0000,0,0,0,0,0,0
n012w8-0,n012w8,0,5,500000,100.0,adaptive,2026-07-04T12:11:50+01:00,7,1,74,273174,498,25.118864,750,285,285,0,0.0000,REHEAT,0,123,34614,506438,171824,228,36600,5,0.0000,0.0000,0,0,0,0,0,0
n012w8-0,n012w8,0,5,500000,100.0,adaptive,2026-07-04T12:11:50+01:00,7,3,74,276773,545,0.000000,1135,1180,1135,45,3.8136,LOCAL_BEST,0,123,106408,578017,12004,229,3599,47,125.0347,957.4468,0,0,0,0,0,0
n012w8-0,n012w8,0,5,500000,100.0,adaptive,2026-07-04T12:11:50+01:00,7,4,74,286574,576,25.118864,545,245,245,0,0.0000,REHEAT,1,123,34773,523982,184447,230,9801,31,0.0000,0.0000,0,0,0,0,0,0
n012w8-0,n012w8,0,5,500000,100.0,adaptive,2026-07-04T12:11:50+01:00,7,1,74,323174,601,25.118864,850,285,285,0,0.0000,REHEAT,0,123,42994,601519,198593,231,36600,25,0.0000,0.0000,0,0,0,0,0,0
n012w8-0,n012w8,0,5,500000,100.0,adaptive,2026-07-04T12:11:50+01:00,7,4,74,336574,675,25.118864,790,245,245,0,0.0000,REHEAT,1,123,43044,619327,211391,232,13400,74,0.0000,0.0000,0,0,0,0,0,0
n012w8-0,n012w8,0,5,500000,100.0,adaptive,2026-07-04T12:11:50+01:00,7,1,74,373174,707,25.118864,755,285,285,0,0.0000,REHEAT,0,123,51335,696615,225587,233,36600,32,0.0000,0.0000,0,0,0,0,0,0
n012w8-0,n012w8,0,5,500000,100.0,adaptive,2026-07-04T12:11:50+01:00,7,4,74,386574,777,25.118864,835,245,245,0,0.0000,REHEAT,1,123,51306,714734,238219,234,13400,70,0.0000,0.0000,0,0,0,0,0,0
n012w8-0,n012w8,0,5,500000,100.0,adaptive,2026-07-04T12:11:50+01:00,7,1,74,423174,811,25.118864,735,285,285,0,0.0000,REHEAT,0,123,59664,791339,252434,235,36600,34,0.0000,0.0000,0,0,0,0,0,0
n012w8-0,n012w8,0,5,500000,100.0,adaptive,2026-07-04T12:11:50+01:00,7,4,74,436574,883,25.118864,600,245,245,0,0.0000,REHEAT,1,123,59404,808719,265401,236,13400,72,0.0000,0.0000,0,0,0,0,0,0
n012w8-0,n012w8,0,5,500000,100.0,adaptive,2026-07-04T12:11:50+01:00,7,1,74,473174,923,25.118864,730,285,285,0,0.0000,REHEAT,0,123,67926,885938,279117,237,36600,40,0.0000,0.0000,0,0,0,0,0,0
n012w8-0,n012w8,0,5,500000,100.0,adaptive,2026-07-04T12:11:50+01:00,7,4,74,486574,974,25.118864,815,245,245,0,0.0000,REHEAT,1,123,67758,905149,292004,238,13400,51,0.0000,0.0000,0,0,0,0,0,0
n012w8-0,n012w8,0,5,500000,100.0,adaptive,2026-07-04T12:11:50+01:00,8,3,98,1,1,0.000000,4755,4785,4755,30,0.6270,LOCAL_BEST,0,123,0,0,0,1,1,1,300000.0000,30000.0000,0,0,0,0,0,0
n012w8-0,n012w8,0,5,500000,100.0,adaptive,2026-07-04T12:11:50+01:00,8,1,98,1,1,100.000000,4665,4785,4665,120,2.5078,LOCAL_BEST,0,123,0,6,0,2,0,0,0.0000,0.0000,0,0,0,0,0,0
n012w8-0,n012w8,0,5,500000,100.0,adaptive,2026-07-04T12:11:50+01:00,8,4,98,1,42,100.000000,2155,2160,2155,5,0.2315,GLOBAL_BEST,1,123,0,6,0,3,0,41,0.0000,121.9512,0,0,0,0,0,0
n012w8-0,n012w8,0,5,500000,100.0,adaptive,2026-07-04T12:11:50+01:00,8,5,98,1,42,0.000000,2145,2160,2145,15,0.6944,GLOBAL_BEST,1,123,0,0,0,4,0,0,0.0000,0.0000,0,0,0,0,0,0
n012w8-0,n012w8,0,5,500000,100.0,adaptive,2026-07-04T12:11:50+01:00,8,1,98,2,1,99.997237,4625,4665,4625,40,0.8574,LOCAL_BEST,0,123,0,6,0,5,1,-41,400000.0000,0.0000,0,0,0,0,0,0
n012w8-0,n012w8,0,5,500000,100.0,adaptive,2026-07-04T12:11:50+01:00,8,3,98,2,1,0.000000,4600,4755,4600,155,3.2597,LOCAL_BEST,0,123,0,1,0,6,0,0,0.0000,0.0000,0,0,0,0,0,0
n012w8-0,n012w8,0,5,500000,100.0,adaptive,2026-07-04T12:11:50+01:00,8,2,98,3,1,0.000000,4655,4785,4655,130,2.7168,GLOBAL_BEST,0,123,0,9,1,7,1,0,1300000.0000,0.0000,0,0,0,0,0,0
n012w8-0,n012w8,0,5,500000,100.0,adaptive,2026-07-04T12:11:50+01:00,8,1,98,3,1,99.994474,4335,4625,4335,290,6.2703,LOCAL_BEST,0,123,0,17,0,8,0,0,0.0000,0.0000,0,0,0,0,0,0
n012w8-0,n012w8,0,5,500000,100.0,adaptive,2026-07-04T12:11:50+01:00,8,3,98,3,1,0.000000,4355,4600,4355,245,5.3261,LOCAL_BEST,0,123,0,1,0,9,0,0,0.0000,0.0000,0,0,0,0,0,0
n012w8-0,n012w8,0,5,500000,100.0,adaptive,2026-07-04T12:11:50+01:00,8,3,98,4,1,0.000000,4325,4355,4325,30,0.6889,LOCAL_BEST,0,123,0,3,0,10,1,0,300000.0000,0.0000,0,0,0,0,0,0
n012w8-0,n012w8,0,5,500000,100.0,adaptive,2026-07-04T12:11:50+01:00,8,1,98,4,1,99.991711,4085,4335,4085,250,5.7670,GLOBAL_BEST,0,123,0,22,0,11,0,0,0.0000,0.0000,0,0,0,0,0,0
n012w8-0,n012w8,0,5,500000,100.0,adaptive,2026-07-04T12:11:50+01:00,8,2,98,5,1,0.000000,4625,4655,4625,30,0.6445,GLOBAL_BEST,0,123,0,12,1,12,1,0,300000.0000,0.0000,0,0,0,0,0,0
n012w8-0,n012w8,0,5,500000,100.0,adaptive,2026-07-04T12:11:50+01:00,8,3,98,5,1,0.000000,4145,4325,4145,180,4.1618,LOCAL_BEST,0,123,0,6,0,13,0,0,0.0000,0.0000,0,0,0,0,0,0
n012w8-0,n012w8,0,5,500000,100.0,adaptive,2026-07-04T12:11:50+01:00,8,2,98,6,1,0.000000,4580,4625,4580,45,0.9730,GLOBAL_BEST,0,123,0,13,1,14,1,0,450000.0000,0.0000,0,0,0,0,0,0
n012w8-0,n012w8,0,5,500000,100.0,adaptive,2026-07-04T12:11:50+01:00,8,3,98,6,1,0.000000,4085,4145,4085,60,1.4475,LOCAL_BEST,0,123,0,8,0,15,0,0,0.0000,0.0000,0,0,0,0,0,0
n012w8-0,n012w8,0,5,500000,100.0,adaptive,2026-07-04T12:11:50+01:00,8,1,98,6,1,99.986185,3920,4085,3920,165,4.0392,GLOBAL_BEST,0,123,1,24,0,16,0,0,0.0000,0.0000,0,0,0,0,0,0
n012w8-0,n012w8,0,5,500000,100.0,adaptive,2026-07-04T12:11:50+01:00,8,2,98,7,1,0.000000,4400,4580,4400,180,3.9301,GLOBAL_BEST,0,123,0,20,1,17,1,0,1800000.0000,0.0000,0,0,0,0,0,0
n012w8-0,n012w8,0,5,500000,100.0,adaptive,2026-07-04T12:11:50+01:00,8,1,98,7,1,99.983423,3860,3920,3860,60,1.5306,GLOBAL_BEST,0,123,1,26,0,18,0,0,0.0000,0.0000,0,0,0,0,0,0
n012w8-0,n012w8,0,5,500000,100.0,adaptive,2026-07-04T12:11:50+01:00,8,2,98,8,1,0.000000,4270,4400,4270,130,2.9545,GLOBAL_BEST,0,123,0,23,1,19,1,0,1300000.0000,0.0000,0,0,0,0,0,0
n012w8-0,n012w8,0,5,500000,100.0,adaptive,2026-07-04T12:11:50+01:00,8,1,98,8,1,99.980660,3740,3860,3740,120,3.1088,GLOBAL_BEST,0,123,1,32,0,20,0,0,0.0000,0.0000,0,0,0,0,0,0
n012w8-0,n012w8,0,5,500000,100.0,adaptive,2026-07-04T12:11:50+01:00,8,2,98,9,1,0.000000,4240,4270,4240,30,0.7026,GLOBAL_BEST,0,123,0,23,1,21,1,0,300000.0000,0.0000,0,0,0,0,0,0
n012w8-0,n012w8,0,5,500000,100.0,adaptive,2026-07-04T12:11:50+01:00,8,2,98,12,1,0.000000,4080,4240,4080,160,3.7736,GLOBAL_BEST,0,123,0,27,1,22,3,0,533333.3333,0.0000,0,0,0,0,0,0
n012w8-0,n012w8,0,5,500000,100.0,adaptive,2026-07-04T12:11:50+01:00,8,3,98,12,1,0.000000,4040,4085,4040,45,1.1016,LOCAL_BEST,0,123,2,15,0,23,0,0,0.0000,0.0000,0,0,0,0,0,0
n012w8-0,n012w8,0,5,500000,100.0,adaptive,2026-07-04T12:11:50+01:00,8,2,98,13,1,0.000000,4075,4080,4075,5,0.1225,LOCAL_BEST,0,123,0,32,1,24,1,0,50000.0000,0.0000,0,0,0,0,0,0
n012w8-0,n012w8,0,5,500000,100.0,adaptive,2026-07-04T12:11:50+01:00,8,3,98,14,1,0.000000,3950,4040,3950,90,2.2277,LOCAL_BEST,0,123,2,18,0,25,1,0,900000.0000,0.0000,0,0,0,0,0,0
n012w8-0,n012w8,0,5,500000,100.0,adaptive,2026-07-04T12:11:50+01:00,8,3,98,15,1,0.000000,3860,3950,3860,90,2.2785,LOCAL_BEST,0,123,2,25,0,26,1,0,900000.0000,0.0000,0,0,0,0,0,0
n012w8-0,n012w8,0,5,500000,100.0,adaptive,2026-07-04T12:11:50+01:00,8,3,98,16,1,0.000000,3800,3860,3800,60,1.5544,LOCAL_BEST,0,123,2,28,0,27,1,0,600000.0000,0.0000,0,0,0,0,0,0
n012w8-0,n012w8,0,5,500000,100.0,adaptive,2026-07-04T12:11:50+01:00,8,2,98,17,1,0.000000,3935,4075,3935,140,3.4356,LOCAL_BEST,0,123,0,43,1,28,1,0,1400000.0000,0.0000,0,0,0,0,0,0
n012w8-0,n012w8,0,5,500000,100.0,adaptive,2026-07-04T12:11:50+01:00,8,3,98,19,1,0.000000,3705,3800,3705,95,2.5000,GLOBAL_BEST,0,123,3,35,0,29,2,0,475000.0000,0.0000,0,0,0,0,0,0
n012w8-0,n012w8,0,5,500000,100.0,adaptive,2026-07-04T12:11:50+01:00,8,5,98,24,42,0.000000,2130,2145,2130,15,0.6993,GLOBAL_BEST,1,123,0,32,20,30,5,41,30000.0000,365.8537,0,0,0,0,0,0
n012w8-0,n012w8,0,5,500000,100.0,adaptive,2026-07-04T12:11:50+01:00,8,2,98,25,1,0.000000,3875,3935,3875,60,1.5248,LOCAL_BEST,0,123,0,54,1,31,1,-41,600000.0000,0.0000,0,0,0,0,0,0
n012w8-0,n012w8,0,5,500000,100.0,adaptive,2026-07-04T12:11:50+01:00,8,2,98,26,1,0.000000,3855,3875,3855,20,0.5161,LOCAL_BEST,0,123,0,57,1,32,1,0,200000.0000,0.0000,0,0,0,0,0,0
n012w8-0,n012w8,0,5,500000,100.0,adaptive,2026-07-04T12:11:50+01:00,8,2,98,27,1,0.000000,3805,3855,3805,50,1.2970,LOCAL_BEST,0,123,0,58,1,33,1,0,500000.0000,0.0000,0,0,0,0,0,0
n012w8-0,n012w8,0,5,500000,100.0,adaptive,2026-07-04T12:11:50+01:00,8,1,98,27,1,99.928185,3665,3740,3665,75,2.0053,LOCAL_BEST,0,123,9,93,2,34,0,0,0.0000,0.0000,0,0,0,0,0,0
n012w8-0,n012w8,0,5,500000,100.0,adaptive,2026-07-04T12:11:50+01:00,8,1,98,28,1,99.925424,3540,3665,3540,125,3.4106,GLOBAL_BEST,0,123,9,93,2,35,1,0,1250000.0000,0.0000,0,0,0,0,0,0
n012w8-0,n012w8,0,5,500000,100.0,adaptive,2026-07-04T12:11:50+01:00,8,1,98,29,1,99.922663,3530,3540,3530,10,0.2825,LOCAL_BEST,0,123,9,93,2,36,1,0,100000.0000,0.0000,0,0,0,0,0,0
n012w8-0,n012w8,0,5,500000,100.0,adaptive,2026-07-04T12:11:50+01:00,8,1,98,33,1,99.911620,3380,3530,3380,150,4.2493,GLOBAL_BEST,0,123,10,98,4,37,4,0,375000.0000,0.0000,0,0,0,0,0,0
n012w8-0,n012w8,0,5,500000,100.0,adaptive,2026-07-04T12:11:50+01:00,8,2,98,36,1,0.000000,3780,3805,3780,25,0.6570,LOCAL_BEST,0,123,0,79,1,38,3,0,83333.3333,0.0000,0,0,0,0,0,0
n012w8-0,n012w8,0,5,500000,100.0,adaptive,2026-07-04T12:11:50+01:00,8,2,98,37,1,0.000000,3720,3780,3720,60,1.5873,LOCAL_BEST,0,123,0,87,1,39,1,0,600000.0000,0.0000,0,0,0,0,0,0
n012w8-0,n012w8,0,5,500000,100.0,adaptive,2026-07-04T12:11:50+01:00,8,2,98,38,1,0.000000,3600,3720,3600,120,3.2258,GLOBAL_BEST,0,123,0,94,1,40,1,0,1200000.0000,0.0000,0,0,0,0,0,0
n012w8-0,n012w8,0,5,500000,100.0,adaptive,2026-07-04T12:11:50+01:00,8,1,98,38,1,99.897817,3335,3380,3335,45,1.3314,GLOBAL_BEST,0,123,11,110,4,41,0,0,0.0000,0.0000,0,0,0,0,0,0
n012w8-0,n012w8,0,5,500000,100.0,adaptive,2026-07-04T12:11:50+01:00,8,2,98,44,1,0.000000,3395,3600,3395,205,5.6944,GLOBAL_BEST,0,123,0,110,1,42,6,0,341666.6667,0.0000,0,0,0,0,0,0
n012w8-0,n012w8,0,5,500000,100.0,adaptive,2026-07-04T12:11:50+01:00,8,1,98,49,1,99.867459,3315,3335,3315,20,0.5997,GLOBAL_BEST,0,123,14,122,5,43,5,0,40000.0000,0.0000,0,0,0,0,0,0
n012w8-0,n012w8,0,5,500000,100.0,adaptive,2026-07-04T12:11:50+01:00,8,3,98,63,1,0.000000,3615,3705,3615,90,2.4291,LOCAL_BEST,0,123,21,138,2,44,14,0,64285.7143,0.0000,0,0,0,0,0,0
n012w8-0,n012w8,0,5,500000,100.0,adaptive,2026-07-04T12:11:50+01:00,8,1,98,63,1,99.828834,3300,3315,3300,15,0.4525,GLOBAL_BEST,0,123,16,148,9,45,0,0,0.0000,0.0000,0,0,0,0,0,0
n012w8-0,n012w8,0,5,500000,100.0,adaptive,2026-07-04T12:11:50+01:00,8,3,98,64,1,0.000000,3445,3615,3445,170,4.7026,LOCAL_BEST,0,123,21,139,2,46,1,0,1700000.0000,0.0000,0,0,0,0,0,0
n012w8-0,n012w8,0,5,500000,100.0,adaptive,2026-07-04T12:11:50+01:00,8,1,98,64,1,99.826076,3200,3300,3200,100,3.0303,GLOBAL_BEST,0,123,16,148,9,47,0,0,0.0000,0.0000,0,0,0,0,0,0
n012w8-0,n012w8,0,5,500000,100.0,adaptive,2026-07-04T12:11:50+01:00,8,1,98,73,1,99.801254,3195,3200,3195,5,0.1562,GLOBAL_BEST,0,123,19,156,9,48,9,0,5555.5556,0.0000,0,0,0,0,0,0
n012w8-0,n012w8,0,5,500000,100.0,adaptive,2026-07-04T12:11:50+01:00,8,3,98,76,1,0.000000,3320,3445,3320,125,3.6284,GLOBAL_BEST,0,123,25,168,3,49,3,0,416666.6667,0.0000,0,0,0,0,0,0
n012w8-0,n012w8,0,5,500000,100.0,adaptive,2026-07-04T12:11:50+01:00,8,1,98,79,1,99.784710,3150,3195,3150,45,1.4085,GLOBAL_BEST,0,123,20,173,13,50,3,0,150000.0000,0.0000,0,0,0,0,0,0
n012w8-0,n012w8,0,5,500000,100.0,adaptive,2026-07-04T12:11:50+01:00,8,14,98,98,141,0.000000,1680,1695,1680,15,0.8850,GLOBAL_BEST,6,123,0,142,91,51,19,140,7894.7368,107.1429,0,0,0,0,0,0
n012w8-0,n012w8,0,5,500000,100.0,adaptive,2026-07-04T12:11:50+01:00,8,1,98,99,1,99.729582,3090,3150,3090,60,1.9048,GLOBAL_BEST,0,123,26,207,21,52,1,-140,600000.0000,0.0000,0,0,0,0,0,0
n012w8-0,n012w8,0,5,500000,100.0,adaptive,2026-07-04T12:11:50+01:00,8,1,98,102,1,99.721316,2925,3090,2925,165,5.3398,GLOBAL_BEST,0,123,28,214,21,53,3,0,550000.0000,0.0000,0,0,0,0,0,0
n012w8-0,n012w8,0,5,500000,100.0,adaptive,2026-07-04T12:11:50+01:00,8,1,98,110,1,99.699275,2840,2925,2840,85,2.9060,GLOBAL_BEST,0,123,31,219,23,54,8,0,106250.0000,0.0000,0,0,0,0,0,0
n012w8-0,n012w8,0,5,500000,100.0,adaptive,2026-07-04T12:11:50+01:00,8,1,98,111,1,99.696520,2825,2840,2825,15,0.5282,GLOBAL_BEST,0,123,31,219,23,55,1,0,150000.0000,0.0000,0,0,0,0,0,0
n012w8-0,n012w8,0,5,500000,100.0,adaptive,2026-07-04T12:11:50+01:00,8,11,98,123,132,0.000000,1720,1725,1720,5,0.2899,GLOBAL_BEST,4,123,0,177,110,56,12,131,4166.6667,38.1679,0,0,0,0,0,0
n012w8-0,n012w8,0,5,500000,100.0,adaptive,2026-07-04T12:11:50+01:00,8,8,98,142,98,0.000000,1790,1795,1790,5,0.2786,GLOBAL_BEST,3,123,0,204,136,57,19,-34,2631.5789,0.0000,0,0,0,0,0,0
n012w8-0,n012w8,0,5,500000,100.0,adaptive,2026-07-04T12:11:50+01:00,8,2,98,185,1,0.000000,3390,3395,3390,5,0.1473,LOCAL_BEST,0,123,0,386,1,58,43,-97,1162.7907,0.0000,0,0,0,0,0,0
n012w8-0,n012w8,0,5,500000,100.0,adaptive,2026-07-04T12:11:50+01:00,8,2,98,247,1,0.000000,3350,3390,3350,40,1.1799,LOCAL_BEST,0,123,0,514,1,59,62,0,6451.6129,0.0000,0,0,0,0,0,0
n012w8-0,n012w8,0,5,500000,100.0,adaptive,2026-07-04T12:11:50+01:00,8,3,98,248,1,0.000000,3300,3320,3300,20,0.6024,LOCAL_BEST,0,123,101,458,10,60,1,0,200000.0000,0.0000,0,0,0,0,0,0
n012w8-0,n012w8,0,5,500000,100.0,adaptive,2026-07-04T12:11:50+01:00,8,2,98,249,1,0.000000,3210,3350,3210,140,4.1791,LOCAL_BEST,0,123,0,527,1,61,1,0,1400000.0000,0.0000,0,0,0,0,0,0
n012w8-0,n012w8,0,5,500000,100.0,adaptive,2026-07-04T12:11:50+01:00,8,2,98,250,1,0.000000,3120,3210,3120,90,2.8037,LOCAL_BEST,0,123,0,528,1,62,1,0,900000.0000,0.0000,0,0,0,0,0,0
n012w8-0,n012w8,0,5,500000,100.0,adaptive,2026-07-04T12:11:50+01:00,8,5,98,284,42,0.000000,2120,2130,2120,10,0.4695,GLOBAL_BEST,1,123,0,438,233,63,34,41,2941.1765,243.9024,0,0,0,0,0,0
n012w8-0,n012w8,0,5,500000,100.0,adaptive,2026-07-04T12:11:50+01:00,8,5,98,298,42,0.000000,2115,2120,2115,5,0.2358,GLOBAL_BEST,1,123,0,449,241,64,14,0,3571.4286,0.0000,0,0,0,0,0,0
n012w8-0,n012w8,0,5,500000,100.0,adaptive,2026-07-04T12:11:50+01:00,8,8,98,449,99,0.000000,1785,1790,1785,5,0.2793,GLOBAL_BEST,3,123,0,695,425,65,151,57,331.1258,87.7193,0,0,0,0,0,0
n012w8-0,n012w8,0,5,500000,100.0,adaptive,2026-07-04T12:11:50+01:00,8,5,98,476,42,0.000000,2110,2115,2110,5,0.2364,GLOBAL_BEST,1,123,0,722,386,66,27,-57,1851.8519,0.0000,0,0,0,0,0,0
n012w8-0,n012w8,0,5,500000,100.0,adaptive,2026-07-04T12:11:50+01:00,8,5,98,479,42,0.000000,2060,2110,2060,50,2.3697,GLOBAL_BEST,1,123,0,732,388,67,3,0,166666.6667,0.0000,0,0,0,0,0,0
n012w8-0,n012w8,0,5,500000,100.0,adaptive,2026-07-04T12:11:50+01:00,8,3,98,480,1,0.000000,3235,3300,3235,65,1.9697,LOCAL_BEST,0,123,195,884,19,68,1,-41,650000.0000,0.0000,0,0,0,0,0,0
n012w8-0,n012w8,0,5,500000,100.0,adaptive,2026-07-04T12:11:50+01:00,8,3,98,505,1,0.000000,3225,3235,3225,10,0.3091,LOCAL_BEST,0,123,206,937,20,69,25,0,4000.0000,0.0000,0,0,0,0,0,0
n012w8-0,n012w8,0,5,500000,100.0,adaptive,2026-07-04T12:11:50+01:00,8,3,98,507,1,0.000000,3215,3225,3215,10,0.3101,LOCAL_BEST,0,123,207,941,20,70,2,0,50000.0000,0.0000,0,0,0,0,0,0
n012w8-0,n012w8,0,5,500000,100.0,adaptive,2026-07-04T12:11:50+01:00,8,3,98,508,1,0.000000,3185,3215,3185,30,0.9331,LOCAL_BEST,0,123,207,941,20,71,1,0,300000.0000,0.0000,0,0,0,0,0,0
n012w8-0,n012w8,0,5,500000,100.0,adaptive,2026-07-04T12:11:50+01:00,8,1,98,523,2,98.568013,2655,2825,2655,170,6.0177,GLOBAL_BEST,0,123,145,884,123,72,15,1,113333.3333,170000.0000,0,0,0,0,0,0
n012w8-0,n012w8,0,5,500000,100.0,adaptive,2026-07-04T12:11:50+01:00,8,3,98,621,1,0.000000,3135,3185,3135,50,1.5699,LOCAL_BEST,0,123,249,1160,22,73,98,-1,5102.0408,0.0000,0,0,0,0,0,0
n012w8-0,n012w8,0,5,500000,100.0,adaptive,2026-07-04T12:11:50+01:00,8,3,98,622,1,0.000000,3075,3135,3075,60,1.9139,LOCAL_BEST,0,123,249,1162,22,74,1,0,600000.0000,0.0000,0,0,0,0,0,0
n012w8-0,n012w8,0,5,500000,100.0,adaptive,2026-07-04T12:11:50+01:00,8,11,98,704,132,0.000000,1710,1720,1710,10,0.5814,GLOBAL_BEST,4,123,0,988,633,75,82,131,1219.5122,76.3359,0,0,0,0,0,0
n012w8-0,n012w8,0,5,500000,100.0,adaptive,2026-07-04T12:11:50+01:00,8,14,98,714,142,0.000000,1670,1680,1670,10,0.5952,GLOBAL_BEST,6,123,0,965,662,76,10,10,10000.0000,1000.0000,0,0,0,0,0,0
n012w8-0,n012w8,0,5,500000,100.0,adaptive,2026-07-04T12:11:50+01:00,8,2,98,762,2,0.000000,3110,3120,3110,10,0.3205,LOCAL_BEST,0,123,0,1384,1,77,48,-140,2083.3333,0.0000,0,0,0,0,0,0
n012w8-0,n012w8,0,5,500000,100.0,adaptive,2026-07-04T12:11:50+01:00,8,2,98,765,2,0.000000,3095,3110,3095,15,0.4823,LOCAL_BEST,0,123,0,1387,1,78,3,0,50000.0000,0.0000,0,0,0,0,0,0
n012w8-0,n012w8,0,5,500000,100.0,adaptive,2026-07-04T12:11:50+01:00,8,2,98,766,2,0.000000,3060,3095,3060,35,1.1309,LOCAL_BEST,0,123,0,1387,1,79,1,0,350000.0000,0.0000,0,0,0,0,0,0
n012w8-0,n012w8,0,5,500000,100.0,adaptive,2026-07-04T12:11:50+01:00,8,2,98,769,2,0.000000,2930,3060,2930,130,4.2484,LOCAL_BEST,0,123,0,1393,1,80,3,0,433333.3333,0.0000,0,0,0,0,0,0
n012w8-0,n012w8,0,5,500000,100.0,adaptive,2026-07-04T12:11:50+01:00,8,8,98,915,100,0.000000,1780,1785,1780,5,0.2801,GLOBAL_BEST,3,123,0,1404,874,81,146,98,342.4658,51.0204,0,0,0,0,0,0
n012w8-0,n012w8,0,5,500000,100.0,adaptive,2026-07-04T12:11:50+01:00,8,3,98,928,2,0.000000,3055,3075,3055,20,0.6504,LOCAL_BEST,0,123,368,1651,36,82,13,-98,15384.6154,0.0000,0,0,0,0,0,0
n012w8-0,n012w8,0,5,500000,100.0,adaptive,2026-07-04T12:11:50+01:00,8,3,98,930,2,0.000000,2990,3055,2990,65,2.1277,LOCAL_BEST,0,123,369,1651,36,83,2,0,325000.0000,0.0000,0,0,0,0,0,0
n012w8-0,n012w8,0,5,500000,100.0,adaptive,2026-07-04T12:11:50+01:00,8,3,98,931,2,0.000000,2900,2990,2900,90,3.0100,LOCAL_BEST,0,123,369,1652,36,84,1,0,900000.0000,0.0000,0,0,0,0,0,0
n012w8-0,n012w8,0,5,500000,100.0,adaptive,2026-07-04T12:11:50+01:00,8,5,98,948,43,0.000000,2050,2060,2050,10,0.4854,GLOBAL_BEST,1,123,0,1520,746,85,17,41,5882.3529,243.9024,0,0,0,0,0,0
n012w8-0,n012w8,0,5,500000,100.0,adaptive,2026-07-04T12:11:50+01:00,8,1,98,975,3,97.344630,2640,2655,2640,15,0.5650,GLOBAL_BEST,0,123,259,1664,260,86,27,-40,5555.5556,0.0000,0,0,0,0,0,0
n012w8-0,n012w8,0,5,500000,100.0,adaptive,2026-07-04T12:11:50+01:00,8,1,98,992,3,97.298916,2625,2640,2625,15,0.5682,GLOBAL_BEST,0,123,262,1681,266,87,17,0,8823.5294,0.0000,0,0,0,0,0,0
n012w8-0,n012w8,0,5,500000,100.0,adaptive,2026-07-04T12:11:50+01:00,8,1,98,1018,3,97.229041,2600,2625,2600,25,0.9524,GLOBAL_BEST,0,123,266,1708,278,88,26,0,9615.3846,0.0000,0,0,0,0,0,0
n012w8-0,n012w8,0,5,500000,100.0,adaptive,2026-07-04T12:11:50+01:00,8,1,98,1019,3,97.226354,2580,2600,2580,20,0.7692,GLOBAL_BEST,0,123,266,1708,278,89,1,0,200000.0000,0.0000,0,0,0,0,0,0
n012w8-0,n012w8,0,5,500000,100.0,adaptive,2026-07-04T12:11:50+01:00,8,1,98,1211,4,96.711919,2545,2580,2545,35,1.3566,GLOBAL_BEST,0,123,322,2094,330,90,192,1,1822.9167,35000.0000,0,0,0,0,0,0
n012w8-0,n012w8,0,5,500000,100.0,adaptive,2026-07-04T12:11:50+01:00,8,1,98,1213,4,96.706574,2490,2545,2490,55,2.1611,GLOBAL_BEST,0,123,322,2100,331,91,2,0,275000.0000,0.0000,0,0,0,0,0,0
n012w8-0,n012w8,0,5,500000,100.0,adaptive,2026-07-04T12:11:50+01:00,8,1,98,1216,4,96.698558,2425,2490,2425,65,2.6104,GLOBAL_BEST,0,123,322,2102,333,92,3,0,216666.6667,0.0000,0,0,0,0,0,0
n012w8-0,n012w8,0,5,500000,100.0,adaptive,2026-07-04T12:11:50+01:00,8,1,98,1217,4,96.695887,2410,2425,2410,15,0.6186,GLOBAL_BEST,0,123,322,2104,333,93,1,0,150000.0000,0.0000,0,0,0,0,0,0
n012w8-0,n012w8,0,5,500000,100.0,adaptive,2026-07-04T12:11:50+01:00,8,2,98,1812,3,0.000000,2790,2930,2790,140,4.7782,LOCAL_BEST,0,123,0,3114,60,94,595,-1,2352.9412,0.0000,0,0,0,0,0,0
n012w8-0,n012w8,0,5,500000,100.0,adaptive,2026-07-04T12:11:50+01:00,8,3,98,1889,3,0.000000,2885,2900,2885,15,0.5172,LOCAL_BEST,0,123,725,3295,84,95,77,0,1948.0519,0.0000,0,0,0,0,0,0
n012w8-0,n012w8,0,5,500000,100.0,adaptive,2026-07-04T12:11:50+01:00,8,3,98,1893,3,0.000000,2865,2885,2865,20,0.6932,LOCAL_BEST,0,123,726,3318,84,96,4,0,50000.0000,0.0000,0,0,0,0,0,0
n012w8-0,n012w8,0,5,500000,100.0,adaptive,2026-07-04T12:11:50+01:00,8,3,98,1894,3,0.000000,2850,2865,2850,15,0.5236,LOCAL_BEST,0,123,726,3319,84,97,1,0,150000.0000,0.0000,0,0,0,0,0,0
n012w8-0,n012w8,0,5,500000,100.0,adaptive,2026-07-04T12:11:50+01:00,8,5,98,2076,45,0.000000,2045,2050,2045,5,0.2439,GLOBAL_BEST,1,123,0,3284,1623,98,182,42,274.7253,119.0476,0,0,0,0,0,0
n012w8-0,n012w8,0,5,500000,100.0,adaptive,2026-07-04T12:11:50+01:00,8,2,98,2138,4,0.000000,2770,2790,2770,20,0.7168,LOCAL_BEST,0,123,0,3678,95,99,62,-41,3225.8065,0.0000,0,0,0,0,0,0
n012w8-0,n012w8,0,5,500000,100.0,adaptive,2026-07-04T12:11:50+01:00,8,3,98,2299,4,0.000000,2825,2850,2825,25,0.8772,LOCAL_BEST,0,123,890,4093,102,100,161,0,1552.7950,0.0000,0,0,0,0,0,0
n012w8-0,n012w8,0,5,500000,100.0,adaptive,2026-07-04T12:11:50+01:00,8,3,98,2300,4,0.000000,2775,2825,2775,50,1.7699,LOCAL_BEST,0,123,890,4094,102,101,1,0,500000.0000,0.0000,0,0,0,0,0,0
n012w8-0,n012w8,0,5,500000,100.0,adaptive,2026-07-04T12:11:50+01:00,8,8,98,2381,103,0.000000,1760,1780,1760,20,1.1236,GLOBAL_BEST,3,123,0,3659,2243,102,81,99,2469.1358,202.0202,0,0,0,0,0,0
n012w8-0,n012w8,0,5,500000,100.0,adaptive,2026-07-04T12:11:50+01:00,8,5,98,2485,45,0.000000,2030,2045,2030,15,0.7335,GLOBAL_BEST,1,123,0,3838,1923,103,104,-58,1442.3077,0.0000,0,0,0,0,0,0
n012w8-0,n012w8,0,5,500000,100.0,adaptive,2026-07-04T12:11:50+01:00,8,5,98,3073,46,0.000000,2005,2030,2005,25,1.2315,GLOBAL_BEST,1,123,0,4677,2367,104,588,1,425.1701,25000.0000,0,0,0,0,0,0
n012w8-0,n012w8,0,5,500000,100.0,adaptive,2026-07-04T12:11:50+01:00,8,2,98,3360,6,0.000000,2660,2770,2660,110,3.9711,LOCAL_BEST,0,123,0,5980,398,105,287,-40,3832.7526,0.0000,0,0,0,0,0,0
n012w8-0,n012w8,0,5,500000,100.0,adaptive,2026-07-04T12:11:50+01:00,8,2,98,3361,6,0.000000,2640,2660,2640,20,0.7519,LOCAL_BEST,0,123,0,5980,398,106,1,0,200000.0000,0.0000,0,0,0,0,0,0
n012w8-0,n012w8,0,5,500000,100.0,adaptive,2026-07-04T12:11:50+01:00,8,2,98,3362,6,0.000000,2630,2640,2630,10,0.3788,LOCAL_BEST,0,123,0,5982,398,107,1,0,100000.0000,0.0000,0,0,0,0,0,0
n012w8-0,n012w8,0,5,500000,100.0,adaptive,2026-07-04T12:11:50+01:00,8,5,98,4117,49,0.000000,1995,2005,1995,10,0.4988,GLOBAL_BEST,1,123,0,6328,3145,108,755,43,132.4503,232.5581,0,0,0,0,0,0
n012w8-0,n012w8,0,5,500000,100.0,adaptive,2026-07-04T12:11:50+01:00,8,8,98,4396,105,0.000000,1755,1760,1755,5,0.2841,GLOBAL_BEST,3,123,0,6754,4048,109,279,56,179.2115,89.2857,0,0,0,0,0,0
n012w8-0,n012w8,0,5,500000,100.0,adaptive,2026-07-04T12:11:50+01:00,8,2,98,4475,8,0.000000,2605,2630,2605,25,0.9506,LOCAL_BEST,0,123,0,7988,703,110,79,-97,3164.5570,0.0000,0,0,0,0,0,0
n012w8-0,n012w8,0,5,500000,100.0,adaptive,2026-07-04T12:11:50+01:00,8,8,98,4544,106,0.000000,1740,1755,1740,15,0.8547,GLOBAL_BEST,3,123,0,7030,4178,111,69,98,2173.9130,153.0612,0,0,0,0,0,0
n012w8-0,n012w8,0,5,500000,100.0,adaptive,2026-07-04T12:11:50+01:00,8,8,98,4917,106,0.000000,1735,1740,1735,5,0.2874,GLOBAL_BEST,3,123,0,7625,4528,112,373,0,134.0483,0.0000,0,0,0,0,0,0
n012w8-0,n012w8,0,5,500000,100.0,adaptive,2026-07-04T12:11:50+01:00,8,8,98,5279,107,0.000000,1730,1735,1730,5,0.2882,GLOBAL_BEST,3,123,0,8165,4853,113,362,1,138.1215,5000.0000,0,0,0,0,0,0
n012w8-0,n012w8,0,5,500000,100.0,adaptive,2026-07-04T12:11:50+01:00,8,5,98,5751,52,0.000000,1980,1995,1980,15,0.7519,GLOBAL_BEST,1,123,0,8540,4476,114,472,-55,317.7966,0.0000,0,0,0,0,0,0
n012w8-0,n012w8,0,5,500000,100.0,adaptive,2026-07-04T12:11:50+01:00,8,5,98,6596,53,0.000000,1975,1980,1975,5,0.2525,GLOBAL_BEST,1,123,0,9873,5114,115,845,1,59.1716,5000.0000,0,0,0,0,0,0
n012w8-0,n012w8,0,5,500000,100.0,adaptive,2026-07-04T12:11:50+01:00,8,2,98,6778,12,0.000000,2525,2605,2525,80,3.0710,LOCAL_BEST,0,123,0,12060,1530,116,182,-41,4395.6044,0.0000,0,0,0,0,0,0
n012w8-0,n012w8,0,5,500000,100.0,adaptive,2026-07-04T12:11:50+01:00,8,3,98,6841,17,0.000000,2750,2775,2750,25,0.9009,LOCAL_BEST,0,123,2621,12091,256,117,63,5,3968.2540,5000.0000,0,0,0,0,0,0
n012w8-0,n012w8,0,5,500000,100.0,adaptive,2026-07-04T12:11:50+01:00,8,1,98,7252,14,81.844217,2385,2410,2385,25,1.0373,GLOBAL_BEST,0,123,1838,12601,2377,118,411,-3,608.2725,0.0000,0,0,0,0,0,0
n012w8-0,n012w8,0,5,500000,100.0,adaptive,2026-07-04T12:11:50+01:00,8,2,98,7377,13,0.000000,2495,2525,2495,30,1.1881,LOCAL_BEST,0,123,0,13089,1751,119,125,-1,2400.0000,0.0000,0,0,0,0,0,0
n012w8-0,n012w8,0,5,500000,100.0,adaptive,2026-07-04T12:11:50+01:00,8,5,98,7537,54,0.000000,1970,1975,1970,5,0.2532,GLOBAL_BEST,1,123,0,11321,5808,120,160,41,312.5000,121.9512,0,0,0,0,0,0
n012w8-0,n012w8,0,5,500000,100.0,adaptive,2026-07-04T12:11:50+01:00,8,5,98,7538,54,0.000000,1955,1970,1955,15,0.7614,GLOBAL_BEST,1,123,0,11321,5808,121,1,0,150000.0000,0.0000,0,0,0,0,0,0
n012w8-0,n012w8,0,5,500000,100.0,adaptive,2026-07-04T12:11:50+01:00,8,5,98,8145,55,0.000000,1940,1955,1940,15,0.7673,GLOBAL_BEST,1,123,0,12244,6291,122,607,1,247.1170,15000.0000,0,0,0,0,0,0
n012w8-0,n012w8,0,5,500000,100.0,adaptive,2026-07-04T12:11:50+01:00,8,2,98,9437,16,0.000000,2490,2495,2490,5,0.2004,LOCAL_BEST,0,123,0,16737,2589,123,1292,-39,38.6997,0.0000,0,0,0,0,0,0
n012w8-0,n012w8,0,5,500000,100.0,adaptive,2026-07-04T12:11:50+01:00,8,5,98,9822,58,0.000000,1910,1940,1910,30,1.5464,GLOBAL_BEST,1,123,0,14938,7668,124,385,42,779.2208,714.2857,0,0,0,0,0,0
n012w8-0,n012w8,0,5,500000,100.0,adaptive,2026-07-04T12:11:50+01:00,8,1,98,9890,18,76.090774,2360,2385,2360,25,1.0482,GLOBAL_BEST,0,123,2461,17358,3373,125,68,-40,3676.4706,0.0000,0,0,0,0,0,0
n012w8-0,n012w8,0,5,500000,100.0,adaptive,2026-07-04T12:11:50+01:00,8,1,98,9948,18,75.968928,2350,2360,2350,10,0.4237,GLOBAL_BEST,0,123,2477,17453,3394,126,58,0,1724.1379,0.0000,0,0,0,0,0,0
n012w8-0,n012w8,0,5,500000,100.0,adaptive,2026-07-04T12:11:50+01:00,8,1,98,9949,18,75.966829,2305,2350,2305,45,1.9149,GLOBAL_BEST,0,123,2477,17455,3394,127,1,0,450000.0000,0.0000,0,0,0,0,0,0
n012w8-0,n012w8,0,5,500000,100.0,adaptive,2026-07-04T12:11:50+01:00,8,1,98,9951,18,75.962631,2290,2305,2290,15,0.6508,GLOBAL_BEST,0,123,2477,17459,3395,128,2,0,75000.0000,0.0000,0,0,0,0,0,0
n012w8-0,n012w8,0,5,500000,100.0,adaptive,2026-07-04T12:11:50+01:00,8,1,98,9952,18,75.960532,2245,2290,2245,45,1.9651,GLOBAL_BEST,0,123,2477,17471,3395,129,1,0,450000.0000,0.0000,0,0,0,0,0,0
n012w8-0,n012w8,0,5,500000,100.0,adaptive,2026-07-04T12:11:50+01:00,8,1,98,9964,18,75.935350,2195,2245,2195,50,2.2272,GLOBAL_BEST,0,123,2477,17489,3406,130,12,0,41666.6667,0.0000,0,0,0,0,0,0
n012w8-0,n012w8,0,5,500000,100.0,adaptive,2026-07-04T12:11:50+01:00,8,2,98,10202,17,0.000000,2445,2490,2445,45,1.8072,LOCAL_BEST,0,123,0,18012,2858,131,238,-1,1890.7563,0.0000,0,0,0,0,0,0
n012w8-0,n012w8,0,5,500000,100.0,adaptive,2026-07-04T12:11:50+01:00,8,2,98,11651,20,0.000000,2365,2445,2365,80,3.2720,LOCAL_BEST,0,123,0,20505,3528,132,1449,3,552.1049,26666.6667,0,0,0,0,0,0
n012w8-0,n012w8,0,5,500000,100.0,adaptive,2026-07-04T12:11:50+01:00,8,5,98,12269,62,0.000000,1880,1910,1880,30,1.5707,GLOBAL_BEST,1,123,0,18932,9626,133,618,42,485.4369,714.2857,0,0,0,0,0,0
n012w8-0,n012w8,0,5,500000,100.0,adaptive,2026-07-04T12:11:50+01:00,8,5,98,13357,63,0.000000,1875,1880,1875,5,0.2660,GLOBAL_BEST,1,123,0,20617,10488,134,1088,1,45.9559,5000.0000,0,0,0,0,0,0
n012w8-0,n012w8,0,5,500000,100.0,adaptive,2026-07-04T12:11:50+01:00,8,5,98,16159,68,0.000000,1870,1875,1870,5,0.2667,GLOBAL_BEST,1,123,0,24958,12767,135,2802,5,17.8444,1000.0000,0,0,0,0,0,0
n012w8-0,n012w8,0,5,500000,100.0,adaptive,2026-07-04T12:11:50+01:00,8,2,98,18711,31,0.000000,2325,2365,2325,40,1.6913,LOCAL_BEST,0,123,0,32768,7070,136,2552,-37,156.7398,0.0000,0,0,0,0,0,0
n012w8-0,n012w8,0,5,500000,100.0,adaptive,2026-07-04T12:11:50+01:00,8,2,98,18718,31,0.000000,2315,2325,2315,10,0.4301,LOCAL_BEST,0,123,0,32779,7071,137,7,0,14285.7143,0.0000,0,0,0,0,0,0
n012w8-0,n012w8,0,5,500000,100.0,adaptive,2026-07-04T12:11:50+01:00,8,5,98,19413,72,0.000000,1865,1870,1865,5,0.2674,GLOBAL_BEST,1,123,0,29816,15397,138,695,41,71.9424,121.9512,0,0,0,0,0,0
n012w8-0,n012w8,0,5,500000,100.0,adaptive,2026-07-04T12:11:50+01:00,8,2,98,19558,32,0.000000,2300,2315,2300,15,0.6479,LOCAL_BEST,0,123,0,34126,7523,139,145,-40,1034.4828,0.0000,0,0,0,0,0,0
n012w8-0,n012w8,0,5,500000,100.0,adaptive,2026-07-04T12:11:50+01:00,8,2,98,19559,32,0.000000,2270,2300,2270,30,1.3043,LOCAL_BEST,0,123,0,34128,7523,140,1,0,300000.0000,0.0000,0,0,0,0,0,0
n012w8-0,n012w8,0,5,500000,100.0,adaptive,2026-07-04T12:11:50+01:00,8,2,98,20563,34,0.000000,2260,2270,2260,10,0.4405,LOCAL_BEST,0,123,0,35664,8092,141,1004,2,99.6016,5000.0000,0,0,0,0,0,0
n012w8-0,n012w8,0,5,500000,100.0,adaptive,2026-07-04T12:11:50+01:00,8,2,98,20564,34,0.000000,2230,2260,2230,30,1.3274,LOCAL_BEST,0,123,0,35667,8092,142,1,0,300000.0000,0.0000,0,0,0,0,0,0
n012w8-0,n012w8,0,5,500000,100.0,adaptive,2026-07-04T12:11:50+01:00,8,11,98,21411,162,0.000000,1695,1710,1695,15,0.8772,LOCAL_BEST,4,123,0,32268,19538,143,847,128,177.0956,117.1875,0,0,0,0,0,0
n012w8-0,n012w8,0,5,500000,100.0,adaptive,2026-07-04T12:11:50+01:00,8,5,98,21767,76,0.000000,1810,1865,1810,55,2.9491,GLOBAL_BEST,1,123,0,33550,17324,144,356,-86,1544.9438,0.0000,0,0,0,0,0,0
n012w8-0,n012w8,0,5,500000,100.0,adaptive,2026-07-04T12:11:50+01:00,8,2,98,23867,38,0.000000,2210,2230,2210,20,0.8969,LOCAL_BEST,0,123,0,41255,10047,145,2100,-38,95.2381,0.0000,0,0,0,0,0,0
n012w8-0,n012w8,0,5,500000,100.0,adaptive,2026-07-04T12:11:50+01:00,8,1,98,23998,45,51.527136,2190,2195,2190,5,0.2278,LOCAL_BEST,0,123,5275,41393,9830,146,131,7,381.6794,714.2857,0,0,0,0,0,0
n012w8-0,n012w8,0,5,500000,100.0,adaptive,2026-07-04T12:11:50+01:00,8,1,98,25198,48,49.846653,2175,2190,2175,15,0.6849,LOCAL_BEST,0,123,5485,43335,10480,147,1200,3,125.0000,5000.0000,0,0,0,0,0,0
n012w8-0,n012w8,0,5,500000,100.0,adaptive,2026-07-04T12:11:50+01:00,8,2,98,25613,42,0.000000,2160,2210,2160,50,2.2624,GLOBAL_BEST,0,123,0,44189,11117,148,415,-6,1204.8193,0.0000,0,0,0,0,0,0
n012w8-0,n012w8,0,5,500000,100.0,adaptive,2026-07-04T12:11:50+01:00,8,4,98,26171,87,48.524381,2110,2155,2110,45,2.0882,LOCAL_BEST,1,123,5663,43164,11118,149,558,45,806.4516,1000.0000,0,0,0,0,0,0
n012w8-0,n012w8,0,5,500000,100.0,adaptive,2026-07-04T12:11:50+01:00,8,4,98,28705,91,45.243063,2105,2110,2105,5,0.2370,LOCAL_BEST,1,123,6070,47281,12520,150,2534,4,19.7316,1250.0000,0,0,0,0,0,0
n012w8-0,n012w8,0,5,500000,100.0,adaptive,2026-07-04T12:11:50+01:00,8,4,98,28707,91,45.240563,2090,2105,2090,15,0.7126,LOCAL_BEST,1,123,6070,47288,12521,151,2,0,75000.0000,0.0000,0,0,0,0,0,0
n012w8-0,n012w8,0,5,500000,100.0,adaptive,2026-07-04T12:11:50+01:00,8,4,98,28716,91,45.229314,2030,2090,2030,60,2.8708,LOCAL_BEST,1,123,6071,47295,12526,152,9,0,66666.6667,0.0000,0,0,0,0,0,0
n012w8-0,n012w8,0,5,500000,100.0,adaptive,2026-07-04T12:11:50+01:00,8,4,98,28731,91,45.210572,2020,2030,2020,10,0.4926,LOCAL_BEST,1,123,6072,47308,12536,153,15,0,6666.6667,0.0000,0,0,0,0,0,0
n012w8-0,n012w8,0,5,500000,100.0,adaptive,2026-07-04T12:11:50+01:00,8,4,98,28777,92,45.153144,1980,2020,1980,40,1.9802,LOCAL_BEST,1,123,6078,47349,12563,154,46,1,8695.6522,40000.0000,0,0,0,0,0,0
n012w8-0,n012w8,0,5,500000,100.0,adaptive,2026-07-04T12:11:50+01:00,8,4,98,28807,92,45.115731,1935,1980,1935,45,2.2727,LOCAL_BEST,1,123,6079,47391,12586,155,30,0,15000.0000,0.0000,0,0,0,0,0,0
n012w8-0,n012w8,0,5,500000,100.0,adaptive,2026-07-04T12:11:50+01:00,8,4,98,28922,92,44.972600,1930,1935,1930,5,0.2584,LOCAL_BEST,1,123,6096,47585,12650,156,115,0,434.7826,0.0000,0,0,0,0,0,0
n012w8-0,n012w8,0,5,500000,100.0,adaptive,2026-07-04T12:11:50+01:00,8,1,98,30369,57,43.209974,2170,2175,2170,5,0.2299,LOCAL_BEST,0,123,6280,51799,13365,157,1447,-35,34.5543,0.0000,0,0,0,0,0,0
n012w8-0,n012w8,0,5,500000,100.0,adaptive,2026-07-04T12:11:50+01:00,8,2,98,31630,50,0.000000,2140,2160,2140,20,0.9259,LOCAL_BEST,0,123,0,53776,14941,158,1261,-7,158.6043,0.0000,0,0,0,0,0,0
n012w8-0,n012w8,0,5,500000,100.0,adaptive,2026-07-04T12:11:50+01:00,8,1,98,32496,61,40.743656,2165,2170,2165,5,0.2304,LOCAL_BEST,0,123,6593,55266,14673,159,866,11,57.7367,454.5455,0,0,0,0,0,0
n012w8-0,n012w8,0,5,500000,100.0,adaptive,2026-07-04T12:11:50+01:00,8,5,98,32958,98,0.000000,1795,1810,1795,15,0.8287,GLOBAL_BEST,1,123,0,50464,26498,160,462,37,324.6753,405.4054,0,0,0,0,0,0
n012w8-0,n012w8,0,5,500000,100.0,adaptive,2026-07-04T12:11:50+01:00,8,5,98,33294,99,0.000000,1790,1795,1790,5,0.2786,LOCAL_BEST,1,123,0,50956,26778,161,336,1,148.8095,5000.0000,0,0,0,0,0,0
n012w8-0,n012w8,0,5,500000,100.0,adaptive,2026-07-04T12:11:50+01:00,8,2,98,34719,55,0.000000,2115,2140,2115,25,1.1682,LOCAL_BEST,0,123,0,58604,17041,162,1425,-44,175.4386,0.0000,0,0,0,0,0,0
n012w8-0,n012w8,0,5,500000,100.0,adaptive,2026-07-04T12:11:50+01:00,8,1,98,34754,67,38.279301,2085,2165,2085,80,3.6952,LOCAL_BEST,0,123,6919,58918,15989,163,35,12,22857.1429,6666.6667,0,0,0,0,0,0
n012w8-0,n012w8,0,5,500000,100.0,adaptive,2026-07-04T12:11:50+01:00,8,2,98,34760,55,0.000000,2100,2115,2100,15,0.7092,LOCAL_BEST,0,123,0,58673,17067,164,6,-12,25000.0000,0.0000,0,0,0,0,0,0
n012w8-0,n012w8,0,5,500000,100.0,adaptive,2026-07-04T12:11:50+01:00,8,1,98,34843,67,38.185282,2025,2085,2025,60,2.8777,LOCAL_BEST,0,123,6927,59056,16059,165,83,12,7228.9157,5000.0000,0,0,0,0,0,0
n012w8-0,n012w8,0,5,500000,100.0,adaptive,2026-07-04T12:11:50+01:00,8,2,98,37821,60,0.000000,2080,2100,2080,20,0.9524,LOCAL_BEST,0,123,0,63425,19134,166,2978,-7,67.1592,0.0000,0,0,0,0,0,0
n012w8-0,n012w8,0,5,500000,100.0,adaptive,2026-07-04T12:11:50+01:00,8,2,98,38157,61,0.000000,2065,2080,2065,15,0.7212,LOCAL_BEST,0,123,0,63970,19365,167,336,1,446.4286,15000.0000,0,0,0,0,0,0
n012w8-0,n012w8,0,5,500000,100.0,adaptive,2026-07-04T12:11:50+01:00,8,2,98,39077,63,0.000000,2055,2065,2055,10,0.4843,LOCAL_BEST,0,123,0,65544,20008,168,920,2,108.6957,5000.0000,0,0,0,0,0,0
n012w8-0,n012w8,0,5,500000,100.0,adaptive,2026-07-04T12:11:50+01:00,8,2,98,39589,64,0.000000,2050,2055,2050,5,0.2433,LOCAL_BEST,0,123,0,66263,20358,169,512,1,97.6562,5000.0000,0,0,0,0,0,0
n012w8-0,n012w8,0,5,500000,100.0,adaptive,2026-07-04T12:11:50+01:00,8,4,98,39683,118,33.405348,1925,1930,1925,5,0.2591,LOCAL_BEST,1,123,7515,65283,19345,170,94,54,531.9149,92.5926,0,0,0,0,0,0
n012w8-0,n012w8,0,5,500000,100.0,adaptive,2026-07-04T12:11:50+01:00,8,5,98,39690,109,0.000000,1775,1790,1775,15,0.8380,LOCAL_BEST,1,123,0,60913,32305,171,7,-9,21428.5714,0.0000,0,0,0,0,0,0
n012w8-0,n012w8,0,5,500000,100.0,adaptive,2026-07-04T12:11:50+01:00,8,5,98,40263,109,0.000000,1765,1775,1765,10,0.5634,LOCAL_BEST,1,123,0,61766,32776,172,573,0,174.5201,0.0000,0,0,0,0,0,0
n012w8-0,n012w8,0,5,500000,100.0,adaptive,2026-07-04T12:11:50+01:00,8,1,98,40479,82,32.678642,2020,2025,2020,5,0.2469,LOCAL_BEST,0,123,7587,68052,19734,173,216,-27,231.4815,0.0000,0,0,0,0,0,0
n012w8-0,n012w8,0,5,500000,100.0,adaptive,2026-07-04T12:11:50+01:00,8,1,98,40480,82,32.677739,2005,2020,2005,15,0.7426,LOCAL_BEST,0,123,7587,68053,19734,174,1,0,150000.0000,0.0000,0,0,0,0,0,0
n012w8-0,n012w8,0,5,500000,100.0,adaptive,2026-07-04T12:11:50+01:00,8,1,98,40486,82,32.672322,1985,2005,1985,20,0.9975,LOCAL_BEST,0,123,7587,68058,19739,175,6,0,33333.3333,0.0000,0,0,0,0,0,0
n012w8-0,n012w8,0,5,500000,100.0,adaptive,2026-07-04T12:11:50+01:00,8,1,98,40573,82,32.593875,1965,1985,1965,20,1.0076,LOCAL_BEST,0,123,7594,68178,19802,176,87,0,2298.8506,0.0000,0,0,0,0,0,0
n012w8-0,n012w8,0,5,500000,100.0,adaptive,2026-07-04T12:11:50+01:00,8,5,98,41281,110,0.000000,1740,1765,1740,25,1.4164,LOCAL_BEST,1,123,0,63319,33607,177,708,28,353.1073,892.8571,0,0,0,0,0,0
n012w8-0,n012w8,0,5,500000,100.0,adaptive,2026-07-04T12:11:50+01:00,8,1,98,42464,85,30.934564,1955,1965,1955,10,0.5089,LOCAL_BEST,0,123,7791,71291,21075,178,1183,-25,84.5309,0.0000,0,0,0,0,0,0
n012w8-0,n012w8,0,5,500000,100.0,adaptive,2026-07-04T12:11:50+01:00,8,2,98,43971,70,0.000000,2035,2050,2035,15,0.7317,LOCAL_BEST,0,123,0,73278,23524,179,1507,-15,99.5355,0.0000,0,0,0,0,0,0
n012w8-0,n012w8,0,5,500000,100.0,adaptive,2026-07-04T12:11:50+01:00,8,2,98,44831,72,0.000000,2010,2035,2010,25,1.2285,LOCAL_BEST,0,123,0,74613,24150,180,860,2,290.6977,12500.0000,0,0,0,0,0,0
n012w8-0,n012w8,0,5,500000,100.0,adaptive,2026-07-04T12:11:50+01:00,8,5,98,46398,119,0.000000,1730,1740,1730,10,0.5747,LOCAL_BEST,1,123,0,71162,37968,181,1567,47,63.8162,212.7660,0,0,0,0,0,0
n012w8-0,n012w8,0,5,500000,100.0,adaptive,2026-07-04T12:11:50+01:00,8,1,98,46644,91,27.560304,1945,1955,1945,10,0.5115,LOCAL_BEST,0,123,8222,77946,23948,182,246,-28,406.5041,0.0000,0,0,0,0,0,0
n012w8-0,n012w8,0,5,500000,100.0,adaptive,2026-07-04T12:11:50+01:00,8,1,98,46858,92,27.397819,1935,1945,1935,10,0.5141,LOCAL_BEST,0,123,8237,78234,24096,183,214,1,467.2897,10000.0000,0,0,0,0,0,0
n012w8-0,n012w8,0,5,500000,100.0,adaptive,2026-07-04T12:11:50+01:00,8,1,98,47000,92,27.290532,1900,1935,1900,35,1.8088,LOCAL_BEST,0,123,8249,78436,24195,184,142,0,2464.7887,0.0000,0,0,0,0,0,0
n012w8-0,n012w8,0,5,500000,100.0,adaptive,2026-07-04T12:11:50+01:00,8,1,98,47199,92,27.140885,1875,1900,1875,25,1.3158,LOCAL_BEST,0,123,8259,78720,24351,185,199,0,1256.2814,0.0000,0,0,0,0,0,0
n012w8-0,n012w8,0,5,500000,100.0,adaptive,2026-07-04T12:11:50+01:00,8,2,98,47955,76,0.000000,2005,2010,2005,5,0.2488,LOCAL_BEST,0,123,0,79307,26443,186,756,-16,66.1376,0.0000,0,0,0,0,0,0
n012w8-0,n012w8,0,5,500000,100.0,adaptive,2026-07-04T12:11:50+01:00,8,2,98,48007,76,0.000000,1965,2005,1965,40,1.9950,LOCAL_BEST,0,123,0,79374,26474,187,52,0,7692.3077,0.0000,0,0,0,0,0,0
n012w8-0,n012w8,0,5,500000,100.0,adaptive,2026-07-04T12:11:50+01:00,8,3,98,48366,96,0.000000,2735,2750,2735,15,0.5455,LOCAL_BEST,0,123,18642,86461,1987,188,359,20,417.8273,750.0000,0,0,0,0,0,0
n012w8-0,n012w8,0,5,500000,100.0,adaptive,2026-07-04T12:11:50+01:00,8,4,98,48793,132,25.971438,1835,1925,1835,90,4.6753,LOCAL_BEST,1,123,8390,80086,25649,189,427,36,2107.7283,2500.0000,0,0,0,0,0,0
n012w8-0,n012w8,0,5,500000,100.0,adaptive,2026-07-04T12:11:50+01:00,8,4,98,48800,132,25.966415,1810,1835,1810,25,1.3624,LOCAL_BEST,1,123,8390,80093,25653,190,7,0,35714.2857,0.0000,0,0,0,0,0,0
n012w8-0,n012w8,0,5,500000,100.0,adaptive,2026-07-04T12:11:50+01:00,8,4,98,48817,132,25.954221,1795,1810,1795,15,0.8287,LOCAL_BEST,1,123,8390,80113,25669,191,17,0,8823.5294,0.0000,0,0,0,0,0,0
n012w8-0,n012w8,0,5,500000,100.0,adaptive,2026-07-04T12:11:50+01:00,8,2,98,50788,82,0.000000,1950,1965,1950,15,0.7634,LOCAL_BEST,0,123,0,83772,28580,192,1971,-50,76.1035,0.0000,0,0,0,0,0,0
n012w8-0,n012w8,0,5,500000,100.0,adaptive,2026-07-04T12:11:50+01:00,8,2,98,50792,82,0.000000,1930,1950,1930,20,1.0256,LOCAL_BEST,0,123,0,83777,28583,193,4,0,50000.0000,0.0000,0,0,0,0,0,0
n012w8-0,n012w8,0,5,500000,100.0,adaptive,2026-07-04T12:11:50+01:00,8,1,98,52204,100,23.635457,1870,1875,1870,5,0.2667,LOCAL_BEST,0,123,8659,86349,28104,194,1412,18,35.4108,277.7778,0,0,0,0,0,0
n012w8-0,n012w8,0,5,500000,100.0,adaptive,2026-07-04T12:11:50+01:00,8,1,98,53032,102,23.100852,1855,1870,1855,15,0.8021,LOCAL_BEST,0,123,8710,87553,28741,195,828,2,181.1594,7500.0000,0,0,0,0,0,0
n012w8-0,n012w8,0,5,500000,100.0,adaptive,2026-07-04T12:11:50+01:00,8,1,98,53034,102,23.099576,1840,1855,1840,15,0.8086,LOCAL_BEST,0,123,8710,87555,28742,196,2,0,75000.0000,0.0000,0,0,0,0,0,0
n012w8-0,n012w8,0,5,500000,100.0,adaptive,2026-07-04T12:11:50+01:00,8,1,98,53430,103,22.848200,1835,1840,1835,5,0.2717,LOCAL_BEST,0,123,8729,88165,29056,197,396,1,126.2626,5000.0000,0,0,0,0,0,0
n012w8-0,n012w8,0,5,500000,100.0,adaptive,2026-07-04T12:11:50+01:00,8,1,98,54189,104,22.374019,1830,1835,1830,5,0.2725,LOCAL_BEST,0,123,8778,89385,29646,198,759,1,65.8762,5000.0000,0,0,0,0,0,0
n012w8-0,n012w8,0,5,500000,100.0,adaptive,2026-07-04T12:11:50+01:00,8,1,98,54426,104,22.227980,1825,1830,1825,5,0.2732,LOCAL_BEST,0,123,8788,89750,29834,199,237,0,210.9705,0.0000,0,0,0,0,0,0
n012w8-0,n012w8,0,5,500000,100.0,adaptive,2026-07-04T12:11:50+01:00,8,7,98,54786,230,22.007971,1785,1795,1785,10,0.5571,LOCAL_BEST,2,123,8915,89711,29788,200,360,126,277.7778,79.3651,0,0,0,0,0,0
n012w8-0,n012w8,0,5,500000,100.0,adaptive,2026-07-04T12:11:50+01:00,8,7,98,54972,231,21.895154,1745,1785,1745,40,2.2409,LOCAL_BEST,2,123,8924,90027,29938,201,186,1,2150.5376,40000.0000,0,0,0,0,0,0
n012w8-0,n012w8,0,5,500000,100.0,adaptive,2026-07-04T12:11:50+01:00,8,2,98,55200,88,0.000000,1920,1930,1920,10,0.5181,LOCAL_BEST,0,123,0,90728,31887,202,228,-143,438.5965,0.0000,0,0,0,0,0,0
n012w8-0,n012w8,0,5,500000,100.0,adaptive,2026-07-04T12:11:50+01:00,8,7,98,55215,231,21.748635,1735,1745,1735,10,0.5731,LOCAL_BEST,2,123,8932,90431,30142,203,15,143,6666.6667,69.9301,0,0,0,0,0,0
n012w8-0,n012w8,0,5,500000,100.0,adaptive,2026-07-04T12:11:50+01:00,8,7,98,55327,231,21.681434,1725,1735,1725,10,0.5764,LOCAL_BEST,2,123,8942,90607,30228,204,112,0,892.8571,0.0000,0,0,0,0,0,0
n012w8-0,n012w8,0,5,500000,100.0,adaptive,2026-07-04T12:11:50+01:00,8,2,98,55485,88,0.000000,1915,1920,1915,5,0.2604,LOCAL_BEST,0,123,0,91160,32097,205,158,-143,316.4557,0.0000,0,0,0,0,0,0
n012w8-0,n012w8,0,5,500000,100.0,adaptive,2026-07-04T12:11:50+01:00,8,1,98,55889,106,21.347351,1815,1825,1815,10,0.5479,LOCAL_BEST,0,123,8870,91885,30970,206,404,18,247.5248,555.5556,0,0,0,0,0,0
n012w8-0,n012w8,0,5,500000,100.0,adaptive,2026-07-04T12:11:50+01:00,8,2,98,56005,89,0.000000,1905,1915,1905,10,0.5222,LOCAL_BEST,0,123,0,91943,32483,207,116,-17,862.0690,0.0000,0,0,0,0,0,0
n012w8-0,n012w8,0,5,500000,100.0,adaptive,2026-07-04T12:11:50+01:00,8,5,98,56395,136,0.000000,1720,1730,1720,10,0.5780,LOCAL_BEST,1,123,0,85976,46764,208,390,47,256.4103,212.7660,0,0,0,0,0,0
n012w8-0,n012w8,0,5,500000,100.0,adaptive,2026-07-04T12:11:50+01:00,8,1,98,56750,108,20.845485,1810,1815,1810,5,0.2755,LOCAL_BEST,0,123,8919,93170,31642,209,355,-28,140.8451,0.0000,0,0,0,0,0,0
n012w8-0,n012w8,0,5,500000,100.0,adaptive,2026-07-04T12:11:50+01:00,8,1,98,56768,108,20.835120,1800,1810,1800,10,0.5525,LOCAL_BEST,0,123,8919,93196,31657,210,18,0,5555.5556,0.0000,0,0,0,0,0,0
n012w8-0,n012w8,0,5,500000,100.0,adaptive,2026-07-04T12:11:50+01:00,8,2,98,56798,91,0.000000,1900,1905,1900,5,0.2625,LOCAL_BEST,0,123,0,93174,33096,211,30,-17,1666.6667,0.0000,0,0,0,0,0,0
n012w8-0,n012w8,0,5,500000,100.0,adaptive,2026-07-04T12:11:50+01:00,8,2,98,56805,91,0.000000,1885,1900,1885,15,0.7895,LOCAL_BEST,0,123,0,93189,33101,212,7,0,21428.5714,0.0000,0,0,0,0,0,0
n012w8-0,n012w8,0,5,500000,100.0,adaptive,2026-07-04T12:11:50+01:00,8,5,98,58655,141,0.000000,1695,1720,1695,25,1.4535,GLOBAL_BEST,1,123,0,89382,48754,213,1850,50,135.1351,500.0000,0,0,0,0,0,0
n012w8-0,n012w8,0,5,500000,100.0,adaptive,2026-07-04T12:11:50+01:00,8,2,98,58914,93,0.000000,1880,1885,1880,5,0.2653,LOCAL_BEST,0,123,0,96554,34748,214,259,-48,193.0502,0.0000,0,0,0,0,0,0
n012w8-0,n012w8,0,5,500000,100.0,adaptive,2026-07-04T12:11:50+01:00,8,2,98,61071,97,0.000000,1865,1880,1865,15,0.7979,LOCAL_BEST,0,123,0,99736,36396,215,2157,4,69.5410,3750.0000,0,0,0,0,0,0
n012w8-0,n012w8,0,5,500000,100.0,adaptive,2026-07-04T12:11:50+01:00,8,2,98,61086,97,0.000000,1820,1865,1820,45,2.4129,LOCAL_BEST,0,123,0,99752,36404,216,15,0,30000.0000,0.0000,0,0,0,0,0,0
n012w8-0,n012w8,0,5,500000,100.0,adaptive,2026-07-04T12:11:50+01:00,8,7,98,62942,251,17.567421,1720,1725,1720,5,0.2899,LOCAL_BEST,2,123,9310,102457,36371,217,1856,154,26.9397,32.4675,0,0,0,0,0,0
n012w8-0,n012w8,0,5,500000,100.0,adaptive,2026-07-04T12:11:50+01:00,8,7,98,62947,251,17.564994,1705,1720,1705,15,0.8721,LOCAL_BEST,2,123,9310,102464,36375,218,5,0,30000.0000,0.0000,0,0,0,0,0,0
n012w8-0,n012w8,0,5,500000,100.0,adaptive,2026-07-04T12:11:50+01:00,8,7,98,62985,251,17.546561,1695,1705,1695,10,0.5865,LOCAL_BEST,2,123,9311,102501,36410,219,38,0,2631.5789,0.0000,0,0,0,0,0,0
n012w8-0,n012w8,0,5,500000,100.0,adaptive,2026-07-04T12:11:50+01:00,8,5,98,63385,152,0.000000,1690,1695,1690,5,0.2950,LOCAL_BEST,1,123,0,96167,52792,220,400,-99,125.0000,0.0000,0,0,0,0,0,0
n012w8-0,n012w8,0,5,500000,100.0,adaptive,2026-07-04T12:11:50+01:00,8,4,98,64177,170,16.978057,1785,1795,1785,10,0.5571,LOCAL_BEST,1,123,9332,104031,37619,221,792,18,126.2626,555.5556,0,0,0,0,0,0
n012w8-0,n012w8,0,5,500000,100.0,adaptive,2026-07-04T12:11:50+01:00,8,4,98,64216,170,16.959772,1775,1785,1775,10,0.5602,LOCAL_BEST,1,123,9333,104085,37655,222,39,0,2564.1026,0.0000,0,0,0,0,0,0
n012w8-0,n012w8,0,5,500000,100.0,adaptive,2026-07-04T12:11:50+01:00,8,4,98,64438,171,16.856057,1765,1775,1765,10,0.5634,LOCAL_BEST,1,123,9343,104410,37838,223,222,1,450.4505,10000.0000,0,0,0,0,0,0
n012w8-0,n012w8,0,5,500000,100.0,adaptive,2026-07-04T12:11:50+01:00,8,4,98,64447,171,16.851866,1740,1765,1740,25,1.4164,LOCAL_BEST,1,123,9343,104418,37845,224,9,0,27777.7778,0.0000,0,0,0,0,0,0
n012w8-0,n012w8,0,5,500000,100.0,adaptive,2026-07-04T12:11:50+01:00,8,4,98,65451,173,16.390794,1735,1740,1735,5,0.2874,LOCAL_BEST,1,123,9379,105982,38690,225,1004,2,49.8008,2500.0000,0,0,0,0,0,0
n012w8-0,n012w8,0,5,500000,100.0,adaptive,2026-07-04T12:11:50+01:00,8,4,98,65640,174,16.305420,1720,1735,1720,15,0.8646,LOCAL_BEST,1,123,9384,106252,38859,226,189,1,793.6508,15000.0000,0,0,0,0,0,0
n012w8-0,n012w8,0,5,500000,100.0,adaptive,2026-07-04T12:11:50+01:00,8,4,98,65817,174,16.225870,1705,1720,1705,15,0.8721,LOCAL_BEST,1,123,9391,106509,39007,227,177,0,847.4576,0.0000,0,0,0,0,0,0
n012w8-0,n012w8,0,5,500000,100.0,adaptive,2026-07-04T12:11:50+01:00,8,1,98,65959,121,16.162331,1790,1800,1790,10,0.5556,LOCAL_BEST,0,123,9400,107286,39022,228,142,-53,704.2254,0.0000,0,0,0,0,0,0
n012w8-0,n012w8,0,5,500000,100.0,adaptive,2026-07-04T12:11:50+01:00,8,1,98,66016,121,16.136896,1775,1790,1775,15,0.8380,LOCAL_BEST,0,123,9400,107359,39069,229,57,0,2631.5789,0.0000,0,0,0,0,0,0
n012w8-0,n012w8,0,5,500000,100.0,adaptive,2026-07-04T12:11:50+01:00,8,7,98,66057,258,16.118625,1680,1695,1680,15,0.8850,LOCAL_BEST,2,123,9423,107302,38985,230,41,137,3658.5366,109.4891,0,0,0,0,0,0
n012w8-0,n012w8,0,5,500000,100.0,adaptive,2026-07-04T12:11:50+01:00,8,1,98,66126,121,16.087924,1750,1775,1750,25,1.4085,LOCAL_BEST,0,123,9401,107540,39166,231,69,-137,3623.1884,0.0000,0,0,0,0,0,0
n012w8-0,n012w8,0,5,500000,100.0,adaptive,2026-07-04T12:11:50+01:00,8,3,98,67605,129,0.000000,2640,2735,2640,95,3.4735,LOCAL_BEST,0,123,25978,121268,2782,232,1479,8,642.3259,11875.0000,0,0,0,0,0,0
n012w8-0,n012w8,0,5,500000,100.0,adaptive,2026-07-04T12:11:50+01:00,8,2,98,68282,108,0.000000,1815,1820,1815,5,0.2747,LOCAL_BEST,0,123,0,110705,42218,233,677,-21,73.8552,0.0000,0,0,0,0,0,0
n012w8-0,n012w8,0,5,500000,100.0,adaptive,2026-07-04T12:11:50+01:00,8,2,98,69457,109,0.000000,1810,1815,1810,5,0.2755,LOCAL_BEST,0,123,0,112398,43148,234,1175,1,42.5532,5000.0000,0,0,0,0,0,0
n012w8-0,n012w8,0,5,500000,100.0,adaptive,2026-07-04T12:11:50+01:00,8,2,98,70516,111,0.000000,1805,1810,1805,5,0.2762,LOCAL_BEST,0,123,0,114001,44013,235,1059,2,47.2144,2500.0000,0,0,0,0,0,0
n012w8-0,n012w8,0,5,500000,100.0,adaptive,2026-07-04T12:11:50+01:00,8,1,98,71290,129,13.948644,1735,1750,1735,15,0.8571,LOCAL_BEST,0,123,9613,115663,43443,236,774,18,193.7984,833.3333,0,0,0,0,0,0
n012w8-0,n012w8,0,5,500000,100.0,adaptive,2026-07-04T12:11:50+01:00,8,5,98,72106,167,0.000000,1670,1690,1670,20,1.1834,LOCAL_BEST,1,123,0,109049,60533,237,816,38,245.0980,526.3158,0,0,0,0,0,0
n012w8-0,n012w8,0,5,500000,100.0,adaptive,2026-07-04T12:11:50+01:00,8,2,98,72442,116,0.000000,1790,1805,1790,15,0.8310,LOCAL_BEST,0,123,0,116724,45623,238,336,-51,446.4286,0.0000,0,0,0,0,0,0
n012w8-0,n012w8,0,5,500000,100.0,adaptive,2026-07-04T12:11:50+01:00,8,1,98,72551,131,13.471005,1725,1735,1725,10,0.5764,GLOBAL_BEST,0,123,9646,117577,44513,239,109,15,917.4312,666.6667,0,0,0,0,0,0
n012w8-0,n012w8,0,5,500000,100.0,adaptive,2026-07-04T12:11:50+01:00,8,2,98,73671,119,0.000000,1785,1790,1785,5,0.2793,LOCAL_BEST,0,123,0,118545,46623,240,1120,-12,44.6429,0.0000,0,0,0,0,0,0
n012w8-0,n012w8,0,5,500000,100.0,adaptive,2026-07-04T12:11:50+01:00,8,2,98,73676,119,0.000000,1770,1785,1770,15,0.8403,LOCAL_BEST,0,123,0,118561,46627,241,5,0,30000.0000,0.0000,0,0,0,0,0,0
n012w8-0,n012w8,0,5,500000,100.0,adaptive,2026-07-04T12:11:50+01:00,8,1,98,73706,134,13.047881,1715,1725,1715,10,0.5797,LOCAL_BEST,0,123,9682,119265,45466,242,30,15,3333.3333,666.6667,0,0,0,0,0,0
n012w8-0,n012w8,0,5,500000,100.0,adaptive,2026-07-04T12:11:50+01:00,8,2,98,74354,120,0.000000,1765,1770,1765,5,0.2825,LOCAL_BEST,0,123,0,119595,47175,243,648,-14,77.1605,0.0000,0,0,0,0,0,0
n012w8-0,n012w8,0,5,500000,100.0,adaptive,2026-07-04T12:11:50+01:00,8,4,98,76384,198,12.117248,1695,1705,1695,10,0.5865,LOCAL_BEST,1,123,9723,122479,48022,244,2030,78,49.2611,128.2051,0,0,0,0,0,0
n012w8-0,n012w8,0,5,500000,100.0,adaptive,2026-07-04T12:11:50+01:00,8,5,98,76723,174,0.000000,1665,1670,1665,5,0.2994,GLOBAL_BEST,1,123,0,115451,64573,245,339,-24,147.4926,0.0000,0,0,0,0,0,0
n012w8-0,n012w8,0,5,500000,100.0,adaptive,2026-07-04T12:11:50+01:00,8,2,98,76742,126,0.000000,1755,1765,1755,10,0.5666,LOCAL_BEST,0,123,0,123251,49164,246,19,-48,5263.1579,0.0000,0,0,0,0,0,0
n012w8-0,n012w8,0,5,500000,100.0,adaptive,2026-07-04T12:11:50+01:00,8,5,98,76986,174,0.000000,1645,1665,1645,20,1.2012,GLOBAL_BEST,1,123,0,115793,64799,247,244,48,819.6721,416.6667,0,0,0,0,0,0
n012w8-0,n012w8,0,5,500000,100.0,adaptive,2026-07-04T12:11:50+01:00,8,10,98,79200,294,11.210165,1705,1725,1705,20,1.1594,LOCAL_BEST,4,123,9765,126831,50411,248,2214,120,90.3342,166.6667,0,0,0,0,0,0
n012w8-0,n012w8,0,5,500000,100.0,adaptive,2026-07-04T12:11:50+01:00,8,2,98,81370,137,0.000000,1750,1755,1750,5,0.2849,LOCAL_BEST,0,123,0,129975,53139,249,2170,-157,23.0415,0.0000,0,0,0,0,0,0
n012w8-0,n012w8,0,5,500000,100.0,adaptive,2026-07-04T12:11:50+01:00,8,4,98,81466,211,10.529797,1680,1695,1680,15,0.8850,LOCAL_BEST,1,123,9817,129855,52559,250,96,74,1562.5000,202.7027,0,0,0,0,0,0
n012w8-0,n012w8,0,5,500000,100.0,adaptive,2026-07-04T12:11:50+01:00,8,2,98,81624,137,0.000000,1740,1750,1740,10,0.5714,LOCAL_BEST,0,123,0,130324,53358,251,158,-74,632.9114,0.0000,0,0,0,0,0,0
n012w8-0,n012w8,0,5,500000,100.0,adaptive,2026-07-04T12:11:50+01:00,8,1,98,82220,155,10.312691,1710,1715,1710,5,0.2915,LOCAL_BEST,0,123,9915,132302,52743,252,596,18,83.8926,277.7778,0,0,0,0,0,0
n012w8-0,n012w8,0,5,500000,100.0,adaptive,2026-07-04T12:11:50+01:00,8,2,98,82584,139,0.000000,1715,1740,1715,25,1.4368,LOCAL_BEST,0,123,0,131670,54179,253,364,-16,686.8132,0.0000,0,0,0,0,0,0
n012w8-0,n012w8,0,5,500000,100.0,adaptive,2026-07-04T12:11:50+01:00,8,4,98,83338,215,9.998987,1675,1680,1675,5,0.2976,LOCAL_BEST,1,123,9840,132538,54238,254,754,76,66.3130,65.7895,0,0,0,0,0,0
n012w8-0,n012w8,0,5,500000,100.0,adaptive,2026-07-04T12:11:50+01:00,8,4,98,84860,218,9.587205,1665,1675,1665,10,0.5970,LOCAL_BEST,1,123,9850,134689,55620,255,1522,3,65.7030,3333.3333,0,0,0,0,0,0
n012w8-0,n012w8,0,5,500000,100.0,adaptive,2026-07-04T12:11:50+01:00,8,5,98,86428,194,0.000000,1625,1645,1625,20,1.2158,GLOBAL_BEST,1,123,0,129895,73315,256,1568,-24,127.5510,0.0000,0,0,0,0,0,0
n012w8-0,n012w8,0,5,500000,100.0,adaptive,2026-07-04T12:11:50+01:00,8,2,98,95210,164,0.000000,1710,1715,1710,5,0.2915,LOCAL_BEST,0,123,0,149656,65238,257,8782,-30,5.6935,0.0000,0,0,0,0,0,0
n012w8-0,n012w8,0,5,500000,100.0,adaptive,2026-07-04T12:11:50+01:00,8,2,98,95508,164,0.000000,1695,1710,1695,15,0.8772,LOCAL_BEST,0,123,0,150134,65512,258,298,0,503.3557,0.0000,0,0,0,0,0,0
n012w8-0,n012w8,0,5,500000,100.0,adaptive,2026-07-04T12:11:50+01:00,8,2,98,96139,166,0.000000,1685,1695,1685,10,0.5900,LOCAL_BEST,0,123,0,151088,66040,259,631,2,158.4786,5000.0000,0,0,0,0,0,0
n012w8-0,n012w8,0,5,500000,100.0,adaptive,2026-07-04T12:11:50+01:00,8,2,98,97821,170,0.000000,1680,1685,1680,5,0.2967,LOCAL_BEST,0,123,0,153672,67503,260,1682,4,29.7265,1250.0000,0,0,0,0,0,0
n012w8-0,n012w8,0,5,500000,100.0,adaptive,2026-07-04T12:11:50+01:00,8,7,98,101582,340,6.039876,1675,1680,1675,5,0.2976,LOCAL_BEST,2,123,10066,162006,70357,261,3761,170,13.2943,29.4118,0,0,0,0,0,0
n012w8-0,n012w8,0,5,500000,100.0,adaptive,2026-07-04T12:11:50+01:00,8,2,98,101964,178,0.000000,1670,1680,1670,10,0.5952,LOCAL_BEST,0,123,0,159615,71166,262,382,-162,261.7801,0.0000,0,0,0,0,0,0
n012w8-0,n012w8,0,5,500000,100.0,adaptive,2026-07-04T12:11:50+01:00,8,7,98,104093,346,5.635027,1660,1675,1660,15,0.8955,LOCAL_BEST,2,123,10078,166182,72665,263,2129,168,70.4556,89.2857,0,0,0,0,0,0
n012w8-0,n012w8,0,5,500000,100.0,adaptive,2026-07-04T12:11:50+01:00,8,2,98,116924,202,0.000000,1660,1670,1660,10,0.5988,LOCAL_BEST,0,123,0,180606,84650,264,12831,-144,7.7936,0.0000,0,0,0,0,0,0
n012w8-0,n012w8,0,5,500000,100.0,adaptive,2026-07-04T12:11:50+01:00,8,7,98,129625,404,2.782992,1650,1660,1650,10,0.6024,LOCAL_BEST,2,123,10114,206086,96161,265,12701,202,7.8734,49.5050,0,0,0,0,0,0
n012w8-0,n012w8,0,5,500000,100.0,adaptive,2026-07-04T12:11:50+01:00,8,1,98,132220,260,2.590359,1710,1710,1710,0,0.0000,REHEAT,0,123,10243,209627,98069,266,2595,-144,0.0000,0.0000,0,0,0,0,0,0
n012w8-0,n012w8,0,5,500000,100.0,adaptive,2026-07-04T12:11:50+01:00,8,7,98,140170,425,2.079563,1645,1650,1645,5,0.3030,LOCAL_BEST,2,123,10118,222218,105983,267,7950,165,6.2893,30.3030,0,0,0,0,0,0
n012w8-0,n012w8,0,5,500000,100.0,adaptive,2026-07-04T12:11:50+01:00,8,3,98,165164,362,0.000000,2615,2640,2615,25,0.9470,LOCAL_BEST,0,123,63731,297256,6691,268,24994,-63,10.0024,0.0000,0,0,0,0,0,0
n012w8-0,n012w8,0,5,500000,100.0,adaptive,2026-07-04T12:11:50+01:00,8,1,98,182220,384,25.118864,2030,1710,1710,0,0.0000,REHEAT,0,123,18786,292019,124443,269,17056,22,0.0000,0.0000,0,0,0,0,0,0
n012w8-0,n012w8,0,5,500000,100.0,adaptive,2026-07-04T12:11:50+01:00,8,1,98,232220,511,25.118864,2300,1710,1710,0,0.0000,REHEAT,0,123,27200,373680,151270,270,50000,127,0.0000,0.0000,0,0,0,0,0,0
n012w8-0,n012w8,0,5,500000,100.0,adaptive,2026-07-04T12:11:50+01:00,8,1,98,282220,637,25.118864,2020,1710,1710,0,0.0000,REHEAT,0,123,35710,455955,177611,271,50000,126,0.0000,0.0000,0,0,0,0,0,0
n012w8-0,n012w8,0,5,500000,100.0,adaptive,2026-07-04T12:11:50+01:00,8,1,98,332220,764,25.118864,2220,1710,1710,0,0.0000,REHEAT,0,123,44037,539419,204348,272,50000,127,0.0000,0.0000,0,0,0,0,0,0
n012w8-0,n012w8,0,5,500000,100.0,adaptive,2026-07-04T12:11:50+01:00,8,1,98,382220,888,25.118864,2285,1710,1710,0,0.0000,REHEAT,0,123,52627,620797,230629,273,50000,124,0.0000,0.0000,0,0,0,0,0,0
n012w8-0,n012w8,0,5,500000,100.0,adaptive,2026-07-04T12:11:50+01:00,8,3,98,383979,889,0.000000,2575,2615,2575,40,1.5296,LOCAL_BEST,0,123,148321,692503,15485,274,1759,1,227.4019,40000.0000,0,0,0,0,0,0
n012w8-0,n012w8,0,5,500000,100.0,adaptive,2026-07-04T12:11:50+01:00,8,1,98,432220,996,25.118864,2025,1710,1710,0,0.0000,REHEAT,0,123,61101,703336,256882,275,48241,107,0.0000,0.0000,0,0,0,0,0,0
n012w8-0,n012w8,0,5,500000,100.0,adaptive,2026-07-04T12:11:50+01:00,8,1,98,482220,1108,25.118864,2210,1710,1710,0,0.0000,REHEAT,0,123,69706,785879,282864,276,50000,112,0.0000,0.0000,0,0,0,0,0,0
