run_id,instance,seed,beam_width,iterations,temperature,cooling_mode,timestamp,week,worker_id,beam_path,candidate,elapsed_ms,temperature_at_event,current_penalty,previous_best,new_best,improvement,improvement_percent,event_type,branch_depth,seed_used,accepted_worse_count,hard_reject_count,soft_reject_count,discovery_number,cands_since_previous,time_since_previous_ms,improvement_per_10k,improvement_per_second,post_reheat_improved,post_reheat_best_delta,post_reheat_candidates_to_improve,post_reheat_spawned_branch,post_reheat_beat_global,post_reheat_on_winning_lineage
n012w8-0,n012w8,0,12,1500000,100.0,adaptive,2026-07-04T11:37:08+01:00,1,2,2,1,1,0.000000,3650,3800,3650,150,3.9474,GLOBAL_BEST,0,101,0,7,0,1,1,1,1500000.0000,150000.0000,0,0,0,0,0,0
n012w8-0,n012w8,0,12,1500000,100.0,adaptive,2026-07-04T11:37:08+01:00,1,1,2,2,1,99.999079,3765,3800,3765,35,0.9211,LOCAL_BEST,0,101,0,5,0,2,1,0,350000.0000,0.0000,0,0,0,0,0,0
n012w8-0,n012w8,0,12,1500000,100.0,adaptive,2026-07-04T11:37:08+01:00,1,2,2,2,1,0.000000,3335,3650,3335,315,8.6301,GLOBAL_BEST,0,101,0,10,0,3,0,0,0.0000,0.0000,0,0,0,0,0,0
n012w8-0,n012w8,0,12,1500000,100.0,adaptive,2026-07-04T11:37:08+01:00,1,5,2,2,43,0.000000,950,980,950,30,3.0612,GLOBAL_BEST,1,101,0,2,1,4,0,42,0.0000,714.2857,0,0,0,0,0,0
n012w8-0,n012w8,0,12,1500000,100.0,adaptive,2026-07-04T11:37:08+01:00,1,1,2,3,1,99.998158,3525,3765,3525,240,6.3745,LOCAL_BEST,0,101,0,6,0,5,1,-42,2400000.0000,0.0000,0,0,0,0,0,0
n012w8-0,n012w8,0,12,1500000,100.0,adaptive,2026-07-04T11:37:08+01:00,1,2,2,3,1,0.000000,3275,3335,3275,60,1.7991,GLOBAL_BEST,0,101,0,10,0,6,0,0,0.0000,0.0000,0,0,0,0,0,0
n012w8-0,n012w8,0,12,1500000,100.0,adaptive,2026-07-04T11:37:08+01:00,1,1,2,4,1,99.997237,3375,3525,3375,150,4.2553,LOCAL_BEST,0,101,0,20,0,7,1,0,1500000.0000,0.0000,0,0,0,0,0,0
n012w8-0,n012w8,0,12,1500000,100.0,adaptive,2026-07-04T11:37:08+01:00,1,2,2,4,1,0.000000,3005,3275,3005,270,8.2443,GLOBAL_BEST,0,101,0,16,0,8,0,0,0.0000,0.0000,0,0,0,0,0,0
n012w8-0,n012w8,0,12,1500000,100.0,adaptive,2026-07-04T11:37:08+01:00,1,1,2,5,1,99.996316,3225,3375,3225,150,4.4444,LOCAL_BEST,0,101,0,20,0,9,1,0,1500000.0000,0.0000,0,0,0,0,0,0
n012w8-0,n012w8,0,12,1500000,100.0,adaptive,2026-07-04T11:37:08+01:00,1,2,2,5,1,0.000000,2735,3005,2735,270,8.9850,GLOBAL_BEST,0,101,0,20,0,10,0,0,0.0000,0.0000,0,0,0,0,0,0
n012w8-0,n012w8,0,12,1500000,100.0,adaptive,2026-07-04T11:37:08+01:00,1,2,2,6,1,0.000000,2720,2735,2720,15,0.5484,GLOBAL_BEST,0,101,0,22,0,11,1,0,150000.0000,0.0000,0,0,0,0,0,0
n012w8-0,n012w8,0,12,1500000,100.0,adaptive,2026-07-04T11:37:08+01:00,1,1,2,7,1,99.994474,3180,3225,3180,45,1.3953,LOCAL_BEST,0,101,0,32,0,12,1,0,450000.0000,0.0000,0,0,0,0,0,0
n012w8-0,n012w8,0,12,1500000,100.0,adaptive,2026-07-04T11:37:08+01:00,1,2,2,7,1,0.000000,2600,2720,2600,120,4.4118,GLOBAL_BEST,0,101,0,23,0,13,0,0,0.0000,0.0000,0,0,0,0,0,0
n012w8-0,n012w8,0,12,1500000,100.0,adaptive,2026-07-04T11:37:08+01:00,1,1,2,8,1,99.993553,2960,3180,2960,220,6.9182,LOCAL_BEST,0,101,0,32,0,14,1,0,2200000.0000,0.0000,0,0,0,0,0,0
n012w8-0,n012w8,0,12,1500000,100.0,adaptive,2026-07-04T11:37:08+01:00,1,2,2,8,1,0.000000,2540,2600,2540,60,2.3077,GLOBAL_BEST,0,101,0,25,0,15,0,0,0.0000,0.0000,0,0,0,0,0,0
n012w8-0,n012w8,0,12,1500000,100.0,adaptive,2026-07-04T11:37:08+01:00,1,3,2,8,1,0.000000,3575,3800,3575,225,5.9211,LOCAL_BEST,0,101,2,17,0,16,0,0,0.0000,0.0000,0,0,0,0,0,0
n012w8-0,n012w8,0,12,1500000,100.0,adaptive,2026-07-04T11:37:08+01:00,1,1,2,9,1,99.992632,2945,2960,2945,15,0.5068,LOCAL_BEST,0,101,0,33,0,17,1,0,150000.0000,0.0000,0,0,0,0,0,0
n012w8-0,n012w8,0,12,1500000,100.0,adaptive,2026-07-04T11:37:08+01:00,1,3,2,9,1,0.000000,3530,3575,3530,45,1.2587,LOCAL_BEST,0,101,2,21,0,18,0,0,0.0000,0.0000,0,0,0,0,0,0
n012w8-0,n012w8,0,12,1500000,100.0,adaptive,2026-07-04T11:37:08+01:00,1,1,2,11,1,99.990790,2885,2945,2885,60,2.0374,LOCAL_BEST,0,101,0,35,1,19,2,0,300000.0000,0.0000,0,0,0,0,0,0
n012w8-0,n012w8,0,12,1500000,100.0,adaptive,2026-07-04T11:37:08+01:00,1,1,2,12,1,99.989869,2675,2885,2675,210,7.2790,LOCAL_BEST,0,101,0,36,1,20,1,0,2100000.0000,0.0000,0,0,0,0,0,0
n012w8-0,n012w8,0,12,1500000,100.0,adaptive,2026-07-04T11:37:08+01:00,1,3,2,12,1,0.000000,3275,3530,3275,255,7.2238,LOCAL_BEST,0,101,2,24,0,21,0,0,0.0000,0.0000,0,0,0,0,0,0
n012w8-0,n012w8,0,12,1500000,100.0,adaptive,2026-07-04T11:37:08+01:00,1,3,2,13,1,0.000000,3245,3275,3245,30,0.9160,LOCAL_BEST,0,101,2,27,0,22,1,0,300000.0000,0.0000,0,0,0,0,0,0
n012w8-0,n012w8,0,12,1500000,100.0,adaptive,2026-07-04T11:37:08+01:00,1,1,2,15,1,99.987106,2630,2675,2630,45,1.6822,LOCAL_BEST,0,101,1,37,2,23,2,0,225000.0000,0.0000,0,0,0,0,0,0
n012w8-0,n012w8,0,12,1500000,100.0,adaptive,2026-07-04T11:37:08+01:00,1,3,2,15,1,0.000000,3185,3245,3185,60,1.8490,LOCAL_BEST,0,101,2,28,0,24,0,0,0.0000,0.0000,0,0,0,0,0,0
n012w8-0,n012w8,0,12,1500000,100.0,adaptive,2026-07-04T11:37:08+01:00,1,3,2,16,1,0.000000,3090,3185,3090,95,2.9827,LOCAL_BEST,0,101,2,33,0,25,1,0,950000.0000,0.0000,0,0,0,0,0,0
n012w8-0,n012w8,0,12,1500000,100.0,adaptive,2026-07-04T11:37:08+01:00,1,2,2,17,1,0.000000,2530,2540,2530,10,0.3937,GLOBAL_BEST,0,101,0,37,0,26,1,0,100000.0000,0.0000,0,0,0,0,0,0
n012w8-0,n012w8,0,12,1500000,100.0,adaptive,2026-07-04T11:37:08+01:00,1,2,2,18,1,0.000000,2480,2530,2480,50,1.9763,GLOBAL_BEST,0,101,0,37,0,27,1,0,500000.0000,0.0000,0,0,0,0,0,0
n012w8-0,n012w8,0,12,1500000,100.0,adaptive,2026-07-04T11:37:08+01:00,1,8,2,18,89,0.000000,505,520,505,15,2.8846,GLOBAL_BEST,3,101,0,15,15,28,0,88,0.0000,170.4545,0,0,0,0,0,0
n012w8-0,n012w8,0,12,1500000,100.0,adaptive,2026-07-04T11:37:08+01:00,1,1,2,19,1,99.983423,2600,2630,2600,30,1.1407,LOCAL_BEST,0,101,1,60,5,29,1,-88,300000.0000,0.0000,0,0,0,0,0,0
n012w8-0,n012w8,0,12,1500000,100.0,adaptive,2026-07-04T11:37:08+01:00,1,2,2,20,1,0.000000,2320,2480,2320,160,6.4516,GLOBAL_BEST,0,101,0,37,0,30,1,0,1600000.0000,0.0000,0,0,0,0,0,0
n012w8-0,n012w8,0,12,1500000,100.0,adaptive,2026-07-04T11:37:08+01:00,1,2,2,21,1,0.000000,2305,2320,2305,15,0.6466,GLOBAL_BEST,0,101,0,40,0,31,1,0,150000.0000,0.0000,0,0,0,0,0,0
n012w8-0,n012w8,0,12,1500000,100.0,adaptive,2026-07-04T11:37:08+01:00,1,1,2,22,1,99.980660,2580,2600,2580,20,0.7692,LOCAL_BEST,0,101,2,64,5,32,1,0,200000.0000,0.0000,0,0,0,0,0,0
n012w8-0,n012w8,0,12,1500000,100.0,adaptive,2026-07-04T11:37:08+01:00,1,1,2,23,1,99.979739,2430,2580,2430,150,5.8140,LOCAL_BEST,0,101,2,64,5,33,1,0,1500000.0000,0.0000,0,0,0,0,0,0
n012w8-0,n012w8,0,12,1500000,100.0,adaptive,2026-07-04T11:37:08+01:00,1,1,2,25,1,99.977898,2265,2430,2265,165,6.7901,LOCAL_BEST,0,101,2,66,6,34,2,0,825000.0000,0.0000,0,0,0,0,0,0
n012w8-0,n012w8,0,12,1500000,100.0,adaptive,2026-07-04T11:37:08+01:00,1,3,2,25,1,0.000000,3065,3090,3065,25,0.8091,LOCAL_BEST,0,101,5,52,0,35,0,0,0.0000,0.0000,0,0,0,0,0,0
n012w8-0,n012w8,0,12,1500000,100.0,adaptive,2026-07-04T11:37:08+01:00,1,3,2,27,1,0.000000,2885,3065,2885,180,5.8728,LOCAL_BEST,0,101,5,64,0,36,2,0,900000.0000,0.0000,0,0,0,0,0,0
n012w8-0,n012w8,0,12,1500000,100.0,adaptive,2026-07-04T11:37:08+01:00,1,1,2,28,1,99.975135,2235,2265,2235,30,1.3245,LOCAL_BEST,0,101,2,77,7,37,1,0,300000.0000,0.0000,0,0,0,0,0,0
n012w8-0,n012w8,0,12,1500000,100.0,adaptive,2026-07-04T11:37:08+01:00,1,3,2,28,1,0.000000,2795,2885,2795,90,3.1196,LOCAL_BEST,0,101,5,65,0,38,0,0,0.0000,0.0000,0,0,0,0,0,0
n012w8-0,n012w8,0,12,1500000,100.0,adaptive,2026-07-04T11:37:08+01:00,1,2,2,30,1,0.000000,2275,2305,2275,30,1.3015,GLOBAL_BEST,0,101,0,54,0,39,2,0,150000.0000,0.0000,0,0,0,0,0,0
n012w8-0,n012w8,0,12,1500000,100.0,adaptive,2026-07-04T11:37:08+01:00,1,2,2,31,1,0.000000,2125,2275,2125,150,6.5934,GLOBAL_BEST,0,101,0,58,0,40,1,0,1500000.0000,0.0000,0,0,0,0,0,0
n012w8-0,n012w8,0,12,1500000,100.0,adaptive,2026-07-04T11:37:08+01:00,1,2,2,32,1,0.000000,2065,2125,2065,60,2.8235,GLOBAL_BEST,0,101,0,58,0,41,1,0,600000.0000,0.0000,0,0,0,0,0,0
n012w8-0,n012w8,0,12,1500000,100.0,adaptive,2026-07-04T11:37:08+01:00,1,2,2,33,1,0.000000,2035,2065,2035,30,1.4528,GLOBAL_BEST,0,101,0,60,0,42,1,0,300000.0000,0.0000,0,0,0,0,0,0
n012w8-0,n012w8,0,12,1500000,100.0,adaptive,2026-07-04T11:37:08+01:00,1,2,2,34,1,0.000000,1825,2035,1825,210,10.3194,GLOBAL_BEST,0,101,0,62,0,43,1,0,2100000.0000,0.0000,0,0,0,0,0,0
n012w8-0,n012w8,0,12,1500000,100.0,adaptive,2026-07-04T11:37:08+01:00,1,3,2,35,1,0.000000,2490,2795,2490,305,10.9123,LOCAL_BEST,0,101,8,81,0,44,1,0,3050000.0000,0.0000,0,0,0,0,0,0
n012w8-0,n012w8,0,12,1500000,100.0,adaptive,2026-07-04T11:37:08+01:00,1,2,2,39,1,0.000000,1805,1825,1805,20,1.0959,GLOBAL_BEST,0,101,0,76,0,45,4,0,50000.0000,0.0000,0,0,0,0,0,0
n012w8-0,n012w8,0,12,1500000,100.0,adaptive,2026-07-04T11:37:08+01:00,1,3,2,39,1,0.000000,2310,2490,2310,180,7.2289,LOCAL_BEST,0,101,8,96,0,46,0,0,0.0000,0.0000,0,0,0,0,0,0
n012w8-0,n012w8,0,12,1500000,100.0,adaptive,2026-07-04T11:37:08+01:00,1,2,2,40,1,0.000000,1790,1805,1790,15,0.8310,GLOBAL_BEST,0,101,0,77,0,47,1,0,150000.0000,0.0000,0,0,0,0,0,0
n012w8-0,n012w8,0,12,1500000,100.0,adaptive,2026-07-04T11:37:08+01:00,1,3,2,40,1,0.000000,2240,2310,2240,70,3.0303,LOCAL_BEST,0,101,8,96,0,48,0,0,0.0000,0.0000,0,0,0,0,0,0
n012w8-0,n012w8,0,12,1500000,100.0,adaptive,2026-07-04T11:37:08+01:00,1,3,2,43,1,0.000000,2210,2240,2210,30,1.3393,LOCAL_BEST,0,101,10,105,0,49,3,0,100000.0000,0.0000,0,0,0,0,0,0
n012w8-0,n012w8,0,12,1500000,100.0,adaptive,2026-07-04T11:37:08+01:00,1,3,2,63,1,0.000000,2075,2210,2075,135,6.1086,LOCAL_BEST,0,101,18,140,1,50,20,0,67500.0000,0.0000,0,0,0,0,0,0
n012w8-0,n012w8,0,12,1500000,100.0,adaptive,2026-07-04T11:37:08+01:00,1,3,2,65,1,0.000000,1960,2075,1960,115,5.5422,LOCAL_BEST,0,101,19,146,1,51,2,0,575000.0000,0.0000,0,0,0,0,0,0
n012w8-0,n012w8,0,12,1500000,100.0,adaptive,2026-07-04T11:37:08+01:00,1,3,2,67,1,0.000000,1900,1960,1900,60,3.0612,LOCAL_BEST,0,101,20,149,1,52,2,0,300000.0000,0.0000,0,0,0,0,0,0
n012w8-0,n012w8,0,12,1500000,100.0,adaptive,2026-07-04T11:37:08+01:00,1,5,2,79,43,0.000000,905,950,905,45,4.7368,GLOBAL_BEST,1,101,0,132,59,53,12,42,37500.0000,1071.4286,0,0,0,0,0,0
n012w8-0,n012w8,0,12,1500000,100.0,adaptive,2026-07-04T11:37:08+01:00,1,1,2,102,1,99.907019,2160,2235,2160,75,3.3557,LOCAL_BEST,0,101,19,244,30,54,23,-42,32608.6957,0.0000,0,0,0,0,0,0
n012w8-0,n012w8,0,12,1500000,100.0,adaptive,2026-07-04T11:37:08+01:00,1,1,2,105,1,99.904258,2145,2160,2145,15,0.6944,LOCAL_BEST,0,101,19,248,31,55,3,0,50000.0000,0.0000,0,0,0,0,0,0
n012w8-0,n012w8,0,12,1500000,100.0,adaptive,2026-07-04T11:37:08+01:00,1,1,2,112,1,99.897817,2140,2145,2140,5,0.2331,LOCAL_BEST,0,101,22,256,33,56,7,0,7142.8571,0.0000,0,0,0,0,0,0
n012w8-0,n012w8,0,12,1500000,100.0,adaptive,2026-07-04T11:37:08+01:00,1,1,2,113,1,99.896897,1975,2140,1975,165,7.7103,LOCAL_BEST,0,101,22,256,33,57,1,0,1650000.0000,0.0000,0,0,0,0,0,0
n012w8-0,n012w8,0,12,1500000,100.0,adaptive,2026-07-04T11:37:08+01:00,1,5,2,124,43,0.000000,885,905,885,20,2.2099,GLOBAL_BEST,1,101,0,198,89,58,11,42,18181.8182,476.1905,0,0,0,0,0,0
n012w8-0,n012w8,0,12,1500000,100.0,adaptive,2026-07-04T11:37:08+01:00,1,1,2,145,1,99.867459,1955,1975,1955,20,1.0127,LOCAL_BEST,0,101,32,301,39,59,21,-42,9523.8095,0.0000,0,0,0,0,0,0
n012w8-0,n012w8,0,12,1500000,100.0,adaptive,2026-07-04T11:37:08+01:00,1,1,2,312,1,99.713968,1880,1955,1880,75,3.8363,LOCAL_BEST,0,101,79,595,76,60,167,0,4491.0180,0.0000,0,0,0,0,0,0
n012w8-0,n012w8,0,12,1500000,100.0,adaptive,2026-07-04T11:37:08+01:00,1,1,2,313,1,99.713050,1820,1880,1820,60,3.1915,LOCAL_BEST,0,101,79,595,76,61,1,0,600000.0000,0.0000,0,0,0,0,0,0
n012w8-0,n012w8,0,12,1500000,100.0,adaptive,2026-07-04T11:37:08+01:00,1,1,2,332,1,99.695602,1770,1820,1770,50,2.7473,GLOBAL_BEST,0,101,84,634,84,62,19,0,26315.7895,0.0000,0,0,0,0,0,0
n012w8-0,n012w8,0,12,1500000,100.0,adaptive,2026-07-04T11:37:08+01:00,1,1,2,333,1,99.694684,1650,1770,1650,120,6.7797,GLOBAL_BEST,0,101,84,634,84,63,1,0,1200000.0000,0.0000,0,0,0,0,0,0
n012w8-0,n012w8,0,12,1500000,100.0,adaptive,2026-07-04T11:37:08+01:00,1,1,2,334,1,99.693766,1635,1650,1635,15,0.9091,GLOBAL_BEST,0,101,84,636,84,64,1,0,150000.0000,0.0000,0,0,0,0,0,0
n012w8-0,n012w8,0,12,1500000,100.0,adaptive,2026-07-04T11:37:08+01:00,1,1,2,337,1,99.691011,1575,1635,1575,60,3.6697,GLOBAL_BEST,0,101,84,640,85,65,3,0,200000.0000,0.0000,0,0,0,0,0,0
n012w8-0,n012w8,0,12,1500000,100.0,adaptive,2026-07-04T11:37:08+01:00,1,1,2,339,1,99.689175,1560,1575,1560,15,0.9524,GLOBAL_BEST,0,101,85,640,85,66,2,0,75000.0000,0.0000,0,0,0,0,0,0
n012w8-0,n012w8,0,12,1500000,100.0,adaptive,2026-07-04T11:37:08+01:00,1,1,2,342,1,99.686420,1500,1560,1500,60,3.8462,GLOBAL_BEST,0,101,85,645,87,67,3,0,200000.0000,0.0000,0,0,0,0,0,0
n012w8-0,n012w8,0,12,1500000,100.0,adaptive,2026-07-04T11:37:08+01:00,1,8,2,371,90,0.000000,490,505,490,15,2.9703,GLOBAL_BEST,3,101,0,590,336,68,29,89,5172.4138,168.5393,0,0,0,0,0,0
n012w8-0,n012w8,0,12,1500000,100.0,adaptive,2026-07-04T11:37:08+01:00,1,1,2,405,2,99.628594,1470,1500,1470,30,2.0000,GLOBAL_BEST,0,101,105,765,98,69,34,-88,8823.5294,0.0000,0,0,0,0,0,0
n012w8-0,n012w8,0,12,1500000,100.0,adaptive,2026-07-04T11:37:08+01:00,1,1,2,406,2,99.627676,1440,1470,1440,30,2.0408,GLOBAL_BEST,0,101,105,769,98,70,1,0,300000.0000,0.0000,0,0,0,0,0,0
n012w8-0,n012w8,0,12,1500000,100.0,adaptive,2026-07-04T11:37:08+01:00,1,1,2,411,2,99.623088,1365,1440,1365,75,5.2083,GLOBAL_BEST,0,101,105,786,102,71,5,0,150000.0000,0.0000,0,0,0,0,0,0
n012w8-0,n012w8,0,12,1500000,100.0,adaptive,2026-07-04T11:37:08+01:00,1,1,2,413,2,99.621253,1325,1365,1325,40,2.9304,GLOBAL_BEST,0,101,105,790,103,72,2,0,200000.0000,0.0000,0,0,0,0,0,0
n012w8-0,n012w8,0,12,1500000,100.0,adaptive,2026-07-04T11:37:08+01:00,1,5,2,658,44,0.000000,870,885,870,15,1.6949,GLOBAL_BEST,1,101,0,936,518,73,245,42,612.2449,357.1429,0,0,0,0,0,0
n012w8-0,n012w8,0,12,1500000,100.0,adaptive,2026-07-04T11:37:08+01:00,1,5,2,757,44,0.000000,785,870,785,85,9.7701,GLOBAL_BEST,1,101,0,1082,580,74,99,0,8585.8586,0.0000,0,0,0,0,0,0
n012w8-0,n012w8,0,12,1500000,100.0,adaptive,2026-07-04T11:37:08+01:00,1,1,2,1014,2,99.071332,1315,1325,1315,10,0.7547,GLOBAL_BEST,0,101,240,1865,318,75,257,-42,389.1051,0.0000,0,0,0,0,0,0
n012w8-0,n012w8,0,12,1500000,100.0,adaptive,2026-07-04T11:37:08+01:00,1,1,2,1015,2,99.070419,1295,1315,1295,20,1.5209,GLOBAL_BEST,0,101,240,1869,318,76,1,0,200000.0000,0.0000,0,0,0,0,0,0
n012w8-0,n012w8,0,12,1500000,100.0,adaptive,2026-07-04T11:37:08+01:00,1,2,2,1213,2,0.000000,1710,1790,1710,80,4.4693,LOCAL_BEST,0,101,0,2198,51,77,198,0,4040.4040,0.0000,0,0,0,0,0,0
n012w8-0,n012w8,0,12,1500000,100.0,adaptive,2026-07-04T11:37:08+01:00,1,1,2,1271,3,98.837101,1280,1295,1280,15,1.1583,GLOBAL_BEST,0,101,298,2347,414,78,58,1,2586.2069,15000.0000,0,0,0,0,0,0
n012w8-0,n012w8,0,12,1500000,100.0,adaptive,2026-07-04T11:37:08+01:00,1,1,2,1272,3,98.836191,1145,1280,1145,135,10.5469,GLOBAL_BEST,0,101,298,2348,414,79,1,0,1350000.0000,0.0000,0,0,0,0,0,0
n012w8-0,n012w8,0,12,1500000,100.0,adaptive,2026-07-04T11:37:08+01:00,1,3,2,1292,3,0.000000,1870,1900,1870,30,1.5789,LOCAL_BEST,0,101,476,2497,60,80,20,0,15000.0000,0.0000,0,0,0,0,0,0
n012w8-0,n012w8,0,12,1500000,100.0,adaptive,2026-07-04T11:37:08+01:00,1,3,2,1301,3,0.000000,1795,1870,1795,75,4.0107,LOCAL_BEST,0,101,479,2513,61,81,9,0,83333.3333,0.0000,0,0,0,0,0,0
n012w8-0,n012w8,0,12,1500000,100.0,adaptive,2026-07-04T11:37:08+01:00,1,3,2,1307,3,0.000000,1745,1795,1745,50,2.7855,LOCAL_BEST,0,101,481,2520,61,82,6,0,83333.3333,0.0000,0,0,0,0,0,0
n012w8-0,n012w8,0,12,1500000,100.0,adaptive,2026-07-04T11:37:08+01:00,1,3,2,1316,3,0.000000,1715,1745,1715,30,1.7192,LOCAL_BEST,0,101,485,2537,61,83,9,0,33333.3333,0.0000,0,0,0,0,0,0
n012w8-0,n012w8,0,12,1500000,100.0,adaptive,2026-07-04T11:37:08+01:00,1,3,2,1333,3,0.000000,1705,1715,1705,10,0.5831,LOCAL_BEST,0,101,491,2570,62,84,17,0,5882.3529,0.0000,0,0,0,0,0,0
n012w8-0,n012w8,0,12,1500000,100.0,adaptive,2026-07-04T11:37:08+01:00,1,3,2,1335,3,0.000000,1675,1705,1675,30,1.7595,LOCAL_BEST,0,101,492,2579,62,85,2,0,150000.0000,0.0000,0,0,0,0,0,0
n012w8-0,n012w8,0,12,1500000,100.0,adaptive,2026-07-04T11:37:08+01:00,1,2,2,1554,3,0.000000,1650,1710,1650,60,3.5088,LOCAL_BEST,0,101,0,2797,100,86,219,0,2739.7260,0.0000,0,0,0,0,0,0
n012w8-0,n012w8,0,12,1500000,100.0,adaptive,2026-07-04T11:37:08+01:00,1,8,2,1895,94,0.000000,475,490,475,15,3.0612,GLOBAL_BEST,3,101,0,2904,1712,87,341,91,439.8827,164.8352,0,0,0,0,0,0
n012w8-0,n012w8,0,12,1500000,100.0,adaptive,2026-07-04T11:37:08+01:00,1,2,2,2085,4,0.000000,1600,1650,1600,50,3.0303,LOCAL_BEST,0,101,0,3765,195,88,190,-90,2631.5789,0.0000,0,0,0,0,0,0
n012w8-0,n012w8,0,12,1500000,100.0,adaptive,2026-07-04T11:37:08+01:00,1,1,2,2638,5,97.600490,1115,1145,1115,30,2.6201,GLOBAL_BEST,0,101,657,4577,853,89,553,1,542.4955,30000.0000,0,0,0,0,0,0
n012w8-0,n012w8,0,12,1500000,100.0,adaptive,2026-07-04T11:37:08+01:00,1,5,2,3528,49,0.000000,735,785,735,50,6.3694,GLOBAL_BEST,1,101,0,5439,2686,90,890,44,561.7978,1136.3636,0,0,0,0,0,0
n012w8-0,n012w8,0,12,1500000,100.0,adaptive,2026-07-04T11:37:08+01:00,1,2,2,4500,8,0.000000,1555,1600,1555,45,2.8125,LOCAL_BEST,0,101,0,7916,853,91,972,-41,462.9630,0.0000,0,0,0,0,0,0
n012w8-0,n012w8,0,12,1500000,100.0,adaptive,2026-07-04T11:37:08+01:00,1,2,2,4501,8,0.000000,1525,1555,1525,30,1.9293,LOCAL_BEST,0,101,0,7917,853,92,1,0,300000.0000,0.0000,0,0,0,0,0,0
n012w8-0,n012w8,0,12,1500000,100.0,adaptive,2026-07-04T11:37:08+01:00,1,3,2,4542,9,0.000000,1655,1675,1655,20,1.1940,LOCAL_BEST,0,101,1732,8273,179,93,41,1,4878.0488,20000.0000,0,0,0,0,0,0
n012w8-0,n012w8,0,12,1500000,100.0,adaptive,2026-07-04T11:37:08+01:00,1,3,2,4543,9,0.000000,1595,1655,1595,60,3.6254,LOCAL_BEST,0,101,1732,8274,179,94,1,0,600000.0000,0.0000,0,0,0,0,0,0
n012w8-0,n012w8,0,12,1500000,100.0,adaptive,2026-07-04T11:37:08+01:00,1,3,2,4544,9,0.000000,1520,1595,1520,75,4.7022,LOCAL_BEST,0,101,1732,8282,179,95,1,0,750000.0000,0.0000,0,0,0,0,0,0
n012w8-0,n012w8,0,12,1500000,100.0,adaptive,2026-07-04T11:37:08+01:00,1,5,2,4808,51,0.000000,725,735,725,10,1.3605,GLOBAL_BEST,1,101,0,7385,3683,96,264,42,378.7879,238.0952,0,0,0,0,0,0
n012w8-0,n012w8,0,12,1500000,100.0,adaptive,2026-07-04T11:37:08+01:00,1,2,2,4976,9,0.000000,1500,1525,1500,25,1.6393,LOCAL_BEST,0,101,0,8754,994,97,168,-42,1488.0952,0.0000,0,0,0,0,0,0
n012w8-0,n012w8,0,12,1500000,100.0,adaptive,2026-07-04T11:37:08+01:00,1,2,2,5050,9,0.000000,1465,1500,1465,35,2.3333,LOCAL_BEST,0,101,0,8883,1011,98,74,0,4729.7297,0.0000,0,0,0,0,0,0
n012w8-0,n012w8,0,12,1500000,100.0,adaptive,2026-07-04T11:37:08+01:00,1,2,2,5051,9,0.000000,1435,1465,1435,30,2.0478,LOCAL_BEST,0,101,0,8889,1011,99,1,0,300000.0000,0.0000,0,0,0,0,0,0
n012w8-0,n012w8,0,12,1500000,100.0,adaptive,2026-07-04T11:37:08+01:00,1,2,2,5519,10,0.000000,1405,1435,1405,30,2.0906,LOCAL_BEST,0,101,0,9688,1197,100,468,1,641.0256,30000.0000,0,0,0,0,0,0
n012w8-0,n012w8,0,12,1500000,100.0,adaptive,2026-07-04T11:37:08+01:00,1,5,2,5922,53,0.000000,705,725,705,20,2.7586,GLOBAL_BEST,1,101,0,9104,4536,101,403,43,496.2779,465.1163,0,0,0,0,0,0
n012w8-0,n012w8,0,12,1500000,100.0,adaptive,2026-07-04T11:37:08+01:00,1,5,2,6337,54,0.000000,660,705,660,45,6.3830,GLOBAL_BEST,1,101,0,9692,4847,102,415,1,1084.3373,45000.0000,0,0,0,0,0,0
n012w8-0,n012w8,0,12,1500000,100.0,adaptive,2026-07-04T11:37:08+01:00,1,2,2,8363,15,0.000000,1395,1405,1395,10,0.7117,LOCAL_BEST,0,101,0,14567,2214,103,2026,-39,49.3583,0.0000,0,0,0,0,0,0
n012w8-0,n012w8,0,12,1500000,100.0,adaptive,2026-07-04T11:37:08+01:00,1,2,2,9575,17,0.000000,1375,1395,1375,20,1.4337,LOCAL_BEST,0,101,0,16746,2763,104,1212,2,165.0165,10000.0000,0,0,0,0,0,0
n012w8-0,n012w8,0,12,1500000,100.0,adaptive,2026-07-04T11:37:08+01:00,1,2,2,9627,17,0.000000,1300,1375,1300,75,5.4545,LOCAL_BEST,0,101,0,16824,2782,105,52,0,14423.0769,0.0000,0,0,0,0,0,0
n012w8-0,n012w8,0,12,1500000,100.0,adaptive,2026-07-04T11:37:08+01:00,1,5,2,10173,59,0.000000,650,660,650,10,1.5152,GLOBAL_BEST,1,101,0,15512,7866,106,546,42,183.1502,238.0952,0,0,0,0,0,0
n012w8-0,n012w8,0,12,1500000,100.0,adaptive,2026-07-04T11:37:08+01:00,1,2,2,10419,18,0.000000,1270,1300,1270,30,2.3077,LOCAL_BEST,0,101,0,18122,3076,107,246,-41,1219.5122,0.0000,0,0,0,0,0,0
n012w8-0,n012w8,0,12,1500000,100.0,adaptive,2026-07-04T11:37:08+01:00,1,2,2,12042,21,0.000000,1210,1270,1210,60,4.7244,LOCAL_BEST,0,101,0,20880,3823,108,1623,3,369.6858,20000.0000,0,0,0,0,0,0
n012w8-0,n012w8,0,12,1500000,100.0,adaptive,2026-07-04T11:37:08+01:00,1,1,2,12127,22,89.432629,1005,1115,1005,110,9.8655,GLOBAL_BEST,0,101,2972,20312,4155,109,85,1,12941.1765,110000.0000,0,0,0,0,0,0
n012w8-0,n012w8,0,12,1500000,100.0,adaptive,2026-07-04T11:37:08+01:00,1,1,2,12129,22,89.430982,990,1005,990,15,1.4925,GLOBAL_BEST,0,101,2972,20313,4156,110,2,0,75000.0000,0.0000,0,0,0,0,0,0
n012w8-0,n012w8,0,12,1500000,100.0,adaptive,2026-07-04T11:37:08+01:00,1,2,2,12229,21,0.000000,1160,1210,1160,50,4.1322,LOCAL_BEST,0,101,0,21188,3919,111,100,-1,5000.0000,0.0000,0,0,0,0,0,0
n012w8-0,n012w8,0,12,1500000,100.0,adaptive,2026-07-04T11:37:08+01:00,1,2,2,13458,23,0.000000,1115,1160,1115,45,3.8793,LOCAL_BEST,0,101,0,23242,4563,112,1229,2,366.1513,22500.0000,0,0,0,0,0,0
n012w8-0,n012w8,0,12,1500000,100.0,adaptive,2026-07-04T11:37:08+01:00,1,2,2,13459,23,0.000000,1085,1115,1085,30,2.6906,LOCAL_BEST,0,101,0,23243,4563,113,1,0,300000.0000,0.0000,0,0,0,0,0,0
n012w8-0,n012w8,0,12,1500000,100.0,adaptive,2026-07-04T11:37:08+01:00,1,2,2,13460,23,0.000000,1055,1085,1055,30,2.7650,LOCAL_BEST,0,101,0,23245,4563,114,1,0,300000.0000,0.0000,0,0,0,0,0,0
n012w8-0,n012w8,0,12,1500000,100.0,adaptive,2026-07-04T11:37:08+01:00,1,8,2,15098,114,0.000000,430,475,430,45,9.4737,GLOBAL_BEST,3,101,0,22995,13694,115,1638,91,274.7253,494.5055,0,0,0,0,0,0
n012w8-0,n012w8,0,12,1500000,100.0,adaptive,2026-07-04T11:37:08+01:00,1,3,2,18628,34,0.000000,1505,1520,1505,15,0.9868,LOCAL_BEST,0,101,7059,33130,726,116,3530,-80,42.4929,0.0000,0,0,0,0,0,0
n012w8-0,n012w8,0,12,1500000,100.0,adaptive,2026-07-04T11:37:08+01:00,1,3,2,18633,34,0.000000,1445,1505,1445,60,3.9867,LOCAL_BEST,0,101,7061,33134,726,117,5,0,120000.0000,0.0000,0,0,0,0,0,0
n012w8-0,n012w8,0,12,1500000,100.0,adaptive,2026-07-04T11:37:08+01:00,1,5,2,19790,75,0.000000,640,650,640,10,1.5385,GLOBAL_BEST,1,101,0,29855,15748,118,1157,41,86.4304,243.9024,0,0,0,0,0,0
n012w8-0,n012w8,0,12,1500000,100.0,adaptive,2026-07-04T11:37:08+01:00,1,5,2,19797,75,0.000000,610,640,610,30,4.6875,GLOBAL_BEST,1,101,0,29863,15753,119,7,0,42857.1429,0.0000,0,0,0,0,0,0
n012w8-0,n012w8,0,12,1500000,100.0,adaptive,2026-07-04T11:37:08+01:00,1,2,2,21781,37,0.000000,1030,1055,1030,25,2.3697,LOCAL_BEST,0,101,0,37154,9164,120,1984,-38,126.0081,0.0000,0,0,0,0,0,0
n012w8-0,n012w8,0,12,1500000,100.0,adaptive,2026-07-04T11:37:08+01:00,1,5,2,22774,79,0.000000,590,610,590,20,3.2787,GLOBAL_BEST,1,101,0,34355,18252,121,993,42,201.4099,476.1905,0,0,0,0,0,0
n012w8-0,n012w8,0,12,1500000,100.0,adaptive,2026-07-04T11:37:08+01:00,1,2,2,23691,41,0.000000,1010,1030,1010,20,1.9417,LOCAL_BEST,0,101,0,40199,10265,122,917,-38,218.1025,0.0000,0,0,0,0,0,0
n012w8-0,n012w8,0,12,1500000,100.0,adaptive,2026-07-04T11:37:08+01:00,1,2,2,24247,42,0.000000,990,1010,990,20,1.9802,LOCAL_BEST,0,101,0,41101,10606,123,556,1,359.7122,20000.0000,0,0,0,0,0,0
n012w8-0,n012w8,0,12,1500000,100.0,adaptive,2026-07-04T11:37:08+01:00,1,5,2,24382,82,0.000000,580,590,580,10,1.6949,GLOBAL_BEST,1,101,0,36748,19566,124,135,40,740.7407,250.0000,0,0,0,0,0,0
n012w8-0,n012w8,0,12,1500000,100.0,adaptive,2026-07-04T11:37:08+01:00,1,5,2,24413,82,0.000000,560,580,560,20,3.4483,GLOBAL_BEST,1,101,0,36782,19588,125,31,0,6451.6129,0.0000,0,0,0,0,0,0
n012w8-0,n012w8,0,12,1500000,100.0,adaptive,2026-07-04T11:37:08+01:00,1,5,2,24417,82,0.000000,530,560,530,30,5.3571,GLOBAL_BEST,1,101,0,36787,19590,126,4,0,75000.0000,0.0000,0,0,0,0,0,0
n012w8-0,n012w8,0,12,1500000,100.0,adaptive,2026-07-04T11:37:08+01:00,1,1,2,24793,44,79.585143,960,990,960,30,3.0303,LOCAL_BEST,0,101,5920,41545,9037,127,376,-38,797.8723,0.0000,0,0,0,0,0,0
n012w8-0,n012w8,0,12,1500000,100.0,adaptive,2026-07-04T11:37:08+01:00,1,2,2,25189,43,0.000000,980,990,980,10,1.0101,GLOBAL_BEST,0,101,0,42602,11152,128,396,-1,252.5253,0.0000,0,0,0,0,0,0
n012w8-0,n012w8,0,12,1500000,100.0,adaptive,2026-07-04T11:37:08+01:00,1,2,2,27321,47,0.000000,960,980,960,20,2.0408,LOCAL_BEST,0,101,0,45978,12556,129,2132,4,93.8086,5000.0000,0,0,0,0,0,0
n012w8-0,n012w8,0,12,1500000,100.0,adaptive,2026-07-04T11:37:08+01:00,1,5,2,28642,89,0.000000,520,530,520,10,1.8868,GLOBAL_BEST,1,101,0,43216,23094,130,1321,42,75.7002,238.0952,0,0,0,0,0,0
n012w8-0,n012w8,0,12,1500000,100.0,adaptive,2026-07-04T11:37:08+01:00,1,2,2,29662,51,0.000000,950,960,950,10,1.0417,LOCAL_BEST,0,101,0,49814,14092,131,1020,-38,98.0392,0.0000,0,0,0,0,0,0
n012w8-0,n012w8,0,12,1500000,100.0,adaptive,2026-07-04T11:37:08+01:00,1,2,2,29885,51,0.000000,930,950,930,20,2.1053,LOCAL_BEST,0,101,0,50155,14234,132,223,0,896.8610,0.0000,0,0,0,0,0,0
n012w8-0,n012w8,0,12,1500000,100.0,adaptive,2026-07-04T11:37:08+01:00,1,2,2,32794,56,0.000000,915,930,915,15,1.6129,LOCAL_BEST,0,101,0,54736,16195,133,2909,5,51.5641,3000.0000,0,0,0,0,0,0
n012w8-0,n012w8,0,12,1500000,100.0,adaptive,2026-07-04T11:37:08+01:00,1,2,2,32805,56,0.000000,885,915,885,30,3.2787,LOCAL_BEST,0,101,0,54752,16199,134,11,0,27272.7273,0.0000,0,0,0,0,0,0
n012w8-0,n012w8,0,12,1500000,100.0,adaptive,2026-07-04T11:37:08+01:00,1,2,2,32816,56,0.000000,850,885,850,35,3.9548,LOCAL_BEST,0,101,0,54764,16205,135,11,0,31818.1818,0.0000,0,0,0,0,0,0
n012w8-0,n012w8,0,12,1500000,100.0,adaptive,2026-07-04T11:37:08+01:00,1,2,2,32878,56,0.000000,825,850,825,25,2.9412,LOCAL_BEST,0,101,0,54885,16246,136,62,0,4032.2581,0.0000,0,0,0,0,0,0
n012w8-0,n012w8,0,12,1500000,100.0,adaptive,2026-07-04T11:37:08+01:00,1,2,2,36872,62,0.000000,820,825,820,5,0.6061,LOCAL_BEST,0,101,0,61195,19078,137,3994,6,12.5188,833.3333,0,0,0,0,0,0
n012w8-0,n012w8,0,12,1500000,100.0,adaptive,2026-07-04T11:37:08+01:00,1,5,2,37338,102,0.000000,485,520,485,35,6.7308,LOCAL_BEST,1,101,0,56670,30486,138,466,40,751.0730,875.0000,0,0,0,0,0,0
n012w8-0,n012w8,0,12,1500000,100.0,adaptive,2026-07-04T11:37:08+01:00,1,5,2,39294,105,0.000000,475,485,475,10,2.0619,LOCAL_BEST,1,101,0,59711,32161,139,1956,3,51.1247,3333.3333,0,0,0,0,0,0
n012w8-0,n012w8,0,12,1500000,100.0,adaptive,2026-07-04T11:37:08+01:00,1,2,2,45614,77,0.000000,790,820,790,30,3.6585,LOCAL_BEST,0,101,0,74663,25678,140,6320,-28,47.4684,0.0000,0,0,0,0,0,0
n012w8-0,n012w8,0,12,1500000,100.0,adaptive,2026-07-04T11:37:08+01:00,1,2,2,46621,79,0.000000,775,790,775,15,1.8987,LOCAL_BEST,0,101,0,76177,26438,141,1007,2,148.9573,7500.0000,0,0,0,0,0,0
n012w8-0,n012w8,0,12,1500000,100.0,adaptive,2026-07-04T11:37:08+01:00,1,2,2,46913,79,0.000000,770,775,770,5,0.6452,LOCAL_BEST,0,101,0,76615,26631,142,292,0,171.2329,0.0000,0,0,0,0,0,0
n012w8-0,n012w8,0,12,1500000,100.0,adaptive,2026-07-04T11:37:08+01:00,1,2,2,47639,80,0.000000,760,770,760,10,1.2987,LOCAL_BEST,0,101,0,77715,27159,143,726,1,137.7410,10000.0000,0,0,0,0,0,0
n012w8-0,n012w8,0,12,1500000,100.0,adaptive,2026-07-04T11:37:08+01:00,1,2,2,48414,81,0.000000,755,760,755,5,0.6579,LOCAL_BEST,0,101,0,78864,27725,144,775,1,64.5161,5000.0000,0,0,0,0,0,0
n012w8-0,n012w8,0,12,1500000,100.0,adaptive,2026-07-04T11:37:08+01:00,1,4,2,48464,135,63.995288,965,980,965,15,1.5306,LOCAL_BEST,1,101,10789,80784,19482,145,50,54,3000.0000,277.7778,0,0,0,0,0,0
n012w8-0,n012w8,0,12,1500000,100.0,adaptive,2026-07-04T11:37:08+01:00,1,4,2,49296,137,63.506766,900,965,900,65,6.7358,LOCAL_BEST,1,101,10955,82139,19875,146,832,2,781.2500,32500.0000,0,0,0,0,0,0
n012w8-0,n012w8,0,12,1500000,100.0,adaptive,2026-07-04T11:37:08+01:00,1,1,2,49707,87,63.266819,920,960,920,40,4.1667,LOCAL_BEST,0,101,11088,82663,20141,147,411,-50,973.2360,0.0000,0,0,0,0,0,0
n012w8-0,n012w8,0,12,1500000,100.0,adaptive,2026-07-04T11:37:08+01:00,1,2,2,52639,89,0.000000,690,755,690,65,8.6093,LOCAL_BEST,0,101,0,85349,31054,148,2932,2,221.6917,32500.0000,0,0,0,0,0,0
n012w8-0,n012w8,0,12,1500000,100.0,adaptive,2026-07-04T11:37:08+01:00,1,4,2,53586,145,61.046392,890,900,890,10,1.1111,LOCAL_BEST,1,101,11743,89116,21976,149,947,56,105.5966,178.5714,0,0,0,0,0,0
n012w8-0,n012w8,0,12,1500000,100.0,adaptive,2026-07-04T11:37:08+01:00,1,4,2,53587,145,61.045830,875,890,875,15,1.6854,LOCAL_BEST,1,101,11743,89116,21976,150,1,0,150000.0000,0.0000,0,0,0,0,0,0
n012w8-0,n012w8,0,12,1500000,100.0,adaptive,2026-07-04T11:37:08+01:00,1,2,2,54895,92,0.000000,680,690,680,10,1.4493,LOCAL_BEST,0,101,0,88737,32817,151,1308,-53,76.4526,0.0000,0,0,0,0,0,0
n012w8-0,n012w8,0,12,1500000,100.0,adaptive,2026-07-04T11:37:08+01:00,1,2,2,57565,96,0.000000,665,680,665,15,2.2059,LOCAL_BEST,0,101,0,92705,34950,152,2670,4,56.1798,3750.0000,0,0,0,0,0,0
n012w8-0,n012w8,0,12,1500000,100.0,adaptive,2026-07-04T11:37:08+01:00,1,2,2,60077,100,0.000000,645,665,645,20,3.0075,LOCAL_BEST,0,101,0,96541,36924,153,2512,4,79.6178,5000.0000,0,0,0,0,0,0
n012w8-0,n012w8,0,12,1500000,100.0,adaptive,2026-07-04T11:37:08+01:00,1,4,2,62825,162,56.066572,860,875,860,15,1.7143,LOCAL_BEST,1,101,13359,104241,26675,154,2748,62,54.5852,241.9355,0,0,0,0,0,0
n012w8-0,n012w8,0,12,1500000,100.0,adaptive,2026-07-04T11:37:08+01:00,1,4,2,62834,162,56.061924,845,860,845,15,1.7442,LOCAL_BEST,1,101,13359,104252,26682,155,9,0,16666.6667,0.0000,0,0,0,0,0,0
n012w8-0,n012w8,0,12,1500000,100.0,adaptive,2026-07-04T11:37:08+01:00,1,4,2,62838,162,56.059859,830,845,830,15,1.7751,LOCAL_BEST,1,101,13359,104254,26684,156,4,0,37500.0000,0.0000,0,0,0,0,0,0
n012w8-0,n012w8,0,12,1500000,100.0,adaptive,2026-07-04T11:37:08+01:00,1,4,2,62841,162,56.058310,820,830,820,10,1.2048,LOCAL_BEST,1,101,13360,104257,26684,157,3,0,33333.3333,0.0000,0,0,0,0,0,0
n012w8-0,n012w8,0,12,1500000,100.0,adaptive,2026-07-04T11:37:08+01:00,1,4,2,62844,162,56.056761,790,820,790,30,3.6585,LOCAL_BEST,1,101,13360,104262,26686,158,3,0,100000.0000,0.0000,0,0,0,0,0,0
n012w8-0,n012w8,0,12,1500000,100.0,adaptive,2026-07-04T11:37:08+01:00,1,4,2,62855,162,56.051082,770,790,770,20,2.5316,LOCAL_BEST,1,101,13361,104269,26694,159,11,0,18181.8182,0.0000,0,0,0,0,0,0
n012w8-0,n012w8,0,12,1500000,100.0,adaptive,2026-07-04T11:37:08+01:00,1,2,2,64331,106,0.000000,585,645,585,60,9.3023,LOCAL_BEST,0,101,0,102998,40462,160,1476,-56,406.5041,0.0000,0,0,0,0,0,0
n012w8-0,n012w8,0,12,1500000,100.0,adaptive,2026-07-04T11:37:08+01:00,1,2,2,64437,107,0.000000,570,585,570,15,2.5641,LOCAL_BEST,0,101,0,103144,40550,161,106,1,1415.0943,15000.0000,0,0,0,0,0,0
n012w8-0,n012w8,0,12,1500000,100.0,adaptive,2026-07-04T11:37:08+01:00,1,1,2,66153,116,54.374090,915,920,915,5,0.5435,LOCAL_BEST,0,101,14018,109384,28399,162,1716,9,29.1375,555.5556,0,0,0,0,0,0
n012w8-0,n012w8,0,12,1500000,100.0,adaptive,2026-07-04T11:37:08+01:00,1,1,2,66196,116,54.352559,905,915,905,10,1.0929,LOCAL_BEST,0,101,14027,109450,28425,163,43,0,2325.5814,0.0000,0,0,0,0,0,0
n012w8-0,n012w8,0,12,1500000,100.0,adaptive,2026-07-04T11:37:08+01:00,1,2,2,70946,117,0.000000,535,570,535,35,6.1404,LOCAL_BEST,0,101,0,112637,46078,164,4750,1,73.6842,35000.0000,0,0,0,0,0,0
n012w8-0,n012w8,0,12,1500000,100.0,adaptive,2026-07-04T11:37:08+01:00,1,2,2,75783,124,0.000000,530,535,530,5,0.9346,LOCAL_BEST,0,101,0,119725,50141,165,4837,7,10.3370,714.2857,0,0,0,0,0,0
n012w8-0,n012w8,0,12,1500000,100.0,adaptive,2026-07-04T11:37:08+01:00,1,1,2,76086,133,49.620370,855,905,855,50,5.5249,LOCAL_BEST,0,101,15631,125911,33839,166,303,9,1650.1650,5555.5556,0,0,0,0,0,0
n012w8-0,n012w8,0,12,1500000,100.0,adaptive,2026-07-04T11:37:08+01:00,1,1,2,76090,133,49.618542,795,855,795,60,7.0175,LOCAL_BEST,0,101,15631,125912,33841,167,4,0,150000.0000,0.0000,0,0,0,0,0,0
n012w8-0,n012w8,0,12,1500000,100.0,adaptive,2026-07-04T11:37:08+01:00,1,1,2,76094,133,49.616714,765,795,765,30,3.7736,LOCAL_BEST,0,101,15631,125913,33844,168,4,0,75000.0000,0.0000,0,0,0,0,0,0
n012w8-0,n012w8,0,12,1500000,100.0,adaptive,2026-07-04T11:37:08+01:00,1,1,2,76102,133,49.613058,750,765,750,15,1.9608,LOCAL_BEST,0,101,15631,125922,33850,169,8,0,18750.0000,0.0000,0,0,0,0,0,0
n012w8-0,n012w8,0,12,1500000,100.0,adaptive,2026-07-04T11:37:08+01:00,1,1,2,76103,133,49.612601,720,750,720,30,4.0000,LOCAL_BEST,0,101,15631,125922,33850,170,1,0,300000.0000,0.0000,0,0,0,0,0,0
n012w8-0,n012w8,0,12,1500000,100.0,adaptive,2026-07-04T11:37:08+01:00,1,2,2,78802,128,0.000000,525,530,525,5,0.9434,LOCAL_BEST,0,101,0,124198,52744,171,2699,-5,18.5254,0.0000,0,0,0,0,0,0
n012w8-0,n012w8,0,12,1500000,100.0,adaptive,2026-07-04T11:37:08+01:00,1,2,2,81039,132,0.000000,500,525,500,25,4.7619,LOCAL_BEST,0,101,0,127481,54671,172,2237,4,111.7568,6250.0000,0,0,0,0,0,0
n012w8-0,n012w8,0,12,1500000,100.0,adaptive,2026-07-04T11:37:08+01:00,1,2,2,84084,137,0.000000,490,500,490,10,2.0000,LOCAL_BEST,0,101,0,132124,57318,173,3045,5,32.8407,2000.0000,0,0,0,0,0,0
n012w8-0,n012w8,0,12,1500000,100.0,adaptive,2026-07-04T11:37:08+01:00,1,4,2,86077,209,45.258067,750,770,750,20,2.5974,LOCAL_BEST,1,101,17083,141942,39452,174,1993,72,100.3512,277.7778,0,0,0,0,0,0
n012w8-0,n012w8,0,12,1500000,100.0,adaptive,2026-07-04T11:37:08+01:00,1,2,2,90219,146,0.000000,475,490,475,15,3.0612,LOCAL_BEST,0,101,0,141172,62655,175,4142,-63,36.2144,0.0000,0,0,0,0,0,0
n012w8-0,n012w8,0,12,1500000,100.0,adaptive,2026-07-04T11:37:08+01:00,1,1,2,90973,164,43.262539,715,720,715,5,0.6944,LOCAL_BEST,0,101,17739,149710,42747,176,754,18,66.3130,277.7778,0,0,0,0,0,0
n012w8-0,n012w8,0,12,1500000,100.0,adaptive,2026-07-04T11:37:08+01:00,1,2,2,93754,153,0.000000,470,475,470,5,1.0526,LOCAL_BEST,0,101,0,146628,65734,177,2781,-11,17.9791,0.0000,0,0,0,0,0,0
n012w8-0,n012w8,0,12,1500000,100.0,adaptive,2026-07-04T11:37:08+01:00,1,1,2,94355,170,41.935710,690,715,690,25,3.4965,LOCAL_BEST,0,101,18171,155222,44859,178,601,17,415.9734,1470.5882,0,0,0,0,0,0
n012w8-0,n012w8,0,12,1500000,100.0,adaptive,2026-07-04T11:37:08+01:00,1,1,2,94360,170,41.933779,685,690,685,5,0.7246,LOCAL_BEST,0,101,18172,155226,44862,179,5,0,10000.0000,0.0000,0,0,0,0,0,0
n012w8-0,n012w8,0,12,1500000,100.0,adaptive,2026-07-04T11:37:08+01:00,1,2,2,101555,164,0.000000,455,470,455,15,3.1915,LOCAL_BEST,0,101,0,157780,72645,180,7195,-6,20.8478,0.0000,0,0,0,0,0,0
n012w8-0,n012w8,0,12,1500000,100.0,adaptive,2026-07-04T11:37:08+01:00,1,2,2,102464,166,0.000000,430,455,430,25,5.4945,LOCAL_BEST,0,101,0,159086,73426,181,909,2,275.0275,12500.0000,0,0,0,0,0,0
n012w8-0,n012w8,0,12,1500000,100.0,adaptive,2026-07-04T11:37:08+01:00,1,1,2,103812,185,38.437577,675,685,675,10,1.4599,LOCAL_BEST,0,101,19364,170493,50900,182,1348,19,74.1840,526.3158,0,0,0,0,0,0
n012w8-0,n012w8,0,12,1500000,100.0,adaptive,2026-07-04T11:37:08+01:00,1,1,2,105348,188,37.897626,665,675,665,10,1.4815,LOCAL_BEST,0,101,19552,172887,51890,183,1536,3,65.1042,3333.3333,0,0,0,0,0,0
n012w8-0,n012w8,0,12,1500000,100.0,adaptive,2026-07-04T11:37:08+01:00,1,1,2,106452,190,37.514227,655,665,655,10,1.5038,LOCAL_BEST,0,101,19658,174708,52668,184,1104,2,90.5797,5000.0000,0,0,0,0,0,0
n012w8-0,n012w8,0,12,1500000,100.0,adaptive,2026-07-04T11:37:08+01:00,1,1,2,106469,190,37.508353,645,655,645,10,1.5267,LOCAL_BEST,0,101,19659,174731,52682,185,17,0,5882.3529,0.0000,0,0,0,0,0,0
n012w8-0,n012w8,0,12,1500000,100.0,adaptive,2026-07-04T11:37:08+01:00,1,2,2,110132,178,0.000000,425,430,425,5,1.1628,GLOBAL_BEST,0,101,0,170011,80124,186,3663,-12,13.6500,0.0000,0,0,0,0,0,0
n012w8-0,n012w8,0,12,1500000,100.0,adaptive,2026-07-04T11:37:08+01:00,1,4,2,110276,250,36.215960,705,750,705,45,6.0000,LOCAL_BEST,1,101,19962,180872,55046,187,144,72,3125.0000,625.0000,0,0,0,0,0,0
n012w8-0,n012w8,0,12,1500000,100.0,adaptive,2026-07-04T11:37:08+01:00,1,4,2,110280,250,36.214626,645,705,645,60,8.5106,LOCAL_BEST,1,101,19962,180876,55048,188,4,0,150000.0000,0.0000,0,0,0,0,0,0
n012w8-0,n012w8,0,12,1500000,100.0,adaptive,2026-07-04T11:37:08+01:00,1,5,2,110716,217,0.000000,460,475,460,15,3.1579,LOCAL_BEST,1,101,0,168077,98029,189,436,-33,344.0367,0.0000,0,0,0,0,0,0
n012w8-0,n012w8,0,12,1500000,100.0,adaptive,2026-07-04T11:37:08+01:00,1,5,2,115320,224,0.000000,455,460,455,5,1.0870,LOCAL_BEST,1,101,0,174893,102324,190,4604,7,10.8601,714.2857,0,0,0,0,0,0
n012w8-0,n012w8,0,12,1500000,100.0,adaptive,2026-07-04T11:37:08+01:00,1,5,2,115321,224,0.000000,440,455,440,15,3.2967,LOCAL_BEST,1,101,0,174898,102324,191,1,0,150000.0000,0.0000,0,0,0,0,0,0
n012w8-0,n012w8,0,12,1500000,100.0,adaptive,2026-07-04T11:37:08+01:00,1,4,2,127644,278,30.862279,635,645,635,10,1.5504,LOCAL_BEST,1,101,21557,207367,67453,192,12323,54,8.1149,185.1852,0,0,0,0,0,0
n012w8-0,n012w8,0,12,1500000,100.0,adaptive,2026-07-04T11:37:08+01:00,1,4,2,128033,280,30.751903,605,635,605,30,4.7244,LOCAL_BEST,1,101,21571,207973,67787,193,389,2,771.2082,15000.0000,0,0,0,0,0,0
n012w8-0,n012w8,0,12,1500000,100.0,adaptive,2026-07-04T11:37:08+01:00,1,3,2,131716,256,0.000000,1420,1445,1420,25,1.7301,LOCAL_BEST,0,101,49995,235563,5150,194,3683,-24,67.8794,0.0000,0,0,0,0,0,0
n012w8-0,n012w8,0,12,1500000,100.0,adaptive,2026-07-04T11:37:08+01:00,1,4,2,133981,289,29.112533,570,605,570,35,5.7851,LOCAL_BEST,1,101,22021,217198,72275,195,2265,33,154.5254,1060.6061,0,0,0,0,0,0
n012w8-0,n012w8,0,12,1500000,100.0,adaptive,2026-07-04T11:37:08+01:00,1,1,2,137928,242,28.073205,625,645,625,20,3.1008,LOCAL_BEST,0,101,22488,224615,75228,196,3947,-47,50.6714,0.0000,0,0,0,0,0,0
n012w8-0,n012w8,0,12,1500000,100.0,adaptive,2026-07-04T11:37:08+01:00,1,1,2,137962,242,28.064415,585,625,585,40,6.4000,LOCAL_BEST,0,101,22488,224657,75261,197,34,0,11764.7059,0.0000,0,0,0,0,0,0
n012w8-0,n012w8,0,12,1500000,100.0,adaptive,2026-07-04T11:37:08+01:00,1,1,2,138002,242,28.054078,570,585,570,15,2.5641,LOCAL_BEST,0,101,22488,224706,75297,198,40,0,3750.0000,0.0000,0,0,0,0,0,0
n012w8-0,n012w8,0,12,1500000,100.0,adaptive,2026-07-04T11:37:08+01:00,1,1,2,138011,242,28.051753,530,570,530,40,7.0175,LOCAL_BEST,0,101,22488,224716,75305,199,9,0,44444.4444,0.0000,0,0,0,0,0,0
n012w8-0,n012w8,0,12,1500000,100.0,adaptive,2026-07-04T11:37:08+01:00,1,4,2,141531,302,27.156888,565,570,565,5,0.8772,LOCAL_BEST,1,101,22539,228885,78014,200,3520,60,14.2045,83.3333,0,0,0,0,0,0
n012w8-0,n012w8,0,12,1500000,100.0,adaptive,2026-07-04T11:37:08+01:00,1,4,2,146049,309,26.050016,560,565,560,5,0.8850,LOCAL_BEST,1,101,22788,236088,81586,201,4518,7,11.0668,714.2857,0,0,0,0,0,0
n012w8-0,n012w8,0,12,1500000,100.0,adaptive,2026-07-04T11:37:08+01:00,1,4,2,146153,309,26.025076,545,560,545,15,2.6786,LOCAL_BEST,1,101,22790,236255,81676,202,104,0,1442.3077,0.0000,0,0,0,0,0,0
n012w8-0,n012w8,0,12,1500000,100.0,adaptive,2026-07-04T11:37:08+01:00,1,4,2,146154,309,26.024836,530,545,530,15,2.7523,LOCAL_BEST,1,101,22790,236255,81676,203,1,0,150000.0000,0.0000,0,0,0,0,0,0
n012w8-0,n012w8,0,12,1500000,100.0,adaptive,2026-07-04T11:37:08+01:00,1,4,2,146341,310,25.980051,515,530,515,15,2.8302,LOCAL_BEST,1,101,22798,236545,81836,204,187,1,802.1390,15000.0000,0,0,0,0,0,0
n012w8-0,n012w8,0,12,1500000,100.0,adaptive,2026-07-04T11:37:08+01:00,1,4,2,146400,310,25.965937,495,515,495,20,3.8835,LOCAL_BEST,1,101,22802,236634,81881,205,59,0,3389.8305,0.0000,0,0,0,0,0,0
n012w8-0,n012w8,0,12,1500000,100.0,adaptive,2026-07-04T11:37:08+01:00,1,4,2,162730,335,22.340043,485,495,485,10,2.0202,LOCAL_BEST,1,101,23781,261788,94976,206,16330,25,6.1237,400.0000,0,0,0,0,0,0
n012w8-0,n012w8,0,12,1500000,100.0,adaptive,2026-07-04T11:37:08+01:00,1,1,2,170523,317,20.792753,525,530,525,5,0.9434,LOCAL_BEST,0,101,24312,274834,101379,207,7793,-18,6.4160,0.0000,0,0,0,0,0,0
n012w8-0,n012w8,0,12,1500000,100.0,adaptive,2026-07-04T11:37:08+01:00,1,7,2,174733,411,20.001934,515,520,515,5,0.9615,LOCAL_BEST,2,101,24577,283057,104495,208,4210,94,11.8765,53.1915,0,0,0,0,0,0
n012w8-0,n012w8,0,12,1500000,100.0,adaptive,2026-07-04T11:37:08+01:00,1,7,2,174758,411,19.997329,500,515,500,15,2.9126,LOCAL_BEST,2,101,24577,283090,104517,209,25,0,6000.0000,0.0000,0,0,0,0,0,0
n012w8-0,n012w8,0,12,1500000,100.0,adaptive,2026-07-04T11:37:08+01:00,1,1,2,178032,330,19.403318,490,525,490,35,6.6667,LOCAL_BEST,0,101,24630,286376,107619,210,3274,-81,106.9029,0.0000,0,0,0,0,0,0
n012w8-0,n012w8,0,12,1500000,100.0,adaptive,2026-07-04T11:37:08+01:00,1,1,2,179185,331,19.198354,475,490,475,15,3.0612,LOCAL_BEST,0,101,24670,287988,108621,211,1153,1,130.0954,15000.0000,0,0,0,0,0,0
n012w8-0,n012w8,0,12,1500000,100.0,adaptive,2026-07-04T11:37:08+01:00,1,1,2,179215,331,19.193050,445,475,445,30,6.3158,LOCAL_BEST,0,101,24670,288019,108649,212,30,0,10000.0000,0.0000,0,0,0,0,0,0
n012w8-0,n012w8,0,12,1500000,100.0,adaptive,2026-07-04T11:37:08+01:00,1,4,2,183206,373,18.500352,475,485,475,10,2.0619,LOCAL_BEST,1,101,24694,293114,111934,213,3991,42,25.0564,238.0952,0,0,0,0,0,0
n012w8-0,n012w8,0,12,1500000,100.0,adaptive,2026-07-04T11:37:08+01:00,1,4,2,183229,373,18.496434,445,475,445,30,6.3158,LOCAL_BEST,1,101,24694,293158,111955,214,23,0,13043.4783,0.0000,0,0,0,0,0,0
n012w8-0,n012w8,0,12,1500000,100.0,adaptive,2026-07-04T11:37:08+01:00,1,4,2,183247,373,18.493367,430,445,430,15,3.3708,LOCAL_BEST,1,101,24694,293179,111971,215,18,0,8333.3333,0.0000,0,0,0,0,0,0
n012w8-0,n012w8,0,12,1500000,100.0,adaptive,2026-07-04T11:37:08+01:00,1,7,2,188059,437,17.691636,475,500,475,25,5.0000,LOCAL_BEST,2,101,25047,303462,115710,216,4812,64,51.9534,390.6250,0,0,0,0,0,0
n012w8-0,n012w8,0,12,1500000,100.0,adaptive,2026-07-04T11:37:08+01:00,1,7,2,188110,438,17.683328,470,475,470,5,1.0526,LOCAL_BEST,2,101,25049,303544,115755,217,51,1,980.3922,5000.0000,0,0,0,0,0,0
n012w8-0,n012w8,0,12,1500000,100.0,adaptive,2026-07-04T11:37:08+01:00,1,7,2,188129,438,17.680234,455,470,455,15,3.1915,LOCAL_BEST,2,101,25049,303586,115769,218,19,0,7894.7368,0.0000,0,0,0,0,0,0
n012w8-0,n012w8,0,12,1500000,100.0,adaptive,2026-07-04T11:37:08+01:00,1,1,2,198104,367,16.128278,440,445,440,5,1.1236,LOCAL_BEST,0,101,25256,315823,125029,219,9975,-71,5.0125,0.0000,0,0,0,0,0,0
n012w8-0,n012w8,0,12,1500000,100.0,adaptive,2026-07-04T11:37:08+01:00,1,1,2,199053,368,15.987921,430,440,430,10,2.2727,LOCAL_BEST,0,101,25281,317229,125846,220,949,1,105.3741,10000.0000,0,0,0,0,0,0
n012w8-0,n012w8,0,12,1500000,100.0,adaptive,2026-07-04T11:37:08+01:00,1,1,2,200390,370,15.792250,425,430,425,5,1.1628,LOCAL_BEST,0,101,25312,319249,127015,221,1337,2,37.3972,2500.0000,0,0,0,0,0,0
n012w8-0,n012w8,0,12,1500000,100.0,adaptive,2026-07-04T11:37:08+01:00,1,13,2,204668,818,15.182105,400,410,400,10,2.4390,LOCAL_BEST,5,101,24952,327080,131166,222,4278,448,23.3754,22.3214,0,0,0,0,0,0
n012w8-0,n012w8,0,12,1500000,100.0,adaptive,2026-07-04T11:37:08+01:00,1,1,2,205539,377,15.060799,410,425,410,15,3.5294,GLOBAL_BEST,0,101,25419,326954,131602,223,871,-441,172.2158,0.0000,0,0,0,0,0,0
n012w8-0,n012w8,0,12,1500000,100.0,adaptive,2026-07-04T11:37:08+01:00,1,1,2,208753,382,14.621502,400,410,400,10,2.4390,GLOBAL_BEST,0,101,25479,331713,134464,224,3214,5,31.1139,2000.0000,0,0,0,0,0,0
n012w8-0,n012w8,0,12,1500000,100.0,adaptive,2026-07-04T11:37:08+01:00,1,4,2,210140,414,14.435904,415,430,415,15,3.4884,LOCAL_BEST,1,101,25340,333638,135672,225,1387,32,108.1471,468.7500,0,0,0,0,0,0
n012w8-0,n012w8,0,12,1500000,100.0,adaptive,2026-07-04T11:37:08+01:00,1,4,2,211353,416,14.275522,410,415,410,5,1.2048,LOCAL_BEST,1,101,25366,335435,136772,226,1213,2,41.2201,2500.0000,0,0,0,0,0,0
n012w8-0,n012w8,0,12,1500000,100.0,adaptive,2026-07-04T11:37:08+01:00,1,7,2,225894,504,12.486134,445,455,445,10,2.1978,LOCAL_BEST,2,101,25957,359705,148921,227,14541,88,6.8771,113.6364,0,0,0,0,0,0
n012w8-0,n012w8,0,12,1500000,100.0,adaptive,2026-07-04T11:37:08+01:00,1,7,2,230690,512,11.946591,440,445,440,5,1.1236,LOCAL_BEST,2,101,26018,367099,153211,228,4796,8,10.4254,625.0000,0,0,0,0,0,0
n012w8-0,n012w8,0,12,1500000,100.0,adaptive,2026-07-04T11:37:08+01:00,1,7,2,259012,565,9.203563,430,440,430,10,2.2727,LOCAL_BEST,2,101,26325,410028,178999,229,28322,53,3.5308,188.6792,0,0,0,0,0,0
n012w8-0,n012w8,0,12,1500000,100.0,adaptive,2026-07-04T11:37:08+01:00,1,4,2,262599,513,8.904468,400,410,400,10,2.4390,LOCAL_BEST,1,101,25990,413308,182895,230,3587,-52,27.8784,0.0000,0,0,0,0,0,0
n012w8-0,n012w8,0,12,1500000,100.0,adaptive,2026-07-04T11:37:08+01:00,1,1,2,300000,564,6.309573,490,400,400,0,0.0000,REHEAT,0,101,26389,469743,218316,231,37401,51,0.0000,0.0000,0,0,0,0,0,0
n012w8-0,n012w8,0,12,1500000,100.0,adaptive,2026-07-04T11:37:08+01:00,1,1,2,350000,671,63.095734,1260,400,400,0,0.0000,REHEAT,0,101,37493,553314,238403,232,50000,107,0.0000,0.0000,0,0,0,0,0,0
n012w8-0,n012w8,0,12,1500000,100.0,adaptive,2026-07-04T11:37:08+01:00,1,1,2,400000,784,63.095734,1795,400,400,0,0.0000,REHEAT,0,101,48894,637202,258301,233,50000,113,0.0000,0.0000,0,0,0,0,0,0
n012w8-0,n012w8,0,12,1500000,100.0,adaptive,2026-07-04T11:37:08+01:00,1,1,2,450000,898,63.095734,1575,400,400,0,0.0000,REHEAT,0,101,60160,721106,278371,234,50000,114,0.0000,0.0000,0,0,0,0,0,0
n012w8-0,n012w8,0,12,1500000,100.0,adaptive,2026-07-04T11:37:08+01:00,1,1,2,500000,1010,63.095734,1315,400,400,0,0.0000,REHEAT,0,101,71301,804593,298441,235,50000,112,0.0000,0.0000,0,0,0,0,0,0
n012w8-0,n012w8,0,12,1500000,100.0,adaptive,2026-07-04T11:37:08+01:00,1,1,2,550000,1124,63.095734,1740,400,400,0,0.0000,REHEAT,0,101,82454,887758,318666,236,50000,114,0.0000,0.0000,0,0,0,0,0,0
n012w8-0,n012w8,0,12,1500000,100.0,adaptive,2026-07-04T11:37:08+01:00,1,3,2,583408,1246,0.000000,1395,1420,1395,25,1.7606,LOCAL_BEST,0,101,221280,1046054,22849,237,33408,122,7.4832,204.9180,0,0,0,0,0,0
n012w8-0,n012w8,0,12,1500000,100.0,adaptive,2026-07-04T11:37:08+01:00,1,1,2,600000,1242,63.095734,1450,400,400,0,0.0000,REHEAT,0,101,93594,971643,339022,238,16592,-4,0.0000,0.0000,0,0,0,0,0,0
n012w8-0,n012w8,0,12,1500000,100.0,adaptive,2026-07-04T11:37:08+01:00,1,1,2,650000,1348,63.095734,1195,400,400,0,0.0000,REHEAT,0,101,104711,1055784,359273,239,50000,106,0.0000,0.0000,0,0,0,0,0,0
n012w8-0,n012w8,0,12,1500000,100.0,adaptive,2026-07-04T11:37:08+01:00,1,1,2,700000,1441,63.095734,1210,400,400,0,0.0000,REHEAT,0,101,115881,1138870,379425,240,50000,93,0.0000,0.0000,0,0,0,0,0,0
n012w8-0,n012w8,0,12,1500000,100.0,adaptive,2026-07-04T11:37:08+01:00,1,1,2,750000,1559,63.095734,1990,400,400,0,0.0000,REHEAT,0,101,127006,1222147,399539,241,50000,118,0.0000,0.0000,0,0,0,0,0,0
n012w8-0,n012w8,0,12,1500000,100.0,adaptive,2026-07-04T11:37:08+01:00,1,1,2,800000,1673,63.095734,1985,400,400,0,0.0000,REHEAT,0,101,138118,1305248,419878,242,50000,114,0.0000,0.0000,0,0,0,0,0,0
n012w8-0,n012w8,0,12,1500000,100.0,adaptive,2026-07-04T11:37:08+01:00,1,1,2,850000,1776,63.095734,1370,400,400,0,0.0000,REHEAT,0,101,149225,1389118,439847,243,50000,103,0.0000,0.0000,0,0,0,0,0,0
n012w8-0,n012w8,0,12,1500000,100.0,adaptive,2026-07-04T11:37:08+01:00,1,1,2,900000,1882,63.095734,1195,400,400,0,0.0000,REHEAT,0,101,160475,1472316,459810,244,50000,106,0.0000,0.0000,0,0,0,0,0,0
n012w8-0,n012w8,0,12,1500000,100.0,adaptive,2026-07-04T11:37:08+01:00,1,1,2,950000,1978,63.095734,1460,400,400,0,0.0000,REHEAT,0,101,171598,1555374,480063,245,50000,96,0.0000,0.0000,0,0,0,0,0,0
n012w8-0,n012w8,0,12,1500000,100.0,adaptive,2026-07-04T11:37:08+01:00,1,1,2,1000000,2097,63.095734,1450,400,400,0,0.0000,REHEAT,0,101,182837,1638527,500165,246,50000,119,0.0000,0.0000,0,0,0,0,0,0
n012w8-0,n012w8,0,12,1500000,100.0,adaptive,2026-07-04T11:37:08+01:00,1,1,2,1050000,2224,63.095734,1125,400,400,0,0.0000,REHEAT,0,101,193975,1722100,520252,247,50000,127,0.0000,0.0000,0,0,0,0,0,0
n012w8-0,n012w8,0,12,1500000,100.0,adaptive,2026-07-04T11:37:08+01:00,1,1,2,1100000,2321,63.095734,1115,400,400,0,0.0000,REHEAT,0,101,205168,1805522,540464,248,50000,97,0.0000,0.0000,0,0,0,0,0,0
n012w8-0,n012w8,0,12,1500000,100.0,adaptive,2026-07-04T11:37:08+01:00,1,3,2,1124486,2476,0.000000,1335,1395,1335,60,4.3011,LOCAL_BEST,0,101,427229,2012469,44124,249,24486,155,24.5038,387.0968,0,0,0,0,0,0
n012w8-0,n012w8,0,12,1500000,100.0,adaptive,2026-07-04T11:37:08+01:00,1,1,2,1150000,2435,63.095734,1365,400,400,0,0.0000,REHEAT,0,101,216299,1889929,560432,250,25514,-41,0.0000,0.0000,0,0,0,0,0,0
n012w8-0,n012w8,0,12,1500000,100.0,adaptive,2026-07-04T11:37:08+01:00,1,1,2,1200000,2534,63.095734,1580,400,400,0,0.0000,REHEAT,0,101,227470,1973757,580687,251,50000,99,0.0000,0.0000,0,0,0,0,0,0
n012w8-0,n012w8,0,12,1500000,100.0,adaptive,2026-07-04T11:37:08+01:00,1,1,2,1250000,2655,63.095734,1140,400,400,0,0.0000,REHEAT,0,101,238629,2057522,600664,252,50000,121,0.0000,0.0000,0,0,0,0,0,0
n012w8-0,n012w8,0,12,1500000,100.0,adaptive,2026-07-04T11:37:08+01:00,1,1,2,1300000,2769,63.095734,1485,400,400,0,0.0000,REHEAT,0,101,249989,2142094,620441,253,50000,114,0.0000,0.0000,0,0,0,0,0,0
n012w8-0,n012w8,0,12,1500000,100.0,adaptive,2026-07-04T11:37:08+01:00,1,1,2,1350000,2871,63.095734,1550,400,400,0,0.0000,REHEAT,0,101,261126,2226319,640497,254,50000,102,0.0000,0.0000,0,0,0,0,0,0
n012w8-0,n012w8,0,12,1500000,100.0,adaptive,2026-07-04T11:37:08+01:00,1,1,2,1400000,2961,63.095734,1855,400,400,0,0.0000,REHEAT,0,101,272191,2310466,660589,255,50000,90,0.0000,0.0000,0,0,0,0,0,0
n012w8-0,n012w8,0,12,1500000,100.0,adaptive,2026-07-04T11:37:08+01:00,1,1,2,1450000,3060,63.095734,1410,400,400,0,0.0000,REHEAT,0,101,283302,2394156,681002,256,50000,99,0.0000,0.0000,0,0,0,0,0,0
n012w8-0,n012w8,0,12,1500000,100.0,adaptive,2026-07-04T11:37:08+01:00,1,1,2,1500000,3145,63.095734,1550,400,400,0,0.0000,REHEAT,0,101,294490,2478468,700990,257,50000,85,0.0000,0.0000,0,0,0,0,0,0
n012w8-0,n012w8,0,12,1500000,100.0,adaptive,2026-07-04T11:37:08+01:00,2,1,11,1,0,100.000000,3575,3725,3575,150,4.0268,GLOBAL_BEST,0,42,0,11,0,1,1,0,1500000.0000,0.0000,0,0,0,0,0,0
n012w8-0,n012w8,0,12,1500000,100.0,adaptive,2026-07-04T11:37:08+01:00,2,2,11,2,0,0.000000,3685,3725,3685,40,1.0738,GLOBAL_BEST,0,42,0,4,0,2,1,0,400000.0000,0.0000,0,0,0,0,0,0
n012w8-0,n012w8,0,12,1500000,100.0,adaptive,2026-07-04T11:37:08+01:00,2,1,11,2,0,99.999079,3500,3575,3500,75,2.0979,GLOBAL_BEST,0,42,0,15,0,3,0,0,0.0000,0.0000,0,0,0,0,0,0
n012w8-0,n012w8,0,12,1500000,100.0,adaptive,2026-07-04T11:37:08+01:00,2,5,11,2,44,0.000000,710,770,710,60,7.7922,GLOBAL_BEST,1,42,0,3,1,4,0,44,0.0000,1363.6364,0,0,0,0,0,0
n012w8-0,n012w8,0,12,1500000,100.0,adaptive,2026-07-04T11:37:08+01:00,2,1,11,3,0,99.998158,3305,3500,3305,195,5.5714,GLOBAL_BEST,0,42,0,21,0,5,1,-44,1950000.0000,0.0000,0,0,0,0,0,0
n012w8-0,n012w8,0,12,1500000,100.0,adaptive,2026-07-04T11:37:08+01:00,2,2,11,4,0,0.000000,3475,3685,3475,210,5.6988,GLOBAL_BEST,0,42,0,12,0,6,1,0,2100000.0000,0.0000,0,0,0,0,0,0
n012w8-0,n012w8,0,12,1500000,100.0,adaptive,2026-07-04T11:37:08+01:00,2,1,11,4,0,99.997237,3035,3305,3035,270,8.1694,GLOBAL_BEST,0,42,0,22,0,7,0,0,0.0000,0.0000,0,0,0,0,0,0
n012w8-0,n012w8,0,12,1500000,100.0,adaptive,2026-07-04T11:37:08+01:00,2,2,11,5,0,0.000000,3445,3475,3445,30,0.8633,LOCAL_BEST,0,42,0,13,0,8,1,0,300000.0000,0.0000,0,0,0,0,0,0
n012w8-0,n012w8,0,12,1500000,100.0,adaptive,2026-07-04T11:37:08+01:00,2,1,11,5,0,99.996316,2975,3035,2975,60,1.9769,GLOBAL_BEST,0,42,0,25,0,9,0,0,0.0000,0.0000,0,0,0,0,0,0
n012w8-0,n012w8,0,12,1500000,100.0,adaptive,2026-07-04T11:37:08+01:00,2,3,11,6,0,0.000000,3710,3725,3710,15,0.4027,LOCAL_BEST,0,42,1,12,0,10,1,0,150000.0000,0.0000,0,0,0,0,0,0
n012w8-0,n012w8,0,12,1500000,100.0,adaptive,2026-07-04T11:37:08+01:00,2,1,11,6,0,99.995395,2825,2975,2825,150,5.0420,GLOBAL_BEST,0,42,0,25,0,11,0,0,0.0000,0.0000,0,0,0,0,0,0
n012w8-0,n012w8,0,12,1500000,100.0,adaptive,2026-07-04T11:37:08+01:00,2,3,11,7,0,0.000000,3650,3710,3650,60,1.6173,LOCAL_BEST,0,42,1,15,0,12,1,0,600000.0000,0.0000,0,0,0,0,0,0
n012w8-0,n012w8,0,12,1500000,100.0,adaptive,2026-07-04T11:37:08+01:00,2,3,11,8,0,0.000000,3470,3650,3470,180,4.9315,GLOBAL_BEST,0,42,1,16,0,13,1,0,1800000.0000,0.0000,0,0,0,0,0,0
n012w8-0,n012w8,0,12,1500000,100.0,adaptive,2026-07-04T11:37:08+01:00,2,2,11,8,0,0.000000,3280,3445,3280,165,4.7896,LOCAL_BEST,0,42,0,18,0,14,0,0,0.0000,0.0000,0,0,0,0,0,0
n012w8-0,n012w8,0,12,1500000,100.0,adaptive,2026-07-04T11:37:08+01:00,2,1,11,8,0,99.993553,2780,2825,2780,45,1.5929,GLOBAL_BEST,0,42,0,27,0,15,0,0,0.0000,0.0000,0,0,0,0,0,0
n012w8-0,n012w8,0,12,1500000,100.0,adaptive,2026-07-04T11:37:08+01:00,2,3,11,9,0,0.000000,3350,3470,3350,120,3.4582,LOCAL_BEST,0,42,1,16,0,16,1,0,1200000.0000,0.0000,0,0,0,0,0,0
n012w8-0,n012w8,0,12,1500000,100.0,adaptive,2026-07-04T11:37:08+01:00,2,2,11,9,0,0.000000,2965,3280,2965,315,9.6037,LOCAL_BEST,0,42,0,23,0,17,0,0,0.0000,0.0000,0,0,0,0,0,0
n012w8-0,n012w8,0,12,1500000,100.0,adaptive,2026-07-04T11:37:08+01:00,2,1,11,9,0,99.992632,2770,2780,2770,10,0.3597,LOCAL_BEST,0,42,0,30,0,18,0,0,0.0000,0.0000,0,0,0,0,0,0
n012w8-0,n012w8,0,12,1500000,100.0,adaptive,2026-07-04T11:37:08+01:00,2,3,11,10,0,0.000000,3310,3350,3310,40,1.1940,LOCAL_BEST,0,42,1,16,0,19,1,0,400000.0000,0.0000,0,0,0,0,0,0
n012w8-0,n012w8,0,12,1500000,100.0,adaptive,2026-07-04T11:37:08+01:00,2,2,11,10,0,0.000000,2785,2965,2785,180,6.0708,GLOBAL_BEST,0,42,0,26,0,20,0,0,0.0000,0.0000,0,0,0,0,0,0
n012w8-0,n012w8,0,12,1500000,100.0,adaptive,2026-07-04T11:37:08+01:00,2,2,11,11,0,0.000000,2665,2785,2665,120,4.3088,GLOBAL_BEST,0,42,0,26,0,21,1,0,1200000.0000,0.0000,0,0,0,0,0,0
n012w8-0,n012w8,0,12,1500000,100.0,adaptive,2026-07-04T11:37:08+01:00,2,3,11,12,0,0.000000,3280,3310,3280,30,0.9063,LOCAL_BEST,0,42,1,16,0,22,1,0,300000.0000,0.0000,0,0,0,0,0,0
n012w8-0,n012w8,0,12,1500000,100.0,adaptive,2026-07-04T11:37:08+01:00,2,2,11,12,0,0.000000,2575,2665,2575,90,3.3771,GLOBAL_BEST,0,42,0,26,0,23,0,0,0.0000,0.0000,0,0,0,0,0,0
n012w8-0,n012w8,0,12,1500000,100.0,adaptive,2026-07-04T11:37:08+01:00,2,3,11,14,0,0.000000,3265,3280,3265,15,0.4573,LOCAL_BEST,0,42,1,17,0,24,2,0,75000.0000,0.0000,0,0,0,0,0,0
n012w8-0,n012w8,0,12,1500000,100.0,adaptive,2026-07-04T11:37:08+01:00,2,1,11,15,0,99.987106,2730,2770,2730,40,1.4440,LOCAL_BEST,0,42,1,42,0,25,1,0,400000.0000,0.0000,0,0,0,0,0,0
n012w8-0,n012w8,0,12,1500000,100.0,adaptive,2026-07-04T11:37:08+01:00,2,11,11,15,151,0.000000,275,290,275,15,5.1724,GLOBAL_BEST,4,42,0,20,14,26,0,151,0.0000,99.3377,0,0,0,0,0,0
n012w8-0,n012w8,0,12,1500000,100.0,adaptive,2026-07-04T11:37:08+01:00,2,3,11,17,0,0.000000,3225,3265,3225,40,1.2251,LOCAL_BEST,0,42,1,19,0,27,2,-151,200000.0000,0.0000,0,0,0,0,0,0
n012w8-0,n012w8,0,12,1500000,100.0,adaptive,2026-07-04T11:37:08+01:00,2,3,11,18,0,0.000000,3115,3225,3115,110,3.4109,LOCAL_BEST,0,42,1,19,0,28,1,0,1100000.0000,0.0000,0,0,0,0,0,0
n012w8-0,n012w8,0,12,1500000,100.0,adaptive,2026-07-04T11:37:08+01:00,2,3,11,19,0,0.000000,3025,3115,3025,90,2.8892,LOCAL_BEST,0,42,1,24,0,29,1,0,900000.0000,0.0000,0,0,0,0,0,0
n012w8-0,n012w8,0,12,1500000,100.0,adaptive,2026-07-04T11:37:08+01:00,2,3,11,20,0,0.000000,2815,3025,2815,210,6.9421,LOCAL_BEST,0,42,1,25,0,30,1,0,2100000.0000,0.0000,0,0,0,0,0,0
n012w8-0,n012w8,0,12,1500000,100.0,adaptive,2026-07-04T11:37:08+01:00,2,1,11,24,0,99.978818,2630,2730,2630,100,3.6630,LOCAL_BEST,0,42,5,66,2,31,4,0,250000.0000,0.0000,0,0,0,0,0,0
n012w8-0,n012w8,0,12,1500000,100.0,adaptive,2026-07-04T11:37:08+01:00,2,1,11,25,0,99.977898,2555,2630,2555,75,2.8517,GLOBAL_BEST,0,42,5,66,2,32,1,0,750000.0000,0.0000,0,0,0,0,0,0
n012w8-0,n012w8,0,12,1500000,100.0,adaptive,2026-07-04T11:37:08+01:00,2,1,11,29,0,99.974214,2455,2555,2455,100,3.9139,GLOBAL_BEST,0,42,7,76,2,33,4,0,250000.0000,0.0000,0,0,0,0,0,0
n012w8-0,n012w8,0,12,1500000,100.0,adaptive,2026-07-04T11:37:08+01:00,2,1,11,31,0,99.972373,2375,2455,2375,80,3.2587,GLOBAL_BEST,0,42,7,77,3,34,2,0,400000.0000,0.0000,0,0,0,0,0,0
n012w8-0,n012w8,0,12,1500000,100.0,adaptive,2026-07-04T11:37:08+01:00,2,1,11,37,0,99.966848,2365,2375,2365,10,0.4211,GLOBAL_BEST,0,42,8,96,4,35,6,0,16666.6667,0.0000,0,0,0,0,0,0
n012w8-0,n012w8,0,12,1500000,100.0,adaptive,2026-07-04T11:37:08+01:00,2,3,11,38,0,0.000000,2765,2815,2765,50,1.7762,LOCAL_BEST,0,42,8,48,0,36,1,0,500000.0000,0.0000,0,0,0,0,0,0
n012w8-0,n012w8,0,12,1500000,100.0,adaptive,2026-07-04T11:37:08+01:00,2,1,11,40,0,99.964086,2305,2365,2305,60,2.5370,GLOBAL_BEST,0,42,10,96,4,37,2,0,300000.0000,0.0000,0,0,0,0,0,0
n012w8-0,n012w8,0,12,1500000,100.0,adaptive,2026-07-04T11:37:08+01:00,2,1,11,41,0,99.963165,2275,2305,2275,30,1.3015,GLOBAL_BEST,0,42,10,97,4,38,1,0,300000.0000,0.0000,0,0,0,0,0,0
n012w8-0,n012w8,0,12,1500000,100.0,adaptive,2026-07-04T11:37:08+01:00,2,3,11,42,0,0.000000,2660,2765,2660,105,3.7975,LOCAL_BEST,0,42,9,48,0,39,1,0,1050000.0000,0.0000,0,0,0,0,0,0
n012w8-0,n012w8,0,12,1500000,100.0,adaptive,2026-07-04T11:37:08+01:00,2,3,11,45,0,0.000000,2510,2660,2510,150,5.6391,LOCAL_BEST,0,42,10,51,0,40,3,0,500000.0000,0.0000,0,0,0,0,0,0
n012w8-0,n012w8,0,12,1500000,100.0,adaptive,2026-07-04T11:37:08+01:00,2,3,11,49,0,0.000000,2495,2510,2495,15,0.5976,LOCAL_BEST,0,42,12,63,0,41,4,0,37500.0000,0.0000,0,0,0,0,0,0
n012w8-0,n012w8,0,12,1500000,100.0,adaptive,2026-07-04T11:37:08+01:00,2,3,11,50,0,0.000000,2435,2495,2435,60,2.4048,LOCAL_BEST,0,42,12,66,0,42,1,0,600000.0000,0.0000,0,0,0,0,0,0
n012w8-0,n012w8,0,12,1500000,100.0,adaptive,2026-07-04T11:37:08+01:00,2,1,11,50,0,99.954880,2170,2275,2170,105,4.6154,GLOBAL_BEST,0,42,14,112,5,43,0,0,0.0000,0.0000,0,0,0,0,0,0
n012w8-0,n012w8,0,12,1500000,100.0,adaptive,2026-07-04T11:37:08+01:00,2,3,11,52,0,0.000000,2375,2435,2375,60,2.4641,LOCAL_BEST,0,42,12,72,0,44,2,0,300000.0000,0.0000,0,0,0,0,0,0
n012w8-0,n012w8,0,12,1500000,100.0,adaptive,2026-07-04T11:37:08+01:00,2,1,11,53,0,99.952118,2110,2170,2110,60,2.7650,GLOBAL_BEST,0,42,14,122,6,45,1,0,600000.0000,0.0000,0,0,0,0,0,0
n012w8-0,n012w8,0,12,1500000,100.0,adaptive,2026-07-04T11:37:08+01:00,2,1,11,55,0,99.950277,2080,2110,2080,30,1.4218,GLOBAL_BEST,0,42,14,129,7,46,2,0,150000.0000,0.0000,0,0,0,0,0,0
n012w8-0,n012w8,0,12,1500000,100.0,adaptive,2026-07-04T11:37:08+01:00,2,1,11,56,0,99.949356,1990,2080,1990,90,4.3269,GLOBAL_BEST,0,42,14,131,7,47,1,0,900000.0000,0.0000,0,0,0,0,0,0
n012w8-0,n012w8,0,12,1500000,100.0,adaptive,2026-07-04T11:37:08+01:00,2,3,11,62,0,0.000000,2345,2375,2345,30,1.2632,LOCAL_BEST,0,42,14,91,1,48,6,0,50000.0000,0.0000,0,0,0,0,0,0
n012w8-0,n012w8,0,12,1500000,100.0,adaptive,2026-07-04T11:37:08+01:00,2,1,11,69,0,99.937389,1965,1990,1965,25,1.2563,GLOBAL_BEST,0,42,20,156,9,49,7,0,35714.2857,0.0000,0,0,0,0,0,0
n012w8-0,n012w8,0,12,1500000,100.0,adaptive,2026-07-04T11:37:08+01:00,2,3,11,78,0,0.000000,2320,2345,2320,25,1.0661,LOCAL_BEST,0,42,17,117,2,50,9,0,27777.7778,0.0000,0,0,0,0,0,0
n012w8-0,n012w8,0,12,1500000,100.0,adaptive,2026-07-04T11:37:08+01:00,2,2,11,79,0,0.000000,2520,2575,2520,55,2.1359,LOCAL_BEST,0,42,0,139,0,51,1,0,550000.0000,0.0000,0,0,0,0,0,0
n012w8-0,n012w8,0,12,1500000,100.0,adaptive,2026-07-04T11:37:08+01:00,2,1,11,79,0,99.928185,1935,1965,1935,30,1.5267,GLOBAL_BEST,0,42,21,175,12,52,0,0,0.0000,0.0000,0,0,0,0,0,0
n012w8-0,n012w8,0,12,1500000,100.0,adaptive,2026-07-04T11:37:08+01:00,2,3,11,81,0,0.000000,2260,2320,2260,60,2.5862,LOCAL_BEST,0,42,18,124,2,53,2,0,300000.0000,0.0000,0,0,0,0,0,0
n012w8-0,n012w8,0,12,1500000,100.0,adaptive,2026-07-04T11:37:08+01:00,2,2,11,89,0,0.000000,2460,2520,2460,60,2.3810,LOCAL_BEST,0,42,0,145,0,54,8,0,75000.0000,0.0000,0,0,0,0,0,0
n012w8-0,n012w8,0,12,1500000,100.0,adaptive,2026-07-04T11:37:08+01:00,2,2,11,90,0,0.000000,2415,2460,2415,45,1.8293,LOCAL_BEST,0,42,0,145,0,55,1,0,450000.0000,0.0000,0,0,0,0,0,0
n012w8-0,n012w8,0,12,1500000,100.0,adaptive,2026-07-04T11:37:08+01:00,2,2,11,93,0,0.000000,2385,2415,2385,30,1.2422,LOCAL_BEST,0,42,0,146,0,56,3,0,100000.0000,0.0000,0,0,0,0,0,0
n012w8-0,n012w8,0,12,1500000,100.0,adaptive,2026-07-04T11:37:08+01:00,2,2,11,95,0,0.000000,2330,2385,2330,55,2.3061,LOCAL_BEST,0,42,0,149,0,57,2,0,275000.0000,0.0000,0,0,0,0,0,0
n012w8-0,n012w8,0,12,1500000,100.0,adaptive,2026-07-04T11:37:08+01:00,2,1,11,95,0,99.913460,1890,1935,1890,45,2.3256,GLOBAL_BEST,0,42,25,195,13,58,0,0,0.0000,0.0000,0,0,0,0,0,0
n012w8-0,n012w8,0,12,1500000,100.0,adaptive,2026-07-04T11:37:08+01:00,2,2,11,98,0,0.000000,2225,2330,2225,105,4.5064,LOCAL_BEST,0,42,0,158,0,59,3,0,350000.0000,0.0000,0,0,0,0,0,0
n012w8-0,n012w8,0,12,1500000,100.0,adaptive,2026-07-04T11:37:08+01:00,2,2,11,99,0,0.000000,2120,2225,2120,105,4.7191,LOCAL_BEST,0,42,0,158,0,60,1,0,1050000.0000,0.0000,0,0,0,0,0,0
n012w8-0,n012w8,0,12,1500000,100.0,adaptive,2026-07-04T11:37:08+01:00,2,5,11,102,44,0.000000,690,710,690,20,2.8169,GLOBAL_BEST,1,42,0,146,82,61,3,44,66666.6667,454.5455,0,0,0,0,0,0
n012w8-0,n012w8,0,12,1500000,100.0,adaptive,2026-07-04T11:37:08+01:00,2,1,11,106,0,99.903338,1860,1890,1860,30,1.5873,GLOBAL_BEST,0,42,28,216,14,62,4,-44,75000.0000,0.0000,0,0,0,0,0,0
n012w8-0,n012w8,0,12,1500000,100.0,adaptive,2026-07-04T11:37:08+01:00,2,1,11,108,0,99.901498,1800,1860,1800,60,3.2258,GLOBAL_BEST,0,42,28,216,14,63,2,0,300000.0000,0.0000,0,0,0,0,0,0
n012w8-0,n012w8,0,12,1500000,100.0,adaptive,2026-07-04T11:37:08+01:00,2,2,11,109,0,0.000000,2065,2120,2065,55,2.5943,LOCAL_BEST,0,42,0,175,0,64,1,0,550000.0000,0.0000,0,0,0,0,0,0
n012w8-0,n012w8,0,12,1500000,100.0,adaptive,2026-07-04T11:37:08+01:00,2,1,11,110,0,99.899658,1725,1800,1725,75,4.1667,GLOBAL_BEST,0,42,29,224,14,65,1,0,750000.0000,0.0000,0,0,0,0,0,0
n012w8-0,n012w8,0,12,1500000,100.0,adaptive,2026-07-04T11:37:08+01:00,2,1,11,113,0,99.896897,1695,1725,1695,30,1.7391,GLOBAL_BEST,0,42,29,227,15,66,3,0,100000.0000,0.0000,0,0,0,0,0,0
n012w8-0,n012w8,0,12,1500000,100.0,adaptive,2026-07-04T11:37:08+01:00,2,1,11,120,0,99.890457,1560,1695,1560,135,7.9646,GLOBAL_BEST,0,42,30,231,18,67,7,0,192857.1429,0.0000,0,0,0,0,0,0
n012w8-0,n012w8,0,12,1500000,100.0,adaptive,2026-07-04T11:37:08+01:00,2,1,11,121,0,99.889537,1500,1560,1500,60,3.8462,GLOBAL_BEST,0,42,30,235,18,68,1,0,600000.0000,0.0000,0,0,0,0,0,0
n012w8-0,n012w8,0,12,1500000,100.0,adaptive,2026-07-04T11:37:08+01:00,2,5,11,128,44,0.000000,660,690,660,30,4.3478,GLOBAL_BEST,1,42,0,162,98,69,7,44,42857.1429,681.8182,0,0,0,0,0,0
n012w8-0,n012w8,0,12,1500000,100.0,adaptive,2026-07-04T11:37:08+01:00,2,1,11,132,0,99.879417,1455,1500,1455,45,3.0000,GLOBAL_BEST,0,42,33,258,20,70,4,-44,112500.0000,0.0000,0,0,0,0,0,0
n012w8-0,n012w8,0,12,1500000,100.0,adaptive,2026-07-04T11:37:08+01:00,2,1,11,134,0,99.877577,1290,1455,1290,165,11.3402,GLOBAL_BEST,0,42,33,263,21,71,2,0,825000.0000,0.0000,0,0,0,0,0,0
n012w8-0,n012w8,0,12,1500000,100.0,adaptive,2026-07-04T11:37:08+01:00,2,1,11,136,0,99.875738,1225,1290,1225,65,5.0388,GLOBAL_BEST,0,42,34,263,21,72,2,0,325000.0000,0.0000,0,0,0,0,0,0
n012w8-0,n012w8,0,12,1500000,100.0,adaptive,2026-07-04T11:37:08+01:00,2,3,11,145,0,0.000000,2230,2260,2230,30,1.3274,LOCAL_BEST,0,42,45,254,3,73,9,0,33333.3333,0.0000,0,0,0,0,0,0
n012w8-0,n012w8,0,12,1500000,100.0,adaptive,2026-07-04T11:37:08+01:00,2,3,11,202,1,0.000000,2200,2230,2200,30,1.3453,LOCAL_BEST,0,42,64,346,5,74,57,1,5263.1579,30000.0000,0,0,0,0,0,0
n012w8-0,n012w8,0,12,1500000,100.0,adaptive,2026-07-04T11:37:08+01:00,2,3,11,203,1,0.000000,2185,2200,2185,15,0.6818,LOCAL_BEST,0,42,64,346,5,75,1,0,150000.0000,0.0000,0,0,0,0,0,0
n012w8-0,n012w8,0,12,1500000,100.0,adaptive,2026-07-04T11:37:08+01:00,2,3,11,204,1,0.000000,2110,2185,2110,75,3.4325,LOCAL_BEST,0,42,64,346,5,76,1,0,750000.0000,0.0000,0,0,0,0,0,0
n012w8-0,n012w8,0,12,1500000,100.0,adaptive,2026-07-04T11:37:08+01:00,2,3,11,205,1,0.000000,2020,2110,2020,90,4.2654,LOCAL_BEST,0,42,64,347,5,77,1,0,900000.0000,0.0000,0,0,0,0,0,0
n012w8-0,n012w8,0,12,1500000,100.0,adaptive,2026-07-04T11:37:08+01:00,2,3,11,206,1,0.000000,1930,2020,1930,90,4.4554,LOCAL_BEST,0,42,64,349,5,78,1,0,900000.0000,0.0000,0,0,0,0,0,0
n012w8-0,n012w8,0,12,1500000,100.0,adaptive,2026-07-04T11:37:08+01:00,2,3,11,212,1,0.000000,1885,1930,1885,45,2.3316,LOCAL_BEST,0,42,64,357,5,79,6,0,75000.0000,0.0000,0,0,0,0,0,0
n012w8-0,n012w8,0,12,1500000,100.0,adaptive,2026-07-04T11:37:08+01:00,2,3,11,216,1,0.000000,1810,1885,1810,75,3.9788,LOCAL_BEST,0,42,66,367,5,80,4,0,187500.0000,0.0000,0,0,0,0,0,0
n012w8-0,n012w8,0,12,1500000,100.0,adaptive,2026-07-04T11:37:08+01:00,2,5,11,228,44,0.000000,645,660,645,15,2.2727,GLOBAL_BEST,1,42,0,300,164,81,12,43,12500.0000,348.8372,0,0,0,0,0,0
n012w8-0,n012w8,0,12,1500000,100.0,adaptive,2026-07-04T11:37:08+01:00,2,2,11,255,1,0.000000,1990,2065,1990,75,3.6320,LOCAL_BEST,0,42,0,432,0,82,27,-43,27777.7778,0.0000,0,0,0,0,0,0
n012w8-0,n012w8,0,12,1500000,100.0,adaptive,2026-07-04T11:37:08+01:00,2,2,11,257,1,0.000000,1945,1990,1945,45,2.2613,LOCAL_BEST,0,42,0,434,0,83,2,0,225000.0000,0.0000,0,0,0,0,0,0
n012w8-0,n012w8,0,12,1500000,100.0,adaptive,2026-07-04T11:37:08+01:00,2,8,11,307,86,0.000000,370,385,370,15,3.8961,GLOBAL_BEST,3,42,0,468,294,84,50,85,3000.0000,176.4706,0,0,0,0,0,0
n012w8-0,n012w8,0,12,1500000,100.0,adaptive,2026-07-04T11:37:08+01:00,2,3,11,470,1,0.000000,1745,1810,1745,65,3.5912,LOCAL_BEST,0,42,165,791,10,85,163,-85,3987.7301,0.0000,0,0,0,0,0,0
n012w8-0,n012w8,0,12,1500000,100.0,adaptive,2026-07-04T11:37:08+01:00,2,2,11,476,1,0.000000,1940,1945,1940,5,0.2571,LOCAL_BEST,0,42,0,792,0,86,6,0,8333.3333,0.0000,0,0,0,0,0,0
n012w8-0,n012w8,0,12,1500000,100.0,adaptive,2026-07-04T11:37:08+01:00,2,2,11,477,1,0.000000,1910,1940,1910,30,1.5464,LOCAL_BEST,0,42,0,796,0,87,1,0,300000.0000,0.0000,0,0,0,0,0,0
n012w8-0,n012w8,0,12,1500000,100.0,adaptive,2026-07-04T11:37:08+01:00,2,2,11,482,1,0.000000,1865,1910,1865,45,2.3560,LOCAL_BEST,0,42,0,799,0,88,5,0,90000.0000,0.0000,0,0,0,0,0,0
n012w8-0,n012w8,0,12,1500000,100.0,adaptive,2026-07-04T11:37:08+01:00,2,2,11,485,1,0.000000,1750,1865,1750,115,6.1662,LOCAL_BEST,0,42,0,808,0,89,3,0,383333.3333,0.0000,0,0,0,0,0,0
n012w8-0,n012w8,0,12,1500000,100.0,adaptive,2026-07-04T11:37:08+01:00,2,3,11,568,1,0.000000,1700,1745,1700,45,2.5788,LOCAL_BEST,0,42,201,934,15,90,83,0,5421.6867,0.0000,0,0,0,0,0,0
n012w8-0,n012w8,0,12,1500000,100.0,adaptive,2026-07-04T11:37:08+01:00,2,3,11,569,1,0.000000,1685,1700,1685,15,0.8824,LOCAL_BEST,0,42,201,942,15,91,1,0,150000.0000,0.0000,0,0,0,0,0,0
n012w8-0,n012w8,0,12,1500000,100.0,adaptive,2026-07-04T11:37:08+01:00,2,3,11,570,1,0.000000,1640,1685,1640,45,2.6706,LOCAL_BEST,0,42,201,942,15,92,1,0,450000.0000,0.0000,0,0,0,0,0,0
n012w8-0,n012w8,0,12,1500000,100.0,adaptive,2026-07-04T11:37:08+01:00,2,3,11,572,1,0.000000,1625,1640,1625,15,0.9146,LOCAL_BEST,0,42,201,945,15,93,2,0,75000.0000,0.0000,0,0,0,0,0,0
n012w8-0,n012w8,0,12,1500000,100.0,adaptive,2026-07-04T11:37:08+01:00,2,3,11,576,1,0.000000,1620,1625,1620,5,0.3077,LOCAL_BEST,0,42,204,949,15,94,4,0,12500.0000,0.0000,0,0,0,0,0,0
n012w8-0,n012w8,0,12,1500000,100.0,adaptive,2026-07-04T11:37:08+01:00,2,2,11,644,1,0.000000,1740,1750,1740,10,0.5714,LOCAL_BEST,0,42,0,1127,0,95,68,0,1470.5882,0.0000,0,0,0,0,0,0
n012w8-0,n012w8,0,12,1500000,100.0,adaptive,2026-07-04T11:37:08+01:00,2,1,11,662,1,99.393046,1160,1225,1160,65,5.3061,GLOBAL_BEST,0,42,166,1060,198,96,18,0,36111.1111,0.0000,0,0,0,0,0,0
n012w8-0,n012w8,0,12,1500000,100.0,adaptive,2026-07-04T11:37:08+01:00,2,5,11,803,45,0.000000,630,645,630,15,2.3256,GLOBAL_BEST,1,42,0,1097,604,97,141,44,1063.8298,340.9091,0,0,0,0,0,0
n012w8-0,n012w8,0,12,1500000,100.0,adaptive,2026-07-04T11:37:08+01:00,2,2,11,1106,2,0.000000,1710,1740,1710,30,1.7241,LOCAL_BEST,0,42,0,1938,0,98,303,-43,990.0990,0.0000,0,0,0,0,0,0
n012w8-0,n012w8,0,12,1500000,100.0,adaptive,2026-07-04T11:37:08+01:00,2,2,11,1108,2,0.000000,1695,1710,1695,15,0.8772,LOCAL_BEST,0,42,0,1940,0,99,2,0,75000.0000,0.0000,0,0,0,0,0,0
n012w8-0,n012w8,0,12,1500000,100.0,adaptive,2026-07-04T11:37:08+01:00,2,2,11,1153,2,0.000000,1645,1695,1645,50,2.9499,LOCAL_BEST,0,42,0,2009,2,100,45,0,11111.1111,0.0000,0,0,0,0,0,0
n012w8-0,n012w8,0,12,1500000,100.0,adaptive,2026-07-04T11:37:08+01:00,2,5,11,1244,46,0.000000,605,630,605,25,3.9683,GLOBAL_BEST,1,42,0,1719,957,101,91,44,2747.2527,568.1818,0,0,0,0,0,0
n012w8-0,n012w8,0,12,1500000,100.0,adaptive,2026-07-04T11:37:08+01:00,2,8,11,1580,87,0.000000,365,370,365,5,1.3514,GLOBAL_BEST,3,42,0,2294,1489,102,336,41,148.8095,121.9512,0,0,0,0,0,0
n012w8-0,n012w8,0,12,1500000,100.0,adaptive,2026-07-04T11:37:08+01:00,2,2,11,1585,3,0.000000,1635,1645,1635,10,0.6079,LOCAL_BEST,0,42,0,2781,41,103,5,-84,20000.0000,0.0000,0,0,0,0,0,0
n012w8-0,n012w8,0,12,1500000,100.0,adaptive,2026-07-04T11:37:08+01:00,2,8,11,1608,87,0.000000,350,365,350,15,4.1096,GLOBAL_BEST,3,42,0,2349,1516,104,23,84,6521.7391,178.5714,0,0,0,0,0,0
n012w8-0,n012w8,0,12,1500000,100.0,adaptive,2026-07-04T11:37:08+01:00,2,2,11,1807,3,0.000000,1600,1635,1600,35,2.1407,LOCAL_BEST,0,42,0,3157,67,105,199,-84,1758.7940,0.0000,0,0,0,0,0,0
n012w8-0,n012w8,0,12,1500000,100.0,adaptive,2026-07-04T11:37:08+01:00,2,2,11,1808,3,0.000000,1450,1600,1450,150,9.3750,LOCAL_BEST,0,42,0,3162,67,106,1,0,1500000.0000,0.0000,0,0,0,0,0,0
n012w8-0,n012w8,0,12,1500000,100.0,adaptive,2026-07-04T11:37:08+01:00,2,3,11,1955,3,0.000000,1535,1620,1535,85,5.2469,LOCAL_BEST,0,42,732,3577,67,107,147,0,5782.3129,0.0000,0,0,0,0,0,0
n012w8-0,n012w8,0,12,1500000,100.0,adaptive,2026-07-04T11:37:08+01:00,2,3,11,2002,3,0.000000,1520,1535,1520,15,0.9772,LOCAL_BEST,0,42,752,3657,68,108,47,0,3191.4894,0.0000,0,0,0,0,0,0
n012w8-0,n012w8,0,12,1500000,100.0,adaptive,2026-07-04T11:37:08+01:00,2,3,11,2007,3,0.000000,1430,1520,1430,90,5.9211,LOCAL_BEST,0,42,755,3668,68,109,5,0,180000.0000,0.0000,0,0,0,0,0,0
n012w8-0,n012w8,0,12,1500000,100.0,adaptive,2026-07-04T11:37:08+01:00,2,3,11,2009,3,0.000000,1385,1430,1385,45,3.1469,LOCAL_BEST,0,42,755,3670,69,110,2,0,225000.0000,0.0000,0,0,0,0,0,0
n012w8-0,n012w8,0,12,1500000,100.0,adaptive,2026-07-04T11:37:08+01:00,2,1,11,2635,5,97.603187,1065,1160,1065,95,8.1897,GLOBAL_BEST,0,42,683,4482,803,111,626,2,1517.5719,47500.0000,0,0,0,0,0,0
n012w8-0,n012w8,0,12,1500000,100.0,adaptive,2026-07-04T11:37:08+01:00,2,14,11,2807,239,0.000000,245,260,245,15,5.7692,GLOBAL_BEST,6,42,0,3941,2668,112,172,234,872.0930,64.1026,0,0,0,0,0,0
n012w8-0,n012w8,0,12,1500000,100.0,adaptive,2026-07-04T11:37:08+01:00,2,2,11,4276,8,0.000000,1425,1450,1425,25,1.7241,LOCAL_BEST,0,42,0,7236,582,113,1469,-231,170.1838,0.0000,0,0,0,0,0,0
n012w8-0,n012w8,0,12,1500000,100.0,adaptive,2026-07-04T11:37:08+01:00,2,5,11,4317,50,0.000000,595,605,595,10,1.6529,GLOBAL_BEST,1,42,0,6299,3459,114,41,42,2439.0244,238.0952,0,0,0,0,0,0
n012w8-0,n012w8,0,12,1500000,100.0,adaptive,2026-07-04T11:37:08+01:00,2,2,11,4633,8,0.000000,1415,1425,1415,10,0.7018,LOCAL_BEST,0,42,0,7780,711,115,316,-42,316.4557,0.0000,0,0,0,0,0,0
n012w8-0,n012w8,0,12,1500000,100.0,adaptive,2026-07-04T11:37:08+01:00,2,2,11,4635,8,0.000000,1400,1415,1400,15,1.0601,LOCAL_BEST,0,42,0,7782,711,116,2,0,75000.0000,0.0000,0,0,0,0,0,0
n012w8-0,n012w8,0,12,1500000,100.0,adaptive,2026-07-04T11:37:08+01:00,2,1,11,5256,9,95.275229,1045,1065,1045,20,1.8779,GLOBAL_BEST,0,42,1352,8716,1667,117,621,1,322.0612,20000.0000,0,0,0,0,0,0
n012w8-0,n012w8,0,12,1500000,100.0,adaptive,2026-07-04T11:37:08+01:00,2,2,11,5509,10,0.000000,1355,1400,1355,45,3.2143,LOCAL_BEST,0,42,0,9322,977,118,253,1,1778.6561,45000.0000,0,0,0,0,0,0
n012w8-0,n012w8,0,12,1500000,100.0,adaptive,2026-07-04T11:37:08+01:00,2,5,11,5739,52,0.000000,570,595,570,25,4.2017,GLOBAL_BEST,1,42,0,8342,4624,119,230,42,1086.9565,595.2381,0,0,0,0,0,0
n012w8-0,n012w8,0,12,1500000,100.0,adaptive,2026-07-04T11:37:08+01:00,2,5,11,5763,53,0.000000,555,570,555,15,2.6316,GLOBAL_BEST,1,42,0,8373,4639,120,24,1,6250.0000,15000.0000,0,0,0,0,0,0
n012w8-0,n012w8,0,12,1500000,100.0,adaptive,2026-07-04T11:37:08+01:00,2,2,11,5767,10,0.000000,1330,1355,1330,25,1.8450,LOCAL_BEST,0,42,0,9755,1082,121,4,-43,62500.0000,0.0000,0,0,0,0,0,0
n012w8-0,n012w8,0,12,1500000,100.0,adaptive,2026-07-04T11:37:08+01:00,2,2,11,6107,11,0.000000,1325,1330,1325,5,0.3759,LOCAL_BEST,0,42,0,10297,1217,122,340,1,147.0588,5000.0000,0,0,0,0,0,0
n012w8-0,n012w8,0,12,1500000,100.0,adaptive,2026-07-04T11:37:08+01:00,2,2,11,6109,11,0.000000,1265,1325,1265,60,4.5283,LOCAL_BEST,0,42,0,10300,1217,123,2,0,300000.0000,0.0000,0,0,0,0,0,0
n012w8-0,n012w8,0,12,1500000,100.0,adaptive,2026-07-04T11:37:08+01:00,2,2,11,6113,11,0.000000,1235,1265,1235,30,2.3715,LOCAL_BEST,0,42,0,10303,1217,124,4,0,75000.0000,0.0000,0,0,0,0,0,0
n012w8-0,n012w8,0,12,1500000,100.0,adaptive,2026-07-04T11:37:08+01:00,2,1,11,6936,13,93.812347,1035,1045,1035,10,0.9569,GLOBAL_BEST,0,42,1784,11431,2227,125,823,2,121.5067,5000.0000,0,0,0,0,0,0
n012w8-0,n012w8,0,12,1500000,100.0,adaptive,2026-07-04T11:37:08+01:00,2,5,11,7345,55,0.000000,540,555,540,15,2.7027,GLOBAL_BEST,1,42,0,10649,5908,126,409,42,366.7482,357.1429,0,0,0,0,0,0
n012w8-0,n012w8,0,12,1500000,100.0,adaptive,2026-07-04T11:37:08+01:00,2,2,11,9380,16,0.000000,1165,1235,1165,70,5.6680,LOCAL_BEST,0,42,0,15560,2558,127,2035,-39,343.9803,0.0000,0,0,0,0,0,0
n012w8-0,n012w8,0,12,1500000,100.0,adaptive,2026-07-04T11:37:08+01:00,2,2,11,9468,16,0.000000,1070,1165,1070,95,8.1545,LOCAL_BEST,0,42,0,15675,2592,128,88,0,10795.4545,0.0000,0,0,0,0,0,0
n012w8-0,n012w8,0,12,1500000,100.0,adaptive,2026-07-04T11:37:08+01:00,2,1,11,9695,17,91.458484,995,1035,995,40,3.8647,GLOBAL_BEST,0,42,2446,15772,3229,129,227,1,1762.1145,40000.0000,0,0,0,0,0,0
n012w8-0,n012w8,0,12,1500000,100.0,adaptive,2026-07-04T11:37:08+01:00,2,5,11,10649,61,0.000000,495,540,495,45,8.3333,GLOBAL_BEST,1,42,0,15405,8538,130,954,44,471.6981,1022.7273,0,0,0,0,0,0
n012w8-0,n012w8,0,12,1500000,100.0,adaptive,2026-07-04T11:37:08+01:00,2,2,11,11198,19,0.000000,1060,1070,1060,10,0.9346,LOCAL_BEST,0,42,0,18540,3349,131,549,-42,182.1494,0.0000,0,0,0,0,0,0
n012w8-0,n012w8,0,12,1500000,100.0,adaptive,2026-07-04T11:37:08+01:00,2,1,11,12055,21,89.491956,980,995,980,15,1.5075,GLOBAL_BEST,0,42,3033,19869,4005,132,857,2,175.0292,7500.0000,0,0,0,0,0,0
n012w8-0,n012w8,0,12,1500000,100.0,adaptive,2026-07-04T11:37:08+01:00,2,8,11,13259,104,0.000000,335,350,335,15,4.2857,GLOBAL_BEST,3,42,0,18208,12716,133,1204,83,124.5847,180.7229,0,0,0,0,0,0
n012w8-0,n012w8,0,12,1500000,100.0,adaptive,2026-07-04T11:37:08+01:00,2,8,11,13324,104,0.000000,305,335,305,30,8.9552,GLOBAL_BEST,3,42,0,18288,12778,134,65,0,4615.3846,0.0000,0,0,0,0,0,0
n012w8-0,n012w8,0,12,1500000,100.0,adaptive,2026-07-04T11:37:08+01:00,2,5,11,13625,66,0.000000,485,495,485,10,2.0202,GLOBAL_BEST,1,42,0,19872,10865,135,301,-38,332.2259,0.0000,0,0,0,0,0,0
n012w8-0,n012w8,0,12,1500000,100.0,adaptive,2026-07-04T11:37:08+01:00,2,5,11,13632,66,0.000000,440,485,440,45,9.2784,GLOBAL_BEST,1,42,0,19883,10869,136,7,0,64285.7143,0.0000,0,0,0,0,0,0
n012w8-0,n012w8,0,12,1500000,100.0,adaptive,2026-07-04T11:37:08+01:00,2,5,11,13633,66,0.000000,410,440,410,30,6.8182,GLOBAL_BEST,1,42,0,19885,10869,137,1,0,300000.0000,0.0000,0,0,0,0,0,0
n012w8-0,n012w8,0,12,1500000,100.0,adaptive,2026-07-04T11:37:08+01:00,2,2,11,14266,24,0.000000,1020,1060,1020,40,3.7736,LOCAL_BEST,0,42,0,23446,4850,138,633,-42,631.9115,0.0000,0,0,0,0,0,0
n012w8-0,n012w8,0,12,1500000,100.0,adaptive,2026-07-04T11:37:08+01:00,2,2,11,14267,24,0.000000,945,1020,945,75,7.3529,GLOBAL_BEST,0,42,0,23448,4850,139,1,0,750000.0000,0.0000,0,0,0,0,0,0
n012w8-0,n012w8,0,12,1500000,100.0,adaptive,2026-07-04T11:37:08+01:00,2,2,11,14390,24,0.000000,925,945,925,20,2.1164,GLOBAL_BEST,0,42,0,23639,4911,140,123,0,1626.0163,0.0000,0,0,0,0,0,0
n012w8-0,n012w8,0,12,1500000,100.0,adaptive,2026-07-04T11:37:08+01:00,2,3,11,18046,33,0.000000,1335,1385,1335,50,3.6101,LOCAL_BEST,0,42,6844,30868,716,141,3656,9,136.7615,5555.5556,0,0,0,0,0,0
n012w8-0,n012w8,0,12,1500000,100.0,adaptive,2026-07-04T11:37:08+01:00,2,1,11,19023,33,83.928991,970,980,970,10,1.0204,LOCAL_BEST,0,42,4715,31149,6503,142,977,0,102.3541,0.0000,0,0,0,0,0,0
n012w8-0,n012w8,0,12,1500000,100.0,adaptive,2026-07-04T11:37:08+01:00,2,1,11,19025,33,83.927445,940,970,940,30,3.0928,LOCAL_BEST,0,42,4715,31149,6504,143,2,0,150000.0000,0.0000,0,0,0,0,0,0
n012w8-0,n012w8,0,12,1500000,100.0,adaptive,2026-07-04T11:37:08+01:00,2,1,11,19026,33,83.926672,895,940,895,45,4.7872,GLOBAL_BEST,0,42,4715,31149,6504,144,1,0,450000.0000,0.0000,0,0,0,0,0,0
n012w8-0,n012w8,0,12,1500000,100.0,adaptive,2026-07-04T11:37:08+01:00,2,1,11,19030,33,83.923580,880,895,880,15,1.6760,GLOBAL_BEST,0,42,4715,31159,6507,145,4,0,37500.0000,0.0000,0,0,0,0,0,0
n012w8-0,n012w8,0,12,1500000,100.0,adaptive,2026-07-04T11:37:08+01:00,2,2,11,19790,34,0.000000,915,925,915,10,1.0811,LOCAL_BEST,0,42,0,32186,7947,146,760,1,131.5789,10000.0000,0,0,0,0,0,0
n012w8-0,n012w8,0,12,1500000,100.0,adaptive,2026-07-04T11:37:08+01:00,2,2,11,19791,34,0.000000,885,915,885,30,3.2787,LOCAL_BEST,0,42,0,32189,7947,147,1,0,300000.0000,0.0000,0,0,0,0,0,0
n012w8-0,n012w8,0,12,1500000,100.0,adaptive,2026-07-04T11:37:08+01:00,2,2,11,20117,34,0.000000,875,885,875,10,1.1299,GLOBAL_BEST,0,42,0,32670,8128,148,326,0,306.7485,0.0000,0,0,0,0,0,0
n012w8-0,n012w8,0,12,1500000,100.0,adaptive,2026-07-04T11:37:08+01:00,2,2,11,24167,40,0.000000,860,875,860,15,1.7143,GLOBAL_BEST,0,42,0,39028,10562,149,4050,6,37.0370,2500.0000,0,0,0,0,0,0
n012w8-0,n012w8,0,12,1500000,100.0,adaptive,2026-07-04T11:37:08+01:00,2,2,11,24921,42,0.000000,850,860,850,10,1.1628,GLOBAL_BEST,0,42,0,40182,11045,150,754,2,132.6260,5000.0000,0,0,0,0,0,0
n012w8-0,n012w8,0,12,1500000,100.0,adaptive,2026-07-04T11:37:08+01:00,2,2,11,24924,42,0.000000,820,850,820,30,3.5294,GLOBAL_BEST,0,42,0,40191,11045,151,3,0,100000.0000,0.0000,0,0,0,0,0,0
n012w8-0,n012w8,0,12,1500000,100.0,adaptive,2026-07-04T11:37:08+01:00,2,2,11,26365,44,0.000000,770,820,770,50,6.0976,GLOBAL_BEST,0,42,0,42294,11929,152,1441,2,346.9813,25000.0000,0,0,0,0,0,0
n012w8-0,n012w8,0,12,1500000,100.0,adaptive,2026-07-04T11:37:08+01:00,2,5,11,27391,85,0.000000,385,410,385,25,6.0976,GLOBAL_BEST,1,42,0,39877,22376,153,1026,41,243.6647,609.7561,0,0,0,0,0,0
n012w8-0,n012w8,0,12,1500000,100.0,adaptive,2026-07-04T11:37:08+01:00,2,2,11,31872,52,0.000000,750,770,750,20,2.5974,LOCAL_BEST,0,42,0,50869,15692,154,4481,-33,44.6329,0.0000,0,0,0,0,0,0
n012w8-0,n012w8,0,12,1500000,100.0,adaptive,2026-07-04T11:37:08+01:00,2,5,11,32277,92,0.000000,365,385,365,20,5.1948,LOCAL_BEST,1,42,0,46651,26628,155,405,40,493.8272,500.0000,0,0,0,0,0,0
n012w8-0,n012w8,0,12,1500000,100.0,adaptive,2026-07-04T11:37:08+01:00,2,2,11,32913,54,0.000000,715,750,715,35,4.6667,LOCAL_BEST,0,42,0,52439,16418,156,636,-38,550.3145,0.0000,0,0,0,0,0,0
n012w8-0,n012w8,0,12,1500000,100.0,adaptive,2026-07-04T11:37:08+01:00,2,2,11,34938,57,0.000000,695,715,695,20,2.7972,LOCAL_BEST,0,42,0,55440,17834,157,2025,3,98.7654,6666.6667,0,0,0,0,0,0
n012w8-0,n012w8,0,12,1500000,100.0,adaptive,2026-07-04T11:37:08+01:00,2,2,11,35021,57,0.000000,665,695,665,30,4.3165,LOCAL_BEST,0,42,0,55570,17888,158,83,0,3614.4578,0.0000,0,0,0,0,0,0
n012w8-0,n012w8,0,12,1500000,100.0,adaptive,2026-07-04T11:37:08+01:00,2,2,11,36793,60,0.000000,650,665,650,15,2.2556,LOCAL_BEST,0,42,0,58169,19113,159,1772,3,84.6501,5000.0000,0,0,0,0,0,0
n012w8-0,n012w8,0,12,1500000,100.0,adaptive,2026-07-04T11:37:08+01:00,2,1,11,37806,63,70.595985,860,880,860,20,2.2727,LOCAL_BEST,0,42,8869,62026,14090,160,1013,3,197.4334,6666.6667,0,0,0,0,0,0
n012w8-0,n012w8,0,12,1500000,100.0,adaptive,2026-07-04T11:37:08+01:00,2,1,11,37820,63,70.586882,845,860,845,15,1.7442,LOCAL_BEST,0,42,8870,62034,14097,161,14,0,10714.2857,0.0000,0,0,0,0,0,0
n012w8-0,n012w8,0,12,1500000,100.0,adaptive,2026-07-04T11:37:08+01:00,2,1,11,37829,63,70.581031,830,845,830,15,1.7751,LOCAL_BEST,0,42,8871,62046,14103,162,9,0,16666.6667,0.0000,0,0,0,0,0,0
n012w8-0,n012w8,0,12,1500000,100.0,adaptive,2026-07-04T11:37:08+01:00,2,2,11,39367,64,0.000000,575,650,575,75,11.5385,LOCAL_BEST,0,42,0,61955,20935,163,1538,1,487.6463,75000.0000,0,0,0,0,0,0
n012w8-0,n012w8,0,12,1500000,100.0,adaptive,2026-07-04T11:37:08+01:00,2,4,11,43991,117,66.686819,765,770,765,5,0.6494,LOCAL_BEST,1,42,10057,71094,17149,164,4624,53,10.8131,94.3396,0,0,0,0,0,0
n012w8-0,n012w8,0,12,1500000,100.0,adaptive,2026-07-04T11:37:08+01:00,2,5,11,44269,117,0.000000,320,365,320,45,12.3288,LOCAL_BEST,1,42,0,64069,37254,165,278,0,1618.7050,0.0000,0,0,0,0,0,0
n012w8-0,n012w8,0,12,1500000,100.0,adaptive,2026-07-04T11:37:08+01:00,2,5,11,44379,117,0.000000,315,320,315,5,1.5625,LOCAL_BEST,1,42,0,64258,37343,166,110,0,454.5455,0.0000,0,0,0,0,0,0
n012w8-0,n012w8,0,12,1500000,100.0,adaptive,2026-07-04T11:37:08+01:00,2,2,11,44817,72,0.000000,565,575,565,10,1.7391,LOCAL_BEST,0,42,0,69991,24800,167,438,-45,228.3105,0.0000,0,0,0,0,0,0
n012w8-0,n012w8,0,12,1500000,100.0,adaptive,2026-07-04T11:37:08+01:00,2,2,11,45754,73,0.000000,515,565,515,50,8.8496,LOCAL_BEST,0,42,0,71260,25508,168,937,1,533.6179,50000.0000,0,0,0,0,0,0
n012w8-0,n012w8,0,12,1500000,100.0,adaptive,2026-07-04T11:37:08+01:00,2,1,11,47954,79,64.296599,805,830,805,25,3.0120,LOCAL_BEST,0,42,10965,77886,18509,169,2200,6,113.6364,4166.6667,0,0,0,0,0,0
n012w8-0,n012w8,0,12,1500000,100.0,adaptive,2026-07-04T11:37:08+01:00,2,2,11,54043,86,0.000000,505,515,505,10,1.9417,LOCAL_BEST,0,42,0,83321,31929,170,6089,7,16.4231,1428.5714,0,0,0,0,0,0
n012w8-0,n012w8,0,12,1500000,100.0,adaptive,2026-07-04T11:37:08+01:00,2,1,11,54260,92,60.668604,785,805,785,20,2.4845,LOCAL_BEST,0,42,12135,87833,21528,171,217,6,921.6590,3333.3333,0,0,0,0,0,0
n012w8-0,n012w8,0,12,1500000,100.0,adaptive,2026-07-04T11:37:08+01:00,2,2,11,57317,91,0.000000,485,505,485,20,3.9604,LOCAL_BEST,0,42,0,87800,34567,172,3057,-1,65.4236,0.0000,0,0,0,0,0,0
n012w8-0,n012w8,0,12,1500000,100.0,adaptive,2026-07-04T11:37:08+01:00,2,1,11,57769,98,58.739196,760,785,760,25,3.1847,LOCAL_BEST,0,42,12746,93418,23277,173,452,7,553.0973,3571.4286,0,0,0,0,0,0
n012w8-0,n012w8,0,12,1500000,100.0,adaptive,2026-07-04T11:37:08+01:00,2,1,11,57770,98,58.738655,745,760,745,15,1.9737,LOCAL_BEST,0,42,12746,93418,23277,174,1,0,150000.0000,0.0000,0,0,0,0,0,0
n012w8-0,n012w8,0,12,1500000,100.0,adaptive,2026-07-04T11:37:08+01:00,2,2,11,57826,91,0.000000,470,485,470,15,3.0928,LOCAL_BEST,0,42,0,88513,34983,175,56,-7,2678.5714,0.0000,0,0,0,0,0,0
n012w8-0,n012w8,0,12,1500000,100.0,adaptive,2026-07-04T11:37:08+01:00,2,5,11,58193,148,0.000000,305,315,305,10,3.1746,LOCAL_BEST,1,42,0,84501,49648,176,367,57,272.4796,175.4386,0,0,0,0,0,0
n012w8-0,n012w8,0,12,1500000,100.0,adaptive,2026-07-04T11:37:08+01:00,2,5,11,58210,148,0.000000,290,305,290,15,4.9180,GLOBAL_BEST,1,42,0,84519,49662,177,17,0,8823.5294,0.0000,0,0,0,0,0,0
n012w8-0,n012w8,0,12,1500000,100.0,adaptive,2026-07-04T11:37:08+01:00,2,2,11,59510,94,0.000000,450,470,450,20,4.2553,LOCAL_BEST,0,42,0,90908,36405,178,1300,-54,153.8462,0.0000,0,0,0,0,0,0
n012w8-0,n012w8,0,12,1500000,100.0,adaptive,2026-07-04T11:37:08+01:00,2,2,11,59511,94,0.000000,435,450,435,15,3.3333,LOCAL_BEST,0,42,0,90908,36405,179,1,0,150000.0000,0.0000,0,0,0,0,0,0
n012w8-0,n012w8,0,12,1500000,100.0,adaptive,2026-07-04T11:37:08+01:00,2,1,11,59676,102,57.716502,730,745,730,15,2.0134,LOCAL_BEST,0,42,13077,96444,24265,180,165,8,909.0909,1875.0000,0,0,0,0,0,0
n012w8-0,n012w8,0,12,1500000,100.0,adaptive,2026-07-04T11:37:08+01:00,2,5,11,66712,159,0.000000,280,290,280,10,3.4483,LOCAL_BEST,1,42,0,96645,57311,181,7036,57,14.2126,175.4386,0,0,0,0,0,0
n012w8-0,n012w8,0,12,1500000,100.0,adaptive,2026-07-04T11:37:08+01:00,2,4,11,69749,157,52.602696,750,765,750,15,1.9608,LOCAL_BEST,1,42,14718,111624,29938,182,3037,-2,49.3908,0.0000,0,0,0,0,0,0
n012w8-0,n012w8,0,12,1500000,100.0,adaptive,2026-07-04T11:37:08+01:00,2,4,11,69752,157,52.601242,720,750,720,30,4.0000,LOCAL_BEST,1,42,14718,111626,29940,183,3,0,100000.0000,0.0000,0,0,0,0,0,0
n012w8-0,n012w8,0,12,1500000,100.0,adaptive,2026-07-04T11:37:08+01:00,2,5,11,69980,164,0.000000,265,280,265,15,5.3571,GLOBAL_BEST,1,42,0,100998,60337,184,228,7,657.8947,2142.8571,0,0,0,0,0,0
n012w8-0,n012w8,0,12,1500000,100.0,adaptive,2026-07-04T11:37:08+01:00,2,1,11,71283,126,51.864716,645,730,645,85,11.6438,LOCAL_BEST,0,42,15076,114882,30375,185,1303,-38,652.3408,0.0000,0,0,0,0,0,0
n012w8-0,n012w8,0,12,1500000,100.0,adaptive,2026-07-04T11:37:08+01:00,2,1,11,71285,126,51.863760,600,645,600,45,6.9767,LOCAL_BEST,0,42,15076,114892,30376,186,2,0,225000.0000,0.0000,0,0,0,0,0,0
n012w8-0,n012w8,0,12,1500000,100.0,adaptive,2026-07-04T11:37:08+01:00,2,2,11,73873,118,0.000000,425,435,425,10,2.2989,LOCAL_BEST,0,42,0,110799,48243,187,2588,-8,38.6399,0.0000,0,0,0,0,0,0
n012w8-0,n012w8,0,12,1500000,100.0,adaptive,2026-07-04T11:37:08+01:00,2,2,11,77568,124,0.000000,420,425,420,5,1.1765,LOCAL_BEST,0,42,0,116053,51432,188,3695,6,13.5318,833.3333,0,0,0,0,0,0
n012w8-0,n012w8,0,12,1500000,100.0,adaptive,2026-07-04T11:37:08+01:00,2,4,11,79223,174,48.207210,700,720,700,20,2.7778,LOCAL_BEST,1,42,16239,126243,35149,189,1655,50,120.8459,400.0000,0,0,0,0,0,0
n012w8-0,n012w8,0,12,1500000,100.0,adaptive,2026-07-04T11:37:08+01:00,2,4,11,79224,174,48.206766,685,700,685,15,2.1429,LOCAL_BEST,1,42,16239,126244,35149,190,1,0,150000.0000,0.0000,0,0,0,0,0,0
n012w8-0,n012w8,0,12,1500000,100.0,adaptive,2026-07-04T11:37:08+01:00,2,4,11,79225,174,48.206322,640,685,640,45,6.5693,LOCAL_BEST,1,42,16239,126246,35149,191,1,0,450000.0000,0.0000,0,0,0,0,0,0
n012w8-0,n012w8,0,12,1500000,100.0,adaptive,2026-07-04T11:37:08+01:00,2,2,11,80844,129,0.000000,405,420,405,15,3.5714,LOCAL_BEST,0,42,0,120565,54205,192,1619,-45,92.6498,0.0000,0,0,0,0,0,0
n012w8-0,n012w8,0,12,1500000,100.0,adaptive,2026-07-04T11:37:08+01:00,2,2,11,80845,129,0.000000,390,405,390,15,3.7037,LOCAL_BEST,0,42,0,120565,54205,193,1,0,150000.0000,0.0000,0,0,0,0,0,0
n012w8-0,n012w8,0,12,1500000,100.0,adaptive,2026-07-04T11:37:08+01:00,2,2,11,81559,130,0.000000,375,390,375,15,3.8462,LOCAL_BEST,0,42,0,121559,54820,194,714,1,210.0840,15000.0000,0,0,0,0,0,0
n012w8-0,n012w8,0,12,1500000,100.0,adaptive,2026-07-04T11:37:08+01:00,2,2,11,81835,130,0.000000,330,375,330,45,12.0000,LOCAL_BEST,0,42,0,121993,55046,195,276,0,1630.4348,0.0000,0,0,0,0,0,0
n012w8-0,n012w8,0,12,1500000,100.0,adaptive,2026-07-04T11:37:08+01:00,2,2,11,87990,139,0.000000,305,330,305,25,7.5758,LOCAL_BEST,0,42,0,130537,60258,196,6155,9,40.6174,2777.7778,0,0,0,0,0,0
n012w8-0,n012w8,0,12,1500000,100.0,adaptive,2026-07-04T11:37:08+01:00,2,1,11,90486,159,43.457026,590,600,590,10,1.6667,LOCAL_BEST,0,42,17987,144307,41272,197,2496,20,40.0641,500.0000,0,0,0,0,0,0
n012w8-0,n012w8,0,12,1500000,100.0,adaptive,2026-07-04T11:37:08+01:00,2,1,11,90518,159,43.444220,580,590,580,10,1.6949,LOCAL_BEST,0,42,17991,144363,41295,198,32,0,3125.0000,0.0000,0,0,0,0,0,0
n012w8-0,n012w8,0,12,1500000,100.0,adaptive,2026-07-04T11:37:08+01:00,2,1,11,92457,162,42.675243,575,580,575,5,0.8621,LOCAL_BEST,0,42,18242,147236,42466,199,1939,3,25.7865,1666.6667,0,0,0,0,0,0
n012w8-0,n012w8,0,12,1500000,100.0,adaptive,2026-07-04T11:37:08+01:00,2,4,11,105655,224,37.790619,625,640,625,15,2.3438,LOCAL_BEST,1,42,19855,166948,51133,200,13198,62,11.3654,241.9355,0,0,0,0,0,0
n012w8-0,n012w8,0,12,1500000,100.0,adaptive,2026-07-04T11:37:08+01:00,2,4,11,106018,225,37.664482,595,625,595,30,4.8000,LOCAL_BEST,1,42,19900,167467,51353,201,363,1,826.4463,30000.0000,0,0,0,0,0,0
n012w8-0,n012w8,0,12,1500000,100.0,adaptive,2026-07-04T11:37:08+01:00,2,4,11,106022,225,37.663095,565,595,565,30,5.0420,LOCAL_BEST,1,42,19900,167472,51356,202,4,0,75000.0000,0.0000,0,0,0,0,0,0
n012w8-0,n012w8,0,12,1500000,100.0,adaptive,2026-07-04T11:37:08+01:00,2,4,11,106030,225,37.660319,550,565,550,15,2.6549,LOCAL_BEST,1,42,19900,167495,51363,203,8,0,18750.0000,0.0000,0,0,0,0,0,0
n012w8-0,n012w8,0,12,1500000,100.0,adaptive,2026-07-04T11:37:08+01:00,2,4,11,106083,225,37.641940,535,550,535,15,2.7273,LOCAL_BEST,1,42,19905,167613,51402,204,53,0,2830.1887,0.0000,0,0,0,0,0,0
n012w8-0,n012w8,0,12,1500000,100.0,adaptive,2026-07-04T11:37:08+01:00,2,4,11,106138,227,37.622877,505,535,505,30,5.6075,LOCAL_BEST,1,42,19910,167706,51442,205,55,2,5454.5455,15000.0000,0,0,0,0,0,0
n012w8-0,n012w8,0,12,1500000,100.0,adaptive,2026-07-04T11:37:08+01:00,2,2,11,107067,168,0.000000,290,305,290,15,4.9180,LOCAL_BEST,0,42,0,157425,77155,206,929,-59,161.4639,0.0000,0,0,0,0,0,0
n012w8-0,n012w8,0,12,1500000,100.0,adaptive,2026-07-04T11:37:08+01:00,2,2,11,108864,172,0.000000,275,290,275,15,5.1724,LOCAL_BEST,0,42,0,160083,78711,207,1797,4,83.4725,3750.0000,0,0,0,0,0,0
n012w8-0,n012w8,0,12,1500000,100.0,adaptive,2026-07-04T11:37:08+01:00,2,4,11,115303,242,34.577373,470,505,470,35,6.9307,LOCAL_BEST,1,42,20904,181469,57576,208,6439,70,54.3563,500.0000,0,0,0,0,0,0
n012w8-0,n012w8,0,12,1500000,100.0,adaptive,2026-07-04T11:37:08+01:00,2,2,11,129082,208,0.000000,270,275,270,5,1.8182,LOCAL_BEST,0,42,0,188429,97194,209,13779,-34,3.6287,0.0000,0,0,0,0,0,0
n012w8-0,n012w8,0,12,1500000,100.0,adaptive,2026-07-04T11:37:08+01:00,2,1,11,131782,230,29.708177,545,575,545,30,5.2174,LOCAL_BEST,0,42,22536,206047,68512,210,2700,22,111.1111,1363.6364,0,0,0,0,0,0
n012w8-0,n012w8,0,12,1500000,100.0,adaptive,2026-07-04T11:37:08+01:00,2,1,11,132170,231,29.602201,535,545,535,10,1.8349,LOCAL_BEST,0,42,22572,206667,68789,211,388,1,257.7320,10000.0000,0,0,0,0,0,0
n012w8-0,n012w8,0,12,1500000,100.0,adaptive,2026-07-04T11:37:08+01:00,2,1,11,132215,231,29.589934,530,535,530,5,0.9346,LOCAL_BEST,0,42,22574,206706,68824,212,45,0,1111.1111,0.0000,0,0,0,0,0,0
n012w8-0,n012w8,0,12,1500000,100.0,adaptive,2026-07-04T11:37:08+01:00,2,1,11,132310,231,29.564055,500,530,500,30,5.6604,LOCAL_BEST,0,42,22578,206829,68904,213,95,0,3157.8947,0.0000,0,0,0,0,0,0
n012w8-0,n012w8,0,12,1500000,100.0,adaptive,2026-07-04T11:37:08+01:00,2,1,11,132961,233,29.387321,490,500,490,10,2.0000,LOCAL_BEST,0,42,22639,207728,69354,214,651,2,153.6098,5000.0000,0,0,0,0,0,0
n012w8-0,n012w8,0,12,1500000,100.0,adaptive,2026-07-04T11:37:08+01:00,2,1,11,133992,236,29.109584,480,490,480,10,2.0408,LOCAL_BEST,0,42,22732,209154,70103,215,1031,3,96.9932,3333.3333,0,0,0,0,0,0
n012w8-0,n012w8,0,12,1500000,100.0,adaptive,2026-07-04T11:37:08+01:00,2,4,11,138226,281,27.996259,455,470,455,15,3.1915,LOCAL_BEST,1,42,23080,215488,73754,216,4234,45,35.4275,333.3333,0,0,0,0,0,0
n012w8-0,n012w8,0,12,1500000,100.0,adaptive,2026-07-04T11:37:08+01:00,2,7,11,138472,355,27.932898,365,385,365,20,5.1948,LOCAL_BEST,2,42,23022,215372,73619,217,246,74,813.0081,270.2703,0,0,0,0,0,0
n012w8-0,n012w8,0,12,1500000,100.0,adaptive,2026-07-04T11:37:08+01:00,2,4,11,140605,285,27.389493,440,455,440,15,3.2967,LOCAL_BEST,1,42,23243,218979,75559,218,2133,-70,70.3235,0.0000,0,0,0,0,0,0
n012w8-0,n012w8,0,12,1500000,100.0,adaptive,2026-07-04T11:37:08+01:00,2,4,11,140606,285,27.389241,430,440,430,10,2.2727,LOCAL_BEST,1,42,23243,218981,75559,219,1,0,100000.0000,0.0000,0,0,0,0,0,0
n012w8-0,n012w8,0,12,1500000,100.0,adaptive,2026-07-04T11:37:08+01:00,2,4,11,140610,285,27.388232,385,430,385,45,10.4651,LOCAL_BEST,1,42,23243,218986,75561,220,4,0,112500.0000,0.0000,0,0,0,0,0,0
n012w8-0,n012w8,0,12,1500000,100.0,adaptive,2026-07-04T11:37:08+01:00,2,4,11,140612,285,27.387728,380,385,380,5,1.2987,LOCAL_BEST,1,42,23243,218991,75562,221,2,0,25000.0000,0.0000,0,0,0,0,0,0
n012w8-0,n012w8,0,12,1500000,100.0,adaptive,2026-07-04T11:37:08+01:00,2,4,11,140619,285,27.385962,365,380,365,15,3.9474,LOCAL_BEST,1,42,23243,218997,75567,222,7,0,21428.5714,0.0000,0,0,0,0,0,0
n012w8-0,n012w8,0,12,1500000,100.0,adaptive,2026-07-04T11:37:08+01:00,2,4,11,140633,285,27.382431,350,365,350,15,4.1096,LOCAL_BEST,1,42,23243,219006,75578,223,14,0,10714.2857,0.0000,0,0,0,0,0,0
n012w8-0,n012w8,0,12,1500000,100.0,adaptive,2026-07-04T11:37:08+01:00,2,4,11,140634,285,27.382179,335,350,335,15,4.2857,LOCAL_BEST,1,42,23243,219007,75578,224,1,0,150000.0000,0.0000,0,0,0,0,0,0
n012w8-0,n012w8,0,12,1500000,100.0,adaptive,2026-07-04T11:37:08+01:00,2,2,11,143547,232,0.000000,260,270,260,10,3.7037,GLOBAL_BEST,0,42,0,210058,110342,225,2913,-53,34.3289,0.0000,0,0,0,0,0,0
n012w8-0,n012w8,0,12,1500000,100.0,adaptive,2026-07-04T11:37:08+01:00,2,1,11,144955,256,26.313826,475,480,475,5,1.0417,LOCAL_BEST,0,42,23626,225348,78225,226,1408,24,35.5114,208.3333,0,0,0,0,0,0
n012w8-0,n012w8,0,12,1500000,100.0,adaptive,2026-07-04T11:37:08+01:00,2,1,11,144961,256,26.312372,470,475,470,5,1.0526,LOCAL_BEST,0,42,23626,225357,78230,227,6,0,8333.3333,0.0000,0,0,0,0,0,0
n012w8-0,n012w8,0,12,1500000,100.0,adaptive,2026-07-04T11:37:08+01:00,2,1,11,148066,264,25.570546,445,470,445,25,5.3191,LOCAL_BEST,0,42,23829,229714,80623,228,3105,8,80.5153,3125.0000,0,0,0,0,0,0
n012w8-0,n012w8,0,12,1500000,100.0,adaptive,2026-07-04T11:37:08+01:00,2,1,11,148079,264,25.567484,385,445,385,60,13.4831,LOCAL_BEST,0,42,23829,229734,80635,229,13,0,46153.8462,0.0000,0,0,0,0,0,0
n012w8-0,n012w8,0,12,1500000,100.0,adaptive,2026-07-04T11:37:08+01:00,2,1,11,149501,267,25.234808,365,385,365,20,5.1948,LOCAL_BEST,0,42,23923,231869,81743,230,1422,3,140.6470,6666.6667,0,0,0,0,0,0
n012w8-0,n012w8,0,12,1500000,100.0,adaptive,2026-07-04T11:37:08+01:00,2,1,11,156448,281,23.670749,355,365,355,10,2.7397,LOCAL_BEST,0,42,24364,242160,87188,231,6947,14,14.3947,714.2857,0,0,0,0,0,0
n012w8-0,n012w8,0,12,1500000,100.0,adaptive,2026-07-04T11:37:08+01:00,2,1,11,156449,281,23.670531,345,355,345,10,2.8169,LOCAL_BEST,0,42,24364,242168,87188,232,1,0,100000.0000,0.0000,0,0,0,0,0,0
n012w8-0,n012w8,0,12,1500000,100.0,adaptive,2026-07-04T11:37:08+01:00,2,4,11,164490,333,21.980826,320,335,320,15,4.4776,LOCAL_BEST,1,42,24861,252999,93922,233,8041,52,18.6544,288.4615,0,0,0,0,0,0
n012w8-0,n012w8,0,12,1500000,100.0,adaptive,2026-07-04T11:37:08+01:00,2,2,11,166593,275,0.000000,255,260,255,5,1.9231,LOCAL_BEST,0,42,0,242172,131446,234,2103,-58,23.7756,0.0000,0,0,0,0,0,0
n012w8-0,n012w8,0,12,1500000,100.0,adaptive,2026-07-04T11:37:08+01:00,2,2,11,169359,281,0.000000,240,255,240,15,5.8824,GLOBAL_BEST,0,42,0,246143,133943,235,2766,6,54.2299,2500.0000,0,0,0,0,0,0
n012w8-0,n012w8,0,12,1500000,100.0,adaptive,2026-07-04T11:37:08+01:00,2,7,11,181831,445,18.736135,350,365,350,15,4.1096,LOCAL_BEST,2,42,25657,279248,107724,236,12472,164,12.0269,91.4634,0,0,0,0,0,0
n012w8-0,n012w8,0,12,1500000,100.0,adaptive,2026-07-04T11:37:08+01:00,2,7,11,182800,447,18.569662,320,350,320,30,8.5714,LOCAL_BEST,2,42,25705,280622,108516,237,969,2,309.5975,15000.0000,0,0,0,0,0,0
n012w8-0,n012w8,0,12,1500000,100.0,adaptive,2026-07-04T11:37:08+01:00,2,1,11,184969,338,18.202373,340,345,340,5,1.4493,LOCAL_BEST,0,42,25822,283244,110356,238,2169,-109,23.0521,0.0000,0,0,0,0,0,0
n012w8-0,n012w8,0,12,1500000,100.0,adaptive,2026-07-04T11:37:08+01:00,2,4,11,187094,386,17.849580,310,320,310,10,3.1250,LOCAL_BEST,1,42,25857,285260,112612,239,2125,48,47.0588,208.3333,0,0,0,0,0,0
n012w8-0,n012w8,0,12,1500000,100.0,adaptive,2026-07-04T11:37:08+01:00,2,4,11,187104,386,17.847936,295,310,295,15,4.8387,LOCAL_BEST,1,42,25858,285284,112620,240,10,0,15000.0000,0.0000,0,0,0,0,0,0
n012w8-0,n012w8,0,12,1500000,100.0,adaptive,2026-07-04T11:37:08+01:00,2,1,11,190127,349,17.357853,335,340,335,5,1.4706,LOCAL_BEST,0,42,26003,290465,114720,241,3023,-37,16.5399,0.0000,0,0,0,0,0,0
n012w8-0,n012w8,0,12,1500000,100.0,adaptive,2026-07-04T11:37:08+01:00,2,1,11,192726,355,16.947280,325,335,325,10,2.9851,LOCAL_BEST,0,42,26090,294133,116907,242,2599,6,38.4763,1666.6667,0,0,0,0,0,0
n012w8-0,n012w8,0,12,1500000,100.0,adaptive,2026-07-04T11:37:08+01:00,2,4,11,194262,404,16.709213,290,295,290,5,1.6949,LOCAL_BEST,1,42,26133,295664,118739,243,1536,49,32.5521,102.0408,0,0,0,0,0,0
n012w8-0,n012w8,0,12,1500000,100.0,adaptive,2026-07-04T11:37:08+01:00,2,1,11,197660,366,16.194368,310,325,310,15,4.6154,LOCAL_BEST,0,42,26246,301123,121089,244,3398,-38,44.1436,0.0000,0,0,0,0,0,0
n012w8-0,n012w8,0,12,1500000,100.0,adaptive,2026-07-04T11:37:08+01:00,2,1,11,197668,366,16.193175,295,310,295,15,4.8387,LOCAL_BEST,0,42,26246,301129,121094,245,8,0,18750.0000,0.0000,0,0,0,0,0,0
n012w8-0,n012w8,0,12,1500000,100.0,adaptive,2026-07-04T11:37:08+01:00,2,7,11,198877,475,16.013859,305,320,305,15,4.6875,LOCAL_BEST,2,42,26261,303583,122291,246,1209,109,124.0695,137.6147,0,0,0,0,0,0
n012w8-0,n012w8,0,12,1500000,100.0,adaptive,2026-07-04T11:37:08+01:00,2,10,11,204734,597,15.172879,280,290,280,10,3.4483,LOCAL_BEST,4,42,26858,311508,126474,247,5857,122,17.0736,81.9672,0,0,0,0,0,0
n012w8-0,n012w8,0,12,1500000,100.0,adaptive,2026-07-04T11:37:08+01:00,2,10,11,204740,597,15.172041,265,280,265,15,5.3571,LOCAL_BEST,4,42,26858,311517,126478,248,6,0,25000.0000,0.0000,0,0,0,0,0,0
n012w8-0,n012w8,0,12,1500000,100.0,adaptive,2026-07-04T11:37:08+01:00,2,7,11,206174,486,14.972972,290,305,290,15,4.9180,LOCAL_BEST,2,42,26511,313943,128530,249,1434,-111,104.6025,0.0000,0,0,0,0,0,0
n012w8-0,n012w8,0,12,1500000,100.0,adaptive,2026-07-04T11:37:08+01:00,2,7,11,206353,486,14.948307,275,290,275,15,5.1724,LOCAL_BEST,2,42,26514,314182,128692,250,179,0,837.9888,0.0000,0,0,0,0,0,0
n012w8-0,n012w8,0,12,1500000,100.0,adaptive,2026-07-04T11:37:08+01:00,2,1,11,216879,406,13.567130,280,295,280,15,5.0847,LOCAL_BEST,0,42,26717,327938,137980,251,10526,-80,14.2504,0.0000,0,0,0,0,0,0
n012w8-0,n012w8,0,12,1500000,100.0,adaptive,2026-07-04T11:37:08+01:00,2,4,11,220308,457,13.145345,280,290,280,10,3.4483,LOCAL_BEST,1,42,26812,331808,141695,252,3429,51,29.1630,196.0784,0,0,0,0,0,0
n012w8-0,n012w8,0,12,1500000,100.0,adaptive,2026-07-04T11:37:08+01:00,2,4,11,222887,460,12.836777,245,280,245,35,12.5000,LOCAL_BEST,1,42,26866,335593,144033,253,2579,3,135.7115,11666.6667,0,0,0,0,0,0
n012w8-0,n012w8,0,12,1500000,100.0,adaptive,2026-07-04T11:37:08+01:00,2,13,11,236239,722,11.351363,255,260,255,5,1.9231,LOCAL_BEST,5,42,27388,356002,154760,254,13352,262,3.7448,19.0840,0,0,0,0,0,0
n012w8-0,n012w8,0,12,1500000,100.0,adaptive,2026-07-04T11:37:08+01:00,2,13,11,236843,724,11.288390,250,255,250,5,1.9608,LOCAL_BEST,5,42,27397,356911,155312,255,604,2,82.7815,2500.0000,0,0,0,0,0,0
n012w8-0,n012w8,0,12,1500000,100.0,adaptive,2026-07-04T11:37:08+01:00,2,13,11,241018,733,10.862555,235,250,235,15,6.0000,GLOBAL_BEST,5,42,27463,362966,159082,256,4175,9,35.9281,1666.6667,0,0,0,0,0,0
n012w8-0,n012w8,0,12,1500000,100.0,adaptive,2026-07-04T11:37:08+01:00,2,1,11,246175,472,10.358670,265,280,265,15,5.3571,LOCAL_BEST,0,42,27275,368629,163851,257,5157,-261,29.0867,0.0000,0,0,0,0,0,0
n012w8-0,n012w8,0,12,1500000,100.0,adaptive,2026-07-04T11:37:08+01:00,2,10,11,246176,682,10.358575,250,265,250,15,5.6604,LOCAL_BEST,4,42,27756,369835,163510,258,1,210,150000.0000,71.4286,0,0,0,0,0,0
n012w8-0,n012w8,0,12,1500000,100.0,adaptive,2026-07-04T11:37:08+01:00,2,4,11,249483,514,10.047824,240,245,240,5,2.0408,LOCAL_BEST,1,42,27385,373292,167902,259,3307,-168,15.1194,0.0000,0,0,0,0,0,0
n012w8-0,n012w8,0,12,1500000,100.0,adaptive,2026-07-04T11:37:08+01:00,2,3,11,256376,564,0.000000,1285,1335,1285,50,3.7453,LOCAL_BEST,0,42,97684,438785,9821,260,6893,50,72.5374,1000.0000,0,0,0,0,0,0
n012w8-0,n012w8,0,12,1500000,100.0,adaptive,2026-07-04T11:37:08+01:00,2,1,11,266763,517,8.569431,250,265,250,15,5.6604,LOCAL_BEST,0,42,27474,396972,182548,261,10387,-47,14.4411,0.0000,0,0,0,0,0,0
n012w8-0,n012w8,0,12,1500000,100.0,adaptive,2026-07-04T11:37:08+01:00,2,19,11,269615,1359,8.347261,230,235,230,5,2.1277,GLOBAL_BEST,8,42,27693,398024,185621,262,2852,842,17.5316,5.9382,0,0,0,0,0,0
n012w8-0,n012w8,0,12,1500000,100.0,adaptive,2026-07-04T11:37:08+01:00,2,3,11,274351,609,0.000000,1270,1285,1270,15,1.1673,LOCAL_BEST,0,42,104538,469333,10576,263,4736,-750,31.6723,0.0000,0,0,0,0,0,0
n012w8-0,n012w8,0,12,1500000,100.0,adaptive,2026-07-04T11:37:08+01:00,2,13,11,300000,869,6.309573,295,235,235,0,0.0000,REHEAT,5,42,27925,445835,214404,264,25649,260,0.0000,0.0000,0,0,0,0,0,0
n012w8-0,n012w8,0,12,1500000,100.0,adaptive,2026-07-04T11:37:08+01:00,2,19,11,319615,1469,5.266717,245,230,230,0,0.0000,REHEAT,8,42,27923,468780,232350,265,19615,600,0.0000,0.0000,0,0,0,0,0,0
n012w8-0,n012w8,0,12,1500000,100.0,adaptive,2026-07-04T11:37:08+01:00,2,13,11,350000,986,63.095734,1275,235,235,0,0.0000,REHEAT,5,42,39293,527202,234032,266,30385,-483,0.0000,0.0000,0,0,0,0,0,0
n012w8-0,n012w8,0,12,1500000,100.0,adaptive,2026-07-04T11:37:08+01:00,2,3,11,365748,812,0.000000,1210,1270,1210,60,4.7244,LOCAL_BEST,0,42,139593,625790,14011,267,15748,-174,38.1001,0.0000,0,0,0,0,0,0
n012w8-0,n012w8,0,12,1500000,100.0,adaptive,2026-07-04T11:37:08+01:00,2,19,11,369615,1600,63.095734,1670,230,230,0,0.0000,REHEAT,8,42,39384,549021,251823,268,3867,788,0.0000,0.0000,0,0,0,0,0,0
n012w8-0,n012w8,0,12,1500000,100.0,adaptive,2026-07-04T11:37:08+01:00,2,13,11,400000,1107,63.095734,1380,235,235,0,0.0000,REHEAT,5,42,50396,606571,253854,269,30385,-493,0.0000,0.0000,0,0,0,0,0,0
n012w8-0,n012w8,0,12,1500000,100.0,adaptive,2026-07-04T11:37:08+01:00,2,19,11,419615,1725,63.095734,1290,230,230,0,0.0000,REHEAT,8,42,50652,629720,271134,270,19615,618,0.0000,0.0000,0,0,0,0,0,0
n012w8-0,n012w8,0,12,1500000,100.0,adaptive,2026-07-04T11:37:08+01:00,2,13,11,450000,1235,63.095734,1295,235,235,0,0.0000,REHEAT,5,42,61617,686571,273560,271,30385,-490,0.0000,0.0000,0,0,0,0,0,0
n012w8-0,n012w8,0,12,1500000,100.0,adaptive,2026-07-04T11:37:08+01:00,2,19,11,469615,1847,63.095734,1890,230,230,0,0.0000,REHEAT,8,42,61822,709985,291001,272,19615,612,0.0000,0.0000,0,0,0,0,0,0
n012w8-0,n012w8,0,12,1500000,100.0,adaptive,2026-07-04T11:37:08+01:00,2,13,11,500000,1358,63.095734,1545,235,235,0,0.0000,REHEAT,5,42,72907,768150,293182,273,30385,-489,0.0000,0.0000,0,0,0,0,0,0
n012w8-0,n012w8,0,12,1500000,100.0,adaptive,2026-07-04T11:37:08+01:00,2,19,11,519615,1971,63.095734,1335,230,230,0,0.0000,REHEAT,8,42,72974,790147,310756,274,19615,613,0.0000,0.0000,0,0,0,0,0,0
n012w8-0,n012w8,0,12,1500000,100.0,adaptive,2026-07-04T11:37:08+01:00,2,13,11,550000,1484,63.095734,1460,235,235,0,0.0000,REHEAT,5,42,84120,848539,313089,275,30385,-487,0.0000,0.0000,0,0,0,0,0,0
n012w8-0,n012w8,0,12,1500000,100.0,adaptive,2026-07-04T11:37:08+01:00,2,19,11,569615,2087,63.095734,1375,230,230,0,0.0000,REHEAT,8,42,84302,869737,330524,276,19615,603,0.0000,0.0000,0,0,0,0,0,0
n012w8-0,n012w8,0,12,1500000,100.0,adaptive,2026-07-04T11:37:08+01:00,2,3,11,573740,1324,0.000000,1150,1210,1150,60,4.9587,LOCAL_BEST,0,42,218698,980778,22026,277,4125,-763,145.4545,0.0000,0,0,0,0,0,0
n012w8-0,n012w8,0,12,1500000,100.0,adaptive,2026-07-04T11:37:08+01:00,2,13,11,600000,1612,63.095734,1550,235,235,0,0.0000,REHEAT,5,42,95344,929423,332709,278,26260,288,0.0000,0.0000,0,0,0,0,0,0
n012w8-0,n012w8,0,12,1500000,100.0,adaptive,2026-07-04T11:37:08+01:00,2,19,11,619615,2212,63.095734,1120,230,230,0,0.0000,REHEAT,8,42,95534,950604,350279,279,19615,600,0.0000,0.0000,0,0,0,0,0,0
n012w8-0,n012w8,0,12,1500000,100.0,adaptive,2026-07-04T11:37:08+01:00,2,13,11,650000,1727,63.095734,1390,235,235,0,0.0000,REHEAT,5,42,106570,1010050,352291,280,30385,-485,0.0000,0.0000,0,0,0,0,0,0
n012w8-0,n012w8,0,12,1500000,100.0,adaptive,2026-07-04T11:37:08+01:00,2,19,11,669615,2326,63.095734,1150,230,230,0,0.0000,REHEAT,8,42,106868,1030520,369858,281,19615,599,0.0000,0.0000,0,0,0,0,0,0
n012w8-0,n012w8,0,12,1500000,100.0,adaptive,2026-07-04T11:37:08+01:00,2,13,11,700000,1853,63.095734,1165,235,235,0,0.0000,REHEAT,5,42,117783,1090804,371972,282,30385,-473,0.0000,0.0000,0,0,0,0,0,0
n012w8-0,n012w8,0,12,1500000,100.0,adaptive,2026-07-04T11:37:08+01:00,2,19,11,719615,2454,63.095734,1760,230,230,0,0.0000,REHEAT,8,42,118040,1111932,389378,283,19615,601,0.0000,0.0000,0,0,0,0,0,0
n012w8-0,n012w8,0,12,1500000,100.0,adaptive,2026-07-04T11:37:08+01:00,2,13,11,750000,1981,63.095734,1650,235,235,0,0.0000,REHEAT,5,42,128981,1170816,391764,284,30385,-473,0.0000,0.0000,0,0,0,0,0,0
n012w8-0,n012w8,0,12,1500000,100.0,adaptive,2026-07-04T11:37:08+01:00,2,19,11,769615,2585,63.095734,1400,230,230,0,0.0000,REHEAT,8,42,129349,1192437,408915,285,19615,604,0.0000,0.0000,0,0,0,0,0,0
n012w8-0,n012w8,0,12,1500000,100.0,adaptive,2026-07-04T11:37:08+01:00,2,13,11,800000,2104,63.095734,1515,235,235,0,0.0000,REHEAT,5,42,140249,1250327,411661,286,30385,-481,0.0000,0.0000,0,0,0,0,0,0
n012w8-0,n012w8,0,12,1500000,100.0,adaptive,2026-07-04T11:37:08+01:00,2,19,11,819615,2709,63.095734,1625,230,230,0,0.0000,REHEAT,8,42,140489,1272156,428877,287,19615,605,0.0000,0.0000,0,0,0,0,0,0
n012w8-0,n012w8,0,12,1500000,100.0,adaptive,2026-07-04T11:37:08+01:00,2,13,11,850000,2229,63.095734,1230,235,235,0,0.0000,REHEAT,5,42,151418,1330814,431535,288,30385,-480,0.0000,0.0000,0,0,0,0,0,0
n012w8-0,n012w8,0,12,1500000,100.0,adaptive,2026-07-04T11:37:08+01:00,2,19,11,869615,2837,63.095734,1115,230,230,0,0.0000,REHEAT,8,42,151758,1352608,448543,289,19615,608,0.0000,0.0000,0,0,0,0,0,0
n012w8-0,n012w8,0,12,1500000,100.0,adaptive,2026-07-04T11:37:08+01:00,2,13,11,900000,2355,63.095734,1190,235,235,0,0.0000,REHEAT,5,42,162714,1410554,451134,290,30385,-482,0.0000,0.0000,0,0,0,0,0,0
n012w8-0,n012w8,0,12,1500000,100.0,adaptive,2026-07-04T11:37:08+01:00,2,19,11,919615,2972,63.095734,1340,230,230,0,0.0000,REHEAT,8,42,162946,1432339,468279,291,19615,617,0.0000,0.0000,0,0,0,0,0,0
n012w8-0,n012w8,0,12,1500000,100.0,adaptive,2026-07-04T11:37:08+01:00,2,13,11,950000,2472,63.095734,1285,235,235,0,0.0000,REHEAT,5,42,173896,1491604,470926,292,30385,-500,0.0000,0.0000,0,0,0,0,0,0
n012w8-0,n012w8,0,12,1500000,100.0,adaptive,2026-07-04T11:37:08+01:00,2,19,11,969615,3103,63.095734,1095,230,230,0,0.0000,REHEAT,8,42,174110,1512713,488358,293,19615,631,0.0000,0.0000,0,0,0,0,0,0
n012w8-0,n012w8,0,12,1500000,100.0,adaptive,2026-07-04T11:37:08+01:00,2,13,11,1000000,2603,63.095734,1355,235,235,0,0.0000,REHEAT,5,42,185234,1572377,490620,294,30385,-500,0.0000,0.0000,0,0,0,0,0,0
n012w8-0,n012w8,0,12,1500000,100.0,adaptive,2026-07-04T11:37:08+01:00,2,19,11,1019615,3230,63.095734,1415,230,230,0,0.0000,REHEAT,8,42,185353,1593522,508069,295,19615,627,0.0000,0.0000,0,0,0,0,0,0
n012w8-0,n012w8,0,12,1500000,100.0,adaptive,2026-07-04T11:37:08+01:00,2,13,11,1050000,2733,63.095734,1610,235,235,0,0.0000,REHEAT,5,42,196492,1652912,510480,296,30385,-497,0.0000,0.0000,0,0,0,0,0,0
n012w8-0,n012w8,0,12,1500000,100.0,adaptive,2026-07-04T11:37:08+01:00,2,19,11,1069615,3331,63.095734,1255,230,230,0,0.0000,REHEAT,8,42,196748,1674171,527624,297,19615,598,0.0000,0.0000,0,0,0,0,0,0
n012w8-0,n012w8,0,12,1500000,100.0,adaptive,2026-07-04T11:37:08+01:00,2,13,11,1100000,2855,63.095734,2115,235,235,0,0.0000,REHEAT,5,42,207860,1732926,529922,298,30385,-476,0.0000,0.0000,0,0,0,0,0,0
n012w8-0,n012w8,0,12,1500000,100.0,adaptive,2026-07-04T11:37:08+01:00,2,19,11,1119615,3439,63.095734,1200,230,230,0,0.0000,REHEAT,8,42,207931,1754588,547454,299,19615,584,0.0000,0.0000,0,0,0,0,0,0
n012w8-0,n012w8,0,12,1500000,100.0,adaptive,2026-07-04T11:37:08+01:00,2,13,11,1150000,2989,63.095734,1580,235,235,0,0.0000,REHEAT,5,42,219156,1813451,549636,300,30385,-450,0.0000,0.0000,0,0,0,0,0,0
n012w8-0,n012w8,0,12,1500000,100.0,adaptive,2026-07-04T11:37:08+01:00,2,19,11,1169615,3563,63.095734,1285,230,230,0,0.0000,REHEAT,8,42,219178,1834754,567133,301,19615,574,0.0000,0.0000,0,0,0,0,0,0
n012w8-0,n012w8,0,12,1500000,100.0,adaptive,2026-07-04T11:37:08+01:00,2,13,11,1200000,3120,63.095734,1205,235,235,0,0.0000,REHEAT,5,42,230579,1894007,569060,302,30385,-443,0.0000,0.0000,0,0,0,0,0,0
n012w8-0,n012w8,0,12,1500000,100.0,adaptive,2026-07-04T11:37:08+01:00,2,19,11,1219615,3657,63.095734,1270,230,230,0,0.0000,REHEAT,8,42,230447,1915246,586771,303,19615,537,0.0000,0.0000,0,0,0,0,0,0
n012w8-0,n012w8,0,12,1500000,100.0,adaptive,2026-07-04T11:37:08+01:00,2,13,11,1250000,3230,63.095734,1280,235,235,0,0.0000,REHEAT,5,42,241771,1975015,588996,304,30385,-427,0.0000,0.0000,0,0,0,0,0,0
n012w8-0,n012w8,0,12,1500000,100.0,adaptive,2026-07-04T11:37:08+01:00,2,19,11,1269615,3744,63.095734,1490,230,230,0,0.0000,REHEAT,8,42,241777,1995435,606338,305,19615,514,0.0000,0.0000,0,0,0,0,0,0
n012w8-0,n012w8,0,12,1500000,100.0,adaptive,2026-07-04T11:37:08+01:00,2,13,11,1300000,3329,63.095734,1330,235,235,0,0.0000,REHEAT,5,42,252943,2054862,609020,306,30385,-415,0.0000,0.0000,0,0,0,0,0,0
n012w8-0,n012w8,0,12,1500000,100.0,adaptive,2026-07-04T11:37:08+01:00,2,19,11,1319615,3826,63.095734,1445,230,230,0,0.0000,REHEAT,8,42,252980,2076432,626087,307,19615,497,0.0000,0.0000,0,0,0,0,0,0
n012w8-0,n012w8,0,12,1500000,100.0,adaptive,2026-07-04T11:37:08+01:00,2,13,11,1350000,3443,63.095734,1515,235,235,0,0.0000,REHEAT,5,42,264226,2135343,628750,308,30385,-383,0.0000,0.0000,0,0,0,0,0,0
n012w8-0,n012w8,0,12,1500000,100.0,adaptive,2026-07-04T11:37:08+01:00,2,19,11,1369615,3913,63.095734,1095,230,230,0,0.0000,REHEAT,8,42,264266,2156567,645680,309,19615,470,0.0000,0.0000,0,0,0,0,0,0
n012w8-0,n012w8,0,12,1500000,100.0,adaptive,2026-07-04T11:37:08+01:00,2,13,11,1400000,3546,63.095734,1440,235,235,0,0.0000,REHEAT,5,42,275597,2215623,648372,310,30385,-367,0.0000,0.0000,0,0,0,0,0,0
n012w8-0,n012w8,0,12,1500000,100.0,adaptive,2026-07-04T11:37:08+01:00,2,19,11,1419615,3993,63.095734,1550,230,230,0,0.0000,REHEAT,8,42,275551,2236443,665328,311,19615,447,0.0000,0.0000,0,0,0,0,0,0
n012w8-0,n012w8,0,12,1500000,100.0,adaptive,2026-07-04T11:37:08+01:00,2,13,11,1450000,3657,63.095734,1425,235,235,0,0.0000,REHEAT,5,42,286928,2295836,667943,312,30385,-336,0.0000,0.0000,0,0,0,0,0,0
n012w8-0,n012w8,0,12,1500000,100.0,adaptive,2026-07-04T11:37:08+01:00,2,19,11,1469615,4074,63.095734,1255,230,230,0,0.0000,REHEAT,8,42,286956,2318031,684841,313,19615,417,0.0000,0.0000,0,0,0,0,0,0
n012w8-0,n012w8,0,12,1500000,100.0,adaptive,2026-07-04T11:37:08+01:00,2,13,11,1500000,3745,63.095734,1270,235,235,0,0.0000,REHEAT,5,42,298229,2376802,687642,314,30385,-329,0.0000,0.0000,0,0,0,0,0,0
n012w8-0,n012w8,0,12,1500000,100.0,adaptive,2026-07-04T11:37:08+01:00,3,2,37,1,0,0.000000,4220,4400,4220,180,4.0909,GLOBAL_BEST,0,101,0,2,0,1,1,0,1800000.0000,0.0000,0,0,0,0,0,0
n012w8-0,n012w8,0,12,1500000,100.0,adaptive,2026-07-04T11:37:08+01:00,3,3,37,1,0,0.000000,4325,4400,4325,75,1.7045,LOCAL_BEST,0,101,0,0,0,2,0,0,0.0000,0.0000,0,0,0,0,0,0
n012w8-0,n012w8,0,12,1500000,100.0,adaptive,2026-07-04T11:37:08+01:00,3,1,37,1,0,100.000000,4220,4400,4220,180,4.0909,LOCAL_BEST,0,101,0,0,0,3,0,0,0.0000,0.0000,0,0,0,0,0,0
n012w8-0,n012w8,0,12,1500000,100.0,adaptive,2026-07-04T11:37:08+01:00,3,4,37,1,59,100.000000,835,895,835,60,6.7039,GLOBAL_BEST,1,101,0,4,0,4,0,59,0.0000,1016.9492,0,0,0,0,0,0
n012w8-0,n012w8,0,12,1500000,100.0,adaptive,2026-07-04T11:37:08+01:00,3,2,37,2,0,0.000000,3875,4220,3875,345,8.1754,GLOBAL_BEST,0,101,0,2,0,5,1,-59,3450000.0000,0.0000,0,0,0,0,0,0
n012w8-0,n012w8,0,12,1500000,100.0,adaptive,2026-07-04T11:37:08+01:00,3,1,37,2,0,99.999079,4070,4220,4070,150,3.5545,LOCAL_BEST,0,101,0,7,0,6,0,0,0.0000,0.0000,0,0,0,0,0,0
n012w8-0,n012w8,0,12,1500000,100.0,adaptive,2026-07-04T11:37:08+01:00,3,1,37,3,0,99.998158,3740,4070,3740,330,8.1081,LOCAL_BEST,0,101,0,16,0,7,1,0,3300000.0000,0.0000,0,0,0,0,0,0
n012w8-0,n012w8,0,12,1500000,100.0,adaptive,2026-07-04T11:37:08+01:00,3,2,37,4,0,0.000000,3675,3875,3675,200,5.1613,GLOBAL_BEST,0,101,0,3,0,8,1,0,2000000.0000,0.0000,0,0,0,0,0,0
n012w8-0,n012w8,0,12,1500000,100.0,adaptive,2026-07-04T11:37:08+01:00,3,1,37,4,0,99.997237,3360,3740,3360,380,10.1604,LOCAL_BEST,0,101,0,17,0,9,0,0,0.0000,0.0000,0,0,0,0,0,0
n012w8-0,n012w8,0,12,1500000,100.0,adaptive,2026-07-04T11:37:08+01:00,3,2,37,5,0,0.000000,3615,3675,3615,60,1.6327,GLOBAL_BEST,0,101,0,3,0,10,1,0,600000.0000,0.0000,0,0,0,0,0,0
n012w8-0,n012w8,0,12,1500000,100.0,adaptive,2026-07-04T11:37:08+01:00,3,1,37,5,0,99.996316,3180,3360,3180,180,5.3571,GLOBAL_BEST,0,101,0,19,0,11,0,0,0.0000,0.0000,0,0,0,0,0,0
n012w8-0,n012w8,0,12,1500000,100.0,adaptive,2026-07-04T11:37:08+01:00,3,5,37,5,59,0.000000,865,895,865,30,3.3520,LOCAL_BEST,1,101,0,4,4,12,0,59,0.0000,508.4746,0,0,0,0,0,0
n012w8-0,n012w8,0,12,1500000,100.0,adaptive,2026-07-04T11:37:08+01:00,3,2,37,6,0,0.000000,3345,3615,3345,270,7.4689,GLOBAL_BEST,0,101,0,6,0,13,1,-59,2700000.0000,0.0000,0,0,0,0,0,0
n012w8-0,n012w8,0,12,1500000,100.0,adaptive,2026-07-04T11:37:08+01:00,3,2,37,7,0,0.000000,3335,3345,3335,10,0.2990,GLOBAL_BEST,0,101,0,10,0,14,1,0,100000.0000,0.0000,0,0,0,0,0,0
n012w8-0,n012w8,0,12,1500000,100.0,adaptive,2026-07-04T11:37:08+01:00,3,1,37,7,0,99.994474,3030,3180,3030,150,4.7170,GLOBAL_BEST,0,101,0,27,0,15,0,0,0.0000,0.0000,0,0,0,0,0,0
n012w8-0,n012w8,0,12,1500000,100.0,adaptive,2026-07-04T11:37:08+01:00,3,3,37,8,0,0.000000,4205,4325,4205,120,2.7746,LOCAL_BEST,0,101,0,10,1,16,1,0,1200000.0000,0.0000,0,0,0,0,0,0
n012w8-0,n012w8,0,12,1500000,100.0,adaptive,2026-07-04T11:37:08+01:00,3,2,37,8,0,0.000000,3245,3335,3245,90,2.6987,GLOBAL_BEST,0,101,0,20,0,17,0,0,0.0000,0.0000,0,0,0,0,0,0
n012w8-0,n012w8,0,12,1500000,100.0,adaptive,2026-07-04T11:37:08+01:00,3,1,37,8,0,99.993553,2850,3030,2850,180,5.9406,GLOBAL_BEST,0,101,0,33,0,18,0,0,0.0000,0.0000,0,0,0,0,0,0
n012w8-0,n012w8,0,12,1500000,100.0,adaptive,2026-07-04T11:37:08+01:00,3,1,37,9,0,99.992632,2835,2850,2835,15,0.5263,GLOBAL_BEST,0,101,0,33,0,19,1,0,150000.0000,0.0000,0,0,0,0,0,0
n012w8-0,n012w8,0,12,1500000,100.0,adaptive,2026-07-04T11:37:08+01:00,3,5,37,9,59,0.000000,860,865,860,5,0.5780,LOCAL_BEST,1,101,0,11,7,20,0,59,0.0000,84.7458,0,0,0,0,0,0
n012w8-0,n012w8,0,12,1500000,100.0,adaptive,2026-07-04T11:37:08+01:00,3,3,37,10,0,0.000000,4055,4205,4055,150,3.5672,LOCAL_BEST,0,101,0,10,1,21,1,-59,1500000.0000,0.0000,0,0,0,0,0,0
n012w8-0,n012w8,0,12,1500000,100.0,adaptive,2026-07-04T11:37:08+01:00,3,2,37,10,0,0.000000,3215,3245,3215,30,0.9245,LOCAL_BEST,0,101,0,25,0,22,0,0,0.0000,0.0000,0,0,0,0,0,0
n012w8-0,n012w8,0,12,1500000,100.0,adaptive,2026-07-04T11:37:08+01:00,3,1,37,10,0,99.991711,2715,2835,2715,120,4.2328,GLOBAL_BEST,0,101,0,34,0,23,0,0,0.0000,0.0000,0,0,0,0,0,0
n012w8-0,n012w8,0,12,1500000,100.0,adaptive,2026-07-04T11:37:08+01:00,3,3,37,11,0,0.000000,3830,4055,3830,225,5.5487,LOCAL_BEST,0,101,0,15,1,24,1,0,2250000.0000,0.0000,0,0,0,0,0,0
n012w8-0,n012w8,0,12,1500000,100.0,adaptive,2026-07-04T11:37:08+01:00,3,2,37,11,0,0.000000,3080,3215,3080,135,4.1991,GLOBAL_BEST,0,101,0,25,0,25,0,0,0.0000,0.0000,0,0,0,0,0,0
n012w8-0,n012w8,0,12,1500000,100.0,adaptive,2026-07-04T11:37:08+01:00,3,1,37,11,0,99.990790,2685,2715,2685,30,1.1050,GLOBAL_BEST,0,101,0,36,0,26,0,0,0.0000,0.0000,0,0,0,0,0,0
n012w8-0,n012w8,0,12,1500000,100.0,adaptive,2026-07-04T11:37:08+01:00,3,11,37,11,148,0.000000,525,540,525,15,2.7778,GLOBAL_BEST,4,101,0,10,10,27,0,148,0.0000,101.3514,0,0,0,0,0,0
n012w8-0,n012w8,0,12,1500000,100.0,adaptive,2026-07-04T11:37:08+01:00,3,3,37,12,0,0.000000,3450,3830,3450,380,9.9217,LOCAL_BEST,0,101,0,19,1,28,1,-148,3800000.0000,0.0000,0,0,0,0,0,0
n012w8-0,n012w8,0,12,1500000,100.0,adaptive,2026-07-04T11:37:08+01:00,3,1,37,15,0,99.987106,2510,2685,2510,175,6.5177,GLOBAL_BEST,0,101,2,44,1,29,3,0,583333.3333,0.0000,0,0,0,0,0,0
n012w8-0,n012w8,0,12,1500000,100.0,adaptive,2026-07-04T11:37:08+01:00,3,3,37,17,0,0.000000,3255,3450,3255,195,5.6522,LOCAL_BEST,0,101,1,26,1,30,2,0,975000.0000,0.0000,0,0,0,0,0,0
n012w8-0,n012w8,0,12,1500000,100.0,adaptive,2026-07-04T11:37:08+01:00,3,1,37,17,0,99.985265,2480,2510,2480,30,1.1952,GLOBAL_BEST,0,101,2,49,2,31,0,0,0.0000,0.0000,0,0,0,0,0,0
n012w8-0,n012w8,0,12,1500000,100.0,adaptive,2026-07-04T11:37:08+01:00,3,5,37,17,59,0.000000,830,860,830,30,3.4884,GLOBAL_BEST,1,101,0,29,13,32,0,59,0.0000,508.4746,0,0,0,0,0,0
n012w8-0,n012w8,0,12,1500000,100.0,adaptive,2026-07-04T11:37:08+01:00,3,1,37,19,0,99.983423,2420,2480,2420,60,2.4194,LOCAL_BEST,0,101,2,50,3,33,2,-59,300000.0000,0.0000,0,0,0,0,0,0
n012w8-0,n012w8,0,12,1500000,100.0,adaptive,2026-07-04T11:37:08+01:00,3,5,37,20,59,0.000000,815,830,815,15,1.8072,GLOBAL_BEST,1,101,0,36,15,34,1,59,150000.0000,254.2373,0,0,0,0,0,0
n012w8-0,n012w8,0,12,1500000,100.0,adaptive,2026-07-04T11:37:08+01:00,3,3,37,21,0,0.000000,2940,3255,2940,315,9.6774,LOCAL_BEST,0,101,2,35,1,35,1,-59,3150000.0000,0.0000,0,0,0,0,0,0
n012w8-0,n012w8,0,12,1500000,100.0,adaptive,2026-07-04T11:37:08+01:00,3,1,37,21,0,99.981581,2390,2420,2390,30,1.2397,GLOBAL_BEST,0,101,2,51,3,36,0,0,0.0000,0.0000,0,0,0,0,0,0
n012w8-0,n012w8,0,12,1500000,100.0,adaptive,2026-07-04T11:37:08+01:00,3,5,37,22,59,0.000000,800,815,800,15,1.8405,GLOBAL_BEST,1,101,0,36,15,37,1,59,150000.0000,254.2373,0,0,0,0,0,0
n012w8-0,n012w8,0,12,1500000,100.0,adaptive,2026-07-04T11:37:08+01:00,3,1,37,25,0,99.977898,2245,2390,2245,145,6.0669,GLOBAL_BEST,0,101,4,59,4,38,3,-59,483333.3333,0.0000,0,0,0,0,0,0
n012w8-0,n012w8,0,12,1500000,100.0,adaptive,2026-07-04T11:37:08+01:00,3,3,37,26,0,0.000000,2885,2940,2885,55,1.8707,LOCAL_BEST,0,101,3,42,1,39,1,0,550000.0000,0.0000,0,0,0,0,0,0
n012w8-0,n012w8,0,12,1500000,100.0,adaptive,2026-07-04T11:37:08+01:00,3,1,37,29,0,99.974214,2155,2245,2155,90,4.0089,GLOBAL_BEST,0,101,4,66,4,40,3,0,300000.0000,0.0000,0,0,0,0,0,0
n012w8-0,n012w8,0,12,1500000,100.0,adaptive,2026-07-04T11:37:08+01:00,3,5,37,29,59,0.000000,790,800,790,10,1.2500,GLOBAL_BEST,1,101,0,44,20,41,0,59,0.0000,169.4915,0,0,0,0,0,0
n012w8-0,n012w8,0,12,1500000,100.0,adaptive,2026-07-04T11:37:08+01:00,3,1,37,33,0,99.970531,2110,2155,2110,45,2.0882,GLOBAL_BEST,0,101,4,68,7,42,4,-59,112500.0000,0.0000,0,0,0,0,0,0
n012w8-0,n012w8,0,12,1500000,100.0,adaptive,2026-07-04T11:37:08+01:00,3,2,37,37,0,0.000000,3025,3080,3025,55,1.7857,LOCAL_BEST,0,101,0,44,0,43,4,0,137500.0000,0.0000,0,0,0,0,0,0
n012w8-0,n012w8,0,12,1500000,100.0,adaptive,2026-07-04T11:37:08+01:00,3,3,37,37,0,0.000000,2765,2885,2765,120,4.1594,LOCAL_BEST,0,101,7,57,2,44,0,0,0.0000,0.0000,0,0,0,0,0,0
n012w8-0,n012w8,0,12,1500000,100.0,adaptive,2026-07-04T11:37:08+01:00,3,3,37,38,0,0.000000,2750,2765,2750,15,0.5425,LOCAL_BEST,0,101,7,57,2,45,1,0,150000.0000,0.0000,0,0,0,0,0,0
n012w8-0,n012w8,0,12,1500000,100.0,adaptive,2026-07-04T11:37:08+01:00,3,2,37,39,0,0.000000,2995,3025,2995,30,0.9917,LOCAL_BEST,0,101,0,46,0,46,1,0,300000.0000,0.0000,0,0,0,0,0,0
n012w8-0,n012w8,0,12,1500000,100.0,adaptive,2026-07-04T11:37:08+01:00,3,3,37,39,0,0.000000,2570,2750,2570,180,6.5455,LOCAL_BEST,0,101,7,57,2,47,0,0,0.0000,0.0000,0,0,0,0,0,0
n012w8-0,n012w8,0,12,1500000,100.0,adaptive,2026-07-04T11:37:08+01:00,3,3,37,40,0,0.000000,2420,2570,2420,150,5.8366,GLOBAL_BEST,0,101,7,57,2,48,1,0,1500000.0000,0.0000,0,0,0,0,0,0
n012w8-0,n012w8,0,12,1500000,100.0,adaptive,2026-07-04T11:37:08+01:00,3,2,37,41,0,0.000000,2965,2995,2965,30,1.0017,LOCAL_BEST,0,101,0,47,0,49,1,0,300000.0000,0.0000,0,0,0,0,0,0
n012w8-0,n012w8,0,12,1500000,100.0,adaptive,2026-07-04T11:37:08+01:00,3,2,37,43,0,0.000000,2920,2965,2920,45,1.5177,LOCAL_BEST,0,101,0,47,0,50,2,0,225000.0000,0.0000,0,0,0,0,0,0
n012w8-0,n012w8,0,12,1500000,100.0,adaptive,2026-07-04T11:37:08+01:00,3,2,37,44,0,0.000000,2800,2920,2800,120,4.1096,LOCAL_BEST,0,101,0,48,0,51,1,0,1200000.0000,0.0000,0,0,0,0,0,0
n012w8-0,n012w8,0,12,1500000,100.0,adaptive,2026-07-04T11:37:08+01:00,3,1,37,46,1,99.958562,2050,2110,2050,60,2.8436,GLOBAL_BEST,0,101,7,96,11,52,2,1,300000.0000,60000.0000,0,0,0,0,0,0
n012w8-0,n012w8,0,12,1500000,100.0,adaptive,2026-07-04T11:37:08+01:00,3,3,37,47,0,0.000000,2375,2420,2375,45,1.8595,GLOBAL_BEST,0,101,10,89,2,53,1,-1,450000.0000,0.0000,0,0,0,0,0,0
n012w8-0,n012w8,0,12,1500000,100.0,adaptive,2026-07-04T11:37:08+01:00,3,3,37,50,0,0.000000,2360,2375,2360,15,0.6316,LOCAL_BEST,0,101,11,94,2,54,3,0,50000.0000,0.0000,0,0,0,0,0,0
n012w8-0,n012w8,0,12,1500000,100.0,adaptive,2026-07-04T11:37:08+01:00,3,1,37,51,1,99.953959,2005,2050,2005,45,2.1951,GLOBAL_BEST,0,101,9,103,12,55,1,1,450000.0000,45000.0000,0,0,0,0,0,0
n012w8-0,n012w8,0,12,1500000,100.0,adaptive,2026-07-04T11:37:08+01:00,3,3,37,52,0,0.000000,2200,2360,2200,160,6.7797,GLOBAL_BEST,0,101,11,96,2,56,1,-1,1600000.0000,0.0000,0,0,0,0,0,0
n012w8-0,n012w8,0,12,1500000,100.0,adaptive,2026-07-04T11:37:08+01:00,3,1,37,53,1,99.952118,2000,2005,2000,5,0.2494,GLOBAL_BEST,0,101,9,108,13,57,1,1,50000.0000,5000.0000,0,0,0,0,0,0
n012w8-0,n012w8,0,12,1500000,100.0,adaptive,2026-07-04T11:37:08+01:00,3,2,37,55,0,0.000000,2720,2800,2720,80,2.8571,LOCAL_BEST,0,101,0,66,0,58,2,-1,400000.0000,0.0000,0,0,0,0,0,0
n012w8-0,n012w8,0,12,1500000,100.0,adaptive,2026-07-04T11:37:08+01:00,3,3,37,55,0,0.000000,2140,2200,2140,60,2.7273,GLOBAL_BEST,0,101,12,100,2,59,0,0,0.0000,0.0000,0,0,0,0,0,0
n012w8-0,n012w8,0,12,1500000,100.0,adaptive,2026-07-04T11:37:08+01:00,3,1,37,61,1,99.944753,1970,2000,1970,30,1.5000,GLOBAL_BEST,0,101,10,127,17,60,6,1,50000.0000,30000.0000,0,0,0,0,0,0
n012w8-0,n012w8,0,12,1500000,100.0,adaptive,2026-07-04T11:37:08+01:00,3,1,37,65,1,99.941071,1925,1970,1925,45,2.2843,GLOBAL_BEST,0,101,11,130,18,61,4,0,112500.0000,0.0000,0,0,0,0,0,0
n012w8-0,n012w8,0,12,1500000,100.0,adaptive,2026-07-04T11:37:08+01:00,3,2,37,69,1,0.000000,2600,2720,2600,120,4.4118,LOCAL_BEST,0,101,0,87,0,62,4,0,300000.0000,0.0000,0,0,0,0,0,0
n012w8-0,n012w8,0,12,1500000,100.0,adaptive,2026-07-04T11:37:08+01:00,3,2,37,70,1,0.000000,2540,2600,2540,60,2.3077,LOCAL_BEST,0,101,0,89,0,63,1,0,600000.0000,0.0000,0,0,0,0,0,0
n012w8-0,n012w8,0,12,1500000,100.0,adaptive,2026-07-04T11:37:08+01:00,3,8,37,72,101,0.000000,645,660,645,15,2.2727,GLOBAL_BEST,3,101,0,85,66,64,2,100,75000.0000,150.0000,0,0,0,0,0,0
n012w8-0,n012w8,0,12,1500000,100.0,adaptive,2026-07-04T11:37:08+01:00,3,2,37,80,1,0.000000,2510,2540,2510,30,1.1811,LOCAL_BEST,0,101,0,111,0,65,8,-100,37500.0000,0.0000,0,0,0,0,0,0
n012w8-0,n012w8,0,12,1500000,100.0,adaptive,2026-07-04T11:37:08+01:00,3,2,37,90,1,0.000000,2435,2510,2435,75,2.9880,LOCAL_BEST,0,101,0,131,0,66,10,0,75000.0000,0.0000,0,0,0,0,0,0
n012w8-0,n012w8,0,12,1500000,100.0,adaptive,2026-07-04T11:37:08+01:00,3,1,37,115,1,99.895057,1870,1925,1870,55,2.8571,GLOBAL_BEST,0,101,26,191,29,67,25,0,22000.0000,0.0000,0,0,0,0,0,0
n012w8-0,n012w8,0,12,1500000,100.0,adaptive,2026-07-04T11:37:08+01:00,3,1,37,120,1,99.890457,1825,1870,1825,45,2.4064,GLOBAL_BEST,0,101,27,195,29,68,5,0,90000.0000,0.0000,0,0,0,0,0,0
n012w8-0,n012w8,0,12,1500000,100.0,adaptive,2026-07-04T11:37:08+01:00,3,1,37,124,1,99.886777,1810,1825,1810,15,0.8219,GLOBAL_BEST,0,101,28,198,30,69,4,0,37500.0000,0.0000,0,0,0,0,0,0
n012w8-0,n012w8,0,12,1500000,100.0,adaptive,2026-07-04T11:37:08+01:00,3,1,37,125,1,99.885857,1790,1810,1790,20,1.1050,GLOBAL_BEST,0,101,28,200,30,70,1,0,200000.0000,0.0000,0,0,0,0,0,0
n012w8-0,n012w8,0,12,1500000,100.0,adaptive,2026-07-04T11:37:08+01:00,3,1,37,128,1,99.883097,1715,1790,1715,75,4.1899,GLOBAL_BEST,0,101,28,207,32,71,3,0,250000.0000,0.0000,0,0,0,0,0,0
n012w8-0,n012w8,0,12,1500000,100.0,adaptive,2026-07-04T11:37:08+01:00,3,2,37,132,1,0.000000,2330,2435,2330,105,4.3121,LOCAL_BEST,0,101,0,202,0,72,4,0,262500.0000,0.0000,0,0,0,0,0,0
n012w8-0,n012w8,0,12,1500000,100.0,adaptive,2026-07-04T11:37:08+01:00,3,1,37,135,1,99.876658,1700,1715,1700,15,0.8746,GLOBAL_BEST,0,101,29,209,37,73,3,0,50000.0000,0.0000,0,0,0,0,0,0
n012w8-0,n012w8,0,12,1500000,100.0,adaptive,2026-07-04T11:37:08+01:00,3,2,37,148,1,0.000000,2320,2330,2320,10,0.4292,LOCAL_BEST,0,101,0,238,0,74,13,0,7692.3077,0.0000,0,0,0,0,0,0
n012w8-0,n012w8,0,12,1500000,100.0,adaptive,2026-07-04T11:37:08+01:00,3,2,37,150,1,0.000000,2275,2320,2275,45,1.9397,LOCAL_BEST,0,101,0,242,0,75,2,0,225000.0000,0.0000,0,0,0,0,0,0
n012w8-0,n012w8,0,12,1500000,100.0,adaptive,2026-07-04T11:37:08+01:00,3,2,37,161,1,0.000000,2135,2275,2135,140,6.1538,LOCAL_BEST,0,101,0,261,0,76,11,0,127272.7273,0.0000,0,0,0,0,0,0
n012w8-0,n012w8,0,12,1500000,100.0,adaptive,2026-07-04T11:37:08+01:00,3,2,37,165,1,0.000000,2100,2135,2100,35,1.6393,LOCAL_BEST,0,101,0,263,0,77,4,0,87500.0000,0.0000,0,0,0,0,0,0
n012w8-0,n012w8,0,12,1500000,100.0,adaptive,2026-07-04T11:37:08+01:00,3,1,37,165,1,99.849064,1585,1700,1585,115,6.7647,GLOBAL_BEST,0,101,36,257,48,78,0,0,0.0000,0.0000,0,0,0,0,0,0
n012w8-0,n012w8,0,12,1500000,100.0,adaptive,2026-07-04T11:37:08+01:00,3,2,37,167,1,0.000000,2070,2100,2070,30,1.4286,LOCAL_BEST,0,101,0,269,0,79,2,0,150000.0000,0.0000,0,0,0,0,0,0
n012w8-0,n012w8,0,12,1500000,100.0,adaptive,2026-07-04T11:37:08+01:00,3,1,37,174,1,99.840788,1580,1585,1580,5,0.3155,GLOBAL_BEST,0,101,37,272,52,80,7,0,7142.8571,0.0000,0,0,0,0,0,0
n012w8-0,n012w8,0,12,1500000,100.0,adaptive,2026-07-04T11:37:08+01:00,3,2,37,176,1,0.000000,1975,2070,1975,95,4.5894,LOCAL_BEST,0,101,0,289,0,81,2,0,475000.0000,0.0000,0,0,0,0,0,0
n012w8-0,n012w8,0,12,1500000,100.0,adaptive,2026-07-04T11:37:08+01:00,3,8,37,214,101,0.000000,630,645,630,15,2.3256,GLOBAL_BEST,3,101,0,315,191,82,38,100,3947.3684,150.0000,0,0,0,0,0,0
n012w8-0,n012w8,0,12,1500000,100.0,adaptive,2026-07-04T11:37:08+01:00,3,3,37,427,1,0.000000,2080,2140,2080,60,2.8037,LOCAL_BEST,0,101,162,716,12,83,213,-100,2816.9014,0.0000,0,0,0,0,0,0
n012w8-0,n012w8,0,12,1500000,100.0,adaptive,2026-07-04T11:37:08+01:00,3,3,37,428,1,0.000000,2065,2080,2065,15,0.7212,LOCAL_BEST,0,101,162,716,12,84,1,0,150000.0000,0.0000,0,0,0,0,0,0
n012w8-0,n012w8,0,12,1500000,100.0,adaptive,2026-07-04T11:37:08+01:00,3,3,37,432,1,0.000000,2035,2065,2035,30,1.4528,LOCAL_BEST,0,101,162,719,13,85,4,0,75000.0000,0.0000,0,0,0,0,0,0
n012w8-0,n012w8,0,12,1500000,100.0,adaptive,2026-07-04T11:37:08+01:00,3,3,37,433,1,0.000000,1855,2035,1855,180,8.8452,LOCAL_BEST,0,101,162,719,13,86,1,0,1800000.0000,0.0000,0,0,0,0,0,0
n012w8-0,n012w8,0,12,1500000,100.0,adaptive,2026-07-04T11:37:08+01:00,3,3,37,434,1,0.000000,1765,1855,1765,90,4.8518,LOCAL_BEST,0,101,162,719,13,87,1,0,900000.0000,0.0000,0,0,0,0,0,0
n012w8-0,n012w8,0,12,1500000,100.0,adaptive,2026-07-04T11:37:08+01:00,3,3,37,436,1,0.000000,1690,1765,1690,75,4.2493,LOCAL_BEST,0,101,163,722,13,88,2,0,375000.0000,0.0000,0,0,0,0,0,0
n012w8-0,n012w8,0,12,1500000,100.0,adaptive,2026-07-04T11:37:08+01:00,3,1,37,515,1,99.527707,1570,1580,1570,10,0.6329,GLOBAL_BEST,0,101,131,843,147,89,79,0,1265.8228,0.0000,0,0,0,0,0,0
n012w8-0,n012w8,0,12,1500000,100.0,adaptive,2026-07-04T11:37:08+01:00,3,1,37,530,1,99.513958,1560,1570,1560,10,0.6369,GLOBAL_BEST,0,101,135,873,153,90,15,0,6666.6667,0.0000,0,0,0,0,0,0
n012w8-0,n012w8,0,12,1500000,100.0,adaptive,2026-07-04T11:37:08+01:00,3,1,37,531,1,99.513041,1545,1560,1545,15,0.9615,GLOBAL_BEST,0,101,135,874,153,91,1,0,150000.0000,0.0000,0,0,0,0,0,0
n012w8-0,n012w8,0,12,1500000,100.0,adaptive,2026-07-04T11:37:08+01:00,3,1,37,532,1,99.512125,1470,1545,1470,75,4.8544,GLOBAL_BEST,0,101,135,874,153,92,1,0,750000.0000,0.0000,0,0,0,0,0,0
n012w8-0,n012w8,0,12,1500000,100.0,adaptive,2026-07-04T11:37:08+01:00,3,1,37,590,2,99.458980,1405,1470,1405,65,4.4218,GLOBAL_BEST,0,101,145,949,177,93,58,1,11206.8966,65000.0000,0,0,0,0,0,0
n012w8-0,n012w8,0,12,1500000,100.0,adaptive,2026-07-04T11:37:08+01:00,3,1,37,596,2,99.453484,1240,1405,1240,165,11.7438,GLOBAL_BEST,0,101,145,964,180,94,6,0,275000.0000,0.0000,0,0,0,0,0,0
n012w8-0,n012w8,0,12,1500000,100.0,adaptive,2026-07-04T11:37:08+01:00,3,1,37,610,2,99.440660,1210,1240,1210,30,2.4194,GLOBAL_BEST,0,101,148,989,187,95,14,0,21428.5714,0.0000,0,0,0,0,0,0
n012w8-0,n012w8,0,12,1500000,100.0,adaptive,2026-07-04T11:37:08+01:00,3,2,37,651,2,0.000000,1950,1975,1950,25,1.2658,LOCAL_BEST,0,101,0,1209,0,96,41,0,6097.5610,0.0000,0,0,0,0,0,0
n012w8-0,n012w8,0,12,1500000,100.0,adaptive,2026-07-04T11:37:08+01:00,3,2,37,653,2,0.000000,1930,1950,1930,20,1.0256,LOCAL_BEST,0,101,0,1213,0,97,2,0,100000.0000,0.0000,0,0,0,0,0,0
n012w8-0,n012w8,0,12,1500000,100.0,adaptive,2026-07-04T11:37:08+01:00,3,2,37,654,2,0.000000,1915,1930,1915,15,0.7772,LOCAL_BEST,0,101,0,1215,0,98,1,0,150000.0000,0.0000,0,0,0,0,0,0
n012w8-0,n012w8,0,12,1500000,100.0,adaptive,2026-07-04T11:37:08+01:00,3,8,37,1048,103,0.000000,615,630,615,15,2.3810,GLOBAL_BEST,3,101,0,1548,947,99,394,101,380.7107,148.5149,0,0,0,0,0,0
n012w8-0,n012w8,0,12,1500000,100.0,adaptive,2026-07-04T11:37:08+01:00,3,1,37,1069,2,99.021158,1170,1210,1170,40,3.3058,GLOBAL_BEST,0,101,249,1783,350,100,21,-101,19047.6190,0.0000,0,0,0,0,0,0
n012w8-0,n012w8,0,12,1500000,100.0,adaptive,2026-07-04T11:37:08+01:00,3,3,37,1154,3,0.000000,1650,1690,1650,40,2.3669,LOCAL_BEST,0,101,420,1914,42,101,85,1,4705.8824,40000.0000,0,0,0,0,0,0
n012w8-0,n012w8,0,12,1500000,100.0,adaptive,2026-07-04T11:37:08+01:00,3,2,37,1319,3,0.000000,1855,1915,1855,60,3.1332,LOCAL_BEST,0,101,0,2391,31,102,165,0,3636.3636,0.0000,0,0,0,0,0,0
n012w8-0,n012w8,0,12,1500000,100.0,adaptive,2026-07-04T11:37:08+01:00,3,2,37,1416,3,0.000000,1785,1855,1785,70,3.7736,LOCAL_BEST,0,101,0,2576,47,103,97,0,7216.4948,0.0000,0,0,0,0,0,0
n012w8-0,n012w8,0,12,1500000,100.0,adaptive,2026-07-04T11:37:08+01:00,3,2,37,1417,3,0.000000,1695,1785,1695,90,5.0420,LOCAL_BEST,0,101,0,2585,47,104,1,0,900000.0000,0.0000,0,0,0,0,0,0
n012w8-0,n012w8,0,12,1500000,100.0,adaptive,2026-07-04T11:37:08+01:00,3,2,37,1418,3,0.000000,1680,1695,1680,15,0.8850,LOCAL_BEST,0,101,0,2587,47,105,1,0,150000.0000,0.0000,0,0,0,0,0,0
n012w8-0,n012w8,0,12,1500000,100.0,adaptive,2026-07-04T11:37:08+01:00,3,5,37,1443,62,0.000000,765,790,765,25,3.1646,GLOBAL_BEST,1,101,0,2237,1133,106,25,59,10000.0000,423.7288,0,0,0,0,0,0
n012w8-0,n012w8,0,12,1500000,100.0,adaptive,2026-07-04T11:37:08+01:00,3,2,37,1761,4,0.000000,1585,1680,1585,95,5.6548,LOCAL_BEST,0,101,0,3178,91,107,318,-58,2987.4214,0.0000,0,0,0,0,0,0
n012w8-0,n012w8,0,12,1500000,100.0,adaptive,2026-07-04T11:37:08+01:00,3,2,37,1764,4,0.000000,1565,1585,1565,20,1.2618,LOCAL_BEST,0,101,0,3178,91,108,3,0,66666.6667,0.0000,0,0,0,0,0,0
n012w8-0,n012w8,0,12,1500000,100.0,adaptive,2026-07-04T11:37:08+01:00,3,17,37,2170,428,0.000000,480,495,480,15,3.0303,GLOBAL_BEST,7,101,0,3097,2039,109,406,424,369.4581,35.3774,0,0,0,0,0,0
n012w8-0,n012w8,0,12,1500000,100.0,adaptive,2026-07-04T11:37:08+01:00,3,1,37,2387,4,97.826384,1165,1170,1165,5,0.4274,GLOBAL_BEST,0,101,561,3777,811,110,217,-424,230.4147,0.0000,0,0,0,0,0,0
n012w8-0,n012w8,0,12,1500000,100.0,adaptive,2026-07-04T11:37:08+01:00,3,17,37,2876,429,0.000000,460,480,460,20,4.1667,GLOBAL_BEST,7,101,0,3961,2691,111,489,425,408.9980,47.0588,0,0,0,0,0,0
n012w8-0,n012w8,0,12,1500000,100.0,adaptive,2026-07-04T11:37:08+01:00,3,5,37,3114,65,0.000000,755,765,755,10,1.3072,GLOBAL_BEST,1,101,0,4870,2506,112,238,-364,420.1681,0.0000,0,0,0,0,0,0
n012w8-0,n012w8,0,12,1500000,100.0,adaptive,2026-07-04T11:37:08+01:00,3,2,37,3192,6,0.000000,1470,1565,1470,95,6.0703,LOCAL_BEST,0,101,0,5533,410,113,78,-59,12179.4872,0.0000,0,0,0,0,0,0
n012w8-0,n012w8,0,12,1500000,100.0,adaptive,2026-07-04T11:37:08+01:00,3,5,37,3368,65,0.000000,750,755,750,5,0.6623,GLOBAL_BEST,1,101,0,5201,2700,114,176,59,284.0909,84.7458,0,0,0,0,0,0
n012w8-0,n012w8,0,12,1500000,100.0,adaptive,2026-07-04T11:37:08+01:00,3,5,37,3750,66,0.000000,740,750,740,10,1.3333,GLOBAL_BEST,1,101,0,5770,3027,115,382,1,261.7801,10000.0000,0,0,0,0,0,0
n012w8-0,n012w8,0,12,1500000,100.0,adaptive,2026-07-04T11:37:08+01:00,3,11,37,4163,157,0.000000,510,525,510,15,2.8571,GLOBAL_BEST,4,101,0,5873,3862,116,413,91,363.1961,164.8352,0,0,0,0,0,0
n012w8-0,n012w8,0,12,1500000,100.0,adaptive,2026-07-04T11:37:08+01:00,3,2,37,4300,8,0.000000,1465,1470,1465,5,0.3401,LOCAL_BEST,0,101,0,7364,742,117,137,-149,364.9635,0.0000,0,0,0,0,0,0
n012w8-0,n012w8,0,12,1500000,100.0,adaptive,2026-07-04T11:37:08+01:00,3,17,37,4649,434,0.000000,450,460,450,10,2.1739,GLOBAL_BEST,7,101,0,6422,4330,118,349,426,286.5330,23.4742,0,0,0,0,0,0
n012w8-0,n012w8,0,12,1500000,100.0,adaptive,2026-07-04T11:37:08+01:00,3,2,37,4911,9,0.000000,1455,1465,1455,10,0.6826,LOCAL_BEST,0,101,0,8398,925,119,262,-425,381.6794,0.0000,0,0,0,0,0,0
n012w8-0,n012w8,0,12,1500000,100.0,adaptive,2026-07-04T11:37:08+01:00,3,8,37,5025,114,0.000000,600,615,600,15,2.4390,LOCAL_BEST,3,101,0,7567,4513,120,114,105,1315.7895,142.8571,0,0,0,0,0,0
n012w8-0,n012w8,0,12,1500000,100.0,adaptive,2026-07-04T11:37:08+01:00,3,8,37,5279,115,0.000000,595,600,595,5,0.8333,GLOBAL_BEST,3,101,0,7917,4735,121,254,1,196.8504,5000.0000,0,0,0,0,0,0
n012w8-0,n012w8,0,12,1500000,100.0,adaptive,2026-07-04T11:37:08+01:00,3,8,37,5605,116,0.000000,580,595,580,15,2.5210,GLOBAL_BEST,3,101,0,8501,5018,122,326,1,460.1227,15000.0000,0,0,0,0,0,0
n012w8-0,n012w8,0,12,1500000,100.0,adaptive,2026-07-04T11:37:08+01:00,3,2,37,5727,11,0.000000,1445,1455,1445,10,0.6873,LOCAL_BEST,0,101,0,9695,1172,123,122,-105,819.6721,0.0000,0,0,0,0,0,0
n012w8-0,n012w8,0,12,1500000,100.0,adaptive,2026-07-04T11:37:08+01:00,3,2,37,5733,11,0.000000,1430,1445,1430,15,1.0381,LOCAL_BEST,0,101,0,9698,1172,124,6,0,25000.0000,0.0000,0,0,0,0,0,0
n012w8-0,n012w8,0,12,1500000,100.0,adaptive,2026-07-04T11:37:08+01:00,3,1,37,6595,12,94.107449,1125,1165,1125,40,3.4335,GLOBAL_BEST,0,101,1578,10715,2297,125,862,1,464.0371,40000.0000,0,0,0,0,0,0
n012w8-0,n012w8,0,12,1500000,100.0,adaptive,2026-07-04T11:37:08+01:00,3,2,37,6734,13,0.000000,1400,1430,1400,30,2.0979,LOCAL_BEST,0,101,0,11312,1484,126,139,1,2158.2734,30000.0000,0,0,0,0,0,0
n012w8-0,n012w8,0,12,1500000,100.0,adaptive,2026-07-04T11:37:08+01:00,3,2,37,6735,13,0.000000,1340,1400,1340,60,4.2857,LOCAL_BEST,0,101,0,11316,1484,127,1,0,600000.0000,0.0000,0,0,0,0,0,0
n012w8-0,n012w8,0,12,1500000,100.0,adaptive,2026-07-04T11:37:08+01:00,3,2,37,7185,13,0.000000,1330,1340,1330,10,0.7463,LOCAL_BEST,0,101,0,11941,1627,128,450,0,222.2222,0.0000,0,0,0,0,0,0
n012w8-0,n012w8,0,12,1500000,100.0,adaptive,2026-07-04T11:37:08+01:00,3,5,37,7546,72,0.000000,725,740,725,15,2.0270,GLOBAL_BEST,1,101,0,11668,6133,129,361,59,415.5125,254.2373,0,0,0,0,0,0
n012w8-0,n012w8,0,12,1500000,100.0,adaptive,2026-07-04T11:37:08+01:00,3,1,37,8369,15,92.582307,1075,1125,1075,50,4.4444,GLOBAL_BEST,0,101,1985,13548,2954,130,823,-57,607.5334,0.0000,0,0,0,0,0,0
n012w8-0,n012w8,0,12,1500000,100.0,adaptive,2026-07-04T11:37:08+01:00,3,2,37,9916,18,0.000000,1315,1330,1315,15,1.1278,LOCAL_BEST,0,101,0,16291,2767,131,1547,3,96.9619,5000.0000,0,0,0,0,0,0
n012w8-0,n012w8,0,12,1500000,100.0,adaptive,2026-07-04T11:37:08+01:00,3,5,37,10825,77,0.000000,710,725,710,15,2.0690,GLOBAL_BEST,1,101,0,16413,8939,132,909,59,165.0165,254.2373,0,0,0,0,0,0
n012w8-0,n012w8,0,12,1500000,100.0,adaptive,2026-07-04T11:37:08+01:00,3,2,37,11390,20,0.000000,1310,1315,1310,5,0.3802,LOCAL_BEST,0,101,0,18649,3502,133,565,-57,88.4956,0.0000,0,0,0,0,0,0
n012w8-0,n012w8,0,12,1500000,100.0,adaptive,2026-07-04T11:37:08+01:00,3,2,37,11409,20,0.000000,1295,1310,1295,15,1.1450,LOCAL_BEST,0,101,0,18678,3509,134,19,0,7894.7368,0.0000,0,0,0,0,0,0
n012w8-0,n012w8,0,12,1500000,100.0,adaptive,2026-07-04T11:37:08+01:00,3,2,37,11742,21,0.000000,1260,1295,1260,35,2.7027,LOCAL_BEST,0,101,0,19210,3633,135,333,1,1051.0511,35000.0000,0,0,0,0,0,0
n012w8-0,n012w8,0,12,1500000,100.0,adaptive,2026-07-04T11:37:08+01:00,3,2,37,11743,21,0.000000,1155,1260,1155,105,8.3333,LOCAL_BEST,0,101,0,19211,3633,136,1,0,1050000.0000,0.0000,0,0,0,0,0,0
n012w8-0,n012w8,0,12,1500000,100.0,adaptive,2026-07-04T11:37:08+01:00,3,5,37,12767,80,0.000000,695,710,695,15,2.1127,GLOBAL_BEST,1,101,0,19204,10626,137,1024,59,146.4844,254.2373,0,0,0,0,0,0
n012w8-0,n012w8,0,12,1500000,100.0,adaptive,2026-07-04T11:37:08+01:00,3,2,37,13539,24,0.000000,1140,1155,1140,15,1.2987,LOCAL_BEST,0,101,0,22053,4444,138,772,-56,194.3005,0.0000,0,0,0,0,0,0
n012w8-0,n012w8,0,12,1500000,100.0,adaptive,2026-07-04T11:37:08+01:00,3,3,37,14347,27,0.000000,1610,1650,1610,40,2.4242,LOCAL_BEST,0,101,5330,24748,583,139,808,3,495.0495,13333.3333,0,0,0,0,0,0
n012w8-0,n012w8,0,12,1500000,100.0,adaptive,2026-07-04T11:37:08+01:00,3,2,37,14540,26,0.000000,1000,1140,1000,140,12.2807,GLOBAL_BEST,0,101,0,23585,5025,140,193,-1,7253.8860,0.0000,0,0,0,0,0,0
n012w8-0,n012w8,0,12,1500000,100.0,adaptive,2026-07-04T11:37:08+01:00,3,2,37,14542,26,0.000000,985,1000,985,15,1.5000,GLOBAL_BEST,0,101,0,23587,5026,141,2,0,75000.0000,0.0000,0,0,0,0,0,0
n012w8-0,n012w8,0,12,1500000,100.0,adaptive,2026-07-04T11:37:08+01:00,3,1,37,15322,28,86.839237,1050,1075,1050,25,2.3256,LOCAL_BEST,0,101,3623,24961,5449,142,780,2,320.5128,12500.0000,0,0,0,0,0,0
n012w8-0,n012w8,0,12,1500000,100.0,adaptive,2026-07-04T11:37:08+01:00,3,1,37,15325,28,86.836838,1005,1050,1005,45,4.2857,LOCAL_BEST,0,101,3624,24971,5449,143,3,0,150000.0000,0.0000,0,0,0,0,0,0
n012w8-0,n012w8,0,12,1500000,100.0,adaptive,2026-07-04T11:37:08+01:00,3,1,37,15331,28,86.832039,975,1005,975,30,2.9851,GLOBAL_BEST,0,101,3624,24981,5453,144,6,0,50000.0000,0.0000,0,0,0,0,0,0
n012w8-0,n012w8,0,12,1500000,100.0,adaptive,2026-07-04T11:37:08+01:00,3,1,37,15335,28,86.828840,900,975,900,75,7.6923,GLOBAL_BEST,0,101,3624,24991,5455,145,4,0,187500.0000,0.0000,0,0,0,0,0,0
n012w8-0,n012w8,0,12,1500000,100.0,adaptive,2026-07-04T11:37:08+01:00,3,5,37,16623,87,0.000000,690,695,690,5,0.7194,GLOBAL_BEST,1,101,0,25077,13902,146,1288,59,38.8199,84.7458,0,0,0,0,0,0
n012w8-0,n012w8,0,12,1500000,100.0,adaptive,2026-07-04T11:37:08+01:00,3,8,37,18205,140,0.000000,575,580,575,5,0.8621,LOCAL_BEST,3,101,0,28280,16499,147,1582,53,31.6056,94.3396,0,0,0,0,0,0
n012w8-0,n012w8,0,12,1500000,100.0,adaptive,2026-07-04T11:37:08+01:00,3,8,37,18600,141,0.000000,555,575,555,20,3.4783,LOCAL_BEST,3,101,0,28824,16846,148,395,1,506.3291,20000.0000,0,0,0,0,0,0
n012w8-0,n012w8,0,12,1500000,100.0,adaptive,2026-07-04T11:37:08+01:00,3,5,37,18995,90,0.000000,680,690,680,10,1.4493,GLOBAL_BEST,1,101,0,28648,16008,149,395,-51,253.1646,0.0000,0,0,0,0,0,0
n012w8-0,n012w8,0,12,1500000,100.0,adaptive,2026-07-04T11:37:08+01:00,3,8,37,21381,145,0.000000,550,555,550,5,0.9009,GLOBAL_BEST,3,101,0,32870,19413,150,2386,55,20.9556,90.9091,0,0,0,0,0,0
n012w8-0,n012w8,0,12,1500000,100.0,adaptive,2026-07-04T11:37:08+01:00,3,8,37,22053,146,0.000000,545,550,545,5,0.9091,GLOBAL_BEST,3,101,0,33807,19994,151,672,1,74.4048,5000.0000,0,0,0,0,0,0
n012w8-0,n012w8,0,12,1500000,100.0,adaptive,2026-07-04T11:37:08+01:00,3,5,37,23800,97,0.000000,670,680,670,10,1.4706,GLOBAL_BEST,1,101,0,36082,20201,152,1747,-49,57.2410,0.0000,0,0,0,0,0,0
n012w8-0,n012w8,0,12,1500000,100.0,adaptive,2026-07-04T11:37:08+01:00,3,2,37,25301,45,0.000000,950,985,950,35,3.5533,LOCAL_BEST,0,101,0,40842,11383,153,1501,-52,233.1779,0.0000,0,0,0,0,0,0
n012w8-0,n012w8,0,12,1500000,100.0,adaptive,2026-07-04T11:37:08+01:00,3,5,37,25368,101,0.000000,660,670,660,10,1.4925,GLOBAL_BEST,1,101,0,38541,21544,154,67,56,1492.5373,178.5714,0,0,0,0,0,0
n012w8-0,n012w8,0,12,1500000,100.0,adaptive,2026-07-04T11:37:08+01:00,3,5,37,26331,102,0.000000,655,660,655,5,0.7576,LOCAL_BEST,1,101,0,40017,22385,155,963,1,51.9211,5000.0000,0,0,0,0,0,0
n012w8-0,n012w8,0,12,1500000,100.0,adaptive,2026-07-04T11:37:08+01:00,3,5,37,26399,102,0.000000,640,655,640,15,2.2901,LOCAL_BEST,1,101,0,40106,22440,156,68,0,2205.8824,0.0000,0,0,0,0,0,0
n012w8-0,n012w8,0,12,1500000,100.0,adaptive,2026-07-04T11:37:08+01:00,3,8,37,27097,154,0.000000,540,545,540,5,0.9174,LOCAL_BEST,3,101,0,41264,24554,157,698,52,71.6332,96.1538,0,0,0,0,0,0
n012w8-0,n012w8,0,12,1500000,100.0,adaptive,2026-07-04T11:37:08+01:00,3,8,37,27126,154,0.000000,525,540,525,15,2.7778,LOCAL_BEST,3,101,0,41307,24577,158,29,0,5172.4138,0.0000,0,0,0,0,0,0
n012w8-0,n012w8,0,12,1500000,100.0,adaptive,2026-07-04T11:37:08+01:00,3,5,37,28392,106,0.000000,610,640,610,30,4.6875,GLOBAL_BEST,1,101,0,43425,24188,159,1266,-48,236.9668,0.0000,0,0,0,0,0,0
n012w8-0,n012w8,0,12,1500000,100.0,adaptive,2026-07-04T11:37:08+01:00,3,2,37,30942,55,0.000000,945,950,945,5,0.5263,LOCAL_BEST,0,101,0,49823,15160,160,2550,-51,19.6078,0.0000,0,0,0,0,0,0
n012w8-0,n012w8,0,12,1500000,100.0,adaptive,2026-07-04T11:37:08+01:00,3,5,37,31219,113,0.000000,600,610,600,10,1.6393,GLOBAL_BEST,1,101,0,47720,26593,161,277,58,361.0108,172.4138,0,0,0,0,0,0
n012w8-0,n012w8,0,12,1500000,100.0,adaptive,2026-07-04T11:37:08+01:00,3,5,37,31782,115,0.000000,585,600,585,15,2.5000,GLOBAL_BEST,1,101,0,48557,27062,162,563,2,266.4298,7500.0000,0,0,0,0,0,0
n012w8-0,n012w8,0,12,1500000,100.0,adaptive,2026-07-04T11:37:08+01:00,3,2,37,32102,57,0.000000,925,945,925,20,2.1164,LOCAL_BEST,0,101,0,51642,15972,163,320,-58,625.0000,0.0000,0,0,0,0,0,0
n012w8-0,n012w8,0,12,1500000,100.0,adaptive,2026-07-04T11:37:08+01:00,3,2,37,33706,59,0.000000,895,925,895,30,3.2432,GLOBAL_BEST,0,101,0,54134,17120,164,1604,2,187.0324,15000.0000,0,0,0,0,0,0
n012w8-0,n012w8,0,12,1500000,100.0,adaptive,2026-07-04T11:37:08+01:00,3,2,37,35931,63,0.000000,840,895,840,55,6.1453,LOCAL_BEST,0,101,0,57555,18715,165,2225,4,247.1910,13750.0000,0,0,0,0,0,0
n012w8-0,n012w8,0,12,1500000,100.0,adaptive,2026-07-04T11:37:08+01:00,3,5,37,36684,124,0.000000,580,585,580,5,0.8547,LOCAL_BEST,1,101,0,55538,31271,166,753,61,66.4011,81.9672,0,0,0,0,0,0
n012w8-0,n012w8,0,12,1500000,100.0,adaptive,2026-07-04T11:37:08+01:00,3,5,37,36693,124,0.000000,565,580,565,15,2.5862,GLOBAL_BEST,1,101,0,55547,31277,167,9,0,16666.6667,0.0000,0,0,0,0,0,0
n012w8-0,n012w8,0,12,1500000,100.0,adaptive,2026-07-04T11:37:08+01:00,3,5,37,37717,126,0.000000,555,565,555,10,1.7699,GLOBAL_BEST,1,101,0,57122,32175,168,1024,2,97.6562,5000.0000,0,0,0,0,0,0
n012w8-0,n012w8,0,12,1500000,100.0,adaptive,2026-07-04T11:37:08+01:00,3,2,37,40023,70,0.000000,835,840,835,5,0.5952,LOCAL_BEST,0,101,0,63899,21674,169,2306,-56,21.6826,0.0000,0,0,0,0,0,0
n012w8-0,n012w8,0,12,1500000,100.0,adaptive,2026-07-04T11:37:08+01:00,3,2,37,42203,74,0.000000,795,835,795,40,4.7904,LOCAL_BEST,0,101,0,67047,23269,170,2180,4,183.4862,10000.0000,0,0,0,0,0,0
n012w8-0,n012w8,0,12,1500000,100.0,adaptive,2026-07-04T11:37:08+01:00,3,2,37,47816,83,0.000000,760,795,760,35,4.4025,LOCAL_BEST,0,101,0,75800,27475,171,5613,9,62.3552,3888.8889,0,0,0,0,0,0
n012w8-0,n012w8,0,12,1500000,100.0,adaptive,2026-07-04T11:37:08+01:00,3,2,37,48794,85,0.000000,740,760,740,20,2.6316,LOCAL_BEST,0,101,0,77316,28230,172,978,2,204.4990,10000.0000,0,0,0,0,0,0
n012w8-0,n012w8,0,12,1500000,100.0,adaptive,2026-07-04T11:37:08+01:00,3,3,37,48796,90,0.000000,1575,1610,1575,35,2.1739,LOCAL_BEST,0,101,18214,84002,1911,173,2,5,175000.0000,7000.0000,0,0,0,0,0,0
n012w8-0,n012w8,0,12,1500000,100.0,adaptive,2026-07-04T11:37:08+01:00,3,2,37,48798,85,0.000000,710,740,710,30,4.0541,LOCAL_BEST,0,101,0,77319,28233,174,2,-5,150000.0000,0.0000,0,0,0,0,0,0
n012w8-0,n012w8,0,12,1500000,100.0,adaptive,2026-07-04T11:37:08+01:00,3,2,37,48840,85,0.000000,700,710,700,10,1.4085,LOCAL_BEST,0,101,0,77383,28269,175,42,0,2380.9524,0.0000,0,0,0,0,0,0
n012w8-0,n012w8,0,12,1500000,100.0,adaptive,2026-07-04T11:37:08+01:00,3,5,37,52226,148,0.000000,540,555,540,15,2.7027,GLOBAL_BEST,1,101,0,78211,45267,176,3386,63,44.3001,238.0952,0,0,0,0,0,0
n012w8-0,n012w8,0,12,1500000,100.0,adaptive,2026-07-04T11:37:08+01:00,3,5,37,53898,150,0.000000,525,540,525,15,2.7778,LOCAL_BEST,1,101,0,80673,46734,177,1672,2,89.7129,7500.0000,0,0,0,0,0,0
n012w8-0,n012w8,0,12,1500000,100.0,adaptive,2026-07-04T11:37:08+01:00,3,2,37,60725,105,0.000000,690,700,690,10,1.4286,LOCAL_BEST,0,101,0,95290,37806,178,6827,-45,14.6477,0.0000,0,0,0,0,0,0
n012w8-0,n012w8,0,12,1500000,100.0,adaptive,2026-07-04T11:37:08+01:00,3,2,37,65221,114,0.000000,665,690,665,25,3.6232,LOCAL_BEST,0,101,0,101807,41529,179,4496,9,55.6050,2777.7778,0,0,0,0,0,0
n012w8-0,n012w8,0,12,1500000,100.0,adaptive,2026-07-04T11:37:08+01:00,3,2,37,67979,118,0.000000,640,665,640,25,3.7594,LOCAL_BEST,0,101,0,105921,43832,180,2758,4,90.6454,6250.0000,0,0,0,0,0,0
n012w8-0,n012w8,0,12,1500000,100.0,adaptive,2026-07-04T11:37:08+01:00,3,2,37,70719,123,0.000000,625,640,625,15,2.3438,LOCAL_BEST,0,101,0,109881,46153,181,2740,5,54.7445,3000.0000,0,0,0,0,0,0
n012w8-0,n012w8,0,12,1500000,100.0,adaptive,2026-07-04T11:37:08+01:00,3,3,37,78695,152,0.000000,1545,1575,1545,30,1.9048,LOCAL_BEST,0,101,29462,135001,3084,182,7976,29,37.6128,1034.4828,0,0,0,0,0,0
n012w8-0,n012w8,0,12,1500000,100.0,adaptive,2026-07-04T11:37:08+01:00,3,2,37,79694,140,0.000000,615,625,615,10,1.6000,LOCAL_BEST,0,101,0,123453,53735,183,999,-12,100.1001,0.0000,0,0,0,0,0,0
n012w8-0,n012w8,0,12,1500000,100.0,adaptive,2026-07-04T11:37:08+01:00,3,2,37,79708,140,0.000000,585,615,585,30,4.8780,LOCAL_BEST,0,101,0,123466,53745,184,14,0,21428.5714,0.0000,0,0,0,0,0,0
n012w8-0,n012w8,0,12,1500000,100.0,adaptive,2026-07-04T11:37:08+01:00,3,1,37,80852,144,47.489325,890,900,890,10,1.1111,LOCAL_BEST,0,101,16026,130700,36163,185,1144,4,87.4126,2500.0000,0,0,0,0,0,0
n012w8-0,n012w8,0,12,1500000,100.0,adaptive,2026-07-04T11:37:08+01:00,3,1,37,80853,144,47.488888,875,890,875,15,1.6854,LOCAL_BEST,0,101,16026,130702,36163,186,1,0,150000.0000,0.0000,0,0,0,0,0,0
n012w8-0,n012w8,0,12,1500000,100.0,adaptive,2026-07-04T11:37:08+01:00,3,1,37,80866,144,47.483202,860,875,860,15,1.7143,LOCAL_BEST,0,101,16027,130725,36172,187,13,0,11538.4615,0.0000,0,0,0,0,0,0
n012w8-0,n012w8,0,12,1500000,100.0,adaptive,2026-07-04T11:37:08+01:00,3,8,37,82426,257,0.000000,515,525,515,10,1.9048,LOCAL_BEST,3,101,0,121993,75523,188,1560,113,64.1026,88.4956,0,0,0,0,0,0
n012w8-0,n012w8,0,12,1500000,100.0,adaptive,2026-07-04T11:37:08+01:00,3,1,37,83511,149,46.340424,830,860,830,30,3.4884,LOCAL_BEST,0,101,16401,134872,37723,189,1085,-108,276.4977,0.0000,0,0,0,0,0,0
n012w8-0,n012w8,0,12,1500000,100.0,adaptive,2026-07-04T11:37:08+01:00,3,8,37,83841,259,0.000000,505,515,505,10,1.9417,GLOBAL_BEST,3,101,0,124031,76823,190,330,110,303.0303,90.9091,0,0,0,0,0,0
n012w8-0,n012w8,0,12,1500000,100.0,adaptive,2026-07-04T11:37:08+01:00,3,3,37,87429,171,0.000000,1505,1545,1505,40,2.5890,LOCAL_BEST,0,101,32766,149995,3408,191,3588,-88,111.4827,0.0000,0,0,0,0,0,0
n012w8-0,n012w8,0,12,1500000,100.0,adaptive,2026-07-04T11:37:08+01:00,3,4,37,88362,234,44.315535,815,835,815,20,2.3952,LOCAL_BEST,1,101,17137,142826,40737,192,933,63,214.3623,317.4603,0,0,0,0,0,0
n012w8-0,n012w8,0,12,1500000,100.0,adaptive,2026-07-04T11:37:08+01:00,3,4,37,88367,234,44.313495,800,815,800,15,1.8405,LOCAL_BEST,1,101,17137,142826,40741,193,5,0,30000.0000,0.0000,0,0,0,0,0,0
n012w8-0,n012w8,0,12,1500000,100.0,adaptive,2026-07-04T11:37:08+01:00,3,2,37,89001,155,0.000000,570,585,570,15,2.5641,LOCAL_BEST,0,101,0,137450,61696,194,634,-79,236.5931,0.0000,0,0,0,0,0,0
n012w8-0,n012w8,0,12,1500000,100.0,adaptive,2026-07-04T11:37:08+01:00,3,2,37,91268,159,0.000000,555,570,555,15,2.6316,LOCAL_BEST,0,101,0,140510,63669,195,2267,4,66.1667,3750.0000,0,0,0,0,0,0
n012w8-0,n012w8,0,12,1500000,100.0,adaptive,2026-07-04T11:37:08+01:00,3,2,37,91985,159,0.000000,540,555,540,15,2.7027,LOCAL_BEST,0,101,0,141456,64312,196,717,0,209.2050,0.0000,0,0,0,0,0,0
n012w8-0,n012w8,0,12,1500000,100.0,adaptive,2026-07-04T11:37:08+01:00,3,1,37,95095,168,41.650863,825,830,825,5,0.6024,LOCAL_BEST,0,101,17970,153429,44684,197,3110,9,16.0772,555.5556,0,0,0,0,0,0
n012w8-0,n012w8,0,12,1500000,100.0,adaptive,2026-07-04T11:37:08+01:00,3,1,37,95117,168,41.642424,795,825,795,30,3.6364,LOCAL_BEST,0,101,17971,153451,44700,198,22,0,13636.3636,0.0000,0,0,0,0,0,0
n012w8-0,n012w8,0,12,1500000,100.0,adaptive,2026-07-04T11:37:08+01:00,3,1,37,95119,168,41.641657,765,795,765,30,3.7736,LOCAL_BEST,0,101,17971,153454,44701,199,2,0,150000.0000,0.0000,0,0,0,0,0,0
n012w8-0,n012w8,0,12,1500000,100.0,adaptive,2026-07-04T11:37:08+01:00,3,1,37,95132,168,41.636671,750,765,750,15,1.9608,LOCAL_BEST,0,101,17971,153475,44713,200,13,0,11538.4615,0.0000,0,0,0,0,0,0
n012w8-0,n012w8,0,12,1500000,100.0,adaptive,2026-07-04T11:37:08+01:00,3,1,37,95448,169,41.515665,700,750,700,50,6.6667,LOCAL_BEST,0,101,18010,153952,44917,201,316,1,1582.2785,50000.0000,0,0,0,0,0,0
n012w8-0,n012w8,0,12,1500000,100.0,adaptive,2026-07-04T11:37:08+01:00,3,1,37,95452,169,41.514136,685,700,685,15,2.1429,LOCAL_BEST,0,101,18010,153959,44920,202,4,0,37500.0000,0.0000,0,0,0,0,0,0
n012w8-0,n012w8,0,12,1500000,100.0,adaptive,2026-07-04T11:37:08+01:00,3,2,37,102316,176,0.000000,535,540,535,5,0.9259,LOCAL_BEST,0,101,0,156568,73520,203,6864,7,7.2844,714.2857,0,0,0,0,0,0
n012w8-0,n012w8,0,12,1500000,100.0,adaptive,2026-07-04T11:37:08+01:00,3,3,37,105203,213,0.000000,1475,1505,1475,30,1.9934,LOCAL_BEST,0,101,39505,180474,4102,204,2887,37,103.9141,810.8108,0,0,0,0,0,0
n012w8-0,n012w8,0,12,1500000,100.0,adaptive,2026-07-04T11:37:08+01:00,3,3,37,105204,213,0.000000,1445,1475,1445,30,2.0339,LOCAL_BEST,0,101,39505,180476,4102,205,1,0,300000.0000,0.0000,0,0,0,0,0,0
n012w8-0,n012w8,0,12,1500000,100.0,adaptive,2026-07-04T11:37:08+01:00,3,2,37,105224,180,0.000000,525,535,525,10,1.8692,LOCAL_BEST,0,101,0,160857,76140,206,20,-33,5000.0000,0.0000,0,0,0,0,0,0
n012w8-0,n012w8,0,12,1500000,100.0,adaptive,2026-07-04T11:37:08+01:00,3,2,37,105233,180,0.000000,510,525,510,15,2.8571,LOCAL_BEST,0,101,0,160868,76145,207,9,0,16666.6667,0.0000,0,0,0,0,0,0
n012w8-0,n012w8,0,12,1500000,100.0,adaptive,2026-07-04T11:37:08+01:00,3,4,37,109804,284,36.373744,785,800,785,15,1.8750,LOCAL_BEST,1,101,19776,176607,54240,208,4571,104,32.8156,144.2308,0,0,0,0,0,0
n012w8-0,n012w8,0,12,1500000,100.0,adaptive,2026-07-04T11:37:08+01:00,3,4,37,112685,289,35.421260,770,785,770,15,1.9108,LOCAL_BEST,1,101,20053,181096,56209,209,2881,5,52.0653,3000.0000,0,0,0,0,0,0
n012w8-0,n012w8,0,12,1500000,100.0,adaptive,2026-07-04T11:37:08+01:00,3,4,37,112730,289,35.406582,730,770,730,40,5.1948,LOCAL_BEST,1,101,20056,181151,56244,210,45,0,8888.8889,0.0000,0,0,0,0,0,0
n012w8-0,n012w8,0,12,1500000,100.0,adaptive,2026-07-04T11:37:08+01:00,3,4,37,125740,312,31.408269,695,730,695,35,4.7945,LOCAL_BEST,1,101,21301,201356,65251,211,13010,23,26.9024,1521.7391,0,0,0,0,0,0
n012w8-0,n012w8,0,12,1500000,100.0,adaptive,2026-07-04T11:37:08+01:00,3,1,37,140121,257,27.511863,670,685,670,15,2.1898,LOCAL_BEST,0,101,22437,222713,75405,212,14381,-55,10.4304,0.0000,0,0,0,0,0,0
n012w8-0,n012w8,0,12,1500000,100.0,adaptive,2026-07-04T11:37:08+01:00,3,4,37,144713,359,26.372542,690,695,690,5,0.7194,LOCAL_BEST,1,101,22807,230442,79305,213,4592,102,10.8885,49.0196,0,0,0,0,0,0
n012w8-0,n012w8,0,12,1500000,100.0,adaptive,2026-07-04T11:37:08+01:00,3,4,37,144727,359,26.369142,675,690,675,15,2.1739,LOCAL_BEST,1,101,22807,230458,79318,214,14,0,10714.2857,0.0000,0,0,0,0,0,0
n012w8-0,n012w8,0,12,1500000,100.0,adaptive,2026-07-04T11:37:08+01:00,3,4,37,144742,359,26.365499,645,675,645,30,4.4444,LOCAL_BEST,1,101,22808,230477,79330,215,15,0,20000.0000,0.0000,0,0,0,0,0,0
n012w8-0,n012w8,0,12,1500000,100.0,adaptive,2026-07-04T11:37:08+01:00,3,7,37,145809,412,26.107663,655,660,655,5,0.7576,LOCAL_BEST,2,101,23069,230721,79333,216,1067,53,46.8604,94.3396,0,0,0,0,0,0
n012w8-0,n012w8,0,12,1500000,100.0,adaptive,2026-07-04T11:37:08+01:00,3,4,37,149336,371,25.273186,620,645,620,25,3.8760,LOCAL_BEST,1,101,23161,237537,82846,217,3527,-41,70.8818,0.0000,0,0,0,0,0,0
n012w8-0,n012w8,0,12,1500000,100.0,adaptive,2026-07-04T11:37:08+01:00,3,4,37,149358,371,25.268066,590,620,590,30,4.8387,LOCAL_BEST,1,101,23161,237558,82865,218,22,0,13636.3636,0.0000,0,0,0,0,0,0
n012w8-0,n012w8,0,12,1500000,100.0,adaptive,2026-07-04T11:37:08+01:00,3,4,37,149445,371,25.247827,545,590,545,45,7.6271,LOCAL_BEST,1,101,23165,237675,82942,219,87,0,5172.4138,0.0000,0,0,0,0,0,0
n012w8-0,n012w8,0,12,1500000,100.0,adaptive,2026-07-04T11:37:08+01:00,3,1,37,154655,281,24.064897,635,670,635,35,5.2239,LOCAL_BEST,0,101,23461,244910,86473,220,5210,-90,67.1785,0.0000,0,0,0,0,0,0
n012w8-0,n012w8,0,12,1500000,100.0,adaptive,2026-07-04T11:37:08+01:00,3,1,37,156262,284,23.711335,625,635,625,10,1.5748,LOCAL_BEST,0,101,23562,247202,87741,221,1607,3,62.2278,3333.3333,0,0,0,0,0,0
n012w8-0,n012w8,0,12,1500000,100.0,adaptive,2026-07-04T11:37:08+01:00,3,1,37,157265,285,23.493299,615,625,615,10,1.6000,LOCAL_BEST,0,101,23625,248635,88568,222,1003,1,99.7009,10000.0000,0,0,0,0,0,0
n012w8-0,n012w8,0,12,1500000,100.0,adaptive,2026-07-04T11:37:08+01:00,3,1,37,157272,285,23.491784,600,615,600,15,2.4390,LOCAL_BEST,0,101,23625,248641,88574,223,7,0,21428.5714,0.0000,0,0,0,0,0,0
n012w8-0,n012w8,0,12,1500000,100.0,adaptive,2026-07-04T11:37:08+01:00,3,1,37,157340,285,23.477076,570,600,570,30,5.0000,LOCAL_BEST,0,101,23625,248771,88639,224,68,0,4411.7647,0.0000,0,0,0,0,0,0
n012w8-0,n012w8,0,12,1500000,100.0,adaptive,2026-07-04T11:37:08+01:00,3,7,37,157570,437,23.427395,640,655,640,15,2.2901,LOCAL_BEST,2,101,23827,248103,88572,225,230,152,652.1739,98.6842,0,0,0,0,0,0
n012w8-0,n012w8,0,12,1500000,100.0,adaptive,2026-07-04T11:37:08+01:00,3,7,37,157571,437,23.427179,610,640,610,30,4.6875,LOCAL_BEST,2,101,23827,248103,88572,226,1,0,300000.0000,0.0000,0,0,0,0,0,0
n012w8-0,n012w8,0,12,1500000,100.0,adaptive,2026-07-04T11:37:08+01:00,3,7,37,159538,442,23.006577,600,610,600,10,1.6393,LOCAL_BEST,2,101,23928,251228,90175,227,1967,5,50.8388,2000.0000,0,0,0,0,0,0
n012w8-0,n012w8,0,12,1500000,100.0,adaptive,2026-07-04T11:37:08+01:00,3,3,37,167158,369,0.000000,1430,1445,1430,15,1.0381,LOCAL_BEST,0,101,62816,286718,6490,228,7620,-73,19.6850,0.0000,0,0,0,0,0,0
n012w8-0,n012w8,0,12,1500000,100.0,adaptive,2026-07-04T11:37:08+01:00,3,3,37,167159,369,0.000000,1375,1430,1375,55,3.8462,LOCAL_BEST,0,101,62816,286719,6490,229,1,0,550000.0000,0.0000,0,0,0,0,0,0
n012w8-0,n012w8,0,12,1500000,100.0,adaptive,2026-07-04T11:37:08+01:00,3,3,37,167160,369,0.000000,1360,1375,1360,15,1.0909,LOCAL_BEST,0,101,62816,286719,6490,230,1,0,150000.0000,0.0000,0,0,0,0,0,0
n012w8-0,n012w8,0,12,1500000,100.0,adaptive,2026-07-04T11:37:08+01:00,3,4,37,174926,421,19.966411,535,545,535,10,1.8349,LOCAL_BEST,1,101,24552,276364,103373,231,7766,52,12.8766,192.3077,0,0,0,0,0,0
n012w8-0,n012w8,0,12,1500000,100.0,adaptive,2026-07-04T11:37:08+01:00,3,4,37,174947,421,19.962549,510,535,510,25,4.6729,LOCAL_BEST,1,101,24552,276396,103393,232,21,0,11904.7619,0.0000,0,0,0,0,0,0
n012w8-0,n012w8,0,12,1500000,100.0,adaptive,2026-07-04T11:37:08+01:00,3,4,37,175161,422,19.923242,495,510,495,15,2.9412,GLOBAL_BEST,1,101,24559,276704,103574,233,214,1,700.9346,15000.0000,0,0,0,0,0,0
n012w8-0,n012w8,0,12,1500000,100.0,adaptive,2026-07-04T11:37:08+01:00,3,7,37,177043,476,19.580871,575,600,575,25,4.1667,LOCAL_BEST,2,101,24867,278040,104225,234,1882,54,132.8374,462.9630,0,0,0,0,0,0
n012w8-0,n012w8,0,12,1500000,100.0,adaptive,2026-07-04T11:37:08+01:00,3,7,37,177098,476,19.570954,565,575,565,10,1.7391,LOCAL_BEST,2,101,24867,278098,104273,235,55,0,1818.1818,0.0000,0,0,0,0,0,0
n012w8-0,n012w8,0,12,1500000,100.0,adaptive,2026-07-04T11:37:08+01:00,3,1,37,182105,342,18.688911,565,570,565,5,0.8772,LOCAL_BEST,0,101,24886,285193,108611,236,5007,-134,9.9860,0.0000,0,0,0,0,0,0
n012w8-0,n012w8,0,12,1500000,100.0,adaptive,2026-07-04T11:37:08+01:00,3,1,37,182123,342,18.685813,550,565,550,15,2.6549,LOCAL_BEST,0,101,24887,285221,108626,237,18,0,8333.3333,0.0000,0,0,0,0,0,0
n012w8-0,n012w8,0,12,1500000,100.0,adaptive,2026-07-04T11:37:08+01:00,3,7,37,183719,492,18.413146,560,565,560,5,0.8850,LOCAL_BEST,2,101,25147,287758,109858,238,1596,150,31.3283,33.3333,0,0,0,0,0,0
n012w8-0,n012w8,0,12,1500000,100.0,adaptive,2026-07-04T11:37:08+01:00,3,7,37,183799,492,18.399584,545,560,545,15,2.6786,LOCAL_BEST,2,101,25148,287861,109931,239,80,0,1875.0000,0.0000,0,0,0,0,0,0
n012w8-0,n012w8,0,12,1500000,100.0,adaptive,2026-07-04T11:37:08+01:00,3,7,37,184930,495,18.208912,540,545,540,5,0.9174,LOCAL_BEST,2,101,25186,289534,110908,240,1131,3,44.2087,1666.6667,0,0,0,0,0,0
n012w8-0,n012w8,0,12,1500000,100.0,adaptive,2026-07-04T11:37:08+01:00,3,3,37,212327,478,0.000000,1310,1360,1310,50,3.6765,LOCAL_BEST,0,101,79867,364254,8228,241,27397,-17,18.2502,0.0000,0,0,0,0,0,0
n012w8-0,n012w8,0,12,1500000,100.0,adaptive,2026-07-04T11:37:08+01:00,3,3,37,217159,491,0.000000,1280,1310,1280,30,2.2901,LOCAL_BEST,0,101,81701,372533,8415,242,4832,13,62.0861,2307.6923,0,0,0,0,0,0
n012w8-0,n012w8,0,12,1500000,100.0,adaptive,2026-07-04T11:37:08+01:00,3,2,37,227792,439,0.000000,505,510,505,5,0.9804,LOCAL_BEST,0,101,0,341088,189547,243,10633,-52,4.7023,0.0000,0,0,0,0,0,0
n012w8-0,n012w8,0,12,1500000,100.0,adaptive,2026-07-04T11:37:08+01:00,3,7,37,242087,645,10.756129,535,540,535,5,0.9259,LOCAL_BEST,2,101,26722,374278,160969,244,14295,206,3.4977,24.2718,0,0,0,0,0,0
n012w8-0,n012w8,0,12,1500000,100.0,adaptive,2026-07-04T11:37:08+01:00,3,10,37,242691,717,10.696458,535,540,535,5,0.9259,LOCAL_BEST,4,101,26498,376031,161829,245,604,72,82.7815,69.4444,0,0,0,0,0,0
n012w8-0,n012w8,0,12,1500000,100.0,adaptive,2026-07-04T11:37:08+01:00,3,7,37,242831,647,10.682675,530,535,530,5,0.9346,LOCAL_BEST,2,101,26734,375315,161637,246,140,-70,357.1429,0.0000,0,0,0,0,0,0
n012w8-0,n012w8,0,12,1500000,100.0,adaptive,2026-07-04T11:37:08+01:00,3,7,37,249362,664,10.059028,520,530,520,10,1.8868,LOCAL_BEST,2,101,26836,384798,167568,247,6531,17,15.3116,588.2353,0,0,0,0,0,0
n012w8-0,n012w8,0,12,1500000,100.0,adaptive,2026-07-04T11:37:08+01:00,3,1,37,252308,479,9.789759,545,550,545,5,0.9091,LOCAL_BEST,0,101,26719,387078,169762,248,2946,-185,16.9722,0.0000,0,0,0,0,0,0
n012w8-0,n012w8,0,12,1500000,100.0,adaptive,2026-07-04T11:37:08+01:00,3,7,37,254778,677,9.569561,505,520,505,15,2.8846,LOCAL_BEST,2,101,26880,392497,172667,249,2470,198,60.7287,75.7576,0,0,0,0,0,0
n012w8-0,n012w8,0,12,1500000,100.0,adaptive,2026-07-04T11:37:08+01:00,3,1,37,257580,492,9.325755,535,545,535,10,1.8349,LOCAL_BEST,0,101,26784,394177,174545,250,2802,-185,35.6888,0.0000,0,0,0,0,0,0
n012w8-0,n012w8,0,12,1500000,100.0,adaptive,2026-07-04T11:37:08+01:00,3,10,37,265182,771,8.695128,525,535,525,10,1.8692,LOCAL_BEST,4,101,26765,408660,182326,251,7602,279,13.1544,35.8423,0,0,0,0,0,0
n012w8-0,n012w8,0,12,1500000,100.0,adaptive,2026-07-04T11:37:08+01:00,3,1,37,268400,519,8.441196,530,535,530,5,0.9346,LOCAL_BEST,0,101,26879,409418,184526,252,3218,-252,15.5376,0.0000,0,0,0,0,0,0
n012w8-0,n012w8,0,12,1500000,100.0,adaptive,2026-07-04T11:37:08+01:00,3,10,37,281449,800,7.485279,520,525,520,5,0.9524,LOCAL_BEST,4,101,26926,432450,197279,253,13049,281,3.8317,17.7936,0,0,0,0,0,0
n012w8-0,n012w8,0,12,1500000,100.0,adaptive,2026-07-04T11:37:08+01:00,3,10,37,281453,800,7.485003,510,520,510,10,1.9231,LOCAL_BEST,4,101,26926,432451,197282,254,4,0,25000.0000,0.0000,0,0,0,0,0,0
n012w8-0,n012w8,0,12,1500000,100.0,adaptive,2026-07-04T11:37:08+01:00,3,4,37,300000,727,6.309573,510,495,495,0,0.0000,REHEAT,1,101,26899,457360,215121,255,18547,-73,0.0000,0.0000,0,0,0,0,0,0
n012w8-0,n012w8,0,12,1500000,100.0,adaptive,2026-07-04T11:37:08+01:00,3,10,37,326203,903,4.956693,495,510,495,15,2.9412,LOCAL_BEST,4,101,27161,497881,239325,256,26203,176,5.7245,85.2273,0,0,0,0,0,0
n012w8-0,n012w8,0,12,1500000,100.0,adaptive,2026-07-04T11:37:08+01:00,3,4,37,350000,862,63.095734,1785,495,495,0,0.0000,REHEAT,1,101,37832,538785,235226,257,23797,-41,0.0000,0.0000,0,0,0,0,0,0
n012w8-0,n012w8,0,12,1500000,100.0,adaptive,2026-07-04T11:37:08+01:00,3,4,37,400000,994,63.095734,1440,495,495,0,0.0000,REHEAT,1,101,48625,620494,255757,258,50000,132,0.0000,0.0000,0,0,0,0,0,0
n012w8-0,n012w8,0,12,1500000,100.0,adaptive,2026-07-04T11:37:08+01:00,3,4,37,450000,1125,63.095734,1215,495,495,0,0.0000,REHEAT,1,101,59493,701822,275951,259,50000,131,0.0000,0.0000,0,0,0,0,0,0
n012w8-0,n012w8,0,12,1500000,100.0,adaptive,2026-07-04T11:37:08+01:00,3,4,37,500000,1254,63.095734,1835,495,495,0,0.0000,REHEAT,1,101,70345,782289,296438,260,50000,129,0.0000,0.0000,0,0,0,0,0,0
n012w8-0,n012w8,0,12,1500000,100.0,adaptive,2026-07-04T11:37:08+01:00,3,4,37,550000,1369,63.095734,1690,495,495,0,0.0000,REHEAT,1,101,81210,862991,316873,261,50000,115,0.0000,0.0000,0,0,0,0,0,0
n012w8-0,n012w8,0,12,1500000,100.0,adaptive,2026-07-04T11:37:08+01:00,3,4,37,600000,1490,63.095734,1370,495,495,0,0.0000,REHEAT,1,101,92049,943630,337028,262,50000,121,0.0000,0.0000,0,0,0,0,0,0
n012w8-0,n012w8,0,12,1500000,100.0,adaptive,2026-07-04T11:37:08+01:00,3,4,37,650000,1611,63.095734,1265,495,495,0,0.0000,REHEAT,1,101,102910,1024580,357182,263,50000,121,0.0000,0.0000,0,0,0,0,0,0
n012w8-0,n012w8,0,12,1500000,100.0,adaptive,2026-07-04T11:37:08+01:00,3,3,37,696769,1667,0.000000,1180,1280,1180,100,7.8125,LOCAL_BEST,0,101,261955,1196734,26796,264,46769,56,21.3817,1785.7143,0,0,0,0,0,0
n012w8-0,n012w8,0,12,1500000,100.0,adaptive,2026-07-04T11:37:08+01:00,3,4,37,700000,1748,63.095734,1095,495,495,0,0.0000,REHEAT,1,101,113896,1106188,377212,265,3231,81,0.0000,0.0000,0,0,0,0,0,0
n012w8-0,n012w8,0,12,1500000,100.0,adaptive,2026-07-04T11:37:08+01:00,3,4,37,750000,1874,63.095734,1755,495,495,0,0.0000,REHEAT,1,101,124843,1187455,397347,266,50000,126,0.0000,0.0000,0,0,0,0,0,0
n012w8-0,n012w8,0,12,1500000,100.0,adaptive,2026-07-04T11:37:08+01:00,3,4,37,800000,1983,63.095734,1365,495,495,0,0.0000,REHEAT,1,101,135681,1268491,417576,267,50000,109,0.0000,0.0000,0,0,0,0,0,0
n012w8-0,n012w8,0,12,1500000,100.0,adaptive,2026-07-04T11:37:08+01:00,3,4,37,850000,2120,63.095734,1795,495,495,0,0.0000,REHEAT,1,101,146454,1349824,437865,268,50000,137,0.0000,0.0000,0,0,0,0,0,0
n012w8-0,n012w8,0,12,1500000,100.0,adaptive,2026-07-04T11:37:08+01:00,3,4,37,900000,2250,63.095734,1500,495,495,0,0.0000,REHEAT,1,101,157301,1430915,458035,269,50000,130,0.0000,0.0000,0,0,0,0,0,0
n012w8-0,n012w8,0,12,1500000,100.0,adaptive,2026-07-04T11:37:08+01:00,3,4,37,950000,2374,63.095734,1615,495,495,0,0.0000,REHEAT,1,101,168131,1511944,478130,270,50000,124,0.0000,0.0000,0,0,0,0,0,0
n012w8-0,n012w8,0,12,1500000,100.0,adaptive,2026-07-04T11:37:08+01:00,3,4,37,1000000,2485,63.095734,1400,495,495,0,0.0000,REHEAT,1,101,179012,1592462,498100,271,50000,111,0.0000,0.0000,0,0,0,0,0,0
n012w8-0,n012w8,0,12,1500000,100.0,adaptive,2026-07-04T11:37:08+01:00,3,4,37,1050000,2599,63.095734,1485,495,495,0,0.0000,REHEAT,1,101,189843,1673608,518495,272,50000,114,0.0000,0.0000,0,0,0,0,0,0
n012w8-0,n012w8,0,12,1500000,100.0,adaptive,2026-07-04T11:37:08+01:00,3,4,37,1100000,2736,63.095734,1555,495,495,0,0.0000,REHEAT,1,101,200669,1754879,538754,273,50000,137,0.0000,0.0000,0,0,0,0,0,0
n012w8-0,n012w8,0,12,1500000,100.0,adaptive,2026-07-04T11:37:08+01:00,3,4,37,1150000,2879,63.095734,1495,495,495,0,0.0000,REHEAT,1,101,211468,1836154,559076,274,50000,143,0.0000,0.0000,0,0,0,0,0,0
n012w8-0,n012w8,0,12,1500000,100.0,adaptive,2026-07-04T11:37:08+01:00,3,4,37,1200000,3019,63.095734,1450,495,495,0,0.0000,REHEAT,1,101,222395,1918116,579261,275,50000,140,0.0000,0.0000,0,0,0,0,0,0
n012w8-0,n012w8,0,12,1500000,100.0,adaptive,2026-07-04T11:37:08+01:00,3,4,37,1250000,3143,63.095734,1055,495,495,0,0.0000,REHEAT,1,101,233299,2000282,599392,276,50000,124,0.0000,0.0000,0,0,0,0,0,0
n012w8-0,n012w8,0,12,1500000,100.0,adaptive,2026-07-04T11:37:08+01:00,3,4,37,1300000,3264,63.095734,1375,495,495,0,0.0000,REHEAT,1,101,244197,2081726,619721,277,50000,121,0.0000,0.0000,0,0,0,0,0,0
n012w8-0,n012w8,0,12,1500000,100.0,adaptive,2026-07-04T11:37:08+01:00,3,4,37,1350000,3373,63.095734,1225,495,495,0,0.0000,REHEAT,1,101,255150,2162745,639736,278,50000,109,0.0000,0.0000,0,0,0,0,0,0
n012w8-0,n012w8,0,12,1500000,100.0,adaptive,2026-07-04T11:37:08+01:00,3,4,37,1400000,3482,63.095734,1490,495,495,0,0.0000,REHEAT,1,101,265985,2243588,660130,279,50000,109,0.0000,0.0000,0,0,0,0,0,0
n012w8-0,n012w8,0,12,1500000,100.0,adaptive,2026-07-04T11:37:08+01:00,3,4,37,1450000,3572,63.095734,1585,495,495,0,0.0000,REHEAT,1,101,276871,2324540,680403,280,50000,90,0.0000,0.0000,0,0,0,0,0,0
n012w8-0,n012w8,0,12,1500000,100.0,adaptive,2026-07-04T11:37:08+01:00,3,4,37,1500000,3661,63.095734,2125,495,495,0,0.0000,REHEAT,1,101,287916,2405887,700433,281,50000,89,0.0000,0.0000,0,0,0,0,0,0
n012w8-0,n012w8,0,12,1500000,100.0,adaptive,2026-07-04T11:37:08+01:00,4,3,106,1,0,0.000000,3300,3450,3300,150,4.3478,GLOBAL_BEST,0,42,0,0,0,1,1,0,1500000.0000,0.0000,0,0,0,0,0,0
n012w8-0,n012w8,0,12,1500000,100.0,adaptive,2026-07-04T11:37:08+01:00,4,1,106,1,0,100.000000,3285,3450,3285,165,4.7826,GLOBAL_BEST,0,42,0,6,0,2,0,0,0.0000,0.0000,0,0,0,0,0,0
n012w8-0,n012w8,0,12,1500000,100.0,adaptive,2026-07-04T11:37:08+01:00,4,2,106,2,0,0.000000,3420,3450,3420,30,0.8696,LOCAL_BEST,0,42,0,3,0,3,1,0,300000.0000,0.0000,0,0,0,0,0,0
n012w8-0,n012w8,0,12,1500000,100.0,adaptive,2026-07-04T11:37:08+01:00,4,3,106,2,0,0.000000,3180,3300,3180,120,3.6364,GLOBAL_BEST,0,42,0,1,0,4,0,0,0.0000,0.0000,0,0,0,0,0,0
n012w8-0,n012w8,0,12,1500000,100.0,adaptive,2026-07-04T11:37:08+01:00,4,1,106,2,0,99.999079,2985,3285,2985,300,9.1324,GLOBAL_BEST,0,42,0,6,0,5,0,0,0.0000,0.0000,0,0,0,0,0,0
n012w8-0,n012w8,0,12,1500000,100.0,adaptive,2026-07-04T11:37:08+01:00,4,3,106,3,0,0.000000,2910,3180,2910,270,8.4906,GLOBAL_BEST,0,42,0,1,0,6,1,0,2700000.0000,0.0000,0,0,0,0,0,0
n012w8-0,n012w8,0,12,1500000,100.0,adaptive,2026-07-04T11:37:08+01:00,4,2,106,4,0,0.000000,3210,3420,3210,210,6.1404,LOCAL_BEST,0,42,0,5,0,7,1,0,2100000.0000,0.0000,0,0,0,0,0,0
n012w8-0,n012w8,0,12,1500000,100.0,adaptive,2026-07-04T11:37:08+01:00,4,1,106,4,0,99.997237,2835,2985,2835,150,5.0251,GLOBAL_BEST,0,42,0,6,0,8,0,0,0.0000,0.0000,0,0,0,0,0,0
n012w8-0,n012w8,0,12,1500000,100.0,adaptive,2026-07-04T11:37:08+01:00,4,2,106,5,0,0.000000,3120,3210,3120,90,2.8037,LOCAL_BEST,0,42,0,5,0,9,1,0,900000.0000,0.0000,0,0,0,0,0,0
n012w8-0,n012w8,0,12,1500000,100.0,adaptive,2026-07-04T11:37:08+01:00,4,1,106,5,0,99.996316,2685,2835,2685,150,5.2910,GLOBAL_BEST,0,42,0,7,0,10,0,0,0.0000,0.0000,0,0,0,0,0,0
n012w8-0,n012w8,0,12,1500000,100.0,adaptive,2026-07-04T11:37:08+01:00,4,2,106,7,0,0.000000,2850,3120,2850,270,8.6538,LOCAL_BEST,0,42,0,9,0,11,2,0,1350000.0000,0.0000,0,0,0,0,0,0
n012w8-0,n012w8,0,12,1500000,100.0,adaptive,2026-07-04T11:37:08+01:00,4,1,106,7,0,99.994474,2625,2685,2625,60,2.2346,GLOBAL_BEST,0,42,0,12,1,12,0,0,0.0000,0.0000,0,0,0,0,0,0
n012w8-0,n012w8,0,12,1500000,100.0,adaptive,2026-07-04T11:37:08+01:00,4,2,106,8,0,0.000000,2775,2850,2775,75,2.6316,GLOBAL_BEST,0,42,0,10,0,13,1,0,750000.0000,0.0000,0,0,0,0,0,0
n012w8-0,n012w8,0,12,1500000,100.0,adaptive,2026-07-04T11:37:08+01:00,4,3,106,8,0,0.000000,2805,2910,2805,105,3.6082,LOCAL_BEST,0,42,1,11,1,14,0,0,0.0000,0.0000,0,0,0,0,0,0
n012w8-0,n012w8,0,12,1500000,100.0,adaptive,2026-07-04T11:37:08+01:00,4,2,106,9,0,0.000000,2655,2775,2655,120,4.3243,GLOBAL_BEST,0,42,0,11,0,15,1,0,1200000.0000,0.0000,0,0,0,0,0,0
n012w8-0,n012w8,0,12,1500000,100.0,adaptive,2026-07-04T11:37:08+01:00,4,1,106,11,0,99.990790,2505,2625,2505,120,4.5714,GLOBAL_BEST,0,42,0,18,2,16,2,0,600000.0000,0.0000,0,0,0,0,0,0
n012w8-0,n012w8,0,12,1500000,100.0,adaptive,2026-07-04T11:37:08+01:00,4,3,106,15,0,0.000000,2745,2805,2745,60,2.1390,LOCAL_BEST,0,42,4,19,1,17,4,0,150000.0000,0.0000,0,0,0,0,0,0
n012w8-0,n012w8,0,12,1500000,100.0,adaptive,2026-07-04T11:37:08+01:00,4,2,106,16,0,0.000000,2640,2655,2640,15,0.5650,LOCAL_BEST,0,42,0,23,0,18,1,0,150000.0000,0.0000,0,0,0,0,0,0
n012w8-0,n012w8,0,12,1500000,100.0,adaptive,2026-07-04T11:37:08+01:00,4,3,106,16,0,0.000000,2685,2745,2685,60,2.1858,LOCAL_BEST,0,42,4,19,1,19,0,0,0.0000,0.0000,0,0,0,0,0,0
n012w8-0,n012w8,0,12,1500000,100.0,adaptive,2026-07-04T11:37:08+01:00,4,1,106,16,0,99.986185,2385,2505,2385,120,4.7904,GLOBAL_BEST,0,42,0,33,4,20,0,0,0.0000,0.0000,0,0,0,0,0,0
n012w8-0,n012w8,0,12,1500000,100.0,adaptive,2026-07-04T11:37:08+01:00,4,3,106,17,0,0.000000,2445,2685,2445,240,8.9385,GLOBAL_BEST,0,42,4,19,1,21,1,0,2400000.0000,0.0000,0,0,0,0,0,0
n012w8-0,n012w8,0,12,1500000,100.0,adaptive,2026-07-04T11:37:08+01:00,4,1,106,21,1,99.981581,2325,2385,2325,60,2.5157,GLOBAL_BEST,0,42,0,40,4,22,4,1,150000.0000,60000.0000,0,0,0,0,0,0
n012w8-0,n012w8,0,12,1500000,100.0,adaptive,2026-07-04T11:37:08+01:00,4,1,106,22,1,99.980660,2175,2325,2175,150,6.4516,GLOBAL_BEST,0,42,0,40,4,23,1,0,1500000.0000,0.0000,0,0,0,0,0,0
n012w8-0,n012w8,0,12,1500000,100.0,adaptive,2026-07-04T11:37:08+01:00,4,1,106,23,1,99.979739,2145,2175,2145,30,1.3793,GLOBAL_BEST,0,42,0,43,4,24,1,0,300000.0000,0.0000,0,0,0,0,0,0
n012w8-0,n012w8,0,12,1500000,100.0,adaptive,2026-07-04T11:37:08+01:00,4,3,106,24,1,0.000000,2400,2445,2400,45,1.8405,LOCAL_BEST,0,42,7,34,1,25,1,0,450000.0000,0.0000,0,0,0,0,0,0
n012w8-0,n012w8,0,12,1500000,100.0,adaptive,2026-07-04T11:37:08+01:00,4,1,106,24,1,99.978818,1935,2145,1935,210,9.7902,GLOBAL_BEST,0,42,0,43,4,26,0,0,0.0000,0.0000,0,0,0,0,0,0
n012w8-0,n012w8,0,12,1500000,100.0,adaptive,2026-07-04T11:37:08+01:00,4,1,106,26,1,99.976977,1815,1935,1815,120,6.2016,GLOBAL_BEST,0,42,0,47,5,27,2,0,600000.0000,0.0000,0,0,0,0,0,0
n012w8-0,n012w8,0,12,1500000,100.0,adaptive,2026-07-04T11:37:08+01:00,4,2,106,27,1,0.000000,2475,2640,2475,165,6.2500,LOCAL_BEST,0,42,0,43,0,28,1,0,1650000.0000,0.0000,0,0,0,0,0,0
n012w8-0,n012w8,0,12,1500000,100.0,adaptive,2026-07-04T11:37:08+01:00,4,1,106,27,1,99.976056,1635,1815,1635,180,9.9174,GLOBAL_BEST,0,42,0,47,5,29,0,0,0.0000,0.0000,0,0,0,0,0,0
n012w8-0,n012w8,0,12,1500000,100.0,adaptive,2026-07-04T11:37:08+01:00,4,3,106,28,1,0.000000,2385,2400,2385,15,0.6250,LOCAL_BEST,0,42,9,36,1,30,1,0,150000.0000,0.0000,0,0,0,0,0,0
n012w8-0,n012w8,0,12,1500000,100.0,adaptive,2026-07-04T11:37:08+01:00,4,5,106,30,43,0.000000,640,655,640,15,2.2901,GLOBAL_BEST,1,42,0,48,29,31,2,42,75000.0000,357.1429,0,0,0,0,0,0
n012w8-0,n012w8,0,12,1500000,100.0,adaptive,2026-07-04T11:37:08+01:00,4,5,106,31,43,0.000000,625,640,625,15,2.3438,GLOBAL_BEST,1,42,0,52,29,32,1,0,150000.0000,0.0000,0,0,0,0,0,0
n012w8-0,n012w8,0,12,1500000,100.0,adaptive,2026-07-04T11:37:08+01:00,4,2,106,32,1,0.000000,2415,2475,2415,60,2.4242,LOCAL_BEST,0,42,0,54,0,33,1,-42,600000.0000,0.0000,0,0,0,0,0,0
n012w8-0,n012w8,0,12,1500000,100.0,adaptive,2026-07-04T11:37:08+01:00,4,2,106,33,1,0.000000,2355,2415,2355,60,2.4845,LOCAL_BEST,0,42,0,54,0,34,1,0,600000.0000,0.0000,0,0,0,0,0,0
n012w8-0,n012w8,0,12,1500000,100.0,adaptive,2026-07-04T11:37:08+01:00,4,1,106,34,1,99.969610,1620,1635,1620,15,0.9174,GLOBAL_BEST,0,42,3,65,6,35,1,0,150000.0000,0.0000,0,0,0,0,0,0
n012w8-0,n012w8,0,12,1500000,100.0,adaptive,2026-07-04T11:37:08+01:00,4,2,106,36,1,0.000000,2325,2355,2325,30,1.2739,LOCAL_BEST,0,42,0,61,0,36,2,0,150000.0000,0.0000,0,0,0,0,0,0
n012w8-0,n012w8,0,12,1500000,100.0,adaptive,2026-07-04T11:37:08+01:00,4,3,106,44,1,0.000000,2295,2385,2295,90,3.7736,LOCAL_BEST,0,42,14,65,2,37,8,0,112500.0000,0.0000,0,0,0,0,0,0
n012w8-0,n012w8,0,12,1500000,100.0,adaptive,2026-07-04T11:37:08+01:00,4,1,106,44,1,99.960403,1605,1620,1605,15,0.9259,GLOBAL_BEST,0,42,6,81,8,38,0,0,0.0000,0.0000,0,0,0,0,0,0
n012w8-0,n012w8,0,12,1500000,100.0,adaptive,2026-07-04T11:37:08+01:00,4,3,106,47,1,0.000000,2265,2295,2265,30,1.3072,LOCAL_BEST,0,42,15,66,2,39,3,0,100000.0000,0.0000,0,0,0,0,0,0
n012w8-0,n012w8,0,12,1500000,100.0,adaptive,2026-07-04T11:37:08+01:00,4,1,106,47,1,99.957641,1575,1605,1575,30,1.8692,GLOBAL_BEST,0,42,6,82,8,40,0,0,0.0000,0.0000,0,0,0,0,0,0
n012w8-0,n012w8,0,12,1500000,100.0,adaptive,2026-07-04T11:37:08+01:00,4,5,106,47,43,0.000000,595,625,595,30,4.8000,GLOBAL_BEST,1,42,0,77,44,41,0,42,0.0000,714.2857,0,0,0,0,0,0
n012w8-0,n012w8,0,12,1500000,100.0,adaptive,2026-07-04T11:37:08+01:00,4,5,106,49,43,0.000000,535,595,535,60,10.0840,GLOBAL_BEST,1,42,0,80,45,42,2,0,300000.0000,0.0000,0,0,0,0,0,0
n012w8-0,n012w8,0,12,1500000,100.0,adaptive,2026-07-04T11:37:08+01:00,4,2,106,51,1,0.000000,2260,2325,2260,65,2.7957,LOCAL_BEST,0,42,0,75,0,43,2,-42,325000.0000,0.0000,0,0,0,0,0,0
n012w8-0,n012w8,0,12,1500000,100.0,adaptive,2026-07-04T11:37:08+01:00,4,1,106,52,1,99.953038,1470,1575,1470,105,6.6667,GLOBAL_BEST,0,42,8,92,9,44,1,0,1050000.0000,0.0000,0,0,0,0,0,0
n012w8-0,n012w8,0,12,1500000,100.0,adaptive,2026-07-04T11:37:08+01:00,4,1,106,56,1,99.949356,1425,1470,1425,45,3.0612,GLOBAL_BEST,0,42,9,98,9,45,4,0,112500.0000,0.0000,0,0,0,0,0,0
n012w8-0,n012w8,0,12,1500000,100.0,adaptive,2026-07-04T11:37:08+01:00,4,2,106,58,1,0.000000,2035,2260,2035,225,9.9558,LOCAL_BEST,0,42,0,81,0,46,2,0,1125000.0000,0.0000,0,0,0,0,0,0
n012w8-0,n012w8,0,12,1500000,100.0,adaptive,2026-07-04T11:37:08+01:00,4,2,106,59,1,0.000000,1975,2035,1975,60,2.9484,LOCAL_BEST,0,42,0,82,0,47,1,0,600000.0000,0.0000,0,0,0,0,0,0
n012w8-0,n012w8,0,12,1500000,100.0,adaptive,2026-07-04T11:37:08+01:00,4,1,106,60,1,99.945674,1365,1425,1365,60,4.2105,GLOBAL_BEST,0,42,9,108,10,48,1,0,600000.0000,0.0000,0,0,0,0,0,0
n012w8-0,n012w8,0,12,1500000,100.0,adaptive,2026-07-04T11:37:08+01:00,4,3,106,64,1,0.000000,2235,2265,2235,30,1.3245,LOCAL_BEST,0,42,23,110,3,49,4,0,75000.0000,0.0000,0,0,0,0,0,0
n012w8-0,n012w8,0,12,1500000,100.0,adaptive,2026-07-04T11:37:08+01:00,4,3,106,65,1,0.000000,2055,2235,2055,180,8.0537,LOCAL_BEST,0,42,23,114,3,50,1,0,1800000.0000,0.0000,0,0,0,0,0,0
n012w8-0,n012w8,0,12,1500000,100.0,adaptive,2026-07-04T11:37:08+01:00,4,2,106,65,1,0.000000,1920,1975,1920,55,2.7848,LOCAL_BEST,0,42,0,90,0,51,0,0,0.0000,0.0000,0,0,0,0,0,0
n012w8-0,n012w8,0,12,1500000,100.0,adaptive,2026-07-04T11:37:08+01:00,4,3,106,68,1,0.000000,1980,2055,1980,75,3.6496,LOCAL_BEST,0,42,24,123,3,52,3,0,250000.0000,0.0000,0,0,0,0,0,0
n012w8-0,n012w8,0,12,1500000,100.0,adaptive,2026-07-04T11:37:08+01:00,4,2,106,69,1,0.000000,1785,1920,1785,135,7.0312,LOCAL_BEST,0,42,0,95,0,53,1,0,1350000.0000,0.0000,0,0,0,0,0,0
n012w8-0,n012w8,0,12,1500000,100.0,adaptive,2026-07-04T11:37:08+01:00,4,2,106,70,1,0.000000,1755,1785,1755,30,1.6807,LOCAL_BEST,0,42,0,98,0,54,1,0,300000.0000,0.0000,0,0,0,0,0,0
n012w8-0,n012w8,0,12,1500000,100.0,adaptive,2026-07-04T11:37:08+01:00,4,8,106,71,89,0.000000,280,295,280,15,5.0847,LOCAL_BEST,3,42,0,125,62,55,1,88,150000.0000,170.4545,0,0,0,0,0,0
n012w8-0,n012w8,0,12,1500000,100.0,adaptive,2026-07-04T11:37:08+01:00,4,3,106,77,1,0.000000,1920,1980,1920,60,3.0303,LOCAL_BEST,0,42,28,149,3,56,6,-88,100000.0000,0.0000,0,0,0,0,0,0
n012w8-0,n012w8,0,12,1500000,100.0,adaptive,2026-07-04T11:37:08+01:00,4,3,106,78,1,0.000000,1800,1920,1800,120,6.2500,LOCAL_BEST,0,42,28,150,3,57,1,0,1200000.0000,0.0000,0,0,0,0,0,0
n012w8-0,n012w8,0,12,1500000,100.0,adaptive,2026-07-04T11:37:08+01:00,4,1,106,82,1,99.925424,1350,1365,1350,15,1.0989,GLOBAL_BEST,0,42,15,137,18,58,4,0,37500.0000,0.0000,0,0,0,0,0,0
n012w8-0,n012w8,0,12,1500000,100.0,adaptive,2026-07-04T11:37:08+01:00,4,1,106,83,1,99.924504,1320,1350,1320,30,2.2222,GLOBAL_BEST,0,42,15,141,18,59,1,0,300000.0000,0.0000,0,0,0,0,0,0
n012w8-0,n012w8,0,12,1500000,100.0,adaptive,2026-07-04T11:37:08+01:00,4,3,106,85,1,0.000000,1740,1800,1740,60,3.3333,LOCAL_BEST,0,42,31,178,3,60,2,0,300000.0000,0.0000,0,0,0,0,0,0
n012w8-0,n012w8,0,12,1500000,100.0,adaptive,2026-07-04T11:37:08+01:00,4,1,106,86,1,99.921743,1245,1320,1245,75,5.6818,GLOBAL_BEST,0,42,15,141,20,61,1,0,750000.0000,0.0000,0,0,0,0,0,0
n012w8-0,n012w8,0,12,1500000,100.0,adaptive,2026-07-04T11:37:08+01:00,4,2,106,284,1,0.000000,1750,1755,1750,5,0.2849,LOCAL_BEST,0,42,0,466,0,62,198,0,252.5253,0.0000,0,0,0,0,0,0
n012w8-0,n012w8,0,12,1500000,100.0,adaptive,2026-07-04T11:37:08+01:00,4,1,106,292,1,99.732338,1200,1245,1200,45,3.6145,GLOBAL_BEST,0,42,69,439,85,63,8,0,56250.0000,0.0000,0,0,0,0,0,0
n012w8-0,n012w8,0,12,1500000,100.0,adaptive,2026-07-04T11:37:08+01:00,4,2,106,300,1,0.000000,1615,1750,1615,135,7.7143,LOCAL_BEST,0,42,0,485,0,64,8,0,168750.0000,0.0000,0,0,0,0,0,0
n012w8-0,n012w8,0,12,1500000,100.0,adaptive,2026-07-04T11:37:08+01:00,4,1,106,302,1,99.723153,1170,1200,1170,30,2.5000,GLOBAL_BEST,0,42,71,447,89,65,2,0,150000.0000,0.0000,0,0,0,0,0,0
n012w8-0,n012w8,0,12,1500000,100.0,adaptive,2026-07-04T11:37:08+01:00,4,5,106,441,43,0.000000,520,535,520,15,2.8037,GLOBAL_BEST,1,42,0,636,358,66,139,42,1079.1367,357.1429,0,0,0,0,0,0
n012w8-0,n012w8,0,12,1500000,100.0,adaptive,2026-07-04T11:37:08+01:00,4,5,106,451,43,0.000000,505,520,505,15,2.8846,GLOBAL_BEST,1,42,0,646,364,67,10,0,15000.0000,0.0000,0,0,0,0,0,0
n012w8-0,n012w8,0,12,1500000,100.0,adaptive,2026-07-04T11:37:08+01:00,4,8,106,499,90,0.000000,265,280,265,15,5.3571,LOCAL_BEST,3,42,0,708,452,68,48,47,3125.0000,319.1489,0,0,0,0,0,0
n012w8-0,n012w8,0,12,1500000,100.0,adaptive,2026-07-04T11:37:08+01:00,4,1,106,527,2,99.516708,1155,1170,1155,15,1.2821,GLOBAL_BEST,0,42,128,873,157,69,28,-88,5357.1429,0.0000,0,0,0,0,0,0
n012w8-0,n012w8,0,12,1500000,100.0,adaptive,2026-07-04T11:37:08+01:00,4,1,106,529,2,99.514875,1140,1155,1140,15,1.2987,GLOBAL_BEST,0,42,128,873,158,70,2,0,75000.0000,0.0000,0,0,0,0,0,0
n012w8-0,n012w8,0,12,1500000,100.0,adaptive,2026-07-04T11:37:08+01:00,4,1,106,535,2,99.509375,1125,1140,1125,15,1.3158,GLOBAL_BEST,0,42,129,886,159,71,6,0,25000.0000,0.0000,0,0,0,0,0,0
n012w8-0,n012w8,0,12,1500000,100.0,adaptive,2026-07-04T11:37:08+01:00,4,8,106,552,90,0.000000,255,265,255,10,3.7736,LOCAL_BEST,3,42,0,788,492,72,17,88,5882.3529,113.6364,0,0,0,0,0,0
n012w8-0,n012w8,0,12,1500000,100.0,adaptive,2026-07-04T11:37:08+01:00,4,8,106,744,90,0.000000,235,255,235,20,7.8431,LOCAL_BEST,3,42,0,1135,658,73,192,0,1041.6667,0.0000,0,0,0,0,0,0
n012w8-0,n012w8,0,12,1500000,100.0,adaptive,2026-07-04T11:37:08+01:00,4,2,106,780,2,0.000000,1575,1615,1575,40,2.4768,LOCAL_BEST,0,42,0,1369,0,74,36,-88,11111.1111,0.0000,0,0,0,0,0,0
n012w8-0,n012w8,0,12,1500000,100.0,adaptive,2026-07-04T11:37:08+01:00,4,5,106,796,44,0.000000,465,505,465,40,7.9208,GLOBAL_BEST,1,42,0,1232,639,75,16,42,25000.0000,952.3810,0,0,0,0,0,0
n012w8-0,n012w8,0,12,1500000,100.0,adaptive,2026-07-04T11:37:08+01:00,4,3,106,828,2,0.000000,1690,1740,1690,50,2.8736,LOCAL_BEST,0,42,293,1504,30,76,32,-42,15625.0000,0.0000,0,0,0,0,0,0
n012w8-0,n012w8,0,12,1500000,100.0,adaptive,2026-07-04T11:37:08+01:00,4,3,106,1030,2,0.000000,1560,1690,1560,130,7.6923,LOCAL_BEST,0,42,372,1855,33,77,202,0,6435.6436,0.0000,0,0,0,0,0,0
n012w8-0,n012w8,0,12,1500000,100.0,adaptive,2026-07-04T11:37:08+01:00,4,2,106,1084,2,0.000000,1530,1575,1530,45,2.8571,LOCAL_BEST,0,42,0,1970,12,78,54,0,8333.3333,0.0000,0,0,0,0,0,0
n012w8-0,n012w8,0,12,1500000,100.0,adaptive,2026-07-04T11:37:08+01:00,4,2,106,1087,2,0.000000,1425,1530,1425,105,6.8627,LOCAL_BEST,0,42,0,1975,12,79,3,0,350000.0000,0.0000,0,0,0,0,0,0
n012w8-0,n012w8,0,12,1500000,100.0,adaptive,2026-07-04T11:37:08+01:00,4,5,106,1138,44,0.000000,460,465,460,5,1.0753,GLOBAL_BEST,1,42,0,1888,915,80,51,42,980.3922,119.0476,0,0,0,0,0,0
n012w8-0,n012w8,0,12,1500000,100.0,adaptive,2026-07-04T11:37:08+01:00,4,1,106,1240,3,98.865325,1110,1125,1110,15,1.3333,GLOBAL_BEST,0,42,286,2175,410,81,102,-41,1470.5882,0.0000,0,0,0,0,0,0
n012w8-0,n012w8,0,12,1500000,100.0,adaptive,2026-07-04T11:37:08+01:00,4,1,106,1242,3,98.863504,1020,1110,1020,90,8.1081,GLOBAL_BEST,0,42,286,2181,411,82,2,0,450000.0000,0.0000,0,0,0,0,0,0
n012w8-0,n012w8,0,12,1500000,100.0,adaptive,2026-07-04T11:37:08+01:00,4,1,106,1243,3,98.862594,900,1020,900,120,11.7647,GLOBAL_BEST,0,42,286,2181,411,83,1,0,1200000.0000,0.0000,0,0,0,0,0,0
n012w8-0,n012w8,0,12,1500000,100.0,adaptive,2026-07-04T11:37:08+01:00,4,8,106,1338,91,0.000000,225,235,225,10,4.2553,LOCAL_BEST,3,42,0,1970,1197,84,95,88,1052.6316,113.6364,0,0,0,0,0,0
n012w8-0,n012w8,0,12,1500000,100.0,adaptive,2026-07-04T11:37:08+01:00,4,3,106,1644,3,0.000000,1530,1560,1530,30,1.9231,LOCAL_BEST,0,42,599,3036,59,85,306,-88,980.3922,0.0000,0,0,0,0,0,0
n012w8-0,n012w8,0,12,1500000,100.0,adaptive,2026-07-04T11:37:08+01:00,4,3,106,1648,3,0.000000,1500,1530,1500,30,1.9608,LOCAL_BEST,0,42,601,3042,59,86,4,0,75000.0000,0.0000,0,0,0,0,0,0
n012w8-0,n012w8,0,12,1500000,100.0,adaptive,2026-07-04T11:37:08+01:00,4,5,106,2629,46,0.000000,440,460,440,20,4.3478,GLOBAL_BEST,1,42,0,4364,2130,87,981,43,203.8736,465.1163,0,0,0,0,0,0
n012w8-0,n012w8,0,12,1500000,100.0,adaptive,2026-07-04T11:37:08+01:00,4,2,106,2995,5,0.000000,1365,1425,1365,60,4.2105,LOCAL_BEST,0,42,0,5366,334,88,366,-41,1639.3443,0.0000,0,0,0,0,0,0
n012w8-0,n012w8,0,12,1500000,100.0,adaptive,2026-07-04T11:37:08+01:00,4,2,106,3163,5,0.000000,1275,1365,1275,90,6.5934,LOCAL_BEST,0,42,0,5650,369,89,168,0,5357.1429,0.0000,0,0,0,0,0,0
n012w8-0,n012w8,0,12,1500000,100.0,adaptive,2026-07-04T11:37:08+01:00,4,3,106,3449,6,0.000000,1455,1500,1455,45,3.0000,LOCAL_BEST,0,42,1257,6446,140,90,286,1,1573.4266,45000.0000,0,0,0,0,0,0
n012w8-0,n012w8,0,12,1500000,100.0,adaptive,2026-07-04T11:37:08+01:00,4,2,106,3575,6,0.000000,1240,1275,1240,35,2.7451,LOCAL_BEST,0,42,0,6364,505,91,126,0,2777.7778,0.0000,0,0,0,0,0,0
n012w8-0,n012w8,0,12,1500000,100.0,adaptive,2026-07-04T11:37:08+01:00,4,1,106,3739,6,96.615766,885,900,885,15,1.6667,GLOBAL_BEST,0,42,884,6408,1292,92,164,0,914.6341,0.0000,0,0,0,0,0,0
n012w8-0,n012w8,0,12,1500000,100.0,adaptive,2026-07-04T11:37:08+01:00,4,5,106,4996,50,0.000000,400,440,400,40,9.0909,GLOBAL_BEST,1,42,0,8111,4049,93,1257,44,318.2180,909.0909,0,0,0,0,0,0
n012w8-0,n012w8,0,12,1500000,100.0,adaptive,2026-07-04T11:37:08+01:00,4,2,106,5516,9,0.000000,1200,1240,1200,40,3.2258,LOCAL_BEST,0,42,0,9912,1080,94,520,-41,769.2308,0.0000,0,0,0,0,0,0
n012w8-0,n012w8,0,12,1500000,100.0,adaptive,2026-07-04T11:37:08+01:00,4,8,106,5766,99,0.000000,205,225,205,20,8.8889,GLOBAL_BEST,3,42,0,8644,5177,95,250,90,800.0000,222.2222,0,0,0,0,0,0
n012w8-0,n012w8,0,12,1500000,100.0,adaptive,2026-07-04T11:37:08+01:00,4,2,106,6014,9,0.000000,1170,1200,1170,30,2.5000,LOCAL_BEST,0,42,0,10815,1219,96,248,-90,1209.6774,0.0000,0,0,0,0,0,0
n012w8-0,n012w8,0,12,1500000,100.0,adaptive,2026-07-04T11:37:08+01:00,4,2,106,6015,9,0.000000,1125,1170,1125,45,3.8462,LOCAL_BEST,0,42,0,10817,1219,97,1,0,450000.0000,0.0000,0,0,0,0,0,0
n012w8-0,n012w8,0,12,1500000,100.0,adaptive,2026-07-04T11:37:08+01:00,4,1,106,6873,11,93.866797,875,885,875,10,1.1299,GLOBAL_BEST,0,42,1612,12067,2424,98,858,2,116.5501,5000.0000,0,0,0,0,0,0
n012w8-0,n012w8,0,12,1500000,100.0,adaptive,2026-07-04T11:37:08+01:00,4,1,106,6875,11,93.865068,860,875,860,15,1.7143,GLOBAL_BEST,0,42,1612,12075,2425,99,2,0,75000.0000,0.0000,0,0,0,0,0,0
n012w8-0,n012w8,0,12,1500000,100.0,adaptive,2026-07-04T11:37:08+01:00,4,2,106,7690,12,0.000000,1110,1125,1110,15,1.3333,LOCAL_BEST,0,42,0,13624,1851,100,815,1,184.0491,15000.0000,0,0,0,0,0,0
n012w8-0,n012w8,0,12,1500000,100.0,adaptive,2026-07-04T11:37:08+01:00,4,3,106,7694,12,0.000000,1410,1455,1410,45,3.0928,LOCAL_BEST,0,42,2814,14401,326,101,4,0,112500.0000,0.0000,0,0,0,0,0,0
n012w8-0,n012w8,0,12,1500000,100.0,adaptive,2026-07-04T11:37:08+01:00,4,8,106,7718,101,0.000000,195,205,195,10,4.8780,GLOBAL_BEST,3,42,0,11674,6896,102,24,89,4166.6667,112.3596,0,0,0,0,0,0
n012w8-0,n012w8,0,12,1500000,100.0,adaptive,2026-07-04T11:37:08+01:00,4,2,106,9025,14,0.000000,1095,1110,1095,15,1.3514,LOCAL_BEST,0,42,0,15900,2386,103,1307,-87,114.7666,0.0000,0,0,0,0,0,0
n012w8-0,n012w8,0,12,1500000,100.0,adaptive,2026-07-04T11:37:08+01:00,4,2,106,9102,14,0.000000,1035,1095,1035,60,5.4795,LOCAL_BEST,0,42,0,16029,2429,104,77,0,7792.2078,0.0000,0,0,0,0,0,0
n012w8-0,n012w8,0,12,1500000,100.0,adaptive,2026-07-04T11:37:08+01:00,4,2,106,10367,16,0.000000,995,1035,995,40,3.8647,LOCAL_BEST,0,42,0,18289,2966,105,1265,2,316.2055,20000.0000,0,0,0,0,0,0
n012w8-0,n012w8,0,12,1500000,100.0,adaptive,2026-07-04T11:37:08+01:00,4,2,106,11391,18,0.000000,925,995,925,70,7.0352,LOCAL_BEST,0,42,0,20107,3408,106,1024,2,683.5938,35000.0000,0,0,0,0,0,0
n012w8-0,n012w8,0,12,1500000,100.0,adaptive,2026-07-04T11:37:08+01:00,4,8,106,12580,107,0.000000,180,195,180,15,7.6923,GLOBAL_BEST,3,42,0,18861,11276,107,1189,89,126.1564,168.5393,0,0,0,0,0,0
n012w8-0,n012w8,0,12,1500000,100.0,adaptive,2026-07-04T11:37:08+01:00,4,2,106,13923,21,0.000000,845,925,845,80,8.6486,GLOBAL_BEST,0,42,0,24296,4652,108,1343,-86,595.6813,0.0000,0,0,0,0,0,0
n012w8-0,n012w8,0,12,1500000,100.0,adaptive,2026-07-04T11:37:08+01:00,4,1,106,14685,22,87.350219,850,860,850,10,1.1628,LOCAL_BEST,0,42,3441,25334,5262,109,762,1,131.2336,10000.0000,0,0,0,0,0,0
n012w8-0,n012w8,0,12,1500000,100.0,adaptive,2026-07-04T11:37:08+01:00,4,1,106,14689,22,87.347001,820,850,820,30,3.5294,GLOBAL_BEST,0,42,3441,25336,5264,110,4,0,75000.0000,0.0000,0,0,0,0,0,0
n012w8-0,n012w8,0,12,1500000,100.0,adaptive,2026-07-04T11:37:08+01:00,4,1,106,14690,22,87.346197,790,820,790,30,3.6585,GLOBAL_BEST,0,42,3441,25338,5264,111,1,0,300000.0000,0.0000,0,0,0,0,0,0
n012w8-0,n012w8,0,12,1500000,100.0,adaptive,2026-07-04T11:37:08+01:00,4,3,106,15708,24,0.000000,1390,1410,1390,20,1.4184,LOCAL_BEST,0,42,5812,29352,664,112,1018,2,196.4637,10000.0000,0,0,0,0,0,0
n012w8-0,n012w8,0,12,1500000,100.0,adaptive,2026-07-04T11:37:08+01:00,4,3,106,15709,24,0.000000,1345,1390,1345,45,3.2374,LOCAL_BEST,0,42,5812,29353,664,113,1,0,450000.0000,0.0000,0,0,0,0,0,0
n012w8-0,n012w8,0,12,1500000,100.0,adaptive,2026-07-04T11:37:08+01:00,4,3,106,17248,26,0.000000,1315,1345,1315,30,2.2305,LOCAL_BEST,0,42,6388,32254,723,114,1539,2,194.9318,15000.0000,0,0,0,0,0,0
n012w8-0,n012w8,0,12,1500000,100.0,adaptive,2026-07-04T11:37:08+01:00,4,3,106,17249,26,0.000000,1300,1315,1300,15,1.1407,LOCAL_BEST,0,42,6388,32255,723,115,1,0,150000.0000,0.0000,0,0,0,0,0,0
n012w8-0,n012w8,0,12,1500000,100.0,adaptive,2026-07-04T11:37:08+01:00,4,2,106,17578,26,0.000000,820,845,820,25,2.9586,LOCAL_BEST,0,42,0,30555,6719,116,329,0,759.8784,0.0000,0,0,0,0,0,0
n012w8-0,n012w8,0,12,1500000,100.0,adaptive,2026-07-04T11:37:08+01:00,4,5,106,18047,67,0.000000,390,400,390,10,2.5000,GLOBAL_BEST,1,42,0,28504,14819,117,469,41,213.2196,243.9024,0,0,0,0,0,0
n012w8-0,n012w8,0,12,1500000,100.0,adaptive,2026-07-04T11:37:08+01:00,4,5,106,19472,69,0.000000,375,390,375,15,3.8462,GLOBAL_BEST,1,42,0,30604,16051,118,1425,2,105.2632,7500.0000,0,0,0,0,0,0
n012w8-0,n012w8,0,12,1500000,100.0,adaptive,2026-07-04T11:37:08+01:00,4,2,106,20962,32,0.000000,810,820,810,10,1.2195,LOCAL_BEST,0,42,0,36296,8786,119,1490,-37,67.1141,0.0000,0,0,0,0,0,0
n012w8-0,n012w8,0,12,1500000,100.0,adaptive,2026-07-04T11:37:08+01:00,4,1,106,21688,33,81.893984,780,790,780,10,1.2658,LOCAL_BEST,0,42,5024,37724,7906,120,726,1,137.7410,10000.0000,0,0,0,0,0,0
n012w8-0,n012w8,0,12,1500000,100.0,adaptive,2026-07-04T11:37:08+01:00,4,2,106,22023,33,0.000000,775,810,775,35,4.3210,GLOBAL_BEST,0,42,0,38072,9434,121,335,0,1044.7761,0.0000,0,0,0,0,0,0
n012w8-0,n012w8,0,12,1500000,100.0,adaptive,2026-07-04T11:37:08+01:00,4,5,106,22195,72,0.000000,345,375,345,30,8.0000,GLOBAL_BEST,1,42,0,35159,18379,122,172,39,1744.1860,769.2308,0,0,0,0,0,0
n012w8-0,n012w8,0,12,1500000,100.0,adaptive,2026-07-04T11:37:08+01:00,4,5,106,22325,72,0.000000,315,345,315,30,8.6957,GLOBAL_BEST,1,42,0,35340,18488,123,130,0,2307.6923,0.0000,0,0,0,0,0,0
n012w8-0,n012w8,0,12,1500000,100.0,adaptive,2026-07-04T11:37:08+01:00,4,2,106,23158,35,0.000000,705,775,705,70,9.0323,GLOBAL_BEST,0,42,0,39966,10126,124,833,-37,840.3361,0.0000,0,0,0,0,0,0
n012w8-0,n012w8,0,12,1500000,100.0,adaptive,2026-07-04T11:37:08+01:00,4,2,106,23159,35,0.000000,675,705,675,30,4.2553,GLOBAL_BEST,0,42,0,39969,10126,125,1,0,300000.0000,0.0000,0,0,0,0,0,0
n012w8-0,n012w8,0,12,1500000,100.0,adaptive,2026-07-04T11:37:08+01:00,4,5,106,23240,73,0.000000,300,315,300,15,4.7619,GLOBAL_BEST,1,42,0,36727,19277,126,81,38,1851.8519,394.7368,0,0,0,0,0,0
n012w8-0,n012w8,0,12,1500000,100.0,adaptive,2026-07-04T11:37:08+01:00,4,2,106,23390,35,0.000000,660,675,660,15,2.2222,GLOBAL_BEST,0,42,0,40369,10270,127,150,-38,1000.0000,0.0000,0,0,0,0,0,0
n012w8-0,n012w8,0,12,1500000,100.0,adaptive,2026-07-04T11:37:08+01:00,4,3,106,23532,36,0.000000,1230,1300,1230,70,5.3846,LOCAL_BEST,0,42,8719,44014,951,128,142,1,4929.5775,70000.0000,0,0,0,0,0,0
n012w8-0,n012w8,0,12,1500000,100.0,adaptive,2026-07-04T11:37:08+01:00,4,2,106,28878,43,0.000000,655,660,655,5,0.7576,GLOBAL_BEST,0,42,0,49621,14024,129,5346,7,9.3528,714.2857,0,0,0,0,0,0
n012w8-0,n012w8,0,12,1500000,100.0,adaptive,2026-07-04T11:37:08+01:00,4,5,106,32525,85,0.000000,295,300,295,5,1.6667,GLOBAL_BEST,1,42,0,51675,27176,130,3647,42,13.7099,119.0476,0,0,0,0,0,0
n012w8-0,n012w8,0,12,1500000,100.0,adaptive,2026-07-04T11:37:08+01:00,4,5,106,33150,86,0.000000,225,295,225,70,23.7288,GLOBAL_BEST,1,42,0,52694,27708,131,625,1,1120.0000,70000.0000,0,0,0,0,0,0
n012w8-0,n012w8,0,12,1500000,100.0,adaptive,2026-07-04T11:37:08+01:00,4,2,106,33576,49,0.000000,585,655,585,70,10.6870,LOCAL_BEST,0,42,0,57221,17402,132,426,-37,1643.1925,0.0000,0,0,0,0,0,0
n012w8-0,n012w8,0,12,1500000,100.0,adaptive,2026-07-04T11:37:08+01:00,4,1,106,38210,57,70.333787,775,780,775,5,0.6410,LOCAL_BEST,0,42,8561,66750,14650,133,4634,8,10.7898,625.0000,0,0,0,0,0,0
n012w8-0,n012w8,0,12,1500000,100.0,adaptive,2026-07-04T11:37:08+01:00,4,2,106,38389,55,0.000000,555,585,555,30,5.1282,LOCAL_BEST,0,42,0,65134,20857,134,179,-2,1675.9777,0.0000,0,0,0,0,0,0
n012w8-0,n012w8,0,12,1500000,100.0,adaptive,2026-07-04T11:37:08+01:00,4,2,106,41777,60,0.000000,475,555,475,80,14.4144,LOCAL_BEST,0,42,0,70807,23346,135,3388,5,236.1275,16000.0000,0,0,0,0,0,0
n012w8-0,n012w8,0,12,1500000,100.0,adaptive,2026-07-04T11:37:08+01:00,4,1,106,45854,68,65.552310,765,775,765,10,1.2903,LOCAL_BEST,0,42,10071,80205,18151,136,4077,8,24.5278,1250.0000,0,0,0,0,0,0
n012w8-0,n012w8,0,12,1500000,100.0,adaptive,2026-07-04T11:37:08+01:00,4,2,106,50418,72,0.000000,450,475,450,25,5.2632,LOCAL_BEST,0,42,0,84968,29947,137,4564,4,54.7765,6250.0000,0,0,0,0,0,0
n012w8-0,n012w8,0,12,1500000,100.0,adaptive,2026-07-04T11:37:08+01:00,4,5,106,52341,111,0.000000,210,225,210,15,6.6667,LOCAL_BEST,1,42,0,83289,44470,138,1923,39,78.0031,384.6154,0,0,0,0,0,0
n012w8-0,n012w8,0,12,1500000,100.0,adaptive,2026-07-04T11:37:08+01:00,4,2,106,52935,75,0.000000,445,450,445,5,1.1111,LOCAL_BEST,0,42,0,89059,31904,139,594,-36,84.1751,0.0000,0,0,0,0,0,0
n012w8-0,n012w8,0,12,1500000,100.0,adaptive,2026-07-04T11:37:08+01:00,4,2,106,53998,77,0.000000,405,445,405,40,8.9888,LOCAL_BEST,0,42,0,90792,32703,140,1063,2,376.2935,20000.0000,0,0,0,0,0,0
n012w8-0,n012w8,0,12,1500000,100.0,adaptive,2026-07-04T11:37:08+01:00,4,1,106,54113,80,60.750800,745,765,745,20,2.6144,LOCAL_BEST,0,42,11570,94603,22130,141,115,3,1739.1304,6666.6667,0,0,0,0,0,0
n012w8-0,n012w8,0,12,1500000,100.0,adaptive,2026-07-04T11:37:08+01:00,4,1,106,59252,87,57.942336,720,745,720,25,3.3557,LOCAL_BEST,0,42,12440,103440,24781,142,5139,7,48.6476,3571.4286,0,0,0,0,0,0
n012w8-0,n012w8,0,12,1500000,100.0,adaptive,2026-07-04T11:37:08+01:00,4,1,106,59714,88,57.696305,705,720,705,15,2.0833,LOCAL_BEST,0,42,12518,104226,25029,143,462,1,324.6753,15000.0000,0,0,0,0,0,0
n012w8-0,n012w8,0,12,1500000,100.0,adaptive,2026-07-04T11:37:08+01:00,4,1,106,59741,88,57.681959,670,705,670,35,4.9645,LOCAL_BEST,0,42,12523,104271,25046,144,27,0,12962.9630,0.0000,0,0,0,0,0,0
n012w8-0,n012w8,0,12,1500000,100.0,adaptive,2026-07-04T11:37:08+01:00,4,1,106,59742,88,57.681428,655,670,655,15,2.2388,LOCAL_BEST,0,42,12523,104271,25046,145,1,0,150000.0000,0.0000,0,0,0,0,0,0
n012w8-0,n012w8,0,12,1500000,100.0,adaptive,2026-07-04T11:37:08+01:00,4,4,106,65374,140,54.765619,645,655,645,10,1.5267,LOCAL_BEST,1,42,13496,113735,27990,146,5632,52,17.7557,192.3077,0,0,0,0,0,0
n012w8-0,n012w8,0,12,1500000,100.0,adaptive,2026-07-04T11:37:08+01:00,4,3,106,65662,101,0.000000,1215,1230,1215,15,1.2195,LOCAL_BEST,0,42,24482,122210,2604,147,288,-39,520.8333,0.0000,0,0,0,0,0,0
n012w8-0,n012w8,0,12,1500000,100.0,adaptive,2026-07-04T11:37:08+01:00,4,4,106,66093,141,54.404146,600,645,600,45,6.9767,LOCAL_BEST,1,42,13632,114979,28342,148,431,40,1044.0835,1125.0000,0,0,0,0,0,0
n012w8-0,n012w8,0,12,1500000,100.0,adaptive,2026-07-04T11:37:08+01:00,4,2,106,66231,93,0.000000,400,405,400,5,1.2346,LOCAL_BEST,0,42,0,110587,42695,149,138,-48,362.3188,0.0000,0,0,0,0,0,0
n012w8-0,n012w8,0,12,1500000,100.0,adaptive,2026-07-04T11:37:08+01:00,4,2,106,66239,93,0.000000,340,400,340,60,15.0000,LOCAL_BEST,0,42,0,110596,42700,150,8,0,75000.0000,0.0000,0,0,0,0,0,0
n012w8-0,n012w8,0,12,1500000,100.0,adaptive,2026-07-04T11:37:08+01:00,4,1,106,66332,98,54.284520,645,655,645,10,1.5267,LOCAL_BEST,0,42,13642,115599,28446,151,93,5,1075.2688,2000.0000,0,0,0,0,0,0
n012w8-0,n012w8,0,12,1500000,100.0,adaptive,2026-07-04T11:37:08+01:00,4,4,106,70008,148,52.477363,585,600,585,15,2.5000,LOCAL_BEST,1,42,14274,121655,30454,152,3676,50,40.8052,300.0000,0,0,0,0,0,0
n012w8-0,n012w8,0,12,1500000,100.0,adaptive,2026-07-04T11:37:08+01:00,4,4,106,70009,148,52.476879,555,585,555,30,5.1282,LOCAL_BEST,1,42,14274,121656,30454,153,1,0,300000.0000,0.0000,0,0,0,0,0,0
n012w8-0,n012w8,0,12,1500000,100.0,adaptive,2026-07-04T11:37:08+01:00,4,4,106,70034,148,52.464797,525,555,525,30,5.4054,LOCAL_BEST,1,42,14275,121700,30473,154,25,0,12000.0000,0.0000,0,0,0,0,0,0
n012w8-0,n012w8,0,12,1500000,100.0,adaptive,2026-07-04T11:37:08+01:00,4,2,106,71509,101,0.000000,330,340,330,10,2.9412,LOCAL_BEST,0,42,0,118537,47096,155,1475,-47,67.7966,0.0000,0,0,0,0,0,0
n012w8-0,n012w8,0,12,1500000,100.0,adaptive,2026-07-04T11:37:08+01:00,4,1,106,72557,107,51.259693,630,645,630,15,2.3256,LOCAL_BEST,0,42,14586,125964,31956,156,1048,6,143.1298,2500.0000,0,0,0,0,0,0
n012w8-0,n012w8,0,12,1500000,100.0,adaptive,2026-07-04T11:37:08+01:00,4,1,106,72559,107,51.258749,600,630,600,30,4.7619,LOCAL_BEST,0,42,14586,125969,31957,157,2,0,150000.0000,0.0000,0,0,0,0,0,0
n012w8-0,n012w8,0,12,1500000,100.0,adaptive,2026-07-04T11:37:08+01:00,4,2,106,74437,106,0.000000,310,330,310,20,6.0606,LOCAL_BEST,0,42,0,123105,49524,158,1878,-1,106.4963,0.0000,0,0,0,0,0,0
n012w8-0,n012w8,0,12,1500000,100.0,adaptive,2026-07-04T11:37:08+01:00,4,2,106,75463,108,0.000000,285,310,285,25,8.0645,LOCAL_BEST,0,42,0,124778,50370,159,1026,2,243.6647,12500.0000,0,0,0,0,0,0
n012w8-0,n012w8,0,12,1500000,100.0,adaptive,2026-07-04T11:37:08+01:00,4,5,106,85979,170,0.000000,195,210,195,15,7.1429,LOCAL_BEST,1,42,0,135696,75060,160,10516,62,14.2640,241.9355,0,0,0,0,0,0
n012w8-0,n012w8,0,12,1500000,100.0,adaptive,2026-07-04T11:37:08+01:00,4,1,106,87633,135,44.614086,585,600,585,15,2.5000,LOCAL_BEST,0,42,16699,151465,40684,161,1654,-35,90.6892,0.0000,0,0,0,0,0,0
n012w8-0,n012w8,0,12,1500000,100.0,adaptive,2026-07-04T11:37:08+01:00,4,2,106,88016,128,0.000000,270,285,270,15,5.2632,LOCAL_BEST,0,42,0,145267,61104,162,383,-7,391.6449,0.0000,0,0,0,0,0,0
n012w8-0,n012w8,0,12,1500000,100.0,adaptive,2026-07-04T11:37:08+01:00,4,4,106,92210,186,42.772437,510,525,510,15,2.8571,LOCAL_BEST,1,42,17423,159485,43511,163,4194,58,35.7654,258.6207,0,0,0,0,0,0
n012w8-0,n012w8,0,12,1500000,100.0,adaptive,2026-07-04T11:37:08+01:00,4,4,106,93924,189,42.102511,495,510,495,15,2.9412,LOCAL_BEST,1,42,17637,162352,44566,164,1714,3,87.5146,5000.0000,0,0,0,0,0,0
n012w8-0,n012w8,0,12,1500000,100.0,adaptive,2026-07-04T11:37:08+01:00,4,4,106,93959,189,42.088941,465,495,465,30,6.0606,LOCAL_BEST,1,42,17639,162424,44590,165,35,0,8571.4286,0.0000,0,0,0,0,0,0
n012w8-0,n012w8,0,12,1500000,100.0,adaptive,2026-07-04T11:37:08+01:00,4,4,106,93995,189,42.074988,400,465,400,65,13.9785,LOCAL_BEST,1,42,17642,162470,44620,166,36,0,18055.5556,0.0000,0,0,0,0,0,0
n012w8-0,n012w8,0,12,1500000,100.0,adaptive,2026-07-04T11:37:08+01:00,4,2,106,94172,136,0.000000,180,270,180,90,33.3333,LOCAL_BEST,0,42,0,155122,66481,167,177,-53,5084.7458,0.0000,0,0,0,0,0,0
n012w8-0,n012w8,0,12,1500000,100.0,adaptive,2026-07-04T11:37:08+01:00,4,1,106,96875,151,40.973588,555,585,555,30,5.1282,LOCAL_BEST,0,42,17848,167054,46445,168,2703,15,110.9878,2000.0000,0,0,0,0,0,0
n012w8-0,n012w8,0,12,1500000,100.0,adaptive,2026-07-04T11:37:08+01:00,4,1,106,96934,151,40.951329,525,555,525,30,5.4054,LOCAL_BEST,0,42,17852,167153,46488,169,59,0,5084.7458,0.0000,0,0,0,0,0,0
n012w8-0,n012w8,0,12,1500000,100.0,adaptive,2026-07-04T11:37:08+01:00,4,5,106,99816,197,0.000000,180,195,180,15,7.6923,LOCAL_BEST,1,42,0,156910,87896,170,2882,46,52.0472,326.0870,0,0,0,0,0,0
n012w8-0,n012w8,0,12,1500000,100.0,adaptive,2026-07-04T11:37:08+01:00,4,1,106,103987,167,38.375673,510,525,510,15,2.8571,LOCAL_BEST,0,42,18629,179284,51076,171,4171,-30,35.9626,0.0000,0,0,0,0,0,0
n012w8-0,n012w8,0,12,1500000,100.0,adaptive,2026-07-04T11:37:08+01:00,4,1,106,114775,186,34.745935,495,510,495,15,2.9412,LOCAL_BEST,0,42,19736,197165,58334,172,10788,19,13.9043,789.4737,0,0,0,0,0,0
n012w8-0,n012w8,0,12,1500000,100.0,adaptive,2026-07-04T11:37:08+01:00,4,1,106,115271,186,34.587566,480,495,480,15,3.0303,LOCAL_BEST,0,42,19776,197903,58700,173,496,0,302.4194,0.0000,0,0,0,0,0,0
n012w8-0,n012w8,0,12,1500000,100.0,adaptive,2026-07-04T11:37:08+01:00,4,1,106,117820,190,33.785006,465,480,465,15,3.1250,LOCAL_BEST,0,42,19991,201907,60514,174,2549,4,58.8466,3750.0000,0,0,0,0,0,0
n012w8-0,n012w8,0,12,1500000,100.0,adaptive,2026-07-04T11:37:08+01:00,4,1,106,117821,190,33.784695,450,465,450,15,3.2258,LOCAL_BEST,0,42,19991,201907,60514,175,1,0,150000.0000,0.0000,0,0,0,0,0,0
n012w8-0,n012w8,0,12,1500000,100.0,adaptive,2026-07-04T11:37:08+01:00,4,1,106,117822,190,33.784384,435,450,435,15,3.3333,LOCAL_BEST,0,42,19991,201907,60514,176,1,0,150000.0000,0.0000,0,0,0,0,0,0
n012w8-0,n012w8,0,12,1500000,100.0,adaptive,2026-07-04T11:37:08+01:00,4,1,106,117904,190,33.758878,405,435,405,30,6.8966,LOCAL_BEST,0,42,19995,202006,60581,177,82,0,3658.5366,0.0000,0,0,0,0,0,0
n012w8-0,n012w8,0,12,1500000,100.0,adaptive,2026-07-04T11:37:08+01:00,4,4,106,129899,241,30.227902,375,400,375,25,6.2500,LOCAL_BEST,1,42,21206,221804,69259,178,11995,51,20.8420,490.1961,0,0,0,0,0,0
n012w8-0,n012w8,0,12,1500000,100.0,adaptive,2026-07-04T11:37:08+01:00,4,4,106,129903,241,30.226788,345,375,345,30,8.0000,LOCAL_BEST,1,42,21206,221808,69262,179,4,0,75000.0000,0.0000,0,0,0,0,0,0
n012w8-0,n012w8,0,12,1500000,100.0,adaptive,2026-07-04T11:37:08+01:00,4,1,106,130023,212,30.193399,400,405,400,5,1.2346,LOCAL_BEST,0,42,21040,221484,69345,180,120,-29,416.6667,0.0000,0,0,0,0,0,0
n012w8-0,n012w8,0,12,1500000,100.0,adaptive,2026-07-04T11:37:08+01:00,4,3,106,130023,224,0.000000,1080,1215,1080,135,11.1111,LOCAL_BEST,0,42,48616,241999,5148,181,0,12,0.0000,11250.0000,0,0,0,0,0,0
n012w8-0,n012w8,0,12,1500000,100.0,adaptive,2026-07-04T11:37:08+01:00,4,1,106,132321,217,29.561060,340,400,340,60,15.0000,LOCAL_BEST,0,42,21212,225085,71055,182,2298,-7,261.0966,0.0000,0,0,0,0,0,0
n012w8-0,n012w8,0,12,1500000,100.0,adaptive,2026-07-04T11:37:08+01:00,4,5,106,132646,252,0.000000,165,180,165,15,8.3333,LOCAL_BEST,1,42,0,206156,118602,183,325,35,461.5385,428.5714,0,0,0,0,0,0
n012w8-0,n012w8,0,12,1500000,100.0,adaptive,2026-07-04T11:37:08+01:00,4,7,106,138855,344,27.834537,285,295,285,10,3.3898,LOCAL_BEST,2,42,21666,236117,76333,184,6209,92,16.1057,108.6957,0,0,0,0,0,0
n012w8-0,n012w8,0,12,1500000,100.0,adaptive,2026-07-04T11:37:08+01:00,4,1,106,140506,235,27.414479,325,340,325,15,4.4118,LOCAL_BEST,0,42,21810,238466,77215,185,1651,-109,90.8540,0.0000,0,0,0,0,0,0
n012w8-0,n012w8,0,12,1500000,100.0,adaptive,2026-07-04T11:37:08+01:00,4,4,106,142647,259,26.879179,300,345,300,45,13.0435,LOCAL_BEST,1,42,22123,242251,78828,186,2141,24,210.1822,1875.0000,0,0,0,0,0,0
n012w8-0,n012w8,0,12,1500000,100.0,adaptive,2026-07-04T11:37:08+01:00,4,1,106,147137,247,25.790277,315,325,315,10,3.0769,LOCAL_BEST,0,42,22263,249151,82323,187,4490,-12,22.2717,0.0000,0,0,0,0,0,0
n012w8-0,n012w8,0,12,1500000,100.0,adaptive,2026-07-04T11:37:08+01:00,4,5,106,158552,289,0.000000,160,165,160,5,3.0303,GLOBAL_BEST,1,42,0,244088,142820,188,11415,42,4.3802,119.0476,0,0,0,0,0,0
n012w8-0,n012w8,0,12,1500000,100.0,adaptive,2026-07-04T11:37:08+01:00,4,1,106,158780,273,23.167758,300,315,300,15,4.7619,LOCAL_BEST,0,42,22936,267757,91498,189,228,-16,657.8947,0.0000,0,0,0,0,0,0
n012w8-0,n012w8,0,12,1500000,100.0,adaptive,2026-07-04T11:37:08+01:00,4,1,106,158789,273,23.165837,270,300,270,30,10.0000,LOCAL_BEST,0,42,22937,267774,91504,190,9,0,33333.3333,0.0000,0,0,0,0,0,0
n012w8-0,n012w8,0,12,1500000,100.0,adaptive,2026-07-04T11:37:08+01:00,4,1,106,158791,273,23.165410,255,270,255,15,5.5556,LOCAL_BEST,0,42,22937,267777,91505,191,2,0,75000.0000,0.0000,0,0,0,0,0,0
n012w8-0,n012w8,0,12,1500000,100.0,adaptive,2026-07-04T11:37:08+01:00,4,1,106,160344,275,22.836419,250,255,250,5,1.9608,LOCAL_BEST,0,42,22994,270136,92806,192,1553,2,32.1958,2500.0000,0,0,0,0,0,0
n012w8-0,n012w8,0,12,1500000,100.0,adaptive,2026-07-04T11:37:08+01:00,4,5,106,161818,294,0.000000,135,160,135,25,15.6250,GLOBAL_BEST,1,42,0,249031,145874,193,1474,19,169.6065,1315.7895,0,0,0,0,0,0
n012w8-0,n012w8,0,12,1500000,100.0,adaptive,2026-07-04T11:37:08+01:00,4,1,106,165654,281,21.746431,240,250,240,10,4.0000,LOCAL_BEST,0,42,23242,278543,97178,194,3836,-13,26.0688,0.0000,0,0,0,0,0,0
n012w8-0,n012w8,0,12,1500000,100.0,adaptive,2026-07-04T11:37:08+01:00,4,1,106,165666,281,21.744028,225,240,225,15,6.2500,LOCAL_BEST,0,42,23242,278556,97188,195,12,0,12500.0000,0.0000,0,0,0,0,0,0
n012w8-0,n012w8,0,12,1500000,100.0,adaptive,2026-07-04T11:37:08+01:00,4,2,106,166215,240,0.000000,165,180,165,15,8.3333,GLOBAL_BEST,0,42,0,267198,131542,196,549,-41,273.2240,0.0000,0,0,0,0,0,0
n012w8-0,n012w8,0,12,1500000,100.0,adaptive,2026-07-04T11:37:08+01:00,4,10,106,171541,578,20.598709,150,165,150,15,9.0909,LOCAL_BEST,4,42,23682,287439,102474,197,5326,338,28.1637,44.3787,0,0,0,0,0,0
n012w8-0,n012w8,0,12,1500000,100.0,adaptive,2026-07-04T11:37:08+01:00,4,7,106,172585,397,20.401589,255,285,255,30,10.5263,LOCAL_BEST,2,42,23419,288966,103509,198,1044,-181,287.3563,0.0000,0,0,0,0,0,0
n012w8-0,n012w8,0,12,1500000,100.0,adaptive,2026-07-04T11:37:08+01:00,4,4,106,173403,306,20.248460,295,300,295,5,1.6667,LOCAL_BEST,1,42,23677,290426,103728,199,818,-91,61.1247,0.0000,0,0,0,0,0,0
n012w8-0,n012w8,0,12,1500000,100.0,adaptive,2026-07-04T11:37:08+01:00,4,7,106,174890,400,19.973032,240,255,240,15,5.8824,LOCAL_BEST,2,42,23493,292506,105520,200,1487,94,100.8742,159.5745,0,0,0,0,0,0
n012w8-0,n012w8,0,12,1500000,100.0,adaptive,2026-07-04T11:37:08+01:00,4,7,106,175162,400,19.923058,225,240,225,15,6.2500,LOCAL_BEST,2,42,23499,292972,105763,201,272,0,551.4706,0.0000,0,0,0,0,0,0
n012w8-0,n012w8,0,12,1500000,100.0,adaptive,2026-07-04T11:37:08+01:00,4,4,106,175274,309,19.902517,280,295,280,15,5.0847,LOCAL_BEST,1,42,23741,293473,105316,202,112,-91,1339.2857,0.0000,0,0,0,0,0,0
n012w8-0,n012w8,0,12,1500000,100.0,adaptive,2026-07-04T11:37:08+01:00,4,4,106,176055,310,19.759866,265,280,265,15,5.3571,LOCAL_BEST,1,42,23767,294789,105999,203,781,1,192.0615,15000.0000,0,0,0,0,0,0
n012w8-0,n012w8,0,12,1500000,100.0,adaptive,2026-07-04T11:37:08+01:00,4,4,106,176123,310,19.747494,235,265,235,30,11.3208,LOCAL_BEST,1,42,23767,294911,106061,204,68,0,4411.7647,0.0000,0,0,0,0,0,0
n012w8-0,n012w8,0,12,1500000,100.0,adaptive,2026-07-04T11:37:08+01:00,4,4,106,176659,311,19.650246,205,235,205,30,12.7660,LOCAL_BEST,1,42,23773,295923,106547,205,536,1,559.7015,30000.0000,0,0,0,0,0,0
n012w8-0,n012w8,0,12,1500000,100.0,adaptive,2026-07-04T11:37:08+01:00,4,4,106,176719,311,19.639390,190,205,190,15,7.3171,LOCAL_BEST,1,42,23775,295993,106598,206,60,0,2500.0000,0.0000,0,0,0,0,0,0
n012w8-0,n012w8,0,12,1500000,100.0,adaptive,2026-07-04T11:37:08+01:00,4,1,106,183455,317,18.457973,190,225,190,35,15.5556,LOCAL_BEST,0,42,23942,307052,112100,207,6736,6,51.9596,5833.3333,0,0,0,0,0,0
n012w8-0,n012w8,0,12,1500000,100.0,adaptive,2026-07-04T11:37:08+01:00,4,1,106,183933,318,18.376889,175,190,175,15,7.8947,LOCAL_BEST,0,42,23949,307687,112541,208,478,1,313.8075,15000.0000,0,0,0,0,0,0
n012w8-0,n012w8,0,12,1500000,100.0,adaptive,2026-07-04T11:37:08+01:00,4,7,106,194130,439,16.729540,195,225,195,30,13.3333,LOCAL_BEST,2,42,24118,322968,121982,209,10197,121,29.4204,247.9339,0,0,0,0,0,0
n012w8-0,n012w8,0,12,1500000,100.0,adaptive,2026-07-04T11:37:08+01:00,4,1,106,197823,345,16.170074,165,175,165,10,5.7143,LOCAL_BEST,0,42,24282,329074,124636,210,3693,-94,27.0783,0.0000,0,0,0,0,0,0
n012w8-0,n012w8,0,12,1500000,100.0,adaptive,2026-07-04T11:37:08+01:00,4,10,106,198150,630,16.121446,135,150,135,15,10.0000,LOCAL_BEST,4,42,24480,328971,125612,211,327,285,458.7156,52.6316,0,0,0,0,0,0
n012w8-0,n012w8,0,12,1500000,100.0,adaptive,2026-07-04T11:37:08+01:00,4,10,106,212646,661,14.106524,120,135,120,15,11.1111,LOCAL_BEST,4,42,24721,351298,138736,212,14496,31,10.3477,483.8710,0,0,0,0,0,0
n012w8-0,n012w8,0,12,1500000,100.0,adaptive,2026-07-04T11:37:08+01:00,4,4,106,228780,410,12.158612,150,190,150,40,21.0526,LOCAL_BEST,1,42,24974,377135,152841,213,16134,-251,24.7924,0.0000,0,0,0,0,0,0
n012w8-0,n012w8,0,12,1500000,100.0,adaptive,2026-07-04T11:37:08+01:00,4,1,106,240869,424,10.877473,145,165,145,20,12.1212,LOCAL_BEST,0,42,25002,393771,163515,214,12089,14,16.5440,1428.5714,0,0,0,0,0,0
n012w8-0,n012w8,0,12,1500000,100.0,adaptive,2026-07-04T11:37:08+01:00,4,1,106,240954,424,10.868960,140,145,140,5,3.4483,LOCAL_BEST,0,42,25002,393874,163595,215,85,0,588.2353,0.0000,0,0,0,0,0,0
n012w8-0,n012w8,0,12,1500000,100.0,adaptive,2026-07-04T11:37:08+01:00,4,1,106,241198,425,10.844562,130,140,130,10,7.1429,GLOBAL_BEST,0,42,25004,394204,163824,216,244,1,409.8361,10000.0000,0,0,0,0,0,0
n012w8-0,n012w8,0,12,1500000,100.0,adaptive,2026-07-04T11:37:08+01:00,4,13,106,251189,823,9.891178,150,160,150,10,6.2500,LOCAL_BEST,5,42,25005,409781,173715,217,9991,398,10.0090,25.1256,0,0,0,0,0,0
n012w8-0,n012w8,0,12,1500000,100.0,adaptive,2026-07-04T11:37:08+01:00,4,4,106,253278,442,9.702687,120,150,120,30,20.0000,GLOBAL_BEST,1,42,25252,413211,175316,218,2089,-381,143.6094,0.0000,0,0,0,0,0,0
n012w8-0,n012w8,0,12,1500000,100.0,adaptive,2026-07-04T11:37:08+01:00,4,13,106,258885,836,9.214335,135,150,135,15,10.0000,LOCAL_BEST,5,42,25053,421086,180879,219,5607,394,26.7523,38.0711,0,0,0,0,0,0
n012w8-0,n012w8,0,12,1500000,100.0,adaptive,2026-07-04T11:37:08+01:00,4,1,106,266051,469,8.625812,120,130,120,10,7.6923,LOCAL_BEST,0,42,25125,429490,187210,220,7166,-367,13.9548,0.0000,0,0,0,0,0,0
n012w8-0,n012w8,0,12,1500000,100.0,adaptive,2026-07-04T11:37:08+01:00,4,4,106,303278,535,6.121925,120,120,120,0,0.0000,REHEAT,1,42,25444,486036,222185,221,37227,66,0.0000,0.0000,0,0,0,0,0,0
n012w8-0,n012w8,0,12,1500000,100.0,adaptive,2026-07-04T11:37:08+01:00,4,1,106,316051,549,5.442469,135,120,120,0,0.0000,REHEAT,0,42,25249,497474,234880,222,12773,14,0.0000,0.0000,0,0,0,0,0,0
n012w8-0,n012w8,0,12,1500000,100.0,adaptive,2026-07-04T11:37:08+01:00,4,3,106,352565,687,0.000000,1055,1080,1055,25,2.3148,LOCAL_BEST,0,42,131380,656803,14168,223,36514,138,6.8467,181.1594,0,0,0,0,0,0
n012w8-0,n012w8,0,12,1500000,100.0,adaptive,2026-07-04T11:37:08+01:00,4,4,106,353278,647,63.095734,735,120,120,0,0.0000,REHEAT,1,42,36312,574030,242590,224,713,-40,0.0000,0.0000,0,0,0,0,0,0
n012w8-0,n012w8,0,12,1500000,100.0,adaptive,2026-07-04T11:37:08+01:00,4,1,106,366051,653,63.095734,1395,120,120,0,0.0000,REHEAT,0,42,35974,584538,255409,225,12773,6,0.0000,0.0000,0,0,0,0,0,0
n012w8-0,n012w8,0,12,1500000,100.0,adaptive,2026-07-04T11:37:08+01:00,4,4,106,403278,767,63.095734,1600,120,120,0,0.0000,REHEAT,1,42,47140,661604,262811,226,37227,114,0.0000,0.0000,0,0,0,0,0,0
n012w8-0,n012w8,0,12,1500000,100.0,adaptive,2026-07-04T11:37:08+01:00,4,1,106,416051,767,63.095734,1405,120,120,0,0.0000,REHEAT,0,42,46761,671924,275756,227,12773,0,0.0000,0.0000,0,0,0,0,0,0
n012w8-0,n012w8,0,12,1500000,100.0,adaptive,2026-07-04T11:37:08+01:00,4,4,106,453278,882,63.095734,1165,120,120,0,0.0000,REHEAT,1,42,57835,749236,283271,228,37227,115,0.0000,0.0000,0,0,0,0,0,0
n012w8-0,n012w8,0,12,1500000,100.0,adaptive,2026-07-04T11:37:08+01:00,4,1,106,466051,879,63.095734,1350,120,120,0,0.0000,REHEAT,0,42,57614,759366,296088,229,12773,-3,0.0000,0.0000,0,0,0,0,0,0
n012w8-0,n012w8,0,12,1500000,100.0,adaptive,2026-07-04T11:37:08+01:00,4,4,106,503278,999,63.095734,1435,120,120,0,0.0000,REHEAT,1,42,68659,836460,303799,230,37227,120,0.0000,0.0000,0,0,0,0,0,0
n012w8-0,n012w8,0,12,1500000,100.0,adaptive,2026-07-04T11:37:08+01:00,4,1,106,516051,969,63.095734,1245,120,120,0,0.0000,REHEAT,0,42,68468,847434,316418,231,12773,-30,0.0000,0.0000,0,0,0,0,0,0
n012w8-0,n012w8,0,12,1500000,100.0,adaptive,2026-07-04T11:37:08+01:00,4,4,106,553278,1099,63.095734,1170,120,120,0,0.0000,REHEAT,1,42,79558,924638,324123,232,37227,130,0.0000,0.0000,0,0,0,0,0,0
n012w8-0,n012w8,0,12,1500000,100.0,adaptive,2026-07-04T11:37:08+01:00,4,1,106,566051,1080,63.095734,1345,120,120,0,0.0000,REHEAT,0,42,79262,934607,336913,233,12773,-19,0.0000,0.0000,0,0,0,0,0,0
n012w8-0,n012w8,0,12,1500000,100.0,adaptive,2026-07-04T11:37:08+01:00,4,4,106,603278,1203,63.095734,1560,120,120,0,0.0000,REHEAT,1,42,90348,1012502,344436,234,37227,123,0.0000,0.0000,0,0,0,0,0,0
n012w8-0,n012w8,0,12,1500000,100.0,adaptive,2026-07-04T11:37:08+01:00,4,1,106,616051,1195,63.095734,1345,120,120,0,0.0000,REHEAT,0,42,90038,1022162,357275,235,12773,-8,0.0000,0.0000,0,0,0,0,0,0
n012w8-0,n012w8,0,12,1500000,100.0,adaptive,2026-07-04T11:37:08+01:00,4,4,106,653278,1307,63.095734,1050,120,120,0,0.0000,REHEAT,1,42,101342,1099476,364522,236,37227,112,0.0000,0.0000,0,0,0,0,0,0
n012w8-0,n012w8,0,12,1500000,100.0,adaptive,2026-07-04T11:37:08+01:00,4,1,106,666051,1304,63.095734,930,120,120,0,0.0000,REHEAT,0,42,100831,1110006,377803,237,12773,-3,0.0000,0.0000,0,0,0,0,0,0
n012w8-0,n012w8,0,12,1500000,100.0,adaptive,2026-07-04T11:37:08+01:00,4,4,106,703278,1415,63.095734,1065,120,120,0,0.0000,REHEAT,1,42,112082,1186389,384829,238,37227,111,0.0000,0.0000,0,0,0,0,0,0
n012w8-0,n012w8,0,12,1500000,100.0,adaptive,2026-07-04T11:37:08+01:00,4,1,106,716051,1411,63.095734,1420,120,120,0,0.0000,REHEAT,0,42,111558,1198249,398159,239,12773,-4,0.0000,0.0000,0,0,0,0,0,0
n012w8-0,n012w8,0,12,1500000,100.0,adaptive,2026-07-04T11:37:08+01:00,4,4,106,753278,1531,63.095734,1120,120,120,0,0.0000,REHEAT,1,42,122807,1274087,405251,240,37227,120,0.0000,0.0000,0,0,0,0,0,0
n012w8-0,n012w8,0,12,1500000,100.0,adaptive,2026-07-04T11:37:08+01:00,4,1,106,766051,1510,63.095734,1230,120,120,0,0.0000,REHEAT,0,42,122492,1286159,418225,241,12773,-21,0.0000,0.0000,0,0,0,0,0,0
n012w8-0,n012w8,0,12,1500000,100.0,adaptive,2026-07-04T11:37:08+01:00,4,4,106,803278,1637,63.095734,1225,120,120,0,0.0000,REHEAT,1,42,133667,1361573,425348,242,37227,127,0.0000,0.0000,0,0,0,0,0,0
n012w8-0,n012w8,0,12,1500000,100.0,adaptive,2026-07-04T11:37:08+01:00,4,1,106,816051,1626,63.095734,1200,120,120,0,0.0000,REHEAT,0,42,133308,1373699,438449,243,12773,-11,0.0000,0.0000,0,0,0,0,0,0
n012w8-0,n012w8,0,12,1500000,100.0,adaptive,2026-07-04T11:37:08+01:00,4,4,106,853278,1743,63.095734,1395,120,120,0,0.0000,REHEAT,1,42,144577,1448368,445555,244,37227,117,0.0000,0.0000,0,0,0,0,0,0
n012w8-0,n012w8,0,12,1500000,100.0,adaptive,2026-07-04T11:37:08+01:00,4,1,106,866051,1738,63.095734,1425,120,120,0,0.0000,REHEAT,0,42,144019,1460785,459016,245,12773,-5,0.0000,0.0000,0,0,0,0,0,0
n012w8-0,n012w8,0,12,1500000,100.0,adaptive,2026-07-04T11:37:08+01:00,4,4,106,903278,1856,63.095734,1425,120,120,0,0.0000,REHEAT,1,42,155432,1534995,465825,246,37227,118,0.0000,0.0000,0,0,0,0,0,0
n012w8-0,n012w8,0,12,1500000,100.0,adaptive,2026-07-04T11:37:08+01:00,4,1,106,916051,1843,63.095734,1230,120,120,0,0.0000,REHEAT,0,42,154855,1548611,479159,247,12773,-13,0.0000,0.0000,0,0,0,0,0,0
n012w8-0,n012w8,0,12,1500000,100.0,adaptive,2026-07-04T11:37:08+01:00,4,4,106,953278,1971,63.095734,1185,120,120,0,0.0000,REHEAT,1,42,166281,1622024,486242,248,37227,128,0.0000,0.0000,0,0,0,0,0,0
n012w8-0,n012w8,0,12,1500000,100.0,adaptive,2026-07-04T11:37:08+01:00,4,1,106,966051,1957,63.095734,1315,120,120,0,0.0000,REHEAT,0,42,165817,1635810,499362,249,12773,-14,0.0000,0.0000,0,0,0,0,0,0
n012w8-0,n012w8,0,12,1500000,100.0,adaptive,2026-07-04T11:37:08+01:00,4,4,106,1003278,2066,63.095734,1380,120,120,0,0.0000,REHEAT,1,42,177017,1709626,506506,250,37227,109,0.0000,0.0000,0,0,0,0,0,0
n012w8-0,n012w8,0,12,1500000,100.0,adaptive,2026-07-04T11:37:08+01:00,4,1,106,1016051,2065,63.095734,1470,120,120,0,0.0000,REHEAT,0,42,176691,1722368,519657,251,12773,-1,0.0000,0.0000,0,0,0,0,0,0
n012w8-0,n012w8,0,12,1500000,100.0,adaptive,2026-07-04T11:37:08+01:00,4,4,106,1053278,2170,63.095734,1065,120,120,0,0.0000,REHEAT,1,42,187787,1797518,526789,252,37227,105,0.0000,0.0000,0,0,0,0,0,0
n012w8-0,n012w8,0,12,1500000,100.0,adaptive,2026-07-04T11:37:08+01:00,4,1,106,1066051,2178,63.095734,1320,120,120,0,0.0000,REHEAT,0,42,187512,1809971,539956,253,12773,8,0.0000,0.0000,0,0,0,0,0,0
n012w8-0,n012w8,0,12,1500000,100.0,adaptive,2026-07-04T11:37:08+01:00,4,4,106,1103278,2291,63.095734,1115,120,120,0,0.0000,REHEAT,1,42,198618,1886330,547061,254,37227,113,0.0000,0.0000,0,0,0,0,0,0
n012w8-0,n012w8,0,12,1500000,100.0,adaptive,2026-07-04T11:37:08+01:00,4,1,106,1116051,2293,63.095734,1395,120,120,0,0.0000,REHEAT,0,42,198435,1897577,560085,255,12773,2,0.0000,0.0000,0,0,0,0,0,0
n012w8-0,n012w8,0,12,1500000,100.0,adaptive,2026-07-04T11:37:08+01:00,4,4,106,1153278,2391,63.095734,1545,120,120,0,0.0000,REHEAT,1,42,209453,1973504,567359,256,37227,98,0.0000,0.0000,0,0,0,0,0,0
n012w8-0,n012w8,0,12,1500000,100.0,adaptive,2026-07-04T11:37:08+01:00,4,1,106,1166051,2399,63.095734,1530,120,120,0,0.0000,REHEAT,0,42,209136,1984711,580610,257,12773,8,0.0000,0.0000,0,0,0,0,0,0
n012w8-0,n012w8,0,12,1500000,100.0,adaptive,2026-07-04T11:37:08+01:00,4,4,106,1203278,2509,63.095734,1090,120,120,0,0.0000,REHEAT,1,42,220294,2062002,587872,258,37227,110,0.0000,0.0000,0,0,0,0,0,0
n012w8-0,n012w8,0,12,1500000,100.0,adaptive,2026-07-04T11:37:08+01:00,4,1,106,1216051,2497,63.095734,1290,120,120,0,0.0000,REHEAT,0,42,219941,2072058,601038,259,12773,-12,0.0000,0.0000,0,0,0,0,0,0
n012w8-0,n012w8,0,12,1500000,100.0,adaptive,2026-07-04T11:37:08+01:00,4,4,106,1253278,2625,63.095734,1500,120,120,0,0.0000,REHEAT,1,42,231162,2149086,608075,260,37227,128,0.0000,0.0000,0,0,0,0,0,0
n012w8-0,n012w8,0,12,1500000,100.0,adaptive,2026-07-04T11:37:08+01:00,4,3,106,1261454,2734,0.000000,1020,1055,1020,35,3.3175,LOCAL_BEST,0,42,471009,2352301,50758,261,8176,109,42.8082,321.1009,0,0,0,0,0,0
n012w8-0,n012w8,0,12,1500000,100.0,adaptive,2026-07-04T11:37:08+01:00,4,1,106,1266051,2607,63.095734,1465,120,120,0,0.0000,REHEAT,0,42,230786,2160452,621424,262,4597,-127,0.0000,0.0000,0,0,0,0,0,0
n012w8-0,n012w8,0,12,1500000,100.0,adaptive,2026-07-04T11:37:08+01:00,4,4,106,1303278,2734,63.095734,1395,120,120,0,0.0000,REHEAT,1,42,241890,2236247,628653,263,37227,127,0.0000,0.0000,0,0,0,0,0,0
n012w8-0,n012w8,0,12,1500000,100.0,adaptive,2026-07-04T11:37:08+01:00,4,1,106,1316051,2722,63.095734,1125,120,120,0,0.0000,REHEAT,0,42,241606,2247577,642008,264,12773,-12,0.0000,0.0000,0,0,0,0,0,0
n012w8-0,n012w8,0,12,1500000,100.0,adaptive,2026-07-04T11:37:08+01:00,4,4,106,1353278,2836,63.095734,1225,120,120,0,0.0000,REHEAT,1,42,252724,2323972,649072,265,37227,114,0.0000,0.0000,0,0,0,0,0,0
n012w8-0,n012w8,0,12,1500000,100.0,adaptive,2026-07-04T11:37:08+01:00,4,1,106,1366051,2829,63.095734,1500,120,120,0,0.0000,REHEAT,0,42,252487,2335271,662254,266,12773,-7,0.0000,0.0000,0,0,0,0,0,0
n012w8-0,n012w8,0,12,1500000,100.0,adaptive,2026-07-04T11:37:08+01:00,4,4,106,1403278,2938,63.095734,1620,120,120,0,0.0000,REHEAT,1,42,263601,2411771,669349,267,37227,109,0.0000,0.0000,0,0,0,0,0,0
n012w8-0,n012w8,0,12,1500000,100.0,adaptive,2026-07-04T11:37:08+01:00,4,1,106,1416051,2926,63.095734,1545,120,120,0,0.0000,REHEAT,0,42,263328,2423168,682534,268,12773,-12,0.0000,0.0000,0,0,0,0,0,0
n012w8-0,n012w8,0,12,1500000,100.0,adaptive,2026-07-04T11:37:08+01:00,4,4,106,1453278,3042,63.095734,840,120,120,0,0.0000,REHEAT,1,42,274448,2498210,689452,269,37227,116,0.0000,0.0000,0,0,0,0,0,0
n012w8-0,n012w8,0,12,1500000,100.0,adaptive,2026-07-04T11:37:08+01:00,4,1,106,1466051,3006,63.095734,1320,120,120,0,0.0000,REHEAT,0,42,274264,2511169,702802,270,12773,-36,0.0000,0.0000,0,0,0,0,0,0
n012w8-0,n012w8,0,12,1500000,100.0,adaptive,2026-07-04T11:37:08+01:00,5,1,155,1,0,100.000000,4320,4485,4320,165,3.6789,GLOBAL_BEST,0,404,0,0,0,1,1,0,1650000.0000,0.0000,0,0,0,0,0,0
n012w8-0,n012w8,0,12,1500000,100.0,adaptive,2026-07-04T11:37:08+01:00,5,2,155,1,0,0.000000,4185,4485,4185,300,6.6890,GLOBAL_BEST,0,404,0,0,0,2,0,0,0.0000,0.0000,0,0,0,0,0,0
n012w8-0,n012w8,0,12,1500000,100.0,adaptive,2026-07-04T11:37:08+01:00,5,2,155,2,0,0.000000,3915,4185,3915,270,6.4516,GLOBAL_BEST,0,404,0,0,0,3,1,0,2700000.0000,0.0000,0,0,0,0,0,0
n012w8-0,n012w8,0,12,1500000,100.0,adaptive,2026-07-04T11:37:08+01:00,5,3,155,3,0,0.000000,4365,4485,4365,120,2.6756,LOCAL_BEST,0,404,1,1,0,4,1,0,1200000.0000,0.0000,0,0,0,0,0,0
n012w8-0,n012w8,0,12,1500000,100.0,adaptive,2026-07-04T11:37:08+01:00,5,1,155,3,0,99.998158,4020,4320,4020,300,6.9444,LOCAL_BEST,0,404,0,8,0,5,0,0,0.0000,0.0000,0,0,0,0,0,0
n012w8-0,n012w8,0,12,1500000,100.0,adaptive,2026-07-04T11:37:08+01:00,5,3,155,4,0,0.000000,4005,4365,4005,360,8.2474,LOCAL_BEST,0,404,1,1,0,6,1,0,3600000.0000,0.0000,0,0,0,0,0,0
n012w8-0,n012w8,0,12,1500000,100.0,adaptive,2026-07-04T11:37:08+01:00,5,3,155,5,0,0.000000,3705,4005,3705,300,7.4906,GLOBAL_BEST,0,404,1,1,0,7,1,0,3000000.0000,0.0000,0,0,0,0,0,0
n012w8-0,n012w8,0,12,1500000,100.0,adaptive,2026-07-04T11:37:08+01:00,5,1,155,5,0,99.996316,3630,4020,3630,390,9.7015,GLOBAL_BEST,0,404,0,10,0,8,0,0,0.0000,0.0000,0,0,0,0,0,0
n012w8-0,n012w8,0,12,1500000,100.0,adaptive,2026-07-04T11:37:08+01:00,5,2,155,6,0,0.000000,3900,3915,3900,15,0.3831,LOCAL_BEST,0,404,0,7,0,9,1,0,150000.0000,0.0000,0,0,0,0,0,0
n012w8-0,n012w8,0,12,1500000,100.0,adaptive,2026-07-04T11:37:08+01:00,5,3,155,6,0,0.000000,3525,3705,3525,180,4.8583,GLOBAL_BEST,0,404,1,1,0,10,0,0,0.0000,0.0000,0,0,0,0,0,0
n012w8-0,n012w8,0,12,1500000,100.0,adaptive,2026-07-04T11:37:08+01:00,5,1,155,6,0,99.995395,3450,3630,3450,180,4.9587,GLOBAL_BEST,0,404,0,10,0,11,0,0,0.0000,0.0000,0,0,0,0,0,0
n012w8-0,n012w8,0,12,1500000,100.0,adaptive,2026-07-04T11:37:08+01:00,5,1,155,7,0,99.994474,3400,3450,3400,50,1.4493,LOCAL_BEST,0,404,0,12,0,12,1,0,500000.0000,0.0000,0,0,0,0,0,0
n012w8-0,n012w8,0,12,1500000,100.0,adaptive,2026-07-04T11:37:08+01:00,5,2,155,8,0,0.000000,3840,3900,3840,60,1.5385,LOCAL_BEST,0,404,0,8,0,13,1,0,600000.0000,0.0000,0,0,0,0,0,0
n012w8-0,n012w8,0,12,1500000,100.0,adaptive,2026-07-04T11:37:08+01:00,5,3,155,8,0,0.000000,3270,3525,3270,255,7.2340,GLOBAL_BEST,0,404,1,1,0,14,0,0,0.0000,0.0000,0,0,0,0,0,0
n012w8-0,n012w8,0,12,1500000,100.0,adaptive,2026-07-04T11:37:08+01:00,5,1,155,8,0,99.993553,3130,3400,3130,270,7.9412,GLOBAL_BEST,0,404,0,13,0,15,0,0,0.0000,0.0000,0,0,0,0,0,0
n012w8-0,n012w8,0,12,1500000,100.0,adaptive,2026-07-04T11:37:08+01:00,5,5,155,8,44,0.000000,830,845,830,15,1.7751,GLOBAL_BEST,1,404,0,12,6,16,0,44,0.0000,340.9091,0,0,0,0,0,0
n012w8-0,n012w8,0,12,1500000,100.0,adaptive,2026-07-04T11:37:08+01:00,5,3,155,9,0,0.000000,3210,3270,3210,60,1.8349,LOCAL_BEST,0,404,1,11,0,17,1,-44,600000.0000,0.0000,0,0,0,0,0,0
n012w8-0,n012w8,0,12,1500000,100.0,adaptive,2026-07-04T11:37:08+01:00,5,1,155,9,0,99.992632,3100,3130,3100,30,0.9585,GLOBAL_BEST,0,404,0,16,0,18,0,0,0.0000,0.0000,0,0,0,0,0,0
n012w8-0,n012w8,0,12,1500000,100.0,adaptive,2026-07-04T11:37:08+01:00,5,2,155,10,0,0.000000,3810,3840,3810,30,0.7812,LOCAL_BEST,0,404,0,13,0,19,1,0,300000.0000,0.0000,0,0,0,0,0,0
n012w8-0,n012w8,0,12,1500000,100.0,adaptive,2026-07-04T11:37:08+01:00,5,1,155,11,0,99.990790,2980,3100,2980,120,3.8710,GLOBAL_BEST,0,404,0,18,0,20,1,0,1200000.0000,0.0000,0,0,0,0,0,0
n012w8-0,n012w8,0,12,1500000,100.0,adaptive,2026-07-04T11:37:08+01:00,5,2,155,12,0,0.000000,3450,3810,3450,360,9.4488,LOCAL_BEST,0,404,0,20,0,21,1,0,3600000.0000,0.0000,0,0,0,0,0,0
n012w8-0,n012w8,0,12,1500000,100.0,adaptive,2026-07-04T11:37:08+01:00,5,3,155,12,0,0.000000,3060,3210,3060,150,4.6729,GLOBAL_BEST,0,404,2,17,0,22,0,0,0.0000,0.0000,0,0,0,0,0,0
n012w8-0,n012w8,0,12,1500000,100.0,adaptive,2026-07-04T11:37:08+01:00,5,2,155,13,0,0.000000,3330,3450,3330,120,3.4783,LOCAL_BEST,0,404,0,20,0,23,1,0,1200000.0000,0.0000,0,0,0,0,0,0
n012w8-0,n012w8,0,12,1500000,100.0,adaptive,2026-07-04T11:37:08+01:00,5,3,155,13,0,0.000000,2865,3060,2865,195,6.3725,GLOBAL_BEST,0,404,2,20,0,24,0,0,0.0000,0.0000,0,0,0,0,0,0
n012w8-0,n012w8,0,12,1500000,100.0,adaptive,2026-07-04T11:37:08+01:00,5,2,155,15,0,0.000000,3120,3330,3120,210,6.3063,LOCAL_BEST,0,404,0,25,0,25,2,0,1050000.0000,0.0000,0,0,0,0,0,0
n012w8-0,n012w8,0,12,1500000,100.0,adaptive,2026-07-04T11:37:08+01:00,5,1,155,15,0,99.987106,2875,2980,2875,105,3.5235,LOCAL_BEST,0,404,2,26,0,26,0,0,0.0000,0.0000,0,0,0,0,0,0
n012w8-0,n012w8,0,12,1500000,100.0,adaptive,2026-07-04T11:37:08+01:00,5,2,155,16,0,0.000000,2985,3120,2985,135,4.3269,LOCAL_BEST,0,404,0,31,0,27,1,0,1350000.0000,0.0000,0,0,0,0,0,0
n012w8-0,n012w8,0,12,1500000,100.0,adaptive,2026-07-04T11:37:08+01:00,5,3,155,16,0,0.000000,2700,2865,2700,165,5.7592,GLOBAL_BEST,0,404,2,24,0,28,0,0,0.0000,0.0000,0,0,0,0,0,0
n012w8-0,n012w8,0,12,1500000,100.0,adaptive,2026-07-04T11:37:08+01:00,5,1,155,19,0,99.983423,2680,2875,2680,195,6.7826,GLOBAL_BEST,0,404,3,31,0,29,3,0,650000.0000,0.0000,0,0,0,0,0,0
n012w8-0,n012w8,0,12,1500000,100.0,adaptive,2026-07-04T11:37:08+01:00,5,1,155,20,0,99.982502,2665,2680,2665,15,0.5597,GLOBAL_BEST,0,404,3,31,0,30,1,0,150000.0000,0.0000,0,0,0,0,0,0
n012w8-0,n012w8,0,12,1500000,100.0,adaptive,2026-07-04T11:37:08+01:00,5,1,155,21,0,99.981581,2605,2665,2605,60,2.2514,GLOBAL_BEST,0,404,3,34,0,31,1,0,600000.0000,0.0000,0,0,0,0,0,0
n012w8-0,n012w8,0,12,1500000,100.0,adaptive,2026-07-04T11:37:08+01:00,5,2,155,22,0,0.000000,2880,2985,2880,105,3.5176,LOCAL_BEST,0,404,0,37,0,32,1,0,1050000.0000,0.0000,0,0,0,0,0,0
n012w8-0,n012w8,0,12,1500000,100.0,adaptive,2026-07-04T11:37:08+01:00,5,2,155,24,0,0.000000,2820,2880,2820,60,2.0833,LOCAL_BEST,0,404,0,39,0,33,2,0,300000.0000,0.0000,0,0,0,0,0,0
n012w8-0,n012w8,0,12,1500000,100.0,adaptive,2026-07-04T11:37:08+01:00,5,1,155,24,0,99.978818,2515,2605,2515,90,3.4549,LOCAL_BEST,0,404,4,42,0,34,0,0,0.0000,0.0000,0,0,0,0,0,0
n012w8-0,n012w8,0,12,1500000,100.0,adaptive,2026-07-04T11:37:08+01:00,5,2,155,25,0,0.000000,2730,2820,2730,90,3.1915,LOCAL_BEST,0,404,0,40,0,35,1,0,900000.0000,0.0000,0,0,0,0,0,0
n012w8-0,n012w8,0,12,1500000,100.0,adaptive,2026-07-04T11:37:08+01:00,5,1,155,25,0,99.977898,2485,2515,2485,30,1.1928,GLOBAL_BEST,0,404,4,43,0,36,0,0,0.0000,0.0000,0,0,0,0,0,0
n012w8-0,n012w8,0,12,1500000,100.0,adaptive,2026-07-04T11:37:08+01:00,5,2,155,26,0,0.000000,2505,2730,2505,225,8.2418,GLOBAL_BEST,0,404,0,43,0,37,1,0,2250000.0000,0.0000,0,0,0,0,0,0
n012w8-0,n012w8,0,12,1500000,100.0,adaptive,2026-07-04T11:37:08+01:00,5,1,155,26,0,99.976977,2455,2485,2455,30,1.2072,GLOBAL_BEST,0,404,4,43,0,38,0,0,0.0000,0.0000,0,0,0,0,0,0
n012w8-0,n012w8,0,12,1500000,100.0,adaptive,2026-07-04T11:37:08+01:00,5,3,155,29,0,0.000000,2685,2700,2685,15,0.5556,LOCAL_BEST,0,404,5,60,1,39,3,0,50000.0000,0.0000,0,0,0,0,0,0
n012w8-0,n012w8,0,12,1500000,100.0,adaptive,2026-07-04T11:37:08+01:00,5,1,155,30,0,99.973294,2425,2455,2425,30,1.2220,LOCAL_BEST,0,404,4,45,1,40,1,0,300000.0000,0.0000,0,0,0,0,0,0
n012w8-0,n012w8,0,12,1500000,100.0,adaptive,2026-07-04T11:37:08+01:00,5,8,155,30,85,0.000000,480,510,480,30,5.8824,GLOBAL_BEST,3,404,0,38,27,41,0,85,0.0000,352.9412,0,0,0,0,0,0
n012w8-0,n012w8,0,12,1500000,100.0,adaptive,2026-07-04T11:37:08+01:00,5,3,155,32,0,0.000000,2640,2685,2640,45,1.6760,LOCAL_BEST,0,404,6,62,1,42,2,-85,225000.0000,0.0000,0,0,0,0,0,0
n012w8-0,n012w8,0,12,1500000,100.0,adaptive,2026-07-04T11:37:08+01:00,5,1,155,32,0,99.971452,2260,2425,2260,165,6.8041,GLOBAL_BEST,0,404,5,46,1,43,0,0,0.0000,0.0000,0,0,0,0,0,0
n012w8-0,n012w8,0,12,1500000,100.0,adaptive,2026-07-04T11:37:08+01:00,5,2,155,33,0,0.000000,2340,2505,2340,165,6.5868,GLOBAL_BEST,0,404,0,53,0,44,1,0,1650000.0000,0.0000,0,0,0,0,0,0
n012w8-0,n012w8,0,12,1500000,100.0,adaptive,2026-07-04T11:37:08+01:00,5,1,155,33,0,99.970531,2215,2260,2215,45,1.9912,GLOBAL_BEST,0,404,5,48,1,45,0,0,0.0000,0.0000,0,0,0,0,0,0
n012w8-0,n012w8,0,12,1500000,100.0,adaptive,2026-07-04T11:37:08+01:00,5,5,155,33,44,0.000000,825,830,825,5,0.6024,GLOBAL_BEST,1,404,0,59,26,46,0,44,0.0000,113.6364,0,0,0,0,0,0
n012w8-0,n012w8,0,12,1500000,100.0,adaptive,2026-07-04T11:37:08+01:00,5,5,155,34,44,0.000000,810,825,810,15,1.8182,GLOBAL_BEST,1,404,0,59,26,47,1,0,150000.0000,0.0000,0,0,0,0,0,0
n012w8-0,n012w8,0,12,1500000,100.0,adaptive,2026-07-04T11:37:08+01:00,5,3,155,40,0,0.000000,2360,2640,2360,280,10.6061,LOCAL_BEST,0,404,8,74,1,48,6,-44,466666.6667,0.0000,0,0,0,0,0,0
n012w8-0,n012w8,0,12,1500000,100.0,adaptive,2026-07-04T11:37:08+01:00,5,3,155,42,0,0.000000,2180,2360,2180,180,7.6271,GLOBAL_BEST,0,404,9,74,1,49,2,0,900000.0000,0.0000,0,0,0,0,0,0
n012w8-0,n012w8,0,12,1500000,100.0,adaptive,2026-07-04T11:37:08+01:00,5,11,155,56,144,0.000000,365,370,365,5,1.3514,LOCAL_BEST,4,404,0,86,51,50,14,144,3571.4286,34.7222,0,0,0,0,0,0
n012w8-0,n012w8,0,12,1500000,100.0,adaptive,2026-07-04T11:37:08+01:00,5,1,155,60,0,99.945674,2160,2215,2160,55,2.4831,GLOBAL_BEST,0,404,13,115,8,51,4,-144,137500.0000,0.0000,0,0,0,0,0,0
n012w8-0,n012w8,0,12,1500000,100.0,adaptive,2026-07-04T11:37:08+01:00,5,1,155,61,0,99.944753,2070,2160,2070,90,4.1667,GLOBAL_BEST,0,404,13,116,8,52,1,0,900000.0000,0.0000,0,0,0,0,0,0
n012w8-0,n012w8,0,12,1500000,100.0,adaptive,2026-07-04T11:37:08+01:00,5,1,155,64,0,99.941992,2040,2070,2040,30,1.4493,GLOBAL_BEST,0,404,13,123,9,53,3,0,100000.0000,0.0000,0,0,0,0,0,0
n012w8-0,n012w8,0,12,1500000,100.0,adaptive,2026-07-04T11:37:08+01:00,5,1,155,70,0,99.936469,2010,2040,2010,30,1.4706,GLOBAL_BEST,0,404,13,135,12,54,6,0,50000.0000,0.0000,0,0,0,0,0,0
n012w8-0,n012w8,0,12,1500000,100.0,adaptive,2026-07-04T11:37:08+01:00,5,5,155,72,44,0.000000,805,810,805,5,0.6173,GLOBAL_BEST,1,404,0,103,55,55,2,44,25000.0000,113.6364,0,0,0,0,0,0
n012w8-0,n012w8,0,12,1500000,100.0,adaptive,2026-07-04T11:37:08+01:00,5,1,155,73,0,99.933708,1920,2010,1920,90,4.4776,GLOBAL_BEST,0,404,13,142,13,56,1,-44,900000.0000,0.0000,0,0,0,0,0,0
n012w8-0,n012w8,0,12,1500000,100.0,adaptive,2026-07-04T11:37:08+01:00,5,1,155,74,0,99.932787,1845,1920,1845,75,3.9062,GLOBAL_BEST,0,404,13,142,13,57,1,0,750000.0000,0.0000,0,0,0,0,0,0
n012w8-0,n012w8,0,12,1500000,100.0,adaptive,2026-07-04T11:37:08+01:00,5,1,155,79,0,99.928185,1675,1845,1675,170,9.2141,GLOBAL_BEST,0,404,15,147,14,58,5,0,340000.0000,0.0000,0,0,0,0,0,0
n012w8-0,n012w8,0,12,1500000,100.0,adaptive,2026-07-04T11:37:08+01:00,5,1,155,83,0,99.924504,1615,1675,1615,60,3.5821,GLOBAL_BEST,0,404,15,150,15,59,4,0,150000.0000,0.0000,0,0,0,0,0,0
n012w8-0,n012w8,0,12,1500000,100.0,adaptive,2026-07-04T11:37:08+01:00,5,1,155,84,0,99.923583,1570,1615,1570,45,2.7864,GLOBAL_BEST,0,404,15,151,15,60,1,0,450000.0000,0.0000,0,0,0,0,0,0
n012w8-0,n012w8,0,12,1500000,100.0,adaptive,2026-07-04T11:37:08+01:00,5,1,155,88,0,99.919902,1480,1570,1480,90,5.7325,GLOBAL_BEST,0,404,15,159,18,61,4,0,225000.0000,0.0000,0,0,0,0,0,0
n012w8-0,n012w8,0,12,1500000,100.0,adaptive,2026-07-04T11:37:08+01:00,5,2,155,90,0,0.000000,2325,2340,2325,15,0.6410,LOCAL_BEST,0,404,0,152,0,62,2,0,75000.0000,0.0000,0,0,0,0,0,0
n012w8-0,n012w8,0,12,1500000,100.0,adaptive,2026-07-04T11:37:08+01:00,5,2,155,91,0,0.000000,2220,2325,2220,105,4.5161,LOCAL_BEST,0,404,0,157,0,63,1,0,1050000.0000,0.0000,0,0,0,0,0,0
n012w8-0,n012w8,0,12,1500000,100.0,adaptive,2026-07-04T11:37:08+01:00,5,5,155,98,44,0.000000,760,805,760,45,5.5901,GLOBAL_BEST,1,404,0,147,72,64,7,44,64285.7143,1022.7273,0,0,0,0,0,0
n012w8-0,n012w8,0,12,1500000,100.0,adaptive,2026-07-04T11:37:08+01:00,5,2,155,102,0,0.000000,2095,2220,2095,125,5.6306,LOCAL_BEST,0,404,0,183,0,65,4,-44,312500.0000,0.0000,0,0,0,0,0,0
n012w8-0,n012w8,0,12,1500000,100.0,adaptive,2026-07-04T11:37:08+01:00,5,2,155,131,0,0.000000,1965,2095,1965,130,6.2053,LOCAL_BEST,0,404,0,214,0,66,29,0,44827.5862,0.0000,0,0,0,0,0,0
n012w8-0,n012w8,0,12,1500000,100.0,adaptive,2026-07-04T11:37:08+01:00,5,2,155,132,0,0.000000,1955,1965,1955,10,0.5089,LOCAL_BEST,0,404,0,216,0,67,1,0,100000.0000,0.0000,0,0,0,0,0,0
n012w8-0,n012w8,0,12,1500000,100.0,adaptive,2026-07-04T11:37:08+01:00,5,2,155,135,0,0.000000,1910,1955,1910,45,2.3018,LOCAL_BEST,0,404,0,219,0,68,3,0,150000.0000,0.0000,0,0,0,0,0,0
n012w8-0,n012w8,0,12,1500000,100.0,adaptive,2026-07-04T11:37:08+01:00,5,2,155,158,0,0.000000,1835,1910,1835,75,3.9267,LOCAL_BEST,0,404,0,284,0,69,23,0,32608.6957,0.0000,0,0,0,0,0,0
n012w8-0,n012w8,0,12,1500000,100.0,adaptive,2026-07-04T11:37:08+01:00,5,2,155,160,0,0.000000,1805,1835,1805,30,1.6349,LOCAL_BEST,0,404,0,286,0,70,2,0,150000.0000,0.0000,0,0,0,0,0,0
n012w8-0,n012w8,0,12,1500000,100.0,adaptive,2026-07-04T11:37:08+01:00,5,3,155,169,0,0.000000,2165,2180,2165,15,0.6881,LOCAL_BEST,0,404,61,296,8,71,9,0,16666.6667,0.0000,0,0,0,0,0,0
n012w8-0,n012w8,0,12,1500000,100.0,adaptive,2026-07-04T11:37:08+01:00,5,3,155,172,0,0.000000,2150,2165,2150,15,0.6928,LOCAL_BEST,0,404,61,306,9,72,3,0,50000.0000,0.0000,0,0,0,0,0,0
n012w8-0,n012w8,0,12,1500000,100.0,adaptive,2026-07-04T11:37:08+01:00,5,3,155,173,0,0.000000,2120,2150,2120,30,1.3953,LOCAL_BEST,0,404,61,307,9,73,1,0,300000.0000,0.0000,0,0,0,0,0,0
n012w8-0,n012w8,0,12,1500000,100.0,adaptive,2026-07-04T11:37:08+01:00,5,3,155,174,0,0.000000,2045,2120,2045,75,3.5377,LOCAL_BEST,0,404,61,308,9,74,1,0,750000.0000,0.0000,0,0,0,0,0,0
n012w8-0,n012w8,0,12,1500000,100.0,adaptive,2026-07-04T11:37:08+01:00,5,5,155,175,44,0.000000,745,760,745,15,1.9737,GLOBAL_BEST,1,404,0,298,139,75,1,44,150000.0000,340.9091,0,0,0,0,0,0
n012w8-0,n012w8,0,12,1500000,100.0,adaptive,2026-07-04T11:37:08+01:00,5,3,155,177,0,0.000000,2015,2045,2015,30,1.4670,LOCAL_BEST,0,404,63,310,9,76,2,-44,150000.0000,0.0000,0,0,0,0,0,0
n012w8-0,n012w8,0,12,1500000,100.0,adaptive,2026-07-04T11:37:08+01:00,5,1,155,199,0,99.817801,1440,1480,1440,40,2.7027,GLOBAL_BEST,0,404,41,412,62,77,22,0,18181.8182,0.0000,0,0,0,0,0,0
n012w8-0,n012w8,0,12,1500000,100.0,adaptive,2026-07-04T11:37:08+01:00,5,5,155,205,44,0.000000,730,745,730,15,2.0134,GLOBAL_BEST,1,404,0,342,162,78,6,44,25000.0000,340.9091,0,0,0,0,0,0
n012w8-0,n012w8,0,12,1500000,100.0,adaptive,2026-07-04T11:37:08+01:00,5,1,155,206,0,99.811366,1330,1440,1330,110,7.6389,GLOBAL_BEST,0,404,43,428,64,79,1,-44,1100000.0000,0.0000,0,0,0,0,0,0
n012w8-0,n012w8,0,12,1500000,100.0,adaptive,2026-07-04T11:37:08+01:00,5,1,155,208,0,99.809528,1300,1330,1300,30,2.2556,GLOBAL_BEST,0,404,43,433,65,80,2,0,150000.0000,0.0000,0,0,0,0,0,0
n012w8-0,n012w8,0,12,1500000,100.0,adaptive,2026-07-04T11:37:08+01:00,5,1,155,210,0,99.807689,1270,1300,1270,30,2.3077,GLOBAL_BEST,0,404,43,435,66,81,2,0,150000.0000,0.0000,0,0,0,0,0,0
n012w8-0,n012w8,0,12,1500000,100.0,adaptive,2026-07-04T11:37:08+01:00,5,5,155,210,44,0.000000,705,730,705,25,3.4247,GLOBAL_BEST,1,404,0,346,165,82,0,44,0.0000,568.1818,0,0,0,0,0,0
n012w8-0,n012w8,0,12,1500000,100.0,adaptive,2026-07-04T11:37:08+01:00,5,3,155,218,0,0.000000,1910,2015,1910,105,5.2109,LOCAL_BEST,0,404,75,391,12,83,8,-44,131250.0000,0.0000,0,0,0,0,0,0
n012w8-0,n012w8,0,12,1500000,100.0,adaptive,2026-07-04T11:37:08+01:00,5,3,155,257,0,0.000000,1885,1910,1885,25,1.3089,LOCAL_BEST,0,404,90,470,12,84,39,0,6410.2564,0.0000,0,0,0,0,0,0
n012w8-0,n012w8,0,12,1500000,100.0,adaptive,2026-07-04T11:37:08+01:00,5,3,155,259,0,0.000000,1825,1885,1825,60,3.1830,LOCAL_BEST,0,404,90,475,13,85,2,0,300000.0000,0.0000,0,0,0,0,0,0
n012w8-0,n012w8,0,12,1500000,100.0,adaptive,2026-07-04T11:37:08+01:00,5,3,155,260,0,0.000000,1705,1825,1705,120,6.5753,LOCAL_BEST,0,404,90,476,13,86,1,0,1200000.0000,0.0000,0,0,0,0,0,0
n012w8-0,n012w8,0,12,1500000,100.0,adaptive,2026-07-04T11:37:08+01:00,5,3,155,262,0,0.000000,1675,1705,1675,30,1.7595,LOCAL_BEST,0,404,90,478,13,87,2,0,150000.0000,0.0000,0,0,0,0,0,0
n012w8-0,n012w8,0,12,1500000,100.0,adaptive,2026-07-04T11:37:08+01:00,5,8,155,268,85,0.000000,450,480,450,30,6.2500,GLOBAL_BEST,3,404,0,426,239,88,6,85,50000.0000,352.9412,0,0,0,0,0,0
n012w8-0,n012w8,0,12,1500000,100.0,adaptive,2026-07-04T11:37:08+01:00,5,8,155,432,85,0.000000,440,450,440,10,2.2222,GLOBAL_BEST,3,404,0,686,394,89,164,0,609.7561,0.0000,0,0,0,0,0,0
n012w8-0,n012w8,0,12,1500000,100.0,adaptive,2026-07-04T11:37:08+01:00,5,3,155,563,1,0.000000,1650,1675,1650,25,1.4925,LOCAL_BEST,0,404,212,1031,29,90,131,-84,1908.3969,0.0000,0,0,0,0,0,0
n012w8-0,n012w8,0,12,1500000,100.0,adaptive,2026-07-04T11:37:08+01:00,5,2,155,665,1,0.000000,1785,1805,1785,20,1.1080,LOCAL_BEST,0,404,0,1209,0,91,102,0,1960.7843,0.0000,0,0,0,0,0,0
n012w8-0,n012w8,0,12,1500000,100.0,adaptive,2026-07-04T11:37:08+01:00,5,2,155,671,1,0.000000,1700,1785,1700,85,4.7619,LOCAL_BEST,0,404,0,1228,0,92,6,0,141666.6667,0.0000,0,0,0,0,0,0
n012w8-0,n012w8,0,12,1500000,100.0,adaptive,2026-07-04T11:37:08+01:00,5,2,155,675,1,0.000000,1655,1700,1655,45,2.6471,LOCAL_BEST,0,404,0,1233,0,93,4,0,112500.0000,0.0000,0,0,0,0,0,0
n012w8-0,n012w8,0,12,1500000,100.0,adaptive,2026-07-04T11:37:08+01:00,5,1,155,682,1,99.374739,1175,1270,1175,95,7.4803,GLOBAL_BEST,0,404,154,1270,220,94,7,0,135714.2857,0.0000,0,0,0,0,0,0
n012w8-0,n012w8,0,12,1500000,100.0,adaptive,2026-07-04T11:37:08+01:00,5,1,155,747,1,99.315264,1000,1175,1000,175,14.8936,GLOBAL_BEST,0,404,169,1413,239,95,65,0,26923.0769,0.0000,0,0,0,0,0,0
n012w8-0,n012w8,0,12,1500000,100.0,adaptive,2026-07-04T11:37:08+01:00,5,5,155,1555,47,0.000000,675,705,675,30,4.2553,GLOBAL_BEST,1,404,0,2619,1213,96,808,46,371.2871,652.1739,0,0,0,0,0,0
n012w8-0,n012w8,0,12,1500000,100.0,adaptive,2026-07-04T11:37:08+01:00,5,2,155,1679,2,0.000000,1645,1655,1645,10,0.6042,LOCAL_BEST,0,404,0,3073,118,97,124,-45,806.4516,0.0000,0,0,0,0,0,0
n012w8-0,n012w8,0,12,1500000,100.0,adaptive,2026-07-04T11:37:08+01:00,5,3,155,2044,4,0.000000,1575,1650,1575,75,4.5455,LOCAL_BEST,0,404,760,3809,81,98,365,2,2054.7945,37500.0000,0,0,0,0,0,0
n012w8-0,n012w8,0,12,1500000,100.0,adaptive,2026-07-04T11:37:08+01:00,5,5,155,2404,48,0.000000,640,675,640,35,5.1852,GLOBAL_BEST,1,404,0,3980,1893,99,360,44,972.2222,795.4545,0,0,0,0,0,0
n012w8-0,n012w8,0,12,1500000,100.0,adaptive,2026-07-04T11:37:08+01:00,5,2,155,2774,5,0.000000,1545,1645,1545,100,6.0790,LOCAL_BEST,0,404,0,5022,311,100,370,-43,2702.7027,0.0000,0,0,0,0,0,0
n012w8-0,n012w8,0,12,1500000,100.0,adaptive,2026-07-04T11:37:08+01:00,5,2,155,2777,5,0.000000,1490,1545,1490,55,3.5599,LOCAL_BEST,0,404,0,5024,311,101,3,0,183333.3333,0.0000,0,0,0,0,0,0
n012w8-0,n012w8,0,12,1500000,100.0,adaptive,2026-07-04T11:37:08+01:00,5,2,155,2778,5,0.000000,1480,1490,1480,10,0.6711,LOCAL_BEST,0,404,0,5024,311,102,1,0,100000.0000,0.0000,0,0,0,0,0,0
n012w8-0,n012w8,0,12,1500000,100.0,adaptive,2026-07-04T11:37:08+01:00,5,3,155,3351,6,0.000000,1500,1575,1500,75,4.7619,LOCAL_BEST,0,404,1263,6093,128,103,573,1,1308.9005,75000.0000,0,0,0,0,0,0
n012w8-0,n012w8,0,12,1500000,100.0,adaptive,2026-07-04T11:37:08+01:00,5,3,155,3352,6,0.000000,1320,1500,1320,180,12.0000,LOCAL_BEST,0,404,1263,6104,128,104,1,0,1800000.0000,0.0000,0,0,0,0,0,0
n012w8-0,n012w8,0,12,1500000,100.0,adaptive,2026-07-04T11:37:08+01:00,5,3,155,3358,6,0.000000,1285,1320,1285,35,2.6515,LOCAL_BEST,0,404,1267,6111,128,105,6,0,58333.3333,0.0000,0,0,0,0,0,0
n012w8-0,n012w8,0,12,1500000,100.0,adaptive,2026-07-04T11:37:08+01:00,5,3,155,3359,6,0.000000,1270,1285,1270,15,1.1673,LOCAL_BEST,0,404,1267,6112,128,106,1,0,150000.0000,0.0000,0,0,0,0,0,0
n012w8-0,n012w8,0,12,1500000,100.0,adaptive,2026-07-04T11:37:08+01:00,5,2,155,3806,7,0.000000,1425,1480,1425,55,3.7162,LOCAL_BEST,0,404,0,6829,534,107,447,1,1230.4251,55000.0000,0,0,0,0,0,0
n012w8-0,n012w8,0,12,1500000,100.0,adaptive,2026-07-04T11:37:08+01:00,5,2,155,3869,7,0.000000,1400,1425,1400,25,1.7544,LOCAL_BEST,0,404,0,6937,566,108,63,0,3968.2540,0.0000,0,0,0,0,0,0
n012w8-0,n012w8,0,12,1500000,100.0,adaptive,2026-07-04T11:37:08+01:00,5,5,155,4026,51,0.000000,625,640,625,15,2.3438,GLOBAL_BEST,1,404,0,6461,3114,109,157,44,955.4140,340.9091,0,0,0,0,0,0
n012w8-0,n012w8,0,12,1500000,100.0,adaptive,2026-07-04T11:37:08+01:00,5,2,155,4454,8,0.000000,1355,1400,1355,45,3.2143,LOCAL_BEST,0,404,0,7878,732,110,428,-43,1051.4019,0.0000,0,0,0,0,0,0
n012w8-0,n012w8,0,12,1500000,100.0,adaptive,2026-07-04T11:37:08+01:00,5,2,155,4610,8,0.000000,1340,1355,1340,15,1.1070,LOCAL_BEST,0,404,0,8177,759,111,156,0,961.5385,0.0000,0,0,0,0,0,0
n012w8-0,n012w8,0,12,1500000,100.0,adaptive,2026-07-04T11:37:08+01:00,5,2,155,4612,8,0.000000,1280,1340,1280,60,4.4776,LOCAL_BEST,0,404,0,8178,759,112,2,0,300000.0000,0.0000,0,0,0,0,0,0
n012w8-0,n012w8,0,12,1500000,100.0,adaptive,2026-07-04T11:37:08+01:00,5,8,155,4938,93,0.000000,435,440,435,5,1.1364,GLOBAL_BEST,3,404,0,7758,4542,113,326,85,153.3742,58.8235,0,0,0,0,0,0
n012w8-0,n012w8,0,12,1500000,100.0,adaptive,2026-07-04T11:37:08+01:00,5,2,155,6636,12,0.000000,1255,1280,1255,25,1.9531,LOCAL_BEST,0,404,0,11643,1472,114,1698,-81,147.2320,0.0000,0,0,0,0,0,0
n012w8-0,n012w8,0,12,1500000,100.0,adaptive,2026-07-04T11:37:08+01:00,5,2,155,6637,12,0.000000,1235,1255,1235,20,1.5936,LOCAL_BEST,0,404,0,11643,1472,115,1,0,200000.0000,0.0000,0,0,0,0,0,0
n012w8-0,n012w8,0,12,1500000,100.0,adaptive,2026-07-04T11:37:08+01:00,5,2,155,6777,12,0.000000,1230,1235,1230,5,0.4049,LOCAL_BEST,0,404,0,11873,1530,116,140,0,357.1429,0.0000,0,0,0,0,0,0
n012w8-0,n012w8,0,12,1500000,100.0,adaptive,2026-07-04T11:37:08+01:00,5,2,155,6779,12,0.000000,1185,1230,1185,45,3.6585,LOCAL_BEST,0,404,0,11876,1530,117,2,0,225000.0000,0.0000,0,0,0,0,0,0
n012w8-0,n012w8,0,12,1500000,100.0,adaptive,2026-07-04T11:37:08+01:00,5,2,155,6780,12,0.000000,1065,1185,1065,120,10.1266,LOCAL_BEST,0,404,0,11879,1530,118,1,0,1200000.0000,0.0000,0,0,0,0,0,0
n012w8-0,n012w8,0,12,1500000,100.0,adaptive,2026-07-04T11:37:08+01:00,5,8,155,6829,95,0.000000,430,435,430,5,1.1494,GLOBAL_BEST,3,404,0,10463,6234,119,49,83,1020.4082,60.2410,0,0,0,0,0,0
n012w8-0,n012w8,0,12,1500000,100.0,adaptive,2026-07-04T11:37:08+01:00,5,5,155,6969,55,0.000000,600,625,600,25,4.0000,GLOBAL_BEST,1,404,0,11091,5485,120,140,-40,1785.7143,0.0000,0,0,0,0,0,0
n012w8-0,n012w8,0,12,1500000,100.0,adaptive,2026-07-04T11:37:08+01:00,5,8,155,7432,97,0.000000,420,430,420,10,2.3256,GLOBAL_BEST,3,404,0,11332,6806,121,463,42,215.9827,238.0952,0,0,0,0,0,0
n012w8-0,n012w8,0,12,1500000,100.0,adaptive,2026-07-04T11:37:08+01:00,5,8,155,9419,99,0.000000,415,420,415,5,1.1905,GLOBAL_BEST,3,404,0,14525,8623,122,1987,2,25.1636,2500.0000,0,0,0,0,0,0
n012w8-0,n012w8,0,12,1500000,100.0,adaptive,2026-07-04T11:37:08+01:00,5,5,155,9791,59,0.000000,560,600,560,40,6.6667,GLOBAL_BEST,1,404,0,15466,7774,123,372,-40,1075.2688,0.0000,0,0,0,0,0,0
n012w8-0,n012w8,0,12,1500000,100.0,adaptive,2026-07-04T11:37:08+01:00,5,5,155,9815,59,0.000000,550,560,550,10,1.7857,GLOBAL_BEST,1,404,0,15499,7789,124,24,0,4166.6667,0.0000,0,0,0,0,0,0
n012w8-0,n012w8,0,12,1500000,100.0,adaptive,2026-07-04T11:37:08+01:00,5,8,155,10449,101,0.000000,400,415,400,15,3.6145,GLOBAL_BEST,3,404,0,16140,9554,125,634,42,236.5931,357.1429,0,0,0,0,0,0
n012w8-0,n012w8,0,12,1500000,100.0,adaptive,2026-07-04T11:37:08+01:00,5,8,155,10451,101,0.000000,395,400,395,5,1.2500,GLOBAL_BEST,3,404,0,16140,9555,126,2,0,25000.0000,0.0000,0,0,0,0,0,0
n012w8-0,n012w8,0,12,1500000,100.0,adaptive,2026-07-04T11:37:08+01:00,5,1,155,13462,23,88.339716,995,1000,995,5,0.5000,GLOBAL_BEST,0,404,3274,23555,4823,127,3011,-78,16.6058,0.0000,0,0,0,0,0,0
n012w8-0,n012w8,0,12,1500000,100.0,adaptive,2026-07-04T11:37:08+01:00,5,2,155,15246,27,0.000000,1060,1065,1060,5,0.4695,LOCAL_BEST,0,404,0,26034,5530,128,1784,4,28.0269,1250.0000,0,0,0,0,0,0
n012w8-0,n012w8,0,12,1500000,100.0,adaptive,2026-07-04T11:37:08+01:00,5,2,155,15247,27,0.000000,1030,1060,1030,30,2.8302,LOCAL_BEST,0,404,0,26036,5530,129,1,0,300000.0000,0.0000,0,0,0,0,0,0
n012w8-0,n012w8,0,12,1500000,100.0,adaptive,2026-07-04T11:37:08+01:00,5,2,155,15248,27,0.000000,1000,1030,1000,30,2.9126,LOCAL_BEST,0,404,0,26036,5530,130,1,0,300000.0000,0.0000,0,0,0,0,0,0
n012w8-0,n012w8,0,12,1500000,100.0,adaptive,2026-07-04T11:37:08+01:00,5,2,155,15249,27,0.000000,940,1000,940,60,6.0000,GLOBAL_BEST,0,404,0,26036,5530,131,1,0,600000.0000,0.0000,0,0,0,0,0,0
n012w8-0,n012w8,0,12,1500000,100.0,adaptive,2026-07-04T11:37:08+01:00,5,1,155,15930,27,86.354306,980,995,980,15,1.5075,LOCAL_BEST,0,404,3839,27799,5803,132,681,0,220.2643,0.0000,0,0,0,0,0,0
n012w8-0,n012w8,0,12,1500000,100.0,adaptive,2026-07-04T11:37:08+01:00,5,1,155,15931,27,86.353511,970,980,970,10,1.0204,LOCAL_BEST,0,404,3839,27800,5803,133,1,0,100000.0000,0.0000,0,0,0,0,0,0
n012w8-0,n012w8,0,12,1500000,100.0,adaptive,2026-07-04T11:37:08+01:00,5,1,155,15932,27,86.352716,955,970,955,15,1.5464,LOCAL_BEST,0,404,3839,27801,5803,134,1,0,150000.0000,0.0000,0,0,0,0,0,0
n012w8-0,n012w8,0,12,1500000,100.0,adaptive,2026-07-04T11:37:08+01:00,5,8,155,16406,110,0.000000,390,395,390,5,1.2658,GLOBAL_BEST,3,404,0,25417,15014,135,474,83,105.4852,60.2410,0,0,0,0,0,0
n012w8-0,n012w8,0,12,1500000,100.0,adaptive,2026-07-04T11:37:08+01:00,5,5,155,16554,69,0.000000,535,550,535,15,2.7273,GLOBAL_BEST,1,404,0,26493,13533,136,148,-41,1013.5135,0.0000,0,0,0,0,0,0
n012w8-0,n012w8,0,12,1500000,100.0,adaptive,2026-07-04T11:37:08+01:00,5,8,155,16797,110,0.000000,375,390,375,15,3.8462,GLOBAL_BEST,3,404,0,26041,15361,137,243,41,617.2840,365.8537,0,0,0,0,0,0
n012w8-0,n012w8,0,12,1500000,100.0,adaptive,2026-07-04T11:37:08+01:00,5,1,155,17944,30,84.767232,865,955,865,90,9.4241,GLOBAL_BEST,0,404,4300,31299,6578,138,1147,-80,784.6556,0.0000,0,0,0,0,0,0
n012w8-0,n012w8,0,12,1500000,100.0,adaptive,2026-07-04T11:37:08+01:00,5,2,155,19264,33,0.000000,920,940,920,20,2.1277,LOCAL_BEST,0,404,0,32577,7864,139,1320,3,151.5152,6666.6667,0,0,0,0,0,0
n012w8-0,n012w8,0,12,1500000,100.0,adaptive,2026-07-04T11:37:08+01:00,5,2,155,19266,33,0.000000,905,920,905,15,1.6304,LOCAL_BEST,0,404,0,32578,7865,140,2,0,75000.0000,0.0000,0,0,0,0,0,0
n012w8-0,n012w8,0,12,1500000,100.0,adaptive,2026-07-04T11:37:08+01:00,5,5,155,22006,77,0.000000,515,535,515,20,3.7383,GLOBAL_BEST,1,404,0,34831,18144,141,2740,44,72.9927,454.5455,0,0,0,0,0,0
n012w8-0,n012w8,0,12,1500000,100.0,adaptive,2026-07-04T11:37:08+01:00,5,2,155,23323,39,0.000000,900,905,900,5,0.5525,LOCAL_BEST,0,404,0,39335,10367,142,1317,-38,37.9651,0.0000,0,0,0,0,0,0
n012w8-0,n012w8,0,12,1500000,100.0,adaptive,2026-07-04T11:37:08+01:00,5,2,155,26366,44,0.000000,885,900,885,15,1.6667,LOCAL_BEST,0,404,0,44157,12394,143,3043,5,49.2935,3000.0000,0,0,0,0,0,0
n012w8-0,n012w8,0,12,1500000,100.0,adaptive,2026-07-04T11:37:08+01:00,5,2,155,26367,44,0.000000,845,885,845,40,4.5198,GLOBAL_BEST,0,404,0,44158,12394,144,1,0,400000.0000,0.0000,0,0,0,0,0,0
n012w8-0,n012w8,0,12,1500000,100.0,adaptive,2026-07-04T11:37:08+01:00,5,5,155,27326,85,0.000000,510,515,510,5,0.9709,GLOBAL_BEST,1,404,0,43371,22775,145,959,41,52.1376,121.9512,0,0,0,0,0,0
n012w8-0,n012w8,0,12,1500000,100.0,adaptive,2026-07-04T11:37:08+01:00,5,5,155,28312,85,0.000000,485,510,485,25,4.9020,LOCAL_BEST,1,404,0,44786,23630,146,986,0,253.5497,0.0000,0,0,0,0,0,0
n012w8-0,n012w8,0,12,1500000,100.0,adaptive,2026-07-04T11:37:08+01:00,5,5,155,29536,88,0.000000,475,485,475,10,2.0619,LOCAL_BEST,1,404,0,46726,24686,147,1224,3,81.6993,3333.3333,0,0,0,0,0,0
n012w8-0,n012w8,0,12,1500000,100.0,adaptive,2026-07-04T11:37:08+01:00,5,2,155,30543,51,0.000000,820,845,820,25,2.9586,LOCAL_BEST,0,404,0,51123,15217,148,1007,-37,248.2622,0.0000,0,0,0,0,0,0
n012w8-0,n012w8,0,12,1500000,100.0,adaptive,2026-07-04T11:37:08+01:00,5,2,155,31430,53,0.000000,815,820,815,5,0.6098,LOCAL_BEST,0,404,0,52452,15847,149,887,2,56.3698,2500.0000,0,0,0,0,0,0
n012w8-0,n012w8,0,12,1500000,100.0,adaptive,2026-07-04T11:37:08+01:00,5,2,155,33442,56,0.000000,770,815,770,45,5.5215,LOCAL_BEST,0,404,0,55673,17238,150,2012,3,223.6581,15000.0000,0,0,0,0,0,0
n012w8-0,n012w8,0,12,1500000,100.0,adaptive,2026-07-04T11:37:08+01:00,5,2,155,37607,61,0.000000,760,770,760,10,1.2987,LOCAL_BEST,0,404,0,62070,20334,151,4165,5,24.0096,2000.0000,0,0,0,0,0,0
n012w8-0,n012w8,0,12,1500000,100.0,adaptive,2026-07-04T11:37:08+01:00,5,8,155,38903,144,0.000000,370,375,370,5,1.3333,GLOBAL_BEST,3,404,0,61017,36104,152,1296,83,38.5802,60.2410,0,0,0,0,0,0
n012w8-0,n012w8,0,12,1500000,100.0,adaptive,2026-07-04T11:37:08+01:00,5,8,155,38923,144,0.000000,365,370,365,5,1.3514,GLOBAL_BEST,3,404,0,61055,36123,153,20,0,2500.0000,0.0000,0,0,0,0,0,0
n012w8-0,n012w8,0,12,1500000,100.0,adaptive,2026-07-04T11:37:08+01:00,5,2,155,39267,64,0.000000,745,760,745,15,1.9737,LOCAL_BEST,0,404,0,64624,21548,154,344,-80,436.0465,0.0000,0,0,0,0,0,0
n012w8-0,n012w8,0,12,1500000,100.0,adaptive,2026-07-04T11:37:08+01:00,5,2,155,39310,64,0.000000,695,745,695,50,6.7114,LOCAL_BEST,0,404,0,64692,21579,155,43,0,11627.9070,0.0000,0,0,0,0,0,0
n012w8-0,n012w8,0,12,1500000,100.0,adaptive,2026-07-04T11:37:08+01:00,5,2,155,42372,69,0.000000,690,695,690,5,0.7194,LOCAL_BEST,0,404,0,69330,23958,156,3062,5,16.3292,1000.0000,0,0,0,0,0,0
n012w8-0,n012w8,0,12,1500000,100.0,adaptive,2026-07-04T11:37:08+01:00,5,8,155,44465,153,0.000000,350,365,350,15,4.1096,GLOBAL_BEST,3,404,0,69875,41425,157,2093,84,71.6675,178.5714,0,0,0,0,0,0
n012w8-0,n012w8,0,12,1500000,100.0,adaptive,2026-07-04T11:37:08+01:00,5,2,155,45425,74,0.000000,665,690,665,25,3.6232,LOCAL_BEST,0,404,0,74330,26305,158,960,-79,260.4167,0.0000,0,0,0,0,0,0
n012w8-0,n012w8,0,12,1500000,100.0,adaptive,2026-07-04T11:37:08+01:00,5,5,155,47009,115,0.000000,465,475,465,10,2.1053,LOCAL_BEST,1,404,0,72927,40431,159,1584,41,63.1313,243.9024,0,0,0,0,0,0
n012w8-0,n012w8,0,12,1500000,100.0,adaptive,2026-07-04T11:37:08+01:00,5,4,155,48049,141,64.240365,830,845,830,15,1.7751,LOCAL_BEST,1,404,10670,81795,19607,160,1040,26,144.2308,576.9231,0,0,0,0,0,0
n012w8-0,n012w8,0,12,1500000,100.0,adaptive,2026-07-04T11:37:08+01:00,5,2,155,48642,78,0.000000,655,665,655,10,1.5038,LOCAL_BEST,0,404,0,79441,28854,161,593,-63,168.6341,0.0000,0,0,0,0,0,0
n012w8-0,n012w8,0,12,1500000,100.0,adaptive,2026-07-04T11:37:08+01:00,5,5,155,49991,120,0.000000,455,465,455,10,2.1505,LOCAL_BEST,1,404,0,77650,43161,162,1349,42,74.1290,238.0952,0,0,0,0,0,0
n012w8-0,n012w8,0,12,1500000,100.0,adaptive,2026-07-04T11:37:08+01:00,5,2,155,51308,82,0.000000,650,655,650,5,0.7634,LOCAL_BEST,0,404,0,83659,31047,163,1317,-38,37.9651,0.0000,0,0,0,0,0,0
n012w8-0,n012w8,0,12,1500000,100.0,adaptive,2026-07-04T11:37:08+01:00,5,2,155,51374,82,0.000000,620,650,620,30,4.6154,LOCAL_BEST,0,404,0,83759,31094,164,66,0,4545.4545,0.0000,0,0,0,0,0,0
n012w8-0,n012w8,0,12,1500000,100.0,adaptive,2026-07-04T11:37:08+01:00,5,8,155,53099,166,0.000000,345,350,345,5,1.4286,GLOBAL_BEST,3,404,0,82892,49718,165,1725,84,28.9855,59.5238,0,0,0,0,0,0
n012w8-0,n012w8,0,12,1500000,100.0,adaptive,2026-07-04T11:37:08+01:00,5,4,155,54592,157,60.483373,825,830,825,5,0.6024,LOCAL_BEST,1,404,11850,92681,22867,166,1493,-9,33.4896,0.0000,0,0,0,0,0,0
n012w8-0,n012w8,0,12,1500000,100.0,adaptive,2026-07-04T11:37:08+01:00,5,2,155,56686,90,0.000000,570,620,570,50,8.0645,LOCAL_BEST,0,404,0,92171,35377,167,2094,-67,238.7775,0.0000,0,0,0,0,0,0
n012w8-0,n012w8,0,12,1500000,100.0,adaptive,2026-07-04T11:37:08+01:00,5,4,155,63673,175,55.630377,820,825,820,5,0.6061,LOCAL_BEST,1,404,13449,108184,27558,168,6987,85,7.1561,58.8235,0,0,0,0,0,0
n012w8-0,n012w8,0,12,1500000,100.0,adaptive,2026-07-04T11:37:08+01:00,5,4,155,63679,175,55.627302,805,820,805,15,1.8293,LOCAL_BEST,1,404,13449,108188,27563,169,6,0,25000.0000,0.0000,0,0,0,0,0,0
n012w8-0,n012w8,0,12,1500000,100.0,adaptive,2026-07-04T11:37:08+01:00,5,1,155,66688,110,54.106819,840,865,840,25,2.8902,LOCAL_BEST,0,404,13897,114042,29083,170,3009,-65,83.0841,0.0000,0,0,0,0,0,0
n012w8-0,n012w8,0,12,1500000,100.0,adaptive,2026-07-04T11:37:08+01:00,5,1,155,66692,110,54.104825,795,840,795,45,5.3571,LOCAL_BEST,0,404,13897,114048,29086,171,4,0,112500.0000,0.0000,0,0,0,0,0,0
n012w8-0,n012w8,0,12,1500000,100.0,adaptive,2026-07-04T11:37:08+01:00,5,2,155,69700,109,0.000000,560,570,560,10,1.7544,LOCAL_BEST,0,404,0,112325,46291,172,3008,-1,33.2447,0.0000,0,0,0,0,0,0
n012w8-0,n012w8,0,12,1500000,100.0,adaptive,2026-07-04T11:37:08+01:00,5,2,155,72823,114,0.000000,545,560,545,15,2.6786,LOCAL_BEST,0,404,0,117291,48953,173,3123,5,48.0307,3000.0000,0,0,0,0,0,0
n012w8-0,n012w8,0,12,1500000,100.0,adaptive,2026-07-04T11:37:08+01:00,5,4,155,73559,194,50.788806,800,805,800,5,0.6211,LOCAL_BEST,1,404,15008,124291,33056,174,736,80,67.9348,62.5000,0,0,0,0,0,0
n012w8-0,n012w8,0,12,1500000,100.0,adaptive,2026-07-04T11:37:08+01:00,5,4,155,73565,194,50.785999,755,800,755,45,5.6250,LOCAL_BEST,1,404,15009,124300,33059,175,6,0,75000.0000,0.0000,0,0,0,0,0,0
n012w8-0,n012w8,0,12,1500000,100.0,adaptive,2026-07-04T11:37:08+01:00,5,1,155,75981,125,49.668381,780,795,780,15,1.8868,LOCAL_BEST,0,404,15311,129812,34369,176,2416,-69,62.0861,0.0000,0,0,0,0,0,0
n012w8-0,n012w8,0,12,1500000,100.0,adaptive,2026-07-04T11:37:08+01:00,5,1,155,76113,125,49.608032,765,780,765,15,1.9231,LOCAL_BEST,0,404,15324,130013,34460,177,132,0,1136.3636,0.0000,0,0,0,0,0,0
n012w8-0,n012w8,0,12,1500000,100.0,adaptive,2026-07-04T11:37:08+01:00,5,2,155,76615,120,0.000000,510,545,510,35,6.4220,LOCAL_BEST,0,404,0,123258,52226,178,502,-5,697.2112,0.0000,0,0,0,0,0,0
n012w8-0,n012w8,0,12,1500000,100.0,adaptive,2026-07-04T11:37:08+01:00,5,2,155,78035,122,0.000000,495,510,495,15,2.9412,LOCAL_BEST,0,404,0,125535,53477,179,1420,2,105.6338,7500.0000,0,0,0,0,0,0
n012w8-0,n012w8,0,12,1500000,100.0,adaptive,2026-07-04T11:37:08+01:00,5,4,155,82136,213,46.931021,730,755,730,25,3.3113,LOCAL_BEST,1,404,16312,138754,38037,180,4101,91,60.9607,274.7253,0,0,0,0,0,0
n012w8-0,n012w8,0,12,1500000,100.0,adaptive,2026-07-04T11:37:08+01:00,5,4,155,82141,213,46.928860,715,730,715,15,2.0548,LOCAL_BEST,1,404,16312,138762,38039,181,5,0,30000.0000,0.0000,0,0,0,0,0,0
n012w8-0,n012w8,0,12,1500000,100.0,adaptive,2026-07-04T11:37:08+01:00,5,1,155,84297,139,46.006162,730,765,730,35,4.5752,LOCAL_BEST,0,404,16504,143167,39263,182,2156,-74,162.3377,0.0000,0,0,0,0,0,0
n012w8-0,n012w8,0,12,1500000,100.0,adaptive,2026-07-04T11:37:08+01:00,5,1,155,84303,139,46.003619,700,730,700,30,4.1096,LOCAL_BEST,0,404,16504,143179,39267,183,6,0,50000.0000,0.0000,0,0,0,0,0,0
n012w8-0,n012w8,0,12,1500000,100.0,adaptive,2026-07-04T11:37:08+01:00,5,2,155,90302,143,0.000000,490,495,490,5,1.0101,LOCAL_BEST,0,404,0,144256,64328,184,5999,4,8.3347,1250.0000,0,0,0,0,0,0
n012w8-0,n012w8,0,12,1500000,100.0,adaptive,2026-07-04T11:37:08+01:00,5,4,155,92407,240,42.694900,690,715,690,25,3.4965,LOCAL_BEST,1,404,17696,155692,44273,185,2105,97,118.7648,257.7320,0,0,0,0,0,0
n012w8-0,n012w8,0,12,1500000,100.0,adaptive,2026-07-04T11:37:08+01:00,5,2,155,97028,158,0.000000,475,490,475,15,3.0612,LOCAL_BEST,0,404,0,154495,70329,186,4621,-82,32.4605,0.0000,0,0,0,0,0,0
n012w8-0,n012w8,0,12,1500000,100.0,adaptive,2026-07-04T11:37:08+01:00,5,2,155,99047,163,0.000000,440,475,440,35,7.3684,LOCAL_BEST,0,404,0,157577,72065,187,2019,5,173.3531,7000.0000,0,0,0,0,0,0
n012w8-0,n012w8,0,12,1500000,100.0,adaptive,2026-07-04T11:37:08+01:00,5,2,155,103030,170,0.000000,425,440,425,15,3.4091,LOCAL_BEST,0,404,0,163649,75612,188,3983,7,37.6601,2142.8571,0,0,0,0,0,0
n012w8-0,n012w8,0,12,1500000,100.0,adaptive,2026-07-04T11:37:08+01:00,5,1,155,105642,175,37.795144,660,700,660,40,5.7143,LOCAL_BEST,0,404,19218,178618,52729,189,2612,5,153.1394,8000.0000,0,0,0,0,0,0
n012w8-0,n012w8,0,12,1500000,100.0,adaptive,2026-07-04T11:37:08+01:00,5,1,155,105934,176,37.693633,655,660,655,5,0.7576,LOCAL_BEST,0,404,19243,179060,52945,190,292,1,171.2329,5000.0000,0,0,0,0,0,0
n012w8-0,n012w8,0,12,1500000,100.0,adaptive,2026-07-04T11:37:08+01:00,5,1,155,105937,176,37.692592,625,655,625,30,4.5802,LOCAL_BEST,0,404,19243,179063,52947,191,3,0,100000.0000,0.0000,0,0,0,0,0,0
n012w8-0,n012w8,0,12,1500000,100.0,adaptive,2026-07-04T11:37:08+01:00,5,1,155,105973,176,37.680096,610,625,610,15,2.4000,LOCAL_BEST,0,404,19244,179134,52978,192,36,0,4166.6667,0.0000,0,0,0,0,0,0
n012w8-0,n012w8,0,12,1500000,100.0,adaptive,2026-07-04T11:37:08+01:00,5,2,155,108548,180,0.000000,395,425,395,30,7.0588,LOCAL_BEST,0,404,0,171872,80535,193,2575,4,116.5049,7500.0000,0,0,0,0,0,0
n012w8-0,n012w8,0,12,1500000,100.0,adaptive,2026-07-04T11:37:08+01:00,5,4,155,111314,282,35.871373,670,690,670,20,2.8986,LOCAL_BEST,1,404,19863,186398,56792,194,2766,102,72.3066,196.0784,0,0,0,0,0,0
n012w8-0,n012w8,0,12,1500000,100.0,adaptive,2026-07-04T11:37:08+01:00,5,4,155,111398,282,35.843631,655,670,655,15,2.2388,LOCAL_BEST,1,404,19868,186522,56864,195,84,0,1785.7143,0.0000,0,0,0,0,0,0
n012w8-0,n012w8,0,12,1500000,100.0,adaptive,2026-07-04T11:37:08+01:00,5,4,155,116940,297,34.059950,645,655,645,10,1.5267,LOCAL_BEST,1,404,20438,195516,60686,196,5542,15,18.0440,666.6667,0,0,0,0,0,0
n012w8-0,n012w8,0,12,1500000,100.0,adaptive,2026-07-04T11:37:08+01:00,5,4,155,116943,297,34.059008,600,645,600,45,6.9767,LOCAL_BEST,1,404,20438,195519,60687,197,3,0,150000.0000,0.0000,0,0,0,0,0,0
n012w8-0,n012w8,0,12,1500000,100.0,adaptive,2026-07-04T11:37:08+01:00,5,4,155,116978,297,34.048031,570,600,570,30,5.0000,LOCAL_BEST,1,404,20438,195556,60719,198,35,0,8571.4286,0.0000,0,0,0,0,0,0
n012w8-0,n012w8,0,12,1500000,100.0,adaptive,2026-07-04T11:37:08+01:00,5,4,155,116979,297,34.047717,555,570,555,15,2.6316,LOCAL_BEST,1,404,20438,195558,60719,199,1,0,150000.0000,0.0000,0,0,0,0,0,0
n012w8-0,n012w8,0,12,1500000,100.0,adaptive,2026-07-04T11:37:08+01:00,5,4,155,118175,299,33.674721,550,555,550,5,0.9009,LOCAL_BEST,1,404,20526,197386,61657,200,1196,2,41.8060,2500.0000,0,0,0,0,0,0
n012w8-0,n012w8,0,12,1500000,100.0,adaptive,2026-07-04T11:37:08+01:00,5,4,155,118198,299,33.667588,540,550,540,10,1.8182,LOCAL_BEST,1,404,20526,197448,61675,201,23,0,4347.8261,0.0000,0,0,0,0,0,0
n012w8-0,n012w8,0,12,1500000,100.0,adaptive,2026-07-04T11:37:08+01:00,5,4,155,118221,299,33.660456,465,540,465,75,13.8889,LOCAL_BEST,1,404,20527,197482,61694,202,23,0,32608.6957,0.0000,0,0,0,0,0,0
n012w8-0,n012w8,0,12,1500000,100.0,adaptive,2026-07-04T11:37:08+01:00,5,4,155,118321,300,33.629468,450,465,450,15,3.2258,LOCAL_BEST,1,404,20531,197639,61780,203,100,1,1500.0000,15000.0000,0,0,0,0,0,0
n012w8-0,n012w8,0,12,1500000,100.0,adaptive,2026-07-04T11:37:08+01:00,5,2,155,120884,208,0.000000,365,395,365,30,7.5949,LOCAL_BEST,0,404,0,189817,91751,204,2563,-92,117.0503,0.0000,0,0,0,0,0,0
n012w8-0,n012w8,0,12,1500000,100.0,adaptive,2026-07-04T11:37:08+01:00,5,2,155,146240,258,0.000000,360,365,360,5,1.3699,LOCAL_BEST,0,404,0,225156,115104,205,25356,50,1.9719,100.0000,0,0,0,0,0,0
n012w8-0,n012w8,0,12,1500000,100.0,adaptive,2026-07-04T11:37:08+01:00,5,1,155,146353,254,25.977180,580,610,580,30,4.9180,LOCAL_BEST,0,404,22863,244869,82065,206,113,-4,2654.8673,0.0000,0,0,0,0,0,0
n012w8-0,n012w8,0,12,1500000,100.0,adaptive,2026-07-04T11:37:08+01:00,5,1,155,150684,263,24.961346,535,580,535,45,7.7586,LOCAL_BEST,0,404,23110,251683,85565,207,4331,9,103.9021,5000.0000,0,0,0,0,0,0
n012w8-0,n012w8,0,12,1500000,100.0,adaptive,2026-07-04T11:37:08+01:00,5,1,155,151130,264,24.859020,520,535,520,15,2.8037,LOCAL_BEST,0,404,23133,252346,85925,208,446,1,336.3229,15000.0000,0,0,0,0,0,0
n012w8-0,n012w8,0,12,1500000,100.0,adaptive,2026-07-04T11:37:08+01:00,5,1,155,161547,284,22.584787,490,520,490,30,5.7692,LOCAL_BEST,0,404,23719,268995,94331,209,10417,20,28.7991,1500.0000,0,0,0,0,0,0
n012w8-0,n012w8,0,12,1500000,100.0,adaptive,2026-07-04T11:37:08+01:00,5,7,155,170322,440,20.831282,500,510,500,10,1.9608,LOCAL_BEST,2,404,24098,279902,101471,210,8775,156,11.3960,64.1026,0,0,0,0,0,0
n012w8-0,n012w8,0,12,1500000,100.0,adaptive,2026-07-04T11:37:08+01:00,5,7,155,170339,440,20.828021,485,500,485,15,3.0000,LOCAL_BEST,2,404,24098,279916,101487,211,17,0,8823.5294,0.0000,0,0,0,0,0,0
n012w8-0,n012w8,0,12,1500000,100.0,adaptive,2026-07-04T11:37:08+01:00,5,1,155,174997,310,19.953358,480,490,480,10,2.0408,LOCAL_BEST,0,404,24409,290367,105365,212,4658,-130,21.4684,0.0000,0,0,0,0,0,0
n012w8-0,n012w8,0,12,1500000,100.0,adaptive,2026-07-04T11:37:08+01:00,5,1,155,175003,310,19.952256,440,480,440,40,8.3333,LOCAL_BEST,0,404,24409,290380,105370,213,6,0,66666.6667,0.0000,0,0,0,0,0,0
n012w8-0,n012w8,0,12,1500000,100.0,adaptive,2026-07-04T11:37:08+01:00,5,1,155,175010,310,19.950969,395,440,395,45,10.2273,LOCAL_BEST,0,404,24409,290390,105375,214,7,0,64285.7143,0.0000,0,0,0,0,0,0
n012w8-0,n012w8,0,12,1500000,100.0,adaptive,2026-07-04T11:37:08+01:00,5,7,155,182387,464,18.640433,480,485,480,5,1.0309,LOCAL_BEST,2,404,24648,299599,111451,215,7377,154,6.7778,32.4675,0,0,0,0,0,0
n012w8-0,n012w8,0,12,1500000,100.0,adaptive,2026-07-04T11:37:08+01:00,5,7,155,182416,464,18.635455,465,480,465,15,3.1250,LOCAL_BEST,2,404,24648,299636,111477,216,29,0,5172.4138,0.0000,0,0,0,0,0,0
n012w8-0,n012w8,0,12,1500000,100.0,adaptive,2026-07-04T11:37:08+01:00,5,7,155,198551,498,16.062014,450,465,450,15,3.2258,LOCAL_BEST,2,404,25196,324567,125452,217,16135,34,9.2966,441.1765,0,0,0,0,0,0
n012w8-0,n012w8,0,12,1500000,100.0,adaptive,2026-07-04T11:37:08+01:00,5,7,155,199840,500,15.872451,430,450,430,20,4.4444,LOCAL_BEST,2,404,25228,326496,126588,218,1289,2,155.1590,10000.0000,0,0,0,0,0,0
n012w8-0,n012w8,0,12,1500000,100.0,adaptive,2026-07-04T11:37:08+01:00,5,4,155,207241,493,14.826546,445,450,445,5,1.1111,LOCAL_BEST,1,404,25506,339546,133655,219,7401,-7,6.7558,0.0000,0,0,0,0,0,0
n012w8-0,n012w8,0,12,1500000,100.0,adaptive,2026-07-04T11:37:08+01:00,5,4,155,213045,502,14.054778,435,445,435,10,2.2472,LOCAL_BEST,1,404,25619,348465,138884,220,5804,9,17.2295,1111.1111,0,0,0,0,0,0
n012w8-0,n012w8,0,12,1500000,100.0,adaptive,2026-07-04T11:37:08+01:00,5,4,155,213241,502,14.029429,420,435,420,15,3.4483,LOCAL_BEST,1,404,25623,348733,139064,221,196,0,765.3061,0.0000,0,0,0,0,0,0
n012w8-0,n012w8,0,12,1500000,100.0,adaptive,2026-07-04T11:37:08+01:00,5,4,155,213286,502,14.023616,390,420,390,30,7.1429,LOCAL_BEST,1,404,25623,348801,139106,222,45,0,6666.6667,0.0000,0,0,0,0,0,0
n012w8-0,n012w8,0,12,1500000,100.0,adaptive,2026-07-04T11:37:08+01:00,5,7,155,217364,530,13.506661,405,430,405,25,5.8140,LOCAL_BEST,2,404,25608,353238,142179,223,4078,28,61.3046,892.8571,0,0,0,0,0,0
n012w8-0,n012w8,0,12,1500000,100.0,adaptive,2026-07-04T11:37:08+01:00,5,7,155,224502,548,12.647247,400,405,400,5,1.2346,LOCAL_BEST,2,404,25729,363680,148651,224,7138,18,7.0048,277.7778,0,0,0,0,0,0
n012w8-0,n012w8,0,12,1500000,100.0,adaptive,2026-07-04T11:37:08+01:00,5,1,155,225284,410,12.556483,365,395,365,30,7.5949,LOCAL_BEST,0,404,25890,368097,149244,225,782,-138,383.6317,0.0000,0,0,0,0,0,0
n012w8-0,n012w8,0,12,1500000,100.0,adaptive,2026-07-04T11:37:08+01:00,5,7,155,228214,556,12.222161,390,400,390,10,2.5000,LOCAL_BEST,2,404,25798,369277,151970,226,2930,146,34.1297,68.4932,0,0,0,0,0,0
n012w8-0,n012w8,0,12,1500000,100.0,adaptive,2026-07-04T11:37:08+01:00,5,4,155,240516,547,10.912896,385,390,385,5,1.2821,LOCAL_BEST,1,404,26098,390619,163618,227,12302,-9,4.0644,0.0000,0,0,0,0,0,0
n012w8-0,n012w8,0,12,1500000,100.0,adaptive,2026-07-04T11:37:08+01:00,5,4,155,240546,547,10.909881,375,385,375,10,2.5974,LOCAL_BEST,1,404,26099,390649,163642,228,30,0,3333.3333,0.0000,0,0,0,0,0,0
n012w8-0,n012w8,0,12,1500000,100.0,adaptive,2026-07-04T11:37:08+01:00,5,4,155,240553,547,10.909177,360,375,360,15,4.0000,LOCAL_BEST,1,404,26100,390670,163647,229,7,0,21428.5714,0.0000,0,0,0,0,0,0
n012w8-0,n012w8,0,12,1500000,100.0,adaptive,2026-07-04T11:37:08+01:00,5,7,155,251641,601,9.850085,370,390,370,20,5.1282,LOCAL_BEST,2,404,26089,404394,173215,230,11088,54,18.0375,370.3704,0,0,0,0,0,0
n012w8-0,n012w8,0,12,1500000,100.0,adaptive,2026-07-04T11:37:08+01:00,5,4,155,253377,566,9.693843,345,360,345,15,4.1667,LOCAL_BEST,1,404,26233,410496,175567,231,1736,-35,86.4055,0.0000,0,0,0,0,0,0
n012w8-0,n012w8,0,12,1500000,100.0,adaptive,2026-07-04T11:37:08+01:00,5,7,155,254407,605,9.602316,355,370,355,15,4.0541,LOCAL_BEST,2,404,26117,408515,175787,232,1030,39,145.6311,384.6154,0,0,0,0,0,0
n012w8-0,n012w8,0,12,1500000,100.0,adaptive,2026-07-04T11:37:08+01:00,5,4,155,256091,570,9.454531,330,345,330,15,4.3478,GLOBAL_BEST,1,404,26255,414633,178144,233,1684,-35,89.0736,0.0000,0,0,0,0,0,0
n012w8-0,n012w8,0,12,1500000,100.0,adaptive,2026-07-04T11:37:08+01:00,5,1,155,269022,484,8.392976,355,365,355,10,2.7397,LOCAL_BEST,0,404,26373,434897,189758,234,12931,-86,7.7334,0.0000,0,0,0,0,0,0
n012w8-0,n012w8,0,12,1500000,100.0,adaptive,2026-07-04T11:37:08+01:00,5,3,155,293779,601,0.000000,1265,1270,1265,5,0.3937,LOCAL_BEST,0,404,112037,526878,11614,235,24757,117,2.0196,42.7350,0,0,0,0,0,0
n012w8-0,n012w8,0,12,1500000,100.0,adaptive,2026-07-04T11:37:08+01:00,5,4,155,306091,670,5.965351,395,330,330,0,0.0000,REHEAT,1,404,26492,488184,225303,236,12312,69,0.0000,0.0000,0,0,0,0,0,0
n012w8-0,n012w8,0,12,1500000,100.0,adaptive,2026-07-04T11:37:08+01:00,5,4,155,356091,753,63.095734,1485,330,330,0,0.0000,REHEAT,1,404,37421,573367,246054,237,50000,83,0.0000,0.0000,0,0,0,0,0,0
n012w8-0,n012w8,0,12,1500000,100.0,adaptive,2026-07-04T11:37:08+01:00,5,4,155,406091,867,63.095734,1185,330,330,0,0.0000,REHEAT,1,404,48492,659358,266652,238,50000,114,0.0000,0.0000,0,0,0,0,0,0
n012w8-0,n012w8,0,12,1500000,100.0,adaptive,2026-07-04T11:37:08+01:00,5,4,155,456091,988,63.095734,1570,330,330,0,0.0000,REHEAT,1,404,59509,744795,287316,239,50000,121,0.0000,0.0000,0,0,0,0,0,0
n012w8-0,n012w8,0,12,1500000,100.0,adaptive,2026-07-04T11:37:08+01:00,5,4,155,506091,1111,63.095734,1530,330,330,0,0.0000,REHEAT,1,404,70464,830118,308250,240,50000,123,0.0000,0.0000,0,0,0,0,0,0
n012w8-0,n012w8,0,12,1500000,100.0,adaptive,2026-07-04T11:37:08+01:00,5,4,155,556091,1212,63.095734,1675,330,330,0,0.0000,REHEAT,1,404,81529,916303,328536,241,50000,101,0.0000,0.0000,0,0,0,0,0,0
n012w8-0,n012w8,0,12,1500000,100.0,adaptive,2026-07-04T11:37:08+01:00,5,4,155,606091,1335,63.095734,1555,330,330,0,0.0000,REHEAT,1,404,92575,1001554,348932,242,50000,123,0.0000,0.0000,0,0,0,0,0,0
n012w8-0,n012w8,0,12,1500000,100.0,adaptive,2026-07-04T11:37:08+01:00,5,4,155,656091,1448,63.095734,1250,330,330,0,0.0000,REHEAT,1,404,103605,1086517,369632,243,50000,113,0.0000,0.0000,0,0,0,0,0,0
n012w8-0,n012w8,0,12,1500000,100.0,adaptive,2026-07-04T11:37:08+01:00,5,4,155,706091,1545,63.095734,1275,330,330,0,0.0000,REHEAT,1,404,114757,1171652,390067,244,50000,97,0.0000,0.0000,0,0,0,0,0,0
n012w8-0,n012w8,0,12,1500000,100.0,adaptive,2026-07-04T11:37:08+01:00,5,4,155,756091,1645,63.095734,1055,330,330,0,0.0000,REHEAT,1,404,125787,1256862,410746,245,50000,100,0.0000,0.0000,0,0,0,0,0,0
n012w8-0,n012w8,0,12,1500000,100.0,adaptive,2026-07-04T11:37:08+01:00,5,4,155,806091,1761,63.095734,1630,330,330,0,0.0000,REHEAT,1,404,136764,1342431,431374,246,50000,116,0.0000,0.0000,0,0,0,0,0,0
n012w8-0,n012w8,0,12,1500000,100.0,adaptive,2026-07-04T11:37:08+01:00,5,4,155,856091,1861,63.095734,1195,330,330,0,0.0000,REHEAT,1,404,147921,1427658,451784,247,50000,100,0.0000,0.0000,0,0,0,0,0,0
n012w8-0,n012w8,0,12,1500000,100.0,adaptive,2026-07-04T11:37:08+01:00,5,4,155,906091,1991,63.095734,1460,330,330,0,0.0000,REHEAT,1,404,158818,1513783,472514,248,50000,130,0.0000,0.0000,0,0,0,0,0,0
n012w8-0,n012w8,0,12,1500000,100.0,adaptive,2026-07-04T11:37:08+01:00,5,4,155,956091,2114,63.095734,960,330,330,0,0.0000,REHEAT,1,404,169809,1598745,493147,249,50000,123,0.0000,0.0000,0,0,0,0,0,0
n012w8-0,n012w8,0,12,1500000,100.0,adaptive,2026-07-04T11:37:08+01:00,5,4,155,1006091,2235,63.095734,1565,330,330,0,0.0000,REHEAT,1,404,180821,1683783,513638,250,50000,121,0.0000,0.0000,0,0,0,0,0,0
n012w8-0,n012w8,0,12,1500000,100.0,adaptive,2026-07-04T11:37:08+01:00,5,4,155,1056091,2356,63.095734,1465,330,330,0,0.0000,REHEAT,1,404,191813,1769628,534310,251,50000,121,0.0000,0.0000,0,0,0,0,0,0
n012w8-0,n012w8,0,12,1500000,100.0,adaptive,2026-07-04T11:37:08+01:00,5,4,155,1106091,2463,63.095734,1330,330,330,0,0.0000,REHEAT,1,404,202823,1855980,554897,252,50000,107,0.0000,0.0000,0,0,0,0,0,0
n012w8-0,n012w8,0,12,1500000,100.0,adaptive,2026-07-04T11:37:08+01:00,5,4,155,1156091,2578,63.095734,1250,330,330,0,0.0000,REHEAT,1,404,213748,1941113,575735,253,50000,115,0.0000,0.0000,0,0,0,0,0,0
n012w8-0,n012w8,0,12,1500000,100.0,adaptive,2026-07-04T11:37:08+01:00,5,3,155,1177998,2583,0.000000,1250,1265,1250,15,1.1858,LOCAL_BEST,0,404,449567,2107670,46456,254,21907,5,6.8471,3000.0000,0,0,0,0,0,0
n012w8-0,n012w8,0,12,1500000,100.0,adaptive,2026-07-04T11:37:08+01:00,5,4,155,1206091,2687,63.095734,1230,330,330,0,0.0000,REHEAT,1,404,224899,2027113,596062,255,28093,104,0.0000,0.0000,0,0,0,0,0,0
n012w8-0,n012w8,0,12,1500000,100.0,adaptive,2026-07-04T11:37:08+01:00,5,4,155,1256091,2804,63.095734,1205,330,330,0,0.0000,REHEAT,1,404,235940,2113389,616387,256,50000,117,0.0000,0.0000,0,0,0,0,0,0
n012w8-0,n012w8,0,12,1500000,100.0,adaptive,2026-07-04T11:37:08+01:00,5,4,155,1306091,2909,63.095734,1365,330,330,0,0.0000,REHEAT,1,404,246791,2197439,637191,257,50000,105,0.0000,0.0000,0,0,0,0,0,0
n012w8-0,n012w8,0,12,1500000,100.0,adaptive,2026-07-04T11:37:08+01:00,5,4,155,1356091,3024,63.095734,1365,330,330,0,0.0000,REHEAT,1,404,257936,2282456,657341,258,50000,115,0.0000,0.0000,0,0,0,0,0,0
n012w8-0,n012w8,0,12,1500000,100.0,adaptive,2026-07-04T11:37:08+01:00,5,4,155,1406091,3112,63.095734,1415,330,330,0,0.0000,REHEAT,1,404,268974,2368022,677954,259,50000,88,0.0000,0.0000,0,0,0,0,0,0
n012w8-0,n012w8,0,12,1500000,100.0,adaptive,2026-07-04T11:37:08+01:00,5,3,155,1430222,3109,0.000000,1245,1250,1245,5,0.4000,LOCAL_BEST,0,404,545795,2560611,56377,260,24131,-3,2.0720,0.0000,0,0,0,0,0,0
n012w8-0,n012w8,0,12,1500000,100.0,adaptive,2026-07-04T11:37:08+01:00,5,3,155,1430223,3109,0.000000,1225,1245,1225,20,1.6064,LOCAL_BEST,0,404,545795,2560612,56377,261,1,0,200000.0000,0.0000,0,0,0,0,0,0
n012w8-0,n012w8,0,12,1500000,100.0,adaptive,2026-07-04T11:37:08+01:00,5,4,155,1456091,3198,63.095734,995,330,330,0,0.0000,REHEAT,1,404,280127,2454289,698353,262,25868,89,0.0000,0.0000,0,0,0,0,0,0
n012w8-0,n012w8,0,12,1500000,100.0,adaptive,2026-07-04T11:37:08+01:00,5,3,155,1467386,3177,0.000000,1180,1225,1180,45,3.6735,LOCAL_BEST,0,404,559931,2627460,57852,263,11295,-21,39.8406,0.0000,0,0,0,0,0,0
n012w8-0,n012w8,0,12,1500000,100.0,adaptive,2026-07-04T11:37:08+01:00,6,3,220,1,0,0.000000,3355,3490,3355,135,3.8682,GLOBAL_BEST,0,404,0,2,0,1,1,0,1350000.0000,0.0000,0,0,0,0,0,0
n012w8-0,n012w8,0,12,1500000,100.0,adaptive,2026-07-04T11:37:08+01:00,6,1,220,1,0,100.000000,3280,3490,3280,210,6.0172,LOCAL_BEST,0,404,0,22,0,2,0,0,0.0000,0.0000,0,0,0,0,0,0
n012w8-0,n012w8,0,12,1500000,100.0,adaptive,2026-07-04T11:37:08+01:00,6,2,220,2,0,0.000000,3460,3490,3460,30,0.8596,LOCAL_BEST,0,404,0,6,0,3,1,0,300000.0000,0.0000,0,0,0,0,0,0
n012w8-0,n012w8,0,12,1500000,100.0,adaptive,2026-07-04T11:37:08+01:00,6,3,220,3,0,0.000000,3085,3355,3085,270,8.0477,GLOBAL_BEST,0,404,0,3,0,4,1,0,2700000.0000,0.0000,0,0,0,0,0,0
n012w8-0,n012w8,0,12,1500000,100.0,adaptive,2026-07-04T11:37:08+01:00,6,2,220,4,0,0.000000,3280,3460,3280,180,5.2023,LOCAL_BEST,0,404,0,9,0,5,1,0,1800000.0000,0.0000,0,0,0,0,0,0
n012w8-0,n012w8,0,12,1500000,100.0,adaptive,2026-07-04T11:37:08+01:00,6,2,220,5,0,0.000000,3250,3280,3250,30,0.9146,LOCAL_BEST,0,404,0,14,0,6,1,0,300000.0000,0.0000,0,0,0,0,0,0
n012w8-0,n012w8,0,12,1500000,100.0,adaptive,2026-07-04T11:37:08+01:00,6,1,220,6,0,99.995395,3130,3280,3130,150,4.5732,LOCAL_BEST,0,404,1,40,0,7,1,0,1500000.0000,0.0000,0,0,0,0,0,0
n012w8-0,n012w8,0,12,1500000,100.0,adaptive,2026-07-04T11:37:08+01:00,6,5,220,6,38,0.000000,695,710,695,15,2.1127,GLOBAL_BEST,1,404,0,13,5,8,0,38,0.0000,394.7368,0,0,0,0,0,0
n012w8-0,n012w8,0,12,1500000,100.0,adaptive,2026-07-04T11:37:08+01:00,6,3,220,7,0,0.000000,3010,3085,3010,75,2.4311,GLOBAL_BEST,0,404,1,14,0,9,1,-38,750000.0000,0.0000,0,0,0,0,0,0
n012w8-0,n012w8,0,12,1500000,100.0,adaptive,2026-07-04T11:37:08+01:00,6,1,220,7,0,99.994474,2950,3130,2950,180,5.7508,LOCAL_BEST,0,404,1,45,0,10,0,0,0.0000,0.0000,0,0,0,0,0,0
n012w8-0,n012w8,0,12,1500000,100.0,adaptive,2026-07-04T11:37:08+01:00,6,2,220,10,0,0.000000,3100,3250,3100,150,4.6154,LOCAL_BEST,0,404,0,24,0,11,3,0,500000.0000,0.0000,0,0,0,0,0,0
n012w8-0,n012w8,0,12,1500000,100.0,adaptive,2026-07-04T11:37:08+01:00,6,1,220,10,0,99.991711,2725,2950,2725,225,7.6271,LOCAL_BEST,0,404,1,53,0,12,0,0,0.0000,0.0000,0,0,0,0,0,0
n012w8-0,n012w8,0,12,1500000,100.0,adaptive,2026-07-04T11:37:08+01:00,6,2,220,11,0,0.000000,2890,3100,2890,210,6.7742,GLOBAL_BEST,0,404,0,26,0,13,1,0,2100000.0000,0.0000,0,0,0,0,0,0
n012w8-0,n012w8,0,12,1500000,100.0,adaptive,2026-07-04T11:37:08+01:00,6,3,220,11,0,0.000000,2995,3010,2995,15,0.4983,LOCAL_BEST,0,404,2,21,0,14,0,0,0.0000,0.0000,0,0,0,0,0,0
n012w8-0,n012w8,0,12,1500000,100.0,adaptive,2026-07-04T11:37:08+01:00,6,2,220,12,0,0.000000,2860,2890,2860,30,1.0381,GLOBAL_BEST,0,404,0,26,0,15,1,0,300000.0000,0.0000,0,0,0,0,0,0
n012w8-0,n012w8,0,12,1500000,100.0,adaptive,2026-07-04T11:37:08+01:00,6,1,220,12,0,99.989869,2485,2725,2485,240,8.8073,GLOBAL_BEST,0,404,1,57,0,16,0,0,0.0000,0.0000,0,0,0,0,0,0
n012w8-0,n012w8,0,12,1500000,100.0,adaptive,2026-07-04T11:37:08+01:00,6,2,220,13,0,0.000000,2665,2860,2665,195,6.8182,GLOBAL_BEST,0,404,0,26,0,17,1,0,1950000.0000,0.0000,0,0,0,0,0,0
n012w8-0,n012w8,0,12,1500000,100.0,adaptive,2026-07-04T11:37:08+01:00,6,8,220,13,80,0.000000,340,355,340,15,4.2254,GLOBAL_BEST,3,404,0,20,11,18,0,80,0.0000,187.5000,0,0,0,0,0,0
n012w8-0,n012w8,0,12,1500000,100.0,adaptive,2026-07-04T11:37:08+01:00,6,3,220,14,0,0.000000,2935,2995,2935,60,2.0033,LOCAL_BEST,0,404,2,22,0,19,1,-80,600000.0000,0.0000,0,0,0,0,0,0
n012w8-0,n012w8,0,12,1500000,100.0,adaptive,2026-07-04T11:37:08+01:00,6,2,220,14,0,0.000000,2635,2665,2635,30,1.1257,GLOBAL_BEST,0,404,0,26,0,20,0,0,0.0000,0.0000,0,0,0,0,0,0
n012w8-0,n012w8,0,12,1500000,100.0,adaptive,2026-07-04T11:37:08+01:00,6,1,220,14,0,99.988027,2200,2485,2200,285,11.4688,GLOBAL_BEST,0,404,1,60,1,21,0,0,0.0000,0.0000,0,0,0,0,0,0
n012w8-0,n012w8,0,12,1500000,100.0,adaptive,2026-07-04T11:37:08+01:00,6,3,220,15,0,0.000000,2875,2935,2875,60,2.0443,LOCAL_BEST,0,404,2,22,0,22,1,0,600000.0000,0.0000,0,0,0,0,0,0
n012w8-0,n012w8,0,12,1500000,100.0,adaptive,2026-07-04T11:37:08+01:00,6,2,220,15,0,0.000000,2515,2635,2515,120,4.5541,GLOBAL_BEST,0,404,0,28,0,23,0,0,0.0000,0.0000,0,0,0,0,0,0
n012w8-0,n012w8,0,12,1500000,100.0,adaptive,2026-07-04T11:37:08+01:00,6,1,220,15,0,99.987106,2125,2200,2125,75,3.4091,GLOBAL_BEST,0,404,1,62,1,24,0,0,0.0000,0.0000,0,0,0,0,0,0
n012w8-0,n012w8,0,12,1500000,100.0,adaptive,2026-07-04T11:37:08+01:00,6,3,220,16,0,0.000000,2695,2875,2695,180,6.2609,LOCAL_BEST,0,404,2,24,0,25,1,0,1800000.0000,0.0000,0,0,0,0,0,0
n012w8-0,n012w8,0,12,1500000,100.0,adaptive,2026-07-04T11:37:08+01:00,6,3,220,17,0,0.000000,2545,2695,2545,150,5.5659,LOCAL_BEST,0,404,2,26,0,26,1,0,1500000.0000,0.0000,0,0,0,0,0,0
n012w8-0,n012w8,0,12,1500000,100.0,adaptive,2026-07-04T11:37:08+01:00,6,3,220,18,0,0.000000,2485,2545,2485,60,2.3576,LOCAL_BEST,0,404,2,27,0,27,1,0,600000.0000,0.0000,0,0,0,0,0,0
n012w8-0,n012w8,0,12,1500000,100.0,adaptive,2026-07-04T11:37:08+01:00,6,5,220,18,38,0.000000,625,695,625,70,10.0719,GLOBAL_BEST,1,404,0,42,13,28,0,38,0.0000,1842.1053,0,0,0,0,0,0
n012w8-0,n012w8,0,12,1500000,100.0,adaptive,2026-07-04T11:37:08+01:00,6,5,220,19,38,0.000000,610,625,610,15,2.4000,GLOBAL_BEST,1,404,0,44,13,29,1,0,150000.0000,0.0000,0,0,0,0,0,0
n012w8-0,n012w8,0,12,1500000,100.0,adaptive,2026-07-04T11:37:08+01:00,6,3,220,22,0,0.000000,2470,2485,2470,15,0.6036,LOCAL_BEST,0,404,4,32,0,30,3,-38,50000.0000,0.0000,0,0,0,0,0,0
n012w8-0,n012w8,0,12,1500000,100.0,adaptive,2026-07-04T11:37:08+01:00,6,1,220,25,0,99.977898,2110,2125,2110,15,0.7059,GLOBAL_BEST,0,404,4,95,2,31,3,0,50000.0000,0.0000,0,0,0,0,0,0
n012w8-0,n012w8,0,12,1500000,100.0,adaptive,2026-07-04T11:37:08+01:00,6,3,220,26,0,0.000000,2425,2470,2425,45,1.8219,LOCAL_BEST,0,404,5,38,0,32,1,0,450000.0000,0.0000,0,0,0,0,0,0
n012w8-0,n012w8,0,12,1500000,100.0,adaptive,2026-07-04T11:37:08+01:00,6,3,220,29,0,0.000000,2380,2425,2380,45,1.8557,LOCAL_BEST,0,404,5,56,1,33,3,0,150000.0000,0.0000,0,0,0,0,0,0
n012w8-0,n012w8,0,12,1500000,100.0,adaptive,2026-07-04T11:37:08+01:00,6,1,220,29,0,99.974214,2080,2110,2080,30,1.4218,GLOBAL_BEST,0,404,4,102,5,34,0,0,0.0000,0.0000,0,0,0,0,0,0
n012w8-0,n012w8,0,12,1500000,100.0,adaptive,2026-07-04T11:37:08+01:00,6,5,220,29,38,0.000000,565,610,565,45,7.3770,GLOBAL_BEST,1,404,0,62,18,35,0,38,0.0000,1184.2105,0,0,0,0,0,0
n012w8-0,n012w8,0,12,1500000,100.0,adaptive,2026-07-04T11:37:08+01:00,6,1,220,30,0,99.973294,2065,2080,2065,15,0.7212,GLOBAL_BEST,0,404,4,102,5,36,1,-38,150000.0000,0.0000,0,0,0,0,0,0
n012w8-0,n012w8,0,12,1500000,100.0,adaptive,2026-07-04T11:37:08+01:00,6,1,220,31,0,99.972373,2005,2065,2005,60,2.9056,GLOBAL_BEST,0,404,4,103,5,37,1,0,600000.0000,0.0000,0,0,0,0,0,0
n012w8-0,n012w8,0,12,1500000,100.0,adaptive,2026-07-04T11:37:08+01:00,6,2,220,42,0,0.000000,2440,2515,2440,75,2.9821,LOCAL_BEST,0,404,0,75,0,38,11,0,68181.8182,0.0000,0,0,0,0,0,0
n012w8-0,n012w8,0,12,1500000,100.0,adaptive,2026-07-04T11:37:08+01:00,6,2,220,43,0,0.000000,2365,2440,2365,75,3.0738,LOCAL_BEST,0,404,0,78,0,39,1,0,750000.0000,0.0000,0,0,0,0,0,0
n012w8-0,n012w8,0,12,1500000,100.0,adaptive,2026-07-04T11:37:08+01:00,6,2,220,45,0,0.000000,2350,2365,2350,15,0.6342,LOCAL_BEST,0,404,0,80,0,40,2,0,75000.0000,0.0000,0,0,0,0,0,0
n012w8-0,n012w8,0,12,1500000,100.0,adaptive,2026-07-04T11:37:08+01:00,6,1,220,53,0,99.952118,1975,2005,1975,30,1.4963,GLOBAL_BEST,0,404,9,158,11,41,8,0,37500.0000,0.0000,0,0,0,0,0,0
n012w8-0,n012w8,0,12,1500000,100.0,adaptive,2026-07-04T11:37:08+01:00,6,1,220,54,0,99.951197,1960,1975,1960,15,0.7595,GLOBAL_BEST,0,404,9,160,11,42,1,0,150000.0000,0.0000,0,0,0,0,0,0
n012w8-0,n012w8,0,12,1500000,100.0,adaptive,2026-07-04T11:37:08+01:00,6,2,220,57,0,0.000000,2215,2350,2215,135,5.7447,LOCAL_BEST,0,404,0,111,0,43,3,0,450000.0000,0.0000,0,0,0,0,0,0
n012w8-0,n012w8,0,12,1500000,100.0,adaptive,2026-07-04T11:37:08+01:00,6,2,220,58,0,0.000000,2140,2215,2140,75,3.3860,LOCAL_BEST,0,404,0,114,0,44,1,0,750000.0000,0.0000,0,0,0,0,0,0
n012w8-0,n012w8,0,12,1500000,100.0,adaptive,2026-07-04T11:37:08+01:00,6,1,220,58,0,99.947515,1915,1960,1915,45,2.2959,GLOBAL_BEST,0,404,10,170,12,45,0,0,0.0000,0.0000,0,0,0,0,0,0
n012w8-0,n012w8,0,12,1500000,100.0,adaptive,2026-07-04T11:37:08+01:00,6,1,220,64,0,99.941992,1870,1915,1870,45,2.3499,GLOBAL_BEST,0,404,12,183,12,46,6,0,75000.0000,0.0000,0,0,0,0,0,0
n012w8-0,n012w8,0,12,1500000,100.0,adaptive,2026-07-04T11:37:08+01:00,6,2,220,67,0,0.000000,2095,2140,2095,45,2.1028,LOCAL_BEST,0,404,0,134,0,47,3,0,150000.0000,0.0000,0,0,0,0,0,0
n012w8-0,n012w8,0,12,1500000,100.0,adaptive,2026-07-04T11:37:08+01:00,6,3,220,67,0,0.000000,2275,2380,2275,105,4.4118,LOCAL_BEST,0,404,21,123,3,48,0,0,0.0000,0.0000,0,0,0,0,0,0
n012w8-0,n012w8,0,12,1500000,100.0,adaptive,2026-07-04T11:37:08+01:00,6,3,220,68,0,0.000000,2245,2275,2245,30,1.3187,LOCAL_BEST,0,404,21,123,3,49,1,0,300000.0000,0.0000,0,0,0,0,0,0
n012w8-0,n012w8,0,12,1500000,100.0,adaptive,2026-07-04T11:37:08+01:00,6,3,220,73,0,0.000000,2235,2245,2235,10,0.4454,LOCAL_BEST,0,404,22,127,4,50,5,0,20000.0000,0.0000,0,0,0,0,0,0
n012w8-0,n012w8,0,12,1500000,100.0,adaptive,2026-07-04T11:37:08+01:00,6,1,220,74,0,99.932787,1855,1870,1855,15,0.8021,GLOBAL_BEST,0,404,14,197,15,51,1,0,150000.0000,0.0000,0,0,0,0,0,0
n012w8-0,n012w8,0,12,1500000,100.0,adaptive,2026-07-04T11:37:08+01:00,6,17,220,83,563,0.000000,205,220,205,15,6.8182,LOCAL_BEST,7,404,0,124,80,52,9,563,16666.6667,26.6430,0,0,0,0,0,0
n012w8-0,n012w8,0,12,1500000,100.0,adaptive,2026-07-04T11:37:08+01:00,6,3,220,90,0,0.000000,2140,2235,2140,95,4.2506,LOCAL_BEST,0,404,28,168,5,53,7,-563,135714.2857,0.0000,0,0,0,0,0,0
n012w8-0,n012w8,0,12,1500000,100.0,adaptive,2026-07-04T11:37:08+01:00,6,3,220,91,0,0.000000,2080,2140,2080,60,2.8037,LOCAL_BEST,0,404,28,169,5,54,1,0,600000.0000,0.0000,0,0,0,0,0,0
n012w8-0,n012w8,0,12,1500000,100.0,adaptive,2026-07-04T11:37:08+01:00,6,2,220,94,0,0.000000,2065,2095,2065,30,1.4320,LOCAL_BEST,0,404,0,175,0,55,3,0,100000.0000,0.0000,0,0,0,0,0,0
n012w8-0,n012w8,0,12,1500000,100.0,adaptive,2026-07-04T11:37:08+01:00,6,3,220,95,0,0.000000,2050,2080,2050,30,1.4423,LOCAL_BEST,0,404,29,178,6,56,1,0,300000.0000,0.0000,0,0,0,0,0,0
n012w8-0,n012w8,0,12,1500000,100.0,adaptive,2026-07-04T11:37:08+01:00,6,2,220,96,0,0.000000,1960,2065,1960,105,5.0847,LOCAL_BEST,0,404,0,180,0,57,1,0,1050000.0000,0.0000,0,0,0,0,0,0
n012w8-0,n012w8,0,12,1500000,100.0,adaptive,2026-07-04T11:37:08+01:00,6,2,220,102,0,0.000000,1845,1960,1845,115,5.8673,GLOBAL_BEST,0,404,0,188,0,58,6,0,191666.6667,0.0000,0,0,0,0,0,0
n012w8-0,n012w8,0,12,1500000,100.0,adaptive,2026-07-04T11:37:08+01:00,6,5,220,103,38,0.000000,550,565,550,15,2.6549,GLOBAL_BEST,1,404,0,162,61,59,1,38,150000.0000,394.7368,0,0,0,0,0,0
n012w8-0,n012w8,0,12,1500000,100.0,adaptive,2026-07-04T11:37:08+01:00,6,3,220,120,0,0.000000,1960,2050,1960,90,4.3902,LOCAL_BEST,0,404,37,214,6,60,17,-38,52941.1765,0.0000,0,0,0,0,0,0
n012w8-0,n012w8,0,12,1500000,100.0,adaptive,2026-07-04T11:37:08+01:00,6,3,220,127,0,0.000000,1855,1960,1855,105,5.3571,LOCAL_BEST,0,404,40,226,6,61,7,0,150000.0000,0.0000,0,0,0,0,0,0
n012w8-0,n012w8,0,12,1500000,100.0,adaptive,2026-07-04T11:37:08+01:00,6,3,220,129,0,0.000000,1795,1855,1795,60,3.2345,GLOBAL_BEST,0,404,40,228,6,62,2,0,300000.0000,0.0000,0,0,0,0,0,0
n012w8-0,n012w8,0,12,1500000,100.0,adaptive,2026-07-04T11:37:08+01:00,6,1,220,133,0,99.878497,1785,1855,1785,70,3.7736,GLOBAL_BEST,0,404,28,311,27,63,4,0,175000.0000,0.0000,0,0,0,0,0,0
n012w8-0,n012w8,0,12,1500000,100.0,adaptive,2026-07-04T11:37:08+01:00,6,1,220,134,0,99.877577,1770,1785,1770,15,0.8403,GLOBAL_BEST,0,404,28,321,27,64,1,0,150000.0000,0.0000,0,0,0,0,0,0
n012w8-0,n012w8,0,12,1500000,100.0,adaptive,2026-07-04T11:37:08+01:00,6,2,220,152,0,0.000000,1810,1845,1810,35,1.8970,LOCAL_BEST,0,404,0,283,0,65,18,0,19444.4444,0.0000,0,0,0,0,0,0
n012w8-0,n012w8,0,12,1500000,100.0,adaptive,2026-07-04T11:37:08+01:00,6,2,220,153,0,0.000000,1750,1810,1750,60,3.3149,GLOBAL_BEST,0,404,0,284,0,66,1,0,600000.0000,0.0000,0,0,0,0,0,0
n012w8-0,n012w8,0,12,1500000,100.0,adaptive,2026-07-04T11:37:08+01:00,6,2,220,172,0,0.000000,1720,1750,1720,30,1.7143,GLOBAL_BEST,0,404,0,305,0,67,19,0,15789.4737,0.0000,0,0,0,0,0,0
n012w8-0,n012w8,0,12,1500000,100.0,adaptive,2026-07-04T11:37:08+01:00,6,2,220,173,0,0.000000,1690,1720,1690,30,1.7442,GLOBAL_BEST,0,404,0,305,0,68,1,0,300000.0000,0.0000,0,0,0,0,0,0
n012w8-0,n012w8,0,12,1500000,100.0,adaptive,2026-07-04T11:37:08+01:00,6,1,220,173,0,99.841708,1740,1770,1740,30,1.6949,LOCAL_BEST,0,404,35,395,37,69,0,0,0.0000,0.0000,0,0,0,0,0,0
n012w8-0,n012w8,0,12,1500000,100.0,adaptive,2026-07-04T11:37:08+01:00,6,1,220,174,0,99.840788,1680,1740,1680,60,3.4483,GLOBAL_BEST,0,404,35,396,37,70,1,0,600000.0000,0.0000,0,0,0,0,0,0
n012w8-0,n012w8,0,12,1500000,100.0,adaptive,2026-07-04T11:37:08+01:00,6,1,220,176,0,99.838949,1650,1680,1650,30,1.7857,GLOBAL_BEST,0,404,35,399,38,71,2,0,150000.0000,0.0000,0,0,0,0,0,0
n012w8-0,n012w8,0,12,1500000,100.0,adaptive,2026-07-04T11:37:08+01:00,6,1,220,178,0,99.837110,1590,1650,1590,60,3.6364,GLOBAL_BEST,0,404,35,401,39,72,2,0,300000.0000,0.0000,0,0,0,0,0,0
n012w8-0,n012w8,0,12,1500000,100.0,adaptive,2026-07-04T11:37:08+01:00,6,1,220,183,0,99.832512,1545,1590,1545,45,2.8302,GLOBAL_BEST,0,404,36,402,42,73,5,0,90000.0000,0.0000,0,0,0,0,0,0
n012w8-0,n012w8,0,12,1500000,100.0,adaptive,2026-07-04T11:37:08+01:00,6,1,220,186,0,99.829754,1515,1545,1515,30,1.9417,GLOBAL_BEST,0,404,36,403,44,74,3,0,100000.0000,0.0000,0,0,0,0,0,0
n012w8-0,n012w8,0,12,1500000,100.0,adaptive,2026-07-04T11:37:08+01:00,6,1,220,187,0,99.828834,1500,1515,1500,15,0.9901,GLOBAL_BEST,0,404,36,403,44,75,1,0,150000.0000,0.0000,0,0,0,0,0,0
n012w8-0,n012w8,0,12,1500000,100.0,adaptive,2026-07-04T11:37:08+01:00,6,1,220,188,0,99.827915,1410,1500,1410,90,6.0000,GLOBAL_BEST,0,404,36,403,44,76,1,0,900000.0000,0.0000,0,0,0,0,0,0
n012w8-0,n012w8,0,12,1500000,100.0,adaptive,2026-07-04T11:37:08+01:00,6,1,220,195,0,99.821479,1395,1410,1395,15,1.0638,GLOBAL_BEST,0,404,37,406,47,77,7,0,21428.5714,0.0000,0,0,0,0,0,0
n012w8-0,n012w8,0,12,1500000,100.0,adaptive,2026-07-04T11:37:08+01:00,6,1,220,200,0,99.816882,1380,1395,1380,15,1.0753,GLOBAL_BEST,0,404,37,417,50,78,5,0,30000.0000,0.0000,0,0,0,0,0,0
n012w8-0,n012w8,0,12,1500000,100.0,adaptive,2026-07-04T11:37:08+01:00,6,1,220,273,0,99.749792,1365,1380,1365,15,1.0870,GLOBAL_BEST,0,404,60,541,72,79,73,0,2054.7945,0.0000,0,0,0,0,0,0
n012w8-0,n012w8,0,12,1500000,100.0,adaptive,2026-07-04T11:37:08+01:00,6,2,220,384,0,0.000000,1660,1690,1660,30,1.7751,LOCAL_BEST,0,404,0,708,0,80,111,0,2702.7027,0.0000,0,0,0,0,0,0
n012w8-0,n012w8,0,12,1500000,100.0,adaptive,2026-07-04T11:37:08+01:00,6,3,220,388,0,0.000000,1705,1795,1705,90,5.0139,LOCAL_BEST,0,404,137,719,21,81,4,0,225000.0000,0.0000,0,0,0,0,0,0
n012w8-0,n012w8,0,12,1500000,100.0,adaptive,2026-07-04T11:37:08+01:00,6,1,220,429,0,99.606573,1335,1365,1335,30,2.1978,GLOBAL_BEST,0,404,98,865,121,82,41,0,7317.0732,0.0000,0,0,0,0,0,0
n012w8-0,n012w8,0,12,1500000,100.0,adaptive,2026-07-04T11:37:08+01:00,6,2,220,529,1,0.000000,1615,1660,1615,45,2.7108,LOCAL_BEST,0,404,0,970,0,83,100,1,4500.0000,45000.0000,0,0,0,0,0,0
n012w8-0,n012w8,0,12,1500000,100.0,adaptive,2026-07-04T11:37:08+01:00,6,2,220,530,1,0.000000,1565,1615,1565,50,3.0960,LOCAL_BEST,0,404,0,972,0,84,1,0,500000.0000,0.0000,0,0,0,0,0,0
n012w8-0,n012w8,0,12,1500000,100.0,adaptive,2026-07-04T11:37:08+01:00,6,2,220,532,1,0.000000,1520,1565,1520,45,2.8754,LOCAL_BEST,0,404,0,980,0,85,2,0,225000.0000,0.0000,0,0,0,0,0,0
n012w8-0,n012w8,0,12,1500000,100.0,adaptive,2026-07-04T11:37:08+01:00,6,1,220,620,1,99.431502,1320,1335,1320,15,1.1236,GLOBAL_BEST,0,404,149,1277,178,86,88,0,1704.5455,0.0000,0,0,0,0,0,0
n012w8-0,n012w8,0,12,1500000,100.0,adaptive,2026-07-04T11:37:08+01:00,6,1,220,674,1,99.382061,1315,1320,1315,5,0.3788,GLOBAL_BEST,0,404,161,1373,195,87,54,0,925.9259,0.0000,0,0,0,0,0,0
n012w8-0,n012w8,0,12,1500000,100.0,adaptive,2026-07-04T11:37:08+01:00,6,1,220,678,1,99.378400,1240,1315,1240,75,5.7034,GLOBAL_BEST,0,404,162,1374,196,88,4,0,187500.0000,0.0000,0,0,0,0,0,0
n012w8-0,n012w8,0,12,1500000,100.0,adaptive,2026-07-04T11:37:08+01:00,6,1,220,679,1,99.377485,1210,1240,1210,30,2.4194,GLOBAL_BEST,0,404,162,1374,196,89,1,0,300000.0000,0.0000,0,0,0,0,0,0
n012w8-0,n012w8,0,12,1500000,100.0,adaptive,2026-07-04T11:37:08+01:00,6,1,220,683,1,99.373823,1165,1210,1165,45,3.7190,GLOBAL_BEST,0,404,162,1378,199,90,4,0,112500.0000,0.0000,0,0,0,0,0,0
n012w8-0,n012w8,0,12,1500000,100.0,adaptive,2026-07-04T11:37:08+01:00,6,5,220,812,40,0.000000,510,550,510,40,7.2727,GLOBAL_BEST,1,404,0,1362,630,91,129,39,3100.7752,1025.6410,0,0,0,0,0,0
n012w8-0,n012w8,0,12,1500000,100.0,adaptive,2026-07-04T11:37:08+01:00,6,2,220,817,1,0.000000,1490,1520,1490,30,1.9737,LOCAL_BEST,0,404,0,1502,0,92,5,-39,60000.0000,0.0000,0,0,0,0,0,0
n012w8-0,n012w8,0,12,1500000,100.0,adaptive,2026-07-04T11:37:08+01:00,6,1,220,955,1,99.125183,1145,1165,1145,20,1.7167,GLOBAL_BEST,0,404,236,1867,295,93,138,0,1449.2754,0.0000,0,0,0,0,0,0
n012w8-0,n012w8,0,12,1500000,100.0,adaptive,2026-07-04T11:37:08+01:00,6,3,220,986,1,0.000000,1585,1705,1585,120,7.0381,LOCAL_BEST,0,404,355,1938,54,94,31,0,38709.6774,0.0000,0,0,0,0,0,0
n012w8-0,n012w8,0,12,1500000,100.0,adaptive,2026-07-04T11:37:08+01:00,6,3,220,987,1,0.000000,1435,1585,1435,150,9.4637,LOCAL_BEST,0,404,355,1938,54,95,1,0,1500000.0000,0.0000,0,0,0,0,0,0
n012w8-0,n012w8,0,12,1500000,100.0,adaptive,2026-07-04T11:37:08+01:00,6,2,220,997,1,0.000000,1435,1490,1435,55,3.6913,LOCAL_BEST,0,404,0,1864,0,96,10,0,55000.0000,0.0000,0,0,0,0,0,0
n012w8-0,n012w8,0,12,1500000,100.0,adaptive,2026-07-04T11:37:08+01:00,6,1,220,1310,2,98.801605,1130,1145,1130,15,1.3100,GLOBAL_BEST,0,404,320,2497,423,97,313,1,479.2332,15000.0000,0,0,0,0,0,0
n012w8-0,n012w8,0,12,1500000,100.0,adaptive,2026-07-04T11:37:08+01:00,6,1,220,1357,2,98.758845,1050,1130,1050,80,7.0796,GLOBAL_BEST,0,404,332,2602,439,98,47,0,17021.2766,0.0000,0,0,0,0,0,0
n012w8-0,n012w8,0,12,1500000,100.0,adaptive,2026-07-04T11:37:08+01:00,6,3,220,1398,2,0.000000,1350,1435,1350,85,5.9233,LOCAL_BEST,0,404,514,2725,69,99,41,0,20731.7073,0.0000,0,0,0,0,0,0
n012w8-0,n012w8,0,12,1500000,100.0,adaptive,2026-07-04T11:37:08+01:00,6,2,220,1465,2,0.000000,1430,1435,1430,5,0.3484,LOCAL_BEST,0,404,0,2693,61,100,67,0,746.2687,0.0000,0,0,0,0,0,0
n012w8-0,n012w8,0,12,1500000,100.0,adaptive,2026-07-04T11:37:08+01:00,6,2,220,1833,3,0.000000,1420,1430,1420,10,0.6993,LOCAL_BEST,0,404,0,3295,105,101,368,1,271.7391,10000.0000,0,0,0,0,0,0
n012w8-0,n012w8,0,12,1500000,100.0,adaptive,2026-07-04T11:37:08+01:00,6,5,220,1970,41,0.000000,495,510,495,15,2.9412,GLOBAL_BEST,1,404,0,3272,1490,102,137,38,1094.8905,394.7368,0,0,0,0,0,0
n012w8-0,n012w8,0,12,1500000,100.0,adaptive,2026-07-04T11:37:08+01:00,6,1,220,2270,3,97.931859,1035,1050,1035,15,1.4286,GLOBAL_BEST,0,404,571,4331,709,103,300,-38,500.0000,0.0000,0,0,0,0,0,0
n012w8-0,n012w8,0,12,1500000,100.0,adaptive,2026-07-04T11:37:08+01:00,6,2,220,2305,3,0.000000,1405,1420,1405,15,1.0563,LOCAL_BEST,0,404,0,4157,203,104,35,0,4285.7143,0.0000,0,0,0,0,0,0
n012w8-0,n012w8,0,12,1500000,100.0,adaptive,2026-07-04T11:37:08+01:00,6,2,220,2306,3,0.000000,1375,1405,1375,30,2.1352,LOCAL_BEST,0,404,0,4162,203,105,1,0,300000.0000,0.0000,0,0,0,0,0,0
n012w8-0,n012w8,0,12,1500000,100.0,adaptive,2026-07-04T11:37:08+01:00,6,2,220,2313,3,0.000000,1345,1375,1345,30,2.1818,LOCAL_BEST,0,404,0,4168,203,106,7,0,42857.1429,0.0000,0,0,0,0,0,0
n012w8-0,n012w8,0,12,1500000,100.0,adaptive,2026-07-04T11:37:08+01:00,6,2,220,2428,4,0.000000,1240,1345,1240,105,7.8067,LOCAL_BEST,0,404,0,4369,218,107,115,1,9130.4348,105000.0000,0,0,0,0,0,0
n012w8-0,n012w8,0,12,1500000,100.0,adaptive,2026-07-04T11:37:08+01:00,6,1,220,2465,4,97.756130,985,1035,985,50,4.8309,GLOBAL_BEST,0,404,628,4686,764,108,37,0,13513.5135,0.0000,0,0,0,0,0,0
n012w8-0,n012w8,0,12,1500000,100.0,adaptive,2026-07-04T11:37:08+01:00,6,1,220,2534,4,97.694024,955,985,955,30,3.0457,GLOBAL_BEST,0,404,646,4813,792,109,69,0,4347.8261,0.0000,0,0,0,0,0,0
n012w8-0,n012w8,0,12,1500000,100.0,adaptive,2026-07-04T11:37:08+01:00,6,1,220,2573,4,97.658939,910,955,910,45,4.7120,GLOBAL_BEST,0,404,654,4889,810,110,39,0,11538.4615,0.0000,0,0,0,0,0,0
n012w8-0,n012w8,0,12,1500000,100.0,adaptive,2026-07-04T11:37:08+01:00,6,8,220,2664,83,0.000000,310,340,310,30,8.8235,GLOBAL_BEST,3,404,0,4192,2508,111,91,79,3296.7033,379.7468,0,0,0,0,0,0
n012w8-0,n012w8,0,12,1500000,100.0,adaptive,2026-07-04T11:37:08+01:00,6,17,220,3086,569,0.000000,190,205,190,15,7.3171,GLOBAL_BEST,7,404,0,4713,2925,112,422,486,355.4502,30.8642,0,0,0,0,0,0
n012w8-0,n012w8,0,12,1500000,100.0,adaptive,2026-07-04T11:37:08+01:00,6,1,220,3605,6,96.735081,875,910,875,35,3.8462,GLOBAL_BEST,0,404,906,6706,1212,113,519,-563,674.3738,0.0000,0,0,0,0,0,0
n012w8-0,n012w8,0,12,1500000,100.0,adaptive,2026-07-04T11:37:08+01:00,6,8,220,3660,85,0.000000,295,310,295,15,4.8387,GLOBAL_BEST,3,404,0,5824,3422,114,55,79,2727.2727,189.8734,0,0,0,0,0,0
n012w8-0,n012w8,0,12,1500000,100.0,adaptive,2026-07-04T11:37:08+01:00,6,2,220,3936,6,0.000000,1150,1240,1150,90,7.2581,LOCAL_BEST,0,404,0,7240,634,115,276,-79,3260.8696,0.0000,0,0,0,0,0,0
n012w8-0,n012w8,0,12,1500000,100.0,adaptive,2026-07-04T11:37:08+01:00,6,3,220,4922,9,0.000000,1330,1350,1330,20,1.4815,LOCAL_BEST,0,404,1856,9198,191,116,986,3,202.8398,6666.6667,0,0,0,0,0,0
n012w8-0,n012w8,0,12,1500000,100.0,adaptive,2026-07-04T11:37:08+01:00,6,3,220,4923,9,0.000000,1165,1330,1165,165,12.4060,LOCAL_BEST,0,404,1856,9198,191,117,1,0,1650000.0000,0.0000,0,0,0,0,0,0
n012w8-0,n012w8,0,12,1500000,100.0,adaptive,2026-07-04T11:37:08+01:00,6,5,220,5033,46,0.000000,490,495,490,5,1.0101,GLOBAL_BEST,1,404,0,8296,3847,118,110,37,454.5455,135.1351,0,0,0,0,0,0
n012w8-0,n012w8,0,12,1500000,100.0,adaptive,2026-07-04T11:37:08+01:00,6,2,220,6522,10,0.000000,1140,1150,1140,10,0.8696,LOCAL_BEST,0,404,0,12009,1506,119,1489,-36,67.1592,0.0000,0,0,0,0,0,0
n012w8-0,n012w8,0,12,1500000,100.0,adaptive,2026-07-04T11:37:08+01:00,6,5,220,7078,48,0.000000,435,490,435,55,11.2245,GLOBAL_BEST,1,404,0,12005,5428,120,556,38,989.2086,1447.3684,0,0,0,0,0,0
n012w8-0,n012w8,0,12,1500000,100.0,adaptive,2026-07-04T11:37:08+01:00,6,2,220,7925,12,0.000000,1120,1140,1120,20,1.7544,LOCAL_BEST,0,404,0,14565,2074,121,847,-36,236.1275,0.0000,0,0,0,0,0,0
n012w8-0,n012w8,0,12,1500000,100.0,adaptive,2026-07-04T11:37:08+01:00,6,2,220,8931,14,0.000000,1100,1120,1100,20,1.7857,LOCAL_BEST,0,404,0,16480,2417,122,1006,2,198.8072,10000.0000,0,0,0,0,0,0
n012w8-0,n012w8,0,12,1500000,100.0,adaptive,2026-07-04T11:37:08+01:00,6,2,220,9103,14,0.000000,1090,1100,1090,10,0.9091,LOCAL_BEST,0,404,0,16751,2504,123,172,0,581.3953,0.0000,0,0,0,0,0,0
n012w8-0,n012w8,0,12,1500000,100.0,adaptive,2026-07-04T11:37:08+01:00,6,2,220,9217,14,0.000000,985,1090,985,105,9.6330,LOCAL_BEST,0,404,0,16952,2561,124,114,0,9210.5263,0.0000,0,0,0,0,0,0
n012w8-0,n012w8,0,12,1500000,100.0,adaptive,2026-07-04T11:37:08+01:00,6,1,220,11699,18,89.785871,830,875,830,45,5.1429,GLOBAL_BEST,0,404,2905,21287,3957,125,2482,4,181.3054,11250.0000,0,0,0,0,0,0
n012w8-0,n012w8,0,12,1500000,100.0,adaptive,2026-07-04T11:37:08+01:00,6,8,220,12504,96,0.000000,280,295,280,15,5.0847,GLOBAL_BEST,3,404,0,19863,11548,126,805,78,186.3354,192.3077,0,0,0,0,0,0
n012w8-0,n012w8,0,12,1500000,100.0,adaptive,2026-07-04T11:37:08+01:00,6,2,220,14048,20,0.000000,945,985,945,40,4.0609,LOCAL_BEST,0,404,0,25661,4929,127,1544,-76,259.0674,0.0000,0,0,0,0,0,0
n012w8-0,n012w8,0,12,1500000,100.0,adaptive,2026-07-04T11:37:08+01:00,6,5,220,15224,63,0.000000,425,435,425,10,2.2989,GLOBAL_BEST,1,404,0,25241,11893,128,1176,43,85.0340,232.5581,0,0,0,0,0,0
n012w8-0,n012w8,0,12,1500000,100.0,adaptive,2026-07-04T11:37:08+01:00,6,2,220,16146,25,0.000000,930,945,930,15,1.5873,LOCAL_BEST,0,404,0,29183,6047,129,922,-38,162.6898,0.0000,0,0,0,0,0,0
n012w8-0,n012w8,0,12,1500000,100.0,adaptive,2026-07-04T11:37:08+01:00,6,2,220,16186,25,0.000000,910,930,910,20,2.1505,LOCAL_BEST,0,404,0,29254,6067,130,40,0,5000.0000,0.0000,0,0,0,0,0,0
n012w8-0,n012w8,0,12,1500000,100.0,adaptive,2026-07-04T11:37:08+01:00,6,8,220,16230,101,0.000000,265,280,265,15,5.3571,GLOBAL_BEST,3,404,0,25626,14913,131,44,76,3409.0909,197.3684,0,0,0,0,0,0
n012w8-0,n012w8,0,12,1500000,100.0,adaptive,2026-07-04T11:37:08+01:00,6,2,220,16499,25,0.000000,895,910,895,15,1.6484,LOCAL_BEST,0,404,0,29785,6234,132,269,-76,557.6208,0.0000,0,0,0,0,0,0
n012w8-0,n012w8,0,12,1500000,100.0,adaptive,2026-07-04T11:37:08+01:00,6,5,220,17198,66,0.000000,415,425,415,10,2.3529,GLOBAL_BEST,1,404,0,28535,13553,133,699,41,143.0615,243.9024,0,0,0,0,0,0
n012w8-0,n012w8,0,12,1500000,100.0,adaptive,2026-07-04T11:37:08+01:00,6,1,220,17687,27,84.968118,790,830,790,40,4.8193,GLOBAL_BEST,0,404,4285,32140,6193,134,489,-39,817.9959,0.0000,0,0,0,0,0,0
n012w8-0,n012w8,0,12,1500000,100.0,adaptive,2026-07-04T11:37:08+01:00,6,2,220,18898,28,0.000000,865,895,865,30,3.3520,LOCAL_BEST,0,404,0,33904,7484,135,1211,1,247.7291,30000.0000,0,0,0,0,0,0
n012w8-0,n012w8,0,12,1500000,100.0,adaptive,2026-07-04T11:37:08+01:00,6,2,220,19321,29,0.000000,845,865,845,20,2.3121,LOCAL_BEST,0,404,0,34647,7724,136,423,1,472.8132,20000.0000,0,0,0,0,0,0
n012w8-0,n012w8,0,12,1500000,100.0,adaptive,2026-07-04T11:37:08+01:00,6,2,220,19342,29,0.000000,760,845,760,85,10.0592,GLOBAL_BEST,0,404,0,34681,7731,137,21,0,40476.1905,0.0000,0,0,0,0,0,0
n012w8-0,n012w8,0,12,1500000,100.0,adaptive,2026-07-04T11:37:08+01:00,6,5,220,20939,71,0.000000,405,415,405,10,2.4096,GLOBAL_BEST,1,404,0,34430,16657,138,1597,42,62.6174,238.0952,0,0,0,0,0,0
n012w8-0,n012w8,0,12,1500000,100.0,adaptive,2026-07-04T11:37:08+01:00,6,5,220,20943,71,0.000000,390,405,390,15,3.7037,GLOBAL_BEST,1,404,0,34438,16659,139,4,0,37500.0000,0.0000,0,0,0,0,0,0
n012w8-0,n012w8,0,12,1500000,100.0,adaptive,2026-07-04T11:37:08+01:00,6,2,220,21588,33,0.000000,715,760,715,45,5.9211,GLOBAL_BEST,0,404,0,38649,9056,140,645,-38,697.6744,0.0000,0,0,0,0,0,0
n012w8-0,n012w8,0,12,1500000,100.0,adaptive,2026-07-04T11:37:08+01:00,6,5,220,21727,72,0.000000,375,390,375,15,3.8462,GLOBAL_BEST,1,404,0,35589,17324,141,139,39,1079.1367,384.6154,0,0,0,0,0,0
n012w8-0,n012w8,0,12,1500000,100.0,adaptive,2026-07-04T11:37:08+01:00,6,5,220,21736,72,0.000000,360,375,360,15,4.0000,GLOBAL_BEST,1,404,0,35596,17331,142,9,0,16666.6667,0.0000,0,0,0,0,0,0
n012w8-0,n012w8,0,12,1500000,100.0,adaptive,2026-07-04T11:37:08+01:00,6,2,220,25245,37,0.000000,710,715,710,5,0.6993,GLOBAL_BEST,0,404,0,44869,11292,143,3509,-35,14.2491,0.0000,0,0,0,0,0,0
n012w8-0,n012w8,0,12,1500000,100.0,adaptive,2026-07-04T11:37:08+01:00,6,2,220,26767,40,0.000000,610,710,610,100,14.0845,LOCAL_BEST,0,404,0,47440,12270,144,1522,3,657.0302,33333.3333,0,0,0,0,0,0
n012w8-0,n012w8,0,12,1500000,100.0,adaptive,2026-07-04T11:37:08+01:00,6,5,220,27131,80,0.000000,355,360,355,5,1.3889,GLOBAL_BEST,1,404,0,44314,22026,145,364,40,137.3626,125.0000,0,0,0,0,0,0
n012w8-0,n012w8,0,12,1500000,100.0,adaptive,2026-07-04T11:37:08+01:00,6,5,220,27598,80,0.000000,340,355,340,15,4.2254,LOCAL_BEST,1,404,0,45089,22422,146,467,0,321.1991,0.0000,0,0,0,0,0,0
n012w8-0,n012w8,0,12,1500000,100.0,adaptive,2026-07-04T11:37:08+01:00,6,1,220,27605,43,77.550392,770,790,770,20,2.5316,LOCAL_BEST,0,404,6482,49992,10080,147,7,-37,28571.4286,0.0000,0,0,0,0,0,0
n012w8-0,n012w8,0,12,1500000,100.0,adaptive,2026-07-04T11:37:08+01:00,6,3,220,34017,54,0.000000,1155,1165,1155,10,0.8584,LOCAL_BEST,0,404,12736,65184,1362,148,6412,11,15.5958,909.0909,0,0,0,0,0,0
n012w8-0,n012w8,0,12,1500000,100.0,adaptive,2026-07-04T11:37:08+01:00,6,4,220,35171,98,72.330256,685,710,685,25,3.5211,LOCAL_BEST,1,404,8098,63045,13130,149,1154,44,216.6378,568.1818,0,0,0,0,0,0
n012w8-0,n012w8,0,12,1500000,100.0,adaptive,2026-07-04T11:37:08+01:00,6,4,220,35172,98,72.329589,655,685,655,30,4.3796,LOCAL_BEST,1,404,8098,63045,13130,150,1,0,300000.0000,0.0000,0,0,0,0,0,0
n012w8-0,n012w8,0,12,1500000,100.0,adaptive,2026-07-04T11:37:08+01:00,6,4,220,35184,98,72.321596,595,655,595,60,9.1603,LOCAL_BEST,1,404,8098,63059,13141,151,12,0,50000.0000,0.0000,0,0,0,0,0,0
n012w8-0,n012w8,0,12,1500000,100.0,adaptive,2026-07-04T11:37:08+01:00,6,5,220,35974,92,0.000000,325,340,325,15,4.4118,LOCAL_BEST,1,404,0,58753,29798,152,790,-6,189.8734,0.0000,0,0,0,0,0,0
n012w8-0,n012w8,0,12,1500000,100.0,adaptive,2026-07-04T11:37:08+01:00,6,2,220,37628,56,0.000000,580,610,580,30,4.9180,LOCAL_BEST,0,404,0,65731,19680,153,1654,-36,181.3785,0.0000,0,0,0,0,0,0
n012w8-0,n012w8,0,12,1500000,100.0,adaptive,2026-07-04T11:37:08+01:00,6,1,220,38660,60,70.042881,720,770,720,50,6.4935,LOCAL_BEST,0,404,8780,69566,14720,154,1032,4,484.4961,12500.0000,0,0,0,0,0,0
n012w8-0,n012w8,0,12,1500000,100.0,adaptive,2026-07-04T11:37:08+01:00,6,1,220,38686,60,70.026110,690,720,690,30,4.1667,LOCAL_BEST,0,404,8784,69609,14738,155,26,0,11538.4615,0.0000,0,0,0,0,0,0
n012w8-0,n012w8,0,12,1500000,100.0,adaptive,2026-07-04T11:37:08+01:00,6,2,220,40402,61,0.000000,570,580,570,10,1.7241,LOCAL_BEST,0,404,0,70338,21545,156,1716,1,58.2751,10000.0000,0,0,0,0,0,0
n012w8-0,n012w8,0,12,1500000,100.0,adaptive,2026-07-04T11:37:08+01:00,6,2,220,40729,61,0.000000,550,570,550,20,3.5088,LOCAL_BEST,0,404,0,70813,21753,157,327,0,611.6208,0.0000,0,0,0,0,0,0
n012w8-0,n012w8,0,12,1500000,100.0,adaptive,2026-07-04T11:37:08+01:00,6,2,220,42837,64,0.000000,465,550,465,85,15.4545,LOCAL_BEST,0,404,0,74215,23372,158,2108,3,403.2258,28333.3333,0,0,0,0,0,0
n012w8-0,n012w8,0,12,1500000,100.0,adaptive,2026-07-04T11:37:08+01:00,6,5,220,47071,111,0.000000,320,325,320,5,1.5385,LOCAL_BEST,1,404,0,76004,39589,159,4234,47,11.8092,106.3830,0,0,0,0,0,0
n012w8-0,n012w8,0,12,1500000,100.0,adaptive,2026-07-04T11:37:08+01:00,6,2,220,47465,70,0.000000,445,465,445,20,4.3011,LOCAL_BEST,0,404,0,81653,26986,160,394,-41,507.6142,0.0000,0,0,0,0,0,0
n012w8-0,n012w8,0,12,1500000,100.0,adaptive,2026-07-04T11:37:08+01:00,6,2,220,47681,70,0.000000,425,445,425,20,4.4944,LOCAL_BEST,0,404,0,81999,27152,161,216,0,925.9259,0.0000,0,0,0,0,0,0
n012w8-0,n012w8,0,12,1500000,100.0,adaptive,2026-07-04T11:37:08+01:00,6,4,220,48321,120,64.079631,590,595,590,5,0.8403,LOCAL_BEST,1,404,10649,86217,19079,162,640,50,78.1250,100.0000,0,0,0,0,0,0
n012w8-0,n012w8,0,12,1500000,100.0,adaptive,2026-07-04T11:37:08+01:00,6,1,220,51888,79,62.008611,685,690,685,5,0.7246,LOCAL_BEST,0,404,11393,92551,20770,163,3567,-41,14.0174,0.0000,0,0,0,0,0,0
n012w8-0,n012w8,0,12,1500000,100.0,adaptive,2026-07-04T11:37:08+01:00,6,1,220,51890,79,62.007468,670,685,670,15,2.1898,LOCAL_BEST,0,404,11393,92555,20771,164,2,0,75000.0000,0.0000,0,0,0,0,0,0
n012w8-0,n012w8,0,12,1500000,100.0,adaptive,2026-07-04T11:37:08+01:00,6,5,220,52293,118,0.000000,310,320,310,10,3.1250,LOCAL_BEST,1,404,0,83930,44170,165,403,39,248.1390,256.4103,0,0,0,0,0,0
n012w8-0,n012w8,0,12,1500000,100.0,adaptive,2026-07-04T11:37:08+01:00,6,1,220,55403,85,60.033270,655,670,655,15,2.2388,LOCAL_BEST,0,404,12033,98650,22503,166,3110,-33,48.2315,0.0000,0,0,0,0,0,0
n012w8-0,n012w8,0,12,1500000,100.0,adaptive,2026-07-04T11:37:08+01:00,6,5,220,60259,129,0.000000,295,310,295,15,4.8387,LOCAL_BEST,1,404,0,96426,51220,167,4856,44,30.8896,340.9091,0,0,0,0,0,0
n012w8-0,n012w8,0,12,1500000,100.0,adaptive,2026-07-04T11:37:08+01:00,6,2,220,61750,90,0.000000,415,425,415,10,2.3529,LOCAL_BEST,0,404,0,104862,38671,168,1491,-39,67.0691,0.0000,0,0,0,0,0,0
n012w8-0,n012w8,0,12,1500000,100.0,adaptive,2026-07-04T11:37:08+01:00,6,2,220,62968,92,0.000000,385,415,385,30,7.2289,LOCAL_BEST,0,404,0,106623,39637,169,1218,2,246.3054,15000.0000,0,0,0,0,0,0
n012w8-0,n012w8,0,12,1500000,100.0,adaptive,2026-07-04T11:37:08+01:00,6,5,220,67637,139,0.000000,280,295,280,15,5.0847,LOCAL_BEST,1,404,0,108249,57677,170,4669,47,32.1268,319.1489,0,0,0,0,0,0
n012w8-0,n012w8,0,12,1500000,100.0,adaptive,2026-07-04T11:37:08+01:00,6,4,220,69552,168,52.698227,585,590,585,5,0.8475,LOCAL_BEST,1,404,14352,123745,29824,171,1915,29,26.1097,172.4138,0,0,0,0,0,0
n012w8-0,n012w8,0,12,1500000,100.0,adaptive,2026-07-04T11:37:08+01:00,6,5,220,69791,142,0.000000,235,280,235,45,16.0714,GLOBAL_BEST,1,404,0,111560,59582,172,239,-26,1882.8452,0.0000,0,0,0,0,0,0
n012w8-0,n012w8,0,12,1500000,100.0,adaptive,2026-07-04T11:37:08+01:00,6,2,220,70106,101,0.000000,355,385,355,30,7.7922,LOCAL_BEST,0,404,0,117785,45626,173,315,-41,952.3810,0.0000,0,0,0,0,0,0
n012w8-0,n012w8,0,12,1500000,100.0,adaptive,2026-07-04T11:37:08+01:00,6,1,220,72355,112,51.355150,590,655,590,65,9.9237,LOCAL_BEST,0,404,14884,128120,31189,174,2249,11,289.0173,5909.0909,0,0,0,0,0,0
n012w8-0,n012w8,0,12,1500000,100.0,adaptive,2026-07-04T11:37:08+01:00,6,1,220,72362,112,51.351839,580,590,580,10,1.6949,LOCAL_BEST,0,404,14884,128131,31193,175,7,0,14285.7143,0.0000,0,0,0,0,0,0
n012w8-0,n012w8,0,12,1500000,100.0,adaptive,2026-07-04T11:37:08+01:00,6,1,220,76369,118,49.491202,560,580,560,20,3.4483,LOCAL_BEST,0,404,15510,135036,33351,176,4007,6,49.9127,3333.3333,0,0,0,0,0,0
n012w8-0,n012w8,0,12,1500000,100.0,adaptive,2026-07-04T11:37:08+01:00,6,1,220,81284,125,47.300747,545,560,545,15,2.6786,LOCAL_BEST,0,404,16217,143050,36195,177,4915,7,30.5188,2142.8571,0,0,0,0,0,0
n012w8-0,n012w8,0,12,1500000,100.0,adaptive,2026-07-04T11:37:08+01:00,6,1,220,81311,125,47.288986,515,545,515,30,5.5046,LOCAL_BEST,0,404,16218,143102,36215,178,27,0,11111.1111,0.0000,0,0,0,0,0,0
n012w8-0,n012w8,0,12,1500000,100.0,adaptive,2026-07-04T11:37:08+01:00,6,1,220,81318,125,47.285937,500,515,500,15,2.9126,LOCAL_BEST,0,404,16218,143112,36221,179,7,0,21428.5714,0.0000,0,0,0,0,0,0
n012w8-0,n012w8,0,12,1500000,100.0,adaptive,2026-07-04T11:37:08+01:00,6,4,220,85783,204,45.380785,575,585,575,10,1.7094,LOCAL_BEST,1,404,16874,151481,38780,180,4465,79,22.3964,126.5823,0,0,0,0,0,0
n012w8-0,n012w8,0,12,1500000,100.0,adaptive,2026-07-04T11:37:08+01:00,6,4,220,94226,224,41.985565,560,575,560,15,2.6087,LOCAL_BEST,1,404,18023,166088,43812,181,8443,20,17.7662,750.0000,0,0,0,0,0,0
n012w8-0,n012w8,0,12,1500000,100.0,adaptive,2026-07-04T11:37:08+01:00,6,2,220,97297,145,0.000000,345,355,345,10,2.8169,LOCAL_BEST,0,404,0,161653,69387,182,3071,-79,32.5627,0.0000,0,0,0,0,0,0
n012w8-0,n012w8,0,12,1500000,100.0,adaptive,2026-07-04T11:37:08+01:00,6,4,220,99411,236,40.027641,555,560,555,5,0.8929,LOCAL_BEST,1,404,18632,174813,47063,183,2114,91,23.6518,54.9451,0,0,0,0,0,0
n012w8-0,n012w8,0,12,1500000,100.0,adaptive,2026-07-04T11:37:08+01:00,6,2,220,100817,151,0.000000,340,345,340,5,1.4493,LOCAL_BEST,0,404,0,167103,72570,184,1406,-85,35.5619,0.0000,0,0,0,0,0,0
n012w8-0,n012w8,0,12,1500000,100.0,adaptive,2026-07-04T11:37:08+01:00,6,2,220,103690,158,0.000000,330,340,330,10,2.9412,LOCAL_BEST,0,404,0,171784,75184,185,2873,7,34.8068,1428.5714,0,0,0,0,0,0
n012w8-0,n012w8,0,12,1500000,100.0,adaptive,2026-07-04T11:37:08+01:00,6,5,220,104992,202,0.000000,225,235,225,10,4.2553,GLOBAL_BEST,1,404,0,169152,91705,186,1302,44,76.8049,227.2727,0,0,0,0,0,0
n012w8-0,n012w8,0,12,1500000,100.0,adaptive,2026-07-04T11:37:08+01:00,6,4,220,110121,262,36.267699,550,555,550,5,0.9009,LOCAL_BEST,1,404,19917,192458,53835,187,5129,60,9.7485,83.3333,0,0,0,0,0,0
n012w8-0,n012w8,0,12,1500000,100.0,adaptive,2026-07-04T11:37:08+01:00,6,4,220,110160,262,36.254674,535,550,535,15,2.7273,LOCAL_BEST,1,404,19918,192527,53868,188,39,0,3846.1538,0.0000,0,0,0,0,0,0
n012w8-0,n012w8,0,12,1500000,100.0,adaptive,2026-07-04T11:37:08+01:00,6,4,220,110169,262,36.251669,520,535,520,15,2.8037,LOCAL_BEST,1,404,19918,192537,53873,189,9,0,16666.6667,0.0000,0,0,0,0,0,0
n012w8-0,n012w8,0,12,1500000,100.0,adaptive,2026-07-04T11:37:08+01:00,6,4,220,110670,263,36.084775,510,520,510,10,1.9231,LOCAL_BEST,1,404,19980,193334,54206,190,501,1,199.6008,10000.0000,0,0,0,0,0,0
n012w8-0,n012w8,0,12,1500000,100.0,adaptive,2026-07-04T11:37:08+01:00,6,1,220,112509,181,35.478725,480,500,480,20,4.0000,LOCAL_BEST,0,404,20117,196806,55713,191,1839,-82,108.7548,0.0000,0,0,0,0,0,0
n012w8-0,n012w8,0,12,1500000,100.0,adaptive,2026-07-04T11:37:08+01:00,6,4,220,116739,272,34.123062,505,510,505,5,0.9804,LOCAL_BEST,1,404,20659,203295,58183,192,4230,91,11.8203,54.9451,0,0,0,0,0,0
n012w8-0,n012w8,0,12,1500000,100.0,adaptive,2026-07-04T11:37:08+01:00,6,4,220,116745,272,34.121177,445,505,445,60,11.8812,LOCAL_BEST,1,404,20659,203310,58187,193,6,0,100000.0000,0.0000,0,0,0,0,0,0
n012w8-0,n012w8,0,12,1500000,100.0,adaptive,2026-07-04T11:37:08+01:00,6,4,220,116746,272,34.120862,400,445,400,45,10.1124,LOCAL_BEST,1,404,20659,203312,58187,194,1,0,450000.0000,0.0000,0,0,0,0,0,0
n012w8-0,n012w8,0,12,1500000,100.0,adaptive,2026-07-04T11:37:08+01:00,6,7,220,135483,313,28.712566,330,355,330,25,7.0423,LOCAL_BEST,2,404,22201,236637,71374,195,18737,41,13.3426,609.7561,0,0,0,0,0,0
n012w8-0,n012w8,0,12,1500000,100.0,adaptive,2026-07-04T11:37:08+01:00,6,7,220,135490,313,28.710714,300,330,300,30,9.0909,LOCAL_BEST,2,404,22201,236644,71380,196,7,0,42857.1429,0.0000,0,0,0,0,0,0
n012w8-0,n012w8,0,12,1500000,100.0,adaptive,2026-07-04T11:37:08+01:00,6,7,220,135491,313,28.710450,270,300,270,30,10.0000,LOCAL_BEST,2,404,22201,236645,71380,197,1,0,300000.0000,0.0000,0,0,0,0,0,0
n012w8-0,n012w8,0,12,1500000,100.0,adaptive,2026-07-04T11:37:08+01:00,6,7,220,135557,313,28.693003,255,270,255,15,5.5556,LOCAL_BEST,2,404,22202,236739,71440,198,66,0,2272.7273,0.0000,0,0,0,0,0,0
n012w8-0,n012w8,0,12,1500000,100.0,adaptive,2026-07-04T11:37:08+01:00,6,4,220,141003,314,27.289275,385,400,385,15,3.7500,LOCAL_BEST,1,404,22826,243622,75403,199,5446,1,27.5432,15000.0000,0,0,0,0,0,0
n012w8-0,n012w8,0,12,1500000,100.0,adaptive,2026-07-04T11:37:08+01:00,6,4,220,141013,314,27.286762,355,385,355,30,7.7922,LOCAL_BEST,1,404,22827,243634,75410,200,10,0,30000.0000,0.0000,0,0,0,0,0,0
n012w8-0,n012w8,0,12,1500000,100.0,adaptive,2026-07-04T11:37:08+01:00,6,1,220,142386,225,26.943872,475,480,475,5,1.0417,LOCAL_BEST,0,404,22889,247317,76464,201,1373,-89,36.4166,0.0000,0,0,0,0,0,0
n012w8-0,n012w8,0,12,1500000,100.0,adaptive,2026-07-04T11:37:08+01:00,6,1,220,142436,225,26.931466,460,475,460,15,3.1579,LOCAL_BEST,0,404,22890,247409,76510,202,50,0,3000.0000,0.0000,0,0,0,0,0,0
n012w8-0,n012w8,0,12,1500000,100.0,adaptive,2026-07-04T11:37:08+01:00,6,1,220,142467,225,26.923778,450,460,450,10,2.1739,LOCAL_BEST,0,404,22892,247464,76536,203,31,0,3225.8065,0.0000,0,0,0,0,0,0
n012w8-0,n012w8,0,12,1500000,100.0,adaptive,2026-07-04T11:37:08+01:00,6,1,220,142474,225,26.922042,435,450,435,15,3.3333,LOCAL_BEST,0,404,22892,247474,76542,204,7,0,21428.5714,0.0000,0,0,0,0,0,0
n012w8-0,n012w8,0,12,1500000,100.0,adaptive,2026-07-04T11:37:08+01:00,6,1,220,142735,226,26.857402,420,435,420,15,3.4483,LOCAL_BEST,0,404,22911,247933,76736,205,261,1,574.7126,15000.0000,0,0,0,0,0,0
n012w8-0,n012w8,0,12,1500000,100.0,adaptive,2026-07-04T11:37:08+01:00,6,1,220,142736,226,26.857155,405,420,405,15,3.5714,LOCAL_BEST,0,404,22911,247933,76736,206,1,0,150000.0000,0.0000,0,0,0,0,0,0
n012w8-0,n012w8,0,12,1500000,100.0,adaptive,2026-07-04T11:37:08+01:00,6,1,220,143932,228,26.562931,370,405,370,35,8.6420,LOCAL_BEST,0,404,22984,249756,77685,207,1196,2,292.6421,17500.0000,0,0,0,0,0,0
n012w8-0,n012w8,0,12,1500000,100.0,adaptive,2026-07-04T11:37:08+01:00,6,1,220,144066,228,26.530168,355,370,355,15,4.0541,LOCAL_BEST,0,404,22993,249964,77792,208,134,0,1119.4030,0.0000,0,0,0,0,0,0
n012w8-0,n012w8,0,12,1500000,100.0,adaptive,2026-07-04T11:37:08+01:00,6,1,220,144067,228,26.529924,340,355,340,15,4.2254,LOCAL_BEST,0,404,22993,249965,77792,209,1,0,150000.0000,0.0000,0,0,0,0,0,0
n012w8-0,n012w8,0,12,1500000,100.0,adaptive,2026-07-04T11:37:08+01:00,6,3,220,151767,298,0.000000,1150,1155,1150,5,0.4329,LOCAL_BEST,0,404,56993,290958,6125,210,7700,70,6.4935,71.4286,0,0,0,0,0,0
n012w8-0,n012w8,0,12,1500000,100.0,adaptive,2026-07-04T11:37:08+01:00,6,7,220,174692,401,20.009489,250,255,250,5,1.9608,LOCAL_BEST,2,404,24609,300852,102010,211,22925,103,2.1810,48.5437,0,0,0,0,0,0
n012w8-0,n012w8,0,12,1500000,100.0,adaptive,2026-07-04T11:37:08+01:00,6,4,220,176124,371,19.747313,350,355,350,5,1.4085,LOCAL_BEST,1,404,24886,301751,102798,212,1432,-30,34.9162,0.0000,0,0,0,0,0,0
n012w8-0,n012w8,0,12,1500000,100.0,adaptive,2026-07-04T11:37:08+01:00,6,4,220,176132,371,19.745858,335,350,335,15,4.2857,LOCAL_BEST,1,404,24886,301764,102805,213,8,0,18750.0000,0.0000,0,0,0,0,0,0
n012w8-0,n012w8,0,12,1500000,100.0,adaptive,2026-07-04T11:37:08+01:00,6,4,220,177935,373,19.420661,320,335,320,15,4.4776,LOCAL_BEST,1,404,24964,304514,104306,214,1803,2,83.1947,7500.0000,0,0,0,0,0,0
n012w8-0,n012w8,0,12,1500000,100.0,adaptive,2026-07-04T11:37:08+01:00,6,4,220,185699,387,18.080399,315,320,315,5,1.5625,LOCAL_BEST,1,404,25297,317438,110834,215,7764,14,6.4400,357.1429,0,0,0,0,0,0
n012w8-0,n012w8,0,12,1500000,100.0,adaptive,2026-07-04T11:37:08+01:00,6,4,220,191626,396,17.119852,310,315,310,5,1.5873,LOCAL_BEST,1,404,25525,327368,115906,216,5927,9,8.4360,555.5556,0,0,0,0,0,0
n012w8-0,n012w8,0,12,1500000,100.0,adaptive,2026-07-04T11:37:08+01:00,6,1,220,191661,311,17.114334,325,340,325,15,4.4118,LOCAL_BEST,0,404,25437,327505,115982,217,35,-85,4285.7143,0.0000,0,0,0,0,0,0
n012w8-0,n012w8,0,12,1500000,100.0,adaptive,2026-07-04T11:37:08+01:00,6,1,220,192784,313,16.938229,310,325,310,15,4.6154,LOCAL_BEST,0,404,25462,329350,116977,218,1123,2,133.5708,7500.0000,0,0,0,0,0,0
n012w8-0,n012w8,0,12,1500000,100.0,adaptive,2026-07-04T11:37:08+01:00,6,1,220,192789,313,16.937449,295,310,295,15,4.8387,LOCAL_BEST,0,404,25462,329357,116980,219,5,0,30000.0000,0.0000,0,0,0,0,0,0
n012w8-0,n012w8,0,12,1500000,100.0,adaptive,2026-07-04T11:37:08+01:00,6,3,220,193266,402,0.000000,1100,1150,1100,50,4.3478,LOCAL_BEST,0,404,72479,370572,7857,220,477,89,1048.2180,561.7978,0,0,0,0,0,0
n012w8-0,n012w8,0,12,1500000,100.0,adaptive,2026-07-04T11:37:08+01:00,6,4,220,201997,417,15.560230,295,310,295,15,4.8387,LOCAL_BEST,1,404,25869,344214,124815,221,8731,15,17.1802,1000.0000,0,0,0,0,0,0
n012w8-0,n012w8,0,12,1500000,100.0,adaptive,2026-07-04T11:37:08+01:00,6,4,220,202010,417,15.558367,280,295,280,15,5.0847,LOCAL_BEST,1,404,25869,344235,124826,222,13,0,11538.4615,0.0000,0,0,0,0,0,0
n012w8-0,n012w8,0,12,1500000,100.0,adaptive,2026-07-04T11:37:08+01:00,6,4,220,202064,417,15.550630,250,280,250,30,10.7143,LOCAL_BEST,1,404,25869,344320,124876,223,54,0,5555.5556,0.0000,0,0,0,0,0,0
n012w8-0,n012w8,0,12,1500000,100.0,adaptive,2026-07-04T11:37:08+01:00,6,7,220,203332,461,15.370075,240,250,240,10,4.0000,LOCAL_BEST,2,404,25677,347477,126137,224,1268,44,78.8644,227.2727,0,0,0,0,0,0
n012w8-0,n012w8,0,12,1500000,100.0,adaptive,2026-07-04T11:37:08+01:00,6,10,220,219524,563,13.240610,220,235,220,15,6.3830,GLOBAL_BEST,4,404,25972,371019,140837,225,16192,102,9.2638,147.0588,0,0,0,0,0,0
n012w8-0,n012w8,0,12,1500000,100.0,adaptive,2026-07-04T11:37:08+01:00,6,1,220,219575,369,13.234392,280,295,280,15,5.0847,LOCAL_BEST,0,404,26182,372369,139917,226,51,-194,2941.1765,0.0000,0,0,0,0,0,0
n012w8-0,n012w8,0,12,1500000,100.0,adaptive,2026-07-04T11:37:08+01:00,6,10,220,219643,563,13.226106,205,220,205,15,6.8182,GLOBAL_BEST,4,404,25973,371161,140942,227,68,194,2205.8824,77.3196,0,0,0,0,0,0
n012w8-0,n012w8,0,12,1500000,100.0,adaptive,2026-07-04T11:37:08+01:00,6,1,220,220597,372,13.110402,265,280,265,15,5.3571,LOCAL_BEST,0,404,26200,374058,140828,228,954,-191,157.2327,0.0000,0,0,0,0,0,0
n012w8-0,n012w8,0,12,1500000,100.0,adaptive,2026-07-04T11:37:08+01:00,6,1,220,225820,382,12.494647,250,265,250,15,5.6604,LOCAL_BEST,0,404,26288,382358,145475,229,5223,10,28.7191,1500.0000,0,0,0,0,0,0
n012w8-0,n012w8,0,12,1500000,100.0,adaptive,2026-07-04T11:37:08+01:00,6,4,220,231498,481,11.858015,240,250,240,10,4.0000,LOCAL_BEST,1,404,26449,389087,151306,230,5678,99,17.6118,101.0101,0,0,0,0,0,0
n012w8-0,n012w8,0,12,1500000,100.0,adaptive,2026-07-04T11:37:08+01:00,6,13,220,251462,638,9.866338,220,225,220,5,2.2222,LOCAL_BEST,5,404,26674,425754,169382,231,19964,157,2.5045,31.8471,0,0,0,0,0,0
n012w8-0,n012w8,0,12,1500000,100.0,adaptive,2026-07-04T11:37:08+01:00,6,13,220,254154,643,9.624718,205,220,205,15,6.8182,LOCAL_BEST,5,404,26702,429867,171878,232,2692,5,55.7207,3000.0000,0,0,0,0,0,0
n012w8-0,n012w8,0,12,1500000,100.0,adaptive,2026-07-04T11:37:08+01:00,6,7,220,282602,613,7.406210,230,240,230,10,4.1667,LOCAL_BEST,2,404,26790,471993,197897,233,28448,-30,3.5152,0.0000,0,0,0,0,0,0
n012w8-0,n012w8,0,12,1500000,100.0,adaptive,2026-07-04T11:37:08+01:00,6,10,220,288411,667,7.020370,190,205,190,15,7.3171,LOCAL_BEST,4,404,26638,480231,204671,234,5809,54,25.8220,277.7778,0,0,0,0,0,0
n012w8-0,n012w8,0,12,1500000,100.0,adaptive,2026-07-04T11:37:08+01:00,6,3,220,303107,648,0.000000,1035,1100,1035,65,5.9091,LOCAL_BEST,0,404,113651,581730,12360,235,14696,-19,44.2297,0.0000,0,0,0,0,0,0
n012w8-0,n012w8,0,12,1500000,100.0,adaptive,2026-07-04T11:37:08+01:00,6,10,220,338411,751,4.429513,220,190,190,0,0.0000,REHEAT,4,404,26710,562491,252737,236,35304,103,0.0000,0.0000,0,0,0,0,0,1
n012w8-0,n012w8,0,12,1500000,100.0,adaptive,2026-07-04T11:37:08+01:00,6,10,220,388411,861,63.095734,1355,190,190,0,0.0000,REHEAT,4,404,37551,651747,273134,237,50000,110,0.0000,0.0000,0,0,0,0,0,1
n012w8-0,n012w8,0,12,1500000,100.0,adaptive,2026-07-04T11:37:08+01:00,6,10,220,438411,966,63.095734,1435,190,190,0,0.0000,REHEAT,4,404,48499,740878,293046,238,50000,105,0.0000,0.0000,0,0,0,0,0,1
n012w8-0,n012w8,0,12,1500000,100.0,adaptive,2026-07-04T11:37:08+01:00,6,10,220,488411,1074,63.095734,1515,190,190,0,0.0000,REHEAT,4,404,59492,831109,312846,239,50000,108,0.0000,0.0000,0,0,0,0,0,1
n012w8-0,n012w8,0,12,1500000,100.0,adaptive,2026-07-04T11:37:08+01:00,6,10,220,538411,1164,63.095734,1425,190,190,0,0.0000,REHEAT,4,404,70312,921445,332975,240,50000,90,0.0000,0.0000,0,0,0,0,0,1
n012w8-0,n012w8,0,12,1500000,100.0,adaptive,2026-07-04T11:37:08+01:00,6,10,220,588411,1252,63.095734,1120,190,190,0,0.0000,REHEAT,4,404,81212,1011517,352782,241,50000,88,0.0000,0.0000,0,0,0,0,0,1
n012w8-0,n012w8,0,12,1500000,100.0,adaptive,2026-07-04T11:37:08+01:00,6,10,220,638411,1350,63.095734,1275,190,190,0,0.0000,REHEAT,4,404,92366,1100964,372268,242,50000,98,0.0000,0.0000,0,0,0,0,0,1
n012w8-0,n012w8,0,12,1500000,100.0,adaptive,2026-07-04T11:37:08+01:00,6,10,220,688411,1468,63.095734,1420,190,190,0,0.0000,REHEAT,4,404,103295,1190736,392052,243,50000,118,0.0000,0.0000,0,0,0,0,0,1
n012w8-0,n012w8,0,12,1500000,100.0,adaptive,2026-07-04T11:37:08+01:00,6,10,220,738411,1580,63.095734,1415,190,190,0,0.0000,REHEAT,4,404,114209,1280510,412157,244,50000,112,0.0000,0.0000,0,0,0,0,0,1
n012w8-0,n012w8,0,12,1500000,100.0,adaptive,2026-07-04T11:37:08+01:00,6,10,220,788411,1701,63.095734,1480,190,190,0,0.0000,REHEAT,4,404,125039,1370378,432474,245,50000,121,0.0000,0.0000,0,0,0,0,0,1
n012w8-0,n012w8,0,12,1500000,100.0,adaptive,2026-07-04T11:37:08+01:00,6,10,220,838411,1813,63.095734,1110,190,190,0,0.0000,REHEAT,4,404,135993,1460848,452414,246,50000,112,0.0000,0.0000,0,0,0,0,0,1
n012w8-0,n012w8,0,12,1500000,100.0,adaptive,2026-07-04T11:37:08+01:00,6,10,220,888411,1916,63.095734,1445,190,190,0,0.0000,REHEAT,4,404,146936,1549832,472441,247,50000,103,0.0000,0.0000,0,0,0,0,0,1
n012w8-0,n012w8,0,12,1500000,100.0,adaptive,2026-07-04T11:37:08+01:00,6,10,220,938411,2026,63.095734,970,190,190,0,0.0000,REHEAT,4,404,157798,1638337,492678,248,50000,110,0.0000,0.0000,0,0,0,0,0,1
n012w8-0,n012w8,0,12,1500000,100.0,adaptive,2026-07-04T11:37:08+01:00,6,3,220,959436,2052,0.000000,1000,1035,1000,35,3.3816,LOCAL_BEST,0,404,359293,1839075,39450,249,21025,26,16.6468,1346.1538,0,0,0,0,0,0
n012w8-0,n012w8,0,12,1500000,100.0,adaptive,2026-07-04T11:37:08+01:00,6,10,220,988411,2131,63.095734,1515,190,190,0,0.0000,REHEAT,4,404,168804,1728580,512645,250,28975,79,0.0000,0.0000,0,0,0,0,0,1
n012w8-0,n012w8,0,12,1500000,100.0,adaptive,2026-07-04T11:37:08+01:00,6,3,220,1028476,2202,0.000000,950,1000,950,50,5.0000,LOCAL_BEST,0,404,385071,1971020,42296,251,40065,71,12.4797,704.2254,0,0,0,0,0,0
n012w8-0,n012w8,0,12,1500000,100.0,adaptive,2026-07-04T11:37:08+01:00,6,10,220,1038411,2236,63.095734,890,190,190,0,0.0000,REHEAT,4,404,179704,1817970,532917,252,9935,34,0.0000,0.0000,0,0,0,0,0,1
n012w8-0,n012w8,0,12,1500000,100.0,adaptive,2026-07-04T11:37:08+01:00,6,10,220,1088411,2328,63.095734,1450,190,190,0,0.0000,REHEAT,4,404,190642,1908034,553005,253,50000,92,0.0000,0.0000,0,0,0,0,0,1
n012w8-0,n012w8,0,12,1500000,100.0,adaptive,2026-07-04T11:37:08+01:00,6,10,220,1138411,2443,63.095734,1030,190,190,0,0.0000,REHEAT,4,404,201492,1997362,573129,254,50000,115,0.0000,0.0000,0,0,0,0,0,1
n012w8-0,n012w8,0,12,1500000,100.0,adaptive,2026-07-04T11:37:08+01:00,6,10,220,1188411,2560,63.095734,1450,190,190,0,0.0000,REHEAT,4,404,212496,2085982,593204,255,50000,117,0.0000,0.0000,0,0,0,0,0,1
n012w8-0,n012w8,0,12,1500000,100.0,adaptive,2026-07-04T11:37:08+01:00,6,10,220,1238411,2656,63.095734,1630,190,190,0,0.0000,REHEAT,4,404,223539,2174502,613169,256,50000,96,0.0000,0.0000,0,0,0,0,0,1
n012w8-0,n012w8,0,12,1500000,100.0,adaptive,2026-07-04T11:37:08+01:00,6,10,220,1288411,2778,63.095734,970,190,190,0,0.0000,REHEAT,4,404,234485,2264374,633026,257,50000,122,0.0000,0.0000,0,0,0,0,0,1
n012w8-0,n012w8,0,12,1500000,100.0,adaptive,2026-07-04T11:37:08+01:00,6,10,220,1338411,2870,63.095734,1345,190,190,0,0.0000,REHEAT,4,404,245471,2353897,652922,258,50000,92,0.0000,0.0000,0,0,0,0,0,1
n012w8-0,n012w8,0,12,1500000,100.0,adaptive,2026-07-04T11:37:08+01:00,6,10,220,1388411,2961,63.095734,1115,190,190,0,0.0000,REHEAT,4,404,256432,2444154,672945,259,50000,91,0.0000,0.0000,0,0,0,0,0,1
n012w8-0,n012w8,0,12,1500000,100.0,adaptive,2026-07-04T11:37:08+01:00,6,10,220,1438411,3037,63.095734,1075,190,190,0,0.0000,REHEAT,4,404,267375,2534730,692764,260,50000,76,0.0000,0.0000,0,0,0,0,0,1
n012w8-0,n012w8,0,12,1500000,100.0,adaptive,2026-07-04T11:37:08+01:00,6,10,220,1488411,3134,63.095734,1635,190,190,0,0.0000,REHEAT,4,404,278365,2624576,712601,261,50000,97,0.0000,0.0000,0,0,0,0,0,1
n012w8-0,n012w8,0,12,1500000,100.0,adaptive,2026-07-04T11:37:08+01:00,7,1,301,1,1,100.000000,3325,3355,3325,30,0.8942,GLOBAL_BEST,0,42,0,0,0,1,1,1,300000.0000,30000.0000,0,0,0,0,0,0
n012w8-0,n012w8,0,12,1500000,100.0,adaptive,2026-07-04T11:37:08+01:00,7,2,301,2,1,0.000000,3345,3355,3345,10,0.2981,LOCAL_BEST,0,42,0,9,0,2,1,0,100000.0000,0.0000,0,0,0,0,0,0
n012w8-0,n012w8,0,12,1500000,100.0,adaptive,2026-07-04T11:37:08+01:00,7,3,301,2,1,0.000000,3240,3355,3240,115,3.4277,GLOBAL_BEST,0,42,0,13,0,3,0,0,0.0000,0.0000,0,0,0,0,0,0
n012w8-0,n012w8,0,12,1500000,100.0,adaptive,2026-07-04T11:37:08+01:00,7,1,301,2,1,99.999539,3295,3325,3295,30,0.9023,LOCAL_BEST,0,42,0,5,0,4,0,0,0.0000,0.0000,0,0,0,0,0,0
n012w8-0,n012w8,0,12,1500000,100.0,adaptive,2026-07-04T11:37:08+01:00,7,2,301,3,1,0.000000,3270,3345,3270,75,2.2422,LOCAL_BEST,0,42,0,9,0,5,1,0,750000.0000,0.0000,0,0,0,0,0,0
n012w8-0,n012w8,0,12,1500000,100.0,adaptive,2026-07-04T11:37:08+01:00,7,4,301,3,39,99.999079,645,660,645,15,2.2727,GLOBAL_BEST,1,42,0,6,2,6,0,38,0.0000,394.7368,0,0,0,0,0,0
n012w8-0,n012w8,0,12,1500000,100.0,adaptive,2026-07-04T11:37:08+01:00,7,2,301,4,1,0.000000,3120,3270,3120,150,4.5872,GLOBAL_BEST,0,42,0,11,0,7,1,-38,1500000.0000,0.0000,0,0,0,0,0,0
n012w8-0,n012w8,0,12,1500000,100.0,adaptive,2026-07-04T11:37:08+01:00,7,1,301,4,1,99.998618,3280,3295,3280,15,0.4552,LOCAL_BEST,0,42,0,8,0,8,0,0,0.0000,0.0000,0,0,0,0,0,0
n012w8-0,n012w8,0,12,1500000,100.0,adaptive,2026-07-04T11:37:08+01:00,7,2,301,5,1,0.000000,3105,3120,3105,15,0.4808,GLOBAL_BEST,0,42,0,13,0,9,1,0,150000.0000,0.0000,0,0,0,0,0,0
n012w8-0,n012w8,0,12,1500000,100.0,adaptive,2026-07-04T11:37:08+01:00,7,1,301,5,1,99.998158,3250,3280,3250,30,0.9146,LOCAL_BEST,0,42,0,8,0,10,0,0,0.0000,0.0000,0,0,0,0,0,0
n012w8-0,n012w8,0,12,1500000,100.0,adaptive,2026-07-04T11:37:08+01:00,7,1,301,9,1,99.996316,3115,3250,3115,135,4.1538,LOCAL_BEST,0,42,1,22,0,11,4,0,337500.0000,0.0000,0,0,0,0,0,0
n012w8-0,n012w8,0,12,1500000,100.0,adaptive,2026-07-04T11:37:08+01:00,7,3,301,11,1,0.000000,3120,3240,3120,120,3.7037,LOCAL_BEST,0,42,0,28,1,12,2,0,600000.0000,0.0000,0,0,0,0,0,0
n012w8-0,n012w8,0,12,1500000,100.0,adaptive,2026-07-04T11:37:08+01:00,7,1,301,12,1,99.994934,3085,3115,3085,30,0.9631,GLOBAL_BEST,0,42,1,26,0,13,1,0,300000.0000,0.0000,0,0,0,0,0,0
n012w8-0,n012w8,0,12,1500000,100.0,adaptive,2026-07-04T11:37:08+01:00,7,1,301,13,1,99.994474,3025,3085,3025,60,1.9449,GLOBAL_BEST,0,42,1,26,0,14,1,0,600000.0000,0.0000,0,0,0,0,0,0
n012w8-0,n012w8,0,12,1500000,100.0,adaptive,2026-07-04T11:37:08+01:00,7,3,301,15,1,0.000000,3060,3120,3060,60,1.9231,GLOBAL_BEST,0,42,0,35,1,15,2,0,300000.0000,0.0000,0,0,0,0,0,0
n012w8-0,n012w8,0,12,1500000,100.0,adaptive,2026-07-04T11:37:08+01:00,7,3,301,17,1,0.000000,2910,3060,2910,150,4.9020,GLOBAL_BEST,0,42,0,41,1,16,2,0,750000.0000,0.0000,0,0,0,0,0,0
n012w8-0,n012w8,0,12,1500000,100.0,adaptive,2026-07-04T11:37:08+01:00,7,3,301,18,1,0.000000,2730,2910,2730,180,6.1856,GLOBAL_BEST,0,42,0,42,1,17,1,0,1800000.0000,0.0000,0,0,0,0,0,0
n012w8-0,n012w8,0,12,1500000,100.0,adaptive,2026-07-04T11:37:08+01:00,7,1,301,18,1,99.992172,2845,3025,2845,180,5.9504,LOCAL_BEST,0,42,1,32,0,18,0,0,0.0000,0.0000,0,0,0,0,0,0
n012w8-0,n012w8,0,12,1500000,100.0,adaptive,2026-07-04T11:37:08+01:00,7,3,301,19,1,0.000000,2715,2730,2715,15,0.5495,GLOBAL_BEST,0,42,0,43,1,19,1,0,150000.0000,0.0000,0,0,0,0,0,0
n012w8-0,n012w8,0,12,1500000,100.0,adaptive,2026-07-04T11:37:08+01:00,7,1,301,19,1,99.991711,2685,2845,2685,160,5.6239,GLOBAL_BEST,0,42,1,32,0,20,0,0,0.0000,0.0000,0,0,0,0,0,0
n012w8-0,n012w8,0,12,1500000,100.0,adaptive,2026-07-04T11:37:08+01:00,7,3,301,20,1,0.000000,2685,2715,2685,30,1.1050,LOCAL_BEST,0,42,0,44,1,21,1,0,300000.0000,0.0000,0,0,0,0,0,0
n012w8-0,n012w8,0,12,1500000,100.0,adaptive,2026-07-04T11:37:08+01:00,7,1,301,21,1,99.990790,2655,2685,2655,30,1.1173,GLOBAL_BEST,0,42,1,33,0,22,1,0,300000.0000,0.0000,0,0,0,0,0,0
n012w8-0,n012w8,0,12,1500000,100.0,adaptive,2026-07-04T11:37:08+01:00,7,3,301,23,1,0.000000,2670,2685,2670,15,0.5587,LOCAL_BEST,0,42,0,58,1,23,2,0,75000.0000,0.0000,0,0,0,0,0,0
n012w8-0,n012w8,0,12,1500000,100.0,adaptive,2026-07-04T11:37:08+01:00,7,1,301,23,1,99.989869,2460,2655,2460,195,7.3446,GLOBAL_BEST,0,42,1,36,1,24,0,0,0.0000,0.0000,0,0,0,0,0,0
n012w8-0,n012w8,0,12,1500000,100.0,adaptive,2026-07-04T11:37:08+01:00,7,3,301,24,1,0.000000,2620,2670,2620,50,1.8727,GLOBAL_BEST,0,42,0,60,1,25,1,0,500000.0000,0.0000,0,0,0,0,0,0
n012w8-0,n012w8,0,12,1500000,100.0,adaptive,2026-07-04T11:37:08+01:00,7,1,301,24,1,99.989409,2430,2460,2430,30,1.2195,GLOBAL_BEST,0,42,1,37,1,26,0,0,0.0000,0.0000,0,0,0,0,0,0
n012w8-0,n012w8,0,12,1500000,100.0,adaptive,2026-07-04T11:37:08+01:00,7,1,301,25,1,99.988948,2415,2430,2415,15,0.6173,GLOBAL_BEST,0,42,1,37,1,27,1,0,150000.0000,0.0000,0,0,0,0,0,0
n012w8-0,n012w8,0,12,1500000,100.0,adaptive,2026-07-04T11:37:08+01:00,7,1,301,26,1,99.988488,2385,2415,2385,30,1.2422,GLOBAL_BEST,0,42,1,41,1,28,1,0,300000.0000,0.0000,0,0,0,0,0,0
n012w8-0,n012w8,0,12,1500000,100.0,adaptive,2026-07-04T11:37:08+01:00,7,3,301,28,1,0.000000,2590,2620,2590,30,1.1450,LOCAL_BEST,0,42,0,68,1,29,2,0,150000.0000,0.0000,0,0,0,0,0,0
n012w8-0,n012w8,0,12,1500000,100.0,adaptive,2026-07-04T11:37:08+01:00,7,3,301,29,1,0.000000,2460,2590,2460,130,5.0193,LOCAL_BEST,0,42,0,72,1,30,1,0,1300000.0000,0.0000,0,0,0,0,0,0
n012w8-0,n012w8,0,12,1500000,100.0,adaptive,2026-07-04T11:37:08+01:00,7,1,301,30,1,99.986646,2205,2385,2205,180,7.5472,GLOBAL_BEST,0,42,2,53,1,31,1,0,1800000.0000,0.0000,0,0,0,0,0,0
n012w8-0,n012w8,0,12,1500000,100.0,adaptive,2026-07-04T11:37:08+01:00,7,3,301,31,1,0.000000,2445,2460,2445,15,0.6098,LOCAL_BEST,0,42,1,73,1,32,1,0,150000.0000,0.0000,0,0,0,0,0,0
n012w8-0,n012w8,0,12,1500000,100.0,adaptive,2026-07-04T11:37:08+01:00,7,1,301,31,1,99.986185,2025,2205,2025,180,8.1633,GLOBAL_BEST,0,42,2,53,1,33,0,0,0.0000,0.0000,0,0,0,0,0,0
n012w8-0,n012w8,0,12,1500000,100.0,adaptive,2026-07-04T11:37:08+01:00,7,3,301,33,1,0.000000,2430,2445,2430,15,0.6135,LOCAL_BEST,0,42,1,79,1,34,2,0,75000.0000,0.0000,0,0,0,0,0,0
n012w8-0,n012w8,0,12,1500000,100.0,adaptive,2026-07-04T11:37:08+01:00,7,5,301,34,40,0.000000,600,660,600,60,9.0909,GLOBAL_BEST,1,42,0,51,23,35,1,39,600000.0000,1538.4615,0,0,0,0,0,0
n012w8-0,n012w8,0,12,1500000,100.0,adaptive,2026-07-04T11:37:08+01:00,7,1,301,37,1,99.983423,1980,2025,1980,45,2.2222,GLOBAL_BEST,0,42,4,63,1,36,3,-39,150000.0000,0.0000,0,0,0,0,0,0
n012w8-0,n012w8,0,12,1500000,100.0,adaptive,2026-07-04T11:37:08+01:00,7,1,301,39,1,99.982502,1965,1980,1965,15,0.7576,GLOBAL_BEST,0,42,5,63,1,37,2,0,75000.0000,0.0000,0,0,0,0,0,0
n012w8-0,n012w8,0,12,1500000,100.0,adaptive,2026-07-04T11:37:08+01:00,7,11,301,41,129,0.000000,215,260,215,45,17.3077,GLOBAL_BEST,4,42,0,75,37,38,2,128,225000.0000,351.5625,0,0,0,0,0,0
n012w8-0,n012w8,0,12,1500000,100.0,adaptive,2026-07-04T11:37:08+01:00,7,2,301,47,1,0.000000,3025,3105,3025,80,2.5765,LOCAL_BEST,0,42,0,110,2,39,6,-128,133333.3333,0.0000,0,0,0,0,0,0
n012w8-0,n012w8,0,12,1500000,100.0,adaptive,2026-07-04T11:37:08+01:00,7,2,301,48,1,0.000000,2815,3025,2815,210,6.9421,LOCAL_BEST,0,42,0,113,2,40,1,0,2100000.0000,0.0000,0,0,0,0,0,0
n012w8-0,n012w8,0,12,1500000,100.0,adaptive,2026-07-04T11:37:08+01:00,7,8,301,48,80,0.000000,335,350,335,15,4.2857,GLOBAL_BEST,3,42,0,75,46,41,0,79,0.0000,189.8734,0,0,0,0,0,0
n012w8-0,n012w8,0,12,1500000,100.0,adaptive,2026-07-04T11:37:08+01:00,7,2,301,49,1,0.000000,2755,2815,2755,60,2.1314,LOCAL_BEST,0,42,0,113,2,42,1,-79,600000.0000,0.0000,0,0,0,0,0,0
n012w8-0,n012w8,0,12,1500000,100.0,adaptive,2026-07-04T11:37:08+01:00,7,2,301,58,1,0.000000,2665,2755,2665,90,3.2668,LOCAL_BEST,0,42,0,132,2,43,9,0,100000.0000,0.0000,0,0,0,0,0,0
n012w8-0,n012w8,0,12,1500000,100.0,adaptive,2026-07-04T11:37:08+01:00,7,2,301,59,1,0.000000,2545,2665,2545,120,4.5028,LOCAL_BEST,0,42,0,132,2,44,1,0,1200000.0000,0.0000,0,0,0,0,0,0
n012w8-0,n012w8,0,12,1500000,100.0,adaptive,2026-07-04T11:37:08+01:00,7,2,301,61,1,0.000000,2505,2545,2505,40,1.5717,LOCAL_BEST,0,42,0,135,2,45,2,0,200000.0000,0.0000,0,0,0,0,0,0
n012w8-0,n012w8,0,12,1500000,100.0,adaptive,2026-07-04T11:37:08+01:00,7,2,301,63,1,0.000000,2475,2505,2475,30,1.1976,LOCAL_BEST,0,42,0,137,2,46,2,0,150000.0000,0.0000,0,0,0,0,0,0
n012w8-0,n012w8,0,12,1500000,100.0,adaptive,2026-07-04T11:37:08+01:00,7,3,301,69,1,0.000000,2280,2430,2280,150,6.1728,LOCAL_BEST,0,42,10,133,4,47,6,0,250000.0000,0.0000,0,0,0,0,0,0
n012w8-0,n012w8,0,12,1500000,100.0,adaptive,2026-07-04T11:37:08+01:00,7,3,301,70,1,0.000000,2100,2280,2100,180,7.8947,LOCAL_BEST,0,42,10,140,4,48,1,0,1800000.0000,0.0000,0,0,0,0,0,0
n012w8-0,n012w8,0,12,1500000,100.0,adaptive,2026-07-04T11:37:08+01:00,7,1,301,70,1,99.968229,1940,1965,1940,25,1.2723,LOCAL_BEST,0,42,13,103,9,49,0,0,0.0000,0.0000,0,0,0,0,0,0
n012w8-0,n012w8,0,12,1500000,100.0,adaptive,2026-07-04T11:37:08+01:00,7,3,301,71,1,0.000000,2085,2100,2085,15,0.7143,LOCAL_BEST,0,42,10,141,4,50,1,0,150000.0000,0.0000,0,0,0,0,0,0
n012w8-0,n012w8,0,12,1500000,100.0,adaptive,2026-07-04T11:37:08+01:00,7,3,301,72,1,0.000000,1935,2085,1935,150,7.1942,GLOBAL_BEST,0,42,10,143,4,51,1,0,1500000.0000,0.0000,0,0,0,0,0,0
n012w8-0,n012w8,0,12,1500000,100.0,adaptive,2026-07-04T11:37:08+01:00,7,1,301,72,1,99.967309,1925,1940,1925,15,0.7732,GLOBAL_BEST,0,42,13,104,9,52,0,0,0.0000,0.0000,0,0,0,0,0,0
n012w8-0,n012w8,0,12,1500000,100.0,adaptive,2026-07-04T11:37:08+01:00,7,3,301,74,1,0.000000,1800,1935,1800,135,6.9767,GLOBAL_BEST,0,42,11,151,4,53,2,0,675000.0000,0.0000,0,0,0,0,0,0
n012w8-0,n012w8,0,12,1500000,100.0,adaptive,2026-07-04T11:37:08+01:00,7,3,301,75,1,0.000000,1770,1800,1770,30,1.6667,GLOBAL_BEST,0,42,11,157,4,54,1,0,300000.0000,0.0000,0,0,0,0,0,0
n012w8-0,n012w8,0,12,1500000,100.0,adaptive,2026-07-04T11:37:08+01:00,7,2,301,79,1,0.000000,2360,2475,2360,115,4.6465,LOCAL_BEST,0,42,0,183,2,55,4,0,287500.0000,0.0000,0,0,0,0,0,0
n012w8-0,n012w8,0,12,1500000,100.0,adaptive,2026-07-04T11:37:08+01:00,7,3,301,79,1,0.000000,1755,1770,1755,15,0.8475,GLOBAL_BEST,0,42,12,162,4,56,0,0,0.0000,0.0000,0,0,0,0,0,0
n012w8-0,n012w8,0,12,1500000,100.0,adaptive,2026-07-04T11:37:08+01:00,7,2,301,80,1,0.000000,2285,2360,2285,75,3.1780,LOCAL_BEST,0,42,0,184,2,57,1,0,750000.0000,0.0000,0,0,0,0,0,0
n012w8-0,n012w8,0,12,1500000,100.0,adaptive,2026-07-04T11:37:08+01:00,7,2,301,82,1,0.000000,2270,2285,2270,15,0.6565,LOCAL_BEST,0,42,0,185,2,58,2,0,75000.0000,0.0000,0,0,0,0,0,0
n012w8-0,n012w8,0,12,1500000,100.0,adaptive,2026-07-04T11:37:08+01:00,7,2,301,83,1,0.000000,2075,2270,2075,195,8.5903,LOCAL_BEST,0,42,0,189,2,59,1,0,1950000.0000,0.0000,0,0,0,0,0,0
n012w8-0,n012w8,0,12,1500000,100.0,adaptive,2026-07-04T11:37:08+01:00,7,2,301,84,1,0.000000,2050,2075,2050,25,1.2048,LOCAL_BEST,0,42,0,196,2,60,1,0,250000.0000,0.0000,0,0,0,0,0,0
n012w8-0,n012w8,0,12,1500000,100.0,adaptive,2026-07-04T11:37:08+01:00,7,1,301,87,1,99.960403,1860,1925,1860,65,3.3766,LOCAL_BEST,0,42,17,131,11,61,3,0,216666.6667,0.0000,0,0,0,0,0,0
n012w8-0,n012w8,0,12,1500000,100.0,adaptive,2026-07-04T11:37:08+01:00,7,1,301,91,1,99.958562,1845,1860,1845,15,0.8065,LOCAL_BEST,0,42,17,140,12,62,4,0,37500.0000,0.0000,0,0,0,0,0,0
n012w8-0,n012w8,0,12,1500000,100.0,adaptive,2026-07-04T11:37:08+01:00,7,1,301,96,1,99.956260,1800,1845,1800,45,2.4390,LOCAL_BEST,0,42,18,147,13,63,5,0,90000.0000,0.0000,0,0,0,0,0,0
n012w8-0,n012w8,0,12,1500000,100.0,adaptive,2026-07-04T11:37:08+01:00,7,1,301,100,1,99.954419,1785,1800,1785,15,0.8333,LOCAL_BEST,0,42,18,174,15,64,4,0,37500.0000,0.0000,0,0,0,0,0,0
n012w8-0,n012w8,0,12,1500000,100.0,adaptive,2026-07-04T11:37:08+01:00,7,1,301,101,1,99.953959,1560,1785,1560,225,12.6050,GLOBAL_BEST,0,42,18,175,15,65,1,0,2250000.0000,0.0000,0,0,0,0,0,0
n012w8-0,n012w8,0,12,1500000,100.0,adaptive,2026-07-04T11:37:08+01:00,7,5,301,123,40,0.000000,595,600,595,5,0.8333,GLOBAL_BEST,1,42,0,203,85,66,22,39,2272.7273,128.2051,0,0,0,0,0,0
n012w8-0,n012w8,0,12,1500000,100.0,adaptive,2026-07-04T11:37:08+01:00,7,3,301,136,1,0.000000,1715,1755,1715,40,2.2792,LOCAL_BEST,0,42,32,280,5,67,13,-39,30769.2308,0.0000,0,0,0,0,0,0
n012w8-0,n012w8,0,12,1500000,100.0,adaptive,2026-07-04T11:37:08+01:00,7,3,301,140,1,0.000000,1700,1715,1700,15,0.8746,LOCAL_BEST,0,42,34,288,5,68,4,0,37500.0000,0.0000,0,0,0,0,0,0
n012w8-0,n012w8,0,12,1500000,100.0,adaptive,2026-07-04T11:37:08+01:00,7,1,301,141,1,99.935548,1540,1560,1540,20,1.2821,GLOBAL_BEST,0,42,26,255,30,69,1,0,200000.0000,0.0000,0,0,0,0,0,0
n012w8-0,n012w8,0,12,1500000,100.0,adaptive,2026-07-04T11:37:08+01:00,7,1,301,143,1,99.934628,1480,1540,1480,60,3.8961,GLOBAL_BEST,0,42,26,258,31,70,2,0,300000.0000,0.0000,0,0,0,0,0,0
n012w8-0,n012w8,0,12,1500000,100.0,adaptive,2026-07-04T11:37:08+01:00,7,3,301,143,1,0.000000,1685,1700,1685,15,0.8824,LOCAL_BEST,0,42,35,292,5,71,0,0,0.0000,0.0000,0,0,0,0,0,0
n012w8-0,n012w8,0,12,1500000,100.0,adaptive,2026-07-04T11:37:08+01:00,7,1,301,144,1,99.934168,1425,1480,1425,55,3.7162,GLOBAL_BEST,0,42,26,258,31,72,1,0,550000.0000,0.0000,0,0,0,0,0,0
n012w8-0,n012w8,0,12,1500000,100.0,adaptive,2026-07-04T11:37:08+01:00,7,3,301,144,1,0.000000,1655,1685,1655,30,1.7804,LOCAL_BEST,0,42,35,294,5,73,0,0,0.0000,0.0000,0,0,0,0,0,0
n012w8-0,n012w8,0,12,1500000,100.0,adaptive,2026-07-04T11:37:08+01:00,7,3,301,146,1,0.000000,1535,1655,1535,120,7.2508,LOCAL_BEST,0,42,35,302,6,74,2,0,600000.0000,0.0000,0,0,0,0,0,0
n012w8-0,n012w8,0,12,1500000,100.0,adaptive,2026-07-04T11:37:08+01:00,7,1,301,154,1,99.929566,1410,1425,1410,15,1.0526,GLOBAL_BEST,0,42,27,285,36,75,8,0,18750.0000,0.0000,0,0,0,0,0,0
n012w8-0,n012w8,0,12,1500000,100.0,adaptive,2026-07-04T11:37:08+01:00,7,1,301,155,1,99.929106,1350,1410,1350,60,4.2553,GLOBAL_BEST,0,42,27,285,36,76,1,0,600000.0000,0.0000,0,0,0,0,0,0
n012w8-0,n012w8,0,12,1500000,100.0,adaptive,2026-07-04T11:37:08+01:00,7,1,301,162,1,99.925884,1335,1350,1335,15,1.1111,GLOBAL_BEST,0,42,29,288,37,77,7,0,21428.5714,0.0000,0,0,0,0,0,0
n012w8-0,n012w8,0,12,1500000,100.0,adaptive,2026-07-04T11:37:08+01:00,7,1,301,169,1,99.922663,1305,1335,1305,30,2.2472,GLOBAL_BEST,0,42,29,302,43,78,7,0,42857.1429,0.0000,0,0,0,0,0,0
n012w8-0,n012w8,0,12,1500000,100.0,adaptive,2026-07-04T11:37:08+01:00,7,1,301,170,1,99.922203,1300,1305,1300,5,0.3831,GLOBAL_BEST,0,42,29,313,43,79,1,0,50000.0000,0.0000,0,0,0,0,0,0
n012w8-0,n012w8,0,12,1500000,100.0,adaptive,2026-07-04T11:37:08+01:00,7,2,301,190,1,0.000000,2015,2050,2015,35,1.7073,LOCAL_BEST,0,42,0,429,2,80,20,0,17500.0000,0.0000,0,0,0,0,0,0
n012w8-0,n012w8,0,12,1500000,100.0,adaptive,2026-07-04T11:37:08+01:00,7,2,301,193,1,0.000000,2000,2015,2000,15,0.7444,LOCAL_BEST,0,42,0,437,2,81,3,0,50000.0000,0.0000,0,0,0,0,0,0
n012w8-0,n012w8,0,12,1500000,100.0,adaptive,2026-07-04T11:37:08+01:00,7,2,301,196,1,0.000000,1820,2000,1820,180,9.0000,LOCAL_BEST,0,42,0,444,2,82,3,0,600000.0000,0.0000,0,0,0,0,0,0
n012w8-0,n012w8,0,12,1500000,100.0,adaptive,2026-07-04T11:37:08+01:00,7,2,301,198,1,0.000000,1715,1820,1715,105,5.7692,LOCAL_BEST,0,42,0,445,2,83,2,0,525000.0000,0.0000,0,0,0,0,0,0
n012w8-0,n012w8,0,12,1500000,100.0,adaptive,2026-07-04T11:37:08+01:00,7,2,301,199,1,0.000000,1685,1715,1685,30,1.7493,LOCAL_BEST,0,42,0,448,2,84,1,0,300000.0000,0.0000,0,0,0,0,0,0
n012w8-0,n012w8,0,12,1500000,100.0,adaptive,2026-07-04T11:37:08+01:00,7,5,301,230,40,0.000000,580,595,580,15,2.5210,GLOBAL_BEST,1,42,0,430,167,85,31,39,4838.7097,384.6154,0,0,0,0,0,0
n012w8-0,n012w8,0,12,1500000,100.0,adaptive,2026-07-04T11:37:08+01:00,7,1,301,315,1,99.855502,1250,1300,1250,50,3.8462,GLOBAL_BEST,0,42,64,649,88,86,85,-39,5882.3529,0.0000,0,0,0,0,0,0
n012w8-0,n012w8,0,12,1500000,100.0,adaptive,2026-07-04T11:37:08+01:00,7,5,301,323,40,0.000000,555,580,555,25,4.3103,GLOBAL_BEST,1,42,0,626,241,87,8,39,31250.0000,641.0256,0,0,0,0,0,0
n012w8-0,n012w8,0,12,1500000,100.0,adaptive,2026-07-04T11:37:08+01:00,7,1,301,325,1,99.850904,1205,1250,1205,45,3.6000,GLOBAL_BEST,0,42,65,667,93,88,2,-39,225000.0000,0.0000,0,0,0,0,0,0
n012w8-0,n012w8,0,12,1500000,100.0,adaptive,2026-07-04T11:37:08+01:00,7,1,301,326,1,99.850444,1105,1205,1105,100,8.2988,GLOBAL_BEST,0,42,65,668,93,89,1,0,1000000.0000,0.0000,0,0,0,0,0,0
n012w8-0,n012w8,0,12,1500000,100.0,adaptive,2026-07-04T11:37:08+01:00,7,1,301,327,1,99.849984,1095,1105,1095,10,0.9050,GLOBAL_BEST,0,42,65,668,93,90,1,0,100000.0000,0.0000,0,0,0,0,0,0
n012w8-0,n012w8,0,12,1500000,100.0,adaptive,2026-07-04T11:37:08+01:00,7,1,301,334,1,99.846765,1075,1095,1075,20,1.8265,GLOBAL_BEST,0,42,65,680,98,91,7,0,28571.4286,0.0000,0,0,0,0,0,0
n012w8-0,n012w8,0,12,1500000,100.0,adaptive,2026-07-04T11:37:08+01:00,7,20,301,380,1136,0.000000,170,190,170,20,10.5263,GLOBAL_BEST,9,42,0,612,357,92,46,1135,4347.8261,17.6211,0,0,0,0,0,0
n012w8-0,n012w8,0,12,1500000,100.0,adaptive,2026-07-04T11:37:08+01:00,7,1,301,413,1,99.810447,1065,1075,1065,10,0.9302,GLOBAL_BEST,0,42,84,808,124,93,33,-1135,3030.3030,0.0000,0,0,0,0,0,0
n012w8-0,n012w8,0,12,1500000,100.0,adaptive,2026-07-04T11:37:08+01:00,7,1,301,440,1,99.798037,1060,1065,1060,5,0.4695,GLOBAL_BEST,0,42,90,859,133,94,27,0,1851.8519,0.0000,0,0,0,0,0,0
n012w8-0,n012w8,0,12,1500000,100.0,adaptive,2026-07-04T11:37:08+01:00,7,1,301,443,1,99.796658,1030,1060,1030,30,2.8302,GLOBAL_BEST,0,42,90,868,134,95,3,0,100000.0000,0.0000,0,0,0,0,0,0
n012w8-0,n012w8,0,12,1500000,100.0,adaptive,2026-07-04T11:37:08+01:00,7,1,301,447,1,99.794820,1000,1030,1000,30,2.9126,GLOBAL_BEST,0,42,90,872,135,96,4,0,75000.0000,0.0000,0,0,0,0,0,0
n012w8-0,n012w8,0,12,1500000,100.0,adaptive,2026-07-04T11:37:08+01:00,7,5,301,483,40,0.000000,510,555,510,45,8.1081,GLOBAL_BEST,1,42,0,923,359,97,36,39,12500.0000,1153.8462,0,0,0,0,0,0
n012w8-0,n012w8,0,12,1500000,100.0,adaptive,2026-07-04T11:37:08+01:00,7,5,301,485,40,0.000000,495,510,495,15,2.9412,GLOBAL_BEST,1,42,0,923,359,98,2,0,75000.0000,0.0000,0,0,0,0,0,0
n012w8-0,n012w8,0,12,1500000,100.0,adaptive,2026-07-04T11:37:08+01:00,7,8,301,509,81,0.000000,320,335,320,15,4.4776,GLOBAL_BEST,3,42,0,879,470,99,24,41,6250.0000,365.8537,0,0,0,0,0,0
n012w8-0,n012w8,0,12,1500000,100.0,adaptive,2026-07-04T11:37:08+01:00,7,2,301,519,1,0.000000,1620,1685,1620,65,3.8576,LOCAL_BEST,0,42,0,1096,2,100,10,-80,65000.0000,0.0000,0,0,0,0,0,0
n012w8-0,n012w8,0,12,1500000,100.0,adaptive,2026-07-04T11:37:08+01:00,7,2,301,543,1,0.000000,1610,1620,1610,10,0.6173,LOCAL_BEST,0,42,0,1148,2,101,24,0,4166.6667,0.0000,0,0,0,0,0,0
n012w8-0,n012w8,0,12,1500000,100.0,adaptive,2026-07-04T11:37:08+01:00,7,8,301,776,81,0.000000,305,320,305,15,4.6875,GLOBAL_BEST,3,42,0,1285,703,102,233,80,643.7768,187.5000,0,0,0,0,0,0
n012w8-0,n012w8,0,12,1500000,100.0,adaptive,2026-07-04T11:37:08+01:00,7,3,301,1038,2,0.000000,1525,1535,1525,10,0.6515,LOCAL_BEST,0,42,362,2135,46,103,262,-79,381.6794,0.0000,0,0,0,0,0,0
n012w8-0,n012w8,0,12,1500000,100.0,adaptive,2026-07-04T11:37:08+01:00,7,2,301,1060,2,0.000000,1595,1610,1595,15,0.9317,LOCAL_BEST,0,42,0,2377,2,104,22,0,6818.1818,0.0000,0,0,0,0,0,0
n012w8-0,n012w8,0,12,1500000,100.0,adaptive,2026-07-04T11:37:08+01:00,7,2,301,1062,2,0.000000,1435,1595,1435,160,10.0313,LOCAL_BEST,0,42,0,2381,2,105,2,0,800000.0000,0.0000,0,0,0,0,0,0
n012w8-0,n012w8,0,12,1500000,100.0,adaptive,2026-07-04T11:37:08+01:00,7,3,301,1316,2,0.000000,1475,1525,1475,50,3.2787,LOCAL_BEST,0,42,469,2687,56,106,254,0,1968.5039,0.0000,0,0,0,0,0,0
n012w8-0,n012w8,0,12,1500000,100.0,adaptive,2026-07-04T11:37:08+01:00,7,1,301,1431,2,99.343624,990,1000,990,10,1.0000,GLOBAL_BEST,0,42,345,2949,459,107,115,0,869.5652,0.0000,0,0,0,0,0,0
n012w8-0,n012w8,0,12,1500000,100.0,adaptive,2026-07-04T11:37:08+01:00,7,1,301,1438,2,99.340422,980,990,980,10,1.0101,GLOBAL_BEST,0,42,346,2963,461,108,7,0,14285.7143,0.0000,0,0,0,0,0,0
n012w8-0,n012w8,0,12,1500000,100.0,adaptive,2026-07-04T11:37:08+01:00,7,1,301,1442,2,99.338592,955,980,955,25,2.5510,GLOBAL_BEST,0,42,347,2980,462,109,4,0,62500.0000,0.0000,0,0,0,0,0,0
n012w8-0,n012w8,0,12,1500000,100.0,adaptive,2026-07-04T11:37:08+01:00,7,3,301,1741,3,0.000000,1315,1475,1315,160,10.8475,LOCAL_BEST,0,42,631,3605,75,110,299,1,5351.1706,160000.0000,0,0,0,0,0,0
n012w8-0,n012w8,0,12,1500000,100.0,adaptive,2026-07-04T11:37:08+01:00,7,2,301,2497,4,0.000000,1420,1435,1420,15,1.0453,LOCAL_BEST,0,42,0,5482,216,111,756,1,198.4127,15000.0000,0,0,0,0,0,0
n012w8-0,n012w8,0,12,1500000,100.0,adaptive,2026-07-04T11:37:08+01:00,7,2,301,2499,4,0.000000,1405,1420,1405,15,1.0563,LOCAL_BEST,0,42,0,5484,216,112,2,0,75000.0000,0.0000,0,0,0,0,0,0
n012w8-0,n012w8,0,12,1500000,100.0,adaptive,2026-07-04T11:37:08+01:00,7,2,301,2508,4,0.000000,1390,1405,1390,15,1.0676,LOCAL_BEST,0,42,0,5494,218,113,9,0,16666.6667,0.0000,0,0,0,0,0,0
n012w8-0,n012w8,0,12,1500000,100.0,adaptive,2026-07-04T11:37:08+01:00,7,2,301,3054,5,0.000000,1340,1390,1340,50,3.5971,LOCAL_BEST,0,42,0,6652,306,114,546,1,915.7509,50000.0000,0,0,0,0,0,0
n012w8-0,n012w8,0,12,1500000,100.0,adaptive,2026-07-04T11:37:08+01:00,7,2,301,3070,5,0.000000,1310,1340,1310,30,2.2388,LOCAL_BEST,0,42,0,6674,308,115,16,0,18750.0000,0.0000,0,0,0,0,0,0
n012w8-0,n012w8,0,12,1500000,100.0,adaptive,2026-07-04T11:37:08+01:00,7,2,301,3071,5,0.000000,1280,1310,1280,30,2.2901,LOCAL_BEST,0,42,0,6674,308,116,1,0,300000.0000,0.0000,0,0,0,0,0,0
n012w8-0,n012w8,0,12,1500000,100.0,adaptive,2026-07-04T11:37:08+01:00,7,8,301,3623,85,0.000000,300,305,300,5,1.6393,GLOBAL_BEST,3,42,0,5804,3176,117,552,80,90.5797,62.5000,0,0,0,0,0,0
n012w8-0,n012w8,0,12,1500000,100.0,adaptive,2026-07-04T11:37:08+01:00,7,8,301,3837,85,0.000000,290,300,290,10,3.3333,GLOBAL_BEST,3,42,0,6208,3364,118,214,0,467.2897,0.0000,0,0,0,0,0,0
n012w8-0,n012w8,0,12,1500000,100.0,adaptive,2026-07-04T11:37:08+01:00,7,8,301,3847,85,0.000000,275,290,275,15,5.1724,GLOBAL_BEST,3,42,0,6220,3371,119,10,0,15000.0000,0.0000,0,0,0,0,0,0
n012w8-0,n012w8,0,12,1500000,100.0,adaptive,2026-07-04T11:37:08+01:00,7,2,301,5041,8,0.000000,1265,1280,1265,15,1.1719,LOCAL_BEST,0,42,0,10585,884,120,1194,-77,125.6281,0.0000,0,0,0,0,0,0
n012w8-0,n012w8,0,12,1500000,100.0,adaptive,2026-07-04T11:37:08+01:00,7,2,301,5047,8,0.000000,1215,1265,1215,50,3.9526,LOCAL_BEST,0,42,0,10594,884,121,6,0,83333.3333,0.0000,0,0,0,0,0,0
n012w8-0,n012w8,0,12,1500000,100.0,adaptive,2026-07-04T11:37:08+01:00,7,5,301,5096,46,0.000000,480,495,480,15,3.0303,GLOBAL_BEST,1,42,0,9340,3959,122,49,38,3061.2245,394.7368,0,0,0,0,0,0
n012w8-0,n012w8,0,12,1500000,100.0,adaptive,2026-07-04T11:37:08+01:00,7,2,301,5846,9,0.000000,1210,1215,1210,5,0.4115,LOCAL_BEST,0,42,0,12111,1168,123,750,-37,66.6667,0.0000,0,0,0,0,0,0
n012w8-0,n012w8,0,12,1500000,100.0,adaptive,2026-07-04T11:37:08+01:00,7,2,301,6051,10,0.000000,1200,1210,1200,10,0.8264,LOCAL_BEST,0,42,0,12500,1229,124,205,1,487.8049,10000.0000,0,0,0,0,0,0
n012w8-0,n012w8,0,12,1500000,100.0,adaptive,2026-07-04T11:37:08+01:00,7,5,301,6257,48,0.000000,455,480,455,25,5.2083,GLOBAL_BEST,1,42,0,11464,4816,125,206,38,1213.5922,657.8947,0,0,0,0,0,0
n012w8-0,n012w8,0,12,1500000,100.0,adaptive,2026-07-04T11:37:08+01:00,7,1,301,6965,11,96.843840,910,955,910,45,4.7120,GLOBAL_BEST,0,42,1740,14243,2286,126,708,-37,635.5932,0.0000,0,0,0,0,0,0
n012w8-0,n012w8,0,12,1500000,100.0,adaptive,2026-07-04T11:37:08+01:00,7,1,301,6966,11,96.843394,905,910,905,5,0.5495,GLOBAL_BEST,0,42,1740,14244,2286,127,1,0,50000.0000,0.0000,0,0,0,0,0,0
n012w8-0,n012w8,0,12,1500000,100.0,adaptive,2026-07-04T11:37:08+01:00,7,1,301,7016,11,96.821097,890,905,890,15,1.6575,GLOBAL_BEST,0,42,1753,14305,2308,128,50,0,3000.0000,0.0000,0,0,0,0,0,0
n012w8-0,n012w8,0,12,1500000,100.0,adaptive,2026-07-04T11:37:08+01:00,7,1,301,7019,11,96.819760,875,890,875,15,1.6854,GLOBAL_BEST,0,42,1754,14314,2309,129,3,0,50000.0000,0.0000,0,0,0,0,0,0
n012w8-0,n012w8,0,12,1500000,100.0,adaptive,2026-07-04T11:37:08+01:00,7,1,301,7040,11,96.810397,830,875,830,45,5.1429,GLOBAL_BEST,0,42,1758,14362,2320,130,21,0,21428.5714,0.0000,0,0,0,0,0,0
n012w8-0,n012w8,0,12,1500000,100.0,adaptive,2026-07-04T11:37:08+01:00,7,1,301,7048,11,96.806830,800,830,800,30,3.6145,GLOBAL_BEST,0,42,1758,14384,2326,131,8,0,37500.0000,0.0000,0,0,0,0,0,0
n012w8-0,n012w8,0,12,1500000,100.0,adaptive,2026-07-04T11:37:08+01:00,7,1,301,7058,11,96.802372,755,800,755,45,5.6250,GLOBAL_BEST,0,42,1758,14397,2333,132,10,0,45000.0000,0.0000,0,0,0,0,0,0
n012w8-0,n012w8,0,12,1500000,100.0,adaptive,2026-07-04T11:37:08+01:00,7,1,301,7068,11,96.797914,695,755,695,60,7.9470,GLOBAL_BEST,0,42,1760,14408,2337,133,10,0,60000.0000,0.0000,0,0,0,0,0,0
n012w8-0,n012w8,0,12,1500000,100.0,adaptive,2026-07-04T11:37:08+01:00,7,5,301,7333,49,0.000000,445,455,445,10,2.1978,GLOBAL_BEST,1,42,0,13318,5629,134,265,38,377.3585,263.1579,0,0,0,0,0,0
n012w8-0,n012w8,0,12,1500000,100.0,adaptive,2026-07-04T11:37:08+01:00,7,2,301,7502,12,0.000000,1180,1200,1180,20,1.6667,LOCAL_BEST,0,42,0,15647,1757,135,169,-37,1183.4320,0.0000,0,0,0,0,0,0
n012w8-0,n012w8,0,12,1500000,100.0,adaptive,2026-07-04T11:37:08+01:00,7,2,301,7529,12,0.000000,1170,1180,1170,10,0.8475,LOCAL_BEST,0,42,0,15701,1764,136,27,0,3703.7037,0.0000,0,0,0,0,0,0
n012w8-0,n012w8,0,12,1500000,100.0,adaptive,2026-07-04T11:37:08+01:00,7,2,301,7613,12,0.000000,1100,1170,1100,70,5.9829,LOCAL_BEST,0,42,0,15875,1807,137,84,0,8333.3333,0.0000,0,0,0,0,0,0
n012w8-0,n012w8,0,12,1500000,100.0,adaptive,2026-07-04T11:37:08+01:00,7,2,301,9164,14,0.000000,1090,1100,1090,10,0.9091,LOCAL_BEST,0,42,0,18895,2391,138,1551,2,64.4745,5000.0000,0,0,0,0,0,0
n012w8-0,n012w8,0,12,1500000,100.0,adaptive,2026-07-04T11:37:08+01:00,7,2,301,9165,14,0.000000,1075,1090,1075,15,1.3761,LOCAL_BEST,0,42,0,18896,2391,139,1,0,150000.0000,0.0000,0,0,0,0,0,0
n012w8-0,n012w8,0,12,1500000,100.0,adaptive,2026-07-04T11:37:08+01:00,7,5,301,9670,53,0.000000,440,445,440,5,1.1236,GLOBAL_BEST,1,42,0,17618,7415,140,505,39,99.0099,128.2051,0,0,0,0,0,0
n012w8-0,n012w8,0,12,1500000,100.0,adaptive,2026-07-04T11:37:08+01:00,7,5,301,9709,53,0.000000,435,440,435,5,1.1364,GLOBAL_BEST,1,42,0,17688,7446,141,39,0,1282.0513,0.0000,0,0,0,0,0,0
n012w8-0,n012w8,0,12,1500000,100.0,adaptive,2026-07-04T11:37:08+01:00,7,5,301,9710,53,0.000000,390,435,390,45,10.3448,GLOBAL_BEST,1,42,0,17688,7446,142,1,0,450000.0000,0.0000,0,0,0,0,0,0
n012w8-0,n012w8,0,12,1500000,100.0,adaptive,2026-07-04T11:37:08+01:00,7,2,301,10165,16,0.000000,1050,1075,1050,25,2.3256,LOCAL_BEST,0,42,0,20847,2832,143,455,-37,549.4505,0.0000,0,0,0,0,0,0
n012w8-0,n012w8,0,12,1500000,100.0,adaptive,2026-07-04T11:37:08+01:00,7,3,301,10197,16,0.000000,1275,1315,1275,40,3.0418,LOCAL_BEST,0,42,3791,21267,454,144,32,0,12500.0000,0.0000,0,0,0,0,0,0
n012w8-0,n012w8,0,12,1500000,100.0,adaptive,2026-07-04T11:37:08+01:00,7,2,301,12346,19,0.000000,1000,1050,1000,50,4.7619,LOCAL_BEST,0,42,0,25205,3887,145,2149,3,232.6664,16666.6667,0,0,0,0,0,0
n012w8-0,n012w8,0,12,1500000,100.0,adaptive,2026-07-04T11:37:08+01:00,7,2,301,13182,19,0.000000,995,1000,995,5,0.5000,LOCAL_BEST,0,42,0,26800,4280,146,836,0,59.8086,0.0000,0,0,0,0,0,0
n012w8-0,n012w8,0,12,1500000,100.0,adaptive,2026-07-04T11:37:08+01:00,7,2,301,14445,22,0.000000,980,995,980,15,1.5075,LOCAL_BEST,0,42,0,29186,4929,147,1263,3,118.7648,5000.0000,0,0,0,0,0,0
n012w8-0,n012w8,0,12,1500000,100.0,adaptive,2026-07-04T11:37:08+01:00,7,2,301,14446,22,0.000000,920,980,920,60,6.1224,LOCAL_BEST,0,42,0,29186,4929,148,1,0,600000.0000,0.0000,0,0,0,0,0,0
n012w8-0,n012w8,0,12,1500000,100.0,adaptive,2026-07-04T11:37:08+01:00,7,2,301,16575,25,0.000000,915,920,915,5,0.5435,LOCAL_BEST,0,42,0,33338,6034,149,2129,3,23.4852,1666.6667,0,0,0,0,0,0
n012w8-0,n012w8,0,12,1500000,100.0,adaptive,2026-07-04T11:37:08+01:00,7,2,301,17137,26,0.000000,885,915,885,30,3.2787,LOCAL_BEST,0,42,0,34390,6357,150,562,1,533.8078,30000.0000,0,0,0,0,0,0
n012w8-0,n012w8,0,12,1500000,100.0,adaptive,2026-07-04T11:37:08+01:00,7,2,301,17536,26,0.000000,845,885,845,40,4.5198,LOCAL_BEST,0,42,0,35228,6558,151,399,0,1002.5063,0.0000,0,0,0,0,0,0
n012w8-0,n012w8,0,12,1500000,100.0,adaptive,2026-07-04T11:37:08+01:00,7,2,301,18123,27,0.000000,810,845,810,35,4.1420,LOCAL_BEST,0,42,0,36272,6863,152,587,1,596.2521,35000.0000,0,0,0,0,0,0
n012w8-0,n012w8,0,12,1500000,100.0,adaptive,2026-07-04T11:37:08+01:00,7,5,301,18215,64,0.000000,380,390,380,10,2.5641,GLOBAL_BEST,1,42,0,32902,14379,153,92,37,1086.9565,270.2703,0,0,0,0,0,0
n012w8-0,n012w8,0,12,1500000,100.0,adaptive,2026-07-04T11:37:08+01:00,7,2,301,21214,32,0.000000,805,810,805,5,0.6173,LOCAL_BEST,0,42,0,41937,8711,154,2999,-32,16.6722,0.0000,0,0,0,0,0,0
n012w8-0,n012w8,0,12,1500000,100.0,adaptive,2026-07-04T11:37:08+01:00,7,2,301,21215,32,0.000000,775,805,775,30,3.7267,LOCAL_BEST,0,42,0,41943,8711,155,1,0,300000.0000,0.0000,0,0,0,0,0,0
n012w8-0,n012w8,0,12,1500000,100.0,adaptive,2026-07-04T11:37:08+01:00,7,2,301,24591,37,0.000000,770,775,770,5,0.6452,LOCAL_BEST,0,42,0,48300,10759,156,3376,5,14.8104,1000.0000,0,0,0,0,0,0
n012w8-0,n012w8,0,12,1500000,100.0,adaptive,2026-07-04T11:37:08+01:00,7,2,301,24748,37,0.000000,745,770,745,25,3.2468,LOCAL_BEST,0,42,0,48602,10859,157,157,0,1592.3567,0.0000,0,0,0,0,0,0
n012w8-0,n012w8,0,12,1500000,100.0,adaptive,2026-07-04T11:37:08+01:00,7,2,301,24753,37,0.000000,730,745,730,15,2.0134,LOCAL_BEST,0,42,0,48617,10862,158,5,0,30000.0000,0.0000,0,0,0,0,0,0
n012w8-0,n012w8,0,12,1500000,100.0,adaptive,2026-07-04T11:37:08+01:00,7,2,301,25535,38,0.000000,695,730,695,35,4.7945,LOCAL_BEST,0,42,0,50139,11324,159,782,1,447.5703,35000.0000,0,0,0,0,0,0
n012w8-0,n012w8,0,12,1500000,100.0,adaptive,2026-07-04T11:37:08+01:00,7,3,301,26044,40,0.000000,1150,1275,1150,125,9.8039,LOCAL_BEST,0,42,9875,54416,1094,160,509,2,2455.7957,62500.0000,0,0,0,0,0,0
n012w8-0,n012w8,0,12,1500000,100.0,adaptive,2026-07-04T11:37:08+01:00,7,5,301,26384,75,0.000000,350,380,350,30,7.8947,GLOBAL_BEST,1,42,0,47999,21436,161,340,35,882.3529,857.1429,0,0,0,0,0,0
n012w8-0,n012w8,0,12,1500000,100.0,adaptive,2026-07-04T11:37:08+01:00,7,2,301,26605,39,0.000000,660,695,660,35,5.0360,GLOBAL_BEST,0,42,0,52119,11998,162,221,-36,1583.7104,0.0000,0,0,0,0,0,0
n012w8-0,n012w8,0,12,1500000,100.0,adaptive,2026-07-04T11:37:08+01:00,7,5,301,31327,82,0.000000,345,350,345,5,1.4286,LOCAL_BEST,1,42,0,56700,25429,163,4722,43,10.5887,116.2791,0,0,0,0,0,0
n012w8-0,n012w8,0,12,1500000,100.0,adaptive,2026-07-04T11:37:08+01:00,7,5,301,31659,82,0.000000,330,345,330,15,4.3478,LOCAL_BEST,1,42,0,57314,25689,164,332,0,451.8072,0.0000,0,0,0,0,0,0
n012w8-0,n012w8,0,12,1500000,100.0,adaptive,2026-07-04T11:37:08+01:00,7,2,301,32817,48,0.000000,650,660,650,10,1.5152,LOCAL_BEST,0,42,0,63640,16204,165,1158,-34,86.3558,0.0000,0,0,0,0,0,0
n012w8-0,n012w8,0,12,1500000,100.0,adaptive,2026-07-04T11:37:08+01:00,7,5,301,33318,84,0.000000,320,330,320,10,3.0303,LOCAL_BEST,1,42,0,60262,27072,166,501,36,199.6008,277.7778,0,0,0,0,0,0
n012w8-0,n012w8,0,12,1500000,100.0,adaptive,2026-07-04T11:37:08+01:00,7,2,301,35759,53,0.000000,635,650,635,15,2.3077,LOCAL_BEST,0,42,0,69156,18240,167,2441,-31,61.4502,0.0000,0,0,0,0,0,0
n012w8-0,n012w8,0,12,1500000,100.0,adaptive,2026-07-04T11:37:08+01:00,7,5,301,35868,87,0.000000,290,320,290,30,9.3750,LOCAL_BEST,1,42,0,64702,29196,168,109,34,2752.2936,882.3529,0,0,0,0,0,0
n012w8-0,n012w8,0,12,1500000,100.0,adaptive,2026-07-04T11:37:08+01:00,7,2,301,36867,54,0.000000,610,635,610,25,3.9370,LOCAL_BEST,0,42,0,71179,19006,169,999,-33,250.2503,0.0000,0,0,0,0,0,0
n012w8-0,n012w8,0,12,1500000,100.0,adaptive,2026-07-04T11:37:08+01:00,7,2,301,36868,54,0.000000,600,610,600,10,1.6393,LOCAL_BEST,0,42,0,71180,19006,170,1,0,100000.0000,0.0000,0,0,0,0,0,0
n012w8-0,n012w8,0,12,1500000,100.0,adaptive,2026-07-04T11:37:08+01:00,7,2,301,36883,54,0.000000,580,600,580,20,3.3333,LOCAL_BEST,0,42,0,71197,19015,171,15,0,13333.3333,0.0000,0,0,0,0,0,0
n012w8-0,n012w8,0,12,1500000,100.0,adaptive,2026-07-04T11:37:08+01:00,7,1,301,36883,55,84.379316,650,695,650,45,6.4748,LOCAL_BEST,0,42,9008,72093,12949,172,0,1,0.0000,45000.0000,0,0,0,0,0,0
n012w8-0,n012w8,0,12,1500000,100.0,adaptive,2026-07-04T11:37:08+01:00,7,2,301,37049,54,0.000000,570,580,570,10,1.7241,LOCAL_BEST,0,42,0,71454,19124,173,166,-1,602.4096,0.0000,0,0,0,0,0,0
n012w8-0,n012w8,0,12,1500000,100.0,adaptive,2026-07-04T11:37:08+01:00,7,2,301,41714,61,0.000000,565,570,565,5,0.8772,LOCAL_BEST,0,42,0,79747,22409,174,4665,7,10.7181,714.2857,0,0,0,0,0,0
n012w8-0,n012w8,0,12,1500000,100.0,adaptive,2026-07-04T11:37:08+01:00,7,2,301,41715,61,0.000000,535,565,535,30,5.3097,LOCAL_BEST,0,42,0,79748,22409,175,1,0,300000.0000,0.0000,0,0,0,0,0,0
n012w8-0,n012w8,0,12,1500000,100.0,adaptive,2026-07-04T11:37:08+01:00,7,2,301,44035,64,0.000000,515,535,515,20,3.7383,LOCAL_BEST,0,42,0,83905,24097,176,2320,3,86.2069,6666.6667,0,0,0,0,0,0
n012w8-0,n012w8,0,12,1500000,100.0,adaptive,2026-07-04T11:37:08+01:00,7,2,301,44728,65,0.000000,505,515,505,10,1.9417,LOCAL_BEST,0,42,0,85094,24564,177,693,1,144.3001,10000.0000,0,0,0,0,0,0
n012w8-0,n012w8,0,12,1500000,100.0,adaptive,2026-07-04T11:37:08+01:00,7,2,301,45039,65,0.000000,500,505,500,5,0.9901,LOCAL_BEST,0,42,0,85648,24787,178,311,0,160.7717,0.0000,0,0,0,0,0,0
n012w8-0,n012w8,0,12,1500000,100.0,adaptive,2026-07-04T11:37:08+01:00,7,2,301,46711,68,0.000000,490,500,490,10,2.0000,LOCAL_BEST,0,42,0,88472,26013,179,1672,3,59.8086,3333.3333,0,0,0,0,0,0
n012w8-0,n012w8,0,12,1500000,100.0,adaptive,2026-07-04T11:37:08+01:00,7,2,301,47948,70,0.000000,440,490,440,50,10.2041,LOCAL_BEST,0,42,0,90738,26932,180,1237,2,404.2037,25000.0000,0,0,0,0,0,0
n012w8-0,n012w8,0,12,1500000,100.0,adaptive,2026-07-04T11:37:08+01:00,7,5,301,52241,108,0.000000,280,290,280,10,3.4483,LOCAL_BEST,1,42,0,94198,43756,181,4293,38,23.2937,263.1579,0,0,0,0,0,0
n012w8-0,n012w8,0,12,1500000,100.0,adaptive,2026-07-04T11:37:08+01:00,7,2,301,53898,78,0.000000,430,440,430,10,2.2727,LOCAL_BEST,0,42,0,101260,31408,182,1657,-30,60.3500,0.0000,0,0,0,0,0,0
n012w8-0,n012w8,0,12,1500000,100.0,adaptive,2026-07-04T11:37:08+01:00,7,2,301,54003,78,0.000000,425,430,425,5,1.1628,LOCAL_BEST,0,42,0,101439,31494,183,105,0,476.1905,0.0000,0,0,0,0,0,0
n012w8-0,n012w8,0,12,1500000,100.0,adaptive,2026-07-04T11:37:08+01:00,7,2,301,58810,84,0.000000,415,425,415,10,2.3529,LOCAL_BEST,0,42,0,109550,35231,184,4807,6,20.8030,1666.6667,0,0,0,0,0,0
n012w8-0,n012w8,0,12,1500000,100.0,adaptive,2026-07-04T11:37:08+01:00,7,5,301,64403,124,0.000000,275,280,275,5,1.7857,LOCAL_BEST,1,42,0,116911,54661,185,5593,40,8.9397,125.0000,0,0,0,0,0,0
n012w8-0,n012w8,0,12,1500000,100.0,adaptive,2026-07-04T11:37:08+01:00,7,5,301,66960,128,0.000000,260,275,260,15,5.4545,GLOBAL_BEST,1,42,0,121467,56904,186,2557,4,58.6625,3750.0000,0,0,0,0,0,0
n012w8-0,n012w8,0,12,1500000,100.0,adaptive,2026-07-04T11:37:08+01:00,7,2,301,75805,107,0.000000,400,415,400,15,3.6145,LOCAL_BEST,0,42,0,140092,49587,187,8845,-21,16.9587,0.0000,0,0,0,0,0,0
n012w8-0,n012w8,0,12,1500000,100.0,adaptive,2026-07-04T11:37:08+01:00,7,2,301,80324,114,0.000000,390,400,390,10,2.5000,LOCAL_BEST,0,42,0,147821,53420,188,4519,7,22.1288,1428.5714,0,0,0,0,0,0
n012w8-0,n012w8,0,12,1500000,100.0,adaptive,2026-07-04T11:37:08+01:00,7,2,301,80347,114,0.000000,345,390,345,45,11.5385,LOCAL_BEST,0,42,0,147867,53439,189,23,0,19565.2174,0.0000,0,0,0,0,0,0
n012w8-0,n012w8,0,12,1500000,100.0,adaptive,2026-07-04T11:37:08+01:00,7,2,301,89991,126,0.000000,340,345,340,5,1.4493,LOCAL_BEST,0,42,0,164130,61575,190,9644,12,5.1846,416.6667,0,0,0,0,0,0
n012w8-0,n012w8,0,12,1500000,100.0,adaptive,2026-07-04T11:37:08+01:00,7,2,301,91865,130,0.000000,325,340,325,15,4.4118,LOCAL_BEST,0,42,0,167353,63146,191,1874,4,80.0427,3750.0000,0,0,0,0,0,0
n012w8-0,n012w8,0,12,1500000,100.0,adaptive,2026-07-04T11:37:08+01:00,7,2,301,92664,132,0.000000,320,325,320,5,1.5385,LOCAL_BEST,0,42,0,168786,63827,192,799,2,62.5782,2500.0000,0,0,0,0,0,0
n012w8-0,n012w8,0,12,1500000,100.0,adaptive,2026-07-04T11:37:08+01:00,7,2,301,96806,138,0.000000,305,320,305,15,4.6875,LOCAL_BEST,0,42,0,176176,67431,193,4142,6,36.2144,2500.0000,0,0,0,0,0,0
n012w8-0,n012w8,0,12,1500000,100.0,adaptive,2026-07-04T11:37:08+01:00,7,5,301,97651,169,0.000000,250,260,250,10,3.8462,LOCAL_BEST,1,42,0,175176,84508,194,845,31,118.3432,322.5806,0,0,0,0,0,0
n012w8-0,n012w8,0,12,1500000,100.0,adaptive,2026-07-04T11:37:08+01:00,7,2,301,100842,143,0.000000,300,305,300,5,1.6393,LOCAL_BEST,0,42,0,183154,70829,195,3191,-26,15.6691,0.0000,0,0,0,0,0,0
n012w8-0,n012w8,0,12,1500000,100.0,adaptive,2026-07-04T11:37:08+01:00,7,3,301,103481,193,0.000000,1140,1150,1140,10,0.8696,LOCAL_BEST,0,42,39690,216005,4504,196,2639,50,37.8931,200.0000,0,0,0,0,0,0
n012w8-0,n012w8,0,12,1500000,100.0,adaptive,2026-07-04T11:37:08+01:00,7,5,301,105781,180,0.000000,235,250,235,15,6.0000,LOCAL_BEST,1,42,0,189298,91720,197,2300,-13,65.2174,0.0000,0,0,0,0,0,0
n012w8-0,n012w8,0,12,1500000,100.0,adaptive,2026-07-04T11:37:08+01:00,7,2,301,106405,151,0.000000,280,300,280,20,6.6667,LOCAL_BEST,0,42,0,193412,75701,198,624,-29,320.5128,0.0000,0,0,0,0,0,0
n012w8-0,n012w8,0,12,1500000,100.0,adaptive,2026-07-04T11:37:08+01:00,7,5,301,112078,192,0.000000,220,235,220,15,6.3830,LOCAL_BEST,1,42,0,199861,97359,199,5673,41,26.4410,365.8537,0,0,0,0,0,0
n012w8-0,n012w8,0,12,1500000,100.0,adaptive,2026-07-04T11:37:08+01:00,7,2,301,112115,158,0.000000,270,280,270,10,3.5714,LOCAL_BEST,0,42,0,203011,80652,200,37,-34,2702.7027,0.0000,0,0,0,0,0,0
n012w8-0,n012w8,0,12,1500000,100.0,adaptive,2026-07-04T11:37:08+01:00,7,2,301,113851,160,0.000000,260,270,260,10,3.7037,LOCAL_BEST,0,42,0,205991,82213,201,1736,2,57.6037,5000.0000,0,0,0,0,0,0
n012w8-0,n012w8,0,12,1500000,100.0,adaptive,2026-07-04T11:37:08+01:00,7,2,301,119458,169,0.000000,250,260,250,10,3.8462,LOCAL_BEST,0,42,0,215477,87241,202,5607,9,17.8348,1111.1111,0,0,0,0,0,0
n012w8-0,n012w8,0,12,1500000,100.0,adaptive,2026-07-04T11:37:08+01:00,7,2,301,120404,170,0.000000,245,250,245,5,2.0000,LOCAL_BEST,0,42,0,216971,88053,203,946,1,52.8541,5000.0000,0,0,0,0,0,0
n012w8-0,n012w8,0,12,1500000,100.0,adaptive,2026-07-04T11:37:08+01:00,7,5,301,126147,209,0.000000,200,220,200,20,9.0909,GLOBAL_BEST,1,42,0,223554,110123,204,5743,39,34.8250,512.8205,0,0,0,0,0,0
n012w8-0,n012w8,0,12,1500000,100.0,adaptive,2026-07-04T11:37:08+01:00,7,1,301,127881,186,55.493230,640,650,640,10,1.5385,LOCAL_BEST,0,42,27906,245835,52857,205,1734,-23,57.6701,0.0000,0,0,0,0,0,0
n012w8-0,n012w8,0,12,1500000,100.0,adaptive,2026-07-04T11:37:08+01:00,7,1,301,127888,186,55.491441,630,640,630,10,1.5625,LOCAL_BEST,0,42,27907,245850,52862,206,7,0,14285.7143,0.0000,0,0,0,0,0,0
n012w8-0,n012w8,0,12,1500000,100.0,adaptive,2026-07-04T11:37:08+01:00,7,4,301,131951,275,54.462804,635,645,635,10,1.5504,LOCAL_BEST,1,42,28867,255944,54196,207,4063,89,24.6124,112.3596,0,0,0,0,0,0
n012w8-0,n012w8,0,12,1500000,100.0,adaptive,2026-07-04T11:37:08+01:00,7,4,301,131958,275,54.461049,620,635,620,15,2.3622,LOCAL_BEST,1,42,28867,255962,54199,208,7,0,21428.5714,0.0000,0,0,0,0,0,0
n012w8-0,n012w8,0,12,1500000,100.0,adaptive,2026-07-04T11:37:08+01:00,7,1,301,138389,202,52.871788,590,630,590,40,6.3492,LOCAL_BEST,0,42,29739,266057,58297,209,6431,-73,62.1987,0.0000,0,0,0,0,0,0
n012w8-0,n012w8,0,12,1500000,100.0,adaptive,2026-07-04T11:37:08+01:00,7,1,301,138421,202,52.863997,575,590,575,15,2.5424,LOCAL_BEST,0,42,29741,266109,58323,210,32,0,4687.5000,0.0000,0,0,0,0,0,0
n012w8-0,n012w8,0,12,1500000,100.0,adaptive,2026-07-04T11:37:08+01:00,7,2,301,141533,197,0.000000,230,245,230,15,6.1224,LOCAL_BEST,0,42,0,252853,107477,211,3112,-5,48.2005,0.0000,0,0,0,0,0,0
n012w8-0,n012w8,0,12,1500000,100.0,adaptive,2026-07-04T11:37:08+01:00,7,2,301,148776,206,0.000000,215,230,215,15,6.5217,LOCAL_BEST,0,42,0,264859,113971,212,7243,9,20.7097,1666.6667,0,0,0,0,0,0
n012w8-0,n012w8,0,12,1500000,100.0,adaptive,2026-07-04T11:37:08+01:00,7,1,301,156142,236,48.721203,570,575,570,5,0.8696,LOCAL_BEST,0,42,32589,299763,67906,213,7366,30,6.7879,166.6667,0,0,0,0,0,0
n012w8-0,n012w8,0,12,1500000,100.0,adaptive,2026-07-04T11:37:08+01:00,7,4,301,168086,339,46.113703,595,620,595,25,4.0323,LOCAL_BEST,1,42,34779,324742,73574,214,11944,103,20.9310,242.7184,0,0,0,0,0,0
n012w8-0,n012w8,0,12,1500000,100.0,adaptive,2026-07-04T11:37:08+01:00,7,4,301,168093,339,46.112217,580,595,580,15,2.5210,LOCAL_BEST,1,42,34779,324751,73579,215,7,0,21428.5714,0.0000,0,0,0,0,0,0
n012w8-0,n012w8,0,12,1500000,100.0,adaptive,2026-07-04T11:37:08+01:00,7,1,301,186622,297,42.340697,550,570,550,20,3.5088,LOCAL_BEST,0,42,37199,357709,85155,216,18529,-42,10.7939,0.0000,0,0,0,0,0,0
n012w8-0,n012w8,0,12,1500000,100.0,adaptive,2026-07-04T11:37:08+01:00,7,1,301,190777,306,41.538231,540,550,540,10,1.8182,LOCAL_BEST,0,42,37780,365271,87639,217,4155,9,24.0674,1111.1111,0,0,0,0,0,0
n012w8-0,n012w8,0,12,1500000,100.0,adaptive,2026-07-04T11:37:08+01:00,7,1,301,190779,306,41.537849,495,540,495,45,8.3333,LOCAL_BEST,0,42,37780,365276,87640,218,2,0,225000.0000,0.0000,0,0,0,0,0,0
n012w8-0,n012w8,0,12,1500000,100.0,adaptive,2026-07-04T11:37:08+01:00,7,1,301,190836,306,41.526947,465,495,465,30,6.0606,LOCAL_BEST,0,42,37786,365373,87677,219,57,0,5263.1579,0.0000,0,0,0,0,0,0
n012w8-0,n012w8,0,12,1500000,100.0,adaptive,2026-07-04T11:37:08+01:00,7,1,301,190837,306,41.526755,460,465,460,5,1.0753,LOCAL_BEST,0,42,37786,365373,87677,220,1,0,50000.0000,0.0000,0,0,0,0,0,0
n012w8-0,n012w8,0,12,1500000,100.0,adaptive,2026-07-04T11:37:08+01:00,7,4,301,192611,395,41.188882,560,580,560,20,3.4483,LOCAL_BEST,1,42,38232,371092,87967,221,1774,89,112.7396,224.7191,0,0,0,0,0,0
n012w8-0,n012w8,0,12,1500000,100.0,adaptive,2026-07-04T11:37:08+01:00,7,4,301,192615,395,41.188123,530,560,530,30,5.3571,LOCAL_BEST,1,42,38232,371096,87969,222,4,0,75000.0000,0.0000,0,0,0,0,0,0
n012w8-0,n012w8,0,12,1500000,100.0,adaptive,2026-07-04T11:37:08+01:00,7,4,301,192618,395,41.187554,500,530,500,30,5.6604,LOCAL_BEST,1,42,38233,371099,87970,223,3,0,100000.0000,0.0000,0,0,0,0,0,0
n012w8-0,n012w8,0,12,1500000,100.0,adaptive,2026-07-04T11:37:08+01:00,7,4,301,192742,395,41.164041,495,500,495,5,1.0000,LOCAL_BEST,1,42,38245,371381,88062,224,124,0,403.2258,0.0000,0,0,0,0,0,0
n012w8-0,n012w8,0,12,1500000,100.0,adaptive,2026-07-04T11:37:08+01:00,7,4,301,193248,396,41.068231,485,495,485,10,2.0202,LOCAL_BEST,1,42,38310,372359,88378,225,506,1,197.6285,10000.0000,0,0,0,0,0,0
n012w8-0,n012w8,0,12,1500000,100.0,adaptive,2026-07-04T11:37:08+01:00,7,4,301,195891,402,40.571401,480,485,480,5,1.0309,LOCAL_BEST,1,42,38630,377089,90065,226,2643,6,18.9179,833.3333,0,0,0,0,0,0
n012w8-0,n012w8,0,12,1500000,100.0,adaptive,2026-07-04T11:37:08+01:00,7,4,301,195936,402,40.562994,450,480,450,30,6.2500,LOCAL_BEST,1,42,38633,377157,90100,227,45,0,6666.6667,0.0000,0,0,0,0,0,0
n012w8-0,n012w8,0,12,1500000,100.0,adaptive,2026-07-04T11:37:08+01:00,7,4,301,195979,402,40.554962,415,450,415,35,7.7778,LOCAL_BEST,1,42,38637,377221,90130,228,43,0,8139.5349,0.0000,0,0,0,0,0,0
n012w8-0,n012w8,0,12,1500000,100.0,adaptive,2026-07-04T11:37:08+01:00,7,4,301,196007,402,40.549733,400,415,400,15,3.6145,LOCAL_BEST,1,42,38637,377280,90154,229,28,0,5357.1429,0.0000,0,0,0,0,0,0
n012w8-0,n012w8,0,12,1500000,100.0,adaptive,2026-07-04T11:37:08+01:00,7,4,301,196010,402,40.549173,385,400,385,15,3.7500,LOCAL_BEST,1,42,38637,377281,90156,230,3,0,50000.0000,0.0000,0,0,0,0,0,0
n012w8-0,n012w8,0,12,1500000,100.0,adaptive,2026-07-04T11:37:08+01:00,7,4,301,196014,402,40.548426,355,385,355,30,7.7922,LOCAL_BEST,1,42,38637,377291,90159,231,4,0,75000.0000,0.0000,0,0,0,0,0,0
n012w8-0,n012w8,0,12,1500000,100.0,adaptive,2026-07-04T11:37:08+01:00,7,1,301,211539,348,37.750612,440,460,440,20,4.3478,LOCAL_BEST,0,42,40449,403710,100561,232,15525,-54,12.8824,0.0000,0,0,0,0,0,0
n012w8-0,n012w8,0,12,1500000,100.0,adaptive,2026-07-04T11:37:08+01:00,7,1,301,211549,348,37.748874,395,440,395,45,10.2273,LOCAL_BEST,0,42,40450,403722,100568,233,10,0,45000.0000,0.0000,0,0,0,0,0,0
n012w8-0,n012w8,0,12,1500000,100.0,adaptive,2026-07-04T11:37:08+01:00,7,3,301,255023,505,0.000000,1065,1140,1065,75,6.5789,LOCAL_BEST,0,42,97893,532501,11120,234,43474,157,17.2517,477.7070,0,0,0,0,0,0
n012w8-0,n012w8,0,12,1500000,100.0,adaptive,2026-07-04T11:37:08+01:00,7,1,301,282272,488,27.255741,365,395,365,30,7.5949,LOCAL_BEST,0,42,47657,532400,148821,235,27249,-17,11.0096,0.0000,0,0,0,0,0,0
n012w8-0,n012w8,0,12,1500000,100.0,adaptive,2026-07-04T11:37:08+01:00,7,1,301,291177,504,26.160618,335,365,335,30,8.2192,LOCAL_BEST,0,42,48384,548301,155329,236,8905,16,33.6889,1875.0000,0,0,0,0,0,0
n012w8-0,n012w8,0,12,1500000,100.0,adaptive,2026-07-04T11:37:08+01:00,7,1,301,291182,504,26.160016,305,335,305,30,8.9552,LOCAL_BEST,0,42,48384,548315,155333,237,5,0,60000.0000,0.0000,0,0,0,0,0,0
n012w8-0,n012w8,0,12,1500000,100.0,adaptive,2026-07-04T11:37:08+01:00,7,4,301,322187,641,22.679214,345,355,345,10,2.8169,LOCAL_BEST,1,42,51002,606459,177479,238,31005,137,3.2253,72.9927,0,0,0,0,0,0
n012w8-0,n012w8,0,12,1500000,100.0,adaptive,2026-07-04T11:37:08+01:00,7,7,301,334610,674,21.418152,345,350,345,5,1.4286,LOCAL_BEST,2,42,51649,627821,187783,239,12423,33,4.0248,151.5152,0,0,0,0,0,0
n012w8-0,n012w8,0,12,1500000,100.0,adaptive,2026-07-04T11:37:08+01:00,7,4,301,336174,672,21.264442,340,345,340,5,1.4493,LOCAL_BEST,1,42,51821,630573,188468,240,1564,-2,31.9693,0.0000,0,0,0,0,0,0
n012w8-0,n012w8,0,12,1500000,100.0,adaptive,2026-07-04T11:37:08+01:00,7,4,301,336193,672,21.262582,310,340,310,30,8.8235,LOCAL_BEST,1,42,51821,630592,188486,241,19,0,15789.4737,0.0000,0,0,0,0,0,0
n012w8-0,n012w8,0,12,1500000,100.0,adaptive,2026-07-04T11:37:08+01:00,7,7,301,341444,687,20.754582,305,345,305,40,11.5942,LOCAL_BEST,2,42,52034,639681,193172,242,5251,15,76.1760,2666.6667,0,0,0,0,0,0
n012w8-0,n012w8,0,12,1500000,100.0,adaptive,2026-07-04T11:37:08+01:00,7,7,301,341445,687,20.754487,290,305,290,15,4.9180,LOCAL_BEST,2,42,52034,639681,193172,243,1,0,150000.0000,0.0000,0,0,0,0,0,0
n012w8-0,n012w8,0,12,1500000,100.0,adaptive,2026-07-04T11:37:08+01:00,7,1,301,347614,608,20.173163,290,305,290,15,4.9180,LOCAL_BEST,0,42,52007,647150,198770,244,6169,-79,24.3151,0.0000,0,0,0,0,0,0
n012w8-0,n012w8,0,12,1500000,100.0,adaptive,2026-07-04T11:37:08+01:00,7,1,301,347662,608,20.168704,275,290,275,15,5.1724,LOCAL_BEST,0,42,52008,647222,198813,245,48,0,3125.0000,0.0000,0,0,0,0,0,0
n012w8-0,n012w8,0,12,1500000,100.0,adaptive,2026-07-04T11:37:08+01:00,7,1,301,381526,674,17.256392,260,275,260,15,5.4545,LOCAL_BEST,0,42,53592,706816,226126,246,33864,66,4.4295,227.2727,0,0,0,0,0,0
n012w8-0,n012w8,0,12,1500000,100.0,adaptive,2026-07-04T11:37:08+01:00,7,1,301,383048,676,17.135864,245,260,245,15,5.7692,LOCAL_BEST,0,42,53655,709411,227388,247,1522,2,98.5545,7500.0000,0,0,0,0,0,0
n012w8-0,n012w8,0,12,1500000,100.0,adaptive,2026-07-04T11:37:08+01:00,7,4,301,392894,765,16.376233,285,310,285,25,8.0645,LOCAL_BEST,1,42,54623,726758,234375,248,9846,89,25.3910,280.8989,0,0,0,0,0,0
n012w8-0,n012w8,0,12,1500000,100.0,adaptive,2026-07-04T11:37:08+01:00,7,4,301,397768,776,16.012753,270,285,270,15,5.2632,LOCAL_BEST,1,42,54802,734986,238415,249,4874,11,30.7755,1363.6364,0,0,0,0,0,0
n012w8-0,n012w8,0,12,1500000,100.0,adaptive,2026-07-04T11:37:08+01:00,7,4,301,397771,776,16.012532,255,270,255,15,5.5556,LOCAL_BEST,1,42,54802,734987,238417,250,3,0,50000.0000,0.0000,0,0,0,0,0,0
n012w8-0,n012w8,0,12,1500000,100.0,adaptive,2026-07-04T11:37:08+01:00,7,4,301,397836,776,16.007739,245,255,245,10,3.9216,LOCAL_BEST,1,42,54804,735078,238474,251,65,0,1538.4615,0.0000,0,0,0,0,0,0
n012w8-0,n012w8,0,12,1500000,100.0,adaptive,2026-07-04T11:37:08+01:00,7,4,301,397839,776,16.007518,230,245,230,15,6.1224,LOCAL_BEST,1,42,54804,735083,238476,252,3,0,50000.0000,0.0000,0,0,0,0,0,0
n012w8-0,n012w8,0,12,1500000,100.0,adaptive,2026-07-04T11:37:08+01:00,7,4,301,398472,778,15.960923,220,230,220,10,4.3478,LOCAL_BEST,1,42,54822,736089,239029,253,633,2,157.9779,5000.0000,0,0,0,0,0,0
n012w8-0,n012w8,0,12,1500000,100.0,adaptive,2026-07-04T11:37:08+01:00,7,7,301,410355,805,15.110958,285,290,285,5,1.7241,LOCAL_BEST,2,42,55223,759713,249508,254,11883,27,4.2077,185.1852,0,0,0,0,0,0
n012w8-0,n012w8,0,12,1500000,100.0,adaptive,2026-07-04T11:37:08+01:00,7,7,301,410507,805,15.100384,270,285,270,15,5.2632,LOCAL_BEST,2,42,55224,759981,249646,255,152,0,986.8421,0.0000,0,0,0,0,0,0
n012w8-0,n012w8,0,12,1500000,100.0,adaptive,2026-07-04T11:37:08+01:00,7,7,301,413439,809,14.897864,260,270,260,10,3.7037,LOCAL_BEST,2,42,55303,765345,252202,256,2932,4,34.1064,2500.0000,0,0,0,0,0,0
n012w8-0,n012w8,0,12,1500000,100.0,adaptive,2026-07-04T11:37:08+01:00,7,1,301,414186,732,14.846702,240,245,240,5,2.0408,LOCAL_BEST,0,42,54762,762918,253614,257,747,-77,66.9344,0.0000,0,0,0,0,0,0
n012w8-0,n012w8,0,12,1500000,100.0,adaptive,2026-07-04T11:37:08+01:00,7,1,301,414278,732,14.840413,225,240,225,15,6.2500,LOCAL_BEST,0,42,54762,763032,253700,258,92,0,1630.4348,0.0000,0,0,0,0,0,0
n012w8-0,n012w8,0,12,1500000,100.0,adaptive,2026-07-04T11:37:08+01:00,7,1,301,414317,732,14.837748,210,225,210,15,6.6667,LOCAL_BEST,0,42,54762,763099,253734,259,39,0,3846.1538,0.0000,0,0,0,0,0,0
n012w8-0,n012w8,0,12,1500000,100.0,adaptive,2026-07-04T11:37:08+01:00,7,10,301,426904,945,14.002127,245,260,245,15,5.7692,LOCAL_BEST,4,42,55960,790439,262606,260,12587,213,11.9171,70.4225,0,0,0,0,0,0
n012w8-0,n012w8,0,12,1500000,100.0,adaptive,2026-07-04T11:37:08+01:00,7,7,301,430167,831,13.793294,255,260,255,5,1.9231,LOCAL_BEST,2,42,55843,795043,266489,261,3263,-114,15.3233,0.0000,0,0,0,0,0,0
n012w8-0,n012w8,0,12,1500000,100.0,adaptive,2026-07-04T11:37:08+01:00,7,7,301,433478,835,13.584573,245,255,245,10,3.9216,LOCAL_BEST,2,42,55935,800397,269387,262,3311,4,30.2024,2500.0000,0,0,0,0,0,0
n012w8-0,n012w8,0,12,1500000,100.0,adaptive,2026-07-04T11:37:08+01:00,7,10,301,438391,968,13.280670,240,245,240,5,2.0408,LOCAL_BEST,4,42,56299,809147,272312,263,4913,133,10.1771,37.5940,0,0,0,0,0,0
n012w8-0,n012w8,0,12,1500000,100.0,adaptive,2026-07-04T11:37:08+01:00,7,10,301,455687,995,12.263883,210,240,210,30,12.5000,LOCAL_BEST,4,42,56728,838826,287322,264,17296,27,17.3451,1111.1111,0,0,0,0,0,0
n012w8-0,n012w8,0,12,1500000,100.0,adaptive,2026-07-04T11:37:08+01:00,7,10,301,455689,995,12.263770,195,210,195,15,7.1429,LOCAL_BEST,4,42,56728,838831,287323,265,2,0,75000.0000,0.0000,0,0,0,0,0,0
n012w8-0,n012w8,0,12,1500000,100.0,adaptive,2026-07-04T11:37:08+01:00,7,4,301,485826,941,10.674560,215,220,215,5,2.2727,LOCAL_BEST,1,42,57178,885420,314898,266,30137,-54,1.6591,0.0000,0,0,0,0,0,0
n012w8-0,n012w8,0,12,1500000,100.0,adaptive,2026-07-04T11:37:08+01:00,7,4,301,490225,946,10.460489,200,215,200,15,6.9767,LOCAL_BEST,1,42,57256,892935,318867,267,4399,5,34.0987,3000.0000,0,0,0,0,0,0
n012w8-0,n012w8,0,12,1500000,100.0,adaptive,2026-07-04T11:37:08+01:00,7,13,301,495482,1135,10.210288,190,200,190,10,5.0000,GLOBAL_BEST,5,42,57381,908111,323695,268,5257,189,19.0223,52.9101,0,0,0,0,0,0
n012w8-0,n012w8,0,12,1500000,100.0,adaptive,2026-07-04T11:37:08+01:00,7,13,301,495503,1136,10.209301,175,190,175,15,7.8947,GLOBAL_BEST,5,42,57381,908141,323715,269,21,1,7142.8571,15000.0000,0,0,0,0,0,0
n012w8-0,n012w8,0,12,1500000,100.0,adaptive,2026-07-04T11:37:08+01:00,7,7,301,500578,942,9.973463,230,245,230,15,6.1224,LOCAL_BEST,2,42,57262,912874,328521,270,5075,-194,29.5567,0.0000,0,0,0,0,0,0
n012w8-0,n012w8,0,12,1500000,100.0,adaptive,2026-07-04T11:37:08+01:00,7,4,301,508014,973,9.637713,195,200,195,5,2.5000,GLOBAL_BEST,1,42,57536,922025,334664,271,7436,31,6.7240,161.2903,0,0,0,0,0,0
n012w8-0,n012w8,0,12,1500000,100.0,adaptive,2026-07-04T11:37:08+01:00,7,3,301,571157,1205,0.000000,1025,1065,1025,40,3.7559,LOCAL_BEST,0,42,219151,1194737,25003,272,63143,232,6.3348,172.4138,0,0,0,0,0,0
n012w8-0,n012w8,0,12,1500000,100.0,adaptive,2026-07-04T11:37:08+01:00,7,3,301,571159,1205,0.000000,995,1025,995,30,2.9268,LOCAL_BEST,0,42,219151,1194738,25003,273,2,0,150000.0000,0.0000,0,0,0,0,0,0
n012w8-0,n012w8,0,12,1500000,100.0,adaptive,2026-07-04T11:37:08+01:00,7,4,301,600000,1141,6.309573,285,195,195,0,0.0000,REHEAT,1,42,58429,1077751,418605,274,28841,-64,0.0000,0.0000,0,0,0,0,0,0
n012w8-0,n012w8,0,12,1500000,100.0,adaptive,2026-07-04T11:37:08+01:00,7,13,301,600000,1333,6.309573,200,175,175,0,0.0000,REHEAT,5,42,58399,1079166,418064,275,0,192,0.0000,0.0000,0,0,0,0,0,0
n012w8-0,n012w8,0,12,1500000,100.0,adaptive,2026-07-04T11:37:08+01:00,7,10,301,645660,1376,5.113073,190,195,190,5,2.5641,LOCAL_BEST,4,42,58606,1164677,461705,276,45660,43,1.0951,116.2791,0,0,0,0,0,0
n012w8-0,n012w8,0,12,1500000,100.0,adaptive,2026-07-04T11:37:08+01:00,7,4,301,650000,1247,79.432823,1600,195,195,0,0.0000,REHEAT,1,42,70829,1177639,436008,277,4340,-129,0.0000,0.0000,0,0,0,0,0,0
n012w8-0,n012w8,0,12,1500000,100.0,adaptive,2026-07-04T11:37:08+01:00,7,13,301,650000,1434,79.432823,1435,175,175,0,0.0000,REHEAT,5,42,70609,1176945,435800,278,0,187,0.0000,0.0000,0,0,0,0,0,0
n012w8-0,n012w8,0,12,1500000,100.0,adaptive,2026-07-04T11:37:08+01:00,7,4,301,700000,1362,79.432823,1585,195,195,0,0.0000,REHEAT,1,42,82978,1276168,453687,279,50000,-72,0.0000,0.0000,0,0,0,0,0,0
n012w8-0,n012w8,0,12,1500000,100.0,adaptive,2026-07-04T11:37:08+01:00,7,13,301,700000,1555,79.432823,1445,175,175,0,0.0000,REHEAT,5,42,82893,1275151,453245,280,0,193,0.0000,0.0000,0,0,0,0,0,0
n012w8-0,n012w8,0,12,1500000,100.0,adaptive,2026-07-04T11:37:08+01:00,7,4,301,750000,1481,79.432823,1260,195,195,0,0.0000,REHEAT,1,42,95332,1374525,471242,281,50000,-74,0.0000,0.0000,0,0,0,0,0,0
n012w8-0,n012w8,0,12,1500000,100.0,adaptive,2026-07-04T11:37:08+01:00,7,13,301,750000,1677,79.432823,1430,175,175,0,0.0000,REHEAT,5,42,95098,1374054,471011,282,0,196,0.0000,0.0000,0,0,0,0,0,0
n012w8-0,n012w8,0,12,1500000,100.0,adaptive,2026-07-04T11:37:08+01:00,7,4,301,800000,1595,79.432823,1650,195,195,0,0.0000,REHEAT,1,42,107655,1472815,488773,283,50000,-82,0.0000,0.0000,0,0,0,0,0,0
n012w8-0,n012w8,0,12,1500000,100.0,adaptive,2026-07-04T11:37:08+01:00,7,13,301,800000,1795,79.432823,1465,175,175,0,0.0000,REHEAT,5,42,107335,1472472,488823,284,0,200,0.0000,0.0000,0,0,0,0,0,0
n012w8-0,n012w8,0,12,1500000,100.0,adaptive,2026-07-04T11:37:08+01:00,7,4,301,850000,1715,79.432823,1345,195,195,0,0.0000,REHEAT,1,42,119933,1571752,506403,285,50000,-80,0.0000,0.0000,0,0,0,0,0,0
n012w8-0,n012w8,0,12,1500000,100.0,adaptive,2026-07-04T11:37:08+01:00,7,13,301,850000,1917,79.432823,1200,175,175,0,0.0000,REHEAT,5,42,119580,1569397,506641,286,0,202,0.0000,0.0000,0,0,0,0,0,0
n012w8-0,n012w8,0,12,1500000,100.0,adaptive,2026-07-04T11:37:08+01:00,7,4,301,900000,1820,79.432823,1350,195,195,0,0.0000,REHEAT,1,42,132179,1670744,523999,287,50000,-97,0.0000,0.0000,0,0,0,0,0,0
n012w8-0,n012w8,0,12,1500000,100.0,adaptive,2026-07-04T11:37:08+01:00,7,13,301,900000,2024,79.432823,1640,175,175,0,0.0000,REHEAT,5,42,131968,1667921,523853,288,0,204,0.0000,0.0000,0,0,0,0,0,0
n012w8-0,n012w8,0,12,1500000,100.0,adaptive,2026-07-04T11:37:08+01:00,7,4,301,950000,1934,79.432823,1430,195,195,0,0.0000,REHEAT,1,42,144652,1768823,541371,289,50000,-90,0.0000,0.0000,0,0,0,0,0,0
n012w8-0,n012w8,0,12,1500000,100.0,adaptive,2026-07-04T11:37:08+01:00,7,13,301,950000,2140,79.432823,935,175,175,0,0.0000,REHEAT,5,42,144227,1766662,541741,290,0,206,0.0000,0.0000,0,0,0,0,0,0
n012w8-0,n012w8,0,12,1500000,100.0,adaptive,2026-07-04T11:37:08+01:00,7,4,301,1000000,2034,79.432823,1460,195,195,0,0.0000,REHEAT,1,42,157012,1866962,558608,291,50000,-106,0.0000,0.0000,0,0,0,0,0,0
n012w8-0,n012w8,0,12,1500000,100.0,adaptive,2026-07-04T11:37:08+01:00,7,13,301,1000000,2245,79.432823,1430,175,175,0,0.0000,REHEAT,5,42,156424,1865698,559348,292,0,211,0.0000,0.0000,0,0,0,0,0,0
n012w8-0,n012w8,0,12,1500000,100.0,adaptive,2026-07-04T11:37:08+01:00,7,4,301,1050000,2130,79.432823,1225,195,195,0,0.0000,REHEAT,1,42,169320,1966026,576216,293,50000,-115,0.0000,0.0000,0,0,0,0,0,0
n012w8-0,n012w8,0,12,1500000,100.0,adaptive,2026-07-04T11:37:08+01:00,7,13,301,1050000,2355,79.432823,1455,175,175,0,0.0000,REHEAT,5,42,168801,1964447,576811,294,0,225,0.0000,0.0000,0,0,0,0,0,0
n012w8-0,n012w8,0,12,1500000,100.0,adaptive,2026-07-04T11:37:08+01:00,7,4,301,1100000,2244,79.432823,1545,195,195,0,0.0000,REHEAT,1,42,181699,2063722,593758,295,50000,-111,0.0000,0.0000,0,0,0,0,0,0
n012w8-0,n012w8,0,12,1500000,100.0,adaptive,2026-07-04T11:37:08+01:00,7,13,301,1100000,2452,79.432823,1605,175,175,0,0.0000,REHEAT,5,42,180997,2062589,594309,296,0,208,0.0000,0.0000,0,0,0,0,0,0
n012w8-0,n012w8,0,12,1500000,100.0,adaptive,2026-07-04T11:37:08+01:00,7,4,301,1150000,2347,79.432823,1420,195,195,0,0.0000,REHEAT,1,42,194098,2161026,611242,297,50000,-105,0.0000,0.0000,0,0,0,0,0,0
n012w8-0,n012w8,0,12,1500000,100.0,adaptive,2026-07-04T11:37:08+01:00,7,13,301,1150000,2567,79.432823,1530,175,175,0,0.0000,REHEAT,5,42,193429,2160280,611714,298,0,220,0.0000,0.0000,0,0,0,0,0,0
n012w8-0,n012w8,0,12,1500000,100.0,adaptive,2026-07-04T11:37:08+01:00,7,4,301,1200000,2459,79.432823,1355,195,195,0,0.0000,REHEAT,1,42,206360,2259298,628855,299,50000,-108,0.0000,0.0000,0,0,0,0,0,0
n012w8-0,n012w8,0,12,1500000,100.0,adaptive,2026-07-04T11:37:08+01:00,7,13,301,1200000,2688,79.432823,1040,175,175,0,0.0000,REHEAT,5,42,205702,2257770,629425,300,0,229,0.0000,0.0000,0,0,0,0,0,0
n012w8-0,n012w8,0,12,1500000,100.0,adaptive,2026-07-04T11:37:08+01:00,7,4,301,1250000,2570,79.432823,1440,195,195,0,0.0000,REHEAT,1,42,218659,2359342,646410,301,50000,-118,0.0000,0.0000,0,0,0,0,0,0
n012w8-0,n012w8,0,12,1500000,100.0,adaptive,2026-07-04T11:37:08+01:00,7,13,301,1250000,2809,79.432823,1180,175,175,0,0.0000,REHEAT,5,42,217815,2355994,647464,302,0,239,0.0000,0.0000,0,0,0,0,0,0
n012w8-0,n012w8,0,12,1500000,100.0,adaptive,2026-07-04T11:37:08+01:00,7,4,301,1300000,2693,79.432823,1685,195,195,0,0.0000,REHEAT,1,42,230942,2456952,664131,303,50000,-116,0.0000,0.0000,0,0,0,0,0,0
n012w8-0,n012w8,0,12,1500000,100.0,adaptive,2026-07-04T11:37:08+01:00,7,13,301,1300000,2926,79.432823,1320,175,175,0,0.0000,REHEAT,5,42,230177,2453727,664938,304,0,233,0.0000,0.0000,0,0,0,0,0,0
n012w8-0,n012w8,0,12,1500000,100.0,adaptive,2026-07-04T11:37:08+01:00,7,4,301,1350000,2808,79.432823,1600,195,195,0,0.0000,REHEAT,1,42,243294,2555728,681750,305,50000,-118,0.0000,0.0000,0,0,0,0,0,0
n012w8-0,n012w8,0,12,1500000,100.0,adaptive,2026-07-04T11:37:08+01:00,7,13,301,1350000,3037,79.432823,1465,175,175,0,0.0000,REHEAT,5,42,242391,2551121,682773,306,0,229,0.0000,0.0000,0,0,0,0,0,0
n012w8-0,n012w8,0,12,1500000,100.0,adaptive,2026-07-04T11:37:08+01:00,7,4,301,1400000,2917,79.432823,1490,195,195,0,0.0000,REHEAT,1,42,255630,2654764,699480,307,50000,-120,0.0000,0.0000,0,0,0,0,0,0
n012w8-0,n012w8,0,12,1500000,100.0,adaptive,2026-07-04T11:37:08+01:00,7,13,301,1400000,3144,79.432823,1610,175,175,0,0.0000,REHEAT,5,42,254656,2648337,700442,308,0,227,0.0000,0.0000,0,0,0,0,0,0
n012w8-0,n012w8,0,12,1500000,100.0,adaptive,2026-07-04T11:37:08+01:00,7,4,301,1450000,3037,79.432823,1800,195,195,0,0.0000,REHEAT,1,42,267892,2753233,716974,309,50000,-107,0.0000,0.0000,0,0,0,0,0,0
n012w8-0,n012w8,0,12,1500000,100.0,adaptive,2026-07-04T11:37:08+01:00,7,13,301,1450000,3254,79.432823,1370,175,175,0,0.0000,REHEAT,5,42,266947,2746262,717999,310,0,217,0.0000,0.0000,0,0,0,0,0,0
n012w8-0,n012w8,0,12,1500000,100.0,adaptive,2026-07-04T11:37:08+01:00,7,4,301,1500000,3145,79.432823,1615,195,195,0,0.0000,REHEAT,1,42,280237,2851749,734572,311,50000,-109,0.0000,0.0000,0,0,0,0,0,0
n012w8-0,n012w8,0,12,1500000,100.0,adaptive,2026-07-04T11:37:08+01:00,7,13,301,1500000,3370,79.432823,1400,175,175,0,0.0000,REHEAT,5,42,279070,2844417,735741,312,0,225,0.0000,0.0000,0,0,0,0,0,0
n012w8-0,n012w8,0,12,1500000,100.0,adaptive,2026-07-04T11:37:08+01:00,7,4,301,1550000,3246,79.432823,1550,195,195,0,0.0000,REHEAT,1,42,292601,2950203,752347,313,50000,-124,0.0000,0.0000,0,0,0,0,0,0
n012w8-0,n012w8,0,12,1500000,100.0,adaptive,2026-07-04T11:37:08+01:00,7,13,301,1550000,3491,79.432823,1335,175,175,0,0.0000,REHEAT,5,42,291282,2942926,753668,314,0,245,0.0000,0.0000,0,0,0,0,0,0
n012w8-0,n012w8,0,12,1500000,100.0,adaptive,2026-07-04T11:37:08+01:00,7,4,301,1600000,3358,79.432823,1240,195,195,0,0.0000,REHEAT,1,42,304881,3048253,770132,315,50000,-133,0.0000,0.0000,0,0,0,0,0,0
n012w8-0,n012w8,0,12,1500000,100.0,adaptive,2026-07-04T11:37:08+01:00,7,13,301,1600000,3607,79.432823,1770,175,175,0,0.0000,REHEAT,5,42,303567,3041205,771280,316,0,249,0.0000,0.0000,0,0,0,0,0,0
n012w8-0,n012w8,0,12,1500000,100.0,adaptive,2026-07-04T11:37:08+01:00,7,4,301,1650000,3470,79.432823,1540,195,195,0,0.0000,REHEAT,1,42,317220,3146459,787612,317,50000,-137,0.0000,0.0000,0,0,0,0,0,0
n012w8-0,n012w8,0,12,1500000,100.0,adaptive,2026-07-04T11:37:08+01:00,7,13,301,1650000,3719,79.432823,1225,175,175,0,0.0000,REHEAT,5,42,315906,3139645,788813,318,0,249,0.0000,0.0000,0,0,0,0,0,0
n012w8-0,n012w8,0,12,1500000,100.0,adaptive,2026-07-04T11:37:08+01:00,7,3,301,1662270,3699,0.000000,990,995,990,5,0.5025,LOCAL_BEST,0,42,638711,3476181,72267,319,12270,-20,4.0750,0.0000,0,0,0,0,0,0
n012w8-0,n012w8,0,12,1500000,100.0,adaptive,2026-07-04T11:37:08+01:00,7,4,301,1700000,3580,79.432823,945,195,195,0,0.0000,REHEAT,1,42,329478,3244864,805347,320,37730,-119,0.0000,0.0000,0,0,0,0,0,0
n012w8-0,n012w8,0,12,1500000,100.0,adaptive,2026-07-04T11:37:08+01:00,7,13,301,1700000,3839,79.432823,1635,175,175,0,0.0000,REHEAT,5,42,328114,3237369,806427,321,0,259,0.0000,0.0000,0,0,0,0,0,0
n012w8-0,n012w8,0,12,1500000,100.0,adaptive,2026-07-04T11:37:08+01:00,7,4,301,1750000,3701,79.432823,1680,195,195,0,0.0000,REHEAT,1,42,341807,3343464,823026,322,50000,-138,0.0000,0.0000,0,0,0,0,0,0
n012w8-0,n012w8,0,12,1500000,100.0,adaptive,2026-07-04T11:37:08+01:00,7,13,301,1750000,3962,79.432823,1270,175,175,0,0.0000,REHEAT,5,42,340350,3335628,824085,323,0,261,0.0000,0.0000,0,0,0,0,0,0
n012w8-0,n012w8,0,12,1500000,100.0,adaptive,2026-07-04T11:37:08+01:00,7,4,301,1800000,3823,79.432823,1315,195,195,0,0.0000,REHEAT,1,42,354128,3441525,840714,324,50000,-139,0.0000,0.0000,0,0,0,0,0,0
n012w8-0,n012w8,0,12,1500000,100.0,adaptive,2026-07-04T11:37:08+01:00,7,13,301,1800000,4083,79.432823,1360,175,175,0,0.0000,REHEAT,5,42,352631,3433915,841780,325,0,260,0.0000,0.0000,0,0,0,0,0,0
n012w8-0,n012w8,0,12,1500000,100.0,adaptive,2026-07-04T11:37:08+01:00,7,4,301,1850000,3938,79.432823,1305,195,195,0,0.0000,REHEAT,1,42,366466,3540530,858216,326,50000,-145,0.0000,0.0000,0,0,0,0,0,0
n012w8-0,n012w8,0,12,1500000,100.0,adaptive,2026-07-04T11:37:08+01:00,7,13,301,1850000,4202,79.432823,1330,175,175,0,0.0000,REHEAT,5,42,364886,3531505,859436,327,0,264,0.0000,0.0000,0,0,0,0,0,0
n012w8-0,n012w8,0,12,1500000,100.0,adaptive,2026-07-04T11:37:08+01:00,7,4,301,1900000,4048,79.432823,1625,195,195,0,0.0000,REHEAT,1,42,378650,3640367,875953,328,50000,-154,0.0000,0.0000,0,0,0,0,0,0
n012w8-0,n012w8,0,12,1500000,100.0,adaptive,2026-07-04T11:37:08+01:00,7,13,301,1900000,4318,79.432823,1490,175,175,0,0.0000,REHEAT,5,42,377225,3630265,877200,329,0,270,0.0000,0.0000,0,0,0,0,0,0
n012w8-0,n012w8,0,12,1500000,100.0,adaptive,2026-07-04T11:37:08+01:00,7,4,301,1950000,4167,79.432823,1210,195,195,0,0.0000,REHEAT,1,42,391030,3739408,893566,330,50000,-151,0.0000,0.0000,0,0,0,0,0,0
n012w8-0,n012w8,0,12,1500000,100.0,adaptive,2026-07-04T11:37:08+01:00,7,13,301,1950000,4428,79.432823,1685,175,175,0,0.0000,REHEAT,5,42,389540,3727276,894989,331,0,261,0.0000,0.0000,0,0,0,0,0,0
n012w8-0,n012w8,0,12,1500000,100.0,adaptive,2026-07-04T11:37:08+01:00,7,4,301,2000000,4281,79.432823,1520,195,195,0,0.0000,REHEAT,1,42,403390,3838427,910973,332,50000,-147,0.0000,0.0000,0,0,0,0,0,0
n012w8-0,n012w8,0,12,1500000,100.0,adaptive,2026-07-04T11:37:08+01:00,7,13,301,2000000,4543,79.432823,1545,175,175,0,0.0000,REHEAT,5,42,401861,3825961,912414,333,0,262,0.0000,0.0000,0,0,0,0,0,0
n012w8-0,n012w8,0,12,1500000,100.0,adaptive,2026-07-04T11:37:08+01:00,7,4,301,2050000,4389,79.432823,1615,195,195,0,0.0000,REHEAT,1,42,415646,3936068,928694,334,50000,-154,0.0000,0.0000,0,0,0,0,0,0
n012w8-0,n012w8,0,12,1500000,100.0,adaptive,2026-07-04T11:37:08+01:00,7,13,301,2050000,4657,79.432823,1625,175,175,0,0.0000,REHEAT,5,42,414158,3923673,929943,335,0,268,0.0000,0.0000,0,0,0,0,0,0
n012w8-0,n012w8,0,12,1500000,100.0,adaptive,2026-07-04T11:37:08+01:00,7,4,301,2100000,4491,79.432823,985,195,195,0,0.0000,REHEAT,1,42,427966,4035101,946386,336,50000,-166,0.0000,0.0000,0,0,0,0,0,0
n012w8-0,n012w8,0,12,1500000,100.0,adaptive,2026-07-04T11:37:08+01:00,7,13,301,2100000,4778,79.432823,1120,175,175,0,0.0000,REHEAT,5,42,426592,4021978,947411,337,0,287,0.0000,0.0000,0,0,0,0,0,0
n012w8-0,n012w8,0,12,1500000,100.0,adaptive,2026-07-04T11:37:08+01:00,7,4,301,2150000,4614,79.432823,1800,195,195,0,0.0000,REHEAT,1,42,440176,4133145,963972,338,50000,-164,0.0000,0.0000,0,0,0,0,0,0
n012w8-0,n012w8,0,12,1500000,100.0,adaptive,2026-07-04T11:37:08+01:00,7,13,301,2150000,4893,79.432823,1440,175,175,0,0.0000,REHEAT,5,42,438895,4120096,965172,339,0,279,0.0000,0.0000,0,0,0,0,0,0
n012w8-0,n012w8,0,12,1500000,100.0,adaptive,2026-07-04T11:37:08+01:00,7,4,301,2200000,4733,79.432823,1435,195,195,0,0.0000,REHEAT,1,42,452498,4230870,981629,340,50000,-160,0.0000,0.0000,0,0,0,0,0,0
n012w8-0,n012w8,0,12,1500000,100.0,adaptive,2026-07-04T11:37:08+01:00,7,13,301,2200000,5012,79.432823,2015,175,175,0,0.0000,REHEAT,5,42,451262,4218853,982718,341,0,279,0.0000,0.0000,0,0,0,0,0,0
n012w8-0,n012w8,0,12,1500000,100.0,adaptive,2026-07-04T11:37:08+01:00,7,4,301,2250000,4854,79.432823,1460,195,195,0,0.0000,REHEAT,1,42,464801,4328691,999449,342,50000,-158,0.0000,0.0000,0,0,0,0,0,0
n012w8-0,n012w8,0,12,1500000,100.0,adaptive,2026-07-04T11:37:08+01:00,7,13,301,2250000,5124,79.432823,1000,175,175,0,0.0000,REHEAT,5,42,463656,4317526,1000412,343,0,270,0.0000,0.0000,0,0,0,0,0,0
n012w8-0,n012w8,0,12,1500000,100.0,adaptive,2026-07-04T11:37:08+01:00,7,4,301,2300000,4969,79.432823,1075,195,195,0,0.0000,REHEAT,1,42,476946,4427380,1017337,344,50000,-155,0.0000,0.0000,0,0,0,0,0,0
n012w8-0,n012w8,0,12,1500000,100.0,adaptive,2026-07-04T11:37:08+01:00,7,13,301,2300000,5227,79.432823,1490,175,175,0,0.0000,REHEAT,5,42,476136,4415909,1017922,345,0,258,0.0000,0.0000,0,0,0,0,0,0
n012w8-0,n012w8,0,12,1500000,100.0,adaptive,2026-07-04T11:37:08+01:00,7,4,301,2350000,5082,79.432823,1375,195,195,0,0.0000,REHEAT,1,42,489185,4525877,1035172,346,50000,-145,0.0000,0.0000,0,0,0,0,0,0
n012w8-0,n012w8,0,12,1500000,100.0,adaptive,2026-07-04T11:37:08+01:00,7,13,301,2350000,5345,79.432823,1700,175,175,0,0.0000,REHEAT,5,42,488479,4513961,1035419,347,0,263,0.0000,0.0000,0,0,0,0,0,0
n012w8-0,n012w8,0,12,1500000,100.0,adaptive,2026-07-04T11:37:08+01:00,7,4,301,2400000,5198,79.432823,1305,195,195,0,0.0000,REHEAT,1,42,501569,4623158,1052741,348,50000,-147,0.0000,0.0000,0,0,0,0,0,0
n012w8-0,n012w8,0,12,1500000,100.0,adaptive,2026-07-04T11:37:08+01:00,7,13,301,2400000,5452,79.432823,1495,175,175,0,0.0000,REHEAT,5,42,500696,4611343,1053065,349,0,254,0.0000,0.0000,0,0,0,0,0,0
n012w8-0,n012w8,0,12,1500000,100.0,adaptive,2026-07-04T11:37:08+01:00,7,4,301,2450000,5311,79.432823,1890,195,195,0,0.0000,REHEAT,1,42,513938,4721314,1070274,350,50000,-141,0.0000,0.0000,0,0,0,0,0,0
n012w8-0,n012w8,0,12,1500000,100.0,adaptive,2026-07-04T11:37:08+01:00,7,13,301,2450000,5569,79.432823,1205,175,175,0,0.0000,REHEAT,5,42,512952,4709699,1070638,351,0,258,0.0000,0.0000,0,0,0,0,0,0
n012w8-0,n012w8,0,12,1500000,100.0,adaptive,2026-07-04T11:37:08+01:00,7,4,301,2500000,5417,79.432823,1500,195,195,0,0.0000,REHEAT,1,42,526196,4819492,1087888,352,50000,-152,0.0000,0.0000,0,0,0,0,0,0
n012w8-0,n012w8,0,12,1500000,100.0,adaptive,2026-07-04T11:37:08+01:00,7,13,301,2500000,5688,79.432823,1240,175,175,0,0.0000,REHEAT,5,42,525274,4807988,1088116,353,0,271,0.0000,0.0000,0,0,0,0,0,0
n012w8-0,n012w8,0,12,1500000,100.0,adaptive,2026-07-04T11:37:08+01:00,7,4,301,2550000,5529,79.432823,1565,195,195,0,0.0000,REHEAT,1,42,538449,4918232,1105576,354,50000,-159,0.0000,0.0000,0,0,0,0,0,0
n012w8-0,n012w8,0,12,1500000,100.0,adaptive,2026-07-04T11:37:08+01:00,7,13,301,2550000,5794,79.432823,1300,175,175,0,0.0000,REHEAT,5,42,537529,4905874,1105754,355,0,265,0.0000,0.0000,0,0,0,0,0,0
n012w8-0,n012w8,0,12,1500000,100.0,adaptive,2026-07-04T11:37:08+01:00,7,4,301,2600000,5649,79.432823,1210,195,195,0,0.0000,REHEAT,1,42,550885,5015356,1122823,356,50000,-145,0.0000,0.0000,0,0,0,0,0,0
n012w8-0,n012w8,0,12,1500000,100.0,adaptive,2026-07-04T11:37:08+01:00,7,13,301,2600000,5891,79.432823,1615,175,175,0,0.0000,REHEAT,5,42,549827,5004094,1123409,357,0,242,0.0000,0.0000,0,0,0,0,0,0
n012w8-0,n012w8,0,12,1500000,100.0,adaptive,2026-07-04T11:37:08+01:00,7,4,301,2650000,5770,79.432823,1430,195,195,0,0.0000,REHEAT,1,42,563132,5114548,1140538,358,50000,-121,0.0000,0.0000,0,0,0,0,0,0
n012w8-0,n012w8,0,12,1500000,100.0,adaptive,2026-07-04T11:37:08+01:00,7,13,301,2650000,5996,79.432823,1165,175,175,0,0.0000,REHEAT,5,42,562229,5102902,1140918,359,0,226,0.0000,0.0000,0,0,0,0,0,0
n012w8-0,n012w8,0,12,1500000,100.0,adaptive,2026-07-04T11:37:08+01:00,7,4,301,2700000,5890,79.432823,1540,195,195,0,0.0000,REHEAT,1,42,575395,5212910,1158041,360,50000,-106,0.0000,0.0000,0,0,0,0,0,0
n012w8-0,n012w8,0,12,1500000,100.0,adaptive,2026-07-04T11:37:08+01:00,7,13,301,2700000,6078,79.432823,1750,175,175,0,0.0000,REHEAT,5,42,574406,5200421,1158778,361,0,188,0.0000,0.0000,0,0,0,0,0,0
n012w8-0,n012w8,0,12,1500000,100.0,adaptive,2026-07-04T11:37:08+01:00,7,4,301,2750000,5985,79.432823,1255,195,195,0,0.0000,REHEAT,1,42,587581,5310520,1175648,362,50000,-93,0.0000,0.0000,0,0,0,0,0,0
n012w8-0,n012w8,0,12,1500000,100.0,adaptive,2026-07-04T11:37:08+01:00,7,13,301,2750000,6177,79.432823,1645,175,175,0,0.0000,REHEAT,5,42,586657,5297955,1176539,363,0,192,0.0000,0.0000,0,0,0,0,0,0
n012w8-0,n012w8,0,12,1500000,100.0,adaptive,2026-07-04T11:37:08+01:00,7,4,301,2800000,6073,79.432823,1385,195,195,0,0.0000,REHEAT,1,42,599841,5408307,1193337,364,50000,-104,0.0000,0.0000,0,0,0,0,0,0
n012w8-0,n012w8,0,12,1500000,100.0,adaptive,2026-07-04T11:37:08+01:00,7,13,301,2800000,6291,79.432823,1475,175,175,0,0.0000,REHEAT,5,42,598946,5396793,1194343,365,0,218,0.0000,0.0000,0,0,0,0,0,0
n012w8-0,n012w8,0,12,1500000,100.0,adaptive,2026-07-04T11:37:08+01:00,7,4,301,2850000,6153,79.432823,1255,195,195,0,0.0000,REHEAT,1,42,612056,5507213,1211215,366,50000,-138,0.0000,0.0000,0,0,0,0,0,0
n012w8-0,n012w8,0,12,1500000,100.0,adaptive,2026-07-04T11:37:08+01:00,7,13,301,2850000,6374,79.432823,1170,175,175,0,0.0000,REHEAT,5,42,611233,5495297,1211976,367,0,221,0.0000,0.0000,0,0,0,0,0,0
n012w8-0,n012w8,0,12,1500000,100.0,adaptive,2026-07-04T11:37:08+01:00,7,4,301,2900000,6248,79.432823,1200,195,195,0,0.0000,REHEAT,1,42,624338,5605190,1228872,368,50000,-126,0.0000,0.0000,0,0,0,0,0,0
n012w8-0,n012w8,0,12,1500000,100.0,adaptive,2026-07-04T11:37:08+01:00,7,13,301,2900000,6479,79.432823,1285,175,175,0,0.0000,REHEAT,5,42,623545,5593343,1229546,369,0,231,0.0000,0.0000,0,0,0,0,0,0
n012w8-0,n012w8,0,12,1500000,100.0,adaptive,2026-07-04T11:37:08+01:00,7,4,301,2950000,6341,79.432823,1325,195,195,0,0.0000,REHEAT,1,42,636596,5703464,1246519,370,50000,-138,0.0000,0.0000,0,0,0,0,0,0
n012w8-0,n012w8,0,12,1500000,100.0,adaptive,2026-07-04T11:37:08+01:00,7,13,301,2950000,6582,79.432823,1465,175,175,0,0.0000,REHEAT,5,42,635839,5691283,1247182,371,0,241,0.0000,0.0000,0,0,0,0,0,0
n012w8-0,n012w8,0,12,1500000,100.0,adaptive,2026-07-04T11:37:08+01:00,7,4,301,3000000,6436,79.432823,1725,195,195,0,0.0000,REHEAT,1,42,648806,5801324,1264314,372,50000,-146,0.0000,0.0000,0,0,0,0,0,0
n012w8-0,n012w8,0,12,1500000,100.0,adaptive,2026-07-04T11:37:08+01:00,7,13,301,3000000,6687,79.432823,1465,175,175,0,0.0000,REHEAT,5,42,648028,5789329,1264974,373,0,251,0.0000,0.0000,0,0,0,0,0,0
n012w8-0,n012w8,0,12,1500000,100.0,adaptive,2026-07-04T11:37:08+01:00,8,1,302,1,0,100.000000,4645,4675,4645,30,0.6417,GLOBAL_BEST,0,42,0,1,0,1,1,0,300000.0000,0.0000,0,0,0,0,0,0
n012w8-0,n012w8,0,12,1500000,100.0,adaptive,2026-07-04T11:37:08+01:00,8,3,302,1,0,0.000000,4575,4675,4575,100,2.1390,LOCAL_BEST,0,42,0,2,0,2,0,0,0.0000,0.0000,0,0,0,0,0,0
n012w8-0,n012w8,0,12,1500000,100.0,adaptive,2026-07-04T11:37:08+01:00,8,2,302,2,0,0.000000,4645,4675,4645,30,0.6417,LOCAL_BEST,0,42,0,9,1,3,1,0,300000.0000,0.0000,0,0,0,0,0,0
n012w8-0,n012w8,0,12,1500000,100.0,adaptive,2026-07-04T11:37:08+01:00,8,1,302,3,0,99.999079,4545,4645,4545,100,2.1529,GLOBAL_BEST,0,42,1,8,0,4,1,0,1000000.0000,0.0000,0,0,0,0,0,0
n012w8-0,n012w8,0,12,1500000,100.0,adaptive,2026-07-04T11:37:08+01:00,8,3,302,3,0,0.000000,4545,4575,4545,30,0.6557,LOCAL_BEST,0,42,0,2,0,5,0,0,0.0000,0.0000,0,0,0,0,0,0
n012w8-0,n012w8,0,12,1500000,100.0,adaptive,2026-07-04T11:37:08+01:00,8,2,302,3,0,0.000000,4520,4645,4520,125,2.6911,LOCAL_BEST,0,42,0,11,1,6,0,0,0.0000,0.0000,0,0,0,0,0,0
n012w8-0,n012w8,0,12,1500000,100.0,adaptive,2026-07-04T11:37:08+01:00,8,3,302,4,0,0.000000,4390,4545,4390,155,3.4103,GLOBAL_BEST,0,42,0,5,0,7,1,0,1550000.0000,0.0000,0,0,0,0,0,0
n012w8-0,n012w8,0,12,1500000,100.0,adaptive,2026-07-04T11:37:08+01:00,8,2,302,4,0,0.000000,4360,4520,4360,160,3.5398,GLOBAL_BEST,0,42,0,11,1,8,0,0,0.0000,0.0000,0,0,0,0,0,0
n012w8-0,n012w8,0,12,1500000,100.0,adaptive,2026-07-04T11:37:08+01:00,8,5,302,4,43,0.000000,2100,2115,2100,15,0.7092,LOCAL_BEST,1,42,0,2,3,9,0,43,0.0000,348.8372,0,0,0,0,0,0
n012w8-0,n012w8,0,12,1500000,100.0,adaptive,2026-07-04T11:37:08+01:00,8,1,302,5,0,99.998158,4410,4545,4410,135,2.9703,GLOBAL_BEST,0,42,1,11,0,10,1,-43,1350000.0000,0.0000,0,0,0,0,0,0
n012w8-0,n012w8,0,12,1500000,100.0,adaptive,2026-07-04T11:37:08+01:00,8,2,302,5,0,0.000000,4060,4360,4060,300,6.8807,GLOBAL_BEST,0,42,0,11,1,11,0,0,0.0000,0.0000,0,0,0,0,0,0
n012w8-0,n012w8,0,12,1500000,100.0,adaptive,2026-07-04T11:37:08+01:00,8,2,302,6,0,0.000000,4045,4060,4045,15,0.3695,GLOBAL_BEST,0,42,0,12,1,12,1,0,150000.0000,0.0000,0,0,0,0,0,0
n012w8-0,n012w8,0,12,1500000,100.0,adaptive,2026-07-04T11:37:08+01:00,8,2,302,7,0,0.000000,4030,4045,4030,15,0.3708,GLOBAL_BEST,0,42,0,30,1,13,1,0,150000.0000,0.0000,0,0,0,0,0,0
n012w8-0,n012w8,0,12,1500000,100.0,adaptive,2026-07-04T11:37:08+01:00,8,1,302,8,0,99.996776,4400,4410,4400,10,0.2268,LOCAL_BEST,0,42,3,12,0,14,1,0,100000.0000,0.0000,0,0,0,0,0,0
n012w8-0,n012w8,0,12,1500000,100.0,adaptive,2026-07-04T11:37:08+01:00,8,2,302,8,0,0.000000,3990,4030,3990,40,0.9926,GLOBAL_BEST,0,42,0,30,1,15,0,0,0.0000,0.0000,0,0,0,0,0,0
n012w8-0,n012w8,0,12,1500000,100.0,adaptive,2026-07-04T11:37:08+01:00,8,1,302,9,0,99.996316,4385,4400,4385,15,0.3409,LOCAL_BEST,0,42,3,14,0,16,1,0,150000.0000,0.0000,0,0,0,0,0,0
n012w8-0,n012w8,0,12,1500000,100.0,adaptive,2026-07-04T11:37:08+01:00,8,1,302,11,0,99.995395,4225,4385,4225,160,3.6488,LOCAL_BEST,0,42,3,18,0,17,2,0,800000.0000,0.0000,0,0,0,0,0,0
n012w8-0,n012w8,0,12,1500000,100.0,adaptive,2026-07-04T11:37:08+01:00,8,2,302,11,0,0.000000,3870,3990,3870,120,3.0075,GLOBAL_BEST,0,42,0,32,1,18,0,0,0.0000,0.0000,0,0,0,0,0,0
n012w8-0,n012w8,0,12,1500000,100.0,adaptive,2026-07-04T11:37:08+01:00,8,1,302,12,0,99.994934,4175,4225,4175,50,1.1834,LOCAL_BEST,0,42,3,20,0,19,1,0,500000.0000,0.0000,0,0,0,0,0,0
n012w8-0,n012w8,0,12,1500000,100.0,adaptive,2026-07-04T11:37:08+01:00,8,1,302,14,0,99.994013,3965,4175,3965,210,5.0299,GLOBAL_BEST,0,42,3,22,0,20,2,0,1050000.0000,0.0000,0,0,0,0,0,0
n012w8-0,n012w8,0,12,1500000,100.0,adaptive,2026-07-04T11:37:08+01:00,8,3,302,14,0,0.000000,4150,4390,4150,240,5.4670,LOCAL_BEST,0,42,3,20,0,21,0,0,0.0000,0.0000,0,0,0,0,0,0
n012w8-0,n012w8,0,12,1500000,100.0,adaptive,2026-07-04T11:37:08+01:00,8,1,302,15,0,99.993553,3920,3965,3920,45,1.1349,GLOBAL_BEST,0,42,3,24,0,22,1,0,450000.0000,0.0000,0,0,0,0,0,0
n012w8-0,n012w8,0,12,1500000,100.0,adaptive,2026-07-04T11:37:08+01:00,8,3,302,15,0,0.000000,4100,4150,4100,50,1.2048,LOCAL_BEST,0,42,3,21,0,23,0,0,0.0000,0.0000,0,0,0,0,0,0
n012w8-0,n012w8,0,12,1500000,100.0,adaptive,2026-07-04T11:37:08+01:00,8,1,302,16,0,99.993092,3860,3920,3860,60,1.5306,GLOBAL_BEST,0,42,3,26,0,24,1,0,600000.0000,0.0000,0,0,0,0,0,0
n012w8-0,n012w8,0,12,1500000,100.0,adaptive,2026-07-04T11:37:08+01:00,8,3,302,16,0,0.000000,3950,4100,3950,150,3.6585,LOCAL_BEST,0,42,3,21,0,25,0,0,0.0000,0.0000,0,0,0,0,0,0
n012w8-0,n012w8,0,12,1500000,100.0,adaptive,2026-07-04T11:37:08+01:00,8,2,302,17,0,0.000000,3855,3870,3855,15,0.3876,LOCAL_BEST,0,42,0,45,1,26,1,0,150000.0000,0.0000,0,0,0,0,0,0
n012w8-0,n012w8,0,12,1500000,100.0,adaptive,2026-07-04T11:37:08+01:00,8,3,302,18,0,0.000000,3905,3950,3905,45,1.1392,LOCAL_BEST,0,42,3,23,1,27,1,0,450000.0000,0.0000,0,0,0,0,0,0
n012w8-0,n012w8,0,12,1500000,100.0,adaptive,2026-07-04T11:37:08+01:00,8,3,302,20,0,0.000000,3745,3905,3745,160,4.0973,GLOBAL_BEST,0,42,3,28,1,28,2,0,800000.0000,0.0000,0,0,0,0,0,0
n012w8-0,n012w8,0,12,1500000,100.0,adaptive,2026-07-04T11:37:08+01:00,8,2,302,20,0,0.000000,3825,3855,3825,30,0.7782,LOCAL_BEST,0,42,0,50,1,29,0,0,0.0000,0.0000,0,0,0,0,0,0
n012w8-0,n012w8,0,12,1500000,100.0,adaptive,2026-07-04T11:37:08+01:00,8,1,302,21,0,99.990790,3690,3860,3690,170,4.4041,GLOBAL_BEST,0,42,4,33,1,30,1,0,1700000.0000,0.0000,0,0,0,0,0,0
n012w8-0,n012w8,0,12,1500000,100.0,adaptive,2026-07-04T11:37:08+01:00,8,3,302,21,0,0.000000,3675,3745,3675,70,1.8692,GLOBAL_BEST,0,42,3,28,1,31,0,0,0.0000,0.0000,0,0,0,0,0,0
n012w8-0,n012w8,0,12,1500000,100.0,adaptive,2026-07-04T11:37:08+01:00,8,1,302,23,0,99.989869,3600,3690,3600,90,2.4390,GLOBAL_BEST,0,42,5,34,1,32,2,0,450000.0000,0.0000,0,0,0,0,0,0
n012w8-0,n012w8,0,12,1500000,100.0,adaptive,2026-07-04T11:37:08+01:00,8,11,302,23,114,0.000000,1715,1730,1715,15,0.8671,GLOBAL_BEST,4,42,0,37,22,33,0,114,0.0000,131.5789,0,0,0,0,0,0
n012w8-0,n012w8,0,12,1500000,100.0,adaptive,2026-07-04T11:37:08+01:00,8,3,302,26,0,0.000000,3560,3675,3560,115,3.1293,GLOBAL_BEST,0,42,5,42,1,34,3,-114,383333.3333,0.0000,0,0,0,0,0,0
n012w8-0,n012w8,0,12,1500000,100.0,adaptive,2026-07-04T11:37:08+01:00,8,1,302,30,0,99.986646,3490,3600,3490,110,3.0556,GLOBAL_BEST,0,42,8,38,1,35,4,0,275000.0000,0.0000,0,0,0,0,0,0
n012w8-0,n012w8,0,12,1500000,100.0,adaptive,2026-07-04T11:37:08+01:00,8,1,302,31,0,99.986185,3420,3490,3420,70,2.0057,GLOBAL_BEST,0,42,8,39,1,36,1,0,700000.0000,0.0000,0,0,0,0,0,0
n012w8-0,n012w8,0,12,1500000,100.0,adaptive,2026-07-04T11:37:08+01:00,8,1,302,32,0,99.985725,3270,3420,3270,150,4.3860,GLOBAL_BEST,0,42,8,42,1,37,1,0,1500000.0000,0.0000,0,0,0,0,0,0
n012w8-0,n012w8,0,12,1500000,100.0,adaptive,2026-07-04T11:37:08+01:00,8,5,302,32,43,0.000000,2070,2100,2070,30,1.4286,GLOBAL_BEST,1,42,0,28,27,38,0,43,0.0000,697.6744,0,0,0,0,0,0
n012w8-0,n012w8,0,12,1500000,100.0,adaptive,2026-07-04T11:37:08+01:00,8,3,302,33,0,0.000000,3385,3560,3385,175,4.9157,GLOBAL_BEST,0,42,9,51,1,39,1,-43,1750000.0000,0.0000,0,0,0,0,0,0
n012w8-0,n012w8,0,12,1500000,100.0,adaptive,2026-07-04T11:37:08+01:00,8,1,302,34,0,99.984804,3240,3270,3240,30,0.9174,GLOBAL_BEST,0,42,8,42,2,40,1,0,300000.0000,0.0000,0,0,0,0,0,0
n012w8-0,n012w8,0,12,1500000,100.0,adaptive,2026-07-04T11:37:08+01:00,8,1,302,35,0,99.984344,3170,3240,3170,70,2.1605,GLOBAL_BEST,0,42,8,42,2,41,1,0,700000.0000,0.0000,0,0,0,0,0,0
n012w8-0,n012w8,0,12,1500000,100.0,adaptive,2026-07-04T11:37:08+01:00,8,2,302,38,0,0.000000,3775,3825,3775,50,1.3072,LOCAL_BEST,0,42,0,84,1,42,3,0,166666.6667,0.0000,0,0,0,0,0,0
n012w8-0,n012w8,0,12,1500000,100.0,adaptive,2026-07-04T11:37:08+01:00,8,1,302,38,0,99.982962,3150,3170,3150,20,0.6309,GLOBAL_BEST,0,42,9,51,3,43,0,0,0.0000,0.0000,0,0,0,0,0,0
n012w8-0,n012w8,0,12,1500000,100.0,adaptive,2026-07-04T11:37:08+01:00,8,2,302,39,0,0.000000,3595,3775,3595,180,4.7682,LOCAL_BEST,0,42,0,87,1,44,1,0,1800000.0000,0.0000,0,0,0,0,0,0
n012w8-0,n012w8,0,12,1500000,100.0,adaptive,2026-07-04T11:37:08+01:00,8,3,302,40,0,0.000000,3340,3385,3340,45,1.3294,LOCAL_BEST,0,42,13,51,1,45,1,0,450000.0000,0.0000,0,0,0,0,0,0
n012w8-0,n012w8,0,12,1500000,100.0,adaptive,2026-07-04T11:37:08+01:00,8,2,302,40,0,0.000000,3535,3595,3535,60,1.6690,LOCAL_BEST,0,42,0,89,1,46,0,0,0.0000,0.0000,0,0,0,0,0,0
n012w8-0,n012w8,0,12,1500000,100.0,adaptive,2026-07-04T11:37:08+01:00,8,1,302,40,0,99.982041,3115,3150,3115,35,1.1111,GLOBAL_BEST,0,42,10,55,3,47,0,0,0.0000,0.0000,0,0,0,0,0,0
n012w8-0,n012w8,0,12,1500000,100.0,adaptive,2026-07-04T11:37:08+01:00,8,5,302,44,43,0.000000,2055,2070,2055,15,0.7246,GLOBAL_BEST,1,42,0,63,35,48,4,43,37500.0000,348.8372,0,0,0,0,0,0
n012w8-0,n012w8,0,12,1500000,100.0,adaptive,2026-07-04T11:37:08+01:00,8,1,302,53,0,99.976056,3020,3115,3020,95,3.0498,GLOBAL_BEST,0,42,15,73,6,49,9,-43,105555.5556,0.0000,0,0,0,0,0,0
n012w8-0,n012w8,0,12,1500000,100.0,adaptive,2026-07-04T11:37:08+01:00,8,2,302,54,0,0.000000,3430,3535,3430,105,2.9703,LOCAL_BEST,0,42,0,133,1,50,1,0,1050000.0000,0.0000,0,0,0,0,0,0
n012w8-0,n012w8,0,12,1500000,100.0,adaptive,2026-07-04T11:37:08+01:00,8,8,302,54,100,0.000000,1740,1770,1740,30,1.6949,GLOBAL_BEST,3,42,0,85,52,51,0,100,0.0000,300.0000,0,0,0,0,0,0
n012w8-0,n012w8,0,12,1500000,100.0,adaptive,2026-07-04T11:37:08+01:00,8,1,302,55,0,99.975135,2840,3020,2840,180,5.9603,GLOBAL_BEST,0,42,16,73,6,52,1,-100,1800000.0000,0.0000,0,0,0,0,0,0
n012w8-0,n012w8,0,12,1500000,100.0,adaptive,2026-07-04T11:37:08+01:00,8,2,302,56,0,0.000000,3400,3430,3400,30,0.8746,LOCAL_BEST,0,42,0,136,1,53,1,0,300000.0000,0.0000,0,0,0,0,0,0
n012w8-0,n012w8,0,12,1500000,100.0,adaptive,2026-07-04T11:37:08+01:00,8,2,302,61,0,0.000000,3315,3400,3315,85,2.5000,LOCAL_BEST,0,42,0,141,1,54,5,0,170000.0000,0.0000,0,0,0,0,0,0
n012w8-0,n012w8,0,12,1500000,100.0,adaptive,2026-07-04T11:37:08+01:00,8,2,302,63,0,0.000000,3280,3315,3280,35,1.0558,LOCAL_BEST,0,42,0,142,1,55,2,0,175000.0000,0.0000,0,0,0,0,0,0
n012w8-0,n012w8,0,12,1500000,100.0,adaptive,2026-07-04T11:37:08+01:00,8,2,302,64,0,0.000000,3220,3280,3220,60,1.8293,LOCAL_BEST,0,42,0,142,1,56,1,0,600000.0000,0.0000,0,0,0,0,0,0
n012w8-0,n012w8,0,12,1500000,100.0,adaptive,2026-07-04T11:37:08+01:00,8,2,302,65,0,0.000000,3150,3220,3150,70,2.1739,LOCAL_BEST,0,42,0,142,1,57,1,0,700000.0000,0.0000,0,0,0,0,0,0
n012w8-0,n012w8,0,12,1500000,100.0,adaptive,2026-07-04T11:37:08+01:00,8,3,302,78,0,0.000000,3225,3340,3225,115,3.4431,LOCAL_BEST,0,42,27,101,2,58,13,0,88461.5385,0.0000,0,0,0,0,0,0
n012w8-0,n012w8,0,12,1500000,100.0,adaptive,2026-07-04T11:37:08+01:00,8,11,302,79,114,0.000000,1710,1715,1710,5,0.2915,GLOBAL_BEST,4,42,0,117,73,59,1,114,50000.0000,43.8596,0,0,0,0,0,0
n012w8-0,n012w8,0,12,1500000,100.0,adaptive,2026-07-04T11:37:08+01:00,8,11,302,80,114,0.000000,1700,1710,1700,10,0.5848,GLOBAL_BEST,4,42,0,119,73,60,1,0,100000.0000,0.0000,0,0,0,0,0,0
n012w8-0,n012w8,0,12,1500000,100.0,adaptive,2026-07-04T11:37:08+01:00,8,3,302,93,0,0.000000,3145,3225,3145,80,2.4806,LOCAL_BEST,0,42,35,121,4,61,13,-114,61538.4615,0.0000,0,0,0,0,0,0
n012w8-0,n012w8,0,12,1500000,100.0,adaptive,2026-07-04T11:37:08+01:00,8,5,302,115,45,0.000000,2040,2055,2040,15,0.7299,GLOBAL_BEST,1,42,0,187,90,62,22,45,6818.1818,333.3333,0,0,0,0,0,0
n012w8-0,n012w8,0,12,1500000,100.0,adaptive,2026-07-04T11:37:08+01:00,8,1,302,189,1,99.913460,2725,2840,2725,115,4.0493,GLOBAL_BEST,0,42,52,347,40,63,74,-44,15540.5405,0.0000,0,0,0,0,0,0
n012w8-0,n012w8,0,12,1500000,100.0,adaptive,2026-07-04T11:37:08+01:00,8,2,302,231,1,0.000000,3065,3150,3065,85,2.6984,LOCAL_BEST,0,42,0,442,1,64,42,0,20238.0952,0.0000,0,0,0,0,0,0
n012w8-0,n012w8,0,12,1500000,100.0,adaptive,2026-07-04T11:37:08+01:00,8,2,302,233,1,0.000000,3015,3065,3015,50,1.6313,LOCAL_BEST,0,42,0,443,1,65,2,0,250000.0000,0.0000,0,0,0,0,0,0
n012w8-0,n012w8,0,12,1500000,100.0,adaptive,2026-07-04T11:37:08+01:00,8,17,302,381,971,0.000000,1575,1590,1575,15,0.9434,LOCAL_BEST,7,42,0,660,352,66,148,970,1013.5135,15.4639,0,0,0,0,0,0
n012w8-0,n012w8,0,12,1500000,100.0,adaptive,2026-07-04T11:37:08+01:00,8,2,302,407,1,0.000000,3010,3015,3010,5,0.1658,LOCAL_BEST,0,42,0,738,1,67,26,-970,1923.0769,0.0000,0,0,0,0,0,0
n012w8-0,n012w8,0,12,1500000,100.0,adaptive,2026-07-04T11:37:08+01:00,8,2,302,408,1,0.000000,2890,3010,2890,120,3.9867,LOCAL_BEST,0,42,0,739,1,68,1,0,1200000.0000,0.0000,0,0,0,0,0,0
n012w8-0,n012w8,0,12,1500000,100.0,adaptive,2026-07-04T11:37:08+01:00,8,3,302,469,1,0.000000,3130,3145,3130,15,0.4769,LOCAL_BEST,0,42,185,779,15,69,61,0,2459.0164,0.0000,0,0,0,0,0,0
n012w8-0,n012w8,0,12,1500000,100.0,adaptive,2026-07-04T11:37:08+01:00,8,3,302,470,1,0.000000,3090,3130,3090,40,1.2780,LOCAL_BEST,0,42,185,784,15,70,1,0,400000.0000,0.0000,0,0,0,0,0,0
n012w8-0,n012w8,0,12,1500000,100.0,adaptive,2026-07-04T11:37:08+01:00,8,5,302,500,45,0.000000,2035,2040,2035,5,0.2451,GLOBAL_BEST,1,42,0,778,383,71,30,44,1666.6667,113.6364,0,0,0,0,0,0
n012w8-0,n012w8,0,12,1500000,100.0,adaptive,2026-07-04T11:37:08+01:00,8,11,302,582,115,0.000000,1685,1700,1685,15,0.8824,GLOBAL_BEST,4,42,0,861,517,72,82,70,1829.2683,214.2857,0,0,0,0,0,0
n012w8-0,n012w8,0,12,1500000,100.0,adaptive,2026-07-04T11:37:08+01:00,8,3,302,651,1,0.000000,2950,3090,2950,140,4.5307,LOCAL_BEST,0,42,246,1101,23,73,69,-114,20289.8551,0.0000,0,0,0,0,0,0
n012w8-0,n012w8,0,12,1500000,100.0,adaptive,2026-07-04T11:37:08+01:00,8,5,302,691,46,0.000000,2030,2035,2030,5,0.2457,GLOBAL_BEST,1,42,0,1079,519,74,40,45,1250.0000,111.1111,0,0,0,0,0,0
n012w8-0,n012w8,0,12,1500000,100.0,adaptive,2026-07-04T11:37:08+01:00,8,5,302,695,46,0.000000,1990,2030,1990,40,1.9704,GLOBAL_BEST,1,42,0,1089,521,75,4,0,100000.0000,0.0000,0,0,0,0,0,0
n012w8-0,n012w8,0,12,1500000,100.0,adaptive,2026-07-04T11:37:08+01:00,8,1,302,761,2,99.650619,2710,2725,2710,15,0.5505,GLOBAL_BEST,0,42,203,1419,199,76,66,-44,2272.7273,0.0000,0,0,0,0,0,0
n012w8-0,n012w8,0,12,1500000,100.0,adaptive,2026-07-04T11:37:08+01:00,8,1,302,765,2,99.648783,2645,2710,2645,65,2.3985,GLOBAL_BEST,0,42,204,1424,201,77,4,0,162500.0000,0.0000,0,0,0,0,0,0
n012w8-0,n012w8,0,12,1500000,100.0,adaptive,2026-07-04T11:37:08+01:00,8,1,302,766,2,99.648324,2630,2645,2630,15,0.5671,GLOBAL_BEST,0,42,204,1425,201,78,1,0,150000.0000,0.0000,0,0,0,0,0,0
n012w8-0,n012w8,0,12,1500000,100.0,adaptive,2026-07-04T11:37:08+01:00,8,11,302,840,116,0.000000,1680,1685,1680,5,0.2967,GLOBAL_BEST,4,42,0,1253,737,79,74,114,675.6757,43.8596,0,0,0,0,0,0
n012w8-0,n012w8,0,12,1500000,100.0,adaptive,2026-07-04T11:37:08+01:00,8,11,302,884,116,0.000000,1670,1680,1670,10,0.5952,GLOBAL_BEST,4,42,0,1315,774,80,44,0,2272.7273,0.0000,0,0,0,0,0,0
n012w8-0,n012w8,0,12,1500000,100.0,adaptive,2026-07-04T11:37:08+01:00,8,5,302,928,47,0.000000,1965,1990,1965,25,1.2563,GLOBAL_BEST,1,42,0,1460,690,81,44,-69,5681.8182,0.0000,0,0,0,0,0,0
n012w8-0,n012w8,0,12,1500000,100.0,adaptive,2026-07-04T11:37:08+01:00,8,3,302,1393,3,0.000000,2905,2950,2905,45,1.5254,LOCAL_BEST,0,42,528,2517,58,82,465,-44,967.7419,0.0000,0,0,0,0,0,0
n012w8-0,n012w8,0,12,1500000,100.0,adaptive,2026-07-04T11:37:08+01:00,8,3,302,1395,3,0.000000,2850,2905,2850,55,1.8933,LOCAL_BEST,0,42,529,2519,58,83,2,0,275000.0000,0.0000,0,0,0,0,0,0
n012w8-0,n012w8,0,12,1500000,100.0,adaptive,2026-07-04T11:37:08+01:00,8,3,302,1431,3,0.000000,2835,2850,2835,15,0.5263,LOCAL_BEST,0,42,542,2583,59,84,36,0,4166.6667,0.0000,0,0,0,0,0,0
n012w8-0,n012w8,0,12,1500000,100.0,adaptive,2026-07-04T11:37:08+01:00,8,5,302,1586,48,0.000000,1950,1965,1950,15,0.7634,GLOBAL_BEST,1,42,0,2592,1196,85,155,45,967.7419,333.3333,0,0,0,0,0,0
n012w8-0,n012w8,0,12,1500000,100.0,adaptive,2026-07-04T11:37:08+01:00,8,2,302,1807,3,0.000000,2865,2890,2865,25,0.8651,LOCAL_BEST,0,42,0,3342,90,86,221,-45,1131.2217,0.0000,0,0,0,0,0,0
n012w8-0,n012w8,0,12,1500000,100.0,adaptive,2026-07-04T11:37:08+01:00,8,1,302,2060,3,99.056277,2620,2630,2620,10,0.3802,GLOBAL_BEST,0,42,544,3667,596,87,253,0,395.2569,0.0000,0,0,0,0,0,0
n012w8-0,n012w8,0,12,1500000,100.0,adaptive,2026-07-04T11:37:08+01:00,8,1,302,2061,3,99.055821,2530,2620,2530,90,3.4351,GLOBAL_BEST,0,42,544,3667,596,88,1,0,900000.0000,0.0000,0,0,0,0,0,0
n012w8-0,n012w8,0,12,1500000,100.0,adaptive,2026-07-04T11:37:08+01:00,8,2,302,2092,3,0.000000,2770,2865,2770,95,3.3159,LOCAL_BEST,0,42,0,3906,120,89,31,0,30645.1613,0.0000,0,0,0,0,0,0
n012w8-0,n012w8,0,12,1500000,100.0,adaptive,2026-07-04T11:37:08+01:00,8,2,302,2093,3,0.000000,2755,2770,2755,15,0.5415,LOCAL_BEST,0,42,0,3907,120,90,1,0,150000.0000,0.0000,0,0,0,0,0,0
n012w8-0,n012w8,0,12,1500000,100.0,adaptive,2026-07-04T11:37:08+01:00,8,2,302,2094,3,0.000000,2725,2755,2725,30,1.0889,LOCAL_BEST,0,42,0,3907,120,91,1,0,300000.0000,0.0000,0,0,0,0,0,0
n012w8-0,n012w8,0,12,1500000,100.0,adaptive,2026-07-04T11:37:08+01:00,8,8,302,2242,105,0.000000,1735,1740,1735,5,0.2874,GLOBAL_BEST,3,42,0,3231,2040,92,148,102,337.8378,49.0196,0,0,0,0,0,0
n012w8-0,n012w8,0,12,1500000,100.0,adaptive,2026-07-04T11:37:08+01:00,8,11,302,2348,119,0.000000,1655,1670,1655,15,0.8982,GLOBAL_BEST,4,42,0,3472,2071,93,106,14,1415.0943,1071.4286,0,0,0,0,0,0
n012w8-0,n012w8,0,12,1500000,100.0,adaptive,2026-07-04T11:37:08+01:00,8,2,302,2361,3,0.000000,2670,2725,2670,55,2.0183,LOCAL_BEST,0,42,0,4310,182,94,13,-116,42307.6923,0.0000,0,0,0,0,0,0
n012w8-0,n012w8,0,12,1500000,100.0,adaptive,2026-07-04T11:37:08+01:00,8,1,302,3028,6,98.615686,2520,2530,2520,10,0.3953,GLOBAL_BEST,0,42,806,5312,882,95,667,3,149.9250,3333.3333,0,0,0,0,0,0
n012w8-0,n012w8,0,12,1500000,100.0,adaptive,2026-07-04T11:37:08+01:00,8,3,302,3576,7,0.000000,2750,2835,2750,85,2.9982,LOCAL_BEST,0,42,1375,6322,123,96,548,1,1551.0949,85000.0000,0,0,0,0,0,0
n012w8-0,n012w8,0,12,1500000,100.0,adaptive,2026-07-04T11:37:08+01:00,8,1,302,3625,7,98.344936,2480,2520,2480,40,1.5873,GLOBAL_BEST,0,42,976,6277,1056,97,49,0,8163.2653,0.0000,0,0,0,0,0,0
n012w8-0,n012w8,0,12,1500000,100.0,adaptive,2026-07-04T11:37:08+01:00,8,1,302,3735,7,98.295130,2455,2480,2455,25,1.0081,GLOBAL_BEST,0,42,1003,6487,1095,98,110,0,2272.7273,0.0000,0,0,0,0,0,0
n012w8-0,n012w8,0,12,1500000,100.0,adaptive,2026-07-04T11:37:08+01:00,8,1,302,3737,7,98.294224,2405,2455,2405,50,2.0367,GLOBAL_BEST,0,42,1004,6488,1095,99,2,0,250000.0000,0.0000,0,0,0,0,0,0
n012w8-0,n012w8,0,12,1500000,100.0,adaptive,2026-07-04T11:37:08+01:00,8,1,302,3740,7,98.292866,2390,2405,2390,15,0.6237,GLOBAL_BEST,0,42,1005,6494,1096,100,3,0,50000.0000,0.0000,0,0,0,0,0,0
n012w8-0,n012w8,0,12,1500000,100.0,adaptive,2026-07-04T11:37:08+01:00,8,1,302,3747,7,98.289698,2365,2390,2365,25,1.0460,GLOBAL_BEST,0,42,1007,6499,1098,101,7,0,35714.2857,0.0000,0,0,0,0,0,0
n012w8-0,n012w8,0,12,1500000,100.0,adaptive,2026-07-04T11:37:08+01:00,8,5,302,4158,53,0.000000,1940,1950,1940,10,0.5128,GLOBAL_BEST,1,42,0,6645,3163,102,411,46,243.3090,217.3913,0,0,0,0,0,0
n012w8-0,n012w8,0,12,1500000,100.0,adaptive,2026-07-04T11:37:08+01:00,8,1,302,4317,8,98.032031,2315,2365,2315,50,2.1142,GLOBAL_BEST,0,42,1151,7468,1285,103,159,-45,3144.6541,0.0000,0,0,0,0,0,0
n012w8-0,n012w8,0,12,1500000,100.0,adaptive,2026-07-04T11:37:08+01:00,8,2,302,4511,8,0.000000,2660,2670,2660,10,0.3745,LOCAL_BEST,0,42,0,7997,680,104,194,0,515.4639,0.0000,0,0,0,0,0,0
n012w8-0,n012w8,0,12,1500000,100.0,adaptive,2026-07-04T11:37:08+01:00,8,2,302,4512,8,0.000000,2645,2660,2645,15,0.5639,LOCAL_BEST,0,42,0,8001,680,105,1,0,150000.0000,0.0000,0,0,0,0,0,0
n012w8-0,n012w8,0,12,1500000,100.0,adaptive,2026-07-04T11:37:08+01:00,8,5,302,4514,54,0.000000,1930,1940,1930,10,0.5155,GLOBAL_BEST,1,42,0,7120,3430,106,2,46,50000.0000,217.3913,0,0,0,0,0,0
n012w8-0,n012w8,0,12,1500000,100.0,adaptive,2026-07-04T11:37:08+01:00,8,2,302,5101,9,0.000000,2620,2645,2620,25,0.9452,LOCAL_BEST,0,42,0,9012,887,107,587,-45,425.8944,0.0000,0,0,0,0,0,0
n012w8-0,n012w8,0,12,1500000,100.0,adaptive,2026-07-04T11:37:08+01:00,8,2,302,5102,9,0.000000,2565,2620,2565,55,2.0992,LOCAL_BEST,0,42,0,9015,887,108,1,0,550000.0000,0.0000,0,0,0,0,0,0
n012w8-0,n012w8,0,12,1500000,100.0,adaptive,2026-07-04T11:37:08+01:00,8,2,302,5106,9,0.000000,2550,2565,2550,15,0.5848,LOCAL_BEST,0,42,0,9019,887,109,4,0,37500.0000,0.0000,0,0,0,0,0,0
n012w8-0,n012w8,0,12,1500000,100.0,adaptive,2026-07-04T11:37:08+01:00,8,5,302,6637,56,0.000000,1900,1930,1900,30,1.5544,GLOBAL_BEST,1,42,0,10459,5119,110,1531,47,195.9504,638.2979,0,0,0,0,0,0
n012w8-0,n012w8,0,12,1500000,100.0,adaptive,2026-07-04T11:37:08+01:00,8,5,302,6641,56,0.000000,1840,1900,1840,60,3.1579,GLOBAL_BEST,1,42,0,10462,5121,111,4,0,150000.0000,0.0000,0,0,0,0,0,0
n012w8-0,n012w8,0,12,1500000,100.0,adaptive,2026-07-04T11:37:08+01:00,8,5,302,6642,56,0.000000,1825,1840,1825,15,0.8152,GLOBAL_BEST,1,42,0,10462,5121,112,1,0,150000.0000,0.0000,0,0,0,0,0,0
n012w8-0,n012w8,0,12,1500000,100.0,adaptive,2026-07-04T11:37:08+01:00,8,3,302,7187,12,0.000000,2650,2750,2650,100,3.6364,LOCAL_BEST,0,42,2759,12442,273,113,545,-44,1834.8624,0.0000,0,0,0,0,0,0
n012w8-0,n012w8,0,12,1500000,100.0,adaptive,2026-07-04T11:37:08+01:00,8,2,302,7418,12,0.000000,2455,2550,2455,95,3.7255,LOCAL_BEST,0,42,0,12985,1659,114,231,0,4112.5541,0.0000,0,0,0,0,0,0
n012w8-0,n012w8,0,12,1500000,100.0,adaptive,2026-07-04T11:37:08+01:00,8,2,302,7568,12,0.000000,2420,2455,2420,35,1.4257,LOCAL_BEST,0,42,0,13229,1723,115,150,0,2333.3333,0.0000,0,0,0,0,0,0
n012w8-0,n012w8,0,12,1500000,100.0,adaptive,2026-07-04T11:37:08+01:00,8,8,302,7841,114,0.000000,1725,1735,1725,10,0.5764,GLOBAL_BEST,3,42,0,11245,7122,116,273,102,366.3004,98.0392,0,0,0,0,0,0
n012w8-0,n012w8,0,12,1500000,100.0,adaptive,2026-07-04T11:37:08+01:00,8,8,302,8767,115,0.000000,1715,1725,1715,10,0.5797,LOCAL_BEST,3,42,0,12525,7949,117,926,1,107.9914,10000.0000,0,0,0,0,0,0
n012w8-0,n012w8,0,12,1500000,100.0,adaptive,2026-07-04T11:37:08+01:00,8,2,302,12048,20,0.000000,2385,2420,2385,35,1.4463,LOCAL_BEST,0,42,0,20923,3668,118,3281,-95,106.6748,0.0000,0,0,0,0,0,0
n012w8-0,n012w8,0,12,1500000,100.0,adaptive,2026-07-04T11:37:08+01:00,8,3,302,12315,21,0.000000,2630,2650,2630,20,0.7547,LOCAL_BEST,0,42,4747,21560,473,119,267,1,749.0637,20000.0000,0,0,0,0,0,0
n012w8-0,n012w8,0,12,1500000,100.0,adaptive,2026-07-04T11:37:08+01:00,8,2,302,12850,21,0.000000,2365,2385,2365,20,0.8386,LOCAL_BEST,0,42,0,22230,4056,120,535,0,373.8318,0.0000,0,0,0,0,0,0
n012w8-0,n012w8,0,12,1500000,100.0,adaptive,2026-07-04T11:37:08+01:00,8,2,302,12851,21,0.000000,2345,2365,2345,20,0.8457,LOCAL_BEST,0,42,0,22230,4056,121,1,0,200000.0000,0.0000,0,0,0,0,0,0
n012w8-0,n012w8,0,12,1500000,100.0,adaptive,2026-07-04T11:37:08+01:00,8,2,302,15258,24,0.000000,2320,2345,2320,25,1.0661,LOCAL_BEST,0,42,0,26107,5241,122,2407,3,103.8637,8333.3333,0,0,0,0,0,0
n012w8-0,n012w8,0,12,1500000,100.0,adaptive,2026-07-04T11:37:08+01:00,8,2,302,15259,24,0.000000,2280,2320,2280,40,1.7241,GLOBAL_BEST,0,42,0,26109,5241,123,1,0,400000.0000,0.0000,0,0,0,0,0,0
n012w8-0,n012w8,0,12,1500000,100.0,adaptive,2026-07-04T11:37:08+01:00,8,1,302,16101,27,92.853868,2295,2315,2295,20,0.8639,LOCAL_BEST,0,42,4167,27746,5150,124,842,3,237.5297,6666.6667,0,0,0,0,0,0
n012w8-0,n012w8,0,12,1500000,100.0,adaptive,2026-07-04T11:37:08+01:00,8,1,302,16201,27,92.811117,2265,2295,2265,30,1.3072,GLOBAL_BEST,0,42,4187,27945,5190,125,100,0,3000.0000,0.0000,0,0,0,0,0,0
n012w8-0,n012w8,0,12,1500000,100.0,adaptive,2026-07-04T11:37:08+01:00,8,2,302,16578,27,0.000000,2265,2280,2265,15,0.6579,LOCAL_BEST,0,42,0,28265,5877,126,377,0,397.8780,0.0000,0,0,0,0,0,0
n012w8-0,n012w8,0,12,1500000,100.0,adaptive,2026-07-04T11:37:08+01:00,8,2,302,18317,30,0.000000,2225,2265,2225,40,1.7660,GLOBAL_BEST,0,42,0,30959,6807,127,1739,3,230.0173,13333.3333,0,0,0,0,0,0
n012w8-0,n012w8,0,12,1500000,100.0,adaptive,2026-07-04T11:37:08+01:00,8,2,302,19601,32,0.000000,2170,2225,2170,55,2.4719,GLOBAL_BEST,0,42,0,33093,7527,128,1284,2,428.3489,27500.0000,0,0,0,0,0,0
n012w8-0,n012w8,0,12,1500000,100.0,adaptive,2026-07-04T11:37:08+01:00,8,1,302,20297,33,91.076850,2250,2265,2250,15,0.6623,LOCAL_BEST,0,42,5211,34775,6540,129,696,1,215.5172,15000.0000,0,0,0,0,0,0
n012w8-0,n012w8,0,12,1500000,100.0,adaptive,2026-07-04T11:37:08+01:00,8,1,302,20299,33,91.076011,2225,2250,2225,25,1.1111,LOCAL_BEST,0,42,5212,34779,6540,130,2,0,125000.0000,0.0000,0,0,0,0,0,0
n012w8-0,n012w8,0,12,1500000,100.0,adaptive,2026-07-04T11:37:08+01:00,8,5,302,23163,89,0.000000,1815,1825,1815,10,0.5479,GLOBAL_BEST,1,42,0,35800,18434,131,2864,56,34.9162,178.5714,0,0,0,0,0,0
n012w8-0,n012w8,0,12,1500000,100.0,adaptive,2026-07-04T11:37:08+01:00,8,5,302,23222,89,0.000000,1780,1815,1780,35,1.9284,GLOBAL_BEST,1,42,0,35918,18477,132,59,0,5932.2034,0.0000,0,0,0,0,0,0
n012w8-0,n012w8,0,12,1500000,100.0,adaptive,2026-07-04T11:37:08+01:00,8,2,302,25377,43,0.000000,2115,2170,2115,55,2.5346,GLOBAL_BEST,0,42,0,42517,10999,133,2155,-46,255.2204,0.0000,0,0,0,0,0,0
n012w8-0,n012w8,0,12,1500000,100.0,adaptive,2026-07-04T11:37:08+01:00,8,2,302,25378,43,0.000000,2085,2115,2085,30,1.4184,GLOBAL_BEST,0,42,0,42518,10999,134,1,0,300000.0000,0.0000,0,0,0,0,0,0
n012w8-0,n012w8,0,12,1500000,100.0,adaptive,2026-07-04T11:37:08+01:00,8,5,302,30898,100,0.000000,1770,1780,1770,10,0.5618,GLOBAL_BEST,1,42,0,47347,24876,135,5520,57,18.1159,175.4386,0,0,0,0,0,0
n012w8-0,n012w8,0,12,1500000,100.0,adaptive,2026-07-04T11:37:08+01:00,8,2,302,33031,56,0.000000,2030,2085,2030,55,2.6379,LOCAL_BEST,0,42,0,55425,15888,136,2133,-44,257.8528,0.0000,0,0,0,0,0,0
n012w8-0,n012w8,0,12,1500000,100.0,adaptive,2026-07-04T11:37:08+01:00,8,5,302,33547,104,0.000000,1760,1770,1760,10,0.5650,LOCAL_BEST,1,42,0,51227,27120,137,516,48,193.7984,208.3333,0,0,0,0,0,0
n012w8-0,n012w8,0,12,1500000,100.0,adaptive,2026-07-04T11:37:08+01:00,8,5,302,36673,108,0.000000,1750,1760,1750,10,0.5682,LOCAL_BEST,1,42,0,55897,29728,138,3126,4,31.9898,2500.0000,0,0,0,0,0,0
n012w8-0,n012w8,0,12,1500000,100.0,adaptive,2026-07-04T11:37:08+01:00,8,2,302,38065,64,0.000000,2005,2030,2005,25,1.2315,LOCAL_BEST,0,42,0,63451,19269,139,1392,-44,179.5977,0.0000,0,0,0,0,0,0
n012w8-0,n012w8,0,12,1500000,100.0,adaptive,2026-07-04T11:37:08+01:00,8,5,302,38688,112,0.000000,1745,1750,1745,5,0.2857,LOCAL_BEST,1,42,0,58825,31423,140,623,48,80.2568,104.1667,0,0,0,0,0,0
n012w8-0,n012w8,0,12,1500000,100.0,adaptive,2026-07-04T11:37:08+01:00,8,5,302,38697,112,0.000000,1735,1745,1735,10,0.5731,LOCAL_BEST,1,42,0,58837,31430,141,9,0,11111.1111,0.0000,0,0,0,0,0,0
n012w8-0,n012w8,0,12,1500000,100.0,adaptive,2026-07-04T11:37:08+01:00,8,2,302,40814,68,0.000000,1955,2005,1955,50,2.4938,LOCAL_BEST,0,42,0,68106,21169,142,2117,-44,236.1833,0.0000,0,0,0,0,0,0
n012w8-0,n012w8,0,12,1500000,100.0,adaptive,2026-07-04T11:37:08+01:00,8,5,302,41070,119,0.000000,1725,1735,1725,10,0.5764,LOCAL_BEST,1,42,0,62265,33484,143,256,51,390.6250,196.0784,0,0,0,0,0,0
n012w8-0,n012w8,0,12,1500000,100.0,adaptive,2026-07-04T11:37:08+01:00,8,2,302,41384,69,0.000000,1940,1955,1940,15,0.7673,LOCAL_BEST,0,42,0,69061,21554,144,314,-50,477.7070,0.0000,0,0,0,0,0,0
n012w8-0,n012w8,0,12,1500000,100.0,adaptive,2026-07-04T11:37:08+01:00,8,2,302,44678,73,0.000000,1930,1940,1930,10,0.5155,LOCAL_BEST,0,42,0,74586,23982,145,3294,4,30.3582,2500.0000,0,0,0,0,0,0
n012w8-0,n012w8,0,12,1500000,100.0,adaptive,2026-07-04T11:37:08+01:00,8,1,302,45698,75,81.022567,2125,2225,2125,100,4.4944,LOCAL_BEST,0,42,11627,77397,15244,146,1020,2,980.3922,50000.0000,0,0,0,0,0,0
n012w8-0,n012w8,0,12,1500000,100.0,adaptive,2026-07-04T11:37:08+01:00,8,5,302,49278,138,0.000000,1710,1725,1710,15,0.8696,LOCAL_BEST,1,42,0,74226,40830,147,3580,63,41.8994,238.0952,0,0,0,0,0,0
n012w8-0,n012w8,0,12,1500000,100.0,adaptive,2026-07-04T11:37:08+01:00,8,5,302,50172,140,0.000000,1695,1710,1695,15,0.8772,LOCAL_BEST,1,42,0,75424,41604,148,894,2,167.7852,7500.0000,0,0,0,0,0,0
n012w8-0,n012w8,0,12,1500000,100.0,adaptive,2026-07-04T11:37:08+01:00,8,2,302,50570,82,0.000000,1910,1930,1910,20,1.0363,LOCAL_BEST,0,42,0,84017,28464,149,398,-58,502.5126,0.0000,0,0,0,0,0,0
n012w8-0,n012w8,0,12,1500000,100.0,adaptive,2026-07-04T11:37:08+01:00,8,2,302,50571,82,0.000000,1900,1910,1900,10,0.5236,LOCAL_BEST,0,42,0,84023,28464,150,1,0,100000.0000,0.0000,0,0,0,0,0,0
n012w8-0,n012w8,0,12,1500000,100.0,adaptive,2026-07-04T11:37:08+01:00,8,2,302,50767,82,0.000000,1890,1900,1890,10,0.5263,LOCAL_BEST,0,42,0,84378,28610,151,196,0,510.2041,0.0000,0,0,0,0,0,0
n012w8-0,n012w8,0,12,1500000,100.0,adaptive,2026-07-04T11:37:08+01:00,8,2,302,52678,86,0.000000,1885,1890,1885,5,0.2646,LOCAL_BEST,0,42,0,87239,30072,152,1911,4,26.1643,1250.0000,0,0,0,0,0,0
n012w8-0,n012w8,0,12,1500000,100.0,adaptive,2026-07-04T11:37:08+01:00,8,2,302,52748,86,0.000000,1870,1885,1870,15,0.7958,LOCAL_BEST,0,42,0,87358,30117,153,70,0,2142.8571,0.0000,0,0,0,0,0,0
n012w8-0,n012w8,0,12,1500000,100.0,adaptive,2026-07-04T11:37:08+01:00,8,2,302,55036,89,0.000000,1865,1870,1865,5,0.2674,LOCAL_BEST,0,42,0,90837,31925,154,2288,3,21.8531,1666.6667,0,0,0,0,0,0
n012w8-0,n012w8,0,12,1500000,100.0,adaptive,2026-07-04T11:37:08+01:00,8,2,302,56845,92,0.000000,1830,1865,1830,35,1.8767,LOCAL_BEST,0,42,0,93506,33375,155,1809,3,193.4771,11666.6667,0,0,0,0,0,0
n012w8-0,n012w8,0,12,1500000,100.0,adaptive,2026-07-04T11:37:08+01:00,8,2,302,58168,94,0.000000,1800,1830,1800,30,1.6393,LOCAL_BEST,0,42,0,95560,34414,156,1323,2,226.7574,15000.0000,0,0,0,0,0,0
n012w8-0,n012w8,0,12,1500000,100.0,adaptive,2026-07-04T11:37:08+01:00,8,2,302,64833,105,0.000000,1790,1800,1790,10,0.5556,LOCAL_BEST,0,42,0,106060,39703,157,6665,11,15.0038,909.0909,0,0,0,0,0,0
n012w8-0,n012w8,0,12,1500000,100.0,adaptive,2026-07-04T11:37:08+01:00,8,2,302,67374,109,0.000000,1770,1790,1770,20,1.1173,LOCAL_BEST,0,42,0,109908,41749,158,2541,4,78.7092,5000.0000,0,0,0,0,0,0
n012w8-0,n012w8,0,12,1500000,100.0,adaptive,2026-07-04T11:37:08+01:00,8,2,302,69042,111,0.000000,1740,1770,1740,30,1.6949,LOCAL_BEST,0,42,0,112443,43105,159,1668,2,179.8561,15000.0000,0,0,0,0,0,0
n012w8-0,n012w8,0,12,1500000,100.0,adaptive,2026-07-04T11:37:08+01:00,8,2,302,70765,114,0.000000,1730,1740,1730,10,0.5747,GLOBAL_BEST,0,42,0,114983,44541,160,1723,3,58.0383,3333.3333,0,0,0,0,0,0
n012w8-0,n012w8,0,12,1500000,100.0,adaptive,2026-07-04T11:37:08+01:00,8,2,302,71096,114,0.000000,1725,1730,1725,5,0.2890,LOCAL_BEST,0,42,0,115462,44805,161,331,0,151.0574,0.0000,0,0,0,0,0,0
n012w8-0,n012w8,0,12,1500000,100.0,adaptive,2026-07-04T11:37:08+01:00,8,2,302,74323,119,0.000000,1720,1725,1720,5,0.2899,LOCAL_BEST,0,42,0,120094,47468,162,3227,5,15.4943,1000.0000,0,0,0,0,0,0
n012w8-0,n012w8,0,12,1500000,100.0,adaptive,2026-07-04T11:37:08+01:00,8,2,302,79314,129,0.000000,1710,1720,1710,10,0.5814,LOCAL_BEST,0,42,0,127316,51710,163,4991,10,20.0361,1000.0000,0,0,0,0,0,0
n012w8-0,n012w8,0,12,1500000,100.0,adaptive,2026-07-04T11:37:08+01:00,8,2,302,80955,133,0.000000,1695,1710,1695,15,0.8772,LOCAL_BEST,0,42,0,129715,53117,164,1641,4,91.4077,3750.0000,0,0,0,0,0,0
n012w8-0,n012w8,0,12,1500000,100.0,adaptive,2026-07-04T11:37:08+01:00,8,2,302,82212,136,0.000000,1680,1695,1680,15,0.8850,LOCAL_BEST,0,42,0,131487,54181,165,1257,3,119.3317,5000.0000,0,0,0,0,0,0
n012w8-0,n012w8,0,12,1500000,100.0,adaptive,2026-07-04T11:37:08+01:00,8,2,302,82236,136,0.000000,1675,1680,1675,5,0.2976,LOCAL_BEST,0,42,0,131526,54198,166,24,0,2083.3333,0.0000,0,0,0,0,0,0
n012w8-0,n012w8,0,12,1500000,100.0,adaptive,2026-07-04T11:37:08+01:00,8,2,302,85581,144,0.000000,1665,1675,1665,10,0.5970,LOCAL_BEST,0,42,0,136049,57137,167,3345,8,29.8954,1250.0000,0,0,0,0,0,0
n012w8-0,n012w8,0,12,1500000,100.0,adaptive,2026-07-04T11:37:08+01:00,8,2,302,85825,145,0.000000,1660,1665,1660,5,0.3003,LOCAL_BEST,0,42,0,136380,57342,168,244,1,204.9180,5000.0000,0,0,0,0,0,0
n012w8-0,n012w8,0,12,1500000,100.0,adaptive,2026-07-04T11:37:08+01:00,8,2,302,85999,145,0.000000,1650,1660,1650,10,0.6024,GLOBAL_BEST,0,42,0,136630,57489,169,174,0,574.7126,0.0000,0,0,0,0,0,0
n012w8-0,n012w8,0,12,1500000,100.0,adaptive,2026-07-04T11:37:08+01:00,8,2,302,90041,151,0.000000,1645,1650,1645,5,0.3030,GLOBAL_BEST,0,42,0,142234,61094,170,4042,6,12.3701,833.3333,0,0,0,0,0,0
n012w8-0,n012w8,0,12,1500000,100.0,adaptive,2026-07-04T11:37:08+01:00,8,2,302,90353,151,0.000000,1615,1645,1615,30,1.8237,GLOBAL_BEST,0,42,0,142680,61378,171,312,0,961.5385,0.0000,0,0,0,0,0,0
n012w8-0,n012w8,0,12,1500000,100.0,adaptive,2026-07-04T11:37:08+01:00,8,1,302,94964,182,64.576425,2120,2125,2120,5,0.2353,LOCAL_BEST,0,42,22591,161044,35252,172,4611,31,10.8436,161.2903,0,0,0,0,0,0
n012w8-0,n012w8,0,12,1500000,100.0,adaptive,2026-07-04T11:37:08+01:00,8,4,302,107606,256,60.924223,2105,2115,2105,10,0.4728,LOCAL_BEST,1,42,25244,183565,40629,173,12642,74,7.9101,135.1351,0,0,0,0,0,0
n012w8-0,n012w8,0,12,1500000,100.0,adaptive,2026-07-04T11:37:08+01:00,8,4,302,107607,256,60.923943,2090,2105,2090,15,0.7126,LOCAL_BEST,1,42,25244,183565,40629,174,1,0,150000.0000,0.0000,0,0,0,0,0,0
n012w8-0,n012w8,0,12,1500000,100.0,adaptive,2026-07-04T11:37:08+01:00,8,4,302,107612,256,60.922540,2040,2090,2040,50,2.3923,LOCAL_BEST,1,42,25244,183575,40633,175,5,0,100000.0000,0.0000,0,0,0,0,0,0
n012w8-0,n012w8,0,12,1500000,100.0,adaptive,2026-07-04T11:37:08+01:00,8,2,302,112233,186,0.000000,1600,1615,1600,15,0.9288,GLOBAL_BEST,0,42,0,173237,81108,176,4621,-70,32.4605,0.0000,0,0,0,0,0,0
n012w8-0,n012w8,0,12,1500000,100.0,adaptive,2026-07-04T11:37:08+01:00,8,1,302,112887,223,59.460424,2075,2120,2075,45,2.1226,LOCAL_BEST,0,42,26185,190764,43505,177,654,37,688.0734,1216.2162,0,0,0,0,0,0
n012w8-0,n012w8,0,12,1500000,100.0,adaptive,2026-07-04T11:37:08+01:00,8,1,302,117453,235,58.223190,2055,2075,2055,20,0.9639,LOCAL_BEST,0,42,27119,198612,45644,178,4566,12,43.8020,1666.6667,0,0,0,0,0,0
n012w8-0,n012w8,0,12,1500000,100.0,adaptive,2026-07-04T11:37:08+01:00,8,1,302,117454,235,58.222922,2035,2055,2035,20,0.9732,LOCAL_BEST,0,42,27119,198612,45644,179,1,0,200000.0000,0.0000,0,0,0,0,0,0
n012w8-0,n012w8,0,12,1500000,100.0,adaptive,2026-07-04T11:37:08+01:00,8,1,302,129517,255,55.076711,1980,2035,1980,55,2.7027,LOCAL_BEST,0,42,29346,218744,51485,180,12063,20,45.5940,2750.0000,0,0,0,0,0,0
n012w8-0,n012w8,0,12,1500000,100.0,adaptive,2026-07-04T11:37:08+01:00,8,1,302,134677,265,53.783369,1970,1980,1970,10,0.5051,LOCAL_BEST,0,42,30314,227513,53988,181,5160,10,19.3798,1000.0000,0,0,0,0,0,0
n012w8-0,n012w8,0,12,1500000,100.0,adaptive,2026-07-04T11:37:08+01:00,8,3,302,168713,340,0.000000,2600,2630,2600,30,1.1407,LOCAL_BEST,0,42,65009,301617,6679,182,34036,75,8.8142,400.0000,0,0,0,0,0,0
n012w8-0,n012w8,0,12,1500000,100.0,adaptive,2026-07-04T11:37:08+01:00,8,4,302,170102,388,45.687564,2030,2040,2030,10,0.4902,LOCAL_BEST,1,42,36368,286526,72112,183,1389,48,71.9942,208.3333,0,0,0,0,0,0
n012w8-0,n012w8,0,12,1500000,100.0,adaptive,2026-07-04T11:37:08+01:00,8,4,302,179393,409,43.773976,2010,2030,2010,20,0.9852,LOCAL_BEST,1,42,37816,301409,77276,184,9291,21,21.5262,952.3810,0,0,0,0,0,0
n012w8-0,n012w8,0,12,1500000,100.0,adaptive,2026-07-04T11:37:08+01:00,8,4,302,180706,412,43.510092,1995,2010,1995,15,0.7463,LOCAL_BEST,1,42,37995,303505,78037,185,1313,3,114.2422,5000.0000,0,0,0,0,0,0
n012w8-0,n012w8,0,12,1500000,100.0,adaptive,2026-07-04T11:37:08+01:00,8,3,302,196593,402,0.000000,2575,2600,2575,25,0.9615,LOCAL_BEST,0,42,75768,352467,7848,186,15887,-10,15.7361,0.0000,0,0,0,0,0,0
n012w8-0,n012w8,0,12,1500000,100.0,adaptive,2026-07-04T11:37:08+01:00,8,1,302,205606,431,38.796272,1965,1970,1965,5,0.2538,LOCAL_BEST,0,42,41516,343769,93211,187,9013,29,5.5475,172.4138,0,0,0,0,0,0
n012w8-0,n012w8,0,12,1500000,100.0,adaptive,2026-07-04T11:37:08+01:00,8,1,302,205694,431,38.780553,1930,1965,1930,35,1.7812,LOCAL_BEST,0,42,41527,343914,93270,188,88,0,3977.2727,0.0000,0,0,0,0,0,0
n012w8-0,n012w8,0,12,1500000,100.0,adaptive,2026-07-04T11:37:08+01:00,8,1,302,209943,442,38.029096,1925,1930,1925,5,0.2591,LOCAL_BEST,0,42,42094,350679,95835,189,4249,11,11.7675,454.5455,0,0,0,0,0,0
n012w8-0,n012w8,0,12,1500000,100.0,adaptive,2026-07-04T11:37:08+01:00,8,4,302,213512,475,37.409164,1970,1995,1970,25,1.2531,LOCAL_BEST,1,42,42554,356889,97597,190,3569,33,70.0476,757.5758,0,0,0,0,0,0
n012w8-0,n012w8,0,12,1500000,100.0,adaptive,2026-07-04T11:37:08+01:00,8,4,302,217986,485,36.646289,1965,1970,1965,5,0.2538,LOCAL_BEST,1,42,43157,364013,100229,191,4474,10,11.1757,500.0000,0,0,0,0,0,0
n012w8-0,n012w8,0,12,1500000,100.0,adaptive,2026-07-04T11:37:08+01:00,8,4,302,219801,490,36.341262,1910,1965,1910,55,2.7990,LOCAL_BEST,1,42,43375,366885,101379,192,1815,5,303.0303,11000.0000,0,0,0,0,0,0
n012w8-0,n012w8,0,12,1500000,100.0,adaptive,2026-07-04T11:37:08+01:00,8,4,302,219823,490,36.337580,1875,1910,1875,35,1.8325,LOCAL_BEST,1,42,43376,366943,101398,193,22,0,15909.0909,0.0000,0,0,0,0,0,0
n012w8-0,n012w8,0,12,1500000,100.0,adaptive,2026-07-04T11:37:08+01:00,8,1,302,227359,483,35.098132,1885,1925,1885,40,2.0779,LOCAL_BEST,0,42,44238,378922,106860,194,7536,-7,53.0786,0.0000,0,0,0,0,0,0
n012w8-0,n012w8,0,12,1500000,100.0,adaptive,2026-07-04T11:37:08+01:00,8,1,302,227363,483,35.097485,1870,1885,1870,15,0.7958,LOCAL_BEST,0,42,44238,378927,106863,195,4,0,37500.0000,0.0000,0,0,0,0,0,0
n012w8-0,n012w8,0,12,1500000,100.0,adaptive,2026-07-04T11:37:08+01:00,8,4,302,245994,552,32.211726,1865,1875,1865,10,0.5333,LOCAL_BEST,1,42,46537,409132,117966,196,18631,69,5.3674,144.9275,0,0,0,0,0,0
n012w8-0,n012w8,0,12,1500000,100.0,adaptive,2026-07-04T11:37:08+01:00,8,4,302,259941,582,30.207863,1850,1865,1850,15,0.8043,LOCAL_BEST,1,42,48014,431730,127417,197,13947,30,10.7550,500.0000,0,0,0,0,0,0
n012w8-0,n012w8,0,12,1500000,100.0,adaptive,2026-07-04T11:37:08+01:00,8,4,302,259993,583,30.200630,1820,1850,1820,30,1.6216,LOCAL_BEST,1,42,48018,431814,127454,198,52,1,5769.2308,30000.0000,0,0,0,0,0,0
n012w8-0,n012w8,0,12,1500000,100.0,adaptive,2026-07-04T11:37:08+01:00,8,4,302,260052,583,30.192425,1815,1820,1815,5,0.2747,LOCAL_BEST,1,42,48022,431893,127501,199,59,0,847.4576,0.0000,0,0,0,0,0,0
n012w8-0,n012w8,0,12,1500000,100.0,adaptive,2026-07-04T11:37:08+01:00,8,4,302,262384,587,29.869916,1800,1815,1800,15,0.8264,LOCAL_BEST,1,42,48246,435711,129142,200,2332,4,64.3225,3750.0000,0,0,0,0,0,0
n012w8-0,n012w8,0,12,1500000,100.0,adaptive,2026-07-04T11:37:08+01:00,8,1,302,264853,564,29.532214,1860,1870,1860,10,0.5348,LOCAL_BEST,0,42,48317,439546,131615,201,2469,-23,40.5022,0.0000,0,0,0,0,0,0
n012w8-0,n012w8,0,12,1500000,100.0,adaptive,2026-07-04T11:37:08+01:00,8,1,302,264869,564,29.530038,1855,1860,1855,5,0.2688,LOCAL_BEST,0,42,48318,439574,131627,202,16,0,3125.0000,0.0000,0,0,0,0,0,0
n012w8-0,n012w8,0,12,1500000,100.0,adaptive,2026-07-04T11:37:08+01:00,8,1,302,283117,609,27.149885,1845,1855,1845,10,0.5391,LOCAL_BEST,0,42,49998,469160,144582,203,18248,45,5.4801,222.2222,0,0,0,0,0,0
n012w8-0,n012w8,0,12,1500000,100.0,adaptive,2026-07-04T11:37:08+01:00,8,1,302,283169,609,27.143385,1835,1845,1835,10,0.5420,LOCAL_BEST,0,42,50002,469237,144621,204,52,0,1923.0769,0.0000,0,0,0,0,0,0
n012w8-0,n012w8,0,12,1500000,100.0,adaptive,2026-07-04T11:37:08+01:00,8,1,302,283174,609,27.142760,1820,1835,1820,15,0.8174,LOCAL_BEST,0,42,50002,469248,144625,205,5,0,30000.0000,0.0000,0,0,0,0,0,0
n012w8-0,n012w8,0,12,1500000,100.0,adaptive,2026-07-04T11:37:08+01:00,8,1,302,283188,609,27.141010,1810,1820,1810,10,0.5495,LOCAL_BEST,0,42,50003,469275,144635,206,14,0,7142.8571,0.0000,0,0,0,0,0,0
n012w8-0,n012w8,0,12,1500000,100.0,adaptive,2026-07-04T11:37:08+01:00,8,3,302,284218,583,0.000000,2570,2575,2570,5,0.1942,LOCAL_BEST,0,42,109669,509362,11352,207,1030,-26,48.5437,0.0000,0,0,0,0,0,0
n012w8-0,n012w8,0,12,1500000,100.0,adaptive,2026-07-04T11:37:08+01:00,8,4,302,293040,651,25.937135,1790,1800,1790,10,0.5556,LOCAL_BEST,1,42,51023,484391,151037,208,8822,68,11.3353,147.0588,0,0,0,0,0,0
n012w8-0,n012w8,0,12,1500000,100.0,adaptive,2026-07-04T11:37:08+01:00,8,1,302,293276,634,25.908961,1805,1810,1805,5,0.2762,LOCAL_BEST,0,42,50859,485396,151919,209,236,-17,211.8644,0.0000,0,0,0,0,0,0
n012w8-0,n012w8,0,12,1500000,100.0,adaptive,2026-07-04T11:37:08+01:00,8,1,302,293283,634,25.908126,1790,1805,1790,15,0.8310,LOCAL_BEST,0,42,50859,485402,151924,210,7,0,21428.5714,0.0000,0,0,0,0,0,0
n012w8-0,n012w8,0,12,1500000,100.0,adaptive,2026-07-04T11:37:08+01:00,8,1,302,293468,634,25.886063,1745,1790,1745,45,2.5140,LOCAL_BEST,0,42,50870,485675,152067,211,185,0,2432.4324,0.0000,0,0,0,0,0,0
n012w8-0,n012w8,0,12,1500000,100.0,adaptive,2026-07-04T11:37:08+01:00,8,1,302,293524,634,25.879388,1730,1745,1730,15,0.8596,LOCAL_BEST,0,42,50871,485771,152114,212,56,0,2678.5714,0.0000,0,0,0,0,0,0
n012w8-0,n012w8,0,12,1500000,100.0,adaptive,2026-07-04T11:37:08+01:00,8,1,302,293534,634,25.878196,1700,1730,1700,30,1.7341,LOCAL_BEST,0,42,50871,485798,152121,213,10,0,30000.0000,0.0000,0,0,0,0,0,0
n012w8-0,n012w8,0,12,1500000,100.0,adaptive,2026-07-04T11:37:08+01:00,8,4,302,304499,677,24.603903,1775,1790,1775,15,0.8380,LOCAL_BEST,1,42,51975,502740,159422,214,10965,43,13.6799,348.8372,0,0,0,0,0,0
n012w8-0,n012w8,0,12,1500000,100.0,adaptive,2026-07-04T11:37:08+01:00,8,3,302,324518,670,0.000000,2565,2570,2565,5,0.1946,LOCAL_BEST,0,42,125132,581930,12966,215,20019,-7,2.4976,0.0000,0,0,0,0,0,0
n012w8-0,n012w8,0,12,1500000,100.0,adaptive,2026-07-04T11:37:08+01:00,8,3,302,324519,670,0.000000,2525,2565,2525,40,1.5595,LOCAL_BEST,0,42,125132,581932,12966,216,1,0,400000.0000,0.0000,0,0,0,0,0,0
n012w8-0,n012w8,0,12,1500000,100.0,adaptive,2026-07-04T11:37:08+01:00,8,4,302,325423,721,22.343747,1750,1775,1750,25,1.4085,LOCAL_BEST,1,42,53529,535186,175087,217,904,51,276.5487,490.1961,0,0,0,0,0,0
n012w8-0,n012w8,0,12,1500000,100.0,adaptive,2026-07-04T11:37:08+01:00,8,4,302,328070,727,22.073032,1730,1750,1730,20,1.1429,LOCAL_BEST,1,42,53697,539032,177145,218,2647,6,75.5572,3333.3333,0,0,0,0,0,0
n012w8-0,n012w8,0,12,1500000,100.0,adaptive,2026-07-04T11:37:08+01:00,8,4,302,328104,727,22.069577,1715,1730,1715,15,0.8671,LOCAL_BEST,1,42,53697,539087,177176,219,34,0,4411.7647,0.0000,0,0,0,0,0,0
n012w8-0,n012w8,0,12,1500000,100.0,adaptive,2026-07-04T11:37:08+01:00,8,10,302,329555,797,21.922597,1705,1730,1705,25,1.4451,LOCAL_BEST,4,42,53681,540703,178499,220,1451,70,172.2950,357.1429,0,0,0,0,0,0
n012w8-0,n012w8,0,12,1500000,100.0,adaptive,2026-07-04T11:37:08+01:00,8,7,302,337763,835,21.109405,1760,1770,1760,10,0.5650,LOCAL_BEST,2,42,54237,552074,184586,221,8208,38,12.1832,263.1579,0,0,0,0,0,0
n012w8-0,n012w8,0,12,1500000,100.0,adaptive,2026-07-04T11:37:08+01:00,8,7,302,337787,835,21.107072,1730,1760,1730,30,1.7045,LOCAL_BEST,2,42,54237,552099,184608,222,24,0,12500.0000,0.0000,0,0,0,0,0,0
n012w8-0,n012w8,0,12,1500000,100.0,adaptive,2026-07-04T11:37:08+01:00,8,7,302,337914,835,21.094731,1715,1730,1715,15,0.8671,LOCAL_BEST,2,42,54240,552261,184718,223,127,0,1181.1024,0.0000,0,0,0,0,0,0
n012w8-0,n012w8,0,12,1500000,100.0,adaptive,2026-07-04T11:37:08+01:00,8,4,302,340208,755,20.873054,1705,1715,1705,10,0.5831,LOCAL_BEST,1,42,54441,557982,186669,224,2294,-80,43.5920,0.0000,0,0,0,0,0,0
n012w8-0,n012w8,0,12,1500000,100.0,adaptive,2026-07-04T11:37:08+01:00,8,1,302,340406,713,20.854030,1695,1700,1695,5,0.2941,LOCAL_BEST,0,42,54227,558792,187527,225,198,-42,252.5253,0.0000,0,0,0,0,0,0
n012w8-0,n012w8,0,12,1500000,100.0,adaptive,2026-07-04T11:37:08+01:00,8,7,302,342160,843,20.686261,1705,1715,1705,10,0.5831,LOCAL_BEST,2,42,54480,558832,188155,226,1754,130,57.0125,76.9231,0,0,0,0,0,0
n012w8-0,n012w8,0,12,1500000,100.0,adaptive,2026-07-04T11:37:08+01:00,8,7,302,342220,844,20.680546,1695,1705,1695,10,0.5865,LOCAL_BEST,2,42,54482,558903,188205,227,60,1,1666.6667,10000.0000,0,0,0,0,0,0
n012w8-0,n012w8,0,12,1500000,100.0,adaptive,2026-07-04T11:37:08+01:00,8,10,302,342257,821,20.677022,1685,1705,1685,20,1.1730,LOCAL_BEST,4,42,54425,559464,188645,228,37,-23,5405.4054,0.0000,0,0,0,0,0,0
n012w8-0,n012w8,0,12,1500000,100.0,adaptive,2026-07-04T11:37:08+01:00,8,1,302,343368,718,20.571502,1680,1695,1680,15,0.8850,LOCAL_BEST,0,42,54381,563096,189925,229,1111,-103,135.0135,0.0000,0,0,0,0,0,0
n012w8-0,n012w8,0,12,1500000,100.0,adaptive,2026-07-04T11:37:08+01:00,8,10,302,359965,856,19.057766,1670,1685,1670,15,0.8902,LOCAL_BEST,4,42,55414,586408,202685,230,16597,138,9.0378,108.6957,0,0,0,0,0,0
n012w8-0,n012w8,0,12,1500000,100.0,adaptive,2026-07-04T11:37:08+01:00,8,7,302,369813,907,18.212770,1690,1695,1690,5,0.2950,LOCAL_BEST,2,42,55928,600272,210391,231,9848,51,5.0772,98.0392,0,0,0,0,0,0
n012w8-0,n012w8,0,12,1500000,100.0,adaptive,2026-07-04T11:37:08+01:00,8,7,302,382235,927,17.200141,1670,1690,1670,20,1.1834,LOCAL_BEST,2,42,56524,619394,220600,232,12422,20,16.1005,1000.0000,0,0,0,0,0,0
n012w8-0,n012w8,0,12,1500000,100.0,adaptive,2026-07-04T11:37:08+01:00,8,7,302,382252,927,17.198794,1660,1670,1660,10,0.5988,LOCAL_BEST,2,42,56524,619418,220615,233,17,0,5882.3529,0.0000,0,0,0,0,0,0
n012w8-0,n012w8,0,12,1500000,100.0,adaptive,2026-07-04T11:37:08+01:00,8,7,302,382255,927,17.198557,1645,1660,1645,15,0.9036,LOCAL_BEST,2,42,56524,619420,220617,234,3,0,50000.0000,0.0000,0,0,0,0,0,0
n012w8-0,n012w8,0,12,1500000,100.0,adaptive,2026-07-04T11:37:08+01:00,8,1,302,395243,816,16.200037,1670,1680,1670,10,0.5952,LOCAL_BEST,0,42,57050,642193,231476,235,12988,-111,7.6994,0.0000,0,0,0,0,0,0
n012w8-0,n012w8,0,12,1500000,100.0,adaptive,2026-07-04T11:37:08+01:00,8,1,302,395364,816,16.191012,1645,1670,1645,25,1.4970,LOCAL_BEST,0,42,57055,642369,231583,236,121,0,2066.1157,0.0000,0,0,0,0,0,0
n012w8-0,n012w8,0,12,1500000,100.0,adaptive,2026-07-04T11:37:08+01:00,8,4,302,396897,872,16.077111,1670,1705,1670,35,2.0528,LOCAL_BEST,1,42,57232,643320,232505,237,1533,56,228.3105,625.0000,0,0,0,0,0,0
n012w8-0,n012w8,0,12,1500000,100.0,adaptive,2026-07-04T11:37:08+01:00,8,4,302,396903,872,16.076666,1640,1670,1640,30,1.7964,LOCAL_BEST,1,42,57232,643333,232510,238,6,0,50000.0000,0.0000,0,0,0,0,0,0
n012w8-0,n012w8,0,12,1500000,100.0,adaptive,2026-07-04T11:37:08+01:00,8,1,302,403612,832,15.587555,1640,1645,1640,5,0.3040,LOCAL_BEST,0,42,57348,655329,238569,239,6709,-40,7.4527,0.0000,0,0,0,0,0,0
n012w8-0,n012w8,0,12,1500000,100.0,adaptive,2026-07-04T11:37:08+01:00,8,10,302,414093,968,14.853062,1660,1670,1660,10,0.5988,LOCAL_BEST,4,42,57717,667689,247423,240,10481,136,9.5411,73.5294,0,0,0,0,0,0
n012w8-0,n012w8,0,12,1500000,100.0,adaptive,2026-07-04T11:37:08+01:00,8,1,302,440117,916,13.175527,1625,1640,1625,15,0.9146,LOCAL_BEST,0,42,58448,710866,269801,241,26024,-52,5.7639,0.0000,0,0,0,0,0,0
n012w8-0,n012w8,0,12,1500000,100.0,adaptive,2026-07-04T11:37:08+01:00,8,10,302,447795,1040,12.717800,1650,1660,1650,10,0.6024,LOCAL_BEST,4,42,58703,717156,276534,242,7678,124,13.0242,80.6452,0,0,0,0,0,0
n012w8-0,n012w8,0,12,1500000,100.0,adaptive,2026-07-04T11:37:08+01:00,8,4,302,451253,970,12.516877,1605,1640,1605,35,2.1341,LOCAL_BEST,1,42,59002,724713,278642,243,3458,-70,101.2146,0.0000,0,0,0,0,0,0
n012w8-0,n012w8,0,12,1500000,100.0,adaptive,2026-07-04T11:37:08+01:00,8,4,302,451278,970,12.515436,1590,1605,1590,15,0.9346,GLOBAL_BEST,1,42,59002,724753,278665,244,25,0,6000.0000,0.0000,0,0,0,0,0,0
n012w8-0,n012w8,0,12,1500000,100.0,adaptive,2026-07-04T11:37:08+01:00,8,4,302,451349,970,12.511345,1575,1590,1575,15,0.9434,GLOBAL_BEST,1,42,59003,724840,278731,245,71,0,2112.6761,0.0000,0,0,0,0,0,0
n012w8-0,n012w8,0,12,1500000,100.0,adaptive,2026-07-04T11:37:08+01:00,8,7,302,476027,1125,11.167295,1640,1645,1640,5,0.3040,LOCAL_BEST,2,42,59486,761321,300122,246,24678,155,2.0261,32.2581,0,0,0,0,0,0
n012w8-0,n012w8,0,12,1500000,100.0,adaptive,2026-07-04T11:37:08+01:00,8,7,302,479638,1133,10.983127,1625,1640,1625,15,0.9146,LOCAL_BEST,2,42,59529,766568,303373,247,3611,8,41.5397,1875.0000,0,0,0,0,0,0
n012w8-0,n012w8,0,12,1500000,100.0,adaptive,2026-07-04T11:37:08+01:00,8,1,302,490356,1008,10.454181,1620,1625,1620,5,0.3077,LOCAL_BEST,0,42,59647,784378,313706,248,10718,-125,4.6650,0.0000,0,0,0,0,0,0
n012w8-0,n012w8,0,12,1500000,100.0,adaptive,2026-07-04T11:37:08+01:00,8,10,302,507664,1163,9.653260,1640,1650,1640,10,0.6061,LOCAL_BEST,4,42,59775,805541,329893,249,17308,155,5.7777,64.5161,0,0,0,0,0,0
n012w8-0,n012w8,0,12,1500000,100.0,adaptive,2026-07-04T11:37:08+01:00,8,3,302,508225,1131,0.000000,2495,2525,2495,30,1.1881,LOCAL_BEST,0,42,196067,910165,20201,250,561,-32,534.7594,0.0000,0,0,0,0,0,0
n012w8-0,n012w8,0,12,1500000,100.0,adaptive,2026-07-04T11:37:08+01:00,8,3,302,508226,1132,0.000000,2440,2495,2440,55,2.2044,LOCAL_BEST,0,42,196067,910166,20201,251,1,1,550000.0000,55000.0000,0,0,0,0,0,0
n012w8-0,n012w8,0,12,1500000,100.0,adaptive,2026-07-04T11:37:08+01:00,8,1,302,508614,1052,9.611120,1615,1620,1615,5,0.3086,LOCAL_BEST,0,42,59890,811765,330055,252,388,-80,128.8660,0.0000,0,0,0,0,0,0
n012w8-0,n012w8,0,12,1500000,100.0,adaptive,2026-07-04T11:37:08+01:00,8,1,302,518222,1076,9.195133,1610,1615,1610,5,0.3096,LOCAL_BEST,0,42,60039,825664,338768,253,9608,24,5.2040,208.3333,0,0,0,0,0,0
n012w8-0,n012w8,0,12,1500000,100.0,adaptive,2026-07-04T11:37:08+01:00,8,1,302,520161,1080,9.113391,1605,1610,1605,5,0.3106,LOCAL_BEST,0,42,60065,828336,340539,254,1939,4,25.7865,1250.0000,0,0,0,0,0,0
n012w8-0,n012w8,0,12,1500000,100.0,adaptive,2026-07-04T11:37:08+01:00,8,10,302,520220,1191,9.110915,1635,1640,1635,5,0.3049,LOCAL_BEST,4,42,59921,824413,341233,255,59,111,847.4576,45.0450,0,0,0,0,0,0
n012w8-0,n012w8,0,12,1500000,100.0,adaptive,2026-07-04T11:37:08+01:00,8,10,302,520549,1192,9.097122,1620,1635,1620,15,0.9174,LOCAL_BEST,4,42,59928,824935,341530,256,329,1,455.9271,15000.0000,0,0,0,0,0,0
n012w8-0,n012w8,0,12,1500000,100.0,adaptive,2026-07-04T11:37:08+01:00,8,10,302,520567,1192,9.096368,1615,1620,1615,5,0.3086,LOCAL_BEST,4,42,59928,824954,341547,257,18,0,2777.7778,0.0000,0,0,0,0,0,0
n012w8-0,n012w8,0,12,1500000,100.0,adaptive,2026-07-04T11:37:08+01:00,8,10,302,522515,1197,9.015130,1600,1615,1600,15,0.9288,LOCAL_BEST,4,42,59948,827786,343326,258,1948,5,77.0021,3000.0000,0,0,0,0,0,0
n012w8-0,n012w8,0,12,1500000,100.0,adaptive,2026-07-04T11:37:08+01:00,8,7,302,558052,1292,7.654168,1615,1625,1615,10,0.6154,LOCAL_BEST,2,42,60549,882409,374331,259,35537,95,2.8140,105.2632,0,0,0,0,0,0
n012w8-0,n012w8,0,12,1500000,100.0,adaptive,2026-07-04T11:37:08+01:00,8,10,302,558788,1273,7.628269,1585,1600,1585,15,0.9375,LOCAL_BEST,4,42,60325,882239,376193,260,736,-19,203.8043,0.0000,0,0,0,0,0,0
n012w8-0,n012w8,0,12,1500000,100.0,adaptive,2026-07-04T11:37:08+01:00,8,4,302,600000,1302,6.309573,1590,1575,1575,0,0.0000,REHEAT,1,42,60847,937372,412472,261,41212,29,0.0000,0.0000,0,0,0,0,0,1
n012w8-0,n012w8,0,12,1500000,100.0,adaptive,2026-07-04T11:37:08+01:00,8,4,302,650000,1421,79.432823,3185,1575,1575,0,0.0000,REHEAT,1,42,73499,1023302,429435,262,50000,119,0.0000,0.0000,0,0,0,0,0,1
n012w8-0,n012w8,0,12,1500000,100.0,adaptive,2026-07-04T11:37:08+01:00,8,4,302,700000,1547,79.432823,3235,1575,1575,0,0.0000,REHEAT,1,42,85973,1108683,446481,263,50000,126,0.0000,0.0000,0,0,0,0,0,1
n012w8-0,n012w8,0,12,1500000,100.0,adaptive,2026-07-04T11:37:08+01:00,8,4,302,750000,1667,79.432823,3285,1575,1575,0,0.0000,REHEAT,1,42,98597,1193577,463376,264,50000,120,0.0000,0.0000,0,0,0,0,0,1
n012w8-0,n012w8,0,12,1500000,100.0,adaptive,2026-07-04T11:37:08+01:00,8,4,302,800000,1775,79.432823,2775,1575,1575,0,0.0000,REHEAT,1,42,111149,1279039,480284,265,50000,108,0.0000,0.0000,0,0,0,0,0,1
n012w8-0,n012w8,0,12,1500000,100.0,adaptive,2026-07-04T11:37:08+01:00,8,4,302,850000,1887,79.432823,3060,1575,1575,0,0.0000,REHEAT,1,42,123689,1364331,497143,266,50000,112,0.0000,0.0000,0,0,0,0,0,1
n012w8-0,n012w8,0,12,1500000,100.0,adaptive,2026-07-04T11:37:08+01:00,8,4,302,900000,2006,79.432823,2630,1575,1575,0,0.0000,REHEAT,1,42,136358,1449264,513950,267,50000,119,0.0000,0.0000,0,0,0,0,0,1
n012w8-0,n012w8,0,12,1500000,100.0,adaptive,2026-07-04T11:37:08+01:00,8,4,302,950000,2140,79.432823,2490,1575,1575,0,0.0000,REHEAT,1,42,149057,1534691,530723,268,50000,134,0.0000,0.0000,0,0,0,0,0,1
n012w8-0,n012w8,0,12,1500000,100.0,adaptive,2026-07-04T11:37:08+01:00,8,4,302,1000000,2268,79.432823,2710,1575,1575,0,0.0000,REHEAT,1,42,161713,1619061,547562,269,50000,128,0.0000,0.0000,0,0,0,0,0,1
n012w8-0,n012w8,0,12,1500000,100.0,adaptive,2026-07-04T11:37:08+01:00,8,4,302,1050000,2390,79.432823,3220,1575,1575,0,0.0000,REHEAT,1,42,174367,1703769,564329,270,50000,122,0.0000,0.0000,0,0,0,0,0,1
n012w8-0,n012w8,0,12,1500000,100.0,adaptive,2026-07-04T11:37:08+01:00,8,4,302,1100000,2505,79.432823,2730,1575,1575,0,0.0000,REHEAT,1,42,187010,1788436,580973,271,50000,115,0.0000,0.0000,0,0,0,0,0,1
n012w8-0,n012w8,0,12,1500000,100.0,adaptive,2026-07-04T11:37:08+01:00,8,4,302,1150000,2619,79.432823,2985,1575,1575,0,0.0000,REHEAT,1,42,199426,1872890,598122,272,50000,114,0.0000,0.0000,0,0,0,0,0,1
n012w8-0,n012w8,0,12,1500000,100.0,adaptive,2026-07-04T11:37:08+01:00,8,4,302,1200000,2731,79.432823,2860,1575,1575,0,0.0000,REHEAT,1,42,211948,1957946,615094,273,50000,112,0.0000,0.0000,0,0,0,0,0,1
n012w8-0,n012w8,0,12,1500000,100.0,adaptive,2026-07-04T11:37:08+01:00,8,4,302,1250000,2838,79.432823,2860,1575,1575,0,0.0000,REHEAT,1,42,224326,2042955,632280,274,50000,107,0.0000,0.0000,0,0,0,0,0,1
n012w8-0,n012w8,0,12,1500000,100.0,adaptive,2026-07-04T11:37:08+01:00,8,4,302,1300000,2962,79.432823,3045,1575,1575,0,0.0000,REHEAT,1,42,236770,2128983,649275,275,50000,124,0.0000,0.0000,0,0,0,0,0,1
n012w8-0,n012w8,0,12,1500000,100.0,adaptive,2026-07-04T11:37:08+01:00,8,4,302,1350000,3088,79.432823,2720,1575,1575,0,0.0000,REHEAT,1,42,249330,2213102,666254,276,50000,126,0.0000,0.0000,0,0,0,0,0,1
n012w8-0,n012w8,0,12,1500000,100.0,adaptive,2026-07-04T11:37:08+01:00,8,3,302,1361448,3114,0.000000,2410,2440,2410,30,1.2295,LOCAL_BEST,0,42,525658,2440215,53976,277,11448,26,26.2055,1153.8462,0,0,0,0,0,0
n012w8-0,n012w8,0,12,1500000,100.0,adaptive,2026-07-04T11:37:08+01:00,8,4,302,1400000,3223,79.432823,2820,1575,1575,0,0.0000,REHEAT,1,42,262044,2298322,683033,278,38552,109,0.0000,0.0000,0,0,0,0,0,1
n012w8-0,n012w8,0,12,1500000,100.0,adaptive,2026-07-04T11:37:08+01:00,8,4,302,1450000,3358,79.432823,2740,1575,1575,0,0.0000,REHEAT,1,42,274678,2383127,699998,279,50000,135,0.0000,0.0000,0,0,0,0,0,1
n012w8-0,n012w8,0,12,1500000,100.0,adaptive,2026-07-04T11:37:08+01:00,8,4,302,1500000,3463,79.432823,2390,1575,1575,0,0.0000,REHEAT,1,42,287423,2467912,716789,280,50000,105,0.0000,0.0000,0,0,0,0,0,1
n012w8-0,n012w8,0,12,1500000,100.0,adaptive,2026-07-04T11:37:08+01:00,8,4,302,1550000,3579,79.432823,2560,1575,1575,0,0.0000,REHEAT,1,42,299986,2552872,733911,281,50000,116,0.0000,0.0000,0,0,0,0,0,1
n012w8-0,n012w8,0,12,1500000,100.0,adaptive,2026-07-04T11:37:08+01:00,8,4,302,1600000,3677,79.432823,2940,1575,1575,0,0.0000,REHEAT,1,42,312615,2637749,750738,282,50000,98,0.0000,0.0000,0,0,0,0,0,1
n012w8-0,n012w8,0,12,1500000,100.0,adaptive,2026-07-04T11:37:08+01:00,8,4,302,1650000,3789,79.432823,2640,1575,1575,0,0.0000,REHEAT,1,42,325286,2723645,767648,283,50000,112,0.0000,0.0000,0,0,0,0,0,1
n012w8-0,n012w8,0,12,1500000,100.0,adaptive,2026-07-04T11:37:08+01:00,8,4,302,1700000,3896,79.432823,2855,1575,1575,0,0.0000,REHEAT,1,42,337809,2808332,784733,284,50000,107,0.0000,0.0000,0,0,0,0,0,1
n012w8-0,n012w8,0,12,1500000,100.0,adaptive,2026-07-04T11:37:08+01:00,8,4,302,1750000,4009,79.432823,2980,1575,1575,0,0.0000,REHEAT,1,42,350429,2893074,801760,285,50000,113,0.0000,0.0000,0,0,0,0,0,1
n012w8-0,n012w8,0,12,1500000,100.0,adaptive,2026-07-04T11:37:08+01:00,8,4,302,1800000,4130,79.432823,2780,1575,1575,0,0.0000,REHEAT,1,42,362988,2978750,818768,286,50000,121,0.0000,0.0000,0,0,0,0,0,1
n012w8-0,n012w8,0,12,1500000,100.0,adaptive,2026-07-04T11:37:08+01:00,8,4,302,1850000,4255,79.432823,2930,1575,1575,0,0.0000,REHEAT,1,42,375561,3063807,835586,287,50000,125,0.0000,0.0000,0,0,0,0,0,1
n012w8-0,n012w8,0,12,1500000,100.0,adaptive,2026-07-04T11:37:08+01:00,8,4,302,1900000,4376,79.432823,2495,1575,1575,0,0.0000,REHEAT,1,42,388223,3148623,852611,288,50000,121,0.0000,0.0000,0,0,0,0,0,1
n012w8-0,n012w8,0,12,1500000,100.0,adaptive,2026-07-04T11:37:08+01:00,8,4,302,1950000,4489,79.432823,2995,1575,1575,0,0.0000,REHEAT,1,42,400936,3233149,869298,289,50000,113,0.0000,0.0000,0,0,0,0,0,1
n012w8-0,n012w8,0,12,1500000,100.0,adaptive,2026-07-04T11:37:08+01:00,8,4,302,2000000,4595,79.432823,2475,1575,1575,0,0.0000,REHEAT,1,42,413536,3318363,885969,290,50000,106,0.0000,0.0000,0,0,0,0,0,1
n012w8-0,n012w8,0,12,1500000,100.0,adaptive,2026-07-04T11:37:08+01:00,8,4,302,2050000,4718,79.432823,2965,1575,1575,0,0.0000,REHEAT,1,42,426118,3404382,902686,291,50000,123,0.0000,0.0000,0,0,0,0,0,1
n012w8-0,n012w8,0,12,1500000,100.0,adaptive,2026-07-04T11:37:08+01:00,8,4,302,2100000,4831,79.432823,2550,1575,1575,0,0.0000,REHEAT,1,42,438719,3489860,919473,292,50000,113,0.0000,0.0000,0,0,0,0,0,1
n012w8-0,n012w8,0,12,1500000,100.0,adaptive,2026-07-04T11:37:08+01:00,8,3,302,2130945,4828,0.000000,2400,2410,2400,10,0.4149,LOCAL_BEST,0,42,823449,3818676,84741,293,30945,-3,3.2315,0.0000,0,0,0,0,0,0
n012w8-0,n012w8,0,12,1500000,100.0,adaptive,2026-07-04T11:37:08+01:00,8,4,302,2150000,4957,79.432823,2755,1575,1575,0,0.0000,REHEAT,1,42,451295,3574863,936522,294,19055,129,0.0000,0.0000,0,0,0,0,0,1
n012w8-0,n012w8,0,12,1500000,100.0,adaptive,2026-07-04T11:37:08+01:00,8,4,302,2200000,5087,79.432823,3030,1575,1575,0,0.0000,REHEAT,1,42,463950,3659229,953446,295,50000,130,0.0000,0.0000,0,0,0,0,0,1
n012w8-0,n012w8,0,12,1500000,100.0,adaptive,2026-07-04T11:37:08+01:00,8,4,302,2250000,5218,79.432823,2880,1575,1575,0,0.0000,REHEAT,1,42,476619,3744145,970158,296,50000,131,0.0000,0.0000,0,0,0,0,0,1
n012w8-0,n012w8,0,12,1500000,100.0,adaptive,2026-07-04T11:37:08+01:00,8,4,302,2300000,5340,79.432823,2740,1575,1575,0,0.0000,REHEAT,1,42,489268,3829663,987047,297,50000,122,0.0000,0.0000,0,0,0,0,0,1
n012w8-0,n012w8,0,12,1500000,100.0,adaptive,2026-07-04T11:37:08+01:00,8,4,302,2350000,5468,79.432823,2470,1575,1575,0,0.0000,REHEAT,1,42,501856,3915265,1003941,298,50000,128,0.0000,0.0000,0,0,0,0,0,1
n012w8-0,n012w8,0,12,1500000,100.0,adaptive,2026-07-04T11:37:08+01:00,8,4,302,2400000,5581,79.432823,3000,1575,1575,0,0.0000,REHEAT,1,42,514489,3999802,1020912,299,50000,113,0.0000,0.0000,0,0,0,0,0,1
n012w8-0,n012w8,0,12,1500000,100.0,adaptive,2026-07-04T11:37:08+01:00,8,4,302,2450000,5708,79.432823,3000,1575,1575,0,0.0000,REHEAT,1,42,527135,4084027,1037749,300,50000,127,0.0000,0.0000,0,0,0,0,0,1
n012w8-0,n012w8,0,12,1500000,100.0,adaptive,2026-07-04T11:37:08+01:00,8,4,302,2500000,5811,79.432823,2810,1575,1575,0,0.0000,REHEAT,1,42,539861,4168651,1054381,301,50000,103,0.0000,0.0000,0,0,0,0,0,1
n012w8-0,n012w8,0,12,1500000,100.0,adaptive,2026-07-04T11:37:08+01:00,8,4,302,2550000,5940,79.432823,2375,1575,1575,0,0.0000,REHEAT,1,42,552534,4254139,1071368,302,50000,129,0.0000,0.0000,0,0,0,0,0,1
n012w8-0,n012w8,0,12,1500000,100.0,adaptive,2026-07-04T11:37:08+01:00,8,4,302,2600000,6064,79.432823,2705,1575,1575,0,0.0000,REHEAT,1,42,565039,4339250,1088163,303,50000,124,0.0000,0.0000,0,0,0,0,0,1
n012w8-0,n012w8,0,12,1500000,100.0,adaptive,2026-07-04T11:37:08+01:00,8,4,302,2650000,6172,79.432823,3125,1575,1575,0,0.0000,REHEAT,1,42,577641,4424353,1105060,304,50000,108,0.0000,0.0000,0,0,0,0,0,1
n012w8-0,n012w8,0,12,1500000,100.0,adaptive,2026-07-04T11:37:08+01:00,8,4,302,2700000,6263,79.432823,2715,1575,1575,0,0.0000,REHEAT,1,42,590154,4509183,1122116,305,50000,91,0.0000,0.0000,0,0,0,0,0,1
n012w8-0,n012w8,0,12,1500000,100.0,adaptive,2026-07-04T11:37:08+01:00,8,4,302,2750000,6349,79.432823,2700,1575,1575,0,0.0000,REHEAT,1,42,602825,4594398,1139030,306,50000,86,0.0000,0.0000,0,0,0,0,0,1
n012w8-0,n012w8,0,12,1500000,100.0,adaptive,2026-07-04T11:37:08+01:00,8,4,302,2800000,6441,79.432823,2660,1575,1575,0,0.0000,REHEAT,1,42,615385,4679101,1156070,307,50000,92,0.0000,0.0000,0,0,0,0,0,1
n012w8-0,n012w8,0,12,1500000,100.0,adaptive,2026-07-04T11:37:08+01:00,8,4,302,2850000,6535,79.432823,2530,1575,1575,0,0.0000,REHEAT,1,42,627947,4763837,1173125,308,50000,94,0.0000,0.0000,0,0,0,0,0,1
n012w8-0,n012w8,0,12,1500000,100.0,adaptive,2026-07-04T11:37:08+01:00,8,4,302,2900000,6654,79.432823,2600,1575,1575,0,0.0000,REHEAT,1,42,640608,4847853,1189965,309,50000,119,0.0000,0.0000,0,0,0,0,0,1
n012w8-0,n012w8,0,12,1500000,100.0,adaptive,2026-07-04T11:37:08+01:00,8,4,302,2950000,6749,79.432823,2555,1575,1575,0,0.0000,REHEAT,1,42,653138,4933051,1206844,310,50000,95,0.0000,0.0000,0,0,0,0,0,1
n012w8-0,n012w8,0,12,1500000,100.0,adaptive,2026-07-04T11:37:08+01:00,8,4,302,3000000,6835,79.432823,3130,1575,1575,0,0.0000,REHEAT,1,42,665730,5018219,1223791,311,50000,86,0.0000,0.0000,0,0,0,0,0,1
