run_id,instance,seed,beam_width,iterations,temperature,cooling_mode,timestamp,week,worker_id,beam_path,candidate,elapsed_ms,temperature_at_event,current_penalty,previous_best,new_best,improvement,improvement_percent,event_type,branch_depth,seed_used,accepted_worse_count,hard_reject_count,soft_reject_count,discovery_number,cands_since_previous,time_since_previous_ms,improvement_per_10k,improvement_per_second,post_reheat_improved,post_reheat_best_delta,post_reheat_candidates_to_improve,post_reheat_spawned_branch,post_reheat_beat_global,post_reheat_on_winning_lineage
n012w8-0,n012w8,0,5,500000,100.0,adaptive,2026-07-04T12:13:59+01:00,1,1,3,1,1,100.000000,3755,3800,3755,45,1.1842,GLOBAL_BEST,0,777,0,5,0,1,1,1,450000.0000,45000.0000,0,0,0,0,0,0
n012w8-0,n012w8,0,5,500000,100.0,adaptive,2026-07-04T12:13:59+01:00,1,3,3,1,1,0.000000,3550,3800,3550,250,6.5789,LOCAL_BEST,0,777,0,2,0,2,0,0,0.0000,0.0000,0,0,0,0,0,0
n012w8-0,n012w8,0,5,500000,100.0,adaptive,2026-07-04T12:13:59+01:00,1,1,3,2,1,99.997237,3575,3755,3575,180,4.7936,GLOBAL_BEST,0,777,0,5,0,3,1,0,1800000.0000,0.0000,0,0,0,0,0,0
n012w8-0,n012w8,0,5,500000,100.0,adaptive,2026-07-04T12:13:59+01:00,1,2,3,3,1,0.000000,3580,3800,3580,220,5.7895,LOCAL_BEST,0,777,0,3,0,4,1,0,2200000.0000,0.0000,0,0,0,0,0,0
n012w8-0,n012w8,0,5,500000,100.0,adaptive,2026-07-04T12:13:59+01:00,1,3,3,3,1,0.000000,3340,3550,3340,210,5.9155,LOCAL_BEST,0,777,0,4,1,5,0,0,0.0000,0.0000,0,0,0,0,0,0
n012w8-0,n012w8,0,5,500000,100.0,adaptive,2026-07-04T12:13:59+01:00,1,2,3,4,1,0.000000,3430,3580,3430,150,4.1899,LOCAL_BEST,0,777,0,3,0,6,1,0,1500000.0000,0.0000,0,0,0,0,0,0
n012w8-0,n012w8,0,5,500000,100.0,adaptive,2026-07-04T12:13:59+01:00,1,2,3,5,1,0.000000,3220,3430,3220,210,6.1224,GLOBAL_BEST,0,777,0,7,0,7,1,0,2100000.0000,0.0000,0,0,0,0,0,0
n012w8-0,n012w8,0,5,500000,100.0,adaptive,2026-07-04T12:13:59+01:00,1,1,3,7,1,99.983423,3470,3575,3470,105,2.9371,GLOBAL_BEST,0,777,0,15,1,8,2,0,525000.0000,0.0000,0,0,0,0,0,0
n012w8-0,n012w8,0,5,500000,100.0,adaptive,2026-07-04T12:13:59+01:00,1,2,3,7,1,0.000000,3040,3220,3040,180,5.5901,GLOBAL_BEST,0,777,0,10,0,9,0,0,0.0000,0.0000,0,0,0,0,0,0
n012w8-0,n012w8,0,5,500000,100.0,adaptive,2026-07-04T12:13:59+01:00,1,3,3,8,1,0.000000,3205,3340,3205,135,4.0419,LOCAL_BEST,0,777,1,6,1,10,1,0,1350000.0000,0.0000,0,0,0,0,0,0
n012w8-0,n012w8,0,5,500000,100.0,adaptive,2026-07-04T12:13:59+01:00,1,1,3,9,1,99.977898,3455,3470,3455,15,0.4323,GLOBAL_BEST,0,777,0,23,1,11,1,0,150000.0000,0.0000,0,0,0,0,0,0
n012w8-0,n012w8,0,5,500000,100.0,adaptive,2026-07-04T12:13:59+01:00,1,1,3,10,1,99.975135,3395,3455,3395,60,1.7366,GLOBAL_BEST,0,777,0,24,1,12,1,0,600000.0000,0.0000,0,0,0,0,0,0
n012w8-0,n012w8,0,5,500000,100.0,adaptive,2026-07-04T12:13:59+01:00,1,3,3,10,1,0.000000,3055,3205,3055,150,4.6802,LOCAL_BEST,0,777,1,8,2,13,0,0,0.0000,0.0000,0,0,0,0,0,0
n012w8-0,n012w8,0,5,500000,100.0,adaptive,2026-07-04T12:13:59+01:00,1,3,3,13,1,0.000000,3040,3055,3040,15,0.4910,LOCAL_BEST,0,777,3,13,2,14,3,0,50000.0000,0.0000,0,0,0,0,0,0
n012w8-0,n012w8,0,5,500000,100.0,adaptive,2026-07-04T12:13:59+01:00,1,1,3,14,1,99.964086,3285,3395,3285,110,3.2401,GLOBAL_BEST,0,777,0,29,3,15,1,0,1100000.0000,0.0000,0,0,0,0,0,0
n012w8-0,n012w8,0,5,500000,100.0,adaptive,2026-07-04T12:13:59+01:00,1,2,3,14,1,0.000000,2985,3040,2985,55,1.8092,LOCAL_BEST,0,777,0,19,0,16,0,0,0.0000,0.0000,0,0,0,0,0,0
n012w8-0,n012w8,0,5,500000,100.0,adaptive,2026-07-04T12:13:59+01:00,1,3,3,14,1,0.000000,2700,3040,2700,340,11.1842,LOCAL_BEST,0,777,3,14,2,17,0,0,0.0000,0.0000,0,0,0,0,0,0
n012w8-0,n012w8,0,5,500000,100.0,adaptive,2026-07-04T12:13:59+01:00,1,2,3,15,1,0.000000,2670,2985,2670,315,10.5528,GLOBAL_BEST,0,777,0,20,0,18,1,0,3150000.0000,0.0000,0,0,0,0,0,0
n012w8-0,n012w8,0,5,500000,100.0,adaptive,2026-07-04T12:13:59+01:00,1,3,3,15,1,0.000000,2670,2700,2670,30,1.1111,LOCAL_BEST,0,777,3,14,2,19,0,0,0.0000,0.0000,0,0,0,0,0,0
n012w8-0,n012w8,0,5,500000,100.0,adaptive,2026-07-04T12:13:59+01:00,1,3,3,18,1,0.000000,2635,2670,2635,35,1.3109,GLOBAL_BEST,0,777,4,19,2,20,3,0,116666.6667,0.0000,0,0,0,0,0,0
n012w8-0,n012w8,0,5,500000,100.0,adaptive,2026-07-04T12:13:59+01:00,1,1,3,20,1,99.947515,3195,3285,3195,90,2.7397,GLOBAL_BEST,0,777,2,44,4,21,2,0,450000.0000,0.0000,0,0,0,0,0,0
n012w8-0,n012w8,0,5,500000,100.0,adaptive,2026-07-04T12:13:59+01:00,1,1,3,23,1,99.939230,3165,3195,3165,30,0.9390,GLOBAL_BEST,0,777,2,54,5,22,3,0,100000.0000,0.0000,0,0,0,0,0,0
n012w8-0,n012w8,0,5,500000,100.0,adaptive,2026-07-04T12:13:59+01:00,1,2,3,23,1,0.000000,2650,2670,2650,20,0.7491,LOCAL_BEST,0,777,0,36,0,23,0,0,0.0000,0.0000,0,0,0,0,0,0
n012w8-0,n012w8,0,5,500000,100.0,adaptive,2026-07-04T12:13:59+01:00,1,1,3,29,1,99.922663,3015,3165,3015,150,4.7393,GLOBAL_BEST,0,777,2,59,7,24,6,0,250000.0000,0.0000,0,0,0,0,0,0
n012w8-0,n012w8,0,5,500000,100.0,adaptive,2026-07-04T12:13:59+01:00,1,1,3,31,1,99.917141,2880,3015,2880,135,4.4776,GLOBAL_BEST,0,777,2,66,7,25,2,0,675000.0000,0.0000,0,0,0,0,0,0
n012w8-0,n012w8,0,5,500000,100.0,adaptive,2026-07-04T12:13:59+01:00,1,1,3,32,1,99.914381,2835,2880,2835,45,1.5625,GLOBAL_BEST,0,777,2,70,7,26,1,0,450000.0000,0.0000,0,0,0,0,0,0
n012w8-0,n012w8,0,5,500000,100.0,adaptive,2026-07-04T12:13:59+01:00,1,1,3,42,1,99.886777,2645,2835,2645,190,6.7019,GLOBAL_BEST,0,777,4,86,9,27,10,0,190000.0000,0.0000,0,0,0,0,0,0
n012w8-0,n012w8,0,5,500000,100.0,adaptive,2026-07-04T12:13:59+01:00,1,3,3,48,1,0.000000,2565,2635,2565,70,2.6565,LOCAL_BEST,0,777,11,75,4,28,6,0,116666.6667,0.0000,0,0,0,0,0,0
n012w8-0,n012w8,0,5,500000,100.0,adaptive,2026-07-04T12:13:59+01:00,1,3,3,49,1,0.000000,2475,2565,2475,90,3.5088,LOCAL_BEST,0,777,11,75,4,29,1,0,900000.0000,0.0000,0,0,0,0,0,0
n012w8-0,n012w8,0,5,500000,100.0,adaptive,2026-07-04T12:13:59+01:00,1,3,3,53,1,0.000000,2435,2475,2435,40,1.6162,LOCAL_BEST,0,777,13,83,4,30,4,0,100000.0000,0.0000,0,0,0,0,0,0
n012w8-0,n012w8,0,5,500000,100.0,adaptive,2026-07-04T12:13:59+01:00,1,3,3,54,1,0.000000,2405,2435,2405,30,1.2320,LOCAL_BEST,0,777,13,84,4,31,1,0,300000.0000,0.0000,0,0,0,0,0,0
n012w8-0,n012w8,0,5,500000,100.0,adaptive,2026-07-04T12:13:59+01:00,1,1,3,59,1,99.839868,2605,2645,2605,40,1.5123,GLOBAL_BEST,0,777,9,139,11,32,5,0,80000.0000,0.0000,0,0,0,0,0,0
n012w8-0,n012w8,0,5,500000,100.0,adaptive,2026-07-04T12:13:59+01:00,1,1,3,60,1,99.837110,2575,2605,2575,30,1.1516,GLOBAL_BEST,0,777,9,141,11,33,1,0,300000.0000,0.0000,0,0,0,0,0,0
n012w8-0,n012w8,0,5,500000,100.0,adaptive,2026-07-04T12:13:59+01:00,1,5,3,62,48,0.000000,915,930,915,15,1.6129,LOCAL_BEST,1,777,0,102,51,34,2,47,75000.0000,319.1489,0,0,0,0,0,0
n012w8-0,n012w8,0,5,500000,100.0,adaptive,2026-07-04T12:13:59+01:00,1,1,3,64,1,99.826076,2560,2575,2560,15,0.5825,GLOBAL_BEST,0,777,9,146,12,35,2,-47,75000.0000,0.0000,0,0,0,0,0,0
n012w8-0,n012w8,0,5,500000,100.0,adaptive,2026-07-04T12:13:59+01:00,1,1,3,69,1,99.812285,2545,2560,2545,15,0.5859,GLOBAL_BEST,0,777,11,164,12,36,5,0,30000.0000,0.0000,0,0,0,0,0,0
n012w8-0,n012w8,0,5,500000,100.0,adaptive,2026-07-04T12:13:59+01:00,1,1,3,70,1,99.809528,2365,2545,2365,180,7.0727,GLOBAL_BEST,0,777,11,164,12,37,1,0,1800000.0000,0.0000,0,0,0,0,0,0
n012w8-0,n012w8,0,5,500000,100.0,adaptive,2026-07-04T12:13:59+01:00,1,1,3,71,1,99.806770,2305,2365,2305,60,2.5370,GLOBAL_BEST,0,777,11,168,12,38,1,0,600000.0000,0.0000,0,0,0,0,0,0
n012w8-0,n012w8,0,5,500000,100.0,adaptive,2026-07-04T12:13:59+01:00,1,1,3,72,1,99.804012,2275,2305,2275,30,1.3015,GLOBAL_BEST,0,777,11,168,12,39,1,0,300000.0000,0.0000,0,0,0,0,0,0
n012w8-0,n012w8,0,5,500000,100.0,adaptive,2026-07-04T12:13:59+01:00,1,1,3,73,1,99.801254,2245,2275,2245,30,1.3187,GLOBAL_BEST,0,777,11,170,12,40,1,0,300000.0000,0.0000,0,0,0,0,0,0
n012w8-0,n012w8,0,5,500000,100.0,adaptive,2026-07-04T12:13:59+01:00,1,5,3,76,48,0.000000,870,915,870,45,4.9180,GLOBAL_BEST,1,777,0,125,62,41,3,47,150000.0000,957.4468,0,0,0,0,0,0
n012w8-0,n012w8,0,5,500000,100.0,adaptive,2026-07-04T12:13:59+01:00,1,2,3,77,1,0.000000,2610,2650,2610,40,1.5094,LOCAL_BEST,0,777,0,130,0,42,1,-47,400000.0000,0.0000,0,0,0,0,0,0
n012w8-0,n012w8,0,5,500000,100.0,adaptive,2026-07-04T12:13:59+01:00,1,2,3,78,1,0.000000,2490,2610,2490,120,4.5977,LOCAL_BEST,0,777,0,133,0,43,1,0,1200000.0000,0.0000,0,0,0,0,0,0
n012w8-0,n012w8,0,5,500000,100.0,adaptive,2026-07-04T12:13:59+01:00,1,2,3,79,1,0.000000,2400,2490,2400,90,3.6145,LOCAL_BEST,0,777,0,143,0,44,1,0,900000.0000,0.0000,0,0,0,0,0,0
n012w8-0,n012w8,0,5,500000,100.0,adaptive,2026-07-04T12:13:59+01:00,1,3,3,80,1,0.000000,2380,2405,2380,25,1.0395,LOCAL_BEST,0,777,22,139,4,45,1,0,250000.0000,0.0000,0,0,0,0,0,0
n012w8-0,n012w8,0,5,500000,100.0,adaptive,2026-07-04T12:13:59+01:00,1,2,3,81,1,0.000000,2330,2400,2330,70,2.9167,LOCAL_BEST,0,777,0,148,0,46,1,0,700000.0000,0.0000,0,0,0,0,0,0
n012w8-0,n012w8,0,5,500000,100.0,adaptive,2026-07-04T12:13:59+01:00,1,1,3,84,1,99.770925,2210,2245,2210,35,1.5590,GLOBAL_BEST,0,777,12,191,15,47,3,0,116666.6667,0.0000,0,0,0,0,0,0
n012w8-0,n012w8,0,5,500000,100.0,adaptive,2026-07-04T12:13:59+01:00,1,3,3,85,1,0.000000,2320,2380,2320,60,2.5210,LOCAL_BEST,0,777,23,144,4,48,1,0,600000.0000,0.0000,0,0,0,0,0,0
n012w8-0,n012w8,0,5,500000,100.0,adaptive,2026-07-04T12:13:59+01:00,1,1,3,86,1,99.765412,2195,2210,2195,15,0.6787,GLOBAL_BEST,0,777,12,191,15,49,1,0,150000.0000,0.0000,0,0,0,0,0,0
n012w8-0,n012w8,0,5,500000,100.0,adaptive,2026-07-04T12:13:59+01:00,1,1,3,87,1,99.762655,2085,2195,2085,110,5.0114,GLOBAL_BEST,0,777,12,192,15,50,1,0,1100000.0000,0.0000,0,0,0,0,0,0
n012w8-0,n012w8,0,5,500000,100.0,adaptive,2026-07-04T12:13:59+01:00,1,2,3,89,1,0.000000,2265,2330,2265,65,2.7897,LOCAL_BEST,0,777,0,162,0,51,2,0,325000.0000,0.0000,0,0,0,0,0,0
n012w8-0,n012w8,0,5,500000,100.0,adaptive,2026-07-04T12:13:59+01:00,1,2,3,90,1,0.000000,2220,2265,2220,45,1.9868,LOCAL_BEST,0,777,0,167,0,52,1,0,450000.0000,0.0000,0,0,0,0,0,0
n012w8-0,n012w8,0,5,500000,100.0,adaptive,2026-07-04T12:13:59+01:00,1,1,3,92,1,99.748874,2080,2085,2080,5,0.2398,GLOBAL_BEST,0,777,13,202,16,53,2,0,25000.0000,0.0000,0,0,0,0,0,0
n012w8-0,n012w8,0,5,500000,100.0,adaptive,2026-07-04T12:13:59+01:00,1,1,3,95,1,99.740605,2005,2080,2005,75,3.6058,GLOBAL_BEST,0,777,13,206,16,54,3,0,250000.0000,0.0000,0,0,0,0,0,0
n012w8-0,n012w8,0,5,500000,100.0,adaptive,2026-07-04T12:13:59+01:00,1,1,3,132,1,99.638688,1925,2005,1925,80,3.9900,GLOBAL_BEST,0,777,27,277,25,55,37,0,21621.6216,0.0000,0,0,0,0,0,0
n012w8-0,n012w8,0,5,500000,100.0,adaptive,2026-07-04T12:13:59+01:00,1,5,3,137,48,0.000000,810,870,810,60,6.8966,GLOBAL_BEST,1,777,0,214,102,56,5,47,120000.0000,1276.5957,0,0,0,0,0,0
n012w8-0,n012w8,0,5,500000,100.0,adaptive,2026-07-04T12:13:59+01:00,1,3,3,143,1,0.000000,2295,2320,2295,25,1.0776,LOCAL_BEST,0,777,47,271,5,57,6,-47,41666.6667,0.0000,0,0,0,0,0,0
n012w8-0,n012w8,0,5,500000,100.0,adaptive,2026-07-04T12:13:59+01:00,1,3,3,144,1,0.000000,2130,2295,2130,165,7.1895,LOCAL_BEST,0,777,47,272,5,58,1,0,1650000.0000,0.0000,0,0,0,0,0,0
n012w8-0,n012w8,0,5,500000,100.0,adaptive,2026-07-04T12:13:59+01:00,1,1,3,151,1,99.586392,1825,1925,1825,100,5.1948,GLOBAL_BEST,0,777,33,315,30,59,7,0,142857.1429,0.0000,0,0,0,0,0,0
n012w8-0,n012w8,0,5,500000,100.0,adaptive,2026-07-04T12:13:59+01:00,1,1,3,153,1,99.580889,1780,1825,1780,45,2.4658,GLOBAL_BEST,0,777,33,317,31,60,2,0,225000.0000,0.0000,0,0,0,0,0,0
n012w8-0,n012w8,0,5,500000,100.0,adaptive,2026-07-04T12:13:59+01:00,1,3,3,175,1,0.000000,2115,2130,2115,15,0.7042,LOCAL_BEST,0,777,54,330,6,61,22,0,6818.1818,0.0000,0,0,0,0,0,0
n012w8-0,n012w8,0,5,500000,100.0,adaptive,2026-07-04T12:13:59+01:00,1,1,3,199,1,99.454400,1765,1780,1765,15,0.8427,GLOBAL_BEST,0,777,46,403,44,62,24,0,6250.0000,0.0000,0,0,0,0,0,0
n012w8-0,n012w8,0,5,500000,100.0,adaptive,2026-07-04T12:13:59+01:00,1,1,3,211,1,99.421429,1745,1765,1745,20,1.1331,GLOBAL_BEST,0,777,49,416,49,63,12,0,16666.6667,0.0000,0,0,0,0,0,0
n012w8-0,n012w8,0,5,500000,100.0,adaptive,2026-07-04T12:13:59+01:00,1,1,3,215,1,99.410441,1730,1745,1730,15,0.8596,GLOBAL_BEST,0,777,50,419,50,64,4,0,37500.0000,0.0000,0,0,0,0,0,0
n012w8-0,n012w8,0,5,500000,100.0,adaptive,2026-07-04T12:13:59+01:00,1,1,3,219,1,99.399454,1670,1730,1670,60,3.4682,GLOBAL_BEST,0,777,50,427,51,65,4,0,150000.0000,0.0000,0,0,0,0,0,0
n012w8-0,n012w8,0,5,500000,100.0,adaptive,2026-07-04T12:13:59+01:00,1,2,3,269,1,0.000000,2205,2220,2205,15,0.6757,LOCAL_BEST,0,777,0,481,0,66,50,0,3000.0000,0.0000,0,0,0,0,0,0
n012w8-0,n012w8,0,5,500000,100.0,adaptive,2026-07-04T12:13:59+01:00,1,2,3,273,1,0.000000,2190,2205,2190,15,0.6803,LOCAL_BEST,0,777,0,486,0,67,4,0,37500.0000,0.0000,0,0,0,0,0,0
n012w8-0,n012w8,0,5,500000,100.0,adaptive,2026-07-04T12:13:59+01:00,1,2,3,274,1,0.000000,2145,2190,2145,45,2.0548,LOCAL_BEST,0,777,0,489,0,68,1,0,450000.0000,0.0000,0,0,0,0,0,0
n012w8-0,n012w8,0,5,500000,100.0,adaptive,2026-07-04T12:13:59+01:00,1,2,3,276,1,0.000000,2115,2145,2115,30,1.3986,LOCAL_BEST,0,777,0,491,0,69,2,0,150000.0000,0.0000,0,0,0,0,0,0
n012w8-0,n012w8,0,5,500000,100.0,adaptive,2026-07-04T12:13:59+01:00,1,1,3,283,1,99.223833,1655,1670,1655,15,0.8982,GLOBAL_BEST,0,777,68,527,74,70,7,0,21428.5714,0.0000,0,0,0,0,0,0
n012w8-0,n012w8,0,5,500000,100.0,adaptive,2026-07-04T12:13:59+01:00,1,1,3,284,1,99.221091,1610,1655,1610,45,2.7190,GLOBAL_BEST,0,777,68,531,74,71,1,0,450000.0000,0.0000,0,0,0,0,0,0
n012w8-0,n012w8,0,5,500000,100.0,adaptive,2026-07-04T12:13:59+01:00,1,1,3,287,1,99.212867,1565,1610,1565,45,2.7950,GLOBAL_BEST,0,777,68,533,76,72,3,0,150000.0000,0.0000,0,0,0,0,0,0
n012w8-0,n012w8,0,5,500000,100.0,adaptive,2026-07-04T12:13:59+01:00,1,3,3,290,1,0.000000,2095,2115,2095,20,0.9456,LOCAL_BEST,0,777,100,523,13,73,3,0,66666.6667,0.0000,0,0,0,0,0,0
n012w8-0,n012w8,0,5,500000,100.0,adaptive,2026-07-04T12:13:59+01:00,1,3,3,291,1,0.000000,1930,2095,1930,165,7.8759,LOCAL_BEST,0,777,100,524,13,74,1,0,1650000.0000,0.0000,0,0,0,0,0,0
n012w8-0,n012w8,0,5,500000,100.0,adaptive,2026-07-04T12:13:59+01:00,1,5,3,312,48,0.000000,780,810,780,30,3.7037,GLOBAL_BEST,1,777,0,458,246,75,21,47,14285.7143,638.2979,0,0,0,0,0,0
n012w8-0,n012w8,0,5,500000,100.0,adaptive,2026-07-04T12:13:59+01:00,1,1,3,353,2,99.032103,1495,1565,1495,70,4.4728,GLOBAL_BEST,0,777,83,624,99,76,41,-46,17073.1707,0.0000,0,0,0,0,0,0
n012w8-0,n012w8,0,5,500000,100.0,adaptive,2026-07-04T12:13:59+01:00,1,2,3,486,2,0.000000,2105,2115,2105,10,0.4728,LOCAL_BEST,0,777,0,847,0,77,133,0,751.8797,0.0000,0,0,0,0,0,0
n012w8-0,n012w8,0,5,500000,100.0,adaptive,2026-07-04T12:13:59+01:00,1,2,3,490,2,0.000000,1975,2105,1975,130,6.1758,LOCAL_BEST,0,777,0,856,0,78,4,0,325000.0000,0.0000,0,0,0,0,0,0
n012w8-0,n012w8,0,5,500000,100.0,adaptive,2026-07-04T12:13:59+01:00,1,2,3,491,2,0.000000,1960,1975,1960,15,0.7595,LOCAL_BEST,0,777,0,856,0,79,1,0,150000.0000,0.0000,0,0,0,0,0,0
n012w8-0,n012w8,0,5,500000,100.0,adaptive,2026-07-04T12:13:59+01:00,1,2,3,507,2,0.000000,1915,1960,1915,45,2.2959,LOCAL_BEST,0,777,0,893,0,80,16,0,28125.0000,0.0000,0,0,0,0,0,0
n012w8-0,n012w8,0,5,500000,100.0,adaptive,2026-07-04T12:13:59+01:00,1,2,3,534,2,0.000000,1910,1915,1910,5,0.2611,LOCAL_BEST,0,777,0,951,0,81,27,0,1851.8519,0.0000,0,0,0,0,0,0
n012w8-0,n012w8,0,5,500000,100.0,adaptive,2026-07-04T12:13:59+01:00,1,2,3,537,2,0.000000,1880,1910,1880,30,1.5707,LOCAL_BEST,0,777,0,959,0,82,3,0,100000.0000,0.0000,0,0,0,0,0,0
n012w8-0,n012w8,0,5,500000,100.0,adaptive,2026-07-04T12:13:59+01:00,1,2,3,538,2,0.000000,1670,1880,1670,210,11.1702,LOCAL_BEST,0,777,0,962,0,83,1,0,2100000.0000,0.0000,0,0,0,0,0,0
n012w8-0,n012w8,0,5,500000,100.0,adaptive,2026-07-04T12:13:59+01:00,1,1,3,716,2,98.043769,1490,1495,1490,5,0.3344,GLOBAL_BEST,0,777,180,1219,206,84,178,0,280.8989,0.0000,0,0,0,0,0,0
n012w8-0,n012w8,0,5,500000,100.0,adaptive,2026-07-04T12:13:59+01:00,1,1,3,718,2,98.038351,1450,1490,1450,40,2.6846,GLOBAL_BEST,0,777,181,1224,206,85,2,0,200000.0000,0.0000,0,0,0,0,0,0
n012w8-0,n012w8,0,5,500000,100.0,adaptive,2026-07-04T12:13:59+01:00,1,3,3,750,2,0.000000,1880,1930,1880,50,2.5907,LOCAL_BEST,0,777,274,1337,29,86,32,0,15625.0000,0.0000,0,0,0,0,0,0
n012w8-0,n012w8,0,5,500000,100.0,adaptive,2026-07-04T12:13:59+01:00,1,3,3,751,2,0.000000,1850,1880,1850,30,1.5957,LOCAL_BEST,0,777,274,1338,29,87,1,0,300000.0000,0.0000,0,0,0,0,0,0
n012w8-0,n012w8,0,5,500000,100.0,adaptive,2026-07-04T12:13:59+01:00,1,3,3,897,3,0.000000,1785,1850,1785,65,3.5135,LOCAL_BEST,0,777,328,1675,34,88,146,1,4452.0548,65000.0000,0,0,0,0,0,0
n012w8-0,n012w8,0,5,500000,100.0,adaptive,2026-07-04T12:13:59+01:00,1,5,3,1094,49,0.000000,685,780,685,95,12.1795,GLOBAL_BEST,1,777,0,1663,829,89,197,46,4822.3350,2065.2174,0,0,0,0,0,0
n012w8-0,n012w8,0,5,500000,100.0,adaptive,2026-07-04T12:13:59+01:00,1,1,3,1855,4,95.006211,1415,1450,1415,35,2.4138,GLOBAL_BEST,0,777,470,3149,591,90,761,-45,459.9212,0.0000,0,0,0,0,0,0
n012w8-0,n012w8,0,5,500000,100.0,adaptive,2026-07-04T12:13:59+01:00,1,1,3,1887,4,94.922245,1395,1415,1395,20,1.4134,GLOBAL_BEST,0,777,476,3192,606,91,32,0,6250.0000,0.0000,0,0,0,0,0,0
n012w8-0,n012w8,0,5,500000,100.0,adaptive,2026-07-04T12:13:59+01:00,1,1,3,2040,5,94.521804,1260,1395,1260,135,9.6774,GLOBAL_BEST,0,777,513,3450,661,92,153,1,8823.5294,135000.0000,0,0,0,0,0,0
n012w8-0,n012w8,0,5,500000,100.0,adaptive,2026-07-04T12:13:59+01:00,1,1,3,2042,5,94.516580,1215,1260,1215,45,3.5714,GLOBAL_BEST,0,777,513,3461,662,93,2,0,225000.0000,0.0000,0,0,0,0,0,0
n012w8-0,n012w8,0,5,500000,100.0,adaptive,2026-07-04T12:13:59+01:00,1,1,3,2048,5,94.500912,1200,1215,1200,15,1.2346,GLOBAL_BEST,0,777,514,3477,665,94,6,0,25000.0000,0.0000,0,0,0,0,0,0
n012w8-0,n012w8,0,5,500000,100.0,adaptive,2026-07-04T12:13:59+01:00,1,1,3,2089,5,94.393915,1190,1200,1190,10,0.8333,GLOBAL_BEST,0,777,524,3545,681,95,41,0,2439.0244,0.0000,0,0,0,0,0,0
n012w8-0,n012w8,0,5,500000,100.0,adaptive,2026-07-04T12:13:59+01:00,1,2,3,2205,5,0.000000,1620,1670,1620,50,2.9940,LOCAL_BEST,0,777,0,3957,159,96,116,0,4310.3448,0.0000,0,0,0,0,0,0
n012w8-0,n012w8,0,5,500000,100.0,adaptive,2026-07-04T12:13:59+01:00,1,3,3,2430,5,0.000000,1745,1785,1745,40,2.2409,LOCAL_BEST,0,777,944,4391,89,97,225,0,1777.7778,0.0000,0,0,0,0,0,0
n012w8-0,n012w8,0,5,500000,100.0,adaptive,2026-07-04T12:13:59+01:00,1,3,3,2431,5,0.000000,1525,1745,1525,220,12.6074,LOCAL_BEST,0,777,944,4393,89,98,1,0,2200000.0000,0.0000,0,0,0,0,0,0
n012w8-0,n012w8,0,5,500000,100.0,adaptive,2026-07-04T12:13:59+01:00,1,3,3,2432,5,0.000000,1420,1525,1420,105,6.8852,LOCAL_BEST,0,777,944,4400,89,99,1,0,1050000.0000,0.0000,0,0,0,0,0,0
n012w8-0,n012w8,0,5,500000,100.0,adaptive,2026-07-04T12:13:59+01:00,1,2,3,3908,7,0.000000,1605,1620,1605,15,0.9259,LOCAL_BEST,0,777,0,6905,595,100,1476,2,101.6260,7500.0000,0,0,0,0,0,0
n012w8-0,n012w8,0,5,500000,100.0,adaptive,2026-07-04T12:13:59+01:00,1,1,3,4341,8,88.699261,1185,1190,1185,5,0.4202,GLOBAL_BEST,0,777,1077,7086,1457,101,433,1,115.4734,5000.0000,0,0,0,0,0,0
n012w8-0,n012w8,0,5,500000,100.0,adaptive,2026-07-04T12:13:59+01:00,1,1,3,4342,8,88.696810,1155,1185,1155,30,2.5316,GLOBAL_BEST,0,777,1077,7086,1457,102,1,0,300000.0000,0.0000,0,0,0,0,0,0
n012w8-0,n012w8,0,5,500000,100.0,adaptive,2026-07-04T12:13:59+01:00,1,2,3,4582,8,0.000000,1600,1605,1600,5,0.3115,LOCAL_BEST,0,777,0,8015,803,103,240,0,208.3333,0.0000,0,0,0,0,0,0
n012w8-0,n012w8,0,5,500000,100.0,adaptive,2026-07-04T12:13:59+01:00,1,2,3,5942,11,0.000000,1520,1600,1520,80,5.0000,LOCAL_BEST,0,777,0,10515,1311,104,1360,3,588.2353,26666.6667,0,0,0,0,0,0
n012w8-0,n012w8,0,5,500000,100.0,adaptive,2026-07-04T12:13:59+01:00,1,2,3,6118,11,0.000000,1480,1520,1480,40,2.6316,LOCAL_BEST,0,777,0,10836,1374,105,176,0,2272.7273,0.0000,0,0,0,0,0,0
n012w8-0,n012w8,0,5,500000,100.0,adaptive,2026-07-04T12:13:59+01:00,1,1,3,6761,12,82.962150,1020,1155,1020,135,11.6883,GLOBAL_BEST,0,777,1642,10920,2374,106,643,1,2099.5334,135000.0000,0,0,0,0,0,0
n012w8-0,n012w8,0,5,500000,100.0,adaptive,2026-07-04T12:13:59+01:00,1,2,3,6946,12,0.000000,1470,1480,1470,10,0.6757,LOCAL_BEST,0,777,0,12294,1615,107,185,0,540.5405,0.0000,0,0,0,0,0,0
n012w8-0,n012w8,0,5,500000,100.0,adaptive,2026-07-04T12:13:59+01:00,1,2,3,7409,13,0.000000,1415,1470,1415,55,3.7415,LOCAL_BEST,0,777,0,13039,1755,108,463,1,1187.9050,55000.0000,0,0,0,0,0,0
n012w8-0,n012w8,0,5,500000,100.0,adaptive,2026-07-04T12:13:59+01:00,1,2,3,7410,13,0.000000,1370,1415,1370,45,3.1802,LOCAL_BEST,0,777,0,13040,1755,109,1,0,450000.0000,0.0000,0,0,0,0,0,0
n012w8-0,n012w8,0,5,500000,100.0,adaptive,2026-07-04T12:13:59+01:00,1,5,3,8635,62,0.000000,665,685,665,20,2.9197,GLOBAL_BEST,1,777,0,13063,6727,110,1225,49,163.2653,408.1633,0,0,0,0,0,0
n012w8-0,n012w8,0,5,500000,100.0,adaptive,2026-07-04T12:13:59+01:00,1,2,3,9116,17,0.000000,1345,1370,1345,25,1.8248,LOCAL_BEST,0,777,0,15916,2445,111,481,-45,519.7505,0.0000,0,0,0,0,0,0
n012w8-0,n012w8,0,5,500000,100.0,adaptive,2026-07-04T12:13:59+01:00,1,2,3,9979,18,0.000000,1335,1345,1335,10,0.7435,LOCAL_BEST,0,777,0,17365,2802,112,863,1,115.8749,10000.0000,0,0,0,0,0,0
n012w8-0,n012w8,0,5,500000,100.0,adaptive,2026-07-04T12:13:59+01:00,1,2,3,10070,18,0.000000,1260,1335,1260,75,5.6180,LOCAL_BEST,0,777,0,17495,2837,113,91,0,8241.7582,0.0000,0,0,0,0,0,0
n012w8-0,n012w8,0,5,500000,100.0,adaptive,2026-07-04T12:13:59+01:00,1,5,3,10818,65,0.000000,650,665,650,15,2.2556,GLOBAL_BEST,1,777,0,16466,8486,114,748,47,200.5348,319.1489,0,0,0,0,0,0
n012w8-0,n012w8,0,5,500000,100.0,adaptive,2026-07-04T12:13:59+01:00,1,5,3,11632,66,0.000000,610,650,610,40,6.1538,GLOBAL_BEST,1,777,0,17672,9117,115,814,1,491.4005,40000.0000,0,0,0,0,0,0
n012w8-0,n012w8,0,5,500000,100.0,adaptive,2026-07-04T12:13:59+01:00,1,2,3,13504,24,0.000000,1145,1260,1145,115,9.1270,LOCAL_BEST,0,777,0,23079,4429,116,1872,-42,614.3162,0.0000,0,0,0,0,0,0
n012w8-0,n012w8,0,5,500000,100.0,adaptive,2026-07-04T12:13:59+01:00,1,2,3,14157,25,0.000000,1130,1145,1130,15,1.3100,LOCAL_BEST,0,777,0,24252,4760,117,653,1,229.7090,15000.0000,0,0,0,0,0,0
n012w8-0,n012w8,0,5,500000,100.0,adaptive,2026-07-04T12:13:59+01:00,1,5,3,14227,71,0.000000,605,610,605,5,0.8197,GLOBAL_BEST,1,777,0,21791,11234,118,70,46,714.2857,108.6957,0,0,0,0,0,0
n012w8-0,n012w8,0,5,500000,100.0,adaptive,2026-07-04T12:13:59+01:00,1,5,3,14236,71,0.000000,575,605,575,30,4.9587,GLOBAL_BEST,1,777,0,21812,11239,119,9,0,33333.3333,0.0000,0,0,0,0,0,0
n012w8-0,n012w8,0,5,500000,100.0,adaptive,2026-07-04T12:13:59+01:00,1,5,3,17744,77,0.000000,545,575,545,30,5.2174,GLOBAL_BEST,1,777,0,27307,14079,120,3508,6,85.5188,5000.0000,0,0,0,0,0,0
n012w8-0,n012w8,0,5,500000,100.0,adaptive,2026-07-04T12:13:59+01:00,1,2,3,18269,31,0.000000,1115,1130,1115,15,1.3274,LOCAL_BEST,0,777,0,31246,6948,121,525,-46,285.7143,0.0000,0,0,0,0,0,0
n012w8-0,n012w8,0,5,500000,100.0,adaptive,2026-07-04T12:13:59+01:00,1,2,3,18270,31,0.000000,1100,1115,1100,15,1.3453,LOCAL_BEST,0,777,0,31253,6948,122,1,0,150000.0000,0.0000,0,0,0,0,0,0
n012w8-0,n012w8,0,5,500000,100.0,adaptive,2026-07-04T12:13:59+01:00,1,2,3,18541,32,0.000000,1090,1100,1090,10,0.9091,LOCAL_BEST,0,777,0,31775,7085,123,271,1,369.0037,10000.0000,0,0,0,0,0,0
n012w8-0,n012w8,0,5,500000,100.0,adaptive,2026-07-04T12:13:59+01:00,1,4,3,21030,86,55.930925,915,930,915,15,1.6129,LOCAL_BEST,1,777,4569,34796,8884,124,2489,54,60.2652,277.7778,0,0,0,0,0,0
n012w8-0,n012w8,0,5,500000,100.0,adaptive,2026-07-04T12:13:59+01:00,1,4,3,21048,86,55.903114,910,915,910,5,0.5464,LOCAL_BEST,1,777,4573,34844,8896,125,18,0,2777.7778,0.0000,0,0,0,0,0,0
n012w8-0,n012w8,0,5,500000,100.0,adaptive,2026-07-04T12:13:59+01:00,1,4,3,21051,86,55.898480,895,910,895,15,1.6484,LOCAL_BEST,1,777,4573,34848,8898,126,3,0,50000.0000,0.0000,0,0,0,0,0,0
n012w8-0,n012w8,0,5,500000,100.0,adaptive,2026-07-04T12:13:59+01:00,1,5,3,21959,83,0.000000,490,545,490,55,10.0917,GLOBAL_BEST,1,777,0,33865,17690,127,908,-3,605.7269,0.0000,0,0,0,0,0,0
n012w8-0,n012w8,0,5,500000,100.0,adaptive,2026-07-04T12:13:59+01:00,1,2,3,22617,40,0.000000,980,1090,980,110,10.0917,GLOBAL_BEST,0,777,0,38510,9581,128,658,-43,1671.7325,0.0000,0,0,0,0,0,0
n012w8-0,n012w8,0,5,500000,100.0,adaptive,2026-07-04T12:13:59+01:00,1,1,3,22640,41,53.497317,980,1020,980,40,3.9216,LOCAL_BEST,0,777,4810,37579,9713,129,23,1,17391.3043,40000.0000,0,0,0,0,0,0
n012w8-0,n012w8,0,5,500000,100.0,adaptive,2026-07-04T12:13:59+01:00,1,2,3,24571,43,0.000000,965,980,965,15,1.5306,GLOBAL_BEST,0,777,0,41702,10717,130,1931,2,77.6800,7500.0000,0,0,0,0,0,0
n012w8-0,n012w8,0,5,500000,100.0,adaptive,2026-07-04T12:13:59+01:00,1,2,3,24574,43,0.000000,935,965,935,30,3.1088,GLOBAL_BEST,0,777,0,41703,10718,131,3,0,100000.0000,0.0000,0,0,0,0,0,0
n012w8-0,n012w8,0,5,500000,100.0,adaptive,2026-07-04T12:13:59+01:00,1,1,3,26509,47,48.073307,960,980,960,20,2.0408,LOCAL_BEST,0,777,5410,43840,11892,132,1935,4,103.3592,5000.0000,0,0,0,0,0,0
n012w8-0,n012w8,0,5,500000,100.0,adaptive,2026-07-04T12:13:59+01:00,1,1,3,26885,48,47.576446,930,960,930,30,3.1250,GLOBAL_BEST,0,777,5474,44401,12094,133,376,1,797.8723,30000.0000,0,0,0,0,0,0
n012w8-0,n012w8,0,5,500000,100.0,adaptive,2026-07-04T12:13:59+01:00,1,1,3,26899,48,47.558046,895,930,895,35,3.7634,GLOBAL_BEST,0,777,5477,44426,12100,134,14,0,25000.0000,0.0000,0,0,0,0,0,0
n012w8-0,n012w8,0,5,500000,100.0,adaptive,2026-07-04T12:13:59+01:00,1,1,3,27431,49,46.864070,875,895,875,20,2.2346,LOCAL_BEST,0,777,5545,45247,12442,135,532,1,375.9398,20000.0000,0,0,0,0,0,0
n012w8-0,n012w8,0,5,500000,100.0,adaptive,2026-07-04T12:13:59+01:00,1,1,3,27528,49,46.738632,845,875,845,30,3.4286,LOCAL_BEST,0,777,5556,45396,12507,136,97,0,3092.7835,0.0000,0,0,0,0,0,0
n012w8-0,n012w8,0,5,500000,100.0,adaptive,2026-07-04T12:13:59+01:00,1,1,3,28584,50,45.394580,835,845,835,10,1.1834,LOCAL_BEST,0,777,5703,47047,13160,137,1056,1,94.6970,10000.0000,0,0,0,0,0,0
n012w8-0,n012w8,0,5,500000,100.0,adaptive,2026-07-04T12:13:59+01:00,1,1,3,28586,50,45.392071,805,835,805,30,3.5928,LOCAL_BEST,0,777,5703,47048,13160,138,2,0,150000.0000,0.0000,0,0,0,0,0,0
n012w8-0,n012w8,0,5,500000,100.0,adaptive,2026-07-04T12:13:59+01:00,1,1,3,28587,50,45.390817,775,805,775,30,3.7267,LOCAL_BEST,0,777,5703,47051,13160,139,1,0,300000.0000,0.0000,0,0,0,0,0,0
n012w8-0,n012w8,0,5,500000,100.0,adaptive,2026-07-04T12:13:59+01:00,1,1,3,28715,50,45.230564,730,775,730,45,5.8065,LOCAL_BEST,0,777,5715,47275,13248,140,128,0,3515.6250,0.0000,0,0,0,0,0,0
n012w8-0,n012w8,0,5,500000,100.0,adaptive,2026-07-04T12:13:59+01:00,1,4,3,28737,100,45.203077,870,895,870,25,2.7933,LOCAL_BEST,1,777,5841,47524,13120,141,22,50,11363.6364,500.0000,0,0,0,0,0,0
n012w8-0,n012w8,0,5,500000,100.0,adaptive,2026-07-04T12:13:59+01:00,1,4,3,28743,100,45.195584,840,870,840,30,3.4483,LOCAL_BEST,1,777,5841,47524,13123,142,6,0,50000.0000,0.0000,0,0,0,0,0,0
n012w8-0,n012w8,0,5,500000,100.0,adaptive,2026-07-04T12:13:59+01:00,1,4,3,28745,100,45.193086,825,840,825,15,1.7857,LOCAL_BEST,1,777,5841,47525,13124,143,2,0,75000.0000,0.0000,0,0,0,0,0,0
n012w8-0,n012w8,0,5,500000,100.0,adaptive,2026-07-04T12:13:59+01:00,1,4,3,28750,100,45.186843,810,825,810,15,1.8182,LOCAL_BEST,1,777,5841,47541,13128,144,5,0,30000.0000,0.0000,0,0,0,0,0,0
n012w8-0,n012w8,0,5,500000,100.0,adaptive,2026-07-04T12:13:59+01:00,1,4,3,29025,100,44.844791,780,810,780,30,3.7037,LOCAL_BEST,1,777,5874,48030,13295,145,275,0,1090.9091,0.0000,0,0,0,0,0,0
n012w8-0,n012w8,0,5,500000,100.0,adaptive,2026-07-04T12:13:59+01:00,1,1,3,29134,51,44.709931,685,730,685,45,6.1644,LOCAL_BEST,0,777,5764,48017,13515,146,109,-49,4128.4404,0.0000,0,0,0,0,0,0
n012w8-0,n012w8,0,5,500000,100.0,adaptive,2026-07-04T12:13:59+01:00,1,2,3,29738,51,0.000000,900,935,900,35,3.7433,LOCAL_BEST,0,777,0,50053,14013,147,604,0,579.4702,0.0000,0,0,0,0,0,0
n012w8-0,n012w8,0,5,500000,100.0,adaptive,2026-07-04T12:13:59+01:00,1,4,3,30535,103,43.012234,770,780,770,10,1.2821,LOCAL_BEST,1,777,6072,50419,14222,148,797,52,125.4705,192.3077,0,0,0,0,0,0
n012w8-0,n012w8,0,5,500000,100.0,adaptive,2026-07-04T12:13:59+01:00,1,4,3,30851,103,42.638312,755,770,755,15,1.9481,LOCAL_BEST,1,777,6104,50845,14444,149,316,0,474.6835,0.0000,0,0,0,0,0,0
n012w8-0,n012w8,0,5,500000,100.0,adaptive,2026-07-04T12:13:59+01:00,1,4,3,30853,103,42.635955,725,755,725,30,3.9735,LOCAL_BEST,1,777,6104,50848,14445,150,2,0,150000.0000,0.0000,0,0,0,0,0,0
n012w8-0,n012w8,0,5,500000,100.0,adaptive,2026-07-04T12:13:59+01:00,1,4,3,30925,103,42.551218,720,725,720,5,0.6897,LOCAL_BEST,1,777,6114,50974,14493,151,72,0,694.4444,0.0000,0,0,0,0,0,0
n012w8-0,n012w8,0,5,500000,100.0,adaptive,2026-07-04T12:13:59+01:00,1,2,3,33530,57,0.000000,880,900,880,20,2.2222,LOCAL_BEST,0,777,0,55976,16687,152,2605,-46,76.7754,0.0000,0,0,0,0,0,0
n012w8-0,n012w8,0,5,500000,100.0,adaptive,2026-07-04T12:13:59+01:00,1,2,3,34448,59,0.000000,850,880,850,30,3.4091,LOCAL_BEST,0,777,0,57469,17315,153,918,2,326.7974,15000.0000,0,0,0,0,0,0
n012w8-0,n012w8,0,5,500000,100.0,adaptive,2026-07-04T12:13:59+01:00,1,2,3,35320,61,0.000000,800,850,800,50,5.8824,LOCAL_BEST,0,777,0,58733,17903,154,872,2,573.3945,25000.0000,0,0,0,0,0,0
n012w8-0,n012w8,0,5,500000,100.0,adaptive,2026-07-04T12:13:59+01:00,1,1,3,37059,64,35.917326,660,685,660,25,3.6496,GLOBAL_BEST,0,777,6675,60787,18736,155,1739,3,143.7608,8333.3333,0,0,0,0,0,0
n012w8-0,n012w8,0,5,500000,100.0,adaptive,2026-07-04T12:13:59+01:00,1,4,3,38015,116,34.980982,710,720,710,10,1.3889,LOCAL_BEST,1,777,6894,62412,19207,156,956,52,104.6025,192.3077,0,0,0,0,0,0
n012w8-0,n012w8,0,5,500000,100.0,adaptive,2026-07-04T12:13:59+01:00,1,4,3,42312,122,31.064760,690,710,690,20,2.8169,LOCAL_BEST,1,777,7301,68870,22333,157,4297,6,46.5441,3333.3333,0,0,0,0,0,0
n012w8-0,n012w8,0,5,500000,100.0,adaptive,2026-07-04T12:13:59+01:00,1,5,3,43195,116,0.000000,485,490,485,5,1.0204,LOCAL_BEST,1,777,0,65448,36322,158,883,-6,56.6251,0.0000,0,0,0,0,0,0
n012w8-0,n012w8,0,5,500000,100.0,adaptive,2026-07-04T12:13:59+01:00,1,2,3,43888,74,0.000000,790,800,790,10,1.2500,LOCAL_BEST,0,777,0,71715,24401,159,693,-42,144.3001,0.0000,0,0,0,0,0,0
n012w8-0,n012w8,0,5,500000,100.0,adaptive,2026-07-04T12:13:59+01:00,1,2,3,44053,75,0.000000,780,790,780,10,1.2658,LOCAL_BEST,0,777,0,71928,24524,160,165,1,606.0606,10000.0000,0,0,0,0,0,0
n012w8-0,n012w8,0,5,500000,100.0,adaptive,2026-07-04T12:13:59+01:00,1,2,3,44167,75,0.000000,740,780,740,40,5.1282,LOCAL_BEST,0,777,0,72135,24609,161,114,0,3508.7719,0.0000,0,0,0,0,0,0
n012w8-0,n012w8,0,5,500000,100.0,adaptive,2026-07-04T12:13:59+01:00,1,4,3,44398,125,29.324864,665,690,665,25,3.6232,LOCAL_BEST,1,777,7471,72072,23847,162,231,50,1082.2511,500.0000,0,0,0,0,0,0
n012w8-0,n012w8,0,5,500000,100.0,adaptive,2026-07-04T12:13:59+01:00,1,4,3,44424,126,29.303804,650,665,650,15,2.2556,LOCAL_BEST,1,777,7473,72093,23868,163,26,1,5769.2308,15000.0000,0,0,0,0,0,0
n012w8-0,n012w8,0,5,500000,100.0,adaptive,2026-07-04T12:13:59+01:00,1,4,3,44437,126,29.293280,620,650,620,30,4.6154,LOCAL_BEST,1,777,7473,72109,23880,164,13,0,23076.9231,0.0000,0,0,0,0,0,0
n012w8-0,n012w8,0,5,500000,100.0,adaptive,2026-07-04T12:13:59+01:00,1,4,3,44523,126,29.223754,605,620,605,15,2.4194,LOCAL_BEST,1,777,7478,72233,23943,165,86,0,1744.1860,0.0000,0,0,0,0,0,0
n012w8-0,n012w8,0,5,500000,100.0,adaptive,2026-07-04T12:13:59+01:00,1,1,3,45719,79,28.273788,640,660,640,20,3.0303,LOCAL_BEST,0,777,7436,74108,25021,166,1196,-47,167.2241,0.0000,0,0,0,0,0,0
n012w8-0,n012w8,0,5,500000,100.0,adaptive,2026-07-04T12:13:59+01:00,1,1,3,45723,79,28.270663,625,640,625,15,2.3438,LOCAL_BEST,0,777,7436,74112,25024,167,4,0,37500.0000,0.0000,0,0,0,0,0,0
n012w8-0,n012w8,0,5,500000,100.0,adaptive,2026-07-04T12:13:59+01:00,1,1,3,46239,79,27.870451,620,625,620,5,0.8000,LOCAL_BEST,0,777,7461,74912,25425,168,516,0,96.8992,0.0000,0,0,0,0,0,0
n012w8-0,n012w8,0,5,500000,100.0,adaptive,2026-07-04T12:13:59+01:00,1,1,3,47084,81,27.227264,580,620,580,40,6.4516,LOCAL_BEST,0,777,7508,76134,26089,169,845,2,473.3728,20000.0000,0,0,0,0,0,0
n012w8-0,n012w8,0,5,500000,100.0,adaptive,2026-07-04T12:13:59+01:00,1,4,3,47781,131,26.707916,590,605,590,15,2.4793,LOCAL_BEST,1,777,7714,77134,26398,170,697,50,215.2080,300.0000,0,0,0,0,0,0
n012w8-0,n012w8,0,5,500000,100.0,adaptive,2026-07-04T12:13:59+01:00,1,4,3,47803,131,26.691686,585,590,585,5,0.8475,LOCAL_BEST,1,777,7715,77166,26416,171,22,0,2272.7273,0.0000,0,0,0,0,0,0
n012w8-0,n012w8,0,5,500000,100.0,adaptive,2026-07-04T12:13:59+01:00,1,4,3,47805,131,26.690211,555,585,555,30,5.1282,LOCAL_BEST,1,777,7715,77168,26417,172,2,0,150000.0000,0.0000,0,0,0,0,0,0
n012w8-0,n012w8,0,5,500000,100.0,adaptive,2026-07-04T12:13:59+01:00,1,4,3,48051,131,26.509406,540,555,540,15,2.7027,LOCAL_BEST,1,777,7724,77570,26628,173,246,0,609.7561,0.0000,0,0,0,0,0,0
n012w8-0,n012w8,0,5,500000,100.0,adaptive,2026-07-04T12:13:59+01:00,1,2,3,49899,84,0.000000,735,740,735,5,0.6757,LOCAL_BEST,0,777,0,80832,28889,174,1848,-47,27.0563,0.0000,0,0,0,0,0,0
n012w8-0,n012w8,0,5,500000,100.0,adaptive,2026-07-04T12:13:59+01:00,1,2,3,51259,86,0.000000,725,735,725,10,1.3605,LOCAL_BEST,0,777,0,82911,29928,175,1360,2,73.5294,5000.0000,0,0,0,0,0,0
n012w8-0,n012w8,0,5,500000,100.0,adaptive,2026-07-04T12:13:59+01:00,1,2,3,51885,87,0.000000,695,725,695,30,4.1379,LOCAL_BEST,0,777,0,83840,30395,176,626,1,479.2332,30000.0000,0,0,0,0,0,0
n012w8-0,n012w8,0,5,500000,100.0,adaptive,2026-07-04T12:13:59+01:00,1,2,3,51886,87,0.000000,680,695,680,15,2.1583,LOCAL_BEST,0,777,0,83841,30395,177,1,0,150000.0000,0.0000,0,0,0,0,0,0
n012w8-0,n012w8,0,5,500000,100.0,adaptive,2026-07-04T12:13:59+01:00,1,5,3,52293,130,0.000000,480,485,480,5,1.0309,LOCAL_BEST,1,777,0,78186,44582,178,407,43,122.8501,116.2791,0,0,0,0,0,0
n012w8-0,n012w8,0,5,500000,100.0,adaptive,2026-07-04T12:13:59+01:00,1,1,3,55174,94,21.773287,545,580,545,35,6.0345,LOCAL_BEST,0,777,8010,88622,32429,179,2881,-36,121.4856,0.0000,0,0,0,0,0,0
n012w8-0,n012w8,0,5,500000,100.0,adaptive,2026-07-04T12:13:59+01:00,1,2,3,55534,94,0.000000,640,680,640,40,5.8824,LOCAL_BEST,0,777,0,89561,33276,180,360,0,1111.1111,0.0000,0,0,0,0,0,0
n012w8-0,n012w8,0,5,500000,100.0,adaptive,2026-07-04T12:13:59+01:00,1,2,3,55893,95,0.000000,635,640,635,5,0.7812,LOCAL_BEST,0,777,0,90206,33541,181,359,1,139.2758,5000.0000,0,0,0,0,0,0
n012w8-0,n012w8,0,5,500000,100.0,adaptive,2026-07-04T12:13:59+01:00,1,4,3,59067,152,19.552757,475,540,475,65,12.0370,LOCAL_BEST,1,777,8323,93921,35598,182,3174,57,204.7889,1140.3509,0,0,0,0,0,0
n012w8-0,n012w8,0,5,500000,100.0,adaptive,2026-07-04T12:13:59+01:00,1,1,3,59375,100,19.387062,515,545,515,30,5.5046,LOCAL_BEST,0,777,8163,95014,36052,183,308,-52,974.0260,0.0000,0,0,0,0,0,0
n012w8-0,n012w8,0,5,500000,100.0,adaptive,2026-07-04T12:13:59+01:00,1,1,3,59400,100,19.373675,485,515,485,30,5.8252,GLOBAL_BEST,0,777,8163,95065,36076,184,25,0,12000.0000,0.0000,0,0,0,0,0,0
n012w8-0,n012w8,0,5,500000,100.0,adaptive,2026-07-04T12:13:59+01:00,1,4,3,59899,154,19.108386,460,475,460,15,3.1579,LOCAL_BEST,1,777,8358,95113,36290,185,499,54,300.6012,277.7778,0,0,0,0,0,0
n012w8-0,n012w8,0,5,500000,100.0,adaptive,2026-07-04T12:13:59+01:00,1,7,3,60881,208,18.596876,470,485,470,15,3.0928,LOCAL_BEST,2,777,8182,98049,37249,186,982,54,152.7495,277.7778,0,0,0,0,0,0
n012w8-0,n012w8,0,5,500000,100.0,adaptive,2026-07-04T12:13:59+01:00,1,2,3,61166,103,0.000000,620,635,620,15,2.3622,LOCAL_BEST,0,777,0,98433,37868,187,285,-105,526.3158,0.0000,0,0,0,0,0,0
n012w8-0,n012w8,0,5,500000,100.0,adaptive,2026-07-04T12:13:59+01:00,1,7,3,61196,208,18.435716,455,470,455,15,3.1915,LOCAL_BEST,2,777,8190,98462,37522,188,30,105,5000.0000,142.8571,0,0,0,0,0,0
n012w8-0,n012w8,0,5,500000,100.0,adaptive,2026-07-04T12:13:59+01:00,1,7,3,61202,208,18.432659,440,455,440,15,3.2967,LOCAL_BEST,2,777,8190,98477,37526,189,6,0,25000.0000,0.0000,0,0,0,0,0,0
n012w8-0,n012w8,0,5,500000,100.0,adaptive,2026-07-04T12:13:59+01:00,1,5,3,63275,149,0.000000,455,480,455,25,5.2083,LOCAL_BEST,1,777,0,94012,54618,190,2073,-59,120.5982,0.0000,0,0,0,0,0,0
n012w8-0,n012w8,0,5,500000,100.0,adaptive,2026-07-04T12:13:59+01:00,1,4,3,65550,166,16.346019,455,460,455,5,1.0870,LOCAL_BEST,1,777,8553,103439,41093,191,2275,17,21.9780,294.1176,0,0,0,0,0,0
n012w8-0,n012w8,0,5,500000,100.0,adaptive,2026-07-04T12:13:59+01:00,1,1,3,66150,112,16.077259,475,485,475,10,2.0619,GLOBAL_BEST,0,777,8369,105633,41894,192,600,-54,166.6667,0.0000,0,0,0,0,0,0
n012w8-0,n012w8,0,5,500000,100.0,adaptive,2026-07-04T12:13:59+01:00,1,2,3,66931,112,0.000000,600,620,600,20,3.2258,LOCAL_BEST,0,777,0,106965,42612,193,781,0,256.0819,0.0000,0,0,0,0,0,0
n012w8-0,n012w8,0,5,500000,100.0,adaptive,2026-07-04T12:13:59+01:00,1,1,3,67952,115,15.296357,470,475,470,5,1.0526,GLOBAL_BEST,0,777,8408,108603,43480,194,1021,3,48.9716,1666.6667,0,0,0,0,0,0
n012w8-0,n012w8,0,5,500000,100.0,adaptive,2026-07-04T12:13:59+01:00,1,1,3,70355,119,14.313703,450,470,450,20,4.2553,GLOBAL_BEST,0,777,8445,112428,45637,195,2403,4,83.2293,5000.0000,0,0,0,0,0,0
n012w8-0,n012w8,0,5,500000,100.0,adaptive,2026-07-04T12:13:59+01:00,1,1,3,71034,120,14.047660,440,450,440,10,2.2222,GLOBAL_BEST,0,777,8459,113497,46245,196,679,1,147.2754,10000.0000,0,0,0,0,0,0
n012w8-0,n012w8,0,5,500000,100.0,adaptive,2026-07-04T12:13:59+01:00,1,4,3,72757,182,13.394546,445,455,445,10,2.1978,LOCAL_BEST,1,777,8710,113956,47499,197,1723,62,58.0383,161.2903,0,0,0,0,0,0
n012w8-0,n012w8,0,5,500000,100.0,adaptive,2026-07-04T12:13:59+01:00,1,2,3,73926,122,0.000000,575,600,575,25,4.1667,LOCAL_BEST,0,777,0,117689,48549,198,1169,-60,213.8580,0.0000,0,0,0,0,0,0
n012w8-0,n012w8,0,5,500000,100.0,adaptive,2026-07-04T12:13:59+01:00,1,2,3,74955,124,0.000000,570,575,570,5,0.8696,LOCAL_BEST,0,777,0,119267,49396,199,1029,2,48.5909,2500.0000,0,0,0,0,0,0
n012w8-0,n012w8,0,5,500000,100.0,adaptive,2026-07-04T12:13:59+01:00,1,2,3,76538,126,0.000000,560,570,560,10,1.7544,LOCAL_BEST,0,777,0,121809,50769,200,1583,2,63.1712,5000.0000,0,0,0,0,0,0
n012w8-0,n012w8,0,5,500000,100.0,adaptive,2026-07-04T12:13:59+01:00,1,2,3,77639,128,0.000000,550,560,550,10,1.7857,LOCAL_BEST,0,777,0,123606,51704,201,1101,2,90.8265,5000.0000,0,0,0,0,0,0
n012w8-0,n012w8,0,5,500000,100.0,adaptive,2026-07-04T12:13:59+01:00,1,2,3,78369,129,0.000000,545,550,545,5,0.9091,LOCAL_BEST,0,777,0,124750,52338,202,730,1,68.4932,5000.0000,0,0,0,0,0,0
n012w8-0,n012w8,0,5,500000,100.0,adaptive,2026-07-04T12:13:59+01:00,1,2,3,78376,129,0.000000,530,545,530,15,2.7523,LOCAL_BEST,0,777,0,124761,52341,203,7,0,21428.5714,0.0000,0,0,0,0,0,0
n012w8-0,n012w8,0,5,500000,100.0,adaptive,2026-07-04T12:13:59+01:00,1,2,3,80507,133,0.000000,525,530,525,5,0.9434,LOCAL_BEST,0,777,0,128255,54190,204,2131,4,23.4632,1250.0000,0,0,0,0,0,0
n012w8-0,n012w8,0,5,500000,100.0,adaptive,2026-07-04T12:13:59+01:00,1,4,3,82593,198,10.206950,440,445,440,5,1.1236,LOCAL_BEST,1,777,8815,128631,56531,205,2086,65,23.9693,76.9231,0,0,0,0,0,0
n012w8-0,n012w8,0,5,500000,100.0,adaptive,2026-07-04T12:13:59+01:00,1,2,3,82858,136,0.000000,515,525,515,10,1.9048,LOCAL_BEST,0,777,0,131729,56270,206,265,-62,377.3585,0.0000,0,0,0,0,0,0
n012w8-0,n012w8,0,5,500000,100.0,adaptive,2026-07-04T12:13:59+01:00,1,2,3,84232,139,0.000000,505,515,505,10,1.9417,LOCAL_BEST,0,777,0,133756,57470,207,1374,3,72.7802,3333.3333,0,0,0,0,0,0
n012w8-0,n012w8,0,5,500000,100.0,adaptive,2026-07-04T12:13:59+01:00,1,2,3,86414,142,0.000000,485,505,485,20,3.9604,LOCAL_BEST,0,777,0,137022,59299,208,2182,3,91.6590,6666.6667,0,0,0,0,0,0
n012w8-0,n012w8,0,5,500000,100.0,adaptive,2026-07-04T12:13:59+01:00,1,2,3,93118,157,0.000000,470,485,470,15,3.0928,LOCAL_BEST,0,777,0,146878,65282,209,6704,15,22.3747,1000.0000,0,0,0,0,0,0
n012w8-0,n012w8,0,5,500000,100.0,adaptive,2026-07-04T12:13:59+01:00,1,2,3,94127,158,0.000000,455,470,455,15,3.1915,LOCAL_BEST,0,777,0,148411,66178,210,1009,1,148.6620,15000.0000,0,0,0,0,0,0
n012w8-0,n012w8,0,5,500000,100.0,adaptive,2026-07-04T12:13:59+01:00,1,2,3,94687,159,0.000000,445,455,445,10,2.1978,LOCAL_BEST,0,777,0,149301,66658,211,560,1,178.5714,10000.0000,0,0,0,0,0,0
n012w8-0,n012w8,0,5,500000,100.0,adaptive,2026-07-04T12:13:59+01:00,1,3,3,110293,212,0.000000,1400,1420,1400,20,1.4085,LOCAL_BEST,0,777,41994,196885,4296,212,15606,53,12.8156,377.3585,0,0,0,0,0,0
n012w8-0,n012w8,0,5,500000,100.0,adaptive,2026-07-04T12:13:59+01:00,1,2,3,117325,193,0.000000,440,445,440,5,1.1236,LOCAL_BEST,0,777,0,182462,86746,213,7032,-19,7.1104,0.0000,0,0,0,0,0,0
n012w8-0,n012w8,0,5,500000,100.0,adaptive,2026-07-04T12:13:59+01:00,1,2,3,119549,196,0.000000,415,440,415,25,5.6818,GLOBAL_BEST,0,777,0,185741,88685,214,2224,3,112.4101,8333.3333,0,0,0,0,0,0
n012w8-0,n012w8,0,5,500000,100.0,adaptive,2026-07-04T12:13:59+01:00,1,1,3,121034,202,3.528515,455,440,440,0,0.0000,REHEAT,0,777,8752,189702,92246,215,1485,6,0.0000,0.0000,0,0,0,0,0,0
n012w8-0,n012w8,0,5,500000,100.0,adaptive,2026-07-04T12:13:59+01:00,1,1,3,171034,290,25.118864,910,440,440,0,0.0000,REHEAT,0,777,16659,270451,120346,216,50000,88,0.0000,0.0000,0,0,0,0,0,0
n012w8-0,n012w8,0,5,500000,100.0,adaptive,2026-07-04T12:13:59+01:00,1,1,3,221034,385,25.118864,685,440,440,0,0.0000,REHEAT,0,777,24352,352138,148756,217,50000,95,0.0000,0.0000,0,0,0,0,0,0
n012w8-0,n012w8,0,5,500000,100.0,adaptive,2026-07-04T12:13:59+01:00,1,1,3,271034,483,25.118864,750,440,440,0,0.0000,REHEAT,0,777,32021,433338,177117,218,50000,98,0.0000,0.0000,0,0,0,0,0,0
n012w8-0,n012w8,0,5,500000,100.0,adaptive,2026-07-04T12:13:59+01:00,1,3,3,286844,588,0.000000,1340,1400,1340,60,4.2857,LOCAL_BEST,0,777,109220,513187,11284,219,15810,105,37.9507,571.4286,0,0,0,0,0,0
n012w8-0,n012w8,0,5,500000,100.0,adaptive,2026-07-04T12:13:59+01:00,1,1,3,321034,597,25.118864,655,440,440,0,0.0000,REHEAT,0,777,39737,513200,205276,220,34190,9,0.0000,0.0000,0,0,0,0,0,0
n012w8-0,n012w8,0,5,500000,100.0,adaptive,2026-07-04T12:13:59+01:00,1,1,3,371034,696,25.118864,875,440,440,0,0.0000,REHEAT,0,777,47432,594353,233540,221,50000,99,0.0000,0.0000,0,0,0,0,0,0
n012w8-0,n012w8,0,5,500000,100.0,adaptive,2026-07-04T12:13:59+01:00,1,1,3,421034,785,25.118864,700,440,440,0,0.0000,REHEAT,0,777,55231,675973,261722,222,50000,89,0.0000,0.0000,0,0,0,0,0,0
n012w8-0,n012w8,0,5,500000,100.0,adaptive,2026-07-04T12:13:59+01:00,1,1,3,471034,891,25.118864,850,440,440,0,0.0000,REHEAT,0,777,63110,756360,289635,223,50000,106,0.0000,0.0000,0,0,0,0,0,0
n012w8-0,n012w8,0,5,500000,100.0,adaptive,2026-07-04T12:13:59+01:00,2,1,8,1,1,100.000000,3575,3725,3575,150,4.0268,GLOBAL_BEST,0,123,0,0,0,1,1,1,1500000.0000,150000.0000,0,0,0,0,0,0
n012w8-0,n012w8,0,5,500000,100.0,adaptive,2026-07-04T12:13:59+01:00,2,2,8,2,1,0.000000,3605,3725,3605,120,3.2215,LOCAL_BEST,0,123,0,2,1,2,1,0,1200000.0000,0.0000,0,0,0,0,0,0
n012w8-0,n012w8,0,5,500000,100.0,adaptive,2026-07-04T12:13:59+01:00,2,3,8,2,1,0.000000,3425,3725,3425,300,8.0537,LOCAL_BEST,0,123,0,1,0,3,0,0,0.0000,0.0000,0,0,0,0,0,0
n012w8-0,n012w8,0,5,500000,100.0,adaptive,2026-07-04T12:13:59+01:00,2,2,8,3,1,0.000000,3395,3605,3395,210,5.8252,GLOBAL_BEST,0,123,0,2,1,4,1,0,2100000.0000,0.0000,0,0,0,0,0,0
n012w8-0,n012w8,0,5,500000,100.0,adaptive,2026-07-04T12:13:59+01:00,2,3,8,3,1,0.000000,3275,3425,3275,150,4.3796,LOCAL_BEST,0,123,0,7,0,5,0,0,0.0000,0.0000,0,0,0,0,0,0
n012w8-0,n012w8,0,5,500000,100.0,adaptive,2026-07-04T12:13:59+01:00,2,2,8,4,1,0.000000,3200,3395,3200,195,5.7437,GLOBAL_BEST,0,123,0,6,1,6,1,0,1950000.0000,0.0000,0,0,0,0,0,0
n012w8-0,n012w8,0,5,500000,100.0,adaptive,2026-07-04T12:13:59+01:00,2,3,8,5,1,0.000000,3260,3275,3260,15,0.4580,LOCAL_BEST,0,123,0,11,0,7,1,0,150000.0000,0.0000,0,0,0,0,0,0
n012w8-0,n012w8,0,5,500000,100.0,adaptive,2026-07-04T12:13:59+01:00,2,5,8,7,58,0.000000,630,720,630,90,12.5000,LOCAL_BEST,1,123,0,10,6,8,2,57,450000.0000,1578.9474,0,0,0,0,0,0
n012w8-0,n012w8,0,5,500000,100.0,adaptive,2026-07-04T12:13:59+01:00,2,1,8,9,1,99.977898,3395,3575,3395,180,5.0350,LOCAL_BEST,0,123,1,11,0,9,2,-57,900000.0000,0.0000,0,0,0,0,0,0
n012w8-0,n012w8,0,5,500000,100.0,adaptive,2026-07-04T12:13:59+01:00,2,2,8,9,1,0.000000,3160,3200,3160,40,1.2500,GLOBAL_BEST,0,123,0,11,1,10,0,0,0.0000,0.0000,0,0,0,0,0,0
n012w8-0,n012w8,0,5,500000,100.0,adaptive,2026-07-04T12:13:59+01:00,2,3,8,9,1,0.000000,3110,3260,3110,150,4.6012,GLOBAL_BEST,0,123,0,15,0,11,0,0,0.0000,0.0000,0,0,0,0,0,0
n012w8-0,n012w8,0,5,500000,100.0,adaptive,2026-07-04T12:13:59+01:00,2,3,8,10,1,0.000000,3085,3110,3085,25,0.8039,GLOBAL_BEST,0,123,0,15,0,12,1,0,250000.0000,0.0000,0,0,0,0,0,0
n012w8-0,n012w8,0,5,500000,100.0,adaptive,2026-07-04T12:13:59+01:00,2,1,8,11,1,99.972373,3305,3395,3305,90,2.6510,LOCAL_BEST,0,123,1,12,0,13,1,0,900000.0000,0.0000,0,0,0,0,0,0
n012w8-0,n012w8,0,5,500000,100.0,adaptive,2026-07-04T12:13:59+01:00,2,1,8,13,1,99.966848,3155,3305,3155,150,4.5386,GLOBAL_BEST,0,123,1,14,0,14,2,0,750000.0000,0.0000,0,0,0,0,0,0
n012w8-0,n012w8,0,5,500000,100.0,adaptive,2026-07-04T12:13:59+01:00,2,3,8,13,1,0.000000,2950,3085,2950,135,4.3760,GLOBAL_BEST,0,123,0,20,0,15,0,0,0.0000,0.0000,0,0,0,0,0,0
n012w8-0,n012w8,0,5,500000,100.0,adaptive,2026-07-04T12:13:59+01:00,2,3,8,14,1,0.000000,2910,2950,2910,40,1.3559,LOCAL_BEST,0,123,0,24,0,16,1,0,400000.0000,0.0000,0,0,0,0,0,0
n012w8-0,n012w8,0,5,500000,100.0,adaptive,2026-07-04T12:13:59+01:00,2,3,8,15,1,0.000000,2880,2910,2880,30,1.0309,GLOBAL_BEST,0,123,0,24,0,17,1,0,300000.0000,0.0000,0,0,0,0,0,0
n012w8-0,n012w8,0,5,500000,100.0,adaptive,2026-07-04T12:13:59+01:00,2,1,8,16,1,99.958562,3145,3155,3145,10,0.3170,GLOBAL_BEST,0,123,1,21,0,18,1,0,100000.0000,0.0000,0,0,0,0,0,0
n012w8-0,n012w8,0,5,500000,100.0,adaptive,2026-07-04T12:13:59+01:00,2,3,8,16,1,0.000000,2700,2880,2700,180,6.2500,GLOBAL_BEST,0,123,0,25,0,19,0,0,0.0000,0.0000,0,0,0,0,0,0
n012w8-0,n012w8,0,5,500000,100.0,adaptive,2026-07-04T12:13:59+01:00,2,2,8,19,1,0.000000,3120,3160,3120,40,1.2658,LOCAL_BEST,0,123,0,27,1,20,3,0,133333.3333,0.0000,0,0,0,0,0,0
n012w8-0,n012w8,0,5,500000,100.0,adaptive,2026-07-04T12:13:59+01:00,2,1,8,20,1,99.947515,3070,3145,3070,75,2.3847,GLOBAL_BEST,0,123,1,25,3,21,1,0,750000.0000,0.0000,0,0,0,0,0,0
n012w8-0,n012w8,0,5,500000,100.0,adaptive,2026-07-04T12:13:59+01:00,2,1,8,21,1,99.944753,2890,3070,2890,180,5.8632,GLOBAL_BEST,0,123,1,27,3,22,1,0,1800000.0000,0.0000,0,0,0,0,0,0
n012w8-0,n012w8,0,5,500000,100.0,adaptive,2026-07-04T12:13:59+01:00,2,2,8,22,1,0.000000,3110,3120,3110,10,0.3205,LOCAL_BEST,0,123,0,35,1,23,1,0,100000.0000,0.0000,0,0,0,0,0,0
n012w8-0,n012w8,0,5,500000,100.0,adaptive,2026-07-04T12:13:59+01:00,2,2,8,24,1,0.000000,3005,3110,3005,105,3.3762,LOCAL_BEST,0,123,0,38,1,24,2,0,525000.0000,0.0000,0,0,0,0,0,0
n012w8-0,n012w8,0,5,500000,100.0,adaptive,2026-07-04T12:13:59+01:00,2,3,8,24,1,0.000000,2640,2700,2640,60,2.2222,LOCAL_BEST,0,123,5,32,0,25,0,0,0.0000,0.0000,0,0,0,0,0,0
n012w8-0,n012w8,0,5,500000,100.0,adaptive,2026-07-04T12:13:59+01:00,2,3,8,25,1,0.000000,2625,2640,2625,15,0.5682,LOCAL_BEST,0,123,5,33,0,26,1,0,150000.0000,0.0000,0,0,0,0,0,0
n012w8-0,n012w8,0,5,500000,100.0,adaptive,2026-07-04T12:13:59+01:00,2,3,8,26,1,0.000000,2595,2625,2595,30,1.1429,LOCAL_BEST,0,123,5,33,0,27,1,0,300000.0000,0.0000,0,0,0,0,0,0
n012w8-0,n012w8,0,5,500000,100.0,adaptive,2026-07-04T12:13:59+01:00,2,1,8,28,1,99.925424,2830,2890,2830,60,2.0761,LOCAL_BEST,0,123,5,33,3,28,2,0,300000.0000,0.0000,0,0,0,0,0,0
n012w8-0,n012w8,0,5,500000,100.0,adaptive,2026-07-04T12:13:59+01:00,2,2,8,29,1,0.000000,2985,3005,2985,20,0.6656,LOCAL_BEST,0,123,0,56,1,29,1,0,200000.0000,0.0000,0,0,0,0,0,0
n012w8-0,n012w8,0,5,500000,100.0,adaptive,2026-07-04T12:13:59+01:00,2,1,8,30,1,99.919902,2800,2830,2800,30,1.0601,LOCAL_BEST,0,123,5,38,3,30,1,0,300000.0000,0.0000,0,0,0,0,0,0
n012w8-0,n012w8,0,5,500000,100.0,adaptive,2026-07-04T12:13:59+01:00,2,3,8,32,1,0.000000,2490,2595,2490,105,4.0462,LOCAL_BEST,0,123,8,51,1,31,2,0,525000.0000,0.0000,0,0,0,0,0,0
n012w8-0,n012w8,0,5,500000,100.0,adaptive,2026-07-04T12:13:59+01:00,2,2,8,33,1,0.000000,2865,2985,2865,120,4.0201,LOCAL_BEST,0,123,0,63,1,32,1,0,1200000.0000,0.0000,0,0,0,0,0,0
n012w8-0,n012w8,0,5,500000,100.0,adaptive,2026-07-04T12:13:59+01:00,2,1,8,33,1,99.911620,2740,2800,2740,60,2.1429,LOCAL_BEST,0,123,5,48,5,33,0,0,0.0000,0.0000,0,0,0,0,0,0
n012w8-0,n012w8,0,5,500000,100.0,adaptive,2026-07-04T12:13:59+01:00,2,2,8,34,1,0.000000,2625,2865,2625,240,8.3770,GLOBAL_BEST,0,123,0,64,1,34,1,0,2400000.0000,0.0000,0,0,0,0,0,0
n012w8-0,n012w8,0,5,500000,100.0,adaptive,2026-07-04T12:13:59+01:00,2,1,8,34,1,99.908859,2620,2740,2620,120,4.3796,LOCAL_BEST,0,123,5,49,5,35,0,0,0.0000,0.0000,0,0,0,0,0,0
n012w8-0,n012w8,0,5,500000,100.0,adaptive,2026-07-04T12:13:59+01:00,2,3,8,34,1,0.000000,2415,2490,2415,75,3.0120,LOCAL_BEST,0,123,9,51,1,36,0,0,0.0000,0.0000,0,0,0,0,0,0
n012w8-0,n012w8,0,5,500000,100.0,adaptive,2026-07-04T12:13:59+01:00,2,2,8,35,1,0.000000,2505,2625,2505,120,4.5714,GLOBAL_BEST,0,123,0,65,1,37,1,0,1200000.0000,0.0000,0,0,0,0,0,0
n012w8-0,n012w8,0,5,500000,100.0,adaptive,2026-07-04T12:13:59+01:00,2,1,8,35,1,99.906099,2575,2620,2575,45,1.7176,LOCAL_BEST,0,123,5,49,5,38,0,0,0.0000,0.0000,0,0,0,0,0,0
n012w8-0,n012w8,0,5,500000,100.0,adaptive,2026-07-04T12:13:59+01:00,2,3,8,41,1,0.000000,2270,2415,2270,145,6.0041,GLOBAL_BEST,0,123,10,63,2,39,6,0,241666.6667,0.0000,0,0,0,0,0,0
n012w8-0,n012w8,0,5,500000,100.0,adaptive,2026-07-04T12:13:59+01:00,2,1,8,42,1,99.886777,2450,2575,2450,125,4.8544,GLOBAL_BEST,0,123,7,50,6,40,1,0,1250000.0000,0.0000,0,0,0,0,0,0
n012w8-0,n012w8,0,5,500000,100.0,adaptive,2026-07-04T12:13:59+01:00,2,2,8,43,1,0.000000,2485,2505,2485,20,0.7984,GLOBAL_BEST,0,123,0,80,1,41,1,0,200000.0000,0.0000,0,0,0,0,0,0
n012w8-0,n012w8,0,5,500000,100.0,adaptive,2026-07-04T12:13:59+01:00,2,1,8,43,1,99.884017,2390,2450,2390,60,2.4490,GLOBAL_BEST,0,123,7,51,6,42,0,0,0.0000,0.0000,0,0,0,0,0,0
n012w8-0,n012w8,0,5,500000,100.0,adaptive,2026-07-04T12:13:59+01:00,2,2,8,45,1,0.000000,2455,2485,2455,30,1.2072,LOCAL_BEST,0,123,0,84,1,43,2,0,150000.0000,0.0000,0,0,0,0,0,0
n012w8-0,n012w8,0,5,500000,100.0,adaptive,2026-07-04T12:13:59+01:00,2,8,8,45,108,0.000000,380,410,380,30,7.3171,LOCAL_BEST,3,123,0,62,43,44,0,107,0.0000,280.3738,0,0,0,0,0,0
n012w8-0,n012w8,0,5,500000,100.0,adaptive,2026-07-04T12:13:59+01:00,2,2,8,49,1,0.000000,2395,2455,2395,60,2.4440,LOCAL_BEST,0,123,0,89,1,45,4,-107,150000.0000,0.0000,0,0,0,0,0,0
n012w8-0,n012w8,0,5,500000,100.0,adaptive,2026-07-04T12:13:59+01:00,2,2,8,51,1,0.000000,2365,2395,2365,30,1.2526,GLOBAL_BEST,0,123,0,90,1,46,2,0,150000.0000,0.0000,0,0,0,0,0,0
n012w8-0,n012w8,0,5,500000,100.0,adaptive,2026-07-04T12:13:59+01:00,2,2,8,52,1,0.000000,2350,2365,2350,15,0.6342,GLOBAL_BEST,0,123,0,91,1,47,1,0,150000.0000,0.0000,0,0,0,0,0,0
n012w8-0,n012w8,0,5,500000,100.0,adaptive,2026-07-04T12:13:59+01:00,2,1,8,53,1,99.856422,2350,2390,2350,40,1.6736,LOCAL_BEST,0,123,10,78,6,48,1,0,400000.0000,0.0000,0,0,0,0,0,0
n012w8-0,n012w8,0,5,500000,100.0,adaptive,2026-07-04T12:13:59+01:00,2,1,8,54,1,99.853663,2300,2350,2300,50,2.1277,LOCAL_BEST,0,123,10,80,6,49,1,0,500000.0000,0.0000,0,0,0,0,0,0
n012w8-0,n012w8,0,5,500000,100.0,adaptive,2026-07-04T12:13:59+01:00,2,1,8,55,1,99.850904,2240,2300,2240,60,2.6087,GLOBAL_BEST,0,123,10,87,6,50,1,0,600000.0000,0.0000,0,0,0,0,0,0
n012w8-0,n012w8,0,5,500000,100.0,adaptive,2026-07-04T12:13:59+01:00,2,1,8,56,1,99.848145,2090,2240,2090,150,6.6964,GLOBAL_BEST,0,123,10,87,6,51,1,0,1500000.0000,0.0000,0,0,0,0,0,0
n012w8-0,n012w8,0,5,500000,100.0,adaptive,2026-07-04T12:13:59+01:00,2,2,8,57,1,0.000000,2340,2350,2340,10,0.4255,LOCAL_BEST,0,123,0,104,1,52,1,0,100000.0000,0.0000,0,0,0,0,0,0
n012w8-0,n012w8,0,5,500000,100.0,adaptive,2026-07-04T12:13:59+01:00,2,2,8,58,1,0.000000,2295,2340,2295,45,1.9231,LOCAL_BEST,0,123,0,106,1,53,1,0,450000.0000,0.0000,0,0,0,0,0,0
n012w8-0,n012w8,0,5,500000,100.0,adaptive,2026-07-04T12:13:59+01:00,2,2,8,60,1,0.000000,2265,2295,2265,30,1.3072,LOCAL_BEST,0,123,0,111,1,54,2,0,150000.0000,0.0000,0,0,0,0,0,0
n012w8-0,n012w8,0,5,500000,100.0,adaptive,2026-07-04T12:13:59+01:00,2,1,8,60,1,99.837110,2060,2090,2060,30,1.4354,GLOBAL_BEST,0,123,10,95,9,55,0,0,0.0000,0.0000,0,0,0,0,0,0
n012w8-0,n012w8,0,5,500000,100.0,adaptive,2026-07-04T12:13:59+01:00,2,1,8,61,1,99.834351,2050,2060,2050,10,0.4854,GLOBAL_BEST,0,123,10,96,9,56,1,0,100000.0000,0.0000,0,0,0,0,0,0
n012w8-0,n012w8,0,5,500000,100.0,adaptive,2026-07-04T12:13:59+01:00,2,3,8,65,1,0.000000,2205,2270,2205,65,2.8634,LOCAL_BEST,0,123,19,110,2,57,4,0,162500.0000,0.0000,0,0,0,0,0,0
n012w8-0,n012w8,0,5,500000,100.0,adaptive,2026-07-04T12:13:59+01:00,2,1,8,66,1,99.820560,1885,2050,1885,165,8.0488,GLOBAL_BEST,0,123,11,106,12,58,1,0,1650000.0000,0.0000,0,0,0,0,0,0
n012w8-0,n012w8,0,5,500000,100.0,adaptive,2026-07-04T12:13:59+01:00,2,3,8,66,1,0.000000,2175,2205,2175,30,1.3605,LOCAL_BEST,0,123,19,110,2,59,0,0,0.0000,0.0000,0,0,0,0,0,0
n012w8-0,n012w8,0,5,500000,100.0,adaptive,2026-07-04T12:13:59+01:00,2,3,8,68,1,0.000000,1965,2175,1965,210,9.6552,LOCAL_BEST,0,123,20,110,2,60,2,0,1050000.0000,0.0000,0,0,0,0,0,0
n012w8-0,n012w8,0,5,500000,100.0,adaptive,2026-07-04T12:13:59+01:00,2,3,8,71,1,0.000000,1905,1965,1905,60,3.0534,LOCAL_BEST,0,123,21,122,2,61,3,0,200000.0000,0.0000,0,0,0,0,0,0
n012w8-0,n012w8,0,5,500000,100.0,adaptive,2026-07-04T12:13:59+01:00,2,3,8,72,1,0.000000,1815,1905,1815,90,4.7244,LOCAL_BEST,0,123,21,127,2,62,1,0,900000.0000,0.0000,0,0,0,0,0,0
n012w8-0,n012w8,0,5,500000,100.0,adaptive,2026-07-04T12:13:59+01:00,2,1,8,75,1,99.795739,1835,1885,1835,50,2.6525,GLOBAL_BEST,0,123,13,120,17,63,3,0,166666.6667,0.0000,0,0,0,0,0,0
n012w8-0,n012w8,0,5,500000,100.0,adaptive,2026-07-04T12:13:59+01:00,2,1,8,77,1,99.790225,1790,1835,1790,45,2.4523,GLOBAL_BEST,0,123,13,124,18,64,2,0,225000.0000,0.0000,0,0,0,0,0,0
n012w8-0,n012w8,0,5,500000,100.0,adaptive,2026-07-04T12:13:59+01:00,2,1,8,80,1,99.781953,1775,1790,1775,15,0.8380,GLOBAL_BEST,0,123,13,133,19,65,3,0,50000.0000,0.0000,0,0,0,0,0,0
n012w8-0,n012w8,0,5,500000,100.0,adaptive,2026-07-04T12:13:59+01:00,2,2,8,93,1,0.000000,2130,2265,2130,135,5.9603,LOCAL_BEST,0,123,0,161,1,66,13,0,103846.1538,0.0000,0,0,0,0,0,0
n012w8-0,n012w8,0,5,500000,100.0,adaptive,2026-07-04T12:13:59+01:00,2,1,8,97,1,99.735094,1745,1775,1745,30,1.6901,GLOBAL_BEST,0,123,17,159,25,67,4,0,75000.0000,0.0000,0,0,0,0,0,0
n012w8-0,n012w8,0,5,500000,100.0,adaptive,2026-07-04T12:13:59+01:00,2,1,8,98,1,99.732338,1715,1745,1715,30,1.7192,GLOBAL_BEST,0,123,17,162,25,68,1,0,300000.0000,0.0000,0,0,0,0,0,0
n012w8-0,n012w8,0,5,500000,100.0,adaptive,2026-07-04T12:13:59+01:00,2,1,8,102,1,99.721316,1685,1715,1685,30,1.7493,GLOBAL_BEST,0,123,17,163,26,69,4,0,75000.0000,0.0000,0,0,0,0,0,0
n012w8-0,n012w8,0,5,500000,100.0,adaptive,2026-07-04T12:13:59+01:00,2,1,8,103,1,99.718560,1625,1685,1625,60,3.5608,GLOBAL_BEST,0,123,17,164,26,70,1,0,600000.0000,0.0000,0,0,0,0,0,0
n012w8-0,n012w8,0,5,500000,100.0,adaptive,2026-07-04T12:13:59+01:00,2,5,8,192,58,0.000000,615,630,615,15,2.3810,LOCAL_BEST,1,123,0,323,165,71,89,57,1685.3933,263.1579,0,0,0,0,0,0
n012w8-0,n012w8,0,5,500000,100.0,adaptive,2026-07-04T12:13:59+01:00,2,1,8,229,2,99.371993,1620,1625,1620,5,0.3077,GLOBAL_BEST,0,123,52,375,65,72,37,-56,1351.3514,0.0000,0,0,0,0,0,0
n012w8-0,n012w8,0,5,500000,100.0,adaptive,2026-07-04T12:13:59+01:00,2,1,8,234,2,99.358265,1575,1620,1575,45,2.7778,GLOBAL_BEST,0,123,53,387,67,73,5,0,90000.0000,0.0000,0,0,0,0,0,0
n012w8-0,n012w8,0,5,500000,100.0,adaptive,2026-07-04T12:13:59+01:00,2,2,8,236,2,0.000000,2030,2130,2030,100,4.6948,LOCAL_BEST,0,123,0,394,1,74,2,0,500000.0000,0.0000,0,0,0,0,0,0
n012w8-0,n012w8,0,5,500000,100.0,adaptive,2026-07-04T12:13:59+01:00,2,1,8,237,2,99.350029,1545,1575,1545,30,1.9048,GLOBAL_BEST,0,123,54,392,68,75,1,0,300000.0000,0.0000,0,0,0,0,0,0
n012w8-0,n012w8,0,5,500000,100.0,adaptive,2026-07-04T12:13:59+01:00,2,2,8,238,2,0.000000,2000,2030,2000,30,1.4778,LOCAL_BEST,0,123,0,401,1,76,1,0,300000.0000,0.0000,0,0,0,0,0,0
n012w8-0,n012w8,0,5,500000,100.0,adaptive,2026-07-04T12:13:59+01:00,2,2,8,239,2,0.000000,1970,2000,1970,30,1.5000,LOCAL_BEST,0,123,0,401,1,77,1,0,300000.0000,0.0000,0,0,0,0,0,0
n012w8-0,n012w8,0,5,500000,100.0,adaptive,2026-07-04T12:13:59+01:00,2,1,8,266,2,99.270452,1510,1545,1510,35,2.2654,GLOBAL_BEST,0,123,62,431,78,78,27,0,12962.9630,0.0000,0,0,0,0,0,0
n012w8-0,n012w8,0,5,500000,100.0,adaptive,2026-07-04T12:13:59+01:00,2,2,8,278,2,0.000000,1870,1970,1870,100,5.0761,LOCAL_BEST,0,123,0,452,1,79,12,0,83333.3333,0.0000,0,0,0,0,0,0
n012w8-0,n012w8,0,5,500000,100.0,adaptive,2026-07-04T12:13:59+01:00,2,5,8,280,58,0.000000,600,615,600,15,2.4390,LOCAL_BEST,1,123,0,454,235,80,2,56,75000.0000,267.8571,0,0,0,0,0,0
n012w8-0,n012w8,0,5,500000,100.0,adaptive,2026-07-04T12:13:59+01:00,2,1,8,281,2,99.229317,1480,1510,1480,30,1.9868,GLOBAL_BEST,0,123,64,462,86,81,1,-56,300000.0000,0.0000,0,0,0,0,0,0
n012w8-0,n012w8,0,5,500000,100.0,adaptive,2026-07-04T12:13:59+01:00,2,1,8,285,2,99.218350,1435,1480,1435,45,3.0405,GLOBAL_BEST,0,123,64,470,88,82,4,0,112500.0000,0.0000,0,0,0,0,0,0
n012w8-0,n012w8,0,5,500000,100.0,adaptive,2026-07-04T12:13:59+01:00,2,3,8,339,2,0.000000,1800,1815,1800,15,0.8264,LOCAL_BEST,0,123,122,600,18,83,54,0,2777.7778,0.0000,0,0,0,0,0,0
n012w8-0,n012w8,0,5,500000,100.0,adaptive,2026-07-04T12:13:59+01:00,2,3,8,340,2,0.000000,1635,1800,1635,165,9.1667,LOCAL_BEST,0,123,122,600,18,84,1,0,1650000.0000,0.0000,0,0,0,0,0,0
n012w8-0,n012w8,0,5,500000,100.0,adaptive,2026-07-04T12:13:59+01:00,2,3,8,341,2,0.000000,1575,1635,1575,60,3.6697,LOCAL_BEST,0,123,122,603,18,85,1,0,600000.0000,0.0000,0,0,0,0,0,0
n012w8-0,n012w8,0,5,500000,100.0,adaptive,2026-07-04T12:13:59+01:00,2,1,8,349,2,99.043049,1410,1435,1410,25,1.7422,GLOBAL_BEST,0,123,82,562,108,86,8,0,31250.0000,0.0000,0,0,0,0,0,0
n012w8-0,n012w8,0,5,500000,100.0,adaptive,2026-07-04T12:13:59+01:00,2,1,8,362,2,99.007478,1380,1410,1380,30,2.1277,GLOBAL_BEST,0,123,87,581,112,87,13,0,23076.9231,0.0000,0,0,0,0,0,0
n012w8-0,n012w8,0,5,500000,100.0,adaptive,2026-07-04T12:13:59+01:00,2,1,8,371,2,98.982860,1350,1380,1350,30,2.1739,GLOBAL_BEST,0,123,89,595,117,88,9,0,33333.3333,0.0000,0,0,0,0,0,0
n012w8-0,n012w8,0,5,500000,100.0,adaptive,2026-07-04T12:13:59+01:00,2,1,8,373,2,98.977391,1320,1350,1320,30,2.2222,GLOBAL_BEST,0,123,89,605,118,89,2,0,150000.0000,0.0000,0,0,0,0,0,0
n012w8-0,n012w8,0,5,500000,100.0,adaptive,2026-07-04T12:13:59+01:00,2,1,8,378,2,98.963717,1260,1320,1260,60,4.5455,GLOBAL_BEST,0,123,89,618,122,90,5,0,120000.0000,0.0000,0,0,0,0,0,0
n012w8-0,n012w8,0,5,500000,100.0,adaptive,2026-07-04T12:13:59+01:00,2,1,8,665,2,98.182028,1185,1260,1185,75,5.9524,GLOBAL_BEST,0,123,158,1084,229,91,287,0,2613.2404,0.0000,0,0,0,0,0,0
n012w8-0,n012w8,0,5,500000,100.0,adaptive,2026-07-04T12:13:59+01:00,2,1,8,693,2,98.106097,1100,1185,1100,85,7.1730,GLOBAL_BEST,0,123,166,1130,235,92,28,0,30357.1429,0.0000,0,0,0,0,0,0
n012w8-0,n012w8,0,5,500000,100.0,adaptive,2026-07-04T12:13:59+01:00,2,5,8,693,60,0.000000,585,600,585,15,2.5000,LOCAL_BEST,1,123,0,1047,574,93,0,58,0.0000,258.6207,0,0,0,0,0,0
n012w8-0,n012w8,0,5,500000,100.0,adaptive,2026-07-04T12:13:59+01:00,2,1,8,707,2,98.068154,1000,1100,1000,100,9.0909,GLOBAL_BEST,0,123,168,1155,242,94,14,-58,71428.5714,0.0000,0,0,0,0,0,0
n012w8-0,n012w8,0,5,500000,100.0,adaptive,2026-07-04T12:13:59+01:00,2,2,8,726,2,0.000000,1830,1870,1830,40,2.1390,LOCAL_BEST,0,123,0,1227,1,95,19,0,21052.6316,0.0000,0,0,0,0,0,0
n012w8-0,n012w8,0,5,500000,100.0,adaptive,2026-07-04T12:13:59+01:00,2,2,8,766,2,0.000000,1820,1830,1820,10,0.5464,LOCAL_BEST,0,123,0,1286,1,96,40,0,2500.0000,0.0000,0,0,0,0,0,0
n012w8-0,n012w8,0,5,500000,100.0,adaptive,2026-07-04T12:13:59+01:00,2,2,8,1156,3,0.000000,1800,1820,1800,20,1.0989,LOCAL_BEST,0,123,0,1925,8,97,390,1,512.8205,20000.0000,0,0,0,0,0,0
n012w8-0,n012w8,0,5,500000,100.0,adaptive,2026-07-04T12:13:59+01:00,2,5,8,1207,61,0.000000,525,585,525,60,10.2564,GLOBAL_BEST,1,123,0,1803,963,98,51,58,11764.7059,1034.4828,0,0,0,0,0,0
n012w8-0,n012w8,0,5,500000,100.0,adaptive,2026-07-04T12:13:59+01:00,2,2,8,1249,3,0.000000,1580,1800,1580,220,12.2222,LOCAL_BEST,0,123,0,2105,29,99,42,-58,52380.9524,0.0000,0,0,0,0,0,0
n012w8-0,n012w8,0,5,500000,100.0,adaptive,2026-07-04T12:13:59+01:00,2,2,8,1250,3,0.000000,1565,1580,1565,15,0.9494,LOCAL_BEST,0,123,0,2108,29,100,1,0,150000.0000,0.0000,0,0,0,0,0,0
n012w8-0,n012w8,0,5,500000,100.0,adaptive,2026-07-04T12:13:59+01:00,2,2,8,1255,3,0.000000,1535,1565,1535,30,1.9169,LOCAL_BEST,0,123,0,2114,29,101,5,0,60000.0000,0.0000,0,0,0,0,0,0
n012w8-0,n012w8,0,5,500000,100.0,adaptive,2026-07-04T12:13:59+01:00,2,2,8,1269,3,0.000000,1500,1535,1500,35,2.2801,LOCAL_BEST,0,123,0,2143,29,102,14,0,25000.0000,0.0000,0,0,0,0,0,0
n012w8-0,n012w8,0,5,500000,100.0,adaptive,2026-07-04T12:13:59+01:00,2,2,8,2270,5,0.000000,1475,1500,1475,25,1.6667,LOCAL_BEST,0,123,0,3895,165,103,1001,2,249.7502,12500.0000,0,0,0,0,0,0
n012w8-0,n012w8,0,5,500000,100.0,adaptive,2026-07-04T12:13:59+01:00,2,2,8,2803,6,0.000000,1385,1475,1385,90,6.1017,LOCAL_BEST,0,123,0,4700,273,104,533,1,1688.5553,90000.0000,0,0,0,0,0,0
n012w8-0,n012w8,0,5,500000,100.0,adaptive,2026-07-04T12:13:59+01:00,2,8,8,2803,112,0.000000,365,380,365,15,3.9474,LOCAL_BEST,3,123,0,4202,2554,105,0,106,0.0000,141.5094,0,0,0,0,0,0
n012w8-0,n012w8,0,5,500000,100.0,adaptive,2026-07-04T12:13:59+01:00,2,2,8,2804,6,0.000000,1325,1385,1325,60,4.3321,LOCAL_BEST,0,123,0,4700,273,106,1,-106,600000.0000,0.0000,0,0,0,0,0,0
n012w8-0,n012w8,0,5,500000,100.0,adaptive,2026-07-04T12:13:59+01:00,2,2,8,2805,6,0.000000,1205,1325,1205,120,9.0566,LOCAL_BEST,0,123,0,4700,273,107,1,0,1200000.0000,0.0000,0,0,0,0,0,0
n012w8-0,n012w8,0,5,500000,100.0,adaptive,2026-07-04T12:13:59+01:00,2,3,8,4527,9,0.000000,1570,1575,1570,5,0.3175,LOCAL_BEST,0,123,1731,7321,166,108,1722,3,29.0360,1666.6667,0,0,0,0,0,0
n012w8-0,n012w8,0,5,500000,100.0,adaptive,2026-07-04T12:13:59+01:00,2,3,8,4532,9,0.000000,1555,1570,1555,15,0.9554,LOCAL_BEST,0,123,1732,7322,166,109,5,0,30000.0000,0.0000,0,0,0,0,0,0
n012w8-0,n012w8,0,5,500000,100.0,adaptive,2026-07-04T12:13:59+01:00,2,1,8,5548,10,85.789868,995,1000,995,5,0.5000,GLOBAL_BEST,0,123,1364,9104,1911,110,1016,1,49.2126,5000.0000,0,0,0,0,0,0
n012w8-0,n012w8,0,5,500000,100.0,adaptive,2026-07-04T12:13:59+01:00,2,1,8,5551,10,85.782757,950,995,950,45,4.5226,GLOBAL_BEST,0,123,1365,9108,1912,111,3,0,150000.0000,0.0000,0,0,0,0,0,0
n012w8-0,n012w8,0,5,500000,100.0,adaptive,2026-07-04T12:13:59+01:00,2,1,8,5561,10,85.759058,935,950,935,15,1.5789,GLOBAL_BEST,0,123,1366,9126,1917,112,10,0,15000.0000,0.0000,0,0,0,0,0,0
n012w8-0,n012w8,0,5,500000,100.0,adaptive,2026-07-04T12:13:59+01:00,2,1,8,5562,10,85.756688,930,935,930,5,0.5348,GLOBAL_BEST,0,123,1366,9126,1917,113,1,0,50000.0000,0.0000,0,0,0,0,0,0
n012w8-0,n012w8,0,5,500000,100.0,adaptive,2026-07-04T12:13:59+01:00,2,2,8,6818,12,0.000000,1170,1205,1170,35,2.9046,LOCAL_BEST,0,123,0,11246,1543,114,1256,2,278.6624,17500.0000,0,0,0,0,0,0
n012w8-0,n012w8,0,5,500000,100.0,adaptive,2026-07-04T12:13:59+01:00,2,2,8,9236,16,0.000000,1160,1170,1160,10,0.8547,LOCAL_BEST,0,123,0,15074,2575,115,2418,4,41.3565,2500.0000,0,0,0,0,0,0
n012w8-0,n012w8,0,5,500000,100.0,adaptive,2026-07-04T12:13:59+01:00,2,8,8,9550,121,0.000000,350,365,350,15,4.1096,LOCAL_BEST,3,123,0,14378,8676,116,314,105,477.7070,142.8571,0,0,0,0,0,0
n012w8-0,n012w8,0,5,500000,100.0,adaptive,2026-07-04T12:13:59+01:00,2,5,8,9560,74,0.000000,515,525,515,10,1.9048,GLOBAL_BEST,1,123,0,14723,8075,117,10,-47,10000.0000,0.0000,0,0,0,0,0,0
n012w8-0,n012w8,0,5,500000,100.0,adaptive,2026-07-04T12:13:59+01:00,2,8,8,9749,121,0.000000,340,350,340,10,2.8571,LOCAL_BEST,3,123,0,14683,8855,118,189,47,529.1005,212.7660,0,0,0,0,0,0
n012w8-0,n012w8,0,5,500000,100.0,adaptive,2026-07-04T12:13:59+01:00,2,2,8,9812,17,0.000000,1115,1160,1115,45,3.8793,LOCAL_BEST,0,123,0,16058,2808,119,63,-104,7142.8571,0.0000,0,0,0,0,0,0
n012w8-0,n012w8,0,5,500000,100.0,adaptive,2026-07-04T12:13:59+01:00,2,8,8,9856,121,0.000000,310,340,310,30,8.8235,LOCAL_BEST,3,123,0,14823,8949,120,44,104,6818.1818,288.4615,0,0,0,0,0,0
n012w8-0,n012w8,0,5,500000,100.0,adaptive,2026-07-04T12:13:59+01:00,2,1,8,9922,17,76.023525,925,930,925,5,0.5376,GLOBAL_BEST,0,123,2362,16150,3612,121,66,-104,757.5758,0.0000,0,0,0,0,0,0
n012w8-0,n012w8,0,5,500000,100.0,adaptive,2026-07-04T12:13:59+01:00,2,5,8,11033,76,0.000000,505,515,505,10,1.9417,GLOBAL_BEST,1,123,0,16931,9269,122,1111,59,90.0090,169.4915,0,0,0,0,0,0
n012w8-0,n012w8,0,5,500000,100.0,adaptive,2026-07-04T12:13:59+01:00,2,1,8,11719,20,72.340915,920,925,920,5,0.5405,GLOBAL_BEST,0,123,2744,18988,4362,123,686,-56,72.8863,0.0000,0,0,0,0,0,0
n012w8-0,n012w8,0,5,500000,100.0,adaptive,2026-07-04T12:13:59+01:00,2,1,8,11884,21,72.011855,900,920,900,20,2.1739,GLOBAL_BEST,0,123,2773,19209,4457,124,165,1,1212.1212,20000.0000,0,0,0,0,0,0
n012w8-0,n012w8,0,5,500000,100.0,adaptive,2026-07-04T12:13:59+01:00,2,5,8,12594,79,0.000000,490,505,490,15,2.9703,LOCAL_BEST,1,123,0,19145,10509,125,710,58,211.2676,258.6207,0,0,0,0,0,0
n012w8-0,n012w8,0,5,500000,100.0,adaptive,2026-07-04T12:13:59+01:00,2,3,8,12820,22,0.000000,1395,1555,1395,160,10.2894,LOCAL_BEST,0,123,4919,21499,513,126,226,-57,7079.6460,0.0000,0,0,0,0,0,0
n012w8-0,n012w8,0,5,500000,100.0,adaptive,2026-07-04T12:13:59+01:00,2,2,8,12881,22,0.000000,1100,1115,1100,15,1.3453,LOCAL_BEST,0,123,0,21092,4275,127,61,0,2459.0164,0.0000,0,0,0,0,0,0
n012w8-0,n012w8,0,5,500000,100.0,adaptive,2026-07-04T12:13:59+01:00,2,5,8,13791,80,0.000000,465,490,465,25,5.1020,GLOBAL_BEST,1,123,0,20783,11475,128,910,58,274.7253,431.0345,0,0,0,0,0,0
n012w8-0,n012w8,0,5,500000,100.0,adaptive,2026-07-04T12:13:59+01:00,2,2,8,14844,25,0.000000,1095,1100,1095,5,0.4545,LOCAL_BEST,0,123,0,24250,5214,129,1053,-55,47.4834,0.0000,0,0,0,0,0,0
n012w8-0,n012w8,0,5,500000,100.0,adaptive,2026-07-04T12:13:59+01:00,2,2,8,14851,25,0.000000,1020,1095,1020,75,6.8493,LOCAL_BEST,0,123,0,24260,5215,130,7,0,107142.8571,0.0000,0,0,0,0,0,0
n012w8-0,n012w8,0,5,500000,100.0,adaptive,2026-07-04T12:13:59+01:00,2,2,8,16708,28,0.000000,995,1020,995,25,2.4510,LOCAL_BEST,0,123,0,27246,6175,131,1857,3,134.6257,8333.3333,0,0,0,0,0,0
n012w8-0,n012w8,0,5,500000,100.0,adaptive,2026-07-04T12:13:59+01:00,2,5,8,17044,85,0.000000,460,465,460,5,1.0753,LOCAL_BEST,1,123,0,25485,14210,132,336,57,148.8095,87.7193,0,0,0,0,0,0
n012w8-0,n012w8,0,5,500000,100.0,adaptive,2026-07-04T12:13:59+01:00,2,1,8,17928,31,60.936289,835,900,835,65,7.2222,GLOBAL_BEST,0,123,3988,28544,7163,133,884,-54,735.2941,0.0000,0,0,0,0,0,0
n012w8-0,n012w8,0,5,500000,100.0,adaptive,2026-07-04T12:13:59+01:00,2,2,8,18265,31,0.000000,970,995,970,25,2.5126,LOCAL_BEST,0,123,0,29918,7063,134,337,0,741.8398,0.0000,0,0,0,0,0,0
n012w8-0,n012w8,0,5,500000,100.0,adaptive,2026-07-04T12:13:59+01:00,2,5,8,18870,88,0.000000,440,460,440,20,4.3478,LOCAL_BEST,1,123,0,28111,15781,135,605,57,330.5785,350.8772,0,0,0,0,0,0
n012w8-0,n012w8,0,5,500000,100.0,adaptive,2026-07-04T12:13:59+01:00,2,2,8,20259,34,0.000000,955,970,955,15,1.5464,LOCAL_BEST,0,123,0,33128,8205,136,1389,-54,107.9914,0.0000,0,0,0,0,0,0
n012w8-0,n012w8,0,5,500000,100.0,adaptive,2026-07-04T12:13:59+01:00,2,2,8,20260,34,0.000000,940,955,940,15,1.5707,LOCAL_BEST,0,123,0,33128,8205,137,1,0,150000.0000,0.0000,0,0,0,0,0,0
n012w8-0,n012w8,0,5,500000,100.0,adaptive,2026-07-04T12:13:59+01:00,2,2,8,20261,34,0.000000,925,940,925,15,1.5957,LOCAL_BEST,0,123,0,33128,8205,138,1,0,150000.0000,0.0000,0,0,0,0,0,0
n012w8-0,n012w8,0,5,500000,100.0,adaptive,2026-07-04T12:13:59+01:00,2,2,8,20262,34,0.000000,895,925,895,30,3.2432,LOCAL_BEST,0,123,0,33128,8205,139,1,0,300000.0000,0.0000,0,0,0,0,0,0
n012w8-0,n012w8,0,5,500000,100.0,adaptive,2026-07-04T12:13:59+01:00,2,8,8,20287,137,0.000000,305,310,305,5,1.6129,LOCAL_BEST,3,123,0,30081,18496,140,25,103,2000.0000,48.5437,0,0,0,0,0,0
n012w8-0,n012w8,0,5,500000,100.0,adaptive,2026-07-04T12:13:59+01:00,2,8,8,20346,137,0.000000,290,305,290,15,4.9180,LOCAL_BEST,3,123,0,30154,18552,141,59,0,2542.3729,0.0000,0,0,0,0,0,0
n012w8-0,n012w8,0,5,500000,100.0,adaptive,2026-07-04T12:13:59+01:00,2,1,8,22574,38,53.594966,810,835,810,25,2.9940,GLOBAL_BEST,0,123,4827,35817,9462,142,2228,-99,112.2083,0.0000,0,0,0,0,0,0
n012w8-0,n012w8,0,5,500000,100.0,adaptive,2026-07-04T12:13:59+01:00,2,1,8,24212,40,51.223353,795,810,795,15,1.8519,GLOBAL_BEST,0,123,5063,38228,10380,143,1638,2,91.5751,7500.0000,0,0,0,0,0,0
n012w8-0,n012w8,0,5,500000,100.0,adaptive,2026-07-04T12:13:59+01:00,2,4,8,26284,97,48.373109,640,720,640,80,11.1111,LOCAL_BEST,1,123,5394,42302,11520,144,2072,57,386.1004,1403.5088,0,0,0,0,0,0
n012w8-0,n012w8,0,5,500000,100.0,adaptive,2026-07-04T12:13:59+01:00,2,4,8,26289,97,48.366426,625,640,625,15,2.3438,LOCAL_BEST,1,123,5394,42307,11524,145,5,0,30000.0000,0.0000,0,0,0,0,0,0
n012w8-0,n012w8,0,5,500000,100.0,adaptive,2026-07-04T12:13:59+01:00,2,2,8,26893,44,0.000000,885,895,885,10,1.1173,LOCAL_BEST,0,123,0,43313,12370,146,604,-53,165.5629,0.0000,0,0,0,0,0,0
n012w8-0,n012w8,0,5,500000,100.0,adaptive,2026-07-04T12:13:59+01:00,2,2,8,26900,44,0.000000,875,885,875,10,1.1299,LOCAL_BEST,0,123,0,43330,12374,147,7,0,14285.7143,0.0000,0,0,0,0,0,0
n012w8-0,n012w8,0,5,500000,100.0,adaptive,2026-07-04T12:13:59+01:00,2,5,8,28537,102,0.000000,425,440,425,15,3.4091,LOCAL_BEST,1,123,0,42165,24158,148,1637,58,91.6310,258.6207,0,0,0,0,0,0
n012w8-0,n012w8,0,5,500000,100.0,adaptive,2026-07-04T12:13:59+01:00,2,5,8,29780,104,0.000000,420,425,420,5,1.1765,LOCAL_BEST,1,123,0,43962,25266,149,1243,2,40.2253,2500.0000,0,0,0,0,0,0
n012w8-0,n012w8,0,5,500000,100.0,adaptive,2026-07-04T12:13:59+01:00,2,2,8,31701,51,0.000000,835,875,835,40,4.5714,LOCAL_BEST,0,123,0,50765,15599,150,1921,-53,208.2249,0.0000,0,0,0,0,0,0
n012w8-0,n012w8,0,5,500000,100.0,adaptive,2026-07-04T12:13:59+01:00,2,2,8,32544,52,0.000000,825,835,825,10,1.1976,LOCAL_BEST,0,123,0,51999,16172,151,843,1,118.6240,10000.0000,0,0,0,0,0,0
n012w8-0,n012w8,0,5,500000,100.0,adaptive,2026-07-04T12:13:59+01:00,2,1,8,32644,54,40.577380,720,795,720,75,9.4340,GLOBAL_BEST,0,123,6285,51574,15274,152,100,2,7500.0000,37500.0000,0,0,0,0,0,0
n012w8-0,n012w8,0,5,500000,100.0,adaptive,2026-07-04T12:13:59+01:00,2,1,8,32679,54,40.538157,585,720,585,135,18.7500,GLOBAL_BEST,0,123,6288,51627,15298,153,35,0,38571.4286,0.0000,0,0,0,0,0,0
n012w8-0,n012w8,0,5,500000,100.0,adaptive,2026-07-04T12:13:59+01:00,2,1,8,32682,54,40.534797,555,585,555,30,5.1282,GLOBAL_BEST,0,123,6288,51628,15300,154,3,0,100000.0000,0.0000,0,0,0,0,0,0
n012w8-0,n012w8,0,5,500000,100.0,adaptive,2026-07-04T12:13:59+01:00,2,2,8,33290,53,0.000000,810,825,810,15,1.8182,LOCAL_BEST,0,123,0,53103,16652,155,608,-1,246.7105,0.0000,0,0,0,0,0,0
n012w8-0,n012w8,0,5,500000,100.0,adaptive,2026-07-04T12:13:59+01:00,2,2,8,33292,53,0.000000,795,810,795,15,1.8519,LOCAL_BEST,0,123,0,53107,16653,156,2,0,75000.0000,0.0000,0,0,0,0,0,0
n012w8-0,n012w8,0,5,500000,100.0,adaptive,2026-07-04T12:13:59+01:00,2,2,8,33587,54,0.000000,750,795,750,45,5.6604,LOCAL_BEST,0,123,0,53550,16839,157,295,1,1525.4237,45000.0000,0,0,0,0,0,0
n012w8-0,n012w8,0,5,500000,100.0,adaptive,2026-07-04T12:13:59+01:00,2,2,8,35604,57,0.000000,740,750,740,10,1.3333,LOCAL_BEST,0,123,0,56582,18269,158,2017,3,49.5786,3333.3333,0,0,0,0,0,0
n012w8-0,n012w8,0,5,500000,100.0,adaptive,2026-07-04T12:13:59+01:00,2,5,8,36113,113,0.000000,410,420,410,10,2.3810,LOCAL_BEST,1,123,0,52864,30937,159,509,56,196.4637,178.5714,0,0,0,0,0,0
n012w8-0,n012w8,0,5,500000,100.0,adaptive,2026-07-04T12:13:59+01:00,2,2,8,36786,58,0.000000,730,740,730,10,1.3514,LOCAL_BEST,0,123,0,58291,19045,160,673,-55,148.5884,0.0000,0,0,0,0,0,0
n012w8-0,n012w8,0,5,500000,100.0,adaptive,2026-07-04T12:13:59+01:00,2,5,8,39492,119,0.000000,400,410,400,10,2.4390,LOCAL_BEST,1,123,0,57297,33999,161,2706,61,36.9549,163.9344,0,0,0,0,0,0
n012w8-0,n012w8,0,5,500000,100.0,adaptive,2026-07-04T12:13:59+01:00,2,4,8,40509,120,32.651565,600,625,600,25,4.0000,LOCAL_BEST,1,123,7172,63955,20563,162,1017,1,245.8210,25000.0000,0,0,0,0,0,0
n012w8-0,n012w8,0,5,500000,100.0,adaptive,2026-07-04T12:13:59+01:00,2,2,8,40742,65,0.000000,720,730,720,10,1.3699,LOCAL_BEST,0,123,0,64154,21917,163,233,-55,429.1845,0.0000,0,0,0,0,0,0
n012w8-0,n012w8,0,5,500000,100.0,adaptive,2026-07-04T12:13:59+01:00,2,1,8,42292,69,31.081932,545,555,545,10,1.8018,LOCAL_BEST,0,123,7306,65782,21791,164,1550,4,64.5161,2500.0000,0,0,0,0,0,0
n012w8-0,n012w8,0,5,500000,100.0,adaptive,2026-07-04T12:13:59+01:00,2,2,8,42513,68,0.000000,670,720,670,50,6.9444,LOCAL_BEST,0,123,0,66779,23223,165,221,-1,2262.4434,0.0000,0,0,0,0,0,0
n012w8-0,n012w8,0,5,500000,100.0,adaptive,2026-07-04T12:13:59+01:00,2,5,8,43645,127,0.000000,390,400,390,10,2.5000,LOCAL_BEST,1,123,0,63266,37732,166,1132,59,88.3392,169.4915,0,0,0,0,0,0
n012w8-0,n012w8,0,5,500000,100.0,adaptive,2026-07-04T12:13:59+01:00,2,5,8,43657,127,0.000000,385,390,385,5,1.2821,LOCAL_BEST,1,123,0,63293,37743,167,12,0,4166.6667,0.0000,0,0,0,0,0,0
n012w8-0,n012w8,0,5,500000,100.0,adaptive,2026-07-04T12:13:59+01:00,2,2,8,45041,71,0.000000,620,670,620,50,7.4627,LOCAL_BEST,0,123,0,70569,25092,168,1384,-56,361.2717,0.0000,0,0,0,0,0,0
n012w8-0,n012w8,0,5,500000,100.0,adaptive,2026-07-04T12:13:59+01:00,2,2,8,46957,74,0.000000,545,620,545,75,12.0968,LOCAL_BEST,0,123,0,73382,26499,169,1916,3,391.4405,25000.0000,0,0,0,0,0,0
n012w8-0,n012w8,0,5,500000,100.0,adaptive,2026-07-04T12:13:59+01:00,2,4,8,48080,131,26.488173,585,600,585,15,2.5000,LOCAL_BEST,1,123,7834,75485,25966,170,1123,57,133.5708,263.1579,0,0,0,0,0,0
n012w8-0,n012w8,0,5,500000,100.0,adaptive,2026-07-04T12:13:59+01:00,2,5,8,48132,133,0.000000,370,385,370,15,3.8961,LOCAL_BEST,1,123,0,69642,41729,171,52,2,2884.6154,7500.0000,0,0,0,0,0,0
n012w8-0,n012w8,0,5,500000,100.0,adaptive,2026-07-04T12:13:59+01:00,2,1,8,48449,78,26.219476,530,545,530,15,2.7523,LOCAL_BEST,0,123,7794,75185,26331,172,317,-55,473.1861,0.0000,0,0,0,0,0,0
n012w8-0,n012w8,0,5,500000,100.0,adaptive,2026-07-04T12:13:59+01:00,2,1,8,48458,78,26.212956,515,530,515,15,2.8302,LOCAL_BEST,0,123,7794,75201,26339,173,9,0,16666.6667,0.0000,0,0,0,0,0,0
n012w8-0,n012w8,0,5,500000,100.0,adaptive,2026-07-04T12:13:59+01:00,2,1,8,48484,78,26.194131,485,515,485,30,5.8252,GLOBAL_BEST,0,123,7795,75245,26361,174,26,0,11538.4615,0.0000,0,0,0,0,0,0
n012w8-0,n012w8,0,5,500000,100.0,adaptive,2026-07-04T12:13:59+01:00,2,1,8,48514,79,26.172427,470,485,470,15,3.0928,GLOBAL_BEST,0,123,7796,75294,26386,175,30,1,5000.0000,15000.0000,0,0,0,0,0,0
n012w8-0,n012w8,0,5,500000,100.0,adaptive,2026-07-04T12:13:59+01:00,2,4,8,48618,132,26.097325,570,585,570,15,2.5641,LOCAL_BEST,1,123,7873,76344,26379,176,104,53,1442.3077,283.0189,0,0,0,0,0,0
n012w8-0,n012w8,0,5,500000,100.0,adaptive,2026-07-04T12:13:59+01:00,2,4,8,48629,132,26.089395,555,570,555,15,2.6316,LOCAL_BEST,1,123,7873,76364,26389,177,11,0,13636.3636,0.0000,0,0,0,0,0,0
n012w8-0,n012w8,0,5,500000,100.0,adaptive,2026-07-04T12:13:59+01:00,2,4,8,48708,132,26.032507,540,555,540,15,2.7027,LOCAL_BEST,1,123,7875,76485,26458,178,79,0,1898.7342,0.0000,0,0,0,0,0,0
n012w8-0,n012w8,0,5,500000,100.0,adaptive,2026-07-04T12:13:59+01:00,2,4,8,48735,132,26.013093,525,540,525,15,2.7778,LOCAL_BEST,1,123,7876,76517,26480,179,27,0,5555.5556,0.0000,0,0,0,0,0,0
n012w8-0,n012w8,0,5,500000,100.0,adaptive,2026-07-04T12:13:59+01:00,2,5,8,48737,133,0.000000,355,370,355,15,4.0541,LOCAL_BEST,1,123,0,70505,42253,180,2,1,75000.0000,15000.0000,0,0,0,0,0,0
n012w8-0,n012w8,0,5,500000,100.0,adaptive,2026-07-04T12:13:59+01:00,2,4,8,49523,133,25.452825,510,525,510,15,2.8571,LOCAL_BEST,1,123,7909,77612,27127,181,786,0,190.8397,0.0000,0,0,0,0,0,0
n012w8-0,n012w8,0,5,500000,100.0,adaptive,2026-07-04T12:13:59+01:00,2,4,8,49568,133,25.421197,495,510,495,15,2.9412,LOCAL_BEST,1,123,7910,77673,27170,182,45,0,3333.3333,0.0000,0,0,0,0,0,0
n012w8-0,n012w8,0,5,500000,100.0,adaptive,2026-07-04T12:13:59+01:00,2,5,8,49629,136,0.000000,350,355,350,5,1.4085,LOCAL_BEST,1,123,0,71686,43058,183,61,3,819.6721,1666.6667,0,0,0,0,0,0
n012w8-0,n012w8,0,5,500000,100.0,adaptive,2026-07-04T12:13:59+01:00,2,5,8,49632,136,0.000000,340,350,340,10,2.8571,LOCAL_BEST,1,123,0,71690,43060,184,3,0,33333.3333,0.0000,0,0,0,0,0,0
n012w8-0,n012w8,0,5,500000,100.0,adaptive,2026-07-04T12:13:59+01:00,2,4,8,49896,133,25.191846,480,495,480,15,3.0303,LOCAL_BEST,1,123,7932,78208,27427,185,264,-3,568.1818,0.0000,0,0,0,0,0,0
n012w8-0,n012w8,0,5,500000,100.0,adaptive,2026-07-04T12:13:59+01:00,2,5,8,50876,137,0.000000,335,340,335,5,1.4706,LOCAL_BEST,1,123,0,73440,44193,186,980,4,51.0204,1250.0000,0,0,0,0,0,0
n012w8-0,n012w8,0,5,500000,100.0,adaptive,2026-07-04T12:13:59+01:00,2,1,8,51227,83,24.282198,435,470,435,35,7.4468,GLOBAL_BEST,0,123,7975,79239,28516,187,351,-54,997.1510,0.0000,0,0,0,0,0,0
n012w8-0,n012w8,0,5,500000,100.0,adaptive,2026-07-04T12:13:59+01:00,2,5,8,51640,139,0.000000,320,335,320,15,4.4776,LOCAL_BEST,1,123,0,74483,44848,188,413,56,363.1961,267.8571,0,0,0,0,0,0
n012w8-0,n012w8,0,5,500000,100.0,adaptive,2026-07-04T12:13:59+01:00,2,4,8,52844,139,23.221165,460,480,460,20,4.1667,LOCAL_BEST,1,123,8129,82459,29717,189,1204,0,166.1130,0.0000,0,0,0,0,0,0
n012w8-0,n012w8,0,5,500000,100.0,adaptive,2026-07-04T12:13:59+01:00,2,4,8,52899,139,23.185902,445,460,445,15,3.2609,LOCAL_BEST,1,123,8131,82541,29762,190,55,0,2727.2727,0.0000,0,0,0,0,0,0
n012w8-0,n012w8,0,5,500000,100.0,adaptive,2026-07-04T12:13:59+01:00,2,4,8,52905,139,23.182059,415,445,415,30,6.7416,LOCAL_BEST,1,123,8131,82550,29767,191,6,0,50000.0000,0.0000,0,0,0,0,0,0
n012w8-0,n012w8,0,5,500000,100.0,adaptive,2026-07-04T12:13:59+01:00,2,1,8,53267,86,22.951338,420,435,420,15,3.4483,GLOBAL_BEST,0,123,8094,82110,30125,192,362,-53,414.3646,0.0000,0,0,0,0,0,0
n012w8-0,n012w8,0,5,500000,100.0,adaptive,2026-07-04T12:13:59+01:00,2,7,8,59533,216,19.302608,405,410,405,5,1.2195,LOCAL_BEST,2,123,8637,91655,34826,193,6266,130,7.9796,38.4615,0,0,0,0,0,0
n012w8-0,n012w8,0,5,500000,100.0,adaptive,2026-07-04T12:13:59+01:00,2,7,8,59607,216,19.263181,375,405,375,30,7.4074,LOCAL_BEST,2,123,8639,91774,34892,194,74,0,4054.0541,0.0000,0,0,0,0,0,0
n012w8-0,n012w8,0,5,500000,100.0,adaptive,2026-07-04T12:13:59+01:00,2,7,8,59883,216,19.116835,360,375,360,15,4.0000,LOCAL_BEST,2,123,8648,92132,35131,195,276,0,543.4783,0.0000,0,0,0,0,0,0
n012w8-0,n012w8,0,5,500000,100.0,adaptive,2026-07-04T12:13:59+01:00,2,7,8,62917,221,17.579560,355,360,355,5,1.3889,LOCAL_BEST,2,123,8772,96336,37664,196,3034,5,16.4799,1000.0000,0,0,0,0,0,0
n012w8-0,n012w8,0,5,500000,100.0,adaptive,2026-07-04T12:13:59+01:00,2,2,8,63896,100,0.000000,525,545,525,20,3.6697,LOCAL_BEST,0,123,0,98231,39900,197,979,-121,204.2901,0.0000,0,0,0,0,0,0
n012w8-0,n012w8,0,5,500000,100.0,adaptive,2026-07-04T12:13:59+01:00,2,1,8,64914,103,16.635812,410,420,410,10,2.3810,GLOBAL_BEST,0,123,8649,98985,39641,198,1018,3,98.2318,3333.3333,0,0,0,0,0,0
n012w8-0,n012w8,0,5,500000,100.0,adaptive,2026-07-04T12:13:59+01:00,2,1,8,66398,105,15.967466,400,410,400,10,2.4390,GLOBAL_BEST,0,123,8708,101208,40893,199,1484,2,67.3854,5000.0000,0,0,0,0,0,0
n012w8-0,n012w8,0,5,500000,100.0,adaptive,2026-07-04T12:13:59+01:00,2,1,8,67662,107,15.419419,370,400,370,30,7.5000,GLOBAL_BEST,0,123,8743,102998,41996,200,1264,2,237.3418,15000.0000,0,0,0,0,0,0
n012w8-0,n012w8,0,5,500000,100.0,adaptive,2026-07-04T12:13:59+01:00,2,1,8,67736,107,15.387923,325,370,325,45,12.1622,GLOBAL_BEST,0,123,8746,103121,42057,201,74,0,6081.0811,0.0000,0,0,0,0,0,0
n012w8-0,n012w8,0,5,500000,100.0,adaptive,2026-07-04T12:13:59+01:00,2,2,8,67981,106,0.000000,510,525,510,15,2.8571,LOCAL_BEST,0,123,0,104221,43250,202,245,-1,612.2449,0.0000,0,0,0,0,0,0
n012w8-0,n012w8,0,5,500000,100.0,adaptive,2026-07-04T12:13:59+01:00,2,2,8,68085,106,0.000000,495,510,495,15,2.9412,LOCAL_BEST,0,123,0,104362,43325,203,104,0,1442.3077,0.0000,0,0,0,0,0,0
n012w8-0,n012w8,0,5,500000,100.0,adaptive,2026-07-04T12:13:59+01:00,2,7,8,68303,229,15.148722,340,355,340,15,4.2254,LOCAL_BEST,2,123,8928,103523,42329,204,218,123,688.0734,121.9512,0,0,0,0,0,0
n012w8-0,n012w8,0,5,500000,100.0,adaptive,2026-07-04T12:13:59+01:00,2,1,8,69201,109,14.777467,320,325,320,5,1.5385,GLOBAL_BEST,0,123,8767,105149,43390,205,898,-120,55.6793,0.0000,0,0,0,0,0,0
n012w8-0,n012w8,0,5,500000,100.0,adaptive,2026-07-04T12:13:59+01:00,2,4,8,70086,167,14.420489,390,415,390,25,6.0241,LOCAL_BEST,1,123,8814,107444,44277,206,885,58,282.4859,431.0345,0,0,0,0,0,0
n012w8-0,n012w8,0,5,500000,100.0,adaptive,2026-07-04T12:13:59+01:00,2,2,8,70097,110,0.000000,465,495,465,30,6.0606,LOCAL_BEST,0,123,0,107301,44987,207,11,-57,27272.7273,0.0000,0,0,0,0,0,0
n012w8-0,n012w8,0,5,500000,100.0,adaptive,2026-07-04T12:13:59+01:00,2,4,8,70202,168,14.374343,375,390,375,15,3.8462,LOCAL_BEST,1,123,8817,107603,44383,208,105,58,1428.5714,258.6207,0,0,0,0,0,0
n012w8-0,n012w8,0,5,500000,100.0,adaptive,2026-07-04T12:13:59+01:00,2,4,8,70923,169,14.090811,370,375,370,5,1.3333,LOCAL_BEST,1,123,8841,108673,45032,209,721,1,69.3481,5000.0000,0,0,0,0,0,0
n012w8-0,n012w8,0,5,500000,100.0,adaptive,2026-07-04T12:13:59+01:00,2,4,8,70940,169,14.084194,355,370,355,15,4.0541,LOCAL_BEST,1,123,8841,108709,45048,210,17,0,8823.5294,0.0000,0,0,0,0,0,0
n012w8-0,n012w8,0,5,500000,100.0,adaptive,2026-07-04T12:13:59+01:00,2,1,8,71635,113,13.816308,295,320,295,25,7.8125,GLOBAL_BEST,0,123,8824,108676,45551,211,695,-56,359.7122,0.0000,0,0,0,0,0,0
n012w8-0,n012w8,0,5,500000,100.0,adaptive,2026-07-04T12:13:59+01:00,2,1,8,71687,113,13.796471,250,295,250,45,15.2542,GLOBAL_BEST,0,123,8825,108749,45597,212,52,0,8653.8462,0.0000,0,0,0,0,0,0
n012w8-0,n012w8,0,5,500000,100.0,adaptive,2026-07-04T12:13:59+01:00,2,2,8,72144,113,0.000000,460,465,460,5,1.0753,LOCAL_BEST,0,123,0,110240,46659,213,457,0,109.4092,0.0000,0,0,0,0,0,0
n012w8-0,n012w8,0,5,500000,100.0,adaptive,2026-07-04T12:13:59+01:00,2,5,8,72294,168,0.000000,290,320,290,30,9.3750,LOCAL_BEST,1,123,0,103424,63364,214,150,55,2000.0000,545.4545,0,0,0,0,0,0
n012w8-0,n012w8,0,5,500000,100.0,adaptive,2026-07-04T12:13:59+01:00,2,8,8,73183,210,0.000000,260,290,260,30,10.3448,LOCAL_BEST,3,123,0,110189,67670,215,889,42,337.4578,714.2857,0,0,0,0,0,0
n012w8-0,n012w8,0,5,500000,100.0,adaptive,2026-07-04T12:13:59+01:00,2,2,8,73205,115,0.000000,445,460,445,15,3.2609,LOCAL_BEST,0,123,0,111674,47562,216,22,-95,6818.1818,0.0000,0,0,0,0,0,0
n012w8-0,n012w8,0,5,500000,100.0,adaptive,2026-07-04T12:13:59+01:00,2,4,8,73510,175,13.118736,320,355,320,35,9.8592,LOCAL_BEST,1,123,8917,112455,47301,217,305,60,1147.5410,583.3333,0,0,0,0,0,0
n012w8-0,n012w8,0,5,500000,100.0,adaptive,2026-07-04T12:13:59+01:00,2,2,8,75381,118,0.000000,440,445,440,5,1.1236,LOCAL_BEST,0,123,0,114637,49288,218,1871,-57,26.7237,0.0000,0,0,0,0,0,0
n012w8-0,n012w8,0,5,500000,100.0,adaptive,2026-07-04T12:13:59+01:00,2,4,8,76360,182,12.125286,295,320,295,25,7.8125,LOCAL_BEST,1,123,8978,116556,49859,219,979,64,255.3626,390.6250,0,0,0,0,0,0
n012w8-0,n012w8,0,5,500000,100.0,adaptive,2026-07-04T12:13:59+01:00,2,2,8,77232,120,0.000000,415,440,415,25,5.6818,LOCAL_BEST,0,123,0,117545,50840,220,872,-62,286.6972,0.0000,0,0,0,0,0,0
n012w8-0,n012w8,0,5,500000,100.0,adaptive,2026-07-04T12:13:59+01:00,2,5,8,78205,176,0.000000,275,290,275,15,5.1724,LOCAL_BEST,1,123,0,111647,68781,221,973,56,154.1624,267.8571,0,0,0,0,0,0
n012w8-0,n012w8,0,5,500000,100.0,adaptive,2026-07-04T12:13:59+01:00,2,4,8,82025,192,10.368406,290,295,290,5,1.6949,LOCAL_BEST,1,123,9071,124241,55067,222,3820,16,13.0890,312.5000,0,0,0,0,0,0
n012w8-0,n012w8,0,5,500000,100.0,adaptive,2026-07-04T12:13:59+01:00,2,2,8,83287,129,0.000000,410,415,410,5,1.2048,LOCAL_BEST,0,123,0,126356,55867,223,1262,-63,39.6197,0.0000,0,0,0,0,0,0
n012w8-0,n012w8,0,5,500000,100.0,adaptive,2026-07-04T12:13:59+01:00,2,3,8,83407,148,0.000000,1390,1395,1390,5,0.3584,LOCAL_BEST,0,123,31963,142636,3312,224,120,19,416.6667,263.1579,0,0,0,0,0,0
n012w8-0,n012w8,0,5,500000,100.0,adaptive,2026-07-04T12:13:59+01:00,2,4,8,85454,197,9.431136,275,290,275,15,5.1724,LOCAL_BEST,1,123,9105,129065,58268,225,2047,49,73.2780,306.1224,0,0,0,0,0,0
n012w8-0,n012w8,0,5,500000,100.0,adaptive,2026-07-04T12:13:59+01:00,2,2,8,88962,138,0.000000,385,410,385,25,6.0976,LOCAL_BEST,0,123,0,134295,60746,226,3508,-59,71.2657,0.0000,0,0,0,0,0,0
n012w8-0,n012w8,0,5,500000,100.0,adaptive,2026-07-04T12:13:59+01:00,2,7,8,94014,269,7.444645,335,340,335,5,1.4706,LOCAL_BEST,2,123,9306,138903,65974,227,5052,131,9.8971,38.1679,0,0,0,0,0,0
n012w8-0,n012w8,0,5,500000,100.0,adaptive,2026-07-04T12:13:59+01:00,2,7,8,94041,269,7.439093,320,335,320,15,4.4776,LOCAL_BEST,2,123,9306,138939,66000,228,27,0,5555.5556,0.0000,0,0,0,0,0,0
n012w8-0,n012w8,0,5,500000,100.0,adaptive,2026-07-04T12:13:59+01:00,2,4,8,94934,216,7.257783,260,275,260,15,5.4545,LOCAL_BEST,1,123,9167,142379,67289,229,893,-53,167.9731,0.0000,0,0,0,0,0,0
n012w8-0,n012w8,0,5,500000,100.0,adaptive,2026-07-04T12:13:59+01:00,2,4,8,95315,217,7.181778,250,260,250,10,3.8462,LOCAL_BEST,1,123,9169,142898,67648,230,381,1,262.4672,10000.0000,0,0,0,0,0,0
n012w8-0,n012w8,0,5,500000,100.0,adaptive,2026-07-04T12:13:59+01:00,2,7,8,96295,273,6.989917,305,320,305,15,4.6875,LOCAL_BEST,2,123,9321,141944,68105,231,980,56,153.0612,267.8571,0,0,0,0,0,0
n012w8-0,n012w8,0,5,500000,100.0,adaptive,2026-07-04T12:13:59+01:00,2,4,8,98179,221,6.635353,235,250,235,15,6.0000,LOCAL_BEST,1,123,9190,147052,70383,232,1884,-52,79.6178,0.0000,0,0,0,0,0,0
n012w8-0,n012w8,0,5,500000,100.0,adaptive,2026-07-04T12:13:59+01:00,2,7,8,98590,276,6.560425,275,305,275,30,9.8361,LOCAL_BEST,2,123,9328,145039,70286,233,411,55,729.9270,545.4545,0,0,0,0,0,0
n012w8-0,n012w8,0,5,500000,100.0,adaptive,2026-07-04T12:13:59+01:00,2,7,8,98644,276,6.550644,270,275,270,5,1.8182,LOCAL_BEST,2,123,9328,145088,70336,234,54,0,925.9259,0.0000,0,0,0,0,0,0
n012w8-0,n012w8,0,5,500000,100.0,adaptive,2026-07-04T12:13:59+01:00,2,7,8,99163,277,6.457375,260,270,260,10,3.7037,LOCAL_BEST,2,123,9332,145843,70833,235,519,1,192.6782,10000.0000,0,0,0,0,0,0
n012w8-0,n012w8,0,5,500000,100.0,adaptive,2026-07-04T12:13:59+01:00,2,7,8,99169,277,6.456304,255,260,255,5,1.9231,LOCAL_BEST,2,123,9332,145848,70838,236,6,0,8333.3333,0.0000,0,0,0,0,0,0
n012w8-0,n012w8,0,5,500000,100.0,adaptive,2026-07-04T12:13:59+01:00,2,1,8,99468,152,6.403184,245,250,245,5,2.0000,GLOBAL_BEST,0,123,9082,148379,71485,237,299,-125,167.2241,0.0000,0,0,0,0,0,0
n012w8-0,n012w8,0,5,500000,100.0,adaptive,2026-07-04T12:13:59+01:00,2,2,8,99681,153,0.000000,380,385,380,5,1.2987,LOCAL_BEST,0,123,0,149598,70075,238,213,1,234.7418,5000.0000,0,0,0,0,0,0
n012w8-0,n012w8,0,5,500000,100.0,adaptive,2026-07-04T12:13:59+01:00,2,2,8,103442,158,0.000000,365,380,365,15,3.9474,LOCAL_BEST,0,123,0,154984,73342,239,3761,5,39.8830,3000.0000,0,0,0,0,0,0
n012w8-0,n012w8,0,5,500000,100.0,adaptive,2026-07-04T12:13:59+01:00,2,2,8,104840,162,0.000000,350,365,350,15,4.1096,LOCAL_BEST,0,123,0,156819,74557,240,1398,4,107.2961,3750.0000,0,0,0,0,0,0
n012w8-0,n012w8,0,5,500000,100.0,adaptive,2026-07-04T12:13:59+01:00,2,7,8,108033,289,5.053776,245,255,245,10,3.9216,LOCAL_BEST,2,123,9356,158364,79366,241,3193,127,31.3185,78.7402,0,0,0,0,0,0
n012w8-0,n012w8,0,5,500000,100.0,adaptive,2026-07-04T12:13:59+01:00,2,1,8,111303,174,4.617171,230,245,230,15,6.1224,GLOBAL_BEST,0,123,9108,163914,82972,242,3270,-115,45.8716,0.0000,0,0,0,0,0,0
n012w8-0,n012w8,0,5,500000,100.0,adaptive,2026-07-04T12:13:59+01:00,2,2,8,111544,177,0.000000,340,350,340,10,2.8571,LOCAL_BEST,0,123,0,166095,80571,243,241,3,414.9378,3333.3333,0,0,0,0,0,0
n012w8-0,n012w8,0,5,500000,100.0,adaptive,2026-07-04T12:13:59+01:00,2,2,8,117135,185,0.000000,325,340,325,15,4.4118,LOCAL_BEST,0,123,0,173691,85696,244,5591,8,26.8288,1875.0000,0,0,0,0,0,0
n012w8-0,n012w8,0,5,500000,100.0,adaptive,2026-07-04T12:13:59+01:00,2,2,8,117510,186,0.000000,310,325,310,15,4.6154,LOCAL_BEST,0,123,0,174244,86025,245,375,1,400.0000,15000.0000,0,0,0,0,0,0
n012w8-0,n012w8,0,5,500000,100.0,adaptive,2026-07-04T12:13:59+01:00,2,2,8,118485,187,0.000000,295,310,295,15,4.8387,LOCAL_BEST,0,123,0,175653,86872,246,975,1,153.8462,15000.0000,0,0,0,0,0,0
n012w8-0,n012w8,0,5,500000,100.0,adaptive,2026-07-04T12:13:59+01:00,2,1,8,161303,247,1.159749,230,230,230,0,0.0000,REHEAT,0,123,9112,231768,131475,247,42818,60,0.0000,0.0000,0,0,0,0,0,1
n012w8-0,n012w8,0,5,500000,100.0,adaptive,2026-07-04T12:13:59+01:00,2,1,8,211303,343,25.118864,875,230,230,0,0.0000,REHEAT,0,123,17177,308510,159176,248,50000,96,0.0000,0.0000,0,0,0,0,0,1
n012w8-0,n012w8,0,5,500000,100.0,adaptive,2026-07-04T12:13:59+01:00,2,1,8,261303,421,25.118864,705,230,230,0,0.0000,REHEAT,0,123,25072,386394,187073,249,50000,78,0.0000,0.0000,0,0,0,0,0,1
n012w8-0,n012w8,0,5,500000,100.0,adaptive,2026-07-04T12:13:59+01:00,2,3,8,268117,497,0.000000,1380,1390,1380,10,0.7194,LOCAL_BEST,0,123,102355,459907,10291,250,6814,76,14.6757,131.5789,0,0,0,0,0,0
n012w8-0,n012w8,0,5,500000,100.0,adaptive,2026-07-04T12:13:59+01:00,2,3,8,269631,500,0.000000,1310,1380,1310,70,5.0725,LOCAL_BEST,0,123,102943,462455,10348,251,1514,3,462.3514,23333.3333,0,0,0,0,0,0
n012w8-0,n012w8,0,5,500000,100.0,adaptive,2026-07-04T12:13:59+01:00,2,1,8,311303,518,25.118864,725,230,230,0,0.0000,REHEAT,0,123,33061,464542,214607,252,41672,18,0.0000,0.0000,0,0,0,0,0,1
n012w8-0,n012w8,0,5,500000,100.0,adaptive,2026-07-04T12:13:59+01:00,2,1,8,361303,648,25.118864,700,230,230,0,0.0000,REHEAT,0,123,40817,542575,242414,253,50000,130,0.0000,0.0000,0,0,0,0,0,1
n012w8-0,n012w8,0,5,500000,100.0,adaptive,2026-07-04T12:13:59+01:00,2,3,8,370850,745,0.000000,1305,1310,1305,5,0.3817,LOCAL_BEST,0,123,141585,636363,14441,254,9547,97,5.2372,51.5464,0,0,0,0,0,0
n012w8-0,n012w8,0,5,500000,100.0,adaptive,2026-07-04T12:13:59+01:00,2,1,8,411303,763,25.118864,755,230,230,0,0.0000,REHEAT,0,123,48657,620303,270193,255,40453,18,0.0000,0.0000,0,0,0,0,0,1
n012w8-0,n012w8,0,5,500000,100.0,adaptive,2026-07-04T12:13:59+01:00,2,1,8,461303,871,25.118864,730,230,230,0,0.0000,REHEAT,0,123,56581,698027,297984,256,50000,108,0.0000,0.0000,0,0,0,0,0,1
n012w8-0,n012w8,0,5,500000,100.0,adaptive,2026-07-04T12:13:59+01:00,3,1,16,1,1,100.000000,4370,4400,4370,30,0.6818,GLOBAL_BEST,0,42,0,0,0,1,1,1,300000.0000,30000.0000,0,0,0,0,0,0
n012w8-0,n012w8,0,5,500000,100.0,adaptive,2026-07-04T12:13:59+01:00,3,3,16,1,1,0.000000,4280,4400,4280,120,2.7273,LOCAL_BEST,0,42,0,2,0,2,0,0,0.0000,0.0000,0,0,0,0,0,0
n012w8-0,n012w8,0,5,500000,100.0,adaptive,2026-07-04T12:13:59+01:00,3,2,16,1,1,0.000000,4100,4400,4100,300,6.8182,LOCAL_BEST,0,42,0,1,0,3,0,0,0.0000,0.0000,0,0,0,0,0,0
n012w8-0,n012w8,0,5,500000,100.0,adaptive,2026-07-04T12:13:59+01:00,3,3,16,2,1,0.000000,3920,4280,3920,360,8.4112,GLOBAL_BEST,0,42,0,2,0,4,1,0,3600000.0000,0.0000,0,0,0,0,0,0
n012w8-0,n012w8,0,5,500000,100.0,adaptive,2026-07-04T12:13:59+01:00,3,1,16,3,1,99.994474,4280,4370,4280,90,2.0595,GLOBAL_BEST,0,42,0,3,0,5,1,0,900000.0000,0.0000,0,0,0,0,0,0
n012w8-0,n012w8,0,5,500000,100.0,adaptive,2026-07-04T12:13:59+01:00,3,2,16,3,1,0.000000,4090,4100,4090,10,0.2439,LOCAL_BEST,0,42,0,5,0,6,0,0,0.0000,0.0000,0,0,0,0,0,0
n012w8-0,n012w8,0,5,500000,100.0,adaptive,2026-07-04T12:13:59+01:00,3,1,16,4,1,99.991711,4115,4280,4115,165,3.8551,LOCAL_BEST,0,42,0,8,0,7,1,0,1650000.0000,0.0000,0,0,0,0,0,0
n012w8-0,n012w8,0,5,500000,100.0,adaptive,2026-07-04T12:13:59+01:00,3,3,16,4,1,0.000000,3880,3920,3880,40,1.0204,GLOBAL_BEST,0,42,1,5,0,8,0,0,0.0000,0.0000,0,0,0,0,0,0
n012w8-0,n012w8,0,5,500000,100.0,adaptive,2026-07-04T12:13:59+01:00,3,2,16,4,1,0.000000,4015,4090,4015,75,1.8337,LOCAL_BEST,0,42,0,10,0,9,0,0,0.0000,0.0000,0,0,0,0,0,0
n012w8-0,n012w8,0,5,500000,100.0,adaptive,2026-07-04T12:13:59+01:00,3,3,16,5,1,0.000000,3860,3880,3860,20,0.5155,GLOBAL_BEST,0,42,1,5,0,10,1,0,200000.0000,0.0000,0,0,0,0,0,0
n012w8-0,n012w8,0,5,500000,100.0,adaptive,2026-07-04T12:13:59+01:00,3,1,16,6,1,99.986185,3995,4115,3995,120,2.9162,LOCAL_BEST,0,42,0,14,0,11,1,0,1200000.0000,0.0000,0,0,0,0,0,0
n012w8-0,n012w8,0,5,500000,100.0,adaptive,2026-07-04T12:13:59+01:00,3,3,16,6,1,0.000000,3680,3860,3680,180,4.6632,GLOBAL_BEST,0,42,1,13,0,12,0,0,0.0000,0.0000,0,0,0,0,0,0
n012w8-0,n012w8,0,5,500000,100.0,adaptive,2026-07-04T12:13:59+01:00,3,2,16,6,1,0.000000,3685,4015,3685,330,8.2192,LOCAL_BEST,0,42,0,10,0,13,0,0,0.0000,0.0000,0,0,0,0,0,0
n012w8-0,n012w8,0,5,500000,100.0,adaptive,2026-07-04T12:13:59+01:00,3,2,16,7,1,0.000000,3505,3685,3505,180,4.8847,GLOBAL_BEST,0,42,0,12,0,14,1,0,1800000.0000,0.0000,0,0,0,0,0,0
n012w8-0,n012w8,0,5,500000,100.0,adaptive,2026-07-04T12:13:59+01:00,3,1,16,8,1,99.980660,3955,3995,3955,40,1.0013,LOCAL_BEST,0,42,0,15,0,15,1,0,400000.0000,0.0000,0,0,0,0,0,0
n012w8-0,n012w8,0,5,500000,100.0,adaptive,2026-07-04T12:13:59+01:00,3,2,16,8,1,0.000000,3445,3505,3445,60,1.7118,LOCAL_BEST,0,42,0,19,0,16,0,0,0.0000,0.0000,0,0,0,0,0,0
n012w8-0,n012w8,0,5,500000,100.0,adaptive,2026-07-04T12:13:59+01:00,3,1,16,9,1,99.977898,3760,3955,3760,195,4.9305,GLOBAL_BEST,0,42,0,15,0,17,1,0,1950000.0000,0.0000,0,0,0,0,0,0
n012w8-0,n012w8,0,5,500000,100.0,adaptive,2026-07-04T12:13:59+01:00,3,5,16,9,46,0.000000,950,960,950,10,1.0417,LOCAL_BEST,1,42,0,14,8,18,0,45,0.0000,222.2222,0,0,0,0,0,0
n012w8-0,n012w8,0,5,500000,100.0,adaptive,2026-07-04T12:13:59+01:00,3,1,16,10,1,99.975135,3740,3760,3740,20,0.5319,LOCAL_BEST,0,42,0,20,0,19,1,-45,200000.0000,0.0000,0,0,0,0,0,0
n012w8-0,n012w8,0,5,500000,100.0,adaptive,2026-07-04T12:13:59+01:00,3,3,16,10,1,0.000000,3635,3680,3635,45,1.2228,LOCAL_BEST,0,42,2,21,0,20,0,0,0.0000,0.0000,0,0,0,0,0,0
n012w8-0,n012w8,0,5,500000,100.0,adaptive,2026-07-04T12:13:59+01:00,3,5,16,10,46,0.000000,935,950,935,15,1.5789,LOCAL_BEST,1,42,0,16,8,21,0,45,0.0000,333.3333,0,0,0,0,0,0
n012w8-0,n012w8,0,5,500000,100.0,adaptive,2026-07-04T12:13:59+01:00,3,3,16,11,1,0.000000,3395,3635,3395,240,6.6025,GLOBAL_BEST,0,42,2,23,0,22,1,-45,2400000.0000,0.0000,0,0,0,0,0,0
n012w8-0,n012w8,0,5,500000,100.0,adaptive,2026-07-04T12:13:59+01:00,3,1,16,12,1,99.969610,3575,3740,3575,165,4.4118,GLOBAL_BEST,0,42,0,24,0,23,1,0,1650000.0000,0.0000,0,0,0,0,0,0
n012w8-0,n012w8,0,5,500000,100.0,adaptive,2026-07-04T12:13:59+01:00,3,3,16,14,1,0.000000,3320,3395,3320,75,2.2091,GLOBAL_BEST,0,42,4,23,0,24,2,0,375000.0000,0.0000,0,0,0,0,0,0
n012w8-0,n012w8,0,5,500000,100.0,adaptive,2026-07-04T12:13:59+01:00,3,2,16,14,1,0.000000,3325,3445,3325,120,3.4833,LOCAL_BEST,0,42,0,31,0,25,0,0,0.0000,0.0000,0,0,0,0,0,0
n012w8-0,n012w8,0,5,500000,100.0,adaptive,2026-07-04T12:13:59+01:00,3,1,16,15,1,99.961324,3500,3575,3500,75,2.0979,LOCAL_BEST,0,42,0,34,0,26,1,0,750000.0000,0.0000,0,0,0,0,0,0
n012w8-0,n012w8,0,5,500000,100.0,adaptive,2026-07-04T12:13:59+01:00,3,2,16,16,1,0.000000,3295,3325,3295,30,0.9023,LOCAL_BEST,0,42,0,38,0,27,1,0,300000.0000,0.0000,0,0,0,0,0,0
n012w8-0,n012w8,0,5,500000,100.0,adaptive,2026-07-04T12:13:59+01:00,3,2,16,18,1,0.000000,3175,3295,3175,120,3.6419,LOCAL_BEST,0,42,0,40,0,28,2,0,600000.0000,0.0000,0,0,0,0,0,0
n012w8-0,n012w8,0,5,500000,100.0,adaptive,2026-07-04T12:13:59+01:00,3,1,16,19,1,99.950277,3290,3500,3290,210,6.0000,GLOBAL_BEST,0,42,0,36,0,29,1,0,2100000.0000,0.0000,0,0,0,0,0,0
n012w8-0,n012w8,0,5,500000,100.0,adaptive,2026-07-04T12:13:59+01:00,3,2,16,19,1,0.000000,3160,3175,3160,15,0.4724,LOCAL_BEST,0,42,0,50,0,30,0,0,0.0000,0.0000,0,0,0,0,0,0
n012w8-0,n012w8,0,5,500000,100.0,adaptive,2026-07-04T12:13:59+01:00,3,5,16,19,46,0.000000,890,935,890,45,4.8128,GLOBAL_BEST,1,42,0,22,16,31,0,45,0.0000,1000.0000,0,0,0,0,0,0
n012w8-0,n012w8,0,5,500000,100.0,adaptive,2026-07-04T12:13:59+01:00,3,1,16,20,1,99.947515,3230,3290,3230,60,1.8237,GLOBAL_BEST,0,42,0,39,0,32,1,-45,600000.0000,0.0000,0,0,0,0,0,0
n012w8-0,n012w8,0,5,500000,100.0,adaptive,2026-07-04T12:13:59+01:00,3,2,16,20,1,0.000000,3130,3160,3130,30,0.9494,LOCAL_BEST,0,42,0,51,0,33,0,0,0.0000,0.0000,0,0,0,0,0,0
n012w8-0,n012w8,0,5,500000,100.0,adaptive,2026-07-04T12:13:59+01:00,3,1,16,21,1,99.944753,3200,3230,3200,30,0.9288,GLOBAL_BEST,0,42,0,41,0,34,1,0,300000.0000,0.0000,0,0,0,0,0,0
n012w8-0,n012w8,0,5,500000,100.0,adaptive,2026-07-04T12:13:59+01:00,3,3,16,21,1,0.000000,3215,3320,3215,105,3.1627,LOCAL_BEST,0,42,7,47,0,35,0,0,0.0000,0.0000,0,0,0,0,0,0
n012w8-0,n012w8,0,5,500000,100.0,adaptive,2026-07-04T12:13:59+01:00,3,2,16,21,1,0.000000,3055,3130,3055,75,2.3962,LOCAL_BEST,0,42,0,51,0,36,0,0,0.0000,0.0000,0,0,0,0,0,0
n012w8-0,n012w8,0,5,500000,100.0,adaptive,2026-07-04T12:13:59+01:00,3,5,16,21,46,0.000000,860,890,860,30,3.3708,GLOBAL_BEST,1,42,0,26,17,37,0,45,0.0000,666.6667,0,0,0,0,0,0
n012w8-0,n012w8,0,5,500000,100.0,adaptive,2026-07-04T12:13:59+01:00,3,1,16,22,1,99.941992,3140,3200,3140,60,1.8750,GLOBAL_BEST,0,42,0,41,0,38,1,-45,600000.0000,0.0000,0,0,0,0,0,0
n012w8-0,n012w8,0,5,500000,100.0,adaptive,2026-07-04T12:13:59+01:00,3,3,16,22,1,0.000000,3155,3215,3155,60,1.8663,LOCAL_BEST,0,42,7,51,0,39,0,0,0.0000,0.0000,0,0,0,0,0,0
n012w8-0,n012w8,0,5,500000,100.0,adaptive,2026-07-04T12:13:59+01:00,3,2,16,22,1,0.000000,2965,3055,2965,90,2.9460,LOCAL_BEST,0,42,0,51,0,40,0,0,0.0000,0.0000,0,0,0,0,0,0
n012w8-0,n012w8,0,5,500000,100.0,adaptive,2026-07-04T12:13:59+01:00,3,1,16,23,1,99.939230,2990,3140,2990,150,4.7771,GLOBAL_BEST,0,42,0,43,0,41,1,0,1500000.0000,0.0000,0,0,0,0,0,0
n012w8-0,n012w8,0,5,500000,100.0,adaptive,2026-07-04T12:13:59+01:00,3,3,16,23,1,0.000000,3095,3155,3095,60,1.9017,LOCAL_BEST,0,42,7,54,0,42,0,0,0.0000,0.0000,0,0,0,0,0,0
n012w8-0,n012w8,0,5,500000,100.0,adaptive,2026-07-04T12:13:59+01:00,3,1,16,24,1,99.936469,2795,2990,2795,195,6.5217,GLOBAL_BEST,0,42,0,44,0,43,1,0,1950000.0000,0.0000,0,0,0,0,0,0
n012w8-0,n012w8,0,5,500000,100.0,adaptive,2026-07-04T12:13:59+01:00,3,1,16,25,1,99.933708,2765,2795,2765,30,1.0733,GLOBAL_BEST,0,42,0,45,0,44,1,0,300000.0000,0.0000,0,0,0,0,0,0
n012w8-0,n012w8,0,5,500000,100.0,adaptive,2026-07-04T12:13:59+01:00,3,2,16,25,1,0.000000,2815,2965,2815,150,5.0590,LOCAL_BEST,0,42,0,57,0,45,0,0,0.0000,0.0000,0,0,0,0,0,0
n012w8-0,n012w8,0,5,500000,100.0,adaptive,2026-07-04T12:13:59+01:00,3,1,16,26,1,99.930946,2585,2765,2585,180,6.5099,GLOBAL_BEST,0,42,0,45,0,46,1,0,1800000.0000,0.0000,0,0,0,0,0,0
n012w8-0,n012w8,0,5,500000,100.0,adaptive,2026-07-04T12:13:59+01:00,3,2,16,26,1,0.000000,2605,2815,2605,210,7.4600,LOCAL_BEST,0,42,0,61,0,47,0,0,0.0000,0.0000,0,0,0,0,0,0
n012w8-0,n012w8,0,5,500000,100.0,adaptive,2026-07-04T12:13:59+01:00,3,3,16,27,1,0.000000,3065,3095,3065,30,0.9693,LOCAL_BEST,0,42,8,58,0,48,1,0,300000.0000,0.0000,0,0,0,0,0,0
n012w8-0,n012w8,0,5,500000,100.0,adaptive,2026-07-04T12:13:59+01:00,3,1,16,28,1,99.925424,2480,2585,2480,105,4.0619,GLOBAL_BEST,0,42,1,47,0,49,1,0,1050000.0000,0.0000,0,0,0,0,0,0
n012w8-0,n012w8,0,5,500000,100.0,adaptive,2026-07-04T12:13:59+01:00,3,1,16,29,1,99.922663,2405,2480,2405,75,3.0242,GLOBAL_BEST,0,42,1,47,0,50,1,0,750000.0000,0.0000,0,0,0,0,0,0
n012w8-0,n012w8,0,5,500000,100.0,adaptive,2026-07-04T12:13:59+01:00,3,3,16,29,1,0.000000,2945,3065,2945,120,3.9152,LOCAL_BEST,0,42,8,60,0,51,0,0,0.0000,0.0000,0,0,0,0,0,0
n012w8-0,n012w8,0,5,500000,100.0,adaptive,2026-07-04T12:13:59+01:00,3,3,16,36,1,0.000000,2915,2945,2915,30,1.0187,LOCAL_BEST,0,42,11,73,0,52,7,0,42857.1429,0.0000,0,0,0,0,0,0
n012w8-0,n012w8,0,5,500000,100.0,adaptive,2026-07-04T12:13:59+01:00,3,3,16,41,1,0.000000,2840,2915,2840,75,2.5729,LOCAL_BEST,0,42,12,82,0,53,5,0,150000.0000,0.0000,0,0,0,0,0,0
n012w8-0,n012w8,0,5,500000,100.0,adaptive,2026-07-04T12:13:59+01:00,3,3,16,48,1,0.000000,2765,2840,2765,75,2.6408,LOCAL_BEST,0,42,15,91,1,54,7,0,107142.8571,0.0000,0,0,0,0,0,0
n012w8-0,n012w8,0,5,500000,100.0,adaptive,2026-07-04T12:13:59+01:00,3,1,16,50,1,99.864700,2345,2405,2345,60,2.4948,GLOBAL_BEST,0,42,7,81,7,55,2,0,300000.0000,0.0000,0,0,0,0,0,0
n012w8-0,n012w8,0,5,500000,100.0,adaptive,2026-07-04T12:13:59+01:00,3,1,16,51,1,99.861940,2285,2345,2285,60,2.5586,GLOBAL_BEST,0,42,7,84,7,56,1,0,600000.0000,0.0000,0,0,0,0,0,0
n012w8-0,n012w8,0,5,500000,100.0,adaptive,2026-07-04T12:13:59+01:00,3,1,16,53,1,99.856422,2240,2285,2240,45,1.9694,GLOBAL_BEST,0,42,7,85,7,57,2,0,225000.0000,0.0000,0,0,0,0,0,0
n012w8-0,n012w8,0,5,500000,100.0,adaptive,2026-07-04T12:13:59+01:00,3,1,16,55,1,99.850904,2210,2240,2210,30,1.3393,GLOBAL_BEST,0,42,7,87,7,58,2,0,150000.0000,0.0000,0,0,0,0,0,0
n012w8-0,n012w8,0,5,500000,100.0,adaptive,2026-07-04T12:13:59+01:00,3,1,16,56,1,99.848145,2180,2210,2180,30,1.3575,GLOBAL_BEST,0,42,7,88,7,59,1,0,300000.0000,0.0000,0,0,0,0,0,0
n012w8-0,n012w8,0,5,500000,100.0,adaptive,2026-07-04T12:13:59+01:00,3,1,16,57,1,99.845386,2150,2180,2150,30,1.3761,GLOBAL_BEST,0,42,7,88,7,60,1,0,300000.0000,0.0000,0,0,0,0,0,0
n012w8-0,n012w8,0,5,500000,100.0,adaptive,2026-07-04T12:13:59+01:00,3,1,16,61,1,99.834351,2105,2150,2105,45,2.0930,GLOBAL_BEST,0,42,8,96,8,61,4,0,112500.0000,0.0000,0,0,0,0,0,0
n012w8-0,n012w8,0,5,500000,100.0,adaptive,2026-07-04T12:13:59+01:00,3,3,16,64,1,0.000000,2715,2765,2715,50,1.8083,LOCAL_BEST,0,42,21,124,1,62,3,0,166666.6667,0.0000,0,0,0,0,0,0
n012w8-0,n012w8,0,5,500000,100.0,adaptive,2026-07-04T12:13:59+01:00,3,2,16,65,1,0.000000,2595,2605,2595,10,0.3839,LOCAL_BEST,0,42,0,141,0,63,1,0,100000.0000,0.0000,0,0,0,0,0,0
n012w8-0,n012w8,0,5,500000,100.0,adaptive,2026-07-04T12:13:59+01:00,3,2,16,66,1,0.000000,2575,2595,2575,20,0.7707,LOCAL_BEST,0,42,0,142,0,64,1,0,200000.0000,0.0000,0,0,0,0,0,0
n012w8-0,n012w8,0,5,500000,100.0,adaptive,2026-07-04T12:13:59+01:00,3,3,16,67,1,0.000000,2540,2715,2540,175,6.4457,LOCAL_BEST,0,42,22,130,1,65,1,0,1750000.0000,0.0000,0,0,0,0,0,0
n012w8-0,n012w8,0,5,500000,100.0,adaptive,2026-07-04T12:13:59+01:00,3,2,16,69,1,0.000000,2495,2575,2495,80,3.1068,LOCAL_BEST,0,42,0,147,0,66,2,0,400000.0000,0.0000,0,0,0,0,0,0
n012w8-0,n012w8,0,5,500000,100.0,adaptive,2026-07-04T12:13:59+01:00,3,3,16,70,1,0.000000,2525,2540,2525,15,0.5906,LOCAL_BEST,0,42,22,138,2,67,1,0,150000.0000,0.0000,0,0,0,0,0,0
n012w8-0,n012w8,0,5,500000,100.0,adaptive,2026-07-04T12:13:59+01:00,3,2,16,72,1,0.000000,2235,2495,2235,260,10.4208,LOCAL_BEST,0,42,0,151,0,68,2,0,1300000.0000,0.0000,0,0,0,0,0,0
n012w8-0,n012w8,0,5,500000,100.0,adaptive,2026-07-04T12:13:59+01:00,3,3,16,73,1,0.000000,2435,2525,2435,90,3.5644,LOCAL_BEST,0,42,23,145,2,69,1,0,900000.0000,0.0000,0,0,0,0,0,0
n012w8-0,n012w8,0,5,500000,100.0,adaptive,2026-07-04T12:13:59+01:00,3,1,16,84,1,99.770925,1925,2105,1925,180,8.5511,GLOBAL_BEST,0,42,17,134,14,70,11,0,163636.3636,0.0000,0,0,0,0,0,0
n012w8-0,n012w8,0,5,500000,100.0,adaptive,2026-07-04T12:13:59+01:00,3,1,16,86,1,99.765412,1840,1925,1840,85,4.4156,GLOBAL_BEST,0,42,17,136,15,71,2,0,425000.0000,0.0000,0,0,0,0,0,0
n012w8-0,n012w8,0,5,500000,100.0,adaptive,2026-07-04T12:13:59+01:00,3,3,16,88,1,0.000000,2425,2435,2425,10,0.4107,LOCAL_BEST,0,42,31,167,3,72,2,0,50000.0000,0.0000,0,0,0,0,0,0
n012w8-0,n012w8,0,5,500000,100.0,adaptive,2026-07-04T12:13:59+01:00,3,3,16,89,1,0.000000,2320,2425,2320,105,4.3299,LOCAL_BEST,0,42,31,167,3,73,1,0,1050000.0000,0.0000,0,0,0,0,0,0
n012w8-0,n012w8,0,5,500000,100.0,adaptive,2026-07-04T12:13:59+01:00,3,3,16,90,1,0.000000,2110,2320,2110,210,9.0517,LOCAL_BEST,0,42,31,167,3,74,1,0,2100000.0000,0.0000,0,0,0,0,0,0
n012w8-0,n012w8,0,5,500000,100.0,adaptive,2026-07-04T12:13:59+01:00,3,3,16,91,1,0.000000,2035,2110,2035,75,3.5545,LOCAL_BEST,0,42,31,168,3,75,1,0,750000.0000,0.0000,0,0,0,0,0,0
n012w8-0,n012w8,0,5,500000,100.0,adaptive,2026-07-04T12:13:59+01:00,3,3,16,92,1,0.000000,2005,2035,2005,30,1.4742,LOCAL_BEST,0,42,31,169,3,76,1,0,300000.0000,0.0000,0,0,0,0,0,0
n012w8-0,n012w8,0,5,500000,100.0,adaptive,2026-07-04T12:13:59+01:00,3,11,16,100,96,0.000000,590,595,590,5,0.8403,GLOBAL_BEST,4,42,0,141,93,77,8,95,6250.0000,52.6316,0,0,0,0,0,0
n012w8-0,n012w8,0,5,500000,100.0,adaptive,2026-07-04T12:13:59+01:00,3,2,16,101,1,0.000000,2025,2235,2025,210,9.3960,LOCAL_BEST,0,42,0,196,0,78,1,-95,2100000.0000,0.0000,0,0,0,0,0,0
n012w8-0,n012w8,0,5,500000,100.0,adaptive,2026-07-04T12:13:59+01:00,3,2,16,102,1,0.000000,2010,2025,2010,15,0.7407,LOCAL_BEST,0,42,0,198,0,79,1,0,150000.0000,0.0000,0,0,0,0,0,0
n012w8-0,n012w8,0,5,500000,100.0,adaptive,2026-07-04T12:13:59+01:00,3,2,16,104,1,0.000000,1950,2010,1950,60,2.9851,LOCAL_BEST,0,42,0,202,0,80,2,0,300000.0000,0.0000,0,0,0,0,0,0
n012w8-0,n012w8,0,5,500000,100.0,adaptive,2026-07-04T12:13:59+01:00,3,1,16,106,1,99.710295,1825,1840,1825,15,0.8152,GLOBAL_BEST,0,42,25,167,20,81,2,0,75000.0000,0.0000,0,0,0,0,0,0
n012w8-0,n012w8,0,5,500000,100.0,adaptive,2026-07-04T12:13:59+01:00,3,1,16,119,1,99.674485,1805,1825,1805,20,1.0959,GLOBAL_BEST,0,42,28,198,25,82,13,0,15384.6154,0.0000,0,0,0,0,0,0
n012w8-0,n012w8,0,5,500000,100.0,adaptive,2026-07-04T12:13:59+01:00,3,14,16,151,172,0.000000,460,475,460,15,3.1579,LOCAL_BEST,6,42,0,192,140,83,32,171,4687.5000,87.7193,0,0,0,0,0,0
n012w8-0,n012w8,0,5,500000,100.0,adaptive,2026-07-04T12:13:59+01:00,3,1,16,155,1,99.575386,1790,1805,1790,15,0.8310,GLOBAL_BEST,0,42,42,263,31,84,4,-171,37500.0000,0.0000,0,0,0,0,0,0
n012w8-0,n012w8,0,5,500000,100.0,adaptive,2026-07-04T12:13:59+01:00,3,1,16,177,1,99.514875,1745,1790,1745,45,2.5140,GLOBAL_BEST,0,42,50,296,36,85,22,0,20454.5455,0.0000,0,0,0,0,0,0
n012w8-0,n012w8,0,5,500000,100.0,adaptive,2026-07-04T12:13:59+01:00,3,1,16,178,1,99.512125,1730,1745,1730,15,0.8596,GLOBAL_BEST,0,42,50,298,36,86,1,0,150000.0000,0.0000,0,0,0,0,0,0
n012w8-0,n012w8,0,5,500000,100.0,adaptive,2026-07-04T12:13:59+01:00,3,1,16,179,1,99.509375,1665,1730,1665,65,3.7572,GLOBAL_BEST,0,42,50,301,36,87,1,0,650000.0000,0.0000,0,0,0,0,0,0
n012w8-0,n012w8,0,5,500000,100.0,adaptive,2026-07-04T12:13:59+01:00,3,3,16,216,1,0.000000,1865,2005,1865,140,6.9825,LOCAL_BEST,0,42,74,343,5,88,37,0,37837.8378,0.0000,0,0,0,0,0,0
n012w8-0,n012w8,0,5,500000,100.0,adaptive,2026-07-04T12:13:59+01:00,3,11,16,253,96,0.000000,575,590,575,15,2.5424,GLOBAL_BEST,4,42,0,347,236,89,37,95,4054.0541,157.8947,0,0,0,0,0,0
n012w8-0,n012w8,0,5,500000,100.0,adaptive,2026-07-04T12:13:59+01:00,3,1,16,283,1,99.223833,1650,1665,1650,15,0.9009,GLOBAL_BEST,0,42,74,461,67,90,30,-95,5000.0000,0.0000,0,0,0,0,0,0
n012w8-0,n012w8,0,5,500000,100.0,adaptive,2026-07-04T12:13:59+01:00,3,1,16,284,1,99.221091,1620,1650,1620,30,1.8182,GLOBAL_BEST,0,42,74,464,67,91,1,0,300000.0000,0.0000,0,0,0,0,0,0
n012w8-0,n012w8,0,5,500000,100.0,adaptive,2026-07-04T12:13:59+01:00,3,1,16,287,1,99.212867,1590,1620,1590,30,1.8519,GLOBAL_BEST,0,42,75,467,67,92,3,0,100000.0000,0.0000,0,0,0,0,0,0
n012w8-0,n012w8,0,5,500000,100.0,adaptive,2026-07-04T12:13:59+01:00,3,2,16,345,1,0.000000,1845,1950,1845,105,5.3846,LOCAL_BEST,0,42,0,606,0,93,58,0,18103.4483,0.0000,0,0,0,0,0,0
n012w8-0,n012w8,0,5,500000,100.0,adaptive,2026-07-04T12:13:59+01:00,3,2,16,373,1,0.000000,1815,1845,1815,30,1.6260,LOCAL_BEST,0,42,0,643,0,94,28,0,10714.2857,0.0000,0,0,0,0,0,0
n012w8-0,n012w8,0,5,500000,100.0,adaptive,2026-07-04T12:13:59+01:00,3,11,16,386,97,0.000000,560,575,560,15,2.6087,GLOBAL_BEST,4,42,0,492,354,95,13,96,11538.4615,156.2500,0,0,0,0,0,0
n012w8-0,n012w8,0,5,500000,100.0,adaptive,2026-07-04T12:13:59+01:00,3,5,16,464,47,0.000000,815,860,815,45,5.2326,GLOBAL_BEST,1,42,0,686,363,96,78,-50,5769.2308,0.0000,0,0,0,0,0,0
n012w8-0,n012w8,0,5,500000,100.0,adaptive,2026-07-04T12:13:59+01:00,3,1,16,594,1,98.374831,1555,1590,1555,35,2.2013,GLOBAL_BEST,0,42,167,938,154,97,130,-46,2692.3077,0.0000,0,0,0,0,0,0
n012w8-0,n012w8,0,5,500000,100.0,adaptive,2026-07-04T12:13:59+01:00,3,1,16,610,1,98.331350,1550,1555,1550,5,0.3215,GLOBAL_BEST,0,42,171,970,159,98,16,0,3125.0000,0.0000,0,0,0,0,0,0
n012w8-0,n012w8,0,5,500000,100.0,adaptive,2026-07-04T12:13:59+01:00,3,1,16,611,1,98.328633,1535,1550,1535,15,0.9677,GLOBAL_BEST,0,42,171,971,159,99,1,0,150000.0000,0.0000,0,0,0,0,0,0
n012w8-0,n012w8,0,5,500000,100.0,adaptive,2026-07-04T12:13:59+01:00,3,1,16,620,1,98.304183,1475,1535,1475,60,3.9088,GLOBAL_BEST,0,42,173,980,164,100,9,0,66666.6667,0.0000,0,0,0,0,0,0
n012w8-0,n012w8,0,5,500000,100.0,adaptive,2026-07-04T12:13:59+01:00,3,1,16,922,1,97.487290,1420,1475,1420,55,3.7288,GLOBAL_BEST,0,42,246,1418,261,101,302,0,1821.1921,0.0000,0,0,0,0,0,0
n012w8-0,n012w8,0,5,500000,100.0,adaptive,2026-07-04T12:13:59+01:00,3,1,16,923,1,97.484597,1405,1420,1405,15,1.0563,GLOBAL_BEST,0,42,246,1419,261,102,1,0,150000.0000,0.0000,0,0,0,0,0,0
n012w8-0,n012w8,0,5,500000,100.0,adaptive,2026-07-04T12:13:59+01:00,3,1,16,929,1,97.468437,1345,1405,1345,60,4.2705,GLOBAL_BEST,0,42,246,1431,265,103,6,0,100000.0000,0.0000,0,0,0,0,0,0
n012w8-0,n012w8,0,5,500000,100.0,adaptive,2026-07-04T12:13:59+01:00,3,1,16,981,2,97.328493,1285,1345,1285,60,4.4610,GLOBAL_BEST,0,42,252,1543,296,104,52,1,11538.4615,60000.0000,0,0,0,0,0,0
n012w8-0,n012w8,0,5,500000,100.0,adaptive,2026-07-04T12:13:59+01:00,3,2,16,1090,2,0.000000,1800,1815,1800,15,0.8264,LOCAL_BEST,0,42,0,1919,3,105,109,0,1376.1468,0.0000,0,0,0,0,0,0
n012w8-0,n012w8,0,5,500000,100.0,adaptive,2026-07-04T12:13:59+01:00,3,2,16,1091,2,0.000000,1725,1800,1725,75,4.1667,LOCAL_BEST,0,42,0,1920,3,106,1,0,750000.0000,0.0000,0,0,0,0,0,0
n012w8-0,n012w8,0,5,500000,100.0,adaptive,2026-07-04T12:13:59+01:00,3,2,16,1092,2,0.000000,1695,1725,1695,30,1.7391,LOCAL_BEST,0,42,0,1920,3,107,1,0,300000.0000,0.0000,0,0,0,0,0,0
n012w8-0,n012w8,0,5,500000,100.0,adaptive,2026-07-04T12:13:59+01:00,3,11,16,1281,99,0.000000,550,560,550,10,1.7857,GLOBAL_BEST,4,42,0,1799,1174,108,189,97,529.1005,103.0928,0,0,0,0,0,0
n012w8-0,n012w8,0,5,500000,100.0,adaptive,2026-07-04T12:13:59+01:00,3,11,16,1652,101,0.000000,520,550,520,30,5.4545,GLOBAL_BEST,4,42,0,2381,1509,109,371,2,808.6253,15000.0000,0,0,0,0,0,0
n012w8-0,n012w8,0,5,500000,100.0,adaptive,2026-07-04T12:13:59+01:00,3,2,16,2115,4,0.000000,1680,1695,1680,15,0.8850,LOCAL_BEST,0,42,0,3673,136,110,463,-97,323.9741,0.0000,0,0,0,0,0,0
n012w8-0,n012w8,0,5,500000,100.0,adaptive,2026-07-04T12:13:59+01:00,3,3,16,2138,4,0.000000,1800,1865,1800,65,3.4853,LOCAL_BEST,0,42,768,3587,81,111,23,0,28260.8696,0.0000,0,0,0,0,0,0
n012w8-0,n012w8,0,5,500000,100.0,adaptive,2026-07-04T12:13:59+01:00,3,1,16,2488,4,93.358959,1280,1285,1280,5,0.3891,GLOBAL_BEST,0,42,621,3991,801,112,350,0,142.8571,0.0000,0,0,0,0,0,0
n012w8-0,n012w8,0,5,500000,100.0,adaptive,2026-07-04T12:13:59+01:00,3,1,16,2494,4,93.343483,1265,1280,1265,15,1.1719,GLOBAL_BEST,0,42,621,3998,806,113,6,0,25000.0000,0.0000,0,0,0,0,0,0
n012w8-0,n012w8,0,5,500000,100.0,adaptive,2026-07-04T12:13:59+01:00,3,2,16,2725,5,0.000000,1675,1680,1675,5,0.2976,LOCAL_BEST,0,42,0,4653,231,114,231,1,216.4502,5000.0000,0,0,0,0,0,0
n012w8-0,n012w8,0,5,500000,100.0,adaptive,2026-07-04T12:13:59+01:00,3,2,16,2726,5,0.000000,1645,1675,1645,30,1.7910,LOCAL_BEST,0,42,0,4656,231,115,1,0,300000.0000,0.0000,0,0,0,0,0,0
n012w8-0,n012w8,0,5,500000,100.0,adaptive,2026-07-04T12:13:59+01:00,3,2,16,2727,5,0.000000,1585,1645,1585,60,3.6474,LOCAL_BEST,0,42,0,4656,231,116,1,0,600000.0000,0.0000,0,0,0,0,0,0
n012w8-0,n012w8,0,5,500000,100.0,adaptive,2026-07-04T12:13:59+01:00,3,5,16,2908,51,0.000000,805,815,805,10,1.2270,GLOBAL_BEST,1,42,0,4409,2249,117,181,46,552.4862,217.3913,0,0,0,0,0,0
n012w8-0,n012w8,0,5,500000,100.0,adaptive,2026-07-04T12:13:59+01:00,3,3,16,3285,6,0.000000,1755,1800,1755,45,2.5000,LOCAL_BEST,0,42,1191,5534,118,118,377,-45,1193.6340,0.0000,0,0,0,0,0,0
n012w8-0,n012w8,0,5,500000,100.0,adaptive,2026-07-04T12:13:59+01:00,3,3,16,3286,6,0.000000,1560,1755,1560,195,11.1111,LOCAL_BEST,0,42,1191,5538,118,119,1,0,1950000.0000,0.0000,0,0,0,0,0,0
n012w8-0,n012w8,0,5,500000,100.0,adaptive,2026-07-04T12:13:59+01:00,3,1,16,3669,6,90.361618,1250,1265,1250,15,1.1858,GLOBAL_BEST,0,42,905,6180,1238,120,383,0,391.6449,0.0000,0,0,0,0,0,0
n012w8-0,n012w8,0,5,500000,100.0,adaptive,2026-07-04T12:13:59+01:00,3,1,16,3696,6,90.294230,1235,1250,1235,15,1.2000,GLOBAL_BEST,0,42,907,6219,1254,121,27,0,5555.5556,0.0000,0,0,0,0,0,0
n012w8-0,n012w8,0,5,500000,100.0,adaptive,2026-07-04T12:13:59+01:00,3,1,16,4011,7,89.511740,1160,1235,1160,75,6.0729,GLOBAL_BEST,0,42,977,6744,1367,122,315,1,2380.9524,75000.0000,0,0,0,0,0,0
n012w8-0,n012w8,0,5,500000,100.0,adaptive,2026-07-04T12:13:59+01:00,3,1,16,4012,7,89.509267,1145,1160,1145,15,1.2931,GLOBAL_BEST,0,42,977,6744,1367,123,1,0,150000.0000,0.0000,0,0,0,0,0,0
n012w8-0,n012w8,0,5,500000,100.0,adaptive,2026-07-04T12:13:59+01:00,3,5,16,4702,54,0.000000,800,805,800,5,0.6211,GLOBAL_BEST,1,42,0,7083,3699,124,690,47,72.4638,106.3830,0,0,0,0,0,0
n012w8-0,n012w8,0,5,500000,100.0,adaptive,2026-07-04T12:13:59+01:00,3,5,16,4933,55,0.000000,770,800,770,30,3.7500,GLOBAL_BEST,1,42,0,7370,3872,125,231,1,1298.7013,30000.0000,0,0,0,0,0,0
n012w8-0,n012w8,0,5,500000,100.0,adaptive,2026-07-04T12:13:59+01:00,3,2,16,5012,9,0.000000,1580,1585,1580,5,0.3155,LOCAL_BEST,0,42,0,8490,838,126,79,-46,632.9114,0.0000,0,0,0,0,0,0
n012w8-0,n012w8,0,5,500000,100.0,adaptive,2026-07-04T12:13:59+01:00,3,2,16,5017,9,0.000000,1490,1580,1490,90,5.6962,LOCAL_BEST,0,42,0,8503,838,127,5,0,180000.0000,0.0000,0,0,0,0,0,0
n012w8-0,n012w8,0,5,500000,100.0,adaptive,2026-07-04T12:13:59+01:00,3,5,16,5162,55,0.000000,745,770,745,25,3.2468,GLOBAL_BEST,1,42,0,7708,4049,128,145,46,1724.1379,543.4783,0,0,0,0,0,0
n012w8-0,n012w8,0,5,500000,100.0,adaptive,2026-07-04T12:13:59+01:00,3,2,16,6023,12,0.000000,1460,1490,1460,30,2.0134,LOCAL_BEST,0,42,0,10210,1197,129,861,-43,348.4321,0.0000,0,0,0,0,0,0
n012w8-0,n012w8,0,5,500000,100.0,adaptive,2026-07-04T12:13:59+01:00,3,4,16,6088,57,84.519321,860,960,860,100,10.4167,LOCAL_BEST,1,42,1444,9904,2201,130,65,45,15384.6154,2222.2222,0,0,0,0,0,0
n012w8-0,n012w8,0,5,500000,100.0,adaptive,2026-07-04T12:13:59+01:00,3,11,16,6436,111,0.000000,515,520,515,5,0.9615,GLOBAL_BEST,4,42,0,9218,5810,131,348,54,143.6782,92.5926,0,0,0,0,0,0
n012w8-0,n012w8,0,5,500000,100.0,adaptive,2026-07-04T12:13:59+01:00,3,11,16,6954,112,0.000000,505,515,505,10,1.9417,GLOBAL_BEST,4,42,0,9961,6267,132,518,1,193.0502,10000.0000,0,0,0,0,0,0
n012w8-0,n012w8,0,5,500000,100.0,adaptive,2026-07-04T12:13:59+01:00,3,2,16,7035,13,0.000000,1435,1460,1435,25,1.7123,LOCAL_BEST,0,42,0,11891,1556,133,81,-99,3086.4198,0.0000,0,0,0,0,0,0
n012w8-0,n012w8,0,5,500000,100.0,adaptive,2026-07-04T12:13:59+01:00,3,2,16,7036,13,0.000000,1420,1435,1420,15,1.0453,LOCAL_BEST,0,42,0,11896,1556,134,1,0,150000.0000,0.0000,0,0,0,0,0,0
n012w8-0,n012w8,0,5,500000,100.0,adaptive,2026-07-04T12:13:59+01:00,3,2,16,7037,13,0.000000,1405,1420,1405,15,1.0563,LOCAL_BEST,0,42,0,11896,1556,135,1,0,150000.0000,0.0000,0,0,0,0,0,0
n012w8-0,n012w8,0,5,500000,100.0,adaptive,2026-07-04T12:13:59+01:00,3,5,16,7083,58,0.000000,740,745,740,5,0.6711,GLOBAL_BEST,1,42,0,10530,5569,136,46,45,1086.9565,111.1111,0,0,0,0,0,0
n012w8-0,n012w8,0,5,500000,100.0,adaptive,2026-07-04T12:13:59+01:00,3,2,16,7180,13,0.000000,1400,1405,1400,5,0.3559,LOCAL_BEST,0,42,0,12121,1616,137,97,-45,515.4639,0.0000,0,0,0,0,0,0
n012w8-0,n012w8,0,5,500000,100.0,adaptive,2026-07-04T12:13:59+01:00,3,2,16,7181,13,0.000000,1370,1400,1370,30,2.1429,LOCAL_BEST,0,42,0,12121,1616,138,1,0,300000.0000,0.0000,0,0,0,0,0,0
n012w8-0,n012w8,0,5,500000,100.0,adaptive,2026-07-04T12:13:59+01:00,3,2,16,8030,15,0.000000,1305,1370,1305,65,4.7445,LOCAL_BEST,0,42,0,13550,1916,139,849,2,765.6066,32500.0000,0,0,0,0,0,0
n012w8-0,n012w8,0,5,500000,100.0,adaptive,2026-07-04T12:13:59+01:00,3,11,16,9800,116,0.000000,500,505,500,5,0.9901,GLOBAL_BEST,4,42,0,14183,8836,140,1770,101,28.2486,49.5050,0,0,0,0,0,0
n012w8-0,n012w8,0,5,500000,100.0,adaptive,2026-07-04T12:13:59+01:00,3,5,16,9983,63,0.000000,730,740,730,10,1.3514,GLOBAL_BEST,1,42,0,14758,7917,141,183,-53,546.4481,0.0000,0,0,0,0,0,0
n012w8-0,n012w8,0,5,500000,100.0,adaptive,2026-07-04T12:13:59+01:00,3,5,16,10337,64,0.000000,720,730,720,10,1.3699,GLOBAL_BEST,1,42,0,15298,8208,142,354,1,282.4859,10000.0000,0,0,0,0,0,0
n012w8-0,n012w8,0,5,500000,100.0,adaptive,2026-07-04T12:13:59+01:00,3,5,16,10338,64,0.000000,690,720,690,30,4.1667,GLOBAL_BEST,1,42,0,15300,8208,143,1,0,300000.0000,0.0000,0,0,0,0,0,0
n012w8-0,n012w8,0,5,500000,100.0,adaptive,2026-07-04T12:13:59+01:00,3,2,16,10978,20,0.000000,1285,1305,1285,20,1.5326,LOCAL_BEST,0,42,0,18354,3165,144,640,-44,312.5000,0.0000,0,0,0,0,0,0
n012w8-0,n012w8,0,5,500000,100.0,adaptive,2026-07-04T12:13:59+01:00,3,11,16,11928,123,0.000000,495,500,495,5,1.0000,GLOBAL_BEST,4,42,0,17390,10758,145,950,103,52.6316,48.5437,0,0,0,0,0,0
n012w8-0,n012w8,0,5,500000,100.0,adaptive,2026-07-04T12:13:59+01:00,3,2,16,11995,22,0.000000,1260,1285,1260,25,1.9455,LOCAL_BEST,0,42,0,19989,3635,146,67,-101,3731.3433,0.0000,0,0,0,0,0,0
n012w8-0,n012w8,0,5,500000,100.0,adaptive,2026-07-04T12:13:59+01:00,3,11,16,12712,125,0.000000,490,495,490,5,1.0101,GLOBAL_BEST,4,42,0,18505,11459,147,717,103,69.7350,48.5437,0,0,0,0,0,0
n012w8-0,n012w8,0,5,500000,100.0,adaptive,2026-07-04T12:13:59+01:00,3,5,16,12869,68,0.000000,680,690,680,10,1.4493,GLOBAL_BEST,1,42,0,19114,10284,148,157,-57,636.9427,0.0000,0,0,0,0,0,0
n012w8-0,n012w8,0,5,500000,100.0,adaptive,2026-07-04T12:13:59+01:00,3,2,16,13203,24,0.000000,1235,1260,1235,25,1.9841,LOCAL_BEST,0,42,0,21776,4255,149,334,-44,748.5030,0.0000,0,0,0,0,0,0
n012w8-0,n012w8,0,5,500000,100.0,adaptive,2026-07-04T12:13:59+01:00,3,11,16,13591,127,0.000000,485,490,485,5,1.0204,GLOBAL_BEST,4,42,0,19856,12253,150,388,103,128.8660,48.5437,0,0,0,0,0,0
n012w8-0,n012w8,0,5,500000,100.0,adaptive,2026-07-04T12:13:59+01:00,3,2,16,13995,26,0.000000,1205,1235,1205,30,2.4291,LOCAL_BEST,0,42,0,23092,4642,151,404,-101,742.5743,0.0000,0,0,0,0,0,0
n012w8-0,n012w8,0,5,500000,100.0,adaptive,2026-07-04T12:13:59+01:00,3,5,16,14019,70,0.000000,670,680,670,10,1.4706,GLOBAL_BEST,1,42,0,20800,11218,152,24,44,4166.6667,227.2727,0,0,0,0,0,0
n012w8-0,n012w8,0,5,500000,100.0,adaptive,2026-07-04T12:13:59+01:00,3,2,16,15190,28,0.000000,1150,1205,1150,55,4.5643,LOCAL_BEST,0,42,0,25060,5240,153,1171,-42,469.6840,0.0000,0,0,0,0,0,0
n012w8-0,n012w8,0,5,500000,100.0,adaptive,2026-07-04T12:13:59+01:00,3,1,16,15259,28,65.600024,1070,1145,1070,75,6.5502,GLOBAL_BEST,0,42,3382,24576,6037,154,69,0,10869.5652,0.0000,0,0,0,0,0,0
n012w8-0,n012w8,0,5,500000,100.0,adaptive,2026-07-04T12:13:59+01:00,3,5,16,15924,73,0.000000,650,670,650,20,2.9851,GLOBAL_BEST,1,42,0,23540,12834,155,665,45,300.7519,444.4444,0,0,0,0,0,0
n012w8-0,n012w8,0,5,500000,100.0,adaptive,2026-07-04T12:13:59+01:00,3,5,16,15925,73,0.000000,635,650,635,15,2.3077,GLOBAL_BEST,1,42,0,23540,12834,156,1,0,150000.0000,0.0000,0,0,0,0,0,0
n012w8-0,n012w8,0,5,500000,100.0,adaptive,2026-07-04T12:13:59+01:00,3,1,16,17874,33,61.027278,1055,1070,1055,15,1.4019,GLOBAL_BEST,0,42,3829,28580,7318,157,1949,-40,76.9625,0.0000,0,0,0,0,0,0
n012w8-0,n012w8,0,5,500000,100.0,adaptive,2026-07-04T12:13:59+01:00,3,2,16,18251,34,0.000000,1145,1150,1145,5,0.4348,LOCAL_BEST,0,42,0,29860,6892,158,377,1,132.6260,5000.0000,0,0,0,0,0,0
n012w8-0,n012w8,0,5,500000,100.0,adaptive,2026-07-04T12:13:59+01:00,3,2,16,18252,34,0.000000,1115,1145,1115,30,2.6201,LOCAL_BEST,0,42,0,29860,6892,159,1,0,300000.0000,0.0000,0,0,0,0,0,0
n012w8-0,n012w8,0,5,500000,100.0,adaptive,2026-07-04T12:13:59+01:00,3,5,16,19886,79,0.000000,615,635,615,20,3.1496,GLOBAL_BEST,1,42,0,29364,16091,160,1634,45,122.3990,444.4444,0,0,0,0,0,0
n012w8-0,n012w8,0,5,500000,100.0,adaptive,2026-07-04T12:13:59+01:00,3,2,16,22004,40,0.000000,1100,1115,1100,15,1.3453,LOCAL_BEST,0,42,0,35755,9060,161,2118,-39,70.8215,0.0000,0,0,0,0,0,0
n012w8-0,n012w8,0,5,500000,100.0,adaptive,2026-07-04T12:13:59+01:00,3,2,16,22295,40,0.000000,1050,1100,1050,50,4.5455,GLOBAL_BEST,0,42,0,36189,9229,162,291,0,1718.2131,0.0000,0,0,0,0,0,0
n012w8-0,n012w8,0,5,500000,100.0,adaptive,2026-07-04T12:13:59+01:00,3,2,16,22310,40,0.000000,1035,1050,1035,15,1.4286,GLOBAL_BEST,0,42,0,36209,9234,163,15,0,10000.0000,0.0000,0,0,0,0,0,0
n012w8-0,n012w8,0,5,500000,100.0,adaptive,2026-07-04T12:13:59+01:00,3,2,16,22311,40,0.000000,1020,1035,1020,15,1.4493,GLOBAL_BEST,0,42,0,36209,9234,164,1,0,150000.0000,0.0000,0,0,0,0,0,0
n012w8-0,n012w8,0,5,500000,100.0,adaptive,2026-07-04T12:13:59+01:00,3,2,16,22312,40,0.000000,990,1020,990,30,2.9412,GLOBAL_BEST,0,42,0,36209,9234,165,1,0,300000.0000,0.0000,0,0,0,0,0,0
n012w8-0,n012w8,0,5,500000,100.0,adaptive,2026-07-04T12:13:59+01:00,3,3,16,22554,41,0.000000,1515,1560,1515,45,2.8846,LOCAL_BEST,0,42,8386,38218,899,166,242,1,1859.5041,45000.0000,0,0,0,0,0,0
n012w8-0,n012w8,0,5,500000,100.0,adaptive,2026-07-04T12:13:59+01:00,3,1,16,22990,41,52.982445,1050,1055,1050,5,0.4739,LOCAL_BEST,0,42,4763,36914,9861,167,436,0,114.6789,0.0000,0,0,0,0,0,0
n012w8-0,n012w8,0,5,500000,100.0,adaptive,2026-07-04T12:13:59+01:00,3,1,16,22999,41,52.969271,1035,1050,1035,15,1.4286,LOCAL_BEST,0,42,4765,36925,9866,168,9,0,16666.6667,0.0000,0,0,0,0,0,0
n012w8-0,n012w8,0,5,500000,100.0,adaptive,2026-07-04T12:13:59+01:00,3,1,16,23000,41,52.967808,1020,1035,1020,15,1.4493,LOCAL_BEST,0,42,4765,36927,9866,169,1,0,150000.0000,0.0000,0,0,0,0,0,0
n012w8-0,n012w8,0,5,500000,100.0,adaptive,2026-07-04T12:13:59+01:00,3,1,16,23015,41,52.945859,1005,1020,1005,15,1.4706,LOCAL_BEST,0,42,4767,36951,9875,170,15,0,10000.0000,0.0000,0,0,0,0,0,0
n012w8-0,n012w8,0,5,500000,100.0,adaptive,2026-07-04T12:13:59+01:00,3,2,16,25287,46,0.000000,960,990,960,30,3.0303,GLOBAL_BEST,0,42,0,40930,10956,171,2272,5,132.0423,6000.0000,0,0,0,0,0,0
n012w8-0,n012w8,0,5,500000,100.0,adaptive,2026-07-04T12:13:59+01:00,3,2,16,25288,46,0.000000,930,960,930,30,3.1250,GLOBAL_BEST,0,42,0,40931,10956,172,1,0,300000.0000,0.0000,0,0,0,0,0,0
n012w8-0,n012w8,0,5,500000,100.0,adaptive,2026-07-04T12:13:59+01:00,3,2,16,25292,46,0.000000,900,930,900,30,3.2258,GLOBAL_BEST,0,42,0,40935,10957,173,4,0,75000.0000,0.0000,0,0,0,0,0,0
n012w8-0,n012w8,0,5,500000,100.0,adaptive,2026-07-04T12:13:59+01:00,3,2,16,27246,49,0.000000,870,900,870,30,3.3333,LOCAL_BEST,0,42,0,43926,12204,174,1954,3,153.5312,10000.0000,0,0,0,0,0,0
n012w8-0,n012w8,0,5,500000,100.0,adaptive,2026-07-04T12:13:59+01:00,3,1,16,27583,49,46.667657,885,1005,885,120,11.9403,LOCAL_BEST,0,42,5479,44111,12308,175,337,0,3560.8309,0.0000,0,0,0,0,0,0
n012w8-0,n012w8,0,5,500000,100.0,adaptive,2026-07-04T12:13:59+01:00,3,5,16,27858,91,0.000000,600,615,600,15,2.4390,GLOBAL_BEST,1,42,0,40412,22888,176,275,42,545.4545,357.1429,0,0,0,0,0,0
n012w8-0,n012w8,0,5,500000,100.0,adaptive,2026-07-04T12:13:59+01:00,3,1,16,32988,60,40.193516,875,885,875,10,1.1299,LOCAL_BEST,0,42,6204,52430,15530,177,5130,-31,19.4932,0.0000,0,0,0,0,0,0
n012w8-0,n012w8,0,5,500000,100.0,adaptive,2026-07-04T12:13:59+01:00,3,5,16,33216,101,0.000000,585,600,585,15,2.5000,LOCAL_BEST,1,42,0,48214,27667,178,228,41,657.8947,365.8537,0,0,0,0,0,0
n012w8-0,n012w8,0,5,500000,100.0,adaptive,2026-07-04T12:13:59+01:00,3,4,16,34417,106,38.637409,835,860,835,25,2.9070,LOCAL_BEST,1,42,6176,54845,17101,179,1201,5,208.1599,5000.0000,0,0,0,0,0,0
n012w8-0,n012w8,0,5,500000,100.0,adaptive,2026-07-04T12:13:59+01:00,3,4,16,34801,107,38.229622,815,835,815,20,2.3952,LOCAL_BEST,1,42,6207,55420,17381,180,384,1,520.8333,20000.0000,0,0,0,0,0,0
n012w8-0,n012w8,0,5,500000,100.0,adaptive,2026-07-04T12:13:59+01:00,3,5,16,34939,103,0.000000,570,585,570,15,2.5641,LOCAL_BEST,1,42,0,50788,29192,181,138,-4,1086.9565,0.0000,0,0,0,0,0,0
n012w8-0,n012w8,0,5,500000,100.0,adaptive,2026-07-04T12:13:59+01:00,3,4,16,34974,107,38.047314,790,815,790,25,3.0675,LOCAL_BEST,1,42,6221,55688,17507,182,35,4,7142.8571,6250.0000,0,0,0,0,0,0
n012w8-0,n012w8,0,5,500000,100.0,adaptive,2026-07-04T12:13:59+01:00,3,4,16,34980,107,38.041007,760,790,760,30,3.7975,LOCAL_BEST,1,42,6221,55697,17512,183,6,0,50000.0000,0.0000,0,0,0,0,0,0
n012w8-0,n012w8,0,5,500000,100.0,adaptive,2026-07-04T12:13:59+01:00,3,4,16,34989,107,38.031548,745,760,745,15,1.9737,LOCAL_BEST,1,42,6221,55709,17520,184,9,0,16666.6667,0.0000,0,0,0,0,0,0
n012w8-0,n012w8,0,5,500000,100.0,adaptive,2026-07-04T12:13:59+01:00,3,4,16,34990,107,38.030497,730,745,730,15,2.0134,LOCAL_BEST,1,42,6221,55710,17520,185,1,0,150000.0000,0.0000,0,0,0,0,0,0
n012w8-0,n012w8,0,5,500000,100.0,adaptive,2026-07-04T12:13:59+01:00,3,3,16,35311,66,0.000000,1510,1515,1510,5,0.3300,LOCAL_BEST,0,42,13232,59989,1385,186,321,-41,155.7632,0.0000,0,0,0,0,0,0
n012w8-0,n012w8,0,5,500000,100.0,adaptive,2026-07-04T12:13:59+01:00,3,3,16,35313,66,0.000000,1480,1510,1480,30,1.9868,LOCAL_BEST,0,42,13232,59991,1386,187,2,0,150000.0000,0.0000,0,0,0,0,0,0
n012w8-0,n012w8,0,5,500000,100.0,adaptive,2026-07-04T12:13:59+01:00,3,11,16,36579,172,0.000000,475,485,475,10,2.0619,GLOBAL_BEST,4,42,0,53839,33344,188,1266,106,78.9889,94.3396,0,0,0,0,0,0
n012w8-0,n012w8,0,5,500000,100.0,adaptive,2026-07-04T12:13:59+01:00,3,11,16,36599,172,0.000000,460,475,460,15,3.1579,GLOBAL_BEST,4,42,0,53869,33363,189,20,0,7500.0000,0.0000,0,0,0,0,0,0
n012w8-0,n012w8,0,5,500000,100.0,adaptive,2026-07-04T12:13:59+01:00,3,2,16,37405,67,0.000000,865,870,865,5,0.5747,LOCAL_BEST,0,42,0,59599,19149,190,806,-105,62.0347,0.0000,0,0,0,0,0,0
n012w8-0,n012w8,0,5,500000,100.0,adaptive,2026-07-04T12:13:59+01:00,3,4,16,37475,114,35.506838,710,730,710,20,2.7397,LOCAL_BEST,1,42,6488,59634,19167,191,70,47,2857.1429,425.5319,0,0,0,0,0,0
n012w8-0,n012w8,0,5,500000,100.0,adaptive,2026-07-04T12:13:59+01:00,3,1,16,37654,67,35.331657,855,875,855,20,2.2857,LOCAL_BEST,0,42,6764,59564,18605,192,179,-47,1117.3184,0.0000,0,0,0,0,0,0
n012w8-0,n012w8,0,5,500000,100.0,adaptive,2026-07-04T12:13:59+01:00,3,2,16,39477,71,0.000000,855,865,855,10,1.1561,LOCAL_BEST,0,42,0,62590,20609,193,1823,4,54.8546,2500.0000,0,0,0,0,0,0
n012w8-0,n012w8,0,5,500000,100.0,adaptive,2026-07-04T12:13:59+01:00,3,5,16,40264,114,0.000000,525,570,525,45,7.8947,LOCAL_BEST,1,42,0,58408,33861,194,787,43,571.7916,1046.5116,0,0,0,0,0,0
n012w8-0,n012w8,0,5,500000,100.0,adaptive,2026-07-04T12:13:59+01:00,3,1,16,41135,73,32.091647,835,855,835,20,2.3392,LOCAL_BEST,0,42,7126,64924,20978,195,871,-41,229.6211,0.0000,0,0,0,0,0,0
n012w8-0,n012w8,0,5,500000,100.0,adaptive,2026-07-04T12:13:59+01:00,3,2,16,42032,75,0.000000,835,855,835,20,2.3392,LOCAL_BEST,0,42,0,66429,22517,196,897,2,222.9654,10000.0000,0,0,0,0,0,0
n012w8-0,n012w8,0,5,500000,100.0,adaptive,2026-07-04T12:13:59+01:00,3,4,16,42181,123,31.177408,700,710,700,10,1.4085,LOCAL_BEST,1,42,6930,66710,22549,197,149,48,671.1409,208.3333,0,0,0,0,0,0
n012w8-0,n012w8,0,5,500000,100.0,adaptive,2026-07-04T12:13:59+01:00,3,4,16,42184,123,31.174823,690,700,690,10,1.4286,LOCAL_BEST,1,42,6930,66716,22551,198,3,0,33333.3333,0.0000,0,0,0,0,0,0
n012w8-0,n012w8,0,5,500000,100.0,adaptive,2026-07-04T12:13:59+01:00,3,4,16,42192,123,31.167933,660,690,660,30,4.3478,LOCAL_BEST,1,42,6931,66728,22556,199,8,0,37500.0000,0.0000,0,0,0,0,0,0
n012w8-0,n012w8,0,5,500000,100.0,adaptive,2026-07-04T12:13:59+01:00,3,1,16,42465,76,30.933709,815,835,815,20,2.3952,LOCAL_BEST,0,42,7246,66999,21947,200,273,-47,732.6007,0.0000,0,0,0,0,0,0
n012w8-0,n012w8,0,5,500000,100.0,adaptive,2026-07-04T12:13:59+01:00,3,1,16,42857,76,30.600463,800,815,800,15,1.8405,LOCAL_BEST,0,42,7276,67613,22243,201,392,0,382.6531,0.0000,0,0,0,0,0,0
n012w8-0,n012w8,0,5,500000,100.0,adaptive,2026-07-04T12:13:59+01:00,3,1,16,42887,76,30.575108,785,800,785,15,1.8750,LOCAL_BEST,0,42,7276,67645,22271,202,30,0,5000.0000,0.0000,0,0,0,0,0,0
n012w8-0,n012w8,0,5,500000,100.0,adaptive,2026-07-04T12:13:59+01:00,3,2,16,43109,77,0.000000,810,835,810,25,2.9940,LOCAL_BEST,0,42,0,68151,23360,203,222,1,1126.1261,25000.0000,0,0,0,0,0,0
n012w8-0,n012w8,0,5,500000,100.0,adaptive,2026-07-04T12:13:59+01:00,3,1,16,43227,77,30.289214,755,785,755,30,3.8217,LOCAL_BEST,0,42,7301,68129,22530,204,118,0,2542.3729,0.0000,0,0,0,0,0,0
n012w8-0,n012w8,0,5,500000,100.0,adaptive,2026-07-04T12:13:59+01:00,3,1,16,43246,77,30.273316,710,755,710,45,5.9603,LOCAL_BEST,0,42,7301,68161,22548,205,19,0,23684.2105,0.0000,0,0,0,0,0,0
n012w8-0,n012w8,0,5,500000,100.0,adaptive,2026-07-04T12:13:59+01:00,3,1,16,43264,77,30.258263,695,710,695,15,2.1127,LOCAL_BEST,0,42,7303,68195,22559,206,18,0,8333.3333,0.0000,0,0,0,0,0,0
n012w8-0,n012w8,0,5,500000,100.0,adaptive,2026-07-04T12:13:59+01:00,3,2,16,43812,78,0.000000,805,810,805,5,0.6173,LOCAL_BEST,0,42,0,69253,23865,207,548,1,91.2409,5000.0000,0,0,0,0,0,0
n012w8-0,n012w8,0,5,500000,100.0,adaptive,2026-07-04T12:13:59+01:00,3,2,16,43816,78,0.000000,790,805,790,15,1.8634,LOCAL_BEST,0,42,0,69257,23868,208,4,0,37500.0000,0.0000,0,0,0,0,0,0
n012w8-0,n012w8,0,5,500000,100.0,adaptive,2026-07-04T12:13:59+01:00,3,2,16,45833,81,0.000000,775,790,775,15,1.8987,LOCAL_BEST,0,42,0,72253,25397,209,2017,3,74.3679,5000.0000,0,0,0,0,0,0
n012w8-0,n012w8,0,5,500000,100.0,adaptive,2026-07-04T12:13:59+01:00,3,2,16,45843,81,0.000000,745,775,745,30,3.8710,LOCAL_BEST,0,42,0,72263,25402,210,10,0,30000.0000,0.0000,0,0,0,0,0,0
n012w8-0,n012w8,0,5,500000,100.0,adaptive,2026-07-04T12:13:59+01:00,3,2,16,49580,87,0.000000,740,745,740,5,0.6711,LOCAL_BEST,0,42,0,77629,28236,211,3737,6,13.3797,833.3333,0,0,0,0,0,0
n012w8-0,n012w8,0,5,500000,100.0,adaptive,2026-07-04T12:13:59+01:00,3,2,16,49581,87,0.000000,650,740,650,90,12.1622,LOCAL_BEST,0,42,0,77629,28236,212,1,0,900000.0000,0.0000,0,0,0,0,0,0
n012w8-0,n012w8,0,5,500000,100.0,adaptive,2026-07-04T12:13:59+01:00,3,4,16,53413,142,22.858935,645,660,645,15,2.2727,LOCAL_BEST,1,42,7685,83386,31114,213,3832,55,39.1441,272.7273,0,0,0,0,0,0
n012w8-0,n012w8,0,5,500000,100.0,adaptive,2026-07-04T12:13:59+01:00,3,4,16,53751,142,22.646443,625,645,625,20,3.1008,LOCAL_BEST,1,42,7697,83835,31389,214,338,0,591.7160,0.0000,0,0,0,0,0,0
n012w8-0,n012w8,0,5,500000,100.0,adaptive,2026-07-04T12:13:59+01:00,3,1,16,53845,95,22.587699,685,695,685,10,1.4388,LOCAL_BEST,0,42,8053,84118,30556,215,94,-47,1063.8298,0.0000,0,0,0,0,0,0
n012w8-0,n012w8,0,5,500000,100.0,adaptive,2026-07-04T12:13:59+01:00,3,1,16,53867,95,22.573973,640,685,640,45,6.5693,LOCAL_BEST,0,42,8055,84148,30573,216,22,0,20454.5455,0.0000,0,0,0,0,0,0
n012w8-0,n012w8,0,5,500000,100.0,adaptive,2026-07-04T12:13:59+01:00,3,1,16,53956,95,22.518528,610,640,610,30,4.6875,LOCAL_BEST,0,42,8056,84262,30652,217,89,0,3370.7865,0.0000,0,0,0,0,0,0
n012w8-0,n012w8,0,5,500000,100.0,adaptive,2026-07-04T12:13:59+01:00,3,1,16,53986,95,22.499870,595,610,595,15,2.4590,GLOBAL_BEST,0,42,8057,84291,30678,218,30,0,5000.0000,0.0000,0,0,0,0,0,0
n012w8-0,n012w8,0,5,500000,100.0,adaptive,2026-07-04T12:13:59+01:00,3,4,16,55340,145,21.673647,610,625,610,15,2.4000,LOCAL_BEST,1,42,7768,86195,32715,219,1354,50,110.7829,300.0000,0,0,0,0,0,0
n012w8-0,n012w8,0,5,500000,100.0,adaptive,2026-07-04T12:13:59+01:00,3,4,16,55373,145,21.653894,595,610,595,15,2.4590,LOCAL_BEST,1,42,7768,86228,32744,220,33,0,4545.4545,0.0000,0,0,0,0,0,0
n012w8-0,n012w8,0,5,500000,100.0,adaptive,2026-07-04T12:13:59+01:00,3,4,16,56315,146,21.097549,585,595,585,10,1.6807,LOCAL_BEST,1,42,7806,87619,33529,221,942,1,106.1571,10000.0000,0,0,0,0,0,0
n012w8-0,n012w8,0,5,500000,100.0,adaptive,2026-07-04T12:13:59+01:00,3,4,16,56337,146,21.084728,570,585,570,15,2.5641,LOCAL_BEST,1,42,7807,87655,33545,222,22,0,6818.1818,0.0000,0,0,0,0,0,0
n012w8-0,n012w8,0,5,500000,100.0,adaptive,2026-07-04T12:13:59+01:00,3,4,16,56793,147,20.820732,525,570,525,45,7.8947,LOCAL_BEST,1,42,7820,88270,33941,223,456,1,986.8421,45000.0000,0,0,0,0,0,0
n012w8-0,n012w8,0,5,500000,100.0,adaptive,2026-07-04T12:13:59+01:00,3,4,16,57153,147,20.614652,520,525,520,5,0.9524,LOCAL_BEST,1,42,7833,88811,34257,224,360,0,138.8889,0.0000,0,0,0,0,0,0
n012w8-0,n012w8,0,5,500000,100.0,adaptive,2026-07-04T12:13:59+01:00,3,4,16,57159,147,20.611234,505,520,505,15,2.8846,LOCAL_BEST,1,42,7833,88820,34262,225,6,0,25000.0000,0.0000,0,0,0,0,0,0
n012w8-0,n012w8,0,5,500000,100.0,adaptive,2026-07-04T12:13:59+01:00,3,5,16,57463,146,0.000000,520,525,520,5,0.9524,LOCAL_BEST,1,42,0,82183,49249,226,304,-1,164.4737,0.0000,0,0,0,0,0,0
n012w8-0,n012w8,0,5,500000,100.0,adaptive,2026-07-04T12:13:59+01:00,3,10,16,58977,240,19.601441,570,595,570,25,4.2017,LOCAL_BEST,4,42,8084,91698,34910,227,1514,94,165.1255,265.9574,0,0,0,0,0,0
n012w8-0,n012w8,0,5,500000,100.0,adaptive,2026-07-04T12:13:59+01:00,3,10,16,58995,240,19.591694,540,570,540,30,5.2632,LOCAL_BEST,4,42,8084,91712,34927,228,18,0,16666.6667,0.0000,0,0,0,0,0,0
n012w8-0,n012w8,0,5,500000,100.0,adaptive,2026-07-04T12:13:59+01:00,3,7,16,59675,228,19.227021,540,600,540,60,10.0000,LOCAL_BEST,2,42,8077,92185,35935,229,680,-12,882.3529,0.0000,0,0,0,0,0,0
n012w8-0,n012w8,0,5,500000,100.0,adaptive,2026-07-04T12:13:59+01:00,3,5,16,62955,155,0.000000,515,520,515,5,0.9615,LOCAL_BEST,1,42,0,89749,54264,230,3280,-73,15.2439,0.0000,0,0,0,0,0,0
n012w8-0,n012w8,0,5,500000,100.0,adaptive,2026-07-04T12:13:59+01:00,3,5,16,67859,164,0.000000,505,515,505,10,1.9417,LOCAL_BEST,1,42,0,96509,58791,231,4904,9,20.3915,1111.1111,0,0,0,0,0,0
n012w8-0,n012w8,0,5,500000,100.0,adaptive,2026-07-04T12:13:59+01:00,3,1,16,68180,119,15.200294,590,595,590,5,0.8403,LOCAL_BEST,0,42,8661,105771,42446,232,321,-45,155.7632,0.0000,0,0,0,0,0,0
n012w8-0,n012w8,0,5,500000,100.0,adaptive,2026-07-04T12:13:59+01:00,3,1,16,69508,121,14.652644,580,590,580,10,1.6949,LOCAL_BEST,0,42,8699,107582,43620,233,1328,2,75.3012,5000.0000,0,0,0,0,0,0
n012w8-0,n012w8,0,5,500000,100.0,adaptive,2026-07-04T12:13:59+01:00,3,1,16,69510,121,14.651834,565,580,565,15,2.5862,LOCAL_BEST,0,42,8699,107582,43621,234,2,0,75000.0000,0.0000,0,0,0,0,0,0
n012w8-0,n012w8,0,5,500000,100.0,adaptive,2026-07-04T12:13:59+01:00,3,2,16,69529,126,0.000000,640,650,640,10,1.5385,LOCAL_BEST,0,42,0,106894,44877,235,19,5,5263.1579,2000.0000,0,0,0,0,0,0
n012w8-0,n012w8,0,5,500000,100.0,adaptive,2026-07-04T12:13:59+01:00,3,1,16,69715,121,14.569076,560,565,560,5,0.8850,LOCAL_BEST,0,42,8703,107911,43803,236,186,-5,268.8172,0.0000,0,0,0,0,0,0
n012w8-0,n012w8,0,5,500000,100.0,adaptive,2026-07-04T12:13:59+01:00,3,7,16,75275,260,12.494302,530,540,530,10,1.8519,LOCAL_BEST,2,42,8561,114706,49330,237,5560,139,17.9856,71.9424,0,0,0,0,0,0
n012w8-0,n012w8,0,5,500000,100.0,adaptive,2026-07-04T12:13:59+01:00,3,7,16,75432,260,12.440218,515,530,515,15,2.8302,LOCAL_BEST,2,42,8561,114918,49476,238,157,0,955.4140,0.0000,0,0,0,0,0,0
n012w8-0,n012w8,0,5,500000,100.0,adaptive,2026-07-04T12:13:59+01:00,3,1,16,76795,133,11.980419,555,560,555,5,0.8929,LOCAL_BEST,0,42,8882,117943,50013,239,1363,-127,36.6838,0.0000,0,0,0,0,0,0
n012w8-0,n012w8,0,5,500000,100.0,adaptive,2026-07-04T12:13:59+01:00,3,4,16,79926,192,10.987528,490,505,490,15,2.9703,LOCAL_BEST,1,42,8542,121444,53898,240,3131,59,47.9080,254.2373,0,0,0,0,0,0
n012w8-0,n012w8,0,5,500000,100.0,adaptive,2026-07-04T12:13:59+01:00,3,7,16,81429,275,10.540568,500,515,500,15,2.9126,LOCAL_BEST,2,42,8664,123253,54864,241,1503,83,99.8004,180.7229,0,0,0,0,0,0
n012w8-0,n012w8,0,5,500000,100.0,adaptive,2026-07-04T12:13:59+01:00,3,7,16,82390,278,10.264363,490,500,490,10,2.0000,LOCAL_BEST,2,42,8676,124614,55745,242,961,3,104.0583,3333.3333,0,0,0,0,0,0
n012w8-0,n012w8,0,5,500000,100.0,adaptive,2026-07-04T12:13:59+01:00,3,2,16,82775,155,0.000000,630,640,630,10,1.5625,LOCAL_BEST,0,42,0,126394,56415,243,385,-123,259.7403,0.0000,0,0,0,0,0,0
n012w8-0,n012w8,0,5,500000,100.0,adaptive,2026-07-04T12:13:59+01:00,3,2,16,82780,155,0.000000,600,630,600,30,4.7619,LOCAL_BEST,0,42,0,126406,56418,244,5,0,60000.0000,0.0000,0,0,0,0,0,0
n012w8-0,n012w8,0,5,500000,100.0,adaptive,2026-07-04T12:13:59+01:00,3,10,16,87013,303,9.033499,525,540,525,15,2.7778,LOCAL_BEST,4,42,8760,132274,59662,245,4233,148,35.4359,101.3514,0,0,0,0,0,0
n012w8-0,n012w8,0,5,500000,100.0,adaptive,2026-07-04T12:13:59+01:00,3,10,16,87070,303,9.019283,510,525,510,15,2.8571,LOCAL_BEST,4,42,8760,132389,59717,246,57,0,2631.5789,0.0000,0,0,0,0,0,0
n012w8-0,n012w8,0,5,500000,100.0,adaptive,2026-07-04T12:13:59+01:00,3,2,16,87277,163,0.000000,570,600,570,30,5.0000,LOCAL_BEST,0,42,0,133355,60346,247,207,-140,1449.2754,0.0000,0,0,0,0,0,0
n012w8-0,n012w8,0,5,500000,100.0,adaptive,2026-07-04T12:13:59+01:00,3,7,16,89638,295,8.401484,485,490,485,5,1.0204,LOCAL_BEST,2,42,8752,134354,62386,248,2361,132,21.1775,37.8788,0,0,0,0,0,0
n012w8-0,n012w8,0,5,500000,100.0,adaptive,2026-07-04T12:13:59+01:00,3,5,16,90099,211,0.000000,490,505,490,15,2.9703,LOCAL_BEST,1,42,0,127319,79362,249,461,-84,325.3796,0.0000,0,0,0,0,0,0
n012w8-0,n012w8,0,5,500000,100.0,adaptive,2026-07-04T12:13:59+01:00,3,10,16,90584,313,8.184723,505,510,505,5,0.9804,LOCAL_BEST,4,42,8789,137169,63030,250,485,102,103.0928,49.0196,0,0,0,0,0,0
n012w8-0,n012w8,0,5,500000,100.0,adaptive,2026-07-04T12:13:59+01:00,3,10,16,90738,313,8.149970,490,505,490,15,2.9703,LOCAL_BEST,4,42,8791,137368,63169,251,154,0,974.0260,0.0000,0,0,0,0,0,0
n012w8-0,n012w8,0,5,500000,100.0,adaptive,2026-07-04T12:13:59+01:00,3,1,16,91316,162,8.020843,545,555,545,10,1.8018,LOCAL_BEST,0,42,9068,137945,63245,252,578,-151,173.0104,0.0000,0,0,0,0,0,0
n012w8-0,n012w8,0,5,500000,100.0,adaptive,2026-07-04T12:13:59+01:00,3,1,16,91433,163,7.994955,530,545,530,15,2.7523,LOCAL_BEST,0,42,9069,138092,63357,253,117,1,1282.0513,15000.0000,0,0,0,0,0,0
n012w8-0,n012w8,0,5,500000,100.0,adaptive,2026-07-04T12:13:59+01:00,3,1,16,92263,164,7.813687,520,530,520,10,1.8868,LOCAL_BEST,0,42,9074,139198,64138,254,830,1,120.4819,10000.0000,0,0,0,0,0,0
n012w8-0,n012w8,0,5,500000,100.0,adaptive,2026-07-04T12:13:59+01:00,3,7,16,98736,315,6.534013,480,485,480,5,1.0309,LOCAL_BEST,2,42,8820,146687,70842,255,6473,151,7.7244,33.1126,0,0,0,0,0,0
n012w8-0,n012w8,0,5,500000,100.0,adaptive,2026-07-04T12:13:59+01:00,3,2,16,104831,209,0.000000,545,570,545,25,4.3860,LOCAL_BEST,0,42,0,160887,76062,256,6095,-106,41.0172,0.0000,0,0,0,0,0,0
n012w8-0,n012w8,0,5,500000,100.0,adaptive,2026-07-04T12:13:59+01:00,3,7,16,105752,325,5.382549,475,480,475,5,1.0417,LOCAL_BEST,2,42,8853,155960,77428,257,921,116,54.2888,43.1034,0,0,0,0,0,0
n012w8-0,n012w8,0,5,500000,100.0,adaptive,2026-07-04T12:13:59+01:00,3,7,16,110662,337,4.699677,465,475,465,10,2.1053,LOCAL_BEST,2,42,8860,162264,82059,258,4910,12,20.3666,833.3333,0,0,0,0,0,0
n012w8-0,n012w8,0,5,500000,100.0,adaptive,2026-07-04T12:13:59+01:00,3,2,16,116370,237,0.000000,520,545,520,25,4.5872,LOCAL_BEST,0,42,0,177878,86440,259,5708,-100,43.7982,0.0000,0,0,0,0,0,0
n012w8-0,n012w8,0,5,500000,100.0,adaptive,2026-07-04T12:13:59+01:00,3,2,16,116758,238,0.000000,515,520,515,5,0.9615,LOCAL_BEST,0,42,0,178440,86778,260,388,1,128.8660,5000.0000,0,0,0,0,0,0
n012w8-0,n012w8,0,5,500000,100.0,adaptive,2026-07-04T12:13:59+01:00,3,2,16,117930,241,0.000000,500,515,500,15,2.9126,LOCAL_BEST,0,42,0,180139,87825,261,1172,3,127.9863,5000.0000,0,0,0,0,0,0
n012w8-0,n012w8,0,5,500000,100.0,adaptive,2026-07-04T12:13:59+01:00,3,2,16,125088,259,0.000000,485,500,485,15,3.0000,LOCAL_BEST,0,42,0,190657,94267,262,7158,18,20.9556,833.3333,0,0,0,0,0,0
n012w8-0,n012w8,0,5,500000,100.0,adaptive,2026-07-04T12:13:59+01:00,3,1,16,142263,268,1.962655,520,520,520,0,0.0000,REHEAT,0,42,9167,206395,111829,263,17175,9,0.0000,0.0000,0,0,0,0,0,0
n012w8-0,n012w8,0,5,500000,100.0,adaptive,2026-07-04T12:13:59+01:00,3,3,16,188209,437,0.000000,1320,1480,1320,160,10.8108,LOCAL_BEST,0,42,70792,319424,7304,264,45946,169,34.8235,946.7456,0,0,0,0,0,0
n012w8-0,n012w8,0,5,500000,100.0,adaptive,2026-07-04T12:13:59+01:00,3,1,16,192263,382,25.118864,760,520,520,0,0.0000,REHEAT,0,42,16803,285102,139757,265,4054,-55,0.0000,0.0000,0,0,0,0,0,0
n012w8-0,n012w8,0,5,500000,100.0,adaptive,2026-07-04T12:13:59+01:00,3,1,16,242263,508,25.118864,975,520,520,0,0.0000,REHEAT,0,42,24703,363316,167302,266,50000,126,0.0000,0.0000,0,0,0,0,0,0
n012w8-0,n012w8,0,5,500000,100.0,adaptive,2026-07-04T12:13:59+01:00,3,1,16,292263,639,25.118864,1060,520,520,0,0.0000,REHEAT,0,42,32498,441935,194898,267,50000,131,0.0000,0.0000,0,0,0,0,0,0
n012w8-0,n012w8,0,5,500000,100.0,adaptive,2026-07-04T12:13:59+01:00,3,1,16,342263,755,25.118864,880,520,520,0,0.0000,REHEAT,0,42,40129,520069,222754,268,50000,116,0.0000,0.0000,0,0,0,0,0,0
n012w8-0,n012w8,0,5,500000,100.0,adaptive,2026-07-04T12:13:59+01:00,3,1,16,392263,871,25.118864,740,520,520,0,0.0000,REHEAT,0,42,47746,598256,250859,269,50000,116,0.0000,0.0000,0,0,0,0,0,0
n012w8-0,n012w8,0,5,500000,100.0,adaptive,2026-07-04T12:13:59+01:00,3,1,16,442263,983,25.118864,760,520,520,0,0.0000,REHEAT,0,42,55337,676241,279042,270,50000,112,0.0000,0.0000,0,0,0,0,0,0
n012w8-0,n012w8,0,5,500000,100.0,adaptive,2026-07-04T12:13:59+01:00,3,1,16,492263,1119,25.118864,1035,520,520,0,0.0000,REHEAT,0,42,62952,754333,307257,271,50000,136,0.0000,0.0000,0,0,0,0,0,0
n012w8-0,n012w8,0,5,500000,100.0,adaptive,2026-07-04T12:13:59+01:00,4,3,37,1,0,0.000000,3225,3495,3225,270,7.7253,GLOBAL_BEST,0,42,0,0,0,1,1,0,2700000.0000,0.0000,0,0,0,0,0,0
n012w8-0,n012w8,0,5,500000,100.0,adaptive,2026-07-04T12:13:59+01:00,4,1,37,1,0,100.000000,3330,3495,3330,165,4.7210,LOCAL_BEST,0,42,0,6,0,2,0,0,0.0000,0.0000,0,0,0,0,0,0
n012w8-0,n012w8,0,5,500000,100.0,adaptive,2026-07-04T12:13:59+01:00,4,3,37,2,0,0.000000,3210,3225,3210,15,0.4651,GLOBAL_BEST,0,42,0,1,0,3,1,0,150000.0000,0.0000,0,0,0,0,0,0
n012w8-0,n012w8,0,5,500000,100.0,adaptive,2026-07-04T12:13:59+01:00,4,1,37,2,0,99.997237,3060,3330,3060,270,8.1081,GLOBAL_BEST,0,42,0,6,0,4,0,0,0.0000,0.0000,0,0,0,0,0,0
n012w8-0,n012w8,0,5,500000,100.0,adaptive,2026-07-04T12:13:59+01:00,4,2,37,3,0,0.000000,3345,3495,3345,150,4.2918,LOCAL_BEST,0,42,0,6,0,5,1,0,1500000.0000,0.0000,0,0,0,0,0,0
n012w8-0,n012w8,0,5,500000,100.0,adaptive,2026-07-04T12:13:59+01:00,4,3,37,3,0,0.000000,3120,3210,3120,90,2.8037,LOCAL_BEST,0,42,0,1,0,6,0,0,0.0000,0.0000,0,0,0,0,0,0
n012w8-0,n012w8,0,5,500000,100.0,adaptive,2026-07-04T12:13:59+01:00,4,1,37,3,0,99.994474,3030,3060,3030,30,0.9804,GLOBAL_BEST,0,42,0,6,0,7,0,0,0.0000,0.0000,0,0,0,0,0,0
n012w8-0,n012w8,0,5,500000,100.0,adaptive,2026-07-04T12:13:59+01:00,4,2,37,4,0,0.000000,3285,3345,3285,60,1.7937,LOCAL_BEST,0,42,0,7,0,8,1,0,600000.0000,0.0000,0,0,0,0,0,0
n012w8-0,n012w8,0,5,500000,100.0,adaptive,2026-07-04T12:13:59+01:00,4,1,37,4,0,99.991711,2760,3030,2760,270,8.9109,GLOBAL_BEST,0,42,0,6,0,9,0,0,0.0000,0.0000,0,0,0,0,0,0
n012w8-0,n012w8,0,5,500000,100.0,adaptive,2026-07-04T12:13:59+01:00,4,2,37,5,0,0.000000,3090,3285,3090,195,5.9361,LOCAL_BEST,0,42,0,8,0,10,1,0,1950000.0000,0.0000,0,0,0,0,0,0
n012w8-0,n012w8,0,5,500000,100.0,adaptive,2026-07-04T12:13:59+01:00,4,1,37,5,0,99.988948,2610,2760,2610,150,5.4348,GLOBAL_BEST,0,42,0,7,0,11,0,0,0.0000,0.0000,0,0,0,0,0,0
n012w8-0,n012w8,0,5,500000,100.0,adaptive,2026-07-04T12:13:59+01:00,4,2,37,7,0,0.000000,2760,3090,2760,330,10.6796,LOCAL_BEST,0,42,0,9,0,12,2,0,1650000.0000,0.0000,0,0,0,0,0,0
n012w8-0,n012w8,0,5,500000,100.0,adaptive,2026-07-04T12:13:59+01:00,4,2,37,8,0,0.000000,2685,2760,2685,75,2.7174,LOCAL_BEST,0,42,0,10,0,13,1,0,750000.0000,0.0000,0,0,0,0,0,0
n012w8-0,n012w8,0,5,500000,100.0,adaptive,2026-07-04T12:13:59+01:00,4,3,37,9,0,0.000000,2985,3120,2985,135,4.3269,LOCAL_BEST,0,42,1,10,1,14,1,0,1350000.0000,0.0000,0,0,0,0,0,0
n012w8-0,n012w8,0,5,500000,100.0,adaptive,2026-07-04T12:13:59+01:00,4,2,37,9,0,0.000000,2565,2685,2565,120,4.4693,GLOBAL_BEST,0,42,0,11,0,15,0,0,0.0000,0.0000,0,0,0,0,0,0
n012w8-0,n012w8,0,5,500000,100.0,adaptive,2026-07-04T12:13:59+01:00,4,2,37,10,0,0.000000,2535,2565,2535,30,1.1696,LOCAL_BEST,0,42,0,11,0,16,1,0,300000.0000,0.0000,0,0,0,0,0,0
n012w8-0,n012w8,0,5,500000,100.0,adaptive,2026-07-04T12:13:59+01:00,4,1,37,10,0,99.975135,2490,2610,2490,120,4.5977,GLOBAL_BEST,0,42,0,19,2,17,0,0,0.0000,0.0000,0,0,0,0,0,0
n012w8-0,n012w8,0,5,500000,100.0,adaptive,2026-07-04T12:13:59+01:00,4,3,37,11,0,0.000000,2955,2985,2955,30,1.0050,LOCAL_BEST,0,42,1,13,1,18,1,0,300000.0000,0.0000,0,0,0,0,0,0
n012w8-0,n012w8,0,5,500000,100.0,adaptive,2026-07-04T12:13:59+01:00,4,1,37,12,0,99.969610,2340,2490,2340,150,6.0241,GLOBAL_BEST,0,42,0,23,2,19,1,0,1500000.0000,0.0000,0,0,0,0,0,0
n012w8-0,n012w8,0,5,500000,100.0,adaptive,2026-07-04T12:13:59+01:00,4,3,37,14,0,0.000000,2910,2955,2910,45,1.5228,LOCAL_BEST,0,42,2,20,1,20,2,0,225000.0000,0.0000,0,0,0,0,0,0
n012w8-0,n012w8,0,5,500000,100.0,adaptive,2026-07-04T12:13:59+01:00,4,3,37,15,0,0.000000,2760,2910,2760,150,5.1546,LOCAL_BEST,0,42,2,20,1,21,1,0,1500000.0000,0.0000,0,0,0,0,0,0
n012w8-0,n012w8,0,5,500000,100.0,adaptive,2026-07-04T12:13:59+01:00,4,3,37,18,0,0.000000,2610,2760,2610,150,5.4348,LOCAL_BEST,0,42,3,21,1,22,3,0,500000.0000,0.0000,0,0,0,0,0,0
n012w8-0,n012w8,0,5,500000,100.0,adaptive,2026-07-04T12:13:59+01:00,4,3,37,19,0,0.000000,2595,2610,2595,15,0.5747,LOCAL_BEST,0,42,3,22,1,23,1,0,150000.0000,0.0000,0,0,0,0,0,0
n012w8-0,n012w8,0,5,500000,100.0,adaptive,2026-07-04T12:13:59+01:00,4,1,37,20,0,99.947515,2115,2340,2115,225,9.6154,GLOBAL_BEST,0,42,2,44,3,24,1,0,2250000.0000,0.0000,0,0,0,0,0,0
n012w8-0,n012w8,0,5,500000,100.0,adaptive,2026-07-04T12:13:59+01:00,4,1,37,22,0,99.941992,2100,2115,2100,15,0.7092,GLOBAL_BEST,0,42,2,49,4,25,2,0,75000.0000,0.0000,0,0,0,0,0,0
n012w8-0,n012w8,0,5,500000,100.0,adaptive,2026-07-04T12:13:59+01:00,4,1,37,23,0,99.939230,2085,2100,2085,15,0.7143,GLOBAL_BEST,0,42,2,52,4,26,1,0,150000.0000,0.0000,0,0,0,0,0,0
n012w8-0,n012w8,0,5,500000,100.0,adaptive,2026-07-04T12:13:59+01:00,4,1,37,24,0,99.936469,2025,2085,2025,60,2.8777,GLOBAL_BEST,0,42,2,52,4,27,1,0,600000.0000,0.0000,0,0,0,0,0,0
n012w8-0,n012w8,0,5,500000,100.0,adaptive,2026-07-04T12:13:59+01:00,4,5,37,24,51,0.000000,555,600,555,45,7.5000,GLOBAL_BEST,1,42,0,49,23,28,0,51,0.0000,882.3529,0,0,0,0,0,0
n012w8-0,n012w8,0,5,500000,100.0,adaptive,2026-07-04T12:13:59+01:00,4,1,37,25,0,99.933708,1920,2025,1920,105,5.1852,GLOBAL_BEST,0,42,2,54,4,29,1,-51,1050000.0000,0.0000,0,0,0,0,0,0
n012w8-0,n012w8,0,5,500000,100.0,adaptive,2026-07-04T12:13:59+01:00,4,3,37,26,0,0.000000,2520,2595,2520,75,2.8902,LOCAL_BEST,0,42,5,38,1,30,1,0,750000.0000,0.0000,0,0,0,0,0,0
n012w8-0,n012w8,0,5,500000,100.0,adaptive,2026-07-04T12:13:59+01:00,4,3,37,28,0,0.000000,2490,2520,2490,30,1.1905,LOCAL_BEST,0,42,5,44,1,31,2,0,150000.0000,0.0000,0,0,0,0,0,0
n012w8-0,n012w8,0,5,500000,100.0,adaptive,2026-07-04T12:13:59+01:00,4,3,37,29,0,0.000000,2370,2490,2370,120,4.8193,LOCAL_BEST,0,42,5,44,1,32,1,0,1200000.0000,0.0000,0,0,0,0,0,0
n012w8-0,n012w8,0,5,500000,100.0,adaptive,2026-07-04T12:13:59+01:00,4,3,37,30,0,0.000000,2355,2370,2355,15,0.6329,LOCAL_BEST,0,42,5,44,1,33,1,0,150000.0000,0.0000,0,0,0,0,0,0
n012w8-0,n012w8,0,5,500000,100.0,adaptive,2026-07-04T12:13:59+01:00,4,3,37,31,0,0.000000,2325,2355,2325,30,1.2739,LOCAL_BEST,0,42,5,45,1,34,1,0,300000.0000,0.0000,0,0,0,0,0,0
n012w8-0,n012w8,0,5,500000,100.0,adaptive,2026-07-04T12:13:59+01:00,4,5,37,31,51,0.000000,540,555,540,15,2.7027,GLOBAL_BEST,1,42,0,61,28,35,0,51,0.0000,294.1176,0,0,0,0,0,0
n012w8-0,n012w8,0,5,500000,100.0,adaptive,2026-07-04T12:13:59+01:00,4,1,37,32,0,99.914381,1815,1920,1815,105,5.4688,GLOBAL_BEST,0,42,4,57,6,36,1,-51,1050000.0000,0.0000,0,0,0,0,0,0
n012w8-0,n012w8,0,5,500000,100.0,adaptive,2026-07-04T12:13:59+01:00,4,1,37,34,0,99.908859,1710,1815,1710,105,5.7851,GLOBAL_BEST,0,42,4,59,6,37,2,0,525000.0000,0.0000,0,0,0,0,0,0
n012w8-0,n012w8,0,5,500000,100.0,adaptive,2026-07-04T12:13:59+01:00,4,5,37,36,51,0.000000,495,540,495,45,8.3333,GLOBAL_BEST,1,42,0,70,32,38,2,51,225000.0000,882.3529,0,0,0,0,0,0
n012w8-0,n012w8,0,5,500000,100.0,adaptive,2026-07-04T12:13:59+01:00,4,1,37,46,0,99.875738,1680,1710,1680,30,1.7544,GLOBAL_BEST,0,42,8,79,11,39,10,-51,30000.0000,0.0000,0,0,0,0,0,0
n012w8-0,n012w8,0,5,500000,100.0,adaptive,2026-07-04T12:13:59+01:00,4,8,37,46,57,0.000000,405,420,405,15,3.5714,GLOBAL_BEST,3,42,0,65,43,40,0,57,0.0000,263.1579,0,0,0,0,0,0
n012w8-0,n012w8,0,5,500000,100.0,adaptive,2026-07-04T12:13:59+01:00,4,2,37,60,0,0.000000,2485,2535,2485,50,1.9724,LOCAL_BEST,0,42,0,81,0,41,14,-57,35714.2857,0.0000,0,0,0,0,0,0
n012w8-0,n012w8,0,5,500000,100.0,adaptive,2026-07-04T12:13:59+01:00,4,2,37,62,0,0.000000,2415,2485,2415,70,2.8169,LOCAL_BEST,0,42,0,82,0,42,2,0,350000.0000,0.0000,0,0,0,0,0,0
n012w8-0,n012w8,0,5,500000,100.0,adaptive,2026-07-04T12:13:59+01:00,4,2,37,63,0,0.000000,2295,2415,2295,120,4.9689,LOCAL_BEST,0,42,0,83,0,43,1,0,1200000.0000,0.0000,0,0,0,0,0,0
n012w8-0,n012w8,0,5,500000,100.0,adaptive,2026-07-04T12:13:59+01:00,4,2,37,66,0,0.000000,2175,2295,2175,120,5.2288,LOCAL_BEST,0,42,0,89,0,44,3,0,400000.0000,0.0000,0,0,0,0,0,0
n012w8-0,n012w8,0,5,500000,100.0,adaptive,2026-07-04T12:13:59+01:00,4,3,37,72,0,0.000000,2280,2325,2280,45,1.9355,LOCAL_BEST,0,42,21,127,4,45,6,0,75000.0000,0.0000,0,0,0,0,0,0
n012w8-0,n012w8,0,5,500000,100.0,adaptive,2026-07-04T12:13:59+01:00,4,1,37,72,0,99.804012,1600,1680,1600,80,4.7619,GLOBAL_BEST,0,42,14,126,20,46,0,0,0.0000,0.0000,0,0,0,0,0,0
n012w8-0,n012w8,0,5,500000,100.0,adaptive,2026-07-04T12:13:59+01:00,4,1,37,73,0,99.801254,1570,1600,1570,30,1.8750,GLOBAL_BEST,0,42,14,126,20,47,1,0,300000.0000,0.0000,0,0,0,0,0,0
n012w8-0,n012w8,0,5,500000,100.0,adaptive,2026-07-04T12:13:59+01:00,4,3,37,74,0,0.000000,2235,2280,2235,45,1.9737,LOCAL_BEST,0,42,21,131,4,48,1,0,450000.0000,0.0000,0,0,0,0,0,0
n012w8-0,n012w8,0,5,500000,100.0,adaptive,2026-07-04T12:13:59+01:00,4,3,37,75,0,0.000000,1935,2235,1935,300,13.4228,LOCAL_BEST,0,42,21,131,4,49,1,0,3000000.0000,0.0000,0,0,0,0,0,0
n012w8-0,n012w8,0,5,500000,100.0,adaptive,2026-07-04T12:13:59+01:00,4,3,37,76,0,0.000000,1905,1935,1905,30,1.5504,LOCAL_BEST,0,42,21,135,4,50,1,0,300000.0000,0.0000,0,0,0,0,0,0
n012w8-0,n012w8,0,5,500000,100.0,adaptive,2026-07-04T12:13:59+01:00,4,1,37,77,0,99.790225,1540,1570,1540,30,1.9108,GLOBAL_BEST,0,42,15,127,21,51,1,0,300000.0000,0.0000,0,0,0,0,0,0
n012w8-0,n012w8,0,5,500000,100.0,adaptive,2026-07-04T12:13:59+01:00,4,8,37,84,57,0.000000,360,405,360,45,11.1111,GLOBAL_BEST,3,42,0,152,75,52,7,57,64285.7143,789.4737,0,0,0,0,0,0
n012w8-0,n012w8,0,5,500000,100.0,adaptive,2026-07-04T12:13:59+01:00,4,2,37,102,0,0.000000,2145,2175,2145,30,1.3793,LOCAL_BEST,0,42,0,145,0,53,18,-57,16666.6667,0.0000,0,0,0,0,0,0
n012w8-0,n012w8,0,5,500000,100.0,adaptive,2026-07-04T12:13:59+01:00,4,2,37,105,0,0.000000,2130,2145,2130,15,0.6993,LOCAL_BEST,0,42,0,148,0,54,3,0,50000.0000,0.0000,0,0,0,0,0,0
n012w8-0,n012w8,0,5,500000,100.0,adaptive,2026-07-04T12:13:59+01:00,4,2,37,107,0,0.000000,2085,2130,2085,45,2.1127,LOCAL_BEST,0,42,0,151,0,55,2,0,225000.0000,0.0000,0,0,0,0,0,0
n012w8-0,n012w8,0,5,500000,100.0,adaptive,2026-07-04T12:13:59+01:00,4,1,37,111,1,99.696520,1525,1540,1525,15,0.9740,GLOBAL_BEST,0,42,21,207,35,56,4,1,37500.0000,15000.0000,0,0,0,0,0,0
n012w8-0,n012w8,0,5,500000,100.0,adaptive,2026-07-04T12:13:59+01:00,4,2,37,120,1,0.000000,2070,2085,2070,15,0.7194,LOCAL_BEST,0,42,0,171,0,57,9,0,16666.6667,0.0000,0,0,0,0,0,0
n012w8-0,n012w8,0,5,500000,100.0,adaptive,2026-07-04T12:13:59+01:00,4,1,37,120,1,99.671731,1465,1525,1465,60,3.9344,GLOBAL_BEST,0,42,22,226,37,58,0,0,0.0000,0.0000,0,0,0,0,0,0
n012w8-0,n012w8,0,5,500000,100.0,adaptive,2026-07-04T12:13:59+01:00,4,2,37,121,1,0.000000,2040,2070,2040,30,1.4493,LOCAL_BEST,0,42,0,177,0,59,1,0,300000.0000,0.0000,0,0,0,0,0,0
n012w8-0,n012w8,0,5,500000,100.0,adaptive,2026-07-04T12:13:59+01:00,4,2,37,134,1,0.000000,2010,2040,2010,30,1.4706,LOCAL_BEST,0,42,0,191,0,60,13,0,23076.9231,0.0000,0,0,0,0,0,0
n012w8-0,n012w8,0,5,500000,100.0,adaptive,2026-07-04T12:13:59+01:00,4,2,37,139,1,0.000000,1920,2010,1920,90,4.4776,LOCAL_BEST,0,42,0,199,0,61,5,0,180000.0000,0.0000,0,0,0,0,0,0
n012w8-0,n012w8,0,5,500000,100.0,adaptive,2026-07-04T12:13:59+01:00,4,1,37,143,1,99.608408,1435,1465,1435,30,2.0478,GLOBAL_BEST,0,42,26,279,45,62,4,0,75000.0000,0.0000,0,0,0,0,0,0
n012w8-0,n012w8,0,5,500000,100.0,adaptive,2026-07-04T12:13:59+01:00,4,2,37,155,1,0.000000,1905,1920,1905,15,0.7812,LOCAL_BEST,0,42,0,245,0,63,12,0,12500.0000,0.0000,0,0,0,0,0,0
n012w8-0,n012w8,0,5,500000,100.0,adaptive,2026-07-04T12:13:59+01:00,4,1,37,191,1,99.476386,1395,1435,1395,40,2.7875,GLOBAL_BEST,0,42,33,372,62,64,36,0,11111.1111,0.0000,0,0,0,0,0,0
n012w8-0,n012w8,0,5,500000,100.0,adaptive,2026-07-04T12:13:59+01:00,4,1,37,205,1,99.437913,1290,1395,1290,105,7.5269,GLOBAL_BEST,0,42,36,412,68,65,14,0,75000.0000,0.0000,0,0,0,0,0,0
n012w8-0,n012w8,0,5,500000,100.0,adaptive,2026-07-04T12:13:59+01:00,4,5,37,221,51,0.000000,480,495,480,15,3.0303,GLOBAL_BEST,1,42,0,374,177,66,16,50,9375.0000,300.0000,0,0,0,0,0,0
n012w8-0,n012w8,0,5,500000,100.0,adaptive,2026-07-04T12:13:59+01:00,4,1,37,233,1,99.361011,1215,1290,1215,75,5.8140,GLOBAL_BEST,0,42,43,461,78,67,12,-50,62500.0000,0.0000,0,0,0,0,0,0
n012w8-0,n012w8,0,5,500000,100.0,adaptive,2026-07-04T12:13:59+01:00,4,2,37,287,1,0.000000,1830,1905,1830,75,3.9370,LOCAL_BEST,0,42,0,516,0,68,54,0,13888.8889,0.0000,0,0,0,0,0,0
n012w8-0,n012w8,0,5,500000,100.0,adaptive,2026-07-04T12:13:59+01:00,4,3,37,291,1,0.000000,1875,1905,1875,30,1.5748,LOCAL_BEST,0,42,99,562,9,69,4,0,75000.0000,0.0000,0,0,0,0,0,0
n012w8-0,n012w8,0,5,500000,100.0,adaptive,2026-07-04T12:13:59+01:00,4,3,37,292,1,0.000000,1665,1875,1665,210,11.2000,LOCAL_BEST,0,42,99,569,9,70,1,0,2100000.0000,0.0000,0,0,0,0,0,0
n012w8-0,n012w8,0,5,500000,100.0,adaptive,2026-07-04T12:13:59+01:00,4,3,37,293,1,0.000000,1620,1665,1620,45,2.7027,LOCAL_BEST,0,42,99,569,9,71,1,0,450000.0000,0.0000,0,0,0,0,0,0
n012w8-0,n012w8,0,5,500000,100.0,adaptive,2026-07-04T12:13:59+01:00,4,3,37,296,1,0.000000,1530,1620,1530,90,5.5556,LOCAL_BEST,0,42,100,575,9,72,3,0,300000.0000,0.0000,0,0,0,0,0,0
n012w8-0,n012w8,0,5,500000,100.0,adaptive,2026-07-04T12:13:59+01:00,4,5,37,311,51,0.000000,450,480,450,30,6.2500,GLOBAL_BEST,1,42,0,551,257,73,15,50,20000.0000,600.0000,0,0,0,0,0,0
n012w8-0,n012w8,0,5,500000,100.0,adaptive,2026-07-04T12:13:59+01:00,4,2,37,348,1,0.000000,1815,1830,1815,15,0.8197,LOCAL_BEST,0,42,0,624,0,74,37,-50,4054.0541,0.0000,0,0,0,0,0,0
n012w8-0,n012w8,0,5,500000,100.0,adaptive,2026-07-04T12:13:59+01:00,4,2,37,356,1,0.000000,1800,1815,1800,15,0.8264,LOCAL_BEST,0,42,0,634,0,75,8,0,18750.0000,0.0000,0,0,0,0,0,0
n012w8-0,n012w8,0,5,500000,100.0,adaptive,2026-07-04T12:13:59+01:00,4,2,37,360,1,0.000000,1740,1800,1740,60,3.3333,LOCAL_BEST,0,42,0,643,0,76,4,0,150000.0000,0.0000,0,0,0,0,0,0
n012w8-0,n012w8,0,5,500000,100.0,adaptive,2026-07-04T12:13:59+01:00,4,1,37,423,1,98.840743,1185,1215,1185,30,2.4691,GLOBAL_BEST,0,42,92,803,143,77,63,0,4761.9048,0.0000,0,0,0,0,0,0
n012w8-0,n012w8,0,5,500000,100.0,adaptive,2026-07-04T12:13:59+01:00,4,2,37,424,1,0.000000,1725,1740,1725,15,0.8621,LOCAL_BEST,0,42,0,777,0,78,1,0,150000.0000,0.0000,0,0,0,0,0,0
n012w8-0,n012w8,0,5,500000,100.0,adaptive,2026-07-04T12:13:59+01:00,4,1,37,526,1,98.559842,1170,1185,1170,15,1.2658,GLOBAL_BEST,0,42,119,972,179,79,102,0,1470.5882,0.0000,0,0,0,0,0,0
n012w8-0,n012w8,0,5,500000,100.0,adaptive,2026-07-04T12:13:59+01:00,4,8,37,1030,58,0.000000,315,360,315,45,12.5000,GLOBAL_BEST,3,42,0,1595,898,80,504,57,892.8571,789.4737,0,0,0,0,0,0
n012w8-0,n012w8,0,5,500000,100.0,adaptive,2026-07-04T12:13:59+01:00,4,2,37,1141,2,0.000000,1680,1725,1680,45,2.6087,LOCAL_BEST,0,42,0,2022,8,81,111,-56,4054.0541,0.0000,0,0,0,0,0,0
n012w8-0,n012w8,0,5,500000,100.0,adaptive,2026-07-04T12:13:59+01:00,4,2,37,1160,2,0.000000,1635,1680,1635,45,2.6786,LOCAL_BEST,0,42,0,2050,9,82,19,0,23684.2105,0.0000,0,0,0,0,0,0
n012w8-0,n012w8,0,5,500000,100.0,adaptive,2026-07-04T12:13:59+01:00,4,2,37,1306,2,0.000000,1455,1635,1455,180,11.0092,LOCAL_BEST,0,42,0,2332,31,83,146,0,12328.7671,0.0000,0,0,0,0,0,0
n012w8-0,n012w8,0,5,500000,100.0,adaptive,2026-07-04T12:13:59+01:00,4,1,37,1337,2,96.375801,1165,1170,1165,5,0.4274,GLOBAL_BEST,0,42,333,2313,429,84,31,0,1612.9032,0.0000,0,0,0,0,0,0
n012w8-0,n012w8,0,5,500000,100.0,adaptive,2026-07-04T12:13:59+01:00,4,1,37,1346,2,96.351837,1120,1165,1120,45,3.8627,GLOBAL_BEST,0,42,334,2324,433,85,9,0,50000.0000,0.0000,0,0,0,0,0,0
n012w8-0,n012w8,0,5,500000,100.0,adaptive,2026-07-04T12:13:59+01:00,4,1,37,1368,2,96.293284,1090,1120,1090,30,2.6786,GLOBAL_BEST,0,42,341,2362,441,86,22,0,13636.3636,0.0000,0,0,0,0,0,0
n012w8-0,n012w8,0,5,500000,100.0,adaptive,2026-07-04T12:13:59+01:00,4,1,37,2243,4,93.993106,1075,1090,1075,15,1.3761,GLOBAL_BEST,0,42,547,3945,751,87,875,2,171.4286,7500.0000,0,0,0,0,0,0
n012w8-0,n012w8,0,5,500000,100.0,adaptive,2026-07-04T12:13:59+01:00,4,1,37,2246,4,93.985315,1060,1075,1060,15,1.3953,GLOBAL_BEST,0,42,548,3946,752,88,3,0,50000.0000,0.0000,0,0,0,0,0,0
n012w8-0,n012w8,0,5,500000,100.0,adaptive,2026-07-04T12:13:59+01:00,4,2,37,2481,4,0.000000,1315,1455,1315,140,9.6220,LOCAL_BEST,0,42,0,4498,227,89,235,0,5957.4468,0.0000,0,0,0,0,0,0
n012w8-0,n012w8,0,5,500000,100.0,adaptive,2026-07-04T12:13:59+01:00,4,2,37,2482,4,0.000000,1255,1315,1255,60,4.5627,LOCAL_BEST,0,42,0,4498,227,90,1,0,600000.0000,0.0000,0,0,0,0,0,0
n012w8-0,n012w8,0,5,500000,100.0,adaptive,2026-07-04T12:13:59+01:00,4,2,37,2484,4,0.000000,1240,1255,1240,15,1.1952,LOCAL_BEST,0,42,0,4498,227,91,2,0,75000.0000,0.0000,0,0,0,0,0,0
n012w8-0,n012w8,0,5,500000,100.0,adaptive,2026-07-04T12:13:59+01:00,4,1,37,3153,5,91.659187,1015,1060,1015,45,4.2453,GLOBAL_BEST,0,42,776,5434,1068,92,669,1,672.6457,45000.0000,0,0,0,0,0,0
n012w8-0,n012w8,0,5,500000,100.0,adaptive,2026-07-04T12:13:59+01:00,4,1,37,3161,5,91.638928,1005,1015,1005,10,0.9852,GLOBAL_BEST,0,42,777,5445,1074,93,8,0,12500.0000,0.0000,0,0,0,0,0,0
n012w8-0,n012w8,0,5,500000,100.0,adaptive,2026-07-04T12:13:59+01:00,4,3,37,3307,5,0.000000,1505,1530,1505,25,1.6340,LOCAL_BEST,0,42,1236,6045,98,94,146,0,1712.3288,0.0000,0,0,0,0,0,0
n012w8-0,n012w8,0,5,500000,100.0,adaptive,2026-07-04T12:13:59+01:00,4,3,37,3308,5,0.000000,1460,1505,1460,45,2.9900,LOCAL_BEST,0,42,1236,6046,98,95,1,0,450000.0000,0.0000,0,0,0,0,0,0
n012w8-0,n012w8,0,5,500000,100.0,adaptive,2026-07-04T12:13:59+01:00,4,3,37,3309,5,0.000000,1415,1460,1415,45,3.0822,LOCAL_BEST,0,42,1236,6048,98,96,1,0,450000.0000,0.0000,0,0,0,0,0,0
n012w8-0,n012w8,0,5,500000,100.0,adaptive,2026-07-04T12:13:59+01:00,4,1,37,3503,6,90.777036,955,1005,955,50,4.9751,GLOBAL_BEST,0,42,859,6036,1218,97,194,1,2577.3196,50000.0000,0,0,0,0,0,0
n012w8-0,n012w8,0,5,500000,100.0,adaptive,2026-07-04T12:13:59+01:00,4,2,37,4604,7,0.000000,1200,1240,1200,40,3.2258,LOCAL_BEST,0,42,0,8354,782,98,1101,1,363.3061,40000.0000,0,0,0,0,0,0
n012w8-0,n012w8,0,5,500000,100.0,adaptive,2026-07-04T12:13:59+01:00,4,2,37,4605,7,0.000000,1140,1200,1140,60,5.0000,LOCAL_BEST,0,42,0,8355,782,99,1,0,600000.0000,0.0000,0,0,0,0,0,0
n012w8-0,n012w8,0,5,500000,100.0,adaptive,2026-07-04T12:13:59+01:00,4,1,37,5644,9,85.562605,930,955,930,25,2.6178,GLOBAL_BEST,0,42,1349,9769,2028,100,1039,2,240.6160,12500.0000,0,0,0,0,0,0
n012w8-0,n012w8,0,5,500000,100.0,adaptive,2026-07-04T12:13:59+01:00,4,1,37,5721,9,85.380757,850,930,850,80,8.6022,GLOBAL_BEST,0,42,1366,9890,2060,101,77,0,10389.6104,0.0000,0,0,0,0,0,0
n012w8-0,n012w8,0,5,500000,100.0,adaptive,2026-07-04T12:13:59+01:00,4,1,37,5734,9,85.350093,825,850,825,25,2.9412,GLOBAL_BEST,0,42,1371,9912,2065,102,13,0,19230.7692,0.0000,0,0,0,0,0,0
n012w8-0,n012w8,0,5,500000,100.0,adaptive,2026-07-04T12:13:59+01:00,4,1,37,5735,9,85.347735,810,825,810,15,1.8182,GLOBAL_BEST,0,42,1371,9913,2065,103,1,0,150000.0000,0.0000,0,0,0,0,0,0
n012w8-0,n012w8,0,5,500000,100.0,adaptive,2026-07-04T12:13:59+01:00,4,8,37,6391,69,0.000000,285,315,285,30,9.5238,GLOBAL_BEST,3,42,0,9992,5505,104,656,60,457.3171,500.0000,0,0,0,0,0,0
n012w8-0,n012w8,0,5,500000,100.0,adaptive,2026-07-04T12:13:59+01:00,4,2,37,6637,10,0.000000,1125,1140,1125,15,1.3158,LOCAL_BEST,0,42,0,12016,1458,105,246,-59,609.7561,0.0000,0,0,0,0,0,0
n012w8-0,n012w8,0,5,500000,100.0,adaptive,2026-07-04T12:13:59+01:00,4,5,37,7328,63,0.000000,420,450,420,30,6.6667,LOCAL_BEST,1,42,0,12013,6115,106,691,53,434.1534,566.0377,0,0,0,0,0,0
n012w8-0,n012w8,0,5,500000,100.0,adaptive,2026-07-04T12:13:59+01:00,4,2,37,7626,11,0.000000,1015,1125,1015,110,9.7778,LOCAL_BEST,0,42,0,13764,1813,107,298,-52,3691.2752,0.0000,0,0,0,0,0,0
n012w8-0,n012w8,0,5,500000,100.0,adaptive,2026-07-04T12:13:59+01:00,4,1,37,7746,11,80.734656,730,810,730,80,9.8765,GLOBAL_BEST,0,42,1853,13514,2800,108,120,0,6666.6667,0.0000,0,0,0,0,0,0
n012w8-0,n012w8,0,5,500000,100.0,adaptive,2026-07-04T12:13:59+01:00,4,5,37,8234,64,0.000000,415,420,415,5,1.1905,LOCAL_BEST,1,42,0,13357,6882,109,488,53,102.4590,94.3396,0,0,0,0,0,0
n012w8-0,n012w8,0,5,500000,100.0,adaptive,2026-07-04T12:13:59+01:00,4,2,37,9843,15,0.000000,990,1015,990,25,2.4631,LOCAL_BEST,0,42,0,17453,2816,110,1609,-49,155.3760,0.0000,0,0,0,0,0,0
n012w8-0,n012w8,0,5,500000,100.0,adaptive,2026-07-04T12:13:59+01:00,4,5,37,10815,70,0.000000,375,415,375,40,9.6386,LOCAL_BEST,1,42,0,17123,9092,111,972,55,411.5226,727.2727,0,0,0,0,0,0
n012w8-0,n012w8,0,5,500000,100.0,adaptive,2026-07-04T12:13:59+01:00,4,2,37,10933,17,0.000000,970,990,970,20,2.0202,LOCAL_BEST,0,42,0,19413,3320,112,118,-53,1694.9153,0.0000,0,0,0,0,0,0
n012w8-0,n012w8,0,5,500000,100.0,adaptive,2026-07-04T12:13:59+01:00,4,5,37,11754,72,0.000000,360,375,360,15,4.0000,LOCAL_BEST,1,42,0,18537,9866,113,821,55,182.7040,272.7273,0,0,0,0,0,0
n012w8-0,n012w8,0,5,500000,100.0,adaptive,2026-07-04T12:13:59+01:00,4,2,37,13523,20,0.000000,945,970,945,25,2.5773,LOCAL_BEST,0,42,0,23833,4650,114,1769,-52,141.3228,0.0000,0,0,0,0,0,0
n012w8-0,n012w8,0,5,500000,100.0,adaptive,2026-07-04T12:13:59+01:00,4,2,37,13527,20,0.000000,855,945,855,90,9.5238,LOCAL_BEST,0,42,0,23848,4651,115,4,0,225000.0000,0.0000,0,0,0,0,0,0
n012w8-0,n012w8,0,5,500000,100.0,adaptive,2026-07-04T12:13:59+01:00,4,3,37,14893,22,0.000000,1410,1415,1410,5,0.3534,LOCAL_BEST,0,42,5575,27652,597,116,1366,2,36.6032,2500.0000,0,0,0,0,0,0
n012w8-0,n012w8,0,5,500000,100.0,adaptive,2026-07-04T12:13:59+01:00,4,3,37,15301,23,0.000000,1380,1410,1380,30,2.1277,LOCAL_BEST,0,42,5732,28415,615,117,408,1,735.2941,30000.0000,0,0,0,0,0,0
n012w8-0,n012w8,0,5,500000,100.0,adaptive,2026-07-04T12:13:59+01:00,4,3,37,15302,23,0.000000,1350,1380,1350,30,2.1739,LOCAL_BEST,0,42,5732,28415,615,118,1,0,300000.0000,0.0000,0,0,0,0,0,0
n012w8-0,n012w8,0,5,500000,100.0,adaptive,2026-07-04T12:13:59+01:00,4,3,37,15303,23,0.000000,1335,1350,1335,15,1.1111,LOCAL_BEST,0,42,5732,28419,615,119,1,0,150000.0000,0.0000,0,0,0,0,0,0
n012w8-0,n012w8,0,5,500000,100.0,adaptive,2026-07-04T12:13:59+01:00,4,5,37,15345,78,0.000000,330,360,330,30,8.3333,LOCAL_BEST,1,42,0,24165,12857,120,42,55,7142.8571,545.4545,0,0,0,0,0,0
n012w8-0,n012w8,0,5,500000,100.0,adaptive,2026-07-04T12:13:59+01:00,4,3,37,15370,23,0.000000,1305,1335,1305,30,2.2472,LOCAL_BEST,0,42,5756,28520,619,121,25,-55,12000.0000,0.0000,0,0,0,0,0,0
n012w8-0,n012w8,0,5,500000,100.0,adaptive,2026-07-04T12:13:59+01:00,4,3,37,15372,23,0.000000,1290,1305,1290,15,1.1494,LOCAL_BEST,0,42,5756,28524,619,122,2,0,75000.0000,0.0000,0,0,0,0,0,0
n012w8-0,n012w8,0,5,500000,100.0,adaptive,2026-07-04T12:13:59+01:00,4,3,37,15373,23,0.000000,1110,1290,1110,180,13.9535,LOCAL_BEST,0,42,5756,28524,619,123,1,0,1800000.0000,0.0000,0,0,0,0,0,0
n012w8-0,n012w8,0,5,500000,100.0,adaptive,2026-07-04T12:13:59+01:00,4,5,37,18185,81,0.000000,315,330,315,15,4.5455,LOCAL_BEST,1,42,0,28530,15247,124,2812,58,53.3428,258.6207,0,0,0,0,0,0
n012w8-0,n012w8,0,5,500000,100.0,adaptive,2026-07-04T12:13:59+01:00,4,2,37,20175,30,0.000000,825,855,825,30,3.5088,LOCAL_BEST,0,42,0,35202,8264,125,1990,-51,150.7538,0.0000,0,0,0,0,0,0
n012w8-0,n012w8,0,5,500000,100.0,adaptive,2026-07-04T12:13:59+01:00,4,5,37,21342,86,0.000000,285,315,285,30,9.5238,LOCAL_BEST,1,42,0,33465,17966,126,1167,56,257.0694,535.7143,0,0,0,0,0,0
n012w8-0,n012w8,0,5,500000,100.0,adaptive,2026-07-04T12:13:59+01:00,4,2,37,21614,32,0.000000,810,825,810,15,1.8182,LOCAL_BEST,0,42,0,37679,9132,127,272,-54,551.4706,0.0000,0,0,0,0,0,0
n012w8-0,n012w8,0,5,500000,100.0,adaptive,2026-07-04T12:13:59+01:00,4,2,37,22609,33,0.000000,805,810,805,5,0.6173,LOCAL_BEST,0,42,0,39287,9742,128,995,1,50.2513,5000.0000,0,0,0,0,0,0
n012w8-0,n012w8,0,5,500000,100.0,adaptive,2026-07-04T12:13:59+01:00,4,1,37,22997,34,52.972199,625,730,625,105,14.3836,GLOBAL_BEST,0,42,4726,39006,9999,129,388,1,2706.1856,105000.0000,0,0,0,0,0,0
n012w8-0,n012w8,0,5,500000,100.0,adaptive,2026-07-04T12:13:59+01:00,4,4,37,23755,90,51.874270,540,600,540,60,10.0000,LOCAL_BEST,1,42,4817,41422,10587,130,758,56,791.5567,1071.4286,0,0,0,0,0,0
n012w8-0,n012w8,0,5,500000,100.0,adaptive,2026-07-04T12:13:59+01:00,4,4,37,23763,90,51.862805,525,540,525,15,2.7778,LOCAL_BEST,1,42,4817,41432,10592,131,8,0,18750.0000,0.0000,0,0,0,0,0,0
n012w8-0,n012w8,0,5,500000,100.0,adaptive,2026-07-04T12:13:59+01:00,4,2,37,23846,34,0.000000,790,805,790,15,1.8634,LOCAL_BEST,0,42,0,41260,10499,132,83,-56,1807.2289,0.0000,0,0,0,0,0,0
n012w8-0,n012w8,0,5,500000,100.0,adaptive,2026-07-04T12:13:59+01:00,4,2,37,24516,35,0.000000,760,790,760,30,3.7975,LOCAL_BEST,0,42,0,42390,10911,133,670,1,447.7612,30000.0000,0,0,0,0,0,0
n012w8-0,n012w8,0,5,500000,100.0,adaptive,2026-07-04T12:13:59+01:00,4,2,37,24517,35,0.000000,745,760,745,15,1.9737,LOCAL_BEST,0,42,0,42390,10911,134,1,0,150000.0000,0.0000,0,0,0,0,0,0
n012w8-0,n012w8,0,5,500000,100.0,adaptive,2026-07-04T12:13:59+01:00,4,8,37,29066,98,0.000000,270,285,270,15,5.2632,LOCAL_BEST,3,42,0,45735,25683,135,4549,63,32.9743,238.0952,0,0,0,0,0,0
n012w8-0,n012w8,0,5,500000,100.0,adaptive,2026-07-04T12:13:59+01:00,4,2,37,29618,43,0.000000,735,745,735,10,1.3423,LOCAL_BEST,0,42,0,51074,14396,136,552,-55,181.1594,0.0000,0,0,0,0,0,0
n012w8-0,n012w8,0,5,500000,100.0,adaptive,2026-07-04T12:13:59+01:00,4,2,37,30018,44,0.000000,675,735,675,60,8.1633,LOCAL_BEST,0,42,0,51729,14650,137,400,1,1500.0000,60000.0000,0,0,0,0,0,0
n012w8-0,n012w8,0,5,500000,100.0,adaptive,2026-07-04T12:13:59+01:00,4,8,37,30847,102,0.000000,255,270,255,15,5.5556,LOCAL_BEST,3,42,0,48571,27263,138,829,58,180.9409,258.6207,0,0,0,0,0,0
n012w8-0,n012w8,0,5,500000,100.0,adaptive,2026-07-04T12:13:59+01:00,4,8,37,31838,103,0.000000,225,255,225,30,11.7647,GLOBAL_BEST,3,42,0,49970,28128,139,991,1,302.7245,30000.0000,0,0,0,0,0,0
n012w8-0,n012w8,0,5,500000,100.0,adaptive,2026-07-04T12:13:59+01:00,4,2,37,33036,47,0.000000,660,675,660,15,2.2222,LOCAL_BEST,0,42,0,56832,16750,140,1198,-56,125.2087,0.0000,0,0,0,0,0,0
n012w8-0,n012w8,0,5,500000,100.0,adaptive,2026-07-04T12:13:59+01:00,4,2,37,35253,50,0.000000,655,660,655,5,0.7576,LOCAL_BEST,0,42,0,60399,18276,141,2217,3,22.5530,1666.6667,0,0,0,0,0,0
n012w8-0,n012w8,0,5,500000,100.0,adaptive,2026-07-04T12:13:59+01:00,4,1,37,35584,52,37.411403,595,625,595,30,4.8000,LOCAL_BEST,0,42,6431,60014,17666,142,331,2,906.3444,15000.0000,0,0,0,0,0,0
n012w8-0,n012w8,0,5,500000,100.0,adaptive,2026-07-04T12:13:59+01:00,4,1,37,35586,52,37.409336,550,595,550,45,7.5630,LOCAL_BEST,0,42,6431,60016,17667,143,2,0,225000.0000,0.0000,0,0,0,0,0,0
n012w8-0,n012w8,0,5,500000,100.0,adaptive,2026-07-04T12:13:59+01:00,4,2,37,35683,51,0.000000,600,655,600,55,8.3969,GLOBAL_BEST,0,42,0,61148,18561,144,97,-1,5670.1031,0.0000,0,0,0,0,0,0
n012w8-0,n012w8,0,5,500000,100.0,adaptive,2026-07-04T12:13:59+01:00,4,1,37,35841,53,37.146680,525,550,525,25,4.5455,LOCAL_BEST,0,42,6457,60451,17857,145,158,2,1582.2785,12500.0000,0,0,0,0,0,0
n012w8-0,n012w8,0,5,500000,100.0,adaptive,2026-07-04T12:13:59+01:00,4,1,37,35864,53,37.123080,495,525,495,30,5.7143,LOCAL_BEST,0,42,6457,60493,17877,146,23,0,13043.4783,0.0000,0,0,0,0,0,0
n012w8-0,n012w8,0,5,500000,100.0,adaptive,2026-07-04T12:13:59+01:00,4,1,37,35900,53,37.086171,480,495,480,15,3.0303,LOCAL_BEST,0,42,6460,60568,17904,147,36,0,4166.6667,0.0000,0,0,0,0,0,0
n012w8-0,n012w8,0,5,500000,100.0,adaptive,2026-07-04T12:13:59+01:00,4,1,37,35907,53,37.078999,465,480,465,15,3.1250,LOCAL_BEST,0,42,6460,60577,17910,148,7,0,21428.5714,0.0000,0,0,0,0,0,0
n012w8-0,n012w8,0,5,500000,100.0,adaptive,2026-07-04T12:13:59+01:00,4,2,37,38020,54,0.000000,585,600,585,15,2.5000,LOCAL_BEST,0,42,0,64911,20221,149,2113,1,70.9891,15000.0000,0,0,0,0,0,0
n012w8-0,n012w8,0,5,500000,100.0,adaptive,2026-07-04T12:13:59+01:00,4,7,37,38284,128,34.721941,415,420,415,5,1.1905,LOCAL_BEST,2,42,6555,66507,19756,150,264,74,189.3939,67.5676,0,0,0,0,0,0
n012w8-0,n012w8,0,5,500000,100.0,adaptive,2026-07-04T12:13:59+01:00,4,1,37,38285,56,34.720982,420,465,420,45,9.6774,GLOBAL_BEST,0,42,6698,64405,19551,151,1,-72,450000.0000,0.0000,0,0,0,0,0,0
n012w8-0,n012w8,0,5,500000,100.0,adaptive,2026-07-04T12:13:59+01:00,4,2,37,39089,56,0.000000,570,585,570,15,2.5641,LOCAL_BEST,0,42,0,66722,21029,152,804,0,186.5672,0.0000,0,0,0,0,0,0
n012w8-0,n012w8,0,5,500000,100.0,adaptive,2026-07-04T12:13:59+01:00,4,2,37,39416,56,0.000000,510,570,510,60,10.5263,LOCAL_BEST,0,42,0,67308,21265,153,327,0,1834.8624,0.0000,0,0,0,0,0,0
n012w8-0,n012w8,0,5,500000,100.0,adaptive,2026-07-04T12:13:59+01:00,4,4,37,40528,118,32.634428,510,525,510,15,2.8571,LOCAL_BEST,1,42,6881,69847,21249,154,1112,62,134.8921,241.9355,0,0,0,0,0,0
n012w8-0,n012w8,0,5,500000,100.0,adaptive,2026-07-04T12:13:59+01:00,4,4,37,40538,118,32.625412,465,510,465,45,8.8235,LOCAL_BEST,1,42,6881,69858,21258,155,10,0,45000.0000,0.0000,0,0,0,0,0,0
n012w8-0,n012w8,0,5,500000,100.0,adaptive,2026-07-04T12:13:59+01:00,4,2,37,45093,67,0.000000,435,510,435,75,14.7059,LOCAL_BEST,0,42,0,76408,25496,156,4555,-51,164.6542,0.0000,0,0,0,0,0,0
n012w8-0,n012w8,0,5,500000,100.0,adaptive,2026-07-04T12:13:59+01:00,4,4,37,46902,132,27.364530,450,465,450,15,3.2258,LOCAL_BEST,1,42,7396,80171,25862,157,1809,65,82.9187,230.7692,0,0,0,0,0,0
n012w8-0,n012w8,0,5,500000,100.0,adaptive,2026-07-04T12:13:59+01:00,4,4,37,46977,133,27.307881,435,450,435,15,3.3333,LOCAL_BEST,1,42,7398,80297,25926,158,75,1,2000.0000,15000.0000,0,0,0,0,0,0
n012w8-0,n012w8,0,5,500000,100.0,adaptive,2026-07-04T12:13:59+01:00,4,1,37,48130,74,26.451603,405,420,405,15,3.5714,LOCAL_BEST,0,42,7464,80016,26869,159,1153,-59,130.0954,0.0000,0,0,0,0,0,0
n012w8-0,n012w8,0,5,500000,100.0,adaptive,2026-07-04T12:13:59+01:00,4,7,37,48200,146,26.400491,390,415,390,25,6.0241,LOCAL_BEST,2,42,7331,82697,26994,160,70,72,3571.4286,347.2222,0,0,0,0,0,0
n012w8-0,n012w8,0,5,500000,100.0,adaptive,2026-07-04T12:13:59+01:00,4,1,37,48619,74,26.096604,375,405,375,30,7.4074,LOCAL_BEST,0,42,7494,80777,27261,161,419,-72,715.9905,0.0000,0,0,0,0,0,0
n012w8-0,n012w8,0,5,500000,100.0,adaptive,2026-07-04T12:13:59+01:00,4,1,37,48664,74,26.064176,360,375,360,15,4.0000,LOCAL_BEST,0,42,7497,80853,27297,162,45,0,3333.3333,0.0000,0,0,0,0,0,0
n012w8-0,n012w8,0,5,500000,100.0,adaptive,2026-07-04T12:13:59+01:00,4,1,37,48729,74,26.017406,345,360,345,15,4.1667,LOCAL_BEST,0,42,7500,80980,27347,163,65,0,2307.6923,0.0000,0,0,0,0,0,0
n012w8-0,n012w8,0,5,500000,100.0,adaptive,2026-07-04T12:13:59+01:00,4,1,37,48747,74,26.004470,330,345,330,15,4.3478,LOCAL_BEST,0,42,7501,80998,27361,164,18,0,8333.3333,0.0000,0,0,0,0,0,0
n012w8-0,n012w8,0,5,500000,100.0,adaptive,2026-07-04T12:13:59+01:00,4,4,37,49104,137,25.749215,390,435,390,45,10.3448,LOCAL_BEST,1,42,7513,83571,27591,165,357,63,1260.5042,714.2857,0,0,0,0,0,0
n012w8-0,n012w8,0,5,500000,100.0,adaptive,2026-07-04T12:13:59+01:00,4,8,37,49790,126,0.000000,220,225,220,5,2.2222,LOCAL_BEST,3,42,0,77701,44311,166,686,-11,72.8863,0.0000,0,0,0,0,0,0
n012w8-0,n012w8,0,5,500000,100.0,adaptive,2026-07-04T12:13:59+01:00,4,5,37,49925,134,0.000000,270,285,270,15,5.2632,LOCAL_BEST,1,42,0,79790,43299,167,135,8,1111.1111,1875.0000,0,0,0,0,0,0
n012w8-0,n012w8,0,5,500000,100.0,adaptive,2026-07-04T12:13:59+01:00,4,5,37,51054,136,0.000000,255,270,255,15,5.5556,LOCAL_BEST,1,42,0,81502,44311,168,1129,2,132.8609,7500.0000,0,0,0,0,0,0
n012w8-0,n012w8,0,5,500000,100.0,adaptive,2026-07-04T12:13:59+01:00,4,4,37,51268,142,24.254705,360,390,360,30,7.6923,LOCAL_BEST,1,42,7632,86805,29327,169,214,6,1401.8692,5000.0000,0,0,0,0,0,0
n012w8-0,n012w8,0,5,500000,100.0,adaptive,2026-07-04T12:13:59+01:00,4,4,37,51272,142,24.252025,325,360,325,35,9.7222,LOCAL_BEST,1,42,7632,86808,29330,170,4,0,87500.0000,0.0000,0,0,0,0,0,0
n012w8-0,n012w8,0,5,500000,100.0,adaptive,2026-07-04T12:13:59+01:00,4,1,37,52417,82,23.496761,270,330,270,60,18.1818,GLOBAL_BEST,0,42,7711,86933,30260,171,1145,-60,524.0175,0.0000,0,0,0,0,0,0
n012w8-0,n012w8,0,5,500000,100.0,adaptive,2026-07-04T12:13:59+01:00,4,7,37,56058,162,21.247899,345,390,345,45,11.5385,LOCAL_BEST,2,42,7717,94967,33310,172,3641,80,123.5924,562.5000,0,0,0,0,0,0
n012w8-0,n012w8,0,5,500000,100.0,adaptive,2026-07-04T12:13:59+01:00,4,7,37,56062,162,21.245551,330,345,330,15,4.3478,LOCAL_BEST,2,42,7718,94974,33312,173,4,0,37500.0000,0.0000,0,0,0,0,0,0
n012w8-0,n012w8,0,5,500000,100.0,adaptive,2026-07-04T12:13:59+01:00,4,2,37,58637,89,0.000000,420,435,420,15,3.4483,LOCAL_BEST,0,42,0,98112,36183,174,2575,-73,58.2524,0.0000,0,0,0,0,0,0
n012w8-0,n012w8,0,5,500000,100.0,adaptive,2026-07-04T12:13:59+01:00,4,4,37,59020,159,19.578166,310,325,310,15,4.6154,LOCAL_BEST,1,42,7945,98759,35844,175,383,70,391.6449,214.2857,0,0,0,0,0,0
n012w8-0,n012w8,0,5,500000,100.0,adaptive,2026-07-04T12:13:59+01:00,4,4,37,59131,159,19.518211,295,310,295,15,4.8387,LOCAL_BEST,1,42,7948,98950,35941,176,111,0,1351.3514,0.0000,0,0,0,0,0,0
n012w8-0,n012w8,0,5,500000,100.0,adaptive,2026-07-04T12:13:59+01:00,4,4,37,59570,159,19.282885,265,295,265,30,10.1695,LOCAL_BEST,1,42,7959,99567,36327,177,439,0,683.3713,0.0000,0,0,0,0,0,0
n012w8-0,n012w8,0,5,500000,100.0,adaptive,2026-07-04T12:13:59+01:00,4,4,37,59622,159,19.255198,250,265,250,15,5.6604,LOCAL_BEST,1,42,7959,99640,36374,178,52,0,2884.6154,0.0000,0,0,0,0,0,0
n012w8-0,n012w8,0,5,500000,100.0,adaptive,2026-07-04T12:13:59+01:00,4,5,37,60482,148,0.000000,225,255,225,30,11.7647,LOCAL_BEST,1,42,0,95666,52739,179,860,-11,348.8372,0.0000,0,0,0,0,0,0
n012w8-0,n012w8,0,5,500000,100.0,adaptive,2026-07-04T12:13:59+01:00,4,1,37,61006,96,18.532756,240,270,240,30,11.1111,GLOBAL_BEST,0,42,8034,100481,37375,180,524,-52,572.5191,0.0000,0,0,0,0,0,0
n012w8-0,n012w8,0,5,500000,100.0,adaptive,2026-07-04T12:13:59+01:00,4,4,37,61184,162,18.441829,235,250,235,15,6.0000,LOCAL_BEST,1,42,8014,101956,37719,181,178,66,842.6966,227.2727,0,0,0,0,0,0
n012w8-0,n012w8,0,5,500000,100.0,adaptive,2026-07-04T12:13:59+01:00,4,1,37,61646,97,18.207906,235,240,235,5,2.0833,GLOBAL_BEST,0,42,8058,101451,37921,182,462,-65,108.2251,0.0000,0,0,0,0,0,0
n012w8-0,n012w8,0,5,500000,100.0,adaptive,2026-07-04T12:13:59+01:00,4,7,37,61814,169,18.123580,300,330,300,30,9.0909,LOCAL_BEST,2,42,7923,104093,38156,183,168,72,1785.7143,416.6667,0,0,0,0,0,0
n012w8-0,n012w8,0,5,500000,100.0,adaptive,2026-07-04T12:13:59+01:00,4,4,37,61857,163,18.102060,220,235,220,15,6.3830,LOCAL_BEST,1,42,8027,102939,38334,184,43,-6,3488.3721,0.0000,0,0,0,0,0,0
n012w8-0,n012w8,0,5,500000,100.0,adaptive,2026-07-04T12:13:59+01:00,4,4,37,62070,163,17.995835,205,220,205,15,6.8182,LOCAL_BEST,1,42,8029,103285,38537,185,213,0,704.2254,0.0000,0,0,0,0,0,0
n012w8-0,n012w8,0,5,500000,100.0,adaptive,2026-07-04T12:13:59+01:00,4,2,37,62397,94,0.000000,405,420,405,15,3.5714,LOCAL_BEST,0,42,0,104221,39224,186,327,-69,458.7156,0.0000,0,0,0,0,0,0
n012w8-0,n012w8,0,5,500000,100.0,adaptive,2026-07-04T12:13:59+01:00,4,2,37,63086,95,0.000000,400,405,400,5,1.2346,LOCAL_BEST,0,42,0,105401,39772,187,689,1,72.5689,5000.0000,0,0,0,0,0,0
n012w8-0,n012w8,0,5,500000,100.0,adaptive,2026-07-04T12:13:59+01:00,4,7,37,63362,171,17.364729,270,300,270,30,10.0000,LOCAL_BEST,2,42,7960,106406,39499,188,276,76,1086.9565,394.7368,0,0,0,0,0,0
n012w8-0,n012w8,0,5,500000,100.0,adaptive,2026-07-04T12:13:59+01:00,4,7,37,63388,171,17.352258,255,270,255,15,5.5556,LOCAL_BEST,2,42,7961,106443,39519,189,26,0,5769.2308,0.0000,0,0,0,0,0,0
n012w8-0,n012w8,0,5,500000,100.0,adaptive,2026-07-04T12:13:59+01:00,4,5,37,63635,154,0.000000,210,225,210,15,6.6667,LOCAL_BEST,1,42,0,100324,55528,190,247,-17,607.2874,0.0000,0,0,0,0,0,0
n012w8-0,n012w8,0,5,500000,100.0,adaptive,2026-07-04T12:13:59+01:00,4,2,37,63851,96,0.000000,370,400,370,30,7.5000,LOCAL_BEST,0,42,0,106605,40389,191,216,-58,1388.8889,0.0000,0,0,0,0,0,0
n012w8-0,n012w8,0,5,500000,100.0,adaptive,2026-07-04T12:13:59+01:00,4,7,37,64180,172,16.976650,195,255,195,60,23.5294,LOCAL_BEST,2,42,7983,107693,40211,192,329,76,1823.7082,789.4737,0,0,0,0,0,0
n012w8-0,n012w8,0,5,500000,100.0,adaptive,2026-07-04T12:13:59+01:00,4,7,37,64274,172,16.932614,165,195,165,30,15.3846,LOCAL_BEST,2,42,7983,107844,40302,193,94,0,3191.4894,0.0000,0,0,0,0,0,0
n012w8-0,n012w8,0,5,500000,100.0,adaptive,2026-07-04T12:13:59+01:00,4,1,37,66259,107,16.028910,225,235,225,10,4.2553,LOCAL_BEST,0,42,8189,108532,41985,194,1985,-65,50.3778,0.0000,0,0,0,0,0,0
n012w8-0,n012w8,0,5,500000,100.0,adaptive,2026-07-04T12:13:59+01:00,4,1,37,66723,108,15.824719,180,225,180,45,20.0000,GLOBAL_BEST,0,42,8199,109252,42403,195,464,1,969.8276,45000.0000,0,0,0,0,0,0
n012w8-0,n012w8,0,5,500000,100.0,adaptive,2026-07-04T12:13:59+01:00,4,10,37,67787,256,15.366254,210,225,210,15,6.6667,LOCAL_BEST,4,42,8157,113208,43090,196,1064,148,140.9774,101.3514,0,0,0,0,0,0
n012w8-0,n012w8,0,5,500000,100.0,adaptive,2026-07-04T12:13:59+01:00,4,10,37,68560,257,15.041530,180,210,180,30,14.2857,LOCAL_BEST,4,42,8168,114275,43764,197,773,1,388.0983,30000.0000,0,0,0,0,0,0
n012w8-0,n012w8,0,5,500000,100.0,adaptive,2026-07-04T12:13:59+01:00,4,8,37,72977,169,0.000000,210,220,210,10,4.5455,LOCAL_BEST,3,42,0,113117,65338,198,4417,-88,22.6398,0.0000,0,0,0,0,0,0
n012w8-0,n012w8,0,5,500000,100.0,adaptive,2026-07-04T12:13:59+01:00,4,8,37,73530,170,0.000000,195,210,195,15,7.1429,LOCAL_BEST,3,42,0,113845,65824,199,553,1,271.2477,15000.0000,0,0,0,0,0,0
n012w8-0,n012w8,0,5,500000,100.0,adaptive,2026-07-04T12:13:59+01:00,4,1,37,74774,122,12.668465,150,180,150,30,16.6667,GLOBAL_BEST,0,42,8333,121496,49655,200,1244,-48,241.1576,0.0000,0,0,0,0,0,0
n012w8-0,n012w8,0,5,500000,100.0,adaptive,2026-07-04T12:13:59+01:00,4,5,37,77336,180,0.000000,195,210,195,15,7.1429,LOCAL_BEST,1,42,0,121066,67833,201,2562,58,58.5480,258.6207,0,0,0,0,0,0
n012w8-0,n012w8,0,5,500000,100.0,adaptive,2026-07-04T12:13:59+01:00,4,5,37,77514,181,0.000000,180,195,180,15,7.6923,LOCAL_BEST,1,42,0,121371,67987,202,178,1,842.6966,15000.0000,0,0,0,0,0,0
n012w8-0,n012w8,0,5,500000,100.0,adaptive,2026-07-04T12:13:59+01:00,4,2,37,81680,119,0.000000,360,370,360,10,2.7027,LOCAL_BEST,0,42,0,136108,55263,203,4166,-62,24.0038,0.0000,0,0,0,0,0,0
n012w8-0,n012w8,0,5,500000,100.0,adaptive,2026-07-04T12:13:59+01:00,4,2,37,82066,119,0.000000,345,360,345,15,4.1667,LOCAL_BEST,0,42,0,136719,55591,204,386,0,388.6010,0.0000,0,0,0,0,0,0
n012w8-0,n012w8,0,5,500000,100.0,adaptive,2026-07-04T12:13:59+01:00,4,8,37,84781,193,0.000000,180,195,180,15,7.6923,LOCAL_BEST,3,42,0,130308,76101,205,2715,74,55.2486,202.7027,0,0,0,0,0,0
n012w8-0,n012w8,0,5,500000,100.0,adaptive,2026-07-04T12:13:59+01:00,4,2,37,86045,124,0.000000,330,345,330,15,4.3478,LOCAL_BEST,0,42,0,143000,59013,206,1264,-69,118.6709,0.0000,0,0,0,0,0,0
n012w8-0,n012w8,0,5,500000,100.0,adaptive,2026-07-04T12:13:59+01:00,4,2,37,86082,124,0.000000,285,330,285,45,13.6364,LOCAL_BEST,0,42,0,143039,59040,207,37,0,12162.1622,0.0000,0,0,0,0,0,0
n012w8-0,n012w8,0,5,500000,100.0,adaptive,2026-07-04T12:13:59+01:00,4,7,37,89307,213,8.478675,150,165,150,15,9.0909,LOCAL_BEST,2,42,8345,146481,62901,208,3225,89,46.5116,168.5393,0,0,0,0,0,0
n012w8-0,n012w8,0,5,500000,100.0,adaptive,2026-07-04T12:13:59+01:00,4,4,37,90407,220,8.224850,190,205,190,15,7.3171,LOCAL_BEST,1,42,8420,147284,64193,209,1100,7,136.3636,2142.8571,0,0,0,0,0,0
n012w8-0,n012w8,0,5,500000,100.0,adaptive,2026-07-04T12:13:59+01:00,4,4,37,90841,221,8.126808,175,190,175,15,7.8947,LOCAL_BEST,1,42,8422,147930,64601,210,434,1,345.6221,15000.0000,0,0,0,0,0,0
n012w8-0,n012w8,0,5,500000,100.0,adaptive,2026-07-04T12:13:59+01:00,4,8,37,92894,209,0.000000,165,180,165,15,8.3333,LOCAL_BEST,3,42,0,142370,83652,211,2053,-12,73.0638,0.0000,0,0,0,0,0,0
n012w8-0,n012w8,0,5,500000,100.0,adaptive,2026-07-04T12:13:59+01:00,4,13,37,93486,264,7.554053,165,180,165,15,8.3333,LOCAL_BEST,5,42,8343,153706,66986,212,592,55,253.3784,272.7273,0,0,0,0,0,0
n012w8-0,n012w8,0,5,500000,100.0,adaptive,2026-07-04T12:13:59+01:00,4,7,37,95882,226,7.070140,135,150,135,15,10.0000,GLOBAL_BEST,2,42,8359,156703,69098,213,2396,-38,62.6043,0.0000,0,0,0,0,0,0
n012w8-0,n012w8,0,5,500000,100.0,adaptive,2026-07-04T12:13:59+01:00,4,5,37,103159,219,0.000000,165,180,165,15,8.3333,LOCAL_BEST,1,42,0,160672,91855,214,7277,-7,20.6129,0.0000,0,0,0,0,0,0
n012w8-0,n012w8,0,5,500000,100.0,adaptive,2026-07-04T12:13:59+01:00,4,5,37,104496,220,0.000000,150,165,150,15,9.0909,LOCAL_BEST,1,42,0,162717,93077,215,1337,1,112.1915,15000.0000,0,0,0,0,0,0
n012w8-0,n012w8,0,5,500000,100.0,adaptive,2026-07-04T12:13:59+01:00,4,2,37,105026,155,0.000000,240,285,240,45,15.7895,LOCAL_BEST,0,42,0,172371,75516,216,530,-65,849.0566,0.0000,0,0,0,0,0,0
n012w8-0,n012w8,0,5,500000,100.0,adaptive,2026-07-04T12:13:59+01:00,4,2,37,111898,168,0.000000,225,240,225,15,6.2500,LOCAL_BEST,0,42,0,182874,81602,217,6872,13,21.8277,1153.8462,0,0,0,0,0,0
n012w8-0,n012w8,0,5,500000,100.0,adaptive,2026-07-04T12:13:59+01:00,4,1,37,124774,202,3.182087,150,150,150,0,0.0000,REHEAT,0,42,8468,194208,97223,218,12876,34,0.0000,0.0000,0,0,0,0,0,0
n012w8-0,n012w8,0,5,500000,100.0,adaptive,2026-07-04T12:13:59+01:00,4,3,37,132550,245,0.000000,1030,1110,1030,80,7.2072,LOCAL_BEST,0,42,49548,247048,5281,219,7776,43,102.8807,1860.4651,0,0,0,0,0,0
n012w8-0,n012w8,0,5,500000,100.0,adaptive,2026-07-04T12:13:59+01:00,4,2,37,132558,195,0.000000,210,225,210,15,6.6667,LOCAL_BEST,0,42,0,214770,99975,220,8,-50,18750.0000,0.0000,0,0,0,0,0,0
n012w8-0,n012w8,0,5,500000,100.0,adaptive,2026-07-04T12:13:59+01:00,4,2,37,132831,195,0.000000,195,210,195,15,7.1429,LOCAL_BEST,0,42,0,215181,100210,221,273,0,549.4505,0.0000,0,0,0,0,0,0
n012w8-0,n012w8,0,5,500000,100.0,adaptive,2026-07-04T12:13:59+01:00,4,5,37,136402,269,0.000000,135,150,135,15,10.0000,LOCAL_BEST,1,42,0,210595,122684,222,3571,74,42.0050,202.7027,0,0,0,0,0,0
n012w8-0,n012w8,0,5,500000,100.0,adaptive,2026-07-04T12:13:59+01:00,4,2,37,143699,209,0.000000,180,195,180,15,7.6923,LOCAL_BEST,0,42,0,231158,109857,223,7297,-60,20.5564,0.0000,0,0,0,0,0,0
n012w8-0,n012w8,0,5,500000,100.0,adaptive,2026-07-04T12:13:59+01:00,4,2,37,144056,210,0.000000,165,180,165,15,8.3333,LOCAL_BEST,0,42,0,231684,110170,224,357,1,420.1681,15000.0000,0,0,0,0,0,0
n012w8-0,n012w8,0,5,500000,100.0,adaptive,2026-07-04T12:13:59+01:00,4,7,37,145882,329,1.775890,135,135,135,0,0.0000,REHEAT,2,42,8383,234788,115627,225,1826,119,0.0000,0.0000,0,0,0,0,0,0
n012w8-0,n012w8,0,5,500000,100.0,adaptive,2026-07-04T12:13:59+01:00,4,5,37,149993,292,0.000000,120,135,120,15,11.1111,GLOBAL_BEST,1,42,0,231125,135332,226,4111,-37,36.4875,0.0000,0,0,0,0,0,0
n012w8-0,n012w8,0,5,500000,100.0,adaptive,2026-07-04T12:13:59+01:00,4,1,37,174774,300,25.118864,370,150,150,0,0.0000,REHEAT,0,42,15834,279546,125639,227,24781,8,0.0000,0.0000,0,0,0,0,0,0
n012w8-0,n012w8,0,5,500000,100.0,adaptive,2026-07-04T12:13:59+01:00,4,7,37,195882,441,25.118864,505,135,135,0,0.0000,REHEAT,2,42,15950,320643,143722,228,21108,141,0.0000,0.0000,0,0,0,0,0,0
n012w8-0,n012w8,0,5,500000,100.0,adaptive,2026-07-04T12:13:59+01:00,4,1,37,224774,403,25.118864,735,150,150,0,0.0000,REHEAT,0,42,23269,364556,154128,229,28892,-38,0.0000,0.0000,0,0,0,0,0,0
n012w8-0,n012w8,0,5,500000,100.0,adaptive,2026-07-04T12:13:59+01:00,4,2,37,227513,349,0.000000,150,165,150,15,9.0909,LOCAL_BEST,0,42,0,356651,186492,230,2739,-54,54.7645,0.0000,0,0,0,0,0,0
n012w8-0,n012w8,0,5,500000,100.0,adaptive,2026-07-04T12:13:59+01:00,4,7,37,245882,549,25.118864,740,135,135,0,0.0000,REHEAT,2,42,23575,406291,171968,231,18369,200,0.0000,0.0000,0,0,0,0,0,0
n012w8-0,n012w8,0,5,500000,100.0,adaptive,2026-07-04T12:13:59+01:00,4,1,37,274774,513,25.118864,525,150,150,0,0.0000,REHEAT,0,42,30742,448580,182545,232,28892,-36,0.0000,0.0000,0,0,0,0,0,0
n012w8-0,n012w8,0,5,500000,100.0,adaptive,2026-07-04T12:13:59+01:00,4,7,37,295882,651,25.118864,780,135,135,0,0.0000,REHEAT,2,42,31121,491858,200084,233,21108,138,0.0000,0.0000,0,0,0,0,0,0
n012w8-0,n012w8,0,5,500000,100.0,adaptive,2026-07-04T12:13:59+01:00,4,1,37,324774,617,25.118864,450,150,150,0,0.0000,REHEAT,0,42,38137,532834,211095,234,28892,-34,0.0000,0.0000,0,0,0,0,0,0
n012w8-0,n012w8,0,5,500000,100.0,adaptive,2026-07-04T12:13:59+01:00,4,7,37,345882,753,25.118864,475,135,135,0,0.0000,REHEAT,2,42,38604,576537,228582,235,21108,136,0.0000,0.0000,0,0,0,0,0,0
n012w8-0,n012w8,0,5,500000,100.0,adaptive,2026-07-04T12:13:59+01:00,4,1,37,374774,716,25.118864,615,150,150,0,0.0000,REHEAT,0,42,45654,618069,239482,236,28892,-37,0.0000,0.0000,0,0,0,0,0,0
n012w8-0,n012w8,0,5,500000,100.0,adaptive,2026-07-04T12:13:59+01:00,4,7,37,395882,866,25.118864,895,135,135,0,0.0000,REHEAT,2,42,46048,661087,257104,237,21108,150,0.0000,0.0000,0,0,0,0,0,0
n012w8-0,n012w8,0,5,500000,100.0,adaptive,2026-07-04T12:13:59+01:00,4,1,37,424774,813,25.118864,880,150,150,0,0.0000,REHEAT,0,42,53119,703734,267909,238,28892,-53,0.0000,0.0000,0,0,0,0,0,0
n012w8-0,n012w8,0,5,500000,100.0,adaptive,2026-07-04T12:13:59+01:00,4,7,37,445882,976,25.118864,550,135,135,0,0.0000,REHEAT,2,42,53542,746793,285647,239,21108,163,0.0000,0.0000,0,0,0,0,0,0
n012w8-0,n012w8,0,5,500000,100.0,adaptive,2026-07-04T12:13:59+01:00,4,1,37,474774,912,25.118864,780,150,150,0,0.0000,REHEAT,0,42,60409,788261,296580,240,28892,-64,0.0000,0.0000,0,0,0,0,0,0
n012w8-0,n012w8,0,5,500000,100.0,adaptive,2026-07-04T12:13:59+01:00,4,7,37,495882,1073,25.118864,600,135,135,0,0.0000,REHEAT,2,42,61011,831168,313998,241,21108,161,0.0000,0.0000,0,0,0,0,0,0
n012w8-0,n012w8,0,5,500000,100.0,adaptive,2026-07-04T12:13:59+01:00,5,3,43,1,0,0.000000,4140,4455,4140,315,7.0707,GLOBAL_BEST,0,42,0,0,0,1,1,0,3150000.0000,0.0000,0,0,0,0,0,0
n012w8-0,n012w8,0,5,500000,100.0,adaptive,2026-07-04T12:13:59+01:00,5,1,43,1,0,100.000000,4185,4455,4185,270,6.0606,LOCAL_BEST,0,42,0,3,0,2,0,0,0.0000,0.0000,0,0,0,0,0,0
n012w8-0,n012w8,0,5,500000,100.0,adaptive,2026-07-04T12:13:59+01:00,5,2,43,1,0,0.000000,4155,4455,4155,300,6.7340,LOCAL_BEST,0,42,0,1,0,3,0,0,0.0000,0.0000,0,0,0,0,0,0
n012w8-0,n012w8,0,5,500000,100.0,adaptive,2026-07-04T12:13:59+01:00,5,3,43,2,0,0.000000,4035,4140,4035,105,2.5362,GLOBAL_BEST,0,42,0,1,0,4,1,0,1050000.0000,0.0000,0,0,0,0,0,0
n012w8-0,n012w8,0,5,500000,100.0,adaptive,2026-07-04T12:13:59+01:00,5,2,43,2,0,0.000000,4125,4155,4125,30,0.7220,LOCAL_BEST,0,42,0,2,0,5,0,0,0.0000,0.0000,0,0,0,0,0,0
n012w8-0,n012w8,0,5,500000,100.0,adaptive,2026-07-04T12:13:59+01:00,5,1,43,3,0,99.994474,4125,4185,4125,60,1.4337,LOCAL_BEST,0,42,0,5,0,6,1,0,600000.0000,0.0000,0,0,0,0,0,0
n012w8-0,n012w8,0,5,500000,100.0,adaptive,2026-07-04T12:13:59+01:00,5,2,43,3,0,0.000000,3945,4125,3945,180,4.3636,LOCAL_BEST,0,42,0,4,0,7,0,0,0.0000,0.0000,0,0,0,0,0,0
n012w8-0,n012w8,0,5,500000,100.0,adaptive,2026-07-04T12:13:59+01:00,5,1,43,4,0,99.991711,3930,4125,3930,195,4.7273,LOCAL_BEST,0,42,0,6,0,8,1,0,1950000.0000,0.0000,0,0,0,0,0,0
n012w8-0,n012w8,0,5,500000,100.0,adaptive,2026-07-04T12:13:59+01:00,5,3,43,5,0,0.000000,3640,4035,3640,395,9.7893,GLOBAL_BEST,0,42,1,11,0,9,1,0,3950000.0000,0.0000,0,0,0,0,0,0
n012w8-0,n012w8,0,5,500000,100.0,adaptive,2026-07-04T12:13:59+01:00,5,3,43,6,0,0.000000,3460,3640,3460,180,4.9451,GLOBAL_BEST,0,42,1,14,0,10,1,0,1800000.0000,0.0000,0,0,0,0,0,0
n012w8-0,n012w8,0,5,500000,100.0,adaptive,2026-07-04T12:13:59+01:00,5,2,43,6,0,0.000000,3775,3945,3775,170,4.3093,LOCAL_BEST,0,42,0,10,0,11,0,0,0.0000,0.0000,0,0,0,0,0,0
n012w8-0,n012w8,0,5,500000,100.0,adaptive,2026-07-04T12:13:59+01:00,5,1,43,7,0,99.983423,3735,3930,3735,195,4.9618,LOCAL_BEST,0,42,0,17,0,12,1,0,1950000.0000,0.0000,0,0,0,0,0,0
n012w8-0,n012w8,0,5,500000,100.0,adaptive,2026-07-04T12:13:59+01:00,5,3,43,7,0,0.000000,3280,3460,3280,180,5.2023,GLOBAL_BEST,0,42,1,18,0,13,0,0,0.0000,0.0000,0,0,0,0,0,0
n012w8-0,n012w8,0,5,500000,100.0,adaptive,2026-07-04T12:13:59+01:00,5,1,43,8,0,99.980660,3490,3735,3490,245,6.5596,LOCAL_BEST,0,42,0,22,0,14,1,0,2450000.0000,0.0000,0,0,0,0,0,0
n012w8-0,n012w8,0,5,500000,100.0,adaptive,2026-07-04T12:13:59+01:00,5,2,43,8,0,0.000000,3570,3775,3570,205,5.4305,LOCAL_BEST,0,42,0,11,0,15,0,0,0.0000,0.0000,0,0,0,0,0,0
n012w8-0,n012w8,0,5,500000,100.0,adaptive,2026-07-04T12:13:59+01:00,5,1,43,9,0,99.977898,3250,3490,3250,240,6.8768,GLOBAL_BEST,0,42,0,22,0,16,1,0,2400000.0000,0.0000,0,0,0,0,0,0
n012w8-0,n012w8,0,5,500000,100.0,adaptive,2026-07-04T12:13:59+01:00,5,3,43,9,0,0.000000,3160,3280,3160,120,3.6585,GLOBAL_BEST,0,42,1,22,0,17,0,0,0.0000,0.0000,0,0,0,0,0,0
n012w8-0,n012w8,0,5,500000,100.0,adaptive,2026-07-04T12:13:59+01:00,5,1,43,10,0,99.975135,3070,3250,3070,180,5.5385,GLOBAL_BEST,0,42,0,24,0,18,1,0,1800000.0000,0.0000,0,0,0,0,0,0
n012w8-0,n012w8,0,5,500000,100.0,adaptive,2026-07-04T12:13:59+01:00,5,3,43,10,0,0.000000,2950,3160,2950,210,6.6456,GLOBAL_BEST,0,42,1,24,0,19,0,0,0.0000,0.0000,0,0,0,0,0,0
n012w8-0,n012w8,0,5,500000,100.0,adaptive,2026-07-04T12:13:59+01:00,5,2,43,11,0,0.000000,3180,3570,3180,390,10.9244,LOCAL_BEST,0,42,0,22,0,20,1,0,3900000.0000,0.0000,0,0,0,0,0,0
n012w8-0,n012w8,0,5,500000,100.0,adaptive,2026-07-04T12:13:59+01:00,5,1,43,12,0,99.969610,3040,3070,3040,30,0.9772,LOCAL_BEST,0,42,0,28,0,21,1,0,300000.0000,0.0000,0,0,0,0,0,0
n012w8-0,n012w8,0,5,500000,100.0,adaptive,2026-07-04T12:13:59+01:00,5,3,43,12,0,0.000000,2905,2950,2905,45,1.5254,GLOBAL_BEST,0,42,2,25,0,22,0,0,0.0000,0.0000,0,0,0,0,0,0
n012w8-0,n012w8,0,5,500000,100.0,adaptive,2026-07-04T12:13:59+01:00,5,1,43,13,0,99.966848,2860,3040,2860,180,5.9211,GLOBAL_BEST,0,42,0,30,0,23,1,0,1800000.0000,0.0000,0,0,0,0,0,0
n012w8-0,n012w8,0,5,500000,100.0,adaptive,2026-07-04T12:13:59+01:00,5,3,43,13,0,0.000000,2875,2905,2875,30,1.0327,LOCAL_BEST,0,42,2,28,0,24,0,0,0.0000,0.0000,0,0,0,0,0,0
n012w8-0,n012w8,0,5,500000,100.0,adaptive,2026-07-04T12:13:59+01:00,5,1,43,14,0,99.964086,2830,2860,2830,30,1.0490,GLOBAL_BEST,0,42,0,30,0,25,1,0,300000.0000,0.0000,0,0,0,0,0,0
n012w8-0,n012w8,0,5,500000,100.0,adaptive,2026-07-04T12:13:59+01:00,5,2,43,15,0,0.000000,2995,3180,2995,185,5.8176,LOCAL_BEST,0,42,0,25,0,26,1,0,1850000.0000,0.0000,0,0,0,0,0,0
n012w8-0,n012w8,0,5,500000,100.0,adaptive,2026-07-04T12:13:59+01:00,5,1,43,15,0,99.961324,2730,2830,2730,100,3.5336,GLOBAL_BEST,0,42,0,34,0,27,0,0,0.0000,0.0000,0,0,0,0,0,0
n012w8-0,n012w8,0,5,500000,100.0,adaptive,2026-07-04T12:13:59+01:00,5,3,43,17,0,0.000000,2725,2875,2725,150,5.2174,GLOBAL_BEST,0,42,3,41,0,28,2,0,750000.0000,0.0000,0,0,0,0,0,0
n012w8-0,n012w8,0,5,500000,100.0,adaptive,2026-07-04T12:13:59+01:00,5,2,43,18,0,0.000000,2955,2995,2955,40,1.3356,LOCAL_BEST,0,42,0,27,0,29,1,0,400000.0000,0.0000,0,0,0,0,0,0
n012w8-0,n012w8,0,5,500000,100.0,adaptive,2026-07-04T12:13:59+01:00,5,2,43,19,0,0.000000,2745,2955,2745,210,7.1066,LOCAL_BEST,0,42,0,31,0,30,1,0,2100000.0000,0.0000,0,0,0,0,0,0
n012w8-0,n012w8,0,5,500000,100.0,adaptive,2026-07-04T12:13:59+01:00,5,2,43,20,0,0.000000,2685,2745,2685,60,2.1858,GLOBAL_BEST,0,42,0,32,0,31,1,0,600000.0000,0.0000,0,0,0,0,0,0
n012w8-0,n012w8,0,5,500000,100.0,adaptive,2026-07-04T12:13:59+01:00,5,2,43,21,0,0.000000,2595,2685,2595,90,3.3520,GLOBAL_BEST,0,42,0,32,0,32,1,0,900000.0000,0.0000,0,0,0,0,0,0
n012w8-0,n012w8,0,5,500000,100.0,adaptive,2026-07-04T12:13:59+01:00,5,2,43,22,0,0.000000,2445,2595,2445,150,5.7803,GLOBAL_BEST,0,42,0,36,0,33,1,0,1500000.0000,0.0000,0,0,0,0,0,0
n012w8-0,n012w8,0,5,500000,100.0,adaptive,2026-07-04T12:13:59+01:00,5,2,43,23,0,0.000000,2385,2445,2385,60,2.4540,GLOBAL_BEST,0,42,0,47,0,34,1,0,600000.0000,0.0000,0,0,0,0,0,0
n012w8-0,n012w8,0,5,500000,100.0,adaptive,2026-07-04T12:13:59+01:00,5,3,43,24,0,0.000000,2605,2725,2605,120,4.4037,LOCAL_BEST,0,42,6,49,0,35,1,0,1200000.0000,0.0000,0,0,0,0,0,0
n012w8-0,n012w8,0,5,500000,100.0,adaptive,2026-07-04T12:13:59+01:00,5,2,43,24,0,0.000000,2375,2385,2375,10,0.4193,GLOBAL_BEST,0,42,0,47,0,36,0,0,0.0000,0.0000,0,0,0,0,0,0
n012w8-0,n012w8,0,5,500000,100.0,adaptive,2026-07-04T12:13:59+01:00,5,3,43,25,0,0.000000,2575,2605,2575,30,1.1516,GLOBAL_BEST,0,42,6,52,0,37,1,0,300000.0000,0.0000,0,0,0,0,0,0
n012w8-0,n012w8,0,5,500000,100.0,adaptive,2026-07-04T12:13:59+01:00,5,5,43,26,40,0.000000,805,820,805,15,1.8293,LOCAL_BEST,1,42,0,23,23,38,1,40,150000.0000,375.0000,0,0,0,0,0,0
n012w8-0,n012w8,0,5,500000,100.0,adaptive,2026-07-04T12:13:59+01:00,5,3,43,27,0,0.000000,2430,2575,2430,145,5.6311,GLOBAL_BEST,0,42,7,52,0,39,1,-40,1450000.0000,0.0000,0,0,0,0,0,0
n012w8-0,n012w8,0,5,500000,100.0,adaptive,2026-07-04T12:13:59+01:00,5,3,43,29,0,0.000000,2410,2430,2410,20,0.8230,LOCAL_BEST,0,42,7,52,0,40,2,0,100000.0000,0.0000,0,0,0,0,0,0
n012w8-0,n012w8,0,5,500000,100.0,adaptive,2026-07-04T12:13:59+01:00,5,1,43,31,0,99.917141,2555,2730,2555,175,6.4103,LOCAL_BEST,0,42,3,66,2,41,2,0,875000.0000,0.0000,0,0,0,0,0,0
n012w8-0,n012w8,0,5,500000,100.0,adaptive,2026-07-04T12:13:59+01:00,5,3,43,31,0,0.000000,2335,2410,2335,75,3.1120,LOCAL_BEST,0,42,8,54,0,42,0,0,0.0000,0.0000,0,0,0,0,0,0
n012w8-0,n012w8,0,5,500000,100.0,adaptive,2026-07-04T12:13:59+01:00,5,1,43,33,0,99.911620,2525,2555,2525,30,1.1742,LOCAL_BEST,0,42,3,66,3,43,2,0,150000.0000,0.0000,0,0,0,0,0,0
n012w8-0,n012w8,0,5,500000,100.0,adaptive,2026-07-04T12:13:59+01:00,5,1,43,34,0,99.908859,2375,2525,2375,150,5.9406,LOCAL_BEST,0,42,3,69,3,44,1,0,1500000.0000,0.0000,0,0,0,0,0,0
n012w8-0,n012w8,0,5,500000,100.0,adaptive,2026-07-04T12:13:59+01:00,5,1,43,35,0,99.906099,2335,2375,2335,40,1.6842,GLOBAL_BEST,0,42,3,69,3,45,1,0,400000.0000,0.0000,0,0,0,0,0,0
n012w8-0,n012w8,0,5,500000,100.0,adaptive,2026-07-04T12:13:59+01:00,5,1,43,36,0,99.903338,2245,2335,2245,90,3.8544,GLOBAL_BEST,0,42,3,69,3,46,1,0,900000.0000,0.0000,0,0,0,0,0,0
n012w8-0,n012w8,0,5,500000,100.0,adaptive,2026-07-04T12:13:59+01:00,5,1,43,37,0,99.900578,2145,2245,2145,100,4.4543,GLOBAL_BEST,0,42,3,70,3,47,1,0,1000000.0000,0.0000,0,0,0,0,0,0
n012w8-0,n012w8,0,5,500000,100.0,adaptive,2026-07-04T12:13:59+01:00,5,1,43,39,0,99.895057,1965,2145,1965,180,8.3916,GLOBAL_BEST,0,42,3,72,4,48,2,0,900000.0000,0.0000,0,0,0,0,0,0
n012w8-0,n012w8,0,5,500000,100.0,adaptive,2026-07-04T12:13:59+01:00,5,5,43,48,40,0.000000,775,805,775,30,3.7267,LOCAL_BEST,1,42,0,69,44,49,9,40,33333.3333,750.0000,0,0,0,0,0,0
n012w8-0,n012w8,0,5,500000,100.0,adaptive,2026-07-04T12:13:59+01:00,5,3,43,100,0,0.000000,2215,2335,2215,120,5.1392,LOCAL_BEST,0,42,33,177,1,50,52,-40,23076.9231,0.0000,0,0,0,0,0,0
n012w8-0,n012w8,0,5,500000,100.0,adaptive,2026-07-04T12:13:59+01:00,5,2,43,103,0,0.000000,2325,2375,2325,50,2.1053,LOCAL_BEST,0,42,0,163,0,51,3,0,166666.6667,0.0000,0,0,0,0,0,0
n012w8-0,n012w8,0,5,500000,100.0,adaptive,2026-07-04T12:13:59+01:00,5,8,43,117,90,0.000000,435,465,435,30,6.4516,GLOBAL_BEST,3,42,0,155,106,52,14,90,21428.5714,333.3333,0,0,0,0,0,0
n012w8-0,n012w8,0,5,500000,100.0,adaptive,2026-07-04T12:13:59+01:00,5,1,43,134,0,99.633182,1880,1965,1880,85,4.3257,GLOBAL_BEST,0,42,23,219,35,53,17,-90,50000.0000,0.0000,0,0,0,0,0,0
n012w8-0,n012w8,0,5,500000,100.0,adaptive,2026-07-04T12:13:59+01:00,5,1,43,139,0,99.619418,1790,1880,1790,90,4.7872,GLOBAL_BEST,0,42,23,220,37,54,5,0,180000.0000,0.0000,0,0,0,0,0,0
n012w8-0,n012w8,0,5,500000,100.0,adaptive,2026-07-04T12:13:59+01:00,5,1,43,140,0,99.616665,1725,1790,1725,65,3.6313,GLOBAL_BEST,0,42,23,223,37,55,1,0,650000.0000,0.0000,0,0,0,0,0,0
n012w8-0,n012w8,0,5,500000,100.0,adaptive,2026-07-04T12:13:59+01:00,5,1,43,145,0,99.602904,1675,1725,1675,50,2.8986,GLOBAL_BEST,0,42,24,234,40,56,5,0,100000.0000,0.0000,0,0,0,0,0,0
n012w8-0,n012w8,0,5,500000,100.0,adaptive,2026-07-04T12:13:59+01:00,5,1,43,146,0,99.600152,1625,1675,1625,50,2.9851,GLOBAL_BEST,0,42,24,234,40,57,1,0,500000.0000,0.0000,0,0,0,0,0,0
n012w8-0,n012w8,0,5,500000,100.0,adaptive,2026-07-04T12:13:59+01:00,5,1,43,150,0,99.589144,1610,1625,1610,15,0.9231,GLOBAL_BEST,0,42,25,241,41,58,4,0,37500.0000,0.0000,0,0,0,0,0,0
n012w8-0,n012w8,0,5,500000,100.0,adaptive,2026-07-04T12:13:59+01:00,5,3,43,157,0,0.000000,2170,2215,2170,45,2.0316,LOCAL_BEST,0,42,54,254,1,59,7,0,64285.7143,0.0000,0,0,0,0,0,0
n012w8-0,n012w8,0,5,500000,100.0,adaptive,2026-07-04T12:13:59+01:00,5,3,43,158,0,0.000000,2005,2170,2005,165,7.6037,LOCAL_BEST,0,42,54,255,1,60,1,0,1650000.0000,0.0000,0,0,0,0,0,0
n012w8-0,n012w8,0,5,500000,100.0,adaptive,2026-07-04T12:13:59+01:00,5,3,43,159,0,0.000000,1990,2005,1990,15,0.7481,LOCAL_BEST,0,42,54,256,1,61,1,0,150000.0000,0.0000,0,0,0,0,0,0
n012w8-0,n012w8,0,5,500000,100.0,adaptive,2026-07-04T12:13:59+01:00,5,1,43,164,0,99.550627,1545,1610,1545,65,4.0373,GLOBAL_BEST,0,42,32,260,42,62,5,0,130000.0000,0.0000,0,0,0,0,0,0
n012w8-0,n012w8,0,5,500000,100.0,adaptive,2026-07-04T12:13:59+01:00,5,3,43,170,0,0.000000,1950,1990,1950,40,2.0101,LOCAL_BEST,0,42,58,275,1,63,6,0,66666.6667,0.0000,0,0,0,0,0,0
n012w8-0,n012w8,0,5,500000,100.0,adaptive,2026-07-04T12:13:59+01:00,5,3,43,171,0,0.000000,1930,1950,1930,20,1.0256,LOCAL_BEST,0,42,58,276,1,64,1,0,200000.0000,0.0000,0,0,0,0,0,0
n012w8-0,n012w8,0,5,500000,100.0,adaptive,2026-07-04T12:13:59+01:00,5,8,43,174,90,0.000000,405,435,405,30,6.8966,GLOBAL_BEST,3,42,0,257,156,65,3,90,100000.0000,333.3333,0,0,0,0,0,0
n012w8-0,n012w8,0,5,500000,100.0,adaptive,2026-07-04T12:13:59+01:00,5,2,43,192,0,0.000000,2300,2325,2300,25,1.0753,LOCAL_BEST,0,42,0,292,0,66,18,-90,13888.8889,0.0000,0,0,0,0,0,0
n012w8-0,n012w8,0,5,500000,100.0,adaptive,2026-07-04T12:13:59+01:00,5,2,43,193,0,0.000000,1940,2300,1940,360,15.6522,LOCAL_BEST,0,42,0,293,0,67,1,0,3600000.0000,0.0000,0,0,0,0,0,0
n012w8-0,n012w8,0,5,500000,100.0,adaptive,2026-07-04T12:13:59+01:00,5,5,43,213,42,0.000000,730,775,730,45,5.8065,GLOBAL_BEST,1,42,0,299,182,68,20,42,22500.0000,1071.4286,0,0,0,0,0,0
n012w8-0,n012w8,0,5,500000,100.0,adaptive,2026-07-04T12:13:59+01:00,5,1,43,253,1,99.306117,1450,1545,1450,95,6.1489,GLOBAL_BEST,0,42,55,431,69,69,40,-41,23750.0000,0.0000,0,0,0,0,0,0
n012w8-0,n012w8,0,5,500000,100.0,adaptive,2026-07-04T12:13:59+01:00,5,1,43,256,1,99.297885,1390,1450,1390,60,4.1379,GLOBAL_BEST,0,42,56,441,70,70,3,0,200000.0000,0.0000,0,0,0,0,0,0
n012w8-0,n012w8,0,5,500000,100.0,adaptive,2026-07-04T12:13:59+01:00,5,1,43,257,1,99.295142,1375,1390,1375,15,1.0791,GLOBAL_BEST,0,42,56,445,70,71,1,0,150000.0000,0.0000,0,0,0,0,0,0
n012w8-0,n012w8,0,5,500000,100.0,adaptive,2026-07-04T12:13:59+01:00,5,1,43,259,1,99.289655,1285,1375,1285,90,6.5455,GLOBAL_BEST,0,42,56,446,71,72,2,0,450000.0000,0.0000,0,0,0,0,0,0
n012w8-0,n012w8,0,5,500000,100.0,adaptive,2026-07-04T12:13:59+01:00,5,2,43,380,1,0.000000,1925,1940,1925,15,0.7732,LOCAL_BEST,0,42,0,617,0,73,121,0,1239.6694,0.0000,0,0,0,0,0,0
n012w8-0,n012w8,0,5,500000,100.0,adaptive,2026-07-04T12:13:59+01:00,5,2,43,381,1,0.000000,1865,1925,1865,60,3.1169,LOCAL_BEST,0,42,0,617,0,74,1,0,600000.0000,0.0000,0,0,0,0,0,0
n012w8-0,n012w8,0,5,500000,100.0,adaptive,2026-07-04T12:13:59+01:00,5,2,43,382,1,0.000000,1850,1865,1850,15,0.8043,LOCAL_BEST,0,42,0,617,0,75,1,0,150000.0000,0.0000,0,0,0,0,0,0
n012w8-0,n012w8,0,5,500000,100.0,adaptive,2026-07-04T12:13:59+01:00,5,2,43,384,1,0.000000,1660,1850,1660,190,10.2703,LOCAL_BEST,0,42,0,620,0,76,2,0,950000.0000,0.0000,0,0,0,0,0,0
n012w8-0,n012w8,0,5,500000,100.0,adaptive,2026-07-04T12:13:59+01:00,5,2,43,385,1,0.000000,1600,1660,1600,60,3.6145,LOCAL_BEST,0,42,0,622,0,77,1,0,600000.0000,0.0000,0,0,0,0,0,0
n012w8-0,n012w8,0,5,500000,100.0,adaptive,2026-07-04T12:13:59+01:00,5,3,43,448,1,0.000000,1880,1930,1880,50,2.5907,LOCAL_BEST,0,42,172,728,6,78,63,0,7936.5079,0.0000,0,0,0,0,0,0
n012w8-0,n012w8,0,5,500000,100.0,adaptive,2026-07-04T12:13:59+01:00,5,3,43,451,1,0.000000,1725,1880,1725,155,8.2447,LOCAL_BEST,0,42,172,736,7,79,3,0,516666.6667,0.0000,0,0,0,0,0,0
n012w8-0,n012w8,0,5,500000,100.0,adaptive,2026-07-04T12:13:59+01:00,5,3,43,452,1,0.000000,1680,1725,1680,45,2.6087,LOCAL_BEST,0,42,172,738,7,80,1,0,450000.0000,0.0000,0,0,0,0,0,0
n012w8-0,n012w8,0,5,500000,100.0,adaptive,2026-07-04T12:13:59+01:00,5,3,43,767,1,0.000000,1650,1680,1650,30,1.7857,LOCAL_BEST,0,42,288,1273,22,81,315,0,952.3810,0.0000,0,0,0,0,0,0
n012w8-0,n012w8,0,5,500000,100.0,adaptive,2026-07-04T12:13:59+01:00,5,5,43,800,42,0.000000,715,730,715,15,2.0548,GLOBAL_BEST,1,42,0,1154,678,82,33,41,4545.4545,365.8537,0,0,0,0,0,0
n012w8-0,n012w8,0,5,500000,100.0,adaptive,2026-07-04T12:13:59+01:00,5,2,43,1439,2,0.000000,1590,1600,1590,10,0.6250,LOCAL_BEST,0,42,0,2492,67,83,639,-40,156.4945,0.0000,0,0,0,0,0,0
n012w8-0,n012w8,0,5,500000,100.0,adaptive,2026-07-04T12:13:59+01:00,5,2,43,1440,2,0.000000,1440,1590,1440,150,9.4340,LOCAL_BEST,0,42,0,2492,67,84,1,0,1500000.0000,0.0000,0,0,0,0,0,0
n012w8-0,n012w8,0,5,500000,100.0,adaptive,2026-07-04T12:13:59+01:00,5,3,43,1492,2,0.000000,1570,1650,1570,80,4.8485,LOCAL_BEST,0,42,574,2501,41,85,52,0,15384.6154,0.0000,0,0,0,0,0,0
n012w8-0,n012w8,0,5,500000,100.0,adaptive,2026-07-04T12:13:59+01:00,5,5,43,1557,44,0.000000,700,715,700,15,2.0979,GLOBAL_BEST,1,42,0,2230,1273,86,65,42,2307.6923,357.1429,0,0,0,0,0,0
n012w8-0,n012w8,0,5,500000,100.0,adaptive,2026-07-04T12:13:59+01:00,5,5,43,1559,44,0.000000,680,700,680,20,2.8571,GLOBAL_BEST,1,42,0,2234,1273,87,2,0,100000.0000,0.0000,0,0,0,0,0,0
n012w8-0,n012w8,0,5,500000,100.0,adaptive,2026-07-04T12:13:59+01:00,5,5,43,1560,44,0.000000,650,680,650,30,4.4118,GLOBAL_BEST,1,42,0,2235,1273,88,1,0,300000.0000,0.0000,0,0,0,0,0,0
n012w8-0,n012w8,0,5,500000,100.0,adaptive,2026-07-04T12:13:59+01:00,5,1,43,1730,2,95.334919,1265,1285,1265,20,1.5564,GLOBAL_BEST,0,42,436,2936,559,89,170,-42,1176.4706,0.0000,0,0,0,0,0,0
n012w8-0,n012w8,0,5,500000,100.0,adaptive,2026-07-04T12:13:59+01:00,5,2,43,1760,2,0.000000,1430,1440,1430,10,0.6944,LOCAL_BEST,0,42,0,3083,119,90,30,0,3333.3333,0.0000,0,0,0,0,0,0
n012w8-0,n012w8,0,5,500000,100.0,adaptive,2026-07-04T12:13:59+01:00,5,2,43,1761,2,0.000000,1380,1430,1380,50,3.4965,LOCAL_BEST,0,42,0,3085,119,91,1,0,500000.0000,0.0000,0,0,0,0,0,0
n012w8-0,n012w8,0,5,500000,100.0,adaptive,2026-07-04T12:13:59+01:00,5,1,43,1969,2,94.707419,1260,1265,1260,5,0.3953,GLOBAL_BEST,0,42,491,3356,653,92,208,0,240.3846,0.0000,0,0,0,0,0,0
n012w8-0,n012w8,0,5,500000,100.0,adaptive,2026-07-04T12:13:59+01:00,5,1,43,1972,2,94.699568,1215,1260,1215,45,3.5714,GLOBAL_BEST,0,42,491,3362,654,93,3,0,150000.0000,0.0000,0,0,0,0,0,0
n012w8-0,n012w8,0,5,500000,100.0,adaptive,2026-07-04T12:13:59+01:00,5,1,43,1998,2,94.631560,1200,1215,1200,15,1.2346,GLOBAL_BEST,0,42,495,3400,670,94,26,0,5769.2308,0.0000,0,0,0,0,0,0
n012w8-0,n012w8,0,5,500000,100.0,adaptive,2026-07-04T12:13:59+01:00,5,1,43,2674,5,92.880384,1160,1200,1160,40,3.3333,GLOBAL_BEST,0,42,659,4627,911,95,676,3,591.7160,13333.3333,0,0,0,0,0,0
n012w8-0,n012w8,0,5,500000,100.0,adaptive,2026-07-04T12:13:59+01:00,5,5,43,2823,45,0.000000,645,650,645,5,0.7692,GLOBAL_BEST,1,42,0,4246,2299,96,149,40,335.5705,125.0000,0,0,0,0,0,0
n012w8-0,n012w8,0,5,500000,100.0,adaptive,2026-07-04T12:13:59+01:00,5,5,43,2824,45,0.000000,630,645,630,15,2.3256,GLOBAL_BEST,1,42,0,4246,2299,97,1,0,150000.0000,0.0000,0,0,0,0,0,0
n012w8-0,n012w8,0,5,500000,100.0,adaptive,2026-07-04T12:13:59+01:00,5,1,43,2943,5,92.192587,1145,1160,1145,15,1.2931,GLOBAL_BEST,0,42,731,5123,1004,98,119,-40,1260.5042,0.0000,0,0,0,0,0,0
n012w8-0,n012w8,0,5,500000,100.0,adaptive,2026-07-04T12:13:59+01:00,5,1,43,3695,6,90.296725,1120,1145,1120,25,2.1834,GLOBAL_BEST,0,42,919,6462,1272,99,752,1,332.4468,25000.0000,0,0,0,0,0,0
n012w8-0,n012w8,0,5,500000,100.0,adaptive,2026-07-04T12:13:59+01:00,5,1,43,3696,6,90.294230,1060,1120,1060,60,5.3571,GLOBAL_BEST,0,42,919,6462,1272,100,1,0,600000.0000,0.0000,0,0,0,0,0,0
n012w8-0,n012w8,0,5,500000,100.0,adaptive,2026-07-04T12:13:59+01:00,5,1,43,3699,6,90.286746,1040,1060,1040,20,1.8868,GLOBAL_BEST,0,42,919,6471,1273,101,3,0,66666.6667,0.0000,0,0,0,0,0,0
n012w8-0,n012w8,0,5,500000,100.0,adaptive,2026-07-04T12:13:59+01:00,5,5,43,6431,50,0.000000,620,630,620,10,1.5873,GLOBAL_BEST,1,42,0,9868,5221,102,2732,44,36.6032,227.2727,0,0,0,0,0,0
n012w8-0,n012w8,0,5,500000,100.0,adaptive,2026-07-04T12:13:59+01:00,5,5,43,6949,50,0.000000,615,620,615,5,0.8065,GLOBAL_BEST,1,42,0,10696,5635,103,518,0,96.5251,0.0000,0,0,0,0,0,0
n012w8-0,n012w8,0,5,500000,100.0,adaptive,2026-07-04T12:13:59+01:00,5,2,43,7253,12,0.000000,1370,1380,1370,10,0.7246,LOCAL_BEST,0,42,0,12284,1838,104,304,-38,328.9474,0.0000,0,0,0,0,0,0
n012w8-0,n012w8,0,5,500000,100.0,adaptive,2026-07-04T12:13:59+01:00,5,2,43,7257,12,0.000000,1295,1370,1295,75,5.4745,LOCAL_BEST,0,42,0,12290,1838,105,4,0,187500.0000,0.0000,0,0,0,0,0,0
n012w8-0,n012w8,0,5,500000,100.0,adaptive,2026-07-04T12:13:59+01:00,5,3,43,7794,13,0.000000,1510,1570,1510,60,3.8217,LOCAL_BEST,0,42,2969,13707,291,106,537,1,1117.3184,60000.0000,0,0,0,0,0,0
n012w8-0,n012w8,0,5,500000,100.0,adaptive,2026-07-04T12:13:59+01:00,5,2,43,8410,14,0.000000,1290,1295,1290,5,0.3861,LOCAL_BEST,0,42,0,14308,2315,107,616,1,81.1688,5000.0000,0,0,0,0,0,0
n012w8-0,n012w8,0,5,500000,100.0,adaptive,2026-07-04T12:13:59+01:00,5,2,43,8411,14,0.000000,1280,1290,1280,10,0.7752,LOCAL_BEST,0,42,0,14309,2315,108,1,0,100000.0000,0.0000,0,0,0,0,0,0
n012w8-0,n012w8,0,5,500000,100.0,adaptive,2026-07-04T12:13:59+01:00,5,5,43,10424,57,0.000000,595,615,595,20,3.2520,GLOBAL_BEST,1,42,0,16164,8484,109,2013,43,99.3542,465.1163,0,0,0,0,0,0
n012w8-0,n012w8,0,5,500000,100.0,adaptive,2026-07-04T12:13:59+01:00,5,2,43,10498,17,0.000000,1270,1280,1270,10,0.7812,LOCAL_BEST,0,42,0,17600,3236,110,74,-40,1351.3514,0.0000,0,0,0,0,0,0
n012w8-0,n012w8,0,5,500000,100.0,adaptive,2026-07-04T12:13:59+01:00,5,2,43,10605,17,0.000000,1230,1270,1230,40,3.1496,LOCAL_BEST,0,42,0,17759,3282,111,107,0,3738.3178,0.0000,0,0,0,0,0,0
n012w8-0,n012w8,0,5,500000,100.0,adaptive,2026-07-04T12:13:59+01:00,5,2,43,10617,17,0.000000,1225,1230,1225,5,0.4065,LOCAL_BEST,0,42,0,17792,3283,112,12,0,4166.6667,0.0000,0,0,0,0,0,0
n012w8-0,n012w8,0,5,500000,100.0,adaptive,2026-07-04T12:13:59+01:00,5,8,43,10662,104,0.000000,390,405,390,15,3.7037,GLOBAL_BEST,3,42,0,16447,9799,113,45,87,3333.3333,172.4138,0,0,0,0,0,0
n012w8-0,n012w8,0,5,500000,100.0,adaptive,2026-07-04T12:13:59+01:00,5,1,43,10843,18,74.113274,1035,1040,1035,5,0.4808,GLOBAL_BEST,0,42,2515,18603,4162,114,181,-86,276.2431,0.0000,0,0,0,0,0,0
n012w8-0,n012w8,0,5,500000,100.0,adaptive,2026-07-04T12:13:59+01:00,5,1,43,10848,18,74.103036,995,1035,995,40,3.8647,GLOBAL_BEST,0,42,2515,18613,4165,115,5,0,80000.0000,0.0000,0,0,0,0,0,0
n012w8-0,n012w8,0,5,500000,100.0,adaptive,2026-07-04T12:13:59+01:00,5,1,43,10852,18,74.094846,980,995,980,15,1.5075,GLOBAL_BEST,0,42,2515,18626,4168,116,4,0,37500.0000,0.0000,0,0,0,0,0,0
n012w8-0,n012w8,0,5,500000,100.0,adaptive,2026-07-04T12:13:59+01:00,5,2,43,11871,19,0.000000,1190,1225,1190,35,2.8571,LOCAL_BEST,0,42,0,20005,3823,117,1019,1,343.4740,35000.0000,0,0,0,0,0,0
n012w8-0,n012w8,0,5,500000,100.0,adaptive,2026-07-04T12:13:59+01:00,5,2,43,12438,20,0.000000,1120,1190,1120,70,5.8824,LOCAL_BEST,0,42,0,20889,4105,118,567,1,1234.5679,70000.0000,0,0,0,0,0,0
n012w8-0,n012w8,0,5,500000,100.0,adaptive,2026-07-04T12:13:59+01:00,5,2,43,12439,20,0.000000,1090,1120,1090,30,2.6786,LOCAL_BEST,0,42,0,20893,4105,119,1,0,300000.0000,0.0000,0,0,0,0,0,0
n012w8-0,n012w8,0,5,500000,100.0,adaptive,2026-07-04T12:13:59+01:00,5,2,43,13879,23,0.000000,1070,1090,1070,20,1.8349,LOCAL_BEST,0,42,0,23374,4810,120,1440,3,138.8889,6666.6667,0,0,0,0,0,0
n012w8-0,n012w8,0,5,500000,100.0,adaptive,2026-07-04T12:13:59+01:00,5,1,43,14010,23,67.903475,965,980,965,15,1.5306,GLOBAL_BEST,0,42,3174,23779,5561,121,131,0,1145.0382,0.0000,0,0,0,0,0,0
n012w8-0,n012w8,0,5,500000,100.0,adaptive,2026-07-04T12:13:59+01:00,5,5,43,14703,64,0.000000,590,595,590,5,0.8403,GLOBAL_BEST,1,42,0,22862,12123,122,693,41,72.1501,121.9512,0,0,0,0,0,0
n012w8-0,n012w8,0,5,500000,100.0,adaptive,2026-07-04T12:13:59+01:00,5,1,43,15805,26,64.617775,940,965,940,25,2.5907,GLOBAL_BEST,0,42,3506,26882,6430,123,1102,-38,226.8603,0.0000,0,0,0,0,0,0
n012w8-0,n012w8,0,5,500000,100.0,adaptive,2026-07-04T12:13:59+01:00,5,2,43,16376,26,0.000000,1035,1070,1035,35,3.2710,LOCAL_BEST,0,42,0,27350,6146,124,571,0,612.9597,0.0000,0,0,0,0,0,0
n012w8-0,n012w8,0,5,500000,100.0,adaptive,2026-07-04T12:13:59+01:00,5,5,43,16551,66,0.000000,585,590,585,5,0.8475,GLOBAL_BEST,1,42,0,25891,13645,125,175,40,285.7143,125.0000,0,0,0,0,0,0
n012w8-0,n012w8,0,5,500000,100.0,adaptive,2026-07-04T12:13:59+01:00,5,2,43,17230,28,0.000000,1020,1035,1020,15,1.4493,LOCAL_BEST,0,42,0,28728,6612,126,679,-38,220.9131,0.0000,0,0,0,0,0,0
n012w8-0,n012w8,0,5,500000,100.0,adaptive,2026-07-04T12:13:59+01:00,5,5,43,17279,67,0.000000,580,585,580,5,0.8547,GLOBAL_BEST,1,42,0,27110,14224,127,49,39,1020.4082,128.2051,0,0,0,0,0,0
n012w8-0,n012w8,0,5,500000,100.0,adaptive,2026-07-04T12:13:59+01:00,5,3,43,18460,30,0.000000,1470,1510,1470,40,2.6490,LOCAL_BEST,0,42,7113,32923,723,128,1181,-37,338.6960,0.0000,0,0,0,0,0,0
n012w8-0,n012w8,0,5,500000,100.0,adaptive,2026-07-04T12:13:59+01:00,5,3,43,18461,30,0.000000,1365,1470,1365,105,7.1429,LOCAL_BEST,0,42,7113,32923,723,129,1,0,1050000.0000,0.0000,0,0,0,0,0,0
n012w8-0,n012w8,0,5,500000,100.0,adaptive,2026-07-04T12:13:59+01:00,5,5,43,18782,69,0.000000,535,580,535,45,7.7586,GLOBAL_BEST,1,42,0,29527,15483,130,321,39,1401.8692,1153.8462,0,0,0,0,0,0
n012w8-0,n012w8,0,5,500000,100.0,adaptive,2026-07-04T12:13:59+01:00,5,1,43,19396,32,58.514029,825,940,825,115,12.2340,GLOBAL_BEST,0,42,4146,32709,8204,131,614,-37,1872.9642,0.0000,0,0,0,0,0,0
n012w8-0,n012w8,0,5,500000,100.0,adaptive,2026-07-04T12:13:59+01:00,5,2,43,19548,32,0.000000,1005,1020,1005,15,1.4706,LOCAL_BEST,0,42,0,32484,7888,132,152,0,986.8421,0.0000,0,0,0,0,0,0
n012w8-0,n012w8,0,5,500000,100.0,adaptive,2026-07-04T12:13:59+01:00,5,2,43,19881,32,0.000000,990,1005,990,15,1.4925,LOCAL_BEST,0,42,0,33102,8077,133,333,0,450.4505,0.0000,0,0,0,0,0,0
n012w8-0,n012w8,0,5,500000,100.0,adaptive,2026-07-04T12:13:59+01:00,5,2,43,19882,32,0.000000,970,990,970,20,2.0202,LOCAL_BEST,0,42,0,33102,8077,134,1,0,200000.0000,0.0000,0,0,0,0,0,0
n012w8-0,n012w8,0,5,500000,100.0,adaptive,2026-07-04T12:13:59+01:00,5,2,43,20700,34,0.000000,960,970,960,10,1.0309,LOCAL_BEST,0,42,0,34541,8554,135,818,2,122.2494,5000.0000,0,0,0,0,0,0
n012w8-0,n012w8,0,5,500000,100.0,adaptive,2026-07-04T12:13:59+01:00,5,5,43,21686,74,0.000000,515,535,515,20,3.7383,GLOBAL_BEST,1,42,0,33986,17868,136,986,40,202.8398,500.0000,0,0,0,0,0,0
n012w8-0,n012w8,0,5,500000,100.0,adaptive,2026-07-04T12:13:59+01:00,5,5,43,22109,74,0.000000,510,515,510,5,0.9709,GLOBAL_BEST,1,42,0,34700,18202,137,423,0,118.2033,0.0000,0,0,0,0,0,0
n012w8-0,n012w8,0,5,500000,100.0,adaptive,2026-07-04T12:13:59+01:00,5,2,43,22704,36,0.000000,920,960,920,40,4.1667,LOCAL_BEST,0,42,0,37801,9727,138,595,-38,672.2689,0.0000,0,0,0,0,0,0
n012w8-0,n012w8,0,5,500000,100.0,adaptive,2026-07-04T12:13:59+01:00,5,2,43,23348,37,0.000000,865,920,865,55,5.9783,LOCAL_BEST,0,42,0,38922,10122,139,644,1,854.0373,55000.0000,0,0,0,0,0,0
n012w8-0,n012w8,0,5,500000,100.0,adaptive,2026-07-04T12:13:59+01:00,5,2,43,23568,38,0.000000,855,865,855,10,1.1561,LOCAL_BEST,0,42,0,39247,10251,140,220,1,454.5455,10000.0000,0,0,0,0,0,0
n012w8-0,n012w8,0,5,500000,100.0,adaptive,2026-07-04T12:13:59+01:00,5,4,43,24086,81,51.401998,795,820,795,25,3.0488,LOCAL_BEST,1,42,4976,41098,10581,141,518,43,482.6255,581.3953,0,0,0,0,0,0
n012w8-0,n012w8,0,5,500000,100.0,adaptive,2026-07-04T12:13:59+01:00,5,1,43,25207,40,49.834258,820,825,820,5,0.6061,GLOBAL_BEST,0,42,5092,42533,11318,142,1121,-41,44.6030,0.0000,0,0,0,0,0,0
n012w8-0,n012w8,0,5,500000,100.0,adaptive,2026-07-04T12:13:59+01:00,5,1,43,25210,40,49.830128,805,820,805,15,1.8293,GLOBAL_BEST,0,42,5092,42537,11319,143,3,0,50000.0000,0.0000,0,0,0,0,0,0
n012w8-0,n012w8,0,5,500000,100.0,adaptive,2026-07-04T12:13:59+01:00,5,1,43,25224,40,49.810855,775,805,775,30,3.7267,GLOBAL_BEST,0,42,5092,42546,11330,144,14,0,21428.5714,0.0000,0,0,0,0,0,0
n012w8-0,n012w8,0,5,500000,100.0,adaptive,2026-07-04T12:13:59+01:00,5,1,43,26915,44,47.537025,765,775,765,10,1.2903,LOCAL_BEST,0,42,5330,45365,12353,145,1691,4,59.1366,2500.0000,0,0,0,0,0,0
n012w8-0,n012w8,0,5,500000,100.0,adaptive,2026-07-04T12:13:59+01:00,5,1,43,29401,47,44.381298,745,765,745,20,2.6144,LOCAL_BEST,0,42,5632,49499,13944,146,2486,3,80.4505,6666.6667,0,0,0,0,0,0
n012w8-0,n012w8,0,5,500000,100.0,adaptive,2026-07-04T12:13:59+01:00,5,4,43,29637,89,44.092833,765,795,765,30,3.7736,LOCAL_BEST,1,42,5810,50422,13834,147,236,42,1271.1864,714.2857,0,0,0,0,0,0
n012w8-0,n012w8,0,5,500000,100.0,adaptive,2026-07-04T12:13:59+01:00,5,4,43,30075,90,43.562420,755,765,755,10,1.3072,LOCAL_BEST,1,42,5862,51099,14119,148,438,1,228.3105,10000.0000,0,0,0,0,0,0
n012w8-0,n012w8,0,5,500000,100.0,adaptive,2026-07-04T12:13:59+01:00,5,2,43,31930,50,0.000000,845,855,845,10,1.1696,LOCAL_BEST,0,42,0,52719,15873,149,1855,-40,53.9084,0.0000,0,0,0,0,0,0
n012w8-0,n012w8,0,5,500000,100.0,adaptive,2026-07-04T12:13:59+01:00,5,5,43,32852,90,0.000000,465,510,465,45,8.8235,GLOBAL_BEST,1,42,0,51786,27424,150,922,40,488.0694,1125.0000,0,0,0,0,0,0
n012w8-0,n012w8,0,5,500000,100.0,adaptive,2026-07-04T12:13:59+01:00,5,2,43,32939,53,0.000000,770,845,770,75,8.8757,LOCAL_BEST,0,42,0,54364,16585,151,87,-37,8620.6897,0.0000,0,0,0,0,0,0
n012w8-0,n012w8,0,5,500000,100.0,adaptive,2026-07-04T12:13:59+01:00,5,2,43,33729,54,0.000000,750,770,750,20,2.5974,LOCAL_BEST,0,42,0,55589,17120,152,790,1,253.1646,20000.0000,0,0,0,0,0,0
n012w8-0,n012w8,0,5,500000,100.0,adaptive,2026-07-04T12:13:59+01:00,5,4,43,33839,95,39.259431,745,755,745,10,1.3245,LOCAL_BEST,1,42,6338,57119,16524,153,110,41,909.0909,243.9024,0,0,0,0,0,0
n012w8-0,n012w8,0,5,500000,100.0,adaptive,2026-07-04T12:13:59+01:00,5,1,43,34135,55,38.939646,740,745,740,5,0.6711,LOCAL_BEST,0,42,6247,57409,16923,154,296,-40,168.9189,0.0000,0,0,0,0,0,0
n012w8-0,n012w8,0,5,500000,100.0,adaptive,2026-07-04T12:13:59+01:00,5,1,43,34154,55,38.919209,665,740,665,75,10.1351,LOCAL_BEST,0,42,6247,57426,16940,155,19,0,39473.6842,0.0000,0,0,0,0,0,0
n012w8-0,n012w8,0,5,500000,100.0,adaptive,2026-07-04T12:13:59+01:00,5,8,43,35132,141,0.000000,375,390,375,15,3.8462,GLOBAL_BEST,3,42,0,54136,32477,156,978,86,153.3742,174.4186,0,0,0,0,0,0
n012w8-0,n012w8,0,5,500000,100.0,adaptive,2026-07-04T12:13:59+01:00,5,4,43,35947,99,37.038040,715,745,715,30,4.0268,LOCAL_BEST,1,42,6591,60538,17908,157,815,-42,368.0982,0.0000,0,0,0,0,0,0
n012w8-0,n012w8,0,5,500000,100.0,adaptive,2026-07-04T12:13:59+01:00,5,2,43,36736,59,0.000000,725,750,725,25,3.3333,LOCAL_BEST,0,42,0,60304,19250,158,789,-40,316.8568,0.0000,0,0,0,0,0,0
n012w8-0,n012w8,0,5,500000,100.0,adaptive,2026-07-04T12:13:59+01:00,5,1,43,37087,63,35.889549,660,665,660,5,0.7519,LOCAL_BEST,0,42,6558,62184,18912,159,351,4,142.4501,1250.0000,0,0,0,0,0,0
n012w8-0,n012w8,0,5,500000,100.0,adaptive,2026-07-04T12:13:59+01:00,5,4,43,38680,103,34.344089,655,715,655,60,8.3916,LOCAL_BEST,1,42,6875,64979,19775,160,1593,40,376.6478,1500.0000,0,0,0,0,0,0
n012w8-0,n012w8,0,5,500000,100.0,adaptive,2026-07-04T12:13:59+01:00,5,4,43,38690,103,34.334601,640,655,640,15,2.2901,LOCAL_BEST,1,42,6876,65000,19781,161,10,0,15000.0000,0.0000,0,0,0,0,0,0
n012w8-0,n012w8,0,5,500000,100.0,adaptive,2026-07-04T12:13:59+01:00,5,2,43,38693,62,0.000000,695,725,695,30,4.1379,LOCAL_BEST,0,42,0,63444,20668,162,3,-41,100000.0000,0.0000,0,0,0,0,0,0
n012w8-0,n012w8,0,5,500000,100.0,adaptive,2026-07-04T12:13:59+01:00,5,2,43,40489,65,0.000000,690,695,690,5,0.7194,LOCAL_BEST,0,42,0,66553,21975,163,1796,3,27.8396,1666.6667,0,0,0,0,0,0
n012w8-0,n012w8,0,5,500000,100.0,adaptive,2026-07-04T12:13:59+01:00,5,2,43,40490,65,0.000000,670,690,670,20,2.8986,LOCAL_BEST,0,42,0,66554,21975,164,1,0,200000.0000,0.0000,0,0,0,0,0,0
n012w8-0,n012w8,0,5,500000,100.0,adaptive,2026-07-04T12:13:59+01:00,5,1,43,41278,74,31.965095,655,660,655,5,0.7576,LOCAL_BEST,0,42,6937,68902,21917,165,788,9,63.4518,555.5556,0,0,0,0,0,0
n012w8-0,n012w8,0,5,500000,100.0,adaptive,2026-07-04T12:13:59+01:00,5,1,43,43270,78,30.253247,610,655,610,45,6.8702,LOCAL_BEST,0,42,7094,72147,23415,166,1992,4,225.9036,11250.0000,0,0,0,0,0,0
n012w8-0,n012w8,0,5,500000,100.0,adaptive,2026-07-04T12:13:59+01:00,5,2,43,45219,72,0.000000,665,670,665,5,0.7463,LOCAL_BEST,0,42,0,73985,25496,167,1949,-6,25.6542,0.0000,0,0,0,0,0,0
n012w8-0,n012w8,0,5,500000,100.0,adaptive,2026-07-04T12:13:59+01:00,5,5,43,46352,110,0.000000,450,465,450,15,3.2258,LOCAL_BEST,1,42,0,72133,39229,168,1133,38,132.3919,394.7368,0,0,0,0,0,0
n012w8-0,n012w8,0,5,500000,100.0,adaptive,2026-07-04T12:13:59+01:00,5,5,43,49306,114,0.000000,445,450,445,5,1.1111,LOCAL_BEST,1,42,0,76701,41883,169,2954,4,16.9262,1250.0000,0,0,0,0,0,0
n012w8-0,n012w8,0,5,500000,100.0,adaptive,2026-07-04T12:13:59+01:00,5,4,43,49467,120,25.492240,600,640,600,40,6.2500,LOCAL_BEST,1,42,7801,82745,27583,170,161,6,2484.4720,6666.6667,0,0,0,0,0,0
n012w8-0,n012w8,0,5,500000,100.0,adaptive,2026-07-04T12:13:59+01:00,5,4,43,49468,120,25.491536,585,600,585,15,2.5000,LOCAL_BEST,1,42,7801,82745,27583,171,1,0,150000.0000,0.0000,0,0,0,0,0,0
n012w8-0,n012w8,0,5,500000,100.0,adaptive,2026-07-04T12:13:59+01:00,5,4,43,49478,120,25.484493,555,585,555,30,5.1282,LOCAL_BEST,1,42,7802,82750,27591,172,10,0,30000.0000,0.0000,0,0,0,0,0,0
n012w8-0,n012w8,0,5,500000,100.0,adaptive,2026-07-04T12:13:59+01:00,5,5,43,49554,114,0.000000,440,445,440,5,1.1236,LOCAL_BEST,1,42,0,77070,42099,173,76,-6,657.8947,0.0000,0,0,0,0,0,0
n012w8-0,n012w8,0,5,500000,100.0,adaptive,2026-07-04T12:13:59+01:00,5,2,43,49796,79,0.000000,650,665,650,15,2.2556,LOCAL_BEST,0,42,0,81349,29161,174,242,-35,619.8347,0.0000,0,0,0,0,0,0
n012w8-0,n012w8,0,5,500000,100.0,adaptive,2026-07-04T12:13:59+01:00,5,1,43,50512,89,24.766692,600,610,600,10,1.6393,LOCAL_BEST,0,42,7661,83812,28856,175,716,10,139.6648,1000.0000,0,0,0,0,0,0
n012w8-0,n012w8,0,5,500000,100.0,adaptive,2026-07-04T12:13:59+01:00,5,1,43,50521,89,24.760534,555,600,555,45,7.5000,LOCAL_BEST,0,42,7661,83829,28864,176,9,0,50000.0000,0.0000,0,0,0,0,0,0
n012w8-0,n012w8,0,5,500000,100.0,adaptive,2026-07-04T12:13:59+01:00,5,1,43,50538,89,24.748906,510,555,510,45,8.1081,LOCAL_BEST,0,42,7661,83862,28877,177,17,0,26470.5882,0.0000,0,0,0,0,0,0
n012w8-0,n012w8,0,5,500000,100.0,adaptive,2026-07-04T12:13:59+01:00,5,2,43,51203,81,0.000000,645,650,645,5,0.7692,LOCAL_BEST,0,42,0,83414,30250,178,665,-8,75.1880,0.0000,0,0,0,0,0,0
n012w8-0,n012w8,0,5,500000,100.0,adaptive,2026-07-04T12:13:59+01:00,5,5,43,51382,116,0.000000,410,440,410,30,6.8182,LOCAL_BEST,1,42,0,79764,43730,179,179,35,1675.9777,857.1429,0,0,0,0,0,0
n012w8-0,n012w8,0,5,500000,100.0,adaptive,2026-07-04T12:13:59+01:00,5,2,43,51595,82,0.000000,620,645,620,25,3.8760,LOCAL_BEST,0,42,0,84100,30546,180,213,-34,1173.7089,0.0000,0,0,0,0,0,0
n012w8-0,n012w8,0,5,500000,100.0,adaptive,2026-07-04T12:13:59+01:00,5,5,43,54205,122,0.000000,400,410,400,10,2.4390,LOCAL_BEST,1,42,0,83935,46192,181,2610,40,38.3142,250.0000,0,0,0,0,0,0
n012w8-0,n012w8,0,5,500000,100.0,adaptive,2026-07-04T12:13:59+01:00,5,4,43,54549,127,22.152564,545,555,545,10,1.8018,LOCAL_BEST,1,42,8090,90418,31602,182,344,5,290.6977,2000.0000,0,0,0,0,0,0
n012w8-0,n012w8,0,5,500000,100.0,adaptive,2026-07-04T12:13:59+01:00,5,4,43,54614,127,22.112813,530,545,530,15,2.7523,LOCAL_BEST,1,42,8091,90502,31657,183,65,0,2307.6923,0.0000,0,0,0,0,0,0
n012w8-0,n012w8,0,5,500000,100.0,adaptive,2026-07-04T12:13:59+01:00,5,4,43,54615,127,22.112202,515,530,515,15,2.8302,LOCAL_BEST,1,42,8091,90504,31657,184,1,0,150000.0000,0.0000,0,0,0,0,0,0
n012w8-0,n012w8,0,5,500000,100.0,adaptive,2026-07-04T12:13:59+01:00,5,4,43,54740,127,22.035961,500,515,500,15,2.9126,LOCAL_BEST,1,42,8098,90672,31759,185,125,0,1200.0000,0.0000,0,0,0,0,0,0
n012w8-0,n012w8,0,5,500000,100.0,adaptive,2026-07-04T12:13:59+01:00,5,2,43,54787,85,0.000000,605,620,605,15,2.4194,LOCAL_BEST,0,42,0,88978,33106,186,47,-42,3191.4894,0.0000,0,0,0,0,0,0
n012w8-0,n012w8,0,5,500000,100.0,adaptive,2026-07-04T12:13:59+01:00,5,4,43,55964,130,21.303159,485,500,485,15,3.0000,LOCAL_BEST,1,42,8142,92474,32810,187,1177,45,127.4427,333.3333,0,0,0,0,0,0
n012w8-0,n012w8,0,5,500000,100.0,adaptive,2026-07-04T12:13:59+01:00,5,1,43,57400,99,20.474438,485,510,485,25,4.9020,LOCAL_BEST,0,42,8046,94310,34362,188,1436,-31,174.0947,0.0000,0,0,0,0,0,0
n012w8-0,n012w8,0,5,500000,100.0,adaptive,2026-07-04T12:13:59+01:00,5,1,43,57881,100,20.204123,440,485,440,45,9.2784,LOCAL_BEST,0,42,8058,95027,34782,189,481,1,935.5509,45000.0000,0,0,0,0,0,0
n012w8-0,n012w8,0,5,500000,100.0,adaptive,2026-07-04T12:13:59+01:00,5,2,43,59419,93,0.000000,580,605,580,25,4.1322,LOCAL_BEST,0,42,0,96135,36927,190,1538,-7,162.5488,0.0000,0,0,0,0,0,0
n012w8-0,n012w8,0,5,500000,100.0,adaptive,2026-07-04T12:13:59+01:00,5,2,43,59681,93,0.000000,550,580,550,30,5.1724,LOCAL_BEST,0,42,0,96518,37139,191,262,0,1145.0382,0.0000,0,0,0,0,0,0
n012w8-0,n012w8,0,5,500000,100.0,adaptive,2026-07-04T12:13:59+01:00,5,2,43,59817,93,0.000000,525,550,525,25,4.5455,LOCAL_BEST,0,42,0,96779,37250,192,136,0,1838.2353,0.0000,0,0,0,0,0,0
n012w8-0,n012w8,0,5,500000,100.0,adaptive,2026-07-04T12:13:59+01:00,5,7,43,61854,206,18.103561,455,465,455,10,2.1505,LOCAL_BEST,2,42,8352,100250,37899,193,2037,113,49.0918,88.4956,0,0,0,0,0,0
n012w8-0,n012w8,0,5,500000,100.0,adaptive,2026-07-04T12:13:59+01:00,5,4,43,66891,151,15.751430,480,485,480,5,1.0309,LOCAL_BEST,1,42,8556,108658,42046,194,5037,-55,9.9265,0.0000,0,0,0,0,0,0
n012w8-0,n012w8,0,5,500000,100.0,adaptive,2026-07-04T12:13:59+01:00,5,4,43,66993,151,15.707100,465,480,465,15,3.1250,LOCAL_BEST,1,42,8556,108768,42139,195,102,0,1470.5882,0.0000,0,0,0,0,0,0
n012w8-0,n012w8,0,5,500000,100.0,adaptive,2026-07-04T12:13:59+01:00,5,2,43,68601,108,0.000000,520,525,520,5,0.9524,LOCAL_BEST,0,42,0,111083,44653,196,1608,-43,31.0945,0.0000,0,0,0,0,0,0
n012w8-0,n012w8,0,5,500000,100.0,adaptive,2026-07-04T12:13:59+01:00,5,4,43,70883,156,14.106394,450,465,450,15,3.2258,LOCAL_BEST,1,42,8635,114528,45603,197,2282,48,65.7318,312.5000,0,0,0,0,0,0
n012w8-0,n012w8,0,5,500000,100.0,adaptive,2026-07-04T12:13:59+01:00,5,7,43,74091,234,12.909814,435,455,435,20,4.3956,LOCAL_BEST,2,42,8686,119920,48676,198,3208,78,62.3441,256.4103,0,0,0,0,0,0
n012w8-0,n012w8,0,5,500000,100.0,adaptive,2026-07-04T12:13:59+01:00,5,4,43,74136,162,12.893772,420,450,420,30,6.6667,LOCAL_BEST,1,42,8690,119413,48443,199,45,-72,6666.6667,0.0000,0,0,0,0,0,0
n012w8-0,n012w8,0,5,500000,100.0,adaptive,2026-07-04T12:13:59+01:00,5,2,43,78100,122,0.000000,515,520,515,5,0.9615,LOCAL_BEST,0,42,0,125978,52848,200,3964,-40,12.6135,0.0000,0,0,0,0,0,0
n012w8-0,n012w8,0,5,500000,100.0,adaptive,2026-07-04T12:13:59+01:00,5,2,43,78675,122,0.000000,475,515,475,40,7.7670,LOCAL_BEST,0,42,0,126876,53340,201,575,0,695.6522,0.0000,0,0,0,0,0,0
n012w8-0,n012w8,0,5,500000,100.0,adaptive,2026-07-04T12:13:59+01:00,5,1,43,79685,135,11.060939,430,440,430,10,2.2727,LOCAL_BEST,0,42,8727,129188,53729,202,1010,13,99.0099,769.2308,0,0,0,0,0,0
n012w8-0,n012w8,0,5,500000,100.0,adaptive,2026-07-04T12:13:59+01:00,5,7,43,80442,248,10.831984,420,435,420,15,3.4483,LOCAL_BEST,2,42,8771,129601,54473,203,757,113,198.1506,132.7434,0,0,0,0,0,0
n012w8-0,n012w8,0,5,500000,100.0,adaptive,2026-07-04T12:13:59+01:00,5,1,43,83808,143,9.869974,415,430,415,15,3.4884,LOCAL_BEST,0,42,8779,135687,57521,204,3366,-105,44.5633,0.0000,0,0,0,0,0,0
n012w8-0,n012w8,0,5,500000,100.0,adaptive,2026-07-04T12:13:59+01:00,5,1,43,83846,143,9.859616,400,415,400,15,3.6145,LOCAL_BEST,0,42,8779,135733,57556,205,38,0,3947.3684,0.0000,0,0,0,0,0,0
n012w8-0,n012w8,0,5,500000,100.0,adaptive,2026-07-04T12:13:59+01:00,5,7,43,83917,256,9.840292,405,420,405,15,3.5714,LOCAL_BEST,2,42,8806,134702,57671,206,71,113,2112.6761,132.7434,0,0,0,0,0,0
n012w8-0,n012w8,0,5,500000,100.0,adaptive,2026-07-04T12:13:59+01:00,5,1,43,83960,144,9.828608,375,400,375,25,6.2500,LOCAL_BEST,0,42,8781,135886,57655,207,43,-112,5813.9535,0.0000,0,0,0,0,0,0
n012w8-0,n012w8,0,5,500000,100.0,adaptive,2026-07-04T12:13:59+01:00,5,2,43,84158,131,0.000000,460,475,460,15,3.1579,LOCAL_BEST,0,42,0,135410,58045,208,198,-13,757.5758,0.0000,0,0,0,0,0,0
n012w8-0,n012w8,0,5,500000,100.0,adaptive,2026-07-04T12:13:59+01:00,5,1,43,84262,145,9.746933,360,375,360,15,4.0000,GLOBAL_BEST,0,42,8784,136321,57932,209,104,14,1442.3077,1071.4286,0,0,0,0,0,0
n012w8-0,n012w8,0,5,500000,100.0,adaptive,2026-07-04T12:13:59+01:00,5,5,43,85120,178,0.000000,385,400,385,15,3.7500,LOCAL_BEST,1,42,0,131307,74377,210,858,33,174.8252,454.5455,0,0,0,0,0,0
n012w8-0,n012w8,0,5,500000,100.0,adaptive,2026-07-04T12:13:59+01:00,5,1,43,85310,146,9.468736,345,360,345,15,4.1667,GLOBAL_BEST,0,42,8796,137956,58905,211,190,-32,789.4737,0.0000,0,0,0,0,0,0
n012w8-0,n012w8,0,5,500000,100.0,adaptive,2026-07-04T12:13:59+01:00,5,5,43,87296,182,0.000000,370,385,370,15,3.8961,LOCAL_BEST,1,42,0,134588,76318,212,1986,36,75.5287,416.6667,0,0,0,0,0,0
n012w8-0,n012w8,0,5,500000,100.0,adaptive,2026-07-04T12:13:59+01:00,5,2,43,93168,146,0.000000,445,460,445,15,3.2609,LOCAL_BEST,0,42,0,149389,65894,213,5872,-36,25.5450,0.0000,0,0,0,0,0,0
n012w8-0,n012w8,0,5,500000,100.0,adaptive,2026-07-04T12:13:59+01:00,5,2,43,95300,148,0.000000,430,445,430,15,3.3708,LOCAL_BEST,0,42,0,152746,67742,214,2132,2,70.3565,7500.0000,0,0,0,0,0,0
n012w8-0,n012w8,0,5,500000,100.0,adaptive,2026-07-04T12:13:59+01:00,5,2,43,97289,153,0.000000,415,430,415,15,3.4884,LOCAL_BEST,0,42,0,155774,69518,215,1989,5,75.4148,3000.0000,0,0,0,0,0,0
n012w8-0,n012w8,0,5,500000,100.0,adaptive,2026-07-04T12:13:59+01:00,5,5,43,100212,202,0.000000,360,370,360,10,2.7027,LOCAL_BEST,1,42,0,153923,88309,216,2923,49,34.2114,204.0816,0,0,0,0,0,0
n012w8-0,n012w8,0,5,500000,100.0,adaptive,2026-07-04T12:13:59+01:00,5,2,43,108162,179,0.000000,400,415,400,15,3.6145,LOCAL_BEST,0,42,0,172512,79223,217,7950,-23,18.8679,0.0000,0,0,0,0,0,0
n012w8-0,n012w8,0,5,500000,100.0,adaptive,2026-07-04T12:13:59+01:00,5,5,43,112762,224,0.000000,355,360,355,5,1.3889,LOCAL_BEST,1,42,0,172319,99839,218,4600,45,10.8696,111.1111,0,0,0,0,0,0
n012w8-0,n012w8,0,5,500000,100.0,adaptive,2026-07-04T12:13:59+01:00,5,5,43,112833,224,0.000000,340,355,340,15,4.2254,GLOBAL_BEST,1,42,0,172431,99900,219,71,0,2112.6761,0.0000,0,0,0,0,0,0
n012w8-0,n012w8,0,5,500000,100.0,adaptive,2026-07-04T12:13:59+01:00,5,2,43,121786,208,0.000000,385,400,385,15,3.7500,LOCAL_BEST,0,42,0,192757,91372,220,8953,-16,16.7542,0.0000,0,0,0,0,0,0
n012w8-0,n012w8,0,5,500000,100.0,adaptive,2026-07-04T12:13:59+01:00,5,1,43,135310,246,2.378373,345,345,345,0,0.0000,REHEAT,0,42,8901,212910,105410,221,13524,38,0.0000,0.0000,0,0,0,0,0,0
n012w8-0,n012w8,0,5,500000,100.0,adaptive,2026-07-04T12:13:59+01:00,5,3,43,174584,362,0.000000,1355,1365,1355,10,0.7326,LOCAL_BEST,0,42,66630,309140,6868,222,39274,116,2.5462,86.2069,0,0,0,0,0,0
n012w8-0,n012w8,0,5,500000,100.0,adaptive,2026-07-04T12:13:59+01:00,5,2,43,182411,316,0.000000,375,385,375,10,2.5974,LOCAL_BEST,0,42,0,282490,147036,223,7827,-46,12.7763,0.0000,0,0,0,0,0,0
n012w8-0,n012w8,0,5,500000,100.0,adaptive,2026-07-04T12:13:59+01:00,5,2,43,182881,317,0.000000,370,375,370,5,1.3333,LOCAL_BEST,0,42,0,283248,147454,224,470,1,106.3830,5000.0000,0,0,0,0,0,0
n012w8-0,n012w8,0,5,500000,100.0,adaptive,2026-07-04T12:13:59+01:00,5,2,43,183056,318,0.000000,360,370,360,10,2.7027,LOCAL_BEST,0,42,0,283496,147617,225,175,1,571.4286,10000.0000,0,0,0,0,0,0
n012w8-0,n012w8,0,5,500000,100.0,adaptive,2026-07-04T12:13:59+01:00,5,2,43,184479,319,0.000000,355,360,355,5,1.3889,LOCAL_BEST,0,42,0,285623,148873,226,1423,1,35.1370,5000.0000,0,0,0,0,0,0
n012w8-0,n012w8,0,5,500000,100.0,adaptive,2026-07-04T12:13:59+01:00,5,3,43,184729,389,0.000000,1285,1355,1285,70,5.1661,LOCAL_BEST,0,42,70527,327208,7229,227,250,70,2800.0000,1000.0000,0,0,0,0,0,0
n012w8-0,n012w8,0,5,500000,100.0,adaptive,2026-07-04T12:13:59+01:00,5,3,43,184730,389,0.000000,1275,1285,1275,10,0.7782,LOCAL_BEST,0,42,70527,327208,7229,228,1,0,100000.0000,0.0000,0,0,0,0,0,0
n012w8-0,n012w8,0,5,500000,100.0,adaptive,2026-07-04T12:13:59+01:00,5,3,43,184731,389,0.000000,1260,1275,1260,15,1.1765,LOCAL_BEST,0,42,70527,327210,7229,229,1,0,150000.0000,0.0000,0,0,0,0,0,0
n012w8-0,n012w8,0,5,500000,100.0,adaptive,2026-07-04T12:13:59+01:00,5,3,43,184740,389,0.000000,1155,1260,1155,105,8.3333,LOCAL_BEST,0,42,70530,327221,7229,230,9,0,116666.6667,0.0000,0,0,0,0,0,0
n012w8-0,n012w8,0,5,500000,100.0,adaptive,2026-07-04T12:13:59+01:00,5,1,43,185310,357,25.118864,720,345,345,0,0.0000,REHEAT,0,42,16577,294481,133715,231,570,-32,0.0000,0.0000,0,0,0,0,0,0
n012w8-0,n012w8,0,5,500000,100.0,adaptive,2026-07-04T12:13:59+01:00,5,1,43,235310,466,25.118864,885,345,345,0,0.0000,REHEAT,0,42,24249,376317,161991,232,50000,109,0.0000,0.0000,0,0,0,0,0,0
n012w8-0,n012w8,0,5,500000,100.0,adaptive,2026-07-04T12:13:59+01:00,5,1,43,285310,568,25.118864,765,345,345,0,0.0000,REHEAT,0,42,32163,458638,189900,233,50000,102,0.0000,0.0000,0,0,0,0,0,0
n012w8-0,n012w8,0,5,500000,100.0,adaptive,2026-07-04T12:13:59+01:00,5,1,43,335310,676,25.118864,1070,345,345,0,0.0000,REHEAT,0,42,39741,541083,218518,234,50000,108,0.0000,0.0000,0,0,0,0,0,0
n012w8-0,n012w8,0,5,500000,100.0,adaptive,2026-07-04T12:13:59+01:00,5,1,43,385310,815,25.118864,960,345,345,0,0.0000,REHEAT,0,42,47388,623887,246963,235,50000,139,0.0000,0.0000,0,0,0,0,0,0
n012w8-0,n012w8,0,5,500000,100.0,adaptive,2026-07-04T12:13:59+01:00,5,1,43,435310,919,25.118864,1040,345,345,0,0.0000,REHEAT,0,42,55088,706270,275387,236,50000,104,0.0000,0.0000,0,0,0,0,0,0
n012w8-0,n012w8,0,5,500000,100.0,adaptive,2026-07-04T12:13:59+01:00,5,1,43,485310,1038,25.118864,600,345,345,0,0.0000,REHEAT,0,42,62746,788283,303810,237,50000,119,0.0000,0.0000,0,0,0,0,0,0
n012w8-0,n012w8,0,5,500000,100.0,adaptive,2026-07-04T12:13:59+01:00,6,1,58,1,1,100.000000,3325,3355,3325,30,0.8942,GLOBAL_BEST,0,42,0,0,0,1,1,1,300000.0000,30000.0000,0,0,0,0,0,0
n012w8-0,n012w8,0,5,500000,100.0,adaptive,2026-07-04T12:13:59+01:00,6,3,58,1,1,0.000000,3295,3355,3295,60,1.7884,LOCAL_BEST,0,42,0,4,0,2,0,0,0.0000,0.0000,0,0,0,0,0,0
n012w8-0,n012w8,0,5,500000,100.0,adaptive,2026-07-04T12:13:59+01:00,6,2,58,1,1,0.000000,3325,3355,3325,30,0.8942,LOCAL_BEST,0,42,0,5,0,3,0,0,0.0000,0.0000,0,0,0,0,0,0
n012w8-0,n012w8,0,5,500000,100.0,adaptive,2026-07-04T12:13:59+01:00,6,5,58,1,41,0.000000,590,665,590,75,11.2782,GLOBAL_BEST,1,42,0,1,0,4,0,40,0.0000,1875.0000,0,0,0,0,0,0
n012w8-0,n012w8,0,5,500000,100.0,adaptive,2026-07-04T12:13:59+01:00,6,1,58,2,1,99.997237,3290,3325,3290,35,1.0526,GLOBAL_BEST,0,42,0,4,0,5,1,-40,350000.0000,0.0000,0,0,0,0,0,0
n012w8-0,n012w8,0,5,500000,100.0,adaptive,2026-07-04T12:13:59+01:00,6,1,58,3,1,99.994474,3140,3290,3140,150,4.5593,GLOBAL_BEST,0,42,0,9,0,6,1,0,1500000.0000,0.0000,0,0,0,0,0,0
n012w8-0,n012w8,0,5,500000,100.0,adaptive,2026-07-04T12:13:59+01:00,6,3,58,3,1,0.000000,3175,3295,3175,120,3.6419,LOCAL_BEST,0,42,0,8,0,7,0,0,0.0000,0.0000,0,0,0,0,0,0
n012w8-0,n012w8,0,5,500000,100.0,adaptive,2026-07-04T12:13:59+01:00,6,1,58,4,1,99.991711,3080,3140,3080,60,1.9108,GLOBAL_BEST,0,42,0,15,0,8,1,0,600000.0000,0.0000,0,0,0,0,0,0
n012w8-0,n012w8,0,5,500000,100.0,adaptive,2026-07-04T12:13:59+01:00,6,2,58,5,1,0.000000,3160,3325,3160,165,4.9624,LOCAL_BEST,0,42,0,21,1,9,1,0,1650000.0000,0.0000,0,0,0,0,0,0
n012w8-0,n012w8,0,5,500000,100.0,adaptive,2026-07-04T12:13:59+01:00,6,1,58,7,1,99.983423,2800,3080,2800,280,9.0909,GLOBAL_BEST,0,42,0,19,0,10,2,0,1400000.0000,0.0000,0,0,0,0,0,0
n012w8-0,n012w8,0,5,500000,100.0,adaptive,2026-07-04T12:13:59+01:00,6,2,58,7,1,0.000000,2890,3160,2890,270,8.5443,LOCAL_BEST,0,42,0,25,1,11,0,0,0.0000,0.0000,0,0,0,0,0,0
n012w8-0,n012w8,0,5,500000,100.0,adaptive,2026-07-04T12:13:59+01:00,6,1,58,8,1,99.980660,2665,2800,2665,135,4.8214,GLOBAL_BEST,0,42,0,21,0,12,1,0,1350000.0000,0.0000,0,0,0,0,0,0
n012w8-0,n012w8,0,5,500000,100.0,adaptive,2026-07-04T12:13:59+01:00,6,2,58,8,1,0.000000,2665,2890,2665,225,7.7855,LOCAL_BEST,0,42,0,27,1,13,0,0,0.0000,0.0000,0,0,0,0,0,0
n012w8-0,n012w8,0,5,500000,100.0,adaptive,2026-07-04T12:13:59+01:00,6,3,58,9,1,0.000000,3055,3175,3055,120,3.7795,LOCAL_BEST,0,42,1,15,1,14,1,0,1200000.0000,0.0000,0,0,0,0,0,0
n012w8-0,n012w8,0,5,500000,100.0,adaptive,2026-07-04T12:13:59+01:00,6,3,58,10,1,0.000000,2905,3055,2905,150,4.9100,LOCAL_BEST,0,42,1,15,1,15,1,0,1500000.0000,0.0000,0,0,0,0,0,0
n012w8-0,n012w8,0,5,500000,100.0,adaptive,2026-07-04T12:13:59+01:00,6,3,58,12,1,0.000000,2815,2905,2815,90,3.0981,LOCAL_BEST,0,42,2,17,1,16,2,0,450000.0000,0.0000,0,0,0,0,0,0
n012w8-0,n012w8,0,5,500000,100.0,adaptive,2026-07-04T12:13:59+01:00,6,3,58,13,1,0.000000,2785,2815,2785,30,1.0657,LOCAL_BEST,0,42,2,18,1,17,1,0,300000.0000,0.0000,0,0,0,0,0,0
n012w8-0,n012w8,0,5,500000,100.0,adaptive,2026-07-04T12:13:59+01:00,6,1,58,13,1,99.966848,2555,2665,2555,110,4.1276,GLOBAL_BEST,0,42,2,23,0,18,0,0,0.0000,0.0000,0,0,0,0,0,0
n012w8-0,n012w8,0,5,500000,100.0,adaptive,2026-07-04T12:13:59+01:00,6,2,58,13,1,0.000000,2605,2665,2605,60,2.2514,LOCAL_BEST,0,42,0,36,1,19,0,0,0.0000,0.0000,0,0,0,0,0,0
n012w8-0,n012w8,0,5,500000,100.0,adaptive,2026-07-04T12:13:59+01:00,6,3,58,15,1,0.000000,2515,2785,2515,270,9.6948,GLOBAL_BEST,0,42,2,19,1,20,2,0,1350000.0000,0.0000,0,0,0,0,0,0
n012w8-0,n012w8,0,5,500000,100.0,adaptive,2026-07-04T12:13:59+01:00,6,1,58,15,1,99.961324,2510,2555,2510,45,1.7613,GLOBAL_BEST,0,42,3,25,0,21,0,0,0.0000,0.0000,0,0,0,0,0,0
n012w8-0,n012w8,0,5,500000,100.0,adaptive,2026-07-04T12:13:59+01:00,6,2,58,16,1,0.000000,2575,2605,2575,30,1.1516,LOCAL_BEST,0,42,0,42,1,22,1,0,300000.0000,0.0000,0,0,0,0,0,0
n012w8-0,n012w8,0,5,500000,100.0,adaptive,2026-07-04T12:13:59+01:00,6,1,58,16,1,99.958562,2390,2510,2390,120,4.7809,GLOBAL_BEST,0,42,3,26,0,23,0,0,0.0000,0.0000,0,0,0,0,0,0
n012w8-0,n012w8,0,5,500000,100.0,adaptive,2026-07-04T12:13:59+01:00,6,2,58,18,1,0.000000,2530,2575,2530,45,1.7476,LOCAL_BEST,0,42,0,43,1,24,2,0,225000.0000,0.0000,0,0,0,0,0,0
n012w8-0,n012w8,0,5,500000,100.0,adaptive,2026-07-04T12:13:59+01:00,6,3,58,18,1,0.000000,2335,2515,2335,180,7.1571,GLOBAL_BEST,0,42,3,27,1,25,0,0,0.0000,0.0000,0,0,0,0,0,0
n012w8-0,n012w8,0,5,500000,100.0,adaptive,2026-07-04T12:13:59+01:00,6,1,58,19,1,99.950277,2270,2390,2270,120,5.0209,GLOBAL_BEST,0,42,3,37,0,26,1,0,1200000.0000,0.0000,0,0,0,0,0,0
n012w8-0,n012w8,0,5,500000,100.0,adaptive,2026-07-04T12:13:59+01:00,6,1,58,20,1,99.947515,2240,2270,2240,30,1.3216,GLOBAL_BEST,0,42,3,44,0,27,1,0,300000.0000,0.0000,0,0,0,0,0,0
n012w8-0,n012w8,0,5,500000,100.0,adaptive,2026-07-04T12:13:59+01:00,6,3,58,21,1,0.000000,2305,2335,2305,30,1.2848,LOCAL_BEST,0,42,3,30,1,28,1,0,300000.0000,0.0000,0,0,0,0,0,0
n012w8-0,n012w8,0,5,500000,100.0,adaptive,2026-07-04T12:13:59+01:00,6,2,58,21,1,0.000000,2515,2530,2515,15,0.5929,LOCAL_BEST,0,42,0,53,1,29,0,0,0.0000,0.0000,0,0,0,0,0,0
n012w8-0,n012w8,0,5,500000,100.0,adaptive,2026-07-04T12:13:59+01:00,6,2,58,22,1,0.000000,2455,2515,2455,60,2.3857,LOCAL_BEST,0,42,0,55,1,30,1,0,600000.0000,0.0000,0,0,0,0,0,0
n012w8-0,n012w8,0,5,500000,100.0,adaptive,2026-07-04T12:13:59+01:00,6,3,58,22,1,0.000000,2215,2305,2215,90,3.9046,GLOBAL_BEST,0,42,3,31,1,31,0,0,0.0000,0.0000,0,0,0,0,0,0
n012w8-0,n012w8,0,5,500000,100.0,adaptive,2026-07-04T12:13:59+01:00,6,1,58,22,1,99.941992,2195,2240,2195,45,2.0089,GLOBAL_BEST,0,42,3,47,0,32,0,0,0.0000,0.0000,0,0,0,0,0,0
n012w8-0,n012w8,0,5,500000,100.0,adaptive,2026-07-04T12:13:59+01:00,6,3,58,23,1,0.000000,2185,2215,2185,30,1.3544,GLOBAL_BEST,0,42,3,37,1,33,1,0,300000.0000,0.0000,0,0,0,0,0,0
n012w8-0,n012w8,0,5,500000,100.0,adaptive,2026-07-04T12:13:59+01:00,6,2,58,24,1,0.000000,2410,2455,2410,45,1.8330,LOCAL_BEST,0,42,0,57,1,34,1,0,450000.0000,0.0000,0,0,0,0,0,0
n012w8-0,n012w8,0,5,500000,100.0,adaptive,2026-07-04T12:13:59+01:00,6,3,58,24,1,0.000000,2065,2185,2065,120,5.4920,GLOBAL_BEST,0,42,3,41,1,35,0,0,0.0000,0.0000,0,0,0,0,0,0
n012w8-0,n012w8,0,5,500000,100.0,adaptive,2026-07-04T12:13:59+01:00,6,1,58,26,1,99.930946,2000,2195,2000,195,8.8838,GLOBAL_BEST,0,42,4,48,2,36,2,0,975000.0000,0.0000,0,0,0,0,0,0
n012w8-0,n012w8,0,5,500000,100.0,adaptive,2026-07-04T12:13:59+01:00,6,1,58,29,1,99.922663,1940,2000,1940,60,3.0000,GLOBAL_BEST,0,42,6,55,2,37,3,0,200000.0000,0.0000,0,0,0,0,0,0
n012w8-0,n012w8,0,5,500000,100.0,adaptive,2026-07-04T12:13:59+01:00,6,1,58,31,1,99.917141,1760,1940,1760,180,9.2784,GLOBAL_BEST,0,42,6,56,3,38,2,0,900000.0000,0.0000,0,0,0,0,0,0
n012w8-0,n012w8,0,5,500000,100.0,adaptive,2026-07-04T12:13:59+01:00,6,2,58,32,1,0.000000,2320,2410,2320,90,3.7344,LOCAL_BEST,0,42,0,72,1,39,1,0,900000.0000,0.0000,0,0,0,0,0,0
n012w8-0,n012w8,0,5,500000,100.0,adaptive,2026-07-04T12:13:59+01:00,6,1,58,33,1,99.911620,1730,1760,1730,30,1.7045,GLOBAL_BEST,0,42,6,62,3,40,1,0,300000.0000,0.0000,0,0,0,0,0,0
n012w8-0,n012w8,0,5,500000,100.0,adaptive,2026-07-04T12:13:59+01:00,6,1,58,34,1,99.908859,1670,1730,1670,60,3.4682,GLOBAL_BEST,0,42,6,68,3,41,1,0,600000.0000,0.0000,0,0,0,0,0,0
n012w8-0,n012w8,0,5,500000,100.0,adaptive,2026-07-04T12:13:59+01:00,6,3,58,36,1,0.000000,1960,2065,1960,105,5.0847,LOCAL_BEST,0,42,6,68,1,42,2,0,525000.0000,0.0000,0,0,0,0,0,0
n012w8-0,n012w8,0,5,500000,100.0,adaptive,2026-07-04T12:13:59+01:00,6,1,58,36,1,99.903338,1640,1670,1640,30,1.7964,GLOBAL_BEST,0,42,7,73,3,43,0,0,0.0000,0.0000,0,0,0,0,0,0
n012w8-0,n012w8,0,5,500000,100.0,adaptive,2026-07-04T12:13:59+01:00,6,3,58,38,1,0.000000,1780,1960,1780,180,9.1837,LOCAL_BEST,0,42,6,69,1,44,2,0,900000.0000,0.0000,0,0,0,0,0,0
n012w8-0,n012w8,0,5,500000,100.0,adaptive,2026-07-04T12:13:59+01:00,6,3,58,43,1,0.000000,1705,1780,1705,75,4.2135,LOCAL_BEST,0,42,7,73,1,45,5,0,150000.0000,0.0000,0,0,0,0,0,0
n012w8-0,n012w8,0,5,500000,100.0,adaptive,2026-07-04T12:13:59+01:00,6,1,58,46,1,99.875738,1580,1640,1580,60,3.6585,GLOBAL_BEST,0,42,8,93,5,46,3,0,200000.0000,0.0000,0,0,0,0,0,0
n012w8-0,n012w8,0,5,500000,100.0,adaptive,2026-07-04T12:13:59+01:00,6,2,58,50,1,0.000000,2310,2320,2310,10,0.4310,LOCAL_BEST,0,42,0,110,1,47,4,0,25000.0000,0.0000,0,0,0,0,0,0
n012w8-0,n012w8,0,5,500000,100.0,adaptive,2026-07-04T12:13:59+01:00,6,3,58,50,1,0.000000,1675,1705,1675,30,1.7595,LOCAL_BEST,0,42,10,91,1,48,0,0,0.0000,0.0000,0,0,0,0,0,0
n012w8-0,n012w8,0,5,500000,100.0,adaptive,2026-07-04T12:13:59+01:00,6,1,58,50,1,99.864700,1415,1580,1415,165,10.4430,GLOBAL_BEST,0,42,9,100,6,49,0,0,0.0000,0.0000,0,0,0,0,0,0
n012w8-0,n012w8,0,5,500000,100.0,adaptive,2026-07-04T12:13:59+01:00,6,1,58,53,1,99.856422,1250,1415,1250,165,11.6608,GLOBAL_BEST,0,42,9,103,6,50,3,0,550000.0000,0.0000,0,0,0,0,0,0
n012w8-0,n012w8,0,5,500000,100.0,adaptive,2026-07-04T12:13:59+01:00,6,1,58,57,1,99.845386,1205,1250,1205,45,3.6000,GLOBAL_BEST,0,42,10,114,8,51,4,0,112500.0000,0.0000,0,0,0,0,0,0
n012w8-0,n012w8,0,5,500000,100.0,adaptive,2026-07-04T12:13:59+01:00,6,2,58,61,1,0.000000,2040,2310,2040,270,11.6883,LOCAL_BEST,0,42,0,128,1,52,4,0,675000.0000,0.0000,0,0,0,0,0,0
n012w8-0,n012w8,0,5,500000,100.0,adaptive,2026-07-04T12:13:59+01:00,6,2,58,69,1,0.000000,1950,2040,1950,90,4.4118,LOCAL_BEST,0,42,0,151,1,53,8,0,112500.0000,0.0000,0,0,0,0,0,0
n012w8-0,n012w8,0,5,500000,100.0,adaptive,2026-07-04T12:13:59+01:00,6,3,58,84,1,0.000000,1645,1675,1645,30,1.7910,LOCAL_BEST,0,42,22,137,3,54,15,0,20000.0000,0.0000,0,0,0,0,0,0
n012w8-0,n012w8,0,5,500000,100.0,adaptive,2026-07-04T12:13:59+01:00,6,8,58,86,92,0.000000,355,370,355,15,4.0541,GLOBAL_BEST,3,42,0,147,79,55,2,91,75000.0000,164.8352,0,0,0,0,0,0
n012w8-0,n012w8,0,5,500000,100.0,adaptive,2026-07-04T12:13:59+01:00,6,3,58,91,1,0.000000,1555,1645,1555,90,5.4711,LOCAL_BEST,0,42,25,145,3,56,5,-91,180000.0000,0.0000,0,0,0,0,0,0
n012w8-0,n012w8,0,5,500000,100.0,adaptive,2026-07-04T12:13:59+01:00,6,2,58,115,1,0.000000,1900,1950,1900,50,2.5641,LOCAL_BEST,0,42,0,248,1,57,24,0,20833.3333,0.0000,0,0,0,0,0,0
n012w8-0,n012w8,0,5,500000,100.0,adaptive,2026-07-04T12:13:59+01:00,6,8,58,133,92,0.000000,340,355,340,15,4.2254,GLOBAL_BEST,3,42,0,211,123,58,18,91,8333.3333,164.8352,0,0,0,0,0,0
n012w8-0,n012w8,0,5,500000,100.0,adaptive,2026-07-04T12:13:59+01:00,6,2,58,145,1,0.000000,1815,1900,1815,85,4.4737,LOCAL_BEST,0,42,0,302,1,59,12,-91,70833.3333,0.0000,0,0,0,0,0,0
n012w8-0,n012w8,0,5,500000,100.0,adaptive,2026-07-04T12:13:59+01:00,6,2,58,146,1,0.000000,1590,1815,1590,225,12.3967,LOCAL_BEST,0,42,0,309,1,60,1,0,2250000.0000,0.0000,0,0,0,0,0,0
n012w8-0,n012w8,0,5,500000,100.0,adaptive,2026-07-04T12:13:59+01:00,6,1,58,181,1,99.503876,1190,1205,1190,15,1.2448,GLOBAL_BEST,0,42,39,350,49,61,35,0,4285.7143,0.0000,0,0,0,0,0,0
n012w8-0,n012w8,0,5,500000,100.0,adaptive,2026-07-04T12:13:59+01:00,6,3,58,215,1,0.000000,1525,1555,1525,30,1.9293,LOCAL_BEST,0,42,71,373,8,62,34,0,8823.5294,0.0000,0,0,0,0,0,0
n012w8-0,n012w8,0,5,500000,100.0,adaptive,2026-07-04T12:13:59+01:00,6,1,58,248,1,99.319837,1165,1190,1165,25,2.1008,GLOBAL_BEST,0,42,50,477,77,63,33,0,7575.7576,0.0000,0,0,0,0,0,0
n012w8-0,n012w8,0,5,500000,100.0,adaptive,2026-07-04T12:13:59+01:00,6,1,58,249,1,99.317093,1150,1165,1150,15,1.2876,GLOBAL_BEST,0,42,50,477,77,64,1,0,150000.0000,0.0000,0,0,0,0,0,0
n012w8-0,n012w8,0,5,500000,100.0,adaptive,2026-07-04T12:13:59+01:00,6,8,58,252,92,0.000000,310,340,310,30,8.8235,GLOBAL_BEST,3,42,0,418,222,65,3,91,100000.0000,329.6703,0,0,0,0,0,0
n012w8-0,n012w8,0,5,500000,100.0,adaptive,2026-07-04T12:13:59+01:00,6,8,58,313,93,0.000000,295,310,295,15,4.8387,GLOBAL_BEST,3,42,0,495,276,66,61,1,2459.0164,15000.0000,0,0,0,0,0,0
n012w8-0,n012w8,0,5,500000,100.0,adaptive,2026-07-04T12:13:59+01:00,6,5,58,565,41,0.000000,575,590,575,15,2.5424,GLOBAL_BEST,1,42,0,956,491,67,252,-52,595.2381,0.0000,0,0,0,0,0,0
n012w8-0,n012w8,0,5,500000,100.0,adaptive,2026-07-04T12:13:59+01:00,6,1,58,613,2,98.323199,1130,1150,1130,20,1.7391,GLOBAL_BEST,0,42,130,1186,211,68,48,-39,4166.6667,0.0000,0,0,0,0,0,0
n012w8-0,n012w8,0,5,500000,100.0,adaptive,2026-07-04T12:13:59+01:00,6,1,58,616,2,98.315049,1120,1130,1120,10,0.8850,GLOBAL_BEST,0,42,131,1188,211,69,3,0,33333.3333,0.0000,0,0,0,0,0,0
n012w8-0,n012w8,0,5,500000,100.0,adaptive,2026-07-04T12:13:59+01:00,6,2,58,725,2,0.000000,1585,1590,1585,5,0.3145,LOCAL_BEST,0,42,0,1418,1,70,109,0,458.7156,0.0000,0,0,0,0,0,0
n012w8-0,n012w8,0,5,500000,100.0,adaptive,2026-07-04T12:13:59+01:00,6,2,58,728,2,0.000000,1450,1585,1450,135,8.5174,LOCAL_BEST,0,42,0,1422,1,71,3,0,450000.0000,0.0000,0,0,0,0,0,0
n012w8-0,n012w8,0,5,500000,100.0,adaptive,2026-07-04T12:13:59+01:00,6,5,58,785,41,0.000000,560,575,560,15,2.6087,GLOBAL_BEST,1,42,0,1356,669,72,57,39,2631.5789,384.6154,0,0,0,0,0,0
n012w8-0,n012w8,0,5,500000,100.0,adaptive,2026-07-04T12:13:59+01:00,6,1,58,791,2,97.840801,1100,1120,1100,20,1.7857,GLOBAL_BEST,0,42,174,1490,270,73,6,-39,33333.3333,0.0000,0,0,0,0,0,0
n012w8-0,n012w8,0,5,500000,100.0,adaptive,2026-07-04T12:13:59+01:00,6,1,58,799,2,97.819176,1040,1100,1040,60,5.4545,GLOBAL_BEST,0,42,176,1513,275,74,8,0,75000.0000,0.0000,0,0,0,0,0,0
n012w8-0,n012w8,0,5,500000,100.0,adaptive,2026-07-04T12:13:59+01:00,6,3,58,1017,2,0.000000,1450,1525,1450,75,4.9180,LOCAL_BEST,0,42,361,1794,41,75,218,0,3440.3670,0.0000,0,0,0,0,0,0
n012w8-0,n012w8,0,5,500000,100.0,adaptive,2026-07-04T12:13:59+01:00,6,3,58,1018,2,0.000000,1350,1450,1350,100,6.8966,LOCAL_BEST,0,42,361,1795,41,76,1,0,1000000.0000,0.0000,0,0,0,0,0,0
n012w8-0,n012w8,0,5,500000,100.0,adaptive,2026-07-04T12:13:59+01:00,6,3,58,1020,2,0.000000,1335,1350,1335,15,1.1111,LOCAL_BEST,0,42,362,1799,41,77,2,0,75000.0000,0.0000,0,0,0,0,0,0
n012w8-0,n012w8,0,5,500000,100.0,adaptive,2026-07-04T12:13:59+01:00,6,3,58,1022,2,0.000000,1305,1335,1305,30,2.2472,LOCAL_BEST,0,42,362,1803,41,78,2,0,150000.0000,0.0000,0,0,0,0,0,0
n012w8-0,n012w8,0,5,500000,100.0,adaptive,2026-07-04T12:13:59+01:00,6,5,58,1026,43,0.000000,535,560,535,25,4.4643,GLOBAL_BEST,1,42,0,1746,843,79,4,41,62500.0000,609.7561,0,0,0,0,0,0
n012w8-0,n012w8,0,5,500000,100.0,adaptive,2026-07-04T12:13:59+01:00,6,5,58,1398,43,0.000000,475,535,475,60,11.2150,GLOBAL_BEST,1,42,0,2336,1125,80,372,0,1612.9032,0.0000,0,0,0,0,0,0
n012w8-0,n012w8,0,5,500000,100.0,adaptive,2026-07-04T12:13:59+01:00,6,2,58,1745,3,0.000000,1370,1450,1370,80,5.5172,LOCAL_BEST,0,42,0,3362,104,81,347,-40,2305.4755,0.0000,0,0,0,0,0,0
n012w8-0,n012w8,0,5,500000,100.0,adaptive,2026-07-04T12:13:59+01:00,6,1,58,2110,3,94.339159,985,1040,985,55,5.2885,GLOBAL_BEST,0,42,509,3858,714,82,365,0,1506.8493,0.0000,0,0,0,0,0,0
n012w8-0,n012w8,0,5,500000,100.0,adaptive,2026-07-04T12:13:59+01:00,6,1,58,2113,3,94.331339,925,985,925,60,6.0914,GLOBAL_BEST,0,42,509,3861,716,83,3,0,200000.0000,0.0000,0,0,0,0,0,0
n012w8-0,n012w8,0,5,500000,100.0,adaptive,2026-07-04T12:13:59+01:00,6,1,58,2156,3,94.219327,865,925,865,60,6.4865,GLOBAL_BEST,0,42,522,3924,728,84,43,0,13953.4884,0.0000,0,0,0,0,0,0
n012w8-0,n012w8,0,5,500000,100.0,adaptive,2026-07-04T12:13:59+01:00,6,1,58,2162,3,94.203709,775,865,775,90,10.4046,GLOBAL_BEST,0,42,522,3930,731,85,6,0,150000.0000,0.0000,0,0,0,0,0,0
n012w8-0,n012w8,0,5,500000,100.0,adaptive,2026-07-04T12:13:59+01:00,6,1,58,2170,3,94.182887,670,775,670,105,13.5484,GLOBAL_BEST,0,42,523,3945,735,86,8,0,131250.0000,0.0000,0,0,0,0,0,0
n012w8-0,n012w8,0,5,500000,100.0,adaptive,2026-07-04T12:13:59+01:00,6,8,58,2245,97,0.000000,275,295,275,20,6.7797,GLOBAL_BEST,3,42,0,3420,1998,87,75,94,2666.6667,212.7660,0,0,0,0,0,0
n012w8-0,n012w8,0,5,500000,100.0,adaptive,2026-07-04T12:13:59+01:00,6,2,58,2728,4,0.000000,1225,1370,1225,145,10.5839,LOCAL_BEST,0,42,0,5093,267,88,483,-93,3002.0704,0.0000,0,0,0,0,0,0
n012w8-0,n012w8,0,5,500000,100.0,adaptive,2026-07-04T12:13:59+01:00,6,2,58,3822,7,0.000000,1195,1225,1195,30,2.4490,LOCAL_BEST,0,42,0,7151,533,89,1094,3,274.2230,10000.0000,0,0,0,0,0,0
n012w8-0,n012w8,0,5,500000,100.0,adaptive,2026-07-04T12:13:59+01:00,6,2,58,3824,7,0.000000,1030,1195,1030,165,13.8075,LOCAL_BEST,0,42,0,7157,534,90,2,0,825000.0000,0.0000,0,0,0,0,0,0
n012w8-0,n012w8,0,5,500000,100.0,adaptive,2026-07-04T12:13:59+01:00,6,2,58,3825,7,0.000000,1015,1030,1015,15,1.4563,LOCAL_BEST,0,42,0,7160,534,91,1,0,150000.0000,0.0000,0,0,0,0,0,0
n012w8-0,n012w8,0,5,500000,100.0,adaptive,2026-07-04T12:13:59+01:00,6,5,58,3996,46,0.000000,440,475,440,35,7.3684,GLOBAL_BEST,1,42,0,6595,3115,92,171,39,2046.7836,897.4359,0,0,0,0,0,0
n012w8-0,n012w8,0,5,500000,100.0,adaptive,2026-07-04T12:13:59+01:00,6,3,58,4962,8,0.000000,1260,1305,1260,45,3.4483,LOCAL_BEST,0,42,1837,9478,194,93,966,-38,465.8385,0.0000,0,0,0,0,0,0
n012w8-0,n012w8,0,5,500000,100.0,adaptive,2026-07-04T12:13:59+01:00,6,3,58,4963,8,0.000000,1095,1260,1095,165,13.0952,LOCAL_BEST,0,42,1837,9479,194,94,1,0,1650000.0000,0.0000,0,0,0,0,0,0
n012w8-0,n012w8,0,5,500000,100.0,adaptive,2026-07-04T12:13:59+01:00,6,5,58,6282,49,0.000000,430,440,430,10,2.2727,GLOBAL_BEST,1,42,0,10334,4984,95,1319,41,75.8150,243.9024,0,0,0,0,0,0
n012w8-0,n012w8,0,5,500000,100.0,adaptive,2026-07-04T12:13:59+01:00,6,8,58,7168,106,0.000000,265,275,265,10,3.6364,GLOBAL_BEST,3,42,0,10949,6451,96,886,57,112.8668,175.4386,0,0,0,0,0,0
n012w8-0,n012w8,0,5,500000,100.0,adaptive,2026-07-04T12:13:59+01:00,6,8,58,7169,106,0.000000,235,265,235,30,11.3208,GLOBAL_BEST,3,42,0,10952,6451,97,1,0,300000.0000,0.0000,0,0,0,0,0,0
n012w8-0,n012w8,0,5,500000,100.0,adaptive,2026-07-04T12:13:59+01:00,6,5,58,8178,52,0.000000,425,430,425,5,1.1628,GLOBAL_BEST,1,42,0,13512,6493,98,1009,-54,49.5540,0.0000,0,0,0,0,0,0
n012w8-0,n012w8,0,5,500000,100.0,adaptive,2026-07-04T12:13:59+01:00,6,2,58,9937,17,0.000000,995,1015,995,20,1.9704,LOCAL_BEST,0,42,0,18161,2840,99,1759,-35,113.7010,0.0000,0,0,0,0,0,0
n012w8-0,n012w8,0,5,500000,100.0,adaptive,2026-07-04T12:13:59+01:00,6,2,58,9946,17,0.000000,950,995,950,45,4.5226,LOCAL_BEST,0,42,0,18179,2840,100,9,0,50000.0000,0.0000,0,0,0,0,0,0
n012w8-0,n012w8,0,5,500000,100.0,adaptive,2026-07-04T12:13:59+01:00,6,5,58,10237,55,0.000000,395,425,395,30,7.0588,GLOBAL_BEST,1,42,0,16832,8203,101,291,38,1030.9278,789.4737,0,0,0,0,0,0
n012w8-0,n012w8,0,5,500000,100.0,adaptive,2026-07-04T12:13:59+01:00,6,2,58,12322,21,0.000000,910,950,910,40,4.2105,LOCAL_BEST,0,42,0,22461,3973,102,2085,-34,191.8465,0.0000,0,0,0,0,0,0
n012w8-0,n012w8,0,5,500000,100.0,adaptive,2026-07-04T12:13:59+01:00,6,2,58,12323,21,0.000000,895,910,895,15,1.6484,LOCAL_BEST,0,42,0,22463,3973,103,1,0,150000.0000,0.0000,0,0,0,0,0,0
n012w8-0,n012w8,0,5,500000,100.0,adaptive,2026-07-04T12:13:59+01:00,6,2,58,12378,21,0.000000,870,895,870,25,2.7933,LOCAL_BEST,0,42,0,22547,3992,104,55,0,4545.4545,0.0000,0,0,0,0,0,0
n012w8-0,n012w8,0,5,500000,100.0,adaptive,2026-07-04T12:13:59+01:00,6,2,58,15789,26,0.000000,845,870,845,25,2.8736,LOCAL_BEST,0,42,0,28615,5702,105,3411,5,73.2923,5000.0000,0,0,0,0,0,0
n012w8-0,n012w8,0,5,500000,100.0,adaptive,2026-07-04T12:13:59+01:00,6,2,58,17325,28,0.000000,800,845,800,45,5.3254,LOCAL_BEST,0,42,0,31299,6516,106,1536,2,292.9688,22500.0000,0,0,0,0,0,0
n012w8-0,n012w8,0,5,500000,100.0,adaptive,2026-07-04T12:13:59+01:00,6,2,58,17326,28,0.000000,740,800,740,60,7.5000,LOCAL_BEST,0,42,0,31300,6516,107,1,0,600000.0000,0.0000,0,0,0,0,0,0
n012w8-0,n012w8,0,5,500000,100.0,adaptive,2026-07-04T12:13:59+01:00,6,5,58,20884,70,0.000000,375,395,375,20,5.0633,GLOBAL_BEST,1,42,0,34003,17207,108,3558,42,56.2114,476.1905,0,0,0,0,0,0
n012w8-0,n012w8,0,5,500000,100.0,adaptive,2026-07-04T12:13:59+01:00,6,2,58,23394,37,0.000000,730,740,730,10,1.3514,LOCAL_BEST,0,42,0,41524,10130,109,2510,-33,39.8406,0.0000,0,0,0,0,0,0
n012w8-0,n012w8,0,5,500000,100.0,adaptive,2026-07-04T12:13:59+01:00,6,2,58,23433,37,0.000000,685,730,685,45,6.1644,LOCAL_BEST,0,42,0,41579,10161,110,39,0,11538.4615,0.0000,0,0,0,0,0,0
n012w8-0,n012w8,0,5,500000,100.0,adaptive,2026-07-04T12:13:59+01:00,6,2,58,25938,41,0.000000,665,685,665,20,2.9197,GLOBAL_BEST,0,42,0,45677,11661,111,2505,4,79.8403,5000.0000,0,0,0,0,0,0
n012w8-0,n012w8,0,5,500000,100.0,adaptive,2026-07-04T12:13:59+01:00,6,1,58,27133,41,47.251544,640,670,640,30,4.4776,LOCAL_BEST,0,42,5536,48219,11851,112,1195,0,251.0460,0.0000,0,0,0,0,0,0
n012w8-0,n012w8,0,5,500000,100.0,adaptive,2026-07-04T12:13:59+01:00,6,4,58,30118,88,43.510693,650,665,650,15,2.2556,LOCAL_BEST,1,42,5815,52813,13849,113,2985,47,50.2513,319.1489,0,0,0,0,0,0
n012w8-0,n012w8,0,5,500000,100.0,adaptive,2026-07-04T12:13:59+01:00,6,4,58,30122,88,43.505884,605,650,605,45,6.9231,LOCAL_BEST,1,42,5815,52820,13852,114,4,0,112500.0000,0.0000,0,0,0,0,0,0
n012w8-0,n012w8,0,5,500000,100.0,adaptive,2026-07-04T12:13:59+01:00,6,4,58,30177,88,43.439818,575,605,575,30,4.9587,LOCAL_BEST,1,42,5821,52898,13888,115,55,0,5454.5455,0.0000,0,0,0,0,0,0
n012w8-0,n012w8,0,5,500000,100.0,adaptive,2026-07-04T12:13:59+01:00,6,2,58,30673,48,0.000000,625,665,625,40,6.0150,LOCAL_BEST,0,42,0,53988,14913,116,496,-40,806.4516,0.0000,0,0,0,0,0,0
n012w8-0,n012w8,0,5,500000,100.0,adaptive,2026-07-04T12:13:59+01:00,6,4,58,30738,89,42.771650,545,575,545,30,5.2174,LOCAL_BEST,1,42,5898,53867,14238,117,65,41,4615.3846,731.7073,0,0,0,0,0,0
n012w8-0,n012w8,0,5,500000,100.0,adaptive,2026-07-04T12:13:59+01:00,6,1,58,30761,47,42.744476,615,640,615,25,3.9062,LOCAL_BEST,0,42,6069,54590,13869,118,23,-42,10869.5652,0.0000,0,0,0,0,0,0
n012w8-0,n012w8,0,5,500000,100.0,adaptive,2026-07-04T12:13:59+01:00,6,4,58,31276,90,42.140531,530,545,530,15,2.7523,LOCAL_BEST,1,42,5965,54701,14577,119,515,43,291.2621,348.8372,0,0,0,0,0,0
n012w8-0,n012w8,0,5,500000,100.0,adaptive,2026-07-04T12:13:59+01:00,6,1,58,32262,49,41.007944,605,615,605,10,1.6260,LOCAL_BEST,0,42,6285,57183,14748,120,986,-41,101.4199,0.0000,0,0,0,0,0,0
n012w8-0,n012w8,0,5,500000,100.0,adaptive,2026-07-04T12:13:59+01:00,6,2,58,32396,50,0.000000,610,625,610,15,2.4000,LOCAL_BEST,0,42,0,56924,16111,121,134,1,1119.4030,15000.0000,0,0,0,0,0,0
n012w8-0,n012w8,0,5,500000,100.0,adaptive,2026-07-04T12:13:59+01:00,6,2,58,33435,52,0.000000,605,610,605,5,0.8197,LOCAL_BEST,0,42,0,58678,16812,122,1039,2,48.1232,2500.0000,0,0,0,0,0,0
n012w8-0,n012w8,0,5,500000,100.0,adaptive,2026-07-04T12:13:59+01:00,6,2,58,33447,52,0.000000,590,605,590,15,2.4793,LOCAL_BEST,0,42,0,58698,16820,123,12,0,12500.0000,0.0000,0,0,0,0,0,0
n012w8-0,n012w8,0,5,500000,100.0,adaptive,2026-07-04T12:13:59+01:00,6,1,58,33501,51,39.627803,550,605,550,55,9.0909,LOCAL_BEST,0,42,6445,59317,15495,124,54,-1,10185.1852,0.0000,0,0,0,0,0,0
n012w8-0,n012w8,0,5,500000,100.0,adaptive,2026-07-04T12:13:59+01:00,6,1,58,34816,54,38.213780,535,550,535,15,2.7273,LOCAL_BEST,0,42,6610,61604,16310,125,1315,3,114.0684,5000.0000,0,0,0,0,0,0
n012w8-0,n012w8,0,5,500000,100.0,adaptive,2026-07-04T12:13:59+01:00,6,1,58,34824,54,38.205334,475,535,475,60,11.2150,LOCAL_BEST,0,42,6610,61616,16316,126,8,0,75000.0000,0.0000,0,0,0,0,0,0
n012w8-0,n012w8,0,5,500000,100.0,adaptive,2026-07-04T12:13:59+01:00,6,1,58,34841,54,38.187392,445,475,445,30,6.3158,LOCAL_BEST,0,42,6611,61659,16330,127,17,0,17647.0588,0.0000,0,0,0,0,0,0
n012w8-0,n012w8,0,5,500000,100.0,adaptive,2026-07-04T12:13:59+01:00,6,2,58,35469,55,0.000000,550,590,550,40,6.7797,LOCAL_BEST,0,42,0,62264,18276,128,628,1,636.9427,40000.0000,0,0,0,0,0,0
n012w8-0,n012w8,0,5,500000,100.0,adaptive,2026-07-04T12:13:59+01:00,6,2,58,40104,62,0.000000,530,550,530,20,3.6364,LOCAL_BEST,0,42,0,70249,21612,129,4635,7,43.1499,2857.1429,0,0,0,0,0,0
n012w8-0,n012w8,0,5,500000,100.0,adaptive,2026-07-04T12:13:59+01:00,6,4,58,42087,112,31.258490,505,530,505,25,4.7170,LOCAL_BEST,1,42,7101,72968,21789,130,1983,50,126.0716,500.0000,0,0,0,0,0,0
n012w8-0,n012w8,0,5,500000,100.0,adaptive,2026-07-04T12:13:59+01:00,6,4,58,42118,112,31.231727,475,505,475,30,5.9406,LOCAL_BEST,1,42,7105,73022,21812,131,31,0,9677.4194,0.0000,0,0,0,0,0,0
n012w8-0,n012w8,0,5,500000,100.0,adaptive,2026-07-04T12:13:59+01:00,6,2,58,45853,70,0.000000,485,530,485,45,8.4906,LOCAL_BEST,0,42,0,79775,25928,132,3735,-42,120.4819,0.0000,0,0,0,0,0,0
n012w8-0,n012w8,0,5,500000,100.0,adaptive,2026-07-04T12:13:59+01:00,6,4,58,49650,127,25.363665,470,475,470,5,1.0526,LOCAL_BEST,1,42,7715,85796,27278,133,3797,57,13.1683,87.7193,0,0,0,0,0,0
n012w8-0,n012w8,0,5,500000,100.0,adaptive,2026-07-04T12:13:59+01:00,6,4,58,49663,127,25.354555,455,470,455,15,3.1915,LOCAL_BEST,1,42,7715,85814,27288,134,13,0,11538.4615,0.0000,0,0,0,0,0,0
n012w8-0,n012w8,0,5,500000,100.0,adaptive,2026-07-04T12:13:59+01:00,6,1,58,51915,80,23.824950,430,445,430,15,3.3708,LOCAL_BEST,0,42,8130,90853,28319,135,2252,-47,66.6075,0.0000,0,0,0,0,0,0
n012w8-0,n012w8,0,5,500000,100.0,adaptive,2026-07-04T12:13:59+01:00,6,2,58,51955,78,0.000000,480,485,480,5,1.0309,LOCAL_BEST,0,42,0,90018,30866,136,40,-2,1250.0000,0.0000,0,0,0,0,0,0
n012w8-0,n012w8,0,5,500000,100.0,adaptive,2026-07-04T12:13:59+01:00,6,4,58,53044,134,23.093194,445,455,445,10,2.1978,LOCAL_BEST,1,42,7932,91415,29904,137,1089,56,91.8274,178.5714,0,0,0,0,0,0
n012w8-0,n012w8,0,5,500000,100.0,adaptive,2026-07-04T12:13:59+01:00,6,4,58,53057,134,23.084900,430,445,430,15,3.3708,LOCAL_BEST,1,42,7933,91431,29914,138,13,0,11538.4615,0.0000,0,0,0,0,0,0
n012w8-0,n012w8,0,5,500000,100.0,adaptive,2026-07-04T12:13:59+01:00,6,4,58,53065,134,23.079798,340,430,340,90,20.9302,LOCAL_BEST,1,42,7933,91445,29920,139,8,0,112500.0000,0.0000,0,0,0,0,0,0
n012w8-0,n012w8,0,5,500000,100.0,adaptive,2026-07-04T12:13:59+01:00,6,5,58,53069,114,0.000000,360,375,360,15,4.0000,LOCAL_BEST,1,42,0,87392,45232,140,4,-20,37500.0000,0.0000,0,0,0,0,0,0
n012w8-0,n012w8,0,5,500000,100.0,adaptive,2026-07-04T12:13:59+01:00,6,2,58,54081,81,0.000000,465,480,465,15,3.1250,LOCAL_BEST,0,42,0,93326,32607,141,1012,-33,148.2213,0.0000,0,0,0,0,0,0
n012w8-0,n012w8,0,5,500000,100.0,adaptive,2026-07-04T12:13:59+01:00,6,7,58,57925,192,20.179574,340,370,340,30,8.1081,LOCAL_BEST,2,42,8304,100160,33573,142,3844,111,78.0437,270.2703,0,0,0,0,0,0
n012w8-0,n012w8,0,5,500000,100.0,adaptive,2026-07-04T12:13:59+01:00,6,2,58,58533,87,0.000000,440,465,440,25,5.3763,LOCAL_BEST,0,42,0,100310,36426,143,608,-105,411.1842,0.0000,0,0,0,0,0,0
n012w8-0,n012w8,0,5,500000,100.0,adaptive,2026-07-04T12:13:59+01:00,6,1,58,58932,89,19.625829,410,430,410,20,4.6512,LOCAL_BEST,0,42,8510,102274,33879,144,399,2,501.2531,10000.0000,0,0,0,0,0,0
n012w8-0,n012w8,0,5,500000,100.0,adaptive,2026-07-04T12:13:59+01:00,6,5,58,59124,129,0.000000,305,360,305,55,15.2778,LOCAL_BEST,1,42,0,97167,50658,145,192,40,2864.5833,1375.0000,0,0,0,0,0,0
n012w8-0,n012w8,0,5,500000,100.0,adaptive,2026-07-04T12:13:59+01:00,6,1,58,59134,90,19.516593,380,410,380,30,7.3171,LOCAL_BEST,0,42,8523,102624,34040,146,10,-39,30000.0000,0.0000,0,0,0,0,0,0
n012w8-0,n012w8,0,5,500000,100.0,adaptive,2026-07-04T12:13:59+01:00,6,2,58,59521,88,0.000000,410,440,410,30,6.8182,LOCAL_BEST,0,42,0,101734,37236,147,387,-2,775.1938,0.0000,0,0,0,0,0,0
n012w8-0,n012w8,0,5,500000,100.0,adaptive,2026-07-04T12:13:59+01:00,6,2,58,59522,88,0.000000,380,410,380,30,7.3171,LOCAL_BEST,0,42,0,101740,37236,148,1,0,300000.0000,0.0000,0,0,0,0,0,0
n012w8-0,n012w8,0,5,500000,100.0,adaptive,2026-07-04T12:13:59+01:00,6,4,58,60272,145,18.912459,305,340,305,35,10.2941,LOCAL_BEST,1,42,8272,103012,35786,149,750,57,466.6667,614.0351,0,0,0,0,0,0
n012w8-0,n012w8,0,5,500000,100.0,adaptive,2026-07-04T12:13:59+01:00,6,4,58,60274,145,18.911414,260,305,260,45,14.7541,LOCAL_BEST,1,42,8272,103015,35787,150,2,0,225000.0000,0.0000,0,0,0,0,0,0
n012w8-0,n012w8,0,5,500000,100.0,adaptive,2026-07-04T12:13:59+01:00,6,1,58,60556,92,18.764630,370,380,370,10,2.6316,GLOBAL_BEST,0,42,8587,105005,35217,151,282,-53,354.6099,0.0000,0,0,0,0,0,0
n012w8-0,n012w8,0,5,500000,100.0,adaptive,2026-07-04T12:13:59+01:00,6,3,58,62555,100,0.000000,1085,1095,1085,10,0.9132,LOCAL_BEST,0,42,23382,120386,2555,152,1999,8,50.0250,1250.0000,0,0,0,0,0,0
n012w8-0,n012w8,0,5,500000,100.0,adaptive,2026-07-04T12:13:59+01:00,6,1,58,62659,95,17.705329,365,370,365,5,1.3514,LOCAL_BEST,0,42,8677,108342,36921,153,104,-5,480.7692,0.0000,0,0,0,0,0,0
n012w8-0,n012w8,0,5,500000,100.0,adaptive,2026-07-04T12:13:59+01:00,6,5,58,64355,139,0.000000,290,305,290,15,4.9180,LOCAL_BEST,1,42,0,105580,55110,154,1696,44,88.4434,340.9091,0,0,0,0,0,0
n012w8-0,n012w8,0,5,500000,100.0,adaptive,2026-07-04T12:13:59+01:00,6,7,58,65126,207,16.538648,310,340,310,30,8.8235,LOCAL_BEST,2,42,8594,111933,39545,155,771,68,389.1051,441.1765,0,0,0,0,0,0
n012w8-0,n012w8,0,5,500000,100.0,adaptive,2026-07-04T12:13:59+01:00,6,1,58,66092,100,16.103045,340,365,340,25,6.8493,LOCAL_BEST,0,42,8807,113849,39812,156,966,-107,258.7992,0.0000,0,0,0,0,0,0
n012w8-0,n012w8,0,5,500000,100.0,adaptive,2026-07-04T12:13:59+01:00,6,5,58,67771,144,0.000000,275,290,275,15,5.1724,LOCAL_BEST,1,42,0,111014,58048,157,1679,44,89.3389,340.9091,0,0,0,0,0,0
n012w8-0,n012w8,0,5,500000,100.0,adaptive,2026-07-04T12:13:59+01:00,6,7,58,69282,214,14.744430,305,310,305,5,1.6129,LOCAL_BEST,2,42,8712,118700,43151,158,1511,70,33.0907,71.4286,0,0,0,0,0,0
n012w8-0,n012w8,0,5,500000,100.0,adaptive,2026-07-04T12:13:59+01:00,6,7,58,69484,214,14.662364,290,305,290,15,4.9180,LOCAL_BEST,2,42,8717,119035,43330,159,202,0,742.5743,0.0000,0,0,0,0,0,0
n012w8-0,n012w8,0,5,500000,100.0,adaptive,2026-07-04T12:13:59+01:00,6,7,58,69625,214,14.605351,275,290,275,15,5.1724,LOCAL_BEST,2,42,8720,119280,43459,160,141,0,1063.8298,0.0000,0,0,0,0,0,0
n012w8-0,n012w8,0,5,500000,100.0,adaptive,2026-07-04T12:13:59+01:00,6,7,58,70259,215,14.351722,260,275,260,15,5.4545,LOCAL_BEST,2,42,8731,120280,44027,161,634,1,236.5931,15000.0000,0,0,0,0,0,0
n012w8-0,n012w8,0,5,500000,100.0,adaptive,2026-07-04T12:13:59+01:00,6,2,58,71402,105,0.000000,375,380,375,5,1.3158,LOCAL_BEST,0,42,0,120882,47061,162,1143,-110,43.7445,0.0000,0,0,0,0,0,0
n012w8-0,n012w8,0,5,500000,100.0,adaptive,2026-07-04T12:13:59+01:00,6,2,58,72564,107,0.000000,360,375,360,15,4.0000,LOCAL_BEST,0,42,0,122809,48077,163,1162,2,129.0878,7500.0000,0,0,0,0,0,0
n012w8-0,n012w8,0,5,500000,100.0,adaptive,2026-07-04T12:13:59+01:00,6,2,58,72574,107,0.000000,345,360,345,15,4.1667,LOCAL_BEST,0,42,0,122814,48085,164,10,0,15000.0000,0.0000,0,0,0,0,0,0
n012w8-0,n012w8,0,5,500000,100.0,adaptive,2026-07-04T12:13:59+01:00,6,5,58,75955,159,0.000000,265,275,265,10,3.6364,LOCAL_BEST,1,42,0,124211,65323,165,3381,52,29.5770,192.3077,0,0,0,0,0,0
n012w8-0,n012w8,0,5,500000,100.0,adaptive,2026-07-04T12:13:59+01:00,6,1,58,76552,120,12.061130,335,340,335,5,1.4706,LOCAL_BEST,0,42,9069,131083,48974,166,597,-39,83.7521,0.0000,0,0,0,0,0,0
n012w8-0,n012w8,0,5,500000,100.0,adaptive,2026-07-04T12:13:59+01:00,6,1,58,76761,120,11.991679,320,335,320,15,4.4776,LOCAL_BEST,0,42,9070,131505,49164,167,209,0,717.7033,0.0000,0,0,0,0,0,0
n012w8-0,n012w8,0,5,500000,100.0,adaptive,2026-07-04T12:13:59+01:00,6,1,58,77195,121,11.848735,305,320,305,15,4.6875,LOCAL_BEST,0,42,9075,132318,49574,168,434,1,345.6221,15000.0000,0,0,0,0,0,0
n012w8-0,n012w8,0,5,500000,100.0,adaptive,2026-07-04T12:13:59+01:00,6,1,58,78224,124,11.516592,300,305,300,5,1.6393,LOCAL_BEST,0,42,9091,134054,50497,169,1029,3,48.5909,1666.6667,0,0,0,0,0,0
n012w8-0,n012w8,0,5,500000,100.0,adaptive,2026-07-04T12:13:59+01:00,6,1,58,79064,124,11.252370,285,300,285,15,5.0000,LOCAL_BEST,0,42,9102,135306,51283,170,840,0,178.5714,0.0000,0,0,0,0,0,0
n012w8-0,n012w8,0,5,500000,100.0,adaptive,2026-07-04T12:13:59+01:00,6,5,58,79133,164,0.000000,245,265,245,20,7.5472,LOCAL_BEST,1,42,0,129414,68120,171,69,40,2898.5507,500.0000,0,0,0,0,0,0
n012w8-0,n012w8,0,5,500000,100.0,adaptive,2026-07-04T12:13:59+01:00,6,2,58,84681,129,0.000000,310,345,310,35,10.1449,LOCAL_BEST,0,42,0,141121,58812,172,5548,-35,63.0858,0.0000,0,0,0,0,0,0
n012w8-0,n012w8,0,5,500000,100.0,adaptive,2026-07-04T12:13:59+01:00,6,5,58,96661,187,0.000000,235,245,235,10,4.0816,LOCAL_BEST,1,42,0,157991,84016,173,11980,58,8.3472,172.4138,0,0,0,0,0,0
n012w8-0,n012w8,0,5,500000,100.0,adaptive,2026-07-04T12:13:59+01:00,6,2,58,98876,147,0.000000,305,310,305,5,1.6129,LOCAL_BEST,0,42,0,163319,71628,174,2215,-40,22.5734,0.0000,0,0,0,0,0,0
n012w8-0,n012w8,0,5,500000,100.0,adaptive,2026-07-04T12:13:59+01:00,6,5,58,99370,190,0.000000,220,235,220,15,6.3830,GLOBAL_BEST,1,42,0,162109,86418,175,494,43,303.6437,348.8372,0,0,0,0,0,0
n012w8-0,n012w8,0,5,500000,100.0,adaptive,2026-07-04T12:13:59+01:00,6,2,58,101516,151,0.000000,290,305,290,15,4.9180,LOCAL_BEST,0,42,0,167471,73967,176,2146,-39,69.8975,0.0000,0,0,0,0,0,0
n012w8-0,n012w8,0,5,500000,100.0,adaptive,2026-07-04T12:13:59+01:00,6,5,58,102618,194,0.000000,215,220,215,5,2.2727,GLOBAL_BEST,1,42,0,167336,89380,177,1102,43,45.3721,116.2791,0,0,0,0,0,0
n012w8-0,n012w8,0,5,500000,100.0,adaptive,2026-07-04T12:13:59+01:00,6,5,58,107578,201,0.000000,205,215,205,10,4.6512,GLOBAL_BEST,1,42,0,175035,93851,178,4960,7,20.1613,1428.5714,0,0,0,0,0,0
n012w8-0,n012w8,0,5,500000,100.0,adaptive,2026-07-04T12:13:59+01:00,6,5,58,110117,204,0.000000,200,205,200,5,2.4390,GLOBAL_BEST,1,42,0,178881,96129,179,2539,3,19.6928,1666.6667,0,0,0,0,0,0
n012w8-0,n012w8,0,5,500000,100.0,adaptive,2026-07-04T12:13:59+01:00,6,2,58,114098,176,0.000000,280,290,280,10,3.4483,LOCAL_BEST,0,42,0,186997,85153,180,3981,-28,25.1193,0.0000,0,0,0,0,0,0
n012w8-0,n012w8,0,5,500000,100.0,adaptive,2026-07-04T12:13:59+01:00,6,2,58,116902,179,0.000000,275,280,275,5,1.7857,LOCAL_BEST,0,42,0,191180,87689,181,2804,3,17.8317,1666.6667,0,0,0,0,0,0
n012w8-0,n012w8,0,5,500000,100.0,adaptive,2026-07-04T12:13:59+01:00,6,5,58,120577,222,0.000000,190,200,190,10,5.0000,GLOBAL_BEST,1,42,0,195102,105646,182,3675,43,27.2109,232.5581,0,0,0,0,0,0
n012w8-0,n012w8,0,5,500000,100.0,adaptive,2026-07-04T12:13:59+01:00,6,1,58,129064,197,2.826389,325,285,285,0,0.0000,REHEAT,0,42,9304,218764,98421,183,8487,-25,0.0000,0.0000,1,20,48168,0,0,0
n012w8-0,n012w8,0,5,500000,100.0,adaptive,2026-07-04T12:13:59+01:00,6,2,58,133494,200,0.000000,235,275,235,40,14.5455,LOCAL_BEST,0,42,0,217331,102860,184,4430,3,90.2935,13333.3333,0,0,0,0,0,0
n012w8-0,n012w8,0,5,500000,100.0,adaptive,2026-07-04T12:13:59+01:00,6,1,58,177232,271,26.423844,280,285,280,5,1.7544,LOCAL_BEST,0,42,16917,302607,124564,185,43738,71,1.1432,70.4225,0,0,0,0,0,0
n012w8-0,n012w8,0,5,500000,100.0,adaptive,2026-07-04T12:13:59+01:00,6,1,58,177260,271,26.403409,265,280,265,15,5.3571,LOCAL_BEST,0,42,16919,302664,124586,186,28,0,5357.1429,0.0000,0,0,0,0,0,0
n012w8-0,n012w8,0,5,500000,100.0,adaptive,2026-07-04T12:13:59+01:00,6,3,58,189126,329,0.000000,1075,1085,1075,10,0.9217,LOCAL_BEST,0,42,70704,363834,7752,187,11866,58,8.4274,172.4138,0,0,0,0,0,0
n012w8-0,n012w8,0,5,500000,100.0,adaptive,2026-07-04T12:13:59+01:00,6,3,58,189127,329,0.000000,1060,1075,1060,15,1.3953,LOCAL_BEST,0,42,70704,363834,7752,188,1,0,150000.0000,0.0000,0,0,0,0,0,0
n012w8-0,n012w8,0,5,500000,100.0,adaptive,2026-07-04T12:13:59+01:00,6,1,58,227260,351,6.632053,340,265,265,0,0.0000,REHEAT,0,42,18289,383841,167919,189,38133,22,0.0000,0.0000,0,0,0,0,0,0
n012w8-0,n012w8,0,5,500000,100.0,adaptive,2026-07-04T12:13:59+01:00,6,1,58,277260,436,25.118864,680,265,265,0,0.0000,REHEAT,0,42,26113,471309,195308,190,50000,85,0.0000,0.0000,0,0,0,0,0,0
n012w8-0,n012w8,0,5,500000,100.0,adaptive,2026-07-04T12:13:59+01:00,6,1,58,327260,517,25.118864,495,265,265,0,0.0000,REHEAT,0,42,33962,558105,222731,191,50000,81,0.0000,0.0000,0,0,0,0,0,0
n012w8-0,n012w8,0,5,500000,100.0,adaptive,2026-07-04T12:13:59+01:00,6,1,58,377260,609,25.118864,520,265,265,0,0.0000,REHEAT,0,42,41704,644876,250310,192,50000,92,0.0000,0.0000,0,0,0,0,0,0
n012w8-0,n012w8,0,5,500000,100.0,adaptive,2026-07-04T12:13:59+01:00,6,1,58,427260,705,25.118864,835,265,265,0,0.0000,REHEAT,0,42,49477,732335,277753,193,50000,96,0.0000,0.0000,0,0,0,0,0,0
n012w8-0,n012w8,0,5,500000,100.0,adaptive,2026-07-04T12:13:59+01:00,6,1,58,477260,800,25.118864,745,265,265,0,0.0000,REHEAT,0,42,57418,818988,304781,194,50000,95,0.0000,0.0000,0,0,0,0,0,0
n012w8-0,n012w8,0,5,500000,100.0,adaptive,2026-07-04T12:13:59+01:00,7,2,78,1,0,0.000000,3440,3445,3440,5,0.1451,LOCAL_BEST,0,777,0,6,0,1,1,0,50000.0000,0.0000,0,0,0,0,0,0
n012w8-0,n012w8,0,5,500000,100.0,adaptive,2026-07-04T12:13:59+01:00,7,1,78,2,0,99.997237,3385,3445,3385,60,1.7417,GLOBAL_BEST,0,777,0,8,0,2,1,0,600000.0000,0.0000,0,0,0,0,0,0
n012w8-0,n012w8,0,5,500000,100.0,adaptive,2026-07-04T12:13:59+01:00,7,2,78,2,0,0.000000,3410,3440,3410,30,0.8721,LOCAL_BEST,0,777,0,10,0,3,0,0,0.0000,0.0000,0,0,0,0,0,0
n012w8-0,n012w8,0,5,500000,100.0,adaptive,2026-07-04T12:13:59+01:00,7,3,78,3,0,0.000000,3415,3445,3415,30,0.8708,LOCAL_BEST,0,777,0,4,0,4,1,0,300000.0000,0.0000,0,0,0,0,0,0
n012w8-0,n012w8,0,5,500000,100.0,adaptive,2026-07-04T12:13:59+01:00,7,1,78,5,0,99.988948,3325,3385,3325,60,1.7725,GLOBAL_BEST,0,777,0,10,0,5,2,0,300000.0000,0.0000,0,0,0,0,0,0
n012w8-0,n012w8,0,5,500000,100.0,adaptive,2026-07-04T12:13:59+01:00,7,5,78,6,39,0.000000,635,650,635,15,2.3077,LOCAL_BEST,1,777,0,18,5,6,1,39,150000.0000,384.6154,0,0,0,0,0,0
n012w8-0,n012w8,0,5,500000,100.0,adaptive,2026-07-04T12:13:59+01:00,7,1,78,7,0,99.983423,3175,3325,3175,150,4.5113,GLOBAL_BEST,0,777,0,11,0,7,1,-39,1500000.0000,0.0000,0,0,0,0,0,0
n012w8-0,n012w8,0,5,500000,100.0,adaptive,2026-07-04T12:13:59+01:00,7,2,78,7,0,0.000000,3390,3410,3390,20,0.5865,LOCAL_BEST,0,777,0,26,1,8,0,0,0.0000,0.0000,0,0,0,0,0,0
n012w8-0,n012w8,0,5,500000,100.0,adaptive,2026-07-04T12:13:59+01:00,7,2,78,8,0,0.000000,3240,3390,3240,150,4.4248,LOCAL_BEST,0,777,0,26,1,9,1,0,1500000.0000,0.0000,0,0,0,0,0,0
n012w8-0,n012w8,0,5,500000,100.0,adaptive,2026-07-04T12:13:59+01:00,7,2,78,9,0,0.000000,3090,3240,3090,150,4.6296,LOCAL_BEST,0,777,0,27,1,10,1,0,1500000.0000,0.0000,0,0,0,0,0,0
n012w8-0,n012w8,0,5,500000,100.0,adaptive,2026-07-04T12:13:59+01:00,7,1,78,10,0,99.975135,3115,3175,3115,60,1.8898,GLOBAL_BEST,0,777,0,24,0,11,1,0,600000.0000,0.0000,0,0,0,0,0,0
n012w8-0,n012w8,0,5,500000,100.0,adaptive,2026-07-04T12:13:59+01:00,7,2,78,11,0,0.000000,3035,3090,3035,55,1.7799,LOCAL_BEST,0,777,0,34,1,12,1,0,550000.0000,0.0000,0,0,0,0,0,0
n012w8-0,n012w8,0,5,500000,100.0,adaptive,2026-07-04T12:13:59+01:00,7,3,78,12,0,0.000000,3355,3415,3355,60,1.7570,LOCAL_BEST,0,777,3,25,1,13,1,0,600000.0000,0.0000,0,0,0,0,0,0
n012w8-0,n012w8,0,5,500000,100.0,adaptive,2026-07-04T12:13:59+01:00,7,1,78,13,0,99.966848,3110,3115,3110,5,0.1605,GLOBAL_BEST,0,777,0,24,1,14,1,0,50000.0000,0.0000,0,0,0,0,0,0
n012w8-0,n012w8,0,5,500000,100.0,adaptive,2026-07-04T12:13:59+01:00,7,2,78,14,0,0.000000,2915,3035,2915,120,3.9539,LOCAL_BEST,0,777,0,44,1,15,1,0,1200000.0000,0.0000,0,0,0,0,0,0
n012w8-0,n012w8,0,5,500000,100.0,adaptive,2026-07-04T12:13:59+01:00,7,2,78,15,0,0.000000,2795,2915,2795,120,4.1166,LOCAL_BEST,0,777,0,44,1,16,1,0,1200000.0000,0.0000,0,0,0,0,0,0
n012w8-0,n012w8,0,5,500000,100.0,adaptive,2026-07-04T12:13:59+01:00,7,3,78,17,0,0.000000,3185,3355,3185,170,5.0671,LOCAL_BEST,0,777,5,41,1,17,2,0,850000.0000,0.0000,0,0,0,0,0,0
n012w8-0,n012w8,0,5,500000,100.0,adaptive,2026-07-04T12:13:59+01:00,7,3,78,18,0,0.000000,3155,3185,3155,30,0.9419,LOCAL_BEST,0,777,5,41,1,18,1,0,300000.0000,0.0000,0,0,0,0,0,0
n012w8-0,n012w8,0,5,500000,100.0,adaptive,2026-07-04T12:13:59+01:00,7,1,78,19,0,99.950277,3065,3110,3065,45,1.4469,GLOBAL_BEST,0,777,1,28,1,19,1,0,450000.0000,0.0000,0,0,0,0,0,0
n012w8-0,n012w8,0,5,500000,100.0,adaptive,2026-07-04T12:13:59+01:00,7,1,78,21,0,99.944753,3050,3065,3050,15,0.4894,GLOBAL_BEST,0,777,2,36,1,20,2,0,75000.0000,0.0000,0,0,0,0,0,0
n012w8-0,n012w8,0,5,500000,100.0,adaptive,2026-07-04T12:13:59+01:00,7,1,78,22,0,99.941992,2885,3050,2885,165,5.4098,GLOBAL_BEST,0,777,2,36,1,21,1,0,1650000.0000,0.0000,0,0,0,0,0,0
n012w8-0,n012w8,0,5,500000,100.0,adaptive,2026-07-04T12:13:59+01:00,7,1,78,26,0,99.930946,2875,2885,2875,10,0.3466,GLOBAL_BEST,0,777,3,49,2,22,4,0,25000.0000,0.0000,0,0,0,0,0,0
n012w8-0,n012w8,0,5,500000,100.0,adaptive,2026-07-04T12:13:59+01:00,7,1,78,28,0,99.925424,2830,2875,2830,45,1.5652,GLOBAL_BEST,0,777,4,56,2,23,2,0,225000.0000,0.0000,0,0,0,0,0,0
n012w8-0,n012w8,0,5,500000,100.0,adaptive,2026-07-04T12:13:59+01:00,7,2,78,28,0,0.000000,2740,2795,2740,55,1.9678,LOCAL_BEST,0,777,0,80,1,24,0,0,0.0000,0.0000,0,0,0,0,0,0
n012w8-0,n012w8,0,5,500000,100.0,adaptive,2026-07-04T12:13:59+01:00,7,1,78,29,0,99.922663,2680,2830,2680,150,5.3004,GLOBAL_BEST,0,777,4,56,2,25,1,0,1500000.0000,0.0000,0,0,0,0,0,0
n012w8-0,n012w8,0,5,500000,100.0,adaptive,2026-07-04T12:13:59+01:00,7,1,78,32,0,99.914381,2650,2680,2650,30,1.1194,GLOBAL_BEST,0,777,5,64,2,26,3,0,100000.0000,0.0000,0,0,0,0,0,0
n012w8-0,n012w8,0,5,500000,100.0,adaptive,2026-07-04T12:13:59+01:00,7,1,78,34,0,99.908859,2590,2650,2590,60,2.2642,GLOBAL_BEST,0,777,5,68,2,27,2,0,300000.0000,0.0000,0,0,0,0,0,0
n012w8-0,n012w8,0,5,500000,100.0,adaptive,2026-07-04T12:13:59+01:00,7,1,78,36,0,99.903338,2425,2590,2425,165,6.3707,GLOBAL_BEST,0,777,5,74,2,28,2,0,825000.0000,0.0000,0,0,0,0,0,0
n012w8-0,n012w8,0,5,500000,100.0,adaptive,2026-07-04T12:13:59+01:00,7,1,78,37,0,99.900578,2410,2425,2410,15,0.6186,GLOBAL_BEST,0,777,5,79,2,29,1,0,150000.0000,0.0000,0,0,0,0,0,0
n012w8-0,n012w8,0,5,500000,100.0,adaptive,2026-07-04T12:13:59+01:00,7,1,78,38,0,99.897817,2295,2410,2295,115,4.7718,GLOBAL_BEST,0,777,5,79,2,30,1,0,1150000.0000,0.0000,0,0,0,0,0,0
n012w8-0,n012w8,0,5,500000,100.0,adaptive,2026-07-04T12:13:59+01:00,7,1,78,39,0,99.895057,2280,2295,2280,15,0.6536,GLOBAL_BEST,0,777,5,86,2,31,1,0,150000.0000,0.0000,0,0,0,0,0,0
n012w8-0,n012w8,0,5,500000,100.0,adaptive,2026-07-04T12:13:59+01:00,7,3,78,40,0,0.000000,3110,3155,3110,45,1.4263,LOCAL_BEST,0,777,10,83,1,32,1,0,450000.0000,0.0000,0,0,0,0,0,0
n012w8-0,n012w8,0,5,500000,100.0,adaptive,2026-07-04T12:13:59+01:00,7,1,78,40,0,99.892297,2235,2280,2235,45,1.9737,GLOBAL_BEST,0,777,5,88,2,33,0,0,0.0000,0.0000,0,0,0,0,0,0
n012w8-0,n012w8,0,5,500000,100.0,adaptive,2026-07-04T12:13:59+01:00,7,1,78,42,0,99.886777,2205,2235,2205,30,1.3423,GLOBAL_BEST,0,777,6,90,2,34,2,0,150000.0000,0.0000,0,0,0,0,0,0
n012w8-0,n012w8,0,5,500000,100.0,adaptive,2026-07-04T12:13:59+01:00,7,2,78,42,0,0.000000,2650,2740,2650,90,3.2847,LOCAL_BEST,0,777,0,98,1,35,0,0,0.0000,0.0000,0,0,0,0,0,0
n012w8-0,n012w8,0,5,500000,100.0,adaptive,2026-07-04T12:13:59+01:00,7,2,78,44,0,0.000000,2380,2650,2380,270,10.1887,LOCAL_BEST,0,777,0,101,1,36,2,0,1350000.0000,0.0000,0,0,0,0,0,0
n012w8-0,n012w8,0,5,500000,100.0,adaptive,2026-07-04T12:13:59+01:00,7,2,78,45,0,0.000000,2120,2380,2120,260,10.9244,GLOBAL_BEST,0,777,0,102,1,37,1,0,2600000.0000,0.0000,0,0,0,0,0,0
n012w8-0,n012w8,0,5,500000,100.0,adaptive,2026-07-04T12:13:59+01:00,7,3,78,46,0,0.000000,3010,3110,3010,100,3.2154,LOCAL_BEST,0,777,13,85,1,38,1,0,1000000.0000,0.0000,0,0,0,0,0,0
n012w8-0,n012w8,0,5,500000,100.0,adaptive,2026-07-04T12:13:59+01:00,7,2,78,46,0,0.000000,2090,2120,2090,30,1.4151,LOCAL_BEST,0,777,0,102,1,39,0,0,0.0000,0.0000,0,0,0,0,0,0
n012w8-0,n012w8,0,5,500000,100.0,adaptive,2026-07-04T12:13:59+01:00,7,3,78,49,0,0.000000,2875,3010,2875,135,4.4850,LOCAL_BEST,0,777,13,96,3,40,3,0,450000.0000,0.0000,0,0,0,0,0,0
n012w8-0,n012w8,0,5,500000,100.0,adaptive,2026-07-04T12:13:59+01:00,7,3,78,50,0,0.000000,2805,2875,2805,70,2.4348,LOCAL_BEST,0,777,13,97,3,41,1,0,700000.0000,0.0000,0,0,0,0,0,0
n012w8-0,n012w8,0,5,500000,100.0,adaptive,2026-07-04T12:13:59+01:00,7,2,78,50,0,0.000000,2045,2090,2045,45,2.1531,LOCAL_BEST,0,777,0,106,1,42,0,0,0.0000,0.0000,0,0,0,0,0,0
n012w8-0,n012w8,0,5,500000,100.0,adaptive,2026-07-04T12:13:59+01:00,7,2,78,51,0,0.000000,1895,2045,1895,150,7.3350,LOCAL_BEST,0,777,0,108,1,43,1,0,1500000.0000,0.0000,0,0,0,0,0,0
n012w8-0,n012w8,0,5,500000,100.0,adaptive,2026-07-04T12:13:59+01:00,7,5,78,55,39,0.000000,620,635,620,15,2.3622,LOCAL_BEST,1,777,0,117,43,44,4,39,37500.0000,384.6154,0,0,0,0,0,0
n012w8-0,n012w8,0,5,500000,100.0,adaptive,2026-07-04T12:13:59+01:00,7,3,78,58,0,0.000000,2625,2805,2625,180,6.4171,LOCAL_BEST,0,777,16,118,3,45,3,-39,600000.0000,0.0000,0,0,0,0,0,0
n012w8-0,n012w8,0,5,500000,100.0,adaptive,2026-07-04T12:13:59+01:00,7,3,78,59,0,0.000000,2595,2625,2595,30,1.1429,LOCAL_BEST,0,777,16,122,3,46,1,0,300000.0000,0.0000,0,0,0,0,0,0
n012w8-0,n012w8,0,5,500000,100.0,adaptive,2026-07-04T12:13:59+01:00,7,1,78,60,0,99.837110,2145,2205,2145,60,2.7211,GLOBAL_BEST,0,777,12,124,6,47,1,0,600000.0000,0.0000,0,0,0,0,0,0
n012w8-0,n012w8,0,5,500000,100.0,adaptive,2026-07-04T12:13:59+01:00,7,3,78,61,0,0.000000,2460,2595,2460,135,5.2023,LOCAL_BEST,0,777,16,129,3,48,1,0,1350000.0000,0.0000,0,0,0,0,0,0
n012w8-0,n012w8,0,5,500000,100.0,adaptive,2026-07-04T12:13:59+01:00,7,1,78,64,0,99.826076,2055,2145,2055,90,4.1958,GLOBAL_BEST,0,777,12,133,9,49,3,0,300000.0000,0.0000,0,0,0,0,0,0
n012w8-0,n012w8,0,5,500000,100.0,adaptive,2026-07-04T12:13:59+01:00,7,1,78,65,0,99.823318,1920,2055,1920,135,6.5693,GLOBAL_BEST,0,777,12,133,9,50,1,0,1350000.0000,0.0000,0,0,0,0,0,0
n012w8-0,n012w8,0,5,500000,100.0,adaptive,2026-07-04T12:13:59+01:00,7,1,78,66,0,99.820560,1770,1920,1770,150,7.8125,GLOBAL_BEST,0,777,12,133,9,51,1,0,1500000.0000,0.0000,0,0,0,0,0,0
n012w8-0,n012w8,0,5,500000,100.0,adaptive,2026-07-04T12:13:59+01:00,7,3,78,71,0,0.000000,2295,2460,2295,165,6.7073,LOCAL_BEST,0,777,18,148,5,52,5,0,330000.0000,0.0000,0,0,0,0,0,0
n012w8-0,n012w8,0,5,500000,100.0,adaptive,2026-07-04T12:13:59+01:00,7,1,78,77,0,99.790225,1695,1770,1695,75,4.2373,GLOBAL_BEST,0,777,14,155,15,53,6,0,125000.0000,0.0000,0,0,0,0,0,0
n012w8-0,n012w8,0,5,500000,100.0,adaptive,2026-07-04T12:13:59+01:00,7,1,78,79,0,99.784710,1665,1695,1665,30,1.7699,LOCAL_BEST,0,777,14,157,15,54,2,0,150000.0000,0.0000,0,0,0,0,0,0
n012w8-0,n012w8,0,5,500000,100.0,adaptive,2026-07-04T12:13:59+01:00,7,1,78,82,0,99.776439,1620,1665,1620,45,2.7027,LOCAL_BEST,0,777,15,164,15,55,3,0,150000.0000,0.0000,0,0,0,0,0,0
n012w8-0,n012w8,0,5,500000,100.0,adaptive,2026-07-04T12:13:59+01:00,7,1,78,83,0,99.773682,1560,1620,1560,60,3.7037,GLOBAL_BEST,0,777,15,164,15,56,1,0,600000.0000,0.0000,0,0,0,0,0,0
n012w8-0,n012w8,0,5,500000,100.0,adaptive,2026-07-04T12:13:59+01:00,7,3,78,87,0,0.000000,2290,2295,2290,5,0.2179,LOCAL_BEST,0,777,26,167,5,57,4,0,12500.0000,0.0000,0,0,0,0,0,0
n012w8-0,n012w8,0,5,500000,100.0,adaptive,2026-07-04T12:13:59+01:00,7,5,78,88,39,0.000000,605,620,605,15,2.4194,GLOBAL_BEST,1,777,0,183,69,58,1,39,150000.0000,384.6154,0,0,0,0,0,0
n012w8-0,n012w8,0,5,500000,100.0,adaptive,2026-07-04T12:13:59+01:00,7,1,78,89,0,99.757142,1545,1560,1545,15,0.9615,GLOBAL_BEST,0,777,16,184,17,59,1,-39,150000.0000,0.0000,0,0,0,0,0,0
n012w8-0,n012w8,0,5,500000,100.0,adaptive,2026-07-04T12:13:59+01:00,7,1,78,90,0,99.754386,1515,1545,1515,30,1.9417,GLOBAL_BEST,0,777,16,189,17,60,1,0,300000.0000,0.0000,0,0,0,0,0,0
n012w8-0,n012w8,0,5,500000,100.0,adaptive,2026-07-04T12:13:59+01:00,7,2,78,95,0,0.000000,1860,1895,1860,35,1.8470,LOCAL_BEST,0,777,0,191,1,61,5,0,70000.0000,0.0000,0,0,0,0,0,0
n012w8-0,n012w8,0,5,500000,100.0,adaptive,2026-07-04T12:13:59+01:00,7,3,78,97,0,0.000000,1915,2290,1915,375,16.3755,LOCAL_BEST,0,777,28,187,6,62,2,0,1875000.0000,0.0000,0,0,0,0,0,0
n012w8-0,n012w8,0,5,500000,100.0,adaptive,2026-07-04T12:13:59+01:00,7,2,78,98,0,0.000000,1770,1860,1770,90,4.8387,LOCAL_BEST,0,777,0,198,1,63,1,0,900000.0000,0.0000,0,0,0,0,0,0
n012w8-0,n012w8,0,5,500000,100.0,adaptive,2026-07-04T12:13:59+01:00,7,3,78,99,0,0.000000,1705,1915,1705,210,10.9661,GLOBAL_BEST,0,777,28,190,6,64,1,0,2100000.0000,0.0000,0,0,0,0,0,0
n012w8-0,n012w8,0,5,500000,100.0,adaptive,2026-07-04T12:13:59+01:00,7,2,78,100,0,0.000000,1725,1770,1725,45,2.5424,LOCAL_BEST,0,777,0,199,1,65,1,0,450000.0000,0.0000,0,0,0,0,0,0
n012w8-0,n012w8,0,5,500000,100.0,adaptive,2026-07-04T12:13:59+01:00,7,2,78,101,0,0.000000,1710,1725,1710,15,0.8696,LOCAL_BEST,0,777,0,203,1,66,1,0,150000.0000,0.0000,0,0,0,0,0,0
n012w8-0,n012w8,0,5,500000,100.0,adaptive,2026-07-04T12:13:59+01:00,7,3,78,102,0,0.000000,1645,1705,1645,60,3.5191,GLOBAL_BEST,0,777,29,194,6,67,1,0,600000.0000,0.0000,0,0,0,0,0,0
n012w8-0,n012w8,0,5,500000,100.0,adaptive,2026-07-04T12:13:59+01:00,7,2,78,102,0,0.000000,1560,1710,1560,150,8.7719,LOCAL_BEST,0,777,0,203,1,68,0,0,0.0000,0.0000,0,0,0,0,0,0
n012w8-0,n012w8,0,5,500000,100.0,adaptive,2026-07-04T12:13:59+01:00,7,2,78,103,0,0.000000,1545,1560,1545,15,0.9615,LOCAL_BEST,0,777,0,210,1,69,1,0,150000.0000,0.0000,0,0,0,0,0,0
n012w8-0,n012w8,0,5,500000,100.0,adaptive,2026-07-04T12:13:59+01:00,7,3,78,104,0,0.000000,1615,1645,1615,30,1.8237,GLOBAL_BEST,0,777,30,195,6,70,1,0,300000.0000,0.0000,0,0,0,0,0,0
n012w8-0,n012w8,0,5,500000,100.0,adaptive,2026-07-04T12:13:59+01:00,7,2,78,107,0,0.000000,1515,1545,1515,30,1.9417,LOCAL_BEST,0,777,0,243,1,71,3,0,100000.0000,0.0000,0,0,0,0,0,0
n012w8-0,n012w8,0,5,500000,100.0,adaptive,2026-07-04T12:13:59+01:00,7,2,78,108,0,0.000000,1485,1515,1485,30,1.9802,GLOBAL_BEST,0,777,0,248,1,72,1,0,300000.0000,0.0000,0,0,0,0,0,0
n012w8-0,n012w8,0,5,500000,100.0,adaptive,2026-07-04T12:13:59+01:00,7,5,78,109,39,0.000000,590,605,590,15,2.4793,GLOBAL_BEST,1,777,0,232,83,73,1,39,150000.0000,384.6154,0,0,0,0,0,0
n012w8-0,n012w8,0,5,500000,100.0,adaptive,2026-07-04T12:13:59+01:00,7,2,78,111,0,0.000000,1425,1485,1425,60,4.0404,GLOBAL_BEST,0,777,0,254,1,74,2,-39,300000.0000,0.0000,0,0,0,0,0,0
n012w8-0,n012w8,0,5,500000,100.0,adaptive,2026-07-04T12:13:59+01:00,7,3,78,122,0,0.000000,1595,1615,1595,20,1.2384,LOCAL_BEST,0,777,39,228,7,75,11,0,18181.8182,0.0000,0,0,0,0,0,0
n012w8-0,n012w8,0,5,500000,100.0,adaptive,2026-07-04T12:13:59+01:00,7,2,78,134,1,0.000000,1410,1425,1410,15,1.0526,GLOBAL_BEST,0,777,0,308,1,76,12,1,12500.0000,15000.0000,0,0,0,0,0,0
n012w8-0,n012w8,0,5,500000,100.0,adaptive,2026-07-04T12:13:59+01:00,7,2,78,135,1,0.000000,1260,1410,1260,150,10.6383,GLOBAL_BEST,0,777,0,308,1,77,1,0,1500000.0000,0.0000,0,0,0,0,0,0
n012w8-0,n012w8,0,5,500000,100.0,adaptive,2026-07-04T12:13:59+01:00,7,3,78,139,0,0.000000,1580,1595,1580,15,0.9404,LOCAL_BEST,0,777,49,253,7,78,4,-1,37500.0000,0.0000,0,0,0,0,0,0
n012w8-0,n012w8,0,5,500000,100.0,adaptive,2026-07-04T12:13:59+01:00,7,5,78,236,40,0.000000,575,590,575,15,2.5424,GLOBAL_BEST,1,777,0,463,190,79,97,40,1546.3918,375.0000,0,0,0,0,0,0
n012w8-0,n012w8,0,5,500000,100.0,adaptive,2026-07-04T12:13:59+01:00,7,1,78,238,1,99.347284,1470,1515,1470,45,2.9703,LOCAL_BEST,0,777,47,496,61,80,2,-39,225000.0000,0.0000,0,0,0,0,0,0
n012w8-0,n012w8,0,5,500000,100.0,adaptive,2026-07-04T12:13:59+01:00,7,1,78,239,1,99.344539,1320,1470,1320,150,10.2041,LOCAL_BEST,0,777,47,496,61,81,1,0,1500000.0000,0.0000,0,0,0,0,0,0
n012w8-0,n012w8,0,5,500000,100.0,adaptive,2026-07-04T12:13:59+01:00,7,1,78,241,1,99.339049,1290,1320,1290,30,2.2727,LOCAL_BEST,0,777,47,503,62,82,2,0,150000.0000,0.0000,0,0,0,0,0,0
n012w8-0,n012w8,0,5,500000,100.0,adaptive,2026-07-04T12:13:59+01:00,7,1,78,242,1,99.336305,1260,1290,1260,30,2.3256,LOCAL_BEST,0,777,47,504,62,83,1,0,300000.0000,0.0000,0,0,0,0,0,0
n012w8-0,n012w8,0,5,500000,100.0,adaptive,2026-07-04T12:13:59+01:00,7,1,78,243,1,99.333560,1245,1260,1245,15,1.1905,GLOBAL_BEST,0,777,47,511,62,84,1,0,150000.0000,0.0000,0,0,0,0,0,0
n012w8-0,n012w8,0,5,500000,100.0,adaptive,2026-07-04T12:13:59+01:00,7,1,78,248,1,99.319837,1230,1245,1230,15,1.2048,GLOBAL_BEST,0,777,47,522,64,85,5,0,30000.0000,0.0000,0,0,0,0,0,0
n012w8-0,n012w8,0,5,500000,100.0,adaptive,2026-07-04T12:13:59+01:00,7,1,78,249,1,99.317093,1200,1230,1200,30,2.4390,GLOBAL_BEST,0,777,47,527,64,86,1,0,300000.0000,0.0000,0,0,0,0,0,0
n012w8-0,n012w8,0,5,500000,100.0,adaptive,2026-07-04T12:13:59+01:00,7,3,78,252,1,0.000000,1530,1580,1530,50,3.1646,LOCAL_BEST,0,777,95,487,12,87,3,0,166666.6667,0.0000,0,0,0,0,0,0
n012w8-0,n012w8,0,5,500000,100.0,adaptive,2026-07-04T12:13:59+01:00,7,1,78,253,1,99.306117,1160,1200,1160,40,3.3333,GLOBAL_BEST,0,777,49,543,65,88,1,0,400000.0000,0.0000,0,0,0,0,0,0
n012w8-0,n012w8,0,5,500000,100.0,adaptive,2026-07-04T12:13:59+01:00,7,11,78,375,133,0.000000,250,265,250,15,5.6604,GLOBAL_BEST,4,777,0,644,352,89,122,132,1229.5082,113.6364,0,0,0,0,0,0
n012w8-0,n012w8,0,5,500000,100.0,adaptive,2026-07-04T12:13:59+01:00,7,1,78,406,1,98.887182,1135,1160,1135,25,2.1552,GLOBAL_BEST,0,777,87,888,125,90,31,-132,8064.5161,0.0000,0,0,0,0,0,0
n012w8-0,n012w8,0,5,500000,100.0,adaptive,2026-07-04T12:13:59+01:00,7,1,78,606,2,98.342218,1095,1135,1095,40,3.5242,GLOBAL_BEST,0,777,144,1293,177,91,200,1,2000.0000,40000.0000,0,0,0,0,0,0
n012w8-0,n012w8,0,5,500000,100.0,adaptive,2026-07-04T12:13:59+01:00,7,5,78,631,40,0.000000,515,575,515,60,10.4348,GLOBAL_BEST,1,777,0,1161,514,92,25,38,24000.0000,1578.9474,0,0,0,0,0,0
n012w8-0,n012w8,0,5,500000,100.0,adaptive,2026-07-04T12:13:59+01:00,7,5,78,706,40,0.000000,495,515,495,20,3.8835,GLOBAL_BEST,1,777,0,1307,572,93,75,0,2666.6667,0.0000,0,0,0,0,0,0
n012w8-0,n012w8,0,5,500000,100.0,adaptive,2026-07-04T12:13:59+01:00,7,8,78,902,83,0.000000,330,345,330,15,4.3478,GLOBAL_BEST,3,777,0,1577,839,94,196,43,765.3061,348.8372,0,0,0,0,0,0
n012w8-0,n012w8,0,5,500000,100.0,adaptive,2026-07-04T12:13:59+01:00,7,3,78,935,2,0.000000,1455,1530,1455,75,4.9020,LOCAL_BEST,0,777,354,1847,38,95,33,-81,22727.2727,0.0000,0,0,0,0,0,0
n012w8-0,n012w8,0,5,500000,100.0,adaptive,2026-07-04T12:13:59+01:00,7,8,78,1014,83,0.000000,315,330,315,15,4.5455,GLOBAL_BEST,3,777,0,1759,937,96,79,81,1898.7342,185.1852,0,0,0,0,0,0
n012w8-0,n012w8,0,5,500000,100.0,adaptive,2026-07-04T12:13:59+01:00,7,3,78,1167,3,0.000000,1415,1455,1415,40,2.7491,LOCAL_BEST,0,777,436,2342,49,97,153,-80,2614.3791,0.0000,0,0,0,0,0,0
n012w8-0,n012w8,0,5,500000,100.0,adaptive,2026-07-04T12:13:59+01:00,7,3,78,1171,3,0.000000,1370,1415,1370,45,3.1802,LOCAL_BEST,0,777,437,2346,50,98,4,0,112500.0000,0.0000,0,0,0,0,0,0
n012w8-0,n012w8,0,5,500000,100.0,adaptive,2026-07-04T12:13:59+01:00,7,3,78,1172,3,0.000000,1340,1370,1340,30,2.1898,LOCAL_BEST,0,777,437,2353,50,99,1,0,300000.0000,0.0000,0,0,0,0,0,0
n012w8-0,n012w8,0,5,500000,100.0,adaptive,2026-07-04T12:13:59+01:00,7,3,78,1173,3,0.000000,1280,1340,1280,60,4.4776,LOCAL_BEST,0,777,437,2353,50,100,1,0,600000.0000,0.0000,0,0,0,0,0,0
n012w8-0,n012w8,0,5,500000,100.0,adaptive,2026-07-04T12:13:59+01:00,7,3,78,1175,3,0.000000,1275,1280,1275,5,0.3906,LOCAL_BEST,0,777,438,2356,50,101,2,0,25000.0000,0.0000,0,0,0,0,0,0
n012w8-0,n012w8,0,5,500000,100.0,adaptive,2026-07-04T12:13:59+01:00,7,1,78,1524,3,95.879111,995,1095,995,100,9.1324,GLOBAL_BEST,0,777,389,3247,455,102,349,0,2865.3295,0.0000,0,0,0,0,0,0
n012w8-0,n012w8,0,5,500000,100.0,adaptive,2026-07-04T12:13:59+01:00,7,1,78,1726,3,95.345456,990,995,990,5,0.5025,GLOBAL_BEST,0,777,440,3666,511,103,202,0,247.5248,0.0000,0,0,0,0,0,0
n012w8-0,n012w8,0,5,500000,100.0,adaptive,2026-07-04T12:13:59+01:00,7,8,78,2645,85,0.000000,300,315,300,15,4.7619,GLOBAL_BEST,3,777,0,4687,2423,104,919,82,163.2209,182.9268,0,0,0,0,0,0
n012w8-0,n012w8,0,5,500000,100.0,adaptive,2026-07-04T12:13:59+01:00,7,5,78,2996,43,0.000000,490,495,490,5,1.0101,GLOBAL_BEST,1,777,0,5486,2348,105,351,-42,142.4501,0.0000,0,0,0,0,0,0
n012w8-0,n012w8,0,5,500000,100.0,adaptive,2026-07-04T12:13:59+01:00,7,5,78,3024,43,0.000000,440,490,440,50,10.2041,GLOBAL_BEST,1,777,0,5539,2368,106,28,0,17857.1429,0.0000,0,0,0,0,0,0
n012w8-0,n012w8,0,5,500000,100.0,adaptive,2026-07-04T12:13:59+01:00,7,2,78,3832,6,0.000000,1235,1260,1235,25,1.9841,LOCAL_BEST,0,777,0,7905,568,107,808,-37,309.4059,0.0000,0,0,0,0,0,0
n012w8-0,n012w8,0,5,500000,100.0,adaptive,2026-07-04T12:13:59+01:00,7,2,78,4760,8,0.000000,1220,1235,1220,15,1.2146,LOCAL_BEST,0,777,0,9687,834,108,928,2,161.6379,7500.0000,0,0,0,0,0,0
n012w8-0,n012w8,0,5,500000,100.0,adaptive,2026-07-04T12:13:59+01:00,7,2,78,6195,9,0.000000,1200,1220,1200,20,1.6393,LOCAL_BEST,0,777,0,12657,1309,109,1435,1,139.3728,20000.0000,0,0,0,0,0,0
n012w8-0,n012w8,0,5,500000,100.0,adaptive,2026-07-04T12:13:59+01:00,7,2,78,6196,9,0.000000,1170,1200,1170,30,2.5000,LOCAL_BEST,0,777,0,12663,1309,110,1,0,300000.0000,0.0000,0,0,0,0,0,0
n012w8-0,n012w8,0,5,500000,100.0,adaptive,2026-07-04T12:13:59+01:00,7,2,78,6197,9,0.000000,1110,1170,1110,60,5.1282,LOCAL_BEST,0,777,0,12664,1309,111,1,0,600000.0000,0.0000,0,0,0,0,0,0
n012w8-0,n012w8,0,5,500000,100.0,adaptive,2026-07-04T12:13:59+01:00,7,1,78,6397,10,83.800768,970,990,970,20,2.0202,GLOBAL_BEST,0,777,1600,12801,2132,112,200,1,1000.0000,20000.0000,0,0,0,0,0,0
n012w8-0,n012w8,0,5,500000,100.0,adaptive,2026-07-04T12:13:59+01:00,7,1,78,6398,10,83.798453,940,970,940,30,3.0928,GLOBAL_BEST,0,777,1600,12801,2132,113,1,0,300000.0000,0.0000,0,0,0,0,0,0
n012w8-0,n012w8,0,5,500000,100.0,adaptive,2026-07-04T12:13:59+01:00,7,1,78,6400,10,83.793822,880,940,880,60,6.3830,GLOBAL_BEST,0,777,1600,12805,2133,114,2,0,300000.0000,0.0000,0,0,0,0,0,0
n012w8-0,n012w8,0,5,500000,100.0,adaptive,2026-07-04T12:13:59+01:00,7,2,78,7387,12,0.000000,1080,1110,1080,30,2.7027,LOCAL_BEST,0,777,0,14919,1728,115,987,2,303.9514,15000.0000,0,0,0,0,0,0
n012w8-0,n012w8,0,5,500000,100.0,adaptive,2026-07-04T12:13:59+01:00,7,2,78,8740,14,0.000000,1060,1080,1060,20,1.8519,LOCAL_BEST,0,777,0,17641,2311,116,1353,2,147.8197,10000.0000,0,0,0,0,0,0
n012w8-0,n012w8,0,5,500000,100.0,adaptive,2026-07-04T12:13:59+01:00,7,2,78,9146,14,0.000000,1000,1060,1000,60,5.6604,LOCAL_BEST,0,777,0,18376,2485,117,406,0,1477.8325,0.0000,0,0,0,0,0,0
n012w8-0,n012w8,0,5,500000,100.0,adaptive,2026-07-04T12:13:59+01:00,7,3,78,9327,15,0.000000,1260,1275,1260,15,1.1765,LOCAL_BEST,0,777,3559,19148,401,118,181,1,828.7293,15000.0000,0,0,0,0,0,0
n012w8-0,n012w8,0,5,500000,100.0,adaptive,2026-07-04T12:13:59+01:00,7,1,78,10686,16,74.435481,870,880,870,10,1.1364,GLOBAL_BEST,0,777,2623,21191,3762,119,1359,1,73.5835,10000.0000,0,0,0,0,0,0
n012w8-0,n012w8,0,5,500000,100.0,adaptive,2026-07-04T12:13:59+01:00,7,1,78,10690,16,74.427255,855,870,855,15,1.7241,GLOBAL_BEST,0,777,2623,21209,3763,120,4,0,37500.0000,0.0000,0,0,0,0,0,0
n012w8-0,n012w8,0,5,500000,100.0,adaptive,2026-07-04T12:13:59+01:00,7,1,78,10691,16,74.425198,765,855,765,90,10.5263,GLOBAL_BEST,0,777,2623,21210,3763,121,1,0,900000.0000,0.0000,0,0,0,0,0,0
n012w8-0,n012w8,0,5,500000,100.0,adaptive,2026-07-04T12:13:59+01:00,7,1,78,10698,16,74.410805,720,765,720,45,5.8824,GLOBAL_BEST,0,777,2625,21216,3765,122,7,0,64285.7143,0.0000,0,0,0,0,0,0
n012w8-0,n012w8,0,5,500000,100.0,adaptive,2026-07-04T12:13:59+01:00,7,1,78,10795,17,74.211635,705,720,705,15,2.0833,GLOBAL_BEST,0,777,2641,21401,3826,123,97,1,1546.3918,15000.0000,0,0,0,0,0,0
n012w8-0,n012w8,0,5,500000,100.0,adaptive,2026-07-04T12:13:59+01:00,7,2,78,11756,18,0.000000,990,1000,990,10,1.0000,LOCAL_BEST,0,777,0,23626,3576,124,961,1,104.0583,10000.0000,0,0,0,0,0,0
n012w8-0,n012w8,0,5,500000,100.0,adaptive,2026-07-04T12:13:59+01:00,7,2,78,12109,18,0.000000,980,990,980,10,1.0101,LOCAL_BEST,0,777,0,24347,3767,125,353,0,283.2861,0.0000,0,0,0,0,0,0
n012w8-0,n012w8,0,5,500000,100.0,adaptive,2026-07-04T12:13:59+01:00,7,5,78,14052,60,0.000000,425,440,425,15,3.4091,GLOBAL_BEST,1,777,0,25140,11182,126,1943,42,77.2002,357.1429,0,0,0,0,0,0
n012w8-0,n012w8,0,5,500000,100.0,adaptive,2026-07-04T12:13:59+01:00,7,2,78,14069,21,0.000000,895,980,895,85,8.6735,LOCAL_BEST,0,777,0,28206,4671,127,17,-39,50000.0000,0.0000,0,0,0,0,0,0
n012w8-0,n012w8,0,5,500000,100.0,adaptive,2026-07-04T12:13:59+01:00,7,2,78,15153,23,0.000000,885,895,885,10,1.1173,LOCAL_BEST,0,777,0,30249,5232,128,1084,2,92.2509,5000.0000,0,0,0,0,0,0
n012w8-0,n012w8,0,5,500000,100.0,adaptive,2026-07-04T12:13:59+01:00,7,5,78,15296,62,0.000000,395,425,395,30,7.0588,GLOBAL_BEST,1,777,0,27283,12233,129,143,39,2097.9021,769.2308,0,0,0,0,0,0
n012w8-0,n012w8,0,5,500000,100.0,adaptive,2026-07-04T12:13:59+01:00,7,2,78,15479,23,0.000000,880,885,880,5,0.5650,LOCAL_BEST,0,777,0,30826,5366,130,183,-39,273.2240,0.0000,0,0,0,0,0,0
n012w8-0,n012w8,0,5,500000,100.0,adaptive,2026-07-04T12:13:59+01:00,7,2,78,15480,23,0.000000,835,880,835,45,5.1136,LOCAL_BEST,0,777,0,30827,5366,131,1,0,450000.0000,0.0000,0,0,0,0,0,0
n012w8-0,n012w8,0,5,500000,100.0,adaptive,2026-07-04T12:13:59+01:00,7,2,78,15492,23,0.000000,805,835,805,30,3.5928,LOCAL_BEST,0,777,0,30851,5372,132,12,0,25000.0000,0.0000,0,0,0,0,0,0
n012w8-0,n012w8,0,5,500000,100.0,adaptive,2026-07-04T12:13:59+01:00,7,2,78,16201,24,0.000000,800,805,800,5,0.6211,LOCAL_BEST,0,777,0,32198,5734,133,709,1,70.5219,5000.0000,0,0,0,0,0,0
n012w8-0,n012w8,0,5,500000,100.0,adaptive,2026-07-04T12:13:59+01:00,7,1,78,17950,27,60.899258,685,705,685,20,2.8369,GLOBAL_BEST,0,777,4128,35256,6999,134,1749,3,114.3511,6666.6667,0,0,0,0,0,0
n012w8-0,n012w8,0,5,500000,100.0,adaptive,2026-07-04T12:13:59+01:00,7,2,78,18830,28,0.000000,785,800,785,15,1.8750,LOCAL_BEST,0,777,0,37379,7219,135,880,1,170.4545,15000.0000,0,0,0,0,0,0
n012w8-0,n012w8,0,5,500000,100.0,adaptive,2026-07-04T12:13:59+01:00,7,5,78,20230,72,0.000000,385,395,385,10,2.5316,GLOBAL_BEST,1,777,0,35490,16360,136,1400,44,71.4286,227.2727,0,0,0,0,0,0
n012w8-0,n012w8,0,5,500000,100.0,adaptive,2026-07-04T12:13:59+01:00,7,1,78,20233,30,57.176294,670,685,670,15,2.1898,GLOBAL_BEST,0,777,4552,39835,8116,137,3,-42,50000.0000,0.0000,0,0,0,0,0,0
n012w8-0,n012w8,0,5,500000,100.0,adaptive,2026-07-04T12:13:59+01:00,7,5,78,20557,73,0.000000,370,385,370,15,3.8961,GLOBAL_BEST,1,777,0,36099,16630,138,324,43,462.9630,348.8372,0,0,0,0,0,0
n012w8-0,n012w8,0,5,500000,100.0,adaptive,2026-07-04T12:13:59+01:00,7,2,78,22233,33,0.000000,775,785,775,10,1.2739,LOCAL_BEST,0,777,0,43565,9199,139,1676,-40,59.6659,0.0000,0,0,0,0,0,0
n012w8-0,n012w8,0,5,500000,100.0,adaptive,2026-07-04T12:13:59+01:00,7,2,78,22660,33,0.000000,765,775,765,10,1.2903,LOCAL_BEST,0,777,0,44322,9467,140,427,0,234.1920,0.0000,0,0,0,0,0,0
n012w8-0,n012w8,0,5,500000,100.0,adaptive,2026-07-04T12:13:59+01:00,7,2,78,23631,35,0.000000,755,765,755,10,1.3072,LOCAL_BEST,0,777,0,46051,10046,141,971,2,102.9866,5000.0000,0,0,0,0,0,0
n012w8-0,n012w8,0,5,500000,100.0,adaptive,2026-07-04T12:13:59+01:00,7,8,78,24017,112,0.000000,285,300,285,15,5.0000,LOCAL_BEST,3,777,0,42142,21908,142,386,77,388.6010,194.8052,0,0,0,0,0,0
n012w8-0,n012w8,0,5,500000,100.0,adaptive,2026-07-04T12:13:59+01:00,7,2,78,24358,36,0.000000,720,755,720,35,4.6358,LOCAL_BEST,0,777,0,47333,10489,143,341,-76,1026.3930,0.0000,0,0,0,0,0,0
n012w8-0,n012w8,0,5,500000,100.0,adaptive,2026-07-04T12:13:59+01:00,7,4,78,25232,86,49.799846,645,650,645,5,0.7692,LOCAL_BEST,1,777,5440,49049,10642,144,874,50,57.2082,100.0000,0,0,0,0,0,0
n012w8-0,n012w8,0,5,500000,100.0,adaptive,2026-07-04T12:13:59+01:00,7,4,78,25233,86,49.798470,615,645,615,30,4.6512,LOCAL_BEST,1,777,5440,49051,10642,145,1,0,300000.0000,0.0000,0,0,0,0,0,0
n012w8-0,n012w8,0,5,500000,100.0,adaptive,2026-07-04T12:13:59+01:00,7,5,78,25560,80,0.000000,345,370,345,25,6.7568,GLOBAL_BEST,1,777,0,44975,20845,146,327,-6,764.5260,0.0000,0,0,0,0,0,0
n012w8-0,n012w8,0,5,500000,100.0,adaptive,2026-07-04T12:13:59+01:00,7,1,78,26106,39,48.611609,650,670,650,20,2.9851,GLOBAL_BEST,0,777,5560,51050,11183,147,546,-41,366.3004,0.0000,0,0,0,0,0,0
n012w8-0,n012w8,0,5,500000,100.0,adaptive,2026-07-04T12:13:59+01:00,7,1,78,26125,39,48.586096,620,650,620,30,4.6154,GLOBAL_BEST,0,777,5562,51081,11197,148,19,0,15789.4737,0.0000,0,0,0,0,0,0
n012w8-0,n012w8,0,5,500000,100.0,adaptive,2026-07-04T12:13:59+01:00,7,3,78,26690,42,0.000000,1220,1260,1220,40,3.1746,LOCAL_BEST,0,777,10236,55872,1154,149,565,3,707.9646,13333.3333,0,0,0,0,0,0
n012w8-0,n012w8,0,5,500000,100.0,adaptive,2026-07-04T12:13:59+01:00,7,2,78,27735,40,0.000000,685,720,685,35,4.8611,LOCAL_BEST,0,777,0,53557,12738,150,1045,-2,334.9282,0.0000,0,0,0,0,0,0
n012w8-0,n012w8,0,5,500000,100.0,adaptive,2026-07-04T12:13:59+01:00,7,4,78,28042,93,46.079526,600,615,600,15,2.4390,LOCAL_BEST,1,777,5872,54101,12206,151,307,53,488.5993,283.0189,0,0,0,0,0,0
n012w8-0,n012w8,0,5,500000,100.0,adaptive,2026-07-04T12:13:59+01:00,7,4,78,28129,93,45.968888,575,600,575,25,4.1667,LOCAL_BEST,1,777,5878,54264,12261,152,87,0,2873.5632,0.0000,0,0,0,0,0,0
n012w8-0,n012w8,0,5,500000,100.0,adaptive,2026-07-04T12:13:59+01:00,7,4,78,28201,93,45.877527,570,575,570,5,0.8696,LOCAL_BEST,1,777,5882,54400,12312,153,72,0,694.4444,0.0000,0,0,0,0,0,0
n012w8-0,n012w8,0,5,500000,100.0,adaptive,2026-07-04T12:13:59+01:00,7,4,78,28208,93,45.868654,555,570,555,15,2.6316,LOCAL_BEST,1,777,5882,54403,12318,154,7,0,21428.5714,0.0000,0,0,0,0,0,0
n012w8-0,n012w8,0,5,500000,100.0,adaptive,2026-07-04T12:13:59+01:00,7,4,78,28213,93,45.862318,525,555,525,30,5.4054,LOCAL_BEST,1,777,5882,54415,12322,155,5,0,60000.0000,0.0000,0,0,0,0,0,0
n012w8-0,n012w8,0,5,500000,100.0,adaptive,2026-07-04T12:13:59+01:00,7,2,78,28394,41,0.000000,680,685,680,5,0.7299,LOCAL_BEST,0,777,0,54810,13167,156,181,-52,276.2431,0.0000,0,0,0,0,0,0
n012w8-0,n012w8,0,5,500000,100.0,adaptive,2026-07-04T12:13:59+01:00,7,2,78,29405,42,0.000000,670,680,670,10,1.4706,LOCAL_BEST,0,777,0,56749,13872,157,1011,1,98.9120,10000.0000,0,0,0,0,0,0
n012w8-0,n012w8,0,5,500000,100.0,adaptive,2026-07-04T12:13:59+01:00,7,1,78,29741,45,43.966308,610,620,610,10,1.6129,LOCAL_BEST,0,777,6135,57867,13262,158,336,3,297.6190,3333.3333,0,0,0,0,0,0
n012w8-0,n012w8,0,5,500000,100.0,adaptive,2026-07-04T12:13:59+01:00,7,2,78,31926,46,0.000000,625,670,625,45,6.7164,LOCAL_BEST,0,777,0,61038,15617,159,2185,1,205.9497,45000.0000,0,0,0,0,0,0
n012w8-0,n012w8,0,5,500000,100.0,adaptive,2026-07-04T12:13:59+01:00,7,2,78,33714,49,0.000000,610,625,610,15,2.4000,LOCAL_BEST,0,777,0,64180,16828,160,1788,3,83.8926,5000.0000,0,0,0,0,0,0
n012w8-0,n012w8,0,5,500000,100.0,adaptive,2026-07-04T12:13:59+01:00,7,5,78,33916,95,0.000000,330,345,330,15,4.3478,LOCAL_BEST,1,777,0,60006,27944,161,202,46,742.5743,326.0870,0,0,0,0,0,0
n012w8-0,n012w8,0,5,500000,100.0,adaptive,2026-07-04T12:13:59+01:00,7,2,78,34069,49,0.000000,590,610,590,20,3.2787,LOCAL_BEST,0,777,0,64744,17059,162,153,-46,1307.1895,0.0000,0,0,0,0,0,0
n012w8-0,n012w8,0,5,500000,100.0,adaptive,2026-07-04T12:13:59+01:00,7,4,78,35801,105,37.187758,475,525,475,50,9.5238,LOCAL_BEST,1,777,6913,68876,16951,163,1732,56,288.6836,892.8571,0,0,0,0,0,0
n012w8-0,n012w8,0,5,500000,100.0,adaptive,2026-07-04T12:13:59+01:00,7,1,78,36561,57,36.414974,590,610,590,20,3.2787,LOCAL_BEST,0,777,6992,70394,17480,164,760,-48,263.1579,0.0000,0,0,0,0,0,0
n012w8-0,n012w8,0,5,500000,100.0,adaptive,2026-07-04T12:13:59+01:00,7,1,78,36564,57,36.411955,575,590,575,15,2.5424,LOCAL_BEST,0,777,6992,70401,17482,165,3,0,50000.0000,0.0000,0,0,0,0,0,0
n012w8-0,n012w8,0,5,500000,100.0,adaptive,2026-07-04T12:13:59+01:00,7,2,78,36873,52,0.000000,545,590,545,45,7.6271,LOCAL_BEST,0,777,0,69888,19022,166,309,-5,1456.3107,0.0000,0,0,0,0,0,0
n012w8-0,n012w8,0,5,500000,100.0,adaptive,2026-07-04T12:13:59+01:00,7,2,78,36874,52,0.000000,530,545,530,15,2.7523,LOCAL_BEST,0,777,0,69888,19022,167,1,0,150000.0000,0.0000,0,0,0,0,0,0
n012w8-0,n012w8,0,5,500000,100.0,adaptive,2026-07-04T12:13:59+01:00,7,2,78,38558,55,0.000000,455,530,455,75,14.1509,LOCAL_BEST,0,777,0,72867,20240,168,1684,3,445.3682,25000.0000,0,0,0,0,0,0
n012w8-0,n012w8,0,5,500000,100.0,adaptive,2026-07-04T12:13:59+01:00,7,3,78,38724,60,0.000000,1160,1220,1160,60,4.9180,LOCAL_BEST,0,777,14856,81178,1664,169,166,5,3614.4578,12000.0000,0,0,0,0,0,0
n012w8-0,n012w8,0,5,500000,100.0,adaptive,2026-07-04T12:13:59+01:00,7,1,78,38927,62,34.110493,545,575,545,30,5.2174,LOCAL_BEST,0,777,7277,74581,18980,170,203,2,1477.8325,15000.0000,0,0,0,0,0,0
n012w8-0,n012w8,0,5,500000,100.0,adaptive,2026-07-04T12:13:59+01:00,7,1,78,38930,62,34.107666,530,545,530,15,2.7523,LOCAL_BEST,0,777,7277,74588,18982,171,3,0,50000.0000,0.0000,0,0,0,0,0,0
n012w8-0,n012w8,0,5,500000,100.0,adaptive,2026-07-04T12:13:59+01:00,7,1,78,38967,62,34.072814,515,530,515,15,2.8302,LOCAL_BEST,0,777,7278,74644,19012,172,37,0,4054.0541,0.0000,0,0,0,0,0,0
n012w8-0,n012w8,0,5,500000,100.0,adaptive,2026-07-04T12:13:59+01:00,7,1,78,38978,62,34.062459,500,515,500,15,2.9126,LOCAL_BEST,0,777,7278,74665,19021,173,11,0,13636.3636,0.0000,0,0,0,0,0,0
n012w8-0,n012w8,0,5,500000,100.0,adaptive,2026-07-04T12:13:59+01:00,7,1,78,38999,62,34.042700,470,500,470,30,6.0000,LOCAL_BEST,0,777,7280,74712,19035,174,21,0,14285.7143,0.0000,0,0,0,0,0,0
n012w8-0,n012w8,0,5,500000,100.0,adaptive,2026-07-04T12:13:59+01:00,7,5,78,39588,103,0.000000,325,330,325,5,1.5152,LOCAL_BEST,1,777,0,69562,32947,175,589,41,84.8896,121.9512,0,0,0,0,0,0
n012w8-0,n012w8,0,5,500000,100.0,adaptive,2026-07-04T12:13:59+01:00,7,5,78,39642,103,0.000000,295,325,295,30,9.2308,GLOBAL_BEST,1,777,0,69638,32997,176,54,0,5555.5556,0.0000,0,0,0,0,0,0
n012w8-0,n012w8,0,5,500000,100.0,adaptive,2026-07-04T12:13:59+01:00,7,1,78,41110,67,32.113822,460,470,460,10,2.1277,LOCAL_BEST,0,777,7509,78678,20461,177,1468,-36,68.1199,0.0000,0,0,0,0,0,0
n012w8-0,n012w8,0,5,500000,100.0,adaptive,2026-07-04T12:13:59+01:00,7,8,78,41832,134,0.000000,280,285,280,5,1.7544,LOCAL_BEST,3,777,0,72364,38460,178,722,67,69.2521,74.6269,0,0,0,0,0,0
n012w8-0,n012w8,0,5,500000,100.0,adaptive,2026-07-04T12:13:59+01:00,7,8,78,42203,135,0.000000,265,280,265,15,5.3571,LOCAL_BEST,3,777,0,72943,38787,179,371,1,404.3127,15000.0000,0,0,0,0,0,0
n012w8-0,n012w8,0,5,500000,100.0,adaptive,2026-07-04T12:13:59+01:00,7,5,78,44133,108,0.000000,280,295,280,15,5.0847,GLOBAL_BEST,1,777,0,77631,36911,180,1930,-27,77.7202,0.0000,0,0,0,0,0,0
n012w8-0,n012w8,0,5,500000,100.0,adaptive,2026-07-04T12:13:59+01:00,7,1,78,45414,76,28.513071,440,460,440,20,4.3478,LOCAL_BEST,0,777,7916,86364,23483,181,1281,-32,156.1280,0.0000,0,0,0,0,0,0
n012w8-0,n012w8,0,5,500000,100.0,adaptive,2026-07-04T12:13:59+01:00,7,1,78,45895,77,28.136625,425,440,425,15,3.4091,LOCAL_BEST,0,777,7952,87072,23847,182,481,1,311.8503,15000.0000,0,0,0,0,0,0
n012w8-0,n012w8,0,5,500000,100.0,adaptive,2026-07-04T12:13:59+01:00,7,4,78,48384,125,26.266608,470,475,470,5,1.0526,LOCAL_BEST,1,777,8200,91815,25458,183,2489,48,20.0884,104.1667,0,0,0,0,0,0
n012w8-0,n012w8,0,5,500000,100.0,adaptive,2026-07-04T12:13:59+01:00,7,2,78,52957,75,0.000000,445,455,445,10,2.1978,LOCAL_BEST,0,777,0,98344,31366,184,4573,-50,21.8675,0.0000,0,0,0,0,0,0
n012w8-0,n012w8,0,5,500000,100.0,adaptive,2026-07-04T12:13:59+01:00,7,4,78,53869,132,22.572725,455,470,455,15,3.1915,LOCAL_BEST,1,777,8614,101901,29564,185,912,57,164.4737,263.1579,0,0,0,0,0,0
n012w8-0,n012w8,0,5,500000,100.0,adaptive,2026-07-04T12:13:59+01:00,7,4,78,54068,132,22.448948,425,455,425,30,6.5934,LOCAL_BEST,1,777,8627,102281,29714,186,199,0,1507.5377,0.0000,0,0,0,0,0,0
n012w8-0,n012w8,0,5,500000,100.0,adaptive,2026-07-04T12:13:59+01:00,7,4,78,54403,133,22.242111,415,425,415,10,2.3529,LOCAL_BEST,1,777,8649,102888,29969,187,335,1,298.5075,10000.0000,0,0,0,0,0,0
n012w8-0,n012w8,0,5,500000,100.0,adaptive,2026-07-04T12:13:59+01:00,7,2,78,55002,78,0.000000,440,445,440,5,1.1236,LOCAL_BEST,0,777,0,102121,32958,188,599,-55,83.4725,0.0000,0,0,0,0,0,0
n012w8-0,n012w8,0,5,500000,100.0,adaptive,2026-07-04T12:13:59+01:00,7,2,78,55005,78,0.000000,410,440,410,30,6.8182,LOCAL_BEST,0,777,0,102125,32960,189,3,0,100000.0000,0.0000,0,0,0,0,0,0
n012w8-0,n012w8,0,5,500000,100.0,adaptive,2026-07-04T12:13:59+01:00,7,1,78,57312,92,20.524283,420,425,420,5,1.1765,LOCAL_BEST,0,777,8708,107761,32571,190,2307,14,21.6732,357.1429,0,0,0,0,0,0
n012w8-0,n012w8,0,5,500000,100.0,adaptive,2026-07-04T12:13:59+01:00,7,5,78,59103,132,0.000000,265,280,265,15,5.3571,GLOBAL_BEST,1,777,0,103094,49879,191,1791,40,83.7521,375.0000,0,0,0,0,0,0
n012w8-0,n012w8,0,5,500000,100.0,adaptive,2026-07-04T12:13:59+01:00,7,4,78,60727,141,18.676178,410,415,410,5,1.2048,LOCAL_BEST,1,777,9048,114348,34823,192,1624,9,30.7882,555.5556,0,0,0,0,0,0
n012w8-0,n012w8,0,5,500000,100.0,adaptive,2026-07-04T12:13:59+01:00,7,4,78,60734,141,18.672566,395,410,395,15,3.6585,LOCAL_BEST,1,777,9048,114354,34828,193,7,0,21428.5714,0.0000,0,0,0,0,0,0
n012w8-0,n012w8,0,5,500000,100.0,adaptive,2026-07-04T12:13:59+01:00,7,1,78,60885,96,18.594821,415,420,415,5,1.1905,LOCAL_BEST,0,777,8916,113841,35382,194,151,-45,331.1258,0.0000,0,0,0,0,0,0
n012w8-0,n012w8,0,5,500000,100.0,adaptive,2026-07-04T12:13:59+01:00,7,1,78,60897,96,18.588656,395,415,395,20,4.8193,LOCAL_BEST,0,777,8916,113862,35392,195,12,0,16666.6667,0.0000,0,0,0,0,0,0
n012w8-0,n012w8,0,5,500000,100.0,adaptive,2026-07-04T12:13:59+01:00,7,1,78,61531,97,18.265855,385,395,385,10,2.5316,LOCAL_BEST,0,777,8943,114963,35918,196,634,1,157.7287,10000.0000,0,0,0,0,0,0
n012w8-0,n012w8,0,5,500000,100.0,adaptive,2026-07-04T12:13:59+01:00,7,1,78,61612,97,18.225019,355,385,355,30,7.7922,LOCAL_BEST,0,777,8949,115085,35981,197,81,0,3703.7037,0.0000,0,0,0,0,0,0
n012w8-0,n012w8,0,5,500000,100.0,adaptive,2026-07-04T12:13:59+01:00,7,2,78,62535,87,0.000000,405,410,405,5,1.2195,LOCAL_BEST,0,777,0,115668,39157,198,923,-10,54.1712,0.0000,0,0,0,0,0,0
n012w8-0,n012w8,0,5,500000,100.0,adaptive,2026-07-04T12:13:59+01:00,7,2,78,64124,89,0.000000,400,405,400,5,1.2346,LOCAL_BEST,0,777,0,118266,40466,199,1589,2,31.4663,2500.0000,0,0,0,0,0,0
n012w8-0,n012w8,0,5,500000,100.0,adaptive,2026-07-04T12:13:59+01:00,7,4,78,69641,153,14.598896,375,395,375,20,5.0633,LOCAL_BEST,1,777,9414,130547,42189,200,5517,64,36.2516,312.5000,0,0,0,0,0,0
n012w8-0,n012w8,0,5,500000,100.0,adaptive,2026-07-04T12:13:59+01:00,7,1,78,70291,109,14.339037,345,355,345,10,2.8169,LOCAL_BEST,0,777,9296,130109,43221,201,650,-44,153.8462,0.0000,0,0,0,0,0,0
n012w8-0,n012w8,0,5,500000,100.0,adaptive,2026-07-04T12:13:59+01:00,7,1,78,72200,112,13.602289,330,345,330,15,4.3478,LOCAL_BEST,0,777,9360,133476,44840,202,1909,3,78.5752,5000.0000,0,0,0,0,0,0
n012w8-0,n012w8,0,5,500000,100.0,adaptive,2026-07-04T12:13:59+01:00,7,4,78,72477,157,13.498577,370,375,370,5,1.3333,LOCAL_BEST,1,777,9498,135563,44580,203,277,45,180.5054,111.1111,0,0,0,0,0,0
n012w8-0,n012w8,0,5,500000,100.0,adaptive,2026-07-04T12:13:59+01:00,7,4,78,73232,159,13.219895,360,370,360,10,2.7027,LOCAL_BEST,1,777,9516,136889,45231,204,755,2,132.4503,5000.0000,0,0,0,0,0,0
n012w8-0,n012w8,0,5,500000,100.0,adaptive,2026-07-04T12:13:59+01:00,7,4,78,73311,159,13.191069,355,360,355,5,1.3889,LOCAL_BEST,1,777,9517,137026,45302,205,79,0,632.9114,0.0000,0,0,0,0,0,0
n012w8-0,n012w8,0,5,500000,100.0,adaptive,2026-07-04T12:13:59+01:00,7,4,78,73353,159,13.175770,345,355,345,10,2.8169,LOCAL_BEST,1,777,9518,137095,45341,206,42,0,2380.9524,0.0000,0,0,0,0,0,0
n012w8-0,n012w8,0,5,500000,100.0,adaptive,2026-07-04T12:13:59+01:00,7,2,78,74382,107,0.000000,390,400,390,10,2.5000,LOCAL_BEST,0,777,0,137326,49161,207,1029,-52,97.1817,0.0000,0,0,0,0,0,0
n012w8-0,n012w8,0,5,500000,100.0,adaptive,2026-07-04T12:13:59+01:00,7,2,78,78387,113,0.000000,380,390,380,10,2.5641,LOCAL_BEST,0,777,0,144618,52644,208,4005,6,24.9688,1666.6667,0,0,0,0,0,0
n012w8-0,n012w8,0,5,500000,100.0,adaptive,2026-07-04T12:13:59+01:00,7,1,78,78817,122,11.329428,315,330,315,15,4.5455,LOCAL_BEST,0,777,9481,145112,50714,209,430,9,348.8372,1666.6667,0,0,0,0,0,0
n012w8-0,n012w8,0,5,500000,100.0,adaptive,2026-07-04T12:13:59+01:00,7,4,78,79689,167,11.059717,335,345,335,10,2.8986,LOCAL_BEST,1,777,9650,147786,50794,210,872,45,114.6789,222.2222,0,0,0,0,0,0
n012w8-0,n012w8,0,5,500000,100.0,adaptive,2026-07-04T12:13:59+01:00,7,1,78,80313,125,10.870662,300,315,300,15,4.7619,LOCAL_BEST,0,777,9503,147712,52076,211,624,-42,240.3846,0.0000,0,0,0,0,0,0
n012w8-0,n012w8,0,5,500000,100.0,adaptive,2026-07-04T12:13:59+01:00,7,2,78,80634,115,0.000000,360,380,360,20,5.2632,LOCAL_BEST,0,777,0,148495,54563,212,321,-10,623.0530,0.0000,0,0,0,0,0,0
n012w8-0,n012w8,0,5,500000,100.0,adaptive,2026-07-04T12:13:59+01:00,7,2,78,81644,116,0.000000,330,360,330,30,8.3333,LOCAL_BEST,0,777,0,150195,55439,213,1010,1,297.0297,30000.0000,0,0,0,0,0,0
n012w8-0,n012w8,0,5,500000,100.0,adaptive,2026-07-04T12:13:59+01:00,7,5,78,82816,175,0.000000,250,265,250,15,5.6604,LOCAL_BEST,1,777,0,143996,71135,214,1172,59,127.9863,254.2373,0,0,0,0,0,0
n012w8-0,n012w8,0,5,500000,100.0,adaptive,2026-07-04T12:13:59+01:00,7,5,78,86045,181,0.000000,235,250,235,15,6.0000,GLOBAL_BEST,1,777,0,149801,74015,215,3229,6,46.4540,2500.0000,0,0,0,0,0,0
n012w8-0,n012w8,0,5,500000,100.0,adaptive,2026-07-04T12:13:59+01:00,7,7,78,94183,232,7.409962,335,345,335,10,2.8986,LOCAL_BEST,2,777,9817,170837,64168,216,8138,51,12.2880,196.0784,0,0,0,0,0,0
n012w8-0,n012w8,0,5,500000,100.0,adaptive,2026-07-04T12:13:59+01:00,7,2,78,99660,143,0.000000,320,330,320,10,3.0303,LOCAL_BEST,0,777,0,181046,71157,217,5477,-89,18.2582,0.0000,0,0,0,0,0,0
n012w8-0,n012w8,0,5,500000,100.0,adaptive,2026-07-04T12:13:59+01:00,7,4,78,99917,196,6.324235,320,335,320,15,4.4776,LOCAL_BEST,1,777,9849,181350,69092,218,257,53,583.6576,283.0189,0,0,0,0,0,0
n012w8-0,n012w8,0,5,500000,100.0,adaptive,2026-07-04T12:13:59+01:00,7,1,78,103721,162,5.693247,295,300,295,5,1.6667,LOCAL_BEST,0,777,9697,187115,73790,219,3804,-34,13.1441,0.0000,0,0,0,0,0,0
n012w8-0,n012w8,0,5,500000,100.0,adaptive,2026-07-04T12:13:59+01:00,7,2,78,105864,151,0.000000,310,320,310,10,3.1250,LOCAL_BEST,0,777,0,191555,76656,220,2143,-11,46.6636,0.0000,0,0,0,0,0,0
n012w8-0,n012w8,0,5,500000,100.0,adaptive,2026-07-04T12:13:59+01:00,7,2,78,112977,161,0.000000,305,310,305,5,1.6129,LOCAL_BEST,0,777,0,204151,82999,221,7113,10,7.0294,500.0000,0,0,0,0,0,0
n012w8-0,n012w8,0,5,500000,100.0,adaptive,2026-07-04T12:13:59+01:00,7,2,78,116425,167,0.000000,260,305,260,45,14.7541,LOCAL_BEST,0,777,0,209771,86016,222,3448,6,130.5104,7500.0000,0,0,0,0,0,0
n012w8-0,n012w8,0,5,500000,100.0,adaptive,2026-07-04T12:13:59+01:00,7,3,78,134291,223,0.000000,1080,1160,1080,80,6.8966,LOCAL_BEST,0,777,51539,282596,5899,223,17866,56,44.7778,1428.5714,0,0,0,0,0,0
n012w8-0,n012w8,0,5,500000,100.0,adaptive,2026-07-04T12:13:59+01:00,7,1,78,153721,245,1.430039,295,295,295,0,0.0000,REHEAT,0,777,9719,267472,120206,224,19430,22,0.0000,0.0000,0,0,0,0,0,0
n012w8-0,n012w8,0,5,500000,100.0,adaptive,2026-07-04T12:13:59+01:00,7,1,78,203721,351,25.118864,535,295,295,0,0.0000,REHEAT,0,777,18072,362320,146766,225,50000,106,0.0000,0.0000,0,0,0,0,0,0
n012w8-0,n012w8,0,5,500000,100.0,adaptive,2026-07-04T12:13:59+01:00,7,1,78,253721,449,25.118864,570,295,295,0,0.0000,REHEAT,0,777,26350,457695,173461,226,50000,98,0.0000,0.0000,0,0,0,0,0,0
n012w8-0,n012w8,0,5,500000,100.0,adaptive,2026-07-04T12:13:59+01:00,7,1,78,303721,547,25.118864,570,295,295,0,0.0000,REHEAT,0,777,34563,552177,200319,227,50000,98,0.0000,0.0000,0,0,0,0,0,0
n012w8-0,n012w8,0,5,500000,100.0,adaptive,2026-07-04T12:13:59+01:00,7,1,78,353721,619,25.118864,590,295,295,0,0.0000,REHEAT,0,777,42842,646044,226973,228,50000,72,0.0000,0.0000,0,0,0,0,0,0
n012w8-0,n012w8,0,5,500000,100.0,adaptive,2026-07-04T12:13:59+01:00,7,3,78,361536,648,0.000000,1075,1080,1075,5,0.4630,LOCAL_BEST,0,777,138765,760423,15656,229,7815,29,6.3980,172.4138,0,0,0,0,0,0
n012w8-0,n012w8,0,5,500000,100.0,adaptive,2026-07-04T12:13:59+01:00,7,1,78,403721,721,25.118864,720,295,295,0,0.0000,REHEAT,0,777,51165,739621,253456,230,42185,73,0.0000,0.0000,0,0,0,0,0,0
n012w8-0,n012w8,0,5,500000,100.0,adaptive,2026-07-04T12:13:59+01:00,7,1,78,453721,821,25.118864,685,295,295,0,0.0000,REHEAT,0,777,59600,833185,279836,231,50000,100,0.0000,0.0000,0,0,0,0,0,0
n012w8-0,n012w8,0,5,500000,100.0,adaptive,2026-07-04T12:13:59+01:00,8,3,98,1,0,0.000000,4835,4865,4835,30,0.6166,GLOBAL_BEST,0,123,0,0,0,1,1,0,300000.0000,0.0000,0,0,0,0,0,0
n012w8-0,n012w8,0,5,500000,100.0,adaptive,2026-07-04T12:13:59+01:00,8,1,98,1,0,100.000000,4725,4865,4725,140,2.8777,LOCAL_BEST,0,123,0,6,0,2,0,0,0.0000,0.0000,0,0,0,0,0,0
n012w8-0,n012w8,0,5,500000,100.0,adaptive,2026-07-04T12:13:59+01:00,8,3,98,2,0,0.000000,4680,4835,4680,155,3.2058,GLOBAL_BEST,0,123,0,1,0,3,1,0,1550000.0000,0.0000,0,0,0,0,0,0
n012w8-0,n012w8,0,5,500000,100.0,adaptive,2026-07-04T12:13:59+01:00,8,1,98,2,0,99.997237,4685,4725,4685,40,0.8466,LOCAL_BEST,0,123,0,6,0,4,0,0,0.0000,0.0000,0,0,0,0,0,0
n012w8-0,n012w8,0,5,500000,100.0,adaptive,2026-07-04T12:13:59+01:00,8,3,98,3,0,0.000000,4435,4680,4435,245,5.2350,GLOBAL_BEST,0,123,0,1,0,5,1,0,2450000.0000,0.0000,0,0,0,0,0,0
n012w8-0,n012w8,0,5,500000,100.0,adaptive,2026-07-04T12:13:59+01:00,8,2,98,3,0,0.000000,4735,4865,4735,130,2.6721,LOCAL_BEST,0,123,0,9,1,6,0,0,0.0000,0.0000,0,0,0,0,0,0
n012w8-0,n012w8,0,5,500000,100.0,adaptive,2026-07-04T12:13:59+01:00,8,3,98,4,0,0.000000,4405,4435,4405,30,0.6764,GLOBAL_BEST,0,123,0,3,0,7,1,0,300000.0000,0.0000,0,0,0,0,0,0
n012w8-0,n012w8,0,5,500000,100.0,adaptive,2026-07-04T12:13:59+01:00,8,1,98,4,0,99.991711,4395,4685,4395,290,6.1900,LOCAL_BEST,0,123,0,16,0,8,0,0,0.0000,0.0000,0,0,0,0,0,0
n012w8-0,n012w8,0,5,500000,100.0,adaptive,2026-07-04T12:13:59+01:00,8,3,98,5,0,0.000000,4225,4405,4225,180,4.0863,GLOBAL_BEST,0,123,0,6,0,9,1,0,1800000.0000,0.0000,0,0,0,0,0,0
n012w8-0,n012w8,0,5,500000,100.0,adaptive,2026-07-04T12:13:59+01:00,8,2,98,5,0,0.000000,4705,4735,4705,30,0.6336,LOCAL_BEST,0,123,0,12,1,10,0,0,0.0000,0.0000,0,0,0,0,0,0
n012w8-0,n012w8,0,5,500000,100.0,adaptive,2026-07-04T12:13:59+01:00,8,1,98,5,0,99.988948,4195,4395,4195,200,4.5506,LOCAL_BEST,0,123,0,21,0,11,0,0,0.0000,0.0000,0,0,0,0,0,0
n012w8-0,n012w8,0,5,500000,100.0,adaptive,2026-07-04T12:13:59+01:00,8,3,98,6,0,0.000000,4165,4225,4165,60,1.4201,GLOBAL_BEST,0,123,0,8,0,12,1,0,600000.0000,0.0000,0,0,0,0,0,0
n012w8-0,n012w8,0,5,500000,100.0,adaptive,2026-07-04T12:13:59+01:00,8,2,98,7,0,0.000000,4605,4705,4605,100,2.1254,LOCAL_BEST,0,123,0,16,1,13,1,0,1000000.0000,0.0000,0,0,0,0,0,0
n012w8-0,n012w8,0,5,500000,100.0,adaptive,2026-07-04T12:13:59+01:00,8,1,98,7,0,99.983423,4045,4195,4045,150,3.5757,LOCAL_BEST,0,123,1,23,0,14,0,0,0.0000,0.0000,0,0,0,0,0,0
n012w8-0,n012w8,0,5,500000,100.0,adaptive,2026-07-04T12:13:59+01:00,8,2,98,8,0,0.000000,4425,4605,4425,180,3.9088,LOCAL_BEST,0,123,0,19,1,15,1,0,1800000.0000,0.0000,0,0,0,0,0,0
n012w8-0,n012w8,0,5,500000,100.0,adaptive,2026-07-04T12:13:59+01:00,8,1,98,8,0,99.980660,3880,4045,3880,165,4.0791,LOCAL_BEST,0,123,1,25,0,16,0,0,0.0000,0.0000,0,0,0,0,0,0
n012w8-0,n012w8,0,5,500000,100.0,adaptive,2026-07-04T12:13:59+01:00,8,2,98,9,0,0.000000,4295,4425,4295,130,2.9379,LOCAL_BEST,0,123,0,22,1,17,1,0,1300000.0000,0.0000,0,0,0,0,0,0
n012w8-0,n012w8,0,5,500000,100.0,adaptive,2026-07-04T12:13:59+01:00,8,1,98,9,0,99.977898,3850,3880,3850,30,0.7732,LOCAL_BEST,0,123,1,31,0,18,0,0,0.0000,0.0000,0,0,0,0,0,0
n012w8-0,n012w8,0,5,500000,100.0,adaptive,2026-07-04T12:13:59+01:00,8,2,98,10,0,0.000000,4280,4295,4280,15,0.3492,LOCAL_BEST,0,123,0,22,1,19,1,0,150000.0000,0.0000,0,0,0,0,0,0
n012w8-0,n012w8,0,5,500000,100.0,adaptive,2026-07-04T12:13:59+01:00,8,2,98,11,0,0.000000,4240,4280,4240,40,0.9346,LOCAL_BEST,0,123,0,23,1,20,1,0,400000.0000,0.0000,0,0,0,0,0,0
n012w8-0,n012w8,0,5,500000,100.0,adaptive,2026-07-04T12:13:59+01:00,8,3,98,12,0,0.000000,4160,4165,4160,5,0.1200,GLOBAL_BEST,0,123,3,14,0,21,1,0,50000.0000,0.0000,0,0,0,0,0,0
n012w8-0,n012w8,0,5,500000,100.0,adaptive,2026-07-04T12:13:59+01:00,8,1,98,13,0,99.966848,3845,3850,3845,5,0.1299,LOCAL_BEST,0,123,3,36,0,22,1,0,50000.0000,0.0000,0,0,0,0,0,0
n012w8-0,n012w8,0,5,500000,100.0,adaptive,2026-07-04T12:13:59+01:00,8,2,98,14,0,0.000000,4110,4240,4110,130,3.0660,LOCAL_BEST,0,123,0,25,1,23,1,0,1300000.0000,0.0000,0,0,0,0,0,0
n012w8-0,n012w8,0,5,500000,100.0,adaptive,2026-07-04T12:13:59+01:00,8,3,98,15,0,0.000000,4070,4160,4070,90,2.1635,GLOBAL_BEST,0,123,3,25,0,24,1,0,900000.0000,0.0000,0,0,0,0,0,0
n012w8-0,n012w8,0,5,500000,100.0,adaptive,2026-07-04T12:13:59+01:00,8,2,98,15,0,0.000000,4055,4110,4055,55,1.3382,LOCAL_BEST,0,123,0,30,1,25,0,0,0.0000,0.0000,0,0,0,0,0,0
n012w8-0,n012w8,0,5,500000,100.0,adaptive,2026-07-04T12:13:59+01:00,8,1,98,15,0,99.961324,3830,3845,3830,15,0.3901,LOCAL_BEST,0,123,3,37,0,26,0,0,0.0000,0.0000,0,0,0,0,0,0
n012w8-0,n012w8,0,5,500000,100.0,adaptive,2026-07-04T12:13:59+01:00,8,3,98,16,0,0.000000,4010,4070,4010,60,1.4742,GLOBAL_BEST,0,123,3,28,0,27,1,0,600000.0000,0.0000,0,0,0,0,0,0
n012w8-0,n012w8,0,5,500000,100.0,adaptive,2026-07-04T12:13:59+01:00,8,2,98,16,0,0.000000,4045,4055,4045,10,0.2466,LOCAL_BEST,0,123,0,32,1,28,0,0,0.0000,0.0000,0,0,0,0,0,0
n012w8-0,n012w8,0,5,500000,100.0,adaptive,2026-07-04T12:13:59+01:00,8,3,98,18,0,0.000000,3825,4010,3825,185,4.6135,GLOBAL_BEST,0,123,4,36,0,29,2,0,925000.0000,0.0000,0,0,0,0,0,0
n012w8-0,n012w8,0,5,500000,100.0,adaptive,2026-07-04T12:13:59+01:00,8,2,98,18,0,0.000000,3985,4045,3985,60,1.4833,LOCAL_BEST,0,123,0,42,1,30,0,0,0.0000,0.0000,0,0,0,0,0,0
n012w8-0,n012w8,0,5,500000,100.0,adaptive,2026-07-04T12:13:59+01:00,8,1,98,18,0,99.953038,3740,3830,3740,90,2.3499,LOCAL_BEST,0,123,3,48,0,31,0,0,0.0000,0.0000,0,0,0,0,0,0
n012w8-0,n012w8,0,5,500000,100.0,adaptive,2026-07-04T12:13:59+01:00,8,3,98,19,0,0.000000,3770,3825,3770,55,1.4379,GLOBAL_BEST,0,123,4,36,0,32,1,0,550000.0000,0.0000,0,0,0,0,0,0
n012w8-0,n012w8,0,5,500000,100.0,adaptive,2026-07-04T12:13:59+01:00,8,2,98,20,0,0.000000,3945,3985,3945,40,1.0038,LOCAL_BEST,0,123,0,45,1,33,1,0,400000.0000,0.0000,0,0,0,0,0,0
n012w8-0,n012w8,0,5,500000,100.0,adaptive,2026-07-04T12:13:59+01:00,8,2,98,21,0,0.000000,3875,3945,3875,70,1.7744,LOCAL_BEST,0,123,0,47,1,34,1,0,700000.0000,0.0000,0,0,0,0,0,0
n012w8-0,n012w8,0,5,500000,100.0,adaptive,2026-07-04T12:13:59+01:00,8,1,98,22,0,99.941992,3690,3740,3690,50,1.3369,LOCAL_BEST,0,123,5,62,1,35,1,0,500000.0000,0.0000,0,0,0,0,0,0
n012w8-0,n012w8,0,5,500000,100.0,adaptive,2026-07-04T12:13:59+01:00,8,2,98,24,0,0.000000,3730,3875,3730,145,3.7419,GLOBAL_BEST,0,123,0,54,1,36,2,0,725000.0000,0.0000,0,0,0,0,0,0
n012w8-0,n012w8,0,5,500000,100.0,adaptive,2026-07-04T12:13:59+01:00,8,2,98,25,0,0.000000,3670,3730,3670,60,1.6086,LOCAL_BEST,0,123,0,54,1,37,1,0,600000.0000,0.0000,0,0,0,0,0,0
n012w8-0,n012w8,0,5,500000,100.0,adaptive,2026-07-04T12:13:59+01:00,8,2,98,26,0,0.000000,3650,3670,3650,20,0.5450,LOCAL_BEST,0,123,0,57,1,38,1,0,200000.0000,0.0000,0,0,0,0,0,0
n012w8-0,n012w8,0,5,500000,100.0,adaptive,2026-07-04T12:13:59+01:00,8,1,98,26,0,99.930946,3590,3690,3590,100,2.7100,LOCAL_BEST,0,123,6,68,3,39,0,0,0.0000,0.0000,0,0,0,0,0,0
n012w8-0,n012w8,0,5,500000,100.0,adaptive,2026-07-04T12:13:59+01:00,8,2,98,27,0,0.000000,3600,3650,3600,50,1.3699,LOCAL_BEST,0,123,0,58,1,40,1,0,500000.0000,0.0000,0,0,0,0,0,0
n012w8-0,n012w8,0,5,500000,100.0,adaptive,2026-07-04T12:13:59+01:00,8,1,98,27,0,99.928185,3495,3590,3495,95,2.6462,GLOBAL_BEST,0,123,6,69,3,41,0,0,0.0000,0.0000,0,0,0,0,0,0
n012w8-0,n012w8,0,5,500000,100.0,adaptive,2026-07-04T12:13:59+01:00,8,2,98,28,0,0.000000,3580,3600,3580,20,0.5556,LOCAL_BEST,0,123,0,58,1,42,1,0,200000.0000,0.0000,0,0,0,0,0,0
n012w8-0,n012w8,0,5,500000,100.0,adaptive,2026-07-04T12:13:59+01:00,8,3,98,31,0,0.000000,3655,3770,3655,115,3.0504,GLOBAL_BEST,0,123,9,56,1,43,3,0,383333.3333,0.0000,0,0,0,0,0,0
n012w8-0,n012w8,0,5,500000,100.0,adaptive,2026-07-04T12:13:59+01:00,8,1,98,32,0,99.914381,3490,3495,3490,5,0.1431,GLOBAL_BEST,0,123,6,76,5,44,1,0,50000.0000,0.0000,0,0,0,0,0,0
n012w8-0,n012w8,0,5,500000,100.0,adaptive,2026-07-04T12:13:59+01:00,8,3,98,33,0,0.000000,3535,3655,3535,120,3.2832,GLOBAL_BEST,0,123,10,63,1,45,1,0,1200000.0000,0.0000,0,0,0,0,0,0
n012w8-0,n012w8,0,5,500000,100.0,adaptive,2026-07-04T12:13:59+01:00,8,1,98,38,1,99.897817,3405,3490,3405,85,2.4355,GLOBAL_BEST,0,123,7,81,7,46,5,1,170000.0000,85000.0000,0,0,0,0,0,0
n012w8-0,n012w8,0,5,500000,100.0,adaptive,2026-07-04T12:13:59+01:00,8,2,98,40,0,0.000000,3535,3580,3535,45,1.2570,LOCAL_BEST,0,123,0,92,1,47,2,-1,225000.0000,0.0000,0,0,0,0,0,0
n012w8-0,n012w8,0,5,500000,100.0,adaptive,2026-07-04T12:13:59+01:00,8,1,98,41,1,99.889537,3360,3405,3360,45,1.3216,GLOBAL_BEST,0,123,8,86,7,48,1,1,450000.0000,45000.0000,0,0,0,0,0,0
n012w8-0,n012w8,0,5,500000,100.0,adaptive,2026-07-04T12:13:59+01:00,8,1,98,42,1,99.886777,3310,3360,3310,50,1.4881,GLOBAL_BEST,0,123,8,87,7,49,1,0,500000.0000,0.0000,0,0,0,0,0,0
n012w8-0,n012w8,0,5,500000,100.0,adaptive,2026-07-04T12:13:59+01:00,8,1,98,44,1,99.881257,3150,3310,3150,160,4.8338,GLOBAL_BEST,0,123,8,87,8,50,2,0,800000.0000,0.0000,0,0,0,0,0,0
n012w8-0,n012w8,0,5,500000,100.0,adaptive,2026-07-04T12:13:59+01:00,8,2,98,47,0,0.000000,3500,3535,3500,35,0.9901,GLOBAL_BEST,0,123,0,107,1,51,3,-1,116666.6667,0.0000,0,0,0,0,0,0
n012w8-0,n012w8,0,5,500000,100.0,adaptive,2026-07-04T12:13:59+01:00,8,1,98,58,1,99.842627,3090,3150,3090,60,1.9048,GLOBAL_BEST,0,123,12,127,12,52,11,1,54545.4545,60000.0000,0,0,0,0,0,0
n012w8-0,n012w8,0,5,500000,100.0,adaptive,2026-07-04T12:13:59+01:00,8,1,98,59,1,99.839868,3070,3090,3070,20,0.6472,GLOBAL_BEST,0,123,12,127,12,53,1,0,200000.0000,0.0000,0,0,0,0,0,0
n012w8-0,n012w8,0,5,500000,100.0,adaptive,2026-07-04T12:13:59+01:00,8,5,98,59,45,0.000000,2020,2065,2020,45,2.1792,GLOBAL_BEST,1,123,0,81,52,54,0,44,0.0000,1022.7273,0,0,0,0,0,0
n012w8-0,n012w8,0,5,500000,100.0,adaptive,2026-07-04T12:13:59+01:00,8,1,98,63,1,99.828834,2895,3070,2895,175,5.7003,GLOBAL_BEST,0,123,12,134,13,55,4,-44,437500.0000,0.0000,0,0,0,0,0,0
n012w8-0,n012w8,0,5,500000,100.0,adaptive,2026-07-04T12:13:59+01:00,8,3,98,69,1,0.000000,3425,3535,3425,110,3.1117,GLOBAL_BEST,0,123,27,134,1,56,6,0,183333.3333,0.0000,0,0,0,0,0,0
n012w8-0,n012w8,0,5,500000,100.0,adaptive,2026-07-04T12:13:59+01:00,8,3,98,84,1,0.000000,3380,3425,3380,45,1.3139,LOCAL_BEST,0,123,33,170,1,57,15,0,30000.0000,0.0000,0,0,0,0,0,0
n012w8-0,n012w8,0,5,500000,100.0,adaptive,2026-07-04T12:13:59+01:00,8,3,98,85,1,0.000000,3350,3380,3350,30,0.8876,LOCAL_BEST,0,123,33,170,1,58,1,0,300000.0000,0.0000,0,0,0,0,0,0
n012w8-0,n012w8,0,5,500000,100.0,adaptive,2026-07-04T12:13:59+01:00,8,3,98,86,1,0.000000,3335,3350,3335,15,0.4478,LOCAL_BEST,0,123,33,171,1,59,1,0,150000.0000,0.0000,0,0,0,0,0,0
n012w8-0,n012w8,0,5,500000,100.0,adaptive,2026-07-04T12:13:59+01:00,8,3,98,87,1,0.000000,3215,3335,3215,120,3.5982,LOCAL_BEST,0,123,33,173,1,60,1,0,1200000.0000,0.0000,0,0,0,0,0,0
n012w8-0,n012w8,0,5,500000,100.0,adaptive,2026-07-04T12:13:59+01:00,8,11,98,98,195,0.000000,1765,1775,1765,10,0.5634,GLOBAL_BEST,4,123,0,95,91,61,11,194,9090.9091,51.5464,0,0,0,0,0,0
n012w8-0,n012w8,0,5,500000,100.0,adaptive,2026-07-04T12:13:59+01:00,8,1,98,101,1,99.724071,2850,2895,2850,45,1.5544,GLOBAL_BEST,0,123,21,221,22,62,3,-194,150000.0000,0.0000,0,0,0,0,0,0
n012w8-0,n012w8,0,5,500000,100.0,adaptive,2026-07-04T12:13:59+01:00,8,5,98,101,45,0.000000,1980,2020,1980,40,1.9802,GLOBAL_BEST,1,123,0,168,81,63,0,44,0.0000,909.0909,0,0,0,0,0,0
n012w8-0,n012w8,0,5,500000,100.0,adaptive,2026-07-04T12:13:59+01:00,8,5,98,102,45,0.000000,1965,1980,1965,15,0.7576,GLOBAL_BEST,1,123,0,171,81,64,1,0,150000.0000,0.0000,0,0,0,0,0,0
n012w8-0,n012w8,0,5,500000,100.0,adaptive,2026-07-04T12:13:59+01:00,8,11,98,162,195,0.000000,1760,1765,1760,5,0.2833,GLOBAL_BEST,4,123,0,194,152,65,60,150,833.3333,33.3333,0,0,0,0,0,0
n012w8-0,n012w8,0,5,500000,100.0,adaptive,2026-07-04T12:13:59+01:00,8,8,98,163,99,0.000000,1835,1850,1835,15,0.8108,GLOBAL_BEST,3,123,0,252,147,66,1,-96,150000.0000,0.0000,0,0,0,0,0,0
n012w8-0,n012w8,0,5,500000,100.0,adaptive,2026-07-04T12:13:59+01:00,8,2,98,175,1,0.000000,3450,3500,3450,50,1.4286,LOCAL_BEST,0,123,0,357,1,67,12,-98,41666.6667,0.0000,0,0,0,0,0,0
n012w8-0,n012w8,0,5,500000,100.0,adaptive,2026-07-04T12:13:59+01:00,8,2,98,176,1,0.000000,3420,3450,3420,30,0.8696,LOCAL_BEST,0,123,0,357,1,68,1,0,300000.0000,0.0000,0,0,0,0,0,0
n012w8-0,n012w8,0,5,500000,100.0,adaptive,2026-07-04T12:13:59+01:00,8,2,98,177,1,0.000000,3405,3420,3405,15,0.4386,LOCAL_BEST,0,123,0,361,1,69,1,0,150000.0000,0.0000,0,0,0,0,0,0
n012w8-0,n012w8,0,5,500000,100.0,adaptive,2026-07-04T12:13:59+01:00,8,2,98,179,1,0.000000,3270,3405,3270,135,3.9648,LOCAL_BEST,0,123,0,365,1,70,2,0,675000.0000,0.0000,0,0,0,0,0,0
n012w8-0,n012w8,0,5,500000,100.0,adaptive,2026-07-04T12:13:59+01:00,8,2,98,180,1,0.000000,3210,3270,3210,60,1.8349,LOCAL_BEST,0,123,0,367,1,71,1,0,600000.0000,0.0000,0,0,0,0,0,0
n012w8-0,n012w8,0,5,500000,100.0,adaptive,2026-07-04T12:13:59+01:00,8,1,98,229,1,99.371993,2825,2850,2825,25,0.8772,GLOBAL_BEST,0,123,62,402,54,72,49,0,5102.0408,0.0000,0,0,0,0,0,0
n012w8-0,n012w8,0,5,500000,100.0,adaptive,2026-07-04T12:13:59+01:00,8,1,98,230,1,99.369247,2795,2825,2795,30,1.0619,GLOBAL_BEST,0,123,62,406,54,73,1,0,300000.0000,0.0000,0,0,0,0,0,0
n012w8-0,n012w8,0,5,500000,100.0,adaptive,2026-07-04T12:13:59+01:00,8,1,98,249,1,99.317093,2775,2795,2775,20,0.7156,GLOBAL_BEST,0,123,67,436,59,74,19,0,10526.3158,0.0000,0,0,0,0,0,0
n012w8-0,n012w8,0,5,500000,100.0,adaptive,2026-07-04T12:13:59+01:00,8,1,98,251,1,99.311605,2760,2775,2760,15,0.5405,GLOBAL_BEST,0,123,67,437,60,75,2,0,75000.0000,0.0000,0,0,0,0,0,0
n012w8-0,n012w8,0,5,500000,100.0,adaptive,2026-07-04T12:13:59+01:00,8,11,98,330,195,0.000000,1750,1760,1750,10,0.5682,GLOBAL_BEST,4,123,0,438,308,76,79,194,1265.8228,51.5464,0,0,0,0,0,0
n012w8-0,n012w8,0,5,500000,100.0,adaptive,2026-07-04T12:13:59+01:00,8,3,98,453,1,0.000000,3185,3215,3185,30,0.9331,LOCAL_BEST,0,123,173,822,20,77,123,-194,2439.0244,0.0000,0,0,0,0,0,0
n012w8-0,n012w8,0,5,500000,100.0,adaptive,2026-07-04T12:13:59+01:00,8,2,98,590,1,0.000000,3195,3210,3195,15,0.4673,LOCAL_BEST,0,123,0,1118,1,78,137,0,1094.8905,0.0000,0,0,0,0,0,0
n012w8-0,n012w8,0,5,500000,100.0,adaptive,2026-07-04T12:13:59+01:00,8,2,98,593,1,0.000000,3180,3195,3180,15,0.4695,LOCAL_BEST,0,123,0,1121,1,79,3,0,50000.0000,0.0000,0,0,0,0,0,0
n012w8-0,n012w8,0,5,500000,100.0,adaptive,2026-07-04T12:13:59+01:00,8,2,98,594,1,0.000000,3135,3180,3135,45,1.4151,LOCAL_BEST,0,123,0,1122,1,80,1,0,450000.0000,0.0000,0,0,0,0,0,0
n012w8-0,n012w8,0,5,500000,100.0,adaptive,2026-07-04T12:13:59+01:00,8,1,98,640,1,98.249874,2745,2760,2745,15,0.5435,GLOBAL_BEST,0,123,162,1100,197,81,46,0,3260.8696,0.0000,0,0,0,0,0,0
n012w8-0,n012w8,0,5,500000,100.0,adaptive,2026-07-04T12:13:59+01:00,8,3,98,710,1,0.000000,3175,3185,3175,10,0.3140,LOCAL_BEST,0,123,271,1228,30,82,70,0,1428.5714,0.0000,0,0,0,0,0,0
n012w8-0,n012w8,0,5,500000,100.0,adaptive,2026-07-04T12:13:59+01:00,8,1,98,794,1,97.832691,2715,2745,2715,30,1.0929,GLOBAL_BEST,0,123,200,1332,249,83,84,0,3571.4286,0.0000,0,0,0,0,0,0
n012w8-0,n012w8,0,5,500000,100.0,adaptive,2026-07-04T12:13:59+01:00,8,5,98,1060,46,0.000000,1955,1965,1955,10,0.5089,GLOBAL_BEST,1,123,0,1540,815,84,266,45,375.9398,222.2222,0,0,0,0,0,0
n012w8-0,n012w8,0,5,500000,100.0,adaptive,2026-07-04T12:13:59+01:00,8,1,98,1323,2,96.413090,2530,2715,2530,185,6.8140,GLOBAL_BEST,0,123,355,2348,367,85,263,-44,7034.2205,0.0000,0,0,0,0,0,0
n012w8-0,n012w8,0,5,500000,100.0,adaptive,2026-07-04T12:13:59+01:00,8,3,98,1426,2,0.000000,3160,3175,3160,15,0.4724,LOCAL_BEST,0,123,558,2608,59,86,103,0,1456.3107,0.0000,0,0,0,0,0,0
n012w8-0,n012w8,0,5,500000,100.0,adaptive,2026-07-04T12:13:59+01:00,8,3,98,1427,2,0.000000,3130,3160,3130,30,0.9494,LOCAL_BEST,0,123,558,2608,59,87,1,0,300000.0000,0.0000,0,0,0,0,0,0
n012w8-0,n012w8,0,5,500000,100.0,adaptive,2026-07-04T12:13:59+01:00,8,2,98,1436,2,0.000000,3105,3135,3105,30,0.9569,LOCAL_BEST,0,123,0,2566,75,88,9,0,33333.3333,0.0000,0,0,0,0,0,0
n012w8-0,n012w8,0,5,500000,100.0,adaptive,2026-07-04T12:13:59+01:00,8,11,98,1639,197,0.000000,1745,1750,1745,5,0.2857,GLOBAL_BEST,4,123,0,2278,1509,89,203,195,246.3054,25.6410,0,0,0,0,0,0
n012w8-0,n012w8,0,5,500000,100.0,adaptive,2026-07-04T12:13:59+01:00,8,2,98,1686,3,0.000000,3070,3105,3070,35,1.1272,LOCAL_BEST,0,123,0,3046,120,90,47,-194,7446.8085,0.0000,0,0,0,0,0,0
n012w8-0,n012w8,0,5,500000,100.0,adaptive,2026-07-04T12:13:59+01:00,8,2,98,1687,3,0.000000,3025,3070,3025,45,1.4658,LOCAL_BEST,0,123,0,3046,120,91,1,0,450000.0000,0.0000,0,0,0,0,0,0
n012w8-0,n012w8,0,5,500000,100.0,adaptive,2026-07-04T12:13:59+01:00,8,2,98,1688,3,0.000000,2980,3025,2980,45,1.4876,LOCAL_BEST,0,123,0,3047,120,92,1,0,450000.0000,0.0000,0,0,0,0,0,0
n012w8-0,n012w8,0,5,500000,100.0,adaptive,2026-07-04T12:13:59+01:00,8,11,98,1831,197,0.000000,1740,1745,1740,5,0.2865,GLOBAL_BEST,4,123,0,2512,1690,93,143,194,349.6503,25.7732,0,0,0,0,0,0
n012w8-0,n012w8,0,5,500000,100.0,adaptive,2026-07-04T12:13:59+01:00,8,2,98,1889,3,0.000000,2960,2980,2960,20,0.6711,LOCAL_BEST,0,123,0,3363,144,94,58,-194,3448.2759,0.0000,0,0,0,0,0,0
n012w8-0,n012w8,0,5,500000,100.0,adaptive,2026-07-04T12:13:59+01:00,8,2,98,1891,3,0.000000,2860,2960,2860,100,3.3784,LOCAL_BEST,0,123,0,3364,144,95,2,0,500000.0000,0.0000,0,0,0,0,0,0
n012w8-0,n012w8,0,5,500000,100.0,adaptive,2026-07-04T12:13:59+01:00,8,3,98,1916,3,0.000000,2975,3130,2975,155,4.9521,LOCAL_BEST,0,123,733,3463,77,96,25,0,62000.0000,0.0000,0,0,0,0,0,0
n012w8-0,n012w8,0,5,500000,100.0,adaptive,2026-07-04T12:13:59+01:00,8,3,98,1918,3,0.000000,2965,2975,2965,10,0.3361,LOCAL_BEST,0,123,734,3463,77,97,2,0,50000.0000,0.0000,0,0,0,0,0,0
n012w8-0,n012w8,0,5,500000,100.0,adaptive,2026-07-04T12:13:59+01:00,8,3,98,1960,3,0.000000,2960,2965,2960,5,0.1686,LOCAL_BEST,0,123,754,3531,77,98,42,0,1190.4762,0.0000,0,0,0,0,0,0
n012w8-0,n012w8,0,5,500000,100.0,adaptive,2026-07-04T12:13:59+01:00,8,2,98,2439,4,0.000000,2775,2860,2775,85,2.9720,LOCAL_BEST,0,123,0,4347,253,99,479,1,1774.5303,85000.0000,0,0,0,0,0,0
n012w8-0,n012w8,0,5,500000,100.0,adaptive,2026-07-04T12:13:59+01:00,8,8,98,3052,103,0.000000,1820,1835,1820,15,0.8174,GLOBAL_BEST,3,123,0,4753,2800,100,613,99,244.6982,151.5152,0,0,0,0,0,0
n012w8-0,n012w8,0,5,500000,100.0,adaptive,2026-07-04T12:13:59+01:00,8,1,98,3639,6,90.436553,2515,2530,2515,15,0.5929,GLOBAL_BEST,0,123,992,6185,1096,101,587,-97,255.5366,0.0000,0,0,0,0,0,0
n012w8-0,n012w8,0,5,500000,100.0,adaptive,2026-07-04T12:13:59+01:00,8,1,98,3640,6,90.434054,2490,2515,2490,25,0.9940,GLOBAL_BEST,0,123,992,6185,1096,102,1,0,250000.0000,0.0000,0,0,0,0,0,0
n012w8-0,n012w8,0,5,500000,100.0,adaptive,2026-07-04T12:13:59+01:00,8,1,98,3658,6,90.389087,2435,2490,2435,55,2.2088,GLOBAL_BEST,0,123,995,6210,1102,103,18,0,30555.5556,0.0000,0,0,0,0,0,0
n012w8-0,n012w8,0,5,500000,100.0,adaptive,2026-07-04T12:13:59+01:00,8,1,98,3667,6,90.366612,2410,2435,2410,25,1.0267,GLOBAL_BEST,0,123,996,6214,1106,104,9,0,27777.7778,0.0000,0,0,0,0,0,0
n012w8-0,n012w8,0,5,500000,100.0,adaptive,2026-07-04T12:13:59+01:00,8,1,98,3670,6,90.359122,2355,2410,2355,55,2.2822,GLOBAL_BEST,0,123,996,6215,1108,105,3,0,183333.3333,0.0000,0,0,0,0,0,0
n012w8-0,n012w8,0,5,500000,100.0,adaptive,2026-07-04T12:13:59+01:00,8,11,98,3877,200,0.000000,1735,1740,1735,5,0.2874,GLOBAL_BEST,4,123,0,5389,3545,106,207,194,241.5459,25.7732,0,0,0,0,0,0
n012w8-0,n012w8,0,5,500000,100.0,adaptive,2026-07-04T12:13:59+01:00,8,2,98,4195,7,0.000000,2710,2775,2710,65,2.3423,LOCAL_BEST,0,123,0,7342,652,107,318,-193,2044.0252,0.0000,0,0,0,0,0,0
n012w8-0,n012w8,0,5,500000,100.0,adaptive,2026-07-04T12:13:59+01:00,8,5,98,4302,51,0.000000,1950,1955,1950,5,0.2558,GLOBAL_BEST,1,123,0,6456,3496,108,107,44,467.2897,113.6364,0,0,0,0,0,0
n012w8-0,n012w8,0,5,500000,100.0,adaptive,2026-07-04T12:13:59+01:00,8,5,98,4305,51,0.000000,1920,1950,1920,30,1.5385,GLOBAL_BEST,1,123,0,6462,3497,109,3,0,100000.0000,0.0000,0,0,0,0,0,0
n012w8-0,n012w8,0,5,500000,100.0,adaptive,2026-07-04T12:13:59+01:00,8,2,98,6175,11,0.000000,2700,2710,2700,10,0.3690,LOCAL_BEST,0,123,0,10729,1190,110,1870,-40,53.4759,0.0000,0,0,0,0,0,0
n012w8-0,n012w8,0,5,500000,100.0,adaptive,2026-07-04T12:13:59+01:00,8,2,98,6176,11,0.000000,2690,2700,2690,10,0.3704,LOCAL_BEST,0,123,0,10735,1190,111,1,0,100000.0000,0.0000,0,0,0,0,0,0
n012w8-0,n012w8,0,5,500000,100.0,adaptive,2026-07-04T12:13:59+01:00,8,2,98,6202,11,0.000000,2675,2690,2675,15,0.5576,LOCAL_BEST,0,123,0,10781,1197,112,26,0,5769.2308,0.0000,0,0,0,0,0,0
n012w8-0,n012w8,0,5,500000,100.0,adaptive,2026-07-04T12:13:59+01:00,8,2,98,6374,11,0.000000,2630,2675,2630,45,1.6822,LOCAL_BEST,0,123,0,11010,1270,113,172,0,2616.2791,0.0000,0,0,0,0,0,0
n012w8-0,n012w8,0,5,500000,100.0,adaptive,2026-07-04T12:13:59+01:00,8,5,98,6490,54,0.000000,1905,1920,1905,15,0.7812,GLOBAL_BEST,1,123,0,9729,5280,114,116,43,1293.1034,348.8372,0,0,0,0,0,0
n012w8-0,n012w8,0,5,500000,100.0,adaptive,2026-07-04T12:13:59+01:00,8,8,98,7327,110,0.000000,1805,1820,1805,15,0.8242,GLOBAL_BEST,3,123,0,11412,6692,115,837,56,179.2115,267.8571,0,0,0,0,0,0
n012w8-0,n012w8,0,5,500000,100.0,adaptive,2026-07-04T12:13:59+01:00,8,11,98,7479,205,0.000000,1730,1735,1730,5,0.2882,GLOBAL_BEST,4,123,0,10596,6823,116,152,95,328.9474,52.6316,0,0,0,0,0,0
n012w8-0,n012w8,0,5,500000,100.0,adaptive,2026-07-04T12:13:59+01:00,8,2,98,7880,13,0.000000,2575,2630,2575,55,2.0913,LOCAL_BEST,0,123,0,13686,1808,117,401,-192,1371.5711,0.0000,0,0,0,0,0,0
n012w8-0,n012w8,0,5,500000,100.0,adaptive,2026-07-04T12:13:59+01:00,8,2,98,7882,13,0.000000,2545,2575,2545,30,1.1650,LOCAL_BEST,0,123,0,13688,1808,118,2,0,150000.0000,0.0000,0,0,0,0,0,0
n012w8-0,n012w8,0,5,500000,100.0,adaptive,2026-07-04T12:13:59+01:00,8,5,98,10567,62,0.000000,1900,1905,1900,5,0.2625,GLOBAL_BEST,1,123,0,15772,8681,119,2685,49,18.6220,102.0408,0,0,0,0,0,0
n012w8-0,n012w8,0,5,500000,100.0,adaptive,2026-07-04T12:13:59+01:00,8,5,98,10570,62,0.000000,1855,1900,1855,45,2.3684,GLOBAL_BEST,1,123,0,15777,8683,120,3,0,150000.0000,0.0000,0,0,0,0,0,0
n012w8-0,n012w8,0,5,500000,100.0,adaptive,2026-07-04T12:13:59+01:00,8,2,98,11486,18,0.000000,2530,2545,2530,15,0.5894,LOCAL_BEST,0,123,0,19882,3404,121,916,-44,163.7555,0.0000,0,0,0,0,0,0
n012w8-0,n012w8,0,5,500000,100.0,adaptive,2026-07-04T12:13:59+01:00,8,2,98,12457,21,0.000000,2480,2530,2480,50,1.9763,LOCAL_BEST,0,123,0,21583,3843,122,971,3,514.9331,16666.6667,0,0,0,0,0,0
n012w8-0,n012w8,0,5,500000,100.0,adaptive,2026-07-04T12:13:59+01:00,8,2,98,12458,21,0.000000,2435,2480,2435,45,1.8145,LOCAL_BEST,0,123,0,21591,3843,123,1,0,450000.0000,0.0000,0,0,0,0,0,0
n012w8-0,n012w8,0,5,500000,100.0,adaptive,2026-07-04T12:13:59+01:00,8,11,98,12959,213,0.000000,1720,1730,1720,10,0.5780,GLOBAL_BEST,4,123,0,18478,11813,124,501,192,199.6008,52.0833,0,0,0,0,0,0
n012w8-0,n012w8,0,5,500000,100.0,adaptive,2026-07-04T12:13:59+01:00,8,1,98,13516,22,68.836693,2350,2355,2350,5,0.2123,GLOBAL_BEST,0,123,3283,22520,4848,125,557,-191,89.7666,0.0000,0,0,0,0,0,0
n012w8-0,n012w8,0,5,500000,100.0,adaptive,2026-07-04T12:13:59+01:00,8,1,98,13518,22,68.832889,2330,2350,2330,20,0.8511,GLOBAL_BEST,0,123,3283,22533,4849,126,2,0,100000.0000,0.0000,0,0,0,0,0,0
n012w8-0,n012w8,0,5,500000,100.0,adaptive,2026-07-04T12:13:59+01:00,8,1,98,13519,22,68.830987,2315,2330,2315,15,0.6438,GLOBAL_BEST,0,123,3283,22541,4849,127,1,0,150000.0000,0.0000,0,0,0,0,0,0
n012w8-0,n012w8,0,5,500000,100.0,adaptive,2026-07-04T12:13:59+01:00,8,1,98,13524,22,68.821479,2310,2315,2310,5,0.2160,GLOBAL_BEST,0,123,3284,22545,4851,128,5,0,10000.0000,0.0000,0,0,0,0,0,0
n012w8-0,n012w8,0,5,500000,100.0,adaptive,2026-07-04T12:13:59+01:00,8,1,98,13537,22,68.796762,2295,2310,2295,15,0.6494,GLOBAL_BEST,0,123,3288,22556,4857,129,13,0,11538.4615,0.0000,0,0,0,0,0,0
n012w8-0,n012w8,0,5,500000,100.0,adaptive,2026-07-04T12:13:59+01:00,8,2,98,17766,29,0.000000,2420,2435,2420,15,0.6160,LOCAL_BEST,0,123,0,30506,6736,130,4229,7,35.4694,2142.8571,0,0,0,0,0,0
n012w8-0,n012w8,0,5,500000,100.0,adaptive,2026-07-04T12:13:59+01:00,8,2,98,19237,32,0.000000,2410,2420,2410,10,0.4132,LOCAL_BEST,0,123,0,32744,7538,131,1471,3,67.9810,3333.3333,0,0,0,0,0,0
n012w8-0,n012w8,0,5,500000,100.0,adaptive,2026-07-04T12:13:59+01:00,8,3,98,19327,33,0.000000,2955,2960,2955,5,0.1689,LOCAL_BEST,0,123,7458,34523,801,132,90,1,555.5556,5000.0000,0,0,0,0,0,0
n012w8-0,n012w8,0,5,500000,100.0,adaptive,2026-07-04T12:13:59+01:00,8,2,98,19477,32,0.000000,2400,2410,2400,10,0.4149,LOCAL_BEST,0,123,0,33195,7673,133,150,-1,666.6667,0.0000,0,0,0,0,0,0
n012w8-0,n012w8,0,5,500000,100.0,adaptive,2026-07-04T12:13:59+01:00,8,2,98,19478,32,0.000000,2375,2400,2375,25,1.0417,LOCAL_BEST,0,123,0,33195,7673,134,1,0,250000.0000,0.0000,0,0,0,0,0,0
n012w8-0,n012w8,0,5,500000,100.0,adaptive,2026-07-04T12:13:59+01:00,8,2,98,19480,32,0.000000,2360,2375,2360,15,0.6316,LOCAL_BEST,0,123,0,33199,7673,135,2,0,75000.0000,0.0000,0,0,0,0,0,0
n012w8-0,n012w8,0,5,500000,100.0,adaptive,2026-07-04T12:13:59+01:00,8,3,98,21984,38,0.000000,2950,2955,2950,5,0.1692,LOCAL_BEST,0,123,8509,39331,918,136,2504,6,19.9681,833.3333,0,0,0,0,0,0
n012w8-0,n012w8,0,5,500000,100.0,adaptive,2026-07-04T12:13:59+01:00,8,2,98,22045,37,0.000000,2355,2360,2355,5,0.2119,LOCAL_BEST,0,123,0,37416,9141,137,61,-1,819.6721,0.0000,0,0,0,0,0,0
n012w8-0,n012w8,0,5,500000,100.0,adaptive,2026-07-04T12:13:59+01:00,8,1,98,23215,39,52.654076,2280,2295,2280,15,0.6536,GLOBAL_BEST,0,123,5234,38455,9270,138,1170,2,128.2051,7500.0000,0,0,0,0,0,0
n012w8-0,n012w8,0,5,500000,100.0,adaptive,2026-07-04T12:13:59+01:00,8,1,98,23226,39,52.638075,2260,2280,2260,20,0.8772,GLOBAL_BEST,0,123,5234,38471,9278,139,11,0,18181.8182,0.0000,0,0,0,0,0,0
n012w8-0,n012w8,0,5,500000,100.0,adaptive,2026-07-04T12:13:59+01:00,8,1,98,23255,39,52.595913,2215,2260,2215,45,1.9912,GLOBAL_BEST,0,123,5236,38508,9300,140,29,0,15517.2414,0.0000,0,0,0,0,0,0
n012w8-0,n012w8,0,5,500000,100.0,adaptive,2026-07-04T12:13:59+01:00,8,1,98,23257,39,52.593007,2205,2215,2205,10,0.4515,GLOBAL_BEST,0,123,5236,38508,9301,141,2,0,50000.0000,0.0000,0,0,0,0,0,0
n012w8-0,n012w8,0,5,500000,100.0,adaptive,2026-07-04T12:13:59+01:00,8,1,98,23325,39,52.494282,2165,2205,2165,40,1.8141,GLOBAL_BEST,0,123,5246,38615,9341,142,68,0,5882.3529,0.0000,0,0,0,0,0,0
n012w8-0,n012w8,0,5,500000,100.0,adaptive,2026-07-04T12:13:59+01:00,8,2,98,23381,39,0.000000,2345,2355,2345,10,0.4246,LOCAL_BEST,0,123,0,39538,9971,143,56,0,1785.7143,0.0000,0,0,0,0,0,0
n012w8-0,n012w8,0,5,500000,100.0,adaptive,2026-07-04T12:13:59+01:00,8,2,98,23555,39,0.000000,2295,2345,2295,50,2.1322,LOCAL_BEST,0,123,0,39809,10082,144,174,0,2873.5632,0.0000,0,0,0,0,0,0
n012w8-0,n012w8,0,5,500000,100.0,adaptive,2026-07-04T12:13:59+01:00,8,3,98,25154,44,0.000000,2920,2950,2920,30,1.0169,LOCAL_BEST,0,123,9731,45030,1038,145,1599,5,187.6173,6000.0000,0,0,0,0,0,0
n012w8-0,n012w8,0,5,500000,100.0,adaptive,2026-07-04T12:13:59+01:00,8,3,98,25155,44,0.000000,2910,2920,2910,10,0.3425,LOCAL_BEST,0,123,9731,45032,1038,146,1,0,100000.0000,0.0000,0,0,0,0,0,0
n012w8-0,n012w8,0,5,500000,100.0,adaptive,2026-07-04T12:13:59+01:00,8,3,98,25157,44,0.000000,2880,2910,2880,30,1.0309,LOCAL_BEST,0,123,9731,45034,1039,147,2,0,150000.0000,0.0000,0,0,0,0,0,0
n012w8-0,n012w8,0,5,500000,100.0,adaptive,2026-07-04T12:13:59+01:00,8,3,98,25159,44,0.000000,2875,2880,2875,5,0.1736,LOCAL_BEST,0,123,9731,45037,1039,148,2,0,25000.0000,0.0000,0,0,0,0,0,0
n012w8-0,n012w8,0,5,500000,100.0,adaptive,2026-07-04T12:13:59+01:00,8,1,98,25409,43,49.556885,2065,2165,2065,100,4.6189,GLOBAL_BEST,0,123,5587,42137,10447,149,250,-1,4000.0000,0.0000,0,0,0,0,0,0
n012w8-0,n012w8,0,5,500000,100.0,adaptive,2026-07-04T12:13:59+01:00,8,1,98,25463,43,49.482998,2055,2065,2055,10,0.4843,GLOBAL_BEST,0,123,5594,42215,10483,150,54,0,1851.8519,0.0000,0,0,0,0,0,0
n012w8-0,n012w8,0,5,500000,100.0,adaptive,2026-07-04T12:13:59+01:00,8,1,98,25467,43,49.477529,2040,2055,2040,15,0.7299,GLOBAL_BEST,0,123,5594,42223,10486,151,4,0,37500.0000,0.0000,0,0,0,0,0,0
n012w8-0,n012w8,0,5,500000,100.0,adaptive,2026-07-04T12:13:59+01:00,8,2,98,26386,44,0.000000,2280,2295,2280,15,0.6536,LOCAL_BEST,0,123,0,44267,11873,152,919,1,163.2209,15000.0000,0,0,0,0,0,0
n012w8-0,n012w8,0,5,500000,100.0,adaptive,2026-07-04T12:13:59+01:00,8,2,98,29339,49,0.000000,2270,2280,2270,10,0.4386,LOCAL_BEST,0,123,0,48760,13785,153,2953,5,33.8639,2000.0000,0,0,0,0,0,0
n012w8-0,n012w8,0,5,500000,100.0,adaptive,2026-07-04T12:13:59+01:00,8,2,98,29343,49,0.000000,2250,2270,2250,20,0.8811,LOCAL_BEST,0,123,0,48774,13788,154,4,0,50000.0000,0.0000,0,0,0,0,0,0
n012w8-0,n012w8,0,5,500000,100.0,adaptive,2026-07-04T12:13:59+01:00,8,2,98,30962,52,0.000000,2210,2250,2210,40,1.7778,LOCAL_BEST,0,123,0,51488,14824,155,1619,3,247.0661,13333.3333,0,0,0,0,0,0
n012w8-0,n012w8,0,5,500000,100.0,adaptive,2026-07-04T12:13:59+01:00,8,3,98,33812,59,0.000000,2845,2875,2845,30,1.0435,LOCAL_BEST,0,123,13069,60426,1396,156,2850,7,105.2632,4285.7143,0,0,0,0,0,0
n012w8-0,n012w8,0,5,500000,100.0,adaptive,2026-07-04T12:13:59+01:00,8,2,98,34202,57,0.000000,2165,2210,2165,45,2.0362,LOCAL_BEST,0,123,0,56663,16945,157,390,-2,1153.8462,0.0000,0,0,0,0,0,0
n012w8-0,n012w8,0,5,500000,100.0,adaptive,2026-07-04T12:13:59+01:00,8,5,98,34279,99,0.000000,1850,1855,1850,5,0.2695,GLOBAL_BEST,1,123,0,52454,29287,158,77,42,649.3506,119.0476,0,0,0,0,0,0
n012w8-0,n012w8,0,5,500000,100.0,adaptive,2026-07-04T12:13:59+01:00,8,2,98,34299,57,0.000000,2140,2165,2140,25,1.1547,LOCAL_BEST,0,123,0,56807,16998,159,20,-42,12500.0000,0.0000,0,0,0,0,0,0
n012w8-0,n012w8,0,5,500000,100.0,adaptive,2026-07-04T12:13:59+01:00,8,2,98,35836,59,0.000000,2085,2140,2085,55,2.5701,LOCAL_BEST,0,123,0,59316,17991,160,1537,2,357.8399,27500.0000,0,0,0,0,0,0
n012w8-0,n012w8,0,5,500000,100.0,adaptive,2026-07-04T12:13:59+01:00,8,11,98,35935,249,0.000000,1710,1720,1710,10,0.5814,GLOBAL_BEST,4,123,0,50990,33156,161,99,190,1010.1010,52.6316,0,0,0,0,0,0
n012w8-0,n012w8,0,5,500000,100.0,adaptive,2026-07-04T12:13:59+01:00,8,3,98,37139,65,0.000000,2775,2845,2775,70,2.4605,LOCAL_BEST,0,123,14352,66167,1518,162,1204,-184,581.3953,0.0000,0,0,0,0,0,0
n012w8-0,n012w8,0,5,500000,100.0,adaptive,2026-07-04T12:13:59+01:00,8,5,98,37217,103,0.000000,1835,1850,1835,15,0.8108,LOCAL_BEST,1,123,0,56953,31881,163,78,38,1923.0769,394.7368,0,0,0,0,0,0
n012w8-0,n012w8,0,5,500000,100.0,adaptive,2026-07-04T12:13:59+01:00,8,5,98,39298,106,0.000000,1820,1835,1820,15,0.8174,LOCAL_BEST,1,123,0,60161,33700,164,2081,3,72.0807,5000.0000,0,0,0,0,0,0
n012w8-0,n012w8,0,5,500000,100.0,adaptive,2026-07-04T12:13:59+01:00,8,4,98,39344,107,33.719723,2060,2065,2060,5,0.2421,LOCAL_BEST,1,123,7478,65241,18794,165,46,1,1086.9565,5000.0000,0,0,0,0,0,0
n012w8-0,n012w8,0,5,500000,100.0,adaptive,2026-07-04T12:13:59+01:00,8,2,98,40440,67,0.000000,2080,2085,2080,5,0.2398,LOCAL_BEST,0,123,0,66379,21228,166,1096,-40,45.6204,0.0000,0,0,0,0,0,0
n012w8-0,n012w8,0,5,500000,100.0,adaptive,2026-07-04T12:13:59+01:00,8,1,98,44385,75,29.335399,2025,2040,2025,15,0.7353,LOCAL_BEST,0,123,8165,73041,21882,167,3945,8,38.0228,1875.0000,0,0,0,0,0,0
n012w8-0,n012w8,0,5,500000,100.0,adaptive,2026-07-04T12:13:59+01:00,8,4,98,45120,119,28.745641,2055,2060,2055,5,0.2427,LOCAL_BEST,1,123,8062,74261,22710,168,735,44,68.0272,113.6364,0,0,0,0,0,0
n012w8-0,n012w8,0,5,500000,100.0,adaptive,2026-07-04T12:13:59+01:00,8,5,98,45402,118,0.000000,1810,1820,1810,10,0.5495,LOCAL_BEST,1,123,0,69564,39108,169,282,-1,354.6099,0.0000,0,0,0,0,0,0
n012w8-0,n012w8,0,5,500000,100.0,adaptive,2026-07-04T12:13:59+01:00,8,2,98,47007,78,0.000000,2040,2080,2040,40,1.9231,LOCAL_BEST,0,123,0,76953,26122,170,1605,-40,249.2212,0.0000,0,0,0,0,0,0
n012w8-0,n012w8,0,5,500000,100.0,adaptive,2026-07-04T12:13:59+01:00,8,2,98,49230,81,0.000000,2010,2040,2010,30,1.4706,LOCAL_BEST,0,123,0,80379,27762,171,2223,3,134.9528,10000.0000,0,0,0,0,0,0
n012w8-0,n012w8,0,5,500000,100.0,adaptive,2026-07-04T12:13:59+01:00,8,5,98,50021,127,0.000000,1805,1810,1805,5,0.2762,LOCAL_BEST,1,123,0,76597,43235,172,791,46,63.2111,108.6957,0,0,0,0,0,0
n012w8-0,n012w8,0,5,500000,100.0,adaptive,2026-07-04T12:13:59+01:00,8,4,98,50394,127,24.847574,2040,2055,2040,15,0.7299,LOCAL_BEST,1,123,8536,82330,26499,173,373,0,402.1448,0.0000,0,0,0,0,0,0
n012w8-0,n012w8,0,5,500000,100.0,adaptive,2026-07-04T12:13:59+01:00,8,2,98,54051,88,0.000000,2005,2010,2005,5,0.2488,LOCAL_BEST,0,123,0,87855,31437,174,3657,-39,13.6724,0.0000,0,0,0,0,0,0
n012w8-0,n012w8,0,5,500000,100.0,adaptive,2026-07-04T12:13:59+01:00,8,5,98,54199,134,0.000000,1795,1805,1795,10,0.5540,GLOBAL_BEST,1,123,0,83009,46991,175,148,46,675.6757,217.3913,0,0,0,0,0,0
n012w8-0,n012w8,0,5,500000,100.0,adaptive,2026-07-04T12:13:59+01:00,8,4,98,54227,134,22.350539,2035,2040,2035,5,0.2451,LOCAL_BEST,1,123,8861,88528,29245,176,28,0,1785.7143,0.0000,0,0,0,0,0,0
n012w8-0,n012w8,0,5,500000,100.0,adaptive,2026-07-04T12:13:59+01:00,8,4,98,54230,134,22.348686,2015,2035,2015,20,0.9828,LOCAL_BEST,1,123,8861,88534,29247,177,3,0,66666.6667,0.0000,0,0,0,0,0,0
n012w8-0,n012w8,0,5,500000,100.0,adaptive,2026-07-04T12:13:59+01:00,8,4,98,54242,134,22.341277,1955,2015,1955,60,2.9777,LOCAL_BEST,1,123,8863,88549,29253,178,12,0,50000.0000,0.0000,0,0,0,0,0,0
n012w8-0,n012w8,0,5,500000,100.0,adaptive,2026-07-04T12:13:59+01:00,8,2,98,54431,89,0.000000,1990,2005,1990,15,0.7481,LOCAL_BEST,0,123,0,88456,31711,179,189,-45,793.6508,0.0000,0,0,0,0,0,0
n012w8-0,n012w8,0,5,500000,100.0,adaptive,2026-07-04T12:13:59+01:00,8,1,98,54563,90,22.143996,2015,2025,2015,10,0.4938,LOCAL_BEST,0,123,9043,89377,29156,180,132,1,757.5758,10000.0000,0,0,0,0,0,0
n012w8-0,n012w8,0,5,500000,100.0,adaptive,2026-07-04T12:13:59+01:00,8,1,98,54712,90,22.053016,2005,2015,2005,10,0.4963,LOCAL_BEST,0,123,9052,89599,29272,181,149,0,671.1409,0.0000,0,0,0,0,0,0
n012w8-0,n012w8,0,5,500000,100.0,adaptive,2026-07-04T12:13:59+01:00,8,1,98,54719,90,22.048751,1995,2005,1995,10,0.4988,LOCAL_BEST,0,123,9052,89630,29278,182,7,0,14285.7143,0.0000,0,0,0,0,0,0
n012w8-0,n012w8,0,5,500000,100.0,adaptive,2026-07-04T12:13:59+01:00,8,5,98,55092,134,0.000000,1790,1795,1790,5,0.2786,GLOBAL_BEST,1,123,0,84450,47777,183,373,44,134.0483,113.6364,0,0,0,0,0,0
n012w8-0,n012w8,0,5,500000,100.0,adaptive,2026-07-04T12:13:59+01:00,8,1,98,55232,92,21.738421,1985,1995,1985,10,0.5013,LOCAL_BEST,0,123,9090,90475,29658,184,140,-42,714.2857,0.0000,0,0,0,0,0,0
n012w8-0,n012w8,0,5,500000,100.0,adaptive,2026-07-04T12:13:59+01:00,8,1,98,55243,92,21.731815,1965,1985,1965,20,1.0076,LOCAL_BEST,0,123,9090,90486,29668,185,11,0,18181.8182,0.0000,0,0,0,0,0,0
n012w8-0,n012w8,0,5,500000,100.0,adaptive,2026-07-04T12:13:59+01:00,8,1,98,55269,92,21.716208,1950,1965,1950,15,0.7634,LOCAL_BEST,0,123,9090,90521,29689,186,26,0,5769.2308,0.0000,0,0,0,0,0,0
n012w8-0,n012w8,0,5,500000,100.0,adaptive,2026-07-04T12:13:59+01:00,8,4,98,55776,135,21.414109,1925,1955,1925,30,1.5345,LOCAL_BEST,1,123,8968,90835,30448,187,507,43,591.7160,697.6744,0,0,0,0,0,0
n012w8-0,n012w8,0,5,500000,100.0,adaptive,2026-07-04T12:13:59+01:00,8,4,98,56654,137,20.900852,1915,1925,1915,10,0.5195,LOCAL_BEST,1,123,9009,92240,31174,188,878,2,113.8952,5000.0000,0,0,0,0,0,0
n012w8-0,n012w8,0,5,500000,100.0,adaptive,2026-07-04T12:13:59+01:00,8,4,98,56685,137,20.882957,1890,1915,1890,25,1.3055,LOCAL_BEST,1,123,9010,92284,31199,189,31,0,8064.5161,0.0000,0,0,0,0,0,0
n012w8-0,n012w8,0,5,500000,100.0,adaptive,2026-07-04T12:13:59+01:00,8,4,98,57088,137,20.651709,1885,1890,1885,5,0.2646,LOCAL_BEST,1,123,9032,92900,31523,190,403,0,124.0695,0.0000,0,0,0,0,0,0
n012w8-0,n012w8,0,5,500000,100.0,adaptive,2026-07-04T12:13:59+01:00,8,2,98,57428,95,0.000000,1975,1990,1975,15,0.7538,LOCAL_BEST,0,123,0,92907,34039,191,340,-42,441.1765,0.0000,0,0,0,0,0,0
n012w8-0,n012w8,0,5,500000,100.0,adaptive,2026-07-04T12:13:59+01:00,8,2,98,57433,95,0.000000,1960,1975,1960,15,0.7595,LOCAL_BEST,0,123,0,92913,34042,192,5,0,30000.0000,0.0000,0,0,0,0,0,0
n012w8-0,n012w8,0,5,500000,100.0,adaptive,2026-07-04T12:13:59+01:00,8,1,98,58351,97,19.943437,1945,1950,1945,5,0.2564,LOCAL_BEST,0,123,9280,95261,32057,193,918,2,54.4662,2500.0000,0,0,0,0,0,0
n012w8-0,n012w8,0,5,500000,100.0,adaptive,2026-07-04T12:13:59+01:00,8,2,98,62174,105,0.000000,1955,1960,1955,5,0.2551,LOCAL_BEST,0,123,0,99870,37754,194,3823,8,13.0787,625.0000,0,0,0,0,0,0
n012w8-0,n012w8,0,5,500000,100.0,adaptive,2026-07-04T12:13:59+01:00,8,1,98,62565,103,17.751375,1940,1945,1940,5,0.2571,LOCAL_BEST,0,123,9532,101857,35342,195,391,-2,127.8772,0.0000,0,0,0,0,0,0
n012w8-0,n012w8,0,5,500000,100.0,adaptive,2026-07-04T12:13:59+01:00,8,1,98,62626,103,17.721480,1930,1940,1930,10,0.5155,LOCAL_BEST,0,123,9533,101938,35393,196,61,0,1639.3443,0.0000,0,0,0,0,0,0
n012w8-0,n012w8,0,5,500000,100.0,adaptive,2026-07-04T12:13:59+01:00,8,1,98,62677,103,17.696525,1905,1930,1905,25,1.2953,LOCAL_BEST,0,123,9535,102017,35435,197,51,0,4901.9608,0.0000,0,0,0,0,0,0
n012w8-0,n012w8,0,5,500000,100.0,adaptive,2026-07-04T12:13:59+01:00,8,1,98,62685,103,17.692614,1890,1905,1890,15,0.7874,LOCAL_BEST,0,123,9535,102028,35442,198,8,0,18750.0000,0.0000,0,0,0,0,0,0
n012w8-0,n012w8,0,5,500000,100.0,adaptive,2026-07-04T12:13:59+01:00,8,1,98,62751,103,17.660378,1875,1890,1875,15,0.7937,LOCAL_BEST,0,123,9535,102157,35499,199,66,0,2272.7273,0.0000,0,0,0,0,0,0
n012w8-0,n012w8,0,5,500000,100.0,adaptive,2026-07-04T12:13:59+01:00,8,2,98,63556,109,0.000000,1950,1955,1950,5,0.2558,LOCAL_BEST,0,123,0,101950,38858,200,805,6,62.1118,833.3333,0,0,0,0,0,0
n012w8-0,n012w8,0,5,500000,100.0,adaptive,2026-07-04T12:13:59+01:00,8,2,98,64232,110,0.000000,1935,1950,1935,15,0.7692,LOCAL_BEST,0,123,0,102871,39384,201,676,1,221.8935,15000.0000,0,0,0,0,0,0
n012w8-0,n012w8,0,5,500000,100.0,adaptive,2026-07-04T12:13:59+01:00,8,2,98,64269,110,0.000000,1920,1935,1920,15,0.7752,LOCAL_BEST,0,123,0,102926,39412,202,37,0,4054.0541,0.0000,0,0,0,0,0,0
n012w8-0,n012w8,0,5,500000,100.0,adaptive,2026-07-04T12:13:59+01:00,8,2,98,64270,110,0.000000,1890,1920,1890,30,1.5625,LOCAL_BEST,0,123,0,102931,39412,203,1,0,300000.0000,0.0000,0,0,0,0,0,0
n012w8-0,n012w8,0,5,500000,100.0,adaptive,2026-07-04T12:13:59+01:00,8,2,98,65699,114,0.000000,1870,1890,1870,20,1.0582,LOCAL_BEST,0,123,0,105094,40560,204,1429,4,139.9580,5000.0000,0,0,0,0,0,0
n012w8-0,n012w8,0,5,500000,100.0,adaptive,2026-07-04T12:13:59+01:00,8,1,98,66800,110,15.791086,1860,1875,1860,15,0.8000,LOCAL_BEST,0,123,9734,108312,38792,205,1101,-4,136.2398,0.0000,0,0,0,0,0,0
n012w8-0,n012w8,0,5,500000,100.0,adaptive,2026-07-04T12:13:59+01:00,8,1,98,66969,110,15.717519,1830,1860,1830,30,1.6129,LOCAL_BEST,0,123,9737,108538,38940,206,169,0,1775.1479,0.0000,0,0,0,0,0,0
n012w8-0,n012w8,0,5,500000,100.0,adaptive,2026-07-04T12:13:59+01:00,8,4,98,67094,154,15.663326,1855,1885,1855,30,1.5915,LOCAL_BEST,1,123,9519,108222,39512,207,125,44,2400.0000,681.8182,0,0,0,0,0,0
n012w8-0,n012w8,0,5,500000,100.0,adaptive,2026-07-04T12:13:59+01:00,8,4,98,67505,155,15.486454,1830,1855,1830,25,1.3477,LOCAL_BEST,1,123,9535,108791,39853,208,411,1,608.2725,25000.0000,0,0,0,0,0,0
n012w8-0,n012w8,0,5,500000,100.0,adaptive,2026-07-04T12:13:59+01:00,8,4,98,67508,155,15.485171,1815,1830,1815,15,0.8197,LOCAL_BEST,1,123,9535,108792,39854,209,3,0,50000.0000,0.0000,0,0,0,0,0,0
n012w8-0,n012w8,0,5,500000,100.0,adaptive,2026-07-04T12:13:59+01:00,8,7,98,70277,244,14.344585,1835,1850,1835,15,0.8108,LOCAL_BEST,2,123,9743,111167,42210,210,2769,89,54.1712,168.5393,0,0,0,0,0,0
n012w8-0,n012w8,0,5,500000,100.0,adaptive,2026-07-04T12:13:59+01:00,8,3,98,73368,133,0.000000,2700,2775,2700,75,2.7027,LOCAL_BEST,0,123,28344,131095,2967,211,3091,-111,242.6399,0.0000,0,0,0,0,0,0
n012w8-0,n012w8,0,5,500000,100.0,adaptive,2026-07-04T12:13:59+01:00,8,3,98,73369,133,0.000000,2690,2700,2690,10,0.3704,LOCAL_BEST,0,123,28344,131107,2967,212,1,0,100000.0000,0.0000,0,0,0,0,0,0
n012w8-0,n012w8,0,5,500000,100.0,adaptive,2026-07-04T12:13:59+01:00,8,7,98,74777,255,12.667415,1830,1835,1830,5,0.2725,LOCAL_BEST,2,123,9857,117535,46134,213,1408,122,35.5114,40.9836,0,0,0,0,0,0
n012w8-0,n012w8,0,5,500000,100.0,adaptive,2026-07-04T12:13:59+01:00,8,10,98,75243,359,12.505354,1760,1775,1760,15,0.8451,LOCAL_BEST,4,123,9771,119014,46430,214,466,104,321.8884,144.2308,0,0,0,0,0,0
n012w8-0,n012w8,0,5,500000,100.0,adaptive,2026-07-04T12:13:59+01:00,8,10,98,75271,359,12.495683,1755,1760,1755,5,0.2841,LOCAL_BEST,4,123,9772,119057,46456,215,28,0,1785.7143,0.0000,0,0,0,0,0,0
n012w8-0,n012w8,0,5,500000,100.0,adaptive,2026-07-04T12:13:59+01:00,8,10,98,75555,360,12.398011,1730,1755,1730,25,1.4245,LOCAL_BEST,4,123,9777,119454,46708,216,284,1,880.2817,25000.0000,0,0,0,0,0,0
n012w8-0,n012w8,0,5,500000,100.0,adaptive,2026-07-04T12:13:59+01:00,8,7,98,76756,261,11.993336,1800,1830,1800,30,1.6393,LOCAL_BEST,2,123,9896,120253,47880,217,1201,-99,249.7918,0.0000,0,0,0,0,0,0
n012w8-0,n012w8,0,5,500000,100.0,adaptive,2026-07-04T12:13:59+01:00,8,10,98,77121,362,11.872987,1720,1730,1720,10,0.5780,LOCAL_BEST,4,123,9810,121683,48075,218,365,101,273.9726,99.0099,0,0,0,0,0,0
n012w8-0,n012w8,0,5,500000,100.0,adaptive,2026-07-04T12:13:59+01:00,8,2,98,77154,135,0.000000,1855,1870,1855,15,0.8021,LOCAL_BEST,0,123,0,122359,50014,219,33,-227,4545.4545,0.0000,0,0,0,0,0,0
n012w8-0,n012w8,0,5,500000,100.0,adaptive,2026-07-04T12:13:59+01:00,8,2,98,77260,135,0.000000,1815,1855,1815,40,2.1563,LOCAL_BEST,0,123,0,122527,50098,220,106,0,3773.5849,0.0000,0,0,0,0,0,0
n012w8-0,n012w8,0,5,500000,100.0,adaptive,2026-07-04T12:13:59+01:00,8,7,98,77814,263,11.647803,1795,1800,1795,5,0.2778,LOCAL_BEST,2,123,9912,121655,48812,221,554,128,90.2527,39.0625,0,0,0,0,0,0
n012w8-0,n012w8,0,5,500000,100.0,adaptive,2026-07-04T12:13:59+01:00,8,7,98,77908,263,11.617589,1785,1795,1785,10,0.5571,LOCAL_BEST,2,123,9913,121791,48899,222,94,0,1063.8298,0.0000,0,0,0,0,0,0
n012w8-0,n012w8,0,5,500000,100.0,adaptive,2026-07-04T12:13:59+01:00,8,4,98,79723,174,11.049331,1805,1815,1805,10,0.5510,LOCAL_BEST,1,123,9919,127344,50208,223,1815,-89,55.0964,0.0000,0,0,0,0,0,0
n012w8-0,n012w8,0,5,500000,100.0,adaptive,2026-07-04T12:13:59+01:00,8,7,98,81400,272,10.549017,1780,1785,1780,5,0.2801,LOCAL_BEST,2,123,9986,126754,51967,224,1677,98,29.8151,51.0204,0,0,0,0,0,0
n012w8-0,n012w8,0,5,500000,100.0,adaptive,2026-07-04T12:13:59+01:00,8,7,98,81537,272,10.509160,1765,1780,1765,15,0.8427,LOCAL_BEST,2,123,9990,126946,52087,225,137,0,1094.8905,0.0000,0,0,0,0,0,0
n012w8-0,n012w8,0,5,500000,100.0,adaptive,2026-07-04T12:13:59+01:00,8,10,98,85409,381,9.442870,1700,1720,1700,20,1.1628,GLOBAL_BEST,4,123,9963,133338,55423,226,3872,109,51.6529,183.4862,0,0,0,0,0,0
n012w8-0,n012w8,0,5,500000,100.0,adaptive,2026-07-04T12:13:59+01:00,8,7,98,86005,283,9.288637,1760,1765,1760,5,0.2833,LOCAL_BEST,2,123,10047,133486,56141,227,596,-98,83.8926,0.0000,0,0,0,0,0,0
n012w8-0,n012w8,0,5,500000,100.0,adaptive,2026-07-04T12:13:59+01:00,8,2,98,87943,158,0.000000,1795,1815,1795,20,1.1019,LOCAL_BEST,0,123,0,137968,59174,228,1938,-125,103.1992,0.0000,0,0,0,0,0,0
n012w8-0,n012w8,0,5,500000,100.0,adaptive,2026-07-04T12:13:59+01:00,8,1,98,89723,145,8.381775,1825,1830,1825,5,0.2732,LOCAL_BEST,0,123,10350,143305,58248,229,1780,-13,28.0899,0.0000,0,0,0,0,0,0
n012w8-0,n012w8,0,5,500000,100.0,adaptive,2026-07-04T12:13:59+01:00,8,7,98,90073,289,8.301107,1755,1760,1755,5,0.2841,LOCAL_BEST,2,123,10103,139220,59854,230,350,144,142.8571,34.7222,0,0,0,0,0,0
n012w8-0,n012w8,0,5,500000,100.0,adaptive,2026-07-04T12:13:59+01:00,8,1,98,90899,147,8.113794,1815,1825,1815,10,0.5479,LOCAL_BEST,0,123,10368,145141,59286,231,826,-142,121.0654,0.0000,0,0,0,0,0,0
n012w8-0,n012w8,0,5,500000,100.0,adaptive,2026-07-04T12:13:59+01:00,8,1,98,91659,148,7.945185,1800,1815,1800,15,0.8264,LOCAL_BEST,0,123,10376,146177,59958,232,760,1,197.3684,15000.0000,0,0,0,0,0,0
n012w8-0,n012w8,0,5,500000,100.0,adaptive,2026-07-04T12:13:59+01:00,8,7,98,92196,292,7.828166,1750,1755,1750,5,0.2849,LOCAL_BEST,2,123,10120,142271,61787,233,537,144,93.1099,34.7222,0,0,0,0,0,0
n012w8-0,n012w8,0,5,500000,100.0,adaptive,2026-07-04T12:13:59+01:00,8,7,98,92464,293,7.770411,1725,1750,1725,25,1.4286,LOCAL_BEST,2,123,10123,142661,62036,234,268,1,932.8358,25000.0000,0,0,0,0,0,0
n012w8-0,n012w8,0,5,500000,100.0,adaptive,2026-07-04T12:13:59+01:00,8,4,98,97267,205,6.804685,1790,1805,1790,15,0.8310,LOCAL_BEST,1,123,10161,153448,65896,235,4803,-88,31.2305,0.0000,0,0,0,0,0,0
n012w8-0,n012w8,0,5,500000,100.0,adaptive,2026-07-04T12:13:59+01:00,8,2,98,101676,186,0.000000,1790,1795,1790,5,0.2786,LOCAL_BEST,0,123,0,157786,71184,236,4409,-19,11.3404,0.0000,0,0,0,0,0,0
n012w8-0,n012w8,0,5,500000,100.0,adaptive,2026-07-04T12:13:59+01:00,8,2,98,106877,195,0.000000,1775,1790,1775,15,0.8380,GLOBAL_BEST,0,123,0,165138,75743,237,5201,9,28.8406,1666.6667,0,0,0,0,0,0
n012w8-0,n012w8,0,5,500000,100.0,adaptive,2026-07-04T12:13:59+01:00,8,2,98,107045,195,0.000000,1770,1775,1770,5,0.2817,LOCAL_BEST,0,123,0,165343,75886,238,168,0,297.6190,0.0000,0,0,0,0,0,0
n012w8-0,n012w8,0,5,500000,100.0,adaptive,2026-07-04T12:13:59+01:00,8,2,98,108409,198,0.000000,1755,1770,1755,15,0.8475,LOCAL_BEST,0,123,0,167360,77087,239,1364,3,109.9707,5000.0000,0,0,0,0,0,0
n012w8-0,n012w8,0,5,500000,100.0,adaptive,2026-07-04T12:13:59+01:00,8,2,98,108610,198,0.000000,1750,1755,1750,5,0.2849,LOCAL_BEST,0,123,0,167652,77254,240,201,0,248.7562,0.0000,0,0,0,0,0,0
n012w8-0,n012w8,0,5,500000,100.0,adaptive,2026-07-04T12:13:59+01:00,8,10,98,111266,438,4.621894,1695,1700,1695,5,0.2941,GLOBAL_BEST,4,123,10163,169099,79335,241,2656,240,18.8253,20.8333,0,0,0,0,0,0
n012w8-0,n012w8,0,5,500000,100.0,adaptive,2026-07-04T12:13:59+01:00,8,2,98,120647,220,0.000000,1730,1750,1730,20,1.1429,LOCAL_BEST,0,123,0,185033,87945,242,9381,-218,21.3197,0.0000,0,0,0,0,0,0
n012w8-0,n012w8,0,5,500000,100.0,adaptive,2026-07-04T12:13:59+01:00,8,2,98,121223,220,0.000000,1720,1730,1720,10,0.5780,LOCAL_BEST,0,123,0,185838,88466,243,576,0,173.6111,0.0000,0,0,0,0,0,0
n012w8-0,n012w8,0,5,500000,100.0,adaptive,2026-07-04T12:13:59+01:00,8,1,98,141659,228,1.995685,1820,1800,1800,0,0.0000,REHEAT,0,123,10576,217532,105779,244,20436,8,0.0000,0.0000,0,0,0,0,0,0
n012w8-0,n012w8,0,5,500000,100.0,adaptive,2026-07-04T12:13:59+01:00,8,10,98,161266,535,1.160935,1695,1695,1695,0,0.0000,REHEAT,4,123,10205,239399,127496,245,19607,307,0.0000,0.0000,0,0,0,0,0,0
n012w8-0,n012w8,0,5,500000,100.0,adaptive,2026-07-04T12:13:59+01:00,8,3,98,190249,347,0.000000,2670,2690,2670,20,0.7435,LOCAL_BEST,0,123,73704,338794,7484,246,28983,-188,6.9006,0.0000,0,0,0,0,0,0
n012w8-0,n012w8,0,5,500000,100.0,adaptive,2026-07-04T12:13:59+01:00,8,1,98,191659,337,25.118864,2105,1800,1800,0,0.0000,REHEAT,0,123,19050,299907,131921,247,1410,-10,0.0000,0.0000,0,0,0,0,0,0
n012w8-0,n012w8,0,5,500000,100.0,adaptive,2026-07-04T12:13:59+01:00,8,10,98,211266,662,25.118864,2245,1695,1695,0,0.0000,REHEAT,4,123,18871,321064,153635,248,19607,325,0.0000,0.0000,0,0,0,0,0,0
n012w8-0,n012w8,0,5,500000,100.0,adaptive,2026-07-04T12:13:59+01:00,8,1,98,241659,456,25.118864,2365,1800,1800,0,0.0000,REHEAT,0,123,27543,381801,158000,249,30393,-206,0.0000,0.0000,0,0,0,0,0,0
n012w8-0,n012w8,0,5,500000,100.0,adaptive,2026-07-04T12:13:59+01:00,8,10,98,261266,772,25.118864,2120,1695,1695,0,0.0000,REHEAT,4,123,27339,402942,179921,250,19607,316,0.0000,0.0000,0,0,0,0,0,0
n012w8-0,n012w8,0,5,500000,100.0,adaptive,2026-07-04T12:13:59+01:00,8,1,98,291659,564,25.118864,2200,1800,1800,0,0.0000,REHEAT,0,123,36147,464031,184170,251,30393,-208,0.0000,0.0000,0,0,0,0,0,0
n012w8-0,n012w8,0,5,500000,100.0,adaptive,2026-07-04T12:13:59+01:00,8,10,98,311266,882,25.118864,2355,1695,1695,0,0.0000,REHEAT,4,123,35973,483771,205779,252,19607,318,0.0000,0.0000,0,0,0,0,0,0
n012w8-0,n012w8,0,5,500000,100.0,adaptive,2026-07-04T12:13:59+01:00,8,1,98,341659,681,25.118864,1935,1800,1800,0,0.0000,REHEAT,0,123,44765,544636,210232,253,30393,-201,0.0000,0.0000,0,0,0,0,0,0
n012w8-0,n012w8,0,5,500000,100.0,adaptive,2026-07-04T12:13:59+01:00,8,3,98,343205,693,0.000000,2595,2670,2595,75,2.8090,LOCAL_BEST,0,123,132725,610121,13651,254,1546,12,485.1229,6250.0000,0,0,0,0,0,0
n012w8-0,n012w8,0,5,500000,100.0,adaptive,2026-07-04T12:13:59+01:00,8,10,98,361266,1008,25.118864,2155,1695,1695,0,0.0000,REHEAT,4,123,44578,564761,232051,255,18061,315,0.0000,0.0000,0,0,0,0,0,0
n012w8-0,n012w8,0,5,500000,100.0,adaptive,2026-07-04T12:13:59+01:00,8,1,98,391659,807,25.118864,2300,1800,1800,0,0.0000,REHEAT,0,123,53362,626747,236325,256,30393,-201,0.0000,0.0000,0,0,0,0,0,0
n012w8-0,n012w8,0,5,500000,100.0,adaptive,2026-07-04T12:13:59+01:00,8,10,98,411266,1132,25.118864,2065,1695,1695,0,0.0000,REHEAT,4,123,53243,645055,257815,257,19607,325,0.0000,0.0000,0,0,0,0,0,0
n012w8-0,n012w8,0,5,500000,100.0,adaptive,2026-07-04T12:13:59+01:00,8,1,98,441659,936,25.118864,2155,1800,1800,0,0.0000,REHEAT,0,123,61912,708078,262410,258,30393,-196,0.0000,0.0000,0,0,0,0,0,0
n012w8-0,n012w8,0,5,500000,100.0,adaptive,2026-07-04T12:13:59+01:00,8,10,98,461266,1239,25.118864,2125,1695,1695,0,0.0000,REHEAT,4,123,61684,726360,284203,259,19607,303,0.0000,0.0000,0,0,0,0,0,0
n012w8-0,n012w8,0,5,500000,100.0,adaptive,2026-07-04T12:13:59+01:00,8,1,98,491659,1058,25.118864,2380,1800,1800,0,0.0000,REHEAT,0,123,70574,789482,288416,260,30393,-181,0.0000,0.0000,0,0,0,0,0,0
