run_id,instance,seed,beam_width,iterations,temperature,cooling_mode,timestamp,week,worker_id,beam_path,candidate,elapsed_ms,temperature_at_event,current_penalty,previous_best,new_best,improvement,improvement_percent,event_type,branch_depth,seed_used,accepted_worse_count,hard_reject_count,soft_reject_count,discovery_number,cands_since_previous,time_since_previous_ms,improvement_per_10k,improvement_per_second,post_reheat_improved,post_reheat_best_delta,post_reheat_candidates_to_improve,post_reheat_spawned_branch,post_reheat_beat_global,post_reheat_on_winning_lineage
n012w8-0,n012w8,0,5,500000,100.0,adaptive,2026-07-05T01:03:14+01:00,1,0,1,1,1,100.000000,3710,3800,3710,90,2.3684,GLOBAL_BEST,0,42,0,1,0,1,1,1,900000.0000,90000.0000,0,0,0,0,0,0
n012w8-0,n012w8,0,5,500000,100.0,adaptive,2026-07-05T01:03:14+01:00,1,0,1,4,1,99.991711,3650,3710,3650,60,1.6173,GLOBAL_BEST,0,42,0,3,0,2,3,0,200000.0000,0.0000,0,0,0,0,0,0
n012w8-0,n012w8,0,5,500000,100.0,adaptive,2026-07-05T01:03:14+01:00,1,0,1,5,1,99.988948,3620,3650,3620,30,0.8219,GLOBAL_BEST,0,42,0,4,0,3,1,0,300000.0000,0.0000,0,0,0,0,0,0
n012w8-0,n012w8,0,5,500000,100.0,adaptive,2026-07-05T01:03:14+01:00,1,0,1,6,1,99.986185,3590,3620,3590,30,0.8287,GLOBAL_BEST,0,42,0,4,0,4,1,0,300000.0000,0.0000,0,0,0,0,0,0
n012w8-0,n012w8,0,5,500000,100.0,adaptive,2026-07-05T01:03:14+01:00,1,0,1,8,1,99.980660,3355,3590,3355,235,6.5460,GLOBAL_BEST,0,42,0,4,1,5,2,0,1175000.0000,0.0000,0,0,0,0,0,0
n012w8-0,n012w8,0,5,500000,100.0,adaptive,2026-07-05T01:03:14+01:00,1,0,1,9,1,99.977898,3235,3355,3235,120,3.5768,GLOBAL_BEST,0,42,0,7,1,6,1,0,1200000.0000,0.0000,0,0,0,0,0,0
n012w8-0,n012w8,0,5,500000,100.0,adaptive,2026-07-05T01:03:14+01:00,1,0,1,10,1,99.975135,3145,3235,3145,90,2.7821,GLOBAL_BEST,0,42,0,7,1,7,1,0,900000.0000,0.0000,0,0,0,0,0,0
n012w8-0,n012w8,0,5,500000,100.0,adaptive,2026-07-05T01:03:14+01:00,1,0,1,11,1,99.972373,2995,3145,2995,150,4.7695,GLOBAL_BEST,0,42,0,7,1,8,1,0,1500000.0000,0.0000,0,0,0,0,0,0
n012w8-0,n012w8,0,5,500000,100.0,adaptive,2026-07-05T01:03:14+01:00,1,0,1,13,1,99.966848,2875,2995,2875,120,4.0067,GLOBAL_BEST,0,42,0,7,1,9,2,0,600000.0000,0.0000,0,0,0,0,0,0
n012w8-0,n012w8,0,5,500000,100.0,adaptive,2026-07-05T01:03:14+01:00,1,0,1,14,1,99.964086,2835,2875,2835,40,1.3913,GLOBAL_BEST,0,42,0,7,1,10,1,0,400000.0000,0.0000,0,0,0,0,0,0
n012w8-0,n012w8,0,5,500000,100.0,adaptive,2026-07-05T01:03:14+01:00,1,0,1,15,1,99.961324,2655,2835,2655,180,6.3492,GLOBAL_BEST,0,42,0,9,1,11,1,0,1800000.0000,0.0000,0,0,0,0,0,0
n012w8-0,n012w8,0,5,500000,100.0,adaptive,2026-07-05T01:03:14+01:00,1,0,1,43,1,99.884017,2620,2655,2620,35,1.3183,GLOBAL_BEST,0,42,10,65,8,12,28,0,12500.0000,0.0000,0,0,0,0,0,0
n012w8-0,n012w8,0,5,500000,100.0,adaptive,2026-07-05T01:03:14+01:00,1,0,1,45,1,99.878497,2485,2620,2485,135,5.1527,GLOBAL_BEST,0,42,11,66,8,13,2,0,675000.0000,0.0000,0,0,0,0,0,0
n012w8-0,n012w8,0,5,500000,100.0,adaptive,2026-07-05T01:03:14+01:00,1,0,1,47,1,99.872978,2355,2485,2355,130,5.2314,GLOBAL_BEST,0,42,11,72,8,14,2,0,650000.0000,0.0000,0,0,0,0,0,0
n012w8-0,n012w8,0,5,500000,100.0,adaptive,2026-07-05T01:03:14+01:00,1,0,1,48,1,99.870218,2175,2355,2175,180,7.6433,GLOBAL_BEST,0,42,11,72,8,15,1,0,1800000.0000,0.0000,0,0,0,0,0,0
n012w8-0,n012w8,0,5,500000,100.0,adaptive,2026-07-05T01:03:14+01:00,1,0,1,49,1,99.867459,2160,2175,2160,15,0.6897,GLOBAL_BEST,0,42,11,73,8,16,1,0,150000.0000,0.0000,0,0,0,0,0,0
n012w8-0,n012w8,0,5,500000,100.0,adaptive,2026-07-05T01:03:14+01:00,1,0,1,50,1,99.864700,2130,2160,2130,30,1.3889,GLOBAL_BEST,0,42,11,73,8,17,1,0,300000.0000,0.0000,0,0,0,0,0,0
n012w8-0,n012w8,0,5,500000,100.0,adaptive,2026-07-05T01:03:14+01:00,1,0,1,51,1,99.861940,2065,2130,2065,65,3.0516,GLOBAL_BEST,0,42,11,74,8,18,1,0,650000.0000,0.0000,0,0,0,0,0,0
n012w8-0,n012w8,0,5,500000,100.0,adaptive,2026-07-05T01:03:14+01:00,1,0,1,53,1,99.856422,1915,2065,1915,150,7.2639,GLOBAL_BEST,0,42,12,74,8,19,2,0,750000.0000,0.0000,0,0,0,0,0,0
n012w8-0,n012w8,0,5,500000,100.0,adaptive,2026-07-05T01:03:14+01:00,1,0,1,63,1,99.828834,1885,1915,1885,30,1.5666,GLOBAL_BEST,0,42,16,97,11,20,10,0,30000.0000,0.0000,0,0,0,0,0,0
n012w8-0,n012w8,0,5,500000,100.0,adaptive,2026-07-05T01:03:14+01:00,1,0,1,65,1,99.823318,1855,1885,1855,30,1.5915,GLOBAL_BEST,0,42,16,97,12,21,2,0,150000.0000,0.0000,0,0,0,0,0,0
n012w8-0,n012w8,0,5,500000,100.0,adaptive,2026-07-05T01:03:14+01:00,1,0,1,67,1,99.817801,1840,1855,1840,15,0.8086,GLOBAL_BEST,0,42,16,99,13,22,2,0,75000.0000,0.0000,0,0,0,0,0,0
n012w8-0,n012w8,0,5,500000,100.0,adaptive,2026-07-05T01:03:14+01:00,1,0,1,69,1,99.812285,1825,1840,1825,15,0.8152,GLOBAL_BEST,0,42,16,100,14,23,2,0,75000.0000,0.0000,0,0,0,0,0,0
n012w8-0,n012w8,0,5,500000,100.0,adaptive,2026-07-05T01:03:14+01:00,1,0,1,79,1,99.784710,1735,1825,1735,90,4.9315,GLOBAL_BEST,0,42,19,110,17,24,10,0,90000.0000,0.0000,0,0,0,0,0,0
n012w8-0,n012w8,0,5,500000,100.0,adaptive,2026-07-05T01:03:14+01:00,1,0,1,408,2,98.881717,1615,1735,1615,120,6.9164,GLOBAL_BEST,0,42,100,646,124,25,329,1,3647.4164,120000.0000,0,0,0,0,0,0
n012w8-0,n012w8,0,5,500000,100.0,adaptive,2026-07-05T01:03:14+01:00,1,0,1,412,2,98.870789,1600,1615,1600,15,0.9288,GLOBAL_BEST,0,42,100,652,127,26,4,0,37500.0000,0.0000,0,0,0,0,0,0
n012w8-0,n012w8,0,5,500000,100.0,adaptive,2026-07-05T01:03:14+01:00,1,0,1,421,2,98.846205,1540,1600,1540,60,3.7500,GLOBAL_BEST,0,42,100,665,133,27,9,0,66666.6667,0.0000,0,0,0,0,0,0
n012w8-0,n012w8,0,5,500000,100.0,adaptive,2026-07-05T01:03:14+01:00,1,0,1,501,2,98.627949,1485,1540,1485,55,3.5714,GLOBAL_BEST,0,42,122,811,153,28,80,0,6875.0000,0.0000,0,0,0,0,0,0
n012w8-0,n012w8,0,5,500000,100.0,adaptive,2026-07-05T01:03:14+01:00,1,0,1,502,2,98.625223,1295,1485,1295,190,12.7946,GLOBAL_BEST,0,42,122,814,153,29,1,0,1900000.0000,0.0000,0,0,0,0,0,0
n012w8-0,n012w8,0,5,500000,100.0,adaptive,2026-07-05T01:03:14+01:00,1,0,1,503,2,98.622498,1280,1295,1280,15,1.1583,GLOBAL_BEST,0,42,122,814,153,30,1,0,150000.0000,0.0000,0,0,0,0,0,0
n012w8-0,n012w8,0,5,500000,100.0,adaptive,2026-07-05T01:03:14+01:00,1,0,1,1452,4,96.070046,1250,1280,1250,30,2.3438,GLOBAL_BEST,0,42,364,2373,450,31,949,2,316.1222,15000.0000,0,0,0,0,0,0
n012w8-0,n012w8,0,5,500000,100.0,adaptive,2026-07-05T01:03:14+01:00,1,0,1,1461,4,96.046159,1190,1250,1190,60,4.8000,GLOBAL_BEST,0,42,364,2389,455,32,9,0,66666.6667,0.0000,0,0,0,0,0,0
n012w8-0,n012w8,0,5,500000,100.0,adaptive,2026-07-05T01:03:14+01:00,1,0,1,1462,4,96.043505,1075,1190,1075,115,9.6639,GLOBAL_BEST,0,42,364,2393,455,33,1,0,1150000.0000,0.0000,0,0,0,0,0,0
n012w8-0,n012w8,0,5,500000,100.0,adaptive,2026-07-05T01:03:14+01:00,1,0,1,1463,4,96.040851,1030,1075,1030,45,4.1860,GLOBAL_BEST,0,42,364,2398,455,34,1,0,450000.0000,0.0000,0,0,0,0,0,0
n012w8-0,n012w8,0,5,500000,100.0,adaptive,2026-07-05T01:03:14+01:00,1,0,1,1469,4,96.024930,1000,1030,1000,30,2.9126,GLOBAL_BEST,0,42,366,2420,456,35,6,0,50000.0000,0.0000,0,0,0,0,0,0
n012w8-0,n012w8,0,5,500000,100.0,adaptive,2026-07-05T01:03:14+01:00,1,0,1,10363,18,75.102778,970,1000,970,30,3.0000,GLOBAL_BEST,0,42,2430,17209,3906,36,8894,14,33.7306,2142.8571,0,0,0,0,0,0
n012w8-0,n012w8,0,5,500000,100.0,adaptive,2026-07-05T01:03:14+01:00,1,0,1,12204,21,71.377938,955,970,955,15,1.5464,GLOBAL_BEST,0,42,2798,20064,4760,37,1841,3,81.4775,5000.0000,0,0,0,0,0,0
n012w8-0,n012w8,0,5,500000,100.0,adaptive,2026-07-05T01:03:14+01:00,1,0,1,20140,34,57.323408,885,955,885,70,7.3298,GLOBAL_BEST,0,42,4313,33227,8518,38,7936,13,88.2056,5384.6154,0,0,0,0,0,0
n012w8-0,n012w8,0,5,500000,100.0,adaptive,2026-07-05T01:03:14+01:00,1,0,1,20143,34,57.318656,870,885,870,15,1.6949,GLOBAL_BEST,0,42,4314,33244,8519,39,3,0,50000.0000,0.0000,0,0,0,0,0,0
n012w8-0,n012w8,0,5,500000,100.0,adaptive,2026-07-05T01:03:14+01:00,1,0,1,20151,34,57.305987,855,870,855,15,1.7241,GLOBAL_BEST,0,42,4315,33248,8524,40,8,0,18750.0000,0.0000,0,0,0,0,0,0
n012w8-0,n012w8,0,5,500000,100.0,adaptive,2026-07-05T01:03:14+01:00,1,0,1,28488,48,45.515152,845,855,845,10,1.1696,GLOBAL_BEST,0,42,5638,47080,13012,41,8337,14,11.9947,714.2857,0,0,0,0,0,0
n012w8-0,n012w8,0,5,500000,100.0,adaptive,2026-07-05T01:03:14+01:00,1,0,1,28600,48,45.374515,800,845,800,45,5.3254,GLOBAL_BEST,0,42,5653,47275,13079,42,112,0,4017.8571,0.0000,0,0,0,0,0,0
n012w8-0,n012w8,0,5,500000,100.0,adaptive,2026-07-05T01:03:14+01:00,1,2,1,29646,96,44.081869,785,845,785,60,7.1006,LOCAL_BEST,1,42,5805,48318,13701,43,1046,48,573.6138,1250.0000,0,0,0,0,0,0
n012w8-0,n012w8,0,5,500000,100.0,adaptive,2026-07-05T01:03:14+01:00,1,2,1,29652,97,44.074561,755,785,755,30,3.8217,LOCAL_BEST,1,42,5805,48326,13706,44,6,1,50000.0000,30000.0000,0,0,0,0,0,0
n012w8-0,n012w8,0,5,500000,100.0,adaptive,2026-07-05T01:03:14+01:00,1,2,1,29711,97,44.002768,680,755,680,75,9.9338,LOCAL_BEST,1,42,5811,48414,13751,45,59,0,12711.8644,0.0000,0,0,0,0,0,0
n012w8-0,n012w8,0,5,500000,100.0,adaptive,2026-07-05T01:03:14+01:00,1,0,1,33802,56,39.299588,795,800,795,5,0.6250,GLOBAL_BEST,0,42,6328,55462,16373,46,4091,-41,12.2220,0.0000,0,0,0,0,0,0
n012w8-0,n012w8,0,5,500000,100.0,adaptive,2026-07-05T01:03:14+01:00,1,0,1,38664,64,34.359276,785,795,785,10,1.2579,GLOBAL_BEST,0,42,6862,63047,19617,47,4862,8,20.5677,1250.0000,0,0,0,0,0,0
n012w8-0,n012w8,0,5,500000,100.0,adaptive,2026-07-05T01:03:14+01:00,1,0,1,38675,64,34.348834,755,785,755,30,3.8217,GLOBAL_BEST,0,42,6862,63063,19627,48,11,0,27272.7273,0.0000,0,0,0,0,0,0
n012w8-0,n012w8,0,5,500000,100.0,adaptive,2026-07-05T01:03:14+01:00,1,0,1,40779,67,32.408878,730,755,730,25,3.3113,GLOBAL_BEST,0,42,7044,66218,21195,49,2104,3,118.8213,8333.3333,0,0,0,0,0,0
n012w8-0,n012w8,0,5,500000,100.0,adaptive,2026-07-05T01:03:14+01:00,1,0,1,40833,67,32.360558,715,730,715,15,2.0548,GLOBAL_BEST,0,42,7049,66331,21236,50,54,0,2777.7778,0.0000,0,0,0,0,0,0
n012w8-0,n012w8,0,5,500000,100.0,adaptive,2026-07-05T01:03:14+01:00,1,0,1,40845,67,32.349830,700,715,700,15,2.0979,GLOBAL_BEST,0,42,7049,66354,21246,51,12,0,12500.0000,0.0000,0,0,0,0,0,0
n012w8-0,n012w8,0,5,500000,100.0,adaptive,2026-07-05T01:03:14+01:00,1,0,1,41795,69,31.511712,670,700,670,30,4.2857,GLOBAL_BEST,0,42,7123,67899,21969,52,950,2,315.7895,15000.0000,0,0,0,0,0,0
n012w8-0,n012w8,0,5,500000,100.0,adaptive,2026-07-05T01:03:14+01:00,1,0,1,41813,69,31.496043,655,670,655,15,2.2388,GLOBAL_BEST,0,42,7124,67916,21982,53,18,0,8333.3333,0.0000,0,0,0,0,0,0
n012w8-0,n012w8,0,5,500000,100.0,adaptive,2026-07-05T01:03:14+01:00,1,0,1,42975,71,30.500854,645,655,645,10,1.5267,GLOBAL_BEST,0,42,7223,69731,22832,54,1162,2,86.0585,5000.0000,0,0,0,0,0,0
n012w8-0,n012w8,0,5,500000,100.0,adaptive,2026-07-05T01:03:14+01:00,1,2,1,43482,118,30.076549,675,680,675,5,0.7353,LOCAL_BEST,1,42,7218,70085,23114,55,507,47,98.6193,106.3830,0,0,0,0,0,0
n012w8-0,n012w8,0,5,500000,100.0,adaptive,2026-07-05T01:03:14+01:00,1,2,1,47749,125,26.731541,660,675,660,15,2.2222,LOCAL_BEST,1,42,7523,76689,26363,56,4267,7,35.1535,2142.8571,0,0,0,0,0,0
n012w8-0,n012w8,0,5,500000,100.0,adaptive,2026-07-05T01:03:14+01:00,1,0,1,48972,80,25.843302,610,645,610,35,5.4264,GLOBAL_BEST,0,42,7645,78988,27343,57,1223,-45,286.1815,0.0000,0,0,0,0,0,0
n012w8-0,n012w8,0,5,500000,100.0,adaptive,2026-07-05T01:03:14+01:00,1,0,1,48991,80,25.829738,580,610,580,30,4.9180,GLOBAL_BEST,0,42,7646,79008,27358,58,19,0,15789.4737,0.0000,0,0,0,0,0,0
n012w8-0,n012w8,0,5,500000,100.0,adaptive,2026-07-05T01:03:14+01:00,1,0,1,49042,80,25.793365,575,580,575,5,0.8621,GLOBAL_BEST,0,42,7647,79100,27400,59,51,0,980.3922,0.0000,0,0,0,0,0,0
n012w8-0,n012w8,0,5,500000,100.0,adaptive,2026-07-05T01:03:14+01:00,1,2,1,49413,128,25.530305,635,660,635,25,3.7879,LOCAL_BEST,1,42,7660,79268,27609,60,371,48,673.8544,520.8333,0,0,0,0,0,0
n012w8-0,n012w8,0,5,500000,100.0,adaptive,2026-07-05T01:03:14+01:00,1,2,1,49417,128,25.527483,620,635,620,15,2.3622,LOCAL_BEST,1,42,7660,79270,27612,61,4,0,37500.0000,0.0000,0,0,0,0,0,0
n012w8-0,n012w8,0,5,500000,100.0,adaptive,2026-07-05T01:03:14+01:00,1,2,1,51111,132,24.360152,610,620,610,10,1.6129,LOCAL_BEST,1,42,7764,81857,28936,62,1694,4,59.0319,2500.0000,0,0,0,0,0,0
n012w8-0,n012w8,0,5,500000,100.0,adaptive,2026-07-05T01:03:14+01:00,1,3,1,52175,175,23.654403,560,565,560,5,0.8850,LOCAL_BEST,1,42,8136,84967,29437,63,1064,43,46.9925,116.2791,0,0,0,0,0,0
n012w8-0,n012w8,0,5,500000,100.0,adaptive,2026-07-05T01:03:14+01:00,1,3,1,52180,175,23.651136,545,560,545,15,2.6786,LOCAL_BEST,1,42,8136,84979,29441,64,5,0,30000.0000,0.0000,0,0,0,0,0,0
n012w8-0,n012w8,0,5,500000,100.0,adaptive,2026-07-05T01:03:14+01:00,1,0,1,54328,88,22.288252,565,575,565,10,1.7391,GLOBAL_BEST,0,42,7939,87203,31706,65,2148,-87,46.5549,0.0000,0,0,0,0,0,0
n012w8-0,n012w8,0,5,500000,100.0,adaptive,2026-07-05T01:03:14+01:00,1,0,1,55388,90,21.644921,525,565,525,40,7.0796,GLOBAL_BEST,0,42,7970,88745,32630,66,1060,2,377.3585,20000.0000,0,0,0,0,0,0
n012w8-0,n012w8,0,5,500000,100.0,adaptive,2026-07-05T01:03:14+01:00,1,3,1,56173,180,21.180490,515,545,515,30,5.5046,LOCAL_BEST,1,42,8314,91192,32725,67,785,90,382.1656,333.3333,0,0,0,0,0,0
n012w8-0,n012w8,0,5,500000,100.0,adaptive,2026-07-05T01:03:14+01:00,1,3,1,56266,181,21.126133,510,515,510,5,0.9709,LOCAL_BEST,1,42,8319,91336,32804,68,93,1,537.6344,5000.0000,0,0,0,0,0,0
n012w8-0,n012w8,0,5,500000,100.0,adaptive,2026-07-05T01:03:14+01:00,1,3,1,56273,181,21.122047,495,510,495,15,2.9412,LOCAL_BEST,1,42,8320,91347,32809,69,7,0,21428.5714,0.0000,0,0,0,0,0,0
n012w8-0,n012w8,0,5,500000,100.0,adaptive,2026-07-05T01:03:14+01:00,1,3,1,56643,181,20.907206,485,495,485,10,2.0202,LOCAL_BEST,1,42,8332,91931,33125,70,370,0,270.2703,0.0000,0,0,0,0,0,0
n012w8-0,n012w8,0,5,500000,100.0,adaptive,2026-07-05T01:03:14+01:00,1,3,1,56760,181,20.839726,480,485,480,5,1.0309,LOCAL_BEST,1,42,8338,92118,33222,71,117,0,427.3504,0.0000,0,0,0,0,0,0
n012w8-0,n012w8,0,5,500000,100.0,adaptive,2026-07-05T01:03:14+01:00,1,0,1,57998,94,20.138912,520,525,520,5,0.9524,GLOBAL_BEST,0,42,8103,92638,34801,72,1238,-87,40.3877,0.0000,0,0,0,0,0,0
n012w8-0,n012w8,0,5,500000,100.0,adaptive,2026-07-05T01:03:14+01:00,1,3,1,58885,184,19.651332,470,480,470,10,2.0833,LOCAL_BEST,1,42,8433,95316,34987,73,887,90,112.7396,111.1111,0,0,0,0,0,0
n012w8-0,n012w8,0,5,500000,100.0,adaptive,2026-07-05T01:03:14+01:00,1,0,1,58993,95,19.592777,505,520,505,15,2.8846,GLOBAL_BEST,0,42,8139,94149,35663,74,108,-89,1388.8889,0.0000,0,0,0,0,0,0
n012w8-0,n012w8,0,5,500000,100.0,adaptive,2026-07-05T01:03:14+01:00,1,2,1,59561,145,19.287680,560,610,560,50,8.1967,LOCAL_BEST,1,42,8181,95140,35847,75,568,50,880.2817,1000.0000,0,0,0,0,0,0
n012w8-0,n012w8,0,5,500000,100.0,adaptive,2026-07-05T01:03:14+01:00,1,0,1,60246,97,18.926051,490,505,490,15,2.9703,GLOBAL_BEST,0,42,8180,95998,36754,76,685,-48,218.9781,0.0000,0,0,0,0,0,0
n012w8-0,n012w8,0,5,500000,100.0,adaptive,2026-07-05T01:03:14+01:00,1,2,1,60324,146,18.885305,555,560,555,5,0.8929,LOCAL_BEST,1,42,8206,96241,36518,77,78,49,641.0256,102.0408,0,0,0,0,0,0
n012w8-0,n012w8,0,5,500000,100.0,adaptive,2026-07-05T01:03:14+01:00,1,0,1,60403,97,18.844126,460,490,460,30,6.1224,GLOBAL_BEST,0,42,8182,96238,36892,78,79,-49,3797.4684,0.0000,0,0,0,0,0,0
n012w8-0,n012w8,0,5,500000,100.0,adaptive,2026-07-05T01:03:14+01:00,1,2,1,60506,146,18.790572,530,555,530,25,4.5045,LOCAL_BEST,1,42,8209,96531,36683,79,103,49,2427.1845,510.2041,0,0,0,0,0,0
n012w8-0,n012w8,0,5,500000,100.0,adaptive,2026-07-05T01:03:14+01:00,1,0,1,61273,99,18.396534,430,460,430,30,6.5217,GLOBAL_BEST,0,42,8211,97589,37640,80,767,-47,391.1343,0.0000,0,0,0,0,0,0
n012w8-0,n012w8,0,5,500000,100.0,adaptive,2026-07-05T01:03:14+01:00,1,2,1,61885,148,18.088060,510,530,510,20,3.7736,LOCAL_BEST,1,42,8253,98410,37887,81,612,49,326.7974,408.1633,0,0,0,0,0,0
n012w8-0,n012w8,0,5,500000,100.0,adaptive,2026-07-05T01:03:14+01:00,1,2,1,63360,151,17.365688,500,510,500,10,1.9608,LOCAL_BEST,1,42,8291,100594,39176,82,1475,3,67.7966,3333.3333,0,0,0,0,0,0
n012w8-0,n012w8,0,5,500000,100.0,adaptive,2026-07-05T01:03:14+01:00,1,3,1,63479,192,17.308682,445,470,445,25,5.3191,LOCAL_BEST,1,42,8583,102556,38890,83,119,41,2100.8403,609.7561,0,0,0,0,0,0
n012w8-0,n012w8,0,5,500000,100.0,adaptive,2026-07-05T01:03:14+01:00,1,3,1,63542,192,17.278578,430,445,430,15,3.3708,LOCAL_BEST,1,42,8583,102669,38946,84,63,0,2380.9524,0.0000,0,0,0,0,0,0
n012w8-0,n012w8,0,5,500000,100.0,adaptive,2026-07-05T01:03:14+01:00,1,3,1,64744,193,16.714139,415,430,415,15,3.4884,LOCAL_BEST,1,42,8599,104400,40011,85,1202,1,124.7920,15000.0000,0,0,0,0,0,0
n012w8-0,n012w8,0,5,500000,100.0,adaptive,2026-07-05T01:03:14+01:00,1,2,1,67737,157,15.387498,485,500,485,15,3.0000,LOCAL_BEST,1,42,8417,106979,42995,86,2993,-36,50.1169,0.0000,0,0,0,0,0,0
n012w8-0,n012w8,0,5,500000,100.0,adaptive,2026-07-05T01:03:14+01:00,1,2,1,67779,157,15.369651,475,485,475,10,2.0619,LOCAL_BEST,1,42,8419,107033,43033,87,42,0,2380.9524,0.0000,0,0,0,0,0,0
n012w8-0,n012w8,0,5,500000,100.0,adaptive,2026-07-05T01:03:14+01:00,1,2,1,68100,158,15.233932,470,475,470,5,1.0526,LOCAL_BEST,1,42,8426,107511,43323,88,321,1,155.7632,5000.0000,0,0,0,0,0,0
n012w8-0,n012w8,0,5,500000,100.0,adaptive,2026-07-05T01:03:14+01:00,1,2,1,77513,172,11.745081,445,470,445,25,5.3191,LOCAL_BEST,1,42,8619,121823,51725,89,9413,14,26.5590,1785.7143,0,0,0,0,0,0
n012w8-0,n012w8,0,5,500000,100.0,adaptive,2026-07-05T01:03:14+01:00,1,2,1,77640,172,11.703938,440,445,440,5,1.1236,LOCAL_BEST,1,42,8619,122003,51842,90,127,0,393.7008,0.0000,0,0,0,0,0,0
n012w8-0,n012w8,0,5,500000,100.0,adaptive,2026-07-05T01:03:14+01:00,1,2,1,77690,172,11.687779,425,440,425,15,3.4091,GLOBAL_BEST,1,42,8620,122078,51886,91,50,0,3000.0000,0.0000,0,0,0,0,0,0
n012w8-0,n012w8,0,5,500000,100.0,adaptive,2026-07-05T01:03:14+01:00,1,4,1,80414,299,10.840367,415,425,415,10,2.3529,LOCAL_BEST,2,42,8639,128720,54729,92,2724,127,36.7107,78.7402,0,0,0,0,0,0
n012w8-0,n012w8,0,5,500000,100.0,adaptive,2026-07-05T01:03:14+01:00,1,2,1,82502,179,10.232647,410,425,410,15,3.5294,GLOBAL_BEST,1,42,8695,129770,56236,93,2088,-120,71.8391,0.0000,0,0,0,0,0,0
n012w8-0,n012w8,0,5,500000,100.0,adaptive,2026-07-05T01:03:14+01:00,1,2,1,101367,205,6.075863,400,410,400,10,2.4390,GLOBAL_BEST,1,42,8853,158254,73494,94,18865,26,5.3008,384.6154,0,0,0,0,0,0
n012w8-0,n012w8,0,5,500000,100.0,adaptive,2026-07-05T01:03:14+01:00,1,0,1,111273,172,4.620873,470,430,430,0,0.0000,REHEAT,0,42,8796,174458,83968,95,9906,-33,0.0000,0.0000,0,0,0,0,0,0
n012w8-0,n012w8,0,5,500000,100.0,adaptive,2026-07-05T01:03:14+01:00,1,2,1,151367,276,1.526146,400,400,400,0,0.0000,REHEAT,1,42,8879,234040,120548,96,40094,104,0.0000,0.0000,0,0,0,0,0,1
n012w8-0,n012w8,0,5,500000,100.0,adaptive,2026-07-05T01:03:14+01:00,1,0,1,161273,253,25.118864,770,430,430,0,0.0000,REHEAT,0,42,16577,254606,112355,97,9906,-23,0.0000,0.0000,0,0,0,0,0,0
n012w8-0,n012w8,0,5,500000,100.0,adaptive,2026-07-05T01:03:14+01:00,1,2,1,201367,357,25.118864,650,400,400,0,0.0000,REHEAT,1,42,16759,315174,148477,98,40094,104,0.0000,0.0000,0,0,0,0,0,1
n012w8-0,n012w8,0,5,500000,100.0,adaptive,2026-07-05T01:03:14+01:00,1,0,1,211273,333,25.118864,820,430,430,0,0.0000,REHEAT,0,42,24422,336122,140269,99,9906,-24,0.0000,0.0000,0,0,0,0,0,0
n012w8-0,n012w8,0,5,500000,100.0,adaptive,2026-07-05T01:03:14+01:00,1,2,1,251367,439,25.118864,990,400,400,0,0.0000,REHEAT,1,42,24510,396407,176678,100,40094,106,0.0000,0.0000,0,0,0,0,0,1
n012w8-0,n012w8,0,5,500000,100.0,adaptive,2026-07-05T01:03:14+01:00,1,0,1,261273,414,25.118864,755,430,430,0,0.0000,REHEAT,0,42,32275,416710,168480,101,9906,-25,0.0000,0.0000,0,0,0,0,0,0
n012w8-0,n012w8,0,5,500000,100.0,adaptive,2026-07-05T01:03:14+01:00,1,2,1,301367,521,25.118864,960,400,400,0,0.0000,REHEAT,1,42,32364,477451,204573,102,40094,107,0.0000,0.0000,0,0,0,0,0,1
n012w8-0,n012w8,0,5,500000,100.0,adaptive,2026-07-05T01:03:14+01:00,1,0,1,311273,496,25.118864,845,430,430,0,0.0000,REHEAT,0,42,40003,497872,196726,103,9906,-25,0.0000,0.0000,0,0,0,0,0,0
n012w8-0,n012w8,0,5,500000,100.0,adaptive,2026-07-05T01:03:14+01:00,1,2,1,351367,602,25.118864,860,400,400,0,0.0000,REHEAT,1,42,40117,557869,232866,104,40094,106,0.0000,0.0000,0,0,0,0,0,1
n012w8-0,n012w8,0,5,500000,100.0,adaptive,2026-07-05T01:03:14+01:00,1,0,1,361273,578,25.118864,830,430,430,0,0.0000,REHEAT,0,42,47807,579494,224953,105,9906,-24,0.0000,0.0000,0,0,0,0,0,0
n012w8-0,n012w8,0,5,500000,100.0,adaptive,2026-07-05T01:03:14+01:00,1,2,1,401367,684,25.118864,1050,400,400,0,0.0000,REHEAT,1,42,47973,638796,261015,106,40094,106,0.0000,0.0000,0,0,0,0,0,1
n012w8-0,n012w8,0,5,500000,100.0,adaptive,2026-07-05T01:03:14+01:00,1,0,1,411273,659,25.118864,920,430,430,0,0.0000,REHEAT,0,42,55568,660650,253250,107,9906,-25,0.0000,0.0000,0,0,0,0,0,0
n012w8-0,n012w8,0,5,500000,100.0,adaptive,2026-07-05T01:03:14+01:00,1,2,1,451367,765,25.118864,645,400,400,0,0.0000,REHEAT,1,42,55842,719254,289065,108,40094,106,0.0000,0.0000,0,0,0,0,0,1
n012w8-0,n012w8,0,5,500000,100.0,adaptive,2026-07-05T01:03:14+01:00,1,0,1,461273,740,25.118864,900,430,430,0,0.0000,REHEAT,0,42,63470,740764,281121,109,9906,-25,0.0000,0.0000,0,0,0,0,0,0
n012w8-0,n012w8,0,5,500000,100.0,adaptive,2026-07-05T01:03:14+01:00,2,0,6,1,0,100.000000,3590,3740,3590,150,4.0107,GLOBAL_BEST,0,202,0,4,0,1,1,0,1500000.0000,0.0000,0,0,0,0,0,0
n012w8-0,n012w8,0,5,500000,100.0,adaptive,2026-07-05T01:03:14+01:00,2,0,6,3,0,99.994474,3560,3590,3560,30,0.8357,GLOBAL_BEST,0,202,0,8,0,2,2,0,150000.0000,0.0000,0,0,0,0,0,0
n012w8-0,n012w8,0,5,500000,100.0,adaptive,2026-07-05T01:03:14+01:00,2,0,6,4,0,99.991711,3425,3560,3425,135,3.7921,GLOBAL_BEST,0,202,0,8,0,3,1,0,1350000.0000,0.0000,0,0,0,0,0,0
n012w8-0,n012w8,0,5,500000,100.0,adaptive,2026-07-05T01:03:14+01:00,2,2,6,4,40,99.991711,660,690,660,30,4.3478,LOCAL_BEST,1,202,0,11,3,4,0,40,0.0000,750.0000,0,0,0,0,0,0
n012w8-0,n012w8,0,5,500000,100.0,adaptive,2026-07-05T01:03:14+01:00,2,0,6,6,0,99.986185,3230,3425,3230,195,5.6934,GLOBAL_BEST,0,202,0,11,0,5,2,-40,975000.0000,0.0000,0,0,0,0,0,0
n012w8-0,n012w8,0,5,500000,100.0,adaptive,2026-07-05T01:03:14+01:00,2,0,6,7,0,99.983423,3160,3230,3160,70,2.1672,GLOBAL_BEST,0,202,0,17,0,6,1,0,700000.0000,0.0000,0,0,0,0,0,0
n012w8-0,n012w8,0,5,500000,100.0,adaptive,2026-07-05T01:03:14+01:00,2,0,6,8,0,99.980660,3040,3160,3040,120,3.7975,GLOBAL_BEST,0,202,0,18,0,7,1,0,1200000.0000,0.0000,0,0,0,0,0,0
n012w8-0,n012w8,0,5,500000,100.0,adaptive,2026-07-05T01:03:14+01:00,2,0,6,10,0,99.975135,3025,3040,3025,15,0.4934,GLOBAL_BEST,0,202,1,20,0,8,2,0,75000.0000,0.0000,0,0,0,0,0,0
n012w8-0,n012w8,0,5,500000,100.0,adaptive,2026-07-05T01:03:14+01:00,2,0,6,11,0,99.972373,2980,3025,2980,45,1.4876,GLOBAL_BEST,0,202,1,20,0,9,1,0,450000.0000,0.0000,0,0,0,0,0,0
n012w8-0,n012w8,0,5,500000,100.0,adaptive,2026-07-05T01:03:14+01:00,2,0,6,14,0,99.964086,2860,2980,2860,120,4.0268,GLOBAL_BEST,0,202,1,27,0,10,3,0,400000.0000,0.0000,0,0,0,0,0,0
n012w8-0,n012w8,0,5,500000,100.0,adaptive,2026-07-05T01:03:14+01:00,2,0,6,16,0,99.958562,2680,2860,2680,180,6.2937,GLOBAL_BEST,0,202,1,29,0,11,2,0,900000.0000,0.0000,0,0,0,0,0,0
n012w8-0,n012w8,0,5,500000,100.0,adaptive,2026-07-05T01:03:14+01:00,2,0,6,18,0,99.953038,2615,2680,2615,65,2.4254,GLOBAL_BEST,0,202,1,34,1,12,2,0,325000.0000,0.0000,0,0,0,0,0,0
n012w8-0,n012w8,0,5,500000,100.0,adaptive,2026-07-05T01:03:14+01:00,2,0,6,19,0,99.950277,2600,2615,2600,15,0.5736,GLOBAL_BEST,0,202,1,40,1,13,1,0,150000.0000,0.0000,0,0,0,0,0,0
n012w8-0,n012w8,0,5,500000,100.0,adaptive,2026-07-05T01:03:14+01:00,2,0,6,20,0,99.947515,2540,2600,2540,60,2.3077,GLOBAL_BEST,0,202,1,41,1,14,1,0,600000.0000,0.0000,0,0,0,0,0,0
n012w8-0,n012w8,0,5,500000,100.0,adaptive,2026-07-05T01:03:14+01:00,2,0,6,22,0,99.941992,2500,2540,2500,40,1.5748,GLOBAL_BEST,0,202,1,44,1,15,2,0,200000.0000,0.0000,0,0,0,0,0,0
n012w8-0,n012w8,0,5,500000,100.0,adaptive,2026-07-05T01:03:14+01:00,2,0,6,25,0,99.933708,2485,2500,2485,15,0.6000,GLOBAL_BEST,0,202,1,49,1,16,3,0,50000.0000,0.0000,0,0,0,0,0,0
n012w8-0,n012w8,0,5,500000,100.0,adaptive,2026-07-05T01:03:14+01:00,2,0,6,26,0,99.930946,2425,2485,2425,60,2.4145,GLOBAL_BEST,0,202,1,50,1,17,1,0,600000.0000,0.0000,0,0,0,0,0,0
n012w8-0,n012w8,0,5,500000,100.0,adaptive,2026-07-05T01:03:14+01:00,2,0,6,27,0,99.928185,2395,2425,2395,30,1.2371,GLOBAL_BEST,0,202,1,53,1,18,1,0,300000.0000,0.0000,0,0,0,0,0,0
n012w8-0,n012w8,0,5,500000,100.0,adaptive,2026-07-05T01:03:14+01:00,2,0,6,29,0,99.922663,2365,2395,2365,30,1.2526,GLOBAL_BEST,0,202,1,57,1,19,2,0,150000.0000,0.0000,0,0,0,0,0,0
n012w8-0,n012w8,0,5,500000,100.0,adaptive,2026-07-05T01:03:14+01:00,2,0,6,30,0,99.919902,2350,2365,2350,15,0.6342,GLOBAL_BEST,0,202,1,57,1,20,1,0,150000.0000,0.0000,0,0,0,0,0,0
n012w8-0,n012w8,0,5,500000,100.0,adaptive,2026-07-05T01:03:14+01:00,2,0,6,31,0,99.917141,2305,2350,2305,45,1.9149,GLOBAL_BEST,0,202,1,58,1,21,1,0,450000.0000,0.0000,0,0,0,0,0,0
n012w8-0,n012w8,0,5,500000,100.0,adaptive,2026-07-05T01:03:14+01:00,2,0,6,36,0,99.903338,2290,2305,2290,15,0.6508,GLOBAL_BEST,0,202,3,64,2,22,5,0,30000.0000,0.0000,0,0,0,0,0,0
n012w8-0,n012w8,0,5,500000,100.0,adaptive,2026-07-05T01:03:14+01:00,2,0,6,37,0,99.900578,2275,2290,2275,15,0.6550,GLOBAL_BEST,0,202,3,68,2,23,1,0,150000.0000,0.0000,0,0,0,0,0,0
n012w8-0,n012w8,0,5,500000,100.0,adaptive,2026-07-05T01:03:14+01:00,2,0,6,44,0,99.881257,2110,2275,2110,165,7.2527,GLOBAL_BEST,0,202,6,83,3,24,7,0,235714.2857,0.0000,0,0,0,0,0,0
n012w8-0,n012w8,0,5,500000,100.0,adaptive,2026-07-05T01:03:14+01:00,2,0,6,53,0,99.856422,2085,2110,2085,25,1.1848,GLOBAL_BEST,0,202,9,100,5,25,9,0,27777.7778,0.0000,0,0,0,0,0,0
n012w8-0,n012w8,0,5,500000,100.0,adaptive,2026-07-05T01:03:14+01:00,2,0,6,56,0,99.848145,1950,2085,1950,135,6.4748,GLOBAL_BEST,0,202,9,105,5,26,3,0,450000.0000,0.0000,0,0,0,0,0,0
n012w8-0,n012w8,0,5,500000,100.0,adaptive,2026-07-05T01:03:14+01:00,2,0,6,62,0,99.831593,1830,1950,1830,120,6.1538,GLOBAL_BEST,0,202,9,111,8,27,6,0,200000.0000,0.0000,0,0,0,0,0,0
n012w8-0,n012w8,0,5,500000,100.0,adaptive,2026-07-05T01:03:14+01:00,2,0,6,63,0,99.828834,1775,1830,1775,55,3.0055,GLOBAL_BEST,0,202,9,112,8,28,1,0,550000.0000,0.0000,0,0,0,0,0,0
n012w8-0,n012w8,0,5,500000,100.0,adaptive,2026-07-05T01:03:14+01:00,2,0,6,64,0,99.826076,1700,1775,1700,75,4.2254,GLOBAL_BEST,0,202,9,113,8,29,1,0,750000.0000,0.0000,0,0,0,0,0,0
n012w8-0,n012w8,0,5,500000,100.0,adaptive,2026-07-05T01:03:14+01:00,2,0,6,75,0,99.795739,1640,1700,1640,60,3.5294,GLOBAL_BEST,0,202,13,130,12,30,11,0,54545.4545,0.0000,0,0,0,0,0,0
n012w8-0,n012w8,0,5,500000,100.0,adaptive,2026-07-05T01:03:14+01:00,2,0,6,186,0,99.490130,1595,1640,1595,45,2.7439,GLOBAL_BEST,0,202,43,320,40,31,111,0,4054.0541,0.0000,0,0,0,0,0,0
n012w8-0,n012w8,0,5,500000,100.0,adaptive,2026-07-05T01:03:14+01:00,2,0,6,190,0,99.479135,1555,1595,1555,40,2.5078,GLOBAL_BEST,0,202,43,328,40,32,4,0,100000.0000,0.0000,0,0,0,0,0,0
n012w8-0,n012w8,0,5,500000,100.0,adaptive,2026-07-05T01:03:14+01:00,2,0,6,191,0,99.476386,1390,1555,1390,165,10.6109,GLOBAL_BEST,0,202,43,333,40,33,1,0,1650000.0000,0.0000,0,0,0,0,0,0
n012w8-0,n012w8,0,5,500000,100.0,adaptive,2026-07-05T01:03:14+01:00,2,0,6,198,0,99.457148,1345,1390,1345,45,3.2374,GLOBAL_BEST,0,202,44,339,44,34,7,0,64285.7143,0.0000,0,0,0,0,0,0
n012w8-0,n012w8,0,5,500000,100.0,adaptive,2026-07-05T01:03:14+01:00,2,0,6,262,0,99.281425,1310,1345,1310,35,2.6022,GLOBAL_BEST,0,202,64,422,65,35,64,0,5468.7500,0.0000,0,0,0,0,0,0
n012w8-0,n012w8,0,5,500000,100.0,adaptive,2026-07-05T01:03:14+01:00,2,0,6,266,0,99.270452,1265,1310,1265,45,3.4351,GLOBAL_BEST,0,202,64,423,68,36,4,0,112500.0000,0.0000,0,0,0,0,0,0
n012w8-0,n012w8,0,5,500000,100.0,adaptive,2026-07-05T01:03:14+01:00,2,0,6,281,0,99.229317,1190,1265,1190,75,5.9289,GLOBAL_BEST,0,202,68,447,75,37,15,0,50000.0000,0.0000,0,0,0,0,0,0
n012w8-0,n012w8,0,5,500000,100.0,adaptive,2026-07-05T01:03:14+01:00,2,0,6,2385,4,93.625036,1160,1190,1160,30,2.5210,GLOBAL_BEST,0,202,601,3973,764,38,2104,4,142.5856,7500.0000,0,0,0,0,0,0
n012w8-0,n012w8,0,5,500000,100.0,adaptive,2026-07-05T01:03:14+01:00,2,0,6,2429,4,93.511280,1120,1160,1120,40,3.4483,GLOBAL_BEST,0,202,613,4039,783,39,44,0,9090.9091,0.0000,0,0,0,0,0,0
n012w8-0,n012w8,0,5,500000,100.0,adaptive,2026-07-05T01:03:14+01:00,2,0,6,2960,5,92.149291,1070,1120,1070,50,4.4643,GLOBAL_BEST,0,202,737,4869,976,40,531,1,941.6196,50000.0000,0,0,0,0,0,0
n012w8-0,n012w8,0,5,500000,100.0,adaptive,2026-07-05T01:03:14+01:00,2,0,6,2961,5,92.146745,1055,1070,1055,15,1.4019,GLOBAL_BEST,0,202,737,4871,976,41,1,0,150000.0000,0.0000,0,0,0,0,0,0
n012w8-0,n012w8,0,5,500000,100.0,adaptive,2026-07-05T01:03:14+01:00,2,0,6,2963,5,92.141653,965,1055,965,90,8.5308,GLOBAL_BEST,0,202,737,4872,977,42,2,0,450000.0000,0.0000,0,0,0,0,0,0
n012w8-0,n012w8,0,5,500000,100.0,adaptive,2026-07-05T01:03:14+01:00,2,0,6,17352,27,61.913877,950,965,950,15,1.5544,GLOBAL_BEST,0,202,3967,28371,6705,43,14389,22,10.4246,681.8182,0,0,0,0,0,0
n012w8-0,n012w8,0,5,500000,100.0,adaptive,2026-07-05T01:03:14+01:00,2,0,6,17368,27,61.886511,905,950,905,45,4.7368,GLOBAL_BEST,0,202,3968,28391,6716,44,16,0,28125.0000,0.0000,0,0,0,0,0,0
n012w8-0,n012w8,0,5,500000,100.0,adaptive,2026-07-05T01:03:14+01:00,2,0,6,17395,27,61.840359,890,905,890,15,1.6575,GLOBAL_BEST,0,202,3972,28435,6737,45,27,0,5555.5556,0.0000,0,0,0,0,0,0
n012w8-0,n012w8,0,5,500000,100.0,adaptive,2026-07-05T01:03:14+01:00,2,0,6,17447,27,61.751569,870,890,870,20,2.2472,GLOBAL_BEST,0,202,3983,28518,6761,46,52,0,3846.1538,0.0000,0,0,0,0,0,0
n012w8-0,n012w8,0,5,500000,100.0,adaptive,2026-07-05T01:03:14+01:00,2,0,6,17449,27,61.748157,840,870,840,30,3.4483,GLOBAL_BEST,0,202,3983,28519,6762,47,2,0,150000.0000,0.0000,0,0,0,0,0,0
n012w8-0,n012w8,0,5,500000,100.0,adaptive,2026-07-05T01:03:14+01:00,2,0,6,17856,28,61.057638,830,840,830,10,1.1905,GLOBAL_BEST,0,202,4049,29198,6981,48,407,1,245.7002,10000.0000,0,0,0,0,0,0
n012w8-0,n012w8,0,5,500000,100.0,adaptive,2026-07-05T01:03:14+01:00,2,0,6,18468,29,60.033823,795,830,795,35,4.2169,GLOBAL_BEST,0,202,4159,30149,7286,49,612,1,571.8954,35000.0000,0,0,0,0,0,0
n012w8-0,n012w8,0,5,500000,100.0,adaptive,2026-07-05T01:03:14+01:00,2,0,6,19421,30,58.473623,770,795,770,25,3.1447,GLOBAL_BEST,0,202,4347,31650,7740,50,953,1,262.3295,25000.0000,0,0,0,0,0,0
n012w8-0,n012w8,0,5,500000,100.0,adaptive,2026-07-05T01:03:14+01:00,2,0,6,21843,34,54.688499,725,770,725,45,5.8442,GLOBAL_BEST,0,202,4786,35732,8970,51,2422,4,185.7969,11250.0000,0,0,0,0,0,0
n012w8-0,n012w8,0,5,500000,100.0,adaptive,2026-07-05T01:03:14+01:00,2,0,6,26281,40,48.377119,690,725,690,35,4.8276,GLOBAL_BEST,0,202,5516,42707,11388,52,4438,6,78.8644,5833.3333,0,0,0,0,0,0
n012w8-0,n012w8,0,5,500000,100.0,adaptive,2026-07-05T01:03:14+01:00,2,0,6,26289,40,48.366426,615,690,615,75,10.8696,GLOBAL_BEST,0,202,5517,42714,11394,53,8,0,93750.0000,0.0000,0,0,0,0,0,0
n012w8-0,n012w8,0,5,500000,100.0,adaptive,2026-07-05T01:03:14+01:00,2,0,6,33708,51,39.401794,605,615,605,10,1.6260,GLOBAL_BEST,0,202,6504,54205,15920,54,7419,11,13.4789,909.0909,0,0,0,0,0,0
n012w8-0,n012w8,0,5,500000,100.0,adaptive,2026-07-05T01:03:14+01:00,2,0,6,33725,51,39.383291,590,605,590,15,2.4793,GLOBAL_BEST,0,202,6505,54217,15932,55,17,0,8823.5294,0.0000,0,0,0,0,0,0
n012w8-0,n012w8,0,5,500000,100.0,adaptive,2026-07-05T01:03:14+01:00,2,0,6,37505,57,35.477418,575,590,575,15,2.5424,GLOBAL_BEST,0,202,6927,60232,18467,56,3780,6,39.6825,2500.0000,0,0,0,0,0,0
n012w8-0,n012w8,0,5,500000,100.0,adaptive,2026-07-05T01:03:14+01:00,2,2,6,37933,98,35.060330,645,660,645,15,2.2727,LOCAL_BEST,1,202,7038,61085,18679,57,428,41,350.4673,365.8537,0,0,0,0,0,0
n012w8-0,n012w8,0,5,500000,100.0,adaptive,2026-07-05T01:03:14+01:00,2,2,6,40257,102,32.879712,615,645,615,30,4.6512,LOCAL_BEST,1,202,7290,64719,20236,58,2324,4,129.0878,7500.0000,0,0,0,0,0,0
n012w8-0,n012w8,0,5,500000,100.0,adaptive,2026-07-05T01:03:14+01:00,2,0,6,41713,63,31.583191,560,575,560,15,2.6087,GLOBAL_BEST,0,202,7383,66738,21310,59,1456,-39,103.0220,0.0000,0,0,0,0,0,0
n012w8-0,n012w8,0,5,500000,100.0,adaptive,2026-07-05T01:03:14+01:00,2,0,6,41730,63,31.568359,500,560,500,60,10.7143,GLOBAL_BEST,0,202,7385,66772,21323,60,17,0,35294.1176,0.0000,0,0,0,0,0,0
n012w8-0,n012w8,0,5,500000,100.0,adaptive,2026-07-05T01:03:14+01:00,2,3,6,44819,148,28.985714,455,480,455,25,5.2083,LOCAL_BEST,1,202,7529,71943,23957,61,3089,85,80.9323,294.1176,0,0,0,0,0,0
n012w8-0,n012w8,0,5,500000,100.0,adaptive,2026-07-05T01:03:14+01:00,2,2,6,46236,110,27.872762,610,615,610,5,0.8130,LOCAL_BEST,1,202,7865,73833,24473,62,1417,-38,35.2858,0.0000,0,0,0,0,0,0
n012w8-0,n012w8,0,5,500000,100.0,adaptive,2026-07-05T01:03:14+01:00,2,2,6,46939,111,27.336569,600,610,600,10,1.6393,LOCAL_BEST,1,202,7921,74964,25003,63,703,1,142.2475,10000.0000,0,0,0,0,0,0
n012w8-0,n012w8,0,5,500000,100.0,adaptive,2026-07-05T01:03:14+01:00,2,2,6,47581,113,26.855918,570,600,570,30,5.0000,LOCAL_BEST,1,202,7965,75917,25514,64,642,2,467.2897,15000.0000,0,0,0,0,0,0
n012w8-0,n012w8,0,5,500000,100.0,adaptive,2026-07-05T01:03:14+01:00,2,2,6,48401,114,26.254273,555,570,555,15,2.6316,LOCAL_BEST,1,202,8030,77130,26090,65,820,1,182.9268,15000.0000,0,0,0,0,0,0
n012w8-0,n012w8,0,5,500000,100.0,adaptive,2026-07-05T01:03:14+01:00,2,2,6,48410,114,26.247745,510,555,510,45,8.1081,LOCAL_BEST,1,202,8030,77137,26096,66,9,0,50000.0000,0.0000,0,0,0,0,0,0
n012w8-0,n012w8,0,5,500000,100.0,adaptive,2026-07-05T01:03:14+01:00,2,0,6,48531,73,26.160136,490,500,490,10,2.0000,GLOBAL_BEST,0,202,7956,76974,26301,67,121,-41,826.4463,0.0000,0,0,0,0,0,0
n012w8-0,n012w8,0,5,500000,100.0,adaptive,2026-07-05T01:03:14+01:00,2,3,6,50463,156,24.800247,430,455,430,25,5.4945,LOCAL_BEST,1,202,7930,80683,28268,68,1932,83,129.3996,301.2048,0,0,0,0,0,0
n012w8-0,n012w8,0,5,500000,100.0,adaptive,2026-07-05T01:03:14+01:00,2,3,6,50470,156,24.795450,400,430,400,30,6.9767,LOCAL_BEST,1,202,7930,80692,28273,69,7,0,42857.1429,0.0000,0,0,0,0,0,0
n012w8-0,n012w8,0,5,500000,100.0,adaptive,2026-07-05T01:03:14+01:00,2,0,6,50570,76,24.727033,485,490,485,5,1.0204,GLOBAL_BEST,0,202,8088,80077,27929,70,100,-80,500.0000,0.0000,0,0,0,0,0,0
n012w8-0,n012w8,0,5,500000,100.0,adaptive,2026-07-05T01:03:14+01:00,2,0,6,52360,79,23.533797,480,485,480,5,1.0309,GLOBAL_BEST,0,202,8196,82799,29343,71,1790,3,27.9330,1666.6667,0,0,0,0,0,0
n012w8-0,n012w8,0,5,500000,100.0,adaptive,2026-07-05T01:03:14+01:00,2,0,6,52376,79,23.523395,450,480,450,30,6.2500,GLOBAL_BEST,0,202,8198,82828,29354,72,16,0,18750.0000,0.0000,0,0,0,0,0,0
n012w8-0,n012w8,0,5,500000,100.0,adaptive,2026-07-05T01:03:14+01:00,2,0,6,52378,79,23.522095,435,450,435,15,3.3333,GLOBAL_BEST,0,202,8198,82831,29355,73,2,0,75000.0000,0.0000,0,0,0,0,0,0
n012w8-0,n012w8,0,5,500000,100.0,adaptive,2026-07-05T01:03:14+01:00,2,0,6,52384,79,23.518196,405,435,405,30,6.8966,GLOBAL_BEST,0,202,8198,82833,29360,74,6,0,50000.0000,0.0000,0,0,0,0,0,0
n012w8-0,n012w8,0,5,500000,100.0,adaptive,2026-07-05T01:03:14+01:00,2,0,6,56195,85,21.167619,390,405,390,15,3.7037,GLOBAL_BEST,0,202,8430,88538,32375,75,3811,6,39.3597,2500.0000,0,0,0,0,0,0
n012w8-0,n012w8,0,5,500000,100.0,adaptive,2026-07-05T01:03:14+01:00,2,0,6,56239,85,21.141899,375,390,375,15,3.8462,GLOBAL_BEST,0,202,8430,88610,32416,76,44,0,3409.0909,0.0000,0,0,0,0,0,0
n012w8-0,n012w8,0,5,500000,100.0,adaptive,2026-07-05T01:03:14+01:00,2,0,6,58642,88,19.783722,345,375,345,30,8.0000,GLOBAL_BEST,0,202,8548,92167,34424,77,2403,3,124.8439,10000.0000,0,0,0,0,0,0
n012w8-0,n012w8,0,5,500000,100.0,adaptive,2026-07-05T01:03:14+01:00,2,0,6,58772,88,19.712786,330,345,330,15,4.3478,GLOBAL_BEST,0,202,8553,92375,34538,78,130,0,1153.8462,0.0000,0,0,0,0,0,0
n012w8-0,n012w8,0,5,500000,100.0,adaptive,2026-07-05T01:03:14+01:00,2,2,6,60058,131,19.024620,495,510,495,15,2.9412,LOCAL_BEST,1,202,8770,94803,35186,79,1286,43,116.6407,348.8372,0,0,0,0,0,0
n012w8-0,n012w8,0,5,500000,100.0,adaptive,2026-07-05T01:03:14+01:00,2,2,6,60067,131,19.019890,480,495,480,15,3.0303,LOCAL_BEST,1,202,8770,94813,35194,80,9,0,16666.6667,0.0000,0,0,0,0,0,0
n012w8-0,n012w8,0,5,500000,100.0,adaptive,2026-07-05T01:03:14+01:00,2,2,6,61571,133,18.245678,465,480,465,15,3.1250,LOCAL_BEST,1,202,8832,97126,36441,81,1504,2,99.7340,7500.0000,0,0,0,0,0,0
n012w8-0,n012w8,0,5,500000,100.0,adaptive,2026-07-05T01:03:14+01:00,2,2,6,61617,133,18.222502,450,465,450,15,3.2258,LOCAL_BEST,1,202,8832,97178,36484,82,46,0,3260.8696,0.0000,0,0,0,0,0,0
n012w8-0,n012w8,0,5,500000,100.0,adaptive,2026-07-05T01:03:14+01:00,2,2,6,61714,133,18.173727,405,450,405,45,10.0000,LOCAL_BEST,1,202,8835,97359,36565,83,97,0,4639.1753,0.0000,0,0,0,0,0,0
n012w8-0,n012w8,0,5,500000,100.0,adaptive,2026-07-05T01:03:14+01:00,2,3,6,63611,174,17.245667,390,400,390,10,2.5000,LOCAL_BEST,1,202,8637,100276,38986,84,1897,41,52.7148,243.9024,0,0,0,0,0,0
n012w8-0,n012w8,0,5,500000,100.0,adaptive,2026-07-05T01:03:14+01:00,2,2,6,63851,136,17.131682,390,405,390,15,3.7037,LOCAL_BEST,1,202,8906,100878,38386,85,240,-38,625.0000,0.0000,0,0,0,0,0,0
n012w8-0,n012w8,0,5,500000,100.0,adaptive,2026-07-05T01:03:14+01:00,2,2,6,64908,137,16.638570,380,390,380,10,2.5641,LOCAL_BEST,1,202,8941,102416,39293,86,1057,1,94.6074,10000.0000,0,0,0,0,0,0
n012w8-0,n012w8,0,5,500000,100.0,adaptive,2026-07-05T01:03:14+01:00,2,2,6,65637,138,16.306772,375,380,375,5,1.3158,LOCAL_BEST,1,202,8964,103594,39918,87,729,1,68.5871,5000.0000,0,0,0,0,0,0
n012w8-0,n012w8,0,5,500000,100.0,adaptive,2026-07-05T01:03:14+01:00,2,2,6,65641,138,16.304970,360,375,360,15,4.0000,LOCAL_BEST,1,202,8964,103600,39921,88,4,0,37500.0000,0.0000,0,0,0,0,0,0
n012w8-0,n012w8,0,5,500000,100.0,adaptive,2026-07-05T01:03:14+01:00,2,0,6,67156,100,15.636516,315,330,315,15,4.5455,GLOBAL_BEST,0,202,8829,104601,41782,89,1515,-38,99.0099,0.0000,0,0,0,0,0,0
n012w8-0,n012w8,0,5,500000,100.0,adaptive,2026-07-05T01:03:14+01:00,2,0,6,67181,100,15.625719,285,315,285,30,9.5238,GLOBAL_BEST,0,202,8829,104636,41804,90,25,0,12000.0000,0.0000,0,0,0,0,0,0
n012w8-0,n012w8,0,5,500000,100.0,adaptive,2026-07-05T01:03:14+01:00,2,0,6,68696,102,14.985112,260,285,260,25,8.7719,GLOBAL_BEST,0,202,8869,106793,43143,91,1515,2,165.0165,12500.0000,0,0,0,0,0,0
n012w8-0,n012w8,0,5,500000,100.0,adaptive,2026-07-05T01:03:14+01:00,2,3,6,71844,185,13.736750,370,390,370,20,5.1282,LOCAL_BEST,1,202,8908,112265,46067,92,3148,83,63.5324,240.9639,0,0,0,0,0,0
n012w8-0,n012w8,0,5,500000,100.0,adaptive,2026-07-05T01:03:14+01:00,2,3,6,74712,190,12.690186,360,370,360,10,2.7027,LOCAL_BEST,1,202,8973,116204,48622,93,2868,5,34.8675,2000.0000,0,0,0,0,0,0
n012w8-0,n012w8,0,5,500000,100.0,adaptive,2026-07-05T01:03:14+01:00,2,3,6,79209,196,11.207377,350,360,350,10,2.7778,LOCAL_BEST,1,202,9068,122570,52647,94,4497,6,22.2370,1666.6667,0,0,0,0,0,0
n012w8-0,n012w8,0,5,500000,100.0,adaptive,2026-07-05T01:03:14+01:00,2,2,6,81247,160,10.593708,350,360,350,10,2.7778,LOCAL_BEST,1,202,9329,127509,53788,95,2038,-36,49.0677,0.0000,0,0,0,0,0,0
n012w8-0,n012w8,0,5,500000,100.0,adaptive,2026-07-05T01:03:14+01:00,2,2,6,81249,160,10.593123,335,350,335,15,4.2857,LOCAL_BEST,1,202,9329,127513,53789,96,2,0,75000.0000,0.0000,0,0,0,0,0,0
n012w8-0,n012w8,0,5,500000,100.0,adaptive,2026-07-05T01:03:14+01:00,2,2,6,83048,163,10.079431,320,335,320,15,4.4776,LOCAL_BEST,1,202,9353,130322,55416,97,1799,3,83.3797,5000.0000,0,0,0,0,0,0
n012w8-0,n012w8,0,5,500000,100.0,adaptive,2026-07-05T01:03:14+01:00,2,3,6,84016,202,9.813411,335,350,335,15,4.2857,LOCAL_BEST,1,202,9157,129845,57034,98,968,39,154.9587,384.6154,0,0,0,0,0,0
n012w8-0,n012w8,0,5,500000,100.0,adaptive,2026-07-05T01:03:14+01:00,2,2,6,86262,167,9.222911,305,320,305,15,4.6875,LOCAL_BEST,1,202,9400,135149,58368,99,2246,-35,66.7854,0.0000,0,0,0,0,0,0
n012w8-0,n012w8,0,5,500000,100.0,adaptive,2026-07-05T01:03:14+01:00,2,3,6,90545,211,8.193548,305,335,305,30,8.9552,LOCAL_BEST,1,202,9222,139662,63101,100,4283,44,70.0444,681.8182,0,0,0,0,0,0
n012w8-0,n012w8,0,5,500000,100.0,adaptive,2026-07-05T01:03:14+01:00,2,0,6,91739,133,7.927641,245,260,245,15,5.7692,GLOBAL_BEST,0,202,9169,140410,64484,101,1194,-78,125.6281,0.0000,0,0,0,0,0,0
n012w8-0,n012w8,0,5,500000,100.0,adaptive,2026-07-05T01:03:14+01:00,2,0,6,96022,139,7.042843,230,245,230,15,6.1224,GLOBAL_BEST,0,202,9200,146587,68524,102,4283,6,35.0222,2500.0000,0,0,0,0,0,0
n012w8-0,n012w8,0,5,500000,100.0,adaptive,2026-07-05T01:03:14+01:00,2,3,6,97105,219,6.835212,290,305,290,15,4.9180,LOCAL_BEST,1,202,9273,149071,69258,103,1083,80,138.5042,187.5000,0,0,0,0,0,0
n012w8-0,n012w8,0,5,500000,100.0,adaptive,2026-07-05T01:03:14+01:00,2,3,6,97229,219,6.811833,275,290,275,15,5.1724,LOCAL_BEST,1,202,9273,149268,69372,104,124,0,1209.6774,0.0000,0,0,0,0,0,0
n012w8-0,n012w8,0,5,500000,100.0,adaptive,2026-07-05T01:03:14+01:00,2,0,6,146022,205,1.769033,230,230,230,0,0.0000,REHEAT,0,202,9240,220794,116652,105,48793,-14,0.0000,0.0000,0,0,0,0,0,1
n012w8-0,n012w8,0,5,500000,100.0,adaptive,2026-07-05T01:03:14+01:00,2,0,6,196022,282,25.118864,615,230,230,0,0.0000,REHEAT,0,202,17208,300307,144311,106,50000,77,0.0000,0.0000,0,0,0,0,0,1
n012w8-0,n012w8,0,5,500000,100.0,adaptive,2026-07-05T01:03:14+01:00,2,0,6,246022,357,25.118864,820,230,230,0,0.0000,REHEAT,0,202,25309,380294,171639,107,50000,75,0.0000,0.0000,0,0,0,0,0,1
n012w8-0,n012w8,0,5,500000,100.0,adaptive,2026-07-05T01:03:14+01:00,2,0,6,296022,432,25.118864,575,230,230,0,0.0000,REHEAT,0,202,33334,459355,199240,108,50000,75,0.0000,0.0000,0,0,0,0,0,1
n012w8-0,n012w8,0,5,500000,100.0,adaptive,2026-07-05T01:03:14+01:00,2,0,6,346022,508,25.118864,560,230,230,0,0.0000,REHEAT,0,202,41244,538041,227081,109,50000,76,0.0000,0.0000,0,0,0,0,0,1
n012w8-0,n012w8,0,5,500000,100.0,adaptive,2026-07-05T01:03:14+01:00,2,0,6,396022,582,25.118864,680,230,230,0,0.0000,REHEAT,0,202,49277,617166,254575,110,50000,74,0.0000,0.0000,0,0,0,0,0,1
n012w8-0,n012w8,0,5,500000,100.0,adaptive,2026-07-05T01:03:14+01:00,2,0,6,446022,659,25.118864,560,230,230,0,0.0000,REHEAT,0,202,57289,696339,282030,111,50000,77,0.0000,0.0000,0,0,0,0,0,1
n012w8-0,n012w8,0,5,500000,100.0,adaptive,2026-07-05T01:03:14+01:00,2,0,6,496022,735,25.118864,635,230,230,0,0.0000,REHEAT,0,202,65183,776275,309755,112,50000,76,0.0000,0.0000,0,0,0,0,0,1
n012w8-0,n012w8,0,5,500000,100.0,adaptive,2026-07-05T01:03:14+01:00,3,0,15,2,0,99.997237,4280,4385,4280,105,2.3945,GLOBAL_BEST,0,202,0,1,0,1,2,0,525000.0000,0.0000,0,0,0,0,0,0
n012w8-0,n012w8,0,5,500000,100.0,adaptive,2026-07-05T01:03:14+01:00,3,0,15,4,0,99.991711,4070,4280,4070,210,4.9065,GLOBAL_BEST,0,202,0,4,0,2,2,0,1050000.0000,0.0000,0,0,0,0,0,0
n012w8-0,n012w8,0,5,500000,100.0,adaptive,2026-07-05T01:03:14+01:00,3,0,15,5,0,99.988948,3950,4070,3950,120,2.9484,GLOBAL_BEST,0,202,0,4,0,3,1,0,1200000.0000,0.0000,0,0,0,0,0,0
n012w8-0,n012w8,0,5,500000,100.0,adaptive,2026-07-05T01:03:14+01:00,3,0,15,6,0,99.986185,3920,3950,3920,30,0.7595,GLOBAL_BEST,0,202,0,6,0,4,1,0,300000.0000,0.0000,0,0,0,0,0,0
n012w8-0,n012w8,0,5,500000,100.0,adaptive,2026-07-05T01:03:14+01:00,3,0,15,7,0,99.983423,3890,3920,3890,30,0.7653,GLOBAL_BEST,0,202,0,6,0,5,1,0,300000.0000,0.0000,0,0,0,0,0,0
n012w8-0,n012w8,0,5,500000,100.0,adaptive,2026-07-05T01:03:14+01:00,3,0,15,9,0,99.977898,3680,3890,3680,210,5.3985,GLOBAL_BEST,0,202,0,15,0,6,2,0,1050000.0000,0.0000,0,0,0,0,0,0
n012w8-0,n012w8,0,5,500000,100.0,adaptive,2026-07-05T01:03:14+01:00,3,0,15,10,0,99.975135,3665,3680,3665,15,0.4076,GLOBAL_BEST,0,202,0,17,0,7,1,0,150000.0000,0.0000,0,0,0,0,0,0
n012w8-0,n012w8,0,5,500000,100.0,adaptive,2026-07-05T01:03:14+01:00,3,0,15,13,0,99.966848,3560,3665,3560,105,2.8649,GLOBAL_BEST,0,202,1,21,0,8,3,0,350000.0000,0.0000,0,0,0,0,0,0
n012w8-0,n012w8,0,5,500000,100.0,adaptive,2026-07-05T01:03:14+01:00,3,0,15,14,0,99.964086,3215,3560,3215,345,9.6910,GLOBAL_BEST,0,202,1,21,0,9,1,0,3450000.0000,0.0000,0,0,0,0,0,0
n012w8-0,n012w8,0,5,500000,100.0,adaptive,2026-07-05T01:03:14+01:00,3,0,15,16,0,99.958562,3005,3215,3005,210,6.5319,GLOBAL_BEST,0,202,1,26,0,10,2,0,1050000.0000,0.0000,0,0,0,0,0,0
n012w8-0,n012w8,0,5,500000,100.0,adaptive,2026-07-05T01:03:14+01:00,3,0,15,19,0,99.950277,2960,3005,2960,45,1.4975,GLOBAL_BEST,0,202,2,30,0,11,3,0,150000.0000,0.0000,0,0,0,0,0,0
n012w8-0,n012w8,0,5,500000,100.0,adaptive,2026-07-05T01:03:14+01:00,3,0,15,24,0,99.936469,2870,2960,2870,90,3.0405,GLOBAL_BEST,0,202,4,32,0,12,5,0,180000.0000,0.0000,0,0,0,0,0,0
n012w8-0,n012w8,0,5,500000,100.0,adaptive,2026-07-05T01:03:14+01:00,3,0,15,27,0,99.928185,2780,2870,2780,90,3.1359,GLOBAL_BEST,0,202,5,44,0,13,3,0,300000.0000,0.0000,0,0,0,0,0,0
n012w8-0,n012w8,0,5,500000,100.0,adaptive,2026-07-05T01:03:14+01:00,3,0,15,28,0,99.925424,2600,2780,2600,180,6.4748,GLOBAL_BEST,0,202,5,44,0,14,1,0,1800000.0000,0.0000,0,0,0,0,0,0
n012w8-0,n012w8,0,5,500000,100.0,adaptive,2026-07-05T01:03:14+01:00,3,0,15,30,0,99.919902,2495,2600,2495,105,4.0385,GLOBAL_BEST,0,202,6,44,0,15,2,0,525000.0000,0.0000,0,0,0,0,0,0
n012w8-0,n012w8,0,5,500000,100.0,adaptive,2026-07-05T01:03:14+01:00,3,0,15,31,0,99.917141,2315,2495,2315,180,7.2144,GLOBAL_BEST,0,202,6,47,0,16,1,0,1800000.0000,0.0000,0,0,0,0,0,0
n012w8-0,n012w8,0,5,500000,100.0,adaptive,2026-07-05T01:03:14+01:00,3,0,15,33,0,99.911620,2285,2315,2285,30,1.2959,GLOBAL_BEST,0,202,6,47,1,17,2,0,150000.0000,0.0000,0,0,0,0,0,0
n012w8-0,n012w8,0,5,500000,100.0,adaptive,2026-07-05T01:03:14+01:00,3,0,15,34,0,99.908859,2090,2285,2090,195,8.5339,GLOBAL_BEST,0,202,6,47,1,18,1,0,1950000.0000,0.0000,0,0,0,0,0,0
n012w8-0,n012w8,0,5,500000,100.0,adaptive,2026-07-05T01:03:14+01:00,3,0,15,39,0,99.895057,2075,2090,2075,15,0.7177,GLOBAL_BEST,0,202,8,52,3,19,5,0,30000.0000,0.0000,0,0,0,0,0,0
n012w8-0,n012w8,0,5,500000,100.0,adaptive,2026-07-05T01:03:14+01:00,3,0,15,40,0,99.892297,2045,2075,2045,30,1.4458,GLOBAL_BEST,0,202,8,55,3,20,1,0,300000.0000,0.0000,0,0,0,0,0,0
n012w8-0,n012w8,0,5,500000,100.0,adaptive,2026-07-05T01:03:14+01:00,3,0,15,67,0,99.817801,1910,2045,1910,135,6.6015,GLOBAL_BEST,0,202,14,92,14,21,27,0,50000.0000,0.0000,0,0,0,0,0,0
n012w8-0,n012w8,0,5,500000,100.0,adaptive,2026-07-05T01:03:14+01:00,3,0,15,75,0,99.795739,1880,1910,1880,30,1.5707,GLOBAL_BEST,0,202,14,103,17,22,8,0,37500.0000,0.0000,0,0,0,0,0,0
n012w8-0,n012w8,0,5,500000,100.0,adaptive,2026-07-05T01:03:14+01:00,3,0,15,84,0,99.770925,1805,1880,1805,75,3.9894,GLOBAL_BEST,0,202,15,115,20,23,9,0,83333.3333,0.0000,0,0,0,0,0,0
n012w8-0,n012w8,0,5,500000,100.0,adaptive,2026-07-05T01:03:14+01:00,3,0,15,85,0,99.768169,1760,1805,1760,45,2.4931,GLOBAL_BEST,0,202,15,117,20,24,1,0,450000.0000,0.0000,0,0,0,0,0,0
n012w8-0,n012w8,0,5,500000,100.0,adaptive,2026-07-05T01:03:14+01:00,3,0,15,88,0,99.759899,1730,1760,1730,30,1.7045,GLOBAL_BEST,0,202,16,122,20,25,3,0,100000.0000,0.0000,0,0,0,0,0,0
n012w8-0,n012w8,0,5,500000,100.0,adaptive,2026-07-05T01:03:14+01:00,3,0,15,99,0,99.729582,1700,1730,1700,30,1.7341,GLOBAL_BEST,0,202,18,141,25,26,11,0,27272.7273,0.0000,0,0,0,0,0,0
n012w8-0,n012w8,0,5,500000,100.0,adaptive,2026-07-05T01:03:14+01:00,3,0,15,112,0,99.693766,1565,1700,1565,135,7.9412,GLOBAL_BEST,0,202,20,160,32,27,13,0,103846.1538,0.0000,0,0,0,0,0,0
n012w8-0,n012w8,0,5,500000,100.0,adaptive,2026-07-05T01:03:14+01:00,3,0,15,113,0,99.691011,1465,1565,1465,100,6.3898,GLOBAL_BEST,0,202,20,162,32,28,1,0,1000000.0000,0.0000,0,0,0,0,0,0
n012w8-0,n012w8,0,5,500000,100.0,adaptive,2026-07-05T01:03:14+01:00,3,0,15,482,1,98.679741,1425,1465,1425,40,2.7304,GLOBAL_BEST,0,202,122,712,135,29,369,1,1084.0108,40000.0000,0,0,0,0,0,0
n012w8-0,n012w8,0,5,500000,100.0,adaptive,2026-07-05T01:03:14+01:00,3,0,15,527,1,98.557119,1305,1425,1305,120,8.4211,GLOBAL_BEST,0,202,132,780,149,30,45,0,26666.6667,0.0000,0,0,0,0,0,0
n012w8-0,n012w8,0,5,500000,100.0,adaptive,2026-07-05T01:03:14+01:00,3,0,15,693,1,98.106097,1295,1305,1295,10,0.7663,GLOBAL_BEST,0,202,180,1018,195,31,166,0,602.4096,0.0000,0,0,0,0,0,0
n012w8-0,n012w8,0,5,500000,100.0,adaptive,2026-07-05T01:03:14+01:00,3,0,15,696,1,98.097965,1220,1295,1220,75,5.7915,GLOBAL_BEST,0,202,180,1022,197,32,3,0,250000.0000,0.0000,0,0,0,0,0,0
n012w8-0,n012w8,0,5,500000,100.0,adaptive,2026-07-05T01:03:14+01:00,3,0,15,1126,2,96.939327,1210,1220,1210,10,0.8197,GLOBAL_BEST,0,202,286,1715,335,33,430,1,232.5581,10000.0000,0,0,0,0,0,0
n012w8-0,n012w8,0,5,500000,100.0,adaptive,2026-07-05T01:03:14+01:00,3,0,15,1806,3,95.134929,1180,1210,1180,30,2.4793,GLOBAL_BEST,0,202,448,2758,607,34,680,1,441.1765,30000.0000,0,0,0,0,0,0
n012w8-0,n012w8,0,5,500000,100.0,adaptive,2026-07-05T01:03:14+01:00,3,0,15,1847,3,95.027215,1125,1180,1125,55,4.6610,GLOBAL_BEST,0,202,458,2816,625,35,41,0,13414.6341,0.0000,0,0,0,0,0,0
n012w8-0,n012w8,0,5,500000,100.0,adaptive,2026-07-05T01:03:14+01:00,3,0,15,1849,3,95.021963,1065,1125,1065,60,5.3333,GLOBAL_BEST,0,202,458,2827,626,36,2,0,300000.0000,0.0000,0,0,0,0,0,0
n012w8-0,n012w8,0,5,500000,100.0,adaptive,2026-07-05T01:03:14+01:00,3,0,15,11342,20,73.098422,1055,1065,1055,10,0.9390,GLOBAL_BEST,0,202,2609,18437,4329,37,9493,17,10.5341,588.2353,0,0,0,0,0,0
n012w8-0,n012w8,0,5,500000,100.0,adaptive,2026-07-05T01:03:14+01:00,3,0,15,14396,24,67.183094,1035,1055,1035,20,1.8957,GLOBAL_BEST,0,202,3185,23576,5803,38,3054,4,65.4879,5000.0000,0,0,0,0,0,0
n012w8-0,n012w8,0,5,500000,100.0,adaptive,2026-07-05T01:03:14+01:00,3,0,15,14397,24,67.181238,1005,1035,1005,30,2.8986,GLOBAL_BEST,0,202,3185,23576,5803,39,1,0,300000.0000,0.0000,0,0,0,0,0,0
n012w8-0,n012w8,0,5,500000,100.0,adaptive,2026-07-05T01:03:14+01:00,3,0,15,14399,24,67.177525,990,1005,990,15,1.4925,GLOBAL_BEST,0,202,3185,23578,5804,40,2,0,75000.0000,0.0000,0,0,0,0,0,0
n012w8-0,n012w8,0,5,500000,100.0,adaptive,2026-07-05T01:03:14+01:00,3,0,15,14414,24,67.149688,975,990,975,15,1.5152,GLOBAL_BEST,0,202,3185,23595,5817,41,15,0,10000.0000,0.0000,0,0,0,0,0,0
n012w8-0,n012w8,0,5,500000,100.0,adaptive,2026-07-05T01:03:14+01:00,3,0,15,20062,34,57.447085,930,975,930,45,4.6154,GLOBAL_BEST,0,202,4226,32613,8535,42,5648,10,79.6742,4500.0000,0,0,0,0,0,0
n012w8-0,n012w8,0,5,500000,100.0,adaptive,2026-07-05T01:03:14+01:00,3,0,15,20066,34,57.440737,915,930,915,15,1.6129,GLOBAL_BEST,0,202,4226,32618,8538,43,4,0,37500.0000,0.0000,0,0,0,0,0,0
n012w8-0,n012w8,0,5,500000,100.0,adaptive,2026-07-05T01:03:14+01:00,3,2,15,22276,82,54.038091,880,885,880,5,0.5650,LOCAL_BEST,1,202,4551,35714,9778,44,2210,48,22.6244,104.1667,0,0,0,0,0,0
n012w8-0,n012w8,0,5,500000,100.0,adaptive,2026-07-05T01:03:14+01:00,3,2,15,23725,84,51.917288,855,880,855,25,2.8409,LOCAL_BEST,1,202,4782,38026,10577,45,1449,2,172.5328,12500.0000,0,0,0,0,0,0
n012w8-0,n012w8,0,5,500000,100.0,adaptive,2026-07-05T01:03:14+01:00,3,2,15,23728,84,51.912985,825,855,825,30,3.5088,LOCAL_BEST,1,202,4782,38031,10579,46,3,0,100000.0000,0.0000,0,0,0,0,0,0
n012w8-0,n012w8,0,5,500000,100.0,adaptive,2026-07-05T01:03:14+01:00,3,2,15,23730,84,51.910116,795,825,795,30,3.6364,LOCAL_BEST,1,202,4782,38034,10580,47,2,0,150000.0000,0.0000,0,0,0,0,0,0
n012w8-0,n012w8,0,5,500000,100.0,adaptive,2026-07-05T01:03:14+01:00,3,0,15,25908,44,48.878290,885,915,885,30,3.2787,GLOBAL_BEST,0,202,5153,41794,11753,48,2178,-40,137.7410,0.0000,0,0,0,0,0,0
n012w8-0,n012w8,0,5,500000,100.0,adaptive,2026-07-05T01:03:14+01:00,3,0,15,33161,56,40.001843,880,885,880,5,0.5650,GLOBAL_BEST,0,202,6133,53270,16078,49,7253,12,6.8937,416.6667,0,0,0,0,0,0
n012w8-0,n012w8,0,5,500000,100.0,adaptive,2026-07-05T01:03:14+01:00,3,0,15,33186,56,39.974220,870,880,870,10,1.1364,GLOBAL_BEST,0,202,6137,53294,16096,50,25,0,4000.0000,0.0000,0,0,0,0,0,0
n012w8-0,n012w8,0,5,500000,100.0,adaptive,2026-07-05T01:03:14+01:00,3,0,15,33257,56,39.895876,840,870,840,30,3.4483,GLOBAL_BEST,0,202,6144,53368,16149,51,71,0,4225.3521,0.0000,0,0,0,0,0,0
n012w8-0,n012w8,0,5,500000,100.0,adaptive,2026-07-05T01:03:14+01:00,3,0,15,33266,56,39.885955,810,840,810,30,3.5714,GLOBAL_BEST,0,202,6145,53373,16153,52,9,0,33333.3333,0.0000,0,0,0,0,0,0
n012w8-0,n012w8,0,5,500000,100.0,adaptive,2026-07-05T01:03:14+01:00,3,0,15,33298,56,39.850704,765,810,765,45,5.5556,GLOBAL_BEST,0,202,6148,53413,16177,53,32,0,14062.5000,0.0000,0,0,0,0,0,0
n012w8-0,n012w8,0,5,500000,100.0,adaptive,2026-07-05T01:03:14+01:00,3,2,15,34802,103,38.228565,765,795,765,30,3.7736,LOCAL_BEST,1,202,6256,55181,17218,54,1504,47,199.4681,638.2979,0,0,0,0,0,0
n012w8-0,n012w8,0,5,500000,100.0,adaptive,2026-07-05T01:03:14+01:00,3,0,15,34827,59,38.202167,760,765,760,5,0.6536,GLOBAL_BEST,0,202,6309,55751,17229,55,25,-44,2000.0000,0.0000,0,0,0,0,0,0
n012w8-0,n012w8,0,5,500000,100.0,adaptive,2026-07-05T01:03:14+01:00,3,2,15,40349,113,32.796236,745,765,745,20,2.6144,LOCAL_BEST,1,202,6797,63749,20994,56,5522,54,36.2188,370.3704,0,0,0,0,0,0
n012w8-0,n012w8,0,5,500000,100.0,adaptive,2026-07-05T01:03:14+01:00,3,2,15,41836,115,31.476034,700,745,700,45,6.0403,LOCAL_BEST,1,202,6953,66124,21977,57,1487,2,302.6227,22500.0000,0,0,0,0,0,0
n012w8-0,n012w8,0,5,500000,100.0,adaptive,2026-07-05T01:03:14+01:00,3,2,15,41838,115,31.474294,685,700,685,15,2.1429,LOCAL_BEST,1,202,6953,66124,21978,58,2,0,75000.0000,0.0000,0,0,0,0,0,0
n012w8-0,n012w8,0,5,500000,100.0,adaptive,2026-07-05T01:03:14+01:00,3,2,15,41856,115,31.458644,670,685,670,15,2.1898,LOCAL_BEST,1,202,6953,66142,21994,59,18,0,8333.3333,0.0000,0,0,0,0,0,0
n012w8-0,n012w8,0,5,500000,100.0,adaptive,2026-07-05T01:03:14+01:00,3,0,15,43491,73,30.069070,730,760,730,30,3.9474,GLOBAL_BEST,0,202,7185,69140,23169,60,1635,-42,183.4862,0.0000,0,0,0,0,0,0
n012w8-0,n012w8,0,5,500000,100.0,adaptive,2026-07-05T01:03:14+01:00,3,0,15,43524,73,30.041665,700,730,700,30,4.1096,GLOBAL_BEST,0,202,7185,69185,23194,61,33,0,9090.9091,0.0000,0,0,0,0,0,0
n012w8-0,n012w8,0,5,500000,100.0,adaptive,2026-07-05T01:03:14+01:00,3,0,15,43525,73,30.040835,685,700,685,15,2.1429,GLOBAL_BEST,0,202,7185,69188,23194,62,1,0,150000.0000,0.0000,0,0,0,0,0,0
n012w8-0,n012w8,0,5,500000,100.0,adaptive,2026-07-05T01:03:14+01:00,3,0,15,44577,75,29.180182,670,685,670,15,2.1898,GLOBAL_BEST,0,202,7258,70629,23987,63,1052,2,142.5856,7500.0000,0,0,0,0,0,0
n012w8-0,n012w8,0,5,500000,100.0,adaptive,2026-07-05T01:03:14+01:00,3,0,15,44693,75,29.086804,650,670,650,20,2.9851,GLOBAL_BEST,0,202,7264,70763,24085,64,116,0,1724.1379,0.0000,0,0,0,0,0,0
n012w8-0,n012w8,0,5,500000,100.0,adaptive,2026-07-05T01:03:14+01:00,3,0,15,44727,75,29.059491,635,650,635,15,2.3077,GLOBAL_BEST,0,202,7264,70825,24116,65,34,0,4411.7647,0.0000,0,0,0,0,0,0
n012w8-0,n012w8,0,5,500000,100.0,adaptive,2026-07-05T01:03:14+01:00,3,3,15,45319,163,28.588015,605,615,605,10,1.6260,LOCAL_BEST,1,202,7370,71510,24619,66,592,88,168.9189,113.6364,0,0,0,0,0,0
n012w8-0,n012w8,0,5,500000,100.0,adaptive,2026-07-05T01:03:14+01:00,3,3,15,45653,164,28.325397,590,605,590,15,2.4793,LOCAL_BEST,1,202,7392,71956,24876,67,334,1,449.1018,15000.0000,0,0,0,0,0,0
n012w8-0,n012w8,0,5,500000,100.0,adaptive,2026-07-05T01:03:14+01:00,3,2,15,46706,122,27.513130,660,670,660,10,1.4925,LOCAL_BEST,1,202,7303,73099,25593,68,1053,-42,94.9668,0.0000,0,0,0,0,0,0
n012w8-0,n012w8,0,5,500000,100.0,adaptive,2026-07-05T01:03:14+01:00,3,2,15,46712,122,27.508569,615,660,615,45,6.8182,LOCAL_BEST,1,202,7303,73110,25596,69,6,0,75000.0000,0.0000,0,0,0,0,0,0
n012w8-0,n012w8,0,5,500000,100.0,adaptive,2026-07-05T01:03:14+01:00,3,2,15,46721,122,27.501729,600,615,600,15,2.4390,LOCAL_BEST,1,202,7303,73124,25603,70,9,0,16666.6667,0.0000,0,0,0,0,0,0
n012w8-0,n012w8,0,5,500000,100.0,adaptive,2026-07-05T01:03:14+01:00,3,0,15,51381,86,24.179093,615,635,615,20,3.1496,GLOBAL_BEST,0,202,7714,80846,29197,71,4660,-36,42.9185,0.0000,0,0,0,0,0,0
n012w8-0,n012w8,0,5,500000,100.0,adaptive,2026-07-05T01:03:14+01:00,3,0,15,51404,86,24.163731,600,615,600,15,2.4390,GLOBAL_BEST,0,202,7714,80888,29218,72,23,0,6521.7391,0.0000,0,0,0,0,0,0
n012w8-0,n012w8,0,5,500000,100.0,adaptive,2026-07-05T01:03:14+01:00,3,0,15,51441,86,24.139040,570,600,570,30,5.0000,GLOBAL_BEST,0,202,7715,80974,29250,73,37,0,8108.1081,0.0000,0,0,0,0,0,0
n012w8-0,n012w8,0,5,500000,100.0,adaptive,2026-07-05T01:03:14+01:00,3,2,15,60566,145,18.759446,555,600,555,45,7.5000,LOCAL_BEST,1,202,8077,93146,36549,74,9125,59,49.3151,762.7119,0,0,0,0,0,0
n012w8-0,n012w8,0,5,500000,100.0,adaptive,2026-07-05T01:03:14+01:00,3,2,15,60667,145,18.707166,535,555,535,20,3.6036,LOCAL_BEST,1,202,8081,93305,36632,75,101,0,1980.1980,0.0000,0,0,0,0,0,0
n012w8-0,n012w8,0,5,500000,100.0,adaptive,2026-07-05T01:03:14+01:00,3,2,15,60706,145,18.687018,520,535,520,15,2.8037,LOCAL_BEST,1,202,8082,93353,36666,76,39,0,3846.1538,0.0000,0,0,0,0,0,0
n012w8-0,n012w8,0,5,500000,100.0,adaptive,2026-07-05T01:03:14+01:00,3,3,15,61430,188,18.316901,580,590,580,10,1.6949,LOCAL_BEST,1,202,8310,95640,37340,77,724,43,138.1215,232.5581,0,0,0,0,0,0
n012w8-0,n012w8,0,5,500000,100.0,adaptive,2026-07-05T01:03:14+01:00,3,3,15,61490,188,18.286559,565,580,565,15,2.5862,LOCAL_BEST,1,202,8310,95737,37395,78,60,0,2500.0000,0.0000,0,0,0,0,0,0
n012w8-0,n012w8,0,5,500000,100.0,adaptive,2026-07-05T01:03:14+01:00,3,2,15,61627,146,18.217467,515,520,515,5,0.9615,LOCAL_BEST,1,202,8110,94607,37462,79,137,-42,364.9635,0.0000,0,0,0,0,0,0
n012w8-0,n012w8,0,5,500000,100.0,adaptive,2026-07-05T01:03:14+01:00,3,2,15,64427,151,16.861181,510,515,510,5,0.9709,LOCAL_BEST,1,202,8201,98448,39898,80,2800,5,17.8571,1000.0000,0,0,0,0,0,0
n012w8-0,n012w8,0,5,500000,100.0,adaptive,2026-07-05T01:03:14+01:00,3,2,15,64481,151,16.836042,480,510,480,30,5.8824,LOCAL_BEST,1,202,8202,98522,39945,81,54,0,5555.5556,0.0000,0,0,0,0,0,0
n012w8-0,n012w8,0,5,500000,100.0,adaptive,2026-07-05T01:03:14+01:00,3,0,15,64976,107,16.607337,565,570,565,5,0.8772,GLOBAL_BEST,0,202,8332,100862,40315,82,495,-44,101.0101,0.0000,0,0,0,0,0,0
n012w8-0,n012w8,0,5,500000,100.0,adaptive,2026-07-05T01:03:14+01:00,3,0,15,65453,108,16.389889,550,565,550,15,2.6549,GLOBAL_BEST,0,202,8348,101546,40728,83,477,1,314.4654,15000.0000,0,0,0,0,0,0
n012w8-0,n012w8,0,5,500000,100.0,adaptive,2026-07-05T01:03:14+01:00,3,0,15,67042,111,15.685848,530,550,530,20,3.6364,GLOBAL_BEST,0,202,8395,103897,42109,84,1589,3,125.8653,6666.6667,0,0,0,0,0,0
n012w8-0,n012w8,0,5,500000,100.0,adaptive,2026-07-05T01:03:14+01:00,3,0,15,67124,112,15.650348,525,530,525,5,0.9434,GLOBAL_BEST,0,202,8397,104009,42179,85,82,1,609.7561,5000.0000,0,0,0,0,0,0
n012w8-0,n012w8,0,5,500000,100.0,adaptive,2026-07-05T01:03:14+01:00,3,0,15,68121,113,15.225095,500,525,500,25,4.7619,GLOBAL_BEST,0,202,8417,105438,43072,86,997,1,250.7523,25000.0000,0,0,0,0,0,0
n012w8-0,n012w8,0,5,500000,100.0,adaptive,2026-07-05T01:03:14+01:00,3,3,15,69617,201,14.608580,545,565,545,20,3.5398,LOCAL_BEST,1,202,8582,107670,44358,87,1496,88,133.6898,227.2727,0,0,0,0,0,0
n012w8-0,n012w8,0,5,500000,100.0,adaptive,2026-07-05T01:03:14+01:00,3,3,15,69935,202,14.480781,520,545,520,25,4.5872,LOCAL_BEST,1,202,8589,108139,44641,88,318,1,786.1635,25000.0000,0,0,0,0,0,0
n012w8-0,n012w8,0,5,500000,100.0,adaptive,2026-07-05T01:03:14+01:00,3,0,15,71163,117,13.997678,490,500,490,10,2.0000,GLOBAL_BEST,0,202,8471,109636,45817,89,1228,-85,81.4332,0.0000,0,0,0,0,0,0
n012w8-0,n012w8,0,5,500000,100.0,adaptive,2026-07-05T01:03:14+01:00,3,3,15,71179,204,13.991491,515,520,515,5,0.9615,LOCAL_BEST,1,202,8615,109893,45757,90,16,87,3125.0000,57.4713,0,0,0,0,0,0
n012w8-0,n012w8,0,5,500000,100.0,adaptive,2026-07-05T01:03:14+01:00,3,0,15,71271,117,13.955969,475,490,475,15,3.0612,GLOBAL_BEST,0,202,8471,109741,45912,91,92,-87,1630.4348,0.0000,0,0,0,0,0,0
n012w8-0,n012w8,0,5,500000,100.0,adaptive,2026-07-05T01:03:14+01:00,3,3,15,71278,204,13.953270,500,515,500,15,2.9126,LOCAL_BEST,1,202,8616,110029,45848,92,7,87,21428.5714,172.4138,0,0,0,0,0,0
n012w8-0,n012w8,0,5,500000,100.0,adaptive,2026-07-05T01:03:14+01:00,3,2,15,87557,186,8.898729,475,480,475,5,1.0417,LOCAL_BEST,1,202,8669,131102,60351,93,16279,-18,3.0714,0.0000,0,0,0,0,0,0
n012w8-0,n012w8,0,5,500000,100.0,adaptive,2026-07-05T01:03:14+01:00,3,2,15,88672,188,8.628752,470,475,470,5,1.0526,GLOBAL_BEST,1,202,8678,132658,61378,94,1115,2,44.8430,2500.0000,0,0,0,0,0,0
n012w8-0,n012w8,0,5,500000,100.0,adaptive,2026-07-05T01:03:14+01:00,3,3,15,88919,231,8.570063,490,500,490,10,2.0000,LOCAL_BEST,1,202,8905,135440,61992,95,247,43,404.8583,232.5581,0,0,0,0,0,0
n012w8-0,n012w8,0,5,500000,100.0,adaptive,2026-07-05T01:03:14+01:00,3,2,15,89154,189,8.514595,460,470,460,10,2.1277,GLOBAL_BEST,1,202,8683,133298,61832,96,235,-42,425.5319,0.0000,0,0,0,0,0,0
n012w8-0,n012w8,0,5,500000,100.0,adaptive,2026-07-05T01:03:14+01:00,3,0,15,121271,191,3.505484,475,475,475,0,0.0000,REHEAT,0,202,8844,179530,92048,97,32117,2,0.0000,0.0000,0,0,0,0,0,0
n012w8-0,n012w8,0,5,500000,100.0,adaptive,2026-07-05T01:03:14+01:00,3,2,15,139154,261,2.138710,460,460,460,0,0.0000,REHEAT,1,202,8837,203045,108555,98,17883,70,0.0000,0.0000,0,0,0,0,0,1
n012w8-0,n012w8,0,5,500000,100.0,adaptive,2026-07-05T01:03:14+01:00,3,0,15,171271,274,25.118864,895,475,475,0,0.0000,REHEAT,0,202,16692,258025,119519,99,32117,13,0.0000,0.0000,0,0,0,0,0,0
n012w8-0,n012w8,0,5,500000,100.0,adaptive,2026-07-05T01:03:14+01:00,3,2,15,189154,345,25.118864,850,460,460,0,0.0000,REHEAT,1,202,16474,281833,136638,100,17883,71,0.0000,0.0000,0,0,0,0,0,1
n012w8-0,n012w8,0,5,500000,100.0,adaptive,2026-07-05T01:03:14+01:00,3,0,15,221271,359,25.118864,820,475,475,0,0.0000,REHEAT,0,202,24344,336219,147270,101,32117,14,0.0000,0.0000,0,0,0,0,0,0
n012w8-0,n012w8,0,5,500000,100.0,adaptive,2026-07-05T01:03:14+01:00,3,2,15,239154,428,25.118864,930,460,460,0,0.0000,REHEAT,1,202,24283,360113,164216,102,17883,69,0.0000,0.0000,0,0,0,0,0,1
n012w8-0,n012w8,0,5,500000,100.0,adaptive,2026-07-05T01:03:14+01:00,3,0,15,271271,441,25.118864,815,475,475,0,0.0000,REHEAT,0,202,32029,414663,175270,103,32117,13,0.0000,0.0000,0,0,0,0,0,0
n012w8-0,n012w8,0,5,500000,100.0,adaptive,2026-07-05T01:03:14+01:00,3,2,15,289154,511,25.118864,830,460,460,0,0.0000,REHEAT,1,202,32024,439486,192267,104,17883,70,0.0000,0.0000,0,0,0,0,0,1
n012w8-0,n012w8,0,5,500000,100.0,adaptive,2026-07-05T01:03:14+01:00,3,0,15,321271,525,25.118864,655,475,475,0,0.0000,REHEAT,0,202,39775,493476,203269,105,32117,14,0.0000,0.0000,0,0,0,0,0,0
n012w8-0,n012w8,0,5,500000,100.0,adaptive,2026-07-05T01:03:14+01:00,3,2,15,339154,595,25.118864,750,460,460,0,0.0000,REHEAT,1,202,39792,518211,219975,106,17883,70,0.0000,0.0000,0,0,0,0,0,1
n012w8-0,n012w8,0,5,500000,100.0,adaptive,2026-07-05T01:03:14+01:00,3,0,15,371271,608,25.118864,785,475,475,0,0.0000,REHEAT,0,202,47407,571467,231006,107,32117,13,0.0000,0.0000,0,0,0,0,0,0
n012w8-0,n012w8,0,5,500000,100.0,adaptive,2026-07-05T01:03:14+01:00,3,2,15,389154,679,25.118864,1045,460,460,0,0.0000,REHEAT,1,202,47541,595920,247848,108,17883,71,0.0000,0.0000,0,0,0,0,0,1
n012w8-0,n012w8,0,5,500000,100.0,adaptive,2026-07-05T01:03:14+01:00,3,0,15,421271,693,25.118864,840,475,475,0,0.0000,REHEAT,0,202,55172,649419,258889,109,32117,14,0.0000,0.0000,0,0,0,0,0,0
n012w8-0,n012w8,0,5,500000,100.0,adaptive,2026-07-05T01:03:14+01:00,3,2,15,439154,763,25.118864,900,460,460,0,0.0000,REHEAT,1,202,55431,675798,275383,110,17883,70,0.0000,0.0000,0,0,0,0,0,1
n012w8-0,n012w8,0,5,500000,100.0,adaptive,2026-07-05T01:03:14+01:00,3,0,15,471271,776,25.118864,995,475,475,0,0.0000,REHEAT,0,202,62841,727992,286349,111,32117,13,0.0000,0.0000,0,0,0,0,0,0
n012w8-0,n012w8,0,5,500000,100.0,adaptive,2026-07-05T01:03:14+01:00,3,2,15,489154,846,25.118864,850,460,460,0,0.0000,REHEAT,1,202,63249,753869,302918,112,17883,70,0.0000,0.0000,0,0,0,0,0,1
n012w8-0,n012w8,0,5,500000,100.0,adaptive,2026-07-05T01:03:14+01:00,4,0,35,2,0,99.997237,3045,3405,3045,360,10.5727,GLOBAL_BEST,0,101,0,6,1,1,2,0,1800000.0000,0.0000,0,0,0,0,0,0
n012w8-0,n012w8,0,5,500000,100.0,adaptive,2026-07-05T01:03:14+01:00,4,0,35,3,0,99.994474,3030,3045,3030,15,0.4926,GLOBAL_BEST,0,101,0,16,1,2,1,0,150000.0000,0.0000,0,0,0,0,0,0
n012w8-0,n012w8,0,5,500000,100.0,adaptive,2026-07-05T01:03:14+01:00,4,0,35,4,0,99.991711,3000,3030,3000,30,0.9901,GLOBAL_BEST,0,101,0,18,1,3,1,0,300000.0000,0.0000,0,0,0,0,0,0
n012w8-0,n012w8,0,5,500000,100.0,adaptive,2026-07-05T01:03:14+01:00,4,0,35,5,0,99.988948,2890,3000,2890,110,3.6667,GLOBAL_BEST,0,101,0,22,1,4,1,0,1100000.0000,0.0000,0,0,0,0,0,0
n012w8-0,n012w8,0,5,500000,100.0,adaptive,2026-07-05T01:03:14+01:00,4,0,35,6,0,99.986185,2860,2890,2860,30,1.0381,GLOBAL_BEST,0,101,0,26,1,5,1,0,300000.0000,0.0000,0,0,0,0,0,0
n012w8-0,n012w8,0,5,500000,100.0,adaptive,2026-07-05T01:03:14+01:00,4,0,35,7,0,99.983423,2725,2860,2725,135,4.7203,GLOBAL_BEST,0,101,0,28,1,6,1,0,1350000.0000,0.0000,0,0,0,0,0,0
n012w8-0,n012w8,0,5,500000,100.0,adaptive,2026-07-05T01:03:14+01:00,4,0,35,8,0,99.980660,2695,2725,2695,30,1.1009,GLOBAL_BEST,0,101,0,34,1,7,1,0,300000.0000,0.0000,0,0,0,0,0,0
n012w8-0,n012w8,0,5,500000,100.0,adaptive,2026-07-05T01:03:14+01:00,4,0,35,9,0,99.977898,2395,2695,2395,300,11.1317,GLOBAL_BEST,0,101,0,34,1,8,1,0,3000000.0000,0.0000,0,0,0,0,0,0
n012w8-0,n012w8,0,5,500000,100.0,adaptive,2026-07-05T01:03:14+01:00,4,0,35,15,0,99.961324,2305,2395,2305,90,3.7578,GLOBAL_BEST,0,101,1,68,2,9,6,0,150000.0000,0.0000,0,0,0,0,0,0
n012w8-0,n012w8,0,5,500000,100.0,adaptive,2026-07-05T01:03:14+01:00,4,0,35,16,0,99.958562,2080,2305,2080,225,9.7614,GLOBAL_BEST,0,101,1,69,2,10,1,0,2250000.0000,0.0000,0,0,0,0,0,0
n012w8-0,n012w8,0,5,500000,100.0,adaptive,2026-07-05T01:03:14+01:00,4,0,35,17,0,99.955800,2050,2080,2050,30,1.4423,GLOBAL_BEST,0,101,1,70,2,11,1,0,300000.0000,0.0000,0,0,0,0,0,0
n012w8-0,n012w8,0,5,500000,100.0,adaptive,2026-07-05T01:03:14+01:00,4,0,35,18,0,99.953038,2035,2050,2035,15,0.7317,GLOBAL_BEST,0,101,1,71,2,12,1,0,150000.0000,0.0000,0,0,0,0,0,0
n012w8-0,n012w8,0,5,500000,100.0,adaptive,2026-07-05T01:03:14+01:00,4,0,35,23,0,99.939230,2005,2035,2005,30,1.4742,GLOBAL_BEST,0,101,2,76,4,13,5,0,60000.0000,0.0000,0,0,0,0,0,0
n012w8-0,n012w8,0,5,500000,100.0,adaptive,2026-07-05T01:03:14+01:00,4,0,35,30,0,99.919902,1990,2005,1990,15,0.7481,GLOBAL_BEST,0,101,3,80,6,14,7,0,21428.5714,0.0000,0,0,0,0,0,0
n012w8-0,n012w8,0,5,500000,100.0,adaptive,2026-07-05T01:03:14+01:00,4,0,35,39,0,99.895057,1960,1990,1960,30,1.5075,GLOBAL_BEST,0,101,5,115,9,15,9,0,33333.3333,0.0000,0,0,0,0,0,0
n012w8-0,n012w8,0,5,500000,100.0,adaptive,2026-07-05T01:03:14+01:00,4,0,35,40,0,99.892297,1915,1960,1915,45,2.2959,GLOBAL_BEST,0,101,5,120,9,16,1,0,450000.0000,0.0000,0,0,0,0,0,0
n012w8-0,n012w8,0,5,500000,100.0,adaptive,2026-07-05T01:03:14+01:00,4,0,35,41,0,99.889537,1735,1915,1735,180,9.3995,GLOBAL_BEST,0,101,5,123,9,17,1,0,1800000.0000,0.0000,0,0,0,0,0,0
n012w8-0,n012w8,0,5,500000,100.0,adaptive,2026-07-05T01:03:14+01:00,4,0,35,46,0,99.875738,1705,1735,1705,30,1.7291,GLOBAL_BEST,0,101,6,136,10,18,5,0,60000.0000,0.0000,0,0,0,0,0,0
n012w8-0,n012w8,0,5,500000,100.0,adaptive,2026-07-05T01:03:14+01:00,4,0,35,47,0,99.872978,1585,1705,1585,120,7.0381,GLOBAL_BEST,0,101,6,137,10,19,1,0,1200000.0000,0.0000,0,0,0,0,0,0
n012w8-0,n012w8,0,5,500000,100.0,adaptive,2026-07-05T01:03:14+01:00,4,0,35,48,0,99.870218,1285,1585,1285,300,18.9274,GLOBAL_BEST,0,101,6,138,10,20,1,0,3000000.0000,0.0000,0,0,0,0,0,0
n012w8-0,n012w8,0,5,500000,100.0,adaptive,2026-07-05T01:03:14+01:00,4,0,35,1154,2,96.864357,1240,1285,1240,45,3.5019,GLOBAL_BEST,0,101,288,2051,363,21,1106,2,406.8716,22500.0000,0,0,0,0,0,0
n012w8-0,n012w8,0,5,500000,100.0,adaptive,2026-07-05T01:03:14+01:00,4,0,35,1163,2,96.840272,1225,1240,1225,15,1.2097,GLOBAL_BEST,0,101,290,2079,368,22,9,0,16666.6667,0.0000,0,0,0,0,0,0
n012w8-0,n012w8,0,5,500000,100.0,adaptive,2026-07-05T01:03:14+01:00,4,0,35,1165,2,96.834920,1195,1225,1195,30,2.4490,GLOBAL_BEST,0,101,290,2084,369,23,2,0,150000.0000,0.0000,0,0,0,0,0,0
n012w8-0,n012w8,0,5,500000,100.0,adaptive,2026-07-05T01:03:14+01:00,4,0,35,1166,2,96.832245,1165,1195,1165,30,2.5105,GLOBAL_BEST,0,101,290,2087,369,24,1,0,300000.0000,0.0000,0,0,0,0,0,0
n012w8-0,n012w8,0,5,500000,100.0,adaptive,2026-07-05T01:03:14+01:00,4,0,35,1167,2,96.829569,1135,1165,1135,30,2.5751,GLOBAL_BEST,0,101,290,2087,369,25,1,0,300000.0000,0.0000,0,0,0,0,0,0
n012w8-0,n012w8,0,5,500000,100.0,adaptive,2026-07-05T01:03:14+01:00,4,0,35,1178,2,96.800143,1120,1135,1120,15,1.3216,GLOBAL_BEST,0,101,291,2115,376,26,11,0,13636.3636,0.0000,0,0,0,0,0,0
n012w8-0,n012w8,0,5,500000,100.0,adaptive,2026-07-05T01:03:14+01:00,4,0,35,1428,2,96.133776,1000,1120,1000,120,10.7143,GLOBAL_BEST,0,101,351,2540,446,27,250,0,4800.0000,0.0000,0,0,0,0,0,0
n012w8-0,n012w8,0,5,500000,100.0,adaptive,2026-07-05T01:03:14+01:00,4,0,35,1432,2,96.123151,940,1000,940,60,6.0000,GLOBAL_BEST,0,101,351,2551,449,28,4,0,150000.0000,0.0000,0,0,0,0,0,0
n012w8-0,n012w8,0,5,500000,100.0,adaptive,2026-07-05T01:03:14+01:00,4,0,35,1433,2,96.120495,910,940,910,30,3.1915,GLOBAL_BEST,0,101,351,2554,449,29,1,0,300000.0000,0.0000,0,0,0,0,0,0
n012w8-0,n012w8,0,5,500000,100.0,adaptive,2026-07-05T01:03:14+01:00,4,2,35,7416,62,81.474180,570,585,570,15,2.5641,LOCAL_BEST,1,101,1737,13117,2794,30,5983,60,25.0710,250.0000,0,0,0,0,0,0
n012w8-0,n012w8,0,5,500000,100.0,adaptive,2026-07-05T01:03:14+01:00,4,0,35,12557,17,70.685120,885,910,885,25,2.7473,GLOBAL_BEST,0,101,2856,22182,4742,31,5141,-45,48.6287,0.0000,0,0,0,0,0,0
n012w8-0,n012w8,0,5,500000,100.0,adaptive,2026-07-05T01:03:14+01:00,4,0,35,12558,17,70.683167,855,885,855,30,3.3898,GLOBAL_BEST,0,101,2856,22187,4742,32,1,0,300000.0000,0.0000,0,0,0,0,0,0
n012w8-0,n012w8,0,5,500000,100.0,adaptive,2026-07-05T01:03:14+01:00,4,0,35,12699,17,70.408323,765,855,765,90,10.5263,GLOBAL_BEST,0,101,2873,22443,4833,33,141,0,6382.9787,0.0000,0,0,0,0,0,0
n012w8-0,n012w8,0,5,500000,100.0,adaptive,2026-07-05T01:03:14+01:00,4,0,35,12719,18,70.369425,750,765,750,15,1.9608,GLOBAL_BEST,0,101,2875,22481,4845,34,20,1,7500.0000,15000.0000,0,0,0,0,0,0
n012w8-0,n012w8,0,5,500000,100.0,adaptive,2026-07-05T01:03:14+01:00,4,0,35,16739,23,62.971494,720,750,720,30,4.0000,GLOBAL_BEST,0,101,3625,29490,6822,35,4020,5,74.6269,6000.0000,0,0,0,0,0,0
n012w8-0,n012w8,0,5,500000,100.0,adaptive,2026-07-05T01:03:14+01:00,4,0,35,16743,23,62.964535,600,720,600,120,16.6667,GLOBAL_BEST,0,101,3625,29496,6824,36,4,0,300000.0000,0.0000,0,0,0,0,0,0
n012w8-0,n012w8,0,5,500000,100.0,adaptive,2026-07-05T01:03:14+01:00,4,0,35,36031,51,36.952174,585,600,585,15,2.5000,GLOBAL_BEST,0,101,6372,62320,18101,37,19288,28,7.7769,535.7143,0,0,0,0,0,0
n012w8-0,n012w8,0,5,500000,100.0,adaptive,2026-07-05T01:03:14+01:00,4,0,35,37877,54,35.114622,570,585,570,15,2.5641,GLOBAL_BEST,0,101,6577,65534,19304,38,1846,3,81.2568,5000.0000,0,0,0,0,0,0
n012w8-0,n012w8,0,5,500000,100.0,adaptive,2026-07-05T01:03:14+01:00,4,0,35,37970,54,35.024505,565,570,565,5,0.8772,GLOBAL_BEST,0,101,6585,65700,19371,39,93,0,537.6344,0.0000,0,0,0,0,0,0
n012w8-0,n012w8,0,5,500000,100.0,adaptive,2026-07-05T01:03:14+01:00,4,0,35,39466,55,33.606246,540,565,540,25,4.4248,GLOBAL_BEST,0,101,6739,68317,20386,40,1496,1,167.1123,25000.0000,0,0,0,0,0,0
n012w8-0,n012w8,0,5,500000,100.0,adaptive,2026-07-05T01:03:14+01:00,4,2,35,40213,108,32.919710,540,570,540,30,5.2632,LOCAL_BEST,1,101,6859,68859,20867,41,747,53,401.6064,566.0377,0,0,0,0,0,0
n012w8-0,n012w8,0,5,500000,100.0,adaptive,2026-07-05T01:03:14+01:00,4,2,35,40306,108,32.835225,525,540,525,15,2.7778,LOCAL_BEST,1,101,6863,69011,20945,42,93,0,1612.9032,0.0000,0,0,0,0,0,0
n012w8-0,n012w8,0,5,500000,100.0,adaptive,2026-07-05T01:03:14+01:00,4,2,35,40793,109,32.396344,510,525,510,15,2.8571,LOCAL_BEST,1,101,6896,69852,21292,43,487,1,308.0082,15000.0000,0,0,0,0,0,0
n012w8-0,n012w8,0,5,500000,100.0,adaptive,2026-07-05T01:03:14+01:00,4,0,35,41633,58,31.653082,525,540,525,15,2.7778,GLOBAL_BEST,0,101,6942,71963,21906,44,840,-51,178.5714,0.0000,0,0,0,0,0,0
n012w8-0,n012w8,0,5,500000,100.0,adaptive,2026-07-05T01:03:14+01:00,4,0,35,41646,58,31.641714,510,525,510,15,2.8571,GLOBAL_BEST,0,101,6944,71997,21913,45,13,0,11538.4615,0.0000,0,0,0,0,0,0
n012w8-0,n012w8,0,5,500000,100.0,adaptive,2026-07-05T01:03:14+01:00,4,0,35,42474,60,30.926018,500,510,500,10,1.9608,GLOBAL_BEST,0,101,7005,73404,22525,46,828,2,120.7729,5000.0000,0,0,0,0,0,0
n012w8-0,n012w8,0,5,500000,100.0,adaptive,2026-07-05T01:03:14+01:00,4,0,35,42488,60,30.914057,485,500,485,15,3.0000,GLOBAL_BEST,0,101,7005,73421,22534,47,14,0,10714.2857,0.0000,0,0,0,0,0,0
n012w8-0,n012w8,0,5,500000,100.0,adaptive,2026-07-05T01:03:14+01:00,4,0,35,42497,60,30.906370,455,485,455,30,6.1856,GLOBAL_BEST,0,101,7005,73432,22542,48,9,0,33333.3333,0.0000,0,0,0,0,0,0
n012w8-0,n012w8,0,5,500000,100.0,adaptive,2026-07-05T01:03:14+01:00,4,2,35,43390,112,30.153102,460,510,460,50,9.8039,LOCAL_BEST,1,101,7102,73978,23242,49,893,52,559.9104,961.5385,0,0,0,0,0,0
n012w8-0,n012w8,0,5,500000,100.0,adaptive,2026-07-05T01:03:14+01:00,4,0,35,44527,63,29.220524,450,455,450,5,1.0989,GLOBAL_BEST,0,101,7150,76683,24099,50,1137,-49,43.9754,0.0000,0,0,0,0,0,0
n012w8-0,n012w8,0,5,500000,100.0,adaptive,2026-07-05T01:03:14+01:00,4,0,35,46069,65,28.001674,420,450,420,30,6.6667,GLOBAL_BEST,0,101,7256,79192,25241,51,1542,2,194.5525,15000.0000,0,0,0,0,0,0
n012w8-0,n012w8,0,5,500000,100.0,adaptive,2026-07-05T01:03:14+01:00,4,0,35,46089,65,27.986204,390,420,390,30,7.1429,GLOBAL_BEST,0,101,7258,79214,25258,52,20,0,15000.0000,0.0000,0,0,0,0,0,0
n012w8-0,n012w8,0,5,500000,100.0,adaptive,2026-07-05T01:03:14+01:00,4,2,35,46933,117,27.341101,440,460,440,20,4.3478,LOCAL_BEST,1,101,7349,79712,25932,53,844,52,236.9668,384.6154,0,0,0,0,0,0
n012w8-0,n012w8,0,5,500000,100.0,adaptive,2026-07-05T01:03:14+01:00,4,2,35,46940,117,27.335813,395,440,395,45,10.2273,LOCAL_BEST,1,101,7350,79718,25935,54,7,0,64285.7143,0.0000,0,0,0,0,0,0
n012w8-0,n012w8,0,5,500000,100.0,adaptive,2026-07-05T01:03:14+01:00,4,0,35,51223,71,24.284882,330,390,330,60,15.3846,GLOBAL_BEST,0,101,7574,87515,29258,55,4283,-46,140.0887,0.0000,0,0,0,0,0,0
n012w8-0,n012w8,0,5,500000,100.0,adaptive,2026-07-05T01:03:14+01:00,4,0,35,51859,72,23.861844,300,330,300,30,9.0909,GLOBAL_BEST,0,101,7602,88581,29782,56,636,1,471.6981,30000.0000,0,0,0,0,0,0
n012w8-0,n012w8,0,5,500000,100.0,adaptive,2026-07-05T01:03:14+01:00,4,2,35,52248,123,23.606739,390,395,390,5,1.2658,LOCAL_BEST,1,101,7660,88001,30155,57,389,51,128.5347,98.0392,0,0,0,0,0,0
n012w8-0,n012w8,0,5,500000,100.0,adaptive,2026-07-05T01:03:14+01:00,4,2,35,52254,123,23.602826,360,390,360,30,7.6923,LOCAL_BEST,1,101,7660,88011,30160,58,6,0,50000.0000,0.0000,0,0,0,0,0,0
n012w8-0,n012w8,0,5,500000,100.0,adaptive,2026-07-05T01:03:14+01:00,4,2,35,52256,123,23.601521,330,360,330,30,8.3333,LOCAL_BEST,1,101,7660,88016,30161,59,2,0,150000.0000,0.0000,0,0,0,0,0,0
n012w8-0,n012w8,0,5,500000,100.0,adaptive,2026-07-05T01:03:14+01:00,4,0,35,52291,72,23.578708,285,300,285,15,5.0000,GLOBAL_BEST,0,101,7621,89344,30146,60,35,-51,4285.7143,0.0000,0,0,0,0,0,0
n012w8-0,n012w8,0,5,500000,100.0,adaptive,2026-07-05T01:03:14+01:00,4,3,35,67275,190,15.585186,220,255,220,35,13.7255,LOCAL_BEST,1,101,8064,111374,43250,61,14984,118,23.3582,296.6102,0,0,0,0,0,0
n012w8-0,n012w8,0,5,500000,100.0,adaptive,2026-07-05T01:03:14+01:00,4,3,35,67281,190,15.582603,210,220,210,10,4.5455,LOCAL_BEST,1,101,8064,111388,43255,62,6,0,16666.6667,0.0000,0,0,0,0,0,0
n012w8-0,n012w8,0,5,500000,100.0,adaptive,2026-07-05T01:03:14+01:00,4,3,35,67312,190,15.569261,195,210,195,15,7.1429,GLOBAL_BEST,1,101,8064,111431,43282,63,31,0,4838.7097,0.0000,0,0,0,0,0,0
n012w8-0,n012w8,0,5,500000,100.0,adaptive,2026-07-05T01:03:14+01:00,4,2,35,72347,149,13.547152,315,330,315,15,4.5455,LOCAL_BEST,1,101,8336,120550,47416,64,5035,-41,29.7915,0.0000,0,0,0,0,0,0
n012w8-0,n012w8,0,5,500000,100.0,adaptive,2026-07-05T01:03:14+01:00,4,2,35,72658,149,13.431237,270,315,270,45,14.2857,LOCAL_BEST,1,101,8340,121058,47706,65,311,0,1446.9453,0.0000,0,0,0,0,0,0
n012w8-0,n012w8,0,5,500000,100.0,adaptive,2026-07-05T01:03:14+01:00,4,2,35,73392,150,13.161579,255,270,255,15,5.5556,LOCAL_BEST,1,101,8349,122257,48381,66,734,1,204.3597,15000.0000,0,0,0,0,0,0
n012w8-0,n012w8,0,5,500000,100.0,adaptive,2026-07-05T01:03:14+01:00,4,0,35,73660,100,13.064476,255,285,255,30,10.5263,GLOBAL_BEST,0,101,8295,122356,48593,67,268,-50,1119.4030,0.0000,0,0,0,0,0,0
n012w8-0,n012w8,0,5,500000,100.0,adaptive,2026-07-05T01:03:14+01:00,4,2,35,74000,150,12.942316,240,255,240,15,5.8824,LOCAL_BEST,1,101,8359,123182,48929,68,340,50,441.1765,300.0000,0,0,0,0,0,0
n012w8-0,n012w8,0,5,500000,100.0,adaptive,2026-07-05T01:03:14+01:00,4,0,35,75496,102,12.418239,240,255,240,15,5.8824,GLOBAL_BEST,0,101,8316,125057,50335,69,1496,-48,100.2674,0.0000,0,0,0,0,0,0
n012w8-0,n012w8,0,5,500000,100.0,adaptive,2026-07-05T01:03:14+01:00,4,2,35,75904,152,12.279028,225,240,225,15,6.2500,LOCAL_BEST,1,101,8396,126101,50657,70,408,50,367.6471,300.0000,0,0,0,0,0,0
n012w8-0,n012w8,0,5,500000,100.0,adaptive,2026-07-05T01:03:14+01:00,4,0,35,76226,102,12.170264,225,240,225,15,6.2500,GLOBAL_BEST,0,101,8323,126203,51029,71,322,-50,465.8385,0.0000,0,0,0,0,0,0
n012w8-0,n012w8,0,5,500000,100.0,adaptive,2026-07-05T01:03:14+01:00,4,0,35,79272,106,11.187885,210,225,210,15,6.6667,GLOBAL_BEST,0,101,8359,130782,53905,72,3046,4,49.2449,3750.0000,0,0,0,0,0,0
n012w8-0,n012w8,0,5,500000,100.0,adaptive,2026-07-05T01:03:14+01:00,4,4,35,80973,295,10.674216,190,195,190,5,2.5641,GLOBAL_BEST,2,101,8443,132756,55713,73,1701,189,29.3945,26.4550,0,0,0,0,0,0
n012w8-0,n012w8,0,5,500000,100.0,adaptive,2026-07-05T01:03:14+01:00,4,4,35,82910,298,10.117938,180,190,180,10,5.2632,GLOBAL_BEST,2,101,8473,135720,57481,74,1937,3,51.6262,3333.3333,0,0,0,0,0,0
n012w8-0,n012w8,0,5,500000,100.0,adaptive,2026-07-05T01:03:14+01:00,4,4,35,83422,298,9.975806,165,180,165,15,8.3333,GLOBAL_BEST,2,101,8477,136468,57956,75,512,0,292.9688,0.0000,0,0,0,0,0,0
n012w8-0,n012w8,0,5,500000,100.0,adaptive,2026-07-05T01:03:14+01:00,4,4,35,112253,332,4.497550,150,165,150,15,9.0909,GLOBAL_BEST,2,101,8595,180138,85170,76,28831,34,5.2027,441.1765,0,0,0,0,0,0
n012w8-0,n012w8,0,5,500000,100.0,adaptive,2026-07-05T01:03:14+01:00,4,3,35,117312,249,3.910713,235,195,195,0,0.0000,REHEAT,1,101,8368,182051,89545,77,5059,-83,0.0000,0.0000,0,0,0,0,0,0
n012w8-0,n012w8,0,5,500000,100.0,adaptive,2026-07-05T01:03:14+01:00,4,0,35,129272,164,2.810192,225,210,210,0,0.0000,REHEAT,0,101,8458,205551,101726,78,11960,-85,0.0000,0.0000,0,0,0,0,0,0
n012w8-0,n012w8,0,5,500000,100.0,adaptive,2026-07-05T01:03:14+01:00,4,4,35,162253,391,1.129702,160,150,150,0,0.0000,REHEAT,2,101,8608,254463,133022,79,32981,227,0.0000,0.0000,0,0,0,0,0,0
n012w8-0,n012w8,0,5,500000,100.0,adaptive,2026-07-05T01:03:14+01:00,4,3,35,167312,316,25.118864,655,195,195,0,0.0000,REHEAT,1,101,15899,266279,117897,80,5059,-75,0.0000,0.0000,0,0,0,0,0,0
n012w8-0,n012w8,0,5,500000,100.0,adaptive,2026-07-05T01:03:14+01:00,4,0,35,179272,232,25.118864,420,210,210,0,0.0000,REHEAT,0,101,16020,290183,129922,81,11960,-84,0.0000,0.0000,0,0,0,0,0,0
n012w8-0,n012w8,0,5,500000,100.0,adaptive,2026-07-05T01:03:14+01:00,4,4,35,212253,458,25.118864,505,150,150,0,0.0000,REHEAT,2,101,16114,339513,161224,82,32981,226,0.0000,0.0000,0,0,0,0,0,0
n012w8-0,n012w8,0,5,500000,100.0,adaptive,2026-07-05T01:03:14+01:00,4,3,35,217312,384,25.118864,645,195,195,0,0.0000,REHEAT,1,101,23240,351723,146499,83,5059,-74,0.0000,0.0000,0,0,0,0,0,0
n012w8-0,n012w8,0,5,500000,100.0,adaptive,2026-07-05T01:03:14+01:00,4,0,35,229272,301,25.118864,735,210,210,0,0.0000,REHEAT,0,101,23508,375189,158242,84,11960,-83,0.0000,0.0000,0,0,0,0,0,0
n012w8-0,n012w8,0,5,500000,100.0,adaptive,2026-07-05T01:03:14+01:00,4,4,35,262253,528,25.118864,565,150,150,0,0.0000,REHEAT,2,101,23681,425015,189459,85,32981,227,0.0000,0.0000,0,0,0,0,0,0
n012w8-0,n012w8,0,5,500000,100.0,adaptive,2026-07-05T01:03:14+01:00,4,3,35,267312,453,25.118864,570,195,195,0,0.0000,REHEAT,1,101,30842,437299,174727,86,5059,-75,0.0000,0.0000,0,0,0,0,0,0
n012w8-0,n012w8,0,5,500000,100.0,adaptive,2026-07-05T01:03:14+01:00,4,0,35,279272,369,25.118864,990,210,210,0,0.0000,REHEAT,0,101,30940,459885,186613,87,11960,-84,0.0000,0.0000,0,0,0,0,0,0
n012w8-0,n012w8,0,5,500000,100.0,adaptive,2026-07-05T01:03:14+01:00,4,4,35,312253,597,25.118864,640,150,150,0,0.0000,REHEAT,2,101,31056,508593,218051,88,32981,228,0.0000,0.0000,0,0,0,0,0,0
n012w8-0,n012w8,0,5,500000,100.0,adaptive,2026-07-05T01:03:14+01:00,4,3,35,317312,520,25.118864,580,195,195,0,0.0000,REHEAT,1,101,38368,522707,203045,89,5059,-77,0.0000,0.0000,0,0,0,0,0,0
n012w8-0,n012w8,0,5,500000,100.0,adaptive,2026-07-05T01:03:14+01:00,4,0,35,329272,437,25.118864,560,210,210,0,0.0000,REHEAT,0,101,38552,545187,214561,90,11960,-83,0.0000,0.0000,0,0,0,0,0,0
n012w8-0,n012w8,0,5,500000,100.0,adaptive,2026-07-05T01:03:14+01:00,4,4,35,362253,666,25.118864,595,150,150,0,0.0000,REHEAT,2,101,38521,592118,246333,91,32981,229,0.0000,0.0000,0,0,0,0,0,0
n012w8-0,n012w8,0,5,500000,100.0,adaptive,2026-07-05T01:03:14+01:00,4,3,35,367312,592,25.118864,570,195,195,0,0.0000,REHEAT,1,101,46039,608014,231023,92,5059,-74,0.0000,0.0000,0,0,0,0,0,0
n012w8-0,n012w8,0,5,500000,100.0,adaptive,2026-07-05T01:03:14+01:00,4,0,35,379272,505,25.118864,555,210,210,0,0.0000,REHEAT,0,101,45999,631235,242849,93,11960,-87,0.0000,0.0000,0,0,0,0,0,0
n012w8-0,n012w8,0,5,500000,100.0,adaptive,2026-07-05T01:03:14+01:00,4,4,35,412253,734,25.118864,915,150,150,0,0.0000,REHEAT,2,101,46177,677147,274405,94,32981,229,0.0000,0.0000,0,0,0,0,0,0
n012w8-0,n012w8,0,5,500000,100.0,adaptive,2026-07-05T01:03:14+01:00,4,3,35,417312,664,25.118864,540,195,195,0,0.0000,REHEAT,1,101,53645,692962,259190,95,5059,-70,0.0000,0.0000,0,0,0,0,0,0
n012w8-0,n012w8,0,5,500000,100.0,adaptive,2026-07-05T01:03:14+01:00,4,0,35,429272,575,25.118864,795,210,210,0,0.0000,REHEAT,0,101,53576,716216,271241,96,11960,-89,0.0000,0.0000,0,0,0,0,0,0
n012w8-0,n012w8,0,5,500000,100.0,adaptive,2026-07-05T01:03:14+01:00,4,4,35,462253,802,25.118864,675,150,150,0,0.0000,REHEAT,2,101,53477,761454,303160,97,32981,227,0.0000,0.0000,0,0,0,0,0,0
n012w8-0,n012w8,0,5,500000,100.0,adaptive,2026-07-05T01:03:14+01:00,4,3,35,467312,731,25.118864,615,195,195,0,0.0000,REHEAT,1,101,61030,776653,287722,98,5059,-71,0.0000,0.0000,0,0,0,0,0,0
n012w8-0,n012w8,0,5,500000,100.0,adaptive,2026-07-05T01:03:14+01:00,4,0,35,479272,645,25.118864,570,210,210,0,0.0000,REHEAT,0,101,61065,800964,299473,99,11960,-86,0.0000,0.0000,0,0,0,0,0,0
n012w8-0,n012w8,0,5,500000,100.0,adaptive,2026-07-05T01:03:14+01:00,5,0,57,2,1,99.997237,4335,4350,4335,15,0.3448,GLOBAL_BEST,0,202,0,1,0,1,2,1,75000.0000,15000.0000,0,0,0,0,0,0
n012w8-0,n012w8,0,5,500000,100.0,adaptive,2026-07-05T01:03:14+01:00,5,2,57,2,60,99.997237,665,680,665,15,2.2059,LOCAL_BEST,1,202,0,1,0,2,0,59,0.0000,254.2373,0,0,0,0,0,0
n012w8-0,n012w8,0,5,500000,100.0,adaptive,2026-07-05T01:03:14+01:00,5,0,57,4,1,99.991711,4125,4335,4125,210,4.8443,GLOBAL_BEST,0,202,0,3,0,3,2,-59,1050000.0000,0.0000,0,0,0,0,0,0
n012w8-0,n012w8,0,5,500000,100.0,adaptive,2026-07-05T01:03:14+01:00,5,0,57,8,1,99.980660,3765,4125,3765,360,8.7273,GLOBAL_BEST,0,202,1,16,0,4,4,0,900000.0000,0.0000,0,0,0,0,0,0
n012w8-0,n012w8,0,5,500000,100.0,adaptive,2026-07-05T01:03:14+01:00,5,0,57,9,1,99.977898,3585,3765,3585,180,4.7809,GLOBAL_BEST,0,202,1,16,0,5,1,0,1800000.0000,0.0000,0,0,0,0,0,0
n012w8-0,n012w8,0,5,500000,100.0,adaptive,2026-07-05T01:03:14+01:00,5,0,57,11,1,99.972373,3540,3585,3540,45,1.2552,GLOBAL_BEST,0,202,1,17,0,6,2,0,225000.0000,0.0000,0,0,0,0,0,0
n012w8-0,n012w8,0,5,500000,100.0,adaptive,2026-07-05T01:03:14+01:00,5,0,57,12,1,99.969610,3350,3540,3350,190,5.3672,GLOBAL_BEST,0,202,1,21,0,7,1,0,1900000.0000,0.0000,0,0,0,0,0,0
n012w8-0,n012w8,0,5,500000,100.0,adaptive,2026-07-05T01:03:14+01:00,5,0,57,13,1,99.966848,3110,3350,3110,240,7.1642,GLOBAL_BEST,0,202,1,21,0,8,1,0,2400000.0000,0.0000,0,0,0,0,0,0
n012w8-0,n012w8,0,5,500000,100.0,adaptive,2026-07-05T01:03:14+01:00,5,0,57,14,1,99.964086,3035,3110,3035,75,2.4116,GLOBAL_BEST,0,202,1,25,0,9,1,0,750000.0000,0.0000,0,0,0,0,0,0
n012w8-0,n012w8,0,5,500000,100.0,adaptive,2026-07-05T01:03:14+01:00,5,0,57,15,1,99.961324,2900,3035,2900,135,4.4481,GLOBAL_BEST,0,202,1,25,0,10,1,0,1350000.0000,0.0000,0,0,0,0,0,0
n012w8-0,n012w8,0,5,500000,100.0,adaptive,2026-07-05T01:03:14+01:00,5,0,57,16,1,99.958562,2700,2900,2700,200,6.8966,GLOBAL_BEST,0,202,1,25,0,11,1,0,2000000.0000,0.0000,0,0,0,0,0,0
n012w8-0,n012w8,0,5,500000,100.0,adaptive,2026-07-05T01:03:14+01:00,5,0,57,18,1,99.953038,2670,2700,2670,30,1.1111,GLOBAL_BEST,0,202,1,28,1,12,2,0,150000.0000,0.0000,0,0,0,0,0,0
n012w8-0,n012w8,0,5,500000,100.0,adaptive,2026-07-05T01:03:14+01:00,5,0,57,20,1,99.947515,2495,2670,2495,175,6.5543,GLOBAL_BEST,0,202,1,31,1,13,2,0,875000.0000,0.0000,0,0,0,0,0,0
n012w8-0,n012w8,0,5,500000,100.0,adaptive,2026-07-05T01:03:14+01:00,5,0,57,23,1,99.939230,2465,2495,2465,30,1.2024,GLOBAL_BEST,0,202,2,31,1,14,3,0,100000.0000,0.0000,0,0,0,0,0,0
n012w8-0,n012w8,0,5,500000,100.0,adaptive,2026-07-05T01:03:14+01:00,5,0,57,29,1,99.922663,2330,2465,2330,135,5.4767,GLOBAL_BEST,0,202,4,38,1,15,6,0,225000.0000,0.0000,0,0,0,0,0,0
n012w8-0,n012w8,0,5,500000,100.0,adaptive,2026-07-05T01:03:14+01:00,5,0,57,30,1,99.919902,2210,2330,2210,120,5.1502,GLOBAL_BEST,0,202,4,38,1,16,1,0,1200000.0000,0.0000,0,0,0,0,0,0
n012w8-0,n012w8,0,5,500000,100.0,adaptive,2026-07-05T01:03:14+01:00,5,0,57,33,1,99.911620,2000,2210,2000,210,9.5023,GLOBAL_BEST,0,202,5,46,2,17,3,0,700000.0000,0.0000,0,0,0,0,0,0
n012w8-0,n012w8,0,5,500000,100.0,adaptive,2026-07-05T01:03:14+01:00,5,0,57,34,1,99.908859,1985,2000,1985,15,0.7500,GLOBAL_BEST,0,202,5,47,2,18,1,0,150000.0000,0.0000,0,0,0,0,0,0
n012w8-0,n012w8,0,5,500000,100.0,adaptive,2026-07-05T01:03:14+01:00,5,0,57,37,1,99.900578,1925,1985,1925,60,3.0227,GLOBAL_BEST,0,202,6,62,3,19,3,0,200000.0000,0.0000,0,0,0,0,0,0
n012w8-0,n012w8,0,5,500000,100.0,adaptive,2026-07-05T01:03:14+01:00,5,0,57,43,1,99.884017,1910,1925,1910,15,0.7792,GLOBAL_BEST,0,202,8,73,4,20,6,0,25000.0000,0.0000,0,0,0,0,0,0
n012w8-0,n012w8,0,5,500000,100.0,adaptive,2026-07-05T01:03:14+01:00,5,0,57,45,1,99.878497,1670,1910,1670,240,12.5654,GLOBAL_BEST,0,202,8,78,5,21,2,0,1200000.0000,0.0000,0,0,0,0,0,0
n012w8-0,n012w8,0,5,500000,100.0,adaptive,2026-07-05T01:03:14+01:00,5,0,57,47,1,99.872978,1595,1670,1595,75,4.4910,GLOBAL_BEST,0,202,9,79,5,22,2,0,375000.0000,0.0000,0,0,0,0,0,0
n012w8-0,n012w8,0,5,500000,100.0,adaptive,2026-07-05T01:03:14+01:00,5,0,57,50,1,99.864700,1575,1595,1575,20,1.2539,GLOBAL_BEST,0,202,10,93,6,23,3,0,66666.6667,0.0000,0,0,0,0,0,0
n012w8-0,n012w8,0,5,500000,100.0,adaptive,2026-07-05T01:03:14+01:00,5,0,57,60,1,99.837110,1545,1575,1545,30,1.9048,GLOBAL_BEST,0,202,12,105,9,24,10,0,30000.0000,0.0000,0,0,0,0,0,0
n012w8-0,n012w8,0,5,500000,100.0,adaptive,2026-07-05T01:03:14+01:00,5,0,57,71,1,99.806770,1525,1545,1525,20,1.2945,GLOBAL_BEST,0,202,15,121,15,25,11,0,18181.8182,0.0000,0,0,0,0,0,0
n012w8-0,n012w8,0,5,500000,100.0,adaptive,2026-07-05T01:03:14+01:00,5,0,57,170,1,99.534124,1435,1525,1435,90,5.9016,GLOBAL_BEST,0,202,40,283,51,26,99,0,9090.9091,0.0000,0,0,0,0,0,0
n012w8-0,n012w8,0,5,500000,100.0,adaptive,2026-07-05T01:03:14+01:00,5,0,57,221,1,99.393961,1405,1435,1405,30,2.0906,GLOBAL_BEST,0,202,51,378,74,27,51,0,5882.3529,0.0000,0,0,0,0,0,0
n012w8-0,n012w8,0,5,500000,100.0,adaptive,2026-07-05T01:03:14+01:00,5,0,57,427,2,98.829819,1265,1405,1265,140,9.9644,GLOBAL_BEST,0,202,110,694,133,28,206,1,6796.1165,140000.0000,0,0,0,0,0,0
n012w8-0,n012w8,0,5,500000,100.0,adaptive,2026-07-05T01:03:14+01:00,5,0,57,428,2,98.827088,1255,1265,1255,10,0.7905,GLOBAL_BEST,0,202,110,698,133,29,1,0,100000.0000,0.0000,0,0,0,0,0,0
n012w8-0,n012w8,0,5,500000,100.0,adaptive,2026-07-05T01:03:14+01:00,5,0,57,468,2,98.717921,1230,1255,1230,25,1.9920,GLOBAL_BEST,0,202,122,764,144,30,40,0,6250.0000,0.0000,0,0,0,0,0,0
n012w8-0,n012w8,0,5,500000,100.0,adaptive,2026-07-05T01:03:14+01:00,5,0,57,471,2,98.709738,1200,1230,1200,30,2.4390,GLOBAL_BEST,0,202,122,764,146,31,3,0,100000.0000,0.0000,0,0,0,0,0,0
n012w8-0,n012w8,0,5,500000,100.0,adaptive,2026-07-05T01:03:14+01:00,5,0,57,820,2,97.762433,1135,1200,1135,65,5.4167,GLOBAL_BEST,0,202,193,1347,274,32,349,0,1862.4642,0.0000,0,0,0,0,0,0
n012w8-0,n012w8,0,5,500000,100.0,adaptive,2026-07-05T01:03:14+01:00,5,0,57,824,2,97.751628,1130,1135,1130,5,0.4405,GLOBAL_BEST,0,202,194,1355,276,33,4,0,12500.0000,0.0000,0,0,0,0,0,0
n012w8-0,n012w8,0,5,500000,100.0,adaptive,2026-07-05T01:03:14+01:00,5,0,57,858,2,97.659838,1070,1130,1070,60,5.3097,GLOBAL_BEST,0,202,202,1402,287,34,34,0,17647.0588,0.0000,0,0,0,0,0,0
n012w8-0,n012w8,0,5,500000,100.0,adaptive,2026-07-05T01:03:14+01:00,5,0,57,4214,7,89.011066,1005,1070,1005,65,6.0748,GLOBAL_BEST,0,202,1036,6947,1450,35,3356,5,193.6830,13000.0000,0,0,0,0,0,0
n012w8-0,n012w8,0,5,500000,100.0,adaptive,2026-07-05T01:03:14+01:00,5,0,57,6726,12,83.042421,1000,1005,1000,5,0.4975,GLOBAL_BEST,0,202,1623,11006,2380,36,2512,5,19.9045,1000.0000,0,0,0,0,0,0
n012w8-0,n012w8,0,5,500000,100.0,adaptive,2026-07-05T01:03:14+01:00,5,0,57,6837,12,82.788116,975,1000,975,25,2.5000,GLOBAL_BEST,0,202,1647,11179,2430,37,111,0,2252.2523,0.0000,0,0,0,0,0,0
n012w8-0,n012w8,0,5,500000,100.0,adaptive,2026-07-05T01:03:14+01:00,5,0,57,7878,14,80.440729,970,975,970,5,0.5128,GLOBAL_BEST,0,202,1895,12837,2835,38,1041,2,48.0307,2500.0000,0,0,0,0,0,0
n012w8-0,n012w8,0,5,500000,100.0,adaptive,2026-07-05T01:03:14+01:00,5,0,57,8288,14,79.534581,905,970,905,65,6.7010,GLOBAL_BEST,0,202,1980,13530,3021,39,410,0,1585.3659,0.0000,0,0,0,0,0,0
n012w8-0,n012w8,0,5,500000,100.0,adaptive,2026-07-05T01:03:14+01:00,5,0,57,10382,17,75.063360,870,905,870,35,3.8674,GLOBAL_BEST,0,202,2433,16892,3902,40,2094,3,167.1442,11666.6667,0,0,0,0,0,0
n012w8-0,n012w8,0,5,500000,100.0,adaptive,2026-07-05T01:03:14+01:00,5,0,57,10618,17,74.575470,815,870,815,55,6.3218,GLOBAL_BEST,0,202,2478,17288,4012,41,236,0,2330.5085,0.0000,0,0,0,0,0,0
n012w8-0,n012w8,0,5,500000,100.0,adaptive,2026-07-05T01:03:14+01:00,5,0,57,22160,35,54.211572,775,815,775,40,4.9080,GLOBAL_BEST,0,202,4651,36367,9620,42,11542,18,34.6560,2222.2222,0,0,0,0,0,0
n012w8-0,n012w8,0,5,500000,100.0,adaptive,2026-07-05T01:03:14+01:00,5,0,57,22163,35,54.207078,685,775,685,90,11.6129,GLOBAL_BEST,0,202,4651,36368,9622,43,3,0,300000.0000,0.0000,0,0,0,0,0,0
n012w8-0,n012w8,0,5,500000,100.0,adaptive,2026-07-05T01:03:14+01:00,5,2,57,33710,112,39.399617,655,665,655,10,1.5038,LOCAL_BEST,1,202,6385,55685,16489,44,11547,77,8.6603,129.8701,0,0,0,0,0,0
n012w8-0,n012w8,0,5,500000,100.0,adaptive,2026-07-05T01:03:14+01:00,5,0,57,38253,60,34.751696,680,685,680,5,0.7299,GLOBAL_BEST,0,202,6650,62102,19860,45,4543,-52,11.0059,0.0000,0,0,0,0,0,0
n012w8-0,n012w8,0,5,500000,100.0,adaptive,2026-07-05T01:03:14+01:00,5,0,57,38257,60,34.747855,665,680,665,15,2.2059,GLOBAL_BEST,0,202,6650,62103,19862,46,4,0,37500.0000,0.0000,0,0,0,0,0,0
n012w8-0,n012w8,0,5,500000,100.0,adaptive,2026-07-05T01:03:14+01:00,5,0,57,38984,61,34.056813,660,665,660,5,0.7519,GLOBAL_BEST,0,202,6720,63270,20376,47,727,1,68.7758,5000.0000,0,0,0,0,0,0
n012w8-0,n012w8,0,5,500000,100.0,adaptive,2026-07-05T01:03:14+01:00,5,0,57,38991,61,34.050226,630,660,630,30,4.5455,GLOBAL_BEST,0,202,6720,63274,20382,48,7,0,42857.1429,0.0000,0,0,0,0,0,0
n012w8-0,n012w8,0,5,500000,100.0,adaptive,2026-07-05T01:03:14+01:00,5,0,57,38993,61,34.048344,615,630,615,15,2.3810,GLOBAL_BEST,0,202,6720,63275,20383,49,2,0,75000.0000,0.0000,0,0,0,0,0,0
n012w8-0,n012w8,0,5,500000,100.0,adaptive,2026-07-05T01:03:14+01:00,5,0,57,39012,61,34.030474,600,615,600,15,2.4390,GLOBAL_BEST,0,202,6720,63289,20400,50,19,0,7894.7368,0.0000,0,0,0,0,0,0
n012w8-0,n012w8,0,5,500000,100.0,adaptive,2026-07-05T01:03:14+01:00,5,0,57,40129,63,32.996206,550,600,550,50,8.3333,GLOBAL_BEST,0,202,6823,65111,21189,51,1117,2,447.6276,25000.0000,0,0,0,0,0,0
n012w8-0,n012w8,0,5,500000,100.0,adaptive,2026-07-05T01:03:14+01:00,5,2,57,40298,123,32.842484,600,655,600,55,8.3969,LOCAL_BEST,1,202,7101,65894,20950,52,169,60,3254.4379,916.6667,0,0,0,0,0,0
n012w8-0,n012w8,0,5,500000,100.0,adaptive,2026-07-05T01:03:14+01:00,5,0,57,43377,68,30.163935,535,550,535,15,2.7273,GLOBAL_BEST,0,202,7096,70203,23525,53,3079,-55,48.7171,0.0000,0,0,0,0,0,0
n012w8-0,n012w8,0,5,500000,100.0,adaptive,2026-07-05T01:03:14+01:00,5,0,57,43393,68,30.150603,530,535,530,5,0.9346,GLOBAL_BEST,0,202,7097,70221,23537,54,16,0,3125.0000,0.0000,0,0,0,0,0,0
n012w8-0,n012w8,0,5,500000,100.0,adaptive,2026-07-05T01:03:14+01:00,5,0,57,43396,68,30.148104,515,530,515,15,2.8302,GLOBAL_BEST,0,202,7097,70225,23539,55,3,0,50000.0000,0.0000,0,0,0,0,0,0
n012w8-0,n012w8,0,5,500000,100.0,adaptive,2026-07-05T01:03:14+01:00,5,2,57,45561,130,28.397493,570,600,570,30,5.0000,LOCAL_BEST,1,202,7555,74159,24820,56,2165,62,138.5681,483.8710,0,0,0,0,0,0
n012w8-0,n012w8,0,5,500000,100.0,adaptive,2026-07-05T01:03:14+01:00,5,2,57,45602,130,28.365340,555,570,555,15,2.6316,LOCAL_BEST,1,202,7558,74219,24854,57,41,0,3658.5366,0.0000,0,0,0,0,0,0
n012w8-0,n012w8,0,5,500000,100.0,adaptive,2026-07-05T01:03:14+01:00,5,2,57,45606,130,28.362206,535,555,535,20,3.6036,LOCAL_BEST,1,202,7558,74225,24857,58,4,0,50000.0000,0.0000,0,0,0,0,0,0
n012w8-0,n012w8,0,5,500000,100.0,adaptive,2026-07-05T01:03:14+01:00,5,2,57,47659,133,26.798100,530,535,530,5,0.9346,LOCAL_BEST,1,202,7703,77284,26452,59,2053,3,24.3546,1666.6667,0,0,0,0,0,0
n012w8-0,n012w8,0,5,500000,100.0,adaptive,2026-07-05T01:03:14+01:00,5,2,57,47671,133,26.789216,490,530,490,40,7.5472,LOCAL_BEST,1,202,7704,77292,26460,60,12,0,33333.3333,0.0000,0,0,0,0,0,0
n012w8-0,n012w8,0,5,500000,100.0,adaptive,2026-07-05T01:03:14+01:00,5,0,57,56336,87,21.085310,490,515,490,25,4.8544,GLOBAL_BEST,0,202,7965,90792,33592,61,8665,-46,28.8517,0.0000,0,0,0,0,0,0
n012w8-0,n012w8,0,5,500000,100.0,adaptive,2026-07-05T01:03:14+01:00,5,2,57,59768,151,19.177677,445,490,445,45,9.1837,LOCAL_BEST,1,202,8374,95919,36197,62,3432,64,131.1189,703.1250,0,0,0,0,0,0
n012w8-0,n012w8,0,5,500000,100.0,adaptive,2026-07-05T01:03:14+01:00,5,2,57,59774,151,19.174498,430,445,430,15,3.3708,LOCAL_BEST,1,202,8374,95923,36201,63,6,0,25000.0000,0.0000,0,0,0,0,0,0
n012w8-0,n012w8,0,5,500000,100.0,adaptive,2026-07-05T01:03:14+01:00,5,2,57,59829,151,19.145380,415,430,415,15,3.4884,LOCAL_BEST,1,202,8374,96001,36254,64,55,0,2727.2727,0.0000,0,0,0,0,0,0
n012w8-0,n012w8,0,5,500000,100.0,adaptive,2026-07-05T01:03:14+01:00,5,0,57,59915,92,19.099940,485,490,485,5,1.0204,GLOBAL_BEST,0,202,8146,96298,36498,65,86,-59,581.3953,0.0000,0,0,0,0,0,0
n012w8-0,n012w8,0,5,500000,100.0,adaptive,2026-07-05T01:03:14+01:00,5,0,57,60137,92,18.983138,475,485,475,10,2.0619,GLOBAL_BEST,0,202,8156,96608,36686,66,222,0,450.4505,0.0000,0,0,0,0,0,0
n012w8-0,n012w8,0,5,500000,100.0,adaptive,2026-07-05T01:03:14+01:00,5,0,57,60199,92,18.950645,460,475,460,15,3.1579,GLOBAL_BEST,0,202,8158,96692,36738,67,62,0,2419.3548,0.0000,0,0,0,0,0,0
n012w8-0,n012w8,0,5,500000,100.0,adaptive,2026-07-05T01:03:14+01:00,5,0,57,60256,93,18.920822,430,460,430,30,6.5217,GLOBAL_BEST,0,202,8158,96765,36788,68,57,1,5263.1579,30000.0000,0,0,0,0,0,0
n012w8-0,n012w8,0,5,500000,100.0,adaptive,2026-07-05T01:03:14+01:00,5,0,57,60259,93,18.919254,415,430,415,15,3.4884,GLOBAL_BEST,0,202,8158,96767,36790,69,3,0,50000.0000,0.0000,0,0,0,0,0,0
n012w8-0,n012w8,0,5,500000,100.0,adaptive,2026-07-05T01:03:14+01:00,5,0,57,61404,94,18.330065,405,415,405,10,2.4096,GLOBAL_BEST,0,202,8206,98410,37761,70,1145,1,87.3362,10000.0000,0,0,0,0,0,0
n012w8-0,n012w8,0,5,500000,100.0,adaptive,2026-07-05T01:03:14+01:00,5,3,57,61664,202,18.198852,385,395,385,10,2.5316,LOCAL_BEST,1,202,8216,99516,38173,71,260,108,384.6154,92.5926,0,0,0,0,0,0
n012w8-0,n012w8,0,5,500000,100.0,adaptive,2026-07-05T01:03:14+01:00,5,3,57,61732,202,18.164690,380,385,380,5,1.2987,LOCAL_BEST,1,202,8217,99618,38237,72,68,0,735.2941,0.0000,0,0,0,0,0,0
n012w8-0,n012w8,0,5,500000,100.0,adaptive,2026-07-05T01:03:14+01:00,5,3,57,61973,202,18.044132,355,380,355,25,6.5789,LOCAL_BEST,1,202,8225,99983,38448,73,241,0,1037.3444,0.0000,0,0,0,0,0,0
n012w8-0,n012w8,0,5,500000,100.0,adaptive,2026-07-05T01:03:14+01:00,5,2,57,62420,154,17.822639,410,415,410,5,1.2048,LOCAL_BEST,1,202,8456,99835,38487,74,447,-48,111.8568,0.0000,0,0,0,0,0,0
n012w8-0,n012w8,0,5,500000,100.0,adaptive,2026-07-05T01:03:14+01:00,5,3,57,64012,205,17.055639,350,355,350,5,1.4085,LOCAL_BEST,1,202,8284,102942,40239,75,1592,51,31.4070,98.0392,0,0,0,0,0,0
n012w8-0,n012w8,0,5,500000,100.0,adaptive,2026-07-05T01:03:14+01:00,5,2,57,65929,159,16.175734,405,410,405,5,1.2195,LOCAL_BEST,1,202,8563,104904,41523,76,1917,-46,26.0824,0.0000,0,0,0,0,0,0
n012w8-0,n012w8,0,5,500000,100.0,adaptive,2026-07-05T01:03:14+01:00,5,2,57,69997,165,14.455995,400,405,400,5,1.2346,LOCAL_BEST,1,202,8691,111262,45116,77,4068,6,12.2911,833.3333,0,0,0,0,0,0
n012w8-0,n012w8,0,5,500000,100.0,adaptive,2026-07-05T01:03:14+01:00,5,0,57,71258,108,13.960983,395,405,395,10,2.4691,GLOBAL_BEST,0,202,8509,113013,46255,78,1261,-57,79.3021,0.0000,0,0,0,0,0,0
n012w8-0,n012w8,0,5,500000,100.0,adaptive,2026-07-05T01:03:14+01:00,5,0,57,71455,108,13.885196,370,395,370,25,6.3291,GLOBAL_BEST,0,202,8511,113285,46433,79,197,0,1269.0355,0.0000,0,0,0,0,0,0
n012w8-0,n012w8,0,5,500000,100.0,adaptive,2026-07-05T01:03:14+01:00,5,3,57,73430,218,13.147767,340,350,340,10,2.8571,LOCAL_BEST,1,202,8516,117648,48392,80,1975,110,50.6329,90.9091,0,0,0,0,0,0
n012w8-0,n012w8,0,5,500000,100.0,adaptive,2026-07-05T01:03:14+01:00,5,2,57,74626,171,12.720378,380,400,380,20,5.0000,LOCAL_BEST,1,202,8820,118410,49174,81,1196,-47,167.2241,0.0000,0,0,0,0,0,0
n012w8-0,n012w8,0,5,500000,100.0,adaptive,2026-07-05T01:03:14+01:00,5,2,57,76010,174,12.243117,370,380,370,10,2.6316,LOCAL_BEST,1,202,8852,120494,50412,82,1384,3,72.2543,3333.3333,0,0,0,0,0,0
n012w8-0,n012w8,0,5,500000,100.0,adaptive,2026-07-05T01:03:14+01:00,5,2,57,76329,174,12.135677,365,370,365,5,1.3514,LOCAL_BEST,1,202,8855,120945,50707,83,319,0,156.7398,0.0000,0,0,0,0,0,0
n012w8-0,n012w8,0,5,500000,100.0,adaptive,2026-07-05T01:03:14+01:00,5,2,57,76859,175,11.959252,350,365,350,15,4.1096,LOCAL_BEST,1,202,8865,121741,51177,84,530,1,283.0189,15000.0000,0,0,0,0,0,0
n012w8-0,n012w8,0,5,500000,100.0,adaptive,2026-07-05T01:03:14+01:00,5,2,57,77907,176,11.617910,335,350,335,15,4.2857,GLOBAL_BEST,1,202,8882,123259,52134,85,1048,1,143.1298,15000.0000,0,0,0,0,0,0
n012w8-0,n012w8,0,5,500000,100.0,adaptive,2026-07-05T01:03:14+01:00,5,2,57,80734,180,10.744940,320,335,320,15,4.4776,GLOBAL_BEST,1,202,8929,127288,54679,86,2827,4,53.0598,3750.0000,0,0,0,0,0,0
n012w8-0,n012w8,0,5,500000,100.0,adaptive,2026-07-05T01:03:14+01:00,5,2,57,81413,180,10.545229,310,320,310,10,3.1250,GLOBAL_BEST,1,202,8939,128302,55307,87,679,0,147.2754,0.0000,0,0,0,0,0,0
n012w8-0,n012w8,0,5,500000,100.0,adaptive,2026-07-05T01:03:14+01:00,5,0,57,85629,128,9.385642,355,370,355,15,4.0541,GLOBAL_BEST,0,202,8700,134164,59352,88,4216,-52,35.5787,0.0000,0,0,0,0,0,0
n012w8-0,n012w8,0,5,500000,100.0,adaptive,2026-07-05T01:03:14+01:00,5,0,57,87848,130,8.827465,350,355,350,5,1.4085,GLOBAL_BEST,0,202,8722,137601,61395,89,2219,2,22.5327,2500.0000,0,0,0,0,0,0
n012w8-0,n012w8,0,5,500000,100.0,adaptive,2026-07-05T01:03:14+01:00,5,2,57,89741,192,8.377607,295,310,295,15,4.8387,GLOBAL_BEST,1,202,9036,141663,62961,90,1893,62,79.2393,241.9355,0,0,0,0,0,0
n012w8-0,n012w8,0,5,500000,100.0,adaptive,2026-07-05T01:03:14+01:00,5,0,57,137848,198,2.217298,360,350,350,0,0.0000,REHEAT,0,202,8884,210793,108535,91,48107,6,0.0000,0.0000,0,0,0,0,0,0
n012w8-0,n012w8,0,5,500000,100.0,adaptive,2026-07-05T01:03:14+01:00,5,2,57,139741,258,2.104302,295,295,295,0,0.0000,REHEAT,1,202,9124,216856,110747,92,1893,60,0.0000,0.0000,0,0,0,0,0,1
n012w8-0,n012w8,0,5,500000,100.0,adaptive,2026-07-05T01:03:14+01:00,5,0,57,187848,273,25.118864,865,350,350,0,0.0000,REHEAT,0,202,16605,291883,137245,93,48107,15,0.0000,0.0000,0,0,0,0,0,0
n012w8-0,n012w8,0,5,500000,100.0,adaptive,2026-07-05T01:03:14+01:00,5,2,57,189741,334,25.118864,860,295,295,0,0.0000,REHEAT,1,202,16901,297741,139131,94,1893,61,0.0000,0.0000,0,0,0,0,0,1
n012w8-0,n012w8,0,5,500000,100.0,adaptive,2026-07-05T01:03:14+01:00,5,0,57,237848,350,25.118864,640,350,350,0,0.0000,REHEAT,0,202,24398,373199,165840,95,48107,16,0.0000,0.0000,0,0,0,0,0,0
n012w8-0,n012w8,0,5,500000,100.0,adaptive,2026-07-05T01:03:14+01:00,5,2,57,239741,410,25.118864,645,295,295,0,0.0000,REHEAT,1,202,24604,380125,167586,96,1893,60,0.0000,0.0000,0,0,0,0,0,1
n012w8-0,n012w8,0,5,500000,100.0,adaptive,2026-07-05T01:03:14+01:00,5,0,57,287848,426,25.118864,660,350,350,0,0.0000,REHEAT,0,202,32195,455431,194041,97,48107,16,0.0000,0.0000,0,0,0,0,0,0
n012w8-0,n012w8,0,5,500000,100.0,adaptive,2026-07-05T01:03:14+01:00,5,2,57,289741,493,25.118864,685,295,295,0,0.0000,REHEAT,1,202,32405,461553,195784,98,1893,67,0.0000,0.0000,0,0,0,0,0,1
n012w8-0,n012w8,0,5,500000,100.0,adaptive,2026-07-05T01:03:14+01:00,5,0,57,337848,506,25.118864,700,350,350,0,0.0000,REHEAT,0,202,39926,536965,222299,99,48107,13,0.0000,0.0000,0,0,0,0,0,0
n012w8-0,n012w8,0,5,500000,100.0,adaptive,2026-07-05T01:03:14+01:00,5,2,57,339741,573,25.118864,735,295,295,0,0.0000,REHEAT,1,202,40151,542968,224135,100,1893,67,0.0000,0.0000,0,0,0,0,0,1
n012w8-0,n012w8,0,5,500000,100.0,adaptive,2026-07-05T01:03:14+01:00,5,0,57,387848,587,25.118864,790,350,350,0,0.0000,REHEAT,0,202,47560,618011,250863,101,48107,14,0.0000,0.0000,0,0,0,0,0,0
n012w8-0,n012w8,0,5,500000,100.0,adaptive,2026-07-05T01:03:14+01:00,5,2,57,389741,649,25.118864,845,295,295,0,0.0000,REHEAT,1,202,47916,624209,252501,102,1893,62,0.0000,0.0000,0,0,0,0,0,1
n012w8-0,n012w8,0,5,500000,100.0,adaptive,2026-07-05T01:03:14+01:00,5,0,57,437848,663,25.118864,600,350,350,0,0.0000,REHEAT,0,202,55153,699916,279634,103,48107,14,0.0000,0.0000,0,0,0,0,0,0
n012w8-0,n012w8,0,5,500000,100.0,adaptive,2026-07-05T01:03:14+01:00,5,2,57,439741,725,25.118864,800,295,295,0,0.0000,REHEAT,1,202,55661,705661,281152,104,1893,62,0.0000,0.0000,0,0,0,0,0,1
n012w8-0,n012w8,0,5,500000,100.0,adaptive,2026-07-05T01:03:14+01:00,5,0,57,487848,739,25.118864,655,350,350,0,0.0000,REHEAT,0,202,62935,781867,308043,105,48107,14,0.0000,0.0000,0,0,0,0,0,0
n012w8-0,n012w8,0,5,500000,100.0,adaptive,2026-07-05T01:03:14+01:00,5,2,57,489741,801,25.118864,1010,295,295,0,0.0000,REHEAT,1,202,63468,787586,309424,106,1893,62,0.0000,0.0000,0,0,0,0,0,1
n012w8-0,n012w8,0,5,500000,100.0,adaptive,2026-07-05T01:03:14+01:00,6,0,64,1,0,100.000000,3505,3535,3505,30,0.8487,GLOBAL_BEST,0,42,0,1,0,1,1,0,300000.0000,0.0000,0,0,0,0,0,0
n012w8-0,n012w8,0,5,500000,100.0,adaptive,2026-07-05T01:03:14+01:00,6,2,64,1,39,100.000000,625,640,625,15,2.3438,GLOBAL_BEST,1,42,0,0,0,2,0,39,0.0000,384.6154,0,0,0,0,0,0
n012w8-0,n012w8,0,5,500000,100.0,adaptive,2026-07-05T01:03:14+01:00,6,0,64,3,0,99.994474,3475,3505,3475,30,0.8559,GLOBAL_BEST,0,42,0,2,0,3,2,-39,150000.0000,0.0000,0,0,0,0,0,0
n012w8-0,n012w8,0,5,500000,100.0,adaptive,2026-07-05T01:03:14+01:00,6,0,64,5,0,99.988948,3175,3475,3175,300,8.6331,GLOBAL_BEST,0,42,0,4,0,4,2,0,1500000.0000,0.0000,0,0,0,0,0,0
n012w8-0,n012w8,0,5,500000,100.0,adaptive,2026-07-05T01:03:14+01:00,6,0,64,6,0,99.986185,3025,3175,3025,150,4.7244,GLOBAL_BEST,0,42,0,12,0,5,1,0,1500000.0000,0.0000,0,0,0,0,0,0
n012w8-0,n012w8,0,5,500000,100.0,adaptive,2026-07-05T01:03:14+01:00,6,0,64,7,0,99.983423,2830,3025,2830,195,6.4463,GLOBAL_BEST,0,42,0,12,0,6,1,0,1950000.0000,0.0000,0,0,0,0,0,0
n012w8-0,n012w8,0,5,500000,100.0,adaptive,2026-07-05T01:03:14+01:00,6,0,64,9,0,99.977898,2725,2830,2725,105,3.7102,GLOBAL_BEST,0,42,0,22,0,7,2,0,525000.0000,0.0000,0,0,0,0,0,0
n012w8-0,n012w8,0,5,500000,100.0,adaptive,2026-07-05T01:03:14+01:00,6,0,64,10,0,99.975135,2575,2725,2575,150,5.5046,GLOBAL_BEST,0,42,0,24,0,8,1,0,1500000.0000,0.0000,0,0,0,0,0,0
n012w8-0,n012w8,0,5,500000,100.0,adaptive,2026-07-05T01:03:14+01:00,6,0,64,12,0,99.969610,2380,2575,2380,195,7.5728,GLOBAL_BEST,0,42,0,29,1,9,2,0,975000.0000,0.0000,0,0,0,0,0,0
n012w8-0,n012w8,0,5,500000,100.0,adaptive,2026-07-05T01:03:14+01:00,6,0,64,23,0,99.939230,2350,2380,2350,30,1.2605,GLOBAL_BEST,0,42,3,60,4,10,11,0,27272.7273,0.0000,0,0,0,0,0,0
n012w8-0,n012w8,0,5,500000,100.0,adaptive,2026-07-05T01:03:14+01:00,6,0,64,24,0,99.936469,2245,2350,2245,105,4.4681,GLOBAL_BEST,0,42,3,63,4,11,1,0,1050000.0000,0.0000,0,0,0,0,0,0
n012w8-0,n012w8,0,5,500000,100.0,adaptive,2026-07-05T01:03:14+01:00,6,0,64,28,0,99.925424,2140,2245,2140,105,4.6771,GLOBAL_BEST,0,42,4,70,5,12,4,0,262500.0000,0.0000,0,0,0,0,0,0
n012w8-0,n012w8,0,5,500000,100.0,adaptive,2026-07-05T01:03:14+01:00,6,0,64,46,1,99.875738,2125,2140,2125,15,0.7009,GLOBAL_BEST,0,42,8,113,9,13,18,1,8333.3333,15000.0000,0,0,0,0,0,0
n012w8-0,n012w8,0,5,500000,100.0,adaptive,2026-07-05T01:03:14+01:00,6,0,64,47,1,99.872978,2065,2125,2065,60,2.8235,GLOBAL_BEST,0,42,8,116,9,14,1,0,600000.0000,0.0000,0,0,0,0,0,0
n012w8-0,n012w8,0,5,500000,100.0,adaptive,2026-07-05T01:03:14+01:00,6,0,64,49,1,99.867459,2050,2065,2050,15,0.7264,GLOBAL_BEST,0,42,9,118,9,15,2,0,75000.0000,0.0000,0,0,0,0,0,0
n012w8-0,n012w8,0,5,500000,100.0,adaptive,2026-07-05T01:03:14+01:00,6,0,64,55,1,99.850904,1900,2050,1900,150,7.3171,GLOBAL_BEST,0,42,11,126,11,16,6,0,250000.0000,0.0000,0,0,0,0,0,0
n012w8-0,n012w8,0,5,500000,100.0,adaptive,2026-07-05T01:03:14+01:00,6,0,64,57,1,99.845386,1870,1900,1870,30,1.5789,GLOBAL_BEST,0,42,11,132,12,17,2,0,150000.0000,0.0000,0,0,0,0,0,0
n012w8-0,n012w8,0,5,500000,100.0,adaptive,2026-07-05T01:03:14+01:00,6,0,64,81,1,99.779196,1675,1870,1675,195,10.4278,GLOBAL_BEST,0,42,17,170,19,18,24,0,81250.0000,0.0000,0,0,0,0,0,0
n012w8-0,n012w8,0,5,500000,100.0,adaptive,2026-07-05T01:03:14+01:00,6,0,64,89,1,99.757142,1615,1675,1615,60,3.5821,GLOBAL_BEST,0,42,18,190,24,19,8,0,75000.0000,0.0000,0,0,0,0,0,0
n012w8-0,n012w8,0,5,500000,100.0,adaptive,2026-07-05T01:03:14+01:00,6,0,64,108,1,99.704785,1510,1615,1510,105,6.5015,GLOBAL_BEST,0,42,22,217,33,20,19,0,55263.1579,0.0000,0,0,0,0,0,0
n012w8-0,n012w8,0,5,500000,100.0,adaptive,2026-07-05T01:03:14+01:00,6,0,64,109,1,99.702030,1480,1510,1480,30,1.9868,GLOBAL_BEST,0,42,22,221,33,21,1,0,300000.0000,0.0000,0,0,0,0,0,0
n012w8-0,n012w8,0,5,500000,100.0,adaptive,2026-07-05T01:03:14+01:00,6,0,64,112,1,99.693766,1405,1480,1405,75,5.0676,GLOBAL_BEST,0,42,23,232,34,22,3,0,250000.0000,0.0000,0,0,0,0,0,0
n012w8-0,n012w8,0,5,500000,100.0,adaptive,2026-07-05T01:03:14+01:00,6,0,64,131,1,99.641441,1375,1405,1375,30,2.1352,GLOBAL_BEST,0,42,27,268,41,23,19,0,15789.4737,0.0000,0,0,0,0,0,0
n012w8-0,n012w8,0,5,500000,100.0,adaptive,2026-07-05T01:03:14+01:00,6,0,64,132,1,99.638688,1345,1375,1345,30,2.1818,GLOBAL_BEST,0,42,27,269,41,24,1,0,300000.0000,0.0000,0,0,0,0,0,0
n012w8-0,n012w8,0,5,500000,100.0,adaptive,2026-07-05T01:03:14+01:00,6,0,64,133,1,99.635935,1315,1345,1315,30,2.2305,GLOBAL_BEST,0,42,27,278,41,25,1,0,300000.0000,0.0000,0,0,0,0,0,0
n012w8-0,n012w8,0,5,500000,100.0,adaptive,2026-07-05T01:03:14+01:00,6,0,64,135,1,99.630429,1285,1315,1285,30,2.2814,GLOBAL_BEST,0,42,27,278,42,26,2,0,150000.0000,0.0000,0,0,0,0,0,0
n012w8-0,n012w8,0,5,500000,100.0,adaptive,2026-07-05T01:03:14+01:00,6,0,64,161,1,99.558879,1070,1285,1070,215,16.7315,GLOBAL_BEST,0,42,32,330,52,27,26,0,82692.3077,0.0000,0,0,0,0,0,0
n012w8-0,n012w8,0,5,500000,100.0,adaptive,2026-07-05T01:03:14+01:00,6,0,64,367,1,98.993801,1065,1070,1065,5,0.4673,GLOBAL_BEST,0,42,82,716,124,28,206,0,242.7184,0.0000,0,0,0,0,0,0
n012w8-0,n012w8,0,5,500000,100.0,adaptive,2026-07-05T01:03:14+01:00,6,0,64,1374,2,96.277322,1045,1065,1045,20,1.8779,GLOBAL_BEST,0,42,354,2508,396,29,1007,1,198.6097,20000.0000,0,0,0,0,0,0
n012w8-0,n012w8,0,5,500000,100.0,adaptive,2026-07-05T01:03:14+01:00,6,0,64,2253,3,93.967138,985,1045,985,60,5.7416,GLOBAL_BEST,0,42,554,4061,673,30,879,1,682.5939,60000.0000,0,0,0,0,0,0
n012w8-0,n012w8,0,5,500000,100.0,adaptive,2026-07-05T01:03:14+01:00,6,0,64,3615,5,90.496545,880,985,880,105,10.6599,GLOBAL_BEST,0,42,890,6707,1150,31,1362,2,770.9251,52500.0000,0,0,0,0,0,0
n012w8-0,n012w8,0,5,500000,100.0,adaptive,2026-07-05T01:03:14+01:00,6,0,64,3617,5,90.491544,850,880,850,30,3.4091,GLOBAL_BEST,0,42,890,6715,1151,32,2,0,150000.0000,0.0000,0,0,0,0,0,0
n012w8-0,n012w8,0,5,500000,100.0,adaptive,2026-07-05T01:03:14+01:00,6,0,64,8838,13,78.335027,795,850,795,55,6.4706,GLOBAL_BEST,0,42,2072,16116,3156,33,5221,8,105.3438,6875.0000,0,0,0,0,0,0
n012w8-0,n012w8,0,5,500000,100.0,adaptive,2026-07-05T01:03:14+01:00,6,0,64,8845,13,78.319878,745,795,745,50,6.2893,GLOBAL_BEST,0,42,2073,16126,3159,34,7,0,71428.5714,0.0000,0,0,0,0,0,0
n012w8-0,n012w8,0,5,500000,100.0,adaptive,2026-07-05T01:03:14+01:00,6,0,64,21791,31,54.767132,740,745,740,5,0.6711,GLOBAL_BEST,0,42,4626,39111,9115,35,12946,18,3.8622,277.7778,0,0,0,0,0,0
n012w8-0,n012w8,0,5,500000,100.0,adaptive,2026-07-05T01:03:14+01:00,6,0,64,22382,32,53.880051,730,740,730,10,1.3514,GLOBAL_BEST,0,42,4726,40117,9410,36,591,1,169.2047,10000.0000,0,0,0,0,0,0
n012w8-0,n012w8,0,5,500000,100.0,adaptive,2026-07-05T01:03:14+01:00,6,0,64,22499,32,53.706147,715,730,715,15,2.0548,GLOBAL_BEST,0,42,4741,40303,9479,37,117,0,1282.0513,0.0000,0,0,0,0,0,0
n012w8-0,n012w8,0,5,500000,100.0,adaptive,2026-07-05T01:03:14+01:00,6,0,64,22723,32,53.374768,710,715,710,5,0.6993,GLOBAL_BEST,0,42,4780,40675,9604,38,224,0,223.2143,0.0000,0,0,0,0,0,0
n012w8-0,n012w8,0,5,500000,100.0,adaptive,2026-07-05T01:03:14+01:00,6,0,64,22731,32,53.362971,650,710,650,60,8.4507,GLOBAL_BEST,0,42,4780,40683,9609,39,8,0,75000.0000,0.0000,0,0,0,0,0,0
n012w8-0,n012w8,0,5,500000,100.0,adaptive,2026-07-05T01:03:14+01:00,6,0,64,27132,39,47.252849,640,650,640,10,1.5385,GLOBAL_BEST,0,42,5441,48115,12118,40,4401,7,22.7221,1428.5714,0,0,0,0,0,0
n012w8-0,n012w8,0,5,500000,100.0,adaptive,2026-07-05T01:03:14+01:00,6,0,64,31790,45,41.546266,610,640,610,30,4.6875,GLOBAL_BEST,0,42,6085,56146,14944,41,4658,6,64.4053,5000.0000,0,0,0,0,0,0
n012w8-0,n012w8,0,5,500000,100.0,adaptive,2026-07-05T01:03:14+01:00,6,0,64,32681,46,40.535917,600,610,600,10,1.6393,GLOBAL_BEST,0,42,6198,57777,15498,42,891,1,112.2334,10000.0000,0,0,0,0,0,0
n012w8-0,n012w8,0,5,500000,100.0,adaptive,2026-07-05T01:03:14+01:00,6,0,64,32712,46,40.501210,585,600,585,15,2.5000,GLOBAL_BEST,0,42,6202,57830,15517,43,31,0,4838.7097,0.0000,0,0,0,0,0,0
n012w8-0,n012w8,0,5,500000,100.0,adaptive,2026-07-05T01:03:14+01:00,6,2,64,35198,90,37.812553,615,625,615,10,1.6000,LOCAL_BEST,1,42,6596,62133,16745,44,2486,44,40.2253,227.2727,0,0,0,0,0,0
n012w8-0,n012w8,0,5,500000,100.0,adaptive,2026-07-05T01:03:14+01:00,6,0,64,35923,52,37.062610,565,585,565,20,3.4188,GLOBAL_BEST,0,42,6613,63147,17512,45,725,-38,275.8621,0.0000,0,0,0,0,0,0
n012w8-0,n012w8,0,5,500000,100.0,adaptive,2026-07-05T01:03:14+01:00,6,0,64,35932,52,37.053394,535,565,535,30,5.3097,GLOBAL_BEST,0,42,6614,63167,17519,46,9,0,33333.3333,0.0000,0,0,0,0,0,0
n012w8-0,n012w8,0,5,500000,100.0,adaptive,2026-07-05T01:03:14+01:00,6,0,64,36169,52,36.811541,520,535,520,15,2.8037,GLOBAL_BEST,0,42,6634,63547,17683,47,237,0,632.9114,0.0000,0,0,0,0,0,0
n012w8-0,n012w8,0,5,500000,100.0,adaptive,2026-07-05T01:03:14+01:00,6,0,64,38452,56,34.561135,515,520,515,5,0.9615,GLOBAL_BEST,0,42,6878,67170,19186,48,2283,4,21.9010,1250.0000,0,0,0,0,0,0
n012w8-0,n012w8,0,5,500000,100.0,adaptive,2026-07-05T01:03:14+01:00,6,2,64,38834,95,34.198259,605,615,605,10,1.6260,LOCAL_BEST,1,42,6983,68523,19124,49,382,39,261.7801,256.4103,0,0,0,0,0,0
n012w8-0,n012w8,0,5,500000,100.0,adaptive,2026-07-05T01:03:14+01:00,6,2,64,38967,95,34.072814,580,605,580,25,4.1322,LOCAL_BEST,1,42,6997,68728,19214,50,133,0,1879.6992,0.0000,0,0,0,0,0,0
n012w8-0,n012w8,0,5,500000,100.0,adaptive,2026-07-05T01:03:14+01:00,6,0,64,39130,57,33.919700,505,515,505,10,1.9417,GLOBAL_BEST,0,42,6939,68362,19668,51,163,-38,613.4969,0.0000,0,0,0,0,0,0
n012w8-0,n012w8,0,5,500000,100.0,adaptive,2026-07-05T01:03:14+01:00,6,0,64,39187,57,33.866319,495,505,495,10,1.9802,GLOBAL_BEST,0,42,6944,68451,19712,52,57,0,1754.3860,0.0000,0,0,0,0,0,0
n012w8-0,n012w8,0,5,500000,100.0,adaptive,2026-07-05T01:03:14+01:00,6,0,64,39190,57,33.863512,490,495,490,5,1.0101,GLOBAL_BEST,0,42,6944,68459,19714,53,3,0,16666.6667,0.0000,0,0,0,0,0,0
n012w8-0,n012w8,0,5,500000,100.0,adaptive,2026-07-05T01:03:14+01:00,6,2,64,40578,97,32.589373,565,580,565,15,2.5862,LOCAL_BEST,1,42,7145,71237,20356,54,1388,40,108.0692,375.0000,0,0,0,0,0,0
n012w8-0,n012w8,0,5,500000,100.0,adaptive,2026-07-05T01:03:14+01:00,6,2,64,43106,101,30.390651,560,565,560,5,0.8850,LOCAL_BEST,1,42,7374,75559,22119,55,2528,4,19.7785,1250.0000,0,0,0,0,0,0
n012w8-0,n012w8,0,5,500000,100.0,adaptive,2026-07-05T01:03:14+01:00,6,2,64,43117,101,30.381415,545,560,545,15,2.6786,LOCAL_BEST,1,42,7374,75576,22127,56,11,0,13636.3636,0.0000,0,0,0,0,0,0
n012w8-0,n012w8,0,5,500000,100.0,adaptive,2026-07-05T01:03:14+01:00,6,2,64,43132,101,30.368826,530,545,530,15,2.7523,LOCAL_BEST,1,42,7374,75611,22140,57,15,0,10000.0000,0.0000,0,0,0,0,0,0
n012w8-0,n012w8,0,5,500000,100.0,adaptive,2026-07-05T01:03:14+01:00,6,2,64,43634,101,29.950495,485,530,485,45,8.4906,LOCAL_BEST,1,42,7409,76462,22504,58,502,0,896.4143,0.0000,0,0,0,0,0,0
n012w8-0,n012w8,0,5,500000,100.0,adaptive,2026-07-05T01:03:14+01:00,6,2,64,43638,101,29.947185,470,485,470,15,3.0928,LOCAL_BEST,1,42,7409,76467,22507,59,4,0,37500.0000,0.0000,0,0,0,0,0,0
n012w8-0,n012w8,0,5,500000,100.0,adaptive,2026-07-05T01:03:14+01:00,6,0,64,43689,62,29.905013,475,490,475,15,3.0612,GLOBAL_BEST,0,42,7358,75949,22972,60,51,-39,2941.1765,0.0000,0,0,0,0,0,0
n012w8-0,n012w8,0,5,500000,100.0,adaptive,2026-07-05T01:03:14+01:00,6,0,64,44386,63,29.334588,445,475,445,30,6.3158,GLOBAL_BEST,0,42,7406,77152,23502,61,697,1,430.4161,30000.0000,0,0,0,0,0,0
n012w8-0,n012w8,0,5,500000,100.0,adaptive,2026-07-05T01:03:14+01:00,6,0,64,44395,63,29.327294,415,445,415,30,6.7416,GLOBAL_BEST,0,42,7407,77171,23509,62,9,0,33333.3333,0.0000,0,0,0,0,0,0
n012w8-0,n012w8,0,5,500000,100.0,adaptive,2026-07-05T01:03:14+01:00,6,2,64,45475,104,28.465053,430,470,430,40,8.5106,LOCAL_BEST,1,42,7552,79629,23875,63,1080,41,370.3704,975.6098,0,0,0,0,0,0
n012w8-0,n012w8,0,5,500000,100.0,adaptive,2026-07-05T01:03:14+01:00,6,2,64,50633,111,24.684026,410,430,410,20,4.6512,LOCAL_BEST,1,42,7925,88177,27772,64,5158,7,38.7747,2857.1429,0,0,0,0,0,0
n012w8-0,n012w8,0,5,500000,100.0,adaptive,2026-07-05T01:03:14+01:00,6,2,64,50643,111,24.677207,395,410,395,15,3.6585,LOCAL_BEST,1,42,7926,88189,27779,65,10,0,15000.0000,0.0000,0,0,0,0,0,0
n012w8-0,n012w8,0,5,500000,100.0,adaptive,2026-07-05T01:03:14+01:00,6,2,64,50701,111,24.637691,380,395,380,15,3.7975,LOCAL_BEST,1,42,7930,88281,27828,66,58,0,2586.2069,0.0000,0,0,0,0,0,0
n012w8-0,n012w8,0,5,500000,100.0,adaptive,2026-07-05T01:03:14+01:00,6,2,64,50735,111,24.614556,365,380,365,15,3.9474,LOCAL_BEST,1,42,7932,88335,27855,67,34,0,4411.7647,0.0000,0,0,0,0,0,0
n012w8-0,n012w8,0,5,500000,100.0,adaptive,2026-07-05T01:03:14+01:00,6,2,64,50743,111,24.609115,350,365,350,15,4.1096,LOCAL_BEST,1,42,7932,88342,27861,68,8,0,18750.0000,0.0000,0,0,0,0,0,0
n012w8-0,n012w8,0,5,500000,100.0,adaptive,2026-07-05T01:03:14+01:00,6,0,64,52930,75,23.166051,410,415,410,5,1.2048,GLOBAL_BEST,0,42,7986,91614,29948,69,2187,-36,22.8624,0.0000,0,0,0,0,0,0
n012w8-0,n012w8,0,5,500000,100.0,adaptive,2026-07-05T01:03:14+01:00,6,0,64,52963,75,23.144937,395,410,395,15,3.6585,GLOBAL_BEST,0,42,7986,91677,29977,70,33,0,4545.4545,0.0000,0,0,0,0,0,0
n012w8-0,n012w8,0,5,500000,100.0,adaptive,2026-07-05T01:03:14+01:00,6,3,64,55157,154,21.783517,395,410,395,15,3.6585,LOCAL_BEST,1,42,8069,95893,31566,71,2194,79,68.3683,189.8734,0,0,0,0,0,0
n012w8-0,n012w8,0,5,500000,100.0,adaptive,2026-07-05T01:03:14+01:00,6,3,64,55218,154,21.746832,350,395,350,45,11.3924,LOCAL_BEST,1,42,8071,95975,31613,72,61,0,7377.0492,0.0000,0,0,0,0,0,0
n012w8-0,n012w8,0,5,500000,100.0,adaptive,2026-07-05T01:03:14+01:00,6,3,64,55275,154,21.712608,320,350,320,30,8.5714,LOCAL_BEST,1,42,8073,96070,31659,73,57,0,5263.1579,0.0000,0,0,0,0,0,0
n012w8-0,n012w8,0,5,500000,100.0,adaptive,2026-07-05T01:03:14+01:00,6,0,64,57940,82,20.171212,380,395,380,15,3.7975,GLOBAL_BEST,0,42,8278,99953,33881,74,2665,-72,56.2852,0.0000,0,0,0,0,0,0
n012w8-0,n012w8,0,5,500000,100.0,adaptive,2026-07-05T01:03:14+01:00,6,0,64,57951,82,20.165082,335,380,335,45,11.8421,GLOBAL_BEST,0,42,8279,99975,33889,75,11,0,40909.0909,0.0000,0,0,0,0,0,0
n012w8-0,n012w8,0,5,500000,100.0,adaptive,2026-07-05T01:03:14+01:00,6,0,64,57960,82,20.160068,320,335,320,15,4.4776,GLOBAL_BEST,0,42,8279,99980,33897,76,9,0,16666.6667,0.0000,0,0,0,0,0,0
n012w8-0,n012w8,0,5,500000,100.0,adaptive,2026-07-05T01:03:14+01:00,6,2,64,60848,124,18.613841,340,350,340,10,2.8571,LOCAL_BEST,1,42,8483,104753,35895,77,2888,42,34.6260,238.0952,0,0,0,0,0,0
n012w8-0,n012w8,0,5,500000,100.0,adaptive,2026-07-05T01:03:14+01:00,6,2,64,60854,124,18.610755,310,340,310,30,8.8235,LOCAL_BEST,1,42,8483,104761,35899,78,6,0,50000.0000,0.0000,0,0,0,0,0,0
n012w8-0,n012w8,0,5,500000,100.0,adaptive,2026-07-05T01:03:14+01:00,6,2,64,60916,124,18.578900,295,310,295,15,4.8387,LOCAL_BEST,1,42,8484,104861,35956,79,62,0,2419.3548,0.0000,0,0,0,0,0,0
n012w8-0,n012w8,0,5,500000,100.0,adaptive,2026-07-05T01:03:14+01:00,6,4,64,66762,231,15.807675,265,280,265,15,5.3571,LOCAL_BEST,2,42,8751,113862,41004,80,5846,107,25.6586,140.1869,0,0,0,0,0,0
n012w8-0,n012w8,0,5,500000,100.0,adaptive,2026-07-05T01:03:14+01:00,6,4,64,67192,232,15.620970,250,265,250,15,5.6604,LOCAL_BEST,2,42,8757,114498,41402,81,430,1,348.8372,15000.0000,0,0,0,0,0,0
n012w8-0,n012w8,0,5,500000,100.0,adaptive,2026-07-05T01:03:14+01:00,6,3,64,70458,174,14.273024,310,320,310,10,3.1250,LOCAL_BEST,1,42,8655,120763,44482,82,3266,-58,30.6185,0.0000,0,0,0,0,0,0
n012w8-0,n012w8,0,5,500000,100.0,adaptive,2026-07-05T01:03:14+01:00,6,3,64,70796,174,14.140345,305,310,305,5,1.6129,LOCAL_BEST,1,42,8663,121283,44777,83,338,0,147.9290,0.0000,0,0,0,0,0,0
n012w8-0,n012w8,0,5,500000,100.0,adaptive,2026-07-05T01:03:14+01:00,6,3,64,70905,174,14.097821,290,305,290,15,4.9180,LOCAL_BEST,1,42,8663,121471,44882,84,109,0,1376.1468,0.0000,0,0,0,0,0,0
n012w8-0,n012w8,0,5,500000,100.0,adaptive,2026-07-05T01:03:14+01:00,6,3,64,71026,174,14.050766,275,290,275,15,5.1724,LOCAL_BEST,1,42,8665,121653,44992,85,121,0,1239.6694,0.0000,0,0,0,0,0,0
n012w8-0,n012w8,0,5,500000,100.0,adaptive,2026-07-05T01:03:14+01:00,6,3,64,71104,175,14.020516,260,275,260,15,5.4545,GLOBAL_BEST,1,42,8666,121767,45059,86,78,1,1923.0769,15000.0000,0,0,0,0,0,0
n012w8-0,n012w8,0,5,500000,100.0,adaptive,2026-07-05T01:03:14+01:00,6,2,64,71441,138,13.890568,280,295,280,15,5.0847,GLOBAL_BEST,1,42,8793,121166,45012,87,337,-37,445.1039,0.0000,0,0,0,0,0,0
n012w8-0,n012w8,0,5,500000,100.0,adaptive,2026-07-05T01:03:14+01:00,6,2,64,71501,139,13.867558,265,280,265,15,5.3571,GLOBAL_BEST,1,42,8793,121239,45068,88,60,1,2500.0000,15000.0000,0,0,0,0,0,0
n012w8-0,n012w8,0,5,500000,100.0,adaptive,2026-07-05T01:03:14+01:00,6,0,64,72086,101,13.645203,305,320,305,15,4.6875,GLOBAL_BEST,0,42,8784,122893,45867,89,585,-38,256.4103,0.0000,0,0,0,0,0,0
n012w8-0,n012w8,0,5,500000,100.0,adaptive,2026-07-05T01:03:14+01:00,6,0,64,72333,101,13.552393,290,305,290,15,4.9180,GLOBAL_BEST,0,42,8786,123319,46091,90,247,0,607.2874,0.0000,0,0,0,0,0,0
n012w8-0,n012w8,0,5,500000,100.0,adaptive,2026-07-05T01:03:14+01:00,6,4,64,78705,246,11.364544,235,250,235,15,6.0000,LOCAL_BEST,2,42,8989,132445,51695,91,6372,145,23.5405,103.4483,0,0,0,0,0,0
n012w8-0,n012w8,0,5,500000,100.0,adaptive,2026-07-05T01:03:14+01:00,6,4,64,87550,258,8.900451,220,235,220,15,6.3830,GLOBAL_BEST,2,42,9106,145568,59751,92,8845,12,16.9587,1250.0000,0,0,0,0,0,0
n012w8-0,n012w8,0,5,500000,100.0,adaptive,2026-07-05T01:03:14+01:00,6,3,64,98595,209,6.559519,245,260,245,15,5.7692,GLOBAL_BEST,1,42,8927,165525,70694,93,11045,-49,13.5808,0.0000,0,0,0,0,0,0
n012w8-0,n012w8,0,5,500000,100.0,adaptive,2026-07-05T01:03:14+01:00,6,3,64,99480,210,6.401062,230,245,230,15,6.1224,GLOBAL_BEST,1,42,8933,166953,71520,94,885,1,169.4915,15000.0000,0,0,0,0,0,0
n012w8-0,n012w8,0,5,500000,100.0,adaptive,2026-07-05T01:03:14+01:00,6,5,64,103067,325,5.797063,250,260,250,10,3.8462,LOCAL_BEST,2,42,8995,170064,74434,95,3587,115,27.8784,86.9565,0,0,0,0,0,0
n012w8-0,n012w8,0,5,500000,100.0,adaptive,2026-07-05T01:03:14+01:00,6,2,64,121501,199,3.483277,295,265,265,0,0.0000,REHEAT,1,42,9088,201797,91673,96,18434,-126,0.0000,0.0000,0,0,0,0,0,0
n012w8-0,n012w8,0,5,500000,100.0,adaptive,2026-07-05T01:03:14+01:00,6,0,64,122333,162,3.404113,325,290,290,0,0.0000,REHEAT,0,42,9114,202308,92999,97,832,-37,0.0000,0.0000,0,0,0,0,0,0
n012w8-0,n012w8,0,5,500000,100.0,adaptive,2026-07-05T01:03:14+01:00,6,4,64,137550,328,2.235630,220,220,220,0,0.0000,REHEAT,2,42,9209,219018,107144,98,15217,166,0.0000,0.0000,0,0,0,0,0,0
n012w8-0,n012w8,0,5,500000,100.0,adaptive,2026-07-05T01:03:14+01:00,6,3,64,149480,273,1.607830,245,230,230,0,0.0000,REHEAT,1,42,8954,245475,119420,99,11930,-55,0.0000,0.0000,0,0,0,0,0,0
n012w8-0,n012w8,0,5,500000,100.0,adaptive,2026-07-05T01:03:14+01:00,6,2,64,171501,270,25.118864,500,265,265,0,0.0000,REHEAT,1,42,16795,288576,119295,100,22021,-3,0.0000,0.0000,0,0,0,0,0,0
n012w8-0,n012w8,0,5,500000,100.0,adaptive,2026-07-05T01:03:14+01:00,6,0,64,172333,234,25.118864,480,290,290,0,0.0000,REHEAT,0,42,16906,289656,120787,101,832,-36,0.0000,0.0000,0,0,0,0,0,0
n012w8-0,n012w8,0,5,500000,100.0,adaptive,2026-07-05T01:03:14+01:00,6,4,64,187550,405,25.118864,655,220,220,0,0.0000,REHEAT,2,42,16982,306187,134801,102,15217,171,0.0000,0.0000,0,0,0,0,0,0
n012w8-0,n012w8,0,5,500000,100.0,adaptive,2026-07-05T01:03:14+01:00,6,3,64,199480,348,25.118864,595,230,230,0,0.0000,REHEAT,1,42,16741,333152,146912,103,11930,-57,0.0000,0.0000,0,0,0,0,0,0
n012w8-0,n012w8,0,5,500000,100.0,adaptive,2026-07-05T01:03:14+01:00,6,2,64,221501,346,25.118864,505,265,265,0,0.0000,REHEAT,1,42,24770,375531,146744,104,22021,-2,0.0000,0.0000,0,0,0,0,0,0
n012w8-0,n012w8,0,5,500000,100.0,adaptive,2026-07-05T01:03:14+01:00,6,0,64,222333,314,25.118864,685,290,290,0,0.0000,REHEAT,0,42,24567,376633,148506,105,832,-32,0.0000,0.0000,0,0,0,0,0,0
n012w8-0,n012w8,0,5,500000,100.0,adaptive,2026-07-05T01:03:14+01:00,6,4,64,237550,476,25.118864,820,220,220,0,0.0000,REHEAT,2,42,24771,393697,162392,106,15217,162,0.0000,0.0000,0,0,0,0,0,0
n012w8-0,n012w8,0,5,500000,100.0,adaptive,2026-07-05T01:03:14+01:00,6,3,64,249480,422,25.118864,545,230,230,0,0.0000,REHEAT,1,42,24554,421380,174520,107,11930,-54,0.0000,0.0000,0,0,0,0,0,0
n012w8-0,n012w8,0,5,500000,100.0,adaptive,2026-07-05T01:03:14+01:00,6,2,64,271501,420,25.118864,725,265,265,0,0.0000,REHEAT,1,42,32590,462726,174179,108,22021,-2,0.0000,0.0000,0,0,0,0,0,0
n012w8-0,n012w8,0,5,500000,100.0,adaptive,2026-07-05T01:03:14+01:00,6,0,64,272333,389,25.118864,755,290,290,0,0.0000,REHEAT,0,42,32413,463862,175899,109,832,-31,0.0000,0.0000,0,0,0,0,0,0
n012w8-0,n012w8,0,5,500000,100.0,adaptive,2026-07-05T01:03:14+01:00,6,4,64,287550,552,25.118864,1000,220,220,0,0.0000,REHEAT,2,42,32621,481329,189705,110,15217,163,0.0000,0.0000,0,0,0,0,0,0
n012w8-0,n012w8,0,5,500000,100.0,adaptive,2026-07-05T01:03:14+01:00,6,3,64,299480,493,25.118864,670,230,230,0,0.0000,REHEAT,1,42,32358,508337,202250,111,11930,-59,0.0000,0.0000,0,0,0,0,0,0
n012w8-0,n012w8,0,5,500000,100.0,adaptive,2026-07-05T01:03:14+01:00,6,2,64,321501,490,25.118864,715,265,265,0,0.0000,REHEAT,1,42,40369,549890,201815,112,22021,-3,0.0000,0.0000,0,0,0,0,0,0
n012w8-0,n012w8,0,5,500000,100.0,adaptive,2026-07-05T01:03:14+01:00,6,0,64,322333,463,25.118864,575,290,290,0,0.0000,REHEAT,0,42,40133,551118,203541,113,832,-27,0.0000,0.0000,0,0,0,0,0,0
n012w8-0,n012w8,0,5,500000,100.0,adaptive,2026-07-05T01:03:14+01:00,6,4,64,337550,623,25.118864,815,220,220,0,0.0000,REHEAT,2,42,40496,568913,217183,114,15217,160,0.0000,0.0000,0,0,0,0,0,0
n012w8-0,n012w8,0,5,500000,100.0,adaptive,2026-07-05T01:03:14+01:00,6,3,64,349480,565,25.118864,620,230,230,0,0.0000,REHEAT,1,42,40137,594638,229572,115,11930,-58,0.0000,0.0000,0,0,0,0,0,0
n012w8-0,n012w8,0,5,500000,100.0,adaptive,2026-07-05T01:03:14+01:00,6,2,64,371501,569,25.118864,535,265,265,0,0.0000,REHEAT,1,42,48265,636372,228823,116,22021,4,0.0000,0.0000,0,0,0,0,0,0
n012w8-0,n012w8,0,5,500000,100.0,adaptive,2026-07-05T01:03:14+01:00,6,0,64,372333,537,25.118864,910,290,290,0,0.0000,REHEAT,0,42,48010,637713,231153,117,832,-32,0.0000,0.0000,0,0,0,0,0,0
n012w8-0,n012w8,0,5,500000,100.0,adaptive,2026-07-05T01:03:14+01:00,6,4,64,387550,693,25.118864,740,220,220,0,0.0000,REHEAT,2,42,48351,656199,244617,118,15217,156,0.0000,0.0000,0,0,0,0,0,0
n012w8-0,n012w8,0,5,500000,100.0,adaptive,2026-07-05T01:03:14+01:00,6,3,64,399480,638,25.118864,710,230,230,0,0.0000,REHEAT,1,42,48055,682038,256866,119,11930,-55,0.0000,0.0000,0,0,0,0,0,0
n012w8-0,n012w8,0,5,500000,100.0,adaptive,2026-07-05T01:03:14+01:00,6,2,64,421501,640,25.118864,530,265,265,0,0.0000,REHEAT,1,42,56277,724480,256198,120,22021,2,0.0000,0.0000,0,0,0,0,0,0
n012w8-0,n012w8,0,5,500000,100.0,adaptive,2026-07-05T01:03:14+01:00,6,0,64,422333,608,25.118864,610,290,290,0,0.0000,REHEAT,0,42,55802,724998,258628,121,832,-32,0.0000,0.0000,0,0,0,0,0,0
n012w8-0,n012w8,0,5,500000,100.0,adaptive,2026-07-05T01:03:14+01:00,6,4,64,437550,765,25.118864,715,220,220,0,0.0000,REHEAT,2,42,56126,743212,272234,122,15217,157,0.0000,0.0000,0,0,0,0,0,0
n012w8-0,n012w8,0,5,500000,100.0,adaptive,2026-07-05T01:03:14+01:00,6,3,64,449480,710,25.118864,400,230,230,0,0.0000,REHEAT,1,42,55804,769326,284236,123,11930,-55,0.0000,0.0000,0,0,0,0,0,0
n012w8-0,n012w8,0,5,500000,100.0,adaptive,2026-07-05T01:03:14+01:00,6,2,64,471501,711,25.118864,640,265,265,0,0.0000,REHEAT,1,42,64055,811808,283755,124,22021,1,0.0000,0.0000,0,0,0,0,0,0
n012w8-0,n012w8,0,5,500000,100.0,adaptive,2026-07-05T01:03:14+01:00,6,0,64,472333,680,25.118864,685,290,290,0,0.0000,REHEAT,0,42,63677,811452,285894,125,832,-31,0.0000,0.0000,0,0,0,0,0,0
n012w8-0,n012w8,0,5,500000,100.0,adaptive,2026-07-05T01:03:14+01:00,6,4,64,487550,837,25.118864,620,220,220,0,0.0000,REHEAT,2,42,64015,829761,299776,126,15217,157,0.0000,0.0000,0,0,0,0,0,0
n012w8-0,n012w8,0,5,500000,100.0,adaptive,2026-07-05T01:03:14+01:00,6,3,64,499480,780,25.118864,650,230,230,0,0.0000,REHEAT,1,42,63623,855078,311783,127,11930,-57,0.0000,0.0000,0,0,0,0,0,0
n012w8-0,n012w8,0,5,500000,100.0,adaptive,2026-07-05T01:03:14+01:00,7,0,81,3,0,99.994474,3450,3460,3450,10,0.2890,GLOBAL_BEST,0,202,0,16,1,1,3,0,33333.3333,0.0000,0,0,0,0,0,0
n012w8-0,n012w8,0,5,500000,100.0,adaptive,2026-07-05T01:03:14+01:00,7,0,81,4,0,99.991711,3255,3450,3255,195,5.6522,GLOBAL_BEST,0,202,0,21,1,2,1,0,1950000.0000,0.0000,0,0,0,0,0,0
n012w8-0,n012w8,0,5,500000,100.0,adaptive,2026-07-05T01:03:14+01:00,7,0,81,7,0,99.983423,3105,3255,3105,150,4.6083,GLOBAL_BEST,0,202,0,26,1,3,3,0,500000.0000,0.0000,0,0,0,0,0,0
n012w8-0,n012w8,0,5,500000,100.0,adaptive,2026-07-05T01:03:14+01:00,7,0,81,8,0,99.980660,2955,3105,2955,150,4.8309,GLOBAL_BEST,0,202,0,28,1,4,1,0,1500000.0000,0.0000,0,0,0,0,0,0
n012w8-0,n012w8,0,5,500000,100.0,adaptive,2026-07-05T01:03:14+01:00,7,0,81,9,0,99.977898,2895,2955,2895,60,2.0305,GLOBAL_BEST,0,202,0,32,1,5,1,0,600000.0000,0.0000,0,0,0,0,0,0
n012w8-0,n012w8,0,5,500000,100.0,adaptive,2026-07-05T01:03:14+01:00,7,0,81,10,0,99.975135,2865,2895,2865,30,1.0363,GLOBAL_BEST,0,202,0,33,1,6,1,0,300000.0000,0.0000,0,0,0,0,0,0
n012w8-0,n012w8,0,5,500000,100.0,adaptive,2026-07-05T01:03:14+01:00,7,0,81,14,0,99.964086,2775,2865,2775,90,3.1414,GLOBAL_BEST,0,202,0,54,2,7,4,0,225000.0000,0.0000,0,0,0,0,0,0
n012w8-0,n012w8,0,5,500000,100.0,adaptive,2026-07-05T01:03:14+01:00,7,0,81,15,0,99.961324,2760,2775,2760,15,0.5405,GLOBAL_BEST,0,202,0,55,2,8,1,0,150000.0000,0.0000,0,0,0,0,0,0
n012w8-0,n012w8,0,5,500000,100.0,adaptive,2026-07-05T01:03:14+01:00,7,0,81,17,0,99.955800,2735,2760,2735,25,0.9058,GLOBAL_BEST,0,202,0,58,2,9,2,0,125000.0000,0.0000,0,0,0,0,0,0
n012w8-0,n012w8,0,5,500000,100.0,adaptive,2026-07-05T01:03:14+01:00,7,0,81,20,0,99.947515,2705,2735,2705,30,1.0969,GLOBAL_BEST,0,202,0,68,3,10,3,0,100000.0000,0.0000,0,0,0,0,0,0
n012w8-0,n012w8,0,5,500000,100.0,adaptive,2026-07-05T01:03:14+01:00,7,0,81,23,0,99.939230,2690,2705,2690,15,0.5545,GLOBAL_BEST,0,202,1,71,3,11,3,0,50000.0000,0.0000,0,0,0,0,0,0
n012w8-0,n012w8,0,5,500000,100.0,adaptive,2026-07-05T01:03:14+01:00,7,0,81,24,0,99.936469,2660,2690,2660,30,1.1152,GLOBAL_BEST,0,202,1,75,3,12,1,0,300000.0000,0.0000,0,0,0,0,0,0
n012w8-0,n012w8,0,5,500000,100.0,adaptive,2026-07-05T01:03:14+01:00,7,0,81,25,0,99.933708,2645,2660,2645,15,0.5639,GLOBAL_BEST,0,202,1,75,3,13,1,0,150000.0000,0.0000,0,0,0,0,0,0
n012w8-0,n012w8,0,5,500000,100.0,adaptive,2026-07-05T01:03:14+01:00,7,0,81,26,0,99.930946,2540,2645,2540,105,3.9698,GLOBAL_BEST,0,202,1,75,3,14,1,0,1050000.0000,0.0000,0,0,0,0,0,0
n012w8-0,n012w8,0,5,500000,100.0,adaptive,2026-07-05T01:03:14+01:00,7,0,81,27,0,99.928185,2420,2540,2420,120,4.7244,GLOBAL_BEST,0,202,1,76,3,15,1,0,1200000.0000,0.0000,0,0,0,0,0,0
n012w8-0,n012w8,0,5,500000,100.0,adaptive,2026-07-05T01:03:14+01:00,7,0,81,36,0,99.903338,2390,2420,2390,30,1.2397,GLOBAL_BEST,0,202,3,102,5,16,9,0,33333.3333,0.0000,0,0,0,0,0,0
n012w8-0,n012w8,0,5,500000,100.0,adaptive,2026-07-05T01:03:14+01:00,7,0,81,40,0,99.892297,2245,2390,2245,145,6.0669,GLOBAL_BEST,0,202,4,104,5,17,4,0,362500.0000,0.0000,0,0,0,0,0,0
n012w8-0,n012w8,0,5,500000,100.0,adaptive,2026-07-05T01:03:14+01:00,7,0,81,43,0,99.884017,2095,2245,2095,150,6.6815,GLOBAL_BEST,0,202,4,109,5,18,3,0,500000.0000,0.0000,0,0,0,0,0,0
n012w8-0,n012w8,0,5,500000,100.0,adaptive,2026-07-05T01:03:14+01:00,7,0,81,66,0,99.820560,1985,2095,1985,110,5.2506,GLOBAL_BEST,0,202,12,157,8,19,23,0,47826.0870,0.0000,0,0,0,0,0,0
n012w8-0,n012w8,0,5,500000,100.0,adaptive,2026-07-05T01:03:14+01:00,7,0,81,67,0,99.817801,1955,1985,1955,30,1.5113,GLOBAL_BEST,0,202,12,162,8,20,1,0,300000.0000,0.0000,0,0,0,0,0,0
n012w8-0,n012w8,0,5,500000,100.0,adaptive,2026-07-05T01:03:14+01:00,7,0,81,99,0,99.729582,1850,1955,1850,105,5.3708,GLOBAL_BEST,0,202,17,226,16,21,32,0,32812.5000,0.0000,0,0,0,0,0,0
n012w8-0,n012w8,0,5,500000,100.0,adaptive,2026-07-05T01:03:14+01:00,7,0,81,104,0,99.715805,1805,1850,1805,45,2.4324,GLOBAL_BEST,0,202,18,236,17,22,5,0,90000.0000,0.0000,0,0,0,0,0,0
n012w8-0,n012w8,0,5,500000,100.0,adaptive,2026-07-05T01:03:14+01:00,7,0,81,131,0,99.641441,1760,1805,1760,45,2.4931,GLOBAL_BEST,0,202,23,322,25,23,27,0,16666.6667,0.0000,0,0,0,0,0,0
n012w8-0,n012w8,0,5,500000,100.0,adaptive,2026-07-05T01:03:14+01:00,7,0,81,132,0,99.638688,1655,1760,1655,105,5.9659,GLOBAL_BEST,0,202,23,322,25,24,1,0,1050000.0000,0.0000,0,0,0,0,0,0
n012w8-0,n012w8,0,5,500000,100.0,adaptive,2026-07-05T01:03:14+01:00,7,0,81,143,0,99.608408,1565,1655,1565,90,5.4381,GLOBAL_BEST,0,202,28,349,28,25,11,0,81818.1818,0.0000,0,0,0,0,0,0
n012w8-0,n012w8,0,5,500000,100.0,adaptive,2026-07-05T01:03:14+01:00,7,0,81,153,0,99.580889,1520,1565,1520,45,2.8754,GLOBAL_BEST,0,202,30,361,32,26,10,0,45000.0000,0.0000,0,0,0,0,0,0
n012w8-0,n012w8,0,5,500000,100.0,adaptive,2026-07-05T01:03:14+01:00,7,0,81,165,1,99.547876,1490,1520,1490,30,1.9737,GLOBAL_BEST,0,202,32,378,38,27,12,1,25000.0000,30000.0000,0,0,0,0,0,0
n012w8-0,n012w8,0,5,500000,100.0,adaptive,2026-07-05T01:03:14+01:00,7,0,81,184,1,99.495629,1465,1490,1465,25,1.6779,GLOBAL_BEST,0,202,39,418,45,28,19,0,13157.8947,0.0000,0,0,0,0,0,0
n012w8-0,n012w8,0,5,500000,100.0,adaptive,2026-07-05T01:03:14+01:00,7,0,81,197,1,99.459896,1430,1465,1430,35,2.3891,GLOBAL_BEST,0,202,42,441,47,29,13,0,26923.0769,0.0000,0,0,0,0,0,0
n012w8-0,n012w8,0,5,500000,100.0,adaptive,2026-07-05T01:03:14+01:00,7,0,81,198,1,99.457148,1385,1430,1385,45,3.1469,GLOBAL_BEST,0,202,42,441,47,30,1,0,450000.0000,0.0000,0,0,0,0,0,0
n012w8-0,n012w8,0,5,500000,100.0,adaptive,2026-07-05T01:03:14+01:00,7,0,81,289,1,99.207384,1365,1385,1365,20,1.4440,GLOBAL_BEST,0,202,71,616,68,31,91,0,2197.8022,0.0000,0,0,0,0,0,0
n012w8-0,n012w8,0,5,500000,100.0,adaptive,2026-07-05T01:03:14+01:00,7,0,81,306,1,99.160795,1345,1365,1345,20,1.4652,GLOBAL_BEST,0,202,76,663,76,32,17,0,11764.7059,0.0000,0,0,0,0,0,0
n012w8-0,n012w8,0,5,500000,100.0,adaptive,2026-07-05T01:03:14+01:00,7,0,81,312,1,99.144357,1315,1345,1315,30,2.2305,GLOBAL_BEST,0,202,76,669,81,33,6,0,50000.0000,0.0000,0,0,0,0,0,0
n012w8-0,n012w8,0,5,500000,100.0,adaptive,2026-07-05T01:03:14+01:00,7,0,81,315,1,99.136139,1285,1315,1285,30,2.2814,GLOBAL_BEST,0,202,76,671,82,34,3,0,100000.0000,0.0000,0,0,0,0,0,0
n012w8-0,n012w8,0,5,500000,100.0,adaptive,2026-07-05T01:03:14+01:00,7,0,81,318,1,99.127921,1255,1285,1255,30,2.3346,GLOBAL_BEST,0,202,76,675,84,35,3,0,100000.0000,0.0000,0,0,0,0,0,0
n012w8-0,n012w8,0,5,500000,100.0,adaptive,2026-07-05T01:03:14+01:00,7,0,81,320,1,99.122444,1240,1255,1240,15,1.1952,GLOBAL_BEST,0,202,76,679,85,36,2,0,75000.0000,0.0000,0,0,0,0,0,0
n012w8-0,n012w8,0,5,500000,100.0,adaptive,2026-07-05T01:03:14+01:00,7,0,81,385,1,98.944578,1225,1240,1225,15,1.2097,GLOBAL_BEST,0,202,90,803,110,37,65,0,2307.6923,0.0000,0,0,0,0,0,0
n012w8-0,n012w8,0,5,500000,100.0,adaptive,2026-07-05T01:03:14+01:00,7,0,81,530,1,98.548950,1195,1225,1195,30,2.4490,GLOBAL_BEST,0,202,122,1136,168,38,145,0,2068.9655,0.0000,0,0,0,0,0,0
n012w8-0,n012w8,0,5,500000,100.0,adaptive,2026-07-05T01:03:14+01:00,7,0,81,1756,3,95.266454,1090,1195,1090,105,8.7866,GLOBAL_BEST,0,202,454,3537,576,39,1226,2,856.4437,52500.0000,0,0,0,0,0,0
n012w8-0,n012w8,0,5,500000,100.0,adaptive,2026-07-05T01:03:14+01:00,7,0,81,1758,3,95.261189,1075,1090,1075,15,1.3761,GLOBAL_BEST,0,202,454,3544,577,40,2,0,75000.0000,0.0000,0,0,0,0,0,0
n012w8-0,n012w8,0,5,500000,100.0,adaptive,2026-07-05T01:03:14+01:00,7,0,81,1762,3,95.250661,925,1075,925,150,13.9535,GLOBAL_BEST,0,202,454,3550,580,41,4,0,375000.0000,0.0000,0,0,0,0,0,0
n012w8-0,n012w8,0,5,500000,100.0,adaptive,2026-07-05T01:03:14+01:00,7,0,81,1764,3,95.245398,825,925,825,100,10.8108,GLOBAL_BEST,0,202,454,3552,581,42,2,0,500000.0000,0.0000,0,0,0,0,0,0
n012w8-0,n012w8,0,5,500000,100.0,adaptive,2026-07-05T01:03:14+01:00,7,0,81,15109,22,65.872478,805,825,805,20,2.4242,GLOBAL_BEST,0,202,3528,29938,5739,43,13345,19,14.9869,1052.6316,0,0,0,0,0,0
n012w8-0,n012w8,0,5,500000,100.0,adaptive,2026-07-05T01:03:14+01:00,7,0,81,15114,22,65.863378,790,805,790,15,1.8634,GLOBAL_BEST,0,202,3528,29950,5743,44,5,0,30000.0000,0.0000,0,0,0,0,0,0
n012w8-0,n012w8,0,5,500000,100.0,adaptive,2026-07-05T01:03:14+01:00,7,0,81,15117,22,65.857918,745,790,745,45,5.6962,GLOBAL_BEST,0,202,3530,29954,5743,45,3,0,150000.0000,0.0000,0,0,0,0,0,0
n012w8-0,n012w8,0,5,500000,100.0,adaptive,2026-07-05T01:03:14+01:00,7,0,81,21059,30,55.886125,710,745,710,35,4.6980,GLOBAL_BEST,0,202,4661,41227,8610,46,5942,8,58.9027,4375.0000,0,0,0,0,0,0
n012w8-0,n012w8,0,5,500000,100.0,adaptive,2026-07-05T01:03:14+01:00,7,0,81,21070,30,55.869142,695,710,695,15,2.1127,GLOBAL_BEST,0,202,4661,41236,8619,47,11,0,13636.3636,0.0000,0,0,0,0,0,0
n012w8-0,n012w8,0,5,500000,100.0,adaptive,2026-07-05T01:03:14+01:00,7,2,81,23688,81,51.970393,640,675,640,35,5.1852,LOCAL_BEST,1,202,5132,45666,9795,48,2618,51,133.6898,686.2745,0,0,0,0,0,0
n012w8-0,n012w8,0,5,500000,100.0,adaptive,2026-07-05T01:03:14+01:00,7,2,81,23689,81,51.968957,635,640,635,5,0.7812,LOCAL_BEST,1,202,5132,45666,9795,49,1,0,50000.0000,0.0000,0,0,0,0,0,0
n012w8-0,n012w8,0,5,500000,100.0,adaptive,2026-07-05T01:03:14+01:00,7,0,81,34483,49,38.567013,675,695,675,20,2.8777,GLOBAL_BEST,0,202,6800,66139,16140,50,10794,-32,18.5288,0.0000,0,0,0,0,0,0
n012w8-0,n012w8,0,5,500000,100.0,adaptive,2026-07-05T01:03:14+01:00,7,0,81,34719,49,38.316338,670,675,670,5,0.7407,GLOBAL_BEST,0,202,6829,66551,16300,51,236,0,211.8644,0.0000,0,0,0,0,0,0
n012w8-0,n012w8,0,5,500000,100.0,adaptive,2026-07-05T01:03:14+01:00,7,0,81,35023,49,37.995836,650,670,650,20,2.9851,GLOBAL_BEST,0,202,6865,67139,16485,52,304,0,657.8947,0.0000,0,0,0,0,0,0
n012w8-0,n012w8,0,5,500000,100.0,adaptive,2026-07-05T01:03:14+01:00,7,0,81,35025,49,37.993736,635,650,635,15,2.3077,GLOBAL_BEST,0,202,6865,67146,16486,53,2,0,75000.0000,0.0000,0,0,0,0,0,0
n012w8-0,n012w8,0,5,500000,100.0,adaptive,2026-07-05T01:03:14+01:00,7,0,81,35047,49,37.970647,620,635,620,15,2.3622,GLOBAL_BEST,0,202,6866,67167,16499,54,22,0,6818.1818,0.0000,0,0,0,0,0,0
n012w8-0,n012w8,0,5,500000,100.0,adaptive,2026-07-05T01:03:14+01:00,7,2,81,36053,98,36.929719,625,635,625,10,1.5748,LOCAL_BEST,1,202,6962,68530,16962,55,1006,49,99.4036,204.0816,0,0,0,0,0,0
n012w8-0,n012w8,0,5,500000,100.0,adaptive,2026-07-05T01:03:14+01:00,7,2,81,36105,98,36.876696,620,625,620,5,0.8000,LOCAL_BEST,1,202,6968,68619,16998,56,52,0,961.5385,0.0000,0,0,0,0,0,0
n012w8-0,n012w8,0,5,500000,100.0,adaptive,2026-07-05T01:03:14+01:00,7,2,81,36152,98,36.828837,605,620,605,15,2.4194,LOCAL_BEST,1,202,6969,68715,17034,57,47,0,3191.4894,0.0000,0,0,0,0,0,0
n012w8-0,n012w8,0,5,500000,100.0,adaptive,2026-07-05T01:03:14+01:00,7,2,81,36158,98,36.822731,590,605,590,15,2.4793,LOCAL_BEST,1,202,6969,68730,17039,58,6,0,25000.0000,0.0000,0,0,0,0,0,0
n012w8-0,n012w8,0,5,500000,100.0,adaptive,2026-07-05T01:03:14+01:00,7,0,81,37399,52,35.581479,590,620,590,30,4.8387,GLOBAL_BEST,0,202,7165,71417,17952,59,1241,-46,241.7405,0.0000,0,0,0,0,0,0
n012w8-0,n012w8,0,5,500000,100.0,adaptive,2026-07-05T01:03:14+01:00,7,0,81,38891,54,34.144440,585,590,585,5,0.8475,GLOBAL_BEST,0,202,7320,74229,18998,60,1492,2,33.5121,2500.0000,0,0,0,0,0,0
n012w8-0,n012w8,0,5,500000,100.0,adaptive,2026-07-05T01:03:14+01:00,7,0,81,39683,55,33.405348,580,585,580,5,0.8547,GLOBAL_BEST,0,202,7392,75664,19562,61,792,1,63.1313,5000.0000,0,0,0,0,0,0
n012w8-0,n012w8,0,5,500000,100.0,adaptive,2026-07-05T01:03:14+01:00,7,0,81,39867,55,33.235943,575,580,575,5,0.8621,GLOBAL_BEST,0,202,7409,76020,19697,62,184,0,271.7391,0.0000,0,0,0,0,0,0
n012w8-0,n012w8,0,5,500000,100.0,adaptive,2026-07-05T01:03:14+01:00,7,0,81,39876,56,33.227679,565,575,565,10,1.7391,GLOBAL_BEST,0,202,7411,76040,19702,63,9,1,11111.1111,10000.0000,0,0,0,0,0,0
n012w8-0,n012w8,0,5,500000,100.0,adaptive,2026-07-05T01:03:14+01:00,7,0,81,39889,56,33.215745,535,565,535,30,5.3097,GLOBAL_BEST,0,202,7411,76055,19714,64,13,0,23076.9231,0.0000,0,0,0,0,0,0
n012w8-0,n012w8,0,5,500000,100.0,adaptive,2026-07-05T01:03:14+01:00,7,0,81,39906,56,33.200146,520,535,520,15,2.8037,GLOBAL_BEST,0,202,7411,76079,19728,65,17,0,8823.5294,0.0000,0,0,0,0,0,0
n012w8-0,n012w8,0,5,500000,100.0,adaptive,2026-07-05T01:03:14+01:00,7,0,81,42019,59,31.317277,510,520,510,10,1.9231,GLOBAL_BEST,0,202,7623,79688,21181,66,2113,3,47.3261,3333.3333,0,0,0,0,0,0
n012w8-0,n012w8,0,5,500000,100.0,adaptive,2026-07-05T01:03:14+01:00,7,0,81,42026,59,31.311221,500,510,500,10,1.9608,GLOBAL_BEST,0,202,7623,79696,21187,67,7,0,14285.7143,0.0000,0,0,0,0,0,0
n012w8-0,n012w8,0,5,500000,100.0,adaptive,2026-07-05T01:03:14+01:00,7,0,81,42255,59,31.113724,490,500,490,10,2.0000,GLOBAL_BEST,0,202,7639,80142,21365,68,229,0,436.6812,0.0000,0,0,0,0,0,0
n012w8-0,n012w8,0,5,500000,100.0,adaptive,2026-07-05T01:03:14+01:00,7,0,81,42275,59,31.096535,475,490,475,15,3.0612,GLOBAL_BEST,0,202,7640,80169,21380,69,20,0,7500.0000,0.0000,0,0,0,0,0,0
n012w8-0,n012w8,0,5,500000,100.0,adaptive,2026-07-05T01:03:14+01:00,7,2,81,42484,106,30.917474,585,590,585,5,0.8475,LOCAL_BEST,1,202,7659,79835,21215,70,209,47,239.2344,106.3830,0,0,0,0,0,0
n012w8-0,n012w8,0,5,500000,100.0,adaptive,2026-07-05T01:03:14+01:00,7,2,81,42559,106,30.853469,570,585,570,15,2.5641,LOCAL_BEST,1,202,7662,79933,21272,71,75,0,2000.0000,0.0000,0,0,0,0,0,0
n012w8-0,n012w8,0,5,500000,100.0,adaptive,2026-07-05T01:03:14+01:00,7,2,81,42643,106,30.781941,540,570,540,30,5.2632,LOCAL_BEST,1,202,7667,80070,21335,72,84,0,3571.4286,0.0000,0,0,0,0,0,0
n012w8-0,n012w8,0,5,500000,100.0,adaptive,2026-07-05T01:03:14+01:00,7,2,81,45557,110,28.400632,525,540,525,15,2.7778,LOCAL_BEST,1,202,7905,85112,23463,73,2914,4,51.4756,3750.0000,0,0,0,0,0,0
n012w8-0,n012w8,0,5,500000,100.0,adaptive,2026-07-05T01:03:14+01:00,7,2,81,45644,110,28.332441,515,525,515,10,1.9048,LOCAL_BEST,1,202,7912,85276,23530,74,87,0,1149.4253,0.0000,0,0,0,0,0,0
n012w8-0,n012w8,0,5,500000,100.0,adaptive,2026-07-05T01:03:14+01:00,7,2,81,48282,113,26.340742,500,515,500,15,2.9126,LOCAL_BEST,1,202,8136,89742,25467,75,2638,3,56.8613,5000.0000,0,0,0,0,0,0
n012w8-0,n012w8,0,5,500000,100.0,adaptive,2026-07-05T01:03:14+01:00,7,2,81,48315,113,26.316735,495,500,495,5,1.0000,LOCAL_BEST,1,202,8138,89809,25495,76,33,0,1515.1515,0.0000,0,0,0,0,0,0
n012w8-0,n012w8,0,5,500000,100.0,adaptive,2026-07-05T01:03:14+01:00,7,0,81,53378,72,22.881053,470,475,470,5,1.0526,GLOBAL_BEST,0,202,8531,99632,29578,77,5063,-41,9.8756,0.0000,0,0,0,0,0,0
n012w8-0,n012w8,0,5,500000,100.0,adaptive,2026-07-05T01:03:14+01:00,7,0,81,53429,74,22.848832,455,470,455,15,3.1915,GLOBAL_BEST,0,202,8532,99716,29617,78,51,2,2941.1765,7500.0000,0,0,0,0,0,0
n012w8-0,n012w8,0,5,500000,100.0,adaptive,2026-07-05T01:03:14+01:00,7,0,81,53440,74,22.841888,415,455,415,40,8.7912,GLOBAL_BEST,0,202,8532,99728,29624,79,11,0,36363.6364,0.0000,0,0,0,0,0,0
n012w8-0,n012w8,0,5,500000,100.0,adaptive,2026-07-05T01:03:14+01:00,7,2,81,54635,121,22.099986,490,495,490,5,1.0101,LOCAL_BEST,1,202,8598,100583,30324,80,1195,47,41.8410,106.3830,0,0,0,0,0,0
n012w8-0,n012w8,0,5,500000,100.0,adaptive,2026-07-05T01:03:14+01:00,7,2,81,54642,121,22.095712,475,490,475,15,3.0612,LOCAL_BEST,1,202,8598,100606,30330,81,7,0,21428.5714,0.0000,0,0,0,0,0,0
n012w8-0,n012w8,0,5,500000,100.0,adaptive,2026-07-05T01:03:14+01:00,7,2,81,54682,121,22.071304,445,475,445,30,6.3158,LOCAL_BEST,1,202,8600,100683,30363,82,40,0,7500.0000,0.0000,0,0,0,0,0,0
n012w8-0,n012w8,0,5,500000,100.0,adaptive,2026-07-05T01:03:14+01:00,7,0,81,55268,76,21.716808,355,415,355,60,14.4578,GLOBAL_BEST,0,202,8637,102804,31026,83,586,-45,1023.8908,0.0000,0,0,0,0,0,0
n012w8-0,n012w8,0,5,500000,100.0,adaptive,2026-07-05T01:03:14+01:00,7,3,81,56405,162,21.045149,300,340,300,40,11.7647,LOCAL_BEST,1,202,8744,104710,31499,84,1137,86,351.8030,465.1163,0,0,0,0,0,0
n012w8-0,n012w8,0,5,500000,100.0,adaptive,2026-07-05T01:03:14+01:00,7,2,81,58248,126,20.000277,395,445,395,50,11.2360,LOCAL_BEST,1,202,8806,106926,33218,85,1843,-36,271.2968,0.0000,0,0,0,0,0,0
n012w8-0,n012w8,0,5,500000,100.0,adaptive,2026-07-05T01:03:14+01:00,7,2,81,58652,126,19.778256,360,395,360,35,8.8608,LOCAL_BEST,1,202,8826,107649,33545,86,404,0,866.3366,0.0000,0,0,0,0,0,0
n012w8-0,n012w8,0,5,500000,100.0,adaptive,2026-07-05T01:03:14+01:00,7,2,81,58940,127,19.621491,350,360,350,10,2.7778,LOCAL_BEST,1,202,8842,108200,33773,87,288,1,347.2222,10000.0000,0,0,0,0,0,0
n012w8-0,n012w8,0,5,500000,100.0,adaptive,2026-07-05T01:03:14+01:00,7,2,81,59035,127,19.570053,330,350,330,20,5.7143,LOCAL_BEST,1,202,8846,108346,33849,88,95,0,2105.2632,0.0000,0,0,0,0,0,0
n012w8-0,n012w8,0,5,500000,100.0,adaptive,2026-07-05T01:03:14+01:00,7,0,81,63815,87,17.148731,340,355,340,15,4.2254,GLOBAL_BEST,0,202,9047,117605,37998,89,4780,-40,31.3808,0.0000,0,0,0,0,0,0
n012w8-0,n012w8,0,5,500000,100.0,adaptive,2026-07-05T01:03:14+01:00,7,0,81,64175,87,16.978996,325,340,325,15,4.4118,GLOBAL_BEST,0,202,9061,118225,38305,90,360,0,416.6667,0.0000,0,0,0,0,0,0
n012w8-0,n012w8,0,5,500000,100.0,adaptive,2026-07-05T01:03:14+01:00,7,0,81,65514,89,16.362287,310,325,310,15,4.6154,GLOBAL_BEST,0,202,9100,120586,39467,91,1339,2,112.0239,7500.0000,0,0,0,0,0,0
n012w8-0,n012w8,0,5,500000,100.0,adaptive,2026-07-05T01:03:14+01:00,7,0,81,65581,89,16.332024,295,310,295,15,4.8387,GLOBAL_BEST,0,202,9100,120712,39527,92,67,0,2238.8060,0.0000,0,0,0,0,0,0
n012w8-0,n012w8,0,5,500000,100.0,adaptive,2026-07-05T01:03:14+01:00,7,0,81,66852,91,15.768413,290,295,290,5,1.6949,GLOBAL_BEST,0,202,9147,122834,40574,93,1271,2,39.3391,2500.0000,0,0,0,0,0,0
n012w8-0,n012w8,0,5,500000,100.0,adaptive,2026-07-05T01:03:14+01:00,7,3,81,68580,178,15.033220,295,300,295,5,1.6667,LOCAL_BEST,1,202,9260,125080,41673,94,1728,87,28.9352,57.4713,0,0,0,0,0,0
n012w8-0,n012w8,0,5,500000,100.0,adaptive,2026-07-05T01:03:14+01:00,7,3,81,68614,178,15.019103,280,295,280,15,5.0847,LOCAL_BEST,1,202,9261,125135,41703,95,34,0,4411.7647,0.0000,0,0,0,0,0,0
n012w8-0,n012w8,0,5,500000,100.0,adaptive,2026-07-05T01:03:14+01:00,7,3,81,68655,178,15.002098,275,280,275,5,1.7857,LOCAL_BEST,1,202,9263,125182,41740,96,41,0,1219.5122,0.0000,0,0,0,0,0,0
n012w8-0,n012w8,0,5,500000,100.0,adaptive,2026-07-05T01:03:14+01:00,7,3,81,68657,178,15.001269,265,275,265,10,3.6364,LOCAL_BEST,1,202,9263,125185,41740,97,2,0,50000.0000,0.0000,0,0,0,0,0,0
n012w8-0,n012w8,0,5,500000,100.0,adaptive,2026-07-05T01:03:14+01:00,7,3,81,68667,178,14.997125,260,265,260,5,1.8868,LOCAL_BEST,1,202,9264,125198,41748,98,10,0,5000.0000,0.0000,0,0,0,0,0,0
n012w8-0,n012w8,0,5,500000,100.0,adaptive,2026-07-05T01:03:14+01:00,7,0,81,76336,102,12.133330,280,290,280,10,3.4483,GLOBAL_BEST,0,202,9377,138476,48897,99,7669,-76,13.0395,0.0000,0,0,0,0,0,0
n012w8-0,n012w8,0,5,500000,100.0,adaptive,2026-07-05T01:03:14+01:00,7,0,81,76363,102,12.124281,265,280,265,15,5.3571,GLOBAL_BEST,0,202,9377,138527,48920,100,27,0,5555.5556,0.0000,0,0,0,0,0,0
n012w8-0,n012w8,0,5,500000,100.0,adaptive,2026-07-05T01:03:14+01:00,7,0,81,77649,103,11.701027,250,265,250,15,5.6604,GLOBAL_BEST,0,202,9395,140897,50081,101,1286,1,116.6407,15000.0000,0,0,0,0,0,0
n012w8-0,n012w8,0,5,500000,100.0,adaptive,2026-07-05T01:03:14+01:00,7,0,81,78845,105,11.320667,235,250,235,15,6.0000,GLOBAL_BEST,0,202,9410,142988,51162,102,1196,2,125.4181,7500.0000,0,0,0,0,0,0
n012w8-0,n012w8,0,5,500000,100.0,adaptive,2026-07-05T01:03:14+01:00,7,2,81,83970,158,9.825892,325,330,325,5,1.5152,LOCAL_BEST,1,202,9587,150338,55144,103,5125,53,9.7561,94.3396,0,0,0,0,0,0
n012w8-0,n012w8,0,5,500000,100.0,adaptive,2026-07-05T01:03:14+01:00,7,2,81,89566,164,8.418215,310,325,310,15,4.6154,LOCAL_BEST,1,202,9662,160012,60183,104,5596,6,26.8049,2500.0000,0,0,0,0,0,0
n012w8-0,n012w8,0,5,500000,100.0,adaptive,2026-07-05T01:03:14+01:00,7,2,81,90381,165,8.230761,295,310,295,15,4.8387,LOCAL_BEST,1,202,9668,161380,60933,105,815,1,184.0491,15000.0000,0,0,0,0,0,0
n012w8-0,n012w8,0,5,500000,100.0,adaptive,2026-07-05T01:03:14+01:00,7,0,81,128845,163,2.843544,235,235,235,0,0.0000,REHEAT,0,202,9591,225383,97475,106,38464,-2,0.0000,0.0000,0,0,0,0,0,1
n012w8-0,n012w8,0,5,500000,100.0,adaptive,2026-07-05T01:03:14+01:00,7,0,81,178845,232,25.118864,760,235,235,0,0.0000,REHEAT,0,202,17853,318039,124482,107,50000,69,0.0000,0.0000,0,0,0,0,0,1
n012w8-0,n012w8,0,5,500000,100.0,adaptive,2026-07-05T01:03:14+01:00,7,0,81,228845,300,25.118864,620,235,235,0,0.0000,REHEAT,0,202,26075,411290,151342,108,50000,68,0.0000,0.0000,0,0,0,0,0,1
n012w8-0,n012w8,0,5,500000,100.0,adaptive,2026-07-05T01:03:14+01:00,7,0,81,278845,368,25.118864,735,235,235,0,0.0000,REHEAT,0,202,34408,504465,178023,109,50000,68,0.0000,0.0000,0,0,0,0,0,1
n012w8-0,n012w8,0,5,500000,100.0,adaptive,2026-07-05T01:03:14+01:00,7,0,81,328845,436,25.118864,740,235,235,0,0.0000,REHEAT,0,202,42543,598624,205068,110,50000,68,0.0000,0.0000,0,0,0,0,0,1
n012w8-0,n012w8,0,5,500000,100.0,adaptive,2026-07-05T01:03:14+01:00,7,0,81,378845,504,25.118864,660,235,235,0,0.0000,REHEAT,0,202,50983,692441,231675,111,50000,68,0.0000,0.0000,0,0,0,0,0,1
n012w8-0,n012w8,0,5,500000,100.0,adaptive,2026-07-05T01:03:14+01:00,7,0,81,428845,575,25.118864,610,235,235,0,0.0000,REHEAT,0,202,59213,785295,258356,112,50000,71,0.0000,0.0000,0,0,0,0,0,1
n012w8-0,n012w8,0,5,500000,100.0,adaptive,2026-07-05T01:03:14+01:00,7,0,81,478845,642,25.118864,800,235,235,0,0.0000,REHEAT,0,202,67408,878579,285251,113,50000,67,0.0000,0.0000,0,0,0,0,0,1
n012w8-0,n012w8,0,5,500000,100.0,adaptive,2026-07-05T01:03:14+01:00,8,0,99,1,1,100.000000,4835,4850,4835,15,0.3093,GLOBAL_BEST,0,202,0,2,0,1,1,1,150000.0000,15000.0000,0,0,0,0,0,0
n012w8-0,n012w8,0,5,500000,100.0,adaptive,2026-07-05T01:03:14+01:00,8,0,99,2,1,99.997237,4655,4835,4655,180,3.7229,GLOBAL_BEST,0,202,0,7,0,2,1,0,1800000.0000,0.0000,0,0,0,0,0,0
n012w8-0,n012w8,0,5,500000,100.0,adaptive,2026-07-05T01:03:14+01:00,8,0,99,3,1,99.994474,4595,4655,4595,60,1.2889,GLOBAL_BEST,0,202,0,8,0,3,1,0,600000.0000,0.0000,0,0,0,0,0,0
n012w8-0,n012w8,0,5,500000,100.0,adaptive,2026-07-05T01:03:14+01:00,8,0,99,4,1,99.991711,4505,4595,4505,90,1.9587,GLOBAL_BEST,0,202,0,9,0,4,1,0,900000.0000,0.0000,0,0,0,0,0,0
n012w8-0,n012w8,0,5,500000,100.0,adaptive,2026-07-05T01:03:14+01:00,8,0,99,5,1,99.988948,4415,4505,4415,90,1.9978,GLOBAL_BEST,0,202,0,19,0,5,1,0,900000.0000,0.0000,0,0,0,0,0,0
n012w8-0,n012w8,0,5,500000,100.0,adaptive,2026-07-05T01:03:14+01:00,8,0,99,7,1,99.983423,4265,4415,4265,150,3.3975,GLOBAL_BEST,0,202,1,29,0,6,2,0,750000.0000,0.0000,0,0,0,0,0,0
n012w8-0,n012w8,0,5,500000,100.0,adaptive,2026-07-05T01:03:14+01:00,8,0,99,8,1,99.980660,4235,4265,4235,30,0.7034,GLOBAL_BEST,0,202,1,30,0,7,1,0,300000.0000,0.0000,0,0,0,0,0,0
n012w8-0,n012w8,0,5,500000,100.0,adaptive,2026-07-05T01:03:14+01:00,8,0,99,10,1,99.975135,4205,4235,4205,30,0.7084,GLOBAL_BEST,0,202,2,34,0,8,2,0,150000.0000,0.0000,0,0,0,0,0,0
n012w8-0,n012w8,0,5,500000,100.0,adaptive,2026-07-05T01:03:14+01:00,8,0,99,11,1,99.972373,4175,4205,4175,30,0.7134,GLOBAL_BEST,0,202,2,35,0,9,1,0,300000.0000,0.0000,0,0,0,0,0,0
n012w8-0,n012w8,0,5,500000,100.0,adaptive,2026-07-05T01:03:14+01:00,8,0,99,12,1,99.969610,4145,4175,4145,30,0.7186,GLOBAL_BEST,0,202,2,36,0,10,1,0,300000.0000,0.0000,0,0,0,0,0,0
n012w8-0,n012w8,0,5,500000,100.0,adaptive,2026-07-05T01:03:14+01:00,8,0,99,13,1,99.966848,3950,4145,3950,195,4.7045,GLOBAL_BEST,0,202,2,38,0,11,1,0,1950000.0000,0.0000,0,0,0,0,0,0
n012w8-0,n012w8,0,5,500000,100.0,adaptive,2026-07-05T01:03:14+01:00,8,0,99,15,1,99.961324,3915,3950,3915,35,0.8861,GLOBAL_BEST,0,202,3,39,0,12,2,0,175000.0000,0.0000,0,0,0,0,0,0
n012w8-0,n012w8,0,5,500000,100.0,adaptive,2026-07-05T01:03:14+01:00,8,0,99,30,1,99.919902,3770,3915,3770,145,3.7037,GLOBAL_BEST,0,202,9,63,2,13,15,0,96666.6667,0.0000,0,0,0,0,0,0
n012w8-0,n012w8,0,5,500000,100.0,adaptive,2026-07-05T01:03:14+01:00,8,0,99,34,1,99.908859,3675,3770,3675,95,2.5199,GLOBAL_BEST,0,202,10,65,3,14,4,0,237500.0000,0.0000,0,0,0,0,0,0
n012w8-0,n012w8,0,5,500000,100.0,adaptive,2026-07-05T01:03:14+01:00,8,0,99,35,1,99.906099,3670,3675,3670,5,0.1361,GLOBAL_BEST,0,202,10,69,3,15,1,0,50000.0000,0.0000,0,0,0,0,0,0
n012w8-0,n012w8,0,5,500000,100.0,adaptive,2026-07-05T01:03:14+01:00,8,0,99,36,1,99.903338,3640,3670,3640,30,0.8174,GLOBAL_BEST,0,202,10,69,3,16,1,0,300000.0000,0.0000,0,0,0,0,0,0
n012w8-0,n012w8,0,5,500000,100.0,adaptive,2026-07-05T01:03:14+01:00,8,0,99,37,1,99.900578,3540,3640,3540,100,2.7473,GLOBAL_BEST,0,202,10,71,3,17,1,0,1000000.0000,0.0000,0,0,0,0,0,0
n012w8-0,n012w8,0,5,500000,100.0,adaptive,2026-07-05T01:03:14+01:00,8,0,99,42,1,99.886777,3525,3540,3525,15,0.4237,GLOBAL_BEST,0,202,12,88,3,18,5,0,30000.0000,0.0000,0,0,0,0,0,0
n012w8-0,n012w8,0,5,500000,100.0,adaptive,2026-07-05T01:03:14+01:00,8,0,99,43,1,99.884017,3510,3525,3510,15,0.4255,GLOBAL_BEST,0,202,12,89,3,19,1,0,150000.0000,0.0000,0,0,0,0,0,0
n012w8-0,n012w8,0,5,500000,100.0,adaptive,2026-07-05T01:03:14+01:00,8,0,99,49,1,99.867459,3500,3510,3500,10,0.2849,GLOBAL_BEST,0,202,13,93,4,20,6,0,16666.6667,0.0000,0,0,0,0,0,0
n012w8-0,n012w8,0,5,500000,100.0,adaptive,2026-07-05T01:03:14+01:00,8,0,99,56,1,99.848145,3300,3500,3300,200,5.7143,GLOBAL_BEST,0,202,14,113,6,21,7,0,285714.2857,0.0000,0,0,0,0,0,0
n012w8-0,n012w8,0,5,500000,100.0,adaptive,2026-07-05T01:03:14+01:00,8,0,99,60,1,99.837110,3290,3300,3290,10,0.3030,GLOBAL_BEST,0,202,15,116,7,22,4,0,25000.0000,0.0000,0,0,0,0,0,0
n012w8-0,n012w8,0,5,500000,100.0,adaptive,2026-07-05T01:03:14+01:00,8,0,99,82,1,99.776439,3260,3290,3260,30,0.9119,GLOBAL_BEST,0,202,19,150,14,23,22,0,13636.3636,0.0000,0,0,0,0,0,0
n012w8-0,n012w8,0,5,500000,100.0,adaptive,2026-07-05T01:03:14+01:00,8,0,99,85,1,99.768169,3230,3260,3230,30,0.9202,GLOBAL_BEST,0,202,19,156,15,24,3,0,100000.0000,0.0000,0,0,0,0,0,0
n012w8-0,n012w8,0,5,500000,100.0,adaptive,2026-07-05T01:03:14+01:00,8,0,99,86,1,99.765412,3225,3230,3225,5,0.1548,GLOBAL_BEST,0,202,19,161,15,25,1,0,50000.0000,0.0000,0,0,0,0,0,0
n012w8-0,n012w8,0,5,500000,100.0,adaptive,2026-07-05T01:03:14+01:00,8,0,99,88,1,99.759899,3205,3225,3205,20,0.6202,GLOBAL_BEST,0,202,19,163,15,26,2,0,100000.0000,0.0000,0,0,0,0,0,0
n012w8-0,n012w8,0,5,500000,100.0,adaptive,2026-07-05T01:03:14+01:00,8,0,99,89,1,99.757142,3160,3205,3160,45,1.4041,GLOBAL_BEST,0,202,19,163,15,27,1,0,450000.0000,0.0000,0,0,0,0,0,0
n012w8-0,n012w8,0,5,500000,100.0,adaptive,2026-07-05T01:03:14+01:00,8,0,99,95,1,99.740605,2950,3160,2950,210,6.6456,GLOBAL_BEST,0,202,19,173,16,28,6,0,350000.0000,0.0000,0,0,0,0,0,0
n012w8-0,n012w8,0,5,500000,100.0,adaptive,2026-07-05T01:03:14+01:00,8,0,99,96,1,99.737850,2845,2950,2845,105,3.5593,GLOBAL_BEST,0,202,19,180,16,29,1,0,1050000.0000,0.0000,0,0,0,0,0,0
n012w8-0,n012w8,0,5,500000,100.0,adaptive,2026-07-05T01:03:14+01:00,8,0,99,148,1,99.594648,2830,2845,2830,15,0.5272,GLOBAL_BEST,0,202,25,246,40,30,52,0,2884.6154,0.0000,0,0,0,0,0,0
n012w8-0,n012w8,0,5,500000,100.0,adaptive,2026-07-05T01:03:14+01:00,8,0,99,151,1,99.586392,2725,2830,2725,105,3.7102,GLOBAL_BEST,0,202,26,249,40,31,3,0,350000.0000,0.0000,0,0,0,0,0,0
n012w8-0,n012w8,0,5,500000,100.0,adaptive,2026-07-05T01:03:14+01:00,8,0,99,152,1,99.583641,2590,2725,2590,135,4.9541,GLOBAL_BEST,0,202,26,251,40,32,1,0,1350000.0000,0.0000,0,0,0,0,0,0
n012w8-0,n012w8,0,5,500000,100.0,adaptive,2026-07-05T01:03:14+01:00,8,0,99,161,1,99.558879,2570,2590,2570,20,0.7722,GLOBAL_BEST,0,202,27,281,43,33,9,0,22222.2222,0.0000,0,0,0,0,0,0
n012w8-0,n012w8,0,5,500000,100.0,adaptive,2026-07-05T01:03:14+01:00,8,0,99,162,1,99.556129,2555,2570,2555,15,0.5837,GLOBAL_BEST,0,202,27,281,43,34,1,0,150000.0000,0.0000,0,0,0,0,0,0
n012w8-0,n012w8,0,5,500000,100.0,adaptive,2026-07-05T01:03:14+01:00,8,0,99,164,1,99.550627,2525,2555,2525,30,1.1742,GLOBAL_BEST,0,202,27,285,44,35,2,0,150000.0000,0.0000,0,0,0,0,0,0
n012w8-0,n012w8,0,5,500000,100.0,adaptive,2026-07-05T01:03:14+01:00,8,0,99,696,2,98.097965,2515,2525,2515,10,0.3960,GLOBAL_BEST,0,202,152,1217,220,36,532,1,187.9699,10000.0000,0,0,0,0,0,0
n012w8-0,n012w8,0,5,500000,100.0,adaptive,2026-07-05T01:03:14+01:00,8,0,99,697,2,98.095255,2485,2515,2485,30,1.1928,GLOBAL_BEST,0,202,152,1218,220,37,1,0,300000.0000,0.0000,0,0,0,0,0,0
n012w8-0,n012w8,0,5,500000,100.0,adaptive,2026-07-05T01:03:14+01:00,8,0,99,832,2,97.730023,2480,2485,2480,5,0.2012,GLOBAL_BEST,0,202,185,1454,272,38,135,0,370.3704,0.0000,0,0,0,0,0,0
n012w8-0,n012w8,0,5,500000,100.0,adaptive,2026-07-05T01:03:14+01:00,8,0,99,833,2,97.727322,2420,2480,2420,60,2.4194,GLOBAL_BEST,0,202,185,1454,272,39,1,0,600000.0000,0.0000,0,0,0,0,0,0
n012w8-0,n012w8,0,5,500000,100.0,adaptive,2026-07-05T01:03:14+01:00,8,0,99,864,2,97.643649,2405,2420,2405,15,0.6198,GLOBAL_BEST,0,202,190,1490,289,40,31,0,4838.7097,0.0000,0,0,0,0,0,0
n012w8-0,n012w8,0,5,500000,100.0,adaptive,2026-07-05T01:03:14+01:00,8,0,99,7364,12,81.591328,2350,2405,2350,55,2.2869,GLOBAL_BEST,0,202,1832,12535,2519,41,6500,10,84.6154,5500.0000,0,0,0,0,0,0
n012w8-0,n012w8,0,5,500000,100.0,adaptive,2026-07-05T01:03:14+01:00,8,0,99,7381,12,81.553011,2320,2350,2320,30,1.2766,GLOBAL_BEST,0,202,1836,12550,2525,42,17,0,17647.0588,0.0000,0,0,0,0,0,0
n012w8-0,n012w8,0,5,500000,100.0,adaptive,2026-07-05T01:03:14+01:00,8,0,99,7382,12,81.550758,2305,2320,2305,15,0.6466,GLOBAL_BEST,0,202,1836,12554,2525,43,1,0,150000.0000,0.0000,0,0,0,0,0,0
n012w8-0,n012w8,0,5,500000,100.0,adaptive,2026-07-05T01:03:14+01:00,8,0,99,14189,22,67.568457,2265,2305,2265,40,1.7354,GLOBAL_BEST,0,202,3376,24562,5173,44,6807,10,58.7630,4000.0000,0,0,0,0,0,0
n012w8-0,n012w8,0,5,500000,100.0,adaptive,2026-07-05T01:03:14+01:00,8,0,99,17784,28,61.179229,2260,2265,2260,5,0.2208,GLOBAL_BEST,0,202,4129,30622,6747,45,3595,6,13.9082,833.3333,0,0,0,0,0,0
n012w8-0,n012w8,0,5,500000,100.0,adaptive,2026-07-05T01:03:14+01:00,8,0,99,17864,29,61.044143,2240,2260,2240,20,0.8850,GLOBAL_BEST,0,202,4145,30735,6784,46,80,1,2500.0000,20000.0000,0,0,0,0,0,0
n012w8-0,n012w8,0,5,500000,100.0,adaptive,2026-07-05T01:03:14+01:00,8,0,99,24316,38,51.076367,2080,2240,2080,160,7.1429,GLOBAL_BEST,0,202,5332,41230,9948,47,6452,9,247.9851,17777.7778,0,0,0,0,0,0
n012w8-0,n012w8,0,5,500000,100.0,adaptive,2026-07-05T01:03:14+01:00,8,0,99,24327,38,51.060845,2075,2080,2075,5,0.2404,GLOBAL_BEST,0,202,5333,41246,9955,48,11,0,4545.4545,0.0000,0,0,0,0,0,0
n012w8-0,n012w8,0,5,500000,100.0,adaptive,2026-07-05T01:03:14+01:00,8,0,99,24433,38,50.911513,2055,2075,2055,20,0.9639,GLOBAL_BEST,0,202,5346,41390,10025,49,106,0,1886.7925,0.0000,0,0,0,0,0,0
n012w8-0,n012w8,0,5,500000,100.0,adaptive,2026-07-05T01:03:14+01:00,8,0,99,35848,56,37.139495,2035,2055,2035,20,0.9732,GLOBAL_BEST,0,202,7106,60182,16534,50,11415,18,17.5208,1111.1111,0,0,0,0,0,0
n012w8-0,n012w8,0,5,500000,100.0,adaptive,2026-07-05T01:03:14+01:00,8,0,99,35851,57,37.136417,1970,2035,1970,65,3.1941,GLOBAL_BEST,0,202,7106,60184,16536,51,3,1,216666.6667,65000.0000,0,0,0,0,0,0
n012w8-0,n012w8,0,5,500000,100.0,adaptive,2026-07-05T01:03:14+01:00,8,0,99,35888,57,37.098470,1965,1970,1965,5,0.2538,GLOBAL_BEST,0,202,7108,60235,16565,52,37,0,1351.3514,0.0000,0,0,0,0,0,0
n012w8-0,n012w8,0,5,500000,100.0,adaptive,2026-07-05T01:03:14+01:00,8,0,99,35899,57,37.087196,1935,1965,1935,30,1.5267,GLOBAL_BEST,0,202,7109,60243,16571,53,11,0,27272.7273,0.0000,0,0,0,0,0,0
n012w8-0,n012w8,0,5,500000,100.0,adaptive,2026-07-05T01:03:14+01:00,8,0,99,35913,57,37.072852,1925,1935,1925,10,0.5168,GLOBAL_BEST,0,202,7111,60265,16582,54,14,0,7142.8571,0.0000,0,0,0,0,0,0
n012w8-0,n012w8,0,5,500000,100.0,adaptive,2026-07-05T01:03:14+01:00,8,0,99,35920,57,37.065682,1910,1925,1910,15,0.7792,GLOBAL_BEST,0,202,7111,60283,16587,55,7,0,21428.5714,0.0000,0,0,0,0,0,0
n012w8-0,n012w8,0,5,500000,100.0,adaptive,2026-07-05T01:03:14+01:00,8,0,99,35931,57,37.054418,1895,1910,1895,15,0.7853,GLOBAL_BEST,0,202,7111,60302,16596,56,11,0,13636.3636,0.0000,0,0,0,0,0,0
n012w8-0,n012w8,0,5,500000,100.0,adaptive,2026-07-05T01:03:14+01:00,8,2,99,40448,120,32.706645,2015,2035,2015,20,0.9828,LOCAL_BEST,1,202,7809,67601,19161,57,4517,63,44.2772,317.4603,0,0,0,0,0,0
n012w8-0,n012w8,0,5,500000,100.0,adaptive,2026-07-05T01:03:14+01:00,8,2,99,40453,120,32.702127,1965,2015,1965,50,2.4814,LOCAL_BEST,1,202,7809,67610,19164,58,5,0,100000.0000,0.0000,0,0,0,0,0,0
n012w8-0,n012w8,0,5,500000,100.0,adaptive,2026-07-05T01:03:14+01:00,8,2,99,46837,129,27.413722,1945,1965,1945,20,1.0178,LOCAL_BEST,1,202,8428,77638,23576,59,6384,9,31.3283,2222.2222,0,0,0,0,0,0
n012w8-0,n012w8,0,5,500000,100.0,adaptive,2026-07-05T01:03:14+01:00,8,2,99,46840,129,27.411449,1940,1945,1940,5,0.2571,LOCAL_BEST,1,202,8428,77651,23578,60,3,0,16666.6667,0.0000,0,0,0,0,0,0
n012w8-0,n012w8,0,5,500000,100.0,adaptive,2026-07-05T01:03:14+01:00,8,2,99,46890,129,27.373605,1925,1940,1925,15,0.7732,LOCAL_BEST,1,202,8432,77727,23611,61,50,0,3000.0000,0.0000,0,0,0,0,0,0
n012w8-0,n012w8,0,5,500000,100.0,adaptive,2026-07-05T01:03:14+01:00,8,2,99,46899,129,27.366799,1865,1925,1865,60,3.1169,LOCAL_BEST,1,202,8433,77735,23618,62,9,0,66666.6667,0.0000,0,0,0,0,0,0
n012w8-0,n012w8,0,5,500000,100.0,adaptive,2026-07-05T01:03:14+01:00,8,0,99,53707,84,22.673993,1880,1895,1880,15,0.7916,GLOBAL_BEST,0,202,8840,88122,28826,63,6808,-45,22.0329,0.0000,0,0,0,0,0,0
n012w8-0,n012w8,0,5,500000,100.0,adaptive,2026-07-05T01:03:14+01:00,8,0,99,53827,84,22.598936,1865,1880,1865,15,0.7979,GLOBAL_BEST,0,202,8846,88285,28927,64,120,0,1250.0000,0.0000,0,0,0,0,0,0
n012w8-0,n012w8,0,5,500000,100.0,adaptive,2026-07-05T01:03:14+01:00,8,0,99,53950,85,22.522262,1835,1865,1835,30,1.6086,GLOBAL_BEST,0,202,8853,88506,29027,65,123,1,2439.0244,30000.0000,0,0,0,0,0,0
n012w8-0,n012w8,0,5,500000,100.0,adaptive,2026-07-05T01:03:14+01:00,8,0,99,53972,85,22.508575,1815,1835,1815,20,1.0899,GLOBAL_BEST,0,202,8853,88548,29047,66,22,0,9090.9091,0.0000,0,0,0,0,0,0
n012w8-0,n012w8,0,5,500000,100.0,adaptive,2026-07-05T01:03:14+01:00,8,0,99,54004,85,22.488682,1805,1815,1805,10,0.5510,GLOBAL_BEST,0,202,8854,88577,29073,67,32,0,3125.0000,0.0000,0,0,0,0,0,0
n012w8-0,n012w8,0,5,500000,100.0,adaptive,2026-07-05T01:03:14+01:00,8,0,99,54027,85,22.474395,1770,1805,1770,35,1.9391,GLOBAL_BEST,0,202,8855,88623,29091,68,23,0,15217.3913,0.0000,0,0,0,0,0,0
n012w8-0,n012w8,0,5,500000,100.0,adaptive,2026-07-05T01:03:14+01:00,8,2,99,56640,144,20.908939,1855,1865,1855,10,0.5362,LOCAL_BEST,1,202,9145,92742,31000,69,2613,59,38.2702,169.4915,0,0,0,0,0,0
n012w8-0,n012w8,0,5,500000,100.0,adaptive,2026-07-05T01:03:14+01:00,8,2,99,58489,147,19.867536,1830,1855,1830,25,1.3477,LOCAL_BEST,1,202,9259,95681,32437,70,1849,3,135.2082,8333.3333,0,0,0,0,0,0
n012w8-0,n012w8,0,5,500000,100.0,adaptive,2026-07-05T01:03:14+01:00,8,2,99,59028,148,19.573838,1825,1830,1825,5,0.2732,LOCAL_BEST,1,202,9291,96468,32880,71,539,1,92.7644,5000.0000,0,0,0,0,0,0
n012w8-0,n012w8,0,5,500000,100.0,adaptive,2026-07-05T01:03:14+01:00,8,2,99,59032,148,19.571675,1820,1825,1820,5,0.2740,LOCAL_BEST,1,202,9291,96476,32883,72,4,0,12500.0000,0.0000,0,0,0,0,0,0
n012w8-0,n012w8,0,5,500000,100.0,adaptive,2026-07-05T01:03:14+01:00,8,2,99,62706,153,17.682351,1810,1820,1810,10,0.5495,LOCAL_BEST,1,202,9491,101877,35816,73,3674,5,27.2183,2000.0000,0,0,0,0,0,0
n012w8-0,n012w8,0,5,500000,100.0,adaptive,2026-07-05T01:03:14+01:00,8,2,99,63811,155,17.150627,1765,1810,1765,45,2.4862,LOCAL_BEST,1,202,9557,103495,36697,74,1105,2,407.2398,22500.0000,0,0,0,0,0,0
n012w8-0,n012w8,0,5,500000,100.0,adaptive,2026-07-05T01:03:14+01:00,8,4,99,65717,267,16.270766,1745,1750,1745,5,0.2857,LOCAL_BEST,2,202,9396,107285,38273,75,1906,112,26.2329,44.6429,0,0,0,0,0,0
n012w8-0,n012w8,0,5,500000,100.0,adaptive,2026-07-05T01:03:14+01:00,8,2,99,66230,158,16.041759,1760,1765,1760,5,0.2833,LOCAL_BEST,1,202,9654,107123,38734,76,513,-109,97.4659,0.0000,0,0,0,0,0,0
n012w8-0,n012w8,0,5,500000,100.0,adaptive,2026-07-05T01:03:14+01:00,8,4,99,66650,269,15.856670,1730,1745,1730,15,0.8596,LOCAL_BEST,2,202,9427,108683,39064,77,420,111,357.1429,135.1351,0,0,0,0,0,0
n012w8-0,n012w8,0,5,500000,100.0,adaptive,2026-07-05T01:03:14+01:00,8,3,99,68099,231,15.234352,1760,1765,1760,5,0.2833,LOCAL_BEST,1,202,9762,111712,39861,78,1449,-38,34.5066,0.0000,0,0,0,0,0,0
n012w8-0,n012w8,0,5,500000,100.0,adaptive,2026-07-05T01:03:14+01:00,8,3,99,68119,231,15.225936,1730,1760,1730,30,1.7045,LOCAL_BEST,1,202,9762,111753,39879,79,20,0,15000.0000,0.0000,0,0,0,0,0,0
n012w8-0,n012w8,0,5,500000,100.0,adaptive,2026-07-05T01:03:14+01:00,8,3,99,68743,231,14.965664,1710,1730,1710,20,1.1561,LOCAL_BEST,1,202,9783,112666,40424,80,624,0,320.5128,0.0000,0,0,0,0,0,0
n012w8-0,n012w8,0,5,500000,100.0,adaptive,2026-07-05T01:03:14+01:00,8,3,99,68778,231,14.951198,1700,1710,1700,10,0.5848,LOCAL_BEST,1,202,9783,112709,40452,81,35,0,2857.1429,0.0000,0,0,0,0,0,0
n012w8-0,n012w8,0,5,500000,100.0,adaptive,2026-07-05T01:03:14+01:00,8,3,99,68811,231,14.937572,1670,1700,1670,30,1.7647,GLOBAL_BEST,1,202,9783,112774,40481,82,33,0,9090.9091,0.0000,0,0,0,0,0,0
n012w8-0,n012w8,0,5,500000,100.0,adaptive,2026-07-05T01:03:14+01:00,8,2,99,72970,167,13.315945,1755,1760,1755,5,0.2841,LOCAL_BEST,1,202,9920,116819,44385,83,4159,-64,12.0221,0.0000,0,0,0,0,0,0
n012w8-0,n012w8,0,5,500000,100.0,adaptive,2026-07-05T01:03:14+01:00,8,2,99,73041,167,13.289848,1750,1755,1750,5,0.2849,GLOBAL_BEST,1,202,9924,116929,44441,84,71,0,704.2254,0.0000,0,0,0,0,0,0
n012w8-0,n012w8,0,5,500000,100.0,adaptive,2026-07-05T01:03:14+01:00,8,2,99,73271,167,13.205657,1745,1750,1745,5,0.2857,GLOBAL_BEST,1,202,9927,117221,44652,85,230,0,217.3913,0.0000,0,0,0,0,0,0
n012w8-0,n012w8,0,5,500000,100.0,adaptive,2026-07-05T01:03:14+01:00,8,4,99,74429,280,12.789807,1715,1730,1715,15,0.8671,LOCAL_BEST,2,202,9669,120373,45669,86,1158,113,129.5337,132.7434,0,0,0,0,0,0
n012w8-0,n012w8,0,5,500000,100.0,adaptive,2026-07-05T01:03:14+01:00,8,2,99,74491,170,12.767916,1735,1745,1735,10,0.5731,GLOBAL_BEST,1,202,9952,118909,45713,87,62,-110,1612.9032,0.0000,0,0,0,0,0,0
n012w8-0,n012w8,0,5,500000,100.0,adaptive,2026-07-05T01:03:14+01:00,8,2,99,75308,171,12.482915,1730,1735,1730,5,0.2882,GLOBAL_BEST,1,202,9963,120058,46460,88,817,1,61.1995,5000.0000,0,0,0,0,0,0
n012w8-0,n012w8,0,5,500000,100.0,adaptive,2026-07-05T01:03:14+01:00,8,2,99,76458,172,12.092497,1720,1730,1720,10,0.5780,GLOBAL_BEST,1,202,9997,121603,47440,89,1150,1,86.9565,10000.0000,0,0,0,0,0,0
n012w8-0,n012w8,0,5,500000,100.0,adaptive,2026-07-05T01:03:14+01:00,8,5,99,76886,362,11.950333,1665,1670,1665,5,0.2994,LOCAL_BEST,2,202,9691,124467,47924,90,428,190,116.8224,26.3158,0,0,0,0,0,0
n012w8-0,n012w8,0,5,500000,100.0,adaptive,2026-07-05T01:03:14+01:00,8,2,99,76977,173,11.920322,1705,1720,1705,15,0.8721,GLOBAL_BEST,1,202,10010,122298,47904,91,91,-189,1648.3516,0.0000,0,0,0,0,0,0
n012w8-0,n012w8,0,5,500000,100.0,adaptive,2026-07-05T01:03:14+01:00,8,5,99,77352,363,11.797446,1660,1665,1660,5,0.3003,LOCAL_BEST,2,202,9695,125129,48356,92,375,190,133.3333,26.3158,0,0,0,0,0,0
n012w8-0,n012w8,0,5,500000,100.0,adaptive,2026-07-05T01:03:14+01:00,8,5,99,77602,363,11.716233,1655,1660,1655,5,0.3012,GLOBAL_BEST,2,202,9700,125457,48583,93,250,0,200.0000,0.0000,0,0,0,0,0,0
n012w8-0,n012w8,0,5,500000,100.0,adaptive,2026-07-05T01:03:14+01:00,8,2,99,78137,174,11.544311,1700,1705,1700,5,0.2933,GLOBAL_BEST,1,202,10039,124037,48921,94,535,-189,93.4579,0.0000,0,0,0,0,0,0
n012w8-0,n012w8,0,5,500000,100.0,adaptive,2026-07-05T01:03:14+01:00,8,0,99,82984,126,10.097271,1765,1770,1765,5,0.2825,GLOBAL_BEST,0,202,10004,132714,53071,95,4847,-48,10.3157,0.0000,0,0,0,0,0,0
n012w8-0,n012w8,0,5,500000,100.0,adaptive,2026-07-05T01:03:14+01:00,8,0,99,84285,128,9.740741,1755,1765,1755,10,0.5666,GLOBAL_BEST,0,202,10019,134611,54239,96,1301,2,76.8640,5000.0000,0,0,0,0,0,0
n012w8-0,n012w8,0,5,500000,100.0,adaptive,2026-07-05T01:03:14+01:00,8,2,99,92914,196,7.674392,1695,1700,1695,5,0.2941,GLOBAL_BEST,1,202,10254,145124,62186,97,8629,68,5.7944,73.5294,0,0,0,0,0,0
n012w8-0,n012w8,0,5,500000,100.0,adaptive,2026-07-05T01:03:14+01:00,8,2,99,96002,200,7.046736,1685,1695,1685,10,0.5900,GLOBAL_BEST,1,202,10279,149393,65014,98,3088,4,32.3834,2500.0000,0,0,0,0,0,0
n012w8-0,n012w8,0,5,500000,100.0,adaptive,2026-07-05T01:03:14+01:00,8,3,99,100544,276,6.215613,1660,1670,1660,10,0.5988,GLOBAL_BEST,1,202,10254,159770,69047,99,4542,76,22.0167,131.5789,0,0,0,0,0,0
n012w8-0,n012w8,0,5,500000,100.0,adaptive,2026-07-05T01:03:14+01:00,8,5,99,127602,458,2.942903,1690,1655,1655,0,0.0000,REHEAT,2,202,10004,199009,94795,100,27058,182,0.0000,0.0000,0,0,0,0,0,0
n012w8-0,n012w8,0,5,500000,100.0,adaptive,2026-07-05T01:03:14+01:00,8,0,99,134285,196,2.446696,1755,1755,1755,0,0.0000,REHEAT,0,202,10258,209627,100447,101,6683,-262,0.0000,0.0000,0,0,0,0,0,0
n012w8-0,n012w8,0,5,500000,100.0,adaptive,2026-07-05T01:03:14+01:00,8,2,99,146002,266,1.770011,1685,1685,1685,0,0.0000,REHEAT,1,202,10398,218765,112251,102,11717,70,0.0000,0.0000,0,0,0,0,0,0
n012w8-0,n012w8,0,5,500000,100.0,adaptive,2026-07-05T01:03:14+01:00,8,3,99,150544,349,1.561248,1670,1660,1660,0,0.0000,REHEAT,1,202,10317,230966,116469,103,4542,83,0.0000,0.0000,0,0,0,0,0,0
n012w8-0,n012w8,0,5,500000,100.0,adaptive,2026-07-05T01:03:14+01:00,8,5,99,177602,555,25.118864,2000,1655,1655,0,0.0000,REHEAT,2,202,18546,281721,120987,104,27058,206,0.0000,0.0000,0,0,0,0,0,0
n012w8-0,n012w8,0,5,500000,100.0,adaptive,2026-07-05T01:03:14+01:00,8,0,99,184285,273,25.118864,1895,1755,1755,0,0.0000,REHEAT,0,202,18889,291418,126621,105,6683,-282,0.0000,0.0000,0,0,0,0,0,0
n012w8-0,n012w8,0,5,500000,100.0,adaptive,2026-07-05T01:03:14+01:00,8,2,99,196002,356,25.118864,2120,1685,1685,0,0.0000,REHEAT,1,202,18906,300415,138413,106,11717,83,0.0000,0.0000,0,0,0,0,0,0
n012w8-0,n012w8,0,5,500000,100.0,adaptive,2026-07-05T01:03:14+01:00,8,3,99,200544,467,25.118864,2250,1660,1660,0,0.0000,REHEAT,1,202,18856,313531,142773,107,4542,111,0.0000,0.0000,0,0,0,0,0,0
n012w8-0,n012w8,0,5,500000,100.0,adaptive,2026-07-05T01:03:14+01:00,8,5,99,227602,640,25.118864,2130,1655,1655,0,0.0000,REHEAT,2,202,26918,363980,147319,108,27058,173,0.0000,0.0000,0,0,0,0,0,0
n012w8-0,n012w8,0,5,500000,100.0,adaptive,2026-07-05T01:03:14+01:00,8,0,99,234285,361,25.118864,2415,1755,1755,0,0.0000,REHEAT,0,202,27410,373378,152947,109,6683,-279,0.0000,0.0000,0,0,0,0,0,0
n012w8-0,n012w8,0,5,500000,100.0,adaptive,2026-07-05T01:03:14+01:00,8,2,99,246002,461,25.118864,2060,1685,1685,0,0.0000,REHEAT,1,202,27443,383183,164592,110,11717,100,0.0000,0.0000,0,0,0,0,0,0
n012w8-0,n012w8,0,5,500000,100.0,adaptive,2026-07-05T01:03:14+01:00,8,3,99,250544,558,25.118864,2080,1660,1660,0,0.0000,REHEAT,1,202,27501,395653,168713,111,4542,97,0.0000,0.0000,0,0,0,0,0,0
n012w8-0,n012w8,0,5,500000,100.0,adaptive,2026-07-05T01:03:14+01:00,8,5,99,277602,731,25.118864,2220,1655,1655,0,0.0000,REHEAT,2,202,35432,446077,173645,112,27058,173,0.0000,0.0000,0,0,0,0,0,0
n012w8-0,n012w8,0,5,500000,100.0,adaptive,2026-07-05T01:03:14+01:00,8,0,99,284285,456,25.118864,2075,1755,1755,0,0.0000,REHEAT,0,202,35831,455742,179115,113,6683,-275,0.0000,0.0000,0,0,0,0,0,0
n012w8-0,n012w8,0,5,500000,100.0,adaptive,2026-07-05T01:03:14+01:00,8,2,99,296002,557,25.118864,2400,1685,1685,0,0.0000,REHEAT,1,202,35909,465404,190888,114,11717,101,0.0000,0.0000,0,0,0,0,0,0
n012w8-0,n012w8,0,5,500000,100.0,adaptive,2026-07-05T01:03:14+01:00,8,3,99,300544,641,25.118864,2140,1660,1660,0,0.0000,REHEAT,1,202,36112,478348,194784,115,4542,84,0.0000,0.0000,0,0,0,0,0,0
n012w8-0,n012w8,0,5,500000,100.0,adaptive,2026-07-05T01:03:14+01:00,8,5,99,327602,817,25.118864,2045,1655,1655,0,0.0000,REHEAT,2,202,44097,528341,199596,116,27058,176,0.0000,0.0000,0,0,0,0,0,0
n012w8-0,n012w8,0,5,500000,100.0,adaptive,2026-07-05T01:03:14+01:00,8,0,99,334285,549,25.118864,2260,1755,1755,0,0.0000,REHEAT,0,202,44504,538482,205066,117,6683,-268,0.0000,0.0000,0,0,0,0,0,0
n012w8-0,n012w8,0,5,500000,100.0,adaptive,2026-07-05T01:03:14+01:00,8,2,99,346002,649,25.118864,2120,1685,1685,0,0.0000,REHEAT,1,202,44410,547204,216998,118,11717,100,0.0000,0.0000,0,0,0,0,0,0
n012w8-0,n012w8,0,5,500000,100.0,adaptive,2026-07-05T01:03:14+01:00,8,3,99,350544,740,25.118864,2290,1660,1660,0,0.0000,REHEAT,1,202,44442,561100,221249,119,4542,91,0.0000,0.0000,0,0,0,0,0,0
n012w8-0,n012w8,0,5,500000,100.0,adaptive,2026-07-05T01:03:14+01:00,8,5,99,377602,905,25.118864,2230,1655,1655,0,0.0000,REHEAT,2,202,52530,610512,226061,120,27058,165,0.0000,0.0000,0,0,0,0,0,0
n012w8-0,n012w8,0,5,500000,100.0,adaptive,2026-07-05T01:03:14+01:00,8,0,99,384285,655,25.118864,2080,1755,1755,0,0.0000,REHEAT,0,202,53126,620975,231251,121,6683,-250,0.0000,0.0000,1,70,49928,0,0,0
n012w8-0,n012w8,0,5,500000,100.0,adaptive,2026-07-05T01:03:14+01:00,8,2,99,396002,738,25.118864,2385,1685,1685,0,0.0000,REHEAT,1,202,52952,630068,243133,122,11717,83,0.0000,0.0000,0,0,0,0,0,0
n012w8-0,n012w8,0,5,500000,100.0,adaptive,2026-07-05T01:03:14+01:00,8,3,99,400544,821,25.118864,2300,1660,1660,0,0.0000,REHEAT,1,202,52928,643324,247408,123,4542,83,0.0000,0.0000,0,0,0,0,0,0
n012w8-0,n012w8,0,5,500000,100.0,adaptive,2026-07-05T01:03:14+01:00,8,5,99,427602,983,25.118864,2200,1655,1655,0,0.0000,REHEAT,2,202,61048,692973,252199,124,27058,162,0.0000,0.0000,0,0,0,0,0,0
n012w8-0,n012w8,0,5,500000,100.0,adaptive,2026-07-05T01:03:14+01:00,8,0,99,434213,739,25.169582,1740,1755,1740,15,0.8547,LOCAL_BEST,0,202,61691,703458,257416,125,6611,-244,22.6895,0.0000,0,0,0,0,0,0
n012w8-0,n012w8,0,5,500000,100.0,adaptive,2026-07-05T01:03:14+01:00,8,0,99,434270,739,25.129972,1725,1740,1725,15,0.8621,LOCAL_BEST,0,202,61691,703535,257465,126,57,0,2631.5789,0.0000,0,0,0,0,0,0
n012w8-0,n012w8,0,5,500000,100.0,adaptive,2026-07-05T01:03:14+01:00,8,0,99,434271,739,25.129277,1685,1725,1685,40,2.3188,LOCAL_BEST,0,202,61691,703537,257465,127,1,0,400000.0000,0.0000,0,0,0,0,0,0
n012w8-0,n012w8,0,5,500000,100.0,adaptive,2026-07-05T01:03:14+01:00,8,2,99,446002,816,25.118864,2100,1685,1685,0,0.0000,REHEAT,1,202,61433,712113,269196,128,11731,77,0.0000,0.0000,0,0,0,0,0,0
n012w8-0,n012w8,0,5,500000,100.0,adaptive,2026-07-05T01:03:14+01:00,8,3,99,450544,916,25.118864,2215,1660,1660,0,0.0000,REHEAT,1,202,61370,725545,273791,129,4542,100,0.0000,0.0000,0,0,0,0,0,0
n012w8-0,n012w8,0,5,500000,100.0,adaptive,2026-07-05T01:03:14+01:00,8,5,99,477602,1058,25.118864,2020,1655,1655,0,0.0000,REHEAT,2,202,69518,774883,278330,130,27058,142,0.0000,0.0000,0,0,0,0,0,0
n012w8-0,n012w8,0,5,500000,100.0,adaptive,2026-07-05T01:03:14+01:00,8,0,99,484271,828,6.312015,1720,1685,1685,0,0.0000,REHEAT,0,202,63302,780144,300041,131,6669,-230,0.0000,0.0000,0,0,0,0,0,0
n012w8-0,n012w8,0,5,500000,100.0,adaptive,2026-07-05T01:03:14+01:00,8,2,99,496002,897,25.118864,2020,1685,1685,0,0.0000,REHEAT,1,202,70039,794085,295026,132,11731,69,0.0000,0.0000,0,0,0,0,0,0
