run_id,instance,seed,beam_width,iterations,temperature,cooling_mode,timestamp,week,worker_id,parent_worker_id,depth,candidate,temperature_at_event,current_penalty,local_best,global_best,cands_since_improve,worker_lifetime_pct,candidate_pct,time_since_previous_improvement,time_until_worker_exit
n012w8-0,n012w8,0,5,500000,100.0,adaptive,2026-07-02T23:09:42+01:00,1,7,5,0,185320,25.118864,860,400,400,100000,37.06,37.06,1531,4819
n012w8-0,n012w8,0,5,500000,100.0,adaptive,2026-07-02T23:09:42+01:00,1,7,5,0,285320,25.118864,745,400,400,100000,57.06,57.06,1531,3288
n012w8-0,n012w8,0,5,500000,100.0,adaptive,2026-07-02T23:09:42+01:00,1,7,5,0,385320,25.118864,720,400,400,100000,77.06,77.06,1531,1756
n012w8-0,n012w8,0,5,500000,100.0,adaptive,2026-07-02T23:09:42+01:00,1,7,5,0,485320,25.118864,935,400,400,100000,97.06,97.06,1531,224
n012w8-0,n012w8,0,5,500000,100.0,adaptive,2026-07-02T23:09:42+01:00,1,0,-1,0,189280,25.118864,720,475,400,100000,37.86,37.86,1531,4758
n012w8-0,n012w8,0,5,500000,100.0,adaptive,2026-07-02T23:09:42+01:00,1,0,-1,0,289280,25.118864,845,475,400,100000,57.86,57.86,1531,3227
n012w8-0,n012w8,0,5,500000,100.0,adaptive,2026-07-02T23:09:42+01:00,1,0,-1,0,389280,25.118864,595,475,400,100000,77.86,77.86,1531,1695
n012w8-0,n012w8,0,5,500000,100.0,adaptive,2026-07-02T23:09:42+01:00,1,0,-1,0,489280,25.118864,740,475,400,100000,97.86,97.86,1531,164
n012w8-0,n012w8,0,5,500000,100.0,adaptive,2026-07-02T23:09:42+01:00,1,4,2,0,167086,25.118864,920,445,400,100000,33.42,33.42,1531,5098
n012w8-0,n012w8,0,5,500000,100.0,adaptive,2026-07-02T23:09:42+01:00,1,4,2,0,267086,25.118864,775,445,400,100000,53.42,53.42,1531,3567
n012w8-0,n012w8,0,5,500000,100.0,adaptive,2026-07-02T23:09:42+01:00,1,4,2,0,367086,25.118864,890,445,400,100000,73.42,73.42,1531,2035
n012w8-0,n012w8,0,5,500000,100.0,adaptive,2026-07-02T23:09:42+01:00,1,4,2,0,467086,25.118864,695,445,400,100000,93.42,93.42,1531,504
n012w8-0,n012w8,0,5,500000,100.0,adaptive,2026-07-02T23:09:42+01:00,1,6,4,0,178019,25.118864,660,400,400,100000,35.60,35.60,1531,4931
n012w8-0,n012w8,0,5,500000,100.0,adaptive,2026-07-02T23:09:42+01:00,1,6,4,0,278019,25.118864,930,400,400,100000,55.60,55.60,1531,3399
n012w8-0,n012w8,0,5,500000,100.0,adaptive,2026-07-02T23:09:42+01:00,1,6,4,0,378019,25.118864,810,400,400,100000,75.60,75.60,1531,1868
n012w8-0,n012w8,0,5,500000,100.0,adaptive,2026-07-02T23:09:42+01:00,1,6,4,0,478019,25.118864,840,400,400,100000,95.60,95.60,1531,336
n012w8-0,n012w8,0,5,500000,100.0,adaptive,2026-07-02T23:09:42+01:00,1,8,6,0,184408,25.118864,785,400,400,100000,36.88,36.88,1531,4833
n012w8-0,n012w8,0,5,500000,100.0,adaptive,2026-07-02T23:09:42+01:00,1,8,6,0,284408,25.118864,845,400,400,100000,56.88,56.88,1531,3302
n012w8-0,n012w8,0,5,500000,100.0,adaptive,2026-07-02T23:09:42+01:00,1,8,6,0,384408,25.118864,1145,400,400,100000,76.88,76.88,1531,1770
n012w8-0,n012w8,0,5,500000,100.0,adaptive,2026-07-02T23:09:42+01:00,1,8,6,0,484408,25.118864,895,400,400,100000,96.88,96.88,1531,238
n012w8-0,n012w8,0,5,500000,100.0,adaptive,2026-07-02T23:09:42+01:00,1,2,0,0,168222,25.118864,1065,485,400,100000,33.64,33.64,1531,5081
n012w8-0,n012w8,0,5,500000,100.0,adaptive,2026-07-02T23:09:42+01:00,1,2,0,0,268222,25.118864,950,485,400,100000,53.64,53.64,1531,3549
n012w8-0,n012w8,0,5,500000,100.0,adaptive,2026-07-02T23:09:42+01:00,1,2,0,0,368222,25.118864,865,485,400,100000,73.64,73.64,1531,2018
n012w8-0,n012w8,0,5,500000,100.0,adaptive,2026-07-02T23:09:42+01:00,1,2,0,0,468222,25.118864,800,485,400,100000,93.64,93.64,1531,486
n012w8-0,n012w8,0,5,500000,100.0,adaptive,2026-07-02T23:09:42+01:00,1,5,3,0,171454,25.118864,920,410,400,100000,34.29,34.29,1531,5032
n012w8-0,n012w8,0,5,500000,100.0,adaptive,2026-07-02T23:09:42+01:00,1,5,3,0,271454,25.118864,665,410,400,100000,54.29,54.29,1531,3500
n012w8-0,n012w8,0,5,500000,100.0,adaptive,2026-07-02T23:09:42+01:00,1,5,3,0,371454,25.118864,930,410,400,100000,74.29,74.29,1531,1968
n012w8-0,n012w8,0,5,500000,100.0,adaptive,2026-07-02T23:09:42+01:00,1,5,3,0,471454,25.118864,830,410,400,100000,94.29,94.29,1531,437
n012w8-0,n012w8,0,5,500000,100.0,adaptive,2026-07-02T23:09:42+01:00,1,3,1,0,153284,25.118864,1025,505,400,100000,30.66,30.66,1531,5310
n012w8-0,n012w8,0,5,500000,100.0,adaptive,2026-07-02T23:09:42+01:00,1,3,1,0,253284,25.118864,645,505,400,100000,50.66,50.66,1531,3778
n012w8-0,n012w8,0,5,500000,100.0,adaptive,2026-07-02T23:09:42+01:00,1,3,1,0,353284,25.118864,755,505,400,100000,70.66,70.66,1531,2247
n012w8-0,n012w8,0,5,500000,100.0,adaptive,2026-07-02T23:09:42+01:00,1,3,1,0,453284,25.118864,675,505,400,100000,90.66,90.66,1531,715
n012w8-0,n012w8,0,5,500000,100.0,adaptive,2026-07-02T23:09:42+01:00,1,9,7,0,183669,0.625132,470,470,385,100000,36.73,36.73,1531,4844
n012w8-0,n012w8,0,5,500000,100.0,adaptive,2026-07-02T23:09:42+01:00,1,9,7,0,283669,0.039443,470,470,385,100000,56.73,56.73,1531,3313
n012w8-0,n012w8,0,5,500000,100.0,adaptive,2026-07-02T23:09:42+01:00,1,9,7,0,383669,0.002489,470,470,385,100000,76.73,76.73,1531,1781
n012w8-0,n012w8,0,5,500000,100.0,adaptive,2026-07-02T23:09:42+01:00,1,9,7,0,483669,0.000157,470,470,385,100000,96.73,96.73,1531,250
n012w8-0,n012w8,0,5,500000,100.0,adaptive,2026-07-02T23:09:42+01:00,1,10,8,0,180534,0.681698,440,440,385,100000,36.11,36.11,1531,4892
n012w8-0,n012w8,0,5,500000,100.0,adaptive,2026-07-02T23:09:42+01:00,1,10,8,0,280534,0.043012,440,440,385,100000,56.11,56.11,1531,3361
n012w8-0,n012w8,0,5,500000,100.0,adaptive,2026-07-02T23:09:42+01:00,1,10,8,0,380534,0.002714,440,440,385,100000,76.11,76.11,1531,1829
n012w8-0,n012w8,0,5,500000,100.0,adaptive,2026-07-02T23:09:42+01:00,1,10,8,0,480534,0.000171,440,440,385,100000,96.11,96.11,1531,298
n012w8-0,n012w8,0,5,500000,100.0,adaptive,2026-07-02T23:09:42+01:00,1,11,9,0,194343,0.465462,385,385,385,100000,38.87,38.87,1531,4681
n012w8-0,n012w8,0,5,500000,100.0,adaptive,2026-07-02T23:09:42+01:00,1,11,9,0,294343,0.029369,385,385,385,100000,58.87,58.87,1531,3149
n012w8-0,n012w8,0,5,500000,100.0,adaptive,2026-07-02T23:09:42+01:00,1,11,9,0,394343,0.001853,385,385,385,100000,78.87,78.87,1531,1618
n012w8-0,n012w8,0,5,500000,100.0,adaptive,2026-07-02T23:09:42+01:00,1,11,9,0,494343,0.000117,385,385,385,100000,98.87,98.87,1531,86
n012w8-0,n012w8,0,5,500000,100.0,adaptive,2026-07-02T23:09:42+01:00,1,13,11,0,192225,0.493515,410,410,385,100000,38.45,38.45,1531,4713
n012w8-0,n012w8,0,5,500000,100.0,adaptive,2026-07-02T23:09:42+01:00,1,13,11,0,292225,0.031139,410,410,385,100000,58.45,58.45,1531,3182
n012w8-0,n012w8,0,5,500000,100.0,adaptive,2026-07-02T23:09:42+01:00,1,13,11,0,392225,0.001965,410,410,385,100000,78.44,78.44,1531,1650
n012w8-0,n012w8,0,5,500000,100.0,adaptive,2026-07-02T23:09:42+01:00,1,13,11,0,492225,0.000124,410,410,385,100000,98.45,98.45,1531,119
n012w8-0,n012w8,0,5,500000,100.0,adaptive,2026-07-02T23:09:42+01:00,1,12,10,0,170719,0.894071,410,410,385,100000,34.14,34.14,1531,5043
n012w8-0,n012w8,0,5,500000,100.0,adaptive,2026-07-02T23:09:42+01:00,1,12,10,0,270719,0.056412,410,410,385,100000,54.14,54.14,1531,3511
n012w8-0,n012w8,0,5,500000,100.0,adaptive,2026-07-02T23:09:42+01:00,1,12,10,0,370719,0.003559,410,410,385,100000,74.14,74.14,1531,1980
n012w8-0,n012w8,0,5,500000,100.0,adaptive,2026-07-02T23:09:42+01:00,1,12,10,0,470719,0.000225,410,410,385,100000,94.14,94.14,1531,448
n012w8-0,n012w8,0,5,500000,100.0,adaptive,2026-07-02T23:09:42+01:00,1,15,13,0,164368,1.065575,470,415,385,100000,32.87,32.87,1531,5140
n012w8-0,n012w8,0,5,500000,100.0,adaptive,2026-07-02T23:09:42+01:00,1,15,13,0,264368,0.067233,470,415,385,100000,52.87,52.87,1531,3608
n012w8-0,n012w8,0,5,500000,100.0,adaptive,2026-07-02T23:09:42+01:00,1,15,13,0,364368,0.004242,470,415,385,100000,72.87,72.87,1531,2077
n012w8-0,n012w8,0,5,500000,100.0,adaptive,2026-07-02T23:09:42+01:00,1,15,13,0,464368,0.000268,470,415,385,100000,92.87,92.87,1531,545
n012w8-0,n012w8,0,5,500000,100.0,adaptive,2026-07-02T23:09:42+01:00,1,16,14,0,171784,0.868144,505,470,385,100000,34.36,34.36,1531,5026
n012w8-0,n012w8,0,5,500000,100.0,adaptive,2026-07-02T23:09:42+01:00,1,16,14,0,271784,0.054776,505,470,385,100000,54.36,54.36,1531,3495
n012w8-0,n012w8,0,5,500000,100.0,adaptive,2026-07-02T23:09:42+01:00,1,16,14,0,371784,0.003456,505,470,385,100000,74.36,74.36,1531,1963
n012w8-0,n012w8,0,5,500000,100.0,adaptive,2026-07-02T23:09:42+01:00,1,16,14,0,471784,0.000218,505,470,385,100000,94.36,94.36,1531,432
n012w8-0,n012w8,0,5,500000,100.0,adaptive,2026-07-02T23:09:42+01:00,1,14,12,0,178981,25.118864,915,385,385,100000,35.80,35.80,1531,4916
n012w8-0,n012w8,0,5,500000,100.0,adaptive,2026-07-02T23:09:42+01:00,1,14,12,0,278981,25.118864,910,385,385,100000,55.80,55.80,1531,3385
n012w8-0,n012w8,0,5,500000,100.0,adaptive,2026-07-02T23:09:42+01:00,1,14,12,0,378981,25.118864,905,385,385,100000,75.80,75.80,1531,1853
n012w8-0,n012w8,0,5,500000,100.0,adaptive,2026-07-02T23:09:42+01:00,1,14,12,0,478981,25.118864,790,385,385,100000,95.80,95.80,1531,321
n012w8-0,n012w8,0,5,500000,100.0,adaptive,2026-07-02T23:09:42+01:00,1,17,15,0,175703,0.779048,410,400,385,100000,35.14,35.14,1531,4966
n012w8-0,n012w8,0,5,500000,100.0,adaptive,2026-07-02T23:09:42+01:00,1,17,15,0,275703,0.049155,410,400,385,100000,55.14,55.14,1531,3435
n012w8-0,n012w8,0,5,500000,100.0,adaptive,2026-07-02T23:09:42+01:00,1,17,15,0,375703,0.003101,410,400,385,100000,75.14,75.14,1531,1903
n012w8-0,n012w8,0,5,500000,100.0,adaptive,2026-07-02T23:09:42+01:00,1,17,15,0,475703,0.000196,410,400,385,100000,95.14,95.14,1531,372
n012w8-0,n012w8,0,5,500000,100.0,adaptive,2026-07-02T23:09:42+01:00,1,19,17,0,150172,1.577379,510,470,385,100000,30.03,30.03,1531,5357
n012w8-0,n012w8,0,5,500000,100.0,adaptive,2026-07-02T23:09:42+01:00,1,19,17,0,250172,0.099526,510,470,385,100000,50.03,50.03,1531,3826
n012w8-0,n012w8,0,5,500000,100.0,adaptive,2026-07-02T23:09:42+01:00,1,19,17,0,350172,0.006280,510,470,385,100000,70.03,70.03,1531,2294
n012w8-0,n012w8,0,5,500000,100.0,adaptive,2026-07-02T23:09:42+01:00,1,19,17,0,450172,0.000396,510,470,385,100000,90.03,90.03,1531,763
n012w8-0,n012w8,0,5,500000,100.0,adaptive,2026-07-02T23:09:42+01:00,1,18,16,0,169281,0.930311,415,400,385,100000,33.86,33.86,1531,5065
n012w8-0,n012w8,0,5,500000,100.0,adaptive,2026-07-02T23:09:42+01:00,1,18,16,0,269281,0.058699,415,400,385,100000,53.86,53.86,1531,3533
n012w8-0,n012w8,0,5,500000,100.0,adaptive,2026-07-02T23:09:42+01:00,1,18,16,0,369281,0.003704,415,400,385,100000,73.86,73.86,1531,2002
n012w8-0,n012w8,0,5,500000,100.0,adaptive,2026-07-02T23:09:42+01:00,1,18,16,0,469281,0.000234,415,400,385,100000,93.86,93.86,1531,470
n012w8-0,n012w8,0,5,500000,100.0,adaptive,2026-07-02T23:09:42+01:00,1,21,19,0,169308,0.929617,480,430,385,100000,33.86,33.86,1531,5064
n012w8-0,n012w8,0,5,500000,100.0,adaptive,2026-07-02T23:09:42+01:00,1,21,19,0,269308,0.058655,480,430,385,100000,53.86,53.86,1531,3533
n012w8-0,n012w8,0,5,500000,100.0,adaptive,2026-07-02T23:09:42+01:00,1,21,19,0,369308,0.003701,480,430,385,100000,73.86,73.86,1531,2001
n012w8-0,n012w8,0,5,500000,100.0,adaptive,2026-07-02T23:09:42+01:00,1,21,19,0,469308,0.000234,480,430,385,100000,93.86,93.86,1531,470
n012w8-0,n012w8,0,5,500000,100.0,adaptive,2026-07-02T23:09:42+01:00,1,20,18,0,172594,0.848930,440,440,385,100000,34.52,34.52,1531,5014
n012w8-0,n012w8,0,5,500000,100.0,adaptive,2026-07-02T23:09:42+01:00,1,20,18,0,272594,0.053564,440,440,385,100000,54.52,54.52,1531,3482
n012w8-0,n012w8,0,5,500000,100.0,adaptive,2026-07-02T23:09:42+01:00,1,20,18,0,372594,0.003380,440,440,385,100000,74.52,74.52,1531,1951
n012w8-0,n012w8,0,5,500000,100.0,adaptive,2026-07-02T23:09:42+01:00,1,20,18,0,472594,0.000213,440,440,385,100000,94.52,94.52,1531,419
n012w8-0,n012w8,0,5,500000,100.0,adaptive,2026-07-02T23:09:42+01:00,1,22,20,0,167601,0.974514,415,415,385,100000,33.52,33.52,1531,5091
n012w8-0,n012w8,0,5,500000,100.0,adaptive,2026-07-02T23:09:42+01:00,1,22,20,0,267601,0.061488,415,415,385,100000,53.52,53.52,1531,3559
n012w8-0,n012w8,0,5,500000,100.0,adaptive,2026-07-02T23:09:42+01:00,1,22,20,0,367601,0.003880,415,415,385,100000,73.52,73.52,1531,2027
n012w8-0,n012w8,0,5,500000,100.0,adaptive,2026-07-02T23:09:42+01:00,1,22,20,0,467601,0.000245,415,415,385,100000,93.52,93.52,1531,496
n012w8-0,n012w8,0,5,500000,100.0,adaptive,2026-07-02T23:09:42+01:00,1,23,21,0,176960,0.752454,425,410,385,100000,35.39,35.39,1531,4947
n012w8-0,n012w8,0,5,500000,100.0,adaptive,2026-07-02T23:09:42+01:00,1,23,21,0,276960,0.047477,425,410,385,100000,55.39,55.39,1531,3416
n012w8-0,n012w8,0,5,500000,100.0,adaptive,2026-07-02T23:09:42+01:00,1,23,21,0,376960,0.002996,425,410,385,100000,75.39,75.39,1531,1884
n012w8-0,n012w8,0,5,500000,100.0,adaptive,2026-07-02T23:09:42+01:00,1,23,21,0,476960,0.000189,425,410,385,100000,95.39,95.39,1531,352
n012w8-0,n012w8,0,5,500000,100.0,adaptive,2026-07-02T23:09:42+01:00,1,24,22,0,207562,0.323040,435,435,385,100000,41.51,41.51,1531,4478
n012w8-0,n012w8,0,5,500000,100.0,adaptive,2026-07-02T23:09:42+01:00,1,24,22,0,307562,0.020382,435,435,385,100000,61.51,61.51,1531,2947
n012w8-0,n012w8,0,5,500000,100.0,adaptive,2026-07-02T23:09:42+01:00,1,24,22,0,407562,0.001286,435,435,385,100000,81.51,81.51,1531,1415
n012w8-0,n012w8,0,5,500000,100.0,adaptive,2026-07-02T23:09:42+01:00,1,25,23,0,160388,1.189444,505,425,385,100000,32.08,32.08,1531,5201
n012w8-0,n012w8,0,5,500000,100.0,adaptive,2026-07-02T23:09:42+01:00,1,25,23,0,260388,0.075049,505,425,385,100000,52.08,52.08,1531,3669
n012w8-0,n012w8,0,5,500000,100.0,adaptive,2026-07-02T23:09:42+01:00,1,25,23,0,360388,0.004735,505,425,385,100000,72.08,72.08,1531,2138
n012w8-0,n012w8,0,5,500000,100.0,adaptive,2026-07-02T23:09:42+01:00,1,25,23,0,460388,0.000299,505,425,385,100000,92.08,92.08,1531,606
n012w8-0,n012w8,0,5,500000,100.0,adaptive,2026-07-02T23:09:42+01:00,1,26,24,0,169713,0.919272,470,455,385,100000,33.94,33.94,1531,5058
n012w8-0,n012w8,0,5,500000,100.0,adaptive,2026-07-02T23:09:42+01:00,1,26,24,0,269713,0.058002,470,455,385,100000,53.94,53.94,1531,3527
n012w8-0,n012w8,0,5,500000,100.0,adaptive,2026-07-02T23:09:42+01:00,1,26,24,0,369713,0.003660,470,455,385,100000,73.94,73.94,1531,1995
n012w8-0,n012w8,0,5,500000,100.0,adaptive,2026-07-02T23:09:42+01:00,1,26,24,0,469713,0.000231,470,455,385,100000,93.94,93.94,1531,463
n012w8-0,n012w8,0,5,500000,100.0,adaptive,2026-07-02T23:09:42+01:00,1,27,25,0,183790,0.623046,440,440,385,100000,36.76,36.76,1531,4843
n012w8-0,n012w8,0,5,500000,100.0,adaptive,2026-07-02T23:09:42+01:00,1,27,25,0,283790,0.039312,440,440,385,100000,56.76,56.76,1531,3311
n012w8-0,n012w8,0,5,500000,100.0,adaptive,2026-07-02T23:09:42+01:00,1,27,25,0,383790,0.002480,440,440,385,100000,76.76,76.76,1531,1779
n012w8-0,n012w8,0,5,500000,100.0,adaptive,2026-07-02T23:09:42+01:00,1,27,25,0,483790,0.000157,440,440,385,100000,96.76,96.76,1531,248
n012w8-0,n012w8,0,5,500000,100.0,adaptive,2026-07-02T23:09:42+01:00,1,29,27,0,186555,0.577218,460,460,385,100000,37.31,37.31,1531,4800
n012w8-0,n012w8,0,5,500000,100.0,adaptive,2026-07-02T23:09:42+01:00,1,29,27,0,286555,0.036420,460,460,385,100000,57.31,57.31,1531,3269
n012w8-0,n012w8,0,5,500000,100.0,adaptive,2026-07-02T23:09:42+01:00,1,29,27,0,386555,0.002298,460,460,385,100000,77.31,77.31,1531,1737
n012w8-0,n012w8,0,5,500000,100.0,adaptive,2026-07-02T23:09:42+01:00,1,29,27,0,486555,0.000145,460,460,385,100000,97.31,97.31,1531,205
n012w8-0,n012w8,0,5,500000,100.0,adaptive,2026-07-02T23:09:42+01:00,1,30,28,0,170326,0.903833,415,415,385,100000,34.07,34.07,1531,5049
n012w8-0,n012w8,0,5,500000,100.0,adaptive,2026-07-02T23:09:42+01:00,1,30,28,0,270326,0.057028,415,415,385,100000,54.07,54.07,1531,3517
n012w8-0,n012w8,0,5,500000,100.0,adaptive,2026-07-02T23:09:42+01:00,1,30,28,0,370326,0.003598,415,415,385,100000,74.07,74.07,1531,1986
n012w8-0,n012w8,0,5,500000,100.0,adaptive,2026-07-02T23:09:42+01:00,1,30,28,0,470326,0.000227,415,415,385,100000,94.07,94.07,1531,454
n012w8-0,n012w8,0,5,500000,100.0,adaptive,2026-07-02T23:09:42+01:00,1,31,29,0,179738,0.696858,525,500,385,100000,35.95,35.95,1531,4905
n012w8-0,n012w8,0,5,500000,100.0,adaptive,2026-07-02T23:09:42+01:00,1,31,29,0,279738,0.043969,525,500,385,100000,55.95,55.95,1531,3373
n012w8-0,n012w8,0,5,500000,100.0,adaptive,2026-07-02T23:09:42+01:00,1,31,29,0,379738,0.002774,525,500,385,100000,75.95,75.95,1531,1841
n012w8-0,n012w8,0,5,500000,100.0,adaptive,2026-07-02T23:09:42+01:00,1,31,29,0,479738,0.000175,525,500,385,100000,95.95,95.95,1531,310
n012w8-0,n012w8,0,5,500000,100.0,adaptive,2026-07-02T23:09:42+01:00,1,28,26,0,166625,1.001152,495,480,385,100000,33.32,33.32,1531,5105
n012w8-0,n012w8,0,5,500000,100.0,adaptive,2026-07-02T23:09:42+01:00,1,28,26,0,266625,0.063168,495,480,385,100000,53.33,53.33,1531,3574
n012w8-0,n012w8,0,5,500000,100.0,adaptive,2026-07-02T23:09:42+01:00,1,28,26,0,366625,0.003986,495,480,385,100000,73.32,73.32,1531,2042
n012w8-0,n012w8,0,5,500000,100.0,adaptive,2026-07-02T23:09:42+01:00,1,28,26,0,466625,0.000251,495,480,385,100000,93.33,93.33,1531,511
n012w8-0,n012w8,0,5,500000,100.0,adaptive,2026-07-02T23:09:42+01:00,1,32,30,0,177386,0.743649,475,475,385,100000,35.48,35.48,1531,4941
n012w8-0,n012w8,0,5,500000,100.0,adaptive,2026-07-02T23:09:42+01:00,1,32,30,0,277386,0.046921,475,475,385,100000,55.48,55.48,1531,3409
n012w8-0,n012w8,0,5,500000,100.0,adaptive,2026-07-02T23:09:42+01:00,1,32,30,0,377386,0.002961,475,475,385,100000,75.48,75.48,1531,1877
n012w8-0,n012w8,0,5,500000,100.0,adaptive,2026-07-02T23:09:42+01:00,1,32,30,0,477386,0.000187,475,475,385,100000,95.48,95.48,1531,346
n012w8-0,n012w8,0,5,500000,100.0,adaptive,2026-07-02T23:09:42+01:00,1,33,31,0,188461,0.547606,430,430,385,100000,37.69,37.69,1531,4771
n012w8-0,n012w8,0,5,500000,100.0,adaptive,2026-07-02T23:09:42+01:00,1,33,31,0,288461,0.034552,430,430,385,100000,57.69,57.69,1531,3239
n012w8-0,n012w8,0,5,500000,100.0,adaptive,2026-07-02T23:09:42+01:00,1,33,31,0,388461,0.002180,430,430,385,100000,77.69,77.69,1531,1708
n012w8-0,n012w8,0,5,500000,100.0,adaptive,2026-07-02T23:09:42+01:00,1,33,31,0,488461,0.000138,430,430,385,100000,97.69,97.69,1531,176
n012w8-0,n012w8,0,5,500000,100.0,adaptive,2026-07-02T23:09:42+01:00,1,35,33,0,178569,0.719734,410,410,385,100000,35.71,35.71,1531,4923
n012w8-0,n012w8,0,5,500000,100.0,adaptive,2026-07-02T23:09:42+01:00,1,35,33,0,278569,0.045412,410,410,385,100000,55.71,55.71,1531,3391
n012w8-0,n012w8,0,5,500000,100.0,adaptive,2026-07-02T23:09:42+01:00,1,35,33,0,378569,0.002865,410,410,385,100000,75.71,75.71,1531,1859
n012w8-0,n012w8,0,5,500000,100.0,adaptive,2026-07-02T23:09:42+01:00,1,35,33,0,478569,0.000181,410,410,385,100000,95.71,95.71,1531,328
n012w8-0,n012w8,0,5,500000,100.0,adaptive,2026-07-02T23:09:42+01:00,1,34,32,0,177032,0.750959,490,490,385,100000,35.41,35.41,1531,4946
n012w8-0,n012w8,0,5,500000,100.0,adaptive,2026-07-02T23:09:42+01:00,1,34,32,0,277032,0.047382,490,490,385,100000,55.41,55.41,1531,3414
n012w8-0,n012w8,0,5,500000,100.0,adaptive,2026-07-02T23:09:42+01:00,1,34,32,0,377032,0.002990,490,490,385,100000,75.41,75.41,1531,1883
n012w8-0,n012w8,0,5,500000,100.0,adaptive,2026-07-02T23:09:42+01:00,1,34,32,0,477032,0.000189,490,490,385,100000,95.41,95.41,1531,351
n012w8-0,n012w8,0,5,500000,100.0,adaptive,2026-07-02T23:09:42+01:00,1,37,35,0,172399,0.853517,410,410,385,100000,34.48,34.48,1531,5017
n012w8-0,n012w8,0,5,500000,100.0,adaptive,2026-07-02T23:09:42+01:00,1,37,35,0,272399,0.053853,410,410,385,100000,54.48,54.48,1531,3485
n012w8-0,n012w8,0,5,500000,100.0,adaptive,2026-07-02T23:09:42+01:00,1,37,35,0,372399,0.003398,410,410,385,100000,74.48,74.48,1531,1954
n012w8-0,n012w8,0,5,500000,100.0,adaptive,2026-07-02T23:09:42+01:00,1,37,35,0,472399,0.000214,410,410,385,100000,94.48,94.48,1531,422
n012w8-0,n012w8,0,5,500000,100.0,adaptive,2026-07-02T23:09:42+01:00,1,38,36,0,178658,0.717966,430,430,385,100000,35.73,35.73,1531,4921
n012w8-0,n012w8,0,5,500000,100.0,adaptive,2026-07-02T23:09:42+01:00,1,38,36,0,278658,0.045301,430,430,385,100000,55.73,55.73,1531,3390
n012w8-0,n012w8,0,5,500000,100.0,adaptive,2026-07-02T23:09:42+01:00,1,38,36,0,378658,0.002858,430,430,385,100000,75.73,75.73,1531,1858
n012w8-0,n012w8,0,5,500000,100.0,adaptive,2026-07-02T23:09:42+01:00,1,38,36,0,478658,0.000180,430,430,385,100000,95.73,95.73,1531,326
n012w8-0,n012w8,0,5,500000,100.0,adaptive,2026-07-02T23:09:42+01:00,1,36,34,0,180860,0.675585,430,430,385,100000,36.17,36.17,1531,4887
n012w8-0,n012w8,0,5,500000,100.0,adaptive,2026-07-02T23:09:42+01:00,1,36,34,0,280860,0.042627,430,430,385,100000,56.17,56.17,1531,3356
n012w8-0,n012w8,0,5,500000,100.0,adaptive,2026-07-02T23:09:42+01:00,1,36,34,0,380860,0.002690,430,430,385,100000,76.17,76.17,1531,1824
n012w8-0,n012w8,0,5,500000,100.0,adaptive,2026-07-02T23:09:42+01:00,1,36,34,0,480860,0.000170,430,430,385,100000,96.17,96.17,1531,293
n012w8-0,n012w8,0,5,500000,100.0,adaptive,2026-07-02T23:09:42+01:00,1,39,37,0,173534,0.827165,500,485,385,100000,34.71,34.71,1531,5000
n012w8-0,n012w8,0,5,500000,100.0,adaptive,2026-07-02T23:09:42+01:00,1,39,37,0,273534,0.052191,500,485,385,100000,54.71,54.71,1531,3468
n012w8-0,n012w8,0,5,500000,100.0,adaptive,2026-07-02T23:09:42+01:00,1,39,37,0,373534,0.003293,500,485,385,100000,74.71,74.71,1531,1936
n012w8-0,n012w8,0,5,500000,100.0,adaptive,2026-07-02T23:09:42+01:00,1,39,37,0,473534,0.000208,500,485,385,100000,94.71,94.71,1531,405
n012w8-0,n012w8,0,5,500000,100.0,adaptive,2026-07-02T23:09:42+01:00,1,40,38,0,184277,0.614718,435,435,385,100000,36.86,36.86,1531,4835
n012w8-0,n012w8,0,5,500000,100.0,adaptive,2026-07-02T23:09:42+01:00,1,40,38,0,284277,0.038786,435,435,385,100000,56.86,56.86,1531,3304
n012w8-0,n012w8,0,5,500000,100.0,adaptive,2026-07-02T23:09:42+01:00,1,40,38,0,384277,0.002447,435,435,385,100000,76.86,76.86,1531,1772
n012w8-0,n012w8,0,5,500000,100.0,adaptive,2026-07-02T23:09:42+01:00,1,40,38,0,484277,0.000154,435,435,385,100000,96.86,96.86,1531,240
n012w8-0,n012w8,0,5,500000,100.0,adaptive,2026-07-02T23:09:42+01:00,1,41,39,0,196436,0.439307,400,400,385,100000,39.29,39.29,1531,4649
n012w8-0,n012w8,0,5,500000,100.0,adaptive,2026-07-02T23:09:42+01:00,1,41,39,0,296436,0.027718,400,400,385,100000,59.29,59.29,1531,3117
n012w8-0,n012w8,0,5,500000,100.0,adaptive,2026-07-02T23:09:42+01:00,1,41,39,0,396436,0.001749,400,400,385,100000,79.29,79.29,1531,1586
n012w8-0,n012w8,0,5,500000,100.0,adaptive,2026-07-02T23:09:42+01:00,1,41,39,0,496436,0.000110,400,400,385,100000,99.29,99.29,1531,54
n012w8-0,n012w8,0,5,500000,100.0,adaptive,2026-07-02T23:09:42+01:00,1,42,40,0,179770,0.696242,425,425,385,100000,35.95,35.95,1531,4904
n012w8-0,n012w8,0,5,500000,100.0,adaptive,2026-07-02T23:09:42+01:00,1,42,40,0,279770,0.043930,425,425,385,100000,55.95,55.95,1531,3373
n012w8-0,n012w8,0,5,500000,100.0,adaptive,2026-07-02T23:09:42+01:00,1,42,40,0,379770,0.002772,425,425,385,100000,75.95,75.95,1531,1841
n012w8-0,n012w8,0,5,500000,100.0,adaptive,2026-07-02T23:09:42+01:00,1,42,40,0,479770,0.000175,425,425,385,100000,95.95,95.95,1531,309
n012w8-0,n012w8,0,5,500000,100.0,adaptive,2026-07-02T23:09:42+01:00,1,44,42,0,192497,0.489819,455,455,385,100000,38.50,38.50,1531,4709
n012w8-0,n012w8,0,5,500000,100.0,adaptive,2026-07-02T23:09:42+01:00,1,44,42,0,292497,0.030906,455,455,385,100000,58.50,58.50,1531,3178
n012w8-0,n012w8,0,5,500000,100.0,adaptive,2026-07-02T23:09:42+01:00,1,44,42,0,392497,0.001950,455,455,385,100000,78.50,78.50,1531,1646
n012w8-0,n012w8,0,5,500000,100.0,adaptive,2026-07-02T23:09:42+01:00,1,44,42,0,492497,0.000123,455,455,385,100000,98.50,98.50,1531,114
n012w8-0,n012w8,0,5,500000,100.0,adaptive,2026-07-02T23:09:42+01:00,1,43,41,0,183813,0.622650,470,470,385,100000,36.76,36.76,1531,4842
n012w8-0,n012w8,0,5,500000,100.0,adaptive,2026-07-02T23:09:42+01:00,1,43,41,0,283813,0.039287,470,470,385,100000,56.76,56.76,1531,3311
n012w8-0,n012w8,0,5,500000,100.0,adaptive,2026-07-02T23:09:42+01:00,1,43,41,0,383813,0.002479,470,470,385,100000,76.76,76.76,1531,1779
n012w8-0,n012w8,0,5,500000,100.0,adaptive,2026-07-02T23:09:42+01:00,1,43,41,0,483813,0.000156,470,470,385,100000,96.76,96.76,1531,247
n012w8-0,n012w8,0,5,500000,100.0,adaptive,2026-07-02T23:09:42+01:00,1,45,43,0,174937,0.795712,410,410,385,100000,34.99,34.99,1531,4978
n012w8-0,n012w8,0,5,500000,100.0,adaptive,2026-07-02T23:09:42+01:00,1,45,43,0,274937,0.050206,410,410,385,100000,54.99,54.99,1531,3447
n012w8-0,n012w8,0,5,500000,100.0,adaptive,2026-07-02T23:09:42+01:00,1,45,43,0,374937,0.003168,410,410,385,100000,74.99,74.99,1531,1915
n012w8-0,n012w8,0,5,500000,100.0,adaptive,2026-07-02T23:09:42+01:00,1,45,43,0,474937,0.000200,410,410,385,100000,94.99,94.99,1531,383
n012w8-0,n012w8,0,5,500000,100.0,adaptive,2026-07-02T23:09:42+01:00,1,46,44,0,158081,1.267734,490,460,385,100000,31.62,31.62,1531,5236
n012w8-0,n012w8,0,5,500000,100.0,adaptive,2026-07-02T23:09:42+01:00,1,46,44,0,258081,0.079989,490,460,385,100000,51.62,51.62,1531,3705
n012w8-0,n012w8,0,5,500000,100.0,adaptive,2026-07-02T23:09:42+01:00,1,46,44,0,358081,0.005047,490,460,385,100000,71.62,71.62,1531,2173
n012w8-0,n012w8,0,5,500000,100.0,adaptive,2026-07-02T23:09:42+01:00,1,46,44,0,458081,0.000318,490,460,385,100000,91.62,91.62,1531,642
n012w8-0,n012w8,0,5,500000,100.0,adaptive,2026-07-02T23:09:42+01:00,1,47,45,0,182240,0.650309,470,470,385,100000,36.45,36.45,1531,4866
n012w8-0,n012w8,0,5,500000,100.0,adaptive,2026-07-02T23:09:42+01:00,1,47,45,0,282240,0.041032,470,470,385,100000,56.45,56.45,1531,3335
n012w8-0,n012w8,0,5,500000,100.0,adaptive,2026-07-02T23:09:42+01:00,1,47,45,0,382240,0.002589,470,470,385,100000,76.45,76.45,1531,1803
n012w8-0,n012w8,0,5,500000,100.0,adaptive,2026-07-02T23:09:42+01:00,1,47,45,0,482240,0.000163,470,470,385,100000,96.45,96.45,1531,272
n012w8-0,n012w8,0,5,500000,100.0,adaptive,2026-07-02T23:09:42+01:00,1,48,46,0,180841,0.675940,485,465,385,100000,36.17,36.17,1531,4888
n012w8-0,n012w8,0,5,500000,100.0,adaptive,2026-07-02T23:09:42+01:00,1,48,46,0,280841,0.042649,485,465,385,100000,56.17,56.17,1531,3356
n012w8-0,n012w8,0,5,500000,100.0,adaptive,2026-07-02T23:09:42+01:00,1,48,46,0,380841,0.002691,485,465,385,100000,76.17,76.17,1531,1825
n012w8-0,n012w8,0,5,500000,100.0,adaptive,2026-07-02T23:09:42+01:00,1,48,46,0,480841,0.000170,485,465,385,100000,96.17,96.17,1531,293
n012w8-0,n012w8,0,5,500000,100.0,adaptive,2026-07-02T23:09:42+01:00,1,50,48,0,194385,0.464922,465,465,385,100000,38.88,38.88,1531,4680
n012w8-0,n012w8,0,5,500000,100.0,adaptive,2026-07-02T23:09:42+01:00,1,50,48,0,294385,0.029335,465,465,385,100000,58.88,58.88,1531,3149
n012w8-0,n012w8,0,5,500000,100.0,adaptive,2026-07-02T23:09:42+01:00,1,50,48,0,394385,0.001851,465,465,385,100000,78.88,78.88,1531,1617
n012w8-0,n012w8,0,5,500000,100.0,adaptive,2026-07-02T23:09:42+01:00,1,50,48,0,494385,0.000117,465,465,385,100000,98.88,98.88,1531,85
n012w8-0,n012w8,0,5,500000,100.0,adaptive,2026-07-02T23:09:42+01:00,1,49,47,0,168194,0.958676,495,450,385,100000,33.64,33.64,1531,5081
n012w8-0,n012w8,0,5,500000,100.0,adaptive,2026-07-02T23:09:42+01:00,1,49,47,0,268194,0.060488,495,450,385,100000,53.64,53.64,1531,3550
n012w8-0,n012w8,0,5,500000,100.0,adaptive,2026-07-02T23:09:42+01:00,1,49,47,0,368194,0.003817,495,450,385,100000,73.64,73.64,1531,2018
n012w8-0,n012w8,0,5,500000,100.0,adaptive,2026-07-02T23:09:42+01:00,1,49,47,0,468194,0.000241,495,450,385,100000,93.64,93.64,1531,487
n012w8-0,n012w8,0,5,500000,100.0,adaptive,2026-07-02T23:09:42+01:00,1,51,49,0,190604,0.516122,445,445,385,100000,38.12,38.12,1531,4738
n012w8-0,n012w8,0,5,500000,100.0,adaptive,2026-07-02T23:09:42+01:00,1,51,49,0,290604,0.032565,445,445,385,100000,58.12,58.12,1531,3207
n012w8-0,n012w8,0,5,500000,100.0,adaptive,2026-07-02T23:09:42+01:00,1,51,49,0,390604,0.002055,445,445,385,100000,78.12,78.12,1531,1675
n012w8-0,n012w8,0,5,500000,100.0,adaptive,2026-07-02T23:09:42+01:00,1,51,49,0,490604,0.000130,445,445,385,100000,98.12,98.12,1531,143
n012w8-0,n012w8,0,5,500000,100.0,adaptive,2026-07-02T23:09:42+01:00,1,53,51,0,174511,0.805134,425,410,385,100000,34.90,34.90,1531,4985
n012w8-0,n012w8,0,5,500000,100.0,adaptive,2026-07-02T23:09:42+01:00,1,53,51,0,274511,0.050801,425,410,385,100000,54.90,54.90,1531,3453
n012w8-0,n012w8,0,5,500000,100.0,adaptive,2026-07-02T23:09:42+01:00,1,53,51,0,374511,0.003205,425,410,385,100000,74.90,74.90,1531,1921
n012w8-0,n012w8,0,5,500000,100.0,adaptive,2026-07-02T23:09:42+01:00,1,53,51,0,474511,0.000202,425,410,385,100000,94.90,94.90,1531,390
n012w8-0,n012w8,0,5,500000,100.0,adaptive,2026-07-02T23:09:42+01:00,1,52,50,0,173413,0.829935,400,400,385,100000,34.68,34.68,1531,5002
n012w8-0,n012w8,0,5,500000,100.0,adaptive,2026-07-02T23:09:42+01:00,1,52,50,0,273413,0.052365,400,400,385,100000,54.68,54.68,1531,3470
n012w8-0,n012w8,0,5,500000,100.0,adaptive,2026-07-02T23:09:42+01:00,1,52,50,0,373413,0.003304,400,400,385,100000,74.68,74.68,1531,1938
n012w8-0,n012w8,0,5,500000,100.0,adaptive,2026-07-02T23:09:42+01:00,1,52,50,0,473413,0.000208,400,400,385,100000,94.68,94.68,1531,407
n012w8-0,n012w8,0,5,500000,100.0,adaptive,2026-07-02T23:09:42+01:00,1,55,53,0,184603,0.609206,430,430,385,100000,36.92,36.92,1531,4830
n012w8-0,n012w8,0,5,500000,100.0,adaptive,2026-07-02T23:09:42+01:00,1,55,53,0,284603,0.038438,430,430,385,100000,56.92,56.92,1531,3299
n012w8-0,n012w8,0,5,500000,100.0,adaptive,2026-07-02T23:09:42+01:00,1,55,53,0,384603,0.002425,430,430,385,100000,76.92,76.92,1531,1767
n012w8-0,n012w8,0,5,500000,100.0,adaptive,2026-07-02T23:09:42+01:00,1,55,53,0,484603,0.000153,430,430,385,100000,96.92,96.92,1531,235
n012w8-0,n012w8,0,5,500000,100.0,adaptive,2026-07-02T23:09:42+01:00,1,54,52,0,179219,0.706923,460,460,385,100000,35.84,35.84,1531,4913
n012w8-0,n012w8,0,5,500000,100.0,adaptive,2026-07-02T23:09:42+01:00,1,54,52,0,279219,0.044604,460,460,385,100000,55.84,55.84,1531,3381
n012w8-0,n012w8,0,5,500000,100.0,adaptive,2026-07-02T23:09:42+01:00,1,54,52,0,379219,0.002814,460,460,385,100000,75.84,75.84,1531,1849
n012w8-0,n012w8,0,5,500000,100.0,adaptive,2026-07-02T23:09:42+01:00,1,54,52,0,479219,0.000178,460,460,385,100000,95.84,95.84,1531,318
n012w8-0,n012w8,0,5,500000,100.0,adaptive,2026-07-02T23:09:42+01:00,1,56,54,0,165901,1.021382,440,440,385,100000,33.18,33.18,1531,5117
n012w8-0,n012w8,0,5,500000,100.0,adaptive,2026-07-02T23:09:42+01:00,1,56,54,0,265901,0.064445,440,440,385,100000,53.18,53.18,1531,3585
n012w8-0,n012w8,0,5,500000,100.0,adaptive,2026-07-02T23:09:42+01:00,1,56,54,0,365901,0.004066,440,440,385,100000,73.18,73.18,1531,2053
n012w8-0,n012w8,0,5,500000,100.0,adaptive,2026-07-02T23:09:42+01:00,1,56,54,0,465901,0.000257,440,440,385,100000,93.18,93.18,1531,522
n012w8-0,n012w8,0,5,500000,100.0,adaptive,2026-07-02T23:09:42+01:00,1,57,55,0,181002,0.672939,455,455,385,100000,36.20,36.20,1531,4885
n012w8-0,n012w8,0,5,500000,100.0,adaptive,2026-07-02T23:09:42+01:00,1,57,55,0,281002,0.042460,455,455,385,100000,56.20,56.20,1531,3354
n012w8-0,n012w8,0,5,500000,100.0,adaptive,2026-07-02T23:09:42+01:00,1,57,55,0,381002,0.002679,455,455,385,100000,76.20,76.20,1531,1822
n012w8-0,n012w8,0,5,500000,100.0,adaptive,2026-07-02T23:09:42+01:00,1,57,55,0,481002,0.000169,455,455,385,100000,96.20,96.20,1531,290
n012w8-0,n012w8,0,5,500000,100.0,adaptive,2026-07-02T23:09:42+01:00,1,58,56,0,179874,0.694244,470,470,385,100000,35.97,35.97,1531,4903
n012w8-0,n012w8,0,5,500000,100.0,adaptive,2026-07-02T23:09:42+01:00,1,58,56,0,279874,0.043804,470,470,385,100000,55.97,55.97,1531,3371
n012w8-0,n012w8,0,5,500000,100.0,adaptive,2026-07-02T23:09:42+01:00,1,58,56,0,379874,0.002764,470,470,385,100000,75.97,75.97,1531,1839
n012w8-0,n012w8,0,5,500000,100.0,adaptive,2026-07-02T23:09:42+01:00,1,58,56,0,479874,0.000174,470,470,385,100000,95.97,95.97,1531,308
n012w8-0,n012w8,0,5,500000,100.0,adaptive,2026-07-02T23:09:42+01:00,1,59,57,0,169056,0.936112,520,440,385,100000,33.81,33.81,1531,5068
n012w8-0,n012w8,0,5,500000,100.0,adaptive,2026-07-02T23:09:42+01:00,1,59,57,0,269056,0.059065,520,440,385,100000,53.81,53.81,1531,3537
n012w8-0,n012w8,0,5,500000,100.0,adaptive,2026-07-02T23:09:42+01:00,1,59,57,0,369056,0.003727,520,440,385,100000,73.81,73.81,1531,2005
n012w8-0,n012w8,0,5,500000,100.0,adaptive,2026-07-02T23:09:42+01:00,1,59,57,0,469056,0.000235,520,440,385,100000,93.81,93.81,1531,473
n012w8-0,n012w8,0,5,500000,100.0,adaptive,2026-07-02T23:09:42+01:00,1,60,58,0,186595,0.576581,455,455,385,100000,37.32,37.32,1531,4800
n012w8-0,n012w8,0,5,500000,100.0,adaptive,2026-07-02T23:09:42+01:00,1,60,58,0,286595,0.036380,455,455,385,100000,57.32,57.32,1531,3268
n012w8-0,n012w8,0,5,500000,100.0,adaptive,2026-07-02T23:09:42+01:00,1,60,58,0,386595,0.002295,455,455,385,100000,77.32,77.32,1531,1736
n012w8-0,n012w8,0,5,500000,100.0,adaptive,2026-07-02T23:09:42+01:00,1,60,58,0,486595,0.000145,455,455,385,100000,97.32,97.32,1531,205
n012w8-0,n012w8,0,5,500000,100.0,adaptive,2026-07-02T23:09:42+01:00,1,61,59,0,193243,0.479826,460,460,385,100000,38.65,38.65,1531,4698
n012w8-0,n012w8,0,5,500000,100.0,adaptive,2026-07-02T23:09:42+01:00,1,61,59,0,293243,0.030275,460,460,385,100000,58.65,58.65,1531,3166
n012w8-0,n012w8,0,5,500000,100.0,adaptive,2026-07-02T23:09:42+01:00,1,61,59,0,393243,0.001910,460,460,385,100000,78.65,78.65,1531,1635
n012w8-0,n012w8,0,5,500000,100.0,adaptive,2026-07-02T23:09:42+01:00,1,61,59,0,493243,0.000121,460,460,385,100000,98.65,98.65,1531,103
n012w8-0,n012w8,0,5,500000,100.0,adaptive,2026-07-02T23:09:42+01:00,1,62,60,0,169627,0.921459,480,465,385,100000,33.93,33.93,1531,5059
n012w8-0,n012w8,0,5,500000,100.0,adaptive,2026-07-02T23:09:42+01:00,1,62,60,0,269627,0.058140,480,465,385,100000,53.93,53.93,1531,3528
n012w8-0,n012w8,0,5,500000,100.0,adaptive,2026-07-02T23:09:42+01:00,1,62,60,0,369627,0.003668,480,465,385,100000,73.93,73.93,1531,1996
n012w8-0,n012w8,0,5,500000,100.0,adaptive,2026-07-02T23:09:42+01:00,1,62,60,0,469627,0.000231,480,465,385,100000,93.93,93.93,1531,465
n012w8-0,n012w8,0,5,500000,100.0,adaptive,2026-07-02T23:09:42+01:00,1,63,61,0,171090,0.884953,470,470,385,100000,34.22,34.22,1531,5037
n012w8-0,n012w8,0,5,500000,100.0,adaptive,2026-07-02T23:09:42+01:00,1,63,61,0,271090,0.055837,470,470,385,100000,54.22,54.22,1531,3505
n012w8-0,n012w8,0,5,500000,100.0,adaptive,2026-07-02T23:09:42+01:00,1,63,61,0,371090,0.003523,470,470,385,100000,74.22,74.22,1531,1974
n012w8-0,n012w8,0,5,500000,100.0,adaptive,2026-07-02T23:09:42+01:00,1,63,61,0,471090,0.000222,470,470,385,100000,94.22,94.22,1531,442
n012w8-0,n012w8,0,5,500000,100.0,adaptive,2026-07-02T23:09:42+01:00,1,64,62,0,165037,1.046059,445,445,385,100000,33.01,33.01,1531,5130
n012w8-0,n012w8,0,5,500000,100.0,adaptive,2026-07-02T23:09:42+01:00,1,64,62,0,265037,0.066002,445,445,385,100000,53.01,53.01,1531,3598
n012w8-0,n012w8,0,5,500000,100.0,adaptive,2026-07-02T23:09:42+01:00,1,64,62,0,365037,0.004164,445,445,385,100000,73.01,73.01,1531,2067
n012w8-0,n012w8,0,5,500000,100.0,adaptive,2026-07-02T23:09:42+01:00,1,64,62,0,465037,0.000263,445,445,385,100000,93.01,93.01,1531,535
n012w8-0,n012w8,0,5,500000,100.0,adaptive,2026-07-02T23:09:42+01:00,1,65,63,0,172767,0.844882,415,415,385,100000,34.55,34.55,1531,5011
n012w8-0,n012w8,0,5,500000,100.0,adaptive,2026-07-02T23:09:42+01:00,1,65,63,0,272767,0.053308,415,415,385,100000,54.55,54.55,1531,3480
n012w8-0,n012w8,0,5,500000,100.0,adaptive,2026-07-02T23:09:42+01:00,1,65,63,0,372767,0.003364,415,415,385,100000,74.55,74.55,1531,1948
n012w8-0,n012w8,0,5,500000,100.0,adaptive,2026-07-02T23:09:42+01:00,1,65,63,0,472767,0.000212,415,415,385,100000,94.55,94.55,1531,417
n012w8-0,n012w8,0,5,500000,100.0,adaptive,2026-07-02T23:09:42+01:00,1,67,65,0,181906,0.656339,455,455,385,100000,36.38,36.38,1531,4871
n012w8-0,n012w8,0,5,500000,100.0,adaptive,2026-07-02T23:09:42+01:00,1,67,65,0,281906,0.041412,455,455,385,100000,56.38,56.38,1531,3340
n012w8-0,n012w8,0,5,500000,100.0,adaptive,2026-07-02T23:09:42+01:00,1,67,65,0,381906,0.002613,455,455,385,100000,76.38,76.38,1531,1808
n012w8-0,n012w8,0,5,500000,100.0,adaptive,2026-07-02T23:09:42+01:00,1,67,65,0,481906,0.000165,455,455,385,100000,96.38,96.38,1531,277
n012w8-0,n012w8,0,5,500000,100.0,adaptive,2026-07-02T23:09:42+01:00,1,66,64,0,157403,1.291707,500,475,385,100000,31.48,31.48,1531,5247
n012w8-0,n012w8,0,5,500000,100.0,adaptive,2026-07-02T23:09:42+01:00,1,66,64,0,257403,0.081501,500,475,385,100000,51.48,51.48,1531,3715
n012w8-0,n012w8,0,5,500000,100.0,adaptive,2026-07-02T23:09:42+01:00,1,66,64,0,357403,0.005142,500,475,385,100000,71.48,71.48,1531,2184
n012w8-0,n012w8,0,5,500000,100.0,adaptive,2026-07-02T23:09:42+01:00,1,66,64,0,457403,0.000324,500,475,385,100000,91.48,91.48,1531,652
n012w8-0,n012w8,0,5,500000,100.0,adaptive,2026-07-02T23:09:42+01:00,1,68,66,0,176763,0.756561,440,430,385,100000,35.35,35.35,1531,4950
n012w8-0,n012w8,0,5,500000,100.0,adaptive,2026-07-02T23:09:42+01:00,1,68,66,0,276763,0.047736,440,430,385,100000,55.35,55.35,1531,3419
n012w8-0,n012w8,0,5,500000,100.0,adaptive,2026-07-02T23:09:42+01:00,1,68,66,0,376763,0.003012,440,430,385,100000,75.35,75.35,1531,1887
n012w8-0,n012w8,0,5,500000,100.0,adaptive,2026-07-02T23:09:42+01:00,1,68,66,0,476763,0.000190,440,430,385,100000,95.35,95.35,1531,355
n012w8-0,n012w8,0,5,500000,100.0,adaptive,2026-07-02T23:09:42+01:00,1,69,67,0,177037,0.750855,425,410,385,100000,35.41,35.41,1531,4946
n012w8-0,n012w8,0,5,500000,100.0,adaptive,2026-07-02T23:09:42+01:00,1,69,67,0,277037,0.047376,425,410,385,100000,55.41,55.41,1531,3414
n012w8-0,n012w8,0,5,500000,100.0,adaptive,2026-07-02T23:09:42+01:00,1,69,67,0,377037,0.002989,425,410,385,100000,75.41,75.41,1531,1883
n012w8-0,n012w8,0,5,500000,100.0,adaptive,2026-07-02T23:09:42+01:00,1,69,67,0,477037,0.000189,425,410,385,100000,95.41,95.41,1531,351
n012w8-0,n012w8,0,5,500000,100.0,adaptive,2026-07-02T23:09:42+01:00,1,70,68,0,181758,0.659028,430,430,385,100000,36.35,36.35,1531,4874
n012w8-0,n012w8,0,5,500000,100.0,adaptive,2026-07-02T23:09:42+01:00,1,70,68,0,281758,0.041582,430,430,385,100000,56.35,56.35,1531,3342
n012w8-0,n012w8,0,5,500000,100.0,adaptive,2026-07-02T23:09:42+01:00,1,70,68,0,381758,0.002624,430,430,385,100000,76.35,76.35,1531,1810
n012w8-0,n012w8,0,5,500000,100.0,adaptive,2026-07-02T23:09:42+01:00,1,70,68,0,481758,0.000166,430,430,385,100000,96.35,96.35,1531,279
n012w8-0,n012w8,0,5,500000,100.0,adaptive,2026-07-02T23:09:42+01:00,1,71,69,0,185191,0.599388,415,400,385,100000,37.04,37.04,1531,4821
n012w8-0,n012w8,0,5,500000,100.0,adaptive,2026-07-02T23:09:42+01:00,1,71,69,0,285191,0.037819,415,400,385,100000,57.04,57.04,1531,3290
n012w8-0,n012w8,0,5,500000,100.0,adaptive,2026-07-02T23:09:42+01:00,1,71,69,0,385191,0.002386,415,400,385,100000,77.04,77.04,1531,1758
n012w8-0,n012w8,0,5,500000,100.0,adaptive,2026-07-02T23:09:42+01:00,1,71,69,0,485191,0.000151,415,400,385,100000,97.04,97.04,1531,226
n012w8-0,n012w8,0,5,500000,100.0,adaptive,2026-07-02T23:09:42+01:00,1,72,70,0,181846,0.657428,425,425,385,100000,36.37,36.37,1531,4872
n012w8-0,n012w8,0,5,500000,100.0,adaptive,2026-07-02T23:09:42+01:00,1,72,70,0,281846,0.041481,425,425,385,100000,56.37,56.37,1531,3341
n012w8-0,n012w8,0,5,500000,100.0,adaptive,2026-07-02T23:09:42+01:00,1,72,70,0,381846,0.002617,425,425,385,100000,76.37,76.37,1531,1809
n012w8-0,n012w8,0,5,500000,100.0,adaptive,2026-07-02T23:09:42+01:00,1,72,70,0,481846,0.000165,425,425,385,100000,96.37,96.37,1531,278
n012w8-0,n012w8,0,5,500000,100.0,adaptive,2026-07-02T23:09:42+01:00,1,73,71,0,179569,0.700119,430,430,385,100000,35.91,35.91,1531,4907
n012w8-0,n012w8,0,5,500000,100.0,adaptive,2026-07-02T23:09:42+01:00,1,73,71,0,279569,0.044175,430,430,385,100000,55.91,55.91,1531,3376
n012w8-0,n012w8,0,5,500000,100.0,adaptive,2026-07-02T23:09:42+01:00,1,73,71,0,379569,0.002787,430,430,385,100000,75.91,75.91,1531,1844
n012w8-0,n012w8,0,5,500000,100.0,adaptive,2026-07-02T23:09:42+01:00,1,73,71,0,479569,0.000176,430,430,385,100000,95.91,95.91,1531,312
n012w8-0,n012w8,0,5,500000,100.0,adaptive,2026-07-02T23:09:42+01:00,1,76,74,0,150172,1.577379,425,415,385,100000,30.03,30.03,1531,5357
n012w8-0,n012w8,0,5,500000,100.0,adaptive,2026-07-02T23:09:42+01:00,1,76,74,0,250172,0.099526,425,415,385,100000,50.03,50.03,1531,3826
n012w8-0,n012w8,0,5,500000,100.0,adaptive,2026-07-02T23:09:42+01:00,1,76,74,0,350172,0.006280,425,415,385,100000,70.03,70.03,1531,2294
n012w8-0,n012w8,0,5,500000,100.0,adaptive,2026-07-02T23:09:42+01:00,1,76,74,0,450172,0.000396,425,415,385,100000,90.03,90.03,1531,763
n012w8-0,n012w8,0,5,500000,100.0,adaptive,2026-07-02T23:09:42+01:00,1,75,73,0,150172,1.577379,455,415,385,100000,30.03,30.03,1531,5357
n012w8-0,n012w8,0,5,500000,100.0,adaptive,2026-07-02T23:09:42+01:00,1,75,73,0,250172,0.099526,455,415,385,100000,50.03,50.03,1531,3826
n012w8-0,n012w8,0,5,500000,100.0,adaptive,2026-07-02T23:09:42+01:00,1,75,73,0,350172,0.006280,455,415,385,100000,70.03,70.03,1531,2294
n012w8-0,n012w8,0,5,500000,100.0,adaptive,2026-07-02T23:09:42+01:00,1,75,73,0,450172,0.000396,455,415,385,100000,90.03,90.03,1531,763
n012w8-0,n012w8,0,5,500000,100.0,adaptive,2026-07-02T23:09:42+01:00,1,74,72,0,171747,0.869032,400,400,385,100000,34.35,34.35,1531,5027
n012w8-0,n012w8,0,5,500000,100.0,adaptive,2026-07-02T23:09:42+01:00,1,74,72,0,271747,0.054832,400,400,385,100000,54.35,54.35,1531,3495
n012w8-0,n012w8,0,5,500000,100.0,adaptive,2026-07-02T23:09:42+01:00,1,74,72,0,371747,0.003460,400,400,385,100000,74.35,74.35,1531,1964
n012w8-0,n012w8,0,5,500000,100.0,adaptive,2026-07-02T23:09:42+01:00,1,74,72,0,471747,0.000218,400,400,385,100000,94.35,94.35,1531,432
n012w8-0,n012w8,0,5,500000,100.0,adaptive,2026-07-02T23:09:42+01:00,1,77,75,0,150172,1.577379,445,410,385,100000,30.03,30.03,1531,5357
n012w8-0,n012w8,0,5,500000,100.0,adaptive,2026-07-02T23:09:42+01:00,1,77,75,0,250172,0.099526,445,410,385,100000,50.03,50.03,1531,3826
n012w8-0,n012w8,0,5,500000,100.0,adaptive,2026-07-02T23:09:42+01:00,1,77,75,0,350172,0.006280,445,410,385,100000,70.03,70.03,1531,2294
n012w8-0,n012w8,0,5,500000,100.0,adaptive,2026-07-02T23:09:42+01:00,1,77,75,0,450172,0.000396,445,410,385,100000,90.03,90.03,1531,763
n012w8-0,n012w8,0,5,500000,100.0,adaptive,2026-07-02T23:09:42+01:00,1,78,76,0,150172,1.577379,470,400,385,100000,30.03,30.03,1531,5357
n012w8-0,n012w8,0,5,500000,100.0,adaptive,2026-07-02T23:09:42+01:00,1,78,76,0,250172,0.099526,470,400,385,100000,50.03,50.03,1531,3826
n012w8-0,n012w8,0,5,500000,100.0,adaptive,2026-07-02T23:09:42+01:00,1,78,76,0,350172,0.006280,470,400,385,100000,70.03,70.03,1531,2294
n012w8-0,n012w8,0,5,500000,100.0,adaptive,2026-07-02T23:09:42+01:00,1,78,76,0,450172,0.000396,470,400,385,100000,90.03,90.03,1531,763
n012w8-0,n012w8,0,5,500000,100.0,adaptive,2026-07-02T23:09:42+01:00,1,79,77,0,150172,1.577379,500,395,385,100000,30.03,30.03,1531,5357
n012w8-0,n012w8,0,5,500000,100.0,adaptive,2026-07-02T23:09:42+01:00,1,79,77,0,250172,0.099526,500,395,385,100000,50.03,50.03,1531,3826
n012w8-0,n012w8,0,5,500000,100.0,adaptive,2026-07-02T23:09:42+01:00,1,79,77,0,350172,0.006280,500,395,385,100000,70.03,70.03,1531,2294
n012w8-0,n012w8,0,5,500000,100.0,adaptive,2026-07-02T23:09:42+01:00,1,79,77,0,450172,0.000396,500,395,385,100000,90.03,90.03,1531,763
n012w8-0,n012w8,0,5,500000,100.0,adaptive,2026-07-02T23:09:42+01:00,1,80,78,0,150172,1.577379,445,385,385,100000,30.03,30.03,1531,5357
n012w8-0,n012w8,0,5,500000,100.0,adaptive,2026-07-02T23:09:42+01:00,1,80,78,0,250172,0.099526,445,385,385,100000,50.03,50.03,1531,3826
n012w8-0,n012w8,0,5,500000,100.0,adaptive,2026-07-02T23:09:42+01:00,1,80,78,0,350172,0.006280,445,385,385,100000,70.03,70.03,1531,2294
n012w8-0,n012w8,0,5,500000,100.0,adaptive,2026-07-02T23:09:42+01:00,1,80,78,0,450172,0.000396,445,385,385,100000,90.03,90.03,1531,763
n012w8-0,n012w8,0,5,500000,100.0,adaptive,2026-07-02T23:09:42+01:00,2,5,3,0,182883,0.638858,335,315,285,100000,36.58,36.58,1531,4856
n012w8-0,n012w8,0,5,500000,100.0,adaptive,2026-07-02T23:09:42+01:00,2,5,3,0,282883,0.040309,335,315,285,100000,56.58,56.58,1531,3325
n012w8-0,n012w8,0,5,500000,100.0,adaptive,2026-07-02T23:09:42+01:00,2,5,3,0,382883,0.002543,335,315,285,100000,76.58,76.58,1531,1793
n012w8-0,n012w8,0,5,500000,100.0,adaptive,2026-07-02T23:09:42+01:00,2,5,3,0,482883,0.000160,335,315,285,100000,96.58,96.58,1531,262
n012w8-0,n012w8,0,5,500000,100.0,adaptive,2026-07-02T23:09:42+01:00,2,8,6,0,181150,25.118864,650,300,285,100000,36.23,36.23,1531,4883
n012w8-0,n012w8,0,5,500000,100.0,adaptive,2026-07-02T23:09:42+01:00,2,8,6,0,281150,25.118864,755,300,285,100000,56.23,56.23,1531,3351
n012w8-0,n012w8,0,5,500000,100.0,adaptive,2026-07-02T23:09:42+01:00,2,8,6,0,381150,25.118864,785,300,285,100000,76.23,76.23,1531,1820
n012w8-0,n012w8,0,5,500000,100.0,adaptive,2026-07-02T23:09:42+01:00,2,8,6,0,481150,25.118864,695,300,285,100000,96.23,96.23,1531,288
n012w8-0,n012w8,0,5,500000,100.0,adaptive,2026-07-02T23:09:42+01:00,2,7,5,0,182277,25.118864,850,335,285,100000,36.46,36.46,1531,4866
n012w8-0,n012w8,0,5,500000,100.0,adaptive,2026-07-02T23:09:42+01:00,2,7,5,0,282277,25.118864,710,335,285,100000,56.46,56.46,1531,3334
n012w8-0,n012w8,0,5,500000,100.0,adaptive,2026-07-02T23:09:42+01:00,2,7,5,0,382277,25.118864,995,335,285,100000,76.46,76.46,1531,1803
n012w8-0,n012w8,0,5,500000,100.0,adaptive,2026-07-02T23:09:42+01:00,2,7,5,0,482277,25.118864,980,335,285,100000,96.46,96.46,1531,271
n012w8-0,n012w8,0,5,500000,100.0,adaptive,2026-07-02T23:09:42+01:00,2,3,1,0,202807,25.118864,600,285,285,100000,40.56,40.56,1531,4551
n012w8-0,n012w8,0,5,500000,100.0,adaptive,2026-07-02T23:09:42+01:00,2,3,1,0,302807,25.118864,595,285,285,100000,60.56,60.56,1531,3020
n012w8-0,n012w8,0,5,500000,100.0,adaptive,2026-07-02T23:09:42+01:00,2,3,1,0,402807,25.118864,805,285,285,100000,80.56,80.56,1531,1488
n012w8-0,n012w8,0,5,500000,100.0,adaptive,2026-07-02T23:09:42+01:00,2,0,-1,0,175022,25.118864,770,345,285,100000,35.00,35.00,1531,4977
n012w8-0,n012w8,0,5,500000,100.0,adaptive,2026-07-02T23:09:42+01:00,2,0,-1,0,275022,25.118864,695,345,285,100000,55.00,55.00,1531,3445
n012w8-0,n012w8,0,5,500000,100.0,adaptive,2026-07-02T23:09:42+01:00,2,0,-1,0,375022,25.118864,785,345,285,100000,75.00,75.00,1531,1914
n012w8-0,n012w8,0,5,500000,100.0,adaptive,2026-07-02T23:09:42+01:00,2,0,-1,0,475022,25.118864,640,345,285,100000,95.00,95.00,1531,382
n012w8-0,n012w8,0,5,500000,100.0,adaptive,2026-07-02T23:09:42+01:00,2,4,2,0,192790,25.118864,1150,285,285,100000,38.56,38.56,1531,4705
n012w8-0,n012w8,0,5,500000,100.0,adaptive,2026-07-02T23:09:42+01:00,2,4,2,0,292790,25.118864,620,285,285,100000,58.56,58.56,1531,3173
n012w8-0,n012w8,0,5,500000,100.0,adaptive,2026-07-02T23:09:42+01:00,2,4,2,0,392790,25.118864,855,285,285,100000,78.56,78.56,1531,1642
n012w8-0,n012w8,0,5,500000,100.0,adaptive,2026-07-02T23:09:42+01:00,2,4,2,0,492790,25.118864,660,285,285,100000,98.56,98.56,1531,110
n012w8-0,n012w8,0,5,500000,100.0,adaptive,2026-07-02T23:09:42+01:00,2,2,0,0,179276,25.118864,750,330,285,100000,35.86,35.86,1531,4912
n012w8-0,n012w8,0,5,500000,100.0,adaptive,2026-07-02T23:09:42+01:00,2,2,0,0,279276,25.118864,845,330,285,100000,55.86,55.86,1531,3380
n012w8-0,n012w8,0,5,500000,100.0,adaptive,2026-07-02T23:09:42+01:00,2,2,0,0,379276,25.118864,775,330,285,100000,75.86,75.86,1531,1849
n012w8-0,n012w8,0,5,500000,100.0,adaptive,2026-07-02T23:09:42+01:00,2,2,0,0,479276,25.118864,1030,330,285,100000,95.86,95.86,1531,317
n012w8-0,n012w8,0,5,500000,100.0,adaptive,2026-07-02T23:09:42+01:00,2,6,4,0,178631,25.118864,720,345,285,100000,35.73,35.73,1531,4922
n012w8-0,n012w8,0,5,500000,100.0,adaptive,2026-07-02T23:09:42+01:00,2,6,4,0,278631,25.118864,1095,345,285,100000,55.73,55.73,1531,3390
n012w8-0,n012w8,0,5,500000,100.0,adaptive,2026-07-02T23:09:42+01:00,2,6,4,0,378631,25.118864,745,345,285,100000,75.73,75.73,1531,1858
n012w8-0,n012w8,0,5,500000,100.0,adaptive,2026-07-02T23:09:42+01:00,2,6,4,0,478631,25.118864,675,345,285,100000,95.73,95.73,1531,327
n012w8-0,n012w8,0,5,500000,100.0,adaptive,2026-07-02T23:09:42+01:00,2,9,7,0,192442,0.490564,315,315,280,100000,38.49,38.49,1531,4710
n012w8-0,n012w8,0,5,500000,100.0,adaptive,2026-07-02T23:09:42+01:00,2,9,7,0,292442,0.030953,315,315,280,100000,58.49,58.49,1531,3178
n012w8-0,n012w8,0,5,500000,100.0,adaptive,2026-07-02T23:09:42+01:00,2,9,7,0,392442,0.001953,315,315,280,100000,78.49,78.49,1531,1647
n012w8-0,n012w8,0,5,500000,100.0,adaptive,2026-07-02T23:09:42+01:00,2,9,7,0,492442,0.000123,315,315,280,100000,98.49,98.49,1531,115
n012w8-0,n012w8,0,5,500000,100.0,adaptive,2026-07-02T23:09:42+01:00,2,14,12,0,184513,0.610723,360,345,280,100000,36.90,36.90,1531,4831
n012w8-0,n012w8,0,5,500000,100.0,adaptive,2026-07-02T23:09:42+01:00,2,14,12,0,284513,0.038534,360,345,280,100000,56.90,56.90,1531,3300
n012w8-0,n012w8,0,5,500000,100.0,adaptive,2026-07-02T23:09:42+01:00,2,14,12,0,384513,0.002431,360,345,280,100000,76.90,76.90,1531,1768
n012w8-0,n012w8,0,5,500000,100.0,adaptive,2026-07-02T23:09:42+01:00,2,14,12,0,484513,0.000153,360,345,280,100000,96.90,96.90,1531,237
n012w8-0,n012w8,0,5,500000,100.0,adaptive,2026-07-02T23:09:42+01:00,2,15,13,0,185186,0.599471,310,310,280,100000,37.04,37.04,1531,4821
n012w8-0,n012w8,0,5,500000,100.0,adaptive,2026-07-02T23:09:42+01:00,2,15,13,0,285186,0.037824,310,310,280,100000,57.04,57.04,1531,3290
n012w8-0,n012w8,0,5,500000,100.0,adaptive,2026-07-02T23:09:42+01:00,2,15,13,0,385186,0.002387,310,310,280,100000,77.04,77.04,1531,1758
n012w8-0,n012w8,0,5,500000,100.0,adaptive,2026-07-02T23:09:42+01:00,2,15,13,0,485186,0.000151,310,310,280,100000,97.04,97.04,1531,226
n012w8-0,n012w8,0,5,500000,100.0,adaptive,2026-07-02T23:09:42+01:00,2,11,9,0,188295,0.550123,320,290,280,100000,37.66,37.66,1531,4774
n012w8-0,n012w8,0,5,500000,100.0,adaptive,2026-07-02T23:09:42+01:00,2,11,9,0,288295,0.034710,320,290,280,100000,57.66,57.66,1531,3242
n012w8-0,n012w8,0,5,500000,100.0,adaptive,2026-07-02T23:09:42+01:00,2,11,9,0,388295,0.002190,320,290,280,100000,77.66,77.66,1531,1710
n012w8-0,n012w8,0,5,500000,100.0,adaptive,2026-07-02T23:09:42+01:00,2,11,9,0,488295,0.000138,320,290,280,100000,97.66,97.66,1531,179
n012w8-0,n012w8,0,5,500000,100.0,adaptive,2026-07-02T23:09:42+01:00,2,10,8,0,190552,0.516864,300,300,280,100000,38.11,38.11,1531,4739
n012w8-0,n012w8,0,5,500000,100.0,adaptive,2026-07-02T23:09:42+01:00,2,10,8,0,290552,0.032612,300,300,280,100000,58.11,58.11,1531,3207
n012w8-0,n012w8,0,5,500000,100.0,adaptive,2026-07-02T23:09:42+01:00,2,10,8,0,390552,0.002058,300,300,280,100000,78.11,78.11,1531,1676
n012w8-0,n012w8,0,5,500000,100.0,adaptive,2026-07-02T23:09:42+01:00,2,10,8,0,490552,0.000130,300,300,280,100000,98.11,98.11,1531,144
n012w8-0,n012w8,0,5,500000,100.0,adaptive,2026-07-02T23:09:42+01:00,2,16,14,0,172000,0.862979,300,300,280,100000,34.40,34.40,1531,5023
n012w8-0,n012w8,0,5,500000,100.0,adaptive,2026-07-02T23:09:42+01:00,2,16,14,0,272000,0.054450,300,300,280,100000,54.40,54.40,1531,3492
n012w8-0,n012w8,0,5,500000,100.0,adaptive,2026-07-02T23:09:42+01:00,2,16,14,0,372000,0.003436,300,300,280,100000,74.40,74.40,1531,1960
n012w8-0,n012w8,0,5,500000,100.0,adaptive,2026-07-02T23:09:42+01:00,2,16,14,0,472000,0.000217,300,300,280,100000,94.40,94.40,1531,428
n012w8-0,n012w8,0,5,500000,100.0,adaptive,2026-07-02T23:09:42+01:00,2,12,10,0,184675,0.607995,325,310,280,100000,36.94,36.94,1531,4829
n012w8-0,n012w8,0,5,500000,100.0,adaptive,2026-07-02T23:09:42+01:00,2,12,10,0,284675,0.038362,325,310,280,100000,56.94,56.94,1531,3297
n012w8-0,n012w8,0,5,500000,100.0,adaptive,2026-07-02T23:09:42+01:00,2,12,10,0,384675,0.002420,325,310,280,100000,76.94,76.94,1531,1766
n012w8-0,n012w8,0,5,500000,100.0,adaptive,2026-07-02T23:09:42+01:00,2,12,10,0,484675,0.000153,325,310,280,100000,96.94,96.94,1531,234
n012w8-0,n012w8,0,5,500000,100.0,adaptive,2026-07-02T23:09:42+01:00,2,13,11,0,186303,25.118864,750,280,280,100000,37.26,37.26,1531,4804
n012w8-0,n012w8,0,5,500000,100.0,adaptive,2026-07-02T23:09:42+01:00,2,13,11,0,286303,25.118864,630,280,280,100000,57.26,57.26,1531,3272
n012w8-0,n012w8,0,5,500000,100.0,adaptive,2026-07-02T23:09:42+01:00,2,13,11,0,386303,25.118864,560,280,280,100000,77.26,77.26,1531,1741
n012w8-0,n012w8,0,5,500000,100.0,adaptive,2026-07-02T23:09:42+01:00,2,13,11,0,486303,25.118864,600,280,280,100000,97.26,97.26,1531,209
n012w8-0,n012w8,0,5,500000,100.0,adaptive,2026-07-02T23:09:42+01:00,2,17,15,0,189132,0.537546,320,320,280,100000,37.83,37.83,1531,4761
n012w8-0,n012w8,0,5,500000,100.0,adaptive,2026-07-02T23:09:42+01:00,2,17,15,0,289132,0.033917,320,320,280,100000,57.83,57.83,1531,3229
n012w8-0,n012w8,0,5,500000,100.0,adaptive,2026-07-02T23:09:42+01:00,2,17,15,0,389132,0.002140,320,320,280,100000,77.83,77.83,1531,1698
n012w8-0,n012w8,0,5,500000,100.0,adaptive,2026-07-02T23:09:42+01:00,2,17,15,0,489132,0.000135,320,320,280,100000,97.83,97.83,1531,166
n012w8-0,n012w8,0,5,500000,100.0,adaptive,2026-07-02T23:09:42+01:00,2,18,16,0,183374,0.630249,320,320,280,100000,36.67,36.67,1531,4849
n012w8-0,n012w8,0,5,500000,100.0,adaptive,2026-07-02T23:09:42+01:00,2,18,16,0,283374,0.039766,320,320,280,100000,56.67,56.67,1531,3317
n012w8-0,n012w8,0,5,500000,100.0,adaptive,2026-07-02T23:09:42+01:00,2,18,16,0,383374,0.002509,320,320,280,100000,76.67,76.67,1531,1786
n012w8-0,n012w8,0,5,500000,100.0,adaptive,2026-07-02T23:09:42+01:00,2,18,16,0,483374,0.000158,320,320,280,100000,96.67,96.67,1531,254
n012w8-0,n012w8,0,5,500000,100.0,adaptive,2026-07-02T23:09:42+01:00,2,21,19,0,167326,0.981947,325,280,280,100000,33.47,33.47,1531,5095
n012w8-0,n012w8,0,5,500000,100.0,adaptive,2026-07-02T23:09:42+01:00,2,21,19,0,267326,0.061957,325,280,280,100000,53.47,53.47,1531,3563
n012w8-0,n012w8,0,5,500000,100.0,adaptive,2026-07-02T23:09:42+01:00,2,21,19,0,367326,0.003909,325,280,280,100000,73.47,73.47,1531,2032
n012w8-0,n012w8,0,5,500000,100.0,adaptive,2026-07-02T23:09:42+01:00,2,21,19,0,467326,0.000247,325,280,280,100000,93.47,93.47,1531,500
n012w8-0,n012w8,0,5,500000,100.0,adaptive,2026-07-02T23:09:42+01:00,2,19,17,0,183647,0.625513,320,320,280,100000,36.73,36.73,1531,4845
n012w8-0,n012w8,0,5,500000,100.0,adaptive,2026-07-02T23:09:42+01:00,2,19,17,0,283647,0.039467,320,320,280,100000,56.73,56.73,1531,3313
n012w8-0,n012w8,0,5,500000,100.0,adaptive,2026-07-02T23:09:42+01:00,2,19,17,0,383647,0.002490,320,320,280,100000,76.73,76.73,1531,1782
n012w8-0,n012w8,0,5,500000,100.0,adaptive,2026-07-02T23:09:42+01:00,2,19,17,0,483647,0.000157,320,320,280,100000,96.73,96.73,1531,250
n012w8-0,n012w8,0,5,500000,100.0,adaptive,2026-07-02T23:09:42+01:00,2,20,18,0,185613,0.592439,385,370,280,100000,37.12,37.12,1531,4815
n012w8-0,n012w8,0,5,500000,100.0,adaptive,2026-07-02T23:09:42+01:00,2,20,18,0,285613,0.037380,385,370,280,100000,57.12,57.12,1531,3283
n012w8-0,n012w8,0,5,500000,100.0,adaptive,2026-07-02T23:09:42+01:00,2,20,18,0,385613,0.002359,385,370,280,100000,77.12,77.12,1531,1751
n012w8-0,n012w8,0,5,500000,100.0,adaptive,2026-07-02T23:09:42+01:00,2,20,18,0,485613,0.000149,385,370,280,100000,97.12,97.12,1531,220
n012w8-0,n012w8,0,5,500000,100.0,adaptive,2026-07-02T23:09:42+01:00,2,22,20,0,199181,0.407219,290,290,280,100000,39.84,39.84,1531,4607
n012w8-0,n012w8,0,5,500000,100.0,adaptive,2026-07-02T23:09:42+01:00,2,22,20,0,299181,0.025694,290,290,280,100000,59.84,59.84,1531,3075
n012w8-0,n012w8,0,5,500000,100.0,adaptive,2026-07-02T23:09:42+01:00,2,22,20,0,399181,0.001621,290,290,280,100000,79.84,79.84,1531,1544
n012w8-0,n012w8,0,5,500000,100.0,adaptive,2026-07-02T23:09:42+01:00,2,22,20,0,499181,0.000102,290,290,280,100000,99.84,99.84,1531,12
n012w8-0,n012w8,0,5,500000,100.0,adaptive,2026-07-02T23:09:42+01:00,2,23,21,0,206984,0.328240,330,320,280,100000,41.40,41.40,1531,4487
n012w8-0,n012w8,0,5,500000,100.0,adaptive,2026-07-02T23:09:42+01:00,2,23,21,0,306984,0.020711,330,320,280,100000,61.40,61.40,1531,2956
n012w8-0,n012w8,0,5,500000,100.0,adaptive,2026-07-02T23:09:42+01:00,2,23,21,0,406984,0.001307,330,320,280,100000,81.40,81.40,1531,1424
n012w8-0,n012w8,0,5,500000,100.0,adaptive,2026-07-02T23:09:42+01:00,2,24,22,0,190973,0.510886,285,285,280,100000,38.19,38.19,1531,4733
n012w8-0,n012w8,0,5,500000,100.0,adaptive,2026-07-02T23:09:42+01:00,2,24,22,0,290973,0.032235,285,285,280,100000,58.19,58.19,1531,3201
n012w8-0,n012w8,0,5,500000,100.0,adaptive,2026-07-02T23:09:42+01:00,2,24,22,0,390973,0.002034,285,285,280,100000,78.19,78.19,1531,1669
n012w8-0,n012w8,0,5,500000,100.0,adaptive,2026-07-02T23:09:42+01:00,2,24,22,0,490973,0.000128,285,285,280,100000,98.19,98.19,1531,138
n012w8-0,n012w8,0,5,500000,100.0,adaptive,2026-07-02T23:09:42+01:00,2,25,23,0,179748,0.696665,355,345,280,100000,35.95,35.95,1531,4904
n012w8-0,n012w8,0,5,500000,100.0,adaptive,2026-07-02T23:09:42+01:00,2,25,23,0,279748,0.043957,355,345,280,100000,55.95,55.95,1531,3373
n012w8-0,n012w8,0,5,500000,100.0,adaptive,2026-07-02T23:09:42+01:00,2,25,23,0,379748,0.002773,355,345,280,100000,75.95,75.95,1531,1841
n012w8-0,n012w8,0,5,500000,100.0,adaptive,2026-07-02T23:09:42+01:00,2,25,23,0,479748,0.000175,355,345,280,100000,95.95,95.95,1531,310
n012w8-0,n012w8,0,5,500000,100.0,adaptive,2026-07-02T23:09:42+01:00,2,27,25,0,184433,0.612074,315,315,280,100000,36.89,36.89,1531,4833
n012w8-0,n012w8,0,5,500000,100.0,adaptive,2026-07-02T23:09:42+01:00,2,27,25,0,284433,0.038619,315,315,280,100000,56.89,56.89,1531,3301
n012w8-0,n012w8,0,5,500000,100.0,adaptive,2026-07-02T23:09:42+01:00,2,27,25,0,384433,0.002437,315,315,280,100000,76.89,76.89,1531,1770
n012w8-0,n012w8,0,5,500000,100.0,adaptive,2026-07-02T23:09:42+01:00,2,27,25,0,484433,0.000154,315,315,280,100000,96.89,96.89,1531,238
n012w8-0,n012w8,0,5,500000,100.0,adaptive,2026-07-02T23:09:42+01:00,2,28,26,0,199912,0.399076,360,360,280,100000,39.98,39.98,1531,4596
n012w8-0,n012w8,0,5,500000,100.0,adaptive,2026-07-02T23:09:42+01:00,2,28,26,0,299912,0.025180,360,360,280,100000,59.98,59.98,1531,3064
n012w8-0,n012w8,0,5,500000,100.0,adaptive,2026-07-02T23:09:42+01:00,2,28,26,0,399912,0.001589,360,360,280,100000,79.98,79.98,1531,1532
n012w8-0,n012w8,0,5,500000,100.0,adaptive,2026-07-02T23:09:42+01:00,2,28,26,0,499912,0.000100,360,360,280,100000,99.98,99.98,1531,1
n012w8-0,n012w8,0,5,500000,100.0,adaptive,2026-07-02T23:09:42+01:00,2,26,24,0,188882,0.541273,350,335,280,100000,37.78,37.78,1531,4765
n012w8-0,n012w8,0,5,500000,100.0,adaptive,2026-07-02T23:09:42+01:00,2,26,24,0,288882,0.034152,350,335,280,100000,57.78,57.78,1531,3233
n012w8-0,n012w8,0,5,500000,100.0,adaptive,2026-07-02T23:09:42+01:00,2,26,24,0,388882,0.002155,350,335,280,100000,77.78,77.78,1531,1701
n012w8-0,n012w8,0,5,500000,100.0,adaptive,2026-07-02T23:09:42+01:00,2,26,24,0,488882,0.000136,350,335,280,100000,97.78,97.78,1531,170
n012w8-0,n012w8,0,5,500000,100.0,adaptive,2026-07-02T23:09:42+01:00,2,30,28,0,192562,0.488940,300,285,280,100000,38.51,38.51,1531,4708
n012w8-0,n012w8,0,5,500000,100.0,adaptive,2026-07-02T23:09:42+01:00,2,30,28,0,292562,0.030850,300,285,280,100000,58.51,58.51,1531,3177
n012w8-0,n012w8,0,5,500000,100.0,adaptive,2026-07-02T23:09:42+01:00,2,30,28,0,392562,0.001947,300,285,280,100000,78.51,78.51,1531,1645
n012w8-0,n012w8,0,5,500000,100.0,adaptive,2026-07-02T23:09:42+01:00,2,30,28,0,492562,0.000123,300,285,280,100000,98.51,98.51,1531,113
n012w8-0,n012w8,0,5,500000,100.0,adaptive,2026-07-02T23:09:42+01:00,2,29,27,0,201960,0.377120,360,360,280,100000,40.39,40.39,1531,4564
n012w8-0,n012w8,0,5,500000,100.0,adaptive,2026-07-02T23:09:42+01:00,2,29,27,0,301960,0.023795,360,360,280,100000,60.39,60.39,1531,3033
n012w8-0,n012w8,0,5,500000,100.0,adaptive,2026-07-02T23:09:42+01:00,2,29,27,0,401960,0.001501,360,360,280,100000,80.39,80.39,1531,1501
n012w8-0,n012w8,0,5,500000,100.0,adaptive,2026-07-02T23:09:42+01:00,2,31,29,0,177610,0.739061,360,315,280,100000,35.52,35.52,1531,4937
n012w8-0,n012w8,0,5,500000,100.0,adaptive,2026-07-02T23:09:42+01:00,2,31,29,0,277610,0.046632,360,315,280,100000,55.52,55.52,1531,3406
n012w8-0,n012w8,0,5,500000,100.0,adaptive,2026-07-02T23:09:42+01:00,2,31,29,0,377610,0.002942,360,315,280,100000,75.52,75.52,1531,1874
n012w8-0,n012w8,0,5,500000,100.0,adaptive,2026-07-02T23:09:42+01:00,2,31,29,0,477610,0.000186,360,315,280,100000,95.52,95.52,1531,342
n012w8-0,n012w8,0,5,500000,100.0,adaptive,2026-07-02T23:09:42+01:00,2,32,30,0,190055,0.524011,380,350,280,100000,38.01,38.01,1531,4747
n012w8-0,n012w8,0,5,500000,100.0,adaptive,2026-07-02T23:09:42+01:00,2,32,30,0,290055,0.033063,380,350,280,100000,58.01,58.01,1531,3215
n012w8-0,n012w8,0,5,500000,100.0,adaptive,2026-07-02T23:09:42+01:00,2,32,30,0,390055,0.002086,380,350,280,100000,78.01,78.01,1531,1683
n012w8-0,n012w8,0,5,500000,100.0,adaptive,2026-07-02T23:09:42+01:00,2,32,30,0,490055,0.000132,380,350,280,100000,98.01,98.01,1531,152
n012w8-0,n012w8,0,5,500000,100.0,adaptive,2026-07-02T23:09:42+01:00,2,33,31,0,183802,0.622839,320,310,280,100000,36.76,36.76,1531,4842
n012w8-0,n012w8,0,5,500000,100.0,adaptive,2026-07-02T23:09:42+01:00,2,33,31,0,283802,0.039299,320,310,280,100000,56.76,56.76,1531,3311
n012w8-0,n012w8,0,5,500000,100.0,adaptive,2026-07-02T23:09:42+01:00,2,33,31,0,383802,0.002480,320,310,280,100000,76.76,76.76,1531,1779
n012w8-0,n012w8,0,5,500000,100.0,adaptive,2026-07-02T23:09:42+01:00,2,33,31,0,483802,0.000156,320,310,280,100000,96.76,96.76,1531,248
n012w8-0,n012w8,0,5,500000,100.0,adaptive,2026-07-02T23:09:42+01:00,2,34,32,0,188198,0.551600,300,300,280,100000,37.64,37.64,1531,4775
n012w8-0,n012w8,0,5,500000,100.0,adaptive,2026-07-02T23:09:42+01:00,2,34,32,0,288198,0.034804,300,300,280,100000,57.64,57.64,1531,3243
n012w8-0,n012w8,0,5,500000,100.0,adaptive,2026-07-02T23:09:42+01:00,2,34,32,0,388198,0.002196,300,300,280,100000,77.64,77.64,1531,1712
n012w8-0,n012w8,0,5,500000,100.0,adaptive,2026-07-02T23:09:42+01:00,2,34,32,0,488198,0.000139,300,300,280,100000,97.64,97.64,1531,180
n012w8-0,n012w8,0,5,500000,100.0,adaptive,2026-07-02T23:09:42+01:00,2,35,33,0,184702,0.607542,290,280,280,100000,36.94,36.94,1531,4829
n012w8-0,n012w8,0,5,500000,100.0,adaptive,2026-07-02T23:09:42+01:00,2,35,33,0,284702,0.038333,290,280,280,100000,56.94,56.94,1531,3297
n012w8-0,n012w8,0,5,500000,100.0,adaptive,2026-07-02T23:09:42+01:00,2,35,33,0,384702,0.002419,290,280,280,100000,76.94,76.94,1531,1765
n012w8-0,n012w8,0,5,500000,100.0,adaptive,2026-07-02T23:09:42+01:00,2,35,33,0,484702,0.000153,290,280,280,100000,96.94,96.94,1531,234
n012w8-0,n012w8,0,5,500000,100.0,adaptive,2026-07-02T23:09:42+01:00,2,36,34,0,181671,0.660614,300,300,280,100000,36.33,36.33,1531,4875
n012w8-0,n012w8,0,5,500000,100.0,adaptive,2026-07-02T23:09:42+01:00,2,36,34,0,281671,0.041682,300,300,280,100000,56.33,56.33,1531,3343
n012w8-0,n012w8,0,5,500000,100.0,adaptive,2026-07-02T23:09:42+01:00,2,36,34,0,381671,0.002630,300,300,280,100000,76.33,76.33,1531,1812
n012w8-0,n012w8,0,5,500000,100.0,adaptive,2026-07-02T23:09:42+01:00,2,36,34,0,481671,0.000166,300,300,280,100000,96.33,96.33,1531,280
n012w8-0,n012w8,0,5,500000,100.0,adaptive,2026-07-02T23:09:42+01:00,2,38,36,0,162974,1.107419,345,335,280,100000,32.59,32.59,1531,5161
n012w8-0,n012w8,0,5,500000,100.0,adaptive,2026-07-02T23:09:42+01:00,2,38,36,0,262974,0.069873,345,335,280,100000,52.59,52.59,1531,3630
n012w8-0,n012w8,0,5,500000,100.0,adaptive,2026-07-02T23:09:42+01:00,2,38,36,0,362974,0.004409,345,335,280,100000,72.59,72.59,1531,2098
n012w8-0,n012w8,0,5,500000,100.0,adaptive,2026-07-02T23:09:42+01:00,2,38,36,0,462974,0.000278,345,335,280,100000,92.59,92.59,1531,567
n012w8-0,n012w8,0,5,500000,100.0,adaptive,2026-07-02T23:09:42+01:00,2,37,35,0,184883,0.604511,320,290,280,100000,36.98,36.98,1531,4826
n012w8-0,n012w8,0,5,500000,100.0,adaptive,2026-07-02T23:09:42+01:00,2,37,35,0,284883,0.038142,320,290,280,100000,56.98,56.98,1531,3294
n012w8-0,n012w8,0,5,500000,100.0,adaptive,2026-07-02T23:09:42+01:00,2,37,35,0,384883,0.002407,320,290,280,100000,76.98,76.98,1531,1763
n012w8-0,n012w8,0,5,500000,100.0,adaptive,2026-07-02T23:09:42+01:00,2,37,35,0,484883,0.000152,320,290,280,100000,96.98,96.98,1531,231
n012w8-0,n012w8,0,5,500000,100.0,adaptive,2026-07-02T23:09:42+01:00,2,39,37,0,196809,0.434802,310,310,280,100000,39.36,39.36,1531,4643
n012w8-0,n012w8,0,5,500000,100.0,adaptive,2026-07-02T23:09:42+01:00,2,39,37,0,296809,0.027434,310,310,280,100000,59.36,59.36,1531,3112
n012w8-0,n012w8,0,5,500000,100.0,adaptive,2026-07-02T23:09:42+01:00,2,39,37,0,396809,0.001731,310,310,280,100000,79.36,79.36,1531,1580
n012w8-0,n012w8,0,5,500000,100.0,adaptive,2026-07-02T23:09:42+01:00,2,39,37,0,496809,0.000109,310,310,280,100000,99.36,99.36,1531,48
n012w8-0,n012w8,0,5,500000,100.0,adaptive,2026-07-02T23:09:42+01:00,2,40,38,0,165415,1.035190,330,330,280,100000,33.08,33.08,1531,5124
n012w8-0,n012w8,0,5,500000,100.0,adaptive,2026-07-02T23:09:42+01:00,2,40,38,0,265415,0.065316,330,330,280,100000,53.08,53.08,1531,3592
n012w8-0,n012w8,0,5,500000,100.0,adaptive,2026-07-02T23:09:42+01:00,2,40,38,0,365415,0.004121,330,330,280,100000,73.08,73.08,1531,2061
n012w8-0,n012w8,0,5,500000,100.0,adaptive,2026-07-02T23:09:42+01:00,2,40,38,0,465415,0.000260,330,330,280,100000,93.08,93.08,1531,529
n012w8-0,n012w8,0,5,500000,100.0,adaptive,2026-07-02T23:09:42+01:00,2,41,39,0,181794,0.658373,330,330,260,100000,36.36,36.36,1531,4873
n012w8-0,n012w8,0,5,500000,100.0,adaptive,2026-07-02T23:09:42+01:00,2,41,39,0,281794,0.041541,330,330,260,100000,56.36,56.36,1531,3342
n012w8-0,n012w8,0,5,500000,100.0,adaptive,2026-07-02T23:09:42+01:00,2,41,39,0,381794,0.002621,330,330,260,100000,76.36,76.36,1531,1810
n012w8-0,n012w8,0,5,500000,100.0,adaptive,2026-07-02T23:09:42+01:00,2,41,39,0,481794,0.000165,330,330,260,100000,96.36,96.36,1531,278
n012w8-0,n012w8,0,5,500000,100.0,adaptive,2026-07-02T23:09:42+01:00,2,42,40,0,182751,0.641192,345,330,260,100000,36.55,36.55,1531,4858
n012w8-0,n012w8,0,5,500000,100.0,adaptive,2026-07-02T23:09:42+01:00,2,42,40,0,282751,0.040456,345,330,260,100000,56.55,56.55,1531,3327
n012w8-0,n012w8,0,5,500000,100.0,adaptive,2026-07-02T23:09:42+01:00,2,42,40,0,382751,0.002553,345,330,260,100000,76.55,76.55,1531,1795
n012w8-0,n012w8,0,5,500000,100.0,adaptive,2026-07-02T23:09:42+01:00,2,42,40,0,482751,0.000161,345,330,260,100000,96.55,96.55,1531,264
n012w8-0,n012w8,0,5,500000,100.0,adaptive,2026-07-02T23:09:42+01:00,2,43,41,0,177407,0.743218,390,315,260,100000,35.48,35.48,1531,4940
n012w8-0,n012w8,0,5,500000,100.0,adaptive,2026-07-02T23:09:42+01:00,2,43,41,0,277407,0.046894,390,315,260,100000,55.48,55.48,1531,3409
n012w8-0,n012w8,0,5,500000,100.0,adaptive,2026-07-02T23:09:42+01:00,2,43,41,0,377407,0.002959,390,315,260,100000,75.48,75.48,1531,1877
n012w8-0,n012w8,0,5,500000,100.0,adaptive,2026-07-02T23:09:42+01:00,2,43,41,0,477407,0.000187,390,315,260,100000,95.48,95.48,1531,346
n012w8-0,n012w8,0,5,500000,100.0,adaptive,2026-07-02T23:09:42+01:00,2,44,42,0,181263,0.668104,345,305,260,100000,36.25,36.25,1531,4881
n012w8-0,n012w8,0,5,500000,100.0,adaptive,2026-07-02T23:09:42+01:00,2,44,42,0,281263,0.042155,345,305,260,100000,56.25,56.25,1531,3350
n012w8-0,n012w8,0,5,500000,100.0,adaptive,2026-07-02T23:09:42+01:00,2,44,42,0,381263,0.002660,345,305,260,100000,76.25,76.25,1531,1818
n012w8-0,n012w8,0,5,500000,100.0,adaptive,2026-07-02T23:09:42+01:00,2,44,42,0,481263,0.000168,345,305,260,100000,96.25,96.25,1531,286
n012w8-0,n012w8,0,5,500000,100.0,adaptive,2026-07-02T23:09:42+01:00,2,46,44,0,172913,0.841480,350,315,260,100000,34.58,34.58,1531,5009
n012w8-0,n012w8,0,5,500000,100.0,adaptive,2026-07-02T23:09:42+01:00,2,46,44,0,272913,0.053094,350,315,260,100000,54.58,54.58,1531,3478
n012w8-0,n012w8,0,5,500000,100.0,adaptive,2026-07-02T23:09:42+01:00,2,46,44,0,372913,0.003350,350,315,260,100000,74.58,74.58,1531,1946
n012w8-0,n012w8,0,5,500000,100.0,adaptive,2026-07-02T23:09:42+01:00,2,46,44,0,472913,0.000211,350,315,260,100000,94.58,94.58,1531,414
n012w8-0,n012w8,0,5,500000,100.0,adaptive,2026-07-02T23:09:42+01:00,2,45,43,0,189196,0.536597,290,290,260,100000,37.84,37.84,1531,4760
n012w8-0,n012w8,0,5,500000,100.0,adaptive,2026-07-02T23:09:42+01:00,2,45,43,0,289196,0.033857,290,290,260,100000,57.84,57.84,1531,3228
n012w8-0,n012w8,0,5,500000,100.0,adaptive,2026-07-02T23:09:42+01:00,2,45,43,0,389196,0.002136,290,290,260,100000,77.84,77.84,1531,1697
n012w8-0,n012w8,0,5,500000,100.0,adaptive,2026-07-02T23:09:42+01:00,2,45,43,0,489196,0.000135,290,290,260,100000,97.84,97.84,1531,165
n012w8-0,n012w8,0,5,500000,100.0,adaptive,2026-07-02T23:09:42+01:00,2,48,46,0,204984,0.346890,300,285,260,100000,41.00,41.00,1531,4518
n012w8-0,n012w8,0,5,500000,100.0,adaptive,2026-07-02T23:09:42+01:00,2,48,46,0,304984,0.021887,300,285,260,100000,61.00,61.00,1531,2986
n012w8-0,n012w8,0,5,500000,100.0,adaptive,2026-07-02T23:09:42+01:00,2,48,46,0,404984,0.001381,300,285,260,100000,81.00,81.00,1531,1455
n012w8-0,n012w8,0,5,500000,100.0,adaptive,2026-07-02T23:09:42+01:00,2,47,45,0,186488,25.118864,705,260,260,100000,37.30,37.30,1531,4801
n012w8-0,n012w8,0,5,500000,100.0,adaptive,2026-07-02T23:09:42+01:00,2,47,45,0,286488,25.118864,890,260,260,100000,57.30,57.30,1531,3270
n012w8-0,n012w8,0,5,500000,100.0,adaptive,2026-07-02T23:09:42+01:00,2,47,45,0,386488,25.118864,690,260,260,100000,77.30,77.30,1531,1738
n012w8-0,n012w8,0,5,500000,100.0,adaptive,2026-07-02T23:09:42+01:00,2,47,45,0,486488,25.118864,570,260,260,100000,97.30,97.30,1531,206
n012w8-0,n012w8,0,5,500000,100.0,adaptive,2026-07-02T23:09:42+01:00,2,49,47,0,174767,0.799459,320,300,260,100000,34.95,34.95,1531,4981
n012w8-0,n012w8,0,5,500000,100.0,adaptive,2026-07-02T23:09:42+01:00,2,49,47,0,274767,0.050442,320,300,260,100000,54.95,54.95,1531,3449
n012w8-0,n012w8,0,5,500000,100.0,adaptive,2026-07-02T23:09:42+01:00,2,49,47,0,374767,0.003183,320,300,260,100000,74.95,74.95,1531,1918
n012w8-0,n012w8,0,5,500000,100.0,adaptive,2026-07-02T23:09:42+01:00,2,49,47,0,474767,0.000201,320,300,260,100000,94.95,94.95,1531,386
n012w8-0,n012w8,0,5,500000,100.0,adaptive,2026-07-02T23:09:42+01:00,2,50,48,0,171232,0.881487,315,300,260,100000,34.25,34.25,1531,5035
n012w8-0,n012w8,0,5,500000,100.0,adaptive,2026-07-02T23:09:42+01:00,2,50,48,0,271232,0.055618,315,300,260,100000,54.25,54.25,1531,3503
n012w8-0,n012w8,0,5,500000,100.0,adaptive,2026-07-02T23:09:42+01:00,2,50,48,0,371232,0.003509,315,300,260,100000,74.25,74.25,1531,1972
n012w8-0,n012w8,0,5,500000,100.0,adaptive,2026-07-02T23:09:42+01:00,2,50,48,0,471232,0.000221,315,300,260,100000,94.25,94.25,1531,440
n012w8-0,n012w8,0,5,500000,100.0,adaptive,2026-07-02T23:09:42+01:00,2,53,51,0,166482,1.005116,375,355,260,100000,33.30,33.30,1531,5108
n012w8-0,n012w8,0,5,500000,100.0,adaptive,2026-07-02T23:09:42+01:00,2,53,51,0,266482,0.063419,375,355,260,100000,53.30,53.30,1531,3576
n012w8-0,n012w8,0,5,500000,100.0,adaptive,2026-07-02T23:09:42+01:00,2,53,51,0,366482,0.004001,375,355,260,100000,73.30,73.30,1531,2044
n012w8-0,n012w8,0,5,500000,100.0,adaptive,2026-07-02T23:09:42+01:00,2,53,51,0,466482,0.000252,375,355,260,100000,93.30,93.30,1531,513
n012w8-0,n012w8,0,5,500000,100.0,adaptive,2026-07-02T23:09:42+01:00,2,51,49,0,180589,0.680663,285,285,260,100000,36.12,36.12,1531,4892
n012w8-0,n012w8,0,5,500000,100.0,adaptive,2026-07-02T23:09:42+01:00,2,51,49,0,280589,0.042947,285,285,260,100000,56.12,56.12,1531,3360
n012w8-0,n012w8,0,5,500000,100.0,adaptive,2026-07-02T23:09:42+01:00,2,51,49,0,380589,0.002710,285,285,260,100000,76.12,76.12,1531,1828
n012w8-0,n012w8,0,5,500000,100.0,adaptive,2026-07-02T23:09:42+01:00,2,51,49,0,480589,0.000171,285,285,260,100000,96.12,96.12,1531,297
n012w8-0,n012w8,0,5,500000,100.0,adaptive,2026-07-02T23:09:42+01:00,2,52,50,0,185174,0.599670,285,265,260,100000,37.03,37.03,1531,4821
n012w8-0,n012w8,0,5,500000,100.0,adaptive,2026-07-02T23:09:42+01:00,2,52,50,0,285174,0.037837,285,265,260,100000,57.03,57.03,1531,3290
n012w8-0,n012w8,0,5,500000,100.0,adaptive,2026-07-02T23:09:42+01:00,2,52,50,0,385174,0.002387,285,265,260,100000,77.03,77.03,1531,1758
n012w8-0,n012w8,0,5,500000,100.0,adaptive,2026-07-02T23:09:42+01:00,2,52,50,0,485174,0.000151,285,265,260,100000,97.03,97.03,1531,227
n012w8-0,n012w8,0,5,500000,100.0,adaptive,2026-07-02T23:09:42+01:00,2,54,52,0,187261,0.566067,280,280,260,100000,37.45,37.45,1531,4789
n012w8-0,n012w8,0,5,500000,100.0,adaptive,2026-07-02T23:09:42+01:00,2,54,52,0,287261,0.035716,280,280,260,100000,57.45,57.45,1531,3258
n012w8-0,n012w8,0,5,500000,100.0,adaptive,2026-07-02T23:09:42+01:00,2,54,52,0,387261,0.002254,280,280,260,100000,77.45,77.45,1531,1726
n012w8-0,n012w8,0,5,500000,100.0,adaptive,2026-07-02T23:09:42+01:00,2,54,52,0,487261,0.000142,280,280,260,100000,97.45,97.45,1531,195
n012w8-0,n012w8,0,5,500000,100.0,adaptive,2026-07-02T23:09:42+01:00,2,55,53,0,181436,0.664918,315,300,260,100000,36.29,36.29,1531,4879
n012w8-0,n012w8,0,5,500000,100.0,adaptive,2026-07-02T23:09:42+01:00,2,55,53,0,281436,0.041953,315,300,260,100000,56.29,56.29,1531,3347
n012w8-0,n012w8,0,5,500000,100.0,adaptive,2026-07-02T23:09:42+01:00,2,55,53,0,381436,0.002647,315,300,260,100000,76.29,76.29,1531,1815
n012w8-0,n012w8,0,5,500000,100.0,adaptive,2026-07-02T23:09:42+01:00,2,55,53,0,481436,0.000167,315,300,260,100000,96.29,96.29,1531,284
n012w8-0,n012w8,0,5,500000,100.0,adaptive,2026-07-02T23:09:42+01:00,2,56,54,0,186814,0.573102,320,290,260,100000,37.36,37.36,1531,4796
n012w8-0,n012w8,0,5,500000,100.0,adaptive,2026-07-02T23:09:42+01:00,2,56,54,0,286814,0.036160,320,290,260,100000,57.36,57.36,1531,3265
n012w8-0,n012w8,0,5,500000,100.0,adaptive,2026-07-02T23:09:42+01:00,2,56,54,0,386814,0.002282,320,290,260,100000,77.36,77.36,1531,1733
n012w8-0,n012w8,0,5,500000,100.0,adaptive,2026-07-02T23:09:42+01:00,2,56,54,0,486814,0.000144,320,290,260,100000,97.36,97.36,1531,201
n012w8-0,n012w8,0,5,500000,100.0,adaptive,2026-07-02T23:09:42+01:00,2,57,55,0,187818,0.557422,325,325,260,100000,37.56,37.56,1531,4781
n012w8-0,n012w8,0,5,500000,100.0,adaptive,2026-07-02T23:09:42+01:00,2,57,55,0,287818,0.035171,325,325,260,100000,57.56,57.56,1531,3249
n012w8-0,n012w8,0,5,500000,100.0,adaptive,2026-07-02T23:09:42+01:00,2,57,55,0,387818,0.002219,325,325,260,100000,77.56,77.56,1531,1718
n012w8-0,n012w8,0,5,500000,100.0,adaptive,2026-07-02T23:09:42+01:00,2,57,55,0,487818,0.000140,325,325,260,100000,97.56,97.56,1531,186
n012w8-0,n012w8,0,5,500000,100.0,adaptive,2026-07-02T23:09:42+01:00,2,58,56,0,196297,0.440997,310,300,260,100000,39.26,39.26,1531,4651
n012w8-0,n012w8,0,5,500000,100.0,adaptive,2026-07-02T23:09:42+01:00,2,58,56,0,296297,0.027825,310,300,260,100000,59.26,59.26,1531,3119
n012w8-0,n012w8,0,5,500000,100.0,adaptive,2026-07-02T23:09:42+01:00,2,58,56,0,396297,0.001756,310,300,260,100000,79.26,79.26,1531,1588
n012w8-0,n012w8,0,5,500000,100.0,adaptive,2026-07-02T23:09:42+01:00,2,58,56,0,496297,0.000111,310,300,260,100000,99.26,99.26,1531,56
n012w8-0,n012w8,0,5,500000,100.0,adaptive,2026-07-02T23:09:42+01:00,2,61,59,0,195811,0.446959,285,285,260,100000,39.16,39.16,1531,4658
n012w8-0,n012w8,0,5,500000,100.0,adaptive,2026-07-02T23:09:42+01:00,2,61,59,0,295811,0.028201,285,285,260,100000,59.16,59.16,1531,3127
n012w8-0,n012w8,0,5,500000,100.0,adaptive,2026-07-02T23:09:42+01:00,2,61,59,0,395811,0.001779,285,285,260,100000,79.16,79.16,1531,1595
n012w8-0,n012w8,0,5,500000,100.0,adaptive,2026-07-02T23:09:42+01:00,2,61,59,0,495811,0.000112,285,285,260,100000,99.16,99.16,1531,64
n012w8-0,n012w8,0,5,500000,100.0,adaptive,2026-07-02T23:09:42+01:00,2,60,58,0,192418,0.490890,270,270,260,100000,38.48,38.48,1531,4710
n012w8-0,n012w8,0,5,500000,100.0,adaptive,2026-07-02T23:09:42+01:00,2,60,58,0,292418,0.030973,270,270,260,100000,58.48,58.48,1531,3179
n012w8-0,n012w8,0,5,500000,100.0,adaptive,2026-07-02T23:09:42+01:00,2,60,58,0,392418,0.001954,270,270,260,100000,78.48,78.48,1531,1647
n012w8-0,n012w8,0,5,500000,100.0,adaptive,2026-07-02T23:09:42+01:00,2,60,58,0,492418,0.000123,270,270,260,100000,98.48,98.48,1531,116
n012w8-0,n012w8,0,5,500000,100.0,adaptive,2026-07-02T23:09:42+01:00,2,59,57,0,173586,0.825977,330,315,260,100000,34.72,34.72,1531,4999
n012w8-0,n012w8,0,5,500000,100.0,adaptive,2026-07-02T23:09:42+01:00,2,59,57,0,273586,0.052116,330,315,260,100000,54.72,54.72,1531,3467
n012w8-0,n012w8,0,5,500000,100.0,adaptive,2026-07-02T23:09:42+01:00,2,59,57,0,373586,0.003288,330,315,260,100000,74.72,74.72,1531,1936
n012w8-0,n012w8,0,5,500000,100.0,adaptive,2026-07-02T23:09:42+01:00,2,59,57,0,473586,0.000207,330,315,260,100000,94.72,94.72,1531,404
n012w8-0,n012w8,0,5,500000,100.0,adaptive,2026-07-02T23:09:42+01:00,2,62,60,0,150172,1.577379,375,290,260,100000,30.03,30.03,1531,5357
n012w8-0,n012w8,0,5,500000,100.0,adaptive,2026-07-02T23:09:42+01:00,2,62,60,0,250172,0.099526,375,290,260,100000,50.03,50.03,1531,3826
n012w8-0,n012w8,0,5,500000,100.0,adaptive,2026-07-02T23:09:42+01:00,2,62,60,0,350172,0.006280,375,290,260,100000,70.03,70.03,1531,2294
n012w8-0,n012w8,0,5,500000,100.0,adaptive,2026-07-02T23:09:42+01:00,2,62,60,0,450172,0.000396,375,290,260,100000,90.03,90.03,1531,763
n012w8-0,n012w8,0,5,500000,100.0,adaptive,2026-07-02T23:09:42+01:00,2,63,61,0,150172,1.577379,340,285,260,100000,30.03,30.03,1531,5357
n012w8-0,n012w8,0,5,500000,100.0,adaptive,2026-07-02T23:09:42+01:00,2,63,61,0,250172,0.099526,340,285,260,100000,50.03,50.03,1531,3826
n012w8-0,n012w8,0,5,500000,100.0,adaptive,2026-07-02T23:09:42+01:00,2,63,61,0,350172,0.006280,340,285,260,100000,70.03,70.03,1531,2294
n012w8-0,n012w8,0,5,500000,100.0,adaptive,2026-07-02T23:09:42+01:00,2,63,61,0,450172,0.000396,340,285,260,100000,90.03,90.03,1531,763
n012w8-0,n012w8,0,5,500000,100.0,adaptive,2026-07-02T23:09:42+01:00,2,64,62,0,150172,1.577379,280,280,260,100000,30.03,30.03,1531,5357
n012w8-0,n012w8,0,5,500000,100.0,adaptive,2026-07-02T23:09:42+01:00,2,64,62,0,250172,0.099526,280,280,260,100000,50.03,50.03,1531,3826
n012w8-0,n012w8,0,5,500000,100.0,adaptive,2026-07-02T23:09:42+01:00,2,64,62,0,350172,0.006280,280,280,260,100000,70.03,70.03,1531,2294
n012w8-0,n012w8,0,5,500000,100.0,adaptive,2026-07-02T23:09:42+01:00,2,64,62,0,450172,0.000396,280,280,260,100000,90.03,90.03,1531,763
n012w8-0,n012w8,0,5,500000,100.0,adaptive,2026-07-02T23:09:42+01:00,2,65,63,0,150172,1.577379,330,260,260,100000,30.03,30.03,1531,5357
n012w8-0,n012w8,0,5,500000,100.0,adaptive,2026-07-02T23:09:42+01:00,2,65,63,0,250172,0.099526,330,260,260,100000,50.03,50.03,1531,3826
n012w8-0,n012w8,0,5,500000,100.0,adaptive,2026-07-02T23:09:42+01:00,2,65,63,0,350172,0.006280,330,260,260,100000,70.03,70.03,1531,2294
n012w8-0,n012w8,0,5,500000,100.0,adaptive,2026-07-02T23:09:42+01:00,2,65,63,0,450172,0.000396,330,260,260,100000,90.03,90.03,1531,763
n012w8-0,n012w8,0,5,500000,100.0,adaptive,2026-07-02T23:09:42+01:00,3,7,5,0,193859,0.471728,495,495,445,100000,38.77,38.77,1531,4688
n012w8-0,n012w8,0,5,500000,100.0,adaptive,2026-07-02T23:09:42+01:00,3,7,5,0,293859,0.029764,495,495,445,100000,58.77,58.77,1531,3157
n012w8-0,n012w8,0,5,500000,100.0,adaptive,2026-07-02T23:09:42+01:00,3,7,5,0,393859,0.001878,495,495,445,100000,78.77,78.77,1531,1625
n012w8-0,n012w8,0,5,500000,100.0,adaptive,2026-07-02T23:09:42+01:00,3,7,5,0,493859,0.000118,495,495,445,100000,98.77,98.77,1531,94
n012w8-0,n012w8,0,5,500000,100.0,adaptive,2026-07-02T23:09:42+01:00,3,3,1,0,185409,25.118864,715,520,445,100000,37.08,37.08,1531,4818
n012w8-0,n012w8,0,5,500000,100.0,adaptive,2026-07-02T23:09:42+01:00,3,3,1,0,285409,25.118864,995,520,445,100000,57.08,57.08,1531,3286
n012w8-0,n012w8,0,5,500000,100.0,adaptive,2026-07-02T23:09:42+01:00,3,3,1,0,385409,25.118864,950,520,445,100000,77.08,77.08,1531,1755
n012w8-0,n012w8,0,5,500000,100.0,adaptive,2026-07-02T23:09:42+01:00,3,3,1,0,485409,25.118864,905,520,445,100000,97.08,97.08,1531,223
n012w8-0,n012w8,0,5,500000,100.0,adaptive,2026-07-02T23:09:42+01:00,3,2,0,0,184719,25.118864,1020,500,445,100000,36.94,36.94,1531,4828
n012w8-0,n012w8,0,5,500000,100.0,adaptive,2026-07-02T23:09:42+01:00,3,2,0,0,284719,25.118864,1025,500,445,100000,56.94,56.94,1531,3297
n012w8-0,n012w8,0,5,500000,100.0,adaptive,2026-07-02T23:09:42+01:00,3,2,0,0,384719,25.118864,1025,500,445,100000,76.94,76.94,1531,1765
n012w8-0,n012w8,0,5,500000,100.0,adaptive,2026-07-02T23:09:42+01:00,3,2,0,0,484719,25.118864,855,500,445,100000,96.94,96.94,1531,234
n012w8-0,n012w8,0,5,500000,100.0,adaptive,2026-07-02T23:09:42+01:00,3,0,-1,0,193170,25.118864,990,540,445,100000,38.63,38.63,1531,4699
n012w8-0,n012w8,0,5,500000,100.0,adaptive,2026-07-02T23:09:42+01:00,3,0,-1,0,293170,25.118864,985,540,445,100000,58.63,58.63,1531,3167
n012w8-0,n012w8,0,5,500000,100.0,adaptive,2026-07-02T23:09:42+01:00,3,0,-1,0,393170,25.118864,1035,540,445,100000,78.63,78.63,1531,1636
n012w8-0,n012w8,0,5,500000,100.0,adaptive,2026-07-02T23:09:42+01:00,3,0,-1,0,493170,25.118864,900,540,445,100000,98.63,98.63,1531,104
n012w8-0,n012w8,0,5,500000,100.0,adaptive,2026-07-02T23:09:42+01:00,3,4,2,0,181680,25.118864,885,445,445,100000,36.34,36.34,1531,4875
n012w8-0,n012w8,0,5,500000,100.0,adaptive,2026-07-02T23:09:42+01:00,3,4,2,0,281680,25.118864,970,445,445,100000,56.34,56.34,1531,3343
n012w8-0,n012w8,0,5,500000,100.0,adaptive,2026-07-02T23:09:42+01:00,3,4,2,0,381680,25.118864,810,445,445,100000,76.34,76.34,1531,1812
n012w8-0,n012w8,0,5,500000,100.0,adaptive,2026-07-02T23:09:42+01:00,3,4,2,0,481680,25.118864,735,445,445,100000,96.34,96.34,1531,280
n012w8-0,n012w8,0,5,500000,100.0,adaptive,2026-07-02T23:09:42+01:00,3,5,3,0,187160,25.118864,760,455,445,100000,37.43,37.43,1531,4791
n012w8-0,n012w8,0,5,500000,100.0,adaptive,2026-07-02T23:09:42+01:00,3,5,3,0,287160,25.118864,800,455,445,100000,57.43,57.43,1531,3259
n012w8-0,n012w8,0,5,500000,100.0,adaptive,2026-07-02T23:09:42+01:00,3,5,3,0,387160,25.118864,700,455,445,100000,77.43,77.43,1531,1728
n012w8-0,n012w8,0,5,500000,100.0,adaptive,2026-07-02T23:09:42+01:00,3,5,3,0,487160,25.118864,945,455,445,100000,97.43,97.43,1531,196
n012w8-0,n012w8,0,5,500000,100.0,adaptive,2026-07-02T23:09:42+01:00,3,6,4,0,184836,25.118864,780,550,445,100000,36.97,36.97,1531,4827
n012w8-0,n012w8,0,5,500000,100.0,adaptive,2026-07-02T23:09:42+01:00,3,6,4,0,284836,25.118864,960,550,445,100000,56.97,56.97,1531,3295
n012w8-0,n012w8,0,5,500000,100.0,adaptive,2026-07-02T23:09:42+01:00,3,6,4,0,384836,25.118864,1000,550,445,100000,76.97,76.97,1531,1763
n012w8-0,n012w8,0,5,500000,100.0,adaptive,2026-07-02T23:09:42+01:00,3,6,4,0,484836,25.118864,1010,550,445,100000,96.97,96.97,1531,232
n012w8-0,n012w8,0,5,500000,100.0,adaptive,2026-07-02T23:09:42+01:00,3,8,6,0,188772,25.118864,985,500,445,100000,37.75,37.75,1531,4766
n012w8-0,n012w8,0,5,500000,100.0,adaptive,2026-07-02T23:09:42+01:00,3,8,6,0,288772,25.118864,870,500,445,100000,57.75,57.75,1531,3235
n012w8-0,n012w8,0,5,500000,100.0,adaptive,2026-07-02T23:09:42+01:00,3,8,6,0,388772,25.118864,900,500,445,100000,77.75,77.75,1531,1703
n012w8-0,n012w8,0,5,500000,100.0,adaptive,2026-07-02T23:09:42+01:00,3,8,6,0,488772,25.118864,925,500,445,100000,97.75,97.75,1531,171
n012w8-0,n012w8,0,5,500000,100.0,adaptive,2026-07-02T23:09:42+01:00,3,9,7,0,168213,0.958173,475,475,445,100000,33.64,33.64,1531,5081
n012w8-0,n012w8,0,5,500000,100.0,adaptive,2026-07-02T23:09:42+01:00,3,9,7,0,268213,0.060457,475,475,445,100000,53.64,53.64,1531,3550
n012w8-0,n012w8,0,5,500000,100.0,adaptive,2026-07-02T23:09:42+01:00,3,9,7,0,368213,0.003815,475,475,445,100000,73.64,73.64,1531,2018
n012w8-0,n012w8,0,5,500000,100.0,adaptive,2026-07-02T23:09:42+01:00,3,9,7,0,468213,0.000241,475,475,445,100000,93.64,93.64,1531,486
n012w8-0,n012w8,0,5,500000,100.0,adaptive,2026-07-02T23:09:42+01:00,3,10,8,0,193712,0.473648,485,485,445,100000,38.74,38.74,1531,4691
n012w8-0,n012w8,0,5,500000,100.0,adaptive,2026-07-02T23:09:42+01:00,3,10,8,0,293712,0.029885,485,485,445,100000,58.74,58.74,1531,3159
n012w8-0,n012w8,0,5,500000,100.0,adaptive,2026-07-02T23:09:42+01:00,3,10,8,0,393712,0.001886,485,485,445,100000,78.74,78.74,1531,1627
n012w8-0,n012w8,0,5,500000,100.0,adaptive,2026-07-02T23:09:42+01:00,3,10,8,0,493712,0.000119,485,485,445,100000,98.74,98.74,1531,96
n012w8-0,n012w8,0,5,500000,100.0,adaptive,2026-07-02T23:09:42+01:00,3,11,9,0,199674,0.401709,500,500,445,100000,39.93,39.93,1531,4599
n012w8-0,n012w8,0,5,500000,100.0,adaptive,2026-07-02T23:09:42+01:00,3,11,9,0,299674,0.025346,500,500,445,100000,59.93,59.93,1531,3068
n012w8-0,n012w8,0,5,500000,100.0,adaptive,2026-07-02T23:09:42+01:00,3,11,9,0,399674,0.001599,500,500,445,100000,79.93,79.93,1531,1536
n012w8-0,n012w8,0,5,500000,100.0,adaptive,2026-07-02T23:09:42+01:00,3,11,9,0,499674,0.000101,500,500,445,100000,99.93,99.93,1531,4
n012w8-0,n012w8,0,5,500000,100.0,adaptive,2026-07-02T23:09:42+01:00,3,12,10,0,195773,0.447429,475,475,445,100000,39.15,39.15,1531,4659
n012w8-0,n012w8,0,5,500000,100.0,adaptive,2026-07-02T23:09:42+01:00,3,12,10,0,295773,0.028231,475,475,445,100000,59.15,59.15,1531,3127
n012w8-0,n012w8,0,5,500000,100.0,adaptive,2026-07-02T23:09:42+01:00,3,12,10,0,395773,0.001781,475,475,445,100000,79.15,79.15,1531,1596
n012w8-0,n012w8,0,5,500000,100.0,adaptive,2026-07-02T23:09:42+01:00,3,12,10,0,495773,0.000112,475,475,445,100000,99.15,99.15,1531,64
n012w8-0,n012w8,0,5,500000,100.0,adaptive,2026-07-02T23:09:42+01:00,3,13,11,0,187615,0.560557,535,520,445,100000,37.52,37.52,1531,4784
n012w8-0,n012w8,0,5,500000,100.0,adaptive,2026-07-02T23:09:42+01:00,3,13,11,0,287615,0.035369,535,520,445,100000,57.52,57.52,1531,3252
n012w8-0,n012w8,0,5,500000,100.0,adaptive,2026-07-02T23:09:42+01:00,3,13,11,0,387615,0.002232,535,520,445,100000,77.52,77.52,1531,1721
n012w8-0,n012w8,0,5,500000,100.0,adaptive,2026-07-02T23:09:42+01:00,3,13,11,0,487615,0.000141,535,520,445,100000,97.52,97.52,1531,189
n012w8-0,n012w8,0,5,500000,100.0,adaptive,2026-07-02T23:09:42+01:00,3,15,13,0,191219,0.507425,530,530,445,100000,38.24,38.24,1531,4729
n012w8-0,n012w8,0,5,500000,100.0,adaptive,2026-07-02T23:09:42+01:00,3,15,13,0,291219,0.032016,530,530,445,100000,58.24,58.24,1531,3197
n012w8-0,n012w8,0,5,500000,100.0,adaptive,2026-07-02T23:09:42+01:00,3,15,13,0,391219,0.002020,530,530,445,100000,78.24,78.24,1531,1666
n012w8-0,n012w8,0,5,500000,100.0,adaptive,2026-07-02T23:09:42+01:00,3,15,13,0,491219,0.000127,530,530,445,100000,98.24,98.24,1531,134
n012w8-0,n012w8,0,5,500000,100.0,adaptive,2026-07-02T23:09:42+01:00,3,16,14,0,186099,0.584537,500,500,445,100000,37.22,37.22,1531,4807
n012w8-0,n012w8,0,5,500000,100.0,adaptive,2026-07-02T23:09:42+01:00,3,16,14,0,286099,0.036882,500,500,445,100000,57.22,57.22,1531,3276
n012w8-0,n012w8,0,5,500000,100.0,adaptive,2026-07-02T23:09:42+01:00,3,16,14,0,386099,0.002327,500,500,445,100000,77.22,77.22,1531,1744
n012w8-0,n012w8,0,5,500000,100.0,adaptive,2026-07-02T23:09:42+01:00,3,16,14,0,486099,0.000147,500,500,445,100000,97.22,97.22,1531,212
n012w8-0,n012w8,0,5,500000,100.0,adaptive,2026-07-02T23:09:42+01:00,3,14,12,0,184157,0.616760,470,470,445,100000,36.83,36.83,1531,4837
n012w8-0,n012w8,0,5,500000,100.0,adaptive,2026-07-02T23:09:42+01:00,3,14,12,0,284157,0.038915,470,470,445,100000,56.83,56.83,1531,3305
n012w8-0,n012w8,0,5,500000,100.0,adaptive,2026-07-02T23:09:42+01:00,3,14,12,0,384157,0.002455,470,470,445,100000,76.83,76.83,1531,1774
n012w8-0,n012w8,0,5,500000,100.0,adaptive,2026-07-02T23:09:42+01:00,3,14,12,0,484157,0.000155,470,470,445,100000,96.83,96.83,1531,242
n012w8-0,n012w8,0,5,500000,100.0,adaptive,2026-07-02T23:09:42+01:00,3,17,15,0,181260,0.668159,580,535,445,100000,36.25,36.25,1531,4881
n012w8-0,n012w8,0,5,500000,100.0,adaptive,2026-07-02T23:09:42+01:00,3,17,15,0,281260,0.042158,580,535,445,100000,56.25,56.25,1531,3350
n012w8-0,n012w8,0,5,500000,100.0,adaptive,2026-07-02T23:09:42+01:00,3,17,15,0,381260,0.002660,580,535,445,100000,76.25,76.25,1531,1818
n012w8-0,n012w8,0,5,500000,100.0,adaptive,2026-07-02T23:09:42+01:00,3,17,15,0,481260,0.000168,580,535,445,100000,96.25,96.25,1531,287
n012w8-0,n012w8,0,5,500000,100.0,adaptive,2026-07-02T23:09:42+01:00,3,18,16,0,167341,0.981540,530,495,445,100000,33.47,33.47,1531,5095
n012w8-0,n012w8,0,5,500000,100.0,adaptive,2026-07-02T23:09:42+01:00,3,18,16,0,267341,0.061931,530,495,445,100000,53.47,53.47,1531,3563
n012w8-0,n012w8,0,5,500000,100.0,adaptive,2026-07-02T23:09:42+01:00,3,18,16,0,367341,0.003908,530,495,445,100000,73.47,73.47,1531,2031
n012w8-0,n012w8,0,5,500000,100.0,adaptive,2026-07-02T23:09:42+01:00,3,18,16,0,467341,0.000247,530,495,445,100000,93.47,93.47,1531,500
n012w8-0,n012w8,0,5,500000,100.0,adaptive,2026-07-02T23:09:42+01:00,3,22,20,0,210079,0.301337,490,490,445,100000,42.02,42.02,1531,4440
n012w8-0,n012w8,0,5,500000,100.0,adaptive,2026-07-02T23:09:42+01:00,3,22,20,0,310079,0.019013,490,490,445,100000,62.02,62.02,1531,2908
n012w8-0,n012w8,0,5,500000,100.0,adaptive,2026-07-02T23:09:42+01:00,3,22,20,0,410079,0.001200,490,490,445,100000,82.02,82.02,1531,1377
n012w8-0,n012w8,0,5,500000,100.0,adaptive,2026-07-02T23:09:42+01:00,3,21,19,0,175780,0.777392,495,495,445,100000,35.16,35.16,1531,4965
n012w8-0,n012w8,0,5,500000,100.0,adaptive,2026-07-02T23:09:42+01:00,3,21,19,0,275780,0.049050,495,495,445,100000,55.16,55.16,1531,3434
n012w8-0,n012w8,0,5,500000,100.0,adaptive,2026-07-02T23:09:42+01:00,3,21,19,0,375780,0.003095,495,495,445,100000,75.16,75.16,1531,1902
n012w8-0,n012w8,0,5,500000,100.0,adaptive,2026-07-02T23:09:42+01:00,3,21,19,0,475780,0.000195,495,495,445,100000,95.16,95.16,1531,370
n012w8-0,n012w8,0,5,500000,100.0,adaptive,2026-07-02T23:09:42+01:00,3,19,17,0,189914,0.526056,455,455,445,100000,37.98,37.98,1531,4749
n012w8-0,n012w8,0,5,500000,100.0,adaptive,2026-07-02T23:09:42+01:00,3,19,17,0,289914,0.033192,455,455,445,100000,57.98,57.98,1531,3217
n012w8-0,n012w8,0,5,500000,100.0,adaptive,2026-07-02T23:09:42+01:00,3,19,17,0,389914,0.002094,455,455,445,100000,77.98,77.98,1531,1686
n012w8-0,n012w8,0,5,500000,100.0,adaptive,2026-07-02T23:09:42+01:00,3,19,17,0,489914,0.000132,455,455,445,100000,97.98,97.98,1531,154
n012w8-0,n012w8,0,5,500000,100.0,adaptive,2026-07-02T23:09:42+01:00,3,20,18,0,189209,0.536404,480,480,445,100000,37.84,37.84,1531,4760
n012w8-0,n012w8,0,5,500000,100.0,adaptive,2026-07-02T23:09:42+01:00,3,20,18,0,289209,0.033845,480,480,445,100000,57.84,57.84,1531,3228
n012w8-0,n012w8,0,5,500000,100.0,adaptive,2026-07-02T23:09:42+01:00,3,20,18,0,389209,0.002135,480,480,445,100000,77.84,77.84,1531,1696
n012w8-0,n012w8,0,5,500000,100.0,adaptive,2026-07-02T23:09:42+01:00,3,20,18,0,489209,0.000135,480,480,445,100000,97.84,97.84,1531,165
n012w8-0,n012w8,0,5,500000,100.0,adaptive,2026-07-02T23:09:42+01:00,3,24,22,0,166547,1.003312,490,480,445,100000,33.31,33.31,1531,5107
n012w8-0,n012w8,0,5,500000,100.0,adaptive,2026-07-02T23:09:42+01:00,3,24,22,0,266547,0.063305,490,480,445,100000,53.31,53.31,1531,3575
n012w8-0,n012w8,0,5,500000,100.0,adaptive,2026-07-02T23:09:42+01:00,3,24,22,0,366547,0.003994,490,480,445,100000,73.31,73.31,1531,2043
n012w8-0,n012w8,0,5,500000,100.0,adaptive,2026-07-02T23:09:42+01:00,3,24,22,0,466547,0.000252,490,480,445,100000,93.31,93.31,1531,512
n012w8-0,n012w8,0,5,500000,100.0,adaptive,2026-07-02T23:09:42+01:00,3,23,21,0,188485,0.547243,520,490,445,100000,37.70,37.70,1531,4771
n012w8-0,n012w8,0,5,500000,100.0,adaptive,2026-07-02T23:09:42+01:00,3,23,21,0,288485,0.034529,520,490,445,100000,57.70,57.70,1531,3239
n012w8-0,n012w8,0,5,500000,100.0,adaptive,2026-07-02T23:09:42+01:00,3,23,21,0,388485,0.002179,520,490,445,100000,77.70,77.70,1531,1707
n012w8-0,n012w8,0,5,500000,100.0,adaptive,2026-07-02T23:09:42+01:00,3,23,21,0,488485,0.000137,520,490,445,100000,97.70,97.70,1531,176
n012w8-0,n012w8,0,5,500000,100.0,adaptive,2026-07-02T23:09:42+01:00,3,25,23,0,157049,1.304404,530,500,445,100000,31.41,31.41,1531,5252
n012w8-0,n012w8,0,5,500000,100.0,adaptive,2026-07-02T23:09:42+01:00,3,25,23,0,257049,0.082302,530,500,445,100000,51.41,51.41,1531,3721
n012w8-0,n012w8,0,5,500000,100.0,adaptive,2026-07-02T23:09:42+01:00,3,25,23,0,357049,0.005193,530,500,445,100000,71.41,71.41,1531,2189
n012w8-0,n012w8,0,5,500000,100.0,adaptive,2026-07-02T23:09:42+01:00,3,25,23,0,457049,0.000328,530,500,445,100000,91.41,91.41,1531,657
n012w8-0,n012w8,0,5,500000,100.0,adaptive,2026-07-02T23:09:42+01:00,3,26,24,0,184991,0.602709,575,540,445,100000,37.00,37.00,1531,4824
n012w8-0,n012w8,0,5,500000,100.0,adaptive,2026-07-02T23:09:42+01:00,3,26,24,0,284991,0.038028,575,540,445,100000,57.00,57.00,1531,3293
n012w8-0,n012w8,0,5,500000,100.0,adaptive,2026-07-02T23:09:42+01:00,3,26,24,0,384991,0.002399,575,540,445,100000,77.00,77.00,1531,1761
n012w8-0,n012w8,0,5,500000,100.0,adaptive,2026-07-02T23:09:42+01:00,3,26,24,0,484991,0.000151,575,540,445,100000,97.00,97.00,1531,229
n012w8-0,n012w8,0,5,500000,100.0,adaptive,2026-07-02T23:09:42+01:00,3,27,25,0,179732,0.696973,485,485,445,100000,35.95,35.95,1531,4905
n012w8-0,n012w8,0,5,500000,100.0,adaptive,2026-07-02T23:09:42+01:00,3,27,25,0,279732,0.043976,485,485,445,100000,55.95,55.95,1531,3373
n012w8-0,n012w8,0,5,500000,100.0,adaptive,2026-07-02T23:09:42+01:00,3,27,25,0,379732,0.002775,485,485,445,100000,75.95,75.95,1531,1842
n012w8-0,n012w8,0,5,500000,100.0,adaptive,2026-07-02T23:09:42+01:00,3,27,25,0,479732,0.000175,485,485,445,100000,95.95,95.95,1531,310
n012w8-0,n012w8,0,5,500000,100.0,adaptive,2026-07-02T23:09:42+01:00,3,30,28,0,202616,0.370346,505,505,445,100000,40.52,40.52,1531,4554
n012w8-0,n012w8,0,5,500000,100.0,adaptive,2026-07-02T23:09:42+01:00,3,30,28,0,302616,0.023367,505,505,445,100000,60.52,60.52,1531,3023
n012w8-0,n012w8,0,5,500000,100.0,adaptive,2026-07-02T23:09:42+01:00,3,30,28,0,402616,0.001474,505,505,445,100000,80.52,80.52,1531,1491
n012w8-0,n012w8,0,5,500000,100.0,adaptive,2026-07-02T23:09:42+01:00,3,29,27,0,173828,0.820472,535,505,445,100000,34.77,34.77,1531,4995
n012w8-0,n012w8,0,5,500000,100.0,adaptive,2026-07-02T23:09:42+01:00,3,29,27,0,273828,0.051768,535,505,445,100000,54.77,54.77,1531,3464
n012w8-0,n012w8,0,5,500000,100.0,adaptive,2026-07-02T23:09:42+01:00,3,29,27,0,373828,0.003266,535,505,445,100000,74.77,74.77,1531,1932
n012w8-0,n012w8,0,5,500000,100.0,adaptive,2026-07-02T23:09:42+01:00,3,29,27,0,473828,0.000206,535,505,445,100000,94.77,94.77,1531,400
n012w8-0,n012w8,0,5,500000,100.0,adaptive,2026-07-02T23:09:42+01:00,3,28,26,0,186954,0.570889,510,495,445,100000,37.39,37.39,1531,4794
n012w8-0,n012w8,0,5,500000,100.0,adaptive,2026-07-02T23:09:42+01:00,3,28,26,0,286954,0.036021,510,495,445,100000,57.39,57.39,1531,3263
n012w8-0,n012w8,0,5,500000,100.0,adaptive,2026-07-02T23:09:42+01:00,3,28,26,0,386954,0.002273,510,495,445,100000,77.39,77.39,1531,1731
n012w8-0,n012w8,0,5,500000,100.0,adaptive,2026-07-02T23:09:42+01:00,3,28,26,0,486954,0.000143,510,495,445,100000,97.39,97.39,1531,199
n012w8-0,n012w8,0,5,500000,100.0,adaptive,2026-07-02T23:09:42+01:00,3,31,29,0,174201,0.812060,505,490,445,100000,34.84,34.84,1531,4989
n012w8-0,n012w8,0,5,500000,100.0,adaptive,2026-07-02T23:09:42+01:00,3,31,29,0,274201,0.051238,505,490,445,100000,54.84,54.84,1531,3458
n012w8-0,n012w8,0,5,500000,100.0,adaptive,2026-07-02T23:09:42+01:00,3,31,29,0,374201,0.003233,505,490,445,100000,74.84,74.84,1531,1926
n012w8-0,n012w8,0,5,500000,100.0,adaptive,2026-07-02T23:09:42+01:00,3,31,29,0,474201,0.000204,505,490,445,100000,94.84,94.84,1531,395
n012w8-0,n012w8,0,5,500000,100.0,adaptive,2026-07-02T23:09:42+01:00,3,32,30,0,173465,0.828743,530,490,445,100000,34.69,34.69,1531,5001
n012w8-0,n012w8,0,5,500000,100.0,adaptive,2026-07-02T23:09:42+01:00,3,32,30,0,273465,0.052290,530,490,445,100000,54.69,54.69,1531,3469
n012w8-0,n012w8,0,5,500000,100.0,adaptive,2026-07-02T23:09:42+01:00,3,32,30,0,373465,0.003299,530,490,445,100000,74.69,74.69,1531,1938
n012w8-0,n012w8,0,5,500000,100.0,adaptive,2026-07-02T23:09:42+01:00,3,32,30,0,473465,0.000208,530,490,445,100000,94.69,94.69,1531,406
n012w8-0,n012w8,0,5,500000,100.0,adaptive,2026-07-02T23:09:42+01:00,3,33,31,0,202271,0.373894,475,475,445,100000,40.45,40.45,1531,4560
n012w8-0,n012w8,0,5,500000,100.0,adaptive,2026-07-02T23:09:42+01:00,3,33,31,0,302271,0.023591,475,475,445,100000,60.45,60.45,1531,3028
n012w8-0,n012w8,0,5,500000,100.0,adaptive,2026-07-02T23:09:42+01:00,3,33,31,0,402271,0.001488,475,475,445,100000,80.45,80.45,1531,1496
n012w8-0,n012w8,0,5,500000,100.0,adaptive,2026-07-02T23:09:42+01:00,3,34,32,0,186742,0.574243,530,530,445,100000,37.35,37.35,1531,4797
n012w8-0,n012w8,0,5,500000,100.0,adaptive,2026-07-02T23:09:42+01:00,3,34,32,0,286742,0.036232,530,530,445,100000,57.35,57.35,1531,3266
n012w8-0,n012w8,0,5,500000,100.0,adaptive,2026-07-02T23:09:42+01:00,3,34,32,0,386742,0.002286,530,530,445,100000,77.35,77.35,1531,1734
n012w8-0,n012w8,0,5,500000,100.0,adaptive,2026-07-02T23:09:42+01:00,3,34,32,0,486742,0.000144,530,530,445,100000,97.35,97.35,1531,203
n012w8-0,n012w8,0,5,500000,100.0,adaptive,2026-07-02T23:09:42+01:00,3,35,33,0,164652,1.057246,515,500,445,100000,32.93,32.93,1531,5136
n012w8-0,n012w8,0,5,500000,100.0,adaptive,2026-07-02T23:09:42+01:00,3,35,33,0,264652,0.066708,515,500,445,100000,52.93,52.93,1531,3604
n012w8-0,n012w8,0,5,500000,100.0,adaptive,2026-07-02T23:09:42+01:00,3,35,33,0,364652,0.004209,515,500,445,100000,72.93,72.93,1531,2072
n012w8-0,n012w8,0,5,500000,100.0,adaptive,2026-07-02T23:09:42+01:00,3,35,33,0,464652,0.000266,515,500,445,100000,92.93,92.93,1531,541
n012w8-0,n012w8,0,5,500000,100.0,adaptive,2026-07-02T23:09:42+01:00,3,38,36,0,199105,0.408075,540,540,445,100000,39.82,39.82,1531,4608
n012w8-0,n012w8,0,5,500000,100.0,adaptive,2026-07-02T23:09:42+01:00,3,38,36,0,299105,0.025748,540,540,445,100000,59.82,59.82,1531,3076
n012w8-0,n012w8,0,5,500000,100.0,adaptive,2026-07-02T23:09:42+01:00,3,38,36,0,399105,0.001625,540,540,445,100000,79.82,79.82,1531,1545
n012w8-0,n012w8,0,5,500000,100.0,adaptive,2026-07-02T23:09:42+01:00,3,38,36,0,499105,0.000103,540,540,445,100000,99.82,99.82,1531,13
n012w8-0,n012w8,0,5,500000,100.0,adaptive,2026-07-02T23:09:42+01:00,3,37,35,0,185982,0.586430,505,490,445,100000,37.20,37.20,1531,4809
n012w8-0,n012w8,0,5,500000,100.0,adaptive,2026-07-02T23:09:42+01:00,3,37,35,0,285982,0.037001,505,490,445,100000,57.20,57.20,1531,3277
n012w8-0,n012w8,0,5,500000,100.0,adaptive,2026-07-02T23:09:42+01:00,3,37,35,0,385982,0.002335,505,490,445,100000,77.20,77.20,1531,1746
n012w8-0,n012w8,0,5,500000,100.0,adaptive,2026-07-02T23:09:42+01:00,3,37,35,0,485982,0.000147,505,490,445,100000,97.20,97.20,1531,214
n012w8-0,n012w8,0,5,500000,100.0,adaptive,2026-07-02T23:09:42+01:00,3,36,34,0,172871,0.842457,535,490,445,100000,34.57,34.57,1531,5010
n012w8-0,n012w8,0,5,500000,100.0,adaptive,2026-07-02T23:09:42+01:00,3,36,34,0,272871,0.053155,535,490,445,100000,54.57,54.57,1531,3478
n012w8-0,n012w8,0,5,500000,100.0,adaptive,2026-07-02T23:09:42+01:00,3,36,34,0,372871,0.003354,535,490,445,100000,74.57,74.57,1531,1947
n012w8-0,n012w8,0,5,500000,100.0,adaptive,2026-07-02T23:09:42+01:00,3,36,34,0,472871,0.000212,535,490,445,100000,94.57,94.57,1531,415
n012w8-0,n012w8,0,5,500000,100.0,adaptive,2026-07-02T23:09:42+01:00,3,39,37,0,203163,0.364791,445,445,445,100000,40.63,40.63,1531,4546
n012w8-0,n012w8,0,5,500000,100.0,adaptive,2026-07-02T23:09:42+01:00,3,39,37,0,303163,0.023017,445,445,445,100000,60.63,60.63,1531,3014
n012w8-0,n012w8,0,5,500000,100.0,adaptive,2026-07-02T23:09:42+01:00,3,39,37,0,403163,0.001452,445,445,445,100000,80.63,80.63,1531,1483
n012w8-0,n012w8,0,5,500000,100.0,adaptive,2026-07-02T23:09:42+01:00,3,40,38,0,196562,0.437780,500,500,445,100000,39.31,39.31,1531,4647
n012w8-0,n012w8,0,5,500000,100.0,adaptive,2026-07-02T23:09:42+01:00,3,40,38,0,296562,0.027622,500,500,445,100000,59.31,59.31,1531,3115
n012w8-0,n012w8,0,5,500000,100.0,adaptive,2026-07-02T23:09:42+01:00,3,40,38,0,396562,0.001743,500,500,445,100000,79.31,79.31,1531,1584
n012w8-0,n012w8,0,5,500000,100.0,adaptive,2026-07-02T23:09:42+01:00,3,40,38,0,496562,0.000110,500,500,445,100000,99.31,99.31,1531,52
n012w8-0,n012w8,0,5,500000,100.0,adaptive,2026-07-02T23:09:42+01:00,3,41,39,0,195842,0.446577,470,470,445,100000,39.17,39.17,1531,4658
n012w8-0,n012w8,0,5,500000,100.0,adaptive,2026-07-02T23:09:42+01:00,3,41,39,0,295842,0.028177,470,470,445,100000,59.17,59.17,1531,3126
n012w8-0,n012w8,0,5,500000,100.0,adaptive,2026-07-02T23:09:42+01:00,3,41,39,0,395842,0.001778,470,470,445,100000,79.17,79.17,1531,1595
n012w8-0,n012w8,0,5,500000,100.0,adaptive,2026-07-02T23:09:42+01:00,3,41,39,0,495842,0.000112,470,470,445,100000,99.17,99.17,1531,63
n012w8-0,n012w8,0,5,500000,100.0,adaptive,2026-07-02T23:09:42+01:00,3,42,40,0,180557,0.681265,505,505,445,100000,36.11,36.11,1531,4892
n012w8-0,n012w8,0,5,500000,100.0,adaptive,2026-07-02T23:09:42+01:00,3,42,40,0,280557,0.042985,505,505,445,100000,56.11,56.11,1531,3360
n012w8-0,n012w8,0,5,500000,100.0,adaptive,2026-07-02T23:09:42+01:00,3,42,40,0,380557,0.002712,505,505,445,100000,76.11,76.11,1531,1829
n012w8-0,n012w8,0,5,500000,100.0,adaptive,2026-07-02T23:09:42+01:00,3,42,40,0,480557,0.000171,505,505,445,100000,96.11,96.11,1531,297
n012w8-0,n012w8,0,5,500000,100.0,adaptive,2026-07-02T23:09:42+01:00,3,43,41,0,172872,0.842434,520,490,445,100000,34.57,34.57,1531,5010
n012w8-0,n012w8,0,5,500000,100.0,adaptive,2026-07-02T23:09:42+01:00,3,43,41,0,272872,0.053154,520,490,445,100000,54.57,54.57,1531,3478
n012w8-0,n012w8,0,5,500000,100.0,adaptive,2026-07-02T23:09:42+01:00,3,43,41,0,372872,0.003354,520,490,445,100000,74.57,74.57,1531,1947
n012w8-0,n012w8,0,5,500000,100.0,adaptive,2026-07-02T23:09:42+01:00,3,43,41,0,472872,0.000212,520,490,445,100000,94.57,94.57,1531,415
n012w8-0,n012w8,0,5,500000,100.0,adaptive,2026-07-02T23:09:42+01:00,3,44,42,0,200669,0.390816,535,535,445,100000,40.13,40.13,1531,4584
n012w8-0,n012w8,0,5,500000,100.0,adaptive,2026-07-02T23:09:42+01:00,3,44,42,0,300669,0.024659,535,535,445,100000,60.13,60.13,1531,3052
n012w8-0,n012w8,0,5,500000,100.0,adaptive,2026-07-02T23:09:42+01:00,3,44,42,0,400669,0.001556,535,535,445,100000,80.13,80.13,1531,1521
n012w8-0,n012w8,0,5,500000,100.0,adaptive,2026-07-02T23:09:42+01:00,3,46,44,0,192367,0.491582,475,475,445,100000,38.47,38.47,1531,4711
n012w8-0,n012w8,0,5,500000,100.0,adaptive,2026-07-02T23:09:42+01:00,3,46,44,0,292367,0.031017,475,475,445,100000,58.47,58.47,1531,3180
n012w8-0,n012w8,0,5,500000,100.0,adaptive,2026-07-02T23:09:42+01:00,3,46,44,0,392367,0.001957,475,475,445,100000,78.47,78.47,1531,1648
n012w8-0,n012w8,0,5,500000,100.0,adaptive,2026-07-02T23:09:42+01:00,3,46,44,0,492367,0.000123,475,475,445,100000,98.47,98.47,1531,116
n012w8-0,n012w8,0,5,500000,100.0,adaptive,2026-07-02T23:09:42+01:00,3,45,43,0,185864,0.588345,505,480,445,100000,37.17,37.17,1531,4811
n012w8-0,n012w8,0,5,500000,100.0,adaptive,2026-07-02T23:09:42+01:00,3,45,43,0,285864,0.037122,505,480,445,100000,57.17,57.17,1531,3279
n012w8-0,n012w8,0,5,500000,100.0,adaptive,2026-07-02T23:09:42+01:00,3,45,43,0,385864,0.002342,505,480,445,100000,77.17,77.17,1531,1748
n012w8-0,n012w8,0,5,500000,100.0,adaptive,2026-07-02T23:09:42+01:00,3,45,43,0,485864,0.000148,505,480,445,100000,97.17,97.17,1531,216
n012w8-0,n012w8,0,5,500000,100.0,adaptive,2026-07-02T23:09:42+01:00,3,47,45,0,229999,0.173785,510,510,445,100000,46.00,46.00,1531,4135
n012w8-0,n012w8,0,5,500000,100.0,adaptive,2026-07-02T23:09:42+01:00,3,47,45,0,329999,0.010965,510,510,445,100000,66.00,66.00,1531,2603
n012w8-0,n012w8,0,5,500000,100.0,adaptive,2026-07-02T23:09:42+01:00,3,47,45,0,429999,0.000692,510,510,445,100000,86.00,86.00,1531,1072
n012w8-0,n012w8,0,5,500000,100.0,adaptive,2026-07-02T23:09:42+01:00,3,48,46,0,199560,0.402977,465,465,445,100000,39.91,39.91,1531,4601
n012w8-0,n012w8,0,5,500000,100.0,adaptive,2026-07-02T23:09:42+01:00,3,48,46,0,299560,0.025426,465,465,445,100000,59.91,59.91,1531,3069
n012w8-0,n012w8,0,5,500000,100.0,adaptive,2026-07-02T23:09:42+01:00,3,48,46,0,399560,0.001604,465,465,445,100000,79.91,79.91,1531,1538
n012w8-0,n012w8,0,5,500000,100.0,adaptive,2026-07-02T23:09:42+01:00,3,48,46,0,499560,0.000101,465,465,445,100000,99.91,99.91,1531,6
n012w8-0,n012w8,0,5,500000,100.0,adaptive,2026-07-02T23:09:42+01:00,3,49,47,0,183868,0.621704,485,485,445,100000,36.77,36.77,1531,4841
n012w8-0,n012w8,0,5,500000,100.0,adaptive,2026-07-02T23:09:42+01:00,3,49,47,0,283868,0.039227,485,485,445,100000,56.77,56.77,1531,3310
n012w8-0,n012w8,0,5,500000,100.0,adaptive,2026-07-02T23:09:42+01:00,3,49,47,0,383868,0.002475,485,485,445,100000,76.77,76.77,1531,1778
n012w8-0,n012w8,0,5,500000,100.0,adaptive,2026-07-02T23:09:42+01:00,3,49,47,0,483868,0.000156,485,485,445,100000,96.77,96.77,1531,247
n012w8-0,n012w8,0,5,500000,100.0,adaptive,2026-07-02T23:09:42+01:00,3,50,48,0,203281,0.363603,475,475,445,100000,40.66,40.66,1531,4544
n012w8-0,n012w8,0,5,500000,100.0,adaptive,2026-07-02T23:09:42+01:00,3,50,48,0,303281,0.022942,475,475,445,100000,60.66,60.66,1531,3012
n012w8-0,n012w8,0,5,500000,100.0,adaptive,2026-07-02T23:09:42+01:00,3,50,48,0,403281,0.001448,475,475,445,100000,80.66,80.66,1531,1481
n012w8-0,n012w8,0,5,500000,100.0,adaptive,2026-07-02T23:09:42+01:00,3,51,49,0,187532,0.561844,490,470,445,100000,37.51,37.51,1531,4785
n012w8-0,n012w8,0,5,500000,100.0,adaptive,2026-07-02T23:09:42+01:00,3,51,49,0,287532,0.035450,490,470,445,100000,57.51,57.51,1531,3254
n012w8-0,n012w8,0,5,500000,100.0,adaptive,2026-07-02T23:09:42+01:00,3,51,49,0,387532,0.002237,490,470,445,100000,77.51,77.51,1531,1722
n012w8-0,n012w8,0,5,500000,100.0,adaptive,2026-07-02T23:09:42+01:00,3,51,49,0,487532,0.000141,490,470,445,100000,97.51,97.51,1531,190
n012w8-0,n012w8,0,5,500000,100.0,adaptive,2026-07-02T23:09:42+01:00,3,52,50,0,187328,0.565020,490,475,445,100000,37.47,37.47,1531,4788
n012w8-0,n012w8,0,5,500000,100.0,adaptive,2026-07-02T23:09:42+01:00,3,52,50,0,287328,0.035650,490,475,445,100000,57.47,57.47,1531,3257
n012w8-0,n012w8,0,5,500000,100.0,adaptive,2026-07-02T23:09:42+01:00,3,52,50,0,387328,0.002249,490,475,445,100000,77.47,77.47,1531,1725
n012w8-0,n012w8,0,5,500000,100.0,adaptive,2026-07-02T23:09:42+01:00,3,52,50,0,487328,0.000142,490,475,445,100000,97.47,97.47,1531,194
n012w8-0,n012w8,0,5,500000,100.0,adaptive,2026-07-02T23:09:42+01:00,3,53,51,0,189352,0.534289,530,530,445,100000,37.87,37.87,1531,4757
n012w8-0,n012w8,0,5,500000,100.0,adaptive,2026-07-02T23:09:42+01:00,3,53,51,0,289352,0.033711,530,530,445,100000,57.87,57.87,1531,3226
n012w8-0,n012w8,0,5,500000,100.0,adaptive,2026-07-02T23:09:42+01:00,3,53,51,0,389352,0.002127,530,530,445,100000,77.87,77.87,1531,1694
n012w8-0,n012w8,0,5,500000,100.0,adaptive,2026-07-02T23:09:42+01:00,3,53,51,0,489352,0.000134,530,530,445,100000,97.87,97.87,1531,163
n012w8-0,n012w8,0,5,500000,100.0,adaptive,2026-07-02T23:09:42+01:00,3,55,53,0,182486,0.645904,500,495,445,100000,36.50,36.50,1531,4863
n012w8-0,n012w8,0,5,500000,100.0,adaptive,2026-07-02T23:09:42+01:00,3,55,53,0,282486,0.040754,500,495,445,100000,56.50,56.50,1531,3331
n012w8-0,n012w8,0,5,500000,100.0,adaptive,2026-07-02T23:09:42+01:00,3,55,53,0,382486,0.002571,500,495,445,100000,76.50,76.50,1531,1799
n012w8-0,n012w8,0,5,500000,100.0,adaptive,2026-07-02T23:09:42+01:00,3,55,53,0,482486,0.000162,500,495,445,100000,96.50,96.50,1531,268
n012w8-0,n012w8,0,5,500000,100.0,adaptive,2026-07-02T23:09:42+01:00,3,54,52,0,198267,0.417634,490,490,445,100000,39.65,39.65,1531,4621
n012w8-0,n012w8,0,5,500000,100.0,adaptive,2026-07-02T23:09:42+01:00,3,54,52,0,298267,0.026351,490,490,445,100000,59.65,59.65,1531,3089
n012w8-0,n012w8,0,5,500000,100.0,adaptive,2026-07-02T23:09:42+01:00,3,54,52,0,398267,0.001663,490,490,445,100000,79.65,79.65,1531,1558
n012w8-0,n012w8,0,5,500000,100.0,adaptive,2026-07-02T23:09:42+01:00,3,54,52,0,498267,0.000105,490,490,445,100000,99.65,99.65,1531,26
n012w8-0,n012w8,0,5,500000,100.0,adaptive,2026-07-02T23:09:42+01:00,3,56,54,0,193064,0.482205,555,540,445,100000,38.61,38.61,1531,4701
n012w8-0,n012w8,0,5,500000,100.0,adaptive,2026-07-02T23:09:42+01:00,3,56,54,0,293064,0.030425,540,540,445,100000,58.61,58.61,1531,3169
n012w8-0,n012w8,0,5,500000,100.0,adaptive,2026-07-02T23:09:42+01:00,3,56,54,0,393064,0.001920,540,540,445,100000,78.61,78.61,1531,1637
n012w8-0,n012w8,0,5,500000,100.0,adaptive,2026-07-02T23:09:42+01:00,3,56,54,0,493064,0.000121,540,540,445,100000,98.61,98.61,1531,106
n012w8-0,n012w8,0,5,500000,100.0,adaptive,2026-07-02T23:09:42+01:00,3,57,55,0,191020,0.510223,535,535,445,100000,38.20,38.20,1531,4732
n012w8-0,n012w8,0,5,500000,100.0,adaptive,2026-07-02T23:09:42+01:00,3,57,55,0,291020,0.032193,535,535,445,100000,58.20,58.20,1531,3200
n012w8-0,n012w8,0,5,500000,100.0,adaptive,2026-07-02T23:09:42+01:00,3,57,55,0,391020,0.002031,535,535,445,100000,78.20,78.20,1531,1669
n012w8-0,n012w8,0,5,500000,100.0,adaptive,2026-07-02T23:09:42+01:00,3,57,55,0,491020,0.000128,535,535,445,100000,98.20,98.20,1531,137
n012w8-0,n012w8,0,5,500000,100.0,adaptive,2026-07-02T23:09:42+01:00,3,59,57,0,228242,0.182430,505,505,445,100000,45.65,45.65,1531,4162
n012w8-0,n012w8,0,5,500000,100.0,adaptive,2026-07-02T23:09:42+01:00,3,59,57,0,328242,0.011511,505,505,445,100000,65.65,65.65,1531,2630
n012w8-0,n012w8,0,5,500000,100.0,adaptive,2026-07-02T23:09:42+01:00,3,59,57,0,428242,0.000726,505,505,445,100000,85.65,85.65,1531,1099
n012w8-0,n012w8,0,5,500000,100.0,adaptive,2026-07-02T23:09:42+01:00,3,58,56,0,193196,0.480450,530,530,445,100000,38.64,38.64,1531,4699
n012w8-0,n012w8,0,5,500000,100.0,adaptive,2026-07-02T23:09:42+01:00,3,58,56,0,293196,0.030314,530,530,445,100000,58.64,58.64,1531,3167
n012w8-0,n012w8,0,5,500000,100.0,adaptive,2026-07-02T23:09:42+01:00,3,58,56,0,393196,0.001913,530,530,445,100000,78.64,78.64,1531,1635
n012w8-0,n012w8,0,5,500000,100.0,adaptive,2026-07-02T23:09:42+01:00,3,58,56,0,493196,0.000121,530,530,445,100000,98.64,98.64,1531,104
n012w8-0,n012w8,0,5,500000,100.0,adaptive,2026-07-02T23:09:42+01:00,3,62,60,0,188215,0.551341,470,455,445,100000,37.64,37.64,1531,4775
n012w8-0,n012w8,0,5,500000,100.0,adaptive,2026-07-02T23:09:42+01:00,3,62,60,0,288215,0.034787,470,455,445,100000,57.64,57.64,1531,3243
n012w8-0,n012w8,0,5,500000,100.0,adaptive,2026-07-02T23:09:42+01:00,3,62,60,0,388215,0.002195,470,455,445,100000,77.64,77.64,1531,1712
n012w8-0,n012w8,0,5,500000,100.0,adaptive,2026-07-02T23:09:42+01:00,3,62,60,0,488215,0.000138,470,455,445,100000,97.64,97.64,1531,180
n012w8-0,n012w8,0,5,500000,100.0,adaptive,2026-07-02T23:09:42+01:00,3,61,59,0,196012,0.444484,490,490,445,100000,39.20,39.20,1531,4655
n012w8-0,n012w8,0,5,500000,100.0,adaptive,2026-07-02T23:09:42+01:00,3,61,59,0,296012,0.028045,490,490,445,100000,59.20,59.20,1531,3124
n012w8-0,n012w8,0,5,500000,100.0,adaptive,2026-07-02T23:09:42+01:00,3,61,59,0,396012,0.001770,490,490,445,100000,79.20,79.20,1531,1592
n012w8-0,n012w8,0,5,500000,100.0,adaptive,2026-07-02T23:09:42+01:00,3,61,59,0,496012,0.000112,490,490,445,100000,99.20,99.20,1531,61
n012w8-0,n012w8,0,5,500000,100.0,adaptive,2026-07-02T23:09:42+01:00,3,60,58,0,178309,0.724923,510,500,445,100000,35.66,35.66,1531,4927
n012w8-0,n012w8,0,5,500000,100.0,adaptive,2026-07-02T23:09:42+01:00,3,60,58,0,278309,0.045740,510,500,445,100000,55.66,55.66,1531,3395
n012w8-0,n012w8,0,5,500000,100.0,adaptive,2026-07-02T23:09:42+01:00,3,60,58,0,378309,0.002886,510,500,445,100000,75.66,75.66,1531,1863
n012w8-0,n012w8,0,5,500000,100.0,adaptive,2026-07-02T23:09:42+01:00,3,60,58,0,478309,0.000182,510,500,445,100000,95.66,95.66,1531,332
n012w8-0,n012w8,0,5,500000,100.0,adaptive,2026-07-02T23:09:42+01:00,3,63,61,0,165068,1.045163,530,505,445,100000,33.01,33.01,1531,5129
n012w8-0,n012w8,0,5,500000,100.0,adaptive,2026-07-02T23:09:42+01:00,3,63,61,0,265068,0.065945,530,505,445,100000,53.01,53.01,1531,3598
n012w8-0,n012w8,0,5,500000,100.0,adaptive,2026-07-02T23:09:42+01:00,3,63,61,0,365068,0.004161,530,505,445,100000,73.01,73.01,1531,2066
n012w8-0,n012w8,0,5,500000,100.0,adaptive,2026-07-02T23:09:42+01:00,3,63,61,0,465068,0.000263,530,505,445,100000,93.01,93.01,1531,535
n012w8-0,n012w8,0,5,500000,100.0,adaptive,2026-07-02T23:09:42+01:00,3,64,62,0,183615,0.626066,500,475,445,100000,36.72,36.72,1531,4845
n012w8-0,n012w8,0,5,500000,100.0,adaptive,2026-07-02T23:09:42+01:00,3,64,62,0,283615,0.039502,500,475,445,100000,56.72,56.72,1531,3314
n012w8-0,n012w8,0,5,500000,100.0,adaptive,2026-07-02T23:09:42+01:00,3,64,62,0,383615,0.002492,500,475,445,100000,76.72,76.72,1531,1782
n012w8-0,n012w8,0,5,500000,100.0,adaptive,2026-07-02T23:09:42+01:00,3,64,62,0,483615,0.000157,500,475,445,100000,96.72,96.72,1531,250
n012w8-0,n012w8,0,5,500000,100.0,adaptive,2026-07-02T23:09:42+01:00,3,65,63,0,172152,0.859362,535,485,445,100000,34.43,34.43,1531,5021
n012w8-0,n012w8,0,5,500000,100.0,adaptive,2026-07-02T23:09:42+01:00,3,65,63,0,272152,0.054222,535,485,445,100000,54.43,54.43,1531,3489
n012w8-0,n012w8,0,5,500000,100.0,adaptive,2026-07-02T23:09:42+01:00,3,65,63,0,372152,0.003421,535,485,445,100000,74.43,74.43,1531,1958
n012w8-0,n012w8,0,5,500000,100.0,adaptive,2026-07-02T23:09:42+01:00,3,65,63,0,472152,0.000216,535,485,445,100000,94.43,94.43,1531,426
n012w8-0,n012w8,0,5,500000,100.0,adaptive,2026-07-02T23:09:42+01:00,3,67,65,0,206043,0.336887,510,510,445,100000,41.21,41.21,1531,4502
n012w8-0,n012w8,0,5,500000,100.0,adaptive,2026-07-02T23:09:42+01:00,3,67,65,0,306043,0.021256,510,510,445,100000,61.21,61.21,1531,2970
n012w8-0,n012w8,0,5,500000,100.0,adaptive,2026-07-02T23:09:42+01:00,3,67,65,0,406043,0.001341,510,510,445,100000,81.21,81.21,1531,1439
n012w8-0,n012w8,0,5,500000,100.0,adaptive,2026-07-02T23:09:42+01:00,3,66,64,0,151882,1.504582,545,520,445,100000,30.38,30.38,1531,5331
n012w8-0,n012w8,0,5,500000,100.0,adaptive,2026-07-02T23:09:42+01:00,3,66,64,0,251882,0.094933,545,520,445,100000,50.38,50.38,1531,3800
n012w8-0,n012w8,0,5,500000,100.0,adaptive,2026-07-02T23:09:42+01:00,3,66,64,0,351882,0.005990,545,520,445,100000,70.38,70.38,1531,2268
n012w8-0,n012w8,0,5,500000,100.0,adaptive,2026-07-02T23:09:42+01:00,3,66,64,0,451882,0.000378,545,520,445,100000,90.38,90.38,1531,736
n012w8-0,n012w8,0,5,500000,100.0,adaptive,2026-07-02T23:09:42+01:00,3,69,67,0,184473,0.611398,460,445,445,100000,36.89,36.89,1531,4832
n012w8-0,n012w8,0,5,500000,100.0,adaptive,2026-07-02T23:09:42+01:00,3,69,67,0,284473,0.038577,460,445,445,100000,56.89,56.89,1531,3301
n012w8-0,n012w8,0,5,500000,100.0,adaptive,2026-07-02T23:09:42+01:00,3,69,67,0,384473,0.002434,460,445,445,100000,76.89,76.89,1531,1769
n012w8-0,n012w8,0,5,500000,100.0,adaptive,2026-07-02T23:09:42+01:00,3,69,67,0,484473,0.000154,460,445,445,100000,96.89,96.89,1531,237
n012w8-0,n012w8,0,5,500000,100.0,adaptive,2026-07-02T23:09:42+01:00,3,68,66,0,165761,1.025340,575,525,445,100000,33.15,33.15,1531,5119
n012w8-0,n012w8,0,5,500000,100.0,adaptive,2026-07-02T23:09:42+01:00,3,68,66,0,265761,0.064695,575,525,445,100000,53.15,53.15,1531,3587
n012w8-0,n012w8,0,5,500000,100.0,adaptive,2026-07-02T23:09:42+01:00,3,68,66,0,365761,0.004082,575,525,445,100000,73.15,73.15,1531,2056
n012w8-0,n012w8,0,5,500000,100.0,adaptive,2026-07-02T23:09:42+01:00,3,68,66,0,465761,0.000258,575,525,445,100000,93.15,93.15,1531,524
n012w8-0,n012w8,0,5,500000,100.0,adaptive,2026-07-02T23:09:42+01:00,3,70,68,0,207872,0.320285,445,445,445,100000,41.57,41.57,1531,4474
n012w8-0,n012w8,0,5,500000,100.0,adaptive,2026-07-02T23:09:42+01:00,3,70,68,0,307872,0.020209,445,445,445,100000,61.57,61.57,1531,2942
n012w8-0,n012w8,0,5,500000,100.0,adaptive,2026-07-02T23:09:42+01:00,3,70,68,0,407872,0.001275,445,445,445,100000,81.57,81.57,1531,1411
n012w8-0,n012w8,0,5,500000,100.0,adaptive,2026-07-02T23:09:42+01:00,3,71,69,0,180174,0.688513,470,470,445,100000,36.03,36.03,1531,4898
n012w8-0,n012w8,0,5,500000,100.0,adaptive,2026-07-02T23:09:42+01:00,3,71,69,0,280174,0.043442,470,470,445,100000,56.03,56.03,1531,3366
n012w8-0,n012w8,0,5,500000,100.0,adaptive,2026-07-02T23:09:42+01:00,3,71,69,0,380174,0.002741,470,470,445,100000,76.03,76.03,1531,1835
n012w8-0,n012w8,0,5,500000,100.0,adaptive,2026-07-02T23:09:42+01:00,3,71,69,0,480174,0.000173,470,470,445,100000,96.03,96.03,1531,303
n012w8-0,n012w8,0,5,500000,100.0,adaptive,2026-07-02T23:09:42+01:00,3,72,70,0,179988,0.692060,515,485,445,100000,36.00,36.00,1531,4901
n012w8-0,n012w8,0,5,500000,100.0,adaptive,2026-07-02T23:09:42+01:00,3,72,70,0,279988,0.043666,515,485,445,100000,56.00,56.00,1531,3369
n012w8-0,n012w8,0,5,500000,100.0,adaptive,2026-07-02T23:09:42+01:00,3,72,70,0,379988,0.002755,515,485,445,100000,76.00,76.00,1531,1838
n012w8-0,n012w8,0,5,500000,100.0,adaptive,2026-07-02T23:09:42+01:00,3,72,70,0,479988,0.000174,515,485,445,100000,96.00,96.00,1531,306
n012w8-0,n012w8,0,5,500000,100.0,adaptive,2026-07-02T23:09:42+01:00,3,73,71,0,170424,0.901388,470,470,445,100000,34.08,34.08,1531,5047
n012w8-0,n012w8,0,5,500000,100.0,adaptive,2026-07-02T23:09:42+01:00,3,73,71,0,270424,0.056874,470,470,445,100000,54.08,54.08,1531,3516
n012w8-0,n012w8,0,5,500000,100.0,adaptive,2026-07-02T23:09:42+01:00,3,73,71,0,370424,0.003588,470,470,445,100000,74.08,74.08,1531,1984
n012w8-0,n012w8,0,5,500000,100.0,adaptive,2026-07-02T23:09:42+01:00,3,73,71,0,470424,0.000226,470,470,445,100000,94.08,94.08,1531,452
n012w8-0,n012w8,0,5,500000,100.0,adaptive,2026-07-02T23:09:42+01:00,3,74,72,0,219705,0.230962,515,515,445,100000,43.94,43.94,1531,4292
n012w8-0,n012w8,0,5,500000,100.0,adaptive,2026-07-02T23:09:42+01:00,3,74,72,0,319705,0.014573,515,515,445,100000,63.94,63.94,1531,2761
n012w8-0,n012w8,0,5,500000,100.0,adaptive,2026-07-02T23:09:42+01:00,3,74,72,0,419705,0.000919,515,515,445,100000,83.94,83.94,1531,1229
n012w8-0,n012w8,0,5,500000,100.0,adaptive,2026-07-02T23:09:42+01:00,3,76,74,0,161056,1.167691,555,505,445,100000,32.21,32.21,1531,5191
n012w8-0,n012w8,0,5,500000,100.0,adaptive,2026-07-02T23:09:42+01:00,3,76,74,0,261056,0.073676,555,505,445,100000,52.21,52.21,1531,3659
n012w8-0,n012w8,0,5,500000,100.0,adaptive,2026-07-02T23:09:42+01:00,3,76,74,0,361056,0.004649,555,505,445,100000,72.21,72.21,1531,2128
n012w8-0,n012w8,0,5,500000,100.0,adaptive,2026-07-02T23:09:42+01:00,3,76,74,0,461056,0.000293,555,505,445,100000,92.21,92.21,1531,596
n012w8-0,n012w8,0,5,500000,100.0,adaptive,2026-07-02T23:09:42+01:00,3,75,73,0,201156,0.385592,505,505,445,100000,40.23,40.23,1531,4577
n012w8-0,n012w8,0,5,500000,100.0,adaptive,2026-07-02T23:09:42+01:00,3,75,73,0,301156,0.024329,505,505,445,100000,60.23,60.23,1531,3045
n012w8-0,n012w8,0,5,500000,100.0,adaptive,2026-07-02T23:09:42+01:00,3,75,73,0,401156,0.001535,505,505,445,100000,80.23,80.23,1531,1513
n012w8-0,n012w8,0,5,500000,100.0,adaptive,2026-07-02T23:09:42+01:00,3,77,75,0,185792,0.589517,475,475,445,100000,37.16,37.16,1531,4812
n012w8-0,n012w8,0,5,500000,100.0,adaptive,2026-07-02T23:09:42+01:00,3,77,75,0,285792,0.037196,475,475,445,100000,57.16,57.16,1531,3280
n012w8-0,n012w8,0,5,500000,100.0,adaptive,2026-07-02T23:09:42+01:00,3,77,75,0,385792,0.002347,475,475,445,100000,77.16,77.16,1531,1749
n012w8-0,n012w8,0,5,500000,100.0,adaptive,2026-07-02T23:09:42+01:00,3,77,75,0,485792,0.000148,475,475,445,100000,97.16,97.16,1531,217
n012w8-0,n012w8,0,5,500000,100.0,adaptive,2026-07-02T23:09:42+01:00,3,78,76,0,201783,0.378969,490,490,445,100000,40.36,40.36,1531,4567
n012w8-0,n012w8,0,5,500000,100.0,adaptive,2026-07-02T23:09:42+01:00,3,78,76,0,301783,0.023911,490,490,445,100000,60.36,60.36,1531,3035
n012w8-0,n012w8,0,5,500000,100.0,adaptive,2026-07-02T23:09:42+01:00,3,78,76,0,401783,0.001509,490,490,445,100000,80.36,80.36,1531,1504
n012w8-0,n012w8,0,5,500000,100.0,adaptive,2026-07-02T23:09:42+01:00,3,79,77,0,178931,0.712571,490,490,445,100000,35.79,35.79,1531,4917
n012w8-0,n012w8,0,5,500000,100.0,adaptive,2026-07-02T23:09:42+01:00,3,79,77,0,278931,0.044960,490,490,445,100000,55.79,55.79,1531,3385
n012w8-0,n012w8,0,5,500000,100.0,adaptive,2026-07-02T23:09:42+01:00,3,79,77,0,378931,0.002837,490,490,445,100000,75.79,75.79,1531,1854
n012w8-0,n012w8,0,5,500000,100.0,adaptive,2026-07-02T23:09:42+01:00,3,79,77,0,478931,0.000179,490,490,445,100000,95.79,95.79,1531,322
n012w8-0,n012w8,0,5,500000,100.0,adaptive,2026-07-02T23:09:42+01:00,3,80,78,0,186492,0.578224,460,460,445,100000,37.30,37.30,1531,4801
n012w8-0,n012w8,0,5,500000,100.0,adaptive,2026-07-02T23:09:42+01:00,3,80,78,0,286492,0.036483,460,460,445,100000,57.30,57.30,1531,3270
n012w8-0,n012w8,0,5,500000,100.0,adaptive,2026-07-02T23:09:42+01:00,3,80,78,0,386492,0.002302,460,460,445,100000,77.30,77.30,1531,1738
n012w8-0,n012w8,0,5,500000,100.0,adaptive,2026-07-02T23:09:42+01:00,3,80,78,0,486492,0.000145,460,460,445,100000,97.30,97.30,1531,206
n012w8-0,n012w8,0,5,500000,100.0,adaptive,2026-07-02T23:09:42+01:00,3,81,79,0,150172,1.577379,490,490,445,100000,30.03,30.03,1531,5357
n012w8-0,n012w8,0,5,500000,100.0,adaptive,2026-07-02T23:09:42+01:00,3,81,79,0,250172,0.099526,490,490,445,100000,50.03,50.03,1531,3826
n012w8-0,n012w8,0,5,500000,100.0,adaptive,2026-07-02T23:09:42+01:00,3,81,79,0,350172,0.006280,490,490,445,100000,70.03,70.03,1531,2294
n012w8-0,n012w8,0,5,500000,100.0,adaptive,2026-07-02T23:09:42+01:00,3,81,79,0,450172,0.000396,490,490,445,100000,90.03,90.03,1531,763
n012w8-0,n012w8,0,5,500000,100.0,adaptive,2026-07-02T23:09:42+01:00,3,82,80,0,150172,1.577379,515,475,445,100000,30.03,30.03,1531,5357
n012w8-0,n012w8,0,5,500000,100.0,adaptive,2026-07-02T23:09:42+01:00,3,82,80,0,250172,0.099526,515,475,445,100000,50.03,50.03,1531,3826
n012w8-0,n012w8,0,5,500000,100.0,adaptive,2026-07-02T23:09:42+01:00,3,82,80,0,350172,0.006280,515,475,445,100000,70.03,70.03,1531,2294
n012w8-0,n012w8,0,5,500000,100.0,adaptive,2026-07-02T23:09:42+01:00,3,82,80,0,450172,0.000396,515,475,445,100000,90.03,90.03,1531,763
n012w8-0,n012w8,0,5,500000,100.0,adaptive,2026-07-02T23:09:42+01:00,3,83,81,0,150172,1.577379,485,445,445,100000,30.03,30.03,1531,5357
n012w8-0,n012w8,0,5,500000,100.0,adaptive,2026-07-02T23:09:42+01:00,3,83,81,0,250172,0.099526,485,445,445,100000,50.03,50.03,1531,3826
n012w8-0,n012w8,0,5,500000,100.0,adaptive,2026-07-02T23:09:42+01:00,3,83,81,0,350172,0.006280,485,445,445,100000,70.03,70.03,1531,2294
n012w8-0,n012w8,0,5,500000,100.0,adaptive,2026-07-02T23:09:42+01:00,3,83,81,0,450172,0.000396,485,445,445,100000,90.03,90.03,1531,763
n012w8-0,n012w8,0,5,500000,100.0,adaptive,2026-07-02T23:09:42+01:00,4,5,3,0,204367,25.118864,1005,165,135,100000,40.87,40.87,1531,4527
n012w8-0,n012w8,0,5,500000,100.0,adaptive,2026-07-02T23:09:42+01:00,4,5,3,0,304367,25.118864,610,165,135,100000,60.87,60.87,1531,2996
n012w8-0,n012w8,0,5,500000,100.0,adaptive,2026-07-02T23:09:42+01:00,4,5,3,0,404367,25.118864,525,165,135,100000,80.87,80.87,1531,1464
n012w8-0,n012w8,0,5,500000,100.0,adaptive,2026-07-02T23:09:42+01:00,4,0,-1,0,203014,25.118864,810,135,135,100000,40.60,40.60,1531,4548
n012w8-0,n012w8,0,5,500000,100.0,adaptive,2026-07-02T23:09:42+01:00,4,0,-1,0,303014,25.118864,575,135,135,100000,60.60,60.60,1531,3017
n012w8-0,n012w8,0,5,500000,100.0,adaptive,2026-07-02T23:09:42+01:00,4,0,-1,0,403014,25.118864,645,135,135,100000,80.60,80.60,1531,1485
n012w8-0,n012w8,0,5,500000,100.0,adaptive,2026-07-02T23:09:42+01:00,4,8,6,0,171220,25.118864,615,190,135,100000,34.24,34.24,1531,5035
n012w8-0,n012w8,0,5,500000,100.0,adaptive,2026-07-02T23:09:42+01:00,4,8,6,0,271220,25.118864,690,190,135,100000,54.24,54.24,1531,3503
n012w8-0,n012w8,0,5,500000,100.0,adaptive,2026-07-02T23:09:42+01:00,4,8,6,0,371220,25.118864,270,190,135,100000,74.24,74.24,1531,1972
n012w8-0,n012w8,0,5,500000,100.0,adaptive,2026-07-02T23:09:42+01:00,4,8,6,0,471220,25.118864,525,190,135,100000,94.24,94.24,1531,440
n012w8-0,n012w8,0,5,500000,100.0,adaptive,2026-07-02T23:09:42+01:00,4,2,0,0,183954,25.118864,505,160,135,100000,36.79,36.79,1531,4840
n012w8-0,n012w8,0,5,500000,100.0,adaptive,2026-07-02T23:09:42+01:00,4,2,0,0,283954,25.118864,555,160,135,100000,56.79,56.79,1531,3308
n012w8-0,n012w8,0,5,500000,100.0,adaptive,2026-07-02T23:09:42+01:00,4,2,0,0,383954,25.118864,525,160,135,100000,76.79,76.79,1531,1777
n012w8-0,n012w8,0,5,500000,100.0,adaptive,2026-07-02T23:09:42+01:00,4,2,0,0,483954,25.118864,840,160,135,100000,96.79,96.79,1531,245
n012w8-0,n012w8,0,5,500000,100.0,adaptive,2026-07-02T23:09:42+01:00,4,6,4,0,185248,25.118864,915,150,135,100000,37.05,37.05,1531,4820
n012w8-0,n012w8,0,5,500000,100.0,adaptive,2026-07-02T23:09:42+01:00,4,6,4,0,285248,25.118864,645,150,135,100000,57.05,57.05,1531,3289
n012w8-0,n012w8,0,5,500000,100.0,adaptive,2026-07-02T23:09:42+01:00,4,6,4,0,385248,25.118864,745,150,135,100000,77.05,77.05,1531,1757
n012w8-0,n012w8,0,5,500000,100.0,adaptive,2026-07-02T23:09:42+01:00,4,6,4,0,485248,25.118864,625,150,135,100000,97.05,97.05,1531,225
n012w8-0,n012w8,0,5,500000,100.0,adaptive,2026-07-02T23:09:42+01:00,4,4,2,0,184406,25.118864,450,150,135,100000,36.88,36.88,1531,4833
n012w8-0,n012w8,0,5,500000,100.0,adaptive,2026-07-02T23:09:42+01:00,4,4,2,0,284406,25.118864,630,150,135,100000,56.88,56.88,1531,3302
n012w8-0,n012w8,0,5,500000,100.0,adaptive,2026-07-02T23:09:42+01:00,4,4,2,0,384406,25.118864,615,150,135,100000,76.88,76.88,1531,1770
n012w8-0,n012w8,0,5,500000,100.0,adaptive,2026-07-02T23:09:42+01:00,4,4,2,0,484406,25.118864,465,150,135,100000,96.88,96.88,1531,238
n012w8-0,n012w8,0,5,500000,100.0,adaptive,2026-07-02T23:09:42+01:00,4,7,5,0,189192,25.118864,835,160,135,100000,37.84,37.84,1531,4760
n012w8-0,n012w8,0,5,500000,100.0,adaptive,2026-07-02T23:09:42+01:00,4,7,5,0,289192,25.118864,495,160,135,100000,57.84,57.84,1531,3228
n012w8-0,n012w8,0,5,500000,100.0,adaptive,2026-07-02T23:09:42+01:00,4,7,5,0,389192,25.118864,660,160,135,100000,77.84,77.84,1531,1697
n012w8-0,n012w8,0,5,500000,100.0,adaptive,2026-07-02T23:09:42+01:00,4,7,5,0,489192,25.118864,585,160,135,100000,97.84,97.84,1531,165
n012w8-0,n012w8,0,5,500000,100.0,adaptive,2026-07-02T23:09:42+01:00,4,3,1,0,167926,25.118864,510,160,135,100000,33.59,33.59,1531,5086
n012w8-0,n012w8,0,5,500000,100.0,adaptive,2026-07-02T23:09:42+01:00,4,3,1,0,267926,25.118864,660,160,135,100000,53.59,53.59,1531,3554
n012w8-0,n012w8,0,5,500000,100.0,adaptive,2026-07-02T23:09:42+01:00,4,3,1,0,367926,25.118864,630,160,135,100000,73.59,73.59,1531,2022
n012w8-0,n012w8,0,5,500000,100.0,adaptive,2026-07-02T23:09:42+01:00,4,3,1,0,467926,25.118864,745,160,135,100000,93.59,93.59,1531,491
n012w8-0,n012w8,0,5,500000,100.0,adaptive,2026-07-02T23:09:42+01:00,4,10,8,0,196072,0.443748,160,160,130,100000,39.21,39.21,1531,4654
n012w8-0,n012w8,0,5,500000,100.0,adaptive,2026-07-02T23:09:42+01:00,4,10,8,0,296072,0.027999,160,160,130,100000,59.21,59.21,1531,3123
n012w8-0,n012w8,0,5,500000,100.0,adaptive,2026-07-02T23:09:42+01:00,4,10,8,0,396072,0.001767,160,160,130,100000,79.21,79.21,1531,1591
n012w8-0,n012w8,0,5,500000,100.0,adaptive,2026-07-02T23:09:42+01:00,4,10,8,0,496072,0.000111,160,160,130,100000,99.21,99.21,1531,60
n012w8-0,n012w8,0,5,500000,100.0,adaptive,2026-07-02T23:09:42+01:00,4,16,14,0,201196,0.385166,140,140,130,100000,40.24,40.24,1531,4576
n012w8-0,n012w8,0,5,500000,100.0,adaptive,2026-07-02T23:09:42+01:00,4,16,14,0,301196,0.024302,140,140,130,100000,60.24,60.24,1531,3044
n012w8-0,n012w8,0,5,500000,100.0,adaptive,2026-07-02T23:09:42+01:00,4,16,14,0,401196,0.001533,140,140,130,100000,80.24,80.24,1531,1513
n012w8-0,n012w8,0,5,500000,100.0,adaptive,2026-07-02T23:09:42+01:00,4,11,9,0,177524,0.740819,165,165,130,100000,35.50,35.50,1531,4939
n012w8-0,n012w8,0,5,500000,100.0,adaptive,2026-07-02T23:09:42+01:00,4,11,9,0,277524,0.046743,165,165,130,100000,55.50,55.50,1531,3407
n012w8-0,n012w8,0,5,500000,100.0,adaptive,2026-07-02T23:09:42+01:00,4,11,9,0,377524,0.002949,165,165,130,100000,75.50,75.50,1531,1875
n012w8-0,n012w8,0,5,500000,100.0,adaptive,2026-07-02T23:09:42+01:00,4,11,9,0,477524,0.000186,165,165,130,100000,95.50,95.50,1531,344
n012w8-0,n012w8,0,5,500000,100.0,adaptive,2026-07-02T23:09:42+01:00,4,12,10,0,188618,0.545235,165,165,130,100000,37.72,37.72,1531,4769
n012w8-0,n012w8,0,5,500000,100.0,adaptive,2026-07-02T23:09:42+01:00,4,12,10,0,288618,0.034402,165,165,130,100000,57.72,57.72,1531,3237
n012w8-0,n012w8,0,5,500000,100.0,adaptive,2026-07-02T23:09:42+01:00,4,12,10,0,388618,0.002171,165,165,130,100000,77.72,77.72,1531,1705
n012w8-0,n012w8,0,5,500000,100.0,adaptive,2026-07-02T23:09:42+01:00,4,12,10,0,488618,0.000137,165,165,130,100000,97.72,97.72,1531,174
n012w8-0,n012w8,0,5,500000,100.0,adaptive,2026-07-02T23:09:42+01:00,4,15,13,0,224097,0.204567,145,145,130,100000,44.82,44.82,1531,4225
n012w8-0,n012w8,0,5,500000,100.0,adaptive,2026-07-02T23:09:42+01:00,4,15,13,0,324097,0.012907,145,145,130,100000,64.82,64.82,1531,2694
n012w8-0,n012w8,0,5,500000,100.0,adaptive,2026-07-02T23:09:42+01:00,4,15,13,0,424097,0.000814,145,145,130,100000,84.82,84.82,1531,1162
n012w8-0,n012w8,0,5,500000,100.0,adaptive,2026-07-02T23:09:42+01:00,4,13,11,0,202355,0.373027,165,165,130,100000,40.47,40.47,1531,4558
n012w8-0,n012w8,0,5,500000,100.0,adaptive,2026-07-02T23:09:42+01:00,4,13,11,0,302355,0.023536,165,165,130,100000,60.47,60.47,1531,3027
n012w8-0,n012w8,0,5,500000,100.0,adaptive,2026-07-02T23:09:42+01:00,4,13,11,0,402355,0.001485,165,165,130,100000,80.47,80.47,1531,1495
n012w8-0,n012w8,0,5,500000,100.0,adaptive,2026-07-02T23:09:42+01:00,4,14,12,0,188084,0.553340,220,220,130,100000,37.62,37.62,1531,4777
n012w8-0,n012w8,0,5,500000,100.0,adaptive,2026-07-02T23:09:42+01:00,4,14,12,0,288084,0.034913,220,220,130,100000,57.62,57.62,1531,3245
n012w8-0,n012w8,0,5,500000,100.0,adaptive,2026-07-02T23:09:42+01:00,4,14,12,0,388084,0.002203,220,220,130,100000,77.62,77.62,1531,1714
n012w8-0,n012w8,0,5,500000,100.0,adaptive,2026-07-02T23:09:42+01:00,4,14,12,0,488084,0.000139,220,220,130,100000,97.62,97.62,1531,182
n012w8-0,n012w8,0,5,500000,100.0,adaptive,2026-07-02T23:09:42+01:00,4,9,7,0,188726,25.118864,535,130,130,100000,37.75,37.75,1531,4767
n012w8-0,n012w8,0,5,500000,100.0,adaptive,2026-07-02T23:09:42+01:00,4,9,7,0,288726,25.118864,885,130,130,100000,57.75,57.75,1531,3235
n012w8-0,n012w8,0,5,500000,100.0,adaptive,2026-07-02T23:09:42+01:00,4,9,7,0,388726,25.118864,675,130,130,100000,77.75,77.75,1531,1704
n012w8-0,n012w8,0,5,500000,100.0,adaptive,2026-07-02T23:09:42+01:00,4,9,7,0,488726,25.118864,555,130,130,100000,97.75,97.75,1531,172
n012w8-0,n012w8,0,5,500000,100.0,adaptive,2026-07-02T23:09:42+01:00,4,20,18,0,185455,0.595032,190,190,130,100000,37.09,37.09,1531,4817
n012w8-0,n012w8,0,5,500000,100.0,adaptive,2026-07-02T23:09:42+01:00,4,20,18,0,285455,0.037544,190,190,130,100000,57.09,57.09,1531,3285
n012w8-0,n012w8,0,5,500000,100.0,adaptive,2026-07-02T23:09:42+01:00,4,20,18,0,385455,0.002369,190,190,130,100000,77.09,77.09,1531,1754
n012w8-0,n012w8,0,5,500000,100.0,adaptive,2026-07-02T23:09:42+01:00,4,20,18,0,485455,0.000149,190,190,130,100000,97.09,97.09,1531,222
n012w8-0,n012w8,0,5,500000,100.0,adaptive,2026-07-02T23:09:42+01:00,4,17,15,0,172092,0.860788,300,235,130,100000,34.42,34.42,1531,5022
n012w8-0,n012w8,0,5,500000,100.0,adaptive,2026-07-02T23:09:42+01:00,4,17,15,0,272092,0.054312,300,235,130,100000,54.42,54.42,1531,3490
n012w8-0,n012w8,0,5,500000,100.0,adaptive,2026-07-02T23:09:42+01:00,4,17,15,0,372092,0.003427,300,235,130,100000,74.42,74.42,1531,1959
n012w8-0,n012w8,0,5,500000,100.0,adaptive,2026-07-02T23:09:42+01:00,4,17,15,0,472092,0.000216,300,235,130,100000,94.42,94.42,1531,427
n012w8-0,n012w8,0,5,500000,100.0,adaptive,2026-07-02T23:09:42+01:00,4,19,17,0,203846,0.357971,165,165,130,100000,40.77,40.77,1531,4535
n012w8-0,n012w8,0,5,500000,100.0,adaptive,2026-07-02T23:09:42+01:00,4,19,17,0,303846,0.022586,165,165,130,100000,60.77,60.77,1531,3004
n012w8-0,n012w8,0,5,500000,100.0,adaptive,2026-07-02T23:09:42+01:00,4,19,17,0,403846,0.001425,165,165,130,100000,80.77,80.77,1531,1472
n012w8-0,n012w8,0,5,500000,100.0,adaptive,2026-07-02T23:09:42+01:00,4,22,20,0,192204,0.493801,165,150,130,100000,38.44,38.44,1531,4714
n012w8-0,n012w8,0,5,500000,100.0,adaptive,2026-07-02T23:09:42+01:00,4,22,20,0,292204,0.031157,165,150,130,100000,58.44,58.44,1531,3182
n012w8-0,n012w8,0,5,500000,100.0,adaptive,2026-07-02T23:09:42+01:00,4,22,20,0,392204,0.001966,165,150,130,100000,78.44,78.44,1531,1651
n012w8-0,n012w8,0,5,500000,100.0,adaptive,2026-07-02T23:09:42+01:00,4,22,20,0,492204,0.000124,165,150,130,100000,98.44,98.44,1531,119
n012w8-0,n012w8,0,5,500000,100.0,adaptive,2026-07-02T23:09:42+01:00,4,18,16,0,166980,0.991380,165,160,130,100000,33.40,33.40,1531,5100
n012w8-0,n012w8,0,5,500000,100.0,adaptive,2026-07-02T23:09:42+01:00,4,18,16,0,266980,0.062552,165,160,130,100000,53.40,53.40,1531,3568
n012w8-0,n012w8,0,5,500000,100.0,adaptive,2026-07-02T23:09:42+01:00,4,18,16,0,366980,0.003947,165,160,130,100000,73.40,73.40,1531,2037
n012w8-0,n012w8,0,5,500000,100.0,adaptive,2026-07-02T23:09:42+01:00,4,18,16,0,466980,0.000249,165,160,130,100000,93.40,93.40,1531,505
n012w8-0,n012w8,0,5,500000,100.0,adaptive,2026-07-02T23:09:42+01:00,4,21,19,0,166556,1.003063,240,195,130,100000,33.31,33.31,1531,5107
n012w8-0,n012w8,0,5,500000,100.0,adaptive,2026-07-02T23:09:42+01:00,4,21,19,0,266556,0.063289,240,195,130,100000,53.31,53.31,1531,3575
n012w8-0,n012w8,0,5,500000,100.0,adaptive,2026-07-02T23:09:42+01:00,4,21,19,0,366556,0.003993,240,195,130,100000,73.31,73.31,1531,2043
n012w8-0,n012w8,0,5,500000,100.0,adaptive,2026-07-02T23:09:42+01:00,4,21,19,0,466556,0.000252,240,195,130,100000,93.31,93.31,1531,512
n012w8-0,n012w8,0,5,500000,100.0,adaptive,2026-07-02T23:09:42+01:00,4,23,21,0,190809,0.513206,180,180,130,100000,38.16,38.16,1531,4735
n012w8-0,n012w8,0,5,500000,100.0,adaptive,2026-07-02T23:09:42+01:00,4,23,21,0,290809,0.032381,180,180,130,100000,58.16,58.16,1531,3203
n012w8-0,n012w8,0,5,500000,100.0,adaptive,2026-07-02T23:09:42+01:00,4,23,21,0,390809,0.002043,180,180,130,100000,78.16,78.16,1531,1672
n012w8-0,n012w8,0,5,500000,100.0,adaptive,2026-07-02T23:09:42+01:00,4,23,21,0,490809,0.000129,180,180,130,100000,98.16,98.16,1531,140
n012w8-0,n012w8,0,5,500000,100.0,adaptive,2026-07-02T23:09:42+01:00,4,24,22,0,182484,0.645940,195,165,130,100000,36.50,36.50,1531,4863
n012w8-0,n012w8,0,5,500000,100.0,adaptive,2026-07-02T23:09:42+01:00,4,24,22,0,282484,0.040756,195,165,130,100000,56.50,56.50,1531,3331
n012w8-0,n012w8,0,5,500000,100.0,adaptive,2026-07-02T23:09:42+01:00,4,24,22,0,382484,0.002572,195,165,130,100000,76.50,76.50,1531,1799
n012w8-0,n012w8,0,5,500000,100.0,adaptive,2026-07-02T23:09:42+01:00,4,24,22,0,482484,0.000162,195,165,130,100000,96.50,96.50,1531,268
n012w8-0,n012w8,0,5,500000,100.0,adaptive,2026-07-02T23:09:42+01:00,4,26,24,0,188479,0.547333,165,165,120,100000,37.70,37.70,1531,4771
n012w8-0,n012w8,0,5,500000,100.0,adaptive,2026-07-02T23:09:42+01:00,4,26,24,0,288479,0.034534,165,165,120,100000,57.70,57.70,1531,3239
n012w8-0,n012w8,0,5,500000,100.0,adaptive,2026-07-02T23:09:42+01:00,4,26,24,0,388479,0.002179,165,165,120,100000,77.70,77.70,1531,1708
n012w8-0,n012w8,0,5,500000,100.0,adaptive,2026-07-02T23:09:42+01:00,4,26,24,0,488479,0.000137,165,165,120,100000,97.70,97.70,1531,176
n012w8-0,n012w8,0,5,500000,100.0,adaptive,2026-07-02T23:09:42+01:00,4,28,26,0,173718,0.822970,190,160,120,100000,34.74,34.74,1531,4997
n012w8-0,n012w8,0,5,500000,100.0,adaptive,2026-07-02T23:09:42+01:00,4,28,26,0,273718,0.051926,190,160,120,100000,54.74,54.74,1531,3465
n012w8-0,n012w8,0,5,500000,100.0,adaptive,2026-07-02T23:09:42+01:00,4,28,26,0,373718,0.003276,190,160,120,100000,74.74,74.74,1531,1934
n012w8-0,n012w8,0,5,500000,100.0,adaptive,2026-07-02T23:09:42+01:00,4,28,26,0,473718,0.000207,190,160,120,100000,94.74,94.74,1531,402
n012w8-0,n012w8,0,5,500000,100.0,adaptive,2026-07-02T23:09:42+01:00,4,27,25,0,196487,0.438688,195,195,120,100000,39.30,39.30,1531,4648
n012w8-0,n012w8,0,5,500000,100.0,adaptive,2026-07-02T23:09:42+01:00,4,27,25,0,296487,0.027679,195,195,120,100000,59.30,59.30,1531,3117
n012w8-0,n012w8,0,5,500000,100.0,adaptive,2026-07-02T23:09:42+01:00,4,27,25,0,396487,0.001746,195,195,120,100000,79.30,79.30,1531,1585
n012w8-0,n012w8,0,5,500000,100.0,adaptive,2026-07-02T23:09:42+01:00,4,27,25,0,496487,0.000110,195,195,120,100000,99.30,99.30,1531,53
n012w8-0,n012w8,0,5,500000,100.0,adaptive,2026-07-02T23:09:42+01:00,4,31,29,0,188674,0.544392,150,150,120,100000,37.73,37.73,1531,4768
n012w8-0,n012w8,0,5,500000,100.0,adaptive,2026-07-02T23:09:42+01:00,4,31,29,0,288674,0.034349,150,150,120,100000,57.73,57.73,1531,3236
n012w8-0,n012w8,0,5,500000,100.0,adaptive,2026-07-02T23:09:42+01:00,4,31,29,0,388674,0.002167,150,150,120,100000,77.73,77.73,1531,1705
n012w8-0,n012w8,0,5,500000,100.0,adaptive,2026-07-02T23:09:42+01:00,4,31,29,0,488674,0.000137,150,150,120,100000,97.73,97.73,1531,173
n012w8-0,n012w8,0,5,500000,100.0,adaptive,2026-07-02T23:09:42+01:00,4,25,23,0,160859,1.174065,240,240,120,100000,32.17,32.17,1531,5194
n012w8-0,n012w8,0,5,500000,100.0,adaptive,2026-07-02T23:09:42+01:00,4,25,23,0,260859,0.074078,240,240,120,100000,52.17,52.17,1531,3662
n012w8-0,n012w8,0,5,500000,100.0,adaptive,2026-07-02T23:09:42+01:00,4,25,23,0,360859,0.004674,240,240,120,100000,72.17,72.17,1531,2131
n012w8-0,n012w8,0,5,500000,100.0,adaptive,2026-07-02T23:09:42+01:00,4,25,23,0,460859,0.000295,240,240,120,100000,92.17,92.17,1531,599
n012w8-0,n012w8,0,5,500000,100.0,adaptive,2026-07-02T23:09:42+01:00,4,30,28,0,199248,0.406466,165,150,120,100000,39.85,39.85,1531,4606
n012w8-0,n012w8,0,5,500000,100.0,adaptive,2026-07-02T23:09:42+01:00,4,30,28,0,299248,0.025646,165,150,120,100000,59.85,59.85,1531,3074
n012w8-0,n012w8,0,5,500000,100.0,adaptive,2026-07-02T23:09:42+01:00,4,30,28,0,399248,0.001618,165,150,120,100000,79.85,79.85,1531,1543
n012w8-0,n012w8,0,5,500000,100.0,adaptive,2026-07-02T23:09:42+01:00,4,30,28,0,499248,0.000102,165,150,120,100000,99.85,99.85,1531,11
n012w8-0,n012w8,0,5,500000,100.0,adaptive,2026-07-02T23:09:42+01:00,4,29,27,0,179097,25.118864,435,120,120,100000,35.82,35.82,1531,4914
n012w8-0,n012w8,0,5,500000,100.0,adaptive,2026-07-02T23:09:42+01:00,4,29,27,0,279097,25.118864,565,120,120,100000,55.82,55.82,1531,3383
n012w8-0,n012w8,0,5,500000,100.0,adaptive,2026-07-02T23:09:42+01:00,4,29,27,0,379097,25.118864,375,120,120,100000,75.82,75.82,1531,1851
n012w8-0,n012w8,0,5,500000,100.0,adaptive,2026-07-02T23:09:42+01:00,4,29,27,0,479097,25.118864,475,120,120,100000,95.82,95.82,1531,320
n012w8-0,n012w8,0,5,500000,100.0,adaptive,2026-07-02T23:09:42+01:00,4,32,30,0,177300,0.745418,250,205,120,100000,35.46,35.46,1531,4942
n012w8-0,n012w8,0,5,500000,100.0,adaptive,2026-07-02T23:09:42+01:00,4,32,30,0,277300,0.047033,250,205,120,100000,55.46,55.46,1531,3410
n012w8-0,n012w8,0,5,500000,100.0,adaptive,2026-07-02T23:09:42+01:00,4,32,30,0,377300,0.002968,250,205,120,100000,75.46,75.46,1531,1879
n012w8-0,n012w8,0,5,500000,100.0,adaptive,2026-07-02T23:09:42+01:00,4,32,30,0,477300,0.000187,250,205,120,100000,95.46,95.46,1531,347
n012w8-0,n012w8,0,5,500000,100.0,adaptive,2026-07-02T23:09:42+01:00,4,34,32,0,179704,0.697513,135,135,120,100000,35.94,35.94,1531,4905
n012w8-0,n012w8,0,5,500000,100.0,adaptive,2026-07-02T23:09:42+01:00,4,34,32,0,279704,0.044010,135,135,120,100000,55.94,55.94,1531,3374
n012w8-0,n012w8,0,5,500000,100.0,adaptive,2026-07-02T23:09:42+01:00,4,34,32,0,379704,0.002777,135,135,120,100000,75.94,75.94,1531,1842
n012w8-0,n012w8,0,5,500000,100.0,adaptive,2026-07-02T23:09:42+01:00,4,34,32,0,479704,0.000175,135,135,120,100000,95.94,95.94,1531,310
n012w8-0,n012w8,0,5,500000,100.0,adaptive,2026-07-02T23:09:42+01:00,4,35,33,0,194955,0.457657,135,135,120,100000,38.99,38.99,1531,4672
n012w8-0,n012w8,0,5,500000,100.0,adaptive,2026-07-02T23:09:42+01:00,4,35,33,0,294955,0.028876,135,135,120,100000,58.99,58.99,1531,3140
n012w8-0,n012w8,0,5,500000,100.0,adaptive,2026-07-02T23:09:42+01:00,4,35,33,0,394955,0.001822,135,135,120,100000,78.99,78.99,1531,1608
n012w8-0,n012w8,0,5,500000,100.0,adaptive,2026-07-02T23:09:42+01:00,4,35,33,0,494955,0.000115,135,135,120,100000,98.99,98.99,1531,77
n012w8-0,n012w8,0,5,500000,100.0,adaptive,2026-07-02T23:09:42+01:00,4,37,35,0,197718,0.424018,150,150,120,100000,39.54,39.54,1531,4629
n012w8-0,n012w8,0,5,500000,100.0,adaptive,2026-07-02T23:09:42+01:00,4,37,35,0,297718,0.026754,150,150,120,100000,59.54,59.54,1531,3098
n012w8-0,n012w8,0,5,500000,100.0,adaptive,2026-07-02T23:09:42+01:00,4,37,35,0,397718,0.001688,150,150,120,100000,79.54,79.54,1531,1566
n012w8-0,n012w8,0,5,500000,100.0,adaptive,2026-07-02T23:09:42+01:00,4,37,35,0,497718,0.000107,150,150,120,100000,99.54,99.54,1531,34
n012w8-0,n012w8,0,5,500000,100.0,adaptive,2026-07-02T23:09:42+01:00,4,33,31,0,192099,0.495236,160,160,120,100000,38.42,38.42,1531,4715
n012w8-0,n012w8,0,5,500000,100.0,adaptive,2026-07-02T23:09:42+01:00,4,33,31,0,292099,0.031247,160,160,120,100000,58.42,58.42,1531,3184
n012w8-0,n012w8,0,5,500000,100.0,adaptive,2026-07-02T23:09:42+01:00,4,33,31,0,392099,0.001972,160,160,120,100000,78.42,78.42,1531,1652
n012w8-0,n012w8,0,5,500000,100.0,adaptive,2026-07-02T23:09:42+01:00,4,33,31,0,492099,0.000124,160,160,120,100000,98.42,98.42,1531,121
n012w8-0,n012w8,0,5,500000,100.0,adaptive,2026-07-02T23:09:42+01:00,4,36,34,0,179889,0.693956,165,165,120,100000,35.98,35.98,1531,4902
n012w8-0,n012w8,0,5,500000,100.0,adaptive,2026-07-02T23:09:42+01:00,4,36,34,0,279889,0.043786,165,165,120,100000,55.98,55.98,1531,3371
n012w8-0,n012w8,0,5,500000,100.0,adaptive,2026-07-02T23:09:42+01:00,4,36,34,0,379889,0.002763,165,165,120,100000,75.98,75.98,1531,1839
n012w8-0,n012w8,0,5,500000,100.0,adaptive,2026-07-02T23:09:42+01:00,4,36,34,0,479889,0.000174,165,165,120,100000,95.98,95.98,1531,308
n012w8-0,n012w8,0,5,500000,100.0,adaptive,2026-07-02T23:09:42+01:00,4,38,36,0,167884,0.966923,160,160,120,100000,33.58,33.58,1531,5086
n012w8-0,n012w8,0,5,500000,100.0,adaptive,2026-07-02T23:09:42+01:00,4,38,36,0,267884,0.061009,160,160,120,100000,53.58,53.58,1531,3555
n012w8-0,n012w8,0,5,500000,100.0,adaptive,2026-07-02T23:09:42+01:00,4,38,36,0,367884,0.003849,160,160,120,100000,73.58,73.58,1531,2023
n012w8-0,n012w8,0,5,500000,100.0,adaptive,2026-07-02T23:09:42+01:00,4,38,36,0,467884,0.000243,160,160,120,100000,93.58,93.58,1531,491
n012w8-0,n012w8,0,5,500000,100.0,adaptive,2026-07-02T23:09:42+01:00,4,39,37,0,205247,0.344378,165,165,120,100000,41.05,41.05,1531,4514
n012w8-0,n012w8,0,5,500000,100.0,adaptive,2026-07-02T23:09:42+01:00,4,39,37,0,305247,0.021729,165,165,120,100000,61.05,61.05,1531,2982
n012w8-0,n012w8,0,5,500000,100.0,adaptive,2026-07-02T23:09:42+01:00,4,39,37,0,405247,0.001371,165,165,120,100000,81.05,81.05,1531,1451
n012w8-0,n012w8,0,5,500000,100.0,adaptive,2026-07-02T23:09:42+01:00,4,40,38,0,177157,0.748369,195,195,120,100000,35.43,35.43,1531,4944
n012w8-0,n012w8,0,5,500000,100.0,adaptive,2026-07-02T23:09:42+01:00,4,40,38,0,277157,0.047219,195,195,120,100000,55.43,55.43,1531,3413
n012w8-0,n012w8,0,5,500000,100.0,adaptive,2026-07-02T23:09:42+01:00,4,40,38,0,377157,0.002979,195,195,120,100000,75.43,75.43,1531,1881
n012w8-0,n012w8,0,5,500000,100.0,adaptive,2026-07-02T23:09:42+01:00,4,40,38,0,477157,0.000188,195,195,120,100000,95.43,95.43,1531,349
n012w8-0,n012w8,0,5,500000,100.0,adaptive,2026-07-02T23:09:42+01:00,4,41,39,0,180664,0.679254,225,225,120,100000,36.13,36.13,1531,4890
n012w8-0,n012w8,0,5,500000,100.0,adaptive,2026-07-02T23:09:42+01:00,4,41,39,0,280664,0.042858,225,225,120,100000,56.13,56.13,1531,3359
n012w8-0,n012w8,0,5,500000,100.0,adaptive,2026-07-02T23:09:42+01:00,4,41,39,0,380664,0.002704,225,225,120,100000,76.13,76.13,1531,1827
n012w8-0,n012w8,0,5,500000,100.0,adaptive,2026-07-02T23:09:42+01:00,4,41,39,0,480664,0.000171,225,225,120,100000,96.13,96.13,1531,296
n012w8-0,n012w8,0,5,500000,100.0,adaptive,2026-07-02T23:09:42+01:00,4,42,40,0,179047,0.710290,180,165,120,100000,35.81,35.81,1531,4915
n012w8-0,n012w8,0,5,500000,100.0,adaptive,2026-07-02T23:09:42+01:00,4,42,40,0,279047,0.044816,180,165,120,100000,55.81,55.81,1531,3384
n012w8-0,n012w8,0,5,500000,100.0,adaptive,2026-07-02T23:09:42+01:00,4,42,40,0,379047,0.002828,180,165,120,100000,75.81,75.81,1531,1852
n012w8-0,n012w8,0,5,500000,100.0,adaptive,2026-07-02T23:09:42+01:00,4,42,40,0,479047,0.000178,180,165,120,100000,95.81,95.81,1531,320
n012w8-0,n012w8,0,5,500000,100.0,adaptive,2026-07-02T23:09:42+01:00,4,43,41,0,190335,0.519972,170,170,120,100000,38.07,38.07,1531,4742
n012w8-0,n012w8,0,5,500000,100.0,adaptive,2026-07-02T23:09:42+01:00,4,43,41,0,290335,0.032808,170,170,120,100000,58.07,58.07,1531,3211
n012w8-0,n012w8,0,5,500000,100.0,adaptive,2026-07-02T23:09:42+01:00,4,43,41,0,390335,0.002070,170,170,120,100000,78.07,78.07,1531,1679
n012w8-0,n012w8,0,5,500000,100.0,adaptive,2026-07-02T23:09:42+01:00,4,43,41,0,490335,0.000131,170,170,120,100000,98.07,98.07,1531,148
n012w8-0,n012w8,0,5,500000,100.0,adaptive,2026-07-02T23:09:42+01:00,4,44,42,0,211463,0.290031,215,215,120,100000,42.29,42.29,1531,4419
n012w8-0,n012w8,0,5,500000,100.0,adaptive,2026-07-02T23:09:42+01:00,4,44,42,0,311463,0.018300,215,215,120,100000,62.29,62.29,1531,2887
n012w8-0,n012w8,0,5,500000,100.0,adaptive,2026-07-02T23:09:42+01:00,4,44,42,0,411463,0.001155,215,215,120,100000,82.29,82.29,1531,1356
n012w8-0,n012w8,0,5,500000,100.0,adaptive,2026-07-02T23:09:42+01:00,4,46,44,0,150172,1.577379,240,210,120,100000,30.03,30.03,1531,5357
n012w8-0,n012w8,0,5,500000,100.0,adaptive,2026-07-02T23:09:42+01:00,4,46,44,0,250172,0.099526,240,210,120,100000,50.03,50.03,1531,3826
n012w8-0,n012w8,0,5,500000,100.0,adaptive,2026-07-02T23:09:42+01:00,4,46,44,0,350172,0.006280,240,210,120,100000,70.03,70.03,1531,2294
n012w8-0,n012w8,0,5,500000,100.0,adaptive,2026-07-02T23:09:42+01:00,4,46,44,0,450172,0.000396,240,210,120,100000,90.03,90.03,1531,763
n012w8-0,n012w8,0,5,500000,100.0,adaptive,2026-07-02T23:09:42+01:00,4,45,43,0,198859,0.410858,160,160,120,100000,39.77,39.77,1531,4612
n012w8-0,n012w8,0,5,500000,100.0,adaptive,2026-07-02T23:09:42+01:00,4,45,43,0,298859,0.025923,160,160,120,100000,59.77,59.77,1531,3080
n012w8-0,n012w8,0,5,500000,100.0,adaptive,2026-07-02T23:09:42+01:00,4,45,43,0,398859,0.001636,160,160,120,100000,79.77,79.77,1531,1549
n012w8-0,n012w8,0,5,500000,100.0,adaptive,2026-07-02T23:09:42+01:00,4,45,43,0,498859,0.000103,160,160,120,100000,99.77,99.77,1531,17
n012w8-0,n012w8,0,5,500000,100.0,adaptive,2026-07-02T23:09:42+01:00,4,47,45,0,188376,0.548893,145,145,120,100000,37.68,37.68,1531,4772
n012w8-0,n012w8,0,5,500000,100.0,adaptive,2026-07-02T23:09:42+01:00,4,47,45,0,288376,0.034633,145,145,120,100000,57.68,57.68,1531,3241
n012w8-0,n012w8,0,5,500000,100.0,adaptive,2026-07-02T23:09:42+01:00,4,47,45,0,388376,0.002185,145,145,120,100000,77.68,77.68,1531,1709
n012w8-0,n012w8,0,5,500000,100.0,adaptive,2026-07-02T23:09:42+01:00,4,47,45,0,488376,0.000138,145,145,120,100000,97.68,97.68,1531,178
n012w8-0,n012w8,0,5,500000,100.0,adaptive,2026-07-02T23:09:42+01:00,4,48,46,0,166710,0.998803,195,165,120,100000,33.34,33.34,1531,5104
n012w8-0,n012w8,0,5,500000,100.0,adaptive,2026-07-02T23:09:42+01:00,4,48,46,0,266710,0.063020,195,165,120,100000,53.34,53.34,1531,3573
n012w8-0,n012w8,0,5,500000,100.0,adaptive,2026-07-02T23:09:42+01:00,4,48,46,0,366710,0.003976,195,165,120,100000,73.34,73.34,1531,2041
n012w8-0,n012w8,0,5,500000,100.0,adaptive,2026-07-02T23:09:42+01:00,4,48,46,0,466710,0.000251,195,165,120,100000,93.34,93.34,1531,509
n012w8-0,n012w8,0,5,500000,100.0,adaptive,2026-07-02T23:09:42+01:00,4,49,47,0,181364,0.666242,235,235,120,100000,36.27,36.27,1531,4880
n012w8-0,n012w8,0,5,500000,100.0,adaptive,2026-07-02T23:09:42+01:00,4,49,47,0,281364,0.042037,235,235,105,100000,56.27,56.27,1531,3348
n012w8-0,n012w8,0,5,500000,100.0,adaptive,2026-07-02T23:09:42+01:00,4,49,47,0,381364,0.002652,235,235,105,100000,76.27,76.27,1531,1817
n012w8-0,n012w8,0,5,500000,100.0,adaptive,2026-07-02T23:09:42+01:00,4,49,47,0,481364,0.000167,235,235,105,100000,96.27,96.27,1531,285
n012w8-0,n012w8,0,5,500000,100.0,adaptive,2026-07-02T23:09:42+01:00,4,50,48,0,191247,0.507033,150,150,105,100000,38.25,38.25,1531,4728
n012w8-0,n012w8,0,5,500000,100.0,adaptive,2026-07-02T23:09:42+01:00,4,50,48,0,291247,0.031992,150,150,105,100000,58.25,58.25,1531,3197
n012w8-0,n012w8,0,5,500000,100.0,adaptive,2026-07-02T23:09:42+01:00,4,50,48,0,391247,0.002019,150,150,105,100000,78.25,78.25,1531,1665
n012w8-0,n012w8,0,5,500000,100.0,adaptive,2026-07-02T23:09:42+01:00,4,50,48,0,491247,0.000127,150,150,105,100000,98.25,98.25,1531,134
n012w8-0,n012w8,0,5,500000,100.0,adaptive,2026-07-02T23:09:42+01:00,4,51,49,0,172816,0.843739,190,185,105,100000,34.56,34.56,1531,5011
n012w8-0,n012w8,0,5,500000,100.0,adaptive,2026-07-02T23:09:42+01:00,4,51,49,0,272816,0.053236,190,185,105,100000,54.56,54.56,1531,3479
n012w8-0,n012w8,0,5,500000,100.0,adaptive,2026-07-02T23:09:42+01:00,4,51,49,0,372816,0.003359,190,185,105,100000,74.56,74.56,1531,1947
n012w8-0,n012w8,0,5,500000,100.0,adaptive,2026-07-02T23:09:42+01:00,4,51,49,0,472816,0.000212,190,185,105,100000,94.56,94.56,1531,416
n012w8-0,n012w8,0,5,500000,100.0,adaptive,2026-07-02T23:09:42+01:00,4,52,50,0,218131,0.241228,175,175,105,100000,43.63,43.63,1531,4317
n012w8-0,n012w8,0,5,500000,100.0,adaptive,2026-07-02T23:09:42+01:00,4,52,50,0,318131,0.015220,175,175,105,100000,63.63,63.63,1531,2785
n012w8-0,n012w8,0,5,500000,100.0,adaptive,2026-07-02T23:09:42+01:00,4,52,50,0,418131,0.000960,175,175,105,100000,83.63,83.63,1531,1253
n012w8-0,n012w8,0,5,500000,100.0,adaptive,2026-07-02T23:09:42+01:00,4,53,51,0,180618,0.680118,180,135,105,100000,36.12,36.12,1531,4891
n012w8-0,n012w8,0,5,500000,100.0,adaptive,2026-07-02T23:09:42+01:00,4,53,51,0,280618,0.042913,180,135,105,100000,56.12,56.12,1531,3360
n012w8-0,n012w8,0,5,500000,100.0,adaptive,2026-07-02T23:09:42+01:00,4,53,51,0,380618,0.002708,180,135,105,100000,76.12,76.12,1531,1828
n012w8-0,n012w8,0,5,500000,100.0,adaptive,2026-07-02T23:09:42+01:00,4,53,51,0,480618,0.000171,180,135,105,100000,96.12,96.12,1531,296
n012w8-0,n012w8,0,5,500000,100.0,adaptive,2026-07-02T23:09:42+01:00,4,54,52,0,173099,0.837167,190,190,105,100000,34.62,34.62,1531,5006
n012w8-0,n012w8,0,5,500000,100.0,adaptive,2026-07-02T23:09:42+01:00,4,54,52,0,273099,0.052822,190,190,105,100000,54.62,54.62,1531,3475
n012w8-0,n012w8,0,5,500000,100.0,adaptive,2026-07-02T23:09:42+01:00,4,54,52,0,373099,0.003333,190,190,105,100000,74.62,74.62,1531,1943
n012w8-0,n012w8,0,5,500000,100.0,adaptive,2026-07-02T23:09:42+01:00,4,54,52,0,473099,0.000210,190,190,105,100000,94.62,94.62,1531,412
n012w8-0,n012w8,0,5,500000,100.0,adaptive,2026-07-02T23:09:42+01:00,4,56,54,0,194863,0.458822,180,165,105,100000,38.97,38.97,1531,4673
n012w8-0,n012w8,0,5,500000,100.0,adaptive,2026-07-02T23:09:42+01:00,4,56,54,0,294863,0.028950,180,165,105,100000,58.97,58.97,1531,3141
n012w8-0,n012w8,0,5,500000,100.0,adaptive,2026-07-02T23:09:42+01:00,4,56,54,0,394863,0.001827,180,165,105,100000,78.97,78.97,1531,1610
n012w8-0,n012w8,0,5,500000,100.0,adaptive,2026-07-02T23:09:42+01:00,4,56,54,0,494863,0.000115,180,165,105,100000,98.97,98.97,1531,78
n012w8-0,n012w8,0,5,500000,100.0,adaptive,2026-07-02T23:09:42+01:00,4,55,53,0,180749,25.118864,595,105,105,100000,36.15,36.15,1531,4889
n012w8-0,n012w8,0,5,500000,100.0,adaptive,2026-07-02T23:09:42+01:00,4,55,53,0,280749,25.118864,735,105,105,100000,56.15,56.15,1531,3358
n012w8-0,n012w8,0,5,500000,100.0,adaptive,2026-07-02T23:09:42+01:00,4,55,53,0,380749,25.118864,795,105,105,100000,76.15,76.15,1531,1826
n012w8-0,n012w8,0,5,500000,100.0,adaptive,2026-07-02T23:09:42+01:00,4,55,53,0,480749,25.118864,480,105,105,100000,96.15,96.15,1531,294
n012w8-0,n012w8,0,5,500000,100.0,adaptive,2026-07-02T23:09:42+01:00,4,57,55,0,171509,0.874766,180,180,105,100000,34.30,34.30,1531,5031
n012w8-0,n012w8,0,5,500000,100.0,adaptive,2026-07-02T23:09:42+01:00,4,57,55,0,271509,0.055194,180,180,105,100000,54.30,54.30,1531,3499
n012w8-0,n012w8,0,5,500000,100.0,adaptive,2026-07-02T23:09:42+01:00,4,57,55,0,371509,0.003483,180,180,105,100000,74.30,74.30,1531,1967
n012w8-0,n012w8,0,5,500000,100.0,adaptive,2026-07-02T23:09:42+01:00,4,57,55,0,471509,0.000220,180,180,105,100000,94.30,94.30,1531,436
n012w8-0,n012w8,0,5,500000,100.0,adaptive,2026-07-02T23:09:42+01:00,4,58,56,0,181390,0.665764,160,150,105,100000,36.28,36.28,1531,4879
n012w8-0,n012w8,0,5,500000,100.0,adaptive,2026-07-02T23:09:42+01:00,4,58,56,0,281390,0.042007,160,150,105,100000,56.28,56.28,1531,3348
n012w8-0,n012w8,0,5,500000,100.0,adaptive,2026-07-02T23:09:42+01:00,4,58,56,0,381390,0.002650,160,150,105,100000,76.28,76.28,1531,1816
n012w8-0,n012w8,0,5,500000,100.0,adaptive,2026-07-02T23:09:42+01:00,4,58,56,0,481390,0.000167,160,150,105,100000,96.28,96.28,1531,285
n012w8-0,n012w8,0,5,500000,100.0,adaptive,2026-07-02T23:09:42+01:00,4,59,57,0,182279,0.649609,145,145,105,100000,36.46,36.46,1531,4866
n012w8-0,n012w8,0,5,500000,100.0,adaptive,2026-07-02T23:09:42+01:00,4,59,57,0,282279,0.040988,145,145,105,100000,56.46,56.46,1531,3334
n012w8-0,n012w8,0,5,500000,100.0,adaptive,2026-07-02T23:09:42+01:00,4,59,57,0,382279,0.002586,145,145,105,100000,76.46,76.46,1531,1803
n012w8-0,n012w8,0,5,500000,100.0,adaptive,2026-07-02T23:09:42+01:00,4,59,57,0,482279,0.000163,145,145,105,100000,96.46,96.46,1531,271
n012w8-0,n012w8,0,5,500000,100.0,adaptive,2026-07-02T23:09:42+01:00,4,60,58,0,215183,0.261700,175,175,105,100000,43.04,43.04,1531,4362
n012w8-0,n012w8,0,5,500000,100.0,adaptive,2026-07-02T23:09:42+01:00,4,60,58,0,315183,0.016512,175,175,105,100000,63.04,63.04,1531,2830
n012w8-0,n012w8,0,5,500000,100.0,adaptive,2026-07-02T23:09:42+01:00,4,60,58,0,415183,0.001042,175,175,105,100000,83.04,83.04,1531,1299
n012w8-0,n012w8,0,5,500000,100.0,adaptive,2026-07-02T23:09:42+01:00,4,61,59,0,188285,0.550275,210,180,105,100000,37.66,37.66,1531,4774
n012w8-0,n012w8,0,5,500000,100.0,adaptive,2026-07-02T23:09:42+01:00,4,61,59,0,288285,0.034720,210,180,105,100000,57.66,57.66,1531,3242
n012w8-0,n012w8,0,5,500000,100.0,adaptive,2026-07-02T23:09:42+01:00,4,61,59,0,388285,0.002191,210,180,105,100000,77.66,77.66,1531,1711
n012w8-0,n012w8,0,5,500000,100.0,adaptive,2026-07-02T23:09:42+01:00,4,61,59,0,488285,0.000138,210,180,105,100000,97.66,97.66,1531,179
n012w8-0,n012w8,0,5,500000,100.0,adaptive,2026-07-02T23:09:42+01:00,4,62,60,0,200860,0.388759,135,135,105,100000,40.17,40.17,1531,4581
n012w8-0,n012w8,0,5,500000,100.0,adaptive,2026-07-02T23:09:42+01:00,4,62,60,0,300860,0.024529,135,135,105,100000,60.17,60.17,1531,3050
n012w8-0,n012w8,0,5,500000,100.0,adaptive,2026-07-02T23:09:42+01:00,4,62,60,0,400860,0.001548,135,135,105,100000,80.17,80.17,1531,1518
n012w8-0,n012w8,0,5,500000,100.0,adaptive,2026-07-02T23:09:42+01:00,4,63,61,0,187954,0.555331,175,150,105,100000,37.59,37.59,1531,4779
n012w8-0,n012w8,0,5,500000,100.0,adaptive,2026-07-02T23:09:42+01:00,4,63,61,0,287954,0.035039,175,150,105,100000,57.59,57.59,1531,3247
n012w8-0,n012w8,0,5,500000,100.0,adaptive,2026-07-02T23:09:42+01:00,4,63,61,0,387954,0.002211,175,150,105,100000,77.59,77.59,1531,1716
n012w8-0,n012w8,0,5,500000,100.0,adaptive,2026-07-02T23:09:42+01:00,4,63,61,0,487954,0.000139,175,150,105,100000,97.59,97.59,1531,184
n012w8-0,n012w8,0,5,500000,100.0,adaptive,2026-07-02T23:09:42+01:00,4,64,62,0,202488,0.371658,150,150,105,100000,40.50,40.50,1531,4556
n012w8-0,n012w8,0,5,500000,100.0,adaptive,2026-07-02T23:09:42+01:00,4,64,62,0,302488,0.023450,150,150,105,100000,60.50,60.50,1531,3025
n012w8-0,n012w8,0,5,500000,100.0,adaptive,2026-07-02T23:09:42+01:00,4,64,62,0,402488,0.001480,150,150,105,100000,80.50,80.50,1531,1493
n012w8-0,n012w8,0,5,500000,100.0,adaptive,2026-07-02T23:09:42+01:00,4,66,64,0,183984,0.619715,135,135,105,100000,36.80,36.80,1531,4840
n012w8-0,n012w8,0,5,500000,100.0,adaptive,2026-07-02T23:09:42+01:00,4,66,64,0,283984,0.039101,135,135,105,100000,56.80,56.80,1531,3308
n012w8-0,n012w8,0,5,500000,100.0,adaptive,2026-07-02T23:09:42+01:00,4,66,64,0,383984,0.002467,135,135,105,100000,76.80,76.80,1531,1776
n012w8-0,n012w8,0,5,500000,100.0,adaptive,2026-07-02T23:09:42+01:00,4,66,64,0,483984,0.000156,135,135,105,100000,96.80,96.80,1531,245
n012w8-0,n012w8,0,5,500000,100.0,adaptive,2026-07-02T23:09:42+01:00,4,65,63,0,200147,0.396493,150,135,105,100000,40.03,40.03,1531,4592
n012w8-0,n012w8,0,5,500000,100.0,adaptive,2026-07-02T23:09:42+01:00,4,65,63,0,300147,0.025017,150,135,105,100000,60.03,60.03,1531,3060
n012w8-0,n012w8,0,5,500000,100.0,adaptive,2026-07-02T23:09:42+01:00,4,65,63,0,400147,0.001578,150,135,105,100000,80.03,80.03,1531,1529
n012w8-0,n012w8,0,5,500000,100.0,adaptive,2026-07-02T23:09:42+01:00,4,67,65,0,185355,0.596678,210,195,105,100000,37.07,37.07,1531,4819
n012w8-0,n012w8,0,5,500000,100.0,adaptive,2026-07-02T23:09:42+01:00,4,67,65,0,285355,0.037648,210,195,105,100000,57.07,57.07,1531,3287
n012w8-0,n012w8,0,5,500000,100.0,adaptive,2026-07-02T23:09:42+01:00,4,67,65,0,385355,0.002375,210,195,105,100000,77.07,77.07,1531,1755
n012w8-0,n012w8,0,5,500000,100.0,adaptive,2026-07-02T23:09:42+01:00,4,67,65,0,485355,0.000150,210,195,105,100000,97.07,97.07,1531,224
n012w8-0,n012w8,0,5,500000,100.0,adaptive,2026-07-02T23:09:42+01:00,4,69,67,0,194055,0.469181,150,150,105,100000,38.81,38.81,1531,4685
n012w8-0,n012w8,0,5,500000,100.0,adaptive,2026-07-02T23:09:42+01:00,4,69,67,0,294055,0.029603,150,150,105,100000,58.81,58.81,1531,3154
n012w8-0,n012w8,0,5,500000,100.0,adaptive,2026-07-02T23:09:42+01:00,4,69,67,0,394055,0.001868,150,150,105,100000,78.81,78.81,1531,1622
n012w8-0,n012w8,0,5,500000,100.0,adaptive,2026-07-02T23:09:42+01:00,4,69,67,0,494055,0.000118,150,150,105,100000,98.81,98.81,1531,91
n012w8-0,n012w8,0,5,500000,100.0,adaptive,2026-07-02T23:09:42+01:00,4,68,66,0,199326,0.405591,175,175,105,100000,39.87,39.87,1531,4605
n012w8-0,n012w8,0,5,500000,100.0,adaptive,2026-07-02T23:09:42+01:00,4,68,66,0,299326,0.025591,175,175,105,100000,59.87,59.87,1531,3073
n012w8-0,n012w8,0,5,500000,100.0,adaptive,2026-07-02T23:09:42+01:00,4,68,66,0,399326,0.001615,175,175,105,100000,79.87,79.87,1531,1541
n012w8-0,n012w8,0,5,500000,100.0,adaptive,2026-07-02T23:09:42+01:00,4,68,66,0,499326,0.000102,175,175,105,100000,99.87,99.87,1531,10
n012w8-0,n012w8,0,5,500000,100.0,adaptive,2026-07-02T23:09:42+01:00,4,70,68,0,150172,1.577379,190,185,105,100000,30.03,30.03,1531,5357
n012w8-0,n012w8,0,5,500000,100.0,adaptive,2026-07-02T23:09:42+01:00,4,70,68,0,250172,0.099526,190,185,105,100000,50.03,50.03,1531,3826
n012w8-0,n012w8,0,5,500000,100.0,adaptive,2026-07-02T23:09:42+01:00,4,70,68,0,350172,0.006280,190,185,105,100000,70.03,70.03,1531,2294
n012w8-0,n012w8,0,5,500000,100.0,adaptive,2026-07-02T23:09:42+01:00,4,70,68,0,450172,0.000396,190,185,105,100000,90.03,90.03,1531,763
n012w8-0,n012w8,0,5,500000,100.0,adaptive,2026-07-02T23:09:42+01:00,4,71,69,0,150172,1.577379,195,180,105,100000,30.03,30.03,1531,5357
n012w8-0,n012w8,0,5,500000,100.0,adaptive,2026-07-02T23:09:42+01:00,4,71,69,0,250172,0.099526,195,180,105,100000,50.03,50.03,1531,3826
n012w8-0,n012w8,0,5,500000,100.0,adaptive,2026-07-02T23:09:42+01:00,4,71,69,0,350172,0.006280,195,180,105,100000,70.03,70.03,1531,2294
n012w8-0,n012w8,0,5,500000,100.0,adaptive,2026-07-02T23:09:42+01:00,4,71,69,0,450172,0.000396,195,180,105,100000,90.03,90.03,1531,763
n012w8-0,n012w8,0,5,500000,100.0,adaptive,2026-07-02T23:09:42+01:00,4,72,70,0,150172,1.577379,180,175,105,100000,30.03,30.03,1531,5357
n012w8-0,n012w8,0,5,500000,100.0,adaptive,2026-07-02T23:09:42+01:00,4,72,70,0,250172,0.099526,180,175,105,100000,50.03,50.03,1531,3826
n012w8-0,n012w8,0,5,500000,100.0,adaptive,2026-07-02T23:09:42+01:00,4,72,70,0,350172,0.006280,180,175,105,100000,70.03,70.03,1531,2294
n012w8-0,n012w8,0,5,500000,100.0,adaptive,2026-07-02T23:09:42+01:00,4,72,70,0,450172,0.000396,180,175,105,100000,90.03,90.03,1531,763
n012w8-0,n012w8,0,5,500000,100.0,adaptive,2026-07-02T23:09:42+01:00,4,73,71,0,196073,0.443735,165,150,105,100000,39.21,39.21,1531,4654
n012w8-0,n012w8,0,5,500000,100.0,adaptive,2026-07-02T23:09:42+01:00,4,73,71,0,296073,0.027998,165,150,105,100000,59.21,59.21,1531,3123
n012w8-0,n012w8,0,5,500000,100.0,adaptive,2026-07-02T23:09:42+01:00,4,73,71,0,396073,0.001767,165,150,105,100000,79.21,79.21,1531,1591
n012w8-0,n012w8,0,5,500000,100.0,adaptive,2026-07-02T23:09:42+01:00,4,73,71,0,496073,0.000111,165,150,105,100000,99.21,99.21,1531,60
n012w8-0,n012w8,0,5,500000,100.0,adaptive,2026-07-02T23:09:42+01:00,4,75,73,0,174493,0.805534,130,130,105,100000,34.90,34.90,1531,4985
n012w8-0,n012w8,0,5,500000,100.0,adaptive,2026-07-02T23:09:42+01:00,4,75,73,0,274493,0.050826,130,130,105,100000,54.90,54.90,1531,3453
n012w8-0,n012w8,0,5,500000,100.0,adaptive,2026-07-02T23:09:42+01:00,4,75,73,0,374493,0.003207,130,130,105,100000,74.90,74.90,1531,1922
n012w8-0,n012w8,0,5,500000,100.0,adaptive,2026-07-02T23:09:42+01:00,4,75,73,0,474493,0.000202,130,130,105,100000,94.90,94.90,1531,390
n012w8-0,n012w8,0,5,500000,100.0,adaptive,2026-07-02T23:09:42+01:00,4,74,72,0,150172,1.577379,165,150,105,100000,30.03,30.03,1531,5357
n012w8-0,n012w8,0,5,500000,100.0,adaptive,2026-07-02T23:09:42+01:00,4,74,72,0,250172,0.099526,165,150,105,100000,50.03,50.03,1531,3826
n012w8-0,n012w8,0,5,500000,100.0,adaptive,2026-07-02T23:09:42+01:00,4,74,72,0,350172,0.006280,165,150,105,100000,70.03,70.03,1531,2294
n012w8-0,n012w8,0,5,500000,100.0,adaptive,2026-07-02T23:09:42+01:00,4,74,72,0,450172,0.000396,165,150,105,100000,90.03,90.03,1531,763
n012w8-0,n012w8,0,5,500000,100.0,adaptive,2026-07-02T23:09:42+01:00,4,76,74,0,202625,0.370254,135,135,105,100000,40.52,40.52,1531,4554
n012w8-0,n012w8,0,5,500000,100.0,adaptive,2026-07-02T23:09:42+01:00,4,76,74,0,302625,0.023361,135,135,105,100000,60.52,60.52,1531,3022
n012w8-0,n012w8,0,5,500000,100.0,adaptive,2026-07-02T23:09:42+01:00,4,76,74,0,402625,0.001474,135,135,105,100000,80.53,80.53,1531,1491
n012w8-0,n012w8,0,5,500000,100.0,adaptive,2026-07-02T23:09:42+01:00,4,77,75,0,187902,0.556130,120,120,105,100000,37.58,37.58,1531,4780
n012w8-0,n012w8,0,5,500000,100.0,adaptive,2026-07-02T23:09:42+01:00,4,77,75,0,287902,0.035089,120,120,105,100000,57.58,57.58,1531,3248
n012w8-0,n012w8,0,5,500000,100.0,adaptive,2026-07-02T23:09:42+01:00,4,77,75,0,387902,0.002214,120,120,105,100000,77.58,77.58,1531,1716
n012w8-0,n012w8,0,5,500000,100.0,adaptive,2026-07-02T23:09:42+01:00,4,77,75,0,487902,0.000140,120,120,105,100000,97.58,97.58,1531,185
n012w8-0,n012w8,0,5,500000,100.0,adaptive,2026-07-02T23:09:42+01:00,4,78,76,0,150172,1.577379,165,130,105,100000,30.03,30.03,1531,5357
n012w8-0,n012w8,0,5,500000,100.0,adaptive,2026-07-02T23:09:42+01:00,4,78,76,0,250172,0.099526,165,130,105,100000,50.03,50.03,1531,3826
n012w8-0,n012w8,0,5,500000,100.0,adaptive,2026-07-02T23:09:42+01:00,4,78,76,0,350172,0.006280,165,130,105,100000,70.03,70.03,1531,2294
n012w8-0,n012w8,0,5,500000,100.0,adaptive,2026-07-02T23:09:42+01:00,4,78,76,0,450172,0.000396,165,130,105,100000,90.03,90.03,1531,763
n012w8-0,n012w8,0,5,500000,100.0,adaptive,2026-07-02T23:09:42+01:00,4,79,77,0,150172,1.577379,180,120,105,100000,30.03,30.03,1531,5357
n012w8-0,n012w8,0,5,500000,100.0,adaptive,2026-07-02T23:09:42+01:00,4,79,77,0,250172,0.099526,180,120,105,100000,50.03,50.03,1531,3826
n012w8-0,n012w8,0,5,500000,100.0,adaptive,2026-07-02T23:09:42+01:00,4,79,77,0,350172,0.006280,180,120,105,100000,70.03,70.03,1531,2294
n012w8-0,n012w8,0,5,500000,100.0,adaptive,2026-07-02T23:09:42+01:00,4,79,77,0,450172,0.000396,180,120,105,100000,90.03,90.03,1531,763
n012w8-0,n012w8,0,5,500000,100.0,adaptive,2026-07-02T23:09:42+01:00,4,80,78,0,150172,1.577379,225,105,105,100000,30.03,30.03,1531,5357
n012w8-0,n012w8,0,5,500000,100.0,adaptive,2026-07-02T23:09:42+01:00,4,80,78,0,250172,0.099526,225,105,105,100000,50.03,50.03,1531,3826
n012w8-0,n012w8,0,5,500000,100.0,adaptive,2026-07-02T23:09:42+01:00,4,80,78,0,350172,0.006280,225,105,105,100000,70.03,70.03,1531,2294
n012w8-0,n012w8,0,5,500000,100.0,adaptive,2026-07-02T23:09:42+01:00,4,80,78,0,450172,0.000396,225,105,105,100000,90.03,90.03,1531,763
n012w8-0,n012w8,0,5,500000,100.0,adaptive,2026-07-02T23:09:42+01:00,5,4,2,0,194437,25.118864,975,350,320,100000,38.89,38.89,1531,4680
n012w8-0,n012w8,0,5,500000,100.0,adaptive,2026-07-02T23:09:42+01:00,5,4,2,0,294437,25.118864,825,350,320,100000,58.89,58.89,1531,3148
n012w8-0,n012w8,0,5,500000,100.0,adaptive,2026-07-02T23:09:42+01:00,5,4,2,0,394437,25.118864,615,350,320,100000,78.89,78.89,1531,1616
n012w8-0,n012w8,0,5,500000,100.0,adaptive,2026-07-02T23:09:42+01:00,5,4,2,0,494437,25.118864,1070,350,320,100000,98.89,98.89,1531,85
n012w8-0,n012w8,0,5,500000,100.0,adaptive,2026-07-02T23:09:42+01:00,5,3,1,0,200957,25.118864,765,320,320,100000,40.19,40.19,1531,4580
n012w8-0,n012w8,0,5,500000,100.0,adaptive,2026-07-02T23:09:42+01:00,5,3,1,0,300957,25.118864,845,320,320,100000,60.19,60.19,1531,3048
n012w8-0,n012w8,0,5,500000,100.0,adaptive,2026-07-02T23:09:42+01:00,5,3,1,0,400957,25.118864,960,320,320,100000,80.19,80.19,1531,1516
n012w8-0,n012w8,0,5,500000,100.0,adaptive,2026-07-02T23:09:42+01:00,5,2,0,0,178173,25.118864,740,380,320,100000,35.63,35.63,1531,4929
n012w8-0,n012w8,0,5,500000,100.0,adaptive,2026-07-02T23:09:42+01:00,5,2,0,0,278173,25.118864,780,380,320,100000,55.63,55.63,1531,3397
n012w8-0,n012w8,0,5,500000,100.0,adaptive,2026-07-02T23:09:42+01:00,5,2,0,0,378173,25.118864,620,380,320,100000,75.63,75.63,1531,1865
n012w8-0,n012w8,0,5,500000,100.0,adaptive,2026-07-02T23:09:42+01:00,5,2,0,0,478173,25.118864,735,380,320,100000,95.63,95.63,1531,334
n012w8-0,n012w8,0,5,500000,100.0,adaptive,2026-07-02T23:09:42+01:00,5,7,5,0,186830,25.118864,470,385,320,100000,37.37,37.37,1531,4796
n012w8-0,n012w8,0,5,500000,100.0,adaptive,2026-07-02T23:09:42+01:00,5,7,5,0,286830,25.118864,805,385,320,100000,57.37,57.37,1531,3264
n012w8-0,n012w8,0,5,500000,100.0,adaptive,2026-07-02T23:09:42+01:00,5,7,5,0,386830,25.118864,780,385,320,100000,77.37,77.37,1531,1733
n012w8-0,n012w8,0,5,500000,100.0,adaptive,2026-07-02T23:09:42+01:00,5,7,5,0,486830,25.118864,715,385,320,100000,97.37,97.37,1531,201
n012w8-0,n012w8,0,5,500000,100.0,adaptive,2026-07-02T23:09:42+01:00,5,6,4,0,184043,25.118864,975,360,320,100000,36.81,36.81,1531,4839
n012w8-0,n012w8,0,5,500000,100.0,adaptive,2026-07-02T23:09:42+01:00,5,6,4,0,284043,25.118864,710,360,320,100000,56.81,56.81,1531,3307
n012w8-0,n012w8,0,5,500000,100.0,adaptive,2026-07-02T23:09:42+01:00,5,6,4,0,384043,25.118864,665,360,320,100000,76.81,76.81,1531,1775
n012w8-0,n012w8,0,5,500000,100.0,adaptive,2026-07-02T23:09:42+01:00,5,6,4,0,484043,25.118864,810,360,320,100000,96.81,96.81,1531,244
n012w8-0,n012w8,0,5,500000,100.0,adaptive,2026-07-02T23:09:42+01:00,5,8,6,0,193147,25.118864,850,350,320,100000,38.63,38.63,1531,4699
n012w8-0,n012w8,0,5,500000,100.0,adaptive,2026-07-02T23:09:42+01:00,5,8,6,0,293147,25.118864,715,350,320,100000,58.63,58.63,1531,3168
n012w8-0,n012w8,0,5,500000,100.0,adaptive,2026-07-02T23:09:42+01:00,5,8,6,0,393147,25.118864,885,350,320,100000,78.63,78.63,1531,1636
n012w8-0,n012w8,0,5,500000,100.0,adaptive,2026-07-02T23:09:42+01:00,5,8,6,0,493147,25.118864,845,350,320,100000,98.63,98.63,1531,104
n012w8-0,n012w8,0,5,500000,100.0,adaptive,2026-07-02T23:09:42+01:00,5,5,3,0,178551,25.118864,1025,395,320,100000,35.71,35.71,1531,4923
n012w8-0,n012w8,0,5,500000,100.0,adaptive,2026-07-02T23:09:42+01:00,5,5,3,0,278551,25.118864,705,395,320,100000,55.71,55.71,1531,3391
n012w8-0,n012w8,0,5,500000,100.0,adaptive,2026-07-02T23:09:42+01:00,5,5,3,0,378551,25.118864,830,395,320,100000,75.71,75.71,1531,1860
n012w8-0,n012w8,0,5,500000,100.0,adaptive,2026-07-02T23:09:42+01:00,5,5,3,0,478551,25.118864,930,395,320,100000,95.71,95.71,1531,328
n012w8-0,n012w8,0,5,500000,100.0,adaptive,2026-07-02T23:09:42+01:00,5,0,-1,0,186299,25.118864,845,380,320,100000,37.26,37.26,1531,4804
n012w8-0,n012w8,0,5,500000,100.0,adaptive,2026-07-02T23:09:42+01:00,5,0,-1,0,286299,25.118864,975,380,320,100000,57.26,57.26,1531,3273
n012w8-0,n012w8,0,5,500000,100.0,adaptive,2026-07-02T23:09:42+01:00,5,0,-1,0,386299,25.118864,945,380,320,100000,77.26,77.26,1531,1741
n012w8-0,n012w8,0,5,500000,100.0,adaptive,2026-07-02T23:09:42+01:00,5,0,-1,0,486299,25.118864,1075,380,320,100000,97.26,97.26,1531,209
n012w8-0,n012w8,0,5,500000,100.0,adaptive,2026-07-02T23:09:42+01:00,5,11,9,0,191998,0.496620,380,380,320,100000,38.40,38.40,1531,4717
n012w8-0,n012w8,0,5,500000,100.0,adaptive,2026-07-02T23:09:42+01:00,5,11,9,0,291998,0.031335,380,380,320,100000,58.40,58.40,1531,3185
n012w8-0,n012w8,0,5,500000,100.0,adaptive,2026-07-02T23:09:42+01:00,5,11,9,0,391998,0.001977,380,380,320,100000,78.40,78.40,1531,1654
n012w8-0,n012w8,0,5,500000,100.0,adaptive,2026-07-02T23:09:42+01:00,5,11,9,0,491998,0.000125,380,380,320,100000,98.40,98.40,1531,122
n012w8-0,n012w8,0,5,500000,100.0,adaptive,2026-07-02T23:09:42+01:00,5,10,8,0,186215,0.582666,355,355,320,100000,37.24,37.24,1531,4805
n012w8-0,n012w8,0,5,500000,100.0,adaptive,2026-07-02T23:09:42+01:00,5,10,8,0,286215,0.036764,355,355,320,100000,57.24,57.24,1531,3274
n012w8-0,n012w8,0,5,500000,100.0,adaptive,2026-07-02T23:09:42+01:00,5,10,8,0,386215,0.002320,355,355,320,100000,77.24,77.24,1531,1742
n012w8-0,n012w8,0,5,500000,100.0,adaptive,2026-07-02T23:09:42+01:00,5,10,8,0,486215,0.000146,355,355,320,100000,97.24,97.24,1531,211
n012w8-0,n012w8,0,5,500000,100.0,adaptive,2026-07-02T23:09:42+01:00,5,13,11,0,194035,0.469440,360,360,320,100000,38.81,38.81,1531,4686
n012w8-0,n012w8,0,5,500000,100.0,adaptive,2026-07-02T23:09:42+01:00,5,13,11,0,294035,0.029620,360,360,320,100000,58.81,58.81,1531,3154
n012w8-0,n012w8,0,5,500000,100.0,adaptive,2026-07-02T23:09:42+01:00,5,13,11,0,394035,0.001869,360,360,320,100000,78.81,78.81,1531,1622
n012w8-0,n012w8,0,5,500000,100.0,adaptive,2026-07-02T23:09:42+01:00,5,13,11,0,494035,0.000118,360,360,320,100000,98.81,98.81,1531,91
n012w8-0,n012w8,0,5,500000,100.0,adaptive,2026-07-02T23:09:42+01:00,5,12,10,0,199283,0.406073,355,355,320,100000,39.86,39.86,1531,4605
n012w8-0,n012w8,0,5,500000,100.0,adaptive,2026-07-02T23:09:42+01:00,5,12,10,0,299283,0.025621,355,355,320,100000,59.86,59.86,1531,3074
n012w8-0,n012w8,0,5,500000,100.0,adaptive,2026-07-02T23:09:42+01:00,5,12,10,0,399283,0.001617,355,355,320,100000,79.86,79.86,1531,1542
n012w8-0,n012w8,0,5,500000,100.0,adaptive,2026-07-02T23:09:42+01:00,5,12,10,0,499283,0.000102,355,355,320,100000,99.86,99.86,1531,10
n012w8-0,n012w8,0,5,500000,100.0,adaptive,2026-07-02T23:09:42+01:00,5,14,12,0,173968,0.817305,370,355,320,100000,34.79,34.79,1531,4993
n012w8-0,n012w8,0,5,500000,100.0,adaptive,2026-07-02T23:09:42+01:00,5,14,12,0,273968,0.051568,370,355,320,100000,54.79,54.79,1531,3461
n012w8-0,n012w8,0,5,500000,100.0,adaptive,2026-07-02T23:09:42+01:00,5,14,12,0,373968,0.003254,370,355,320,100000,74.79,74.79,1531,1930
n012w8-0,n012w8,0,5,500000,100.0,adaptive,2026-07-02T23:09:42+01:00,5,14,12,0,473968,0.000205,370,355,320,100000,94.79,94.79,1531,398
n012w8-0,n012w8,0,5,500000,100.0,adaptive,2026-07-02T23:09:42+01:00,5,9,7,0,167728,0.971100,415,395,320,100000,33.55,33.55,1531,5089
n012w8-0,n012w8,0,5,500000,100.0,adaptive,2026-07-02T23:09:42+01:00,5,9,7,0,267728,0.061272,415,395,320,100000,53.55,53.55,1531,3557
n012w8-0,n012w8,0,5,500000,100.0,adaptive,2026-07-02T23:09:42+01:00,5,9,7,0,367728,0.003866,415,395,320,100000,73.55,73.55,1531,2025
n012w8-0,n012w8,0,5,500000,100.0,adaptive,2026-07-02T23:09:42+01:00,5,9,7,0,467728,0.000244,415,395,320,100000,93.55,93.55,1531,494
n012w8-0,n012w8,0,5,500000,100.0,adaptive,2026-07-02T23:09:42+01:00,5,16,14,0,179804,0.695588,365,350,320,100000,35.96,35.96,1531,4904
n012w8-0,n012w8,0,5,500000,100.0,adaptive,2026-07-02T23:09:42+01:00,5,16,14,0,279804,0.043889,365,350,320,100000,55.96,55.96,1531,3372
n012w8-0,n012w8,0,5,500000,100.0,adaptive,2026-07-02T23:09:42+01:00,5,16,14,0,379804,0.002769,365,350,320,100000,75.96,75.96,1531,1840
n012w8-0,n012w8,0,5,500000,100.0,adaptive,2026-07-02T23:09:42+01:00,5,16,14,0,479804,0.000175,365,350,320,100000,95.96,95.96,1531,309
n012w8-0,n012w8,0,5,500000,100.0,adaptive,2026-07-02T23:09:42+01:00,5,15,13,0,176225,0.767892,350,350,320,100000,35.24,35.24,1531,4958
n012w8-0,n012w8,0,5,500000,100.0,adaptive,2026-07-02T23:09:42+01:00,5,15,13,0,276225,0.048451,350,350,320,100000,55.24,55.24,1531,3427
n012w8-0,n012w8,0,5,500000,100.0,adaptive,2026-07-02T23:09:42+01:00,5,15,13,0,376225,0.003057,350,350,320,100000,75.24,75.24,1531,1895
n012w8-0,n012w8,0,5,500000,100.0,adaptive,2026-07-02T23:09:42+01:00,5,15,13,0,476225,0.000193,350,350,320,100000,95.25,95.25,1531,364
n012w8-0,n012w8,0,5,500000,100.0,adaptive,2026-07-02T23:09:42+01:00,5,21,19,0,188107,0.552988,350,350,320,100000,37.62,37.62,1531,4776
n012w8-0,n012w8,0,5,500000,100.0,adaptive,2026-07-02T23:09:42+01:00,5,21,19,0,288107,0.034891,350,350,320,100000,57.62,57.62,1531,3245
n012w8-0,n012w8,0,5,500000,100.0,adaptive,2026-07-02T23:09:42+01:00,5,21,19,0,388107,0.002201,350,350,320,100000,77.62,77.62,1531,1713
n012w8-0,n012w8,0,5,500000,100.0,adaptive,2026-07-02T23:09:42+01:00,5,21,19,0,488107,0.000139,350,350,320,100000,97.62,97.62,1531,182
n012w8-0,n012w8,0,5,500000,100.0,adaptive,2026-07-02T23:09:42+01:00,5,17,15,0,186723,0.574545,370,340,320,100000,37.34,37.34,1531,4798
n012w8-0,n012w8,0,5,500000,100.0,adaptive,2026-07-02T23:09:42+01:00,5,17,15,0,286723,0.036251,370,340,320,100000,57.34,57.34,1531,3266
n012w8-0,n012w8,0,5,500000,100.0,adaptive,2026-07-02T23:09:42+01:00,5,17,15,0,386723,0.002287,370,340,320,100000,77.34,77.34,1531,1734
n012w8-0,n012w8,0,5,500000,100.0,adaptive,2026-07-02T23:09:42+01:00,5,17,15,0,486723,0.000144,370,340,320,100000,97.34,97.34,1531,203
n012w8-0,n012w8,0,5,500000,100.0,adaptive,2026-07-02T23:09:42+01:00,5,18,16,0,193332,0.478648,340,325,320,100000,38.67,38.67,1531,4696
n012w8-0,n012w8,0,5,500000,100.0,adaptive,2026-07-02T23:09:42+01:00,5,18,16,0,293332,0.030201,340,325,320,100000,58.67,58.67,1531,3165
n012w8-0,n012w8,0,5,500000,100.0,adaptive,2026-07-02T23:09:42+01:00,5,18,16,0,393332,0.001906,340,325,320,100000,78.67,78.67,1531,1633
n012w8-0,n012w8,0,5,500000,100.0,adaptive,2026-07-02T23:09:42+01:00,5,18,16,0,493332,0.000120,340,325,320,100000,98.67,98.67,1531,102
n012w8-0,n012w8,0,5,500000,100.0,adaptive,2026-07-02T23:09:42+01:00,5,20,18,0,196589,0.437454,360,360,320,100000,39.32,39.32,1531,4647
n012w8-0,n012w8,0,5,500000,100.0,adaptive,2026-07-02T23:09:42+01:00,5,20,18,0,296589,0.027601,360,360,320,100000,59.32,59.32,1531,3115
n012w8-0,n012w8,0,5,500000,100.0,adaptive,2026-07-02T23:09:42+01:00,5,20,18,0,396589,0.001742,360,360,320,100000,79.32,79.32,1531,1583
n012w8-0,n012w8,0,5,500000,100.0,adaptive,2026-07-02T23:09:42+01:00,5,20,18,0,496589,0.000110,360,360,320,100000,99.32,99.32,1531,52
n012w8-0,n012w8,0,5,500000,100.0,adaptive,2026-07-02T23:09:42+01:00,5,19,17,0,196572,0.437659,360,360,320,100000,39.31,39.31,1531,4647
n012w8-0,n012w8,0,5,500000,100.0,adaptive,2026-07-02T23:09:42+01:00,5,19,17,0,296572,0.027614,360,360,320,100000,59.31,59.31,1531,3115
n012w8-0,n012w8,0,5,500000,100.0,adaptive,2026-07-02T23:09:42+01:00,5,19,17,0,396572,0.001742,360,360,320,100000,79.31,79.31,1531,1584
n012w8-0,n012w8,0,5,500000,100.0,adaptive,2026-07-02T23:09:42+01:00,5,19,17,0,496572,0.000110,360,360,320,100000,99.31,99.31,1531,52
n012w8-0,n012w8,0,5,500000,100.0,adaptive,2026-07-02T23:09:42+01:00,5,22,20,0,195111,0.455688,340,325,320,100000,39.02,39.02,1531,4669
n012w8-0,n012w8,0,5,500000,100.0,adaptive,2026-07-02T23:09:42+01:00,5,22,20,0,295111,0.028752,340,325,320,100000,59.02,59.02,1531,3138
n012w8-0,n012w8,0,5,500000,100.0,adaptive,2026-07-02T23:09:42+01:00,5,22,20,0,395111,0.001814,340,325,320,100000,79.02,79.02,1531,1606
n012w8-0,n012w8,0,5,500000,100.0,adaptive,2026-07-02T23:09:42+01:00,5,22,20,0,495111,0.000114,340,325,320,100000,99.02,99.02,1531,74
n012w8-0,n012w8,0,5,500000,100.0,adaptive,2026-07-02T23:09:42+01:00,5,23,21,0,217487,0.245559,325,325,320,100000,43.50,43.50,1531,4326
n012w8-0,n012w8,0,5,500000,100.0,adaptive,2026-07-02T23:09:42+01:00,5,23,21,0,317487,0.015494,325,325,320,100000,63.50,63.50,1531,2795
n012w8-0,n012w8,0,5,500000,100.0,adaptive,2026-07-02T23:09:42+01:00,5,23,21,0,417487,0.000978,325,325,320,100000,83.50,83.50,1531,1263
n012w8-0,n012w8,0,5,500000,100.0,adaptive,2026-07-02T23:09:42+01:00,5,24,22,0,182651,0.642966,390,365,320,100000,36.53,36.53,1531,4860
n012w8-0,n012w8,0,5,500000,100.0,adaptive,2026-07-02T23:09:42+01:00,5,24,22,0,282651,0.040568,390,365,320,100000,56.53,56.53,1531,3328
n012w8-0,n012w8,0,5,500000,100.0,adaptive,2026-07-02T23:09:42+01:00,5,24,22,0,382651,0.002560,390,365,320,100000,76.53,76.53,1531,1797
n012w8-0,n012w8,0,5,500000,100.0,adaptive,2026-07-02T23:09:42+01:00,5,24,22,0,482651,0.000162,390,365,320,100000,96.53,96.53,1531,265
n012w8-0,n012w8,0,5,500000,100.0,adaptive,2026-07-02T23:09:42+01:00,5,25,23,0,197350,0.428351,330,320,320,100000,39.47,39.47,1531,4635
n012w8-0,n012w8,0,5,500000,100.0,adaptive,2026-07-02T23:09:42+01:00,5,25,23,0,297350,0.027027,330,320,320,100000,59.47,59.47,1531,3103
n012w8-0,n012w8,0,5,500000,100.0,adaptive,2026-07-02T23:09:42+01:00,5,25,23,0,397350,0.001705,330,320,320,100000,79.47,79.47,1531,1572
n012w8-0,n012w8,0,5,500000,100.0,adaptive,2026-07-02T23:09:42+01:00,5,25,23,0,497350,0.000108,330,320,320,100000,99.47,99.47,1531,40
n012w8-0,n012w8,0,5,500000,100.0,adaptive,2026-07-02T23:09:42+01:00,5,26,24,0,207023,0.327887,365,365,320,100000,41.40,41.40,1531,4487
n012w8-0,n012w8,0,5,500000,100.0,adaptive,2026-07-02T23:09:42+01:00,5,26,24,0,307023,0.020688,365,365,320,100000,61.40,61.40,1531,2955
n012w8-0,n012w8,0,5,500000,100.0,adaptive,2026-07-02T23:09:42+01:00,5,26,24,0,407023,0.001305,365,365,320,100000,81.40,81.40,1531,1424
n012w8-0,n012w8,0,5,500000,100.0,adaptive,2026-07-02T23:09:42+01:00,5,28,26,0,184147,0.616930,370,365,320,100000,36.83,36.83,1531,4837
n012w8-0,n012w8,0,5,500000,100.0,adaptive,2026-07-02T23:09:42+01:00,5,28,26,0,284147,0.038926,370,365,320,100000,56.83,56.83,1531,3306
n012w8-0,n012w8,0,5,500000,100.0,adaptive,2026-07-02T23:09:42+01:00,5,28,26,0,384147,0.002456,370,365,320,100000,76.83,76.83,1531,1774
n012w8-0,n012w8,0,5,500000,100.0,adaptive,2026-07-02T23:09:42+01:00,5,28,26,0,484147,0.000155,370,365,320,100000,96.83,96.83,1531,242
n012w8-0,n012w8,0,5,500000,100.0,adaptive,2026-07-02T23:09:42+01:00,5,30,28,0,182402,0.647405,370,370,320,100000,36.48,36.48,1531,4864
n012w8-0,n012w8,0,5,500000,100.0,adaptive,2026-07-02T23:09:42+01:00,5,30,28,0,282402,0.040848,370,370,320,100000,56.48,56.48,1531,3332
n012w8-0,n012w8,0,5,500000,100.0,adaptive,2026-07-02T23:09:42+01:00,5,30,28,0,382402,0.002577,370,370,320,100000,76.48,76.48,1531,1801
n012w8-0,n012w8,0,5,500000,100.0,adaptive,2026-07-02T23:09:42+01:00,5,30,28,0,482402,0.000163,370,370,320,100000,96.48,96.48,1531,269
n012w8-0,n012w8,0,5,500000,100.0,adaptive,2026-07-02T23:09:42+01:00,5,27,25,0,207581,0.322870,355,355,320,100000,41.52,41.52,1531,4478
n012w8-0,n012w8,0,5,500000,100.0,adaptive,2026-07-02T23:09:42+01:00,5,27,25,0,307581,0.020372,355,355,320,100000,61.52,61.52,1531,2947
n012w8-0,n012w8,0,5,500000,100.0,adaptive,2026-07-02T23:09:42+01:00,5,27,25,0,407581,0.001285,355,355,320,100000,81.52,81.52,1531,1415
n012w8-0,n012w8,0,5,500000,100.0,adaptive,2026-07-02T23:09:42+01:00,5,29,27,0,199525,0.403367,350,350,320,100000,39.91,39.91,1531,4602
n012w8-0,n012w8,0,5,500000,100.0,adaptive,2026-07-02T23:09:42+01:00,5,29,27,0,299525,0.025451,350,350,320,100000,59.90,59.90,1531,3070
n012w8-0,n012w8,0,5,500000,100.0,adaptive,2026-07-02T23:09:42+01:00,5,29,27,0,399525,0.001606,350,350,320,100000,79.91,79.91,1531,1538
n012w8-0,n012w8,0,5,500000,100.0,adaptive,2026-07-02T23:09:42+01:00,5,29,27,0,499525,0.000101,350,350,320,100000,99.91,99.91,1531,7
n012w8-0,n012w8,0,5,500000,100.0,adaptive,2026-07-02T23:09:42+01:00,5,32,30,0,189331,0.534599,430,400,320,100000,37.87,37.87,1531,4758
n012w8-0,n012w8,0,5,500000,100.0,adaptive,2026-07-02T23:09:42+01:00,5,32,30,0,289331,0.033731,430,400,320,100000,57.87,57.87,1531,3226
n012w8-0,n012w8,0,5,500000,100.0,adaptive,2026-07-02T23:09:42+01:00,5,32,30,0,389331,0.002128,430,400,320,100000,77.87,77.87,1531,1695
n012w8-0,n012w8,0,5,500000,100.0,adaptive,2026-07-02T23:09:42+01:00,5,32,30,0,489331,0.000134,430,400,320,100000,97.87,97.87,1531,163
n012w8-0,n012w8,0,5,500000,100.0,adaptive,2026-07-02T23:09:42+01:00,5,31,29,0,182071,0.653353,435,400,320,100000,36.41,36.41,1531,4869
n012w8-0,n012w8,0,5,500000,100.0,adaptive,2026-07-02T23:09:42+01:00,5,31,29,0,282071,0.041224,435,400,320,100000,56.41,56.41,1531,3337
n012w8-0,n012w8,0,5,500000,100.0,adaptive,2026-07-02T23:09:42+01:00,5,31,29,0,382071,0.002601,435,400,320,100000,76.41,76.41,1531,1806
n012w8-0,n012w8,0,5,500000,100.0,adaptive,2026-07-02T23:09:42+01:00,5,31,29,0,482071,0.000164,435,400,320,100000,96.41,96.41,1531,274
n012w8-0,n012w8,0,5,500000,100.0,adaptive,2026-07-02T23:09:42+01:00,5,36,34,0,211903,0.286526,385,385,320,100000,42.38,42.38,1531,4412
n012w8-0,n012w8,0,5,500000,100.0,adaptive,2026-07-02T23:09:42+01:00,5,36,34,0,311903,0.018079,385,385,320,100000,62.38,62.38,1531,2880
n012w8-0,n012w8,0,5,500000,100.0,adaptive,2026-07-02T23:09:42+01:00,5,36,34,0,411903,0.001141,385,385,320,100000,82.38,82.38,1531,1349
n012w8-0,n012w8,0,5,500000,100.0,adaptive,2026-07-02T23:09:42+01:00,5,33,31,0,188659,0.544618,395,370,320,100000,37.73,37.73,1531,4768
n012w8-0,n012w8,0,5,500000,100.0,adaptive,2026-07-02T23:09:42+01:00,5,33,31,0,288659,0.034363,395,370,320,100000,57.73,57.73,1531,3236
n012w8-0,n012w8,0,5,500000,100.0,adaptive,2026-07-02T23:09:42+01:00,5,33,31,0,388659,0.002168,395,370,320,100000,77.73,77.73,1531,1705
n012w8-0,n012w8,0,5,500000,100.0,adaptive,2026-07-02T23:09:42+01:00,5,33,31,0,488659,0.000137,395,370,320,100000,97.73,97.73,1531,173
n012w8-0,n012w8,0,5,500000,100.0,adaptive,2026-07-02T23:09:42+01:00,5,34,32,0,195342,0.452789,370,370,320,100000,39.07,39.07,1531,4666
n012w8-0,n012w8,0,5,500000,100.0,adaptive,2026-07-02T23:09:42+01:00,5,34,32,0,295342,0.028569,370,370,320,100000,59.07,59.07,1531,3134
n012w8-0,n012w8,0,5,500000,100.0,adaptive,2026-07-02T23:09:42+01:00,5,34,32,0,395342,0.001803,370,370,320,100000,79.07,79.07,1531,1602
n012w8-0,n012w8,0,5,500000,100.0,adaptive,2026-07-02T23:09:42+01:00,5,34,32,0,495342,0.000114,370,370,320,100000,99.07,99.07,1531,71
n012w8-0,n012w8,0,5,500000,100.0,adaptive,2026-07-02T23:09:42+01:00,5,35,33,0,187586,0.561007,385,370,320,100000,37.52,37.52,1531,4784
n012w8-0,n012w8,0,5,500000,100.0,adaptive,2026-07-02T23:09:42+01:00,5,35,33,0,287586,0.035397,385,370,320,100000,57.52,57.52,1531,3253
n012w8-0,n012w8,0,5,500000,100.0,adaptive,2026-07-02T23:09:42+01:00,5,35,33,0,387586,0.002233,385,370,320,100000,77.52,77.52,1531,1721
n012w8-0,n012w8,0,5,500000,100.0,adaptive,2026-07-02T23:09:42+01:00,5,35,33,0,487586,0.000141,385,370,320,100000,97.52,97.52,1531,190
n012w8-0,n012w8,0,5,500000,100.0,adaptive,2026-07-02T23:09:42+01:00,5,39,37,0,193778,0.472785,405,405,320,100000,38.76,38.76,1531,4690
n012w8-0,n012w8,0,5,500000,100.0,adaptive,2026-07-02T23:09:42+01:00,5,39,37,0,293778,0.029831,405,405,320,100000,58.76,58.76,1531,3158
n012w8-0,n012w8,0,5,500000,100.0,adaptive,2026-07-02T23:09:42+01:00,5,39,37,0,393778,0.001882,405,405,320,100000,78.76,78.76,1531,1626
n012w8-0,n012w8,0,5,500000,100.0,adaptive,2026-07-02T23:09:42+01:00,5,39,37,0,493778,0.000119,405,405,320,100000,98.76,98.76,1531,95
n012w8-0,n012w8,0,5,500000,100.0,adaptive,2026-07-02T23:09:42+01:00,5,38,36,0,210379,0.298849,335,335,320,100000,42.08,42.08,1531,4435
n012w8-0,n012w8,0,5,500000,100.0,adaptive,2026-07-02T23:09:42+01:00,5,38,36,0,310379,0.018856,335,335,320,100000,62.08,62.08,1531,2904
n012w8-0,n012w8,0,5,500000,100.0,adaptive,2026-07-02T23:09:42+01:00,5,38,36,0,410379,0.001190,335,335,320,100000,82.08,82.08,1531,1372
n012w8-0,n012w8,0,5,500000,100.0,adaptive,2026-07-02T23:09:42+01:00,5,37,35,0,189606,0.530552,365,365,320,100000,37.92,37.92,1531,4753
n012w8-0,n012w8,0,5,500000,100.0,adaptive,2026-07-02T23:09:42+01:00,5,37,35,0,289606,0.033476,365,365,320,100000,57.92,57.92,1531,3222
n012w8-0,n012w8,0,5,500000,100.0,adaptive,2026-07-02T23:09:42+01:00,5,37,35,0,389606,0.002112,365,365,320,100000,77.92,77.92,1531,1690
n012w8-0,n012w8,0,5,500000,100.0,adaptive,2026-07-02T23:09:42+01:00,5,37,35,0,489606,0.000133,365,365,320,100000,97.92,97.92,1531,159
n012w8-0,n012w8,0,5,500000,100.0,adaptive,2026-07-02T23:09:42+01:00,5,40,38,0,183160,0.633986,355,355,320,100000,36.63,36.63,1531,4852
n012w8-0,n012w8,0,5,500000,100.0,adaptive,2026-07-02T23:09:42+01:00,5,40,38,0,283160,0.040002,355,355,320,100000,56.63,56.63,1531,3321
n012w8-0,n012w8,0,5,500000,100.0,adaptive,2026-07-02T23:09:42+01:00,5,40,38,0,383160,0.002524,355,355,320,100000,76.63,76.63,1531,1789
n012w8-0,n012w8,0,5,500000,100.0,adaptive,2026-07-02T23:09:42+01:00,5,40,38,0,483160,0.000159,355,355,320,100000,96.63,96.63,1531,257
n012w8-0,n012w8,0,5,500000,100.0,adaptive,2026-07-02T23:09:42+01:00,5,41,39,0,187406,0.563804,420,395,320,100000,37.48,37.48,1531,4787
n012w8-0,n012w8,0,5,500000,100.0,adaptive,2026-07-02T23:09:42+01:00,5,41,39,0,287406,0.035574,420,395,320,100000,57.48,57.48,1531,3256
n012w8-0,n012w8,0,5,500000,100.0,adaptive,2026-07-02T23:09:42+01:00,5,41,39,0,387406,0.002245,420,395,320,100000,77.48,77.48,1531,1724
n012w8-0,n012w8,0,5,500000,100.0,adaptive,2026-07-02T23:09:42+01:00,5,41,39,0,487406,0.000142,420,395,320,100000,97.48,97.48,1531,192
n012w8-0,n012w8,0,5,500000,100.0,adaptive,2026-07-02T23:09:42+01:00,5,43,41,0,179625,0.699037,370,360,320,100000,35.93,35.93,1531,4906
n012w8-0,n012w8,0,5,500000,100.0,adaptive,2026-07-02T23:09:42+01:00,5,43,41,0,279625,0.044106,370,360,320,100000,55.93,55.93,1531,3375
n012w8-0,n012w8,0,5,500000,100.0,adaptive,2026-07-02T23:09:42+01:00,5,43,41,0,379625,0.002783,370,360,320,100000,75.92,75.92,1531,1843
n012w8-0,n012w8,0,5,500000,100.0,adaptive,2026-07-02T23:09:42+01:00,5,43,41,0,479625,0.000176,370,360,320,100000,95.93,95.93,1531,312
n012w8-0,n012w8,0,5,500000,100.0,adaptive,2026-07-02T23:09:42+01:00,5,42,40,0,167860,0.967565,370,365,320,100000,33.57,33.57,1531,5087
n012w8-0,n012w8,0,5,500000,100.0,adaptive,2026-07-02T23:09:42+01:00,5,42,40,0,267860,0.061049,370,365,320,100000,53.57,53.57,1531,3555
n012w8-0,n012w8,0,5,500000,100.0,adaptive,2026-07-02T23:09:42+01:00,5,42,40,0,367860,0.003852,370,365,320,100000,73.57,73.57,1531,2023
n012w8-0,n012w8,0,5,500000,100.0,adaptive,2026-07-02T23:09:42+01:00,5,42,40,0,467860,0.000243,370,365,320,100000,93.57,93.57,1531,492
n012w8-0,n012w8,0,5,500000,100.0,adaptive,2026-07-02T23:09:42+01:00,5,44,42,0,182237,0.650363,360,360,320,100000,36.45,36.45,1531,4866
n012w8-0,n012w8,0,5,500000,100.0,adaptive,2026-07-02T23:09:42+01:00,5,44,42,0,282237,0.041035,360,360,320,100000,56.45,56.45,1531,3335
n012w8-0,n012w8,0,5,500000,100.0,adaptive,2026-07-02T23:09:42+01:00,5,44,42,0,382237,0.002589,360,360,320,100000,76.45,76.45,1531,1803
n012w8-0,n012w8,0,5,500000,100.0,adaptive,2026-07-02T23:09:42+01:00,5,44,42,0,482237,0.000163,360,360,320,100000,96.45,96.45,1531,272
n012w8-0,n012w8,0,5,500000,100.0,adaptive,2026-07-02T23:09:42+01:00,5,48,46,0,197413,0.427606,370,360,320,100000,39.48,39.48,1531,4634
n012w8-0,n012w8,0,5,500000,100.0,adaptive,2026-07-02T23:09:42+01:00,5,48,46,0,297413,0.026980,370,360,320,100000,59.48,59.48,1531,3102
n012w8-0,n012w8,0,5,500000,100.0,adaptive,2026-07-02T23:09:42+01:00,5,48,46,0,397413,0.001702,370,360,320,100000,79.48,79.48,1531,1571
n012w8-0,n012w8,0,5,500000,100.0,adaptive,2026-07-02T23:09:42+01:00,5,48,46,0,497413,0.000107,370,360,320,100000,99.48,99.48,1531,39
n012w8-0,n012w8,0,5,500000,100.0,adaptive,2026-07-02T23:09:42+01:00,5,47,45,0,191780,0.499620,360,360,320,100000,38.36,38.36,1531,4720
n012w8-0,n012w8,0,5,500000,100.0,adaptive,2026-07-02T23:09:42+01:00,5,47,45,0,291780,0.031524,360,360,320,100000,58.36,58.36,1531,3189
n012w8-0,n012w8,0,5,500000,100.0,adaptive,2026-07-02T23:09:42+01:00,5,47,45,0,391780,0.001989,360,360,320,100000,78.36,78.36,1531,1657
n012w8-0,n012w8,0,5,500000,100.0,adaptive,2026-07-02T23:09:42+01:00,5,47,45,0,491780,0.000125,360,360,320,100000,98.36,98.36,1531,125
n012w8-0,n012w8,0,5,500000,100.0,adaptive,2026-07-02T23:09:42+01:00,5,46,44,0,202397,0.372594,370,370,320,100000,40.48,40.48,1531,4558
n012w8-0,n012w8,0,5,500000,100.0,adaptive,2026-07-02T23:09:42+01:00,5,46,44,0,302397,0.023509,370,370,320,100000,60.48,60.48,1531,3026
n012w8-0,n012w8,0,5,500000,100.0,adaptive,2026-07-02T23:09:42+01:00,5,46,44,0,402397,0.001483,370,370,320,100000,80.48,80.48,1531,1494
n012w8-0,n012w8,0,5,500000,100.0,adaptive,2026-07-02T23:09:42+01:00,5,45,43,0,174632,0.802446,435,385,320,100000,34.93,34.93,1531,4983
n012w8-0,n012w8,0,5,500000,100.0,adaptive,2026-07-02T23:09:42+01:00,5,45,43,0,274632,0.050631,435,385,320,100000,54.93,54.93,1531,3451
n012w8-0,n012w8,0,5,500000,100.0,adaptive,2026-07-02T23:09:42+01:00,5,45,43,0,374632,0.003195,435,385,320,100000,74.93,74.93,1531,1920
n012w8-0,n012w8,0,5,500000,100.0,adaptive,2026-07-02T23:09:42+01:00,5,45,43,0,474632,0.000202,435,385,320,100000,94.93,94.93,1531,388
n012w8-0,n012w8,0,5,500000,100.0,adaptive,2026-07-02T23:09:42+01:00,5,49,47,0,179015,0.710919,440,400,320,100000,35.80,35.80,1531,4916
n012w8-0,n012w8,0,5,500000,100.0,adaptive,2026-07-02T23:09:42+01:00,5,49,47,0,279015,0.044856,440,400,320,100000,55.80,55.80,1531,3384
n012w8-0,n012w8,0,5,500000,100.0,adaptive,2026-07-02T23:09:42+01:00,5,49,47,0,379015,0.002830,440,400,320,100000,75.80,75.80,1531,1853
n012w8-0,n012w8,0,5,500000,100.0,adaptive,2026-07-02T23:09:42+01:00,5,49,47,0,479015,0.000179,440,400,320,100000,95.80,95.80,1531,321
n012w8-0,n012w8,0,5,500000,100.0,adaptive,2026-07-02T23:09:42+01:00,5,50,48,0,209704,0.304475,410,395,320,100000,41.94,41.94,1531,4446
n012w8-0,n012w8,0,5,500000,100.0,adaptive,2026-07-02T23:09:42+01:00,5,50,48,0,309704,0.019211,410,395,320,100000,61.94,61.94,1531,2914
n012w8-0,n012w8,0,5,500000,100.0,adaptive,2026-07-02T23:09:42+01:00,5,50,48,0,409704,0.001212,410,395,320,100000,81.94,81.94,1531,1382
n012w8-0,n012w8,0,5,500000,100.0,adaptive,2026-07-02T23:09:42+01:00,5,52,50,0,196070,0.443772,375,365,320,100000,39.21,39.21,1531,4654
n012w8-0,n012w8,0,5,500000,100.0,adaptive,2026-07-02T23:09:42+01:00,5,52,50,0,296070,0.028000,375,365,320,100000,59.21,59.21,1531,3123
n012w8-0,n012w8,0,5,500000,100.0,adaptive,2026-07-02T23:09:42+01:00,5,52,50,0,396070,0.001767,375,365,320,100000,79.21,79.21,1531,1591
n012w8-0,n012w8,0,5,500000,100.0,adaptive,2026-07-02T23:09:42+01:00,5,52,50,0,496070,0.000111,375,365,320,100000,99.21,99.21,1531,60
n012w8-0,n012w8,0,5,500000,100.0,adaptive,2026-07-02T23:09:42+01:00,5,53,51,0,217721,0.243977,385,385,320,100000,43.54,43.54,1531,4323
n012w8-0,n012w8,0,5,500000,100.0,adaptive,2026-07-02T23:09:42+01:00,5,53,51,0,317721,0.015394,385,385,320,100000,63.54,63.54,1531,2791
n012w8-0,n012w8,0,5,500000,100.0,adaptive,2026-07-02T23:09:42+01:00,5,53,51,0,417721,0.000971,385,385,320,100000,83.54,83.54,1531,1260
n012w8-0,n012w8,0,5,500000,100.0,adaptive,2026-07-02T23:09:42+01:00,5,51,49,0,199455,0.404148,400,400,320,100000,39.89,39.89,1531,4603
n012w8-0,n012w8,0,5,500000,100.0,adaptive,2026-07-02T23:09:42+01:00,5,51,49,0,299455,0.025500,400,400,320,100000,59.89,59.89,1531,3071
n012w8-0,n012w8,0,5,500000,100.0,adaptive,2026-07-02T23:09:42+01:00,5,51,49,0,399455,0.001609,400,400,320,100000,79.89,79.89,1531,1539
n012w8-0,n012w8,0,5,500000,100.0,adaptive,2026-07-02T23:09:42+01:00,5,51,49,0,499455,0.000102,400,400,320,100000,99.89,99.89,1531,8
n012w8-0,n012w8,0,5,500000,100.0,adaptive,2026-07-02T23:09:42+01:00,5,55,53,0,187842,0.557052,355,355,320,100000,37.57,37.57,1531,4781
n012w8-0,n012w8,0,5,500000,100.0,adaptive,2026-07-02T23:09:42+01:00,5,55,53,0,287842,0.035148,355,355,320,100000,57.57,57.57,1531,3249
n012w8-0,n012w8,0,5,500000,100.0,adaptive,2026-07-02T23:09:42+01:00,5,55,53,0,387842,0.002218,355,355,320,100000,77.57,77.57,1531,1717
n012w8-0,n012w8,0,5,500000,100.0,adaptive,2026-07-02T23:09:42+01:00,5,55,53,0,487842,0.000140,355,355,320,100000,97.57,97.57,1531,186
n012w8-0,n012w8,0,5,500000,100.0,adaptive,2026-07-02T23:09:42+01:00,5,54,52,0,186463,0.578687,395,375,320,100000,37.29,37.29,1531,4802
n012w8-0,n012w8,0,5,500000,100.0,adaptive,2026-07-02T23:09:42+01:00,5,54,52,0,286463,0.036513,395,375,320,100000,57.29,57.29,1531,3270
n012w8-0,n012w8,0,5,500000,100.0,adaptive,2026-07-02T23:09:42+01:00,5,54,52,0,386463,0.002304,395,375,320,100000,77.29,77.29,1531,1738
n012w8-0,n012w8,0,5,500000,100.0,adaptive,2026-07-02T23:09:42+01:00,5,54,52,0,486463,0.000145,395,375,320,100000,97.29,97.29,1531,207
n012w8-0,n012w8,0,5,500000,100.0,adaptive,2026-07-02T23:09:42+01:00,5,56,54,0,200360,0.394167,335,335,320,100000,40.07,40.07,1531,4589
n012w8-0,n012w8,0,5,500000,100.0,adaptive,2026-07-02T23:09:42+01:00,5,56,54,0,300360,0.024870,335,335,320,100000,60.07,60.07,1531,3057
n012w8-0,n012w8,0,5,500000,100.0,adaptive,2026-07-02T23:09:42+01:00,5,56,54,0,400360,0.001569,335,335,320,100000,80.07,80.07,1531,1526
n012w8-0,n012w8,0,5,500000,100.0,adaptive,2026-07-02T23:09:42+01:00,5,57,55,0,183864,0.621773,410,395,320,100000,36.77,36.77,1531,4841
n012w8-0,n012w8,0,5,500000,100.0,adaptive,2026-07-02T23:09:42+01:00,5,57,55,0,283864,0.039231,410,395,320,100000,56.77,56.77,1531,3310
n012w8-0,n012w8,0,5,500000,100.0,adaptive,2026-07-02T23:09:42+01:00,5,57,55,0,383864,0.002475,410,395,320,100000,76.77,76.77,1531,1778
n012w8-0,n012w8,0,5,500000,100.0,adaptive,2026-07-02T23:09:42+01:00,5,57,55,0,483864,0.000156,410,395,320,100000,96.77,96.77,1531,247
n012w8-0,n012w8,0,5,500000,100.0,adaptive,2026-07-02T23:09:42+01:00,5,58,56,0,181466,0.664367,395,375,320,100000,36.29,36.29,1531,4878
n012w8-0,n012w8,0,5,500000,100.0,adaptive,2026-07-02T23:09:42+01:00,5,58,56,0,281466,0.041919,395,375,320,100000,56.29,56.29,1531,3347
n012w8-0,n012w8,0,5,500000,100.0,adaptive,2026-07-02T23:09:42+01:00,5,58,56,0,381466,0.002645,395,375,320,100000,76.29,76.29,1531,1815
n012w8-0,n012w8,0,5,500000,100.0,adaptive,2026-07-02T23:09:42+01:00,5,58,56,0,481466,0.000167,395,375,320,100000,96.29,96.29,1531,283
n012w8-0,n012w8,0,5,500000,100.0,adaptive,2026-07-02T23:09:42+01:00,5,59,57,0,150172,1.577379,370,360,320,100000,30.03,30.03,1531,5357
n012w8-0,n012w8,0,5,500000,100.0,adaptive,2026-07-02T23:09:42+01:00,5,59,57,0,250172,0.099526,370,360,320,100000,50.03,50.03,1531,3826
n012w8-0,n012w8,0,5,500000,100.0,adaptive,2026-07-02T23:09:42+01:00,5,59,57,0,350172,0.006280,370,360,320,100000,70.03,70.03,1531,2294
n012w8-0,n012w8,0,5,500000,100.0,adaptive,2026-07-02T23:09:42+01:00,5,59,57,0,450172,0.000396,370,360,320,100000,90.03,90.03,1531,763
n012w8-0,n012w8,0,5,500000,100.0,adaptive,2026-07-02T23:09:42+01:00,5,61,59,0,191499,0.503515,325,325,320,100000,38.30,38.30,1531,4725
n012w8-0,n012w8,0,5,500000,100.0,adaptive,2026-07-02T23:09:42+01:00,5,61,59,0,291499,0.031770,325,325,320,100000,58.30,58.30,1531,3193
n012w8-0,n012w8,0,5,500000,100.0,adaptive,2026-07-02T23:09:42+01:00,5,61,59,0,391499,0.002005,325,325,320,100000,78.30,78.30,1531,1661
n012w8-0,n012w8,0,5,500000,100.0,adaptive,2026-07-02T23:09:42+01:00,5,61,59,0,491499,0.000126,325,325,320,100000,98.30,98.30,1531,130
n012w8-0,n012w8,0,5,500000,100.0,adaptive,2026-07-02T23:09:42+01:00,5,60,58,0,150172,1.577379,400,385,320,100000,30.03,30.03,1531,5357
n012w8-0,n012w8,0,5,500000,100.0,adaptive,2026-07-02T23:09:42+01:00,5,60,58,0,250172,0.099526,400,385,320,100000,50.03,50.03,1531,3826
n012w8-0,n012w8,0,5,500000,100.0,adaptive,2026-07-02T23:09:42+01:00,5,60,58,0,350172,0.006280,400,385,320,100000,70.03,70.03,1531,2294
n012w8-0,n012w8,0,5,500000,100.0,adaptive,2026-07-02T23:09:42+01:00,5,60,58,0,450172,0.000396,400,385,320,100000,90.03,90.03,1531,763
n012w8-0,n012w8,0,5,500000,100.0,adaptive,2026-07-02T23:09:42+01:00,5,64,62,0,188173,0.551981,335,335,320,100000,37.63,37.63,1531,4775
n012w8-0,n012w8,0,5,500000,100.0,adaptive,2026-07-02T23:09:42+01:00,5,64,62,0,288173,0.034828,335,335,320,100000,57.63,57.63,1531,3244
n012w8-0,n012w8,0,5,500000,100.0,adaptive,2026-07-02T23:09:42+01:00,5,64,62,0,388173,0.002197,335,335,320,100000,77.63,77.63,1531,1712
n012w8-0,n012w8,0,5,500000,100.0,adaptive,2026-07-02T23:09:42+01:00,5,64,62,0,488173,0.000139,335,335,320,100000,97.63,97.63,1531,181
n012w8-0,n012w8,0,5,500000,100.0,adaptive,2026-07-02T23:09:42+01:00,5,63,61,0,164393,1.064839,350,340,320,100000,32.88,32.88,1531,5140
n012w8-0,n012w8,0,5,500000,100.0,adaptive,2026-07-02T23:09:42+01:00,5,63,61,0,264393,0.067187,350,340,320,100000,52.88,52.88,1531,3608
n012w8-0,n012w8,0,5,500000,100.0,adaptive,2026-07-02T23:09:42+01:00,5,63,61,0,364393,0.004239,350,340,320,100000,72.88,72.88,1531,2076
n012w8-0,n012w8,0,5,500000,100.0,adaptive,2026-07-02T23:09:42+01:00,5,63,61,0,464393,0.000267,350,340,320,100000,92.88,92.88,1531,545
n012w8-0,n012w8,0,5,500000,100.0,adaptive,2026-07-02T23:09:42+01:00,5,62,60,0,232668,0.161430,355,355,320,100000,46.53,46.53,1531,4094
n012w8-0,n012w8,0,5,500000,100.0,adaptive,2026-07-02T23:09:42+01:00,5,62,60,0,332668,0.010186,355,355,320,100000,66.53,66.53,1531,2562
n012w8-0,n012w8,0,5,500000,100.0,adaptive,2026-07-02T23:09:42+01:00,5,62,60,0,432668,0.000643,355,355,320,100000,86.53,86.53,1531,1031
n012w8-0,n012w8,0,5,500000,100.0,adaptive,2026-07-02T23:09:42+01:00,5,65,63,0,150172,1.577379,395,350,320,100000,30.03,30.03,1531,5357
n012w8-0,n012w8,0,5,500000,100.0,adaptive,2026-07-02T23:09:42+01:00,5,65,63,0,250172,0.099526,395,350,320,100000,50.03,50.03,1531,3826
n012w8-0,n012w8,0,5,500000,100.0,adaptive,2026-07-02T23:09:42+01:00,5,65,63,0,350172,0.006280,395,350,320,100000,70.03,70.03,1531,2294
n012w8-0,n012w8,0,5,500000,100.0,adaptive,2026-07-02T23:09:42+01:00,5,65,63,0,450172,0.000396,395,350,320,100000,90.03,90.03,1531,763
n012w8-0,n012w8,0,5,500000,100.0,adaptive,2026-07-02T23:09:42+01:00,5,66,64,0,150172,1.577379,355,345,320,100000,30.03,30.03,1531,5357
n012w8-0,n012w8,0,5,500000,100.0,adaptive,2026-07-02T23:09:42+01:00,5,66,64,0,250172,0.099526,355,345,320,100000,50.03,50.03,1531,3826
n012w8-0,n012w8,0,5,500000,100.0,adaptive,2026-07-02T23:09:42+01:00,5,66,64,0,350172,0.006280,355,345,320,100000,70.03,70.03,1531,2294
n012w8-0,n012w8,0,5,500000,100.0,adaptive,2026-07-02T23:09:42+01:00,5,66,64,0,450172,0.000396,355,345,320,100000,90.03,90.03,1531,763
n012w8-0,n012w8,0,5,500000,100.0,adaptive,2026-07-02T23:09:42+01:00,5,67,65,0,150172,1.577379,405,330,320,100000,30.03,30.03,1531,5357
n012w8-0,n012w8,0,5,500000,100.0,adaptive,2026-07-02T23:09:42+01:00,5,67,65,0,250172,0.099526,405,330,320,100000,50.03,50.03,1531,3826
n012w8-0,n012w8,0,5,500000,100.0,adaptive,2026-07-02T23:09:42+01:00,5,67,65,0,350172,0.006280,405,330,320,100000,70.03,70.03,1531,2294
n012w8-0,n012w8,0,5,500000,100.0,adaptive,2026-07-02T23:09:42+01:00,5,67,65,0,450172,0.000396,405,330,320,100000,90.03,90.03,1531,763
n012w8-0,n012w8,0,5,500000,100.0,adaptive,2026-07-02T23:09:42+01:00,5,68,66,0,150172,1.577379,385,320,320,100000,30.03,30.03,1531,5357
n012w8-0,n012w8,0,5,500000,100.0,adaptive,2026-07-02T23:09:42+01:00,5,68,66,0,250172,0.099526,385,320,320,100000,50.03,50.03,1531,3826
n012w8-0,n012w8,0,5,500000,100.0,adaptive,2026-07-02T23:09:42+01:00,5,68,66,0,350172,0.006280,385,320,320,100000,70.03,70.03,1531,2294
n012w8-0,n012w8,0,5,500000,100.0,adaptive,2026-07-02T23:09:42+01:00,5,68,66,0,450172,0.000396,385,320,320,100000,90.03,90.03,1531,763
n012w8-0,n012w8,0,5,500000,100.0,adaptive,2026-07-02T23:09:42+01:00,6,5,3,0,184841,0.605213,275,265,230,100000,36.97,36.97,1531,4826
n012w8-0,n012w8,0,5,500000,100.0,adaptive,2026-07-02T23:09:42+01:00,6,5,3,0,284841,0.038186,275,265,230,100000,56.97,56.97,1531,3295
n012w8-0,n012w8,0,5,500000,100.0,adaptive,2026-07-02T23:09:42+01:00,6,5,3,0,384841,0.002409,275,265,230,100000,76.97,76.97,1531,1763
n012w8-0,n012w8,0,5,500000,100.0,adaptive,2026-07-02T23:09:42+01:00,6,5,3,0,484841,0.000152,275,265,230,100000,96.97,96.97,1531,232
n012w8-0,n012w8,0,5,500000,100.0,adaptive,2026-07-02T23:09:42+01:00,6,0,-1,0,183315,25.118864,825,265,230,100000,36.66,36.66,1531,4850
n012w8-0,n012w8,0,5,500000,100.0,adaptive,2026-07-02T23:09:42+01:00,6,0,-1,0,283315,25.118864,740,265,230,100000,56.66,56.66,1531,3318
n012w8-0,n012w8,0,5,500000,100.0,adaptive,2026-07-02T23:09:42+01:00,6,0,-1,0,383315,25.118864,745,265,230,100000,76.66,76.66,1531,1787
n012w8-0,n012w8,0,5,500000,100.0,adaptive,2026-07-02T23:09:42+01:00,6,0,-1,0,483315,25.118864,605,265,230,100000,96.66,96.66,1531,255
n012w8-0,n012w8,0,5,500000,100.0,adaptive,2026-07-02T23:09:42+01:00,6,7,5,0,195744,25.118864,755,230,230,100000,39.15,39.15,1531,4659
n012w8-0,n012w8,0,5,500000,100.0,adaptive,2026-07-02T23:09:42+01:00,6,7,5,0,295744,25.118864,610,230,230,100000,59.15,59.15,1531,3128
n012w8-0,n012w8,0,5,500000,100.0,adaptive,2026-07-02T23:09:42+01:00,6,7,5,0,395744,25.118864,935,230,230,100000,79.15,79.15,1531,1596
n012w8-0,n012w8,0,5,500000,100.0,adaptive,2026-07-02T23:09:42+01:00,6,7,5,0,495744,25.118864,710,230,230,100000,99.15,99.15,1531,65
n012w8-0,n012w8,0,5,500000,100.0,adaptive,2026-07-02T23:09:42+01:00,6,3,1,0,196814,25.118864,565,280,230,100000,39.36,39.36,1531,4643
n012w8-0,n012w8,0,5,500000,100.0,adaptive,2026-07-02T23:09:42+01:00,6,3,1,0,296814,25.118864,580,280,230,100000,59.36,59.36,1531,3111
n012w8-0,n012w8,0,5,500000,100.0,adaptive,2026-07-02T23:09:42+01:00,6,3,1,0,396814,25.118864,815,280,230,100000,79.36,79.36,1531,1580
n012w8-0,n012w8,0,5,500000,100.0,adaptive,2026-07-02T23:09:42+01:00,6,3,1,0,496814,25.118864,580,280,230,100000,99.36,99.36,1531,48
n012w8-0,n012w8,0,5,500000,100.0,adaptive,2026-07-02T23:09:42+01:00,6,6,4,0,198385,25.118864,605,245,230,100000,39.68,39.68,1531,4619
n012w8-0,n012w8,0,5,500000,100.0,adaptive,2026-07-02T23:09:42+01:00,6,6,4,0,298385,25.118864,785,245,230,100000,59.68,59.68,1531,3087
n012w8-0,n012w8,0,5,500000,100.0,adaptive,2026-07-02T23:09:42+01:00,6,6,4,0,398385,25.118864,595,245,230,100000,79.68,79.68,1531,1556
n012w8-0,n012w8,0,5,500000,100.0,adaptive,2026-07-02T23:09:42+01:00,6,6,4,0,498385,25.118864,605,245,230,100000,99.68,99.68,1531,24
n012w8-0,n012w8,0,5,500000,100.0,adaptive,2026-07-02T23:09:42+01:00,6,2,0,0,174064,25.118864,685,260,230,100000,34.81,34.81,1531,4992
n012w8-0,n012w8,0,5,500000,100.0,adaptive,2026-07-02T23:09:42+01:00,6,2,0,0,274064,25.118864,680,260,230,100000,54.81,54.81,1531,3460
n012w8-0,n012w8,0,5,500000,100.0,adaptive,2026-07-02T23:09:42+01:00,6,2,0,0,374064,25.118864,845,260,230,100000,74.81,74.81,1531,1928
n012w8-0,n012w8,0,5,500000,100.0,adaptive,2026-07-02T23:09:42+01:00,6,2,0,0,474064,25.118864,740,260,230,100000,94.81,94.81,1531,397
n012w8-0,n012w8,0,5,500000,100.0,adaptive,2026-07-02T23:09:42+01:00,6,8,6,0,192531,25.118864,475,260,230,100000,38.51,38.51,1531,4709
n012w8-0,n012w8,0,5,500000,100.0,adaptive,2026-07-02T23:09:42+01:00,6,8,6,0,292531,25.118864,610,260,230,100000,58.51,58.51,1531,3177
n012w8-0,n012w8,0,5,500000,100.0,adaptive,2026-07-02T23:09:42+01:00,6,8,6,0,392531,25.118864,665,260,230,100000,78.51,78.51,1531,1645
n012w8-0,n012w8,0,5,500000,100.0,adaptive,2026-07-02T23:09:42+01:00,6,8,6,0,492531,25.118864,700,260,230,100000,98.51,98.51,1531,114
n012w8-0,n012w8,0,5,500000,100.0,adaptive,2026-07-02T23:09:42+01:00,6,4,2,0,180755,25.118864,655,230,230,100000,36.15,36.15,1531,4889
n012w8-0,n012w8,0,5,500000,100.0,adaptive,2026-07-02T23:09:42+01:00,6,4,2,0,280755,25.118864,860,230,230,100000,56.15,56.15,1531,3357
n012w8-0,n012w8,0,5,500000,100.0,adaptive,2026-07-02T23:09:42+01:00,6,4,2,0,380755,25.118864,680,230,230,100000,76.15,76.15,1531,1826
n012w8-0,n012w8,0,5,500000,100.0,adaptive,2026-07-02T23:09:42+01:00,6,4,2,0,480755,25.118864,730,230,230,100000,96.15,96.15,1531,294
n012w8-0,n012w8,0,5,500000,100.0,adaptive,2026-07-02T23:09:42+01:00,6,10,8,0,172495,0.851256,290,265,215,100000,34.50,34.50,1531,5016
n012w8-0,n012w8,0,5,500000,100.0,adaptive,2026-07-02T23:09:42+01:00,6,10,8,0,272495,0.053711,290,265,215,100000,54.50,54.50,1531,3484
n012w8-0,n012w8,0,5,500000,100.0,adaptive,2026-07-02T23:09:42+01:00,6,10,8,0,372495,0.003389,290,265,215,100000,74.50,74.50,1531,1952
n012w8-0,n012w8,0,5,500000,100.0,adaptive,2026-07-02T23:09:42+01:00,6,10,8,0,472495,0.000214,290,265,215,100000,94.50,94.50,1531,421
n012w8-0,n012w8,0,5,500000,100.0,adaptive,2026-07-02T23:09:42+01:00,6,12,10,0,195485,0.451004,260,260,215,100000,39.10,39.10,1531,4663
n012w8-0,n012w8,0,5,500000,100.0,adaptive,2026-07-02T23:09:42+01:00,6,12,10,0,295485,0.028456,260,260,215,100000,59.10,59.10,1531,3132
n012w8-0,n012w8,0,5,500000,100.0,adaptive,2026-07-02T23:09:42+01:00,6,12,10,0,395485,0.001795,260,260,215,100000,79.10,79.10,1531,1600
n012w8-0,n012w8,0,5,500000,100.0,adaptive,2026-07-02T23:09:42+01:00,6,12,10,0,495485,0.000113,260,260,215,100000,99.10,99.10,1531,69
n012w8-0,n012w8,0,5,500000,100.0,adaptive,2026-07-02T23:09:42+01:00,6,11,9,0,198464,0.415367,260,260,215,100000,39.69,39.69,1531,4618
n012w8-0,n012w8,0,5,500000,100.0,adaptive,2026-07-02T23:09:42+01:00,6,11,9,0,298464,0.026208,260,260,215,100000,59.69,59.69,1531,3086
n012w8-0,n012w8,0,5,500000,100.0,adaptive,2026-07-02T23:09:42+01:00,6,11,9,0,398464,0.001654,260,260,215,100000,79.69,79.69,1531,1555
n012w8-0,n012w8,0,5,500000,100.0,adaptive,2026-07-02T23:09:42+01:00,6,11,9,0,498464,0.000104,260,260,215,100000,99.69,99.69,1531,23
n012w8-0,n012w8,0,5,500000,100.0,adaptive,2026-07-02T23:09:42+01:00,6,9,7,0,177310,25.118864,620,215,215,100000,35.46,35.46,1531,4942
n012w8-0,n012w8,0,5,500000,100.0,adaptive,2026-07-02T23:09:42+01:00,6,9,7,0,277310,25.118864,575,215,215,100000,55.46,55.46,1531,3410
n012w8-0,n012w8,0,5,500000,100.0,adaptive,2026-07-02T23:09:42+01:00,6,9,7,0,377310,25.118864,850,215,215,100000,75.46,75.46,1531,1879
n012w8-0,n012w8,0,5,500000,100.0,adaptive,2026-07-02T23:09:42+01:00,6,9,7,0,477310,25.118864,610,215,215,100000,95.46,95.46,1531,347
n012w8-0,n012w8,0,5,500000,100.0,adaptive,2026-07-02T23:09:42+01:00,6,13,11,0,174982,0.794723,275,260,215,100000,35.00,35.00,1531,4977
n012w8-0,n012w8,0,5,500000,100.0,adaptive,2026-07-02T23:09:42+01:00,6,13,11,0,274982,0.050144,275,260,215,100000,55.00,55.00,1531,3446
n012w8-0,n012w8,0,5,500000,100.0,adaptive,2026-07-02T23:09:42+01:00,6,13,11,0,374982,0.003164,275,260,215,100000,75.00,75.00,1531,1914
n012w8-0,n012w8,0,5,500000,100.0,adaptive,2026-07-02T23:09:42+01:00,6,13,11,0,474982,0.000200,275,260,215,100000,95.00,95.00,1531,383
n012w8-0,n012w8,0,5,500000,100.0,adaptive,2026-07-02T23:09:42+01:00,6,16,14,0,197495,0.426638,275,265,215,100000,39.50,39.50,1531,4633
n012w8-0,n012w8,0,5,500000,100.0,adaptive,2026-07-02T23:09:42+01:00,6,16,14,0,297495,0.026919,275,265,215,100000,59.50,59.50,1531,3101
n012w8-0,n012w8,0,5,500000,100.0,adaptive,2026-07-02T23:09:42+01:00,6,16,14,0,397495,0.001698,275,265,215,100000,79.50,79.50,1531,1569
n012w8-0,n012w8,0,5,500000,100.0,adaptive,2026-07-02T23:09:42+01:00,6,16,14,0,497495,0.000107,275,265,215,100000,99.50,99.50,1531,38
n012w8-0,n012w8,0,5,500000,100.0,adaptive,2026-07-02T23:09:42+01:00,6,14,12,0,191695,0.500795,260,260,215,100000,38.34,38.34,1531,4721
n012w8-0,n012w8,0,5,500000,100.0,adaptive,2026-07-02T23:09:42+01:00,6,14,12,0,291695,0.031598,260,260,215,100000,58.34,58.34,1531,3190
n012w8-0,n012w8,0,5,500000,100.0,adaptive,2026-07-02T23:09:42+01:00,6,14,12,0,391695,0.001994,260,260,215,100000,78.34,78.34,1531,1658
n012w8-0,n012w8,0,5,500000,100.0,adaptive,2026-07-02T23:09:42+01:00,6,14,12,0,491695,0.000126,260,260,215,100000,98.34,98.34,1531,127
n012w8-0,n012w8,0,5,500000,100.0,adaptive,2026-07-02T23:09:42+01:00,6,15,13,0,182989,0.636989,245,245,215,100000,36.60,36.60,1531,4855
n012w8-0,n012w8,0,5,500000,100.0,adaptive,2026-07-02T23:09:42+01:00,6,15,13,0,282989,0.040191,245,245,215,100000,56.60,56.60,1531,3323
n012w8-0,n012w8,0,5,500000,100.0,adaptive,2026-07-02T23:09:42+01:00,6,15,13,0,382989,0.002536,245,245,215,100000,76.60,76.60,1531,1792
n012w8-0,n012w8,0,5,500000,100.0,adaptive,2026-07-02T23:09:42+01:00,6,15,13,0,482989,0.000160,245,245,215,100000,96.60,96.60,1531,260
n012w8-0,n012w8,0,5,500000,100.0,adaptive,2026-07-02T23:09:42+01:00,6,17,15,0,195408,0.451964,265,265,215,100000,39.08,39.08,1531,4665
n012w8-0,n012w8,0,5,500000,100.0,adaptive,2026-07-02T23:09:42+01:00,6,17,15,0,295408,0.028517,265,265,215,100000,59.08,59.08,1531,3133
n012w8-0,n012w8,0,5,500000,100.0,adaptive,2026-07-02T23:09:42+01:00,6,17,15,0,395408,0.001799,265,265,215,100000,79.08,79.08,1531,1601
n012w8-0,n012w8,0,5,500000,100.0,adaptive,2026-07-02T23:09:42+01:00,6,17,15,0,495408,0.000114,265,265,215,100000,99.08,99.08,1531,70
n012w8-0,n012w8,0,5,500000,100.0,adaptive,2026-07-02T23:09:42+01:00,6,19,17,0,177871,0.733750,335,275,215,100000,35.57,35.57,1531,4933
n012w8-0,n012w8,0,5,500000,100.0,adaptive,2026-07-02T23:09:42+01:00,6,19,17,0,277871,0.046296,335,275,215,100000,55.57,55.57,1531,3402
n012w8-0,n012w8,0,5,500000,100.0,adaptive,2026-07-02T23:09:42+01:00,6,19,17,0,377871,0.002921,335,275,215,100000,75.57,75.57,1531,1870
n012w8-0,n012w8,0,5,500000,100.0,adaptive,2026-07-02T23:09:42+01:00,6,19,17,0,477871,0.000184,335,275,215,100000,95.57,95.57,1531,338
n012w8-0,n012w8,0,5,500000,100.0,adaptive,2026-07-02T23:09:42+01:00,6,18,16,0,182551,0.644745,295,295,215,100000,36.51,36.51,1531,4862
n012w8-0,n012w8,0,5,500000,100.0,adaptive,2026-07-02T23:09:42+01:00,6,18,16,0,282551,0.040681,295,295,215,100000,56.51,56.51,1531,3330
n012w8-0,n012w8,0,5,500000,100.0,adaptive,2026-07-02T23:09:42+01:00,6,18,16,0,382551,0.002567,295,295,215,100000,76.51,76.51,1531,1798
n012w8-0,n012w8,0,5,500000,100.0,adaptive,2026-07-02T23:09:42+01:00,6,18,16,0,482551,0.000162,295,295,215,100000,96.51,96.51,1531,267
n012w8-0,n012w8,0,5,500000,100.0,adaptive,2026-07-02T23:09:42+01:00,6,20,18,0,191458,0.504085,295,280,215,100000,38.29,38.29,1531,4725
n012w8-0,n012w8,0,5,500000,100.0,adaptive,2026-07-02T23:09:42+01:00,6,20,18,0,291458,0.031806,295,280,215,100000,58.29,58.29,1531,3194
n012w8-0,n012w8,0,5,500000,100.0,adaptive,2026-07-02T23:09:42+01:00,6,20,18,0,391458,0.002007,295,280,215,100000,78.29,78.29,1531,1662
n012w8-0,n012w8,0,5,500000,100.0,adaptive,2026-07-02T23:09:42+01:00,6,20,18,0,491458,0.000127,295,280,215,100000,98.29,98.29,1531,130
n012w8-0,n012w8,0,5,500000,100.0,adaptive,2026-07-02T23:09:42+01:00,6,21,19,0,189762,0.528270,320,290,215,100000,37.95,37.95,1531,4751
n012w8-0,n012w8,0,5,500000,100.0,adaptive,2026-07-02T23:09:42+01:00,6,21,19,0,289762,0.033332,320,290,215,100000,57.95,57.95,1531,3220
n012w8-0,n012w8,0,5,500000,100.0,adaptive,2026-07-02T23:09:42+01:00,6,21,19,0,389762,0.002103,320,290,215,100000,77.95,77.95,1531,1688
n012w8-0,n012w8,0,5,500000,100.0,adaptive,2026-07-02T23:09:42+01:00,6,21,19,0,489762,0.000133,320,290,215,100000,97.95,97.95,1531,156
n012w8-0,n012w8,0,5,500000,100.0,adaptive,2026-07-02T23:09:42+01:00,6,22,20,0,168050,0.962498,245,245,215,100000,33.61,33.61,1531,5084
n012w8-0,n012w8,0,5,500000,100.0,adaptive,2026-07-02T23:09:42+01:00,6,22,20,0,268050,0.060730,245,245,215,100000,53.61,53.61,1531,3552
n012w8-0,n012w8,0,5,500000,100.0,adaptive,2026-07-02T23:09:42+01:00,6,22,20,0,368050,0.003832,245,245,215,100000,73.61,73.61,1531,2020
n012w8-0,n012w8,0,5,500000,100.0,adaptive,2026-07-02T23:09:42+01:00,6,22,20,0,468050,0.000242,245,245,215,100000,93.61,93.61,1531,489
n012w8-0,n012w8,0,5,500000,100.0,adaptive,2026-07-02T23:09:42+01:00,6,23,21,0,179811,0.695453,260,260,215,100000,35.96,35.96,1531,4904
n012w8-0,n012w8,0,5,500000,100.0,adaptive,2026-07-02T23:09:42+01:00,6,23,21,0,279811,0.043880,260,260,215,100000,55.96,55.96,1531,3372
n012w8-0,n012w8,0,5,500000,100.0,adaptive,2026-07-02T23:09:42+01:00,6,23,21,0,379811,0.002769,260,260,215,100000,75.96,75.96,1531,1840
n012w8-0,n012w8,0,5,500000,100.0,adaptive,2026-07-02T23:09:42+01:00,6,23,21,0,479811,0.000175,260,260,215,100000,95.96,95.96,1531,309
n012w8-0,n012w8,0,5,500000,100.0,adaptive,2026-07-02T23:09:42+01:00,6,24,22,0,199049,0.408707,220,220,215,100000,39.81,39.81,1531,4609
n012w8-0,n012w8,0,5,500000,100.0,adaptive,2026-07-02T23:09:42+01:00,6,24,22,0,299049,0.025788,220,220,215,100000,59.81,59.81,1531,3077
n012w8-0,n012w8,0,5,500000,100.0,adaptive,2026-07-02T23:09:42+01:00,6,24,22,0,399049,0.001627,220,220,215,100000,79.81,79.81,1531,1546
n012w8-0,n012w8,0,5,500000,100.0,adaptive,2026-07-02T23:09:42+01:00,6,24,22,0,499049,0.000103,220,220,215,100000,99.81,99.81,1531,14
n012w8-0,n012w8,0,5,500000,100.0,adaptive,2026-07-02T23:09:42+01:00,6,25,23,0,180809,0.676538,230,230,215,100000,36.16,36.16,1531,4888
n012w8-0,n012w8,0,5,500000,100.0,adaptive,2026-07-02T23:09:42+01:00,6,25,23,0,280809,0.042687,230,230,215,100000,56.16,56.16,1531,3357
n012w8-0,n012w8,0,5,500000,100.0,adaptive,2026-07-02T23:09:42+01:00,6,25,23,0,380809,0.002693,230,230,215,100000,76.16,76.16,1531,1825
n012w8-0,n012w8,0,5,500000,100.0,adaptive,2026-07-02T23:09:42+01:00,6,25,23,0,480809,0.000170,230,230,215,100000,96.16,96.16,1531,293
n012w8-0,n012w8,0,5,500000,100.0,adaptive,2026-07-02T23:09:42+01:00,6,27,25,0,183913,0.620932,230,230,215,100000,36.78,36.78,1531,4841
n012w8-0,n012w8,0,5,500000,100.0,adaptive,2026-07-02T23:09:42+01:00,6,27,25,0,283913,0.039178,230,230,215,100000,56.78,56.78,1531,3309
n012w8-0,n012w8,0,5,500000,100.0,adaptive,2026-07-02T23:09:42+01:00,6,27,25,0,383913,0.002472,230,230,215,100000,76.78,76.78,1531,1777
n012w8-0,n012w8,0,5,500000,100.0,adaptive,2026-07-02T23:09:42+01:00,6,27,25,0,483913,0.000156,230,230,215,100000,96.78,96.78,1531,246
n012w8-0,n012w8,0,5,500000,100.0,adaptive,2026-07-02T23:09:42+01:00,6,26,24,0,193053,0.482352,295,295,215,100000,38.61,38.61,1531,4701
n012w8-0,n012w8,0,5,500000,100.0,adaptive,2026-07-02T23:09:42+01:00,6,26,24,0,293053,0.030434,295,295,215,100000,58.61,58.61,1531,3169
n012w8-0,n012w8,0,5,500000,100.0,adaptive,2026-07-02T23:09:42+01:00,6,26,24,0,393053,0.001920,295,295,215,100000,78.61,78.61,1531,1638
n012w8-0,n012w8,0,5,500000,100.0,adaptive,2026-07-02T23:09:42+01:00,6,26,24,0,493053,0.000121,295,295,215,100000,98.61,98.61,1531,106
n012w8-0,n012w8,0,5,500000,100.0,adaptive,2026-07-02T23:09:42+01:00,6,28,26,0,173777,0.821629,310,310,215,100000,34.76,34.76,1531,4996
n012w8-0,n012w8,0,5,500000,100.0,adaptive,2026-07-02T23:09:42+01:00,6,28,26,0,273777,0.051841,310,310,215,100000,54.76,54.76,1531,3464
n012w8-0,n012w8,0,5,500000,100.0,adaptive,2026-07-02T23:09:42+01:00,6,28,26,0,373777,0.003271,310,310,215,100000,74.76,74.76,1531,1933
n012w8-0,n012w8,0,5,500000,100.0,adaptive,2026-07-02T23:09:42+01:00,6,28,26,0,473777,0.000206,310,310,215,100000,94.76,94.76,1531,401
n012w8-0,n012w8,0,5,500000,100.0,adaptive,2026-07-02T23:09:42+01:00,6,29,27,0,211021,0.293595,260,260,215,100000,42.20,42.20,1531,4426
n012w8-0,n012w8,0,5,500000,100.0,adaptive,2026-07-02T23:09:42+01:00,6,29,27,0,311021,0.018525,260,260,215,100000,62.20,62.20,1531,2894
n012w8-0,n012w8,0,5,500000,100.0,adaptive,2026-07-02T23:09:42+01:00,6,29,27,0,411021,0.001169,260,260,215,100000,82.20,82.20,1531,1362
n012w8-0,n012w8,0,5,500000,100.0,adaptive,2026-07-02T23:09:42+01:00,6,30,28,0,188656,0.544663,250,250,215,100000,37.73,37.73,1531,4768
n012w8-0,n012w8,0,5,500000,100.0,adaptive,2026-07-02T23:09:42+01:00,6,30,28,0,288656,0.034366,250,250,215,100000,57.73,57.73,1531,3236
n012w8-0,n012w8,0,5,500000,100.0,adaptive,2026-07-02T23:09:42+01:00,6,30,28,0,388656,0.002168,250,250,215,100000,77.73,77.73,1531,1705
n012w8-0,n012w8,0,5,500000,100.0,adaptive,2026-07-02T23:09:42+01:00,6,30,28,0,488656,0.000137,250,250,215,100000,97.73,97.73,1531,173
n012w8-0,n012w8,0,5,500000,100.0,adaptive,2026-07-02T23:09:42+01:00,6,31,29,0,181233,0.668658,235,235,215,100000,36.25,36.25,1531,4882
n012w8-0,n012w8,0,5,500000,100.0,adaptive,2026-07-02T23:09:42+01:00,6,31,29,0,281233,0.042189,235,235,215,100000,56.25,56.25,1531,3350
n012w8-0,n012w8,0,5,500000,100.0,adaptive,2026-07-02T23:09:42+01:00,6,31,29,0,381233,0.002662,235,235,215,100000,76.25,76.25,1531,1819
n012w8-0,n012w8,0,5,500000,100.0,adaptive,2026-07-02T23:09:42+01:00,6,31,29,0,481233,0.000168,235,235,215,100000,96.25,96.25,1531,287
n012w8-0,n012w8,0,5,500000,100.0,adaptive,2026-07-02T23:09:42+01:00,6,32,30,0,181431,0.665010,230,230,215,100000,36.29,36.29,1531,4879
n012w8-0,n012w8,0,5,500000,100.0,adaptive,2026-07-02T23:09:42+01:00,6,32,30,0,281431,0.041959,230,230,215,100000,56.29,56.29,1531,3347
n012w8-0,n012w8,0,5,500000,100.0,adaptive,2026-07-02T23:09:42+01:00,6,32,30,0,381431,0.002647,230,230,215,100000,76.29,76.29,1531,1816
n012w8-0,n012w8,0,5,500000,100.0,adaptive,2026-07-02T23:09:42+01:00,6,32,30,0,481431,0.000167,230,230,215,100000,96.29,96.29,1531,284
n012w8-0,n012w8,0,5,500000,100.0,adaptive,2026-07-02T23:09:42+01:00,6,33,31,0,187771,0.558146,275,275,215,100000,37.55,37.55,1531,4782
n012w8-0,n012w8,0,5,500000,100.0,adaptive,2026-07-02T23:09:42+01:00,6,33,31,0,287771,0.035217,275,275,215,100000,57.55,57.55,1531,3250
n012w8-0,n012w8,0,5,500000,100.0,adaptive,2026-07-02T23:09:42+01:00,6,33,31,0,387771,0.002222,275,275,215,100000,77.55,77.55,1531,1718
n012w8-0,n012w8,0,5,500000,100.0,adaptive,2026-07-02T23:09:42+01:00,6,33,31,0,487771,0.000140,275,275,215,100000,97.55,97.55,1531,187
n012w8-0,n012w8,0,5,500000,100.0,adaptive,2026-07-02T23:09:42+01:00,6,37,35,0,182481,0.645993,260,260,215,100000,36.50,36.50,1531,4863
n012w8-0,n012w8,0,5,500000,100.0,adaptive,2026-07-02T23:09:42+01:00,6,37,35,0,282481,0.040759,260,260,215,100000,56.50,56.50,1531,3331
n012w8-0,n012w8,0,5,500000,100.0,adaptive,2026-07-02T23:09:42+01:00,6,37,35,0,382481,0.002572,260,260,215,100000,76.50,76.50,1531,1799
n012w8-0,n012w8,0,5,500000,100.0,adaptive,2026-07-02T23:09:42+01:00,6,37,35,0,482481,0.000162,260,260,215,100000,96.50,96.50,1531,268
n012w8-0,n012w8,0,5,500000,100.0,adaptive,2026-07-02T23:09:42+01:00,6,34,32,0,190050,0.524083,245,245,215,100000,38.01,38.01,1531,4747
n012w8-0,n012w8,0,5,500000,100.0,adaptive,2026-07-02T23:09:42+01:00,6,34,32,0,290050,0.033067,245,245,215,100000,58.01,58.01,1531,3215
n012w8-0,n012w8,0,5,500000,100.0,adaptive,2026-07-02T23:09:42+01:00,6,34,32,0,390050,0.002086,245,245,215,100000,78.01,78.01,1531,1683
n012w8-0,n012w8,0,5,500000,100.0,adaptive,2026-07-02T23:09:42+01:00,6,34,32,0,490050,0.000132,245,245,215,100000,98.01,98.01,1531,152
n012w8-0,n012w8,0,5,500000,100.0,adaptive,2026-07-02T23:09:42+01:00,6,39,37,0,181264,0.668085,215,215,215,100000,36.25,36.25,1531,4881
n012w8-0,n012w8,0,5,500000,100.0,adaptive,2026-07-02T23:09:42+01:00,6,39,37,0,281264,0.042153,215,215,215,100000,56.25,56.25,1531,3350
n012w8-0,n012w8,0,5,500000,100.0,adaptive,2026-07-02T23:09:42+01:00,6,39,37,0,381264,0.002660,215,215,215,100000,76.25,76.25,1531,1818
n012w8-0,n012w8,0,5,500000,100.0,adaptive,2026-07-02T23:09:42+01:00,6,39,37,0,481264,0.000168,215,215,215,100000,96.25,96.25,1531,286
n012w8-0,n012w8,0,5,500000,100.0,adaptive,2026-07-02T23:09:42+01:00,6,35,33,0,187973,0.555040,245,235,215,100000,37.59,37.59,1531,4779
n012w8-0,n012w8,0,5,500000,100.0,adaptive,2026-07-02T23:09:42+01:00,6,35,33,0,287973,0.035021,245,235,215,100000,57.59,57.59,1531,3247
n012w8-0,n012w8,0,5,500000,100.0,adaptive,2026-07-02T23:09:42+01:00,6,35,33,0,387973,0.002210,245,235,215,100000,77.59,77.59,1531,1715
n012w8-0,n012w8,0,5,500000,100.0,adaptive,2026-07-02T23:09:42+01:00,6,35,33,0,487973,0.000139,245,235,215,100000,97.59,97.59,1531,184
n012w8-0,n012w8,0,5,500000,100.0,adaptive,2026-07-02T23:09:42+01:00,6,38,36,0,170021,0.911482,280,280,215,100000,34.00,34.00,1531,5053
n012w8-0,n012w8,0,5,500000,100.0,adaptive,2026-07-02T23:09:42+01:00,6,38,36,0,270021,0.057511,280,280,215,100000,54.00,54.00,1531,3522
n012w8-0,n012w8,0,5,500000,100.0,adaptive,2026-07-02T23:09:42+01:00,6,38,36,0,370021,0.003629,280,280,215,100000,74.00,74.00,1531,1990
n012w8-0,n012w8,0,5,500000,100.0,adaptive,2026-07-02T23:09:42+01:00,6,38,36,0,470021,0.000229,280,280,215,100000,94.00,94.00,1531,459
n012w8-0,n012w8,0,5,500000,100.0,adaptive,2026-07-02T23:09:42+01:00,6,40,38,0,190669,0.515195,265,260,215,100000,38.13,38.13,1531,4737
n012w8-0,n012w8,0,5,500000,100.0,adaptive,2026-07-02T23:09:42+01:00,6,40,38,0,290669,0.032507,265,260,215,100000,58.13,58.13,1531,3206
n012w8-0,n012w8,0,5,500000,100.0,adaptive,2026-07-02T23:09:42+01:00,6,40,38,0,390669,0.002051,265,260,215,100000,78.13,78.13,1531,1674
n012w8-0,n012w8,0,5,500000,100.0,adaptive,2026-07-02T23:09:42+01:00,6,40,38,0,490669,0.000129,265,260,215,100000,98.13,98.13,1531,142
n012w8-0,n012w8,0,5,500000,100.0,adaptive,2026-07-02T23:09:42+01:00,6,36,34,0,189118,0.537754,320,320,215,100000,37.82,37.82,1531,4761
n012w8-0,n012w8,0,5,500000,100.0,adaptive,2026-07-02T23:09:42+01:00,6,36,34,0,289118,0.033930,320,320,215,100000,57.82,57.82,1531,3229
n012w8-0,n012w8,0,5,500000,100.0,adaptive,2026-07-02T23:09:42+01:00,6,36,34,0,389118,0.002141,320,320,215,100000,77.82,77.82,1531,1698
n012w8-0,n012w8,0,5,500000,100.0,adaptive,2026-07-02T23:09:42+01:00,6,36,34,0,489118,0.000135,320,320,215,100000,97.82,97.82,1531,166
n012w8-0,n012w8,0,5,500000,100.0,adaptive,2026-07-02T23:09:42+01:00,6,41,39,0,162618,1.118366,260,260,215,100000,32.52,32.52,1531,5167
n012w8-0,n012w8,0,5,500000,100.0,adaptive,2026-07-02T23:09:42+01:00,6,41,39,0,262618,0.070564,260,260,215,100000,52.52,52.52,1531,3635
n012w8-0,n012w8,0,5,500000,100.0,adaptive,2026-07-02T23:09:42+01:00,6,41,39,0,362618,0.004452,260,260,215,100000,72.52,72.52,1531,2104
n012w8-0,n012w8,0,5,500000,100.0,adaptive,2026-07-02T23:09:42+01:00,6,41,39,0,462618,0.000281,260,260,215,100000,92.52,92.52,1531,572
n012w8-0,n012w8,0,5,500000,100.0,adaptive,2026-07-02T23:09:42+01:00,6,44,42,0,186863,0.572327,260,260,215,100000,37.37,37.37,1531,4796
n012w8-0,n012w8,0,5,500000,100.0,adaptive,2026-07-02T23:09:42+01:00,6,44,42,0,286863,0.036111,260,260,215,100000,57.37,57.37,1531,3264
n012w8-0,n012w8,0,5,500000,100.0,adaptive,2026-07-02T23:09:42+01:00,6,44,42,0,386863,0.002278,260,260,215,100000,77.37,77.37,1531,1732
n012w8-0,n012w8,0,5,500000,100.0,adaptive,2026-07-02T23:09:42+01:00,6,44,42,0,486863,0.000144,260,260,215,100000,97.37,97.37,1531,201
n012w8-0,n012w8,0,5,500000,100.0,adaptive,2026-07-02T23:09:42+01:00,6,42,40,0,208677,0.313239,245,245,215,100000,41.74,41.74,1531,4461
n012w8-0,n012w8,0,5,500000,100.0,adaptive,2026-07-02T23:09:42+01:00,6,42,40,0,308677,0.019764,245,245,215,100000,61.74,61.74,1531,2930
n012w8-0,n012w8,0,5,500000,100.0,adaptive,2026-07-02T23:09:42+01:00,6,42,40,0,408677,0.001247,245,245,215,100000,81.74,81.74,1531,1398
n012w8-0,n012w8,0,5,500000,100.0,adaptive,2026-07-02T23:09:42+01:00,6,43,41,0,173866,0.819611,335,260,215,100000,34.77,34.77,1531,4995
n012w8-0,n012w8,0,5,500000,100.0,adaptive,2026-07-02T23:09:42+01:00,6,43,41,0,273866,0.051714,335,260,215,100000,54.77,54.77,1531,3463
n012w8-0,n012w8,0,5,500000,100.0,adaptive,2026-07-02T23:09:42+01:00,6,43,41,0,373866,0.003263,335,260,215,100000,74.77,74.77,1531,1931
n012w8-0,n012w8,0,5,500000,100.0,adaptive,2026-07-02T23:09:42+01:00,6,43,41,0,473866,0.000206,335,260,215,100000,94.77,94.77,1531,400
n012w8-0,n012w8,0,5,500000,100.0,adaptive,2026-07-02T23:09:42+01:00,6,47,45,0,186136,0.583940,320,305,215,100000,37.23,37.23,1531,4807
n012w8-0,n012w8,0,5,500000,100.0,adaptive,2026-07-02T23:09:42+01:00,6,47,45,0,286136,0.036844,320,305,215,100000,57.23,57.23,1531,3275
n012w8-0,n012w8,0,5,500000,100.0,adaptive,2026-07-02T23:09:42+01:00,6,47,45,0,386136,0.002325,320,305,215,100000,77.23,77.23,1531,1743
n012w8-0,n012w8,0,5,500000,100.0,adaptive,2026-07-02T23:09:42+01:00,6,47,45,0,486136,0.000147,320,305,215,100000,97.23,97.23,1531,212
n012w8-0,n012w8,0,5,500000,100.0,adaptive,2026-07-02T23:09:42+01:00,6,48,46,0,187409,0.563757,260,260,215,100000,37.48,37.48,1531,4787
n012w8-0,n012w8,0,5,500000,100.0,adaptive,2026-07-02T23:09:42+01:00,6,48,46,0,287409,0.035571,260,260,215,100000,57.48,57.48,1531,3256
n012w8-0,n012w8,0,5,500000,100.0,adaptive,2026-07-02T23:09:42+01:00,6,48,46,0,387409,0.002244,260,260,215,100000,77.48,77.48,1531,1724
n012w8-0,n012w8,0,5,500000,100.0,adaptive,2026-07-02T23:09:42+01:00,6,48,46,0,487409,0.000142,260,260,215,100000,97.48,97.48,1531,192
n012w8-0,n012w8,0,5,500000,100.0,adaptive,2026-07-02T23:09:42+01:00,6,46,44,0,171171,0.882974,305,305,215,100000,34.23,34.23,1531,5036
n012w8-0,n012w8,0,5,500000,100.0,adaptive,2026-07-02T23:09:42+01:00,6,46,44,0,271171,0.055712,305,305,215,100000,54.23,54.23,1531,3504
n012w8-0,n012w8,0,5,500000,100.0,adaptive,2026-07-02T23:09:42+01:00,6,46,44,0,371171,0.003515,305,305,215,100000,74.23,74.23,1531,1973
n012w8-0,n012w8,0,5,500000,100.0,adaptive,2026-07-02T23:09:42+01:00,6,46,44,0,471171,0.000222,305,305,215,100000,94.23,94.23,1531,441
n012w8-0,n012w8,0,5,500000,100.0,adaptive,2026-07-02T23:09:42+01:00,6,45,43,0,199240,0.406556,270,265,215,100000,39.85,39.85,1531,4606
n012w8-0,n012w8,0,5,500000,100.0,adaptive,2026-07-02T23:09:42+01:00,6,45,43,0,299240,0.025652,270,265,215,100000,59.85,59.85,1531,3074
n012w8-0,n012w8,0,5,500000,100.0,adaptive,2026-07-02T23:09:42+01:00,6,45,43,0,399240,0.001619,270,265,215,100000,79.85,79.85,1531,1543
n012w8-0,n012w8,0,5,500000,100.0,adaptive,2026-07-02T23:09:42+01:00,6,45,43,0,499240,0.000102,270,265,215,100000,99.85,99.85,1531,11
n012w8-0,n012w8,0,5,500000,100.0,adaptive,2026-07-02T23:09:42+01:00,6,49,47,0,173579,0.826137,275,260,215,100000,34.72,34.72,1531,4999
n012w8-0,n012w8,0,5,500000,100.0,adaptive,2026-07-02T23:09:42+01:00,6,49,47,0,273579,0.052126,275,260,215,100000,54.72,54.72,1531,3467
n012w8-0,n012w8,0,5,500000,100.0,adaptive,2026-07-02T23:09:42+01:00,6,49,47,0,373579,0.003289,275,260,215,100000,74.72,74.72,1531,1936
n012w8-0,n012w8,0,5,500000,100.0,adaptive,2026-07-02T23:09:42+01:00,6,49,47,0,473579,0.000208,275,260,215,100000,94.72,94.72,1531,404
n012w8-0,n012w8,0,5,500000,100.0,adaptive,2026-07-02T23:09:42+01:00,6,50,48,0,217051,0.248535,275,275,215,100000,43.41,43.41,1531,4333
n012w8-0,n012w8,0,5,500000,100.0,adaptive,2026-07-02T23:09:42+01:00,6,50,48,0,317051,0.015682,275,275,215,100000,63.41,63.41,1531,2802
n012w8-0,n012w8,0,5,500000,100.0,adaptive,2026-07-02T23:09:42+01:00,6,50,48,0,417051,0.000989,275,275,215,100000,83.41,83.41,1531,1270
n012w8-0,n012w8,0,5,500000,100.0,adaptive,2026-07-02T23:09:42+01:00,6,54,52,0,178179,0.727532,265,265,215,100000,35.64,35.64,1531,4929
n012w8-0,n012w8,0,5,500000,100.0,adaptive,2026-07-02T23:09:42+01:00,6,54,52,0,278179,0.045904,265,265,215,100000,55.64,55.64,1531,3397
n012w8-0,n012w8,0,5,500000,100.0,adaptive,2026-07-02T23:09:42+01:00,6,54,52,0,378179,0.002896,265,265,215,100000,75.64,75.64,1531,1865
n012w8-0,n012w8,0,5,500000,100.0,adaptive,2026-07-02T23:09:42+01:00,6,54,52,0,478179,0.000183,265,265,215,100000,95.64,95.64,1531,334
n012w8-0,n012w8,0,5,500000,100.0,adaptive,2026-07-02T23:09:42+01:00,6,51,49,0,191466,0.503974,325,310,215,100000,38.29,38.29,1531,4725
n012w8-0,n012w8,0,5,500000,100.0,adaptive,2026-07-02T23:09:42+01:00,6,51,49,0,291466,0.031799,325,310,215,100000,58.29,58.29,1531,3193
n012w8-0,n012w8,0,5,500000,100.0,adaptive,2026-07-02T23:09:42+01:00,6,51,49,0,391466,0.002006,325,310,215,100000,78.29,78.29,1531,1662
n012w8-0,n012w8,0,5,500000,100.0,adaptive,2026-07-02T23:09:42+01:00,6,51,49,0,491466,0.000127,325,310,215,100000,98.29,98.29,1531,130
n012w8-0,n012w8,0,5,500000,100.0,adaptive,2026-07-02T23:09:42+01:00,6,53,51,0,195079,0.456092,230,230,215,100000,39.02,39.02,1531,4670
n012w8-0,n012w8,0,5,500000,100.0,adaptive,2026-07-02T23:09:42+01:00,6,53,51,0,295079,0.028777,230,230,215,100000,59.02,59.02,1531,3138
n012w8-0,n012w8,0,5,500000,100.0,adaptive,2026-07-02T23:09:42+01:00,6,53,51,0,395079,0.001816,230,230,215,100000,79.02,79.02,1531,1606
n012w8-0,n012w8,0,5,500000,100.0,adaptive,2026-07-02T23:09:42+01:00,6,53,51,0,495079,0.000115,230,230,215,100000,99.02,99.02,1531,75
n012w8-0,n012w8,0,5,500000,100.0,adaptive,2026-07-02T23:09:42+01:00,6,56,54,0,181460,0.664477,260,260,215,100000,36.29,36.29,1531,4878
n012w8-0,n012w8,0,5,500000,100.0,adaptive,2026-07-02T23:09:42+01:00,6,56,54,0,281460,0.041926,260,260,215,100000,56.29,56.29,1531,3347
n012w8-0,n012w8,0,5,500000,100.0,adaptive,2026-07-02T23:09:42+01:00,6,56,54,0,381460,0.002645,260,260,215,100000,76.29,76.29,1531,1815
n012w8-0,n012w8,0,5,500000,100.0,adaptive,2026-07-02T23:09:42+01:00,6,56,54,0,481460,0.000167,260,260,215,100000,96.29,96.29,1531,283
n012w8-0,n012w8,0,5,500000,100.0,adaptive,2026-07-02T23:09:42+01:00,6,55,53,0,150172,1.577379,320,300,215,100000,30.03,30.03,1531,5357
n012w8-0,n012w8,0,5,500000,100.0,adaptive,2026-07-02T23:09:42+01:00,6,55,53,0,250172,0.099526,320,300,215,100000,50.03,50.03,1531,3826
n012w8-0,n012w8,0,5,500000,100.0,adaptive,2026-07-02T23:09:42+01:00,6,55,53,0,350172,0.006280,320,300,215,100000,70.03,70.03,1531,2294
n012w8-0,n012w8,0,5,500000,100.0,adaptive,2026-07-02T23:09:42+01:00,6,55,53,0,450172,0.000396,320,300,215,100000,90.03,90.03,1531,763
n012w8-0,n012w8,0,5,500000,100.0,adaptive,2026-07-02T23:09:42+01:00,6,52,50,0,182798,0.640360,245,245,215,100000,36.56,36.56,1531,4858
n012w8-0,n012w8,0,5,500000,100.0,adaptive,2026-07-02T23:09:42+01:00,6,52,50,0,282798,0.040404,245,245,215,100000,56.56,56.56,1531,3326
n012w8-0,n012w8,0,5,500000,100.0,adaptive,2026-07-02T23:09:42+01:00,6,52,50,0,382798,0.002549,245,245,215,100000,76.56,76.56,1531,1795
n012w8-0,n012w8,0,5,500000,100.0,adaptive,2026-07-02T23:09:42+01:00,6,52,50,0,482798,0.000161,245,245,215,100000,96.56,96.56,1531,263
n012w8-0,n012w8,0,5,500000,100.0,adaptive,2026-07-02T23:09:42+01:00,6,59,57,0,150172,1.577379,280,230,215,100000,30.03,30.03,1531,5357
n012w8-0,n012w8,0,5,500000,100.0,adaptive,2026-07-02T23:09:42+01:00,6,59,57,0,250172,0.099526,280,230,215,100000,50.03,50.03,1531,3826
n012w8-0,n012w8,0,5,500000,100.0,adaptive,2026-07-02T23:09:42+01:00,6,59,57,0,350172,0.006280,280,230,215,100000,70.03,70.03,1531,2294
n012w8-0,n012w8,0,5,500000,100.0,adaptive,2026-07-02T23:09:42+01:00,6,59,57,0,450172,0.000396,280,230,215,100000,90.03,90.03,1531,763
n012w8-0,n012w8,0,5,500000,100.0,adaptive,2026-07-02T23:09:42+01:00,6,58,56,0,150172,1.577379,290,260,215,100000,30.03,30.03,1531,5357
n012w8-0,n012w8,0,5,500000,100.0,adaptive,2026-07-02T23:09:42+01:00,6,58,56,0,250172,0.099526,290,260,215,100000,50.03,50.03,1531,3826
n012w8-0,n012w8,0,5,500000,100.0,adaptive,2026-07-02T23:09:42+01:00,6,58,56,0,350172,0.006280,290,260,215,100000,70.03,70.03,1531,2294
n012w8-0,n012w8,0,5,500000,100.0,adaptive,2026-07-02T23:09:42+01:00,6,58,56,0,450172,0.000396,290,260,215,100000,90.03,90.03,1531,763
n012w8-0,n012w8,0,5,500000,100.0,adaptive,2026-07-02T23:09:42+01:00,6,57,55,0,236480,0.145291,265,265,215,100000,47.30,47.30,1531,4036
n012w8-0,n012w8,0,5,500000,100.0,adaptive,2026-07-02T23:09:42+01:00,6,57,55,0,336480,0.009167,265,265,215,100000,67.30,67.30,1531,2504
n012w8-0,n012w8,0,5,500000,100.0,adaptive,2026-07-02T23:09:42+01:00,6,57,55,0,436480,0.000578,265,265,215,100000,87.30,87.30,1531,972
n012w8-0,n012w8,0,5,500000,100.0,adaptive,2026-07-02T23:09:42+01:00,6,60,58,0,150172,1.577379,355,215,215,100000,30.03,30.03,1531,5357
n012w8-0,n012w8,0,5,500000,100.0,adaptive,2026-07-02T23:09:42+01:00,6,60,58,0,250172,0.099526,355,215,215,100000,50.03,50.03,1531,3826
n012w8-0,n012w8,0,5,500000,100.0,adaptive,2026-07-02T23:09:42+01:00,6,60,58,0,350172,0.006280,355,215,215,100000,70.03,70.03,1531,2294
n012w8-0,n012w8,0,5,500000,100.0,adaptive,2026-07-02T23:09:42+01:00,6,60,58,0,450172,0.000396,355,215,215,100000,90.03,90.03,1531,763
n012w8-0,n012w8,0,5,500000,100.0,adaptive,2026-07-02T23:09:42+01:00,7,4,2,0,189787,0.527905,270,270,235,100000,37.96,37.96,1531,4751
n012w8-0,n012w8,0,5,500000,100.0,adaptive,2026-07-02T23:09:42+01:00,7,4,2,0,289787,0.033309,270,270,235,100000,57.96,57.96,1531,3219
n012w8-0,n012w8,0,5,500000,100.0,adaptive,2026-07-02T23:09:42+01:00,7,4,2,0,389787,0.002102,270,270,235,100000,77.96,77.96,1531,1688
n012w8-0,n012w8,0,5,500000,100.0,adaptive,2026-07-02T23:09:42+01:00,7,4,2,0,489787,0.000133,270,270,235,100000,97.96,97.96,1531,156
n012w8-0,n012w8,0,5,500000,100.0,adaptive,2026-07-02T23:09:42+01:00,7,2,0,0,197114,25.118864,815,260,235,100000,39.42,39.42,1531,4639
n012w8-0,n012w8,0,5,500000,100.0,adaptive,2026-07-02T23:09:42+01:00,7,2,0,0,297114,25.118864,590,260,235,100000,59.42,59.42,1531,3107
n012w8-0,n012w8,0,5,500000,100.0,adaptive,2026-07-02T23:09:42+01:00,7,2,0,0,397114,25.118864,525,260,235,100000,79.42,79.42,1531,1575
n012w8-0,n012w8,0,5,500000,100.0,adaptive,2026-07-02T23:09:42+01:00,7,2,0,0,497114,25.118864,580,260,235,100000,99.42,99.42,1531,44
n012w8-0,n012w8,0,5,500000,100.0,adaptive,2026-07-02T23:09:42+01:00,7,8,6,0,190242,25.118864,585,270,235,100000,38.05,38.05,1531,4744
n012w8-0,n012w8,0,5,500000,100.0,adaptive,2026-07-02T23:09:42+01:00,7,8,6,0,290242,25.118864,845,270,235,100000,58.05,58.05,1531,3212
n012w8-0,n012w8,0,5,500000,100.0,adaptive,2026-07-02T23:09:42+01:00,7,8,6,0,390242,25.118864,595,270,235,100000,78.05,78.05,1531,1681
n012w8-0,n012w8,0,5,500000,100.0,adaptive,2026-07-02T23:09:42+01:00,7,8,6,0,490242,25.118864,545,270,235,100000,98.05,98.05,1531,149
n012w8-0,n012w8,0,5,500000,100.0,adaptive,2026-07-02T23:09:42+01:00,7,7,5,0,180829,25.118864,605,240,235,100000,36.17,36.17,1531,4888
n012w8-0,n012w8,0,5,500000,100.0,adaptive,2026-07-02T23:09:42+01:00,7,7,5,0,280829,25.118864,720,240,235,100000,56.17,56.17,1531,3356
n012w8-0,n012w8,0,5,500000,100.0,adaptive,2026-07-02T23:09:42+01:00,7,7,5,0,380829,25.118864,580,240,235,100000,76.17,76.17,1531,1825
n012w8-0,n012w8,0,5,500000,100.0,adaptive,2026-07-02T23:09:42+01:00,7,7,5,0,480829,25.118864,565,240,235,100000,96.17,96.17,1531,293
n012w8-0,n012w8,0,5,500000,100.0,adaptive,2026-07-02T23:09:42+01:00,7,5,3,0,180495,25.118864,775,255,235,100000,36.10,36.10,1531,4893
n012w8-0,n012w8,0,5,500000,100.0,adaptive,2026-07-02T23:09:42+01:00,7,5,3,0,280495,25.118864,770,255,235,100000,56.10,56.10,1531,3361
n012w8-0,n012w8,0,5,500000,100.0,adaptive,2026-07-02T23:09:42+01:00,7,5,3,0,380495,25.118864,840,255,235,100000,76.10,76.10,1531,1830
n012w8-0,n012w8,0,5,500000,100.0,adaptive,2026-07-02T23:09:42+01:00,7,5,3,0,480495,25.118864,915,255,235,100000,96.10,96.10,1531,298
n012w8-0,n012w8,0,5,500000,100.0,adaptive,2026-07-02T23:09:42+01:00,7,3,1,0,173960,25.118864,890,235,235,100000,34.79,34.79,1531,4993
n012w8-0,n012w8,0,5,500000,100.0,adaptive,2026-07-02T23:09:42+01:00,7,3,1,0,273960,25.118864,725,235,235,100000,54.79,54.79,1531,3462
n012w8-0,n012w8,0,5,500000,100.0,adaptive,2026-07-02T23:09:42+01:00,7,3,1,0,373960,25.118864,715,235,235,100000,74.79,74.79,1531,1930
n012w8-0,n012w8,0,5,500000,100.0,adaptive,2026-07-02T23:09:42+01:00,7,3,1,0,473960,25.118864,575,235,235,100000,94.79,94.79,1531,398
n012w8-0,n012w8,0,5,500000,100.0,adaptive,2026-07-02T23:09:42+01:00,7,6,4,0,177591,25.118864,725,235,235,100000,35.52,35.52,1531,4938
n012w8-0,n012w8,0,5,500000,100.0,adaptive,2026-07-02T23:09:42+01:00,7,6,4,0,277591,25.118864,775,235,235,100000,55.52,55.52,1531,3406
n012w8-0,n012w8,0,5,500000,100.0,adaptive,2026-07-02T23:09:42+01:00,7,6,4,0,377591,25.118864,890,235,235,100000,75.52,75.52,1531,1874
n012w8-0,n012w8,0,5,500000,100.0,adaptive,2026-07-02T23:09:42+01:00,7,6,4,0,477591,25.118864,745,235,235,100000,95.52,95.52,1531,343
n012w8-0,n012w8,0,5,500000,100.0,adaptive,2026-07-02T23:09:42+01:00,7,0,-1,0,198080,25.118864,675,285,235,100000,39.62,39.62,1531,4624
n012w8-0,n012w8,0,5,500000,100.0,adaptive,2026-07-02T23:09:42+01:00,7,0,-1,0,298080,25.118864,690,285,235,100000,59.62,59.62,1531,3092
n012w8-0,n012w8,0,5,500000,100.0,adaptive,2026-07-02T23:09:42+01:00,7,0,-1,0,398080,25.118864,625,285,235,100000,79.62,79.62,1531,1561
n012w8-0,n012w8,0,5,500000,100.0,adaptive,2026-07-02T23:09:42+01:00,7,0,-1,0,498080,25.118864,735,285,235,100000,99.62,99.62,1531,29
n012w8-0,n012w8,0,5,500000,100.0,adaptive,2026-07-02T23:09:42+01:00,7,9,7,0,171921,0.864864,290,260,235,100000,34.38,34.38,1531,5024
n012w8-0,n012w8,0,5,500000,100.0,adaptive,2026-07-02T23:09:42+01:00,7,9,7,0,271921,0.054569,290,260,235,100000,54.38,54.38,1531,3493
n012w8-0,n012w8,0,5,500000,100.0,adaptive,2026-07-02T23:09:42+01:00,7,9,7,0,371921,0.003443,290,260,235,100000,74.38,74.38,1531,1961
n012w8-0,n012w8,0,5,500000,100.0,adaptive,2026-07-02T23:09:42+01:00,7,9,7,0,471921,0.000217,290,260,235,100000,94.38,94.38,1531,430
n012w8-0,n012w8,0,5,500000,100.0,adaptive,2026-07-02T23:09:42+01:00,7,10,8,0,186741,0.574259,290,260,235,100000,37.35,37.35,1531,4797
n012w8-0,n012w8,0,5,500000,100.0,adaptive,2026-07-02T23:09:42+01:00,7,10,8,0,286741,0.036233,290,260,235,100000,57.35,57.35,1531,3266
n012w8-0,n012w8,0,5,500000,100.0,adaptive,2026-07-02T23:09:42+01:00,7,10,8,0,386741,0.002286,290,260,235,100000,77.35,77.35,1531,1734
n012w8-0,n012w8,0,5,500000,100.0,adaptive,2026-07-02T23:09:42+01:00,7,10,8,0,486741,0.000144,290,260,235,100000,97.35,97.35,1531,203
n012w8-0,n012w8,0,5,500000,100.0,adaptive,2026-07-02T23:09:42+01:00,7,11,9,0,203763,0.358793,285,285,235,100000,40.75,40.75,1531,4537
n012w8-0,n012w8,0,5,500000,100.0,adaptive,2026-07-02T23:09:42+01:00,7,11,9,0,303763,0.022638,285,285,235,100000,60.75,60.75,1531,3005
n012w8-0,n012w8,0,5,500000,100.0,adaptive,2026-07-02T23:09:42+01:00,7,11,9,0,403763,0.001428,285,285,235,100000,80.75,80.75,1531,1473
n012w8-0,n012w8,0,5,500000,100.0,adaptive,2026-07-02T23:09:42+01:00,7,13,11,0,198222,0.418154,255,255,235,100000,39.64,39.64,1531,4622
n012w8-0,n012w8,0,5,500000,100.0,adaptive,2026-07-02T23:09:42+01:00,7,13,11,0,298222,0.026384,255,255,235,100000,59.64,59.64,1531,3090
n012w8-0,n012w8,0,5,500000,100.0,adaptive,2026-07-02T23:09:42+01:00,7,13,11,0,398222,0.001665,255,255,235,100000,79.64,79.64,1531,1558
n012w8-0,n012w8,0,5,500000,100.0,adaptive,2026-07-02T23:09:42+01:00,7,13,11,0,498222,0.000105,255,255,235,100000,99.64,99.64,1531,27
n012w8-0,n012w8,0,5,500000,100.0,adaptive,2026-07-02T23:09:42+01:00,7,15,13,0,210912,0.294480,240,240,235,100000,42.18,42.18,1531,4427
n012w8-0,n012w8,0,5,500000,100.0,adaptive,2026-07-02T23:09:42+01:00,7,15,13,0,310912,0.018580,240,240,235,100000,62.18,62.18,1531,2896
n012w8-0,n012w8,0,5,500000,100.0,adaptive,2026-07-02T23:09:42+01:00,7,15,13,0,410912,0.001172,240,240,235,100000,82.18,82.18,1531,1364
n012w8-0,n012w8,0,5,500000,100.0,adaptive,2026-07-02T23:09:42+01:00,7,14,12,0,194069,0.468999,295,295,235,100000,38.81,38.81,1531,4685
n012w8-0,n012w8,0,5,500000,100.0,adaptive,2026-07-02T23:09:42+01:00,7,14,12,0,294069,0.029592,295,295,235,100000,58.81,58.81,1531,3154
n012w8-0,n012w8,0,5,500000,100.0,adaptive,2026-07-02T23:09:42+01:00,7,14,12,0,394069,0.001867,295,295,235,100000,78.81,78.81,1531,1622
n012w8-0,n012w8,0,5,500000,100.0,adaptive,2026-07-02T23:09:42+01:00,7,14,12,0,494069,0.000118,295,295,235,100000,98.81,98.81,1531,90
n012w8-0,n012w8,0,5,500000,100.0,adaptive,2026-07-02T23:09:42+01:00,7,12,10,0,199701,0.401410,260,260,235,100000,39.94,39.94,1531,4599
n012w8-0,n012w8,0,5,500000,100.0,adaptive,2026-07-02T23:09:42+01:00,7,12,10,0,299701,0.025327,260,260,235,100000,59.94,59.94,1531,3067
n012w8-0,n012w8,0,5,500000,100.0,adaptive,2026-07-02T23:09:42+01:00,7,12,10,0,399701,0.001598,260,260,235,100000,79.94,79.94,1531,1536
n012w8-0,n012w8,0,5,500000,100.0,adaptive,2026-07-02T23:09:42+01:00,7,12,10,0,499701,0.000101,260,260,235,100000,99.94,99.94,1531,4
n012w8-0,n012w8,0,5,500000,100.0,adaptive,2026-07-02T23:09:42+01:00,7,16,14,0,187881,0.556452,250,250,235,100000,37.58,37.58,1531,4780
n012w8-0,n012w8,0,5,500000,100.0,adaptive,2026-07-02T23:09:42+01:00,7,16,14,0,287881,0.035110,250,250,235,100000,57.58,57.58,1531,3248
n012w8-0,n012w8,0,5,500000,100.0,adaptive,2026-07-02T23:09:42+01:00,7,16,14,0,387881,0.002215,250,250,235,100000,77.58,77.58,1531,1717
n012w8-0,n012w8,0,5,500000,100.0,adaptive,2026-07-02T23:09:42+01:00,7,16,14,0,487881,0.000140,250,250,235,100000,97.58,97.58,1531,185
n012w8-0,n012w8,0,5,500000,100.0,adaptive,2026-07-02T23:09:42+01:00,7,17,15,0,180718,0.678241,270,270,230,100000,36.14,36.14,1531,4890
n012w8-0,n012w8,0,5,500000,100.0,adaptive,2026-07-02T23:09:42+01:00,7,17,15,0,280718,0.042794,270,270,230,100000,56.14,56.14,1531,3358
n012w8-0,n012w8,0,5,500000,100.0,adaptive,2026-07-02T23:09:42+01:00,7,17,15,0,380718,0.002700,270,270,230,100000,76.14,76.14,1531,1826
n012w8-0,n012w8,0,5,500000,100.0,adaptive,2026-07-02T23:09:42+01:00,7,17,15,0,480718,0.000170,270,270,230,100000,96.14,96.14,1531,295
n012w8-0,n012w8,0,5,500000,100.0,adaptive,2026-07-02T23:09:42+01:00,7,18,16,0,178858,0.714010,265,250,230,100000,35.77,35.77,1531,4918
n012w8-0,n012w8,0,5,500000,100.0,adaptive,2026-07-02T23:09:42+01:00,7,18,16,0,278858,0.045051,265,250,230,100000,55.77,55.77,1531,3387
n012w8-0,n012w8,0,5,500000,100.0,adaptive,2026-07-02T23:09:42+01:00,7,18,16,0,378858,0.002843,265,250,230,100000,75.77,75.77,1531,1855
n012w8-0,n012w8,0,5,500000,100.0,adaptive,2026-07-02T23:09:42+01:00,7,18,16,0,478858,0.000179,265,250,230,100000,95.77,95.77,1531,323
n012w8-0,n012w8,0,5,500000,100.0,adaptive,2026-07-02T23:09:42+01:00,7,19,17,0,210222,0.300148,285,285,230,100000,42.04,42.04,1531,4438
n012w8-0,n012w8,0,5,500000,100.0,adaptive,2026-07-02T23:09:42+01:00,7,19,17,0,310222,0.018938,285,285,230,100000,62.04,62.04,1531,2906
n012w8-0,n012w8,0,5,500000,100.0,adaptive,2026-07-02T23:09:42+01:00,7,19,17,0,410222,0.001195,285,285,230,100000,82.04,82.04,1531,1375
n012w8-0,n012w8,0,5,500000,100.0,adaptive,2026-07-02T23:09:42+01:00,7,20,18,0,166974,0.991544,370,295,230,100000,33.39,33.39,1531,5100
n012w8-0,n012w8,0,5,500000,100.0,adaptive,2026-07-02T23:09:42+01:00,7,20,18,0,266974,0.062562,370,295,230,100000,53.39,53.39,1531,3569
n012w8-0,n012w8,0,5,500000,100.0,adaptive,2026-07-02T23:09:42+01:00,7,20,18,0,366974,0.003947,370,295,230,100000,73.39,73.39,1531,2037
n012w8-0,n012w8,0,5,500000,100.0,adaptive,2026-07-02T23:09:42+01:00,7,20,18,0,466974,0.000249,370,295,230,100000,93.39,93.39,1531,505
n012w8-0,n012w8,0,5,500000,100.0,adaptive,2026-07-02T23:09:42+01:00,7,24,22,0,195421,0.451802,260,260,230,100000,39.08,39.08,1531,4664
n012w8-0,n012w8,0,5,500000,100.0,adaptive,2026-07-02T23:09:42+01:00,7,24,22,0,295421,0.028507,260,260,230,100000,59.08,59.08,1531,3133
n012w8-0,n012w8,0,5,500000,100.0,adaptive,2026-07-02T23:09:42+01:00,7,24,22,0,395421,0.001799,260,260,230,100000,79.08,79.08,1531,1601
n012w8-0,n012w8,0,5,500000,100.0,adaptive,2026-07-02T23:09:42+01:00,7,24,22,0,495421,0.000113,260,260,230,100000,99.08,99.08,1531,70
n012w8-0,n012w8,0,5,500000,100.0,adaptive,2026-07-02T23:09:42+01:00,7,23,21,0,178404,0.723023,260,260,230,100000,35.68,35.68,1531,4925
n012w8-0,n012w8,0,5,500000,100.0,adaptive,2026-07-02T23:09:42+01:00,7,23,21,0,278404,0.045620,260,260,230,100000,55.68,55.68,1531,3393
n012w8-0,n012w8,0,5,500000,100.0,adaptive,2026-07-02T23:09:42+01:00,7,23,21,0,378404,0.002878,260,260,230,100000,75.68,75.68,1531,1862
n012w8-0,n012w8,0,5,500000,100.0,adaptive,2026-07-02T23:09:42+01:00,7,23,21,0,478404,0.000182,260,260,230,100000,95.68,95.68,1531,330
n012w8-0,n012w8,0,5,500000,100.0,adaptive,2026-07-02T23:09:42+01:00,7,22,20,0,189920,0.525969,285,285,230,100000,37.98,37.98,1531,4749
n012w8-0,n012w8,0,5,500000,100.0,adaptive,2026-07-02T23:09:42+01:00,7,22,20,0,289920,0.033186,285,285,230,100000,57.98,57.98,1531,3217
n012w8-0,n012w8,0,5,500000,100.0,adaptive,2026-07-02T23:09:42+01:00,7,22,20,0,389920,0.002094,285,285,230,100000,77.98,77.98,1531,1685
n012w8-0,n012w8,0,5,500000,100.0,adaptive,2026-07-02T23:09:42+01:00,7,22,20,0,489920,0.000132,285,285,230,100000,97.98,97.98,1531,154
n012w8-0,n012w8,0,5,500000,100.0,adaptive,2026-07-02T23:09:42+01:00,7,21,19,0,195793,25.118864,590,230,230,100000,39.16,39.16,1531,4659
n012w8-0,n012w8,0,5,500000,100.0,adaptive,2026-07-02T23:09:42+01:00,7,21,19,0,295793,25.118864,835,230,230,100000,59.16,59.16,1531,3127
n012w8-0,n012w8,0,5,500000,100.0,adaptive,2026-07-02T23:09:42+01:00,7,21,19,0,395793,25.118864,830,230,230,100000,79.16,79.16,1531,1596
n012w8-0,n012w8,0,5,500000,100.0,adaptive,2026-07-02T23:09:42+01:00,7,21,19,0,495793,25.118864,675,230,230,100000,99.16,99.16,1531,64
n012w8-0,n012w8,0,5,500000,100.0,adaptive,2026-07-02T23:09:42+01:00,7,25,23,0,192170,0.494265,265,265,230,100000,38.43,38.43,1531,4714
n012w8-0,n012w8,0,5,500000,100.0,adaptive,2026-07-02T23:09:42+01:00,7,25,23,0,292170,0.031186,265,265,230,100000,58.43,58.43,1531,3183
n012w8-0,n012w8,0,5,500000,100.0,adaptive,2026-07-02T23:09:42+01:00,7,25,23,0,392170,0.001968,265,265,230,100000,78.43,78.43,1531,1651
n012w8-0,n012w8,0,5,500000,100.0,adaptive,2026-07-02T23:09:42+01:00,7,25,23,0,492170,0.000124,265,265,230,100000,98.43,98.43,1531,119
n012w8-0,n012w8,0,5,500000,100.0,adaptive,2026-07-02T23:09:42+01:00,7,26,24,0,189279,0.535367,300,285,230,100000,37.86,37.86,1531,4759
n012w8-0,n012w8,0,5,500000,100.0,adaptive,2026-07-02T23:09:42+01:00,7,26,24,0,289279,0.033779,300,285,230,100000,57.86,57.86,1531,3227
n012w8-0,n012w8,0,5,500000,100.0,adaptive,2026-07-02T23:09:42+01:00,7,26,24,0,389279,0.002131,300,285,230,100000,77.86,77.86,1531,1695
n012w8-0,n012w8,0,5,500000,100.0,adaptive,2026-07-02T23:09:42+01:00,7,26,24,0,489279,0.000134,300,285,230,100000,97.86,97.86,1531,164
n012w8-0,n012w8,0,5,500000,100.0,adaptive,2026-07-02T23:09:42+01:00,7,27,25,0,217857,0.243061,265,265,230,100000,43.57,43.57,1531,4321
n012w8-0,n012w8,0,5,500000,100.0,adaptive,2026-07-02T23:09:42+01:00,7,27,25,0,317857,0.015336,265,265,230,100000,63.57,63.57,1531,2789
n012w8-0,n012w8,0,5,500000,100.0,adaptive,2026-07-02T23:09:42+01:00,7,27,25,0,417857,0.000968,265,265,230,100000,83.57,83.57,1531,1258
n012w8-0,n012w8,0,5,500000,100.0,adaptive,2026-07-02T23:09:42+01:00,7,29,27,0,188708,0.543881,290,280,230,100000,37.74,37.74,1531,4767
n012w8-0,n012w8,0,5,500000,100.0,adaptive,2026-07-02T23:09:42+01:00,7,29,27,0,288708,0.034317,290,280,230,100000,57.74,57.74,1531,3236
n012w8-0,n012w8,0,5,500000,100.0,adaptive,2026-07-02T23:09:42+01:00,7,29,27,0,388708,0.002165,290,280,230,100000,77.74,77.74,1531,1704
n012w8-0,n012w8,0,5,500000,100.0,adaptive,2026-07-02T23:09:42+01:00,7,29,27,0,488708,0.000137,290,280,230,100000,97.74,97.74,1531,172
n012w8-0,n012w8,0,5,500000,100.0,adaptive,2026-07-02T23:09:42+01:00,7,28,26,0,176094,0.770676,380,275,230,100000,35.22,35.22,1531,4960
n012w8-0,n012w8,0,5,500000,100.0,adaptive,2026-07-02T23:09:42+01:00,7,28,26,0,276094,0.048626,380,275,230,100000,55.22,55.22,1531,3429
n012w8-0,n012w8,0,5,500000,100.0,adaptive,2026-07-02T23:09:42+01:00,7,28,26,0,376094,0.003068,380,275,230,100000,75.22,75.22,1531,1897
n012w8-0,n012w8,0,5,500000,100.0,adaptive,2026-07-02T23:09:42+01:00,7,28,26,0,476094,0.000194,380,275,230,100000,95.22,95.22,1531,366
n012w8-0,n012w8,0,5,500000,100.0,adaptive,2026-07-02T23:09:42+01:00,7,31,29,0,208231,0.317123,260,260,230,100000,41.65,41.65,1531,4468
n012w8-0,n012w8,0,5,500000,100.0,adaptive,2026-07-02T23:09:42+01:00,7,31,29,0,308231,0.020009,260,260,230,100000,61.65,61.65,1531,2937
n012w8-0,n012w8,0,5,500000,100.0,adaptive,2026-07-02T23:09:42+01:00,7,31,29,0,408231,0.001262,260,260,230,100000,81.65,81.65,1531,1405
n012w8-0,n012w8,0,5,500000,100.0,adaptive,2026-07-02T23:09:42+01:00,7,30,28,0,194010,0.469764,275,275,230,100000,38.80,38.80,1531,4686
n012w8-0,n012w8,0,5,500000,100.0,adaptive,2026-07-02T23:09:42+01:00,7,30,28,0,294010,0.029640,275,275,230,100000,58.80,58.80,1531,3154
n012w8-0,n012w8,0,5,500000,100.0,adaptive,2026-07-02T23:09:42+01:00,7,30,28,0,394010,0.001870,275,275,230,100000,78.80,78.80,1531,1623
n012w8-0,n012w8,0,5,500000,100.0,adaptive,2026-07-02T23:09:42+01:00,7,30,28,0,494010,0.000118,275,275,230,100000,98.80,98.80,1531,91
n012w8-0,n012w8,0,5,500000,100.0,adaptive,2026-07-02T23:09:42+01:00,7,32,30,0,177066,0.750253,290,280,230,100000,35.41,35.41,1531,4946
n012w8-0,n012w8,0,5,500000,100.0,adaptive,2026-07-02T23:09:42+01:00,7,32,30,0,277066,0.047338,290,280,230,100000,55.41,55.41,1531,3414
n012w8-0,n012w8,0,5,500000,100.0,adaptive,2026-07-02T23:09:42+01:00,7,32,30,0,377066,0.002987,290,280,230,100000,75.41,75.41,1531,1882
n012w8-0,n012w8,0,5,500000,100.0,adaptive,2026-07-02T23:09:42+01:00,7,32,30,0,477066,0.000188,290,280,230,100000,95.41,95.41,1531,351
n012w8-0,n012w8,0,5,500000,100.0,adaptive,2026-07-02T23:09:42+01:00,7,33,31,0,193327,0.478714,285,285,230,100000,38.67,38.67,1531,4697
n012w8-0,n012w8,0,5,500000,100.0,adaptive,2026-07-02T23:09:42+01:00,7,33,31,0,293327,0.030205,285,285,230,100000,58.67,58.67,1531,3165
n012w8-0,n012w8,0,5,500000,100.0,adaptive,2026-07-02T23:09:42+01:00,7,33,31,0,393327,0.001906,285,285,230,100000,78.67,78.67,1531,1633
n012w8-0,n012w8,0,5,500000,100.0,adaptive,2026-07-02T23:09:42+01:00,7,33,31,0,493327,0.000120,285,285,230,100000,98.67,98.67,1531,102
n012w8-0,n012w8,0,5,500000,100.0,adaptive,2026-07-02T23:09:42+01:00,7,34,32,0,179272,0.705888,295,275,230,100000,35.85,35.85,1531,4912
n012w8-0,n012w8,0,5,500000,100.0,adaptive,2026-07-02T23:09:42+01:00,7,34,32,0,279272,0.044539,295,275,230,100000,55.85,55.85,1531,3380
n012w8-0,n012w8,0,5,500000,100.0,adaptive,2026-07-02T23:09:42+01:00,7,34,32,0,379272,0.002810,295,275,230,100000,75.85,75.85,1531,1849
n012w8-0,n012w8,0,5,500000,100.0,adaptive,2026-07-02T23:09:42+01:00,7,34,32,0,479272,0.000177,295,275,230,100000,95.85,95.85,1531,317
n012w8-0,n012w8,0,5,500000,100.0,adaptive,2026-07-02T23:09:42+01:00,7,35,33,0,181881,0.656792,290,270,230,100000,36.38,36.38,1531,4872
n012w8-0,n012w8,0,5,500000,100.0,adaptive,2026-07-02T23:09:42+01:00,7,35,33,0,281881,0.041441,290,270,230,100000,56.38,56.38,1531,3340
n012w8-0,n012w8,0,5,500000,100.0,adaptive,2026-07-02T23:09:42+01:00,7,35,33,0,381881,0.002615,290,270,230,100000,76.38,76.38,1531,1809
n012w8-0,n012w8,0,5,500000,100.0,adaptive,2026-07-02T23:09:42+01:00,7,35,33,0,481881,0.000165,290,270,230,100000,96.38,96.38,1531,277
n012w8-0,n012w8,0,5,500000,100.0,adaptive,2026-07-02T23:09:42+01:00,7,37,35,0,198350,0.416677,275,275,230,100000,39.67,39.67,1531,4620
n012w8-0,n012w8,0,5,500000,100.0,adaptive,2026-07-02T23:09:42+01:00,7,37,35,0,298350,0.026291,275,275,230,100000,59.67,59.67,1531,3088
n012w8-0,n012w8,0,5,500000,100.0,adaptive,2026-07-02T23:09:42+01:00,7,37,35,0,398350,0.001659,275,275,230,100000,79.67,79.67,1531,1556
n012w8-0,n012w8,0,5,500000,100.0,adaptive,2026-07-02T23:09:42+01:00,7,37,35,0,498350,0.000105,275,275,230,100000,99.67,99.67,1531,25
n012w8-0,n012w8,0,5,500000,100.0,adaptive,2026-07-02T23:09:42+01:00,7,36,34,0,184051,0.618569,270,245,230,100000,36.81,36.81,1531,4839
n012w8-0,n012w8,0,5,500000,100.0,adaptive,2026-07-02T23:09:42+01:00,7,36,34,0,284051,0.039029,270,245,230,100000,56.81,56.81,1531,3307
n012w8-0,n012w8,0,5,500000,100.0,adaptive,2026-07-02T23:09:42+01:00,7,36,34,0,384051,0.002463,270,245,230,100000,76.81,76.81,1531,1775
n012w8-0,n012w8,0,5,500000,100.0,adaptive,2026-07-02T23:09:42+01:00,7,36,34,0,484051,0.000155,270,245,230,100000,96.81,96.81,1531,244
n012w8-0,n012w8,0,5,500000,100.0,adaptive,2026-07-02T23:09:42+01:00,7,39,37,0,171307,0.879662,300,285,230,100000,34.26,34.26,1531,5034
n012w8-0,n012w8,0,5,500000,100.0,adaptive,2026-07-02T23:09:42+01:00,7,39,37,0,271307,0.055503,300,285,230,100000,54.26,54.26,1531,3502
n012w8-0,n012w8,0,5,500000,100.0,adaptive,2026-07-02T23:09:42+01:00,7,39,37,0,371307,0.003502,300,285,230,100000,74.26,74.26,1531,1971
n012w8-0,n012w8,0,5,500000,100.0,adaptive,2026-07-02T23:09:42+01:00,7,39,37,0,471307,0.000221,300,285,230,100000,94.26,94.26,1531,439
n012w8-0,n012w8,0,5,500000,100.0,adaptive,2026-07-02T23:09:42+01:00,7,38,36,0,182848,0.639476,285,270,230,100000,36.57,36.57,1531,4857
n012w8-0,n012w8,0,5,500000,100.0,adaptive,2026-07-02T23:09:42+01:00,7,38,36,0,282848,0.040348,285,270,230,100000,56.57,56.57,1531,3325
n012w8-0,n012w8,0,5,500000,100.0,adaptive,2026-07-02T23:09:42+01:00,7,38,36,0,382848,0.002546,285,270,230,100000,76.57,76.57,1531,1794
n012w8-0,n012w8,0,5,500000,100.0,adaptive,2026-07-02T23:09:42+01:00,7,38,36,0,482848,0.000161,285,270,230,100000,96.57,96.57,1531,262
n012w8-0,n012w8,0,5,500000,100.0,adaptive,2026-07-02T23:09:42+01:00,7,40,38,0,183443,0.629048,245,240,230,100000,36.69,36.69,1531,4848
n012w8-0,n012w8,0,5,500000,100.0,adaptive,2026-07-02T23:09:42+01:00,7,40,38,0,283443,0.039690,245,240,230,100000,56.69,56.69,1531,3316
n012w8-0,n012w8,0,5,500000,100.0,adaptive,2026-07-02T23:09:42+01:00,7,40,38,0,383443,0.002504,245,240,230,100000,76.69,76.69,1531,1785
n012w8-0,n012w8,0,5,500000,100.0,adaptive,2026-07-02T23:09:42+01:00,7,40,38,0,483443,0.000158,245,240,230,100000,96.69,96.69,1531,253
n012w8-0,n012w8,0,5,500000,100.0,adaptive,2026-07-02T23:09:42+01:00,7,41,39,0,189186,0.536745,300,300,230,100000,37.84,37.84,1531,4760
n012w8-0,n012w8,0,5,500000,100.0,adaptive,2026-07-02T23:09:42+01:00,7,41,39,0,289186,0.033866,300,300,230,100000,57.84,57.84,1531,3228
n012w8-0,n012w8,0,5,500000,100.0,adaptive,2026-07-02T23:09:42+01:00,7,41,39,0,389186,0.002137,300,300,230,100000,77.84,77.84,1531,1697
n012w8-0,n012w8,0,5,500000,100.0,adaptive,2026-07-02T23:09:42+01:00,7,41,39,0,489186,0.000135,300,300,230,100000,97.84,97.84,1531,165
n012w8-0,n012w8,0,5,500000,100.0,adaptive,2026-07-02T23:09:42+01:00,7,42,40,0,194942,0.457821,260,260,230,100000,38.99,38.99,1531,4672
n012w8-0,n012w8,0,5,500000,100.0,adaptive,2026-07-02T23:09:42+01:00,7,42,40,0,294942,0.028887,260,260,230,100000,58.99,58.99,1531,3140
n012w8-0,n012w8,0,5,500000,100.0,adaptive,2026-07-02T23:09:42+01:00,7,42,40,0,394942,0.001823,260,260,230,100000,78.99,78.99,1531,1609
n012w8-0,n012w8,0,5,500000,100.0,adaptive,2026-07-02T23:09:42+01:00,7,42,40,0,494942,0.000115,260,260,230,100000,98.99,98.99,1531,77
n012w8-0,n012w8,0,5,500000,100.0,adaptive,2026-07-02T23:09:42+01:00,7,43,41,0,187289,0.565629,335,310,230,100000,37.46,37.46,1531,4789
n012w8-0,n012w8,0,5,500000,100.0,adaptive,2026-07-02T23:09:42+01:00,7,43,41,0,287289,0.035689,335,310,230,100000,57.46,57.46,1531,3257
n012w8-0,n012w8,0,5,500000,100.0,adaptive,2026-07-02T23:09:42+01:00,7,43,41,0,387289,0.002252,335,310,230,100000,77.46,77.46,1531,1726
n012w8-0,n012w8,0,5,500000,100.0,adaptive,2026-07-02T23:09:42+01:00,7,43,41,0,487289,0.000142,335,310,230,100000,97.46,97.46,1531,194
n012w8-0,n012w8,0,5,500000,100.0,adaptive,2026-07-02T23:09:42+01:00,7,44,42,0,178719,0.716757,320,305,230,100000,35.74,35.74,1531,4920
n012w8-0,n012w8,0,5,500000,100.0,adaptive,2026-07-02T23:09:42+01:00,7,44,42,0,278719,0.045224,320,305,230,100000,55.74,55.74,1531,3389
n012w8-0,n012w8,0,5,500000,100.0,adaptive,2026-07-02T23:09:42+01:00,7,44,42,0,378719,0.002853,320,305,230,100000,75.74,75.74,1531,1857
n012w8-0,n012w8,0,5,500000,100.0,adaptive,2026-07-02T23:09:42+01:00,7,44,42,0,478719,0.000180,320,305,230,100000,95.74,95.74,1531,325
n012w8-0,n012w8,0,5,500000,100.0,adaptive,2026-07-02T23:09:42+01:00,7,45,43,0,194564,0.462628,255,255,230,100000,38.91,38.91,1531,4678
n012w8-0,n012w8,0,5,500000,100.0,adaptive,2026-07-02T23:09:42+01:00,7,45,43,0,294564,0.029190,255,255,230,100000,58.91,58.91,1531,3146
n012w8-0,n012w8,0,5,500000,100.0,adaptive,2026-07-02T23:09:42+01:00,7,45,43,0,394564,0.001842,255,255,230,100000,78.91,78.91,1531,1614
n012w8-0,n012w8,0,5,500000,100.0,adaptive,2026-07-02T23:09:42+01:00,7,45,43,0,494564,0.000116,255,255,230,100000,98.91,98.91,1531,83
n012w8-0,n012w8,0,5,500000,100.0,adaptive,2026-07-02T23:09:42+01:00,7,47,45,0,172717,0.846050,325,310,230,100000,34.54,34.54,1531,5012
n012w8-0,n012w8,0,5,500000,100.0,adaptive,2026-07-02T23:09:42+01:00,7,47,45,0,272717,0.053382,325,310,230,100000,54.54,54.54,1531,3481
n012w8-0,n012w8,0,5,500000,100.0,adaptive,2026-07-02T23:09:42+01:00,7,47,45,0,372717,0.003368,325,310,230,100000,74.54,74.54,1531,1949
n012w8-0,n012w8,0,5,500000,100.0,adaptive,2026-07-02T23:09:42+01:00,7,47,45,0,472717,0.000213,325,310,230,100000,94.54,94.54,1531,417
n012w8-0,n012w8,0,5,500000,100.0,adaptive,2026-07-02T23:09:42+01:00,7,46,44,0,198542,0.414473,255,255,230,100000,39.71,39.71,1531,4617
n012w8-0,n012w8,0,5,500000,100.0,adaptive,2026-07-02T23:09:42+01:00,7,46,44,0,298542,0.026151,255,255,230,100000,59.71,59.71,1531,3085
n012w8-0,n012w8,0,5,500000,100.0,adaptive,2026-07-02T23:09:42+01:00,7,46,44,0,398542,0.001650,255,255,230,100000,79.71,79.71,1531,1553
n012w8-0,n012w8,0,5,500000,100.0,adaptive,2026-07-02T23:09:42+01:00,7,46,44,0,498542,0.000104,255,255,230,100000,99.71,99.71,1531,22
n012w8-0,n012w8,0,5,500000,100.0,adaptive,2026-07-02T23:09:42+01:00,7,48,46,0,185844,0.588670,260,260,230,100000,37.17,37.17,1531,4811
n012w8-0,n012w8,0,5,500000,100.0,adaptive,2026-07-02T23:09:42+01:00,7,48,46,0,285844,0.037143,260,260,230,100000,57.17,57.17,1531,3280
n012w8-0,n012w8,0,5,500000,100.0,adaptive,2026-07-02T23:09:42+01:00,7,48,46,0,385844,0.002344,260,260,230,100000,77.17,77.17,1531,1748
n012w8-0,n012w8,0,5,500000,100.0,adaptive,2026-07-02T23:09:42+01:00,7,48,46,0,485844,0.000148,260,260,230,100000,97.17,97.17,1531,216
n012w8-0,n012w8,0,5,500000,100.0,adaptive,2026-07-02T23:09:42+01:00,7,49,47,0,194263,0.466492,275,275,230,100000,38.85,38.85,1531,4682
n012w8-0,n012w8,0,5,500000,100.0,adaptive,2026-07-02T23:09:42+01:00,7,49,47,0,294263,0.029434,275,275,230,100000,58.85,58.85,1531,3151
n012w8-0,n012w8,0,5,500000,100.0,adaptive,2026-07-02T23:09:42+01:00,7,49,47,0,394263,0.001857,275,275,230,100000,78.85,78.85,1531,1619
n012w8-0,n012w8,0,5,500000,100.0,adaptive,2026-07-02T23:09:42+01:00,7,49,47,0,494263,0.000117,275,275,230,100000,98.85,98.85,1531,87
n012w8-0,n012w8,0,5,500000,100.0,adaptive,2026-07-02T23:09:42+01:00,7,50,48,0,190817,0.513093,270,270,230,100000,38.16,38.16,1531,4735
n012w8-0,n012w8,0,5,500000,100.0,adaptive,2026-07-02T23:09:42+01:00,7,50,48,0,290817,0.032374,270,270,230,100000,58.16,58.16,1531,3203
n012w8-0,n012w8,0,5,500000,100.0,adaptive,2026-07-02T23:09:42+01:00,7,50,48,0,390817,0.002043,270,270,230,100000,78.16,78.16,1531,1672
n012w8-0,n012w8,0,5,500000,100.0,adaptive,2026-07-02T23:09:42+01:00,7,50,48,0,490817,0.000129,270,270,230,100000,98.16,98.16,1531,140
n012w8-0,n012w8,0,5,500000,100.0,adaptive,2026-07-02T23:09:42+01:00,7,52,50,0,213126,0.277005,275,275,230,100000,42.63,42.63,1531,4393
n012w8-0,n012w8,0,5,500000,100.0,adaptive,2026-07-02T23:09:42+01:00,7,52,50,0,313126,0.017478,275,275,230,100000,62.63,62.63,1531,2862
n012w8-0,n012w8,0,5,500000,100.0,adaptive,2026-07-02T23:09:42+01:00,7,52,50,0,413126,0.001103,275,275,230,100000,82.63,82.63,1531,1330
n012w8-0,n012w8,0,5,500000,100.0,adaptive,2026-07-02T23:09:42+01:00,7,54,52,0,183519,0.627729,255,255,230,100000,36.70,36.70,1531,4847
n012w8-0,n012w8,0,5,500000,100.0,adaptive,2026-07-02T23:09:42+01:00,7,54,52,0,283519,0.039607,255,255,230,100000,56.70,56.70,1531,3315
n012w8-0,n012w8,0,5,500000,100.0,adaptive,2026-07-02T23:09:42+01:00,7,54,52,0,383519,0.002499,255,255,230,100000,76.70,76.70,1531,1784
n012w8-0,n012w8,0,5,500000,100.0,adaptive,2026-07-02T23:09:42+01:00,7,54,52,0,483519,0.000158,255,255,230,100000,96.70,96.70,1531,252
n012w8-0,n012w8,0,5,500000,100.0,adaptive,2026-07-02T23:09:42+01:00,7,53,51,0,207065,0.327507,255,255,230,100000,41.41,41.41,1531,4486
n012w8-0,n012w8,0,5,500000,100.0,adaptive,2026-07-02T23:09:42+01:00,7,53,51,0,307065,0.020664,255,255,230,100000,61.41,61.41,1531,2954
n012w8-0,n012w8,0,5,500000,100.0,adaptive,2026-07-02T23:09:42+01:00,7,53,51,0,407065,0.001304,255,255,230,100000,81.41,81.41,1531,1423
n012w8-0,n012w8,0,5,500000,100.0,adaptive,2026-07-02T23:09:42+01:00,7,51,49,0,183236,0.632657,315,300,230,100000,36.65,36.65,1531,4851
n012w8-0,n012w8,0,5,500000,100.0,adaptive,2026-07-02T23:09:42+01:00,7,51,49,0,283236,0.039918,315,300,230,100000,56.65,56.65,1531,3319
n012w8-0,n012w8,0,5,500000,100.0,adaptive,2026-07-02T23:09:42+01:00,7,51,49,0,383236,0.002519,315,300,230,100000,76.65,76.65,1531,1788
n012w8-0,n012w8,0,5,500000,100.0,adaptive,2026-07-02T23:09:42+01:00,7,51,49,0,483236,0.000159,315,300,230,100000,96.65,96.65,1531,256
n012w8-0,n012w8,0,5,500000,100.0,adaptive,2026-07-02T23:09:42+01:00,7,55,53,0,190750,0.514044,250,250,230,100000,38.15,38.15,1531,4736
n012w8-0,n012w8,0,5,500000,100.0,adaptive,2026-07-02T23:09:42+01:00,7,55,53,0,290750,0.032434,250,250,230,100000,58.15,58.15,1531,3204
n012w8-0,n012w8,0,5,500000,100.0,adaptive,2026-07-02T23:09:42+01:00,7,55,53,0,390750,0.002046,250,250,230,100000,78.15,78.15,1531,1673
n012w8-0,n012w8,0,5,500000,100.0,adaptive,2026-07-02T23:09:42+01:00,7,55,53,0,490750,0.000129,250,250,230,100000,98.15,98.15,1531,141
n012w8-0,n012w8,0,5,500000,100.0,adaptive,2026-07-02T23:09:42+01:00,7,56,54,0,185352,0.596727,295,280,230,100000,37.07,37.07,1531,4819
n012w8-0,n012w8,0,5,500000,100.0,adaptive,2026-07-02T23:09:42+01:00,7,56,54,0,285352,0.037651,295,280,230,100000,57.07,57.07,1531,3287
n012w8-0,n012w8,0,5,500000,100.0,adaptive,2026-07-02T23:09:42+01:00,7,56,54,0,385352,0.002376,295,280,230,100000,77.07,77.07,1531,1755
n012w8-0,n012w8,0,5,500000,100.0,adaptive,2026-07-02T23:09:42+01:00,7,56,54,0,485352,0.000150,295,280,230,100000,97.07,97.07,1531,224
n012w8-0,n012w8,0,5,500000,100.0,adaptive,2026-07-02T23:09:42+01:00,7,57,55,0,195668,0.448729,290,275,230,100000,39.13,39.13,1531,4661
n012w8-0,n012w8,0,5,500000,100.0,adaptive,2026-07-02T23:09:42+01:00,7,57,55,0,295668,0.028313,290,275,230,100000,59.13,59.13,1531,3129
n012w8-0,n012w8,0,5,500000,100.0,adaptive,2026-07-02T23:09:42+01:00,7,57,55,0,395668,0.001786,290,275,230,100000,79.13,79.13,1531,1597
n012w8-0,n012w8,0,5,500000,100.0,adaptive,2026-07-02T23:09:42+01:00,7,57,55,0,495668,0.000113,290,275,230,100000,99.13,99.13,1531,66
n012w8-0,n012w8,0,5,500000,100.0,adaptive,2026-07-02T23:09:42+01:00,7,59,57,0,204911,0.347591,255,255,230,100000,40.98,40.98,1531,4519
n012w8-0,n012w8,0,5,500000,100.0,adaptive,2026-07-02T23:09:42+01:00,7,59,57,0,304911,0.021931,255,255,230,100000,60.98,60.98,1531,2987
n012w8-0,n012w8,0,5,500000,100.0,adaptive,2026-07-02T23:09:42+01:00,7,59,57,0,404911,0.001384,255,255,230,100000,80.98,80.98,1531,1456
n012w8-0,n012w8,0,5,500000,100.0,adaptive,2026-07-02T23:09:42+01:00,7,58,56,0,196381,0.439975,320,295,230,100000,39.28,39.28,1531,4650
n012w8-0,n012w8,0,5,500000,100.0,adaptive,2026-07-02T23:09:42+01:00,7,58,56,0,296381,0.027761,320,295,230,100000,59.28,59.28,1531,3118
n012w8-0,n012w8,0,5,500000,100.0,adaptive,2026-07-02T23:09:42+01:00,7,58,56,0,396381,0.001752,320,295,230,100000,79.28,79.28,1531,1587
n012w8-0,n012w8,0,5,500000,100.0,adaptive,2026-07-02T23:09:42+01:00,7,58,56,0,496381,0.000111,320,295,230,100000,99.28,99.28,1531,55
n012w8-0,n012w8,0,5,500000,100.0,adaptive,2026-07-02T23:09:42+01:00,7,60,58,0,202368,0.372893,230,230,230,100000,40.47,40.47,1531,4558
n012w8-0,n012w8,0,5,500000,100.0,adaptive,2026-07-02T23:09:42+01:00,7,60,58,0,302368,0.023528,230,230,230,100000,60.47,60.47,1531,3026
n012w8-0,n012w8,0,5,500000,100.0,adaptive,2026-07-02T23:09:42+01:00,7,60,58,0,402368,0.001485,230,230,230,100000,80.47,80.47,1531,1495
n012w8-0,n012w8,0,5,500000,100.0,adaptive,2026-07-02T23:09:42+01:00,7,61,59,0,177568,0.739919,275,260,230,100000,35.51,35.51,1531,4938
n012w8-0,n012w8,0,5,500000,100.0,adaptive,2026-07-02T23:09:42+01:00,7,61,59,0,277568,0.046686,275,260,230,100000,55.51,55.51,1531,3406
n012w8-0,n012w8,0,5,500000,100.0,adaptive,2026-07-02T23:09:42+01:00,7,61,59,0,377568,0.002946,275,260,230,100000,75.51,75.51,1531,1875
n012w8-0,n012w8,0,5,500000,100.0,adaptive,2026-07-02T23:09:42+01:00,7,61,59,0,477568,0.000186,275,260,230,100000,95.51,95.51,1531,343
n012w8-0,n012w8,0,5,500000,100.0,adaptive,2026-07-02T23:09:42+01:00,7,62,60,0,195695,0.448394,275,260,230,100000,39.14,39.14,1531,4660
n012w8-0,n012w8,0,5,500000,100.0,adaptive,2026-07-02T23:09:42+01:00,7,62,60,0,295695,0.028292,275,260,230,100000,59.14,59.14,1531,3129
n012w8-0,n012w8,0,5,500000,100.0,adaptive,2026-07-02T23:09:42+01:00,7,62,60,0,395695,0.001785,275,260,230,100000,79.14,79.14,1531,1597
n012w8-0,n012w8,0,5,500000,100.0,adaptive,2026-07-02T23:09:42+01:00,7,62,60,0,495695,0.000113,275,260,230,100000,99.14,99.14,1531,65
n012w8-0,n012w8,0,5,500000,100.0,adaptive,2026-07-02T23:09:42+01:00,7,63,61,0,171225,0.881658,330,255,230,100000,34.24,34.24,1531,5035
n012w8-0,n012w8,0,5,500000,100.0,adaptive,2026-07-02T23:09:42+01:00,7,63,61,0,271225,0.055629,330,255,230,100000,54.24,54.24,1531,3503
n012w8-0,n012w8,0,5,500000,100.0,adaptive,2026-07-02T23:09:42+01:00,7,63,61,0,371225,0.003510,330,255,230,100000,74.25,74.25,1531,1972
n012w8-0,n012w8,0,5,500000,100.0,adaptive,2026-07-02T23:09:42+01:00,7,63,61,0,471225,0.000221,330,255,230,100000,94.25,94.25,1531,440
n012w8-0,n012w8,0,5,500000,100.0,adaptive,2026-07-02T23:09:42+01:00,7,64,62,0,167021,0.990257,355,320,230,100000,33.40,33.40,1531,5099
n012w8-0,n012w8,0,5,500000,100.0,adaptive,2026-07-02T23:09:42+01:00,7,64,62,0,267021,0.062481,355,320,230,100000,53.40,53.40,1531,3568
n012w8-0,n012w8,0,5,500000,100.0,adaptive,2026-07-02T23:09:42+01:00,7,64,62,0,367021,0.003942,355,320,230,100000,73.40,73.40,1531,2036
n012w8-0,n012w8,0,5,500000,100.0,adaptive,2026-07-02T23:09:42+01:00,7,64,62,0,467021,0.000249,355,320,230,100000,93.40,93.40,1531,505
n012w8-0,n012w8,0,5,500000,100.0,adaptive,2026-07-02T23:09:42+01:00,7,65,63,0,171741,0.869177,295,270,230,100000,34.35,34.35,1531,5027
n012w8-0,n012w8,0,5,500000,100.0,adaptive,2026-07-02T23:09:42+01:00,7,65,63,0,271741,0.054841,295,270,230,100000,54.35,54.35,1531,3496
n012w8-0,n012w8,0,5,500000,100.0,adaptive,2026-07-02T23:09:42+01:00,7,65,63,0,371741,0.003460,295,270,230,100000,74.35,74.35,1531,1964
n012w8-0,n012w8,0,5,500000,100.0,adaptive,2026-07-02T23:09:42+01:00,7,65,63,0,471741,0.000218,295,270,230,100000,94.35,94.35,1531,432
n012w8-0,n012w8,0,5,500000,100.0,adaptive,2026-07-02T23:09:42+01:00,7,66,64,0,206050,0.336822,290,290,230,100000,41.21,41.21,1531,4502
n012w8-0,n012w8,0,5,500000,100.0,adaptive,2026-07-02T23:09:42+01:00,7,66,64,0,306050,0.021252,290,290,230,100000,61.21,61.21,1531,2970
n012w8-0,n012w8,0,5,500000,100.0,adaptive,2026-07-02T23:09:42+01:00,7,66,64,0,406050,0.001341,290,290,230,100000,81.21,81.21,1531,1438
n012w8-0,n012w8,0,5,500000,100.0,adaptive,2026-07-02T23:09:42+01:00,7,68,66,0,168300,0.955873,285,260,230,100000,33.66,33.66,1531,5080
n012w8-0,n012w8,0,5,500000,100.0,adaptive,2026-07-02T23:09:42+01:00,7,68,66,0,268300,0.060311,285,260,230,100000,53.66,53.66,1531,3548
n012w8-0,n012w8,0,5,500000,100.0,adaptive,2026-07-02T23:09:42+01:00,7,68,66,0,368300,0.003805,285,260,230,100000,73.66,73.66,1531,2017
n012w8-0,n012w8,0,5,500000,100.0,adaptive,2026-07-02T23:09:42+01:00,7,68,66,0,468300,0.000240,285,260,230,100000,93.66,93.66,1531,485
n012w8-0,n012w8,0,5,500000,100.0,adaptive,2026-07-02T23:09:42+01:00,7,67,65,0,198896,0.410438,280,280,230,100000,39.78,39.78,1531,4611
n012w8-0,n012w8,0,5,500000,100.0,adaptive,2026-07-02T23:09:42+01:00,7,67,65,0,298896,0.025897,280,280,230,100000,59.78,59.78,1531,3080
n012w8-0,n012w8,0,5,500000,100.0,adaptive,2026-07-02T23:09:42+01:00,7,67,65,0,398896,0.001634,280,280,230,100000,79.78,79.78,1531,1548
n012w8-0,n012w8,0,5,500000,100.0,adaptive,2026-07-02T23:09:42+01:00,7,67,65,0,498896,0.000103,280,280,230,100000,99.78,99.78,1531,16
n012w8-0,n012w8,0,5,500000,100.0,adaptive,2026-07-02T23:09:42+01:00,7,69,67,0,166311,1.009876,305,295,230,100000,33.26,33.26,1531,5110
n012w8-0,n012w8,0,5,500000,100.0,adaptive,2026-07-02T23:09:42+01:00,7,69,67,0,266311,0.063719,305,295,230,100000,53.26,53.26,1531,3579
n012w8-0,n012w8,0,5,500000,100.0,adaptive,2026-07-02T23:09:42+01:00,7,69,67,0,366311,0.004020,305,295,230,100000,73.26,73.26,1531,2047
n012w8-0,n012w8,0,5,500000,100.0,adaptive,2026-07-02T23:09:42+01:00,7,69,67,0,466311,0.000254,305,295,230,100000,93.26,93.26,1531,515
n012w8-0,n012w8,0,5,500000,100.0,adaptive,2026-07-02T23:09:42+01:00,7,70,68,0,168123,0.960559,295,260,230,100000,33.62,33.62,1531,5083
n012w8-0,n012w8,0,5,500000,100.0,adaptive,2026-07-02T23:09:42+01:00,7,70,68,0,268123,0.060607,295,260,230,100000,53.62,53.62,1531,3551
n012w8-0,n012w8,0,5,500000,100.0,adaptive,2026-07-02T23:09:42+01:00,7,70,68,0,368123,0.003824,295,260,230,100000,73.62,73.62,1531,2019
n012w8-0,n012w8,0,5,500000,100.0,adaptive,2026-07-02T23:09:42+01:00,7,70,68,0,468123,0.000241,295,260,230,100000,93.62,93.62,1531,488
n012w8-0,n012w8,0,5,500000,100.0,adaptive,2026-07-02T23:09:42+01:00,7,71,69,0,170826,0.891432,305,300,230,100000,34.17,34.17,1531,5041
n012w8-0,n012w8,0,5,500000,100.0,adaptive,2026-07-02T23:09:42+01:00,7,71,69,0,270826,0.056246,305,300,230,100000,54.17,54.17,1531,3510
n012w8-0,n012w8,0,5,500000,100.0,adaptive,2026-07-02T23:09:42+01:00,7,71,69,0,370826,0.003549,305,300,230,100000,74.17,74.17,1531,1978
n012w8-0,n012w8,0,5,500000,100.0,adaptive,2026-07-02T23:09:42+01:00,7,71,69,0,470826,0.000224,305,300,230,100000,94.17,94.17,1531,446
n012w8-0,n012w8,0,5,500000,100.0,adaptive,2026-07-02T23:09:42+01:00,7,72,70,0,187344,0.564770,260,255,230,100000,37.47,37.47,1531,4788
n012w8-0,n012w8,0,5,500000,100.0,adaptive,2026-07-02T23:09:42+01:00,7,72,70,0,287344,0.035635,260,255,230,100000,57.47,57.47,1531,3257
n012w8-0,n012w8,0,5,500000,100.0,adaptive,2026-07-02T23:09:42+01:00,7,72,70,0,387344,0.002248,260,255,230,100000,77.47,77.47,1531,1725
n012w8-0,n012w8,0,5,500000,100.0,adaptive,2026-07-02T23:09:42+01:00,7,72,70,0,487344,0.000142,260,255,230,100000,97.47,97.47,1531,193
n012w8-0,n012w8,0,5,500000,100.0,adaptive,2026-07-02T23:09:42+01:00,7,73,71,0,195976,0.444926,245,230,230,100000,39.20,39.20,1531,4656
n012w8-0,n012w8,0,5,500000,100.0,adaptive,2026-07-02T23:09:42+01:00,7,73,71,0,295976,0.028073,245,230,230,100000,59.20,59.20,1531,3124
n012w8-0,n012w8,0,5,500000,100.0,adaptive,2026-07-02T23:09:42+01:00,7,73,71,0,395976,0.001771,245,230,230,100000,79.20,79.20,1531,1593
n012w8-0,n012w8,0,5,500000,100.0,adaptive,2026-07-02T23:09:42+01:00,7,73,71,0,495976,0.000112,245,230,230,100000,99.20,99.20,1531,61
n012w8-0,n012w8,0,5,500000,100.0,adaptive,2026-07-02T23:09:42+01:00,7,74,72,0,190359,0.519627,300,300,230,100000,38.07,38.07,1531,4742
n012w8-0,n012w8,0,5,500000,100.0,adaptive,2026-07-02T23:09:42+01:00,7,74,72,0,290359,0.032786,300,300,230,100000,58.07,58.07,1531,3210
n012w8-0,n012w8,0,5,500000,100.0,adaptive,2026-07-02T23:09:42+01:00,7,74,72,0,390359,0.002069,300,300,230,100000,78.07,78.07,1531,1679
n012w8-0,n012w8,0,5,500000,100.0,adaptive,2026-07-02T23:09:42+01:00,7,74,72,0,490359,0.000131,300,300,230,100000,98.07,98.07,1531,147
n012w8-0,n012w8,0,5,500000,100.0,adaptive,2026-07-02T23:09:42+01:00,7,75,73,0,156899,1.309821,285,275,230,100000,31.38,31.38,1531,5254
n012w8-0,n012w8,0,5,500000,100.0,adaptive,2026-07-02T23:09:42+01:00,7,75,73,0,256899,0.082644,285,275,230,100000,51.38,51.38,1531,3723
n012w8-0,n012w8,0,5,500000,100.0,adaptive,2026-07-02T23:09:42+01:00,7,75,73,0,356899,0.005214,285,275,230,100000,71.38,71.38,1531,2191
n012w8-0,n012w8,0,5,500000,100.0,adaptive,2026-07-02T23:09:42+01:00,7,75,73,0,456899,0.000329,285,275,230,100000,91.38,91.38,1531,660
n012w8-0,n012w8,0,5,500000,100.0,adaptive,2026-07-02T23:09:42+01:00,7,77,75,0,190754,0.513987,275,270,230,100000,38.15,38.15,1531,4736
n012w8-0,n012w8,0,5,500000,100.0,adaptive,2026-07-02T23:09:42+01:00,7,77,75,0,290754,0.032430,275,270,230,100000,58.15,58.15,1531,3204
n012w8-0,n012w8,0,5,500000,100.0,adaptive,2026-07-02T23:09:42+01:00,7,77,75,0,390754,0.002046,275,270,230,100000,78.15,78.15,1531,1673
n012w8-0,n012w8,0,5,500000,100.0,adaptive,2026-07-02T23:09:42+01:00,7,77,75,0,490754,0.000129,275,270,230,100000,98.15,98.15,1531,141
n012w8-0,n012w8,0,5,500000,100.0,adaptive,2026-07-02T23:09:42+01:00,7,76,74,0,177825,0.734683,285,275,230,100000,35.57,35.57,1531,4934
n012w8-0,n012w8,0,5,500000,100.0,adaptive,2026-07-02T23:09:42+01:00,7,76,74,0,277825,0.046355,285,275,230,100000,55.56,55.56,1531,3402
n012w8-0,n012w8,0,5,500000,100.0,adaptive,2026-07-02T23:09:42+01:00,7,76,74,0,377825,0.002925,285,275,230,100000,75.56,75.56,1531,1871
n012w8-0,n012w8,0,5,500000,100.0,adaptive,2026-07-02T23:09:42+01:00,7,76,74,0,477825,0.000185,285,275,230,100000,95.56,95.56,1531,339
n012w8-0,n012w8,0,5,500000,100.0,adaptive,2026-07-02T23:09:42+01:00,7,78,76,0,188577,0.545853,285,285,230,100000,37.72,37.72,1531,4769
n012w8-0,n012w8,0,5,500000,100.0,adaptive,2026-07-02T23:09:42+01:00,7,78,76,0,288577,0.034441,285,285,230,100000,57.72,57.72,1531,3238
n012w8-0,n012w8,0,5,500000,100.0,adaptive,2026-07-02T23:09:42+01:00,7,78,76,0,388577,0.002173,285,285,230,100000,77.72,77.72,1531,1706
n012w8-0,n012w8,0,5,500000,100.0,adaptive,2026-07-02T23:09:42+01:00,7,78,76,0,488577,0.000137,285,285,230,100000,97.72,97.72,1531,174
n012w8-0,n012w8,0,5,500000,100.0,adaptive,2026-07-02T23:09:42+01:00,7,79,77,0,193992,0.469998,240,240,230,100000,38.80,38.80,1531,4686
n012w8-0,n012w8,0,5,500000,100.0,adaptive,2026-07-02T23:09:42+01:00,7,79,77,0,293992,0.029655,240,240,230,100000,58.80,58.80,1531,3155
n012w8-0,n012w8,0,5,500000,100.0,adaptive,2026-07-02T23:09:42+01:00,7,79,77,0,393992,0.001871,240,240,230,100000,78.80,78.80,1531,1623
n012w8-0,n012w8,0,5,500000,100.0,adaptive,2026-07-02T23:09:42+01:00,7,79,77,0,493992,0.000118,240,240,230,100000,98.80,98.80,1531,92
n012w8-0,n012w8,0,5,500000,100.0,adaptive,2026-07-02T23:09:42+01:00,7,80,78,0,203954,0.356904,285,285,230,100000,40.79,40.79,1531,4534
n012w8-0,n012w8,0,5,500000,100.0,adaptive,2026-07-02T23:09:42+01:00,7,80,78,0,303954,0.022519,285,285,230,100000,60.79,60.79,1531,3002
n012w8-0,n012w8,0,5,500000,100.0,adaptive,2026-07-02T23:09:42+01:00,7,80,78,0,403954,0.001421,285,285,230,100000,80.79,80.79,1531,1471
n012w8-0,n012w8,0,5,500000,100.0,adaptive,2026-07-02T23:09:42+01:00,7,81,79,0,189115,0.537799,260,260,215,100000,37.82,37.82,1531,4761
n012w8-0,n012w8,0,5,500000,100.0,adaptive,2026-07-02T23:09:42+01:00,7,81,79,0,289115,0.033933,260,260,215,100000,57.82,57.82,1531,3229
n012w8-0,n012w8,0,5,500000,100.0,adaptive,2026-07-02T23:09:42+01:00,7,81,79,0,389115,0.002141,260,260,215,100000,77.82,77.82,1531,1698
n012w8-0,n012w8,0,5,500000,100.0,adaptive,2026-07-02T23:09:42+01:00,7,81,79,0,489115,0.000135,260,260,215,100000,97.82,97.82,1531,166
n012w8-0,n012w8,0,5,500000,100.0,adaptive,2026-07-02T23:09:42+01:00,7,83,81,0,178775,0.715649,270,255,215,100000,35.75,35.75,1531,4919
n012w8-0,n012w8,0,5,500000,100.0,adaptive,2026-07-02T23:09:42+01:00,7,83,81,0,278775,0.045154,270,255,215,100000,55.75,55.75,1531,3388
n012w8-0,n012w8,0,5,500000,100.0,adaptive,2026-07-02T23:09:42+01:00,7,83,81,0,378775,0.002849,270,255,215,100000,75.75,75.75,1531,1856
n012w8-0,n012w8,0,5,500000,100.0,adaptive,2026-07-02T23:09:42+01:00,7,83,81,0,478775,0.000180,270,255,215,100000,95.75,95.75,1531,325
n012w8-0,n012w8,0,5,500000,100.0,adaptive,2026-07-02T23:09:42+01:00,7,86,84,0,200616,0.391388,290,285,215,100000,40.12,40.12,1531,4585
n012w8-0,n012w8,0,5,500000,100.0,adaptive,2026-07-02T23:09:42+01:00,7,86,84,0,300616,0.024695,290,285,215,100000,60.12,60.12,1531,3053
n012w8-0,n012w8,0,5,500000,100.0,adaptive,2026-07-02T23:09:42+01:00,7,86,84,0,400616,0.001558,290,285,215,100000,80.12,80.12,1531,1522
n012w8-0,n012w8,0,5,500000,100.0,adaptive,2026-07-02T23:09:42+01:00,7,84,82,0,205337,0.343523,285,275,215,100000,41.07,41.07,1531,4513
n012w8-0,n012w8,0,5,500000,100.0,adaptive,2026-07-02T23:09:42+01:00,7,84,82,0,305337,0.021675,285,275,215,100000,61.07,61.07,1531,2981
n012w8-0,n012w8,0,5,500000,100.0,adaptive,2026-07-02T23:09:42+01:00,7,84,82,0,405337,0.001368,285,275,215,100000,81.07,81.07,1531,1449
n012w8-0,n012w8,0,5,500000,100.0,adaptive,2026-07-02T23:09:42+01:00,7,87,85,0,189555,0.531300,245,245,215,100000,37.91,37.91,1531,4754
n012w8-0,n012w8,0,5,500000,100.0,adaptive,2026-07-02T23:09:42+01:00,7,87,85,0,289555,0.033523,245,245,215,100000,57.91,57.91,1531,3223
n012w8-0,n012w8,0,5,500000,100.0,adaptive,2026-07-02T23:09:42+01:00,7,87,85,0,389555,0.002115,245,245,215,100000,77.91,77.91,1531,1691
n012w8-0,n012w8,0,5,500000,100.0,adaptive,2026-07-02T23:09:42+01:00,7,87,85,0,489555,0.000133,245,245,215,100000,97.91,97.91,1531,159
n012w8-0,n012w8,0,5,500000,100.0,adaptive,2026-07-02T23:09:42+01:00,7,82,80,0,199977,25.118864,655,225,215,100000,40.00,40.00,1531,4595
n012w8-0,n012w8,0,5,500000,100.0,adaptive,2026-07-02T23:09:42+01:00,7,82,80,0,299977,25.118864,835,225,215,100000,60.00,60.00,1531,3063
n012w8-0,n012w8,0,5,500000,100.0,adaptive,2026-07-02T23:09:42+01:00,7,82,80,0,399977,25.118864,775,225,215,100000,80.00,80.00,1531,1531
n012w8-0,n012w8,0,5,500000,100.0,adaptive,2026-07-02T23:09:42+01:00,7,82,80,0,499977,25.118864,895,225,215,100000,100.00,100.00,1531,0
n012w8-0,n012w8,0,5,500000,100.0,adaptive,2026-07-02T23:09:42+01:00,7,85,83,0,201080,25.118864,780,215,215,100000,40.22,40.22,1531,4578
n012w8-0,n012w8,0,5,500000,100.0,adaptive,2026-07-02T23:09:42+01:00,7,85,83,0,301080,25.118864,535,215,215,100000,60.22,60.22,1531,3046
n012w8-0,n012w8,0,5,500000,100.0,adaptive,2026-07-02T23:09:42+01:00,7,85,83,0,401080,25.118864,500,215,215,100000,80.22,80.22,1531,1515
n012w8-0,n012w8,0,5,500000,100.0,adaptive,2026-07-02T23:09:42+01:00,7,88,86,0,175133,0.791414,325,250,215,100000,35.03,35.03,1531,4975
n012w8-0,n012w8,0,5,500000,100.0,adaptive,2026-07-02T23:09:42+01:00,7,88,86,0,275133,0.049935,325,250,215,100000,55.03,55.03,1531,3444
n012w8-0,n012w8,0,5,500000,100.0,adaptive,2026-07-02T23:09:42+01:00,7,88,86,0,375133,0.003151,325,250,215,100000,75.03,75.03,1531,1912
n012w8-0,n012w8,0,5,500000,100.0,adaptive,2026-07-02T23:09:42+01:00,7,88,86,0,475133,0.000199,325,250,215,100000,95.03,95.03,1531,380
n012w8-0,n012w8,0,5,500000,100.0,adaptive,2026-07-02T23:09:42+01:00,7,89,87,0,150172,1.577379,290,250,215,100000,30.03,30.03,1531,5357
n012w8-0,n012w8,0,5,500000,100.0,adaptive,2026-07-02T23:09:42+01:00,7,89,87,0,250172,0.099526,290,250,215,100000,50.03,50.03,1531,3826
n012w8-0,n012w8,0,5,500000,100.0,adaptive,2026-07-02T23:09:42+01:00,7,89,87,0,350172,0.006280,290,250,215,100000,70.03,70.03,1531,2294
n012w8-0,n012w8,0,5,500000,100.0,adaptive,2026-07-02T23:09:42+01:00,7,89,87,0,450172,0.000396,290,250,215,100000,90.03,90.03,1531,763
n012w8-0,n012w8,0,5,500000,100.0,adaptive,2026-07-02T23:09:42+01:00,7,90,88,0,190070,0.523793,240,230,215,100000,38.01,38.01,1531,4746
n012w8-0,n012w8,0,5,500000,100.0,adaptive,2026-07-02T23:09:42+01:00,7,90,88,0,290070,0.033049,240,230,215,100000,58.01,58.01,1531,3215
n012w8-0,n012w8,0,5,500000,100.0,adaptive,2026-07-02T23:09:42+01:00,7,90,88,0,390070,0.002085,240,230,215,100000,78.01,78.01,1531,1683
n012w8-0,n012w8,0,5,500000,100.0,adaptive,2026-07-02T23:09:42+01:00,7,90,88,0,490070,0.000132,240,230,215,100000,98.01,98.01,1531,152
n012w8-0,n012w8,0,5,500000,100.0,adaptive,2026-07-02T23:09:42+01:00,7,93,91,0,150172,1.577379,300,215,215,100000,30.03,30.03,1531,5357
n012w8-0,n012w8,0,5,500000,100.0,adaptive,2026-07-02T23:09:42+01:00,7,93,91,0,250172,0.099526,300,215,215,100000,50.03,50.03,1531,3826
n012w8-0,n012w8,0,5,500000,100.0,adaptive,2026-07-02T23:09:42+01:00,7,93,91,0,350172,0.006280,300,215,215,100000,70.03,70.03,1531,2294
n012w8-0,n012w8,0,5,500000,100.0,adaptive,2026-07-02T23:09:42+01:00,7,93,91,0,450172,0.000396,300,215,215,100000,90.03,90.03,1531,763
n012w8-0,n012w8,0,5,500000,100.0,adaptive,2026-07-02T23:09:42+01:00,7,92,90,0,150172,1.577379,295,225,215,100000,30.03,30.03,1531,5357
n012w8-0,n012w8,0,5,500000,100.0,adaptive,2026-07-02T23:09:42+01:00,7,92,90,0,250172,0.099526,295,225,215,100000,50.03,50.03,1531,3826
n012w8-0,n012w8,0,5,500000,100.0,adaptive,2026-07-02T23:09:42+01:00,7,92,90,0,350172,0.006280,295,225,215,100000,70.03,70.03,1531,2294
n012w8-0,n012w8,0,5,500000,100.0,adaptive,2026-07-02T23:09:42+01:00,7,92,90,0,450172,0.000396,295,225,215,100000,90.03,90.03,1531,763
n012w8-0,n012w8,0,5,500000,100.0,adaptive,2026-07-02T23:09:42+01:00,7,91,89,0,150172,1.577379,300,230,215,100000,30.03,30.03,1531,5357
n012w8-0,n012w8,0,5,500000,100.0,adaptive,2026-07-02T23:09:42+01:00,7,91,89,0,250172,0.099526,300,230,215,100000,50.03,50.03,1531,3826
n012w8-0,n012w8,0,5,500000,100.0,adaptive,2026-07-02T23:09:42+01:00,7,91,89,0,350172,0.006280,300,230,215,100000,70.03,70.03,1531,2294
n012w8-0,n012w8,0,5,500000,100.0,adaptive,2026-07-02T23:09:42+01:00,7,91,89,0,450172,0.000396,300,230,215,100000,90.03,90.03,1531,763
n012w8-0,n012w8,0,5,500000,100.0,adaptive,2026-07-02T23:09:42+01:00,8,6,4,0,169890,0.914787,1815,1780,1705,100000,33.98,33.98,1531,5055
n012w8-0,n012w8,0,5,500000,100.0,adaptive,2026-07-02T23:09:42+01:00,8,6,4,0,269890,0.057719,1815,1780,1705,100000,53.98,53.98,1531,3524
n012w8-0,n012w8,0,5,500000,100.0,adaptive,2026-07-02T23:09:42+01:00,8,6,4,0,369890,0.003642,1815,1780,1705,100000,73.98,73.98,1531,1992
n012w8-0,n012w8,0,5,500000,100.0,adaptive,2026-07-02T23:09:42+01:00,8,6,4,0,469890,0.000230,1815,1780,1705,100000,93.98,93.98,1531,461
n012w8-0,n012w8,0,5,500000,100.0,adaptive,2026-07-02T23:09:42+01:00,8,4,2,0,222073,25.118864,2160,1790,1705,100000,44.41,44.41,1531,4256
n012w8-0,n012w8,0,5,500000,100.0,adaptive,2026-07-02T23:09:42+01:00,8,4,2,0,322073,25.118864,2300,1790,1705,100000,64.41,64.41,1531,2725
n012w8-0,n012w8,0,5,500000,100.0,adaptive,2026-07-02T23:09:42+01:00,8,4,2,0,422073,25.118864,2240,1790,1705,100000,84.41,84.41,1531,1193
n012w8-0,n012w8,0,5,500000,100.0,adaptive,2026-07-02T23:09:42+01:00,8,2,0,0,190830,25.118864,2215,1835,1705,100000,38.17,38.17,1531,4735
n012w8-0,n012w8,0,5,500000,100.0,adaptive,2026-07-02T23:09:42+01:00,8,2,0,0,290830,25.118864,2160,1835,1705,100000,58.17,58.17,1531,3203
n012w8-0,n012w8,0,5,500000,100.0,adaptive,2026-07-02T23:09:42+01:00,8,2,0,0,390830,25.118864,2735,1835,1705,100000,78.17,78.17,1531,1672
n012w8-0,n012w8,0,5,500000,100.0,adaptive,2026-07-02T23:09:42+01:00,8,2,0,0,490830,25.118864,2240,1835,1705,100000,98.17,98.17,1531,140
n012w8-0,n012w8,0,5,500000,100.0,adaptive,2026-07-02T23:09:42+01:00,8,0,-1,0,187470,25.118864,2145,1705,1705,100000,37.49,37.49,1531,4786
n012w8-0,n012w8,0,5,500000,100.0,adaptive,2026-07-02T23:09:42+01:00,8,0,-1,0,287470,25.118864,2170,1705,1705,100000,57.49,57.49,1531,3255
n012w8-0,n012w8,0,5,500000,100.0,adaptive,2026-07-02T23:09:42+01:00,8,0,-1,0,387470,25.118864,1960,1705,1705,100000,77.49,77.49,1531,1723
n012w8-0,n012w8,0,5,500000,100.0,adaptive,2026-07-02T23:09:42+01:00,8,0,-1,0,487470,25.118864,2045,1705,1705,100000,97.49,97.49,1531,191
n012w8-0,n012w8,0,5,500000,100.0,adaptive,2026-07-02T23:09:42+01:00,8,3,1,0,223115,25.118864,2300,1745,1705,100000,44.62,44.62,1531,4240
n012w8-0,n012w8,0,5,500000,100.0,adaptive,2026-07-02T23:09:42+01:00,8,3,1,0,323115,25.118864,2160,1745,1705,100000,64.62,64.62,1531,2709
n012w8-0,n012w8,0,5,500000,100.0,adaptive,2026-07-02T23:09:42+01:00,8,3,1,0,423115,25.118864,2220,1745,1705,100000,84.62,84.62,1531,1177
n012w8-0,n012w8,0,5,500000,100.0,adaptive,2026-07-02T23:09:42+01:00,8,7,5,0,187848,25.118864,2300,1715,1705,100000,37.57,37.57,1531,4780
n012w8-0,n012w8,0,5,500000,100.0,adaptive,2026-07-02T23:09:42+01:00,8,7,5,0,287848,25.118864,2210,1715,1705,100000,57.57,57.57,1531,3249
n012w8-0,n012w8,0,5,500000,100.0,adaptive,2026-07-02T23:09:42+01:00,8,7,5,0,387848,25.118864,2180,1715,1705,100000,77.57,77.57,1531,1717
n012w8-0,n012w8,0,5,500000,100.0,adaptive,2026-07-02T23:09:42+01:00,8,7,5,0,487848,25.118864,2355,1715,1705,100000,97.57,97.57,1531,186
n012w8-0,n012w8,0,5,500000,100.0,adaptive,2026-07-02T23:09:42+01:00,8,8,6,0,191973,25.118864,2300,1800,1705,100000,38.39,38.39,1531,4717
n012w8-0,n012w8,0,5,500000,100.0,adaptive,2026-07-02T23:09:42+01:00,8,8,6,0,291973,25.118864,2420,1800,1705,100000,58.39,58.39,1531,3186
n012w8-0,n012w8,0,5,500000,100.0,adaptive,2026-07-02T23:09:42+01:00,8,8,6,0,391973,25.118864,2095,1800,1705,100000,78.39,78.39,1531,1654
n012w8-0,n012w8,0,5,500000,100.0,adaptive,2026-07-02T23:09:42+01:00,8,8,6,0,491973,25.118864,2310,1800,1705,100000,98.39,98.39,1531,122
n012w8-0,n012w8,0,5,500000,100.0,adaptive,2026-07-02T23:09:42+01:00,8,5,3,0,174939,25.118864,2130,1830,1705,100000,34.99,34.99,1531,4978
n012w8-0,n012w8,0,5,500000,100.0,adaptive,2026-07-02T23:09:42+01:00,8,5,3,0,274939,25.118864,2155,1830,1705,100000,54.99,54.99,1531,3447
n012w8-0,n012w8,0,5,500000,100.0,adaptive,2026-07-02T23:09:42+01:00,8,5,3,0,374939,25.118864,2205,1830,1705,100000,74.99,74.99,1531,1915
n012w8-0,n012w8,0,5,500000,100.0,adaptive,2026-07-02T23:09:42+01:00,8,5,3,0,474939,25.118864,2300,1830,1705,100000,94.99,94.99,1531,383
n012w8-0,n012w8,0,5,500000,100.0,adaptive,2026-07-02T23:09:42+01:00,8,9,7,0,188146,0.552393,1835,1830,1690,100000,37.63,37.63,1531,4776
n012w8-0,n012w8,0,5,500000,100.0,adaptive,2026-07-02T23:09:42+01:00,8,9,7,0,288146,0.034854,1835,1830,1690,100000,57.63,57.63,1531,3244
n012w8-0,n012w8,0,5,500000,100.0,adaptive,2026-07-02T23:09:42+01:00,8,9,7,0,388146,0.002199,1835,1830,1690,100000,77.63,77.63,1531,1713
n012w8-0,n012w8,0,5,500000,100.0,adaptive,2026-07-02T23:09:42+01:00,8,9,7,0,488146,0.000139,1835,1830,1690,100000,97.63,97.63,1531,181
n012w8-0,n012w8,0,5,500000,100.0,adaptive,2026-07-02T23:09:42+01:00,8,10,8,0,174373,0.808210,1805,1750,1690,100000,34.87,34.87,1531,4987
n012w8-0,n012w8,0,5,500000,100.0,adaptive,2026-07-02T23:09:42+01:00,8,10,8,0,274373,0.050995,1805,1750,1690,100000,54.87,54.87,1531,3455
n012w8-0,n012w8,0,5,500000,100.0,adaptive,2026-07-02T23:09:42+01:00,8,10,8,0,374373,0.003218,1805,1750,1690,100000,74.87,74.87,1531,1924
n012w8-0,n012w8,0,5,500000,100.0,adaptive,2026-07-02T23:09:42+01:00,8,10,8,0,474373,0.000203,1805,1750,1690,100000,94.87,94.87,1531,392
n012w8-0,n012w8,0,5,500000,100.0,adaptive,2026-07-02T23:09:42+01:00,8,11,9,0,187861,0.556760,1860,1860,1690,100000,37.57,37.57,1531,4780
n012w8-0,n012w8,0,5,500000,100.0,adaptive,2026-07-02T23:09:42+01:00,8,11,9,0,287861,0.035129,1860,1860,1690,100000,57.57,57.57,1531,3249
n012w8-0,n012w8,0,5,500000,100.0,adaptive,2026-07-02T23:09:42+01:00,8,11,9,0,387861,0.002217,1860,1860,1690,100000,77.57,77.57,1531,1717
n012w8-0,n012w8,0,5,500000,100.0,adaptive,2026-07-02T23:09:42+01:00,8,11,9,0,487861,0.000140,1860,1860,1690,100000,97.57,97.57,1531,185
n012w8-0,n012w8,0,5,500000,100.0,adaptive,2026-07-02T23:09:42+01:00,8,12,10,0,194177,0.467602,1790,1790,1690,100000,38.84,38.84,1531,4683
n012w8-0,n012w8,0,5,500000,100.0,adaptive,2026-07-02T23:09:42+01:00,8,12,10,0,294177,0.029504,1790,1790,1690,100000,58.84,58.84,1531,3152
n012w8-0,n012w8,0,5,500000,100.0,adaptive,2026-07-02T23:09:42+01:00,8,12,10,0,394177,0.001862,1790,1790,1690,100000,78.84,78.84,1531,1620
n012w8-0,n012w8,0,5,500000,100.0,adaptive,2026-07-02T23:09:42+01:00,8,12,10,0,494177,0.000117,1790,1790,1690,100000,98.84,98.84,1531,89
n012w8-0,n012w8,0,5,500000,100.0,adaptive,2026-07-02T23:09:42+01:00,8,15,13,0,184401,0.612616,1785,1785,1690,100000,36.88,36.88,1531,4833
n012w8-0,n012w8,0,5,500000,100.0,adaptive,2026-07-02T23:09:42+01:00,8,15,13,0,284401,0.038653,1785,1785,1690,100000,56.88,56.88,1531,3302
n012w8-0,n012w8,0,5,500000,100.0,adaptive,2026-07-02T23:09:42+01:00,8,15,13,0,384401,0.002439,1785,1785,1690,100000,76.88,76.88,1531,1770
n012w8-0,n012w8,0,5,500000,100.0,adaptive,2026-07-02T23:09:42+01:00,8,15,13,0,484401,0.000154,1785,1785,1690,100000,96.88,96.88,1531,238
n012w8-0,n012w8,0,5,500000,100.0,adaptive,2026-07-02T23:09:42+01:00,8,16,14,0,172346,0.854767,1775,1740,1690,100000,34.47,34.47,1531,5018
n012w8-0,n012w8,0,5,500000,100.0,adaptive,2026-07-02T23:09:42+01:00,8,16,14,0,272346,0.053932,1775,1740,1690,100000,54.47,54.47,1531,3486
n012w8-0,n012w8,0,5,500000,100.0,adaptive,2026-07-02T23:09:42+01:00,8,16,14,0,372346,0.003403,1775,1740,1690,100000,74.47,74.47,1531,1955
n012w8-0,n012w8,0,5,500000,100.0,adaptive,2026-07-02T23:09:42+01:00,8,16,14,0,472346,0.000215,1775,1740,1690,100000,94.47,94.47,1531,423
n012w8-0,n012w8,0,5,500000,100.0,adaptive,2026-07-02T23:09:42+01:00,8,14,12,0,235848,0.147851,1795,1790,1690,100000,47.17,47.17,1531,4045
n012w8-0,n012w8,0,5,500000,100.0,adaptive,2026-07-02T23:09:42+01:00,8,14,12,0,335848,0.009329,1795,1790,1690,100000,67.17,67.17,1531,2514
n012w8-0,n012w8,0,5,500000,100.0,adaptive,2026-07-02T23:09:42+01:00,8,14,12,0,435848,0.000589,1795,1790,1690,100000,87.17,87.17,1531,982
n012w8-0,n012w8,0,5,500000,100.0,adaptive,2026-07-02T23:09:42+01:00,8,13,11,0,193974,25.118864,2295,1690,1690,100000,38.79,38.79,1531,4687
n012w8-0,n012w8,0,5,500000,100.0,adaptive,2026-07-02T23:09:42+01:00,8,13,11,0,293974,25.118864,2285,1690,1690,100000,58.79,58.79,1531,3155
n012w8-0,n012w8,0,5,500000,100.0,adaptive,2026-07-02T23:09:42+01:00,8,13,11,0,393974,25.118864,2190,1690,1690,100000,78.79,78.79,1531,1623
n012w8-0,n012w8,0,5,500000,100.0,adaptive,2026-07-02T23:09:42+01:00,8,13,11,0,493974,25.118864,2260,1690,1690,100000,98.79,98.79,1531,92
n012w8-0,n012w8,0,5,500000,100.0,adaptive,2026-07-02T23:09:42+01:00,8,17,15,0,202741,0.369069,1815,1815,1690,100000,40.55,40.55,1531,4552
n012w8-0,n012w8,0,5,500000,100.0,adaptive,2026-07-02T23:09:42+01:00,8,17,15,0,302741,0.023287,1815,1815,1690,100000,60.55,60.55,1531,3021
n012w8-0,n012w8,0,5,500000,100.0,adaptive,2026-07-02T23:09:42+01:00,8,17,15,0,402741,0.001469,1815,1815,1690,100000,80.55,80.55,1531,1489
n012w8-0,n012w8,0,5,500000,100.0,adaptive,2026-07-02T23:09:42+01:00,8,18,16,0,192106,0.495140,1800,1780,1690,100000,38.42,38.42,1531,4715
n012w8-0,n012w8,0,5,500000,100.0,adaptive,2026-07-02T23:09:42+01:00,8,18,16,0,292106,0.031241,1800,1780,1690,100000,58.42,58.42,1531,3184
n012w8-0,n012w8,0,5,500000,100.0,adaptive,2026-07-02T23:09:42+01:00,8,18,16,0,392106,0.001971,1800,1780,1690,100000,78.42,78.42,1531,1652
n012w8-0,n012w8,0,5,500000,100.0,adaptive,2026-07-02T23:09:42+01:00,8,18,16,0,492106,0.000124,1800,1780,1690,100000,98.42,98.42,1531,120
n012w8-0,n012w8,0,5,500000,100.0,adaptive,2026-07-02T23:09:42+01:00,8,19,17,0,192080,0.495496,1735,1735,1690,100000,38.42,38.42,1531,4716
n012w8-0,n012w8,0,5,500000,100.0,adaptive,2026-07-02T23:09:42+01:00,8,19,17,0,292080,0.031264,1735,1735,1690,100000,58.42,58.42,1531,3184
n012w8-0,n012w8,0,5,500000,100.0,adaptive,2026-07-02T23:09:42+01:00,8,19,17,0,392080,0.001973,1735,1735,1690,100000,78.42,78.42,1531,1652
n012w8-0,n012w8,0,5,500000,100.0,adaptive,2026-07-02T23:09:42+01:00,8,19,17,0,492080,0.000124,1735,1735,1690,100000,98.42,98.42,1531,121
n012w8-0,n012w8,0,5,500000,100.0,adaptive,2026-07-02T23:09:42+01:00,8,20,18,0,187916,0.555914,1825,1825,1690,100000,37.58,37.58,1531,4779
n012w8-0,n012w8,0,5,500000,100.0,adaptive,2026-07-02T23:09:42+01:00,8,20,18,0,287916,0.035076,1825,1825,1690,100000,57.58,57.58,1531,3248
n012w8-0,n012w8,0,5,500000,100.0,adaptive,2026-07-02T23:09:42+01:00,8,20,18,0,387916,0.002213,1825,1825,1690,100000,77.58,77.58,1531,1716
n012w8-0,n012w8,0,5,500000,100.0,adaptive,2026-07-02T23:09:42+01:00,8,20,18,0,487916,0.000140,1825,1825,1690,100000,97.58,97.58,1531,185
n012w8-0,n012w8,0,5,500000,100.0,adaptive,2026-07-02T23:09:42+01:00,8,21,19,0,185511,0.594112,1780,1780,1690,100000,37.10,37.10,1531,4816
n012w8-0,n012w8,0,5,500000,100.0,adaptive,2026-07-02T23:09:42+01:00,8,21,19,0,285511,0.037486,1780,1780,1690,100000,57.10,57.10,1531,3285
n012w8-0,n012w8,0,5,500000,100.0,adaptive,2026-07-02T23:09:42+01:00,8,21,19,0,385511,0.002365,1780,1780,1690,100000,77.10,77.10,1531,1753
n012w8-0,n012w8,0,5,500000,100.0,adaptive,2026-07-02T23:09:42+01:00,8,21,19,0,485511,0.000149,1780,1780,1690,100000,97.10,97.10,1531,221
n012w8-0,n012w8,0,5,500000,100.0,adaptive,2026-07-02T23:09:42+01:00,8,23,21,0,194233,0.466879,1730,1725,1690,100000,38.85,38.85,1531,4683
n012w8-0,n012w8,0,5,500000,100.0,adaptive,2026-07-02T23:09:42+01:00,8,23,21,0,294233,0.029458,1730,1725,1690,100000,58.85,58.85,1531,3151
n012w8-0,n012w8,0,5,500000,100.0,adaptive,2026-07-02T23:09:42+01:00,8,23,21,0,394233,0.001859,1730,1725,1690,100000,78.85,78.85,1531,1619
n012w8-0,n012w8,0,5,500000,100.0,adaptive,2026-07-02T23:09:42+01:00,8,23,21,0,494233,0.000117,1730,1725,1690,100000,98.85,98.85,1531,88
n012w8-0,n012w8,0,5,500000,100.0,adaptive,2026-07-02T23:09:42+01:00,8,22,20,0,180162,0.688741,1780,1770,1690,100000,36.03,36.03,1531,4898
n012w8-0,n012w8,0,5,500000,100.0,adaptive,2026-07-02T23:09:42+01:00,8,22,20,0,280162,0.043457,1780,1770,1690,100000,56.03,56.03,1531,3367
n012w8-0,n012w8,0,5,500000,100.0,adaptive,2026-07-02T23:09:42+01:00,8,22,20,0,380162,0.002742,1780,1770,1690,100000,76.03,76.03,1531,1835
n012w8-0,n012w8,0,5,500000,100.0,adaptive,2026-07-02T23:09:42+01:00,8,22,20,0,480162,0.000173,1780,1770,1690,100000,96.03,96.03,1531,303
n012w8-0,n012w8,0,5,500000,100.0,adaptive,2026-07-02T23:09:42+01:00,8,24,22,0,216002,0.255844,1745,1745,1690,100000,43.20,43.20,1531,4349
n012w8-0,n012w8,0,5,500000,100.0,adaptive,2026-07-02T23:09:42+01:00,8,24,22,0,316002,0.016143,1745,1745,1690,100000,63.20,63.20,1531,2818
n012w8-0,n012w8,0,5,500000,100.0,adaptive,2026-07-02T23:09:42+01:00,8,24,22,0,416002,0.001019,1745,1745,1690,100000,83.20,83.20,1531,1286
n012w8-0,n012w8,0,5,500000,100.0,adaptive,2026-07-02T23:09:42+01:00,8,25,23,0,204748,0.349160,1760,1760,1690,100000,40.95,40.95,1531,4522
n012w8-0,n012w8,0,5,500000,100.0,adaptive,2026-07-02T23:09:42+01:00,8,25,23,0,304748,0.022030,1760,1760,1690,100000,60.95,60.95,1531,2990
n012w8-0,n012w8,0,5,500000,100.0,adaptive,2026-07-02T23:09:42+01:00,8,25,23,0,404748,0.001390,1760,1760,1690,100000,80.95,80.95,1531,1458
n012w8-0,n012w8,0,5,500000,100.0,adaptive,2026-07-02T23:09:42+01:00,8,26,24,0,202802,0.368448,1715,1715,1690,100000,40.56,40.56,1531,4551
n012w8-0,n012w8,0,5,500000,100.0,adaptive,2026-07-02T23:09:42+01:00,8,26,24,0,302802,0.023247,1715,1715,1690,100000,60.56,60.56,1531,3020
n012w8-0,n012w8,0,5,500000,100.0,adaptive,2026-07-02T23:09:42+01:00,8,26,24,0,402802,0.001467,1715,1715,1690,100000,80.56,80.56,1531,1488
n012w8-0,n012w8,0,5,500000,100.0,adaptive,2026-07-02T23:09:42+01:00,8,27,25,0,208844,0.311797,1805,1805,1690,100000,41.77,41.77,1531,4459
n012w8-0,n012w8,0,5,500000,100.0,adaptive,2026-07-02T23:09:42+01:00,8,27,25,0,308844,0.019673,1805,1805,1690,100000,61.77,61.77,1531,2927
n012w8-0,n012w8,0,5,500000,100.0,adaptive,2026-07-02T23:09:42+01:00,8,27,25,0,408844,0.001241,1805,1805,1690,100000,81.77,81.77,1531,1396
n012w8-0,n012w8,0,5,500000,100.0,adaptive,2026-07-02T23:09:42+01:00,8,28,26,0,173565,0.826457,1750,1735,1690,100000,34.71,34.71,1531,4999
n012w8-0,n012w8,0,5,500000,100.0,adaptive,2026-07-02T23:09:42+01:00,8,28,26,0,273565,0.052146,1750,1735,1690,100000,54.71,54.71,1531,3468
n012w8-0,n012w8,0,5,500000,100.0,adaptive,2026-07-02T23:09:42+01:00,8,28,26,0,373565,0.003290,1750,1735,1690,100000,74.71,74.71,1531,1936
n012w8-0,n012w8,0,5,500000,100.0,adaptive,2026-07-02T23:09:42+01:00,8,28,26,0,473565,0.000208,1750,1735,1690,100000,94.71,94.71,1531,404
n012w8-0,n012w8,0,5,500000,100.0,adaptive,2026-07-02T23:09:42+01:00,8,29,27,0,213223,0.276264,1725,1725,1690,100000,42.64,42.64,1531,4392
n012w8-0,n012w8,0,5,500000,100.0,adaptive,2026-07-02T23:09:42+01:00,8,29,27,0,313223,0.017431,1725,1725,1690,100000,62.64,62.64,1531,2860
n012w8-0,n012w8,0,5,500000,100.0,adaptive,2026-07-02T23:09:42+01:00,8,29,27,0,413223,0.001100,1725,1725,1690,100000,82.64,82.64,1531,1329
n012w8-0,n012w8,0,5,500000,100.0,adaptive,2026-07-02T23:09:42+01:00,8,30,28,0,196789,0.435043,1775,1770,1690,100000,39.36,39.36,1531,4643
n012w8-0,n012w8,0,5,500000,100.0,adaptive,2026-07-02T23:09:42+01:00,8,30,28,0,296789,0.027449,1775,1770,1690,100000,59.36,59.36,1531,3112
n012w8-0,n012w8,0,5,500000,100.0,adaptive,2026-07-02T23:09:42+01:00,8,30,28,0,396789,0.001732,1775,1770,1690,100000,79.36,79.36,1531,1580
n012w8-0,n012w8,0,5,500000,100.0,adaptive,2026-07-02T23:09:42+01:00,8,30,28,0,496789,0.000109,1775,1770,1690,100000,99.36,99.36,1531,49
n012w8-0,n012w8,0,5,500000,100.0,adaptive,2026-07-02T23:09:42+01:00,8,31,29,0,229785,0.174816,1805,1805,1690,100000,45.96,45.96,1531,4138
n012w8-0,n012w8,0,5,500000,100.0,adaptive,2026-07-02T23:09:42+01:00,8,31,29,0,329785,0.011030,1805,1805,1690,100000,65.96,65.96,1531,2607
n012w8-0,n012w8,0,5,500000,100.0,adaptive,2026-07-02T23:09:42+01:00,8,31,29,0,429785,0.000696,1805,1805,1690,100000,85.96,85.96,1531,1075
n012w8-0,n012w8,0,5,500000,100.0,adaptive,2026-07-02T23:09:42+01:00,8,32,30,0,203184,0.364579,1755,1745,1690,100000,40.64,40.64,1531,4546
n012w8-0,n012w8,0,5,500000,100.0,adaptive,2026-07-02T23:09:42+01:00,8,32,30,0,303184,0.023003,1755,1745,1690,100000,60.64,60.64,1531,3014
n012w8-0,n012w8,0,5,500000,100.0,adaptive,2026-07-02T23:09:42+01:00,8,32,30,0,403184,0.001451,1755,1745,1690,100000,80.64,80.64,1531,1482
n012w8-0,n012w8,0,5,500000,100.0,adaptive,2026-07-02T23:09:42+01:00,8,33,31,0,196082,0.443625,1790,1785,1690,100000,39.22,39.22,1531,4654
n012w8-0,n012w8,0,5,500000,100.0,adaptive,2026-07-02T23:09:42+01:00,8,33,31,0,296082,0.027991,1790,1785,1690,100000,59.22,59.22,1531,3123
n012w8-0,n012w8,0,5,500000,100.0,adaptive,2026-07-02T23:09:42+01:00,8,33,31,0,396082,0.001766,1790,1785,1690,100000,79.22,79.22,1531,1591
n012w8-0,n012w8,0,5,500000,100.0,adaptive,2026-07-02T23:09:42+01:00,8,33,31,0,496082,0.000111,1790,1785,1690,100000,99.22,99.22,1531,60
n012w8-0,n012w8,0,5,500000,100.0,adaptive,2026-07-02T23:09:42+01:00,8,34,32,0,185163,0.599852,1800,1765,1690,100000,37.03,37.03,1531,4822
n012w8-0,n012w8,0,5,500000,100.0,adaptive,2026-07-02T23:09:42+01:00,8,34,32,0,285163,0.037848,1800,1765,1690,100000,57.03,57.03,1531,3290
n012w8-0,n012w8,0,5,500000,100.0,adaptive,2026-07-02T23:09:42+01:00,8,34,32,0,385163,0.002388,1800,1765,1690,100000,77.03,77.03,1531,1758
n012w8-0,n012w8,0,5,500000,100.0,adaptive,2026-07-02T23:09:42+01:00,8,34,32,0,485163,0.000151,1800,1765,1690,100000,97.03,97.03,1531,227
n012w8-0,n012w8,0,5,500000,100.0,adaptive,2026-07-02T23:09:42+01:00,8,35,33,0,190567,0.516649,1850,1820,1690,100000,38.11,38.11,1531,4739
n012w8-0,n012w8,0,5,500000,100.0,adaptive,2026-07-02T23:09:42+01:00,8,35,33,0,290567,0.032598,1850,1820,1690,100000,58.11,58.11,1531,3207
n012w8-0,n012w8,0,5,500000,100.0,adaptive,2026-07-02T23:09:42+01:00,8,35,33,0,390567,0.002057,1850,1820,1690,100000,78.11,78.11,1531,1676
n012w8-0,n012w8,0,5,500000,100.0,adaptive,2026-07-02T23:09:42+01:00,8,35,33,0,490567,0.000130,1850,1820,1690,100000,98.11,98.11,1531,144
n012w8-0,n012w8,0,5,500000,100.0,adaptive,2026-07-02T23:09:42+01:00,8,36,34,0,171717,0.869753,1840,1825,1690,100000,34.34,34.34,1531,5027
n012w8-0,n012w8,0,5,500000,100.0,adaptive,2026-07-02T23:09:42+01:00,8,36,34,0,271717,0.054878,1840,1825,1690,100000,54.34,54.34,1531,3496
n012w8-0,n012w8,0,5,500000,100.0,adaptive,2026-07-02T23:09:42+01:00,8,36,34,0,371717,0.003463,1840,1825,1690,100000,74.34,74.34,1531,1964
n012w8-0,n012w8,0,5,500000,100.0,adaptive,2026-07-02T23:09:42+01:00,8,36,34,0,471717,0.000218,1840,1825,1690,100000,94.34,94.34,1531,433
n012w8-0,n012w8,0,5,500000,100.0,adaptive,2026-07-02T23:09:42+01:00,8,37,35,0,198822,0.411278,1735,1735,1690,100000,39.76,39.76,1531,4612
n012w8-0,n012w8,0,5,500000,100.0,adaptive,2026-07-02T23:09:42+01:00,8,37,35,0,298822,0.025950,1735,1735,1690,100000,59.76,59.76,1531,3081
n012w8-0,n012w8,0,5,500000,100.0,adaptive,2026-07-02T23:09:42+01:00,8,37,35,0,398822,0.001637,1735,1735,1690,100000,79.76,79.76,1531,1549
n012w8-0,n012w8,0,5,500000,100.0,adaptive,2026-07-02T23:09:42+01:00,8,37,35,0,498822,0.000103,1735,1735,1690,100000,99.76,99.76,1531,18
n012w8-0,n012w8,0,5,500000,100.0,adaptive,2026-07-02T23:09:42+01:00,8,38,36,0,196161,0.442658,1825,1815,1690,100000,39.23,39.23,1531,4653
n012w8-0,n012w8,0,5,500000,100.0,adaptive,2026-07-02T23:09:42+01:00,8,38,36,0,296161,0.027930,1825,1815,1690,100000,59.23,59.23,1531,3121
n012w8-0,n012w8,0,5,500000,100.0,adaptive,2026-07-02T23:09:42+01:00,8,38,36,0,396161,0.001762,1825,1815,1690,100000,79.23,79.23,1531,1590
n012w8-0,n012w8,0,5,500000,100.0,adaptive,2026-07-02T23:09:42+01:00,8,38,36,0,496161,0.000111,1825,1815,1690,100000,99.23,99.23,1531,58
n012w8-0,n012w8,0,5,500000,100.0,adaptive,2026-07-02T23:09:42+01:00,8,39,37,0,205823,0.338941,1795,1795,1690,100000,41.16,41.16,1531,4505
n012w8-0,n012w8,0,5,500000,100.0,adaptive,2026-07-02T23:09:42+01:00,8,39,37,0,305823,0.021386,1795,1795,1690,100000,61.16,61.16,1531,2974
n012w8-0,n012w8,0,5,500000,100.0,adaptive,2026-07-02T23:09:42+01:00,8,39,37,0,405823,0.001349,1795,1795,1690,100000,81.16,81.16,1531,1442
n012w8-0,n012w8,0,5,500000,100.0,adaptive,2026-07-02T23:09:42+01:00,8,40,38,0,193574,0.475458,1705,1705,1690,100000,38.71,38.71,1531,4693
n012w8-0,n012w8,0,5,500000,100.0,adaptive,2026-07-02T23:09:42+01:00,8,40,38,0,293574,0.029999,1705,1705,1690,100000,58.71,58.71,1531,3161
n012w8-0,n012w8,0,5,500000,100.0,adaptive,2026-07-02T23:09:42+01:00,8,40,38,0,393574,0.001893,1705,1705,1690,100000,78.71,78.71,1531,1630
n012w8-0,n012w8,0,5,500000,100.0,adaptive,2026-07-02T23:09:42+01:00,8,40,38,0,493574,0.000119,1705,1705,1690,100000,98.71,98.71,1531,98
n012w8-0,n012w8,0,5,500000,100.0,adaptive,2026-07-02T23:09:42+01:00,8,41,39,0,200329,0.394505,1760,1730,1690,100000,40.07,40.07,1531,4589
n012w8-0,n012w8,0,5,500000,100.0,adaptive,2026-07-02T23:09:42+01:00,8,41,39,0,300329,0.024892,1760,1730,1690,100000,60.07,60.07,1531,3058
n012w8-0,n012w8,0,5,500000,100.0,adaptive,2026-07-02T23:09:42+01:00,8,41,39,0,400329,0.001571,1760,1730,1690,100000,80.07,80.07,1531,1526
n012w8-0,n012w8,0,5,500000,100.0,adaptive,2026-07-02T23:09:42+01:00,8,43,41,0,191807,0.499248,1780,1780,1690,100000,38.36,38.36,1531,4720
n012w8-0,n012w8,0,5,500000,100.0,adaptive,2026-07-02T23:09:42+01:00,8,43,41,0,291807,0.031500,1780,1780,1690,100000,58.36,58.36,1531,3188
n012w8-0,n012w8,0,5,500000,100.0,adaptive,2026-07-02T23:09:42+01:00,8,43,41,0,391807,0.001988,1780,1780,1690,100000,78.36,78.36,1531,1657
n012w8-0,n012w8,0,5,500000,100.0,adaptive,2026-07-02T23:09:42+01:00,8,43,41,0,491807,0.000125,1780,1780,1690,100000,98.36,98.36,1531,125
n012w8-0,n012w8,0,5,500000,100.0,adaptive,2026-07-02T23:09:42+01:00,8,42,40,0,185681,0.591327,1800,1800,1690,100000,37.14,37.14,1531,4814
n012w8-0,n012w8,0,5,500000,100.0,adaptive,2026-07-02T23:09:42+01:00,8,42,40,0,285681,0.037310,1800,1800,1690,100000,57.14,57.14,1531,3282
n012w8-0,n012w8,0,5,500000,100.0,adaptive,2026-07-02T23:09:42+01:00,8,42,40,0,385681,0.002354,1800,1800,1690,100000,77.14,77.14,1531,1750
n012w8-0,n012w8,0,5,500000,100.0,adaptive,2026-07-02T23:09:42+01:00,8,42,40,0,485681,0.000149,1800,1800,1690,100000,97.14,97.14,1531,219
n012w8-0,n012w8,0,5,500000,100.0,adaptive,2026-07-02T23:09:42+01:00,8,44,42,0,203483,0.361580,1725,1720,1690,100000,40.70,40.70,1531,4541
n012w8-0,n012w8,0,5,500000,100.0,adaptive,2026-07-02T23:09:42+01:00,8,44,42,0,303483,0.022814,1725,1720,1690,100000,60.70,60.70,1531,3009
n012w8-0,n012w8,0,5,500000,100.0,adaptive,2026-07-02T23:09:42+01:00,8,44,42,0,403483,0.001439,1725,1720,1690,100000,80.70,80.70,1531,1478
n012w8-0,n012w8,0,5,500000,100.0,adaptive,2026-07-02T23:09:42+01:00,8,47,45,0,192541,0.489224,1760,1760,1690,100000,38.51,38.51,1531,4709
n012w8-0,n012w8,0,5,500000,100.0,adaptive,2026-07-02T23:09:42+01:00,8,47,45,0,292541,0.030868,1760,1760,1690,100000,58.51,58.51,1531,3177
n012w8-0,n012w8,0,5,500000,100.0,adaptive,2026-07-02T23:09:42+01:00,8,47,45,0,392541,0.001948,1760,1760,1690,100000,78.51,78.51,1531,1645
n012w8-0,n012w8,0,5,500000,100.0,adaptive,2026-07-02T23:09:42+01:00,8,47,45,0,492541,0.000123,1760,1760,1690,100000,98.51,98.51,1531,114
n012w8-0,n012w8,0,5,500000,100.0,adaptive,2026-07-02T23:09:42+01:00,8,45,43,0,167709,0.971610,1835,1780,1690,100000,33.54,33.54,1531,5089
n012w8-0,n012w8,0,5,500000,100.0,adaptive,2026-07-02T23:09:42+01:00,8,45,43,0,267709,0.061304,1835,1780,1690,100000,53.54,53.54,1531,3557
n012w8-0,n012w8,0,5,500000,100.0,adaptive,2026-07-02T23:09:42+01:00,8,45,43,0,367709,0.003868,1835,1780,1690,100000,73.54,73.54,1531,2026
n012w8-0,n012w8,0,5,500000,100.0,adaptive,2026-07-02T23:09:42+01:00,8,45,43,0,467709,0.000244,1835,1780,1690,100000,93.54,93.54,1531,494
n012w8-0,n012w8,0,5,500000,100.0,adaptive,2026-07-02T23:09:42+01:00,8,46,44,0,202896,0.367492,1780,1780,1690,100000,40.58,40.58,1531,4550
n012w8-0,n012w8,0,5,500000,100.0,adaptive,2026-07-02T23:09:42+01:00,8,46,44,0,302896,0.023187,1780,1780,1690,100000,60.58,60.58,1531,3018
n012w8-0,n012w8,0,5,500000,100.0,adaptive,2026-07-02T23:09:42+01:00,8,46,44,0,402896,0.001463,1780,1780,1690,100000,80.58,80.58,1531,1487
n012w8-0,n012w8,0,5,500000,100.0,adaptive,2026-07-02T23:09:42+01:00,8,48,46,0,205396,0.342964,1770,1770,1690,100000,41.08,41.08,1531,4512
n012w8-0,n012w8,0,5,500000,100.0,adaptive,2026-07-02T23:09:42+01:00,8,48,46,0,305396,0.021640,1770,1770,1690,100000,61.08,61.08,1531,2980
n012w8-0,n012w8,0,5,500000,100.0,adaptive,2026-07-02T23:09:42+01:00,8,48,46,0,405396,0.001365,1770,1770,1690,100000,81.08,81.08,1531,1448
n012w8-0,n012w8,0,5,500000,100.0,adaptive,2026-07-02T23:09:42+01:00,8,49,47,0,198341,0.416781,1760,1760,1690,100000,39.67,39.67,1531,4620
n012w8-0,n012w8,0,5,500000,100.0,adaptive,2026-07-02T23:09:42+01:00,8,49,47,0,298341,0.026297,1760,1760,1690,100000,59.67,59.67,1531,3088
n012w8-0,n012w8,0,5,500000,100.0,adaptive,2026-07-02T23:09:42+01:00,8,49,47,0,398341,0.001659,1760,1760,1690,100000,79.67,79.67,1531,1557
n012w8-0,n012w8,0,5,500000,100.0,adaptive,2026-07-02T23:09:42+01:00,8,49,47,0,498341,0.000105,1760,1760,1690,100000,99.67,99.67,1531,25
n012w8-0,n012w8,0,5,500000,100.0,adaptive,2026-07-02T23:09:42+01:00,8,50,48,0,188050,0.553860,1745,1740,1690,100000,37.61,37.61,1531,4777
n012w8-0,n012w8,0,5,500000,100.0,adaptive,2026-07-02T23:09:42+01:00,8,50,48,0,288050,0.034946,1745,1740,1690,100000,57.61,57.61,1531,3246
n012w8-0,n012w8,0,5,500000,100.0,adaptive,2026-07-02T23:09:42+01:00,8,50,48,0,388050,0.002205,1745,1740,1690,100000,77.61,77.61,1531,1714
n012w8-0,n012w8,0,5,500000,100.0,adaptive,2026-07-02T23:09:42+01:00,8,50,48,0,488050,0.000139,1745,1740,1690,100000,97.61,97.61,1531,183
n012w8-0,n012w8,0,5,500000,100.0,adaptive,2026-07-02T23:09:42+01:00,8,51,49,0,192222,0.493556,1780,1765,1690,100000,38.44,38.44,1531,4713
n012w8-0,n012w8,0,5,500000,100.0,adaptive,2026-07-02T23:09:42+01:00,8,51,49,0,292222,0.031141,1780,1765,1690,100000,58.44,58.44,1531,3182
n012w8-0,n012w8,0,5,500000,100.0,adaptive,2026-07-02T23:09:42+01:00,8,51,49,0,392222,0.001965,1780,1765,1690,100000,78.44,78.44,1531,1650
n012w8-0,n012w8,0,5,500000,100.0,adaptive,2026-07-02T23:09:42+01:00,8,51,49,0,492222,0.000124,1780,1765,1690,100000,98.44,98.44,1531,119
n012w8-0,n012w8,0,5,500000,100.0,adaptive,2026-07-02T23:09:42+01:00,8,52,50,0,188832,0.542021,1830,1795,1690,100000,37.77,37.77,1531,4765
n012w8-0,n012w8,0,5,500000,100.0,adaptive,2026-07-02T23:09:42+01:00,8,52,50,0,288832,0.034199,1830,1795,1690,100000,57.77,57.77,1531,3234
n012w8-0,n012w8,0,5,500000,100.0,adaptive,2026-07-02T23:09:42+01:00,8,52,50,0,388832,0.002158,1830,1795,1690,100000,77.77,77.77,1531,1702
n012w8-0,n012w8,0,5,500000,100.0,adaptive,2026-07-02T23:09:42+01:00,8,52,50,0,488832,0.000136,1830,1795,1690,100000,97.77,97.77,1531,171
n012w8-0,n012w8,0,5,500000,100.0,adaptive,2026-07-02T23:09:42+01:00,8,53,51,0,194076,0.468908,1775,1770,1690,100000,38.82,38.82,1531,4685
n012w8-0,n012w8,0,5,500000,100.0,adaptive,2026-07-02T23:09:42+01:00,8,53,51,0,294076,0.029586,1775,1770,1690,100000,58.82,58.82,1531,3153
n012w8-0,n012w8,0,5,500000,100.0,adaptive,2026-07-02T23:09:42+01:00,8,53,51,0,394076,0.001867,1775,1770,1690,100000,78.82,78.82,1531,1622
n012w8-0,n012w8,0,5,500000,100.0,adaptive,2026-07-02T23:09:42+01:00,8,53,51,0,494076,0.000118,1775,1770,1690,100000,98.82,98.82,1531,90
n012w8-0,n012w8,0,5,500000,100.0,adaptive,2026-07-02T23:09:42+01:00,8,54,52,0,198163,0.418836,1780,1775,1690,100000,39.63,39.63,1531,4622
n012w8-0,n012w8,0,5,500000,100.0,adaptive,2026-07-02T23:09:42+01:00,8,54,52,0,298163,0.026427,1780,1775,1690,100000,59.63,59.63,1531,3091
n012w8-0,n012w8,0,5,500000,100.0,adaptive,2026-07-02T23:09:42+01:00,8,54,52,0,398163,0.001667,1780,1775,1690,100000,79.63,79.63,1531,1559
n012w8-0,n012w8,0,5,500000,100.0,adaptive,2026-07-02T23:09:42+01:00,8,54,52,0,498163,0.000105,1780,1775,1690,100000,99.63,99.63,1531,28
n012w8-0,n012w8,0,5,500000,100.0,adaptive,2026-07-02T23:09:42+01:00,8,55,53,0,189792,0.527832,1770,1755,1690,100000,37.96,37.96,1531,4751
n012w8-0,n012w8,0,5,500000,100.0,adaptive,2026-07-02T23:09:42+01:00,8,55,53,0,289792,0.033304,1770,1755,1690,100000,57.96,57.96,1531,3219
n012w8-0,n012w8,0,5,500000,100.0,adaptive,2026-07-02T23:09:42+01:00,8,55,53,0,389792,0.002101,1770,1755,1690,100000,77.96,77.96,1531,1687
n012w8-0,n012w8,0,5,500000,100.0,adaptive,2026-07-02T23:09:42+01:00,8,55,53,0,489792,0.000133,1770,1755,1690,100000,97.96,97.96,1531,156
n012w8-0,n012w8,0,5,500000,100.0,adaptive,2026-07-02T23:09:42+01:00,8,56,54,0,160518,1.185179,1780,1740,1690,100000,32.10,32.10,1531,5199
n012w8-0,n012w8,0,5,500000,100.0,adaptive,2026-07-02T23:09:42+01:00,8,56,54,0,260518,0.074780,1780,1740,1690,100000,52.10,52.10,1531,3667
n012w8-0,n012w8,0,5,500000,100.0,adaptive,2026-07-02T23:09:42+01:00,8,56,54,0,360518,0.004718,1780,1740,1690,100000,72.10,72.10,1531,2136
n012w8-0,n012w8,0,5,500000,100.0,adaptive,2026-07-02T23:09:42+01:00,8,56,54,0,460518,0.000298,1780,1740,1690,100000,92.10,92.10,1531,604
n012w8-0,n012w8,0,5,500000,100.0,adaptive,2026-07-02T23:09:42+01:00,8,57,55,0,150172,1.577379,1925,1850,1690,100000,30.03,30.03,1531,5357
n012w8-0,n012w8,0,5,500000,100.0,adaptive,2026-07-02T23:09:42+01:00,8,57,55,0,250172,0.099526,1925,1850,1690,100000,50.03,50.03,1531,3826
n012w8-0,n012w8,0,5,500000,100.0,adaptive,2026-07-02T23:09:42+01:00,8,57,55,0,350172,0.006280,1925,1850,1690,100000,70.03,70.03,1531,2294
n012w8-0,n012w8,0,5,500000,100.0,adaptive,2026-07-02T23:09:42+01:00,8,57,55,0,450172,0.000396,1925,1850,1690,100000,90.03,90.03,1531,763
n012w8-0,n012w8,0,5,500000,100.0,adaptive,2026-07-02T23:09:42+01:00,8,58,56,0,150172,1.577379,1865,1840,1690,100000,30.03,30.03,1531,5357
n012w8-0,n012w8,0,5,500000,100.0,adaptive,2026-07-02T23:09:42+01:00,8,58,56,0,250172,0.099526,1865,1840,1690,100000,50.03,50.03,1531,3826
n012w8-0,n012w8,0,5,500000,100.0,adaptive,2026-07-02T23:09:42+01:00,8,58,56,0,350172,0.006280,1865,1840,1690,100000,70.03,70.03,1531,2294
n012w8-0,n012w8,0,5,500000,100.0,adaptive,2026-07-02T23:09:42+01:00,8,58,56,0,450172,0.000396,1865,1840,1690,100000,90.03,90.03,1531,763
n012w8-0,n012w8,0,5,500000,100.0,adaptive,2026-07-02T23:09:42+01:00,8,59,57,0,191306,0.506207,1835,1825,1690,100000,38.26,38.26,1531,4727
n012w8-0,n012w8,0,5,500000,100.0,adaptive,2026-07-02T23:09:42+01:00,8,59,57,0,291306,0.031939,1835,1825,1690,100000,58.26,58.26,1531,3196
n012w8-0,n012w8,0,5,500000,100.0,adaptive,2026-07-02T23:09:42+01:00,8,59,57,0,391306,0.002015,1835,1825,1690,100000,78.26,78.26,1531,1664
n012w8-0,n012w8,0,5,500000,100.0,adaptive,2026-07-02T23:09:42+01:00,8,59,57,0,491306,0.000127,1835,1825,1690,100000,98.26,98.26,1531,133
n012w8-0,n012w8,0,5,500000,100.0,adaptive,2026-07-02T23:09:42+01:00,8,60,58,0,206280,0.334688,1735,1735,1690,100000,41.26,41.26,1531,4498
n012w8-0,n012w8,0,5,500000,100.0,adaptive,2026-07-02T23:09:42+01:00,8,60,58,0,306280,0.021117,1735,1735,1690,100000,61.26,61.26,1531,2967
n012w8-0,n012w8,0,5,500000,100.0,adaptive,2026-07-02T23:09:42+01:00,8,60,58,0,406280,0.001332,1735,1735,1690,100000,81.26,81.26,1531,1435
n012w8-0,n012w8,0,5,500000,100.0,adaptive,2026-07-02T23:09:42+01:00,8,62,60,0,183863,0.621790,1715,1715,1690,100000,36.77,36.77,1531,4841
n012w8-0,n012w8,0,5,500000,100.0,adaptive,2026-07-02T23:09:42+01:00,8,62,60,0,283863,0.039232,1715,1715,1690,100000,56.77,56.77,1531,3310
n012w8-0,n012w8,0,5,500000,100.0,adaptive,2026-07-02T23:09:42+01:00,8,62,60,0,383863,0.002475,1715,1715,1690,100000,76.77,76.77,1531,1778
n012w8-0,n012w8,0,5,500000,100.0,adaptive,2026-07-02T23:09:42+01:00,8,62,60,0,483863,0.000156,1715,1715,1690,100000,96.77,96.77,1531,247
n012w8-0,n012w8,0,5,500000,100.0,adaptive,2026-07-02T23:09:42+01:00,8,63,61,0,150172,1.577379,1800,1770,1690,100000,30.03,30.03,1531,5357
n012w8-0,n012w8,0,5,500000,100.0,adaptive,2026-07-02T23:09:42+01:00,8,63,61,0,250172,0.099526,1800,1770,1690,100000,50.03,50.03,1531,3826
n012w8-0,n012w8,0,5,500000,100.0,adaptive,2026-07-02T23:09:42+01:00,8,63,61,0,350172,0.006280,1800,1770,1690,100000,70.03,70.03,1531,2294
n012w8-0,n012w8,0,5,500000,100.0,adaptive,2026-07-02T23:09:42+01:00,8,63,61,0,450172,0.000396,1800,1770,1690,100000,90.03,90.03,1531,763
n012w8-0,n012w8,0,5,500000,100.0,adaptive,2026-07-02T23:09:42+01:00,8,61,59,0,231570,0.166403,1755,1755,1690,100000,46.31,46.31,1531,4111
n012w8-0,n012w8,0,5,500000,100.0,adaptive,2026-07-02T23:09:42+01:00,8,61,59,0,331570,0.010499,1755,1755,1690,100000,66.31,66.31,1531,2579
n012w8-0,n012w8,0,5,500000,100.0,adaptive,2026-07-02T23:09:42+01:00,8,61,59,0,431570,0.000662,1755,1755,1690,100000,86.31,86.31,1531,1048
n012w8-0,n012w8,0,5,500000,100.0,adaptive,2026-07-02T23:09:42+01:00,8,64,62,0,164896,1.050142,1750,1740,1690,100000,32.98,32.98,1531,5132
n012w8-0,n012w8,0,5,500000,100.0,adaptive,2026-07-02T23:09:42+01:00,8,64,62,0,264896,0.066259,1750,1740,1690,100000,52.98,52.98,1531,3600
n012w8-0,n012w8,0,5,500000,100.0,adaptive,2026-07-02T23:09:42+01:00,8,64,62,0,364896,0.004181,1750,1740,1690,100000,72.98,72.98,1531,2069
n012w8-0,n012w8,0,5,500000,100.0,adaptive,2026-07-02T23:09:42+01:00,8,64,62,0,464896,0.000264,1750,1740,1690,100000,92.98,92.98,1531,537
n012w8-0,n012w8,0,5,500000,100.0,adaptive,2026-07-02T23:09:42+01:00,8,65,63,0,150172,1.577379,1825,1755,1690,100000,30.03,30.03,1531,5357
n012w8-0,n012w8,0,5,500000,100.0,adaptive,2026-07-02T23:09:42+01:00,8,65,63,0,250172,0.099526,1825,1755,1690,100000,50.03,50.03,1531,3826
n012w8-0,n012w8,0,5,500000,100.0,adaptive,2026-07-02T23:09:42+01:00,8,65,63,0,350172,0.006280,1825,1755,1690,100000,70.03,70.03,1531,2294
n012w8-0,n012w8,0,5,500000,100.0,adaptive,2026-07-02T23:09:42+01:00,8,65,63,0,450172,0.000396,1825,1755,1690,100000,90.03,90.03,1531,763
n012w8-0,n012w8,0,5,500000,100.0,adaptive,2026-07-02T23:09:42+01:00,8,66,64,0,150172,1.577379,1815,1740,1690,100000,30.03,30.03,1531,5357
n012w8-0,n012w8,0,5,500000,100.0,adaptive,2026-07-02T23:09:42+01:00,8,66,64,0,250172,0.099526,1815,1740,1690,100000,50.03,50.03,1531,3826
n012w8-0,n012w8,0,5,500000,100.0,adaptive,2026-07-02T23:09:42+01:00,8,66,64,0,350172,0.006280,1815,1740,1690,100000,70.03,70.03,1531,2294
n012w8-0,n012w8,0,5,500000,100.0,adaptive,2026-07-02T23:09:42+01:00,8,66,64,0,450172,0.000396,1815,1740,1690,100000,90.03,90.03,1531,763
n012w8-0,n012w8,0,5,500000,100.0,adaptive,2026-07-02T23:09:42+01:00,8,67,65,0,150172,1.577379,1795,1730,1690,100000,30.03,30.03,1531,5357
n012w8-0,n012w8,0,5,500000,100.0,adaptive,2026-07-02T23:09:42+01:00,8,67,65,0,250172,0.099526,1795,1730,1690,100000,50.03,50.03,1531,3826
n012w8-0,n012w8,0,5,500000,100.0,adaptive,2026-07-02T23:09:42+01:00,8,67,65,0,350172,0.006280,1795,1730,1690,100000,70.03,70.03,1531,2294
n012w8-0,n012w8,0,5,500000,100.0,adaptive,2026-07-02T23:09:42+01:00,8,67,65,0,450172,0.000396,1795,1730,1690,100000,90.03,90.03,1531,763
n012w8-0,n012w8,0,5,500000,100.0,adaptive,2026-07-02T23:09:42+01:00,8,69,67,0,199534,0.403266,1705,1690,1690,100000,39.91,39.91,1531,4601
n012w8-0,n012w8,0,5,500000,100.0,adaptive,2026-07-02T23:09:42+01:00,8,69,67,0,299534,0.025444,1705,1690,1690,100000,59.91,59.91,1531,3070
n012w8-0,n012w8,0,5,500000,100.0,adaptive,2026-07-02T23:09:42+01:00,8,69,67,0,399534,0.001605,1705,1690,1690,100000,79.91,79.91,1531,1538
n012w8-0,n012w8,0,5,500000,100.0,adaptive,2026-07-02T23:09:42+01:00,8,69,67,0,499534,0.000101,1705,1690,1690,100000,99.91,99.91,1531,7
n012w8-0,n012w8,0,5,500000,100.0,adaptive,2026-07-02T23:09:42+01:00,8,70,68,0,150172,1.577379,1795,1690,1690,100000,30.03,30.03,1531,5357
n012w8-0,n012w8,0,5,500000,100.0,adaptive,2026-07-02T23:09:42+01:00,8,70,68,0,250172,0.099526,1795,1690,1690,100000,50.03,50.03,1531,3826
n012w8-0,n012w8,0,5,500000,100.0,adaptive,2026-07-02T23:09:42+01:00,8,70,68,0,350172,0.006280,1795,1690,1690,100000,70.03,70.03,1531,2294
n012w8-0,n012w8,0,5,500000,100.0,adaptive,2026-07-02T23:09:42+01:00,8,70,68,0,450172,0.000396,1795,1690,1690,100000,90.03,90.03,1531,763
n012w8-0,n012w8,0,5,500000,100.0,adaptive,2026-07-02T23:09:42+01:00,8,68,66,0,150172,1.577379,1800,1725,1690,100000,30.03,30.03,1531,5357
n012w8-0,n012w8,0,5,500000,100.0,adaptive,2026-07-02T23:09:42+01:00,8,68,66,0,250172,0.099526,1800,1725,1690,100000,50.03,50.03,1531,3826
n012w8-0,n012w8,0,5,500000,100.0,adaptive,2026-07-02T23:09:42+01:00,8,68,66,0,350172,0.006280,1800,1725,1690,100000,70.03,70.03,1531,2294
n012w8-0,n012w8,0,5,500000,100.0,adaptive,2026-07-02T23:09:42+01:00,8,68,66,0,450172,0.000396,1800,1725,1690,100000,90.03,90.03,1531,763
