run_id,instance,seed,beam_width,iterations,temperature,cooling_mode,timestamp,worker_id,parent_worker_id,week,worker_seed,depth,start_time_ms,finish_time_ms,finish_candidate,initial_temperature,final_temperature,temperature_at_best,best_candidate,plateau_count,branch_count,produced_global_best,final_penalty,best_penalty,start_penalty,improvement_per_10k,branches_per_10k,accepted_worse_pct,hard_reject_pct,first_plateau_candidate,last_improvement_candidate,local_best_improvements,accepted_worse,hard_rejects
n012w8-0,n012w8,0,5,500000,100.0,adaptive,2026-07-02T23:09:42+01:00,7,5,1,202,3,0,820,500000,100.000000,66.656115,9.466120,85320,4,1,0,1525,400,3155,55.1000,0.0200,13.22,61.65,185320,85320,123604,66096,803921
n012w8-0,n012w8,0,5,500000,100.0,adaptive,2026-07-02T23:09:42+01:00,0,-1,1,202,0,0,826,500000,100.000000,74.363530,8.485003,89280,4,14,0,1695,475,3800,66.5000,0.2800,13.08,61.62,189280,89280,121971,65382,802780
n012w8-0,n012w8,0,5,500000,100.0,adaptive,2026-07-02T23:09:42+01:00,4,2,1,202,2,0,826,500000,100.000000,40.274671,15.666789,67086,4,7,0,1150,445,3490,60.9000,0.1400,13.88,61.62,167086,67086,129751,69421,802877
n012w8-0,n012w8,0,5,500000,100.0,adaptive,2026-07-02T23:09:42+01:00,6,4,1,202,3,0,839,500000,100.000000,54.478859,11.582012,78019,4,15,0,1045,400,3185,55.7000,0.3000,13.50,61.59,178019,78019,126751,67478,801818
n012w8-0,n012w8,0,5,500000,100.0,adaptive,2026-07-02T23:09:42+01:00,8,6,1,202,4,0,840,500000,100.000000,64.997402,9.707692,84408,4,9,0,1470,400,2920,50.4000,0.1800,13.36,61.44,184408,84408,125740,66791,796559
n012w8-0,n012w8,0,5,500000,100.0,adaptive,2026-07-02T23:09:42+01:00,2,0,1,202,1,0,840,500000,100.000000,41.558896,15.182665,68222,4,9,0,945,485,3710,64.5000,0.1800,13.85,61.57,168222,68222,129084,69228,801010
n012w8-0,n012w8,0,5,500000,100.0,adaptive,2026-07-02T23:09:42+01:00,5,3,1,202,2,0,845,500000,100.000000,45.441013,13.885579,71454,4,13,0,1315,410,3340,58.6000,0.2600,13.70,61.79,171454,71454,128370,68481,808591
n012w8-0,n012w8,0,5,500000,100.0,adaptive,2026-07-02T23:09:42+01:00,3,1,1,202,1,0,848,500000,100.000000,27.504769,22.940559,53284,4,9,0,905,505,3640,62.7000,0.1800,14.13,61.68,153284,53284,130512,70636,804732
n012w8-0,n012w8,0,5,500000,100.0,adaptive,2026-07-02T23:09:42+01:00,9,7,1,202,4,0,729,500000,100.000000,0.000100,9.907954,83669,4,0,0,470,470,2860,47.8000,0.0000,1.73,59.79,183669,83669,37778,8673,743420
n012w8-0,n012w8,0,5,500000,100.0,adaptive,2026-07-02T23:09:42+01:00,10,8,1,202,5,0,749,500000,100.000000,0.000100,10.804483,80534,4,0,0,440,440,2850,48.2000,0.0000,1.73,59.76,180534,80534,45741,8668,742478
n012w8-0,n012w8,0,5,500000,100.0,adaptive,2026-07-02T23:09:42+01:00,11,9,1,202,5,0,749,500000,100.000000,0.000100,7.377275,94343,4,0,1,385,385,2730,46.9000,0.0000,1.75,59.85,194343,94343,36298,8727,745281
n012w8-0,n012w8,0,5,500000,100.0,adaptive,2026-07-02T23:09:42+01:00,13,11,1,202,6,0,736,500000,100.000000,0.000100,7.821895,92225,4,0,0,410,410,2530,42.4000,0.0000,1.73,60.21,192225,92225,40003,8637,756495
n012w8-0,n012w8,0,5,500000,100.0,adaptive,2026-07-02T23:09:42+01:00,12,10,1,202,6,0,747,500000,100.000000,0.000100,14.170462,70719,4,0,0,410,410,2580,43.4000,0.0000,1.76,60.13,170719,70719,40555,8798,754136
n012w8-0,n012w8,0,5,500000,100.0,adaptive,2026-07-02T23:09:42+01:00,15,13,1,202,7,0,744,500000,100.000000,0.000100,16.888691,64368,4,0,0,470,415,2300,37.7000,0.0000,1.79,60.79,164368,64368,45390,8936,775319
n012w8-0,n012w8,0,5,500000,100.0,adaptive,2026-07-02T23:09:42+01:00,16,14,1,202,8,0,750,500000,100.000000,0.000100,13.759543,71784,4,0,0,505,470,2220,35.0000,0.0000,1.81,58.85,171784,71784,42042,9075,715118
n012w8-0,n012w8,0,5,500000,100.0,adaptive,2026-07-02T23:09:42+01:00,14,12,1,202,7,0,836,500000,100.000000,55.946381,11.278205,78981,4,2,1,1205,385,2465,41.6000,0.0400,13.48,61.54,178981,78981,126299,67421,800137
n012w8-0,n012w8,0,5,500000,100.0,adaptive,2026-07-02T23:09:42+01:00,17,15,1,202,8,0,737,500000,100.000000,0.000100,12.347414,75703,4,0,0,410,400,2055,33.1000,0.0000,1.82,59.55,175703,75703,39656,9078,736160
n012w8-0,n012w8,0,5,500000,100.0,adaptive,2026-07-02T23:09:42+01:00,19,17,1,202,9,0,730,500000,100.000000,0.000100,26.496957,48068,4,0,0,510,470,1965,29.9000,0.0000,1.75,58.87,150172,48068,42981,8730,715624
n012w8-0,n012w8,0,5,500000,100.0,adaptive,2026-07-02T23:09:42+01:00,18,16,1,202,9,0,736,500000,100.000000,0.000100,14.744838,69281,4,0,0,415,400,2025,32.5000,0.0000,1.76,58.96,169281,69281,40213,8818,718246
n012w8-0,n012w8,0,5,500000,100.0,adaptive,2026-07-02T23:09:42+01:00,21,19,1,202,10,0,735,500000,100.000000,0.000100,14.733842,69308,4,0,0,480,430,1905,29.5000,0.0000,1.79,60.85,169308,69308,41102,8943,777019
n012w8-0,n012w8,0,5,500000,100.0,adaptive,2026-07-02T23:09:42+01:00,20,18,1,202,10,0,747,500000,100.000000,0.000100,13.455009,72594,4,0,0,440,440,1955,30.3000,0.0000,1.74,60.08,172594,72594,44796,8709,752481
n012w8-0,n012w8,0,5,500000,100.0,adaptive,2026-07-02T23:09:42+01:00,22,20,1,202,11,0,739,500000,100.000000,0.000100,15.445430,67601,4,0,0,415,415,1860,28.9000,0.0000,1.74,59.29,167601,67601,40103,8718,728110
n012w8-0,n012w8,0,5,500000,100.0,adaptive,2026-07-02T23:09:42+01:00,23,21,1,202,11,0,735,500000,100.000000,0.000100,11.925923,76960,4,0,0,425,410,1850,28.8000,0.0000,1.77,60.12,176960,76960,37663,8835,753775
n012w8-0,n012w8,0,5,500000,100.0,adaptive,2026-07-02T23:09:42+01:00,24,22,1,202,12,0,742,500000,100.000000,0.000100,5.119977,107562,3,0,0,435,435,1820,27.7000,0.0000,1.80,59.89,207562,107562,43699,8975,746607
n012w8-0,n012w8,0,5,500000,100.0,adaptive,2026-07-02T23:09:42+01:00,25,23,1,202,12,0,756,500000,100.000000,0.000100,18.851938,60388,4,0,0,505,425,1800,27.5000,0.0000,1.70,59.99,160388,60388,51582,8503,749814
n012w8-0,n012w8,0,5,500000,100.0,adaptive,2026-07-02T23:09:42+01:00,26,24,1,202,13,0,745,500000,100.000000,0.000100,14.569881,69713,4,0,0,470,455,1740,25.7000,0.0000,1.76,59.64,169713,69713,36581,8814,738913
n012w8-0,n012w8,0,5,500000,100.0,adaptive,2026-07-02T23:09:42+01:00,27,25,1,202,13,0,746,500000,100.000000,0.000100,9.874884,83790,4,0,0,440,440,1690,25.0000,0.0000,1.80,59.61,183790,83790,42809,8979,738070
n012w8-0,n012w8,0,5,500000,100.0,adaptive,2026-07-02T23:09:42+01:00,29,27,1,202,14,0,740,500000,100.000000,0.000100,9.148544,86555,4,0,0,460,460,1585,22.5000,0.0000,1.75,60.12,186555,86555,37352,8766,753640
n012w8-0,n012w8,0,5,500000,100.0,adaptive,2026-07-02T23:09:42+01:00,30,28,1,202,15,0,748,500000,100.000000,0.000100,14.325177,70326,4,0,0,415,415,1555,22.8000,0.0000,1.82,60.79,170326,70326,41364,9122,775281
n012w8-0,n012w8,0,5,500000,100.0,adaptive,2026-07-02T23:09:42+01:00,31,29,1,202,15,0,744,500000,100.000000,0.000100,11.044753,79738,4,0,0,525,500,1525,20.5000,0.0000,1.80,59.94,179738,79738,43476,8981,748006
n012w8-0,n012w8,0,5,500000,100.0,adaptive,2026-07-02T23:09:42+01:00,28,26,1,202,14,0,764,500000,100.000000,0.000100,15.867628,66625,4,0,0,495,480,1605,22.5000,0.0000,1.76,60.92,166625,66625,39874,8820,779580
n012w8-0,n012w8,0,5,500000,100.0,adaptive,2026-07-02T23:09:42+01:00,32,30,1,202,16,0,746,500000,100.000000,0.000100,11.786368,77386,4,0,0,475,475,1480,20.1000,0.0000,1.74,59.22,177386,77386,44792,8693,726192
n012w8-0,n012w8,0,5,500000,100.0,adaptive,2026-07-02T23:09:42+01:00,33,31,1,202,16,0,736,500000,100.000000,0.000100,8.679206,88461,4,0,0,430,430,1475,20.9000,0.0000,1.77,59.29,188461,88461,40902,8859,728128
n012w8-0,n012w8,0,5,500000,100.0,adaptive,2026-07-02T23:09:42+01:00,35,33,1,202,17,0,737,500000,100.000000,0.000100,11.407330,78569,4,0,0,410,410,1395,19.7000,0.0000,1.77,59.84,178569,78569,43657,8841,744904
n012w8-0,n012w8,0,5,500000,100.0,adaptive,2026-07-02T23:09:42+01:00,34,32,1,202,17,0,749,500000,100.000000,0.000100,11.902221,77032,4,0,0,490,490,1460,19.4000,0.0000,1.74,58.39,177032,77032,43131,8723,701501
n012w8-0,n012w8,0,5,500000,100.0,adaptive,2026-07-02T23:09:42+01:00,37,35,1,202,18,0,736,500000,100.000000,0.000100,13.527701,72399,4,0,0,410,410,1305,17.9000,0.0000,1.81,59.57,172399,72399,45671,9044,736622
n012w8-0,n012w8,0,5,500000,100.0,adaptive,2026-07-02T23:09:42+01:00,38,36,1,202,19,0,739,500000,100.000000,0.000100,11.379312,78658,4,0,0,430,430,1290,17.2000,0.0000,1.77,59.96,178658,78658,38672,8826,748768
n012w8-0,n012w8,0,5,500000,100.0,adaptive,2026-07-02T23:09:42+01:00,36,34,1,202,18,0,757,500000,100.000000,0.000100,10.707597,80860,4,0,0,430,430,1315,17.7000,0.0000,1.81,59.57,180860,80860,47490,9070,736579
n012w8-0,n012w8,0,5,500000,100.0,adaptive,2026-07-02T23:09:42+01:00,39,37,1,202,19,0,745,500000,100.000000,0.000100,13.110039,73534,4,0,0,500,485,1260,15.5000,0.0000,1.75,60.27,173534,73534,44964,8749,758518
n012w8-0,n012w8,0,5,500000,100.0,adaptive,2026-07-02T23:09:42+01:00,40,38,1,202,20,0,748,500000,100.000000,0.000100,9.742895,84277,4,0,0,435,435,1245,16.2000,0.0000,1.78,60.75,184277,84277,44062,8900,774024
n012w8-0,n012w8,0,5,500000,100.0,adaptive,2026-07-02T23:09:42+01:00,41,39,1,202,20,0,742,500000,100.000000,0.000100,6.962737,96436,4,0,0,400,400,1230,16.6000,0.0000,1.78,60.84,196436,96436,43267,8907,776909
n012w8-0,n012w8,0,5,500000,100.0,adaptive,2026-07-02T23:09:42+01:00,42,40,1,202,21,0,745,500000,100.000000,0.000100,11.034991,79770,4,0,0,425,425,1190,15.3000,0.0000,1.77,60.06,179770,79770,40130,8871,751908
n012w8-0,n012w8,0,5,500000,100.0,adaptive,2026-07-02T23:09:42+01:00,44,42,1,202,22,0,731,500000,100.000000,0.000100,7.763329,92497,4,0,0,455,455,1085,12.6000,0.0000,1.74,59.32,192497,92497,33572,8680,729154
n012w8-0,n012w8,0,5,500000,100.0,adaptive,2026-07-02T23:09:42+01:00,43,41,1,202,21,0,755,500000,100.000000,0.000100,9.868610,83813,4,0,0,470,470,1155,13.7000,0.0000,1.77,61.07,183813,83813,41345,8837,784228
n012w8-0,n012w8,0,5,500000,100.0,adaptive,2026-07-02T23:09:42+01:00,45,43,1,202,22,0,741,500000,100.000000,0.000100,12.611536,74937,4,0,0,410,410,1055,12.9000,0.0000,1.77,59.44,174937,74937,40116,8854,732750
n012w8-0,n012w8,0,5,500000,100.0,adaptive,2026-07-02T23:09:42+01:00,46,44,1,202,23,0,742,500000,100.000000,0.000100,20.092779,58081,4,0,0,490,460,1020,11.2000,0.0000,1.76,60.93,158081,58081,45297,8799,779809
n012w8-0,n012w8,0,5,500000,100.0,adaptive,2026-07-02T23:09:42+01:00,47,45,1,202,23,0,739,500000,100.000000,0.000100,10.306993,82240,4,0,0,470,470,1000,10.6000,0.0000,1.74,60.59,182240,82240,49409,8713,768688
n012w8-0,n012w8,0,5,500000,100.0,adaptive,2026-07-02T23:09:42+01:00,48,46,1,202,24,0,764,500000,100.000000,0.000100,10.713219,80841,4,0,0,485,465,990,10.5000,0.0000,1.79,59.51,180841,80841,52034,8965,735025
n012w8-0,n012w8,0,5,500000,100.0,adaptive,2026-07-02T23:09:42+01:00,50,48,1,202,25,0,732,500000,100.000000,0.000100,7.368719,94385,4,0,0,465,465,945,9.6000,0.0000,1.74,58.88,194385,94385,36224,8711,716022
n012w8-0,n012w8,0,5,500000,100.0,adaptive,2026-07-02T23:09:42+01:00,49,47,1,202,24,0,759,500000,100.000000,0.000100,15.194416,68194,4,0,0,495,450,960,10.2000,0.0000,1.79,60.02,168194,68194,46797,8946,750479
n012w8-0,n012w8,0,5,500000,100.0,adaptive,2026-07-02T23:09:42+01:00,51,49,1,202,25,0,742,500000,100.000000,0.000100,8.180201,90604,4,0,0,445,445,915,9.4000,0.0000,1.77,59.79,190604,90604,45597,8851,743466
n012w8-0,n012w8,0,5,500000,100.0,adaptive,2026-07-02T23:09:42+01:00,53,51,1,202,26,0,733,500000,100.000000,0.000100,12.760862,74511,4,0,0,425,410,840,8.6000,0.0000,1.77,59.88,174511,74511,35676,8854,746314
n012w8-0,n012w8,0,5,500000,100.0,adaptive,2026-07-02T23:09:42+01:00,52,50,1,202,26,0,749,500000,100.000000,0.000100,13.153944,73413,4,0,0,400,400,900,10.0000,0.0000,1.74,59.91,173413,73413,42146,8716,747204
n012w8-0,n012w8,0,5,500000,100.0,adaptive,2026-07-02T23:09:42+01:00,55,53,1,202,27,0,740,500000,100.000000,0.000100,9.655527,84603,4,0,0,430,430,825,7.9000,0.0000,1.76,59.11,184603,84603,40494,8794,722878
n012w8-0,n012w8,0,5,500000,100.0,adaptive,2026-07-02T23:09:42+01:00,54,52,1,202,27,0,757,500000,100.000000,0.000100,11.204281,79219,4,0,0,460,460,830,7.4000,0.0000,1.77,58.54,179219,79219,54093,8845,706078
n012w8-0,n012w8,0,5,500000,100.0,adaptive,2026-07-02T23:09:42+01:00,56,54,1,202,28,0,749,500000,100.000000,0.000100,16.188254,65901,4,0,0,440,440,750,6.2000,0.0000,1.75,59.44,165901,65901,50426,8754,732615
n012w8-0,n012w8,0,5,500000,100.0,adaptive,2026-07-02T23:09:42+01:00,57,55,1,202,28,0,732,500000,100.000000,0.000100,10.665667,81002,4,0,0,455,455,720,5.3000,0.0000,1.78,60.45,181002,81002,37054,8895,764110
n012w8-0,n012w8,0,5,500000,100.0,adaptive,2026-07-02T23:09:42+01:00,58,56,1,202,29,0,744,500000,100.000000,0.000100,11.003327,79874,4,0,0,470,470,670,4.0000,0.0000,1.74,61.14,179874,79874,38008,8681,786683
n012w8-0,n012w8,0,5,500000,100.0,adaptive,2026-07-02T23:09:42+01:00,59,57,1,202,29,0,742,500000,100.000000,0.000100,14.836792,69056,4,0,0,520,440,655,4.3000,0.0000,1.76,59.57,169056,69056,42722,8806,736849
n012w8-0,n012w8,0,5,500000,100.0,adaptive,2026-07-02T23:09:42+01:00,60,58,1,202,30,0,742,500000,100.000000,0.000100,9.138439,86595,4,0,0,455,455,625,3.4000,0.0000,1.82,60.02,186595,86595,39047,9125,750496
n012w8-0,n012w8,0,5,500000,100.0,adaptive,2026-07-02T23:09:42+01:00,61,59,1,202,30,0,739,500000,100.000000,0.000100,7.604944,93243,4,0,0,460,460,600,2.8000,0.0000,1.76,60.34,193243,93243,42801,8792,760750
n012w8-0,n012w8,0,5,500000,100.0,adaptive,2026-07-02T23:09:42+01:00,62,60,1,202,31,0,740,500000,100.000000,0.000100,14.604544,69627,4,0,0,480,465,570,2.1000,0.0000,1.79,59.91,169627,69627,41545,8930,747162
n012w8-0,n012w8,0,5,500000,100.0,adaptive,2026-07-02T23:09:42+01:00,63,61,1,202,31,0,746,500000,100.000000,0.000100,14.025941,71090,4,0,0,470,470,535,1.3000,0.0000,1.76,60.40,171090,71090,43642,8819,762482
n012w8-0,n012w8,0,5,500000,100.0,adaptive,2026-07-02T23:09:42+01:00,64,62,1,202,32,0,731,500000,100.000000,0.000100,16.579369,65037,4,0,0,445,445,530,1.7000,0.0000,1.77,59.13,165037,65037,38212,8864,723386
n012w8-0,n012w8,0,5,500000,100.0,adaptive,2026-07-02T23:09:42+01:00,65,63,1,202,32,0,738,500000,100.000000,0.000100,13.390846,72767,4,0,0,415,415,515,2.0000,0.0000,1.75,58.32,172767,72767,44002,8761,699677
n012w8-0,n012w8,0,5,500000,100.0,adaptive,2026-07-02T23:09:42+01:00,67,65,1,202,33,0,737,500000,100.000000,0.000100,10.402555,81906,4,0,0,455,455,500,0.9000,0.0000,1.76,60.65,181906,81906,39911,8793,770786
n012w8-0,n012w8,0,5,500000,100.0,adaptive,2026-07-02T23:09:42+01:00,66,64,1,202,33,0,739,500000,100.000000,0.000100,20.472741,57403,4,0,0,500,475,505,0.6000,0.0000,1.76,60.00,157403,57403,39251,8822,750139
n012w8-0,n012w8,0,5,500000,100.0,adaptive,2026-07-02T23:09:42+01:00,68,66,1,202,34,0,733,500000,100.000000,0.000100,11.991016,76763,4,0,0,440,430,485,1.1000,0.0000,1.80,59.72,176763,76763,29661,9011,741376
n012w8-0,n012w8,0,5,500000,100.0,adaptive,2026-07-02T23:09:42+01:00,69,67,1,202,34,0,732,500000,100.000000,0.000100,11.900576,77037,4,0,0,425,410,475,1.3000,0.0000,1.75,59.81,177037,77037,40372,8758,744171
n012w8-0,n012w8,0,5,500000,100.0,adaptive,2026-07-02T23:09:42+01:00,70,68,1,202,35,0,740,500000,100.000000,0.000100,10.445182,81758,4,0,0,430,430,470,0.8000,0.0000,1.79,60.42,181758,81758,36393,8941,763370
n012w8-0,n012w8,0,5,500000,100.0,adaptive,2026-07-02T23:09:42+01:00,71,69,1,202,35,0,751,500000,100.000000,0.000100,9.499921,85191,4,0,0,415,400,460,1.2000,0.0000,1.75,60.34,185191,85191,39268,8751,760594
n012w8-0,n012w8,0,5,500000,100.0,adaptive,2026-07-02T23:09:42+01:00,72,70,1,202,36,0,754,500000,100.000000,0.000100,10.419815,81846,4,0,0,425,425,455,0.6000,0.0000,1.79,59.75,181846,81846,52766,8953,742138
n012w8-0,n012w8,0,5,500000,100.0,adaptive,2026-07-02T23:09:42+01:00,73,71,1,202,36,0,745,500000,100.000000,0.000100,11.096448,79569,4,0,0,430,430,450,0.4000,0.0000,1.79,59.59,179569,79569,45486,8955,737206
n012w8-0,n012w8,0,5,500000,100.0,adaptive,2026-07-02T23:09:42+01:00,76,74,1,202,38,0,742,500000,100.000000,0.000100,0.000000,0,4,0,0,425,415,415,0.0000,0.0000,1.73,59.77,150172,0,44005,8672,742927
n012w8-0,n012w8,0,5,500000,100.0,adaptive,2026-07-02T23:09:42+01:00,75,73,1,202,37,0,746,500000,100.000000,0.000100,99.991711,4,4,0,0,455,415,430,0.3000,0.0000,1.79,61.17,150172,4,38678,8965,787520
n012w8-0,n012w8,0,5,500000,100.0,adaptive,2026-07-02T23:09:42+01:00,74,72,1,202,37,0,750,500000,100.000000,0.000100,13.773617,71747,4,0,0,400,400,440,0.8000,0.0000,1.71,59.86,171747,71747,46202,8570,745637
n012w8-0,n012w8,0,5,500000,100.0,adaptive,2026-07-02T23:09:42+01:00,77,75,1,202,38,0,750,500000,100.000000,0.000100,0.000000,0,4,0,0,445,410,410,0.0000,0.0000,1.78,60.23,150172,0,52387,8907,757150
n012w8-0,n012w8,0,5,500000,100.0,adaptive,2026-07-02T23:09:42+01:00,78,76,1,202,39,0,745,500000,100.000000,0.000100,0.000000,0,4,0,0,470,400,400,0.0000,0.0000,1.80,59.58,150172,0,50353,8995,736890
n012w8-0,n012w8,0,5,500000,100.0,adaptive,2026-07-02T23:09:42+01:00,79,77,1,202,39,0,755,500000,100.000000,0.000100,0.000000,0,4,0,0,500,395,395,0.0000,0.0000,1.73,59.90,150172,0,48112,8642,746841
n012w8-0,n012w8,0,5,500000,100.0,adaptive,2026-07-02T23:09:42+01:00,80,78,1,202,40,0,742,500000,100.000000,0.000100,0.000000,0,4,0,1,445,385,385,0.0000,0.0000,1.75,60.57,150172,0,44400,8772,768086
n012w8-0,n012w8,0,5,500000,100.0,adaptive,2026-07-02T23:09:42+01:00,5,3,2,202,2,0,738,500000,100.000000,0.000100,10.125489,82883,4,0,0,335,315,3365,61.0000,0.0000,1.86,59.74,182883,82883,34180,9323,742064
n012w8-0,n012w8,0,5,500000,100.0,adaptive,2026-07-02T23:09:42+01:00,8,6,2,202,4,0,802,500000,100.000000,59.401854,10.622139,81150,4,11,0,1455,300,3010,54.2000,0.2200,13.83,60.57,181150,81150,128315,69138,768149
n012w8-0,n012w8,0,5,500000,100.0,adaptive,2026-07-02T23:09:42+01:00,7,5,2,202,3,0,808,500000,100.000000,61.280740,10.296462,82277,4,2,0,1300,335,3110,55.5000,0.0400,13.75,60.41,182277,82277,127325,68771,762794
n012w8-0,n012w8,0,5,500000,100.0,adaptive,2026-07-02T23:09:42+01:00,3,1,2,202,1,0,811,500000,100.000000,27.144635,5.838859,102807,3,16,0,915,285,3455,63.4000,0.3200,12.89,60.51,202807,102807,122031,64445,766153
n012w8-0,n012w8,0,5,500000,100.0,adaptive,2026-07-02T23:09:42+01:00,0,-1,2,202,0,0,812,500000,100.000000,50.149199,12.581951,75022,4,18,0,1230,345,3740,67.9000,0.3600,14.05,60.85,175022,75022,129817,70227,777050
n012w8-0,n012w8,0,5,500000,100.0,adaptive,2026-07-02T23:09:42+01:00,4,2,2,202,2,0,812,500000,100.000000,81.936989,7.700732,92790,4,5,0,1510,285,3425,62.8000,0.1000,13.43,60.52,192790,92790,125751,67165,766587
n012w8-0,n012w8,0,5,500000,100.0,adaptive,2026-07-02T23:09:42+01:00,2,0,2,202,1,0,818,500000,100.000000,56.404272,11.186649,79276,4,3,0,1040,330,3605,65.5000,0.0600,13.96,60.76,179276,79276,129877,69805,774078
n012w8-0,n012w8,0,5,500000,100.0,adaptive,2026-07-02T23:09:42+01:00,6,4,2,202,3,0,827,500000,100.000000,55.407940,11.387804,78631,4,7,0,1390,345,3320,59.5000,0.1400,13.97,60.79,178631,78631,129488,69864,775281
n012w8-0,n012w8,0,5,500000,100.0,adaptive,2026-07-02T23:09:42+01:00,9,7,2,202,4,0,726,500000,100.000000,0.000100,7.775136,92442,4,0,0,315,315,2910,51.9000,0.0000,1.84,58.16,192442,92442,39577,9179,694940
n012w8-0,n012w8,0,5,500000,100.0,adaptive,2026-07-02T23:09:42+01:00,14,12,2,202,7,0,701,500000,100.000000,0.000100,9.679569,84513,4,0,0,360,345,2495,43.0000,0.0000,1.84,59.54,184513,84513,29469,9193,735766
n012w8-0,n012w8,0,5,500000,100.0,adaptive,2026-07-02T23:09:42+01:00,15,13,2,202,7,0,711,500000,100.000000,0.000100,9.501234,85186,4,0,0,310,310,2465,43.1000,0.0000,1.82,59.46,185186,85186,38177,9106,733368
n012w8-0,n012w8,0,5,500000,100.0,adaptive,2026-07-02T23:09:42+01:00,11,9,2,202,5,0,722,500000,100.000000,0.000100,8.719107,88295,4,0,0,320,290,2565,45.5000,0.0000,1.85,59.31,188295,88295,43512,9260,728727
n012w8-0,n012w8,0,5,500000,100.0,adaptive,2026-07-02T23:09:42+01:00,10,8,2,202,5,0,743,500000,100.000000,0.000100,8.191963,90552,4,0,0,300,300,2670,47.4000,0.0000,1.89,59.19,190552,90552,38777,9455,725315
n012w8-0,n012w8,0,5,500000,100.0,adaptive,2026-07-02T23:09:42+01:00,16,14,2,202,8,0,730,500000,100.000000,0.000100,13.677666,72000,4,0,0,300,300,2345,40.9000,0.0000,1.83,58.07,172000,72000,39467,9127,692479
n012w8-0,n012w8,0,5,500000,100.0,adaptive,2026-07-02T23:09:42+01:00,12,10,2,202,6,0,757,500000,100.000000,0.000100,9.636337,84675,4,0,0,325,310,2550,44.8000,0.0000,1.84,59.19,184675,84675,37147,9197,725279
n012w8-0,n012w8,0,5,500000,100.0,adaptive,2026-07-02T23:09:42+01:00,13,11,2,202,6,0,819,500000,100.000000,68.491393,9.212468,86303,4,1,0,1230,280,2525,44.9000,0.0200,13.73,60.63,186303,86303,127943,68658,769936
n012w8-0,n012w8,0,5,500000,100.0,adaptive,2026-07-02T23:09:42+01:00,17,15,2,202,8,0,739,500000,100.000000,0.000100,8.519773,89132,4,0,0,320,320,2255,38.7000,0.0000,1.81,59.04,189132,89132,36490,9038,720786
n012w8-0,n012w8,0,5,500000,100.0,adaptive,2026-07-02T23:09:42+01:00,18,16,2,202,9,0,753,500000,100.000000,0.000100,9.989046,83374,4,0,0,320,320,2165,36.9000,0.0000,1.84,58.91,183374,83374,37507,9212,716959
n012w8-0,n012w8,0,5,500000,100.0,adaptive,2026-07-02T23:09:42+01:00,21,19,2,202,10,0,730,500000,100.000000,0.000100,15.563239,67326,4,0,0,325,280,1760,29.6000,0.0000,1.80,59.52,167326,67326,35901,9015,735127
n012w8-0,n012w8,0,5,500000,100.0,adaptive,2026-07-02T23:09:42+01:00,19,17,2,202,9,0,748,500000,100.000000,0.000100,9.913979,83647,4,0,0,320,320,2135,36.3000,0.0000,1.87,58.78,183647,83647,39887,9367,712870
n012w8-0,n012w8,0,5,500000,100.0,adaptive,2026-07-02T23:09:42+01:00,20,18,2,202,10,0,752,500000,100.000000,0.000100,9.389793,85613,4,0,0,385,370,1910,30.8000,0.0000,1.84,59.17,185613,85613,41660,9183,724563
n012w8-0,n012w8,0,5,500000,100.0,adaptive,2026-07-02T23:09:42+01:00,22,20,2,202,11,0,738,500000,100.000000,0.000100,6.454164,99181,4,0,0,290,290,1670,27.6000,0.0000,1.84,58.39,199181,99181,29272,9213,701690
n012w8-0,n012w8,0,5,500000,100.0,adaptive,2026-07-02T23:09:42+01:00,23,21,2,202,11,0,774,500000,100.000000,0.000100,5.202403,106984,3,0,0,330,320,1485,23.3000,0.0000,1.83,59.65,206984,106984,40903,9171,739021
n012w8-0,n012w8,0,5,500000,100.0,adaptive,2026-07-02T23:09:42+01:00,24,22,2,202,12,0,762,500000,100.000000,0.000100,8.097221,90973,4,0,0,285,285,1410,22.5000,0.0000,1.85,58.31,190973,90973,39562,9248,699458
n012w8-0,n012w8,0,5,500000,100.0,adaptive,2026-07-02T23:09:42+01:00,25,23,2,202,12,0,713,500000,100.000000,0.000100,11.041701,79748,4,0,0,355,345,1320,19.5000,0.0000,1.86,59.08,179748,79748,40486,9311,721932
n012w8-0,n012w8,0,5,500000,100.0,adaptive,2026-07-02T23:09:42+01:00,27,25,2,202,13,0,701,500000,100.000000,0.000100,9.700989,84433,4,0,0,315,315,1185,17.4000,0.0000,1.81,58.96,184433,84433,32128,9067,718467
n012w8-0,n012w8,0,5,500000,100.0,adaptive,2026-07-02T23:09:42+01:00,28,26,2,202,14,0,713,500000,100.000000,0.000100,6.325109,99912,4,0,0,360,360,1155,15.9000,0.0000,1.85,58.41,199912,99912,34948,9262,702102
n012w8-0,n012w8,0,5,500000,100.0,adaptive,2026-07-02T23:09:42+01:00,26,24,2,202,13,0,726,500000,100.000000,0.000100,8.578829,88882,4,0,0,350,335,1275,18.8000,0.0000,1.83,60.01,188882,88882,40804,9149,750357
n012w8-0,n012w8,0,5,500000,100.0,adaptive,2026-07-02T23:09:42+01:00,30,28,2,202,15,0,711,500000,100.000000,0.000100,7.749399,92562,4,0,0,300,285,1030,14.9000,0.0000,1.83,60.15,192562,92562,31135,9164,754584
n012w8-0,n012w8,0,5,500000,100.0,adaptive,2026-07-02T23:09:42+01:00,29,27,2,202,14,0,741,500000,100.000000,0.000100,5.977120,101960,3,0,0,360,360,1090,14.6000,0.0000,1.86,59.21,201960,101960,33542,9281,725910
n012w8-0,n012w8,0,5,500000,100.0,adaptive,2026-07-02T23:09:42+01:00,31,29,2,202,15,0,712,500000,100.000000,0.000100,11.713643,77610,4,0,0,360,315,975,13.2000,0.0000,1.85,57.25,177610,77610,39213,9274,669624
n012w8-0,n012w8,0,5,500000,100.0,adaptive,2026-07-02T23:09:42+01:00,32,30,2,202,16,0,724,500000,100.000000,0.000100,8.305236,90055,4,0,0,380,350,955,12.1000,0.0000,1.81,57.97,190055,90055,34098,9071,689624
n012w8-0,n012w8,0,5,500000,100.0,adaptive,2026-07-02T23:09:42+01:00,33,31,2,202,16,0,702,500000,100.000000,0.000100,9.871610,83802,4,0,0,320,310,940,12.6000,0.0000,1.87,58.06,183802,83802,45127,9360,692203
n012w8-0,n012w8,0,5,500000,100.0,adaptive,2026-07-02T23:09:42+01:00,34,32,2,202,17,0,692,500000,100.000000,0.000100,8.742507,88198,4,0,0,300,300,925,12.5000,0.0000,1.83,58.74,188198,88198,35241,9143,711938
n012w8-0,n012w8,0,5,500000,100.0,adaptive,2026-07-02T23:09:42+01:00,35,33,2,202,17,0,694,500000,100.000000,0.000100,9.629151,84702,4,0,0,290,280,890,12.2000,0.0000,1.85,59.26,184702,84702,33431,9234,727228
n012w8-0,n012w8,0,5,500000,100.0,adaptive,2026-07-02T23:09:42+01:00,36,34,2,202,18,0,709,500000,100.000000,0.000100,10.470321,81671,4,0,0,300,300,855,11.1000,0.0000,1.85,58.69,181671,81671,43914,9233,710340
n012w8-0,n012w8,0,5,500000,100.0,adaptive,2026-07-02T23:09:42+01:00,38,36,2,202,19,0,690,500000,100.000000,0.000100,17.551895,62974,4,0,0,345,335,745,8.2000,0.0000,1.83,58.46,162974,62974,36970,9127,703693
n012w8-0,n012w8,0,5,500000,100.0,adaptive,2026-07-02T23:09:42+01:00,37,35,2,202,18,0,716,500000,100.000000,0.000100,9.581114,84883,4,0,0,320,290,760,9.4000,0.0000,1.86,58.10,184883,84883,40600,9279,693318
n012w8-0,n012w8,0,5,500000,100.0,adaptive,2026-07-02T23:09:42+01:00,39,37,2,202,19,0,701,500000,100.000000,0.000100,6.891345,96809,4,0,0,310,310,680,7.4000,0.0000,1.89,58.47,196809,96809,29440,9426,703847
n012w8-0,n012w8,0,5,500000,100.0,adaptive,2026-07-02T23:09:42+01:00,40,38,2,202,20,0,711,500000,100.000000,0.000100,16.407107,65415,4,0,0,330,330,605,5.5000,0.0000,1.87,59.05,165415,65415,34264,9339,720914
n012w8-0,n012w8,0,5,500000,100.0,adaptive,2026-07-02T23:09:42+01:00,41,39,2,202,20,0,722,500000,100.000000,0.000100,10.434797,81794,4,0,0,330,330,590,5.2000,0.0000,1.85,58.07,181794,81794,30004,9273,692394
n012w8-0,n012w8,0,5,500000,100.0,adaptive,2026-07-02T23:09:42+01:00,42,40,2,202,21,0,713,500000,100.000000,0.000100,10.162487,82751,4,0,0,345,330,565,4.7000,0.0000,1.87,59.03,182751,82751,36596,9349,720264
n012w8-0,n012w8,0,5,500000,100.0,adaptive,2026-07-02T23:09:42+01:00,43,41,2,202,21,0,718,500000,100.000000,0.000100,11.779531,77407,4,0,0,390,315,550,4.7000,0.0000,1.83,59.07,177407,77407,41751,9141,721649
n012w8-0,n012w8,0,5,500000,100.0,adaptive,2026-07-02T23:09:42+01:00,44,42,2,202,22,0,712,500000,100.000000,0.000100,10.589026,81263,4,0,0,345,305,545,4.8000,0.0000,1.82,59.24,181263,81263,44898,9115,726838
n012w8-0,n012w8,0,5,500000,100.0,adaptive,2026-07-02T23:09:42+01:00,46,44,2,202,23,0,697,500000,100.000000,0.000100,13.336934,72913,4,0,0,350,315,510,3.9000,0.0000,1.83,57.68,172913,72913,35377,9144,681573
n012w8-0,n012w8,0,5,500000,100.0,adaptive,2026-07-02T23:09:42+01:00,45,43,2,202,22,0,712,500000,100.000000,0.000100,8.504720,89196,4,0,0,290,290,515,4.5000,0.0000,1.85,59.07,189196,89196,25553,9258,721563
n012w8-0,n012w8,0,5,500000,100.0,adaptive,2026-07-02T23:09:42+01:00,48,46,2,202,24,0,728,500000,100.000000,0.000100,5.497991,104984,3,0,0,300,285,480,3.9000,0.0000,1.86,59.99,204984,104984,41658,9279,749630
n012w8-0,n012w8,0,5,500000,100.0,adaptive,2026-07-02T23:09:42+01:00,47,45,2,202,23,0,828,500000,100.000000,68.842400,9.165497,86488,4,1,1,1215,260,495,4.7000,0.0200,13.67,60.66,186488,86488,126384,68327,770832
n012w8-0,n012w8,0,5,500000,100.0,adaptive,2026-07-02T23:09:42+01:00,49,47,2,202,24,0,737,500000,100.000000,0.000100,12.670916,74767,4,0,0,320,300,465,3.3000,0.0000,1.84,59.69,174767,74767,28598,9209,740244
n012w8-0,n012w8,0,5,500000,100.0,adaptive,2026-07-02T23:09:42+01:00,50,48,2,202,25,0,773,500000,100.000000,0.000100,13.971016,71232,4,0,0,315,300,460,3.2000,0.0000,1.81,58.19,171232,71232,34364,9032,695967
n012w8-0,n012w8,0,5,500000,100.0,adaptive,2026-07-02T23:09:42+01:00,53,51,2,202,26,0,752,500000,100.000000,0.000100,15.930448,66482,4,0,0,375,355,390,0.7000,0.0000,1.81,58.79,166482,66482,31731,9060,713336
n012w8-0,n012w8,0,5,500000,100.0,adaptive,2026-07-02T23:09:42+01:00,51,49,2,202,25,0,774,500000,100.000000,0.000100,10.788076,80589,4,0,0,285,285,420,2.7000,0.0000,1.88,59.17,180589,80589,36899,9375,724715
n012w8-0,n012w8,0,5,500000,100.0,adaptive,2026-07-02T23:09:42+01:00,52,50,2,202,26,0,763,500000,100.000000,0.000100,9.504385,85174,4,0,0,285,265,395,2.6000,0.0000,1.85,59.18,185174,85174,32574,9245,724831
n012w8-0,n012w8,0,5,500000,100.0,adaptive,2026-07-02T23:09:42+01:00,54,52,2,202,27,0,762,500000,100.000000,0.000100,8.971809,87261,4,0,0,280,280,380,2.0000,0.0000,1.85,59.06,187261,87261,32407,9254,721260
n012w8-0,n012w8,0,5,500000,100.0,adaptive,2026-07-02T23:09:42+01:00,55,53,2,202,27,0,827,500000,100.000000,0.000100,10.538529,81436,4,0,0,315,300,365,1.3000,0.0000,1.85,58.42,181436,81436,31535,9238,702537
n012w8-0,n012w8,0,5,500000,100.0,adaptive,2026-07-02T23:09:42+01:00,56,54,2,202,28,0,844,500000,100.000000,0.000100,9.083307,86814,4,0,0,320,290,360,1.4000,0.0000,1.82,58.48,186814,86814,36859,9108,704104
n012w8-0,n012w8,0,5,500000,100.0,adaptive,2026-07-02T23:09:42+01:00,57,55,2,202,28,0,861,500000,100.000000,0.000100,8.834785,87818,4,0,0,325,325,350,0.5000,0.0000,1.88,57.59,187818,87818,26830,9378,679055
n012w8-0,n012w8,0,5,500000,100.0,adaptive,2026-07-02T23:09:42+01:00,58,56,2,202,29,0,810,500000,100.000000,0.000100,6.989530,96297,4,0,0,310,300,345,0.9000,0.0000,1.83,58.29,196297,96297,41324,9149,698628
n012w8-0,n012w8,0,5,500000,100.0,adaptive,2026-07-02T23:09:42+01:00,61,59,2,202,30,0,797,500000,100.000000,0.000100,7.084024,95811,4,0,0,285,285,300,0.3000,0.0000,1.85,58.84,195811,95811,33343,9243,714697
n012w8-0,n012w8,0,5,500000,100.0,adaptive,2026-07-02T23:09:42+01:00,60,58,2,202,30,0,806,500000,100.000000,0.000100,7.780294,92418,4,0,0,270,270,315,0.9000,0.0000,1.85,59.32,192418,92418,29574,9251,729128
n012w8-0,n012w8,0,5,500000,100.0,adaptive,2026-07-02T23:09:42+01:00,59,57,2,202,29,0,824,500000,100.000000,0.000100,13.091216,73586,4,0,0,330,315,330,0.3000,0.0000,1.85,58.34,173586,73586,35625,9262,700263
n012w8-0,n012w8,0,5,500000,100.0,adaptive,2026-07-02T23:09:42+01:00,62,60,2,202,31,0,848,500000,100.000000,0.000100,0.000000,0,4,0,0,375,290,290,0.0000,0.0000,1.84,59.42,150172,0,36785,9189,732157
n012w8-0,n012w8,0,5,500000,100.0,adaptive,2026-07-02T23:09:42+01:00,63,61,2,202,31,0,789,500000,100.000000,0.000100,0.000000,0,4,0,0,340,285,285,0.0000,0.0000,1.83,58.35,150172,0,35700,9150,700624
n012w8-0,n012w8,0,5,500000,100.0,adaptive,2026-07-02T23:09:42+01:00,64,62,2,202,32,0,777,500000,100.000000,0.000100,0.000000,0,4,0,0,280,280,280,0.0000,0.0000,1.84,58.06,150172,0,36116,9204,692195
n012w8-0,n012w8,0,5,500000,100.0,adaptive,2026-07-02T23:09:42+01:00,65,63,2,202,32,0,671,500000,100.000000,0.000100,0.000000,0,4,0,1,330,260,260,0.0000,0.0000,1.90,58.38,150172,0,35445,9489,701458
n012w8-0,n012w8,0,5,500000,100.0,adaptive,2026-07-02T23:09:42+01:00,7,5,3,42,3,0,823,500000,100.000000,0.000100,7.476597,93859,4,0,0,495,495,3335,56.8000,0.0000,1.87,58.18,193859,93859,37766,9350,695739
n012w8-0,n012w8,0,5,500000,100.0,adaptive,2026-07-02T23:09:42+01:00,3,1,3,42,1,0,891,500000,100.000000,66.820235,9.442870,85409,4,17,0,1240,520,4070,71.0000,0.3400,13.30,60.50,185409,85409,129464,66488,765777
n012w8-0,n012w8,0,5,500000,100.0,adaptive,2026-07-02T23:09:42+01:00,2,0,3,42,1,0,892,500000,100.000000,65.558348,9.624629,84719,4,13,0,1385,500,4265,75.3000,0.2600,13.36,60.52,184719,84719,129093,66781,766517
n012w8-0,n012w8,0,5,500000,100.0,adaptive,2026-07-02T23:09:42+01:00,0,-1,3,42,0,0,910,500000,100.000000,82.801842,7.620299,93170,4,25,0,1755,540,4310,75.4000,0.5000,13.01,60.64,193170,93170,125594,65040,770313
n012w8-0,n012w8,0,5,500000,100.0,adaptive,2026-07-02T23:09:42+01:00,4,2,3,42,2,0,916,500000,100.000000,60.278162,10.467718,81680,4,9,1,1365,445,4025,71.6000,0.1800,13.47,60.46,181680,81680,130577,67368,764457
n012w8-0,n012w8,0,5,500000,100.0,adaptive,2026-07-02T23:09:42+01:00,5,3,3,42,2,0,921,500000,100.000000,70.132610,8.996881,87160,4,5,0,1440,455,3905,69.0000,0.1000,13.26,60.44,187160,87160,128272,66318,763847
n012w8-0,n012w8,0,5,500000,100.0,adaptive,2026-07-02T23:09:42+01:00,6,4,3,42,3,0,936,500000,100.000000,65.770630,9.593565,84836,4,3,0,1720,550,3515,59.3000,0.0600,13.36,60.52,184836,84836,129559,66792,766435
n012w8-0,n012w8,0,5,500000,100.0,adaptive,2026-07-02T23:09:42+01:00,8,6,3,42,4,0,942,500000,100.000000,73.327014,8.604943,88772,4,10,0,2005,500,3330,56.6000,0.2000,13.16,60.52,188772,88772,128017,65789,766364
n012w8-0,n012w8,0,5,500000,100.0,adaptive,2026-07-02T23:09:42+01:00,9,7,3,42,4,0,787,500000,100.000000,0.000100,15.186441,68213,4,0,0,475,475,3225,55.0000,0.0000,1.84,57.65,168213,68213,38858,9207,680501
n012w8-0,n012w8,0,5,500000,100.0,adaptive,2026-07-02T23:09:42+01:00,10,8,3,42,5,0,808,500000,100.000000,0.000100,7.507027,93712,4,0,0,485,485,3150,53.3000,0.0000,1.82,56.94,193712,93712,30785,9090,661069
n012w8-0,n012w8,0,5,500000,100.0,adaptive,2026-07-02T23:09:42+01:00,11,9,3,42,5,0,824,500000,100.000000,0.000100,6.366841,99674,4,0,0,500,500,3000,50.0000,0.0000,1.81,58.42,199674,99674,43802,9073,702645
n012w8-0,n012w8,0,5,500000,100.0,adaptive,2026-07-02T23:09:42+01:00,12,10,3,42,6,0,812,500000,100.000000,0.000100,7.091466,95773,4,0,0,475,475,2970,49.9000,0.0000,1.82,59.27,195773,95773,45684,9113,727549
n012w8-0,n012w8,0,5,500000,100.0,adaptive,2026-07-02T23:09:42+01:00,13,11,3,42,6,0,818,500000,100.000000,0.000100,8.884480,87615,4,0,0,535,520,2955,48.7000,0.0000,1.80,57.91,187615,87615,50854,9020,687813
n012w8-0,n012w8,0,5,500000,100.0,adaptive,2026-07-02T23:09:42+01:00,15,13,3,42,7,0,802,500000,100.000000,0.000100,8.042369,91219,4,0,0,530,530,2690,43.2000,0.0000,1.87,58.08,191219,91219,40745,9328,692724
n012w8-0,n012w8,0,5,500000,100.0,adaptive,2026-07-02T23:09:42+01:00,16,14,3,42,8,0,811,500000,100.000000,0.000100,9.264543,86099,4,0,0,500,500,2660,43.2000,0.0000,1.79,58.67,186099,86099,39101,8962,709712
n012w8-0,n012w8,0,5,500000,100.0,adaptive,2026-07-02T23:09:42+01:00,14,12,3,42,7,0,834,500000,100.000000,0.000100,9.775253,84157,4,0,0,470,470,2760,45.8000,0.0000,1.87,58.36,184157,84157,40071,9351,700679
n012w8-0,n012w8,0,5,500000,100.0,adaptive,2026-07-02T23:09:42+01:00,17,15,3,42,8,0,830,500000,100.000000,0.000100,10.589903,81260,4,0,0,580,535,2510,39.5000,0.0000,1.88,58.59,181260,81260,40189,9379,707489
n012w8-0,n012w8,0,5,500000,100.0,adaptive,2026-07-02T23:09:42+01:00,18,16,3,42,9,0,818,500000,100.000000,0.000100,15.556790,67341,4,0,0,530,495,2425,38.6000,0.0000,1.77,58.45,167341,67341,36641,8865,703475
n012w8-0,n012w8,0,5,500000,100.0,adaptive,2026-07-02T23:09:42+01:00,22,20,3,42,11,0,789,500000,100.000000,0.000100,4.775997,110079,3,0,0,490,490,2115,32.5000,0.0000,1.84,58.62,210079,110079,36948,9197,708369
n012w8-0,n012w8,0,5,500000,100.0,adaptive,2026-07-02T23:09:42+01:00,21,19,3,42,10,0,804,500000,100.000000,0.000100,12.321171,75780,4,0,0,495,495,2215,34.4000,0.0000,1.81,59.58,175780,75780,32725,9068,737161
n012w8-0,n012w8,0,5,500000,100.0,adaptive,2026-07-02T23:09:42+01:00,19,17,3,42,9,0,828,500000,100.000000,0.000100,8.337657,89914,4,0,0,455,455,2350,37.9000,0.0000,1.81,57.34,189914,89914,46404,9047,671996
n012w8-0,n012w8,0,5,500000,100.0,adaptive,2026-07-02T23:09:42+01:00,20,18,3,42,10,0,826,500000,100.000000,0.000100,8.501665,89209,4,0,0,480,480,2335,37.1000,0.0000,1.81,59.23,189209,89209,44837,9034,726517
n012w8-0,n012w8,0,5,500000,100.0,adaptive,2026-07-02T23:09:42+01:00,24,22,3,42,12,0,825,500000,100.000000,0.000100,15.901863,66547,4,0,0,490,480,1940,29.2000,0.0000,1.82,58.15,166547,66547,37372,9091,694693
n012w8-0,n012w8,0,5,500000,100.0,adaptive,2026-07-02T23:09:42+01:00,23,21,3,42,11,0,831,500000,100.000000,0.000100,8.673452,88485,4,0,0,520,490,2060,31.4000,0.0000,1.82,58.87,188485,88485,44220,9092,715713
n012w8-0,n012w8,0,5,500000,100.0,adaptive,2026-07-02T23:09:42+01:00,25,23,3,42,12,0,800,500000,100.000000,0.000100,20.673976,57049,4,0,0,530,500,1905,28.1000,0.0000,1.81,58.79,157049,57049,41339,9053,713344
n012w8-0,n012w8,0,5,500000,100.0,adaptive,2026-07-02T23:09:42+01:00,26,24,3,42,13,0,813,500000,100.000000,0.000100,9.552565,84991,4,0,0,575,540,1865,26.5000,0.0000,1.78,59.18,184991,84991,41584,8909,724984
n012w8-0,n012w8,0,5,500000,100.0,adaptive,2026-07-02T23:09:42+01:00,27,25,3,42,13,0,816,500000,100.000000,0.000100,11.046584,79732,4,0,0,485,485,1845,27.2000,0.0000,1.83,59.12,179732,79732,37902,9137,722968
n012w8-0,n012w8,0,5,500000,100.0,adaptive,2026-07-02T23:09:42+01:00,30,28,3,42,15,0,803,500000,100.000000,0.000100,5.869755,102616,3,0,0,505,505,1620,22.3000,0.0000,1.87,59.31,202616,102616,37364,9362,728678
n012w8-0,n012w8,0,5,500000,100.0,adaptive,2026-07-02T23:09:42+01:00,29,27,3,42,14,0,821,500000,100.000000,0.000100,13.003971,73828,4,0,0,535,505,1665,23.2000,0.0000,1.83,58.15,173828,73828,33885,9155,694767
n012w8-0,n012w8,0,5,500000,100.0,adaptive,2026-07-02T23:09:42+01:00,28,26,3,42,14,0,834,500000,100.000000,0.000100,9.048238,86954,4,0,0,510,495,1760,25.3000,0.0000,1.81,58.85,186954,86954,35544,9052,715012
n012w8-0,n012w8,0,5,500000,100.0,adaptive,2026-07-02T23:09:42+01:00,31,29,3,42,15,0,821,500000,100.000000,0.000100,12.870636,74201,4,0,0,505,490,1605,22.3000,0.0000,1.82,59.35,174201,74201,35409,9106,729885
n012w8-0,n012w8,0,5,500000,100.0,adaptive,2026-07-02T23:09:42+01:00,32,30,3,42,16,0,851,500000,100.000000,0.000100,13.135058,73465,4,0,0,530,490,1575,21.7000,0.0000,1.81,59.49,173465,73465,38168,9056,734285
n012w8-0,n012w8,0,5,500000,100.0,adaptive,2026-07-02T23:09:42+01:00,33,31,3,42,16,0,793,500000,100.000000,0.000100,5.925978,102271,3,0,0,475,475,1560,21.7000,0.0000,1.83,57.44,202271,102271,36555,9170,674783
n012w8-0,n012w8,0,5,500000,100.0,adaptive,2026-07-02T23:09:42+01:00,34,32,3,42,17,0,848,500000,100.000000,0.000100,9.101396,86742,4,0,0,530,530,1500,19.4000,0.0000,1.82,59.10,186742,86742,31780,9125,722461
n012w8-0,n012w8,0,5,500000,100.0,adaptive,2026-07-02T23:09:42+01:00,35,33,3,42,17,0,845,500000,100.000000,0.000100,16.756681,64652,4,0,0,515,500,1410,18.2000,0.0000,1.84,58.23,164652,64652,33592,9205,697083
n012w8-0,n012w8,0,5,500000,100.0,adaptive,2026-07-02T23:09:42+01:00,38,36,3,42,19,0,832,500000,100.000000,0.000100,6.467732,99105,4,0,0,540,540,1345,16.1000,0.0000,1.84,58.95,199105,99105,37505,9202,718035
n012w8-0,n012w8,0,5,500000,100.0,adaptive,2026-07-02T23:09:42+01:00,37,35,3,42,18,0,840,500000,100.000000,0.000100,9.294542,85982,4,0,0,505,490,1360,17.4000,0.0000,1.82,58.24,185982,85982,41414,9105,697335
n012w8-0,n012w8,0,5,500000,100.0,adaptive,2026-07-02T23:09:42+01:00,36,34,3,42,18,0,859,500000,100.000000,0.000100,13.352420,72871,4,0,0,535,490,1375,17.7000,0.0000,1.79,59.64,172871,72871,43615,8948,738740
n012w8-0,n012w8,0,5,500000,100.0,adaptive,2026-07-02T23:09:42+01:00,39,37,3,42,19,0,830,500000,100.000000,0.000100,5.781706,103163,3,0,1,445,445,1315,17.4000,0.0000,1.80,57.34,203163,103163,42109,8990,671995
n012w8-0,n012w8,0,5,500000,100.0,adaptive,2026-07-02T23:09:42+01:00,40,38,3,42,20,0,824,500000,100.000000,0.000100,6.938538,96562,4,0,0,500,500,1300,16.0000,0.0000,1.82,58.68,196562,96562,35127,9119,710170
n012w8-0,n012w8,0,5,500000,100.0,adaptive,2026-07-02T23:09:42+01:00,41,39,3,42,20,0,772,500000,100.000000,0.000100,7.077958,95842,4,0,0,470,470,1290,16.4000,0.0000,1.83,58.34,195842,95842,37722,9150,700049
n012w8-0,n012w8,0,5,500000,100.0,adaptive,2026-07-02T23:09:42+01:00,42,40,3,42,21,0,761,500000,100.000000,0.000100,10.797619,80557,4,0,0,505,505,1260,15.1000,0.0000,1.83,58.87,180557,80557,31894,9133,715686
n012w8-0,n012w8,0,5,500000,100.0,adaptive,2026-07-02T23:09:42+01:00,43,41,3,42,21,0,759,500000,100.000000,0.000100,13.352052,72872,4,0,0,520,490,1190,14.0000,0.0000,1.82,58.30,172872,72872,32069,9081,698970
n012w8-0,n012w8,0,5,500000,100.0,adaptive,2026-07-02T23:09:42+01:00,44,42,3,42,22,0,769,500000,100.000000,0.000100,6.194183,100669,3,0,0,535,535,1185,13.0000,0.0000,1.82,58.73,200669,100669,42621,9118,711586
n012w8-0,n012w8,0,5,500000,100.0,adaptive,2026-07-02T23:09:42+01:00,46,44,3,42,23,0,774,500000,100.000000,0.000100,7.791265,92367,4,0,0,475,475,1140,13.3000,0.0000,1.81,57.80,192367,92367,35208,9061,684896
n012w8-0,n012w8,0,5,500000,100.0,adaptive,2026-07-02T23:09:42+01:00,45,43,3,42,22,0,783,500000,100.000000,0.000100,9.324896,85864,4,0,0,505,480,1170,13.8000,0.0000,1.82,58.31,185864,85864,44059,9083,699465
n012w8-0,n012w8,0,5,500000,100.0,adaptive,2026-07-02T23:09:42+01:00,47,45,3,42,23,0,773,500000,100.000000,0.000100,2.754381,129999,3,0,0,510,510,1115,12.1000,0.0000,1.83,58.28,229999,129999,39210,9154,698451
n012w8-0,n012w8,0,5,500000,100.0,adaptive,2026-07-02T23:09:42+01:00,48,46,3,42,24,0,774,500000,100.000000,0.000100,6.386928,99560,4,0,0,465,465,1095,12.6000,0.0000,1.81,58.70,199560,99560,31771,9058,710718
n012w8-0,n012w8,0,5,500000,100.0,adaptive,2026-07-02T23:09:42+01:00,49,47,3,42,24,0,813,500000,100.000000,0.000100,9.853624,83868,4,0,0,485,485,1080,11.9000,0.0000,1.82,59.66,183868,83868,46622,9078,739502
n012w8-0,n012w8,0,5,500000,100.0,adaptive,2026-07-02T23:09:42+01:00,50,48,3,42,25,0,789,500000,100.000000,0.000100,5.762886,103281,3,0,0,475,475,1065,11.8000,0.0000,1.81,58.42,203281,103281,36352,9067,702418
n012w8-0,n012w8,0,5,500000,100.0,adaptive,2026-07-02T23:09:42+01:00,51,49,3,42,25,0,785,500000,100.000000,0.000100,8.904879,87532,4,0,0,490,470,1060,11.8000,0.0000,1.87,59.64,187532,87532,40694,9328,738787
n012w8-0,n012w8,0,5,500000,100.0,adaptive,2026-07-02T23:09:42+01:00,52,50,3,42,26,0,788,500000,100.000000,0.000100,8.955215,87328,4,0,0,490,475,1000,10.5000,0.0000,1.83,58.40,187328,87328,36537,9127,701989
n012w8-0,n012w8,0,5,500000,100.0,adaptive,2026-07-02T23:09:42+01:00,53,51,3,42,26,0,791,500000,100.000000,0.000100,8.468139,89352,4,0,0,530,530,970,8.8000,0.0000,1.81,58.64,189352,89352,44938,9055,708896
n012w8-0,n012w8,0,5,500000,100.0,adaptive,2026-07-02T23:09:42+01:00,55,53,3,42,27,0,774,500000,100.000000,0.000100,10.237172,82486,4,0,0,500,495,960,9.3000,0.0000,1.79,58.45,182486,82486,42148,8941,703335
n012w8-0,n012w8,0,5,500000,100.0,adaptive,2026-07-02T23:09:42+01:00,54,52,3,42,27,0,812,500000,100.000000,0.000100,6.619238,98267,4,0,0,490,490,965,9.5000,0.0000,1.87,58.78,198267,98267,37792,9340,712916
n012w8-0,n012w8,0,5,500000,100.0,adaptive,2026-07-02T23:09:42+01:00,56,54,3,42,28,0,823,500000,100.000000,0.000100,7.642651,93064,4,0,0,540,540,945,8.1000,0.0000,1.83,58.02,193064,93064,30710,9134,690937
n012w8-0,n012w8,0,5,500000,100.0,adaptive,2026-07-02T23:09:42+01:00,57,55,3,42,28,0,821,500000,100.000000,0.000100,8.086712,91020,4,0,0,535,535,940,8.1000,0.0000,1.83,58.28,191020,91020,39637,9166,698556
n012w8-0,n012w8,0,5,500000,100.0,adaptive,2026-07-02T23:09:42+01:00,59,57,3,42,29,0,800,500000,100.000000,0.000100,2.891399,128242,3,0,0,505,505,900,7.9000,0.0000,1.82,58.77,228242,128242,35007,9091,712850
n012w8-0,n012w8,0,5,500000,100.0,adaptive,2026-07-02T23:09:42+01:00,58,56,3,42,29,0,816,500000,100.000000,0.000100,7.614826,93196,4,0,0,530,530,930,8.0000,0.0000,1.81,58.04,193196,93196,40658,9060,691741
n012w8-0,n012w8,0,5,500000,100.0,adaptive,2026-07-02T23:09:42+01:00,62,60,3,42,31,0,808,500000,100.000000,0.000100,8.738402,88215,4,0,0,470,455,850,7.9000,0.0000,1.83,59.42,188215,88215,32808,9164,732117
n012w8-0,n012w8,0,5,500000,100.0,adaptive,2026-07-02T23:09:42+01:00,61,59,3,42,30,0,819,500000,100.000000,0.000100,7.044789,96012,4,0,0,490,490,865,7.5000,0.0000,1.79,57.51,196012,96012,37043,8939,676750
n012w8-0,n012w8,0,5,500000,100.0,adaptive,2026-07-02T23:09:42+01:00,60,58,3,42,30,0,831,500000,100.000000,0.000100,11.489576,78309,4,0,0,510,500,885,7.7000,0.0000,1.83,58.83,178309,78309,42684,9145,714484
n012w8-0,n012w8,0,5,500000,100.0,adaptive,2026-07-02T23:09:42+01:00,63,61,3,42,31,0,819,500000,100.000000,0.000100,16.565174,65068,4,0,0,530,505,835,6.6000,0.0000,1.82,58.72,165068,65068,36040,9105,711199
n012w8-0,n012w8,0,5,500000,100.0,adaptive,2026-07-02T23:09:42+01:00,64,62,3,42,32,0,824,500000,100.000000,0.000100,9.922749,83615,4,0,0,500,475,785,6.2000,0.0000,1.85,57.73,183615,83615,34635,9274,682911
n012w8-0,n012w8,0,5,500000,100.0,adaptive,2026-07-02T23:09:42+01:00,65,63,3,42,32,0,792,500000,100.000000,0.000100,13.620342,72152,4,0,0,535,485,725,4.8000,0.0000,1.84,59.10,172152,72152,33481,9184,722445
n012w8-0,n012w8,0,5,500000,100.0,adaptive,2026-07-02T23:09:42+01:00,67,65,3,42,33,0,781,500000,100.000000,0.000100,5.339444,106043,3,0,0,510,510,665,3.1000,0.0000,1.79,57.84,206043,106043,40356,8948,685962
n012w8-0,n012w8,0,5,500000,100.0,adaptive,2026-07-02T23:09:42+01:00,66,64,3,42,33,0,811,500000,100.000000,0.000100,23.846684,51882,4,0,0,545,520,695,3.5000,0.0000,1.81,58.78,151882,51882,41069,9037,712926
n012w8-0,n012w8,0,5,500000,100.0,adaptive,2026-07-02T23:09:42+01:00,69,67,3,42,34,0,759,500000,100.000000,0.000100,9.690273,84473,4,0,1,460,445,630,3.7000,0.0000,1.81,58.08,184473,84473,42015,9032,692871
n012w8-0,n012w8,0,5,500000,100.0,adaptive,2026-07-02T23:09:42+01:00,68,66,3,42,34,0,772,500000,100.000000,0.000100,16.250997,65761,4,0,0,575,525,650,2.5000,0.0000,1.85,59.33,165761,65761,43410,9255,729538
n012w8-0,n012w8,0,5,500000,100.0,adaptive,2026-07-02T23:09:42+01:00,70,68,3,42,35,0,768,500000,100.000000,0.000100,5.076308,107872,3,0,1,445,445,620,3.5000,0.0000,1.81,59.36,207872,107872,28763,9038,730190
n012w8-0,n012w8,0,5,500000,100.0,adaptive,2026-07-02T23:09:42+01:00,71,69,3,42,35,0,784,500000,100.000000,0.000100,10.912494,80174,4,0,0,470,470,615,2.9000,0.0000,1.80,58.21,180174,80174,40047,9023,696569
n012w8-0,n012w8,0,5,500000,100.0,adaptive,2026-07-02T23:09:42+01:00,72,70,3,42,36,0,781,500000,100.000000,0.000100,10.968721,79988,4,0,0,515,485,600,2.3000,0.0000,1.80,58.80,179988,79988,37659,9020,713640
n012w8-0,n012w8,0,5,500000,100.0,adaptive,2026-07-02T23:09:42+01:00,73,71,3,42,36,0,786,500000,100.000000,0.000100,14.286439,70424,4,0,0,470,470,595,2.5000,0.0000,1.81,59.20,170424,70424,46408,9036,725555
n012w8-0,n012w8,0,5,500000,100.0,adaptive,2026-07-02T23:09:42+01:00,74,72,3,42,37,0,785,500000,100.000000,0.000100,3.660598,119705,3,0,0,515,515,580,1.3000,0.0000,1.85,58.03,219705,119705,41686,9254,691312
n012w8-0,n012w8,0,5,500000,100.0,adaptive,2026-07-02T23:09:42+01:00,76,74,3,42,38,0,784,500000,100.000000,0.000100,18.507169,61056,4,0,0,555,505,555,1.0000,0.0000,1.84,58.43,161056,61056,53389,9194,702775
n012w8-0,n012w8,0,5,500000,100.0,adaptive,2026-07-02T23:09:42+01:00,75,73,3,42,37,0,793,500000,100.000000,0.000100,6.111390,101156,3,0,0,505,505,565,1.2000,0.0000,1.81,58.15,201156,101156,36802,9044,694724
n012w8-0,n012w8,0,5,500000,100.0,adaptive,2026-07-02T23:09:42+01:00,77,75,3,42,38,0,786,500000,100.000000,0.000100,9.343466,85792,4,0,0,475,475,540,1.3000,0.0000,1.82,59.05,185792,85792,31080,9096,721119
n012w8-0,n012w8,0,5,500000,100.0,adaptive,2026-07-02T23:09:42+01:00,78,76,3,42,39,0,798,500000,100.000000,0.000100,6.006424,101783,3,0,0,490,490,535,0.9000,0.0000,1.79,58.59,201783,101783,37723,8930,707344
n012w8-0,n012w8,0,5,500000,100.0,adaptive,2026-07-02T23:09:42+01:00,79,77,3,42,39,0,784,500000,100.000000,0.000100,11.293798,78931,4,0,0,490,490,520,0.6000,0.0000,1.81,60.41,178931,78931,36748,9071,762805
n012w8-0,n012w8,0,5,500000,100.0,adaptive,2026-07-02T23:09:42+01:00,80,78,3,42,40,0,784,500000,100.000000,0.000100,9.164484,86492,4,0,0,460,460,505,0.9000,0.0000,1.84,57.95,186492,86492,37230,9220,688983
n012w8-0,n012w8,0,5,500000,100.0,adaptive,2026-07-02T23:09:42+01:00,81,79,3,42,40,0,762,500000,100.000000,0.000100,0.000000,0,4,0,0,490,490,490,0.0000,0.0000,1.81,59.36,150172,0,32278,9075,730360
n012w8-0,n012w8,0,5,500000,100.0,adaptive,2026-07-02T23:09:42+01:00,82,80,3,42,41,0,750,500000,100.000000,0.000100,0.000000,0,4,0,0,515,475,475,0.0000,0.0000,1.78,58.92,150172,0,37393,8914,717053
n012w8-0,n012w8,0,5,500000,100.0,adaptive,2026-07-02T23:09:42+01:00,83,81,3,42,41,0,752,500000,100.000000,0.000100,0.000000,0,4,0,1,485,445,445,0.0000,0.0000,1.84,58.75,150172,0,50841,9212,712212
n012w8-0,n012w8,0,5,500000,100.0,adaptive,2026-07-02T23:09:42+01:00,5,3,4,101,2,0,684,500000,100.000000,28.340271,5.592526,104367,3,6,0,825,165,3045,57.6000,0.1200,12.14,62.35,204367,104367,121295,60708,827997
n012w8-0,n012w8,0,5,500000,100.0,adaptive,2026-07-02T23:09:42+01:00,0,-1,4,101,0,0,688,500000,100.000000,27.300336,5.805558,103014,3,21,0,690,135,3570,68.7000,0.4200,12.20,62.72,203014,103014,121835,61002,841375
n012w8-0,n012w8,0,5,500000,100.0,adaptive,2026-07-02T23:09:42+01:00,8,6,4,101,4,0,691,500000,100.000000,45.148154,13.975649,71220,4,6,0,1170,190,2685,49.9000,0.1200,13.27,62.46,171220,71220,130028,66343,831929
n012w8-0,n012w8,0,5,500000,100.0,adaptive,2026-07-02T23:09:42+01:00,2,0,4,101,1,0,691,500000,100.000000,64.187136,9.830237,83954,4,10,0,1420,160,3540,67.6000,0.2000,12.83,62.62,183954,83954,126219,64133,837468
n012w8-0,n012w8,0,5,500000,100.0,adaptive,2026-07-02T23:09:42+01:00,6,4,4,101,3,0,693,500000,100.000000,66.523639,9.484971,85248,4,5,0,1335,150,2865,54.3000,0.1000,12.81,62.68,185248,85248,126555,64069,839668
n012w8-0,n012w8,0,5,500000,100.0,adaptive,2026-07-02T23:09:42+01:00,4,2,4,101,2,0,693,500000,100.000000,64.993811,9.708229,84406,4,11,0,1495,150,3165,60.3000,0.2200,12.77,62.75,184406,84406,126547,63843,842210
n012w8-0,n012w8,0,5,500000,100.0,adaptive,2026-07-02T23:09:42+01:00,7,5,4,101,3,0,693,500000,100.000000,74.182933,8.505660,89192,4,9,0,1390,160,2715,51.1000,0.1800,12.60,62.42,189192,89192,123866,62999,830574
n012w8-0,n012w8,0,5,500000,100.0,adaptive,2026-07-02T23:09:42+01:00,3,1,4,101,1,0,695,500000,100.000000,41.220381,15.307350,67926,4,8,0,1005,160,3180,60.4000,0.1600,13.34,62.78,167926,67926,130838,66702,843513
n012w8-0,n012w8,0,5,500000,100.0,adaptive,2026-07-02T23:09:42+01:00,10,8,4,101,5,0,601,500000,100.000000,0.000100,7.033120,96072,4,0,0,160,160,2550,47.8000,0.0000,1.70,60.75,196072,96072,41563,8503,773886
n012w8-0,n012w8,0,5,500000,100.0,adaptive,2026-07-02T23:09:42+01:00,16,14,4,101,8,0,599,500000,100.000000,0.000100,6.104639,101196,3,0,0,140,140,1965,36.5000,0.0000,1.71,61.17,201196,101196,36194,8536,787736
n012w8-0,n012w8,0,5,500000,100.0,adaptive,2026-07-02T23:09:42+01:00,11,9,4,101,5,0,604,500000,100.000000,0.000100,11.741511,77524,4,0,0,165,165,2460,45.9000,0.0000,1.71,61.61,177524,77524,43997,8550,802305
n012w8-0,n012w8,0,5,500000,100.0,adaptive,2026-07-02T23:09:42+01:00,12,10,4,101,6,0,605,500000,100.000000,0.000100,8.641637,88618,4,0,0,165,165,2310,42.9000,0.0000,1.70,60.53,188618,88618,32580,8483,766853
n012w8-0,n012w8,0,5,500000,100.0,adaptive,2026-07-02T23:09:42+01:00,15,13,4,101,7,0,608,500000,100.000000,0.000100,3.242261,124097,3,0,0,145,145,1980,36.7000,0.0000,1.68,60.63,224097,124097,35296,8392,769937
n012w8-0,n012w8,0,5,500000,100.0,adaptive,2026-07-02T23:09:42+01:00,13,11,4,101,6,0,609,500000,100.000000,0.000100,5.912239,102355,3,0,0,165,165,2160,39.9000,0.0000,1.71,60.83,202355,102355,36250,8533,776538
n012w8-0,n012w8,0,5,500000,100.0,adaptive,2026-07-02T23:09:42+01:00,14,12,4,101,7,0,619,500000,100.000000,0.000100,8.770089,88084,4,0,0,220,220,2130,38.2000,0.0000,1.70,60.71,188084,88084,47770,8516,772553
n012w8-0,n012w8,0,5,500000,100.0,adaptive,2026-07-02T23:09:42+01:00,9,7,4,101,4,0,693,500000,100.000000,73.233873,8.615887,88726,4,1,0,1495,130,2670,50.8000,0.0200,12.63,62.47,188726,88726,125610,63153,832144
n012w8-0,n012w8,0,5,500000,100.0,adaptive,2026-07-02T23:09:42+01:00,20,18,4,101,10,0,596,500000,100.000000,0.000100,9.430875,85455,4,0,0,190,190,1875,33.7000,0.0000,1.68,60.98,185455,85455,35598,8408,781440
n012w8-0,n012w8,0,5,500000,100.0,adaptive,2026-07-02T23:09:42+01:00,17,15,4,101,8,0,608,500000,100.000000,0.000100,13.642941,72092,4,0,0,300,235,1935,34.0000,0.0000,1.68,60.79,172092,72092,42518,8391,775326
n012w8-0,n012w8,0,5,500000,100.0,adaptive,2026-07-02T23:09:42+01:00,19,17,4,101,9,0,605,500000,100.000000,0.000100,5.673617,103846,3,0,0,165,165,1900,34.7000,0.0000,1.65,59.02,203846,103846,39751,8246,719994
n012w8-0,n012w8,0,5,500000,100.0,adaptive,2026-07-02T23:09:42+01:00,22,20,4,101,11,0,603,500000,100.000000,0.000100,7.826435,92204,4,0,0,165,150,1825,33.5000,0.0000,1.69,61.31,192204,92204,36260,8449,792220
n012w8-0,n012w8,0,5,500000,100.0,adaptive,2026-07-02T23:09:42+01:00,18,16,4,101,9,0,616,500000,100.000000,0.000100,15.712743,66980,4,0,0,165,160,1905,34.9000,0.0000,1.68,60.86,166980,66980,44229,8392,777426
n012w8-0,n012w8,0,5,500000,100.0,adaptive,2026-07-02T23:09:42+01:00,21,19,4,101,10,0,615,500000,100.000000,0.000100,15.897909,66556,4,0,0,240,195,1855,33.2000,0.0000,1.70,60.78,166556,66556,41651,8499,774753
n012w8-0,n012w8,0,5,500000,100.0,adaptive,2026-07-02T23:09:42+01:00,23,21,4,101,11,0,608,500000,100.000000,0.000100,8.133997,90809,4,0,0,180,180,1800,32.4000,0.0000,1.68,60.53,190809,90809,36762,8408,766657
n012w8-0,n012w8,0,5,500000,100.0,adaptive,2026-07-02T23:09:42+01:00,24,22,4,101,12,0,632,500000,100.000000,0.000100,10.237738,82484,4,0,0,195,165,1660,29.9000,0.0000,1.71,62.90,182484,82484,36846,8545,847857
n012w8-0,n012w8,0,5,500000,100.0,adaptive,2026-07-02T23:09:42+01:00,26,24,4,101,13,0,627,500000,100.000000,0.000100,8.674890,88479,4,0,0,165,165,1590,28.5000,0.0000,1.70,61.19,188479,88479,51103,8511,788268
n012w8-0,n012w8,0,5,500000,100.0,adaptive,2026-07-02T23:09:42+01:00,28,26,4,101,14,0,623,500000,100.000000,0.000100,13.043556,73718,4,0,0,190,160,1500,26.8000,0.0000,1.67,60.80,173718,73718,38341,8360,775443
n012w8-0,n012w8,0,5,500000,100.0,adaptive,2026-07-02T23:09:42+01:00,27,25,4,101,13,0,628,500000,100.000000,0.000100,6.952932,96487,4,0,0,195,195,1575,27.6000,0.0000,1.71,59.76,196487,96487,33704,8532,742602
n012w8-0,n012w8,0,5,500000,100.0,adaptive,2026-07-02T23:09:42+01:00,31,29,4,101,15,0,614,500000,100.000000,0.000100,8.628275,88674,4,0,0,150,150,1440,25.8000,0.0000,1.65,60.69,188674,88674,30995,8248,772016
n012w8-0,n012w8,0,5,500000,100.0,adaptive,2026-07-02T23:09:42+01:00,25,23,4,101,12,0,648,500000,100.000000,0.000100,18.608184,60859,4,0,0,240,240,1605,27.3000,0.0000,1.73,60.51,160859,60859,28491,8671,766022
n012w8-0,n012w8,0,5,500000,100.0,adaptive,2026-07-02T23:09:42+01:00,30,28,4,101,15,0,657,500000,100.000000,0.000100,6.442227,99248,4,0,0,165,150,1470,26.4000,0.0000,1.66,62.55,199248,99248,46659,8315,835115
n012w8-0,n012w8,0,5,500000,100.0,adaptive,2026-07-02T23:09:42+01:00,29,27,4,101,14,0,728,500000,100.000000,56.125988,11.242114,79097,4,1,0,1545,120,1480,27.2000,0.0200,13.02,62.61,179097,79097,126906,65099,837315
n012w8-0,n012w8,0,5,500000,100.0,adaptive,2026-07-02T23:09:42+01:00,32,30,4,101,16,0,642,500000,100.000000,0.000100,11.814409,77300,4,0,0,250,205,1375,23.4000,0.0000,1.67,60.42,177300,77300,40927,8359,763229
n012w8-0,n012w8,0,5,500000,100.0,adaptive,2026-07-02T23:09:42+01:00,34,32,4,101,17,0,598,500000,100.000000,0.000100,11.055134,79704,4,0,0,135,135,1330,23.9000,0.0000,1.69,59.66,179704,79704,39144,8455,739505
n012w8-0,n012w8,0,5,500000,100.0,adaptive,2026-07-02T23:09:42+01:00,35,33,4,101,17,0,603,500000,100.000000,0.000100,7.253573,94955,4,0,0,135,135,1315,23.6000,0.0000,1.70,60.46,194955,94955,33091,8502,764399
n012w8-0,n012w8,0,5,500000,100.0,adaptive,2026-07-02T23:09:42+01:00,37,35,4,101,18,0,601,500000,100.000000,0.000100,6.720414,97718,4,0,0,150,150,1260,22.2000,0.0000,1.71,60.75,197718,97718,41922,8541,773913
n012w8-0,n012w8,0,5,500000,100.0,adaptive,2026-07-02T23:09:42+01:00,33,31,4,101,16,0,621,500000,100.000000,0.000100,7.849175,92099,4,0,0,160,160,1345,23.7000,0.0000,1.71,60.63,192099,92099,42622,8526,769980
n012w8-0,n012w8,0,5,500000,100.0,adaptive,2026-07-02T23:09:42+01:00,36,34,4,101,18,0,617,500000,100.000000,0.000100,10.998767,79889,4,0,0,165,165,1285,22.4000,0.0000,1.68,59.96,179889,79889,42589,8377,748676
n012w8-0,n012w8,0,5,500000,100.0,adaptive,2026-07-02T23:09:42+01:00,38,36,4,101,19,0,597,500000,100.000000,0.000100,15.325124,67884,4,0,0,160,160,1200,20.8000,0.0000,1.67,60.88,167884,67884,42891,8372,778281
n012w8-0,n012w8,0,5,500000,100.0,adaptive,2026-07-02T23:09:42+01:00,39,37,4,101,19,0,606,500000,100.000000,0.000100,5.458182,105247,3,0,0,165,165,1170,20.1000,0.0000,1.69,60.82,205247,105247,39960,8455,776157
n012w8-0,n012w8,0,5,500000,100.0,adaptive,2026-07-02T23:09:42+01:00,40,38,4,101,20,0,600,500000,100.000000,0.000100,11.861183,77157,4,0,0,195,195,1140,18.9000,0.0000,1.70,60.06,177157,77157,38378,8513,751859
n012w8-0,n012w8,0,5,500000,100.0,adaptive,2026-07-02T23:09:42+01:00,41,39,4,101,20,0,606,500000,100.000000,0.000100,10.765743,80664,4,0,0,225,225,1020,15.9000,0.0000,1.65,60.38,180664,80664,43873,8252,761957
n012w8-0,n012w8,0,5,500000,100.0,adaptive,2026-07-02T23:09:42+01:00,42,40,4,101,21,0,614,500000,100.000000,0.000100,11.257657,79047,4,0,0,180,165,990,16.5000,0.0000,1.71,60.76,179047,79047,34756,8556,774164
n012w8-0,n012w8,0,5,500000,100.0,adaptive,2026-07-02T23:09:42+01:00,43,41,4,101,21,0,608,500000,100.000000,0.000100,8.241229,90335,4,0,0,170,170,975,16.1000,0.0000,1.69,59.68,190335,90335,33828,8445,740022
n012w8-0,n012w8,0,5,500000,100.0,adaptive,2026-07-02T23:09:42+01:00,44,42,4,101,22,0,614,500000,100.000000,0.000100,4.596804,111463,3,0,0,215,215,970,15.1000,0.0000,1.68,60.19,211463,111463,32592,8404,755875
n012w8-0,n012w8,0,5,500000,100.0,adaptive,2026-07-02T23:09:42+01:00,46,44,4,101,23,0,607,500000,100.000000,0.000100,25.488014,49473,4,0,0,240,210,900,13.8000,0.0000,1.66,60.09,150172,49473,43073,8306,752684
n012w8-0,n012w8,0,5,500000,100.0,adaptive,2026-07-02T23:09:42+01:00,45,43,4,101,22,0,628,500000,100.000000,0.000100,6.511844,98859,4,0,0,160,160,915,15.1000,0.0000,1.71,61.89,198859,98859,32251,8552,811849
n012w8-0,n012w8,0,5,500000,100.0,adaptive,2026-07-02T23:09:42+01:00,47,45,4,101,23,0,611,500000,100.000000,0.000100,8.699614,88376,4,0,0,145,145,885,14.8000,0.0000,1.71,60.46,188376,88376,44013,8570,764586
n012w8-0,n012w8,0,5,500000,100.0,adaptive,2026-07-02T23:09:42+01:00,48,46,4,101,24,0,611,500000,100.000000,0.000100,15.830404,66710,4,0,0,195,165,855,13.8000,0.0000,1.69,60.75,166710,66710,43853,8455,773926
n012w8-0,n012w8,0,5,500000,100.0,adaptive,2026-07-02T23:09:42+01:00,49,47,4,101,24,0,604,500000,100.000000,0.000100,10.559516,81364,4,0,0,235,235,850,12.3000,0.0000,1.68,59.73,181364,81364,51772,8423,741622
n012w8-0,n012w8,0,5,500000,100.0,adaptive,2026-07-02T23:09:42+01:00,50,48,4,101,25,0,602,500000,100.000000,0.000100,8.036149,91247,4,0,0,150,150,805,13.1000,0.0000,1.69,60.43,191247,91247,43114,8435,763426
n012w8-0,n012w8,0,5,500000,100.0,adaptive,2026-07-02T23:09:42+01:00,51,49,4,101,25,0,611,500000,100.000000,0.000100,13.372728,72816,4,0,0,190,185,790,12.1000,0.0000,1.68,60.02,172816,72816,34745,8390,750760
n012w8-0,n012w8,0,5,500000,100.0,adaptive,2026-07-02T23:09:42+01:00,52,50,4,101,26,0,613,500000,100.000000,0.000100,3.823314,118131,3,0,0,175,175,740,11.3000,0.0000,1.67,59.00,218131,118131,34420,8337,719557
n012w8-0,n012w8,0,5,500000,100.0,adaptive,2026-07-02T23:09:42+01:00,53,51,4,101,26,0,608,500000,100.000000,0.000100,10.779435,80618,4,0,0,180,135,705,11.4000,0.0000,1.70,61.07,180618,80618,33597,8520,784230
n012w8-0,n012w8,0,5,500000,100.0,adaptive,2026-07-02T23:09:42+01:00,54,52,4,101,27,0,619,500000,100.000000,0.000100,13.268566,73099,4,0,0,190,190,695,10.1000,0.0000,1.69,61.86,173099,73099,44099,8463,810854
n012w8-0,n012w8,0,5,500000,100.0,adaptive,2026-07-02T23:09:42+01:00,56,54,4,101,28,0,604,500000,100.000000,0.000100,7.272036,94863,4,0,0,180,165,640,9.5000,0.0000,1.69,61.03,194863,94863,50446,8459,783060
n012w8-0,n012w8,0,5,500000,100.0,adaptive,2026-07-02T23:09:42+01:00,55,53,4,101,27,0,699,500000,100.000000,58.747312,10.740488,80749,4,1,1,1380,105,655,11.0000,0.0200,12.97,62.70,180749,80749,127477,64868,840383
n012w8-0,n012w8,0,5,500000,100.0,adaptive,2026-07-02T23:09:42+01:00,57,55,4,101,28,0,615,500000,100.000000,0.000100,13.864493,71509,4,0,0,180,180,630,9.0000,0.0000,1.69,61.81,171509,71509,36645,8465,809227
n012w8-0,n012w8,0,5,500000,100.0,adaptive,2026-07-02T23:09:42+01:00,58,56,4,101,29,0,606,500000,100.000000,0.000100,10.551932,81390,4,0,0,160,150,585,8.7000,0.0000,1.69,60.99,181390,81390,44882,8450,781848
n012w8-0,n012w8,0,5,500000,100.0,adaptive,2026-07-02T23:09:42+01:00,59,57,4,101,29,0,605,500000,100.000000,0.000100,10.295893,82279,4,0,0,145,145,450,6.1000,0.0000,1.71,61.93,182279,82279,30746,8539,813376
n012w8-0,n012w8,0,5,500000,100.0,adaptive,2026-07-02T23:09:42+01:00,60,58,4,101,30,0,614,500000,100.000000,0.000100,4.147783,115183,3,0,0,175,175,405,4.6000,0.0000,1.67,60.06,215183,115183,39046,8352,751940
n012w8-0,n012w8,0,5,500000,100.0,adaptive,2026-07-02T23:09:42+01:00,61,59,4,101,30,0,600,500000,100.000000,0.000100,8.721516,88285,4,0,0,210,180,330,3.0000,0.0000,1.69,62.15,188285,88285,34013,8428,821110
n012w8-0,n012w8,0,5,500000,100.0,adaptive,2026-07-02T23:09:42+01:00,62,60,4,101,31,0,598,500000,100.000000,0.000100,6.161579,100860,3,0,0,135,135,310,3.5000,0.0000,1.71,58.55,200860,100860,44795,8526,706137
n012w8-0,n012w8,0,5,500000,100.0,adaptive,2026-07-02T23:09:42+01:00,63,61,4,101,31,0,604,500000,100.000000,0.000100,8.801648,87954,4,0,0,175,150,280,2.6000,0.0000,1.69,60.21,187954,87954,34567,8440,756627
n012w8-0,n012w8,0,5,500000,100.0,adaptive,2026-07-02T23:09:42+01:00,64,62,4,101,32,0,600,500000,100.000000,0.000100,5.890552,102488,3,0,0,150,150,265,2.3000,0.0000,1.67,61.16,202488,102488,36686,8361,787415
n012w8-0,n012w8,0,5,500000,100.0,adaptive,2026-07-02T23:09:42+01:00,66,64,4,101,33,0,598,500000,100.000000,0.000100,9.822092,83984,4,0,0,135,135,220,1.7000,0.0000,1.70,59.66,183984,83984,32735,8484,739550
n012w8-0,n012w8,0,5,500000,100.0,adaptive,2026-07-02T23:09:42+01:00,65,63,4,101,32,0,631,500000,100.000000,0.000100,6.284171,100147,3,0,0,150,135,235,2.0000,0.0000,1.69,61.02,200147,100147,36536,8471,782566
n012w8-0,n012w8,0,5,500000,100.0,adaptive,2026-07-02T23:09:42+01:00,67,65,4,101,33,0,620,500000,100.000000,0.000100,9.456970,85355,4,0,0,210,195,215,0.4000,0.0000,1.72,62.14,185355,85355,32603,8610,820486
n012w8-0,n012w8,0,5,500000,100.0,adaptive,2026-07-02T23:09:42+01:00,69,67,4,101,34,0,608,500000,100.000000,0.000100,7.436216,94055,4,0,0,150,150,200,1.0000,0.0000,1.68,58.31,194055,94055,40297,8423,699398
n012w8-0,n012w8,0,5,500000,100.0,adaptive,2026-07-02T23:09:42+01:00,68,66,4,101,34,0,624,500000,100.000000,0.000100,6.428357,99326,4,0,0,175,175,205,0.6000,0.0000,1.69,61.94,199326,99326,45370,8451,813766
n012w8-0,n012w8,0,5,500000,100.0,adaptive,2026-07-02T23:09:42+01:00,70,68,4,101,35,0,630,500000,100.000000,0.000100,0.000000,0,4,0,0,190,185,185,0.0000,0.0000,1.67,60.76,150172,0,40974,8340,774064
n012w8-0,n012w8,0,5,500000,100.0,adaptive,2026-07-02T23:09:42+01:00,71,69,4,101,35,0,642,500000,100.000000,0.000100,0.000000,0,4,0,0,195,180,180,0.0000,0.0000,1.68,61.24,150172,0,44994,8421,789905
n012w8-0,n012w8,0,5,500000,100.0,adaptive,2026-07-02T23:09:42+01:00,72,70,4,101,36,0,620,500000,100.000000,0.000100,0.000000,0,4,0,0,180,175,175,0.0000,0.0000,1.68,59.83,150172,0,51183,8409,744655
n012w8-0,n012w8,0,5,500000,100.0,adaptive,2026-07-02T23:09:42+01:00,73,71,4,101,36,0,600,500000,100.000000,0.000100,7.032925,96073,4,0,0,165,150,160,0.2000,0.0000,1.68,60.75,196073,96073,36126,8385,774012
n012w8-0,n012w8,0,5,500000,100.0,adaptive,2026-07-02T23:09:42+01:00,75,73,4,101,37,0,602,500000,100.000000,0.000100,12.767210,74493,4,0,0,130,130,145,0.3000,0.0000,1.67,57.78,174493,74493,40038,8353,684373
n012w8-0,n012w8,0,5,500000,100.0,adaptive,2026-07-02T23:09:42+01:00,74,72,4,101,37,0,608,500000,100.000000,0.000100,0.000000,0,4,0,0,165,150,150,0.0000,0.0000,1.68,60.38,150172,0,37649,8397,762084
n012w8-0,n012w8,0,5,500000,100.0,adaptive,2026-07-02T23:09:42+01:00,76,74,4,101,38,0,605,500000,100.000000,0.000100,5.868296,102625,3,0,0,135,135,140,0.1000,0.0000,1.68,59.69,202625,102625,39304,8420,740315
n012w8-0,n012w8,0,5,500000,100.0,adaptive,2026-07-02T23:09:42+01:00,77,75,4,101,38,0,601,500000,100.000000,0.000100,8.814303,87902,4,0,0,120,120,135,0.3000,0.0000,1.70,61.00,187902,87902,34919,8481,781915
n012w8-0,n012w8,0,5,500000,100.0,adaptive,2026-07-02T23:09:42+01:00,78,76,4,101,39,0,609,500000,100.000000,0.000100,0.000000,0,4,0,0,165,130,130,0.0000,0.0000,1.73,62.03,150172,0,27920,8645,816801
n012w8-0,n012w8,0,5,500000,100.0,adaptive,2026-07-02T23:09:42+01:00,79,77,4,101,39,0,600,500000,100.000000,0.000100,0.000000,0,4,0,0,180,120,120,0.0000,0.0000,1.71,60.36,150172,0,38979,8527,761443
n012w8-0,n012w8,0,5,500000,100.0,adaptive,2026-07-02T23:09:42+01:00,80,78,4,101,40,0,610,500000,100.000000,0.000100,0.000000,0,4,0,1,225,105,105,0.0000,0.0000,1.65,60.52,150172,0,33225,8264,766349
n012w8-0,n012w8,0,5,500000,100.0,adaptive,2026-07-02T23:09:42+01:00,4,2,5,202,2,0,827,500000,100.000000,85.751949,7.358139,94437,4,5,0,1775,350,3930,71.6000,0.1000,12.82,61.81,194437,94437,120889,64123,809319
n012w8-0,n012w8,0,5,500000,100.0,adaptive,2026-07-02T23:09:42+01:00,3,1,5,202,1,0,830,500000,100.000000,25.791939,6.145086,100957,3,11,1,955,320,4230,78.2000,0.2200,12.62,61.90,200957,100957,116785,63085,812340
n012w8-0,n012w8,0,5,500000,100.0,adaptive,2026-07-02T23:09:42+01:00,2,0,5,202,1,0,834,500000,100.000000,54.711170,11.532833,78173,4,4,0,1260,380,4410,80.6000,0.0800,13.52,62.00,178173,78173,124199,67578,815668
n012w8-0,n012w8,0,5,500000,100.0,adaptive,2026-07-02T23:09:42+01:00,7,5,5,202,3,0,837,500000,100.000000,69.496031,9.079292,86830,4,3,0,1435,385,3285,58.0000,0.0600,13.16,61.95,186830,86830,122323,65809,814162
n012w8-0,n012w8,0,5,500000,100.0,adaptive,2026-07-02T23:09:42+01:00,6,4,5,202,3,0,846,500000,100.000000,64.345177,9.806093,84043,4,6,0,1350,360,3420,61.2000,0.1200,13.36,62.00,184043,84043,122346,66817,815928
n012w8-0,n012w8,0,5,500000,100.0,adaptive,2026-07-02T23:09:42+01:00,8,6,5,202,4,0,849,500000,100.000000,82.749237,7.625143,93147,4,9,0,1725,350,3240,57.8000,0.1800,12.93,61.78,193147,93147,118841,64641,808218
n012w8-0,n012w8,0,5,500000,100.0,adaptive,2026-07-02T23:09:42+01:00,5,3,5,202,2,0,862,500000,100.000000,55.285597,11.413005,78551,4,12,0,1465,395,3750,67.1000,0.2400,13.47,61.99,178551,78551,124024,67334,815559
n012w8-0,n012w8,0,5,500000,100.0,adaptive,2026-07-02T23:09:42+01:00,0,-1,5,202,0,0,867,500000,100.000000,68.483824,9.213486,86299,4,17,0,1530,380,4455,81.5000,0.3400,13.29,61.94,186299,86299,121389,66461,813572
n012w8-0,n012w8,0,5,500000,100.0,adaptive,2026-07-02T23:09:42+01:00,11,9,5,202,5,0,734,500000,100.000000,0.000100,7.871110,91998,4,0,0,380,380,2970,51.8000,0.0000,1.81,58.06,191998,91998,39360,9043,692283
n012w8-0,n012w8,0,5,500000,100.0,adaptive,2026-07-02T23:09:42+01:00,10,8,5,202,5,0,743,500000,100.000000,0.000100,9.234896,86215,4,0,0,355,355,3050,53.9000,0.0000,1.79,59.93,186215,86215,31496,8942,747941
n012w8-0,n012w8,0,5,500000,100.0,adaptive,2026-07-02T23:09:42+01:00,13,11,5,202,6,0,731,500000,100.000000,0.000100,7.440327,94035,4,0,0,360,360,2505,42.9000,0.0000,1.81,60.27,194035,94035,34758,9058,758632
n012w8-0,n012w8,0,5,500000,100.0,adaptive,2026-07-02T23:09:42+01:00,12,10,5,202,6,0,741,500000,100.000000,0.000100,6.435999,99283,4,0,0,355,355,2715,47.2000,0.0000,1.79,59.92,199283,99283,36489,8939,747609
n012w8-0,n012w8,0,5,500000,100.0,adaptive,2026-07-02T23:09:42+01:00,14,12,5,202,7,0,730,500000,100.000000,0.000100,12.953765,73968,4,0,0,370,355,2365,40.2000,0.0000,1.79,59.99,173968,73968,36808,8931,749565
n012w8-0,n012w8,0,5,500000,100.0,adaptive,2026-07-02T23:09:42+01:00,9,7,5,202,4,0,762,500000,100.000000,0.000100,15.391325,67728,4,0,0,415,395,3065,53.4000,0.0000,1.80,59.55,167728,67728,51456,8978,736058
n012w8-0,n012w8,0,5,500000,100.0,adaptive,2026-07-02T23:09:42+01:00,16,14,5,202,8,0,732,500000,100.000000,0.000100,11.024629,79804,4,0,0,365,350,2070,34.4000,0.0000,1.82,59.77,179804,79804,35066,9124,742770
n012w8-0,n012w8,0,5,500000,100.0,adaptive,2026-07-02T23:09:42+01:00,15,13,5,202,7,0,743,500000,100.000000,0.000100,12.170600,76225,4,0,0,350,350,2105,35.1000,0.0000,1.82,59.87,176225,76225,36172,9102,745902
n012w8-0,n012w8,0,5,500000,100.0,adaptive,2026-07-02T23:09:42+01:00,21,19,5,202,10,0,686,500000,100.000000,0.000100,8.764517,88107,4,0,0,350,350,1705,27.1000,0.0000,1.80,59.26,188107,88107,29220,9000,727255
n012w8-0,n012w8,0,5,500000,100.0,adaptive,2026-07-02T23:09:42+01:00,17,15,5,202,8,0,706,500000,100.000000,0.000100,9.106175,86723,4,0,0,370,340,2055,34.3000,0.0000,1.80,60.23,186723,86723,32230,8982,757355
n012w8-0,n012w8,0,5,500000,100.0,adaptive,2026-07-02T23:09:42+01:00,18,16,5,202,9,0,714,500000,100.000000,0.000100,7.586265,93332,4,0,0,340,325,1860,30.7000,0.0000,1.81,60.12,193332,93332,38166,9037,753804
n012w8-0,n012w8,0,5,500000,100.0,adaptive,2026-07-02T23:09:42+01:00,20,18,5,202,10,0,712,500000,100.000000,0.000100,6.933364,96589,4,0,0,360,360,1800,28.8000,0.0000,1.83,59.76,196589,96589,34951,9157,742469
n012w8-0,n012w8,0,5,500000,100.0,adaptive,2026-07-02T23:09:42+01:00,19,17,5,202,9,0,719,500000,100.000000,0.000100,6.936622,96572,4,0,0,360,360,1830,29.4000,0.0000,1.84,59.66,196572,96572,32268,9211,739424
n012w8-0,n012w8,0,5,500000,100.0,adaptive,2026-07-02T23:09:42+01:00,22,20,5,202,11,0,712,500000,100.000000,0.000100,7.222374,95111,4,0,0,340,325,1670,26.9000,0.0000,1.81,60.29,195111,95111,31848,9030,759148
n012w8-0,n012w8,0,5,500000,100.0,adaptive,2026-07-02T23:09:42+01:00,23,21,5,202,11,0,711,500000,100.000000,0.000100,3.891957,117487,3,0,0,325,325,1610,25.7000,0.0000,1.83,59.42,217487,117487,29140,9169,732014
n012w8-0,n012w8,0,5,500000,100.0,adaptive,2026-07-02T23:09:42+01:00,24,22,5,202,12,0,722,500000,100.000000,0.000100,10.190606,82651,4,0,0,390,365,1490,22.5000,0.0000,1.79,59.61,182651,82651,31764,8957,738033
n012w8-0,n012w8,0,5,500000,100.0,adaptive,2026-07-02T23:09:42+01:00,25,23,5,202,12,0,711,500000,100.000000,0.000100,6.789097,97350,4,0,1,330,320,1430,22.2000,0.0000,1.82,59.93,197350,97350,37047,9098,747797
n012w8-0,n012w8,0,5,500000,100.0,adaptive,2026-07-02T23:09:42+01:00,26,24,5,202,13,0,706,500000,100.000000,0.000100,5.196800,107023,3,0,0,365,365,1375,20.2000,0.0000,1.82,60.73,207023,107023,36837,9118,773151
n012w8-0,n012w8,0,5,500000,100.0,adaptive,2026-07-02T23:09:42+01:00,28,26,5,202,14,0,701,500000,100.000000,0.000100,9.777954,84147,4,0,0,370,365,1240,17.5000,0.0000,1.79,59.62,184147,84147,37046,8971,738383
n012w8-0,n012w8,0,5,500000,100.0,adaptive,2026-07-02T23:09:42+01:00,30,28,5,202,15,0,689,500000,100.000000,0.000100,10.260960,82402,4,0,0,370,370,1225,17.1000,0.0000,1.81,59.93,182402,82402,38016,9030,747736
n012w8-0,n012w8,0,5,500000,100.0,adaptive,2026-07-02T23:09:42+01:00,27,25,5,202,13,0,713,500000,100.000000,0.000100,5.117290,107581,3,0,0,355,355,1315,19.2000,0.0000,1.77,59.29,207581,107581,38309,8870,728299
n012w8-0,n012w8,0,5,500000,100.0,adaptive,2026-07-02T23:09:42+01:00,29,27,5,202,14,0,717,500000,100.000000,0.000100,6.393107,99525,4,0,0,350,350,1230,17.6000,0.0000,1.79,60.81,199525,99525,34906,8934,775826
n012w8-0,n012w8,0,5,500000,100.0,adaptive,2026-07-02T23:09:42+01:00,32,30,5,202,16,0,704,500000,100.000000,0.000100,8.473055,89331,4,0,0,430,400,1150,15.0000,0.0000,1.78,60.87,189331,89331,37851,8922,777670
n012w8-0,n012w8,0,5,500000,100.0,adaptive,2026-07-02T23:09:42+01:00,31,29,5,202,15,0,734,500000,100.000000,0.000100,10.355236,82071,4,0,0,435,400,1185,15.7000,0.0000,1.80,60.16,182071,82071,34130,8975,754958
n012w8-0,n012w8,0,5,500000,100.0,adaptive,2026-07-02T23:09:42+01:00,36,34,5,202,18,0,690,500000,100.000000,0.000100,4.541256,111903,3,0,0,385,385,1075,13.8000,0.0000,1.79,59.21,211903,111903,28788,8928,725812
n012w8-0,n012w8,0,5,500000,100.0,adaptive,2026-07-02T23:09:42+01:00,33,31,5,202,16,0,712,500000,100.000000,0.000100,8.631852,88659,4,0,0,395,370,1130,15.2000,0.0000,1.84,60.26,188659,88659,35738,9199,758062
n012w8-0,n012w8,0,5,500000,100.0,adaptive,2026-07-02T23:09:42+01:00,34,32,5,202,17,0,712,500000,100.000000,0.000100,7.176423,95342,4,0,0,370,370,1120,15.0000,0.0000,1.76,58.76,195342,95342,43661,8822,712326
n012w8-0,n012w8,0,5,500000,100.0,adaptive,2026-07-02T23:09:42+01:00,35,33,5,202,17,0,711,500000,100.000000,0.000100,8.891602,87586,4,0,0,385,370,1090,14.4000,0.0000,1.81,59.87,187586,87586,45337,9047,746063
n012w8-0,n012w8,0,5,500000,100.0,adaptive,2026-07-02T23:09:42+01:00,39,37,5,202,19,0,697,500000,100.000000,0.000100,7.493350,93778,4,0,0,405,405,960,11.1000,0.0000,1.82,59.92,193778,93778,35996,9091,747394
n012w8-0,n012w8,0,5,500000,100.0,adaptive,2026-07-02T23:09:42+01:00,38,36,5,202,19,0,714,500000,100.000000,0.000100,4.736570,110379,3,0,0,335,335,1005,13.4000,0.0000,1.80,59.96,210379,110379,39204,9023,748907
n012w8-0,n012w8,0,5,500000,100.0,adaptive,2026-07-02T23:09:42+01:00,37,35,5,202,18,0,730,500000,100.000000,0.000100,8.408916,89606,4,0,0,365,365,1020,13.1000,0.0000,1.79,61.01,189606,89606,41733,8956,782517
n012w8-0,n012w8,0,5,500000,100.0,adaptive,2026-07-02T23:09:42+01:00,40,38,5,202,20,0,693,500000,100.000000,0.000100,10.048286,83160,4,0,0,355,355,905,11.0000,0.0000,1.75,59.90,183160,83160,37521,8743,746814
n012w8-0,n012w8,0,5,500000,100.0,adaptive,2026-07-02T23:09:42+01:00,41,39,5,202,20,0,703,500000,100.000000,0.000100,8.935935,87406,4,0,0,420,395,885,9.8000,0.0000,1.81,60.95,187406,87406,37768,9075,780253
n012w8-0,n012w8,0,5,500000,100.0,adaptive,2026-07-02T23:09:42+01:00,43,41,5,202,21,0,693,500000,100.000000,0.000100,11.079292,79625,4,0,0,370,360,840,9.6000,0.0000,1.81,59.35,179625,79625,33613,9045,729900
n012w8-0,n012w8,0,5,500000,100.0,adaptive,2026-07-02T23:09:42+01:00,42,40,5,202,21,0,720,500000,100.000000,0.000100,15.335290,67860,4,0,0,370,365,850,9.7000,0.0000,1.76,60.52,167860,67860,40641,8814,766306
n012w8-0,n012w8,0,5,500000,100.0,adaptive,2026-07-02T23:09:42+01:00,44,42,5,202,22,0,707,500000,100.000000,0.000100,10.307848,82237,4,0,0,360,360,825,9.3000,0.0000,1.78,59.25,182237,82237,41420,8924,726844
n012w8-0,n012w8,0,5,500000,100.0,adaptive,2026-07-02T23:09:42+01:00,48,46,5,202,24,0,687,500000,100.000000,0.000100,6.777289,97413,4,0,0,370,360,755,7.9000,0.0000,1.79,59.90,197413,97413,36244,8967,746948
n012w8-0,n012w8,0,5,500000,100.0,adaptive,2026-07-02T23:09:42+01:00,47,45,5,202,23,0,700,500000,100.000000,0.000100,7.918666,91780,4,0,0,360,360,775,8.3000,0.0000,1.82,61.23,191780,91780,30770,9098,789768
n012w8-0,n012w8,0,5,500000,100.0,adaptive,2026-07-02T23:09:42+01:00,46,44,5,202,23,0,712,500000,100.000000,0.000100,5.905382,102397,3,0,0,370,370,780,8.2000,0.0000,1.79,60.47,202397,102397,41691,8950,764977
n012w8-0,n012w8,0,5,500000,100.0,adaptive,2026-07-02T23:09:42+01:00,45,43,5,202,22,0,723,500000,100.000000,0.000100,12.718269,74632,4,0,0,435,385,810,8.5000,0.0000,1.81,61.11,174632,74632,41286,9052,785622
n012w8-0,n012w8,0,5,500000,100.0,adaptive,2026-07-02T23:09:42+01:00,49,47,5,202,24,0,710,500000,100.000000,0.000100,11.267615,79015,4,0,0,440,400,680,5.6000,0.0000,1.83,61.19,179015,79015,29546,9155,788428
n012w8-0,n012w8,0,5,500000,100.0,adaptive,2026-07-02T23:09:42+01:00,50,48,5,202,25,0,726,500000,100.000000,0.000100,4.825741,109704,3,0,0,410,395,635,4.8000,0.0000,1.82,60.85,209704,109704,40736,9120,777088
n012w8-0,n012w8,0,5,500000,100.0,adaptive,2026-07-02T23:09:42+01:00,52,50,5,202,26,0,713,500000,100.000000,0.000100,7.033508,96070,4,0,0,375,365,530,3.3000,0.0000,1.75,60.70,196070,96070,34868,8765,772138
n012w8-0,n012w8,0,5,500000,100.0,adaptive,2026-07-02T23:09:42+01:00,53,51,5,202,26,0,705,500000,100.000000,0.000100,3.866874,117721,3,0,0,385,385,510,2.5000,0.0000,1.79,59.00,217721,117721,34823,8929,719658
n012w8-0,n012w8,0,5,500000,100.0,adaptive,2026-07-02T23:09:42+01:00,51,49,5,202,25,0,724,500000,100.000000,0.000100,6.405485,99455,4,0,0,400,400,605,4.1000,0.0000,1.82,60.35,199455,99455,34336,9115,760910
n012w8-0,n012w8,0,5,500000,100.0,adaptive,2026-07-02T23:09:42+01:00,55,53,5,202,27,0,700,500000,100.000000,0.000100,8.828929,87842,4,0,0,355,355,465,2.2000,0.0000,1.77,59.49,187842,87842,37096,8847,734131
n012w8-0,n012w8,0,5,500000,100.0,adaptive,2026-07-02T23:09:42+01:00,54,52,5,202,27,0,714,500000,100.000000,0.000100,9.171830,86463,4,0,0,395,375,495,2.4000,0.0000,1.81,60.01,186463,86463,34109,9051,750330
n012w8-0,n012w8,0,5,500000,100.0,adaptive,2026-07-02T23:09:42+01:00,56,54,5,202,28,0,695,500000,100.000000,0.000100,6.247295,100360,3,0,0,335,335,455,2.4000,0.0000,1.79,60.52,200360,100360,32671,8942,766310
n012w8-0,n012w8,0,5,500000,100.0,adaptive,2026-07-02T23:09:42+01:00,57,55,5,202,28,0,676,500000,100.000000,0.000100,9.854713,83864,4,0,0,410,395,425,0.6000,0.0000,1.77,59.93,183864,83864,37855,8869,747793
n012w8-0,n012w8,0,5,500000,100.0,adaptive,2026-07-02T23:09:42+01:00,58,56,5,202,29,0,688,500000,100.000000,0.000100,10.529797,81466,4,0,0,395,375,410,0.7000,0.0000,1.82,58.94,181466,81466,37985,9123,717686
n012w8-0,n012w8,0,5,500000,100.0,adaptive,2026-07-02T23:09:42+01:00,59,57,5,202,29,0,687,500000,100.000000,0.000100,99.988948,5,4,0,0,370,360,390,0.6000,0.0000,1.79,60.74,150172,5,26401,8972,773660
n012w8-0,n012w8,0,5,500000,100.0,adaptive,2026-07-02T23:09:42+01:00,61,59,5,202,30,0,686,500000,100.000000,0.000100,7.980388,91499,4,0,0,325,325,370,0.9000,0.0000,1.82,59.65,191499,91499,36083,9076,739066
n012w8-0,n012w8,0,5,500000,100.0,adaptive,2026-07-02T23:09:42+01:00,60,58,5,202,30,0,687,500000,100.000000,0.000100,0.000000,0,4,0,0,400,385,385,0.0000,0.0000,1.79,60.13,150172,0,37314,8970,754226
n012w8-0,n012w8,0,5,500000,100.0,adaptive,2026-07-02T23:09:42+01:00,64,62,5,202,32,0,675,500000,100.000000,0.000100,8.748548,88173,4,0,0,335,335,355,0.4000,0.0000,1.80,60.68,188173,88173,28420,8989,771477
n012w8-0,n012w8,0,5,500000,100.0,adaptive,2026-07-02T23:09:42+01:00,63,61,5,202,31,0,681,500000,100.000000,0.000100,16.877029,64393,4,0,0,350,340,360,0.4000,0.0000,1.79,60.17,164393,64393,38056,8936,755288
n012w8-0,n012w8,0,5,500000,100.0,adaptive,2026-07-02T23:09:42+01:00,62,60,5,202,31,0,691,500000,100.000000,0.000100,2.558562,132668,3,0,0,355,355,365,0.2000,0.0000,1.77,59.69,232668,132668,35943,8832,740488
n012w8-0,n012w8,0,5,500000,100.0,adaptive,2026-07-02T23:09:42+01:00,65,63,5,202,32,0,675,500000,100.000000,0.000100,0.000000,0,4,0,0,395,350,350,0.0000,0.0000,1.83,59.56,150172,0,35809,9168,736352
n012w8-0,n012w8,0,5,500000,100.0,adaptive,2026-07-02T23:09:42+01:00,66,64,5,202,33,0,676,500000,100.000000,0.000100,0.000000,0,4,0,0,355,345,345,0.0000,0.0000,1.81,61.22,150172,0,34459,9057,789316
n012w8-0,n012w8,0,5,500000,100.0,adaptive,2026-07-02T23:09:42+01:00,67,65,5,202,33,0,671,500000,100.000000,0.000100,0.000000,0,4,0,0,405,330,330,0.0000,0.0000,1.82,60.13,150172,0,33933,9123,753977
n012w8-0,n012w8,0,5,500000,100.0,adaptive,2026-07-02T23:09:42+01:00,68,66,5,202,34,0,670,500000,100.000000,0.000100,0.000000,0,4,0,1,385,320,320,0.0000,0.0000,1.80,59.37,150172,0,42149,8989,730520
n012w8-0,n012w8,0,5,500000,100.0,adaptive,2026-07-02T23:09:42+01:00,5,3,6,202,2,0,653,500000,100.000000,0.000100,9.592239,84841,4,0,0,275,265,2830,51.3000,0.0000,1.80,61.88,184841,84841,37755,9022,811587
n012w8-0,n012w8,0,5,500000,100.0,adaptive,2026-07-02T23:09:42+01:00,0,-1,6,202,0,0,730,500000,100.000000,63.063780,10.005343,83315,4,26,0,1300,265,3400,62.7000,0.5200,13.52,63.20,183315,83315,129007,67608,858847
n012w8-0,n012w8,0,5,500000,100.0,adaptive,2026-07-02T23:09:42+01:00,7,5,6,202,3,0,729,500000,100.000000,88.905371,7.097150,95744,4,1,0,1460,230,2710,49.6000,0.0200,12.94,63.24,195744,95744,125965,64714,860014
n012w8-0,n012w8,0,5,500000,100.0,adaptive,2026-07-02T23:09:42+01:00,3,1,6,202,1,0,738,500000,100.000000,91.573118,6.890393,96814,4,4,0,1280,280,3010,54.6000,0.0800,12.96,63.17,196814,96814,126050,64790,857676
n012w8-0,n012w8,0,5,500000,100.0,adaptive,2026-07-02T23:09:42+01:00,6,4,6,202,3,0,738,500000,100.000000,95.635691,6.597691,98385,4,7,0,1645,245,2770,50.5000,0.1400,12.79,63.33,198385,98385,125198,63943,863579
n012w8-0,n012w8,0,5,500000,100.0,adaptive,2026-07-02T23:09:42+01:00,2,0,6,202,1,0,745,500000,100.000000,48.839139,12.919449,74064,4,13,0,1190,260,3190,58.6000,0.2600,13.82,63.36,174064,74064,132223,69121,864487
n012w8-0,n012w8,0,5,500000,100.0,adaptive,2026-07-02T23:09:42+01:00,8,6,6,202,4,0,749,500000,100.000000,81.352705,7.756039,92531,4,2,0,1010,260,2695,48.7000,0.0400,13.16,63.32,192531,92531,127128,65805,863321
n012w8-0,n012w8,0,5,500000,100.0,adaptive,2026-07-02T23:09:42+01:00,4,2,6,202,2,0,758,500000,100.000000,58.757052,10.738707,80755,4,5,0,1165,230,2860,52.6000,0.1000,13.52,63.26,180755,80755,129977,67577,860738
n012w8-0,n012w8,0,5,500000,100.0,adaptive,2026-07-02T23:09:42+01:00,10,8,6,202,5,0,652,500000,100.000000,0.000100,13.491865,72495,4,0,0,290,265,2440,43.5000,0.0000,1.80,62.78,172495,72495,29688,8995,843243
n012w8-0,n012w8,0,5,500000,100.0,adaptive,2026-07-02T23:09:42+01:00,12,10,6,202,6,0,648,500000,100.000000,0.000100,7.148123,95485,4,0,0,260,260,2305,40.9000,0.0000,1.82,61.33,195485,95485,32965,9120,793074
n012w8-0,n012w8,0,5,500000,100.0,adaptive,2026-07-02T23:09:42+01:00,11,9,6,202,5,0,653,500000,100.000000,0.000100,6.583305,98464,4,0,0,260,260,2365,42.1000,0.0000,1.85,61.01,198464,98464,39652,9237,782240
n012w8-0,n012w8,0,5,500000,100.0,adaptive,2026-07-02T23:09:42+01:00,9,7,6,202,4,0,739,500000,100.000000,53.421982,11.811145,77310,4,1,1,1060,215,2455,44.8000,0.0200,13.64,63.20,177310,77310,131116,68179,858521
n012w8-0,n012w8,0,5,500000,100.0,adaptive,2026-07-02T23:09:42+01:00,13,11,6,202,6,0,658,500000,100.000000,0.000100,12.595865,74982,4,0,0,275,260,2100,36.8000,0.0000,1.81,62.05,174982,74982,38320,9048,817591
n012w8-0,n012w8,0,5,500000,100.0,adaptive,2026-07-02T23:09:42+01:00,16,14,6,202,8,0,644,500000,100.000000,0.000100,6.761951,97495,4,0,0,275,265,1800,30.7000,0.0000,1.85,60.23,197495,97495,39199,9275,757251
n012w8-0,n012w8,0,5,500000,100.0,adaptive,2026-07-02T23:09:42+01:00,14,12,6,202,7,0,658,500000,100.000000,0.000100,7.937285,91695,4,0,0,260,260,1905,32.9000,0.0000,1.85,60.32,191695,91695,26880,9228,760180
n012w8-0,n012w8,0,5,500000,100.0,adaptive,2026-07-02T23:09:42+01:00,15,13,6,202,7,0,682,500000,100.000000,0.000100,10.095876,82989,4,0,0,245,245,1890,32.9000,0.0000,1.82,62.34,182989,82989,35749,9124,827760
n012w8-0,n012w8,0,5,500000,100.0,adaptive,2026-07-02T23:09:42+01:00,17,15,6,202,8,0,644,500000,100.000000,0.000100,7.163347,95408,4,0,0,265,265,1755,29.8000,0.0000,1.83,62.22,195408,95408,34845,9127,823376
n012w8-0,n012w8,0,5,500000,100.0,adaptive,2026-07-02T23:09:42+01:00,19,17,6,202,9,0,659,500000,100.000000,0.000100,11.629472,77871,4,0,0,335,275,1700,28.5000,0.0000,1.80,63.28,177871,77871,42377,9020,861684
n012w8-0,n012w8,0,5,500000,100.0,adaptive,2026-07-02T23:09:42+01:00,18,16,6,202,9,0,668,500000,100.000000,0.000100,10.218802,82551,4,0,0,295,295,1715,28.4000,0.0000,1.83,61.22,182551,82551,45334,9137,789343
n012w8-0,n012w8,0,5,500000,100.0,adaptive,2026-07-02T23:09:42+01:00,20,18,6,202,10,0,662,500000,100.000000,0.000100,7.989434,91458,4,0,0,295,280,1685,28.1000,0.0000,1.81,61.63,191458,91458,37866,9068,802970
n012w8-0,n012w8,0,5,500000,100.0,adaptive,2026-07-02T23:09:42+01:00,21,19,6,202,10,0,661,500000,100.000000,0.000100,8.372748,89762,4,0,0,320,290,1595,26.1000,0.0000,1.84,61.47,189762,89762,40041,9183,797841
n012w8-0,n012w8,0,5,500000,100.0,adaptive,2026-07-02T23:09:42+01:00,22,20,6,202,11,0,655,500000,100.000000,0.000100,15.254993,68050,4,0,0,245,245,1590,26.9000,0.0000,1.77,62.46,168050,68050,37007,8841,831906
n012w8-0,n012w8,0,5,500000,100.0,adaptive,2026-07-02T23:09:42+01:00,23,21,6,202,11,0,660,500000,100.000000,0.000100,11.022497,79811,4,0,0,260,260,1385,22.5000,0.0000,1.84,60.98,179811,79811,47319,9201,781237
n012w8-0,n012w8,0,5,500000,100.0,adaptive,2026-07-02T23:09:42+01:00,24,22,6,202,12,0,647,500000,100.000000,0.000100,6.477747,99049,4,0,0,220,220,1355,22.7000,0.0000,1.83,61.06,199049,99049,32951,9151,784182
n012w8-0,n012w8,0,5,500000,100.0,adaptive,2026-07-02T23:09:42+01:00,25,23,6,202,12,0,662,500000,100.000000,0.000100,10.722696,80809,4,0,0,230,230,1310,21.6000,0.0000,1.78,61.68,180809,80809,36054,8904,804677
n012w8-0,n012w8,0,5,500000,100.0,adaptive,2026-07-02T23:09:42+01:00,27,25,6,202,13,0,641,500000,100.000000,0.000100,9.841380,83913,4,0,0,230,230,1180,19.0000,0.0000,1.81,61.42,183913,83913,33561,9071,796014
n012w8-0,n012w8,0,5,500000,100.0,adaptive,2026-07-02T23:09:42+01:00,26,24,6,202,13,0,652,500000,100.000000,0.000100,7.644974,93053,4,0,0,295,295,1205,18.2000,0.0000,1.83,61.99,193053,93053,35412,9145,815394
n012w8-0,n012w8,0,5,500000,100.0,adaptive,2026-07-02T23:09:42+01:00,28,26,6,202,14,0,648,500000,100.000000,0.000100,13.022309,73777,4,0,0,310,310,1160,17.0000,0.0000,1.84,61.62,173777,73777,34801,9196,802910
n012w8-0,n012w8,0,5,500000,100.0,adaptive,2026-07-02T23:09:42+01:00,29,27,6,202,14,0,648,500000,100.000000,0.000100,4.653289,111021,3,0,0,260,260,1115,17.1000,0.0000,1.81,62.47,211021,111021,27671,9048,832141
n012w8-0,n012w8,0,5,500000,100.0,adaptive,2026-07-02T23:09:42+01:00,30,28,6,202,15,0,654,500000,100.000000,0.000100,8.632568,88656,4,0,0,250,250,1060,16.2000,0.0000,1.86,61.56,188656,88656,37269,9288,800715
n012w8-0,n012w8,0,5,500000,100.0,adaptive,2026-07-02T23:09:42+01:00,31,29,6,202,15,0,649,500000,100.000000,0.000100,10.597807,81233,4,0,0,235,235,1000,15.3000,0.0000,1.79,61.04,181233,81233,41487,8969,783275
n012w8-0,n012w8,0,5,500000,100.0,adaptive,2026-07-02T23:09:42+01:00,32,30,6,202,16,0,642,500000,100.000000,0.000100,10.539985,81431,4,0,0,230,230,985,15.1000,0.0000,1.84,61.55,181431,81431,30128,9184,800432
n012w8-0,n012w8,0,5,500000,100.0,adaptive,2026-07-02T23:09:42+01:00,33,31,6,202,16,0,655,500000,100.000000,0.000100,8.846266,87771,4,0,0,275,275,955,13.6000,0.0000,1.81,61.23,187771,87771,33234,9044,789540
n012w8-0,n012w8,0,5,500000,100.0,adaptive,2026-07-02T23:09:42+01:00,37,35,6,202,18,0,640,500000,100.000000,0.000100,10.238586,82481,4,0,0,260,260,755,9.9000,0.0000,1.84,61.77,182481,82481,26868,9193,807725
n012w8-0,n012w8,0,5,500000,100.0,adaptive,2026-07-02T23:09:42+01:00,34,32,6,202,17,0,667,500000,100.000000,0.000100,8.306384,90050,4,0,0,245,245,920,13.5000,0.0000,1.81,60.56,190050,90050,40410,9050,767783
n012w8-0,n012w8,0,5,500000,100.0,adaptive,2026-07-02T23:09:42+01:00,39,37,6,202,19,0,653,500000,100.000000,0.000100,10.588733,81264,4,0,1,215,215,695,9.6000,0.0000,1.80,59.81,181264,81264,31323,8993,744093
n012w8-0,n012w8,0,5,500000,100.0,adaptive,2026-07-02T23:09:42+01:00,35,33,6,202,17,0,674,500000,100.000000,0.000100,8.797029,87973,4,0,0,245,235,890,13.1000,0.0000,1.80,61.08,187973,87973,37737,9023,784831
n012w8-0,n012w8,0,5,500000,100.0,adaptive,2026-07-02T23:09:42+01:00,38,36,6,202,19,0,665,500000,100.000000,0.000100,14.446412,70021,4,0,0,280,280,730,9.0000,0.0000,1.84,62.22,170021,70021,33650,9188,823484
n012w8-0,n012w8,0,5,500000,100.0,adaptive,2026-07-02T23:09:42+01:00,40,38,6,202,20,0,663,500000,100.000000,0.000100,8.165523,90669,4,0,0,265,260,620,7.2000,0.0000,1.83,61.02,190669,90669,35547,9144,782676
n012w8-0,n012w8,0,5,500000,100.0,adaptive,2026-07-02T23:09:42+01:00,36,34,6,202,18,0,682,500000,100.000000,0.000100,8.523069,89118,4,0,0,320,320,830,10.2000,0.0000,1.78,62.09,189118,89118,42236,8907,818953
n012w8-0,n012w8,0,5,500000,100.0,adaptive,2026-07-02T23:09:42+01:00,41,39,6,202,20,0,657,500000,100.000000,0.000100,17.725398,62618,4,0,0,260,260,605,6.9000,0.0000,1.81,61.66,162618,62618,40996,9054,804054
n012w8-0,n012w8,0,5,500000,100.0,adaptive,2026-07-02T23:09:42+01:00,44,42,6,202,22,0,639,500000,100.000000,0.000100,9.071017,86863,4,0,0,260,260,475,4.3000,0.0000,1.81,60.49,186863,86863,27089,9064,765638
n012w8-0,n012w8,0,5,500000,100.0,adaptive,2026-07-02T23:09:42+01:00,42,40,6,202,21,0,663,500000,100.000000,0.000100,4.964643,108677,3,0,0,245,245,590,6.9000,0.0000,1.79,61.80,208677,108677,39199,8966,808978
n012w8-0,n012w8,0,5,500000,100.0,adaptive,2026-07-02T23:09:42+01:00,43,41,6,202,21,0,663,500000,100.000000,0.000100,12.990325,73866,4,0,0,335,260,575,6.3000,0.0000,1.81,62.50,173866,73866,35637,9060,833466
n012w8-0,n012w8,0,5,500000,100.0,adaptive,2026-07-02T23:09:42+01:00,47,45,6,202,23,0,643,500000,100.000000,0.000100,9.255076,86136,4,0,0,320,305,440,2.7000,0.0000,1.82,61.79,186136,86136,39622,9076,808395
n012w8-0,n012w8,0,5,500000,100.0,adaptive,2026-07-02T23:09:42+01:00,48,46,6,202,24,0,641,500000,100.000000,0.000100,8.935194,87409,4,0,0,260,260,410,3.0000,0.0000,1.79,60.89,187409,87409,31514,8926,778328
n012w8-0,n012w8,0,5,500000,100.0,adaptive,2026-07-02T23:09:42+01:00,46,44,6,202,23,0,650,500000,100.000000,0.000100,13.994584,71171,4,0,0,305,305,445,2.8000,0.0000,1.83,61.99,171171,71171,32436,9127,815514
n012w8-0,n012w8,0,5,500000,100.0,adaptive,2026-07-02T23:09:42+01:00,45,43,6,202,22,0,657,500000,100.000000,0.000100,6.443651,99240,4,0,0,270,265,460,3.9000,0.0000,1.81,62.66,199240,99240,41320,9039,838899
n012w8-0,n012w8,0,5,500000,100.0,adaptive,2026-07-02T23:09:42+01:00,49,47,6,202,24,0,651,500000,100.000000,0.000100,13.093749,73579,4,0,0,275,260,400,2.8000,0.0000,1.81,61.54,173579,73579,35610,9033,799992
n012w8-0,n012w8,0,5,500000,100.0,adaptive,2026-07-02T23:09:42+01:00,50,48,6,202,25,0,648,500000,100.000000,0.000100,3.939127,117051,3,0,0,275,275,395,2.4000,0.0000,1.84,61.65,217051,117051,38122,9216,803719
n012w8-0,n012w8,0,5,500000,100.0,adaptive,2026-07-02T23:09:42+01:00,54,52,6,202,27,0,630,500000,100.000000,0.000100,11.530921,78179,4,0,0,265,265,305,0.8000,0.0000,1.81,60.17,178179,78179,26311,9055,755234
n012w8-0,n012w8,0,5,500000,100.0,adaptive,2026-07-02T23:09:42+01:00,51,49,6,202,25,0,654,500000,100.000000,0.000100,7.987668,91466,4,0,0,325,310,365,1.1000,0.0000,1.82,62.19,191466,91466,39485,9114,822432
n012w8-0,n012w8,0,5,500000,100.0,adaptive,2026-07-02T23:09:42+01:00,53,51,6,202,26,0,646,500000,100.000000,0.000100,7.228763,95079,4,0,0,230,230,310,1.6000,0.0000,1.85,61.65,195079,95079,42256,9239,803898
n012w8-0,n012w8,0,5,500000,100.0,adaptive,2026-07-02T23:09:42+01:00,56,54,6,202,28,0,646,500000,100.000000,0.000100,10.531543,81460,4,0,0,260,260,295,0.7000,0.0000,1.80,62.38,181460,81460,35073,8985,829199
n012w8-0,n012w8,0,5,500000,100.0,adaptive,2026-07-02T23:09:42+01:00,55,53,6,202,27,0,658,500000,100.000000,0.000100,0.000000,0,4,0,0,320,300,300,0.0000,0.0000,1.85,61.21,150172,0,35018,9246,788944
n012w8-0,n012w8,0,5,500000,100.0,adaptive,2026-07-02T23:09:42+01:00,52,50,6,202,26,0,666,500000,100.000000,0.000100,10.149298,82798,4,0,0,245,245,320,1.5000,0.0000,1.80,62.24,182798,82798,38383,9020,824325
n012w8-0,n012w8,0,5,500000,100.0,adaptive,2026-07-02T23:09:42+01:00,59,57,6,202,29,0,626,500000,100.000000,0.000100,0.000000,0,4,0,0,280,230,230,0.0000,0.0000,1.84,61.29,150172,0,43678,9184,791564
n012w8-0,n012w8,0,5,500000,100.0,adaptive,2026-07-02T23:09:42+01:00,58,56,6,202,29,0,637,500000,100.000000,0.000100,0.000000,0,4,0,0,290,260,260,0.0000,0.0000,1.83,62.72,150172,0,36364,9151,841110
n012w8-0,n012w8,0,5,500000,100.0,adaptive,2026-07-02T23:09:42+01:00,57,55,6,202,28,0,638,500000,100.000000,0.000100,2.302778,136480,3,0,0,265,265,290,0.5000,0.0000,1.84,62.81,236480,136480,36740,9213,844454
n012w8-0,n012w8,0,5,500000,100.0,adaptive,2026-07-02T23:09:42+01:00,60,58,6,202,30,0,628,500000,100.000000,0.000100,0.000000,0,4,0,1,355,215,215,0.0000,0.0000,1.83,61.30,150172,0,35475,9145,792034
n012w8-0,n012w8,0,5,500000,100.0,adaptive,2026-07-02T23:09:42+01:00,4,2,7,101,2,0,702,500000,100.000000,0.000100,8.366966,89787,4,0,0,270,270,3235,59.3000,0.0000,1.91,62.86,189787,89787,40915,9563,846084
n012w8-0,n012w8,0,5,500000,100.0,adaptive,2026-07-02T23:09:42+01:00,2,0,7,101,1,0,740,500000,100.000000,92.335350,6.833513,97114,4,5,0,1790,260,3310,61.0000,0.1000,13.56,64.64,197114,97114,127728,67778,914025
n012w8-0,n012w8,0,5,500000,100.0,adaptive,2026-07-02T23:09:42+01:00,8,6,7,101,4,0,763,500000,100.000000,76.366696,8.262434,90242,4,9,0,1195,270,2730,49.2000,0.1800,13.93,64.83,190242,90242,131148,69644,921627
n012w8-0,n012w8,0,5,500000,100.0,adaptive,2026-07-02T23:09:42+01:00,7,5,7,101,3,0,768,500000,100.000000,58.877315,10.716772,80829,4,6,0,1235,240,2925,53.7000,0.1200,14.29,64.93,180829,80829,133172,71458,925652
n012w8-0,n012w8,0,5,500000,100.0,adaptive,2026-07-02T23:09:42+01:00,5,3,7,101,2,0,769,500000,100.000000,58.336450,10.816133,80495,4,13,0,1035,255,3075,56.4000,0.2600,14.31,64.86,180495,80495,131818,71537,922800
n012w8-0,n012w8,0,5,500000,100.0,adaptive,2026-07-02T23:09:42+01:00,3,1,7,101,1,0,770,500000,100.000000,48.698995,12.956628,73960,4,7,0,1120,235,3295,61.2000,0.1400,14.53,64.97,173960,73960,135059,72665,927262
n012w8-0,n012w8,0,5,500000,100.0,adaptive,2026-07-02T23:09:42+01:00,6,4,7,101,3,0,775,500000,100.000000,53.838382,11.719795,77591,4,34,0,1200,235,2985,55.0000,0.6800,14.40,65.09,177591,77591,133384,71986,932435
n012w8-0,n012w8,0,5,500000,100.0,adaptive,2026-07-02T23:09:42+01:00,0,-1,7,101,0,0,780,500000,100.000000,94.833111,6.653528,98080,4,15,0,1460,285,3340,61.1000,0.3000,13.54,65.01,198080,98080,127041,67698,929007
n012w8-0,n012w8,0,5,500000,100.0,adaptive,2026-07-02T23:09:42+01:00,9,7,7,101,4,0,632,500000,100.000000,0.000100,13.707555,71921,4,0,0,290,260,2700,48.8000,0.0000,1.91,62.32,171921,71921,45607,9539,826941
n012w8-0,n012w8,0,5,500000,100.0,adaptive,2026-07-02T23:09:42+01:00,10,8,7,101,5,0,639,500000,100.000000,0.000100,9.101647,86741,4,0,0,290,260,2660,48.0000,0.0000,1.95,61.89,186741,86741,49623,9746,812013
n012w8-0,n012w8,0,5,500000,100.0,adaptive,2026-07-02T23:09:42+01:00,11,9,7,101,5,0,619,500000,100.000000,0.000100,5.686643,103763,3,0,0,285,285,2510,44.5000,0.0000,1.95,62.79,203763,103763,34410,9743,843766
n012w8-0,n012w8,0,5,500000,100.0,adaptive,2026-07-02T23:09:42+01:00,13,11,7,101,6,0,623,500000,100.000000,0.000100,6.627474,98222,4,0,0,255,255,2460,44.1000,0.0000,1.91,61.26,198222,98222,45902,9560,790671
n012w8-0,n012w8,0,5,500000,100.0,adaptive,2026-07-02T23:09:42+01:00,15,13,7,101,7,0,624,500000,100.000000,0.000100,4.667325,110912,3,0,0,240,240,2355,42.3000,0.0000,1.94,62.37,210912,110912,42700,9702,828751
n012w8-0,n012w8,0,5,500000,100.0,adaptive,2026-07-02T23:09:42+01:00,14,12,7,101,7,0,633,500000,100.000000,0.000100,7.433340,94069,4,0,0,295,295,2370,41.5000,0.0000,1.95,63.53,194069,94069,42424,9762,870981
n012w8-0,n012w8,0,5,500000,100.0,adaptive,2026-07-02T23:09:42+01:00,12,10,7,101,6,0,637,500000,100.000000,0.000100,6.362093,99701,4,0,0,260,260,2480,44.4000,0.0000,1.94,62.72,199701,99701,42437,9695,841047
n012w8-0,n012w8,0,5,500000,100.0,adaptive,2026-07-02T23:09:42+01:00,16,14,7,101,8,0,627,500000,100.000000,0.000100,8.819419,87881,4,0,0,250,250,2295,40.9000,0.0000,1.94,62.96,187881,87881,40912,9725,849804
n012w8-0,n012w8,0,5,500000,100.0,adaptive,2026-07-02T23:09:42+01:00,17,15,7,101,8,0,637,500000,100.000000,0.000100,10.749691,80718,4,0,0,270,270,2205,38.7000,0.0000,1.93,62.44,180718,80718,43939,9633,831368
n012w8-0,n012w8,0,5,500000,100.0,adaptive,2026-07-02T23:09:42+01:00,18,16,7,101,9,0,634,500000,100.000000,0.000100,11.316601,78858,4,0,0,265,250,2175,38.5000,0.0000,1.93,62.25,178858,78858,45712,9668,824569
n012w8-0,n012w8,0,5,500000,100.0,adaptive,2026-07-02T23:09:42+01:00,19,17,7,101,9,0,636,500000,100.000000,0.000100,4.757163,110222,3,0,0,285,285,2160,37.5000,0.0000,1.94,63.31,210222,110222,43259,9707,862943
n012w8-0,n012w8,0,5,500000,100.0,adaptive,2026-07-02T23:09:42+01:00,20,18,7,101,10,0,633,500000,100.000000,0.000100,15.715348,66974,4,0,0,370,295,2130,36.7000,0.0000,1.97,62.61,166974,66974,42916,9833,837341
n012w8-0,n012w8,0,5,500000,100.0,adaptive,2026-07-02T23:09:42+01:00,24,22,7,101,12,0,628,500000,100.000000,0.000100,7.160775,95421,4,0,0,260,260,1925,33.3000,0.0000,1.94,62.28,195421,95421,40912,9725,825399
n012w8-0,n012w8,0,5,500000,100.0,adaptive,2026-07-02T23:09:42+01:00,23,21,7,101,11,0,631,500000,100.000000,0.000100,11.459456,78404,4,0,0,260,260,1950,33.8000,0.0000,1.94,61.93,178404,78404,53612,9676,813310
n012w8-0,n012w8,0,5,500000,100.0,adaptive,2026-07-02T23:09:42+01:00,22,20,7,101,11,0,646,500000,100.000000,0.000100,8.336274,89920,4,0,0,285,285,1955,33.4000,0.0000,1.94,63.72,189920,89920,45344,9704,878201
n012w8-0,n012w8,0,5,500000,100.0,adaptive,2026-07-02T23:09:42+01:00,21,19,7,101,10,0,699,500000,100.000000,89.025824,7.087548,95793,4,1,0,1680,230,2115,37.7000,0.0200,13.58,64.92,195793,95793,126061,67899,925149
n012w8-0,n012w8,0,5,500000,100.0,adaptive,2026-07-02T23:09:42+01:00,25,23,7,101,12,0,630,500000,100.000000,0.000100,7.833791,92170,4,0,0,265,265,1880,32.3000,0.0000,1.97,62.63,192170,92170,38627,9873,838141
n012w8-0,n012w8,0,5,500000,100.0,adaptive,2026-07-02T23:09:42+01:00,26,24,7,101,13,0,622,500000,100.000000,0.000100,8.485237,89279,4,0,0,300,285,1810,30.5000,0.0000,1.97,62.77,189279,89279,38113,9833,842946
n012w8-0,n012w8,0,5,500000,100.0,adaptive,2026-07-02T23:09:42+01:00,27,25,7,101,13,0,636,500000,100.000000,0.000100,3.852370,117857,3,0,0,265,265,1780,30.3000,0.0000,1.90,62.44,217857,117857,41932,9512,831114
n012w8-0,n012w8,0,5,500000,100.0,adaptive,2026-07-02T23:09:42+01:00,29,27,7,101,14,0,624,500000,100.000000,0.000100,8.620173,88708,4,0,0,290,280,1635,27.1000,0.0000,1.98,62.40,188708,88708,34392,9904,829944
n012w8-0,n012w8,0,5,500000,100.0,adaptive,2026-07-02T23:09:42+01:00,28,26,7,101,14,0,642,500000,100.000000,0.000100,12.214734,76094,4,0,0,380,275,1660,27.7000,0.0000,1.91,64.73,176094,76094,47875,9547,917785
n012w8-0,n012w8,0,5,500000,100.0,adaptive,2026-07-02T23:09:42+01:00,31,29,7,101,15,0,621,500000,100.000000,0.000100,5.026203,108231,3,0,0,260,260,1560,26.0000,0.0000,1.92,62.25,208231,108231,37933,9621,824641
n012w8-0,n012w8,0,5,500000,100.0,adaptive,2026-07-02T23:09:42+01:00,30,28,7,101,15,0,640,500000,100.000000,0.000100,7.445468,94010,4,0,0,275,275,1590,26.3000,0.0000,1.96,63.59,194010,94010,43053,9785,873379
n012w8-0,n012w8,0,5,500000,100.0,adaptive,2026-07-02T23:09:42+01:00,32,30,7,101,16,0,633,500000,100.000000,0.000100,11.891044,77066,4,0,0,290,280,1530,25.0000,0.0000,1.98,63.22,177066,77066,35353,9905,859259
n012w8-0,n012w8,0,5,500000,100.0,adaptive,2026-07-02T23:09:42+01:00,33,31,7,101,16,0,625,500000,100.000000,0.000100,7.587313,93327,4,0,0,285,285,1505,24.4000,0.0000,1.94,61.78,193327,93327,46650,9680,808097
n012w8-0,n012w8,0,5,500000,100.0,adaptive,2026-07-02T23:09:42+01:00,34,32,7,101,17,0,625,500000,100.000000,0.000100,11.187885,79272,4,0,0,295,275,1490,24.3000,0.0000,1.97,62.47,179272,79272,35527,9842,832213
n012w8-0,n012w8,0,5,500000,100.0,adaptive,2026-07-02T23:09:42+01:00,35,33,7,101,17,0,621,500000,100.000000,0.000100,10.409743,81881,4,0,0,290,270,1445,23.5000,0.0000,1.95,62.65,181881,81881,36797,9731,838720
n012w8-0,n012w8,0,5,500000,100.0,adaptive,2026-07-02T23:09:42+01:00,37,35,7,101,18,0,615,500000,100.000000,0.000100,6.604075,98350,4,0,0,275,275,1400,22.5000,0.0000,1.95,62.14,198350,98350,45734,9774,820565
n012w8-0,n012w8,0,5,500000,100.0,adaptive,2026-07-02T23:09:42+01:00,36,34,7,101,18,0,630,500000,100.000000,0.000100,9.803925,84051,4,0,0,270,245,1430,23.7000,0.0000,1.94,63.82,184051,84051,35304,9719,881866
n012w8-0,n012w8,0,5,500000,100.0,adaptive,2026-07-02T23:09:42+01:00,39,37,7,101,19,0,623,500000,100.000000,0.000100,13.942094,71307,4,0,0,300,285,1340,21.1000,0.0000,1.96,63.37,171307,71307,40672,9788,865100
n012w8-0,n012w8,0,5,500000,100.0,adaptive,2026-07-02T23:09:42+01:00,38,36,7,101,19,0,631,500000,100.000000,0.000100,10.135286,82848,4,0,0,285,270,1380,22.2000,0.0000,1.94,63.23,182848,82848,48689,9679,859878
n012w8-0,n012w8,0,5,500000,100.0,adaptive,2026-07-02T23:09:42+01:00,40,38,7,101,20,0,626,500000,100.000000,0.000100,9.970019,83443,4,0,0,245,240,1190,19.0000,0.0000,1.95,61.70,183443,83443,50171,9761,805348
n012w8-0,n012w8,0,5,500000,100.0,adaptive,2026-07-02T23:09:42+01:00,41,39,7,101,20,0,634,500000,100.000000,0.000100,8.507070,89186,4,0,0,300,300,1185,17.7000,0.0000,1.97,64.37,189186,89186,32742,9852,903299
n012w8-0,n012w8,0,5,500000,100.0,adaptive,2026-07-02T23:09:42+01:00,42,40,7,101,21,0,630,500000,100.000000,0.000100,7.256179,94942,4,0,0,260,260,1170,18.2000,0.0000,1.95,62.52,194942,94942,46971,9773,834217
n012w8-0,n012w8,0,5,500000,100.0,adaptive,2026-07-02T23:09:42+01:00,43,41,7,101,21,0,627,500000,100.000000,0.000100,8.964870,87289,4,0,0,335,310,1155,16.9000,0.0000,1.98,63.16,187289,87289,44042,9892,857144
n012w8-0,n012w8,0,5,500000,100.0,adaptive,2026-07-02T23:09:42+01:00,44,42,7,101,22,0,630,500000,100.000000,0.000100,11.360148,78719,4,0,0,320,305,1140,16.7000,0.0000,1.94,62.49,178719,78719,41775,9699,832948
n012w8-0,n012w8,0,5,500000,100.0,adaptive,2026-07-02T23:09:42+01:00,45,43,7,101,22,0,625,500000,100.000000,0.000100,7.332364,94564,4,0,0,255,255,1125,17.4000,0.0000,1.97,62.21,194564,94564,39997,9826,823182
n012w8-0,n012w8,0,5,500000,100.0,adaptive,2026-07-02T23:09:42+01:00,47,45,7,101,23,0,619,500000,100.000000,0.000100,13.409358,72717,4,0,0,325,310,1075,15.3000,0.0000,1.94,62.96,172717,72717,46612,9676,849745
n012w8-0,n012w8,0,5,500000,100.0,adaptive,2026-07-02T23:09:42+01:00,46,44,7,101,23,0,638,500000,100.000000,0.000100,6.569132,98542,4,0,0,255,255,1095,16.8000,0.0000,1.95,63.25,198542,98542,39206,9747,860468
n012w8-0,n012w8,0,5,500000,100.0,adaptive,2026-07-02T23:09:42+01:00,48,46,7,101,24,0,624,500000,100.000000,0.000100,9.330051,85844,4,0,0,260,260,1030,15.4000,0.0000,1.91,62.90,185844,85844,39080,9532,847850
n012w8-0,n012w8,0,5,500000,100.0,adaptive,2026-07-02T23:09:42+01:00,49,47,7,101,24,0,633,500000,100.000000,0.000100,7.393601,94263,4,0,0,275,275,1020,14.9000,0.0000,1.99,62.97,194263,94263,43228,9958,850109
n012w8-0,n012w8,0,5,500000,100.0,adaptive,2026-07-02T23:09:42+01:00,50,48,7,101,25,0,622,500000,100.000000,0.000100,8.132199,90817,4,0,0,270,270,975,14.1000,0.0000,1.94,63.33,190817,90817,37614,9706,863434
n012w8-0,n012w8,0,5,500000,100.0,adaptive,2026-07-02T23:09:42+01:00,52,50,7,101,26,0,621,500000,100.000000,0.000100,4.390359,113126,3,0,0,275,275,925,13.0000,0.0000,1.95,62.84,213126,113126,46087,9774,845674
n012w8-0,n012w8,0,5,500000,100.0,adaptive,2026-07-02T23:09:42+01:00,54,52,7,101,27,0,618,500000,100.000000,0.000100,9.949105,83519,4,0,0,255,255,900,12.9000,0.0000,1.97,62.51,183519,83519,35638,9832,833791
n012w8-0,n012w8,0,5,500000,100.0,adaptive,2026-07-02T23:09:42+01:00,53,51,7,101,26,0,624,500000,100.000000,0.000100,5.190773,107065,3,0,0,255,255,915,13.2000,0.0000,1.94,63.70,207065,107065,36364,9678,877259
n012w8-0,n012w8,0,5,500000,100.0,adaptive,2026-07-02T23:09:42+01:00,51,49,7,101,25,0,641,500000,100.000000,0.000100,10.027207,83236,4,0,0,315,300,960,13.2000,0.0000,1.96,65.40,183236,83236,35911,9778,944912
n012w8-0,n012w8,0,5,500000,100.0,adaptive,2026-07-02T23:09:42+01:00,55,53,7,101,27,0,616,500000,100.000000,0.000100,8.147268,90750,4,0,0,250,250,860,12.2000,0.0000,1.97,62.35,190750,90750,39956,9866,828182
n012w8-0,n012w8,0,5,500000,100.0,adaptive,2026-07-02T23:09:42+01:00,56,54,7,101,28,0,635,500000,100.000000,0.000100,9.457754,85352,4,0,0,295,280,800,10.4000,0.0000,1.91,62.25,185352,85352,39754,9564,824551
n012w8-0,n012w8,0,5,500000,100.0,adaptive,2026-07-02T23:09:42+01:00,57,55,7,101,28,0,623,500000,100.000000,0.000100,7.112070,95668,4,0,0,290,275,785,10.2000,0.0000,1.95,62.52,195668,95668,46185,9760,833918
n012w8-0,n012w8,0,5,500000,100.0,adaptive,2026-07-02T23:09:42+01:00,59,57,7,101,29,0,622,500000,100.000000,0.000100,5.509092,104911,3,0,0,255,255,755,10.0000,0.0000,1.94,63.35,204911,104911,34623,9680,864414
n012w8-0,n012w8,0,5,500000,100.0,adaptive,2026-07-02T23:09:42+01:00,58,56,7,101,29,0,647,500000,100.000000,0.000100,6.973327,96381,4,0,0,320,295,775,9.6000,0.0000,1.95,64.11,196381,96381,50089,9773,892999
n012w8-0,n012w8,0,5,500000,100.0,adaptive,2026-07-02T23:09:42+01:00,60,58,7,101,30,0,630,500000,100.000000,0.000100,5.910116,102368,3,0,0,230,230,740,10.2000,0.0000,1.90,64.36,202368,102368,35683,9512,903030
n012w8-0,n012w8,0,5,500000,100.0,adaptive,2026-07-02T23:09:42+01:00,61,59,7,101,30,0,632,500000,100.000000,0.000100,11.727245,77568,4,0,0,275,260,725,9.3000,0.0000,1.96,62.72,177568,77568,45802,9780,841299
n012w8-0,n012w8,0,5,500000,100.0,adaptive,2026-07-02T23:09:42+01:00,62,60,7,101,31,0,631,500000,100.000000,0.000100,7.106766,95695,4,0,0,275,260,710,9.0000,0.0000,1.96,62.48,195695,95695,33439,9820,832741
n012w8-0,n012w8,0,5,500000,100.0,adaptive,2026-07-02T23:09:42+01:00,63,61,7,101,31,0,635,500000,100.000000,0.000100,13.973719,71225,4,0,0,330,255,680,8.5000,0.0000,1.95,64.72,171225,71225,38610,9754,917122
n012w8-0,n012w8,0,5,500000,100.0,adaptive,2026-07-02T23:09:42+01:00,64,62,7,101,32,0,628,500000,100.000000,0.000100,15.694952,67021,4,0,0,355,320,675,7.1000,0.0000,1.90,63.55,167021,67021,50801,9487,871812
n012w8-0,n012w8,0,5,500000,100.0,adaptive,2026-07-02T23:09:42+01:00,65,63,7,101,32,0,629,500000,100.000000,0.000100,13.775901,71741,4,0,0,295,270,665,7.9000,0.0000,1.91,62.25,171741,71741,43418,9564,824472
n012w8-0,n012w8,0,5,500000,100.0,adaptive,2026-07-02T23:09:42+01:00,66,64,7,101,33,0,624,500000,100.000000,0.000100,5.338411,106050,3,0,0,290,290,635,6.9000,0.0000,1.96,62.88,206050,106050,37279,9795,846980
n012w8-0,n012w8,0,5,500000,100.0,adaptive,2026-07-02T23:09:42+01:00,68,66,7,101,34,0,625,500000,100.000000,0.000100,15.149978,68300,4,0,0,285,260,560,6.0000,0.0000,1.94,62.17,168300,68300,59018,9716,821666
n012w8-0,n012w8,0,5,500000,100.0,adaptive,2026-07-02T23:09:42+01:00,67,65,7,101,33,0,635,500000,100.000000,0.000100,6.505190,98896,4,0,0,280,280,630,7.0000,0.0000,1.95,62.67,198896,98896,42326,9764,839507
n012w8-0,n012w8,0,5,500000,100.0,adaptive,2026-07-02T23:09:42+01:00,69,67,7,101,34,0,630,500000,100.000000,0.000100,16.005896,66311,4,0,0,305,295,545,5.0000,0.0000,1.91,62.75,166311,66311,42181,9565,842407
n012w8-0,n012w8,0,5,500000,100.0,adaptive,2026-07-02T23:09:42+01:00,70,68,7,101,35,0,631,500000,100.000000,0.000100,15.224253,68123,4,0,0,295,260,540,5.6000,0.0000,1.92,63.95,168123,68123,41142,9619,886943
n012w8-0,n012w8,0,5,500000,100.0,adaptive,2026-07-02T23:09:42+01:00,71,69,7,101,35,0,625,500000,100.000000,0.000100,14.128628,70826,4,0,0,305,300,525,4.5000,0.0000,1.94,62.88,170826,70826,46923,9696,846852
n012w8-0,n012w8,0,5,500000,100.0,adaptive,2026-07-02T23:09:42+01:00,72,70,7,101,36,0,627,500000,100.000000,0.000100,8.951256,87344,4,0,0,260,255,520,5.3000,0.0000,1.96,62.42,187344,87344,43677,9775,830523
n012w8-0,n012w8,0,5,500000,100.0,adaptive,2026-07-02T23:09:42+01:00,73,71,7,101,36,0,631,500000,100.000000,0.000100,7.051800,95976,4,0,0,245,230,495,5.3000,0.0000,1.96,62.00,195976,95976,45238,9811,815918
n012w8-0,n012w8,0,5,500000,100.0,adaptive,2026-07-02T23:09:42+01:00,74,72,7,101,37,0,615,500000,100.000000,0.000100,8.235766,90359,4,0,0,300,300,485,3.7000,0.0000,1.94,63.86,190359,90359,40332,9705,883588
n012w8-0,n012w8,0,5,500000,100.0,adaptive,2026-07-02T23:09:42+01:00,75,73,7,101,37,0,629,500000,100.000000,0.000100,20.759840,56899,4,0,0,285,275,455,3.6000,0.0000,1.96,62.77,156899,56899,42117,9804,842987
n012w8-0,n012w8,0,5,500000,100.0,adaptive,2026-07-02T23:09:42+01:00,77,75,7,101,38,0,620,500000,100.000000,0.000100,8.146368,90754,4,0,0,275,270,445,3.5000,0.0000,1.92,62.57,190754,90754,39741,9599,835756
n012w8-0,n012w8,0,5,500000,100.0,adaptive,2026-07-02T23:09:42+01:00,76,74,7,101,38,0,633,500000,100.000000,0.000100,11.644263,77825,4,0,0,285,275,450,3.5000,0.0000,1.95,65.27,177825,77825,32760,9738,939492
n012w8-0,n012w8,0,5,500000,100.0,adaptive,2026-07-02T23:09:42+01:00,78,76,7,101,39,0,629,500000,100.000000,0.000100,8.651432,88577,4,0,0,285,285,415,2.6000,0.0000,1.92,63.43,188577,88577,44382,9596,867398
n012w8-0,n012w8,0,5,500000,100.0,adaptive,2026-07-02T23:09:42+01:00,79,77,7,101,39,0,627,500000,100.000000,0.000100,7.449172,93992,4,0,0,240,240,405,3.3000,0.0000,1.90,64.89,193992,93992,32534,9485,924118
n012w8-0,n012w8,0,5,500000,100.0,adaptive,2026-07-02T23:09:42+01:00,80,78,7,101,40,0,625,500000,100.000000,0.000100,5.656711,103954,3,0,0,285,285,375,1.8000,0.0000,1.93,62.95,203954,103954,38714,9633,849704
n012w8-0,n012w8,0,5,500000,100.0,adaptive,2026-07-02T23:09:42+01:00,81,79,7,101,40,0,616,500000,100.000000,0.000100,8.523775,89115,4,0,0,260,260,345,1.7000,0.0000,1.97,61.78,189115,89115,41398,9871,808356
n012w8-0,n012w8,0,5,500000,100.0,adaptive,2026-07-02T23:09:42+01:00,83,81,7,101,41,0,622,500000,100.000000,0.000100,11.342584,78775,4,0,0,270,255,315,1.2000,0.0000,1.90,62.55,178775,78775,37012,9517,835157
n012w8-0,n012w8,0,5,500000,100.0,adaptive,2026-07-02T23:09:42+01:00,86,84,7,101,43,0,617,500000,100.000000,0.000100,6.203260,100616,3,0,0,290,285,295,0.2000,0.0000,1.92,62.42,200616,100616,37356,9620,830585
n012w8-0,n012w8,0,5,500000,100.0,adaptive,2026-07-02T23:09:42+01:00,84,82,7,101,42,0,630,500000,100.000000,0.000100,5.444625,105337,3,0,0,285,275,305,0.6000,0.0000,1.97,64.80,205337,105337,42899,9870,920532
n012w8-0,n012w8,0,5,500000,100.0,adaptive,2026-07-02T23:09:42+01:00,87,85,7,101,43,0,611,500000,100.000000,0.000100,8.420774,89555,4,0,0,245,245,280,0.7000,0.0000,1.97,62.80,189555,89555,41546,9866,843952
n012w8-0,n012w8,0,5,500000,100.0,adaptive,2026-07-02T23:09:42+01:00,82,80,7,101,41,0,692,500000,100.000000,99.936469,6.313759,99977,4,1,0,1320,225,330,2.1000,0.0200,13.49,64.74,199977,99977,126212,67450,918150
n012w8-0,n012w8,0,5,500000,100.0,adaptive,2026-07-02T23:09:42+01:00,85,83,7,101,42,0,697,500000,100.000000,25.879745,6.124237,101080,3,1,1,690,215,300,1.7000,0.0200,13.47,65.00,201080,101080,126430,67361,928389
n012w8-0,n012w8,0,5,500000,100.0,adaptive,2026-07-02T23:09:42+01:00,88,86,7,101,44,0,641,500000,100.000000,0.000100,12.543421,75133,4,0,0,325,250,265,0.3000,0.0000,1.95,63.84,175133,75133,45405,9752,882702
n012w8-0,n012w8,0,5,500000,100.0,adaptive,2026-07-02T23:09:42+01:00,89,87,7,101,44,0,613,500000,100.000000,0.000100,0.000000,0,4,0,0,290,250,250,0.0000,0.0000,1.94,63.60,150172,0,40590,9676,873547
n012w8-0,n012w8,0,5,500000,100.0,adaptive,2026-07-02T23:09:42+01:00,90,88,7,101,45,0,616,500000,100.000000,0.000100,8.301795,90070,4,0,0,240,230,235,0.1000,0.0000,1.94,63.17,190070,90070,40186,9699,857496
n012w8-0,n012w8,0,5,500000,100.0,adaptive,2026-07-02T23:09:42+01:00,93,91,7,101,46,0,612,500000,100.000000,0.000100,0.000000,0,4,0,1,300,215,215,0.0000,0.0000,1.98,63.15,150172,0,35769,9875,856919
n012w8-0,n012w8,0,5,500000,100.0,adaptive,2026-07-02T23:09:42+01:00,92,90,7,101,46,0,612,500000,100.000000,0.000100,0.000000,0,4,0,0,295,225,225,0.0000,0.0000,1.98,63.27,150172,0,44197,9883,861380
n012w8-0,n012w8,0,5,500000,100.0,adaptive,2026-07-02T23:09:42+01:00,91,89,7,101,45,0,617,500000,100.000000,0.000100,0.000000,0,4,0,0,300,230,230,0.0000,0.0000,1.94,64.25,150172,0,38068,9717,898761
n012w8-0,n012w8,0,5,500000,100.0,adaptive,2026-07-02T23:09:42+01:00,6,4,8,101,3,0,694,500000,100.000000,0.000100,14.498798,69890,4,0,0,1815,1780,4070,45.8000,0.0000,2.08,59.12,169890,69890,42863,10417,723065
n012w8-0,n012w8,0,5,500000,100.0,adaptive,2026-07-02T23:09:42+01:00,4,2,8,101,2,0,771,500000,100.000000,46.224902,3.428751,122073,3,7,0,2660,1790,4695,58.1000,0.1400,13.53,61.58,222073,122073,127215,67666,801270
n012w8-0,n012w8,0,5,500000,100.0,adaptive,2026-07-02T23:09:42+01:00,2,0,8,101,1,0,781,500000,100.000000,77.617562,8.129278,90830,4,11,0,3105,1835,4725,57.8000,0.2200,14.45,61.84,190830,90830,134935,72263,810326
n012w8-0,n012w8,0,5,500000,100.0,adaptive,2026-07-02T23:09:42+01:00,0,-1,8,101,0,0,786,500000,100.000000,70.735919,8.920147,87470,4,16,0,3090,1705,4875,63.4000,0.3200,14.56,61.57,187470,87470,135425,72825,801118
n012w8-0,n012w8,0,5,500000,100.0,adaptive,2026-07-02T23:09:42+01:00,3,1,8,101,1,0,787,500000,100.000000,47.575132,3.331440,123115,3,17,0,2615,1745,4710,59.3000,0.3400,13.54,61.37,223115,123115,128266,67692,794374
n012w8-0,n012w8,0,5,500000,100.0,adaptive,2026-07-02T23:09:42+01:00,7,5,8,101,3,0,791,500000,100.000000,71.478594,8.827465,87848,4,11,0,3140,1715,4050,46.7000,0.2200,14.62,61.58,187848,87848,135060,73118,801333
n012w8-0,n012w8,0,5,500000,100.0,adaptive,2026-07-02T23:09:42+01:00,8,6,8,101,4,0,795,500000,100.000000,80.108020,7.876549,91973,4,5,0,3180,1800,3885,41.7000,0.1000,14.41,61.57,191973,91973,133926,72041,801065
n012w8-0,n012w8,0,5,500000,100.0,adaptive,2026-07-02T23:09:42+01:00,5,3,8,101,2,0,798,500000,100.000000,50.034320,12.610840,74939,4,1,0,3050,1830,4335,50.1000,0.0200,15.20,61.59,174939,74939,138563,76002,801603
n012w8-0,n012w8,0,5,500000,100.0,adaptive,2026-07-02T23:09:42+01:00,9,7,8,101,4,0,690,500000,100.000000,0.000100,8.755078,88146,4,0,0,1835,1830,3825,39.9000,0.0000,2.08,58.81,188146,88146,46347,10393,713966
n012w8-0,n012w8,0,5,500000,100.0,adaptive,2026-07-02T23:09:42+01:00,10,8,8,101,5,0,695,500000,100.000000,0.000100,12.809613,74373,4,0,0,1805,1750,3795,40.9000,0.0000,2.05,57.78,174373,74373,42875,10270,684143
n012w8-0,n012w8,0,5,500000,100.0,adaptive,2026-07-02T23:09:42+01:00,11,9,8,101,5,0,694,500000,100.000000,0.000100,8.824295,87861,4,0,0,1860,1860,3665,36.1000,0.0000,2.04,60.75,187861,87861,44797,10190,773966
n012w8-0,n012w8,0,5,500000,100.0,adaptive,2026-07-02T23:09:42+01:00,12,10,8,101,6,0,695,500000,100.000000,0.000100,7.411191,94177,4,0,0,1790,1790,3655,37.3000,0.0000,2.06,59.73,194177,94177,39925,10297,741714
n012w8-0,n012w8,0,5,500000,100.0,adaptive,2026-07-02T23:09:42+01:00,15,13,8,101,7,0,697,500000,100.000000,0.000100,9.709570,84401,4,0,0,1785,1785,3465,33.6000,0.0000,2.07,59.59,184401,84401,45609,10341,737310
n012w8-0,n012w8,0,5,500000,100.0,adaptive,2026-07-02T23:09:42+01:00,16,14,8,101,8,0,702,500000,100.000000,0.000100,13.547526,72346,4,0,0,1775,1740,3300,31.2000,0.0000,2.07,59.35,172346,72346,44250,10335,729980
n012w8-0,n012w8,0,5,500000,100.0,adaptive,2026-07-02T23:09:42+01:00,14,12,8,101,7,0,715,500000,100.000000,0.000100,2.343344,135848,3,0,0,1795,1790,3545,35.1000,0.0000,2.11,59.42,235848,135848,45784,10540,732036
n012w8-0,n012w8,0,5,500000,100.0,adaptive,2026-07-02T23:09:42+01:00,13,11,8,101,6,0,777,500000,100.000000,84.661898,7.452878,93974,4,1,1,3115,1690,3625,38.7000,0.0200,14.37,61.67,193974,93974,133092,71857,804438
n012w8-0,n012w8,0,5,500000,100.0,adaptive,2026-07-02T23:09:42+01:00,17,15,8,101,8,0,685,500000,100.000000,0.000100,5.849517,102741,3,0,0,1815,1815,3285,29.4000,0.0000,2.09,58.55,202741,102741,42450,10436,706406
n012w8-0,n012w8,0,5,500000,100.0,adaptive,2026-07-02T23:09:42+01:00,18,16,8,101,9,0,690,500000,100.000000,0.000100,7.847657,92106,4,0,0,1800,1780,3250,29.4000,0.0000,2.06,59.43,192106,92106,41312,10317,732358
n012w8-0,n012w8,0,5,500000,100.0,adaptive,2026-07-02T23:09:42+01:00,19,17,8,101,9,0,693,500000,100.000000,0.000100,7.853297,92080,4,0,0,1735,1735,3245,30.2000,0.0000,2.07,58.61,192080,92080,39324,10368,707965
n012w8-0,n012w8,0,5,500000,100.0,adaptive,2026-07-02T23:09:42+01:00,20,18,8,101,10,0,698,500000,100.000000,0.000100,8.810894,87916,4,0,0,1825,1825,3220,27.9000,0.0000,2.09,58.36,187916,87916,42105,10442,700866
n012w8-0,n012w8,0,5,500000,100.0,adaptive,2026-07-02T23:09:42+01:00,21,19,8,101,10,0,701,500000,100.000000,0.000100,9.416294,85511,4,0,0,1780,1780,3065,25.7000,0.0000,2.11,58.10,185511,85511,46003,10561,693295
n012w8-0,n012w8,0,5,500000,100.0,adaptive,2026-07-02T23:09:42+01:00,23,21,8,101,11,0,698,500000,100.000000,0.000100,7.399732,94233,4,0,0,1730,1725,3005,25.6000,0.0000,2.06,60.16,194233,94233,46327,10305,754870
n012w8-0,n012w8,0,5,500000,100.0,adaptive,2026-07-02T23:09:42+01:00,22,20,8,101,11,0,703,500000,100.000000,0.000100,10.916112,80162,4,0,0,1780,1770,3035,25.3000,0.0000,2.03,59.21,180162,80162,43227,10174,725836
n012w8-0,n012w8,0,5,500000,100.0,adaptive,2026-07-02T23:09:42+01:00,24,22,8,101,12,0,697,500000,100.000000,0.000100,4.054973,116002,3,0,0,1745,1745,2995,25.0000,0.0000,2.11,59.11,216002,116002,39464,10568,722807
n012w8-0,n012w8,0,5,500000,100.0,adaptive,2026-07-02T23:09:42+01:00,25,23,8,101,12,0,691,500000,100.000000,0.000100,5.533960,104748,3,0,0,1760,1760,2955,23.9000,0.0000,2.10,59.11,204748,104748,36855,10500,722743
n012w8-0,n012w8,0,5,500000,100.0,adaptive,2026-07-02T23:09:42+01:00,26,24,8,101,13,0,695,500000,100.000000,0.000100,5.839666,102802,3,0,0,1715,1715,2895,23.6000,0.0000,2.07,57.89,202802,102802,47532,10340,687381
n012w8-0,n012w8,0,5,500000,100.0,adaptive,2026-07-02T23:09:42+01:00,27,25,8,101,13,0,693,500000,100.000000,0.000100,4.941787,108844,3,0,0,1805,1805,2815,20.2000,0.0000,2.11,58.70,208844,108844,41098,10540,710535
n012w8-0,n012w8,0,5,500000,100.0,adaptive,2026-07-02T23:09:42+01:00,28,26,8,101,14,0,701,500000,100.000000,0.000100,13.098815,73565,4,0,0,1750,1735,2775,20.8000,0.0000,2.04,59.67,173565,73565,43750,10195,739862
n012w8-0,n012w8,0,5,500000,100.0,adaptive,2026-07-02T23:09:42+01:00,29,27,8,101,14,0,687,500000,100.000000,0.000100,4.378607,113223,3,0,0,1725,1725,2730,20.1000,0.0000,2.07,60.56,213223,113223,44659,10361,767872
n012w8-0,n012w8,0,5,500000,100.0,adaptive,2026-07-02T23:09:42+01:00,30,28,8,101,15,0,689,500000,100.000000,0.000100,6.895154,96789,4,0,0,1775,1770,2675,18.1000,0.0000,2.06,60.16,196789,96789,47140,10313,755007
n012w8-0,n012w8,0,5,500000,100.0,adaptive,2026-07-02T23:09:42+01:00,31,29,8,101,15,0,705,500000,100.000000,0.000100,2.770716,129785,3,0,0,1805,1805,2520,14.3000,0.0000,2.02,59.16,229785,129785,41092,10124,724323
n012w8-0,n012w8,0,5,500000,100.0,adaptive,2026-07-02T23:09:42+01:00,32,30,8,101,16,0,690,500000,100.000000,0.000100,5.778352,103184,3,0,0,1755,1745,2505,15.2000,0.0000,2.07,58.51,203184,103184,44763,10356,705213
n012w8-0,n012w8,0,5,500000,100.0,adaptive,2026-07-02T23:09:42+01:00,33,31,8,101,16,0,713,500000,100.000000,0.000100,7.031177,96082,4,0,0,1790,1785,2475,13.8000,0.0000,2.05,58.96,196082,96082,46524,10270,718374
n012w8-0,n012w8,0,5,500000,100.0,adaptive,2026-07-02T23:09:42+01:00,34,32,8,101,17,0,707,500000,100.000000,0.000100,9.507274,85163,4,0,0,1800,1765,2460,13.9000,0.0000,2.03,59.16,185163,85163,44495,10158,724212
n012w8-0,n012w8,0,5,500000,100.0,adaptive,2026-07-02T23:09:42+01:00,35,33,8,101,17,0,706,500000,100.000000,0.000100,8.188569,90567,4,0,0,1850,1820,2445,12.5000,0.0000,2.05,59.66,190567,90567,44455,10253,739367
n012w8-0,n012w8,0,5,500000,100.0,adaptive,2026-07-02T23:09:42+01:00,36,34,8,101,18,0,705,500000,100.000000,0.000100,13.785039,71717,4,0,0,1840,1825,2425,12.0000,0.0000,2.06,60.35,171717,71717,47275,10318,760995
n012w8-0,n012w8,0,5,500000,100.0,adaptive,2026-07-02T23:09:42+01:00,37,35,8,101,18,0,708,500000,100.000000,0.000100,6.518505,98822,4,0,0,1735,1735,2385,13.0000,0.0000,2.04,58.18,198822,98822,43471,10185,695660
n012w8-0,n012w8,0,5,500000,100.0,adaptive,2026-07-02T23:09:42+01:00,38,36,8,101,19,0,710,500000,100.000000,0.000100,7.015845,96161,4,0,0,1825,1815,2340,10.5000,0.0000,2.11,59.33,196161,96161,50107,10533,729382
n012w8-0,n012w8,0,5,500000,100.0,adaptive,2026-07-02T23:09:42+01:00,39,37,8,101,19,0,697,500000,100.000000,0.000100,5.372000,105823,3,0,0,1795,1795,2290,9.9000,0.0000,2.09,59.08,205823,105823,41290,10426,721836
n012w8-0,n012w8,0,5,500000,100.0,adaptive,2026-07-02T23:09:42+01:00,40,38,8,101,20,0,692,500000,100.000000,0.000100,7.535707,93574,4,0,0,1705,1705,2245,10.8000,0.0000,2.06,59.30,193574,93574,43580,10284,728501
n012w8-0,n012w8,0,5,500000,100.0,adaptive,2026-07-02T23:09:42+01:00,41,39,8,101,20,0,734,500000,100.000000,0.000100,6.252648,100329,3,0,0,1760,1730,2240,10.2000,0.0000,2.09,59.88,200329,100329,43080,10449,746360
n012w8-0,n012w8,0,5,500000,100.0,adaptive,2026-07-02T23:09:42+01:00,43,41,8,101,21,0,722,500000,100.000000,0.000100,7.912760,91807,4,0,0,1780,1780,2220,8.8000,0.0000,2.06,59.60,191807,91807,48722,10311,737774
n012w8-0,n012w8,0,5,500000,100.0,adaptive,2026-07-02T23:09:42+01:00,42,40,8,101,21,0,739,500000,100.000000,0.000100,9.372167,85681,4,0,0,1800,1800,2235,8.7000,0.0000,2.08,59.99,185681,85681,34256,10381,749818
n012w8-0,n012w8,0,5,500000,100.0,adaptive,2026-07-02T23:09:42+01:00,44,42,8,101,22,0,725,500000,100.000000,0.000100,5.730810,103483,3,0,0,1725,1720,2165,8.9000,0.0000,2.05,59.07,203483,103483,51704,10267,721482
n012w8-0,n012w8,0,5,500000,100.0,adaptive,2026-07-02T23:09:42+01:00,47,45,8,101,23,0,721,500000,100.000000,0.000100,7.753897,92541,4,0,0,1760,1760,2075,6.3000,0.0000,2.08,59.50,192541,92541,43832,10406,734447
n012w8-0,n012w8,0,5,500000,100.0,adaptive,2026-07-02T23:09:42+01:00,45,43,8,101,22,0,739,500000,100.000000,0.000100,15.399407,67709,4,0,0,1835,1780,2135,7.1000,0.0000,2.08,58.84,167709,67709,42867,10413,714825
n012w8-0,n012w8,0,5,500000,100.0,adaptive,2026-07-02T23:09:42+01:00,46,44,8,101,23,0,730,500000,100.000000,0.000100,5.824518,102896,3,0,0,1780,1780,2125,6.9000,0.0000,2.08,59.30,202896,102896,45215,10404,728544
n012w8-0,n012w8,0,5,500000,100.0,adaptive,2026-07-02T23:09:42+01:00,48,46,8,101,24,0,725,500000,100.000000,0.000100,5.435757,105396,3,0,0,1770,1770,2050,5.6000,0.0000,2.03,60.11,205396,105396,39337,10171,753505
n012w8-0,n012w8,0,5,500000,100.0,adaptive,2026-07-02T23:09:42+01:00,49,47,8,101,24,0,702,500000,100.000000,0.000100,6.605718,98341,4,0,0,1760,1760,1970,4.2000,0.0000,2.08,59.23,198341,98341,42987,10404,726389
n012w8-0,n012w8,0,5,500000,100.0,adaptive,2026-07-02T23:09:42+01:00,50,48,8,101,25,0,696,500000,100.000000,0.000100,8.778332,88050,4,0,0,1745,1740,1950,4.2000,0.0000,2.11,59.11,188050,88050,35546,10558,722788
n012w8-0,n012w8,0,5,500000,100.0,adaptive,2026-07-02T23:09:42+01:00,51,49,8,101,25,0,703,500000,100.000000,0.000100,7.822544,92222,4,0,0,1780,1765,1925,3.2000,0.0000,2.05,58.77,192222,92222,48751,10237,712674
n012w8-0,n012w8,0,5,500000,100.0,adaptive,2026-07-02T23:09:42+01:00,52,50,8,101,26,0,713,500000,100.000000,0.000100,8.590689,88832,4,0,0,1830,1795,1905,2.2000,0.0000,2.06,60.10,188832,88832,49070,10293,753158
n012w8-0,n012w8,0,5,500000,100.0,adaptive,2026-07-02T23:09:42+01:00,53,51,8,101,26,0,708,500000,100.000000,0.000100,7.431902,94076,4,0,0,1775,1770,1900,2.6000,0.0000,2.05,59.61,194076,94076,43407,10265,737885
n012w8-0,n012w8,0,5,500000,100.0,adaptive,2026-07-02T23:09:42+01:00,54,52,8,101,27,0,710,500000,100.000000,0.000100,6.638287,98163,4,0,0,1780,1775,1885,2.2000,0.0000,2.07,59.82,198163,98163,44609,10374,744413
n012w8-0,n012w8,0,5,500000,100.0,adaptive,2026-07-02T23:09:42+01:00,55,53,8,101,27,0,705,500000,100.000000,0.000100,8.365810,89792,4,0,0,1770,1755,1870,2.3000,0.0000,2.04,61.03,189792,89792,40553,10212,783116
n012w8-0,n012w8,0,5,500000,100.0,adaptive,2026-07-02T23:09:42+01:00,56,54,8,101,28,0,699,500000,100.000000,0.000100,18.784343,60518,4,0,0,1780,1740,1865,2.5000,0.0000,2.05,59.38,160518,60518,46306,10248,730897
n012w8-0,n012w8,0,5,500000,100.0,adaptive,2026-07-02T23:09:42+01:00,57,55,8,101,28,0,725,500000,100.000000,0.000100,0.000000,0,4,0,0,1925,1850,1850,0.0000,0.0000,2.10,60.66,150172,0,50309,10481,771125
n012w8-0,n012w8,0,5,500000,100.0,adaptive,2026-07-02T23:09:42+01:00,58,56,8,101,29,0,717,500000,100.000000,0.000100,0.000000,0,4,0,0,1865,1840,1840,0.0000,0.0000,2.07,58.90,150172,0,53684,10370,716437
n012w8-0,n012w8,0,5,500000,100.0,adaptive,2026-07-02T23:09:42+01:00,59,57,8,101,29,0,718,500000,100.000000,0.000100,8.023059,91306,4,0,0,1835,1825,1835,0.2000,0.0000,2.07,58.97,191306,91306,38181,10359,718604
n012w8-0,n012w8,0,5,500000,100.0,adaptive,2026-07-02T23:09:42+01:00,60,58,8,101,30,0,734,500000,100.000000,0.000100,5.304592,106280,3,0,0,1735,1735,1820,1.7000,0.0000,2.03,58.78,206280,106280,40239,10159,713049
n012w8-0,n012w8,0,5,500000,100.0,adaptive,2026-07-02T23:09:42+01:00,62,60,8,101,31,0,720,500000,100.000000,0.000100,9.854986,83863,4,0,0,1715,1715,1775,1.2000,0.0000,2.05,59.70,183863,83863,41263,10238,740802
n012w8-0,n012w8,0,5,500000,100.0,adaptive,2026-07-02T23:09:42+01:00,63,61,8,101,31,0,724,500000,100.000000,0.000100,0.000000,0,4,0,0,1800,1770,1770,0.0000,0.0000,2.11,58.78,150172,0,39645,10573,712926
n012w8-0,n012w8,0,5,500000,100.0,adaptive,2026-07-02T23:09:42+01:00,61,59,8,101,30,0,737,500000,100.000000,0.000100,2.637376,131570,3,0,0,1755,1755,1805,1.0000,0.0000,2.05,60.39,231570,131570,42223,10262,762384
n012w8-0,n012w8,0,5,500000,100.0,adaptive,2026-07-02T23:09:42+01:00,64,62,8,101,32,0,727,500000,100.000000,0.000100,16.644088,64896,4,0,0,1750,1740,1765,0.5000,0.0000,2.02,59.56,164896,64896,42554,10111,736550
n012w8-0,n012w8,0,5,500000,100.0,adaptive,2026-07-02T23:09:42+01:00,65,63,8,101,32,0,704,500000,100.000000,0.000100,0.000000,0,4,0,0,1825,1755,1755,0.0000,0.0000,2.04,58.86,150172,0,31007,10204,715426
n012w8-0,n012w8,0,5,500000,100.0,adaptive,2026-07-02T23:09:42+01:00,66,64,8,101,33,0,704,500000,100.000000,0.000100,0.000000,0,4,0,0,1815,1740,1740,0.0000,0.0000,2.02,58.80,150172,0,53206,10097,713704
n012w8-0,n012w8,0,5,500000,100.0,adaptive,2026-07-02T23:09:42+01:00,67,65,8,101,33,0,698,500000,100.000000,0.000100,0.000000,0,4,0,0,1795,1730,1730,0.0000,0.0000,2.06,60.36,150172,0,43168,10296,761289
n012w8-0,n012w8,0,5,500000,100.0,adaptive,2026-07-02T23:09:42+01:00,69,67,8,101,34,0,708,500000,100.000000,0.000100,6.391518,99534,4,0,1,1705,1690,1705,0.3000,0.0000,2.07,59.63,199534,99534,47634,10334,738666
n012w8-0,n012w8,0,5,500000,100.0,adaptive,2026-07-02T23:09:42+01:00,70,68,8,101,35,0,708,500000,100.000000,0.000100,0.000000,0,4,0,1,1795,1690,1690,0.0000,0.0000,2.04,58.90,150172,0,52823,10186,716655
n012w8-0,n012w8,0,5,500000,100.0,adaptive,2026-07-02T23:09:42+01:00,68,66,8,101,34,0,714,500000,100.000000,0.000100,0.000000,0,4,0,0,1800,1725,1725,0.0000,0.0000,2.04,60.18,150172,0,47244,10216,755751
