run_id,instance,seed,beam_width,iterations,temperature,cooling_mode,timestamp,week,worker_id,beam_path,candidate,elapsed_ms,temperature_at_event,current_penalty,previous_best,new_best,improvement,improvement_percent,event_type,branch_depth,seed_used,accepted_worse_count,hard_reject_count,soft_reject_count,discovery_number,cands_since_previous,time_since_previous_ms,improvement_per_10k,improvement_per_second,post_reheat_improved,post_reheat_best_delta,post_reheat_candidates_to_improve,post_reheat_spawned_branch,post_reheat_beat_global,post_reheat_on_winning_lineage
n012w8-0,n012w8,0,5,500000,100.0,adaptive,2026-07-04T12:33:52+01:00,1,2,2,1,1,0.000000,3635,3800,3635,165,4.3421,LOCAL_BEST,0,123,0,10,0,1,1,1,1650000.0000,165000.0000,0,0,0,0,0,0
n012w8-0,n012w8,0,5,500000,100.0,adaptive,2026-07-04T12:33:52+01:00,1,8,2,1,91,0.000000,550,580,550,30,5.1724,LOCAL_BEST,3,123,0,2,0,2,0,90,0.0000,333.3333,0,0,0,0,0,0
n012w8-0,n012w8,0,5,500000,100.0,adaptive,2026-07-04T12:33:52+01:00,1,2,2,2,1,0.000000,3625,3635,3625,10,0.2751,LOCAL_BEST,0,123,0,10,0,3,1,-90,100000.0000,0.0000,0,0,0,0,0,0
n012w8-0,n012w8,0,5,500000,100.0,adaptive,2026-07-04T12:33:52+01:00,1,3,2,2,1,0.000000,3635,3800,3635,165,4.3421,LOCAL_BEST,0,123,0,2,0,4,0,0,0.0000,0.0000,0,0,0,0,0,0
n012w8-0,n012w8,0,5,500000,100.0,adaptive,2026-07-04T12:33:52+01:00,1,1,2,3,1,99.994474,3565,3800,3565,235,6.1842,GLOBAL_BEST,0,123,0,16,0,5,1,0,2350000.0000,0.0000,0,0,0,0,0,0
n012w8-0,n012w8,0,5,500000,100.0,adaptive,2026-07-04T12:33:52+01:00,1,2,2,3,1,0.000000,3580,3625,3580,45,1.2414,LOCAL_BEST,0,123,0,10,0,6,0,0,0.0000,0.0000,0,0,0,0,0,0
n012w8-0,n012w8,0,5,500000,100.0,adaptive,2026-07-04T12:33:52+01:00,1,1,2,4,1,99.991711,3415,3565,3415,150,4.2076,GLOBAL_BEST,0,123,0,17,0,7,1,0,1500000.0000,0.0000,0,0,0,0,0,0
n012w8-0,n012w8,0,5,500000,100.0,adaptive,2026-07-04T12:33:52+01:00,1,2,2,4,1,0.000000,3550,3580,3550,30,0.8380,LOCAL_BEST,0,123,0,13,0,8,0,0,0.0000,0.0000,0,0,0,0,0,0
n012w8-0,n012w8,0,5,500000,100.0,adaptive,2026-07-04T12:33:52+01:00,1,3,2,4,1,0.000000,3545,3635,3545,90,2.4759,LOCAL_BEST,0,123,0,10,0,9,0,0,0.0000,0.0000,0,0,0,0,0,0
n012w8-0,n012w8,0,5,500000,100.0,adaptive,2026-07-04T12:33:52+01:00,1,2,2,9,1,0.000000,3415,3550,3415,135,3.8028,LOCAL_BEST,0,123,0,25,0,10,5,0,270000.0000,0.0000,0,0,0,0,0,0
n012w8-0,n012w8,0,5,500000,100.0,adaptive,2026-07-04T12:33:52+01:00,1,3,2,9,1,0.000000,3500,3545,3500,45,1.2694,LOCAL_BEST,0,123,3,16,0,11,0,0,0.0000,0.0000,0,0,0,0,0,0
n012w8-0,n012w8,0,5,500000,100.0,adaptive,2026-07-04T12:33:52+01:00,1,1,2,10,1,99.975135,3275,3415,3275,140,4.0996,GLOBAL_BEST,0,123,1,27,1,12,1,0,1400000.0000,0.0000,0,0,0,0,0,0
n012w8-0,n012w8,0,5,500000,100.0,adaptive,2026-07-04T12:33:52+01:00,1,3,2,10,1,0.000000,3260,3500,3260,240,6.8571,LOCAL_BEST,0,123,3,16,0,13,0,0,0.0000,0.0000,0,0,0,0,0,0
n012w8-0,n012w8,0,5,500000,100.0,adaptive,2026-07-04T12:33:52+01:00,1,1,2,11,1,99.972373,3065,3275,3065,210,6.4122,GLOBAL_BEST,0,123,1,35,1,14,1,0,2100000.0000,0.0000,0,0,0,0,0,0
n012w8-0,n012w8,0,5,500000,100.0,adaptive,2026-07-04T12:33:52+01:00,1,3,2,11,1,0.000000,2990,3260,2990,270,8.2822,LOCAL_BEST,0,123,3,17,0,15,0,0,0.0000,0.0000,0,0,0,0,0,0
n012w8-0,n012w8,0,5,500000,100.0,adaptive,2026-07-04T12:33:52+01:00,1,1,2,12,1,99.969610,3035,3065,3035,30,0.9788,GLOBAL_BEST,0,123,1,42,1,16,1,0,300000.0000,0.0000,0,0,0,0,0,0
n012w8-0,n012w8,0,5,500000,100.0,adaptive,2026-07-04T12:33:52+01:00,1,2,2,13,1,0.000000,3385,3415,3385,30,0.8785,LOCAL_BEST,0,123,0,33,0,17,1,0,300000.0000,0.0000,0,0,0,0,0,0
n012w8-0,n012w8,0,5,500000,100.0,adaptive,2026-07-04T12:33:52+01:00,1,3,2,13,1,0.000000,2850,2990,2850,140,4.6823,LOCAL_BEST,0,123,4,22,0,18,0,0,0.0000,0.0000,0,0,0,0,0,0
n012w8-0,n012w8,0,5,500000,100.0,adaptive,2026-07-04T12:33:52+01:00,1,1,2,14,1,99.964086,2895,3035,2895,140,4.6129,GLOBAL_BEST,0,123,2,50,1,19,1,0,1400000.0000,0.0000,0,0,0,0,0,0
n012w8-0,n012w8,0,5,500000,100.0,adaptive,2026-07-04T12:33:52+01:00,1,2,2,14,1,0.000000,3350,3385,3350,35,1.0340,LOCAL_BEST,0,123,0,34,0,20,0,0,0.0000,0.0000,0,0,0,0,0,0
n012w8-0,n012w8,0,5,500000,100.0,adaptive,2026-07-04T12:33:52+01:00,1,2,2,16,1,0.000000,3215,3350,3215,135,4.0299,LOCAL_BEST,0,123,0,38,0,21,2,0,675000.0000,0.0000,0,0,0,0,0,0
n012w8-0,n012w8,0,5,500000,100.0,adaptive,2026-07-04T12:33:52+01:00,1,3,2,16,1,0.000000,2845,2850,2845,5,0.1754,LOCAL_BEST,0,123,5,30,0,22,0,0,0.0000,0.0000,0,0,0,0,0,0
n012w8-0,n012w8,0,5,500000,100.0,adaptive,2026-07-04T12:33:52+01:00,1,1,2,19,1,99.950277,2810,2895,2810,85,2.9361,GLOBAL_BEST,0,123,5,58,1,23,3,0,283333.3333,0.0000,0,0,0,0,0,0
n012w8-0,n012w8,0,5,500000,100.0,adaptive,2026-07-04T12:33:52+01:00,1,1,2,20,1,99.947515,2720,2810,2720,90,3.2028,GLOBAL_BEST,0,123,5,60,1,24,1,0,900000.0000,0.0000,0,0,0,0,0,0
n012w8-0,n012w8,0,5,500000,100.0,adaptive,2026-07-04T12:33:52+01:00,1,2,2,20,1,0.000000,3050,3215,3050,165,5.1322,LOCAL_BEST,0,123,0,44,0,25,0,0,0.0000,0.0000,0,0,0,0,0,0
n012w8-0,n012w8,0,5,500000,100.0,adaptive,2026-07-04T12:33:52+01:00,1,1,2,21,1,99.944753,2690,2720,2690,30,1.1029,GLOBAL_BEST,0,123,5,64,1,26,1,0,300000.0000,0.0000,0,0,0,0,0,0
n012w8-0,n012w8,0,5,500000,100.0,adaptive,2026-07-04T12:33:52+01:00,1,1,2,22,1,99.941992,2630,2690,2630,60,2.2305,GLOBAL_BEST,0,123,5,65,1,27,1,0,600000.0000,0.0000,0,0,0,0,0,0
n012w8-0,n012w8,0,5,500000,100.0,adaptive,2026-07-04T12:33:52+01:00,1,2,2,22,1,0.000000,3020,3050,3020,30,0.9836,LOCAL_BEST,0,123,0,48,0,28,0,0,0.0000,0.0000,0,0,0,0,0,0
n012w8-0,n012w8,0,5,500000,100.0,adaptive,2026-07-04T12:33:52+01:00,1,2,2,23,1,0.000000,2870,3020,2870,150,4.9669,LOCAL_BEST,0,123,0,52,0,29,1,0,1500000.0000,0.0000,0,0,0,0,0,0
n012w8-0,n012w8,0,5,500000,100.0,adaptive,2026-07-04T12:33:52+01:00,1,1,2,25,1,99.933708,2540,2630,2540,90,3.4221,GLOBAL_BEST,0,123,5,66,2,30,2,0,450000.0000,0.0000,0,0,0,0,0,0
n012w8-0,n012w8,0,5,500000,100.0,adaptive,2026-07-04T12:33:52+01:00,1,2,2,25,1,0.000000,2810,2870,2810,60,2.0906,LOCAL_BEST,0,123,0,54,0,31,0,0,0.0000,0.0000,0,0,0,0,0,0
n012w8-0,n012w8,0,5,500000,100.0,adaptive,2026-07-04T12:33:52+01:00,1,1,2,27,1,99.928185,2510,2540,2510,30,1.1811,GLOBAL_BEST,0,123,5,68,2,32,2,0,150000.0000,0.0000,0,0,0,0,0,0
n012w8-0,n012w8,0,5,500000,100.0,adaptive,2026-07-04T12:33:52+01:00,1,1,2,30,1,99.919902,2480,2510,2480,30,1.1952,GLOBAL_BEST,0,123,5,72,3,33,3,0,100000.0000,0.0000,0,0,0,0,0,0
n012w8-0,n012w8,0,5,500000,100.0,adaptive,2026-07-04T12:33:52+01:00,1,1,2,31,1,99.917141,2420,2480,2420,60,2.4194,GLOBAL_BEST,0,123,5,73,3,34,1,0,600000.0000,0.0000,0,0,0,0,0,0
n012w8-0,n012w8,0,5,500000,100.0,adaptive,2026-07-04T12:33:52+01:00,1,1,2,32,1,99.914381,2390,2420,2390,30,1.2397,GLOBAL_BEST,0,123,5,76,3,35,1,0,300000.0000,0.0000,0,0,0,0,0,0
n012w8-0,n012w8,0,5,500000,100.0,adaptive,2026-07-04T12:33:52+01:00,1,5,2,32,44,0.000000,845,905,845,60,6.6298,GLOBAL_BEST,1,123,0,42,26,36,0,43,0.0000,1395.3488,0,0,0,0,0,0
n012w8-0,n012w8,0,5,500000,100.0,adaptive,2026-07-04T12:33:52+01:00,1,1,2,33,1,99.911620,2360,2390,2360,30,1.2552,GLOBAL_BEST,0,123,5,82,3,37,1,-43,300000.0000,0.0000,0,0,0,0,0,0
n012w8-0,n012w8,0,5,500000,100.0,adaptive,2026-07-04T12:33:52+01:00,1,2,2,33,1,0.000000,2740,2810,2740,70,2.4911,LOCAL_BEST,0,123,0,69,0,38,0,0,0.0000,0.0000,0,0,0,0,0,0
n012w8-0,n012w8,0,5,500000,100.0,adaptive,2026-07-04T12:33:52+01:00,1,1,2,34,1,99.908859,2260,2360,2260,100,4.2373,GLOBAL_BEST,0,123,5,82,3,39,1,0,1000000.0000,0.0000,0,0,0,0,0,0
n012w8-0,n012w8,0,5,500000,100.0,adaptive,2026-07-04T12:33:52+01:00,1,1,2,35,1,99.906099,2095,2260,2095,165,7.3009,GLOBAL_BEST,0,123,5,83,3,40,1,0,1650000.0000,0.0000,0,0,0,0,0,0
n012w8-0,n012w8,0,5,500000,100.0,adaptive,2026-07-04T12:33:52+01:00,1,2,2,39,1,0.000000,2590,2740,2590,150,5.4745,LOCAL_BEST,0,123,0,87,0,41,4,0,375000.0000,0.0000,0,0,0,0,0,0
n012w8-0,n012w8,0,5,500000,100.0,adaptive,2026-07-04T12:33:52+01:00,1,3,2,39,1,0.000000,2740,2845,2740,105,3.6907,LOCAL_BEST,0,123,14,72,2,42,0,0,0.0000,0.0000,0,0,0,0,0,0
n012w8-0,n012w8,0,5,500000,100.0,adaptive,2026-07-04T12:33:52+01:00,1,3,2,47,1,0.000000,2710,2740,2710,30,1.0949,LOCAL_BEST,0,123,16,88,2,43,8,0,37500.0000,0.0000,0,0,0,0,0,0
n012w8-0,n012w8,0,5,500000,100.0,adaptive,2026-07-04T12:33:52+01:00,1,1,2,50,1,99.864700,1950,2095,1950,145,6.9212,GLOBAL_BEST,0,123,8,109,5,44,3,0,483333.3333,0.0000,0,0,0,0,0,0
n012w8-0,n012w8,0,5,500000,100.0,adaptive,2026-07-04T12:33:52+01:00,1,3,2,50,1,0.000000,2545,2710,2545,165,6.0886,LOCAL_BEST,0,123,16,94,2,45,0,0,0.0000,0.0000,0,0,0,0,0,0
n012w8-0,n012w8,0,5,500000,100.0,adaptive,2026-07-04T12:33:52+01:00,1,1,2,51,1,99.861940,1935,1950,1935,15,0.7692,GLOBAL_BEST,0,123,8,110,5,46,1,0,150000.0000,0.0000,0,0,0,0,0,0
n012w8-0,n012w8,0,5,500000,100.0,adaptive,2026-07-04T12:33:52+01:00,1,3,2,51,1,0.000000,2425,2545,2425,120,4.7151,LOCAL_BEST,0,123,16,95,2,47,0,0,0.0000,0.0000,0,0,0,0,0,0
n012w8-0,n012w8,0,5,500000,100.0,adaptive,2026-07-04T12:33:52+01:00,1,3,2,52,1,0.000000,2335,2425,2335,90,3.7113,LOCAL_BEST,0,123,16,98,2,48,1,0,900000.0000,0.0000,0,0,0,0,0,0
n012w8-0,n012w8,0,5,500000,100.0,adaptive,2026-07-04T12:33:52+01:00,1,3,2,54,1,0.000000,2305,2335,2305,30,1.2848,LOCAL_BEST,0,123,16,100,2,49,2,0,150000.0000,0.0000,0,0,0,0,0,0
n012w8-0,n012w8,0,5,500000,100.0,adaptive,2026-07-04T12:33:52+01:00,1,3,2,56,1,0.000000,2215,2305,2215,90,3.9046,LOCAL_BEST,0,123,16,106,2,50,2,0,450000.0000,0.0000,0,0,0,0,0,0
n012w8-0,n012w8,0,5,500000,100.0,adaptive,2026-07-04T12:33:52+01:00,1,2,2,62,1,0.000000,2565,2590,2565,25,0.9653,LOCAL_BEST,0,123,0,126,0,51,6,0,41666.6667,0.0000,0,0,0,0,0,0
n012w8-0,n012w8,0,5,500000,100.0,adaptive,2026-07-04T12:33:52+01:00,1,3,2,62,1,0.000000,2105,2215,2105,110,4.9661,LOCAL_BEST,0,123,19,118,2,52,0,0,0.0000,0.0000,0,0,0,0,0,0
n012w8-0,n012w8,0,5,500000,100.0,adaptive,2026-07-04T12:33:52+01:00,1,2,2,63,1,0.000000,2235,2565,2235,330,12.8655,LOCAL_BEST,0,123,0,129,0,53,1,0,3300000.0000,0.0000,0,0,0,0,0,0
n012w8-0,n012w8,0,5,500000,100.0,adaptive,2026-07-04T12:33:52+01:00,1,1,2,64,1,99.826076,1875,1935,1875,60,3.1008,GLOBAL_BEST,0,123,12,127,10,54,1,0,600000.0000,0.0000,0,0,0,0,0,0
n012w8-0,n012w8,0,5,500000,100.0,adaptive,2026-07-04T12:33:52+01:00,1,2,2,66,1,0.000000,2165,2235,2165,70,3.1320,LOCAL_BEST,0,123,0,140,0,55,2,0,350000.0000,0.0000,0,0,0,0,0,0
n012w8-0,n012w8,0,5,500000,100.0,adaptive,2026-07-04T12:33:52+01:00,1,1,2,70,1,99.809528,1850,1875,1850,25,1.3333,GLOBAL_BEST,0,123,14,135,11,56,4,0,62500.0000,0.0000,0,0,0,0,0,0
n012w8-0,n012w8,0,5,500000,100.0,adaptive,2026-07-04T12:33:52+01:00,1,1,2,71,1,99.806770,1755,1850,1755,95,5.1351,GLOBAL_BEST,0,123,14,135,11,57,1,0,950000.0000,0.0000,0,0,0,0,0,0
n012w8-0,n012w8,0,5,500000,100.0,adaptive,2026-07-04T12:33:52+01:00,1,1,2,78,1,99.787467,1710,1755,1710,45,2.5641,GLOBAL_BEST,0,123,14,144,13,58,7,0,64285.7143,0.0000,0,0,0,0,0,0
n012w8-0,n012w8,0,5,500000,100.0,adaptive,2026-07-04T12:33:52+01:00,1,2,2,100,1,0.000000,2150,2165,2150,15,0.6928,LOCAL_BEST,0,123,0,209,0,59,22,0,6818.1818,0.0000,0,0,0,0,0,0
n012w8-0,n012w8,0,5,500000,100.0,adaptive,2026-07-04T12:33:52+01:00,1,1,2,103,1,99.718560,1680,1710,1680,30,1.7544,GLOBAL_BEST,0,123,18,181,24,60,3,0,100000.0000,0.0000,0,0,0,0,0,0
n012w8-0,n012w8,0,5,500000,100.0,adaptive,2026-07-04T12:33:52+01:00,1,5,2,107,45,0.000000,815,845,815,30,3.5503,GLOBAL_BEST,1,123,0,180,88,61,4,44,75000.0000,681.8182,0,0,0,0,0,0
n012w8-0,n012w8,0,5,500000,100.0,adaptive,2026-07-04T12:33:52+01:00,1,5,2,116,45,0.000000,785,815,785,30,3.6810,GLOBAL_BEST,1,123,0,201,93,62,9,0,33333.3333,0.0000,0,0,0,0,0,0
n012w8-0,n012w8,0,5,500000,100.0,adaptive,2026-07-04T12:33:52+01:00,1,1,2,169,1,99.536875,1645,1680,1645,35,2.0833,GLOBAL_BEST,0,123,33,280,48,63,53,-44,6603.7736,0.0000,0,0,0,0,0,0
n012w8-0,n012w8,0,5,500000,100.0,adaptive,2026-07-04T12:33:52+01:00,1,1,2,175,1,99.520374,1615,1645,1615,30,1.8237,GLOBAL_BEST,0,123,34,285,50,64,6,0,50000.0000,0.0000,0,0,0,0,0,0
n012w8-0,n012w8,0,5,500000,100.0,adaptive,2026-07-04T12:33:52+01:00,1,1,2,185,1,99.492879,1435,1615,1435,180,11.1455,GLOBAL_BEST,0,123,37,298,54,65,10,0,180000.0000,0.0000,0,0,0,0,0,0
n012w8-0,n012w8,0,5,500000,100.0,adaptive,2026-07-04T12:33:52+01:00,1,1,2,186,1,99.490130,1375,1435,1375,60,4.1812,GLOBAL_BEST,0,123,37,299,54,66,1,0,600000.0000,0.0000,0,0,0,0,0,0
n012w8-0,n012w8,0,5,500000,100.0,adaptive,2026-07-04T12:33:52+01:00,1,8,2,204,91,0.000000,535,550,535,15,2.7273,GLOBAL_BEST,3,123,0,313,177,67,18,90,8333.3333,166.6667,0,0,0,0,0,0
n012w8-0,n012w8,0,5,500000,100.0,adaptive,2026-07-04T12:33:52+01:00,1,2,2,331,2,0.000000,2080,2150,2080,70,3.2558,LOCAL_BEST,0,123,0,640,0,68,127,-89,5511.8110,0.0000,0,0,0,0,0,0
n012w8-0,n012w8,0,5,500000,100.0,adaptive,2026-07-04T12:33:52+01:00,1,2,2,334,2,0.000000,1990,2080,1990,90,4.3269,LOCAL_BEST,0,123,0,642,0,69,3,0,300000.0000,0.0000,0,0,0,0,0,0
n012w8-0,n012w8,0,5,500000,100.0,adaptive,2026-07-04T12:33:52+01:00,1,2,2,335,2,0.000000,1960,1990,1960,30,1.5075,LOCAL_BEST,0,123,0,642,0,70,1,0,300000.0000,0.0000,0,0,0,0,0,0
n012w8-0,n012w8,0,5,500000,100.0,adaptive,2026-07-04T12:33:52+01:00,1,2,2,340,2,0.000000,1820,1960,1820,140,7.1429,LOCAL_BEST,0,123,0,651,0,71,5,0,280000.0000,0.0000,0,0,0,0,0,0
n012w8-0,n012w8,0,5,500000,100.0,adaptive,2026-07-04T12:33:52+01:00,1,8,2,387,93,0.000000,520,535,520,15,2.8037,GLOBAL_BEST,3,123,0,586,337,72,47,91,3191.4894,164.8352,0,0,0,0,0,0
n012w8-0,n012w8,0,5,500000,100.0,adaptive,2026-07-04T12:33:52+01:00,1,8,2,435,93,0.000000,505,520,505,15,2.8846,GLOBAL_BEST,3,123,0,634,376,73,48,0,3125.0000,0.0000,0,0,0,0,0,0
n012w8-0,n012w8,0,5,500000,100.0,adaptive,2026-07-04T12:33:52+01:00,1,2,2,436,2,0.000000,1715,1820,1715,105,5.7692,LOCAL_BEST,0,123,0,798,0,74,1,-91,1050000.0000,0.0000,0,0,0,0,0,0
n012w8-0,n012w8,0,5,500000,100.0,adaptive,2026-07-04T12:33:52+01:00,1,3,2,455,2,0.000000,2075,2105,2075,30,1.4252,LOCAL_BEST,0,123,176,805,23,75,19,0,15789.4737,0.0000,0,0,0,0,0,0
n012w8-0,n012w8,0,5,500000,100.0,adaptive,2026-07-04T12:33:52+01:00,1,5,2,488,46,0.000000,750,785,750,35,4.4586,GLOBAL_BEST,1,123,0,828,398,76,33,44,10606.0606,795.4545,0,0,0,0,0,0
n012w8-0,n012w8,0,5,500000,100.0,adaptive,2026-07-04T12:33:52+01:00,1,5,2,489,46,0.000000,690,750,690,60,8.0000,GLOBAL_BEST,1,123,0,829,398,77,1,0,600000.0000,0.0000,0,0,0,0,0,0
n012w8-0,n012w8,0,5,500000,100.0,adaptive,2026-07-04T12:33:52+01:00,1,3,2,646,2,0.000000,2050,2075,2050,25,1.2048,LOCAL_BEST,0,123,249,1144,30,78,157,-44,1592.3567,0.0000,0,0,0,0,0,0
n012w8-0,n012w8,0,5,500000,100.0,adaptive,2026-07-04T12:33:52+01:00,1,3,2,1102,3,0.000000,2045,2050,2045,5,0.2439,LOCAL_BEST,0,123,424,1964,46,79,456,1,109.6491,5000.0000,0,0,0,0,0,0
n012w8-0,n012w8,0,5,500000,100.0,adaptive,2026-07-04T12:33:52+01:00,1,2,2,1261,3,0.000000,1685,1715,1685,30,1.7493,LOCAL_BEST,0,123,0,2278,26,80,159,0,1886.7925,0.0000,0,0,0,0,0,0
n012w8-0,n012w8,0,5,500000,100.0,adaptive,2026-07-04T12:33:52+01:00,1,3,2,1307,3,0.000000,1985,2045,1985,60,2.9340,LOCAL_BEST,0,123,503,2311,51,81,46,0,13043.4783,0.0000,0,0,0,0,0,0
n012w8-0,n012w8,0,5,500000,100.0,adaptive,2026-07-04T12:33:52+01:00,1,3,2,1308,3,0.000000,1880,1985,1880,105,5.2897,LOCAL_BEST,0,123,503,2311,51,82,1,0,1050000.0000,0.0000,0,0,0,0,0,0
n012w8-0,n012w8,0,5,500000,100.0,adaptive,2026-07-04T12:33:52+01:00,1,3,2,1329,3,0.000000,1860,1880,1860,20,1.0638,LOCAL_BEST,0,123,512,2331,52,83,21,0,9523.8095,0.0000,0,0,0,0,0,0
n012w8-0,n012w8,0,5,500000,100.0,adaptive,2026-07-04T12:33:52+01:00,1,3,2,1333,3,0.000000,1840,1860,1840,20,1.0753,LOCAL_BEST,0,123,513,2333,53,84,4,0,50000.0000,0.0000,0,0,0,0,0,0
n012w8-0,n012w8,0,5,500000,100.0,adaptive,2026-07-04T12:33:52+01:00,1,3,2,1339,3,0.000000,1830,1840,1830,10,0.5435,LOCAL_BEST,0,123,514,2343,54,85,6,0,16666.6667,0.0000,0,0,0,0,0,0
n012w8-0,n012w8,0,5,500000,100.0,adaptive,2026-07-04T12:33:52+01:00,1,2,2,1349,3,0.000000,1635,1685,1635,50,2.9674,LOCAL_BEST,0,123,0,2421,36,86,10,0,50000.0000,0.0000,0,0,0,0,0,0
n012w8-0,n012w8,0,5,500000,100.0,adaptive,2026-07-04T12:33:52+01:00,1,1,2,1570,4,95.757324,1355,1375,1355,20,1.4545,GLOBAL_BEST,0,123,408,2604,514,87,221,1,904.9774,20000.0000,0,0,0,0,0,0
n012w8-0,n012w8,0,5,500000,100.0,adaptive,2026-07-04T12:33:52+01:00,1,1,2,1579,4,95.733514,1265,1355,1265,90,6.6421,GLOBAL_BEST,0,123,409,2614,518,88,9,0,100000.0000,0.0000,0,0,0,0,0,0
n012w8-0,n012w8,0,5,500000,100.0,adaptive,2026-07-04T12:33:52+01:00,1,1,2,1886,4,94.924868,1250,1265,1250,15,1.1858,GLOBAL_BEST,0,123,487,3118,613,89,307,0,488.5993,0.0000,0,0,0,0,0,0
n012w8-0,n012w8,0,5,500000,100.0,adaptive,2026-07-04T12:33:52+01:00,1,1,2,1890,4,94.914377,1160,1250,1160,90,7.2000,GLOBAL_BEST,0,123,487,3129,616,90,4,0,225000.0000,0.0000,0,0,0,0,0,0
n012w8-0,n012w8,0,5,500000,100.0,adaptive,2026-07-04T12:33:52+01:00,1,1,2,1892,4,94.909132,1145,1160,1145,15,1.2931,GLOBAL_BEST,0,123,487,3129,617,91,2,0,75000.0000,0.0000,0,0,0,0,0,0
n012w8-0,n012w8,0,5,500000,100.0,adaptive,2026-07-04T12:33:52+01:00,1,1,2,1893,4,94.906509,1060,1145,1060,85,7.4236,GLOBAL_BEST,0,123,487,3129,617,92,1,0,850000.0000,0.0000,0,0,0,0,0,0
n012w8-0,n012w8,0,5,500000,100.0,adaptive,2026-07-04T12:33:52+01:00,1,2,2,2286,5,0.000000,1470,1635,1470,165,10.0917,LOCAL_BEST,0,123,0,4152,191,93,393,1,4198.4733,165000.0000,0,0,0,0,0,0
n012w8-0,n012w8,0,5,500000,100.0,adaptive,2026-07-04T12:33:52+01:00,1,2,2,3811,7,0.000000,1440,1470,1440,30,2.0408,LOCAL_BEST,0,123,0,6566,543,94,1525,2,196.7213,15000.0000,0,0,0,0,0,0
n012w8-0,n012w8,0,5,500000,100.0,adaptive,2026-07-04T12:33:52+01:00,1,8,2,4370,99,0.000000,490,505,490,15,2.9703,GLOBAL_BEST,3,123,0,6472,3864,95,559,92,268.3363,163.0435,0,0,0,0,0,0
n012w8-0,n012w8,0,5,500000,100.0,adaptive,2026-07-04T12:33:52+01:00,1,3,2,4488,9,0.000000,1780,1830,1780,50,2.7322,LOCAL_BEST,0,123,1739,7986,181,96,118,-90,4237.2881,0.0000,0,0,0,0,0,0
n012w8-0,n012w8,0,5,500000,100.0,adaptive,2026-07-04T12:33:52+01:00,1,2,2,4779,9,0.000000,1400,1440,1400,40,2.7778,LOCAL_BEST,0,123,0,8256,846,97,291,0,1374.5704,0.0000,0,0,0,0,0,0
n012w8-0,n012w8,0,5,500000,100.0,adaptive,2026-07-04T12:33:52+01:00,1,5,2,5062,53,0.000000,685,690,685,5,0.7246,GLOBAL_BEST,1,123,0,7724,4096,98,283,44,176.6784,113.6364,0,0,0,0,0,0
n012w8-0,n012w8,0,5,500000,100.0,adaptive,2026-07-04T12:33:52+01:00,1,5,2,5429,54,0.000000,680,685,680,5,0.7299,GLOBAL_BEST,1,123,0,8247,4388,99,367,1,136.2398,5000.0000,0,0,0,0,0,0
n012w8-0,n012w8,0,5,500000,100.0,adaptive,2026-07-04T12:33:52+01:00,1,2,2,7723,14,0.000000,1395,1400,1395,5,0.3571,LOCAL_BEST,0,123,0,13359,1898,100,2294,-40,21.7960,0.0000,0,0,0,0,0,0
n012w8-0,n012w8,0,5,500000,100.0,adaptive,2026-07-04T12:33:52+01:00,1,3,2,7974,16,0.000000,1775,1780,1775,5,0.2809,LOCAL_BEST,0,123,3009,14171,325,101,251,2,199.2032,2500.0000,0,0,0,0,0,0
n012w8-0,n012w8,0,5,500000,100.0,adaptive,2026-07-04T12:33:52+01:00,1,3,2,8220,16,0.000000,1765,1775,1765,10,0.5634,LOCAL_BEST,0,123,3108,14619,337,102,246,0,406.5041,0.0000,0,0,0,0,0,0
n012w8-0,n012w8,0,5,500000,100.0,adaptive,2026-07-04T12:33:52+01:00,1,3,2,8221,16,0.000000,1715,1765,1715,50,2.8329,LOCAL_BEST,0,123,3108,14620,337,103,1,0,500000.0000,0.0000,0,0,0,0,0,0
n012w8-0,n012w8,0,5,500000,100.0,adaptive,2026-07-04T12:33:52+01:00,1,2,2,8278,16,0.000000,1365,1395,1365,30,2.1505,LOCAL_BEST,0,123,0,14365,2140,104,57,0,5263.1579,0.0000,0,0,0,0,0,0
n012w8-0,n012w8,0,5,500000,100.0,adaptive,2026-07-04T12:33:52+01:00,1,2,2,8283,16,0.000000,1255,1365,1255,110,8.0586,LOCAL_BEST,0,123,0,14375,2141,105,5,0,220000.0000,0.0000,0,0,0,0,0,0
n012w8-0,n012w8,0,5,500000,100.0,adaptive,2026-07-04T12:33:52+01:00,1,1,2,8358,16,79.380897,1050,1060,1050,10,0.9434,GLOBAL_BEST,0,123,2009,14370,2948,106,75,0,1333.3333,0.0000,0,0,0,0,0,0
n012w8-0,n012w8,0,5,500000,100.0,adaptive,2026-07-04T12:33:52+01:00,1,2,2,9827,18,0.000000,1245,1255,1245,10,0.7968,LOCAL_BEST,0,123,0,16905,2842,107,1469,2,68.0735,5000.0000,0,0,0,0,0,0
n012w8-0,n012w8,0,5,500000,100.0,adaptive,2026-07-04T12:33:52+01:00,1,5,2,10535,63,0.000000,675,680,675,5,0.7353,GLOBAL_BEST,1,123,0,16252,8694,108,708,45,70.6215,111.1111,0,0,0,0,0,0
n012w8-0,n012w8,0,5,500000,100.0,adaptive,2026-07-04T12:33:52+01:00,1,5,2,12350,65,0.000000,645,675,645,30,4.4444,GLOBAL_BEST,1,123,0,18854,10256,109,1815,2,165.2893,15000.0000,0,0,0,0,0,0
n012w8-0,n012w8,0,5,500000,100.0,adaptive,2026-07-04T12:33:52+01:00,1,2,2,13781,24,0.000000,1235,1245,1235,10,0.8032,LOCAL_BEST,0,123,0,23200,4747,110,1431,-41,69.8812,0.0000,0,0,0,0,0,0
n012w8-0,n012w8,0,5,500000,100.0,adaptive,2026-07-04T12:33:52+01:00,1,8,2,14112,114,0.000000,470,490,470,20,4.0816,LOCAL_BEST,3,123,0,20752,12642,111,331,90,604.2296,222.2222,0,0,0,0,0,0
n012w8-0,n012w8,0,5,500000,100.0,adaptive,2026-07-04T12:33:52+01:00,1,8,2,14319,115,0.000000,455,470,455,15,3.1915,LOCAL_BEST,3,123,0,21029,12816,112,207,1,724.6377,15000.0000,0,0,0,0,0,0
n012w8-0,n012w8,0,5,500000,100.0,adaptive,2026-07-04T12:33:52+01:00,1,2,2,14456,26,0.000000,1230,1235,1230,5,0.4049,LOCAL_BEST,0,123,0,24349,5090,113,137,-89,364.9635,0.0000,0,0,0,0,0,0
n012w8-0,n012w8,0,5,500000,100.0,adaptive,2026-07-04T12:33:52+01:00,1,1,2,14634,26,66.742735,1000,1050,1000,50,4.7619,GLOBAL_BEST,0,123,3348,24813,5741,114,178,0,2808.9888,0.0000,0,0,0,0,0,0
n012w8-0,n012w8,0,5,500000,100.0,adaptive,2026-07-04T12:33:52+01:00,1,1,2,14648,26,66.716922,970,1000,970,30,3.0000,GLOBAL_BEST,0,123,3350,24830,5748,115,14,0,21428.5714,0.0000,0,0,0,0,0,0
n012w8-0,n012w8,0,5,500000,100.0,adaptive,2026-07-04T12:33:52+01:00,1,2,2,15220,27,0.000000,1170,1230,1170,60,4.8780,LOCAL_BEST,0,123,0,25608,5494,116,572,1,1048.9510,60000.0000,0,0,0,0,0,0
n012w8-0,n012w8,0,5,500000,100.0,adaptive,2026-07-04T12:33:52+01:00,1,2,2,15324,27,0.000000,1145,1170,1145,25,2.1368,LOCAL_BEST,0,123,0,25762,5554,117,104,0,2403.8462,0.0000,0,0,0,0,0,0
n012w8-0,n012w8,0,5,500000,100.0,adaptive,2026-07-04T12:33:52+01:00,1,2,2,15411,27,0.000000,1115,1145,1115,30,2.6201,LOCAL_BEST,0,123,0,25907,5598,118,87,0,3448.2759,0.0000,0,0,0,0,0,0
n012w8-0,n012w8,0,5,500000,100.0,adaptive,2026-07-04T12:33:52+01:00,1,2,2,15412,27,0.000000,1085,1115,1085,30,2.6906,LOCAL_BEST,0,123,0,25908,5598,119,1,0,300000.0000,0.0000,0,0,0,0,0,0
n012w8-0,n012w8,0,5,500000,100.0,adaptive,2026-07-04T12:33:52+01:00,1,1,2,18106,33,60.637320,965,970,965,5,0.5155,GLOBAL_BEST,0,123,4000,30462,7391,120,2694,6,18.5598,833.3333,0,0,0,0,0,0
n012w8-0,n012w8,0,5,500000,100.0,adaptive,2026-07-04T12:33:52+01:00,1,2,2,18421,33,0.000000,1080,1085,1080,5,0.4608,LOCAL_BEST,0,123,0,30885,7227,121,315,0,158.7302,0.0000,0,0,0,0,0,0
n012w8-0,n012w8,0,5,500000,100.0,adaptive,2026-07-04T12:33:52+01:00,1,2,2,18441,33,0.000000,1065,1080,1065,15,1.3889,LOCAL_BEST,0,123,0,30923,7234,122,20,0,7500.0000,0.0000,0,0,0,0,0,0
n012w8-0,n012w8,0,5,500000,100.0,adaptive,2026-07-04T12:33:52+01:00,1,2,2,18462,33,0.000000,1010,1065,1010,55,5.1643,LOCAL_BEST,0,123,0,30968,7244,123,21,0,26190.4762,0.0000,0,0,0,0,0,0
n012w8-0,n012w8,0,5,500000,100.0,adaptive,2026-07-04T12:33:52+01:00,1,5,2,18519,75,0.000000,620,645,620,25,3.8760,GLOBAL_BEST,1,123,0,28341,15514,124,57,42,4385.9649,595.2381,0,0,0,0,0,0
n012w8-0,n012w8,0,5,500000,100.0,adaptive,2026-07-04T12:33:52+01:00,1,5,2,19047,76,0.000000,605,620,605,15,2.4194,GLOBAL_BEST,1,123,0,29106,15949,125,528,1,284.0909,15000.0000,0,0,0,0,0,0
n012w8-0,n012w8,0,5,500000,100.0,adaptive,2026-07-04T12:33:52+01:00,1,8,2,19595,126,0.000000,450,455,450,5,1.0989,LOCAL_BEST,3,123,0,28867,17435,126,548,50,91.2409,100.0000,0,0,0,0,0,0
n012w8-0,n012w8,0,5,500000,100.0,adaptive,2026-07-04T12:33:52+01:00,1,1,2,20289,36,57.087891,955,965,955,10,1.0363,GLOBAL_BEST,0,123,4398,34150,8510,127,694,-90,144.0922,0.0000,0,0,0,0,0,0
n012w8-0,n012w8,0,5,500000,100.0,adaptive,2026-07-04T12:33:52+01:00,1,1,2,20293,36,57.081582,940,955,940,15,1.5707,GLOBAL_BEST,0,123,4399,34158,8512,128,4,0,37500.0000,0.0000,0,0,0,0,0,0
n012w8-0,n012w8,0,5,500000,100.0,adaptive,2026-07-04T12:33:52+01:00,1,8,2,20980,129,0.000000,440,450,440,10,2.2222,GLOBAL_BEST,3,123,0,30865,18651,129,687,93,145.5604,107.5269,0,0,0,0,0,0
n012w8-0,n012w8,0,5,500000,100.0,adaptive,2026-07-04T12:33:52+01:00,1,4,2,21583,84,55.082799,885,905,885,20,2.2099,LOCAL_BEST,1,123,4644,35377,9199,130,603,-45,331.6750,0.0000,0,0,0,0,0,0
n012w8-0,n012w8,0,5,500000,100.0,adaptive,2026-07-04T12:33:52+01:00,1,2,2,22447,39,0.000000,995,1010,995,15,1.4851,LOCAL_BEST,0,123,0,37185,9649,131,864,-45,173.6111,0.0000,0,0,0,0,0,0
n012w8-0,n012w8,0,5,500000,100.0,adaptive,2026-07-04T12:33:52+01:00,1,2,2,23289,41,0.000000,985,995,985,10,1.0050,LOCAL_BEST,0,123,0,38650,10128,132,842,2,118.7648,5000.0000,0,0,0,0,0,0
n012w8-0,n012w8,0,5,500000,100.0,adaptive,2026-07-04T12:33:52+01:00,1,2,2,23427,41,0.000000,980,985,980,5,0.5076,LOCAL_BEST,0,123,0,38920,10211,133,138,0,362.3188,0.0000,0,0,0,0,0,0
n012w8-0,n012w8,0,5,500000,100.0,adaptive,2026-07-04T12:33:52+01:00,1,2,2,23456,41,0.000000,965,980,965,15,1.5306,LOCAL_BEST,0,123,0,38965,10226,134,29,0,5172.4138,0.0000,0,0,0,0,0,0
n012w8-0,n012w8,0,5,500000,100.0,adaptive,2026-07-04T12:33:52+01:00,1,2,2,23461,41,0.000000,920,965,920,45,4.6632,GLOBAL_BEST,0,123,0,38971,10229,135,5,0,90000.0000,0.0000,0,0,0,0,0,0
n012w8-0,n012w8,0,5,500000,100.0,adaptive,2026-07-04T12:33:52+01:00,1,5,2,24181,84,0.000000,590,605,590,15,2.4793,GLOBAL_BEST,1,123,0,37146,20294,136,720,43,208.3333,348.8372,0,0,0,0,0,0
n012w8-0,n012w8,0,5,500000,100.0,adaptive,2026-07-04T12:33:52+01:00,1,4,2,24616,89,50.654729,845,885,845,40,4.5198,LOCAL_BEST,1,123,5118,40347,10910,137,435,5,919.5402,8000.0000,0,0,0,0,0,0
n012w8-0,n012w8,0,5,500000,100.0,adaptive,2026-07-04T12:33:52+01:00,1,4,2,24678,89,50.568026,840,845,840,5,0.5917,LOCAL_BEST,1,123,5121,40503,10955,138,62,0,806.4516,0.0000,0,0,0,0,0,0
n012w8-0,n012w8,0,5,500000,100.0,adaptive,2026-07-04T12:33:52+01:00,1,4,2,24681,89,50.563834,780,840,780,60,7.1429,LOCAL_BEST,1,123,5122,40505,10956,139,3,0,200000.0000,0.0000,0,0,0,0,0,0
n012w8-0,n012w8,0,5,500000,100.0,adaptive,2026-07-04T12:33:52+01:00,1,3,2,25449,47,0.000000,1680,1715,1680,35,2.0408,LOCAL_BEST,0,123,9641,45582,1020,140,768,-42,455.7292,0.0000,0,0,0,0,0,0
n012w8-0,n012w8,0,5,500000,100.0,adaptive,2026-07-04T12:33:52+01:00,1,3,2,25451,47,0.000000,1575,1680,1575,105,6.2500,LOCAL_BEST,0,123,9642,45587,1020,141,2,0,525000.0000,0.0000,0,0,0,0,0,0
n012w8-0,n012w8,0,5,500000,100.0,adaptive,2026-07-04T12:33:52+01:00,1,3,2,25452,47,0.000000,1560,1575,1560,15,0.9524,LOCAL_BEST,0,123,9642,45591,1020,142,1,0,150000.0000,0.0000,0,0,0,0,0,0
n012w8-0,n012w8,0,5,500000,100.0,adaptive,2026-07-04T12:33:52+01:00,1,3,2,25453,47,0.000000,1500,1560,1500,60,3.8462,LOCAL_BEST,0,123,9642,45593,1020,143,1,0,600000.0000,0.0000,0,0,0,0,0,0
n012w8-0,n012w8,0,5,500000,100.0,adaptive,2026-07-04T12:33:52+01:00,1,3,2,25454,47,0.000000,1470,1500,1470,30,2.0000,LOCAL_BEST,0,123,9642,45594,1020,144,1,0,300000.0000,0.0000,0,0,0,0,0,0
n012w8-0,n012w8,0,5,500000,100.0,adaptive,2026-07-04T12:33:52+01:00,1,3,2,25455,47,0.000000,1455,1470,1455,15,1.0204,LOCAL_BEST,0,123,9642,45594,1020,145,1,0,150000.0000,0.0000,0,0,0,0,0,0
n012w8-0,n012w8,0,5,500000,100.0,adaptive,2026-07-04T12:33:52+01:00,1,2,2,25462,44,0.000000,905,920,905,15,1.6304,GLOBAL_BEST,0,123,0,42304,11476,146,7,-3,21428.5714,0.0000,0,0,0,0,0,0
n012w8-0,n012w8,0,5,500000,100.0,adaptive,2026-07-04T12:33:52+01:00,1,5,2,28332,91,0.000000,580,590,580,10,1.6949,GLOBAL_BEST,1,123,0,43391,23786,147,2870,47,34.8432,212.7660,0,0,0,0,0,0
n012w8-0,n012w8,0,5,500000,100.0,adaptive,2026-07-04T12:33:52+01:00,1,5,2,28334,91,0.000000,550,580,550,30,5.1724,GLOBAL_BEST,1,123,0,43391,23787,148,2,0,150000.0000,0.0000,0,0,0,0,0,0
n012w8-0,n012w8,0,5,500000,100.0,adaptive,2026-07-04T12:33:52+01:00,1,5,2,28972,92,0.000000,545,550,545,5,0.9091,LOCAL_BEST,1,123,0,44327,24331,149,638,1,78.3699,5000.0000,0,0,0,0,0,0
n012w8-0,n012w8,0,5,500000,100.0,adaptive,2026-07-04T12:33:52+01:00,1,2,2,29567,52,0.000000,880,905,880,25,2.7624,LOCAL_BEST,0,123,0,49057,14198,150,595,-40,420.1681,0.0000,0,0,0,0,0,0
n012w8-0,n012w8,0,5,500000,100.0,adaptive,2026-07-04T12:33:52+01:00,1,4,2,31237,100,42.185966,735,780,735,45,5.7692,LOCAL_BEST,1,123,6048,50933,14854,151,1670,48,269.4611,937.5000,0,0,0,0,0,0
n012w8-0,n012w8,0,5,500000,100.0,adaptive,2026-07-04T12:33:52+01:00,1,4,2,31245,101,42.176642,725,735,725,10,1.3605,LOCAL_BEST,1,123,6048,50940,14860,152,8,1,12500.0000,10000.0000,0,0,0,0,0,0
n012w8-0,n012w8,0,5,500000,100.0,adaptive,2026-07-04T12:33:52+01:00,1,4,2,31246,101,42.175477,710,725,710,15,2.0690,LOCAL_BEST,1,123,6048,50940,14860,153,1,0,150000.0000,0.0000,0,0,0,0,0,0
n012w8-0,n012w8,0,5,500000,100.0,adaptive,2026-07-04T12:33:52+01:00,1,5,2,31425,96,0.000000,540,545,540,5,0.9174,LOCAL_BEST,1,123,0,48199,26428,154,179,-5,279.3296,0.0000,0,0,0,0,0,0
n012w8-0,n012w8,0,5,500000,100.0,adaptive,2026-07-04T12:33:52+01:00,1,4,2,31516,101,41.862003,705,710,705,5,0.7042,LOCAL_BEST,1,123,6076,51313,15046,155,91,5,549.4505,1000.0000,0,0,0,0,0,0
n012w8-0,n012w8,0,5,500000,100.0,adaptive,2026-07-04T12:33:52+01:00,1,4,2,31520,101,41.857376,675,705,675,30,4.2553,LOCAL_BEST,1,123,6076,51323,15049,156,4,0,75000.0000,0.0000,0,0,0,0,0,0
n012w8-0,n012w8,0,5,500000,100.0,adaptive,2026-07-04T12:33:52+01:00,1,1,2,31998,56,41.308174,925,940,925,15,1.5957,LOCAL_BEST,0,123,6200,53006,15186,157,478,-45,313.8075,0.0000,0,0,0,0,0,0
n012w8-0,n012w8,0,5,500000,100.0,adaptive,2026-07-04T12:33:52+01:00,1,5,2,32474,97,0.000000,525,540,525,15,2.7778,LOCAL_BEST,1,123,0,49814,27323,158,476,41,315.1261,365.8537,0,0,0,0,0,0
n012w8-0,n012w8,0,5,500000,100.0,adaptive,2026-07-04T12:33:52+01:00,1,2,2,32548,56,0.000000,845,880,845,35,3.9773,LOCAL_BEST,0,123,0,53562,16210,159,74,-41,4729.7297,0.0000,0,0,0,0,0,0
n012w8-0,n012w8,0,5,500000,100.0,adaptive,2026-07-04T12:33:52+01:00,1,1,2,33639,59,39.476987,915,925,915,10,1.0811,LOCAL_BEST,0,123,6403,55655,16213,160,1091,3,91.6590,3333.3333,0,0,0,0,0,0
n012w8-0,n012w8,0,5,500000,100.0,adaptive,2026-07-04T12:33:52+01:00,1,1,2,33645,59,39.470443,910,915,910,5,0.5464,LOCAL_BEST,0,123,6403,55660,16218,161,6,0,8333.3333,0.0000,0,0,0,0,0,0
n012w8-0,n012w8,0,5,500000,100.0,adaptive,2026-07-04T12:33:52+01:00,1,1,2,34783,63,38.248640,895,910,895,15,1.6484,LOCAL_BEST,0,123,6517,57506,17005,162,1138,4,131.8102,3750.0000,0,0,0,0,0,0
n012w8-0,n012w8,0,5,500000,100.0,adaptive,2026-07-04T12:33:52+01:00,1,1,2,34785,63,38.246527,865,895,865,30,3.3520,LOCAL_BEST,0,123,6517,57511,17006,163,2,0,150000.0000,0.0000,0,0,0,0,0,0
n012w8-0,n012w8,0,5,500000,100.0,adaptive,2026-07-04T12:33:52+01:00,1,1,2,34827,63,38.202167,820,865,820,45,5.2023,LOCAL_BEST,0,123,6522,57574,17036,164,42,0,10714.2857,0.0000,0,0,0,0,0,0
n012w8-0,n012w8,0,5,500000,100.0,adaptive,2026-07-04T12:33:52+01:00,1,1,2,35666,64,37.326735,810,820,810,10,1.2195,LOCAL_BEST,0,123,6609,58819,17583,165,839,1,119.1895,10000.0000,0,0,0,0,0,0
n012w8-0,n012w8,0,5,500000,100.0,adaptive,2026-07-04T12:33:52+01:00,1,1,2,35669,64,37.323641,780,810,780,30,3.7037,LOCAL_BEST,0,123,6609,58827,17585,166,3,0,100000.0000,0.0000,0,0,0,0,0,0
n012w8-0,n012w8,0,5,500000,100.0,adaptive,2026-07-04T12:33:52+01:00,1,1,2,35692,64,37.299929,770,780,770,10,1.2821,LOCAL_BEST,0,123,6611,58855,17603,167,23,0,4347.8261,0.0000,0,0,0,0,0,0
n012w8-0,n012w8,0,5,500000,100.0,adaptive,2026-07-04T12:33:52+01:00,1,1,2,35750,64,37.240200,755,770,755,15,1.9481,LOCAL_BEST,0,123,6618,58952,17643,168,58,0,2586.2069,0.0000,0,0,0,0,0,0
n012w8-0,n012w8,0,5,500000,100.0,adaptive,2026-07-04T12:33:52+01:00,1,1,2,35809,64,37.179539,690,755,690,65,8.6093,LOCAL_BEST,0,123,6622,59032,17688,169,59,0,11016.9492,0.0000,0,0,0,0,0,0
n012w8-0,n012w8,0,5,500000,100.0,adaptive,2026-07-04T12:33:52+01:00,1,5,2,36543,104,0.000000,505,525,505,20,3.8095,LOCAL_BEST,1,123,0,55865,30908,170,734,40,272.4796,500.0000,0,0,0,0,0,0
n012w8-0,n012w8,0,5,500000,100.0,adaptive,2026-07-04T12:33:52+01:00,1,5,2,37243,104,0.000000,455,505,455,50,9.9010,GLOBAL_BEST,1,123,0,56977,31501,171,700,0,714.2857,0.0000,0,0,0,0,0,0
n012w8-0,n012w8,0,5,500000,100.0,adaptive,2026-07-04T12:33:52+01:00,1,4,2,39181,118,33.871934,635,675,635,40,5.9259,LOCAL_BEST,1,123,6943,63617,20159,172,1938,14,206.3983,2857.1429,0,0,0,0,0,0
n012w8-0,n012w8,0,5,500000,100.0,adaptive,2026-07-04T12:33:52+01:00,1,2,2,40039,69,0.000000,825,845,825,20,2.3669,LOCAL_BEST,0,123,0,65194,21669,173,858,-49,233.1002,0.0000,0,0,0,0,0,0
n012w8-0,n012w8,0,5,500000,100.0,adaptive,2026-07-04T12:33:52+01:00,1,2,2,41980,72,0.000000,820,825,820,5,0.6061,LOCAL_BEST,0,123,0,68162,23046,174,1941,3,25.7599,1666.6667,0,0,0,0,0,0
n012w8-0,n012w8,0,5,500000,100.0,adaptive,2026-07-04T12:33:52+01:00,1,2,2,42059,72,0.000000,790,820,790,30,3.6585,LOCAL_BEST,0,123,0,68284,23095,175,79,0,3797.4684,0.0000,0,0,0,0,0,0
n012w8-0,n012w8,0,5,500000,100.0,adaptive,2026-07-04T12:33:52+01:00,1,1,2,42502,75,30.902100,680,690,680,10,1.4493,LOCAL_BEST,0,123,7277,69699,22296,176,443,3,225.7336,3333.3333,0,0,0,0,0,0
n012w8-0,n012w8,0,5,500000,100.0,adaptive,2026-07-04T12:33:52+01:00,1,1,2,42511,75,30.894417,665,680,665,15,2.2059,LOCAL_BEST,0,123,7277,69706,22303,177,9,0,16666.6667,0.0000,0,0,0,0,0,0
n012w8-0,n012w8,0,5,500000,100.0,adaptive,2026-07-04T12:33:52+01:00,1,1,2,42516,75,30.890149,650,665,650,15,2.2556,LOCAL_BEST,0,123,7277,69719,22307,178,5,0,30000.0000,0.0000,0,0,0,0,0,0
n012w8-0,n012w8,0,5,500000,100.0,adaptive,2026-07-04T12:33:52+01:00,1,8,2,43472,171,0.000000,430,440,430,10,2.2727,LOCAL_BEST,3,123,0,63441,38724,179,956,96,104.6025,104.1667,0,0,0,0,0,0
n012w8-0,n012w8,0,5,500000,100.0,adaptive,2026-07-04T12:33:52+01:00,1,1,2,43537,77,30.030876,625,650,625,25,3.8462,LOCAL_BEST,0,123,7349,71291,23072,180,65,-94,3846.1538,0.0000,0,0,0,0,0,0
n012w8-0,n012w8,0,5,500000,100.0,adaptive,2026-07-04T12:33:52+01:00,1,5,2,44222,115,0.000000,445,455,445,10,2.1978,GLOBAL_BEST,1,123,0,67748,37681,181,685,38,145.9854,263.1579,0,0,0,0,0,0
n012w8-0,n012w8,0,5,500000,100.0,adaptive,2026-07-04T12:33:52+01:00,1,7,2,44902,183,28.919315,575,580,575,5,0.8621,LOCAL_BEST,2,123,7357,71946,24479,182,680,68,73.5294,73.5294,0,0,0,0,0,0
n012w8-0,n012w8,0,5,500000,100.0,adaptive,2026-07-04T12:33:52+01:00,1,2,2,46548,80,0.000000,750,790,750,40,5.0633,LOCAL_BEST,0,123,0,75299,26562,183,1646,-103,243.0134,0.0000,0,0,0,0,0,0
n012w8-0,n012w8,0,5,500000,100.0,adaptive,2026-07-04T12:33:52+01:00,1,2,2,46793,80,0.000000,720,750,720,30,4.0000,LOCAL_BEST,0,123,0,75621,26754,184,245,0,1224.4898,0.0000,0,0,0,0,0,0
n012w8-0,n012w8,0,5,500000,100.0,adaptive,2026-07-04T12:33:52+01:00,1,7,2,47161,187,27.169397,530,575,530,45,7.8261,LOCAL_BEST,2,123,7502,75457,26195,185,368,107,1222.8261,420.5607,0,0,0,0,0,0
n012w8-0,n012w8,0,5,500000,100.0,adaptive,2026-07-04T12:33:52+01:00,1,7,2,47955,188,26.579818,510,530,510,20,3.7736,LOCAL_BEST,2,123,7551,76632,26833,186,794,1,251.8892,20000.0000,0,0,0,0,0,0
n012w8-0,n012w8,0,5,500000,100.0,adaptive,2026-07-04T12:33:52+01:00,1,4,2,48999,136,25.824029,620,635,620,15,2.3622,LOCAL_BEST,1,123,7798,79418,27393,187,1044,-52,143.6782,0.0000,0,0,0,0,0,0
n012w8-0,n012w8,0,5,500000,100.0,adaptive,2026-07-04T12:33:52+01:00,1,4,2,49689,137,25.336347,615,620,615,5,0.8065,LOCAL_BEST,1,123,7839,80497,27939,188,690,1,72.4638,5000.0000,0,0,0,0,0,0
n012w8-0,n012w8,0,5,500000,100.0,adaptive,2026-07-04T12:33:52+01:00,1,4,2,51272,140,24.252025,550,615,550,65,10.5691,LOCAL_BEST,1,123,7932,82775,29226,189,1583,3,410.6128,21666.6667,0,0,0,0,0,0
n012w8-0,n012w8,0,5,500000,100.0,adaptive,2026-07-04T12:33:52+01:00,1,2,2,51480,88,0.000000,710,720,710,10,1.3889,LOCAL_BEST,0,123,0,82898,30371,190,208,-52,480.7692,0.0000,0,0,0,0,0,0
n012w8-0,n012w8,0,5,500000,100.0,adaptive,2026-07-04T12:33:52+01:00,1,4,2,52109,141,23.697580,530,550,530,20,3.6364,LOCAL_BEST,1,123,7973,84119,29896,191,629,53,317.9650,377.3585,0,0,0,0,0,0
n012w8-0,n012w8,0,5,500000,100.0,adaptive,2026-07-04T12:33:52+01:00,1,2,2,52916,90,0.000000,695,710,695,15,2.1127,LOCAL_BEST,0,123,0,85055,31497,192,807,-51,185.8736,0.0000,0,0,0,0,0,0
n012w8-0,n012w8,0,5,500000,100.0,adaptive,2026-07-04T12:33:52+01:00,1,2,2,52917,90,0.000000,685,695,685,10,1.4388,LOCAL_BEST,0,123,0,85056,31497,193,1,0,100000.0000,0.0000,0,0,0,0,0,0
n012w8-0,n012w8,0,5,500000,100.0,adaptive,2026-07-04T12:33:52+01:00,1,7,2,53412,196,22.859567,500,510,500,10,1.9608,LOCAL_BEST,2,123,7826,84984,31244,194,495,106,202.0202,94.3396,0,0,0,0,0,0
n012w8-0,n012w8,0,5,500000,100.0,adaptive,2026-07-04T12:33:52+01:00,1,4,2,53915,146,22.544053,515,530,515,15,2.8302,LOCAL_BEST,1,123,8055,86969,31392,195,503,-50,298.2107,0.0000,0,0,0,0,0,0
n012w8-0,n012w8,0,5,500000,100.0,adaptive,2026-07-04T12:33:52+01:00,1,2,2,55452,96,0.000000,680,685,680,5,0.7299,LOCAL_BEST,0,123,0,88637,33568,196,1537,-50,32.5309,0.0000,0,0,0,0,0,0
n012w8-0,n012w8,0,5,500000,100.0,adaptive,2026-07-04T12:33:52+01:00,1,1,2,56337,101,21.084728,615,625,615,10,1.6000,LOCAL_BEST,0,123,8122,90767,33191,197,885,5,112.9944,2000.0000,0,0,0,0,0,0
n012w8-0,n012w8,0,5,500000,100.0,adaptive,2026-07-04T12:33:52+01:00,1,2,2,56768,99,0.000000,660,680,660,20,2.9412,LOCAL_BEST,0,123,0,90620,34642,198,431,-2,464.0371,0.0000,0,0,0,0,0,0
n012w8-0,n012w8,0,5,500000,100.0,adaptive,2026-07-04T12:33:52+01:00,1,2,2,57675,101,0.000000,645,660,645,15,2.2727,LOCAL_BEST,0,123,0,91974,35350,199,907,2,165.3804,7500.0000,0,0,0,0,0,0
n012w8-0,n012w8,0,5,500000,100.0,adaptive,2026-07-04T12:33:52+01:00,1,4,2,58997,156,19.590612,490,515,490,25,4.8544,LOCAL_BEST,1,123,8264,94576,35648,200,1322,55,189.1074,454.5455,0,0,0,0,0,0
n012w8-0,n012w8,0,5,500000,100.0,adaptive,2026-07-04T12:33:52+01:00,1,4,2,59160,156,19.502577,475,490,475,15,3.0612,LOCAL_BEST,1,123,8268,94826,35794,201,163,0,920.2454,0.0000,0,0,0,0,0,0
n012w8-0,n012w8,0,5,500000,100.0,adaptive,2026-07-04T12:33:52+01:00,1,2,2,59648,105,0.000000,620,645,620,25,3.8760,LOCAL_BEST,0,123,0,94903,36996,202,488,-51,512.2951,0.0000,0,0,0,0,0,0
n012w8-0,n012w8,0,5,500000,100.0,adaptive,2026-07-04T12:33:52+01:00,1,2,2,59683,105,0.000000,605,620,605,15,2.4194,LOCAL_BEST,0,123,0,94985,37023,203,35,0,4285.7143,0.0000,0,0,0,0,0,0
n012w8-0,n012w8,0,5,500000,100.0,adaptive,2026-07-04T12:33:52+01:00,1,1,2,59883,111,19.116835,605,615,605,10,1.6260,LOCAL_BEST,0,123,8277,96234,36084,204,200,6,500.0000,1666.6667,0,0,0,0,0,0
n012w8-0,n012w8,0,5,500000,100.0,adaptive,2026-07-04T12:33:52+01:00,1,1,2,60120,111,18.992057,560,605,560,45,7.4380,LOCAL_BEST,0,123,8285,96595,36277,205,237,0,1898.7342,0.0000,0,0,0,0,0,0
n012w8-0,n012w8,0,5,500000,100.0,adaptive,2026-07-04T12:33:52+01:00,1,1,2,60522,113,18.782267,525,560,525,35,6.2500,LOCAL_BEST,0,123,8298,97206,36612,206,402,2,870.6468,17500.0000,0,0,0,0,0,0
n012w8-0,n012w8,0,5,500000,100.0,adaptive,2026-07-04T12:33:52+01:00,1,2,2,62571,110,0.000000,590,605,590,15,2.4793,LOCAL_BEST,0,123,0,99539,39445,207,2049,-3,73.2064,0.0000,0,0,0,0,0,0
n012w8-0,n012w8,0,5,500000,100.0,adaptive,2026-07-04T12:33:52+01:00,1,1,2,65116,124,16.543218,515,525,515,10,1.9048,LOCAL_BEST,0,123,8429,104180,40591,208,2545,14,39.2927,714.2857,0,0,0,0,0,0
n012w8-0,n012w8,0,5,500000,100.0,adaptive,2026-07-04T12:33:52+01:00,1,4,2,65377,167,16.424343,460,475,460,15,3.1579,LOCAL_BEST,1,123,8512,104156,41100,209,261,43,574.7126,348.8372,0,0,0,0,0,0
n012w8-0,n012w8,0,5,500000,100.0,adaptive,2026-07-04T12:33:52+01:00,1,2,2,65530,114,0.000000,575,590,575,15,2.5424,LOCAL_BEST,0,123,0,103930,41906,210,153,-53,980.3922,0.0000,0,0,0,0,0,0
n012w8-0,n012w8,0,5,500000,100.0,adaptive,2026-07-04T12:33:52+01:00,1,4,2,65627,168,16.311278,455,460,455,5,1.0870,LOCAL_BEST,1,123,8519,104506,41326,211,97,54,515.4639,92.5926,0,0,0,0,0,0
n012w8-0,n012w8,0,5,500000,100.0,adaptive,2026-07-04T12:33:52+01:00,1,4,2,65648,168,16.301816,415,455,415,40,8.7912,GLOBAL_BEST,1,123,8519,104535,41343,212,21,0,19047.6190,0.0000,0,0,0,0,0,0
n012w8-0,n012w8,0,5,500000,100.0,adaptive,2026-07-04T12:33:52+01:00,1,2,2,65739,115,0.000000,565,575,565,10,1.7391,LOCAL_BEST,0,123,0,104288,42069,213,91,-53,1098.9011,0.0000,0,0,0,0,0,0
n012w8-0,n012w8,0,5,500000,100.0,adaptive,2026-07-04T12:33:52+01:00,1,2,2,66025,116,0.000000,545,565,545,20,3.5398,LOCAL_BEST,0,123,0,104689,42297,214,286,1,699.3007,20000.0000,0,0,0,0,0,0
n012w8-0,n012w8,0,5,500000,100.0,adaptive,2026-07-04T12:33:52+01:00,1,1,2,67741,130,15.385797,500,515,500,15,2.9126,LOCAL_BEST,0,123,8512,108265,42870,215,1716,14,87.4126,1071.4286,0,0,0,0,0,0
n012w8-0,n012w8,0,5,500000,100.0,adaptive,2026-07-04T12:33:52+01:00,1,1,2,67747,130,15.383247,495,500,495,5,1.0000,LOCAL_BEST,0,123,8512,108275,42875,216,6,0,8333.3333,0.0000,0,0,0,0,0,0
n012w8-0,n012w8,0,5,500000,100.0,adaptive,2026-07-04T12:33:52+01:00,1,1,2,69949,135,14.475181,470,495,470,25,5.0505,LOCAL_BEST,0,123,8552,111758,44819,217,2202,5,113.5332,5000.0000,0,0,0,0,0,0
n012w8-0,n012w8,0,5,500000,100.0,adaptive,2026-07-04T12:33:52+01:00,1,1,2,70020,135,14.446811,455,470,455,15,3.1915,LOCAL_BEST,0,123,8554,111877,44880,218,71,0,2112.6761,0.0000,0,0,0,0,0,0
n012w8-0,n012w8,0,5,500000,100.0,adaptive,2026-07-04T12:33:52+01:00,1,2,2,75479,134,0.000000,530,545,530,15,2.7523,LOCAL_BEST,0,123,0,118907,50407,219,5459,-1,27.4776,0.0000,0,0,0,0,0,0
n012w8-0,n012w8,0,5,500000,100.0,adaptive,2026-07-04T12:33:52+01:00,1,10,2,77378,324,11.788974,410,415,410,5,1.2048,GLOBAL_BEST,4,123,8624,123256,51496,220,1899,190,26.3296,26.3158,0,0,0,0,0,0
n012w8-0,n012w8,0,5,500000,100.0,adaptive,2026-07-04T12:33:52+01:00,1,2,2,77491,137,0.000000,525,530,525,5,0.9434,LOCAL_BEST,0,123,0,121896,52095,221,113,-187,442.4779,0.0000,0,0,0,0,0,0
n012w8-0,n012w8,0,5,500000,100.0,adaptive,2026-07-04T12:33:52+01:00,1,2,2,79991,141,0.000000,515,525,515,10,1.9048,LOCAL_BEST,0,123,0,125719,54258,222,2500,4,40.0000,2500.0000,0,0,0,0,0,0
n012w8-0,n012w8,0,5,500000,100.0,adaptive,2026-07-04T12:33:52+01:00,1,2,2,82418,146,0.000000,500,515,500,15,2.9126,LOCAL_BEST,0,123,0,129225,56388,223,2427,5,61.8047,3000.0000,0,0,0,0,0,0
n012w8-0,n012w8,0,5,500000,100.0,adaptive,2026-07-04T12:33:52+01:00,1,2,2,84238,148,0.000000,470,500,470,30,6.0000,LOCAL_BEST,0,123,0,131934,57934,224,1820,2,164.8352,15000.0000,0,0,0,0,0,0
n012w8-0,n012w8,0,5,500000,100.0,adaptive,2026-07-04T12:33:52+01:00,1,7,2,84256,259,9.748549,495,500,495,5,1.0000,LOCAL_BEST,2,123,8637,132159,57830,225,18,111,2777.7778,45.0450,0,0,0,0,0,0
n012w8-0,n012w8,0,5,500000,100.0,adaptive,2026-07-04T12:33:52+01:00,1,7,2,84973,261,9.557317,490,495,490,5,1.0101,LOCAL_BEST,2,123,8640,133218,58494,226,717,2,69.7350,2500.0000,0,0,0,0,0,0
n012w8-0,n012w8,0,5,500000,100.0,adaptive,2026-07-04T12:33:52+01:00,1,5,2,89466,191,0.000000,440,445,440,5,1.1236,LOCAL_BEST,1,123,0,137693,78985,227,4493,-70,11.1284,0.0000,0,0,0,0,0,0
n012w8-0,n012w8,0,5,500000,100.0,adaptive,2026-07-04T12:33:52+01:00,1,5,2,92968,199,0.000000,430,440,430,10,2.2727,LOCAL_BEST,1,123,0,142784,82163,228,3502,8,28.5551,1250.0000,0,0,0,0,0,0
n012w8-0,n012w8,0,5,500000,100.0,adaptive,2026-07-04T12:33:52+01:00,1,7,2,100182,287,6.278097,480,490,480,10,2.0408,LOCAL_BEST,2,123,8697,155863,72271,229,7214,88,13.8619,113.6364,0,0,0,0,0,0
n012w8-0,n012w8,0,5,500000,100.0,adaptive,2026-07-04T12:33:52+01:00,1,2,2,101621,186,0.000000,455,470,455,15,3.1915,LOCAL_BEST,0,123,0,157693,73278,230,1439,-101,104.2391,0.0000,0,0,0,0,0,0
n012w8-0,n012w8,0,5,500000,100.0,adaptive,2026-07-04T12:33:52+01:00,1,4,2,115648,269,4.094718,455,415,415,0,0.0000,REHEAT,1,123,9011,175852,87653,231,14027,83,0.0000,0.0000,0,0,0,0,0,0
n012w8-0,n012w8,0,5,500000,100.0,adaptive,2026-07-04T12:33:52+01:00,1,3,2,116650,228,0.000000,1425,1455,1425,30,2.0619,LOCAL_BEST,0,123,44331,208285,4639,232,1002,-41,299.4012,0.0000,0,0,0,0,0,0
n012w8-0,n012w8,0,5,500000,100.0,adaptive,2026-07-04T12:33:52+01:00,1,10,2,127378,417,2.961174,410,410,410,0,0.0000,REHEAT,4,123,8812,196108,97468,233,10728,189,0.0000,0.0000,0,0,0,0,0,0
n012w8-0,n012w8,0,5,500000,100.0,adaptive,2026-07-04T12:33:52+01:00,1,4,2,165648,374,25.118864,850,415,415,0,0.0000,REHEAT,1,123,16712,256637,116050,234,38270,-43,0.0000,0.0000,0,0,0,0,0,0
n012w8-0,n012w8,0,5,500000,100.0,adaptive,2026-07-04T12:33:52+01:00,1,10,2,177378,515,25.118864,850,410,410,0,0.0000,REHEAT,4,123,16514,276890,125972,235,11730,141,0.0000,0.0000,0,0,0,0,0,0
n012w8-0,n012w8,0,5,500000,100.0,adaptive,2026-07-04T12:33:52+01:00,1,4,2,215648,474,25.118864,1025,415,415,0,0.0000,REHEAT,1,123,24348,337089,144473,236,38270,-41,0.0000,0.0000,0,0,0,0,0,0
n012w8-0,n012w8,0,5,500000,100.0,adaptive,2026-07-04T12:33:52+01:00,1,10,2,227378,631,25.118864,1015,410,410,0,0.0000,REHEAT,4,123,24326,358317,154079,237,11730,157,0.0000,0.0000,0,0,0,0,0,0
n012w8-0,n012w8,0,5,500000,100.0,adaptive,2026-07-04T12:33:52+01:00,1,3,2,246427,527,0.000000,1395,1425,1395,30,2.1053,LOCAL_BEST,0,123,93511,440362,9724,238,19049,-104,15.7489,0.0000,0,0,0,0,0,0
n012w8-0,n012w8,0,5,500000,100.0,adaptive,2026-07-04T12:33:52+01:00,1,3,2,246428,527,0.000000,1335,1395,1335,60,4.3011,LOCAL_BEST,0,123,93511,440363,9724,239,1,0,600000.0000,0.0000,0,0,0,0,0,0
n012w8-0,n012w8,0,5,500000,100.0,adaptive,2026-07-04T12:33:52+01:00,1,4,2,265648,589,25.118864,685,415,415,0,0.0000,REHEAT,1,123,32108,418094,172716,240,19220,62,0.0000,0.0000,0,0,0,0,0,0
n012w8-0,n012w8,0,5,500000,100.0,adaptive,2026-07-04T12:33:52+01:00,1,10,2,277378,741,25.118864,885,410,410,0,0.0000,REHEAT,4,123,32044,440412,182119,241,11730,152,0.0000,0.0000,0,0,0,0,0,0
n012w8-0,n012w8,0,5,500000,100.0,adaptive,2026-07-04T12:33:52+01:00,1,4,2,315648,706,25.118864,905,415,415,0,0.0000,REHEAT,1,123,39956,499142,200782,242,38270,-35,0.0000,0.0000,0,0,0,0,0,0
n012w8-0,n012w8,0,5,500000,100.0,adaptive,2026-07-04T12:33:52+01:00,1,10,2,327378,837,25.118864,645,410,410,0,0.0000,REHEAT,4,123,39712,521981,210424,243,11730,131,0.0000,0.0000,0,0,0,0,0,0
n012w8-0,n012w8,0,5,500000,100.0,adaptive,2026-07-04T12:33:52+01:00,1,4,2,365648,823,25.118864,780,415,415,0,0.0000,REHEAT,1,123,47708,580663,228834,244,38270,-14,0.0000,0.0000,0,0,0,0,0,0
n012w8-0,n012w8,0,5,500000,100.0,adaptive,2026-07-04T12:33:52+01:00,1,10,2,377378,947,25.118864,975,410,410,0,0.0000,REHEAT,4,123,47553,602711,238415,245,11730,124,0.0000,0.0000,0,0,0,0,0,0
n012w8-0,n012w8,0,5,500000,100.0,adaptive,2026-07-04T12:33:52+01:00,1,4,2,415648,929,25.118864,745,415,415,0,0.0000,REHEAT,1,123,55513,661811,256950,246,38270,-18,0.0000,0.0000,0,0,0,0,0,0
n012w8-0,n012w8,0,5,500000,100.0,adaptive,2026-07-04T12:33:52+01:00,1,10,2,427378,1041,25.118864,980,410,410,0,0.0000,REHEAT,4,123,55386,684286,266537,247,11730,112,0.0000,0.0000,0,0,0,0,0,0
n012w8-0,n012w8,0,5,500000,100.0,adaptive,2026-07-04T12:33:52+01:00,1,4,2,465648,1032,25.118864,805,415,415,0,0.0000,REHEAT,1,123,63250,743071,285360,248,38270,-9,0.0000,0.0000,0,0,0,0,0,0
n012w8-0,n012w8,0,5,500000,100.0,adaptive,2026-07-04T12:33:52+01:00,1,10,2,477378,1135,25.118864,825,410,410,0,0.0000,REHEAT,4,123,63189,764876,294681,249,11730,103,0.0000,0.0000,0,0,0,0,0,0
n012w8-0,n012w8,0,5,500000,100.0,adaptive,2026-07-04T12:33:52+01:00,2,3,4,1,1,0.000000,3680,3710,3680,30,0.8086,GLOBAL_BEST,0,42,0,2,0,1,1,1,300000.0000,30000.0000,0,0,0,0,0,0
n012w8-0,n012w8,0,5,500000,100.0,adaptive,2026-07-04T12:33:52+01:00,2,1,4,1,1,100.000000,3560,3710,3560,150,4.0431,GLOBAL_BEST,0,42,0,11,0,2,0,0,0.0000,0.0000,0,0,0,0,0,0
n012w8-0,n012w8,0,5,500000,100.0,adaptive,2026-07-04T12:33:52+01:00,2,2,4,2,1,0.000000,3670,3710,3670,40,1.0782,LOCAL_BEST,0,42,0,4,0,3,1,0,400000.0000,0.0000,0,0,0,0,0,0
n012w8-0,n012w8,0,5,500000,100.0,adaptive,2026-07-04T12:33:52+01:00,2,1,4,2,1,99.997237,3380,3560,3380,180,5.0562,GLOBAL_BEST,0,42,0,13,0,4,0,0,0.0000,0.0000,0,0,0,0,0,0
n012w8-0,n012w8,0,5,500000,100.0,adaptive,2026-07-04T12:33:52+01:00,2,1,4,3,1,99.994474,3185,3380,3185,195,5.7692,GLOBAL_BEST,0,42,0,21,0,5,1,0,1950000.0000,0.0000,0,0,0,0,0,0
n012w8-0,n012w8,0,5,500000,100.0,adaptive,2026-07-04T12:33:52+01:00,2,2,4,4,1,0.000000,3460,3670,3460,210,5.7221,LOCAL_BEST,0,42,0,12,0,6,1,0,2100000.0000,0.0000,0,0,0,0,0,0
n012w8-0,n012w8,0,5,500000,100.0,adaptive,2026-07-04T12:33:52+01:00,2,1,4,4,1,99.991711,2915,3185,2915,270,8.4772,GLOBAL_BEST,0,42,0,22,0,7,0,0,0.0000,0.0000,0,0,0,0,0,0
n012w8-0,n012w8,0,5,500000,100.0,adaptive,2026-07-04T12:33:52+01:00,2,2,4,5,1,0.000000,3430,3460,3430,30,0.8671,LOCAL_BEST,0,42,0,13,0,8,1,0,300000.0000,0.0000,0,0,0,0,0,0
n012w8-0,n012w8,0,5,500000,100.0,adaptive,2026-07-04T12:33:52+01:00,2,1,4,5,1,99.988948,2855,2915,2855,60,2.0583,GLOBAL_BEST,0,42,0,25,0,9,0,0,0.0000,0.0000,0,0,0,0,0,0
n012w8-0,n012w8,0,5,500000,100.0,adaptive,2026-07-04T12:33:52+01:00,2,3,4,6,1,0.000000,3665,3680,3665,15,0.4076,LOCAL_BEST,0,42,1,12,0,10,1,0,150000.0000,0.0000,0,0,0,0,0,0
n012w8-0,n012w8,0,5,500000,100.0,adaptive,2026-07-04T12:33:52+01:00,2,1,4,6,1,99.986185,2705,2855,2705,150,5.2539,GLOBAL_BEST,0,42,0,25,0,11,0,0,0.0000,0.0000,0,0,0,0,0,0
n012w8-0,n012w8,0,5,500000,100.0,adaptive,2026-07-04T12:33:52+01:00,2,3,4,7,1,0.000000,3635,3665,3635,30,0.8186,LOCAL_BEST,0,42,1,15,0,12,1,0,300000.0000,0.0000,0,0,0,0,0,0
n012w8-0,n012w8,0,5,500000,100.0,adaptive,2026-07-04T12:33:52+01:00,2,3,4,8,1,0.000000,3455,3635,3455,180,4.9519,LOCAL_BEST,0,42,1,16,0,13,1,0,1800000.0000,0.0000,0,0,0,0,0,0
n012w8-0,n012w8,0,5,500000,100.0,adaptive,2026-07-04T12:33:52+01:00,2,2,4,8,1,0.000000,3205,3430,3205,225,6.5598,LOCAL_BEST,0,42,0,18,0,14,0,0,0.0000,0.0000,0,0,0,0,0,0
n012w8-0,n012w8,0,5,500000,100.0,adaptive,2026-07-04T12:33:52+01:00,2,1,4,8,1,99.980660,2695,2705,2695,10,0.3697,GLOBAL_BEST,0,42,0,31,0,15,0,0,0.0000,0.0000,0,0,0,0,0,0
n012w8-0,n012w8,0,5,500000,100.0,adaptive,2026-07-04T12:33:52+01:00,2,3,4,9,1,0.000000,3365,3455,3365,90,2.6049,LOCAL_BEST,0,42,1,16,0,16,1,0,900000.0000,0.0000,0,0,0,0,0,0
n012w8-0,n012w8,0,5,500000,100.0,adaptive,2026-07-04T12:33:52+01:00,2,2,4,9,1,0.000000,2890,3205,2890,315,9.8284,LOCAL_BEST,0,42,0,23,0,17,0,0,0.0000,0.0000,0,0,0,0,0,0
n012w8-0,n012w8,0,5,500000,100.0,adaptive,2026-07-04T12:33:52+01:00,2,1,4,9,1,99.977898,2665,2695,2665,30,1.1132,LOCAL_BEST,0,42,0,35,0,18,0,0,0.0000,0.0000,0,0,0,0,0,0
n012w8-0,n012w8,0,5,500000,100.0,adaptive,2026-07-04T12:33:52+01:00,2,3,4,10,1,0.000000,3325,3365,3325,40,1.1887,LOCAL_BEST,0,42,1,16,0,19,1,0,400000.0000,0.0000,0,0,0,0,0,0
n012w8-0,n012w8,0,5,500000,100.0,adaptive,2026-07-04T12:33:52+01:00,2,2,4,10,1,0.000000,2710,2890,2710,180,6.2284,LOCAL_BEST,0,42,0,26,0,20,0,0,0.0000,0.0000,0,0,0,0,0,0
n012w8-0,n012w8,0,5,500000,100.0,adaptive,2026-07-04T12:33:52+01:00,2,1,4,10,1,99.975135,2650,2665,2650,15,0.5629,LOCAL_BEST,0,42,0,40,0,21,0,0,0.0000,0.0000,0,0,0,0,0,0
n012w8-0,n012w8,0,5,500000,100.0,adaptive,2026-07-04T12:33:52+01:00,2,2,4,11,1,0.000000,2605,2710,2605,105,3.8745,GLOBAL_BEST,0,42,0,26,0,22,1,0,1050000.0000,0.0000,0,0,0,0,0,0
n012w8-0,n012w8,0,5,500000,100.0,adaptive,2026-07-04T12:33:52+01:00,2,2,4,12,1,0.000000,2515,2605,2515,90,3.4549,GLOBAL_BEST,0,42,0,26,0,23,1,0,900000.0000,0.0000,0,0,0,0,0,0
n012w8-0,n012w8,0,5,500000,100.0,adaptive,2026-07-04T12:33:52+01:00,2,1,4,12,1,99.969610,2620,2650,2620,30,1.1321,LOCAL_BEST,0,42,0,43,1,24,0,0,0.0000,0.0000,0,0,0,0,0,0
n012w8-0,n012w8,0,5,500000,100.0,adaptive,2026-07-04T12:33:52+01:00,2,1,4,13,1,99.966848,2575,2620,2575,45,1.7176,LOCAL_BEST,0,42,0,44,1,25,1,0,450000.0000,0.0000,0,0,0,0,0,0
n012w8-0,n012w8,0,5,500000,100.0,adaptive,2026-07-04T12:33:52+01:00,2,1,4,15,1,99.961324,2560,2575,2560,15,0.5825,LOCAL_BEST,0,42,1,52,1,26,2,0,75000.0000,0.0000,0,0,0,0,0,0
n012w8-0,n012w8,0,5,500000,100.0,adaptive,2026-07-04T12:33:52+01:00,2,1,4,16,1,99.958562,2440,2560,2440,120,4.6875,GLOBAL_BEST,0,42,1,57,1,27,1,0,1200000.0000,0.0000,0,0,0,0,0,0
n012w8-0,n012w8,0,5,500000,100.0,adaptive,2026-07-04T12:33:52+01:00,2,3,4,17,1,0.000000,3295,3325,3295,30,0.9023,LOCAL_BEST,0,42,2,20,0,28,1,0,300000.0000,0.0000,0,0,0,0,0,0
n012w8-0,n012w8,0,5,500000,100.0,adaptive,2026-07-04T12:33:52+01:00,2,3,4,18,1,0.000000,3205,3295,3205,90,2.7314,LOCAL_BEST,0,42,2,25,0,29,1,0,900000.0000,0.0000,0,0,0,0,0,0
n012w8-0,n012w8,0,5,500000,100.0,adaptive,2026-07-04T12:33:52+01:00,2,1,4,18,1,99.953038,2425,2440,2425,15,0.6148,GLOBAL_BEST,0,42,1,66,1,30,0,0,0.0000,0.0000,0,0,0,0,0,0
n012w8-0,n012w8,0,5,500000,100.0,adaptive,2026-07-04T12:33:52+01:00,2,3,4,19,1,0.000000,2995,3205,2995,210,6.5523,LOCAL_BEST,0,42,2,26,0,31,1,0,2100000.0000,0.0000,0,0,0,0,0,0
n012w8-0,n012w8,0,5,500000,100.0,adaptive,2026-07-04T12:33:52+01:00,2,1,4,21,1,99.944753,2200,2425,2200,225,9.2784,GLOBAL_BEST,0,42,3,70,1,32,2,0,1125000.0000,0.0000,0,0,0,0,0,0
n012w8-0,n012w8,0,5,500000,100.0,adaptive,2026-07-04T12:33:52+01:00,2,1,4,23,1,99.939230,2095,2200,2095,105,4.7727,GLOBAL_BEST,0,42,3,77,2,33,2,0,525000.0000,0.0000,0,0,0,0,0,0
n012w8-0,n012w8,0,5,500000,100.0,adaptive,2026-07-04T12:33:52+01:00,2,3,4,24,1,0.000000,2990,2995,2990,5,0.1669,LOCAL_BEST,0,42,4,39,0,34,1,0,50000.0000,0.0000,0,0,0,0,0,0
n012w8-0,n012w8,0,5,500000,100.0,adaptive,2026-07-04T12:33:52+01:00,2,1,4,25,1,99.933708,2035,2095,2035,60,2.8640,GLOBAL_BEST,0,42,3,81,3,35,1,0,600000.0000,0.0000,0,0,0,0,0,0
n012w8-0,n012w8,0,5,500000,100.0,adaptive,2026-07-04T12:33:52+01:00,2,3,4,26,1,0.000000,2960,2990,2960,30,1.0033,LOCAL_BEST,0,42,4,41,0,36,1,0,300000.0000,0.0000,0,0,0,0,0,0
n012w8-0,n012w8,0,5,500000,100.0,adaptive,2026-07-04T12:33:52+01:00,2,3,4,27,1,0.000000,2900,2960,2900,60,2.0270,LOCAL_BEST,0,42,4,41,0,37,1,0,600000.0000,0.0000,0,0,0,0,0,0
n012w8-0,n012w8,0,5,500000,100.0,adaptive,2026-07-04T12:33:52+01:00,2,1,4,29,1,99.922663,2005,2035,2005,30,1.4742,GLOBAL_BEST,0,42,3,83,5,38,2,0,150000.0000,0.0000,0,0,0,0,0,0
n012w8-0,n012w8,0,5,500000,100.0,adaptive,2026-07-04T12:33:52+01:00,2,1,4,32,1,99.914381,1965,2005,1965,40,1.9950,GLOBAL_BEST,0,42,4,87,5,39,3,0,133333.3333,0.0000,0,0,0,0,0,0
n012w8-0,n012w8,0,5,500000,100.0,adaptive,2026-07-04T12:33:52+01:00,2,1,4,33,1,99.911620,1935,1965,1935,30,1.5267,GLOBAL_BEST,0,42,4,89,5,40,1,0,300000.0000,0.0000,0,0,0,0,0,0
n012w8-0,n012w8,0,5,500000,100.0,adaptive,2026-07-04T12:33:52+01:00,2,3,4,34,1,0.000000,2870,2900,2870,30,1.0345,LOCAL_BEST,0,42,6,47,0,41,1,0,300000.0000,0.0000,0,0,0,0,0,0
n012w8-0,n012w8,0,5,500000,100.0,adaptive,2026-07-04T12:33:52+01:00,2,5,4,34,59,0.000000,670,700,670,30,4.2857,GLOBAL_BEST,1,42,0,51,30,42,0,58,0.0000,517.2414,0,0,0,0,0,0
n012w8-0,n012w8,0,5,500000,100.0,adaptive,2026-07-04T12:33:52+01:00,2,3,4,35,1,0.000000,2630,2870,2630,240,8.3624,LOCAL_BEST,0,42,6,51,0,43,1,-58,2400000.0000,0.0000,0,0,0,0,0,0
n012w8-0,n012w8,0,5,500000,100.0,adaptive,2026-07-04T12:33:52+01:00,2,1,4,35,1,99.906099,1860,1935,1860,75,3.8760,GLOBAL_BEST,0,42,4,99,5,44,0,0,0.0000,0.0000,0,0,0,0,0,0
n012w8-0,n012w8,0,5,500000,100.0,adaptive,2026-07-04T12:33:52+01:00,2,1,4,36,1,99.903338,1830,1860,1830,30,1.6129,GLOBAL_BEST,0,42,4,100,5,45,1,0,300000.0000,0.0000,0,0,0,0,0,0
n012w8-0,n012w8,0,5,500000,100.0,adaptive,2026-07-04T12:33:52+01:00,2,5,4,37,60,0.000000,625,670,625,45,6.7164,GLOBAL_BEST,1,42,0,56,32,46,1,59,450000.0000,762.7119,0,0,0,0,0,0
n012w8-0,n012w8,0,5,500000,100.0,adaptive,2026-07-04T12:33:52+01:00,2,1,4,38,1,99.897817,1695,1830,1695,135,7.3770,GLOBAL_BEST,0,42,4,113,5,47,1,-59,1350000.0000,0.0000,0,0,0,0,0,0
n012w8-0,n012w8,0,5,500000,100.0,adaptive,2026-07-04T12:33:52+01:00,2,3,4,42,1,0.000000,2540,2630,2540,90,3.4221,LOCAL_BEST,0,42,9,54,0,48,4,0,225000.0000,0.0000,0,0,0,0,0,0
n012w8-0,n012w8,0,5,500000,100.0,adaptive,2026-07-04T12:33:52+01:00,2,3,4,43,1,0.000000,2525,2540,2525,15,0.5906,LOCAL_BEST,0,42,9,59,0,49,1,0,150000.0000,0.0000,0,0,0,0,0,0
n012w8-0,n012w8,0,5,500000,100.0,adaptive,2026-07-04T12:33:52+01:00,2,3,4,47,1,0.000000,2510,2525,2510,15,0.5941,LOCAL_BEST,0,42,11,69,0,50,4,0,37500.0000,0.0000,0,0,0,0,0,0
n012w8-0,n012w8,0,5,500000,100.0,adaptive,2026-07-04T12:33:52+01:00,2,3,4,48,1,0.000000,2420,2510,2420,90,3.5857,LOCAL_BEST,0,42,11,73,0,51,1,0,900000.0000,0.0000,0,0,0,0,0,0
n012w8-0,n012w8,0,5,500000,100.0,adaptive,2026-07-04T12:33:52+01:00,2,3,4,50,1,0.000000,2360,2420,2360,60,2.4793,LOCAL_BEST,0,42,11,74,0,52,2,0,300000.0000,0.0000,0,0,0,0,0,0
n012w8-0,n012w8,0,5,500000,100.0,adaptive,2026-07-04T12:33:52+01:00,2,1,4,51,1,99.861940,1575,1695,1575,120,7.0796,GLOBAL_BEST,0,42,6,130,10,53,1,0,1200000.0000,0.0000,0,0,0,0,0,0
n012w8-0,n012w8,0,5,500000,100.0,adaptive,2026-07-04T12:33:52+01:00,2,3,4,75,1,0.000000,2335,2360,2335,25,1.0593,LOCAL_BEST,0,42,18,119,2,54,24,0,10416.6667,0.0000,0,0,0,0,0,0
n012w8-0,n012w8,0,5,500000,100.0,adaptive,2026-07-04T12:33:52+01:00,2,3,4,76,1,0.000000,2245,2335,2245,90,3.8544,LOCAL_BEST,0,42,18,119,2,55,1,0,900000.0000,0.0000,0,0,0,0,0,0
n012w8-0,n012w8,0,5,500000,100.0,adaptive,2026-07-04T12:33:52+01:00,2,3,4,77,1,0.000000,2185,2245,2185,60,2.6726,LOCAL_BEST,0,42,18,122,2,56,1,0,600000.0000,0.0000,0,0,0,0,0,0
n012w8-0,n012w8,0,5,500000,100.0,adaptive,2026-07-04T12:33:52+01:00,2,2,4,79,1,0.000000,2505,2515,2505,10,0.3976,LOCAL_BEST,0,42,0,139,0,57,2,0,50000.0000,0.0000,0,0,0,0,0,0
n012w8-0,n012w8,0,5,500000,100.0,adaptive,2026-07-04T12:33:52+01:00,2,8,4,83,104,0.000000,350,365,350,15,4.1096,GLOBAL_BEST,3,42,0,75,75,58,4,103,37500.0000,145.6311,0,0,0,0,0,0
n012w8-0,n012w8,0,5,500000,100.0,adaptive,2026-07-04T12:33:52+01:00,2,1,4,90,1,99.754386,1515,1575,1515,60,3.8095,GLOBAL_BEST,0,42,15,198,26,59,7,-103,85714.2857,0.0000,0,0,0,0,0,0
n012w8-0,n012w8,0,5,500000,100.0,adaptive,2026-07-04T12:33:52+01:00,2,1,4,94,1,99.743361,1425,1515,1425,90,5.9406,GLOBAL_BEST,0,42,18,201,26,60,4,0,225000.0000,0.0000,0,0,0,0,0,0
n012w8-0,n012w8,0,5,500000,100.0,adaptive,2026-07-04T12:33:52+01:00,2,1,4,95,1,99.740605,1380,1425,1380,45,3.1579,GLOBAL_BEST,0,42,18,207,26,61,1,0,450000.0000,0.0000,0,0,0,0,0,0
n012w8-0,n012w8,0,5,500000,100.0,adaptive,2026-07-04T12:33:52+01:00,2,2,4,96,1,0.000000,2420,2505,2420,85,3.3932,LOCAL_BEST,0,42,0,161,0,62,1,0,850000.0000,0.0000,0,0,0,0,0,0
n012w8-0,n012w8,0,5,500000,100.0,adaptive,2026-07-04T12:33:52+01:00,2,2,4,97,1,0.000000,2390,2420,2390,30,1.2397,LOCAL_BEST,0,42,0,165,0,63,1,0,300000.0000,0.0000,0,0,0,0,0,0
n012w8-0,n012w8,0,5,500000,100.0,adaptive,2026-07-04T12:33:52+01:00,2,2,4,100,1,0.000000,2330,2390,2330,60,2.5105,LOCAL_BEST,0,42,0,171,0,64,3,0,200000.0000,0.0000,0,0,0,0,0,0
n012w8-0,n012w8,0,5,500000,100.0,adaptive,2026-07-04T12:33:52+01:00,2,2,4,103,1,0.000000,2270,2330,2270,60,2.5751,LOCAL_BEST,0,42,0,181,0,65,3,0,200000.0000,0.0000,0,0,0,0,0,0
n012w8-0,n012w8,0,5,500000,100.0,adaptive,2026-07-04T12:33:52+01:00,2,3,4,144,1,0.000000,2155,2185,2155,30,1.3730,LOCAL_BEST,0,42,47,255,3,66,41,0,7317.0732,0.0000,0,0,0,0,0,0
n012w8-0,n012w8,0,5,500000,100.0,adaptive,2026-07-04T12:33:52+01:00,2,3,4,152,1,0.000000,2110,2155,2110,45,2.0882,LOCAL_BEST,0,42,51,261,3,67,8,0,56250.0000,0.0000,0,0,0,0,0,0
n012w8-0,n012w8,0,5,500000,100.0,adaptive,2026-07-04T12:33:52+01:00,2,3,4,155,1,0.000000,2050,2110,2050,60,2.8436,LOCAL_BEST,0,42,52,268,3,68,3,0,200000.0000,0.0000,0,0,0,0,0,0
n012w8-0,n012w8,0,5,500000,100.0,adaptive,2026-07-04T12:33:52+01:00,2,3,4,183,1,0.000000,2045,2050,2045,5,0.2439,LOCAL_BEST,0,42,61,316,5,69,28,0,1785.7143,0.0000,0,0,0,0,0,0
n012w8-0,n012w8,0,5,500000,100.0,adaptive,2026-07-04T12:33:52+01:00,2,1,4,195,1,99.465392,1335,1380,1335,45,3.2609,GLOBAL_BEST,0,42,43,363,55,70,12,0,37500.0000,0.0000,0,0,0,0,0,0
n012w8-0,n012w8,0,5,500000,100.0,adaptive,2026-07-04T12:33:52+01:00,2,1,4,196,1,99.462644,1215,1335,1215,120,8.9888,GLOBAL_BEST,0,42,43,364,55,71,1,0,1200000.0000,0.0000,0,0,0,0,0,0
n012w8-0,n012w8,0,5,500000,100.0,adaptive,2026-07-04T12:33:52+01:00,2,1,4,199,1,99.454400,1185,1215,1185,30,2.4691,GLOBAL_BEST,0,42,43,366,55,72,3,0,100000.0000,0.0000,0,0,0,0,0,0
n012w8-0,n012w8,0,5,500000,100.0,adaptive,2026-07-04T12:33:52+01:00,2,3,4,208,2,0.000000,1970,2045,1970,75,3.6675,LOCAL_BEST,0,42,70,344,5,73,9,1,83333.3333,75000.0000,0,0,0,0,0,0
n012w8-0,n012w8,0,5,500000,100.0,adaptive,2026-07-04T12:33:52+01:00,2,3,4,209,2,0.000000,1880,1970,1880,90,4.5685,LOCAL_BEST,0,42,70,346,5,74,1,0,900000.0000,0.0000,0,0,0,0,0,0
n012w8-0,n012w8,0,5,500000,100.0,adaptive,2026-07-04T12:33:52+01:00,2,3,4,212,2,0.000000,1820,1880,1820,60,3.1915,LOCAL_BEST,0,42,70,351,5,75,3,0,200000.0000,0.0000,0,0,0,0,0,0
n012w8-0,n012w8,0,5,500000,100.0,adaptive,2026-07-04T12:33:52+01:00,2,3,4,214,2,0.000000,1775,1820,1775,45,2.4725,LOCAL_BEST,0,42,70,355,5,76,2,0,225000.0000,0.0000,0,0,0,0,0,0
n012w8-0,n012w8,0,5,500000,100.0,adaptive,2026-07-04T12:33:52+01:00,2,2,4,215,1,0.000000,2205,2270,2205,65,2.8634,LOCAL_BEST,0,42,0,408,0,77,1,-1,650000.0000,0.0000,0,0,0,0,0,0
n012w8-0,n012w8,0,5,500000,100.0,adaptive,2026-07-04T12:33:52+01:00,2,2,4,216,1,0.000000,2190,2205,2190,15,0.6803,LOCAL_BEST,0,42,0,408,0,78,1,0,150000.0000,0.0000,0,0,0,0,0,0
n012w8-0,n012w8,0,5,500000,100.0,adaptive,2026-07-04T12:33:52+01:00,2,3,4,219,2,0.000000,1745,1775,1745,30,1.6901,LOCAL_BEST,0,42,72,364,5,79,3,1,100000.0000,30000.0000,0,0,0,0,0,0
n012w8-0,n012w8,0,5,500000,100.0,adaptive,2026-07-04T12:33:52+01:00,2,2,4,260,2,0.000000,2180,2190,2180,10,0.4566,LOCAL_BEST,0,42,0,450,0,80,41,0,2439.0244,0.0000,0,0,0,0,0,0
n012w8-0,n012w8,0,5,500000,100.0,adaptive,2026-07-04T12:33:52+01:00,2,2,4,263,2,0.000000,2060,2180,2060,120,5.5046,LOCAL_BEST,0,42,0,452,0,81,3,0,400000.0000,0.0000,0,0,0,0,0,0
n012w8-0,n012w8,0,5,500000,100.0,adaptive,2026-07-04T12:33:52+01:00,2,2,4,265,2,0.000000,2030,2060,2030,30,1.4563,LOCAL_BEST,0,42,0,452,0,82,2,0,150000.0000,0.0000,0,0,0,0,0,0
n012w8-0,n012w8,0,5,500000,100.0,adaptive,2026-07-04T12:33:52+01:00,2,2,4,266,2,0.000000,1910,2030,1910,120,5.9113,LOCAL_BEST,0,42,0,452,0,83,1,0,1200000.0000,0.0000,0,0,0,0,0,0
n012w8-0,n012w8,0,5,500000,100.0,adaptive,2026-07-04T12:33:52+01:00,2,5,4,295,60,0.000000,610,625,610,15,2.4000,GLOBAL_BEST,1,42,0,503,240,84,29,58,5172.4138,258.6207,0,0,0,0,0,0
n012w8-0,n012w8,0,5,500000,100.0,adaptive,2026-07-04T12:33:52+01:00,2,8,4,332,105,0.000000,335,350,335,15,4.2857,GLOBAL_BEST,3,42,0,443,299,85,37,45,4054.0541,333.3333,0,0,0,0,0,0
n012w8-0,n012w8,0,5,500000,100.0,adaptive,2026-07-04T12:33:52+01:00,2,5,4,343,60,0.000000,595,610,595,15,2.4590,GLOBAL_BEST,1,42,0,574,272,86,11,-45,13636.3636,0.0000,0,0,0,0,0,0
n012w8-0,n012w8,0,5,500000,100.0,adaptive,2026-07-04T12:33:52+01:00,2,2,4,451,2,0.000000,1775,1910,1775,135,7.0681,LOCAL_BEST,0,42,0,775,0,87,108,-58,12500.0000,0.0000,0,0,0,0,0,0
n012w8-0,n012w8,0,5,500000,100.0,adaptive,2026-07-04T12:33:52+01:00,2,2,4,453,2,0.000000,1735,1775,1735,40,2.2535,LOCAL_BEST,0,42,0,776,0,88,2,0,200000.0000,0.0000,0,0,0,0,0,0
n012w8-0,n012w8,0,5,500000,100.0,adaptive,2026-07-04T12:33:52+01:00,2,5,4,686,60,0.000000,565,595,565,30,5.0420,GLOBAL_BEST,1,42,0,1070,535,89,233,58,1287.5536,517.2414,0,0,0,0,0,0
n012w8-0,n012w8,0,5,500000,100.0,adaptive,2026-07-04T12:33:52+01:00,2,8,4,1053,107,0.000000,310,335,310,25,7.4627,GLOBAL_BEST,3,42,0,1417,933,90,367,47,681.1989,531.9149,0,0,0,0,0,0
n012w8-0,n012w8,0,5,500000,100.0,adaptive,2026-07-04T12:33:52+01:00,2,3,4,1171,3,0.000000,1575,1745,1575,170,9.7421,LOCAL_BEST,0,42,424,2150,40,91,118,-104,14406.7797,0.0000,0,0,0,0,0,0
n012w8-0,n012w8,0,5,500000,100.0,adaptive,2026-07-04T12:33:52+01:00,2,3,4,1172,3,0.000000,1455,1575,1455,120,7.6190,LOCAL_BEST,0,42,424,2150,40,92,1,0,1200000.0000,0.0000,0,0,0,0,0,0
n012w8-0,n012w8,0,5,500000,100.0,adaptive,2026-07-04T12:33:52+01:00,2,2,4,1591,3,0.000000,1640,1735,1640,95,5.4755,LOCAL_BEST,0,42,0,2814,51,93,419,0,2267.3031,0.0000,0,0,0,0,0,0
n012w8-0,n012w8,0,5,500000,100.0,adaptive,2026-07-04T12:33:52+01:00,2,2,4,1592,3,0.000000,1595,1640,1595,45,2.7439,LOCAL_BEST,0,42,0,2816,51,94,1,0,450000.0000,0.0000,0,0,0,0,0,0
n012w8-0,n012w8,0,5,500000,100.0,adaptive,2026-07-04T12:33:52+01:00,2,8,4,1643,108,0.000000,290,310,290,20,6.4516,GLOBAL_BEST,3,42,0,2310,1477,95,51,105,3921.5686,190.4762,0,0,0,0,0,0
n012w8-0,n012w8,0,5,500000,100.0,adaptive,2026-07-04T12:33:52+01:00,2,1,4,1649,3,95.548528,1145,1185,1145,40,3.3755,GLOBAL_BEST,0,42,422,2754,519,96,6,-105,66666.6667,0.0000,0,0,0,0,0,0
n012w8-0,n012w8,0,5,500000,100.0,adaptive,2026-07-04T12:33:52+01:00,2,1,4,1651,3,95.543248,1115,1145,1115,30,2.6201,GLOBAL_BEST,0,42,422,2755,519,97,2,0,150000.0000,0.0000,0,0,0,0,0,0
n012w8-0,n012w8,0,5,500000,100.0,adaptive,2026-07-04T12:33:52+01:00,2,1,4,1673,3,95.485186,1070,1115,1070,45,4.0359,GLOBAL_BEST,0,42,426,2787,533,98,22,0,20454.5455,0.0000,0,0,0,0,0,0
n012w8-0,n012w8,0,5,500000,100.0,adaptive,2026-07-04T12:33:52+01:00,2,1,4,1674,3,95.482548,1040,1070,1040,30,2.8037,GLOBAL_BEST,0,42,426,2792,533,99,1,0,300000.0000,0.0000,0,0,0,0,0,0
n012w8-0,n012w8,0,5,500000,100.0,adaptive,2026-07-04T12:33:52+01:00,2,5,4,1855,62,0.000000,560,565,560,5,0.8850,GLOBAL_BEST,1,42,0,2857,1467,100,181,59,276.2431,84.7458,0,0,0,0,0,0
n012w8-0,n012w8,0,5,500000,100.0,adaptive,2026-07-04T12:33:52+01:00,2,2,4,1971,4,0.000000,1415,1595,1415,180,11.2853,LOCAL_BEST,0,42,0,3490,88,101,116,-58,15517.2414,0.0000,0,0,0,0,0,0
n012w8-0,n012w8,0,5,500000,100.0,adaptive,2026-07-04T12:33:52+01:00,2,2,4,1972,4,0.000000,1400,1415,1400,15,1.0601,LOCAL_BEST,0,42,0,3490,88,102,1,0,150000.0000,0.0000,0,0,0,0,0,0
n012w8-0,n012w8,0,5,500000,100.0,adaptive,2026-07-04T12:33:52+01:00,2,5,4,2588,63,0.000000,535,560,535,25,4.4643,GLOBAL_BEST,1,42,0,3996,2048,103,616,59,405.8442,423.7288,0,0,0,0,0,0
n012w8-0,n012w8,0,5,500000,100.0,adaptive,2026-07-04T12:33:52+01:00,2,5,4,3627,65,0.000000,530,535,530,5,0.9346,GLOBAL_BEST,1,42,0,5685,2913,104,1039,2,48.1232,2500.0000,0,0,0,0,0,0
n012w8-0,n012w8,0,5,500000,100.0,adaptive,2026-07-04T12:33:52+01:00,2,5,4,4062,65,0.000000,515,530,515,15,2.8302,GLOBAL_BEST,1,42,0,6339,3267,105,435,0,344.8276,0.0000,0,0,0,0,0,0
n012w8-0,n012w8,0,5,500000,100.0,adaptive,2026-07-04T12:33:52+01:00,2,5,4,4065,65,0.000000,485,515,485,30,5.8252,GLOBAL_BEST,1,42,0,6344,3269,106,3,0,100000.0000,0.0000,0,0,0,0,0,0
n012w8-0,n012w8,0,5,500000,100.0,adaptive,2026-07-04T12:33:52+01:00,2,2,4,5208,10,0.000000,1390,1400,1390,10,0.7143,LOCAL_BEST,0,42,0,9085,893,107,1143,-55,87.4891,0.0000,0,0,0,0,0,0
n012w8-0,n012w8,0,5,500000,100.0,adaptive,2026-07-04T12:33:52+01:00,2,2,4,5210,10,0.000000,1315,1390,1315,75,5.3957,LOCAL_BEST,0,42,0,9085,893,108,2,0,375000.0000,0.0000,0,0,0,0,0,0
n012w8-0,n012w8,0,5,500000,100.0,adaptive,2026-07-04T12:33:52+01:00,2,2,4,5720,11,0.000000,1240,1315,1240,75,5.7034,LOCAL_BEST,0,42,0,9967,1065,109,510,1,1470.5882,75000.0000,0,0,0,0,0,0
n012w8-0,n012w8,0,5,500000,100.0,adaptive,2026-07-04T12:33:52+01:00,2,2,4,5725,11,0.000000,1210,1240,1210,30,2.4194,LOCAL_BEST,0,42,0,9974,1065,110,5,0,60000.0000,0.0000,0,0,0,0,0,0
n012w8-0,n012w8,0,5,500000,100.0,adaptive,2026-07-04T12:33:52+01:00,2,2,4,5731,11,0.000000,1165,1210,1165,45,3.7190,LOCAL_BEST,0,42,0,9987,1067,111,6,0,75000.0000,0.0000,0,0,0,0,0,0
n012w8-0,n012w8,0,5,500000,100.0,adaptive,2026-07-04T12:33:52+01:00,2,2,4,6572,12,0.000000,1155,1165,1155,10,0.8584,LOCAL_BEST,0,42,0,11355,1333,112,841,1,118.9061,10000.0000,0,0,0,0,0,0
n012w8-0,n012w8,0,5,500000,100.0,adaptive,2026-07-04T12:33:52+01:00,2,1,4,8170,15,79.794324,1030,1040,1030,10,0.9615,GLOBAL_BEST,0,42,1918,13554,3012,113,1598,3,62.5782,3333.3333,0,0,0,0,0,0
n012w8-0,n012w8,0,5,500000,100.0,adaptive,2026-07-04T12:33:52+01:00,2,1,4,9373,17,77.185549,945,1030,945,85,8.2524,GLOBAL_BEST,0,42,2203,15606,3502,114,1203,2,706.5669,42500.0000,0,0,0,0,0,0
n012w8-0,n012w8,0,5,500000,100.0,adaptive,2026-07-04T12:33:52+01:00,2,1,4,9388,17,77.153565,930,945,930,15,1.5873,GLOBAL_BEST,0,42,2205,15638,3512,115,15,0,10000.0000,0.0000,0,0,0,0,0,0
n012w8-0,n012w8,0,5,500000,100.0,adaptive,2026-07-04T12:33:52+01:00,2,5,4,10691,75,0.000000,440,485,440,45,9.2784,GLOBAL_BEST,1,42,0,16436,8688,116,1303,58,345.3569,775.8621,0,0,0,0,0,0
n012w8-0,n012w8,0,5,500000,100.0,adaptive,2026-07-04T12:33:52+01:00,2,2,4,11632,20,0.000000,1055,1155,1055,100,8.6580,LOCAL_BEST,0,42,0,19653,3497,117,941,-55,1062.6993,0.0000,0,0,0,0,0,0
n012w8-0,n012w8,0,5,500000,100.0,adaptive,2026-07-04T12:33:52+01:00,2,1,4,12496,21,70.804360,885,930,885,45,4.8387,GLOBAL_BEST,0,42,2882,20950,4800,118,864,1,520.8333,45000.0000,0,0,0,0,0,0
n012w8-0,n012w8,0,5,500000,100.0,adaptive,2026-07-04T12:33:52+01:00,2,1,4,12785,21,70.241213,850,885,850,35,3.9548,GLOBAL_BEST,0,42,2936,21354,4949,119,289,0,1211.0727,0.0000,0,0,0,0,0,0
n012w8-0,n012w8,0,5,500000,100.0,adaptive,2026-07-04T12:33:52+01:00,2,1,4,12792,21,70.227628,785,850,785,65,7.6471,GLOBAL_BEST,0,42,2937,21367,4954,120,7,0,92857.1429,0.0000,0,0,0,0,0,0
n012w8-0,n012w8,0,5,500000,100.0,adaptive,2026-07-04T12:33:52+01:00,2,1,4,12793,21,70.225688,770,785,770,15,1.9108,GLOBAL_BEST,0,42,2937,21367,4954,121,1,0,150000.0000,0.0000,0,0,0,0,0,0
n012w8-0,n012w8,0,5,500000,100.0,adaptive,2026-07-04T12:33:52+01:00,2,1,4,12809,21,70.194648,760,770,760,10,1.2987,GLOBAL_BEST,0,42,2938,21395,4965,122,16,0,6250.0000,0.0000,0,0,0,0,0,0
n012w8-0,n012w8,0,5,500000,100.0,adaptive,2026-07-04T12:33:52+01:00,2,1,4,12810,21,70.192708,745,760,745,15,1.9737,GLOBAL_BEST,0,42,2938,21396,4965,123,1,0,150000.0000,0.0000,0,0,0,0,0,0
n012w8-0,n012w8,0,5,500000,100.0,adaptive,2026-07-04T12:33:52+01:00,2,1,4,12818,21,70.177194,730,745,730,15,2.0134,GLOBAL_BEST,0,42,2940,21424,4969,124,8,0,18750.0000,0.0000,0,0,0,0,0,0
n012w8-0,n012w8,0,5,500000,100.0,adaptive,2026-07-04T12:33:52+01:00,2,1,4,12819,21,70.175255,715,730,715,15,2.0548,GLOBAL_BEST,0,42,2940,21424,4969,125,1,0,150000.0000,0.0000,0,0,0,0,0,0
n012w8-0,n012w8,0,5,500000,100.0,adaptive,2026-07-04T12:33:52+01:00,2,2,4,15594,26,0.000000,1045,1055,1045,10,0.9479,LOCAL_BEST,0,42,0,26208,5485,126,2775,5,36.0360,2000.0000,0,0,0,0,0,0
n012w8-0,n012w8,0,5,500000,100.0,adaptive,2026-07-04T12:33:52+01:00,2,2,4,17614,29,0.000000,1025,1045,1025,20,1.9139,LOCAL_BEST,0,42,0,29279,6545,127,2020,3,99.0099,6666.6667,0,0,0,0,0,0
n012w8-0,n012w8,0,5,500000,100.0,adaptive,2026-07-04T12:33:52+01:00,2,2,4,18215,30,0.000000,980,1025,980,45,4.3902,LOCAL_BEST,0,42,0,30221,6884,128,601,1,748.7521,45000.0000,0,0,0,0,0,0
n012w8-0,n012w8,0,5,500000,100.0,adaptive,2026-07-04T12:33:52+01:00,2,5,4,18369,87,0.000000,430,440,430,10,2.2727,LOCAL_BEST,1,42,0,28262,15190,129,154,57,649.3506,175.4386,0,0,0,0,0,0
n012w8-0,n012w8,0,5,500000,100.0,adaptive,2026-07-04T12:33:52+01:00,2,2,4,19300,32,0.000000,935,980,935,45,4.5918,LOCAL_BEST,0,42,0,31966,7546,130,931,-55,483.3512,0.0000,0,0,0,0,0,0
n012w8-0,n012w8,0,5,500000,100.0,adaptive,2026-07-04T12:33:52+01:00,2,5,4,19300,88,0.000000,410,430,410,20,4.6512,LOCAL_BEST,1,42,0,29617,15965,131,0,56,0.0000,357.1429,0,0,0,0,0,0
n012w8-0,n012w8,0,5,500000,100.0,adaptive,2026-07-04T12:33:52+01:00,2,4,4,22604,96,53.550558,690,700,690,10,1.4286,LOCAL_BEST,1,42,4836,36877,9550,132,3304,8,30.2663,1250.0000,0,0,0,0,0,0
n012w8-0,n012w8,0,5,500000,100.0,adaptive,2026-07-04T12:33:52+01:00,2,4,4,23505,98,52.233845,685,690,685,5,0.7246,LOCAL_BEST,1,42,4976,38240,10042,133,901,2,55.4939,2500.0000,0,0,0,0,0,0
n012w8-0,n012w8,0,5,500000,100.0,adaptive,2026-07-04T12:33:52+01:00,2,2,4,23526,39,0.000000,900,935,900,35,3.7433,LOCAL_BEST,0,42,0,38598,10050,134,21,-59,16666.6667,0.0000,0,0,0,0,0,0
n012w8-0,n012w8,0,5,500000,100.0,adaptive,2026-07-04T12:33:52+01:00,2,2,4,23642,39,0.000000,885,900,885,15,1.6667,LOCAL_BEST,0,42,0,38775,10117,135,116,0,1293.1034,0.0000,0,0,0,0,0,0
n012w8-0,n012w8,0,5,500000,100.0,adaptive,2026-07-04T12:33:52+01:00,2,2,4,24691,41,0.000000,845,885,845,40,4.5198,LOCAL_BEST,0,42,0,40339,10728,136,1049,2,381.3155,20000.0000,0,0,0,0,0,0
n012w8-0,n012w8,0,5,500000,100.0,adaptive,2026-07-04T12:33:52+01:00,2,2,4,24692,41,0.000000,770,845,770,75,8.8757,LOCAL_BEST,0,42,0,40339,10728,137,1,0,750000.0000,0.0000,0,0,0,0,0,0
n012w8-0,n012w8,0,5,500000,100.0,adaptive,2026-07-04T12:33:52+01:00,2,5,4,24693,96,0.000000,400,410,400,10,2.4390,LOCAL_BEST,1,42,0,37677,20632,138,1,55,100000.0000,181.8182,0,0,0,0,0,0
n012w8-0,n012w8,0,5,500000,100.0,adaptive,2026-07-04T12:33:52+01:00,2,5,4,28509,101,0.000000,395,400,395,5,1.2500,LOCAL_BEST,1,42,0,43284,23987,139,3816,5,13.1027,1000.0000,0,0,0,0,0,0
n012w8-0,n012w8,0,5,500000,100.0,adaptive,2026-07-04T12:33:52+01:00,2,5,4,29343,102,0.000000,365,395,365,30,7.5949,GLOBAL_BEST,1,42,0,44455,24710,140,834,1,359.7122,30000.0000,0,0,0,0,0,0
n012w8-0,n012w8,0,5,500000,100.0,adaptive,2026-07-04T12:33:52+01:00,2,5,4,32578,107,0.000000,355,365,355,10,2.7397,LOCAL_BEST,1,42,0,49510,27474,141,3235,5,30.9119,2000.0000,0,0,0,0,0,0
n012w8-0,n012w8,0,5,500000,100.0,adaptive,2026-07-04T12:33:52+01:00,2,2,4,34495,56,0.000000,755,770,755,15,1.9481,LOCAL_BEST,0,42,0,56177,17464,142,1917,-51,78.2473,0.0000,0,0,0,0,0,0
n012w8-0,n012w8,0,5,500000,100.0,adaptive,2026-07-04T12:33:52+01:00,2,1,4,36416,59,36.561163,700,715,700,15,2.0979,GLOBAL_BEST,0,42,6667,58691,18079,143,1921,3,78.0843,5000.0000,0,0,0,0,0,0
n012w8-0,n012w8,0,5,500000,100.0,adaptive,2026-07-04T12:33:52+01:00,2,1,4,36717,60,36.258347,675,700,675,25,3.5714,LOCAL_BEST,0,42,6702,59148,18295,144,301,1,830.5648,25000.0000,0,0,0,0,0,0
n012w8-0,n012w8,0,5,500000,100.0,adaptive,2026-07-04T12:33:52+01:00,2,1,4,36741,60,36.234310,660,675,660,15,2.2222,LOCAL_BEST,0,42,6704,59183,18314,145,24,0,6250.0000,0.0000,0,0,0,0,0,0
n012w8-0,n012w8,0,5,500000,100.0,adaptive,2026-07-04T12:33:52+01:00,2,1,4,36744,60,36.231307,615,660,615,45,6.8182,GLOBAL_BEST,0,42,6704,59191,18316,146,3,0,150000.0000,0.0000,0,0,0,0,0,0
n012w8-0,n012w8,0,5,500000,100.0,adaptive,2026-07-04T12:33:52+01:00,2,2,4,37786,60,0.000000,735,755,735,20,2.6490,LOCAL_BEST,0,42,0,61189,19797,147,1042,0,191.9386,0.0000,0,0,0,0,0,0
n012w8-0,n012w8,0,5,500000,100.0,adaptive,2026-07-04T12:33:52+01:00,2,4,4,38019,122,34.977116,665,685,665,20,2.9197,LOCAL_BEST,1,42,6963,61109,18830,148,233,62,858.3691,322.5806,0,0,0,0,0,0
n012w8-0,n012w8,0,5,500000,100.0,adaptive,2026-07-04T12:33:52+01:00,2,4,4,38079,122,34.919177,620,665,620,45,6.7669,LOCAL_BEST,1,42,6972,61185,18864,149,60,0,7500.0000,0.0000,0,0,0,0,0,0
n012w8-0,n012w8,0,5,500000,100.0,adaptive,2026-07-04T12:33:52+01:00,2,4,4,38080,122,34.918212,560,620,560,60,9.6774,LOCAL_BEST,1,42,6972,61186,18864,150,1,0,600000.0000,0.0000,0,0,0,0,0,0
n012w8-0,n012w8,0,5,500000,100.0,adaptive,2026-07-04T12:33:52+01:00,2,2,4,38516,61,0.000000,715,735,715,20,2.7211,LOCAL_BEST,0,42,0,62355,20328,151,436,-61,458.7156,0.0000,0,0,0,0,0,0
n012w8-0,n012w8,0,5,500000,100.0,adaptive,2026-07-04T12:33:52+01:00,2,2,4,38658,62,0.000000,625,715,625,90,12.5874,LOCAL_BEST,0,42,0,62567,20431,152,142,1,6338.0282,90000.0000,0,0,0,0,0,0
n012w8-0,n012w8,0,5,500000,100.0,adaptive,2026-07-04T12:33:52+01:00,2,5,4,40218,118,0.000000,350,355,350,5,1.4085,LOCAL_BEST,1,42,0,61100,34285,153,1560,56,32.0513,89.2857,0,0,0,0,0,0
n012w8-0,n012w8,0,5,500000,100.0,adaptive,2026-07-04T12:33:52+01:00,2,5,4,43230,122,0.000000,340,350,340,10,2.8571,LOCAL_BEST,1,42,0,65696,36967,154,3012,4,33.2005,2500.0000,0,0,0,0,0,0
n012w8-0,n012w8,0,5,500000,100.0,adaptive,2026-07-04T12:33:52+01:00,2,4,4,45046,134,28.804477,530,560,530,30,5.3571,LOCAL_BEST,1,42,7575,71933,23916,155,1816,12,165.1982,2500.0000,0,0,0,0,0,0
n012w8-0,n012w8,0,5,500000,100.0,adaptive,2026-07-04T12:33:52+01:00,2,1,4,45583,74,28.380236,605,615,605,10,1.6260,LOCAL_BEST,0,42,7564,72671,24483,156,537,-60,186.2197,0.0000,0,0,0,0,0,0
n012w8-0,n012w8,0,5,500000,100.0,adaptive,2026-07-04T12:33:52+01:00,2,1,4,45591,74,28.373963,575,605,575,30,4.9587,LOCAL_BEST,0,42,7565,72684,24489,157,8,0,37500.0000,0.0000,0,0,0,0,0,0
n012w8-0,n012w8,0,5,500000,100.0,adaptive,2026-07-04T12:33:52+01:00,2,1,4,45592,74,28.373179,545,575,545,30,5.2174,LOCAL_BEST,0,42,7565,72684,24489,158,1,0,300000.0000,0.0000,0,0,0,0,0,0
n012w8-0,n012w8,0,5,500000,100.0,adaptive,2026-07-04T12:33:52+01:00,2,1,4,45594,74,28.371611,500,545,500,45,8.2569,LOCAL_BEST,0,42,7565,72684,24490,159,2,0,225000.0000,0.0000,0,0,0,0,0,0
n012w8-0,n012w8,0,5,500000,100.0,adaptive,2026-07-04T12:33:52+01:00,2,5,4,45909,126,0.000000,325,340,325,15,4.4118,LOCAL_BEST,1,42,0,69591,39362,160,315,52,476.1905,288.4615,0,0,0,0,0,0
n012w8-0,n012w8,0,5,500000,100.0,adaptive,2026-07-04T12:33:52+01:00,2,4,4,46882,137,27.379657,525,530,525,5,0.9434,LOCAL_BEST,1,42,7701,74639,25341,161,973,11,51.3875,454.5455,0,0,0,0,0,0
n012w8-0,n012w8,0,5,500000,100.0,adaptive,2026-07-04T12:33:52+01:00,2,4,4,46908,137,27.359994,515,525,515,10,1.9048,LOCAL_BEST,1,42,7703,74681,25361,162,26,0,3846.1538,0.0000,0,0,0,0,0,0
n012w8-0,n012w8,0,5,500000,100.0,adaptive,2026-07-04T12:33:52+01:00,2,4,4,46988,137,27.299582,500,515,500,15,2.9126,LOCAL_BEST,1,42,7704,74832,25435,163,80,0,1875.0000,0.0000,0,0,0,0,0,0
n012w8-0,n012w8,0,5,500000,100.0,adaptive,2026-07-04T12:33:52+01:00,2,1,4,48814,79,25.956373,480,500,480,20,4.0000,LOCAL_BEST,0,42,7778,77428,26975,164,1826,-58,109.5290,0.0000,0,0,0,0,0,0
n012w8-0,n012w8,0,5,500000,100.0,adaptive,2026-07-04T12:33:52+01:00,2,1,4,48816,79,25.954938,430,480,430,50,10.4167,GLOBAL_BEST,0,42,7778,77430,26976,165,2,0,250000.0000,0.0000,0,0,0,0,0,0
n012w8-0,n012w8,0,5,500000,100.0,adaptive,2026-07-04T12:33:52+01:00,2,1,4,48824,79,25.949202,385,430,385,45,10.4651,GLOBAL_BEST,0,42,7778,77439,26983,166,8,0,56250.0000,0.0000,0,0,0,0,0,0
n012w8-0,n012w8,0,5,500000,100.0,adaptive,2026-07-04T12:33:52+01:00,2,2,4,49018,77,0.000000,570,625,570,55,8.8000,LOCAL_BEST,0,42,0,78078,28251,167,194,-2,2835.0515,0.0000,0,0,0,0,0,0
n012w8-0,n012w8,0,5,500000,100.0,adaptive,2026-07-04T12:33:52+01:00,2,4,4,51289,145,24.240635,480,500,480,20,4.0000,LOCAL_BEST,1,42,8021,81422,28687,168,2271,68,88.0669,294.1176,0,0,0,0,0,0
n012w8-0,n012w8,0,5,500000,100.0,adaptive,2026-07-04T12:33:52+01:00,2,4,4,51292,145,24.238626,450,480,450,30,6.2500,LOCAL_BEST,1,42,8021,81424,28689,169,3,0,100000.0000,0.0000,0,0,0,0,0,0
n012w8-0,n012w8,0,5,500000,100.0,adaptive,2026-07-04T12:33:52+01:00,2,4,4,51295,145,24.236617,405,450,405,45,10.0000,LOCAL_BEST,1,42,8021,81435,28691,170,3,0,150000.0000,0.0000,0,0,0,0,0,0
n012w8-0,n012w8,0,5,500000,100.0,adaptive,2026-07-04T12:33:52+01:00,2,5,4,52544,135,0.000000,295,325,295,30,9.2308,LOCAL_BEST,1,42,0,79328,45291,171,1249,-10,240.1922,0.0000,0,0,0,0,0,0
n012w8-0,n012w8,0,5,500000,100.0,adaptive,2026-07-04T12:33:52+01:00,2,5,4,52679,136,0.000000,275,295,275,20,6.7797,GLOBAL_BEST,1,42,0,79496,45411,172,135,1,1481.4815,20000.0000,0,0,0,0,0,0
n012w8-0,n012w8,0,5,500000,100.0,adaptive,2026-07-04T12:33:52+01:00,2,2,4,52973,84,0.000000,550,570,550,20,3.5088,LOCAL_BEST,0,42,0,83939,31342,173,294,-52,680.2721,0.0000,0,0,0,0,0,0
n012w8-0,n012w8,0,5,500000,100.0,adaptive,2026-07-04T12:33:52+01:00,2,4,4,58774,156,19.711696,395,405,395,10,2.4691,LOCAL_BEST,1,42,8418,92446,34734,174,5801,72,17.2384,138.8889,0,0,0,0,0,0
n012w8-0,n012w8,0,5,500000,100.0,adaptive,2026-07-04T12:33:52+01:00,2,3,4,59926,101,0.000000,1430,1455,1430,25,1.7182,LOCAL_BEST,0,42,22798,104081,2246,175,1152,-55,217.0139,0.0000,0,0,0,0,0,0
n012w8-0,n012w8,0,5,500000,100.0,adaptive,2026-07-04T12:33:52+01:00,2,2,4,59990,95,0.000000,545,550,545,5,0.9091,LOCAL_BEST,0,42,0,94234,36894,176,64,-6,781.2500,0.0000,0,0,0,0,0,0
n012w8-0,n012w8,0,5,500000,100.0,adaptive,2026-07-04T12:33:52+01:00,2,2,4,60151,96,0.000000,535,545,535,10,1.8349,LOCAL_BEST,0,42,0,94472,37019,177,161,1,621.1180,10000.0000,0,0,0,0,0,0
n012w8-0,n012w8,0,5,500000,100.0,adaptive,2026-07-04T12:33:52+01:00,2,2,4,62301,99,0.000000,510,535,510,25,4.6729,LOCAL_BEST,0,42,0,97539,38680,178,2150,3,116.2791,8333.3333,0,0,0,0,0,0
n012w8-0,n012w8,0,5,500000,100.0,adaptive,2026-07-04T12:33:52+01:00,2,8,4,63476,206,0.000000,265,290,265,25,8.6207,LOCAL_BEST,3,42,0,94556,59404,179,1175,107,212.7660,233.6449,0,0,0,0,0,0
n012w8-0,n012w8,0,5,500000,100.0,adaptive,2026-07-04T12:33:52+01:00,2,5,4,65073,152,0.000000,260,275,260,15,5.4545,GLOBAL_BEST,1,42,0,96752,56834,180,1597,-54,93.9261,0.0000,0,0,0,0,0,0
n012w8-0,n012w8,0,5,500000,100.0,adaptive,2026-07-04T12:33:52+01:00,2,4,4,65092,167,16.554192,375,395,375,20,5.0633,LOCAL_BEST,1,42,8631,101514,40125,181,19,15,10526.3158,1333.3333,0,0,0,0,0,0
n012w8-0,n012w8,0,5,500000,100.0,adaptive,2026-07-04T12:33:52+01:00,2,4,4,65180,167,16.513989,365,375,365,10,2.6667,LOCAL_BEST,1,42,8632,101641,40205,182,88,0,1136.3636,0.0000,0,0,0,0,0,0
n012w8-0,n012w8,0,5,500000,100.0,adaptive,2026-07-04T12:33:52+01:00,2,2,4,65311,103,0.000000,495,510,495,15,2.9412,LOCAL_BEST,0,42,0,102048,41175,183,131,-64,1145.0382,0.0000,0,0,0,0,0,0
n012w8-0,n012w8,0,5,500000,100.0,adaptive,2026-07-04T12:33:52+01:00,2,4,4,68535,176,15.051923,350,365,350,15,4.1096,LOCAL_BEST,1,42,8754,106360,43096,184,3224,73,46.5261,205.4795,0,0,0,0,0,0
n012w8-0,n012w8,0,5,500000,100.0,adaptive,2026-07-04T12:33:52+01:00,2,7,4,68871,213,14.912828,345,365,345,20,5.4795,LOCAL_BEST,2,42,8811,107201,43113,185,336,37,595.2381,540.5405,0,0,0,0,0,0
n012w8-0,n012w8,0,5,500000,100.0,adaptive,2026-07-04T12:33:52+01:00,2,7,4,69057,214,14.836382,330,345,330,15,4.3478,LOCAL_BEST,2,42,8811,107436,43289,186,186,1,806.4516,15000.0000,0,0,0,0,0,0
n012w8-0,n012w8,0,5,500000,100.0,adaptive,2026-07-04T12:33:52+01:00,2,4,4,69188,177,14.782776,335,350,335,15,4.2857,LOCAL_BEST,1,42,8771,107252,43668,187,131,-37,1145.0382,0.0000,0,0,0,0,0,0
n012w8-0,n012w8,0,5,500000,100.0,adaptive,2026-07-04T12:33:52+01:00,2,1,4,69279,109,14.745653,375,385,375,10,2.5974,LOCAL_BEST,0,42,8712,107548,43876,188,91,-68,1098.9011,0.0000,0,0,0,0,0,0
n012w8-0,n012w8,0,5,500000,100.0,adaptive,2026-07-04T12:33:52+01:00,2,3,4,71015,122,0.000000,1410,1430,1410,20,1.3986,LOCAL_BEST,0,42,27002,123561,2674,189,1736,13,115.2074,1538.4615,0,0,0,0,0,0
n012w8-0,n012w8,0,5,500000,100.0,adaptive,2026-07-04T12:33:52+01:00,2,1,4,72235,113,13.589141,360,375,360,15,4.0000,LOCAL_BEST,0,42,8791,111862,46423,190,1220,-9,122.9508,0.0000,0,0,0,0,0,0
n012w8-0,n012w8,0,5,500000,100.0,adaptive,2026-07-04T12:33:52+01:00,2,1,4,72260,113,13.579757,345,360,345,15,4.1667,LOCAL_BEST,0,42,8791,111898,46445,191,25,0,6000.0000,0.0000,0,0,0,0,0,0
n012w8-0,n012w8,0,5,500000,100.0,adaptive,2026-07-04T12:33:52+01:00,2,4,4,74386,189,12.805012,320,335,320,15,4.4776,LOCAL_BEST,1,42,8888,114571,48329,192,2126,76,70.5550,197.3684,0,0,0,0,0,0
n012w8-0,n012w8,0,5,500000,100.0,adaptive,2026-07-04T12:33:52+01:00,2,2,4,75331,117,0.000000,475,495,475,20,4.0404,LOCAL_BEST,0,42,0,116770,49671,193,945,-72,211.6402,0.0000,0,0,0,0,0,0
n012w8-0,n012w8,0,5,500000,100.0,adaptive,2026-07-04T12:33:52+01:00,2,2,4,77040,119,0.000000,465,475,465,10,2.1053,LOCAL_BEST,0,42,0,119286,51083,194,1709,2,58.5138,5000.0000,0,0,0,0,0,0
n012w8-0,n012w8,0,5,500000,100.0,adaptive,2026-07-04T12:33:52+01:00,2,2,4,77829,122,0.000000,450,465,450,15,3.2258,LOCAL_BEST,0,42,0,120484,51743,195,789,3,190.1141,5000.0000,0,0,0,0,0,0
n012w8-0,n012w8,0,5,500000,100.0,adaptive,2026-07-04T12:33:52+01:00,2,2,4,78169,123,0.000000,445,450,445,5,1.1111,LOCAL_BEST,0,42,0,120998,52022,196,340,1,147.0588,5000.0000,0,0,0,0,0,0
n012w8-0,n012w8,0,5,500000,100.0,adaptive,2026-07-04T12:33:52+01:00,2,2,4,78610,124,0.000000,430,445,430,15,3.3708,LOCAL_BEST,0,42,0,121653,52368,197,441,1,340.1361,15000.0000,0,0,0,0,0,0
n012w8-0,n012w8,0,5,500000,100.0,adaptive,2026-07-04T12:33:52+01:00,2,2,4,81556,128,0.000000,375,430,375,55,12.7907,LOCAL_BEST,0,42,0,125917,54860,198,2946,4,186.6938,13750.0000,0,0,0,0,0,0
n012w8-0,n012w8,0,5,500000,100.0,adaptive,2026-07-04T12:33:52+01:00,2,1,4,82626,128,10.197648,340,345,340,5,1.4493,LOCAL_BEST,0,42,8962,126591,55869,199,1070,0,46.7290,0.0000,0,0,0,0,0,0
n012w8-0,n012w8,0,5,500000,100.0,adaptive,2026-07-04T12:33:52+01:00,2,1,4,85566,133,9.401995,310,340,310,30,8.8235,LOCAL_BEST,0,42,9001,130718,58596,200,2940,5,102.0408,6000.0000,0,0,0,0,0,0
n012w8-0,n012w8,0,5,500000,100.0,adaptive,2026-07-04T12:33:52+01:00,2,1,4,85622,133,9.387458,295,310,295,15,4.8387,LOCAL_BEST,0,42,9001,130781,58649,201,56,0,2678.5714,0.0000,0,0,0,0,0,0
n012w8-0,n012w8,0,5,500000,100.0,adaptive,2026-07-04T12:33:52+01:00,2,3,4,90443,158,0.000000,1405,1410,1405,5,0.3546,LOCAL_BEST,0,42,34406,157823,3418,202,4821,25,10.3713,200.0000,0,0,0,0,0,0
n012w8-0,n012w8,0,5,500000,100.0,adaptive,2026-07-04T12:33:52+01:00,2,3,4,90445,158,0.000000,1375,1405,1375,30,2.1352,LOCAL_BEST,0,42,34406,157827,3418,203,2,0,150000.0000,0.0000,0,0,0,0,0,0
n012w8-0,n012w8,0,5,500000,100.0,adaptive,2026-07-04T12:33:52+01:00,2,3,4,93814,166,0.000000,1330,1375,1330,45,3.2727,LOCAL_BEST,0,42,35674,163906,3537,204,3369,8,133.5708,5625.0000,0,0,0,0,0,0
n012w8-0,n012w8,0,5,500000,100.0,adaptive,2026-07-04T12:33:52+01:00,2,3,4,93815,166,0.000000,1315,1330,1315,15,1.1278,LOCAL_BEST,0,42,35674,163910,3537,205,1,0,150000.0000,0.0000,0,0,0,0,0,0
n012w8-0,n012w8,0,5,500000,100.0,adaptive,2026-07-04T12:33:52+01:00,2,2,4,96322,151,0.000000,360,375,360,15,4.0000,LOCAL_BEST,0,42,0,147383,67731,206,2507,-15,59.8325,0.0000,0,0,0,0,0,0
n012w8-0,n012w8,0,5,500000,100.0,adaptive,2026-07-04T12:33:52+01:00,2,2,4,99703,157,0.000000,320,360,320,40,11.1111,LOCAL_BEST,0,42,0,152316,70756,207,3381,6,118.3082,6666.6667,0,0,0,0,0,0
n012w8-0,n012w8,0,5,500000,100.0,adaptive,2026-07-04T12:33:52+01:00,2,7,4,101421,266,6.066804,315,330,315,15,4.5455,LOCAL_BEST,2,42,9246,153742,73279,208,1718,109,87.3108,137.6147,0,0,0,0,0,0
n012w8-0,n012w8,0,5,500000,100.0,adaptive,2026-07-04T12:33:52+01:00,2,7,4,101835,267,5.997800,305,315,305,10,3.1746,LOCAL_BEST,2,42,9250,154355,73673,209,414,1,241.5459,10000.0000,0,0,0,0,0,0
n012w8-0,n012w8,0,5,500000,100.0,adaptive,2026-07-04T12:33:52+01:00,2,7,4,101956,267,5.977781,295,305,295,10,3.2787,LOCAL_BEST,2,42,9252,154519,73786,210,121,0,826.4463,0.0000,0,0,0,0,0,0
n012w8-0,n012w8,0,5,500000,100.0,adaptive,2026-07-04T12:33:52+01:00,2,7,4,101977,267,5.974313,290,295,290,5,1.6949,LOCAL_BEST,2,42,9252,154546,73805,211,21,0,2380.9524,0.0000,0,0,0,0,0,0
n012w8-0,n012w8,0,5,500000,100.0,adaptive,2026-07-04T12:33:52+01:00,2,1,4,109998,172,4.786698,285,295,285,10,3.3898,LOCAL_BEST,0,42,9097,164088,81827,212,8021,-95,12.4673,0.0000,0,0,0,0,0,0
n012w8-0,n012w8,0,5,500000,100.0,adaptive,2026-07-04T12:33:52+01:00,2,2,4,136405,212,0.000000,315,320,315,5,1.5625,LOCAL_BEST,0,42,0,206505,103472,213,26407,40,1.8934,125.0000,0,0,0,0,0,0
n012w8-0,n012w8,0,5,500000,100.0,adaptive,2026-07-04T12:33:52+01:00,2,2,4,138317,217,0.000000,300,315,300,15,4.7619,LOCAL_BEST,0,42,0,209459,105195,214,1912,5,78.4519,3000.0000,0,0,0,0,0,0
n012w8-0,n012w8,0,5,500000,100.0,adaptive,2026-07-04T12:33:52+01:00,2,2,4,141061,223,0.000000,270,300,270,30,10.0000,LOCAL_BEST,0,42,0,213519,107628,215,2744,6,109.3294,5000.0000,0,0,0,0,0,0
n012w8-0,n012w8,0,5,500000,100.0,adaptive,2026-07-04T12:33:52+01:00,2,1,4,159998,248,1.202331,285,285,285,0,0.0000,REHEAT,0,42,9105,232203,130107,216,18937,25,0.0000,0.0000,0,0,0,0,0,0
n012w8-0,n012w8,0,5,500000,100.0,adaptive,2026-07-04T12:33:52+01:00,2,1,4,209998,354,25.118864,765,285,285,0,0.0000,REHEAT,0,42,17061,311365,157739,217,50000,106,0.0000,0.0000,0,0,0,0,0,0
n012w8-0,n012w8,0,5,500000,100.0,adaptive,2026-07-04T12:33:52+01:00,2,1,4,259998,448,25.118864,745,285,285,0,0.0000,REHEAT,0,42,24999,390645,185488,218,50000,94,0.0000,0.0000,0,0,0,0,0,0
n012w8-0,n012w8,0,5,500000,100.0,adaptive,2026-07-04T12:33:52+01:00,2,1,4,309998,535,25.118864,860,285,285,0,0.0000,REHEAT,0,42,32854,470582,213232,219,50000,87,0.0000,0.0000,0,0,0,0,0,0
n012w8-0,n012w8,0,5,500000,100.0,adaptive,2026-07-04T12:33:52+01:00,2,1,4,359998,632,25.118864,835,285,285,0,0.0000,REHEAT,0,42,40703,549431,241110,220,50000,97,0.0000,0.0000,0,0,0,0,0,0
n012w8-0,n012w8,0,5,500000,100.0,adaptive,2026-07-04T12:33:52+01:00,2,1,4,409998,718,25.118864,900,285,285,0,0.0000,REHEAT,0,42,48612,628691,268984,221,50000,86,0.0000,0.0000,0,0,0,0,0,0
n012w8-0,n012w8,0,5,500000,100.0,adaptive,2026-07-04T12:33:52+01:00,2,1,4,459998,811,25.118864,865,285,285,0,0.0000,REHEAT,0,42,56489,708344,296866,222,50000,93,0.0000,0.0000,0,0,0,0,0,0
n012w8-0,n012w8,0,5,500000,100.0,adaptive,2026-07-04T12:33:52+01:00,3,1,16,1,1,100.000000,4190,4400,4190,210,4.7727,GLOBAL_BEST,0,42,0,0,0,1,1,1,2100000.0000,210000.0000,0,0,0,0,0,0
n012w8-0,n012w8,0,5,500000,100.0,adaptive,2026-07-04T12:33:52+01:00,3,2,16,1,1,0.000000,4100,4400,4100,300,6.8182,LOCAL_BEST,0,42,0,1,0,2,0,0,0.0000,0.0000,0,0,0,0,0,0
n012w8-0,n012w8,0,5,500000,100.0,adaptive,2026-07-04T12:33:52+01:00,3,3,16,1,1,0.000000,4040,4400,4040,360,8.1818,GLOBAL_BEST,0,42,0,3,0,3,0,0,0.0000,0.0000,0,0,0,0,0,0
n012w8-0,n012w8,0,5,500000,100.0,adaptive,2026-07-04T12:33:52+01:00,3,4,16,1,67,100.000000,715,745,715,30,4.0268,LOCAL_BEST,1,42,0,1,0,4,0,66,0.0000,454.5455,0,0,0,0,0,0
n012w8-0,n012w8,0,5,500000,100.0,adaptive,2026-07-04T12:33:52+01:00,3,6,16,1,67,0.000000,715,745,715,30,4.0268,LOCAL_BEST,2,42,0,1,0,5,0,0,0.0000,0.0000,0,0,0,0,0,0
n012w8-0,n012w8,0,5,500000,100.0,adaptive,2026-07-04T12:33:52+01:00,3,3,16,2,1,0.000000,4030,4040,4030,10,0.2475,GLOBAL_BEST,0,42,0,3,0,6,1,-66,100000.0000,0.0000,0,0,0,0,0,0
n012w8-0,n012w8,0,5,500000,100.0,adaptive,2026-07-04T12:33:52+01:00,3,2,16,3,1,0.000000,4090,4100,4090,10,0.2439,LOCAL_BEST,0,42,0,5,0,7,1,0,100000.0000,0.0000,0,0,0,0,0,0
n012w8-0,n012w8,0,5,500000,100.0,adaptive,2026-07-04T12:33:52+01:00,3,1,16,3,1,99.994474,4025,4190,4025,165,3.9379,GLOBAL_BEST,0,42,0,9,0,8,0,0,0.0000,0.0000,0,0,0,0,0,0
n012w8-0,n012w8,0,5,500000,100.0,adaptive,2026-07-04T12:33:52+01:00,3,1,16,4,1,99.991711,3935,4025,3935,90,2.2360,GLOBAL_BEST,0,42,0,12,0,9,1,0,900000.0000,0.0000,0,0,0,0,0,0
n012w8-0,n012w8,0,5,500000,100.0,adaptive,2026-07-04T12:33:52+01:00,3,2,16,5,1,0.000000,3760,4090,3760,330,8.0685,GLOBAL_BEST,0,42,0,11,0,10,1,0,3300000.0000,0.0000,0,0,0,0,0,0
n012w8-0,n012w8,0,5,500000,100.0,adaptive,2026-07-04T12:33:52+01:00,3,1,16,5,1,99.988948,3800,3935,3800,135,3.4307,LOCAL_BEST,0,42,0,12,0,11,0,0,0.0000,0.0000,0,0,0,0,0,0
n012w8-0,n012w8,0,5,500000,100.0,adaptive,2026-07-04T12:33:52+01:00,3,3,16,6,1,0.000000,3920,4030,3920,110,2.7295,LOCAL_BEST,0,42,1,13,0,12,1,0,1100000.0000,0.0000,0,0,0,0,0,0
n012w8-0,n012w8,0,5,500000,100.0,adaptive,2026-07-04T12:33:52+01:00,3,2,16,6,1,0.000000,3580,3760,3580,180,4.7872,GLOBAL_BEST,0,42,0,13,0,13,0,0,0.0000,0.0000,0,0,0,0,0,0
n012w8-0,n012w8,0,5,500000,100.0,adaptive,2026-07-04T12:33:52+01:00,3,1,16,6,1,99.986185,3785,3800,3785,15,0.3947,LOCAL_BEST,0,42,0,13,0,14,0,0,0.0000,0.0000,0,0,0,0,0,0
n012w8-0,n012w8,0,5,500000,100.0,adaptive,2026-07-04T12:33:52+01:00,3,5,16,6,67,0.000000,685,745,685,60,8.0537,GLOBAL_BEST,1,42,0,7,5,15,0,66,0.0000,909.0909,0,0,0,0,0,0
n012w8-0,n012w8,0,5,500000,100.0,adaptive,2026-07-04T12:33:52+01:00,3,3,16,7,1,0.000000,3620,3920,3620,300,7.6531,LOCAL_BEST,0,42,1,24,0,16,1,-66,3000000.0000,0.0000,0,0,0,0,0,0
n012w8-0,n012w8,0,5,500000,100.0,adaptive,2026-07-04T12:33:52+01:00,3,1,16,7,1,99.983423,3665,3785,3665,120,3.1704,LOCAL_BEST,0,42,0,13,0,17,0,0,0.0000,0.0000,0,0,0,0,0,0
n012w8-0,n012w8,0,5,500000,100.0,adaptive,2026-07-04T12:33:52+01:00,3,1,16,8,1,99.980660,3625,3665,3625,40,1.0914,LOCAL_BEST,0,42,0,15,0,18,1,0,400000.0000,0.0000,0,0,0,0,0,0
n012w8-0,n012w8,0,5,500000,100.0,adaptive,2026-07-04T12:33:52+01:00,3,3,16,8,1,0.000000,3380,3620,3380,240,6.6298,GLOBAL_BEST,0,42,1,26,0,19,0,0,0.0000,0.0000,0,0,0,0,0,0
n012w8-0,n012w8,0,5,500000,100.0,adaptive,2026-07-04T12:33:52+01:00,3,1,16,9,1,99.977898,3430,3625,3430,195,5.3793,LOCAL_BEST,0,42,0,15,0,20,1,0,1950000.0000,0.0000,0,0,0,0,0,0
n012w8-0,n012w8,0,5,500000,100.0,adaptive,2026-07-04T12:33:52+01:00,3,5,16,9,67,0.000000,670,685,670,15,2.1898,GLOBAL_BEST,1,42,0,16,7,21,0,66,0.0000,227.2727,0,0,0,0,0,0
n012w8-0,n012w8,0,5,500000,100.0,adaptive,2026-07-04T12:33:52+01:00,3,2,16,10,1,0.000000,3520,3580,3520,60,1.6760,LOCAL_BEST,0,42,0,27,0,22,1,-66,600000.0000,0.0000,0,0,0,0,0,0
n012w8-0,n012w8,0,5,500000,100.0,adaptive,2026-07-04T12:33:52+01:00,3,1,16,10,1,99.975135,3350,3430,3350,80,2.3324,GLOBAL_BEST,0,42,0,20,0,23,0,0,0.0000,0.0000,0,0,0,0,0,0
n012w8-0,n012w8,0,5,500000,100.0,adaptive,2026-07-04T12:33:52+01:00,3,2,16,11,1,0.000000,3460,3520,3460,60,1.7045,LOCAL_BEST,0,42,0,27,0,24,1,0,600000.0000,0.0000,0,0,0,0,0,0
n012w8-0,n012w8,0,5,500000,100.0,adaptive,2026-07-04T12:33:52+01:00,3,3,16,11,1,0.000000,3245,3380,3245,135,3.9941,GLOBAL_BEST,0,42,2,28,0,25,0,0,0.0000,0.0000,0,0,0,0,0,0
n012w8-0,n012w8,0,5,500000,100.0,adaptive,2026-07-04T12:33:52+01:00,3,2,16,13,1,0.000000,3340,3460,3340,120,3.4682,LOCAL_BEST,0,42,0,32,0,26,2,0,600000.0000,0.0000,0,0,0,0,0,0
n012w8-0,n012w8,0,5,500000,100.0,adaptive,2026-07-04T12:33:52+01:00,3,1,16,13,1,99.966848,3200,3350,3200,150,4.4776,GLOBAL_BEST,0,42,0,23,1,27,0,0,0.0000,0.0000,0,0,0,0,0,0
n012w8-0,n012w8,0,5,500000,100.0,adaptive,2026-07-04T12:33:52+01:00,3,3,16,14,1,0.000000,3080,3245,3080,165,5.0847,GLOBAL_BEST,0,42,2,39,0,28,1,0,1650000.0000,0.0000,0,0,0,0,0,0
n012w8-0,n012w8,0,5,500000,100.0,adaptive,2026-07-04T12:33:52+01:00,3,2,16,15,1,0.000000,3290,3340,3290,50,1.4970,LOCAL_BEST,0,42,0,39,0,29,1,0,500000.0000,0.0000,0,0,0,0,0,0
n012w8-0,n012w8,0,5,500000,100.0,adaptive,2026-07-04T12:33:52+01:00,3,3,16,15,1,0.000000,2855,3080,2855,225,7.3052,GLOBAL_BEST,0,42,2,42,0,30,0,0,0.0000,0.0000,0,0,0,0,0,0
n012w8-0,n012w8,0,5,500000,100.0,adaptive,2026-07-04T12:33:52+01:00,3,2,16,17,1,0.000000,3170,3290,3170,120,3.6474,LOCAL_BEST,0,42,0,41,0,31,2,0,600000.0000,0.0000,0,0,0,0,0,0
n012w8-0,n012w8,0,5,500000,100.0,adaptive,2026-07-04T12:33:52+01:00,3,2,16,18,1,0.000000,3155,3170,3155,15,0.4732,LOCAL_BEST,0,42,0,51,0,32,1,0,150000.0000,0.0000,0,0,0,0,0,0
n012w8-0,n012w8,0,5,500000,100.0,adaptive,2026-07-04T12:33:52+01:00,3,3,16,18,1,0.000000,2825,2855,2825,30,1.0508,GLOBAL_BEST,0,42,3,49,0,33,0,0,0.0000,0.0000,0,0,0,0,0,0
n012w8-0,n012w8,0,5,500000,100.0,adaptive,2026-07-04T12:33:52+01:00,3,2,16,19,1,0.000000,3125,3155,3125,30,0.9509,LOCAL_BEST,0,42,0,52,0,34,1,0,300000.0000,0.0000,0,0,0,0,0,0
n012w8-0,n012w8,0,5,500000,100.0,adaptive,2026-07-04T12:33:52+01:00,3,3,16,19,1,0.000000,2795,2825,2795,30,1.0619,GLOBAL_BEST,0,42,3,54,0,35,0,0,0.0000,0.0000,0,0,0,0,0,0
n012w8-0,n012w8,0,5,500000,100.0,adaptive,2026-07-04T12:33:52+01:00,3,1,16,20,1,99.947515,2920,3200,2920,280,8.7500,LOCAL_BEST,0,42,3,29,2,36,1,0,2800000.0000,0.0000,0,0,0,0,0,0
n012w8-0,n012w8,0,5,500000,100.0,adaptive,2026-07-04T12:33:52+01:00,3,2,16,20,1,0.000000,3050,3125,3050,75,2.4000,LOCAL_BEST,0,42,0,52,0,37,0,0,0.0000,0.0000,0,0,0,0,0,0
n012w8-0,n012w8,0,5,500000,100.0,adaptive,2026-07-04T12:33:52+01:00,3,3,16,20,1,0.000000,2765,2795,2765,30,1.0733,GLOBAL_BEST,0,42,3,56,0,38,0,0,0.0000,0.0000,0,0,0,0,0,0
n012w8-0,n012w8,0,5,500000,100.0,adaptive,2026-07-04T12:33:52+01:00,3,1,16,21,1,99.944753,2905,2920,2905,15,0.5137,LOCAL_BEST,0,42,3,33,2,39,1,0,150000.0000,0.0000,0,0,0,0,0,0
n012w8-0,n012w8,0,5,500000,100.0,adaptive,2026-07-04T12:33:52+01:00,3,2,16,21,1,0.000000,2975,3050,2975,75,2.4590,LOCAL_BEST,0,42,0,53,0,40,0,0,0.0000,0.0000,0,0,0,0,0,0
n012w8-0,n012w8,0,5,500000,100.0,adaptive,2026-07-04T12:33:52+01:00,3,3,16,23,1,0.000000,2735,2765,2735,30,1.0850,GLOBAL_BEST,0,42,4,62,0,41,2,0,150000.0000,0.0000,0,0,0,0,0,0
n012w8-0,n012w8,0,5,500000,100.0,adaptive,2026-07-04T12:33:52+01:00,3,1,16,24,1,99.936469,2815,2905,2815,90,3.0981,LOCAL_BEST,0,42,5,34,2,42,1,0,900000.0000,0.0000,0,0,0,0,0,0
n012w8-0,n012w8,0,5,500000,100.0,adaptive,2026-07-04T12:33:52+01:00,3,2,16,24,1,0.000000,2875,2975,2875,100,3.3613,LOCAL_BEST,0,42,0,63,0,43,0,0,0.0000,0.0000,0,0,0,0,0,0
n012w8-0,n012w8,0,5,500000,100.0,adaptive,2026-07-04T12:33:52+01:00,3,1,16,25,1,99.933708,2785,2815,2785,30,1.0657,LOCAL_BEST,0,42,5,34,2,44,1,0,300000.0000,0.0000,0,0,0,0,0,0
n012w8-0,n012w8,0,5,500000,100.0,adaptive,2026-07-04T12:33:52+01:00,3,3,16,25,1,0.000000,2615,2735,2615,120,4.3876,GLOBAL_BEST,0,42,4,64,0,45,0,0,0.0000,0.0000,0,0,0,0,0,0
n012w8-0,n012w8,0,5,500000,100.0,adaptive,2026-07-04T12:33:52+01:00,3,2,16,28,1,0.000000,2800,2875,2800,75,2.6087,LOCAL_BEST,0,42,0,70,0,46,3,0,250000.0000,0.0000,0,0,0,0,0,0
n012w8-0,n012w8,0,5,500000,100.0,adaptive,2026-07-04T12:33:52+01:00,3,2,16,29,1,0.000000,2635,2800,2635,165,5.8929,LOCAL_BEST,0,42,0,71,0,47,1,0,1650000.0000,0.0000,0,0,0,0,0,0
n012w8-0,n012w8,0,5,500000,100.0,adaptive,2026-07-04T12:33:52+01:00,3,2,16,30,1,0.000000,2620,2635,2620,15,0.5693,LOCAL_BEST,0,42,0,71,0,48,1,0,150000.0000,0.0000,0,0,0,0,0,0
n012w8-0,n012w8,0,5,500000,100.0,adaptive,2026-07-04T12:33:52+01:00,3,1,16,36,1,99.903338,2725,2785,2725,60,2.1544,LOCAL_BEST,0,42,7,50,4,49,6,0,100000.0000,0.0000,0,0,0,0,0,0
n012w8-0,n012w8,0,5,500000,100.0,adaptive,2026-07-04T12:33:52+01:00,3,1,16,38,1,99.897817,2665,2725,2665,60,2.2018,LOCAL_BEST,0,42,7,51,5,50,2,0,300000.0000,0.0000,0,0,0,0,0,0
n012w8-0,n012w8,0,5,500000,100.0,adaptive,2026-07-04T12:33:52+01:00,3,1,16,40,1,99.892297,2605,2665,2605,60,2.2514,GLOBAL_BEST,0,42,7,60,6,51,2,0,300000.0000,0.0000,0,0,0,0,0,0
n012w8-0,n012w8,0,5,500000,100.0,adaptive,2026-07-04T12:33:52+01:00,3,1,16,41,1,99.889537,2215,2605,2215,390,14.9712,GLOBAL_BEST,0,42,7,61,6,52,1,0,3900000.0000,0.0000,0,0,0,0,0,0
n012w8-0,n012w8,0,5,500000,100.0,adaptive,2026-07-04T12:33:52+01:00,3,1,16,63,1,99.828834,2160,2215,2160,55,2.4831,GLOBAL_BEST,0,42,16,103,9,53,22,0,25000.0000,0.0000,0,0,0,0,0,0
n012w8-0,n012w8,0,5,500000,100.0,adaptive,2026-07-04T12:33:52+01:00,3,1,16,64,1,99.826076,2130,2160,2130,30,1.3889,GLOBAL_BEST,0,42,16,103,9,54,1,0,300000.0000,0.0000,0,0,0,0,0,0
n012w8-0,n012w8,0,5,500000,100.0,adaptive,2026-07-04T12:33:52+01:00,3,3,16,80,1,0.000000,2605,2615,2605,10,0.3824,LOCAL_BEST,0,42,22,167,2,55,16,0,6250.0000,0.0000,0,0,0,0,0,0
n012w8-0,n012w8,0,5,500000,100.0,adaptive,2026-07-04T12:33:52+01:00,3,3,16,82,1,0.000000,2455,2605,2455,150,5.7582,LOCAL_BEST,0,42,22,169,2,56,2,0,750000.0000,0.0000,0,0,0,0,0,0
n012w8-0,n012w8,0,5,500000,100.0,adaptive,2026-07-04T12:33:52+01:00,3,3,16,83,1,0.000000,2095,2455,2095,360,14.6640,GLOBAL_BEST,0,42,22,169,2,57,1,0,3600000.0000,0.0000,0,0,0,0,0,0
n012w8-0,n012w8,0,5,500000,100.0,adaptive,2026-07-04T12:33:52+01:00,3,1,16,84,1,99.770925,2120,2130,2120,10,0.4695,LOCAL_BEST,0,42,21,139,14,58,1,0,100000.0000,0.0000,0,0,0,0,0,0
n012w8-0,n012w8,0,5,500000,100.0,adaptive,2026-07-04T12:33:52+01:00,3,3,16,84,1,0.000000,2050,2095,2050,45,2.1480,GLOBAL_BEST,0,42,22,169,2,59,0,0,0.0000,0.0000,0,0,0,0,0,0
n012w8-0,n012w8,0,5,500000,100.0,adaptive,2026-07-04T12:33:52+01:00,3,1,16,88,1,99.759899,2055,2120,2055,65,3.0660,LOCAL_BEST,0,42,22,142,15,60,4,0,162500.0000,0.0000,0,0,0,0,0,0
n012w8-0,n012w8,0,5,500000,100.0,adaptive,2026-07-04T12:33:52+01:00,3,1,16,89,1,99.757142,2025,2055,2025,30,1.4599,GLOBAL_BEST,0,42,22,142,15,61,1,0,300000.0000,0.0000,0,0,0,0,0,0
n012w8-0,n012w8,0,5,500000,100.0,adaptive,2026-07-04T12:33:52+01:00,3,1,16,90,1,99.754386,1995,2025,1995,30,1.4815,GLOBAL_BEST,0,42,22,142,15,62,1,0,300000.0000,0.0000,0,0,0,0,0,0
n012w8-0,n012w8,0,5,500000,100.0,adaptive,2026-07-04T12:33:52+01:00,3,1,16,91,1,99.751630,1980,1995,1980,15,0.7519,GLOBAL_BEST,0,42,22,142,15,63,1,0,150000.0000,0.0000,0,0,0,0,0,0
n012w8-0,n012w8,0,5,500000,100.0,adaptive,2026-07-04T12:33:52+01:00,3,3,16,95,1,0.000000,1965,2050,1965,85,4.1463,GLOBAL_BEST,0,42,25,187,3,64,4,0,212500.0000,0.0000,0,0,0,0,0,0
n012w8-0,n012w8,0,5,500000,100.0,adaptive,2026-07-04T12:33:52+01:00,3,3,16,96,1,0.000000,1905,1965,1905,60,3.0534,GLOBAL_BEST,0,42,25,188,3,65,1,0,600000.0000,0.0000,0,0,0,0,0,0
n012w8-0,n012w8,0,5,500000,100.0,adaptive,2026-07-04T12:33:52+01:00,3,2,16,117,1,0.000000,2610,2620,2610,10,0.3817,LOCAL_BEST,0,42,0,230,0,66,21,0,4761.9048,0.0000,0,0,0,0,0,0
n012w8-0,n012w8,0,5,500000,100.0,adaptive,2026-07-04T12:33:52+01:00,3,2,16,119,1,0.000000,2460,2610,2460,150,5.7471,LOCAL_BEST,0,42,0,233,0,67,2,0,750000.0000,0.0000,0,0,0,0,0,0
n012w8-0,n012w8,0,5,500000,100.0,adaptive,2026-07-04T12:33:52+01:00,3,2,16,131,1,0.000000,2390,2460,2390,70,2.8455,LOCAL_BEST,0,42,0,251,0,68,12,0,58333.3333,0.0000,0,0,0,0,0,0
n012w8-0,n012w8,0,5,500000,100.0,adaptive,2026-07-04T12:33:52+01:00,3,2,16,132,1,0.000000,2270,2390,2270,120,5.0209,LOCAL_BEST,0,42,0,254,0,69,1,0,1200000.0000,0.0000,0,0,0,0,0,0
n012w8-0,n012w8,0,5,500000,100.0,adaptive,2026-07-04T12:33:52+01:00,3,2,16,133,1,0.000000,2240,2270,2240,30,1.3216,LOCAL_BEST,0,42,0,255,0,70,1,0,300000.0000,0.0000,0,0,0,0,0,0
n012w8-0,n012w8,0,5,500000,100.0,adaptive,2026-07-04T12:33:52+01:00,3,1,16,135,1,99.630429,1935,1980,1935,45,2.2727,LOCAL_BEST,0,42,35,208,24,71,2,0,225000.0000,0.0000,0,0,0,0,0,0
n012w8-0,n012w8,0,5,500000,100.0,adaptive,2026-07-04T12:33:52+01:00,3,3,16,137,1,0.000000,1755,1905,1755,150,7.8740,GLOBAL_BEST,0,42,41,229,3,72,2,0,750000.0000,0.0000,0,0,0,0,0,0
n012w8-0,n012w8,0,5,500000,100.0,adaptive,2026-07-04T12:33:52+01:00,3,1,16,137,1,99.624923,1890,1935,1890,45,2.3256,LOCAL_BEST,0,42,35,211,25,73,0,0,0.0000,0.0000,0,0,0,0,0,0
n012w8-0,n012w8,0,5,500000,100.0,adaptive,2026-07-04T12:33:52+01:00,3,3,16,138,1,0.000000,1695,1755,1695,60,3.4188,GLOBAL_BEST,0,42,41,233,3,74,1,0,600000.0000,0.0000,0,0,0,0,0,0
n012w8-0,n012w8,0,5,500000,100.0,adaptive,2026-07-04T12:33:52+01:00,3,3,16,139,1,0.000000,1665,1695,1665,30,1.7699,GLOBAL_BEST,0,42,41,233,3,75,1,0,300000.0000,0.0000,0,0,0,0,0,0
n012w8-0,n012w8,0,5,500000,100.0,adaptive,2026-07-04T12:33:52+01:00,3,1,16,140,1,99.616665,1680,1890,1680,210,11.1111,LOCAL_BEST,0,42,35,215,27,76,1,0,2100000.0000,0.0000,0,0,0,0,0,0
n012w8-0,n012w8,0,5,500000,100.0,adaptive,2026-07-04T12:33:52+01:00,3,1,16,141,1,99.613913,1530,1680,1530,150,8.9286,GLOBAL_BEST,0,42,35,215,27,77,1,0,1500000.0000,0.0000,0,0,0,0,0,0
n012w8-0,n012w8,0,5,500000,100.0,adaptive,2026-07-04T12:33:52+01:00,3,1,16,172,1,99.528624,1465,1530,1465,65,4.2484,GLOBAL_BEST,0,42,42,262,37,78,31,0,20967.7419,0.0000,0,0,0,0,0,0
n012w8-0,n012w8,0,5,500000,100.0,adaptive,2026-07-04T12:33:52+01:00,3,1,16,357,1,99.021158,1455,1465,1455,10,0.6826,GLOBAL_BEST,0,42,90,586,101,79,185,0,540.5405,0.0000,0,0,0,0,0,0
n012w8-0,n012w8,0,5,500000,100.0,adaptive,2026-07-04T12:33:52+01:00,3,1,16,475,1,98.698829,1450,1455,1450,5,0.3436,GLOBAL_BEST,0,42,120,776,144,80,118,0,423.7288,0.0000,0,0,0,0,0,0
n012w8-0,n012w8,0,5,500000,100.0,adaptive,2026-07-04T12:33:52+01:00,3,1,16,477,1,98.693375,1390,1450,1390,60,4.1379,GLOBAL_BEST,0,42,120,779,145,81,2,0,300000.0000,0.0000,0,0,0,0,0,0
n012w8-0,n012w8,0,5,500000,100.0,adaptive,2026-07-04T12:33:52+01:00,3,2,16,584,2,0.000000,2180,2240,2180,60,2.6786,LOCAL_BEST,0,42,0,1104,0,82,107,1,5607.4766,60000.0000,0,0,0,0,0,0
n012w8-0,n012w8,0,5,500000,100.0,adaptive,2026-07-04T12:33:52+01:00,3,5,16,593,68,0.000000,660,670,660,10,1.4925,GLOBAL_BEST,1,42,0,882,511,83,9,66,11111.1111,151.5152,0,0,0,0,0,0
n012w8-0,n012w8,0,5,500000,100.0,adaptive,2026-07-04T12:33:52+01:00,3,1,16,606,2,98.342218,1340,1390,1340,50,3.5971,GLOBAL_BEST,0,42,153,999,195,84,13,-66,38461.5385,0.0000,0,0,0,0,0,0
n012w8-0,n012w8,0,5,500000,100.0,adaptive,2026-07-04T12:33:52+01:00,3,1,16,607,2,98.339501,1280,1340,1280,60,4.4776,GLOBAL_BEST,0,42,153,999,195,85,1,0,600000.0000,0.0000,0,0,0,0,0,0
n012w8-0,n012w8,0,5,500000,100.0,adaptive,2026-07-04T12:33:52+01:00,3,2,16,617,2,0.000000,2165,2180,2165,15,0.6881,LOCAL_BEST,0,42,0,1148,0,86,10,0,15000.0000,0.0000,0,0,0,0,0,0
n012w8-0,n012w8,0,5,500000,100.0,adaptive,2026-07-04T12:33:52+01:00,3,2,16,677,2,0.000000,2140,2165,2140,25,1.1547,LOCAL_BEST,0,42,0,1222,0,87,60,0,4166.6667,0.0000,0,0,0,0,0,0
n012w8-0,n012w8,0,5,500000,100.0,adaptive,2026-07-04T12:33:52+01:00,3,2,16,679,2,0.000000,2110,2140,2110,30,1.4019,LOCAL_BEST,0,42,0,1223,0,88,2,0,150000.0000,0.0000,0,0,0,0,0,0
n012w8-0,n012w8,0,5,500000,100.0,adaptive,2026-07-04T12:33:52+01:00,3,2,16,686,2,0.000000,2100,2110,2100,10,0.4739,LOCAL_BEST,0,42,0,1234,0,89,7,0,14285.7143,0.0000,0,0,0,0,0,0
n012w8-0,n012w8,0,5,500000,100.0,adaptive,2026-07-04T12:33:52+01:00,3,2,16,762,2,0.000000,2020,2100,2020,80,3.8095,LOCAL_BEST,0,42,0,1372,0,90,76,0,10526.3158,0.0000,0,0,0,0,0,0
n012w8-0,n012w8,0,5,500000,100.0,adaptive,2026-07-04T12:33:52+01:00,3,2,16,771,2,0.000000,1960,2020,1960,60,2.9703,LOCAL_BEST,0,42,0,1385,0,91,9,0,66666.6667,0.0000,0,0,0,0,0,0
n012w8-0,n012w8,0,5,500000,100.0,adaptive,2026-07-04T12:33:52+01:00,3,2,16,1145,3,0.000000,1885,1960,1885,75,3.8265,LOCAL_BEST,0,42,0,2038,9,92,374,1,2005.3476,75000.0000,0,0,0,0,0,0
n012w8-0,n012w8,0,5,500000,100.0,adaptive,2026-07-04T12:33:52+01:00,3,2,16,1146,3,0.000000,1870,1885,1870,15,0.7958,LOCAL_BEST,0,42,0,2039,9,93,1,0,150000.0000,0.0000,0,0,0,0,0,0
n012w8-0,n012w8,0,5,500000,100.0,adaptive,2026-07-04T12:33:52+01:00,3,2,16,1147,3,0.000000,1825,1870,1825,45,2.4064,LOCAL_BEST,0,42,0,2039,9,94,1,0,450000.0000,0.0000,0,0,0,0,0,0
n012w8-0,n012w8,0,5,500000,100.0,adaptive,2026-07-04T12:33:52+01:00,3,2,16,1148,3,0.000000,1725,1825,1725,100,5.4795,LOCAL_BEST,0,42,0,2039,9,95,1,0,1000000.0000,0.0000,0,0,0,0,0,0
n012w8-0,n012w8,0,5,500000,100.0,adaptive,2026-07-04T12:33:52+01:00,3,2,16,1150,3,0.000000,1665,1725,1665,60,3.4783,LOCAL_BEST,0,42,0,2041,9,96,2,0,300000.0000,0.0000,0,0,0,0,0,0
n012w8-0,n012w8,0,5,500000,100.0,adaptive,2026-07-04T12:33:52+01:00,3,5,16,1340,69,0.000000,655,660,655,5,0.7576,GLOBAL_BEST,1,42,0,1991,1143,97,190,66,263.1579,75.7576,0,0,0,0,0,0
n012w8-0,n012w8,0,5,500000,100.0,adaptive,2026-07-04T12:33:52+01:00,3,5,16,1346,69,0.000000,640,655,640,15,2.2901,GLOBAL_BEST,1,42,0,1998,1147,98,6,0,25000.0000,0.0000,0,0,0,0,0,0
n012w8-0,n012w8,0,5,500000,100.0,adaptive,2026-07-04T12:33:52+01:00,3,2,16,2160,4,0.000000,1660,1665,1660,5,0.3003,LOCAL_BEST,0,42,0,3840,155,99,814,-65,61.4251,0.0000,0,0,0,0,0,0
n012w8-0,n012w8,0,5,500000,100.0,adaptive,2026-07-04T12:33:52+01:00,3,2,16,2162,4,0.000000,1645,1660,1645,15,0.9036,LOCAL_BEST,0,42,0,3842,155,100,2,0,75000.0000,0.0000,0,0,0,0,0,0
n012w8-0,n012w8,0,5,500000,100.0,adaptive,2026-07-04T12:33:52+01:00,3,2,16,2163,4,0.000000,1630,1645,1630,15,0.9119,LOCAL_BEST,0,42,0,3842,155,101,1,0,150000.0000,0.0000,0,0,0,0,0,0
n012w8-0,n012w8,0,5,500000,100.0,adaptive,2026-07-04T12:33:52+01:00,3,2,16,2164,4,0.000000,1555,1630,1555,75,4.6012,LOCAL_BEST,0,42,0,3842,155,102,1,0,750000.0000,0.0000,0,0,0,0,0,0
n012w8-0,n012w8,0,5,500000,100.0,adaptive,2026-07-04T12:33:52+01:00,3,5,16,2658,71,0.000000,625,640,625,15,2.3438,GLOBAL_BEST,1,42,0,3739,2241,103,494,67,303.6437,223.8806,0,0,0,0,0,0
n012w8-0,n012w8,0,5,500000,100.0,adaptive,2026-07-04T12:33:52+01:00,3,1,16,3908,7,89.766853,1220,1280,1220,60,4.6875,GLOBAL_BEST,0,42,958,6347,1363,104,1250,-64,480.0000,0.0000,0,0,0,0,0,0
n012w8-0,n012w8,0,5,500000,100.0,adaptive,2026-07-04T12:33:52+01:00,3,2,16,4142,7,0.000000,1495,1555,1495,60,3.8585,LOCAL_BEST,0,42,0,7154,589,105,234,0,2564.1026,0.0000,0,0,0,0,0,0
n012w8-0,n012w8,0,5,500000,100.0,adaptive,2026-07-04T12:33:52+01:00,3,2,16,5418,11,0.000000,1460,1495,1460,35,2.3411,LOCAL_BEST,0,42,0,9342,992,106,1276,4,274.2947,8750.0000,0,0,0,0,0,0
n012w8-0,n012w8,0,5,500000,100.0,adaptive,2026-07-04T12:33:52+01:00,3,5,16,5746,76,0.000000,605,625,605,20,3.2000,GLOBAL_BEST,1,42,0,8071,4885,107,328,65,609.7561,307.6923,0,0,0,0,0,0
n012w8-0,n012w8,0,5,500000,100.0,adaptive,2026-07-04T12:33:52+01:00,3,2,16,7333,14,0.000000,1440,1460,1440,20,1.3699,LOCAL_BEST,0,42,0,12448,1690,108,1587,-62,126.0239,0.0000,0,0,0,0,0,0
n012w8-0,n012w8,0,5,500000,100.0,adaptive,2026-07-04T12:33:52+01:00,3,2,16,7334,14,0.000000,1410,1440,1410,30,2.0833,LOCAL_BEST,0,42,0,12449,1690,109,1,0,300000.0000,0.0000,0,0,0,0,0,0
n012w8-0,n012w8,0,5,500000,100.0,adaptive,2026-07-04T12:33:52+01:00,3,1,16,7588,14,81.087890,1215,1220,1215,5,0.4098,GLOBAL_BEST,0,42,1781,12212,2756,110,254,0,196.8504,0.0000,0,0,0,0,0,0
n012w8-0,n012w8,0,5,500000,100.0,adaptive,2026-07-04T12:33:52+01:00,3,1,16,7624,14,81.007271,1155,1215,1155,60,4.9383,GLOBAL_BEST,0,42,1787,12283,2774,111,36,0,16666.6667,0.0000,0,0,0,0,0,0
n012w8-0,n012w8,0,5,500000,100.0,adaptive,2026-07-04T12:33:52+01:00,3,1,16,7627,14,81.000556,1140,1155,1140,15,1.2987,GLOBAL_BEST,0,42,1787,12286,2775,112,3,0,50000.0000,0.0000,0,0,0,0,0,0
n012w8-0,n012w8,0,5,500000,100.0,adaptive,2026-07-04T12:33:52+01:00,3,2,16,7650,14,0.000000,1370,1410,1370,40,2.8369,LOCAL_BEST,0,42,0,12944,1803,113,23,0,17391.3043,0.0000,0,0,0,0,0,0
n012w8-0,n012w8,0,5,500000,100.0,adaptive,2026-07-04T12:33:52+01:00,3,1,16,8041,15,80.079251,1110,1140,1110,30,2.6316,GLOBAL_BEST,0,42,1868,13014,2980,114,391,1,767.2634,30000.0000,0,0,0,0,0,0
n012w8-0,n012w8,0,5,500000,100.0,adaptive,2026-07-04T12:33:52+01:00,3,2,16,8149,15,0.000000,1345,1370,1345,25,1.8248,LOCAL_BEST,0,42,0,13691,1960,115,108,0,2314.8148,0.0000,0,0,0,0,0,0
n012w8-0,n012w8,0,5,500000,100.0,adaptive,2026-07-04T12:33:52+01:00,3,2,16,9689,18,0.000000,1305,1345,1305,40,2.9740,LOCAL_BEST,0,42,0,16141,2646,116,1540,3,259.7403,13333.3333,0,0,0,0,0,0
n012w8-0,n012w8,0,5,500000,100.0,adaptive,2026-07-04T12:33:52+01:00,3,5,16,9768,84,0.000000,590,605,590,15,2.4793,GLOBAL_BEST,1,42,0,13750,8411,117,79,66,1898.7342,227.2727,0,0,0,0,0,0
n012w8-0,n012w8,0,5,500000,100.0,adaptive,2026-07-04T12:33:52+01:00,3,1,16,10671,19,74.466338,1090,1110,1090,20,1.8018,GLOBAL_BEST,0,42,2426,17345,4113,118,903,-65,221.4839,0.0000,0,0,0,0,0,0
n012w8-0,n012w8,0,5,500000,100.0,adaptive,2026-07-04T12:33:52+01:00,3,1,16,10672,19,74.464281,1060,1090,1060,30,2.7523,GLOBAL_BEST,0,42,2426,17347,4113,119,1,0,300000.0000,0.0000,0,0,0,0,0,0
n012w8-0,n012w8,0,5,500000,100.0,adaptive,2026-07-04T12:33:52+01:00,3,1,16,10674,19,74.460166,1030,1060,1030,30,2.8302,GLOBAL_BEST,0,42,2426,17355,4114,120,2,0,150000.0000,0.0000,0,0,0,0,0,0
n012w8-0,n012w8,0,5,500000,100.0,adaptive,2026-07-04T12:33:52+01:00,3,2,16,10761,20,0.000000,1290,1305,1290,15,1.1494,LOCAL_BEST,0,42,0,17826,3150,121,87,1,1724.1379,15000.0000,0,0,0,0,0,0
n012w8-0,n012w8,0,5,500000,100.0,adaptive,2026-07-04T12:33:52+01:00,3,2,16,11418,21,0.000000,1275,1290,1275,15,1.1628,LOCAL_BEST,0,42,0,18846,3452,122,657,1,228.3105,15000.0000,0,0,0,0,0,0
n012w8-0,n012w8,0,5,500000,100.0,adaptive,2026-07-04T12:33:52+01:00,3,5,16,12363,88,0.000000,560,590,560,30,5.0847,GLOBAL_BEST,1,42,0,17639,10709,123,945,67,317.4603,447.7612,0,0,0,0,0,0
n012w8-0,n012w8,0,5,500000,100.0,adaptive,2026-07-04T12:33:52+01:00,3,2,16,12671,23,0.000000,1240,1275,1240,35,2.7451,LOCAL_BEST,0,42,0,20945,4031,124,308,-65,1136.3636,0.0000,0,0,0,0,0,0
n012w8-0,n012w8,0,5,500000,100.0,adaptive,2026-07-04T12:33:52+01:00,3,3,16,13369,25,0.000000,1625,1665,1625,40,2.4024,LOCAL_BEST,0,42,5011,21962,534,125,698,2,573.0659,20000.0000,0,0,0,0,0,0
n012w8-0,n012w8,0,5,500000,100.0,adaptive,2026-07-04T12:33:52+01:00,3,2,16,14689,27,0.000000,1215,1240,1215,25,2.0161,LOCAL_BEST,0,42,0,24186,5053,126,1320,2,189.3939,12500.0000,0,0,0,0,0,0
n012w8-0,n012w8,0,5,500000,100.0,adaptive,2026-07-04T12:33:52+01:00,3,2,16,15788,29,0.000000,1210,1215,1210,5,0.4115,LOCAL_BEST,0,42,0,25896,5647,127,1099,2,45.4959,2500.0000,0,0,0,0,0,0
n012w8-0,n012w8,0,5,500000,100.0,adaptive,2026-07-04T12:33:52+01:00,3,2,16,15995,29,0.000000,1195,1210,1195,15,1.2397,LOCAL_BEST,0,42,0,26232,5740,128,207,0,724.6377,0.0000,0,0,0,0,0,0
n012w8-0,n012w8,0,5,500000,100.0,adaptive,2026-07-04T12:33:52+01:00,3,2,16,17538,32,0.000000,1145,1195,1145,50,4.1841,LOCAL_BEST,0,42,0,28672,6567,129,1543,3,324.0441,16666.6667,0,0,0,0,0,0
n012w8-0,n012w8,0,5,500000,100.0,adaptive,2026-07-04T12:33:52+01:00,3,2,16,17707,32,0.000000,1120,1145,1120,25,2.1834,LOCAL_BEST,0,42,0,28961,6660,130,169,0,1479.2899,0.0000,0,0,0,0,0,0
n012w8-0,n012w8,0,5,500000,100.0,adaptive,2026-07-04T12:33:52+01:00,3,2,16,17711,32,0.000000,1105,1120,1105,15,1.3393,LOCAL_BEST,0,42,0,28966,6663,131,4,0,37500.0000,0.0000,0,0,0,0,0,0
n012w8-0,n012w8,0,5,500000,100.0,adaptive,2026-07-04T12:33:52+01:00,3,2,16,19798,36,0.000000,1095,1105,1095,10,0.9050,LOCAL_BEST,0,42,0,32177,7877,132,2087,4,47.9157,2500.0000,0,0,0,0,0,0
n012w8-0,n012w8,0,5,500000,100.0,adaptive,2026-07-04T12:33:52+01:00,3,2,16,19799,36,0.000000,1005,1095,1005,90,8.2192,GLOBAL_BEST,0,42,0,32177,7877,133,1,0,900000.0000,0.0000,0,0,0,0,0,0
n012w8-0,n012w8,0,5,500000,100.0,adaptive,2026-07-04T12:33:52+01:00,3,3,16,20528,39,0.000000,1540,1625,1540,85,5.2308,LOCAL_BEST,0,42,7724,34119,787,134,729,3,1165.9808,28333.3333,0,0,0,0,0,0
n012w8-0,n012w8,0,5,500000,100.0,adaptive,2026-07-04T12:33:52+01:00,3,5,16,21839,103,0.000000,520,560,520,40,7.1429,GLOBAL_BEST,1,42,0,31541,19089,135,1311,64,305.1106,625.0000,0,0,0,0,0,0
n012w8-0,n012w8,0,5,500000,100.0,adaptive,2026-07-04T12:33:52+01:00,3,1,16,22269,40,54.048544,1005,1030,1005,25,2.4272,LOCAL_BEST,0,42,4583,35686,9677,136,430,-63,581.3953,0.0000,0,0,0,0,0,0
n012w8-0,n012w8,0,5,500000,100.0,adaptive,2026-07-04T12:33:52+01:00,3,1,16,22282,40,54.029133,945,1005,945,60,5.9701,GLOBAL_BEST,0,42,4585,35700,9685,137,13,0,46153.8462,0.0000,0,0,0,0,0,0
n012w8-0,n012w8,0,5,500000,100.0,adaptive,2026-07-04T12:33:52+01:00,3,1,16,22284,40,54.026148,915,945,915,30,3.1746,GLOBAL_BEST,0,42,4585,35701,9686,138,2,0,150000.0000,0.0000,0,0,0,0,0,0
n012w8-0,n012w8,0,5,500000,100.0,adaptive,2026-07-04T12:33:52+01:00,3,1,16,22344,40,53.936654,900,915,900,15,1.6393,GLOBAL_BEST,0,42,4593,35780,9723,139,60,0,2500.0000,0.0000,0,0,0,0,0,0
n012w8-0,n012w8,0,5,500000,100.0,adaptive,2026-07-04T12:33:52+01:00,3,1,16,22345,40,53.935164,870,900,870,30,3.3333,GLOBAL_BEST,0,42,4593,35781,9723,140,1,0,300000.0000,0.0000,0,0,0,0,0,0
n012w8-0,n012w8,0,5,500000,100.0,adaptive,2026-07-04T12:33:52+01:00,3,1,16,22355,40,53.920263,810,870,810,60,6.8966,GLOBAL_BEST,0,42,4595,35789,9727,141,10,0,60000.0000,0.0000,0,0,0,0,0,0
n012w8-0,n012w8,0,5,500000,100.0,adaptive,2026-07-04T12:33:52+01:00,3,2,16,26679,48,0.000000,980,1005,980,25,2.4876,LOCAL_BEST,0,42,0,42597,12136,142,4324,8,57.8168,3125.0000,0,0,0,0,0,0
n012w8-0,n012w8,0,5,500000,100.0,adaptive,2026-07-04T12:33:52+01:00,3,2,16,26951,49,0.000000,940,980,940,40,4.0816,LOCAL_BEST,0,42,0,43056,12304,143,272,1,1470.5882,40000.0000,0,0,0,0,0,0
n012w8-0,n012w8,0,5,500000,100.0,adaptive,2026-07-04T12:33:52+01:00,3,2,16,29926,54,0.000000,925,940,925,15,1.5957,LOCAL_BEST,0,42,0,47771,14190,144,2975,5,50.4202,3000.0000,0,0,0,0,0,0
n012w8-0,n012w8,0,5,500000,100.0,adaptive,2026-07-04T12:33:52+01:00,3,2,16,34062,61,0.000000,920,925,920,5,0.5405,LOCAL_BEST,0,42,0,54144,17132,145,4136,7,12.0890,714.2857,0,0,0,0,0,0
n012w8-0,n012w8,0,5,500000,100.0,adaptive,2026-07-04T12:33:52+01:00,3,2,16,35097,62,0.000000,900,920,900,20,2.1739,LOCAL_BEST,0,42,0,55697,17846,146,1035,1,193.2367,20000.0000,0,0,0,0,0,0
n012w8-0,n012w8,0,5,500000,100.0,adaptive,2026-07-04T12:33:52+01:00,3,5,16,35249,124,0.000000,515,520,515,5,0.9615,LOCAL_BEST,1,42,0,50686,30981,147,152,62,328.9474,80.6452,0,0,0,0,0,0
n012w8-0,n012w8,0,5,500000,100.0,adaptive,2026-07-04T12:33:52+01:00,3,2,16,36667,65,0.000000,895,900,895,5,0.5556,LOCAL_BEST,0,42,0,58072,18937,148,1418,-59,35.2609,0.0000,0,0,0,0,0,0
n012w8-0,n012w8,0,5,500000,100.0,adaptive,2026-07-04T12:33:52+01:00,3,2,16,36668,65,0.000000,865,895,865,30,3.3520,LOCAL_BEST,0,42,0,58073,18937,149,1,0,300000.0000,0.0000,0,0,0,0,0,0
n012w8-0,n012w8,0,5,500000,100.0,adaptive,2026-07-04T12:33:52+01:00,3,1,16,38252,67,34.752656,745,810,745,65,8.0247,GLOBAL_BEST,0,42,6642,59655,19506,150,1584,2,410.3535,32500.0000,0,0,0,0,0,0
n012w8-0,n012w8,0,5,500000,100.0,adaptive,2026-07-04T12:33:52+01:00,3,1,16,38257,67,34.747855,700,745,700,45,6.0403,GLOBAL_BEST,0,42,6642,59663,19510,151,5,0,90000.0000,0.0000,0,0,0,0,0,0
n012w8-0,n012w8,0,5,500000,100.0,adaptive,2026-07-04T12:33:52+01:00,3,1,16,38615,68,34.405827,680,700,680,20,2.8571,LOCAL_BEST,0,42,6666,60215,19792,152,358,1,558.6592,20000.0000,0,0,0,0,0,0
n012w8-0,n012w8,0,5,500000,100.0,adaptive,2026-07-04T12:33:52+01:00,3,2,16,43716,77,0.000000,850,865,850,15,1.7341,LOCAL_BEST,0,42,0,69238,24136,153,5101,9,29.4060,1666.6667,0,0,0,0,0,0
n012w8-0,n012w8,0,5,500000,100.0,adaptive,2026-07-04T12:33:52+01:00,3,2,16,44136,77,0.000000,835,850,835,15,1.7647,LOCAL_BEST,0,42,0,69856,24438,154,420,0,357.1429,0.0000,0,0,0,0,0,0
n012w8-0,n012w8,0,5,500000,100.0,adaptive,2026-07-04T12:33:52+01:00,3,2,16,44621,79,0.000000,815,835,815,20,2.3952,LOCAL_BEST,0,42,0,70552,24768,155,485,2,412.3711,10000.0000,0,0,0,0,0,0
n012w8-0,n012w8,0,5,500000,100.0,adaptive,2026-07-04T12:33:52+01:00,3,2,16,47513,84,0.000000,805,815,805,10,1.2270,LOCAL_BEST,0,42,0,74757,26980,156,2892,5,34.5781,2000.0000,0,0,0,0,0,0
n012w8-0,n012w8,0,5,500000,100.0,adaptive,2026-07-04T12:33:52+01:00,3,2,16,47708,84,0.000000,760,805,760,45,5.5901,LOCAL_BEST,0,42,0,75013,27129,157,195,0,2307.6923,0.0000,0,0,0,0,0,0
n012w8-0,n012w8,0,5,500000,100.0,adaptive,2026-07-04T12:33:52+01:00,3,1,16,48669,85,26.060575,675,680,675,5,0.7353,LOCAL_BEST,0,42,7585,75257,26985,158,961,1,52.0291,5000.0000,0,0,0,0,0,0
n012w8-0,n012w8,0,5,500000,100.0,adaptive,2026-07-04T12:33:52+01:00,3,5,16,50315,152,0.000000,490,515,490,25,4.8544,GLOBAL_BEST,1,42,0,72397,44608,159,1646,67,151.8834,373.1343,0,0,0,0,0,0
n012w8-0,n012w8,0,5,500000,100.0,adaptive,2026-07-04T12:33:52+01:00,3,4,16,52472,162,23.461080,700,715,700,15,2.0979,LOCAL_BEST,1,42,7824,80917,29909,160,2157,10,69.5410,1500.0000,0,0,0,0,0,0
n012w8-0,n012w8,0,5,500000,100.0,adaptive,2026-07-04T12:33:52+01:00,3,4,16,54357,167,22.270399,695,700,695,5,0.7143,LOCAL_BEST,1,42,7928,83716,31419,161,1885,5,26.5252,1000.0000,0,0,0,0,0,0
n012w8-0,n012w8,0,5,500000,100.0,adaptive,2026-07-04T12:33:52+01:00,3,4,16,54359,167,22.269168,680,695,680,15,2.1583,LOCAL_BEST,1,42,7928,83719,31420,162,2,0,75000.0000,0.0000,0,0,0,0,0,0
n012w8-0,n012w8,0,5,500000,100.0,adaptive,2026-07-04T12:33:52+01:00,3,1,16,56033,97,21.262582,670,675,670,5,0.7407,LOCAL_BEST,0,42,8046,86285,32733,163,1674,-70,29.8686,0.0000,0,0,0,0,0,0
n012w8-0,n012w8,0,5,500000,100.0,adaptive,2026-07-04T12:33:52+01:00,3,2,16,56447,98,0.000000,730,760,730,30,3.9474,LOCAL_BEST,0,42,0,87507,34035,164,414,1,724.6377,30000.0000,0,0,0,0,0,0
n012w8-0,n012w8,0,5,500000,100.0,adaptive,2026-07-04T12:33:52+01:00,3,1,16,56598,98,20.933218,655,670,655,15,2.2388,LOCAL_BEST,0,42,8073,87105,33198,165,151,0,993.3775,0.0000,0,0,0,0,0,0
n012w8-0,n012w8,0,5,500000,100.0,adaptive,2026-07-04T12:33:52+01:00,3,1,16,56608,98,20.927435,625,655,625,30,4.5802,LOCAL_BEST,0,42,8073,87117,33206,166,10,0,30000.0000,0.0000,0,0,0,0,0,0
n012w8-0,n012w8,0,5,500000,100.0,adaptive,2026-07-04T12:33:52+01:00,3,4,16,57020,174,20.690548,655,680,655,25,3.6765,LOCAL_BEST,1,42,8063,87636,33553,167,412,76,606.7961,328.9474,0,0,0,0,0,0
n012w8-0,n012w8,0,5,500000,100.0,adaptive,2026-07-04T12:33:52+01:00,3,2,16,57243,99,0.000000,710,730,710,20,2.7397,LOCAL_BEST,0,42,0,88619,34700,168,223,-75,896.8610,0.0000,0,0,0,0,0,0
n012w8-0,n012w8,0,5,500000,100.0,adaptive,2026-07-04T12:33:52+01:00,3,1,16,58653,102,19.777710,620,625,620,5,0.8000,LOCAL_BEST,0,42,8165,90126,34889,169,1410,3,35.4610,1666.6667,0,0,0,0,0,0
n012w8-0,n012w8,0,5,500000,100.0,adaptive,2026-07-04T12:33:52+01:00,3,4,16,58697,177,19.753679,645,655,645,10,1.5267,LOCAL_BEST,1,42,8153,90198,34910,170,44,75,2272.7273,133.3333,0,0,0,0,0,0
n012w8-0,n012w8,0,5,500000,100.0,adaptive,2026-07-04T12:33:52+01:00,3,1,16,58717,102,19.742766,605,620,605,15,2.4194,LOCAL_BEST,0,42,8168,90216,34946,171,20,-75,7500.0000,0.0000,0,0,0,0,0,0
n012w8-0,n012w8,0,5,500000,100.0,adaptive,2026-07-04T12:33:52+01:00,3,4,16,59829,180,19.145380,605,645,605,40,6.2016,LOCAL_BEST,1,42,8202,91860,35837,172,1112,78,359.7122,512.8205,0,0,0,0,0,0
n012w8-0,n012w8,0,5,500000,100.0,adaptive,2026-07-04T12:33:52+01:00,3,1,16,59976,104,19.067774,580,605,580,25,4.1322,LOCAL_BEST,0,42,8214,91958,36039,173,147,-76,1700.6803,0.0000,0,0,0,0,0,0
n012w8-0,n012w8,0,5,500000,100.0,adaptive,2026-07-04T12:33:52+01:00,3,1,16,60387,105,18.852459,565,580,565,15,2.5862,LOCAL_BEST,0,42,8224,92570,36399,174,411,1,364.9635,15000.0000,0,0,0,0,0,0
n012w8-0,n012w8,0,5,500000,100.0,adaptive,2026-07-04T12:33:52+01:00,3,1,16,60809,105,18.633910,535,565,535,30,5.3097,LOCAL_BEST,0,42,8236,93151,36756,175,422,0,710.9005,0.0000,0,0,0,0,0,0
n012w8-0,n012w8,0,5,500000,100.0,adaptive,2026-07-04T12:33:52+01:00,3,1,16,61090,106,18.489791,515,535,515,20,3.7383,GLOBAL_BEST,0,42,8243,93523,37002,176,281,1,711.7438,20000.0000,0,0,0,0,0,0
n012w8-0,n012w8,0,5,500000,100.0,adaptive,2026-07-04T12:33:52+01:00,3,4,16,62200,183,17.931309,590,605,590,15,2.4793,LOCAL_BEST,1,42,8287,95142,37795,177,1110,77,135.1351,194.8052,0,0,0,0,0,0
n012w8-0,n012w8,0,5,500000,100.0,adaptive,2026-07-04T12:33:52+01:00,3,4,16,62476,183,17.795082,575,590,575,15,2.5424,LOCAL_BEST,1,42,8292,95561,38038,178,276,0,543.4783,0.0000,0,0,0,0,0,0
n012w8-0,n012w8,0,5,500000,100.0,adaptive,2026-07-04T12:33:52+01:00,3,2,16,63599,110,0.000000,650,710,650,60,8.4507,LOCAL_BEST,0,42,0,97836,39929,179,1123,-73,534.2832,0.0000,0,0,0,0,0,0
n012w8-0,n012w8,0,5,500000,100.0,adaptive,2026-07-04T12:33:52+01:00,3,4,16,63678,185,17.213770,560,575,560,15,2.6087,LOCAL_BEST,1,42,8330,97149,39074,180,79,75,1898.7342,200.0000,0,0,0,0,0,0
n012w8-0,n012w8,0,5,500000,100.0,adaptive,2026-07-04T12:33:52+01:00,3,4,16,63680,185,17.212819,545,560,545,15,2.6786,LOCAL_BEST,1,42,8330,97154,39075,181,2,0,75000.0000,0.0000,0,0,0,0,0,0
n012w8-0,n012w8,0,5,500000,100.0,adaptive,2026-07-04T12:33:52+01:00,3,2,16,73214,126,0.000000,635,650,635,15,2.3077,LOCAL_BEST,0,42,0,111432,48119,182,9534,-59,15.7332,0.0000,0,0,0,0,0,0
n012w8-0,n012w8,0,5,500000,100.0,adaptive,2026-07-04T12:33:52+01:00,3,2,16,73627,127,0.000000,605,635,605,30,4.7244,LOCAL_BEST,0,42,0,111969,48456,183,413,1,726.3923,30000.0000,0,0,0,0,0,0
n012w8-0,n012w8,0,5,500000,100.0,adaptive,2026-07-04T12:33:52+01:00,3,5,16,88681,211,0.000000,485,490,485,5,1.0204,GLOBAL_BEST,1,42,0,126242,79655,184,15054,84,3.3214,59.5238,0,0,0,0,0,0
n012w8-0,n012w8,0,5,500000,100.0,adaptive,2026-07-04T12:33:52+01:00,3,2,16,91073,160,0.000000,590,605,590,15,2.4793,LOCAL_BEST,0,42,0,136397,63900,185,2392,-51,62.7090,0.0000,0,0,0,0,0,0
n012w8-0,n012w8,0,5,500000,100.0,adaptive,2026-07-04T12:33:52+01:00,3,2,16,101129,174,0.000000,565,590,565,25,4.2373,LOCAL_BEST,0,42,0,150108,73129,186,10056,14,24.8608,1785.7143,0,0,0,0,0,0
n012w8-0,n012w8,0,5,500000,100.0,adaptive,2026-07-04T12:33:52+01:00,3,1,16,111090,191,4.644297,530,515,515,0,0.0000,REHEAT,0,42,8927,161048,82222,187,9961,17,0.0000,0.0000,0,0,0,0,0,0
n012w8-0,n012w8,0,5,500000,100.0,adaptive,2026-07-04T12:33:52+01:00,3,2,16,118234,202,0.000000,560,565,560,5,0.8850,LOCAL_BEST,0,42,0,173155,88905,188,7144,11,6.9989,454.5455,0,0,0,0,0,0
n012w8-0,n012w8,0,5,500000,100.0,adaptive,2026-07-04T12:33:52+01:00,3,2,16,120625,205,0.000000,550,560,550,10,1.7857,LOCAL_BEST,0,42,0,176480,91076,189,2391,3,41.8235,3333.3333,0,0,0,0,0,0
n012w8-0,n012w8,0,5,500000,100.0,adaptive,2026-07-04T12:33:52+01:00,3,1,16,161090,295,25.118864,920,515,515,0,0.0000,REHEAT,0,42,16626,239360,110138,190,40465,90,0.0000,0.0000,0,0,0,0,0,0
n012w8-0,n012w8,0,5,500000,100.0,adaptive,2026-07-04T12:33:52+01:00,3,1,16,211090,403,25.118864,775,515,515,0,0.0000,REHEAT,0,42,24323,317564,138152,191,50000,108,0.0000,0.0000,0,0,0,0,0,0
n012w8-0,n012w8,0,5,500000,100.0,adaptive,2026-07-04T12:33:52+01:00,3,1,16,261090,501,25.118864,1045,515,515,0,0.0000,REHEAT,0,42,32016,395307,166080,192,50000,98,0.0000,0.0000,0,0,0,0,0,0
n012w8-0,n012w8,0,5,500000,100.0,adaptive,2026-07-04T12:33:52+01:00,3,3,16,301064,650,0.000000,1470,1540,1470,70,4.5455,LOCAL_BEST,0,42,113210,508572,11383,193,39974,149,17.5114,469.7987,0,0,0,0,0,0
n012w8-0,n012w8,0,5,500000,100.0,adaptive,2026-07-04T12:33:52+01:00,3,3,16,301066,650,0.000000,1350,1470,1350,120,8.1633,LOCAL_BEST,0,42,113210,508575,11383,194,2,0,600000.0000,0.0000,0,0,0,0,0,0
n012w8-0,n012w8,0,5,500000,100.0,adaptive,2026-07-04T12:33:52+01:00,3,1,16,311090,626,25.118864,800,515,515,0,0.0000,REHEAT,0,42,39657,473009,194102,195,10024,-24,0.0000,0.0000,0,0,0,0,0,0
n012w8-0,n012w8,0,5,500000,100.0,adaptive,2026-07-04T12:33:52+01:00,3,1,16,361090,756,25.118864,960,515,515,0,0.0000,REHEAT,0,42,47362,550818,221987,196,50000,130,0.0000,0.0000,0,0,0,0,0,0
n012w8-0,n012w8,0,5,500000,100.0,adaptive,2026-07-04T12:33:52+01:00,3,1,16,411090,858,25.118864,1100,515,515,0,0.0000,REHEAT,0,42,54967,628222,250370,197,50000,102,0.0000,0.0000,0,0,0,0,0,0
n012w8-0,n012w8,0,5,500000,100.0,adaptive,2026-07-04T12:33:52+01:00,3,1,16,461090,952,25.118864,1245,515,515,0,0.0000,REHEAT,0,42,62558,706467,278481,198,50000,94,0.0000,0.0000,0,0,0,0,0,0
n012w8-0,n012w8,0,5,500000,100.0,adaptive,2026-07-04T12:33:52+01:00,4,2,39,1,1,0.000000,3360,3555,3360,195,5.4852,GLOBAL_BEST,0,777,0,6,0,1,1,1,1950000.0000,195000.0000,0,0,0,0,0,0
n012w8-0,n012w8,0,5,500000,100.0,adaptive,2026-07-04T12:33:52+01:00,4,3,39,2,1,0.000000,3475,3555,3475,80,2.2504,LOCAL_BEST,0,777,0,3,0,2,1,0,800000.0000,0.0000,0,0,0,0,0,0
n012w8-0,n012w8,0,5,500000,100.0,adaptive,2026-07-04T12:33:52+01:00,4,3,39,3,1,0.000000,3430,3475,3430,45,1.2950,LOCAL_BEST,0,777,0,4,0,3,1,0,450000.0000,0.0000,0,0,0,0,0,0
n012w8-0,n012w8,0,5,500000,100.0,adaptive,2026-07-04T12:33:52+01:00,4,1,39,3,1,99.994474,3195,3555,3195,360,10.1266,GLOBAL_BEST,0,777,0,6,0,4,0,0,0.0000,0.0000,0,0,0,0,0,0
n012w8-0,n012w8,0,5,500000,100.0,adaptive,2026-07-04T12:33:52+01:00,4,2,39,3,1,0.000000,3315,3360,3315,45,1.3393,LOCAL_BEST,0,777,0,9,0,5,0,0,0.0000,0.0000,0,0,0,0,0,0
n012w8-0,n012w8,0,5,500000,100.0,adaptive,2026-07-04T12:33:52+01:00,4,4,39,3,41,99.994474,655,700,655,45,6.4286,GLOBAL_BEST,1,777,0,4,2,6,0,40,0.0000,1125.0000,0,0,0,0,0,0
n012w8-0,n012w8,0,5,500000,100.0,adaptive,2026-07-04T12:33:52+01:00,4,3,39,4,1,0.000000,3415,3430,3415,15,0.4373,LOCAL_BEST,0,777,0,13,0,7,1,-40,150000.0000,0.0000,0,0,0,0,0,0
n012w8-0,n012w8,0,5,500000,100.0,adaptive,2026-07-04T12:33:52+01:00,4,5,39,4,41,0.000000,670,700,670,30,4.2857,LOCAL_BEST,1,777,0,7,2,8,0,40,0.0000,750.0000,0,0,0,0,0,0
n012w8-0,n012w8,0,5,500000,100.0,adaptive,2026-07-04T12:33:52+01:00,4,1,39,6,1,99.986185,3135,3195,3135,60,1.8779,GLOBAL_BEST,0,777,0,8,0,9,2,-40,300000.0000,0.0000,0,0,0,0,0,0
n012w8-0,n012w8,0,5,500000,100.0,adaptive,2026-07-04T12:33:52+01:00,4,3,39,6,1,0.000000,3175,3415,3175,240,7.0278,LOCAL_BEST,0,777,0,16,0,10,0,0,0.0000,0.0000,0,0,0,0,0,0
n012w8-0,n012w8,0,5,500000,100.0,adaptive,2026-07-04T12:33:52+01:00,4,3,39,7,1,0.000000,3055,3175,3055,120,3.7795,GLOBAL_BEST,0,777,0,19,0,11,1,0,1200000.0000,0.0000,0,0,0,0,0,0
n012w8-0,n012w8,0,5,500000,100.0,adaptive,2026-07-04T12:33:52+01:00,4,2,39,7,1,0.000000,3160,3315,3160,155,4.6757,LOCAL_BEST,0,777,0,24,0,12,0,0,0.0000,0.0000,0,0,0,0,0,0
n012w8-0,n012w8,0,5,500000,100.0,adaptive,2026-07-04T12:33:52+01:00,4,11,39,7,80,0.000000,285,300,285,15,5.0000,LOCAL_BEST,4,777,0,4,5,13,0,79,0.0000,189.8734,0,0,0,0,0,0
n012w8-0,n012w8,0,5,500000,100.0,adaptive,2026-07-04T12:33:52+01:00,4,1,39,9,1,99.977898,3105,3135,3105,30,0.9569,LOCAL_BEST,0,777,1,14,0,14,2,-79,150000.0000,0.0000,0,0,0,0,0,0
n012w8-0,n012w8,0,5,500000,100.0,adaptive,2026-07-04T12:33:52+01:00,4,2,39,9,1,0.000000,2965,3160,2965,195,6.1709,GLOBAL_BEST,0,777,0,26,0,15,0,0,0.0000,0.0000,0,0,0,0,0,0
n012w8-0,n012w8,0,5,500000,100.0,adaptive,2026-07-04T12:33:52+01:00,4,1,39,10,1,99.975135,3060,3105,3060,45,1.4493,LOCAL_BEST,0,777,1,15,0,16,1,0,450000.0000,0.0000,0,0,0,0,0,0
n012w8-0,n012w8,0,5,500000,100.0,adaptive,2026-07-04T12:33:52+01:00,4,2,39,10,1,0.000000,2935,2965,2935,30,1.0118,LOCAL_BEST,0,777,0,27,0,17,0,0,0.0000,0.0000,0,0,0,0,0,0
n012w8-0,n012w8,0,5,500000,100.0,adaptive,2026-07-04T12:33:52+01:00,4,11,39,10,80,0.000000,255,285,255,30,10.5263,GLOBAL_BEST,4,777,0,8,7,18,0,79,0.0000,379.7468,0,0,0,0,0,0
n012w8-0,n012w8,0,5,500000,100.0,adaptive,2026-07-04T12:33:52+01:00,4,3,39,11,1,0.000000,2890,3055,2890,165,5.4010,GLOBAL_BEST,0,777,0,26,0,19,1,-79,1650000.0000,0.0000,0,0,0,0,0,0
n012w8-0,n012w8,0,5,500000,100.0,adaptive,2026-07-04T12:33:52+01:00,4,1,39,12,1,99.969610,2895,3060,2895,165,5.3922,GLOBAL_BEST,0,777,1,17,0,20,1,0,1650000.0000,0.0000,0,0,0,0,0,0
n012w8-0,n012w8,0,5,500000,100.0,adaptive,2026-07-04T12:33:52+01:00,4,2,39,12,1,0.000000,2905,2935,2905,30,1.0221,LOCAL_BEST,0,777,0,29,0,21,0,0,0.0000,0.0000,0,0,0,0,0,0
n012w8-0,n012w8,0,5,500000,100.0,adaptive,2026-07-04T12:33:52+01:00,4,1,39,13,1,99.966848,2700,2895,2700,195,6.7358,GLOBAL_BEST,0,777,1,19,0,22,1,0,1950000.0000,0.0000,0,0,0,0,0,0
n012w8-0,n012w8,0,5,500000,100.0,adaptive,2026-07-04T12:33:52+01:00,4,3,39,15,1,0.000000,2875,2890,2875,15,0.5190,LOCAL_BEST,0,777,1,27,0,23,2,0,75000.0000,0.0000,0,0,0,0,0,0
n012w8-0,n012w8,0,5,500000,100.0,adaptive,2026-07-04T12:33:52+01:00,4,1,39,15,1,99.961324,2580,2700,2580,120,4.4444,GLOBAL_BEST,0,777,1,27,0,24,0,0,0.0000,0.0000,0,0,0,0,0,0
n012w8-0,n012w8,0,5,500000,100.0,adaptive,2026-07-04T12:33:52+01:00,4,8,39,15,79,0.000000,325,340,325,15,4.4118,GLOBAL_BEST,3,777,0,26,14,25,0,78,0.0000,192.3077,0,0,0,0,0,0
n012w8-0,n012w8,0,5,500000,100.0,adaptive,2026-07-04T12:33:52+01:00,4,3,39,16,1,0.000000,2860,2875,2860,15,0.5217,LOCAL_BEST,0,777,1,28,0,26,1,-78,150000.0000,0.0000,0,0,0,0,0,0
n012w8-0,n012w8,0,5,500000,100.0,adaptive,2026-07-04T12:33:52+01:00,4,1,39,16,1,99.958562,2550,2580,2550,30,1.1628,GLOBAL_BEST,0,777,1,27,0,27,0,0,0.0000,0.0000,0,0,0,0,0,0
n012w8-0,n012w8,0,5,500000,100.0,adaptive,2026-07-04T12:33:52+01:00,4,3,39,17,1,0.000000,2815,2860,2815,45,1.5734,LOCAL_BEST,0,777,1,28,0,28,1,0,450000.0000,0.0000,0,0,0,0,0,0
n012w8-0,n012w8,0,5,500000,100.0,adaptive,2026-07-04T12:33:52+01:00,4,1,39,17,1,99.955800,2295,2550,2295,255,10.0000,GLOBAL_BEST,0,777,1,27,0,29,0,0,0.0000,0.0000,0,0,0,0,0,0
n012w8-0,n012w8,0,5,500000,100.0,adaptive,2026-07-04T12:33:52+01:00,4,2,39,18,1,0.000000,2630,2905,2630,275,9.4664,LOCAL_BEST,0,777,0,46,0,30,1,0,2750000.0000,0.0000,0,0,0,0,0,0
n012w8-0,n012w8,0,5,500000,100.0,adaptive,2026-07-04T12:33:52+01:00,4,3,39,18,1,0.000000,2785,2815,2785,30,1.0657,LOCAL_BEST,0,777,1,29,0,31,0,0,0.0000,0.0000,0,0,0,0,0,0
n012w8-0,n012w8,0,5,500000,100.0,adaptive,2026-07-04T12:33:52+01:00,4,2,39,19,1,0.000000,2600,2630,2600,30,1.1407,LOCAL_BEST,0,777,0,49,0,32,1,0,300000.0000,0.0000,0,0,0,0,0,0
n012w8-0,n012w8,0,5,500000,100.0,adaptive,2026-07-04T12:33:52+01:00,4,3,39,19,1,0.000000,2545,2785,2545,240,8.6176,LOCAL_BEST,0,777,1,37,0,33,0,0,0.0000,0.0000,0,0,0,0,0,0
n012w8-0,n012w8,0,5,500000,100.0,adaptive,2026-07-04T12:33:52+01:00,4,2,39,20,1,0.000000,2420,2600,2420,180,6.9231,LOCAL_BEST,0,777,0,50,0,34,1,0,1800000.0000,0.0000,0,0,0,0,0,0
n012w8-0,n012w8,0,5,500000,100.0,adaptive,2026-07-04T12:33:52+01:00,4,3,39,25,1,0.000000,2515,2545,2515,30,1.1788,LOCAL_BEST,0,777,4,41,0,35,5,0,60000.0000,0.0000,0,0,0,0,0,0
n012w8-0,n012w8,0,5,500000,100.0,adaptive,2026-07-04T12:33:52+01:00,4,2,39,28,1,0.000000,2390,2420,2390,30,1.2397,LOCAL_BEST,0,777,0,64,0,36,3,0,100000.0000,0.0000,0,0,0,0,0,0
n012w8-0,n012w8,0,5,500000,100.0,adaptive,2026-07-04T12:33:52+01:00,4,5,39,28,41,0.000000,580,670,580,90,13.4328,GLOBAL_BEST,1,777,0,45,19,37,0,40,0.0000,2250.0000,0,0,0,0,0,0
n012w8-0,n012w8,0,5,500000,100.0,adaptive,2026-07-04T12:33:52+01:00,4,2,39,29,1,0.000000,2380,2390,2380,10,0.4184,LOCAL_BEST,0,777,0,64,0,38,1,-40,100000.0000,0.0000,0,0,0,0,0,0
n012w8-0,n012w8,0,5,500000,100.0,adaptive,2026-07-04T12:33:52+01:00,4,3,39,29,1,0.000000,2470,2515,2470,45,1.7893,LOCAL_BEST,0,777,4,45,0,39,0,0,0.0000,0.0000,0,0,0,0,0,0
n012w8-0,n012w8,0,5,500000,100.0,adaptive,2026-07-04T12:33:52+01:00,4,2,39,30,1,0.000000,2335,2380,2335,45,1.8908,LOCAL_BEST,0,777,0,65,0,40,1,0,450000.0000,0.0000,0,0,0,0,0,0
n012w8-0,n012w8,0,5,500000,100.0,adaptive,2026-07-04T12:33:52+01:00,4,1,39,30,1,99.919902,2205,2295,2205,90,3.9216,GLOBAL_BEST,0,777,3,53,5,41,0,0,0.0000,0.0000,0,0,0,0,0,0
n012w8-0,n012w8,0,5,500000,100.0,adaptive,2026-07-04T12:33:52+01:00,4,1,39,32,1,99.914381,2175,2205,2175,30,1.3605,GLOBAL_BEST,0,777,3,55,5,42,2,0,150000.0000,0.0000,0,0,0,0,0,0
n012w8-0,n012w8,0,5,500000,100.0,adaptive,2026-07-04T12:33:52+01:00,4,1,39,40,1,99.892297,2160,2175,2160,15,0.6897,GLOBAL_BEST,0,777,5,80,6,43,8,0,18750.0000,0.0000,0,0,0,0,0,0
n012w8-0,n012w8,0,5,500000,100.0,adaptive,2026-07-04T12:33:52+01:00,4,1,39,41,1,99.889537,2130,2160,2130,30,1.3889,GLOBAL_BEST,0,777,5,80,6,44,1,0,300000.0000,0.0000,0,0,0,0,0,0
n012w8-0,n012w8,0,5,500000,100.0,adaptive,2026-07-04T12:33:52+01:00,4,3,39,44,1,0.000000,2455,2470,2455,15,0.6073,LOCAL_BEST,0,777,10,62,0,45,3,0,50000.0000,0.0000,0,0,0,0,0,0
n012w8-0,n012w8,0,5,500000,100.0,adaptive,2026-07-04T12:33:52+01:00,4,1,39,47,1,99.872978,2070,2130,2070,60,2.8169,GLOBAL_BEST,0,777,6,85,8,46,3,0,200000.0000,0.0000,0,0,0,0,0,0
n012w8-0,n012w8,0,5,500000,100.0,adaptive,2026-07-04T12:33:52+01:00,4,1,39,49,1,99.867459,1920,2070,1920,150,7.2464,GLOBAL_BEST,0,777,6,95,9,47,2,0,750000.0000,0.0000,0,0,0,0,0,0
n012w8-0,n012w8,0,5,500000,100.0,adaptive,2026-07-04T12:33:52+01:00,4,2,39,51,1,0.000000,2320,2335,2320,15,0.6424,LOCAL_BEST,0,777,0,105,0,48,2,0,75000.0000,0.0000,0,0,0,0,0,0
n012w8-0,n012w8,0,5,500000,100.0,adaptive,2026-07-04T12:33:52+01:00,4,2,39,52,1,0.000000,2260,2320,2260,60,2.5862,LOCAL_BEST,0,777,0,107,0,49,1,0,600000.0000,0.0000,0,0,0,0,0,0
n012w8-0,n012w8,0,5,500000,100.0,adaptive,2026-07-04T12:33:52+01:00,4,1,39,52,1,99.859181,1830,1920,1830,90,4.6875,GLOBAL_BEST,0,777,6,113,10,50,0,0,0.0000,0.0000,0,0,0,0,0,0
n012w8-0,n012w8,0,5,500000,100.0,adaptive,2026-07-04T12:33:52+01:00,4,3,39,63,1,0.000000,2365,2455,2365,90,3.6660,LOCAL_BEST,0,777,19,87,1,51,11,0,81818.1818,0.0000,0,0,0,0,0,0
n012w8-0,n012w8,0,5,500000,100.0,adaptive,2026-07-04T12:33:52+01:00,4,3,39,64,1,0.000000,2230,2365,2230,135,5.7082,LOCAL_BEST,0,777,19,87,1,52,1,0,1350000.0000,0.0000,0,0,0,0,0,0
n012w8-0,n012w8,0,5,500000,100.0,adaptive,2026-07-04T12:33:52+01:00,4,1,39,67,1,99.817801,1665,1830,1665,165,9.0164,GLOBAL_BEST,0,777,10,131,15,53,3,0,550000.0000,0.0000,0,0,0,0,0,0
n012w8-0,n012w8,0,5,500000,100.0,adaptive,2026-07-04T12:33:52+01:00,4,2,39,68,1,0.000000,2185,2260,2185,75,3.3186,LOCAL_BEST,0,777,0,149,0,54,1,0,750000.0000,0.0000,0,0,0,0,0,0
n012w8-0,n012w8,0,5,500000,100.0,adaptive,2026-07-04T12:33:52+01:00,4,1,39,68,1,99.815043,1635,1665,1635,30,1.8018,GLOBAL_BEST,0,777,10,132,15,55,0,0,0.0000,0.0000,0,0,0,0,0,0
n012w8-0,n012w8,0,5,500000,100.0,adaptive,2026-07-04T12:33:52+01:00,4,1,39,69,1,99.812285,1605,1635,1605,30,1.8349,GLOBAL_BEST,0,777,10,134,15,56,1,0,300000.0000,0.0000,0,0,0,0,0,0
n012w8-0,n012w8,0,5,500000,100.0,adaptive,2026-07-04T12:33:52+01:00,4,3,39,70,1,0.000000,2110,2230,2110,120,5.3812,LOCAL_BEST,0,777,21,105,1,57,1,0,1200000.0000,0.0000,0,0,0,0,0,0
n012w8-0,n012w8,0,5,500000,100.0,adaptive,2026-07-04T12:33:52+01:00,4,2,39,70,1,0.000000,1945,2185,1945,240,10.9840,LOCAL_BEST,0,777,0,154,0,58,0,0,0.0000,0.0000,0,0,0,0,0,0
n012w8-0,n012w8,0,5,500000,100.0,adaptive,2026-07-04T12:33:52+01:00,4,1,39,70,1,99.809528,1485,1605,1485,120,7.4766,GLOBAL_BEST,0,777,10,134,15,59,0,0,0.0000,0.0000,0,0,0,0,0,0
n012w8-0,n012w8,0,5,500000,100.0,adaptive,2026-07-04T12:33:52+01:00,4,1,39,71,1,99.806770,1455,1485,1455,30,2.0202,GLOBAL_BEST,0,777,10,136,15,60,1,0,300000.0000,0.0000,0,0,0,0,0,0
n012w8-0,n012w8,0,5,500000,100.0,adaptive,2026-07-04T12:33:52+01:00,4,1,39,73,1,99.801254,1365,1455,1365,90,6.1856,GLOBAL_BEST,0,777,10,137,16,61,2,0,450000.0000,0.0000,0,0,0,0,0,0
n012w8-0,n012w8,0,5,500000,100.0,adaptive,2026-07-04T12:33:52+01:00,4,1,39,77,1,99.790225,1275,1365,1275,90,6.5934,GLOBAL_BEST,0,777,10,156,19,62,4,0,225000.0000,0.0000,0,0,0,0,0,0
n012w8-0,n012w8,0,5,500000,100.0,adaptive,2026-07-04T12:33:52+01:00,4,1,39,79,1,99.784710,1260,1275,1260,15,1.1765,GLOBAL_BEST,0,777,10,170,19,63,2,0,75000.0000,0.0000,0,0,0,0,0,0
n012w8-0,n012w8,0,5,500000,100.0,adaptive,2026-07-04T12:33:52+01:00,4,3,39,124,1,0.000000,2050,2110,2050,60,2.8436,LOCAL_BEST,0,777,41,202,4,64,45,0,13333.3333,0.0000,0,0,0,0,0,0
n012w8-0,n012w8,0,5,500000,100.0,adaptive,2026-07-04T12:33:52+01:00,4,3,39,126,1,0.000000,2020,2050,2020,30,1.4634,LOCAL_BEST,0,777,41,212,4,65,2,0,150000.0000,0.0000,0,0,0,0,0,0
n012w8-0,n012w8,0,5,500000,100.0,adaptive,2026-07-04T12:33:52+01:00,4,3,39,127,1,0.000000,1975,2020,1975,45,2.2277,LOCAL_BEST,0,777,41,217,4,66,1,0,450000.0000,0.0000,0,0,0,0,0,0
n012w8-0,n012w8,0,5,500000,100.0,adaptive,2026-07-04T12:33:52+01:00,4,3,39,128,1,0.000000,1855,1975,1855,120,6.0759,LOCAL_BEST,0,777,41,218,4,67,1,0,1200000.0000,0.0000,0,0,0,0,0,0
n012w8-0,n012w8,0,5,500000,100.0,adaptive,2026-07-04T12:33:52+01:00,4,3,39,129,1,0.000000,1705,1855,1705,150,8.0863,LOCAL_BEST,0,777,41,218,4,68,1,0,1500000.0000,0.0000,0,0,0,0,0,0
n012w8-0,n012w8,0,5,500000,100.0,adaptive,2026-07-04T12:33:52+01:00,4,2,39,138,1,0.000000,1825,1945,1825,120,6.1697,LOCAL_BEST,0,777,0,272,0,69,9,0,133333.3333,0.0000,0,0,0,0,0,0
n012w8-0,n012w8,0,5,500000,100.0,adaptive,2026-07-04T12:33:52+01:00,4,2,39,141,1,0.000000,1720,1825,1720,105,5.7534,LOCAL_BEST,0,777,0,278,0,70,3,0,350000.0000,0.0000,0,0,0,0,0,0
n012w8-0,n012w8,0,5,500000,100.0,adaptive,2026-07-04T12:33:52+01:00,4,2,39,143,1,0.000000,1705,1720,1705,15,0.8721,LOCAL_BEST,0,777,0,283,0,71,2,0,75000.0000,0.0000,0,0,0,0,0,0
n012w8-0,n012w8,0,5,500000,100.0,adaptive,2026-07-04T12:33:52+01:00,4,3,39,204,1,0.000000,1690,1705,1690,15,0.8798,LOCAL_BEST,0,777,69,338,4,72,61,0,2459.0164,0.0000,0,0,0,0,0,0
n012w8-0,n012w8,0,5,500000,100.0,adaptive,2026-07-04T12:33:52+01:00,4,8,39,207,80,0.000000,310,325,310,15,4.6154,GLOBAL_BEST,3,777,0,332,198,73,3,79,50000.0000,189.8734,0,0,0,0,0,0
n012w8-0,n012w8,0,5,500000,100.0,adaptive,2026-07-04T12:33:52+01:00,4,14,39,256,124,0.000000,180,195,180,15,7.6923,GLOBAL_BEST,6,777,0,381,241,74,49,44,3061.2245,340.9091,0,0,0,0,0,0
n012w8-0,n012w8,0,5,500000,100.0,adaptive,2026-07-04T12:33:52+01:00,4,2,39,384,1,0.000000,1665,1705,1665,40,2.3460,LOCAL_BEST,0,777,0,689,0,75,128,-123,3125.0000,0.0000,0,0,0,0,0,0
n012w8-0,n012w8,0,5,500000,100.0,adaptive,2026-07-04T12:33:52+01:00,4,2,39,385,1,0.000000,1605,1665,1605,60,3.6036,LOCAL_BEST,0,777,0,692,0,76,1,0,600000.0000,0.0000,0,0,0,0,0,0
n012w8-0,n012w8,0,5,500000,100.0,adaptive,2026-07-04T12:33:52+01:00,4,2,39,386,1,0.000000,1590,1605,1590,15,0.9346,LOCAL_BEST,0,777,0,694,0,77,1,0,150000.0000,0.0000,0,0,0,0,0,0
n012w8-0,n012w8,0,5,500000,100.0,adaptive,2026-07-04T12:33:52+01:00,4,2,39,387,1,0.000000,1560,1590,1560,30,1.8868,LOCAL_BEST,0,777,0,695,0,78,1,0,300000.0000,0.0000,0,0,0,0,0,0
n012w8-0,n012w8,0,5,500000,100.0,adaptive,2026-07-04T12:33:52+01:00,4,3,39,437,1,0.000000,1685,1690,1685,5,0.2959,LOCAL_BEST,0,777,155,749,9,79,50,0,1000.0000,0.0000,0,0,0,0,0,0
n012w8-0,n012w8,0,5,500000,100.0,adaptive,2026-07-04T12:33:52+01:00,4,14,39,454,124,0.000000,165,180,165,15,8.3333,GLOBAL_BEST,6,777,0,695,423,80,17,123,8823.5294,121.9512,0,0,0,0,0,0
n012w8-0,n012w8,0,5,500000,100.0,adaptive,2026-07-04T12:33:52+01:00,4,2,39,593,1,0.000000,1470,1560,1470,90,5.7692,LOCAL_BEST,0,777,0,1100,0,81,139,-123,6474.8201,0.0000,0,0,0,0,0,0
n012w8-0,n012w8,0,5,500000,100.0,adaptive,2026-07-04T12:33:52+01:00,4,1,39,626,1,98.287887,1230,1260,1230,30,2.3810,GLOBAL_BEST,0,777,147,1149,184,82,33,0,9090.9091,0.0000,0,0,0,0,0,0
n012w8-0,n012w8,0,5,500000,100.0,adaptive,2026-07-04T12:33:52+01:00,4,1,39,665,1,98.182028,1215,1230,1215,15,1.2195,GLOBAL_BEST,0,777,153,1233,198,83,39,0,3846.1538,0.0000,0,0,0,0,0,0
n012w8-0,n012w8,0,5,500000,100.0,adaptive,2026-07-04T12:33:52+01:00,4,1,39,667,1,98.176603,1185,1215,1185,30,2.4691,GLOBAL_BEST,0,777,153,1235,198,84,2,0,150000.0000,0.0000,0,0,0,0,0,0
n012w8-0,n012w8,0,5,500000,100.0,adaptive,2026-07-04T12:33:52+01:00,4,1,39,669,1,98.171177,1155,1185,1155,30,2.5316,GLOBAL_BEST,0,777,154,1235,198,85,2,0,150000.0000,0.0000,0,0,0,0,0,0
n012w8-0,n012w8,0,5,500000,100.0,adaptive,2026-07-04T12:33:52+01:00,4,1,39,670,1,98.168465,1140,1155,1140,15,1.2987,GLOBAL_BEST,0,777,154,1236,198,86,1,0,150000.0000,0.0000,0,0,0,0,0,0
n012w8-0,n012w8,0,5,500000,100.0,adaptive,2026-07-04T12:33:52+01:00,4,1,39,683,1,98.133209,1125,1140,1125,15,1.3158,GLOBAL_BEST,0,777,157,1251,203,87,13,0,11538.4615,0.0000,0,0,0,0,0,0
n012w8-0,n012w8,0,5,500000,100.0,adaptive,2026-07-04T12:33:52+01:00,4,1,39,685,1,98.127786,1110,1125,1110,15,1.3333,GLOBAL_BEST,0,777,157,1255,204,88,2,0,75000.0000,0.0000,0,0,0,0,0,0
n012w8-0,n012w8,0,5,500000,100.0,adaptive,2026-07-04T12:33:52+01:00,4,17,39,881,135,0.000000,135,150,135,15,10.0000,GLOBAL_BEST,7,777,0,1324,841,89,196,134,765.3061,111.9403,0,0,0,0,0,0
n012w8-0,n012w8,0,5,500000,100.0,adaptive,2026-07-04T12:33:52+01:00,4,11,39,902,83,0.000000,240,255,240,15,5.8824,GLOBAL_BEST,4,777,0,1363,792,90,21,-52,7142.8571,0.0000,0,0,0,0,0,0
n012w8-0,n012w8,0,5,500000,100.0,adaptive,2026-07-04T12:33:52+01:00,4,1,39,1180,2,96.794794,1105,1110,1105,5,0.4505,GLOBAL_BEST,0,777,278,2063,353,91,278,-81,179.8561,0.0000,0,0,0,0,0,0
n012w8-0,n012w8,0,5,500000,100.0,adaptive,2026-07-04T12:33:52+01:00,4,1,39,1181,2,96.792120,1075,1105,1075,30,2.7149,GLOBAL_BEST,0,777,278,2063,353,92,1,0,300000.0000,0.0000,0,0,0,0,0,0
n012w8-0,n012w8,0,5,500000,100.0,adaptive,2026-07-04T12:33:52+01:00,4,1,39,1186,2,96.778748,1015,1075,1015,60,5.5814,GLOBAL_BEST,0,777,278,2067,355,93,5,0,120000.0000,0.0000,0,0,0,0,0,0
n012w8-0,n012w8,0,5,500000,100.0,adaptive,2026-07-04T12:33:52+01:00,4,1,39,1188,2,96.773400,985,1015,985,30,2.9557,GLOBAL_BEST,0,777,278,2071,356,94,2,0,150000.0000,0.0000,0,0,0,0,0,0
n012w8-0,n012w8,0,5,500000,100.0,adaptive,2026-07-04T12:33:52+01:00,4,1,39,1190,2,96.768052,895,985,895,90,9.1371,GLOBAL_BEST,0,777,278,2075,357,95,2,0,450000.0000,0.0000,0,0,0,0,0,0
n012w8-0,n012w8,0,5,500000,100.0,adaptive,2026-07-04T12:33:52+01:00,4,1,39,1192,2,96.762705,880,895,880,15,1.6760,GLOBAL_BEST,0,777,278,2078,358,96,2,0,75000.0000,0.0000,0,0,0,0,0,0
n012w8-0,n012w8,0,5,500000,100.0,adaptive,2026-07-04T12:33:52+01:00,4,5,39,1399,43,0.000000,570,580,570,10,1.7241,GLOBAL_BEST,1,777,0,2350,1082,97,207,41,483.0918,243.9024,0,0,0,0,0,0
n012w8-0,n012w8,0,5,500000,100.0,adaptive,2026-07-04T12:33:52+01:00,4,5,39,1400,43,0.000000,555,570,555,15,2.6316,GLOBAL_BEST,1,777,0,2352,1082,98,1,0,150000.0000,0.0000,0,0,0,0,0,0
n012w8-0,n012w8,0,5,500000,100.0,adaptive,2026-07-04T12:33:52+01:00,4,2,39,1603,3,0.000000,1465,1470,1465,5,0.3401,LOCAL_BEST,0,777,0,3088,95,99,203,-40,246.3054,0.0000,0,0,0,0,0,0
n012w8-0,n012w8,0,5,500000,100.0,adaptive,2026-07-04T12:33:52+01:00,4,2,39,1784,3,0.000000,1425,1465,1425,40,2.7304,LOCAL_BEST,0,777,0,3369,125,100,181,0,2209.9448,0.0000,0,0,0,0,0,0
n012w8-0,n012w8,0,5,500000,100.0,adaptive,2026-07-04T12:33:52+01:00,4,8,39,1807,83,0.000000,295,310,295,15,4.8387,LOCAL_BEST,3,777,0,3043,1654,101,23,80,6521.7391,187.5000,0,0,0,0,0,0
n012w8-0,n012w8,0,5,500000,100.0,adaptive,2026-07-04T12:33:52+01:00,4,3,39,1822,3,0.000000,1620,1685,1620,65,3.8576,LOCAL_BEST,0,777,678,3310,69,102,15,-80,43333.3333,0.0000,0,0,0,0,0,0
n012w8-0,n012w8,0,5,500000,100.0,adaptive,2026-07-04T12:33:52+01:00,4,3,39,1823,3,0.000000,1560,1620,1560,60,3.7037,LOCAL_BEST,0,777,678,3310,69,103,1,0,600000.0000,0.0000,0,0,0,0,0,0
n012w8-0,n012w8,0,5,500000,100.0,adaptive,2026-07-04T12:33:52+01:00,4,3,39,1824,3,0.000000,1515,1560,1515,45,2.8846,LOCAL_BEST,0,777,678,3311,69,104,1,0,450000.0000,0.0000,0,0,0,0,0,0
n012w8-0,n012w8,0,5,500000,100.0,adaptive,2026-07-04T12:33:52+01:00,4,3,39,1829,3,0.000000,1500,1515,1500,15,0.9901,LOCAL_BEST,0,777,679,3318,70,105,5,0,30000.0000,0.0000,0,0,0,0,0,0
n012w8-0,n012w8,0,5,500000,100.0,adaptive,2026-07-04T12:33:52+01:00,4,8,39,2205,83,0.000000,280,295,280,15,5.0847,LOCAL_BEST,3,777,0,3663,2020,106,376,80,398.9362,187.5000,0,0,0,0,0,0
n012w8-0,n012w8,0,5,500000,100.0,adaptive,2026-07-04T12:33:52+01:00,4,5,39,2337,43,0.000000,550,555,550,5,0.9009,GLOBAL_BEST,1,777,0,3875,1846,107,132,-40,378.7879,0.0000,0,0,0,0,0,0
n012w8-0,n012w8,0,5,500000,100.0,adaptive,2026-07-04T12:33:52+01:00,4,5,39,2341,43,0.000000,520,550,520,30,5.4545,GLOBAL_BEST,1,777,0,3876,1849,108,4,0,75000.0000,0.0000,0,0,0,0,0,0
n012w8-0,n012w8,0,5,500000,100.0,adaptive,2026-07-04T12:33:52+01:00,4,11,39,2778,87,0.000000,225,240,225,15,6.2500,GLOBAL_BEST,4,777,0,4015,2503,109,437,44,343.2494,340.9091,0,0,0,0,0,0
n012w8-0,n012w8,0,5,500000,100.0,adaptive,2026-07-04T12:33:52+01:00,4,1,39,3063,5,91.887408,835,880,835,45,5.1136,GLOBAL_BEST,0,777,710,5402,1075,110,285,-82,1578.9474,0.0000,0,0,0,0,0,0
n012w8-0,n012w8,0,5,500000,100.0,adaptive,2026-07-04T12:33:52+01:00,4,5,39,3345,45,0.000000,510,520,510,10,1.9231,GLOBAL_BEST,1,777,0,5514,2696,111,282,40,354.6099,250.0000,0,0,0,0,0,0
n012w8-0,n012w8,0,5,500000,100.0,adaptive,2026-07-04T12:33:52+01:00,4,2,39,3369,5,0.000000,1260,1425,1260,165,11.5789,LOCAL_BEST,0,777,0,6272,516,112,24,-40,68750.0000,0.0000,0,0,0,0,0,0
n012w8-0,n012w8,0,5,500000,100.0,adaptive,2026-07-04T12:33:52+01:00,4,3,39,4024,6,0.000000,1485,1500,1485,15,1.0000,LOCAL_BEST,0,777,1512,7315,172,113,655,1,229.0076,15000.0000,0,0,0,0,0,0
n012w8-0,n012w8,0,5,500000,100.0,adaptive,2026-07-04T12:33:52+01:00,4,14,39,4067,132,0.000000,150,165,150,15,9.0909,LOCAL_BEST,6,777,0,5926,3786,114,43,126,3488.3721,119.0476,0,0,0,0,0,0
n012w8-0,n012w8,0,5,500000,100.0,adaptive,2026-07-04T12:33:52+01:00,4,5,39,4370,46,0.000000,480,510,480,30,5.8824,GLOBAL_BEST,1,777,0,7282,3518,115,303,-86,990.0990,0.0000,0,0,0,0,0,0
n012w8-0,n012w8,0,5,500000,100.0,adaptive,2026-07-04T12:33:52+01:00,4,2,39,5495,8,0.000000,1195,1260,1195,65,5.1587,LOCAL_BEST,0,777,0,10156,1152,116,1125,-38,577.7778,0.0000,0,0,0,0,0,0
n012w8-0,n012w8,0,5,500000,100.0,adaptive,2026-07-04T12:33:52+01:00,4,2,39,6424,10,0.000000,1185,1195,1185,10,0.8368,LOCAL_BEST,0,777,0,11834,1480,117,929,2,107.6426,5000.0000,0,0,0,0,0,0
n012w8-0,n012w8,0,5,500000,100.0,adaptive,2026-07-04T12:33:52+01:00,4,5,39,6649,49,0.000000,465,480,465,15,3.1250,GLOBAL_BEST,1,777,0,10958,5299,118,225,39,666.6667,384.6154,0,0,0,0,0,0
n012w8-0,n012w8,0,5,500000,100.0,adaptive,2026-07-04T12:33:52+01:00,4,3,39,6820,10,0.000000,1435,1485,1435,50,3.3670,LOCAL_BEST,0,777,2563,12501,273,119,171,-39,2923.9766,0.0000,0,0,0,0,0,0
n012w8-0,n012w8,0,5,500000,100.0,adaptive,2026-07-04T12:33:52+01:00,4,3,39,6821,10,0.000000,1390,1435,1390,45,3.1359,LOCAL_BEST,0,777,2563,12508,273,120,1,0,450000.0000,0.0000,0,0,0,0,0,0
n012w8-0,n012w8,0,5,500000,100.0,adaptive,2026-07-04T12:33:52+01:00,4,2,39,7471,11,0.000000,1170,1185,1170,15,1.2658,LOCAL_BEST,0,777,0,13859,1897,121,650,1,230.7692,15000.0000,0,0,0,0,0,0
n012w8-0,n012w8,0,5,500000,100.0,adaptive,2026-07-04T12:33:52+01:00,4,8,39,7678,95,0.000000,250,280,250,30,10.7143,LOCAL_BEST,3,777,0,12697,7093,122,207,84,1449.2754,357.1429,0,0,0,0,0,0
n012w8-0,n012w8,0,5,500000,100.0,adaptive,2026-07-04T12:33:52+01:00,4,8,39,8339,96,0.000000,235,250,235,15,6.0000,LOCAL_BEST,3,777,0,13820,7683,123,661,1,226.9289,15000.0000,0,0,0,0,0,0
n012w8-0,n012w8,0,5,500000,100.0,adaptive,2026-07-04T12:33:52+01:00,4,2,39,8361,13,0.000000,1155,1170,1155,15,1.2821,LOCAL_BEST,0,777,0,15573,2237,124,22,-83,6818.1818,0.0000,0,0,0,0,0,0
n012w8-0,n012w8,0,5,500000,100.0,adaptive,2026-07-04T12:33:52+01:00,4,1,39,8532,13,79.000165,760,835,760,75,8.9820,GLOBAL_BEST,0,777,1929,15095,3194,125,171,0,4385.9649,0.0000,0,0,0,0,0,0
n012w8-0,n012w8,0,5,500000,100.0,adaptive,2026-07-04T12:33:52+01:00,4,5,39,8696,52,0.000000,450,465,450,15,3.2258,GLOBAL_BEST,1,777,0,14188,6978,126,164,39,914.6341,384.6154,0,0,0,0,0,0
n012w8-0,n012w8,0,5,500000,100.0,adaptive,2026-07-04T12:33:52+01:00,4,2,39,8824,14,0.000000,1125,1155,1125,30,2.5974,LOCAL_BEST,0,777,0,16375,2420,127,128,-38,2343.7500,0.0000,0,0,0,0,0,0
n012w8-0,n012w8,0,5,500000,100.0,adaptive,2026-07-04T12:33:52+01:00,4,2,39,8825,14,0.000000,1035,1125,1035,90,8.0000,LOCAL_BEST,0,777,0,16376,2420,128,1,0,900000.0000,0.0000,0,0,0,0,0,0
n012w8-0,n012w8,0,5,500000,100.0,adaptive,2026-07-04T12:33:52+01:00,4,2,39,8826,14,0.000000,990,1035,990,45,4.3478,LOCAL_BEST,0,777,0,16380,2420,129,1,0,450000.0000,0.0000,0,0,0,0,0,0
n012w8-0,n012w8,0,5,500000,100.0,adaptive,2026-07-04T12:33:52+01:00,4,11,39,9895,99,0.000000,210,225,210,15,6.6667,GLOBAL_BEST,4,777,0,14254,9092,130,1069,85,140.3181,176.4706,0,0,0,0,0,0
n012w8-0,n012w8,0,5,500000,100.0,adaptive,2026-07-04T12:33:52+01:00,4,5,39,11179,56,0.000000,405,450,405,45,10.0000,GLOBAL_BEST,1,777,0,18336,8967,131,1284,-43,350.4673,0.0000,0,0,0,0,0,0
n012w8-0,n012w8,0,5,500000,100.0,adaptive,2026-07-04T12:33:52+01:00,4,5,39,11220,56,0.000000,390,405,390,15,3.7037,GLOBAL_BEST,1,777,0,18410,8997,132,41,0,3658.5366,0.0000,0,0,0,0,0,0
n012w8-0,n012w8,0,5,500000,100.0,adaptive,2026-07-04T12:33:52+01:00,4,3,39,11334,18,0.000000,1380,1390,1380,10,0.7194,LOCAL_BEST,0,777,4262,20887,441,133,114,-38,877.1930,0.0000,0,0,0,0,0,0
n012w8-0,n012w8,0,5,500000,100.0,adaptive,2026-07-04T12:33:52+01:00,4,3,39,11339,18,0.000000,1300,1380,1300,80,5.7971,LOCAL_BEST,0,777,4264,20900,441,134,5,0,160000.0000,0.0000,0,0,0,0,0,0
n012w8-0,n012w8,0,5,500000,100.0,adaptive,2026-07-04T12:33:52+01:00,4,3,39,11527,19,0.000000,1290,1300,1290,10,0.7692,LOCAL_BEST,0,777,4332,21239,449,135,188,1,531.9149,10000.0000,0,0,0,0,0,0
n012w8-0,n012w8,0,5,500000,100.0,adaptive,2026-07-04T12:33:52+01:00,4,3,39,11528,19,0.000000,1275,1290,1275,15,1.1628,LOCAL_BEST,0,777,4332,21240,449,136,1,0,150000.0000,0.0000,0,0,0,0,0,0
n012w8-0,n012w8,0,5,500000,100.0,adaptive,2026-07-04T12:33:52+01:00,4,14,39,11953,149,0.000000,135,150,135,15,10.0000,LOCAL_BEST,6,777,0,17637,11184,137,425,130,352.9412,115.3846,0,0,0,0,0,0
n012w8-0,n012w8,0,5,500000,100.0,adaptive,2026-07-04T12:33:52+01:00,4,2,39,12482,20,0.000000,960,990,960,30,3.0303,LOCAL_BEST,0,777,0,22788,4013,138,529,-129,567.1078,0.0000,0,0,0,0,0,0
n012w8-0,n012w8,0,5,500000,100.0,adaptive,2026-07-04T12:33:52+01:00,4,8,39,12964,103,0.000000,225,235,225,10,4.2553,LOCAL_BEST,3,777,0,21194,11897,139,482,83,207.4689,120.4819,0,0,0,0,0,0
n012w8-0,n012w8,0,5,500000,100.0,adaptive,2026-07-04T12:33:52+01:00,4,2,39,14504,23,0.000000,930,960,930,30,3.1250,LOCAL_BEST,0,777,0,26367,5033,140,1540,-80,194.8052,0.0000,0,0,0,0,0,0
n012w8-0,n012w8,0,5,500000,100.0,adaptive,2026-07-04T12:33:52+01:00,4,2,39,16862,26,0.000000,915,930,915,15,1.6129,LOCAL_BEST,0,777,0,30389,6266,141,2358,3,63.6132,5000.0000,0,0,0,0,0,0
n012w8-0,n012w8,0,5,500000,100.0,adaptive,2026-07-04T12:33:52+01:00,4,2,39,17809,27,0.000000,895,915,895,20,2.1858,LOCAL_BEST,0,777,0,32059,6771,142,947,1,211.1932,20000.0000,0,0,0,0,0,0
n012w8-0,n012w8,0,5,500000,100.0,adaptive,2026-07-04T12:33:52+01:00,4,1,39,17811,27,61.133604,715,760,715,45,5.9211,GLOBAL_BEST,0,777,3774,31155,7378,143,2,0,225000.0000,0.0000,0,0,0,0,0,0
n012w8-0,n012w8,0,5,500000,100.0,adaptive,2026-07-04T12:33:52+01:00,4,5,39,17977,64,0.000000,345,390,345,45,11.5385,GLOBAL_BEST,1,777,0,29230,14401,144,166,37,2710.8434,1216.2162,0,0,0,0,0,0
n012w8-0,n012w8,0,5,500000,100.0,adaptive,2026-07-04T12:33:52+01:00,4,2,39,19558,30,0.000000,885,895,885,10,1.1173,LOCAL_BEST,0,777,0,35194,7799,145,1581,-34,63.2511,0.0000,0,0,0,0,0,0
n012w8-0,n012w8,0,5,500000,100.0,adaptive,2026-07-04T12:33:52+01:00,4,2,39,19744,30,0.000000,870,885,870,15,1.6949,LOCAL_BEST,0,777,0,35548,7900,146,186,0,806.4516,0.0000,0,0,0,0,0,0
n012w8-0,n012w8,0,5,500000,100.0,adaptive,2026-07-04T12:33:52+01:00,4,2,39,19910,30,0.000000,855,870,855,15,1.7241,LOCAL_BEST,0,777,0,35794,7995,147,166,0,903.6145,0.0000,0,0,0,0,0,0
n012w8-0,n012w8,0,5,500000,100.0,adaptive,2026-07-04T12:33:52+01:00,4,2,39,20443,31,0.000000,820,855,820,35,4.0936,LOCAL_BEST,0,777,0,36632,8299,148,533,1,656.6604,35000.0000,0,0,0,0,0,0
n012w8-0,n012w8,0,5,500000,100.0,adaptive,2026-07-04T12:33:52+01:00,4,2,39,20444,31,0.000000,805,820,805,15,1.8293,LOCAL_BEST,0,777,0,36641,8299,149,1,0,150000.0000,0.0000,0,0,0,0,0,0
n012w8-0,n012w8,0,5,500000,100.0,adaptive,2026-07-04T12:33:52+01:00,4,2,39,20445,31,0.000000,790,805,790,15,1.8634,LOCAL_BEST,0,777,0,36643,8299,150,1,0,150000.0000,0.0000,0,0,0,0,0,0
n012w8-0,n012w8,0,5,500000,100.0,adaptive,2026-07-04T12:33:52+01:00,4,8,39,21670,114,0.000000,210,225,210,15,6.6667,LOCAL_BEST,3,777,0,34530,19786,151,1225,83,122.4490,180.7229,0,0,0,0,0,0
n012w8-0,n012w8,0,5,500000,100.0,adaptive,2026-07-04T12:33:52+01:00,4,2,39,23721,37,0.000000,780,790,780,10,1.2658,LOCAL_BEST,0,777,0,42547,10288,152,2051,-77,48.7567,0.0000,0,0,0,0,0,0
n012w8-0,n012w8,0,5,500000,100.0,adaptive,2026-07-04T12:33:52+01:00,4,4,39,25184,80,49.865939,630,655,630,25,3.8168,LOCAL_BEST,1,777,4958,43660,11396,153,1463,43,170.8817,581.3953,0,0,0,0,0,0
n012w8-0,n012w8,0,5,500000,100.0,adaptive,2026-07-04T12:33:52+01:00,4,4,39,25185,80,49.864561,615,630,615,15,2.3810,LOCAL_BEST,1,777,4958,43661,11396,154,1,0,150000.0000,0.0000,0,0,0,0,0,0
n012w8-0,n012w8,0,5,500000,100.0,adaptive,2026-07-04T12:33:52+01:00,4,2,39,26575,41,0.000000,720,780,720,60,7.6923,LOCAL_BEST,0,777,0,47208,12153,155,1390,-39,431.6547,0.0000,0,0,0,0,0,0
n012w8-0,n012w8,0,5,500000,100.0,adaptive,2026-07-04T12:33:52+01:00,4,1,39,26734,41,47.775363,700,715,700,15,2.0979,GLOBAL_BEST,0,777,5203,46598,12117,156,159,0,943.3962,0.0000,0,0,0,0,0,0
n012w8-0,n012w8,0,5,500000,100.0,adaptive,2026-07-04T12:33:52+01:00,4,4,39,27519,84,46.750257,595,615,595,20,3.2520,LOCAL_BEST,1,777,5278,47519,12760,157,785,43,254.7771,465.1163,0,0,0,0,0,0
n012w8-0,n012w8,0,5,500000,100.0,adaptive,2026-07-04T12:33:52+01:00,4,8,39,27774,123,0.000000,195,210,195,15,7.1429,GLOBAL_BEST,3,777,0,44359,25398,158,255,39,588.2353,384.6154,0,0,0,0,0,0
n012w8-0,n012w8,0,5,500000,100.0,adaptive,2026-07-04T12:33:52+01:00,4,5,39,29009,79,0.000000,340,345,340,5,1.4493,GLOBAL_BEST,1,777,0,46805,23682,159,1235,-44,40.4858,0.0000,0,0,0,0,0,0
n012w8-0,n012w8,0,5,500000,100.0,adaptive,2026-07-04T12:33:52+01:00,4,2,39,29959,45,0.000000,690,720,690,30,4.1667,LOCAL_BEST,0,777,0,52852,14471,160,950,-34,315.7895,0.0000,0,0,0,0,0,0
n012w8-0,n012w8,0,5,500000,100.0,adaptive,2026-07-04T12:33:52+01:00,4,2,39,30764,46,0.000000,630,690,630,60,8.6957,LOCAL_BEST,0,777,0,54234,15028,161,805,1,745.3416,60000.0000,0,0,0,0,0,0
n012w8-0,n012w8,0,5,500000,100.0,adaptive,2026-07-04T12:33:52+01:00,4,1,39,31521,47,41.856220,690,700,690,10,1.4286,LOCAL_BEST,0,777,5867,54483,14998,162,757,1,132.1004,10000.0000,0,0,0,0,0,0
n012w8-0,n012w8,0,5,500000,100.0,adaptive,2026-07-04T12:33:52+01:00,4,1,39,31527,47,41.849281,645,690,645,45,6.5217,LOCAL_BEST,0,777,5867,54486,15002,163,6,0,75000.0000,0.0000,0,0,0,0,0,0
n012w8-0,n012w8,0,5,500000,100.0,adaptive,2026-07-04T12:33:52+01:00,4,1,39,31536,47,41.838875,615,645,615,30,4.6512,LOCAL_BEST,0,777,5867,54501,15009,164,9,0,33333.3333,0.0000,0,0,0,0,0,0
n012w8-0,n012w8,0,5,500000,100.0,adaptive,2026-07-04T12:33:52+01:00,4,5,39,31661,84,0.000000,325,340,325,15,4.4118,LOCAL_BEST,1,777,0,51195,26017,165,125,37,1200.0000,405.4054,0,0,0,0,0,0
n012w8-0,n012w8,0,5,500000,100.0,adaptive,2026-07-04T12:33:52+01:00,4,8,39,31980,132,0.000000,180,195,180,15,7.6923,LOCAL_BEST,3,777,0,50688,29164,166,319,48,470.2194,312.5000,0,0,0,0,0,0
n012w8-0,n012w8,0,5,500000,100.0,adaptive,2026-07-04T12:33:52+01:00,4,4,39,33193,95,39.966489,585,595,585,10,1.6807,LOCAL_BEST,1,777,5962,56861,16303,167,1213,-37,82.4402,0.0000,0,0,0,0,0,0
n012w8-0,n012w8,0,5,500000,100.0,adaptive,2026-07-04T12:33:52+01:00,4,4,39,33199,95,39.959864,555,585,555,30,5.1282,LOCAL_BEST,1,777,5962,56868,16308,168,6,0,50000.0000,0.0000,0,0,0,0,0,0
n012w8-0,n012w8,0,5,500000,100.0,adaptive,2026-07-04T12:33:52+01:00,4,4,39,33200,95,39.958760,495,555,495,60,10.8108,LOCAL_BEST,1,777,5962,56868,16308,169,1,0,600000.0000,0.0000,0,0,0,0,0,0
n012w8-0,n012w8,0,5,500000,100.0,adaptive,2026-07-04T12:33:52+01:00,4,5,39,34495,90,0.000000,295,325,295,30,9.2308,LOCAL_BEST,1,777,0,55702,28457,170,1295,-5,231.6602,0.0000,0,0,0,0,0,0
n012w8-0,n012w8,0,5,500000,100.0,adaptive,2026-07-04T12:33:52+01:00,4,3,39,34633,55,0.000000,1245,1275,1245,30,2.3529,LOCAL_BEST,0,777,12858,63426,1435,171,138,-35,2173.9130,0.0000,0,0,0,0,0,0
n012w8-0,n012w8,0,5,500000,100.0,adaptive,2026-07-04T12:33:52+01:00,4,3,39,34634,55,0.000000,1200,1245,1200,45,3.6145,LOCAL_BEST,0,777,12858,63429,1435,172,1,0,450000.0000,0.0000,0,0,0,0,0,0
n012w8-0,n012w8,0,5,500000,100.0,adaptive,2026-07-04T12:33:52+01:00,4,2,39,36669,55,0.000000,570,630,570,60,9.5238,LOCAL_BEST,0,777,0,64238,19140,173,2035,0,294.8403,0.0000,0,0,0,0,0,0
n012w8-0,n012w8,0,5,500000,100.0,adaptive,2026-07-04T12:33:52+01:00,4,2,39,36670,55,0.000000,540,570,540,30,5.2632,LOCAL_BEST,0,777,0,64238,19140,174,1,0,300000.0000,0.0000,0,0,0,0,0,0
n012w8-0,n012w8,0,5,500000,100.0,adaptive,2026-07-04T12:33:52+01:00,4,1,39,38556,57,34.461962,570,615,570,45,7.3171,LOCAL_BEST,0,777,6624,66267,19723,175,1886,2,238.6002,22500.0000,0,0,0,0,0,0
n012w8-0,n012w8,0,5,500000,100.0,adaptive,2026-07-04T12:33:52+01:00,4,4,39,38570,103,34.448634,480,495,480,15,3.0303,LOCAL_BEST,1,777,6525,66038,19908,176,14,46,10714.2857,326.0870,0,0,0,0,0,0
n012w8-0,n012w8,0,5,500000,100.0,adaptive,2026-07-04T12:33:52+01:00,4,4,39,38573,103,34.445778,450,480,450,30,6.2500,LOCAL_BEST,1,777,6525,66048,19909,177,3,0,100000.0000,0.0000,0,0,0,0,0,0
n012w8-0,n012w8,0,5,500000,100.0,adaptive,2026-07-04T12:33:52+01:00,4,1,39,38642,58,34.380168,525,570,525,45,7.8947,LOCAL_BEST,0,777,6631,66422,19790,178,69,-45,6521.7391,0.0000,0,0,0,0,0,0
n012w8-0,n012w8,0,5,500000,100.0,adaptive,2026-07-04T12:33:52+01:00,4,1,39,38646,58,34.376369,510,525,510,15,2.8571,LOCAL_BEST,0,777,6631,66429,19793,179,4,0,37500.0000,0.0000,0,0,0,0,0,0
n012w8-0,n012w8,0,5,500000,100.0,adaptive,2026-07-04T12:33:52+01:00,4,1,39,38658,58,34.364972,465,510,465,45,8.8235,LOCAL_BEST,0,777,6631,66454,19804,180,12,0,37500.0000,0.0000,0,0,0,0,0,0
n012w8-0,n012w8,0,5,500000,100.0,adaptive,2026-07-04T12:33:52+01:00,4,4,39,38659,103,34.364023,435,450,435,15,3.3333,LOCAL_BEST,1,777,6530,66216,19981,181,1,45,150000.0000,333.3333,0,0,0,0,0,0
n012w8-0,n012w8,0,5,500000,100.0,adaptive,2026-07-04T12:33:52+01:00,4,1,39,38705,58,34.320373,450,465,450,15,3.2258,LOCAL_BEST,0,777,6633,66532,19842,182,46,-45,3260.8696,0.0000,0,0,0,0,0,0
n012w8-0,n012w8,0,5,500000,100.0,adaptive,2026-07-04T12:33:52+01:00,4,1,39,38721,58,34.305204,435,450,435,15,3.3333,LOCAL_BEST,0,777,6634,66553,19854,183,16,0,9375.0000,0.0000,0,0,0,0,0,0
n012w8-0,n012w8,0,5,500000,100.0,adaptive,2026-07-04T12:33:52+01:00,4,1,39,38750,58,34.277726,390,435,390,45,10.3448,LOCAL_BEST,0,777,6637,66604,19878,184,29,0,15517.2414,0.0000,0,0,0,0,0,0
n012w8-0,n012w8,0,5,500000,100.0,adaptive,2026-07-04T12:33:52+01:00,4,2,39,38766,58,0.000000,495,540,495,45,8.3333,LOCAL_BEST,0,777,0,67590,20664,185,16,0,28125.0000,0.0000,0,0,0,0,0,0
n012w8-0,n012w8,0,5,500000,100.0,adaptive,2026-07-04T12:33:52+01:00,4,3,39,40952,64,0.000000,1170,1200,1170,30,2.5000,LOCAL_BEST,0,777,15226,75264,1696,186,2186,6,137.2370,5000.0000,0,0,0,0,0,0
n012w8-0,n012w8,0,5,500000,100.0,adaptive,2026-07-04T12:33:52+01:00,4,5,39,44309,107,0.000000,285,295,285,10,3.3898,LOCAL_BEST,1,777,0,71433,37059,187,3357,43,29.7885,232.5581,0,0,0,0,0,0
n012w8-0,n012w8,0,5,500000,100.0,adaptive,2026-07-04T12:33:52+01:00,4,4,39,45789,114,28.219155,405,435,405,30,6.8966,LOCAL_BEST,1,777,7050,77994,25334,188,1480,7,202.7027,4285.7143,0,0,0,0,0,0
n012w8-0,n012w8,0,5,500000,100.0,adaptive,2026-07-04T12:33:52+01:00,4,4,39,46303,114,27.821209,390,405,390,15,3.7037,LOCAL_BEST,1,777,7081,78891,25743,189,514,0,291.8288,0.0000,0,0,0,0,0,0
n012w8-0,n012w8,0,5,500000,100.0,adaptive,2026-07-04T12:33:52+01:00,4,4,39,47153,116,27.175403,375,390,375,15,3.8462,LOCAL_BEST,1,777,7121,80158,26449,190,850,2,176.4706,7500.0000,0,0,0,0,0,0
n012w8-0,n012w8,0,5,500000,100.0,adaptive,2026-07-04T12:33:52+01:00,4,4,39,47157,116,27.172400,360,375,360,15,4.0000,LOCAL_BEST,1,777,7121,80170,26452,191,4,0,37500.0000,0.0000,0,0,0,0,0,0
n012w8-0,n012w8,0,5,500000,100.0,adaptive,2026-07-04T12:33:52+01:00,4,4,39,47167,116,27.164893,330,360,330,30,8.3333,LOCAL_BEST,1,777,7121,80179,26461,192,10,0,30000.0000,0.0000,0,0,0,0,0,0
n012w8-0,n012w8,0,5,500000,100.0,adaptive,2026-07-04T12:33:52+01:00,4,5,39,47878,112,0.000000,255,285,255,30,10.5263,LOCAL_BEST,1,777,0,76913,40191,193,711,-4,421.9409,0.0000,0,0,0,0,0,0
n012w8-0,n012w8,0,5,500000,100.0,adaptive,2026-07-04T12:33:52+01:00,4,2,39,49021,72,0.000000,465,495,465,30,6.0606,LOCAL_BEST,0,777,0,84389,28422,194,1143,-40,262.4672,0.0000,0,0,0,0,0,0
n012w8-0,n012w8,0,5,500000,100.0,adaptive,2026-07-04T12:33:52+01:00,4,8,39,49365,157,0.000000,165,180,165,15,8.3333,LOCAL_BEST,3,777,0,77333,45375,195,344,85,436.0465,176.4706,0,0,0,0,0,0
n012w8-0,n012w8,0,5,500000,100.0,adaptive,2026-07-04T12:33:52+01:00,4,4,39,49967,120,25.142473,315,330,315,15,4.5455,LOCAL_BEST,1,777,7282,84806,28602,196,602,-37,249.1694,0.0000,0,0,0,0,0,0
n012w8-0,n012w8,0,5,500000,100.0,adaptive,2026-07-04T12:33:52+01:00,4,1,39,52805,76,23.246202,375,390,375,15,3.8462,LOCAL_BEST,0,777,7636,89595,30500,197,2838,-44,52.8541,0.0000,0,0,0,0,0,0
n012w8-0,n012w8,0,5,500000,100.0,adaptive,2026-07-04T12:33:52+01:00,4,1,39,53044,77,23.093194,360,375,360,15,4.0000,LOCAL_BEST,0,777,7647,89992,30696,198,239,1,627.6151,15000.0000,0,0,0,0,0,0
n012w8-0,n012w8,0,5,500000,100.0,adaptive,2026-07-04T12:33:52+01:00,4,1,39,53072,77,23.075334,345,360,345,15,4.1667,LOCAL_BEST,0,777,7647,90041,30723,199,28,0,5357.1429,0.0000,0,0,0,0,0,0
n012w8-0,n012w8,0,5,500000,100.0,adaptive,2026-07-04T12:33:52+01:00,4,2,39,54083,78,0.000000,415,465,415,50,10.7527,LOCAL_BEST,0,777,0,92664,32384,200,1011,1,494.5598,50000.0000,0,0,0,0,0,0
n012w8-0,n012w8,0,5,500000,100.0,adaptive,2026-07-04T12:33:52+01:00,4,10,39,54754,197,22.027439,255,300,255,45,15.0000,LOCAL_BEST,4,777,7733,93397,32034,201,671,119,670.6408,378.1513,0,0,0,0,0,0
n012w8-0,n012w8,0,5,500000,100.0,adaptive,2026-07-04T12:33:52+01:00,4,1,39,55596,80,21.520879,300,345,300,45,13.0435,GLOBAL_BEST,0,777,7775,94150,32757,202,842,-117,534.4418,0.0000,0,0,0,0,0,0
n012w8-0,n012w8,0,5,500000,100.0,adaptive,2026-07-04T12:33:52+01:00,4,1,39,55608,80,21.513744,270,300,270,30,10.0000,GLOBAL_BEST,0,777,7775,94167,32768,203,12,0,25000.0000,0.0000,0,0,0,0,0,0
n012w8-0,n012w8,0,5,500000,100.0,adaptive,2026-07-04T12:33:52+01:00,4,2,39,56940,83,0.000000,385,415,385,30,7.2289,LOCAL_BEST,0,777,0,97414,34704,204,1332,3,225.2252,10000.0000,0,0,0,0,0,0
n012w8-0,n012w8,0,5,500000,100.0,adaptive,2026-07-04T12:33:52+01:00,4,7,39,56991,181,20.707134,320,340,320,20,5.8824,LOCAL_BEST,2,777,7858,96925,33966,205,51,98,3921.5686,204.0816,0,0,0,0,0,0
n012w8-0,n012w8,0,5,500000,100.0,adaptive,2026-07-04T12:33:52+01:00,4,4,39,60247,137,18.925528,300,315,300,15,4.7619,LOCAL_BEST,1,777,7715,101132,37005,206,3256,-44,46.0688,0.0000,0,0,0,0,0,0
n012w8-0,n012w8,0,5,500000,100.0,adaptive,2026-07-04T12:33:52+01:00,4,4,39,60480,137,18.804076,270,300,270,30,10.0000,LOCAL_BEST,1,777,7721,101471,37203,207,233,0,1287.5536,0.0000,0,0,0,0,0,0
n012w8-0,n012w8,0,5,500000,100.0,adaptive,2026-07-04T12:33:52+01:00,4,1,39,61363,88,18.350842,245,270,245,25,9.2593,LOCAL_BEST,0,777,7976,102654,37626,208,883,-49,283.1257,0.0000,0,0,0,0,0,0
n012w8-0,n012w8,0,5,500000,100.0,adaptive,2026-07-04T12:33:52+01:00,4,1,39,61649,89,18.206397,220,245,220,25,10.2041,GLOBAL_BEST,0,777,7983,103104,37874,209,286,1,874.1259,25000.0000,0,0,0,0,0,0
n012w8-0,n012w8,0,5,500000,100.0,adaptive,2026-07-04T12:33:52+01:00,4,10,39,62847,208,17.613595,240,255,240,15,5.8824,LOCAL_BEST,4,777,7999,105839,39041,210,1198,119,125.2087,126.0504,0,0,0,0,0,0
n012w8-0,n012w8,0,5,500000,100.0,adaptive,2026-07-04T12:33:52+01:00,4,10,39,62866,208,17.604350,225,240,225,15,6.2500,LOCAL_BEST,4,777,8000,105858,39058,211,19,0,7894.7368,0.0000,0,0,0,0,0,0
n012w8-0,n012w8,0,5,500000,100.0,adaptive,2026-07-04T12:33:52+01:00,4,10,39,62874,208,17.600459,210,225,210,15,6.6667,LOCAL_BEST,4,777,8000,105867,39065,212,8,0,18750.0000,0.0000,0,0,0,0,0,0
n012w8-0,n012w8,0,5,500000,100.0,adaptive,2026-07-04T12:33:52+01:00,4,5,39,67571,142,0.000000,240,255,240,15,5.8824,LOCAL_BEST,1,777,0,105857,57812,213,4697,-66,31.9353,0.0000,0,0,0,0,0,0
n012w8-0,n012w8,0,5,500000,100.0,adaptive,2026-07-04T12:33:52+01:00,4,4,39,67985,148,15.282415,240,270,240,30,11.1111,LOCAL_BEST,1,777,7910,114018,43774,214,414,6,724.6377,5000.0000,0,0,0,0,0,0
n012w8-0,n012w8,0,5,500000,100.0,adaptive,2026-07-04T12:33:52+01:00,4,7,39,68426,196,15.097325,300,320,300,20,6.2500,LOCAL_BEST,2,777,8231,115656,43809,215,441,48,453.5147,416.6667,0,0,0,0,0,0
n012w8-0,n012w8,0,5,500000,100.0,adaptive,2026-07-04T12:33:52+01:00,4,5,39,71818,150,0.000000,210,240,210,30,12.5000,LOCAL_BEST,1,777,0,112183,61670,216,3392,-46,88.4434,0.0000,0,0,0,0,0,0
n012w8-0,n012w8,0,5,500000,100.0,adaptive,2026-07-04T12:33:52+01:00,4,7,39,72265,205,13.577881,255,300,255,45,15.0000,LOCAL_BEST,2,777,8309,121384,47221,217,447,55,1006.7114,818.1818,0,0,0,0,0,0
n012w8-0,n012w8,0,5,500000,100.0,adaptive,2026-07-04T12:33:52+01:00,4,7,39,72594,205,13.455009,240,255,240,15,5.8824,LOCAL_BEST,2,777,8315,121865,47519,218,329,0,455.9271,0.0000,0,0,0,0,0,0
n012w8-0,n012w8,0,5,500000,100.0,adaptive,2026-07-04T12:33:52+01:00,4,1,39,72919,104,13.334723,205,220,205,15,6.8182,GLOBAL_BEST,0,777,8200,120205,47804,219,325,-101,461.5385,0.0000,0,0,0,0,0,0
n012w8-0,n012w8,0,5,500000,100.0,adaptive,2026-07-04T12:33:52+01:00,4,5,39,73448,154,0.000000,195,210,195,15,7.1429,LOCAL_BEST,1,777,0,114477,63113,220,529,50,283.5539,300.0000,0,0,0,0,0,0
n012w8-0,n012w8,0,5,500000,100.0,adaptive,2026-07-04T12:33:52+01:00,4,7,39,73730,208,13.039232,210,240,210,30,12.5000,LOCAL_BEST,2,777,8335,123475,48545,221,282,54,1063.8298,555.5556,0,0,0,0,0,0
n012w8-0,n012w8,0,5,500000,100.0,adaptive,2026-07-04T12:33:52+01:00,4,3,39,74046,121,0.000000,1155,1170,1155,15,1.2821,LOCAL_BEST,0,777,27524,136233,3026,222,316,-87,474.6835,0.0000,0,0,0,0,0,0
n012w8-0,n012w8,0,5,500000,100.0,adaptive,2026-07-04T12:33:52+01:00,4,3,39,74048,121,0.000000,1140,1155,1140,15,1.2987,LOCAL_BEST,0,777,27525,136235,3026,223,2,0,75000.0000,0.0000,0,0,0,0,0,0
n012w8-0,n012w8,0,5,500000,100.0,adaptive,2026-07-04T12:33:52+01:00,4,2,39,74405,115,0.000000,360,385,360,25,6.4935,LOCAL_BEST,0,777,0,125162,48790,224,357,-6,700.2801,0.0000,0,0,0,0,0,0
n012w8-0,n012w8,0,5,500000,100.0,adaptive,2026-07-04T12:33:52+01:00,4,2,39,74828,115,0.000000,315,360,315,45,12.5000,LOCAL_BEST,0,777,0,125733,49126,225,423,0,1063.8298,0.0000,0,0,0,0,0,0
n012w8-0,n012w8,0,5,500000,100.0,adaptive,2026-07-04T12:33:52+01:00,4,7,39,75183,210,12.526104,195,210,195,15,7.1429,LOCAL_BEST,2,777,8347,125486,49897,226,355,95,422.5352,157.8947,0,0,0,0,0,0
n012w8-0,n012w8,0,5,500000,100.0,adaptive,2026-07-04T12:33:52+01:00,4,5,39,75496,158,0.000000,180,195,180,15,7.6923,LOCAL_BEST,1,777,0,117521,64955,227,313,-52,479.2332,0.0000,0,0,0,0,0,0
n012w8-0,n012w8,0,5,500000,100.0,adaptive,2026-07-04T12:33:52+01:00,4,7,39,80762,220,10.736630,180,195,180,15,7.6923,LOCAL_BEST,2,777,8406,133789,55107,228,5266,62,28.4846,241.9355,0,0,0,0,0,0
n012w8-0,n012w8,0,5,500000,100.0,adaptive,2026-07-04T12:33:52+01:00,4,7,39,80799,220,10.725659,165,180,165,15,8.3333,LOCAL_BEST,2,777,8406,133839,55141,229,37,0,4054.0541,0.0000,0,0,0,0,0,0
n012w8-0,n012w8,0,5,500000,100.0,adaptive,2026-07-04T12:33:52+01:00,4,7,39,82377,224,10.268051,150,165,150,15,9.0909,LOCAL_BEST,2,777,8410,136058,56617,230,1578,4,95.0570,3750.0000,0,0,0,0,0,0
n012w8-0,n012w8,0,5,500000,100.0,adaptive,2026-07-04T12:33:52+01:00,4,1,39,83876,126,9.851446,195,205,195,10,4.8780,LOCAL_BEST,0,777,8311,136316,57687,231,1499,-98,66.7111,0.0000,0,0,0,0,0,0
n012w8-0,n012w8,0,5,500000,100.0,adaptive,2026-07-04T12:33:52+01:00,4,1,39,84317,128,9.732132,180,195,180,15,7.6923,LOCAL_BEST,0,777,8318,137032,58086,232,441,2,340.1361,7500.0000,0,0,0,0,0,0
n012w8-0,n012w8,0,5,500000,100.0,adaptive,2026-07-04T12:33:52+01:00,4,10,39,85295,245,9.472661,195,210,195,15,7.1429,LOCAL_BEST,4,777,8393,139661,59291,233,978,117,153.3742,128.2051,0,0,0,0,0,0
n012w8-0,n012w8,0,5,500000,100.0,adaptive,2026-07-04T12:33:52+01:00,4,1,39,86022,132,9.284275,165,180,165,15,8.3333,LOCAL_BEST,0,777,8329,139659,59644,234,727,-113,206.3274,0.0000,0,0,0,0,0,0
n012w8-0,n012w8,0,5,500000,100.0,adaptive,2026-07-04T12:33:52+01:00,4,1,39,86142,132,9.253542,150,165,150,15,9.0909,GLOBAL_BEST,0,777,8330,139850,59752,235,120,0,1250.0000,0.0000,0,0,0,0,0,0
n012w8-0,n012w8,0,5,500000,100.0,adaptive,2026-07-04T12:33:52+01:00,4,2,39,89754,144,0.000000,295,315,295,20,6.3492,LOCAL_BEST,0,777,0,148645,61722,236,3612,12,55.3710,1666.6667,0,0,0,0,0,0
n012w8-0,n012w8,0,5,500000,100.0,adaptive,2026-07-04T12:33:52+01:00,4,2,39,91834,148,0.000000,280,295,280,15,5.0847,LOCAL_BEST,0,777,0,151989,63508,237,2080,4,72.1154,3750.0000,0,0,0,0,0,0
n012w8-0,n012w8,0,5,500000,100.0,adaptive,2026-07-04T12:33:52+01:00,4,10,39,93167,261,7.620930,150,195,150,45,23.0769,LOCAL_BEST,4,777,8424,151433,66700,238,1333,113,337.5844,398.2301,0,0,0,0,0,0
n012w8-0,n012w8,0,5,500000,100.0,adaptive,2026-07-04T12:33:52+01:00,4,4,39,93642,192,7.521561,225,240,225,15,6.2500,LOCAL_BEST,1,777,8209,153649,67497,239,475,-69,315.7895,0.0000,0,0,0,0,0,0
n012w8-0,n012w8,0,5,500000,100.0,adaptive,2026-07-04T12:33:52+01:00,4,2,39,94979,155,0.000000,260,280,260,20,7.1429,LOCAL_BEST,0,777,0,156933,66216,240,1337,-37,149.5886,0.0000,0,0,0,0,0,0
n012w8-0,n012w8,0,5,500000,100.0,adaptive,2026-07-04T12:33:52+01:00,4,8,39,98021,229,0.000000,150,165,150,15,9.0909,LOCAL_BEST,3,777,0,150307,90579,241,3042,74,49.3097,202.7027,0,0,0,0,0,0
n012w8-0,n012w8,0,5,500000,100.0,adaptive,2026-07-04T12:33:52+01:00,4,8,39,98409,230,0.000000,105,150,105,45,30.0000,GLOBAL_BEST,3,777,0,150923,90925,242,388,1,1159.7938,45000.0000,0,0,0,0,0,0
n012w8-0,n012w8,0,5,500000,100.0,adaptive,2026-07-04T12:33:52+01:00,4,2,39,109680,185,0.000000,250,260,250,10,3.8462,LOCAL_BEST,0,777,0,180114,79309,243,11271,-45,8.8723,0.0000,0,0,0,0,0,0
n012w8-0,n012w8,0,5,500000,100.0,adaptive,2026-07-04T12:33:52+01:00,4,4,39,109730,224,4.822275,210,225,210,15,6.6667,LOCAL_BEST,1,777,8253,178226,82662,244,50,39,3000.0000,384.6154,0,0,0,0,0,0
n012w8-0,n012w8,0,5,500000,100.0,adaptive,2026-07-04T12:33:52+01:00,4,2,39,112842,191,0.000000,240,250,240,10,4.0000,LOCAL_BEST,0,777,0,184986,82140,245,3112,-33,32.1337,0.0000,0,0,0,0,0,0
n012w8-0,n012w8,0,5,500000,100.0,adaptive,2026-07-04T12:33:52+01:00,4,2,39,112928,191,0.000000,225,240,225,15,6.2500,LOCAL_BEST,0,777,0,185105,82214,246,86,0,1744.1860,0.0000,0,0,0,0,0,0
n012w8-0,n012w8,0,5,500000,100.0,adaptive,2026-07-04T12:33:52+01:00,4,2,39,118999,204,0.000000,210,225,210,15,6.6667,LOCAL_BEST,0,777,0,194571,87645,247,6071,13,24.7076,1153.8462,0,0,0,0,0,0
n012w8-0,n012w8,0,5,500000,100.0,adaptive,2026-07-04T12:33:52+01:00,4,5,39,119348,237,0.000000,175,180,175,5,2.7778,LOCAL_BEST,1,777,0,183538,104879,248,349,33,143.2665,151.5152,0,0,0,0,0,0
n012w8-0,n012w8,0,5,500000,100.0,adaptive,2026-07-04T12:33:52+01:00,4,2,39,128049,223,0.000000,195,210,195,15,7.1429,LOCAL_BEST,0,777,0,208391,95623,249,8701,-14,17.2394,0.0000,0,0,0,0,0,0
n012w8-0,n012w8,0,5,500000,100.0,adaptive,2026-07-04T12:33:52+01:00,4,10,39,130434,334,2.721473,135,150,135,15,10.0000,LOCAL_BEST,4,777,8446,207066,102216,250,2385,111,62.8931,135.1351,0,0,0,0,0,0
n012w8-0,n012w8,0,5,500000,100.0,adaptive,2026-07-04T12:33:52+01:00,4,1,39,136142,231,2.324320,180,150,150,0,0.0000,REHEAT,0,777,8419,214622,106226,251,5708,-103,0.0000,0.0000,0,0,0,0,0,0
n012w8-0,n012w8,0,5,500000,100.0,adaptive,2026-07-04T12:33:52+01:00,4,2,39,144995,254,0.000000,180,195,180,15,7.6923,LOCAL_BEST,0,777,0,235372,110817,252,8853,23,16.9434,652.1739,0,0,0,0,0,0
n012w8-0,n012w8,0,5,500000,100.0,adaptive,2026-07-04T12:33:52+01:00,4,2,39,146249,256,0.000000,150,180,150,30,16.6667,LOCAL_BEST,0,777,0,237315,111920,253,1254,2,239.2344,15000.0000,0,0,0,0,0,0
n012w8-0,n012w8,0,5,500000,100.0,adaptive,2026-07-04T12:33:52+01:00,4,1,39,186142,334,25.118864,610,150,150,0,0.0000,REHEAT,0,777,15917,298403,134350,254,39893,78,0.0000,0.0000,0,0,0,0,0,0
n012w8-0,n012w8,0,5,500000,100.0,adaptive,2026-07-04T12:33:52+01:00,4,1,39,236142,441,25.118864,595,150,150,0,0.0000,REHEAT,0,777,23311,382665,162795,255,50000,107,0.0000,0.0000,0,0,0,0,0,0
n012w8-0,n012w8,0,5,500000,100.0,adaptive,2026-07-04T12:33:52+01:00,4,1,39,286142,550,25.118864,715,150,150,0,0.0000,REHEAT,0,777,30881,467123,190984,256,50000,109,0.0000,0.0000,0,0,0,0,0,0
n012w8-0,n012w8,0,5,500000,100.0,adaptive,2026-07-04T12:33:52+01:00,4,1,39,336142,647,25.118864,540,150,150,0,0.0000,REHEAT,0,777,38417,551574,219404,257,50000,97,0.0000,0.0000,0,0,0,0,0,0
n012w8-0,n012w8,0,5,500000,100.0,adaptive,2026-07-04T12:33:52+01:00,4,1,39,386142,756,25.118864,480,150,150,0,0.0000,REHEAT,0,777,45891,637398,247457,258,50000,109,0.0000,0.0000,0,0,0,0,0,0
n012w8-0,n012w8,0,5,500000,100.0,adaptive,2026-07-04T12:33:52+01:00,4,1,39,436142,868,25.118864,810,150,150,0,0.0000,REHEAT,0,777,53458,723041,275725,259,50000,112,0.0000,0.0000,0,0,0,0,0,0
n012w8-0,n012w8,0,5,500000,100.0,adaptive,2026-07-04T12:33:52+01:00,4,1,39,486142,981,25.118864,510,150,150,0,0.0000,REHEAT,0,777,60922,808257,304112,260,50000,113,0.0000,0.0000,0,0,0,0,0,0
n012w8-0,n012w8,0,5,500000,100.0,adaptive,2026-07-04T12:33:52+01:00,5,1,44,1,0,100.000000,4200,4380,4200,180,4.1096,GLOBAL_BEST,0,123,0,0,0,1,1,0,1800000.0000,0.0000,0,0,0,0,0,0
n012w8-0,n012w8,0,5,500000,100.0,adaptive,2026-07-04T12:33:52+01:00,5,2,44,1,0,0.000000,4110,4380,4110,270,6.1644,GLOBAL_BEST,0,123,0,4,0,2,0,0,0.0000,0.0000,0,0,0,0,0,0
n012w8-0,n012w8,0,5,500000,100.0,adaptive,2026-07-04T12:33:52+01:00,5,3,44,2,0,0.000000,4150,4380,4150,230,5.2511,LOCAL_BEST,0,123,1,1,0,3,1,0,2300000.0000,0.0000,0,0,0,0,0,0
n012w8-0,n012w8,0,5,500000,100.0,adaptive,2026-07-04T12:33:52+01:00,5,1,44,2,0,99.997237,3910,4200,3910,290,6.9048,GLOBAL_BEST,0,123,0,5,0,4,0,0,0.0000,0.0000,0,0,0,0,0,0
n012w8-0,n012w8,0,5,500000,100.0,adaptive,2026-07-04T12:33:52+01:00,5,3,44,3,0,0.000000,4000,4150,4000,150,3.6145,LOCAL_BEST,0,123,1,1,0,5,1,0,1500000.0000,0.0000,0,0,0,0,0,0
n012w8-0,n012w8,0,5,500000,100.0,adaptive,2026-07-04T12:33:52+01:00,5,1,44,3,0,99.994474,3880,3910,3880,30,0.7673,GLOBAL_BEST,0,123,0,7,0,6,0,0,0.0000,0.0000,0,0,0,0,0,0
n012w8-0,n012w8,0,5,500000,100.0,adaptive,2026-07-04T12:33:52+01:00,5,1,44,4,0,99.991711,3790,3880,3790,90,2.3196,LOCAL_BEST,0,123,0,7,0,7,1,0,900000.0000,0.0000,0,0,0,0,0,0
n012w8-0,n012w8,0,5,500000,100.0,adaptive,2026-07-04T12:33:52+01:00,5,3,44,5,0,0.000000,3640,4000,3640,360,9.0000,GLOBAL_BEST,0,123,1,3,0,8,1,0,3600000.0000,0.0000,0,0,0,0,0,0
n012w8-0,n012w8,0,5,500000,100.0,adaptive,2026-07-04T12:33:52+01:00,5,2,44,6,0,0.000000,3720,4110,3720,390,9.4891,LOCAL_BEST,0,123,0,12,0,9,1,0,3900000.0000,0.0000,0,0,0,0,0,0
n012w8-0,n012w8,0,5,500000,100.0,adaptive,2026-07-04T12:33:52+01:00,5,3,44,6,0,0.000000,3550,3640,3550,90,2.4725,GLOBAL_BEST,0,123,1,3,0,10,0,0,0.0000,0.0000,0,0,0,0,0,0
n012w8-0,n012w8,0,5,500000,100.0,adaptive,2026-07-04T12:33:52+01:00,5,1,44,6,0,99.986185,3585,3790,3585,205,5.4090,LOCAL_BEST,0,123,0,24,0,11,0,0,0.0000,0.0000,0,0,0,0,0,0
n012w8-0,n012w8,0,5,500000,100.0,adaptive,2026-07-04T12:33:52+01:00,5,2,44,8,0,0.000000,3615,3720,3615,105,2.8226,LOCAL_BEST,0,123,0,12,0,12,2,0,525000.0000,0.0000,0,0,0,0,0,0
n012w8-0,n012w8,0,5,500000,100.0,adaptive,2026-07-04T12:33:52+01:00,5,1,44,8,0,99.980660,3255,3585,3255,330,9.2050,GLOBAL_BEST,0,123,0,24,0,13,0,0,0.0000,0.0000,0,0,0,0,0,0
n012w8-0,n012w8,0,5,500000,100.0,adaptive,2026-07-04T12:33:52+01:00,5,3,44,9,0,0.000000,3520,3550,3520,30,0.8451,LOCAL_BEST,0,123,1,10,0,14,1,0,300000.0000,0.0000,0,0,0,0,0,0
n012w8-0,n012w8,0,5,500000,100.0,adaptive,2026-07-04T12:33:52+01:00,5,2,44,9,0,0.000000,3495,3615,3495,120,3.3195,LOCAL_BEST,0,123,0,16,0,15,0,0,0.0000,0.0000,0,0,0,0,0,0
n012w8-0,n012w8,0,5,500000,100.0,adaptive,2026-07-04T12:33:52+01:00,5,1,44,9,0,99.977898,3120,3255,3120,135,4.1475,GLOBAL_BEST,0,123,0,26,0,16,0,0,0.0000,0.0000,0,0,0,0,0,0
n012w8-0,n012w8,0,5,500000,100.0,adaptive,2026-07-04T12:33:52+01:00,5,1,44,10,0,99.975135,3105,3120,3105,15,0.4808,GLOBAL_BEST,0,123,0,29,0,17,1,0,150000.0000,0.0000,0,0,0,0,0,0
n012w8-0,n012w8,0,5,500000,100.0,adaptive,2026-07-04T12:33:52+01:00,5,2,44,11,0,0.000000,3375,3495,3375,120,3.4335,LOCAL_BEST,0,123,0,20,0,18,1,0,1200000.0000,0.0000,0,0,0,0,0,0
n012w8-0,n012w8,0,5,500000,100.0,adaptive,2026-07-04T12:33:52+01:00,5,1,44,12,0,99.969610,2975,3105,2975,130,4.1868,GLOBAL_BEST,0,123,0,32,0,19,1,0,1300000.0000,0.0000,0,0,0,0,0,0
n012w8-0,n012w8,0,5,500000,100.0,adaptive,2026-07-04T12:33:52+01:00,5,3,44,13,0,0.000000,3310,3520,3310,210,5.9659,LOCAL_BEST,0,123,1,19,0,20,1,0,2100000.0000,0.0000,0,0,0,0,0,0
n012w8-0,n012w8,0,5,500000,100.0,adaptive,2026-07-04T12:33:52+01:00,5,2,44,13,0,0.000000,3185,3375,3185,190,5.6296,LOCAL_BEST,0,123,0,20,0,21,0,0,0.0000,0.0000,0,0,0,0,0,0
n012w8-0,n012w8,0,5,500000,100.0,adaptive,2026-07-04T12:33:52+01:00,5,2,44,14,0,0.000000,3035,3185,3035,150,4.7096,GLOBAL_BEST,0,123,0,21,0,22,1,0,1500000.0000,0.0000,0,0,0,0,0,0
n012w8-0,n012w8,0,5,500000,100.0,adaptive,2026-07-04T12:33:52+01:00,5,1,44,14,0,99.964086,2905,2975,2905,70,2.3529,GLOBAL_BEST,0,123,0,32,0,23,0,0,0.0000,0.0000,0,0,0,0,0,0
n012w8-0,n012w8,0,5,500000,100.0,adaptive,2026-07-04T12:33:52+01:00,5,3,44,15,0,0.000000,3190,3310,3190,120,3.6254,LOCAL_BEST,0,123,1,21,0,24,1,0,1200000.0000,0.0000,0,0,0,0,0,0
n012w8-0,n012w8,0,5,500000,100.0,adaptive,2026-07-04T12:33:52+01:00,5,1,44,15,0,99.961324,2695,2905,2695,210,7.2289,GLOBAL_BEST,0,123,0,32,0,25,0,0,0.0000,0.0000,0,0,0,0,0,0
n012w8-0,n012w8,0,5,500000,100.0,adaptive,2026-07-04T12:33:52+01:00,5,3,44,16,0,0.000000,3160,3190,3160,30,0.9404,LOCAL_BEST,0,123,1,21,0,26,1,0,300000.0000,0.0000,0,0,0,0,0,0
n012w8-0,n012w8,0,5,500000,100.0,adaptive,2026-07-04T12:33:52+01:00,5,1,44,16,0,99.958562,2515,2695,2515,180,6.6790,GLOBAL_BEST,0,123,0,32,0,27,0,0,0.0000,0.0000,0,0,0,0,0,0
n012w8-0,n012w8,0,5,500000,100.0,adaptive,2026-07-04T12:33:52+01:00,5,3,44,17,0,0.000000,3040,3160,3040,120,3.7975,LOCAL_BEST,0,123,1,21,0,28,1,0,1200000.0000,0.0000,0,0,0,0,0,0
n012w8-0,n012w8,0,5,500000,100.0,adaptive,2026-07-04T12:33:52+01:00,5,2,44,17,0,0.000000,3005,3035,3005,30,0.9885,LOCAL_BEST,0,123,0,31,0,29,0,0,0.0000,0.0000,0,0,0,0,0,0
n012w8-0,n012w8,0,5,500000,100.0,adaptive,2026-07-04T12:33:52+01:00,5,1,44,18,0,99.953038,2500,2515,2500,15,0.5964,GLOBAL_BEST,0,123,1,37,0,30,1,0,150000.0000,0.0000,0,0,0,0,0,0
n012w8-0,n012w8,0,5,500000,100.0,adaptive,2026-07-04T12:33:52+01:00,5,2,44,20,0,0.000000,2975,3005,2975,30,0.9983,LOCAL_BEST,0,123,0,42,0,31,2,0,150000.0000,0.0000,0,0,0,0,0,0
n012w8-0,n012w8,0,5,500000,100.0,adaptive,2026-07-04T12:33:52+01:00,5,1,44,21,0,99.944753,2365,2500,2365,135,5.4000,GLOBAL_BEST,0,123,1,41,1,32,1,0,1350000.0000,0.0000,0,0,0,0,0,0
n012w8-0,n012w8,0,5,500000,100.0,adaptive,2026-07-04T12:33:52+01:00,5,5,44,21,59,0.000000,695,710,695,15,2.1127,GLOBAL_BEST,1,123,0,17,18,33,0,59,0.0000,254.2373,0,0,0,0,0,0
n012w8-0,n012w8,0,5,500000,100.0,adaptive,2026-07-04T12:33:52+01:00,5,3,44,23,0,0.000000,2965,3040,2965,75,2.4671,LOCAL_BEST,0,123,4,27,0,34,2,-59,375000.0000,0.0000,0,0,0,0,0,0
n012w8-0,n012w8,0,5,500000,100.0,adaptive,2026-07-04T12:33:52+01:00,5,1,44,23,0,99.939230,2215,2365,2215,150,6.3425,GLOBAL_BEST,0,123,1,45,1,35,0,0,0.0000,0.0000,0,0,0,0,0,0
n012w8-0,n012w8,0,5,500000,100.0,adaptive,2026-07-04T12:33:52+01:00,5,3,44,24,0,0.000000,2950,2965,2950,15,0.5059,LOCAL_BEST,0,123,4,28,0,36,1,0,150000.0000,0.0000,0,0,0,0,0,0
n012w8-0,n012w8,0,5,500000,100.0,adaptive,2026-07-04T12:33:52+01:00,5,1,44,24,0,99.936469,2155,2215,2155,60,2.7088,GLOBAL_BEST,0,123,1,45,1,37,0,0,0.0000,0.0000,0,0,0,0,0,0
n012w8-0,n012w8,0,5,500000,100.0,adaptive,2026-07-04T12:33:52+01:00,5,3,44,25,0,0.000000,2830,2950,2830,120,4.0678,LOCAL_BEST,0,123,4,29,0,38,1,0,1200000.0000,0.0000,0,0,0,0,0,0
n012w8-0,n012w8,0,5,500000,100.0,adaptive,2026-07-04T12:33:52+01:00,5,3,44,26,0,0.000000,2740,2830,2740,90,3.1802,LOCAL_BEST,0,123,4,29,0,39,1,0,900000.0000,0.0000,0,0,0,0,0,0
n012w8-0,n012w8,0,5,500000,100.0,adaptive,2026-07-04T12:33:52+01:00,5,2,44,27,0,0.000000,2635,2975,2635,340,11.4286,LOCAL_BEST,0,123,0,52,0,40,1,0,3400000.0000,0.0000,0,0,0,0,0,0
n012w8-0,n012w8,0,5,500000,100.0,adaptive,2026-07-04T12:33:52+01:00,5,3,44,27,0,0.000000,2660,2740,2660,80,2.9197,LOCAL_BEST,0,123,4,32,0,41,0,0,0.0000,0.0000,0,0,0,0,0,0
n012w8-0,n012w8,0,5,500000,100.0,adaptive,2026-07-04T12:33:52+01:00,5,1,44,27,0,99.928185,2140,2155,2140,15,0.6961,GLOBAL_BEST,0,123,1,49,3,42,0,0,0.0000,0.0000,0,0,0,0,0,0
n012w8-0,n012w8,0,5,500000,100.0,adaptive,2026-07-04T12:33:52+01:00,5,3,44,28,0,0.000000,2530,2660,2530,130,4.8872,LOCAL_BEST,0,123,4,32,0,43,1,0,1300000.0000,0.0000,0,0,0,0,0,0
n012w8-0,n012w8,0,5,500000,100.0,adaptive,2026-07-04T12:33:52+01:00,5,1,44,29,0,99.922663,1990,2140,1990,150,7.0093,GLOBAL_BEST,0,123,1,54,4,44,1,0,1500000.0000,0.0000,0,0,0,0,0,0
n012w8-0,n012w8,0,5,500000,100.0,adaptive,2026-07-04T12:33:52+01:00,5,1,44,34,0,99.908859,1985,1990,1985,5,0.2513,GLOBAL_BEST,0,123,3,69,6,45,5,0,10000.0000,0.0000,0,0,0,0,0,0
n012w8-0,n012w8,0,5,500000,100.0,adaptive,2026-07-04T12:33:52+01:00,5,3,44,35,0,0.000000,2335,2530,2335,195,7.7075,LOCAL_BEST,0,123,7,43,0,46,1,0,1950000.0000,0.0000,0,0,0,0,0,0
n012w8-0,n012w8,0,5,500000,100.0,adaptive,2026-07-04T12:33:52+01:00,5,2,44,37,0,0.000000,2420,2635,2420,215,8.1594,LOCAL_BEST,0,123,0,71,0,47,2,0,1075000.0000,0.0000,0,0,0,0,0,0
n012w8-0,n012w8,0,5,500000,100.0,adaptive,2026-07-04T12:33:52+01:00,5,5,44,37,59,0.000000,680,695,680,15,2.1583,GLOBAL_BEST,1,123,0,39,30,48,0,59,0.0000,254.2373,0,0,0,0,0,0
n012w8-0,n012w8,0,5,500000,100.0,adaptive,2026-07-04T12:33:52+01:00,5,1,44,40,0,99.892297,1875,1985,1875,110,5.5416,GLOBAL_BEST,0,123,3,75,8,49,3,-59,366666.6667,0.0000,0,0,0,0,0,0
n012w8-0,n012w8,0,5,500000,100.0,adaptive,2026-07-04T12:33:52+01:00,5,1,44,42,0,99.886777,1830,1875,1830,45,2.4000,GLOBAL_BEST,0,123,3,80,9,50,2,0,225000.0000,0.0000,0,0,0,0,0,0
n012w8-0,n012w8,0,5,500000,100.0,adaptive,2026-07-04T12:33:52+01:00,5,2,44,43,0,0.000000,2240,2420,2240,180,7.4380,LOCAL_BEST,0,123,0,79,0,51,1,0,1800000.0000,0.0000,0,0,0,0,0,0
n012w8-0,n012w8,0,5,500000,100.0,adaptive,2026-07-04T12:33:52+01:00,5,2,44,44,0,0.000000,2180,2240,2180,60,2.6786,LOCAL_BEST,0,123,0,84,0,52,1,0,600000.0000,0.0000,0,0,0,0,0,0
n012w8-0,n012w8,0,5,500000,100.0,adaptive,2026-07-04T12:33:52+01:00,5,2,44,45,0,0.000000,2045,2180,2045,135,6.1927,LOCAL_BEST,0,123,0,85,0,53,1,0,1350000.0000,0.0000,0,0,0,0,0,0
n012w8-0,n012w8,0,5,500000,100.0,adaptive,2026-07-04T12:33:52+01:00,5,1,44,45,0,99.878497,1745,1830,1745,85,4.6448,GLOBAL_BEST,0,123,4,82,10,54,0,0,0.0000,0.0000,0,0,0,0,0,0
n012w8-0,n012w8,0,5,500000,100.0,adaptive,2026-07-04T12:33:52+01:00,5,2,44,48,0,0.000000,1970,2045,1970,75,3.6675,GLOBAL_BEST,0,123,0,88,0,55,3,0,250000.0000,0.0000,0,0,0,0,0,0
n012w8-0,n012w8,0,5,500000,100.0,adaptive,2026-07-04T12:33:52+01:00,5,1,44,48,0,99.870218,1700,1745,1700,45,2.5788,GLOBAL_BEST,0,123,4,88,11,56,0,0,0.0000,0.0000,0,0,0,0,0,0
n012w8-0,n012w8,0,5,500000,100.0,adaptive,2026-07-04T12:33:52+01:00,5,2,44,49,0,0.000000,1965,1970,1965,5,0.2538,GLOBAL_BEST,0,123,0,90,0,57,1,0,50000.0000,0.0000,0,0,0,0,0,0
n012w8-0,n012w8,0,5,500000,100.0,adaptive,2026-07-04T12:33:52+01:00,5,1,44,56,0,99.848145,1680,1700,1680,20,1.1765,GLOBAL_BEST,0,123,7,110,12,58,7,0,28571.4286,0.0000,0,0,0,0,0,0
n012w8-0,n012w8,0,5,500000,100.0,adaptive,2026-07-04T12:33:52+01:00,5,1,44,59,0,99.839868,1665,1680,1665,15,0.8929,GLOBAL_BEST,0,123,7,116,14,59,3,0,50000.0000,0.0000,0,0,0,0,0,0
n012w8-0,n012w8,0,5,500000,100.0,adaptive,2026-07-04T12:33:52+01:00,5,1,44,60,0,99.837110,1635,1665,1635,30,1.8018,GLOBAL_BEST,0,123,7,117,14,60,1,0,300000.0000,0.0000,0,0,0,0,0,0
n012w8-0,n012w8,0,5,500000,100.0,adaptive,2026-07-04T12:33:52+01:00,5,1,44,61,0,99.834351,1575,1635,1575,60,3.6697,GLOBAL_BEST,0,123,7,120,14,61,1,0,600000.0000,0.0000,0,0,0,0,0,0
n012w8-0,n012w8,0,5,500000,100.0,adaptive,2026-07-04T12:33:52+01:00,5,1,44,63,0,99.828834,1365,1575,1365,210,13.3333,GLOBAL_BEST,0,123,7,124,15,62,2,0,1050000.0000,0.0000,0,0,0,0,0,0
n012w8-0,n012w8,0,5,500000,100.0,adaptive,2026-07-04T12:33:52+01:00,5,1,44,66,1,99.820560,1295,1365,1295,70,5.1282,GLOBAL_BEST,0,123,7,131,17,63,3,1,233333.3333,70000.0000,0,0,0,0,0,0
n012w8-0,n012w8,0,5,500000,100.0,adaptive,2026-07-04T12:33:52+01:00,5,3,44,87,0,0.000000,2250,2335,2250,85,3.6403,LOCAL_BEST,0,123,27,150,4,64,21,-1,40476.1905,0.0000,0,0,0,0,0,0
n012w8-0,n012w8,0,5,500000,100.0,adaptive,2026-07-04T12:33:52+01:00,5,5,44,89,59,0.000000,655,680,655,25,3.6765,GLOBAL_BEST,1,123,0,121,72,65,2,59,125000.0000,423.7288,0,0,0,0,0,0
n012w8-0,n012w8,0,5,500000,100.0,adaptive,2026-07-04T12:33:52+01:00,5,3,44,96,1,0.000000,2240,2250,2240,10,0.4444,LOCAL_BEST,0,123,30,167,4,66,7,-58,14285.7143,0.0000,0,0,0,0,0,0
n012w8-0,n012w8,0,5,500000,100.0,adaptive,2026-07-04T12:33:52+01:00,5,3,44,97,1,0.000000,2090,2240,2090,150,6.6964,LOCAL_BEST,0,123,30,167,4,67,1,0,1500000.0000,0.0000,0,0,0,0,0,0
n012w8-0,n012w8,0,5,500000,100.0,adaptive,2026-07-04T12:33:52+01:00,5,3,44,101,1,0.000000,2045,2090,2045,45,2.1531,LOCAL_BEST,0,123,32,172,4,68,4,0,112500.0000,0.0000,0,0,0,0,0,0
n012w8-0,n012w8,0,5,500000,100.0,adaptive,2026-07-04T12:33:52+01:00,5,2,44,135,1,0.000000,1920,1965,1920,45,2.2901,LOCAL_BEST,0,123,0,236,0,69,34,0,13235.2941,0.0000,0,0,0,0,0,0
n012w8-0,n012w8,0,5,500000,100.0,adaptive,2026-07-04T12:33:52+01:00,5,5,44,148,59,0.000000,635,655,635,20,3.0534,GLOBAL_BEST,1,123,0,203,119,70,13,58,15384.6154,344.8276,0,0,0,0,0,0
n012w8-0,n012w8,0,5,500000,100.0,adaptive,2026-07-04T12:33:52+01:00,5,2,44,166,1,0.000000,1915,1920,1915,5,0.2604,LOCAL_BEST,0,123,0,282,0,71,18,-58,2777.7778,0.0000,0,0,0,0,0,0
n012w8-0,n012w8,0,5,500000,100.0,adaptive,2026-07-04T12:33:52+01:00,5,3,44,221,1,0.000000,1885,2045,1885,160,7.8240,LOCAL_BEST,0,123,75,409,11,72,55,0,29090.9091,0.0000,0,0,0,0,0,0
n012w8-0,n012w8,0,5,500000,100.0,adaptive,2026-07-04T12:33:52+01:00,5,3,44,222,1,0.000000,1825,1885,1825,60,3.1830,LOCAL_BEST,0,123,75,409,11,73,1,0,600000.0000,0.0000,0,0,0,0,0,0
n012w8-0,n012w8,0,5,500000,100.0,adaptive,2026-07-04T12:33:52+01:00,5,1,44,240,1,99.341794,1250,1295,1250,45,3.4749,GLOBAL_BEST,0,123,46,405,97,74,18,0,25000.0000,0.0000,0,0,0,0,0,0
n012w8-0,n012w8,0,5,500000,100.0,adaptive,2026-07-04T12:33:52+01:00,5,1,44,251,1,99.311605,1220,1250,1220,30,2.4000,GLOBAL_BEST,0,123,49,420,101,75,11,0,27272.7273,0.0000,0,0,0,0,0,0
n012w8-0,n012w8,0,5,500000,100.0,adaptive,2026-07-04T12:33:52+01:00,5,2,44,276,1,0.000000,1855,1915,1855,60,3.1332,LOCAL_BEST,0,123,0,510,0,76,25,0,24000.0000,0.0000,0,0,0,0,0,0
n012w8-0,n012w8,0,5,500000,100.0,adaptive,2026-07-04T12:33:52+01:00,5,8,44,368,112,0.000000,420,435,420,15,3.4483,GLOBAL_BEST,3,123,0,481,351,77,92,111,1630.4348,135.1351,0,0,0,0,0,0
n012w8-0,n012w8,0,5,500000,100.0,adaptive,2026-07-04T12:33:52+01:00,5,3,44,412,1,0.000000,1785,1825,1785,40,2.1918,LOCAL_BEST,0,123,153,704,21,78,44,-111,9090.9091,0.0000,0,0,0,0,0,0
n012w8-0,n012w8,0,5,500000,100.0,adaptive,2026-07-04T12:33:52+01:00,5,5,44,615,60,0.000000,625,635,625,10,1.5748,GLOBAL_BEST,1,123,0,869,503,79,203,59,492.6108,169.4915,0,0,0,0,0,0
n012w8-0,n012w8,0,5,500000,100.0,adaptive,2026-07-04T12:33:52+01:00,5,2,44,703,1,0.000000,1820,1855,1820,35,1.8868,LOCAL_BEST,0,123,0,1378,0,80,88,-59,3977.2727,0.0000,0,0,0,0,0,0
n012w8-0,n012w8,0,5,500000,100.0,adaptive,2026-07-04T12:33:52+01:00,5,2,44,757,1,0.000000,1760,1820,1760,60,3.2967,LOCAL_BEST,0,123,0,1473,0,81,54,0,11111.1111,0.0000,0,0,0,0,0,0
n012w8-0,n012w8,0,5,500000,100.0,adaptive,2026-07-04T12:33:52+01:00,5,2,44,760,1,0.000000,1755,1760,1755,5,0.2841,LOCAL_BEST,0,123,0,1486,0,82,3,0,16666.6667,0.0000,0,0,0,0,0,0
n012w8-0,n012w8,0,5,500000,100.0,adaptive,2026-07-04T12:33:52+01:00,5,2,44,922,1,0.000000,1720,1755,1720,35,1.9943,LOCAL_BEST,0,123,0,1785,0,83,162,0,2160.4938,0.0000,0,0,0,0,0,0
n012w8-0,n012w8,0,5,500000,100.0,adaptive,2026-07-04T12:33:52+01:00,5,2,44,923,1,0.000000,1705,1720,1705,15,0.8721,LOCAL_BEST,0,123,0,1787,0,84,1,0,150000.0000,0.0000,0,0,0,0,0,0
n012w8-0,n012w8,0,5,500000,100.0,adaptive,2026-07-04T12:33:52+01:00,5,2,44,924,1,0.000000,1700,1705,1700,5,0.2933,LOCAL_BEST,0,123,0,1787,0,85,1,0,50000.0000,0.0000,0,0,0,0,0,0
n012w8-0,n012w8,0,5,500000,100.0,adaptive,2026-07-04T12:33:52+01:00,5,2,44,925,1,0.000000,1565,1700,1565,135,7.9412,LOCAL_BEST,0,123,0,1788,0,86,1,0,1350000.0000,0.0000,0,0,0,0,0,0
n012w8-0,n012w8,0,5,500000,100.0,adaptive,2026-07-04T12:33:52+01:00,5,8,44,926,113,0.000000,405,420,405,15,3.5714,LOCAL_BEST,3,123,0,1338,878,87,1,112,150000.0000,133.9286,0,0,0,0,0,0
n012w8-0,n012w8,0,5,500000,100.0,adaptive,2026-07-04T12:33:52+01:00,5,5,44,1023,60,0.000000,610,625,610,15,2.4000,GLOBAL_BEST,1,123,0,1500,848,88,97,-53,1546.3918,0.0000,0,0,0,0,0,0
n012w8-0,n012w8,0,5,500000,100.0,adaptive,2026-07-04T12:33:52+01:00,5,5,44,1672,61,0.000000,595,610,595,15,2.4590,GLOBAL_BEST,1,123,0,2432,1371,89,649,1,231.1248,15000.0000,0,0,0,0,0,0
n012w8-0,n012w8,0,5,500000,100.0,adaptive,2026-07-04T12:33:52+01:00,5,8,44,1990,115,0.000000,390,405,390,15,3.7037,GLOBAL_BEST,3,123,0,2928,1846,90,318,54,471.6981,277.7778,0,0,0,0,0,0
n012w8-0,n012w8,0,5,500000,100.0,adaptive,2026-07-04T12:33:52+01:00,5,3,44,1997,3,0.000000,1720,1785,1720,65,3.6415,LOCAL_BEST,0,123,750,3559,96,91,7,-112,92857.1429,0.0000,0,0,0,0,0,0
n012w8-0,n012w8,0,5,500000,100.0,adaptive,2026-07-04T12:33:52+01:00,5,3,44,2003,3,0.000000,1635,1720,1635,85,4.9419,LOCAL_BEST,0,123,753,3576,96,92,6,0,141666.6667,0.0000,0,0,0,0,0,0
n012w8-0,n012w8,0,5,500000,100.0,adaptive,2026-07-04T12:33:52+01:00,5,3,44,2004,3,0.000000,1425,1635,1425,210,12.8440,LOCAL_BEST,0,123,753,3578,96,93,1,0,2100000.0000,0.0000,0,0,0,0,0,0
n012w8-0,n012w8,0,5,500000,100.0,adaptive,2026-07-04T12:33:52+01:00,5,5,44,2009,61,0.000000,580,595,580,15,2.5210,GLOBAL_BEST,1,123,0,2876,1653,94,5,58,30000.0000,258.6207,0,0,0,0,0,0
n012w8-0,n012w8,0,5,500000,100.0,adaptive,2026-07-04T12:33:52+01:00,5,5,44,2022,61,0.000000,565,580,565,15,2.5862,GLOBAL_BEST,1,123,0,2896,1660,95,13,0,11538.4615,0.0000,0,0,0,0,0,0
n012w8-0,n012w8,0,5,500000,100.0,adaptive,2026-07-04T12:33:52+01:00,5,5,44,2025,61,0.000000,550,565,550,15,2.6549,GLOBAL_BEST,1,123,0,2897,1662,96,3,0,50000.0000,0.0000,0,0,0,0,0,0
n012w8-0,n012w8,0,5,500000,100.0,adaptive,2026-07-04T12:33:52+01:00,5,2,44,2150,3,0.000000,1480,1565,1480,85,5.4313,LOCAL_BEST,0,123,0,3950,210,97,125,-58,6800.0000,0.0000,0,0,0,0,0,0
n012w8-0,n012w8,0,5,500000,100.0,adaptive,2026-07-04T12:33:52+01:00,5,2,44,3550,6,0.000000,1450,1480,1450,30,2.0270,LOCAL_BEST,0,123,0,6315,538,98,1400,3,214.2857,10000.0000,0,0,0,0,0,0
n012w8-0,n012w8,0,5,500000,100.0,adaptive,2026-07-04T12:33:52+01:00,5,2,44,3551,6,0.000000,1420,1450,1420,30,2.0690,LOCAL_BEST,0,123,0,6317,538,99,1,0,300000.0000,0.0000,0,0,0,0,0,0
n012w8-0,n012w8,0,5,500000,100.0,adaptive,2026-07-04T12:33:52+01:00,5,1,44,3614,6,90.499046,1070,1220,1070,150,12.2951,GLOBAL_BEST,0,123,900,6311,1191,100,63,0,23809.5238,0.0000,0,0,0,0,0,0
n012w8-0,n012w8,0,5,500000,100.0,adaptive,2026-07-04T12:33:52+01:00,5,1,44,3619,6,90.486544,1010,1070,1010,60,5.6075,GLOBAL_BEST,0,123,901,6324,1193,101,5,0,120000.0000,0.0000,0,0,0,0,0,0
n012w8-0,n012w8,0,5,500000,100.0,adaptive,2026-07-04T12:33:52+01:00,5,1,44,3621,6,90.481543,960,1010,960,50,4.9505,GLOBAL_BEST,0,123,901,6324,1193,102,2,0,250000.0000,0.0000,0,0,0,0,0,0
n012w8-0,n012w8,0,5,500000,100.0,adaptive,2026-07-04T12:33:52+01:00,5,2,44,4399,7,0.000000,1415,1420,1415,5,0.3521,LOCAL_BEST,0,123,0,7922,770,103,778,1,64.2674,5000.0000,0,0,0,0,0,0
n012w8-0,n012w8,0,5,500000,100.0,adaptive,2026-07-04T12:33:52+01:00,5,2,44,4417,7,0.000000,1315,1415,1315,100,7.0671,LOCAL_BEST,0,123,0,7957,771,104,18,0,55555.5556,0.0000,0,0,0,0,0,0
n012w8-0,n012w8,0,5,500000,100.0,adaptive,2026-07-04T12:33:52+01:00,5,5,44,4613,66,0.000000,540,550,540,10,1.8182,GLOBAL_BEST,1,123,0,6721,3837,105,196,59,510.2041,169.4915,0,0,0,0,0,0
n012w8-0,n012w8,0,5,500000,100.0,adaptive,2026-07-04T12:33:52+01:00,5,5,44,5023,66,0.000000,530,540,530,10,1.8519,GLOBAL_BEST,1,123,0,7296,4159,106,410,0,243.9024,0.0000,0,0,0,0,0,0
n012w8-0,n012w8,0,5,500000,100.0,adaptive,2026-07-04T12:33:52+01:00,5,2,44,6256,10,0.000000,1250,1315,1250,65,4.9430,LOCAL_BEST,0,123,0,11097,1347,107,1233,-56,527.1695,0.0000,0,0,0,0,0,0
n012w8-0,n012w8,0,5,500000,100.0,adaptive,2026-07-04T12:33:52+01:00,5,2,44,6742,11,0.000000,1215,1250,1215,35,2.8000,LOCAL_BEST,0,123,0,11967,1514,108,486,1,720.1646,35000.0000,0,0,0,0,0,0
n012w8-0,n012w8,0,5,500000,100.0,adaptive,2026-07-04T12:33:52+01:00,5,2,44,6937,11,0.000000,1175,1215,1175,40,3.2922,LOCAL_BEST,0,123,0,12327,1590,109,195,0,2051.2821,0.0000,0,0,0,0,0,0
n012w8-0,n012w8,0,5,500000,100.0,adaptive,2026-07-04T12:33:52+01:00,5,2,44,7484,11,0.000000,1080,1175,1080,95,8.0851,LOCAL_BEST,0,123,0,13234,1790,110,547,0,1736.7459,0.0000,0,0,0,0,0,0
n012w8-0,n012w8,0,5,500000,100.0,adaptive,2026-07-04T12:33:52+01:00,5,5,44,7762,70,0.000000,520,530,520,10,1.8868,GLOBAL_BEST,1,123,0,11553,6461,111,278,59,359.7122,169.4915,0,0,0,0,0,0
n012w8-0,n012w8,0,5,500000,100.0,adaptive,2026-07-04T12:33:52+01:00,5,1,44,11115,18,73.558354,945,960,945,15,1.5625,GLOBAL_BEST,0,123,2537,19195,4225,112,3353,-52,44.7361,0.0000,0,0,0,0,0,0
n012w8-0,n012w8,0,5,500000,100.0,adaptive,2026-07-04T12:33:52+01:00,5,1,44,11117,18,73.554289,915,945,915,30,3.1746,GLOBAL_BEST,0,123,2537,19195,4226,113,2,0,150000.0000,0.0000,0,0,0,0,0,0
n012w8-0,n012w8,0,5,500000,100.0,adaptive,2026-07-04T12:33:52+01:00,5,2,44,12145,21,0.000000,1025,1080,1025,55,5.0926,LOCAL_BEST,0,123,0,21156,3957,114,1028,3,535.0195,18333.3333,0,0,0,0,0,0
n012w8-0,n012w8,0,5,500000,100.0,adaptive,2026-07-04T12:33:52+01:00,5,2,44,12273,21,0.000000,1000,1025,1000,25,2.4390,LOCAL_BEST,0,123,0,21372,4025,115,128,0,1953.1250,0.0000,0,0,0,0,0,0
n012w8-0,n012w8,0,5,500000,100.0,adaptive,2026-07-04T12:33:52+01:00,5,8,44,12502,129,0.000000,385,390,385,5,1.2821,GLOBAL_BEST,3,123,0,18877,11638,116,229,108,218.3406,46.2963,0,0,0,0,0,0
n012w8-0,n012w8,0,5,500000,100.0,adaptive,2026-07-04T12:33:52+01:00,5,3,44,16327,27,0.000000,1415,1425,1415,10,0.7018,LOCAL_BEST,0,123,6138,29418,692,117,3825,-102,26.1438,0.0000,0,0,0,0,0,0
n012w8-0,n012w8,0,5,500000,100.0,adaptive,2026-07-04T12:33:52+01:00,5,1,44,16648,27,63.130031,905,915,905,10,1.0929,GLOBAL_BEST,0,123,3638,28735,6682,118,321,0,311.5265,0.0000,0,0,0,0,0,0
n012w8-0,n012w8,0,5,500000,100.0,adaptive,2026-07-04T12:33:52+01:00,5,1,44,16716,27,63.011526,885,905,885,20,2.2099,GLOBAL_BEST,0,123,3648,28860,6716,119,68,0,2941.1765,0.0000,0,0,0,0,0,0
n012w8-0,n012w8,0,5,500000,100.0,adaptive,2026-07-04T12:33:52+01:00,5,1,44,16719,27,63.006303,870,885,870,15,1.6949,GLOBAL_BEST,0,123,3648,28866,6718,120,3,0,50000.0000,0.0000,0,0,0,0,0,0
n012w8-0,n012w8,0,5,500000,100.0,adaptive,2026-07-04T12:33:52+01:00,5,1,44,16737,27,62.974974,765,870,765,105,12.0690,GLOBAL_BEST,0,123,3650,28888,6730,121,18,0,58333.3333,0.0000,0,0,0,0,0,0
n012w8-0,n012w8,0,5,500000,100.0,adaptive,2026-07-04T12:33:52+01:00,5,1,44,16760,27,62.934966,740,765,740,25,3.2680,GLOBAL_BEST,0,123,3652,28913,6745,122,23,0,10869.5652,0.0000,0,0,0,0,0,0
n012w8-0,n012w8,0,5,500000,100.0,adaptive,2026-07-04T12:33:52+01:00,5,2,44,17179,28,0.000000,965,1000,965,35,3.5000,LOCAL_BEST,0,123,0,29719,6725,123,419,1,835.3222,35000.0000,0,0,0,0,0,0
n012w8-0,n012w8,0,5,500000,100.0,adaptive,2026-07-04T12:33:52+01:00,5,8,44,18700,137,0.000000,375,385,375,10,2.5974,GLOBAL_BEST,3,123,0,28143,17437,124,1521,109,65.7462,91.7431,0,0,0,0,0,0
n012w8-0,n012w8,0,5,500000,100.0,adaptive,2026-07-04T12:33:52+01:00,5,2,44,19509,32,0.000000,950,965,950,15,1.5544,LOCAL_BEST,0,123,0,33622,8084,125,809,-105,185.4141,0.0000,0,0,0,0,0,0
n012w8-0,n012w8,0,5,500000,100.0,adaptive,2026-07-04T12:33:52+01:00,5,5,44,19620,94,0.000000,505,520,505,15,2.8846,GLOBAL_BEST,1,123,0,29419,16914,126,111,62,1351.3514,241.9355,0,0,0,0,0,0
n012w8-0,n012w8,0,5,500000,100.0,adaptive,2026-07-04T12:33:52+01:00,5,5,44,19651,94,0.000000,495,505,495,10,1.9802,GLOBAL_BEST,1,123,0,29477,16939,127,31,0,3225.8065,0.0000,0,0,0,0,0,0
n012w8-0,n012w8,0,5,500000,100.0,adaptive,2026-07-04T12:33:52+01:00,5,5,44,22898,98,0.000000,460,495,460,35,7.0707,GLOBAL_BEST,1,123,0,34872,19797,128,3247,4,107.7918,8750.0000,0,0,0,0,0,0
n012w8-0,n012w8,0,5,500000,100.0,adaptive,2026-07-04T12:33:52+01:00,5,2,44,23438,38,0.000000,945,950,945,5,0.5263,LOCAL_BEST,0,123,0,39928,10457,129,540,-60,92.5926,0.0000,0,0,0,0,0,0
n012w8-0,n012w8,0,5,500000,100.0,adaptive,2026-07-04T12:33:52+01:00,5,2,44,23439,38,0.000000,915,945,915,30,3.1746,LOCAL_BEST,0,123,0,39935,10457,130,1,0,300000.0000,0.0000,0,0,0,0,0,0
n012w8-0,n012w8,0,5,500000,100.0,adaptive,2026-07-04T12:33:52+01:00,5,2,44,24283,40,0.000000,910,915,910,5,0.5464,LOCAL_BEST,0,123,0,41421,10952,131,844,2,59.2417,2500.0000,0,0,0,0,0,0
n012w8-0,n012w8,0,5,500000,100.0,adaptive,2026-07-04T12:33:52+01:00,5,2,44,24284,40,0.000000,890,910,890,20,2.1978,LOCAL_BEST,0,123,0,41425,10952,132,1,0,200000.0000,0.0000,0,0,0,0,0,0
n012w8-0,n012w8,0,5,500000,100.0,adaptive,2026-07-04T12:33:52+01:00,5,2,44,24450,40,0.000000,865,890,865,25,2.8090,LOCAL_BEST,0,123,0,41707,11061,133,166,0,1506.0241,0.0000,0,0,0,0,0,0
n012w8-0,n012w8,0,5,500000,100.0,adaptive,2026-07-04T12:33:52+01:00,5,2,44,25061,41,0.000000,855,865,855,10,1.1561,LOCAL_BEST,0,123,0,42708,11415,134,611,1,163.6661,10000.0000,0,0,0,0,0,0
n012w8-0,n012w8,0,5,500000,100.0,adaptive,2026-07-04T12:33:52+01:00,5,2,44,26432,43,0.000000,820,855,820,35,4.0936,LOCAL_BEST,0,123,0,45018,12319,135,1371,2,255.2881,17500.0000,0,0,0,0,0,0
n012w8-0,n012w8,0,5,500000,100.0,adaptive,2026-07-04T12:33:52+01:00,5,2,44,26490,43,0.000000,755,820,755,65,7.9268,LOCAL_BEST,0,123,0,45126,12356,136,58,0,11206.8966,0.0000,0,0,0,0,0,0
n012w8-0,n012w8,0,5,500000,100.0,adaptive,2026-07-04T12:33:52+01:00,5,3,44,30710,53,0.000000,1350,1415,1350,65,4.5936,LOCAL_BEST,0,123,11573,55595,1252,137,4220,10,154.0284,6500.0000,0,0,0,0,0,0
n012w8-0,n012w8,0,5,500000,100.0,adaptive,2026-07-04T12:33:52+01:00,5,3,44,30712,53,0.000000,1305,1350,1305,45,3.3333,LOCAL_BEST,0,123,11573,55595,1253,138,2,0,225000.0000,0.0000,0,0,0,0,0,0
n012w8-0,n012w8,0,5,500000,100.0,adaptive,2026-07-04T12:33:52+01:00,5,3,44,30714,53,0.000000,1275,1305,1275,30,2.2989,LOCAL_BEST,0,123,11573,55596,1253,139,2,0,150000.0000,0.0000,0,0,0,0,0,0
n012w8-0,n012w8,0,5,500000,100.0,adaptive,2026-07-04T12:33:52+01:00,5,3,44,30718,53,0.000000,1260,1275,1260,15,1.1765,LOCAL_BEST,0,123,11574,55598,1253,140,4,0,37500.0000,0.0000,0,0,0,0,0,0
n012w8-0,n012w8,0,5,500000,100.0,adaptive,2026-07-04T12:33:52+01:00,5,1,44,34861,59,38.166295,710,740,710,30,4.0541,GLOBAL_BEST,0,123,6379,58646,17119,141,4143,6,72.4113,5000.0000,0,0,0,0,0,0
n012w8-0,n012w8,0,5,500000,100.0,adaptive,2026-07-04T12:33:52+01:00,5,4,44,35527,126,37.470372,705,710,705,5,0.7042,LOCAL_BEST,1,123,6485,59284,17847,142,666,67,75.0751,74.6269,0,0,0,0,0,0
n012w8-0,n012w8,0,5,500000,100.0,adaptive,2026-07-04T12:33:52+01:00,5,1,44,36275,60,36.703882,700,710,700,10,1.4085,LOCAL_BEST,0,123,6520,60905,18127,143,748,-66,133.6898,0.0000,0,0,0,0,0,0
n012w8-0,n012w8,0,5,500000,100.0,adaptive,2026-07-04T12:33:52+01:00,5,1,44,36281,60,36.697798,625,700,625,75,10.7143,LOCAL_BEST,0,123,6520,60912,18130,144,6,0,125000.0000,0.0000,0,0,0,0,0,0
n012w8-0,n012w8,0,5,500000,100.0,adaptive,2026-07-04T12:33:52+01:00,5,1,44,36320,60,36.658273,610,625,610,15,2.4000,LOCAL_BEST,0,123,6521,60992,18163,145,39,0,3846.1538,0.0000,0,0,0,0,0,0
n012w8-0,n012w8,0,5,500000,100.0,adaptive,2026-07-04T12:33:52+01:00,5,5,44,39525,122,0.000000,450,460,450,10,2.1739,LOCAL_BEST,1,123,0,59920,34778,146,3205,62,31.2012,161.2903,0,0,0,0,0,0
n012w8-0,n012w8,0,5,500000,100.0,adaptive,2026-07-04T12:33:52+01:00,5,4,44,40333,135,32.810738,695,705,695,10,1.4184,LOCAL_BEST,1,123,7006,67273,21100,147,808,13,123.7624,769.2308,0,0,0,0,0,0
n012w8-0,n012w8,0,5,500000,100.0,adaptive,2026-07-04T12:33:52+01:00,5,4,44,40335,135,32.808925,680,695,680,15,2.1583,LOCAL_BEST,1,123,7006,67276,21101,148,2,0,75000.0000,0.0000,0,0,0,0,0,0
n012w8-0,n012w8,0,5,500000,100.0,adaptive,2026-07-04T12:33:52+01:00,5,4,44,40343,135,32.801673,665,680,665,15,2.2059,LOCAL_BEST,1,123,7006,67289,21107,149,8,0,18750.0000,0.0000,0,0,0,0,0,0
n012w8-0,n012w8,0,5,500000,100.0,adaptive,2026-07-04T12:33:52+01:00,5,2,44,40374,65,0.000000,750,755,750,5,0.6623,LOCAL_BEST,0,123,0,67664,22418,150,31,-70,1612.9032,0.0000,0,0,0,0,0,0
n012w8-0,n012w8,0,5,500000,100.0,adaptive,2026-07-04T12:33:52+01:00,5,2,44,40414,66,0.000000,740,750,740,10,1.3333,LOCAL_BEST,0,123,0,67720,22446,151,40,1,2500.0000,10000.0000,0,0,0,0,0,0
n012w8-0,n012w8,0,5,500000,100.0,adaptive,2026-07-04T12:33:52+01:00,5,4,44,40433,136,32.720204,605,665,605,60,9.0226,LOCAL_BEST,1,123,7015,67473,21167,152,19,70,31578.9474,857.1429,0,0,0,0,0,0
n012w8-0,n012w8,0,5,500000,100.0,adaptive,2026-07-04T12:33:52+01:00,5,4,44,40438,136,32.715684,575,605,575,30,4.9587,LOCAL_BEST,1,123,7015,67478,21168,153,5,0,60000.0000,0.0000,0,0,0,0,0,0
n012w8-0,n012w8,0,5,500000,100.0,adaptive,2026-07-04T12:33:52+01:00,5,2,44,40618,66,0.000000,735,740,735,5,0.6757,LOCAL_BEST,0,123,0,68050,22599,154,180,-70,277.7778,0.0000,0,0,0,0,0,0
n012w8-0,n012w8,0,5,500000,100.0,adaptive,2026-07-04T12:33:52+01:00,5,2,44,40692,66,0.000000,730,735,730,5,0.6803,LOCAL_BEST,0,123,0,68159,22649,155,74,0,675.6757,0.0000,0,0,0,0,0,0
n012w8-0,n012w8,0,5,500000,100.0,adaptive,2026-07-04T12:33:52+01:00,5,5,44,41717,125,0.000000,435,450,435,15,3.3333,LOCAL_BEST,1,123,0,63150,36792,156,1025,59,146.3415,254.2373,0,0,0,0,0,0
n012w8-0,n012w8,0,5,500000,100.0,adaptive,2026-07-04T12:33:52+01:00,5,2,44,42483,69,0.000000,695,730,695,35,4.7945,LOCAL_BEST,0,123,0,70884,24014,157,766,-56,456.9191,0.0000,0,0,0,0,0,0
n012w8-0,n012w8,0,5,500000,100.0,adaptive,2026-07-04T12:33:52+01:00,5,2,44,44643,72,0.000000,680,695,680,15,2.1583,LOCAL_BEST,0,123,0,74362,25678,158,2160,3,69.4444,5000.0000,0,0,0,0,0,0
n012w8-0,n012w8,0,5,500000,100.0,adaptive,2026-07-04T12:33:52+01:00,5,1,44,46893,79,27.371336,580,610,580,30,4.9180,LOCAL_BEST,0,123,7474,77977,25713,159,2250,7,133.3333,4285.7143,0,0,0,0,0,0
n012w8-0,n012w8,0,5,500000,100.0,adaptive,2026-07-04T12:33:52+01:00,5,1,44,46895,79,27.369824,565,580,565,15,2.5862,LOCAL_BEST,0,123,7474,77985,25714,160,2,0,75000.0000,0.0000,0,0,0,0,0,0
n012w8-0,n012w8,0,5,500000,100.0,adaptive,2026-07-04T12:33:52+01:00,5,1,44,46949,79,27.329016,550,565,550,15,2.6549,LOCAL_BEST,0,123,7475,78070,25760,161,54,0,2777.7778,0.0000,0,0,0,0,0,0
n012w8-0,n012w8,0,5,500000,100.0,adaptive,2026-07-04T12:33:52+01:00,5,2,44,48114,77,0.000000,675,680,675,5,0.7353,LOCAL_BEST,0,123,0,80082,28395,162,1165,-2,42.9185,0.0000,0,0,0,0,0,0
n012w8-0,n012w8,0,5,500000,100.0,adaptive,2026-07-04T12:33:52+01:00,5,2,44,49421,79,0.000000,650,675,650,25,3.7037,LOCAL_BEST,0,123,0,82280,29420,163,1307,2,191.2777,12500.0000,0,0,0,0,0,0
n012w8-0,n012w8,0,5,500000,100.0,adaptive,2026-07-04T12:33:52+01:00,5,2,44,49424,79,0.000000,605,650,605,45,6.9231,LOCAL_BEST,0,123,0,82284,29422,164,3,0,150000.0000,0.0000,0,0,0,0,0,0
n012w8-0,n012w8,0,5,500000,100.0,adaptive,2026-07-04T12:33:52+01:00,5,1,44,49765,86,25.283198,515,550,515,35,6.3636,GLOBAL_BEST,0,123,7680,82653,27940,165,341,7,1026.3930,5000.0000,0,0,0,0,0,0
n012w8-0,n012w8,0,5,500000,100.0,adaptive,2026-07-04T12:33:52+01:00,5,4,44,52645,159,23.349200,570,575,570,5,0.8696,LOCAL_BEST,1,123,7927,86749,30283,166,2880,73,17.3611,68.4932,0,0,0,0,0,0
n012w8-0,n012w8,0,5,500000,100.0,adaptive,2026-07-04T12:33:52+01:00,5,4,44,52669,159,23.333721,555,570,555,15,2.6316,LOCAL_BEST,1,123,7927,86769,30304,167,24,0,6250.0000,0.0000,0,0,0,0,0,0
n012w8-0,n012w8,0,5,500000,100.0,adaptive,2026-07-04T12:33:52+01:00,5,4,44,52675,159,23.329853,525,555,525,30,5.4054,LOCAL_BEST,1,123,7927,86789,30308,168,6,0,50000.0000,0.0000,0,0,0,0,0,0
n012w8-0,n012w8,0,5,500000,100.0,adaptive,2026-07-04T12:33:52+01:00,5,4,44,52705,159,23.310522,480,525,480,45,8.5714,LOCAL_BEST,1,123,7928,86838,30335,169,30,0,15000.0000,0.0000,0,0,0,0,0,0
n012w8-0,n012w8,0,5,500000,100.0,adaptive,2026-07-04T12:33:52+01:00,5,4,44,52706,159,23.309878,435,480,435,45,9.3750,LOCAL_BEST,1,123,7928,86841,30335,170,1,0,450000.0000,0.0000,0,0,0,0,0,0
n012w8-0,n012w8,0,5,500000,100.0,adaptive,2026-07-04T12:33:52+01:00,5,4,44,52718,159,23.302150,405,435,405,30,6.8966,LOCAL_BEST,1,123,7928,86871,30346,171,12,0,25000.0000,0.0000,0,0,0,0,0,0
n012w8-0,n012w8,0,5,500000,100.0,adaptive,2026-07-04T12:33:52+01:00,5,5,44,52803,147,0.000000,430,435,430,5,1.1494,LOCAL_BEST,1,123,0,79494,47099,172,85,-12,588.2353,0.0000,0,0,0,0,0,0
n012w8-0,n012w8,0,5,500000,100.0,adaptive,2026-07-04T12:33:52+01:00,5,2,44,55630,91,0.000000,600,605,600,5,0.8264,LOCAL_BEST,0,123,0,92206,34256,173,2827,-56,17.6866,0.0000,0,0,0,0,0,0
n012w8-0,n012w8,0,5,500000,100.0,adaptive,2026-07-04T12:33:52+01:00,5,2,44,55707,91,0.000000,590,600,590,10,1.6667,LOCAL_BEST,0,123,0,92332,34321,174,77,0,1298.7013,0.0000,0,0,0,0,0,0
n012w8-0,n012w8,0,5,500000,100.0,adaptive,2026-07-04T12:33:52+01:00,5,1,44,56761,96,20.839150,485,515,485,30,5.8252,GLOBAL_BEST,0,123,8088,93518,33551,175,1054,5,284.6300,6000.0000,0,0,0,0,0,0
n012w8-0,n012w8,0,5,500000,100.0,adaptive,2026-07-04T12:33:52+01:00,5,5,44,56898,154,0.000000,425,430,425,5,1.1628,LOCAL_BEST,1,123,0,85585,50834,176,137,58,364.9635,86.2069,0,0,0,0,0,0
n012w8-0,n012w8,0,5,500000,100.0,adaptive,2026-07-04T12:33:52+01:00,5,5,44,56899,154,0.000000,410,425,410,15,3.5294,LOCAL_BEST,1,123,0,85585,50834,177,1,0,150000.0000,0.0000,0,0,0,0,0,0
n012w8-0,n012w8,0,5,500000,100.0,adaptive,2026-07-04T12:33:52+01:00,5,2,44,59086,96,0.000000,580,590,580,10,1.6949,LOCAL_BEST,0,123,0,97572,37138,178,2187,-58,45.7247,0.0000,0,0,0,0,0,0
n012w8-0,n012w8,0,5,500000,100.0,adaptive,2026-07-04T12:33:52+01:00,5,2,44,63363,102,0.000000,490,580,490,90,15.5172,LOCAL_BEST,0,123,0,104575,40759,179,4277,6,210.4279,15000.0000,0,0,0,0,0,0
n012w8-0,n012w8,0,5,500000,100.0,adaptive,2026-07-04T12:33:52+01:00,5,1,44,65896,111,16.190490,480,485,480,5,1.0309,LOCAL_BEST,0,123,8448,107858,41305,180,2533,9,19.7394,555.5556,0,0,0,0,0,0
n012w8-0,n012w8,0,5,500000,100.0,adaptive,2026-07-04T12:33:52+01:00,5,1,44,65952,111,16.165457,435,480,435,45,9.3750,GLOBAL_BEST,0,123,8448,107966,41358,181,56,0,8035.7143,0.0000,0,0,0,0,0,0
n012w8-0,n012w8,0,5,500000,100.0,adaptive,2026-07-04T12:33:52+01:00,5,1,44,66557,112,15.897469,430,435,430,5,1.1494,GLOBAL_BEST,0,123,8467,108904,41886,182,605,1,82.6446,5000.0000,0,0,0,0,0,0
n012w8-0,n012w8,0,5,500000,100.0,adaptive,2026-07-04T12:33:52+01:00,5,1,44,66715,113,15.828217,400,430,400,30,6.9767,GLOBAL_BEST,0,123,8470,109140,42028,183,158,1,1898.7342,30000.0000,0,0,0,0,0,0
n012w8-0,n012w8,0,5,500000,100.0,adaptive,2026-07-04T12:33:52+01:00,5,5,44,67516,168,0.000000,400,410,400,10,2.4390,LOCAL_BEST,1,123,0,101508,60695,184,801,55,124.8439,181.8182,0,0,0,0,0,0
n012w8-0,n012w8,0,5,500000,100.0,adaptive,2026-07-04T12:33:52+01:00,5,4,44,71307,204,13.942094,390,405,390,15,3.7037,LOCAL_BEST,1,123,8658,116176,45910,185,3791,36,39.5674,416.6667,0,0,0,0,0,0
n012w8-0,n012w8,0,5,500000,100.0,adaptive,2026-07-04T12:33:52+01:00,5,1,44,71982,125,13.684471,390,400,390,10,2.5000,LOCAL_BEST,0,123,8586,117180,46727,186,675,-79,148.1481,0.0000,0,0,0,0,0,0
n012w8-0,n012w8,0,5,500000,100.0,adaptive,2026-07-04T12:33:52+01:00,5,5,44,72269,175,0.000000,395,400,395,5,1.2500,LOCAL_BEST,1,123,0,108329,65124,187,287,50,174.2160,100.0000,0,0,0,0,0,0
n012w8-0,n012w8,0,5,500000,100.0,adaptive,2026-07-04T12:33:52+01:00,5,7,44,73750,266,13.032028,400,435,400,35,8.0460,LOCAL_BEST,2,123,8578,118849,48526,188,1481,91,236.3268,384.6154,0,0,0,0,0,0
n012w8-0,n012w8,0,5,500000,100.0,adaptive,2026-07-04T12:33:52+01:00,5,2,44,73853,117,0.000000,485,490,485,5,1.0204,LOCAL_BEST,0,123,0,120996,49642,189,103,-149,485.4369,0.0000,0,0,0,0,0,0
n012w8-0,n012w8,0,5,500000,100.0,adaptive,2026-07-04T12:33:52+01:00,5,2,44,78874,125,0.000000,480,485,480,5,1.0309,LOCAL_BEST,0,123,0,128770,53949,190,5021,8,9.9582,625.0000,0,0,0,0,0,0
n012w8-0,n012w8,0,5,500000,100.0,adaptive,2026-07-04T12:33:52+01:00,5,1,44,81770,139,10.441719,385,390,385,5,1.2821,LOCAL_BEST,0,123,8746,132066,55641,191,2896,14,17.2652,357.1429,0,0,0,0,0,0
n012w8-0,n012w8,0,5,500000,100.0,adaptive,2026-07-04T12:33:52+01:00,5,2,44,82236,131,0.000000,475,480,475,5,1.0417,LOCAL_BEST,0,123,0,134201,56959,192,466,-8,107.2961,0.0000,0,0,0,0,0,0
n012w8-0,n012w8,0,5,500000,100.0,adaptive,2026-07-04T12:33:52+01:00,5,4,44,82628,225,10.197084,375,390,375,15,3.8462,LOCAL_BEST,1,123,8841,133283,56083,193,392,94,382.6531,159.5745,0,0,0,0,0,0
n012w8-0,n012w8,0,5,500000,100.0,adaptive,2026-07-04T12:33:52+01:00,5,1,44,85398,144,9.445740,375,385,375,10,2.5974,LOCAL_BEST,0,123,8778,137587,58998,194,2770,-81,36.1011,0.0000,0,0,0,0,0,0
n012w8-0,n012w8,0,5,500000,100.0,adaptive,2026-07-04T12:33:52+01:00,5,2,44,92252,154,0.000000,460,475,460,15,3.1579,LOCAL_BEST,0,123,0,149717,65969,195,6854,10,21.8850,1500.0000,0,0,0,0,0,0
n012w8-0,n012w8,0,5,500000,100.0,adaptive,2026-07-04T12:33:52+01:00,5,5,44,93247,206,0.000000,385,395,385,10,2.5316,LOCAL_BEST,1,123,0,138619,84806,196,995,52,100.5025,192.3077,0,0,0,0,0,0
n012w8-0,n012w8,0,5,500000,100.0,adaptive,2026-07-04T12:33:52+01:00,5,2,44,93876,158,0.000000,450,460,450,10,2.1739,LOCAL_BEST,0,123,0,152260,67395,197,629,-48,158.9825,0.0000,0,0,0,0,0,0
n012w8-0,n012w8,0,5,500000,100.0,adaptive,2026-07-04T12:33:52+01:00,5,5,44,94036,207,0.000000,380,385,380,5,1.2987,LOCAL_BEST,1,123,0,139705,85530,198,160,49,312.5000,102.0408,0,0,0,0,0,0
n012w8-0,n012w8,0,5,500000,100.0,adaptive,2026-07-04T12:33:52+01:00,5,2,44,102769,174,0.000000,435,450,435,15,3.3333,LOCAL_BEST,0,123,0,165648,75421,199,8733,-33,17.1762,0.0000,0,0,0,0,0,0
n012w8-0,n012w8,0,5,500000,100.0,adaptive,2026-07-04T12:33:52+01:00,5,1,44,135398,230,2.372597,385,375,375,0,0.0000,REHEAT,0,123,8904,212219,105873,200,32629,56,0.0000,0.0000,0,0,0,0,0,0
n012w8-0,n012w8,0,5,500000,100.0,adaptive,2026-07-04T12:33:52+01:00,5,1,44,185398,329,25.118864,995,375,375,0,0.0000,REHEAT,0,123,16641,297027,134055,201,50000,99,0.0000,0.0000,0,0,0,0,0,0
n012w8-0,n012w8,0,5,500000,100.0,adaptive,2026-07-04T12:33:52+01:00,5,1,44,235398,420,25.118864,900,375,375,0,0.0000,REHEAT,0,123,24365,379892,162176,202,50000,91,0.0000,0.0000,0,0,0,0,0,0
n012w8-0,n012w8,0,5,500000,100.0,adaptive,2026-07-04T12:33:52+01:00,5,1,44,285398,514,25.118864,575,375,375,0,0.0000,REHEAT,0,123,31985,462827,190563,203,50000,94,0.0000,0.0000,0,0,0,0,0,0
n012w8-0,n012w8,0,5,500000,100.0,adaptive,2026-07-04T12:33:52+01:00,5,1,44,335398,598,25.118864,785,375,375,0,0.0000,REHEAT,0,123,39641,545277,219076,204,50000,84,0.0000,0.0000,0,0,0,0,0,0
n012w8-0,n012w8,0,5,500000,100.0,adaptive,2026-07-04T12:33:52+01:00,5,1,44,385398,683,25.118864,750,375,375,0,0.0000,REHEAT,0,123,47341,628144,247273,205,50000,85,0.0000,0.0000,0,0,0,0,0,0
n012w8-0,n012w8,0,5,500000,100.0,adaptive,2026-07-04T12:33:52+01:00,5,1,44,435398,771,25.118864,790,375,375,0,0.0000,REHEAT,0,123,55051,711342,275683,206,50000,88,0.0000,0.0000,0,0,0,0,0,0
n012w8-0,n012w8,0,5,500000,100.0,adaptive,2026-07-04T12:33:52+01:00,5,1,44,485398,855,25.118864,830,375,375,0,0.0000,REHEAT,0,123,62624,794485,304033,207,50000,84,0.0000,0.0000,0,0,0,0,0,0
n012w8-0,n012w8,0,5,500000,100.0,adaptive,2026-07-04T12:33:52+01:00,6,3,66,2,1,0.000000,3400,3430,3400,30,0.8746,LOCAL_BEST,0,777,0,5,0,1,2,1,150000.0000,30000.0000,0,0,0,0,0,0
n012w8-0,n012w8,0,5,500000,100.0,adaptive,2026-07-04T12:33:52+01:00,6,2,66,3,1,0.000000,3250,3430,3250,180,5.2478,LOCAL_BEST,0,777,0,4,0,2,1,0,1800000.0000,0.0000,0,0,0,0,0,0
n012w8-0,n012w8,0,5,500000,100.0,adaptive,2026-07-04T12:33:52+01:00,6,3,66,3,1,0.000000,3245,3400,3245,155,4.5588,LOCAL_BEST,0,777,0,9,0,3,0,0,0.0000,0.0000,0,0,0,0,0,0
n012w8-0,n012w8,0,5,500000,100.0,adaptive,2026-07-04T12:33:52+01:00,6,2,66,4,1,0.000000,3220,3250,3220,30,0.9231,LOCAL_BEST,0,777,0,7,0,4,1,0,300000.0000,0.0000,0,0,0,0,0,0
n012w8-0,n012w8,0,5,500000,100.0,adaptive,2026-07-04T12:33:52+01:00,6,3,66,4,1,0.000000,3095,3245,3095,150,4.6225,LOCAL_BEST,0,777,0,10,0,5,0,0,0.0000,0.0000,0,0,0,0,0,0
n012w8-0,n012w8,0,5,500000,100.0,adaptive,2026-07-04T12:33:52+01:00,6,1,66,5,1,99.988948,3400,3430,3400,30,0.8746,GLOBAL_BEST,0,777,0,9,1,6,1,0,300000.0000,0.0000,0,0,0,0,0,0
n012w8-0,n012w8,0,5,500000,100.0,adaptive,2026-07-04T12:33:52+01:00,6,2,66,5,1,0.000000,3190,3220,3190,30,0.9317,LOCAL_BEST,0,777,0,7,0,7,0,0,0.0000,0.0000,0,0,0,0,0,0
n012w8-0,n012w8,0,5,500000,100.0,adaptive,2026-07-04T12:33:52+01:00,6,3,66,5,1,0.000000,2795,3095,2795,300,9.6931,GLOBAL_BEST,0,777,0,10,0,8,0,0,0.0000,0.0000,0,0,0,0,0,0
n012w8-0,n012w8,0,5,500000,100.0,adaptive,2026-07-04T12:33:52+01:00,6,1,66,6,1,99.986185,3100,3400,3100,300,8.8235,GLOBAL_BEST,0,777,0,12,1,9,1,0,3000000.0000,0.0000,0,0,0,0,0,0
n012w8-0,n012w8,0,5,500000,100.0,adaptive,2026-07-04T12:33:52+01:00,6,1,66,7,1,99.983423,2950,3100,2950,150,4.8387,GLOBAL_BEST,0,777,0,12,1,10,1,0,1500000.0000,0.0000,0,0,0,0,0,0
n012w8-0,n012w8,0,5,500000,100.0,adaptive,2026-07-04T12:33:52+01:00,6,3,66,7,1,0.000000,2495,2795,2495,300,10.7335,GLOBAL_BEST,0,777,0,11,1,11,0,0,0.0000,0.0000,0,0,0,0,0,0
n012w8-0,n012w8,0,5,500000,100.0,adaptive,2026-07-04T12:33:52+01:00,6,3,66,8,1,0.000000,2480,2495,2480,15,0.6012,GLOBAL_BEST,0,777,0,16,1,12,1,0,150000.0000,0.0000,0,0,0,0,0,0
n012w8-0,n012w8,0,5,500000,100.0,adaptive,2026-07-04T12:33:52+01:00,6,2,66,9,1,0.000000,3160,3190,3160,30,0.9404,LOCAL_BEST,0,777,0,19,0,13,1,0,300000.0000,0.0000,0,0,0,0,0,0
n012w8-0,n012w8,0,5,500000,100.0,adaptive,2026-07-04T12:33:52+01:00,6,2,66,10,1,0.000000,3130,3160,3130,30,0.9494,LOCAL_BEST,0,777,0,20,0,14,1,0,300000.0000,0.0000,0,0,0,0,0,0
n012w8-0,n012w8,0,5,500000,100.0,adaptive,2026-07-04T12:33:52+01:00,6,3,66,10,1,0.000000,2195,2480,2195,285,11.4919,GLOBAL_BEST,0,777,0,16,1,15,0,0,0.0000,0.0000,0,0,0,0,0,0
n012w8-0,n012w8,0,5,500000,100.0,adaptive,2026-07-04T12:33:52+01:00,6,2,66,11,1,0.000000,3100,3130,3100,30,0.9585,LOCAL_BEST,0,777,0,25,0,16,1,0,300000.0000,0.0000,0,0,0,0,0,0
n012w8-0,n012w8,0,5,500000,100.0,adaptive,2026-07-04T12:33:52+01:00,6,1,66,12,1,99.969610,2935,2950,2935,15,0.5085,LOCAL_BEST,0,777,1,31,1,17,1,0,150000.0000,0.0000,0,0,0,0,0,0
n012w8-0,n012w8,0,5,500000,100.0,adaptive,2026-07-04T12:33:52+01:00,6,1,66,15,1,99.961324,2800,2935,2800,135,4.5997,LOCAL_BEST,0,777,3,40,1,18,3,0,450000.0000,0.0000,0,0,0,0,0,0
n012w8-0,n012w8,0,5,500000,100.0,adaptive,2026-07-04T12:33:52+01:00,6,1,66,16,1,99.958562,2740,2800,2740,60,2.1429,LOCAL_BEST,0,777,3,42,1,19,1,0,600000.0000,0.0000,0,0,0,0,0,0
n012w8-0,n012w8,0,5,500000,100.0,adaptive,2026-07-04T12:33:52+01:00,6,3,66,16,1,0.000000,2150,2195,2150,45,2.0501,GLOBAL_BEST,0,777,1,18,1,20,0,0,0.0000,0.0000,0,0,0,0,0,0
n012w8-0,n012w8,0,5,500000,100.0,adaptive,2026-07-04T12:33:52+01:00,6,2,66,17,1,0.000000,3085,3100,3085,15,0.4839,LOCAL_BEST,0,777,0,31,0,21,1,0,150000.0000,0.0000,0,0,0,0,0,0
n012w8-0,n012w8,0,5,500000,100.0,adaptive,2026-07-04T12:33:52+01:00,6,1,66,22,1,99.941992,2695,2740,2695,45,1.6423,LOCAL_BEST,0,777,4,51,1,22,5,0,90000.0000,0.0000,0,0,0,0,0,0
n012w8-0,n012w8,0,5,500000,100.0,adaptive,2026-07-04T12:33:52+01:00,6,2,66,22,1,0.000000,2965,3085,2965,120,3.8898,LOCAL_BEST,0,777,0,34,0,23,0,0,0.0000,0.0000,0,0,0,0,0,0
n012w8-0,n012w8,0,5,500000,100.0,adaptive,2026-07-04T12:33:52+01:00,6,2,66,23,1,0.000000,2935,2965,2935,30,1.0118,LOCAL_BEST,0,777,0,35,0,24,1,0,300000.0000,0.0000,0,0,0,0,0,0
n012w8-0,n012w8,0,5,500000,100.0,adaptive,2026-07-04T12:33:52+01:00,6,1,66,23,1,99.939230,2530,2695,2530,165,6.1224,LOCAL_BEST,0,777,4,53,1,25,0,0,0.0000,0.0000,0,0,0,0,0,0
n012w8-0,n012w8,0,5,500000,100.0,adaptive,2026-07-04T12:33:52+01:00,6,2,66,24,1,0.000000,2860,2935,2860,75,2.5554,LOCAL_BEST,0,777,0,36,0,26,1,0,750000.0000,0.0000,0,0,0,0,0,0
n012w8-0,n012w8,0,5,500000,100.0,adaptive,2026-07-04T12:33:52+01:00,6,3,66,25,1,0.000000,2105,2150,2105,45,2.0930,GLOBAL_BEST,0,777,3,25,1,27,1,0,450000.0000,0.0000,0,0,0,0,0,0
n012w8-0,n012w8,0,5,500000,100.0,adaptive,2026-07-04T12:33:52+01:00,6,5,66,25,51,0.000000,540,555,540,15,2.7027,LOCAL_BEST,1,777,0,38,19,28,0,50,0.0000,300.0000,0,0,0,0,0,0
n012w8-0,n012w8,0,5,500000,100.0,adaptive,2026-07-04T12:33:52+01:00,6,2,66,26,1,0.000000,2695,2860,2695,165,5.7692,LOCAL_BEST,0,777,0,40,0,29,1,-50,1650000.0000,0.0000,0,0,0,0,0,0
n012w8-0,n012w8,0,5,500000,100.0,adaptive,2026-07-04T12:33:52+01:00,6,2,66,28,1,0.000000,2575,2695,2575,120,4.4527,LOCAL_BEST,0,777,0,41,0,30,2,0,600000.0000,0.0000,0,0,0,0,0,0
n012w8-0,n012w8,0,5,500000,100.0,adaptive,2026-07-04T12:33:52+01:00,6,1,66,31,1,99.917141,2440,2530,2440,90,3.5573,LOCAL_BEST,0,777,7,70,3,31,3,0,300000.0000,0.0000,0,0,0,0,0,0
n012w8-0,n012w8,0,5,500000,100.0,adaptive,2026-07-04T12:33:52+01:00,6,1,66,32,1,99.914381,2290,2440,2290,150,6.1475,LOCAL_BEST,0,777,7,71,3,32,1,0,1500000.0000,0.0000,0,0,0,0,0,0
n012w8-0,n012w8,0,5,500000,100.0,adaptive,2026-07-04T12:33:52+01:00,6,1,66,34,1,99.908859,2260,2290,2260,30,1.3100,LOCAL_BEST,0,777,7,80,4,33,2,0,150000.0000,0.0000,0,0,0,0,0,0
n012w8-0,n012w8,0,5,500000,100.0,adaptive,2026-07-04T12:33:52+01:00,6,5,66,34,52,0.000000,525,540,525,15,2.7778,GLOBAL_BEST,1,777,0,55,27,34,0,51,0.0000,294.1176,0,0,0,0,0,0
n012w8-0,n012w8,0,5,500000,100.0,adaptive,2026-07-04T12:33:52+01:00,6,1,66,38,1,99.897817,2230,2260,2230,30,1.3274,LOCAL_BEST,0,777,7,85,7,35,4,-51,75000.0000,0.0000,0,0,0,0,0,0
n012w8-0,n012w8,0,5,500000,100.0,adaptive,2026-07-04T12:33:52+01:00,6,5,66,38,52,0.000000,495,525,495,30,5.7143,GLOBAL_BEST,1,777,0,66,30,36,0,51,0.0000,588.2353,0,0,0,0,0,0
n012w8-0,n012w8,0,5,500000,100.0,adaptive,2026-07-04T12:33:52+01:00,6,1,66,40,1,99.892297,2200,2230,2200,30,1.3453,LOCAL_BEST,0,777,7,85,7,37,2,-51,150000.0000,0.0000,0,0,0,0,0,0
n012w8-0,n012w8,0,5,500000,100.0,adaptive,2026-07-04T12:33:52+01:00,6,3,66,43,1,0.000000,2065,2105,2065,40,1.9002,GLOBAL_BEST,0,777,11,75,1,38,3,0,133333.3333,0.0000,0,0,0,0,0,0
n012w8-0,n012w8,0,5,500000,100.0,adaptive,2026-07-04T12:33:52+01:00,6,2,66,51,1,0.000000,2500,2575,2500,75,2.9126,LOCAL_BEST,0,777,0,77,0,39,8,0,93750.0000,0.0000,0,0,0,0,0,0
n012w8-0,n012w8,0,5,500000,100.0,adaptive,2026-07-04T12:33:52+01:00,6,1,66,51,1,99.861940,2095,2200,2095,105,4.7727,LOCAL_BEST,0,777,11,102,9,40,0,0,0.0000,0.0000,0,0,0,0,0,0
n012w8-0,n012w8,0,5,500000,100.0,adaptive,2026-07-04T12:33:52+01:00,6,1,66,52,1,99.859181,2035,2095,2035,60,2.8640,GLOBAL_BEST,0,777,11,102,9,41,1,0,600000.0000,0.0000,0,0,0,0,0,0
n012w8-0,n012w8,0,5,500000,100.0,adaptive,2026-07-04T12:33:52+01:00,6,2,66,53,1,0.000000,2365,2500,2365,135,5.4000,LOCAL_BEST,0,777,0,78,0,42,1,0,1350000.0000,0.0000,0,0,0,0,0,0
n012w8-0,n012w8,0,5,500000,100.0,adaptive,2026-07-04T12:33:52+01:00,6,8,66,53,92,0.000000,295,310,295,15,4.8387,LOCAL_BEST,3,777,0,86,49,43,0,91,0.0000,164.8352,0,0,0,0,0,0
n012w8-0,n012w8,0,5,500000,100.0,adaptive,2026-07-04T12:33:52+01:00,6,2,66,54,1,0.000000,2335,2365,2335,30,1.2685,LOCAL_BEST,0,777,0,80,0,44,1,-91,300000.0000,0.0000,0,0,0,0,0,0
n012w8-0,n012w8,0,5,500000,100.0,adaptive,2026-07-04T12:33:52+01:00,6,2,66,56,1,0.000000,2245,2335,2245,90,3.8544,LOCAL_BEST,0,777,0,84,0,45,2,0,450000.0000,0.0000,0,0,0,0,0,0
n012w8-0,n012w8,0,5,500000,100.0,adaptive,2026-07-04T12:33:52+01:00,6,3,66,58,1,0.000000,1990,2065,1990,75,3.6320,LOCAL_BEST,0,777,17,109,1,46,2,0,375000.0000,0.0000,0,0,0,0,0,0
n012w8-0,n012w8,0,5,500000,100.0,adaptive,2026-07-04T12:33:52+01:00,6,2,66,60,1,0.000000,2170,2245,2170,75,3.3408,LOCAL_BEST,0,777,0,92,0,47,2,0,375000.0000,0.0000,0,0,0,0,0,0
n012w8-0,n012w8,0,5,500000,100.0,adaptive,2026-07-04T12:33:52+01:00,6,1,66,60,1,99.837110,2020,2035,2020,15,0.7371,GLOBAL_BEST,0,777,13,109,9,48,0,0,0.0000,0.0000,0,0,0,0,0,0
n012w8-0,n012w8,0,5,500000,100.0,adaptive,2026-07-04T12:33:52+01:00,6,1,66,61,1,99.834351,1960,2020,1960,60,2.9703,GLOBAL_BEST,0,777,13,110,9,49,1,0,600000.0000,0.0000,0,0,0,0,0,0
n012w8-0,n012w8,0,5,500000,100.0,adaptive,2026-07-04T12:33:52+01:00,6,3,66,61,1,0.000000,1885,1990,1885,105,5.2764,GLOBAL_BEST,0,777,17,114,1,50,0,0,0.0000,0.0000,0,0,0,0,0,0
n012w8-0,n012w8,0,5,500000,100.0,adaptive,2026-07-04T12:33:52+01:00,6,2,66,63,1,0.000000,2065,2170,2065,105,4.8387,LOCAL_BEST,0,777,0,98,0,51,2,0,525000.0000,0.0000,0,0,0,0,0,0
n012w8-0,n012w8,0,5,500000,100.0,adaptive,2026-07-04T12:33:52+01:00,6,1,66,63,1,99.828834,1930,1960,1930,30,1.5306,GLOBAL_BEST,0,777,13,115,10,52,0,0,0.0000,0.0000,0,0,0,0,0,0
n012w8-0,n012w8,0,5,500000,100.0,adaptive,2026-07-04T12:33:52+01:00,6,1,66,64,1,99.826076,1925,1930,1925,5,0.2591,LOCAL_BEST,0,777,13,116,10,53,1,0,50000.0000,0.0000,0,0,0,0,0,0
n012w8-0,n012w8,0,5,500000,100.0,adaptive,2026-07-04T12:33:52+01:00,6,2,66,65,1,0.000000,2050,2065,2050,15,0.7264,LOCAL_BEST,0,777,0,102,0,54,1,0,150000.0000,0.0000,0,0,0,0,0,0
n012w8-0,n012w8,0,5,500000,100.0,adaptive,2026-07-04T12:33:52+01:00,6,2,66,66,1,0.000000,2020,2050,2020,30,1.4634,LOCAL_BEST,0,777,0,104,0,55,1,0,300000.0000,0.0000,0,0,0,0,0,0
n012w8-0,n012w8,0,5,500000,100.0,adaptive,2026-07-04T12:33:52+01:00,6,1,66,67,1,99.817801,1895,1925,1895,30,1.5584,LOCAL_BEST,0,777,13,118,12,56,1,0,300000.0000,0.0000,0,0,0,0,0,0
n012w8-0,n012w8,0,5,500000,100.0,adaptive,2026-07-04T12:33:52+01:00,6,2,66,67,1,0.000000,1945,2020,1945,75,3.7129,LOCAL_BEST,0,777,0,104,0,57,0,0,0.0000,0.0000,0,0,0,0,0,0
n012w8-0,n012w8,0,5,500000,100.0,adaptive,2026-07-04T12:33:52+01:00,6,1,66,78,1,99.787467,1885,1895,1885,10,0.5277,LOCAL_BEST,0,777,16,127,13,58,11,0,9090.9091,0.0000,0,0,0,0,0,0
n012w8-0,n012w8,0,5,500000,100.0,adaptive,2026-07-04T12:33:52+01:00,6,2,66,79,1,0.000000,1840,1945,1840,105,5.3985,GLOBAL_BEST,0,777,0,119,0,59,1,0,1050000.0000,0.0000,0,0,0,0,0,0
n012w8-0,n012w8,0,5,500000,100.0,adaptive,2026-07-04T12:33:52+01:00,6,2,66,80,1,0.000000,1720,1840,1720,120,6.5217,GLOBAL_BEST,0,777,0,120,0,60,1,0,1200000.0000,0.0000,0,0,0,0,0,0
n012w8-0,n012w8,0,5,500000,100.0,adaptive,2026-07-04T12:33:52+01:00,6,1,66,82,1,99.776439,1775,1885,1775,110,5.8355,LOCAL_BEST,0,777,18,136,14,61,2,0,550000.0000,0.0000,0,0,0,0,0,0
n012w8-0,n012w8,0,5,500000,100.0,adaptive,2026-07-04T12:33:52+01:00,6,1,66,83,1,99.773682,1730,1775,1730,45,2.5352,LOCAL_BEST,0,777,18,136,14,62,1,0,450000.0000,0.0000,0,0,0,0,0,0
n012w8-0,n012w8,0,5,500000,100.0,adaptive,2026-07-04T12:33:52+01:00,6,1,66,89,1,99.757142,1715,1730,1715,15,0.8671,GLOBAL_BEST,0,777,21,139,16,63,6,0,25000.0000,0.0000,0,0,0,0,0,0
n012w8-0,n012w8,0,5,500000,100.0,adaptive,2026-07-04T12:33:52+01:00,6,1,66,92,1,99.748874,1655,1715,1655,60,3.4985,GLOBAL_BEST,0,777,21,145,17,64,3,0,200000.0000,0.0000,0,0,0,0,0,0
n012w8-0,n012w8,0,5,500000,100.0,adaptive,2026-07-04T12:33:52+01:00,6,1,66,94,1,99.743361,1645,1655,1645,10,0.6042,GLOBAL_BEST,0,777,21,154,18,65,2,0,50000.0000,0.0000,0,0,0,0,0,0
n012w8-0,n012w8,0,5,500000,100.0,adaptive,2026-07-04T12:33:52+01:00,6,1,66,99,1,99.729582,1615,1645,1615,30,1.8237,GLOBAL_BEST,0,777,21,166,22,66,5,0,60000.0000,0.0000,0,0,0,0,0,0
n012w8-0,n012w8,0,5,500000,100.0,adaptive,2026-07-04T12:33:52+01:00,6,3,66,115,1,0.000000,1755,1885,1755,130,6.8966,LOCAL_BEST,0,777,39,208,4,67,16,0,81250.0000,0.0000,0,0,0,0,0,0
n012w8-0,n012w8,0,5,500000,100.0,adaptive,2026-07-04T12:33:52+01:00,6,1,66,115,1,99.685502,1600,1615,1600,15,0.9288,LOCAL_BEST,0,777,24,187,27,68,0,0,0.0000,0.0000,0,0,0,0,0,0
n012w8-0,n012w8,0,5,500000,100.0,adaptive,2026-07-04T12:33:52+01:00,6,3,66,117,1,0.000000,1710,1755,1710,45,2.5641,GLOBAL_BEST,0,777,40,211,4,69,2,0,225000.0000,0.0000,0,0,0,0,0,0
n012w8-0,n012w8,0,5,500000,100.0,adaptive,2026-07-04T12:33:52+01:00,6,1,66,117,1,99.679993,1480,1600,1480,120,7.5000,GLOBAL_BEST,0,777,24,189,28,70,0,0,0.0000,0.0000,0,0,0,0,0,0
n012w8-0,n012w8,0,5,500000,100.0,adaptive,2026-07-04T12:33:52+01:00,6,1,66,119,1,99.674485,1345,1480,1345,135,9.1216,GLOBAL_BEST,0,777,24,192,28,71,2,0,675000.0000,0.0000,0,0,0,0,0,0
n012w8-0,n012w8,0,5,500000,100.0,adaptive,2026-07-04T12:33:52+01:00,6,3,66,145,1,0.000000,1675,1710,1675,35,2.0468,LOCAL_BEST,0,777,51,258,4,72,26,0,13461.5385,0.0000,0,0,0,0,0,0
n012w8-0,n012w8,0,5,500000,100.0,adaptive,2026-07-04T12:33:52+01:00,6,3,66,146,1,0.000000,1525,1675,1525,150,8.9552,GLOBAL_BEST,0,777,51,259,4,73,1,0,1500000.0000,0.0000,0,0,0,0,0,0
n012w8-0,n012w8,0,5,500000,100.0,adaptive,2026-07-04T12:33:52+01:00,6,1,66,304,1,99.166275,1335,1345,1335,10,0.7435,GLOBAL_BEST,0,777,76,578,85,74,158,0,632.9114,0.0000,0,0,0,0,0,0
n012w8-0,n012w8,0,5,500000,100.0,adaptive,2026-07-04T12:33:52+01:00,6,1,66,305,1,99.163535,1320,1335,1320,15,1.1236,GLOBAL_BEST,0,777,76,580,85,75,1,0,150000.0000,0.0000,0,0,0,0,0,0
n012w8-0,n012w8,0,5,500000,100.0,adaptive,2026-07-04T12:33:52+01:00,6,1,66,308,1,99.155315,1240,1320,1240,80,6.0606,GLOBAL_BEST,0,777,77,586,86,76,3,0,266666.6667,0.0000,0,0,0,0,0,0
n012w8-0,n012w8,0,5,500000,100.0,adaptive,2026-07-04T12:33:52+01:00,6,5,66,358,52,0.000000,480,495,480,15,3.0303,GLOBAL_BEST,1,777,0,560,304,77,50,51,3000.0000,294.1176,0,0,0,0,0,0
n012w8-0,n012w8,0,5,500000,100.0,adaptive,2026-07-04T12:33:52+01:00,6,1,66,363,1,99.004743,1220,1240,1220,20,1.6129,GLOBAL_BEST,0,777,90,685,103,78,5,-51,40000.0000,0.0000,0,0,0,0,0,0
n012w8-0,n012w8,0,5,500000,100.0,adaptive,2026-07-04T12:33:52+01:00,6,1,66,364,1,99.002007,1115,1220,1115,105,8.6066,GLOBAL_BEST,0,777,90,687,103,79,1,0,1050000.0000,0.0000,0,0,0,0,0,0
n012w8-0,n012w8,0,5,500000,100.0,adaptive,2026-07-04T12:33:52+01:00,6,1,66,366,1,98.996536,1100,1115,1100,15,1.3453,GLOBAL_BEST,0,777,90,694,104,80,2,0,75000.0000,0.0000,0,0,0,0,0,0
n012w8-0,n012w8,0,5,500000,100.0,adaptive,2026-07-04T12:33:52+01:00,6,1,66,370,1,98.985595,1025,1100,1025,75,6.8182,GLOBAL_BEST,0,777,91,698,106,81,4,0,187500.0000,0.0000,0,0,0,0,0,0
n012w8-0,n012w8,0,5,500000,100.0,adaptive,2026-07-04T12:33:52+01:00,6,11,66,429,137,0.000000,235,250,235,15,6.0000,GLOBAL_BEST,4,777,0,748,402,82,59,136,2542.3729,110.2941,0,0,0,0,0,0
n012w8-0,n012w8,0,5,500000,100.0,adaptive,2026-07-04T12:33:52+01:00,6,5,66,472,53,0.000000,460,480,460,20,4.1667,GLOBAL_BEST,1,777,0,745,395,83,43,-84,4651.1628,0.0000,0,0,0,0,0,0
n012w8-0,n012w8,0,5,500000,100.0,adaptive,2026-07-04T12:33:52+01:00,6,2,66,610,1,0.000000,1620,1720,1620,100,5.8140,LOCAL_BEST,0,777,0,1169,0,84,138,-52,7246.3768,0.0000,0,0,0,0,0,0
n012w8-0,n012w8,0,5,500000,100.0,adaptive,2026-07-04T12:33:52+01:00,6,2,66,615,1,0.000000,1590,1620,1590,30,1.8519,LOCAL_BEST,0,777,0,1172,0,85,5,0,60000.0000,0.0000,0,0,0,0,0,0
n012w8-0,n012w8,0,5,500000,100.0,adaptive,2026-07-04T12:33:52+01:00,6,2,66,616,1,0.000000,1530,1590,1530,60,3.7736,LOCAL_BEST,0,777,0,1172,0,86,1,0,600000.0000,0.0000,0,0,0,0,0,0
n012w8-0,n012w8,0,5,500000,100.0,adaptive,2026-07-04T12:33:52+01:00,6,3,66,937,2,0.000000,1495,1525,1495,30,1.9672,LOCAL_BEST,0,777,348,1818,36,87,321,1,934.5794,30000.0000,0,0,0,0,0,0
n012w8-0,n012w8,0,5,500000,100.0,adaptive,2026-07-04T12:33:52+01:00,6,5,66,1143,54,0.000000,430,460,430,30,6.5217,GLOBAL_BEST,1,777,0,1903,924,88,206,52,1456.3107,576.9231,0,0,0,0,0,0
n012w8-0,n012w8,0,5,500000,100.0,adaptive,2026-07-04T12:33:52+01:00,6,2,66,1252,2,0.000000,1495,1530,1495,35,2.2876,LOCAL_BEST,0,777,0,2358,13,89,109,-52,3211.0092,0.0000,0,0,0,0,0,0
n012w8-0,n012w8,0,5,500000,100.0,adaptive,2026-07-04T12:33:52+01:00,6,2,66,1254,2,0.000000,1465,1495,1465,30,2.0067,LOCAL_BEST,0,777,0,2362,13,90,2,0,150000.0000,0.0000,0,0,0,0,0,0
n012w8-0,n012w8,0,5,500000,100.0,adaptive,2026-07-04T12:33:52+01:00,6,2,66,1255,2,0.000000,1360,1465,1360,105,7.1672,LOCAL_BEST,0,777,0,2362,13,91,1,0,1050000.0000,0.0000,0,0,0,0,0,0
n012w8-0,n012w8,0,5,500000,100.0,adaptive,2026-07-04T12:33:52+01:00,6,3,66,1697,3,0.000000,1445,1495,1445,50,3.3445,LOCAL_BEST,0,777,643,3315,74,92,442,1,1131.2217,50000.0000,0,0,0,0,0,0
n012w8-0,n012w8,0,5,500000,100.0,adaptive,2026-07-04T12:33:52+01:00,6,3,66,1699,3,0.000000,1385,1445,1385,60,4.1522,LOCAL_BEST,0,777,643,3315,74,93,2,0,300000.0000,0.0000,0,0,0,0,0,0
n012w8-0,n012w8,0,5,500000,100.0,adaptive,2026-07-04T12:33:52+01:00,6,5,66,2113,55,0.000000,405,430,405,25,5.8140,GLOBAL_BEST,1,777,0,3594,1698,94,414,52,603.8647,480.7692,0,0,0,0,0,0
n012w8-0,n012w8,0,5,500000,100.0,adaptive,2026-07-04T12:33:52+01:00,6,5,66,2291,55,0.000000,390,405,390,15,3.7037,GLOBAL_BEST,1,777,0,3913,1838,95,178,0,842.6966,0.0000,0,0,0,0,0,0
n012w8-0,n012w8,0,5,500000,100.0,adaptive,2026-07-04T12:33:52+01:00,6,8,66,2325,96,0.000000,280,295,280,15,5.0847,GLOBAL_BEST,3,777,0,4195,2167,96,34,41,4411.7647,365.8537,0,0,0,0,0,0
n012w8-0,n012w8,0,5,500000,100.0,adaptive,2026-07-04T12:33:52+01:00,6,1,66,2413,4,93.552630,970,1025,970,55,5.3659,GLOBAL_BEST,0,777,609,4496,761,97,88,-92,6250.0000,0.0000,0,0,0,0,0,0
n012w8-0,n012w8,0,5,500000,100.0,adaptive,2026-07-04T12:33:52+01:00,6,1,66,2418,4,93.539706,865,970,865,105,10.8247,GLOBAL_BEST,0,777,610,4502,764,98,5,0,210000.0000,0.0000,0,0,0,0,0,0
n012w8-0,n012w8,0,5,500000,100.0,adaptive,2026-07-04T12:33:52+01:00,6,1,66,2431,4,93.506112,850,865,850,15,1.7341,GLOBAL_BEST,0,777,612,4520,769,99,13,0,11538.4615,0.0000,0,0,0,0,0,0
n012w8-0,n012w8,0,5,500000,100.0,adaptive,2026-07-04T12:33:52+01:00,6,1,66,2434,4,93.498361,835,850,835,15,1.7647,GLOBAL_BEST,0,777,612,4525,770,100,3,0,50000.0000,0.0000,0,0,0,0,0,0
n012w8-0,n012w8,0,5,500000,100.0,adaptive,2026-07-04T12:33:52+01:00,6,2,66,2435,4,0.000000,1170,1360,1170,190,13.9706,LOCAL_BEST,0,777,0,4610,206,101,1,0,1900000.0000,0.0000,0,0,0,0,0,0
n012w8-0,n012w8,0,5,500000,100.0,adaptive,2026-07-04T12:33:52+01:00,6,1,66,2435,4,93.495778,745,835,745,90,10.7784,GLOBAL_BEST,0,777,612,4527,770,102,0,0,0.0000,0.0000,0,0,0,0,0,0
n012w8-0,n012w8,0,5,500000,100.0,adaptive,2026-07-04T12:33:52+01:00,6,2,66,2436,4,0.000000,1050,1170,1050,120,10.2564,LOCAL_BEST,0,777,0,4612,206,103,1,0,1200000.0000,0.0000,0,0,0,0,0,0
n012w8-0,n012w8,0,5,500000,100.0,adaptive,2026-07-04T12:33:52+01:00,6,2,66,5387,8,0.000000,1035,1050,1035,15,1.4286,LOCAL_BEST,0,777,0,9866,993,104,2951,4,50.8302,3750.0000,0,0,0,0,0,0
n012w8-0,n012w8,0,5,500000,100.0,adaptive,2026-07-04T12:33:52+01:00,6,8,66,5534,102,0.000000,265,280,265,15,5.3571,GLOBAL_BEST,3,777,0,9851,5146,105,147,94,1020.4082,159.5745,0,0,0,0,0,0
n012w8-0,n012w8,0,5,500000,100.0,adaptive,2026-07-04T12:33:52+01:00,6,2,66,5737,9,0.000000,1030,1035,1030,5,0.4831,LOCAL_BEST,0,777,0,10561,1113,106,203,-93,246.3054,0.0000,0,0,0,0,0,0
n012w8-0,n012w8,0,5,500000,100.0,adaptive,2026-07-04T12:33:52+01:00,6,1,66,6015,9,84.689974,725,745,725,20,2.6846,GLOBAL_BEST,0,777,1489,10598,2027,107,278,0,719.4245,0.0000,0,0,0,0,0,0
n012w8-0,n012w8,0,5,500000,100.0,adaptive,2026-07-04T12:33:52+01:00,6,1,66,6016,9,84.687634,710,725,710,15,2.0690,GLOBAL_BEST,0,777,1489,10602,2027,108,1,0,150000.0000,0.0000,0,0,0,0,0,0
n012w8-0,n012w8,0,5,500000,100.0,adaptive,2026-07-04T12:33:52+01:00,6,1,66,6017,9,84.685294,695,710,695,15,2.1127,GLOBAL_BEST,0,777,1489,10603,2027,109,1,0,150000.0000,0.0000,0,0,0,0,0,0
n012w8-0,n012w8,0,5,500000,100.0,adaptive,2026-07-04T12:33:52+01:00,6,1,66,6019,9,84.680614,650,695,650,45,6.4748,GLOBAL_BEST,0,777,1489,10608,2028,110,2,0,225000.0000,0.0000,0,0,0,0,0,0
n012w8-0,n012w8,0,5,500000,100.0,adaptive,2026-07-04T12:33:52+01:00,6,3,66,6098,9,0.000000,1375,1385,1375,10,0.7220,LOCAL_BEST,0,777,2271,11738,239,111,79,0,1265.8228,0.0000,0,0,0,0,0,0
n012w8-0,n012w8,0,5,500000,100.0,adaptive,2026-07-04T12:33:52+01:00,6,2,66,6448,10,0.000000,950,1030,950,80,7.7670,LOCAL_BEST,0,777,0,11957,1363,112,350,1,2285.7143,80000.0000,0,0,0,0,0,0
n012w8-0,n012w8,0,5,500000,100.0,adaptive,2026-07-04T12:33:52+01:00,6,2,66,11704,18,0.000000,855,950,855,95,10.0000,LOCAL_BEST,0,777,0,21185,3534,113,5256,8,180.7458,11875.0000,0,0,0,0,0,0
n012w8-0,n012w8,0,5,500000,100.0,adaptive,2026-07-04T12:33:52+01:00,6,3,66,12435,21,0.000000,1360,1375,1360,15,1.0909,LOCAL_BEST,0,777,4611,23998,525,114,731,3,205.1984,5000.0000,0,0,0,0,0,0
n012w8-0,n012w8,0,5,500000,100.0,adaptive,2026-07-04T12:33:52+01:00,6,3,66,12902,21,0.000000,1290,1360,1290,70,5.1471,LOCAL_BEST,0,777,4795,24852,543,115,467,0,1498.9293,0.0000,0,0,0,0,0,0
n012w8-0,n012w8,0,5,500000,100.0,adaptive,2026-07-04T12:33:52+01:00,6,5,66,16509,74,0.000000,370,390,370,20,5.1282,GLOBAL_BEST,1,777,0,27472,14017,116,3607,53,55.4477,377.3585,0,0,0,0,0,0
n012w8-0,n012w8,0,5,500000,100.0,adaptive,2026-07-04T12:33:52+01:00,6,2,66,16711,25,0.000000,850,855,850,5,0.5848,LOCAL_BEST,0,777,0,29904,6183,117,202,-49,247.5248,0.0000,0,0,0,0,0,0
n012w8-0,n012w8,0,5,500000,100.0,adaptive,2026-07-04T12:33:52+01:00,6,2,66,16713,25,0.000000,805,850,805,45,5.2941,LOCAL_BEST,0,777,0,29909,6184,118,2,0,225000.0000,0.0000,0,0,0,0,0,0
n012w8-0,n012w8,0,5,500000,100.0,adaptive,2026-07-04T12:33:52+01:00,6,2,66,18726,28,0.000000,735,805,735,70,8.6957,LOCAL_BEST,0,777,0,33390,7330,119,2013,3,347.7397,23333.3333,0,0,0,0,0,0
n012w8-0,n012w8,0,5,500000,100.0,adaptive,2026-07-04T12:33:52+01:00,6,2,66,18727,28,0.000000,630,735,630,105,14.2857,GLOBAL_BEST,0,777,0,33396,7330,120,1,0,1050000.0000,0.0000,0,0,0,0,0,0
n012w8-0,n012w8,0,5,500000,100.0,adaptive,2026-07-04T12:33:52+01:00,6,1,66,20884,31,56.157013,635,650,635,15,2.3077,LOCAL_BEST,0,777,4494,37285,8568,121,2157,3,69.5410,5000.0000,0,0,0,0,0,0
n012w8-0,n012w8,0,5,500000,100.0,adaptive,2026-07-04T12:33:52+01:00,6,1,66,20936,32,56.076384,620,635,620,15,2.3622,GLOBAL_BEST,0,777,4501,37371,8600,122,52,1,2884.6154,15000.0000,0,0,0,0,0,0
n012w8-0,n012w8,0,5,500000,100.0,adaptive,2026-07-04T12:33:52+01:00,6,1,66,20946,32,56.060892,575,620,575,45,7.2581,GLOBAL_BEST,0,777,4501,37387,8609,123,10,0,45000.0000,0.0000,0,0,0,0,0,0
n012w8-0,n012w8,0,5,500000,100.0,adaptive,2026-07-04T12:33:52+01:00,6,5,66,21198,81,0.000000,360,370,360,10,2.7027,GLOBAL_BEST,1,777,0,35436,18047,124,252,49,396.8254,204.0816,0,0,0,0,0,0
n012w8-0,n012w8,0,5,500000,100.0,adaptive,2026-07-04T12:33:52+01:00,6,4,66,25212,90,49.827374,505,555,505,50,9.0090,LOCAL_BEST,1,777,5145,45007,11048,125,4014,9,124.5640,5555.5556,0,0,0,0,0,0
n012w8-0,n012w8,0,5,500000,100.0,adaptive,2026-07-04T12:33:52+01:00,6,4,66,25379,90,49.597981,500,505,500,5,0.9901,LOCAL_BEST,1,777,5160,45334,11172,126,167,0,299.4012,0.0000,0,0,0,0,0,0
n012w8-0,n012w8,0,5,500000,100.0,adaptive,2026-07-04T12:33:52+01:00,6,4,66,25383,90,49.592500,470,500,470,30,6.0000,LOCAL_BEST,1,777,5160,45344,11175,127,4,0,75000.0000,0.0000,0,0,0,0,0,0
n012w8-0,n012w8,0,5,500000,100.0,adaptive,2026-07-04T12:33:52+01:00,6,3,66,27021,43,0.000000,1225,1290,1225,65,5.0388,LOCAL_BEST,0,777,10045,51838,1122,128,1638,-47,396.8254,0.0000,0,0,0,0,0,0
n012w8-0,n012w8,0,5,500000,100.0,adaptive,2026-07-04T12:33:52+01:00,6,2,66,29780,44,0.000000,600,630,600,30,4.7619,LOCAL_BEST,0,777,0,51980,14191,129,2759,1,108.7350,30000.0000,0,0,0,0,0,0
n012w8-0,n012w8,0,5,500000,100.0,adaptive,2026-07-04T12:33:52+01:00,6,5,66,30400,93,0.000000,345,360,345,15,4.1667,LOCAL_BEST,1,777,0,50604,26100,130,620,49,241.9355,306.1224,0,0,0,0,0,0
n012w8-0,n012w8,0,5,500000,100.0,adaptive,2026-07-04T12:33:52+01:00,6,5,66,30405,93,0.000000,300,345,300,45,13.0435,LOCAL_BEST,1,777,0,50614,26104,131,5,0,90000.0000,0.0000,0,0,0,0,0,0
n012w8-0,n012w8,0,5,500000,100.0,adaptive,2026-07-04T12:33:52+01:00,6,1,66,34493,51,38.556358,555,575,555,20,3.4783,GLOBAL_BEST,0,777,6559,60799,16254,132,4088,-42,48.9237,0.0000,0,0,0,0,0,0
n012w8-0,n012w8,0,5,500000,100.0,adaptive,2026-07-04T12:33:52+01:00,6,1,66,34499,51,38.549966,540,555,540,15,2.7027,GLOBAL_BEST,0,777,6559,60810,16259,133,6,0,25000.0000,0.0000,0,0,0,0,0,0
n012w8-0,n012w8,0,5,500000,100.0,adaptive,2026-07-04T12:33:52+01:00,6,4,66,34997,105,38.023142,460,470,460,10,2.1277,LOCAL_BEST,1,777,6485,62146,16899,134,498,54,200.8032,185.1852,0,0,0,0,0,0
n012w8-0,n012w8,0,5,500000,100.0,adaptive,2026-07-04T12:33:52+01:00,6,2,66,37680,56,0.000000,575,600,575,25,4.1667,LOCAL_BEST,0,777,0,65265,19856,135,2683,-49,93.1793,0.0000,0,0,0,0,0,0
n012w8-0,n012w8,0,5,500000,100.0,adaptive,2026-07-04T12:33:52+01:00,6,2,66,37811,56,0.000000,550,575,550,25,4.3478,LOCAL_BEST,0,777,0,65470,19957,136,131,0,1908.3969,0.0000,0,0,0,0,0,0
n012w8-0,n012w8,0,5,500000,100.0,adaptive,2026-07-04T12:33:52+01:00,6,2,66,38069,56,0.000000,535,550,535,15,2.7273,LOCAL_BEST,0,777,0,65945,20139,137,258,0,581.3953,0.0000,0,0,0,0,0,0
n012w8-0,n012w8,0,5,500000,100.0,adaptive,2026-07-04T12:33:52+01:00,6,2,66,39224,58,0.000000,505,535,505,30,5.6075,LOCAL_BEST,0,777,0,67909,20989,138,1155,2,259.7403,15000.0000,0,0,0,0,0,0
n012w8-0,n012w8,0,5,500000,100.0,adaptive,2026-07-04T12:33:52+01:00,6,3,66,39572,63,0.000000,1210,1225,1210,15,1.2245,LOCAL_BEST,0,777,14752,75712,1621,139,348,5,431.0345,3000.0000,0,0,0,0,0,0
n012w8-0,n012w8,0,5,500000,100.0,adaptive,2026-07-04T12:33:52+01:00,6,1,66,42443,63,30.952519,510,540,510,30,5.5556,LOCAL_BEST,0,777,7359,74436,21640,140,2871,0,104.4932,0.0000,0,0,0,0,0,0
n012w8-0,n012w8,0,5,500000,100.0,adaptive,2026-07-04T12:33:52+01:00,6,4,66,42574,116,30.840684,445,460,445,15,3.2609,LOCAL_BEST,1,777,7278,74838,22045,141,131,53,1145.0382,283.0189,0,0,0,0,0,0
n012w8-0,n012w8,0,5,500000,100.0,adaptive,2026-07-04T12:33:52+01:00,6,4,66,42575,116,30.839832,415,445,415,30,6.7416,LOCAL_BEST,1,777,7278,74839,22045,142,1,0,300000.0000,0.0000,0,0,0,0,0,0
n012w8-0,n012w8,0,5,500000,100.0,adaptive,2026-07-04T12:33:52+01:00,6,2,66,42720,63,0.000000,495,505,495,10,1.9802,LOCAL_BEST,0,777,0,73869,23576,143,145,-53,689.6552,0.0000,0,0,0,0,0,0
n012w8-0,n012w8,0,5,500000,100.0,adaptive,2026-07-04T12:33:52+01:00,6,3,66,42902,68,0.000000,1130,1210,1130,80,6.6116,LOCAL_BEST,0,777,16013,82375,1760,144,182,5,4395.6044,16000.0000,0,0,0,0,0,0
n012w8-0,n012w8,0,5,500000,100.0,adaptive,2026-07-04T12:33:52+01:00,6,1,66,43459,65,30.095669,480,510,480,30,5.8824,LOCAL_BEST,0,777,7449,76124,22371,145,557,-3,538.5996,0.0000,0,0,0,0,0,0
n012w8-0,n012w8,0,5,500000,100.0,adaptive,2026-07-04T12:33:52+01:00,6,5,66,43904,110,0.000000,290,300,290,10,3.3333,LOCAL_BEST,1,777,0,72326,38302,146,445,45,224.7191,222.2222,0,0,0,0,0,0
n012w8-0,n012w8,0,5,500000,100.0,adaptive,2026-07-04T12:33:52+01:00,6,1,66,47456,70,26.948835,475,480,475,5,1.0417,LOCAL_BEST,0,777,7784,82937,25268,147,3552,-40,14.0766,0.0000,0,0,0,0,0,0
n012w8-0,n012w8,0,5,500000,100.0,adaptive,2026-07-04T12:33:52+01:00,6,1,66,47465,70,26.942135,445,475,445,30,6.3158,LOCAL_BEST,0,777,7784,82950,25276,148,9,0,33333.3333,0.0000,0,0,0,0,0,0
n012w8-0,n012w8,0,5,500000,100.0,adaptive,2026-07-04T12:33:52+01:00,6,1,66,47480,70,26.930970,415,445,415,30,6.7416,LOCAL_BEST,0,777,7784,82976,25288,149,15,0,20000.0000,0.0000,0,0,0,0,0,0
n012w8-0,n012w8,0,5,500000,100.0,adaptive,2026-07-04T12:33:52+01:00,6,2,66,48767,71,0.000000,475,495,475,20,4.0404,LOCAL_BEST,0,777,0,84285,28300,150,1287,1,155.4002,20000.0000,0,0,0,0,0,0
n012w8-0,n012w8,0,5,500000,100.0,adaptive,2026-07-04T12:33:52+01:00,6,1,66,50873,75,24.520877,370,415,370,45,10.8434,LOCAL_BEST,0,777,8038,88752,27783,151,2106,4,213.6752,11250.0000,0,0,0,0,0,0
n012w8-0,n012w8,0,5,500000,100.0,adaptive,2026-07-04T12:33:52+01:00,6,7,66,53663,184,22.701576,300,310,300,10,3.2258,LOCAL_BEST,2,777,8026,92943,30147,152,2790,109,35.8423,91.7431,0,0,0,0,0,0
n012w8-0,n012w8,0,5,500000,100.0,adaptive,2026-07-04T12:33:52+01:00,6,2,66,53903,78,0.000000,470,475,470,5,1.0526,LOCAL_BEST,0,777,0,92762,32317,153,240,-106,208.3333,0.0000,0,0,0,0,0,0
n012w8-0,n012w8,0,5,500000,100.0,adaptive,2026-07-04T12:33:52+01:00,6,2,66,54074,78,0.000000,465,470,465,5,1.0638,LOCAL_BEST,0,777,0,92980,32451,154,171,0,292.3977,0.0000,0,0,0,0,0,0
n012w8-0,n012w8,0,5,500000,100.0,adaptive,2026-07-04T12:33:52+01:00,6,2,66,54493,79,0.000000,415,465,415,50,10.7527,LOCAL_BEST,0,777,0,93649,32796,155,419,1,1193.3174,50000.0000,0,0,0,0,0,0
n012w8-0,n012w8,0,5,500000,100.0,adaptive,2026-07-04T12:33:52+01:00,6,2,66,55293,81,0.000000,400,415,400,15,3.6145,LOCAL_BEST,0,777,0,95012,33442,156,800,2,187.5000,7500.0000,0,0,0,0,0,0
n012w8-0,n012w8,0,5,500000,100.0,adaptive,2026-07-04T12:33:52+01:00,6,4,66,56078,134,21.236161,400,415,400,15,3.6145,LOCAL_BEST,1,777,8222,97737,32315,157,785,53,191.0828,283.0189,0,0,0,0,0,0
n012w8-0,n012w8,0,5,500000,100.0,adaptive,2026-07-04T12:33:52+01:00,6,4,66,56084,134,21.232640,385,400,385,15,3.7500,LOCAL_BEST,1,777,8222,97747,32319,158,6,0,25000.0000,0.0000,0,0,0,0,0,0
n012w8-0,n012w8,0,5,500000,100.0,adaptive,2026-07-04T12:33:52+01:00,6,4,66,56109,134,21.217978,370,385,370,15,3.8961,LOCAL_BEST,1,777,8222,97775,32341,159,25,0,6000.0000,0.0000,0,0,0,0,0,0
n012w8-0,n012w8,0,5,500000,100.0,adaptive,2026-07-04T12:33:52+01:00,6,1,66,56700,84,20.874304,345,370,345,25,6.7568,GLOBAL_BEST,0,777,8352,98337,32467,160,591,-50,423.0118,0.0000,0,0,0,0,0,0
n012w8-0,n012w8,0,5,500000,100.0,adaptive,2026-07-04T12:33:52+01:00,6,1,66,56818,84,20.806355,330,345,330,15,4.3478,GLOBAL_BEST,0,777,8352,98527,32579,161,118,0,1271.1864,0.0000,0,0,0,0,0,0
n012w8-0,n012w8,0,5,500000,100.0,adaptive,2026-07-04T12:33:52+01:00,6,7,66,58896,196,19.645360,280,300,280,20,6.6667,LOCAL_BEST,2,777,8261,101397,34437,162,2078,112,96.2464,178.5714,0,0,0,0,0,0
n012w8-0,n012w8,0,5,500000,100.0,adaptive,2026-07-04T12:33:52+01:00,6,4,66,59112,139,19.528460,360,370,360,10,2.7027,LOCAL_BEST,1,777,8370,102825,34795,163,216,-57,462.9630,0.0000,0,0,0,0,0,0
n012w8-0,n012w8,0,5,500000,100.0,adaptive,2026-07-04T12:33:52+01:00,6,4,66,59134,139,19.516593,355,360,355,5,1.3889,LOCAL_BEST,1,777,8370,102881,34815,164,22,0,2272.7273,0.0000,0,0,0,0,0,0
n012w8-0,n012w8,0,5,500000,100.0,adaptive,2026-07-04T12:33:52+01:00,6,4,66,59137,139,19.514975,295,355,295,60,16.9014,LOCAL_BEST,1,777,8370,102884,34817,165,3,0,200000.0000,0.0000,0,0,0,0,0,0
n012w8-0,n012w8,0,5,500000,100.0,adaptive,2026-07-04T12:33:52+01:00,6,4,66,59139,139,19.513897,280,295,280,15,5.0847,LOCAL_BEST,1,777,8370,102885,34818,166,2,0,75000.0000,0.0000,0,0,0,0,0,0
n012w8-0,n012w8,0,5,500000,100.0,adaptive,2026-07-04T12:33:52+01:00,6,2,66,59992,87,0.000000,385,400,385,15,3.7500,LOCAL_BEST,0,777,0,102627,37172,167,853,-52,175.8499,0.0000,0,0,0,0,0,0
n012w8-0,n012w8,0,5,500000,100.0,adaptive,2026-07-04T12:33:52+01:00,6,1,66,62292,91,17.885785,310,330,310,20,6.0606,GLOBAL_BEST,0,777,8618,107697,37045,168,2300,4,86.9565,5000.0000,0,0,0,0,0,0
n012w8-0,n012w8,0,5,500000,100.0,adaptive,2026-07-04T12:33:52+01:00,6,1,66,62316,91,17.873928,295,310,295,15,4.8387,GLOBAL_BEST,0,777,8618,107732,37067,169,24,0,6250.0000,0.0000,0,0,0,0,0,0
n012w8-0,n012w8,0,5,500000,100.0,adaptive,2026-07-04T12:33:52+01:00,6,2,66,66148,95,0.000000,370,385,370,15,3.8961,LOCAL_BEST,0,777,0,112933,42163,170,3832,4,39.1441,3750.0000,0,0,0,0,0,0
n012w8-0,n012w8,0,5,500000,100.0,adaptive,2026-07-04T12:33:52+01:00,6,7,66,67754,211,15.380271,270,280,270,10,3.5714,LOCAL_BEST,2,777,8608,115785,41840,171,1606,116,62.2665,86.2069,0,0,0,0,0,0
n012w8-0,n012w8,0,5,500000,100.0,adaptive,2026-07-04T12:33:52+01:00,6,1,66,68244,99,15.173438,280,295,280,15,5.0847,LOCAL_BEST,0,777,8802,117645,42135,172,490,-112,306.1224,0.0000,0,0,0,0,0,0
n012w8-0,n012w8,0,5,500000,100.0,adaptive,2026-07-04T12:33:52+01:00,6,2,66,68821,100,0.000000,340,370,340,30,8.1081,LOCAL_BEST,0,777,0,117271,44445,173,577,1,519.9307,30000.0000,0,0,0,0,0,0
n012w8-0,n012w8,0,5,500000,100.0,adaptive,2026-07-04T12:33:52+01:00,6,4,66,69962,153,14.469982,250,280,250,30,10.7143,LOCAL_BEST,1,777,8770,120885,43975,174,1141,53,262.9273,566.0377,0,0,0,0,0,0
n012w8-0,n012w8,0,5,500000,100.0,adaptive,2026-07-04T12:33:52+01:00,6,4,66,70338,154,14.320428,245,250,245,5,2.0000,LOCAL_BEST,1,777,8775,121577,44321,175,376,1,132.9787,5000.0000,0,0,0,0,0,0
n012w8-0,n012w8,0,5,500000,100.0,adaptive,2026-07-04T12:33:52+01:00,6,2,66,72177,106,0.000000,335,340,335,5,1.4706,LOCAL_BEST,0,777,0,122585,47291,176,1839,-48,27.1887,0.0000,0,0,0,0,0,0
n012w8-0,n012w8,0,5,500000,100.0,adaptive,2026-07-04T12:33:52+01:00,6,4,66,73733,158,13.038151,235,245,235,10,4.0816,LOCAL_BEST,1,777,8857,127103,47314,177,1556,52,64.2674,192.3077,0,0,0,0,0,0
n012w8-0,n012w8,0,5,500000,100.0,adaptive,2026-07-04T12:33:52+01:00,6,4,66,73738,158,13.036350,230,235,230,5,2.1277,GLOBAL_BEST,1,777,8857,127106,47317,178,5,0,10000.0000,0.0000,0,0,0,0,0,0
n012w8-0,n012w8,0,5,500000,100.0,adaptive,2026-07-04T12:33:52+01:00,6,5,66,77489,159,0.000000,280,290,280,10,3.4483,LOCAL_BEST,1,777,0,125435,68890,179,3751,1,26.6596,10000.0000,0,0,0,0,0,0
n012w8-0,n012w8,0,5,500000,100.0,adaptive,2026-07-04T12:33:52+01:00,6,10,66,77683,271,11.690040,235,250,235,15,6.0000,LOCAL_BEST,4,777,8966,133319,50234,180,194,112,773.1959,133.9286,0,0,0,0,0,0
n012w8-0,n012w8,0,5,500000,100.0,adaptive,2026-07-04T12:33:52+01:00,6,5,66,78680,161,0.000000,265,280,265,15,5.3571,LOCAL_BEST,1,777,0,127352,69962,181,997,-110,150.4514,0.0000,0,0,0,0,0,0
n012w8-0,n012w8,0,5,500000,100.0,adaptive,2026-07-04T12:33:52+01:00,6,1,66,79623,114,11.079904,265,280,265,15,5.3571,LOCAL_BEST,0,777,9026,136533,52026,182,943,-47,159.0668,0.0000,0,0,0,0,0,0
n012w8-0,n012w8,0,5,500000,100.0,adaptive,2026-07-04T12:33:52+01:00,6,2,66,80265,118,0.000000,325,335,325,10,2.9851,LOCAL_BEST,0,777,0,135877,54258,183,642,4,155.7632,2500.0000,0,0,0,0,0,0
n012w8-0,n012w8,0,5,500000,100.0,adaptive,2026-07-04T12:33:52+01:00,6,2,66,80810,119,0.000000,315,325,315,10,3.0769,LOCAL_BEST,0,777,0,136728,54730,184,545,1,183.4862,10000.0000,0,0,0,0,0,0
n012w8-0,n012w8,0,5,500000,100.0,adaptive,2026-07-04T12:33:52+01:00,6,5,66,82403,167,0.000000,250,265,250,15,5.6604,LOCAL_BEST,1,777,0,133609,73380,185,1593,48,94.1620,312.5000,0,0,0,0,0,0
n012w8-0,n012w8,0,5,500000,100.0,adaptive,2026-07-04T12:33:52+01:00,6,2,66,83376,123,0.000000,300,315,300,15,4.7619,LOCAL_BEST,0,777,0,141001,56879,186,973,-44,154.1624,0.0000,0,0,0,0,0,0
n012w8-0,n012w8,0,5,500000,100.0,adaptive,2026-07-04T12:33:52+01:00,6,2,66,92575,136,0.000000,295,300,295,5,1.6667,LOCAL_BEST,0,777,0,156171,64914,187,9199,13,5.4354,384.6154,0,0,0,0,0,0
n012w8-0,n012w8,0,5,500000,100.0,adaptive,2026-07-04T12:33:52+01:00,6,7,66,92636,248,7.733570,265,270,265,5,1.8519,LOCAL_BEST,2,777,8960,154531,64414,188,61,112,819.6721,44.6429,0,0,0,0,0,0
n012w8-0,n012w8,0,5,500000,100.0,adaptive,2026-07-04T12:33:52+01:00,6,2,66,93066,137,0.000000,290,295,290,5,1.6949,LOCAL_BEST,0,777,0,157008,65334,189,430,-111,116.2791,0.0000,0,0,0,0,0,0
n012w8-0,n012w8,0,5,500000,100.0,adaptive,2026-07-04T12:33:52+01:00,6,1,66,95185,136,7.207622,250,265,250,15,5.6604,GLOBAL_BEST,0,777,9159,162017,66512,190,2119,-1,70.7881,0.0000,0,0,0,0,0,0
n012w8-0,n012w8,0,5,500000,100.0,adaptive,2026-07-04T12:33:52+01:00,6,1,66,97818,142,6.701870,235,250,235,15,6.0000,LOCAL_BEST,0,777,9166,166367,68962,191,2633,6,56.9692,2500.0000,0,0,0,0,0,0
n012w8-0,n012w8,0,5,500000,100.0,adaptive,2026-07-04T12:33:52+01:00,6,2,66,118059,174,0.000000,285,290,285,5,1.7241,LOCAL_BEST,0,777,0,197154,88282,192,20241,32,2.4702,156.2500,0,0,0,0,0,0
n012w8-0,n012w8,0,5,500000,100.0,adaptive,2026-07-04T12:33:52+01:00,6,2,66,118061,174,0.000000,270,285,270,15,5.2632,LOCAL_BEST,0,777,0,197161,88283,193,2,0,75000.0000,0.0000,0,0,0,0,0,0
n012w8-0,n012w8,0,5,500000,100.0,adaptive,2026-07-04T12:33:52+01:00,6,2,66,123347,184,0.000000,265,270,265,5,1.8519,LOCAL_BEST,0,777,0,205266,92944,194,5286,10,9.4589,500.0000,0,0,0,0,0,0
n012w8-0,n012w8,0,5,500000,100.0,adaptive,2026-07-04T12:33:52+01:00,6,4,66,123738,246,3.274492,245,230,230,0,0.0000,REHEAT,1,777,9099,207838,94357,195,391,62,0.0000,0.0000,0,0,0,0,0,0
n012w8-0,n012w8,0,5,500000,100.0,adaptive,2026-07-04T12:33:52+01:00,6,2,66,123762,186,0.000000,260,265,260,5,1.8868,LOCAL_BEST,0,777,0,205933,93291,196,24,-60,2083.3333,0.0000,0,0,0,0,0,0
n012w8-0,n012w8,0,5,500000,100.0,adaptive,2026-07-04T12:33:52+01:00,6,2,66,125180,190,0.000000,240,260,240,20,7.6923,LOCAL_BEST,0,777,0,208109,94558,197,1418,4,141.0437,5000.0000,0,0,0,0,0,0
n012w8-0,n012w8,0,5,500000,100.0,adaptive,2026-07-04T12:33:52+01:00,6,1,66,147818,245,1.683387,235,235,235,0,0.0000,REHEAT,0,777,9219,247904,115893,198,22638,55,0.0000,0.0000,0,0,0,0,0,0
n012w8-0,n012w8,0,5,500000,100.0,adaptive,2026-07-04T12:33:52+01:00,6,4,66,173738,343,25.118864,760,230,230,0,0.0000,REHEAT,1,777,17012,293735,121386,199,25920,98,0.0000,0.0000,0,0,0,0,0,0
n012w8-0,n012w8,0,5,500000,100.0,adaptive,2026-07-04T12:33:52+01:00,6,5,66,188281,345,0.000000,245,250,245,5,2.0000,LOCAL_BEST,1,777,0,306027,172269,200,14543,2,3.4381,2500.0000,0,0,0,0,0,0
n012w8-0,n012w8,0,5,500000,100.0,adaptive,2026-07-04T12:33:52+01:00,6,1,66,197818,350,25.118864,485,235,235,0,0.0000,REHEAT,0,777,17002,333788,143144,201,9537,5,0.0000,0.0000,0,0,0,0,0,0
n012w8-0,n012w8,0,5,500000,100.0,adaptive,2026-07-04T12:33:52+01:00,6,5,66,205392,373,0.000000,230,245,230,15,6.1224,LOCAL_BEST,1,777,0,333855,188260,202,7574,23,19.8046,652.1739,0,0,0,0,0,0
n012w8-0,n012w8,0,5,500000,100.0,adaptive,2026-07-04T12:33:52+01:00,6,4,66,223738,425,25.118864,785,230,230,0,0.0000,REHEAT,1,777,24968,380921,148325,203,18346,52,0.0000,0.0000,0,0,0,0,0,0
n012w8-0,n012w8,0,5,500000,100.0,adaptive,2026-07-04T12:33:52+01:00,6,3,66,244536,510,0.000000,965,1130,965,165,14.6018,LOCAL_BEST,0,777,91322,469582,10221,204,20798,85,79.3346,1941.1765,0,0,0,0,0,0
n012w8-0,n012w8,0,5,500000,100.0,adaptive,2026-07-04T12:33:52+01:00,6,5,66,245838,446,0.000000,220,230,220,10,4.3478,GLOBAL_BEST,1,777,0,399183,226466,205,1302,-64,76.8049,0.0000,0,0,0,0,0,0
n012w8-0,n012w8,0,5,500000,100.0,adaptive,2026-07-04T12:33:52+01:00,6,1,66,247818,433,25.118864,620,235,235,0,0.0000,REHEAT,0,777,24758,421024,170660,206,1980,-13,0.0000,0.0000,0,0,0,0,0,0
n012w8-0,n012w8,0,5,500000,100.0,adaptive,2026-07-04T12:33:52+01:00,6,4,66,273738,514,25.118864,710,230,230,0,0.0000,REHEAT,1,777,32864,467706,175835,207,25920,81,0.0000,0.0000,0,0,0,0,0,0
n012w8-0,n012w8,0,5,500000,100.0,adaptive,2026-07-04T12:33:52+01:00,6,1,66,297818,540,25.118864,570,235,235,0,0.0000,REHEAT,0,777,32579,508730,198041,208,24080,26,0.0000,0.0000,0,0,0,0,0,0
n012w8-0,n012w8,0,5,500000,100.0,adaptive,2026-07-04T12:33:52+01:00,6,4,66,323738,624,25.118864,755,230,230,0,0.0000,REHEAT,1,777,40667,554579,203234,209,25920,84,0.0000,0.0000,0,0,0,0,0,0
n012w8-0,n012w8,0,5,500000,100.0,adaptive,2026-07-04T12:33:52+01:00,6,1,66,347818,649,25.118864,680,235,235,0,0.0000,REHEAT,0,777,40424,596007,225584,210,24080,25,0.0000,0.0000,0,0,0,0,0,0
n012w8-0,n012w8,0,5,500000,100.0,adaptive,2026-07-04T12:33:52+01:00,6,4,66,373738,738,25.118864,565,230,230,0,0.0000,REHEAT,1,777,48601,642388,230470,211,25920,89,0.0000,0.0000,0,0,0,0,0,0
n012w8-0,n012w8,0,5,500000,100.0,adaptive,2026-07-04T12:33:52+01:00,6,1,66,397818,759,25.118864,680,235,235,0,0.0000,REHEAT,0,777,48265,683639,252935,212,24080,21,0.0000,0.0000,0,0,0,0,0,0
n012w8-0,n012w8,0,5,500000,100.0,adaptive,2026-07-04T12:33:52+01:00,6,4,66,423738,843,25.118864,715,230,230,0,0.0000,REHEAT,1,777,56470,729485,258035,213,25920,84,0.0000,0.0000,0,0,0,0,0,0
n012w8-0,n012w8,0,5,500000,100.0,adaptive,2026-07-04T12:33:52+01:00,6,1,66,447818,872,25.118864,715,235,235,0,0.0000,REHEAT,0,777,56114,771002,280182,214,24080,29,0.0000,0.0000,0,0,0,0,0,0
n012w8-0,n012w8,0,5,500000,100.0,adaptive,2026-07-04T12:33:52+01:00,6,4,66,473738,951,25.118864,475,230,230,0,0.0000,REHEAT,1,777,64347,817073,285450,215,25920,79,0.0000,0.0000,0,0,0,0,0,0
n012w8-0,n012w8,0,5,500000,100.0,adaptive,2026-07-04T12:33:52+01:00,6,1,66,497818,983,25.118864,550,235,235,0,0.0000,REHEAT,0,777,64007,857721,307509,216,24080,32,0.0000,0.0000,0,0,0,0,0,0
n012w8-0,n012w8,0,5,500000,100.0,adaptive,2026-07-04T12:33:52+01:00,7,1,97,1,1,100.000000,3295,3325,3295,30,0.9023,GLOBAL_BEST,0,42,0,0,0,1,1,1,300000.0000,30000.0000,0,0,0,0,0,0
n012w8-0,n012w8,0,5,500000,100.0,adaptive,2026-07-04T12:33:52+01:00,7,3,97,1,1,0.000000,3280,3325,3280,45,1.3534,LOCAL_BEST,0,42,0,8,0,2,0,0,0.0000,0.0000,0,0,0,0,0,0
n012w8-0,n012w8,0,5,500000,100.0,adaptive,2026-07-04T12:33:52+01:00,7,1,97,2,1,99.997237,3265,3295,3265,30,0.9105,GLOBAL_BEST,0,42,0,5,0,3,1,0,300000.0000,0.0000,0,0,0,0,0,0
n012w8-0,n012w8,0,5,500000,100.0,adaptive,2026-07-04T12:33:52+01:00,7,2,97,2,1,0.000000,3315,3325,3315,10,0.3008,LOCAL_BEST,0,42,0,9,0,4,0,0,0.0000,0.0000,0,0,0,0,0,0
n012w8-0,n012w8,0,5,500000,100.0,adaptive,2026-07-04T12:33:52+01:00,7,3,97,3,1,0.000000,3165,3280,3165,115,3.5061,GLOBAL_BEST,0,42,0,12,0,5,1,0,1150000.0000,0.0000,0,0,0,0,0,0
n012w8-0,n012w8,0,5,500000,100.0,adaptive,2026-07-04T12:33:52+01:00,7,1,97,4,1,99.991711,3250,3265,3250,15,0.4594,GLOBAL_BEST,0,42,0,8,0,6,1,0,150000.0000,0.0000,0,0,0,0,0,0
n012w8-0,n012w8,0,5,500000,100.0,adaptive,2026-07-04T12:33:52+01:00,7,2,97,4,1,0.000000,3165,3315,3165,150,4.5249,LOCAL_BEST,0,42,0,11,1,7,0,0,0.0000,0.0000,0,0,0,0,0,0
n012w8-0,n012w8,0,5,500000,100.0,adaptive,2026-07-04T12:33:52+01:00,7,1,97,5,1,99.988948,3220,3250,3220,30,0.9231,GLOBAL_BEST,0,42,0,8,0,8,1,0,300000.0000,0.0000,0,0,0,0,0,0
n012w8-0,n012w8,0,5,500000,100.0,adaptive,2026-07-04T12:33:52+01:00,7,2,97,5,1,0.000000,3150,3165,3150,15,0.4739,LOCAL_BEST,0,42,0,13,1,9,0,0,0.0000,0.0000,0,0,0,0,0,0
n012w8-0,n012w8,0,5,500000,100.0,adaptive,2026-07-04T12:33:52+01:00,7,3,97,6,1,0.000000,3015,3165,3015,150,4.7393,LOCAL_BEST,0,42,0,16,1,10,1,0,1500000.0000,0.0000,0,0,0,0,0,0
n012w8-0,n012w8,0,5,500000,100.0,adaptive,2026-07-04T12:33:52+01:00,7,1,97,7,1,99.983423,2935,3220,2935,285,8.8509,GLOBAL_BEST,0,42,0,14,0,11,1,0,2850000.0000,0.0000,0,0,0,0,0,0
n012w8-0,n012w8,0,5,500000,100.0,adaptive,2026-07-04T12:33:52+01:00,7,2,97,7,1,0.000000,3105,3150,3105,45,1.4286,LOCAL_BEST,0,42,0,14,1,12,0,0,0.0000,0.0000,0,0,0,0,0,0
n012w8-0,n012w8,0,5,500000,100.0,adaptive,2026-07-04T12:33:52+01:00,7,2,97,8,1,0.000000,3075,3105,3075,30,0.9662,LOCAL_BEST,0,42,0,15,1,13,1,0,300000.0000,0.0000,0,0,0,0,0,0
n012w8-0,n012w8,0,5,500000,100.0,adaptive,2026-07-04T12:33:52+01:00,7,1,97,9,1,99.977898,2835,2935,2835,100,3.4072,GLOBAL_BEST,0,42,0,21,0,14,1,0,1000000.0000,0.0000,0,0,0,0,0,0
n012w8-0,n012w8,0,5,500000,100.0,adaptive,2026-07-04T12:33:52+01:00,7,2,97,12,1,0.000000,3060,3075,3060,15,0.4878,LOCAL_BEST,0,42,0,21,1,15,3,0,50000.0000,0.0000,0,0,0,0,0,0
n012w8-0,n012w8,0,5,500000,100.0,adaptive,2026-07-04T12:33:52+01:00,7,3,97,13,1,0.000000,2970,3015,2970,45,1.4925,LOCAL_BEST,0,42,0,26,1,16,1,0,450000.0000,0.0000,0,0,0,0,0,0
n012w8-0,n012w8,0,5,500000,100.0,adaptive,2026-07-04T12:33:52+01:00,7,1,97,17,1,99.955800,2715,2835,2715,120,4.2328,GLOBAL_BEST,0,42,2,31,1,17,4,0,300000.0000,0.0000,0,0,0,0,0,0
n012w8-0,n012w8,0,5,500000,100.0,adaptive,2026-07-04T12:33:52+01:00,7,3,97,17,1,0.000000,2910,2970,2910,60,2.0202,LOCAL_BEST,0,42,0,33,1,18,0,0,0.0000,0.0000,0,0,0,0,0,0
n012w8-0,n012w8,0,5,500000,100.0,adaptive,2026-07-04T12:33:52+01:00,7,1,97,18,1,99.953038,2655,2715,2655,60,2.2099,GLOBAL_BEST,0,42,2,32,1,19,1,0,600000.0000,0.0000,0,0,0,0,0,0
n012w8-0,n012w8,0,5,500000,100.0,adaptive,2026-07-04T12:33:52+01:00,7,2,97,18,1,0.000000,3055,3060,3055,5,0.1634,LOCAL_BEST,0,42,0,39,1,20,0,0,0.0000,0.0000,0,0,0,0,0,0
n012w8-0,n012w8,0,5,500000,100.0,adaptive,2026-07-04T12:33:52+01:00,7,3,97,22,1,0.000000,2820,2910,2820,90,3.0928,LOCAL_BEST,0,42,2,38,1,21,4,0,225000.0000,0.0000,0,0,0,0,0,0
n012w8-0,n012w8,0,5,500000,100.0,adaptive,2026-07-04T12:33:52+01:00,7,8,97,24,52,0.000000,470,485,470,15,3.0928,LOCAL_BEST,3,42,0,47,23,22,2,51,75000.0000,294.1176,0,0,0,0,0,0
n012w8-0,n012w8,0,5,500000,100.0,adaptive,2026-07-04T12:33:52+01:00,7,1,97,25,1,99.933708,2550,2655,2550,105,3.9548,GLOBAL_BEST,0,42,4,54,2,23,1,-51,1050000.0000,0.0000,0,0,0,0,0,0
n012w8-0,n012w8,0,5,500000,100.0,adaptive,2026-07-04T12:33:52+01:00,7,5,97,25,50,0.000000,545,575,545,30,5.2174,GLOBAL_BEST,1,42,0,47,20,24,0,49,0.0000,612.2449,0,0,0,0,0,0
n012w8-0,n012w8,0,5,500000,100.0,adaptive,2026-07-04T12:33:52+01:00,7,3,97,26,1,0.000000,2790,2820,2790,30,1.0638,LOCAL_BEST,0,42,3,47,1,25,1,-49,300000.0000,0.0000,0,0,0,0,0,0
n012w8-0,n012w8,0,5,500000,100.0,adaptive,2026-07-04T12:33:52+01:00,7,3,97,28,1,0.000000,2715,2790,2715,75,2.6882,LOCAL_BEST,0,42,3,50,1,26,2,0,375000.0000,0.0000,0,0,0,0,0,0
n012w8-0,n012w8,0,5,500000,100.0,adaptive,2026-07-04T12:33:52+01:00,7,11,97,28,89,0.000000,255,270,255,15,5.5556,GLOBAL_BEST,4,42,0,34,27,27,0,88,0.0000,170.4545,0,0,0,0,0,0
n012w8-0,n012w8,0,5,500000,100.0,adaptive,2026-07-04T12:33:52+01:00,7,3,97,29,1,0.000000,2685,2715,2685,30,1.1050,LOCAL_BEST,0,42,3,52,1,28,1,-88,300000.0000,0.0000,0,0,0,0,0,0
n012w8-0,n012w8,0,5,500000,100.0,adaptive,2026-07-04T12:33:52+01:00,7,3,97,30,1,0.000000,2635,2685,2635,50,1.8622,LOCAL_BEST,0,42,3,54,1,29,1,0,500000.0000,0.0000,0,0,0,0,0,0
n012w8-0,n012w8,0,5,500000,100.0,adaptive,2026-07-04T12:33:52+01:00,7,2,97,30,1,0.000000,2920,3055,2920,135,4.4190,LOCAL_BEST,0,42,0,71,2,30,0,0,0.0000,0.0000,0,0,0,0,0,0
n012w8-0,n012w8,0,5,500000,100.0,adaptive,2026-07-04T12:33:52+01:00,7,1,97,31,1,99.917141,2430,2550,2430,120,4.7059,GLOBAL_BEST,0,42,6,61,4,31,1,0,1200000.0000,0.0000,0,0,0,0,0,0
n012w8-0,n012w8,0,5,500000,100.0,adaptive,2026-07-04T12:33:52+01:00,7,1,97,32,1,99.914381,2400,2430,2400,30,1.2346,GLOBAL_BEST,0,42,6,61,4,32,1,0,300000.0000,0.0000,0,0,0,0,0,0
n012w8-0,n012w8,0,5,500000,100.0,adaptive,2026-07-04T12:33:52+01:00,7,5,97,32,50,0.000000,495,545,495,50,9.1743,GLOBAL_BEST,1,42,0,60,26,33,0,49,0.0000,1020.4082,0,0,0,0,0,0
n012w8-0,n012w8,0,5,500000,100.0,adaptive,2026-07-04T12:33:52+01:00,7,3,97,34,1,0.000000,2605,2635,2605,30,1.1385,LOCAL_BEST,0,42,3,62,1,34,2,-49,150000.0000,0.0000,0,0,0,0,0,0
n012w8-0,n012w8,0,5,500000,100.0,adaptive,2026-07-04T12:33:52+01:00,7,3,97,35,1,0.000000,2475,2605,2475,130,4.9904,LOCAL_BEST,0,42,3,66,1,35,1,0,1300000.0000,0.0000,0,0,0,0,0,0
n012w8-0,n012w8,0,5,500000,100.0,adaptive,2026-07-04T12:33:52+01:00,7,1,97,35,1,99.906099,2280,2400,2280,120,5.0000,GLOBAL_BEST,0,42,7,69,4,36,0,0,0.0000,0.0000,0,0,0,0,0,0
n012w8-0,n012w8,0,5,500000,100.0,adaptive,2026-07-04T12:33:52+01:00,7,1,97,36,1,99.903338,2190,2280,2190,90,3.9474,GLOBAL_BEST,0,42,7,72,4,37,1,0,900000.0000,0.0000,0,0,0,0,0,0
n012w8-0,n012w8,0,5,500000,100.0,adaptive,2026-07-04T12:33:52+01:00,7,2,97,41,1,0.000000,2890,2920,2890,30,1.0274,LOCAL_BEST,0,42,0,89,2,38,5,0,60000.0000,0.0000,0,0,0,0,0,0
n012w8-0,n012w8,0,5,500000,100.0,adaptive,2026-07-04T12:33:52+01:00,7,2,97,47,1,0.000000,2800,2890,2800,90,3.1142,LOCAL_BEST,0,42,0,110,2,39,6,0,150000.0000,0.0000,0,0,0,0,0,0
n012w8-0,n012w8,0,5,500000,100.0,adaptive,2026-07-04T12:33:52+01:00,7,2,97,48,1,0.000000,2590,2800,2590,210,7.5000,LOCAL_BEST,0,42,0,113,2,40,1,0,2100000.0000,0.0000,0,0,0,0,0,0
n012w8-0,n012w8,0,5,500000,100.0,adaptive,2026-07-04T12:33:52+01:00,7,2,97,49,1,0.000000,2530,2590,2530,60,2.3166,LOCAL_BEST,0,42,0,113,2,41,1,0,600000.0000,0.0000,0,0,0,0,0,0
n012w8-0,n012w8,0,5,500000,100.0,adaptive,2026-07-04T12:33:52+01:00,7,2,97,58,1,0.000000,2500,2530,2500,30,1.1858,LOCAL_BEST,0,42,0,132,2,42,9,0,33333.3333,0.0000,0,0,0,0,0,0
n012w8-0,n012w8,0,5,500000,100.0,adaptive,2026-07-04T12:33:52+01:00,7,2,97,59,1,0.000000,2395,2500,2395,105,4.2000,LOCAL_BEST,0,42,0,132,2,43,1,0,1050000.0000,0.0000,0,0,0,0,0,0
n012w8-0,n012w8,0,5,500000,100.0,adaptive,2026-07-04T12:33:52+01:00,7,1,97,61,1,99.834351,2175,2190,2175,15,0.6849,GLOBAL_BEST,0,42,11,136,12,44,2,0,75000.0000,0.0000,0,0,0,0,0,0
n012w8-0,n012w8,0,5,500000,100.0,adaptive,2026-07-04T12:33:52+01:00,7,2,97,61,1,0.000000,2355,2395,2355,40,1.6701,LOCAL_BEST,0,42,0,135,2,45,0,0,0.0000,0.0000,0,0,0,0,0,0
n012w8-0,n012w8,0,5,500000,100.0,adaptive,2026-07-04T12:33:52+01:00,7,2,97,62,1,0.000000,2295,2355,2295,60,2.5478,LOCAL_BEST,0,42,0,136,2,46,1,0,600000.0000,0.0000,0,0,0,0,0,0
n012w8-0,n012w8,0,5,500000,100.0,adaptive,2026-07-04T12:33:52+01:00,7,2,97,63,1,0.000000,2235,2295,2235,60,2.6144,LOCAL_BEST,0,42,0,137,2,47,1,0,600000.0000,0.0000,0,0,0,0,0,0
n012w8-0,n012w8,0,5,500000,100.0,adaptive,2026-07-04T12:33:52+01:00,7,8,97,65,52,0.000000,455,470,455,15,3.1915,GLOBAL_BEST,3,42,0,138,57,48,2,51,75000.0000,294.1176,0,0,0,0,0,0
n012w8-0,n012w8,0,5,500000,100.0,adaptive,2026-07-04T12:33:52+01:00,7,3,97,68,1,0.000000,2465,2475,2465,10,0.4040,LOCAL_BEST,0,42,13,109,3,49,3,-51,33333.3333,0.0000,0,0,0,0,0,0
n012w8-0,n012w8,0,5,500000,100.0,adaptive,2026-07-04T12:33:52+01:00,7,3,97,71,1,0.000000,2435,2465,2435,30,1.2170,LOCAL_BEST,0,42,13,118,4,50,3,0,100000.0000,0.0000,0,0,0,0,0,0
n012w8-0,n012w8,0,5,500000,100.0,adaptive,2026-07-04T12:33:52+01:00,7,3,97,73,1,0.000000,2420,2435,2420,15,0.6160,LOCAL_BEST,0,42,13,123,4,51,2,0,75000.0000,0.0000,0,0,0,0,0,0
n012w8-0,n012w8,0,5,500000,100.0,adaptive,2026-07-04T12:33:52+01:00,7,1,97,74,1,99.798497,2155,2175,2155,20,0.9195,GLOBAL_BEST,0,42,16,158,14,52,1,0,200000.0000,0.0000,0,0,0,0,0,0
n012w8-0,n012w8,0,5,500000,100.0,adaptive,2026-07-04T12:33:52+01:00,7,3,97,75,1,0.000000,2340,2420,2340,80,3.3058,LOCAL_BEST,0,42,13,127,5,53,1,0,800000.0000,0.0000,0,0,0,0,0,0
n012w8-0,n012w8,0,5,500000,100.0,adaptive,2026-07-04T12:33:52+01:00,7,1,97,77,1,99.790225,2140,2155,2140,15,0.6961,GLOBAL_BEST,0,42,16,174,14,54,2,0,75000.0000,0.0000,0,0,0,0,0,0
n012w8-0,n012w8,0,5,500000,100.0,adaptive,2026-07-04T12:33:52+01:00,7,3,97,78,1,0.000000,2190,2340,2190,150,6.4103,LOCAL_BEST,0,42,14,137,5,55,1,0,1500000.0000,0.0000,0,0,0,0,0,0
n012w8-0,n012w8,0,5,500000,100.0,adaptive,2026-07-04T12:33:52+01:00,7,2,97,82,1,0.000000,2180,2235,2180,55,2.4609,LOCAL_BEST,0,42,0,180,2,56,4,0,137500.0000,0.0000,0,0,0,0,0,0
n012w8-0,n012w8,0,5,500000,100.0,adaptive,2026-07-04T12:33:52+01:00,7,2,97,83,1,0.000000,2105,2180,2105,75,3.4404,GLOBAL_BEST,0,42,0,181,2,57,1,0,750000.0000,0.0000,0,0,0,0,0,0
n012w8-0,n012w8,0,5,500000,100.0,adaptive,2026-07-04T12:33:52+01:00,7,3,97,86,1,0.000000,2175,2190,2175,15,0.6849,LOCAL_BEST,0,42,16,162,5,58,3,0,50000.0000,0.0000,0,0,0,0,0,0
n012w8-0,n012w8,0,5,500000,100.0,adaptive,2026-07-04T12:33:52+01:00,7,2,97,86,1,0.000000,1925,2105,1925,180,8.5511,GLOBAL_BEST,0,42,0,186,2,59,0,0,0.0000,0.0000,0,0,0,0,0,0
n012w8-0,n012w8,0,5,500000,100.0,adaptive,2026-07-04T12:33:52+01:00,7,2,97,87,1,0.000000,1880,1925,1880,45,2.3377,GLOBAL_BEST,0,42,0,188,2,60,1,0,450000.0000,0.0000,0,0,0,0,0,0
n012w8-0,n012w8,0,5,500000,100.0,adaptive,2026-07-04T12:33:52+01:00,7,3,97,88,1,0.000000,2170,2175,2170,5,0.2299,LOCAL_BEST,0,42,17,169,5,61,1,0,50000.0000,0.0000,0,0,0,0,0,0
n012w8-0,n012w8,0,5,500000,100.0,adaptive,2026-07-04T12:33:52+01:00,7,3,97,89,1,0.000000,1990,2170,1990,180,8.2949,LOCAL_BEST,0,42,17,172,5,62,1,0,1800000.0000,0.0000,0,0,0,0,0,0
n012w8-0,n012w8,0,5,500000,100.0,adaptive,2026-07-04T12:33:52+01:00,7,1,97,89,1,99.757142,2060,2140,2060,80,3.7383,LOCAL_BEST,0,42,18,199,17,63,0,0,0.0000,0.0000,0,0,0,0,0,0
n012w8-0,n012w8,0,5,500000,100.0,adaptive,2026-07-04T12:33:52+01:00,7,2,97,89,1,0.000000,1855,1880,1855,25,1.3298,GLOBAL_BEST,0,42,0,191,2,64,0,0,0.0000,0.0000,0,0,0,0,0,0
n012w8-0,n012w8,0,5,500000,100.0,adaptive,2026-07-04T12:33:52+01:00,7,1,97,92,1,99.748874,2030,2060,2030,30,1.4563,LOCAL_BEST,0,42,18,213,19,65,3,0,100000.0000,0.0000,0,0,0,0,0,0
n012w8-0,n012w8,0,5,500000,100.0,adaptive,2026-07-04T12:33:52+01:00,7,1,97,95,1,99.740605,2000,2030,2000,30,1.4778,LOCAL_BEST,0,42,19,220,20,66,3,0,100000.0000,0.0000,0,0,0,0,0,0
n012w8-0,n012w8,0,5,500000,100.0,adaptive,2026-07-04T12:33:52+01:00,7,1,97,96,1,99.737850,1970,2000,1970,30,1.5000,LOCAL_BEST,0,42,19,221,20,67,1,0,300000.0000,0.0000,0,0,0,0,0,0
n012w8-0,n012w8,0,5,500000,100.0,adaptive,2026-07-04T12:33:52+01:00,7,1,97,97,1,99.735094,1960,1970,1960,10,0.5076,LOCAL_BEST,0,42,19,221,20,68,1,0,100000.0000,0.0000,0,0,0,0,0,0
n012w8-0,n012w8,0,5,500000,100.0,adaptive,2026-07-04T12:33:52+01:00,7,1,97,112,1,99.693766,1765,1960,1765,195,9.9490,GLOBAL_BEST,0,42,24,252,22,69,15,0,130000.0000,0.0000,0,0,0,0,0,0
n012w8-0,n012w8,0,5,500000,100.0,adaptive,2026-07-04T12:33:52+01:00,7,1,97,115,1,99.685502,1660,1765,1660,105,5.9490,GLOBAL_BEST,0,42,25,256,22,70,3,0,350000.0000,0.0000,0,0,0,0,0,0
n012w8-0,n012w8,0,5,500000,100.0,adaptive,2026-07-04T12:33:52+01:00,7,1,97,117,1,99.679993,1600,1660,1600,60,3.6145,GLOBAL_BEST,0,42,25,256,23,71,2,0,300000.0000,0.0000,0,0,0,0,0,0
n012w8-0,n012w8,0,5,500000,100.0,adaptive,2026-07-04T12:33:52+01:00,7,1,97,118,1,99.677239,1430,1600,1430,170,10.6250,GLOBAL_BEST,0,42,25,260,23,72,1,0,1700000.0000,0.0000,0,0,0,0,0,0
n012w8-0,n012w8,0,5,500000,100.0,adaptive,2026-07-04T12:33:52+01:00,7,1,97,122,1,99.666223,1400,1430,1400,30,2.0979,GLOBAL_BEST,0,42,25,268,25,73,4,0,75000.0000,0.0000,0,0,0,0,0,0
n012w8-0,n012w8,0,5,500000,100.0,adaptive,2026-07-04T12:33:52+01:00,7,1,97,124,1,99.660715,1355,1400,1355,45,3.2143,GLOBAL_BEST,0,42,25,275,26,74,2,0,225000.0000,0.0000,0,0,0,0,0,0
n012w8-0,n012w8,0,5,500000,100.0,adaptive,2026-07-04T12:33:52+01:00,7,1,97,127,1,99.652454,1310,1355,1310,45,3.3210,GLOBAL_BEST,0,42,25,284,27,75,3,0,150000.0000,0.0000,0,0,0,0,0,0
n012w8-0,n012w8,0,5,500000,100.0,adaptive,2026-07-04T12:33:52+01:00,7,3,97,151,1,0.000000,1975,1990,1975,15,0.7538,LOCAL_BEST,0,42,44,286,6,76,24,0,6250.0000,0.0000,0,0,0,0,0,0
n012w8-0,n012w8,0,5,500000,100.0,adaptive,2026-07-04T12:33:52+01:00,7,3,97,154,1,0.000000,1885,1975,1885,90,4.5570,LOCAL_BEST,0,42,44,294,7,77,3,0,300000.0000,0.0000,0,0,0,0,0,0
n012w8-0,n012w8,0,5,500000,100.0,adaptive,2026-07-04T12:33:52+01:00,7,3,97,158,1,0.000000,1795,1885,1795,90,4.7745,LOCAL_BEST,0,42,45,296,7,78,4,0,225000.0000,0.0000,0,0,0,0,0,0
n012w8-0,n012w8,0,5,500000,100.0,adaptive,2026-07-04T12:33:52+01:00,7,3,97,159,1,0.000000,1750,1795,1750,45,2.5070,LOCAL_BEST,0,42,45,300,7,79,1,0,450000.0000,0.0000,0,0,0,0,0,0
n012w8-0,n012w8,0,5,500000,100.0,adaptive,2026-07-04T12:33:52+01:00,7,3,97,184,1,0.000000,1745,1750,1745,5,0.2857,LOCAL_BEST,0,42,54,349,9,80,25,0,2000.0000,0.0000,0,0,0,0,0,0
n012w8-0,n012w8,0,5,500000,100.0,adaptive,2026-07-04T12:33:52+01:00,7,1,97,185,1,99.492879,1295,1310,1295,15,1.1450,GLOBAL_BEST,0,42,38,394,53,81,1,0,150000.0000,0.0000,0,0,0,0,0,0
n012w8-0,n012w8,0,5,500000,100.0,adaptive,2026-07-04T12:33:52+01:00,7,3,97,194,1,0.000000,1730,1745,1730,15,0.8596,LOCAL_BEST,0,42,58,367,9,82,9,0,16666.6667,0.0000,0,0,0,0,0,0
n012w8-0,n012w8,0,5,500000,100.0,adaptive,2026-07-04T12:33:52+01:00,7,3,97,195,1,0.000000,1640,1730,1640,90,5.2023,LOCAL_BEST,0,42,58,368,9,83,1,0,900000.0000,0.0000,0,0,0,0,0,0
n012w8-0,n012w8,0,5,500000,100.0,adaptive,2026-07-04T12:33:52+01:00,7,3,97,196,1,0.000000,1595,1640,1595,45,2.7439,LOCAL_BEST,0,42,58,369,9,84,1,0,450000.0000,0.0000,0,0,0,0,0,0
n012w8-0,n012w8,0,5,500000,100.0,adaptive,2026-07-04T12:33:52+01:00,7,3,97,204,2,0.000000,1580,1595,1580,15,0.9404,LOCAL_BEST,0,42,62,385,9,85,8,1,18750.0000,15000.0000,0,0,0,0,0,0
n012w8-0,n012w8,0,5,500000,100.0,adaptive,2026-07-04T12:33:52+01:00,7,3,97,205,2,0.000000,1565,1580,1565,15,0.9494,LOCAL_BEST,0,42,62,386,9,86,1,0,150000.0000,0.0000,0,0,0,0,0,0
n012w8-0,n012w8,0,5,500000,100.0,adaptive,2026-07-04T12:33:52+01:00,7,3,97,211,2,0.000000,1555,1565,1555,10,0.6390,LOCAL_BEST,0,42,63,394,9,87,6,0,16666.6667,0.0000,0,0,0,0,0,0
n012w8-0,n012w8,0,5,500000,100.0,adaptive,2026-07-04T12:33:52+01:00,7,3,97,212,2,0.000000,1540,1555,1540,15,0.9646,LOCAL_BEST,0,42,63,394,9,88,1,0,150000.0000,0.0000,0,0,0,0,0,0
n012w8-0,n012w8,0,5,500000,100.0,adaptive,2026-07-04T12:33:52+01:00,7,8,97,215,52,0.000000,450,455,450,5,1.0989,GLOBAL_BEST,3,42,0,458,186,89,3,50,16666.6667,100.0000,0,0,0,0,0,0
n012w8-0,n012w8,0,5,500000,100.0,adaptive,2026-07-04T12:33:52+01:00,7,8,97,218,52,0.000000,435,450,435,15,3.3333,GLOBAL_BEST,3,42,0,465,188,90,3,0,50000.0000,0.0000,0,0,0,0,0,0
n012w8-0,n012w8,0,5,500000,100.0,adaptive,2026-07-04T12:33:52+01:00,7,1,97,222,2,99.391215,1275,1295,1275,20,1.5444,GLOBAL_BEST,0,42,48,469,64,91,4,-50,50000.0000,0.0000,0,0,0,0,0,0
n012w8-0,n012w8,0,5,500000,100.0,adaptive,2026-07-04T12:33:52+01:00,7,8,97,222,52,0.000000,420,435,420,15,3.4483,GLOBAL_BEST,3,42,0,466,191,92,0,50,0.0000,300.0000,0,0,0,0,0,0
n012w8-0,n012w8,0,5,500000,100.0,adaptive,2026-07-04T12:33:52+01:00,7,1,97,229,2,99.371993,1245,1275,1245,30,2.3529,GLOBAL_BEST,0,42,51,478,65,93,7,-50,42857.1429,0.0000,0,0,0,0,0,0
n012w8-0,n012w8,0,5,500000,100.0,adaptive,2026-07-04T12:33:52+01:00,7,1,97,232,2,99.363756,1215,1245,1215,30,2.4096,GLOBAL_BEST,0,42,51,478,67,94,3,0,100000.0000,0.0000,0,0,0,0,0,0
n012w8-0,n012w8,0,5,500000,100.0,adaptive,2026-07-04T12:33:52+01:00,7,2,97,255,2,0.000000,1760,1855,1760,95,5.1213,LOCAL_BEST,0,42,0,588,2,95,23,0,41304.3478,0.0000,0,0,0,0,0,0
n012w8-0,n012w8,0,5,500000,100.0,adaptive,2026-07-04T12:33:52+01:00,7,2,97,256,2,0.000000,1755,1760,1755,5,0.2841,LOCAL_BEST,0,42,0,590,2,96,1,0,50000.0000,0.0000,0,0,0,0,0,0
n012w8-0,n012w8,0,5,500000,100.0,adaptive,2026-07-04T12:33:52+01:00,7,2,97,257,2,0.000000,1740,1755,1740,15,0.8547,LOCAL_BEST,0,42,0,591,2,97,1,0,150000.0000,0.0000,0,0,0,0,0,0
n012w8-0,n012w8,0,5,500000,100.0,adaptive,2026-07-04T12:33:52+01:00,7,8,97,258,53,0.000000,405,420,405,15,3.5714,GLOBAL_BEST,3,42,0,519,219,98,1,51,150000.0000,294.1176,0,0,0,0,0,0
n012w8-0,n012w8,0,5,500000,100.0,adaptive,2026-07-04T12:33:52+01:00,7,1,97,269,2,99.262224,1145,1215,1145,70,5.7613,GLOBAL_BEST,0,42,60,561,80,99,11,-51,63636.3636,0.0000,0,0,0,0,0,0
n012w8-0,n012w8,0,5,500000,100.0,adaptive,2026-07-04T12:33:52+01:00,7,1,97,274,2,99.248511,1040,1145,1040,105,9.1703,GLOBAL_BEST,0,42,61,584,82,100,5,0,210000.0000,0.0000,0,0,0,0,0,0
n012w8-0,n012w8,0,5,500000,100.0,adaptive,2026-07-04T12:33:52+01:00,7,1,97,279,2,99.234800,1025,1040,1025,15,1.4423,GLOBAL_BEST,0,42,62,592,85,101,5,0,30000.0000,0.0000,0,0,0,0,0,0
n012w8-0,n012w8,0,5,500000,100.0,adaptive,2026-07-04T12:33:52+01:00,7,1,97,280,2,99.232058,1015,1025,1015,10,0.9756,GLOBAL_BEST,0,42,62,595,85,102,1,0,100000.0000,0.0000,0,0,0,0,0,0
n012w8-0,n012w8,0,5,500000,100.0,adaptive,2026-07-04T12:33:52+01:00,7,1,97,283,2,99.223833,995,1015,995,20,1.9704,GLOBAL_BEST,0,42,62,598,87,103,3,0,66666.6667,0.0000,0,0,0,0,0,0
n012w8-0,n012w8,0,5,500000,100.0,adaptive,2026-07-04T12:33:52+01:00,7,8,97,309,53,0.000000,395,405,395,10,2.4691,GLOBAL_BEST,3,42,0,598,262,104,26,51,3846.1538,196.0784,0,0,0,0,0,0
n012w8-0,n012w8,0,5,500000,100.0,adaptive,2026-07-04T12:33:52+01:00,7,2,97,434,2,0.000000,1715,1740,1715,25,1.4368,LOCAL_BEST,0,42,0,972,2,105,125,-51,2000.0000,0.0000,0,0,0,0,0,0
n012w8-0,n012w8,0,5,500000,100.0,adaptive,2026-07-04T12:33:52+01:00,7,2,97,435,2,0.000000,1625,1715,1625,90,5.2478,LOCAL_BEST,0,42,0,982,2,106,1,0,900000.0000,0.0000,0,0,0,0,0,0
n012w8-0,n012w8,0,5,500000,100.0,adaptive,2026-07-04T12:33:52+01:00,7,8,97,674,54,0.000000,385,395,385,10,2.5316,GLOBAL_BEST,3,42,0,1236,552,107,239,52,418.4100,192.3077,0,0,0,0,0,0
n012w8-0,n012w8,0,5,500000,100.0,adaptive,2026-07-04T12:33:52+01:00,7,2,97,678,2,0.000000,1535,1625,1535,90,5.5385,LOCAL_BEST,0,42,0,1431,2,108,4,-52,225000.0000,0.0000,0,0,0,0,0,0
n012w8-0,n012w8,0,5,500000,100.0,adaptive,2026-07-04T12:33:52+01:00,7,5,97,699,51,0.000000,490,495,490,5,1.0101,LOCAL_BEST,1,42,0,1246,564,109,21,49,2380.9524,102.0408,0,0,0,0,0,0
n012w8-0,n012w8,0,5,500000,100.0,adaptive,2026-07-04T12:33:52+01:00,7,5,97,809,51,0.000000,485,490,485,5,1.0204,LOCAL_BEST,1,42,0,1409,644,110,110,0,454.5455,0.0000,0,0,0,0,0,0
n012w8-0,n012w8,0,5,500000,100.0,adaptive,2026-07-04T12:33:52+01:00,7,3,97,815,2,0.000000,1535,1540,1535,5,0.3247,LOCAL_BEST,0,42,302,1640,35,111,6,-49,8333.3333,0.0000,0,0,0,0,0,0
n012w8-0,n012w8,0,5,500000,100.0,adaptive,2026-07-04T12:33:52+01:00,7,2,97,894,3,0.000000,1480,1535,1480,55,3.5831,LOCAL_BEST,0,42,0,1855,2,112,79,1,6962.0253,55000.0000,0,0,0,0,0,0
n012w8-0,n012w8,0,5,500000,100.0,adaptive,2026-07-04T12:33:52+01:00,7,2,97,903,3,0.000000,1400,1480,1400,80,5.4054,LOCAL_BEST,0,42,0,1879,2,113,9,0,88888.8889,0.0000,0,0,0,0,0,0
n012w8-0,n012w8,0,5,500000,100.0,adaptive,2026-07-04T12:33:52+01:00,7,2,97,904,3,0.000000,1370,1400,1370,30,2.1429,LOCAL_BEST,0,42,0,1881,2,114,1,0,300000.0000,0.0000,0,0,0,0,0,0
n012w8-0,n012w8,0,5,500000,100.0,adaptive,2026-07-04T12:33:52+01:00,7,8,97,986,54,0.000000,365,385,365,20,5.1948,GLOBAL_BEST,3,42,0,1697,792,115,82,51,2439.0244,392.1569,0,0,0,0,0,0
n012w8-0,n012w8,0,5,500000,100.0,adaptive,2026-07-04T12:33:52+01:00,7,11,97,1082,91,0.000000,245,255,245,10,3.9216,GLOBAL_BEST,4,42,0,2010,1003,116,96,37,1041.6667,270.2703,0,0,0,0,0,0
n012w8-0,n012w8,0,5,500000,100.0,adaptive,2026-07-04T12:33:52+01:00,7,5,97,1113,52,0.000000,455,485,455,30,6.1856,LOCAL_BEST,1,42,0,1876,889,117,31,-39,9677.4194,0.0000,0,0,0,0,0,0
n012w8-0,n012w8,0,5,500000,100.0,adaptive,2026-07-04T12:33:52+01:00,7,3,97,1345,3,0.000000,1510,1535,1510,25,1.6287,LOCAL_BEST,0,42,501,2721,60,118,232,-49,1077.5862,0.0000,0,0,0,0,0,0
n012w8-0,n012w8,0,5,500000,100.0,adaptive,2026-07-04T12:33:52+01:00,7,3,97,1354,3,0.000000,1455,1510,1455,55,3.6424,LOCAL_BEST,0,42,504,2739,61,119,9,0,61111.1111,0.0000,0,0,0,0,0,0
n012w8-0,n012w8,0,5,500000,100.0,adaptive,2026-07-04T12:33:52+01:00,7,3,97,1355,3,0.000000,1410,1455,1410,45,3.0928,LOCAL_BEST,0,42,504,2740,61,120,1,0,450000.0000,0.0000,0,0,0,0,0,0
n012w8-0,n012w8,0,5,500000,100.0,adaptive,2026-07-04T12:33:52+01:00,7,11,97,1761,92,0.000000,230,245,230,15,6.1224,GLOBAL_BEST,4,42,0,3209,1626,121,406,89,369.4581,168.5393,0,0,0,0,0,0
n012w8-0,n012w8,0,5,500000,100.0,adaptive,2026-07-04T12:33:52+01:00,7,2,97,1908,3,0.000000,1340,1370,1340,30,2.1898,LOCAL_BEST,0,42,0,3898,137,122,147,-89,2040.8163,0.0000,0,0,0,0,0,0
n012w8-0,n012w8,0,5,500000,100.0,adaptive,2026-07-04T12:33:52+01:00,7,5,97,2956,55,0.000000,435,455,435,20,4.3956,LOCAL_BEST,1,42,0,4823,2393,123,1048,52,190.8397,384.6154,0,0,0,0,0,0
n012w8-0,n012w8,0,5,500000,100.0,adaptive,2026-07-04T12:33:52+01:00,7,2,97,3154,6,0.000000,1295,1340,1295,45,3.3582,LOCAL_BEST,0,42,0,6504,380,124,198,-49,2272.7273,0.0000,0,0,0,0,0,0
n012w8-0,n012w8,0,5,500000,100.0,adaptive,2026-07-04T12:33:52+01:00,7,2,97,3621,7,0.000000,1260,1295,1260,35,2.7027,LOCAL_BEST,0,42,0,7411,482,125,467,1,749.4647,35000.0000,0,0,0,0,0,0
n012w8-0,n012w8,0,5,500000,100.0,adaptive,2026-07-04T12:33:52+01:00,7,1,97,3780,7,90.084900,990,995,990,5,0.5025,GLOBAL_BEST,0,42,930,7733,1229,126,159,0,314.4654,0.0000,0,0,0,0,0,0
n012w8-0,n012w8,0,5,500000,100.0,adaptive,2026-07-04T12:33:52+01:00,7,2,97,4180,7,0.000000,1180,1260,1180,80,6.3492,LOCAL_BEST,0,42,0,8504,624,127,400,0,2000.0000,0.0000,0,0,0,0,0,0
n012w8-0,n012w8,0,5,500000,100.0,adaptive,2026-07-04T12:33:52+01:00,7,2,97,4675,8,0.000000,1110,1180,1110,70,5.9322,LOCAL_BEST,0,42,0,9471,779,128,495,1,1414.1414,70000.0000,0,0,0,0,0,0
n012w8-0,n012w8,0,5,500000,100.0,adaptive,2026-07-04T12:33:52+01:00,7,1,97,4878,8,87.392870,965,990,965,25,2.5253,GLOBAL_BEST,0,42,1190,9949,1626,129,203,0,1231.5271,0.0000,0,0,0,0,0,0
n012w8-0,n012w8,0,5,500000,100.0,adaptive,2026-07-04T12:33:52+01:00,7,1,97,4881,8,87.385626,905,965,905,60,6.2176,GLOBAL_BEST,0,42,1190,9957,1628,130,3,0,200000.0000,0.0000,0,0,0,0,0,0
n012w8-0,n012w8,0,5,500000,100.0,adaptive,2026-07-04T12:33:52+01:00,7,3,97,5906,10,0.000000,1380,1410,1380,30,2.1277,LOCAL_BEST,0,42,2258,12067,256,131,1025,2,292.6829,15000.0000,0,0,0,0,0,0
n012w8-0,n012w8,0,5,500000,100.0,adaptive,2026-07-04T12:33:52+01:00,7,3,97,5908,10,0.000000,1350,1380,1350,30,2.1739,LOCAL_BEST,0,42,2259,12067,256,132,2,0,150000.0000,0.0000,0,0,0,0,0,0
n012w8-0,n012w8,0,5,500000,100.0,adaptive,2026-07-04T12:33:52+01:00,7,3,97,5909,10,0.000000,1290,1350,1290,60,4.4444,LOCAL_BEST,0,42,2259,12067,256,133,1,0,600000.0000,0.0000,0,0,0,0,0,0
n012w8-0,n012w8,0,5,500000,100.0,adaptive,2026-07-04T12:33:52+01:00,7,3,97,5910,10,0.000000,1275,1290,1275,15,1.1628,LOCAL_BEST,0,42,2259,12068,256,134,1,0,150000.0000,0.0000,0,0,0,0,0,0
n012w8-0,n012w8,0,5,500000,100.0,adaptive,2026-07-04T12:33:52+01:00,7,5,97,6479,59,0.000000,425,435,425,10,2.2989,LOCAL_BEST,1,42,0,10960,5237,135,569,49,175.7469,204.0816,0,0,0,0,0,0
n012w8-0,n012w8,0,5,500000,100.0,adaptive,2026-07-04T12:33:52+01:00,7,5,97,6482,59,0.000000,410,425,410,15,3.5294,LOCAL_BEST,1,42,0,10966,5238,136,3,0,50000.0000,0.0000,0,0,0,0,0,0
n012w8-0,n012w8,0,5,500000,100.0,adaptive,2026-07-04T12:33:52+01:00,7,5,97,6689,59,0.000000,405,410,405,5,1.2195,LOCAL_BEST,1,42,0,11302,5415,137,207,0,241.5459,0.0000,0,0,0,0,0,0
n012w8-0,n012w8,0,5,500000,100.0,adaptive,2026-07-04T12:33:52+01:00,7,2,97,7041,11,0.000000,1080,1110,1080,30,2.7027,LOCAL_BEST,0,42,0,14158,1533,138,352,-48,852.2727,0.0000,0,0,0,0,0,0
n012w8-0,n012w8,0,5,500000,100.0,adaptive,2026-07-04T12:33:52+01:00,7,5,97,7150,60,0.000000,390,405,390,15,3.7037,LOCAL_BEST,1,42,0,12210,5785,139,109,49,1376.1468,306.1224,0,0,0,0,0,0
n012w8-0,n012w8,0,5,500000,100.0,adaptive,2026-07-04T12:33:52+01:00,7,8,97,7696,64,0.000000,345,365,345,20,5.4795,GLOBAL_BEST,3,42,0,13278,6451,140,546,4,366.3004,5000.0000,0,0,0,0,0,0
n012w8-0,n012w8,0,5,500000,100.0,adaptive,2026-07-04T12:33:52+01:00,7,8,97,7902,65,0.000000,300,345,300,45,13.0435,GLOBAL_BEST,3,42,0,13620,6619,141,206,1,2184.4660,45000.0000,0,0,0,0,0,0
n012w8-0,n012w8,0,5,500000,100.0,adaptive,2026-07-04T12:33:52+01:00,7,2,97,8243,13,0.000000,1025,1080,1025,55,5.0926,LOCAL_BEST,0,42,0,16647,1980,142,341,-52,1612.9032,0.0000,0,0,0,0,0,0
n012w8-0,n012w8,0,5,500000,100.0,adaptive,2026-07-04T12:33:52+01:00,7,1,97,9928,15,76.010922,835,905,835,70,7.7348,GLOBAL_BEST,0,42,2371,19900,3560,143,1685,2,415.4303,35000.0000,0,0,0,0,0,0
n012w8-0,n012w8,0,5,500000,100.0,adaptive,2026-07-04T12:33:52+01:00,7,1,97,9939,15,75.987823,790,835,790,45,5.3892,GLOBAL_BEST,0,42,2372,19920,3565,144,11,0,40909.0909,0.0000,0,0,0,0,0,0
n012w8-0,n012w8,0,5,500000,100.0,adaptive,2026-07-04T12:33:52+01:00,7,1,97,9940,15,75.985723,775,790,775,15,1.8987,GLOBAL_BEST,0,42,2372,19928,3565,145,1,0,150000.0000,0.0000,0,0,0,0,0,0
n012w8-0,n012w8,0,5,500000,100.0,adaptive,2026-07-04T12:33:52+01:00,7,2,97,10304,16,0.000000,1010,1025,1010,15,1.4634,LOCAL_BEST,0,42,0,20862,2822,146,364,1,412.0879,15000.0000,0,0,0,0,0,0
n012w8-0,n012w8,0,5,500000,100.0,adaptive,2026-07-04T12:33:52+01:00,7,1,97,10662,16,74.484859,740,775,740,35,4.5161,GLOBAL_BEST,0,42,2510,21253,3905,147,358,0,977.6536,0.0000,0,0,0,0,0,0
n012w8-0,n012w8,0,5,500000,100.0,adaptive,2026-07-04T12:33:52+01:00,7,1,97,10665,16,74.478685,725,740,725,15,2.0270,GLOBAL_BEST,0,42,2510,21256,3907,148,3,0,50000.0000,0.0000,0,0,0,0,0,0
n012w8-0,n012w8,0,5,500000,100.0,adaptive,2026-07-04T12:33:52+01:00,7,2,97,10717,16,0.000000,995,1010,995,15,1.4851,LOCAL_BEST,0,42,0,21607,2981,149,52,0,2884.6154,0.0000,0,0,0,0,0,0
n012w8-0,n012w8,0,5,500000,100.0,adaptive,2026-07-04T12:33:52+01:00,7,2,97,10718,16,0.000000,965,995,965,30,3.0151,LOCAL_BEST,0,42,0,21619,2981,150,1,0,300000.0000,0.0000,0,0,0,0,0,0
n012w8-0,n012w8,0,5,500000,100.0,adaptive,2026-07-04T12:33:52+01:00,7,2,97,11456,18,0.000000,955,965,955,10,1.0363,LOCAL_BEST,0,42,0,23005,3291,151,738,2,135.5014,5000.0000,0,0,0,0,0,0
n012w8-0,n012w8,0,5,500000,100.0,adaptive,2026-07-04T12:33:52+01:00,7,2,97,11457,18,0.000000,815,955,815,140,14.6597,LOCAL_BEST,0,42,0,23006,3291,152,1,0,1400000.0000,0.0000,0,0,0,0,0,0
n012w8-0,n012w8,0,5,500000,100.0,adaptive,2026-07-04T12:33:52+01:00,7,2,97,11458,18,0.000000,740,815,740,75,9.2025,LOCAL_BEST,0,42,0,23006,3291,153,1,0,750000.0000,0.0000,0,0,0,0,0,0
n012w8-0,n012w8,0,5,500000,100.0,adaptive,2026-07-04T12:33:52+01:00,7,5,97,11563,67,0.000000,345,390,345,45,11.5385,LOCAL_BEST,1,42,0,20327,9452,154,105,49,4285.7143,918.3673,0,0,0,0,0,0
n012w8-0,n012w8,0,5,500000,100.0,adaptive,2026-07-04T12:33:52+01:00,7,5,97,14817,71,0.000000,340,345,340,5,1.4493,LOCAL_BEST,1,42,0,26471,12101,155,3254,4,15.3657,1250.0000,0,0,0,0,0,0
n012w8-0,n012w8,0,5,500000,100.0,adaptive,2026-07-04T12:33:52+01:00,7,5,97,14818,71,0.000000,325,340,325,15,4.4118,LOCAL_BEST,1,42,0,26481,12101,156,1,0,150000.0000,0.0000,0,0,0,0,0,0
n012w8-0,n012w8,0,5,500000,100.0,adaptive,2026-07-04T12:33:52+01:00,7,1,97,15052,24,65.976307,680,725,680,45,6.2069,GLOBAL_BEST,0,42,3460,29724,5775,157,234,-47,1923.0769,0.0000,0,0,0,0,0,0
n012w8-0,n012w8,0,5,500000,100.0,adaptive,2026-07-04T12:33:52+01:00,7,1,97,15053,24,65.974484,665,680,665,15,2.2059,GLOBAL_BEST,0,42,3460,29724,5775,158,1,0,150000.0000,0.0000,0,0,0,0,0,0
n012w8-0,n012w8,0,5,500000,100.0,adaptive,2026-07-04T12:33:52+01:00,7,8,97,15480,75,0.000000,295,300,295,5,1.6667,GLOBAL_BEST,3,42,0,25889,13033,159,427,51,117.0960,98.0392,0,0,0,0,0,0
n012w8-0,n012w8,0,5,500000,100.0,adaptive,2026-07-04T12:33:52+01:00,7,8,97,15544,75,0.000000,285,295,285,10,3.3898,GLOBAL_BEST,3,42,0,26007,13081,160,64,0,1562.5000,0.0000,0,0,0,0,0,0
n012w8-0,n012w8,0,5,500000,100.0,adaptive,2026-07-04T12:33:52+01:00,7,5,97,15806,73,0.000000,305,325,305,20,6.1538,LOCAL_BEST,1,42,0,28255,12895,161,262,-2,763.3588,0.0000,0,0,0,0,0,0
n012w8-0,n012w8,0,5,500000,100.0,adaptive,2026-07-04T12:33:52+01:00,7,5,97,23452,83,0.000000,285,305,285,20,6.5574,LOCAL_BEST,1,42,0,41784,19390,162,7646,10,26.1575,2000.0000,0,0,0,0,0,0
n012w8-0,n012w8,0,5,500000,100.0,adaptive,2026-07-04T12:33:52+01:00,7,2,97,23821,35,0.000000,735,740,735,5,0.6757,LOCAL_BEST,0,42,0,45837,10195,163,369,-48,135.5014,0.0000,0,0,0,0,0,0
n012w8-0,n012w8,0,5,500000,100.0,adaptive,2026-07-04T12:33:52+01:00,7,8,97,23957,86,0.000000,280,285,280,5,1.7544,LOCAL_BEST,3,42,0,40400,20584,164,136,51,367.6471,98.0392,0,0,0,0,0,0
n012w8-0,n012w8,0,5,500000,100.0,adaptive,2026-07-04T12:33:52+01:00,7,5,97,24034,84,0.000000,275,285,275,10,3.5088,GLOBAL_BEST,1,42,0,42779,19865,165,77,-2,1298.7013,0.0000,0,0,0,0,0,0
n012w8-0,n012w8,0,5,500000,100.0,adaptive,2026-07-04T12:33:52+01:00,7,1,97,24330,37,51.056613,635,665,635,30,4.5113,GLOBAL_BEST,0,42,5208,47833,10286,166,296,-47,1013.5135,0.0000,0,0,0,0,0,0
n012w8-0,n012w8,0,5,500000,100.0,adaptive,2026-07-04T12:33:52+01:00,7,1,97,24903,37,50.254621,620,635,620,15,2.3622,GLOBAL_BEST,0,42,5282,48850,10622,167,573,0,261.7801,0.0000,0,0,0,0,0,0
n012w8-0,n012w8,0,5,500000,100.0,adaptive,2026-07-04T12:33:52+01:00,7,1,97,24912,37,50.242125,605,620,605,15,2.4194,GLOBAL_BEST,0,42,5282,48857,10630,168,9,0,16666.6667,0.0000,0,0,0,0,0,0
n012w8-0,n012w8,0,5,500000,100.0,adaptive,2026-07-04T12:33:52+01:00,7,2,97,25805,38,0.000000,690,735,690,45,6.1224,LOCAL_BEST,0,42,0,49508,11458,169,893,1,503.9194,45000.0000,0,0,0,0,0,0
n012w8-0,n012w8,0,5,500000,100.0,adaptive,2026-07-04T12:33:52+01:00,7,5,97,27053,87,0.000000,270,275,270,5,1.8182,GLOBAL_BEST,1,42,0,48008,22518,170,1248,49,40.0641,102.0408,0,0,0,0,0,0
n012w8-0,n012w8,0,5,500000,100.0,adaptive,2026-07-04T12:33:52+01:00,7,5,97,27475,89,0.000000,260,270,260,10,3.7037,LOCAL_BEST,1,42,0,48732,22871,171,422,2,236.9668,5000.0000,0,0,0,0,0,0
n012w8-0,n012w8,0,5,500000,100.0,adaptive,2026-07-04T12:33:52+01:00,7,2,97,29502,43,0.000000,665,690,665,25,3.6232,LOCAL_BEST,0,42,0,56217,13813,172,2027,-46,123.3350,0.0000,0,0,0,0,0,0
n012w8-0,n012w8,0,5,500000,100.0,adaptive,2026-07-04T12:33:52+01:00,7,2,97,32244,47,0.000000,655,665,655,10,1.5038,LOCAL_BEST,0,42,0,61444,15652,173,2742,4,36.4697,2500.0000,0,0,0,0,0,0
n012w8-0,n012w8,0,5,500000,100.0,adaptive,2026-07-04T12:33:52+01:00,7,2,97,32256,47,0.000000,610,655,610,45,6.8702,LOCAL_BEST,0,42,0,61466,15658,174,12,0,37500.0000,0.0000,0,0,0,0,0,0
n012w8-0,n012w8,0,5,500000,100.0,adaptive,2026-07-04T12:33:52+01:00,7,8,97,33092,99,0.000000,265,280,265,15,5.3571,LOCAL_BEST,3,42,0,54887,28786,175,836,52,179.4258,288.4615,0,0,0,0,0,0
n012w8-0,n012w8,0,5,500000,100.0,adaptive,2026-07-04T12:33:52+01:00,7,1,97,34222,51,38.846152,590,605,590,15,2.4793,LOCAL_BEST,0,42,6673,65958,15953,176,1130,-48,132.7434,0.0000,0,0,0,0,0,0
n012w8-0,n012w8,0,5,500000,100.0,adaptive,2026-07-04T12:33:52+01:00,7,1,97,34223,51,38.845078,560,590,560,30,5.0847,LOCAL_BEST,0,42,6673,65959,15953,177,1,0,300000.0000,0.0000,0,0,0,0,0,0
n012w8-0,n012w8,0,5,500000,100.0,adaptive,2026-07-04T12:33:52+01:00,7,1,97,34224,51,38.844005,485,560,485,75,13.3929,GLOBAL_BEST,0,42,6673,65959,15953,178,1,0,750000.0000,0.0000,0,0,0,0,0,0
n012w8-0,n012w8,0,5,500000,100.0,adaptive,2026-07-04T12:33:52+01:00,7,1,97,34242,51,38.824690,470,485,470,15,3.0928,GLOBAL_BEST,0,42,6674,65983,15967,179,18,0,8333.3333,0.0000,0,0,0,0,0,0
n012w8-0,n012w8,0,5,500000,100.0,adaptive,2026-07-04T12:33:52+01:00,7,2,97,34949,50,0.000000,575,610,575,35,5.7377,GLOBAL_BEST,0,42,0,66220,17524,180,707,-1,495.0495,0.0000,0,0,0,0,0,0
n012w8-0,n012w8,0,5,500000,100.0,adaptive,2026-07-04T12:33:52+01:00,7,5,97,36353,102,0.000000,245,260,245,15,5.7692,LOCAL_BEST,1,42,0,64737,30663,181,1404,52,106.8376,288.4615,0,0,0,0,0,0
n012w8-0,n012w8,0,5,500000,100.0,adaptive,2026-07-04T12:33:52+01:00,7,4,97,36884,111,36.091423,565,575,565,10,1.7391,LOCAL_BEST,1,42,6981,71621,17773,182,531,9,188.3239,1111.1111,0,0,0,0,0,0
n012w8-0,n012w8,0,5,500000,100.0,adaptive,2026-07-04T12:33:52+01:00,7,8,97,37923,109,0.000000,260,265,260,5,1.8868,LOCAL_BEST,3,42,0,62905,33091,183,1039,-2,48.1232,0.0000,0,0,0,0,0,0
n012w8-0,n012w8,0,5,500000,100.0,adaptive,2026-07-04T12:33:52+01:00,7,8,97,38463,110,0.000000,245,260,245,15,5.7692,LOCAL_BEST,3,42,0,63810,33580,184,540,1,277.7778,15000.0000,0,0,0,0,0,0
n012w8-0,n012w8,0,5,500000,100.0,adaptive,2026-07-04T12:33:52+01:00,7,1,97,38988,59,34.053049,465,470,465,5,1.0638,LOCAL_BEST,0,42,7197,74479,19094,185,525,-51,95.2381,0.0000,0,0,0,0,0,0
n012w8-0,n012w8,0,5,500000,100.0,adaptive,2026-07-04T12:33:52+01:00,7,1,97,39007,59,34.035176,450,465,450,15,3.2258,LOCAL_BEST,0,42,7197,74519,19109,186,19,0,7894.7368,0.0000,0,0,0,0,0,0
n012w8-0,n012w8,0,5,500000,100.0,adaptive,2026-07-04T12:33:52+01:00,7,4,97,39327,115,33.735566,530,565,530,35,6.1947,LOCAL_BEST,1,42,7256,76130,19408,187,320,56,1093.7500,625.0000,0,0,0,0,0,0
n012w8-0,n012w8,0,5,500000,100.0,adaptive,2026-07-04T12:33:52+01:00,7,4,97,39336,115,33.727178,515,530,515,15,2.8302,LOCAL_BEST,1,42,7256,76146,19415,188,9,0,16666.6667,0.0000,0,0,0,0,0,0
n012w8-0,n012w8,0,5,500000,100.0,adaptive,2026-07-04T12:33:52+01:00,7,2,97,39570,57,0.000000,565,575,565,10,1.7391,LOCAL_BEST,0,42,0,74592,20821,189,234,-58,427.3504,0.0000,0,0,0,0,0,0
n012w8-0,n012w8,0,5,500000,100.0,adaptive,2026-07-04T12:33:52+01:00,7,2,97,39746,57,0.000000,515,565,515,50,8.8496,LOCAL_BEST,0,42,0,74928,20945,190,176,0,2840.9091,0.0000,0,0,0,0,0,0
n012w8-0,n012w8,0,5,500000,100.0,adaptive,2026-07-04T12:33:52+01:00,7,4,97,41180,118,32.051769,510,515,510,5,0.9709,LOCAL_BEST,1,42,7463,79505,20704,191,1434,61,34.8675,81.9672,0,0,0,0,0,0
n012w8-0,n012w8,0,5,500000,100.0,adaptive,2026-07-04T12:33:52+01:00,7,4,97,41371,118,31.883060,505,510,505,5,0.9804,LOCAL_BEST,1,42,7476,79868,20849,192,191,0,261.7801,0.0000,0,0,0,0,0,0
n012w8-0,n012w8,0,5,500000,100.0,adaptive,2026-07-04T12:33:52+01:00,7,4,97,41386,118,31.869849,490,505,490,15,2.9703,LOCAL_BEST,1,42,7476,79909,20862,193,15,0,10000.0000,0.0000,0,0,0,0,0,0
n012w8-0,n012w8,0,5,500000,100.0,adaptive,2026-07-04T12:33:52+01:00,7,5,97,41444,109,0.000000,235,245,235,10,4.0816,LOCAL_BEST,1,42,0,74034,35271,194,58,-9,1724.1379,0.0000,0,0,0,0,0,0
n012w8-0,n012w8,0,5,500000,100.0,adaptive,2026-07-04T12:33:52+01:00,7,5,97,41533,109,0.000000,225,235,225,10,4.2553,GLOBAL_BEST,1,42,0,74170,35345,195,89,0,1123.5955,0.0000,0,0,0,0,0,0
n012w8-0,n012w8,0,5,500000,100.0,adaptive,2026-07-04T12:33:52+01:00,7,3,97,41679,65,0.000000,1270,1275,1270,5,0.3922,LOCAL_BEST,0,42,16078,87665,1737,196,146,-44,342.4658,0.0000,0,0,0,0,0,0
n012w8-0,n012w8,0,5,500000,100.0,adaptive,2026-07-04T12:33:52+01:00,7,5,97,42371,111,0.000000,215,225,215,10,4.4444,GLOBAL_BEST,1,42,0,75744,36107,197,692,46,144.5087,217.3913,0,0,0,0,0,0
n012w8-0,n012w8,0,5,500000,100.0,adaptive,2026-07-04T12:33:52+01:00,7,3,97,43444,67,0.000000,1155,1270,1155,115,9.0551,LOCAL_BEST,0,42,16755,91431,1811,198,1073,-44,1071.7614,0.0000,0,0,0,0,0,0
n012w8-0,n012w8,0,5,500000,100.0,adaptive,2026-07-04T12:33:52+01:00,7,4,97,43701,121,29.895099,460,490,460,30,6.1224,LOCAL_BEST,1,42,7714,83985,22458,199,257,54,1167.3152,555.5556,0,0,0,0,0,0
n012w8-0,n012w8,0,5,500000,100.0,adaptive,2026-07-04T12:33:52+01:00,7,2,97,43848,63,0.000000,510,515,510,5,0.9709,LOCAL_BEST,0,42,0,82236,24035,200,147,-58,340.1361,0.0000,0,0,0,0,0,0
n012w8-0,n012w8,0,5,500000,100.0,adaptive,2026-07-04T12:33:52+01:00,7,4,97,46503,126,27.667887,455,460,455,5,1.0870,LOCAL_BEST,1,42,7961,89198,24516,201,2655,63,18.8324,79.3651,0,0,0,0,0,0
n012w8-0,n012w8,0,5,500000,100.0,adaptive,2026-07-04T12:33:52+01:00,7,2,97,46739,67,0.000000,500,510,500,10,1.9608,LOCAL_BEST,0,42,0,87261,26393,202,236,-59,423.7288,0.0000,0,0,0,0,0,0
n012w8-0,n012w8,0,5,500000,100.0,adaptive,2026-07-04T12:33:52+01:00,7,4,97,46750,126,27.479701,450,455,450,5,1.0989,LOCAL_BEST,1,42,7979,89688,24711,203,11,59,4545.4545,84.7458,0,0,0,0,0,0
n012w8-0,n012w8,0,5,500000,100.0,adaptive,2026-07-04T12:33:52+01:00,7,4,97,46767,126,27.466796,435,450,435,15,3.3333,LOCAL_BEST,1,42,7980,89718,24724,204,17,0,8823.5294,0.0000,0,0,0,0,0,0
n012w8-0,n012w8,0,5,500000,100.0,adaptive,2026-07-04T12:33:52+01:00,7,7,97,47057,146,27.247584,480,485,480,5,1.0309,LOCAL_BEST,2,42,7991,89941,24491,205,290,20,172.4138,250.0000,0,0,0,0,0,0
n012w8-0,n012w8,0,5,500000,100.0,adaptive,2026-07-04T12:33:52+01:00,7,7,97,47659,147,26.798100,470,480,470,10,2.0833,LOCAL_BEST,2,42,8049,91040,24914,206,602,1,166.1130,10000.0000,0,0,0,0,0,0
n012w8-0,n012w8,0,5,500000,100.0,adaptive,2026-07-04T12:33:52+01:00,7,1,97,48002,74,26.545322,430,450,430,20,4.4444,LOCAL_BEST,0,42,8054,91477,25449,207,343,-73,583.0904,0.0000,0,0,0,0,0,0
n012w8-0,n012w8,0,5,500000,100.0,adaptive,2026-07-04T12:33:52+01:00,7,1,97,48003,74,26.544589,415,430,415,15,3.4884,LOCAL_BEST,0,42,8054,91477,25449,208,1,0,150000.0000,0.0000,0,0,0,0,0,0
n012w8-0,n012w8,0,5,500000,100.0,adaptive,2026-07-04T12:33:52+01:00,7,1,97,48018,74,26.533589,400,415,400,15,3.6145,LOCAL_BEST,0,42,8054,91513,25461,209,15,0,10000.0000,0.0000,0,0,0,0,0,0
n012w8-0,n012w8,0,5,500000,100.0,adaptive,2026-07-04T12:33:52+01:00,7,1,97,48057,74,26.505012,385,400,385,15,3.7500,LOCAL_BEST,0,42,8054,91577,25497,210,39,0,3846.1538,0.0000,0,0,0,0,0,0
n012w8-0,n012w8,0,5,500000,100.0,adaptive,2026-07-04T12:33:52+01:00,7,2,97,48736,70,0.000000,495,500,495,5,1.0000,LOCAL_BEST,0,42,0,90697,27980,211,679,-4,73.6377,0.0000,0,0,0,0,0,0
n012w8-0,n012w8,0,5,500000,100.0,adaptive,2026-07-04T12:33:52+01:00,7,8,97,48878,123,0.000000,235,245,235,10,4.0816,LOCAL_BEST,3,42,0,80835,42954,212,142,53,704.2254,188.6792,0,0,0,0,0,0
n012w8-0,n012w8,0,5,500000,100.0,adaptive,2026-07-04T12:33:52+01:00,7,2,97,50102,71,0.000000,485,495,485,10,2.0202,LOCAL_BEST,0,42,0,93092,29115,213,1224,-52,81.6993,0.0000,0,0,0,0,0,0
n012w8-0,n012w8,0,5,500000,100.0,adaptive,2026-07-04T12:33:52+01:00,7,2,97,50857,72,0.000000,475,485,475,10,2.0619,LOCAL_BEST,0,42,0,94376,29699,214,755,1,132.4503,10000.0000,0,0,0,0,0,0
n012w8-0,n012w8,0,5,500000,100.0,adaptive,2026-07-04T12:33:52+01:00,7,2,97,50868,72,0.000000,465,475,465,10,2.1053,LOCAL_BEST,0,42,0,94390,29702,215,11,0,9090.9091,0.0000,0,0,0,0,0,0
n012w8-0,n012w8,0,5,500000,100.0,adaptive,2026-07-04T12:33:52+01:00,7,7,97,51437,154,24.141708,450,470,450,20,4.2553,LOCAL_BEST,2,42,8364,98310,27720,216,569,82,351.4938,243.9024,0,0,0,0,0,0
n012w8-0,n012w8,0,5,500000,100.0,adaptive,2026-07-04T12:33:52+01:00,7,7,97,51443,154,24.137706,420,450,420,30,6.6667,LOCAL_BEST,2,42,8364,98322,27724,217,6,0,50000.0000,0.0000,0,0,0,0,0,0
n012w8-0,n012w8,0,5,500000,100.0,adaptive,2026-07-04T12:33:52+01:00,7,7,97,51455,154,24.129704,390,420,390,30,7.1429,LOCAL_BEST,2,42,8364,98330,27734,218,12,0,25000.0000,0.0000,0,0,0,0,0,0
n012w8-0,n012w8,0,5,500000,100.0,adaptive,2026-07-04T12:33:52+01:00,7,2,97,51702,73,0.000000,450,465,450,15,3.2258,LOCAL_BEST,0,42,0,95880,30325,219,247,-81,607.2874,0.0000,0,0,0,0,0,0
n012w8-0,n012w8,0,5,500000,100.0,adaptive,2026-07-04T12:33:52+01:00,7,2,97,51818,73,0.000000,400,450,400,50,11.1111,LOCAL_BEST,0,42,0,96081,30412,220,116,0,4310.3448,0.0000,0,0,0,0,0,0
n012w8-0,n012w8,0,5,500000,100.0,adaptive,2026-07-04T12:33:52+01:00,7,8,97,53246,129,0.000000,230,235,230,5,2.1277,LOCAL_BEST,3,42,0,88444,46986,221,1428,56,35.0140,89.2857,0,0,0,0,0,0
n012w8-0,n012w8,0,5,500000,100.0,adaptive,2026-07-04T12:33:52+01:00,7,7,97,55122,162,21.804594,380,390,380,10,2.5641,LOCAL_BEST,2,42,8609,104708,30607,222,1876,33,53.3049,303.0303,0,0,0,0,0,0
n012w8-0,n012w8,0,5,500000,100.0,adaptive,2026-07-04T12:33:52+01:00,7,4,97,55130,140,21.799774,405,435,405,30,6.8966,LOCAL_BEST,1,42,8601,104941,31074,223,8,-22,37500.0000,0.0000,0,0,0,0,0,0
n012w8-0,n012w8,0,5,500000,100.0,adaptive,2026-07-04T12:33:52+01:00,7,4,97,55137,140,21.795558,390,405,390,15,3.7037,LOCAL_BEST,1,42,8601,104959,31079,224,7,0,21428.5714,0.0000,0,0,0,0,0,0
n012w8-0,n012w8,0,5,500000,100.0,adaptive,2026-07-04T12:33:52+01:00,7,4,97,55141,140,21.793150,345,390,345,45,11.5385,LOCAL_BEST,1,42,8601,104965,31081,225,4,0,112500.0000,0.0000,0,0,0,0,0,0
n012w8-0,n012w8,0,5,500000,100.0,adaptive,2026-07-04T12:33:52+01:00,7,7,97,55383,162,21.647911,335,380,335,45,11.8421,LOCAL_BEST,2,42,8618,105112,30820,226,242,22,1859.5041,2045.4545,0,0,0,0,0,0
n012w8-0,n012w8,0,5,500000,100.0,adaptive,2026-07-04T12:33:52+01:00,7,4,97,55760,140,21.423578,315,345,315,30,8.6957,LOCAL_BEST,1,42,8633,105978,31596,227,377,-22,795.7560,0.0000,0,0,0,0,0,0
n012w8-0,n012w8,0,5,500000,100.0,adaptive,2026-07-04T12:33:52+01:00,7,4,97,55822,140,21.386908,300,315,300,15,4.7619,LOCAL_BEST,1,42,8637,106077,31643,228,62,0,2419.3548,0.0000,0,0,0,0,0,0
n012w8-0,n012w8,0,5,500000,100.0,adaptive,2026-07-04T12:33:52+01:00,7,4,97,56043,141,21.256708,295,300,295,5,1.6667,LOCAL_BEST,1,42,8645,106478,31831,229,221,1,226.2443,5000.0000,0,0,0,0,0,0
n012w8-0,n012w8,0,5,500000,100.0,adaptive,2026-07-04T12:33:52+01:00,7,4,97,56067,141,21.242616,280,295,280,15,5.0847,LOCAL_BEST,1,42,8646,106523,31848,230,24,0,6250.0000,0.0000,0,0,0,0,0,0
n012w8-0,n012w8,0,5,500000,100.0,adaptive,2026-07-04T12:33:52+01:00,7,4,97,56118,141,21.212702,270,280,270,10,3.5714,LOCAL_BEST,1,42,8648,106601,31891,231,51,0,1960.7843,0.0000,0,0,0,0,0,0
n012w8-0,n012w8,0,5,500000,100.0,adaptive,2026-07-04T12:33:52+01:00,7,4,97,56126,141,21.208014,240,270,240,30,11.1111,LOCAL_BEST,1,42,8648,106605,31898,232,8,0,37500.0000,0.0000,0,0,0,0,0,0
n012w8-0,n012w8,0,5,500000,100.0,adaptive,2026-07-04T12:33:52+01:00,7,8,97,56948,133,0.000000,220,230,220,10,4.3478,LOCAL_BEST,3,42,0,94728,50364,233,822,-8,121.6545,0.0000,0,0,0,0,0,0
n012w8-0,n012w8,0,5,500000,100.0,adaptive,2026-07-04T12:33:52+01:00,7,1,97,64196,97,16.969147,365,385,365,20,5.1948,LOCAL_BEST,0,42,9025,121668,38208,234,7248,-36,27.5938,0.0000,0,0,0,0,0,0
n012w8-0,n012w8,0,5,500000,100.0,adaptive,2026-07-04T12:33:52+01:00,7,1,97,64226,97,16.955086,350,365,350,15,4.1096,LOCAL_BEST,0,42,9025,121722,38235,235,30,0,5000.0000,0.0000,0,0,0,0,0,0
n012w8-0,n012w8,0,5,500000,100.0,adaptive,2026-07-04T12:33:52+01:00,7,1,97,67093,101,15.663759,335,350,335,15,4.2857,LOCAL_BEST,0,42,9141,126791,40619,236,2867,4,52.3195,3750.0000,0,0,0,0,0,0
n012w8-0,n012w8,0,5,500000,100.0,adaptive,2026-07-04T12:33:52+01:00,7,1,97,67180,101,15.626150,320,335,320,15,4.4776,LOCAL_BEST,0,42,9144,126932,40694,237,87,0,1724.1379,0.0000,0,0,0,0,0,0
n012w8-0,n012w8,0,5,500000,100.0,adaptive,2026-07-04T12:33:52+01:00,7,1,97,67216,101,15.610615,305,320,305,15,4.6875,LOCAL_BEST,0,42,9145,127018,40727,238,36,0,4166.6667,0.0000,0,0,0,0,0,0
n012w8-0,n012w8,0,5,500000,100.0,adaptive,2026-07-04T12:33:52+01:00,7,1,97,67274,101,15.585617,290,305,290,15,4.9180,LOCAL_BEST,0,42,9145,127108,40775,239,58,0,2586.2069,0.0000,0,0,0,0,0,0
n012w8-0,n012w8,0,5,500000,100.0,adaptive,2026-07-04T12:33:52+01:00,7,1,97,67381,102,15.539606,285,290,285,5,1.7241,LOCAL_BEST,0,42,9147,127278,40867,240,107,1,467.2897,5000.0000,0,0,0,0,0,0
n012w8-0,n012w8,0,5,500000,100.0,adaptive,2026-07-04T12:33:52+01:00,7,2,97,67741,103,0.000000,385,400,385,15,3.7500,LOCAL_BEST,0,42,0,125124,43404,241,360,1,416.6667,15000.0000,0,0,0,0,0,0
n012w8-0,n012w8,0,5,500000,100.0,adaptive,2026-07-04T12:33:52+01:00,7,2,97,68069,103,0.000000,370,385,370,15,3.8961,LOCAL_BEST,0,42,0,125746,43674,242,328,0,457.3171,0.0000,0,0,0,0,0,0
n012w8-0,n012w8,0,5,500000,100.0,adaptive,2026-07-04T12:33:52+01:00,7,1,97,70473,106,14.267110,270,285,270,15,5.2632,LOCAL_BEST,0,42,9254,132861,43496,243,2404,3,62.3960,5000.0000,0,0,0,0,0,0
n012w8-0,n012w8,0,5,500000,100.0,adaptive,2026-07-04T12:33:52+01:00,7,7,97,71610,191,13.825855,330,335,330,5,1.4925,LOCAL_BEST,2,42,9268,133885,44405,244,1137,85,43.9754,58.8235,0,0,0,0,0,0
n012w8-0,n012w8,0,5,500000,100.0,adaptive,2026-07-04T12:33:52+01:00,7,7,97,71740,192,13.776281,315,330,315,15,4.5455,LOCAL_BEST,2,42,9270,134095,44514,245,130,1,1153.8462,15000.0000,0,0,0,0,0,0
n012w8-0,n012w8,0,5,500000,100.0,adaptive,2026-07-04T12:33:52+01:00,7,4,97,72164,173,13.615826,230,240,230,10,4.1667,LOCAL_BEST,1,42,9243,134269,45502,246,424,-19,235.8491,0.0000,0,0,0,0,0,0
n012w8-0,n012w8,0,5,500000,100.0,adaptive,2026-07-04T12:33:52+01:00,7,7,97,72313,193,13.559885,295,315,295,20,6.3492,LOCAL_BEST,2,42,9289,135027,45002,247,149,20,1342.2819,1000.0000,0,0,0,0,0,0
n012w8-0,n012w8,0,5,500000,100.0,adaptive,2026-07-04T12:33:52+01:00,7,2,97,72673,110,0.000000,330,370,330,40,10.8108,LOCAL_BEST,0,42,0,133501,47660,248,360,-83,1111.1111,0.0000,0,0,0,0,0,0
n012w8-0,n012w8,0,5,500000,100.0,adaptive,2026-07-04T12:33:52+01:00,7,1,97,74407,112,12.797584,265,270,265,5,1.8519,LOCAL_BEST,0,42,9378,139726,46816,249,1734,2,28.8351,2500.0000,0,0,0,0,0,0
n012w8-0,n012w8,0,5,500000,100.0,adaptive,2026-07-04T12:33:52+01:00,7,1,97,74431,112,12.789100,250,265,250,15,5.6604,LOCAL_BEST,0,42,9378,139775,46837,250,24,0,6250.0000,0.0000,0,0,0,0,0,0
n012w8-0,n012w8,0,5,500000,100.0,adaptive,2026-07-04T12:33:52+01:00,7,1,97,74444,112,12.784507,235,250,235,15,6.0000,LOCAL_BEST,0,42,9378,139795,46848,251,13,0,11538.4615,0.0000,0,0,0,0,0,0
n012w8-0,n012w8,0,5,500000,100.0,adaptive,2026-07-04T12:33:52+01:00,7,1,97,74619,112,12.722838,220,235,220,15,6.3830,LOCAL_BEST,0,42,9383,140088,46998,252,175,0,857.1429,0.0000,0,0,0,0,0,0
n012w8-0,n012w8,0,5,500000,100.0,adaptive,2026-07-04T12:33:52+01:00,7,7,97,77357,204,11.795816,285,295,285,10,3.3898,LOCAL_BEST,2,42,9417,143554,49498,253,2738,92,36.5230,108.6957,0,0,0,0,0,0
n012w8-0,n012w8,0,5,500000,100.0,adaptive,2026-07-04T12:33:52+01:00,7,4,97,79022,183,11.265436,225,230,225,5,2.1739,LOCAL_BEST,1,42,9400,145162,51560,254,1665,-21,30.0300,0.0000,0,0,0,0,0,0
n012w8-0,n012w8,0,5,500000,100.0,adaptive,2026-07-04T12:33:52+01:00,7,7,97,79907,209,10.993298,270,285,270,15,5.2632,LOCAL_BEST,2,42,9470,148254,51791,255,885,26,169.4915,576.9231,0,0,0,0,0,0
n012w8-0,n012w8,0,5,500000,100.0,adaptive,2026-07-04T12:33:52+01:00,7,1,97,80567,120,10.794636,205,220,205,15,6.8182,GLOBAL_BEST,0,42,9509,150621,52218,256,660,-89,227.2727,0.0000,0,0,0,0,0,0
n012w8-0,n012w8,0,5,500000,100.0,adaptive,2026-07-04T12:33:52+01:00,7,7,97,80911,211,10.692518,240,270,240,30,11.1111,LOCAL_BEST,2,42,9485,150148,52711,257,344,91,872.0930,329.6703,0,0,0,0,0,0
n012w8-0,n012w8,0,5,500000,100.0,adaptive,2026-07-04T12:33:52+01:00,7,7,97,81102,211,10.636237,225,240,225,15,6.2500,LOCAL_BEST,2,42,9490,150490,52881,258,191,0,785.3403,0.0000,0,0,0,0,0,0
n012w8-0,n012w8,0,5,500000,100.0,adaptive,2026-07-04T12:33:52+01:00,7,2,97,83464,126,0.000000,315,330,315,15,4.5455,LOCAL_BEST,0,42,0,154257,57217,259,2362,-85,63.5055,0.0000,0,0,0,0,0,0
n012w8-0,n012w8,0,5,500000,100.0,adaptive,2026-07-04T12:33:52+01:00,7,7,97,84327,219,9.729443,210,225,210,15,6.6667,LOCAL_BEST,2,42,9537,155878,55799,260,863,93,173.8123,161.2903,0,0,0,0,0,0
n012w8-0,n012w8,0,5,500000,100.0,adaptive,2026-07-04T12:33:52+01:00,7,1,97,84891,130,9.578996,190,205,190,15,7.3171,GLOBAL_BEST,0,42,9587,158204,56046,261,564,-89,265.9574,0.0000,0,0,0,0,0,0
n012w8-0,n012w8,0,5,500000,100.0,adaptive,2026-07-04T12:33:52+01:00,7,2,97,85887,129,0.000000,305,315,305,10,3.1746,LOCAL_BEST,0,42,0,158565,59259,262,996,-1,100.4016,0.0000,0,0,0,0,0,0
n012w8-0,n012w8,0,5,500000,100.0,adaptive,2026-07-04T12:33:52+01:00,7,2,97,96553,151,0.000000,290,305,290,15,4.9180,LOCAL_BEST,0,42,0,179631,68481,263,10666,22,14.0634,681.8182,0,0,0,0,0,0
n012w8-0,n012w8,0,5,500000,100.0,adaptive,2026-07-04T12:33:52+01:00,7,2,97,106671,169,0.000000,280,290,280,10,3.4483,LOCAL_BEST,0,42,0,199678,77479,264,10118,18,9.8834,555.5556,0,0,0,0,0,0
n012w8-0,n012w8,0,5,500000,100.0,adaptive,2026-07-04T12:33:52+01:00,7,2,97,107285,169,0.000000,265,280,265,15,5.3571,LOCAL_BEST,0,42,0,200898,78020,265,614,0,244.2997,0.0000,0,0,0,0,0,0
n012w8-0,n012w8,0,5,500000,100.0,adaptive,2026-07-04T12:33:52+01:00,7,2,97,110503,174,0.000000,260,265,260,5,1.8868,LOCAL_BEST,0,42,0,207145,80848,266,3218,5,15.5376,1000.0000,0,0,0,0,0,0
n012w8-0,n012w8,0,5,500000,100.0,adaptive,2026-07-04T12:33:52+01:00,7,2,97,111552,175,0.000000,250,260,250,10,3.8462,LOCAL_BEST,0,42,0,208992,81780,267,1049,1,95.3289,10000.0000,0,0,0,0,0,0
n012w8-0,n012w8,0,5,500000,100.0,adaptive,2026-07-04T12:33:52+01:00,7,2,97,113350,177,0.000000,245,250,245,5,2.0000,LOCAL_BEST,0,42,0,212229,83395,268,1798,2,27.8087,2500.0000,0,0,0,0,0,0
n012w8-0,n012w8,0,5,500000,100.0,adaptive,2026-07-04T12:33:52+01:00,7,2,97,115082,180,0.000000,230,245,230,15,6.1224,LOCAL_BEST,0,42,0,215745,84958,269,1732,3,86.6051,5000.0000,0,0,0,0,0,0
n012w8-0,n012w8,0,5,500000,100.0,adaptive,2026-07-04T12:33:52+01:00,7,3,97,119220,198,0.000000,1120,1155,1120,35,3.0303,LOCAL_BEST,0,42,45723,251360,5102,270,4138,18,84.5819,1944.4444,0,0,0,0,0,0
n012w8-0,n012w8,0,5,500000,100.0,adaptive,2026-07-04T12:33:52+01:00,7,3,97,119221,198,0.000000,1105,1120,1105,15,1.3393,LOCAL_BEST,0,42,45723,251361,5102,271,1,0,150000.0000,0.0000,0,0,0,0,0,0
n012w8-0,n012w8,0,5,500000,100.0,adaptive,2026-07-04T12:33:52+01:00,7,3,97,119222,198,0.000000,1090,1105,1090,15,1.3575,LOCAL_BEST,0,42,45723,251365,5102,272,1,0,150000.0000,0.0000,0,0,0,0,0,0
n012w8-0,n012w8,0,5,500000,100.0,adaptive,2026-07-04T12:33:52+01:00,7,1,97,134891,215,2.406069,190,190,190,0,0.0000,REHEAT,0,42,9703,247790,102733,273,15669,17,0.0000,0.0000,0,0,0,0,0,0
n012w8-0,n012w8,0,5,500000,100.0,adaptive,2026-07-04T12:33:52+01:00,7,2,97,138040,210,0.000000,215,230,215,15,6.5217,LOCAL_BEST,0,42,0,260071,105719,274,3149,-5,47.6342,0.0000,0,0,0,0,0,0
n012w8-0,n012w8,0,5,500000,100.0,adaptive,2026-07-04T12:33:52+01:00,7,2,97,164784,249,0.000000,210,215,210,5,2.3256,LOCAL_BEST,0,42,0,310704,129841,275,26744,39,1.8696,128.2051,0,0,0,0,0,0
n012w8-0,n012w8,0,5,500000,100.0,adaptive,2026-07-04T12:33:52+01:00,7,2,97,167362,252,0.000000,195,210,195,15,7.1429,LOCAL_BEST,0,42,0,315537,132187,276,2578,3,58.1846,5000.0000,0,0,0,0,0,0
n012w8-0,n012w8,0,5,500000,100.0,adaptive,2026-07-04T12:33:52+01:00,7,1,97,184891,315,25.118864,500,190,190,0,0.0000,REHEAT,0,42,17802,343580,130080,277,17529,63,0.0000,0.0000,0,0,0,0,0,0
n012w8-0,n012w8,0,5,500000,100.0,adaptive,2026-07-04T12:33:52+01:00,7,2,97,224342,340,0.000000,180,195,180,15,7.6923,GLOBAL_BEST,0,42,0,417379,184050,278,39451,25,3.8022,600.0000,0,0,0,0,0,0
n012w8-0,n012w8,0,5,500000,100.0,adaptive,2026-07-04T12:33:52+01:00,7,1,97,234891,424,25.118864,600,190,190,0,0.0000,REHEAT,0,42,26063,438775,157118,279,10549,84,0.0000,0.0000,0,0,0,0,0,0
n012w8-0,n012w8,0,5,500000,100.0,adaptive,2026-07-04T12:33:52+01:00,7,1,97,284891,528,25.118864,500,190,190,0,0.0000,REHEAT,0,42,34286,534594,184086,280,50000,104,0.0000,0.0000,0,0,0,0,0,0
n012w8-0,n012w8,0,5,500000,100.0,adaptive,2026-07-04T12:33:52+01:00,7,3,97,307294,611,0.000000,1050,1090,1050,40,3.6697,LOCAL_BEST,0,42,117930,648325,13248,281,22403,83,17.8548,481.9277,0,0,0,0,0,0
n012w8-0,n012w8,0,5,500000,100.0,adaptive,2026-07-04T12:33:52+01:00,7,3,97,307295,611,0.000000,1035,1050,1035,15,1.4286,LOCAL_BEST,0,42,117930,648325,13248,282,1,0,150000.0000,0.0000,0,0,0,0,0,0
n012w8-0,n012w8,0,5,500000,100.0,adaptive,2026-07-04T12:33:52+01:00,7,1,97,334891,626,25.118864,640,190,190,0,0.0000,REHEAT,0,42,42500,630226,211006,283,27596,15,0.0000,0.0000,0,0,0,0,0,0
n012w8-0,n012w8,0,5,500000,100.0,adaptive,2026-07-04T12:33:52+01:00,7,1,97,384891,726,25.118864,985,190,190,0,0.0000,REHEAT,0,42,50759,723990,237977,284,50000,100,0.0000,0.0000,0,0,0,0,0,0
n012w8-0,n012w8,0,5,500000,100.0,adaptive,2026-07-04T12:33:52+01:00,7,1,97,434891,840,25.118864,455,190,190,0,0.0000,REHEAT,0,42,58939,819264,265071,285,50000,114,0.0000,0.0000,0,0,0,0,0,0
n012w8-0,n012w8,0,5,500000,100.0,adaptive,2026-07-04T12:33:52+01:00,7,1,97,484891,940,25.118864,530,190,190,0,0.0000,REHEAT,0,42,67457,913766,291441,286,50000,100,0.0000,0.0000,0,0,0,0,0,0
n012w8-0,n012w8,0,5,500000,100.0,adaptive,2026-07-04T12:33:52+01:00,8,1,98,1,1,100.000000,4785,4800,4785,15,0.3125,GLOBAL_BEST,0,42,0,0,0,1,1,1,150000.0000,15000.0000,0,0,0,0,0,0
n012w8-0,n012w8,0,5,500000,100.0,adaptive,2026-07-04T12:33:52+01:00,8,1,98,2,1,99.997237,4755,4785,4755,30,0.6270,GLOBAL_BEST,0,42,0,0,0,2,1,0,300000.0000,0.0000,0,0,0,0,0,0
n012w8-0,n012w8,0,5,500000,100.0,adaptive,2026-07-04T12:33:52+01:00,8,2,98,2,1,0.000000,4770,4800,4770,30,0.6250,LOCAL_BEST,0,42,0,9,1,3,0,0,0.0000,0.0000,0,0,0,0,0,0
n012w8-0,n012w8,0,5,500000,100.0,adaptive,2026-07-04T12:33:52+01:00,8,3,98,2,1,0.000000,4770,4800,4770,30,0.6250,LOCAL_BEST,0,42,0,3,0,4,0,0,0.0000,0.0000,0,0,0,0,0,0
n012w8-0,n012w8,0,5,500000,100.0,adaptive,2026-07-04T12:33:52+01:00,8,5,98,2,45,0.000000,2055,2070,2055,15,0.7246,GLOBAL_BEST,1,42,0,1,1,5,0,44,0.0000,340.9091,0,0,0,0,0,0
n012w8-0,n012w8,0,5,500000,100.0,adaptive,2026-07-04T12:33:52+01:00,8,3,98,3,1,0.000000,4570,4770,4570,200,4.1929,GLOBAL_BEST,0,42,0,6,0,6,1,-44,2000000.0000,0.0000,0,0,0,0,0,0
n012w8-0,n012w8,0,5,500000,100.0,adaptive,2026-07-04T12:33:52+01:00,8,2,98,3,1,0.000000,4610,4770,4610,160,3.3543,LOCAL_BEST,0,42,0,12,1,7,0,0,0.0000,0.0000,0,0,0,0,0,0
n012w8-0,n012w8,0,5,500000,100.0,adaptive,2026-07-04T12:33:52+01:00,8,1,98,4,1,99.991711,4655,4755,4655,100,2.1030,GLOBAL_BEST,0,42,1,7,0,8,1,0,1000000.0000,0.0000,0,0,0,0,0,0
n012w8-0,n012w8,0,5,500000,100.0,adaptive,2026-07-04T12:33:52+01:00,8,2,98,4,1,0.000000,4280,4610,4280,330,7.1584,GLOBAL_BEST,0,42,0,12,1,9,0,0,0.0000,0.0000,0,0,0,0,0,0
n012w8-0,n012w8,0,5,500000,100.0,adaptive,2026-07-04T12:33:52+01:00,8,4,98,4,45,99.991711,2060,2070,2060,10,0.4831,GLOBAL_BEST,1,42,0,6,3,10,0,44,0.0000,227.2727,0,0,0,0,0,0
n012w8-0,n012w8,0,5,500000,100.0,adaptive,2026-07-04T12:33:52+01:00,8,2,98,5,1,0.000000,4265,4280,4265,15,0.3505,GLOBAL_BEST,0,42,0,13,1,11,1,-44,150000.0000,0.0000,0,0,0,0,0,0
n012w8-0,n012w8,0,5,500000,100.0,adaptive,2026-07-04T12:33:52+01:00,8,1,98,6,1,99.986185,4520,4655,4520,135,2.9001,GLOBAL_BEST,0,42,1,10,0,12,1,0,1350000.0000,0.0000,0,0,0,0,0,0
n012w8-0,n012w8,0,5,500000,100.0,adaptive,2026-07-04T12:33:52+01:00,8,2,98,6,1,0.000000,4065,4265,4065,200,4.6893,GLOBAL_BEST,0,42,0,15,1,13,0,0,0.0000,0.0000,0,0,0,0,0,0
n012w8-0,n012w8,0,5,500000,100.0,adaptive,2026-07-04T12:33:52+01:00,8,1,98,7,1,99.983423,4510,4520,4510,10,0.2212,LOCAL_BEST,0,42,1,10,0,14,1,0,100000.0000,0.0000,0,0,0,0,0,0
n012w8-0,n012w8,0,5,500000,100.0,adaptive,2026-07-04T12:33:52+01:00,8,1,98,8,1,99.980660,4495,4510,4495,15,0.3326,LOCAL_BEST,0,42,1,11,0,15,1,0,150000.0000,0.0000,0,0,0,0,0,0
n012w8-0,n012w8,0,5,500000,100.0,adaptive,2026-07-04T12:33:52+01:00,8,3,98,10,1,0.000000,4305,4570,4305,265,5.7987,LOCAL_BEST,0,42,1,24,0,16,2,0,1325000.0000,0.0000,0,0,0,0,0,0
n012w8-0,n012w8,0,5,500000,100.0,adaptive,2026-07-04T12:33:52+01:00,8,1,98,10,1,99.975135,4465,4495,4465,30,0.6674,LOCAL_BEST,0,42,1,11,0,17,0,0,0.0000,0.0000,0,0,0,0,0,0
n012w8-0,n012w8,0,5,500000,100.0,adaptive,2026-07-04T12:33:52+01:00,8,3,98,12,1,0.000000,4215,4305,4215,90,2.0906,LOCAL_BEST,0,42,1,27,0,18,2,0,450000.0000,0.0000,0,0,0,0,0,0
n012w8-0,n012w8,0,5,500000,100.0,adaptive,2026-07-04T12:33:52+01:00,8,1,98,12,1,99.969610,4420,4465,4420,45,1.0078,LOCAL_BEST,0,42,2,11,0,19,0,0,0.0000,0.0000,0,0,0,0,0,0
n012w8-0,n012w8,0,5,500000,100.0,adaptive,2026-07-04T12:33:52+01:00,8,4,98,12,45,99.969610,2045,2060,2045,15,0.7282,GLOBAL_BEST,1,42,1,17,8,20,0,44,0.0000,340.9091,0,0,0,0,0,0
n012w8-0,n012w8,0,5,500000,100.0,adaptive,2026-07-04T12:33:52+01:00,8,3,98,13,1,0.000000,4170,4215,4170,45,1.0676,LOCAL_BEST,0,42,1,28,0,21,1,-44,450000.0000,0.0000,0,0,0,0,0,0
n012w8-0,n012w8,0,5,500000,100.0,adaptive,2026-07-04T12:33:52+01:00,8,1,98,13,1,99.966848,4340,4420,4340,80,1.8100,LOCAL_BEST,0,42,2,13,0,22,0,0,0.0000,0.0000,0,0,0,0,0,0
n012w8-0,n012w8,0,5,500000,100.0,adaptive,2026-07-04T12:33:52+01:00,8,1,98,15,1,99.961324,4190,4340,4190,150,3.4562,LOCAL_BEST,0,42,2,16,0,23,2,0,750000.0000,0.0000,0,0,0,0,0,0
n012w8-0,n012w8,0,5,500000,100.0,adaptive,2026-07-04T12:33:52+01:00,8,3,98,15,1,0.000000,4010,4170,4010,160,3.8369,GLOBAL_BEST,0,42,1,33,0,24,0,0,0.0000,0.0000,0,0,0,0,0,0
n012w8-0,n012w8,0,5,500000,100.0,adaptive,2026-07-04T12:33:52+01:00,8,1,98,16,1,99.958562,4175,4190,4175,15,0.3580,LOCAL_BEST,0,42,2,16,0,25,1,0,150000.0000,0.0000,0,0,0,0,0,0
n012w8-0,n012w8,0,5,500000,100.0,adaptive,2026-07-04T12:33:52+01:00,8,3,98,16,1,0.000000,3970,4010,3970,40,0.9975,GLOBAL_BEST,0,42,1,33,0,26,0,0,0.0000,0.0000,0,0,0,0,0,0
n012w8-0,n012w8,0,5,500000,100.0,adaptive,2026-07-04T12:33:52+01:00,8,1,98,17,1,99.955800,4075,4175,4075,100,2.3952,LOCAL_BEST,0,42,2,26,0,27,1,0,1000000.0000,0.0000,0,0,0,0,0,0
n012w8-0,n012w8,0,5,500000,100.0,adaptive,2026-07-04T12:33:52+01:00,8,8,98,17,90,0.000000,1735,1755,1735,20,1.1396,GLOBAL_BEST,3,42,0,39,16,28,0,89,0.0000,224.7191,0,0,0,0,0,0
n012w8-0,n012w8,0,5,500000,100.0,adaptive,2026-07-04T12:33:52+01:00,8,1,98,23,1,99.939230,4005,4075,4005,70,1.7178,LOCAL_BEST,0,42,3,36,2,29,6,-89,116666.6667,0.0000,0,0,0,0,0,0
n012w8-0,n012w8,0,5,500000,100.0,adaptive,2026-07-04T12:33:52+01:00,8,3,98,23,1,0.000000,3940,3970,3940,30,0.7557,GLOBAL_BEST,0,42,4,56,0,30,0,0,0.0000,0.0000,0,0,0,0,0,0
n012w8-0,n012w8,0,5,500000,100.0,adaptive,2026-07-04T12:33:52+01:00,8,2,98,23,1,0.000000,3925,4065,3925,140,3.4440,LOCAL_BEST,0,42,0,64,1,31,0,0,0.0000,0.0000,0,0,0,0,0,0
n012w8-0,n012w8,0,5,500000,100.0,adaptive,2026-07-04T12:33:52+01:00,8,3,98,24,1,0.000000,3800,3940,3800,140,3.5533,GLOBAL_BEST,0,42,4,57,0,32,1,0,1400000.0000,0.0000,0,0,0,0,0,0
n012w8-0,n012w8,0,5,500000,100.0,adaptive,2026-07-04T12:33:52+01:00,8,2,98,24,1,0.000000,3875,3925,3875,50,1.2739,LOCAL_BEST,0,42,0,65,1,33,0,0,0.0000,0.0000,0,0,0,0,0,0
n012w8-0,n012w8,0,5,500000,100.0,adaptive,2026-07-04T12:33:52+01:00,8,3,98,25,1,0.000000,3540,3800,3540,260,6.8421,GLOBAL_BEST,0,42,4,59,0,34,1,0,2600000.0000,0.0000,0,0,0,0,0,0
n012w8-0,n012w8,0,5,500000,100.0,adaptive,2026-07-04T12:33:52+01:00,8,2,98,26,1,0.000000,3830,3875,3830,45,1.1613,LOCAL_BEST,0,42,0,67,1,35,1,0,450000.0000,0.0000,0,0,0,0,0,0
n012w8-0,n012w8,0,5,500000,100.0,adaptive,2026-07-04T12:33:52+01:00,8,1,98,27,1,99.928185,3875,4005,3875,130,3.2459,LOCAL_BEST,0,42,4,51,2,36,1,0,1300000.0000,0.0000,0,0,0,0,0,0
n012w8-0,n012w8,0,5,500000,100.0,adaptive,2026-07-04T12:33:52+01:00,8,2,98,27,1,0.000000,3640,3830,3640,190,4.9608,LOCAL_BEST,0,42,0,68,1,37,0,0,0.0000,0.0000,0,0,0,0,0,0
n012w8-0,n012w8,0,5,500000,100.0,adaptive,2026-07-04T12:33:52+01:00,8,1,98,28,1,99.925424,3680,3875,3680,195,5.0323,GLOBAL_BEST,0,42,4,51,2,38,1,0,1950000.0000,0.0000,0,0,0,0,0,0
n012w8-0,n012w8,0,5,500000,100.0,adaptive,2026-07-04T12:33:52+01:00,8,3,98,28,1,0.000000,3530,3540,3530,10,0.2825,LOCAL_BEST,0,42,5,59,0,39,0,0,0.0000,0.0000,0,0,0,0,0,0
n012w8-0,n012w8,0,5,500000,100.0,adaptive,2026-07-04T12:33:52+01:00,8,2,98,28,1,0.000000,3515,3640,3515,125,3.4341,LOCAL_BEST,0,42,0,70,1,40,0,0,0.0000,0.0000,0,0,0,0,0,0
n012w8-0,n012w8,0,5,500000,100.0,adaptive,2026-07-04T12:33:52+01:00,8,1,98,29,1,99.922663,3630,3680,3630,50,1.3587,GLOBAL_BEST,0,42,4,57,2,41,1,0,500000.0000,0.0000,0,0,0,0,0,0
n012w8-0,n012w8,0,5,500000,100.0,adaptive,2026-07-04T12:33:52+01:00,8,3,98,29,1,0.000000,3500,3530,3500,30,0.8499,LOCAL_BEST,0,42,5,59,0,42,0,0,0.0000,0.0000,0,0,0,0,0,0
n012w8-0,n012w8,0,5,500000,100.0,adaptive,2026-07-04T12:33:52+01:00,8,1,98,30,1,99.919902,3560,3630,3560,70,1.9284,LOCAL_BEST,0,42,4,57,2,43,1,0,700000.0000,0.0000,0,0,0,0,0,0
n012w8-0,n012w8,0,5,500000,100.0,adaptive,2026-07-04T12:33:52+01:00,8,1,98,31,1,99.917141,3530,3560,3530,30,0.8427,GLOBAL_BEST,0,42,4,68,2,44,1,0,300000.0000,0.0000,0,0,0,0,0,0
n012w8-0,n012w8,0,5,500000,100.0,adaptive,2026-07-04T12:33:52+01:00,8,1,98,32,1,99.914381,3480,3530,3480,50,1.4164,GLOBAL_BEST,0,42,4,69,2,45,1,0,500000.0000,0.0000,0,0,0,0,0,0
n012w8-0,n012w8,0,5,500000,100.0,adaptive,2026-07-04T12:33:52+01:00,8,3,98,32,1,0.000000,3235,3500,3235,265,7.5714,GLOBAL_BEST,0,42,6,59,0,46,0,0,0.0000,0.0000,0,0,0,0,0,0
n012w8-0,n012w8,0,5,500000,100.0,adaptive,2026-07-04T12:33:52+01:00,8,1,98,34,1,99.908859,3450,3480,3450,30,0.8621,GLOBAL_BEST,0,42,4,70,2,47,2,0,150000.0000,0.0000,0,0,0,0,0,0
n012w8-0,n012w8,0,5,500000,100.0,adaptive,2026-07-04T12:33:52+01:00,8,5,98,38,45,0.000000,2025,2055,2025,30,1.4599,GLOBAL_BEST,1,42,0,78,31,48,4,44,75000.0000,681.8182,0,0,0,0,0,0
n012w8-0,n012w8,0,5,500000,100.0,adaptive,2026-07-04T12:33:52+01:00,8,1,98,39,1,99.895057,3315,3450,3315,135,3.9130,LOCAL_BEST,0,42,6,76,3,49,1,-44,1350000.0000,0.0000,0,0,0,0,0,0
n012w8-0,n012w8,0,5,500000,100.0,adaptive,2026-07-04T12:33:52+01:00,8,1,98,40,1,99.892297,3095,3315,3095,220,6.6365,GLOBAL_BEST,0,42,6,76,3,50,1,0,2200000.0000,0.0000,0,0,0,0,0,0
n012w8-0,n012w8,0,5,500000,100.0,adaptive,2026-07-04T12:33:52+01:00,8,2,98,40,1,0.000000,3385,3515,3385,130,3.6984,LOCAL_BEST,0,42,0,86,1,51,0,0,0.0000,0.0000,0,0,0,0,0,0
n012w8-0,n012w8,0,5,500000,100.0,adaptive,2026-07-04T12:33:52+01:00,8,2,98,42,1,0.000000,3335,3385,3335,50,1.4771,LOCAL_BEST,0,42,0,87,1,52,2,0,250000.0000,0.0000,0,0,0,0,0,0
n012w8-0,n012w8,0,5,500000,100.0,adaptive,2026-07-04T12:33:52+01:00,8,1,98,43,1,99.884017,3005,3095,3005,90,2.9079,GLOBAL_BEST,0,42,6,83,5,53,1,0,900000.0000,0.0000,0,0,0,0,0,0
n012w8-0,n012w8,0,5,500000,100.0,adaptive,2026-07-04T12:33:52+01:00,8,2,98,69,1,0.000000,3330,3335,3330,5,0.1499,LOCAL_BEST,0,42,0,138,1,54,26,0,1923.0769,0.0000,0,0,0,0,0,0
n012w8-0,n012w8,0,5,500000,100.0,adaptive,2026-07-04T12:33:52+01:00,8,5,98,82,45,0.000000,1995,2025,1995,30,1.4815,GLOBAL_BEST,1,42,0,157,66,55,13,44,23076.9231,681.8182,0,0,0,0,0,0
n012w8-0,n012w8,0,5,500000,100.0,adaptive,2026-07-04T12:33:52+01:00,8,2,98,90,1,0.000000,3325,3330,3325,5,0.1502,LOCAL_BEST,0,42,0,176,1,56,8,-44,6250.0000,0.0000,0,0,0,0,0,0
n012w8-0,n012w8,0,5,500000,100.0,adaptive,2026-07-04T12:33:52+01:00,8,2,98,92,1,0.000000,3270,3325,3270,55,1.6541,LOCAL_BEST,0,42,0,179,1,57,2,0,275000.0000,0.0000,0,0,0,0,0,0
n012w8-0,n012w8,0,5,500000,100.0,adaptive,2026-07-04T12:33:52+01:00,8,3,98,109,1,0.000000,3180,3235,3180,55,1.7002,LOCAL_BEST,0,42,35,185,2,58,17,0,32352.9412,0.0000,0,0,0,0,0,0
n012w8-0,n012w8,0,5,500000,100.0,adaptive,2026-07-04T12:33:52+01:00,8,3,98,114,1,0.000000,3155,3180,3155,25,0.7862,LOCAL_BEST,0,42,37,186,2,59,5,0,50000.0000,0.0000,0,0,0,0,0,0
n012w8-0,n012w8,0,5,500000,100.0,adaptive,2026-07-04T12:33:52+01:00,8,1,98,129,1,99.646948,3000,3005,3000,5,0.1664,GLOBAL_BEST,0,42,33,212,25,60,15,0,3333.3333,0.0000,0,0,0,0,0,0
n012w8-0,n012w8,0,5,500000,100.0,adaptive,2026-07-04T12:33:52+01:00,8,1,98,131,1,99.641441,2985,3000,2985,15,0.5000,GLOBAL_BEST,0,42,33,213,26,61,2,0,75000.0000,0.0000,0,0,0,0,0,0
n012w8-0,n012w8,0,5,500000,100.0,adaptive,2026-07-04T12:33:52+01:00,8,1,98,132,1,99.638688,2970,2985,2970,15,0.5025,GLOBAL_BEST,0,42,33,214,26,62,1,0,150000.0000,0.0000,0,0,0,0,0,0
n012w8-0,n012w8,0,5,500000,100.0,adaptive,2026-07-04T12:33:52+01:00,8,1,98,138,1,99.622171,2965,2970,2965,5,0.1684,GLOBAL_BEST,0,42,34,224,28,63,6,0,8333.3333,0.0000,0,0,0,0,0,0
n012w8-0,n012w8,0,5,500000,100.0,adaptive,2026-07-04T12:33:52+01:00,8,11,98,156,133,0.000000,1560,1575,1560,15,0.9524,GLOBAL_BEST,4,42,0,233,144,64,18,132,8333.3333,113.6364,0,0,0,0,0,0
n012w8-0,n012w8,0,5,500000,100.0,adaptive,2026-07-04T12:33:52+01:00,8,8,98,157,90,0.000000,1720,1735,1720,15,0.8646,GLOBAL_BEST,3,42,0,255,131,65,1,-43,150000.0000,0.0000,0,0,0,0,0,0
n012w8-0,n012w8,0,5,500000,100.0,adaptive,2026-07-04T12:33:52+01:00,8,1,98,159,1,99.564381,2870,2965,2870,95,3.2040,GLOBAL_BEST,0,42,39,257,34,66,2,-89,475000.0000,0.0000,0,0,0,0,0,0
n012w8-0,n012w8,0,5,500000,100.0,adaptive,2026-07-04T12:33:52+01:00,8,1,98,161,1,99.558879,2860,2870,2860,10,0.3484,GLOBAL_BEST,0,42,39,258,35,67,2,0,50000.0000,0.0000,0,0,0,0,0,0
n012w8-0,n012w8,0,5,500000,100.0,adaptive,2026-07-04T12:33:52+01:00,8,1,98,163,1,99.553378,2840,2860,2840,20,0.6993,GLOBAL_BEST,0,42,39,261,35,68,2,0,100000.0000,0.0000,0,0,0,0,0,0
n012w8-0,n012w8,0,5,500000,100.0,adaptive,2026-07-04T12:33:52+01:00,8,1,98,164,1,99.550627,2790,2840,2790,50,1.7606,GLOBAL_BEST,0,42,39,261,35,69,1,0,500000.0000,0.0000,0,0,0,0,0,0
n012w8-0,n012w8,0,5,500000,100.0,adaptive,2026-07-04T12:33:52+01:00,8,1,98,177,1,99.514875,2760,2790,2760,30,1.0753,GLOBAL_BEST,0,42,43,293,38,70,13,0,23076.9231,0.0000,0,0,0,0,0,0
n012w8-0,n012w8,0,5,500000,100.0,adaptive,2026-07-04T12:33:52+01:00,8,2,98,216,1,0.000000,3225,3270,3225,45,1.3761,LOCAL_BEST,0,42,0,387,1,71,39,0,11538.4615,0.0000,0,0,0,0,0,0
n012w8-0,n012w8,0,5,500000,100.0,adaptive,2026-07-04T12:33:52+01:00,8,2,98,217,1,0.000000,3145,3225,3145,80,2.4806,LOCAL_BEST,0,42,0,389,1,72,1,0,800000.0000,0.0000,0,0,0,0,0,0
n012w8-0,n012w8,0,5,500000,100.0,adaptive,2026-07-04T12:33:52+01:00,8,2,98,218,1,0.000000,3105,3145,3105,40,1.2719,LOCAL_BEST,0,42,0,394,1,73,1,0,400000.0000,0.0000,0,0,0,0,0,0
n012w8-0,n012w8,0,5,500000,100.0,adaptive,2026-07-04T12:33:52+01:00,8,2,98,219,1,0.000000,3090,3105,3090,15,0.4831,LOCAL_BEST,0,42,0,400,1,74,1,0,150000.0000,0.0000,0,0,0,0,0,0
n012w8-0,n012w8,0,5,500000,100.0,adaptive,2026-07-04T12:33:52+01:00,8,5,98,261,46,0.000000,1990,1995,1990,5,0.2506,GLOBAL_BEST,1,42,0,457,208,75,42,45,1190.4762,111.1111,0,0,0,0,0,0
n012w8-0,n012w8,0,5,500000,100.0,adaptive,2026-07-04T12:33:52+01:00,8,1,98,270,1,99.259481,2755,2760,2755,5,0.1812,GLOBAL_BEST,0,42,68,464,64,76,9,-45,5555.5556,0.0000,0,0,0,0,0,0
n012w8-0,n012w8,0,5,500000,100.0,adaptive,2026-07-04T12:33:52+01:00,8,5,98,270,46,0.000000,1970,1990,1970,20,1.0050,GLOBAL_BEST,1,42,0,473,215,77,0,45,0.0000,444.4444,0,0,0,0,0,0
n012w8-0,n012w8,0,5,500000,100.0,adaptive,2026-07-04T12:33:52+01:00,8,1,98,271,1,99.256738,2545,2755,2545,210,7.6225,GLOBAL_BEST,0,42,68,466,64,78,1,-45,2100000.0000,0.0000,0,0,0,0,0,0
n012w8-0,n012w8,0,5,500000,100.0,adaptive,2026-07-04T12:33:52+01:00,8,8,98,446,91,0.000000,1680,1720,1680,40,2.3256,GLOBAL_BEST,3,42,0,653,362,79,175,90,2285.7143,444.4444,0,0,0,0,0,0
n012w8-0,n012w8,0,5,500000,100.0,adaptive,2026-07-04T12:33:52+01:00,8,2,98,603,1,0.000000,3085,3090,3085,5,0.1618,LOCAL_BEST,0,42,0,1143,1,80,157,-90,318.4713,0.0000,0,0,0,0,0,0
n012w8-0,n012w8,0,5,500000,100.0,adaptive,2026-07-04T12:33:52+01:00,8,1,98,853,2,97.673331,2455,2545,2455,90,3.5363,GLOBAL_BEST,0,42,213,1466,277,81,250,1,3600.0000,90000.0000,0,0,0,0,0,0
n012w8-0,n012w8,0,5,500000,100.0,adaptive,2026-07-04T12:33:52+01:00,8,1,98,858,2,97.659838,2450,2455,2450,5,0.2037,GLOBAL_BEST,0,42,214,1475,279,82,5,0,10000.0000,0.0000,0,0,0,0,0,0
n012w8-0,n012w8,0,5,500000,100.0,adaptive,2026-07-04T12:33:52+01:00,8,2,98,951,2,0.000000,3065,3085,3065,20,0.6483,LOCAL_BEST,0,42,0,1716,1,83,93,0,2150.5376,0.0000,0,0,0,0,0,0
n012w8-0,n012w8,0,5,500000,100.0,adaptive,2026-07-04T12:33:52+01:00,8,2,98,962,2,0.000000,3000,3065,3000,65,2.1207,LOCAL_BEST,0,42,0,1723,1,84,11,0,59090.9091,0.0000,0,0,0,0,0,0
n012w8-0,n012w8,0,5,500000,100.0,adaptive,2026-07-04T12:33:52+01:00,8,2,98,964,2,0.000000,2950,3000,2950,50,1.6667,LOCAL_BEST,0,42,0,1735,1,85,2,0,250000.0000,0.0000,0,0,0,0,0,0
n012w8-0,n012w8,0,5,500000,100.0,adaptive,2026-07-04T12:33:52+01:00,8,2,98,971,2,0.000000,2905,2950,2905,45,1.5254,LOCAL_BEST,0,42,0,1755,1,86,7,0,64285.7143,0.0000,0,0,0,0,0,0
n012w8-0,n012w8,0,5,500000,100.0,adaptive,2026-07-04T12:33:52+01:00,8,2,98,972,2,0.000000,2860,2905,2860,45,1.5491,LOCAL_BEST,0,42,0,1761,1,87,1,0,450000.0000,0.0000,0,0,0,0,0,0
n012w8-0,n012w8,0,5,500000,100.0,adaptive,2026-07-04T12:33:52+01:00,8,3,98,1086,2,0.000000,3125,3155,3125,30,0.9509,LOCAL_BEST,0,42,408,1822,46,88,114,0,2631.5789,0.0000,0,0,0,0,0,0
n012w8-0,n012w8,0,5,500000,100.0,adaptive,2026-07-04T12:33:52+01:00,8,3,98,1087,2,0.000000,3110,3125,3110,15,0.4800,LOCAL_BEST,0,42,408,1822,46,89,1,0,150000.0000,0.0000,0,0,0,0,0,0
n012w8-0,n012w8,0,5,500000,100.0,adaptive,2026-07-04T12:33:52+01:00,8,3,98,1167,2,0.000000,3095,3110,3095,15,0.4823,LOCAL_BEST,0,42,439,1961,49,90,80,0,1875.0000,0.0000,0,0,0,0,0,0
n012w8-0,n012w8,0,5,500000,100.0,adaptive,2026-07-04T12:33:52+01:00,8,3,98,1168,2,0.000000,3045,3095,3045,50,1.6155,LOCAL_BEST,0,42,439,1961,49,91,1,0,500000.0000,0.0000,0,0,0,0,0,0
n012w8-0,n012w8,0,5,500000,100.0,adaptive,2026-07-04T12:33:52+01:00,8,3,98,1169,2,0.000000,3030,3045,3030,15,0.4926,LOCAL_BEST,0,42,439,1961,49,92,1,0,150000.0000,0.0000,0,0,0,0,0,0
n012w8-0,n012w8,0,5,500000,100.0,adaptive,2026-07-04T12:33:52+01:00,8,3,98,1170,2,0.000000,2900,3030,2900,130,4.2904,LOCAL_BEST,0,42,439,1964,49,93,1,0,1300000.0000,0.0000,0,0,0,0,0,0
n012w8-0,n012w8,0,5,500000,100.0,adaptive,2026-07-04T12:33:52+01:00,8,3,98,1171,2,0.000000,2780,2900,2780,120,4.1379,LOCAL_BEST,0,42,439,1964,49,94,1,0,1200000.0000,0.0000,0,0,0,0,0,0
n012w8-0,n012w8,0,5,500000,100.0,adaptive,2026-07-04T12:33:52+01:00,8,3,98,1173,2,0.000000,2730,2780,2730,50,1.7986,LOCAL_BEST,0,42,439,1967,49,95,2,0,250000.0000,0.0000,0,0,0,0,0,0
n012w8-0,n012w8,0,5,500000,100.0,adaptive,2026-07-04T12:33:52+01:00,8,5,98,1592,48,0.000000,1955,1970,1955,15,0.7614,GLOBAL_BEST,1,42,0,2493,1245,96,419,46,357.9952,326.0870,0,0,0,0,0,0
n012w8-0,n012w8,0,5,500000,100.0,adaptive,2026-07-04T12:33:52+01:00,8,1,98,1812,3,95.119159,2420,2450,2420,30,1.2245,GLOBAL_BEST,0,42,479,3005,563,97,220,-45,1363.6364,0.0000,0,0,0,0,0,0
n012w8-0,n012w8,0,5,500000,100.0,adaptive,2026-07-04T12:33:52+01:00,8,1,98,1838,3,95.050849,2415,2420,2415,5,0.2066,GLOBAL_BEST,0,42,486,3041,572,98,26,0,1923.0769,0.0000,0,0,0,0,0,0
n012w8-0,n012w8,0,5,500000,100.0,adaptive,2026-07-04T12:33:52+01:00,8,1,98,1843,3,95.037718,2410,2415,2410,5,0.2070,GLOBAL_BEST,0,42,487,3047,575,99,5,0,10000.0000,0.0000,0,0,0,0,0,0
n012w8-0,n012w8,0,5,500000,100.0,adaptive,2026-07-04T12:33:52+01:00,8,1,98,1844,3,95.035092,2355,2410,2355,55,2.2822,GLOBAL_BEST,0,42,487,3048,575,100,1,0,550000.0000,0.0000,0,0,0,0,0,0
n012w8-0,n012w8,0,5,500000,100.0,adaptive,2026-07-04T12:33:52+01:00,8,2,98,1924,3,0.000000,2825,2860,2825,35,1.2238,LOCAL_BEST,0,42,0,3473,160,101,80,0,4375.0000,0.0000,0,0,0,0,0,0
n012w8-0,n012w8,0,5,500000,100.0,adaptive,2026-07-04T12:33:52+01:00,8,2,98,1971,3,0.000000,2800,2825,2800,25,0.8850,LOCAL_BEST,0,42,0,3538,165,102,47,0,5319.1489,0.0000,0,0,0,0,0,0
n012w8-0,n012w8,0,5,500000,100.0,adaptive,2026-07-04T12:33:52+01:00,8,8,98,2122,93,0.000000,1655,1680,1655,25,1.4881,GLOBAL_BEST,3,42,0,3124,1800,103,151,90,1655.6291,277.7778,0,0,0,0,0,0
n012w8-0,n012w8,0,5,500000,100.0,adaptive,2026-07-04T12:33:52+01:00,8,8,98,2123,93,0.000000,1635,1655,1635,20,1.2085,GLOBAL_BEST,3,42,0,3124,1800,104,1,0,200000.0000,0.0000,0,0,0,0,0,0
n012w8-0,n012w8,0,5,500000,100.0,adaptive,2026-07-04T12:33:52+01:00,8,5,98,2396,50,0.000000,1940,1955,1940,15,0.7673,GLOBAL_BEST,1,42,0,3725,1875,105,273,-43,549.4505,0.0000,0,0,0,0,0,0
n012w8-0,n012w8,0,5,500000,100.0,adaptive,2026-07-04T12:33:52+01:00,8,5,98,2397,50,0.000000,1895,1940,1895,45,2.3196,GLOBAL_BEST,1,42,0,3725,1875,106,1,0,450000.0000,0.0000,0,0,0,0,0,0
n012w8-0,n012w8,0,5,500000,100.0,adaptive,2026-07-04T12:33:52+01:00,8,5,98,2401,50,0.000000,1850,1895,1850,45,2.3747,GLOBAL_BEST,1,42,0,3732,1876,107,4,0,112500.0000,0.0000,0,0,0,0,0,0
n012w8-0,n012w8,0,5,500000,100.0,adaptive,2026-07-04T12:33:52+01:00,8,2,98,2409,4,0.000000,2795,2800,2795,5,0.1786,LOCAL_BEST,0,42,0,4338,233,108,8,-46,6250.0000,0.0000,0,0,0,0,0,0
n012w8-0,n012w8,0,5,500000,100.0,adaptive,2026-07-04T12:33:52+01:00,8,2,98,2411,4,0.000000,2670,2795,2670,125,4.4723,LOCAL_BEST,0,42,0,4342,233,109,2,0,625000.0000,0.0000,0,0,0,0,0,0
n012w8-0,n012w8,0,5,500000,100.0,adaptive,2026-07-04T12:33:52+01:00,8,2,98,3303,5,0.000000,2655,2670,2655,15,0.5618,LOCAL_BEST,0,42,0,5872,415,110,892,1,168.1614,15000.0000,0,0,0,0,0,0
n012w8-0,n012w8,0,5,500000,100.0,adaptive,2026-07-04T12:33:52+01:00,8,8,98,3874,96,0.000000,1625,1635,1625,10,0.6116,GLOBAL_BEST,3,42,0,5712,3254,111,571,91,175.1313,109.8901,0,0,0,0,0,0
n012w8-0,n012w8,0,5,500000,100.0,adaptive,2026-07-04T12:33:52+01:00,8,3,98,3976,7,0.000000,2645,2730,2645,85,3.1136,LOCAL_BEST,0,42,1517,6869,139,112,102,-89,8333.3333,0.0000,0,0,0,0,0,0
n012w8-0,n012w8,0,5,500000,100.0,adaptive,2026-07-04T12:33:52+01:00,8,3,98,3977,7,0.000000,2640,2645,2640,5,0.1890,LOCAL_BEST,0,42,1517,6872,139,113,1,0,50000.0000,0.0000,0,0,0,0,0,0
n012w8-0,n012w8,0,5,500000,100.0,adaptive,2026-07-04T12:33:52+01:00,8,11,98,4468,141,0.000000,1550,1560,1550,10,0.6410,GLOBAL_BEST,4,42,0,6294,4152,114,491,134,203.6660,74.6269,0,0,0,0,0,0
n012w8-0,n012w8,0,5,500000,100.0,adaptive,2026-07-04T12:33:52+01:00,8,1,98,4879,9,87.390455,2250,2355,2250,105,4.4586,GLOBAL_BEST,0,42,1249,8228,1612,115,411,-132,2554.7445,0.0000,0,0,0,0,0,0
n012w8-0,n012w8,0,5,500000,100.0,adaptive,2026-07-04T12:33:52+01:00,8,1,98,4880,9,87.388040,2195,2250,2195,55,2.4444,GLOBAL_BEST,0,42,1249,8229,1612,116,1,0,550000.0000,0.0000,0,0,0,0,0,0
n012w8-0,n012w8,0,5,500000,100.0,adaptive,2026-07-04T12:33:52+01:00,8,1,98,4891,9,87.361483,2115,2195,2115,80,3.6446,GLOBAL_BEST,0,42,1249,8250,1622,117,11,0,72727.2727,0.0000,0,0,0,0,0,0
n012w8-0,n012w8,0,5,500000,100.0,adaptive,2026-07-04T12:33:52+01:00,8,2,98,4975,9,0.000000,2590,2655,2590,65,2.4482,LOCAL_BEST,0,42,0,8793,915,118,84,0,7738.0952,0.0000,0,0,0,0,0,0
n012w8-0,n012w8,0,5,500000,100.0,adaptive,2026-07-04T12:33:52+01:00,8,2,98,6098,11,0.000000,2570,2590,2570,20,0.7722,LOCAL_BEST,0,42,0,10536,1271,119,1123,2,178.0944,10000.0000,0,0,0,0,0,0
n012w8-0,n012w8,0,5,500000,100.0,adaptive,2026-07-04T12:33:52+01:00,8,2,98,6251,11,0.000000,2545,2570,2545,25,0.9728,LOCAL_BEST,0,42,0,10803,1330,120,153,0,1633.9869,0.0000,0,0,0,0,0,0
n012w8-0,n012w8,0,5,500000,100.0,adaptive,2026-07-04T12:33:52+01:00,8,2,98,6456,11,0.000000,2445,2545,2445,100,3.9293,LOCAL_BEST,0,42,0,11154,1404,121,205,0,4878.0488,0.0000,0,0,0,0,0,0
n012w8-0,n012w8,0,5,500000,100.0,adaptive,2026-07-04T12:33:52+01:00,8,2,98,6457,11,0.000000,2430,2445,2430,15,0.6135,LOCAL_BEST,0,42,0,11154,1404,122,1,0,150000.0000,0.0000,0,0,0,0,0,0
n012w8-0,n012w8,0,5,500000,100.0,adaptive,2026-07-04T12:33:52+01:00,8,8,98,6793,103,0.000000,1610,1625,1610,15,0.9231,GLOBAL_BEST,3,42,0,9818,5726,123,336,92,446.4286,163.0435,0,0,0,0,0,0
n012w8-0,n012w8,0,5,500000,100.0,adaptive,2026-07-04T12:33:52+01:00,8,5,98,7051,57,0.000000,1810,1850,1810,40,2.1622,GLOBAL_BEST,1,42,0,10760,5548,124,258,-46,1550.3876,0.0000,0,0,0,0,0,0
n012w8-0,n012w8,0,5,500000,100.0,adaptive,2026-07-04T12:33:52+01:00,8,5,98,11228,65,0.000000,1785,1810,1785,25,1.3812,GLOBAL_BEST,1,42,0,17119,8849,125,4177,8,59.8516,3125.0000,0,0,0,0,0,0
n012w8-0,n012w8,0,5,500000,100.0,adaptive,2026-07-04T12:33:52+01:00,8,2,98,12210,20,0.000000,2425,2430,2425,5,0.2058,LOCAL_BEST,0,42,0,20878,3869,126,982,-45,50.9165,0.0000,0,0,0,0,0,0
n012w8-0,n012w8,0,5,500000,100.0,adaptive,2026-07-04T12:33:52+01:00,8,2,98,12211,20,0.000000,2410,2425,2410,15,0.6186,LOCAL_BEST,0,42,0,20880,3869,127,1,0,150000.0000,0.0000,0,0,0,0,0,0
n012w8-0,n012w8,0,5,500000,100.0,adaptive,2026-07-04T12:33:52+01:00,8,2,98,13216,22,0.000000,2385,2410,2385,25,1.0373,LOCAL_BEST,0,42,0,22514,4392,128,1005,2,248.7562,12500.0000,0,0,0,0,0,0
n012w8-0,n012w8,0,5,500000,100.0,adaptive,2026-07-04T12:33:52+01:00,8,2,98,13429,22,0.000000,2380,2385,2380,5,0.2096,LOCAL_BEST,0,42,0,22915,4491,129,213,0,234.7418,0.0000,0,0,0,0,0,0
n012w8-0,n012w8,0,5,500000,100.0,adaptive,2026-07-04T12:33:52+01:00,8,2,98,13430,22,0.000000,2360,2380,2360,20,0.8403,LOCAL_BEST,0,42,0,22920,4491,130,1,0,200000.0000,0.0000,0,0,0,0,0,0
n012w8-0,n012w8,0,5,500000,100.0,adaptive,2026-07-04T12:33:52+01:00,8,2,98,13431,22,0.000000,2340,2360,2340,20,0.8475,LOCAL_BEST,0,42,0,22922,4491,131,1,0,200000.0000,0.0000,0,0,0,0,0,0
n012w8-0,n012w8,0,5,500000,100.0,adaptive,2026-07-04T12:33:52+01:00,8,2,98,13433,22,0.000000,2325,2340,2325,15,0.6410,LOCAL_BEST,0,42,0,22929,4491,132,2,0,75000.0000,0.0000,0,0,0,0,0,0
n012w8-0,n012w8,0,5,500000,100.0,adaptive,2026-07-04T12:33:52+01:00,8,8,98,14842,116,0.000000,1590,1610,1590,20,1.2422,GLOBAL_BEST,3,42,0,21513,12724,133,1409,94,141.9446,212.7660,0,0,0,0,0,0
n012w8-0,n012w8,0,5,500000,100.0,adaptive,2026-07-04T12:33:52+01:00,8,5,98,16057,73,0.000000,1765,1785,1765,20,1.1204,GLOBAL_BEST,1,42,0,24415,12696,134,1215,-43,164.6091,0.0000,0,0,0,0,0,0
n012w8-0,n012w8,0,5,500000,100.0,adaptive,2026-07-04T12:33:52+01:00,8,2,98,17096,28,0.000000,2235,2325,2235,90,3.8710,LOCAL_BEST,0,42,0,28944,6374,135,1039,-45,866.2175,0.0000,0,0,0,0,0,0
n012w8-0,n012w8,0,5,500000,100.0,adaptive,2026-07-04T12:33:52+01:00,8,2,98,17097,28,0.000000,2205,2235,2205,30,1.3423,LOCAL_BEST,0,42,0,28946,6374,136,1,0,300000.0000,0.0000,0,0,0,0,0,0
n012w8-0,n012w8,0,5,500000,100.0,adaptive,2026-07-04T12:33:52+01:00,8,8,98,17952,122,0.000000,1580,1590,1580,10,0.6289,GLOBAL_BEST,3,42,0,25781,15443,137,855,94,116.9591,106.3830,0,0,0,0,0,0
n012w8-0,n012w8,0,5,500000,100.0,adaptive,2026-07-04T12:33:52+01:00,8,1,98,19409,33,58.493014,2100,2115,2100,15,0.7092,GLOBAL_BEST,0,42,4469,32582,7471,138,1457,-89,102.9513,0.0000,0,0,0,0,0,0
n012w8-0,n012w8,0,5,500000,100.0,adaptive,2026-07-04T12:33:52+01:00,8,2,98,22348,36,0.000000,2190,2205,2190,15,0.6803,LOCAL_BEST,0,42,0,37629,9473,139,2939,3,51.0378,5000.0000,0,0,0,0,0,0
n012w8-0,n012w8,0,5,500000,100.0,adaptive,2026-07-04T12:33:52+01:00,8,2,98,22349,36,0.000000,2135,2190,2135,55,2.5114,LOCAL_BEST,0,42,0,37629,9473,140,1,0,550000.0000,0.0000,0,0,0,0,0,0
n012w8-0,n012w8,0,5,500000,100.0,adaptive,2026-07-04T12:33:52+01:00,8,1,98,23068,38,52.868380,2090,2100,2090,10,0.4762,GLOBAL_BEST,0,42,5117,38559,9326,141,719,2,139.0821,5000.0000,0,0,0,0,0,0
n012w8-0,n012w8,0,5,500000,100.0,adaptive,2026-07-04T12:33:52+01:00,8,4,98,23962,84,51.578416,2040,2045,2040,5,0.2445,LOCAL_BEST,1,42,5362,40101,9547,142,894,46,55.9284,108.6957,0,0,0,0,0,0
n012w8-0,n012w8,0,5,500000,100.0,adaptive,2026-07-04T12:33:52+01:00,8,8,98,25209,132,0.000000,1575,1580,1575,5,0.3165,GLOBAL_BEST,3,42,0,35977,21864,143,1247,48,40.0962,104.1667,0,0,0,0,0,0
n012w8-0,n012w8,0,5,500000,100.0,adaptive,2026-07-04T12:33:52+01:00,8,5,98,28432,91,0.000000,1745,1765,1745,20,1.1331,LOCAL_BEST,1,42,0,43200,22761,144,3223,-41,62.0540,0.0000,0,0,0,0,0,0
n012w8-0,n012w8,0,5,500000,100.0,adaptive,2026-07-04T12:33:52+01:00,8,2,98,28490,45,0.000000,2070,2135,2070,65,3.0445,GLOBAL_BEST,0,42,0,47506,13324,145,58,-46,11206.8966,0.0000,0,0,0,0,0,0
n012w8-0,n012w8,0,5,500000,100.0,adaptive,2026-07-04T12:33:52+01:00,8,1,98,29816,50,43.875290,2060,2090,2060,30,1.4354,LOCAL_BEST,0,42,6264,49010,12870,146,1326,5,226.2443,6000.0000,0,0,0,0,0,0
n012w8-0,n012w8,0,5,500000,100.0,adaptive,2026-07-04T12:33:52+01:00,8,5,98,29958,93,0.000000,1735,1745,1735,10,0.5731,LOCAL_BEST,1,42,0,45462,24063,147,142,43,704.2254,232.5581,0,0,0,0,0,0
n012w8-0,n012w8,0,5,500000,100.0,adaptive,2026-07-04T12:33:52+01:00,8,8,98,31843,145,0.000000,1565,1575,1565,10,0.6349,LOCAL_BEST,3,42,0,45272,27836,148,1885,52,53.0504,192.3077,0,0,0,0,0,0
n012w8-0,n012w8,0,5,500000,100.0,adaptive,2026-07-04T12:33:52+01:00,8,5,98,32022,96,0.000000,1720,1735,1720,15,0.8646,LOCAL_BEST,1,42,0,48394,25779,149,179,-49,837.9888,0.0000,0,0,0,0,0,0
n012w8-0,n012w8,0,5,500000,100.0,adaptive,2026-07-04T12:33:52+01:00,8,8,98,32414,148,0.000000,1555,1565,1555,10,0.6390,LOCAL_BEST,3,42,0,46123,28338,150,392,52,255.1020,192.3077,0,0,0,0,0,0
n012w8-0,n012w8,0,5,500000,100.0,adaptive,2026-07-04T12:33:52+01:00,8,2,98,32585,54,0.000000,2065,2070,2065,5,0.2415,LOCAL_BEST,0,42,0,54044,16001,151,171,-94,292.3977,0.0000,0,0,0,0,0,0
n012w8-0,n012w8,0,5,500000,100.0,adaptive,2026-07-04T12:33:52+01:00,8,2,98,32587,54,0.000000,2035,2065,2035,30,1.4528,LOCAL_BEST,0,42,0,54045,16001,152,2,0,150000.0000,0.0000,0,0,0,0,0,0
n012w8-0,n012w8,0,5,500000,100.0,adaptive,2026-07-04T12:33:52+01:00,8,2,98,32838,55,0.000000,2020,2035,2020,15,0.7371,LOCAL_BEST,0,42,0,54478,16148,153,251,1,597.6096,15000.0000,0,0,0,0,0,0
n012w8-0,n012w8,0,5,500000,100.0,adaptive,2026-07-04T12:33:52+01:00,8,5,98,32948,97,0.000000,1710,1720,1710,10,0.5814,LOCAL_BEST,1,42,0,49715,26524,154,110,42,909.0909,238.0952,0,0,0,0,0,0
n012w8-0,n012w8,0,5,500000,100.0,adaptive,2026-07-04T12:33:52+01:00,8,2,98,33183,55,0.000000,2015,2020,2015,5,0.2475,LOCAL_BEST,0,42,0,55055,16368,155,235,-42,212.7660,0.0000,0,0,0,0,0,0
n012w8-0,n012w8,0,5,500000,100.0,adaptive,2026-07-04T12:33:52+01:00,8,5,98,33452,98,0.000000,1695,1710,1695,15,0.8772,LOCAL_BEST,1,42,0,50454,26950,156,269,43,557.6208,348.8372,0,0,0,0,0,0
n012w8-0,n012w8,0,5,500000,100.0,adaptive,2026-07-04T12:33:52+01:00,8,5,98,33823,99,0.000000,1680,1695,1680,15,0.8850,LOCAL_BEST,1,42,0,50997,27252,157,371,1,404.3127,15000.0000,0,0,0,0,0,0
n012w8-0,n012w8,0,5,500000,100.0,adaptive,2026-07-04T12:33:52+01:00,8,1,98,34774,59,38.258153,2000,2060,2000,60,2.9126,LOCAL_BEST,0,42,6968,56947,15758,158,951,-40,630.9148,0.0000,0,0,0,0,0,0
n012w8-0,n012w8,0,5,500000,100.0,adaptive,2026-07-04T12:33:52+01:00,8,2,98,35565,58,0.000000,1980,2015,1980,35,1.7370,LOCAL_BEST,0,42,0,58865,17921,159,791,-1,442.4779,0.0000,0,0,0,0,0,0
n012w8-0,n012w8,0,5,500000,100.0,adaptive,2026-07-04T12:33:52+01:00,8,4,98,36060,104,36.922577,2020,2040,2020,20,0.9804,LOCAL_BEST,1,42,7181,59880,16336,160,495,46,404.0404,434.7826,0,0,0,0,0,0
n012w8-0,n012w8,0,5,500000,100.0,adaptive,2026-07-04T12:33:52+01:00,8,1,98,36095,61,36.886887,1985,2000,1985,15,0.7500,LOCAL_BEST,0,42,7123,59141,16659,161,35,-43,4285.7143,0.0000,0,0,0,0,0,0
n012w8-0,n012w8,0,5,500000,100.0,adaptive,2026-07-04T12:33:52+01:00,8,1,98,36110,61,36.871601,1965,1985,1965,20,1.0076,LOCAL_BEST,0,42,7124,59162,16670,162,15,0,13333.3333,0.0000,0,0,0,0,0,0
n012w8-0,n012w8,0,5,500000,100.0,adaptive,2026-07-04T12:33:52+01:00,8,1,98,36127,61,36.854286,1905,1965,1905,60,3.0534,LOCAL_BEST,0,42,7124,59191,16685,163,17,0,35294.1176,0.0000,0,0,0,0,0,0
n012w8-0,n012w8,0,5,500000,100.0,adaptive,2026-07-04T12:33:52+01:00,8,4,98,36186,104,36.794254,1960,2020,1960,60,2.9703,LOCAL_BEST,1,42,7196,60076,16423,164,59,43,10169.4915,1395.3488,0,0,0,0,0,0
n012w8-0,n012w8,0,5,500000,100.0,adaptive,2026-07-04T12:33:52+01:00,8,5,98,38303,107,0.000000,1650,1680,1650,30,1.7857,LOCAL_BEST,1,42,0,57681,31114,165,2117,3,141.7100,10000.0000,0,0,0,0,0,0
n012w8-0,n012w8,0,5,500000,100.0,adaptive,2026-07-04T12:33:52+01:00,8,4,98,39485,110,33.588608,1950,1960,1950,10,0.5102,LOCAL_BEST,1,42,7554,65463,18585,166,1182,3,84.6024,3333.3333,0,0,0,0,0,0
n012w8-0,n012w8,0,5,500000,100.0,adaptive,2026-07-04T12:33:52+01:00,8,4,98,39495,110,33.579328,1940,1950,1940,10,0.5128,LOCAL_BEST,1,42,7555,65471,18592,167,10,0,10000.0000,0.0000,0,0,0,0,0,0
n012w8-0,n012w8,0,5,500000,100.0,adaptive,2026-07-04T12:33:52+01:00,8,2,98,39535,64,0.000000,1975,1980,1975,5,0.2525,LOCAL_BEST,0,42,0,65173,20792,168,40,-46,1250.0000,0.0000,0,0,0,0,0,0
n012w8-0,n012w8,0,5,500000,100.0,adaptive,2026-07-04T12:33:52+01:00,8,2,98,39892,65,0.000000,1970,1975,1970,5,0.2532,LOCAL_BEST,0,42,0,65775,21032,169,357,1,140.0560,5000.0000,0,0,0,0,0,0
n012w8-0,n012w8,0,5,500000,100.0,adaptive,2026-07-04T12:33:52+01:00,8,4,98,39992,110,33.121348,1900,1940,1900,40,2.0619,LOCAL_BEST,1,42,7599,66186,18939,170,100,45,4000.0000,888.8889,0,0,0,0,0,0
n012w8-0,n012w8,0,5,500000,100.0,adaptive,2026-07-04T12:33:52+01:00,8,4,98,39999,110,33.114942,1840,1900,1840,60,3.1579,LOCAL_BEST,1,42,7599,66190,18945,171,7,0,85714.2857,0.0000,0,0,0,0,0,0
n012w8-0,n012w8,0,5,500000,100.0,adaptive,2026-07-04T12:33:52+01:00,8,2,98,40408,66,0.000000,1965,1970,1965,5,0.2538,LOCAL_BEST,0,42,0,66582,21397,172,409,-44,122.2494,0.0000,0,0,0,0,0,0
n012w8-0,n012w8,0,5,500000,100.0,adaptive,2026-07-04T12:33:52+01:00,8,2,98,41645,68,0.000000,1925,1965,1925,40,2.0356,LOCAL_BEST,0,42,0,68396,22306,173,1237,2,323.3630,20000.0000,0,0,0,0,0,0
n012w8-0,n012w8,0,5,500000,100.0,adaptive,2026-07-04T12:33:52+01:00,8,1,98,42179,71,31.179131,1880,1905,1880,25,1.3123,LOCAL_BEST,0,42,7800,68782,20624,174,534,3,468.1648,8333.3333,0,0,0,0,0,0
n012w8-0,n012w8,0,5,500000,100.0,adaptive,2026-07-04T12:33:52+01:00,8,1,98,42183,71,31.175685,1865,1880,1865,15,0.7979,LOCAL_BEST,0,42,7800,68788,20627,175,4,0,37500.0000,0.0000,0,0,0,0,0,0
n012w8-0,n012w8,0,5,500000,100.0,adaptive,2026-07-04T12:33:52+01:00,8,1,98,42185,71,31.173962,1850,1865,1850,15,0.8043,LOCAL_BEST,0,42,7800,68788,20627,176,2,0,75000.0000,0.0000,0,0,0,0,0,0
n012w8-0,n012w8,0,5,500000,100.0,adaptive,2026-07-04T12:33:52+01:00,8,1,98,43744,73,29.859601,1830,1850,1830,20,1.0811,LOCAL_BEST,0,42,7937,71076,21754,177,1559,2,128.2874,10000.0000,0,0,0,0,0,0
n012w8-0,n012w8,0,5,500000,100.0,adaptive,2026-07-04T12:33:52+01:00,8,1,98,43775,73,29.834035,1810,1830,1810,20,1.0929,LOCAL_BEST,0,42,7940,71110,21776,178,31,0,6451.6129,0.0000,0,0,0,0,0,0
n012w8-0,n012w8,0,5,500000,100.0,adaptive,2026-07-04T12:33:52+01:00,8,2,98,44520,72,0.000000,1915,1925,1915,10,0.5195,LOCAL_BEST,0,42,0,72557,24416,179,745,-1,134.2282,0.0000,0,0,0,0,0,0
n012w8-0,n012w8,0,5,500000,100.0,adaptive,2026-07-04T12:33:52+01:00,8,4,98,48709,124,26.031788,1815,1840,1815,25,1.3587,LOCAL_BEST,1,42,8487,79844,24920,180,4189,52,59.6801,480.7692,0,0,0,0,0,0
n012w8-0,n012w8,0,5,500000,100.0,adaptive,2026-07-04T12:33:52+01:00,8,4,98,48716,124,26.026754,1800,1815,1800,15,0.8264,LOCAL_BEST,1,42,8487,79849,24926,181,7,0,21428.5714,0.0000,0,0,0,0,0,0
n012w8-0,n012w8,0,5,500000,100.0,adaptive,2026-07-04T12:33:52+01:00,8,2,98,48942,79,0.000000,1895,1915,1895,20,1.0444,LOCAL_BEST,0,42,0,79817,27731,182,226,-45,884.9558,0.0000,0,0,0,0,0,0
n012w8-0,n012w8,0,5,500000,100.0,adaptive,2026-07-04T12:33:52+01:00,8,4,98,50884,128,24.513425,1770,1800,1770,30,1.6667,LOCAL_BEST,1,42,8647,83100,26557,183,1942,49,154.4799,612.2449,0,0,0,0,0,0
n012w8-0,n012w8,0,5,500000,100.0,adaptive,2026-07-04T12:33:52+01:00,8,4,98,50925,128,24.485670,1760,1770,1760,10,0.5650,LOCAL_BEST,1,42,8649,83138,26590,184,41,0,2439.0244,0.0000,0,0,0,0,0,0
n012w8-0,n012w8,0,5,500000,100.0,adaptive,2026-07-04T12:33:52+01:00,8,2,98,52931,87,0.000000,1885,1895,1885,10,0.5277,LOCAL_BEST,0,42,0,85897,30929,185,2006,-41,49.8504,0.0000,0,0,0,0,0,0
n012w8-0,n012w8,0,5,500000,100.0,adaptive,2026-07-04T12:33:52+01:00,8,4,98,53876,132,22.568360,1755,1760,1755,5,0.2841,LOCAL_BEST,1,42,8848,87581,28840,186,945,45,52.9101,111.1111,0,0,0,0,0,0
n012w8-0,n012w8,0,5,500000,100.0,adaptive,2026-07-04T12:33:52+01:00,8,1,98,55179,90,21.770279,1755,1810,1755,55,3.0387,GLOBAL_BEST,0,42,8879,88694,30010,187,1303,-42,422.1028,0.0000,0,0,0,0,0,0
n012w8-0,n012w8,0,5,500000,100.0,adaptive,2026-07-04T12:33:52+01:00,8,2,98,55423,93,0.000000,1880,1885,1880,5,0.2653,LOCAL_BEST,0,42,0,89777,32832,188,244,3,204.9180,1666.6667,0,0,0,0,0,0
n012w8-0,n012w8,0,5,500000,100.0,adaptive,2026-07-04T12:33:52+01:00,8,4,98,55484,135,21.587582,1735,1755,1735,20,1.1396,LOCAL_BEST,1,42,8969,89991,30050,189,61,42,3278.6885,476.1905,0,0,0,0,0,0
n012w8-0,n012w8,0,5,500000,100.0,adaptive,2026-07-04T12:33:52+01:00,8,1,98,55992,91,21.286683,1745,1755,1745,10,0.5698,LOCAL_BEST,0,42,8920,89917,30658,190,508,-44,196.8504,0.0000,0,0,0,0,0,0
n012w8-0,n012w8,0,5,500000,100.0,adaptive,2026-07-04T12:33:52+01:00,8,1,98,56019,91,21.270809,1730,1745,1730,15,0.8596,LOCAL_BEST,0,42,8920,89949,30683,191,27,0,5555.5556,0.0000,0,0,0,0,0,0
n012w8-0,n012w8,0,5,500000,100.0,adaptive,2026-07-04T12:33:52+01:00,8,1,98,56054,91,21.250248,1715,1730,1715,15,0.8671,LOCAL_BEST,0,42,8921,89994,30710,192,35,0,4285.7143,0.0000,0,0,0,0,0,0
n012w8-0,n012w8,0,5,500000,100.0,adaptive,2026-07-04T12:33:52+01:00,8,1,98,56152,92,21.192783,1705,1715,1705,10,0.5831,LOCAL_BEST,0,42,8925,90110,30793,193,98,1,1020.4082,10000.0000,0,0,0,0,0,0
n012w8-0,n012w8,0,5,500000,100.0,adaptive,2026-07-04T12:33:52+01:00,8,2,98,56158,94,0.000000,1860,1880,1860,20,1.0638,LOCAL_BEST,0,42,0,90979,33395,194,6,2,33333.3333,10000.0000,0,0,0,0,0,0
n012w8-0,n012w8,0,5,500000,100.0,adaptive,2026-07-04T12:33:52+01:00,8,2,98,56732,96,0.000000,1830,1860,1830,30,1.6129,LOCAL_BEST,0,42,0,91848,33856,195,574,2,522.6481,15000.0000,0,0,0,0,0,0
n012w8-0,n012w8,0,5,500000,100.0,adaptive,2026-07-04T12:33:52+01:00,8,2,98,57851,98,0.000000,1825,1830,1825,5,0.2732,LOCAL_BEST,0,42,0,93610,34684,196,1119,2,44.6828,2500.0000,0,0,0,0,0,0
n012w8-0,n012w8,0,5,500000,100.0,adaptive,2026-07-04T12:33:52+01:00,8,4,98,58386,139,19.924159,1730,1735,1730,5,0.2882,LOCAL_BEST,1,42,9148,94409,32287,197,535,41,93.4579,121.9512,0,0,0,0,0,0
n012w8-0,n012w8,0,5,500000,100.0,adaptive,2026-07-04T12:33:52+01:00,8,2,98,58700,100,0.000000,1820,1825,1820,5,0.2740,LOCAL_BEST,0,42,0,95017,35328,198,314,-39,159.2357,0.0000,0,0,0,0,0,0
n012w8-0,n012w8,0,5,500000,100.0,adaptive,2026-07-04T12:33:52+01:00,8,2,98,58724,100,0.000000,1780,1820,1780,40,2.1978,LOCAL_BEST,0,42,0,95052,35346,199,24,0,16666.6667,0.0000,0,0,0,0,0,0
n012w8-0,n012w8,0,5,500000,100.0,adaptive,2026-07-04T12:33:52+01:00,8,2,98,58780,100,0.000000,1760,1780,1760,20,1.1236,LOCAL_BEST,0,42,0,95172,35394,200,56,0,3571.4286,0.0000,0,0,0,0,0,0
n012w8-0,n012w8,0,5,500000,100.0,adaptive,2026-07-04T12:33:52+01:00,8,2,98,59595,102,0.000000,1745,1760,1745,15,0.8523,LOCAL_BEST,0,42,0,96454,35998,201,815,2,184.0491,7500.0000,0,0,0,0,0,0
n012w8-0,n012w8,0,5,500000,100.0,adaptive,2026-07-04T12:33:52+01:00,8,7,98,61161,213,18.453553,1735,1755,1735,20,1.1396,LOCAL_BEST,2,42,9171,99362,34875,202,1566,111,127.7139,180.1802,0,0,0,0,0,0
n012w8-0,n012w8,0,5,500000,100.0,adaptive,2026-07-04T12:33:52+01:00,8,7,98,61607,214,18.227537,1730,1735,1730,5,0.2882,LOCAL_BEST,2,42,9186,100156,35238,203,446,1,112.1076,5000.0000,0,0,0,0,0,0
n012w8-0,n012w8,0,5,500000,100.0,adaptive,2026-07-04T12:33:52+01:00,8,7,98,61657,214,18.202373,1725,1730,1725,5,0.2890,LOCAL_BEST,2,42,9189,100239,35279,204,50,0,1000.0000,0.0000,0,0,0,0,0,0
n012w8-0,n012w8,0,5,500000,100.0,adaptive,2026-07-04T12:33:52+01:00,8,7,98,61746,214,18.157665,1715,1725,1715,10,0.5797,LOCAL_BEST,2,42,9194,100373,35351,205,89,0,1123.5955,0.0000,0,0,0,0,0,0
n012w8-0,n012w8,0,5,500000,100.0,adaptive,2026-07-04T12:33:52+01:00,8,7,98,61961,214,18.050116,1685,1715,1685,30,1.7493,LOCAL_BEST,2,42,9203,100778,35528,206,215,0,1395.3488,0.0000,0,0,0,0,0,0
n012w8-0,n012w8,0,5,500000,100.0,adaptive,2026-07-04T12:33:52+01:00,8,1,98,62002,100,18.029679,1685,1705,1685,20,1.1730,LOCAL_BEST,0,42,9240,98340,35480,207,41,-114,4878.0488,0.0000,0,0,0,0,0,0
n012w8-0,n012w8,0,5,500000,100.0,adaptive,2026-07-04T12:33:52+01:00,8,1,98,62191,100,17.935769,1680,1685,1680,5,0.2967,LOCAL_BEST,0,42,9248,98623,35635,208,189,0,264.5503,0.0000,0,0,0,0,0,0
n012w8-0,n012w8,0,5,500000,100.0,adaptive,2026-07-04T12:33:52+01:00,8,1,98,62445,101,17.810331,1675,1680,1675,5,0.2976,LOCAL_BEST,0,42,9255,98995,35855,209,254,1,196.8504,5000.0000,0,0,0,0,0,0
n012w8-0,n012w8,0,5,500000,100.0,adaptive,2026-07-04T12:33:52+01:00,8,1,98,62573,101,17.747452,1630,1675,1630,45,2.6866,LOCAL_BEST,0,42,9255,99213,35966,210,128,0,3515.6250,0.0000,0,0,0,0,0,0
n012w8-0,n012w8,0,5,500000,100.0,adaptive,2026-07-04T12:33:52+01:00,8,5,98,66548,163,0.000000,1640,1650,1640,10,0.6061,LOCAL_BEST,1,42,0,98511,56258,211,3975,62,25.1572,161.2903,0,0,0,0,0,0
n012w8-0,n012w8,0,5,500000,100.0,adaptive,2026-07-04T12:33:52+01:00,8,7,98,67643,228,15.427516,1655,1685,1655,30,1.7804,LOCAL_BEST,2,42,9413,109884,40278,212,1095,65,273.9726,461.5385,0,0,0,0,0,0
n012w8-0,n012w8,0,5,500000,100.0,adaptive,2026-07-04T12:33:52+01:00,8,4,98,69063,156,14.833922,1725,1730,1725,5,0.2890,LOCAL_BEST,1,42,9640,111281,40922,213,1420,-72,35.2113,0.0000,0,0,0,0,0,0
n012w8-0,n012w8,0,5,500000,100.0,adaptive,2026-07-04T12:33:52+01:00,8,7,98,69369,233,14.709029,1650,1655,1650,5,0.3021,LOCAL_BEST,2,42,9472,112651,41752,214,306,77,163.3987,64.9351,0,0,0,0,0,0
n012w8-0,n012w8,0,5,500000,100.0,adaptive,2026-07-04T12:33:52+01:00,8,4,98,69963,157,14.469582,1715,1725,1715,10,0.5797,LOCAL_BEST,1,42,9673,112645,41668,215,594,-76,168.3502,0.0000,0,0,0,0,0,0
n012w8-0,n012w8,0,5,500000,100.0,adaptive,2026-07-04T12:33:52+01:00,8,2,98,70289,122,0.000000,1735,1745,1735,10,0.5731,LOCAL_BEST,0,42,0,112806,44539,216,326,-35,306.7485,0.0000,0,0,0,0,0,0
n012w8-0,n012w8,0,5,500000,100.0,adaptive,2026-07-04T12:33:52+01:00,8,4,98,70328,159,14.324385,1710,1715,1710,5,0.2915,LOCAL_BEST,1,42,9683,113250,41983,217,39,37,1282.0513,135.1351,0,0,0,0,0,0
n012w8-0,n012w8,0,5,500000,100.0,adaptive,2026-07-04T12:33:52+01:00,8,7,98,70507,235,14.253713,1645,1650,1645,5,0.3030,LOCAL_BEST,2,42,9503,114325,42738,218,179,76,279.3296,65.7895,0,0,0,0,0,0
n012w8-0,n012w8,0,5,500000,100.0,adaptive,2026-07-04T12:33:52+01:00,8,7,98,70524,236,14.247019,1630,1645,1630,15,0.9119,LOCAL_BEST,2,42,9503,114356,42752,219,17,1,8823.5294,15000.0000,0,0,0,0,0,0
n012w8-0,n012w8,0,5,500000,100.0,adaptive,2026-07-04T12:33:52+01:00,8,4,98,71329,160,13.933621,1685,1710,1685,25,1.4620,LOCAL_BEST,1,42,9711,114781,42822,220,805,-76,310.5590,0.0000,0,0,0,0,0,0
n012w8-0,n012w8,0,5,500000,100.0,adaptive,2026-07-04T12:33:52+01:00,8,5,98,71565,172,0.000000,1630,1640,1630,10,0.6098,LOCAL_BEST,1,42,0,105556,60638,221,236,12,423.7288,833.3333,0,0,0,0,0,0
n012w8-0,n012w8,0,5,500000,100.0,adaptive,2026-07-04T12:33:52+01:00,8,4,98,72267,161,13.577131,1665,1685,1665,20,1.1869,LOCAL_BEST,1,42,9736,116238,43644,222,702,-11,284.9003,0.0000,0,0,0,0,0,0
n012w8-0,n012w8,0,5,500000,100.0,adaptive,2026-07-04T12:33:52+01:00,8,4,98,72557,162,13.468772,1640,1665,1640,25,1.5015,LOCAL_BEST,1,42,9742,116679,43896,223,290,1,862.0690,25000.0000,0,0,0,0,0,0
n012w8-0,n012w8,0,5,500000,100.0,adaptive,2026-07-04T12:33:52+01:00,8,4,98,73893,164,12.980637,1630,1640,1630,10,0.6098,LOCAL_BEST,1,42,9768,118686,45073,224,1336,2,74.8503,5000.0000,0,0,0,0,0,0
n012w8-0,n012w8,0,5,500000,100.0,adaptive,2026-07-04T12:33:52+01:00,8,5,98,74567,175,0.000000,1620,1630,1620,10,0.6135,LOCAL_BEST,1,42,0,109550,63338,225,674,11,148.3680,909.0909,0,0,0,0,0,0
n012w8-0,n012w8,0,5,500000,100.0,adaptive,2026-07-04T12:33:52+01:00,8,5,98,74582,175,0.000000,1605,1620,1605,15,0.9259,LOCAL_BEST,1,42,0,109571,63352,226,15,0,10000.0000,0.0000,0,0,0,0,0,0
n012w8-0,n012w8,0,5,500000,100.0,adaptive,2026-07-04T12:33:52+01:00,8,7,98,76558,248,12.059131,1620,1630,1620,10,0.6135,LOCAL_BEST,2,42,9633,123311,48070,227,1976,73,50.6073,136.9863,0,0,0,0,0,0
n012w8-0,n012w8,0,5,500000,100.0,adaptive,2026-07-04T12:33:52+01:00,8,7,98,76946,249,11.930537,1615,1620,1615,5,0.3086,LOCAL_BEST,2,42,9635,123894,48426,228,388,1,128.8660,5000.0000,0,0,0,0,0,0
n012w8-0,n012w8,0,5,500000,100.0,adaptive,2026-07-04T12:33:52+01:00,8,7,98,79659,253,11.068888,1610,1615,1610,5,0.3096,LOCAL_BEST,2,42,9685,127811,50824,229,2713,4,18.4298,1250.0000,0,0,0,0,0,0
n012w8-0,n012w8,0,5,500000,100.0,adaptive,2026-07-04T12:33:52+01:00,8,7,98,79726,253,11.048416,1595,1610,1595,15,0.9317,LOCAL_BEST,2,42,9686,127906,50882,230,67,0,2238.8060,0.0000,0,0,0,0,0,0
n012w8-0,n012w8,0,5,500000,100.0,adaptive,2026-07-04T12:33:52+01:00,8,7,98,79959,254,10.977514,1580,1595,1580,15,0.9404,LOCAL_BEST,2,42,9688,128234,51098,231,233,1,643.7768,15000.0000,0,0,0,0,0,0
n012w8-0,n012w8,0,5,500000,100.0,adaptive,2026-07-04T12:33:52+01:00,8,7,98,80307,254,10.872465,1565,1580,1565,15,0.9494,LOCAL_BEST,2,42,9690,128708,51417,232,348,0,431.0345,0.0000,0,0,0,0,0,0
n012w8-0,n012w8,0,5,500000,100.0,adaptive,2026-07-04T12:33:52+01:00,8,2,98,82014,141,0.000000,1730,1735,1730,5,0.2882,LOCAL_BEST,0,42,0,130625,54285,233,1707,-113,29.2912,0.0000,0,0,0,0,0,0
n012w8-0,n012w8,0,5,500000,100.0,adaptive,2026-07-04T12:33:52+01:00,8,2,98,85122,145,0.000000,1725,1730,1725,5,0.2890,LOCAL_BEST,0,42,0,135174,56963,234,3108,4,16.0875,1250.0000,0,0,0,0,0,0
n012w8-0,n012w8,0,5,500000,100.0,adaptive,2026-07-04T12:33:52+01:00,8,2,98,85179,145,0.000000,1695,1725,1695,30,1.7391,LOCAL_BEST,0,42,0,135270,57008,235,57,0,5263.1579,0.0000,0,0,0,0,0,0
n012w8-0,n012w8,0,5,500000,100.0,adaptive,2026-07-04T12:33:52+01:00,8,2,98,87237,149,0.000000,1685,1695,1685,10,0.5900,LOCAL_BEST,0,42,0,138206,58772,236,2058,4,48.5909,2500.0000,0,0,0,0,0,0
n012w8-0,n012w8,0,5,500000,100.0,adaptive,2026-07-04T12:33:52+01:00,8,2,98,88119,151,0.000000,1680,1685,1680,5,0.2967,LOCAL_BEST,0,42,0,139523,59510,237,882,2,56.6893,2500.0000,0,0,0,0,0,0
n012w8-0,n012w8,0,5,500000,100.0,adaptive,2026-07-04T12:33:52+01:00,8,1,98,88327,143,8.711401,1625,1630,1625,5,0.3067,LOCAL_BEST,0,42,9942,137055,58257,238,208,-8,240.3846,0.0000,0,0,0,0,0,0
n012w8-0,n012w8,0,5,500000,100.0,adaptive,2026-07-04T12:33:52+01:00,8,7,98,88336,269,8.709235,1555,1565,1555,10,0.6390,LOCAL_BEST,2,42,9808,140144,58621,239,9,126,11111.1111,79.3651,0,0,0,0,0,0
n012w8-0,n012w8,0,5,500000,100.0,adaptive,2026-07-04T12:33:52+01:00,8,2,98,91138,157,0.000000,1670,1680,1670,10,0.5952,LOCAL_BEST,0,42,0,143939,62084,240,2802,-112,35.6888,0.0000,0,0,0,0,0,0
n012w8-0,n012w8,0,5,500000,100.0,adaptive,2026-07-04T12:33:52+01:00,8,2,98,92183,161,0.000000,1625,1670,1625,45,2.6946,LOCAL_BEST,0,42,0,145430,62969,241,1045,4,430.6220,11250.0000,0,0,0,0,0,0
n012w8-0,n012w8,0,5,500000,100.0,adaptive,2026-07-04T12:33:52+01:00,8,1,98,92999,150,7.656389,1620,1625,1620,5,0.3077,LOCAL_BEST,0,42,9988,143883,62519,242,816,-11,61.2745,0.0000,0,0,0,0,0,0
n012w8-0,n012w8,0,5,500000,100.0,adaptive,2026-07-04T12:33:52+01:00,8,7,98,93139,280,7.626829,1550,1555,1550,5,0.3215,LOCAL_BEST,2,42,9856,147127,62940,243,140,130,357.1429,38.4615,0,0,0,0,0,0
n012w8-0,n012w8,0,5,500000,100.0,adaptive,2026-07-04T12:33:52+01:00,8,3,98,104927,196,0.000000,2635,2640,2635,5,0.1894,LOCAL_BEST,0,42,40618,186644,4115,244,11788,-84,4.2416,0.0000,0,0,0,0,0,0
n012w8-0,n012w8,0,5,500000,100.0,adaptive,2026-07-04T12:33:52+01:00,8,1,98,109187,173,4.895172,1610,1620,1610,10,0.6173,LOCAL_BEST,0,42,10097,167917,77373,245,4260,-23,23.4742,0.0000,0,0,0,0,0,0
n012w8-0,n012w8,0,5,500000,100.0,adaptive,2026-07-04T12:33:52+01:00,8,2,98,133131,240,0.000000,1620,1625,1620,5,0.3077,LOCAL_BEST,0,42,0,205535,99477,246,23944,67,2.0882,74.6269,0,0,0,0,0,0
n012w8-0,n012w8,0,5,500000,100.0,adaptive,2026-07-04T12:33:52+01:00,8,2,98,136105,248,0.000000,1610,1620,1610,10,0.6173,LOCAL_BEST,0,42,0,209853,102205,247,2974,8,33.6247,1250.0000,0,0,0,0,0,0
n012w8-0,n012w8,0,5,500000,100.0,adaptive,2026-07-04T12:33:52+01:00,8,1,98,159187,259,1.229578,1610,1610,1610,0,0.0000,REHEAT,0,42,10123,239045,124509,248,23082,11,0.0000,0.0000,0,0,0,0,0,0
n012w8-0,n012w8,0,5,500000,100.0,adaptive,2026-07-04T12:33:52+01:00,8,3,98,164977,332,0.000000,2610,2635,2610,25,0.9488,LOCAL_BEST,0,42,63825,292261,6551,249,5790,73,43.1779,342.4658,0,0,0,0,0,0
n012w8-0,n012w8,0,5,500000,100.0,adaptive,2026-07-04T12:33:52+01:00,8,1,98,209187,358,25.118864,2335,1610,1610,0,0.0000,REHEAT,0,42,18678,320441,150785,250,44210,26,0.0000,0.0000,0,0,0,0,0,0
n012w8-0,n012w8,0,5,500000,100.0,adaptive,2026-07-04T12:33:52+01:00,8,1,98,259187,465,25.118864,1930,1610,1610,0,0.0000,REHEAT,0,42,27133,402113,177289,251,50000,107,0.0000,0.0000,0,0,0,0,0,0
n012w8-0,n012w8,0,5,500000,100.0,adaptive,2026-07-04T12:33:52+01:00,8,3,98,278487,575,0.000000,2605,2610,2605,5,0.1916,LOCAL_BEST,0,42,107692,493124,10968,252,19300,110,2.5907,45.4545,0,0,0,0,0,0
n012w8-0,n012w8,0,5,500000,100.0,adaptive,2026-07-04T12:33:52+01:00,8,3,98,282023,580,0.000000,2580,2605,2580,25,0.9597,LOCAL_BEST,0,42,109057,499185,11093,253,3536,5,70.7014,5000.0000,0,0,0,0,0,0
n012w8-0,n012w8,0,5,500000,100.0,adaptive,2026-07-04T12:33:52+01:00,8,1,98,309187,564,25.118864,1865,1610,1610,0,0.0000,REHEAT,0,42,35578,483856,203606,254,27164,-16,0.0000,0.0000,0,0,0,0,0,0
n012w8-0,n012w8,0,5,500000,100.0,adaptive,2026-07-04T12:33:52+01:00,8,1,98,359187,674,25.118864,2020,1610,1610,0,0.0000,REHEAT,0,42,44061,565960,229701,255,50000,110,0.0000,0.0000,0,0,0,0,0,0
n012w8-0,n012w8,0,5,500000,100.0,adaptive,2026-07-04T12:33:52+01:00,8,1,98,409187,767,25.118864,2020,1610,1610,0,0.0000,REHEAT,0,42,52366,647926,256171,256,50000,93,0.0000,0.0000,0,0,0,0,0,0
n012w8-0,n012w8,0,5,500000,100.0,adaptive,2026-07-04T12:33:52+01:00,8,3,98,413682,854,0.000000,2405,2580,2405,175,6.7829,LOCAL_BEST,0,42,159989,733225,16189,257,4495,87,389.3215,2011.4943,0,0,0,0,0,0
n012w8-0,n012w8,0,5,500000,100.0,adaptive,2026-07-04T12:33:52+01:00,8,3,98,413683,854,0.000000,2295,2405,2295,110,4.5738,LOCAL_BEST,0,42,159989,733225,16189,258,1,0,1100000.0000,0.0000,0,0,0,0,0,0
n012w8-0,n012w8,0,5,500000,100.0,adaptive,2026-07-04T12:33:52+01:00,8,1,98,459187,864,25.118864,2205,1610,1610,0,0.0000,REHEAT,0,42,60819,729767,282422,259,45504,10,0.0000,0.0000,0,0,0,0,0,0
