run_id,instance,seed,beam_width,iterations,temperature,cooling_mode,timestamp,week,worker_id,beam_path,candidate,elapsed_ms,temperature_at_event,current_penalty,previous_best,new_best,improvement,improvement_percent,event_type,branch_depth,seed_used,accepted_worse_count,hard_reject_count,soft_reject_count,discovery_number,cands_since_previous,time_since_previous_ms,improvement_per_10k,improvement_per_second,post_reheat_improved,post_reheat_best_delta,post_reheat_candidates_to_improve,post_reheat_spawned_branch,post_reheat_beat_global,post_reheat_on_winning_lineage
n012w8-0,n012w8,0,5,500000,100.0,adaptive,2026-07-04T12:35:58+01:00,1,2,2,1,1,0.000000,3635,3800,3635,165,4.3421,LOCAL_BEST,0,123,0,10,0,1,1,1,1650000.0000,165000.0000,0,0,0,0,0,0
n012w8-0,n012w8,0,5,500000,100.0,adaptive,2026-07-04T12:35:58+01:00,1,8,2,1,91,0.000000,550,580,550,30,5.1724,LOCAL_BEST,3,123,0,2,0,2,0,90,0.0000,333.3333,0,0,0,0,0,0
n012w8-0,n012w8,0,5,500000,100.0,adaptive,2026-07-04T12:35:58+01:00,1,3,2,2,1,0.000000,3635,3800,3635,165,4.3421,GLOBAL_BEST,0,123,0,2,0,3,1,-90,1650000.0000,0.0000,0,0,0,0,0,0
n012w8-0,n012w8,0,5,500000,100.0,adaptive,2026-07-04T12:35:58+01:00,1,2,2,2,1,0.000000,3625,3635,3625,10,0.2751,GLOBAL_BEST,0,123,0,10,0,4,0,0,0.0000,0.0000,0,0,0,0,0,0
n012w8-0,n012w8,0,5,500000,100.0,adaptive,2026-07-04T12:35:58+01:00,1,2,2,3,1,0.000000,3580,3625,3580,45,1.2414,LOCAL_BEST,0,123,0,10,0,5,1,0,450000.0000,0.0000,0,0,0,0,0,0
n012w8-0,n012w8,0,5,500000,100.0,adaptive,2026-07-04T12:35:58+01:00,1,1,2,3,1,99.994474,3565,3800,3565,235,6.1842,GLOBAL_BEST,0,123,0,16,0,6,0,0,0.0000,0.0000,0,0,0,0,0,0
n012w8-0,n012w8,0,5,500000,100.0,adaptive,2026-07-04T12:35:58+01:00,1,3,2,4,1,0.000000,3545,3635,3545,90,2.4759,GLOBAL_BEST,0,123,0,10,0,7,1,0,900000.0000,0.0000,0,0,0,0,0,0
n012w8-0,n012w8,0,5,500000,100.0,adaptive,2026-07-04T12:35:58+01:00,1,2,2,4,1,0.000000,3550,3580,3550,30,0.8380,LOCAL_BEST,0,123,0,13,0,8,0,0,0.0000,0.0000,0,0,0,0,0,0
n012w8-0,n012w8,0,5,500000,100.0,adaptive,2026-07-04T12:35:58+01:00,1,1,2,4,1,99.991711,3415,3565,3415,150,4.2076,GLOBAL_BEST,0,123,0,17,0,9,0,0,0.0000,0.0000,0,0,0,0,0,0
n012w8-0,n012w8,0,5,500000,100.0,adaptive,2026-07-04T12:35:58+01:00,1,3,2,9,1,0.000000,3500,3545,3500,45,1.2694,LOCAL_BEST,0,123,3,16,0,10,5,0,90000.0000,0.0000,0,0,0,0,0,0
n012w8-0,n012w8,0,5,500000,100.0,adaptive,2026-07-04T12:35:58+01:00,1,2,2,9,1,0.000000,3415,3550,3415,135,3.8028,LOCAL_BEST,0,123,0,25,0,11,0,0,0.0000,0.0000,0,0,0,0,0,0
n012w8-0,n012w8,0,5,500000,100.0,adaptive,2026-07-04T12:35:58+01:00,1,1,2,10,1,99.975135,3275,3415,3275,140,4.0996,LOCAL_BEST,0,123,1,27,1,12,1,0,1400000.0000,0.0000,0,0,0,0,0,0
n012w8-0,n012w8,0,5,500000,100.0,adaptive,2026-07-04T12:35:58+01:00,1,3,2,10,1,0.000000,3260,3500,3260,240,6.8571,GLOBAL_BEST,0,123,3,16,0,13,0,0,0.0000,0.0000,0,0,0,0,0,0
n012w8-0,n012w8,0,5,500000,100.0,adaptive,2026-07-04T12:35:58+01:00,1,1,2,11,1,99.972373,3065,3275,3065,210,6.4122,GLOBAL_BEST,0,123,1,35,1,14,1,0,2100000.0000,0.0000,0,0,0,0,0,0
n012w8-0,n012w8,0,5,500000,100.0,adaptive,2026-07-04T12:35:58+01:00,1,3,2,11,1,0.000000,2990,3260,2990,270,8.2822,GLOBAL_BEST,0,123,3,17,0,15,0,0,0.0000,0.0000,0,0,0,0,0,0
n012w8-0,n012w8,0,5,500000,100.0,adaptive,2026-07-04T12:35:58+01:00,1,1,2,12,1,99.969610,3035,3065,3035,30,0.9788,LOCAL_BEST,0,123,1,42,1,16,1,0,300000.0000,0.0000,0,0,0,0,0,0
n012w8-0,n012w8,0,5,500000,100.0,adaptive,2026-07-04T12:35:58+01:00,1,2,2,13,1,0.000000,3385,3415,3385,30,0.8785,LOCAL_BEST,0,123,0,33,0,17,1,0,300000.0000,0.0000,0,0,0,0,0,0
n012w8-0,n012w8,0,5,500000,100.0,adaptive,2026-07-04T12:35:58+01:00,1,3,2,13,1,0.000000,2850,2990,2850,140,4.6823,LOCAL_BEST,0,123,4,22,0,18,0,0,0.0000,0.0000,0,0,0,0,0,0
n012w8-0,n012w8,0,5,500000,100.0,adaptive,2026-07-04T12:35:58+01:00,1,2,2,14,1,0.000000,3350,3385,3350,35,1.0340,LOCAL_BEST,0,123,0,34,0,19,1,0,350000.0000,0.0000,0,0,0,0,0,0
n012w8-0,n012w8,0,5,500000,100.0,adaptive,2026-07-04T12:35:58+01:00,1,1,2,14,1,99.964086,2895,3035,2895,140,4.6129,LOCAL_BEST,0,123,2,50,1,20,0,0,0.0000,0.0000,0,0,0,0,0,0
n012w8-0,n012w8,0,5,500000,100.0,adaptive,2026-07-04T12:35:58+01:00,1,2,2,16,1,0.000000,3215,3350,3215,135,4.0299,LOCAL_BEST,0,123,0,38,0,21,2,0,675000.0000,0.0000,0,0,0,0,0,0
n012w8-0,n012w8,0,5,500000,100.0,adaptive,2026-07-04T12:35:58+01:00,1,3,2,16,1,0.000000,2845,2850,2845,5,0.1754,LOCAL_BEST,0,123,5,30,0,22,0,0,0.0000,0.0000,0,0,0,0,0,0
n012w8-0,n012w8,0,5,500000,100.0,adaptive,2026-07-04T12:35:58+01:00,1,1,2,19,1,99.950277,2810,2895,2810,85,2.9361,LOCAL_BEST,0,123,5,58,1,23,3,0,283333.3333,0.0000,0,0,0,0,0,0
n012w8-0,n012w8,0,5,500000,100.0,adaptive,2026-07-04T12:35:58+01:00,1,2,2,20,1,0.000000,3050,3215,3050,165,5.1322,LOCAL_BEST,0,123,0,44,0,24,1,0,1650000.0000,0.0000,0,0,0,0,0,0
n012w8-0,n012w8,0,5,500000,100.0,adaptive,2026-07-04T12:35:58+01:00,1,1,2,20,1,99.947515,2720,2810,2720,90,3.2028,GLOBAL_BEST,0,123,5,60,1,25,0,0,0.0000,0.0000,0,0,0,0,0,0
n012w8-0,n012w8,0,5,500000,100.0,adaptive,2026-07-04T12:35:58+01:00,1,1,2,21,1,99.944753,2690,2720,2690,30,1.1029,GLOBAL_BEST,0,123,5,64,1,26,1,0,300000.0000,0.0000,0,0,0,0,0,0
n012w8-0,n012w8,0,5,500000,100.0,adaptive,2026-07-04T12:35:58+01:00,1,2,2,22,1,0.000000,3020,3050,3020,30,0.9836,LOCAL_BEST,0,123,0,48,0,27,1,0,300000.0000,0.0000,0,0,0,0,0,0
n012w8-0,n012w8,0,5,500000,100.0,adaptive,2026-07-04T12:35:58+01:00,1,1,2,22,1,99.941992,2630,2690,2630,60,2.2305,GLOBAL_BEST,0,123,5,65,1,28,0,0,0.0000,0.0000,0,0,0,0,0,0
n012w8-0,n012w8,0,5,500000,100.0,adaptive,2026-07-04T12:35:58+01:00,1,2,2,23,1,0.000000,2870,3020,2870,150,4.9669,GLOBAL_BEST,0,123,0,52,0,29,1,0,1500000.0000,0.0000,0,0,0,0,0,0
n012w8-0,n012w8,0,5,500000,100.0,adaptive,2026-07-04T12:35:58+01:00,1,2,2,25,1,0.000000,2810,2870,2810,60,2.0906,GLOBAL_BEST,0,123,0,54,0,30,2,0,300000.0000,0.0000,0,0,0,0,0,0
n012w8-0,n012w8,0,5,500000,100.0,adaptive,2026-07-04T12:35:58+01:00,1,1,2,25,1,99.933708,2540,2630,2540,90,3.4221,GLOBAL_BEST,0,123,5,66,2,31,0,0,0.0000,0.0000,0,0,0,0,0,0
n012w8-0,n012w8,0,5,500000,100.0,adaptive,2026-07-04T12:35:58+01:00,1,1,2,27,1,99.928185,2510,2540,2510,30,1.1811,GLOBAL_BEST,0,123,5,68,2,32,2,0,150000.0000,0.0000,0,0,0,0,0,0
n012w8-0,n012w8,0,5,500000,100.0,adaptive,2026-07-04T12:35:58+01:00,1,1,2,30,1,99.919902,2480,2510,2480,30,1.1952,GLOBAL_BEST,0,123,5,72,3,33,3,0,100000.0000,0.0000,0,0,0,0,0,0
n012w8-0,n012w8,0,5,500000,100.0,adaptive,2026-07-04T12:35:58+01:00,1,1,2,31,1,99.917141,2420,2480,2420,60,2.4194,GLOBAL_BEST,0,123,5,73,3,34,1,0,600000.0000,0.0000,0,0,0,0,0,0
n012w8-0,n012w8,0,5,500000,100.0,adaptive,2026-07-04T12:35:58+01:00,1,1,2,32,1,99.914381,2390,2420,2390,30,1.2397,GLOBAL_BEST,0,123,5,76,3,35,1,0,300000.0000,0.0000,0,0,0,0,0,0
n012w8-0,n012w8,0,5,500000,100.0,adaptive,2026-07-04T12:35:58+01:00,1,5,2,32,44,0.000000,845,905,845,60,6.6298,GLOBAL_BEST,1,123,0,42,26,36,0,43,0.0000,1395.3488,0,0,0,0,0,0
n012w8-0,n012w8,0,5,500000,100.0,adaptive,2026-07-04T12:35:58+01:00,1,2,2,33,1,0.000000,2740,2810,2740,70,2.4911,LOCAL_BEST,0,123,0,69,0,37,1,-43,700000.0000,0.0000,0,0,0,0,0,0
n012w8-0,n012w8,0,5,500000,100.0,adaptive,2026-07-04T12:35:58+01:00,1,1,2,33,1,99.911620,2360,2390,2360,30,1.2552,GLOBAL_BEST,0,123,5,82,3,38,0,0,0.0000,0.0000,0,0,0,0,0,0
n012w8-0,n012w8,0,5,500000,100.0,adaptive,2026-07-04T12:35:58+01:00,1,1,2,34,1,99.908859,2260,2360,2260,100,4.2373,GLOBAL_BEST,0,123,5,82,3,39,1,0,1000000.0000,0.0000,0,0,0,0,0,0
n012w8-0,n012w8,0,5,500000,100.0,adaptive,2026-07-04T12:35:58+01:00,1,1,2,35,1,99.906099,2095,2260,2095,165,7.3009,GLOBAL_BEST,0,123,5,83,3,40,1,0,1650000.0000,0.0000,0,0,0,0,0,0
n012w8-0,n012w8,0,5,500000,100.0,adaptive,2026-07-04T12:35:58+01:00,1,2,2,39,1,0.000000,2590,2740,2590,150,5.4745,GLOBAL_BEST,0,123,0,87,0,41,4,0,375000.0000,0.0000,0,0,0,0,0,0
n012w8-0,n012w8,0,5,500000,100.0,adaptive,2026-07-04T12:35:58+01:00,1,3,2,39,1,0.000000,2740,2845,2740,105,3.6907,LOCAL_BEST,0,123,14,72,2,42,0,0,0.0000,0.0000,0,0,0,0,0,0
n012w8-0,n012w8,0,5,500000,100.0,adaptive,2026-07-04T12:35:58+01:00,1,3,2,47,1,0.000000,2710,2740,2710,30,1.0949,LOCAL_BEST,0,123,16,88,2,43,8,0,37500.0000,0.0000,0,0,0,0,0,0
n012w8-0,n012w8,0,5,500000,100.0,adaptive,2026-07-04T12:35:58+01:00,1,3,2,50,1,0.000000,2545,2710,2545,165,6.0886,LOCAL_BEST,0,123,16,94,2,44,3,0,550000.0000,0.0000,0,0,0,0,0,0
n012w8-0,n012w8,0,5,500000,100.0,adaptive,2026-07-04T12:35:58+01:00,1,1,2,50,1,99.864700,1950,2095,1950,145,6.9212,GLOBAL_BEST,0,123,8,109,5,45,0,0,0.0000,0.0000,0,0,0,0,0,0
n012w8-0,n012w8,0,5,500000,100.0,adaptive,2026-07-04T12:35:58+01:00,1,3,2,51,1,0.000000,2425,2545,2425,120,4.7151,LOCAL_BEST,0,123,16,95,2,46,1,0,1200000.0000,0.0000,0,0,0,0,0,0
n012w8-0,n012w8,0,5,500000,100.0,adaptive,2026-07-04T12:35:58+01:00,1,1,2,51,1,99.861940,1935,1950,1935,15,0.7692,GLOBAL_BEST,0,123,8,110,5,47,0,0,0.0000,0.0000,0,0,0,0,0,0
n012w8-0,n012w8,0,5,500000,100.0,adaptive,2026-07-04T12:35:58+01:00,1,3,2,52,1,0.000000,2335,2425,2335,90,3.7113,LOCAL_BEST,0,123,16,98,2,48,1,0,900000.0000,0.0000,0,0,0,0,0,0
n012w8-0,n012w8,0,5,500000,100.0,adaptive,2026-07-04T12:35:58+01:00,1,3,2,54,1,0.000000,2305,2335,2305,30,1.2848,LOCAL_BEST,0,123,16,100,2,49,2,0,150000.0000,0.0000,0,0,0,0,0,0
n012w8-0,n012w8,0,5,500000,100.0,adaptive,2026-07-04T12:35:58+01:00,1,3,2,56,1,0.000000,2215,2305,2215,90,3.9046,LOCAL_BEST,0,123,16,106,2,50,2,0,450000.0000,0.0000,0,0,0,0,0,0
n012w8-0,n012w8,0,5,500000,100.0,adaptive,2026-07-04T12:35:58+01:00,1,2,2,62,1,0.000000,2565,2590,2565,25,0.9653,LOCAL_BEST,0,123,0,126,0,51,6,0,41666.6667,0.0000,0,0,0,0,0,0
n012w8-0,n012w8,0,5,500000,100.0,adaptive,2026-07-04T12:35:58+01:00,1,3,2,62,1,0.000000,2105,2215,2105,110,4.9661,LOCAL_BEST,0,123,19,118,2,52,0,0,0.0000,0.0000,0,0,0,0,0,0
n012w8-0,n012w8,0,5,500000,100.0,adaptive,2026-07-04T12:35:58+01:00,1,2,2,63,1,0.000000,2235,2565,2235,330,12.8655,LOCAL_BEST,0,123,0,129,0,53,1,0,3300000.0000,0.0000,0,0,0,0,0,0
n012w8-0,n012w8,0,5,500000,100.0,adaptive,2026-07-04T12:35:58+01:00,1,1,2,64,1,99.826076,1875,1935,1875,60,3.1008,GLOBAL_BEST,0,123,12,127,10,54,1,0,600000.0000,0.0000,0,0,0,0,0,0
n012w8-0,n012w8,0,5,500000,100.0,adaptive,2026-07-04T12:35:58+01:00,1,2,2,66,1,0.000000,2165,2235,2165,70,3.1320,LOCAL_BEST,0,123,0,140,0,55,2,0,350000.0000,0.0000,0,0,0,0,0,0
n012w8-0,n012w8,0,5,500000,100.0,adaptive,2026-07-04T12:35:58+01:00,1,1,2,70,1,99.809528,1850,1875,1850,25,1.3333,GLOBAL_BEST,0,123,14,135,11,56,4,0,62500.0000,0.0000,0,0,0,0,0,0
n012w8-0,n012w8,0,5,500000,100.0,adaptive,2026-07-04T12:35:58+01:00,1,1,2,71,1,99.806770,1755,1850,1755,95,5.1351,GLOBAL_BEST,0,123,14,135,11,57,1,0,950000.0000,0.0000,0,0,0,0,0,0
n012w8-0,n012w8,0,5,500000,100.0,adaptive,2026-07-04T12:35:58+01:00,1,1,2,78,1,99.787467,1710,1755,1710,45,2.5641,GLOBAL_BEST,0,123,14,144,13,58,7,0,64285.7143,0.0000,0,0,0,0,0,0
n012w8-0,n012w8,0,5,500000,100.0,adaptive,2026-07-04T12:35:58+01:00,1,2,2,100,1,0.000000,2150,2165,2150,15,0.6928,LOCAL_BEST,0,123,0,209,0,59,22,0,6818.1818,0.0000,0,0,0,0,0,0
n012w8-0,n012w8,0,5,500000,100.0,adaptive,2026-07-04T12:35:58+01:00,1,1,2,103,1,99.718560,1680,1710,1680,30,1.7544,GLOBAL_BEST,0,123,18,181,24,60,3,0,100000.0000,0.0000,0,0,0,0,0,0
n012w8-0,n012w8,0,5,500000,100.0,adaptive,2026-07-04T12:35:58+01:00,1,5,2,107,44,0.000000,815,845,815,30,3.5503,GLOBAL_BEST,1,123,0,180,88,61,4,43,75000.0000,697.6744,0,0,0,0,0,0
n012w8-0,n012w8,0,5,500000,100.0,adaptive,2026-07-04T12:35:58+01:00,1,5,2,116,44,0.000000,785,815,785,30,3.6810,GLOBAL_BEST,1,123,0,201,93,62,9,0,33333.3333,0.0000,0,0,0,0,0,0
n012w8-0,n012w8,0,5,500000,100.0,adaptive,2026-07-04T12:35:58+01:00,1,1,2,169,1,99.536875,1645,1680,1645,35,2.0833,GLOBAL_BEST,0,123,33,280,48,63,53,-43,6603.7736,0.0000,0,0,0,0,0,0
n012w8-0,n012w8,0,5,500000,100.0,adaptive,2026-07-04T12:35:58+01:00,1,1,2,175,1,99.520374,1615,1645,1615,30,1.8237,GLOBAL_BEST,0,123,34,285,50,64,6,0,50000.0000,0.0000,0,0,0,0,0,0
n012w8-0,n012w8,0,5,500000,100.0,adaptive,2026-07-04T12:35:58+01:00,1,1,2,185,1,99.492879,1435,1615,1435,180,11.1455,GLOBAL_BEST,0,123,37,298,54,65,10,0,180000.0000,0.0000,0,0,0,0,0,0
n012w8-0,n012w8,0,5,500000,100.0,adaptive,2026-07-04T12:35:58+01:00,1,1,2,186,1,99.490130,1375,1435,1375,60,4.1812,GLOBAL_BEST,0,123,37,299,54,66,1,0,600000.0000,0.0000,0,0,0,0,0,0
n012w8-0,n012w8,0,5,500000,100.0,adaptive,2026-07-04T12:35:58+01:00,1,8,2,204,91,0.000000,535,550,535,15,2.7273,GLOBAL_BEST,3,123,0,313,177,67,18,90,8333.3333,166.6667,0,0,0,0,0,0
n012w8-0,n012w8,0,5,500000,100.0,adaptive,2026-07-04T12:35:58+01:00,1,2,2,331,2,0.000000,2080,2150,2080,70,3.2558,LOCAL_BEST,0,123,0,640,0,68,127,-89,5511.8110,0.0000,0,0,0,0,0,0
n012w8-0,n012w8,0,5,500000,100.0,adaptive,2026-07-04T12:35:58+01:00,1,2,2,334,2,0.000000,1990,2080,1990,90,4.3269,LOCAL_BEST,0,123,0,642,0,69,3,0,300000.0000,0.0000,0,0,0,0,0,0
n012w8-0,n012w8,0,5,500000,100.0,adaptive,2026-07-04T12:35:58+01:00,1,2,2,335,2,0.000000,1960,1990,1960,30,1.5075,LOCAL_BEST,0,123,0,642,0,70,1,0,300000.0000,0.0000,0,0,0,0,0,0
n012w8-0,n012w8,0,5,500000,100.0,adaptive,2026-07-04T12:35:58+01:00,1,2,2,340,2,0.000000,1820,1960,1820,140,7.1429,LOCAL_BEST,0,123,0,651,0,71,5,0,280000.0000,0.0000,0,0,0,0,0,0
n012w8-0,n012w8,0,5,500000,100.0,adaptive,2026-07-04T12:35:58+01:00,1,8,2,387,92,0.000000,520,535,520,15,2.8037,GLOBAL_BEST,3,123,0,586,337,72,47,90,3191.4894,166.6667,0,0,0,0,0,0
n012w8-0,n012w8,0,5,500000,100.0,adaptive,2026-07-04T12:35:58+01:00,1,8,2,435,92,0.000000,505,520,505,15,2.8846,GLOBAL_BEST,3,123,0,634,376,73,48,0,3125.0000,0.0000,0,0,0,0,0,0
n012w8-0,n012w8,0,5,500000,100.0,adaptive,2026-07-04T12:35:58+01:00,1,2,2,436,2,0.000000,1715,1820,1715,105,5.7692,LOCAL_BEST,0,123,0,798,0,74,1,-90,1050000.0000,0.0000,0,0,0,0,0,0
n012w8-0,n012w8,0,5,500000,100.0,adaptive,2026-07-04T12:35:58+01:00,1,3,2,455,2,0.000000,2075,2105,2075,30,1.4252,LOCAL_BEST,0,123,176,805,23,75,19,0,15789.4737,0.0000,0,0,0,0,0,0
n012w8-0,n012w8,0,5,500000,100.0,adaptive,2026-07-04T12:35:58+01:00,1,5,2,488,45,0.000000,750,785,750,35,4.4586,GLOBAL_BEST,1,123,0,828,398,76,33,43,10606.0606,813.9535,0,0,0,0,0,0
n012w8-0,n012w8,0,5,500000,100.0,adaptive,2026-07-04T12:35:58+01:00,1,5,2,489,45,0.000000,690,750,690,60,8.0000,GLOBAL_BEST,1,123,0,829,398,77,1,0,600000.0000,0.0000,0,0,0,0,0,0
n012w8-0,n012w8,0,5,500000,100.0,adaptive,2026-07-04T12:35:58+01:00,1,3,2,646,2,0.000000,2050,2075,2050,25,1.2048,LOCAL_BEST,0,123,249,1144,30,78,157,-43,1592.3567,0.0000,0,0,0,0,0,0
n012w8-0,n012w8,0,5,500000,100.0,adaptive,2026-07-04T12:35:58+01:00,1,3,2,1102,3,0.000000,2045,2050,2045,5,0.2439,LOCAL_BEST,0,123,424,1964,46,79,456,1,109.6491,5000.0000,0,0,0,0,0,0
n012w8-0,n012w8,0,5,500000,100.0,adaptive,2026-07-04T12:35:58+01:00,1,2,2,1261,3,0.000000,1685,1715,1685,30,1.7493,LOCAL_BEST,0,123,0,2278,26,80,159,0,1886.7925,0.0000,0,0,0,0,0,0
n012w8-0,n012w8,0,5,500000,100.0,adaptive,2026-07-04T12:35:58+01:00,1,3,2,1307,3,0.000000,1985,2045,1985,60,2.9340,LOCAL_BEST,0,123,503,2311,51,81,46,0,13043.4783,0.0000,0,0,0,0,0,0
n012w8-0,n012w8,0,5,500000,100.0,adaptive,2026-07-04T12:35:58+01:00,1,3,2,1308,3,0.000000,1880,1985,1880,105,5.2897,LOCAL_BEST,0,123,503,2311,51,82,1,0,1050000.0000,0.0000,0,0,0,0,0,0
n012w8-0,n012w8,0,5,500000,100.0,adaptive,2026-07-04T12:35:58+01:00,1,3,2,1329,3,0.000000,1860,1880,1860,20,1.0638,LOCAL_BEST,0,123,512,2331,52,83,21,0,9523.8095,0.0000,0,0,0,0,0,0
n012w8-0,n012w8,0,5,500000,100.0,adaptive,2026-07-04T12:35:58+01:00,1,3,2,1333,3,0.000000,1840,1860,1840,20,1.0753,LOCAL_BEST,0,123,513,2333,53,84,4,0,50000.0000,0.0000,0,0,0,0,0,0
n012w8-0,n012w8,0,5,500000,100.0,adaptive,2026-07-04T12:35:58+01:00,1,3,2,1339,3,0.000000,1830,1840,1830,10,0.5435,LOCAL_BEST,0,123,514,2343,54,85,6,0,16666.6667,0.0000,0,0,0,0,0,0
n012w8-0,n012w8,0,5,500000,100.0,adaptive,2026-07-04T12:35:58+01:00,1,2,2,1349,3,0.000000,1635,1685,1635,50,2.9674,LOCAL_BEST,0,123,0,2421,36,86,10,0,50000.0000,0.0000,0,0,0,0,0,0
n012w8-0,n012w8,0,5,500000,100.0,adaptive,2026-07-04T12:35:58+01:00,1,1,2,1570,4,95.757324,1355,1375,1355,20,1.4545,GLOBAL_BEST,0,123,408,2604,514,87,221,1,904.9774,20000.0000,0,0,0,0,0,0
n012w8-0,n012w8,0,5,500000,100.0,adaptive,2026-07-04T12:35:58+01:00,1,1,2,1579,4,95.733514,1265,1355,1265,90,6.6421,GLOBAL_BEST,0,123,409,2614,518,88,9,0,100000.0000,0.0000,0,0,0,0,0,0
n012w8-0,n012w8,0,5,500000,100.0,adaptive,2026-07-04T12:35:58+01:00,1,1,2,1886,4,94.924868,1250,1265,1250,15,1.1858,GLOBAL_BEST,0,123,487,3118,613,89,307,0,488.5993,0.0000,0,0,0,0,0,0
n012w8-0,n012w8,0,5,500000,100.0,adaptive,2026-07-04T12:35:58+01:00,1,1,2,1890,4,94.914377,1160,1250,1160,90,7.2000,GLOBAL_BEST,0,123,487,3129,616,90,4,0,225000.0000,0.0000,0,0,0,0,0,0
n012w8-0,n012w8,0,5,500000,100.0,adaptive,2026-07-04T12:35:58+01:00,1,1,2,1892,4,94.909132,1145,1160,1145,15,1.2931,GLOBAL_BEST,0,123,487,3129,617,91,2,0,75000.0000,0.0000,0,0,0,0,0,0
n012w8-0,n012w8,0,5,500000,100.0,adaptive,2026-07-04T12:35:58+01:00,1,1,2,1893,4,94.906509,1060,1145,1060,85,7.4236,GLOBAL_BEST,0,123,487,3129,617,92,1,0,850000.0000,0.0000,0,0,0,0,0,0
n012w8-0,n012w8,0,5,500000,100.0,adaptive,2026-07-04T12:35:58+01:00,1,2,2,2286,5,0.000000,1470,1635,1470,165,10.0917,LOCAL_BEST,0,123,0,4152,191,93,393,1,4198.4733,165000.0000,0,0,0,0,0,0
n012w8-0,n012w8,0,5,500000,100.0,adaptive,2026-07-04T12:35:58+01:00,1,2,2,3811,7,0.000000,1440,1470,1440,30,2.0408,LOCAL_BEST,0,123,0,6566,543,94,1525,2,196.7213,15000.0000,0,0,0,0,0,0
n012w8-0,n012w8,0,5,500000,100.0,adaptive,2026-07-04T12:35:58+01:00,1,8,2,4370,98,0.000000,490,505,490,15,2.9703,GLOBAL_BEST,3,123,0,6472,3864,95,559,91,268.3363,164.8352,0,0,0,0,0,0
n012w8-0,n012w8,0,5,500000,100.0,adaptive,2026-07-04T12:35:58+01:00,1,3,2,4488,9,0.000000,1780,1830,1780,50,2.7322,LOCAL_BEST,0,123,1739,7986,181,96,118,-89,4237.2881,0.0000,0,0,0,0,0,0
n012w8-0,n012w8,0,5,500000,100.0,adaptive,2026-07-04T12:35:58+01:00,1,2,2,4779,9,0.000000,1400,1440,1400,40,2.7778,LOCAL_BEST,0,123,0,8256,846,97,291,0,1374.5704,0.0000,0,0,0,0,0,0
n012w8-0,n012w8,0,5,500000,100.0,adaptive,2026-07-04T12:35:58+01:00,1,5,2,5062,53,0.000000,685,690,685,5,0.7246,GLOBAL_BEST,1,123,0,7724,4096,98,283,44,176.6784,113.6364,0,0,0,0,0,0
n012w8-0,n012w8,0,5,500000,100.0,adaptive,2026-07-04T12:35:58+01:00,1,5,2,5429,53,0.000000,680,685,680,5,0.7299,GLOBAL_BEST,1,123,0,8247,4388,99,367,0,136.2398,0.0000,0,0,0,0,0,0
n012w8-0,n012w8,0,5,500000,100.0,adaptive,2026-07-04T12:35:58+01:00,1,2,2,7723,14,0.000000,1395,1400,1395,5,0.3571,LOCAL_BEST,0,123,0,13359,1898,100,2294,-39,21.7960,0.0000,0,0,0,0,0,0
n012w8-0,n012w8,0,5,500000,100.0,adaptive,2026-07-04T12:35:58+01:00,1,3,2,7974,15,0.000000,1775,1780,1775,5,0.2809,LOCAL_BEST,0,123,3009,14171,325,101,251,1,199.2032,5000.0000,0,0,0,0,0,0
n012w8-0,n012w8,0,5,500000,100.0,adaptive,2026-07-04T12:35:58+01:00,1,3,2,8220,15,0.000000,1765,1775,1765,10,0.5634,LOCAL_BEST,0,123,3108,14619,337,102,246,0,406.5041,0.0000,0,0,0,0,0,0
n012w8-0,n012w8,0,5,500000,100.0,adaptive,2026-07-04T12:35:58+01:00,1,3,2,8221,15,0.000000,1715,1765,1715,50,2.8329,LOCAL_BEST,0,123,3108,14620,337,103,1,0,500000.0000,0.0000,0,0,0,0,0,0
n012w8-0,n012w8,0,5,500000,100.0,adaptive,2026-07-04T12:35:58+01:00,1,2,2,8278,15,0.000000,1365,1395,1365,30,2.1505,LOCAL_BEST,0,123,0,14365,2140,104,57,0,5263.1579,0.0000,0,0,0,0,0,0
n012w8-0,n012w8,0,5,500000,100.0,adaptive,2026-07-04T12:35:58+01:00,1,2,2,8283,15,0.000000,1255,1365,1255,110,8.0586,LOCAL_BEST,0,123,0,14375,2141,105,5,0,220000.0000,0.0000,0,0,0,0,0,0
n012w8-0,n012w8,0,5,500000,100.0,adaptive,2026-07-04T12:35:58+01:00,1,1,2,8358,16,79.380897,1050,1060,1050,10,0.9434,GLOBAL_BEST,0,123,2009,14370,2948,106,75,1,1333.3333,10000.0000,0,0,0,0,0,0
n012w8-0,n012w8,0,5,500000,100.0,adaptive,2026-07-04T12:35:58+01:00,1,2,2,9827,19,0.000000,1245,1255,1245,10,0.7968,LOCAL_BEST,0,123,0,16905,2842,107,1469,3,68.0735,3333.3333,0,0,0,0,0,0
n012w8-0,n012w8,0,5,500000,100.0,adaptive,2026-07-04T12:35:58+01:00,1,5,2,10535,62,0.000000,675,680,675,5,0.7353,GLOBAL_BEST,1,123,0,16252,8694,108,708,43,70.6215,116.2791,0,0,0,0,0,0
n012w8-0,n012w8,0,5,500000,100.0,adaptive,2026-07-04T12:35:58+01:00,1,5,2,12350,65,0.000000,645,675,645,30,4.4444,GLOBAL_BEST,1,123,0,18854,10256,109,1815,3,165.2893,10000.0000,0,0,0,0,0,0
n012w8-0,n012w8,0,5,500000,100.0,adaptive,2026-07-04T12:35:58+01:00,1,2,2,13781,25,0.000000,1235,1245,1235,10,0.8032,LOCAL_BEST,0,123,0,23200,4747,110,1431,-40,69.8812,0.0000,0,0,0,0,0,0
n012w8-0,n012w8,0,5,500000,100.0,adaptive,2026-07-04T12:35:58+01:00,1,8,2,14112,113,0.000000,470,490,470,20,4.0816,LOCAL_BEST,3,123,0,20752,12642,111,331,88,604.2296,227.2727,0,0,0,0,0,0
n012w8-0,n012w8,0,5,500000,100.0,adaptive,2026-07-04T12:35:58+01:00,1,8,2,14319,114,0.000000,455,470,455,15,3.1915,LOCAL_BEST,3,123,0,21029,12816,112,207,1,724.6377,15000.0000,0,0,0,0,0,0
n012w8-0,n012w8,0,5,500000,100.0,adaptive,2026-07-04T12:35:58+01:00,1,2,2,14456,25,0.000000,1230,1235,1230,5,0.4049,LOCAL_BEST,0,123,0,24349,5090,113,137,-89,364.9635,0.0000,0,0,0,0,0,0
n012w8-0,n012w8,0,5,500000,100.0,adaptive,2026-07-04T12:35:58+01:00,1,1,2,14634,27,66.742735,1000,1050,1000,50,4.7619,GLOBAL_BEST,0,123,3348,24813,5741,114,178,2,2808.9888,25000.0000,0,0,0,0,0,0
n012w8-0,n012w8,0,5,500000,100.0,adaptive,2026-07-04T12:35:58+01:00,1,1,2,14648,27,66.716922,970,1000,970,30,3.0000,GLOBAL_BEST,0,123,3350,24830,5748,115,14,0,21428.5714,0.0000,0,0,0,0,0,0
n012w8-0,n012w8,0,5,500000,100.0,adaptive,2026-07-04T12:35:58+01:00,1,2,2,15220,28,0.000000,1170,1230,1170,60,4.8780,LOCAL_BEST,0,123,0,25608,5494,116,572,1,1048.9510,60000.0000,0,0,0,0,0,0
n012w8-0,n012w8,0,5,500000,100.0,adaptive,2026-07-04T12:35:58+01:00,1,2,2,15324,28,0.000000,1145,1170,1145,25,2.1368,LOCAL_BEST,0,123,0,25762,5554,117,104,0,2403.8462,0.0000,0,0,0,0,0,0
n012w8-0,n012w8,0,5,500000,100.0,adaptive,2026-07-04T12:35:58+01:00,1,2,2,15411,28,0.000000,1115,1145,1115,30,2.6201,LOCAL_BEST,0,123,0,25907,5598,118,87,0,3448.2759,0.0000,0,0,0,0,0,0
n012w8-0,n012w8,0,5,500000,100.0,adaptive,2026-07-04T12:35:58+01:00,1,2,2,15412,28,0.000000,1085,1115,1085,30,2.6906,LOCAL_BEST,0,123,0,25908,5598,119,1,0,300000.0000,0.0000,0,0,0,0,0,0
n012w8-0,n012w8,0,5,500000,100.0,adaptive,2026-07-04T12:35:58+01:00,1,1,2,18106,33,60.637320,965,970,965,5,0.5155,GLOBAL_BEST,0,123,4000,30462,7391,120,2694,5,18.5598,1000.0000,0,0,0,0,0,0
n012w8-0,n012w8,0,5,500000,100.0,adaptive,2026-07-04T12:35:58+01:00,1,2,2,18421,33,0.000000,1080,1085,1080,5,0.4608,LOCAL_BEST,0,123,0,30885,7227,121,315,0,158.7302,0.0000,0,0,0,0,0,0
n012w8-0,n012w8,0,5,500000,100.0,adaptive,2026-07-04T12:35:58+01:00,1,2,2,18441,33,0.000000,1065,1080,1065,15,1.3889,LOCAL_BEST,0,123,0,30923,7234,122,20,0,7500.0000,0.0000,0,0,0,0,0,0
n012w8-0,n012w8,0,5,500000,100.0,adaptive,2026-07-04T12:35:58+01:00,1,2,2,18462,33,0.000000,1010,1065,1010,55,5.1643,LOCAL_BEST,0,123,0,30968,7244,123,21,0,26190.4762,0.0000,0,0,0,0,0,0
n012w8-0,n012w8,0,5,500000,100.0,adaptive,2026-07-04T12:35:58+01:00,1,5,2,18519,75,0.000000,620,645,620,25,3.8760,GLOBAL_BEST,1,123,0,28341,15514,124,57,42,4385.9649,595.2381,0,0,0,0,0,0
n012w8-0,n012w8,0,5,500000,100.0,adaptive,2026-07-04T12:35:58+01:00,1,5,2,19047,75,0.000000,605,620,605,15,2.4194,GLOBAL_BEST,1,123,0,29106,15949,125,528,0,284.0909,0.0000,0,0,0,0,0,0
n012w8-0,n012w8,0,5,500000,100.0,adaptive,2026-07-04T12:35:58+01:00,1,8,2,19595,122,0.000000,450,455,450,5,1.0989,LOCAL_BEST,3,123,0,28867,17435,126,548,47,91.2409,106.3830,0,0,0,0,0,0
n012w8-0,n012w8,0,5,500000,100.0,adaptive,2026-07-04T12:35:58+01:00,1,1,2,20289,37,57.087891,955,965,955,10,1.0363,GLOBAL_BEST,0,123,4398,34150,8510,127,694,-85,144.0922,0.0000,0,0,0,0,0,0
n012w8-0,n012w8,0,5,500000,100.0,adaptive,2026-07-04T12:35:58+01:00,1,1,2,20293,37,57.081582,940,955,940,15,1.5707,GLOBAL_BEST,0,123,4399,34158,8512,128,4,0,37500.0000,0.0000,0,0,0,0,0,0
n012w8-0,n012w8,0,5,500000,100.0,adaptive,2026-07-04T12:35:58+01:00,1,8,2,20980,123,0.000000,440,450,440,10,2.2222,GLOBAL_BEST,3,123,0,30865,18651,129,687,86,145.5604,116.2791,0,0,0,0,0,0
n012w8-0,n012w8,0,5,500000,100.0,adaptive,2026-07-04T12:35:58+01:00,1,4,2,21583,83,55.082799,885,905,885,20,2.2099,LOCAL_BEST,1,123,4644,35377,9199,130,603,-40,331.6750,0.0000,0,0,0,0,0,0
n012w8-0,n012w8,0,5,500000,100.0,adaptive,2026-07-04T12:35:58+01:00,1,2,2,22447,39,0.000000,995,1010,995,15,1.4851,LOCAL_BEST,0,123,0,37185,9649,131,864,-44,173.6111,0.0000,0,0,0,0,0,0
n012w8-0,n012w8,0,5,500000,100.0,adaptive,2026-07-04T12:35:58+01:00,1,2,2,23289,41,0.000000,985,995,985,10,1.0050,LOCAL_BEST,0,123,0,38650,10128,132,842,2,118.7648,5000.0000,0,0,0,0,0,0
n012w8-0,n012w8,0,5,500000,100.0,adaptive,2026-07-04T12:35:58+01:00,1,2,2,23427,41,0.000000,980,985,980,5,0.5076,LOCAL_BEST,0,123,0,38920,10211,133,138,0,362.3188,0.0000,0,0,0,0,0,0
n012w8-0,n012w8,0,5,500000,100.0,adaptive,2026-07-04T12:35:58+01:00,1,2,2,23456,41,0.000000,965,980,965,15,1.5306,LOCAL_BEST,0,123,0,38965,10226,134,29,0,5172.4138,0.0000,0,0,0,0,0,0
n012w8-0,n012w8,0,5,500000,100.0,adaptive,2026-07-04T12:35:58+01:00,1,2,2,23461,41,0.000000,920,965,920,45,4.6632,GLOBAL_BEST,0,123,0,38971,10229,135,5,0,90000.0000,0.0000,0,0,0,0,0,0
n012w8-0,n012w8,0,5,500000,100.0,adaptive,2026-07-04T12:35:58+01:00,1,5,2,24181,84,0.000000,590,605,590,15,2.4793,GLOBAL_BEST,1,123,0,37146,20294,136,720,43,208.3333,348.8372,0,0,0,0,0,0
n012w8-0,n012w8,0,5,500000,100.0,adaptive,2026-07-04T12:35:58+01:00,1,4,2,24616,88,50.654729,845,885,845,40,4.5198,LOCAL_BEST,1,123,5118,40347,10910,137,435,4,919.5402,10000.0000,0,0,0,0,0,0
n012w8-0,n012w8,0,5,500000,100.0,adaptive,2026-07-04T12:35:58+01:00,1,4,2,24678,89,50.568026,840,845,840,5,0.5917,LOCAL_BEST,1,123,5121,40503,10955,138,62,1,806.4516,5000.0000,0,0,0,0,0,0
n012w8-0,n012w8,0,5,500000,100.0,adaptive,2026-07-04T12:35:58+01:00,1,4,2,24681,89,50.563834,780,840,780,60,7.1429,LOCAL_BEST,1,123,5122,40505,10956,139,3,0,200000.0000,0.0000,0,0,0,0,0,0
n012w8-0,n012w8,0,5,500000,100.0,adaptive,2026-07-04T12:35:58+01:00,1,3,2,25449,46,0.000000,1680,1715,1680,35,2.0408,LOCAL_BEST,0,123,9641,45582,1020,140,768,-43,455.7292,0.0000,0,0,0,0,0,0
n012w8-0,n012w8,0,5,500000,100.0,adaptive,2026-07-04T12:35:58+01:00,1,3,2,25451,46,0.000000,1575,1680,1575,105,6.2500,LOCAL_BEST,0,123,9642,45587,1020,141,2,0,525000.0000,0.0000,0,0,0,0,0,0
n012w8-0,n012w8,0,5,500000,100.0,adaptive,2026-07-04T12:35:58+01:00,1,3,2,25452,46,0.000000,1560,1575,1560,15,0.9524,LOCAL_BEST,0,123,9642,45591,1020,142,1,0,150000.0000,0.0000,0,0,0,0,0,0
n012w8-0,n012w8,0,5,500000,100.0,adaptive,2026-07-04T12:35:58+01:00,1,3,2,25453,46,0.000000,1500,1560,1500,60,3.8462,LOCAL_BEST,0,123,9642,45593,1020,143,1,0,600000.0000,0.0000,0,0,0,0,0,0
n012w8-0,n012w8,0,5,500000,100.0,adaptive,2026-07-04T12:35:58+01:00,1,3,2,25454,46,0.000000,1470,1500,1470,30,2.0000,LOCAL_BEST,0,123,9642,45594,1020,144,1,0,300000.0000,0.0000,0,0,0,0,0,0
n012w8-0,n012w8,0,5,500000,100.0,adaptive,2026-07-04T12:35:58+01:00,1,3,2,25455,46,0.000000,1455,1470,1455,15,1.0204,LOCAL_BEST,0,123,9642,45594,1020,145,1,0,150000.0000,0.0000,0,0,0,0,0,0
n012w8-0,n012w8,0,5,500000,100.0,adaptive,2026-07-04T12:35:58+01:00,1,2,2,25462,44,0.000000,905,920,905,15,1.6304,GLOBAL_BEST,0,123,0,42304,11476,146,7,-2,21428.5714,0.0000,0,0,0,0,0,0
n012w8-0,n012w8,0,5,500000,100.0,adaptive,2026-07-04T12:35:58+01:00,1,5,2,28332,91,0.000000,580,590,580,10,1.6949,GLOBAL_BEST,1,123,0,43391,23786,147,2870,47,34.8432,212.7660,0,0,0,0,0,0
n012w8-0,n012w8,0,5,500000,100.0,adaptive,2026-07-04T12:35:58+01:00,1,5,2,28334,91,0.000000,550,580,550,30,5.1724,GLOBAL_BEST,1,123,0,43391,23787,148,2,0,150000.0000,0.0000,0,0,0,0,0,0
n012w8-0,n012w8,0,5,500000,100.0,adaptive,2026-07-04T12:35:58+01:00,1,5,2,28972,92,0.000000,545,550,545,5,0.9091,LOCAL_BEST,1,123,0,44327,24331,149,638,1,78.3699,5000.0000,0,0,0,0,0,0
n012w8-0,n012w8,0,5,500000,100.0,adaptive,2026-07-04T12:35:58+01:00,1,2,2,29567,51,0.000000,880,905,880,25,2.7624,LOCAL_BEST,0,123,0,49057,14198,150,595,-41,420.1681,0.0000,0,0,0,0,0,0
n012w8-0,n012w8,0,5,500000,100.0,adaptive,2026-07-04T12:35:58+01:00,1,4,2,31237,100,42.185966,735,780,735,45,5.7692,LOCAL_BEST,1,123,6048,50933,14854,151,1670,49,269.4611,918.3673,0,0,0,0,0,0
n012w8-0,n012w8,0,5,500000,100.0,adaptive,2026-07-04T12:35:58+01:00,1,4,2,31245,100,42.176642,725,735,725,10,1.3605,LOCAL_BEST,1,123,6048,50940,14860,152,8,0,12500.0000,0.0000,0,0,0,0,0,0
n012w8-0,n012w8,0,5,500000,100.0,adaptive,2026-07-04T12:35:58+01:00,1,4,2,31246,100,42.175477,710,725,710,15,2.0690,LOCAL_BEST,1,123,6048,50940,14860,153,1,0,150000.0000,0.0000,0,0,0,0,0,0
n012w8-0,n012w8,0,5,500000,100.0,adaptive,2026-07-04T12:35:58+01:00,1,5,2,31425,95,0.000000,540,545,540,5,0.9174,LOCAL_BEST,1,123,0,48199,26428,154,179,-5,279.3296,0.0000,0,0,0,0,0,0
n012w8-0,n012w8,0,5,500000,100.0,adaptive,2026-07-04T12:35:58+01:00,1,4,2,31516,100,41.862003,705,710,705,5,0.7042,LOCAL_BEST,1,123,6076,51313,15046,155,91,5,549.4505,1000.0000,0,0,0,0,0,0
n012w8-0,n012w8,0,5,500000,100.0,adaptive,2026-07-04T12:35:58+01:00,1,4,2,31520,100,41.857376,675,705,675,30,4.2553,LOCAL_BEST,1,123,6076,51323,15049,156,4,0,75000.0000,0.0000,0,0,0,0,0,0
n012w8-0,n012w8,0,5,500000,100.0,adaptive,2026-07-04T12:35:58+01:00,1,1,2,31998,56,41.308174,925,940,925,15,1.5957,LOCAL_BEST,0,123,6200,53006,15186,157,478,-44,313.8075,0.0000,0,0,0,0,0,0
n012w8-0,n012w8,0,5,500000,100.0,adaptive,2026-07-04T12:35:58+01:00,1,5,2,32474,97,0.000000,525,540,525,15,2.7778,LOCAL_BEST,1,123,0,49814,27323,158,476,41,315.1261,365.8537,0,0,0,0,0,0
n012w8-0,n012w8,0,5,500000,100.0,adaptive,2026-07-04T12:35:58+01:00,1,2,2,32548,56,0.000000,845,880,845,35,3.9773,LOCAL_BEST,0,123,0,53562,16210,159,74,-41,4729.7297,0.0000,0,0,0,0,0,0
n012w8-0,n012w8,0,5,500000,100.0,adaptive,2026-07-04T12:35:58+01:00,1,1,2,33639,60,39.476987,915,925,915,10,1.0811,LOCAL_BEST,0,123,6403,55655,16213,160,1091,4,91.6590,2500.0000,0,0,0,0,0,0
n012w8-0,n012w8,0,5,500000,100.0,adaptive,2026-07-04T12:35:58+01:00,1,1,2,33645,60,39.470443,910,915,910,5,0.5464,LOCAL_BEST,0,123,6403,55660,16218,161,6,0,8333.3333,0.0000,0,0,0,0,0,0
n012w8-0,n012w8,0,5,500000,100.0,adaptive,2026-07-04T12:35:58+01:00,1,1,2,34783,62,38.248640,895,910,895,15,1.6484,LOCAL_BEST,0,123,6517,57506,17005,162,1138,2,131.8102,7500.0000,0,0,0,0,0,0
n012w8-0,n012w8,0,5,500000,100.0,adaptive,2026-07-04T12:35:58+01:00,1,1,2,34785,62,38.246527,865,895,865,30,3.3520,LOCAL_BEST,0,123,6517,57511,17006,163,2,0,150000.0000,0.0000,0,0,0,0,0,0
n012w8-0,n012w8,0,5,500000,100.0,adaptive,2026-07-04T12:35:58+01:00,1,1,2,34827,62,38.202167,820,865,820,45,5.2023,LOCAL_BEST,0,123,6522,57574,17036,164,42,0,10714.2857,0.0000,0,0,0,0,0,0
n012w8-0,n012w8,0,5,500000,100.0,adaptive,2026-07-04T12:35:58+01:00,1,1,2,35666,64,37.326735,810,820,810,10,1.2195,LOCAL_BEST,0,123,6609,58819,17583,165,839,2,119.1895,5000.0000,0,0,0,0,0,0
n012w8-0,n012w8,0,5,500000,100.0,adaptive,2026-07-04T12:35:58+01:00,1,1,2,35669,64,37.323641,780,810,780,30,3.7037,LOCAL_BEST,0,123,6609,58827,17585,166,3,0,100000.0000,0.0000,0,0,0,0,0,0
n012w8-0,n012w8,0,5,500000,100.0,adaptive,2026-07-04T12:35:58+01:00,1,1,2,35692,64,37.299929,770,780,770,10,1.2821,LOCAL_BEST,0,123,6611,58855,17603,167,23,0,4347.8261,0.0000,0,0,0,0,0,0
n012w8-0,n012w8,0,5,500000,100.0,adaptive,2026-07-04T12:35:58+01:00,1,1,2,35750,64,37.240200,755,770,755,15,1.9481,LOCAL_BEST,0,123,6618,58952,17643,168,58,0,2586.2069,0.0000,0,0,0,0,0,0
n012w8-0,n012w8,0,5,500000,100.0,adaptive,2026-07-04T12:35:58+01:00,1,1,2,35809,64,37.179539,690,755,690,65,8.6093,LOCAL_BEST,0,123,6622,59032,17688,169,59,0,11016.9492,0.0000,0,0,0,0,0,0
n012w8-0,n012w8,0,5,500000,100.0,adaptive,2026-07-04T12:35:58+01:00,1,5,2,36543,103,0.000000,505,525,505,20,3.8095,LOCAL_BEST,1,123,0,55865,30908,170,734,39,272.4796,512.8205,0,0,0,0,0,0
n012w8-0,n012w8,0,5,500000,100.0,adaptive,2026-07-04T12:35:58+01:00,1,5,2,37243,105,0.000000,455,505,455,50,9.9010,GLOBAL_BEST,1,123,0,56977,31501,171,700,2,714.2857,25000.0000,0,0,0,0,0,0
n012w8-0,n012w8,0,5,500000,100.0,adaptive,2026-07-04T12:35:58+01:00,1,4,2,39181,115,33.871934,635,675,635,40,5.9259,LOCAL_BEST,1,123,6943,63617,20159,172,1938,10,206.3983,4000.0000,0,0,0,0,0,0
n012w8-0,n012w8,0,5,500000,100.0,adaptive,2026-07-04T12:35:58+01:00,1,2,2,40039,69,0.000000,825,845,825,20,2.3669,LOCAL_BEST,0,123,0,65194,21669,173,858,-46,233.1002,0.0000,0,0,0,0,0,0
n012w8-0,n012w8,0,5,500000,100.0,adaptive,2026-07-04T12:35:58+01:00,1,2,2,41980,72,0.000000,820,825,820,5,0.6061,LOCAL_BEST,0,123,0,68162,23046,174,1941,3,25.7599,1666.6667,0,0,0,0,0,0
n012w8-0,n012w8,0,5,500000,100.0,adaptive,2026-07-04T12:35:58+01:00,1,2,2,42059,72,0.000000,790,820,790,30,3.6585,LOCAL_BEST,0,123,0,68284,23095,175,79,0,3797.4684,0.0000,0,0,0,0,0,0
n012w8-0,n012w8,0,5,500000,100.0,adaptive,2026-07-04T12:35:58+01:00,1,1,2,42502,75,30.902100,680,690,680,10,1.4493,LOCAL_BEST,0,123,7277,69699,22296,176,443,3,225.7336,3333.3333,0,0,0,0,0,0
n012w8-0,n012w8,0,5,500000,100.0,adaptive,2026-07-04T12:35:58+01:00,1,1,2,42511,75,30.894417,665,680,665,15,2.2059,LOCAL_BEST,0,123,7277,69706,22303,177,9,0,16666.6667,0.0000,0,0,0,0,0,0
n012w8-0,n012w8,0,5,500000,100.0,adaptive,2026-07-04T12:35:58+01:00,1,1,2,42516,75,30.890149,650,665,650,15,2.2556,LOCAL_BEST,0,123,7277,69719,22307,178,5,0,30000.0000,0.0000,0,0,0,0,0,0
n012w8-0,n012w8,0,5,500000,100.0,adaptive,2026-07-04T12:35:58+01:00,1,8,2,43472,163,0.000000,430,440,430,10,2.2727,GLOBAL_BEST,3,123,0,63441,38724,179,956,88,104.6025,113.6364,0,0,0,0,0,0
n012w8-0,n012w8,0,5,500000,100.0,adaptive,2026-07-04T12:35:58+01:00,1,1,2,43537,77,30.030876,625,650,625,25,3.8462,LOCAL_BEST,0,123,7349,71291,23072,180,65,-86,3846.1538,0.0000,0,0,0,0,0,0
n012w8-0,n012w8,0,5,500000,100.0,adaptive,2026-07-04T12:35:58+01:00,1,5,2,44222,121,0.000000,445,455,445,10,2.1978,GLOBAL_BEST,1,123,0,67748,37681,181,685,44,145.9854,227.2727,0,0,0,0,0,0
n012w8-0,n012w8,0,5,500000,100.0,adaptive,2026-07-04T12:35:58+01:00,1,7,2,44902,169,28.919315,575,580,575,5,0.8621,LOCAL_BEST,2,123,7357,71946,24479,182,680,48,73.5294,104.1667,0,0,0,0,0,0
n012w8-0,n012w8,0,5,500000,100.0,adaptive,2026-07-04T12:35:58+01:00,1,2,2,46548,79,0.000000,750,790,750,40,5.0633,LOCAL_BEST,0,123,0,75299,26562,183,1646,-90,243.0134,0.0000,0,0,0,0,0,0
n012w8-0,n012w8,0,5,500000,100.0,adaptive,2026-07-04T12:35:58+01:00,1,2,2,46793,79,0.000000,720,750,720,30,4.0000,LOCAL_BEST,0,123,0,75621,26754,184,245,0,1224.4898,0.0000,0,0,0,0,0,0
n012w8-0,n012w8,0,5,500000,100.0,adaptive,2026-07-04T12:35:58+01:00,1,7,2,47161,174,27.169397,530,575,530,45,7.8261,LOCAL_BEST,2,123,7502,75457,26195,185,368,95,1222.8261,473.6842,0,0,0,0,0,0
n012w8-0,n012w8,0,5,500000,100.0,adaptive,2026-07-04T12:35:58+01:00,1,7,2,47955,175,26.579818,510,530,510,20,3.7736,LOCAL_BEST,2,123,7551,76632,26833,186,794,1,251.8892,20000.0000,0,0,0,0,0,0
n012w8-0,n012w8,0,5,500000,100.0,adaptive,2026-07-04T12:35:58+01:00,1,4,2,48999,137,25.824029,620,635,620,15,2.3622,LOCAL_BEST,1,123,7798,79418,27393,187,1044,-38,143.6782,0.0000,0,0,0,0,0,0
n012w8-0,n012w8,0,5,500000,100.0,adaptive,2026-07-04T12:35:58+01:00,1,4,2,49689,137,25.336347,615,620,615,5,0.8065,LOCAL_BEST,1,123,7839,80497,27939,188,690,0,72.4638,0.0000,0,0,0,0,0,0
n012w8-0,n012w8,0,5,500000,100.0,adaptive,2026-07-04T12:35:58+01:00,1,4,2,51272,140,24.252025,550,615,550,65,10.5691,LOCAL_BEST,1,123,7932,82775,29226,189,1583,3,410.6128,21666.6667,0,0,0,0,0,0
n012w8-0,n012w8,0,5,500000,100.0,adaptive,2026-07-04T12:35:58+01:00,1,2,2,51480,88,0.000000,710,720,710,10,1.3889,LOCAL_BEST,0,123,0,82898,30371,190,208,-52,480.7692,0.0000,0,0,0,0,0,0
n012w8-0,n012w8,0,5,500000,100.0,adaptive,2026-07-04T12:35:58+01:00,1,4,2,52109,141,23.697580,530,550,530,20,3.6364,LOCAL_BEST,1,123,7973,84119,29896,191,629,53,317.9650,377.3585,0,0,0,0,0,0
n012w8-0,n012w8,0,5,500000,100.0,adaptive,2026-07-04T12:35:58+01:00,1,2,2,52916,90,0.000000,695,710,695,15,2.1127,LOCAL_BEST,0,123,0,85055,31497,192,807,-51,185.8736,0.0000,0,0,0,0,0,0
n012w8-0,n012w8,0,5,500000,100.0,adaptive,2026-07-04T12:35:58+01:00,1,2,2,52917,90,0.000000,685,695,685,10,1.4388,LOCAL_BEST,0,123,0,85056,31497,193,1,0,100000.0000,0.0000,0,0,0,0,0,0
n012w8-0,n012w8,0,5,500000,100.0,adaptive,2026-07-04T12:35:58+01:00,1,7,2,53412,190,22.859567,500,510,500,10,1.9608,LOCAL_BEST,2,123,7826,84984,31244,194,495,100,202.0202,100.0000,0,0,0,0,0,0
n012w8-0,n012w8,0,5,500000,100.0,adaptive,2026-07-04T12:35:58+01:00,1,4,2,53915,144,22.544053,515,530,515,15,2.8302,LOCAL_BEST,1,123,8055,86969,31392,195,503,-46,298.2107,0.0000,0,0,0,0,0,0
n012w8-0,n012w8,0,5,500000,100.0,adaptive,2026-07-04T12:35:58+01:00,1,2,2,55452,95,0.000000,680,685,680,5,0.7299,LOCAL_BEST,0,123,0,88637,33568,196,1537,-49,32.5309,0.0000,0,0,0,0,0,0
n012w8-0,n012w8,0,5,500000,100.0,adaptive,2026-07-04T12:35:58+01:00,1,1,2,56337,99,21.084728,615,625,615,10,1.6000,LOCAL_BEST,0,123,8122,90767,33191,197,885,4,112.9944,2500.0000,0,0,0,0,0,0
n012w8-0,n012w8,0,5,500000,100.0,adaptive,2026-07-04T12:35:58+01:00,1,2,2,56768,97,0.000000,660,680,660,20,2.9412,LOCAL_BEST,0,123,0,90620,34642,198,431,-2,464.0371,0.0000,0,0,0,0,0,0
n012w8-0,n012w8,0,5,500000,100.0,adaptive,2026-07-04T12:35:58+01:00,1,2,2,57675,99,0.000000,645,660,645,15,2.2727,LOCAL_BEST,0,123,0,91974,35350,199,907,2,165.3804,7500.0000,0,0,0,0,0,0
n012w8-0,n012w8,0,5,500000,100.0,adaptive,2026-07-04T12:35:58+01:00,1,4,2,58997,152,19.590612,490,515,490,25,4.8544,LOCAL_BEST,1,123,8264,94576,35648,200,1322,53,189.1074,471.6981,0,0,0,0,0,0
n012w8-0,n012w8,0,5,500000,100.0,adaptive,2026-07-04T12:35:58+01:00,1,4,2,59160,153,19.502577,475,490,475,15,3.0612,LOCAL_BEST,1,123,8268,94826,35794,201,163,1,920.2454,15000.0000,0,0,0,0,0,0
n012w8-0,n012w8,0,5,500000,100.0,adaptive,2026-07-04T12:35:58+01:00,1,2,2,59648,103,0.000000,620,645,620,25,3.8760,LOCAL_BEST,0,123,0,94903,36996,202,488,-50,512.2951,0.0000,0,0,0,0,0,0
n012w8-0,n012w8,0,5,500000,100.0,adaptive,2026-07-04T12:35:58+01:00,1,2,2,59683,103,0.000000,605,620,605,15,2.4194,LOCAL_BEST,0,123,0,94985,37023,203,35,0,4285.7143,0.0000,0,0,0,0,0,0
n012w8-0,n012w8,0,5,500000,100.0,adaptive,2026-07-04T12:35:58+01:00,1,1,2,59883,104,19.116835,605,615,605,10,1.6260,LOCAL_BEST,0,123,8277,96234,36084,204,200,1,500.0000,10000.0000,0,0,0,0,0,0
n012w8-0,n012w8,0,5,500000,100.0,adaptive,2026-07-04T12:35:58+01:00,1,1,2,60120,104,18.992057,560,605,560,45,7.4380,LOCAL_BEST,0,123,8285,96595,36277,205,237,0,1898.7342,0.0000,0,0,0,0,0,0
n012w8-0,n012w8,0,5,500000,100.0,adaptive,2026-07-04T12:35:58+01:00,1,1,2,60522,105,18.782267,525,560,525,35,6.2500,LOCAL_BEST,0,123,8298,97206,36612,206,402,1,870.6468,35000.0000,0,0,0,0,0,0
n012w8-0,n012w8,0,5,500000,100.0,adaptive,2026-07-04T12:35:58+01:00,1,2,2,62571,108,0.000000,590,605,590,15,2.4793,LOCAL_BEST,0,123,0,99539,39445,207,2049,3,73.2064,5000.0000,0,0,0,0,0,0
n012w8-0,n012w8,0,5,500000,100.0,adaptive,2026-07-04T12:35:58+01:00,1,1,2,65116,114,16.543218,515,525,515,10,1.9048,LOCAL_BEST,0,123,8429,104180,40591,208,2545,6,39.2927,1666.6667,0,0,0,0,0,0
n012w8-0,n012w8,0,5,500000,100.0,adaptive,2026-07-04T12:35:58+01:00,1,4,2,65377,164,16.424343,460,475,460,15,3.1579,LOCAL_BEST,1,123,8512,104156,41100,209,261,50,574.7126,300.0000,0,0,0,0,0,0
n012w8-0,n012w8,0,5,500000,100.0,adaptive,2026-07-04T12:35:58+01:00,1,2,2,65530,113,0.000000,575,590,575,15,2.5424,LOCAL_BEST,0,123,0,103930,41906,210,153,-51,980.3922,0.0000,0,0,0,0,0,0
n012w8-0,n012w8,0,5,500000,100.0,adaptive,2026-07-04T12:35:58+01:00,1,4,2,65627,164,16.311278,455,460,455,5,1.0870,LOCAL_BEST,1,123,8519,104506,41326,211,97,51,515.4639,98.0392,0,0,0,0,0,0
n012w8-0,n012w8,0,5,500000,100.0,adaptive,2026-07-04T12:35:58+01:00,1,4,2,65648,164,16.301816,415,455,415,40,8.7912,GLOBAL_BEST,1,123,8519,104535,41343,212,21,0,19047.6190,0.0000,0,0,0,0,0,0
n012w8-0,n012w8,0,5,500000,100.0,adaptive,2026-07-04T12:35:58+01:00,1,2,2,65739,113,0.000000,565,575,565,10,1.7391,LOCAL_BEST,0,123,0,104288,42069,213,91,-51,1098.9011,0.0000,0,0,0,0,0,0
n012w8-0,n012w8,0,5,500000,100.0,adaptive,2026-07-04T12:35:58+01:00,1,2,2,66025,114,0.000000,545,565,545,20,3.5398,LOCAL_BEST,0,123,0,104689,42297,214,286,1,699.3007,20000.0000,0,0,0,0,0,0
n012w8-0,n012w8,0,5,500000,100.0,adaptive,2026-07-04T12:35:58+01:00,1,1,2,67741,119,15.385797,500,515,500,15,2.9126,LOCAL_BEST,0,123,8512,108265,42870,215,1716,5,87.4126,3000.0000,0,0,0,0,0,0
n012w8-0,n012w8,0,5,500000,100.0,adaptive,2026-07-04T12:35:58+01:00,1,1,2,67747,119,15.383247,495,500,495,5,1.0000,LOCAL_BEST,0,123,8512,108275,42875,216,6,0,8333.3333,0.0000,0,0,0,0,0,0
n012w8-0,n012w8,0,5,500000,100.0,adaptive,2026-07-04T12:35:58+01:00,1,1,2,69949,122,14.475181,470,495,470,25,5.0505,LOCAL_BEST,0,123,8552,111758,44819,217,2202,3,113.5332,8333.3333,0,0,0,0,0,0
n012w8-0,n012w8,0,5,500000,100.0,adaptive,2026-07-04T12:35:58+01:00,1,1,2,70020,122,14.446811,455,470,455,15,3.1915,LOCAL_BEST,0,123,8554,111877,44880,218,71,0,2112.6761,0.0000,0,0,0,0,0,0
n012w8-0,n012w8,0,5,500000,100.0,adaptive,2026-07-04T12:35:58+01:00,1,13,2,72661,323,13.430123,410,415,410,5,1.2048,GLOBAL_BEST,5,123,8601,115457,47446,219,2641,201,18.9322,24.8756,0,0,0,0,0,0
n012w8-0,n012w8,0,5,500000,100.0,adaptive,2026-07-04T12:35:58+01:00,1,2,2,75479,130,0.000000,530,545,530,15,2.7523,LOCAL_BEST,0,123,0,118907,50407,220,2818,-193,53.2292,0.0000,0,0,0,0,0,0
n012w8-0,n012w8,0,5,500000,100.0,adaptive,2026-07-04T12:35:58+01:00,1,2,2,77491,135,0.000000,525,530,525,5,0.9434,LOCAL_BEST,0,123,0,121896,52095,221,2012,5,24.8509,1000.0000,0,0,0,0,0,0
n012w8-0,n012w8,0,5,500000,100.0,adaptive,2026-07-04T12:35:58+01:00,1,10,2,77559,337,11.730162,415,430,415,15,3.4884,LOCAL_BEST,4,123,8606,122318,51864,222,68,202,2205.8824,74.2574,0,0,0,0,0,0
n012w8-0,n012w8,0,5,500000,100.0,adaptive,2026-07-04T12:35:58+01:00,1,2,2,79991,141,0.000000,515,525,515,10,1.9048,LOCAL_BEST,0,123,0,125719,54258,223,2432,-196,41.1184,0.0000,0,0,0,0,0,0
n012w8-0,n012w8,0,5,500000,100.0,adaptive,2026-07-04T12:35:58+01:00,1,2,2,82418,145,0.000000,500,515,500,15,2.9126,LOCAL_BEST,0,123,0,129225,56388,224,2427,4,61.8047,3750.0000,0,0,0,0,0,0
n012w8-0,n012w8,0,5,500000,100.0,adaptive,2026-07-04T12:35:58+01:00,1,2,2,84238,148,0.000000,470,500,470,30,6.0000,LOCAL_BEST,0,123,0,131934,57934,225,1820,3,164.8352,10000.0000,0,0,0,0,0,0
n012w8-0,n012w8,0,5,500000,100.0,adaptive,2026-07-04T12:35:58+01:00,1,7,2,84256,255,9.748549,495,500,495,5,1.0000,LOCAL_BEST,2,123,8637,132159,57830,226,18,107,2777.7778,46.7290,0,0,0,0,0,0
n012w8-0,n012w8,0,5,500000,100.0,adaptive,2026-07-04T12:35:58+01:00,1,7,2,84973,256,9.557317,490,495,490,5,1.0101,LOCAL_BEST,2,123,8640,133218,58494,227,717,1,69.7350,5000.0000,0,0,0,0,0,0
n012w8-0,n012w8,0,5,500000,100.0,adaptive,2026-07-04T12:35:58+01:00,1,13,2,86759,359,9.097122,400,410,400,10,2.4390,GLOBAL_BEST,5,123,8796,135889,60108,228,1786,103,55.9910,97.0874,0,0,0,0,0,0
n012w8-0,n012w8,0,5,500000,100.0,adaptive,2026-07-04T12:35:58+01:00,1,5,2,89466,193,0.000000,440,445,440,5,1.1236,LOCAL_BEST,1,123,0,137693,78985,229,2707,-166,18.4706,0.0000,0,0,0,0,0,0
n012w8-0,n012w8,0,5,500000,100.0,adaptive,2026-07-04T12:35:58+01:00,1,5,2,92968,198,0.000000,430,440,430,10,2.2727,LOCAL_BEST,1,123,0,142784,82163,230,3502,5,28.5551,2000.0000,0,0,0,0,0,0
n012w8-0,n012w8,0,5,500000,100.0,adaptive,2026-07-04T12:35:58+01:00,1,7,2,100182,278,6.278097,480,490,480,10,2.0408,LOCAL_BEST,2,123,8697,155863,72271,231,7214,80,13.8619,125.0000,0,0,0,0,0,0
n012w8-0,n012w8,0,5,500000,100.0,adaptive,2026-07-04T12:35:58+01:00,1,2,2,101621,178,0.000000,455,470,455,15,3.1915,LOCAL_BEST,0,123,0,157693,73278,232,1439,-100,104.2391,0.0000,0,0,0,0,0,0
n012w8-0,n012w8,0,5,500000,100.0,adaptive,2026-07-04T12:35:58+01:00,1,4,2,115648,269,4.094718,455,415,415,0,0.0000,REHEAT,1,123,9011,175852,87653,233,14027,91,0.0000,0.0000,0,0,0,0,0,0
n012w8-0,n012w8,0,5,500000,100.0,adaptive,2026-07-04T12:35:58+01:00,1,3,2,116650,234,0.000000,1425,1455,1425,30,2.0619,LOCAL_BEST,0,123,44331,208285,4639,234,1002,-35,299.4012,0.0000,0,0,0,0,0,0
n012w8-0,n012w8,0,5,500000,100.0,adaptive,2026-07-04T12:35:58+01:00,1,13,2,136759,456,2.285030,425,400,400,0,0.0000,REHEAT,5,123,8940,208385,106579,235,20109,222,0.0000,0.0000,0,0,0,0,0,1
n012w8-0,n012w8,0,5,500000,100.0,adaptive,2026-07-04T12:35:58+01:00,1,4,2,165648,362,25.118864,850,415,415,0,0.0000,REHEAT,1,123,16712,256637,116050,236,28889,-94,0.0000,0.0000,0,0,0,0,0,0
n012w8-0,n012w8,0,5,500000,100.0,adaptive,2026-07-04T12:35:58+01:00,1,13,2,186759,585,25.118864,875,400,400,0,0.0000,REHEAT,5,123,16901,288578,134529,237,21111,223,0.0000,0.0000,0,0,0,0,0,1
n012w8-0,n012w8,0,5,500000,100.0,adaptive,2026-07-04T12:35:58+01:00,1,4,2,215648,478,25.118864,1025,415,415,0,0.0000,REHEAT,1,123,24348,337089,144473,238,28889,-107,0.0000,0.0000,0,0,0,0,0,0
n012w8-0,n012w8,0,5,500000,100.0,adaptive,2026-07-04T12:35:58+01:00,1,13,2,236759,685,25.118864,870,400,400,0,0.0000,REHEAT,5,123,24703,369289,162570,239,21111,207,0.0000,0.0000,0,0,0,0,0,1
n012w8-0,n012w8,0,5,500000,100.0,adaptive,2026-07-04T12:35:58+01:00,1,3,2,246427,537,0.000000,1395,1425,1395,30,2.1053,LOCAL_BEST,0,123,93511,440362,9724,240,9668,-148,31.0302,0.0000,0,0,0,0,0,0
n012w8-0,n012w8,0,5,500000,100.0,adaptive,2026-07-04T12:35:58+01:00,1,3,2,246428,537,0.000000,1335,1395,1335,60,4.3011,LOCAL_BEST,0,123,93511,440363,9724,241,1,0,600000.0000,0.0000,0,0,0,0,0,0
n012w8-0,n012w8,0,5,500000,100.0,adaptive,2026-07-04T12:35:58+01:00,1,4,2,265648,598,25.118864,685,415,415,0,0.0000,REHEAT,1,123,32108,418094,172716,242,19220,61,0.0000,0.0000,0,0,0,0,0,0
n012w8-0,n012w8,0,5,500000,100.0,adaptive,2026-07-04T12:35:58+01:00,1,13,2,286759,809,25.118864,795,400,400,0,0.0000,REHEAT,5,123,32380,450371,190946,243,21111,211,0.0000,0.0000,0,0,0,0,0,1
n012w8-0,n012w8,0,5,500000,100.0,adaptive,2026-07-04T12:35:58+01:00,1,4,2,315648,698,25.118864,905,415,415,0,0.0000,REHEAT,1,123,39956,499142,200782,244,28889,-111,0.0000,0.0000,0,0,0,0,0,0
n012w8-0,n012w8,0,5,500000,100.0,adaptive,2026-07-04T12:35:58+01:00,1,13,2,336759,923,25.118864,875,400,400,0,0.0000,REHEAT,5,123,40271,531939,218869,245,21111,225,0.0000,0.0000,0,0,0,0,0,1
n012w8-0,n012w8,0,5,500000,100.0,adaptive,2026-07-04T12:35:58+01:00,1,4,2,365648,820,25.118864,780,415,415,0,0.0000,REHEAT,1,123,47708,580663,228834,246,28889,-103,0.0000,0.0000,0,0,0,0,0,0
n012w8-0,n012w8,0,5,500000,100.0,adaptive,2026-07-04T12:35:58+01:00,1,13,2,386759,1026,25.118864,710,400,400,0,0.0000,REHEAT,5,123,47865,613177,247274,247,21111,206,0.0000,0.0000,0,0,0,0,0,1
n012w8-0,n012w8,0,5,500000,100.0,adaptive,2026-07-04T12:35:58+01:00,1,4,2,415648,938,25.118864,745,415,415,0,0.0000,REHEAT,1,123,55513,661811,256950,248,28889,-88,0.0000,0.0000,0,0,0,0,0,0
n012w8-0,n012w8,0,5,500000,100.0,adaptive,2026-07-04T12:35:58+01:00,1,13,2,436759,1135,25.118864,750,400,400,0,0.0000,REHEAT,5,123,55722,694976,275229,249,21111,197,0.0000,0.0000,0,0,0,0,0,1
n012w8-0,n012w8,0,5,500000,100.0,adaptive,2026-07-04T12:35:58+01:00,1,4,2,465648,1043,25.118864,805,415,415,0,0.0000,REHEAT,1,123,63250,743071,285360,250,28889,-92,0.0000,0.0000,0,0,0,0,0,0
n012w8-0,n012w8,0,5,500000,100.0,adaptive,2026-07-04T12:35:58+01:00,1,13,2,486759,1221,25.118864,800,400,400,0,0.0000,REHEAT,5,123,63502,776021,303434,251,21111,178,0.0000,0.0000,0,0,0,0,0,1
n012w8-0,n012w8,0,5,500000,100.0,adaptive,2026-07-04T12:35:58+01:00,2,3,6,1,1,0.000000,3530,3680,3530,150,4.0761,GLOBAL_BEST,0,777,0,0,0,1,1,1,1500000.0000,150000.0000,0,0,0,0,0,0
n012w8-0,n012w8,0,5,500000,100.0,adaptive,2026-07-04T12:35:58+01:00,2,2,6,1,1,0.000000,3485,3680,3485,195,5.2989,GLOBAL_BEST,0,777,0,6,0,2,0,0,0.0000,0.0000,0,0,0,0,0,0
n012w8-0,n012w8,0,5,500000,100.0,adaptive,2026-07-04T12:35:58+01:00,2,1,6,3,1,99.994474,3500,3680,3500,180,4.8913,LOCAL_BEST,0,777,0,4,1,3,2,0,900000.0000,0.0000,0,0,0,0,0,0
n012w8-0,n012w8,0,5,500000,100.0,adaptive,2026-07-04T12:35:58+01:00,2,2,6,3,1,0.000000,3265,3485,3265,220,6.3128,LOCAL_BEST,0,777,0,11,0,4,0,0,0.0000,0.0000,0,0,0,0,0,0
n012w8-0,n012w8,0,5,500000,100.0,adaptive,2026-07-04T12:35:58+01:00,2,1,6,4,1,99.991711,3230,3500,3230,270,7.7143,GLOBAL_BEST,0,777,0,11,1,5,1,0,2700000.0000,0.0000,0,0,0,0,0,0
n012w8-0,n012w8,0,5,500000,100.0,adaptive,2026-07-04T12:35:58+01:00,2,3,6,5,1,0.000000,3355,3530,3355,175,4.9575,LOCAL_BEST,0,777,1,10,0,6,1,0,1750000.0000,0.0000,0,0,0,0,0,0
n012w8-0,n012w8,0,5,500000,100.0,adaptive,2026-07-04T12:35:58+01:00,2,2,6,5,1,0.000000,3045,3265,3045,220,6.7381,GLOBAL_BEST,0,777,0,21,0,7,0,0,0.0000,0.0000,0,0,0,0,0,0
n012w8-0,n012w8,0,5,500000,100.0,adaptive,2026-07-04T12:35:58+01:00,2,3,6,6,1,0.000000,3055,3355,3055,300,8.9419,GLOBAL_BEST,0,777,1,12,0,8,1,0,3000000.0000,0.0000,0,0,0,0,0,0
n012w8-0,n012w8,0,5,500000,100.0,adaptive,2026-07-04T12:35:58+01:00,2,2,6,6,1,0.000000,2955,3045,2955,90,2.9557,LOCAL_BEST,0,777,0,21,0,9,0,0,0.0000,0.0000,0,0,0,0,0,0
n012w8-0,n012w8,0,5,500000,100.0,adaptive,2026-07-04T12:35:58+01:00,2,1,6,7,1,99.983423,2885,3230,2885,345,10.6811,GLOBAL_BEST,0,777,1,15,1,10,1,0,3450000.0000,0.0000,0,0,0,0,0,0
n012w8-0,n012w8,0,5,500000,100.0,adaptive,2026-07-04T12:35:58+01:00,2,3,6,8,1,0.000000,3045,3055,3045,10,0.3273,LOCAL_BEST,0,777,2,15,0,11,1,0,100000.0000,0.0000,0,0,0,0,0,0
n012w8-0,n012w8,0,5,500000,100.0,adaptive,2026-07-04T12:35:58+01:00,2,1,6,9,1,99.977898,2870,2885,2870,15,0.5199,GLOBAL_BEST,0,777,1,16,2,12,1,0,150000.0000,0.0000,0,0,0,0,0,0
n012w8-0,n012w8,0,5,500000,100.0,adaptive,2026-07-04T12:35:58+01:00,2,2,6,9,1,0.000000,2925,2955,2925,30,1.0152,LOCAL_BEST,0,777,0,24,0,13,0,0,0.0000,0.0000,0,0,0,0,0,0
n012w8-0,n012w8,0,5,500000,100.0,adaptive,2026-07-04T12:35:58+01:00,2,2,6,10,1,0.000000,2835,2925,2835,90,3.0769,GLOBAL_BEST,0,777,0,26,0,14,1,0,900000.0000,0.0000,0,0,0,0,0,0
n012w8-0,n012w8,0,5,500000,100.0,adaptive,2026-07-04T12:35:58+01:00,2,2,6,11,1,0.000000,2805,2835,2805,30,1.0582,GLOBAL_BEST,0,777,0,27,0,15,1,0,300000.0000,0.0000,0,0,0,0,0,0
n012w8-0,n012w8,0,5,500000,100.0,adaptive,2026-07-04T12:35:58+01:00,2,3,6,12,1,0.000000,3040,3045,3040,5,0.1642,LOCAL_BEST,0,777,3,20,0,16,1,0,50000.0000,0.0000,0,0,0,0,0,0
n012w8-0,n012w8,0,5,500000,100.0,adaptive,2026-07-04T12:35:58+01:00,2,2,6,13,1,0.000000,2775,2805,2775,30,1.0695,GLOBAL_BEST,0,777,0,39,0,17,1,0,300000.0000,0.0000,0,0,0,0,0,0
n012w8-0,n012w8,0,5,500000,100.0,adaptive,2026-07-04T12:35:58+01:00,2,3,6,15,1,0.000000,3010,3040,3010,30,0.9868,LOCAL_BEST,0,777,3,25,0,18,2,0,150000.0000,0.0000,0,0,0,0,0,0
n012w8-0,n012w8,0,5,500000,100.0,adaptive,2026-07-04T12:35:58+01:00,2,2,6,15,1,0.000000,2610,2775,2610,165,5.9459,GLOBAL_BEST,0,777,0,41,0,19,0,0,0.0000,0.0000,0,0,0,0,0,0
n012w8-0,n012w8,0,5,500000,100.0,adaptive,2026-07-04T12:35:58+01:00,2,2,6,16,1,0.000000,2520,2610,2520,90,3.4483,GLOBAL_BEST,0,777,0,41,0,20,1,0,900000.0000,0.0000,0,0,0,0,0,0
n012w8-0,n012w8,0,5,500000,100.0,adaptive,2026-07-04T12:35:58+01:00,2,2,6,18,1,0.000000,2490,2520,2490,30,1.1905,GLOBAL_BEST,0,777,0,48,0,21,2,0,150000.0000,0.0000,0,0,0,0,0,0
n012w8-0,n012w8,0,5,500000,100.0,adaptive,2026-07-04T12:35:58+01:00,2,2,6,19,1,0.000000,2460,2490,2460,30,1.2048,GLOBAL_BEST,0,777,0,54,0,22,1,0,300000.0000,0.0000,0,0,0,0,0,0
n012w8-0,n012w8,0,5,500000,100.0,adaptive,2026-07-04T12:35:58+01:00,2,5,6,20,44,0.000000,745,760,745,15,1.9737,LOCAL_BEST,1,777,0,41,18,23,1,43,150000.0000,348.8372,0,0,0,0,0,0
n012w8-0,n012w8,0,5,500000,100.0,adaptive,2026-07-04T12:35:58+01:00,2,3,6,22,1,0.000000,2950,3010,2950,60,1.9934,LOCAL_BEST,0,777,5,31,0,24,2,-43,300000.0000,0.0000,0,0,0,0,0,0
n012w8-0,n012w8,0,5,500000,100.0,adaptive,2026-07-04T12:35:58+01:00,2,1,6,23,1,99.939230,2800,2870,2800,70,2.4390,LOCAL_BEST,0,777,3,30,4,25,1,0,700000.0000,0.0000,0,0,0,0,0,0
n012w8-0,n012w8,0,5,500000,100.0,adaptive,2026-07-04T12:35:58+01:00,2,1,6,24,1,99.936469,2740,2800,2740,60,2.1429,LOCAL_BEST,0,777,3,30,4,26,1,0,600000.0000,0.0000,0,0,0,0,0,0
n012w8-0,n012w8,0,5,500000,100.0,adaptive,2026-07-04T12:35:58+01:00,2,3,6,26,1,0.000000,2875,2950,2875,75,2.5424,LOCAL_BEST,0,777,6,46,0,27,2,0,375000.0000,0.0000,0,0,0,0,0,0
n012w8-0,n012w8,0,5,500000,100.0,adaptive,2026-07-04T12:35:58+01:00,2,3,6,27,1,0.000000,2650,2875,2650,225,7.8261,LOCAL_BEST,0,777,6,47,0,28,1,0,2250000.0000,0.0000,0,0,0,0,0,0
n012w8-0,n012w8,0,5,500000,100.0,adaptive,2026-07-04T12:35:58+01:00,2,3,6,28,1,0.000000,2605,2650,2605,45,1.6981,LOCAL_BEST,0,777,6,47,0,29,1,0,450000.0000,0.0000,0,0,0,0,0,0
n012w8-0,n012w8,0,5,500000,100.0,adaptive,2026-07-04T12:35:58+01:00,2,3,6,29,1,0.000000,2575,2605,2575,30,1.1516,LOCAL_BEST,0,777,6,47,0,30,1,0,300000.0000,0.0000,0,0,0,0,0,0
n012w8-0,n012w8,0,5,500000,100.0,adaptive,2026-07-04T12:35:58+01:00,2,5,6,29,44,0.000000,730,745,730,15,2.0134,GLOBAL_BEST,1,777,0,48,25,31,0,43,0.0000,348.8372,0,0,0,0,0,0
n012w8-0,n012w8,0,5,500000,100.0,adaptive,2026-07-04T12:35:58+01:00,2,3,6,30,1,0.000000,2515,2575,2515,60,2.3301,LOCAL_BEST,0,777,6,47,0,32,1,-43,600000.0000,0.0000,0,0,0,0,0,0
n012w8-0,n012w8,0,5,500000,100.0,adaptive,2026-07-04T12:35:58+01:00,2,1,6,31,1,99.917141,2680,2740,2680,60,2.1898,LOCAL_BEST,0,777,5,39,4,33,1,0,600000.0000,0.0000,0,0,0,0,0,0
n012w8-0,n012w8,0,5,500000,100.0,adaptive,2026-07-04T12:35:58+01:00,2,2,6,31,1,0.000000,2315,2460,2315,145,5.8943,GLOBAL_BEST,0,777,0,79,0,34,0,0,0.0000,0.0000,0,0,0,0,0,0
n012w8-0,n012w8,0,5,500000,100.0,adaptive,2026-07-04T12:35:58+01:00,2,2,6,32,1,0.000000,2305,2315,2305,10,0.4320,LOCAL_BEST,0,777,0,79,0,35,1,0,100000.0000,0.0000,0,0,0,0,0,0
n012w8-0,n012w8,0,5,500000,100.0,adaptive,2026-07-04T12:35:58+01:00,2,1,6,33,1,99.911620,2665,2680,2665,15,0.5597,LOCAL_BEST,0,777,5,45,4,36,1,0,150000.0000,0.0000,0,0,0,0,0,0
n012w8-0,n012w8,0,5,500000,100.0,adaptive,2026-07-04T12:35:58+01:00,2,2,6,33,1,0.000000,2275,2305,2275,30,1.3015,LOCAL_BEST,0,777,0,79,0,37,0,0,0.0000,0.0000,0,0,0,0,0,0
n012w8-0,n012w8,0,5,500000,100.0,adaptive,2026-07-04T12:35:58+01:00,2,1,6,34,1,99.908859,2575,2665,2575,90,3.3771,LOCAL_BEST,0,777,5,52,4,38,1,0,900000.0000,0.0000,0,0,0,0,0,0
n012w8-0,n012w8,0,5,500000,100.0,adaptive,2026-07-04T12:35:58+01:00,2,3,6,35,1,0.000000,2500,2515,2500,15,0.5964,LOCAL_BEST,0,777,9,65,0,39,1,0,150000.0000,0.0000,0,0,0,0,0,0
n012w8-0,n012w8,0,5,500000,100.0,adaptive,2026-07-04T12:35:58+01:00,2,2,6,35,1,0.000000,2095,2275,2095,180,7.9121,GLOBAL_BEST,0,777,0,80,0,40,0,0,0.0000,0.0000,0,0,0,0,0,0
n012w8-0,n012w8,0,5,500000,100.0,adaptive,2026-07-04T12:35:58+01:00,2,1,6,36,1,99.903338,2440,2575,2440,135,5.2427,GLOBAL_BEST,0,777,5,55,5,41,1,0,1350000.0000,0.0000,0,0,0,0,0,0
n012w8-0,n012w8,0,5,500000,100.0,adaptive,2026-07-04T12:35:58+01:00,2,2,6,36,1,0.000000,2050,2095,2050,45,2.1480,GLOBAL_BEST,0,777,0,80,0,42,0,0,0.0000,0.0000,0,0,0,0,0,0
n012w8-0,n012w8,0,5,500000,100.0,adaptive,2026-07-04T12:35:58+01:00,2,1,6,38,1,99.897817,2260,2440,2260,180,7.3770,GLOBAL_BEST,0,777,5,60,6,43,2,0,900000.0000,0.0000,0,0,0,0,0,0
n012w8-0,n012w8,0,5,500000,100.0,adaptive,2026-07-04T12:35:58+01:00,2,5,6,38,44,0.000000,700,730,700,30,4.1096,GLOBAL_BEST,1,777,0,54,33,44,0,43,0.0000,697.6744,0,0,0,0,0,0
n012w8-0,n012w8,0,5,500000,100.0,adaptive,2026-07-04T12:35:58+01:00,2,1,6,39,1,99.895057,2230,2260,2230,30,1.3274,GLOBAL_BEST,0,777,5,61,6,45,1,-43,300000.0000,0.0000,0,0,0,0,0,0
n012w8-0,n012w8,0,5,500000,100.0,adaptive,2026-07-04T12:35:58+01:00,2,1,6,42,1,99.886777,2200,2230,2200,30,1.3453,LOCAL_BEST,0,777,5,64,8,46,3,0,100000.0000,0.0000,0,0,0,0,0,0
n012w8-0,n012w8,0,5,500000,100.0,adaptive,2026-07-04T12:35:58+01:00,2,2,6,42,1,0.000000,1970,2050,1970,80,3.9024,GLOBAL_BEST,0,777,0,86,0,47,0,0,0.0000,0.0000,0,0,0,0,0,0
n012w8-0,n012w8,0,5,500000,100.0,adaptive,2026-07-04T12:35:58+01:00,2,3,6,43,1,0.000000,2350,2500,2350,150,6.0000,LOCAL_BEST,0,777,12,70,0,48,1,0,1500000.0000,0.0000,0,0,0,0,0,0
n012w8-0,n012w8,0,5,500000,100.0,adaptive,2026-07-04T12:35:58+01:00,2,3,6,44,1,0.000000,2320,2350,2320,30,1.2766,LOCAL_BEST,0,777,12,73,0,49,1,0,300000.0000,0.0000,0,0,0,0,0,0
n012w8-0,n012w8,0,5,500000,100.0,adaptive,2026-07-04T12:35:58+01:00,2,1,6,45,1,99.878497,2155,2200,2155,45,2.0455,LOCAL_BEST,0,777,6,66,9,50,1,0,450000.0000,0.0000,0,0,0,0,0,0
n012w8-0,n012w8,0,5,500000,100.0,adaptive,2026-07-04T12:35:58+01:00,2,2,6,50,1,0.000000,1945,1970,1945,25,1.2690,GLOBAL_BEST,0,777,0,104,0,51,5,0,50000.0000,0.0000,0,0,0,0,0,0
n012w8-0,n012w8,0,5,500000,100.0,adaptive,2026-07-04T12:35:58+01:00,2,2,6,51,1,0.000000,1825,1945,1825,120,6.1697,GLOBAL_BEST,0,777,0,105,0,52,1,0,1200000.0000,0.0000,0,0,0,0,0,0
n012w8-0,n012w8,0,5,500000,100.0,adaptive,2026-07-04T12:35:58+01:00,2,1,6,60,1,99.837110,2115,2155,2115,40,1.8561,LOCAL_BEST,0,777,10,94,15,53,9,0,44444.4444,0.0000,0,0,0,0,0,0
n012w8-0,n012w8,0,5,500000,100.0,adaptive,2026-07-04T12:35:58+01:00,2,5,6,63,44,0.000000,685,700,685,15,2.1429,GLOBAL_BEST,1,777,0,91,48,54,3,43,50000.0000,348.8372,0,0,0,0,0,0
n012w8-0,n012w8,0,5,500000,100.0,adaptive,2026-07-04T12:35:58+01:00,2,1,6,72,1,99.804012,2085,2115,2085,30,1.4184,LOCAL_BEST,0,777,12,108,20,55,9,-43,33333.3333,0.0000,0,0,0,0,0,0
n012w8-0,n012w8,0,5,500000,100.0,adaptive,2026-07-04T12:35:58+01:00,2,1,6,74,1,99.798497,2025,2085,2025,60,2.8777,LOCAL_BEST,0,777,12,110,20,56,2,0,300000.0000,0.0000,0,0,0,0,0,0
n012w8-0,n012w8,0,5,500000,100.0,adaptive,2026-07-04T12:35:58+01:00,2,1,6,84,1,99.770925,1920,2025,1920,105,5.1852,LOCAL_BEST,0,777,15,127,23,57,10,0,105000.0000,0.0000,0,0,0,0,0,0
n012w8-0,n012w8,0,5,500000,100.0,adaptive,2026-07-04T12:35:58+01:00,2,1,6,85,1,99.768169,1890,1920,1890,30,1.5625,LOCAL_BEST,0,777,15,128,23,58,1,0,300000.0000,0.0000,0,0,0,0,0,0
n012w8-0,n012w8,0,5,500000,100.0,adaptive,2026-07-04T12:35:58+01:00,2,1,6,86,1,99.765412,1860,1890,1860,30,1.5873,LOCAL_BEST,0,777,15,131,23,59,1,0,300000.0000,0.0000,0,0,0,0,0,0
n012w8-0,n012w8,0,5,500000,100.0,adaptive,2026-07-04T12:35:58+01:00,2,1,6,90,1,99.754386,1785,1860,1785,75,4.0323,GLOBAL_BEST,0,777,16,141,25,60,4,0,187500.0000,0.0000,0,0,0,0,0,0
n012w8-0,n012w8,0,5,500000,100.0,adaptive,2026-07-04T12:35:58+01:00,2,1,6,91,1,99.751630,1770,1785,1770,15,0.8403,GLOBAL_BEST,0,777,16,141,25,61,1,0,150000.0000,0.0000,0,0,0,0,0,0
n012w8-0,n012w8,0,5,500000,100.0,adaptive,2026-07-04T12:35:58+01:00,2,1,6,92,1,99.748874,1755,1770,1755,15,0.8475,GLOBAL_BEST,0,777,16,141,25,62,1,0,150000.0000,0.0000,0,0,0,0,0,0
n012w8-0,n012w8,0,5,500000,100.0,adaptive,2026-07-04T12:35:58+01:00,2,1,6,94,1,99.743361,1725,1755,1725,30,1.7094,GLOBAL_BEST,0,777,16,143,26,63,2,0,150000.0000,0.0000,0,0,0,0,0,0
n012w8-0,n012w8,0,5,500000,100.0,adaptive,2026-07-04T12:35:58+01:00,2,2,6,94,1,0.000000,1675,1825,1675,150,8.2192,GLOBAL_BEST,0,777,0,169,0,64,0,0,0.0000,0.0000,0,0,0,0,0,0
n012w8-0,n012w8,0,5,500000,100.0,adaptive,2026-07-04T12:35:58+01:00,2,8,6,106,89,0.000000,360,375,360,15,4.0000,GLOBAL_BEST,3,777,0,137,92,65,12,88,12500.0000,170.4545,0,0,0,0,0,0
n012w8-0,n012w8,0,5,500000,100.0,adaptive,2026-07-04T12:35:58+01:00,2,3,6,115,1,0.000000,2235,2320,2235,85,3.6638,LOCAL_BEST,0,777,42,216,0,66,9,-88,94444.4444,0.0000,0,0,0,0,0,0
n012w8-0,n012w8,0,5,500000,100.0,adaptive,2026-07-04T12:35:58+01:00,2,3,6,128,1,0.000000,2205,2235,2205,30,1.3423,LOCAL_BEST,0,777,46,231,0,67,13,0,23076.9231,0.0000,0,0,0,0,0,0
n012w8-0,n012w8,0,5,500000,100.0,adaptive,2026-07-04T12:35:58+01:00,2,3,6,132,1,0.000000,2090,2205,2090,115,5.2154,LOCAL_BEST,0,777,49,247,0,68,4,0,287500.0000,0.0000,0,0,0,0,0,0
n012w8-0,n012w8,0,5,500000,100.0,adaptive,2026-07-04T12:35:58+01:00,2,3,6,133,1,0.000000,2075,2090,2075,15,0.7177,LOCAL_BEST,0,777,49,251,0,69,1,0,150000.0000,0.0000,0,0,0,0,0,0
n012w8-0,n012w8,0,5,500000,100.0,adaptive,2026-07-04T12:35:58+01:00,2,1,6,157,1,99.569884,1710,1725,1710,15,0.8696,LOCAL_BEST,0,777,34,245,47,70,24,0,6250.0000,0.0000,0,0,0,0,0,0
n012w8-0,n012w8,0,5,500000,100.0,adaptive,2026-07-04T12:35:58+01:00,2,1,6,158,1,99.567133,1660,1710,1660,50,2.9240,GLOBAL_BEST,0,777,34,246,47,71,1,0,500000.0000,0.0000,0,0,0,0,0,0
n012w8-0,n012w8,0,5,500000,100.0,adaptive,2026-07-04T12:35:58+01:00,2,1,6,161,1,99.558879,1600,1660,1600,60,3.6145,GLOBAL_BEST,0,777,35,252,48,72,3,0,200000.0000,0.0000,0,0,0,0,0,0
n012w8-0,n012w8,0,5,500000,100.0,adaptive,2026-07-04T12:35:58+01:00,2,3,6,162,1,0.000000,1965,2075,1965,110,5.3012,LOCAL_BEST,0,777,61,305,0,73,1,0,1100000.0000,0.0000,0,0,0,0,0,0
n012w8-0,n012w8,0,5,500000,100.0,adaptive,2026-07-04T12:35:58+01:00,2,1,6,162,1,99.556129,1510,1600,1510,90,5.6250,GLOBAL_BEST,0,777,35,252,48,74,0,0,0.0000,0.0000,0,0,0,0,0,0
n012w8-0,n012w8,0,5,500000,100.0,adaptive,2026-07-04T12:35:58+01:00,2,3,6,164,1,0.000000,1875,1965,1875,90,4.5802,LOCAL_BEST,0,777,62,305,0,75,2,0,450000.0000,0.0000,0,0,0,0,0,0
n012w8-0,n012w8,0,5,500000,100.0,adaptive,2026-07-04T12:35:58+01:00,2,1,6,165,1,99.547876,1480,1510,1480,30,1.9868,GLOBAL_BEST,0,777,36,256,49,76,1,0,300000.0000,0.0000,0,0,0,0,0,0
n012w8-0,n012w8,0,5,500000,100.0,adaptive,2026-07-04T12:35:58+01:00,2,3,6,166,1,0.000000,1680,1875,1680,195,10.4000,LOCAL_BEST,0,777,63,306,0,77,1,0,1950000.0000,0.0000,0,0,0,0,0,0
n012w8-0,n012w8,0,5,500000,100.0,adaptive,2026-07-04T12:35:58+01:00,2,3,6,168,1,0.000000,1580,1680,1580,100,5.9524,LOCAL_BEST,0,777,64,310,0,78,2,0,500000.0000,0.0000,0,0,0,0,0,0
n012w8-0,n012w8,0,5,500000,100.0,adaptive,2026-07-04T12:35:58+01:00,2,8,6,252,89,0.000000,345,360,345,15,4.1667,GLOBAL_BEST,3,777,0,338,225,79,84,88,1785.7143,170.4545,0,0,0,0,0,0
n012w8-0,n012w8,0,5,500000,100.0,adaptive,2026-07-04T12:35:58+01:00,2,5,6,308,45,0.000000,640,685,640,45,6.5693,GLOBAL_BEST,1,777,0,460,228,80,56,-44,8035.7143,0.0000,0,0,0,0,0,0
n012w8-0,n012w8,0,5,500000,100.0,adaptive,2026-07-04T12:35:58+01:00,2,1,6,322,2,99.116966,1450,1480,1450,30,2.0270,GLOBAL_BEST,0,777,74,481,91,81,14,-43,21428.5714,0.0000,0,0,0,0,0,0
n012w8-0,n012w8,0,5,500000,100.0,adaptive,2026-07-04T12:35:58+01:00,2,1,6,323,2,99.114227,1420,1450,1420,30,2.0690,GLOBAL_BEST,0,777,74,484,91,82,1,0,300000.0000,0.0000,0,0,0,0,0,0
n012w8-0,n012w8,0,5,500000,100.0,adaptive,2026-07-04T12:35:58+01:00,2,1,6,330,2,99.095059,1390,1420,1390,30,2.1127,GLOBAL_BEST,0,777,74,496,96,83,7,0,42857.1429,0.0000,0,0,0,0,0,0
n012w8-0,n012w8,0,5,500000,100.0,adaptive,2026-07-04T12:35:58+01:00,2,1,6,391,2,98.928176,1370,1390,1370,20,1.4388,GLOBAL_BEST,0,777,91,591,113,84,61,0,3278.6885,0.0000,0,0,0,0,0,0
n012w8-0,n012w8,0,5,500000,100.0,adaptive,2026-07-04T12:35:58+01:00,2,1,6,392,2,98.925442,1235,1370,1235,135,9.8540,GLOBAL_BEST,0,777,91,594,113,85,1,0,1350000.0000,0.0000,0,0,0,0,0,0
n012w8-0,n012w8,0,5,500000,100.0,adaptive,2026-07-04T12:35:58+01:00,2,1,6,393,2,98.922709,1220,1235,1220,15,1.2146,GLOBAL_BEST,0,777,91,594,113,86,1,0,150000.0000,0.0000,0,0,0,0,0,0
n012w8-0,n012w8,0,5,500000,100.0,adaptive,2026-07-04T12:35:58+01:00,2,1,6,575,2,98.426490,1205,1220,1205,15,1.2295,GLOBAL_BEST,0,777,140,870,182,87,182,0,824.1758,0.0000,0,0,0,0,0,0
n012w8-0,n012w8,0,5,500000,100.0,adaptive,2026-07-04T12:35:58+01:00,2,2,6,684,2,0.000000,1585,1675,1585,90,5.3731,LOCAL_BEST,0,777,0,1196,0,88,109,0,8256.8807,0.0000,0,0,0,0,0,0
n012w8-0,n012w8,0,5,500000,100.0,adaptive,2026-07-04T12:35:58+01:00,2,1,6,708,2,98.065444,1175,1205,1175,30,2.4896,GLOBAL_BEST,0,777,173,1067,227,89,24,0,12500.0000,0.0000,0,0,0,0,0,0
n012w8-0,n012w8,0,5,500000,100.0,adaptive,2026-07-04T12:35:58+01:00,2,1,6,710,2,98.060025,1125,1175,1125,50,4.2553,GLOBAL_BEST,0,777,174,1071,227,90,2,0,250000.0000,0.0000,0,0,0,0,0,0
n012w8-0,n012w8,0,5,500000,100.0,adaptive,2026-07-04T12:35:58+01:00,2,5,6,723,45,0.000000,635,640,635,5,0.7812,GLOBAL_BEST,1,777,0,1022,520,91,13,43,3846.1538,116.2791,0,0,0,0,0,0
n012w8-0,n012w8,0,5,500000,100.0,adaptive,2026-07-04T12:35:58+01:00,2,3,6,778,2,0.000000,1500,1580,1500,80,5.0633,LOCAL_BEST,0,777,295,1286,19,92,55,-43,14545.4545,0.0000,0,0,0,0,0,0
n012w8-0,n012w8,0,5,500000,100.0,adaptive,2026-07-04T12:35:58+01:00,2,3,6,779,2,0.000000,1485,1500,1485,15,1.0000,LOCAL_BEST,0,777,295,1288,19,93,1,0,150000.0000,0.0000,0,0,0,0,0,0
n012w8-0,n012w8,0,5,500000,100.0,adaptive,2026-07-04T12:35:58+01:00,2,5,6,1021,45,0.000000,620,635,620,15,2.3622,GLOBAL_BEST,1,777,0,1418,748,94,242,43,619.8347,348.8372,0,0,0,0,0,0
n012w8-0,n012w8,0,5,500000,100.0,adaptive,2026-07-04T12:35:58+01:00,2,5,6,1044,45,0.000000,605,620,605,15,2.4194,GLOBAL_BEST,1,777,0,1454,761,95,23,0,6521.7391,0.0000,0,0,0,0,0,0
n012w8-0,n012w8,0,5,500000,100.0,adaptive,2026-07-04T12:35:58+01:00,2,5,6,1058,45,0.000000,600,605,600,5,0.8264,GLOBAL_BEST,1,777,0,1472,768,96,14,0,3571.4286,0.0000,0,0,0,0,0,0
n012w8-0,n012w8,0,5,500000,100.0,adaptive,2026-07-04T12:35:58+01:00,2,5,6,1064,45,0.000000,570,600,570,30,5.0000,GLOBAL_BEST,1,777,0,1482,772,97,6,0,50000.0000,0.0000,0,0,0,0,0,0
n012w8-0,n012w8,0,5,500000,100.0,adaptive,2026-07-04T12:35:58+01:00,2,2,6,1504,3,0.000000,1490,1585,1490,95,5.9937,LOCAL_BEST,0,777,0,2867,60,98,440,-42,2159.0909,0.0000,0,0,0,0,0,0
n012w8-0,n012w8,0,5,500000,100.0,adaptive,2026-07-04T12:35:58+01:00,2,11,6,1740,133,0.000000,245,260,245,15,5.7692,GLOBAL_BEST,4,777,0,2404,1638,99,236,130,635.5932,115.3846,0,0,0,0,0,0
n012w8-0,n012w8,0,5,500000,100.0,adaptive,2026-07-04T12:35:58+01:00,2,8,6,1798,92,0.000000,330,345,330,15,4.3478,GLOBAL_BEST,3,777,0,2447,1626,100,58,-41,2586.2069,0.0000,0,0,0,0,0,0
n012w8-0,n012w8,0,5,500000,100.0,adaptive,2026-07-04T12:35:58+01:00,2,11,6,1805,133,0.000000,230,245,230,15,6.1224,GLOBAL_BEST,4,777,0,2495,1696,101,7,41,21428.5714,365.8537,0,0,0,0,0,0
n012w8-0,n012w8,0,5,500000,100.0,adaptive,2026-07-04T12:35:58+01:00,2,2,6,1944,4,0.000000,1430,1490,1430,60,4.0268,LOCAL_BEST,0,777,0,3611,135,102,139,-129,4316.5468,0.0000,0,0,0,0,0,0
n012w8-0,n012w8,0,5,500000,100.0,adaptive,2026-07-04T12:35:58+01:00,2,2,6,1946,4,0.000000,1400,1430,1400,30,2.0979,LOCAL_BEST,0,777,0,3614,135,103,2,0,150000.0000,0.0000,0,0,0,0,0,0
n012w8-0,n012w8,0,5,500000,100.0,adaptive,2026-07-04T12:35:58+01:00,2,2,6,1949,4,0.000000,1385,1400,1385,15,1.0714,LOCAL_BEST,0,777,0,3619,135,104,3,0,50000.0000,0.0000,0,0,0,0,0,0
n012w8-0,n012w8,0,5,500000,100.0,adaptive,2026-07-04T12:35:58+01:00,2,2,6,1950,4,0.000000,1340,1385,1340,45,3.2491,LOCAL_BEST,0,777,0,3619,135,105,1,0,450000.0000,0.0000,0,0,0,0,0,0
n012w8-0,n012w8,0,5,500000,100.0,adaptive,2026-07-04T12:35:58+01:00,2,1,6,2345,5,93.728572,1065,1125,1065,60,5.3333,GLOBAL_BEST,0,777,546,3777,831,106,395,1,1518.9873,60000.0000,0,0,0,0,0,0
n012w8-0,n012w8,0,5,500000,100.0,adaptive,2026-07-04T12:35:58+01:00,2,1,6,2355,5,93.702677,990,1065,990,75,7.0423,GLOBAL_BEST,0,777,547,3790,836,107,10,0,75000.0000,0.0000,0,0,0,0,0,0
n012w8-0,n012w8,0,5,500000,100.0,adaptive,2026-07-04T12:35:58+01:00,2,2,6,2944,5,0.000000,1280,1340,1280,60,4.4776,LOCAL_BEST,0,777,0,5307,356,108,589,0,1018.6757,0.0000,0,0,0,0,0,0
n012w8-0,n012w8,0,5,500000,100.0,adaptive,2026-07-04T12:35:58+01:00,2,2,6,2946,5,0.000000,1265,1280,1265,15,1.1719,LOCAL_BEST,0,777,0,5308,356,109,2,0,75000.0000,0.0000,0,0,0,0,0,0
n012w8-0,n012w8,0,5,500000,100.0,adaptive,2026-07-04T12:35:58+01:00,2,2,6,2948,5,0.000000,1215,1265,1215,50,3.9526,LOCAL_BEST,0,777,0,5308,356,110,2,0,250000.0000,0.0000,0,0,0,0,0,0
n012w8-0,n012w8,0,5,500000,100.0,adaptive,2026-07-04T12:35:58+01:00,2,5,6,3459,49,0.000000,535,570,535,35,6.1404,GLOBAL_BEST,1,777,0,4950,2693,111,511,44,684.9315,795.4545,0,0,0,0,0,0
n012w8-0,n012w8,0,5,500000,100.0,adaptive,2026-07-04T12:35:58+01:00,2,8,6,4110,96,0.000000,315,330,315,15,4.5455,GLOBAL_BEST,3,777,0,5749,3723,112,651,47,230.4147,319.1489,0,0,0,0,0,0
n012w8-0,n012w8,0,5,500000,100.0,adaptive,2026-07-04T12:35:58+01:00,2,5,6,7599,56,0.000000,525,535,525,10,1.8692,GLOBAL_BEST,1,777,0,11188,6008,113,3489,-40,28.6615,0.0000,0,0,0,0,0,0
n012w8-0,n012w8,0,5,500000,100.0,adaptive,2026-07-04T12:35:58+01:00,2,5,6,8899,57,0.000000,485,525,485,40,7.6190,GLOBAL_BEST,1,777,0,13321,7081,114,1300,1,307.6923,40000.0000,0,0,0,0,0,0
n012w8-0,n012w8,0,5,500000,100.0,adaptive,2026-07-04T12:35:58+01:00,2,8,6,9169,102,0.000000,300,315,300,15,4.7619,GLOBAL_BEST,3,777,0,12705,8344,115,270,45,555.5556,333.3333,0,0,0,0,0,0
n012w8-0,n012w8,0,5,500000,100.0,adaptive,2026-07-04T12:35:58+01:00,2,3,6,9305,16,0.000000,1455,1485,1455,30,2.0202,LOCAL_BEST,0,777,3516,16182,344,116,136,-86,2205.8824,0.0000,0,0,0,0,0,0
n012w8-0,n012w8,0,5,500000,100.0,adaptive,2026-07-04T12:35:58+01:00,2,3,6,9308,16,0.000000,1305,1455,1305,150,10.3093,LOCAL_BEST,0,777,3517,16187,345,117,3,0,500000.0000,0.0000,0,0,0,0,0,0
n012w8-0,n012w8,0,5,500000,100.0,adaptive,2026-07-04T12:35:58+01:00,2,3,6,9310,16,0.000000,1215,1305,1215,90,6.8966,LOCAL_BEST,0,777,3517,16191,345,118,2,0,450000.0000,0.0000,0,0,0,0,0,0
n012w8-0,n012w8,0,5,500000,100.0,adaptive,2026-07-04T12:35:58+01:00,2,3,6,9311,16,0.000000,1125,1215,1125,90,7.4074,LOCAL_BEST,0,777,3517,16191,345,119,1,0,900000.0000,0.0000,0,0,0,0,0,0
n012w8-0,n012w8,0,5,500000,100.0,adaptive,2026-07-04T12:35:58+01:00,2,2,6,9349,16,0.000000,1170,1215,1170,45,3.7037,LOCAL_BEST,0,777,0,16106,2639,120,38,0,11842.1053,0.0000,0,0,0,0,0,0
n012w8-0,n012w8,0,5,500000,100.0,adaptive,2026-07-04T12:35:58+01:00,2,2,6,9553,16,0.000000,1165,1170,1165,5,0.4274,LOCAL_BEST,0,777,0,16439,2709,121,204,0,245.0980,0.0000,0,0,0,0,0,0
n012w8-0,n012w8,0,5,500000,100.0,adaptive,2026-07-04T12:35:58+01:00,2,2,6,11457,19,0.000000,1115,1165,1115,50,4.2918,LOCAL_BEST,0,777,0,19577,3587,122,1904,3,262.6050,16666.6667,0,0,0,0,0,0
n012w8-0,n012w8,0,5,500000,100.0,adaptive,2026-07-04T12:35:58+01:00,2,1,6,11647,19,72.484976,955,990,955,35,3.5354,GLOBAL_BEST,0,777,2633,18938,4471,123,190,0,1842.1053,0.0000,0,0,0,0,0,0
n012w8-0,n012w8,0,5,500000,100.0,adaptive,2026-07-04T12:35:58+01:00,2,1,6,11648,19,72.482973,880,955,880,75,7.8534,GLOBAL_BEST,0,777,2633,18939,4471,124,1,0,750000.0000,0.0000,0,0,0,0,0,0
n012w8-0,n012w8,0,5,500000,100.0,adaptive,2026-07-04T12:35:58+01:00,2,1,6,11687,20,72.404907,865,880,865,15,1.7045,GLOBAL_BEST,0,777,2641,18999,4490,125,39,1,3846.1538,15000.0000,0,0,0,0,0,0
n012w8-0,n012w8,0,5,500000,100.0,adaptive,2026-07-04T12:35:58+01:00,2,1,6,11696,20,72.386904,860,865,860,5,0.5780,GLOBAL_BEST,0,777,2642,19023,4496,126,9,0,5555.5556,0.0000,0,0,0,0,0,0
n012w8-0,n012w8,0,5,500000,100.0,adaptive,2026-07-04T12:35:58+01:00,2,8,6,12318,107,0.000000,285,300,285,15,5.0000,GLOBAL_BEST,3,777,0,17248,11230,127,622,87,241.1576,172.4138,0,0,0,0,0,0
n012w8-0,n012w8,0,5,500000,100.0,adaptive,2026-07-04T12:35:58+01:00,2,8,6,13431,109,0.000000,270,285,270,15,5.2632,GLOBAL_BEST,3,777,0,18790,12266,128,1113,2,134.7709,7500.0000,0,0,0,0,0,0
n012w8-0,n012w8,0,5,500000,100.0,adaptive,2026-07-04T12:35:58+01:00,2,2,6,13728,23,0.000000,1090,1115,1090,25,2.2422,LOCAL_BEST,0,777,0,23222,4759,129,297,-86,841.7508,0.0000,0,0,0,0,0,0
n012w8-0,n012w8,0,5,500000,100.0,adaptive,2026-07-04T12:35:58+01:00,2,2,6,13751,23,0.000000,1060,1090,1060,30,2.7523,LOCAL_BEST,0,777,0,23245,4768,130,23,0,13043.4783,0.0000,0,0,0,0,0,0
n012w8-0,n012w8,0,5,500000,100.0,adaptive,2026-07-04T12:35:58+01:00,2,2,6,14755,25,0.000000,1040,1060,1040,20,1.8868,LOCAL_BEST,0,777,0,24845,5223,131,1004,2,199.2032,10000.0000,0,0,0,0,0,0
n012w8-0,n012w8,0,5,500000,100.0,adaptive,2026-07-04T12:35:58+01:00,2,1,6,16476,28,63.430772,815,860,815,45,5.2326,GLOBAL_BEST,0,777,3579,26735,6648,132,1721,3,261.4759,15000.0000,0,0,0,0,0,0
n012w8-0,n012w8,0,5,500000,100.0,adaptive,2026-07-04T12:35:58+01:00,2,1,6,16478,28,63.427267,770,815,770,45,5.5215,GLOBAL_BEST,0,777,3579,26737,6649,133,2,0,225000.0000,0.0000,0,0,0,0,0,0
n012w8-0,n012w8,0,5,500000,100.0,adaptive,2026-07-04T12:35:58+01:00,2,2,6,16669,28,0.000000,985,1040,985,55,5.2885,LOCAL_BEST,0,777,0,27901,6189,134,191,0,2879.5812,0.0000,0,0,0,0,0,0
n012w8-0,n012w8,0,5,500000,100.0,adaptive,2026-07-04T12:35:58+01:00,2,2,6,16835,28,0.000000,970,985,970,15,1.5228,LOCAL_BEST,0,777,0,28136,6306,135,166,0,903.6145,0.0000,0,0,0,0,0,0
n012w8-0,n012w8,0,5,500000,100.0,adaptive,2026-07-04T12:35:58+01:00,2,4,6,17310,73,61.985770,750,760,750,10,1.3158,LOCAL_BEST,1,777,3927,28741,6830,136,475,45,210.5263,222.2222,0,0,0,0,0,0
n012w8-0,n012w8,0,5,500000,100.0,adaptive,2026-07-04T12:35:58+01:00,2,5,6,18046,71,0.000000,480,485,480,5,1.0309,GLOBAL_BEST,1,777,0,26622,14742,137,736,-2,67.9348,0.0000,0,0,0,0,0,0
n012w8-0,n012w8,0,5,500000,100.0,adaptive,2026-07-04T12:35:58+01:00,2,5,6,18352,71,0.000000,390,480,390,90,18.7500,GLOBAL_BEST,1,777,0,27079,14996,138,306,0,2941.1765,0.0000,0,0,0,0,0,0
n012w8-0,n012w8,0,5,500000,100.0,adaptive,2026-07-04T12:35:58+01:00,2,2,6,18711,31,0.000000,935,970,935,35,3.6082,LOCAL_BEST,0,777,0,30976,7324,139,359,-40,974.9304,0.0000,0,0,0,0,0,0
n012w8-0,n012w8,0,5,500000,100.0,adaptive,2026-07-04T12:35:58+01:00,2,2,6,18750,31,0.000000,845,935,845,90,9.6257,LOCAL_BEST,0,777,0,31032,7346,140,39,0,23076.9231,0.0000,0,0,0,0,0,0
n012w8-0,n012w8,0,5,500000,100.0,adaptive,2026-07-04T12:35:58+01:00,2,4,6,23446,83,52.319068,705,750,705,45,6.0000,LOCAL_BEST,1,777,4966,38301,10043,141,4696,52,95.8262,865.3846,0,0,0,0,0,0
n012w8-0,n012w8,0,5,500000,100.0,adaptive,2026-07-04T12:35:58+01:00,2,2,6,24802,41,0.000000,840,845,840,5,0.5917,LOCAL_BEST,0,777,0,41043,10996,142,1356,-42,36.8732,0.0000,0,0,0,0,0,0
n012w8-0,n012w8,0,5,500000,100.0,adaptive,2026-07-04T12:35:58+01:00,2,2,6,24897,41,0.000000,825,840,825,15,1.7857,LOCAL_BEST,0,777,0,41187,11059,143,95,0,1578.9474,0.0000,0,0,0,0,0,0
n012w8-0,n012w8,0,5,500000,100.0,adaptive,2026-07-04T12:35:58+01:00,2,1,6,26539,44,48.033474,760,770,760,10,1.2987,GLOBAL_BEST,0,777,5299,42689,11891,144,1642,3,60.9013,3333.3333,0,0,0,0,0,0
n012w8-0,n012w8,0,5,500000,100.0,adaptive,2026-07-04T12:35:58+01:00,2,1,6,26553,44,48.014897,745,760,745,15,1.9737,GLOBAL_BEST,0,777,5299,42698,11901,145,14,0,10714.2857,0.0000,0,0,0,0,0,0
n012w8-0,n012w8,0,5,500000,100.0,adaptive,2026-07-04T12:35:58+01:00,2,2,6,27698,45,0.000000,795,825,795,30,3.6364,LOCAL_BEST,0,777,0,45475,12828,146,1145,1,262.0087,30000.0000,0,0,0,0,0,0
n012w8-0,n012w8,0,5,500000,100.0,adaptive,2026-07-04T12:35:58+01:00,2,2,6,27883,45,0.000000,770,795,770,25,3.1447,LOCAL_BEST,0,777,0,45802,12944,147,185,0,1351.3514,0.0000,0,0,0,0,0,0
n012w8-0,n012w8,0,5,500000,100.0,adaptive,2026-07-04T12:35:58+01:00,2,1,6,28554,47,45.432224,740,745,740,5,0.6711,LOCAL_BEST,0,777,5587,45980,13066,148,671,2,74.5156,2500.0000,0,0,0,0,0,0
n012w8-0,n012w8,0,5,500000,100.0,adaptive,2026-07-04T12:35:58+01:00,2,1,6,28655,47,45.305612,730,740,730,10,1.3514,LOCAL_BEST,0,777,5596,46128,13139,149,101,0,990.0990,0.0000,0,0,0,0,0,0
n012w8-0,n012w8,0,5,500000,100.0,adaptive,2026-07-04T12:35:58+01:00,2,2,6,29499,48,0.000000,760,770,760,10,1.2987,LOCAL_BEST,0,777,0,48501,13960,150,844,1,118.4834,10000.0000,0,0,0,0,0,0
n012w8-0,n012w8,0,5,500000,100.0,adaptive,2026-07-04T12:35:58+01:00,2,2,6,29501,48,0.000000,745,760,745,15,1.9737,LOCAL_BEST,0,777,0,48502,13960,151,2,0,75000.0000,0.0000,0,0,0,0,0,0
n012w8-0,n012w8,0,5,500000,100.0,adaptive,2026-07-04T12:35:58+01:00,2,2,6,29715,48,0.000000,725,745,725,20,2.6846,LOCAL_BEST,0,777,0,48804,14116,152,214,0,934.5794,0.0000,0,0,0,0,0,0
n012w8-0,n012w8,0,5,500000,100.0,adaptive,2026-07-04T12:35:58+01:00,2,5,6,29726,88,0.000000,375,390,375,15,3.8462,GLOBAL_BEST,1,777,0,43606,24912,153,11,40,13636.3636,375.0000,0,0,0,0,0,0
n012w8-0,n012w8,0,5,500000,100.0,adaptive,2026-07-04T12:35:58+01:00,2,2,6,33825,59,0.000000,720,725,720,5,0.6897,LOCAL_BEST,0,777,0,55500,16923,154,4099,-29,12.1981,0.0000,0,0,0,0,0,0
n012w8-0,n012w8,0,5,500000,100.0,adaptive,2026-07-04T12:35:58+01:00,2,1,6,35259,62,37.748874,665,730,665,65,8.9041,LOCAL_BEST,0,777,6461,56323,17198,155,1434,3,453.2775,21666.6667,0,0,0,0,0,0
n012w8-0,n012w8,0,5,500000,100.0,adaptive,2026-07-04T12:35:58+01:00,2,1,6,35268,62,37.739488,650,665,650,15,2.2556,LOCAL_BEST,0,777,6461,56340,17206,156,9,0,16666.6667,0.0000,0,0,0,0,0,0
n012w8-0,n012w8,0,5,500000,100.0,adaptive,2026-07-04T12:35:58+01:00,2,1,6,35271,62,37.736359,600,650,600,50,7.6923,LOCAL_BEST,0,777,6461,56343,17207,157,3,0,166666.6667,0.0000,0,0,0,0,0,0
n012w8-0,n012w8,0,5,500000,100.0,adaptive,2026-07-04T12:35:58+01:00,2,1,6,35294,62,37.712385,585,600,585,15,2.5000,LOCAL_BEST,0,777,6461,56368,17229,158,23,0,6521.7391,0.0000,0,0,0,0,0,0
n012w8-0,n012w8,0,5,500000,100.0,adaptive,2026-07-04T12:35:58+01:00,2,2,6,36715,63,0.000000,660,720,660,60,8.3333,LOCAL_BEST,0,777,0,60273,18987,159,1421,1,422.2379,60000.0000,0,0,0,0,0,0
n012w8-0,n012w8,0,5,500000,100.0,adaptive,2026-07-04T12:35:58+01:00,2,4,6,36990,106,35.985869,700,705,700,5,0.7092,LOCAL_BEST,1,777,6856,59474,18245,160,275,43,181.8182,116.2791,0,0,0,0,0,0
n012w8-0,n012w8,0,5,500000,100.0,adaptive,2026-07-04T12:35:58+01:00,2,4,6,36993,107,35.982887,680,700,680,20,2.8571,LOCAL_BEST,1,777,6856,59474,18247,161,3,1,66666.6667,20000.0000,0,0,0,0,0,0
n012w8-0,n012w8,0,5,500000,100.0,adaptive,2026-07-04T12:35:58+01:00,2,4,6,36995,107,35.980898,650,680,650,30,4.4118,LOCAL_BEST,1,777,6856,59476,18248,162,2,0,150000.0000,0.0000,0,0,0,0,0,0
n012w8-0,n012w8,0,5,500000,100.0,adaptive,2026-07-04T12:35:58+01:00,2,2,6,38522,67,0.000000,600,660,600,60,9.0909,LOCAL_BEST,0,777,0,63099,20266,163,1527,-40,392.9273,0.0000,0,0,0,0,0,0
n012w8-0,n012w8,0,5,500000,100.0,adaptive,2026-07-04T12:35:58+01:00,2,4,6,38681,109,34.343140,645,650,645,5,0.7692,LOCAL_BEST,1,777,7031,62117,19426,164,159,42,314.4654,119.0476,0,0,0,0,0,0
n012w8-0,n012w8,0,5,500000,100.0,adaptive,2026-07-04T12:35:58+01:00,2,4,6,38684,109,34.340293,625,645,625,20,3.1008,LOCAL_BEST,1,777,7031,62121,19428,165,3,0,66666.6667,0.0000,0,0,0,0,0,0
n012w8-0,n012w8,0,5,500000,100.0,adaptive,2026-07-04T12:35:58+01:00,2,4,6,38690,109,34.334601,610,625,610,15,2.4000,LOCAL_BEST,1,777,7031,62130,19433,166,6,0,25000.0000,0.0000,0,0,0,0,0,0
n012w8-0,n012w8,0,5,500000,100.0,adaptive,2026-07-04T12:35:58+01:00,2,4,6,38706,109,34.319425,595,610,595,15,2.4590,LOCAL_BEST,1,777,7031,62155,19444,167,16,0,9375.0000,0.0000,0,0,0,0,0,0
n012w8-0,n012w8,0,5,500000,100.0,adaptive,2026-07-04T12:35:58+01:00,2,5,6,38807,103,0.000000,355,375,355,20,5.3333,LOCAL_BEST,1,777,0,57271,32788,168,101,-6,1980.1980,0.0000,0,0,0,0,0,0
n012w8-0,n012w8,0,5,500000,100.0,adaptive,2026-07-04T12:35:58+01:00,2,4,6,40129,111,32.996206,585,595,585,10,1.6807,LOCAL_BEST,1,777,7160,64168,20465,169,1322,8,75.6430,1250.0000,0,0,0,0,0,0
n012w8-0,n012w8,0,5,500000,100.0,adaptive,2026-07-04T12:35:58+01:00,2,4,6,40130,111,32.995294,540,585,540,45,7.6923,LOCAL_BEST,1,777,7160,64168,20465,170,1,0,450000.0000,0.0000,0,0,0,0,0,0
n012w8-0,n012w8,0,5,500000,100.0,adaptive,2026-07-04T12:35:58+01:00,2,4,6,40861,112,32.335531,525,540,525,15,2.7778,LOCAL_BEST,1,777,7225,65255,20989,171,731,1,205.1984,15000.0000,0,0,0,0,0,0
n012w8-0,n012w8,0,5,500000,100.0,adaptive,2026-07-04T12:35:58+01:00,2,4,6,43097,116,30.398209,495,525,495,30,5.7143,LOCAL_BEST,1,777,7433,68608,22628,172,2236,4,134.1682,7500.0000,0,0,0,0,0,0
n012w8-0,n012w8,0,5,500000,100.0,adaptive,2026-07-04T12:35:58+01:00,2,1,6,43656,76,29.932294,565,585,565,20,3.4188,LOCAL_BEST,0,777,7340,69645,22968,173,559,-40,357.7818,0.0000,0,0,0,0,0,0
n012w8-0,n012w8,0,5,500000,100.0,adaptive,2026-07-04T12:35:58+01:00,2,1,6,43661,76,29.928159,520,565,520,45,7.9646,LOCAL_BEST,0,777,7340,69647,22972,174,5,0,90000.0000,0.0000,0,0,0,0,0,0
n012w8-0,n012w8,0,5,500000,100.0,adaptive,2026-07-04T12:35:58+01:00,2,1,6,43722,76,29.877758,505,520,505,15,2.8846,LOCAL_BEST,0,777,7344,69739,23023,175,61,0,2459.0164,0.0000,0,0,0,0,0,0
n012w8-0,n012w8,0,5,500000,100.0,adaptive,2026-07-04T12:35:58+01:00,2,1,6,43732,76,29.869503,490,505,490,15,2.9703,LOCAL_BEST,0,777,7345,69758,23030,176,10,0,15000.0000,0.0000,0,0,0,0,0,0
n012w8-0,n012w8,0,5,500000,100.0,adaptive,2026-07-04T12:35:58+01:00,2,4,6,44567,118,29.188246,480,495,480,15,3.0303,LOCAL_BEST,1,777,7538,70822,23751,177,835,42,179.6407,357.1429,0,0,0,0,0,0
n012w8-0,n012w8,0,5,500000,100.0,adaptive,2026-07-04T12:35:58+01:00,2,4,6,44586,118,29.172927,450,480,450,30,6.2500,LOCAL_BEST,1,777,7538,70843,23768,178,19,0,15789.4737,0.0000,0,0,0,0,0,0
n012w8-0,n012w8,0,5,500000,100.0,adaptive,2026-07-04T12:35:58+01:00,2,4,6,44599,118,29.162450,420,450,420,30,6.6667,LOCAL_BEST,1,777,7538,70849,23780,179,13,0,23076.9231,0.0000,0,0,0,0,0,0
n012w8-0,n012w8,0,5,500000,100.0,adaptive,2026-07-04T12:35:58+01:00,2,5,6,44621,111,0.000000,345,355,345,10,2.8169,LOCAL_BEST,1,777,0,65724,37844,180,22,-7,4545.4545,0.0000,0,0,0,0,0,0
n012w8-0,n012w8,0,5,500000,100.0,adaptive,2026-07-04T12:35:58+01:00,2,1,6,46026,78,28.034964,485,490,485,5,1.0204,LOCAL_BEST,0,777,7518,73282,24751,181,1405,-33,35.5872,0.0000,0,0,0,0,0,0
n012w8-0,n012w8,0,5,500000,100.0,adaptive,2026-07-04T12:35:58+01:00,2,1,6,47066,80,27.240809,475,485,475,10,2.0619,LOCAL_BEST,0,777,7572,74841,25586,182,1040,2,96.1538,5000.0000,0,0,0,0,0,0
n012w8-0,n012w8,0,5,500000,100.0,adaptive,2026-07-04T12:35:58+01:00,2,2,6,47981,80,0.000000,565,600,565,35,5.8333,LOCAL_BEST,0,777,0,77518,27238,183,915,0,382.5137,0.0000,0,0,0,0,0,0
n012w8-0,n012w8,0,5,500000,100.0,adaptive,2026-07-04T12:35:58+01:00,2,5,6,47992,117,0.000000,330,345,330,15,4.3478,LOCAL_BEST,1,777,0,70736,40815,184,11,37,13636.3636,405.4054,0,0,0,0,0,0
n012w8-0,n012w8,0,5,500000,100.0,adaptive,2026-07-04T12:35:58+01:00,2,2,6,49977,83,0.000000,555,565,555,10,1.7699,LOCAL_BEST,0,777,0,80483,28709,185,1985,-34,50.3778,0.0000,0,0,0,0,0,0
n012w8-0,n012w8,0,5,500000,100.0,adaptive,2026-07-04T12:35:58+01:00,2,2,6,49980,83,0.000000,540,555,540,15,2.7027,LOCAL_BEST,0,777,0,80484,28711,186,3,0,50000.0000,0.0000,0,0,0,0,0,0
n012w8-0,n012w8,0,5,500000,100.0,adaptive,2026-07-04T12:35:58+01:00,2,2,6,50333,84,0.000000,510,540,510,30,5.5556,LOCAL_BEST,0,777,0,81033,28967,187,353,1,849.8584,30000.0000,0,0,0,0,0,0
n012w8-0,n012w8,0,5,500000,100.0,adaptive,2026-07-04T12:35:58+01:00,2,1,6,50540,87,24.747538,440,475,440,35,7.3684,LOCAL_BEST,0,777,7786,79992,28319,188,207,3,1690.8213,11666.6667,0,0,0,0,0,0
n012w8-0,n012w8,0,5,500000,100.0,adaptive,2026-07-04T12:35:58+01:00,2,1,6,51079,87,24.381701,425,440,425,15,3.4091,LOCAL_BEST,0,777,7828,80816,28721,189,539,0,278.2931,0.0000,0,0,0,0,0,0
n012w8-0,n012w8,0,5,500000,100.0,adaptive,2026-07-04T12:35:58+01:00,2,1,6,51100,87,24.367558,410,425,410,15,3.5294,LOCAL_BEST,0,777,7829,80855,28737,190,21,0,7142.8571,0.0000,0,0,0,0,0,0
n012w8-0,n012w8,0,5,500000,100.0,adaptive,2026-07-04T12:35:58+01:00,2,1,6,51196,88,24.303006,395,410,395,15,3.6585,LOCAL_BEST,0,777,7834,81004,28816,191,96,1,1562.5000,15000.0000,0,0,0,0,0,0
n012w8-0,n012w8,0,5,500000,100.0,adaptive,2026-07-04T12:35:58+01:00,2,1,6,51217,88,24.288909,380,395,380,15,3.7975,GLOBAL_BEST,0,777,7834,81027,28834,192,21,0,7142.8571,0.0000,0,0,0,0,0,0
n012w8-0,n012w8,0,5,500000,100.0,adaptive,2026-07-04T12:35:58+01:00,2,2,6,52466,87,0.000000,500,510,500,10,1.9608,LOCAL_BEST,0,777,0,84221,30545,193,1249,-1,80.0641,0.0000,0,0,0,0,0,0
n012w8-0,n012w8,0,5,500000,100.0,adaptive,2026-07-04T12:35:58+01:00,2,4,6,54672,134,22.077404,405,420,405,15,3.5714,LOCAL_BEST,1,777,8215,85539,31604,194,2206,47,67.9964,319.1489,0,0,0,0,0,0
n012w8-0,n012w8,0,5,500000,100.0,adaptive,2026-07-04T12:35:58+01:00,2,4,6,54773,135,22.015877,360,405,360,45,11.1111,LOCAL_BEST,1,777,8218,85702,31692,195,101,1,4455.4455,45000.0000,0,0,0,0,0,0
n012w8-0,n012w8,0,5,500000,100.0,adaptive,2026-07-04T12:35:58+01:00,2,5,6,54854,133,0.000000,300,330,300,30,9.0909,LOCAL_BEST,1,777,0,80640,46831,196,81,-2,3703.7037,0.0000,0,0,0,0,0,0
n012w8-0,n012w8,0,5,500000,100.0,adaptive,2026-07-04T12:35:58+01:00,2,4,6,55515,136,21.569099,345,360,345,15,4.1667,LOCAL_BEST,1,777,8260,86834,32285,197,661,3,226.9289,5000.0000,0,0,0,0,0,0
n012w8-0,n012w8,0,5,500000,100.0,adaptive,2026-07-04T12:35:58+01:00,2,1,6,57862,98,20.214733,365,380,365,15,3.9474,LOCAL_BEST,0,777,8192,90962,34195,198,2347,-38,63.9114,0.0000,0,0,0,0,0,0
n012w8-0,n012w8,0,5,500000,100.0,adaptive,2026-07-04T12:35:58+01:00,2,1,6,57866,98,20.212498,350,365,350,15,4.1096,LOCAL_BEST,0,777,8192,90964,34198,199,4,0,37500.0000,0.0000,0,0,0,0,0,0
n012w8-0,n012w8,0,5,500000,100.0,adaptive,2026-07-04T12:35:58+01:00,2,2,6,58529,97,0.000000,465,500,465,35,7.0000,LOCAL_BEST,0,777,0,93735,35384,200,663,-1,527.9035,0.0000,0,0,0,0,0,0
n012w8-0,n012w8,0,5,500000,100.0,adaptive,2026-07-04T12:35:58+01:00,2,2,6,59322,98,0.000000,460,465,460,5,1.0753,LOCAL_BEST,0,777,0,94926,36054,201,793,1,63.0517,5000.0000,0,0,0,0,0,0
n012w8-0,n012w8,0,5,500000,100.0,adaptive,2026-07-04T12:35:58+01:00,2,2,6,59323,98,0.000000,445,460,445,15,3.2609,LOCAL_BEST,0,777,0,94926,36054,202,1,0,150000.0000,0.0000,0,0,0,0,0,0
n012w8-0,n012w8,0,5,500000,100.0,adaptive,2026-07-04T12:35:58+01:00,2,2,6,62583,102,0.000000,435,445,435,10,2.2472,LOCAL_BEST,0,777,0,99887,38730,203,3260,4,30.6748,2500.0000,0,0,0,0,0,0
n012w8-0,n012w8,0,5,500000,100.0,adaptive,2026-07-04T12:35:58+01:00,2,5,6,63153,152,0.000000,285,300,285,15,5.0000,LOCAL_BEST,1,777,0,92316,54218,204,570,50,263.1579,300.0000,0,0,0,0,0,0
n012w8-0,n012w8,0,5,500000,100.0,adaptive,2026-07-04T12:35:58+01:00,2,1,6,63559,107,17.270464,335,350,335,15,4.2857,LOCAL_BEST,0,777,8444,99220,38923,205,406,-45,369.4581,0.0000,0,0,0,0,0,0
n012w8-0,n012w8,0,5,500000,100.0,adaptive,2026-07-04T12:35:58+01:00,2,1,6,63613,107,17.244714,325,335,325,10,2.9851,LOCAL_BEST,0,777,8444,99307,38975,206,54,0,1851.8519,0.0000,0,0,0,0,0,0
n012w8-0,n012w8,0,5,500000,100.0,adaptive,2026-07-04T12:35:58+01:00,2,2,6,64563,106,0.000000,415,435,415,20,4.5977,LOCAL_BEST,0,777,0,102828,40369,207,950,-1,210.5263,0.0000,0,0,0,0,0,0
n012w8-0,n012w8,0,5,500000,100.0,adaptive,2026-07-04T12:35:58+01:00,2,2,6,64591,106,0.000000,400,415,400,15,3.6145,LOCAL_BEST,0,777,0,102883,40393,208,28,0,5357.1429,0.0000,0,0,0,0,0,0
n012w8-0,n012w8,0,5,500000,100.0,adaptive,2026-07-04T12:35:58+01:00,2,2,6,67775,111,0.000000,380,400,380,20,5.0000,LOCAL_BEST,0,777,0,107802,43067,209,3184,5,62.8141,4000.0000,0,0,0,0,0,0
n012w8-0,n012w8,0,5,500000,100.0,adaptive,2026-07-04T12:35:58+01:00,2,5,6,69379,162,0.000000,270,285,270,15,5.2632,LOCAL_BEST,1,777,0,101716,59724,210,1604,51,93.5162,294.1176,0,0,0,0,0,0
n012w8-0,n012w8,0,5,500000,100.0,adaptive,2026-07-04T12:35:58+01:00,2,1,6,69781,116,14.542531,320,325,320,5,1.5385,LOCAL_BEST,0,777,8619,108072,44359,211,402,-46,124.3781,0.0000,0,0,0,0,0,0
n012w8-0,n012w8,0,5,500000,100.0,adaptive,2026-07-04T12:35:58+01:00,2,5,6,70609,164,0.000000,255,270,255,15,5.5556,LOCAL_BEST,1,777,0,103490,60821,212,828,48,181.1594,312.5000,0,0,0,0,0,0
n012w8-0,n012w8,0,5,500000,100.0,adaptive,2026-07-04T12:35:58+01:00,2,7,6,71826,211,13.743584,360,375,360,15,4.0000,LOCAL_BEST,2,777,8921,112235,46080,213,1217,47,123.2539,319.1489,0,0,0,0,0,0
n012w8-0,n012w8,0,5,500000,100.0,adaptive,2026-07-04T12:35:58+01:00,2,5,6,72110,166,0.000000,240,255,240,15,5.8824,LOCAL_BEST,1,777,0,105694,62166,214,284,-45,528.1690,0.0000,0,0,0,0,0,0
n012w8-0,n012w8,0,5,500000,100.0,adaptive,2026-07-04T12:35:58+01:00,2,7,6,73525,214,13.113300,345,360,345,15,4.1667,LOCAL_BEST,2,777,8950,114895,47621,215,1415,48,106.0071,312.5000,0,0,0,0,0,0
n012w8-0,n012w8,0,5,500000,100.0,adaptive,2026-07-04T12:35:58+01:00,2,1,6,73845,121,12.997864,305,320,305,15,4.6875,LOCAL_BEST,0,777,8713,113987,47886,216,320,-93,468.7500,0.0000,0,0,0,0,0,0
n012w8-0,n012w8,0,5,500000,100.0,adaptive,2026-07-04T12:35:58+01:00,2,1,6,73886,122,12.983148,290,305,290,15,4.9180,LOCAL_BEST,0,777,8714,114029,47924,217,41,1,3658.5366,15000.0000,0,0,0,0,0,0
n012w8-0,n012w8,0,5,500000,100.0,adaptive,2026-07-04T12:35:58+01:00,2,1,6,74305,122,12.833703,275,290,275,15,5.1724,LOCAL_BEST,0,777,8725,114586,48301,218,419,0,357.9952,0.0000,0,0,0,0,0,0
n012w8-0,n012w8,0,5,500000,100.0,adaptive,2026-07-04T12:35:58+01:00,2,7,6,77874,225,11.628508,320,345,320,25,7.2464,LOCAL_BEST,2,777,9026,121276,51473,219,3569,103,70.0476,242.7184,0,0,0,0,0,0
n012w8-0,n012w8,0,5,500000,100.0,adaptive,2026-07-04T12:35:58+01:00,2,1,6,78863,130,11.315038,260,275,260,15,5.4545,GLOBAL_BEST,0,777,8801,120809,52427,220,989,-95,151.6684,0.0000,0,0,0,0,0,0
n012w8-0,n012w8,0,5,500000,100.0,adaptive,2026-07-04T12:35:58+01:00,2,1,6,82090,135,10.349801,245,260,245,15,5.7692,LOCAL_BEST,0,777,8848,125431,55360,221,3227,5,46.4828,3000.0000,0,0,0,0,0,0
n012w8-0,n012w8,0,5,500000,100.0,adaptive,2026-07-04T12:35:58+01:00,2,2,6,82913,135,0.000000,360,380,360,20,5.2632,LOCAL_BEST,0,777,0,130324,56049,222,823,0,243.0134,0.0000,0,0,0,0,0,0
n012w8-0,n012w8,0,5,500000,100.0,adaptive,2026-07-04T12:35:58+01:00,2,7,6,84063,236,9.800675,315,320,315,5,1.5625,LOCAL_BEST,2,777,9131,130569,57026,223,1150,101,43.4783,49.5050,0,0,0,0,0,0
n012w8-0,n012w8,0,5,500000,100.0,adaptive,2026-07-04T12:35:58+01:00,2,7,6,84594,237,9.657929,305,315,305,10,3.1746,LOCAL_BEST,2,777,9132,131406,57525,224,531,1,188.3239,10000.0000,0,0,0,0,0,0
n012w8-0,n012w8,0,5,500000,100.0,adaptive,2026-07-04T12:35:58+01:00,2,1,6,90800,147,8.136020,230,245,230,15,6.1224,LOCAL_BEST,0,777,8946,137641,63370,225,6206,-90,24.1702,0.0000,0,0,0,0,0,0
n012w8-0,n012w8,0,5,500000,100.0,adaptive,2026-07-04T12:35:58+01:00,2,2,6,91080,153,0.000000,345,360,345,15,4.1667,LOCAL_BEST,0,777,0,142344,63192,226,280,6,535.7143,2500.0000,0,0,0,0,0,0
n012w8-0,n012w8,0,5,500000,100.0,adaptive,2026-07-04T12:35:58+01:00,2,2,6,94061,161,0.000000,330,345,330,15,4.3478,LOCAL_BEST,0,777,0,146678,65789,227,2981,8,50.3187,1875.0000,0,0,0,0,0,0
n012w8-0,n012w8,0,5,500000,100.0,adaptive,2026-07-04T12:35:58+01:00,2,2,6,94220,161,0.000000,315,330,315,15,4.5455,LOCAL_BEST,0,777,0,146926,65921,228,159,0,943.3962,0.0000,0,0,0,0,0,0
n012w8-0,n012w8,0,5,500000,100.0,adaptive,2026-07-04T12:35:58+01:00,2,2,6,95229,163,0.000000,300,315,300,15,4.7619,LOCAL_BEST,0,777,0,148422,66771,229,1009,2,148.6620,7500.0000,0,0,0,0,0,0
n012w8-0,n012w8,0,5,500000,100.0,adaptive,2026-07-04T12:35:58+01:00,2,7,6,95512,252,7.142792,300,305,300,5,1.6393,LOCAL_BEST,2,777,9234,148061,67721,230,283,89,176.6784,56.1798,0,0,0,0,0,0
n012w8-0,n012w8,0,5,500000,100.0,adaptive,2026-07-04T12:35:58+01:00,2,2,6,96122,165,0.000000,290,300,290,10,3.3333,LOCAL_BEST,0,777,0,149698,67545,231,610,-87,163.9344,0.0000,0,0,0,0,0,0
n012w8-0,n012w8,0,5,500000,100.0,adaptive,2026-07-04T12:35:58+01:00,2,2,6,101078,176,0.000000,285,290,285,5,1.7241,LOCAL_BEST,0,777,0,156949,71926,232,4956,11,10.0888,454.5455,0,0,0,0,0,0
n012w8-0,n012w8,0,5,500000,100.0,adaptive,2026-07-04T12:35:58+01:00,2,2,6,126213,226,0.000000,275,285,275,10,3.5088,LOCAL_BEST,0,777,0,193386,94834,233,25135,50,3.9785,200.0000,0,0,0,0,0,0
n012w8-0,n012w8,0,5,500000,100.0,adaptive,2026-07-04T12:35:58+01:00,2,2,6,135476,243,0.000000,270,275,270,5,1.8182,LOCAL_BEST,0,777,0,206550,103307,234,9263,17,5.3978,294.1176,0,0,0,0,0,0
n012w8-0,n012w8,0,5,500000,100.0,adaptive,2026-07-04T12:35:58+01:00,2,1,6,140800,229,2.043619,230,230,230,0,0.0000,REHEAT,0,777,9000,205274,111121,235,5324,-14,0.0000,0.0000,0,0,0,0,0,0
n012w8-0,n012w8,0,5,500000,100.0,adaptive,2026-07-04T12:35:58+01:00,2,2,6,143218,253,0.000000,255,270,255,15,5.5556,LOCAL_BEST,0,777,0,217959,110374,236,2418,24,62.0347,625.0000,0,0,0,0,0,0
n012w8-0,n012w8,0,5,500000,100.0,adaptive,2026-07-04T12:35:58+01:00,2,3,6,187411,361,0.000000,1095,1125,1095,30,2.6667,LOCAL_BEST,0,777,71442,328717,7375,237,44193,108,6.7884,277.7778,0,0,0,0,0,0
n012w8-0,n012w8,0,5,500000,100.0,adaptive,2026-07-04T12:35:58+01:00,2,1,6,190800,325,25.118864,845,230,230,0,0.0000,REHEAT,0,777,17005,285443,138760,238,3389,-36,0.0000,0.0000,0,0,0,0,0,0
n012w8-0,n012w8,0,5,500000,100.0,adaptive,2026-07-04T12:35:58+01:00,2,1,6,240800,403,25.118864,560,230,230,0,0.0000,REHEAT,0,777,24792,365550,166858,239,50000,78,0.0000,0.0000,0,0,0,0,0,0
n012w8-0,n012w8,0,5,500000,100.0,adaptive,2026-07-04T12:35:58+01:00,2,1,6,290800,495,25.118864,640,230,230,0,0.0000,REHEAT,0,777,32903,444057,194024,240,50000,92,0.0000,0.0000,0,0,0,0,0,0
n012w8-0,n012w8,0,5,500000,100.0,adaptive,2026-07-04T12:35:58+01:00,2,1,6,340800,601,25.118864,565,230,230,0,0.0000,REHEAT,0,777,40839,523681,221661,241,50000,106,0.0000,0.0000,0,0,0,0,0,0
n012w8-0,n012w8,0,5,500000,100.0,adaptive,2026-07-04T12:35:58+01:00,2,1,6,390800,700,25.118864,695,230,230,0,0.0000,REHEAT,0,777,48747,603158,249494,242,50000,99,0.0000,0.0000,0,0,0,0,0,0
n012w8-0,n012w8,0,5,500000,100.0,adaptive,2026-07-04T12:35:58+01:00,2,1,6,440800,803,25.118864,735,230,230,0,0.0000,REHEAT,0,777,56669,682526,277031,243,50000,103,0.0000,0.0000,0,0,0,0,0,0
n012w8-0,n012w8,0,5,500000,100.0,adaptive,2026-07-04T12:35:58+01:00,2,1,6,490800,895,25.118864,665,230,230,0,0.0000,REHEAT,0,777,64561,761748,304749,244,50000,92,0.0000,0.0000,0,0,0,0,0,0
n012w8-0,n012w8,0,5,500000,100.0,adaptive,2026-07-04T12:35:58+01:00,3,3,24,1,2,0.000000,4220,4430,4220,210,4.7404,LOCAL_BEST,0,777,0,6,0,1,1,2,2100000.0000,105000.0000,0,0,0,0,0,0
n012w8-0,n012w8,0,5,500000,100.0,adaptive,2026-07-04T12:35:58+01:00,3,1,24,2,1,99.997237,4340,4430,4340,90,2.0316,GLOBAL_BEST,0,777,0,8,0,2,1,-1,900000.0000,0.0000,0,0,0,0,0,0
n012w8-0,n012w8,0,5,500000,100.0,adaptive,2026-07-04T12:35:58+01:00,3,2,24,2,1,0.000000,4265,4430,4265,165,3.7246,LOCAL_BEST,0,777,0,5,0,3,0,0,0.0000,0.0000,0,0,0,0,0,0
n012w8-0,n012w8,0,5,500000,100.0,adaptive,2026-07-04T12:35:58+01:00,3,2,24,3,1,0.000000,4055,4265,4055,210,4.9238,GLOBAL_BEST,0,777,0,9,0,4,1,0,2100000.0000,0.0000,0,0,0,0,0,0
n012w8-0,n012w8,0,5,500000,100.0,adaptive,2026-07-04T12:35:58+01:00,3,3,24,3,2,0.000000,4040,4220,4040,180,4.2654,LOCAL_BEST,0,777,0,11,0,5,0,1,0.0000,180000.0000,0,0,0,0,0,0
n012w8-0,n012w8,0,5,500000,100.0,adaptive,2026-07-04T12:35:58+01:00,3,1,24,4,1,99.991711,4325,4340,4325,15,0.3456,GLOBAL_BEST,0,777,0,11,0,6,1,-1,150000.0000,0.0000,0,0,0,0,0,0
n012w8-0,n012w8,0,5,500000,100.0,adaptive,2026-07-04T12:35:58+01:00,3,2,24,4,1,0.000000,4025,4055,4025,30,0.7398,LOCAL_BEST,0,777,0,11,0,7,0,0,0.0000,0.0000,0,0,0,0,0,0
n012w8-0,n012w8,0,5,500000,100.0,adaptive,2026-07-04T12:35:58+01:00,3,3,24,4,2,0.000000,3995,4040,3995,45,1.1139,LOCAL_BEST,0,777,0,16,0,8,0,1,0.0000,45000.0000,0,0,0,0,0,0
n012w8-0,n012w8,0,5,500000,100.0,adaptive,2026-07-04T12:35:58+01:00,3,2,24,5,1,0.000000,3845,4025,3845,180,4.4720,LOCAL_BEST,0,777,0,13,0,9,1,-1,1800000.0000,0.0000,0,0,0,0,0,0
n012w8-0,n012w8,0,5,500000,100.0,adaptive,2026-07-04T12:35:58+01:00,3,3,24,5,2,0.000000,3860,3995,3860,135,3.3792,LOCAL_BEST,0,777,0,18,0,10,0,1,0.0000,135000.0000,0,0,0,0,0,0
n012w8-0,n012w8,0,5,500000,100.0,adaptive,2026-07-04T12:35:58+01:00,3,1,24,6,1,99.986185,4205,4325,4205,120,2.7746,GLOBAL_BEST,0,777,0,14,0,11,1,-1,1200000.0000,0.0000,0,0,0,0,0,0
n012w8-0,n012w8,0,5,500000,100.0,adaptive,2026-07-04T12:35:58+01:00,3,3,24,6,2,0.000000,3845,3860,3845,15,0.3886,LOCAL_BEST,0,777,0,19,0,12,0,1,0.0000,15000.0000,0,0,0,0,0,0
n012w8-0,n012w8,0,5,500000,100.0,adaptive,2026-07-04T12:35:58+01:00,3,3,24,7,2,0.000000,3575,3845,3575,270,7.0221,LOCAL_BEST,0,777,0,19,0,13,1,0,2700000.0000,0.0000,0,0,0,0,0,0
n012w8-0,n012w8,0,5,500000,100.0,adaptive,2026-07-04T12:35:58+01:00,3,3,24,8,2,0.000000,3275,3575,3275,300,8.3916,LOCAL_BEST,0,777,0,20,0,14,1,0,3000000.0000,0.0000,0,0,0,0,0,0
n012w8-0,n012w8,0,5,500000,100.0,adaptive,2026-07-04T12:35:58+01:00,3,5,24,8,59,0.000000,800,830,800,30,3.6145,LOCAL_BEST,1,777,0,21,7,15,0,57,0.0000,526.3158,0,0,0,0,0,0
n012w8-0,n012w8,0,5,500000,100.0,adaptive,2026-07-04T12:35:58+01:00,3,2,24,9,1,0.000000,3470,3845,3470,375,9.7529,GLOBAL_BEST,0,777,0,27,0,16,1,-58,3750000.0000,0.0000,0,0,0,0,0,0
n012w8-0,n012w8,0,5,500000,100.0,adaptive,2026-07-04T12:35:58+01:00,3,1,24,10,1,99.975135,4085,4205,4085,120,2.8537,GLOBAL_BEST,0,777,0,24,0,17,1,0,1200000.0000,0.0000,0,0,0,0,0,0
n012w8-0,n012w8,0,5,500000,100.0,adaptive,2026-07-04T12:35:58+01:00,3,2,24,10,1,0.000000,3350,3470,3350,120,3.4582,LOCAL_BEST,0,777,0,27,0,18,0,0,0.0000,0.0000,0,0,0,0,0,0
n012w8-0,n012w8,0,5,500000,100.0,adaptive,2026-07-04T12:35:58+01:00,3,3,24,10,2,0.000000,3095,3275,3095,180,5.4962,LOCAL_BEST,0,777,0,24,0,19,0,1,0.0000,180000.0000,0,0,0,0,0,0
n012w8-0,n012w8,0,5,500000,100.0,adaptive,2026-07-04T12:35:58+01:00,3,8,24,10,108,0.000000,565,580,565,15,2.5862,GLOBAL_BEST,3,777,0,17,9,20,0,106,0.0000,141.5094,0,0,0,0,0,0
n012w8-0,n012w8,0,5,500000,100.0,adaptive,2026-07-04T12:35:58+01:00,3,3,24,11,2,0.000000,2915,3095,2915,180,5.8158,LOCAL_BEST,0,777,0,26,0,21,1,-106,1800000.0000,0.0000,0,0,0,0,0,0
n012w8-0,n012w8,0,5,500000,100.0,adaptive,2026-07-04T12:35:58+01:00,3,1,24,12,1,99.969610,3890,4085,3890,195,4.7736,GLOBAL_BEST,0,777,0,24,1,22,1,-1,1950000.0000,0.0000,0,0,0,0,0,0
n012w8-0,n012w8,0,5,500000,100.0,adaptive,2026-07-04T12:35:58+01:00,3,1,24,13,1,99.966848,3690,3890,3690,200,5.1414,GLOBAL_BEST,0,777,0,24,1,23,1,0,2000000.0000,0.0000,0,0,0,0,0,0
n012w8-0,n012w8,0,5,500000,100.0,adaptive,2026-07-04T12:35:58+01:00,3,1,24,14,1,99.964086,3540,3690,3540,150,4.0650,GLOBAL_BEST,0,777,0,42,1,24,1,0,1500000.0000,0.0000,0,0,0,0,0,0
n012w8-0,n012w8,0,5,500000,100.0,adaptive,2026-07-04T12:35:58+01:00,3,1,24,15,1,99.961324,3495,3540,3495,45,1.2712,GLOBAL_BEST,0,777,0,42,1,25,1,0,450000.0000,0.0000,0,0,0,0,0,0
n012w8-0,n012w8,0,5,500000,100.0,adaptive,2026-07-04T12:35:58+01:00,3,1,24,17,1,99.955800,3435,3495,3435,60,1.7167,GLOBAL_BEST,0,777,0,44,1,26,2,0,300000.0000,0.0000,0,0,0,0,0,0
n012w8-0,n012w8,0,5,500000,100.0,adaptive,2026-07-04T12:35:58+01:00,3,1,24,18,1,99.953038,3315,3435,3315,120,3.4934,GLOBAL_BEST,0,777,0,44,1,27,1,0,1200000.0000,0.0000,0,0,0,0,0,0
n012w8-0,n012w8,0,5,500000,100.0,adaptive,2026-07-04T12:35:58+01:00,3,1,24,19,1,99.950277,3285,3315,3285,30,0.9050,GLOBAL_BEST,0,777,0,46,1,28,1,0,300000.0000,0.0000,0,0,0,0,0,0
n012w8-0,n012w8,0,5,500000,100.0,adaptive,2026-07-04T12:35:58+01:00,3,2,24,21,1,0.000000,3275,3350,3275,75,2.2388,LOCAL_BEST,0,777,0,50,0,29,2,0,375000.0000,0.0000,0,0,0,0,0,0
n012w8-0,n012w8,0,5,500000,100.0,adaptive,2026-07-04T12:35:58+01:00,3,1,24,24,1,99.936469,3270,3285,3270,15,0.4566,GLOBAL_BEST,0,777,0,52,4,30,3,0,50000.0000,0.0000,0,0,0,0,0,0
n012w8-0,n012w8,0,5,500000,100.0,adaptive,2026-07-04T12:35:58+01:00,3,2,24,24,1,0.000000,3155,3275,3155,120,3.6641,GLOBAL_BEST,0,777,0,57,0,31,0,0,0.0000,0.0000,0,0,0,0,0,0
n012w8-0,n012w8,0,5,500000,100.0,adaptive,2026-07-04T12:35:58+01:00,3,3,24,25,2,0.000000,2910,2915,2910,5,0.1715,LOCAL_BEST,0,777,3,51,0,32,1,1,50000.0000,5000.0000,0,0,0,0,0,0
n012w8-0,n012w8,0,5,500000,100.0,adaptive,2026-07-04T12:35:58+01:00,3,3,24,26,2,0.000000,2880,2910,2880,30,1.0309,LOCAL_BEST,0,777,3,51,0,33,1,0,300000.0000,0.0000,0,0,0,0,0,0
n012w8-0,n012w8,0,5,500000,100.0,adaptive,2026-07-04T12:35:58+01:00,3,1,24,27,1,99.928185,3240,3270,3240,30,0.9174,GLOBAL_BEST,0,777,0,55,5,34,1,-1,300000.0000,0.0000,0,0,0,0,0,0
n012w8-0,n012w8,0,5,500000,100.0,adaptive,2026-07-04T12:35:58+01:00,3,3,24,27,2,0.000000,2805,2880,2805,75,2.6042,LOCAL_BEST,0,777,3,51,0,35,0,1,0.0000,75000.0000,0,0,0,0,0,0
n012w8-0,n012w8,0,5,500000,100.0,adaptive,2026-07-04T12:35:58+01:00,3,3,24,28,2,0.000000,2685,2805,2685,120,4.2781,LOCAL_BEST,0,777,3,52,0,36,1,0,1200000.0000,0.0000,0,0,0,0,0,0
n012w8-0,n012w8,0,5,500000,100.0,adaptive,2026-07-04T12:35:58+01:00,3,1,24,36,1,99.903338,3225,3240,3225,15,0.4630,LOCAL_BEST,0,777,1,72,5,37,8,-1,18750.0000,0.0000,0,0,0,0,0,0
n012w8-0,n012w8,0,5,500000,100.0,adaptive,2026-07-04T12:35:58+01:00,3,1,24,39,1,99.895057,3180,3225,3180,45,1.3953,LOCAL_BEST,0,777,2,88,5,38,3,0,150000.0000,0.0000,0,0,0,0,0,0
n012w8-0,n012w8,0,5,500000,100.0,adaptive,2026-07-04T12:35:58+01:00,3,1,24,40,1,99.892297,3165,3180,3165,15,0.4717,LOCAL_BEST,0,777,2,88,5,39,1,0,150000.0000,0.0000,0,0,0,0,0,0
n012w8-0,n012w8,0,5,500000,100.0,adaptive,2026-07-04T12:35:58+01:00,3,2,24,40,1,0.000000,2920,3155,2920,235,7.4485,GLOBAL_BEST,0,777,0,85,0,40,0,0,0.0000,0.0000,0,0,0,0,0,0
n012w8-0,n012w8,0,5,500000,100.0,adaptive,2026-07-04T12:35:58+01:00,3,2,24,42,1,0.000000,2905,2920,2905,15,0.5137,GLOBAL_BEST,0,777,0,91,0,41,2,0,75000.0000,0.0000,0,0,0,0,0,0
n012w8-0,n012w8,0,5,500000,100.0,adaptive,2026-07-04T12:35:58+01:00,3,3,24,43,2,0.000000,2670,2685,2670,15,0.5587,LOCAL_BEST,0,777,9,75,0,42,1,1,150000.0000,15000.0000,0,0,0,0,0,0
n012w8-0,n012w8,0,5,500000,100.0,adaptive,2026-07-04T12:35:58+01:00,3,1,24,44,1,99.881257,3120,3165,3120,45,1.4218,GLOBAL_BEST,0,777,3,94,7,43,1,-1,450000.0000,0.0000,0,0,0,0,0,0
n012w8-0,n012w8,0,5,500000,100.0,adaptive,2026-07-04T12:35:58+01:00,3,2,24,45,1,0.000000,2830,2905,2830,75,2.5818,GLOBAL_BEST,0,777,0,97,0,44,1,0,750000.0000,0.0000,0,0,0,0,0,0
n012w8-0,n012w8,0,5,500000,100.0,adaptive,2026-07-04T12:35:58+01:00,3,1,24,46,1,99.875738,3110,3120,3110,10,0.3205,LOCAL_BEST,0,777,3,94,7,45,1,0,100000.0000,0.0000,0,0,0,0,0,0
n012w8-0,n012w8,0,5,500000,100.0,adaptive,2026-07-04T12:35:58+01:00,3,2,24,47,1,0.000000,2650,2830,2650,180,6.3604,GLOBAL_BEST,0,777,0,100,0,46,1,0,1800000.0000,0.0000,0,0,0,0,0,0
n012w8-0,n012w8,0,5,500000,100.0,adaptive,2026-07-04T12:35:58+01:00,3,1,24,52,1,99.859181,3050,3110,3050,60,1.9293,LOCAL_BEST,0,777,4,101,7,47,5,0,120000.0000,0.0000,0,0,0,0,0,0
n012w8-0,n012w8,0,5,500000,100.0,adaptive,2026-07-04T12:35:58+01:00,3,3,24,53,2,0.000000,2575,2670,2575,95,3.5581,LOCAL_BEST,0,777,11,92,0,48,1,1,950000.0000,95000.0000,0,0,0,0,0,0
n012w8-0,n012w8,0,5,500000,100.0,adaptive,2026-07-04T12:35:58+01:00,3,1,24,54,1,99.853663,3020,3050,3020,30,0.9836,LOCAL_BEST,0,777,4,102,8,49,1,-1,300000.0000,0.0000,0,0,0,0,0,0
n012w8-0,n012w8,0,5,500000,100.0,adaptive,2026-07-04T12:35:58+01:00,3,3,24,54,2,0.000000,2560,2575,2560,15,0.5825,LOCAL_BEST,0,777,11,92,0,50,0,1,0.0000,15000.0000,0,0,0,0,0,0
n012w8-0,n012w8,0,5,500000,100.0,adaptive,2026-07-04T12:35:58+01:00,3,1,24,56,1,99.848145,2930,3020,2930,90,2.9801,LOCAL_BEST,0,777,4,104,9,51,2,-1,450000.0000,0.0000,0,0,0,0,0,0
n012w8-0,n012w8,0,5,500000,100.0,adaptive,2026-07-04T12:35:58+01:00,3,1,24,59,1,99.839868,2870,2930,2870,60,2.0478,LOCAL_BEST,0,777,4,107,10,52,3,0,200000.0000,0.0000,0,0,0,0,0,0
n012w8-0,n012w8,0,5,500000,100.0,adaptive,2026-07-04T12:35:58+01:00,3,1,24,60,1,99.837110,2855,2870,2855,15,0.5226,LOCAL_BEST,0,777,4,107,10,53,1,0,150000.0000,0.0000,0,0,0,0,0,0
n012w8-0,n012w8,0,5,500000,100.0,adaptive,2026-07-04T12:35:58+01:00,3,3,24,60,2,0.000000,2470,2560,2470,90,3.5156,LOCAL_BEST,0,777,12,101,0,54,0,1,0.0000,90000.0000,0,0,0,0,0,0
n012w8-0,n012w8,0,5,500000,100.0,adaptive,2026-07-04T12:35:58+01:00,3,3,24,62,2,0.000000,2370,2470,2370,100,4.0486,LOCAL_BEST,0,777,13,104,0,55,2,0,500000.0000,0.0000,0,0,0,0,0,0
n012w8-0,n012w8,0,5,500000,100.0,adaptive,2026-07-04T12:35:58+01:00,3,1,24,63,1,99.828834,2825,2855,2825,30,1.0508,LOCAL_BEST,0,777,4,111,11,56,1,-1,300000.0000,0.0000,0,0,0,0,0,0
n012w8-0,n012w8,0,5,500000,100.0,adaptive,2026-07-04T12:35:58+01:00,3,1,24,67,1,99.817801,2570,2825,2570,255,9.0265,GLOBAL_BEST,0,777,4,127,12,57,4,0,637500.0000,0.0000,0,0,0,0,0,0
n012w8-0,n012w8,0,5,500000,100.0,adaptive,2026-07-04T12:35:58+01:00,3,1,24,72,1,99.804012,2420,2570,2420,150,5.8366,GLOBAL_BEST,0,777,4,134,14,58,5,0,300000.0000,0.0000,0,0,0,0,0,0
n012w8-0,n012w8,0,5,500000,100.0,adaptive,2026-07-04T12:35:58+01:00,3,8,24,82,108,0.000000,520,565,520,45,7.9646,GLOBAL_BEST,3,777,0,105,76,59,10,107,45000.0000,420.5607,0,0,0,0,0,0
n012w8-0,n012w8,0,5,500000,100.0,adaptive,2026-07-04T12:35:58+01:00,3,2,24,83,1,0.000000,2570,2650,2570,80,3.0189,LOCAL_BEST,0,777,0,161,0,60,1,-107,800000.0000,0.0000,0,0,0,0,0,0
n012w8-0,n012w8,0,5,500000,100.0,adaptive,2026-07-04T12:35:58+01:00,3,1,24,90,1,99.754386,2400,2420,2400,20,0.8264,GLOBAL_BEST,0,777,12,158,16,61,7,0,28571.4286,0.0000,0,0,0,0,0,0
n012w8-0,n012w8,0,5,500000,100.0,adaptive,2026-07-04T12:35:58+01:00,3,1,24,94,1,99.743361,2375,2400,2375,25,1.0417,GLOBAL_BEST,0,777,13,166,17,62,4,0,62500.0000,0.0000,0,0,0,0,0,0
n012w8-0,n012w8,0,5,500000,100.0,adaptive,2026-07-04T12:35:58+01:00,3,5,24,101,59,0.000000,785,800,785,15,1.8750,LOCAL_BEST,1,777,0,164,83,63,7,58,21428.5714,258.6207,0,0,0,0,0,0
n012w8-0,n012w8,0,5,500000,100.0,adaptive,2026-07-04T12:35:58+01:00,3,1,24,104,1,99.715805,2360,2375,2360,15,0.6316,GLOBAL_BEST,0,777,14,180,21,64,3,-58,50000.0000,0.0000,0,0,0,0,0,0
n012w8-0,n012w8,0,5,500000,100.0,adaptive,2026-07-04T12:35:58+01:00,3,1,24,106,1,99.710295,2240,2360,2240,120,5.0847,GLOBAL_BEST,0,777,14,182,21,65,2,0,600000.0000,0.0000,0,0,0,0,0,0
n012w8-0,n012w8,0,5,500000,100.0,adaptive,2026-07-04T12:35:58+01:00,3,1,24,107,1,99.707540,2180,2240,2180,60,2.6786,GLOBAL_BEST,0,777,14,185,21,66,1,0,600000.0000,0.0000,0,0,0,0,0,0
n012w8-0,n012w8,0,5,500000,100.0,adaptive,2026-07-04T12:35:58+01:00,3,2,24,111,2,0.000000,2525,2570,2525,45,1.7510,LOCAL_BEST,0,777,0,210,0,67,4,1,112500.0000,45000.0000,0,0,0,0,0,0
n012w8-0,n012w8,0,5,500000,100.0,adaptive,2026-07-04T12:35:58+01:00,3,2,24,112,2,0.000000,2495,2525,2495,30,1.1881,LOCAL_BEST,0,777,0,210,0,68,1,0,300000.0000,0.0000,0,0,0,0,0,0
n012w8-0,n012w8,0,5,500000,100.0,adaptive,2026-07-04T12:35:58+01:00,3,1,24,115,2,99.685502,2030,2180,2030,150,6.8807,GLOBAL_BEST,0,777,16,201,24,69,3,0,500000.0000,0.0000,0,0,0,0,0,0
n012w8-0,n012w8,0,5,500000,100.0,adaptive,2026-07-04T12:35:58+01:00,3,2,24,118,2,0.000000,2445,2495,2445,50,2.0040,LOCAL_BEST,0,777,0,232,0,70,3,0,166666.6667,0.0000,0,0,0,0,0,0
n012w8-0,n012w8,0,5,500000,100.0,adaptive,2026-07-04T12:35:58+01:00,3,1,24,120,2,99.671731,1970,2030,1970,60,2.9557,GLOBAL_BEST,0,777,16,216,26,71,2,0,300000.0000,0.0000,0,0,0,0,0,0
n012w8-0,n012w8,0,5,500000,100.0,adaptive,2026-07-04T12:35:58+01:00,3,1,24,122,2,99.666223,1760,1970,1760,210,10.6599,GLOBAL_BEST,0,777,16,220,27,72,2,0,1050000.0000,0.0000,0,0,0,0,0,0
n012w8-0,n012w8,0,5,500000,100.0,adaptive,2026-07-04T12:35:58+01:00,3,2,24,122,2,0.000000,2415,2445,2415,30,1.2270,LOCAL_BEST,0,777,0,235,0,73,0,0,0.0000,0.0000,0,0,0,0,0,0
n012w8-0,n012w8,0,5,500000,100.0,adaptive,2026-07-04T12:35:58+01:00,3,2,24,128,2,0.000000,2380,2415,2380,35,1.4493,LOCAL_BEST,0,777,0,257,0,74,6,0,58333.3333,0.0000,0,0,0,0,0,0
n012w8-0,n012w8,0,5,500000,100.0,adaptive,2026-07-04T12:35:58+01:00,3,3,24,131,2,0.000000,2345,2370,2345,25,1.0549,LOCAL_BEST,0,777,44,243,3,75,3,0,83333.3333,0.0000,0,0,0,0,0,0
n012w8-0,n012w8,0,5,500000,100.0,adaptive,2026-07-04T12:35:58+01:00,3,3,24,132,2,0.000000,2335,2345,2335,10,0.4264,LOCAL_BEST,0,777,44,243,3,76,1,0,100000.0000,0.0000,0,0,0,0,0,0
n012w8-0,n012w8,0,5,500000,100.0,adaptive,2026-07-04T12:35:58+01:00,3,3,24,133,2,0.000000,2320,2335,2320,15,0.6424,LOCAL_BEST,0,777,44,245,3,77,1,0,150000.0000,0.0000,0,0,0,0,0,0
n012w8-0,n012w8,0,5,500000,100.0,adaptive,2026-07-04T12:35:58+01:00,3,5,24,161,59,0.000000,770,785,770,15,1.9108,GLOBAL_BEST,1,777,0,271,133,78,28,57,5357.1429,263.1579,0,0,0,0,0,0
n012w8-0,n012w8,0,5,500000,100.0,adaptive,2026-07-04T12:35:58+01:00,3,3,24,176,2,0.000000,2180,2320,2180,140,6.0345,LOCAL_BEST,0,777,61,310,4,79,15,-57,93333.3333,0.0000,0,0,0,0,0,0
n012w8-0,n012w8,0,5,500000,100.0,adaptive,2026-07-04T12:35:58+01:00,3,3,24,177,2,0.000000,2165,2180,2165,15,0.6881,LOCAL_BEST,0,777,61,314,4,80,1,0,150000.0000,0.0000,0,0,0,0,0,0
n012w8-0,n012w8,0,5,500000,100.0,adaptive,2026-07-04T12:35:58+01:00,3,3,24,178,2,0.000000,2075,2165,2075,90,4.1570,LOCAL_BEST,0,777,61,317,4,81,1,0,900000.0000,0.0000,0,0,0,0,0,0
n012w8-0,n012w8,0,5,500000,100.0,adaptive,2026-07-04T12:35:58+01:00,3,2,24,202,2,0.000000,2305,2380,2305,75,3.1513,LOCAL_BEST,0,777,0,367,0,82,24,0,31250.0000,0.0000,0,0,0,0,0,0
n012w8-0,n012w8,0,5,500000,100.0,adaptive,2026-07-04T12:35:58+01:00,3,1,24,216,2,99.407694,1740,1760,1740,20,1.1364,GLOBAL_BEST,0,777,40,386,54,83,14,0,14285.7143,0.0000,0,0,0,0,0,0
n012w8-0,n012w8,0,5,500000,100.0,adaptive,2026-07-04T12:35:58+01:00,3,1,24,217,2,99.404947,1710,1740,1710,30,1.7241,GLOBAL_BEST,0,777,40,386,54,84,1,0,300000.0000,0.0000,0,0,0,0,0,0
n012w8-0,n012w8,0,5,500000,100.0,adaptive,2026-07-04T12:35:58+01:00,3,1,24,222,2,99.391215,1610,1710,1610,100,5.8480,GLOBAL_BEST,0,777,41,391,56,85,5,0,200000.0000,0.0000,0,0,0,0,0,0
n012w8-0,n012w8,0,5,500000,100.0,adaptive,2026-07-04T12:35:58+01:00,3,1,24,311,2,99.147096,1580,1610,1580,30,1.8634,GLOBAL_BEST,0,777,64,547,85,86,89,0,3370.7865,0.0000,0,0,0,0,0,0
n012w8-0,n012w8,0,5,500000,100.0,adaptive,2026-07-04T12:35:58+01:00,3,1,24,315,2,99.136139,1565,1580,1565,15,0.9494,GLOBAL_BEST,0,777,66,550,86,87,4,0,37500.0000,0.0000,0,0,0,0,0,0
n012w8-0,n012w8,0,5,500000,100.0,adaptive,2026-07-04T12:35:58+01:00,3,2,24,321,2,0.000000,2270,2305,2270,35,1.5184,LOCAL_BEST,0,777,0,622,0,88,6,0,58333.3333,0.0000,0,0,0,0,0,0
n012w8-0,n012w8,0,5,500000,100.0,adaptive,2026-07-04T12:35:58+01:00,3,2,24,380,2,0.000000,2200,2270,2200,70,3.0837,LOCAL_BEST,0,777,0,676,0,89,59,0,11864.4068,0.0000,0,0,0,0,0,0
n012w8-0,n012w8,0,5,500000,100.0,adaptive,2026-07-04T12:35:58+01:00,3,2,24,381,2,0.000000,2185,2200,2185,15,0.6818,LOCAL_BEST,0,777,0,680,0,90,1,0,150000.0000,0.0000,0,0,0,0,0,0
n012w8-0,n012w8,0,5,500000,100.0,adaptive,2026-07-04T12:35:58+01:00,3,2,24,383,2,0.000000,2145,2185,2145,40,1.8307,LOCAL_BEST,0,777,0,685,0,91,2,0,200000.0000,0.0000,0,0,0,0,0,0
n012w8-0,n012w8,0,5,500000,100.0,adaptive,2026-07-04T12:35:58+01:00,3,2,24,384,2,0.000000,1995,2145,1995,150,6.9930,LOCAL_BEST,0,777,0,686,0,92,1,0,1500000.0000,0.0000,0,0,0,0,0,0
n012w8-0,n012w8,0,5,500000,100.0,adaptive,2026-07-04T12:35:58+01:00,3,1,24,406,2,98.887182,1505,1565,1505,60,3.8339,GLOBAL_BEST,0,777,91,735,108,93,22,0,27272.7273,0.0000,0,0,0,0,0,0
n012w8-0,n012w8,0,5,500000,100.0,adaptive,2026-07-04T12:35:58+01:00,3,1,24,421,2,98.846205,1490,1505,1490,15,0.9967,GLOBAL_BEST,0,777,94,770,115,94,15,0,10000.0000,0.0000,0,0,0,0,0,0
n012w8-0,n012w8,0,5,500000,100.0,adaptive,2026-07-04T12:35:58+01:00,3,1,24,426,2,98.832550,1445,1490,1445,45,3.0201,GLOBAL_BEST,0,777,94,781,118,95,5,0,90000.0000,0.0000,0,0,0,0,0,0
n012w8-0,n012w8,0,5,500000,100.0,adaptive,2026-07-04T12:35:58+01:00,3,1,24,427,2,98.829819,1265,1445,1265,180,12.4567,GLOBAL_BEST,0,777,94,781,118,96,1,0,1800000.0000,0.0000,0,0,0,0,0,0
n012w8-0,n012w8,0,5,500000,100.0,adaptive,2026-07-04T12:35:58+01:00,3,3,24,444,3,0.000000,2005,2075,2005,70,3.3735,LOCAL_BEST,0,777,158,815,13,97,17,1,41176.4706,70000.0000,0,0,0,0,0,0
n012w8-0,n012w8,0,5,500000,100.0,adaptive,2026-07-04T12:35:58+01:00,3,3,24,446,3,0.000000,1945,2005,1945,60,2.9925,LOCAL_BEST,0,777,158,815,13,98,2,0,300000.0000,0.0000,0,0,0,0,0,0
n012w8-0,n012w8,0,5,500000,100.0,adaptive,2026-07-04T12:35:58+01:00,3,3,24,447,3,0.000000,1915,1945,1915,30,1.5424,LOCAL_BEST,0,777,158,815,13,99,1,0,300000.0000,0.0000,0,0,0,0,0,0
n012w8-0,n012w8,0,5,500000,100.0,adaptive,2026-07-04T12:35:58+01:00,3,3,24,452,3,0.000000,1900,1915,1900,15,0.7833,LOCAL_BEST,0,777,160,822,13,100,5,0,30000.0000,0.0000,0,0,0,0,0,0
n012w8-0,n012w8,0,5,500000,100.0,adaptive,2026-07-04T12:35:58+01:00,3,2,24,642,2,0.000000,1970,1995,1970,25,1.2531,LOCAL_BEST,0,777,0,1093,0,101,190,-1,1315.7895,0.0000,0,0,0,0,0,0
n012w8-0,n012w8,0,5,500000,100.0,adaptive,2026-07-04T12:35:58+01:00,3,2,24,643,2,0.000000,1940,1970,1940,30,1.5228,LOCAL_BEST,0,777,0,1093,0,102,1,0,300000.0000,0.0000,0,0,0,0,0,0
n012w8-0,n012w8,0,5,500000,100.0,adaptive,2026-07-04T12:35:58+01:00,3,1,24,1252,3,96.602419,1220,1265,1220,45,3.5573,GLOBAL_BEST,0,777,298,2147,425,103,609,1,738.9163,45000.0000,0,0,0,0,0,0
n012w8-0,n012w8,0,5,500000,100.0,adaptive,2026-07-04T12:35:58+01:00,3,2,24,1390,4,0.000000,1875,1940,1875,65,3.3505,LOCAL_BEST,0,777,0,2364,27,104,138,1,4710.1449,65000.0000,0,0,0,0,0,0
n012w8-0,n012w8,0,5,500000,100.0,adaptive,2026-07-04T12:35:58+01:00,3,5,24,1390,62,0.000000,755,770,755,15,1.9481,GLOBAL_BEST,1,777,0,2076,1207,105,0,58,0.0000,258.6207,0,0,0,0,0,0
n012w8-0,n012w8,0,5,500000,100.0,adaptive,2026-07-04T12:35:58+01:00,3,2,24,1410,4,0.000000,1810,1875,1810,65,3.4667,LOCAL_BEST,0,777,0,2394,29,106,20,-58,32500.0000,0.0000,0,0,0,0,0,0
n012w8-0,n012w8,0,5,500000,100.0,adaptive,2026-07-04T12:35:58+01:00,3,5,24,1727,62,0.000000,710,755,710,45,5.9603,GLOBAL_BEST,1,777,0,2628,1494,107,317,58,1419.5584,775.8621,0,0,0,0,0,0
n012w8-0,n012w8,0,5,500000,100.0,adaptive,2026-07-04T12:35:58+01:00,3,8,24,2267,111,0.000000,515,520,515,5,0.9615,GLOBAL_BEST,3,777,0,2928,2049,108,540,49,92.5926,102.0408,0,0,0,0,0,0
n012w8-0,n012w8,0,5,500000,100.0,adaptive,2026-07-04T12:35:58+01:00,3,2,24,2422,5,0.000000,1700,1810,1700,110,6.0773,LOCAL_BEST,0,777,0,4165,186,109,155,-106,7096.7742,0.0000,0,0,0,0,0,0
n012w8-0,n012w8,0,5,500000,100.0,adaptive,2026-07-04T12:35:58+01:00,3,2,24,2426,5,0.000000,1640,1700,1640,60,3.5294,LOCAL_BEST,0,777,0,4171,186,110,4,0,150000.0000,0.0000,0,0,0,0,0,0
n012w8-0,n012w8,0,5,500000,100.0,adaptive,2026-07-04T12:35:58+01:00,3,2,24,2428,5,0.000000,1610,1640,1610,30,1.8293,LOCAL_BEST,0,777,0,4173,186,111,2,0,150000.0000,0.0000,0,0,0,0,0,0
n012w8-0,n012w8,0,5,500000,100.0,adaptive,2026-07-04T12:35:58+01:00,3,2,24,2430,5,0.000000,1460,1610,1460,150,9.3168,LOCAL_BEST,0,777,0,4180,186,112,2,0,750000.0000,0.0000,0,0,0,0,0,0
n012w8-0,n012w8,0,5,500000,100.0,adaptive,2026-07-04T12:35:58+01:00,3,3,24,2579,6,0.000000,1890,1900,1890,10,0.5263,LOCAL_BEST,0,777,955,4471,84,113,149,1,671.1409,10000.0000,0,0,0,0,0,0
n012w8-0,n012w8,0,5,500000,100.0,adaptive,2026-07-04T12:35:58+01:00,3,3,24,3584,9,0.000000,1870,1890,1870,20,1.0582,LOCAL_BEST,0,777,1328,6263,128,114,1005,3,199.0050,6666.6667,0,0,0,0,0,0
n012w8-0,n012w8,0,5,500000,100.0,adaptive,2026-07-04T12:35:58+01:00,3,3,24,3606,9,0.000000,1860,1870,1860,10,0.5348,LOCAL_BEST,0,777,1335,6302,130,115,22,0,4545.4545,0.0000,0,0,0,0,0,0
n012w8-0,n012w8,0,5,500000,100.0,adaptive,2026-07-04T12:35:58+01:00,3,3,24,3609,9,0.000000,1815,1860,1815,45,2.4194,LOCAL_BEST,0,777,1336,6305,130,116,3,0,150000.0000,0.0000,0,0,0,0,0,0
n012w8-0,n012w8,0,5,500000,100.0,adaptive,2026-07-04T12:35:58+01:00,3,5,24,4067,65,0.000000,700,710,700,10,1.4085,GLOBAL_BEST,1,777,0,6117,3435,117,458,56,218.3406,178.5714,0,0,0,0,0,0
n012w8-0,n012w8,0,5,500000,100.0,adaptive,2026-07-04T12:35:58+01:00,3,3,24,4206,10,0.000000,1675,1815,1675,140,7.7135,LOCAL_BEST,0,777,1561,7320,157,118,139,-55,10071.9424,0.0000,0,0,0,0,0,0
n012w8-0,n012w8,0,5,500000,100.0,adaptive,2026-07-04T12:35:58+01:00,3,5,24,4410,66,0.000000,685,700,685,15,2.1429,GLOBAL_BEST,1,777,0,6654,3707,119,204,56,735.2941,267.8571,0,0,0,0,0,0
n012w8-0,n012w8,0,5,500000,100.0,adaptive,2026-07-04T12:35:58+01:00,3,5,24,5060,67,0.000000,670,685,670,15,2.1898,GLOBAL_BEST,1,777,0,7634,4229,120,650,1,230.7692,15000.0000,0,0,0,0,0,0
n012w8-0,n012w8,0,5,500000,100.0,adaptive,2026-07-04T12:35:58+01:00,3,5,24,5539,68,0.000000,595,670,595,75,11.1940,GLOBAL_BEST,1,777,0,8328,4609,121,479,1,1565.7620,75000.0000,0,0,0,0,0,0
n012w8-0,n012w8,0,5,500000,100.0,adaptive,2026-07-04T12:35:58+01:00,3,2,24,6358,12,0.000000,1385,1460,1385,75,5.1370,LOCAL_BEST,0,777,0,10770,1274,122,819,-56,915.7509,0.0000,0,0,0,0,0,0
n012w8-0,n012w8,0,5,500000,100.0,adaptive,2026-07-04T12:35:58+01:00,3,2,24,6423,13,0.000000,1340,1385,1340,45,3.2491,LOCAL_BEST,0,777,0,10886,1293,123,65,1,6923.0769,45000.0000,0,0,0,0,0,0
n012w8-0,n012w8,0,5,500000,100.0,adaptive,2026-07-04T12:35:58+01:00,3,2,24,8449,17,0.000000,1300,1340,1300,40,2.9851,LOCAL_BEST,0,777,0,14148,2095,124,2026,4,197.4334,10000.0000,0,0,0,0,0,0
n012w8-0,n012w8,0,5,500000,100.0,adaptive,2026-07-04T12:35:58+01:00,3,1,24,8966,18,78.058464,1165,1220,1165,55,4.5082,GLOBAL_BEST,0,777,2063,15052,3323,125,517,1,1063.8298,55000.0000,0,0,0,0,0,0
n012w8-0,n012w8,0,5,500000,100.0,adaptive,2026-07-04T12:35:58+01:00,3,1,24,8969,18,78.051994,1150,1165,1150,15,1.2876,GLOBAL_BEST,0,777,2063,15062,3324,126,3,0,50000.0000,0.0000,0,0,0,0,0,0
n012w8-0,n012w8,0,5,500000,100.0,adaptive,2026-07-04T12:35:58+01:00,3,2,24,9452,18,0.000000,1230,1300,1230,70,5.3846,LOCAL_BEST,0,777,0,15763,2503,127,483,0,1449.2754,0.0000,0,0,0,0,0,0
n012w8-0,n012w8,0,5,500000,100.0,adaptive,2026-07-04T12:35:58+01:00,3,3,24,9622,20,0.000000,1640,1675,1640,35,2.0896,LOCAL_BEST,0,777,3596,16743,364,128,170,2,2058.8235,17500.0000,0,0,0,0,0,0
n012w8-0,n012w8,0,5,500000,100.0,adaptive,2026-07-04T12:35:58+01:00,3,8,24,9889,123,0.000000,505,515,505,10,1.9417,GLOBAL_BEST,3,777,0,13310,9061,129,267,103,374.5318,97.0874,0,0,0,0,0,0
n012w8-0,n012w8,0,5,500000,100.0,adaptive,2026-07-04T12:35:58+01:00,3,1,24,10147,20,75.552354,1060,1150,1060,90,7.8261,GLOBAL_BEST,0,777,2317,16995,3798,130,258,-103,3488.3721,0.0000,0,0,0,0,0,0
n012w8-0,n012w8,0,5,500000,100.0,adaptive,2026-07-04T12:35:58+01:00,3,2,24,11453,22,0.000000,1190,1230,1190,40,3.2520,LOCAL_BEST,0,777,0,19009,3443,131,1306,2,306.2787,20000.0000,0,0,0,0,0,0
n012w8-0,n012w8,0,5,500000,100.0,adaptive,2026-07-04T12:35:58+01:00,3,1,24,13214,25,69.413509,1020,1060,1020,40,3.7736,GLOBAL_BEST,0,777,2945,22042,5140,132,1761,3,227.1437,13333.3333,0,0,0,0,0,0
n012w8-0,n012w8,0,5,500000,100.0,adaptive,2026-07-04T12:35:58+01:00,3,1,24,13346,25,69.160799,1000,1020,1000,20,1.9608,GLOBAL_BEST,0,777,2968,22240,5207,133,132,0,1515.1515,0.0000,0,0,0,0,0,0
n012w8-0,n012w8,0,5,500000,100.0,adaptive,2026-07-04T12:35:58+01:00,3,3,24,17041,33,0.000000,1630,1640,1630,10,0.6098,LOCAL_BEST,0,777,6404,29403,661,134,3695,8,27.0636,1250.0000,0,0,0,0,0,0
n012w8-0,n012w8,0,5,500000,100.0,adaptive,2026-07-04T12:35:58+01:00,3,2,24,17450,32,0.000000,1185,1190,1185,5,0.4202,LOCAL_BEST,0,777,0,28641,6553,135,409,-1,122.2494,0.0000,0,0,0,0,0,0
n012w8-0,n012w8,0,5,500000,100.0,adaptive,2026-07-04T12:35:58+01:00,3,1,24,19078,35,59.030437,995,1000,995,5,0.5000,GLOBAL_BEST,0,777,4071,31503,7815,136,1628,3,30.7125,1666.6667,0,0,0,0,0,0
n012w8-0,n012w8,0,5,500000,100.0,adaptive,2026-07-04T12:35:58+01:00,3,1,24,19087,35,59.015759,950,995,950,45,4.5226,GLOBAL_BEST,0,777,4071,31517,7821,137,9,0,50000.0000,0.0000,0,0,0,0,0,0
n012w8-0,n012w8,0,5,500000,100.0,adaptive,2026-07-04T12:35:58+01:00,3,2,24,19243,35,0.000000,1160,1185,1160,25,2.1097,LOCAL_BEST,0,777,0,31457,7603,138,156,0,1602.5641,0.0000,0,0,0,0,0,0
n012w8-0,n012w8,0,5,500000,100.0,adaptive,2026-07-04T12:35:58+01:00,3,2,24,19244,35,0.000000,1130,1160,1130,30,2.5862,LOCAL_BEST,0,777,0,31457,7603,139,1,0,300000.0000,0.0000,0,0,0,0,0,0
n012w8-0,n012w8,0,5,500000,100.0,adaptive,2026-07-04T12:35:58+01:00,3,2,24,21936,40,0.000000,1110,1130,1110,20,1.7699,LOCAL_BEST,0,777,0,35807,9246,140,2692,5,74.2942,4000.0000,0,0,0,0,0,0
n012w8-0,n012w8,0,5,500000,100.0,adaptive,2026-07-04T12:35:58+01:00,3,2,24,21937,40,0.000000,1095,1110,1095,15,1.3514,LOCAL_BEST,0,777,0,35819,9246,141,1,0,150000.0000,0.0000,0,0,0,0,0,0
n012w8-0,n012w8,0,5,500000,100.0,adaptive,2026-07-04T12:35:58+01:00,3,2,24,22109,41,0.000000,1080,1095,1080,15,1.3699,LOCAL_BEST,0,777,0,36062,9343,142,172,1,872.0930,15000.0000,0,0,0,0,0,0
n012w8-0,n012w8,0,5,500000,100.0,adaptive,2026-07-04T12:35:58+01:00,3,2,24,22631,41,0.000000,995,1080,995,85,7.8704,LOCAL_BEST,0,777,0,36856,9662,143,522,0,1628.3525,0.0000,0,0,0,0,0,0
n012w8-0,n012w8,0,5,500000,100.0,adaptive,2026-07-04T12:35:58+01:00,3,5,24,22650,96,0.000000,590,595,590,5,0.8403,GLOBAL_BEST,1,777,0,33528,19127,144,19,55,2631.5789,90.9091,0,0,0,0,0,0
n012w8-0,n012w8,0,5,500000,100.0,adaptive,2026-07-04T12:35:58+01:00,3,1,24,24314,44,51.079190,945,950,945,5,0.5263,GLOBAL_BEST,0,777,4934,39950,10613,145,1664,-52,30.0481,0.0000,0,0,0,0,0,0
n012w8-0,n012w8,0,5,500000,100.0,adaptive,2026-07-04T12:35:58+01:00,3,1,24,24315,44,51.077778,930,945,930,15,1.5873,GLOBAL_BEST,0,777,4934,39952,10613,146,1,0,150000.0000,0.0000,0,0,0,0,0,0
n012w8-0,n012w8,0,5,500000,100.0,adaptive,2026-07-04T12:35:58+01:00,3,1,24,24330,44,51.056613,915,930,915,15,1.6129,GLOBAL_BEST,0,777,4934,39972,10625,147,15,0,10000.0000,0.0000,0,0,0,0,0,0
n012w8-0,n012w8,0,5,500000,100.0,adaptive,2026-07-04T12:35:58+01:00,3,1,24,24333,44,51.052381,900,915,900,15,1.6393,GLOBAL_BEST,0,777,4934,39979,10626,148,3,0,50000.0000,0.0000,0,0,0,0,0,0
n012w8-0,n012w8,0,5,500000,100.0,adaptive,2026-07-04T12:35:58+01:00,3,1,24,24351,44,51.026996,855,900,855,45,5.0000,GLOBAL_BEST,0,777,4936,40002,10638,149,18,0,25000.0000,0.0000,0,0,0,0,0,0
n012w8-0,n012w8,0,5,500000,100.0,adaptive,2026-07-04T12:35:58+01:00,3,2,24,26019,47,0.000000,985,995,985,10,1.0050,LOCAL_BEST,0,777,0,42247,11794,150,1668,3,59.9520,3333.3333,0,0,0,0,0,0
n012w8-0,n012w8,0,5,500000,100.0,adaptive,2026-07-04T12:35:58+01:00,3,2,24,27429,49,0.000000,925,985,925,60,6.0914,LOCAL_BEST,0,777,0,44617,12675,151,1410,2,425.5319,30000.0000,0,0,0,0,0,0
n012w8-0,n012w8,0,5,500000,100.0,adaptive,2026-07-04T12:35:58+01:00,3,3,24,28888,55,0.000000,1540,1630,1540,90,5.5215,LOCAL_BEST,0,777,10838,49528,1127,152,1459,6,616.8609,15000.0000,0,0,0,0,0,0
n012w8-0,n012w8,0,5,500000,100.0,adaptive,2026-07-04T12:35:58+01:00,3,3,24,28889,55,0.000000,1480,1540,1480,60,3.8961,LOCAL_BEST,0,777,10838,49528,1127,153,1,0,600000.0000,0.0000,0,0,0,0,0,0
n012w8-0,n012w8,0,5,500000,100.0,adaptive,2026-07-04T12:35:58+01:00,3,5,24,31537,110,0.000000,575,590,575,15,2.5424,LOCAL_BEST,1,777,0,46546,27010,154,2648,55,56.6465,272.7273,0,0,0,0,0,0
n012w8-0,n012w8,0,5,500000,100.0,adaptive,2026-07-04T12:35:58+01:00,3,2,24,32114,58,0.000000,890,925,890,35,3.7838,LOCAL_BEST,0,777,0,52126,15869,155,577,-52,606.5858,0.0000,0,0,0,0,0,0
n012w8-0,n012w8,0,5,500000,100.0,adaptive,2026-07-04T12:35:58+01:00,3,1,24,32378,59,40.876716,830,855,830,25,2.9240,GLOBAL_BEST,0,777,6050,52627,15342,156,264,1,946.9697,25000.0000,0,0,0,0,0,0
n012w8-0,n012w8,0,5,500000,100.0,adaptive,2026-07-04T12:35:58+01:00,3,1,24,32382,59,40.872199,785,830,785,45,5.4217,GLOBAL_BEST,0,777,6050,52634,15344,157,4,0,112500.0000,0.0000,0,0,0,0,0,0
n012w8-0,n012w8,0,5,500000,100.0,adaptive,2026-07-04T12:35:58+01:00,3,2,24,33836,61,0.000000,855,890,855,35,3.9326,LOCAL_BEST,0,777,0,54881,17082,158,1454,2,240.7153,17500.0000,0,0,0,0,0,0
n012w8-0,n012w8,0,5,500000,100.0,adaptive,2026-07-04T12:35:58+01:00,3,4,24,36719,123,36.256343,765,830,765,65,7.8313,LOCAL_BEST,1,777,6476,58036,18388,159,2883,62,225.4596,1048.3871,0,0,0,0,0,0
n012w8-0,n012w8,0,5,500000,100.0,adaptive,2026-07-04T12:35:58+01:00,3,8,24,37271,167,0.000000,490,505,490,15,2.9703,GLOBAL_BEST,3,777,0,51530,34438,160,552,44,271.7391,340.9091,0,0,0,0,0,0
n012w8-0,n012w8,0,5,500000,100.0,adaptive,2026-07-04T12:35:58+01:00,3,2,24,38797,69,0.000000,830,855,830,25,2.9240,LOCAL_BEST,0,777,0,62170,20619,161,1526,-98,163.8270,0.0000,0,0,0,0,0,0
n012w8-0,n012w8,0,5,500000,100.0,adaptive,2026-07-04T12:35:58+01:00,3,1,24,40140,72,32.986178,760,785,760,25,3.1847,LOCAL_BEST,0,777,6875,64982,20557,162,1343,3,186.1504,8333.3333,0,0,0,0,0,0
n012w8-0,n012w8,0,5,500000,100.0,adaptive,2026-07-04T12:35:58+01:00,3,2,24,40662,72,0.000000,825,830,825,5,0.6024,LOCAL_BEST,0,777,0,64928,22014,163,522,0,95.7854,0.0000,0,0,0,0,0,0
n012w8-0,n012w8,0,5,500000,100.0,adaptive,2026-07-04T12:35:58+01:00,3,4,24,41420,132,31.839922,745,765,745,20,2.6144,LOCAL_BEST,1,777,6923,65572,21618,164,758,60,263.8522,333.3333,0,0,0,0,0,0
n012w8-0,n012w8,0,5,500000,100.0,adaptive,2026-07-04T12:35:58+01:00,3,4,24,41423,132,31.837283,730,745,730,15,2.0134,LOCAL_BEST,1,777,6923,65575,21620,165,3,0,50000.0000,0.0000,0,0,0,0,0,0
n012w8-0,n012w8,0,5,500000,100.0,adaptive,2026-07-04T12:35:58+01:00,3,4,24,41516,132,31.755576,715,730,715,15,2.0548,LOCAL_BEST,1,777,6932,65753,21692,166,93,0,1612.9032,0.0000,0,0,0,0,0,0
n012w8-0,n012w8,0,5,500000,100.0,adaptive,2026-07-04T12:35:58+01:00,3,4,24,41520,132,31.752067,700,715,700,15,2.0979,LOCAL_BEST,1,777,6932,65761,21695,167,4,0,37500.0000,0.0000,0,0,0,0,0,0
n012w8-0,n012w8,0,5,500000,100.0,adaptive,2026-07-04T12:35:58+01:00,3,4,24,41522,132,31.750312,670,700,670,30,4.2857,LOCAL_BEST,1,777,6932,65767,21696,168,2,0,150000.0000,0.0000,0,0,0,0,0,0
n012w8-0,n012w8,0,5,500000,100.0,adaptive,2026-07-04T12:35:58+01:00,3,1,24,43282,78,30.243218,755,760,755,5,0.6579,LOCAL_BEST,0,777,7156,69670,22777,169,1760,-54,28.4091,0.0000,0,0,0,0,0,0
n012w8-0,n012w8,0,5,500000,100.0,adaptive,2026-07-04T12:35:58+01:00,3,5,24,44117,134,0.000000,560,575,560,15,2.6087,LOCAL_BEST,1,777,0,64638,38306,170,835,56,179.6407,267.8571,0,0,0,0,0,0
n012w8-0,n012w8,0,5,500000,100.0,adaptive,2026-07-04T12:35:58+01:00,3,4,24,44347,136,29.366217,665,670,665,5,0.7463,LOCAL_BEST,1,777,7161,69972,23771,171,230,2,217.3913,2500.0000,0,0,0,0,0,0
n012w8-0,n012w8,0,5,500000,100.0,adaptive,2026-07-04T12:35:58+01:00,3,2,24,45358,80,0.000000,820,825,820,5,0.6061,LOCAL_BEST,0,777,0,72083,25642,172,1011,-56,49.4560,0.0000,0,0,0,0,0,0
n012w8-0,n012w8,0,5,500000,100.0,adaptive,2026-07-04T12:35:58+01:00,3,1,24,45745,82,28.253483,705,755,705,50,6.6225,LOCAL_BEST,0,777,7383,73415,24547,173,387,2,1291.9897,25000.0000,0,0,0,0,0,0
n012w8-0,n012w8,0,5,500000,100.0,adaptive,2026-07-04T12:35:58+01:00,3,1,24,45750,82,28.249580,690,705,690,15,2.1277,LOCAL_BEST,0,777,7383,73426,24551,174,5,0,30000.0000,0.0000,0,0,0,0,0,0
n012w8-0,n012w8,0,5,500000,100.0,adaptive,2026-07-04T12:35:58+01:00,3,2,24,46182,81,0.000000,805,820,805,15,1.8293,LOCAL_BEST,0,777,0,73385,26293,175,432,-1,347.2222,0.0000,0,0,0,0,0,0
n012w8-0,n012w8,0,5,500000,100.0,adaptive,2026-07-04T12:35:58+01:00,3,1,24,46915,84,27.354703,685,690,685,5,0.7246,LOCAL_BEST,0,777,7476,75161,25449,176,733,3,68.2128,1666.6667,0,0,0,0,0,0
n012w8-0,n012w8,0,5,500000,100.0,adaptive,2026-07-04T12:35:58+01:00,3,2,24,48804,86,0.000000,780,805,780,25,3.1056,LOCAL_BEST,0,777,0,77439,28397,177,1889,2,132.3452,12500.0000,0,0,0,0,0,0
n012w8-0,n012w8,0,5,500000,100.0,adaptive,2026-07-04T12:35:58+01:00,3,5,24,51826,146,0.000000,555,560,555,5,0.8929,LOCAL_BEST,1,777,0,75677,45119,178,3022,60,16.5453,83.3333,0,0,0,0,0,0
n012w8-0,n012w8,0,5,500000,100.0,adaptive,2026-07-04T12:35:58+01:00,3,2,24,53334,93,0.000000,765,780,765,15,1.9231,LOCAL_BEST,0,777,0,84254,32032,179,1508,-53,99.4695,0.0000,0,0,0,0,0,0
n012w8-0,n012w8,0,5,500000,100.0,adaptive,2026-07-04T12:35:58+01:00,3,2,24,53346,93,0.000000,750,765,750,15,1.9608,LOCAL_BEST,0,777,0,84277,32041,180,12,0,12500.0000,0.0000,0,0,0,0,0,0
n012w8-0,n012w8,0,5,500000,100.0,adaptive,2026-07-04T12:35:58+01:00,3,2,24,55249,96,0.000000,735,750,735,15,2.0000,LOCAL_BEST,0,777,0,87280,33628,181,1903,3,78.8229,5000.0000,0,0,0,0,0,0
n012w8-0,n012w8,0,5,500000,100.0,adaptive,2026-07-04T12:35:58+01:00,3,4,24,56996,157,20.704274,660,665,660,5,0.7519,LOCAL_BEST,1,777,7967,89588,33527,182,1747,61,28.6205,81.9672,0,0,0,0,0,0
n012w8-0,n012w8,0,5,500000,100.0,adaptive,2026-07-04T12:35:58+01:00,3,4,24,57008,157,20.697410,645,660,645,15,2.2727,LOCAL_BEST,1,777,7967,89606,33536,183,12,0,12500.0000,0.0000,0,0,0,0,0,0
n012w8-0,n012w8,0,5,500000,100.0,adaptive,2026-07-04T12:35:58+01:00,3,2,24,57621,100,0.000000,720,735,720,15,2.0408,LOCAL_BEST,0,777,0,90904,35577,184,613,-57,244.6982,0.0000,0,0,0,0,0,0
n012w8-0,n012w8,0,5,500000,100.0,adaptive,2026-07-04T12:35:58+01:00,3,1,24,58143,102,20.058387,675,685,675,10,1.4599,LOCAL_BEST,0,777,8167,92276,34243,185,522,2,191.5709,5000.0000,0,0,0,0,0,0
n012w8-0,n012w8,0,5,500000,100.0,adaptive,2026-07-04T12:35:58+01:00,3,4,24,58337,159,19.951153,605,645,605,40,6.2016,LOCAL_BEST,1,777,8047,91534,34606,186,194,57,2061.8557,701.7544,0,0,0,0,0,0
n012w8-0,n012w8,0,5,500000,100.0,adaptive,2026-07-04T12:35:58+01:00,3,4,24,58414,159,19.908750,575,605,575,30,4.9587,LOCAL_BEST,1,777,8048,91622,34676,187,77,0,3896.1039,0.0000,0,0,0,0,0,0
n012w8-0,n012w8,0,5,500000,100.0,adaptive,2026-07-04T12:35:58+01:00,3,4,24,58522,159,19.849428,560,575,560,15,2.6087,LOCAL_BEST,1,777,8048,91757,34777,188,108,0,1388.8889,0.0000,0,0,0,0,0,0
n012w8-0,n012w8,0,5,500000,100.0,adaptive,2026-07-04T12:35:58+01:00,3,4,24,58548,159,19.835173,545,560,545,15,2.6786,LOCAL_BEST,1,777,8048,91801,34802,189,26,0,5769.2308,0.0000,0,0,0,0,0,0
n012w8-0,n012w8,0,5,500000,100.0,adaptive,2026-07-04T12:35:58+01:00,3,4,24,58748,160,19.725862,540,545,540,5,0.9174,LOCAL_BEST,1,777,8056,92098,34977,190,200,1,250.0000,5000.0000,0,0,0,0,0,0
n012w8-0,n012w8,0,5,500000,100.0,adaptive,2026-07-04T12:35:58+01:00,3,2,24,58900,102,0.000000,705,720,705,15,2.0833,LOCAL_BEST,0,777,0,92863,36610,191,152,-58,986.8421,0.0000,0,0,0,0,0,0
n012w8-0,n012w8,0,5,500000,100.0,adaptive,2026-07-04T12:35:58+01:00,3,2,24,58903,102,0.000000,690,705,690,15,2.1277,LOCAL_BEST,0,777,0,92871,36610,192,3,0,50000.0000,0.0000,0,0,0,0,0,0
n012w8-0,n012w8,0,5,500000,100.0,adaptive,2026-07-04T12:35:58+01:00,3,4,24,59049,160,19.562484,530,540,530,10,1.8519,LOCAL_BEST,1,777,8063,92543,35244,193,146,58,684.9315,172.4138,0,0,0,0,0,0
n012w8-0,n012w8,0,5,500000,100.0,adaptive,2026-07-04T12:35:58+01:00,3,1,24,59922,105,19.096246,670,675,670,5,0.7407,LOCAL_BEST,0,777,8251,94833,35677,194,873,-55,57.2738,0.0000,0,0,0,0,0,0
n012w8-0,n012w8,0,5,500000,100.0,adaptive,2026-07-04T12:35:58+01:00,3,1,24,59931,105,19.091498,655,670,655,15,2.2388,LOCAL_BEST,0,777,8251,94848,35685,195,9,0,16666.6667,0.0000,0,0,0,0,0,0
n012w8-0,n012w8,0,5,500000,100.0,adaptive,2026-07-04T12:35:58+01:00,3,1,24,59972,105,19.069882,625,655,625,30,4.5802,LOCAL_BEST,0,777,8251,94897,35721,196,41,0,7317.0732,0.0000,0,0,0,0,0,0
n012w8-0,n012w8,0,5,500000,100.0,adaptive,2026-07-04T12:35:58+01:00,3,1,24,60027,105,19.040923,595,625,595,30,4.8000,LOCAL_BEST,0,777,8255,94993,35764,197,55,0,5454.5455,0.0000,0,0,0,0,0,0
n012w8-0,n012w8,0,5,500000,100.0,adaptive,2026-07-04T12:35:58+01:00,3,1,24,61182,107,18.442849,580,595,580,15,2.5210,GLOBAL_BEST,0,777,8308,96559,36748,198,1155,2,129.8701,7500.0000,0,0,0,0,0,0
n012w8-0,n012w8,0,5,500000,100.0,adaptive,2026-07-04T12:35:58+01:00,3,2,24,61275,106,0.000000,680,690,680,10,1.4493,LOCAL_BEST,0,777,0,96365,38568,199,93,-1,1075.2688,0.0000,0,0,0,0,0,0
n012w8-0,n012w8,0,5,500000,100.0,adaptive,2026-07-04T12:35:58+01:00,3,2,24,61277,106,0.000000,665,680,665,15,2.2059,LOCAL_BEST,0,777,0,96373,38569,200,2,0,75000.0000,0.0000,0,0,0,0,0,0
n012w8-0,n012w8,0,5,500000,100.0,adaptive,2026-07-04T12:35:58+01:00,3,1,24,62811,110,17.631124,575,580,575,5,0.8621,LOCAL_BEST,0,777,8373,99027,38100,201,1534,4,32.5945,1250.0000,0,0,0,0,0,0
n012w8-0,n012w8,0,5,500000,100.0,adaptive,2026-07-04T12:35:58+01:00,3,2,24,63233,109,0.000000,655,665,655,10,1.5038,LOCAL_BEST,0,777,0,99125,40183,202,422,-1,236.9668,0.0000,0,0,0,0,0,0
n012w8-0,n012w8,0,5,500000,100.0,adaptive,2026-07-04T12:35:58+01:00,3,1,24,64755,113,16.709059,560,575,560,15,2.6087,LOCAL_BEST,0,777,8446,101652,39704,203,1522,4,98.5545,3750.0000,0,0,0,0,0,0
n012w8-0,n012w8,0,5,500000,100.0,adaptive,2026-07-04T12:35:58+01:00,3,1,24,64765,113,16.704443,545,560,545,15,2.6786,LOCAL_BEST,0,777,8446,101669,39713,204,10,0,15000.0000,0.0000,0,0,0,0,0,0
n012w8-0,n012w8,0,5,500000,100.0,adaptive,2026-07-04T12:35:58+01:00,3,1,24,64772,113,16.701212,530,545,530,15,2.7523,LOCAL_BEST,0,777,8446,101676,39719,205,7,0,21428.5714,0.0000,0,0,0,0,0,0
n012w8-0,n012w8,0,5,500000,100.0,adaptive,2026-07-04T12:35:58+01:00,3,1,24,64779,113,16.697982,515,530,515,15,2.8302,LOCAL_BEST,0,777,8446,101681,39724,206,7,0,21428.5714,0.0000,0,0,0,0,0,0
n012w8-0,n012w8,0,5,500000,100.0,adaptive,2026-07-04T12:35:58+01:00,3,1,24,69944,123,14.477181,500,515,500,15,2.9126,GLOBAL_BEST,0,777,8592,109316,44211,207,5165,10,29.0416,1500.0000,0,0,0,0,0,0
n012w8-0,n012w8,0,5,500000,100.0,adaptive,2026-07-04T12:35:58+01:00,3,2,24,70098,122,0.000000,650,655,650,5,0.7634,LOCAL_BEST,0,777,0,109059,45950,208,154,-1,324.6753,0.0000,0,0,0,0,0,0
n012w8-0,n012w8,0,5,500000,100.0,adaptive,2026-07-04T12:35:58+01:00,3,3,24,70850,134,0.000000,1465,1480,1465,15,1.0135,LOCAL_BEST,0,777,26656,121861,2850,209,752,12,199.4681,1250.0000,0,0,0,0,0,0
n012w8-0,n012w8,0,5,500000,100.0,adaptive,2026-07-04T12:35:58+01:00,3,2,24,72261,125,0.000000,645,650,645,5,0.7692,LOCAL_BEST,0,777,0,111970,47839,210,1411,-9,35.4359,0.0000,0,0,0,0,0,0
n012w8-0,n012w8,0,5,500000,100.0,adaptive,2026-07-04T12:35:58+01:00,3,2,24,72427,125,0.000000,640,645,640,5,0.7752,LOCAL_BEST,0,777,0,112203,47981,211,166,0,301.2048,0.0000,0,0,0,0,0,0
n012w8-0,n012w8,0,5,500000,100.0,adaptive,2026-07-04T12:35:58+01:00,3,2,24,73722,127,0.000000,625,640,625,15,2.3438,LOCAL_BEST,0,777,0,113906,49109,212,1295,2,115.8301,7500.0000,0,0,0,0,0,0
n012w8-0,n012w8,0,5,500000,100.0,adaptive,2026-07-04T12:35:58+01:00,3,4,24,74960,200,12.603524,515,530,515,15,2.8302,LOCAL_BEST,1,777,8583,116123,48844,213,1238,73,121.1632,205.4795,0,0,0,0,0,0
n012w8-0,n012w8,0,5,500000,100.0,adaptive,2026-07-04T12:35:58+01:00,3,7,24,77789,272,11.655851,565,580,565,15,2.5862,LOCAL_BEST,2,777,8814,119575,50766,214,2829,72,53.0223,208.3333,0,0,0,0,0,0
n012w8-0,n012w8,0,5,500000,100.0,adaptive,2026-07-04T12:35:58+01:00,3,7,24,77888,273,11.624011,550,565,550,15,2.6549,LOCAL_BEST,2,777,8815,119713,50855,215,99,1,1515.1515,15000.0000,0,0,0,0,0,0
n012w8-0,n012w8,0,5,500000,100.0,adaptive,2026-07-04T12:35:58+01:00,3,7,24,78213,274,11.520093,545,550,545,5,0.9091,LOCAL_BEST,2,777,8822,120209,51135,216,325,1,153.8462,5000.0000,0,0,0,0,0,0
n012w8-0,n012w8,0,5,500000,100.0,adaptive,2026-07-04T12:35:58+01:00,3,4,24,78640,205,11.384973,485,515,485,30,5.8252,GLOBAL_BEST,1,777,8649,121165,52157,217,427,-69,702.5761,0.0000,0,0,0,0,0,0
n012w8-0,n012w8,0,5,500000,100.0,adaptive,2026-07-04T12:35:58+01:00,3,7,24,78875,275,11.311286,535,545,535,10,1.8349,LOCAL_BEST,2,777,8826,121121,51739,218,235,70,425.5319,142.8571,0,0,0,0,0,0
n012w8-0,n012w8,0,5,500000,100.0,adaptive,2026-07-04T12:35:58+01:00,3,2,24,82500,147,0.000000,605,625,605,20,3.2000,LOCAL_BEST,0,777,0,126465,56782,219,3625,-128,55.1724,0.0000,0,0,0,0,0,0
n012w8-0,n012w8,0,5,500000,100.0,adaptive,2026-07-04T12:35:58+01:00,3,2,24,88095,155,0.000000,595,605,595,10,1.6529,LOCAL_BEST,0,777,0,134535,61804,220,5595,8,17.8731,1250.0000,0,0,0,0,0,0
n012w8-0,n012w8,0,5,500000,100.0,adaptive,2026-07-04T12:35:58+01:00,3,2,24,95449,167,0.000000,585,595,585,10,1.6807,LOCAL_BEST,0,777,0,144804,68402,221,7354,12,13.5980,833.3333,0,0,0,0,0,0
n012w8-0,n012w8,0,5,500000,100.0,adaptive,2026-07-04T12:35:58+01:00,3,2,24,96354,168,0.000000,580,585,580,5,0.8547,LOCAL_BEST,0,777,0,146161,69215,222,905,1,55.2486,5000.0000,0,0,0,0,0,0
n012w8-0,n012w8,0,5,500000,100.0,adaptive,2026-07-04T12:35:58+01:00,3,2,24,101200,176,0.000000,575,580,575,5,0.8621,LOCAL_BEST,0,777,0,152634,73610,223,4846,8,10.3178,625.0000,0,0,0,0,0,0
n012w8-0,n012w8,0,5,500000,100.0,adaptive,2026-07-04T12:35:58+01:00,3,2,24,101304,176,0.000000,560,575,560,15,2.6087,LOCAL_BEST,0,777,0,152785,73706,224,104,0,1442.3077,0.0000,0,0,0,0,0,0
n012w8-0,n012w8,0,5,500000,100.0,adaptive,2026-07-04T12:35:58+01:00,3,2,24,114867,210,0.000000,545,560,545,15,2.6786,LOCAL_BEST,0,777,0,172113,86275,225,13563,34,11.0595,441.1765,0,0,0,0,0,0
n012w8-0,n012w8,0,5,500000,100.0,adaptive,2026-07-04T12:35:58+01:00,3,1,24,119944,205,3.636403,500,500,500,0,0.0000,REHEAT,0,777,9034,179509,90203,226,5077,-5,0.0000,0.0000,0,0,0,0,0,0
n012w8-0,n012w8,0,5,500000,100.0,adaptive,2026-07-04T12:35:58+01:00,3,2,24,122893,224,0.000000,535,545,535,10,1.8349,LOCAL_BEST,0,777,0,183784,93631,227,2949,19,33.9098,526.3158,0,0,0,0,0,0
n012w8-0,n012w8,0,5,500000,100.0,adaptive,2026-07-04T12:35:58+01:00,3,4,24,128640,308,2.859697,495,485,485,0,0.0000,REHEAT,1,777,8852,192298,99092,228,5747,84,0.0000,0.0000,0,0,0,0,0,0
n012w8-0,n012w8,0,5,500000,100.0,adaptive,2026-07-04T12:35:58+01:00,3,1,24,169944,314,25.118864,940,500,500,0,0.0000,REHEAT,0,777,16533,259014,118250,229,41304,6,0.0000,0.0000,0,0,0,0,0,0
n012w8-0,n012w8,0,5,500000,100.0,adaptive,2026-07-04T12:35:58+01:00,3,4,24,178640,424,25.118864,930,485,485,0,0.0000,REHEAT,1,777,16461,271325,127072,230,8696,110,0.0000,0.0000,0,0,0,0,0,0
n012w8-0,n012w8,0,5,500000,100.0,adaptive,2026-07-04T12:35:58+01:00,3,1,24,219944,441,25.118864,950,500,500,0,0.0000,REHEAT,0,777,24229,338035,146212,231,41304,17,0.0000,0.0000,0,0,0,0,0,0
n012w8-0,n012w8,0,5,500000,100.0,adaptive,2026-07-04T12:35:58+01:00,3,4,24,228640,547,25.118864,800,485,485,0,0.0000,REHEAT,1,777,24084,349527,155115,232,8696,106,0.0000,0.0000,0,0,0,0,0,0
n012w8-0,n012w8,0,5,500000,100.0,adaptive,2026-07-04T12:35:58+01:00,3,1,24,269944,552,25.118864,1085,500,500,0,0.0000,REHEAT,0,777,32009,418092,174079,233,41304,5,0.0000,0.0000,0,0,0,0,0,0
n012w8-0,n012w8,0,5,500000,100.0,adaptive,2026-07-04T12:35:58+01:00,3,4,24,278640,662,25.118864,1230,485,485,0,0.0000,REHEAT,1,777,31688,428778,183043,234,8696,110,0.0000,0.0000,0,0,0,0,0,0
n012w8-0,n012w8,0,5,500000,100.0,adaptive,2026-07-04T12:35:58+01:00,3,3,24,286392,643,0.000000,1455,1465,1455,10,0.6826,LOCAL_BEST,0,777,107768,492488,11097,235,7752,-19,12.8999,0.0000,0,0,0,0,0,0
n012w8-0,n012w8,0,5,500000,100.0,adaptive,2026-07-04T12:35:58+01:00,3,1,24,319944,670,25.118864,845,500,500,0,0.0000,REHEAT,0,777,39723,498359,201828,236,33552,27,0.0000,0.0000,0,0,0,0,0,0
n012w8-0,n012w8,0,5,500000,100.0,adaptive,2026-07-04T12:35:58+01:00,3,4,24,328640,783,25.118864,920,485,485,0,0.0000,REHEAT,1,777,39490,508319,210654,237,8696,113,0.0000,0.0000,0,0,0,0,0,0
n012w8-0,n012w8,0,5,500000,100.0,adaptive,2026-07-04T12:35:58+01:00,3,1,24,369944,808,25.118864,945,500,500,0,0.0000,REHEAT,0,777,47430,578183,229733,238,41304,25,0.0000,0.0000,0,0,0,0,0,0
n012w8-0,n012w8,0,5,500000,100.0,adaptive,2026-07-04T12:35:58+01:00,3,4,24,378640,911,25.118864,995,485,485,0,0.0000,REHEAT,1,777,47162,587518,238677,239,8696,103,0.0000,0.0000,0,0,0,0,0,0
n012w8-0,n012w8,0,5,500000,100.0,adaptive,2026-07-04T12:35:58+01:00,3,1,24,419944,924,25.118864,1170,500,500,0,0.0000,REHEAT,0,777,55156,657423,257702,240,41304,13,0.0000,0.0000,0,0,0,0,0,0
n012w8-0,n012w8,0,5,500000,100.0,adaptive,2026-07-04T12:35:58+01:00,3,4,24,428640,1021,25.118864,805,485,485,0,0.0000,REHEAT,1,777,54744,666136,266524,241,8696,97,0.0000,0.0000,0,0,0,0,0,0
n012w8-0,n012w8,0,5,500000,100.0,adaptive,2026-07-04T12:35:58+01:00,3,1,24,469944,1039,25.118864,990,500,500,0,0.0000,REHEAT,0,777,62815,736495,285777,242,41304,18,0.0000,0.0000,0,0,0,0,0,0
n012w8-0,n012w8,0,5,500000,100.0,adaptive,2026-07-04T12:35:58+01:00,3,4,24,478640,1121,25.118864,965,485,485,0,0.0000,REHEAT,1,777,62409,744200,294662,243,8696,82,0.0000,0.0000,0,0,0,0,0,0
n012w8-0,n012w8,0,5,500000,100.0,adaptive,2026-07-04T12:35:58+01:00,3,3,24,499450,1195,0.000000,1425,1455,1425,30,2.0619,LOCAL_BEST,0,777,187864,856587,19401,244,20810,74,14.4161,405.4054,0,0,0,0,0,0
n012w8-0,n012w8,0,5,500000,100.0,adaptive,2026-07-04T12:35:58+01:00,4,3,28,1,1,0.000000,3360,3510,3360,150,4.2735,LOCAL_BEST,0,42,0,0,0,1,1,1,1500000.0000,150000.0000,0,0,0,0,0,0
n012w8-0,n012w8,0,5,500000,100.0,adaptive,2026-07-04T12:35:58+01:00,4,1,28,1,1,100.000000,3345,3510,3345,165,4.7009,LOCAL_BEST,0,42,0,6,0,2,0,0,0.0000,0.0000,0,0,0,0,0,0
n012w8-0,n012w8,0,5,500000,100.0,adaptive,2026-07-04T12:35:58+01:00,4,2,28,2,1,0.000000,3450,3510,3450,60,1.7094,GLOBAL_BEST,0,42,0,3,0,3,1,0,600000.0000,0.0000,0,0,0,0,0,0
n012w8-0,n012w8,0,5,500000,100.0,adaptive,2026-07-04T12:35:58+01:00,4,3,28,2,1,0.000000,3180,3360,3180,180,5.3571,GLOBAL_BEST,0,42,0,2,0,4,0,0,0.0000,0.0000,0,0,0,0,0,0
n012w8-0,n012w8,0,5,500000,100.0,adaptive,2026-07-04T12:35:58+01:00,4,1,28,2,1,99.997237,3075,3345,3075,270,8.0717,GLOBAL_BEST,0,42,0,6,0,5,0,0,0.0000,0.0000,0,0,0,0,0,0
n012w8-0,n012w8,0,5,500000,100.0,adaptive,2026-07-04T12:35:58+01:00,4,3,28,3,1,0.000000,3165,3180,3165,15,0.4717,LOCAL_BEST,0,42,0,6,0,6,1,0,150000.0000,0.0000,0,0,0,0,0,0
n012w8-0,n012w8,0,5,500000,100.0,adaptive,2026-07-04T12:35:58+01:00,4,2,28,4,1,0.000000,3300,3450,3300,150,4.3478,GLOBAL_BEST,0,42,0,5,0,7,1,0,1500000.0000,0.0000,0,0,0,0,0,0
n012w8-0,n012w8,0,5,500000,100.0,adaptive,2026-07-04T12:35:58+01:00,4,1,28,4,1,99.991711,2925,3075,2925,150,4.8780,GLOBAL_BEST,0,42,0,6,0,8,0,0,0.0000,0.0000,0,0,0,0,0,0
n012w8-0,n012w8,0,5,500000,100.0,adaptive,2026-07-04T12:35:58+01:00,4,2,28,5,1,0.000000,3240,3300,3240,60,1.8182,GLOBAL_BEST,0,42,0,6,0,9,1,0,600000.0000,0.0000,0,0,0,0,0,0
n012w8-0,n012w8,0,5,500000,100.0,adaptive,2026-07-04T12:35:58+01:00,4,1,28,5,1,99.988948,2775,2925,2775,150,5.1282,LOCAL_BEST,0,42,0,7,0,10,0,0,0.0000,0.0000,0,0,0,0,0,0
n012w8-0,n012w8,0,5,500000,100.0,adaptive,2026-07-04T12:35:58+01:00,4,2,28,6,1,0.000000,3045,3240,3045,195,6.0185,GLOBAL_BEST,0,42,0,7,0,11,1,0,1950000.0000,0.0000,0,0,0,0,0,0
n012w8-0,n012w8,0,5,500000,100.0,adaptive,2026-07-04T12:35:58+01:00,4,2,28,8,1,0.000000,2745,3045,2745,300,9.8522,GLOBAL_BEST,0,42,0,8,0,12,2,0,1500000.0000,0.0000,0,0,0,0,0,0
n012w8-0,n012w8,0,5,500000,100.0,adaptive,2026-07-04T12:35:58+01:00,4,3,28,8,1,0.000000,3000,3165,3000,165,5.2133,LOCAL_BEST,0,42,0,11,1,13,0,0,0.0000,0.0000,0,0,0,0,0,0
n012w8-0,n012w8,0,5,500000,100.0,adaptive,2026-07-04T12:35:58+01:00,4,2,28,9,1,0.000000,2670,2745,2670,75,2.7322,GLOBAL_BEST,0,42,0,9,0,14,1,0,750000.0000,0.0000,0,0,0,0,0,0
n012w8-0,n012w8,0,5,500000,100.0,adaptive,2026-07-04T12:35:58+01:00,4,1,28,9,1,99.977898,2760,2775,2760,15,0.5405,LOCAL_BEST,0,42,0,17,2,15,0,0,0.0000,0.0000,0,0,0,0,0,0
n012w8-0,n012w8,0,5,500000,100.0,adaptive,2026-07-04T12:35:58+01:00,4,2,28,10,1,0.000000,2550,2670,2550,120,4.4944,GLOBAL_BEST,0,42,0,10,0,16,1,0,1200000.0000,0.0000,0,0,0,0,0,0
n012w8-0,n012w8,0,5,500000,100.0,adaptive,2026-07-04T12:35:58+01:00,4,2,28,11,1,0.000000,2460,2550,2460,90,3.5294,GLOBAL_BEST,0,42,0,10,0,17,1,0,900000.0000,0.0000,0,0,0,0,0,0
n012w8-0,n012w8,0,5,500000,100.0,adaptive,2026-07-04T12:35:58+01:00,4,1,28,11,1,99.972373,2640,2760,2640,120,4.3478,LOCAL_BEST,0,42,0,18,2,18,0,0,0.0000,0.0000,0,0,0,0,0,0
n012w8-0,n012w8,0,5,500000,100.0,adaptive,2026-07-04T12:35:58+01:00,4,3,28,14,1,0.000000,2955,3000,2955,45,1.5000,LOCAL_BEST,0,42,2,20,1,19,3,0,150000.0000,0.0000,0,0,0,0,0,0
n012w8-0,n012w8,0,5,500000,100.0,adaptive,2026-07-04T12:35:58+01:00,4,3,28,15,1,0.000000,2805,2955,2805,150,5.0761,LOCAL_BEST,0,42,2,20,1,20,1,0,1500000.0000,0.0000,0,0,0,0,0,0
n012w8-0,n012w8,0,5,500000,100.0,adaptive,2026-07-04T12:35:58+01:00,4,1,28,15,1,99.961324,2580,2640,2580,60,2.2727,LOCAL_BEST,0,42,0,28,2,21,0,0,0.0000,0.0000,0,0,0,0,0,0
n012w8-0,n012w8,0,5,500000,100.0,adaptive,2026-07-04T12:35:58+01:00,4,3,28,16,1,0.000000,2775,2805,2775,30,1.0695,LOCAL_BEST,0,42,2,22,1,22,1,0,300000.0000,0.0000,0,0,0,0,0,0
n012w8-0,n012w8,0,5,500000,100.0,adaptive,2026-07-04T12:35:58+01:00,4,2,28,16,1,0.000000,2430,2460,2430,30,1.2195,GLOBAL_BEST,0,42,0,20,0,23,0,0,0.0000,0.0000,0,0,0,0,0,0
n012w8-0,n012w8,0,5,500000,100.0,adaptive,2026-07-04T12:35:58+01:00,4,1,28,16,1,99.958562,2370,2580,2370,210,8.1395,GLOBAL_BEST,0,42,0,28,2,24,0,0,0.0000,0.0000,0,0,0,0,0,0
n012w8-0,n012w8,0,5,500000,100.0,adaptive,2026-07-04T12:35:58+01:00,4,3,28,17,1,0.000000,2685,2775,2685,90,3.2432,LOCAL_BEST,0,42,2,22,1,25,1,0,900000.0000,0.0000,0,0,0,0,0,0
n012w8-0,n012w8,0,5,500000,100.0,adaptive,2026-07-04T12:35:58+01:00,4,2,28,17,1,0.000000,2400,2430,2400,30,1.2346,LOCAL_BEST,0,42,0,20,0,26,0,0,0.0000,0.0000,0,0,0,0,0,0
n012w8-0,n012w8,0,5,500000,100.0,adaptive,2026-07-04T12:35:58+01:00,4,3,28,18,1,0.000000,2670,2685,2670,15,0.5587,LOCAL_BEST,0,42,2,23,1,27,1,0,150000.0000,0.0000,0,0,0,0,0,0
n012w8-0,n012w8,0,5,500000,100.0,adaptive,2026-07-04T12:35:58+01:00,4,3,28,20,1,0.000000,2580,2670,2580,90,3.3708,LOCAL_BEST,0,42,3,29,1,28,2,0,450000.0000,0.0000,0,0,0,0,0,0
n012w8-0,n012w8,0,5,500000,100.0,adaptive,2026-07-04T12:35:58+01:00,4,1,28,21,1,99.944753,2295,2370,2295,75,3.1646,GLOBAL_BEST,0,42,1,38,3,29,1,0,750000.0000,0.0000,0,0,0,0,0,0
n012w8-0,n012w8,0,5,500000,100.0,adaptive,2026-07-04T12:35:58+01:00,4,1,28,22,1,99.941992,2055,2295,2055,240,10.4575,GLOBAL_BEST,0,42,1,39,3,30,1,0,2400000.0000,0.0000,0,0,0,0,0,0
n012w8-0,n012w8,0,5,500000,100.0,adaptive,2026-07-04T12:35:58+01:00,4,3,28,24,1,0.000000,2535,2580,2535,45,1.7442,LOCAL_BEST,0,42,4,34,1,31,2,0,225000.0000,0.0000,0,0,0,0,0,0
n012w8-0,n012w8,0,5,500000,100.0,adaptive,2026-07-04T12:35:58+01:00,4,3,28,25,1,0.000000,2505,2535,2505,30,1.1834,LOCAL_BEST,0,42,4,36,1,32,1,0,300000.0000,0.0000,0,0,0,0,0,0
n012w8-0,n012w8,0,5,500000,100.0,adaptive,2026-07-04T12:35:58+01:00,4,3,28,27,1,0.000000,2430,2505,2430,75,2.9940,LOCAL_BEST,0,42,5,37,1,33,2,0,375000.0000,0.0000,0,0,0,0,0,0
n012w8-0,n012w8,0,5,500000,100.0,adaptive,2026-07-04T12:35:58+01:00,4,1,28,27,1,99.928185,1950,2055,1950,105,5.1095,GLOBAL_BEST,0,42,2,52,4,34,0,0,0.0000,0.0000,0,0,0,0,0,0
n012w8-0,n012w8,0,5,500000,100.0,adaptive,2026-07-04T12:35:58+01:00,4,1,28,28,1,99.925424,1920,1950,1920,30,1.5385,GLOBAL_BEST,0,42,2,52,4,35,1,0,300000.0000,0.0000,0,0,0,0,0,0
n012w8-0,n012w8,0,5,500000,100.0,adaptive,2026-07-04T12:35:58+01:00,4,3,28,29,1,0.000000,2415,2430,2415,15,0.6173,LOCAL_BEST,0,42,5,43,1,36,1,0,150000.0000,0.0000,0,0,0,0,0,0
n012w8-0,n012w8,0,5,500000,100.0,adaptive,2026-07-04T12:35:58+01:00,4,3,28,30,1,0.000000,2400,2415,2400,15,0.6211,LOCAL_BEST,0,42,5,44,1,37,1,0,150000.0000,0.0000,0,0,0,0,0,0
n012w8-0,n012w8,0,5,500000,100.0,adaptive,2026-07-04T12:35:58+01:00,4,1,28,39,1,99.895057,1860,1920,1860,60,3.1250,GLOBAL_BEST,0,42,5,75,7,38,9,0,66666.6667,0.0000,0,0,0,0,0,0
n012w8-0,n012w8,0,5,500000,100.0,adaptive,2026-07-04T12:35:58+01:00,4,1,28,43,1,99.884017,1830,1860,1830,30,1.6129,GLOBAL_BEST,0,42,6,82,8,39,4,0,75000.0000,0.0000,0,0,0,0,0,0
n012w8-0,n012w8,0,5,500000,100.0,adaptive,2026-07-04T12:35:58+01:00,4,1,28,44,1,99.881257,1815,1830,1815,15,0.8197,GLOBAL_BEST,0,42,6,83,8,40,1,0,150000.0000,0.0000,0,0,0,0,0,0
n012w8-0,n012w8,0,5,500000,100.0,adaptive,2026-07-04T12:35:58+01:00,4,2,28,46,1,0.000000,2370,2400,2370,30,1.2500,LOCAL_BEST,0,42,0,67,0,41,2,0,150000.0000,0.0000,0,0,0,0,0,0
n012w8-0,n012w8,0,5,500000,100.0,adaptive,2026-07-04T12:35:58+01:00,4,5,28,49,42,0.000000,585,600,585,15,2.5000,GLOBAL_BEST,1,42,0,67,42,42,3,41,50000.0000,365.8537,0,0,0,0,0,0
n012w8-0,n012w8,0,5,500000,100.0,adaptive,2026-07-04T12:35:58+01:00,4,2,28,51,1,0.000000,2335,2370,2335,35,1.4768,LOCAL_BEST,0,42,0,75,0,43,2,-41,175000.0000,0.0000,0,0,0,0,0,0
n012w8-0,n012w8,0,5,500000,100.0,adaptive,2026-07-04T12:35:58+01:00,4,3,28,53,1,0.000000,2370,2400,2370,30,1.2500,LOCAL_BEST,0,42,15,75,3,44,2,0,150000.0000,0.0000,0,0,0,0,0,0
n012w8-0,n012w8,0,5,500000,100.0,adaptive,2026-07-04T12:35:58+01:00,4,8,28,56,77,0.000000,295,310,295,15,4.8387,GLOBAL_BEST,3,42,0,85,52,45,3,76,50000.0000,197.3684,0,0,0,0,0,0
n012w8-0,n012w8,0,5,500000,100.0,adaptive,2026-07-04T12:35:58+01:00,4,2,28,57,1,0.000000,2275,2335,2275,60,2.5696,LOCAL_BEST,0,42,0,82,0,46,1,-76,600000.0000,0.0000,0,0,0,0,0,0
n012w8-0,n012w8,0,5,500000,100.0,adaptive,2026-07-04T12:35:58+01:00,4,2,28,59,1,0.000000,2065,2275,2065,210,9.2308,LOCAL_BEST,0,42,0,82,0,47,2,0,1050000.0000,0.0000,0,0,0,0,0,0
n012w8-0,n012w8,0,5,500000,100.0,adaptive,2026-07-04T12:35:58+01:00,4,2,28,62,1,0.000000,2010,2065,2010,55,2.6634,LOCAL_BEST,0,42,0,84,0,48,3,0,183333.3333,0.0000,0,0,0,0,0,0
n012w8-0,n012w8,0,5,500000,100.0,adaptive,2026-07-04T12:35:58+01:00,4,2,28,64,1,0.000000,1950,2010,1950,60,2.9851,LOCAL_BEST,0,42,0,89,0,49,2,0,300000.0000,0.0000,0,0,0,0,0,0
n012w8-0,n012w8,0,5,500000,100.0,adaptive,2026-07-04T12:35:58+01:00,4,2,28,65,1,0.000000,1800,1950,1800,150,7.6923,GLOBAL_BEST,0,42,0,90,0,50,1,0,1500000.0000,0.0000,0,0,0,0,0,0
n012w8-0,n012w8,0,5,500000,100.0,adaptive,2026-07-04T12:35:58+01:00,4,3,28,68,1,0.000000,2355,2370,2355,15,0.6329,LOCAL_BEST,0,42,20,123,4,51,3,0,50000.0000,0.0000,0,0,0,0,0,0
n012w8-0,n012w8,0,5,500000,100.0,adaptive,2026-07-04T12:35:58+01:00,4,3,28,69,1,0.000000,2340,2355,2340,15,0.6369,LOCAL_BEST,0,42,20,127,4,52,1,0,150000.0000,0.0000,0,0,0,0,0,0
n012w8-0,n012w8,0,5,500000,100.0,adaptive,2026-07-04T12:35:58+01:00,4,3,28,73,1,0.000000,2280,2340,2280,60,2.5641,LOCAL_BEST,0,42,22,133,5,53,4,0,150000.0000,0.0000,0,0,0,0,0,0
n012w8-0,n012w8,0,5,500000,100.0,adaptive,2026-07-04T12:35:58+01:00,4,3,28,74,1,0.000000,2250,2280,2250,30,1.3158,LOCAL_BEST,0,42,22,137,5,54,1,0,300000.0000,0.0000,0,0,0,0,0,0
n012w8-0,n012w8,0,5,500000,100.0,adaptive,2026-07-04T12:35:58+01:00,4,3,28,83,1,0.000000,2235,2250,2235,15,0.6667,LOCAL_BEST,0,42,25,147,5,55,9,0,16666.6667,0.0000,0,0,0,0,0,0
n012w8-0,n012w8,0,5,500000,100.0,adaptive,2026-07-04T12:35:58+01:00,4,3,28,84,1,0.000000,2170,2235,2170,65,2.9083,LOCAL_BEST,0,42,25,154,5,56,1,0,650000.0000,0.0000,0,0,0,0,0,0
n012w8-0,n012w8,0,5,500000,100.0,adaptive,2026-07-04T12:35:58+01:00,4,1,28,84,1,99.770925,1765,1815,1765,50,2.7548,GLOBAL_BEST,0,42,15,186,16,57,0,0,0.0000,0.0000,0,0,0,0,0,0
n012w8-0,n012w8,0,5,500000,100.0,adaptive,2026-07-04T12:35:58+01:00,4,1,28,89,1,99.757142,1630,1765,1630,135,7.6487,GLOBAL_BEST,0,42,18,200,16,58,5,0,270000.0000,0.0000,0,0,0,0,0,0
n012w8-0,n012w8,0,5,500000,100.0,adaptive,2026-07-04T12:35:58+01:00,4,8,28,89,77,0.000000,280,295,280,15,5.0847,GLOBAL_BEST,3,42,0,152,77,59,0,76,0.0000,197.3684,0,0,0,0,0,0
n012w8-0,n012w8,0,5,500000,100.0,adaptive,2026-07-04T12:35:58+01:00,4,3,28,91,1,0.000000,2080,2170,2080,90,4.1475,LOCAL_BEST,0,42,27,172,6,60,2,-76,450000.0000,0.0000,0,0,0,0,0,0
n012w8-0,n012w8,0,5,500000,100.0,adaptive,2026-07-04T12:35:58+01:00,4,1,28,99,1,99.729582,1525,1630,1525,105,6.4417,GLOBAL_BEST,0,42,20,217,20,61,8,0,131250.0000,0.0000,0,0,0,0,0,0
n012w8-0,n012w8,0,5,500000,100.0,adaptive,2026-07-04T12:35:58+01:00,4,2,28,105,1,0.000000,1795,1800,1795,5,0.2778,LOCAL_BEST,0,42,0,159,0,62,6,0,8333.3333,0.0000,0,0,0,0,0,0
n012w8-0,n012w8,0,5,500000,100.0,adaptive,2026-07-04T12:35:58+01:00,4,1,28,115,1,99.685502,1495,1525,1495,30,1.9672,GLOBAL_BEST,0,42,25,255,24,63,10,0,30000.0000,0.0000,0,0,0,0,0,0
n012w8-0,n012w8,0,5,500000,100.0,adaptive,2026-07-04T12:35:58+01:00,4,3,28,121,1,0.000000,2045,2080,2045,35,1.6827,LOCAL_BEST,0,42,38,248,6,64,6,0,58333.3333,0.0000,0,0,0,0,0,0
n012w8-0,n012w8,0,5,500000,100.0,adaptive,2026-07-04T12:35:58+01:00,4,3,28,133,1,0.000000,1975,2045,1975,70,3.4230,LOCAL_BEST,0,42,44,262,6,65,12,0,58333.3333,0.0000,0,0,0,0,0,0
n012w8-0,n012w8,0,5,500000,100.0,adaptive,2026-07-04T12:35:58+01:00,4,1,28,133,1,99.635935,1455,1495,1455,40,2.6756,GLOBAL_BEST,0,42,29,286,29,66,0,0,0.0000,0.0000,0,0,0,0,0,0
n012w8-0,n012w8,0,5,500000,100.0,adaptive,2026-07-04T12:35:58+01:00,4,1,28,139,1,99.619418,1440,1455,1440,15,1.0309,GLOBAL_BEST,0,42,31,314,31,67,6,0,25000.0000,0.0000,0,0,0,0,0,0
n012w8-0,n012w8,0,5,500000,100.0,adaptive,2026-07-04T12:35:58+01:00,4,1,28,142,1,99.611161,1275,1440,1275,165,11.4583,GLOBAL_BEST,0,42,31,318,32,68,3,0,550000.0000,0.0000,0,0,0,0,0,0
n012w8-0,n012w8,0,5,500000,100.0,adaptive,2026-07-04T12:35:58+01:00,4,1,28,147,1,99.597400,1245,1275,1245,30,2.3529,GLOBAL_BEST,0,42,33,324,34,69,5,0,60000.0000,0.0000,0,0,0,0,0,0
n012w8-0,n012w8,0,5,500000,100.0,adaptive,2026-07-04T12:35:58+01:00,4,1,28,148,1,99.594648,1215,1245,1215,30,2.4096,GLOBAL_BEST,0,42,33,332,34,70,1,0,300000.0000,0.0000,0,0,0,0,0,0
n012w8-0,n012w8,0,5,500000,100.0,adaptive,2026-07-04T12:35:58+01:00,4,1,28,150,1,99.589144,1170,1215,1170,45,3.7037,GLOBAL_BEST,0,42,34,334,34,71,2,0,225000.0000,0.0000,0,0,0,0,0,0
n012w8-0,n012w8,0,5,500000,100.0,adaptive,2026-07-04T12:35:58+01:00,4,1,28,152,1,99.583641,1110,1170,1110,60,5.1282,GLOBAL_BEST,0,42,34,337,35,72,2,0,300000.0000,0.0000,0,0,0,0,0,0
n012w8-0,n012w8,0,5,500000,100.0,adaptive,2026-07-04T12:35:58+01:00,4,1,28,153,1,99.580889,1020,1110,1020,90,8.1081,GLOBAL_BEST,0,42,34,337,35,73,1,0,900000.0000,0.0000,0,0,0,0,0,0
n012w8-0,n012w8,0,5,500000,100.0,adaptive,2026-07-04T12:35:58+01:00,4,3,28,168,1,0.000000,1830,1975,1830,145,7.3418,LOCAL_BEST,0,42,56,304,6,74,15,0,96666.6667,0.0000,0,0,0,0,0,0
n012w8-0,n012w8,0,5,500000,100.0,adaptive,2026-07-04T12:35:58+01:00,4,5,28,225,42,0.000000,495,585,495,90,15.3846,GLOBAL_BEST,1,42,0,323,209,75,57,41,15789.4737,2195.1220,0,0,0,0,0,0
n012w8-0,n012w8,0,5,500000,100.0,adaptive,2026-07-04T12:35:58+01:00,4,2,28,307,2,0.000000,1590,1795,1590,205,11.4206,LOCAL_BEST,0,42,0,585,0,76,82,-40,25000.0000,0.0000,0,0,0,0,0,0
n012w8-0,n012w8,0,5,500000,100.0,adaptive,2026-07-04T12:35:58+01:00,4,8,28,401,77,0.000000,250,280,250,30,10.7143,GLOBAL_BEST,3,42,0,669,354,77,94,75,3191.4894,400.0000,0,0,0,0,0,0
n012w8-0,n012w8,0,5,500000,100.0,adaptive,2026-07-04T12:35:58+01:00,4,3,28,416,2,0.000000,1735,1830,1735,95,5.1913,LOCAL_BEST,0,42,143,727,15,78,15,-75,63333.3333,0.0000,0,0,0,0,0,0
n012w8-0,n012w8,0,5,500000,100.0,adaptive,2026-07-04T12:35:58+01:00,4,3,28,417,2,0.000000,1675,1735,1675,60,3.4582,LOCAL_BEST,0,42,143,734,15,79,1,0,600000.0000,0.0000,0,0,0,0,0,0
n012w8-0,n012w8,0,5,500000,100.0,adaptive,2026-07-04T12:35:58+01:00,4,3,28,418,2,0.000000,1495,1675,1495,180,10.7463,LOCAL_BEST,0,42,143,734,15,80,1,0,1800000.0000,0.0000,0,0,0,0,0,0
n012w8-0,n012w8,0,5,500000,100.0,adaptive,2026-07-04T12:35:58+01:00,4,2,28,699,2,0.000000,1515,1590,1515,75,4.7170,LOCAL_BEST,0,42,0,1403,0,81,281,0,2669.0391,0.0000,0,0,0,0,0,0
n012w8-0,n012w8,0,5,500000,100.0,adaptive,2026-07-04T12:35:58+01:00,4,2,28,700,2,0.000000,1500,1515,1500,15,0.9901,LOCAL_BEST,0,42,0,1405,0,82,1,0,150000.0000,0.0000,0,0,0,0,0,0
n012w8-0,n012w8,0,5,500000,100.0,adaptive,2026-07-04T12:35:58+01:00,4,1,28,1013,3,97.242474,990,1020,990,30,2.9412,GLOBAL_BEST,0,42,239,1769,344,83,313,1,958.4665,30000.0000,0,0,0,0,0,0
n012w8-0,n012w8,0,5,500000,100.0,adaptive,2026-07-04T12:35:58+01:00,4,1,28,1015,3,97.237100,975,990,975,15,1.5152,GLOBAL_BEST,0,42,240,1772,344,84,2,0,75000.0000,0.0000,0,0,0,0,0,0
n012w8-0,n012w8,0,5,500000,100.0,adaptive,2026-07-04T12:35:58+01:00,4,5,28,1316,44,0.000000,480,495,480,15,3.0303,GLOBAL_BEST,1,42,0,2071,1135,85,301,41,498.3389,365.8537,0,0,0,0,0,0
n012w8-0,n012w8,0,5,500000,100.0,adaptive,2026-07-04T12:35:58+01:00,4,3,28,1379,3,0.000000,1380,1495,1380,115,7.6923,LOCAL_BEST,0,42,482,2473,53,86,63,-41,18253.9683,0.0000,0,0,0,0,0,0
n012w8-0,n012w8,0,5,500000,100.0,adaptive,2026-07-04T12:35:58+01:00,4,3,28,1380,3,0.000000,1365,1380,1365,15,1.0870,LOCAL_BEST,0,42,482,2473,53,87,1,0,150000.0000,0.0000,0,0,0,0,0,0
n012w8-0,n012w8,0,5,500000,100.0,adaptive,2026-07-04T12:35:58+01:00,4,3,28,1381,3,0.000000,1305,1365,1305,60,4.3956,LOCAL_BEST,0,42,482,2474,53,88,1,0,600000.0000,0.0000,0,0,0,0,0,0
n012w8-0,n012w8,0,5,500000,100.0,adaptive,2026-07-04T12:35:58+01:00,4,2,28,1938,4,0.000000,1470,1500,1470,30,2.0000,LOCAL_BEST,0,42,0,3690,176,89,557,1,538.5996,30000.0000,0,0,0,0,0,0
n012w8-0,n012w8,0,5,500000,100.0,adaptive,2026-07-04T12:35:58+01:00,4,2,28,1939,4,0.000000,1375,1470,1375,95,6.4626,LOCAL_BEST,0,42,0,3690,176,90,1,0,950000.0000,0.0000,0,0,0,0,0,0
n012w8-0,n012w8,0,5,500000,100.0,adaptive,2026-07-04T12:35:58+01:00,4,2,28,1941,4,0.000000,1315,1375,1315,60,4.3636,LOCAL_BEST,0,42,0,3694,176,91,2,0,300000.0000,0.0000,0,0,0,0,0,0
n012w8-0,n012w8,0,5,500000,100.0,adaptive,2026-07-04T12:35:58+01:00,4,5,28,3224,46,0.000000,465,480,465,15,3.1250,GLOBAL_BEST,1,42,0,5148,2698,92,1283,42,116.9135,357.1429,0,0,0,0,0,0
n012w8-0,n012w8,0,5,500000,100.0,adaptive,2026-07-04T12:35:58+01:00,4,5,28,3225,46,0.000000,435,465,435,30,6.4516,GLOBAL_BEST,1,42,0,5149,2698,93,1,0,300000.0000,0.0000,0,0,0,0,0,0
n012w8-0,n012w8,0,5,500000,100.0,adaptive,2026-07-04T12:35:58+01:00,4,2,28,3462,6,0.000000,1300,1315,1300,15,1.1407,LOCAL_BEST,0,42,0,6475,481,94,237,-40,632.9114,0.0000,0,0,0,0,0,0
n012w8-0,n012w8,0,5,500000,100.0,adaptive,2026-07-04T12:35:58+01:00,4,1,28,3957,7,89.645398,970,975,970,5,0.5128,GLOBAL_BEST,0,42,938,7006,1349,95,495,1,101.0101,5000.0000,0,0,0,0,0,0
n012w8-0,n012w8,0,5,500000,100.0,adaptive,2026-07-04T12:35:58+01:00,4,2,28,4470,8,0.000000,1265,1300,1265,35,2.6923,LOCAL_BEST,0,42,0,8204,766,96,513,1,682.2612,35000.0000,0,0,0,0,0,0
n012w8-0,n012w8,0,5,500000,100.0,adaptive,2026-07-04T12:35:58+01:00,4,2,28,4502,8,0.000000,1255,1265,1255,10,0.7905,LOCAL_BEST,0,42,0,8267,778,97,32,0,3125.0000,0.0000,0,0,0,0,0,0
n012w8-0,n012w8,0,5,500000,100.0,adaptive,2026-07-04T12:35:58+01:00,4,2,28,4615,8,0.000000,1180,1255,1180,75,5.9761,LOCAL_BEST,0,42,0,8496,808,98,113,0,6637.1681,0.0000,0,0,0,0,0,0
n012w8-0,n012w8,0,5,500000,100.0,adaptive,2026-07-04T12:35:58+01:00,4,8,28,5351,88,0.000000,235,250,235,15,6.0000,GLOBAL_BEST,3,42,0,9026,4832,99,736,80,203.8043,187.5000,0,0,0,0,0,0
n012w8-0,n012w8,0,5,500000,100.0,adaptive,2026-07-04T12:35:58+01:00,4,5,28,5486,50,0.000000,390,435,390,45,10.3448,GLOBAL_BEST,1,42,0,8746,4573,100,135,-38,3333.3333,0.0000,0,0,0,0,0,0
n012w8-0,n012w8,0,5,500000,100.0,adaptive,2026-07-04T12:35:58+01:00,4,2,28,5505,9,0.000000,1170,1180,1170,10,0.8475,LOCAL_BEST,0,42,0,10133,1113,101,19,-41,5263.1579,0.0000,0,0,0,0,0,0
n012w8-0,n012w8,0,5,500000,100.0,adaptive,2026-07-04T12:35:58+01:00,4,2,28,5507,9,0.000000,1155,1170,1155,15,1.2821,LOCAL_BEST,0,42,0,10137,1113,102,2,0,75000.0000,0.0000,0,0,0,0,0,0
n012w8-0,n012w8,0,5,500000,100.0,adaptive,2026-07-04T12:35:58+01:00,4,1,28,6677,10,83.154930,965,970,965,5,0.5155,GLOBAL_BEST,0,42,1555,11773,2293,103,1170,1,42.7350,5000.0000,0,0,0,0,0,0
n012w8-0,n012w8,0,5,500000,100.0,adaptive,2026-07-04T12:35:58+01:00,4,1,28,6678,10,83.152632,950,965,950,15,1.5544,GLOBAL_BEST,0,42,1555,11775,2293,104,1,0,150000.0000,0.0000,0,0,0,0,0,0
n012w8-0,n012w8,0,5,500000,100.0,adaptive,2026-07-04T12:35:58+01:00,4,1,28,6684,10,83.138848,860,950,860,90,9.4737,GLOBAL_BEST,0,42,1556,11785,2294,105,6,0,150000.0000,0.0000,0,0,0,0,0,0
n012w8-0,n012w8,0,5,500000,100.0,adaptive,2026-07-04T12:35:58+01:00,4,1,28,6693,10,83.118175,845,860,845,15,1.7442,GLOBAL_BEST,0,42,1556,11798,2297,106,9,0,16666.6667,0.0000,0,0,0,0,0,0
n012w8-0,n012w8,0,5,500000,100.0,adaptive,2026-07-04T12:35:58+01:00,4,2,28,7444,12,0.000000,1150,1155,1150,5,0.4329,LOCAL_BEST,0,42,0,13684,1842,107,751,2,66.5779,2500.0000,0,0,0,0,0,0
n012w8-0,n012w8,0,5,500000,100.0,adaptive,2026-07-04T12:35:58+01:00,4,2,28,8453,14,0.000000,1110,1150,1110,40,3.4783,LOCAL_BEST,0,42,0,15594,2257,108,1009,2,396.4321,20000.0000,0,0,0,0,0,0
n012w8-0,n012w8,0,5,500000,100.0,adaptive,2026-07-04T12:35:58+01:00,4,2,28,8691,14,0.000000,1050,1110,1050,60,5.4054,LOCAL_BEST,0,42,0,16060,2341,109,238,0,2521.0084,0.0000,0,0,0,0,0,0
n012w8-0,n012w8,0,5,500000,100.0,adaptive,2026-07-04T12:35:58+01:00,4,2,28,8754,14,0.000000,1035,1050,1035,15,1.4286,LOCAL_BEST,0,42,0,16178,2366,110,63,0,2380.9524,0.0000,0,0,0,0,0,0
n012w8-0,n012w8,0,5,500000,100.0,adaptive,2026-07-04T12:35:58+01:00,4,1,28,11100,18,73.588847,810,845,810,35,4.1420,GLOBAL_BEST,0,42,2475,19550,4102,111,2346,4,149.1901,8750.0000,0,0,0,0,0,0
n012w8-0,n012w8,0,5,500000,100.0,adaptive,2026-07-04T12:35:58+01:00,4,1,28,11103,18,73.582748,795,810,795,15,1.8519,GLOBAL_BEST,0,42,2476,19558,4103,112,3,0,50000.0000,0.0000,0,0,0,0,0,0
n012w8-0,n012w8,0,5,500000,100.0,adaptive,2026-07-04T12:35:58+01:00,4,2,28,11120,17,0.000000,1020,1035,1020,15,1.4493,LOCAL_BEST,0,42,0,20315,3396,113,17,-1,8823.5294,0.0000,0,0,0,0,0,0
n012w8-0,n012w8,0,5,500000,100.0,adaptive,2026-07-04T12:35:58+01:00,4,5,28,11671,57,0.000000,330,390,330,60,15.3846,GLOBAL_BEST,1,42,0,18178,9771,114,551,40,1088.9292,1500.0000,0,0,0,0,0,0
n012w8-0,n012w8,0,5,500000,100.0,adaptive,2026-07-04T12:35:58+01:00,4,8,28,11831,98,0.000000,225,235,225,10,4.2553,GLOBAL_BEST,3,42,0,19621,10758,115,160,41,625.0000,243.9024,0,0,0,0,0,0
n012w8-0,n012w8,0,5,500000,100.0,adaptive,2026-07-04T12:35:58+01:00,4,2,28,12766,19,0.000000,960,1020,960,60,5.8824,LOCAL_BEST,0,42,0,23122,4186,116,935,-79,641.7112,0.0000,0,0,0,0,0,0
n012w8-0,n012w8,0,5,500000,100.0,adaptive,2026-07-04T12:35:58+01:00,4,8,28,13265,102,0.000000,210,225,210,15,6.6667,GLOBAL_BEST,3,42,0,21889,12053,117,499,83,300.6012,180.7229,0,0,0,0,0,0
n012w8-0,n012w8,0,5,500000,100.0,adaptive,2026-07-04T12:35:58+01:00,4,1,28,14923,23,66.211892,785,795,785,10,1.2579,GLOBAL_BEST,0,42,3218,26185,5761,118,1658,-79,60.3136,0.0000,0,0,0,0,0,0
n012w8-0,n012w8,0,5,500000,100.0,adaptive,2026-07-04T12:35:58+01:00,4,1,28,15005,23,66.062043,770,785,770,15,1.9108,GLOBAL_BEST,0,42,3230,26277,5806,119,82,0,1829.2683,0.0000,0,0,0,0,0,0
n012w8-0,n012w8,0,5,500000,100.0,adaptive,2026-07-04T12:35:58+01:00,4,2,28,15048,23,0.000000,810,960,810,150,15.6250,LOCAL_BEST,0,42,0,27023,5439,120,43,0,34883.7209,0.0000,0,0,0,0,0,0
n012w8-0,n012w8,0,5,500000,100.0,adaptive,2026-07-04T12:35:58+01:00,4,1,28,15244,24,65.627219,695,770,695,75,9.7403,GLOBAL_BEST,0,42,3279,26689,5919,121,196,1,3826.5306,75000.0000,0,0,0,0,0,0
n012w8-0,n012w8,0,5,500000,100.0,adaptive,2026-07-04T12:35:58+01:00,4,1,28,15247,24,65.621779,665,695,665,30,4.3165,GLOBAL_BEST,0,42,3279,26691,5921,122,3,0,100000.0000,0.0000,0,0,0,0,0,0
n012w8-0,n012w8,0,5,500000,100.0,adaptive,2026-07-04T12:35:58+01:00,4,1,28,15249,24,65.618153,620,665,620,45,6.7669,GLOBAL_BEST,0,42,3279,26691,5922,123,2,0,225000.0000,0.0000,0,0,0,0,0,0
n012w8-0,n012w8,0,5,500000,100.0,adaptive,2026-07-04T12:35:58+01:00,4,8,28,17059,110,0.000000,205,210,205,5,2.3810,GLOBAL_BEST,3,42,0,27800,15503,124,1810,86,27.6243,58.1395,0,0,0,0,0,0
n012w8-0,n012w8,0,5,500000,100.0,adaptive,2026-07-04T12:35:58+01:00,4,8,28,17433,110,0.000000,190,205,190,15,7.3171,GLOBAL_BEST,3,42,0,28317,15835,125,374,0,401.0695,0.0000,0,0,0,0,0,0
n012w8-0,n012w8,0,5,500000,100.0,adaptive,2026-07-04T12:35:58+01:00,4,2,28,21266,33,0.000000,775,810,775,35,4.3210,LOCAL_BEST,0,42,0,37647,8827,126,3833,-77,91.3123,0.0000,0,0,0,0,0,0
n012w8-0,n012w8,0,5,500000,100.0,adaptive,2026-07-04T12:35:58+01:00,4,2,28,22509,35,0.000000,760,775,760,15,1.9355,LOCAL_BEST,0,42,0,39714,9580,127,1243,2,120.6758,7500.0000,0,0,0,0,0,0
n012w8-0,n012w8,0,5,500000,100.0,adaptive,2026-07-04T12:35:58+01:00,4,2,28,24532,37,0.000000,730,760,730,30,3.9474,LOCAL_BEST,0,42,0,43105,10905,128,2023,2,148.2946,15000.0000,0,0,0,0,0,0
n012w8-0,n012w8,0,5,500000,100.0,adaptive,2026-07-04T12:35:58+01:00,4,2,28,24533,37,0.000000,715,730,715,15,2.0548,LOCAL_BEST,0,42,0,43106,10905,129,1,0,150000.0000,0.0000,0,0,0,0,0,0
n012w8-0,n012w8,0,5,500000,100.0,adaptive,2026-07-04T12:35:58+01:00,4,5,28,26042,77,0.000000,310,330,310,20,6.0606,GLOBAL_BEST,1,42,0,41276,21908,130,1509,40,132.5381,500.0000,0,0,0,0,0,0
n012w8-0,n012w8,0,5,500000,100.0,adaptive,2026-07-04T12:35:58+01:00,4,2,28,27071,40,0.000000,710,715,710,5,0.6993,LOCAL_BEST,0,42,0,47245,12538,131,1029,-37,48.5909,0.0000,0,0,0,0,0,0
n012w8-0,n012w8,0,5,500000,100.0,adaptive,2026-07-04T12:35:58+01:00,4,2,28,27072,40,0.000000,695,710,695,15,2.1127,LOCAL_BEST,0,42,0,47246,12538,132,1,0,150000.0000,0.0000,0,0,0,0,0,0
n012w8-0,n012w8,0,5,500000,100.0,adaptive,2026-07-04T12:35:58+01:00,4,4,28,27231,83,47.123767,595,600,595,5,0.8333,LOCAL_BEST,1,42,5298,47299,12495,133,159,43,314.4654,116.2791,0,0,0,0,0,0
n012w8-0,n012w8,0,5,500000,100.0,adaptive,2026-07-04T12:35:58+01:00,4,1,28,28456,42,45.555414,600,620,600,20,3.2258,GLOBAL_BEST,0,42,5405,49275,13041,134,1225,-41,163.2653,0.0000,0,0,0,0,0,0
n012w8-0,n012w8,0,5,500000,100.0,adaptive,2026-07-04T12:35:58+01:00,4,1,28,29405,43,44.376393,585,600,585,15,2.5000,LOCAL_BEST,0,42,5515,50941,13681,135,949,1,158.0611,15000.0000,0,0,0,0,0,0
n012w8-0,n012w8,0,5,500000,100.0,adaptive,2026-07-04T12:35:58+01:00,4,1,28,29415,43,44.364133,570,585,570,15,2.5641,LOCAL_BEST,0,42,5515,50956,13689,136,10,0,15000.0000,0.0000,0,0,0,0,0,0
n012w8-0,n012w8,0,5,500000,100.0,adaptive,2026-07-04T12:35:58+01:00,4,4,28,29554,86,44.194070,580,595,580,15,2.5210,LOCAL_BEST,1,42,5634,51353,13858,137,139,43,1079.1367,348.8372,0,0,0,0,0,0
n012w8-0,n012w8,0,5,500000,100.0,adaptive,2026-07-04T12:35:58+01:00,4,4,28,29558,86,44.189186,565,580,565,15,2.5862,LOCAL_BEST,1,42,5634,51359,13861,138,4,0,37500.0000,0.0000,0,0,0,0,0,0
n012w8-0,n012w8,0,5,500000,100.0,adaptive,2026-07-04T12:35:58+01:00,4,1,28,30102,44,43.529933,565,570,565,5,0.8772,LOCAL_BEST,0,42,5605,52243,14125,139,544,-42,91.9118,0.0000,0,0,0,0,0,0
n012w8-0,n012w8,0,5,500000,100.0,adaptive,2026-07-04T12:35:58+01:00,4,2,28,30535,45,0.000000,645,695,645,50,7.1942,LOCAL_BEST,0,42,0,52913,14857,140,433,1,1154.7344,50000.0000,0,0,0,0,0,0
n012w8-0,n012w8,0,5,500000,100.0,adaptive,2026-07-04T12:35:58+01:00,4,8,28,31053,130,0.000000,160,190,160,30,15.7895,GLOBAL_BEST,3,42,0,51118,28370,141,518,85,579.1506,352.9412,0,0,0,0,0,0
n012w8-0,n012w8,0,5,500000,100.0,adaptive,2026-07-04T12:35:58+01:00,4,4,28,31497,89,41.883985,555,565,555,10,1.7699,LOCAL_BEST,1,42,5893,54739,15053,142,444,-41,225.2252,0.0000,0,0,0,0,0,0
n012w8-0,n012w8,0,5,500000,100.0,adaptive,2026-07-04T12:35:58+01:00,4,4,28,31503,89,41.877042,495,555,495,60,10.8108,LOCAL_BEST,1,42,5893,54757,15057,143,6,0,100000.0000,0.0000,0,0,0,0,0,0
n012w8-0,n012w8,0,5,500000,100.0,adaptive,2026-07-04T12:35:58+01:00,4,5,28,33492,87,0.000000,300,310,300,10,3.2258,LOCAL_BEST,1,42,0,52952,28585,144,1989,-2,50.2765,0.0000,0,0,0,0,0,0
n012w8-0,n012w8,0,5,500000,100.0,adaptive,2026-07-04T12:35:58+01:00,4,5,28,34062,87,0.000000,295,300,295,5,1.6667,LOCAL_BEST,1,42,0,53770,29100,145,570,0,87.7193,0.0000,0,0,0,0,0,0
n012w8-0,n012w8,0,5,500000,100.0,adaptive,2026-07-04T12:35:58+01:00,4,5,28,34374,88,0.000000,280,295,280,15,5.0847,LOCAL_BEST,1,42,0,54248,29382,146,312,1,480.7692,15000.0000,0,0,0,0,0,0
n012w8-0,n012w8,0,5,500000,100.0,adaptive,2026-07-04T12:35:58+01:00,4,1,28,34824,51,38.205334,555,565,555,10,1.7699,LOCAL_BEST,0,42,6188,60120,17131,147,450,-37,222.2222,0.0000,0,0,0,0,0,0
n012w8-0,n012w8,0,5,500000,100.0,adaptive,2026-07-04T12:35:58+01:00,4,1,28,34832,51,38.196890,480,555,480,75,13.5135,LOCAL_BEST,0,42,6189,60138,17137,148,8,0,93750.0000,0.0000,0,0,0,0,0,0
n012w8-0,n012w8,0,5,500000,100.0,adaptive,2026-07-04T12:35:58+01:00,4,2,28,35695,52,0.000000,640,645,640,5,0.7752,LOCAL_BEST,0,42,0,61996,18444,149,863,1,57.9374,5000.0000,0,0,0,0,0,0
n012w8-0,n012w8,0,5,500000,100.0,adaptive,2026-07-04T12:35:58+01:00,4,1,28,35830,52,37.157972,450,480,450,30,6.2500,LOCAL_BEST,0,42,6302,61815,17825,150,135,0,2222.2222,0.0000,0,0,0,0,0,0
n012w8-0,n012w8,0,5,500000,100.0,adaptive,2026-07-04T12:35:58+01:00,4,2,28,36562,54,0.000000,625,640,625,15,2.3438,LOCAL_BEST,0,42,0,63376,19037,151,732,2,204.9180,7500.0000,0,0,0,0,0,0
n012w8-0,n012w8,0,5,500000,100.0,adaptive,2026-07-04T12:35:58+01:00,4,2,28,38669,57,0.000000,615,625,615,10,1.6000,LOCAL_BEST,0,42,0,66747,20531,152,2107,3,47.4608,3333.3333,0,0,0,0,0,0
n012w8-0,n012w8,0,5,500000,100.0,adaptive,2026-07-04T12:35:58+01:00,4,2,28,38738,57,0.000000,600,615,600,15,2.4390,LOCAL_BEST,0,42,0,66861,20580,153,69,0,2173.9130,0.0000,0,0,0,0,0,0
n012w8-0,n012w8,0,5,500000,100.0,adaptive,2026-07-04T12:35:58+01:00,4,5,28,39641,94,0.000000,255,280,255,25,8.9286,LOCAL_BEST,1,42,0,62831,33982,154,903,37,276.8549,675.6757,0,0,0,0,0,0
n012w8-0,n012w8,0,5,500000,100.0,adaptive,2026-07-04T12:35:58+01:00,4,2,28,39831,59,0.000000,510,600,510,90,15.0000,LOCAL_BEST,0,42,0,68741,21402,155,190,-35,4736.8421,0.0000,0,0,0,0,0,0
n012w8-0,n012w8,0,5,500000,100.0,adaptive,2026-07-04T12:35:58+01:00,4,4,28,40806,102,32.384709,480,495,480,15,3.0303,LOCAL_BEST,1,42,6831,70313,21330,156,975,43,153.8462,348.8372,0,0,0,0,0,0
n012w8-0,n012w8,0,5,500000,100.0,adaptive,2026-07-04T12:35:58+01:00,4,4,28,40807,102,32.383814,390,480,390,90,18.7500,LOCAL_BEST,1,42,6831,70314,21330,157,1,0,900000.0000,0.0000,0,0,0,0,0,0
n012w8-0,n012w8,0,5,500000,100.0,adaptive,2026-07-04T12:35:58+01:00,4,7,28,45392,149,28.530409,295,310,295,15,4.8387,LOCAL_BEST,2,42,7261,77801,24516,158,4585,47,32.7154,319.1489,0,0,0,0,0,0
n012w8-0,n012w8,0,5,500000,100.0,adaptive,2026-07-04T12:35:58+01:00,4,7,28,45407,149,28.518587,235,295,235,60,20.3390,LOCAL_BEST,2,42,7262,77822,24528,159,15,0,40000.0000,0.0000,0,0,0,0,0,0
n012w8-0,n012w8,0,5,500000,100.0,adaptive,2026-07-04T12:35:58+01:00,4,3,28,46228,70,0.000000,1285,1305,1285,20,1.5326,LOCAL_BEST,0,42,17282,86072,1750,160,821,-79,243.6054,0.0000,0,0,0,0,0,0
n012w8-0,n012w8,0,5,500000,100.0,adaptive,2026-07-04T12:35:58+01:00,4,4,28,48463,112,26.209335,310,390,310,80,20.5128,LOCAL_BEST,1,42,7436,83006,26924,161,2235,42,357.9418,1904.7619,0,0,0,0,0,0
n012w8-0,n012w8,0,5,500000,100.0,adaptive,2026-07-04T12:35:58+01:00,4,4,28,48572,113,26.130517,280,310,280,30,9.6774,LOCAL_BEST,1,42,7440,83150,27015,162,109,1,2752.2936,30000.0000,0,0,0,0,0,0
n012w8-0,n012w8,0,5,500000,100.0,adaptive,2026-07-04T12:35:58+01:00,4,1,28,49753,72,25.291582,415,450,415,35,7.7778,LOCAL_BEST,0,42,7522,84429,27750,163,1181,-41,296.3590,0.0000,0,0,0,0,0,0
n012w8-0,n012w8,0,5,500000,100.0,adaptive,2026-07-04T12:35:58+01:00,4,1,28,49824,72,25.242014,385,415,385,30,7.2289,LOCAL_BEST,0,42,7524,84539,27809,164,71,0,4225.3521,0.0000,0,0,0,0,0,0
n012w8-0,n012w8,0,5,500000,100.0,adaptive,2026-07-04T12:35:58+01:00,4,1,28,49878,72,25.204379,370,385,370,15,3.8961,LOCAL_BEST,0,42,7526,84626,27853,165,54,0,2777.7778,0.0000,0,0,0,0,0,0
n012w8-0,n012w8,0,5,500000,100.0,adaptive,2026-07-04T12:35:58+01:00,4,1,28,50168,73,25.003223,355,370,355,15,4.0541,LOCAL_BEST,0,42,7545,85065,28080,166,290,1,517.2414,15000.0000,0,0,0,0,0,0
n012w8-0,n012w8,0,5,500000,100.0,adaptive,2026-07-04T12:35:58+01:00,4,1,28,50169,73,25.002532,325,355,325,30,8.4507,GLOBAL_BEST,0,42,7545,85069,28080,167,1,0,300000.0000,0.0000,0,0,0,0,0,0
n012w8-0,n012w8,0,5,500000,100.0,adaptive,2026-07-04T12:35:58+01:00,4,2,28,50848,73,0.000000,495,510,495,15,2.9412,LOCAL_BEST,0,42,0,86840,29696,168,679,0,220.9131,0.0000,0,0,0,0,0,0
n012w8-0,n012w8,0,5,500000,100.0,adaptive,2026-07-04T12:35:58+01:00,4,4,28,53546,119,22.775085,275,280,275,5,1.7857,LOCAL_BEST,1,42,7768,91246,30861,169,2698,46,18.5322,108.6957,0,0,0,0,0,0
n012w8-0,n012w8,0,5,500000,100.0,adaptive,2026-07-04T12:35:58+01:00,4,4,28,53550,119,22.772568,260,275,260,15,5.4545,LOCAL_BEST,1,42,7768,91251,30863,170,4,0,37500.0000,0.0000,0,0,0,0,0,0
n012w8-0,n012w8,0,5,500000,100.0,adaptive,2026-07-04T12:35:58+01:00,4,4,28,53754,119,22.644566,235,260,235,25,9.6154,LOCAL_BEST,1,42,7776,91537,31035,171,204,0,1225.4902,0.0000,0,0,0,0,0,0
n012w8-0,n012w8,0,5,500000,100.0,adaptive,2026-07-04T12:35:58+01:00,4,4,28,53777,119,22.630180,220,235,220,15,6.3830,LOCAL_BEST,1,42,7776,91584,31056,172,23,0,6521.7391,0.0000,0,0,0,0,0,0
n012w8-0,n012w8,0,5,500000,100.0,adaptive,2026-07-04T12:35:58+01:00,4,2,28,54124,77,0.000000,490,495,490,5,1.0101,LOCAL_BEST,0,42,0,92353,32321,173,347,-42,144.0922,0.0000,0,0,0,0,0,0
n012w8-0,n012w8,0,5,500000,100.0,adaptive,2026-07-04T12:35:58+01:00,4,2,28,54851,79,0.000000,445,490,445,45,9.1837,LOCAL_BEST,0,42,0,93393,32911,174,727,2,618.9821,22500.0000,0,0,0,0,0,0
n012w8-0,n012w8,0,5,500000,100.0,adaptive,2026-07-04T12:35:58+01:00,4,2,28,55964,80,0.000000,410,445,410,35,7.8652,LOCAL_BEST,0,42,0,95219,33779,175,1113,1,314.4654,35000.0000,0,0,0,0,0,0
n012w8-0,n012w8,0,5,500000,100.0,adaptive,2026-07-04T12:35:58+01:00,4,2,28,55966,80,0.000000,365,410,365,45,10.9756,LOCAL_BEST,0,42,0,95223,33780,176,2,0,225000.0000,0.0000,0,0,0,0,0,0
n012w8-0,n012w8,0,5,500000,100.0,adaptive,2026-07-04T12:35:58+01:00,4,1,28,67794,97,15.363282,315,325,315,10,3.0769,LOCAL_BEST,0,42,8251,113288,42792,177,11828,17,8.4545,588.2353,0,0,0,0,0,0
n012w8-0,n012w8,0,5,500000,100.0,adaptive,2026-07-04T12:35:58+01:00,4,5,28,71322,137,0.000000,250,255,250,5,1.9608,LOCAL_BEST,1,42,0,112252,62698,178,3528,40,14.1723,125.0000,0,0,0,0,0,0
n012w8-0,n012w8,0,5,500000,100.0,adaptive,2026-07-04T12:35:58+01:00,4,5,28,71931,138,0.000000,235,250,235,15,6.0000,LOCAL_BEST,1,42,0,113109,63247,179,609,1,246.3054,15000.0000,0,0,0,0,0,0
n012w8-0,n012w8,0,5,500000,100.0,adaptive,2026-07-04T12:35:58+01:00,4,1,28,72157,106,13.618460,310,315,310,5,1.5873,LOCAL_BEST,0,42,8337,120428,46710,180,226,-32,221.2389,0.0000,0,0,0,0,0,0
n012w8-0,n012w8,0,5,500000,100.0,adaptive,2026-07-04T12:35:58+01:00,4,1,28,72247,106,13.584636,305,310,305,5,1.6129,LOCAL_BEST,0,42,8340,120569,46789,181,90,0,555.5556,0.0000,0,0,0,0,0,0
n012w8-0,n012w8,0,5,500000,100.0,adaptive,2026-07-04T12:35:58+01:00,4,2,28,73584,104,0.000000,345,365,345,20,5.4795,LOCAL_BEST,0,42,0,124089,48330,182,1337,-2,149.5886,0.0000,0,0,0,0,0,0
n012w8-0,n012w8,0,5,500000,100.0,adaptive,2026-07-04T12:35:58+01:00,4,1,28,76986,114,11.917358,275,305,275,30,9.8361,LOCAL_BEST,0,42,8424,127874,51000,183,3402,10,88.1834,3000.0000,0,0,0,0,0,0
n012w8-0,n012w8,0,5,500000,100.0,adaptive,2026-07-04T12:35:58+01:00,4,1,28,77476,115,11.757094,260,275,260,15,5.4545,LOCAL_BEST,0,42,8431,128545,51448,184,490,1,306.1224,15000.0000,0,0,0,0,0,0
n012w8-0,n012w8,0,5,500000,100.0,adaptive,2026-07-04T12:35:58+01:00,4,2,28,78473,111,0.000000,340,345,340,5,1.4493,LOCAL_BEST,0,42,0,132682,52421,185,997,-4,50.1505,0.0000,0,0,0,0,0,0
n012w8-0,n012w8,0,5,500000,100.0,adaptive,2026-07-04T12:35:58+01:00,4,2,28,78587,111,0.000000,310,340,310,30,8.8235,LOCAL_BEST,0,42,0,132869,52516,186,114,0,2631.5789,0.0000,0,0,0,0,0,0
n012w8-0,n012w8,0,5,500000,100.0,adaptive,2026-07-04T12:35:58+01:00,4,1,28,78990,117,11.275401,255,260,255,5,1.9231,LOCAL_BEST,0,42,8452,130863,52813,187,403,6,124.0695,833.3333,0,0,0,0,0,0
n012w8-0,n012w8,0,5,500000,100.0,adaptive,2026-07-04T12:35:58+01:00,4,1,28,79021,117,11.265747,240,255,240,15,5.8824,LOCAL_BEST,0,42,8453,130904,52840,188,31,0,4838.7097,0.0000,0,0,0,0,0,0
n012w8-0,n012w8,0,5,500000,100.0,adaptive,2026-07-04T12:35:58+01:00,4,1,28,79067,117,11.251437,210,240,210,30,12.5000,LOCAL_BEST,0,42,8453,130979,52881,189,46,0,6521.7391,0.0000,0,0,0,0,0,0
n012w8-0,n012w8,0,5,500000,100.0,adaptive,2026-07-04T12:35:58+01:00,4,2,28,82948,117,0.000000,285,310,285,25,8.0645,LOCAL_BEST,0,42,0,139989,56106,190,3881,0,64.4164,0.0000,0,0,0,0,0,0
n012w8-0,n012w8,0,5,500000,100.0,adaptive,2026-07-04T12:35:58+01:00,4,5,28,84864,161,0.000000,225,235,225,10,4.2553,LOCAL_BEST,1,42,0,132632,75107,191,1916,44,52.1921,227.2727,0,0,0,0,0,0
n012w8-0,n012w8,0,5,500000,100.0,adaptive,2026-07-04T12:35:58+01:00,4,2,28,85321,120,0.000000,270,285,270,15,5.2632,LOCAL_BEST,0,42,0,143835,58043,192,457,-41,328.2276,0.0000,0,0,0,0,0,0
n012w8-0,n012w8,0,5,500000,100.0,adaptive,2026-07-04T12:35:58+01:00,4,5,28,85690,163,0.000000,220,225,220,5,2.2222,LOCAL_BEST,1,42,0,133970,75848,193,369,43,135.5014,116.2791,0,0,0,0,0,0
n012w8-0,n012w8,0,5,500000,100.0,adaptive,2026-07-04T12:35:58+01:00,4,5,28,98335,181,0.000000,210,220,210,10,4.5455,LOCAL_BEST,1,42,0,154379,87406,194,12645,18,7.9083,555.5556,0,0,0,0,0,0
n012w8-0,n012w8,0,5,500000,100.0,adaptive,2026-07-04T12:35:58+01:00,4,5,28,112004,209,0.000000,205,210,205,5,2.3810,LOCAL_BEST,1,42,0,176119,100078,195,13669,28,3.6579,178.5714,0,0,0,0,0,0
n012w8-0,n012w8,0,5,500000,100.0,adaptive,2026-07-04T12:35:58+01:00,4,2,28,120444,184,0.000000,225,270,225,45,16.6667,LOCAL_BEST,0,42,0,199568,89671,196,8440,-25,53.3175,0.0000,0,0,0,0,0,0
n012w8-0,n012w8,0,5,500000,100.0,adaptive,2026-07-04T12:35:58+01:00,4,5,28,124239,227,0.000000,195,205,195,10,4.8780,LOCAL_BEST,1,42,0,195586,111452,197,3795,43,26.3505,232.5581,0,0,0,0,0,0
n012w8-0,n012w8,0,5,500000,100.0,adaptive,2026-07-04T12:35:58+01:00,4,1,28,129067,199,2.826155,210,210,210,0,0.0000,REHEAT,0,42,8594,207994,99443,198,4828,-28,0.0000,0.0000,0,0,0,0,0,0
n012w8-0,n012w8,0,5,500000,100.0,adaptive,2026-07-04T12:35:58+01:00,4,3,28,139389,259,0.000000,1125,1285,1125,160,12.4514,LOCAL_BEST,0,42,52006,259161,5516,199,10322,60,155.0087,2666.6667,0,0,0,0,0,0
n012w8-0,n012w8,0,5,500000,100.0,adaptive,2026-07-04T12:35:58+01:00,4,2,28,157806,253,0.000000,180,225,180,45,20.0000,LOCAL_BEST,0,42,0,258361,122844,200,18417,-6,24.4339,0.0000,0,0,0,0,0,0
n012w8-0,n012w8,0,5,500000,100.0,adaptive,2026-07-04T12:35:58+01:00,4,1,28,179067,297,25.118864,750,210,210,0,0.0000,REHEAT,0,42,16036,292603,127762,201,21261,44,0.0000,0.0000,0,0,0,0,0,0
n012w8-0,n012w8,0,5,500000,100.0,adaptive,2026-07-04T12:35:58+01:00,4,2,28,199625,326,0.000000,165,180,165,15,8.3333,LOCAL_BEST,0,42,0,321281,160678,202,20558,29,7.2964,517.2414,0,0,0,0,0,0
n012w8-0,n012w8,0,5,500000,100.0,adaptive,2026-07-04T12:35:58+01:00,4,1,28,229067,387,25.118864,585,210,210,0,0.0000,REHEAT,0,42,23515,377309,155921,203,29442,61,0.0000,0.0000,0,0,0,0,0,0
n012w8-0,n012w8,0,5,500000,100.0,adaptive,2026-07-04T12:35:58+01:00,4,1,28,279067,474,25.118864,525,210,210,0,0.0000,REHEAT,0,42,30889,462653,184173,204,50000,87,0.0000,0.0000,0,0,0,0,0,0
n012w8-0,n012w8,0,5,500000,100.0,adaptive,2026-07-04T12:35:58+01:00,4,1,28,329067,554,25.118864,810,210,210,0,0.0000,REHEAT,0,42,38553,547525,212087,205,50000,80,0.0000,0.0000,0,0,0,0,0,0
n012w8-0,n012w8,0,5,500000,100.0,adaptive,2026-07-04T12:35:58+01:00,4,1,28,379067,635,25.118864,525,210,210,0,0.0000,REHEAT,0,42,45996,633199,240234,206,50000,81,0.0000,0.0000,0,0,0,0,0,0
n012w8-0,n012w8,0,5,500000,100.0,adaptive,2026-07-04T12:35:58+01:00,4,1,28,429067,731,25.118864,545,210,210,0,0.0000,REHEAT,0,42,53541,717982,268332,207,50000,96,0.0000,0.0000,0,0,0,0,0,0
n012w8-0,n012w8,0,5,500000,100.0,adaptive,2026-07-04T12:35:58+01:00,4,1,28,479067,823,25.118864,650,210,210,0,0.0000,REHEAT,0,42,60998,802900,296550,208,50000,92,0.0000,0.0000,0,0,0,0,0,0
n012w8-0,n012w8,0,5,500000,100.0,adaptive,2026-07-04T12:35:58+01:00,5,1,48,1,1,100.000000,4420,4530,4420,110,2.4283,GLOBAL_BEST,0,777,0,0,0,1,1,1,1100000.0000,110000.0000,0,0,0,0,0,0
n012w8-0,n012w8,0,5,500000,100.0,adaptive,2026-07-04T12:35:58+01:00,5,3,48,1,1,0.000000,4350,4530,4350,180,3.9735,GLOBAL_BEST,0,777,0,2,0,2,0,0,0.0000,0.0000,0,0,0,0,0,0
n012w8-0,n012w8,0,5,500000,100.0,adaptive,2026-07-04T12:35:58+01:00,5,2,48,2,1,0.000000,4380,4530,4380,150,3.3113,LOCAL_BEST,0,777,0,4,0,3,1,0,1500000.0000,0.0000,0,0,0,0,0,0
n012w8-0,n012w8,0,5,500000,100.0,adaptive,2026-07-04T12:35:58+01:00,5,1,48,3,1,99.994474,4150,4420,4150,270,6.1086,GLOBAL_BEST,0,777,0,5,0,4,1,0,2700000.0000,0.0000,0,0,0,0,0,0
n012w8-0,n012w8,0,5,500000,100.0,adaptive,2026-07-04T12:35:58+01:00,5,2,48,3,1,0.000000,4205,4380,4205,175,3.9954,LOCAL_BEST,0,777,0,4,0,5,0,0,0.0000,0.0000,0,0,0,0,0,0
n012w8-0,n012w8,0,5,500000,100.0,adaptive,2026-07-04T12:35:58+01:00,5,3,48,4,1,0.000000,4200,4350,4200,150,3.4483,LOCAL_BEST,0,777,0,7,1,6,1,0,1500000.0000,0.0000,0,0,0,0,0,0
n012w8-0,n012w8,0,5,500000,100.0,adaptive,2026-07-04T12:35:58+01:00,5,1,48,4,1,99.991711,3880,4150,3880,270,6.5060,GLOBAL_BEST,0,777,0,5,0,7,0,0,0.0000,0.0000,0,0,0,0,0,0
n012w8-0,n012w8,0,5,500000,100.0,adaptive,2026-07-04T12:35:58+01:00,5,2,48,4,1,0.000000,3935,4205,3935,270,6.4209,LOCAL_BEST,0,777,0,6,0,8,0,0,0.0000,0.0000,0,0,0,0,0,0
n012w8-0,n012w8,0,5,500000,100.0,adaptive,2026-07-04T12:35:58+01:00,5,2,48,5,1,0.000000,3815,3935,3815,120,3.0496,LOCAL_BEST,0,777,0,9,0,9,1,0,1200000.0000,0.0000,0,0,0,0,0,0
n012w8-0,n012w8,0,5,500000,100.0,adaptive,2026-07-04T12:35:58+01:00,5,3,48,6,1,0.000000,4155,4200,4155,45,1.0714,LOCAL_BEST,0,777,1,14,1,10,1,0,450000.0000,0.0000,0,0,0,0,0,0
n012w8-0,n012w8,0,5,500000,100.0,adaptive,2026-07-04T12:35:58+01:00,5,1,48,6,1,99.986185,3670,3880,3670,210,5.4124,GLOBAL_BEST,0,777,0,9,0,11,0,0,0.0000,0.0000,0,0,0,0,0,0
n012w8-0,n012w8,0,5,500000,100.0,adaptive,2026-07-04T12:35:58+01:00,5,2,48,6,1,0.000000,3795,3815,3795,20,0.5242,LOCAL_BEST,0,777,0,9,0,12,0,0,0.0000,0.0000,0,0,0,0,0,0
n012w8-0,n012w8,0,5,500000,100.0,adaptive,2026-07-04T12:35:58+01:00,5,3,48,7,1,0.000000,3975,4155,3975,180,4.3321,LOCAL_BEST,0,777,1,14,1,13,1,0,1800000.0000,0.0000,0,0,0,0,0,0
n012w8-0,n012w8,0,5,500000,100.0,adaptive,2026-07-04T12:35:58+01:00,5,2,48,7,1,0.000000,3645,3795,3645,150,3.9526,LOCAL_BEST,0,777,0,9,0,14,0,0,0.0000,0.0000,0,0,0,0,0,0
n012w8-0,n012w8,0,5,500000,100.0,adaptive,2026-07-04T12:35:58+01:00,5,1,48,8,1,99.980660,3505,3670,3505,165,4.4959,GLOBAL_BEST,0,777,0,12,0,15,1,0,1650000.0000,0.0000,0,0,0,0,0,0
n012w8-0,n012w8,0,5,500000,100.0,adaptive,2026-07-04T12:35:58+01:00,5,2,48,8,1,0.000000,3390,3645,3390,255,6.9959,GLOBAL_BEST,0,777,0,9,0,16,0,0,0.0000,0.0000,0,0,0,0,0,0
n012w8-0,n012w8,0,5,500000,100.0,adaptive,2026-07-04T12:35:58+01:00,5,3,48,9,1,0.000000,3735,3975,3735,240,6.0377,LOCAL_BEST,0,777,2,17,1,17,1,0,2400000.0000,0.0000,0,0,0,0,0,0
n012w8-0,n012w8,0,5,500000,100.0,adaptive,2026-07-04T12:35:58+01:00,5,1,48,9,1,99.977898,3085,3505,3085,420,11.9829,LOCAL_BEST,0,777,0,16,0,18,0,0,0.0000,0.0000,0,0,0,0,0,0
n012w8-0,n012w8,0,5,500000,100.0,adaptive,2026-07-04T12:35:58+01:00,5,2,48,9,1,0.000000,3090,3390,3090,300,8.8496,LOCAL_BEST,0,777,0,10,0,19,0,0,0.0000,0.0000,0,0,0,0,0,0
n012w8-0,n012w8,0,5,500000,100.0,adaptive,2026-07-04T12:35:58+01:00,5,3,48,10,1,0.000000,3405,3735,3405,330,8.8353,GLOBAL_BEST,0,777,2,18,1,20,1,0,3300000.0000,0.0000,0,0,0,0,0,0
n012w8-0,n012w8,0,5,500000,100.0,adaptive,2026-07-04T12:35:58+01:00,5,3,48,11,1,0.000000,3045,3405,3045,360,10.5727,GLOBAL_BEST,0,777,2,22,1,21,1,0,3600000.0000,0.0000,0,0,0,0,0,0
n012w8-0,n012w8,0,5,500000,100.0,adaptive,2026-07-04T12:35:58+01:00,5,1,48,11,1,99.972373,3010,3085,3010,75,2.4311,GLOBAL_BEST,0,777,1,16,0,22,0,0,0.0000,0.0000,0,0,0,0,0,0
n012w8-0,n012w8,0,5,500000,100.0,adaptive,2026-07-04T12:35:58+01:00,5,2,48,12,1,0.000000,2910,3090,2910,180,5.8252,GLOBAL_BEST,0,777,0,15,0,23,1,0,1800000.0000,0.0000,0,0,0,0,0,0
n012w8-0,n012w8,0,5,500000,100.0,adaptive,2026-07-04T12:35:58+01:00,5,3,48,12,1,0.000000,2955,3045,2955,90,2.9557,LOCAL_BEST,0,777,2,22,1,24,0,0,0.0000,0.0000,0,0,0,0,0,0
n012w8-0,n012w8,0,5,500000,100.0,adaptive,2026-07-04T12:35:58+01:00,5,4,48,12,43,99.969610,825,835,825,10,1.1976,GLOBAL_BEST,1,777,0,23,7,25,0,42,0.0000,238.0952,0,0,0,0,0,0
n012w8-0,n012w8,0,5,500000,100.0,adaptive,2026-07-04T12:35:58+01:00,5,3,48,13,1,0.000000,2805,2955,2805,150,5.0761,LOCAL_BEST,0,777,2,23,1,26,1,-42,1500000.0000,0.0000,0,0,0,0,0,0
n012w8-0,n012w8,0,5,500000,100.0,adaptive,2026-07-04T12:35:58+01:00,5,2,48,13,1,0.000000,2790,2910,2790,120,4.1237,GLOBAL_BEST,0,777,0,15,0,27,0,0,0.0000,0.0000,0,0,0,0,0,0
n012w8-0,n012w8,0,5,500000,100.0,adaptive,2026-07-04T12:35:58+01:00,5,3,48,14,1,0.000000,2795,2805,2795,10,0.3565,LOCAL_BEST,0,777,2,23,1,28,1,0,100000.0000,0.0000,0,0,0,0,0,0
n012w8-0,n012w8,0,5,500000,100.0,adaptive,2026-07-04T12:35:58+01:00,5,2,48,14,1,0.000000,2445,2790,2445,345,12.3656,GLOBAL_BEST,0,777,0,17,0,29,0,0,0.0000,0.0000,0,0,0,0,0,0
n012w8-0,n012w8,0,5,500000,100.0,adaptive,2026-07-04T12:35:58+01:00,5,1,48,15,1,99.961324,2980,3010,2980,30,0.9967,LOCAL_BEST,0,777,1,21,1,30,1,0,300000.0000,0.0000,0,0,0,0,0,0
n012w8-0,n012w8,0,5,500000,100.0,adaptive,2026-07-04T12:35:58+01:00,5,2,48,15,1,0.000000,2265,2445,2265,180,7.3620,GLOBAL_BEST,0,777,0,18,0,31,0,0,0.0000,0.0000,0,0,0,0,0,0
n012w8-0,n012w8,0,5,500000,100.0,adaptive,2026-07-04T12:35:58+01:00,5,2,48,16,1,0.000000,2205,2265,2205,60,2.6490,GLOBAL_BEST,0,777,0,18,0,32,1,0,600000.0000,0.0000,0,0,0,0,0,0
n012w8-0,n012w8,0,5,500000,100.0,adaptive,2026-07-04T12:35:58+01:00,5,2,48,17,1,0.000000,1890,2205,1890,315,14.2857,GLOBAL_BEST,0,777,0,19,0,33,1,0,3150000.0000,0.0000,0,0,0,0,0,0
n012w8-0,n012w8,0,5,500000,100.0,adaptive,2026-07-04T12:35:58+01:00,5,1,48,18,1,99.953038,2965,2980,2965,15,0.5034,LOCAL_BEST,0,777,2,33,2,34,1,0,150000.0000,0.0000,0,0,0,0,0,0
n012w8-0,n012w8,0,5,500000,100.0,adaptive,2026-07-04T12:35:58+01:00,5,2,48,18,1,0.000000,1875,1890,1875,15,0.7937,GLOBAL_BEST,0,777,0,19,0,35,0,0,0.0000,0.0000,0,0,0,0,0,0
n012w8-0,n012w8,0,5,500000,100.0,adaptive,2026-07-04T12:35:58+01:00,5,3,48,19,1,0.000000,2735,2795,2735,60,2.1467,LOCAL_BEST,0,777,5,27,1,36,1,0,600000.0000,0.0000,0,0,0,0,0,0
n012w8-0,n012w8,0,5,500000,100.0,adaptive,2026-07-04T12:35:58+01:00,5,1,48,24,1,99.936469,2845,2965,2845,120,4.0472,LOCAL_BEST,0,777,2,52,4,37,5,0,240000.0000,0.0000,0,0,0,0,0,0
n012w8-0,n012w8,0,5,500000,100.0,adaptive,2026-07-04T12:35:58+01:00,5,1,48,25,1,99.933708,2665,2845,2665,180,6.3269,LOCAL_BEST,0,777,2,53,4,38,1,0,1800000.0000,0.0000,0,0,0,0,0,0
n012w8-0,n012w8,0,5,500000,100.0,adaptive,2026-07-04T12:35:58+01:00,5,1,48,27,1,99.928185,2545,2665,2545,120,4.5028,LOCAL_BEST,0,777,2,55,5,39,2,0,600000.0000,0.0000,0,0,0,0,0,0
n012w8-0,n012w8,0,5,500000,100.0,adaptive,2026-07-04T12:35:58+01:00,5,1,48,28,1,99.925424,2500,2545,2500,45,1.7682,LOCAL_BEST,0,777,2,55,5,40,1,0,450000.0000,0.0000,0,0,0,0,0,0
n012w8-0,n012w8,0,5,500000,100.0,adaptive,2026-07-04T12:35:58+01:00,5,3,48,29,1,0.000000,2705,2735,2705,30,1.0969,LOCAL_BEST,0,777,9,38,1,41,1,0,300000.0000,0.0000,0,0,0,0,0,0
n012w8-0,n012w8,0,5,500000,100.0,adaptive,2026-07-04T12:35:58+01:00,5,1,48,29,1,99.922663,2320,2500,2320,180,7.2000,LOCAL_BEST,0,777,2,56,5,42,0,0,0.0000,0.0000,0,0,0,0,0,0
n012w8-0,n012w8,0,5,500000,100.0,adaptive,2026-07-04T12:35:58+01:00,5,3,48,30,1,0.000000,2675,2705,2675,30,1.1091,LOCAL_BEST,0,777,9,38,1,43,1,0,300000.0000,0.0000,0,0,0,0,0,0
n012w8-0,n012w8,0,5,500000,100.0,adaptive,2026-07-04T12:35:58+01:00,5,1,48,34,1,99.908859,2280,2320,2280,40,1.7241,LOCAL_BEST,0,777,4,68,7,44,4,0,100000.0000,0.0000,0,0,0,0,0,0
n012w8-0,n012w8,0,5,500000,100.0,adaptive,2026-07-04T12:35:58+01:00,5,1,48,35,1,99.906099,1980,2280,1980,300,13.1579,LOCAL_BEST,0,777,4,69,7,45,1,0,3000000.0000,0.0000,0,0,0,0,0,0
n012w8-0,n012w8,0,5,500000,100.0,adaptive,2026-07-04T12:35:58+01:00,5,1,48,36,1,99.903338,1940,1980,1940,40,2.0202,LOCAL_BEST,0,777,4,69,7,46,1,0,400000.0000,0.0000,0,0,0,0,0,0
n012w8-0,n012w8,0,5,500000,100.0,adaptive,2026-07-04T12:35:58+01:00,5,5,48,37,43,0.000000,820,835,820,15,1.7964,GLOBAL_BEST,1,777,0,57,33,47,1,42,150000.0000,357.1429,0,0,0,0,0,0
n012w8-0,n012w8,0,5,500000,100.0,adaptive,2026-07-04T12:35:58+01:00,5,8,48,37,84,0.000000,480,510,480,30,5.8824,GLOBAL_BEST,3,777,0,87,33,48,0,41,0.0000,731.7073,0,0,0,0,0,0
n012w8-0,n012w8,0,5,500000,100.0,adaptive,2026-07-04T12:35:58+01:00,5,1,48,38,1,99.897817,1820,1940,1820,120,6.1856,GLOBAL_BEST,0,777,4,73,8,49,1,-83,1200000.0000,0.0000,0,0,0,0,0,0
n012w8-0,n012w8,0,5,500000,100.0,adaptive,2026-07-04T12:35:58+01:00,5,1,48,40,1,99.892297,1780,1820,1780,40,2.1978,GLOBAL_BEST,0,777,4,77,9,50,2,0,200000.0000,0.0000,0,0,0,0,0,0
n012w8-0,n012w8,0,5,500000,100.0,adaptive,2026-07-04T12:35:58+01:00,5,8,48,55,84,0.000000,465,480,465,15,3.1250,GLOBAL_BEST,3,777,0,113,48,51,15,83,10000.0000,180.7229,0,0,0,0,0,0
n012w8-0,n012w8,0,5,500000,100.0,adaptive,2026-07-04T12:35:58+01:00,5,5,48,58,43,0.000000,805,820,805,15,1.8293,GLOBAL_BEST,1,777,0,84,52,52,3,-41,50000.0000,0.0000,0,0,0,0,0,0
n012w8-0,n012w8,0,5,500000,100.0,adaptive,2026-07-04T12:35:58+01:00,5,1,48,69,1,99.812285,1730,1780,1730,50,2.8090,GLOBAL_BEST,0,777,10,131,19,53,11,-42,45454.5455,0.0000,0,0,0,0,0,0
n012w8-0,n012w8,0,5,500000,100.0,adaptive,2026-07-04T12:35:58+01:00,5,1,48,78,1,99.787467,1670,1730,1670,60,3.4682,GLOBAL_BEST,0,777,13,141,21,54,9,0,66666.6667,0.0000,0,0,0,0,0,0
n012w8-0,n012w8,0,5,500000,100.0,adaptive,2026-07-04T12:35:58+01:00,5,3,48,79,1,0.000000,2610,2675,2610,65,2.4299,LOCAL_BEST,0,777,25,99,1,55,1,0,650000.0000,0.0000,0,0,0,0,0,0
n012w8-0,n012w8,0,5,500000,100.0,adaptive,2026-07-04T12:35:58+01:00,5,1,48,79,1,99.784710,1640,1670,1640,30,1.7964,GLOBAL_BEST,0,777,13,142,21,56,0,0,0.0000,0.0000,0,0,0,0,0,0
n012w8-0,n012w8,0,5,500000,100.0,adaptive,2026-07-04T12:35:58+01:00,5,1,48,83,1,99.773682,1565,1640,1565,75,4.5732,GLOBAL_BEST,0,777,14,147,23,57,4,0,187500.0000,0.0000,0,0,0,0,0,0
n012w8-0,n012w8,0,5,500000,100.0,adaptive,2026-07-04T12:35:58+01:00,5,1,48,86,1,99.765412,1545,1565,1545,20,1.2780,GLOBAL_BEST,0,777,15,150,23,58,3,0,66666.6667,0.0000,0,0,0,0,0,0
n012w8-0,n012w8,0,5,500000,100.0,adaptive,2026-07-04T12:35:58+01:00,5,1,48,87,1,99.762655,1515,1545,1515,30,1.9417,GLOBAL_BEST,0,777,15,157,23,59,1,0,300000.0000,0.0000,0,0,0,0,0,0
n012w8-0,n012w8,0,5,500000,100.0,adaptive,2026-07-04T12:35:58+01:00,5,1,48,88,1,99.759899,1470,1515,1470,45,2.9703,GLOBAL_BEST,0,777,15,157,23,60,1,0,450000.0000,0.0000,0,0,0,0,0,0
n012w8-0,n012w8,0,5,500000,100.0,adaptive,2026-07-04T12:35:58+01:00,5,8,48,88,84,0.000000,450,465,450,15,3.2258,GLOBAL_BEST,3,777,0,162,77,61,0,83,0.0000,180.7229,0,0,0,0,0,0
n012w8-0,n012w8,0,5,500000,100.0,adaptive,2026-07-04T12:35:58+01:00,5,3,48,92,1,0.000000,2580,2610,2580,30,1.1494,LOCAL_BEST,0,777,29,115,1,62,4,-83,75000.0000,0.0000,0,0,0,0,0,0
n012w8-0,n012w8,0,5,500000,100.0,adaptive,2026-07-04T12:35:58+01:00,5,3,48,93,1,0.000000,2430,2580,2430,150,5.8140,LOCAL_BEST,0,777,29,115,1,63,1,0,1500000.0000,0.0000,0,0,0,0,0,0
n012w8-0,n012w8,0,5,500000,100.0,adaptive,2026-07-04T12:35:58+01:00,5,5,48,100,43,0.000000,790,805,790,15,1.8634,GLOBAL_BEST,1,777,0,149,88,64,7,42,21428.5714,357.1429,0,0,0,0,0,0
n012w8-0,n012w8,0,5,500000,100.0,adaptive,2026-07-04T12:35:58+01:00,5,5,48,101,43,0.000000,760,790,760,30,3.7975,GLOBAL_BEST,1,777,0,151,88,65,1,0,300000.0000,0.0000,0,0,0,0,0,0
n012w8-0,n012w8,0,5,500000,100.0,adaptive,2026-07-04T12:35:58+01:00,5,3,48,109,1,0.000000,2340,2430,2340,90,3.7037,LOCAL_BEST,0,777,34,141,2,66,8,-42,112500.0000,0.0000,0,0,0,0,0,0
n012w8-0,n012w8,0,5,500000,100.0,adaptive,2026-07-04T12:35:58+01:00,5,3,48,118,1,0.000000,2285,2340,2285,55,2.3504,LOCAL_BEST,0,777,38,174,2,67,9,0,61111.1111,0.0000,0,0,0,0,0,0
n012w8-0,n012w8,0,5,500000,100.0,adaptive,2026-07-04T12:35:58+01:00,5,3,48,119,1,0.000000,2255,2285,2255,30,1.3129,LOCAL_BEST,0,777,38,174,2,68,1,0,300000.0000,0.0000,0,0,0,0,0,0
n012w8-0,n012w8,0,5,500000,100.0,adaptive,2026-07-04T12:35:58+01:00,5,3,48,129,1,0.000000,2020,2255,2020,235,10.4213,LOCAL_BEST,0,777,41,206,3,69,10,0,235000.0000,0.0000,0,0,0,0,0,0
n012w8-0,n012w8,0,5,500000,100.0,adaptive,2026-07-04T12:35:58+01:00,5,3,48,130,1,0.000000,1960,2020,1960,60,2.9703,LOCAL_BEST,0,777,41,208,3,70,1,0,600000.0000,0.0000,0,0,0,0,0,0
n012w8-0,n012w8,0,5,500000,100.0,adaptive,2026-07-04T12:35:58+01:00,5,3,48,136,1,0.000000,1900,1960,1900,60,3.0612,LOCAL_BEST,0,777,43,210,3,71,6,0,100000.0000,0.0000,0,0,0,0,0,0
n012w8-0,n012w8,0,5,500000,100.0,adaptive,2026-07-04T12:35:58+01:00,5,5,48,147,44,0.000000,745,760,745,15,1.9737,GLOBAL_BEST,1,777,0,244,127,72,11,43,13636.3636,348.8372,0,0,0,0,0,0
n012w8-0,n012w8,0,5,500000,100.0,adaptive,2026-07-04T12:35:58+01:00,5,1,48,188,1,99.484633,1460,1470,1460,10,0.6803,GLOBAL_BEST,0,777,39,342,55,73,41,-43,2439.0244,0.0000,0,0,0,0,0,0
n012w8-0,n012w8,0,5,500000,100.0,adaptive,2026-07-04T12:35:58+01:00,5,1,48,193,1,99.470889,1410,1460,1410,50,3.4247,GLOBAL_BEST,0,777,41,346,56,74,5,0,100000.0000,0.0000,0,0,0,0,0,0
n012w8-0,n012w8,0,5,500000,100.0,adaptive,2026-07-04T12:35:58+01:00,5,2,48,301,1,0.000000,1860,1875,1860,15,0.8000,LOCAL_BEST,0,777,0,523,0,75,108,0,1388.8889,0.0000,0,0,0,0,0,0
n012w8-0,n012w8,0,5,500000,100.0,adaptive,2026-07-04T12:35:58+01:00,5,5,48,314,44,0.000000,725,745,725,20,2.6846,GLOBAL_BEST,1,777,0,475,266,76,13,43,15384.6154,465.1163,0,0,0,0,0,0
n012w8-0,n012w8,0,5,500000,100.0,adaptive,2026-07-04T12:35:58+01:00,5,1,48,340,1,99.067682,1370,1410,1370,40,2.8369,GLOBAL_BEST,0,777,83,614,101,77,26,-43,15384.6154,0.0000,0,0,0,0,0,0
n012w8-0,n012w8,0,5,500000,100.0,adaptive,2026-07-04T12:35:58+01:00,5,1,48,341,2,99.064944,1310,1370,1310,60,4.3796,GLOBAL_BEST,0,777,83,615,101,78,1,1,600000.0000,60000.0000,0,0,0,0,0,0
n012w8-0,n012w8,0,5,500000,100.0,adaptive,2026-07-04T12:35:58+01:00,5,1,48,342,2,99.062207,1280,1310,1280,30,2.2901,GLOBAL_BEST,0,777,83,617,101,79,1,0,300000.0000,0.0000,0,0,0,0,0,0
n012w8-0,n012w8,0,5,500000,100.0,adaptive,2026-07-04T12:35:58+01:00,5,1,48,354,2,99.029366,1255,1280,1255,25,1.9531,GLOBAL_BEST,0,777,86,654,109,80,12,0,20833.3333,0.0000,0,0,0,0,0,0
n012w8-0,n012w8,0,5,500000,100.0,adaptive,2026-07-04T12:35:58+01:00,5,3,48,490,1,0.000000,1850,1900,1850,50,2.6316,LOCAL_BEST,0,777,174,859,16,81,136,-1,3676.4706,0.0000,0,0,0,0,0,0
n012w8-0,n012w8,0,5,500000,100.0,adaptive,2026-07-04T12:35:58+01:00,5,2,48,553,2,0.000000,1800,1860,1800,60,3.2258,LOCAL_BEST,0,777,0,1032,0,82,63,1,9523.8095,60000.0000,0,0,0,0,0,0
n012w8-0,n012w8,0,5,500000,100.0,adaptive,2026-07-04T12:35:58+01:00,5,2,48,554,2,0.000000,1740,1800,1740,60,3.3333,LOCAL_BEST,0,777,0,1032,0,83,1,0,600000.0000,0.0000,0,0,0,0,0,0
n012w8-0,n012w8,0,5,500000,100.0,adaptive,2026-07-04T12:35:58+01:00,5,3,48,602,2,0.000000,1830,1850,1830,20,1.0811,LOCAL_BEST,0,777,214,1019,19,84,48,0,4166.6667,0.0000,0,0,0,0,0,0
n012w8-0,n012w8,0,5,500000,100.0,adaptive,2026-07-04T12:35:58+01:00,5,5,48,754,44,0.000000,710,725,710,15,2.0690,GLOBAL_BEST,1,777,0,1119,595,85,152,42,986.8421,357.1429,0,0,0,0,0,0
n012w8-0,n012w8,0,5,500000,100.0,adaptive,2026-07-04T12:35:58+01:00,5,2,48,1189,3,0.000000,1685,1740,1685,55,3.1609,LOCAL_BEST,0,777,0,2220,36,86,435,-41,1264.3678,0.0000,0,0,0,0,0,0
n012w8-0,n012w8,0,5,500000,100.0,adaptive,2026-07-04T12:35:58+01:00,5,3,48,1259,3,0.000000,1825,1830,1825,5,0.2732,LOCAL_BEST,0,777,445,2198,53,87,70,0,714.2857,0.0000,0,0,0,0,0,0
n012w8-0,n012w8,0,5,500000,100.0,adaptive,2026-07-04T12:35:58+01:00,5,5,48,1259,45,0.000000,695,710,695,15,2.1127,GLOBAL_BEST,1,777,0,1902,980,88,0,42,0.0000,357.1429,0,0,0,0,0,0
n012w8-0,n012w8,0,5,500000,100.0,adaptive,2026-07-04T12:35:58+01:00,5,3,48,1686,3,0.000000,1810,1825,1810,15,0.8219,LOCAL_BEST,0,777,598,2939,81,89,427,-42,351.2881,0.0000,0,0,0,0,0,0
n012w8-0,n012w8,0,5,500000,100.0,adaptive,2026-07-04T12:35:58+01:00,5,1,48,1848,4,95.024589,1210,1255,1210,45,3.5857,GLOBAL_BEST,0,777,460,3178,612,90,162,1,2777.7778,45000.0000,0,0,0,0,0,0
n012w8-0,n012w8,0,5,500000,100.0,adaptive,2026-07-04T12:35:58+01:00,5,2,48,2060,4,0.000000,1610,1685,1610,75,4.4510,LOCAL_BEST,0,777,0,3820,155,91,212,0,3537.7358,0.0000,0,0,0,0,0,0
n012w8-0,n012w8,0,5,500000,100.0,adaptive,2026-07-04T12:35:58+01:00,5,1,48,2256,5,93.959349,1155,1210,1155,55,4.5455,GLOBAL_BEST,0,777,561,3916,762,92,196,1,2806.1224,55000.0000,0,0,0,0,0,0
n012w8-0,n012w8,0,5,500000,100.0,adaptive,2026-07-04T12:35:58+01:00,5,1,48,2261,5,93.946369,1140,1155,1140,15,1.2987,GLOBAL_BEST,0,777,561,3923,765,93,5,0,30000.0000,0.0000,0,0,0,0,0,0
n012w8-0,n012w8,0,5,500000,100.0,adaptive,2026-07-04T12:35:58+01:00,5,1,48,2266,5,93.933391,1030,1140,1030,110,9.6491,GLOBAL_BEST,0,777,561,3932,769,94,5,0,220000.0000,0.0000,0,0,0,0,0,0
n012w8-0,n012w8,0,5,500000,100.0,adaptive,2026-07-04T12:35:58+01:00,5,5,48,2299,46,0.000000,680,695,680,15,2.1583,GLOBAL_BEST,1,777,0,3672,1782,95,33,41,4545.4545,365.8537,0,0,0,0,0,0
n012w8-0,n012w8,0,5,500000,100.0,adaptive,2026-07-04T12:35:58+01:00,5,8,48,2299,87,0.000000,420,450,420,30,6.6667,GLOBAL_BEST,3,777,0,3393,2069,96,0,41,0.0000,731.7073,0,0,0,0,0,0
n012w8-0,n012w8,0,5,500000,100.0,adaptive,2026-07-04T12:35:58+01:00,5,5,48,2302,46,0.000000,650,680,650,30,4.4118,GLOBAL_BEST,1,777,0,3675,1784,97,3,-41,100000.0000,0.0000,0,0,0,0,0,0
n012w8-0,n012w8,0,5,500000,100.0,adaptive,2026-07-04T12:35:58+01:00,5,3,48,2303,5,0.000000,1710,1810,1710,100,5.5249,LOCAL_BEST,0,777,832,3993,105,98,1,-41,1000000.0000,0.0000,0,0,0,0,0,0
n012w8-0,n012w8,0,5,500000,100.0,adaptive,2026-07-04T12:35:58+01:00,5,2,48,2345,5,0.000000,1570,1610,1570,40,2.4845,LOCAL_BEST,0,777,0,4309,202,99,42,0,9523.8095,0.0000,0,0,0,0,0,0
n012w8-0,n012w8,0,5,500000,100.0,adaptive,2026-07-04T12:35:58+01:00,5,3,48,2714,5,0.000000,1695,1710,1695,15,0.8772,LOCAL_BEST,0,777,1001,4676,120,100,369,0,406.5041,0.0000,0,0,0,0,0,0
n012w8-0,n012w8,0,5,500000,100.0,adaptive,2026-07-04T12:35:58+01:00,5,3,48,2955,6,0.000000,1680,1695,1680,15,0.8850,LOCAL_BEST,0,777,1099,5137,129,101,241,1,622.4066,15000.0000,0,0,0,0,0,0
n012w8-0,n012w8,0,5,500000,100.0,adaptive,2026-07-04T12:35:58+01:00,5,3,48,2956,6,0.000000,1545,1680,1545,135,8.0357,LOCAL_BEST,0,777,1099,5138,129,102,1,0,1350000.0000,0.0000,0,0,0,0,0,0
n012w8-0,n012w8,0,5,500000,100.0,adaptive,2026-07-04T12:35:58+01:00,5,2,48,3041,6,0.000000,1565,1570,1565,5,0.3185,LOCAL_BEST,0,777,0,5571,332,103,85,0,588.2353,0.0000,0,0,0,0,0,0
n012w8-0,n012w8,0,5,500000,100.0,adaptive,2026-07-04T12:35:58+01:00,5,2,48,3045,6,0.000000,1470,1565,1470,95,6.0703,LOCAL_BEST,0,777,0,5575,332,104,4,0,237500.0000,0.0000,0,0,0,0,0,0
n012w8-0,n012w8,0,5,500000,100.0,adaptive,2026-07-04T12:35:58+01:00,5,1,48,3455,7,90.897513,960,1030,960,70,6.7961,GLOBAL_BEST,0,777,852,6019,1202,105,410,1,1707.3171,70000.0000,0,0,0,0,0,0
n012w8-0,n012w8,0,5,500000,100.0,adaptive,2026-07-04T12:35:58+01:00,5,1,48,3474,7,90.849805,930,960,930,30,3.1250,GLOBAL_BEST,0,777,856,6060,1212,106,19,0,15789.4737,0.0000,0,0,0,0,0,0
n012w8-0,n012w8,0,5,500000,100.0,adaptive,2026-07-04T12:35:58+01:00,5,1,48,3477,7,90.842275,885,930,885,45,4.8387,GLOBAL_BEST,0,777,856,6066,1214,107,3,0,150000.0000,0.0000,0,0,0,0,0,0
n012w8-0,n012w8,0,5,500000,100.0,adaptive,2026-07-04T12:35:58+01:00,5,5,48,4017,49,0.000000,645,650,645,5,0.7692,GLOBAL_BEST,1,777,0,6592,3146,108,540,42,92.5926,119.0476,0,0,0,0,0,0
n012w8-0,n012w8,0,5,500000,100.0,adaptive,2026-07-04T12:35:58+01:00,5,2,48,4335,8,0.000000,1420,1470,1420,50,3.4014,LOCAL_BEST,0,777,0,7828,693,109,318,-41,1572.3270,0.0000,0,0,0,0,0,0
n012w8-0,n012w8,0,5,500000,100.0,adaptive,2026-07-04T12:35:58+01:00,5,2,48,4336,8,0.000000,1330,1420,1330,90,6.3380,LOCAL_BEST,0,777,0,7833,693,110,1,0,900000.0000,0.0000,0,0,0,0,0,0
n012w8-0,n012w8,0,5,500000,100.0,adaptive,2026-07-04T12:35:58+01:00,5,2,48,4338,8,0.000000,1210,1330,1210,120,9.0226,LOCAL_BEST,0,777,0,7835,693,111,2,0,600000.0000,0.0000,0,0,0,0,0,0
n012w8-0,n012w8,0,5,500000,100.0,adaptive,2026-07-04T12:35:58+01:00,5,2,48,4346,8,0.000000,1150,1210,1150,60,4.9587,LOCAL_BEST,0,777,0,7843,693,112,8,0,75000.0000,0.0000,0,0,0,0,0,0
n012w8-0,n012w8,0,5,500000,100.0,adaptive,2026-07-04T12:35:58+01:00,5,2,48,4348,8,0.000000,1090,1150,1090,60,5.2174,LOCAL_BEST,0,777,0,7846,693,113,2,0,300000.0000,0.0000,0,0,0,0,0,0
n012w8-0,n012w8,0,5,500000,100.0,adaptive,2026-07-04T12:35:58+01:00,5,2,48,4349,8,0.000000,970,1090,970,120,11.0092,LOCAL_BEST,0,777,0,7848,693,114,1,0,1200000.0000,0.0000,0,0,0,0,0,0
n012w8-0,n012w8,0,5,500000,100.0,adaptive,2026-07-04T12:35:58+01:00,5,5,48,5133,50,0.000000,640,645,640,5,0.7752,GLOBAL_BEST,1,777,0,8337,4040,115,784,42,63.7755,119.0476,0,0,0,0,0,0
n012w8-0,n012w8,0,5,500000,100.0,adaptive,2026-07-04T12:35:58+01:00,5,5,48,6044,52,0.000000,630,640,630,10,1.5625,GLOBAL_BEST,1,777,0,9788,4778,116,911,2,109.7695,5000.0000,0,0,0,0,0,0
n012w8-0,n012w8,0,5,500000,100.0,adaptive,2026-07-04T12:35:58+01:00,5,5,48,6051,52,0.000000,615,630,615,15,2.3810,GLOBAL_BEST,1,777,0,9795,4784,117,7,0,21428.5714,0.0000,0,0,0,0,0,0
n012w8-0,n012w8,0,5,500000,100.0,adaptive,2026-07-04T12:35:58+01:00,5,8,48,6674,94,0.000000,410,420,410,10,2.3810,GLOBAL_BEST,3,777,0,9753,6071,118,623,42,160.5136,238.0952,0,0,0,0,0,0
n012w8-0,n012w8,0,5,500000,100.0,adaptive,2026-07-04T12:35:58+01:00,5,3,48,8293,15,0.000000,1445,1545,1445,100,6.4725,LOCAL_BEST,0,777,3137,14621,346,119,1619,-79,617.6652,0.0000,0,0,0,0,0,0
n012w8-0,n012w8,0,5,500000,100.0,adaptive,2026-07-04T12:35:58+01:00,5,5,48,11559,61,0.000000,610,615,610,5,0.8130,GLOBAL_BEST,1,777,0,18173,9438,120,3266,46,15.3092,108.6957,0,0,0,0,0,0
n012w8-0,n012w8,0,5,500000,100.0,adaptive,2026-07-04T12:35:58+01:00,5,5,48,11576,61,0.000000,595,610,595,15,2.4590,GLOBAL_BEST,1,777,0,18205,9450,121,17,0,8823.5294,0.0000,0,0,0,0,0,0
n012w8-0,n012w8,0,5,500000,100.0,adaptive,2026-07-04T12:35:58+01:00,5,5,48,11743,62,0.000000,540,595,540,55,9.2437,GLOBAL_BEST,1,777,0,18476,9588,122,167,1,3293.4132,55000.0000,0,0,0,0,0,0
n012w8-0,n012w8,0,5,500000,100.0,adaptive,2026-07-04T12:35:58+01:00,5,8,48,13129,105,0.000000,390,410,390,20,4.8780,GLOBAL_BEST,3,777,0,19052,11907,123,1386,43,144.3001,465.1163,0,0,0,0,0,0
n012w8-0,n012w8,0,5,500000,100.0,adaptive,2026-07-04T12:35:58+01:00,5,8,48,15463,110,0.000000,375,390,375,15,3.8462,GLOBAL_BEST,3,777,0,22392,14039,124,2334,5,64.2674,3000.0000,0,0,0,0,0,0
n012w8-0,n012w8,0,5,500000,100.0,adaptive,2026-07-04T12:35:58+01:00,5,5,48,16801,70,0.000000,530,540,530,10,1.8519,GLOBAL_BEST,1,777,0,26582,13768,125,1338,-40,74.7384,0.0000,0,0,0,0,0,0
n012w8-0,n012w8,0,5,500000,100.0,adaptive,2026-07-04T12:35:58+01:00,5,5,48,16856,70,0.000000,515,530,515,15,2.8302,GLOBAL_BEST,1,777,0,26645,13805,126,55,0,2727.2727,0.0000,0,0,0,0,0,0
n012w8-0,n012w8,0,5,500000,100.0,adaptive,2026-07-04T12:35:58+01:00,5,2,48,18670,31,0.000000,945,970,945,25,2.5773,LOCAL_BEST,0,777,0,31857,7173,127,1814,-39,137.8170,0.0000,0,0,0,0,0,0
n012w8-0,n012w8,0,5,500000,100.0,adaptive,2026-07-04T12:35:58+01:00,5,2,48,18671,31,0.000000,870,945,870,75,7.9365,GLOBAL_BEST,0,777,0,31857,7173,128,1,0,750000.0000,0.0000,0,0,0,0,0,0
n012w8-0,n012w8,0,5,500000,100.0,adaptive,2026-07-04T12:35:58+01:00,5,4,48,22798,81,53.264273,815,825,815,10,1.2121,LOCAL_BEST,1,777,4639,38165,10193,129,4127,50,24.2307,200.0000,0,0,0,0,0,0
n012w8-0,n012w8,0,5,500000,100.0,adaptive,2026-07-04T12:35:58+01:00,5,2,48,23160,39,0.000000,855,870,855,15,1.7241,GLOBAL_BEST,0,777,0,39144,9872,130,362,-42,414.3646,0.0000,0,0,0,0,0,0
n012w8-0,n012w8,0,5,500000,100.0,adaptive,2026-07-04T12:35:58+01:00,5,1,48,24177,42,51.272914,855,885,855,30,3.3898,LOCAL_BEST,0,777,5033,41159,10549,131,1017,3,294.9853,10000.0000,0,0,0,0,0,0
n012w8-0,n012w8,0,5,500000,100.0,adaptive,2026-07-04T12:35:58+01:00,5,2,48,25479,42,0.000000,835,855,835,20,2.3392,GLOBAL_BEST,0,777,0,42868,11347,132,1302,0,153.6098,0.0000,0,0,0,0,0,0
n012w8-0,n012w8,0,5,500000,100.0,adaptive,2026-07-04T12:35:58+01:00,5,5,48,26139,83,0.000000,510,515,510,5,0.9709,GLOBAL_BEST,1,777,0,40651,21822,133,660,41,75.7576,121.9512,0,0,0,0,0,0
n012w8-0,n012w8,0,5,500000,100.0,adaptive,2026-07-04T12:35:58+01:00,5,4,48,26405,87,48.211651,785,815,785,30,3.6810,LOCAL_BEST,1,777,5237,44296,12145,134,266,4,1127.8195,7500.0000,0,0,0,0,0,0
n012w8-0,n012w8,0,5,500000,100.0,adaptive,2026-07-04T12:35:58+01:00,5,4,48,26406,87,48.210318,755,785,755,30,3.8217,LOCAL_BEST,1,777,5237,44300,12145,135,1,0,300000.0000,0.0000,0,0,0,0,0,0
n012w8-0,n012w8,0,5,500000,100.0,adaptive,2026-07-04T12:35:58+01:00,5,4,48,26408,87,48.207654,725,755,725,30,3.9735,LOCAL_BEST,1,777,5237,44304,12146,136,2,0,150000.0000,0.0000,0,0,0,0,0,0
n012w8-0,n012w8,0,5,500000,100.0,adaptive,2026-07-04T12:35:58+01:00,5,1,48,26537,46,48.036129,830,855,830,25,2.9240,LOCAL_BEST,0,777,5408,45218,11842,137,129,-41,1937.9845,0.0000,0,0,0,0,0,0
n012w8-0,n012w8,0,5,500000,100.0,adaptive,2026-07-04T12:35:58+01:00,5,5,48,26640,84,0.000000,480,510,480,30,5.8824,LOCAL_BEST,1,777,0,41394,22252,138,103,38,2912.6214,789.4737,0,0,0,0,0,0
n012w8-0,n012w8,0,5,500000,100.0,adaptive,2026-07-04T12:35:58+01:00,5,1,48,28080,49,46.031169,815,830,815,15,1.8072,LOCAL_BEST,0,777,5623,47729,12802,139,1440,-35,104.1667,0.0000,0,0,0,0,0,0
n012w8-0,n012w8,0,5,500000,100.0,adaptive,2026-07-04T12:35:58+01:00,5,1,48,28082,49,46.028625,725,815,725,90,11.0429,LOCAL_BEST,0,777,5623,47729,12803,140,2,0,450000.0000,0.0000,0,0,0,0,0,0
n012w8-0,n012w8,0,5,500000,100.0,adaptive,2026-07-04T12:35:58+01:00,5,1,48,28084,49,46.026081,710,725,710,15,2.0690,LOCAL_BEST,0,777,5623,47732,12804,141,2,0,75000.0000,0.0000,0,0,0,0,0,0
n012w8-0,n012w8,0,5,500000,100.0,adaptive,2026-07-04T12:35:58+01:00,5,1,48,28085,49,46.024810,695,710,695,15,2.1127,LOCAL_BEST,0,777,5623,47733,12804,142,1,0,150000.0000,0.0000,0,0,0,0,0,0
n012w8-0,n012w8,0,5,500000,100.0,adaptive,2026-07-04T12:35:58+01:00,5,1,48,28090,49,46.018451,680,695,680,15,2.1583,LOCAL_BEST,0,777,5623,47740,12807,143,5,0,30000.0000,0.0000,0,0,0,0,0,0
n012w8-0,n012w8,0,5,500000,100.0,adaptive,2026-07-04T12:35:58+01:00,5,2,48,28988,47,0.000000,805,835,805,30,3.5928,LOCAL_BEST,0,777,0,48753,13632,144,898,-2,334.0757,0.0000,0,0,0,0,0,0
n012w8-0,n012w8,0,5,500000,100.0,adaptive,2026-07-04T12:35:58+01:00,5,5,48,29383,89,0.000000,470,480,470,10,2.0833,LOCAL_BEST,1,777,0,45631,24657,145,395,42,253.1646,238.0952,0,0,0,0,0,0
n012w8-0,n012w8,0,5,500000,100.0,adaptive,2026-07-04T12:35:58+01:00,5,2,48,29407,49,0.000000,795,805,795,10,1.2422,LOCAL_BEST,0,777,0,49559,13916,146,24,-40,4166.6667,0.0000,0,0,0,0,0,0
n012w8-0,n012w8,0,5,500000,100.0,adaptive,2026-07-04T12:35:58+01:00,5,5,48,33821,95,0.000000,465,470,465,5,1.0638,LOCAL_BEST,1,777,0,52538,28580,147,4414,46,11.3276,108.6957,0,0,0,0,0,0
n012w8-0,n012w8,0,5,500000,100.0,adaptive,2026-07-04T12:35:58+01:00,5,5,48,33845,95,0.000000,450,465,450,15,3.2258,LOCAL_BEST,1,777,0,52602,28599,148,24,0,6250.0000,0.0000,0,0,0,0,0,0
n012w8-0,n012w8,0,5,500000,100.0,adaptive,2026-07-04T12:35:58+01:00,5,5,48,34586,97,0.000000,440,450,440,10,2.2222,LOCAL_BEST,1,777,0,53864,29256,149,741,2,134.9528,5000.0000,0,0,0,0,0,0
n012w8-0,n012w8,0,5,500000,100.0,adaptive,2026-07-04T12:35:58+01:00,5,4,48,34767,103,38.265554,720,725,720,5,0.6897,LOCAL_BEST,1,777,6385,57343,17243,150,181,6,276.2431,833.3333,0,0,0,0,0,0
n012w8-0,n012w8,0,5,500000,100.0,adaptive,2026-07-04T12:35:58+01:00,5,4,48,34771,103,38.261324,660,720,660,60,8.3333,LOCAL_BEST,1,777,6385,57347,17246,151,4,0,150000.0000,0.0000,0,0,0,0,0,0
n012w8-0,n012w8,0,5,500000,100.0,adaptive,2026-07-04T12:35:58+01:00,5,4,48,34830,103,38.199001,645,660,645,15,2.2727,LOCAL_BEST,1,777,6390,57450,17295,152,59,0,2542.3729,0.0000,0,0,0,0,0,0
n012w8-0,n012w8,0,5,500000,100.0,adaptive,2026-07-04T12:35:58+01:00,5,2,48,36450,60,0.000000,750,795,750,45,5.6604,LOCAL_BEST,0,777,0,60584,18901,153,1620,-43,277.7778,0.0000,0,0,0,0,0,0
n012w8-0,n012w8,0,5,500000,100.0,adaptive,2026-07-04T12:35:58+01:00,5,1,48,36608,62,36.367714,670,680,670,10,1.4706,LOCAL_BEST,0,777,6722,61404,18248,154,158,2,632.9114,5000.0000,0,0,0,0,0,0
n012w8-0,n012w8,0,5,500000,100.0,adaptive,2026-07-04T12:35:58+01:00,5,1,48,36714,62,36.261353,655,670,655,15,2.2388,LOCAL_BEST,0,777,6728,61578,18331,155,106,0,1415.0943,0.0000,0,0,0,0,0,0
n012w8-0,n012w8,0,5,500000,100.0,adaptive,2026-07-04T12:35:58+01:00,5,5,48,38192,102,0.000000,425,440,425,15,3.4091,LOCAL_BEST,1,777,0,59188,32465,156,1478,40,101.4885,375.0000,0,0,0,0,0,0
n012w8-0,n012w8,0,5,500000,100.0,adaptive,2026-07-04T12:35:58+01:00,5,4,48,40819,114,32.373078,640,645,640,5,0.7752,LOCAL_BEST,1,777,6997,67178,21445,157,2627,12,19.0331,416.6667,0,0,0,0,0,0
n012w8-0,n012w8,0,5,500000,100.0,adaptive,2026-07-04T12:35:58+01:00,5,2,48,40869,67,0.000000,745,750,745,5,0.6667,LOCAL_BEST,0,777,0,67738,22108,158,50,-47,1000.0000,0.0000,0,0,0,0,0,0
n012w8-0,n012w8,0,5,500000,100.0,adaptive,2026-07-04T12:35:58+01:00,5,5,48,40882,105,0.000000,410,425,410,15,3.5294,LOCAL_BEST,1,777,0,63096,34856,159,13,38,11538.4615,394.7368,0,0,0,0,0,0
n012w8-0,n012w8,0,5,500000,100.0,adaptive,2026-07-04T12:35:58+01:00,5,3,48,41137,72,0.000000,1340,1445,1340,105,7.2664,LOCAL_BEST,0,777,15578,72231,1631,160,255,-33,4117.6471,0.0000,0,0,0,0,0,0
n012w8-0,n012w8,0,5,500000,100.0,adaptive,2026-07-04T12:35:58+01:00,5,3,48,41138,72,0.000000,1310,1340,1310,30,2.2388,LOCAL_BEST,0,777,15578,72234,1631,161,1,0,300000.0000,0.0000,0,0,0,0,0,0
n012w8-0,n012w8,0,5,500000,100.0,adaptive,2026-07-04T12:35:58+01:00,5,2,48,42296,69,0.000000,680,745,680,65,8.7248,LOCAL_BEST,0,777,0,69993,23171,162,1158,-3,561.3126,0.0000,0,0,0,0,0,0
n012w8-0,n012w8,0,5,500000,100.0,adaptive,2026-07-04T12:35:58+01:00,5,1,48,46421,78,27.730647,620,655,620,35,5.3435,LOCAL_BEST,0,777,7685,77107,25179,163,4125,9,84.8485,3888.8889,0,0,0,0,0,0
n012w8-0,n012w8,0,5,500000,100.0,adaptive,2026-07-04T12:35:58+01:00,5,4,48,46475,125,27.689301,590,640,590,50,7.8125,LOCAL_BEST,1,777,7454,75938,25630,164,54,47,9259.2593,1063.8298,0,0,0,0,0,0
n012w8-0,n012w8,0,5,500000,100.0,adaptive,2026-07-04T12:35:58+01:00,5,1,48,46693,78,27.523015,615,620,615,5,0.8065,LOCAL_BEST,0,777,7703,77591,25397,165,218,-47,229.3578,0.0000,0,0,0,0,0,0
n012w8-0,n012w8,0,5,500000,100.0,adaptive,2026-07-04T12:35:58+01:00,5,1,48,47632,80,26.818100,600,615,600,15,2.4390,LOCAL_BEST,0,777,7757,79063,26142,166,939,2,159.7444,7500.0000,0,0,0,0,0,0
n012w8-0,n012w8,0,5,500000,100.0,adaptive,2026-07-04T12:35:58+01:00,5,1,48,48571,81,26.131239,585,600,585,15,2.5000,LOCAL_BEST,0,777,7820,80550,26877,167,939,1,159.7444,15000.0000,0,0,0,0,0,0
n012w8-0,n012w8,0,5,500000,100.0,adaptive,2026-07-04T12:35:58+01:00,5,2,48,49082,79,0.000000,670,680,670,10,1.4706,LOCAL_BEST,0,777,0,81054,28472,168,511,-2,195.6947,0.0000,0,0,0,0,0,0
n012w8-0,n012w8,0,5,500000,100.0,adaptive,2026-07-04T12:35:58+01:00,5,2,48,49083,79,0.000000,655,670,655,15,2.2388,LOCAL_BEST,0,777,0,81054,28472,169,1,0,150000.0000,0.0000,0,0,0,0,0,0
n012w8-0,n012w8,0,5,500000,100.0,adaptive,2026-07-04T12:35:58+01:00,5,2,48,50365,81,0.000000,640,655,640,15,2.2901,LOCAL_BEST,0,777,0,83087,29470,170,1282,2,117.0047,7500.0000,0,0,0,0,0,0
n012w8-0,n012w8,0,5,500000,100.0,adaptive,2026-07-04T12:35:58+01:00,5,4,48,52566,137,23.400223,565,590,565,25,4.2373,LOCAL_BEST,1,777,7828,85548,30489,171,2201,56,113.5847,446.4286,0,0,0,0,0,0
n012w8-0,n012w8,0,5,500000,100.0,adaptive,2026-07-04T12:35:58+01:00,5,4,48,52573,137,23.395698,550,565,550,15,2.6549,LOCAL_BEST,1,777,7828,85557,30495,172,7,0,21428.5714,0.0000,0,0,0,0,0,0
n012w8-0,n012w8,0,5,500000,100.0,adaptive,2026-07-04T12:35:58+01:00,5,1,48,54374,94,22.259941,580,585,580,5,0.8547,LOCAL_BEST,0,777,8181,90063,31442,173,1801,-43,27.7624,0.0000,0,0,0,0,0,0
n012w8-0,n012w8,0,5,500000,100.0,adaptive,2026-07-04T12:35:58+01:00,5,2,48,58049,93,0.000000,610,640,610,30,4.6875,LOCAL_BEST,0,777,0,95355,35665,174,3675,-1,81.6327,0.0000,0,0,0,0,0,0
n012w8-0,n012w8,0,5,500000,100.0,adaptive,2026-07-04T12:35:58+01:00,5,7,48,58314,206,19.963836,505,510,505,5,0.9804,LOCAL_BEST,2,777,8204,95312,35007,175,265,113,188.6792,44.2478,0,0,0,0,0,0
n012w8-0,n012w8,0,5,500000,100.0,adaptive,2026-07-04T12:35:58+01:00,5,7,48,58323,206,19.958872,490,505,490,15,2.9703,LOCAL_BEST,2,777,8204,95325,35015,176,9,0,16666.6667,0.0000,0,0,0,0,0,0
n012w8-0,n012w8,0,5,500000,100.0,adaptive,2026-07-04T12:35:58+01:00,5,4,48,59421,153,19.362436,540,550,540,10,1.8182,LOCAL_BEST,1,777,8170,96210,36073,177,1098,-53,91.0747,0.0000,0,0,0,0,0,0
n012w8-0,n012w8,0,5,500000,100.0,adaptive,2026-07-04T12:35:58+01:00,5,4,48,59436,153,19.354413,530,540,530,10,1.8519,LOCAL_BEST,1,777,8170,96227,36085,178,15,0,6666.6667,0.0000,0,0,0,0,0,0
n012w8-0,n012w8,0,5,500000,100.0,adaptive,2026-07-04T12:35:58+01:00,5,4,48,59468,153,19.337307,505,530,505,25,4.7170,LOCAL_BEST,1,777,8170,96263,36115,179,32,0,7812.5000,0.0000,0,0,0,0,0,0
n012w8-0,n012w8,0,5,500000,100.0,adaptive,2026-07-04T12:35:58+01:00,5,4,48,59571,154,19.282352,475,505,475,30,5.9406,LOCAL_BEST,1,777,8172,96412,36204,180,103,1,2912.6214,30000.0000,0,0,0,0,0,0
n012w8-0,n012w8,0,5,500000,100.0,adaptive,2026-07-04T12:35:58+01:00,5,4,48,59653,154,19.238712,470,475,470,5,1.0526,LOCAL_BEST,1,777,8174,96533,36275,181,82,0,609.7561,0.0000,0,0,0,0,0,0
n012w8-0,n012w8,0,5,500000,100.0,adaptive,2026-07-04T12:35:58+01:00,5,4,48,60895,156,18.589684,450,470,450,20,4.2553,LOCAL_BEST,1,777,8233,98480,37310,182,1242,2,161.0306,10000.0000,0,0,0,0,0,0
n012w8-0,n012w8,0,5,500000,100.0,adaptive,2026-07-04T12:35:58+01:00,5,4,48,60948,156,18.562480,435,450,435,15,3.3333,LOCAL_BEST,1,777,8234,98565,37358,183,53,0,2830.1887,0.0000,0,0,0,0,0,0
n012w8-0,n012w8,0,5,500000,100.0,adaptive,2026-07-04T12:35:58+01:00,5,7,48,62166,212,17.948163,475,490,475,15,3.0612,LOCAL_BEST,2,777,8380,101720,38270,184,1218,56,123.1527,267.8571,0,0,0,0,0,0
n012w8-0,n012w8,0,5,500000,100.0,adaptive,2026-07-04T12:35:58+01:00,5,1,48,62260,109,17.901606,565,580,565,15,2.5862,LOCAL_BEST,0,777,8535,101907,37980,185,94,-103,1595.7447,0.0000,0,0,0,0,0,0
n012w8-0,n012w8,0,5,500000,100.0,adaptive,2026-07-04T12:35:58+01:00,5,1,48,62373,109,17.845799,550,565,550,15,2.6549,LOCAL_BEST,0,777,8536,102102,38083,186,113,0,1327.4336,0.0000,0,0,0,0,0,0
n012w8-0,n012w8,0,5,500000,100.0,adaptive,2026-07-04T12:35:58+01:00,5,1,48,62374,109,17.845306,535,550,535,15,2.7273,LOCAL_BEST,0,777,8536,102102,38083,187,1,0,150000.0000,0.0000,0,0,0,0,0,0
n012w8-0,n012w8,0,5,500000,100.0,adaptive,2026-07-04T12:35:58+01:00,5,2,48,63475,102,0.000000,605,610,605,5,0.8197,LOCAL_BEST,0,777,0,103850,40294,188,1101,-7,45.4133,0.0000,0,0,0,0,0,0
n012w8-0,n012w8,0,5,500000,100.0,adaptive,2026-07-04T12:35:58+01:00,5,7,48,64541,216,16.808153,470,475,470,5,1.0526,LOCAL_BEST,2,777,8475,105341,40314,189,1066,114,46.9043,43.8596,0,0,0,0,0,0
n012w8-0,n012w8,0,5,500000,100.0,adaptive,2026-07-04T12:35:58+01:00,5,1,48,64583,112,16.788659,520,535,520,15,2.8037,LOCAL_BEST,0,777,8597,105427,40022,190,42,-104,3571.4286,0.0000,0,0,0,0,0,0
n012w8-0,n012w8,0,5,500000,100.0,adaptive,2026-07-04T12:35:58+01:00,5,7,48,64672,216,16.747423,440,470,440,30,6.3830,LOCAL_BEST,2,777,8478,105489,40433,191,89,104,3370.7865,288.4615,0,0,0,0,0,0
n012w8-0,n012w8,0,5,500000,100.0,adaptive,2026-07-04T12:35:58+01:00,5,2,48,65023,106,0.000000,585,605,585,20,3.3058,LOCAL_BEST,0,777,0,106329,41552,192,351,-110,569.8006,0.0000,0,0,0,0,0,0
n012w8-0,n012w8,0,5,500000,100.0,adaptive,2026-07-04T12:35:58+01:00,5,2,48,65561,107,0.000000,580,585,580,5,0.8547,LOCAL_BEST,0,777,0,107197,41979,193,538,1,92.9368,5000.0000,0,0,0,0,0,0
n012w8-0,n012w8,0,5,500000,100.0,adaptive,2026-07-04T12:35:58+01:00,5,4,48,65880,163,16.197650,405,435,405,30,6.8966,LOCAL_BEST,1,777,8392,106416,41644,194,319,56,940.4389,535.7143,0,0,0,0,0,0
n012w8-0,n012w8,0,5,500000,100.0,adaptive,2026-07-04T12:35:58+01:00,5,4,48,66072,164,16.111946,385,405,385,20,4.9383,LOCAL_BEST,1,777,8396,106695,41816,195,192,1,1041.6667,20000.0000,0,0,0,0,0,0
n012w8-0,n012w8,0,5,500000,100.0,adaptive,2026-07-04T12:35:58+01:00,5,2,48,67313,111,0.000000,550,580,550,30,5.1724,LOCAL_BEST,0,777,0,110033,43463,196,1241,-53,241.7405,0.0000,0,0,0,0,0,0
n012w8-0,n012w8,0,5,500000,100.0,adaptive,2026-07-04T12:35:58+01:00,5,2,48,68194,113,0.000000,545,550,545,5,0.9091,LOCAL_BEST,0,777,0,111517,44200,197,881,2,56.7537,2500.0000,0,0,0,0,0,0
n012w8-0,n012w8,0,5,500000,100.0,adaptive,2026-07-04T12:35:58+01:00,5,2,48,68208,113,0.000000,515,545,515,30,5.5046,LOCAL_BEST,0,777,0,111541,44211,198,14,0,21428.5714,0.0000,0,0,0,0,0,0
n012w8-0,n012w8,0,5,500000,100.0,adaptive,2026-07-04T12:35:58+01:00,5,1,48,69155,120,14.796262,510,520,510,10,1.9231,LOCAL_BEST,0,777,8722,112299,44040,199,947,7,105.5966,1428.5714,0,0,0,0,0,0
n012w8-0,n012w8,0,5,500000,100.0,adaptive,2026-07-04T12:35:58+01:00,5,2,48,71430,120,0.000000,500,515,500,15,2.9126,LOCAL_BEST,0,777,0,116286,46907,200,2275,0,65.9341,0.0000,0,0,0,0,0,0
n012w8-0,n012w8,0,5,500000,100.0,adaptive,2026-07-04T12:35:58+01:00,5,1,48,71721,124,13.783516,450,510,450,60,11.7647,LOCAL_BEST,0,777,8793,116541,46301,201,291,4,2061.8557,15000.0000,0,0,0,0,0,0
n012w8-0,n012w8,0,5,500000,100.0,adaptive,2026-07-04T12:35:58+01:00,5,2,48,75824,127,0.000000,480,500,480,20,4.0000,LOCAL_BEST,0,777,0,122724,50636,202,4103,3,48.7448,6666.6667,0,0,0,0,0,0
n012w8-0,n012w8,0,5,500000,100.0,adaptive,2026-07-04T12:35:58+01:00,5,7,48,76999,244,11.913078,435,440,435,5,1.1364,LOCAL_BEST,2,777,8810,124060,51292,203,1175,117,42.5532,42.7350,0,0,0,0,0,0
n012w8-0,n012w8,0,5,500000,100.0,adaptive,2026-07-04T12:35:58+01:00,5,7,48,79497,248,11.118546,420,435,420,15,3.4483,LOCAL_BEST,2,777,8857,127808,53556,204,2498,4,60.0480,3750.0000,0,0,0,0,0,0
n012w8-0,n012w8,0,5,500000,100.0,adaptive,2026-07-04T12:35:58+01:00,5,7,48,79563,248,11.098288,405,420,405,15,3.5714,LOCAL_BEST,2,777,8857,127933,53617,205,66,0,2272.7273,0.0000,0,0,0,0,0,0
n012w8-0,n012w8,0,5,500000,100.0,adaptive,2026-07-04T12:35:58+01:00,5,1,48,80295,136,10.876070,440,450,440,10,2.2222,LOCAL_BEST,0,777,8964,129611,53951,206,732,-112,136.6120,0.0000,0,0,0,0,0,0
n012w8-0,n012w8,0,5,500000,100.0,adaptive,2026-07-04T12:35:58+01:00,5,1,48,80863,137,10.706709,430,440,430,10,2.2727,LOCAL_BEST,0,777,8977,130425,54471,207,568,1,176.0563,10000.0000,0,0,0,0,0,0
n012w8-0,n012w8,0,5,500000,100.0,adaptive,2026-07-04T12:35:58+01:00,5,1,48,83185,141,10.041348,420,430,420,10,2.3256,LOCAL_BEST,0,777,9010,134015,56581,208,2322,4,43.0663,2500.0000,0,0,0,0,0,0
n012w8-0,n012w8,0,5,500000,100.0,adaptive,2026-07-04T12:35:58+01:00,5,1,48,83858,142,9.856347,405,420,405,15,3.5714,LOCAL_BEST,0,777,9018,134977,57206,209,673,1,222.8826,15000.0000,0,0,0,0,0,0
n012w8-0,n012w8,0,5,500000,100.0,adaptive,2026-07-04T12:35:58+01:00,5,1,48,84483,143,9.687596,390,405,390,15,3.7037,LOCAL_BEST,0,777,9024,135969,57803,210,625,1,240.0000,15000.0000,0,0,0,0,0,0
n012w8-0,n012w8,0,5,500000,100.0,adaptive,2026-07-04T12:35:58+01:00,5,1,48,86636,148,9.128092,375,390,375,15,3.8462,LOCAL_BEST,0,777,9040,139248,59809,211,2153,5,69.6702,3000.0000,0,0,0,0,0,0
n012w8-0,n012w8,0,5,500000,100.0,adaptive,2026-07-04T12:35:58+01:00,5,7,48,88406,263,8.692406,390,405,390,15,3.7037,LOCAL_BEST,2,777,8964,141579,61699,212,1770,115,84.7458,130.4348,0,0,0,0,0,0
n012w8-0,n012w8,0,5,500000,100.0,adaptive,2026-07-04T12:35:58+01:00,5,7,48,89526,264,8.427524,375,390,375,15,3.8462,LOCAL_BEST,2,777,8973,143236,62736,213,1120,1,133.9286,15000.0000,0,0,0,0,0,0
n012w8-0,n012w8,0,5,500000,100.0,adaptive,2026-07-04T12:35:58+01:00,5,2,48,92875,152,0.000000,455,480,455,25,5.2083,LOCAL_BEST,0,777,0,148788,65614,214,3349,-112,74.6491,0.0000,0,0,0,0,0,0
n012w8-0,n012w8,0,5,500000,100.0,adaptive,2026-07-04T12:35:58+01:00,5,2,48,102303,167,0.000000,450,455,450,5,1.0989,LOCAL_BEST,0,777,0,163077,74211,215,9428,15,5.3034,333.3333,0,0,0,0,0,0
n012w8-0,n012w8,0,5,500000,100.0,adaptive,2026-07-04T12:35:58+01:00,5,2,48,107975,177,0.000000,440,450,440,10,2.2222,LOCAL_BEST,0,777,0,171275,79360,216,5672,10,17.6305,1000.0000,0,0,0,0,0,0
n012w8-0,n012w8,0,5,500000,100.0,adaptive,2026-07-04T12:35:58+01:00,5,2,48,121874,198,0.000000,435,440,435,5,1.1364,LOCAL_BEST,0,777,0,191998,92056,217,13899,21,3.5974,238.0952,0,0,0,0,0,0
n012w8-0,n012w8,0,5,500000,100.0,adaptive,2026-07-04T12:35:58+01:00,5,2,48,121947,198,0.000000,405,435,405,30,6.8966,LOCAL_BEST,0,777,0,192087,92118,218,73,0,4109.5890,0.0000,0,0,0,0,0,0
n012w8-0,n012w8,0,5,500000,100.0,adaptive,2026-07-04T12:35:58+01:00,5,2,48,123627,201,0.000000,390,405,390,15,3.7037,LOCAL_BEST,0,777,0,194455,93628,219,1680,3,89.2857,5000.0000,0,0,0,0,0,0
n012w8-0,n012w8,0,5,500000,100.0,adaptive,2026-07-04T12:35:58+01:00,5,2,48,128037,211,0.000000,385,390,385,5,1.2821,LOCAL_BEST,0,777,0,201053,97716,220,4410,10,11.3379,500.0000,0,0,0,0,0,0
n012w8-0,n012w8,0,5,500000,100.0,adaptive,2026-07-04T12:35:58+01:00,5,2,48,130091,216,0.000000,375,385,375,10,2.5974,LOCAL_BEST,0,777,0,204043,99629,221,2054,5,48.6855,2000.0000,0,0,0,0,0,0
n012w8-0,n012w8,0,5,500000,100.0,adaptive,2026-07-04T12:35:58+01:00,5,3,48,339980,681,0.000000,1250,1310,1250,60,4.5802,LOCAL_BEST,0,777,129869,603411,13350,222,209889,465,2.8587,129.0323,0,0,0,0,0,0
n012w8-0,n012w8,0,5,500000,100.0,adaptive,2026-07-04T12:35:58+01:00,5,3,48,464616,907,0.000000,1235,1250,1235,15,1.2000,LOCAL_BEST,0,777,177451,824514,18181,223,124636,226,1.2035,66.3717,0,0,0,0,0,0
n012w8-0,n012w8,0,5,500000,100.0,adaptive,2026-07-04T12:35:58+01:00,6,3,66,2,1,0.000000,3340,3370,3340,30,0.8902,LOCAL_BEST,0,777,0,5,0,1,2,1,150000.0000,30000.0000,0,0,0,0,0,0
n012w8-0,n012w8,0,5,500000,100.0,adaptive,2026-07-04T12:35:58+01:00,6,3,66,3,1,0.000000,3190,3340,3190,150,4.4910,LOCAL_BEST,0,777,0,11,0,2,1,0,1500000.0000,0.0000,0,0,0,0,0,0
n012w8-0,n012w8,0,5,500000,100.0,adaptive,2026-07-04T12:35:58+01:00,6,2,66,4,1,0.000000,3190,3370,3190,180,5.3412,GLOBAL_BEST,0,777,0,3,1,3,1,0,1800000.0000,0.0000,0,0,0,0,0,0
n012w8-0,n012w8,0,5,500000,100.0,adaptive,2026-07-04T12:35:58+01:00,6,3,66,4,1,0.000000,2890,3190,2890,300,9.4044,LOCAL_BEST,0,777,0,11,0,4,0,0,0.0000,0.0000,0,0,0,0,0,0
n012w8-0,n012w8,0,5,500000,100.0,adaptive,2026-07-04T12:35:58+01:00,6,1,66,5,1,99.988948,3340,3370,3340,30,0.8902,LOCAL_BEST,0,777,0,9,1,5,1,0,300000.0000,0.0000,0,0,0,0,0,0
n012w8-0,n012w8,0,5,500000,100.0,adaptive,2026-07-04T12:35:58+01:00,6,2,66,5,1,0.000000,3160,3190,3160,30,0.9404,LOCAL_BEST,0,777,0,6,1,6,0,0,0.0000,0.0000,0,0,0,0,0,0
n012w8-0,n012w8,0,5,500000,100.0,adaptive,2026-07-04T12:35:58+01:00,6,3,66,5,1,0.000000,2590,2890,2590,300,10.3806,LOCAL_BEST,0,777,0,13,0,7,0,0,0.0000,0.0000,0,0,0,0,0,0
n012w8-0,n012w8,0,5,500000,100.0,adaptive,2026-07-04T12:35:58+01:00,6,1,66,6,1,99.986185,3040,3340,3040,300,8.9820,GLOBAL_BEST,0,777,0,12,1,8,1,0,3000000.0000,0.0000,0,0,0,0,0,0
n012w8-0,n012w8,0,5,500000,100.0,adaptive,2026-07-04T12:35:58+01:00,6,3,66,6,1,0.000000,2530,2590,2530,60,2.3166,LOCAL_BEST,0,777,0,17,0,9,0,0,0.0000,0.0000,0,0,0,0,0,0
n012w8-0,n012w8,0,5,500000,100.0,adaptive,2026-07-04T12:35:58+01:00,6,1,66,7,1,99.983423,2890,3040,2890,150,4.9342,GLOBAL_BEST,0,777,0,12,1,10,1,0,1500000.0000,0.0000,0,0,0,0,0,0
n012w8-0,n012w8,0,5,500000,100.0,adaptive,2026-07-04T12:35:58+01:00,6,3,66,7,1,0.000000,2515,2530,2515,15,0.5929,LOCAL_BEST,0,777,0,17,0,11,0,0,0.0000,0.0000,0,0,0,0,0,0
n012w8-0,n012w8,0,5,500000,100.0,adaptive,2026-07-04T12:35:58+01:00,6,1,66,8,1,99.980660,2750,2890,2750,140,4.8443,GLOBAL_BEST,0,777,0,14,1,12,1,0,1400000.0000,0.0000,0,0,0,0,0,0
n012w8-0,n012w8,0,5,500000,100.0,adaptive,2026-07-04T12:35:58+01:00,6,3,66,8,1,0.000000,2485,2515,2485,30,1.1928,LOCAL_BEST,0,777,0,17,0,13,0,0,0.0000,0.0000,0,0,0,0,0,0
n012w8-0,n012w8,0,5,500000,100.0,adaptive,2026-07-04T12:35:58+01:00,6,3,66,9,1,0.000000,2200,2485,2200,285,11.4688,LOCAL_BEST,0,777,0,17,0,14,1,0,2850000.0000,0.0000,0,0,0,0,0,0
n012w8-0,n012w8,0,5,500000,100.0,adaptive,2026-07-04T12:35:58+01:00,6,2,66,10,1,0.000000,3130,3160,3130,30,0.9494,LOCAL_BEST,0,777,0,20,1,15,1,0,300000.0000,0.0000,0,0,0,0,0,0
n012w8-0,n012w8,0,5,500000,100.0,adaptive,2026-07-04T12:35:58+01:00,6,2,66,11,1,0.000000,3100,3130,3100,30,0.9585,LOCAL_BEST,0,777,0,25,1,16,1,0,300000.0000,0.0000,0,0,0,0,0,0
n012w8-0,n012w8,0,5,500000,100.0,adaptive,2026-07-04T12:35:58+01:00,6,1,66,13,1,99.966848,2735,2750,2735,15,0.5455,GLOBAL_BEST,0,777,1,30,1,17,2,0,75000.0000,0.0000,0,0,0,0,0,0
n012w8-0,n012w8,0,5,500000,100.0,adaptive,2026-07-04T12:35:58+01:00,6,2,66,14,1,0.000000,3070,3100,3070,30,0.9677,LOCAL_BEST,0,777,0,27,1,18,1,0,300000.0000,0.0000,0,0,0,0,0,0
n012w8-0,n012w8,0,5,500000,100.0,adaptive,2026-07-04T12:35:58+01:00,6,2,66,15,1,0.000000,2950,3070,2950,120,3.9088,LOCAL_BEST,0,777,0,28,1,19,1,0,1200000.0000,0.0000,0,0,0,0,0,0
n012w8-0,n012w8,0,5,500000,100.0,adaptive,2026-07-04T12:35:58+01:00,6,1,66,16,1,99.958562,2600,2735,2600,135,4.9360,GLOBAL_BEST,0,777,3,39,1,20,1,0,1350000.0000,0.0000,0,0,0,0,0,0
n012w8-0,n012w8,0,5,500000,100.0,adaptive,2026-07-04T12:35:58+01:00,6,2,66,17,1,0.000000,2905,2950,2905,45,1.5254,LOCAL_BEST,0,777,0,31,1,21,1,0,450000.0000,0.0000,0,0,0,0,0,0
n012w8-0,n012w8,0,5,500000,100.0,adaptive,2026-07-04T12:35:58+01:00,6,1,66,17,1,99.955800,2540,2600,2540,60,2.3077,GLOBAL_BEST,0,777,3,41,1,22,0,0,0.0000,0.0000,0,0,0,0,0,0
n012w8-0,n012w8,0,5,500000,100.0,adaptive,2026-07-04T12:35:58+01:00,6,2,66,19,1,0.000000,2785,2905,2785,120,4.1308,LOCAL_BEST,0,777,0,33,1,23,2,0,600000.0000,0.0000,0,0,0,0,0,0
n012w8-0,n012w8,0,5,500000,100.0,adaptive,2026-07-04T12:35:58+01:00,6,2,66,21,1,0.000000,2635,2785,2635,150,5.3860,LOCAL_BEST,0,777,0,35,1,24,2,0,750000.0000,0.0000,0,0,0,0,0,0
n012w8-0,n012w8,0,5,500000,100.0,adaptive,2026-07-04T12:35:58+01:00,6,2,66,23,1,0.000000,2605,2635,2605,30,1.1385,LOCAL_BEST,0,777,0,35,1,25,2,0,150000.0000,0.0000,0,0,0,0,0,0
n012w8-0,n012w8,0,5,500000,100.0,adaptive,2026-07-04T12:35:58+01:00,6,3,66,24,1,0.000000,2080,2200,2080,120,5.4545,LOCAL_BEST,0,777,3,26,0,26,1,0,1200000.0000,0.0000,0,0,0,0,0,0
n012w8-0,n012w8,0,5,500000,100.0,adaptive,2026-07-04T12:35:58+01:00,6,2,66,25,1,0.000000,2440,2605,2440,165,6.3340,GLOBAL_BEST,0,777,0,41,1,27,1,0,1650000.0000,0.0000,0,0,0,0,0,0
n012w8-0,n012w8,0,5,500000,100.0,adaptive,2026-07-04T12:35:58+01:00,6,1,66,25,1,99.933708,2420,2540,2420,120,4.7244,GLOBAL_BEST,0,777,6,55,1,28,0,0,0.0000,0.0000,0,0,0,0,0,0
n012w8-0,n012w8,0,5,500000,100.0,adaptive,2026-07-04T12:35:58+01:00,6,1,66,35,1,99.906099,2380,2420,2380,40,1.6529,GLOBAL_BEST,0,777,11,69,1,29,10,0,40000.0000,0.0000,0,0,0,0,0,0
n012w8-0,n012w8,0,5,500000,100.0,adaptive,2026-07-04T12:35:58+01:00,6,1,66,36,1,99.903338,2320,2380,2320,60,2.5210,GLOBAL_BEST,0,777,11,70,1,30,1,0,600000.0000,0.0000,0,0,0,0,0,0
n012w8-0,n012w8,0,5,500000,100.0,adaptive,2026-07-04T12:35:58+01:00,6,1,66,37,1,99.900578,2290,2320,2290,30,1.2931,GLOBAL_BEST,0,777,11,72,1,31,1,0,300000.0000,0.0000,0,0,0,0,0,0
n012w8-0,n012w8,0,5,500000,100.0,adaptive,2026-07-04T12:35:58+01:00,6,1,66,38,1,99.897817,2275,2290,2275,15,0.6550,GLOBAL_BEST,0,777,11,72,1,32,1,0,150000.0000,0.0000,0,0,0,0,0,0
n012w8-0,n012w8,0,5,500000,100.0,adaptive,2026-07-04T12:35:58+01:00,6,1,66,39,1,99.895057,2140,2275,2140,135,5.9341,GLOBAL_BEST,0,777,11,72,1,33,1,0,1350000.0000,0.0000,0,0,0,0,0,0
n012w8-0,n012w8,0,5,500000,100.0,adaptive,2026-07-04T12:35:58+01:00,6,8,66,39,90,0.000000,320,335,320,15,4.4776,GLOBAL_BEST,3,777,0,66,35,34,0,89,0.0000,168.5393,0,0,0,0,0,0
n012w8-0,n012w8,0,5,500000,100.0,adaptive,2026-07-04T12:35:58+01:00,6,1,66,41,1,99.889537,2020,2140,2020,120,5.6075,GLOBAL_BEST,0,777,11,76,1,35,2,-89,600000.0000,0.0000,0,0,0,0,0,0
n012w8-0,n012w8,0,5,500000,100.0,adaptive,2026-07-04T12:35:58+01:00,6,5,66,41,48,0.000000,605,620,605,15,2.4194,GLOBAL_BEST,1,777,0,67,39,36,0,47,0.0000,319.1489,0,0,0,0,0,0
n012w8-0,n012w8,0,5,500000,100.0,adaptive,2026-07-04T12:35:58+01:00,6,1,66,42,1,99.886777,1990,2020,1990,30,1.4851,GLOBAL_BEST,0,777,11,78,1,37,1,-47,300000.0000,0.0000,0,0,0,0,0,0
n012w8-0,n012w8,0,5,500000,100.0,adaptive,2026-07-04T12:35:58+01:00,6,1,66,45,1,99.878497,1975,1990,1975,15,0.7538,GLOBAL_BEST,0,777,11,78,3,38,3,0,50000.0000,0.0000,0,0,0,0,0,0
n012w8-0,n012w8,0,5,500000,100.0,adaptive,2026-07-04T12:35:58+01:00,6,2,66,49,1,0.000000,2365,2440,2365,75,3.0738,LOCAL_BEST,0,777,0,79,1,39,4,0,187500.0000,0.0000,0,0,0,0,0,0
n012w8-0,n012w8,0,5,500000,100.0,adaptive,2026-07-04T12:35:58+01:00,6,2,66,51,1,0.000000,2230,2365,2230,135,5.7082,LOCAL_BEST,0,777,0,80,1,40,2,0,675000.0000,0.0000,0,0,0,0,0,0
n012w8-0,n012w8,0,5,500000,100.0,adaptive,2026-07-04T12:35:58+01:00,6,2,66,52,1,0.000000,2110,2230,2110,120,5.3812,LOCAL_BEST,0,777,0,82,1,41,1,0,1200000.0000,0.0000,0,0,0,0,0,0
n012w8-0,n012w8,0,5,500000,100.0,adaptive,2026-07-04T12:35:58+01:00,6,2,66,54,1,0.000000,2020,2110,2020,90,4.2654,LOCAL_BEST,0,777,0,86,1,42,2,0,450000.0000,0.0000,0,0,0,0,0,0
n012w8-0,n012w8,0,5,500000,100.0,adaptive,2026-07-04T12:35:58+01:00,6,2,66,55,1,0.000000,2005,2020,2005,15,0.7426,LOCAL_BEST,0,777,0,88,1,43,1,0,150000.0000,0.0000,0,0,0,0,0,0
n012w8-0,n012w8,0,5,500000,100.0,adaptive,2026-07-04T12:35:58+01:00,6,1,66,55,1,99.850904,1855,1975,1855,120,6.0759,GLOBAL_BEST,0,777,14,114,5,44,0,0,0.0000,0.0000,0,0,0,0,0,0
n012w8-0,n012w8,0,5,500000,100.0,adaptive,2026-07-04T12:35:58+01:00,6,5,66,56,48,0.000000,575,605,575,30,4.9587,GLOBAL_BEST,1,777,0,90,51,45,1,47,300000.0000,638.2979,0,0,0,0,0,0
n012w8-0,n012w8,0,5,500000,100.0,adaptive,2026-07-04T12:35:58+01:00,6,1,66,61,1,99.834351,1825,1855,1825,30,1.6173,GLOBAL_BEST,0,777,16,119,8,46,5,-47,60000.0000,0.0000,0,0,0,0,0,0
n012w8-0,n012w8,0,5,500000,100.0,adaptive,2026-07-04T12:35:58+01:00,6,5,66,62,48,0.000000,545,575,545,30,5.2174,GLOBAL_BEST,1,777,0,94,56,47,1,47,300000.0000,638.2979,0,0,0,0,0,0
n012w8-0,n012w8,0,5,500000,100.0,adaptive,2026-07-04T12:35:58+01:00,6,1,66,70,1,99.809528,1750,1825,1750,75,4.1096,LOCAL_BEST,0,777,18,145,13,48,8,-47,93750.0000,0.0000,0,0,0,0,0,0
n012w8-0,n012w8,0,5,500000,100.0,adaptive,2026-07-04T12:35:58+01:00,6,1,66,71,1,99.806770,1720,1750,1720,30,1.7143,LOCAL_BEST,0,777,18,148,13,49,1,0,300000.0000,0.0000,0,0,0,0,0,0
n012w8-0,n012w8,0,5,500000,100.0,adaptive,2026-07-04T12:35:58+01:00,6,2,66,76,1,0.000000,1915,2005,1915,90,4.4888,LOCAL_BEST,0,777,0,122,1,50,5,0,180000.0000,0.0000,0,0,0,0,0,0
n012w8-0,n012w8,0,5,500000,100.0,adaptive,2026-07-04T12:35:58+01:00,6,2,66,77,1,0.000000,1675,1915,1675,240,12.5326,GLOBAL_BEST,0,777,0,124,1,51,1,0,2400000.0000,0.0000,0,0,0,0,0,0
n012w8-0,n012w8,0,5,500000,100.0,adaptive,2026-07-04T12:35:58+01:00,6,1,66,79,1,99.784710,1660,1720,1660,60,3.4884,LOCAL_BEST,0,777,20,156,18,52,2,0,300000.0000,0.0000,0,0,0,0,0,0
n012w8-0,n012w8,0,5,500000,100.0,adaptive,2026-07-04T12:35:58+01:00,6,2,66,85,1,0.000000,1605,1675,1605,70,4.1791,GLOBAL_BEST,0,777,0,141,1,53,6,0,116666.6667,0.0000,0,0,0,0,0,0
n012w8-0,n012w8,0,5,500000,100.0,adaptive,2026-07-04T12:35:58+01:00,6,1,66,87,1,99.762655,1600,1660,1600,60,3.6145,LOCAL_BEST,0,777,20,190,21,54,2,0,300000.0000,0.0000,0,0,0,0,0,0
n012w8-0,n012w8,0,5,500000,100.0,adaptive,2026-07-04T12:35:58+01:00,6,2,66,88,1,0.000000,1575,1605,1575,30,1.8692,GLOBAL_BEST,0,777,0,141,1,55,1,0,300000.0000,0.0000,0,0,0,0,0,0
n012w8-0,n012w8,0,5,500000,100.0,adaptive,2026-07-04T12:35:58+01:00,6,3,66,90,1,0.000000,2005,2080,2005,75,3.6058,LOCAL_BEST,0,777,29,160,1,56,2,0,375000.0000,0.0000,0,0,0,0,0,0
n012w8-0,n012w8,0,5,500000,100.0,adaptive,2026-07-04T12:35:58+01:00,6,1,66,108,1,99.704785,1570,1600,1570,30,1.8750,LOCAL_BEST,0,777,27,215,24,57,18,0,16666.6667,0.0000,0,0,0,0,0,0
n012w8-0,n012w8,0,5,500000,100.0,adaptive,2026-07-04T12:35:58+01:00,6,2,66,109,1,0.000000,1510,1575,1510,65,4.1270,GLOBAL_BEST,0,777,0,179,1,58,1,0,650000.0000,0.0000,0,0,0,0,0,0
n012w8-0,n012w8,0,5,500000,100.0,adaptive,2026-07-04T12:35:58+01:00,6,1,66,109,1,99.702030,1480,1570,1480,90,5.7325,GLOBAL_BEST,0,777,27,217,24,59,0,0,0.0000,0.0000,0,0,0,0,0,0
n012w8-0,n012w8,0,5,500000,100.0,adaptive,2026-07-04T12:35:58+01:00,6,3,66,119,1,0.000000,1945,2005,1945,60,2.9925,LOCAL_BEST,0,777,40,215,3,60,10,0,60000.0000,0.0000,0,0,0,0,0,0
n012w8-0,n012w8,0,5,500000,100.0,adaptive,2026-07-04T12:35:58+01:00,6,8,66,130,90,0.000000,305,320,305,15,4.6875,GLOBAL_BEST,3,777,0,191,116,61,11,89,13636.3636,168.5393,0,0,0,0,0,0
n012w8-0,n012w8,0,5,500000,100.0,adaptive,2026-07-04T12:35:58+01:00,6,1,66,135,1,99.630429,1465,1480,1465,15,1.0135,GLOBAL_BEST,0,777,31,242,37,62,5,-89,30000.0000,0.0000,0,0,0,0,0,0
n012w8-0,n012w8,0,5,500000,100.0,adaptive,2026-07-04T12:35:58+01:00,6,1,66,137,1,99.624923,1405,1465,1405,60,4.0956,GLOBAL_BEST,0,777,31,244,38,63,2,0,300000.0000,0.0000,0,0,0,0,0,0
n012w8-0,n012w8,0,5,500000,100.0,adaptive,2026-07-04T12:35:58+01:00,6,3,66,147,1,0.000000,1895,1945,1895,50,2.5707,LOCAL_BEST,0,777,50,256,3,64,10,0,50000.0000,0.0000,0,0,0,0,0,0
n012w8-0,n012w8,0,5,500000,100.0,adaptive,2026-07-04T12:35:58+01:00,6,3,66,148,1,0.000000,1775,1895,1775,120,6.3325,LOCAL_BEST,0,777,50,257,3,65,1,0,1200000.0000,0.0000,0,0,0,0,0,0
n012w8-0,n012w8,0,5,500000,100.0,adaptive,2026-07-04T12:35:58+01:00,6,1,66,296,1,99.188198,1385,1405,1385,20,1.4235,GLOBAL_BEST,0,777,80,465,79,66,148,0,1351.3514,0.0000,0,0,0,0,0,0
n012w8-0,n012w8,0,5,500000,100.0,adaptive,2026-07-04T12:35:58+01:00,6,1,66,325,1,99.108750,1300,1385,1300,85,6.1372,GLOBAL_BEST,0,777,87,499,89,67,29,0,29310.3448,0.0000,0,0,0,0,0,0
n012w8-0,n012w8,0,5,500000,100.0,adaptive,2026-07-04T12:35:58+01:00,6,1,66,326,1,99.106012,1255,1300,1255,45,3.4615,GLOBAL_BEST,0,777,87,502,89,68,1,0,450000.0000,0.0000,0,0,0,0,0,0
n012w8-0,n012w8,0,5,500000,100.0,adaptive,2026-07-04T12:35:58+01:00,6,1,66,327,1,99.103274,1240,1255,1240,15,1.1952,GLOBAL_BEST,0,777,87,503,89,69,1,0,150000.0000,0.0000,0,0,0,0,0,0
n012w8-0,n012w8,0,5,500000,100.0,adaptive,2026-07-04T12:35:58+01:00,6,1,66,334,1,99.084107,1225,1240,1225,15,1.2097,GLOBAL_BEST,0,777,89,522,91,70,7,0,21428.5714,0.0000,0,0,0,0,0,0
n012w8-0,n012w8,0,5,500000,100.0,adaptive,2026-07-04T12:35:58+01:00,6,8,66,376,90,0.000000,290,305,290,15,4.9180,GLOBAL_BEST,3,777,0,627,332,71,42,89,3571.4286,168.5393,0,0,0,0,0,0
n012w8-0,n012w8,0,5,500000,100.0,adaptive,2026-07-04T12:35:58+01:00,6,5,66,479,49,0.000000,530,545,530,15,2.7523,GLOBAL_BEST,1,777,0,760,381,72,103,-41,1456.3107,0.0000,0,0,0,0,0,0
n012w8-0,n012w8,0,5,500000,100.0,adaptive,2026-07-04T12:35:58+01:00,6,3,66,522,2,0.000000,1755,1775,1755,20,1.1268,LOCAL_BEST,0,777,188,919,17,73,43,-47,4651.1628,0.0000,0,0,0,0,0,0
n012w8-0,n012w8,0,5,500000,100.0,adaptive,2026-07-04T12:35:58+01:00,6,8,66,590,90,0.000000,275,290,275,15,5.1724,GLOBAL_BEST,3,777,0,919,532,74,68,88,2205.8824,170.4545,0,0,0,0,0,0
n012w8-0,n012w8,0,5,500000,100.0,adaptive,2026-07-04T12:35:58+01:00,6,2,66,626,2,0.000000,1485,1510,1485,25,1.6556,LOCAL_BEST,0,777,0,1092,1,75,36,-88,6944.4444,0.0000,0,0,0,0,0,0
n012w8-0,n012w8,0,5,500000,100.0,adaptive,2026-07-04T12:35:58+01:00,6,2,66,629,2,0.000000,1440,1485,1440,45,3.0303,LOCAL_BEST,0,777,0,1094,1,76,3,0,150000.0000,0.0000,0,0,0,0,0,0
n012w8-0,n012w8,0,5,500000,100.0,adaptive,2026-07-04T12:35:58+01:00,6,5,66,690,49,0.000000,500,530,500,30,5.6604,GLOBAL_BEST,1,777,0,1079,554,77,61,47,4918.0328,638.2979,0,0,0,0,0,0
n012w8-0,n012w8,0,5,500000,100.0,adaptive,2026-07-04T12:35:58+01:00,6,5,66,692,49,0.000000,485,500,485,15,3.0000,GLOBAL_BEST,1,777,0,1084,555,78,2,0,75000.0000,0.0000,0,0,0,0,0,0
n012w8-0,n012w8,0,5,500000,100.0,adaptive,2026-07-04T12:35:58+01:00,6,2,66,707,2,0.000000,1385,1440,1385,55,3.8194,LOCAL_BEST,0,777,0,1213,1,79,15,-47,36666.6667,0.0000,0,0,0,0,0,0
n012w8-0,n012w8,0,5,500000,100.0,adaptive,2026-07-04T12:35:58+01:00,6,3,66,843,2,0.000000,1680,1755,1680,75,4.2735,LOCAL_BEST,0,777,298,1557,27,80,136,0,5514.7059,0.0000,0,0,0,0,0,0
n012w8-0,n012w8,0,5,500000,100.0,adaptive,2026-07-04T12:35:58+01:00,6,1,66,893,2,97.565438,1195,1225,1195,30,2.4490,GLOBAL_BEST,0,777,229,1553,268,81,50,0,6000.0000,0.0000,0,0,0,0,0,0
n012w8-0,n012w8,0,5,500000,100.0,adaptive,2026-07-04T12:35:58+01:00,6,1,66,895,2,97.560047,1165,1195,1165,30,2.5105,GLOBAL_BEST,0,777,229,1553,269,82,2,0,150000.0000,0.0000,0,0,0,0,0,0
n012w8-0,n012w8,0,5,500000,100.0,adaptive,2026-07-04T12:35:58+01:00,6,1,66,896,2,97.557351,1150,1165,1150,15,1.2876,GLOBAL_BEST,0,777,229,1553,269,83,1,0,150000.0000,0.0000,0,0,0,0,0,0
n012w8-0,n012w8,0,5,500000,100.0,adaptive,2026-07-04T12:35:58+01:00,6,2,66,1088,3,0.000000,1330,1385,1330,55,3.9711,LOCAL_BEST,0,777,0,1958,12,84,192,1,2864.5833,55000.0000,0,0,0,0,0,0
n012w8-0,n012w8,0,5,500000,100.0,adaptive,2026-07-04T12:35:58+01:00,6,2,66,1090,3,0.000000,1255,1330,1255,75,5.6391,LOCAL_BEST,0,777,0,1959,12,85,2,0,375000.0000,0.0000,0,0,0,0,0,0
n012w8-0,n012w8,0,5,500000,100.0,adaptive,2026-07-04T12:35:58+01:00,6,2,66,1091,3,0.000000,1090,1255,1090,165,13.1474,GLOBAL_BEST,0,777,0,1964,12,86,1,0,1650000.0000,0.0000,0,0,0,0,0,0
n012w8-0,n012w8,0,5,500000,100.0,adaptive,2026-07-04T12:35:58+01:00,6,1,66,1277,3,96.535711,1140,1150,1140,10,0.8696,LOCAL_BEST,0,777,322,2198,393,87,186,0,537.6344,0.0000,0,0,0,0,0,0
n012w8-0,n012w8,0,5,500000,100.0,adaptive,2026-07-04T12:35:58+01:00,6,5,66,1322,50,0.000000,445,485,445,40,8.2474,GLOBAL_BEST,1,777,0,2189,1040,88,45,47,8888.8889,851.0638,0,0,0,0,0,0
n012w8-0,n012w8,0,5,500000,100.0,adaptive,2026-07-04T12:35:58+01:00,6,3,66,1377,3,0.000000,1630,1680,1630,50,2.9762,LOCAL_BEST,0,777,498,2633,49,89,55,-47,9090.9091,0.0000,0,0,0,0,0,0
n012w8-0,n012w8,0,5,500000,100.0,adaptive,2026-07-04T12:35:58+01:00,6,5,66,1378,50,0.000000,430,445,430,15,3.3708,GLOBAL_BEST,1,777,0,2282,1084,90,1,47,150000.0000,319.1489,0,0,0,0,0,0
n012w8-0,n012w8,0,5,500000,100.0,adaptive,2026-07-04T12:35:58+01:00,6,3,66,1384,4,0.000000,1620,1630,1620,10,0.6135,LOCAL_BEST,0,777,500,2647,49,91,6,-46,16666.6667,0.0000,0,0,0,0,0,0
n012w8-0,n012w8,0,5,500000,100.0,adaptive,2026-07-04T12:35:58+01:00,6,3,66,1389,4,0.000000,1575,1620,1575,45,2.7778,LOCAL_BEST,0,777,502,2663,49,92,5,0,90000.0000,0.0000,0,0,0,0,0,0
n012w8-0,n012w8,0,5,500000,100.0,adaptive,2026-07-04T12:35:58+01:00,6,3,66,1393,4,0.000000,1470,1575,1470,105,6.6667,LOCAL_BEST,0,777,504,2665,49,93,4,0,262500.0000,0.0000,0,0,0,0,0,0
n012w8-0,n012w8,0,5,500000,100.0,adaptive,2026-07-04T12:35:58+01:00,6,3,66,1396,4,0.000000,1455,1470,1455,15,1.0204,LOCAL_BEST,0,777,504,2672,50,94,3,0,50000.0000,0.0000,0,0,0,0,0,0
n012w8-0,n012w8,0,5,500000,100.0,adaptive,2026-07-04T12:35:58+01:00,6,3,66,1397,4,0.000000,1350,1455,1350,105,7.2165,LOCAL_BEST,0,777,504,2673,50,95,1,0,1050000.0000,0.0000,0,0,0,0,0,0
n012w8-0,n012w8,0,5,500000,100.0,adaptive,2026-07-04T12:35:58+01:00,6,3,66,1398,4,0.000000,1335,1350,1335,15,1.1111,LOCAL_BEST,0,777,504,2677,50,96,1,0,150000.0000,0.0000,0,0,0,0,0,0
n012w8-0,n012w8,0,5,500000,100.0,adaptive,2026-07-04T12:35:58+01:00,6,3,66,1399,4,0.000000,1290,1335,1290,45,3.3708,LOCAL_BEST,0,777,504,2677,50,97,1,0,450000.0000,0.0000,0,0,0,0,0,0
n012w8-0,n012w8,0,5,500000,100.0,adaptive,2026-07-04T12:35:58+01:00,6,3,66,1400,4,0.000000,1260,1290,1260,30,2.3256,LOCAL_BEST,0,777,504,2682,50,98,1,0,300000.0000,0.0000,0,0,0,0,0,0
n012w8-0,n012w8,0,5,500000,100.0,adaptive,2026-07-04T12:35:58+01:00,6,3,66,1404,4,0.000000,1215,1260,1215,45,3.5714,LOCAL_BEST,0,777,505,2689,50,99,4,0,112500.0000,0.0000,0,0,0,0,0,0
n012w8-0,n012w8,0,5,500000,100.0,adaptive,2026-07-04T12:35:58+01:00,6,5,66,2760,53,0.000000,425,430,425,5,1.1628,GLOBAL_BEST,1,777,0,4397,2146,100,1356,49,36.8732,102.0408,0,0,0,0,0,0
n012w8-0,n012w8,0,5,500000,100.0,adaptive,2026-07-04T12:35:58+01:00,6,1,66,2891,6,92.325145,1130,1140,1130,10,0.8772,LOCAL_BEST,0,777,732,5091,919,101,131,-47,763.3588,0.0000,0,0,0,0,0,0
n012w8-0,n012w8,0,5,500000,100.0,adaptive,2026-07-04T12:35:58+01:00,6,1,66,2979,6,92.100927,1115,1130,1115,15,1.3274,LOCAL_BEST,0,777,755,5214,947,102,88,0,1704.5455,0.0000,0,0,0,0,0,0
n012w8-0,n012w8,0,5,500000,100.0,adaptive,2026-07-04T12:35:58+01:00,6,1,66,3656,7,90.394082,1100,1115,1100,15,1.3453,LOCAL_BEST,0,777,906,6428,1177,103,677,1,221.5657,15000.0000,0,0,0,0,0,0
n012w8-0,n012w8,0,5,500000,100.0,adaptive,2026-07-04T12:35:58+01:00,6,1,66,3659,7,90.386590,1070,1100,1070,30,2.7273,GLOBAL_BEST,0,777,906,6428,1179,104,3,0,100000.0000,0.0000,0,0,0,0,0,0
n012w8-0,n012w8,0,5,500000,100.0,adaptive,2026-07-04T12:35:58+01:00,6,1,66,3675,7,90.346639,1055,1070,1055,15,1.4019,GLOBAL_BEST,0,777,907,6449,1188,105,16,0,9375.0000,0.0000,0,0,0,0,0,0
n012w8-0,n012w8,0,5,500000,100.0,adaptive,2026-07-04T12:35:58+01:00,6,1,66,3688,7,90.314192,1045,1055,1045,10,0.9479,GLOBAL_BEST,0,777,909,6473,1196,106,13,0,7692.3077,0.0000,0,0,0,0,0,0
n012w8-0,n012w8,0,5,500000,100.0,adaptive,2026-07-04T12:35:58+01:00,6,1,66,3694,7,90.299220,1000,1045,1000,45,4.3062,GLOBAL_BEST,0,777,910,6486,1199,107,6,0,75000.0000,0.0000,0,0,0,0,0,0
n012w8-0,n012w8,0,5,500000,100.0,adaptive,2026-07-04T12:35:58+01:00,6,1,66,3697,7,90.291735,955,1000,955,45,4.5000,GLOBAL_BEST,0,777,910,6487,1200,108,3,0,150000.0000,0.0000,0,0,0,0,0,0
n012w8-0,n012w8,0,5,500000,100.0,adaptive,2026-07-04T12:35:58+01:00,6,1,66,4687,8,87.855307,935,955,935,20,2.0942,GLOBAL_BEST,0,777,1145,8381,1534,109,990,1,202.0202,20000.0000,0,0,0,0,0,0
n012w8-0,n012w8,0,5,500000,100.0,adaptive,2026-07-04T12:35:58+01:00,6,1,66,4695,8,87.835889,905,935,905,30,3.2086,GLOBAL_BEST,0,777,1146,8393,1540,110,8,0,37500.0000,0.0000,0,0,0,0,0,0
n012w8-0,n012w8,0,5,500000,100.0,adaptive,2026-07-04T12:35:58+01:00,6,2,66,6511,11,0.000000,1000,1090,1000,90,8.2569,LOCAL_BEST,0,777,0,12389,1505,111,1816,3,495.5947,30000.0000,0,0,0,0,0,0
n012w8-0,n012w8,0,5,500000,100.0,adaptive,2026-07-04T12:35:58+01:00,6,1,66,6548,11,83.451856,835,905,835,70,7.7348,GLOBAL_BEST,0,777,1559,11627,2279,112,37,0,18918.9189,0.0000,0,0,0,0,0,0
n012w8-0,n012w8,0,5,500000,100.0,adaptive,2026-07-04T12:35:58+01:00,6,1,66,6551,11,83.444939,790,835,790,45,5.3892,GLOBAL_BEST,0,777,1559,11633,2280,113,3,0,150000.0000,0.0000,0,0,0,0,0,0
n012w8-0,n012w8,0,5,500000,100.0,adaptive,2026-07-04T12:35:58+01:00,6,5,66,8468,62,0.000000,410,425,410,15,3.5294,GLOBAL_BEST,1,777,0,13354,6767,114,1917,51,78.2473,294.1176,0,0,0,0,0,0
n012w8-0,n012w8,0,5,500000,100.0,adaptive,2026-07-04T12:35:58+01:00,6,5,66,11049,66,0.000000,395,410,395,15,3.6585,GLOBAL_BEST,1,777,0,17502,8799,115,2581,4,58.1170,3750.0000,0,0,0,0,0,0
n012w8-0,n012w8,0,5,500000,100.0,adaptive,2026-07-04T12:35:58+01:00,6,1,66,11390,19,73.001536,750,790,750,40,5.0633,GLOBAL_BEST,0,777,2659,20404,4134,116,341,-47,1173.0205,0.0000,0,0,0,0,0,0
n012w8-0,n012w8,0,5,500000,100.0,adaptive,2026-07-04T12:35:58+01:00,6,1,66,11396,19,72.989435,705,750,705,45,6.0000,GLOBAL_BEST,0,777,2660,20418,4138,117,6,0,75000.0000,0.0000,0,0,0,0,0,0
n012w8-0,n012w8,0,5,500000,100.0,adaptive,2026-07-04T12:35:58+01:00,6,2,66,12172,20,0.000000,965,1000,965,35,3.5000,LOCAL_BEST,0,777,0,22580,3963,118,776,1,451.0309,35000.0000,0,0,0,0,0,0
n012w8-0,n012w8,0,5,500000,100.0,adaptive,2026-07-04T12:35:58+01:00,6,8,66,12301,106,0.000000,260,275,260,15,5.4545,GLOBAL_BEST,3,777,0,19909,11342,119,129,86,1162.7907,174.4186,0,0,0,0,0,0
n012w8-0,n012w8,0,5,500000,100.0,adaptive,2026-07-04T12:35:58+01:00,6,2,66,13184,22,0.000000,925,965,925,40,4.1451,LOCAL_BEST,0,777,0,24384,4435,120,883,-84,453.0011,0.0000,0,0,0,0,0,0
n012w8-0,n012w8,0,5,500000,100.0,adaptive,2026-07-04T12:35:58+01:00,6,5,66,14315,71,0.000000,385,395,385,10,2.5316,GLOBAL_BEST,1,777,0,23230,11525,121,1131,49,88.4173,204.0816,0,0,0,0,0,0
n012w8-0,n012w8,0,5,500000,100.0,adaptive,2026-07-04T12:35:58+01:00,6,2,66,14317,23,0.000000,900,925,900,25,2.7027,LOCAL_BEST,0,777,0,26426,5072,122,2,-48,125000.0000,0.0000,0,0,0,0,0,0
n012w8-0,n012w8,0,5,500000,100.0,adaptive,2026-07-04T12:35:58+01:00,6,2,66,16550,26,0.000000,895,900,895,5,0.5556,LOCAL_BEST,0,777,0,30416,6290,123,2233,3,22.3914,1666.6667,0,0,0,0,0,0
n012w8-0,n012w8,0,5,500000,100.0,adaptive,2026-07-04T12:35:58+01:00,6,2,66,16962,27,0.000000,850,895,850,45,5.0279,LOCAL_BEST,0,777,0,31139,6501,124,412,1,1092.2330,45000.0000,0,0,0,0,0,0
n012w8-0,n012w8,0,5,500000,100.0,adaptive,2026-07-04T12:35:58+01:00,6,2,66,19156,31,0.000000,830,850,830,20,2.3529,LOCAL_BEST,0,777,0,35106,7726,125,2194,4,91.1577,5000.0000,0,0,0,0,0,0
n012w8-0,n012w8,0,5,500000,100.0,adaptive,2026-07-04T12:35:58+01:00,6,2,66,19192,31,0.000000,820,830,820,10,1.2048,LOCAL_BEST,0,777,0,35202,7744,126,36,0,2777.7778,0.0000,0,0,0,0,0,0
n012w8-0,n012w8,0,5,500000,100.0,adaptive,2026-07-04T12:35:58+01:00,6,2,66,19193,31,0.000000,805,820,805,15,1.8293,LOCAL_BEST,0,777,0,35203,7744,127,1,0,150000.0000,0.0000,0,0,0,0,0,0
n012w8-0,n012w8,0,5,500000,100.0,adaptive,2026-07-04T12:35:58+01:00,6,5,66,20124,82,0.000000,380,385,380,5,1.2987,LOCAL_BEST,1,777,0,32831,16494,128,931,51,53.7057,98.0392,0,0,0,0,0,0
n012w8-0,n012w8,0,5,500000,100.0,adaptive,2026-07-04T12:35:58+01:00,6,1,66,23174,38,52.713761,625,705,625,80,11.3475,GLOBAL_BEST,0,777,4893,41557,9624,129,3050,-44,262.2951,0.0000,0,0,0,0,0,0
n012w8-0,n012w8,0,5,500000,100.0,adaptive,2026-07-04T12:35:58+01:00,6,2,66,23395,37,0.000000,770,805,770,35,4.3478,LOCAL_BEST,0,777,0,42118,10383,130,221,-1,1583.7104,0.0000,0,0,0,0,0,0
n012w8-0,n012w8,0,5,500000,100.0,adaptive,2026-07-04T12:35:58+01:00,6,2,66,23653,37,0.000000,740,770,740,30,3.8961,LOCAL_BEST,0,777,0,42549,10541,131,258,0,1162.7907,0.0000,0,0,0,0,0,0
n012w8-0,n012w8,0,5,500000,100.0,adaptive,2026-07-04T12:35:58+01:00,6,2,66,23691,38,0.000000,730,740,730,10,1.3514,LOCAL_BEST,0,777,0,42624,10565,132,38,1,2631.5789,10000.0000,0,0,0,0,0,0
n012w8-0,n012w8,0,5,500000,100.0,adaptive,2026-07-04T12:35:58+01:00,6,5,66,25220,88,0.000000,335,380,335,45,11.8421,GLOBAL_BEST,1,777,0,41027,20996,133,1529,50,294.3100,900.0000,0,0,0,0,0,0
n012w8-0,n012w8,0,5,500000,100.0,adaptive,2026-07-04T12:35:58+01:00,6,2,66,26932,44,0.000000,725,730,725,5,0.6849,LOCAL_BEST,0,777,0,48082,12724,134,1712,-44,29.2056,0.0000,0,0,0,0,0,0
n012w8-0,n012w8,0,5,500000,100.0,adaptive,2026-07-04T12:35:58+01:00,6,1,66,27219,48,47.139395,620,625,620,5,0.8000,GLOBAL_BEST,0,777,5526,49049,11828,135,287,4,174.2160,1250.0000,0,0,0,0,0,0
n012w8-0,n012w8,0,5,500000,100.0,adaptive,2026-07-04T12:35:58+01:00,6,1,66,27224,48,47.132882,610,620,610,10,1.6129,GLOBAL_BEST,0,777,5526,49057,11832,136,5,0,20000.0000,0.0000,0,0,0,0,0,0
n012w8-0,n012w8,0,5,500000,100.0,adaptive,2026-07-04T12:35:58+01:00,6,2,66,27364,45,0.000000,715,725,715,10,1.3793,LOCAL_BEST,0,777,0,48880,13013,137,140,-3,714.2857,0.0000,0,0,0,0,0,0
n012w8-0,n012w8,0,5,500000,100.0,adaptive,2026-07-04T12:35:58+01:00,6,2,66,27365,45,0.000000,655,715,655,60,8.3916,LOCAL_BEST,0,777,0,48880,13013,138,1,0,600000.0000,0.0000,0,0,0,0,0,0
n012w8-0,n012w8,0,5,500000,100.0,adaptive,2026-07-04T12:35:58+01:00,6,2,66,27474,46,0.000000,625,655,625,30,4.5802,LOCAL_BEST,0,777,0,49083,13086,139,109,1,2752.2936,30000.0000,0,0,0,0,0,0
n012w8-0,n012w8,0,5,500000,100.0,adaptive,2026-07-04T12:35:58+01:00,6,1,66,30969,55,42.499518,580,610,580,30,4.9180,LOCAL_BEST,0,777,6047,55640,13986,140,3495,9,85.8369,3333.3333,0,0,0,0,0,0
n012w8-0,n012w8,0,5,500000,100.0,adaptive,2026-07-04T12:35:58+01:00,6,1,66,30976,55,42.491298,565,580,565,15,2.5862,LOCAL_BEST,0,777,6047,55667,13992,141,7,0,21428.5714,0.0000,0,0,0,0,0,0
n012w8-0,n012w8,0,5,500000,100.0,adaptive,2026-07-04T12:35:58+01:00,6,2,66,31451,53,0.000000,620,625,620,5,0.8000,LOCAL_BEST,0,777,0,55542,15748,142,475,-2,105.2632,0.0000,0,0,0,0,0,0
n012w8-0,n012w8,0,5,500000,100.0,adaptive,2026-07-04T12:35:58+01:00,6,2,66,31455,53,0.000000,605,620,605,15,2.4194,LOCAL_BEST,0,777,0,55546,15748,143,4,0,37500.0000,0.0000,0,0,0,0,0,0
n012w8-0,n012w8,0,5,500000,100.0,adaptive,2026-07-04T12:35:58+01:00,6,2,66,31488,53,0.000000,570,605,570,35,5.7851,LOCAL_BEST,0,777,0,55602,15770,144,33,0,10606.0606,0.0000,0,0,0,0,0,0
n012w8-0,n012w8,0,5,500000,100.0,adaptive,2026-07-04T12:35:58+01:00,6,1,66,31758,56,41.583017,525,565,525,40,7.0796,LOCAL_BEST,0,777,6136,57005,14486,145,270,3,1481.4815,13333.3333,0,0,0,0,0,0
n012w8-0,n012w8,0,5,500000,100.0,adaptive,2026-07-04T12:35:58+01:00,6,1,66,31760,56,41.580720,480,525,480,45,8.5714,LOCAL_BEST,0,777,6136,57011,14486,146,2,0,225000.0000,0.0000,0,0,0,0,0,0
n012w8-0,n012w8,0,5,500000,100.0,adaptive,2026-07-04T12:35:58+01:00,6,2,66,31836,54,0.000000,565,570,565,5,0.8772,LOCAL_BEST,0,777,0,56206,16042,147,76,-2,657.8947,0.0000,0,0,0,0,0,0
n012w8-0,n012w8,0,5,500000,100.0,adaptive,2026-07-04T12:35:58+01:00,6,2,66,33040,55,0.000000,500,565,500,65,11.5044,LOCAL_BEST,0,777,0,58253,16885,148,1204,1,539.8671,65000.0000,0,0,0,0,0,0
n012w8-0,n012w8,0,5,500000,100.0,adaptive,2026-07-04T12:35:58+01:00,6,4,66,34833,115,38.195834,575,620,575,45,7.2581,LOCAL_BEST,1,777,6466,62049,16589,149,1793,60,250.9760,750.0000,0,0,0,0,0,0
n012w8-0,n012w8,0,5,500000,100.0,adaptive,2026-07-04T12:35:58+01:00,6,1,66,37827,66,35.163168,475,480,475,5,1.0417,LOCAL_BEST,0,777,6838,67283,18412,150,2994,-49,16.7001,0.0000,0,0,0,0,0,0
n012w8-0,n012w8,0,5,500000,100.0,adaptive,2026-07-04T12:35:58+01:00,6,4,66,39539,125,33.538528,560,575,560,15,2.6087,LOCAL_BEST,1,777,6960,69963,19753,151,1712,59,87.6168,254.2373,0,0,0,0,0,0
n012w8-0,n012w8,0,5,500000,100.0,adaptive,2026-07-04T12:35:58+01:00,6,4,66,39551,125,33.527410,515,560,515,45,8.0357,LOCAL_BEST,1,777,6960,69978,19764,152,12,0,37500.0000,0.0000,0,0,0,0,0,0
n012w8-0,n012w8,0,5,500000,100.0,adaptive,2026-07-04T12:35:58+01:00,6,4,66,39553,125,33.525557,500,515,500,15,2.9126,LOCAL_BEST,1,777,6960,69978,19765,153,2,0,75000.0000,0.0000,0,0,0,0,0,0
n012w8-0,n012w8,0,5,500000,100.0,adaptive,2026-07-04T12:35:58+01:00,6,4,66,39600,125,33.482047,485,500,485,15,3.0000,LOCAL_BEST,1,777,6964,70062,19801,154,47,0,3191.4894,0.0000,0,0,0,0,0,0
n012w8-0,n012w8,0,5,500000,100.0,adaptive,2026-07-04T12:35:58+01:00,6,1,66,44113,74,29.556704,455,475,455,20,4.2105,LOCAL_BEST,0,777,7383,78157,22965,155,4513,-51,44.3164,0.0000,0,0,0,0,0,0
n012w8-0,n012w8,0,5,500000,100.0,adaptive,2026-07-04T12:35:58+01:00,6,1,66,44126,74,29.546089,425,455,425,30,6.5934,LOCAL_BEST,0,777,7383,78170,22977,156,13,0,23076.9231,0.0000,0,0,0,0,0,0
n012w8-0,n012w8,0,5,500000,100.0,adaptive,2026-07-04T12:35:58+01:00,6,1,66,44143,74,29.532214,410,425,410,15,3.5294,LOCAL_BEST,0,777,7384,78193,22991,157,17,0,8823.5294,0.0000,0,0,0,0,0,0
n012w8-0,n012w8,0,5,500000,100.0,adaptive,2026-07-04T12:35:58+01:00,6,1,66,44420,75,29.307043,395,410,395,15,3.6585,LOCAL_BEST,0,777,7399,78683,23214,158,277,1,541.5162,15000.0000,0,0,0,0,0,0
n012w8-0,n012w8,0,5,500000,100.0,adaptive,2026-07-04T12:35:58+01:00,6,8,66,44426,153,0.000000,245,260,245,15,5.7692,GLOBAL_BEST,3,777,0,69988,41290,159,6,78,25000.0000,192.3077,0,0,0,0,0,0
n012w8-0,n012w8,0,5,500000,100.0,adaptive,2026-07-04T12:35:58+01:00,6,1,66,44584,75,29.174539,380,395,380,15,3.7975,GLOBAL_BEST,0,777,7402,78948,23362,160,158,-78,949.3671,0.0000,0,0,0,0,0,0
n012w8-0,n012w8,0,5,500000,100.0,adaptive,2026-07-04T12:35:58+01:00,6,4,66,46794,140,27.446312,475,485,475,10,2.0619,LOCAL_BEST,1,777,7586,82634,24941,161,2210,65,45.2489,153.8462,0,0,0,0,0,0
n012w8-0,n012w8,0,5,500000,100.0,adaptive,2026-07-04T12:35:58+01:00,6,4,66,49074,145,25.770569,425,475,425,50,10.5263,LOCAL_BEST,1,777,7753,86309,26664,162,2280,5,219.2982,10000.0000,0,0,0,0,0,0
n012w8-0,n012w8,0,5,500000,100.0,adaptive,2026-07-04T12:35:58+01:00,6,4,66,49102,146,25.750638,415,425,415,10,2.3529,LOCAL_BEST,1,777,7753,86362,26691,163,28,1,3571.4286,10000.0000,0,0,0,0,0,0
n012w8-0,n012w8,0,5,500000,100.0,adaptive,2026-07-04T12:35:58+01:00,6,4,66,49144,146,25.720772,410,415,410,5,1.2048,LOCAL_BEST,1,777,7755,86407,26725,164,42,0,1190.4762,0.0000,0,0,0,0,0,0
n012w8-0,n012w8,0,5,500000,100.0,adaptive,2026-07-04T12:35:58+01:00,6,4,66,49403,146,25.537360,395,410,395,15,3.6585,LOCAL_BEST,1,777,7773,86778,26933,165,259,0,579.1506,0.0000,0,0,0,0,0,0
n012w8-0,n012w8,0,5,500000,100.0,adaptive,2026-07-04T12:35:58+01:00,6,4,66,52364,152,23.531196,380,395,380,15,3.7975,LOCAL_BEST,1,777,7980,91544,29150,166,2961,6,50.6586,2500.0000,0,0,0,0,0,0
n012w8-0,n012w8,0,5,500000,100.0,adaptive,2026-07-04T12:35:58+01:00,6,4,66,52431,152,23.487673,365,380,365,15,3.9474,LOCAL_BEST,1,777,7982,91660,29205,167,67,0,2238.8060,0.0000,0,0,0,0,0,0
n012w8-0,n012w8,0,5,500000,100.0,adaptive,2026-07-04T12:35:58+01:00,6,7,66,52933,190,23.164130,320,335,320,15,4.4776,LOCAL_BEST,2,777,7816,92299,30268,168,502,38,298.8048,394.7368,0,0,0,0,0,0
n012w8-0,n012w8,0,5,500000,100.0,adaptive,2026-07-04T12:35:58+01:00,6,2,66,52936,90,0.000000,475,500,475,25,5.0000,LOCAL_BEST,0,777,0,91282,31992,169,3,-100,83333.3333,0.0000,0,0,0,0,0,0
n012w8-0,n012w8,0,5,500000,100.0,adaptive,2026-07-04T12:35:58+01:00,6,2,66,55000,93,0.000000,455,475,455,20,4.2105,LOCAL_BEST,0,777,0,94787,33705,170,2064,3,96.8992,6666.6667,0,0,0,0,0,0
n012w8-0,n012w8,0,5,500000,100.0,adaptive,2026-07-04T12:35:58+01:00,6,2,66,57354,96,0.000000,450,455,450,5,1.0989,LOCAL_BEST,0,777,0,98676,35574,171,2354,3,21.2404,1666.6667,0,0,0,0,0,0
n012w8-0,n012w8,0,5,500000,100.0,adaptive,2026-07-04T12:35:58+01:00,6,2,66,58309,97,0.000000,405,450,405,45,10.0000,LOCAL_BEST,0,777,0,100169,36345,172,955,1,471.2042,45000.0000,0,0,0,0,0,0
n012w8-0,n012w8,0,5,500000,100.0,adaptive,2026-07-04T12:35:58+01:00,6,4,66,59395,166,19.376351,355,365,355,10,2.7397,LOCAL_BEST,1,777,8330,103478,34746,173,1086,69,92.0810,144.9275,0,0,0,0,0,0
n012w8-0,n012w8,0,5,500000,100.0,adaptive,2026-07-04T12:35:58+01:00,6,4,66,59426,166,19.359761,340,355,340,15,4.2254,LOCAL_BEST,1,777,8331,103523,34772,174,31,0,4838.7097,0.0000,0,0,0,0,0,0
n012w8-0,n012w8,0,5,500000,100.0,adaptive,2026-07-04T12:35:58+01:00,6,4,66,59662,166,19.233929,325,340,325,15,4.4118,LOCAL_BEST,1,777,8338,103910,34979,175,236,0,635.5932,0.0000,0,0,0,0,0,0
n012w8-0,n012w8,0,5,500000,100.0,adaptive,2026-07-04T12:35:58+01:00,6,1,66,63441,105,17.326865,375,380,375,5,1.3158,LOCAL_BEST,0,777,8476,110700,38224,176,3779,-61,13.2310,0.0000,0,0,0,0,0,0
n012w8-0,n012w8,0,5,500000,100.0,adaptive,2026-07-04T12:35:58+01:00,6,1,66,63452,105,17.321600,370,375,370,5,1.3333,LOCAL_BEST,0,777,8477,110731,38233,177,11,0,4545.4545,0.0000,0,0,0,0,0,0
n012w8-0,n012w8,0,5,500000,100.0,adaptive,2026-07-04T12:35:58+01:00,6,1,66,63453,105,17.321121,360,370,360,10,2.7027,LOCAL_BEST,0,777,8477,110734,38233,178,1,0,100000.0000,0.0000,0,0,0,0,0,0
n012w8-0,n012w8,0,5,500000,100.0,adaptive,2026-07-04T12:35:58+01:00,6,1,66,63814,106,17.149205,330,360,330,30,8.3333,LOCAL_BEST,0,777,8490,111353,38551,179,361,1,831.0249,30000.0000,0,0,0,0,0,0
n012w8-0,n012w8,0,5,500000,100.0,adaptive,2026-07-04T12:35:58+01:00,6,1,66,63869,106,17.123163,315,330,315,15,4.5455,LOCAL_BEST,0,777,8491,111463,38600,180,55,0,2727.2727,0.0000,0,0,0,0,0,0
n012w8-0,n012w8,0,5,500000,100.0,adaptive,2026-07-04T12:35:58+01:00,6,1,66,64910,109,16.637651,290,315,290,25,7.9365,LOCAL_BEST,0,777,8521,113122,39504,181,1041,3,240.1537,8333.3333,0,0,0,0,0,0
n012w8-0,n012w8,0,5,500000,100.0,adaptive,2026-07-04T12:35:58+01:00,6,2,66,66109,111,0.000000,355,405,355,50,12.3457,LOCAL_BEST,0,777,0,112815,42964,182,1199,2,417.0142,25000.0000,0,0,0,0,0,0
n012w8-0,n012w8,0,5,500000,100.0,adaptive,2026-07-04T12:35:58+01:00,6,7,66,67817,216,15.353521,310,320,310,10,3.1250,LOCAL_BEST,2,777,8445,116955,42603,183,1708,105,58.5480,95.2381,0,0,0,0,0,0
n012w8-0,n012w8,0,5,500000,100.0,adaptive,2026-07-04T12:35:58+01:00,6,7,66,68003,216,15.274816,290,310,290,20,6.4516,LOCAL_BEST,2,777,8453,117229,42761,184,186,0,1075.2688,0.0000,0,0,0,0,0,0
n012w8-0,n012w8,0,5,500000,100.0,adaptive,2026-07-04T12:35:58+01:00,6,7,66,68901,218,14.900471,280,290,280,10,3.4483,LOCAL_BEST,2,777,8475,118631,43570,185,898,2,111.3586,5000.0000,0,0,0,0,0,0
n012w8-0,n012w8,0,5,500000,100.0,adaptive,2026-07-04T12:35:58+01:00,6,7,66,68909,218,14.897178,265,280,265,15,5.3571,LOCAL_BEST,2,777,8475,118639,43577,186,8,0,18750.0000,0.0000,0,0,0,0,0,0
n012w8-0,n012w8,0,5,500000,100.0,adaptive,2026-07-04T12:35:58+01:00,6,7,66,69118,218,14.811396,250,265,250,15,5.6604,LOCAL_BEST,2,777,8476,118982,43771,187,209,0,717.7033,0.0000,0,0,0,0,0,0
n012w8-0,n012w8,0,5,500000,100.0,adaptive,2026-07-04T12:35:58+01:00,6,3,66,69120,128,0.000000,1090,1215,1090,125,10.2881,LOCAL_BEST,0,777,25922,132071,2858,188,2,-90,625000.0000,0.0000,0,0,0,0,0,0
n012w8-0,n012w8,0,5,500000,100.0,adaptive,2026-07-04T12:35:58+01:00,6,7,66,69791,219,14.538513,245,250,245,5,2.0000,LOCAL_BEST,2,777,8486,120025,44380,189,671,91,74.5156,54.9451,0,0,0,0,0,0
n012w8-0,n012w8,0,5,500000,100.0,adaptive,2026-07-04T12:35:58+01:00,6,7,66,69980,220,14.462787,235,245,235,10,4.0816,LOCAL_BEST,2,777,8489,120309,44552,190,189,1,529.1005,10000.0000,0,0,0,0,0,0
n012w8-0,n012w8,0,5,500000,100.0,adaptive,2026-07-04T12:35:58+01:00,6,4,66,70587,187,14.222240,310,325,310,15,4.6154,LOCAL_BEST,1,777,8724,122168,44214,191,607,-33,247.1170,0.0000,0,0,0,0,0,0
n012w8-0,n012w8,0,5,500000,100.0,adaptive,2026-07-04T12:35:58+01:00,6,2,66,73858,127,0.000000,340,355,340,15,4.2254,LOCAL_BEST,0,777,0,125216,49490,192,3271,-60,45.8575,0.0000,0,0,0,0,0,0
n012w8-0,n012w8,0,5,500000,100.0,adaptive,2026-07-04T12:35:58+01:00,6,2,66,77263,134,0.000000,335,340,335,5,1.4706,LOCAL_BEST,0,777,0,130663,52496,193,3405,7,14.6843,714.2857,0,0,0,0,0,0
n012w8-0,n012w8,0,5,500000,100.0,adaptive,2026-07-04T12:35:58+01:00,6,10,66,82701,313,10.176537,235,245,235,10,4.0816,LOCAL_BEST,4,777,9014,137944,55319,194,5438,179,18.3891,55.8659,0,0,0,0,0,0
n012w8-0,n012w8,0,5,500000,100.0,adaptive,2026-07-04T12:35:58+01:00,6,10,66,84154,316,9.776063,230,235,230,5,2.1277,LOCAL_BEST,4,777,9029,140166,56709,195,1453,3,34.4116,1666.6667,0,0,0,0,0,0
n012w8-0,n012w8,0,5,500000,100.0,adaptive,2026-07-04T12:35:58+01:00,6,3,66,84775,158,0.000000,1020,1090,1020,70,6.4220,LOCAL_BEST,0,777,31729,162089,3457,196,621,-158,1127.2142,0.0000,0,0,0,0,0,0
n012w8-0,n012w8,0,5,500000,100.0,adaptive,2026-07-04T12:35:58+01:00,6,1,66,85891,147,9.317942,275,290,275,15,5.1724,LOCAL_BEST,0,777,8978,148222,58197,197,1116,-11,134.4086,0.0000,0,0,0,0,0,0
n012w8-0,n012w8,0,5,500000,100.0,adaptive,2026-07-04T12:35:58+01:00,6,1,66,86140,148,9.254053,260,275,260,15,5.4545,LOCAL_BEST,0,777,8979,148645,58435,198,249,1,602.4096,15000.0000,0,0,0,0,0,0
n012w8-0,n012w8,0,5,500000,100.0,adaptive,2026-07-04T12:35:58+01:00,6,4,66,88225,218,8.735987,295,310,295,15,4.8387,LOCAL_BEST,1,777,9011,150977,60041,199,2085,70,71.9424,214.2857,0,0,0,0,0,0
n012w8-0,n012w8,0,5,500000,100.0,adaptive,2026-07-04T12:35:58+01:00,6,2,66,88754,156,0.000000,320,335,320,15,4.4776,LOCAL_BEST,0,777,0,149408,62650,200,529,-62,283.5539,0.0000,0,0,0,0,0,0
n012w8-0,n012w8,0,5,500000,100.0,adaptive,2026-07-04T12:35:58+01:00,6,1,66,91488,155,7.982814,245,260,245,15,5.7692,LOCAL_BEST,0,777,9017,157158,63426,201,2734,-1,54.8647,0.0000,0,0,0,0,0,0
n012w8-0,n012w8,0,5,500000,100.0,adaptive,2026-07-04T12:35:58+01:00,6,2,66,92380,161,0.000000,310,320,310,10,3.1250,LOCAL_BEST,0,777,0,155771,65848,202,892,6,112.1076,1666.6667,0,0,0,0,0,0
n012w8-0,n012w8,0,5,500000,100.0,adaptive,2026-07-04T12:35:58+01:00,6,2,66,94222,165,0.000000,295,310,295,15,4.8387,LOCAL_BEST,0,777,0,158752,67437,203,1842,4,81.4332,3750.0000,0,0,0,0,0,0
n012w8-0,n012w8,0,5,500000,100.0,adaptive,2026-07-04T12:35:58+01:00,6,1,66,97162,161,6.824455,230,245,230,15,6.1224,GLOBAL_BEST,0,777,9049,165933,68748,204,2940,-4,51.0204,0.0000,0,0,0,0,0,0
n012w8-0,n012w8,0,5,500000,100.0,adaptive,2026-07-04T12:35:58+01:00,6,2,66,98203,171,0.000000,285,295,285,10,3.3898,LOCAL_BEST,0,777,0,164884,70961,205,1041,10,96.0615,1000.0000,0,0,0,0,0,0
n012w8-0,n012w8,0,5,500000,100.0,adaptive,2026-07-04T12:35:58+01:00,6,2,66,98497,171,0.000000,270,285,270,15,5.2632,LOCAL_BEST,0,777,0,165340,71216,206,294,0,510.2041,0.0000,0,0,0,0,0,0
n012w8-0,n012w8,0,5,500000,100.0,adaptive,2026-07-04T12:35:58+01:00,6,1,66,147162,247,1.714178,230,230,230,0,0.0000,REHEAT,0,777,9104,237755,116594,207,48665,76,0.0000,0.0000,0,0,0,0,0,0
n012w8-0,n012w8,0,5,500000,100.0,adaptive,2026-07-04T12:35:58+01:00,6,2,66,150559,256,0.000000,255,270,255,15,5.5556,LOCAL_BEST,0,777,0,246548,118859,208,3397,9,44.1566,1666.6667,0,0,0,0,0,0
n012w8-0,n012w8,0,5,500000,100.0,adaptive,2026-07-04T12:35:58+01:00,6,1,66,197162,344,25.118864,595,230,230,0,0.0000,REHEAT,0,777,16841,324946,144213,209,46603,88,0.0000,0.0000,0,0,0,0,0,0
n012w8-0,n012w8,0,5,500000,100.0,adaptive,2026-07-04T12:35:58+01:00,6,1,66,247162,423,25.118864,595,230,230,0,0.0000,REHEAT,0,777,24523,413528,171913,210,50000,79,0.0000,0.0000,0,0,0,0,0,0
n012w8-0,n012w8,0,5,500000,100.0,adaptive,2026-07-04T12:35:58+01:00,6,1,66,297162,527,25.118864,670,230,230,0,0.0000,REHEAT,0,777,32343,500780,199478,211,50000,104,0.0000,0.0000,0,0,0,0,0,0
n012w8-0,n012w8,0,5,500000,100.0,adaptive,2026-07-04T12:35:58+01:00,6,1,66,347162,633,25.118864,855,230,230,0,0.0000,REHEAT,0,777,40207,587197,226852,212,50000,106,0.0000,0.0000,0,0,0,0,0,0
n012w8-0,n012w8,0,5,500000,100.0,adaptive,2026-07-04T12:35:58+01:00,6,1,66,397162,730,25.118864,775,230,230,0,0.0000,REHEAT,0,777,47966,674322,254435,213,50000,97,0.0000,0.0000,0,0,0,0,0,0
n012w8-0,n012w8,0,5,500000,100.0,adaptive,2026-07-04T12:35:58+01:00,6,1,66,447162,817,25.118864,520,230,230,0,0.0000,REHEAT,0,777,55917,762344,281600,214,50000,87,0.0000,0.0000,0,0,0,0,0,0
n012w8-0,n012w8,0,5,500000,100.0,adaptive,2026-07-04T12:35:58+01:00,6,1,66,497162,921,25.118864,670,230,230,0,0.0000,REHEAT,0,777,63777,848585,308956,215,50000,104,0.0000,0.0000,0,0,0,0,0,0
n012w8-0,n012w8,0,5,500000,100.0,adaptive,2026-07-04T12:35:58+01:00,7,2,83,1,0,0.000000,3305,3310,3305,5,0.1511,GLOBAL_BEST,0,777,0,6,0,1,1,0,50000.0000,0.0000,0,0,0,0,0,0
n012w8-0,n012w8,0,5,500000,100.0,adaptive,2026-07-04T12:35:58+01:00,7,1,83,3,0,99.994474,3250,3310,3250,60,1.8127,GLOBAL_BEST,0,777,0,12,1,2,2,0,300000.0000,0.0000,0,0,0,0,0,0
n012w8-0,n012w8,0,5,500000,100.0,adaptive,2026-07-04T12:35:58+01:00,7,1,83,4,0,99.991711,3235,3250,3235,15,0.4615,GLOBAL_BEST,0,777,0,13,1,3,1,0,150000.0000,0.0000,0,0,0,0,0,0
n012w8-0,n012w8,0,5,500000,100.0,adaptive,2026-07-04T12:35:58+01:00,7,1,83,7,0,99.983423,3205,3235,3205,30,0.9274,GLOBAL_BEST,0,777,1,15,1,4,3,0,100000.0000,0.0000,0,0,0,0,0,0
n012w8-0,n012w8,0,5,500000,100.0,adaptive,2026-07-04T12:35:58+01:00,7,2,83,8,0,0.000000,3275,3305,3275,30,0.9077,LOCAL_BEST,0,777,0,28,4,5,1,0,300000.0000,0.0000,0,0,0,0,0,0
n012w8-0,n012w8,0,5,500000,100.0,adaptive,2026-07-04T12:35:58+01:00,7,2,83,9,0,0.000000,3260,3275,3260,15,0.4580,LOCAL_BEST,0,777,0,34,4,6,1,0,150000.0000,0.0000,0,0,0,0,0,0
n012w8-0,n012w8,0,5,500000,100.0,adaptive,2026-07-04T12:35:58+01:00,7,1,83,10,0,99.975135,3040,3205,3040,165,5.1482,GLOBAL_BEST,0,777,2,28,1,7,1,0,1650000.0000,0.0000,0,0,0,0,0,0
n012w8-0,n012w8,0,5,500000,100.0,adaptive,2026-07-04T12:35:58+01:00,7,1,83,11,0,99.972373,2980,3040,2980,60,1.9737,GLOBAL_BEST,0,777,2,30,1,8,1,0,600000.0000,0.0000,0,0,0,0,0,0
n012w8-0,n012w8,0,5,500000,100.0,adaptive,2026-07-04T12:35:58+01:00,7,8,83,11,76,0.000000,340,355,340,15,4.2254,LOCAL_BEST,3,777,0,19,9,9,0,76,0.0000,197.3684,0,0,0,0,0,0
n012w8-0,n012w8,0,5,500000,100.0,adaptive,2026-07-04T12:35:58+01:00,7,11,83,11,102,0.000000,275,290,275,15,5.1724,GLOBAL_BEST,4,777,0,14,8,10,0,26,0.0000,576.9231,0,0,0,0,0,0
n012w8-0,n012w8,0,5,500000,100.0,adaptive,2026-07-04T12:35:58+01:00,7,2,83,12,0,0.000000,3175,3260,3175,85,2.6074,LOCAL_BEST,0,777,0,46,4,11,1,-102,850000.0000,0.0000,0,0,0,0,0,0
n012w8-0,n012w8,0,5,500000,100.0,adaptive,2026-07-04T12:35:58+01:00,7,1,83,12,0,99.969610,2950,2980,2950,30,1.0067,GLOBAL_BEST,0,777,2,30,1,12,0,0,0.0000,0.0000,0,0,0,0,0,0
n012w8-0,n012w8,0,5,500000,100.0,adaptive,2026-07-04T12:35:58+01:00,7,2,83,13,0,0.000000,2995,3175,2995,180,5.6693,LOCAL_BEST,0,777,0,46,4,13,1,0,1800000.0000,0.0000,0,0,0,0,0,0
n012w8-0,n012w8,0,5,500000,100.0,adaptive,2026-07-04T12:35:58+01:00,7,1,83,14,0,99.964086,2800,2950,2800,150,5.0847,GLOBAL_BEST,0,777,2,31,1,14,1,0,1500000.0000,0.0000,0,0,0,0,0,0
n012w8-0,n012w8,0,5,500000,100.0,adaptive,2026-07-04T12:35:58+01:00,7,1,83,16,0,99.958562,2770,2800,2770,30,1.0714,GLOBAL_BEST,0,777,2,33,2,15,2,0,150000.0000,0.0000,0,0,0,0,0,0
n012w8-0,n012w8,0,5,500000,100.0,adaptive,2026-07-04T12:35:58+01:00,7,3,83,17,0,0.000000,3125,3310,3125,185,5.5891,LOCAL_BEST,0,777,5,41,1,16,1,0,1850000.0000,0.0000,0,0,0,0,0,0
n012w8-0,n012w8,0,5,500000,100.0,adaptive,2026-07-04T12:35:58+01:00,7,1,83,17,0,99.955800,2710,2770,2710,60,2.1661,GLOBAL_BEST,0,777,2,34,2,17,0,0,0.0000,0.0000,0,0,0,0,0,0
n012w8-0,n012w8,0,5,500000,100.0,adaptive,2026-07-04T12:35:58+01:00,7,5,83,17,40,0.000000,560,605,560,45,7.4380,LOCAL_BEST,1,777,0,50,16,18,0,40,0.0000,1125.0000,0,0,0,0,0,0
n012w8-0,n012w8,0,5,500000,100.0,adaptive,2026-07-04T12:35:58+01:00,7,3,83,18,0,0.000000,3095,3125,3095,30,0.9600,LOCAL_BEST,0,777,5,41,1,19,1,-40,300000.0000,0.0000,0,0,0,0,0,0
n012w8-0,n012w8,0,5,500000,100.0,adaptive,2026-07-04T12:35:58+01:00,7,1,83,18,0,99.953038,2695,2710,2695,15,0.5535,GLOBAL_BEST,0,777,2,39,2,20,0,0,0.0000,0.0000,0,0,0,0,0,0
n012w8-0,n012w8,0,5,500000,100.0,adaptive,2026-07-04T12:35:58+01:00,7,1,83,20,0,99.947515,2530,2695,2530,165,6.1224,GLOBAL_BEST,0,777,2,39,2,21,2,0,825000.0000,0.0000,0,0,0,0,0,0
n012w8-0,n012w8,0,5,500000,100.0,adaptive,2026-07-04T12:35:58+01:00,7,1,83,21,0,99.944753,2355,2530,2355,175,6.9170,GLOBAL_BEST,0,777,2,40,2,22,1,0,1750000.0000,0.0000,0,0,0,0,0,0
n012w8-0,n012w8,0,5,500000,100.0,adaptive,2026-07-04T12:35:58+01:00,7,3,83,23,0,0.000000,3080,3095,3080,15,0.4847,LOCAL_BEST,0,777,7,51,1,23,2,0,75000.0000,0.0000,0,0,0,0,0,0
n012w8-0,n012w8,0,5,500000,100.0,adaptive,2026-07-04T12:35:58+01:00,7,1,83,25,0,99.933708,2295,2355,2295,60,2.5478,GLOBAL_BEST,0,777,2,45,4,24,2,0,300000.0000,0.0000,0,0,0,0,0,0
n012w8-0,n012w8,0,5,500000,100.0,adaptive,2026-07-04T12:35:58+01:00,7,1,83,26,0,99.930946,2265,2295,2265,30,1.3072,GLOBAL_BEST,0,777,2,45,4,25,1,0,300000.0000,0.0000,0,0,0,0,0,0
n012w8-0,n012w8,0,5,500000,100.0,adaptive,2026-07-04T12:35:58+01:00,7,1,83,27,0,99.928185,2250,2265,2250,15,0.6623,GLOBAL_BEST,0,777,2,45,4,26,1,0,150000.0000,0.0000,0,0,0,0,0,0
n012w8-0,n012w8,0,5,500000,100.0,adaptive,2026-07-04T12:35:58+01:00,7,3,83,29,0,0.000000,3070,3080,3070,10,0.3247,LOCAL_BEST,0,777,8,59,1,27,2,0,50000.0000,0.0000,0,0,0,0,0,0
n012w8-0,n012w8,0,5,500000,100.0,adaptive,2026-07-04T12:35:58+01:00,7,1,83,32,0,99.914381,2175,2250,2175,75,3.3333,GLOBAL_BEST,0,777,4,60,5,28,3,0,250000.0000,0.0000,0,0,0,0,0,0
n012w8-0,n012w8,0,5,500000,100.0,adaptive,2026-07-04T12:35:58+01:00,7,2,83,33,0,0.000000,2970,2995,2970,25,0.8347,LOCAL_BEST,0,777,0,83,4,29,1,0,250000.0000,0.0000,0,0,0,0,0,0
n012w8-0,n012w8,0,5,500000,100.0,adaptive,2026-07-04T12:35:58+01:00,7,1,83,35,0,99.906099,2145,2175,2145,30,1.3793,GLOBAL_BEST,0,777,4,67,6,30,2,0,150000.0000,0.0000,0,0,0,0,0,0
n012w8-0,n012w8,0,5,500000,100.0,adaptive,2026-07-04T12:35:58+01:00,7,1,83,36,0,99.903338,1975,2145,1975,170,7.9254,GLOBAL_BEST,0,777,4,68,6,31,1,0,1700000.0000,0.0000,0,0,0,0,0,0
n012w8-0,n012w8,0,5,500000,100.0,adaptive,2026-07-04T12:35:58+01:00,7,1,83,38,0,99.897817,1885,1975,1885,90,4.5570,GLOBAL_BEST,0,777,4,73,7,32,2,0,450000.0000,0.0000,0,0,0,0,0,0
n012w8-0,n012w8,0,5,500000,100.0,adaptive,2026-07-04T12:35:58+01:00,7,1,83,43,0,99.884017,1780,1885,1780,105,5.5703,GLOBAL_BEST,0,777,6,82,7,33,5,0,210000.0000,0.0000,0,0,0,0,0,0
n012w8-0,n012w8,0,5,500000,100.0,adaptive,2026-07-04T12:35:58+01:00,7,3,83,46,0,0.000000,3040,3070,3040,30,0.9772,LOCAL_BEST,0,777,14,85,1,34,3,0,100000.0000,0.0000,0,0,0,0,0,0
n012w8-0,n012w8,0,5,500000,100.0,adaptive,2026-07-04T12:35:58+01:00,7,1,83,46,0,99.875738,1615,1780,1615,165,9.2697,GLOBAL_BEST,0,777,7,84,8,35,0,0,0.0000,0.0000,0,0,0,0,0,0
n012w8-0,n012w8,0,5,500000,100.0,adaptive,2026-07-04T12:35:58+01:00,7,2,83,48,0,0.000000,2745,2970,2745,225,7.5758,LOCAL_BEST,0,777,0,97,4,36,2,0,1125000.0000,0.0000,0,0,0,0,0,0
n012w8-0,n012w8,0,5,500000,100.0,adaptive,2026-07-04T12:35:58+01:00,7,1,83,48,0,99.870218,1540,1615,1540,75,4.6440,GLOBAL_BEST,0,777,8,88,8,37,0,0,0.0000,0.0000,0,0,0,0,0,0
n012w8-0,n012w8,0,5,500000,100.0,adaptive,2026-07-04T12:35:58+01:00,7,3,83,49,0,0.000000,2980,3040,2980,60,1.9737,LOCAL_BEST,0,777,14,96,3,38,1,0,600000.0000,0.0000,0,0,0,0,0,0
n012w8-0,n012w8,0,5,500000,100.0,adaptive,2026-07-04T12:35:58+01:00,7,2,83,49,0,0.000000,2545,2745,2545,200,7.2860,LOCAL_BEST,0,777,0,98,4,39,0,0,0.0000,0.0000,0,0,0,0,0,0
n012w8-0,n012w8,0,5,500000,100.0,adaptive,2026-07-04T12:35:58+01:00,7,2,83,50,0,0.000000,2515,2545,2515,30,1.1788,LOCAL_BEST,0,777,0,98,4,40,1,0,300000.0000,0.0000,0,0,0,0,0,0
n012w8-0,n012w8,0,5,500000,100.0,adaptive,2026-07-04T12:35:58+01:00,7,2,83,51,0,0.000000,2485,2515,2485,30,1.1928,LOCAL_BEST,0,777,0,98,4,41,1,0,300000.0000,0.0000,0,0,0,0,0,0
n012w8-0,n012w8,0,5,500000,100.0,adaptive,2026-07-04T12:35:58+01:00,7,3,83,53,0,0.000000,2955,2980,2955,25,0.8389,LOCAL_BEST,0,777,16,102,3,42,2,0,125000.0000,0.0000,0,0,0,0,0,0
n012w8-0,n012w8,0,5,500000,100.0,adaptive,2026-07-04T12:35:58+01:00,7,2,83,54,0,0.000000,2410,2485,2410,75,3.0181,LOCAL_BEST,0,777,0,102,4,43,1,0,750000.0000,0.0000,0,0,0,0,0,0
n012w8-0,n012w8,0,5,500000,100.0,adaptive,2026-07-04T12:35:58+01:00,7,2,83,55,0,0.000000,2260,2410,2260,150,6.2241,LOCAL_BEST,0,777,0,104,4,44,1,0,1500000.0000,0.0000,0,0,0,0,0,0
n012w8-0,n012w8,0,5,500000,100.0,adaptive,2026-07-04T12:35:58+01:00,7,5,83,58,40,0.000000,505,560,505,55,9.8214,GLOBAL_BEST,1,777,0,122,49,45,3,40,183333.3333,1375.0000,0,0,0,0,0,0
n012w8-0,n012w8,0,5,500000,100.0,adaptive,2026-07-04T12:35:58+01:00,7,3,83,63,0,0.000000,2835,2955,2835,120,4.0609,LOCAL_BEST,0,777,18,127,3,46,5,-40,240000.0000,0.0000,0,0,0,0,0,0
n012w8-0,n012w8,0,5,500000,100.0,adaptive,2026-07-04T12:35:58+01:00,7,2,83,65,0,0.000000,2230,2260,2230,30,1.3274,LOCAL_BEST,0,777,0,123,4,47,2,0,150000.0000,0.0000,0,0,0,0,0,0
n012w8-0,n012w8,0,5,500000,100.0,adaptive,2026-07-04T12:35:58+01:00,7,3,83,66,0,0.000000,2805,2835,2805,30,1.0582,LOCAL_BEST,0,777,18,130,3,48,1,0,300000.0000,0.0000,0,0,0,0,0,0
n012w8-0,n012w8,0,5,500000,100.0,adaptive,2026-07-04T12:35:58+01:00,7,2,83,66,0,0.000000,2140,2230,2140,90,4.0359,LOCAL_BEST,0,777,0,126,4,49,0,0,0.0000,0.0000,0,0,0,0,0,0
n012w8-0,n012w8,0,5,500000,100.0,adaptive,2026-07-04T12:35:58+01:00,7,1,83,66,0,99.820560,1445,1540,1445,95,6.1688,GLOBAL_BEST,0,777,12,123,17,50,0,0,0.0000,0.0000,0,0,0,0,0,0
n012w8-0,n012w8,0,5,500000,100.0,adaptive,2026-07-04T12:35:58+01:00,7,1,83,67,0,99.817801,1425,1445,1425,20,1.3841,GLOBAL_BEST,0,777,12,127,17,51,1,0,200000.0000,0.0000,0,0,0,0,0,0
n012w8-0,n012w8,0,5,500000,100.0,adaptive,2026-07-04T12:35:58+01:00,7,3,83,68,0,0.000000,2715,2805,2715,90,3.2086,LOCAL_BEST,0,777,18,131,3,52,1,0,900000.0000,0.0000,0,0,0,0,0,0
n012w8-0,n012w8,0,5,500000,100.0,adaptive,2026-07-04T12:35:58+01:00,7,3,83,69,0,0.000000,2685,2715,2685,30,1.1050,LOCAL_BEST,0,777,18,134,3,53,1,0,300000.0000,0.0000,0,0,0,0,0,0
n012w8-0,n012w8,0,5,500000,100.0,adaptive,2026-07-04T12:35:58+01:00,7,3,83,70,0,0.000000,2670,2685,2670,15,0.5587,LOCAL_BEST,0,777,18,141,3,54,1,0,150000.0000,0.0000,0,0,0,0,0,0
n012w8-0,n012w8,0,5,500000,100.0,adaptive,2026-07-04T12:35:58+01:00,7,3,83,72,0,0.000000,2490,2670,2490,180,6.7416,LOCAL_BEST,0,777,19,147,3,55,2,0,900000.0000,0.0000,0,0,0,0,0,0
n012w8-0,n012w8,0,5,500000,100.0,adaptive,2026-07-04T12:35:58+01:00,7,8,83,74,77,0.000000,325,340,325,15,4.4118,GLOBAL_BEST,3,777,0,116,62,56,2,77,75000.0000,194.8052,0,0,0,0,0,0
n012w8-0,n012w8,0,5,500000,100.0,adaptive,2026-07-04T12:35:58+01:00,7,8,83,77,77,0.000000,310,325,310,15,4.6154,GLOBAL_BEST,3,777,0,117,63,57,3,0,50000.0000,0.0000,0,0,0,0,0,0
n012w8-0,n012w8,0,5,500000,100.0,adaptive,2026-07-04T12:35:58+01:00,7,3,83,79,0,0.000000,2450,2490,2450,40,1.6064,LOCAL_BEST,0,777,23,155,3,58,2,-77,200000.0000,0.0000,0,0,0,0,0,0
n012w8-0,n012w8,0,5,500000,100.0,adaptive,2026-07-04T12:35:58+01:00,7,3,83,81,0,0.000000,2270,2450,2270,180,7.3469,LOCAL_BEST,0,777,24,159,3,59,2,0,900000.0000,0.0000,0,0,0,0,0,0
n012w8-0,n012w8,0,5,500000,100.0,adaptive,2026-07-04T12:35:58+01:00,7,2,83,85,0,0.000000,2010,2140,2010,130,6.0748,LOCAL_BEST,0,777,0,192,4,60,4,0,325000.0000,0.0000,0,0,0,0,0,0
n012w8-0,n012w8,0,5,500000,100.0,adaptive,2026-07-04T12:35:58+01:00,7,3,83,86,0,0.000000,2150,2270,2150,120,5.2863,LOCAL_BEST,0,777,25,162,3,61,1,0,1200000.0000,0.0000,0,0,0,0,0,0
n012w8-0,n012w8,0,5,500000,100.0,adaptive,2026-07-04T12:35:58+01:00,7,3,83,88,0,0.000000,2140,2150,2140,10,0.4651,LOCAL_BEST,0,777,26,165,3,62,2,0,50000.0000,0.0000,0,0,0,0,0,0
n012w8-0,n012w8,0,5,500000,100.0,adaptive,2026-07-04T12:35:58+01:00,7,3,83,89,0,0.000000,2125,2140,2125,15,0.7009,LOCAL_BEST,0,777,26,165,3,63,1,0,150000.0000,0.0000,0,0,0,0,0,0
n012w8-0,n012w8,0,5,500000,100.0,adaptive,2026-07-04T12:35:58+01:00,7,2,83,97,0,0.000000,1935,2010,1935,75,3.7313,LOCAL_BEST,0,777,0,208,4,64,8,0,93750.0000,0.0000,0,0,0,0,0,0
n012w8-0,n012w8,0,5,500000,100.0,adaptive,2026-07-04T12:35:58+01:00,7,2,83,98,0,0.000000,1920,1935,1920,15,0.7752,LOCAL_BEST,0,777,0,208,4,65,1,0,150000.0000,0.0000,0,0,0,0,0,0
n012w8-0,n012w8,0,5,500000,100.0,adaptive,2026-07-04T12:35:58+01:00,7,2,83,99,0,0.000000,1830,1920,1830,90,4.6875,LOCAL_BEST,0,777,0,225,4,66,1,0,900000.0000,0.0000,0,0,0,0,0,0
n012w8-0,n012w8,0,5,500000,100.0,adaptive,2026-07-04T12:35:58+01:00,7,2,83,100,0,0.000000,1710,1830,1710,120,6.5574,LOCAL_BEST,0,777,0,227,4,67,1,0,1200000.0000,0.0000,0,0,0,0,0,0
n012w8-0,n012w8,0,5,500000,100.0,adaptive,2026-07-04T12:35:58+01:00,7,1,83,113,0,99.691011,1365,1425,1365,60,4.2105,GLOBAL_BEST,0,777,24,208,32,68,13,0,46153.8462,0.0000,0,0,0,0,0,0
n012w8-0,n012w8,0,5,500000,100.0,adaptive,2026-07-04T12:35:58+01:00,7,3,83,125,0,0.000000,1960,2125,1960,165,7.7647,LOCAL_BEST,0,777,41,261,3,69,12,0,137500.0000,0.0000,0,0,0,0,0,0
n012w8-0,n012w8,0,5,500000,100.0,adaptive,2026-07-04T12:35:58+01:00,7,3,83,128,0,0.000000,1810,1960,1810,150,7.6531,LOCAL_BEST,0,777,41,263,3,70,3,0,500000.0000,0.0000,0,0,0,0,0,0
n012w8-0,n012w8,0,5,500000,100.0,adaptive,2026-07-04T12:35:58+01:00,7,1,83,128,0,99.649701,1320,1365,1320,45,3.2967,GLOBAL_BEST,0,777,29,236,36,71,0,0,0.0000,0.0000,0,0,0,0,0,0
n012w8-0,n012w8,0,5,500000,100.0,adaptive,2026-07-04T12:35:58+01:00,7,3,83,131,0,0.000000,1675,1810,1675,135,7.4586,LOCAL_BEST,0,777,43,268,3,72,3,0,450000.0000,0.0000,0,0,0,0,0,0
n012w8-0,n012w8,0,5,500000,100.0,adaptive,2026-07-04T12:35:58+01:00,7,2,83,142,0,0.000000,1630,1710,1630,80,4.6784,LOCAL_BEST,0,777,0,331,4,73,11,0,72727.2727,0.0000,0,0,0,0,0,0
n012w8-0,n012w8,0,5,500000,100.0,adaptive,2026-07-04T12:35:58+01:00,7,2,83,143,0,0.000000,1540,1630,1540,90,5.5215,LOCAL_BEST,0,777,0,332,4,74,1,0,900000.0000,0.0000,0,0,0,0,0,0
n012w8-0,n012w8,0,5,500000,100.0,adaptive,2026-07-04T12:35:58+01:00,7,11,83,191,103,0.000000,260,275,260,15,5.4545,GLOBAL_BEST,4,777,0,326,176,75,48,103,3125.0000,145.6311,0,0,0,0,0,0
n012w8-0,n012w8,0,5,500000,100.0,adaptive,2026-07-04T12:35:58+01:00,7,1,83,209,1,99.426923,1245,1320,1245,75,5.6818,GLOBAL_BEST,0,777,54,389,57,76,18,-102,41666.6667,0.0000,0,0,0,0,0,0
n012w8-0,n012w8,0,5,500000,100.0,adaptive,2026-07-04T12:35:58+01:00,7,1,83,237,1,99.350029,1160,1245,1160,85,6.8273,GLOBAL_BEST,0,777,64,439,64,77,28,0,30357.1429,0.0000,0,0,0,0,0,0
n012w8-0,n012w8,0,5,500000,100.0,adaptive,2026-07-04T12:35:58+01:00,7,1,83,243,1,99.333560,1130,1160,1130,30,2.5862,GLOBAL_BEST,0,777,64,467,69,78,6,0,50000.0000,0.0000,0,0,0,0,0,0
n012w8-0,n012w8,0,5,500000,100.0,adaptive,2026-07-04T12:35:58+01:00,7,2,83,272,1,0.000000,1485,1540,1485,55,3.5714,LOCAL_BEST,0,777,0,644,4,79,29,0,18965.5172,0.0000,0,0,0,0,0,0
n012w8-0,n012w8,0,5,500000,100.0,adaptive,2026-07-04T12:35:58+01:00,7,3,83,292,1,0.000000,1665,1675,1665,10,0.5970,LOCAL_BEST,0,777,108,645,8,80,20,0,5000.0000,0.0000,0,0,0,0,0,0
n012w8-0,n012w8,0,5,500000,100.0,adaptive,2026-07-04T12:35:58+01:00,7,3,83,302,1,0.000000,1650,1665,1650,15,0.9009,LOCAL_BEST,0,777,109,663,8,81,10,0,15000.0000,0.0000,0,0,0,0,0,0
n012w8-0,n012w8,0,5,500000,100.0,adaptive,2026-07-04T12:35:58+01:00,7,3,83,593,2,0.000000,1615,1650,1615,35,2.1212,LOCAL_BEST,0,777,223,1272,20,82,291,1,1202.7491,35000.0000,0,0,0,0,0,0
n012w8-0,n012w8,0,5,500000,100.0,adaptive,2026-07-04T12:35:58+01:00,7,3,83,829,2,0.000000,1500,1615,1500,115,7.1207,LOCAL_BEST,0,777,315,1764,27,83,236,0,4872.8814,0.0000,0,0,0,0,0,0
n012w8-0,n012w8,0,5,500000,100.0,adaptive,2026-07-04T12:35:58+01:00,7,3,83,1026,2,0.000000,1440,1500,1440,60,4.0000,LOCAL_BEST,0,777,388,2214,38,84,197,0,3045.6853,0.0000,0,0,0,0,0,0
n012w8-0,n012w8,0,5,500000,100.0,adaptive,2026-07-04T12:35:58+01:00,7,3,83,1037,2,0.000000,1410,1440,1410,30,2.0833,LOCAL_BEST,0,777,392,2240,39,85,11,0,27272.7273,0.0000,0,0,0,0,0,0
n012w8-0,n012w8,0,5,500000,100.0,adaptive,2026-07-04T12:35:58+01:00,7,3,83,1038,2,0.000000,1230,1410,1230,180,12.7660,LOCAL_BEST,0,777,392,2240,39,86,1,0,1800000.0000,0.0000,0,0,0,0,0,0
n012w8-0,n012w8,0,5,500000,100.0,adaptive,2026-07-04T12:35:58+01:00,7,3,83,1039,2,0.000000,1185,1230,1185,45,3.6585,LOCAL_BEST,0,777,392,2241,39,87,1,0,450000.0000,0.0000,0,0,0,0,0,0
n012w8-0,n012w8,0,5,500000,100.0,adaptive,2026-07-04T12:35:58+01:00,7,2,83,1632,3,0.000000,1435,1485,1435,50,3.3670,LOCAL_BEST,0,777,0,3362,125,88,593,1,843.1703,50000.0000,0,0,0,0,0,0
n012w8-0,n012w8,0,5,500000,100.0,adaptive,2026-07-04T12:35:58+01:00,7,2,83,1633,3,0.000000,1405,1435,1405,30,2.0906,LOCAL_BEST,0,777,0,3362,125,89,1,0,300000.0000,0.0000,0,0,0,0,0,0
n012w8-0,n012w8,0,5,500000,100.0,adaptive,2026-07-04T12:35:58+01:00,7,5,83,2000,43,0.000000,490,505,490,15,2.9703,GLOBAL_BEST,1,777,0,3548,1592,90,367,40,408.7193,375.0000,0,0,0,0,0,0
n012w8-0,n012w8,0,5,500000,100.0,adaptive,2026-07-04T12:35:58+01:00,7,2,83,2143,3,0.000000,1350,1405,1350,55,3.9146,LOCAL_BEST,0,777,0,4473,208,91,143,-40,3846.1538,0.0000,0,0,0,0,0,0
n012w8-0,n012w8,0,5,500000,100.0,adaptive,2026-07-04T12:35:58+01:00,7,2,83,2144,3,0.000000,1320,1350,1320,30,2.2222,LOCAL_BEST,0,777,0,4475,208,92,1,0,300000.0000,0.0000,0,0,0,0,0,0
n012w8-0,n012w8,0,5,500000,100.0,adaptive,2026-07-04T12:35:58+01:00,7,2,83,2145,3,0.000000,1290,1320,1290,30,2.2727,LOCAL_BEST,0,777,0,4477,208,93,1,0,300000.0000,0.0000,0,0,0,0,0,0
n012w8-0,n012w8,0,5,500000,100.0,adaptive,2026-07-04T12:35:58+01:00,7,1,83,2209,4,94.081450,1060,1130,1060,70,6.1947,GLOBAL_BEST,0,777,558,4416,702,94,64,1,10937.5000,70000.0000,0,0,0,0,0,0
n012w8-0,n012w8,0,5,500000,100.0,adaptive,2026-07-04T12:35:58+01:00,7,1,83,2213,4,94.071052,1030,1060,1030,30,2.8302,GLOBAL_BEST,0,777,558,4425,705,95,4,0,75000.0000,0.0000,0,0,0,0,0,0
n012w8-0,n012w8,0,5,500000,100.0,adaptive,2026-07-04T12:35:58+01:00,7,1,83,2220,4,94.052859,985,1030,985,45,4.3689,GLOBAL_BEST,0,777,558,4445,708,96,7,0,64285.7143,0.0000,0,0,0,0,0,0
n012w8-0,n012w8,0,5,500000,100.0,adaptive,2026-07-04T12:35:58+01:00,7,1,83,2223,4,94.045063,970,985,970,15,1.5228,GLOBAL_BEST,0,777,559,4448,708,97,3,0,50000.0000,0.0000,0,0,0,0,0,0
n012w8-0,n012w8,0,5,500000,100.0,adaptive,2026-07-04T12:35:58+01:00,7,1,83,3228,5,91.469436,960,970,960,10,1.0309,GLOBAL_BEST,0,777,801,6297,1089,98,1005,1,99.5025,10000.0000,0,0,0,0,0,0
n012w8-0,n012w8,0,5,500000,100.0,adaptive,2026-07-04T12:35:58+01:00,7,1,83,3239,5,91.441639,930,960,930,30,3.1250,GLOBAL_BEST,0,777,802,6342,1095,99,11,0,27272.7273,0.0000,0,0,0,0,0,0
n012w8-0,n012w8,0,5,500000,100.0,adaptive,2026-07-04T12:35:58+01:00,7,5,83,3579,45,0.000000,485,490,485,5,1.0204,GLOBAL_BEST,1,777,0,6236,2855,100,340,40,147.0588,125.0000,0,0,0,0,0,0
n012w8-0,n012w8,0,5,500000,100.0,adaptive,2026-07-04T12:35:58+01:00,7,5,83,3668,45,0.000000,470,485,470,15,3.0928,GLOBAL_BEST,1,777,0,6397,2924,101,89,0,1685.3933,0.0000,0,0,0,0,0,0
n012w8-0,n012w8,0,5,500000,100.0,adaptive,2026-07-04T12:35:58+01:00,7,11,83,4126,110,0.000000,255,260,255,5,1.9231,GLOBAL_BEST,4,777,0,7173,3811,102,458,65,109.1703,76.9231,0,0,0,0,0,0
n012w8-0,n012w8,0,5,500000,100.0,adaptive,2026-07-04T12:35:58+01:00,7,5,83,4462,46,0.000000,460,470,460,10,2.1277,GLOBAL_BEST,1,777,0,7767,3546,103,336,-64,297.6190,0.0000,0,0,0,0,0,0
n012w8-0,n012w8,0,5,500000,100.0,adaptive,2026-07-04T12:35:58+01:00,7,5,83,5020,47,0.000000,455,460,455,5,1.0870,GLOBAL_BEST,1,777,0,8655,3999,104,558,1,89.6057,5000.0000,0,0,0,0,0,0
n012w8-0,n012w8,0,5,500000,100.0,adaptive,2026-07-04T12:35:58+01:00,7,2,83,5070,8,0.000000,1270,1290,1270,20,1.5504,LOCAL_BEST,0,777,0,10182,1025,105,50,-39,4000.0000,0.0000,0,0,0,0,0,0
n012w8-0,n012w8,0,5,500000,100.0,adaptive,2026-07-04T12:35:58+01:00,7,2,83,5191,8,0.000000,1260,1270,1260,10,0.7874,LOCAL_BEST,0,777,0,10433,1055,106,121,0,826.4463,0.0000,0,0,0,0,0,0
n012w8-0,n012w8,0,5,500000,100.0,adaptive,2026-07-04T12:35:58+01:00,7,2,83,5336,8,0.000000,1230,1260,1230,30,2.3810,LOCAL_BEST,0,777,0,10716,1088,107,145,0,2068.9655,0.0000,0,0,0,0,0,0
n012w8-0,n012w8,0,5,500000,100.0,adaptive,2026-07-04T12:35:58+01:00,7,2,83,5900,10,0.000000,1220,1230,1220,10,0.8130,LOCAL_BEST,0,777,0,11791,1278,108,564,2,177.3050,5000.0000,0,0,0,0,0,0
n012w8-0,n012w8,0,5,500000,100.0,adaptive,2026-07-04T12:35:58+01:00,7,2,83,6408,10,0.000000,1180,1220,1180,40,3.2787,LOCAL_BEST,0,777,0,12704,1476,109,508,0,787.4016,0.0000,0,0,0,0,0,0
n012w8-0,n012w8,0,5,500000,100.0,adaptive,2026-07-04T12:35:58+01:00,7,5,83,6809,49,0.000000,445,455,445,10,2.1978,GLOBAL_BEST,1,777,0,11702,5424,110,401,39,249.3766,256.4103,0,0,0,0,0,0
n012w8-0,n012w8,0,5,500000,100.0,adaptive,2026-07-04T12:35:58+01:00,7,5,83,7422,49,0.000000,430,445,430,15,3.3708,GLOBAL_BEST,1,777,0,12825,5916,111,613,0,244.6982,0.0000,0,0,0,0,0,0
n012w8-0,n012w8,0,5,500000,100.0,adaptive,2026-07-04T12:35:58+01:00,7,2,83,7693,12,0.000000,1090,1180,1090,90,7.6271,LOCAL_BEST,0,777,0,15257,1947,112,271,-37,3321.0332,0.0000,0,0,0,0,0,0
n012w8-0,n012w8,0,5,500000,100.0,adaptive,2026-07-04T12:35:58+01:00,7,5,83,7818,51,0.000000,410,430,410,20,4.6512,GLOBAL_BEST,1,777,0,13510,6229,113,125,39,1600.0000,512.8205,0,0,0,0,0,0
n012w8-0,n012w8,0,5,500000,100.0,adaptive,2026-07-04T12:35:58+01:00,7,5,83,7903,51,0.000000,385,410,385,25,6.0976,GLOBAL_BEST,1,777,0,13677,6296,114,85,0,2941.1765,0.0000,0,0,0,0,0,0
n012w8-0,n012w8,0,5,500000,100.0,adaptive,2026-07-04T12:35:58+01:00,7,2,83,7938,12,0.000000,995,1090,995,95,8.7156,LOCAL_BEST,0,777,0,15644,2032,115,35,-39,27142.8571,0.0000,0,0,0,0,0,0
n012w8-0,n012w8,0,5,500000,100.0,adaptive,2026-07-04T12:35:58+01:00,7,1,83,10300,16,75.233627,900,930,900,30,3.2258,GLOBAL_BEST,0,777,2413,19922,3829,116,2362,4,127.0110,7500.0000,0,0,0,0,0,0
n012w8-0,n012w8,0,5,500000,100.0,adaptive,2026-07-04T12:35:58+01:00,7,1,83,10800,17,74.201383,830,900,830,70,7.7778,GLOBAL_BEST,0,777,2522,20904,4045,117,500,1,1400.0000,70000.0000,0,0,0,0,0,0
n012w8-0,n012w8,0,5,500000,100.0,adaptive,2026-07-04T12:35:58+01:00,7,1,83,11383,18,73.015657,805,830,805,25,3.0120,GLOBAL_BEST,0,777,2636,22057,4296,118,583,1,428.8165,25000.0000,0,0,0,0,0,0
n012w8-0,n012w8,0,5,500000,100.0,adaptive,2026-07-04T12:35:58+01:00,7,1,83,11641,18,72.496994,800,805,800,5,0.6211,GLOBAL_BEST,0,777,2684,22623,4417,119,258,0,193.7984,0.0000,0,0,0,0,0,0
n012w8-0,n012w8,0,5,500000,100.0,adaptive,2026-07-04T12:35:58+01:00,7,1,83,11642,18,72.494991,740,800,740,60,7.5000,GLOBAL_BEST,0,777,2684,22625,4417,120,1,0,600000.0000,0.0000,0,0,0,0,0,0
n012w8-0,n012w8,0,5,500000,100.0,adaptive,2026-07-04T12:35:58+01:00,7,2,83,11733,18,0.000000,980,995,980,15,1.5075,LOCAL_BEST,0,777,0,23027,3605,121,91,0,1648.3516,0.0000,0,0,0,0,0,0
n012w8-0,n012w8,0,5,500000,100.0,adaptive,2026-07-04T12:35:58+01:00,7,2,83,11734,18,0.000000,950,980,950,30,3.0612,LOCAL_BEST,0,777,0,23030,3605,122,1,0,300000.0000,0.0000,0,0,0,0,0,0
n012w8-0,n012w8,0,5,500000,100.0,adaptive,2026-07-04T12:35:58+01:00,7,1,83,13649,21,68.584188,690,740,690,50,6.7568,GLOBAL_BEST,0,777,3098,26567,5274,123,1915,3,261.0966,16666.6667,0,0,0,0,0,0
n012w8-0,n012w8,0,5,500000,100.0,adaptive,2026-07-04T12:35:58+01:00,7,2,83,15233,23,0.000000,940,950,940,10,1.0526,LOCAL_BEST,0,777,0,29989,5366,124,1584,2,63.1313,5000.0000,0,0,0,0,0,0
n012w8-0,n012w8,0,5,500000,100.0,adaptive,2026-07-04T12:35:58+01:00,7,2,83,15234,23,0.000000,925,940,925,15,1.5957,LOCAL_BEST,0,777,0,29995,5366,125,1,0,150000.0000,0.0000,0,0,0,0,0,0
n012w8-0,n012w8,0,5,500000,100.0,adaptive,2026-07-04T12:35:58+01:00,7,2,83,16696,25,0.000000,895,925,895,30,3.2432,LOCAL_BEST,0,777,0,32776,6170,126,1462,2,205.1984,15000.0000,0,0,0,0,0,0
n012w8-0,n012w8,0,5,500000,100.0,adaptive,2026-07-04T12:35:58+01:00,7,2,83,16729,25,0.000000,885,895,885,10,1.1173,LOCAL_BEST,0,777,0,32828,6187,127,33,0,3030.3030,0.0000,0,0,0,0,0,0
n012w8-0,n012w8,0,5,500000,100.0,adaptive,2026-07-04T12:35:58+01:00,7,2,83,16730,25,0.000000,870,885,870,15,1.6949,LOCAL_BEST,0,777,0,32829,6187,128,1,0,150000.0000,0.0000,0,0,0,0,0,0
n012w8-0,n012w8,0,5,500000,100.0,adaptive,2026-07-04T12:35:58+01:00,7,2,83,17422,26,0.000000,865,870,865,5,0.5747,LOCAL_BEST,0,777,0,34136,6559,129,692,1,72.2543,5000.0000,0,0,0,0,0,0
n012w8-0,n012w8,0,5,500000,100.0,adaptive,2026-07-04T12:35:58+01:00,7,2,83,19738,29,0.000000,825,865,825,40,4.6243,LOCAL_BEST,0,777,0,38470,7857,130,2316,3,172.7116,13333.3333,0,0,0,0,0,0
n012w8-0,n012w8,0,5,500000,100.0,adaptive,2026-07-04T12:35:58+01:00,7,5,83,20207,67,0.000000,370,385,370,15,3.8961,GLOBAL_BEST,1,777,0,35840,16605,131,469,38,319.8294,394.7368,0,0,0,0,0,0
n012w8-0,n012w8,0,5,500000,100.0,adaptive,2026-07-04T12:35:58+01:00,7,2,83,20734,31,0.000000,820,825,820,5,0.6061,LOCAL_BEST,0,777,0,40236,8415,132,527,-36,94.8767,0.0000,0,0,0,0,0,0
n012w8-0,n012w8,0,5,500000,100.0,adaptive,2026-07-04T12:35:58+01:00,7,2,83,20753,31,0.000000,790,820,790,30,3.6585,LOCAL_BEST,0,777,0,40274,8426,133,19,0,15789.4737,0.0000,0,0,0,0,0,0
n012w8-0,n012w8,0,5,500000,100.0,adaptive,2026-07-04T12:35:58+01:00,7,2,83,20846,31,0.000000,745,790,745,45,5.6962,LOCAL_BEST,0,777,0,40462,8477,134,93,0,4838.7097,0.0000,0,0,0,0,0,0
n012w8-0,n012w8,0,5,500000,100.0,adaptive,2026-07-04T12:35:58+01:00,7,1,83,21455,33,55.277959,670,690,670,20,2.8986,GLOBAL_BEST,0,777,4625,41650,8872,135,609,2,328.4072,10000.0000,0,0,0,0,0,0
n012w8-0,n012w8,0,5,500000,100.0,adaptive,2026-07-04T12:35:58+01:00,7,1,83,21465,33,55.262687,655,670,655,15,2.2388,GLOBAL_BEST,0,777,4625,41670,8880,136,10,0,15000.0000,0.0000,0,0,0,0,0,0
n012w8-0,n012w8,0,5,500000,100.0,adaptive,2026-07-04T12:35:58+01:00,7,1,83,21631,33,55.009792,640,655,640,15,2.2901,GLOBAL_BEST,0,777,4647,41897,8987,137,166,0,903.6145,0.0000,0,0,0,0,0,0
n012w8-0,n012w8,0,5,500000,100.0,adaptive,2026-07-04T12:35:58+01:00,7,1,83,26668,40,47.862568,605,640,605,35,5.4688,GLOBAL_BEST,0,777,5513,51680,11634,138,5037,7,69.4858,5000.0000,0,0,0,0,0,0
n012w8-0,n012w8,0,5,500000,100.0,adaptive,2026-07-04T12:35:58+01:00,7,1,83,26682,40,47.844057,515,605,515,90,14.8760,GLOBAL_BEST,0,777,5514,51707,11641,139,14,0,64285.7143,0.0000,0,0,0,0,0,0
n012w8-0,n012w8,0,5,500000,100.0,adaptive,2026-07-04T12:35:58+01:00,7,5,83,26771,76,0.000000,355,370,355,15,4.0541,GLOBAL_BEST,1,777,0,47443,22005,140,89,36,1685.3933,416.6667,0,0,0,0,0,0
n012w8-0,n012w8,0,5,500000,100.0,adaptive,2026-07-04T12:35:58+01:00,7,5,83,26803,76,0.000000,340,355,340,15,4.2254,GLOBAL_BEST,1,777,0,47502,22028,141,32,0,4687.5000,0.0000,0,0,0,0,0,0
n012w8-0,n012w8,0,5,500000,100.0,adaptive,2026-07-04T12:35:58+01:00,7,2,83,26943,39,0.000000,740,745,740,5,0.6711,LOCAL_BEST,0,777,0,52156,12199,142,140,-37,357.1429,0.0000,0,0,0,0,0,0
n012w8-0,n012w8,0,5,500000,100.0,adaptive,2026-07-04T12:35:58+01:00,7,4,83,27224,80,47.132882,565,605,565,40,6.6116,LOCAL_BEST,1,777,5597,52171,12060,143,281,41,1423.4875,975.6098,0,0,0,0,0,0
n012w8-0,n012w8,0,5,500000,100.0,adaptive,2026-07-04T12:35:58+01:00,7,4,83,27244,80,47.106843,550,565,550,15,2.6549,LOCAL_BEST,1,777,5598,52203,12077,144,20,0,7500.0000,0.0000,0,0,0,0,0,0
n012w8-0,n012w8,0,5,500000,100.0,adaptive,2026-07-04T12:35:58+01:00,7,4,83,27251,80,47.097733,505,550,505,45,8.1818,LOCAL_BEST,1,777,5598,52224,12082,145,7,0,64285.7143,0.0000,0,0,0,0,0,0
n012w8-0,n012w8,0,5,500000,100.0,adaptive,2026-07-04T12:35:58+01:00,7,2,83,28169,42,0.000000,635,740,635,105,14.1892,LOCAL_BEST,0,777,0,54403,13012,146,918,-38,1143.7908,0.0000,0,0,0,0,0,0
n012w8-0,n012w8,0,5,500000,100.0,adaptive,2026-07-04T12:35:58+01:00,7,2,83,35289,51,0.000000,610,635,610,25,3.9370,LOCAL_BEST,0,777,0,67171,17859,147,7120,9,35.1124,2777.7778,0,0,0,0,0,0
n012w8-0,n012w8,0,5,500000,100.0,adaptive,2026-07-04T12:35:58+01:00,7,5,83,37390,90,0.000000,335,340,335,5,1.4706,LOCAL_BEST,1,777,0,66057,31013,148,2101,39,23.7982,128.2051,0,0,0,0,0,0
n012w8-0,n012w8,0,5,500000,100.0,adaptive,2026-07-04T12:35:58+01:00,7,1,83,37988,57,35.007089,480,515,480,35,6.7961,LOCAL_BEST,0,777,7049,72862,18411,149,598,-33,585.2843,0.0000,0,0,0,0,0,0
n012w8-0,n012w8,0,5,500000,100.0,adaptive,2026-07-04T12:35:58+01:00,7,2,83,37999,55,0.000000,605,610,605,5,0.8197,LOCAL_BEST,0,777,0,72004,19775,150,11,-2,4545.4545,0.0000,0,0,0,0,0,0
n012w8-0,n012w8,0,5,500000,100.0,adaptive,2026-07-04T12:35:58+01:00,7,1,83,38071,57,34.926897,465,480,465,15,3.1250,LOCAL_BEST,0,777,7052,73032,18478,151,72,2,2083.3333,7500.0000,0,0,0,0,0,0
n012w8-0,n012w8,0,5,500000,100.0,adaptive,2026-07-04T12:35:58+01:00,7,2,83,40336,59,0.000000,585,605,585,20,3.3058,LOCAL_BEST,0,777,0,76238,21477,152,2265,2,88.3002,10000.0000,0,0,0,0,0,0
n012w8-0,n012w8,0,5,500000,100.0,adaptive,2026-07-04T12:35:58+01:00,7,1,83,40821,61,32.371290,440,465,440,25,5.3763,LOCAL_BEST,0,777,7340,77893,20325,153,485,2,515.4639,12500.0000,0,0,0,0,0,0
n012w8-0,n012w8,0,5,500000,100.0,adaptive,2026-07-04T12:35:58+01:00,7,1,83,40859,61,32.337318,425,440,425,15,3.4091,LOCAL_BEST,0,777,7341,77953,20358,154,38,0,3947.3684,0.0000,0,0,0,0,0,0
n012w8-0,n012w8,0,5,500000,100.0,adaptive,2026-07-04T12:35:58+01:00,7,1,83,40924,61,32.279292,415,425,415,10,2.3529,LOCAL_BEST,0,777,7346,78041,20412,155,65,0,1538.4615,0.0000,0,0,0,0,0,0
n012w8-0,n012w8,0,5,500000,100.0,adaptive,2026-07-04T12:35:58+01:00,7,1,83,40947,61,32.258785,400,415,400,15,3.6145,LOCAL_BEST,0,777,7346,78080,20432,156,23,0,6521.7391,0.0000,0,0,0,0,0,0
n012w8-0,n012w8,0,5,500000,100.0,adaptive,2026-07-04T12:35:58+01:00,7,4,83,43336,105,30.198126,500,505,500,5,0.9901,LOCAL_BEST,1,777,7582,81823,22044,157,2389,44,20.9293,113.6364,0,0,0,0,0,0
n012w8-0,n012w8,0,5,500000,100.0,adaptive,2026-07-04T12:35:58+01:00,7,4,83,43346,105,30.189784,485,500,485,15,3.0000,LOCAL_BEST,1,777,7582,81830,22052,158,10,0,15000.0000,0.0000,0,0,0,0,0,0
n012w8-0,n012w8,0,5,500000,100.0,adaptive,2026-07-04T12:35:58+01:00,7,2,83,43525,62,0.000000,520,585,520,65,11.1111,LOCAL_BEST,0,777,0,81669,23887,159,179,-43,3631.2849,0.0000,0,0,0,0,0,0
n012w8-0,n012w8,0,5,500000,100.0,adaptive,2026-07-04T12:35:58+01:00,7,2,83,49628,71,0.000000,515,520,515,5,0.9615,LOCAL_BEST,0,777,0,92629,28566,160,6103,9,8.1927,555.5556,0,0,0,0,0,0
n012w8-0,n012w8,0,5,500000,100.0,adaptive,2026-07-04T12:35:58+01:00,7,4,83,50293,119,24.917014,455,485,455,30,6.1856,LOCAL_BEST,1,777,8184,94211,27050,161,665,48,451.1278,625.0000,0,0,0,0,0,0
n012w8-0,n012w8,0,5,500000,100.0,adaptive,2026-07-04T12:35:58+01:00,7,2,83,50640,72,0.000000,470,515,470,45,8.7379,LOCAL_BEST,0,777,0,94370,29305,162,347,-47,1296.8300,0.0000,0,0,0,0,0,0
n012w8-0,n012w8,0,5,500000,100.0,adaptive,2026-07-04T12:35:58+01:00,7,5,83,51415,111,0.000000,325,335,325,10,2.9851,LOCAL_BEST,1,777,0,90141,43435,163,775,39,129.0323,256.4103,0,0,0,0,0,0
n012w8-0,n012w8,0,5,500000,100.0,adaptive,2026-07-04T12:35:58+01:00,7,5,83,51426,111,0.000000,310,325,310,15,4.6154,LOCAL_BEST,1,777,0,90150,43443,164,11,0,13636.3636,0.0000,0,0,0,0,0,0
n012w8-0,n012w8,0,5,500000,100.0,adaptive,2026-07-04T12:35:58+01:00,7,4,83,51631,121,24.012645,440,455,440,15,3.2967,LOCAL_BEST,1,777,8283,96520,28033,165,205,10,731.7073,1500.0000,0,0,0,0,0,0
n012w8-0,n012w8,0,5,500000,100.0,adaptive,2026-07-04T12:35:58+01:00,7,3,83,55848,85,0.000000,1065,1185,1065,120,10.1266,LOCAL_BEST,0,777,21543,117406,2407,166,4217,-36,284.5625,0.0000,0,0,0,0,0,0
n012w8-0,n012w8,0,5,500000,100.0,adaptive,2026-07-04T12:35:58+01:00,7,4,83,56312,129,21.099298,435,440,435,5,1.1364,LOCAL_BEST,1,777,8600,104300,31572,167,464,44,107.7586,113.6364,0,0,0,0,0,0
n012w8-0,n012w8,0,5,500000,100.0,adaptive,2026-07-04T12:35:58+01:00,7,2,83,56397,81,0.000000,465,470,465,5,1.0638,LOCAL_BEST,0,777,0,104771,33903,168,85,-48,588.2353,0.0000,0,0,0,0,0,0
n012w8-0,n012w8,0,5,500000,100.0,adaptive,2026-07-04T12:35:58+01:00,7,2,83,56940,81,0.000000,450,465,450,15,3.2258,LOCAL_BEST,0,777,0,105766,34340,169,543,0,276.2431,0.0000,0,0,0,0,0,0
n012w8-0,n012w8,0,5,500000,100.0,adaptive,2026-07-04T12:35:58+01:00,7,2,83,58836,84,0.000000,425,450,425,25,5.5556,LOCAL_BEST,0,777,0,109208,35873,170,1896,3,131.8565,8333.3333,0,0,0,0,0,0
n012w8-0,n012w8,0,5,500000,100.0,adaptive,2026-07-04T12:35:58+01:00,7,2,83,58841,84,0.000000,410,425,410,15,3.5294,LOCAL_BEST,0,777,0,109212,35876,171,5,0,30000.0000,0.0000,0,0,0,0,0,0
n012w8-0,n012w8,0,5,500000,100.0,adaptive,2026-07-04T12:35:58+01:00,7,1,83,60510,88,18.788495,385,400,385,15,3.7500,LOCAL_BEST,0,777,8763,112868,35130,172,1669,4,89.8742,3750.0000,0,0,0,0,0,0
n012w8-0,n012w8,0,5,500000,100.0,adaptive,2026-07-04T12:35:58+01:00,7,1,83,60569,88,18.757891,370,385,370,15,3.8961,LOCAL_BEST,0,777,8765,112953,35179,173,59,0,2542.3729,0.0000,0,0,0,0,0,0
n012w8-0,n012w8,0,5,500000,100.0,adaptive,2026-07-04T12:35:58+01:00,7,4,83,62045,137,18.008270,430,435,430,5,1.1494,LOCAL_BEST,1,777,8914,114596,36114,174,1476,49,33.8753,102.0408,0,0,0,0,0,0
n012w8-0,n012w8,0,5,500000,100.0,adaptive,2026-07-04T12:35:58+01:00,7,4,83,64938,140,16.624784,415,430,415,15,3.4884,LOCAL_BEST,1,777,9022,119690,38480,175,2893,3,51.8493,5000.0000,0,0,0,0,0,0
n012w8-0,n012w8,0,5,500000,100.0,adaptive,2026-07-04T12:35:58+01:00,7,4,83,65840,141,16.215562,400,415,400,15,3.6145,LOCAL_BEST,1,777,9048,121175,39251,176,902,1,166.2971,15000.0000,0,0,0,0,0,0
n012w8-0,n012w8,0,5,500000,100.0,adaptive,2026-07-04T12:35:58+01:00,7,4,83,65862,141,16.205708,395,400,395,5,1.2500,LOCAL_BEST,1,777,9049,121210,39271,177,22,0,2272.7273,0.0000,0,0,0,0,0,0
n012w8-0,n012w8,0,5,500000,100.0,adaptive,2026-07-04T12:35:58+01:00,7,4,83,66031,141,16.130209,385,395,385,10,2.5316,LOCAL_BEST,1,777,9053,121492,39417,178,169,0,591.7160,0.0000,0,0,0,0,0,0
n012w8-0,n012w8,0,5,500000,100.0,adaptive,2026-07-04T12:35:58+01:00,7,4,83,66094,141,16.102155,370,385,370,15,3.8961,LOCAL_BEST,1,777,9054,121591,39475,179,63,0,2380.9524,0.0000,0,0,0,0,0,0
n012w8-0,n012w8,0,5,500000,100.0,adaptive,2026-07-04T12:35:58+01:00,7,7,83,66094,194,16.102155,305,355,305,50,14.0845,LOCAL_BEST,2,777,9249,122088,39402,180,0,53,0.0000,943.3962,0,0,0,0,0,0
n012w8-0,n012w8,0,5,500000,100.0,adaptive,2026-07-04T12:35:58+01:00,7,1,83,66928,101,15.735335,365,370,365,5,1.3514,LOCAL_BEST,0,777,9073,124012,40343,181,834,-93,59.9520,0.0000,0,0,0,0,0,0
n012w8-0,n012w8,0,5,500000,100.0,adaptive,2026-07-04T12:35:58+01:00,7,1,83,67236,102,15.601990,350,365,350,15,4.1096,LOCAL_BEST,0,777,9083,124563,40612,182,308,1,487.0130,15000.0000,0,0,0,0,0,0
n012w8-0,n012w8,0,5,500000,100.0,adaptive,2026-07-04T12:35:58+01:00,7,1,83,67278,102,15.583895,290,350,290,60,17.1429,GLOBAL_BEST,0,777,9084,124631,40646,183,42,0,14285.7143,0.0000,0,0,0,0,0,0
n012w8-0,n012w8,0,5,500000,100.0,adaptive,2026-07-04T12:35:58+01:00,7,2,83,69845,99,0.000000,405,410,405,5,1.2195,LOCAL_BEST,0,777,0,129341,44851,184,2567,-3,19.4780,0.0000,0,0,0,0,0,0
n012w8-0,n012w8,0,5,500000,100.0,adaptive,2026-07-04T12:35:58+01:00,7,4,83,70346,150,14.317263,360,370,360,10,2.7027,LOCAL_BEST,1,777,9217,129022,42981,185,501,51,199.6008,196.0784,0,0,0,0,0,0
n012w8-0,n012w8,0,5,500000,100.0,adaptive,2026-07-04T12:35:58+01:00,7,1,83,72097,111,13.641056,275,290,275,15,5.1724,LOCAL_BEST,0,777,9223,132961,44756,186,1751,-39,85.6653,0.0000,0,0,0,0,0,0
n012w8-0,n012w8,0,5,500000,100.0,adaptive,2026-07-04T12:35:58+01:00,7,1,83,73596,114,13.087600,260,275,260,15,5.4545,LOCAL_BEST,0,777,9246,135565,46087,187,1499,3,100.0667,5000.0000,0,0,0,0,0,0
n012w8-0,n012w8,0,5,500000,100.0,adaptive,2026-07-04T12:35:58+01:00,7,4,83,74333,159,12.823778,345,360,345,15,4.1667,LOCAL_BEST,1,777,9349,135997,46357,188,737,45,203.5278,333.3333,0,0,0,0,0,0
n012w8-0,n012w8,0,5,500000,100.0,adaptive,2026-07-04T12:35:58+01:00,7,4,83,74604,159,12.728112,330,345,330,15,4.3478,LOCAL_BEST,1,777,9353,136418,46593,189,271,0,553.5055,0.0000,0,0,0,0,0,0
n012w8-0,n012w8,0,5,500000,100.0,adaptive,2026-07-04T12:35:58+01:00,7,1,83,76125,120,12.204275,235,260,235,25,9.6154,GLOBAL_BEST,0,777,9284,139958,48344,190,1521,-39,164.3655,0.0000,0,0,0,0,0,0
n012w8-0,n012w8,0,5,500000,100.0,adaptive,2026-07-04T12:35:58+01:00,7,4,83,76332,162,12.134671,325,330,325,5,1.5152,LOCAL_BEST,1,777,9393,139416,48122,191,207,42,241.5459,119.0476,0,0,0,0,0,0
n012w8-0,n012w8,0,5,500000,100.0,adaptive,2026-07-04T12:35:58+01:00,7,4,83,76460,163,12.091829,310,325,310,15,4.6154,LOCAL_BEST,1,777,9393,139624,48241,192,128,1,1171.8750,15000.0000,0,0,0,0,0,0
n012w8-0,n012w8,0,5,500000,100.0,adaptive,2026-07-04T12:35:58+01:00,7,2,83,77305,109,0.000000,395,405,395,10,2.4691,LOCAL_BEST,0,777,0,142835,51131,193,845,-54,118.3432,0.0000,0,0,0,0,0,0
n012w8-0,n012w8,0,5,500000,100.0,adaptive,2026-07-04T12:35:58+01:00,7,2,83,78847,111,0.000000,380,395,380,15,3.7975,LOCAL_BEST,0,777,0,145583,52371,194,1542,2,97.2763,7500.0000,0,0,0,0,0,0
n012w8-0,n012w8,0,5,500000,100.0,adaptive,2026-07-04T12:35:58+01:00,7,2,83,78999,111,0.000000,365,380,365,15,3.9474,LOCAL_BEST,0,777,0,145860,52497,195,152,0,986.8421,0.0000,0,0,0,0,0,0
n012w8-0,n012w8,0,5,500000,100.0,adaptive,2026-07-04T12:35:58+01:00,7,1,83,80320,127,10.868560,220,235,220,15,6.3830,GLOBAL_BEST,0,777,9352,147463,52063,196,1321,16,113.5503,937.5000,0,0,0,0,0,0
n012w8-0,n012w8,0,5,500000,100.0,adaptive,2026-07-04T12:35:58+01:00,7,4,83,82199,174,10.318677,305,310,305,5,1.6129,LOCAL_BEST,1,777,9528,149537,53241,197,1879,47,26.6099,106.3830,0,0,0,0,0,0
n012w8-0,n012w8,0,5,500000,100.0,adaptive,2026-07-04T12:35:58+01:00,7,4,83,82222,174,10.312121,290,305,290,15,4.9180,LOCAL_BEST,1,777,9529,149577,53261,198,23,0,6521.7391,0.0000,0,0,0,0,0,0
n012w8-0,n012w8,0,5,500000,100.0,adaptive,2026-07-04T12:35:58+01:00,7,5,83,82692,166,0.000000,305,310,305,5,1.6129,LOCAL_BEST,1,777,0,143771,70717,199,470,-8,106.3830,0.0000,0,0,0,0,0,0
n012w8-0,n012w8,0,5,500000,100.0,adaptive,2026-07-04T12:35:58+01:00,7,4,83,82889,175,10.123810,275,290,275,15,5.1724,LOCAL_BEST,1,777,9537,150649,53835,200,197,9,761.4213,1666.6667,0,0,0,0,0,0
n012w8-0,n012w8,0,5,500000,100.0,adaptive,2026-07-04T12:35:58+01:00,7,4,83,88763,187,8.607083,270,275,270,5,1.8182,LOCAL_BEST,1,777,9602,160417,59099,201,5874,12,8.5121,416.6667,0,0,0,0,0,0
n012w8-0,n012w8,0,5,500000,100.0,adaptive,2026-07-04T12:35:58+01:00,7,2,83,94457,135,0.000000,360,365,360,5,1.3699,LOCAL_BEST,0,777,0,173420,66310,202,5694,-52,8.7812,0.0000,0,0,0,0,0,0
n012w8-0,n012w8,0,5,500000,100.0,adaptive,2026-07-04T12:35:58+01:00,7,4,83,97642,198,6.734541,255,270,255,15,5.5556,LOCAL_BEST,1,777,9684,175496,67147,203,3185,63,47.0958,238.0952,0,0,0,0,0,0
n012w8-0,n012w8,0,5,500000,100.0,adaptive,2026-07-04T12:35:58+01:00,7,2,83,98593,143,0.000000,355,360,355,5,1.3889,LOCAL_BEST,0,777,0,180700,70060,204,951,-55,52.5762,0.0000,0,0,0,0,0,0
n012w8-0,n012w8,0,5,500000,100.0,adaptive,2026-07-04T12:35:58+01:00,7,2,83,101427,148,0.000000,350,355,350,5,1.4085,LOCAL_BEST,0,777,0,185427,72437,205,2834,5,17.6429,1000.0000,0,0,0,0,0,0
n012w8-0,n012w8,0,5,500000,100.0,adaptive,2026-07-04T12:35:58+01:00,7,7,83,101883,248,5.989851,290,305,290,15,4.9180,LOCAL_BEST,2,777,9868,185009,70954,206,456,100,328.9474,150.0000,0,0,0,0,0,0
n012w8-0,n012w8,0,5,500000,100.0,adaptive,2026-07-04T12:35:58+01:00,7,2,83,102599,150,0.000000,335,350,335,15,4.2857,LOCAL_BEST,0,777,0,187427,73447,207,716,-98,209.4972,0.0000,0,0,0,0,0,0
n012w8-0,n012w8,0,5,500000,100.0,adaptive,2026-07-04T12:35:58+01:00,7,2,83,113099,167,0.000000,330,335,330,5,1.4925,LOCAL_BEST,0,777,0,205306,82434,208,10500,17,4.7619,294.1176,0,0,0,0,0,0
n012w8-0,n012w8,0,5,500000,100.0,adaptive,2026-07-04T12:35:58+01:00,7,2,83,113902,168,0.000000,320,330,320,10,3.0303,LOCAL_BEST,0,777,0,206966,83139,209,803,1,124.5330,10000.0000,0,0,0,0,0,0
n012w8-0,n012w8,0,5,500000,100.0,adaptive,2026-07-04T12:35:58+01:00,7,2,83,118140,173,0.000000,315,320,315,5,1.5625,LOCAL_BEST,0,777,0,214566,86898,210,4238,5,11.7980,1000.0000,0,0,0,0,0,0
n012w8-0,n012w8,0,5,500000,100.0,adaptive,2026-07-04T12:35:58+01:00,7,2,83,121068,177,0.000000,305,315,305,10,3.1746,LOCAL_BEST,0,777,0,219996,89496,211,2928,4,34.1530,2500.0000,0,0,0,0,0,0
n012w8-0,n012w8,0,5,500000,100.0,adaptive,2026-07-04T12:35:58+01:00,7,2,83,121573,178,0.000000,290,305,290,15,4.9180,LOCAL_BEST,0,777,0,220954,89939,212,505,1,297.0297,15000.0000,0,0,0,0,0,0
n012w8-0,n012w8,0,5,500000,100.0,adaptive,2026-07-04T12:35:58+01:00,7,11,83,126606,284,0.000000,245,255,245,10,3.9216,LOCAL_BEST,4,777,0,221249,116318,213,5033,106,19.8689,94.3396,0,0,0,0,0,0
n012w8-0,n012w8,0,5,500000,100.0,adaptive,2026-07-04T12:35:58+01:00,7,1,83,130320,194,2.729983,265,220,220,0,0.0000,REHEAT,0,777,9652,234856,98581,214,3714,-90,0.0000,0.0000,0,0,0,0,0,1
n012w8-0,n012w8,0,5,500000,100.0,adaptive,2026-07-04T12:35:58+01:00,7,2,83,140344,202,0.000000,280,290,280,10,3.4483,LOCAL_BEST,0,777,0,253707,106890,215,10024,8,9.9761,1250.0000,0,0,0,0,0,0
n012w8-0,n012w8,0,5,500000,100.0,adaptive,2026-07-04T12:35:58+01:00,7,2,83,140922,203,0.000000,275,280,275,5,1.7857,LOCAL_BEST,0,777,0,254710,107406,216,578,1,86.5052,5000.0000,0,0,0,0,0,0
n012w8-0,n012w8,0,5,500000,100.0,adaptive,2026-07-04T12:35:58+01:00,7,2,83,149841,214,0.000000,260,275,260,15,5.4545,LOCAL_BEST,0,777,0,269808,115501,217,8919,11,16.8180,1363.6364,0,0,0,0,0,0
n012w8-0,n012w8,0,5,500000,100.0,adaptive,2026-07-04T12:35:58+01:00,7,2,83,150227,215,0.000000,245,260,245,15,5.7692,LOCAL_BEST,0,777,0,270496,115840,218,386,1,388.6010,15000.0000,0,0,0,0,0,0
n012w8-0,n012w8,0,5,500000,100.0,adaptive,2026-07-04T12:35:58+01:00,7,8,83,162525,314,0.000000,305,310,305,5,1.6129,LOCAL_BEST,3,777,0,270930,144688,219,12298,99,4.0657,50.5051,0,0,0,0,0,0
n012w8-0,n012w8,0,5,500000,100.0,adaptive,2026-07-04T12:35:58+01:00,7,1,83,180320,291,25.118864,790,220,220,0,0.0000,REHEAT,0,777,18097,328180,125200,220,17795,-23,0.0000,0.0000,0,0,0,0,0,1
n012w8-0,n012w8,0,5,500000,100.0,adaptive,2026-07-04T12:35:58+01:00,7,1,83,230320,375,25.118864,660,220,220,0,0.0000,REHEAT,0,777,26409,421830,152229,221,50000,84,0.0000,0.0000,0,0,0,0,0,1
n012w8-0,n012w8,0,5,500000,100.0,adaptive,2026-07-04T12:35:58+01:00,7,1,83,280320,462,25.118864,730,220,220,0,0.0000,REHEAT,0,777,34738,517859,178943,222,50000,87,0.0000,0.0000,0,0,0,0,0,1
n012w8-0,n012w8,0,5,500000,100.0,adaptive,2026-07-04T12:35:58+01:00,7,1,83,330320,554,25.118864,660,220,220,0,0.0000,REHEAT,0,777,43032,613210,205779,223,50000,92,0.0000,0.0000,0,0,0,0,0,1
n012w8-0,n012w8,0,5,500000,100.0,adaptive,2026-07-04T12:35:58+01:00,7,1,83,380320,634,25.118864,805,220,220,0,0.0000,REHEAT,0,777,51307,706710,232629,224,50000,80,0.0000,0.0000,0,0,0,0,0,1
n012w8-0,n012w8,0,5,500000,100.0,adaptive,2026-07-04T12:35:58+01:00,7,1,83,430320,739,25.118864,820,220,220,0,0.0000,REHEAT,0,777,59592,799100,259639,225,50000,105,0.0000,0.0000,0,0,0,0,0,1
n012w8-0,n012w8,0,5,500000,100.0,adaptive,2026-07-04T12:35:58+01:00,7,1,83,480320,824,25.118864,650,220,220,0,0.0000,REHEAT,0,777,67860,892761,286433,226,50000,85,0.0000,0.0000,0,0,0,0,0,1
n012w8-0,n012w8,0,5,500000,100.0,adaptive,2026-07-04T12:35:58+01:00,8,3,84,2,1,0.000000,4775,4825,4775,50,1.0363,LOCAL_BEST,0,777,1,5,0,1,2,1,250000.0000,50000.0000,0,0,0,0,0,0
n012w8-0,n012w8,0,5,500000,100.0,adaptive,2026-07-04T12:35:58+01:00,8,1,84,3,1,99.994474,4625,4825,4625,200,4.1451,GLOBAL_BEST,0,777,1,22,0,2,1,0,2000000.0000,0.0000,0,0,0,0,0,0
n012w8-0,n012w8,0,5,500000,100.0,adaptive,2026-07-04T12:35:58+01:00,8,2,84,3,1,0.000000,4715,4825,4715,110,2.2798,LOCAL_BEST,0,777,0,9,1,3,0,0,0.0000,0.0000,0,0,0,0,0,0
n012w8-0,n012w8,0,5,500000,100.0,adaptive,2026-07-04T12:35:58+01:00,8,2,84,4,1,0.000000,4555,4715,4555,160,3.3934,LOCAL_BEST,0,777,0,11,1,4,1,0,1600000.0000,0.0000,0,0,0,0,0,0
n012w8-0,n012w8,0,5,500000,100.0,adaptive,2026-07-04T12:35:58+01:00,8,3,84,4,1,0.000000,4685,4775,4685,90,1.8848,LOCAL_BEST,0,777,2,10,0,5,0,0,0.0000,0.0000,0,0,0,0,0,0
n012w8-0,n012w8,0,5,500000,100.0,adaptive,2026-07-04T12:35:58+01:00,8,1,84,5,1,99.988948,4480,4625,4480,145,3.1351,GLOBAL_BEST,0,777,1,22,0,6,1,0,1450000.0000,0.0000,0,0,0,0,0,0
n012w8-0,n012w8,0,5,500000,100.0,adaptive,2026-07-04T12:35:58+01:00,8,2,84,5,1,0.000000,4375,4555,4375,180,3.9517,LOCAL_BEST,0,777,0,14,1,7,0,0,0.0000,0.0000,0,0,0,0,0,0
n012w8-0,n012w8,0,5,500000,100.0,adaptive,2026-07-04T12:35:58+01:00,8,3,84,5,1,0.000000,4615,4685,4615,70,1.4941,LOCAL_BEST,0,777,2,11,0,8,0,0,0.0000,0.0000,0,0,0,0,0,0
n012w8-0,n012w8,0,5,500000,100.0,adaptive,2026-07-04T12:35:58+01:00,8,1,84,6,1,99.986185,4450,4480,4450,30,0.6696,GLOBAL_BEST,0,777,1,23,0,9,1,0,300000.0000,0.0000,0,0,0,0,0,0
n012w8-0,n012w8,0,5,500000,100.0,adaptive,2026-07-04T12:35:58+01:00,8,3,84,6,1,0.000000,4545,4615,4545,70,1.5168,LOCAL_BEST,0,777,2,14,0,10,0,0,0.0000,0.0000,0,0,0,0,0,0
n012w8-0,n012w8,0,5,500000,100.0,adaptive,2026-07-04T12:35:58+01:00,8,1,84,7,1,99.983423,4120,4450,4120,330,7.4157,GLOBAL_BEST,0,777,1,23,0,11,1,0,3300000.0000,0.0000,0,0,0,0,0,0
n012w8-0,n012w8,0,5,500000,100.0,adaptive,2026-07-04T12:35:58+01:00,8,3,84,7,1,0.000000,4385,4545,4385,160,3.5204,LOCAL_BEST,0,777,2,14,0,12,0,0,0.0000,0.0000,0,0,0,0,0,0
n012w8-0,n012w8,0,5,500000,100.0,adaptive,2026-07-04T12:35:58+01:00,8,1,84,8,1,99.980660,4100,4120,4100,20,0.4854,GLOBAL_BEST,0,777,1,27,0,13,1,0,200000.0000,0.0000,0,0,0,0,0,0
n012w8-0,n012w8,0,5,500000,100.0,adaptive,2026-07-04T12:35:58+01:00,8,3,84,8,1,0.000000,4325,4385,4325,60,1.3683,LOCAL_BEST,0,777,2,14,0,14,0,0,0.0000,0.0000,0,0,0,0,0,0
n012w8-0,n012w8,0,5,500000,100.0,adaptive,2026-07-04T12:35:58+01:00,8,1,84,9,1,99.977898,4065,4100,4065,35,0.8537,GLOBAL_BEST,0,777,1,29,0,15,1,0,350000.0000,0.0000,0,0,0,0,0,0
n012w8-0,n012w8,0,5,500000,100.0,adaptive,2026-07-04T12:35:58+01:00,8,3,84,9,1,0.000000,4240,4325,4240,85,1.9653,LOCAL_BEST,0,777,2,14,0,16,0,0,0.0000,0.0000,0,0,0,0,0,0
n012w8-0,n012w8,0,5,500000,100.0,adaptive,2026-07-04T12:35:58+01:00,8,5,84,9,47,0.000000,2020,2070,2020,50,2.4155,GLOBAL_BEST,1,777,0,16,7,17,0,46,0.0000,1086.9565,0,0,0,0,0,0
n012w8-0,n012w8,0,5,500000,100.0,adaptive,2026-07-04T12:35:58+01:00,8,1,84,10,1,99.975135,3905,4065,3905,160,3.9360,GLOBAL_BEST,0,777,1,29,0,18,1,-46,1600000.0000,0.0000,0,0,0,0,0,0
n012w8-0,n012w8,0,5,500000,100.0,adaptive,2026-07-04T12:35:58+01:00,8,3,84,10,1,0.000000,4125,4240,4125,115,2.7123,LOCAL_BEST,0,777,2,16,0,19,0,0,0.0000,0.0000,0,0,0,0,0,0
n012w8-0,n012w8,0,5,500000,100.0,adaptive,2026-07-04T12:35:58+01:00,8,5,84,10,47,0.000000,1990,2020,1990,30,1.4851,GLOBAL_BEST,1,777,0,17,7,20,0,46,0.0000,652.1739,0,0,0,0,0,0
n012w8-0,n012w8,0,5,500000,100.0,adaptive,2026-07-04T12:35:58+01:00,8,3,84,12,1,0.000000,4075,4125,4075,50,1.2121,LOCAL_BEST,0,777,2,21,0,21,2,-46,250000.0000,0.0000,0,0,0,0,0,0
n012w8-0,n012w8,0,5,500000,100.0,adaptive,2026-07-04T12:35:58+01:00,8,1,84,14,1,99.964086,3850,3905,3850,55,1.4085,GLOBAL_BEST,0,777,3,38,0,22,2,0,275000.0000,0.0000,0,0,0,0,0,0
n012w8-0,n012w8,0,5,500000,100.0,adaptive,2026-07-04T12:35:58+01:00,8,1,84,15,1,99.961324,3760,3850,3760,90,2.3377,GLOBAL_BEST,0,777,3,38,0,23,1,0,900000.0000,0.0000,0,0,0,0,0,0
n012w8-0,n012w8,0,5,500000,100.0,adaptive,2026-07-04T12:35:58+01:00,8,3,84,15,1,0.000000,4045,4075,4045,30,0.7362,LOCAL_BEST,0,777,2,26,0,24,0,0,0.0000,0.0000,0,0,0,0,0,0
n012w8-0,n012w8,0,5,500000,100.0,adaptive,2026-07-04T12:35:58+01:00,8,2,84,16,1,0.000000,4260,4375,4260,115,2.6286,LOCAL_BEST,0,777,0,43,1,25,1,0,1150000.0000,0.0000,0,0,0,0,0,0
n012w8-0,n012w8,0,5,500000,100.0,adaptive,2026-07-04T12:35:58+01:00,8,2,84,17,1,0.000000,4230,4260,4230,30,0.7042,LOCAL_BEST,0,777,0,45,1,26,1,0,300000.0000,0.0000,0,0,0,0,0,0
n012w8-0,n012w8,0,5,500000,100.0,adaptive,2026-07-04T12:35:58+01:00,8,1,84,18,1,99.953038,3680,3760,3680,80,2.1277,GLOBAL_BEST,0,777,5,40,0,27,1,0,800000.0000,0.0000,0,0,0,0,0,0
n012w8-0,n012w8,0,5,500000,100.0,adaptive,2026-07-04T12:35:58+01:00,8,2,84,18,1,0.000000,4055,4230,4055,175,4.1371,LOCAL_BEST,0,777,0,46,1,28,0,0,0.0000,0.0000,0,0,0,0,0,0
n012w8-0,n012w8,0,5,500000,100.0,adaptive,2026-07-04T12:35:58+01:00,8,3,84,18,1,0.000000,3995,4045,3995,50,1.2361,LOCAL_BEST,0,777,3,29,0,29,0,0,0.0000,0.0000,0,0,0,0,0,0
n012w8-0,n012w8,0,5,500000,100.0,adaptive,2026-07-04T12:35:58+01:00,8,1,84,19,1,99.950277,3630,3680,3630,50,1.3587,GLOBAL_BEST,0,777,5,42,0,30,1,0,500000.0000,0.0000,0,0,0,0,0,0
n012w8-0,n012w8,0,5,500000,100.0,adaptive,2026-07-04T12:35:58+01:00,8,3,84,19,1,0.000000,3755,3995,3755,240,6.0075,LOCAL_BEST,0,777,3,29,0,31,0,0,0.0000,0.0000,0,0,0,0,0,0
n012w8-0,n012w8,0,5,500000,100.0,adaptive,2026-07-04T12:35:58+01:00,8,1,84,20,1,99.947515,3510,3630,3510,120,3.3058,GLOBAL_BEST,0,777,5,42,0,32,1,0,1200000.0000,0.0000,0,0,0,0,0,0
n012w8-0,n012w8,0,5,500000,100.0,adaptive,2026-07-04T12:35:58+01:00,8,5,84,20,47,0.000000,1975,1990,1975,15,0.7538,GLOBAL_BEST,1,777,0,43,15,33,0,46,0.0000,326.0870,0,0,0,0,0,0
n012w8-0,n012w8,0,5,500000,100.0,adaptive,2026-07-04T12:35:58+01:00,8,1,84,24,1,99.936469,3445,3510,3445,65,1.8519,GLOBAL_BEST,0,777,6,52,0,34,4,-46,162500.0000,0.0000,0,0,0,0,0,0
n012w8-0,n012w8,0,5,500000,100.0,adaptive,2026-07-04T12:35:58+01:00,8,11,84,30,127,0.000000,1575,1590,1575,15,0.9434,GLOBAL_BEST,4,777,0,47,28,35,6,126,25000.0000,119.0476,0,0,0,0,0,0
n012w8-0,n012w8,0,5,500000,100.0,adaptive,2026-07-04T12:35:58+01:00,8,2,84,31,1,0.000000,3930,4055,3930,125,3.0826,LOCAL_BEST,0,777,0,65,1,36,1,-126,1250000.0000,0.0000,0,0,0,0,0,0
n012w8-0,n012w8,0,5,500000,100.0,adaptive,2026-07-04T12:35:58+01:00,8,2,84,32,1,0.000000,3915,3930,3915,15,0.3817,LOCAL_BEST,0,777,0,68,1,37,1,0,150000.0000,0.0000,0,0,0,0,0,0
n012w8-0,n012w8,0,5,500000,100.0,adaptive,2026-07-04T12:35:58+01:00,8,1,84,33,1,99.911620,3400,3445,3400,45,1.3062,GLOBAL_BEST,0,777,7,66,4,38,1,0,450000.0000,0.0000,0,0,0,0,0,0
n012w8-0,n012w8,0,5,500000,100.0,adaptive,2026-07-04T12:35:58+01:00,8,2,84,34,1,0.000000,3805,3915,3805,110,2.8097,LOCAL_BEST,0,777,0,69,1,39,1,0,1100000.0000,0.0000,0,0,0,0,0,0
n012w8-0,n012w8,0,5,500000,100.0,adaptive,2026-07-04T12:35:58+01:00,8,2,84,35,1,0.000000,3775,3805,3775,30,0.7884,LOCAL_BEST,0,777,0,69,1,40,1,0,300000.0000,0.0000,0,0,0,0,0,0
n012w8-0,n012w8,0,5,500000,100.0,adaptive,2026-07-04T12:35:58+01:00,8,2,84,37,1,0.000000,3655,3775,3655,120,3.1788,LOCAL_BEST,0,777,0,70,1,41,2,0,600000.0000,0.0000,0,0,0,0,0,0
n012w8-0,n012w8,0,5,500000,100.0,adaptive,2026-07-04T12:35:58+01:00,8,1,84,37,1,99.900578,3315,3400,3315,85,2.5000,GLOBAL_BEST,0,777,7,81,6,42,0,0,0.0000,0.0000,0,0,0,0,0,0
n012w8-0,n012w8,0,5,500000,100.0,adaptive,2026-07-04T12:35:58+01:00,8,2,84,38,1,0.000000,3605,3655,3605,50,1.3680,LOCAL_BEST,0,777,0,71,1,43,1,0,500000.0000,0.0000,0,0,0,0,0,0
n012w8-0,n012w8,0,5,500000,100.0,adaptive,2026-07-04T12:35:58+01:00,8,2,84,39,1,0.000000,3545,3605,3545,60,1.6644,LOCAL_BEST,0,777,0,71,1,44,1,0,600000.0000,0.0000,0,0,0,0,0,0
n012w8-0,n012w8,0,5,500000,100.0,adaptive,2026-07-04T12:35:58+01:00,8,2,84,41,1,0.000000,3475,3545,3475,70,1.9746,LOCAL_BEST,0,777,0,74,1,45,2,0,350000.0000,0.0000,0,0,0,0,0,0
n012w8-0,n012w8,0,5,500000,100.0,adaptive,2026-07-04T12:35:58+01:00,8,1,84,41,1,99.889537,3190,3315,3190,125,3.7707,GLOBAL_BEST,0,777,9,91,7,46,0,0,0.0000,0.0000,0,0,0,0,0,0
n012w8-0,n012w8,0,5,500000,100.0,adaptive,2026-07-04T12:35:58+01:00,8,1,84,42,1,99.886777,3175,3190,3175,15,0.4702,GLOBAL_BEST,0,777,9,94,7,47,1,0,150000.0000,0.0000,0,0,0,0,0,0
n012w8-0,n012w8,0,5,500000,100.0,adaptive,2026-07-04T12:35:58+01:00,8,3,84,47,1,0.000000,3725,3755,3725,30,0.7989,LOCAL_BEST,0,777,12,72,1,48,5,0,60000.0000,0.0000,0,0,0,0,0,0
n012w8-0,n012w8,0,5,500000,100.0,adaptive,2026-07-04T12:35:58+01:00,8,2,84,49,1,0.000000,3455,3475,3455,20,0.5755,LOCAL_BEST,0,777,0,87,1,49,2,0,100000.0000,0.0000,0,0,0,0,0,0
n012w8-0,n012w8,0,5,500000,100.0,adaptive,2026-07-04T12:35:58+01:00,8,2,84,60,1,0.000000,3415,3455,3415,40,1.1577,LOCAL_BEST,0,777,0,103,1,50,11,0,36363.6364,0.0000,0,0,0,0,0,0
n012w8-0,n012w8,0,5,500000,100.0,adaptive,2026-07-04T12:35:58+01:00,8,2,84,61,1,0.000000,3190,3415,3190,225,6.5886,LOCAL_BEST,0,777,0,107,1,51,1,0,2250000.0000,0.0000,0,0,0,0,0,0
n012w8-0,n012w8,0,5,500000,100.0,adaptive,2026-07-04T12:35:58+01:00,8,8,84,64,88,0.000000,1730,1745,1730,15,0.8596,LOCAL_BEST,3,777,0,87,60,52,3,87,50000.0000,172.4138,0,0,0,0,0,0
n012w8-0,n012w8,0,5,500000,100.0,adaptive,2026-07-04T12:35:58+01:00,8,2,84,68,1,0.000000,3165,3190,3165,25,0.7837,GLOBAL_BEST,0,777,0,120,1,53,4,-87,62500.0000,0.0000,0,0,0,0,0,0
n012w8-0,n012w8,0,5,500000,100.0,adaptive,2026-07-04T12:35:58+01:00,8,2,84,69,1,0.000000,2980,3165,2980,185,5.8452,GLOBAL_BEST,0,777,0,120,1,54,1,0,1850000.0000,0.0000,0,0,0,0,0,0
n012w8-0,n012w8,0,5,500000,100.0,adaptive,2026-07-04T12:35:58+01:00,8,2,84,71,1,0.000000,2965,2980,2965,15,0.5034,GLOBAL_BEST,0,777,0,124,1,55,2,0,75000.0000,0.0000,0,0,0,0,0,0
n012w8-0,n012w8,0,5,500000,100.0,adaptive,2026-07-04T12:35:58+01:00,8,2,84,74,1,0.000000,2920,2965,2920,45,1.5177,GLOBAL_BEST,0,777,0,127,1,56,3,0,150000.0000,0.0000,0,0,0,0,0,0
n012w8-0,n012w8,0,5,500000,100.0,adaptive,2026-07-04T12:35:58+01:00,8,2,84,77,1,0.000000,2860,2920,2860,60,2.0548,GLOBAL_BEST,0,777,0,132,1,57,3,0,200000.0000,0.0000,0,0,0,0,0,0
n012w8-0,n012w8,0,5,500000,100.0,adaptive,2026-07-04T12:35:58+01:00,8,8,84,99,88,0.000000,1700,1730,1700,30,1.7341,GLOBAL_BEST,3,777,0,130,92,58,22,87,13636.3636,344.8276,0,0,0,0,0,0
n012w8-0,n012w8,0,5,500000,100.0,adaptive,2026-07-04T12:35:58+01:00,8,8,84,108,88,0.000000,1685,1700,1685,15,0.8824,GLOBAL_BEST,3,777,0,138,97,59,9,0,16666.6667,0.0000,0,0,0,0,0,0
n012w8-0,n012w8,0,5,500000,100.0,adaptive,2026-07-04T12:35:58+01:00,8,1,84,121,1,99.668977,3115,3175,3115,60,1.8898,LOCAL_BEST,0,777,33,222,21,60,13,-87,46153.8462,0.0000,0,0,0,0,0,0
n012w8-0,n012w8,0,5,500000,100.0,adaptive,2026-07-04T12:35:58+01:00,8,1,84,122,1,99.666223,3100,3115,3100,15,0.4815,LOCAL_BEST,0,777,33,222,21,61,1,0,150000.0000,0.0000,0,0,0,0,0,0
n012w8-0,n012w8,0,5,500000,100.0,adaptive,2026-07-04T12:35:58+01:00,8,1,84,124,1,99.660715,3090,3100,3090,10,0.3226,LOCAL_BEST,0,777,33,229,22,62,2,0,50000.0000,0.0000,0,0,0,0,0,0
n012w8-0,n012w8,0,5,500000,100.0,adaptive,2026-07-04T12:35:58+01:00,8,3,84,129,1,0.000000,3680,3725,3680,45,1.2081,LOCAL_BEST,0,777,38,242,3,63,5,0,90000.0000,0.0000,0,0,0,0,0,0
n012w8-0,n012w8,0,5,500000,100.0,adaptive,2026-07-04T12:35:58+01:00,8,3,84,130,1,0.000000,3540,3680,3540,140,3.8043,LOCAL_BEST,0,777,38,242,3,64,1,0,1400000.0000,0.0000,0,0,0,0,0,0
n012w8-0,n012w8,0,5,500000,100.0,adaptive,2026-07-04T12:35:58+01:00,8,1,84,146,1,99.600152,3015,3090,3015,75,2.4272,LOCAL_BEST,0,777,38,259,30,65,16,0,46875.0000,0.0000,0,0,0,0,0,0
n012w8-0,n012w8,0,5,500000,100.0,adaptive,2026-07-04T12:35:58+01:00,8,1,84,147,1,99.597400,2935,3015,2935,80,2.6534,LOCAL_BEST,0,777,38,266,30,66,1,0,800000.0000,0.0000,0,0,0,0,0,0
n012w8-0,n012w8,0,5,500000,100.0,adaptive,2026-07-04T12:35:58+01:00,8,1,84,148,1,99.594648,2925,2935,2925,10,0.3407,LOCAL_BEST,0,777,38,266,30,67,1,0,100000.0000,0.0000,0,0,0,0,0,0
n012w8-0,n012w8,0,5,500000,100.0,adaptive,2026-07-04T12:35:58+01:00,8,3,84,148,1,0.000000,3500,3540,3500,40,1.1299,LOCAL_BEST,0,777,45,279,3,68,0,0,0.0000,0.0000,0,0,0,0,0,0
n012w8-0,n012w8,0,5,500000,100.0,adaptive,2026-07-04T12:35:58+01:00,8,1,84,149,1,99.591896,2910,2925,2910,15,0.5128,LOCAL_BEST,0,777,38,273,30,69,1,0,150000.0000,0.0000,0,0,0,0,0,0
n012w8-0,n012w8,0,5,500000,100.0,adaptive,2026-07-04T12:35:58+01:00,8,3,84,151,1,0.000000,3495,3500,3495,5,0.1429,LOCAL_BEST,0,777,45,280,4,70,2,0,25000.0000,0.0000,0,0,0,0,0,0
n012w8-0,n012w8,0,5,500000,100.0,adaptive,2026-07-04T12:35:58+01:00,8,3,84,152,1,0.000000,3475,3495,3475,20,0.5722,LOCAL_BEST,0,777,45,280,4,71,1,0,200000.0000,0.0000,0,0,0,0,0,0
n012w8-0,n012w8,0,5,500000,100.0,adaptive,2026-07-04T12:35:58+01:00,8,3,84,163,1,0.000000,3450,3475,3450,25,0.7194,LOCAL_BEST,0,777,48,300,5,72,11,0,22727.2727,0.0000,0,0,0,0,0,0
n012w8-0,n012w8,0,5,500000,100.0,adaptive,2026-07-04T12:35:58+01:00,8,1,84,174,1,99.523124,2900,2910,2900,10,0.3436,LOCAL_BEST,0,777,45,309,36,73,11,0,9090.9091,0.0000,0,0,0,0,0,0
n012w8-0,n012w8,0,5,500000,100.0,adaptive,2026-07-04T12:35:58+01:00,8,1,84,178,1,99.512125,2855,2900,2855,45,1.5517,GLOBAL_BEST,0,777,45,316,38,74,4,0,112500.0000,0.0000,0,0,0,0,0,0
n012w8-0,n012w8,0,5,500000,100.0,adaptive,2026-07-04T12:35:58+01:00,8,11,84,180,128,0.000000,1560,1575,1560,15,0.9524,GLOBAL_BEST,4,777,0,265,160,75,2,127,75000.0000,118.1102,0,0,0,0,0,0
n012w8-0,n012w8,0,5,500000,100.0,adaptive,2026-07-04T12:35:58+01:00,8,1,84,183,1,99.498378,2850,2855,2850,5,0.1751,GLOBAL_BEST,0,777,46,319,40,76,3,-127,16666.6667,0.0000,0,0,0,0,0,0
n012w8-0,n012w8,0,5,500000,100.0,adaptive,2026-07-04T12:35:58+01:00,8,1,84,195,1,99.465392,2840,2850,2840,10,0.3509,GLOBAL_BEST,0,777,49,346,41,77,12,0,8333.3333,0.0000,0,0,0,0,0,0
n012w8-0,n012w8,0,5,500000,100.0,adaptive,2026-07-04T12:35:58+01:00,8,1,84,196,1,99.462644,2810,2840,2810,30,1.0563,GLOBAL_BEST,0,777,49,354,41,78,1,0,300000.0000,0.0000,0,0,0,0,0,0
n012w8-0,n012w8,0,5,500000,100.0,adaptive,2026-07-04T12:35:58+01:00,8,8,84,221,88,0.000000,1670,1685,1670,15,0.8902,GLOBAL_BEST,3,777,0,316,197,79,25,87,6000.0000,172.4138,0,0,0,0,0,0
n012w8-0,n012w8,0,5,500000,100.0,adaptive,2026-07-04T12:35:58+01:00,8,3,84,237,1,0.000000,3445,3450,3445,5,0.1449,LOCAL_BEST,0,777,80,429,7,80,16,-87,3125.0000,0.0000,0,0,0,0,0,0
n012w8-0,n012w8,0,5,500000,100.0,adaptive,2026-07-04T12:35:58+01:00,8,3,84,238,1,0.000000,3435,3445,3435,10,0.2903,LOCAL_BEST,0,777,80,432,7,81,1,0,100000.0000,0.0000,0,0,0,0,0,0
n012w8-0,n012w8,0,5,500000,100.0,adaptive,2026-07-04T12:35:58+01:00,8,3,84,286,1,0.000000,3425,3435,3425,10,0.2911,LOCAL_BEST,0,777,97,534,11,82,48,0,2083.3333,0.0000,0,0,0,0,0,0
n012w8-0,n012w8,0,5,500000,100.0,adaptive,2026-07-04T12:35:58+01:00,8,3,84,321,1,0.000000,3345,3425,3345,80,2.3358,LOCAL_BEST,0,777,112,611,13,83,35,0,22857.1429,0.0000,0,0,0,0,0,0
n012w8-0,n012w8,0,5,500000,100.0,adaptive,2026-07-04T12:35:58+01:00,8,3,84,323,1,0.000000,3300,3345,3300,45,1.3453,LOCAL_BEST,0,777,113,613,13,84,2,0,225000.0000,0.0000,0,0,0,0,0,0
n012w8-0,n012w8,0,5,500000,100.0,adaptive,2026-07-04T12:35:58+01:00,8,3,84,363,1,0.000000,3275,3300,3275,25,0.7576,LOCAL_BEST,0,777,131,689,15,85,40,0,6250.0000,0.0000,0,0,0,0,0,0
n012w8-0,n012w8,0,5,500000,100.0,adaptive,2026-07-04T12:35:58+01:00,8,1,84,489,2,98.660656,2750,2810,2750,60,2.1352,GLOBAL_BEST,0,777,124,841,128,86,126,1,4761.9048,60000.0000,0,0,0,0,0,0
n012w8-0,n012w8,0,5,500000,100.0,adaptive,2026-07-04T12:35:58+01:00,8,3,84,503,2,0.000000,3195,3275,3195,80,2.4427,LOCAL_BEST,0,777,183,923,22,87,14,0,57142.8571,0.0000,0,0,0,0,0,0
n012w8-0,n012w8,0,5,500000,100.0,adaptive,2026-07-04T12:35:58+01:00,8,3,84,504,2,0.000000,3180,3195,3180,15,0.4695,LOCAL_BEST,0,777,183,925,22,88,1,0,150000.0000,0.0000,0,0,0,0,0,0
n012w8-0,n012w8,0,5,500000,100.0,adaptive,2026-07-04T12:35:58+01:00,8,3,84,511,2,0.000000,3025,3180,3025,155,4.8742,LOCAL_BEST,0,777,185,932,24,89,7,0,221428.5714,0.0000,0,0,0,0,0,0
n012w8-0,n012w8,0,5,500000,100.0,adaptive,2026-07-04T12:35:58+01:00,8,3,84,512,2,0.000000,3010,3025,3010,15,0.4959,LOCAL_BEST,0,777,185,932,24,90,1,0,150000.0000,0.0000,0,0,0,0,0,0
n012w8-0,n012w8,0,5,500000,100.0,adaptive,2026-07-04T12:35:58+01:00,8,3,84,513,2,0.000000,2930,3010,2930,80,2.6578,LOCAL_BEST,0,777,185,932,24,91,1,0,800000.0000,0.0000,0,0,0,0,0,0
n012w8-0,n012w8,0,5,500000,100.0,adaptive,2026-07-04T12:35:58+01:00,8,1,84,517,2,98.584355,2730,2750,2730,20,0.7273,GLOBAL_BEST,0,777,129,866,140,92,4,0,50000.0000,0.0000,0,0,0,0,0,0
n012w8-0,n012w8,0,5,500000,100.0,adaptive,2026-07-04T12:35:58+01:00,8,1,84,526,2,98.559842,2695,2730,2695,35,1.2821,GLOBAL_BEST,0,777,130,889,145,93,9,0,38888.8889,0.0000,0,0,0,0,0,0
n012w8-0,n012w8,0,5,500000,100.0,adaptive,2026-07-04T12:35:58+01:00,8,1,84,580,2,98.412893,2615,2695,2615,80,2.9685,GLOBAL_BEST,0,777,144,993,164,94,54,0,14814.8148,0.0000,0,0,0,0,0,0
n012w8-0,n012w8,0,5,500000,100.0,adaptive,2026-07-04T12:35:58+01:00,8,1,84,710,2,98.060025,2575,2615,2575,40,1.5296,GLOBAL_BEST,0,777,175,1187,208,95,130,0,3076.9231,0.0000,0,0,0,0,0,0
n012w8-0,n012w8,0,5,500000,100.0,adaptive,2026-07-04T12:35:58+01:00,8,1,84,734,2,97.995019,2450,2575,2450,125,4.8544,GLOBAL_BEST,0,777,180,1213,218,96,24,0,52083.3333,0.0000,0,0,0,0,0,0
n012w8-0,n012w8,0,5,500000,100.0,adaptive,2026-07-04T12:35:58+01:00,8,3,84,807,2,0.000000,2850,2930,2850,80,2.7304,LOCAL_BEST,0,777,297,1478,32,97,73,0,10958.9041,0.0000,0,0,0,0,0,0
n012w8-0,n012w8,0,5,500000,100.0,adaptive,2026-07-04T12:35:58+01:00,8,5,84,1059,49,0.000000,1935,1975,1935,40,2.0253,GLOBAL_BEST,1,777,0,1646,825,98,252,47,1587.3016,851.0638,0,0,0,0,0,0
n012w8-0,n012w8,0,5,500000,100.0,adaptive,2026-07-04T12:35:58+01:00,8,2,84,1077,3,0.000000,2850,2860,2850,10,0.3497,LOCAL_BEST,0,777,0,1889,17,99,18,-46,5555.5556,0.0000,0,0,0,0,0,0
n012w8-0,n012w8,0,5,500000,100.0,adaptive,2026-07-04T12:35:58+01:00,8,8,84,1317,90,0.000000,1660,1670,1660,10,0.5988,GLOBAL_BEST,3,777,0,1915,1144,100,240,87,416.6667,114.9425,0,0,0,0,0,0
n012w8-0,n012w8,0,5,500000,100.0,adaptive,2026-07-04T12:35:58+01:00,8,2,84,1362,3,0.000000,2795,2850,2795,55,1.9298,LOCAL_BEST,0,777,0,2356,44,101,45,-87,12222.2222,0.0000,0,0,0,0,0,0
n012w8-0,n012w8,0,5,500000,100.0,adaptive,2026-07-04T12:35:58+01:00,8,2,84,1783,4,0.000000,2785,2795,2785,10,0.3578,LOCAL_BEST,0,777,0,3089,77,102,421,1,237.5297,10000.0000,0,0,0,0,0,0
n012w8-0,n012w8,0,5,500000,100.0,adaptive,2026-07-04T12:35:58+01:00,8,2,84,1784,4,0.000000,2695,2785,2695,90,3.2316,LOCAL_BEST,0,777,0,3089,77,103,1,0,900000.0000,0.0000,0,0,0,0,0,0
n012w8-0,n012w8,0,5,500000,100.0,adaptive,2026-07-04T12:35:58+01:00,8,5,84,1904,50,0.000000,1930,1935,1930,5,0.2584,GLOBAL_BEST,1,777,0,2867,1461,104,120,46,416.6667,108.6957,0,0,0,0,0,0
n012w8-0,n012w8,0,5,500000,100.0,adaptive,2026-07-04T12:35:58+01:00,8,5,84,1905,50,0.000000,1920,1930,1920,10,0.5181,GLOBAL_BEST,1,777,0,2867,1461,105,1,0,100000.0000,0.0000,0,0,0,0,0,0
n012w8-0,n012w8,0,5,500000,100.0,adaptive,2026-07-04T12:35:58+01:00,8,5,84,1924,50,0.000000,1890,1920,1890,30,1.5625,GLOBAL_BEST,1,777,0,2896,1476,106,19,0,15789.4737,0.0000,0,0,0,0,0,0
n012w8-0,n012w8,0,5,500000,100.0,adaptive,2026-07-04T12:35:58+01:00,8,2,84,2451,4,0.000000,2605,2695,2605,90,3.3395,LOCAL_BEST,0,777,0,4203,203,107,527,-46,1707.7799,0.0000,0,0,0,0,0,0
n012w8-0,n012w8,0,5,500000,100.0,adaptive,2026-07-04T12:35:58+01:00,8,2,84,3844,6,0.000000,2580,2605,2580,25,0.9597,LOCAL_BEST,0,777,0,6650,544,108,1393,2,179.4688,12500.0000,0,0,0,0,0,0
n012w8-0,n012w8,0,5,500000,100.0,adaptive,2026-07-04T12:35:58+01:00,8,5,84,4029,53,0.000000,1885,1890,1885,5,0.2646,GLOBAL_BEST,1,777,0,6197,3043,109,185,47,270.2703,106.3830,0,0,0,0,0,0
n012w8-0,n012w8,0,5,500000,100.0,adaptive,2026-07-04T12:35:58+01:00,8,5,84,4049,53,0.000000,1860,1885,1860,25,1.3263,GLOBAL_BEST,1,777,0,6223,3056,110,20,0,12500.0000,0.0000,0,0,0,0,0,0
n012w8-0,n012w8,0,5,500000,100.0,adaptive,2026-07-04T12:35:58+01:00,8,2,84,4109,7,0.000000,2565,2580,2565,15,0.5814,LOCAL_BEST,0,777,0,7043,632,111,60,-46,2500.0000,0.0000,0,0,0,0,0,0
n012w8-0,n012w8,0,5,500000,100.0,adaptive,2026-07-04T12:35:58+01:00,8,1,84,5927,10,84.896151,2415,2450,2415,35,1.4286,GLOBAL_BEST,0,777,1540,10272,1871,112,1818,3,192.5193,11666.6667,0,0,0,0,0,0
n012w8-0,n012w8,0,5,500000,100.0,adaptive,2026-07-04T12:35:58+01:00,8,1,84,5931,10,84.886768,2385,2415,2385,30,1.2422,GLOBAL_BEST,0,777,1540,10275,1874,113,4,0,75000.0000,0.0000,0,0,0,0,0,0
n012w8-0,n012w8,0,5,500000,100.0,adaptive,2026-07-04T12:35:58+01:00,8,1,84,5932,10,84.884423,2375,2385,2375,10,0.4193,GLOBAL_BEST,0,777,1540,10278,1874,114,1,0,100000.0000,0.0000,0,0,0,0,0,0
n012w8-0,n012w8,0,5,500000,100.0,adaptive,2026-07-04T12:35:58+01:00,8,1,84,5933,10,84.882077,2345,2375,2345,30,1.2632,GLOBAL_BEST,0,777,1540,10279,1874,115,1,0,300000.0000,0.0000,0,0,0,0,0,0
n012w8-0,n012w8,0,5,500000,100.0,adaptive,2026-07-04T12:35:58+01:00,8,1,84,5934,10,84.879732,2195,2345,2195,150,6.3966,GLOBAL_BEST,0,777,1540,10281,1874,116,1,0,1500000.0000,0.0000,0,0,0,0,0,0
n012w8-0,n012w8,0,5,500000,100.0,adaptive,2026-07-04T12:35:58+01:00,8,5,84,6119,56,0.000000,1830,1860,1830,30,1.6129,GLOBAL_BEST,1,777,0,9284,4642,117,185,46,1621.6216,652.1739,0,0,0,0,0,0
n012w8-0,n012w8,0,5,500000,100.0,adaptive,2026-07-04T12:35:58+01:00,8,3,84,6334,11,0.000000,2845,2850,2845,5,0.1754,LOCAL_BEST,0,777,2418,11280,250,118,215,-45,232.5581,0.0000,0,0,0,0,0,0
n012w8-0,n012w8,0,5,500000,100.0,adaptive,2026-07-04T12:35:58+01:00,8,1,84,6501,11,83.560302,2190,2195,2190,5,0.2278,GLOBAL_BEST,0,777,1664,11209,2088,119,167,0,299.4012,0.0000,0,0,0,0,0,0
n012w8-0,n012w8,0,5,500000,100.0,adaptive,2026-07-04T12:35:58+01:00,8,2,84,6798,12,0.000000,2550,2565,2550,15,0.5848,LOCAL_BEST,0,777,0,11705,1553,120,297,1,505.0505,15000.0000,0,0,0,0,0,0
n012w8-0,n012w8,0,5,500000,100.0,adaptive,2026-07-04T12:35:58+01:00,8,2,84,6869,12,0.000000,2545,2550,2545,5,0.1961,LOCAL_BEST,0,777,0,11806,1595,121,71,0,704.2254,0.0000,0,0,0,0,0,0
n012w8-0,n012w8,0,5,500000,100.0,adaptive,2026-07-04T12:35:58+01:00,8,2,84,7630,13,0.000000,2530,2545,2530,15,0.5894,LOCAL_BEST,0,777,0,13214,1848,122,761,1,197.1091,15000.0000,0,0,0,0,0,0
n012w8-0,n012w8,0,5,500000,100.0,adaptive,2026-07-04T12:35:58+01:00,8,2,84,7846,13,0.000000,2480,2530,2480,50,1.9763,LOCAL_BEST,0,777,0,13527,1933,123,216,0,2314.8148,0.0000,0,0,0,0,0,0
n012w8-0,n012w8,0,5,500000,100.0,adaptive,2026-07-04T12:35:58+01:00,8,2,84,8401,14,0.000000,2475,2480,2475,5,0.2016,LOCAL_BEST,0,777,0,14473,2142,124,555,1,90.0901,5000.0000,0,0,0,0,0,0
n012w8-0,n012w8,0,5,500000,100.0,adaptive,2026-07-04T12:35:58+01:00,8,2,84,8843,14,0.000000,2400,2475,2400,75,3.0303,LOCAL_BEST,0,777,0,15167,2322,125,442,0,1696.8326,0.0000,0,0,0,0,0,0
n012w8-0,n012w8,0,5,500000,100.0,adaptive,2026-07-04T12:35:58+01:00,8,2,84,8850,14,0.000000,2330,2400,2330,70,2.9167,LOCAL_BEST,0,777,0,15182,2324,126,7,0,100000.0000,0.0000,0,0,0,0,0,0
n012w8-0,n012w8,0,5,500000,100.0,adaptive,2026-07-04T12:35:58+01:00,8,2,84,8854,14,0.000000,2220,2330,2220,110,4.7210,LOCAL_BEST,0,777,0,15185,2325,127,4,0,275000.0000,0.0000,0,0,0,0,0,0
n012w8-0,n012w8,0,5,500000,100.0,adaptive,2026-07-04T12:35:58+01:00,8,5,84,9357,61,0.000000,1775,1830,1775,55,3.0055,GLOBAL_BEST,1,777,0,14090,7100,128,503,47,1093.4394,1170.2128,0,0,0,0,0,0
n012w8-0,n012w8,0,5,500000,100.0,adaptive,2026-07-04T12:35:58+01:00,8,11,84,9879,148,0.000000,1555,1560,1555,5,0.3205,GLOBAL_BEST,4,777,0,13690,9171,129,522,87,95.7854,57.4713,0,0,0,0,0,0
n012w8-0,n012w8,0,5,500000,100.0,adaptive,2026-07-04T12:35:58+01:00,8,11,84,10719,149,0.000000,1545,1555,1545,10,0.6431,GLOBAL_BEST,4,777,0,14860,9941,130,840,1,119.0476,10000.0000,0,0,0,0,0,0
n012w8-0,n012w8,0,5,500000,100.0,adaptive,2026-07-04T12:35:58+01:00,8,8,84,12615,110,0.000000,1655,1660,1655,5,0.3012,LOCAL_BEST,3,777,0,19274,11195,131,1896,-39,26.3713,0.0000,0,0,0,0,0,0
n012w8-0,n012w8,0,5,500000,100.0,adaptive,2026-07-04T12:35:58+01:00,8,8,84,13274,111,0.000000,1645,1655,1645,10,0.6042,GLOBAL_BEST,3,777,0,20320,11783,132,659,1,151.7451,10000.0000,0,0,0,0,0,0
n012w8-0,n012w8,0,5,500000,100.0,adaptive,2026-07-04T12:35:58+01:00,8,8,84,14145,112,0.000000,1630,1645,1630,15,0.9119,GLOBAL_BEST,3,777,0,21709,12526,133,871,1,172.2158,15000.0000,0,0,0,0,0,0
n012w8-0,n012w8,0,5,500000,100.0,adaptive,2026-07-04T12:35:58+01:00,8,5,84,15570,70,0.000000,1770,1775,1770,5,0.2817,GLOBAL_BEST,1,777,0,23586,11960,134,1425,-42,35.0877,0.0000,0,0,0,0,0,0
n012w8-0,n012w8,0,5,500000,100.0,adaptive,2026-07-04T12:35:58+01:00,8,5,84,15942,71,0.000000,1760,1770,1760,10,0.5650,GLOBAL_BEST,1,777,0,24146,12247,135,372,1,268.8172,10000.0000,0,0,0,0,0,0
n012w8-0,n012w8,0,5,500000,100.0,adaptive,2026-07-04T12:35:58+01:00,8,2,84,17085,28,0.000000,2195,2220,2195,25,1.1261,LOCAL_BEST,0,777,0,29097,6320,136,1143,-43,218.7227,0.0000,0,0,0,0,0,0
n012w8-0,n012w8,0,5,500000,100.0,adaptive,2026-07-04T12:35:58+01:00,8,8,84,18156,118,0.000000,1615,1630,1615,15,0.9202,GLOBAL_BEST,3,777,0,27776,16085,137,1071,90,140.0560,166.6667,0,0,0,0,0,0
n012w8-0,n012w8,0,5,500000,100.0,adaptive,2026-07-04T12:35:58+01:00,8,8,84,20249,122,0.000000,1610,1615,1610,5,0.3096,GLOBAL_BEST,3,777,0,30716,17925,138,2093,4,23.8892,1250.0000,0,0,0,0,0,0
n012w8-0,n012w8,0,5,500000,100.0,adaptive,2026-07-04T12:35:58+01:00,8,2,84,20898,33,0.000000,2185,2195,2185,10,0.4556,GLOBAL_BEST,0,777,0,35445,8476,139,649,-89,154.0832,0.0000,0,0,0,0,0,0
n012w8-0,n012w8,0,5,500000,100.0,adaptive,2026-07-04T12:35:58+01:00,8,2,84,20899,33,0.000000,2170,2185,2170,15,0.6865,GLOBAL_BEST,0,777,0,35451,8476,140,1,0,150000.0000,0.0000,0,0,0,0,0,0
n012w8-0,n012w8,0,5,500000,100.0,adaptive,2026-07-04T12:35:58+01:00,8,1,84,22618,37,53.529847,2150,2190,2150,40,1.8265,LOCAL_BEST,0,777,5134,38328,8894,141,1719,4,232.6934,10000.0000,0,0,0,0,0,0
n012w8-0,n012w8,0,5,500000,100.0,adaptive,2026-07-04T12:35:58+01:00,8,2,84,22903,37,0.000000,2145,2170,2145,25,1.1521,GLOBAL_BEST,0,777,0,38675,9668,142,285,0,877.1930,0.0000,0,0,0,0,0,0
n012w8-0,n012w8,0,5,500000,100.0,adaptive,2026-07-04T12:35:58+01:00,8,3,84,23070,39,0.000000,2730,2845,2730,115,4.0422,LOCAL_BEST,0,777,8897,41053,933,143,167,2,6886.2275,57500.0000,0,0,0,0,0,0
n012w8-0,n012w8,0,5,500000,100.0,adaptive,2026-07-04T12:35:58+01:00,8,3,84,23072,39,0.000000,2720,2730,2720,10,0.3663,LOCAL_BEST,0,777,8898,41056,933,144,2,0,50000.0000,0.0000,0,0,0,0,0,0
n012w8-0,n012w8,0,5,500000,100.0,adaptive,2026-07-04T12:35:58+01:00,8,5,84,24685,84,0.000000,1750,1760,1750,10,0.5682,GLOBAL_BEST,1,777,0,37620,19718,145,1613,45,61.9963,222.2222,0,0,0,0,0,0
n012w8-0,n012w8,0,5,500000,100.0,adaptive,2026-07-04T12:35:58+01:00,8,2,84,24916,40,0.000000,2095,2145,2095,50,2.3310,GLOBAL_BEST,0,777,0,41886,10959,146,231,-44,2164.5022,0.0000,0,0,0,0,0,0
n012w8-0,n012w8,0,5,500000,100.0,adaptive,2026-07-04T12:35:58+01:00,8,5,84,26253,87,0.000000,1745,1750,1745,5,0.2857,GLOBAL_BEST,1,777,0,39989,21038,147,1337,47,37.3972,106.3830,0,0,0,0,0,0
n012w8-0,n012w8,0,5,500000,100.0,adaptive,2026-07-04T12:35:58+01:00,8,5,84,26887,88,0.000000,1725,1745,1725,20,1.1461,GLOBAL_BEST,1,777,0,40959,21568,148,634,1,315.4574,20000.0000,0,0,0,0,0,0
n012w8-0,n012w8,0,5,500000,100.0,adaptive,2026-07-04T12:35:58+01:00,8,4,84,27963,93,46.180220,2050,2070,2050,20,0.9662,LOCAL_BEST,1,777,5959,47502,11759,149,1076,5,185.8736,4000.0000,0,0,0,0,0,0
n012w8-0,n012w8,0,5,500000,100.0,adaptive,2026-07-04T12:35:58+01:00,8,4,84,28082,93,46.028625,2040,2050,2040,10,0.4878,LOCAL_BEST,1,777,5976,47662,11837,150,119,0,840.3361,0.0000,0,0,0,0,0,0
n012w8-0,n012w8,0,5,500000,100.0,adaptive,2026-07-04T12:35:58+01:00,8,4,84,28083,93,46.027353,2010,2040,2010,30,1.4706,LOCAL_BEST,1,777,5976,47669,11837,151,1,0,300000.0000,0.0000,0,0,0,0,0,0
n012w8-0,n012w8,0,5,500000,100.0,adaptive,2026-07-04T12:35:58+01:00,8,4,84,28087,93,46.022266,1995,2010,1995,15,0.7463,LOCAL_BEST,1,777,5976,47670,11840,152,4,0,37500.0000,0.0000,0,0,0,0,0,0
n012w8-0,n012w8,0,5,500000,100.0,adaptive,2026-07-04T12:35:58+01:00,8,5,84,28856,90,0.000000,1710,1725,1710,15,0.8696,LOCAL_BEST,1,777,0,43953,23261,153,769,-3,195.0585,0.0000,0,0,0,0,0,0
n012w8-0,n012w8,0,5,500000,100.0,adaptive,2026-07-04T12:35:58+01:00,8,5,84,28857,90,0.000000,1665,1710,1665,45,2.6316,GLOBAL_BEST,1,777,0,43953,23261,154,1,0,450000.0000,0.0000,0,0,0,0,0,0
n012w8-0,n012w8,0,5,500000,100.0,adaptive,2026-07-04T12:35:58+01:00,8,2,84,29560,47,0.000000,2070,2095,2070,25,1.1933,GLOBAL_BEST,0,777,0,49405,13883,155,703,-43,355.6188,0.0000,0,0,0,0,0,0
n012w8-0,n012w8,0,5,500000,100.0,adaptive,2026-07-04T12:35:58+01:00,8,1,84,29954,48,43.708309,2085,2150,2085,65,3.0233,LOCAL_BEST,0,777,6388,50727,12762,156,394,1,1649.7462,65000.0000,0,0,0,0,0,0
n012w8-0,n012w8,0,5,500000,100.0,adaptive,2026-07-04T12:35:58+01:00,8,1,84,32659,53,40.560565,2080,2085,2080,5,0.2398,LOCAL_BEST,0,777,6802,55055,14278,157,2705,5,18.4843,1000.0000,0,0,0,0,0,0
n012w8-0,n012w8,0,5,500000,100.0,adaptive,2026-07-04T12:35:58+01:00,8,1,84,32762,53,40.445294,2075,2080,2075,5,0.2404,LOCAL_BEST,0,777,6814,55188,14349,158,103,0,485.4369,0.0000,0,0,0,0,0,0
n012w8-0,n012w8,0,5,500000,100.0,adaptive,2026-07-04T12:35:58+01:00,8,2,84,32775,52,0.000000,2050,2070,2050,20,0.9662,LOCAL_BEST,0,777,0,54374,15951,159,13,-1,15384.6154,0.0000,0,0,0,0,0,0
n012w8-0,n012w8,0,5,500000,100.0,adaptive,2026-07-04T12:35:58+01:00,8,1,84,33703,54,39.407238,2070,2075,2070,5,0.2410,LOCAL_BEST,0,777,6922,56728,14985,160,928,2,53.8793,2500.0000,0,0,0,0,0,0
n012w8-0,n012w8,0,5,500000,100.0,adaptive,2026-07-04T12:35:58+01:00,8,2,84,33750,53,0.000000,2015,2050,2015,35,1.7073,LOCAL_BEST,0,777,0,55937,16633,161,47,-1,7446.8085,0.0000,0,0,0,0,0,0
n012w8-0,n012w8,0,5,500000,100.0,adaptive,2026-07-04T12:35:58+01:00,8,8,84,33846,143,0.000000,1600,1610,1600,10,0.6211,LOCAL_BEST,3,777,0,50909,30187,162,96,90,1041.6667,111.1111,0,0,0,0,0,0
n012w8-0,n012w8,0,5,500000,100.0,adaptive,2026-07-04T12:35:58+01:00,8,8,84,33858,143,0.000000,1585,1600,1585,15,0.9375,LOCAL_BEST,3,777,0,50918,30195,163,12,0,12500.0000,0.0000,0,0,0,0,0,0
n012w8-0,n012w8,0,5,500000,100.0,adaptive,2026-07-04T12:35:58+01:00,8,1,84,34590,56,38.453157,2055,2070,2055,15,0.7246,LOCAL_BEST,0,777,7046,58116,15520,164,732,-87,204.9180,0.0000,0,0,0,0,0,0
n012w8-0,n012w8,0,5,500000,100.0,adaptive,2026-07-04T12:35:58+01:00,8,1,84,34608,56,38.434037,2010,2055,2010,45,2.1898,LOCAL_BEST,0,777,7048,58134,15530,165,18,0,25000.0000,0.0000,0,0,0,0,0,0
n012w8-0,n012w8,0,5,500000,100.0,adaptive,2026-07-04T12:35:58+01:00,8,1,84,34658,56,38.380975,1970,2010,1970,40,1.9900,LOCAL_BEST,0,777,7055,58224,15561,166,50,0,8000.0000,0.0000,0,0,0,0,0,0
n012w8-0,n012w8,0,5,500000,100.0,adaptive,2026-07-04T12:35:58+01:00,8,4,84,38288,109,34.718104,1990,1995,1990,5,0.2506,LOCAL_BEST,1,777,7375,64301,17998,167,3630,53,13.7741,94.3396,0,0,0,0,0,0
n012w8-0,n012w8,0,5,500000,100.0,adaptive,2026-07-04T12:35:58+01:00,8,4,84,38297,109,34.709471,1965,1990,1965,25,1.2563,LOCAL_BEST,1,777,7376,64310,18004,168,9,0,27777.7778,0.0000,0,0,0,0,0,0
n012w8-0,n012w8,0,5,500000,100.0,adaptive,2026-07-04T12:35:58+01:00,8,4,84,38333,110,34.674962,1935,1965,1935,30,1.5267,LOCAL_BEST,1,777,7377,64370,18034,169,36,1,8333.3333,30000.0000,0,0,0,0,0,0
n012w8-0,n012w8,0,5,500000,100.0,adaptive,2026-07-04T12:35:58+01:00,8,4,84,38341,110,34.667299,1925,1935,1925,10,0.5168,LOCAL_BEST,1,777,7377,64378,18040,170,8,0,12500.0000,0.0000,0,0,0,0,0,0
n012w8-0,n012w8,0,5,500000,100.0,adaptive,2026-07-04T12:35:58+01:00,8,5,84,39761,106,0.000000,1650,1665,1650,15,0.9009,GLOBAL_BEST,1,777,0,60652,32424,171,1420,-4,105.6338,0.0000,0,0,0,0,0,0
n012w8-0,n012w8,0,5,500000,100.0,adaptive,2026-07-04T12:35:58+01:00,8,1,84,40070,64,33.050041,1950,1970,1950,20,1.0152,LOCAL_BEST,0,777,7749,67196,18968,172,309,-42,647.2492,0.0000,0,0,0,0,0,0
n012w8-0,n012w8,0,5,500000,100.0,adaptive,2026-07-04T12:35:58+01:00,8,1,84,40073,64,33.047301,1920,1950,1920,30,1.5385,LOCAL_BEST,0,777,7749,67197,18970,173,3,0,100000.0000,0.0000,0,0,0,0,0,0
n012w8-0,n012w8,0,5,500000,100.0,adaptive,2026-07-04T12:35:58+01:00,8,1,84,40095,65,33.027219,1910,1920,1910,10,0.5208,LOCAL_BEST,0,777,7750,67227,18989,174,22,1,4545.4545,10000.0000,0,0,0,0,0,0
n012w8-0,n012w8,0,5,500000,100.0,adaptive,2026-07-04T12:35:58+01:00,8,1,84,40096,65,33.026306,1895,1910,1895,15,0.7853,LOCAL_BEST,0,777,7750,67228,18989,175,1,0,150000.0000,0.0000,0,0,0,0,0,0
n012w8-0,n012w8,0,5,500000,100.0,adaptive,2026-07-04T12:35:58+01:00,8,1,84,40184,65,32.946099,1890,1895,1890,5,0.2639,LOCAL_BEST,0,777,7754,67365,19059,176,88,0,568.1818,0.0000,0,0,0,0,0,0
n012w8-0,n012w8,0,5,500000,100.0,adaptive,2026-07-04T12:35:58+01:00,8,1,84,40186,65,32.944278,1875,1890,1875,15,0.7937,LOCAL_BEST,0,777,7754,67376,19060,177,2,0,75000.0000,0.0000,0,0,0,0,0,0
n012w8-0,n012w8,0,5,500000,100.0,adaptive,2026-07-04T12:35:58+01:00,8,3,84,41202,70,0.000000,2675,2720,2675,45,1.6544,LOCAL_BEST,0,777,15876,72780,1655,178,1016,5,442.9134,9000.0000,0,0,0,0,0,0
n012w8-0,n012w8,0,5,500000,100.0,adaptive,2026-07-04T12:35:58+01:00,8,2,84,42634,67,0.000000,1985,2015,1985,30,1.4888,LOCAL_BEST,0,777,0,70481,23004,179,1432,-3,209.4972,0.0000,0,0,0,0,0,0
n012w8-0,n012w8,0,5,500000,100.0,adaptive,2026-07-04T12:35:58+01:00,8,2,84,44940,70,0.000000,1975,1985,1975,10,0.5038,LOCAL_BEST,0,777,0,74016,24705,180,2306,3,43.3651,3333.3333,0,0,0,0,0,0
n012w8-0,n012w8,0,5,500000,100.0,adaptive,2026-07-04T12:35:58+01:00,8,2,84,46651,73,0.000000,1960,1975,1960,15,0.7595,LOCAL_BEST,0,777,0,76796,25984,181,1711,3,87.6680,5000.0000,0,0,0,0,0,0
n012w8-0,n012w8,0,5,500000,100.0,adaptive,2026-07-04T12:35:58+01:00,8,2,84,46655,73,0.000000,1920,1960,1920,40,2.0408,LOCAL_BEST,0,777,0,76802,25986,182,4,0,100000.0000,0.0000,0,0,0,0,0,0
n012w8-0,n012w8,0,5,500000,100.0,adaptive,2026-07-04T12:35:58+01:00,8,1,84,47021,75,27.274701,1865,1875,1865,10,0.5333,LOCAL_BEST,0,777,8424,78432,23829,183,366,2,273.2240,5000.0000,0,0,0,0,0,0
n012w8-0,n012w8,0,5,500000,100.0,adaptive,2026-07-04T12:35:58+01:00,8,1,84,47030,75,27.267919,1860,1865,1860,5,0.2681,LOCAL_BEST,0,777,8424,78437,23837,184,9,0,5555.5556,0.0000,0,0,0,0,0,0
n012w8-0,n012w8,0,5,500000,100.0,adaptive,2026-07-04T12:35:58+01:00,8,1,84,47035,75,27.264152,1830,1860,1830,30,1.6129,LOCAL_BEST,0,777,8424,78452,23840,185,5,0,60000.0000,0.0000,0,0,0,0,0,0
n012w8-0,n012w8,0,5,500000,100.0,adaptive,2026-07-04T12:35:58+01:00,8,1,84,47036,75,27.263399,1815,1830,1815,15,0.8197,LOCAL_BEST,0,777,8424,78452,23840,186,1,0,150000.0000,0.0000,0,0,0,0,0,0
n012w8-0,n012w8,0,5,500000,100.0,adaptive,2026-07-04T12:35:58+01:00,8,1,84,47037,75,27.262646,1810,1815,1810,5,0.2755,LOCAL_BEST,0,777,8424,78454,23840,187,1,0,50000.0000,0.0000,0,0,0,0,0,0
n012w8-0,n012w8,0,5,500000,100.0,adaptive,2026-07-04T12:35:58+01:00,8,2,84,47071,73,0.000000,1900,1920,1900,20,1.0417,LOCAL_BEST,0,777,0,77435,26284,188,34,-2,5882.3529,0.0000,0,0,0,0,0,0
n012w8-0,n012w8,0,5,500000,100.0,adaptive,2026-07-04T12:35:58+01:00,8,2,84,48088,75,0.000000,1890,1900,1890,10,0.5263,LOCAL_BEST,0,777,0,78999,27039,189,1017,2,98.3284,5000.0000,0,0,0,0,0,0
n012w8-0,n012w8,0,5,500000,100.0,adaptive,2026-07-04T12:35:58+01:00,8,5,84,49528,123,0.000000,1645,1650,1645,5,0.3030,LOCAL_BEST,1,777,0,75330,40815,190,1440,48,34.7222,104.1667,0,0,0,0,0,0
n012w8-0,n012w8,0,5,500000,100.0,adaptive,2026-07-04T12:35:58+01:00,8,2,84,49821,77,0.000000,1860,1890,1860,30,1.5873,LOCAL_BEST,0,777,0,81619,28372,191,293,-46,1023.8908,0.0000,0,0,0,0,0,0
n012w8-0,n012w8,0,5,500000,100.0,adaptive,2026-07-04T12:35:58+01:00,8,5,84,50126,124,0.000000,1635,1645,1635,10,0.6079,LOCAL_BEST,1,777,0,76145,41325,192,305,47,327.8689,212.7660,0,0,0,0,0,0
n012w8-0,n012w8,0,5,500000,100.0,adaptive,2026-07-04T12:35:58+01:00,8,2,84,50386,78,0.000000,1815,1860,1815,45,2.4194,LOCAL_BEST,0,777,0,82474,28792,193,260,-46,1730.7692,0.0000,0,0,0,0,0,0
n012w8-0,n012w8,0,5,500000,100.0,adaptive,2026-07-04T12:35:58+01:00,8,5,84,50697,125,0.000000,1615,1635,1615,20,1.2232,LOCAL_BEST,1,777,0,77049,41804,194,311,47,643.0868,425.5319,0,0,0,0,0,0
n012w8-0,n012w8,0,5,500000,100.0,adaptive,2026-07-04T12:35:58+01:00,8,5,84,52141,127,0.000000,1590,1615,1590,25,1.5480,GLOBAL_BEST,1,777,0,79196,43040,195,1444,2,173.1302,12500.0000,0,0,0,0,0,0
n012w8-0,n012w8,0,5,500000,100.0,adaptive,2026-07-04T12:35:58+01:00,8,4,84,53178,136,23.007848,1920,1925,1920,5,0.2597,LOCAL_BEST,1,777,8840,87742,28353,196,1037,9,48.2160,555.5556,0,0,0,0,0,0
n012w8-0,n012w8,0,5,500000,100.0,adaptive,2026-07-04T12:35:58+01:00,8,4,84,53193,136,22.998314,1910,1920,1910,10,0.5208,LOCAL_BEST,1,777,8841,87757,28363,197,15,0,6666.6667,0.0000,0,0,0,0,0,0
n012w8-0,n012w8,0,5,500000,100.0,adaptive,2026-07-04T12:35:58+01:00,8,4,84,53221,136,22.980528,1895,1910,1895,15,0.7853,LOCAL_BEST,1,777,8843,87797,28383,198,28,0,5357.1429,0.0000,0,0,0,0,0,0
n012w8-0,n012w8,0,5,500000,100.0,adaptive,2026-07-04T12:35:58+01:00,8,4,84,53355,136,22.895598,1875,1895,1875,20,1.0554,LOCAL_BEST,1,777,8851,87999,28487,199,134,0,1492.5373,0.0000,0,0,0,0,0,0
n012w8-0,n012w8,0,5,500000,100.0,adaptive,2026-07-04T12:35:58+01:00,8,4,84,53382,136,22.878524,1855,1875,1855,20,1.0667,LOCAL_BEST,1,777,8852,88027,28509,200,27,0,7407.4074,0.0000,0,0,0,0,0,0
n012w8-0,n012w8,0,5,500000,100.0,adaptive,2026-07-04T12:35:58+01:00,8,4,84,53578,137,22.754956,1845,1855,1845,10,0.5391,LOCAL_BEST,1,777,8861,88281,28662,201,196,1,510.2041,10000.0000,0,0,0,0,0,0
n012w8-0,n012w8,0,5,500000,100.0,adaptive,2026-07-04T12:35:58+01:00,8,4,84,53587,137,22.749298,1840,1845,1840,5,0.2710,LOCAL_BEST,1,777,8861,88303,28669,202,9,0,5555.5556,0.0000,0,0,0,0,0,0
n012w8-0,n012w8,0,5,500000,100.0,adaptive,2026-07-04T12:35:58+01:00,8,4,84,53607,137,22.736730,1830,1840,1830,10,0.5435,LOCAL_BEST,1,777,8862,88348,28686,203,20,0,5000.0000,0.0000,0,0,0,0,0,0
n012w8-0,n012w8,0,5,500000,100.0,adaptive,2026-07-04T12:35:58+01:00,8,4,84,53622,137,22.727308,1825,1830,1825,5,0.2732,LOCAL_BEST,1,777,8862,88359,28699,204,15,0,3333.3333,0.0000,0,0,0,0,0,0
n012w8-0,n012w8,0,5,500000,100.0,adaptive,2026-07-04T12:35:58+01:00,8,5,84,55504,132,0.000000,1580,1590,1580,10,0.6289,LOCAL_BEST,1,777,0,84102,45931,205,1882,-5,53.1350,0.0000,0,0,0,0,0,0
n012w8-0,n012w8,0,5,500000,100.0,adaptive,2026-07-04T12:35:58+01:00,8,4,84,56605,141,20.929170,1820,1825,1820,5,0.2740,LOCAL_BEST,1,777,9059,92783,30976,206,1101,9,45.4133,555.5556,0,0,0,0,0,0
n012w8-0,n012w8,0,5,500000,100.0,adaptive,2026-07-04T12:35:58+01:00,8,4,84,56623,141,20.918763,1810,1820,1810,10,0.5495,LOCAL_BEST,1,777,9061,92818,30989,207,18,0,5555.5556,0.0000,0,0,0,0,0,0
n012w8-0,n012w8,0,5,500000,100.0,adaptive,2026-07-04T12:35:58+01:00,8,4,84,57672,143,20.321137,1780,1810,1780,30,1.6575,LOCAL_BEST,1,777,9132,94372,31778,208,1049,2,285.9867,15000.0000,0,0,0,0,0,0
n012w8-0,n012w8,0,5,500000,100.0,adaptive,2026-07-04T12:35:58+01:00,8,4,84,57733,143,20.286915,1755,1780,1755,25,1.4045,LOCAL_BEST,1,777,9135,94454,31828,209,61,0,4098.3607,0.0000,0,0,0,0,0,0
n012w8-0,n012w8,0,5,500000,100.0,adaptive,2026-07-04T12:35:58+01:00,8,4,84,57797,143,20.251071,1750,1755,1750,5,0.2849,LOCAL_BEST,1,777,9137,94547,31880,210,64,0,781.2500,0.0000,0,0,0,0,0,0
n012w8-0,n012w8,0,5,500000,100.0,adaptive,2026-07-04T12:35:58+01:00,8,4,84,57828,144,20.233732,1705,1750,1705,45,2.5714,LOCAL_BEST,1,777,9138,94585,31906,211,31,1,14516.1290,45000.0000,0,0,0,0,0,0
n012w8-0,n012w8,0,5,500000,100.0,adaptive,2026-07-04T12:35:58+01:00,8,4,84,57853,144,20.219760,1690,1705,1690,15,0.8798,LOCAL_BEST,1,777,9138,94638,31927,212,25,0,6000.0000,0.0000,0,0,0,0,0,0
n012w8-0,n012w8,0,5,500000,100.0,adaptive,2026-07-04T12:35:58+01:00,8,1,84,59333,95,19.409574,1785,1810,1785,25,1.3812,LOCAL_BEST,0,777,9247,97393,33240,213,1480,-49,168.9189,0.0000,0,0,0,0,0,0
n012w8-0,n012w8,0,5,500000,100.0,adaptive,2026-07-04T12:35:58+01:00,8,1,84,59464,95,19.339445,1745,1785,1745,40,2.2409,LOCAL_BEST,0,777,9250,97591,33357,214,131,0,3053.4351,0.0000,0,0,0,0,0,0
n012w8-0,n012w8,0,5,500000,100.0,adaptive,2026-07-04T12:35:58+01:00,8,7,84,64514,208,16.820697,1740,1745,1740,5,0.2865,LOCAL_BEST,2,777,9368,103740,37590,215,5050,113,9.9010,44.2478,0,0,0,0,0,0
n012w8-0,n012w8,0,5,500000,100.0,adaptive,2026-07-04T12:35:58+01:00,8,7,84,64556,208,16.801188,1715,1740,1715,25,1.4368,LOCAL_BEST,2,777,9370,103828,37623,216,42,0,5952.3810,0.0000,0,0,0,0,0,0
n012w8-0,n012w8,0,5,500000,100.0,adaptive,2026-07-04T12:35:58+01:00,8,7,84,64794,208,16.691063,1705,1715,1705,10,0.5831,LOCAL_BEST,2,777,9378,104220,37816,217,238,0,420.1681,0.0000,0,0,0,0,0,0
n012w8-0,n012w8,0,5,500000,100.0,adaptive,2026-07-04T12:35:58+01:00,8,7,84,65931,210,16.174840,1700,1705,1700,5,0.2933,LOCAL_BEST,2,777,9420,105987,38738,218,1137,2,43.9754,2500.0000,0,0,0,0,0,0
n012w8-0,n012w8,0,5,500000,100.0,adaptive,2026-07-04T12:35:58+01:00,8,7,84,65973,210,16.156080,1690,1700,1690,10,0.5882,LOCAL_BEST,2,777,9421,106052,38774,219,42,0,2380.9524,0.0000,0,0,0,0,0,0
n012w8-0,n012w8,0,5,500000,100.0,adaptive,2026-07-04T12:35:58+01:00,8,1,84,66334,106,15.995728,1740,1745,1740,5,0.2865,LOCAL_BEST,0,777,9573,107870,38929,220,361,-104,138.5042,0.0000,0,0,0,0,0,0
n012w8-0,n012w8,0,5,500000,100.0,adaptive,2026-07-04T12:35:58+01:00,8,7,84,66344,210,15.991308,1680,1690,1680,10,0.5917,LOCAL_BEST,2,777,9430,106628,39092,221,10,104,10000.0000,96.1538,0,0,0,0,0,0
n012w8-0,n012w8,0,5,500000,100.0,adaptive,2026-07-04T12:35:58+01:00,8,7,84,66374,210,15.978058,1660,1680,1660,20,1.1905,LOCAL_BEST,2,777,9430,106688,39119,222,30,0,6666.6667,0.0000,0,0,0,0,0,0
n012w8-0,n012w8,0,5,500000,100.0,adaptive,2026-07-04T12:35:58+01:00,8,5,84,66444,153,0.000000,1575,1580,1575,5,0.3165,LOCAL_BEST,1,777,0,99563,55578,223,70,-57,714.2857,0.0000,0,0,0,0,0,0
n012w8-0,n012w8,0,5,500000,100.0,adaptive,2026-07-04T12:35:58+01:00,8,1,84,66974,107,15.715348,1730,1740,1730,10,0.5747,LOCAL_BEST,0,777,9596,108704,39480,224,530,-46,188.6792,0.0000,0,0,0,0,0,0
n012w8-0,n012w8,0,5,500000,100.0,adaptive,2026-07-04T12:35:58+01:00,8,1,84,67350,108,15.552922,1690,1730,1690,40,2.3121,LOCAL_BEST,0,777,9609,109227,39800,225,376,1,1063.8298,40000.0000,0,0,0,0,0,0
n012w8-0,n012w8,0,5,500000,100.0,adaptive,2026-07-04T12:35:58+01:00,8,1,84,67406,108,15.528875,1665,1690,1665,25,1.4793,LOCAL_BEST,0,777,9610,109292,39851,226,56,0,4464.2857,0.0000,0,0,0,0,0,0
n012w8-0,n012w8,0,5,500000,100.0,adaptive,2026-07-04T12:35:58+01:00,8,2,84,67803,108,0.000000,1770,1815,1770,45,2.4793,LOCAL_BEST,0,777,0,110341,42832,227,397,0,1133.5013,0.0000,0,0,0,0,0,0
n012w8-0,n012w8,0,5,500000,100.0,adaptive,2026-07-04T12:35:58+01:00,8,4,84,70952,166,14.079525,1685,1690,1685,5,0.2959,LOCAL_BEST,1,777,9695,114931,42744,228,3149,58,15.8781,86.2069,0,0,0,0,0,0
n012w8-0,n012w8,0,5,500000,100.0,adaptive,2026-07-04T12:35:58+01:00,8,2,84,72110,117,0.000000,1755,1770,1755,15,0.8475,LOCAL_BEST,0,777,0,117082,46349,229,1158,-49,129.5337,0.0000,0,0,0,0,0,0
n012w8-0,n012w8,0,5,500000,100.0,adaptive,2026-07-04T12:35:58+01:00,8,2,84,72794,118,0.000000,1735,1755,1735,20,1.1396,LOCAL_BEST,0,777,0,118155,46907,230,684,1,292.3977,20000.0000,0,0,0,0,0,0
n012w8-0,n012w8,0,5,500000,100.0,adaptive,2026-07-04T12:35:58+01:00,8,5,84,74970,170,0.000000,1570,1575,1570,5,0.3175,LOCAL_BEST,1,777,0,111982,63263,231,2176,52,22.9779,96.1538,0,0,0,0,0,0
n012w8-0,n012w8,0,5,500000,100.0,adaptive,2026-07-04T12:35:58+01:00,8,2,84,78435,129,0.000000,1720,1735,1720,15,0.8646,LOCAL_BEST,0,777,0,126984,51547,232,3465,-41,43.2900,0.0000,0,0,0,0,0,0
n012w8-0,n012w8,0,5,500000,100.0,adaptive,2026-07-04T12:35:58+01:00,8,4,84,79282,187,11.184794,1655,1685,1655,30,1.7804,LOCAL_BEST,1,777,9902,127812,49936,233,847,58,354.1913,517.2414,0,0,0,0,0,0
n012w8-0,n012w8,0,5,500000,100.0,adaptive,2026-07-04T12:35:58+01:00,8,2,84,80413,131,0.000000,1710,1720,1710,10,0.5814,LOCAL_BEST,0,777,0,130097,53188,234,1131,-56,88.4173,0.0000,0,0,0,0,0,0
n012w8-0,n012w8,0,5,500000,100.0,adaptive,2026-07-04T12:35:58+01:00,8,4,84,80548,189,10.800304,1650,1655,1650,5,0.3021,LOCAL_BEST,1,777,9915,129754,51062,235,135,58,370.3704,86.2069,0,0,0,0,0,0
n012w8-0,n012w8,0,5,500000,100.0,adaptive,2026-07-04T12:35:58+01:00,8,7,84,81170,244,10.616271,1655,1660,1655,5,0.3012,LOCAL_BEST,2,777,9838,128994,51751,236,622,55,80.3859,90.9091,0,0,0,0,0,0
n012w8-0,n012w8,0,5,500000,100.0,adaptive,2026-07-04T12:35:58+01:00,8,2,84,81898,133,0.000000,1705,1710,1705,5,0.2924,LOCAL_BEST,0,777,0,132306,54425,237,728,-111,68.6813,0.0000,0,0,0,0,0,0
n012w8-0,n012w8,0,5,500000,100.0,adaptive,2026-07-04T12:35:58+01:00,8,4,84,82028,191,10.367547,1645,1650,1645,5,0.3030,LOCAL_BEST,1,777,9943,131986,52377,238,130,58,384.6154,86.2069,0,0,0,0,0,0
n012w8-0,n012w8,0,5,500000,100.0,adaptive,2026-07-04T12:35:58+01:00,8,7,84,82345,246,10.277134,1640,1655,1640,15,0.9063,LOCAL_BEST,2,777,9856,130738,52790,239,317,55,473.1861,272.7273,0,0,0,0,0,0
n012w8-0,n012w8,0,5,500000,100.0,adaptive,2026-07-04T12:35:58+01:00,8,7,84,82936,248,10.110671,1635,1640,1635,5,0.3049,LOCAL_BEST,2,777,9863,131703,53316,240,591,2,84.6024,2500.0000,0,0,0,0,0,0
n012w8-0,n012w8,0,5,500000,100.0,adaptive,2026-07-04T12:35:58+01:00,8,4,84,83251,193,10.023052,1640,1645,1640,5,0.3040,LOCAL_BEST,1,777,9967,133872,53441,241,315,-55,158.7302,0.0000,0,0,0,0,0,0
n012w8-0,n012w8,0,5,500000,100.0,adaptive,2026-07-04T12:35:58+01:00,8,2,84,83788,137,0.000000,1695,1705,1695,10,0.5865,LOCAL_BEST,0,777,0,135131,56037,242,537,-56,186.2197,0.0000,0,0,0,0,0,0
n012w8-0,n012w8,0,5,500000,100.0,adaptive,2026-07-04T12:35:58+01:00,8,4,84,84577,195,9.662466,1635,1640,1635,5,0.3049,LOCAL_BEST,1,777,9988,135898,54629,243,789,58,63.3714,86.2069,0,0,0,0,0,0
n012w8-0,n012w8,0,5,500000,100.0,adaptive,2026-07-04T12:35:58+01:00,8,4,84,84711,195,9.626757,1630,1635,1630,5,0.3058,LOCAL_BEST,1,777,9991,136075,54748,244,134,0,373.1343,0.0000,0,0,0,0,0,0
n012w8-0,n012w8,0,5,500000,100.0,adaptive,2026-07-04T12:35:58+01:00,8,5,84,84974,185,0.000000,1560,1570,1560,10,0.6369,LOCAL_BEST,1,777,0,126410,72407,245,263,-10,380.2281,0.0000,0,0,0,0,0,0
n012w8-0,n012w8,0,5,500000,100.0,adaptive,2026-07-04T12:35:58+01:00,8,2,84,85801,139,0.000000,1680,1695,1680,15,0.8850,LOCAL_BEST,0,777,0,137993,57697,246,827,-46,181.3785,0.0000,0,0,0,0,0,0
n012w8-0,n012w8,0,5,500000,100.0,adaptive,2026-07-04T12:35:58+01:00,8,5,84,87165,189,0.000000,1555,1560,1555,5,0.3205,LOCAL_BEST,1,777,0,129624,74404,247,1364,50,36.6569,100.0000,0,0,0,0,0,0
n012w8-0,n012w8,0,5,500000,100.0,adaptive,2026-07-04T12:35:58+01:00,8,4,84,87419,199,8.932726,1610,1630,1610,20,1.2270,LOCAL_BEST,1,777,10038,140033,57173,248,254,10,787.4016,2000.0000,0,0,0,0,0,0
n012w8-0,n012w8,0,5,500000,100.0,adaptive,2026-07-04T12:35:58+01:00,8,1,84,89139,147,8.518125,1660,1665,1660,5,0.3003,LOCAL_BEST,0,777,10059,142218,58895,249,1720,-52,29.0698,0.0000,0,0,0,0,0,0
n012w8-0,n012w8,0,5,500000,100.0,adaptive,2026-07-04T12:35:58+01:00,8,4,84,90030,202,8.310975,1595,1610,1595,15,0.9317,LOCAL_BEST,1,777,10062,143867,59566,250,891,55,168.3502,272.7273,0,0,0,0,0,0
n012w8-0,n012w8,0,5,500000,100.0,adaptive,2026-07-04T12:35:58+01:00,8,4,84,90304,203,8.248291,1585,1595,1585,10,0.6270,LOCAL_BEST,1,777,10065,144236,59816,251,274,1,364.9635,10000.0000,0,0,0,0,0,0
n012w8-0,n012w8,0,5,500000,100.0,adaptive,2026-07-04T12:35:58+01:00,8,3,84,92334,177,0.000000,2670,2675,2670,5,0.1869,LOCAL_BEST,0,777,35617,163778,3689,252,2030,-26,24.6305,0.0000,0,0,0,0,0,0
n012w8-0,n012w8,0,5,500000,100.0,adaptive,2026-07-04T12:35:58+01:00,8,3,84,92335,177,0.000000,2625,2670,2625,45,1.6854,LOCAL_BEST,0,777,35617,163778,3689,253,1,0,450000.0000,0.0000,0,0,0,0,0,0
n012w8-0,n012w8,0,5,500000,100.0,adaptive,2026-07-04T12:35:58+01:00,8,3,84,92336,177,0.000000,2615,2625,2615,10,0.3810,LOCAL_BEST,0,777,35617,163778,3689,254,1,0,100000.0000,0.0000,0,0,0,0,0,0
n012w8-0,n012w8,0,5,500000,100.0,adaptive,2026-07-04T12:35:58+01:00,8,5,84,95787,206,0.000000,1545,1555,1545,10,0.6431,LOCAL_BEST,1,777,0,141557,82569,255,3451,29,28.9771,344.8276,0,0,0,0,0,0
n012w8-0,n012w8,0,5,500000,100.0,adaptive,2026-07-04T12:35:58+01:00,8,2,84,98675,160,0.000000,1675,1680,1675,5,0.2976,LOCAL_BEST,0,777,0,156699,69041,256,2888,-46,17.3130,0.0000,0,0,0,0,0,0
n012w8-0,n012w8,0,5,500000,100.0,adaptive,2026-07-04T12:35:58+01:00,8,2,84,102468,166,0.000000,1665,1675,1665,10,0.5970,LOCAL_BEST,0,777,0,162312,72402,257,3793,6,26.3644,1666.6667,0,0,0,0,0,0
n012w8-0,n012w8,0,5,500000,100.0,adaptive,2026-07-04T12:35:58+01:00,8,2,84,102476,166,0.000000,1650,1665,1650,15,0.9009,LOCAL_BEST,0,777,0,162334,72408,258,8,0,18750.0000,0.0000,0,0,0,0,0,0
n012w8-0,n012w8,0,5,500000,100.0,adaptive,2026-07-04T12:35:58+01:00,8,7,84,105732,292,5.385524,1630,1635,1630,5,0.3058,LOCAL_BEST,2,777,10109,166335,73589,259,3256,126,15.3563,39.6825,0,0,0,0,0,0
n012w8-0,n012w8,0,5,500000,100.0,adaptive,2026-07-04T12:35:58+01:00,8,2,84,105832,172,0.000000,1645,1650,1645,5,0.3030,LOCAL_BEST,0,777,0,167166,75392,260,100,-120,500.0000,0.0000,0,0,0,0,0,0
n012w8-0,n012w8,0,5,500000,100.0,adaptive,2026-07-04T12:35:58+01:00,8,2,84,107993,175,0.000000,1640,1645,1640,5,0.3040,LOCAL_BEST,0,777,0,170231,77318,261,2161,3,23.1374,1666.6667,0,0,0,0,0,0
