run_id,instance,seed,beam_width,iterations,temperature,cooling_mode,timestamp,week,worker_id,beam_path,candidate,elapsed_ms,temperature_at_event,current_penalty,previous_best,new_best,improvement,improvement_percent,event_type,branch_depth,seed_used,accepted_worse_count,hard_reject_count,soft_reject_count,discovery_number,cands_since_previous,time_since_previous_ms,improvement_per_10k,improvement_per_second,post_reheat_improved,post_reheat_best_delta,post_reheat_candidates_to_improve,post_reheat_spawned_branch,post_reheat_beat_global,post_reheat_on_winning_lineage
n012w8-0,n012w8,0,5,500000,100.0,adaptive,2026-07-04T12:26:25+01:00,1,3,1,1,1,0.000000,3680,3800,3680,120,3.1579,GLOBAL_BEST,0,42,0,1,0,1,1,1,1200000.0000,120000.0000,0,0,0,0,0,0
n012w8-0,n012w8,0,5,500000,100.0,adaptive,2026-07-04T12:26:25+01:00,1,2,1,1,1,0.000000,3740,3800,3740,60,1.5789,LOCAL_BEST,0,42,0,1,0,2,0,0,0.0000,0.0000,0,0,0,0,0,0
n012w8-0,n012w8,0,5,500000,100.0,adaptive,2026-07-04T12:26:25+01:00,1,3,1,2,1,0.000000,3530,3680,3530,150,4.0761,GLOBAL_BEST,0,42,0,1,0,3,1,0,1500000.0000,0.0000,0,0,0,0,0,0
n012w8-0,n012w8,0,5,500000,100.0,adaptive,2026-07-04T12:26:25+01:00,1,1,1,3,1,99.994474,3585,3800,3585,215,5.6579,LOCAL_BEST,0,42,1,4,0,4,1,0,2150000.0000,0.0000,0,0,0,0,0,0
n012w8-0,n012w8,0,5,500000,100.0,adaptive,2026-07-04T12:26:25+01:00,1,1,1,4,1,99.991711,3485,3585,3485,100,2.7894,LOCAL_BEST,0,42,1,8,0,5,1,0,1000000.0000,0.0000,0,0,0,0,0,0
n012w8-0,n012w8,0,5,500000,100.0,adaptive,2026-07-04T12:26:25+01:00,1,3,1,5,1,0.000000,3380,3530,3380,150,4.2493,GLOBAL_BEST,0,42,0,9,0,6,1,0,1500000.0000,0.0000,0,0,0,0,0,0
n012w8-0,n012w8,0,5,500000,100.0,adaptive,2026-07-04T12:26:25+01:00,1,2,1,5,1,0.000000,3455,3740,3455,285,7.6203,LOCAL_BEST,0,42,0,11,0,7,0,0,0.0000,0.0000,0,0,0,0,0,0
n012w8-0,n012w8,0,5,500000,100.0,adaptive,2026-07-04T12:26:25+01:00,1,3,1,6,1,0.000000,3160,3380,3160,220,6.5089,GLOBAL_BEST,0,42,0,9,0,8,1,0,2200000.0000,0.0000,0,0,0,0,0,0
n012w8-0,n012w8,0,5,500000,100.0,adaptive,2026-07-04T12:26:25+01:00,1,2,1,6,1,0.000000,3425,3455,3425,30,0.8683,LOCAL_BEST,0,42,0,11,0,9,0,0,0.0000,0.0000,0,0,0,0,0,0
n012w8-0,n012w8,0,5,500000,100.0,adaptive,2026-07-04T12:26:25+01:00,1,3,1,7,1,0.000000,3130,3160,3130,30,0.9494,GLOBAL_BEST,0,42,0,12,0,10,1,0,300000.0000,0.0000,0,0,0,0,0,0
n012w8-0,n012w8,0,5,500000,100.0,adaptive,2026-07-04T12:26:25+01:00,1,2,1,9,1,0.000000,3410,3425,3410,15,0.4380,LOCAL_BEST,0,42,0,20,0,11,2,0,75000.0000,0.0000,0,0,0,0,0,0
n012w8-0,n012w8,0,5,500000,100.0,adaptive,2026-07-04T12:26:25+01:00,1,2,1,10,1,0.000000,3350,3410,3350,60,1.7595,LOCAL_BEST,0,42,0,23,0,12,1,0,600000.0000,0.0000,0,0,0,0,0,0
n012w8-0,n012w8,0,5,500000,100.0,adaptive,2026-07-04T12:26:25+01:00,1,2,1,12,1,0.000000,3260,3350,3260,90,2.6866,LOCAL_BEST,0,42,0,23,0,13,2,0,450000.0000,0.0000,0,0,0,0,0,0
n012w8-0,n012w8,0,5,500000,100.0,adaptive,2026-07-04T12:26:25+01:00,1,3,1,13,1,0.000000,3110,3130,3110,20,0.6390,GLOBAL_BEST,0,42,2,16,0,14,1,0,200000.0000,0.0000,0,0,0,0,0,0
n012w8-0,n012w8,0,5,500000,100.0,adaptive,2026-07-04T12:26:25+01:00,1,1,1,13,1,99.966848,3435,3485,3435,50,1.4347,LOCAL_BEST,0,42,5,30,0,15,0,0,0.0000,0.0000,0,0,0,0,0,0
n012w8-0,n012w8,0,5,500000,100.0,adaptive,2026-07-04T12:26:25+01:00,1,2,1,13,1,0.000000,2990,3260,2990,270,8.2822,LOCAL_BEST,0,42,0,24,0,16,0,0,0.0000,0.0000,0,0,0,0,0,0
n012w8-0,n012w8,0,5,500000,100.0,adaptive,2026-07-04T12:26:25+01:00,1,3,1,14,1,0.000000,3005,3110,3005,105,3.3762,GLOBAL_BEST,0,42,2,22,0,17,1,0,1050000.0000,0.0000,0,0,0,0,0,0
n012w8-0,n012w8,0,5,500000,100.0,adaptive,2026-07-04T12:26:25+01:00,1,3,1,15,1,0.000000,2785,3005,2785,220,7.3211,GLOBAL_BEST,0,42,2,23,0,18,1,0,2200000.0000,0.0000,0,0,0,0,0,0
n012w8-0,n012w8,0,5,500000,100.0,adaptive,2026-07-04T12:26:25+01:00,1,1,1,16,1,99.958562,3165,3435,3165,270,7.8603,LOCAL_BEST,0,42,6,33,1,19,1,0,2700000.0000,0.0000,0,0,0,0,0,0
n012w8-0,n012w8,0,5,500000,100.0,adaptive,2026-07-04T12:26:25+01:00,1,3,1,17,1,0.000000,2635,2785,2635,150,5.3860,GLOBAL_BEST,0,42,2,24,1,20,1,0,1500000.0000,0.0000,0,0,0,0,0,0
n012w8-0,n012w8,0,5,500000,100.0,adaptive,2026-07-04T12:26:25+01:00,1,1,1,19,1,99.950277,3045,3165,3045,120,3.7915,LOCAL_BEST,0,42,6,40,2,21,2,0,600000.0000,0.0000,0,0,0,0,0,0
n012w8-0,n012w8,0,5,500000,100.0,adaptive,2026-07-04T12:26:25+01:00,1,2,1,19,1,0.000000,2840,2990,2840,150,5.0167,LOCAL_BEST,0,42,0,34,0,22,0,0,0.0000,0.0000,0,0,0,0,0,0
n012w8-0,n012w8,0,5,500000,100.0,adaptive,2026-07-04T12:26:25+01:00,1,3,1,19,1,0.000000,2605,2635,2605,30,1.1385,GLOBAL_BEST,0,42,2,27,1,23,0,0,0.0000,0.0000,0,0,0,0,0,0
n012w8-0,n012w8,0,5,500000,100.0,adaptive,2026-07-04T12:26:25+01:00,1,1,1,20,1,99.947515,2985,3045,2985,60,1.9704,LOCAL_BEST,0,42,6,43,2,24,1,0,600000.0000,0.0000,0,0,0,0,0,0
n012w8-0,n012w8,0,5,500000,100.0,adaptive,2026-07-04T12:26:25+01:00,1,2,1,20,1,0.000000,2810,2840,2810,30,1.0563,LOCAL_BEST,0,42,0,37,0,25,0,0,0.0000,0.0000,0,0,0,0,0,0
n012w8-0,n012w8,0,5,500000,100.0,adaptive,2026-07-04T12:26:25+01:00,1,3,1,20,1,0.000000,2575,2605,2575,30,1.1516,GLOBAL_BEST,0,42,2,27,1,26,0,0,0.0000,0.0000,0,0,0,0,0,0
n012w8-0,n012w8,0,5,500000,100.0,adaptive,2026-07-04T12:26:25+01:00,1,1,1,21,1,99.944753,2895,2985,2895,90,3.0151,LOCAL_BEST,0,42,6,46,2,27,1,0,900000.0000,0.0000,0,0,0,0,0,0
n012w8-0,n012w8,0,5,500000,100.0,adaptive,2026-07-04T12:26:25+01:00,1,2,1,24,1,0.000000,2510,2810,2510,300,10.6762,GLOBAL_BEST,0,42,0,38,0,28,3,0,1000000.0000,0.0000,0,0,0,0,0,0
n012w8-0,n012w8,0,5,500000,100.0,adaptive,2026-07-04T12:26:25+01:00,1,5,1,24,45,0.000000,785,860,785,75,8.7209,GLOBAL_BEST,1,42,0,33,22,29,0,44,0.0000,1704.5455,0,0,0,0,0,0
n012w8-0,n012w8,0,5,500000,100.0,adaptive,2026-07-04T12:26:25+01:00,1,1,1,25,1,99.933708,2875,2895,2875,20,0.6908,LOCAL_BEST,0,42,7,67,4,30,1,-44,200000.0000,0.0000,0,0,0,0,0,0
n012w8-0,n012w8,0,5,500000,100.0,adaptive,2026-07-04T12:26:25+01:00,1,2,1,28,1,0.000000,2470,2510,2470,40,1.5936,GLOBAL_BEST,0,42,0,42,0,31,3,0,133333.3333,0.0000,0,0,0,0,0,0
n012w8-0,n012w8,0,5,500000,100.0,adaptive,2026-07-04T12:26:25+01:00,1,1,1,29,1,99.922663,2785,2875,2785,90,3.1304,LOCAL_BEST,0,42,8,73,4,32,1,0,900000.0000,0.0000,0,0,0,0,0,0
n012w8-0,n012w8,0,5,500000,100.0,adaptive,2026-07-04T12:26:25+01:00,1,2,1,30,1,0.000000,2415,2470,2415,55,2.2267,LOCAL_BEST,0,42,0,48,0,33,1,0,550000.0000,0.0000,0,0,0,0,0,0
n012w8-0,n012w8,0,5,500000,100.0,adaptive,2026-07-04T12:26:25+01:00,1,2,1,32,1,0.000000,2400,2415,2400,15,0.6211,LOCAL_BEST,0,42,0,54,0,34,2,0,75000.0000,0.0000,0,0,0,0,0,0
n012w8-0,n012w8,0,5,500000,100.0,adaptive,2026-07-04T12:26:25+01:00,1,2,1,34,1,0.000000,2235,2400,2235,165,6.8750,LOCAL_BEST,0,42,0,57,0,35,2,0,825000.0000,0.0000,0,0,0,0,0,0
n012w8-0,n012w8,0,5,500000,100.0,adaptive,2026-07-04T12:26:25+01:00,1,1,1,35,1,99.906099,2695,2785,2695,90,3.2316,LOCAL_BEST,0,42,9,89,4,36,1,0,900000.0000,0.0000,0,0,0,0,0,0
n012w8-0,n012w8,0,5,500000,100.0,adaptive,2026-07-04T12:26:25+01:00,1,1,1,36,1,99.903338,2655,2695,2655,40,1.4842,LOCAL_BEST,0,42,9,93,4,37,1,0,400000.0000,0.0000,0,0,0,0,0,0
n012w8-0,n012w8,0,5,500000,100.0,adaptive,2026-07-04T12:26:25+01:00,1,1,1,37,1,99.900578,2640,2655,2640,15,0.5650,LOCAL_BEST,0,42,9,95,4,38,1,0,150000.0000,0.0000,0,0,0,0,0,0
n012w8-0,n012w8,0,5,500000,100.0,adaptive,2026-07-04T12:26:25+01:00,1,2,1,37,1,0.000000,2220,2235,2220,15,0.6711,LOCAL_BEST,0,42,0,58,0,39,0,0,0.0000,0.0000,0,0,0,0,0,0
n012w8-0,n012w8,0,5,500000,100.0,adaptive,2026-07-04T12:26:25+01:00,1,2,1,38,1,0.000000,2070,2220,2070,150,6.7568,LOCAL_BEST,0,42,0,60,0,40,1,0,1500000.0000,0.0000,0,0,0,0,0,0
n012w8-0,n012w8,0,5,500000,100.0,adaptive,2026-07-04T12:26:25+01:00,1,1,1,43,1,99.884017,2530,2640,2530,110,4.1667,LOCAL_BEST,0,42,11,102,5,41,5,0,220000.0000,0.0000,0,0,0,0,0,0
n012w8-0,n012w8,0,5,500000,100.0,adaptive,2026-07-04T12:26:25+01:00,1,3,1,44,1,0.000000,2460,2575,2460,115,4.4660,LOCAL_BEST,0,42,13,61,1,42,1,0,1150000.0000,0.0000,0,0,0,0,0,0
n012w8-0,n012w8,0,5,500000,100.0,adaptive,2026-07-04T12:26:25+01:00,1,1,1,45,1,99.878497,2350,2530,2350,180,7.1146,GLOBAL_BEST,0,42,12,126,5,43,1,0,1800000.0000,0.0000,0,0,0,0,0,0
n012w8-0,n012w8,0,5,500000,100.0,adaptive,2026-07-04T12:26:25+01:00,1,3,1,45,1,0.000000,2310,2460,2310,150,6.0976,GLOBAL_BEST,0,42,13,61,1,44,0,0,0.0000,0.0000,0,0,0,0,0,0
n012w8-0,n012w8,0,5,500000,100.0,adaptive,2026-07-04T12:26:25+01:00,1,1,1,46,1,99.875738,2320,2350,2320,30,1.2766,GLOBAL_BEST,0,42,12,126,5,45,1,0,300000.0000,0.0000,0,0,0,0,0,0
n012w8-0,n012w8,0,5,500000,100.0,adaptive,2026-07-04T12:26:25+01:00,1,1,1,47,1,99.872978,2290,2320,2290,30,1.2931,GLOBAL_BEST,0,42,12,129,5,46,1,0,300000.0000,0.0000,0,0,0,0,0,0
n012w8-0,n012w8,0,5,500000,100.0,adaptive,2026-07-04T12:26:25+01:00,1,2,1,48,1,0.000000,2040,2070,2040,30,1.4493,LOCAL_BEST,0,42,0,75,0,47,1,0,300000.0000,0.0000,0,0,0,0,0,0
n012w8-0,n012w8,0,5,500000,100.0,adaptive,2026-07-04T12:26:25+01:00,1,2,1,49,1,0.000000,2025,2040,2025,15,0.7353,LOCAL_BEST,0,42,0,76,0,48,1,0,150000.0000,0.0000,0,0,0,0,0,0
n012w8-0,n012w8,0,5,500000,100.0,adaptive,2026-07-04T12:26:25+01:00,1,1,1,50,1,99.864700,2260,2290,2260,30,1.3100,LOCAL_BEST,0,42,12,133,5,49,1,0,300000.0000,0.0000,0,0,0,0,0,0
n012w8-0,n012w8,0,5,500000,100.0,adaptive,2026-07-04T12:26:25+01:00,1,3,1,53,1,0.000000,2260,2310,2260,50,2.1645,GLOBAL_BEST,0,42,16,75,1,50,3,0,166666.6667,0.0000,0,0,0,0,0,0
n012w8-0,n012w8,0,5,500000,100.0,adaptive,2026-07-04T12:26:25+01:00,1,2,1,53,1,0.000000,1995,2025,1995,30,1.4815,LOCAL_BEST,0,42,0,81,0,51,0,0,0.0000,0.0000,0,0,0,0,0,0
n012w8-0,n012w8,0,5,500000,100.0,adaptive,2026-07-04T12:26:25+01:00,1,3,1,55,1,0.000000,2250,2260,2250,10,0.4425,GLOBAL_BEST,0,42,16,82,1,52,2,0,50000.0000,0.0000,0,0,0,0,0,0
n012w8-0,n012w8,0,5,500000,100.0,adaptive,2026-07-04T12:26:25+01:00,1,1,1,55,1,99.850904,2245,2260,2245,15,0.6637,LOCAL_BEST,0,42,13,139,6,53,0,0,0.0000,0.0000,0,0,0,0,0,0
n012w8-0,n012w8,0,5,500000,100.0,adaptive,2026-07-04T12:26:25+01:00,1,3,1,56,1,0.000000,2220,2250,2220,30,1.3333,GLOBAL_BEST,0,42,16,83,1,54,1,0,300000.0000,0.0000,0,0,0,0,0,0
n012w8-0,n012w8,0,5,500000,100.0,adaptive,2026-07-04T12:26:25+01:00,1,1,1,56,1,99.848145,2195,2245,2195,50,2.2272,LOCAL_BEST,0,42,13,139,6,55,0,0,0.0000,0.0000,0,0,0,0,0,0
n012w8-0,n012w8,0,5,500000,100.0,adaptive,2026-07-04T12:26:25+01:00,1,2,1,56,1,0.000000,1815,1995,1815,180,9.0226,LOCAL_BEST,0,42,0,83,0,56,0,0,0.0000,0.0000,0,0,0,0,0,0
n012w8-0,n012w8,0,5,500000,100.0,adaptive,2026-07-04T12:26:25+01:00,1,3,1,57,1,0.000000,2025,2220,2025,195,8.7838,GLOBAL_BEST,0,42,16,84,1,57,1,0,1950000.0000,0.0000,0,0,0,0,0,0
n012w8-0,n012w8,0,5,500000,100.0,adaptive,2026-07-04T12:26:25+01:00,1,1,1,57,1,99.845386,2115,2195,2115,80,3.6446,LOCAL_BEST,0,42,13,145,6,58,0,0,0.0000,0.0000,0,0,0,0,0,0
n012w8-0,n012w8,0,5,500000,100.0,adaptive,2026-07-04T12:26:25+01:00,1,3,1,59,1,0.000000,1905,2025,1905,120,5.9259,GLOBAL_BEST,0,42,16,90,1,59,2,0,600000.0000,0.0000,0,0,0,0,0,0
n012w8-0,n012w8,0,5,500000,100.0,adaptive,2026-07-04T12:26:25+01:00,1,2,1,60,1,0.000000,1800,1815,1800,15,0.8264,LOCAL_BEST,0,42,0,90,0,60,1,0,150000.0000,0.0000,0,0,0,0,0,0
n012w8-0,n012w8,0,5,500000,100.0,adaptive,2026-07-04T12:26:25+01:00,1,1,1,62,1,99.831593,2040,2115,2040,75,3.5461,LOCAL_BEST,0,42,13,147,8,61,2,0,375000.0000,0.0000,0,0,0,0,0,0
n012w8-0,n012w8,0,5,500000,100.0,adaptive,2026-07-04T12:26:25+01:00,1,1,1,68,1,99.815043,2025,2040,2025,15,0.7353,LOCAL_BEST,0,42,14,165,11,62,6,0,25000.0000,0.0000,0,0,0,0,0,0
n012w8-0,n012w8,0,5,500000,100.0,adaptive,2026-07-04T12:26:25+01:00,1,1,1,71,1,99.806770,1965,2025,1965,60,2.9630,LOCAL_BEST,0,42,14,169,13,63,3,0,200000.0000,0.0000,0,0,0,0,0,0
n012w8-0,n012w8,0,5,500000,100.0,adaptive,2026-07-04T12:26:25+01:00,1,1,1,74,1,99.798497,1920,1965,1920,45,2.2901,LOCAL_BEST,0,42,16,175,13,64,3,0,150000.0000,0.0000,0,0,0,0,0,0
n012w8-0,n012w8,0,5,500000,100.0,adaptive,2026-07-04T12:26:25+01:00,1,1,1,75,1,99.795739,1800,1920,1800,120,6.2500,GLOBAL_BEST,0,42,16,179,13,65,1,0,1200000.0000,0.0000,0,0,0,0,0,0
n012w8-0,n012w8,0,5,500000,100.0,adaptive,2026-07-04T12:26:25+01:00,1,1,1,79,1,99.784710,1685,1800,1685,115,6.3889,GLOBAL_BEST,0,42,17,194,14,66,4,0,287500.0000,0.0000,0,0,0,0,0,0
n012w8-0,n012w8,0,5,500000,100.0,adaptive,2026-07-04T12:26:25+01:00,1,1,1,84,1,99.770925,1655,1685,1655,30,1.7804,GLOBAL_BEST,0,42,17,203,16,67,5,0,60000.0000,0.0000,0,0,0,0,0,0
n012w8-0,n012w8,0,5,500000,100.0,adaptive,2026-07-04T12:26:25+01:00,1,1,1,87,1,99.762655,1610,1655,1610,45,2.7190,GLOBAL_BEST,0,42,17,209,18,68,3,0,150000.0000,0.0000,0,0,0,0,0,0
n012w8-0,n012w8,0,5,500000,100.0,adaptive,2026-07-04T12:26:25+01:00,1,1,1,89,1,99.757142,1530,1610,1530,80,4.9689,GLOBAL_BEST,0,42,18,212,18,69,2,0,400000.0000,0.0000,0,0,0,0,0,0
n012w8-0,n012w8,0,5,500000,100.0,adaptive,2026-07-04T12:26:25+01:00,1,1,1,91,1,99.751630,1500,1530,1500,30,1.9608,GLOBAL_BEST,0,42,18,215,18,70,2,0,150000.0000,0.0000,0,0,0,0,0,0
n012w8-0,n012w8,0,5,500000,100.0,adaptive,2026-07-04T12:26:25+01:00,1,1,1,97,1,99.735094,1340,1500,1340,160,10.6667,GLOBAL_BEST,0,42,20,223,19,71,6,0,266666.6667,0.0000,0,0,0,0,0,0
n012w8-0,n012w8,0,5,500000,100.0,adaptive,2026-07-04T12:26:25+01:00,1,8,1,125,101,0.000000,455,470,455,15,3.1915,GLOBAL_BEST,3,42,0,179,114,72,28,100,5357.1429,150.0000,0,0,0,0,0,0
n012w8-0,n012w8,0,5,500000,100.0,adaptive,2026-07-04T12:26:25+01:00,1,5,1,218,45,0.000000,770,785,770,15,1.9108,GLOBAL_BEST,1,42,0,330,188,73,93,-56,1612.9032,0.0000,0,0,0,0,0,0
n012w8-0,n012w8,0,5,500000,100.0,adaptive,2026-07-04T12:26:25+01:00,1,3,1,302,1,0.000000,1845,1905,1845,60,3.1496,LOCAL_BEST,0,42,117,457,7,74,84,-44,7142.8571,0.0000,0,0,0,0,0,0
n012w8-0,n012w8,0,5,500000,100.0,adaptive,2026-07-04T12:26:25+01:00,1,3,1,305,1,0.000000,1790,1845,1790,55,2.9810,LOCAL_BEST,0,42,117,460,7,75,3,0,183333.3333,0.0000,0,0,0,0,0,0
n012w8-0,n012w8,0,5,500000,100.0,adaptive,2026-07-04T12:26:25+01:00,1,5,1,433,45,0.000000,765,770,765,5,0.6494,GLOBAL_BEST,1,42,0,696,358,76,128,44,390.6250,113.6364,0,0,0,0,0,0
n012w8-0,n012w8,0,5,500000,100.0,adaptive,2026-07-04T12:26:25+01:00,1,5,1,478,45,0.000000,750,765,750,15,1.9608,GLOBAL_BEST,1,42,0,767,392,77,45,0,3333.3333,0.0000,0,0,0,0,0,0
n012w8-0,n012w8,0,5,500000,100.0,adaptive,2026-07-04T12:26:25+01:00,1,5,1,518,45,0.000000,730,750,730,20,2.6667,GLOBAL_BEST,1,42,0,816,419,78,40,0,5000.0000,0.0000,0,0,0,0,0,0
n012w8-0,n012w8,0,5,500000,100.0,adaptive,2026-07-04T12:26:25+01:00,1,5,1,520,45,0.000000,700,730,700,30,4.1096,GLOBAL_BEST,1,42,0,818,420,79,2,0,150000.0000,0.0000,0,0,0,0,0,0
n012w8-0,n012w8,0,5,500000,100.0,adaptive,2026-07-04T12:26:25+01:00,1,2,1,562,2,0.000000,1790,1800,1790,10,0.5556,LOCAL_BEST,0,42,0,929,0,80,42,-43,2380.9524,0.0000,0,0,0,0,0,0
n012w8-0,n012w8,0,5,500000,100.0,adaptive,2026-07-04T12:26:25+01:00,1,8,1,594,102,0.000000,440,455,440,15,3.2967,GLOBAL_BEST,3,42,0,986,547,81,32,100,4687.5000,150.0000,0,0,0,0,0,0
n012w8-0,n012w8,0,5,500000,100.0,adaptive,2026-07-04T12:26:25+01:00,1,1,1,648,2,98.228158,1315,1340,1315,25,1.8657,GLOBAL_BEST,0,42,166,1085,200,82,54,-100,4629.6296,0.0000,0,0,0,0,0,0
n012w8-0,n012w8,0,5,500000,100.0,adaptive,2026-07-04T12:26:25+01:00,1,8,1,943,103,0.000000,430,440,430,10,2.2727,GLOBAL_BEST,3,42,0,1578,865,83,295,101,338.9831,99.0099,0,0,0,0,0,0
n012w8-0,n012w8,0,5,500000,100.0,adaptive,2026-07-04T12:26:25+01:00,1,2,1,1009,3,0.000000,1765,1790,1765,25,1.3966,LOCAL_BEST,0,42,0,1828,0,84,66,-100,3787.8788,0.0000,0,0,0,0,0,0
n012w8-0,n012w8,0,5,500000,100.0,adaptive,2026-07-04T12:26:25+01:00,1,2,1,1010,3,0.000000,1705,1765,1705,60,3.3994,LOCAL_BEST,0,42,0,1828,0,85,1,0,600000.0000,0.0000,0,0,0,0,0,0
n012w8-0,n012w8,0,5,500000,100.0,adaptive,2026-07-04T12:26:25+01:00,1,2,1,1011,3,0.000000,1675,1705,1675,30,1.7595,LOCAL_BEST,0,42,0,1829,0,86,1,0,300000.0000,0.0000,0,0,0,0,0,0
n012w8-0,n012w8,0,5,500000,100.0,adaptive,2026-07-04T12:26:25+01:00,1,2,1,1220,3,0.000000,1660,1675,1660,15,0.8955,LOCAL_BEST,0,42,0,2197,26,87,209,0,717.7033,0.0000,0,0,0,0,0,0
n012w8-0,n012w8,0,5,500000,100.0,adaptive,2026-07-04T12:26:25+01:00,1,2,1,1232,3,0.000000,1560,1660,1560,100,6.0241,LOCAL_BEST,0,42,0,2205,26,88,12,0,83333.3333,0.0000,0,0,0,0,0,0
n012w8-0,n012w8,0,5,500000,100.0,adaptive,2026-07-04T12:26:25+01:00,1,5,1,2040,48,0.000000,635,700,635,65,9.2857,GLOBAL_BEST,1,42,0,3085,1645,89,808,45,804.4554,1444.4444,0,0,0,0,0,0
n012w8-0,n012w8,0,5,500000,100.0,adaptive,2026-07-04T12:26:25+01:00,1,2,1,2226,5,0.000000,1550,1560,1550,10,0.6410,LOCAL_BEST,0,42,0,3956,206,90,186,-43,537.6344,0.0000,0,0,0,0,0,0
n012w8-0,n012w8,0,5,500000,100.0,adaptive,2026-07-04T12:26:25+01:00,1,2,1,3148,6,0.000000,1535,1550,1535,15,0.9677,LOCAL_BEST,0,42,0,5531,414,91,922,1,162.6898,15000.0000,0,0,0,0,0,0
n012w8-0,n012w8,0,5,500000,100.0,adaptive,2026-07-04T12:26:25+01:00,1,1,1,3944,8,89.677605,1300,1315,1300,15,1.1407,GLOBAL_BEST,0,42,992,6753,1305,92,796,2,188.4422,7500.0000,0,0,0,0,0,0
n012w8-0,n012w8,0,5,500000,100.0,adaptive,2026-07-04T12:26:25+01:00,1,1,1,3952,8,89.657784,1280,1300,1280,20,1.5385,GLOBAL_BEST,0,42,992,6759,1312,93,8,0,25000.0000,0.0000,0,0,0,0,0,0
n012w8-0,n012w8,0,5,500000,100.0,adaptive,2026-07-04T12:26:25+01:00,1,1,1,4099,8,89.294354,1235,1280,1235,45,3.5156,GLOBAL_BEST,0,42,1031,6994,1370,94,147,0,3061.2245,0.0000,0,0,0,0,0,0
n012w8-0,n012w8,0,5,500000,100.0,adaptive,2026-07-04T12:26:25+01:00,1,2,1,4150,8,0.000000,1465,1535,1465,70,4.5603,LOCAL_BEST,0,42,0,7211,651,95,51,0,13725.4902,0.0000,0,0,0,0,0,0
n012w8-0,n012w8,0,5,500000,100.0,adaptive,2026-07-04T12:26:25+01:00,1,2,1,4152,8,0.000000,1435,1465,1435,30,2.0478,LOCAL_BEST,0,42,0,7222,651,96,2,0,150000.0000,0.0000,0,0,0,0,0,0
n012w8-0,n012w8,0,5,500000,100.0,adaptive,2026-07-04T12:26:25+01:00,1,1,1,5062,9,86.949682,1220,1235,1220,15,1.2146,GLOBAL_BEST,0,42,1242,8584,1760,97,910,1,164.8352,15000.0000,0,0,0,0,0,0
n012w8-0,n012w8,0,5,500000,100.0,adaptive,2026-07-04T12:26:25+01:00,1,1,1,5064,9,86.944878,1165,1220,1165,55,4.5082,GLOBAL_BEST,0,42,1243,8584,1760,98,2,0,275000.0000,0.0000,0,0,0,0,0,0
n012w8-0,n012w8,0,5,500000,100.0,adaptive,2026-07-04T12:26:25+01:00,1,1,1,5069,9,86.932866,1075,1165,1075,90,7.7253,GLOBAL_BEST,0,42,1244,8591,1761,99,5,0,180000.0000,0.0000,0,0,0,0,0,0
n012w8-0,n012w8,0,5,500000,100.0,adaptive,2026-07-04T12:26:25+01:00,1,1,1,5081,9,86.904047,1070,1075,1070,5,0.4651,GLOBAL_BEST,0,42,1244,8601,1772,100,12,0,4166.6667,0.0000,0,0,0,0,0,0
n012w8-0,n012w8,0,5,500000,100.0,adaptive,2026-07-04T12:26:25+01:00,1,1,1,5083,9,86.899244,1040,1070,1040,30,2.8037,GLOBAL_BEST,0,42,1244,8603,1773,101,2,0,150000.0000,0.0000,0,0,0,0,0,0
n012w8-0,n012w8,0,5,500000,100.0,adaptive,2026-07-04T12:26:25+01:00,1,1,1,5093,9,86.875237,965,1040,965,75,7.2115,GLOBAL_BEST,0,42,1245,8611,1780,102,10,0,75000.0000,0.0000,0,0,0,0,0,0
n012w8-0,n012w8,0,5,500000,100.0,adaptive,2026-07-04T12:26:25+01:00,1,1,1,5094,9,86.872836,950,965,950,15,1.5544,GLOBAL_BEST,0,42,1245,8611,1780,103,1,0,150000.0000,0.0000,0,0,0,0,0,0
n012w8-0,n012w8,0,5,500000,100.0,adaptive,2026-07-04T12:26:25+01:00,1,2,1,5328,10,0.000000,1400,1435,1400,35,2.4390,LOCAL_BEST,0,42,0,9244,996,104,234,1,1495.7265,35000.0000,0,0,0,0,0,0
n012w8-0,n012w8,0,5,500000,100.0,adaptive,2026-07-04T12:26:25+01:00,1,3,1,5540,10,0.000000,1740,1790,1740,50,2.7933,LOCAL_BEST,0,42,2101,9777,221,105,212,0,2358.4906,0.0000,0,0,0,0,0,0
n012w8-0,n012w8,0,5,500000,100.0,adaptive,2026-07-04T12:26:25+01:00,1,3,1,5545,10,0.000000,1605,1740,1605,135,7.7586,LOCAL_BEST,0,42,2102,9791,221,106,5,0,270000.0000,0.0000,0,0,0,0,0,0
n012w8-0,n012w8,0,5,500000,100.0,adaptive,2026-07-04T12:26:25+01:00,1,3,1,5547,10,0.000000,1455,1605,1455,150,9.3458,LOCAL_BEST,0,42,2102,9791,221,107,2,0,750000.0000,0.0000,0,0,0,0,0,0
n012w8-0,n012w8,0,5,500000,100.0,adaptive,2026-07-04T12:26:25+01:00,1,2,1,7612,14,0.000000,1390,1400,1390,10,0.7143,LOCAL_BEST,0,42,0,12927,1908,108,2065,4,48.4262,2500.0000,0,0,0,0,0,0
n012w8-0,n012w8,0,5,500000,100.0,adaptive,2026-07-04T12:26:25+01:00,1,2,1,7616,14,0.000000,1360,1390,1360,30,2.1583,LOCAL_BEST,0,42,0,12931,1908,109,4,0,75000.0000,0.0000,0,0,0,0,0,0
n012w8-0,n012w8,0,5,500000,100.0,adaptive,2026-07-04T12:26:25+01:00,1,5,1,8073,58,0.000000,620,635,620,15,2.3622,GLOBAL_BEST,1,42,0,12235,6737,110,457,44,328.2276,340.9091,0,0,0,0,0,0
n012w8-0,n012w8,0,5,500000,100.0,adaptive,2026-07-04T12:26:25+01:00,1,3,1,9425,17,0.000000,1345,1455,1345,110,7.5601,LOCAL_BEST,0,42,3589,16763,386,111,1352,-41,813.6095,0.0000,0,0,0,0,0,0
n012w8-0,n012w8,0,5,500000,100.0,adaptive,2026-07-04T12:26:25+01:00,1,3,1,9426,17,0.000000,1210,1345,1210,135,10.0372,LOCAL_BEST,0,42,3589,16764,386,112,1,0,1350000.0000,0.0000,0,0,0,0,0,0
n012w8-0,n012w8,0,5,500000,100.0,adaptive,2026-07-04T12:26:25+01:00,1,3,1,9427,17,0.000000,1195,1210,1195,15,1.2397,LOCAL_BEST,0,42,3589,16769,386,113,1,0,150000.0000,0.0000,0,0,0,0,0,0
n012w8-0,n012w8,0,5,500000,100.0,adaptive,2026-07-04T12:26:25+01:00,1,2,1,9542,17,0.000000,1355,1360,1355,5,0.3676,LOCAL_BEST,0,42,0,16095,2744,114,115,0,434.7826,0.0000,0,0,0,0,0,0
n012w8-0,n012w8,0,5,500000,100.0,adaptive,2026-07-04T12:26:25+01:00,1,2,1,11212,20,0.000000,1350,1355,1350,5,0.3690,LOCAL_BEST,0,42,0,18809,3525,115,1670,3,29.9401,1666.6667,0,0,0,0,0,0
n012w8-0,n012w8,0,5,500000,100.0,adaptive,2026-07-04T12:26:25+01:00,1,2,1,11268,20,0.000000,1300,1350,1300,50,3.7037,LOCAL_BEST,0,42,0,18906,3553,116,56,0,8928.5714,0.0000,0,0,0,0,0,0
n012w8-0,n012w8,0,5,500000,100.0,adaptive,2026-07-04T12:26:25+01:00,1,2,1,12143,22,0.000000,1255,1300,1255,45,3.4615,LOCAL_BEST,0,42,0,20379,3984,117,875,2,514.2857,22500.0000,0,0,0,0,0,0
n012w8-0,n012w8,0,5,500000,100.0,adaptive,2026-07-04T12:26:25+01:00,1,2,1,12144,22,0.000000,1225,1255,1225,30,2.3904,LOCAL_BEST,0,42,0,20381,3984,118,1,0,300000.0000,0.0000,0,0,0,0,0,0
n012w8-0,n012w8,0,5,500000,100.0,adaptive,2026-07-04T12:26:25+01:00,1,2,1,12554,22,0.000000,1200,1225,1200,25,2.0408,LOCAL_BEST,0,42,0,21002,4181,119,410,0,609.7561,0.0000,0,0,0,0,0,0
n012w8-0,n012w8,0,5,500000,100.0,adaptive,2026-07-04T12:26:25+01:00,1,2,1,12893,23,0.000000,1170,1200,1170,30,2.5000,LOCAL_BEST,0,42,0,21558,4345,120,339,1,884.9558,30000.0000,0,0,0,0,0,0
n012w8-0,n012w8,0,5,500000,100.0,adaptive,2026-07-04T12:26:25+01:00,1,2,1,17217,30,0.000000,1145,1170,1145,25,2.1368,LOCAL_BEST,0,42,0,28709,6613,121,4324,7,57.8168,3571.4286,0,0,0,0,0,0
n012w8-0,n012w8,0,5,500000,100.0,adaptive,2026-07-04T12:26:25+01:00,1,2,1,18332,31,0.000000,1130,1145,1130,15,1.3100,LOCAL_BEST,0,42,0,30535,7249,122,1115,1,134.5291,15000.0000,0,0,0,0,0,0
n012w8-0,n012w8,0,5,500000,100.0,adaptive,2026-07-04T12:26:25+01:00,1,5,1,18576,73,0.000000,590,620,590,30,4.8387,GLOBAL_BEST,1,42,0,27372,15734,123,244,42,1229.5082,714.2857,0,0,0,0,0,0
n012w8-0,n012w8,0,5,500000,100.0,adaptive,2026-07-04T12:26:25+01:00,1,2,1,18675,33,0.000000,1080,1130,1080,50,4.4248,LOCAL_BEST,0,42,0,31090,7434,124,99,-40,5050.5051,0.0000,0,0,0,0,0,0
n012w8-0,n012w8,0,5,500000,100.0,adaptive,2026-07-04T12:26:25+01:00,1,2,1,19567,34,0.000000,1075,1080,1075,5,0.4630,LOCAL_BEST,0,42,0,32518,7953,125,892,1,56.0538,5000.0000,0,0,0,0,0,0
n012w8-0,n012w8,0,5,500000,100.0,adaptive,2026-07-04T12:26:25+01:00,1,2,1,19568,34,0.000000,1045,1075,1045,30,2.7907,LOCAL_BEST,0,42,0,32521,7953,126,1,0,300000.0000,0.0000,0,0,0,0,0,0
n012w8-0,n012w8,0,5,500000,100.0,adaptive,2026-07-04T12:26:25+01:00,1,2,1,19572,34,0.000000,950,1045,950,95,9.0909,LOCAL_BEST,0,42,0,32525,7953,127,4,0,237500.0000,0.0000,0,0,0,0,0,0
n012w8-0,n012w8,0,5,500000,100.0,adaptive,2026-07-04T12:26:25+01:00,1,1,1,21893,38,54.612996,925,950,925,25,2.6316,GLOBAL_BEST,0,42,4596,36814,9376,128,2321,4,107.7122,6250.0000,0,0,0,0,0,0
n012w8-0,n012w8,0,5,500000,100.0,adaptive,2026-07-04T12:26:25+01:00,1,1,1,21895,38,54.609978,885,925,885,40,4.3243,GLOBAL_BEST,0,42,4596,36816,9377,129,2,0,200000.0000,0.0000,0,0,0,0,0,0
n012w8-0,n012w8,0,5,500000,100.0,adaptive,2026-07-04T12:26:25+01:00,1,5,1,24392,84,0.000000,580,590,580,10,1.6949,LOCAL_BEST,1,42,0,36395,20743,130,2497,46,40.0481,217.3913,0,0,0,0,0,0
n012w8-0,n012w8,0,5,500000,100.0,adaptive,2026-07-04T12:26:25+01:00,1,5,1,24644,84,0.000000,565,580,565,15,2.5862,LOCAL_BEST,1,42,0,36777,20950,131,252,0,595.2381,0.0000,0,0,0,0,0,0
n012w8-0,n012w8,0,5,500000,100.0,adaptive,2026-07-04T12:26:25+01:00,1,5,1,24647,84,0.000000,535,565,535,30,5.3097,LOCAL_BEST,1,42,0,36780,20952,132,3,0,100000.0000,0.0000,0,0,0,0,0,0
n012w8-0,n012w8,0,5,500000,100.0,adaptive,2026-07-04T12:26:25+01:00,1,1,1,26098,45,48.622356,860,885,860,25,2.8249,GLOBAL_BEST,0,42,5237,43529,11741,133,1451,-39,172.2950,0.0000,0,0,0,0,0,0
n012w8-0,n012w8,0,5,500000,100.0,adaptive,2026-07-04T12:26:25+01:00,1,1,1,26099,45,48.621013,815,860,815,45,5.2326,GLOBAL_BEST,0,42,5237,43531,11741,134,1,0,450000.0000,0.0000,0,0,0,0,0,0
n012w8-0,n012w8,0,5,500000,100.0,adaptive,2026-07-04T12:26:25+01:00,1,1,1,26114,45,48.600865,800,815,800,15,1.8405,GLOBAL_BEST,0,42,5237,43548,11755,135,15,0,10000.0000,0.0000,0,0,0,0,0,0
n012w8-0,n012w8,0,5,500000,100.0,adaptive,2026-07-04T12:26:25+01:00,1,5,1,26918,88,0.000000,505,535,505,30,5.6075,LOCAL_BEST,1,42,0,40185,22856,136,804,43,373.1343,697.6744,0,0,0,0,0,0
n012w8-0,n012w8,0,5,500000,100.0,adaptive,2026-07-04T12:26:25+01:00,1,2,1,27825,47,0.000000,930,950,930,20,2.1053,LOCAL_BEST,0,42,0,45911,12981,137,907,-41,220.5072,0.0000,0,0,0,0,0,0
n012w8-0,n012w8,0,5,500000,100.0,adaptive,2026-07-04T12:26:25+01:00,1,4,1,29236,95,44.584100,845,860,845,15,1.7442,LOCAL_BEST,1,42,5769,48231,13619,138,1411,48,106.3076,312.5000,0,0,0,0,0,0
n012w8-0,n012w8,0,5,500000,100.0,adaptive,2026-07-04T12:26:25+01:00,1,4,1,29239,95,44.580404,785,845,785,60,7.1006,LOCAL_BEST,1,42,5769,48240,13621,139,3,0,200000.0000,0.0000,0,0,0,0,0,0
n012w8-0,n012w8,0,5,500000,100.0,adaptive,2026-07-04T12:26:25+01:00,1,2,1,30936,53,0.000000,920,930,920,10,1.0753,LOCAL_BEST,0,42,0,50963,15062,140,1697,-42,58.9275,0.0000,0,0,0,0,0,0
n012w8-0,n012w8,0,5,500000,100.0,adaptive,2026-07-04T12:26:25+01:00,1,2,1,33269,57,0.000000,870,920,870,50,5.4348,LOCAL_BEST,0,42,0,54714,16706,141,2333,4,214.3163,12500.0000,0,0,0,0,0,0
n012w8-0,n012w8,0,5,500000,100.0,adaptive,2026-07-04T12:26:25+01:00,1,1,1,34630,59,38.410680,790,800,790,10,1.2500,LOCAL_BEST,0,42,6335,57239,17081,142,1361,2,73.4754,5000.0000,0,0,0,0,0,0
n012w8-0,n012w8,0,5,500000,100.0,adaptive,2026-07-04T12:26:25+01:00,1,2,1,35604,60,0.000000,825,870,825,45,5.1724,LOCAL_BEST,0,42,0,58451,18349,143,974,1,462.0123,45000.0000,0,0,0,0,0,0
n012w8-0,n012w8,0,5,500000,100.0,adaptive,2026-07-04T12:26:25+01:00,1,1,1,37038,63,35.938173,775,790,775,15,1.8987,LOCAL_BEST,0,42,6607,60807,18645,144,1434,3,104.6025,5000.0000,0,0,0,0,0,0
n012w8-0,n012w8,0,5,500000,100.0,adaptive,2026-07-04T12:26:25+01:00,1,1,1,37059,63,35.917326,760,775,760,15,1.9355,LOCAL_BEST,0,42,6611,60836,18659,145,21,0,7142.8571,0.0000,0,0,0,0,0,0
n012w8-0,n012w8,0,5,500000,100.0,adaptive,2026-07-04T12:26:25+01:00,1,1,1,37066,63,35.910380,745,760,745,15,1.9737,LOCAL_BEST,0,42,6611,60862,18664,146,7,0,21428.5714,0.0000,0,0,0,0,0,0
n012w8-0,n012w8,0,5,500000,100.0,adaptive,2026-07-04T12:26:25+01:00,1,4,1,37638,110,35.347280,735,785,735,50,6.3694,LOCAL_BEST,1,42,6788,61973,18985,147,572,47,874.1259,1063.8298,0,0,0,0,0,0
n012w8-0,n012w8,0,5,500000,100.0,adaptive,2026-07-04T12:26:25+01:00,1,1,1,38762,65,34.266362,730,745,730,15,2.0134,LOCAL_BEST,0,42,6773,63616,19867,148,1124,-45,133.4520,0.0000,0,0,0,0,0,0
n012w8-0,n012w8,0,5,500000,100.0,adaptive,2026-07-04T12:26:25+01:00,1,4,1,38957,113,34.082230,730,735,730,5,0.6803,LOCAL_BEST,1,42,6926,63841,19902,149,195,48,256.4103,104.1667,0,0,0,0,0,0
n012w8-0,n012w8,0,5,500000,100.0,adaptive,2026-07-04T12:26:25+01:00,1,5,1,41246,110,0.000000,500,505,500,5,0.9901,LOCAL_BEST,1,42,0,62173,35315,150,2289,-3,21.8436,0.0000,0,0,0,0,0,0
n012w8-0,n012w8,0,5,500000,100.0,adaptive,2026-07-04T12:26:25+01:00,1,1,1,41423,71,31.837283,725,730,725,5,0.6849,LOCAL_BEST,0,42,7018,67915,21751,151,177,-39,282.4859,0.0000,0,0,0,0,0,0
n012w8-0,n012w8,0,5,500000,100.0,adaptive,2026-07-04T12:26:25+01:00,1,2,1,41457,69,0.000000,790,825,790,35,4.2424,LOCAL_BEST,0,42,0,67578,22690,152,34,-2,10294.1176,0.0000,0,0,0,0,0,0
n012w8-0,n012w8,0,5,500000,100.0,adaptive,2026-07-04T12:26:25+01:00,1,5,1,41840,111,0.000000,490,500,490,10,2.0000,LOCAL_BEST,1,42,0,62968,35838,153,383,42,261.0966,238.0952,0,0,0,0,0,0
n012w8-0,n012w8,0,5,500000,100.0,adaptive,2026-07-04T12:26:25+01:00,1,5,1,41900,111,0.000000,475,490,475,15,3.0612,LOCAL_BEST,1,42,0,63045,35891,154,60,0,2500.0000,0.0000,0,0,0,0,0,0
n012w8-0,n012w8,0,5,500000,100.0,adaptive,2026-07-04T12:26:25+01:00,1,1,1,42699,72,30.734348,710,725,710,15,2.0690,LOCAL_BEST,0,42,7123,70034,22682,155,799,-39,187.7347,0.0000,0,0,0,0,0,0
n012w8-0,n012w8,0,5,500000,100.0,adaptive,2026-07-04T12:26:25+01:00,1,1,1,42858,72,30.599618,690,710,690,20,2.8169,LOCAL_BEST,0,42,7132,70249,22808,156,159,0,1257.8616,0.0000,0,0,0,0,0,0
n012w8-0,n012w8,0,5,500000,100.0,adaptive,2026-07-04T12:26:25+01:00,1,1,1,42948,73,30.523617,675,690,675,15,2.1739,LOCAL_BEST,0,42,7138,70419,22878,157,90,1,1666.6667,15000.0000,0,0,0,0,0,0
n012w8-0,n012w8,0,5,500000,100.0,adaptive,2026-07-04T12:26:25+01:00,1,1,1,43041,73,30.445282,660,675,660,15,2.2222,LOCAL_BEST,0,42,7145,70587,22946,158,93,0,1612.9032,0.0000,0,0,0,0,0,0
n012w8-0,n012w8,0,5,500000,100.0,adaptive,2026-07-04T12:26:25+01:00,1,4,1,43372,121,30.168103,705,730,705,25,3.4247,LOCAL_BEST,1,42,7319,70754,23041,159,331,48,755.2870,520.8333,0,0,0,0,0,0
n012w8-0,n012w8,0,5,500000,100.0,adaptive,2026-07-04T12:26:25+01:00,1,2,1,43465,73,0.000000,750,790,750,40,5.0633,LOCAL_BEST,0,42,0,70675,24206,160,93,-48,4301.0753,0.0000,0,0,0,0,0,0
n012w8-0,n012w8,0,5,500000,100.0,adaptive,2026-07-04T12:26:25+01:00,1,4,1,43626,121,29.957116,700,705,700,5,0.7092,LOCAL_BEST,1,42,7331,71125,23243,161,161,48,310.5590,104.1667,0,0,0,0,0,0
n012w8-0,n012w8,0,5,500000,100.0,adaptive,2026-07-04T12:26:25+01:00,1,1,1,43867,74,29.758292,640,660,640,20,3.0303,LOCAL_BEST,0,42,7204,71884,23582,162,241,-47,829.8755,0.0000,0,0,0,0,0,0
n012w8-0,n012w8,0,5,500000,100.0,adaptive,2026-07-04T12:26:25+01:00,1,1,1,43883,74,29.745139,630,640,630,10,1.5625,LOCAL_BEST,0,42,7205,71902,23595,163,16,0,6250.0000,0.0000,0,0,0,0,0,0
n012w8-0,n012w8,0,5,500000,100.0,adaptive,2026-07-04T12:26:25+01:00,1,4,1,44296,122,29.407628,695,700,695,5,0.7143,LOCAL_BEST,1,42,7386,72173,23737,164,413,48,121.0654,104.1667,0,0,0,0,0,0
n012w8-0,n012w8,0,5,500000,100.0,adaptive,2026-07-04T12:26:25+01:00,1,4,1,44854,124,28.957696,680,695,680,15,2.1583,LOCAL_BEST,1,42,7422,73073,24163,165,558,2,268.8172,7500.0000,0,0,0,0,0,0
n012w8-0,n012w8,0,5,500000,100.0,adaptive,2026-07-04T12:26:25+01:00,1,4,1,44863,124,28.950495,650,680,650,30,4.4118,LOCAL_BEST,1,42,7422,73086,24171,166,9,0,33333.3333,0.0000,0,0,0,0,0,0
n012w8-0,n012w8,0,5,500000,100.0,adaptive,2026-07-04T12:26:25+01:00,1,4,1,44879,124,28.937699,635,650,635,15,2.3077,LOCAL_BEST,1,42,7424,73113,24182,167,16,0,9375.0000,0.0000,0,0,0,0,0,0
n012w8-0,n012w8,0,5,500000,100.0,adaptive,2026-07-04T12:26:25+01:00,1,4,1,44906,124,28.916119,620,635,620,15,2.3622,LOCAL_BEST,1,42,7424,73141,24208,168,27,0,5555.5556,0.0000,0,0,0,0,0,0
n012w8-0,n012w8,0,5,500000,100.0,adaptive,2026-07-04T12:26:25+01:00,1,4,1,44913,124,28.910526,560,620,560,60,9.6774,LOCAL_BEST,1,42,7424,73152,24214,169,7,0,85714.2857,0.0000,0,0,0,0,0,0
n012w8-0,n012w8,0,5,500000,100.0,adaptive,2026-07-04T12:26:25+01:00,1,2,1,46194,78,0.000000,720,750,720,30,4.0000,LOCAL_BEST,0,42,0,75035,26255,170,1281,-46,234.1920,0.0000,0,0,0,0,0,0
n012w8-0,n012w8,0,5,500000,100.0,adaptive,2026-07-04T12:26:25+01:00,1,1,1,49348,83,25.576199,615,630,615,15,2.3810,LOCAL_BEST,0,42,7590,80369,27763,171,3154,5,47.5587,3000.0000,0,0,0,0,0,0
n012w8-0,n012w8,0,5,500000,100.0,adaptive,2026-07-04T12:26:25+01:00,1,1,1,49379,83,25.554301,555,615,555,60,9.7561,GLOBAL_BEST,0,42,7590,80405,27792,172,31,0,19354.8387,0.0000,0,0,0,0,0,0
n012w8-0,n012w8,0,5,500000,100.0,adaptive,2026-07-04T12:26:25+01:00,1,1,1,49397,83,25.541594,530,555,530,25,4.5045,GLOBAL_BEST,0,42,7590,80433,27807,173,18,0,13888.8889,0.0000,0,0,0,0,0,0
n012w8-0,n012w8,0,5,500000,100.0,adaptive,2026-07-04T12:26:25+01:00,1,1,1,49411,83,25.531716,500,530,500,30,5.6604,GLOBAL_BEST,0,42,7590,80451,27820,174,14,0,21428.5714,0.0000,0,0,0,0,0,0
n012w8-0,n012w8,0,5,500000,100.0,adaptive,2026-07-04T12:26:25+01:00,1,1,1,49432,83,25.516905,485,500,485,15,3.0000,GLOBAL_BEST,0,42,7590,80489,27839,175,21,0,7142.8571,0.0000,0,0,0,0,0,0
n012w8-0,n012w8,0,5,500000,100.0,adaptive,2026-07-04T12:26:25+01:00,1,4,1,52361,137,23.533147,550,560,550,10,1.7857,LOCAL_BEST,1,42,7871,84623,30070,176,2929,54,34.1413,185.1852,0,0,0,0,0,0
n012w8-0,n012w8,0,5,500000,100.0,adaptive,2026-07-04T12:26:25+01:00,1,4,1,52403,137,23.505852,535,550,535,15,2.7273,LOCAL_BEST,1,42,7874,84700,30105,177,42,0,3571.4286,0.0000,0,0,0,0,0,0
n012w8-0,n012w8,0,5,500000,100.0,adaptive,2026-07-04T12:26:25+01:00,1,4,1,52404,137,23.505203,520,535,520,15,2.8037,LOCAL_BEST,1,42,7874,84700,30105,178,1,0,150000.0000,0.0000,0,0,0,0,0,0
n012w8-0,n012w8,0,5,500000,100.0,adaptive,2026-07-04T12:26:25+01:00,1,4,1,52421,137,23.494164,505,520,505,15,2.8846,LOCAL_BEST,1,42,7874,84715,30120,179,17,0,8823.5294,0.0000,0,0,0,0,0,0
n012w8-0,n012w8,0,5,500000,100.0,adaptive,2026-07-04T12:26:25+01:00,1,5,1,52612,127,0.000000,470,475,470,5,1.0526,LOCAL_BEST,1,42,0,79263,45557,180,191,-10,261.7801,0.0000,0,0,0,0,0,0
n012w8-0,n012w8,0,5,500000,100.0,adaptive,2026-07-04T12:26:25+01:00,1,2,1,53344,89,0.000000,690,720,690,30,4.1667,LOCAL_BEST,0,42,0,86108,31813,181,732,-38,409.8361,0.0000,0,0,0,0,0,0
n012w8-0,n012w8,0,5,500000,100.0,adaptive,2026-07-04T12:26:25+01:00,1,2,1,53769,90,0.000000,675,690,675,15,2.1739,LOCAL_BEST,0,42,0,86734,32154,182,425,1,352.9412,15000.0000,0,0,0,0,0,0
n012w8-0,n012w8,0,5,500000,100.0,adaptive,2026-07-04T12:26:25+01:00,1,2,1,58084,97,0.000000,650,675,650,25,3.7037,LOCAL_BEST,0,42,0,93529,35660,183,4315,7,57.9374,3571.4286,0,0,0,0,0,0
n012w8-0,n012w8,0,5,500000,100.0,adaptive,2026-07-04T12:26:25+01:00,1,1,1,59647,100,19.241902,470,485,470,15,3.0928,GLOBAL_BEST,0,42,8058,96439,36226,184,1563,3,95.9693,5000.0000,0,0,0,0,0,0
n012w8-0,n012w8,0,5,500000,100.0,adaptive,2026-07-04T12:26:25+01:00,1,2,1,60068,100,0.000000,615,650,615,35,5.3846,LOCAL_BEST,0,42,0,96733,37202,185,421,0,831.3539,0.0000,0,0,0,0,0,0
n012w8-0,n012w8,0,5,500000,100.0,adaptive,2026-07-04T12:26:25+01:00,1,1,1,61196,102,18.435716,460,470,460,10,2.1277,LOCAL_BEST,0,42,8098,98995,37560,186,1128,2,88.6525,5000.0000,0,0,0,0,0,0
n012w8-0,n012w8,0,5,500000,100.0,adaptive,2026-07-04T12:26:25+01:00,1,1,1,61238,102,18.414333,445,460,445,15,3.2609,LOCAL_BEST,0,42,8098,99073,37600,187,42,0,3571.4286,0.0000,0,0,0,0,0,0
n012w8-0,n012w8,0,5,500000,100.0,adaptive,2026-07-04T12:26:25+01:00,1,1,1,63881,106,17.117487,440,445,440,5,1.1236,LOCAL_BEST,0,42,8170,103225,39877,188,2643,4,18.9179,1250.0000,0,0,0,0,0,0
n012w8-0,n012w8,0,5,500000,100.0,adaptive,2026-07-04T12:26:25+01:00,1,5,1,64079,144,0.000000,445,470,445,25,5.3191,LOCAL_BEST,1,42,0,96655,56008,189,198,38,1262.6263,657.8947,0,0,0,0,0,0
n012w8-0,n012w8,0,5,500000,100.0,adaptive,2026-07-04T12:26:25+01:00,1,4,1,66033,159,16.129318,500,505,500,5,0.9901,LOCAL_BEST,1,42,8403,104897,41453,190,1954,15,25.5885,333.3333,0,0,0,0,0,0
n012w8-0,n012w8,0,5,500000,100.0,adaptive,2026-07-04T12:26:25+01:00,1,4,1,66057,159,16.118625,485,500,485,15,3.0000,LOCAL_BEST,1,42,8403,104934,41476,191,24,0,6250.0000,0.0000,0,0,0,0,0,0
n012w8-0,n012w8,0,5,500000,100.0,adaptive,2026-07-04T12:26:25+01:00,1,2,1,66626,110,0.000000,590,615,590,25,4.0650,LOCAL_BEST,0,42,0,106891,42513,192,569,-49,439.3673,0.0000,0,0,0,0,0,0
n012w8-0,n012w8,0,5,500000,100.0,adaptive,2026-07-04T12:26:25+01:00,1,4,1,67097,160,15.662028,480,485,480,5,1.0309,LOCAL_BEST,1,42,8425,106495,42375,193,471,50,106.1571,100.0000,0,0,0,0,0,0
n012w8-0,n012w8,0,5,500000,100.0,adaptive,2026-07-04T12:26:25+01:00,1,4,1,68152,163,15.212059,465,480,465,15,3.1250,LOCAL_BEST,1,42,8446,108060,43306,194,1055,3,142.1801,5000.0000,0,0,0,0,0,0
n012w8-0,n012w8,0,5,500000,100.0,adaptive,2026-07-04T12:26:25+01:00,1,2,1,69174,114,0.000000,585,590,585,5,0.8475,LOCAL_BEST,0,42,0,110785,44574,195,1022,-49,48.9237,0.0000,0,0,0,0,0,0
n012w8-0,n012w8,0,5,500000,100.0,adaptive,2026-07-04T12:26:25+01:00,1,2,1,69409,114,0.000000,560,585,560,25,4.2735,LOCAL_BEST,0,42,0,111158,44757,196,235,0,1063.8298,0.0000,0,0,0,0,0,0
n012w8-0,n012w8,0,5,500000,100.0,adaptive,2026-07-04T12:26:25+01:00,1,4,1,70589,167,14.221454,450,465,450,15,3.2258,LOCAL_BEST,1,42,8492,111821,45440,197,1180,53,127.1186,283.0189,0,0,0,0,0,0
n012w8-0,n012w8,0,5,500000,100.0,adaptive,2026-07-04T12:26:25+01:00,1,2,1,71716,118,0.000000,545,560,545,15,2.6786,LOCAL_BEST,0,42,0,114412,46716,198,1127,-49,133.0967,0.0000,0,0,0,0,0,0
n012w8-0,n012w8,0,5,500000,100.0,adaptive,2026-07-04T12:26:25+01:00,1,2,1,72360,119,0.000000,540,545,540,5,0.9174,LOCAL_BEST,0,42,0,115414,47261,199,644,1,77.6398,5000.0000,0,0,0,0,0,0
n012w8-0,n012w8,0,5,500000,100.0,adaptive,2026-07-04T12:26:25+01:00,1,7,1,76064,234,12.224863,460,470,460,10,2.1277,LOCAL_BEST,2,42,8701,120081,50525,200,3704,115,26.9978,86.9565,0,0,0,0,0,0
n012w8-0,n012w8,0,5,500000,100.0,adaptive,2026-07-04T12:26:25+01:00,1,2,1,79267,130,0.000000,500,540,500,40,7.4074,LOCAL_BEST,0,42,0,125547,53180,201,3203,-104,124.8829,0.0000,0,0,0,0,0,0
n012w8-0,n012w8,0,5,500000,100.0,adaptive,2026-07-04T12:26:25+01:00,1,2,1,87174,143,0.000000,495,500,495,5,1.0000,LOCAL_BEST,0,42,0,137762,60080,202,7907,13,6.3235,384.6154,0,0,0,0,0,0
n012w8-0,n012w8,0,5,500000,100.0,adaptive,2026-07-04T12:26:25+01:00,1,4,1,89550,201,8.421937,440,450,440,10,2.2222,LOCAL_BEST,1,42,8805,139806,62355,203,2376,58,42.0875,172.4138,0,0,0,0,0,0
n012w8-0,n012w8,0,5,500000,100.0,adaptive,2026-07-04T12:26:25+01:00,1,2,1,89732,147,0.000000,480,495,480,15,3.0303,LOCAL_BEST,0,42,0,141723,62345,204,182,-54,824.1758,0.0000,0,0,0,0,0,0
n012w8-0,n012w8,0,5,500000,100.0,adaptive,2026-07-04T12:26:25+01:00,1,2,1,89770,147,0.000000,470,480,470,10,2.0833,LOCAL_BEST,0,42,0,141773,62376,205,38,0,2631.5789,0.0000,0,0,0,0,0,0
n012w8-0,n012w8,0,5,500000,100.0,adaptive,2026-07-04T12:26:25+01:00,1,4,1,89824,201,8.358416,435,440,435,5,1.1364,LOCAL_BEST,1,42,8806,140175,62604,206,54,54,925.9259,92.5926,0,0,0,0,0,0
n012w8-0,n012w8,0,5,500000,100.0,adaptive,2026-07-04T12:26:25+01:00,1,2,1,98805,163,0.000000,455,470,455,15,3.1915,LOCAL_BEST,0,42,0,155021,70425,207,8981,-38,16.7019,0.0000,0,0,0,0,0,0
n012w8-0,n012w8,0,5,500000,100.0,adaptive,2026-07-04T12:26:25+01:00,1,2,1,112091,183,0.000000,450,455,450,5,1.0989,LOCAL_BEST,0,42,0,175166,82587,208,13286,20,3.7634,250.0000,0,0,0,0,0,0
n012w8-0,n012w8,0,5,500000,100.0,adaptive,2026-07-04T12:26:25+01:00,1,1,1,113881,191,4.299599,445,440,440,0,0.0000,REHEAT,0,42,8685,179404,85209,209,1790,8,0.0000,0.0000,0,0,0,0,0,0
n012w8-0,n012w8,0,5,500000,100.0,adaptive,2026-07-04T12:26:25+01:00,1,2,1,117591,190,0.000000,445,450,445,5,1.1111,LOCAL_BEST,0,42,0,183356,87656,210,3710,-1,13.4771,0.0000,0,0,0,0,0,0
n012w8-0,n012w8,0,5,500000,100.0,adaptive,2026-07-04T12:26:25+01:00,1,2,1,120536,195,0.000000,435,445,435,10,2.2472,LOCAL_BEST,0,42,0,187925,90344,211,2945,5,33.9559,2000.0000,0,0,0,0,0,0
n012w8-0,n012w8,0,5,500000,100.0,adaptive,2026-07-04T12:26:25+01:00,1,1,1,163881,288,25.118864,590,440,440,0,0.0000,REHEAT,0,42,16471,260997,113418,212,43345,93,0.0000,0.0000,0,0,0,0,0,0
n012w8-0,n012w8,0,5,500000,100.0,adaptive,2026-07-04T12:26:25+01:00,1,1,1,213881,384,25.118864,730,440,440,0,0.0000,REHEAT,0,42,24264,341831,141375,213,50000,96,0.0000,0.0000,0,0,0,0,0,0
n012w8-0,n012w8,0,5,500000,100.0,adaptive,2026-07-04T12:26:25+01:00,1,1,1,263881,469,25.118864,810,440,440,0,0.0000,REHEAT,0,42,32168,422024,169194,214,50000,85,0.0000,0.0000,0,0,0,0,0,0
n012w8-0,n012w8,0,5,500000,100.0,adaptive,2026-07-04T12:26:25+01:00,1,1,1,313881,563,25.118864,760,440,440,0,0.0000,REHEAT,0,42,39826,503499,197664,215,50000,94,0.0000,0.0000,0,0,0,0,0,0
n012w8-0,n012w8,0,5,500000,100.0,adaptive,2026-07-04T12:26:25+01:00,1,1,1,363881,655,25.118864,1190,440,440,0,0.0000,REHEAT,0,42,47607,585822,225857,216,50000,92,0.0000,0.0000,0,0,0,0,0,0
n012w8-0,n012w8,0,5,500000,100.0,adaptive,2026-07-04T12:26:25+01:00,1,1,1,413881,755,25.118864,800,440,440,0,0.0000,REHEAT,0,42,55251,665596,254043,217,50000,100,0.0000,0.0000,0,0,0,0,0,0
n012w8-0,n012w8,0,5,500000,100.0,adaptive,2026-07-04T12:26:25+01:00,1,1,1,463881,841,25.118864,675,440,440,0,0.0000,REHEAT,0,42,62964,747355,282254,218,50000,86,0.0000,0.0000,0,0,0,0,0,0
n012w8-0,n012w8,0,5,500000,100.0,adaptive,2026-07-04T12:26:25+01:00,2,3,12,1,1,0.000000,3620,3770,3620,150,3.9788,GLOBAL_BEST,0,777,0,0,0,1,1,1,1500000.0000,150000.0000,0,0,0,0,0,0
n012w8-0,n012w8,0,5,500000,100.0,adaptive,2026-07-04T12:26:25+01:00,2,2,12,1,1,0.000000,3710,3770,3710,60,1.5915,LOCAL_BEST,0,777,0,5,0,2,0,0,0.0000,0.0000,0,0,0,0,0,0
n012w8-0,n012w8,0,5,500000,100.0,adaptive,2026-07-04T12:26:25+01:00,2,2,12,2,1,0.000000,3515,3710,3515,195,5.2561,LOCAL_BEST,0,777,0,5,0,3,1,0,1950000.0000,0.0000,0,0,0,0,0,0
n012w8-0,n012w8,0,5,500000,100.0,adaptive,2026-07-04T12:26:25+01:00,2,4,12,2,50,99.997237,650,660,650,10,1.5152,GLOBAL_BEST,1,777,0,0,1,4,0,49,0.0000,204.0816,0,0,0,0,0,0
n012w8-0,n012w8,0,5,500000,100.0,adaptive,2026-07-04T12:26:25+01:00,2,2,12,3,1,0.000000,3505,3515,3505,10,0.2845,LOCAL_BEST,0,777,0,9,0,5,1,-49,100000.0000,0.0000,0,0,0,0,0,0
n012w8-0,n012w8,0,5,500000,100.0,adaptive,2026-07-04T12:26:25+01:00,2,4,12,3,50,99.994474,635,650,635,15,2.3077,GLOBAL_BEST,1,777,0,0,1,6,0,49,0.0000,306.1224,0,0,0,0,0,0
n012w8-0,n012w8,0,5,500000,100.0,adaptive,2026-07-04T12:26:25+01:00,2,1,12,4,1,99.991711,3760,3770,3760,10,0.2653,LOCAL_BEST,0,777,0,10,0,7,1,-49,100000.0000,0.0000,0,0,0,0,0,0
n012w8-0,n012w8,0,5,500000,100.0,adaptive,2026-07-04T12:26:25+01:00,2,3,12,4,1,0.000000,3595,3620,3595,25,0.6906,GLOBAL_BEST,0,777,1,10,0,8,0,0,0.0000,0.0000,0,0,0,0,0,0
n012w8-0,n012w8,0,5,500000,100.0,adaptive,2026-07-04T12:26:25+01:00,2,2,12,4,1,0.000000,3265,3505,3265,240,6.8474,LOCAL_BEST,0,777,0,10,0,9,0,0,0.0000,0.0000,0,0,0,0,0,0
n012w8-0,n012w8,0,5,500000,100.0,adaptive,2026-07-04T12:26:25+01:00,2,1,12,5,1,99.988948,3730,3760,3730,30,0.7979,LOCAL_BEST,0,777,0,12,0,10,1,0,300000.0000,0.0000,0,0,0,0,0,0
n012w8-0,n012w8,0,5,500000,100.0,adaptive,2026-07-04T12:26:25+01:00,2,3,12,5,1,0.000000,3415,3595,3415,180,5.0070,GLOBAL_BEST,0,777,1,10,0,11,0,0,0.0000,0.0000,0,0,0,0,0,0
n012w8-0,n012w8,0,5,500000,100.0,adaptive,2026-07-04T12:26:25+01:00,2,3,12,6,1,0.000000,3115,3415,3115,300,8.7848,GLOBAL_BEST,0,777,1,12,0,12,1,0,3000000.0000,0.0000,0,0,0,0,0,0
n012w8-0,n012w8,0,5,500000,100.0,adaptive,2026-07-04T12:26:25+01:00,2,2,12,6,1,0.000000,3015,3265,3015,250,7.6570,LOCAL_BEST,0,777,0,21,0,13,0,0,0.0000,0.0000,0,0,0,0,0,0
n012w8-0,n012w8,0,5,500000,100.0,adaptive,2026-07-04T12:26:25+01:00,2,3,12,7,1,0.000000,3045,3115,3045,70,2.2472,GLOBAL_BEST,0,777,1,13,0,14,1,0,700000.0000,0.0000,0,0,0,0,0,0
n012w8-0,n012w8,0,5,500000,100.0,adaptive,2026-07-04T12:26:25+01:00,2,2,12,7,1,0.000000,2940,3015,2940,75,2.4876,GLOBAL_BEST,0,777,0,21,0,15,0,0,0.0000,0.0000,0,0,0,0,0,0
n012w8-0,n012w8,0,5,500000,100.0,adaptive,2026-07-04T12:26:25+01:00,2,3,12,8,1,0.000000,2970,3045,2970,75,2.4631,GLOBAL_BEST,0,777,1,15,0,16,1,0,750000.0000,0.0000,0,0,0,0,0,0
n012w8-0,n012w8,0,5,500000,100.0,adaptive,2026-07-04T12:26:25+01:00,2,2,12,10,1,0.000000,2910,2940,2910,30,1.0204,GLOBAL_BEST,0,777,0,23,0,17,2,0,150000.0000,0.0000,0,0,0,0,0,0
n012w8-0,n012w8,0,5,500000,100.0,adaptive,2026-07-04T12:26:25+01:00,2,1,12,11,1,99.972373,3570,3730,3570,160,4.2895,LOCAL_BEST,0,777,1,21,0,18,1,0,1600000.0000,0.0000,0,0,0,0,0,0
n012w8-0,n012w8,0,5,500000,100.0,adaptive,2026-07-04T12:26:25+01:00,2,2,12,11,1,0.000000,2820,2910,2820,90,3.0928,LOCAL_BEST,0,777,0,25,0,19,0,0,0.0000,0.0000,0,0,0,0,0,0
n012w8-0,n012w8,0,5,500000,100.0,adaptive,2026-07-04T12:26:25+01:00,2,8,12,11,89,0.000000,300,330,300,30,9.0909,GLOBAL_BEST,3,777,0,7,10,20,0,88,0.0000,340.9091,0,0,0,0,0,0
n012w8-0,n012w8,0,5,500000,100.0,adaptive,2026-07-04T12:26:25+01:00,2,1,12,12,1,99.969610,3540,3570,3540,30,0.8403,LOCAL_BEST,0,777,1,29,0,21,1,-88,300000.0000,0.0000,0,0,0,0,0,0
n012w8-0,n012w8,0,5,500000,100.0,adaptive,2026-07-04T12:26:25+01:00,2,1,12,14,1,99.964086,3530,3540,3530,10,0.2825,LOCAL_BEST,0,777,2,34,0,22,2,0,50000.0000,0.0000,0,0,0,0,0,0
n012w8-0,n012w8,0,5,500000,100.0,adaptive,2026-07-04T12:26:25+01:00,2,5,12,14,50,0.000000,630,660,630,30,4.5455,GLOBAL_BEST,1,777,0,22,12,23,0,49,0.0000,612.2449,0,0,0,0,0,0
n012w8-0,n012w8,0,5,500000,100.0,adaptive,2026-07-04T12:26:25+01:00,2,1,12,15,1,99.961324,3380,3530,3380,150,4.2493,LOCAL_BEST,0,777,2,37,0,24,1,-49,1500000.0000,0.0000,0,0,0,0,0,0
n012w8-0,n012w8,0,5,500000,100.0,adaptive,2026-07-04T12:26:25+01:00,2,5,12,16,50,0.000000,615,630,615,15,2.3810,GLOBAL_BEST,1,777,0,25,13,25,1,49,150000.0000,306.1224,0,0,0,0,0,0
n012w8-0,n012w8,0,5,500000,100.0,adaptive,2026-07-04T12:26:25+01:00,2,2,12,18,1,0.000000,2655,2820,2655,165,5.8511,LOCAL_BEST,0,777,0,38,0,26,2,-49,825000.0000,0.0000,0,0,0,0,0,0
n012w8-0,n012w8,0,5,500000,100.0,adaptive,2026-07-04T12:26:25+01:00,2,5,12,18,50,0.000000,600,615,600,15,2.4390,GLOBAL_BEST,1,777,0,33,14,27,0,49,0.0000,306.1224,0,0,0,0,0,0
n012w8-0,n012w8,0,5,500000,100.0,adaptive,2026-07-04T12:26:25+01:00,2,2,12,22,1,0.000000,2640,2655,2640,15,0.5650,LOCAL_BEST,0,777,0,44,0,28,4,-49,37500.0000,0.0000,0,0,0,0,0,0
n012w8-0,n012w8,0,5,500000,100.0,adaptive,2026-07-04T12:26:25+01:00,2,5,12,22,50,0.000000,585,600,585,15,2.5000,GLOBAL_BEST,1,777,0,34,17,29,0,49,0.0000,306.1224,0,0,0,0,0,0
n012w8-0,n012w8,0,5,500000,100.0,adaptive,2026-07-04T12:26:25+01:00,2,1,12,23,1,99.939230,3020,3380,3020,360,10.6509,LOCAL_BEST,0,777,3,50,0,30,1,-49,3600000.0000,0.0000,0,0,0,0,0,0
n012w8-0,n012w8,0,5,500000,100.0,adaptive,2026-07-04T12:26:25+01:00,2,1,12,24,1,99.936469,2780,3020,2780,240,7.9470,GLOBAL_BEST,0,777,3,50,0,31,1,0,2400000.0000,0.0000,0,0,0,0,0,0
n012w8-0,n012w8,0,5,500000,100.0,adaptive,2026-07-04T12:26:25+01:00,2,3,12,24,1,0.000000,2920,2970,2920,50,1.6835,LOCAL_BEST,0,777,5,29,0,32,0,0,0.0000,0.0000,0,0,0,0,0,0
n012w8-0,n012w8,0,5,500000,100.0,adaptive,2026-07-04T12:26:25+01:00,2,2,12,24,1,0.000000,2610,2640,2610,30,1.1364,LOCAL_BEST,0,777,0,50,0,33,0,0,0.0000,0.0000,0,0,0,0,0,0
n012w8-0,n012w8,0,5,500000,100.0,adaptive,2026-07-04T12:26:25+01:00,2,1,12,26,1,99.930946,2690,2780,2690,90,3.2374,GLOBAL_BEST,0,777,4,51,0,34,2,0,450000.0000,0.0000,0,0,0,0,0,0
n012w8-0,n012w8,0,5,500000,100.0,adaptive,2026-07-04T12:26:25+01:00,2,1,12,27,1,99.928185,2630,2690,2630,60,2.2305,GLOBAL_BEST,0,777,4,51,0,35,1,0,600000.0000,0.0000,0,0,0,0,0,0
n012w8-0,n012w8,0,5,500000,100.0,adaptive,2026-07-04T12:26:25+01:00,2,3,12,28,1,0.000000,2845,2920,2845,75,2.5685,LOCAL_BEST,0,777,6,44,0,36,1,0,750000.0000,0.0000,0,0,0,0,0,0
n012w8-0,n012w8,0,5,500000,100.0,adaptive,2026-07-04T12:26:25+01:00,2,3,12,29,1,0.000000,2680,2845,2680,165,5.7996,LOCAL_BEST,0,777,6,45,0,37,1,0,1650000.0000,0.0000,0,0,0,0,0,0
n012w8-0,n012w8,0,5,500000,100.0,adaptive,2026-07-04T12:26:25+01:00,2,1,12,29,1,99.922663,2570,2630,2570,60,2.2814,GLOBAL_BEST,0,777,4,53,0,38,0,0,0.0000,0.0000,0,0,0,0,0,0
n012w8-0,n012w8,0,5,500000,100.0,adaptive,2026-07-04T12:26:25+01:00,2,3,12,30,1,0.000000,2635,2680,2635,45,1.6791,LOCAL_BEST,0,777,6,45,0,39,1,0,450000.0000,0.0000,0,0,0,0,0,0
n012w8-0,n012w8,0,5,500000,100.0,adaptive,2026-07-04T12:26:25+01:00,2,1,12,30,1,99.919902,2435,2570,2435,135,5.2529,GLOBAL_BEST,0,777,4,54,0,40,0,0,0.0000,0.0000,0,0,0,0,0,0
n012w8-0,n012w8,0,5,500000,100.0,adaptive,2026-07-04T12:26:25+01:00,2,1,12,32,1,99.914381,2415,2435,2415,20,0.8214,GLOBAL_BEST,0,777,5,55,0,41,2,0,100000.0000,0.0000,0,0,0,0,0,0
n012w8-0,n012w8,0,5,500000,100.0,adaptive,2026-07-04T12:26:25+01:00,2,1,12,33,1,99.911620,2355,2415,2355,60,2.4845,GLOBAL_BEST,0,777,5,55,0,42,1,0,600000.0000,0.0000,0,0,0,0,0,0
n012w8-0,n012w8,0,5,500000,100.0,adaptive,2026-07-04T12:26:25+01:00,2,2,12,35,1,0.000000,2345,2610,2345,265,10.1533,LOCAL_BEST,0,777,0,75,0,43,2,0,1325000.0000,0.0000,0,0,0,0,0,0
n012w8-0,n012w8,0,5,500000,100.0,adaptive,2026-07-04T12:26:25+01:00,2,2,12,37,1,0.000000,2315,2345,2315,30,1.2793,LOCAL_BEST,0,777,0,75,0,44,2,0,150000.0000,0.0000,0,0,0,0,0,0
n012w8-0,n012w8,0,5,500000,100.0,adaptive,2026-07-04T12:26:25+01:00,2,1,12,39,1,99.895057,2305,2355,2305,50,2.1231,GLOBAL_BEST,0,777,5,56,2,45,2,0,250000.0000,0.0000,0,0,0,0,0,0
n012w8-0,n012w8,0,5,500000,100.0,adaptive,2026-07-04T12:26:25+01:00,2,2,12,39,1,0.000000,2135,2315,2135,180,7.7754,LOCAL_BEST,0,777,0,76,0,46,0,0,0.0000,0.0000,0,0,0,0,0,0
n012w8-0,n012w8,0,5,500000,100.0,adaptive,2026-07-04T12:26:25+01:00,2,2,12,40,1,0.000000,2120,2135,2120,15,0.7026,LOCAL_BEST,0,777,0,76,0,47,1,0,150000.0000,0.0000,0,0,0,0,0,0
n012w8-0,n012w8,0,5,500000,100.0,adaptive,2026-07-04T12:26:25+01:00,2,1,12,42,1,99.886777,2245,2305,2245,60,2.6030,GLOBAL_BEST,0,777,5,56,2,48,2,0,300000.0000,0.0000,0,0,0,0,0,0
n012w8-0,n012w8,0,5,500000,100.0,adaptive,2026-07-04T12:26:25+01:00,2,2,12,42,1,0.000000,2060,2120,2060,60,2.8302,LOCAL_BEST,0,777,0,79,0,49,0,0,0.0000,0.0000,0,0,0,0,0,0
n012w8-0,n012w8,0,5,500000,100.0,adaptive,2026-07-04T12:26:25+01:00,2,1,12,43,1,99.884017,2185,2245,2185,60,2.6726,GLOBAL_BEST,0,777,5,56,2,50,1,0,600000.0000,0.0000,0,0,0,0,0,0
n012w8-0,n012w8,0,5,500000,100.0,adaptive,2026-07-04T12:26:25+01:00,2,1,12,44,1,99.881257,2065,2185,2065,120,5.4920,GLOBAL_BEST,0,777,5,56,2,51,1,0,1200000.0000,0.0000,0,0,0,0,0,0
n012w8-0,n012w8,0,5,500000,100.0,adaptive,2026-07-04T12:26:25+01:00,2,3,12,45,1,0.000000,2560,2635,2560,75,2.8463,LOCAL_BEST,0,777,13,68,0,52,1,0,750000.0000,0.0000,0,0,0,0,0,0
n012w8-0,n012w8,0,5,500000,100.0,adaptive,2026-07-04T12:26:25+01:00,2,3,12,46,1,0.000000,2530,2560,2530,30,1.1719,LOCAL_BEST,0,777,13,71,0,53,1,0,300000.0000,0.0000,0,0,0,0,0,0
n012w8-0,n012w8,0,5,500000,100.0,adaptive,2026-07-04T12:26:25+01:00,2,2,12,46,1,0.000000,2010,2060,2010,50,2.4272,LOCAL_BEST,0,777,0,82,0,54,0,0,0.0000,0.0000,0,0,0,0,0,0
n012w8-0,n012w8,0,5,500000,100.0,adaptive,2026-07-04T12:26:25+01:00,2,1,12,48,1,99.870218,2005,2065,2005,60,2.9056,GLOBAL_BEST,0,777,6,58,2,55,2,0,300000.0000,0.0000,0,0,0,0,0,0
n012w8-0,n012w8,0,5,500000,100.0,adaptive,2026-07-04T12:26:25+01:00,2,1,12,50,1,99.864700,1990,2005,1990,15,0.7481,GLOBAL_BEST,0,777,7,61,2,56,2,0,75000.0000,0.0000,0,0,0,0,0,0
n012w8-0,n012w8,0,5,500000,100.0,adaptive,2026-07-04T12:26:25+01:00,2,1,12,52,1,99.859181,1930,1990,1930,60,3.0151,GLOBAL_BEST,0,777,7,70,3,57,2,0,300000.0000,0.0000,0,0,0,0,0,0
n012w8-0,n012w8,0,5,500000,100.0,adaptive,2026-07-04T12:26:25+01:00,2,1,12,54,1,99.853663,1920,1930,1920,10,0.5181,GLOBAL_BEST,0,777,7,71,4,58,2,0,50000.0000,0.0000,0,0,0,0,0,0
n012w8-0,n012w8,0,5,500000,100.0,adaptive,2026-07-04T12:26:25+01:00,2,2,12,57,1,0.000000,1935,2010,1935,75,3.7313,LOCAL_BEST,0,777,0,99,0,59,3,0,250000.0000,0.0000,0,0,0,0,0,0
n012w8-0,n012w8,0,5,500000,100.0,adaptive,2026-07-04T12:26:25+01:00,2,1,12,69,1,99.812285,1905,1920,1905,15,0.7812,GLOBAL_BEST,0,777,12,96,7,60,12,0,12500.0000,0.0000,0,0,0,0,0,0
n012w8-0,n012w8,0,5,500000,100.0,adaptive,2026-07-04T12:26:25+01:00,2,1,12,72,1,99.804012,1890,1905,1890,15,0.7874,GLOBAL_BEST,0,777,12,100,9,61,3,0,50000.0000,0.0000,0,0,0,0,0,0
n012w8-0,n012w8,0,5,500000,100.0,adaptive,2026-07-04T12:26:25+01:00,2,5,12,75,51,0.000000,555,585,555,30,5.1282,GLOBAL_BEST,1,777,0,109,54,62,3,50,100000.0000,600.0000,0,0,0,0,0,0
n012w8-0,n012w8,0,5,500000,100.0,adaptive,2026-07-04T12:26:25+01:00,2,1,12,95,1,99.740605,1740,1890,1740,150,7.9365,GLOBAL_BEST,0,777,17,158,14,63,20,-50,75000.0000,0.0000,0,0,0,0,0,0
n012w8-0,n012w8,0,5,500000,100.0,adaptive,2026-07-04T12:26:25+01:00,2,1,12,96,1,99.737850,1635,1740,1635,105,6.0345,GLOBAL_BEST,0,777,17,162,14,64,1,0,1050000.0000,0.0000,0,0,0,0,0,0
n012w8-0,n012w8,0,5,500000,100.0,adaptive,2026-07-04T12:26:25+01:00,2,1,12,97,1,99.735094,1605,1635,1605,30,1.8349,GLOBAL_BEST,0,777,17,164,14,65,1,0,300000.0000,0.0000,0,0,0,0,0,0
n012w8-0,n012w8,0,5,500000,100.0,adaptive,2026-07-04T12:26:25+01:00,2,3,12,103,1,0.000000,2485,2530,2485,45,1.7787,LOCAL_BEST,0,777,34,170,0,66,6,0,75000.0000,0.0000,0,0,0,0,0,0
n012w8-0,n012w8,0,5,500000,100.0,adaptive,2026-07-04T12:26:25+01:00,2,2,12,104,1,0.000000,1835,1935,1835,100,5.1680,LOCAL_BEST,0,777,0,159,0,67,1,0,1000000.0000,0.0000,0,0,0,0,0,0
n012w8-0,n012w8,0,5,500000,100.0,adaptive,2026-07-04T12:26:25+01:00,2,1,12,110,1,99.699275,1590,1605,1590,15,0.9346,GLOBAL_BEST,0,777,21,179,18,68,6,0,25000.0000,0.0000,0,0,0,0,0,0
n012w8-0,n012w8,0,5,500000,100.0,adaptive,2026-07-04T12:26:25+01:00,2,1,12,111,1,99.696520,1575,1590,1575,15,0.9434,GLOBAL_BEST,0,777,21,179,18,69,1,0,150000.0000,0.0000,0,0,0,0,0,0
n012w8-0,n012w8,0,5,500000,100.0,adaptive,2026-07-04T12:26:25+01:00,2,3,12,113,1,0.000000,2425,2485,2425,60,2.4145,LOCAL_BEST,0,777,38,215,0,70,2,0,300000.0000,0.0000,0,0,0,0,0,0
n012w8-0,n012w8,0,5,500000,100.0,adaptive,2026-07-04T12:26:25+01:00,2,3,12,114,1,0.000000,2365,2425,2365,60,2.4742,LOCAL_BEST,0,777,38,215,0,71,1,0,600000.0000,0.0000,0,0,0,0,0,0
n012w8-0,n012w8,0,5,500000,100.0,adaptive,2026-07-04T12:26:25+01:00,2,3,12,115,1,0.000000,2195,2365,2195,170,7.1882,LOCAL_BEST,0,777,38,216,0,72,1,0,1700000.0000,0.0000,0,0,0,0,0,0
n012w8-0,n012w8,0,5,500000,100.0,adaptive,2026-07-04T12:26:25+01:00,2,1,12,116,1,99.682748,1550,1575,1550,25,1.5873,GLOBAL_BEST,0,777,22,189,20,73,1,0,250000.0000,0.0000,0,0,0,0,0,0
n012w8-0,n012w8,0,5,500000,100.0,adaptive,2026-07-04T12:26:25+01:00,2,1,12,117,1,99.679993,1500,1550,1500,50,3.2258,GLOBAL_BEST,0,777,22,190,20,74,1,0,500000.0000,0.0000,0,0,0,0,0,0
n012w8-0,n012w8,0,5,500000,100.0,adaptive,2026-07-04T12:26:25+01:00,2,1,12,118,1,99.677239,1410,1500,1410,90,6.0000,GLOBAL_BEST,0,777,22,192,20,75,1,0,900000.0000,0.0000,0,0,0,0,0,0
n012w8-0,n012w8,0,5,500000,100.0,adaptive,2026-07-04T12:26:25+01:00,2,1,12,120,1,99.671731,1350,1410,1350,60,4.2553,GLOBAL_BEST,0,777,22,192,21,76,2,0,300000.0000,0.0000,0,0,0,0,0,0
n012w8-0,n012w8,0,5,500000,100.0,adaptive,2026-07-04T12:26:25+01:00,2,1,12,122,1,99.666223,1305,1350,1305,45,3.3333,GLOBAL_BEST,0,777,23,196,21,77,2,0,225000.0000,0.0000,0,0,0,0,0,0
n012w8-0,n012w8,0,5,500000,100.0,adaptive,2026-07-04T12:26:25+01:00,2,3,12,126,1,0.000000,2090,2195,2090,105,4.7836,LOCAL_BEST,0,777,41,232,0,78,4,0,262500.0000,0.0000,0,0,0,0,0,0
n012w8-0,n012w8,0,5,500000,100.0,adaptive,2026-07-04T12:26:25+01:00,2,3,12,127,1,0.000000,2060,2090,2060,30,1.4354,LOCAL_BEST,0,777,41,232,0,79,1,0,300000.0000,0.0000,0,0,0,0,0,0
n012w8-0,n012w8,0,5,500000,100.0,adaptive,2026-07-04T12:26:25+01:00,2,1,12,129,1,99.646948,1275,1305,1275,30,2.2989,GLOBAL_BEST,0,777,24,202,25,80,2,0,150000.0000,0.0000,0,0,0,0,0,0
n012w8-0,n012w8,0,5,500000,100.0,adaptive,2026-07-04T12:26:25+01:00,2,3,12,131,1,0.000000,2005,2060,2005,55,2.6699,LOCAL_BEST,0,777,44,248,0,81,2,0,275000.0000,0.0000,0,0,0,0,0,0
n012w8-0,n012w8,0,5,500000,100.0,adaptive,2026-07-04T12:26:25+01:00,2,1,12,131,1,99.641441,1245,1275,1245,30,2.3529,GLOBAL_BEST,0,777,24,215,26,82,0,0,0.0000,0.0000,0,0,0,0,0,0
n012w8-0,n012w8,0,5,500000,100.0,adaptive,2026-07-04T12:26:25+01:00,2,3,12,132,1,0.000000,1975,2005,1975,30,1.4963,LOCAL_BEST,0,777,44,248,0,83,1,0,300000.0000,0.0000,0,0,0,0,0,0
n012w8-0,n012w8,0,5,500000,100.0,adaptive,2026-07-04T12:26:25+01:00,2,3,12,133,1,0.000000,1930,1975,1930,45,2.2785,LOCAL_BEST,0,777,44,251,0,84,1,0,450000.0000,0.0000,0,0,0,0,0,0
n012w8-0,n012w8,0,5,500000,100.0,adaptive,2026-07-04T12:26:25+01:00,2,1,12,142,1,99.611161,1230,1245,1230,15,1.2048,GLOBAL_BEST,0,777,25,234,29,85,9,0,16666.6667,0.0000,0,0,0,0,0,0
n012w8-0,n012w8,0,5,500000,100.0,adaptive,2026-07-04T12:26:25+01:00,2,1,12,144,1,99.605656,1215,1230,1215,15,1.2195,GLOBAL_BEST,0,777,25,236,30,86,2,0,75000.0000,0.0000,0,0,0,0,0,0
n012w8-0,n012w8,0,5,500000,100.0,adaptive,2026-07-04T12:26:25+01:00,2,1,12,145,1,99.602904,1185,1215,1185,30,2.4691,GLOBAL_BEST,0,777,25,239,30,87,1,0,300000.0000,0.0000,0,0,0,0,0,0
n012w8-0,n012w8,0,5,500000,100.0,adaptive,2026-07-04T12:26:25+01:00,2,1,12,147,1,99.597400,1170,1185,1170,15,1.2658,GLOBAL_BEST,0,777,25,243,30,88,2,0,75000.0000,0.0000,0,0,0,0,0,0
n012w8-0,n012w8,0,5,500000,100.0,adaptive,2026-07-04T12:26:25+01:00,2,3,12,165,1,0.000000,1895,1930,1895,35,1.8135,LOCAL_BEST,0,777,58,307,0,89,18,0,19444.4444,0.0000,0,0,0,0,0,0
n012w8-0,n012w8,0,5,500000,100.0,adaptive,2026-07-04T12:26:25+01:00,2,3,12,168,1,0.000000,1765,1895,1765,130,6.8602,LOCAL_BEST,0,777,60,310,0,90,3,0,433333.3333,0.0000,0,0,0,0,0,0
n012w8-0,n012w8,0,5,500000,100.0,adaptive,2026-07-04T12:26:25+01:00,2,3,12,200,1,0.000000,1695,1765,1695,70,3.9660,LOCAL_BEST,0,777,76,360,0,91,32,0,21875.0000,0.0000,0,0,0,0,0,0
n012w8-0,n012w8,0,5,500000,100.0,adaptive,2026-07-04T12:26:25+01:00,2,2,12,321,1,0.000000,1820,1835,1820,15,0.8174,LOCAL_BEST,0,777,0,534,0,92,121,0,1239.6694,0.0000,0,0,0,0,0,0
n012w8-0,n012w8,0,5,500000,100.0,adaptive,2026-07-04T12:26:25+01:00,2,2,12,358,1,0.000000,1805,1820,1805,15,0.8242,LOCAL_BEST,0,777,0,617,0,93,37,0,4054.0541,0.0000,0,0,0,0,0,0
n012w8-0,n012w8,0,5,500000,100.0,adaptive,2026-07-04T12:26:25+01:00,2,2,12,497,1,0.000000,1770,1805,1770,35,1.9391,LOCAL_BEST,0,777,0,818,0,94,139,0,2517.9856,0.0000,0,0,0,0,0,0
n012w8-0,n012w8,0,5,500000,100.0,adaptive,2026-07-04T12:26:25+01:00,2,2,12,589,1,0.000000,1765,1770,1765,5,0.2825,LOCAL_BEST,0,777,0,947,0,95,92,0,543.4783,0.0000,0,0,0,0,0,0
n012w8-0,n012w8,0,5,500000,100.0,adaptive,2026-07-04T12:26:25+01:00,2,2,12,593,1,0.000000,1755,1765,1755,10,0.5666,LOCAL_BEST,0,777,0,951,0,96,4,0,25000.0000,0.0000,0,0,0,0,0,0
n012w8-0,n012w8,0,5,500000,100.0,adaptive,2026-07-04T12:26:25+01:00,2,2,12,594,1,0.000000,1695,1755,1695,60,3.4188,LOCAL_BEST,0,777,0,957,0,97,1,0,600000.0000,0.0000,0,0,0,0,0,0
n012w8-0,n012w8,0,5,500000,100.0,adaptive,2026-07-04T12:26:25+01:00,2,3,12,955,3,0.000000,1635,1695,1635,60,3.5398,LOCAL_BEST,0,777,365,1629,25,98,361,2,1662.0499,30000.0000,0,0,0,0,0,0
n012w8-0,n012w8,0,5,500000,100.0,adaptive,2026-07-04T12:26:25+01:00,2,1,12,1213,3,96.706574,1160,1170,1160,10,0.8547,GLOBAL_BEST,0,777,299,2038,346,99,258,0,387.5969,0.0000,0,0,0,0,0,0
n012w8-0,n012w8,0,5,500000,100.0,adaptive,2026-07-04T12:26:25+01:00,2,2,12,1308,3,0.000000,1610,1695,1610,85,5.0147,LOCAL_BEST,0,777,0,2203,30,100,95,0,8947.3684,0.0000,0,0,0,0,0,0
n012w8-0,n012w8,0,5,500000,100.0,adaptive,2026-07-04T12:26:25+01:00,2,2,12,1309,3,0.000000,1490,1610,1490,120,7.4534,LOCAL_BEST,0,777,0,2203,30,101,1,0,1200000.0000,0.0000,0,0,0,0,0,0
n012w8-0,n012w8,0,5,500000,100.0,adaptive,2026-07-04T12:26:25+01:00,2,5,12,1557,53,0.000000,525,555,525,30,5.4054,GLOBAL_BEST,1,777,0,2134,1213,102,248,50,1209.6774,600.0000,0,0,0,0,0,0
n012w8-0,n012w8,0,5,500000,100.0,adaptive,2026-07-04T12:26:25+01:00,2,8,12,1621,91,0.000000,295,300,295,5,1.6667,GLOBAL_BEST,3,777,0,2378,1509,103,64,38,781.2500,131.5789,0,0,0,0,0,0
n012w8-0,n012w8,0,5,500000,100.0,adaptive,2026-07-04T12:26:25+01:00,2,1,12,1814,4,95.113902,1150,1160,1150,10,0.8621,GLOBAL_BEST,0,777,450,3045,542,104,193,-87,518.1347,0.0000,0,0,0,0,0,0
n012w8-0,n012w8,0,5,500000,100.0,adaptive,2026-07-04T12:26:25+01:00,2,1,12,1817,4,95.106018,1120,1150,1120,30,2.6087,GLOBAL_BEST,0,777,450,3050,544,105,3,0,100000.0000,0.0000,0,0,0,0,0,0
n012w8-0,n012w8,0,5,500000,100.0,adaptive,2026-07-04T12:26:25+01:00,2,1,12,1820,4,95.098135,1030,1120,1030,90,8.0357,GLOBAL_BEST,0,777,450,3057,546,106,3,0,300000.0000,0.0000,0,0,0,0,0,0
n012w8-0,n012w8,0,5,500000,100.0,adaptive,2026-07-04T12:26:25+01:00,2,1,12,2140,4,94.260991,1010,1030,1010,20,1.9417,GLOBAL_BEST,0,777,530,3623,661,107,320,0,625.0000,0.0000,0,0,0,0,0,0
n012w8-0,n012w8,0,5,500000,100.0,adaptive,2026-07-04T12:26:25+01:00,2,2,12,2221,4,0.000000,1465,1490,1465,25,1.6779,LOCAL_BEST,0,777,0,3927,181,108,81,0,3086.4198,0.0000,0,0,0,0,0,0
n012w8-0,n012w8,0,5,500000,100.0,adaptive,2026-07-04T12:26:25+01:00,2,2,12,2472,4,0.000000,1440,1465,1440,25,1.7065,LOCAL_BEST,0,777,0,4301,233,109,251,0,996.0159,0.0000,0,0,0,0,0,0
n012w8-0,n012w8,0,5,500000,100.0,adaptive,2026-07-04T12:26:25+01:00,2,5,12,3234,55,0.000000,510,525,510,15,2.8571,GLOBAL_BEST,1,777,0,4649,2564,110,762,51,196.8504,294.1176,0,0,0,0,0,0
n012w8-0,n012w8,0,5,500000,100.0,adaptive,2026-07-04T12:26:25+01:00,2,3,12,3258,6,0.000000,1465,1635,1465,170,10.3976,LOCAL_BEST,0,777,1249,5504,132,111,24,-49,70833.3333,0.0000,0,0,0,0,0,0
n012w8-0,n012w8,0,5,500000,100.0,adaptive,2026-07-04T12:26:25+01:00,2,2,12,3552,6,0.000000,1345,1440,1345,95,6.5972,LOCAL_BEST,0,777,0,6232,471,112,294,0,3231.2925,0.0000,0,0,0,0,0,0
n012w8-0,n012w8,0,5,500000,100.0,adaptive,2026-07-04T12:26:25+01:00,2,5,12,3649,56,0.000000,495,510,495,15,2.9412,GLOBAL_BEST,1,777,0,5214,2887,113,97,50,1546.3918,300.0000,0,0,0,0,0,0
n012w8-0,n012w8,0,5,500000,100.0,adaptive,2026-07-04T12:26:25+01:00,2,1,12,3907,7,89.769333,995,1010,995,15,1.4851,GLOBAL_BEST,0,777,976,6517,1265,114,258,-49,581.3953,0.0000,0,0,0,0,0,0
n012w8-0,n012w8,0,5,500000,100.0,adaptive,2026-07-04T12:26:25+01:00,2,5,12,4222,57,0.000000,475,495,475,20,4.0404,GLOBAL_BEST,1,777,0,6106,3338,115,315,50,634.9206,400.0000,0,0,0,0,0,0
n012w8-0,n012w8,0,5,500000,100.0,adaptive,2026-07-04T12:26:25+01:00,2,2,12,4680,9,0.000000,1340,1345,1340,5,0.3717,LOCAL_BEST,0,777,0,8014,721,116,458,-48,109.1703,0.0000,0,0,0,0,0,0
n012w8-0,n012w8,0,5,500000,100.0,adaptive,2026-07-04T12:26:25+01:00,2,2,12,5603,9,0.000000,1305,1340,1305,35,2.6119,LOCAL_BEST,0,777,0,9587,1014,117,923,0,379.1983,0.0000,0,0,0,0,0,0
n012w8-0,n012w8,0,5,500000,100.0,adaptive,2026-07-04T12:26:25+01:00,2,2,12,5691,10,0.000000,1220,1305,1220,85,6.5134,LOCAL_BEST,0,777,0,9762,1045,118,88,1,9659.0909,85000.0000,0,0,0,0,0,0
n012w8-0,n012w8,0,5,500000,100.0,adaptive,2026-07-04T12:26:25+01:00,2,2,12,5693,10,0.000000,1175,1220,1175,45,3.6885,LOCAL_BEST,0,777,0,9766,1045,119,2,0,225000.0000,0.0000,0,0,0,0,0,0
n012w8-0,n012w8,0,5,500000,100.0,adaptive,2026-07-04T12:26:25+01:00,2,5,12,5801,59,0.000000,460,475,460,15,3.1579,GLOBAL_BEST,1,777,0,8325,4641,120,108,49,1388.8889,306.1224,0,0,0,0,0,0
n012w8-0,n012w8,0,5,500000,100.0,adaptive,2026-07-04T12:26:25+01:00,2,5,12,5802,59,0.000000,415,460,415,45,9.7826,GLOBAL_BEST,1,777,0,8326,4641,121,1,0,450000.0000,0.0000,0,0,0,0,0,0
n012w8-0,n012w8,0,5,500000,100.0,adaptive,2026-07-04T12:26:25+01:00,2,2,12,6614,12,0.000000,1050,1175,1050,125,10.6383,LOCAL_BEST,0,777,0,11350,1387,122,812,-47,1539.4089,0.0000,0,0,0,0,0,0
n012w8-0,n012w8,0,5,500000,100.0,adaptive,2026-07-04T12:26:25+01:00,2,1,12,9332,16,77.273040,935,995,935,60,6.0302,GLOBAL_BEST,0,777,2239,15465,3374,123,2718,4,220.7506,15000.0000,0,0,0,0,0,0
n012w8-0,n012w8,0,5,500000,100.0,adaptive,2026-07-04T12:26:25+01:00,2,1,12,9486,16,76.944928,840,935,840,95,10.1604,GLOBAL_BEST,0,777,2274,15702,3434,124,154,0,6168.8312,0.0000,0,0,0,0,0,0
n012w8-0,n012w8,0,5,500000,100.0,adaptive,2026-07-04T12:26:25+01:00,2,1,12,9502,16,76.910919,765,840,765,75,8.9286,GLOBAL_BEST,0,777,2275,15731,3446,125,16,0,46875.0000,0.0000,0,0,0,0,0,0
n012w8-0,n012w8,0,5,500000,100.0,adaptive,2026-07-04T12:26:25+01:00,2,1,12,9514,16,76.885422,690,765,690,75,9.8039,GLOBAL_BEST,0,777,2276,15746,3454,126,12,0,62500.0000,0.0000,0,0,0,0,0,0
n012w8-0,n012w8,0,5,500000,100.0,adaptive,2026-07-04T12:26:25+01:00,2,8,12,11187,104,0.000000,285,295,285,10,3.3898,GLOBAL_BEST,3,777,0,15687,10472,127,1673,88,59.7729,113.6364,0,0,0,0,0,0
n012w8-0,n012w8,0,5,500000,100.0,adaptive,2026-07-04T12:26:25+01:00,2,2,12,12644,22,0.000000,1040,1050,1040,10,0.9524,LOCAL_BEST,0,777,0,21144,4159,128,1457,-82,68.6342,0.0000,0,0,0,0,0,0
n012w8-0,n012w8,0,5,500000,100.0,adaptive,2026-07-04T12:26:25+01:00,2,2,12,13492,23,0.000000,985,1040,985,55,5.2885,LOCAL_BEST,0,777,0,22644,4611,129,848,1,648.5849,55000.0000,0,0,0,0,0,0
n012w8-0,n012w8,0,5,500000,100.0,adaptive,2026-07-04T12:26:25+01:00,2,3,12,13569,24,0.000000,1415,1465,1415,50,3.4130,LOCAL_BEST,0,777,5196,23571,538,130,77,1,6493.5065,50000.0000,0,0,0,0,0,0
n012w8-0,n012w8,0,5,500000,100.0,adaptive,2026-07-04T12:26:25+01:00,2,2,12,15076,25,0.000000,970,985,970,15,1.5228,LOCAL_BEST,0,777,0,25195,5382,131,1507,1,99.5355,15000.0000,0,0,0,0,0,0
n012w8-0,n012w8,0,5,500000,100.0,adaptive,2026-07-04T12:26:25+01:00,2,11,12,16835,213,0.000000,230,245,230,15,6.1224,LOCAL_BEST,4,777,0,23278,15954,132,1759,188,85.2757,79.7872,0,0,0,0,0,0
n012w8-0,n012w8,0,5,500000,100.0,adaptive,2026-07-04T12:26:25+01:00,2,2,12,17181,28,0.000000,900,970,900,70,7.2165,LOCAL_BEST,0,777,0,28608,6536,133,346,-185,2023.1214,0.0000,0,0,0,0,0,0
n012w8-0,n012w8,0,5,500000,100.0,adaptive,2026-07-04T12:26:25+01:00,2,8,12,20135,120,0.000000,270,285,270,15,5.2632,GLOBAL_BEST,3,777,0,28176,18782,134,2954,92,50.7786,163.0435,0,0,0,0,0,0
n012w8-0,n012w8,0,5,500000,100.0,adaptive,2026-07-04T12:26:25+01:00,2,5,12,20566,82,0.000000,405,415,405,10,2.4096,GLOBAL_BEST,1,777,0,29781,17162,135,431,-38,232.0186,0.0000,0,0,0,0,0,0
n012w8-0,n012w8,0,5,500000,100.0,adaptive,2026-07-04T12:26:25+01:00,2,5,12,20699,82,0.000000,395,405,395,10,2.4691,GLOBAL_BEST,1,777,0,29967,17279,136,133,0,751.8797,0.0000,0,0,0,0,0,0
n012w8-0,n012w8,0,5,500000,100.0,adaptive,2026-07-04T12:26:25+01:00,2,5,12,21691,83,0.000000,375,395,375,20,5.0633,GLOBAL_BEST,1,777,0,31479,18142,137,992,1,201.6129,20000.0000,0,0,0,0,0,0
n012w8-0,n012w8,0,5,500000,100.0,adaptive,2026-07-04T12:26:25+01:00,2,5,12,21693,83,0.000000,360,375,360,15,4.0000,GLOBAL_BEST,1,777,0,31482,18143,138,2,0,75000.0000,0.0000,0,0,0,0,0,0
n012w8-0,n012w8,0,5,500000,100.0,adaptive,2026-07-04T12:26:25+01:00,2,2,12,21918,36,0.000000,890,900,890,10,1.1111,LOCAL_BEST,0,777,0,36075,9297,139,225,-47,444.4444,0.0000,0,0,0,0,0,0
n012w8-0,n012w8,0,5,500000,100.0,adaptive,2026-07-04T12:26:25+01:00,2,8,12,22637,124,0.000000,255,270,255,15,5.5556,GLOBAL_BEST,3,777,0,31491,21105,140,719,88,208.6231,170.4545,0,0,0,0,0,0
n012w8-0,n012w8,0,5,500000,100.0,adaptive,2026-07-04T12:26:25+01:00,2,2,12,23460,39,0.000000,885,890,885,5,0.5618,LOCAL_BEST,0,777,0,38381,10234,141,823,-85,60.7533,0.0000,0,0,0,0,0,0
n012w8-0,n012w8,0,5,500000,100.0,adaptive,2026-07-04T12:26:25+01:00,2,2,12,23731,39,0.000000,880,885,880,5,0.5650,LOCAL_BEST,0,777,0,38796,10402,142,271,0,184.5018,0.0000,0,0,0,0,0,0
n012w8-0,n012w8,0,5,500000,100.0,adaptive,2026-07-04T12:26:25+01:00,2,3,12,23904,41,0.000000,1395,1415,1395,20,1.4134,LOCAL_BEST,0,777,9171,41113,961,143,173,2,1156.0694,10000.0000,0,0,0,0,0,0
n012w8-0,n012w8,0,5,500000,100.0,adaptive,2026-07-04T12:26:25+01:00,2,3,12,23905,41,0.000000,1380,1395,1380,15,1.0753,LOCAL_BEST,0,777,9171,41115,961,144,1,0,150000.0000,0.0000,0,0,0,0,0,0
n012w8-0,n012w8,0,5,500000,100.0,adaptive,2026-07-04T12:26:25+01:00,2,3,12,23907,41,0.000000,1345,1380,1345,35,2.5362,LOCAL_BEST,0,777,9172,41118,961,145,2,0,175000.0000,0.0000,0,0,0,0,0,0
n012w8-0,n012w8,0,5,500000,100.0,adaptive,2026-07-04T12:26:25+01:00,2,5,12,25365,88,0.000000,330,360,330,30,8.3333,GLOBAL_BEST,1,777,0,36652,21295,146,1458,47,205.7613,638.2979,0,0,0,0,0,0
n012w8-0,n012w8,0,5,500000,100.0,adaptive,2026-07-04T12:26:25+01:00,2,2,12,25782,42,0.000000,875,880,875,5,0.5682,LOCAL_BEST,0,777,0,42062,11707,147,417,-46,119.9041,0.0000,0,0,0,0,0,0
n012w8-0,n012w8,0,5,500000,100.0,adaptive,2026-07-04T12:26:25+01:00,2,2,12,25783,42,0.000000,845,875,845,30,3.4286,LOCAL_BEST,0,777,0,42064,11707,148,1,0,300000.0000,0.0000,0,0,0,0,0,0
n012w8-0,n012w8,0,5,500000,100.0,adaptive,2026-07-04T12:26:25+01:00,2,2,12,25784,42,0.000000,830,845,830,15,1.7751,LOCAL_BEST,0,777,0,42064,11707,149,1,0,150000.0000,0.0000,0,0,0,0,0,0
n012w8-0,n012w8,0,5,500000,100.0,adaptive,2026-07-04T12:26:25+01:00,2,2,12,28231,46,0.000000,815,830,815,15,1.8072,LOCAL_BEST,0,777,0,45747,13251,150,2447,4,61.2996,3750.0000,0,0,0,0,0,0
n012w8-0,n012w8,0,5,500000,100.0,adaptive,2026-07-04T12:26:25+01:00,2,2,12,28240,46,0.000000,695,815,695,120,14.7239,LOCAL_BEST,0,777,0,45764,13258,151,9,0,133333.3333,0.0000,0,0,0,0,0,0
n012w8-0,n012w8,0,5,500000,100.0,adaptive,2026-07-04T12:26:25+01:00,2,1,12,30997,50,42.466650,660,690,660,30,4.3478,GLOBAL_BEST,0,777,6187,49861,14187,152,2757,4,108.8139,7500.0000,0,0,0,0,0,0
n012w8-0,n012w8,0,5,500000,100.0,adaptive,2026-07-04T12:26:25+01:00,2,1,12,31164,51,42.271144,630,660,630,30,4.5455,LOCAL_BEST,0,777,6210,50124,14294,153,167,1,1796.4072,30000.0000,0,0,0,0,0,0
n012w8-0,n012w8,0,5,500000,100.0,adaptive,2026-07-04T12:26:25+01:00,2,1,12,31167,51,42.267640,600,630,600,30,4.7619,LOCAL_BEST,0,777,6210,50131,14296,154,3,0,100000.0000,0.0000,0,0,0,0,0,0
n012w8-0,n012w8,0,5,500000,100.0,adaptive,2026-07-04T12:26:25+01:00,2,2,12,36512,58,0.000000,680,695,680,15,2.1583,LOCAL_BEST,0,777,0,58201,18974,155,5345,7,28.0636,2142.8571,0,0,0,0,0,0
n012w8-0,n012w8,0,5,500000,100.0,adaptive,2026-07-04T12:26:25+01:00,2,4,12,37265,112,35.713466,605,635,605,30,4.7244,LOCAL_BEST,1,777,6945,59813,18169,156,753,54,398.4064,555.5556,0,0,0,0,0,0
n012w8-0,n012w8,0,5,500000,100.0,adaptive,2026-07-04T12:26:25+01:00,2,4,12,37308,112,35.671059,600,605,600,5,0.8264,LOCAL_BEST,1,777,6947,59879,18202,157,43,0,1162.7907,0.0000,0,0,0,0,0,0
n012w8-0,n012w8,0,5,500000,100.0,adaptive,2026-07-04T12:26:25+01:00,2,4,12,37395,113,35.585412,590,600,590,10,1.6667,LOCAL_BEST,1,777,6950,59984,18277,158,87,1,1149.4253,10000.0000,0,0,0,0,0,0
n012w8-0,n012w8,0,5,500000,100.0,adaptive,2026-07-04T12:26:25+01:00,2,4,12,37408,113,35.572632,560,590,560,30,5.0847,LOCAL_BEST,1,777,6950,60003,18289,159,13,0,23076.9231,0.0000,0,0,0,0,0,0
n012w8-0,n012w8,0,5,500000,100.0,adaptive,2026-07-04T12:26:25+01:00,2,4,12,37409,113,35.571649,545,560,545,15,2.6786,LOCAL_BEST,1,777,6950,60003,18289,160,1,0,150000.0000,0.0000,0,0,0,0,0,0
n012w8-0,n012w8,0,5,500000,100.0,adaptive,2026-07-04T12:26:25+01:00,2,4,12,37758,113,35.230272,540,545,540,5,0.9174,LOCAL_BEST,1,777,6987,60574,18534,161,349,0,143.2665,0.0000,0,0,0,0,0,0
n012w8-0,n012w8,0,5,500000,100.0,adaptive,2026-07-04T12:26:25+01:00,2,4,12,37792,113,35.197191,420,540,420,120,22.2222,LOCAL_BEST,1,777,6989,60612,18560,162,34,0,35294.1176,0.0000,0,0,0,0,0,0
n012w8-0,n012w8,0,5,500000,100.0,adaptive,2026-07-04T12:26:25+01:00,2,5,12,38900,108,0.000000,305,330,305,25,7.5758,LOCAL_BEST,1,777,0,55374,33341,163,1108,-5,225.6318,0.0000,0,0,0,0,0,0
n012w8-0,n012w8,0,5,500000,100.0,adaptive,2026-07-04T12:26:25+01:00,2,1,12,40396,65,32.753672,595,600,595,5,0.8333,LOCAL_BEST,0,777,7253,64165,20401,164,1496,-43,33.4225,0.0000,0,0,0,0,0,0
n012w8-0,n012w8,0,5,500000,100.0,adaptive,2026-07-04T12:26:25+01:00,2,1,12,40462,66,32.693996,585,595,585,10,1.6807,LOCAL_BEST,0,777,7257,64268,20457,165,66,1,1515.1515,10000.0000,0,0,0,0,0,0
n012w8-0,n012w8,0,5,500000,100.0,adaptive,2026-07-04T12:26:25+01:00,2,1,12,40573,66,32.593875,580,585,580,5,0.8547,LOCAL_BEST,0,777,7271,64471,20538,166,111,0,450.4505,0.0000,0,0,0,0,0,0
n012w8-0,n012w8,0,5,500000,100.0,adaptive,2026-07-04T12:26:25+01:00,2,1,12,40665,66,32.511125,570,580,570,10,1.7241,LOCAL_BEST,0,777,7282,64605,20596,167,92,0,1086.9565,0.0000,0,0,0,0,0,0
n012w8-0,n012w8,0,5,500000,100.0,adaptive,2026-07-04T12:26:25+01:00,2,3,12,41121,69,0.000000,1265,1345,1265,80,5.9480,LOCAL_BEST,0,777,15730,71373,1630,168,456,3,1754.3860,26666.6667,0,0,0,0,0,0
n012w8-0,n012w8,0,5,500000,100.0,adaptive,2026-07-04T12:26:25+01:00,2,2,12,41377,66,0.000000,655,680,655,25,3.6765,LOCAL_BEST,0,777,0,65536,22554,169,256,-3,976.5625,0.0000,0,0,0,0,0,0
n012w8-0,n012w8,0,5,500000,100.0,adaptive,2026-07-04T12:26:25+01:00,2,2,12,44848,71,0.000000,645,655,645,10,1.5267,LOCAL_BEST,0,777,0,70713,25163,170,3471,5,28.8101,2000.0000,0,0,0,0,0,0
n012w8-0,n012w8,0,5,500000,100.0,adaptive,2026-07-04T12:26:25+01:00,2,1,12,46037,76,28.026444,545,570,545,25,4.3860,LOCAL_BEST,0,777,7754,72577,24452,171,1189,5,210.2607,5000.0000,0,0,0,0,0,0
n012w8-0,n012w8,0,5,500000,100.0,adaptive,2026-07-04T12:26:25+01:00,2,1,12,47621,78,26.826252,510,545,510,35,6.4220,LOCAL_BEST,0,777,7872,74781,25648,172,1584,2,220.9596,17500.0000,0,0,0,0,0,0
n012w8-0,n012w8,0,5,500000,100.0,adaptive,2026-07-04T12:26:25+01:00,2,1,12,47627,78,26.821805,495,510,495,15,2.9412,LOCAL_BEST,0,777,7873,74790,25652,173,6,0,25000.0000,0.0000,0,0,0,0,0,0
n012w8-0,n012w8,0,5,500000,100.0,adaptive,2026-07-04T12:26:25+01:00,2,1,12,47663,78,26.795138,465,495,465,30,6.0606,LOCAL_BEST,0,777,7873,74821,25685,174,36,0,8333.3333,0.0000,0,0,0,0,0,0
n012w8-0,n012w8,0,5,500000,100.0,adaptive,2026-07-04T12:26:25+01:00,2,1,12,47703,78,26.765539,450,465,450,15,3.2258,LOCAL_BEST,0,777,7874,74874,25718,175,40,0,3750.0000,0.0000,0,0,0,0,0,0
n012w8-0,n012w8,0,5,500000,100.0,adaptive,2026-07-04T12:26:25+01:00,2,2,12,49137,78,0.000000,640,645,640,5,0.7752,LOCAL_BEST,0,777,0,77089,28417,176,1434,0,34.8675,0.0000,0,0,0,0,0,0
n012w8-0,n012w8,0,5,500000,100.0,adaptive,2026-07-04T12:26:25+01:00,2,2,12,49150,78,0.000000,625,640,625,15,2.3438,LOCAL_BEST,0,777,0,77102,28422,177,13,0,11538.4615,0.0000,0,0,0,0,0,0
n012w8-0,n012w8,0,5,500000,100.0,adaptive,2026-07-04T12:26:25+01:00,2,2,12,49152,78,0.000000,605,625,605,20,3.2000,LOCAL_BEST,0,777,0,77107,28422,178,2,0,100000.0000,0.0000,0,0,0,0,0,0
n012w8-0,n012w8,0,5,500000,100.0,adaptive,2026-07-04T12:26:25+01:00,2,1,12,52412,85,23.500007,420,450,420,30,6.6667,LOCAL_BEST,0,777,8210,81774,29288,179,3260,7,92.0245,4285.7143,0,0,0,0,0,0
n012w8-0,n012w8,0,5,500000,100.0,adaptive,2026-07-04T12:26:25+01:00,2,1,12,52458,85,23.470157,390,420,390,30,7.1429,LOCAL_BEST,0,777,8212,81846,29326,180,46,0,6521.7391,0.0000,0,0,0,0,0,0
n012w8-0,n012w8,0,5,500000,100.0,adaptive,2026-07-04T12:26:25+01:00,2,1,12,52459,85,23.469509,375,390,375,15,3.8462,LOCAL_BEST,0,777,8212,81847,29326,181,1,0,150000.0000,0.0000,0,0,0,0,0,0
n012w8-0,n012w8,0,5,500000,100.0,adaptive,2026-07-04T12:26:25+01:00,2,2,12,54101,85,0.000000,600,605,600,5,0.8264,LOCAL_BEST,0,777,0,84651,32284,182,1642,0,30.4507,0.0000,0,0,0,0,0,0
n012w8-0,n012w8,0,5,500000,100.0,adaptive,2026-07-04T12:26:25+01:00,2,2,12,54115,85,0.000000,585,600,585,15,2.5000,LOCAL_BEST,0,777,0,84676,32295,183,14,0,10714.2857,0.0000,0,0,0,0,0,0
n012w8-0,n012w8,0,5,500000,100.0,adaptive,2026-07-04T12:26:25+01:00,2,2,12,55699,87,0.000000,570,585,570,15,2.5641,LOCAL_BEST,0,777,0,87054,33569,184,1584,2,94.6970,7500.0000,0,0,0,0,0,0
n012w8-0,n012w8,0,5,500000,100.0,adaptive,2026-07-04T12:26:25+01:00,2,2,12,57113,91,0.000000,545,570,545,25,4.3860,LOCAL_BEST,0,777,0,89260,34622,185,1414,4,176.8034,6250.0000,0,0,0,0,0,0
n012w8-0,n012w8,0,5,500000,100.0,adaptive,2026-07-04T12:26:25+01:00,2,2,12,57115,91,0.000000,530,545,530,15,2.7523,LOCAL_BEST,0,777,0,89262,34623,186,2,0,75000.0000,0.0000,0,0,0,0,0,0
n012w8-0,n012w8,0,5,500000,100.0,adaptive,2026-07-04T12:26:25+01:00,2,2,12,57240,91,0.000000,525,530,525,5,0.9434,LOCAL_BEST,0,777,0,89421,34728,187,125,0,400.0000,0.0000,0,0,0,0,0,0
n012w8-0,n012w8,0,5,500000,100.0,adaptive,2026-07-04T12:26:25+01:00,2,2,12,57247,91,0.000000,495,525,495,30,5.7143,LOCAL_BEST,0,777,0,89432,34730,188,7,0,42857.1429,0.0000,0,0,0,0,0,0
n012w8-0,n012w8,0,5,500000,100.0,adaptive,2026-07-04T12:26:25+01:00,2,3,12,58076,97,0.000000,1250,1265,1250,15,1.1858,LOCAL_BEST,0,777,22189,100779,2324,189,829,6,180.9409,2500.0000,0,0,0,0,0,0
n012w8-0,n012w8,0,5,500000,100.0,adaptive,2026-07-04T12:26:25+01:00,2,2,12,58981,95,0.000000,490,495,490,5,1.0101,LOCAL_BEST,0,777,0,91972,36110,190,905,-2,55.2486,0.0000,0,0,0,0,0,0
n012w8-0,n012w8,0,5,500000,100.0,adaptive,2026-07-04T12:26:25+01:00,2,2,12,59084,95,0.000000,460,490,460,30,6.1224,LOCAL_BEST,0,777,0,92149,36187,191,103,0,2912.6214,0.0000,0,0,0,0,0,0
n012w8-0,n012w8,0,5,500000,100.0,adaptive,2026-07-04T12:26:25+01:00,2,4,12,59410,147,19.368322,415,420,415,5,1.1905,LOCAL_BEST,1,777,8649,93361,34672,192,326,52,153.3742,96.1538,0,0,0,0,0,0
n012w8-0,n012w8,0,5,500000,100.0,adaptive,2026-07-04T12:26:25+01:00,2,4,12,59413,147,19.366717,400,415,400,15,3.6145,LOCAL_BEST,1,777,8649,93364,34674,193,3,0,50000.0000,0.0000,0,0,0,0,0,0
n012w8-0,n012w8,0,5,500000,100.0,adaptive,2026-07-04T12:26:25+01:00,2,4,12,59436,147,19.354413,385,400,385,15,3.7500,LOCAL_BEST,1,777,8649,93391,34695,194,23,0,6521.7391,0.0000,0,0,0,0,0,0
n012w8-0,n012w8,0,5,500000,100.0,adaptive,2026-07-04T12:26:25+01:00,2,4,12,59481,147,19.330363,340,385,340,45,11.6883,LOCAL_BEST,1,777,8652,93453,34733,195,45,0,10000.0000,0.0000,0,0,0,0,0,0
n012w8-0,n012w8,0,5,500000,100.0,adaptive,2026-07-04T12:26:25+01:00,2,4,12,59501,147,19.319683,325,340,325,15,4.4118,LOCAL_BEST,1,777,8652,93473,34751,196,20,0,7500.0000,0.0000,0,0,0,0,0,0
n012w8-0,n012w8,0,5,500000,100.0,adaptive,2026-07-04T12:26:25+01:00,2,4,12,59502,147,19.319149,310,325,310,15,4.6154,LOCAL_BEST,1,777,8652,93474,34751,197,1,0,150000.0000,0.0000,0,0,0,0,0,0
n012w8-0,n012w8,0,5,500000,100.0,adaptive,2026-07-04T12:26:25+01:00,2,4,12,60022,148,19.043554,305,310,305,5,1.6129,LOCAL_BEST,1,777,8671,94222,35189,198,520,1,96.1538,5000.0000,0,0,0,0,0,0
n012w8-0,n012w8,0,5,500000,100.0,adaptive,2026-07-04T12:26:25+01:00,2,2,12,61223,100,0.000000,455,460,455,5,1.0870,LOCAL_BEST,0,777,0,95374,37857,199,1201,-48,41.6320,0.0000,0,0,0,0,0,0
n012w8-0,n012w8,0,5,500000,100.0,adaptive,2026-07-04T12:26:25+01:00,2,4,12,61445,151,18.309311,295,305,295,10,3.2787,LOCAL_BEST,1,777,8714,96379,36434,200,222,51,450.4505,196.0784,0,0,0,0,0,0
n012w8-0,n012w8,0,5,500000,100.0,adaptive,2026-07-04T12:26:25+01:00,2,4,12,61533,151,18.264845,280,295,280,15,5.0847,LOCAL_BEST,1,777,8717,96468,36513,201,88,0,1704.5455,0.0000,0,0,0,0,0,0
n012w8-0,n012w8,0,5,500000,100.0,adaptive,2026-07-04T12:26:25+01:00,2,5,12,62044,141,0.000000,290,305,290,15,4.9180,LOCAL_BEST,1,777,0,88314,53836,202,511,-10,293.5421,0.0000,0,0,0,0,0,0
n012w8-0,n012w8,0,5,500000,100.0,adaptive,2026-07-04T12:26:25+01:00,2,5,12,67436,149,0.000000,275,290,275,15,5.1724,LOCAL_BEST,1,777,0,96072,58706,203,5392,8,27.8190,1875.0000,0,0,0,0,0,0
n012w8-0,n012w8,0,5,500000,100.0,adaptive,2026-07-04T12:26:25+01:00,2,7,12,67683,202,15.410474,285,330,285,45,13.6364,LOCAL_BEST,2,777,9048,105211,41915,204,247,53,1821.8623,849.0566,0,0,0,0,0,0
n012w8-0,n012w8,0,5,500000,100.0,adaptive,2026-07-04T12:26:25+01:00,2,1,12,69696,112,14.576726,360,375,360,15,4.0000,LOCAL_BEST,0,777,8981,107340,43665,205,2013,-90,74.5156,0.0000,0,0,0,0,0,0
n012w8-0,n012w8,0,5,500000,100.0,adaptive,2026-07-04T12:26:25+01:00,2,1,12,69716,112,14.568673,345,360,345,15,4.1667,LOCAL_BEST,0,777,8981,107369,43682,206,20,0,7500.0000,0.0000,0,0,0,0,0,0
n012w8-0,n012w8,0,5,500000,100.0,adaptive,2026-07-04T12:26:25+01:00,2,2,12,70110,118,0.000000,445,455,445,10,2.1978,LOCAL_BEST,0,777,0,108567,45155,207,394,6,253.8071,1666.6667,0,0,0,0,0,0
n012w8-0,n012w8,0,5,500000,100.0,adaptive,2026-07-04T12:26:25+01:00,2,5,12,70382,153,0.000000,270,275,270,5,1.8182,LOCAL_BEST,1,777,0,100143,61387,208,272,35,183.8235,142.8571,0,0,0,0,0,0
n012w8-0,n012w8,0,5,500000,100.0,adaptive,2026-07-04T12:26:25+01:00,2,5,12,70807,154,0.000000,260,270,260,10,3.7037,LOCAL_BEST,1,777,0,100701,61772,209,425,1,235.2941,10000.0000,0,0,0,0,0,0
n012w8-0,n012w8,0,5,500000,100.0,adaptive,2026-07-04T12:26:25+01:00,2,2,12,72249,121,0.000000,440,445,440,5,1.1236,LOCAL_BEST,0,777,0,111550,46909,210,1442,-33,34.6741,0.0000,0,0,0,0,0,0
n012w8-0,n012w8,0,5,500000,100.0,adaptive,2026-07-04T12:26:25+01:00,2,2,12,72285,121,0.000000,425,440,425,15,3.4091,LOCAL_BEST,0,777,0,111611,46933,211,36,0,4166.6667,0.0000,0,0,0,0,0,0
n012w8-0,n012w8,0,5,500000,100.0,adaptive,2026-07-04T12:26:25+01:00,2,7,12,72344,212,13.548275,275,285,275,10,3.5088,LOCAL_BEST,2,777,9193,111729,46000,212,59,91,1694.9153,109.8901,0,0,0,0,0,0
n012w8-0,n012w8,0,5,500000,100.0,adaptive,2026-07-04T12:26:25+01:00,2,2,12,72358,122,0.000000,395,425,395,30,7.0588,LOCAL_BEST,0,777,0,111734,46990,213,14,-90,21428.5714,0.0000,0,0,0,0,0,0
n012w8-0,n012w8,0,5,500000,100.0,adaptive,2026-07-04T12:26:25+01:00,2,1,12,72440,115,13.512385,330,345,330,15,4.3478,LOCAL_BEST,0,777,9059,111275,46101,214,82,-7,1829.2683,0.0000,0,0,0,0,0,0
n012w8-0,n012w8,0,5,500000,100.0,adaptive,2026-07-04T12:26:25+01:00,2,7,12,73673,214,13.059784,260,275,260,15,5.4545,LOCAL_BEST,2,777,9214,113580,47202,215,1233,99,121.6545,151.5152,0,0,0,0,0,0
n012w8-0,n012w8,0,5,500000,100.0,adaptive,2026-07-04T12:26:25+01:00,2,7,12,75201,215,12.519875,245,260,245,15,5.7692,LOCAL_BEST,2,777,9247,115774,48573,216,1528,1,98.1675,15000.0000,0,0,0,0,0,0
n012w8-0,n012w8,0,5,500000,100.0,adaptive,2026-07-04T12:26:25+01:00,2,2,12,77606,129,0.000000,385,395,385,10,2.5316,LOCAL_BEST,0,777,0,119644,51477,217,2405,-86,41.5800,0.0000,0,0,0,0,0,0
n012w8-0,n012w8,0,5,500000,100.0,adaptive,2026-07-04T12:26:25+01:00,2,2,12,80443,133,0.000000,380,385,380,5,1.2987,LOCAL_BEST,0,777,0,123776,53963,218,2837,4,17.6243,1250.0000,0,0,0,0,0,0
n012w8-0,n012w8,0,5,500000,100.0,adaptive,2026-07-04T12:26:25+01:00,2,5,12,80968,170,0.000000,255,260,255,5,1.9231,LOCAL_BEST,1,777,0,114917,71137,219,525,37,95.2381,135.1351,0,0,0,0,0,0
n012w8-0,n012w8,0,5,500000,100.0,adaptive,2026-07-04T12:26:25+01:00,2,2,12,83679,138,0.000000,375,380,375,5,1.3158,LOCAL_BEST,0,777,0,128633,56832,220,2711,-32,18.4434,0.0000,0,0,0,0,0,0
n012w8-0,n012w8,0,5,500000,100.0,adaptive,2026-07-04T12:26:25+01:00,2,5,12,85600,176,0.000000,245,255,245,10,3.9216,GLOBAL_BEST,1,777,0,121300,75422,221,1921,38,52.0562,263.1579,0,0,0,0,0,0
n012w8-0,n012w8,0,5,500000,100.0,adaptive,2026-07-04T12:26:25+01:00,2,1,12,87471,142,8.919900,305,330,305,25,7.5758,LOCAL_BEST,0,777,9337,133525,59630,222,1871,-34,133.6184,0.0000,0,0,0,0,0,0
n012w8-0,n012w8,0,5,500000,100.0,adaptive,2026-07-04T12:26:25+01:00,2,2,12,88512,145,0.000000,370,375,370,5,1.3333,LOCAL_BEST,0,777,0,135715,61069,223,1041,3,48.0307,1666.6667,0,0,0,0,0,0
n012w8-0,n012w8,0,5,500000,100.0,adaptive,2026-07-04T12:26:25+01:00,2,2,12,88546,145,0.000000,360,370,360,10,2.7027,LOCAL_BEST,0,777,0,135769,61095,224,34,0,2941.1765,0.0000,0,0,0,0,0,0
n012w8-0,n012w8,0,5,500000,100.0,adaptive,2026-07-04T12:26:25+01:00,2,2,12,90120,147,0.000000,350,360,350,10,2.7778,LOCAL_BEST,0,777,0,137922,62498,225,1574,2,63.5324,5000.0000,0,0,0,0,0,0
n012w8-0,n012w8,0,5,500000,100.0,adaptive,2026-07-04T12:26:25+01:00,2,2,12,90122,147,0.000000,340,350,340,10,2.8571,LOCAL_BEST,0,777,0,137922,62499,226,2,0,50000.0000,0.0000,0,0,0,0,0,0
n012w8-0,n012w8,0,5,500000,100.0,adaptive,2026-07-04T12:26:25+01:00,2,2,12,92763,152,0.000000,335,340,335,5,1.4706,LOCAL_BEST,0,777,0,141687,64800,227,2641,5,18.9322,1000.0000,0,0,0,0,0,0
n012w8-0,n012w8,0,5,500000,100.0,adaptive,2026-07-04T12:26:25+01:00,2,2,12,92764,152,0.000000,325,335,325,10,2.9851,LOCAL_BEST,0,777,0,141687,64800,228,1,0,100000.0000,0.0000,0,0,0,0,0,0
n012w8-0,n012w8,0,5,500000,100.0,adaptive,2026-07-04T12:26:25+01:00,2,10,12,93429,360,7.565959,240,245,240,5,2.0408,LOCAL_BEST,4,777,9295,143625,65519,229,665,208,75.1880,24.0385,0,0,0,0,0,0
n012w8-0,n012w8,0,5,500000,100.0,adaptive,2026-07-04T12:26:25+01:00,2,5,12,96595,195,0.000000,230,245,230,15,6.1224,GLOBAL_BEST,1,777,0,136874,85610,230,3166,-165,47.3784,0.0000,0,0,0,0,0,0
n012w8-0,n012w8,0,5,500000,100.0,adaptive,2026-07-04T12:26:25+01:00,2,1,12,137471,235,2.240516,305,305,305,0,0.0000,REHEAT,0,777,9469,209695,107063,231,40876,40,0.0000,0.0000,0,0,0,0,0,0
n012w8-0,n012w8,0,5,500000,100.0,adaptive,2026-07-04T12:26:25+01:00,2,2,12,152325,245,0.000000,320,325,320,5,1.5385,LOCAL_BEST,0,777,0,229610,120988,232,14854,10,3.3661,500.0000,0,0,0,0,0,0
n012w8-0,n012w8,0,5,500000,100.0,adaptive,2026-07-04T12:26:25+01:00,2,2,12,166431,271,0.000000,305,320,305,15,4.6875,LOCAL_BEST,0,777,0,250410,134188,233,14106,26,10.6338,576.9231,0,0,0,0,0,0
n012w8-0,n012w8,0,5,500000,100.0,adaptive,2026-07-04T12:26:25+01:00,2,1,12,187471,329,25.118864,795,305,305,0,0.0000,REHEAT,0,777,17614,288342,134403,234,21040,58,0.0000,0.0000,0,0,0,0,0,0
n012w8-0,n012w8,0,5,500000,100.0,adaptive,2026-07-04T12:26:25+01:00,2,8,12,194875,397,0.000000,240,255,240,15,5.8824,LOCAL_BEST,3,777,0,274609,182883,235,7404,68,20.2593,220.5882,0,0,0,0,0,0
n012w8-0,n012w8,0,5,500000,100.0,adaptive,2026-07-04T12:26:25+01:00,2,2,12,214260,349,0.000000,300,305,300,5,1.6393,LOCAL_BEST,0,777,0,319242,179165,236,19385,-48,2.5793,0.0000,0,0,0,0,0,0
n012w8-0,n012w8,0,5,500000,100.0,adaptive,2026-07-04T12:26:25+01:00,2,2,12,214272,349,0.000000,295,300,295,5,1.6667,LOCAL_BEST,0,777,0,319266,179175,237,12,0,4166.6667,0.0000,0,0,0,0,0,0
n012w8-0,n012w8,0,5,500000,100.0,adaptive,2026-07-04T12:26:25+01:00,2,2,12,215375,351,0.000000,290,295,290,5,1.6949,LOCAL_BEST,0,777,0,320876,180190,238,1103,2,45.3309,2500.0000,0,0,0,0,0,0
n012w8-0,n012w8,0,5,500000,100.0,adaptive,2026-07-04T12:26:25+01:00,2,2,12,217468,354,0.000000,275,290,275,15,5.1724,LOCAL_BEST,0,777,0,323723,182143,239,2093,3,71.6675,5000.0000,0,0,0,0,0,0
n012w8-0,n012w8,0,5,500000,100.0,adaptive,2026-07-04T12:26:25+01:00,2,2,12,218709,356,0.000000,265,275,265,10,3.6364,LOCAL_BEST,0,777,0,325526,183271,240,1241,2,80.5802,5000.0000,0,0,0,0,0,0
n012w8-0,n012w8,0,5,500000,100.0,adaptive,2026-07-04T12:26:25+01:00,2,2,12,222532,361,0.000000,250,265,250,15,5.6604,LOCAL_BEST,0,777,0,330756,186794,241,3823,5,39.2362,3000.0000,0,0,0,0,0,0
n012w8-0,n012w8,0,5,500000,100.0,adaptive,2026-07-04T12:26:25+01:00,2,2,12,224305,364,0.000000,235,250,235,15,6.0000,LOCAL_BEST,0,777,0,333258,188432,242,1773,3,84.6024,5000.0000,0,0,0,0,0,0
n012w8-0,n012w8,0,5,500000,100.0,adaptive,2026-07-04T12:26:25+01:00,2,1,12,237471,415,25.118864,835,305,305,0,0.0000,REHEAT,0,777,25653,366681,161924,243,13166,51,0.0000,0.0000,0,0,0,0,0,0
n012w8-0,n012w8,0,5,500000,100.0,adaptive,2026-07-04T12:26:25+01:00,2,1,12,287471,509,25.118864,625,305,305,0,0.0000,REHEAT,0,777,33530,445553,189707,244,50000,94,0.0000,0.0000,0,0,0,0,0,0
n012w8-0,n012w8,0,5,500000,100.0,adaptive,2026-07-04T12:26:25+01:00,2,1,12,337471,623,25.118864,680,305,305,0,0.0000,REHEAT,0,777,41569,524866,217288,245,50000,114,0.0000,0.0000,0,0,0,0,0,0
n012w8-0,n012w8,0,5,500000,100.0,adaptive,2026-07-04T12:26:25+01:00,2,1,12,387471,733,25.118864,655,305,305,0,0.0000,REHEAT,0,777,49649,603741,244832,246,50000,110,0.0000,0.0000,0,0,0,0,0,0
n012w8-0,n012w8,0,5,500000,100.0,adaptive,2026-07-04T12:26:25+01:00,2,1,12,437471,853,25.118864,725,305,305,0,0.0000,REHEAT,0,777,57715,682732,272225,247,50000,120,0.0000,0.0000,0,0,0,0,0,0
n012w8-0,n012w8,0,5,500000,100.0,adaptive,2026-07-04T12:26:25+01:00,2,1,12,487471,956,25.118864,675,305,305,0,0.0000,REHEAT,0,777,65888,761815,299504,248,50000,103,0.0000,0.0000,0,0,0,0,0,0
n012w8-0,n012w8,0,5,500000,100.0,adaptive,2026-07-04T12:26:25+01:00,3,3,24,1,1,0.000000,4130,4310,4130,180,4.1763,LOCAL_BEST,0,777,0,6,0,1,1,1,1800000.0000,180000.0000,0,0,0,0,0,0
n012w8-0,n012w8,0,5,500000,100.0,adaptive,2026-07-04T12:26:25+01:00,3,1,24,2,1,99.997237,4070,4310,4070,240,5.5684,GLOBAL_BEST,0,777,0,0,0,2,1,0,2400000.0000,0.0000,0,0,0,0,0,0
n012w8-0,n012w8,0,5,500000,100.0,adaptive,2026-07-04T12:26:25+01:00,3,2,24,2,1,0.000000,4145,4310,4145,165,3.8283,LOCAL_BEST,0,777,0,5,0,3,0,0,0.0000,0.0000,0,0,0,0,0,0
n012w8-0,n012w8,0,5,500000,100.0,adaptive,2026-07-04T12:26:25+01:00,3,1,24,3,1,99.994474,4040,4070,4040,30,0.7371,GLOBAL_BEST,0,777,0,7,0,4,1,0,300000.0000,0.0000,0,0,0,0,0,0
n012w8-0,n012w8,0,5,500000,100.0,adaptive,2026-07-04T12:26:25+01:00,3,2,24,3,1,0.000000,3965,4145,3965,180,4.3426,GLOBAL_BEST,0,777,0,9,0,5,0,0,0.0000,0.0000,0,0,0,0,0,0
n012w8-0,n012w8,0,5,500000,100.0,adaptive,2026-07-04T12:26:25+01:00,3,3,24,4,1,0.000000,3965,4130,3965,165,3.9952,LOCAL_BEST,0,777,1,10,0,6,1,0,1650000.0000,0.0000,0,0,0,0,0,0
n012w8-0,n012w8,0,5,500000,100.0,adaptive,2026-07-04T12:26:25+01:00,3,2,24,4,1,0.000000,3935,3965,3935,30,0.7566,GLOBAL_BEST,0,777,0,11,0,7,0,0,0.0000,0.0000,0,0,0,0,0,0
n012w8-0,n012w8,0,5,500000,100.0,adaptive,2026-07-04T12:26:25+01:00,3,3,24,5,1,0.000000,3950,3965,3950,15,0.3783,LOCAL_BEST,0,777,1,11,0,8,1,0,150000.0000,0.0000,0,0,0,0,0,0
n012w8-0,n012w8,0,5,500000,100.0,adaptive,2026-07-04T12:26:25+01:00,3,2,24,5,1,0.000000,3755,3935,3755,180,4.5743,GLOBAL_BEST,0,777,0,13,0,9,0,0,0.0000,0.0000,0,0,0,0,0,0
n012w8-0,n012w8,0,5,500000,100.0,adaptive,2026-07-04T12:26:25+01:00,3,1,24,6,1,99.986185,3920,4040,3920,120,2.9703,LOCAL_BEST,0,777,0,14,0,10,1,0,1200000.0000,0.0000,0,0,0,0,0,0
n012w8-0,n012w8,0,5,500000,100.0,adaptive,2026-07-04T12:26:25+01:00,3,3,24,6,1,0.000000,3815,3950,3815,135,3.4177,LOCAL_BEST,0,777,1,14,0,11,0,0,0.0000,0.0000,0,0,0,0,0,0
n012w8-0,n012w8,0,5,500000,100.0,adaptive,2026-07-04T12:26:25+01:00,3,3,24,7,1,0.000000,3710,3815,3710,105,2.7523,GLOBAL_BEST,0,777,1,16,0,12,1,0,1050000.0000,0.0000,0,0,0,0,0,0
n012w8-0,n012w8,0,5,500000,100.0,adaptive,2026-07-04T12:26:25+01:00,3,2,24,7,1,0.000000,3695,3755,3695,60,1.5979,GLOBAL_BEST,0,777,0,21,0,13,0,0,0.0000,0.0000,0,0,0,0,0,0
n012w8-0,n012w8,0,5,500000,100.0,adaptive,2026-07-04T12:26:25+01:00,3,14,24,7,193,0.000000,480,510,480,30,5.8824,GLOBAL_BEST,6,777,0,9,5,14,0,192,0.0000,156.2500,0,0,0,0,0,0
n012w8-0,n012w8,0,5,500000,100.0,adaptive,2026-07-04T12:26:25+01:00,3,3,24,8,1,0.000000,3440,3710,3440,270,7.2776,GLOBAL_BEST,0,777,1,18,0,15,1,-192,2700000.0000,0.0000,0,0,0,0,0,0
n012w8-0,n012w8,0,5,500000,100.0,adaptive,2026-07-04T12:26:25+01:00,3,1,24,9,1,99.977898,3905,3920,3905,15,0.3827,LOCAL_BEST,0,777,0,17,0,16,1,0,150000.0000,0.0000,0,0,0,0,0,0
n012w8-0,n012w8,0,5,500000,100.0,adaptive,2026-07-04T12:26:25+01:00,3,3,24,9,1,0.000000,3110,3440,3110,330,9.5930,GLOBAL_BEST,0,777,1,19,0,17,0,0,0.0000,0.0000,0,0,0,0,0,0
n012w8-0,n012w8,0,5,500000,100.0,adaptive,2026-07-04T12:26:25+01:00,3,1,24,10,1,99.975135,3875,3905,3875,30,0.7682,LOCAL_BEST,0,777,0,22,0,18,1,0,300000.0000,0.0000,0,0,0,0,0,0
n012w8-0,n012w8,0,5,500000,100.0,adaptive,2026-07-04T12:26:25+01:00,3,2,24,10,1,0.000000,3320,3695,3320,375,10.1488,LOCAL_BEST,0,777,0,26,0,19,0,0,0.0000,0.0000,0,0,0,0,0,0
n012w8-0,n012w8,0,5,500000,100.0,adaptive,2026-07-04T12:26:25+01:00,3,2,24,11,1,0.000000,3260,3320,3260,60,1.8072,LOCAL_BEST,0,777,0,26,0,20,1,0,600000.0000,0.0000,0,0,0,0,0,0
n012w8-0,n012w8,0,5,500000,100.0,adaptive,2026-07-04T12:26:25+01:00,3,3,24,11,1,0.000000,3020,3110,3020,90,2.8939,GLOBAL_BEST,0,777,1,23,0,21,0,0,0.0000,0.0000,0,0,0,0,0,0
n012w8-0,n012w8,0,5,500000,100.0,adaptive,2026-07-04T12:26:25+01:00,3,1,24,12,1,99.969610,3810,3875,3810,65,1.6774,LOCAL_BEST,0,777,1,25,0,22,1,0,650000.0000,0.0000,0,0,0,0,0,0
n012w8-0,n012w8,0,5,500000,100.0,adaptive,2026-07-04T12:26:25+01:00,3,3,24,12,1,0.000000,2840,3020,2840,180,5.9603,GLOBAL_BEST,0,777,1,25,0,23,0,0,0.0000,0.0000,0,0,0,0,0,0
n012w8-0,n012w8,0,5,500000,100.0,adaptive,2026-07-04T12:26:25+01:00,3,1,24,13,1,99.966848,3795,3810,3795,15,0.3937,LOCAL_BEST,0,777,1,28,0,24,1,0,150000.0000,0.0000,0,0,0,0,0,0
n012w8-0,n012w8,0,5,500000,100.0,adaptive,2026-07-04T12:26:25+01:00,3,2,24,13,1,0.000000,3230,3260,3230,30,0.9202,LOCAL_BEST,0,777,0,28,0,25,0,0,0.0000,0.0000,0,0,0,0,0,0
n012w8-0,n012w8,0,5,500000,100.0,adaptive,2026-07-04T12:26:25+01:00,3,1,24,14,1,99.964086,3780,3795,3780,15,0.3953,LOCAL_BEST,0,777,1,32,0,26,1,0,150000.0000,0.0000,0,0,0,0,0,0
n012w8-0,n012w8,0,5,500000,100.0,adaptive,2026-07-04T12:26:25+01:00,3,1,24,16,1,99.958562,3735,3780,3735,45,1.1905,LOCAL_BEST,0,777,2,45,0,27,2,0,225000.0000,0.0000,0,0,0,0,0,0
n012w8-0,n012w8,0,5,500000,100.0,adaptive,2026-07-04T12:26:25+01:00,3,2,24,18,1,0.000000,3215,3230,3215,15,0.4644,LOCAL_BEST,0,777,0,30,0,28,2,0,75000.0000,0.0000,0,0,0,0,0,0
n012w8-0,n012w8,0,5,500000,100.0,adaptive,2026-07-04T12:26:25+01:00,3,1,24,19,1,99.950277,3555,3735,3555,180,4.8193,LOCAL_BEST,0,777,2,59,1,29,1,0,1800000.0000,0.0000,0,0,0,0,0,0
n012w8-0,n012w8,0,5,500000,100.0,adaptive,2026-07-04T12:26:25+01:00,3,1,24,20,1,99.947515,3390,3555,3390,165,4.6414,LOCAL_BEST,0,777,2,60,1,30,1,0,1650000.0000,0.0000,0,0,0,0,0,0
n012w8-0,n012w8,0,5,500000,100.0,adaptive,2026-07-04T12:26:25+01:00,3,2,24,21,1,0.000000,3125,3215,3125,90,2.7994,LOCAL_BEST,0,777,0,39,0,31,1,0,900000.0000,0.0000,0,0,0,0,0,0
n012w8-0,n012w8,0,5,500000,100.0,adaptive,2026-07-04T12:26:25+01:00,3,2,24,22,1,0.000000,3095,3125,3095,30,0.9600,LOCAL_BEST,0,777,0,42,0,32,1,0,300000.0000,0.0000,0,0,0,0,0,0
n012w8-0,n012w8,0,5,500000,100.0,adaptive,2026-07-04T12:26:25+01:00,3,1,24,22,1,99.941992,3240,3390,3240,150,4.4248,LOCAL_BEST,0,777,3,64,1,33,0,0,0.0000,0.0000,0,0,0,0,0,0
n012w8-0,n012w8,0,5,500000,100.0,adaptive,2026-07-04T12:26:25+01:00,3,2,24,24,1,0.000000,3065,3095,3065,30,0.9693,LOCAL_BEST,0,777,0,47,0,34,2,0,150000.0000,0.0000,0,0,0,0,0,0
n012w8-0,n012w8,0,5,500000,100.0,adaptive,2026-07-04T12:26:25+01:00,3,1,24,24,1,99.936469,3165,3240,3165,75,2.3148,LOCAL_BEST,0,777,4,66,1,35,0,0,0.0000,0.0000,0,0,0,0,0,0
n012w8-0,n012w8,0,5,500000,100.0,adaptive,2026-07-04T12:26:25+01:00,3,1,24,25,1,99.933708,3015,3165,3015,150,4.7393,LOCAL_BEST,0,777,4,69,1,36,1,0,1500000.0000,0.0000,0,0,0,0,0,0
n012w8-0,n012w8,0,5,500000,100.0,adaptive,2026-07-04T12:26:25+01:00,3,3,24,26,1,0.000000,2820,2840,2820,20,0.7042,GLOBAL_BEST,0,777,4,51,0,37,1,0,200000.0000,0.0000,0,0,0,0,0,0
n012w8-0,n012w8,0,5,500000,100.0,adaptive,2026-07-04T12:26:25+01:00,3,2,24,27,1,0.000000,2900,3065,2900,165,5.3834,LOCAL_BEST,0,777,0,54,0,38,1,0,1650000.0000,0.0000,0,0,0,0,0,0
n012w8-0,n012w8,0,5,500000,100.0,adaptive,2026-07-04T12:26:25+01:00,3,1,24,27,1,99.928185,2955,3015,2955,60,1.9900,LOCAL_BEST,0,777,4,80,1,39,0,0,0.0000,0.0000,0,0,0,0,0,0
n012w8-0,n012w8,0,5,500000,100.0,adaptive,2026-07-04T12:26:25+01:00,3,3,24,28,1,0.000000,2730,2820,2730,90,3.1915,GLOBAL_BEST,0,777,5,52,0,40,1,0,900000.0000,0.0000,0,0,0,0,0,0
n012w8-0,n012w8,0,5,500000,100.0,adaptive,2026-07-04T12:26:25+01:00,3,1,24,28,1,99.925424,2925,2955,2925,30,1.0152,LOCAL_BEST,0,777,4,82,1,41,0,0,0.0000,0.0000,0,0,0,0,0,0
n012w8-0,n012w8,0,5,500000,100.0,adaptive,2026-07-04T12:26:25+01:00,3,1,24,31,1,99.917141,2715,2925,2715,210,7.1795,GLOBAL_BEST,0,777,4,90,1,42,3,0,700000.0000,0.0000,0,0,0,0,0,0
n012w8-0,n012w8,0,5,500000,100.0,adaptive,2026-07-04T12:26:25+01:00,3,1,24,37,1,99.900578,2535,2715,2535,180,6.6298,GLOBAL_BEST,0,777,4,103,2,43,6,0,300000.0000,0.0000,0,0,0,0,0,0
n012w8-0,n012w8,0,5,500000,100.0,adaptive,2026-07-04T12:26:25+01:00,3,1,24,38,1,99.897817,2325,2535,2325,210,8.2840,GLOBAL_BEST,0,777,4,109,2,44,1,0,2100000.0000,0.0000,0,0,0,0,0,0
n012w8-0,n012w8,0,5,500000,100.0,adaptive,2026-07-04T12:26:25+01:00,3,5,24,38,56,0.000000,745,790,745,45,5.6962,GLOBAL_BEST,1,777,0,62,37,45,0,55,0.0000,818.1818,0,0,0,0,0,0
n012w8-0,n012w8,0,5,500000,100.0,adaptive,2026-07-04T12:26:25+01:00,3,3,24,41,1,0.000000,2700,2730,2700,30,1.0989,LOCAL_BEST,0,777,10,74,0,46,3,-55,100000.0000,0.0000,0,0,0,0,0,0
n012w8-0,n012w8,0,5,500000,100.0,adaptive,2026-07-04T12:26:25+01:00,3,2,24,41,1,0.000000,2635,2900,2635,265,9.1379,GLOBAL_BEST,0,777,0,84,0,47,0,0,0.0000,0.0000,0,0,0,0,0,0
n012w8-0,n012w8,0,5,500000,100.0,adaptive,2026-07-04T12:26:25+01:00,3,1,24,41,1,99.889537,2265,2325,2265,60,2.5806,GLOBAL_BEST,0,777,4,123,4,48,0,0,0.0000,0.0000,0,0,0,0,0,0
n012w8-0,n012w8,0,5,500000,100.0,adaptive,2026-07-04T12:26:25+01:00,3,3,24,42,1,0.000000,2640,2700,2640,60,2.2222,LOCAL_BEST,0,777,10,74,0,49,1,0,600000.0000,0.0000,0,0,0,0,0,0
n012w8-0,n012w8,0,5,500000,100.0,adaptive,2026-07-04T12:26:25+01:00,3,1,24,42,1,99.886777,2175,2265,2175,90,3.9735,GLOBAL_BEST,0,777,4,127,4,50,0,0,0.0000,0.0000,0,0,0,0,0,0
n012w8-0,n012w8,0,5,500000,100.0,adaptive,2026-07-04T12:26:25+01:00,3,2,24,47,1,0.000000,2515,2635,2515,120,4.5541,LOCAL_BEST,0,777,0,100,0,51,5,0,240000.0000,0.0000,0,0,0,0,0,0
n012w8-0,n012w8,0,5,500000,100.0,adaptive,2026-07-04T12:26:25+01:00,3,2,24,48,1,0.000000,2470,2515,2470,45,1.7893,LOCAL_BEST,0,777,0,101,0,52,1,0,450000.0000,0.0000,0,0,0,0,0,0
n012w8-0,n012w8,0,5,500000,100.0,adaptive,2026-07-04T12:26:25+01:00,3,1,24,51,1,99.861940,2130,2175,2130,45,2.0690,GLOBAL_BEST,0,777,8,150,5,53,3,0,150000.0000,0.0000,0,0,0,0,0,0
n012w8-0,n012w8,0,5,500000,100.0,adaptive,2026-07-04T12:26:25+01:00,3,3,24,57,1,0.000000,2590,2640,2590,50,1.8939,LOCAL_BEST,0,777,13,96,0,54,6,0,83333.3333,0.0000,0,0,0,0,0,0
n012w8-0,n012w8,0,5,500000,100.0,adaptive,2026-07-04T12:26:25+01:00,3,1,24,59,1,99.839868,2120,2130,2120,10,0.4695,GLOBAL_BEST,0,777,12,161,6,55,2,0,50000.0000,0.0000,0,0,0,0,0,0
n012w8-0,n012w8,0,5,500000,100.0,adaptive,2026-07-04T12:26:25+01:00,3,3,24,60,1,0.000000,2470,2590,2470,120,4.6332,LOCAL_BEST,0,777,13,101,0,56,1,0,1200000.0000,0.0000,0,0,0,0,0,0
n012w8-0,n012w8,0,5,500000,100.0,adaptive,2026-07-04T12:26:25+01:00,3,3,24,62,1,0.000000,2370,2470,2370,100,4.0486,LOCAL_BEST,0,777,14,104,0,57,2,0,500000.0000,0.0000,0,0,0,0,0,0
n012w8-0,n012w8,0,5,500000,100.0,adaptive,2026-07-04T12:26:25+01:00,3,2,24,69,1,0.000000,2465,2470,2465,5,0.2024,LOCAL_BEST,0,777,0,133,0,58,7,0,7142.8571,0.0000,0,0,0,0,0,0
n012w8-0,n012w8,0,5,500000,100.0,adaptive,2026-07-04T12:26:25+01:00,3,1,24,76,1,99.792982,2075,2120,2075,45,2.1226,GLOBAL_BEST,0,777,15,190,11,59,7,0,64285.7143,0.0000,0,0,0,0,0,0
n012w8-0,n012w8,0,5,500000,100.0,adaptive,2026-07-04T12:26:25+01:00,3,1,24,77,1,99.790225,1955,2075,1955,120,5.7831,GLOBAL_BEST,0,777,15,194,11,60,1,0,1200000.0000,0.0000,0,0,0,0,0,0
n012w8-0,n012w8,0,5,500000,100.0,adaptive,2026-07-04T12:26:25+01:00,3,2,24,80,1,0.000000,2450,2465,2450,15,0.6085,LOCAL_BEST,0,777,0,151,0,61,3,0,50000.0000,0.0000,0,0,0,0,0,0
n012w8-0,n012w8,0,5,500000,100.0,adaptive,2026-07-04T12:26:25+01:00,3,3,24,81,1,0.000000,2280,2370,2280,90,3.7975,LOCAL_BEST,0,777,22,133,1,62,1,0,900000.0000,0.0000,0,0,0,0,0,0
n012w8-0,n012w8,0,5,500000,100.0,adaptive,2026-07-04T12:26:25+01:00,3,2,24,81,1,0.000000,2330,2450,2330,120,4.8980,LOCAL_BEST,0,777,0,151,0,63,0,0,0.0000,0.0000,0,0,0,0,0,0
n012w8-0,n012w8,0,5,500000,100.0,adaptive,2026-07-04T12:26:25+01:00,3,1,24,97,1,99.735094,1910,1955,1910,45,2.3018,GLOBAL_BEST,0,777,21,212,18,64,16,0,28125.0000,0.0000,0,0,0,0,0,0
n012w8-0,n012w8,0,5,500000,100.0,adaptive,2026-07-04T12:26:25+01:00,3,2,24,104,1,0.000000,2295,2330,2295,35,1.5021,LOCAL_BEST,0,777,0,197,0,65,7,0,50000.0000,0.0000,0,0,0,0,0,0
n012w8-0,n012w8,0,5,500000,100.0,adaptive,2026-07-04T12:26:25+01:00,3,1,24,104,1,99.715805,1880,1910,1880,30,1.5707,GLOBAL_BEST,0,777,22,228,22,66,0,0,0.0000,0.0000,0,0,0,0,0,0
n012w8-0,n012w8,0,5,500000,100.0,adaptive,2026-07-04T12:26:25+01:00,3,2,24,107,1,0.000000,2255,2295,2255,40,1.7429,LOCAL_BEST,0,777,0,205,0,67,3,0,133333.3333,0.0000,0,0,0,0,0,0
n012w8-0,n012w8,0,5,500000,100.0,adaptive,2026-07-04T12:26:25+01:00,3,2,24,109,1,0.000000,2225,2255,2225,30,1.3304,LOCAL_BEST,0,777,0,208,0,68,2,0,150000.0000,0.0000,0,0,0,0,0,0
n012w8-0,n012w8,0,5,500000,100.0,adaptive,2026-07-04T12:26:25+01:00,3,2,24,110,1,0.000000,2045,2225,2045,180,8.0899,LOCAL_BEST,0,777,0,211,0,69,1,0,1800000.0000,0.0000,0,0,0,0,0,0
n012w8-0,n012w8,0,5,500000,100.0,adaptive,2026-07-04T12:26:25+01:00,3,1,24,111,1,99.696520,1850,1880,1850,30,1.5957,GLOBAL_BEST,0,777,23,252,27,70,1,0,300000.0000,0.0000,0,0,0,0,0,0
n012w8-0,n012w8,0,5,500000,100.0,adaptive,2026-07-04T12:26:25+01:00,3,2,24,113,1,0.000000,2030,2045,2030,15,0.7335,LOCAL_BEST,0,777,0,211,0,71,2,0,75000.0000,0.0000,0,0,0,0,0,0
n012w8-0,n012w8,0,5,500000,100.0,adaptive,2026-07-04T12:26:25+01:00,3,1,24,115,1,99.685502,1790,1850,1790,60,3.2432,GLOBAL_BEST,0,777,23,257,28,72,2,0,300000.0000,0.0000,0,0,0,0,0,0
n012w8-0,n012w8,0,5,500000,100.0,adaptive,2026-07-04T12:26:25+01:00,3,2,24,119,1,0.000000,1905,2030,1905,125,6.1576,GLOBAL_BEST,0,777,0,217,0,73,4,0,312500.0000,0.0000,0,0,0,0,0,0
n012w8-0,n012w8,0,5,500000,100.0,adaptive,2026-07-04T12:26:25+01:00,3,1,24,126,1,99.655208,1760,1790,1760,30,1.6760,GLOBAL_BEST,0,777,24,275,35,74,7,0,42857.1429,0.0000,0,0,0,0,0,0
n012w8-0,n012w8,0,5,500000,100.0,adaptive,2026-07-04T12:26:25+01:00,3,1,24,128,1,99.649701,1730,1760,1730,30,1.7045,GLOBAL_BEST,0,777,24,289,36,75,2,0,150000.0000,0.0000,0,0,0,0,0,0
n012w8-0,n012w8,0,5,500000,100.0,adaptive,2026-07-04T12:26:25+01:00,3,11,24,128,123,0.000000,520,535,520,15,2.8037,GLOBAL_BEST,4,777,0,145,118,76,0,122,0.0000,122.9508,0,0,0,0,0,0
n012w8-0,n012w8,0,5,500000,100.0,adaptive,2026-07-04T12:26:25+01:00,3,5,24,161,56,0.000000,740,745,740,5,0.6711,GLOBAL_BEST,1,777,0,250,135,77,33,-67,1515.1515,0.0000,0,0,0,0,0,0
n012w8-0,n012w8,0,5,500000,100.0,adaptive,2026-07-04T12:26:25+01:00,3,3,24,215,1,0.000000,2005,2280,2005,275,12.0614,LOCAL_BEST,0,777,72,357,7,78,54,-55,50925.9259,0.0000,0,0,0,0,0,0
n012w8-0,n012w8,0,5,500000,100.0,adaptive,2026-07-04T12:26:25+01:00,3,3,24,216,1,0.000000,1945,2005,1945,60,2.9925,LOCAL_BEST,0,777,72,358,7,79,1,0,600000.0000,0.0000,0,0,0,0,0,0
n012w8-0,n012w8,0,5,500000,100.0,adaptive,2026-07-04T12:26:25+01:00,3,5,24,221,58,0.000000,725,740,725,15,2.0270,GLOBAL_BEST,1,777,0,322,184,80,5,57,30000.0000,263.1579,0,0,0,0,0,0
n012w8-0,n012w8,0,5,500000,100.0,adaptive,2026-07-04T12:26:25+01:00,3,3,24,225,1,0.000000,1910,1945,1910,35,1.7995,LOCAL_BEST,0,777,76,368,7,81,4,-57,87500.0000,0.0000,0,0,0,0,0,0
n012w8-0,n012w8,0,5,500000,100.0,adaptive,2026-07-04T12:26:25+01:00,3,3,24,227,1,0.000000,1880,1910,1880,30,1.5707,LOCAL_BEST,0,777,76,372,7,82,2,0,150000.0000,0.0000,0,0,0,0,0,0
n012w8-0,n012w8,0,5,500000,100.0,adaptive,2026-07-04T12:26:25+01:00,3,3,24,228,1,0.000000,1805,1880,1805,75,3.9894,LOCAL_BEST,0,777,76,374,7,83,1,0,750000.0000,0.0000,0,0,0,0,0,0
n012w8-0,n012w8,0,5,500000,100.0,adaptive,2026-07-04T12:26:25+01:00,3,1,24,234,1,99.358265,1725,1730,1725,5,0.2890,GLOBAL_BEST,0,777,52,453,68,84,6,0,8333.3333,0.0000,0,0,0,0,0,0
n012w8-0,n012w8,0,5,500000,100.0,adaptive,2026-07-04T12:26:25+01:00,3,1,24,235,1,99.355520,1665,1725,1665,60,3.4783,GLOBAL_BEST,0,777,52,455,68,85,1,0,600000.0000,0.0000,0,0,0,0,0,0
n012w8-0,n012w8,0,5,500000,100.0,adaptive,2026-07-04T12:26:25+01:00,3,1,24,261,1,99.284168,1640,1665,1640,25,1.5015,GLOBAL_BEST,0,777,58,499,79,86,26,0,9615.3846,0.0000,0,0,0,0,0,0
n012w8-0,n012w8,0,5,500000,100.0,adaptive,2026-07-04T12:26:25+01:00,3,5,24,382,58,0.000000,710,725,710,15,2.0690,GLOBAL_BEST,1,777,0,571,317,87,121,57,1239.6694,263.1579,0,0,0,0,0,0
n012w8-0,n012w8,0,5,500000,100.0,adaptive,2026-07-04T12:26:25+01:00,3,14,24,409,194,0.000000,465,480,465,15,3.1250,GLOBAL_BEST,6,777,0,593,366,88,27,136,5555.5556,110.2941,0,0,0,0,0,0
n012w8-0,n012w8,0,5,500000,100.0,adaptive,2026-07-04T12:26:25+01:00,3,1,24,433,2,98.813436,1515,1640,1515,125,7.6220,GLOBAL_BEST,0,777,101,811,133,89,24,-192,52083.3333,0.0000,0,0,0,0,0,0
n012w8-0,n012w8,0,5,500000,100.0,adaptive,2026-07-04T12:26:25+01:00,3,8,24,448,101,0.000000,585,600,585,15,2.5000,LOCAL_BEST,3,777,0,719,420,90,15,99,10000.0000,151.5152,0,0,0,0,0,0
n012w8-0,n012w8,0,5,500000,100.0,adaptive,2026-07-04T12:26:25+01:00,3,1,24,464,2,98.728832,1445,1515,1445,70,4.6205,GLOBAL_BEST,0,777,107,845,146,91,16,-99,43750.0000,0.0000,0,0,0,0,0,0
n012w8-0,n012w8,0,5,500000,100.0,adaptive,2026-07-04T12:26:25+01:00,3,1,24,469,2,98.715193,1435,1445,1435,10,0.6920,GLOBAL_BEST,0,777,109,859,148,92,5,0,20000.0000,0.0000,0,0,0,0,0,0
n012w8-0,n012w8,0,5,500000,100.0,adaptive,2026-07-04T12:26:25+01:00,3,1,24,474,2,98.701556,1375,1435,1375,60,4.1812,GLOBAL_BEST,0,777,109,867,151,93,5,0,120000.0000,0.0000,0,0,0,0,0,0
n012w8-0,n012w8,0,5,500000,100.0,adaptive,2026-07-04T12:26:25+01:00,3,1,24,522,2,98.570736,1365,1375,1365,10,0.7273,GLOBAL_BEST,0,777,116,964,177,94,48,0,2083.3333,0.0000,0,0,0,0,0,0
n012w8-0,n012w8,0,5,500000,100.0,adaptive,2026-07-04T12:26:25+01:00,3,1,24,529,2,98.551673,1320,1365,1320,45,3.2967,GLOBAL_BEST,0,777,116,973,182,95,7,0,64285.7143,0.0000,0,0,0,0,0,0
n012w8-0,n012w8,0,5,500000,100.0,adaptive,2026-07-04T12:26:25+01:00,3,2,24,580,2,0.000000,1870,1905,1870,35,1.8373,LOCAL_BEST,0,777,0,1006,0,96,51,0,6862.7451,0.0000,0,0,0,0,0,0
n012w8-0,n012w8,0,5,500000,100.0,adaptive,2026-07-04T12:26:25+01:00,3,1,24,753,2,97.943586,1305,1320,1305,15,1.1364,GLOBAL_BEST,0,777,168,1325,250,97,173,0,867.0520,0.0000,0,0,0,0,0,0
n012w8-0,n012w8,0,5,500000,100.0,adaptive,2026-07-04T12:26:25+01:00,3,1,24,755,2,97.938173,1290,1305,1290,15,1.1494,GLOBAL_BEST,0,777,168,1327,251,98,2,0,75000.0000,0.0000,0,0,0,0,0,0
n012w8-0,n012w8,0,5,500000,100.0,adaptive,2026-07-04T12:26:25+01:00,3,1,24,757,2,97.932761,1260,1290,1260,30,2.3256,GLOBAL_BEST,0,777,168,1329,252,99,2,0,150000.0000,0.0000,0,0,0,0,0,0
n012w8-0,n012w8,0,5,500000,100.0,adaptive,2026-07-04T12:26:25+01:00,3,8,24,1115,102,0.000000,570,585,570,15,2.5641,LOCAL_BEST,3,777,0,1740,1038,100,358,100,418.9944,150.0000,0,0,0,0,0,0
n012w8-0,n012w8,0,5,500000,100.0,adaptive,2026-07-04T12:26:25+01:00,3,2,24,1140,3,0.000000,1850,1870,1850,20,1.0695,LOCAL_BEST,0,777,0,1975,20,101,25,-99,8000.0000,0.0000,0,0,0,0,0,0
n012w8-0,n012w8,0,5,500000,100.0,adaptive,2026-07-04T12:26:25+01:00,3,2,24,1202,3,0.000000,1795,1850,1795,55,2.9730,LOCAL_BEST,0,777,0,2076,23,102,62,0,8870.9677,0.0000,0,0,0,0,0,0
n012w8-0,n012w8,0,5,500000,100.0,adaptive,2026-07-04T12:26:25+01:00,3,5,24,1423,59,0.000000,700,710,700,10,1.4085,GLOBAL_BEST,1,777,0,2265,1201,103,221,56,452.4887,178.5714,0,0,0,0,0,0
n012w8-0,n012w8,0,5,500000,100.0,adaptive,2026-07-04T12:26:25+01:00,3,5,24,1425,59,0.000000,670,700,670,30,4.2857,GLOBAL_BEST,1,777,0,2271,1202,104,2,0,150000.0000,0.0000,0,0,0,0,0,0
n012w8-0,n012w8,0,5,500000,100.0,adaptive,2026-07-04T12:26:25+01:00,3,2,24,1429,3,0.000000,1715,1795,1715,80,4.4568,LOCAL_BEST,0,777,0,2464,53,105,4,-56,200000.0000,0.0000,0,0,0,0,0,0
n012w8-0,n012w8,0,5,500000,100.0,adaptive,2026-07-04T12:26:25+01:00,3,2,24,1520,4,0.000000,1650,1715,1650,65,3.7901,LOCAL_BEST,0,777,0,2619,68,106,91,1,7142.8571,65000.0000,0,0,0,0,0,0
n012w8-0,n012w8,0,5,500000,100.0,adaptive,2026-07-04T12:26:25+01:00,3,2,24,1525,4,0.000000,1635,1650,1635,15,0.9091,LOCAL_BEST,0,777,0,2627,68,107,5,0,30000.0000,0.0000,0,0,0,0,0,0
n012w8-0,n012w8,0,5,500000,100.0,adaptive,2026-07-04T12:26:25+01:00,3,2,24,1615,4,0.000000,1580,1635,1580,55,3.3639,LOCAL_BEST,0,777,0,2758,82,108,90,0,6111.1111,0.0000,0,0,0,0,0,0
n012w8-0,n012w8,0,5,500000,100.0,adaptive,2026-07-04T12:26:25+01:00,3,1,24,1929,4,94.812151,1220,1260,1220,40,3.1746,GLOBAL_BEST,0,777,469,3289,625,109,314,0,1273.8854,0.0000,0,0,0,0,0,0
n012w8-0,n012w8,0,5,500000,100.0,adaptive,2026-07-04T12:26:25+01:00,3,2,24,3395,6,0.000000,1550,1580,1550,30,1.8987,LOCAL_BEST,0,777,0,5753,431,110,1466,2,204.6385,15000.0000,0,0,0,0,0,0
n012w8-0,n012w8,0,5,500000,100.0,adaptive,2026-07-04T12:26:25+01:00,3,1,24,3595,7,90.546569,1100,1220,1100,120,9.8361,GLOBAL_BEST,0,777,878,5926,1211,111,200,1,6000.0000,120000.0000,0,0,0,0,0,0
n012w8-0,n012w8,0,5,500000,100.0,adaptive,2026-07-04T12:26:25+01:00,3,2,24,3602,7,0.000000,1540,1550,1540,10,0.6452,LOCAL_BEST,0,777,0,6074,505,112,7,0,14285.7143,0.0000,0,0,0,0,0,0
n012w8-0,n012w8,0,5,500000,100.0,adaptive,2026-07-04T12:26:25+01:00,3,5,24,3709,63,0.000000,665,670,665,5,0.7463,GLOBAL_BEST,1,777,0,5943,3109,113,107,56,467.2897,89.2857,0,0,0,0,0,0
n012w8-0,n012w8,0,5,500000,100.0,adaptive,2026-07-04T12:26:25+01:00,3,2,24,4141,8,0.000000,1510,1540,1510,30,1.9481,LOCAL_BEST,0,777,0,6927,627,114,432,-55,694.4444,0.0000,0,0,0,0,0,0
n012w8-0,n012w8,0,5,500000,100.0,adaptive,2026-07-04T12:26:25+01:00,3,2,24,4142,8,0.000000,1480,1510,1480,30,1.9868,LOCAL_BEST,0,777,0,6929,627,115,1,0,300000.0000,0.0000,0,0,0,0,0,0
n012w8-0,n012w8,0,5,500000,100.0,adaptive,2026-07-04T12:26:25+01:00,3,3,24,4490,8,0.000000,1785,1805,1785,20,1.1080,LOCAL_BEST,0,777,1655,7771,170,116,348,0,574.7126,0.0000,0,0,0,0,0,0
n012w8-0,n012w8,0,5,500000,100.0,adaptive,2026-07-04T12:26:25+01:00,3,3,24,4492,8,0.000000,1770,1785,1770,15,0.8403,LOCAL_BEST,0,777,1655,7775,170,117,2,0,75000.0000,0.0000,0,0,0,0,0,0
n012w8-0,n012w8,0,5,500000,100.0,adaptive,2026-07-04T12:26:25+01:00,3,3,24,4493,8,0.000000,1740,1770,1740,30,1.6949,LOCAL_BEST,0,777,1655,7777,170,118,1,0,300000.0000,0.0000,0,0,0,0,0,0
n012w8-0,n012w8,0,5,500000,100.0,adaptive,2026-07-04T12:26:25+01:00,3,3,24,4494,8,0.000000,1655,1740,1655,85,4.8851,LOCAL_BEST,0,777,1655,7777,170,119,1,0,850000.0000,0.0000,0,0,0,0,0,0
n012w8-0,n012w8,0,5,500000,100.0,adaptive,2026-07-04T12:26:25+01:00,3,2,24,5569,11,0.000000,1430,1480,1430,50,3.3784,LOCAL_BEST,0,777,0,9196,1128,120,1075,3,465.1163,16666.6667,0,0,0,0,0,0
n012w8-0,n012w8,0,5,500000,100.0,adaptive,2026-07-04T12:26:25+01:00,3,14,24,6137,208,0.000000,450,465,450,15,3.2258,GLOBAL_BEST,6,777,0,8877,5678,121,568,197,264.0845,76.1421,0,0,0,0,0,0
n012w8-0,n012w8,0,5,500000,100.0,adaptive,2026-07-04T12:26:25+01:00,3,8,24,6893,110,0.000000,560,570,560,10,1.7544,GLOBAL_BEST,3,777,0,10341,6286,122,756,-98,132.2751,0.0000,0,0,0,0,0,0
n012w8-0,n012w8,0,5,500000,100.0,adaptive,2026-07-04T12:26:25+01:00,3,1,24,7348,14,81.627407,1060,1100,1060,40,3.6364,GLOBAL_BEST,0,777,1706,11857,2723,123,455,-96,879.1209,0.0000,0,0,0,0,0,0
n012w8-0,n012w8,0,5,500000,100.0,adaptive,2026-07-04T12:26:25+01:00,3,1,24,7353,14,81.616130,1000,1060,1000,60,5.6604,GLOBAL_BEST,0,777,1707,11868,2725,124,5,0,120000.0000,0.0000,0,0,0,0,0,0
n012w8-0,n012w8,0,5,500000,100.0,adaptive,2026-07-04T12:26:25+01:00,3,1,24,7361,14,81.598091,985,1000,985,15,1.5000,GLOBAL_BEST,0,777,1708,11882,2731,125,8,0,18750.0000,0.0000,0,0,0,0,0,0
n012w8-0,n012w8,0,5,500000,100.0,adaptive,2026-07-04T12:26:25+01:00,3,1,24,7410,14,81.487689,980,985,980,5,0.5076,GLOBAL_BEST,0,777,1718,11957,2758,126,49,0,1020.4082,0.0000,0,0,0,0,0,0
n012w8-0,n012w8,0,5,500000,100.0,adaptive,2026-07-04T12:26:25+01:00,3,1,24,7412,14,81.483186,920,980,920,60,6.1224,GLOBAL_BEST,0,777,1718,11961,2759,127,2,0,300000.0000,0.0000,0,0,0,0,0,0
n012w8-0,n012w8,0,5,500000,100.0,adaptive,2026-07-04T12:26:25+01:00,3,2,24,7878,15,0.000000,1425,1430,1425,5,0.3497,LOCAL_BEST,0,777,0,12918,1979,128,466,1,107.2961,5000.0000,0,0,0,0,0,0
n012w8-0,n012w8,0,5,500000,100.0,adaptive,2026-07-04T12:26:25+01:00,3,2,24,7879,15,0.000000,1410,1425,1410,15,1.0526,LOCAL_BEST,0,777,0,12920,1979,129,1,0,150000.0000,0.0000,0,0,0,0,0,0
n012w8-0,n012w8,0,5,500000,100.0,adaptive,2026-07-04T12:26:25+01:00,3,2,24,7880,15,0.000000,1380,1410,1380,30,2.1277,LOCAL_BEST,0,777,0,12926,1979,130,1,0,300000.0000,0.0000,0,0,0,0,0,0
n012w8-0,n012w8,0,5,500000,100.0,adaptive,2026-07-04T12:26:25+01:00,3,2,24,7881,15,0.000000,1365,1380,1365,15,1.0870,LOCAL_BEST,0,777,0,12926,1979,131,1,0,150000.0000,0.0000,0,0,0,0,0,0
n012w8-0,n012w8,0,5,500000,100.0,adaptive,2026-07-04T12:26:25+01:00,3,2,24,7933,15,0.000000,1270,1365,1270,95,6.9597,LOCAL_BEST,0,777,0,13012,1997,132,52,0,18269.2308,0.0000,0,0,0,0,0,0
n012w8-0,n012w8,0,5,500000,100.0,adaptive,2026-07-04T12:26:25+01:00,3,8,24,8897,114,0.000000,545,560,545,15,2.6786,GLOBAL_BEST,3,777,0,13262,8108,133,964,99,155.6017,151.5152,0,0,0,0,0,0
n012w8-0,n012w8,0,5,500000,100.0,adaptive,2026-07-04T12:26:25+01:00,3,5,24,9205,72,0.000000,635,665,635,30,4.5113,GLOBAL_BEST,1,777,0,14394,7763,134,308,-42,974.0260,0.0000,0,0,0,0,0,0
n012w8-0,n012w8,0,5,500000,100.0,adaptive,2026-07-04T12:26:25+01:00,3,2,24,10872,20,0.000000,1260,1270,1260,10,0.7874,LOCAL_BEST,0,777,0,17612,3258,135,1667,-52,59.9880,0.0000,0,0,0,0,0,0
n012w8-0,n012w8,0,5,500000,100.0,adaptive,2026-07-04T12:26:25+01:00,3,2,24,10873,20,0.000000,1230,1260,1230,30,2.3810,LOCAL_BEST,0,777,0,17614,3258,136,1,0,300000.0000,0.0000,0,0,0,0,0,0
n012w8-0,n012w8,0,5,500000,100.0,adaptive,2026-07-04T12:26:25+01:00,3,2,24,11753,22,0.000000,1210,1230,1210,20,1.6260,LOCAL_BEST,0,777,0,18994,3699,137,880,2,227.2727,10000.0000,0,0,0,0,0,0
n012w8-0,n012w8,0,5,500000,100.0,adaptive,2026-07-04T12:26:25+01:00,3,2,24,12385,23,0.000000,1190,1210,1190,20,1.6529,LOCAL_BEST,0,777,0,20009,4001,138,632,1,316.4557,20000.0000,0,0,0,0,0,0
n012w8-0,n012w8,0,5,500000,100.0,adaptive,2026-07-04T12:26:25+01:00,3,2,24,12693,23,0.000000,1100,1190,1100,90,7.5630,LOCAL_BEST,0,777,0,20514,4148,139,308,0,2922.0779,0.0000,0,0,0,0,0,0
n012w8-0,n012w8,0,5,500000,100.0,adaptive,2026-07-04T12:26:25+01:00,3,1,24,14296,26,67.368984,910,920,910,10,1.0870,GLOBAL_BEST,0,777,3145,22954,5804,140,1603,3,62.3830,3333.3333,0,0,0,0,0,0
n012w8-0,n012w8,0,5,500000,100.0,adaptive,2026-07-04T12:26:25+01:00,3,1,24,14317,26,67.329905,895,910,895,15,1.6484,GLOBAL_BEST,0,777,3147,22984,5819,141,21,0,7142.8571,0.0000,0,0,0,0,0,0
n012w8-0,n012w8,0,5,500000,100.0,adaptive,2026-07-04T12:26:25+01:00,3,3,24,14886,29,0.000000,1585,1655,1585,70,4.2296,LOCAL_BEST,0,777,5542,25802,554,142,569,3,1230.2285,23333.3333,0,0,0,0,0,0
n012w8-0,n012w8,0,5,500000,100.0,adaptive,2026-07-04T12:26:25+01:00,3,5,24,17285,84,0.000000,625,635,625,10,1.5748,GLOBAL_BEST,1,777,0,26557,14836,143,2399,55,41.6840,181.8182,0,0,0,0,0,0
n012w8-0,n012w8,0,5,500000,100.0,adaptive,2026-07-04T12:26:25+01:00,3,14,24,18428,233,0.000000,435,450,435,15,3.3333,GLOBAL_BEST,6,777,0,27083,17120,144,1143,149,131.2336,100.6711,0,0,0,0,0,0
n012w8-0,n012w8,0,5,500000,100.0,adaptive,2026-07-04T12:26:25+01:00,3,2,24,20106,35,0.000000,1035,1100,1035,65,5.9091,LOCAL_BEST,0,777,0,32136,8248,145,1678,-198,387.3659,0.0000,0,0,0,0,0,0
n012w8-0,n012w8,0,5,500000,100.0,adaptive,2026-07-04T12:26:25+01:00,3,2,24,20416,37,0.000000,950,1035,950,85,8.2126,LOCAL_BEST,0,777,0,32591,8398,146,310,2,2741.9355,42500.0000,0,0,0,0,0,0
n012w8-0,n012w8,0,5,500000,100.0,adaptive,2026-07-04T12:26:25+01:00,3,5,24,20734,90,0.000000,610,625,610,15,2.4000,GLOBAL_BEST,1,777,0,31894,17860,147,318,53,471.6981,283.0189,0,0,0,0,0,0
n012w8-0,n012w8,0,5,500000,100.0,adaptive,2026-07-04T12:26:25+01:00,3,1,24,21420,39,55.331443,805,895,805,90,10.0559,GLOBAL_BEST,0,777,4415,34296,9313,148,686,-51,1311.9534,0.0000,0,0,0,0,0,0
n012w8-0,n012w8,0,5,500000,100.0,adaptive,2026-07-04T12:26:25+01:00,3,2,24,23442,42,0.000000,935,950,935,15,1.5789,LOCAL_BEST,0,777,0,37112,10199,149,2022,3,74.1840,5000.0000,0,0,0,0,0,0
n012w8-0,n012w8,0,5,500000,100.0,adaptive,2026-07-04T12:26:25+01:00,3,5,24,23653,94,0.000000,605,610,605,5,0.8197,GLOBAL_BEST,1,777,0,36193,20437,150,211,52,236.9668,96.1538,0,0,0,0,0,0
n012w8-0,n012w8,0,5,500000,100.0,adaptive,2026-07-04T12:26:25+01:00,3,2,24,26298,46,0.000000,930,935,930,5,0.5348,LOCAL_BEST,0,777,0,41492,12001,151,2645,-48,18.9036,0.0000,0,0,0,0,0,0
n012w8-0,n012w8,0,5,500000,100.0,adaptive,2026-07-04T12:26:25+01:00,3,5,24,26518,99,0.000000,600,605,600,5,0.8264,GLOBAL_BEST,1,777,0,40238,22939,152,220,53,227.2727,94.3396,0,0,0,0,0,0
n012w8-0,n012w8,0,5,500000,100.0,adaptive,2026-07-04T12:26:25+01:00,3,5,24,27079,100,0.000000,585,600,585,15,2.5000,GLOBAL_BEST,1,777,0,41085,23437,153,561,1,267.3797,15000.0000,0,0,0,0,0,0
n012w8-0,n012w8,0,5,500000,100.0,adaptive,2026-07-04T12:26:25+01:00,3,5,24,27524,101,0.000000,570,585,570,15,2.5641,GLOBAL_BEST,1,777,0,41723,23821,154,445,1,337.0787,15000.0000,0,0,0,0,0,0
n012w8-0,n012w8,0,5,500000,100.0,adaptive,2026-07-04T12:26:25+01:00,3,2,24,28801,51,0.000000,905,930,905,25,2.6882,LOCAL_BEST,0,777,0,45230,13693,155,1277,-50,195.7713,0.0000,0,0,0,0,0,0
n012w8-0,n012w8,0,5,500000,100.0,adaptive,2026-07-04T12:26:25+01:00,3,3,24,30004,56,0.000000,1505,1585,1505,80,5.0473,LOCAL_BEST,0,777,11182,51426,1122,156,1203,5,665.0042,16000.0000,0,0,0,0,0,0
n012w8-0,n012w8,0,5,500000,100.0,adaptive,2026-07-04T12:26:25+01:00,3,1,24,31560,56,41.811139,790,805,790,15,1.8634,GLOBAL_BEST,0,777,5904,50249,15137,157,1556,0,96.4010,0.0000,0,0,0,0,0,0
n012w8-0,n012w8,0,5,500000,100.0,adaptive,2026-07-04T12:26:25+01:00,3,1,24,31567,56,41.803053,760,790,760,30,3.7975,GLOBAL_BEST,0,777,5904,50256,15143,158,7,0,42857.1429,0.0000,0,0,0,0,0,0
n012w8-0,n012w8,0,5,500000,100.0,adaptive,2026-07-04T12:26:25+01:00,3,1,24,33352,60,39.791288,750,760,750,10,1.3158,LOCAL_BEST,0,777,6130,52972,16290,159,1785,4,56.0224,2500.0000,0,0,0,0,0,0
n012w8-0,n012w8,0,5,500000,100.0,adaptive,2026-07-04T12:26:25+01:00,3,1,24,33473,60,39.658474,740,750,740,10,1.3333,LOCAL_BEST,0,777,6143,53136,16373,160,121,0,826.4463,0.0000,0,0,0,0,0,0
n012w8-0,n012w8,0,5,500000,100.0,adaptive,2026-07-04T12:26:25+01:00,3,2,24,34262,60,0.000000,865,905,865,40,4.4199,LOCAL_BEST,0,777,0,53489,17410,161,789,0,506.9708,0.0000,0,0,0,0,0,0
n012w8-0,n012w8,0,5,500000,100.0,adaptive,2026-07-04T12:26:25+01:00,3,2,24,34841,61,0.000000,860,865,860,5,0.5780,LOCAL_BEST,0,777,0,54345,17796,162,579,1,86.3558,5000.0000,0,0,0,0,0,0
n012w8-0,n012w8,0,5,500000,100.0,adaptive,2026-07-04T12:26:25+01:00,3,2,24,35198,61,0.000000,805,860,805,55,6.3953,LOCAL_BEST,0,777,0,54981,18023,163,357,0,1540.6162,0.0000,0,0,0,0,0,0
n012w8-0,n012w8,0,5,500000,100.0,adaptive,2026-07-04T12:26:25+01:00,3,4,24,37319,123,35.660219,775,790,775,15,1.8987,LOCAL_BEST,1,777,6626,59415,18705,164,2121,62,70.7214,241.9355,0,0,0,0,0,0
n012w8-0,n012w8,0,5,500000,100.0,adaptive,2026-07-04T12:26:25+01:00,3,4,24,37470,124,35.511744,760,775,760,15,1.9355,LOCAL_BEST,1,777,6639,59635,18817,165,151,1,993.3775,15000.0000,0,0,0,0,0,0
n012w8-0,n012w8,0,5,500000,100.0,adaptive,2026-07-04T12:26:25+01:00,3,3,24,37850,71,0.000000,1490,1505,1490,15,0.9967,LOCAL_BEST,0,777,14161,64938,1424,166,380,-53,394.7368,0.0000,0,0,0,0,0,0
n012w8-0,n012w8,0,5,500000,100.0,adaptive,2026-07-04T12:26:25+01:00,3,1,24,39851,71,33.250639,735,740,735,5,0.6757,LOCAL_BEST,0,777,6877,63161,20502,167,2001,0,24.9875,0.0000,0,0,0,0,0,0
n012w8-0,n012w8,0,5,500000,100.0,adaptive,2026-07-04T12:26:25+01:00,3,1,24,39869,71,33.234106,720,735,720,15,2.0408,LOCAL_BEST,0,777,6877,63190,20517,168,18,0,8333.3333,0.0000,0,0,0,0,0,0
n012w8-0,n012w8,0,5,500000,100.0,adaptive,2026-07-04T12:26:25+01:00,3,1,24,39893,71,33.212074,660,720,660,60,8.3333,GLOBAL_BEST,0,777,6877,63230,20538,169,24,0,25000.0000,0.0000,0,0,0,0,0,0
n012w8-0,n012w8,0,5,500000,100.0,adaptive,2026-07-04T12:26:25+01:00,3,2,24,40396,71,0.000000,795,805,795,10,1.2422,LOCAL_BEST,0,777,0,62811,21792,170,503,0,198.8072,0.0000,0,0,0,0,0,0
n012w8-0,n012w8,0,5,500000,100.0,adaptive,2026-07-04T12:26:25+01:00,3,2,24,40745,72,0.000000,745,795,745,50,6.2893,LOCAL_BEST,0,777,0,63299,22056,171,349,1,1432.6648,50000.0000,0,0,0,0,0,0
n012w8-0,n012w8,0,5,500000,100.0,adaptive,2026-07-04T12:26:25+01:00,3,2,24,43669,77,0.000000,715,745,715,30,4.0268,LOCAL_BEST,0,777,0,67613,24208,172,2924,5,102.5992,6000.0000,0,0,0,0,0,0
n012w8-0,n012w8,0,5,500000,100.0,adaptive,2026-07-04T12:26:25+01:00,3,4,24,47610,148,26.834407,745,760,745,15,1.9737,LOCAL_BEST,1,777,7515,75128,25999,173,3941,71,38.0614,211.2676,0,0,0,0,0,0
n012w8-0,n012w8,0,5,500000,100.0,adaptive,2026-07-04T12:26:25+01:00,3,2,24,49047,86,0.000000,705,715,705,10,1.3986,LOCAL_BEST,0,777,0,75947,28395,174,1437,-62,69.5894,0.0000,0,0,0,0,0,0
n012w8-0,n012w8,0,5,500000,100.0,adaptive,2026-07-04T12:26:25+01:00,3,2,24,50610,90,0.000000,700,705,700,5,0.7092,LOCAL_BEST,0,777,0,78441,29692,175,1563,4,31.9898,1250.0000,0,0,0,0,0,0
n012w8-0,n012w8,0,5,500000,100.0,adaptive,2026-07-04T12:26:25+01:00,3,1,24,50996,90,24.437681,650,660,650,10,1.5152,LOCAL_BEST,0,777,7765,80046,28702,176,386,0,259.0674,0.0000,0,0,0,0,0,0
n012w8-0,n012w8,0,5,500000,100.0,adaptive,2026-07-04T12:26:25+01:00,3,2,24,51565,92,0.000000,690,700,690,10,1.4286,LOCAL_BEST,0,777,0,79868,30444,177,569,2,175.7469,5000.0000,0,0,0,0,0,0
n012w8-0,n012w8,0,5,500000,100.0,adaptive,2026-07-04T12:26:25+01:00,3,2,24,51597,92,0.000000,670,690,670,20,2.8986,LOCAL_BEST,0,777,0,79909,30470,178,32,0,6250.0000,0.0000,0,0,0,0,0,0
n012w8-0,n012w8,0,5,500000,100.0,adaptive,2026-07-04T12:26:25+01:00,3,1,24,52275,92,23.589134,640,650,640,10,1.5385,LOCAL_BEST,0,777,7841,81770,29717,179,678,0,147.4926,0.0000,0,0,0,0,0,0
n012w8-0,n012w8,0,5,500000,100.0,adaptive,2026-07-04T12:26:25+01:00,3,4,24,52626,160,23.361461,720,745,720,25,3.3557,LOCAL_BEST,1,777,7921,82720,29690,180,351,68,712.2507,367.6471,0,0,0,0,0,0
n012w8-0,n012w8,0,5,500000,100.0,adaptive,2026-07-04T12:26:25+01:00,3,4,24,52645,160,23.349200,690,720,690,30,4.1667,LOCAL_BEST,1,777,7921,82744,29705,181,19,0,15789.4737,0.0000,0,0,0,0,0,0
n012w8-0,n012w8,0,5,500000,100.0,adaptive,2026-07-04T12:26:25+01:00,3,4,24,52664,160,23.336945,685,690,685,5,0.7246,LOCAL_BEST,1,777,7922,82798,29719,182,19,0,2631.5789,0.0000,0,0,0,0,0,0
n012w8-0,n012w8,0,5,500000,100.0,adaptive,2026-07-04T12:26:25+01:00,3,4,24,52669,160,23.333721,655,685,655,30,4.3796,LOCAL_BEST,1,777,7922,82800,29723,183,5,0,60000.0000,0.0000,0,0,0,0,0,0
n012w8-0,n012w8,0,5,500000,100.0,adaptive,2026-07-04T12:26:25+01:00,3,2,24,54676,101,0.000000,650,670,650,20,2.9851,LOCAL_BEST,0,777,0,84446,32975,184,2007,-59,99.6512,0.0000,0,0,0,0,0,0
n012w8-0,n012w8,0,5,500000,100.0,adaptive,2026-07-04T12:26:25+01:00,3,4,24,56288,170,21.113294,650,655,650,5,0.7634,LOCAL_BEST,1,777,8071,88325,32739,185,1612,69,31.0174,72.4638,0,0,0,0,0,0
n012w8-0,n012w8,0,5,500000,100.0,adaptive,2026-07-04T12:26:25+01:00,3,4,24,56293,170,21.110378,620,650,620,30,4.6154,LOCAL_BEST,1,777,8071,88328,32743,186,5,0,60000.0000,0.0000,0,0,0,0,0,0
n012w8-0,n012w8,0,5,500000,100.0,adaptive,2026-07-04T12:26:25+01:00,3,4,24,56331,170,21.088224,590,620,590,30,4.8387,LOCAL_BEST,1,777,8071,88391,32780,187,38,0,7894.7368,0.0000,0,0,0,0,0,0
n012w8-0,n012w8,0,5,500000,100.0,adaptive,2026-07-04T12:26:25+01:00,3,1,24,56588,99,20.939003,635,640,635,5,0.7812,LOCAL_BEST,0,777,8076,88335,33154,188,257,-71,194.5525,0.0000,0,0,0,0,0,0
n012w8-0,n012w8,0,5,500000,100.0,adaptive,2026-07-04T12:26:25+01:00,3,1,24,56598,99,20.933218,605,635,605,30,4.7244,LOCAL_BEST,0,777,8076,88363,33163,189,10,0,30000.0000,0.0000,0,0,0,0,0,0
n012w8-0,n012w8,0,5,500000,100.0,adaptive,2026-07-04T12:26:25+01:00,3,2,24,61824,116,0.000000,645,650,645,5,0.7692,LOCAL_BEST,0,777,0,94933,39036,190,5226,17,9.5675,294.1176,0,0,0,0,0,0
n012w8-0,n012w8,0,5,500000,100.0,adaptive,2026-07-04T12:26:25+01:00,3,2,24,61966,116,0.000000,635,645,635,10,1.5504,LOCAL_BEST,0,777,0,95137,39152,191,142,0,704.2254,0.0000,0,0,0,0,0,0
n012w8-0,n012w8,0,5,500000,100.0,adaptive,2026-07-04T12:26:25+01:00,3,4,24,62563,186,17.752356,585,590,585,5,0.8475,LOCAL_BEST,1,777,8359,97910,37845,192,597,70,83.7521,71.4286,0,0,0,0,0,0
n012w8-0,n012w8,0,5,500000,100.0,adaptive,2026-07-04T12:26:25+01:00,3,4,24,62741,186,17.665259,580,585,580,5,0.8547,LOCAL_BEST,1,777,8366,98195,38000,193,178,0,280.8989,0.0000,0,0,0,0,0,0
n012w8-0,n012w8,0,5,500000,100.0,adaptive,2026-07-04T12:26:25+01:00,3,4,24,62899,186,17.588305,570,580,570,10,1.7241,LOCAL_BEST,1,777,8368,98409,38151,194,158,0,632.9114,0.0000,0,0,0,0,0,0
n012w8-0,n012w8,0,5,500000,100.0,adaptive,2026-07-04T12:26:25+01:00,3,4,24,63035,187,17.522336,565,570,565,5,0.8772,LOCAL_BEST,1,777,8370,98630,38273,195,136,1,367.6471,5000.0000,0,0,0,0,0,0
n012w8-0,n012w8,0,5,500000,100.0,adaptive,2026-07-04T12:26:25+01:00,3,7,24,63648,234,17.228045,595,600,595,5,0.8333,LOCAL_BEST,2,777,8482,99861,38545,196,613,47,81.5661,106.3830,0,0,0,0,0,0
n012w8-0,n012w8,0,5,500000,100.0,adaptive,2026-07-04T12:26:25+01:00,3,1,24,63779,112,17.165798,600,605,600,5,0.8264,LOCAL_BEST,0,777,8378,99194,39144,197,131,-122,381.6794,0.0000,0,0,0,0,0,0
n012w8-0,n012w8,0,5,500000,100.0,adaptive,2026-07-04T12:26:25+01:00,3,1,24,64354,113,16.895226,585,600,585,15,2.5000,LOCAL_BEST,0,777,8394,100060,39643,198,575,1,260.8696,15000.0000,0,0,0,0,0,0
n012w8-0,n012w8,0,5,500000,100.0,adaptive,2026-07-04T12:26:25+01:00,3,1,24,64356,113,16.894292,575,585,575,10,1.7094,LOCAL_BEST,0,777,8394,100064,39644,199,2,0,50000.0000,0.0000,0,0,0,0,0,0
n012w8-0,n012w8,0,5,500000,100.0,adaptive,2026-07-04T12:26:25+01:00,3,7,24,64508,236,16.823486,570,595,570,25,4.2017,LOCAL_BEST,2,777,8522,101153,39261,200,152,123,1644.7368,203.2520,0,0,0,0,0,0
n012w8-0,n012w8,0,5,500000,100.0,adaptive,2026-07-04T12:26:25+01:00,3,7,24,64607,236,16.777529,565,570,565,5,0.8772,LOCAL_BEST,2,777,8525,101290,39351,201,99,0,505.0505,0.0000,0,0,0,0,0,0
n012w8-0,n012w8,0,5,500000,100.0,adaptive,2026-07-04T12:26:25+01:00,3,7,24,64970,236,16.610091,530,565,530,35,6.1947,LOCAL_BEST,2,777,8536,101820,39667,202,363,0,964.1873,0.0000,0,0,0,0,0,0
n012w8-0,n012w8,0,5,500000,100.0,adaptive,2026-07-04T12:26:25+01:00,3,1,24,65319,115,16.450686,545,575,545,30,5.2174,LOCAL_BEST,0,777,8430,101364,40460,203,349,-121,859.5989,0.0000,0,0,0,0,0,0
n012w8-0,n012w8,0,5,500000,100.0,adaptive,2026-07-04T12:26:25+01:00,3,10,24,66191,275,16.059056,530,535,530,5,0.9346,LOCAL_BEST,4,777,8418,102952,41094,204,872,160,57.3394,31.2500,0,0,0,0,0,0
n012w8-0,n012w8,0,5,500000,100.0,adaptive,2026-07-04T12:26:25+01:00,3,4,24,66777,193,15.801125,540,565,540,25,4.4248,LOCAL_BEST,1,777,8514,104444,41424,205,586,-82,426.6212,0.0000,0,0,0,0,0,0
n012w8-0,n012w8,0,5,500000,100.0,adaptive,2026-07-04T12:26:25+01:00,3,4,24,66874,193,15.758831,510,540,510,30,5.5556,GLOBAL_BEST,1,777,8515,104617,41509,206,97,0,3092.7835,0.0000,0,0,0,0,0,0
n012w8-0,n012w8,0,5,500000,100.0,adaptive,2026-07-04T12:26:25+01:00,3,2,24,67085,126,0.000000,630,635,630,5,0.7874,LOCAL_BEST,0,777,0,102498,43563,207,211,-67,236.9668,0.0000,0,0,0,0,0,0
n012w8-0,n012w8,0,5,500000,100.0,adaptive,2026-07-04T12:26:25+01:00,3,4,24,67283,194,15.581742,480,510,480,30,5.8824,LOCAL_BEST,1,777,8530,105197,41867,208,198,68,1515.1515,441.1765,0,0,0,0,0,0
n012w8-0,n012w8,0,5,500000,100.0,adaptive,2026-07-04T12:26:25+01:00,3,2,24,68085,128,0.000000,620,630,620,10,1.5873,LOCAL_BEST,0,777,0,103941,44419,209,802,-66,124.6883,0.0000,0,0,0,0,0,0
n012w8-0,n012w8,0,5,500000,100.0,adaptive,2026-07-04T12:26:25+01:00,3,1,24,69767,123,14.548158,535,545,535,10,1.8349,GLOBAL_BEST,0,777,8567,107741,44337,210,1682,-5,59.4530,0.0000,0,0,0,0,0,0
n012w8-0,n012w8,0,5,500000,100.0,adaptive,2026-07-04T12:26:25+01:00,3,10,24,71958,284,13.693548,505,530,505,25,4.7170,LOCAL_BEST,4,777,8585,110991,46173,211,2191,161,114.1031,155.2795,0,0,0,0,0,0
n012w8-0,n012w8,0,5,500000,100.0,adaptive,2026-07-04T12:26:25+01:00,3,10,24,72253,284,13.582384,500,505,500,5,0.9901,LOCAL_BEST,4,777,8592,111394,46445,212,295,0,169.4915,0.0000,0,0,0,0,0,0
n012w8-0,n012w8,0,5,500000,100.0,adaptive,2026-07-04T12:26:25+01:00,3,5,24,74137,192,0.000000,565,570,565,5,0.8772,LOCAL_BEST,1,777,0,110875,65981,213,1884,-92,26.5393,0.0000,0,0,0,0,0,0
n012w8-0,n012w8,0,5,500000,100.0,adaptive,2026-07-04T12:26:25+01:00,3,4,24,74145,206,12.890566,475,480,475,5,1.0417,LOCAL_BEST,1,777,8714,115027,47800,214,8,14,6250.0000,357.1429,0,0,0,0,0,0
n012w8-0,n012w8,0,5,500000,100.0,adaptive,2026-07-04T12:26:25+01:00,3,2,24,75929,146,0.000000,605,620,605,15,2.4194,LOCAL_BEST,0,777,0,115207,51233,215,1784,-60,84.0807,0.0000,0,0,0,0,0,0
n012w8-0,n012w8,0,5,500000,100.0,adaptive,2026-07-04T12:26:25+01:00,3,2,24,77116,150,0.000000,590,605,590,15,2.4793,LOCAL_BEST,0,777,0,116860,52265,216,1187,4,126.3690,3750.0000,0,0,0,0,0,0
n012w8-0,n012w8,0,5,500000,100.0,adaptive,2026-07-04T12:26:25+01:00,3,10,24,79471,303,11.126537,490,500,490,10,2.0000,LOCAL_BEST,4,777,8769,121535,52890,217,2355,153,42.4628,65.3595,0,0,0,0,0,0
n012w8-0,n012w8,0,5,500000,100.0,adaptive,2026-07-04T12:26:25+01:00,3,2,24,81083,160,0.000000,575,590,575,15,2.5424,LOCAL_BEST,0,777,0,122514,55677,218,1612,-143,93.0521,0.0000,0,0,0,0,0,0
n012w8-0,n012w8,0,5,500000,100.0,adaptive,2026-07-04T12:26:25+01:00,3,2,24,82094,162,0.000000,560,575,560,15,2.6087,LOCAL_BEST,0,777,0,124045,56546,219,1011,2,148.3680,7500.0000,0,0,0,0,0,0
n012w8-0,n012w8,0,5,500000,100.0,adaptive,2026-07-04T12:26:25+01:00,3,2,24,88313,176,0.000000,550,560,550,10,1.7857,LOCAL_BEST,0,777,0,133155,61916,220,6219,14,16.0798,714.2857,0,0,0,0,0,0
n012w8-0,n012w8,0,5,500000,100.0,adaptive,2026-07-04T12:26:25+01:00,3,7,24,91402,285,8.001806,525,530,525,5,0.9434,LOCAL_BEST,2,777,9111,141493,63292,221,3089,109,16.1865,45.8716,0,0,0,0,0,0
n012w8-0,n012w8,0,5,500000,100.0,adaptive,2026-07-04T12:26:25+01:00,3,7,24,91778,286,7.919103,510,525,510,15,2.8571,LOCAL_BEST,2,777,9117,141967,63648,222,376,1,398.9362,15000.0000,0,0,0,0,0,0
n012w8-0,n012w8,0,5,500000,100.0,adaptive,2026-07-04T12:26:25+01:00,3,3,24,102875,214,0.000000,1460,1490,1460,30,2.0134,LOCAL_BEST,0,777,38637,174440,3899,223,11097,-72,27.0343,0.0000,0,0,0,0,0,0
n012w8-0,n012w8,0,5,500000,100.0,adaptive,2026-07-04T12:26:25+01:00,3,3,24,102876,214,0.000000,1430,1460,1430,30,2.0548,LOCAL_BEST,0,777,38637,174441,3899,224,1,0,300000.0000,0.0000,0,0,0,0,0,0
n012w8-0,n012w8,0,5,500000,100.0,adaptive,2026-07-04T12:26:25+01:00,3,2,24,107878,208,0.000000,545,550,545,5,0.9091,LOCAL_BEST,0,777,0,160785,79676,225,5002,-6,9.9960,0.0000,0,0,0,0,0,0
n012w8-0,n012w8,0,5,500000,100.0,adaptive,2026-07-04T12:26:25+01:00,3,1,24,108231,191,5.026203,520,535,520,15,2.8037,LOCAL_BEST,0,777,9056,163838,79392,226,353,-17,424.9292,0.0000,0,0,0,0,0,0
n012w8-0,n012w8,0,5,500000,100.0,adaptive,2026-07-04T12:26:25+01:00,3,2,24,109326,212,0.000000,530,545,530,15,2.7523,LOCAL_BEST,0,777,0,162856,80991,227,1095,21,136.9863,714.2857,0,0,0,0,0,0
n012w8-0,n012w8,0,5,500000,100.0,adaptive,2026-07-04T12:26:25+01:00,3,4,24,124145,301,3.237874,475,475,475,0,0.0000,REHEAT,1,777,9063,188909,94075,228,14819,89,0.0000,0.0000,0,0,0,0,0,0
n012w8-0,n012w8,0,5,500000,100.0,adaptive,2026-07-04T12:26:25+01:00,3,1,24,158231,289,1.262490,520,520,520,0,0.0000,REHEAT,0,777,9077,237149,127384,229,34086,-12,0.0000,0.0000,0,0,0,0,0,0
n012w8-0,n012w8,0,5,500000,100.0,adaptive,2026-07-04T12:26:25+01:00,3,4,24,174145,436,25.118864,715,475,475,0,0.0000,REHEAT,1,777,16761,267109,121870,230,15914,147,0.0000,0.0000,0,0,0,0,0,0
n012w8-0,n012w8,0,5,500000,100.0,adaptive,2026-07-04T12:26:25+01:00,3,1,24,208231,390,25.118864,910,520,520,0,0.0000,REHEAT,0,777,16884,315862,155038,231,34086,-46,0.0000,0.0000,0,0,0,0,0,0
n012w8-0,n012w8,0,5,500000,100.0,adaptive,2026-07-04T12:26:25+01:00,3,4,24,224145,571,25.118864,705,475,475,0,0.0000,REHEAT,1,777,24560,345694,149325,232,15914,181,0.0000,0.0000,0,0,0,0,0,0
n012w8-0,n012w8,0,5,500000,100.0,adaptive,2026-07-04T12:26:25+01:00,3,1,24,258231,513,25.118864,880,520,520,0,0.0000,REHEAT,0,777,24650,394984,182618,233,34086,-58,0.0000,0.0000,0,0,0,0,0,0
n012w8-0,n012w8,0,5,500000,100.0,adaptive,2026-07-04T12:26:25+01:00,3,4,24,274145,681,25.118864,975,475,475,0,0.0000,REHEAT,1,777,32407,423923,176637,234,15914,168,0.0000,0.0000,0,0,0,0,0,0
n012w8-0,n012w8,0,5,500000,100.0,adaptive,2026-07-04T12:26:25+01:00,3,1,24,308231,639,25.118864,1030,520,520,0,0.0000,REHEAT,0,777,32370,473128,210233,235,34086,-42,0.0000,0.0000,0,0,0,0,0,0
n012w8-0,n012w8,0,5,500000,100.0,adaptive,2026-07-04T12:26:25+01:00,3,4,24,324145,790,25.118864,780,475,475,0,0.0000,REHEAT,1,777,40042,502220,204364,236,15914,151,0.0000,0.0000,0,0,0,0,0,0
n012w8-0,n012w8,0,5,500000,100.0,adaptive,2026-07-04T12:26:25+01:00,3,1,24,358231,773,25.118864,1255,520,520,0,0.0000,REHEAT,0,777,40151,551534,237695,237,34086,-17,0.0000,0.0000,0,0,0,0,0,0
n012w8-0,n012w8,0,5,500000,100.0,adaptive,2026-07-04T12:26:25+01:00,3,4,24,374145,918,25.118864,785,475,475,0,0.0000,REHEAT,1,777,47758,580517,232066,238,15914,145,0.0000,0.0000,0,0,0,0,0,0
n012w8-0,n012w8,0,5,500000,100.0,adaptive,2026-07-04T12:26:25+01:00,3,3,24,390744,902,0.000000,1380,1430,1380,50,3.4965,LOCAL_BEST,0,777,146838,663124,14835,239,16599,-16,30.1223,0.0000,0,0,0,0,0,0
n012w8-0,n012w8,0,5,500000,100.0,adaptive,2026-07-04T12:26:25+01:00,3,1,24,408231,904,25.118864,835,520,520,0,0.0000,REHEAT,0,777,47928,630566,265010,240,17487,2,0.0000,0.0000,0,0,0,0,0,0
n012w8-0,n012w8,0,5,500000,100.0,adaptive,2026-07-04T12:26:25+01:00,3,4,24,424145,1039,25.118864,845,475,475,0,0.0000,REHEAT,1,777,55467,659386,259631,241,15914,135,0.0000,0.0000,0,0,0,0,0,0
n012w8-0,n012w8,0,5,500000,100.0,adaptive,2026-07-04T12:26:25+01:00,3,1,24,458231,1008,25.118864,915,520,520,0,0.0000,REHEAT,0,777,55707,709369,292325,242,34086,-31,0.0000,0.0000,0,0,0,0,0,0
n012w8-0,n012w8,0,5,500000,100.0,adaptive,2026-07-04T12:26:25+01:00,3,4,24,474145,1169,25.118864,1055,475,475,0,0.0000,REHEAT,1,777,63067,737932,287543,243,15914,161,0.0000,0.0000,0,0,0,0,0,0
n012w8-0,n012w8,0,5,500000,100.0,adaptive,2026-07-04T12:26:25+01:00,4,1,28,1,1,100.000000,3390,3555,3390,165,4.6414,GLOBAL_BEST,0,42,0,6,0,1,1,1,1650000.0000,165000.0000,0,0,0,0,0,0
n012w8-0,n012w8,0,5,500000,100.0,adaptive,2026-07-04T12:26:25+01:00,4,3,28,1,1,0.000000,3405,3555,3405,150,4.2194,LOCAL_BEST,0,42,0,0,0,2,0,0,0.0000,0.0000,0,0,0,0,0,0
n012w8-0,n012w8,0,5,500000,100.0,adaptive,2026-07-04T12:26:25+01:00,4,3,28,2,1,0.000000,3240,3405,3240,165,4.8458,GLOBAL_BEST,0,42,0,1,0,3,1,0,1650000.0000,0.0000,0,0,0,0,0,0
n012w8-0,n012w8,0,5,500000,100.0,adaptive,2026-07-04T12:26:25+01:00,4,1,28,2,1,99.997237,3090,3390,3090,300,8.8496,GLOBAL_BEST,0,42,0,6,0,4,0,0,0.0000,0.0000,0,0,0,0,0,0
n012w8-0,n012w8,0,5,500000,100.0,adaptive,2026-07-04T12:26:25+01:00,4,2,28,2,1,0.000000,3480,3555,3480,75,2.1097,LOCAL_BEST,0,42,0,3,0,5,0,0,0.0000,0.0000,0,0,0,0,0,0
n012w8-0,n012w8,0,5,500000,100.0,adaptive,2026-07-04T12:26:25+01:00,4,3,28,3,1,0.000000,2970,3240,2970,270,8.3333,GLOBAL_BEST,0,42,0,1,0,6,1,0,2700000.0000,0.0000,0,0,0,0,0,0
n012w8-0,n012w8,0,5,500000,100.0,adaptive,2026-07-04T12:26:25+01:00,4,1,28,4,1,99.991711,2940,3090,2940,150,4.8544,GLOBAL_BEST,0,42,0,6,0,7,1,0,1500000.0000,0.0000,0,0,0,0,0,0
n012w8-0,n012w8,0,5,500000,100.0,adaptive,2026-07-04T12:26:25+01:00,4,2,28,4,1,0.000000,3270,3480,3270,210,6.0345,LOCAL_BEST,0,42,0,5,0,8,0,0,0.0000,0.0000,0,0,0,0,0,0
n012w8-0,n012w8,0,5,500000,100.0,adaptive,2026-07-04T12:26:25+01:00,4,1,28,5,1,99.988948,2790,2940,2790,150,5.1020,GLOBAL_BEST,0,42,0,7,0,9,1,0,1500000.0000,0.0000,0,0,0,0,0,0
n012w8-0,n012w8,0,5,500000,100.0,adaptive,2026-07-04T12:26:25+01:00,4,2,28,5,1,0.000000,3180,3270,3180,90,2.7523,LOCAL_BEST,0,42,0,5,0,10,0,0,0.0000,0.0000,0,0,0,0,0,0
n012w8-0,n012w8,0,5,500000,100.0,adaptive,2026-07-04T12:26:25+01:00,4,1,28,7,1,99.983423,2580,2790,2580,210,7.5269,GLOBAL_BEST,0,42,0,12,1,11,2,0,1050000.0000,0.0000,0,0,0,0,0,0
n012w8-0,n012w8,0,5,500000,100.0,adaptive,2026-07-04T12:26:25+01:00,4,3,28,8,1,0.000000,2865,2970,2865,105,3.5354,LOCAL_BEST,0,42,1,11,1,12,1,0,1050000.0000,0.0000,0,0,0,0,0,0
n012w8-0,n012w8,0,5,500000,100.0,adaptive,2026-07-04T12:26:25+01:00,4,2,28,8,1,0.000000,2910,3180,2910,270,8.4906,LOCAL_BEST,0,42,0,8,0,13,0,0,0.0000,0.0000,0,0,0,0,0,0
n012w8-0,n012w8,0,5,500000,100.0,adaptive,2026-07-04T12:26:25+01:00,4,3,28,9,1,0.000000,2835,2865,2835,30,1.0471,LOCAL_BEST,0,42,1,15,1,14,1,0,300000.0000,0.0000,0,0,0,0,0,0
n012w8-0,n012w8,0,5,500000,100.0,adaptive,2026-07-04T12:26:25+01:00,4,2,28,9,1,0.000000,2835,2910,2835,75,2.5773,LOCAL_BEST,0,42,0,9,0,15,0,0,0.0000,0.0000,0,0,0,0,0,0
n012w8-0,n012w8,0,5,500000,100.0,adaptive,2026-07-04T12:26:25+01:00,4,2,28,10,1,0.000000,2715,2835,2715,120,4.2328,LOCAL_BEST,0,42,0,10,0,16,1,0,1200000.0000,0.0000,0,0,0,0,0,0
n012w8-0,n012w8,0,5,500000,100.0,adaptive,2026-07-04T12:26:25+01:00,4,1,28,11,1,99.972373,2520,2580,2520,60,2.3256,GLOBAL_BEST,0,42,1,16,2,17,1,0,600000.0000,0.0000,0,0,0,0,0,0
n012w8-0,n012w8,0,5,500000,100.0,adaptive,2026-07-04T12:26:25+01:00,4,1,28,12,1,99.969610,2475,2520,2475,45,1.7857,GLOBAL_BEST,0,42,1,16,2,18,1,0,450000.0000,0.0000,0,0,0,0,0,0
n012w8-0,n012w8,0,5,500000,100.0,adaptive,2026-07-04T12:26:25+01:00,4,3,28,14,1,0.000000,2715,2835,2715,120,4.2328,LOCAL_BEST,0,42,4,20,1,19,2,0,600000.0000,0.0000,0,0,0,0,0,0
n012w8-0,n012w8,0,5,500000,100.0,adaptive,2026-07-04T12:26:25+01:00,4,3,28,15,1,0.000000,2655,2715,2655,60,2.2099,LOCAL_BEST,0,42,4,20,1,20,1,0,600000.0000,0.0000,0,0,0,0,0,0
n012w8-0,n012w8,0,5,500000,100.0,adaptive,2026-07-04T12:26:25+01:00,4,1,28,15,1,99.961324,2445,2475,2445,30,1.2121,GLOBAL_BEST,0,42,1,18,3,21,0,0,0.0000,0.0000,0,0,0,0,0,0
n012w8-0,n012w8,0,5,500000,100.0,adaptive,2026-07-04T12:26:25+01:00,4,3,28,16,1,0.000000,2505,2655,2505,150,5.6497,LOCAL_BEST,0,42,4,20,1,22,1,0,1500000.0000,0.0000,0,0,0,0,0,0
n012w8-0,n012w8,0,5,500000,100.0,adaptive,2026-07-04T12:26:25+01:00,4,2,28,16,1,0.000000,2685,2715,2685,30,1.1050,LOCAL_BEST,0,42,0,22,0,23,0,0,0.0000,0.0000,0,0,0,0,0,0
n012w8-0,n012w8,0,5,500000,100.0,adaptive,2026-07-04T12:26:25+01:00,4,2,28,17,1,0.000000,2625,2685,2625,60,2.2346,LOCAL_BEST,0,42,0,22,0,24,1,0,600000.0000,0.0000,0,0,0,0,0,0
n012w8-0,n012w8,0,5,500000,100.0,adaptive,2026-07-04T12:26:25+01:00,4,5,28,19,39,0.000000,690,735,690,45,6.1224,LOCAL_BEST,1,42,0,32,15,25,2,38,225000.0000,1184.2105,0,0,0,0,0,0
n012w8-0,n012w8,0,5,500000,100.0,adaptive,2026-07-04T12:26:25+01:00,4,8,28,19,68,0.000000,390,405,390,15,3.7037,LOCAL_BEST,3,42,0,25,18,26,0,29,0.0000,517.2414,0,0,0,0,0,0
n012w8-0,n012w8,0,5,500000,100.0,adaptive,2026-07-04T12:26:25+01:00,4,1,28,21,1,99.944753,2265,2445,2265,180,7.3620,GLOBAL_BEST,0,42,1,27,6,27,2,-67,900000.0000,0.0000,0,0,0,0,0,0
n012w8-0,n012w8,0,5,500000,100.0,adaptive,2026-07-04T12:26:25+01:00,4,3,28,25,1,0.000000,2460,2505,2460,45,1.7964,LOCAL_BEST,0,42,9,39,1,28,4,0,112500.0000,0.0000,0,0,0,0,0,0
n012w8-0,n012w8,0,5,500000,100.0,adaptive,2026-07-04T12:26:25+01:00,4,2,28,28,1,0.000000,2430,2625,2430,195,7.4286,LOCAL_BEST,0,42,0,42,0,29,3,0,650000.0000,0.0000,0,0,0,0,0,0
n012w8-0,n012w8,0,5,500000,100.0,adaptive,2026-07-04T12:26:25+01:00,4,5,28,28,39,0.000000,630,690,630,60,8.6957,GLOBAL_BEST,1,42,0,47,22,30,0,38,0.0000,1578.9474,0,0,0,0,0,0
n012w8-0,n012w8,0,5,500000,100.0,adaptive,2026-07-04T12:26:25+01:00,4,1,28,29,1,99.922663,2175,2265,2175,90,3.9735,GLOBAL_BEST,0,42,2,31,8,31,1,-38,900000.0000,0.0000,0,0,0,0,0,0
n012w8-0,n012w8,0,5,500000,100.0,adaptive,2026-07-04T12:26:25+01:00,4,1,28,32,1,99.914381,2160,2175,2160,15,0.6897,GLOBAL_BEST,0,42,2,38,9,32,3,0,50000.0000,0.0000,0,0,0,0,0,0
n012w8-0,n012w8,0,5,500000,100.0,adaptive,2026-07-04T12:26:25+01:00,4,2,28,33,1,0.000000,2400,2430,2400,30,1.2346,LOCAL_BEST,0,42,0,54,0,33,1,0,300000.0000,0.0000,0,0,0,0,0,0
n012w8-0,n012w8,0,5,500000,100.0,adaptive,2026-07-04T12:26:25+01:00,4,1,28,33,1,99.911620,2040,2160,2040,120,5.5556,GLOBAL_BEST,0,42,2,38,9,34,0,0,0.0000,0.0000,0,0,0,0,0,0
n012w8-0,n012w8,0,5,500000,100.0,adaptive,2026-07-04T12:26:25+01:00,4,2,28,35,1,0.000000,2340,2400,2340,60,2.5000,LOCAL_BEST,0,42,0,62,0,35,2,0,300000.0000,0.0000,0,0,0,0,0,0
n012w8-0,n012w8,0,5,500000,100.0,adaptive,2026-07-04T12:26:25+01:00,4,1,28,35,1,99.906099,1995,2040,1995,45,2.2059,GLOBAL_BEST,0,42,2,42,9,36,0,0,0.0000,0.0000,0,0,0,0,0,0
n012w8-0,n012w8,0,5,500000,100.0,adaptive,2026-07-04T12:26:25+01:00,4,1,28,36,1,99.903338,1875,1995,1875,120,6.0150,GLOBAL_BEST,0,42,2,42,9,37,1,0,1200000.0000,0.0000,0,0,0,0,0,0
n012w8-0,n012w8,0,5,500000,100.0,adaptive,2026-07-04T12:26:25+01:00,4,1,28,37,1,99.900578,1755,1875,1755,120,6.4000,GLOBAL_BEST,0,42,2,44,9,38,1,0,1200000.0000,0.0000,0,0,0,0,0,0
n012w8-0,n012w8,0,5,500000,100.0,adaptive,2026-07-04T12:26:25+01:00,4,1,28,39,1,99.895057,1515,1755,1515,240,13.6752,GLOBAL_BEST,0,42,2,46,10,39,2,0,1200000.0000,0.0000,0,0,0,0,0,0
n012w8-0,n012w8,0,5,500000,100.0,adaptive,2026-07-04T12:26:25+01:00,4,3,28,52,1,0.000000,2445,2460,2445,15,0.6098,LOCAL_BEST,0,42,18,71,2,40,13,0,11538.4615,0.0000,0,0,0,0,0,0
n012w8-0,n012w8,0,5,500000,100.0,adaptive,2026-07-04T12:26:25+01:00,4,2,28,56,1,0.000000,2335,2340,2335,5,0.2137,LOCAL_BEST,0,42,0,83,0,41,4,0,12500.0000,0.0000,0,0,0,0,0,0
n012w8-0,n012w8,0,5,500000,100.0,adaptive,2026-07-04T12:26:25+01:00,4,2,28,57,1,0.000000,2275,2335,2275,60,2.5696,LOCAL_BEST,0,42,0,84,0,42,1,0,600000.0000,0.0000,0,0,0,0,0,0
n012w8-0,n012w8,0,5,500000,100.0,adaptive,2026-07-04T12:26:25+01:00,4,1,28,57,1,99.845386,1425,1515,1425,90,5.9406,GLOBAL_BEST,0,42,7,72,13,43,0,0,0.0000,0.0000,0,0,0,0,0,0
n012w8-0,n012w8,0,5,500000,100.0,adaptive,2026-07-04T12:26:25+01:00,4,14,28,60,125,0.000000,180,195,180,15,7.6923,GLOBAL_BEST,6,42,0,84,54,44,3,124,50000.0000,120.9677,0,0,0,0,0,0
n012w8-0,n012w8,0,5,500000,100.0,adaptive,2026-07-04T12:26:25+01:00,4,8,28,62,68,0.000000,345,390,345,45,11.5385,GLOBAL_BEST,3,42,0,93,57,45,2,-57,225000.0000,0.0000,0,0,0,0,0,0
n012w8-0,n012w8,0,5,500000,100.0,adaptive,2026-07-04T12:26:25+01:00,4,2,28,63,1,0.000000,2250,2275,2250,25,1.0989,LOCAL_BEST,0,42,0,92,0,46,1,-67,250000.0000,0.0000,0,0,0,0,0,0
n012w8-0,n012w8,0,5,500000,100.0,adaptive,2026-07-04T12:26:25+01:00,4,1,28,67,1,99.817801,1230,1425,1230,195,13.6842,GLOBAL_BEST,0,42,10,98,16,47,4,0,487500.0000,0.0000,0,0,0,0,0,0
n012w8-0,n012w8,0,5,500000,100.0,adaptive,2026-07-04T12:26:25+01:00,4,2,28,74,1,0.000000,2025,2250,2025,225,10.0000,LOCAL_BEST,0,42,0,115,0,48,7,0,321428.5714,0.0000,0,0,0,0,0,0
n012w8-0,n012w8,0,5,500000,100.0,adaptive,2026-07-04T12:26:25+01:00,4,8,28,75,68,0.000000,330,345,330,15,4.3478,GLOBAL_BEST,3,42,0,112,67,49,1,67,150000.0000,223.8806,0,0,0,0,0,0
n012w8-0,n012w8,0,5,500000,100.0,adaptive,2026-07-04T12:26:25+01:00,4,2,28,77,1,0.000000,1935,2025,1935,90,4.4444,LOCAL_BEST,0,42,0,121,0,50,2,-67,450000.0000,0.0000,0,0,0,0,0,0
n012w8-0,n012w8,0,5,500000,100.0,adaptive,2026-07-04T12:26:25+01:00,4,3,28,80,1,0.000000,2415,2445,2415,30,1.2270,LOCAL_BEST,0,42,27,148,6,51,3,0,100000.0000,0.0000,0,0,0,0,0,0
n012w8-0,n012w8,0,5,500000,100.0,adaptive,2026-07-04T12:26:25+01:00,4,3,28,81,1,0.000000,2295,2415,2295,120,4.9689,LOCAL_BEST,0,42,27,151,6,52,1,0,1200000.0000,0.0000,0,0,0,0,0,0
n012w8-0,n012w8,0,5,500000,100.0,adaptive,2026-07-04T12:26:25+01:00,4,8,28,81,68,0.000000,315,330,315,15,4.5455,GLOBAL_BEST,3,42,0,125,71,53,0,67,0.0000,223.8806,0,0,0,0,0,0
n012w8-0,n012w8,0,5,500000,100.0,adaptive,2026-07-04T12:26:25+01:00,4,3,28,84,2,0.000000,2175,2295,2175,120,5.2288,LOCAL_BEST,0,42,28,176,6,54,3,-66,400000.0000,0.0000,0,0,0,0,0,0
n012w8-0,n012w8,0,5,500000,100.0,adaptive,2026-07-04T12:26:25+01:00,4,3,28,85,2,0.000000,2070,2175,2070,105,4.8276,LOCAL_BEST,0,42,28,176,6,55,1,0,1050000.0000,0.0000,0,0,0,0,0,0
n012w8-0,n012w8,0,5,500000,100.0,adaptive,2026-07-04T12:26:25+01:00,4,3,28,86,2,0.000000,1890,2070,1890,180,8.6957,LOCAL_BEST,0,42,28,177,6,56,1,0,1800000.0000,0.0000,0,0,0,0,0,0
n012w8-0,n012w8,0,5,500000,100.0,adaptive,2026-07-04T12:26:25+01:00,4,3,28,91,2,0.000000,1680,1890,1680,210,11.1111,LOCAL_BEST,0,42,29,189,6,57,5,0,420000.0000,0.0000,0,0,0,0,0,0
n012w8-0,n012w8,0,5,500000,100.0,adaptive,2026-07-04T12:26:25+01:00,4,5,28,163,39,0.000000,570,630,570,60,9.5238,GLOBAL_BEST,1,42,0,237,115,58,72,37,8333.3333,1621.6216,0,0,0,0,0,0
n012w8-0,n012w8,0,5,500000,100.0,adaptive,2026-07-04T12:26:25+01:00,4,1,28,275,2,99.245769,1110,1230,1110,120,9.7561,GLOBAL_BEST,0,42,66,474,80,59,112,-37,10714.2857,0.0000,0,0,0,0,0,0
n012w8-0,n012w8,0,5,500000,100.0,adaptive,2026-07-04T12:26:25+01:00,4,3,28,280,2,0.000000,1675,1680,1675,5,0.2976,LOCAL_BEST,0,42,97,550,14,60,5,0,10000.0000,0.0000,0,0,0,0,0,0
n012w8-0,n012w8,0,5,500000,100.0,adaptive,2026-07-04T12:26:25+01:00,4,8,28,287,68,0.000000,300,315,300,15,4.7619,GLOBAL_BEST,3,42,0,414,258,61,7,66,21428.5714,227.2727,0,0,0,0,0,0
n012w8-0,n012w8,0,5,500000,100.0,adaptive,2026-07-04T12:26:25+01:00,4,2,28,356,2,0.000000,1860,1935,1860,75,3.8760,LOCAL_BEST,0,42,0,638,0,62,69,-66,10869.5652,0.0000,0,0,0,0,0,0
n012w8-0,n012w8,0,5,500000,100.0,adaptive,2026-07-04T12:26:25+01:00,4,2,28,474,2,0.000000,1840,1860,1840,20,1.0753,LOCAL_BEST,0,42,0,878,0,63,118,0,1694.9153,0.0000,0,0,0,0,0,0
n012w8-0,n012w8,0,5,500000,100.0,adaptive,2026-07-04T12:26:25+01:00,4,3,28,562,2,0.000000,1605,1675,1605,70,4.1791,LOCAL_BEST,0,42,208,1060,22,64,88,0,7954.5455,0.0000,0,0,0,0,0,0
n012w8-0,n012w8,0,5,500000,100.0,adaptive,2026-07-04T12:26:25+01:00,4,3,28,566,2,0.000000,1560,1605,1560,45,2.8037,LOCAL_BEST,0,42,209,1067,22,65,4,0,112500.0000,0.0000,0,0,0,0,0,0
n012w8-0,n012w8,0,5,500000,100.0,adaptive,2026-07-04T12:26:25+01:00,4,2,28,587,2,0.000000,1650,1840,1650,190,10.3261,LOCAL_BEST,0,42,0,1101,0,66,21,0,90476.1905,0.0000,0,0,0,0,0,0
n012w8-0,n012w8,0,5,500000,100.0,adaptive,2026-07-04T12:26:25+01:00,4,14,28,606,126,0.000000,160,180,160,20,11.1111,GLOBAL_BEST,6,42,0,757,564,67,19,124,10526.3158,161.2903,0,0,0,0,0,0
n012w8-0,n012w8,0,5,500000,100.0,adaptive,2026-07-04T12:26:25+01:00,4,1,28,610,3,98.331350,1085,1110,1085,25,2.2523,GLOBAL_BEST,0,42,144,1059,211,68,4,-123,62500.0000,0.0000,0,0,0,0,0,0
n012w8-0,n012w8,0,5,500000,100.0,adaptive,2026-07-04T12:26:25+01:00,4,1,28,613,3,98.323199,995,1085,995,90,8.2949,GLOBAL_BEST,0,42,145,1062,212,69,3,0,300000.0000,0.0000,0,0,0,0,0,0
n012w8-0,n012w8,0,5,500000,100.0,adaptive,2026-07-04T12:26:25+01:00,4,1,28,615,3,98.317766,965,995,965,30,3.0151,GLOBAL_BEST,0,42,145,1063,213,70,2,0,150000.0000,0.0000,0,0,0,0,0,0
n012w8-0,n012w8,0,5,500000,100.0,adaptive,2026-07-04T12:26:25+01:00,4,2,28,668,2,0.000000,1560,1650,1560,90,5.4545,LOCAL_BEST,0,42,0,1246,0,71,53,-1,16981.1321,0.0000,0,0,0,0,0,0
n012w8-0,n012w8,0,5,500000,100.0,adaptive,2026-07-04T12:26:25+01:00,4,2,28,670,2,0.000000,1545,1560,1545,15,0.9615,LOCAL_BEST,0,42,0,1251,0,72,2,0,75000.0000,0.0000,0,0,0,0,0,0
n012w8-0,n012w8,0,5,500000,100.0,adaptive,2026-07-04T12:26:25+01:00,4,2,28,672,2,0.000000,1500,1545,1500,45,2.9126,LOCAL_BEST,0,42,0,1253,0,73,2,0,225000.0000,0.0000,0,0,0,0,0,0
n012w8-0,n012w8,0,5,500000,100.0,adaptive,2026-07-04T12:26:25+01:00,4,2,28,673,2,0.000000,1470,1500,1470,30,2.0000,LOCAL_BEST,0,42,0,1255,0,74,1,0,300000.0000,0.0000,0,0,0,0,0,0
n012w8-0,n012w8,0,5,500000,100.0,adaptive,2026-07-04T12:26:25+01:00,4,2,28,675,2,0.000000,1380,1470,1380,90,6.1224,LOCAL_BEST,0,42,0,1256,0,75,2,0,450000.0000,0.0000,0,0,0,0,0,0
n012w8-0,n012w8,0,5,500000,100.0,adaptive,2026-07-04T12:26:25+01:00,4,3,28,700,2,0.000000,1470,1560,1470,90,5.7692,LOCAL_BEST,0,42,262,1287,30,76,25,0,36000.0000,0.0000,0,0,0,0,0,0
n012w8-0,n012w8,0,5,500000,100.0,adaptive,2026-07-04T12:26:25+01:00,4,2,28,1266,3,0.000000,1360,1380,1360,20,1.4493,LOCAL_BEST,0,42,0,2349,22,77,566,1,353.3569,20000.0000,0,0,0,0,0,0
n012w8-0,n012w8,0,5,500000,100.0,adaptive,2026-07-04T12:26:25+01:00,4,1,28,1377,4,96.269341,955,965,955,10,1.0363,GLOBAL_BEST,0,42,324,2326,481,78,111,1,900.9009,10000.0000,0,0,0,0,0,0
n012w8-0,n012w8,0,5,500000,100.0,adaptive,2026-07-04T12:26:25+01:00,4,8,28,1379,71,0.000000,295,300,295,5,1.6667,GLOBAL_BEST,3,42,0,2182,1234,79,2,67,25000.0000,74.6269,0,0,0,0,0,0
n012w8-0,n012w8,0,5,500000,100.0,adaptive,2026-07-04T12:26:25+01:00,4,1,28,1391,4,96.232108,790,955,790,165,17.2775,GLOBAL_BEST,0,42,326,2351,489,80,12,-67,137500.0000,0.0000,0,0,0,0,0,0
n012w8-0,n012w8,0,5,500000,100.0,adaptive,2026-07-04T12:26:25+01:00,4,1,28,1394,4,96.224132,745,790,745,45,5.6962,GLOBAL_BEST,0,42,326,2353,491,81,3,0,150000.0000,0.0000,0,0,0,0,0,0
n012w8-0,n012w8,0,5,500000,100.0,adaptive,2026-07-04T12:26:25+01:00,4,5,28,1421,41,0.000000,555,570,555,15,2.6316,GLOBAL_BEST,1,42,0,2294,1057,82,27,37,5555.5556,405.4054,0,0,0,0,0,0
n012w8-0,n012w8,0,5,500000,100.0,adaptive,2026-07-04T12:26:25+01:00,4,5,28,1424,41,0.000000,540,555,540,15,2.7027,GLOBAL_BEST,1,42,0,2297,1059,83,3,0,50000.0000,0.0000,0,0,0,0,0,0
n012w8-0,n012w8,0,5,500000,100.0,adaptive,2026-07-04T12:26:25+01:00,4,2,28,2019,4,0.000000,1345,1360,1345,15,1.1029,LOCAL_BEST,0,42,0,3728,134,84,595,-37,252.1008,0.0000,0,0,0,0,0,0
n012w8-0,n012w8,0,5,500000,100.0,adaptive,2026-07-04T12:26:25+01:00,4,2,28,2355,5,0.000000,1285,1345,1285,60,4.4610,LOCAL_BEST,0,42,0,4291,192,85,336,1,1785.7143,60000.0000,0,0,0,0,0,0
n012w8-0,n012w8,0,5,500000,100.0,adaptive,2026-07-04T12:26:25+01:00,4,2,28,2356,5,0.000000,1270,1285,1270,15,1.1673,LOCAL_BEST,0,42,0,4298,192,86,1,0,150000.0000,0.0000,0,0,0,0,0,0
n012w8-0,n012w8,0,5,500000,100.0,adaptive,2026-07-04T12:26:25+01:00,4,8,28,2529,72,0.000000,250,295,250,45,15.2542,GLOBAL_BEST,3,42,0,3930,2222,87,173,67,2601.1561,671.6418,0,0,0,0,0,0
n012w8-0,n012w8,0,5,500000,100.0,adaptive,2026-07-04T12:26:25+01:00,4,3,28,2683,6,0.000000,1440,1470,1440,30,2.0408,LOCAL_BEST,0,42,1016,4936,91,88,154,-66,1948.0519,0.0000,0,0,0,0,0,0
n012w8-0,n012w8,0,5,500000,100.0,adaptive,2026-07-04T12:26:25+01:00,4,3,28,2685,6,0.000000,1425,1440,1425,15,1.0417,LOCAL_BEST,0,42,1017,4939,91,89,2,0,75000.0000,0.0000,0,0,0,0,0,0
n012w8-0,n012w8,0,5,500000,100.0,adaptive,2026-07-04T12:26:25+01:00,4,5,28,2986,43,0.000000,495,540,495,45,8.3333,GLOBAL_BEST,1,42,0,5105,2206,90,301,37,1495.0166,1216.2162,0,0,0,0,0,0
n012w8-0,n012w8,0,5,500000,100.0,adaptive,2026-07-04T12:26:25+01:00,4,3,28,3046,6,0.000000,1390,1425,1390,35,2.4561,LOCAL_BEST,0,42,1167,5660,102,91,60,-37,5833.3333,0.0000,0,0,0,0,0,0
n012w8-0,n012w8,0,5,500000,100.0,adaptive,2026-07-04T12:26:25+01:00,4,3,28,3047,6,0.000000,1360,1390,1360,30,2.1583,LOCAL_BEST,0,42,1167,5660,102,92,1,0,300000.0000,0.0000,0,0,0,0,0,0
n012w8-0,n012w8,0,5,500000,100.0,adaptive,2026-07-04T12:26:25+01:00,4,3,28,3048,6,0.000000,1330,1360,1330,30,2.2059,LOCAL_BEST,0,42,1167,5661,102,93,1,0,300000.0000,0.0000,0,0,0,0,0,0
n012w8-0,n012w8,0,5,500000,100.0,adaptive,2026-07-04T12:26:25+01:00,4,2,28,3313,6,0.000000,1250,1270,1250,20,1.5748,LOCAL_BEST,0,42,0,5970,376,94,265,0,754.7170,0.0000,0,0,0,0,0,0
n012w8-0,n012w8,0,5,500000,100.0,adaptive,2026-07-04T12:26:25+01:00,4,14,28,4905,134,0.000000,150,160,150,10,6.2500,GLOBAL_BEST,6,42,0,6750,4499,95,1592,128,62.8141,78.1250,0,0,0,0,0,0
n012w8-0,n012w8,0,5,500000,100.0,adaptive,2026-07-04T12:26:25+01:00,4,14,28,5206,134,0.000000,135,150,135,15,10.0000,GLOBAL_BEST,6,42,0,7181,4779,96,301,0,498.3389,0.0000,0,0,0,0,0,0
n012w8-0,n012w8,0,5,500000,100.0,adaptive,2026-07-04T12:26:25+01:00,4,2,28,5908,10,0.000000,1215,1250,1215,35,2.8000,LOCAL_BEST,0,42,0,10691,1250,97,702,-124,498.5755,0.0000,0,0,0,0,0,0
n012w8-0,n012w8,0,5,500000,100.0,adaptive,2026-07-04T12:26:25+01:00,4,2,28,5909,10,0.000000,1155,1215,1155,60,4.9383,LOCAL_BEST,0,42,0,10692,1250,98,1,0,600000.0000,0.0000,0,0,0,0,0,0
n012w8-0,n012w8,0,5,500000,100.0,adaptive,2026-07-04T12:26:25+01:00,4,2,28,6054,10,0.000000,1110,1155,1110,45,3.8961,LOCAL_BEST,0,42,0,10964,1295,99,145,0,3103.4483,0.0000,0,0,0,0,0,0
n012w8-0,n012w8,0,5,500000,100.0,adaptive,2026-07-04T12:26:25+01:00,4,2,28,6324,10,0.000000,1095,1110,1095,15,1.3514,LOCAL_BEST,0,42,0,11466,1397,100,270,0,555.5556,0.0000,0,0,0,0,0,0
n012w8-0,n012w8,0,5,500000,100.0,adaptive,2026-07-04T12:26:25+01:00,4,2,28,6706,11,0.000000,1065,1095,1065,30,2.7397,LOCAL_BEST,0,42,0,12199,1554,101,382,1,785.3403,30000.0000,0,0,0,0,0,0
n012w8-0,n012w8,0,5,500000,100.0,adaptive,2026-07-04T12:26:25+01:00,4,11,28,7256,112,0.000000,220,235,220,15,6.3830,LOCAL_BEST,4,42,0,11619,6756,102,550,101,272.7273,148.5149,0,0,0,0,0,0
n012w8-0,n012w8,0,5,500000,100.0,adaptive,2026-07-04T12:26:25+01:00,4,5,28,7435,49,0.000000,465,495,465,30,6.0606,GLOBAL_BEST,1,42,0,12297,5736,103,179,-63,1675.9777,0.0000,0,0,0,0,0,0
n012w8-0,n012w8,0,5,500000,100.0,adaptive,2026-07-04T12:26:25+01:00,4,5,28,9389,53,0.000000,450,465,450,15,3.2258,GLOBAL_BEST,1,42,0,15354,7233,104,1954,4,76.7656,3750.0000,0,0,0,0,0,0
n012w8-0,n012w8,0,5,500000,100.0,adaptive,2026-07-04T12:26:25+01:00,4,2,28,9551,15,0.000000,1035,1065,1035,30,2.8169,LOCAL_BEST,0,42,0,17088,2742,105,162,-38,1851.8519,0.0000,0,0,0,0,0,0
n012w8-0,n012w8,0,5,500000,100.0,adaptive,2026-07-04T12:26:25+01:00,4,11,28,11039,116,0.000000,205,220,205,15,6.8182,GLOBAL_BEST,4,42,0,17367,10293,106,1488,101,100.8065,148.5149,0,0,0,0,0,0
n012w8-0,n012w8,0,5,500000,100.0,adaptive,2026-07-04T12:26:25+01:00,4,2,28,12424,19,0.000000,1005,1035,1005,30,2.8986,LOCAL_BEST,0,42,0,22071,4104,107,1385,-97,216.6065,0.0000,0,0,0,0,0,0
n012w8-0,n012w8,0,5,500000,100.0,adaptive,2026-07-04T12:26:25+01:00,4,2,28,13686,21,0.000000,985,1005,985,20,1.9900,LOCAL_BEST,0,42,0,24239,4729,108,1262,2,158.4786,10000.0000,0,0,0,0,0,0
n012w8-0,n012w8,0,5,500000,100.0,adaptive,2026-07-04T12:26:25+01:00,4,2,28,14604,23,0.000000,960,985,960,25,2.5381,LOCAL_BEST,0,42,0,25900,5200,109,918,2,272.3312,12500.0000,0,0,0,0,0,0
n012w8-0,n012w8,0,5,500000,100.0,adaptive,2026-07-04T12:26:25+01:00,4,5,28,15214,61,0.000000,430,450,430,20,4.4444,GLOBAL_BEST,1,42,0,24660,12060,110,610,38,327.8689,526.3158,0,0,0,0,0,0
n012w8-0,n012w8,0,5,500000,100.0,adaptive,2026-07-04T12:26:25+01:00,4,5,28,15759,61,0.000000,420,430,420,10,2.3256,GLOBAL_BEST,1,42,0,25492,12513,111,545,0,183.4862,0.0000,0,0,0,0,0,0
n012w8-0,n012w8,0,5,500000,100.0,adaptive,2026-07-04T12:26:25+01:00,4,2,28,15962,24,0.000000,955,960,955,5,0.5208,LOCAL_BEST,0,42,0,28080,5914,112,203,-37,246.3054,0.0000,0,0,0,0,0,0
n012w8-0,n012w8,0,5,500000,100.0,adaptive,2026-07-04T12:26:25+01:00,4,8,28,15963,89,0.000000,240,250,240,10,4.0000,GLOBAL_BEST,3,42,0,25555,14199,113,1,65,100000.0000,153.8462,0,0,0,0,0,0
n012w8-0,n012w8,0,5,500000,100.0,adaptive,2026-07-04T12:26:25+01:00,4,2,28,16114,24,0.000000,940,955,940,15,1.5707,LOCAL_BEST,0,42,0,28385,5981,114,151,-65,993.3775,0.0000,0,0,0,0,0,0
n012w8-0,n012w8,0,5,500000,100.0,adaptive,2026-07-04T12:26:25+01:00,4,2,28,17313,26,0.000000,930,940,930,10,1.0638,LOCAL_BEST,0,42,0,30375,6673,115,1199,2,83.4028,5000.0000,0,0,0,0,0,0
n012w8-0,n012w8,0,5,500000,100.0,adaptive,2026-07-04T12:26:25+01:00,4,2,28,17433,26,0.000000,910,930,910,20,2.1505,LOCAL_BEST,0,42,0,30584,6745,116,120,0,1666.6667,0.0000,0,0,0,0,0,0
n012w8-0,n012w8,0,5,500000,100.0,adaptive,2026-07-04T12:26:25+01:00,4,2,28,18413,27,0.000000,805,910,805,105,11.5385,LOCAL_BEST,0,42,0,32281,7346,117,980,1,1071.4286,105000.0000,0,0,0,0,0,0
n012w8-0,n012w8,0,5,500000,100.0,adaptive,2026-07-04T12:26:25+01:00,4,5,28,20797,67,0.000000,415,420,415,5,1.1905,GLOBAL_BEST,1,42,0,33367,16740,118,2384,40,20.9732,125.0000,0,0,0,0,0,0
n012w8-0,n012w8,0,5,500000,100.0,adaptive,2026-07-04T12:26:25+01:00,4,5,28,21784,69,0.000000,405,415,405,10,2.4096,LOCAL_BEST,1,42,0,35050,17560,119,987,2,101.3171,5000.0000,0,0,0,0,0,0
n012w8-0,n012w8,0,5,500000,100.0,adaptive,2026-07-04T12:26:25+01:00,4,5,28,22742,70,0.000000,375,405,375,30,7.4074,LOCAL_BEST,1,42,0,36739,18330,120,958,1,313.1524,30000.0000,0,0,0,0,0,0
n012w8-0,n012w8,0,5,500000,100.0,adaptive,2026-07-04T12:26:25+01:00,4,5,28,22782,70,0.000000,345,375,345,30,8.0000,LOCAL_BEST,1,42,0,36773,18364,121,40,0,7500.0000,0.0000,0,0,0,0,0,0
n012w8-0,n012w8,0,5,500000,100.0,adaptive,2026-07-04T12:26:25+01:00,4,2,28,23501,35,0.000000,790,805,790,15,1.8634,LOCAL_BEST,0,42,0,40995,10482,122,719,-35,208.6231,0.0000,0,0,0,0,0,0
n012w8-0,n012w8,0,5,500000,100.0,adaptive,2026-07-04T12:26:25+01:00,4,2,28,23620,35,0.000000,770,790,770,20,2.5316,LOCAL_BEST,0,42,0,41242,10556,123,119,0,1680.6723,0.0000,0,0,0,0,0,0
n012w8-0,n012w8,0,5,500000,100.0,adaptive,2026-07-04T12:26:25+01:00,4,2,28,25670,39,0.000000,765,770,765,5,0.6494,LOCAL_BEST,0,42,0,44844,11980,124,2050,4,24.3902,1250.0000,0,0,0,0,0,0
n012w8-0,n012w8,0,5,500000,100.0,adaptive,2026-07-04T12:26:25+01:00,4,2,28,25671,39,0.000000,735,765,735,30,3.9216,GLOBAL_BEST,0,42,0,44844,11980,125,1,0,300000.0000,0.0000,0,0,0,0,0,0
n012w8-0,n012w8,0,5,500000,100.0,adaptive,2026-07-04T12:26:25+01:00,4,2,28,25707,39,0.000000,685,735,685,50,6.8027,GLOBAL_BEST,0,42,0,44887,12000,126,36,0,13888.8889,0.0000,0,0,0,0,0,0
n012w8-0,n012w8,0,5,500000,100.0,adaptive,2026-07-04T12:26:25+01:00,4,1,28,26598,41,47.955232,725,745,725,20,2.6846,LOCAL_BEST,0,42,5240,45716,11958,127,891,2,224.4669,10000.0000,0,0,0,0,0,0
n012w8-0,n012w8,0,5,500000,100.0,adaptive,2026-07-04T12:26:25+01:00,4,1,28,26600,41,47.952582,680,725,680,45,6.2069,LOCAL_BEST,0,42,5240,45718,11958,128,2,0,225000.0000,0.0000,0,0,0,0,0,0
n012w8-0,n012w8,0,5,500000,100.0,adaptive,2026-07-04T12:26:25+01:00,4,1,28,27061,42,47.345641,640,680,640,40,5.8824,LOCAL_BEST,0,42,5296,46486,12243,129,461,1,867.6790,40000.0000,0,0,0,0,0,0
n012w8-0,n012w8,0,5,500000,100.0,adaptive,2026-07-04T12:26:25+01:00,4,1,28,27062,42,47.344333,610,640,610,30,4.6875,LOCAL_BEST,0,42,5296,46486,12243,130,1,0,300000.0000,0.0000,0,0,0,0,0,0
n012w8-0,n012w8,0,5,500000,100.0,adaptive,2026-07-04T12:26:25+01:00,4,8,28,27118,103,0.000000,235,240,235,5,2.0833,GLOBAL_BEST,3,42,0,43329,24158,131,56,61,892.8571,81.9672,0,0,0,0,0,0
n012w8-0,n012w8,0,5,500000,100.0,adaptive,2026-07-04T12:26:25+01:00,4,4,28,27123,78,47.264601,730,735,730,5,0.6803,LOCAL_BEST,1,42,5263,46615,12398,132,5,-25,10000.0000,0.0000,0,0,0,0,0,0
n012w8-0,n012w8,0,5,500000,100.0,adaptive,2026-07-04T12:26:25+01:00,4,1,28,27130,42,47.255461,595,610,595,15,2.4590,LOCAL_BEST,0,42,5301,46575,12292,133,7,-36,21428.5714,0.0000,0,0,0,0,0,0
n012w8-0,n012w8,0,5,500000,100.0,adaptive,2026-07-04T12:26:25+01:00,4,5,28,28405,77,0.000000,315,345,315,30,8.6957,LOCAL_BEST,1,42,0,45633,23070,134,1275,35,235.2941,857.1429,0,0,0,0,0,0
n012w8-0,n012w8,0,5,500000,100.0,adaptive,2026-07-04T12:26:25+01:00,4,4,28,28490,82,45.512637,715,730,715,15,2.0548,LOCAL_BEST,1,42,5441,48824,13256,135,85,5,1764.7059,3000.0000,0,0,0,0,0,0
n012w8-0,n012w8,0,5,500000,100.0,adaptive,2026-07-04T12:26:25+01:00,4,4,28,28499,82,45.501320,700,715,700,15,2.0979,LOCAL_BEST,1,42,5442,48845,13261,136,9,0,16666.6667,0.0000,0,0,0,0,0,0
n012w8-0,n012w8,0,5,500000,100.0,adaptive,2026-07-04T12:26:25+01:00,4,3,28,28707,44,0.000000,1320,1330,1320,10,0.7519,LOCAL_BEST,0,42,10770,52810,1092,137,208,-38,480.7692,0.0000,0,0,0,0,0,0
n012w8-0,n012w8,0,5,500000,100.0,adaptive,2026-07-04T12:26:25+01:00,4,3,28,28709,44,0.000000,1260,1320,1260,60,4.5455,LOCAL_BEST,0,42,10771,52812,1092,138,2,0,300000.0000,0.0000,0,0,0,0,0,0
n012w8-0,n012w8,0,5,500000,100.0,adaptive,2026-07-04T12:26:25+01:00,4,3,28,28719,44,0.000000,1230,1260,1230,30,2.3810,LOCAL_BEST,0,42,10775,52828,1093,139,10,0,30000.0000,0.0000,0,0,0,0,0,0
n012w8-0,n012w8,0,5,500000,100.0,adaptive,2026-07-04T12:26:25+01:00,4,3,28,28720,44,0.000000,1200,1230,1200,30,2.4390,LOCAL_BEST,0,42,10775,52832,1093,140,1,0,300000.0000,0.0000,0,0,0,0,0,0
n012w8-0,n012w8,0,5,500000,100.0,adaptive,2026-07-04T12:26:25+01:00,4,14,28,29470,166,0.000000,130,135,130,5,3.7037,GLOBAL_BEST,6,42,0,42358,27560,141,750,122,66.6667,40.9836,0,0,0,0,0,0
n012w8-0,n012w8,0,5,500000,100.0,adaptive,2026-07-04T12:26:25+01:00,4,8,28,29557,106,0.000000,220,235,220,15,6.3830,GLOBAL_BEST,3,42,0,47025,26358,142,87,-60,1724.1379,0.0000,0,0,0,0,0,0
n012w8-0,n012w8,0,5,500000,100.0,adaptive,2026-07-04T12:26:25+01:00,4,4,28,30783,86,42.718501,690,700,690,10,1.4286,LOCAL_BEST,1,42,5728,52657,14685,143,1226,-20,81.5661,0.0000,0,0,0,0,0,0
n012w8-0,n012w8,0,5,500000,100.0,adaptive,2026-07-04T12:26:25+01:00,4,1,28,30975,47,42.492472,575,595,575,20,3.3613,LOCAL_BEST,0,42,5808,52941,14667,144,192,-39,1041.6667,0.0000,0,0,0,0,0,0
n012w8-0,n012w8,0,5,500000,100.0,adaptive,2026-07-04T12:26:25+01:00,4,4,28,31169,87,42.265304,675,690,675,15,2.1739,LOCAL_BEST,1,42,5773,53311,14921,145,194,40,773.1959,375.0000,0,0,0,0,0,0
n012w8-0,n012w8,0,5,500000,100.0,adaptive,2026-07-04T12:26:25+01:00,4,2,28,32645,48,0.000000,645,685,645,40,5.8394,LOCAL_BEST,0,42,0,56049,16648,146,1476,-39,271.0027,0.0000,0,0,0,0,0,0
n012w8-0,n012w8,0,5,500000,100.0,adaptive,2026-07-04T12:26:25+01:00,4,4,28,33391,90,39.748432,630,675,630,45,6.6667,LOCAL_BEST,1,42,6051,56995,16327,147,746,42,603.2172,1071.4286,0,0,0,0,0,0
n012w8-0,n012w8,0,5,500000,100.0,adaptive,2026-07-04T12:26:25+01:00,4,4,28,33453,90,39.680396,600,630,600,30,4.7619,LOCAL_BEST,1,42,6059,57106,16366,148,62,0,4838.7097,0.0000,0,0,0,0,0,0
n012w8-0,n012w8,0,5,500000,100.0,adaptive,2026-07-04T12:26:25+01:00,4,2,28,36176,53,0.000000,630,645,630,15,2.3256,LOCAL_BEST,0,42,0,61992,19138,149,2723,-37,55.0863,0.0000,0,0,0,0,0,0
n012w8-0,n012w8,0,5,500000,100.0,adaptive,2026-07-04T12:26:25+01:00,4,11,28,36636,151,0.000000,190,205,190,15,7.3171,LOCAL_BEST,4,42,0,56805,33953,150,460,98,326.0870,153.0612,0,0,0,0,0,0
n012w8-0,n012w8,0,5,500000,100.0,adaptive,2026-07-04T12:26:25+01:00,4,2,28,37492,56,0.000000,610,630,610,20,3.1746,LOCAL_BEST,0,42,0,64298,20089,151,856,-95,233.6449,0.0000,0,0,0,0,0,0
n012w8-0,n012w8,0,5,500000,100.0,adaptive,2026-07-04T12:26:25+01:00,4,4,28,38467,97,34.546814,585,600,585,15,2.5000,LOCAL_BEST,1,42,6592,65466,19746,152,975,41,153.8462,365.8537,0,0,0,0,0,0
n012w8-0,n012w8,0,5,500000,100.0,adaptive,2026-07-04T12:26:25+01:00,4,4,28,38470,97,34.543950,540,585,540,45,7.6923,LOCAL_BEST,1,42,6592,65473,19748,153,3,0,150000.0000,0.0000,0,0,0,0,0,0
n012w8-0,n012w8,0,5,500000,100.0,adaptive,2026-07-04T12:26:25+01:00,4,4,28,38476,97,34.538224,525,540,525,15,2.7778,LOCAL_BEST,1,42,6592,65494,19753,154,6,0,25000.0000,0.0000,0,0,0,0,0,0
n012w8-0,n012w8,0,5,500000,100.0,adaptive,2026-07-04T12:26:25+01:00,4,4,28,38500,97,34.515328,450,525,450,75,14.2857,LOCAL_BEST,1,42,6593,65542,19773,155,24,0,31250.0000,0.0000,0,0,0,0,0,0
n012w8-0,n012w8,0,5,500000,100.0,adaptive,2026-07-04T12:26:25+01:00,4,5,28,39325,95,0.000000,300,315,300,15,4.7619,LOCAL_BEST,1,42,0,63478,32405,156,825,-2,181.8182,0.0000,0,0,0,0,0,0
n012w8-0,n012w8,0,5,500000,100.0,adaptive,2026-07-04T12:26:25+01:00,4,4,28,39327,98,33.735566,420,450,420,30,6.6667,LOCAL_BEST,1,42,6675,66808,20367,157,2,3,150000.0000,10000.0000,0,0,0,0,0,0
n012w8-0,n012w8,0,5,500000,100.0,adaptive,2026-07-04T12:26:25+01:00,4,1,28,40905,61,32.296243,555,575,555,20,3.4783,LOCAL_BEST,0,42,6844,69555,21469,158,1578,-37,126.7427,0.0000,0,0,0,0,0,0
n012w8-0,n012w8,0,5,500000,100.0,adaptive,2026-07-04T12:26:25+01:00,4,1,28,40910,61,32.291781,540,555,540,15,2.7027,LOCAL_BEST,0,42,6844,69557,21473,159,5,0,30000.0000,0.0000,0,0,0,0,0,0
n012w8-0,n012w8,0,5,500000,100.0,adaptive,2026-07-04T12:26:25+01:00,4,1,28,40936,61,32.268591,480,540,480,60,11.1111,LOCAL_BEST,0,42,6845,69592,21492,160,26,0,23076.9231,0.0000,0,0,0,0,0,0
n012w8-0,n012w8,0,5,500000,100.0,adaptive,2026-07-04T12:26:25+01:00,4,7,28,41194,141,32.039372,330,405,330,75,18.5185,LOCAL_BEST,2,42,6888,70080,21571,161,258,80,2906.9767,937.5000,0,0,0,0,0,0
n012w8-0,n012w8,0,5,500000,100.0,adaptive,2026-07-04T12:26:25+01:00,4,2,28,43370,64,0.000000,585,610,585,25,4.0984,LOCAL_BEST,0,42,0,73734,24434,162,2176,-77,114.8897,0.0000,0,0,0,0,0,0
n012w8-0,n012w8,0,5,500000,100.0,adaptive,2026-07-04T12:26:25+01:00,4,2,28,43581,64,0.000000,570,585,570,15,2.5641,LOCAL_BEST,0,42,0,74023,24587,163,211,0,710.9005,0.0000,0,0,0,0,0,0
n012w8-0,n012w8,0,5,500000,100.0,adaptive,2026-07-04T12:26:25+01:00,4,1,28,44675,66,29.101274,450,480,450,30,6.2500,LOCAL_BEST,0,42,7177,75793,24164,164,1094,2,274.2230,15000.0000,0,0,0,0,0,0
n012w8-0,n012w8,0,5,500000,100.0,adaptive,2026-07-04T12:26:25+01:00,4,1,28,44954,66,28.877793,435,450,435,15,3.3333,LOCAL_BEST,0,42,7189,76337,24393,165,279,0,537.6344,0.0000,0,0,0,0,0,0
n012w8-0,n012w8,0,5,500000,100.0,adaptive,2026-07-04T12:26:25+01:00,4,1,28,44985,66,28.853068,420,435,420,15,3.4483,LOCAL_BEST,0,42,7190,76400,24420,166,31,0,4838.7097,0.0000,0,0,0,0,0,0
n012w8-0,n012w8,0,5,500000,100.0,adaptive,2026-07-04T12:26:25+01:00,4,2,28,45308,66,0.000000,540,570,540,30,5.2632,LOCAL_BEST,0,42,0,76945,25854,167,323,0,928.7926,0.0000,0,0,0,0,0,0
n012w8-0,n012w8,0,5,500000,100.0,adaptive,2026-07-04T12:26:25+01:00,4,1,28,45631,67,28.342620,405,420,405,15,3.5714,GLOBAL_BEST,0,42,7227,77540,24928,168,323,1,464.3963,15000.0000,0,0,0,0,0,0
n012w8-0,n012w8,0,5,500000,100.0,adaptive,2026-07-04T12:26:25+01:00,4,1,28,45639,67,28.336356,390,405,390,15,3.7037,GLOBAL_BEST,0,42,7227,77548,24934,169,8,0,18750.0000,0.0000,0,0,0,0,0,0
n012w8-0,n012w8,0,5,500000,100.0,adaptive,2026-07-04T12:26:25+01:00,4,1,28,45649,67,28.328527,360,390,360,30,7.6923,GLOBAL_BEST,0,42,7227,77556,24943,170,10,0,30000.0000,0.0000,0,0,0,0,0,0
n012w8-0,n012w8,0,5,500000,100.0,adaptive,2026-07-04T12:26:25+01:00,4,4,28,46656,113,27.551167,405,420,405,15,3.5714,LOCAL_BEST,1,42,7251,78890,25774,171,1007,46,148.9573,326.0870,0,0,0,0,0,0
n012w8-0,n012w8,0,5,500000,100.0,adaptive,2026-07-04T12:26:25+01:00,4,4,28,46659,113,27.548883,390,405,390,15,3.7037,LOCAL_BEST,1,42,7251,78896,25776,172,3,0,50000.0000,0.0000,0,0,0,0,0,0
n012w8-0,n012w8,0,5,500000,100.0,adaptive,2026-07-04T12:26:25+01:00,4,4,28,46674,113,27.537468,375,390,375,15,3.8462,LOCAL_BEST,1,42,7251,78928,25789,173,15,0,10000.0000,0.0000,0,0,0,0,0,0
n012w8-0,n012w8,0,5,500000,100.0,adaptive,2026-07-04T12:26:25+01:00,4,2,28,46803,68,0.000000,520,540,520,20,3.7037,LOCAL_BEST,0,42,0,79494,26986,174,129,-45,1550.3876,0.0000,0,0,0,0,0,0
n012w8-0,n012w8,0,5,500000,100.0,adaptive,2026-07-04T12:26:25+01:00,4,4,28,47425,114,26.971929,350,375,350,25,6.6667,LOCAL_BEST,1,42,7292,80050,26408,175,622,46,401.9293,543.4783,0,0,0,0,0,0
n012w8-0,n012w8,0,5,500000,100.0,adaptive,2026-07-04T12:26:25+01:00,4,4,28,47522,115,26.899735,335,350,335,15,4.2857,LOCAL_BEST,1,42,7295,80193,26492,176,97,1,1546.3918,15000.0000,0,0,0,0,0,0
n012w8-0,n012w8,0,5,500000,100.0,adaptive,2026-07-04T12:26:25+01:00,4,4,28,47523,115,26.898992,305,335,305,30,8.9552,LOCAL_BEST,1,42,7295,80195,26492,177,1,0,300000.0000,0.0000,0,0,0,0,0,0
n012w8-0,n012w8,0,5,500000,100.0,adaptive,2026-07-04T12:26:25+01:00,4,4,28,47557,115,26.873733,295,305,295,10,3.2787,LOCAL_BEST,1,42,7296,80236,26522,178,34,0,2941.1765,0.0000,0,0,0,0,0,0
n012w8-0,n012w8,0,5,500000,100.0,adaptive,2026-07-04T12:26:25+01:00,4,5,28,48449,111,0.000000,280,300,280,20,6.6667,LOCAL_BEST,1,42,0,77761,40333,179,892,-4,224.2152,0.0000,0,0,0,0,0,0
n012w8-0,n012w8,0,5,500000,100.0,adaptive,2026-07-04T12:26:25+01:00,4,5,28,49100,112,0.000000,265,280,265,15,5.3571,LOCAL_BEST,1,42,0,78779,40904,180,651,1,230.4147,15000.0000,0,0,0,0,0,0
n012w8-0,n012w8,0,5,500000,100.0,adaptive,2026-07-04T12:26:25+01:00,4,2,28,49723,73,0.000000,485,520,485,35,6.7308,LOCAL_BEST,0,42,0,84280,29272,181,623,-39,561.7978,0.0000,0,0,0,0,0,0
n012w8-0,n012w8,0,5,500000,100.0,adaptive,2026-07-04T12:26:25+01:00,4,7,28,50176,160,24.997697,310,330,310,20,6.0606,LOCAL_BEST,2,42,7530,84819,28360,182,453,87,441.5011,229.8851,0,0,0,0,0,0
n012w8-0,n012w8,0,5,500000,100.0,adaptive,2026-07-04T12:26:25+01:00,4,1,28,53656,78,22.705967,330,360,330,30,8.3333,LOCAL_BEST,0,42,7734,90378,31241,183,3480,-82,86.2069,0.0000,0,0,0,0,0,0
n012w8-0,n012w8,0,5,500000,100.0,adaptive,2026-07-04T12:26:25+01:00,4,1,28,53660,78,22.703457,300,330,300,30,9.0909,LOCAL_BEST,0,42,7734,90394,31243,184,4,0,75000.0000,0.0000,0,0,0,0,0,0
n012w8-0,n012w8,0,5,500000,100.0,adaptive,2026-07-04T12:26:25+01:00,4,2,28,53998,78,0.000000,480,485,480,5,1.0309,LOCAL_BEST,0,42,0,91067,32664,185,338,0,147.9290,0.0000,0,0,0,0,0,0
n012w8-0,n012w8,0,5,500000,100.0,adaptive,2026-07-04T12:26:25+01:00,4,7,28,54641,170,22.096323,295,310,295,15,4.8387,LOCAL_BEST,2,42,7759,91999,31988,186,643,92,233.2815,163.0435,0,0,0,0,0,0
n012w8-0,n012w8,0,5,500000,100.0,adaptive,2026-07-04T12:26:25+01:00,4,7,28,54660,170,22.084725,280,295,280,15,5.0847,LOCAL_BEST,2,42,7759,92032,32006,187,19,0,7894.7368,0.0000,0,0,0,0,0,0
n012w8-0,n012w8,0,5,500000,100.0,adaptive,2026-07-04T12:26:25+01:00,4,7,28,54731,170,22.041442,265,280,265,15,5.3571,LOCAL_BEST,2,42,7762,92118,32070,188,71,0,2112.6761,0.0000,0,0,0,0,0,0
n012w8-0,n012w8,0,5,500000,100.0,adaptive,2026-07-04T12:26:25+01:00,4,7,28,54786,170,22.007971,250,265,250,15,5.6604,LOCAL_BEST,2,42,7762,92190,32120,189,55,0,2727.2727,0.0000,0,0,0,0,0,0
n012w8-0,n012w8,0,5,500000,100.0,adaptive,2026-07-04T12:26:25+01:00,4,2,28,54828,79,0.000000,460,480,460,20,4.1667,LOCAL_BEST,0,42,0,92355,33319,190,42,-91,4761.9048,0.0000,0,0,0,0,0,0
n012w8-0,n012w8,0,5,500000,100.0,adaptive,2026-07-04T12:26:25+01:00,4,5,28,55693,124,0.000000,255,265,255,10,3.7736,LOCAL_BEST,1,42,0,88973,46684,191,865,45,115.6069,222.2222,0,0,0,0,0,0
n012w8-0,n012w8,0,5,500000,100.0,adaptive,2026-07-04T12:26:25+01:00,4,5,28,55696,124,0.000000,195,255,195,60,23.5294,GLOBAL_BEST,1,42,0,88977,46686,192,3,0,200000.0000,0.0000,0,0,0,0,0,0
n012w8-0,n012w8,0,5,500000,100.0,adaptive,2026-07-04T12:26:25+01:00,4,2,28,56207,82,0.000000,435,460,435,25,5.4348,LOCAL_BEST,0,42,0,94597,34456,193,511,-42,489.2368,0.0000,0,0,0,0,0,0
n012w8-0,n012w8,0,5,500000,100.0,adaptive,2026-07-04T12:26:25+01:00,4,2,28,56874,82,0.000000,430,435,430,5,1.1494,LOCAL_BEST,0,42,0,95793,34989,194,667,0,74.9625,0.0000,0,0,0,0,0,0
n012w8-0,n012w8,0,5,500000,100.0,adaptive,2026-07-04T12:26:25+01:00,4,1,28,57432,84,20.456343,285,300,285,15,5.0000,LOCAL_BEST,0,42,7903,96243,34396,195,558,2,268.8172,7500.0000,0,0,0,0,0,0
n012w8-0,n012w8,0,5,500000,100.0,adaptive,2026-07-04T12:26:25+01:00,4,4,28,57449,136,20.446736,255,295,255,40,13.5593,LOCAL_BEST,1,42,7780,95917,34578,196,17,52,23529.4118,769.2308,0,0,0,0,0,0
n012w8-0,n012w8,0,5,500000,100.0,adaptive,2026-07-04T12:26:25+01:00,4,1,28,58733,86,19.734040,255,285,255,30,10.5263,LOCAL_BEST,0,42,7943,98224,35504,197,1284,-50,233.6449,0.0000,0,0,0,0,0,0
n012w8-0,n012w8,0,5,500000,100.0,adaptive,2026-07-04T12:26:25+01:00,4,4,28,59360,139,19.395099,240,255,240,15,5.8824,LOCAL_BEST,1,42,7837,98967,36236,198,627,53,239.2344,283.0189,0,0,0,0,0,0
n012w8-0,n012w8,0,5,500000,100.0,adaptive,2026-07-04T12:26:25+01:00,4,2,28,59914,86,0.000000,415,430,415,15,3.4884,LOCAL_BEST,0,42,0,100565,37505,199,554,-53,270.7581,0.0000,0,0,0,0,0,0
n012w8-0,n012w8,0,5,500000,100.0,adaptive,2026-07-04T12:26:25+01:00,4,2,28,59915,86,0.000000,370,415,370,45,10.8434,LOCAL_BEST,0,42,0,100565,37505,200,1,0,450000.0000,0.0000,0,0,0,0,0,0
n012w8-0,n012w8,0,5,500000,100.0,adaptive,2026-07-04T12:26:25+01:00,4,7,28,61333,183,18.366060,240,250,240,10,4.0000,LOCAL_BEST,2,42,8012,102918,37614,201,1418,97,70.5219,103.0928,0,0,0,0,0,0
n012w8-0,n012w8,0,5,500000,100.0,adaptive,2026-07-04T12:26:25+01:00,4,7,28,61605,184,18.228545,225,240,225,15,6.2500,LOCAL_BEST,2,42,8017,103386,37851,202,272,1,551.4706,15000.0000,0,0,0,0,0,0
n012w8-0,n012w8,0,5,500000,100.0,adaptive,2026-07-04T12:26:25+01:00,4,7,28,61914,185,18.073572,210,225,210,15,6.6667,LOCAL_BEST,2,42,8024,103846,38126,203,309,1,485.4369,15000.0000,0,0,0,0,0,0
n012w8-0,n012w8,0,5,500000,100.0,adaptive,2026-07-04T12:26:25+01:00,4,1,28,62139,92,17.961558,240,255,240,15,5.8824,LOCAL_BEST,0,42,8030,103471,38503,204,225,-93,666.6667,0.0000,0,0,0,0,0,0
n012w8-0,n012w8,0,5,500000,100.0,adaptive,2026-07-04T12:26:25+01:00,4,2,28,66838,95,0.000000,355,370,355,15,4.0541,LOCAL_BEST,0,42,0,111737,43219,205,4699,3,31.9217,5000.0000,0,0,0,0,0,0
n012w8-0,n012w8,0,5,500000,100.0,adaptive,2026-07-04T12:26:25+01:00,4,2,28,66849,95,0.000000,340,355,340,15,4.2254,LOCAL_BEST,0,42,0,111753,43227,206,11,0,13636.3636,0.0000,0,0,0,0,0,0
n012w8-0,n012w8,0,5,500000,100.0,adaptive,2026-07-04T12:26:25+01:00,4,2,28,67024,95,0.000000,310,340,310,30,8.8235,LOCAL_BEST,0,42,0,112063,43376,207,175,0,1714.2857,0.0000,0,0,0,0,0,0
n012w8-0,n012w8,0,5,500000,100.0,adaptive,2026-07-04T12:26:25+01:00,4,5,28,67336,146,0.000000,190,195,190,5,2.5641,LOCAL_BEST,1,42,0,106757,57099,208,312,51,160.2564,98.0392,0,0,0,0,0,0
n012w8-0,n012w8,0,5,500000,100.0,adaptive,2026-07-04T12:26:25+01:00,4,10,28,70806,249,14.136438,200,235,200,35,14.8936,LOCAL_BEST,4,42,8100,117774,46255,209,3470,103,100.8646,339.8058,0,0,0,0,0,0
n012w8-0,n012w8,0,5,500000,100.0,adaptive,2026-07-04T12:26:25+01:00,4,13,28,72046,256,13.660293,180,195,180,15,7.6923,LOCAL_BEST,5,42,8230,119471,47663,210,1240,7,120.9677,2142.8571,0,0,0,0,0,0
n012w8-0,n012w8,0,5,500000,100.0,adaptive,2026-07-04T12:26:25+01:00,4,10,28,75426,259,12.442281,155,200,155,45,22.5000,LOCAL_BEST,4,42,8146,124630,50533,211,3380,3,133.1361,15000.0000,0,0,0,0,0,0
n012w8-0,n012w8,0,5,500000,100.0,adaptive,2026-07-04T12:26:25+01:00,4,4,28,77466,177,11.760343,225,240,225,15,6.2500,LOCAL_BEST,1,42,8294,126410,52169,212,2040,-82,73.5294,0.0000,0,0,0,0,0,0
n012w8-0,n012w8,0,5,500000,100.0,adaptive,2026-07-04T12:26:25+01:00,4,4,28,77505,177,11.747677,210,225,210,15,6.6667,LOCAL_BEST,1,42,8294,126450,52205,213,39,0,3846.1538,0.0000,0,0,0,0,0,0
n012w8-0,n012w8,0,5,500000,100.0,adaptive,2026-07-04T12:26:25+01:00,4,1,28,77847,112,11.637187,225,240,225,15,6.2500,LOCAL_BEST,0,42,8376,128198,52506,214,342,-65,438.5965,0.0000,0,0,0,0,0,0
n012w8-0,n012w8,0,5,500000,100.0,adaptive,2026-07-04T12:26:25+01:00,4,2,28,79901,114,0.000000,270,310,270,40,12.9032,LOCAL_BEST,0,42,0,132511,54486,215,2054,2,194.7420,20000.0000,0,0,0,0,0,0
n012w8-0,n012w8,0,5,500000,100.0,adaptive,2026-07-04T12:26:25+01:00,4,5,28,79943,165,0.000000,185,190,185,5,2.6316,LOCAL_BEST,1,42,0,125631,68473,216,42,51,1190.4762,98.0392,0,0,0,0,0,0
n012w8-0,n012w8,0,5,500000,100.0,adaptive,2026-07-04T12:26:25+01:00,4,4,28,80132,182,10.925165,195,210,195,15,7.1429,LOCAL_BEST,1,42,8317,130421,54636,217,189,17,793.6508,882.3529,0,0,0,0,0,0
n012w8-0,n012w8,0,5,500000,100.0,adaptive,2026-07-04T12:26:25+01:00,4,5,28,82449,168,0.000000,175,185,175,10,5.4054,LOCAL_BEST,1,42,0,129460,70740,218,2317,-14,43.1593,0.0000,0,0,0,0,0,0
n012w8-0,n012w8,0,5,500000,100.0,adaptive,2026-07-04T12:26:25+01:00,4,2,28,85360,122,0.000000,265,270,265,5,1.8519,LOCAL_BEST,0,42,0,141206,59262,219,2911,-46,17.1762,0.0000,0,0,0,0,0,0
n012w8-0,n012w8,0,5,500000,100.0,adaptive,2026-07-04T12:26:25+01:00,4,2,28,112293,166,0.000000,240,265,240,25,9.4340,LOCAL_BEST,0,42,0,182505,83357,220,26933,44,9.2823,568.1818,0,0,0,0,0,0
n012w8-0,n012w8,0,5,500000,100.0,adaptive,2026-07-04T12:26:25+01:00,4,2,28,112759,167,0.000000,225,240,225,15,6.2500,LOCAL_BEST,0,42,0,183169,83764,221,466,1,321.8884,15000.0000,0,0,0,0,0,0
n012w8-0,n012w8,0,5,500000,100.0,adaptive,2026-07-04T12:26:25+01:00,4,3,28,120044,196,0.000000,1185,1200,1185,15,1.2500,LOCAL_BEST,0,42,44713,223679,4784,222,7285,29,20.5903,517.2414,0,0,0,0,0,0
n012w8-0,n012w8,0,5,500000,100.0,adaptive,2026-07-04T12:26:25+01:00,4,2,28,124960,185,0.000000,210,225,210,15,6.6667,LOCAL_BEST,0,42,0,201102,94700,223,4916,-11,30.5126,0.0000,0,0,0,0,0,0
n012w8-0,n012w8,0,5,500000,100.0,adaptive,2026-07-04T12:26:25+01:00,4,1,28,127847,198,2.923048,225,225,225,0,0.0000,REHEAT,0,42,8486,201672,100718,224,2887,13,0.0000,0.0000,0,0,0,0,0,0
n012w8-0,n012w8,0,5,500000,100.0,adaptive,2026-07-04T12:26:25+01:00,4,1,28,177847,293,25.118864,760,225,225,0,0.0000,REHEAT,0,42,15962,286200,129126,225,50000,95,0.0000,0.0000,0,0,0,0,0,0
n012w8-0,n012w8,0,5,500000,100.0,adaptive,2026-07-04T12:26:25+01:00,4,1,28,227847,406,25.118864,585,225,225,0,0.0000,REHEAT,0,42,23431,371314,157485,226,50000,113,0.0000,0.0000,0,0,0,0,0,0
n012w8-0,n012w8,0,5,500000,100.0,adaptive,2026-07-04T12:26:25+01:00,4,3,28,233942,448,0.000000,1175,1185,1175,10,0.8439,LOCAL_BEST,0,42,87031,434614,9395,227,6095,42,16.4069,238.0952,0,0,0,0,0,0
n012w8-0,n012w8,0,5,500000,100.0,adaptive,2026-07-04T12:26:25+01:00,4,1,28,277847,519,25.118864,835,225,225,0,0.0000,REHEAT,0,42,30882,457269,185993,228,43905,71,0.0000,0.0000,0,0,0,0,0,0
n012w8-0,n012w8,0,5,500000,100.0,adaptive,2026-07-04T12:26:25+01:00,4,1,28,327847,616,25.118864,450,225,225,0,0.0000,REHEAT,0,42,38283,543190,214533,229,50000,97,0.0000,0.0000,0,0,0,0,0,0
n012w8-0,n012w8,0,5,500000,100.0,adaptive,2026-07-04T12:26:25+01:00,4,3,28,375305,748,0.000000,1155,1175,1155,20,1.7021,LOCAL_BEST,0,42,139596,698216,15105,230,47458,132,4.2143,151.5152,0,0,0,0,0,0
n012w8-0,n012w8,0,5,500000,100.0,adaptive,2026-07-04T12:26:25+01:00,4,1,28,377847,709,25.118864,580,225,225,0,0.0000,REHEAT,0,42,45609,628811,243278,231,2542,-39,0.0000,0.0000,0,0,0,0,0,0
n012w8-0,n012w8,0,5,500000,100.0,adaptive,2026-07-04T12:26:25+01:00,4,1,28,427847,817,25.118864,685,225,225,0,0.0000,REHEAT,0,42,53087,713726,271572,232,50000,108,0.0000,0.0000,0,0,0,0,0,0
n012w8-0,n012w8,0,5,500000,100.0,adaptive,2026-07-04T12:26:25+01:00,4,1,28,477847,925,25.118864,525,225,225,0,0.0000,REHEAT,0,42,60544,799051,300168,233,50000,108,0.0000,0.0000,0,0,0,0,0,0
n012w8-0,n012w8,0,5,500000,100.0,adaptive,2026-07-04T12:26:25+01:00,5,1,44,1,0,100.000000,4260,4440,4260,180,4.0541,GLOBAL_BEST,0,123,0,0,0,1,1,0,1800000.0000,0.0000,0,0,0,0,0,0
n012w8-0,n012w8,0,5,500000,100.0,adaptive,2026-07-04T12:26:25+01:00,5,2,44,1,0,0.000000,4170,4440,4170,270,6.0811,LOCAL_BEST,0,123,0,4,0,2,0,0,0.0000,0.0000,0,0,0,0,0,0
n012w8-0,n012w8,0,5,500000,100.0,adaptive,2026-07-04T12:26:25+01:00,5,3,44,2,0,0.000000,4210,4440,4210,230,5.1802,GLOBAL_BEST,0,123,1,1,0,3,1,0,2300000.0000,0.0000,0,0,0,0,0,0
n012w8-0,n012w8,0,5,500000,100.0,adaptive,2026-07-04T12:26:25+01:00,5,1,44,2,0,99.997237,4115,4260,4115,145,3.4038,GLOBAL_BEST,0,123,0,0,0,4,0,0,0.0000,0.0000,0,0,0,0,0,0
n012w8-0,n012w8,0,5,500000,100.0,adaptive,2026-07-04T12:26:25+01:00,5,5,44,2,44,0.000000,800,815,800,15,1.8405,LOCAL_BEST,1,123,0,2,1,5,0,44,0.0000,340.9091,0,0,0,0,0,0
n012w8-0,n012w8,0,5,500000,100.0,adaptive,2026-07-04T12:26:25+01:00,5,3,44,3,0,0.000000,4060,4210,4060,150,3.5629,GLOBAL_BEST,0,123,1,1,0,6,1,-44,1500000.0000,0.0000,0,0,0,0,0,0
n012w8-0,n012w8,0,5,500000,100.0,adaptive,2026-07-04T12:26:25+01:00,5,1,44,3,0,99.994474,3825,4115,3825,290,7.0474,GLOBAL_BEST,0,123,0,4,0,7,0,0,0.0000,0.0000,0,0,0,0,0,0
n012w8-0,n012w8,0,5,500000,100.0,adaptive,2026-07-04T12:26:25+01:00,5,1,44,4,0,99.991711,3795,3825,3795,30,0.7843,GLOBAL_BEST,0,123,0,6,0,8,1,0,300000.0000,0.0000,0,0,0,0,0,0
n012w8-0,n012w8,0,5,500000,100.0,adaptive,2026-07-04T12:26:25+01:00,5,3,44,5,0,0.000000,3700,4060,3700,360,8.8670,GLOBAL_BEST,0,123,1,3,0,9,1,0,3600000.0000,0.0000,0,0,0,0,0,0
n012w8-0,n012w8,0,5,500000,100.0,adaptive,2026-07-04T12:26:25+01:00,5,1,44,5,0,99.988948,3705,3795,3705,90,2.3715,LOCAL_BEST,0,123,0,6,0,10,0,0,0.0000,0.0000,0,0,0,0,0,0
n012w8-0,n012w8,0,5,500000,100.0,adaptive,2026-07-04T12:26:25+01:00,5,2,44,5,0,0.000000,3765,4170,3765,405,9.7122,LOCAL_BEST,0,123,0,13,0,11,0,0,0.0000,0.0000,0,0,0,0,0,0
n012w8-0,n012w8,0,5,500000,100.0,adaptive,2026-07-04T12:26:25+01:00,5,3,44,6,0,0.000000,3610,3700,3610,90,2.4324,GLOBAL_BEST,0,123,1,3,0,12,1,0,900000.0000,0.0000,0,0,0,0,0,0
n012w8-0,n012w8,0,5,500000,100.0,adaptive,2026-07-04T12:26:25+01:00,5,5,44,6,44,0.000000,650,800,650,150,18.7500,GLOBAL_BEST,1,123,0,7,4,13,0,44,0.0000,3409.0909,0,0,0,0,0,0
n012w8-0,n012w8,0,5,500000,100.0,adaptive,2026-07-04T12:26:25+01:00,5,1,44,7,0,99.983423,3525,3705,3525,180,4.8583,GLOBAL_BEST,0,123,0,9,1,14,1,-44,1800000.0000,0.0000,0,0,0,0,0,0
n012w8-0,n012w8,0,5,500000,100.0,adaptive,2026-07-04T12:26:25+01:00,5,2,44,7,0,0.000000,3645,3765,3645,120,3.1873,LOCAL_BEST,0,123,0,18,0,15,0,0,0.0000,0.0000,0,0,0,0,0,0
n012w8-0,n012w8,0,5,500000,100.0,adaptive,2026-07-04T12:26:25+01:00,5,1,44,8,0,99.980660,3510,3525,3510,15,0.4255,GLOBAL_BEST,0,123,0,12,1,16,1,0,150000.0000,0.0000,0,0,0,0,0,0
n012w8-0,n012w8,0,5,500000,100.0,adaptive,2026-07-04T12:26:25+01:00,5,3,44,9,0,0.000000,3580,3610,3580,30,0.8310,LOCAL_BEST,0,123,1,10,0,17,1,0,300000.0000,0.0000,0,0,0,0,0,0
n012w8-0,n012w8,0,5,500000,100.0,adaptive,2026-07-04T12:26:25+01:00,5,1,44,9,0,99.977898,3270,3510,3270,240,6.8376,GLOBAL_BEST,0,123,0,14,1,18,0,0,0.0000,0.0000,0,0,0,0,0,0
n012w8-0,n012w8,0,5,500000,100.0,adaptive,2026-07-04T12:26:25+01:00,5,2,44,9,0,0.000000,3525,3645,3525,120,3.2922,LOCAL_BEST,0,123,0,22,0,19,0,0,0.0000,0.0000,0,0,0,0,0,0
n012w8-0,n012w8,0,5,500000,100.0,adaptive,2026-07-04T12:26:25+01:00,5,1,44,11,0,99.972373,2790,3270,2790,480,14.6789,GLOBAL_BEST,0,123,0,15,1,20,2,0,2400000.0000,0.0000,0,0,0,0,0,0
n012w8-0,n012w8,0,5,500000,100.0,adaptive,2026-07-04T12:26:25+01:00,5,2,44,11,0,0.000000,3335,3525,3335,190,5.3901,LOCAL_BEST,0,123,0,22,0,21,0,0,0.0000,0.0000,0,0,0,0,0,0
n012w8-0,n012w8,0,5,500000,100.0,adaptive,2026-07-04T12:26:25+01:00,5,2,44,12,0,0.000000,3245,3335,3245,90,2.6987,LOCAL_BEST,0,123,0,22,0,22,1,0,900000.0000,0.0000,0,0,0,0,0,0
n012w8-0,n012w8,0,5,500000,100.0,adaptive,2026-07-04T12:26:25+01:00,5,3,44,13,0,0.000000,3475,3580,3475,105,2.9330,LOCAL_BEST,0,123,2,19,0,23,1,0,1050000.0000,0.0000,0,0,0,0,0,0
n012w8-0,n012w8,0,5,500000,100.0,adaptive,2026-07-04T12:26:25+01:00,5,2,44,13,0,0.000000,3095,3245,3095,150,4.6225,LOCAL_BEST,0,123,0,22,0,24,0,0,0.0000,0.0000,0,0,0,0,0,0
n012w8-0,n012w8,0,5,500000,100.0,adaptive,2026-07-04T12:26:25+01:00,5,2,44,14,0,0.000000,3005,3095,3005,90,2.9079,LOCAL_BEST,0,123,0,22,0,25,1,0,900000.0000,0.0000,0,0,0,0,0,0
n012w8-0,n012w8,0,5,500000,100.0,adaptive,2026-07-04T12:26:25+01:00,5,1,44,15,0,99.961324,2700,2790,2700,90,3.2258,GLOBAL_BEST,0,123,2,19,1,26,1,0,900000.0000,0.0000,0,0,0,0,0,0
n012w8-0,n012w8,0,5,500000,100.0,adaptive,2026-07-04T12:26:25+01:00,5,3,44,15,0,0.000000,3355,3475,3355,120,3.4532,LOCAL_BEST,0,123,2,21,0,27,0,0,0.0000,0.0000,0,0,0,0,0,0
n012w8-0,n012w8,0,5,500000,100.0,adaptive,2026-07-04T12:26:25+01:00,5,1,44,16,0,99.958562,2640,2700,2640,60,2.2222,GLOBAL_BEST,0,123,2,24,1,28,1,0,600000.0000,0.0000,0,0,0,0,0,0
n012w8-0,n012w8,0,5,500000,100.0,adaptive,2026-07-04T12:26:25+01:00,5,3,44,16,0,0.000000,3325,3355,3325,30,0.8942,LOCAL_BEST,0,123,2,21,0,29,0,0,0.0000,0.0000,0,0,0,0,0,0
n012w8-0,n012w8,0,5,500000,100.0,adaptive,2026-07-04T12:26:25+01:00,5,2,44,16,0,0.000000,2870,3005,2870,135,4.4925,LOCAL_BEST,0,123,0,30,0,30,0,0,0.0000,0.0000,0,0,0,0,0,0
n012w8-0,n012w8,0,5,500000,100.0,adaptive,2026-07-04T12:26:25+01:00,5,3,44,17,0,0.000000,3205,3325,3205,120,3.6090,LOCAL_BEST,0,123,2,21,0,31,1,0,1200000.0000,0.0000,0,0,0,0,0,0
n012w8-0,n012w8,0,5,500000,100.0,adaptive,2026-07-04T12:26:25+01:00,5,2,44,17,0,0.000000,2795,2870,2795,75,2.6132,LOCAL_BEST,0,123,0,31,0,32,0,0,0.0000,0.0000,0,0,0,0,0,0
n012w8-0,n012w8,0,5,500000,100.0,adaptive,2026-07-04T12:26:25+01:00,5,1,44,18,0,99.953038,2570,2640,2570,70,2.6515,GLOBAL_BEST,0,123,2,27,1,33,1,0,700000.0000,0.0000,0,0,0,0,0,0
n012w8-0,n012w8,0,5,500000,100.0,adaptive,2026-07-04T12:26:25+01:00,5,1,44,19,0,99.950277,2420,2570,2420,150,5.8366,GLOBAL_BEST,0,123,2,27,1,34,1,0,1500000.0000,0.0000,0,0,0,0,0,0
n012w8-0,n012w8,0,5,500000,100.0,adaptive,2026-07-04T12:26:25+01:00,5,1,44,20,0,99.947515,2240,2420,2240,180,7.4380,GLOBAL_BEST,0,123,2,27,1,35,1,0,1800000.0000,0.0000,0,0,0,0,0,0
n012w8-0,n012w8,0,5,500000,100.0,adaptive,2026-07-04T12:26:25+01:00,5,1,44,22,0,99.941992,2220,2240,2220,20,0.8929,GLOBAL_BEST,0,123,2,28,2,36,2,0,100000.0000,0.0000,0,0,0,0,0,0
n012w8-0,n012w8,0,5,500000,100.0,adaptive,2026-07-04T12:26:25+01:00,5,3,44,23,0,0.000000,3175,3205,3175,30,0.9360,LOCAL_BEST,0,123,6,27,0,37,1,0,300000.0000,0.0000,0,0,0,0,0,0
n012w8-0,n012w8,0,5,500000,100.0,adaptive,2026-07-04T12:26:25+01:00,5,3,44,24,0,0.000000,3160,3175,3160,15,0.4724,LOCAL_BEST,0,123,6,28,0,38,1,0,150000.0000,0.0000,0,0,0,0,0,0
n012w8-0,n012w8,0,5,500000,100.0,adaptive,2026-07-04T12:26:25+01:00,5,3,44,25,0,0.000000,3040,3160,3040,120,3.7975,LOCAL_BEST,0,123,6,29,0,39,1,0,1200000.0000,0.0000,0,0,0,0,0,0
n012w8-0,n012w8,0,5,500000,100.0,adaptive,2026-07-04T12:26:25+01:00,5,1,44,26,0,99.930946,1980,2220,1980,240,10.8108,GLOBAL_BEST,0,123,2,31,3,40,1,0,2400000.0000,0.0000,0,0,0,0,0,0
n012w8-0,n012w8,0,5,500000,100.0,adaptive,2026-07-04T12:26:25+01:00,5,3,44,26,0,0.000000,2965,3040,2965,75,2.4671,LOCAL_BEST,0,123,6,29,0,41,0,0,0.0000,0.0000,0,0,0,0,0,0
n012w8-0,n012w8,0,5,500000,100.0,adaptive,2026-07-04T12:26:25+01:00,5,3,44,27,0,0.000000,2950,2965,2950,15,0.5059,LOCAL_BEST,0,123,6,31,0,42,1,0,150000.0000,0.0000,0,0,0,0,0,0
n012w8-0,n012w8,0,5,500000,100.0,adaptive,2026-07-04T12:26:25+01:00,5,1,44,28,0,99.925424,1950,1980,1950,30,1.5152,GLOBAL_BEST,0,123,3,37,3,43,1,0,300000.0000,0.0000,0,0,0,0,0,0
n012w8-0,n012w8,0,5,500000,100.0,adaptive,2026-07-04T12:26:25+01:00,5,3,44,28,0,0.000000,2900,2950,2900,50,1.6949,LOCAL_BEST,0,123,6,31,0,44,0,0,0.0000,0.0000,0,0,0,0,0,0
n012w8-0,n012w8,0,5,500000,100.0,adaptive,2026-07-04T12:26:25+01:00,5,2,44,29,0,0.000000,2635,2795,2635,160,5.7245,LOCAL_BEST,0,123,0,50,0,45,1,0,1600000.0000,0.0000,0,0,0,0,0,0
n012w8-0,n012w8,0,5,500000,100.0,adaptive,2026-07-04T12:26:25+01:00,5,3,44,29,0,0.000000,2770,2900,2770,130,4.4828,LOCAL_BEST,0,123,6,31,0,46,0,0,0.0000,0.0000,0,0,0,0,0,0
n012w8-0,n012w8,0,5,500000,100.0,adaptive,2026-07-04T12:26:25+01:00,5,2,44,30,0,0.000000,2625,2635,2625,10,0.3795,LOCAL_BEST,0,123,0,51,0,47,1,0,100000.0000,0.0000,0,0,0,0,0,0
n012w8-0,n012w8,0,5,500000,100.0,adaptive,2026-07-04T12:26:25+01:00,5,1,44,31,0,99.917141,1690,1950,1690,260,13.3333,GLOBAL_BEST,0,123,4,37,3,48,1,0,2600000.0000,0.0000,0,0,0,0,0,0
n012w8-0,n012w8,0,5,500000,100.0,adaptive,2026-07-04T12:26:25+01:00,5,3,44,33,0,0.000000,2710,2770,2710,60,2.1661,LOCAL_BEST,0,123,7,38,0,49,2,0,300000.0000,0.0000,0,0,0,0,0,0
n012w8-0,n012w8,0,5,500000,100.0,adaptive,2026-07-04T12:26:25+01:00,5,3,44,34,0,0.000000,2560,2710,2560,150,5.5351,LOCAL_BEST,0,123,7,38,0,50,1,0,1500000.0000,0.0000,0,0,0,0,0,0
n012w8-0,n012w8,0,5,500000,100.0,adaptive,2026-07-04T12:26:25+01:00,5,1,44,35,0,99.906099,1590,1690,1590,100,5.9172,GLOBAL_BEST,0,123,4,44,6,51,1,0,1000000.0000,0.0000,0,0,0,0,0,0
n012w8-0,n012w8,0,5,500000,100.0,adaptive,2026-07-04T12:26:25+01:00,5,3,44,35,0,0.000000,2530,2560,2530,30,1.1719,LOCAL_BEST,0,123,7,39,0,52,0,0,0.0000,0.0000,0,0,0,0,0,0
n012w8-0,n012w8,0,5,500000,100.0,adaptive,2026-07-04T12:26:25+01:00,5,3,44,36,0,0.000000,2380,2530,2380,150,5.9289,LOCAL_BEST,0,123,7,42,0,53,1,0,1500000.0000,0.0000,0,0,0,0,0,0
n012w8-0,n012w8,0,5,500000,100.0,adaptive,2026-07-04T12:26:25+01:00,5,1,44,37,0,99.900578,1575,1590,1575,15,0.9434,GLOBAL_BEST,0,123,4,52,7,54,1,0,150000.0000,0.0000,0,0,0,0,0,0
n012w8-0,n012w8,0,5,500000,100.0,adaptive,2026-07-04T12:26:25+01:00,5,2,44,38,0,0.000000,2450,2625,2450,175,6.6667,LOCAL_BEST,0,123,0,70,0,55,1,0,1750000.0000,0.0000,0,0,0,0,0,0
n012w8-0,n012w8,0,5,500000,100.0,adaptive,2026-07-04T12:26:25+01:00,5,1,44,40,0,99.892297,1415,1575,1415,160,10.1587,GLOBAL_BEST,0,123,4,62,9,56,2,0,800000.0000,0.0000,0,0,0,0,0,0
n012w8-0,n012w8,0,5,500000,100.0,adaptive,2026-07-04T12:26:25+01:00,5,2,44,43,0,0.000000,2435,2450,2435,15,0.6122,LOCAL_BEST,0,123,0,77,0,57,3,0,50000.0000,0.0000,0,0,0,0,0,0
n012w8-0,n012w8,0,5,500000,100.0,adaptive,2026-07-04T12:26:25+01:00,5,2,44,44,0,0.000000,2090,2435,2090,345,14.1684,LOCAL_BEST,0,123,0,78,0,58,1,0,3450000.0000,0.0000,0,0,0,0,0,0
n012w8-0,n012w8,0,5,500000,100.0,adaptive,2026-07-04T12:26:25+01:00,5,2,44,45,0,0.000000,2030,2090,2030,60,2.8708,LOCAL_BEST,0,123,0,83,0,59,1,0,600000.0000,0.0000,0,0,0,0,0,0
n012w8-0,n012w8,0,5,500000,100.0,adaptive,2026-07-04T12:26:25+01:00,5,2,44,46,0,0.000000,1895,2030,1895,135,6.6502,LOCAL_BEST,0,123,0,84,0,60,1,0,1350000.0000,0.0000,0,0,0,0,0,0
n012w8-0,n012w8,0,5,500000,100.0,adaptive,2026-07-04T12:26:25+01:00,5,1,44,47,0,99.872978,1370,1415,1370,45,3.1802,GLOBAL_BEST,0,123,4,72,15,61,1,0,450000.0000,0.0000,0,0,0,0,0,0
n012w8-0,n012w8,0,5,500000,100.0,adaptive,2026-07-04T12:26:25+01:00,5,1,44,48,0,99.870218,1355,1370,1355,15,1.0949,GLOBAL_BEST,0,123,4,73,15,62,1,0,150000.0000,0.0000,0,0,0,0,0,0
n012w8-0,n012w8,0,5,500000,100.0,adaptive,2026-07-04T12:26:25+01:00,5,2,44,48,0,0.000000,1865,1895,1865,30,1.5831,LOCAL_BEST,0,123,0,86,0,63,0,0,0.0000,0.0000,0,0,0,0,0,0
n012w8-0,n012w8,0,5,500000,100.0,adaptive,2026-07-04T12:26:25+01:00,5,1,44,51,0,99.861940,1315,1355,1315,40,2.9520,GLOBAL_BEST,0,123,4,77,16,64,3,0,133333.3333,0.0000,0,0,0,0,0,0
n012w8-0,n012w8,0,5,500000,100.0,adaptive,2026-07-04T12:26:25+01:00,5,2,44,70,1,0.000000,1805,1865,1805,60,3.2172,LOCAL_BEST,0,123,0,119,0,65,19,1,31578.9474,60000.0000,0,0,0,0,0,0
n012w8-0,n012w8,0,5,500000,100.0,adaptive,2026-07-04T12:26:25+01:00,5,3,44,118,1,0.000000,2345,2380,2345,35,1.4706,LOCAL_BEST,0,123,40,229,5,66,48,0,7291.6667,0.0000,0,0,0,0,0,0
n012w8-0,n012w8,0,5,500000,100.0,adaptive,2026-07-04T12:26:25+01:00,5,8,44,137,85,0.000000,475,490,475,15,3.0612,GLOBAL_BEST,3,123,0,203,127,67,19,84,7894.7368,178.5714,0,0,0,0,0,0
n012w8-0,n012w8,0,5,500000,100.0,adaptive,2026-07-04T12:26:25+01:00,5,3,44,138,1,0.000000,2310,2345,2310,35,1.4925,LOCAL_BEST,0,123,48,285,7,68,1,-84,350000.0000,0.0000,0,0,0,0,0,0
n012w8-0,n012w8,0,5,500000,100.0,adaptive,2026-07-04T12:26:25+01:00,5,3,44,143,1,0.000000,2295,2310,2295,15,0.6494,LOCAL_BEST,0,123,50,296,8,69,5,0,30000.0000,0.0000,0,0,0,0,0,0
n012w8-0,n012w8,0,5,500000,100.0,adaptive,2026-07-04T12:26:25+01:00,5,3,44,144,1,0.000000,2175,2295,2175,120,5.2288,LOCAL_BEST,0,123,50,299,8,70,1,0,1200000.0000,0.0000,0,0,0,0,0,0
n012w8-0,n012w8,0,5,500000,100.0,adaptive,2026-07-04T12:26:25+01:00,5,3,44,146,1,0.000000,2160,2175,2160,15,0.6897,LOCAL_BEST,0,123,50,300,8,71,2,0,75000.0000,0.0000,0,0,0,0,0,0
n012w8-0,n012w8,0,5,500000,100.0,adaptive,2026-07-04T12:26:25+01:00,5,3,44,151,1,0.000000,1875,2160,1875,285,13.1944,LOCAL_BEST,0,123,53,309,8,72,5,0,570000.0000,0.0000,0,0,0,0,0,0
n012w8-0,n012w8,0,5,500000,100.0,adaptive,2026-07-04T12:26:25+01:00,5,3,44,153,1,0.000000,1860,1875,1860,15,0.8000,LOCAL_BEST,0,123,53,309,8,73,2,0,75000.0000,0.0000,0,0,0,0,0,0
n012w8-0,n012w8,0,5,500000,100.0,adaptive,2026-07-04T12:26:25+01:00,5,2,44,165,1,0.000000,1790,1805,1790,15,0.8310,LOCAL_BEST,0,123,0,282,0,74,12,0,12500.0000,0.0000,0,0,0,0,0,0
n012w8-0,n012w8,0,5,500000,100.0,adaptive,2026-07-04T12:26:25+01:00,5,2,44,167,1,0.000000,1760,1790,1760,30,1.6760,LOCAL_BEST,0,123,0,286,0,75,2,0,150000.0000,0.0000,0,0,0,0,0,0
n012w8-0,n012w8,0,5,500000,100.0,adaptive,2026-07-04T12:26:25+01:00,5,2,44,168,1,0.000000,1700,1760,1700,60,3.4091,LOCAL_BEST,0,123,0,293,0,76,1,0,600000.0000,0.0000,0,0,0,0,0,0
n012w8-0,n012w8,0,5,500000,100.0,adaptive,2026-07-04T12:26:25+01:00,5,8,44,247,85,0.000000,460,475,460,15,3.1579,GLOBAL_BEST,3,123,0,358,231,77,79,84,1898.7342,178.5714,0,0,0,0,0,0
n012w8-0,n012w8,0,5,500000,100.0,adaptive,2026-07-04T12:26:25+01:00,5,3,44,256,1,0.000000,1740,1860,1740,120,6.4516,LOCAL_BEST,0,123,90,506,14,78,9,-84,133333.3333,0.0000,0,0,0,0,0,0
n012w8-0,n012w8,0,5,500000,100.0,adaptive,2026-07-04T12:26:25+01:00,5,11,44,279,121,0.000000,385,405,385,20,4.9383,LOCAL_BEST,4,123,0,454,264,79,23,120,8695.6522,166.6667,0,0,0,0,0,0
n012w8-0,n012w8,0,5,500000,100.0,adaptive,2026-07-04T12:26:25+01:00,5,1,44,287,1,99.212867,1255,1315,1255,60,4.5627,GLOBAL_BEST,0,123,64,514,101,80,8,-120,75000.0000,0.0000,0,0,0,0,0,0
n012w8-0,n012w8,0,5,500000,100.0,adaptive,2026-07-04T12:26:25+01:00,5,11,44,407,121,0.000000,370,385,370,15,3.8961,GLOBAL_BEST,4,123,0,664,382,81,120,120,1250.0000,125.0000,0,0,0,0,0,0
n012w8-0,n012w8,0,5,500000,100.0,adaptive,2026-07-04T12:26:25+01:00,5,3,44,494,1,0.000000,1735,1740,1735,5,0.2874,LOCAL_BEST,0,123,178,871,29,82,87,-120,574.7126,0.0000,0,0,0,0,0,0
n012w8-0,n012w8,0,5,500000,100.0,adaptive,2026-07-04T12:26:25+01:00,5,8,44,555,86,0.000000,415,460,415,45,9.7826,GLOBAL_BEST,3,123,0,861,506,83,61,85,7377.0492,529.4118,0,0,0,0,0,0
n012w8-0,n012w8,0,5,500000,100.0,adaptive,2026-07-04T12:26:25+01:00,5,3,44,599,1,0.000000,1680,1735,1680,55,3.1700,LOCAL_BEST,0,123,218,1037,32,84,44,-85,12500.0000,0.0000,0,0,0,0,0,0
n012w8-0,n012w8,0,5,500000,100.0,adaptive,2026-07-04T12:26:25+01:00,5,3,44,600,1,0.000000,1635,1680,1635,45,2.6786,LOCAL_BEST,0,123,218,1037,32,85,1,0,450000.0000,0.0000,0,0,0,0,0,0
n012w8-0,n012w8,0,5,500000,100.0,adaptive,2026-07-04T12:26:25+01:00,5,3,44,601,1,0.000000,1505,1635,1505,130,7.9511,LOCAL_BEST,0,123,218,1038,32,86,1,0,1300000.0000,0.0000,0,0,0,0,0,0
n012w8-0,n012w8,0,5,500000,100.0,adaptive,2026-07-04T12:26:25+01:00,5,3,44,602,1,0.000000,1415,1505,1415,90,5.9801,LOCAL_BEST,0,123,218,1038,32,87,1,0,900000.0000,0.0000,0,0,0,0,0,0
n012w8-0,n012w8,0,5,500000,100.0,adaptive,2026-07-04T12:26:25+01:00,5,1,44,787,2,97.851615,1225,1255,1225,30,2.3904,GLOBAL_BEST,0,123,186,1396,288,88,185,1,1621.6216,30000.0000,0,0,0,0,0,0
n012w8-0,n012w8,0,5,500000,100.0,adaptive,2026-07-04T12:26:25+01:00,5,1,44,797,2,97.824582,1105,1225,1105,120,9.7959,GLOBAL_BEST,0,123,189,1413,291,89,10,0,120000.0000,0.0000,0,0,0,0,0,0
n012w8-0,n012w8,0,5,500000,100.0,adaptive,2026-07-04T12:26:25+01:00,5,2,44,994,2,0.000000,1635,1700,1635,65,3.8235,LOCAL_BEST,0,123,0,1762,0,90,197,0,3299.4924,0.0000,0,0,0,0,0,0
n012w8-0,n012w8,0,5,500000,100.0,adaptive,2026-07-04T12:26:25+01:00,5,2,44,1158,2,0.000000,1490,1635,1490,145,8.8685,LOCAL_BEST,0,123,0,2026,25,91,164,0,8841.4634,0.0000,0,0,0,0,0,0
n012w8-0,n012w8,0,5,500000,100.0,adaptive,2026-07-04T12:26:25+01:00,5,11,44,1692,123,0.000000,355,370,355,15,4.0541,GLOBAL_BEST,4,123,0,2595,1590,92,534,121,280.8989,123.9669,0,0,0,0,0,0
n012w8-0,n012w8,0,5,500000,100.0,adaptive,2026-07-04T12:26:25+01:00,5,2,44,1857,3,0.000000,1480,1490,1480,10,0.6711,LOCAL_BEST,0,123,0,3248,129,93,165,-120,606.0606,0.0000,0,0,0,0,0,0
n012w8-0,n012w8,0,5,500000,100.0,adaptive,2026-07-04T12:26:25+01:00,5,2,44,4606,7,0.000000,1355,1480,1355,125,8.4459,LOCAL_BEST,0,123,0,7919,797,94,2749,4,454.7108,31250.0000,0,0,0,0,0,0
n012w8-0,n012w8,0,5,500000,100.0,adaptive,2026-07-04T12:26:25+01:00,5,5,44,4832,51,0.000000,625,650,625,25,3.8462,GLOBAL_BEST,1,123,0,7915,3953,95,226,44,1106.1947,568.1818,0,0,0,0,0,0
n012w8-0,n012w8,0,5,500000,100.0,adaptive,2026-07-04T12:26:25+01:00,5,1,44,5625,9,85.607537,1100,1105,1100,5,0.4525,GLOBAL_BEST,0,123,1344,9484,2055,96,793,-42,63.0517,0.0000,0,0,0,0,0,0
n012w8-0,n012w8,0,5,500000,100.0,adaptive,2026-07-04T12:26:25+01:00,5,1,44,5664,9,85.515335,1005,1100,1005,95,8.6364,GLOBAL_BEST,0,123,1358,9556,2067,97,39,0,24358.9744,0.0000,0,0,0,0,0,0
n012w8-0,n012w8,0,5,500000,100.0,adaptive,2026-07-04T12:26:25+01:00,5,1,44,5665,9,85.512972,900,1005,900,105,10.4478,GLOBAL_BEST,0,123,1358,9560,2067,98,1,0,1050000.0000,0.0000,0,0,0,0,0,0
n012w8-0,n012w8,0,5,500000,100.0,adaptive,2026-07-04T12:26:25+01:00,5,1,44,5673,9,85.494071,870,900,870,30,3.3333,GLOBAL_BEST,0,123,1360,9572,2071,99,8,0,37500.0000,0.0000,0,0,0,0,0,0
n012w8-0,n012w8,0,5,500000,100.0,adaptive,2026-07-04T12:26:25+01:00,5,2,44,6064,10,0.000000,1275,1355,1275,80,5.9041,LOCAL_BEST,0,123,0,10439,1340,100,391,1,2046.0358,80000.0000,0,0,0,0,0,0
n012w8-0,n012w8,0,5,500000,100.0,adaptive,2026-07-04T12:26:25+01:00,5,5,44,6161,53,0.000000,620,625,620,5,0.8000,GLOBAL_BEST,1,123,0,9966,5016,101,97,43,515.4639,116.2791,0,0,0,0,0,0
n012w8-0,n012w8,0,5,500000,100.0,adaptive,2026-07-04T12:26:25+01:00,5,5,44,6289,53,0.000000,590,620,590,30,4.8387,GLOBAL_BEST,1,123,0,10169,5123,102,128,0,2343.7500,0.0000,0,0,0,0,0,0
n012w8-0,n012w8,0,5,500000,100.0,adaptive,2026-07-04T12:26:25+01:00,5,2,44,6717,11,0.000000,1220,1275,1220,55,4.3137,LOCAL_BEST,0,123,0,11549,1585,103,428,-42,1285.0467,0.0000,0,0,0,0,0,0
n012w8-0,n012w8,0,5,500000,100.0,adaptive,2026-07-04T12:26:25+01:00,5,2,44,6718,11,0.000000,1160,1220,1160,60,4.9180,LOCAL_BEST,0,123,0,11550,1585,104,1,0,600000.0000,0.0000,0,0,0,0,0,0
n012w8-0,n012w8,0,5,500000,100.0,adaptive,2026-07-04T12:26:25+01:00,5,2,44,9139,15,0.000000,1140,1160,1140,20,1.7241,LOCAL_BEST,0,123,0,15702,2577,105,2421,4,82.6105,5000.0000,0,0,0,0,0,0
n012w8-0,n012w8,0,5,500000,100.0,adaptive,2026-07-04T12:26:25+01:00,5,5,44,9140,57,0.000000,580,590,580,10,1.6949,GLOBAL_BEST,1,123,0,14696,7496,106,1,42,100000.0000,238.0952,0,0,0,0,0,0
n012w8-0,n012w8,0,5,500000,100.0,adaptive,2026-07-04T12:26:25+01:00,5,2,44,11175,18,0.000000,1125,1140,1125,15,1.3158,LOCAL_BEST,0,123,0,19066,3510,107,2035,-39,73.7101,0.0000,0,0,0,0,0,0
n012w8-0,n012w8,0,5,500000,100.0,adaptive,2026-07-04T12:26:25+01:00,5,2,44,13917,23,0.000000,1095,1125,1095,30,2.6667,LOCAL_BEST,0,123,0,23777,4947,108,2742,5,109.4092,6000.0000,0,0,0,0,0,0
n012w8-0,n012w8,0,5,500000,100.0,adaptive,2026-07-04T12:26:25+01:00,5,2,44,13918,23,0.000000,1080,1095,1080,15,1.3699,LOCAL_BEST,0,123,0,23777,4947,109,1,0,150000.0000,0.0000,0,0,0,0,0,0
n012w8-0,n012w8,0,5,500000,100.0,adaptive,2026-07-04T12:26:25+01:00,5,5,44,13931,65,0.000000,565,580,565,15,2.5862,GLOBAL_BEST,1,123,0,22209,11634,110,13,42,11538.4615,357.1429,0,0,0,0,0,0
n012w8-0,n012w8,0,5,500000,100.0,adaptive,2026-07-04T12:26:25+01:00,5,2,44,14929,24,0.000000,1050,1080,1050,30,2.7778,LOCAL_BEST,0,123,0,25448,5449,111,998,-41,300.6012,0.0000,0,0,0,0,0,0
n012w8-0,n012w8,0,5,500000,100.0,adaptive,2026-07-04T12:26:25+01:00,5,2,44,15901,25,0.000000,1045,1050,1045,5,0.4762,LOCAL_BEST,0,123,0,27093,5988,112,972,1,51.4403,5000.0000,0,0,0,0,0,0
n012w8-0,n012w8,0,5,500000,100.0,adaptive,2026-07-04T12:26:25+01:00,5,5,44,17520,70,0.000000,535,565,535,30,5.3097,GLOBAL_BEST,1,123,0,27947,14608,113,1619,45,185.2996,666.6667,0,0,0,0,0,0
n012w8-0,n012w8,0,5,500000,100.0,adaptive,2026-07-04T12:26:25+01:00,5,5,44,17527,70,0.000000,520,535,520,15,2.8037,GLOBAL_BEST,1,123,0,27952,14611,114,7,0,21428.5714,0.0000,0,0,0,0,0,0
n012w8-0,n012w8,0,5,500000,100.0,adaptive,2026-07-04T12:26:25+01:00,5,2,44,17761,29,0.000000,990,1045,990,55,5.2632,LOCAL_BEST,0,123,0,30174,7091,115,234,-41,2350.4274,0.0000,0,0,0,0,0,0
n012w8-0,n012w8,0,5,500000,100.0,adaptive,2026-07-04T12:26:25+01:00,5,2,44,18732,30,0.000000,975,990,975,15,1.5152,LOCAL_BEST,0,123,0,31748,7637,116,971,1,154.4799,15000.0000,0,0,0,0,0,0
n012w8-0,n012w8,0,5,500000,100.0,adaptive,2026-07-04T12:26:25+01:00,5,4,44,18896,74,59.328040,800,815,800,15,1.8405,LOCAL_BEST,1,123,4194,31931,7917,117,164,44,914.6341,340.9091,0,0,0,0,0,0
n012w8-0,n012w8,0,5,500000,100.0,adaptive,2026-07-04T12:26:25+01:00,5,4,44,18897,74,59.326401,785,800,785,15,1.8750,LOCAL_BEST,1,123,4194,31931,7917,118,1,0,150000.0000,0.0000,0,0,0,0,0,0
n012w8-0,n012w8,0,5,500000,100.0,adaptive,2026-07-04T12:26:25+01:00,5,2,44,18988,31,0.000000,935,975,935,40,4.1026,LOCAL_BEST,0,123,0,32145,7774,119,91,-43,4395.6044,0.0000,0,0,0,0,0,0
n012w8-0,n012w8,0,5,500000,100.0,adaptive,2026-07-04T12:26:25+01:00,5,2,44,19792,32,0.000000,930,935,930,5,0.5348,LOCAL_BEST,0,123,0,33449,8233,120,804,1,62.1891,5000.0000,0,0,0,0,0,0
n012w8-0,n012w8,0,5,500000,100.0,adaptive,2026-07-04T12:26:25+01:00,5,2,44,21947,35,0.000000,915,930,915,15,1.6129,LOCAL_BEST,0,123,0,36968,9524,121,2155,3,69.6056,5000.0000,0,0,0,0,0,0
n012w8-0,n012w8,0,5,500000,100.0,adaptive,2026-07-04T12:26:25+01:00,5,5,44,22724,77,0.000000,505,520,505,15,2.8846,GLOBAL_BEST,1,123,0,36031,19210,122,777,42,193.0502,357.1429,0,0,0,0,0,0
n012w8-0,n012w8,0,5,500000,100.0,adaptive,2026-07-04T12:26:25+01:00,5,2,44,23642,37,0.000000,905,915,905,10,1.0929,LOCAL_BEST,0,123,0,39575,10580,123,918,-40,108.9325,0.0000,0,0,0,0,0,0
n012w8-0,n012w8,0,5,500000,100.0,adaptive,2026-07-04T12:26:25+01:00,5,2,44,24171,39,0.000000,890,905,890,15,1.6575,LOCAL_BEST,0,123,0,40404,10917,124,529,2,283.5539,7500.0000,0,0,0,0,0,0
n012w8-0,n012w8,0,5,500000,100.0,adaptive,2026-07-04T12:26:25+01:00,5,2,44,24172,39,0.000000,830,890,830,60,6.7416,GLOBAL_BEST,0,123,0,40404,10917,125,1,0,600000.0000,0.0000,0,0,0,0,0,0
n012w8-0,n012w8,0,5,500000,100.0,adaptive,2026-07-04T12:26:25+01:00,5,1,44,24877,41,50.290737,855,870,855,15,1.7241,LOCAL_BEST,0,123,5148,42150,11044,126,705,2,212.7660,7500.0000,0,0,0,0,0,0
n012w8-0,n012w8,0,5,500000,100.0,adaptive,2026-07-04T12:26:25+01:00,5,1,44,24892,41,50.269898,840,855,840,15,1.7544,LOCAL_BEST,0,123,5149,42169,11053,127,15,0,10000.0000,0.0000,0,0,0,0,0,0
n012w8-0,n012w8,0,5,500000,100.0,adaptive,2026-07-04T12:26:25+01:00,5,5,44,26269,82,0.000000,490,505,490,15,2.9703,GLOBAL_BEST,1,123,0,41457,22276,128,1377,41,108.9325,365.8537,0,0,0,0,0,0
n012w8-0,n012w8,0,5,500000,100.0,adaptive,2026-07-04T12:26:25+01:00,5,1,44,27006,44,47.417647,815,840,815,25,2.9762,GLOBAL_BEST,0,123,5474,45700,12262,129,737,-38,339.2130,0.0000,0,0,0,0,0,0
n012w8-0,n012w8,0,5,500000,100.0,adaptive,2026-07-04T12:26:25+01:00,5,1,44,27014,44,47.407167,755,815,755,60,7.3620,GLOBAL_BEST,0,123,5475,45703,12267,130,8,0,75000.0000,0.0000,0,0,0,0,0,0
n012w8-0,n012w8,0,5,500000,100.0,adaptive,2026-07-04T12:26:25+01:00,5,4,44,28105,91,45.999382,710,785,710,75,9.5541,LOCAL_BEST,1,123,5622,47183,13158,131,1091,47,687.4427,1595.7447,0,0,0,0,0,0
n012w8-0,n012w8,0,5,500000,100.0,adaptive,2026-07-04T12:26:25+01:00,5,4,44,28120,91,45.980321,695,710,695,15,2.1127,LOCAL_BEST,1,123,5622,47200,13172,132,15,0,10000.0000,0.0000,0,0,0,0,0,0
n012w8-0,n012w8,0,5,500000,100.0,adaptive,2026-07-04T12:26:25+01:00,5,2,44,29318,47,0.000000,800,830,800,30,3.6145,LOCAL_BEST,0,123,0,48912,14281,133,1198,-44,250.4174,0.0000,0,0,0,0,0,0
n012w8-0,n012w8,0,5,500000,100.0,adaptive,2026-07-04T12:26:25+01:00,5,1,44,30690,50,42.828415,740,755,740,15,1.9868,LOCAL_BEST,0,123,6031,51917,14422,134,1372,3,109.3294,5000.0000,0,0,0,0,0,0
n012w8-0,n012w8,0,5,500000,100.0,adaptive,2026-07-04T12:26:25+01:00,5,1,44,30694,50,42.823681,735,740,735,5,0.6757,LOCAL_BEST,0,123,6031,51920,14425,135,4,0,12500.0000,0.0000,0,0,0,0,0,0
n012w8-0,n012w8,0,5,500000,100.0,adaptive,2026-07-04T12:26:25+01:00,5,4,44,31221,99,42.204621,690,695,690,5,0.7194,LOCAL_BEST,1,123,6020,52108,15126,136,527,49,94.8767,102.0408,0,0,0,0,0,0
n012w8-0,n012w8,0,5,500000,100.0,adaptive,2026-07-04T12:26:25+01:00,5,4,44,32677,102,40.540397,680,690,680,10,1.4493,LOCAL_BEST,1,123,6194,54425,16075,137,1456,3,68.6813,3333.3333,0,0,0,0,0,0
n012w8-0,n012w8,0,5,500000,100.0,adaptive,2026-07-04T12:26:25+01:00,5,4,44,32678,102,40.539277,665,680,665,15,2.2059,LOCAL_BEST,1,123,6194,54425,16075,138,1,0,150000.0000,0.0000,0,0,0,0,0,0
n012w8-0,n012w8,0,5,500000,100.0,adaptive,2026-07-04T12:26:25+01:00,5,1,44,33229,53,39.926754,725,735,725,10,1.3605,LOCAL_BEST,0,123,6352,56021,16056,139,551,-49,181.4882,0.0000,0,0,0,0,0,0
n012w8-0,n012w8,0,5,500000,100.0,adaptive,2026-07-04T12:26:25+01:00,5,1,44,33262,54,39.890364,710,725,710,15,2.0690,LOCAL_BEST,0,123,6354,56066,16081,140,33,1,4545.4545,15000.0000,0,0,0,0,0,0
n012w8-0,n012w8,0,5,500000,100.0,adaptive,2026-07-04T12:26:25+01:00,5,1,44,33290,54,39.859514,685,710,685,25,3.5211,LOCAL_BEST,0,123,6355,56115,16103,141,28,0,8928.5714,0.0000,0,0,0,0,0,0
n012w8-0,n012w8,0,5,500000,100.0,adaptive,2026-07-04T12:26:25+01:00,5,2,44,34316,54,0.000000,780,800,780,20,2.5000,LOCAL_BEST,0,123,0,56971,17899,142,1026,0,194.9318,0.0000,0,0,0,0,0,0
n012w8-0,n012w8,0,5,500000,100.0,adaptive,2026-07-04T12:26:25+01:00,5,4,44,34383,105,38.673725,650,665,650,15,2.2556,LOCAL_BEST,1,123,6394,57121,17189,143,67,51,2238.8060,294.1176,0,0,0,0,0,0
n012w8-0,n012w8,0,5,500000,100.0,adaptive,2026-07-04T12:26:25+01:00,5,4,44,34402,105,38.653427,620,650,620,30,4.6154,LOCAL_BEST,1,123,6394,57147,17207,144,19,0,15789.4737,0.0000,0,0,0,0,0,0
n012w8-0,n012w8,0,5,500000,100.0,adaptive,2026-07-04T12:26:25+01:00,5,4,44,34404,105,38.651291,605,620,605,15,2.4194,LOCAL_BEST,1,123,6394,57147,17208,145,2,0,75000.0000,0.0000,0,0,0,0,0,0
n012w8-0,n012w8,0,5,500000,100.0,adaptive,2026-07-04T12:26:25+01:00,5,4,44,34506,105,38.542511,575,605,575,30,4.9587,LOCAL_BEST,1,123,6399,57321,17292,146,102,0,2941.1765,0.0000,0,0,0,0,0,0
n012w8-0,n012w8,0,5,500000,100.0,adaptive,2026-07-04T12:26:25+01:00,5,2,44,36227,57,0.000000,765,780,765,15,1.9231,LOCAL_BEST,0,123,0,60210,19209,147,1721,-48,87.1586,0.0000,0,0,0,0,0,0
n012w8-0,n012w8,0,5,500000,100.0,adaptive,2026-07-04T12:26:25+01:00,5,2,44,36349,57,0.000000,695,765,695,70,9.1503,LOCAL_BEST,0,123,0,60392,19303,148,122,0,5737.7049,0.0000,0,0,0,0,0,0
n012w8-0,n012w8,0,5,500000,100.0,adaptive,2026-07-04T12:26:25+01:00,5,5,44,38970,100,0.000000,485,490,485,5,1.0204,LOCAL_BEST,1,123,0,61099,33418,149,2621,43,19.0767,116.2791,0,0,0,0,0,0
n012w8-0,n012w8,0,5,500000,100.0,adaptive,2026-07-04T12:26:25+01:00,5,1,44,41303,66,31.943022,655,685,655,30,4.3796,LOCAL_BEST,0,123,7194,68679,21641,150,2333,-34,128.5898,0.0000,0,0,0,0,0,0
n012w8-0,n012w8,0,5,500000,100.0,adaptive,2026-07-04T12:26:25+01:00,5,5,44,43574,108,0.000000,475,485,475,10,2.0619,LOCAL_BEST,1,123,0,68054,37466,151,2271,42,44.0335,238.0952,0,0,0,0,0,0
n012w8-0,n012w8,0,5,500000,100.0,adaptive,2026-07-04T12:26:25+01:00,5,5,44,43575,108,0.000000,465,475,465,10,2.1053,LOCAL_BEST,1,123,0,68054,37466,152,1,0,100000.0000,0.0000,0,0,0,0,0,0
n012w8-0,n012w8,0,5,500000,100.0,adaptive,2026-07-04T12:26:25+01:00,5,2,44,43920,69,0.000000,670,695,670,25,3.5971,LOCAL_BEST,0,123,0,72701,25019,153,345,-39,724.6377,0.0000,0,0,0,0,0,0
n012w8-0,n012w8,0,5,500000,100.0,adaptive,2026-07-04T12:26:25+01:00,5,5,44,44683,109,0.000000,460,465,460,5,1.0753,LOCAL_BEST,1,123,0,69722,38456,154,763,40,65.5308,125.0000,0,0,0,0,0,0
n012w8-0,n012w8,0,5,500000,100.0,adaptive,2026-07-04T12:26:25+01:00,5,5,44,47380,114,0.000000,445,460,445,15,3.2609,LOCAL_BEST,1,123,0,74023,40867,155,2697,5,55.6174,3000.0000,0,0,0,0,0,0
n012w8-0,n012w8,0,5,500000,100.0,adaptive,2026-07-04T12:26:25+01:00,5,1,44,47403,75,26.988329,645,655,645,10,1.5267,LOCAL_BEST,0,123,7684,78541,26142,156,23,-39,4347.8261,0.0000,0,0,0,0,0,0
n012w8-0,n012w8,0,5,500000,100.0,adaptive,2026-07-04T12:26:25+01:00,5,1,44,47417,75,26.977891,630,645,630,15,2.3256,LOCAL_BEST,0,123,7684,78555,26151,157,14,0,10714.2857,0.0000,0,0,0,0,0,0
n012w8-0,n012w8,0,5,500000,100.0,adaptive,2026-07-04T12:26:25+01:00,5,2,44,48481,76,0.000000,650,670,650,20,2.9851,LOCAL_BEST,0,123,0,79567,28566,158,1064,1,187.9699,20000.0000,0,0,0,0,0,0
n012w8-0,n012w8,0,5,500000,100.0,adaptive,2026-07-04T12:26:25+01:00,5,4,44,48776,130,25.983641,560,575,560,15,2.6087,LOCAL_BEST,1,123,7629,80542,27629,159,295,54,508.4746,277.7778,0,0,0,0,0,0
n012w8-0,n012w8,0,5,500000,100.0,adaptive,2026-07-04T12:26:25+01:00,5,4,44,48841,130,25.937015,530,560,530,30,5.3571,LOCAL_BEST,1,123,7630,80626,27687,160,65,0,4615.3846,0.0000,0,0,0,0,0,0
n012w8-0,n012w8,0,5,500000,100.0,adaptive,2026-07-04T12:26:25+01:00,5,4,44,48871,130,25.915524,515,530,515,15,2.8302,LOCAL_BEST,1,123,7631,80689,27715,161,30,0,5000.0000,0.0000,0,0,0,0,0,0
n012w8-0,n012w8,0,5,500000,100.0,adaptive,2026-07-04T12:26:25+01:00,5,1,44,49361,78,25.567013,620,630,620,10,1.5873,LOCAL_BEST,0,123,7815,81691,27639,162,490,-52,204.0816,0.0000,0,0,0,0,0,0
n012w8-0,n012w8,0,5,500000,100.0,adaptive,2026-07-04T12:26:25+01:00,5,2,44,50445,79,0.000000,615,650,615,35,5.3846,LOCAL_BEST,0,123,0,82659,30152,163,1084,1,322.8782,35000.0000,0,0,0,0,0,0
n012w8-0,n012w8,0,5,500000,100.0,adaptive,2026-07-04T12:26:25+01:00,5,1,44,50756,80,24.600277,590,620,590,30,4.8387,LOCAL_BEST,0,123,7896,83864,28749,164,311,1,964.6302,30000.0000,0,0,0,0,0,0
n012w8-0,n012w8,0,5,500000,100.0,adaptive,2026-07-04T12:26:25+01:00,5,1,44,50848,80,24.537821,560,590,560,30,5.0847,LOCAL_BEST,0,123,7900,84018,28825,165,92,0,3260.8696,0.0000,0,0,0,0,0,0
n012w8-0,n012w8,0,5,500000,100.0,adaptive,2026-07-04T12:26:25+01:00,5,1,44,50854,80,24.533754,545,560,545,15,2.6786,LOCAL_BEST,0,123,7900,84029,28830,166,6,0,25000.0000,0.0000,0,0,0,0,0,0
n012w8-0,n012w8,0,5,500000,100.0,adaptive,2026-07-04T12:26:25+01:00,5,1,44,50973,80,24.453217,530,545,530,15,2.7523,LOCAL_BEST,0,123,7909,84240,28923,167,119,0,1260.5042,0.0000,0,0,0,0,0,0
n012w8-0,n012w8,0,5,500000,100.0,adaptive,2026-07-04T12:26:25+01:00,5,1,44,51029,80,24.415409,500,530,500,30,5.6604,GLOBAL_BEST,0,123,7911,84319,28973,168,56,0,5357.1429,0.0000,0,0,0,0,0,0
n012w8-0,n012w8,0,5,500000,100.0,adaptive,2026-07-04T12:26:25+01:00,5,2,44,57207,88,0.000000,605,615,605,10,1.6260,LOCAL_BEST,0,123,0,93308,35736,169,6178,8,16.1865,1250.0000,0,0,0,0,0,0
n012w8-0,n012w8,0,5,500000,100.0,adaptive,2026-07-04T12:26:25+01:00,5,2,44,57399,89,0.000000,600,605,600,5,0.8264,LOCAL_BEST,0,123,0,93600,35889,170,192,1,260.4167,5000.0000,0,0,0,0,0,0
n012w8-0,n012w8,0,5,500000,100.0,adaptive,2026-07-04T12:26:25+01:00,5,2,44,58728,91,0.000000,580,600,580,20,3.3333,LOCAL_BEST,0,123,0,95638,36970,171,1329,2,150.4891,10000.0000,0,0,0,0,0,0
n012w8-0,n012w8,0,5,500000,100.0,adaptive,2026-07-04T12:26:25+01:00,5,2,44,58895,91,0.000000,565,580,565,15,2.5862,LOCAL_BEST,0,123,0,95930,37098,172,167,0,898.2036,0.0000,0,0,0,0,0,0
n012w8-0,n012w8,0,5,500000,100.0,adaptive,2026-07-04T12:26:25+01:00,5,4,44,59165,146,19.499883,505,515,505,10,1.9417,LOCAL_BEST,1,123,8221,96761,36043,173,270,55,370.3704,181.8182,0,0,0,0,0,0
n012w8-0,n012w8,0,5,500000,100.0,adaptive,2026-07-04T12:26:25+01:00,5,1,44,59484,93,19.328760,490,500,490,10,2.0000,LOCAL_BEST,0,123,8364,98008,35861,174,319,-53,313.4796,0.0000,0,0,0,0,0,0
n012w8-0,n012w8,0,5,500000,100.0,adaptive,2026-07-04T12:26:25+01:00,5,1,44,59905,94,19.105218,480,490,480,10,2.0408,LOCAL_BEST,0,123,8372,98637,36217,175,421,1,237.5297,10000.0000,0,0,0,0,0,0
n012w8-0,n012w8,0,5,500000,100.0,adaptive,2026-07-04T12:26:25+01:00,5,3,44,59990,99,0.000000,1365,1415,1365,50,3.5336,LOCAL_BEST,0,123,22982,105965,2448,176,85,5,5882.3529,10000.0000,0,0,0,0,0,0
n012w8-0,n012w8,0,5,500000,100.0,adaptive,2026-07-04T12:26:25+01:00,5,1,44,60449,95,18.820190,465,480,465,15,3.1250,LOCAL_BEST,0,123,8392,99522,36679,177,459,-4,326.7974,0.0000,0,0,0,0,0,0
n012w8-0,n012w8,0,5,500000,100.0,adaptive,2026-07-04T12:26:25+01:00,5,1,44,60583,95,18.750636,435,465,435,30,6.4516,LOCAL_BEST,0,123,8395,99729,36796,178,134,0,2238.8060,0.0000,0,0,0,0,0,0
n012w8-0,n012w8,0,5,500000,100.0,adaptive,2026-07-04T12:26:25+01:00,5,1,44,60656,95,18.712853,420,435,420,15,3.4483,LOCAL_BEST,0,123,8396,99839,36861,179,73,0,2054.7945,0.0000,0,0,0,0,0,0
n012w8-0,n012w8,0,5,500000,100.0,adaptive,2026-07-04T12:26:25+01:00,5,2,44,62175,96,0.000000,555,565,555,10,1.7699,LOCAL_BEST,0,123,0,100994,39848,180,1519,1,65.8328,10000.0000,0,0,0,0,0,0
n012w8-0,n012w8,0,5,500000,100.0,adaptive,2026-07-04T12:26:25+01:00,5,7,44,62389,191,17.837911,480,490,480,10,2.0408,LOCAL_BEST,2,123,8525,102106,38185,181,214,95,467.2897,105.2632,0,0,0,0,0,0
n012w8-0,n012w8,0,5,500000,100.0,adaptive,2026-07-04T12:26:25+01:00,5,4,44,63459,151,17.318250,475,505,475,30,5.9406,LOCAL_BEST,1,123,8414,103426,39604,182,1070,-40,280.3738,0.0000,0,0,0,0,0,0
n012w8-0,n012w8,0,5,500000,100.0,adaptive,2026-07-04T12:26:25+01:00,5,4,44,64323,153,16.909704,460,475,460,15,3.1579,LOCAL_BEST,1,123,8439,104682,40354,183,864,2,173.6111,7500.0000,0,0,0,0,0,0
n012w8-0,n012w8,0,5,500000,100.0,adaptive,2026-07-04T12:26:25+01:00,5,4,44,66767,156,15.805491,430,460,430,30,6.5217,LOCAL_BEST,1,123,8513,108341,42472,184,2444,3,122.7496,10000.0000,0,0,0,0,0,0
n012w8-0,n012w8,0,5,500000,100.0,adaptive,2026-07-04T12:26:25+01:00,5,2,44,66834,103,0.000000,540,555,540,15,2.7027,LOCAL_BEST,0,123,0,108478,43778,185,67,-53,2238.8060,0.0000,0,0,0,0,0,0
n012w8-0,n012w8,0,5,500000,100.0,adaptive,2026-07-04T12:26:25+01:00,5,2,44,67681,104,0.000000,520,540,520,20,3.7037,LOCAL_BEST,0,123,0,109637,44516,186,847,1,236.1275,20000.0000,0,0,0,0,0,0
n012w8-0,n012w8,0,5,500000,100.0,adaptive,2026-07-04T12:26:25+01:00,5,5,44,68366,142,0.000000,430,445,430,15,3.3708,LOCAL_BEST,1,123,0,106743,59851,187,685,38,218.9781,394.7368,0,0,0,0,0,0
n012w8-0,n012w8,0,5,500000,100.0,adaptive,2026-07-04T12:26:25+01:00,5,7,44,68871,204,14.912828,455,480,455,25,5.2083,LOCAL_BEST,2,123,8719,112659,43771,188,505,62,495.0495,403.2258,0,0,0,0,0,0
n012w8-0,n012w8,0,5,500000,100.0,adaptive,2026-07-04T12:26:25+01:00,5,2,44,69720,107,0.000000,490,520,490,30,5.7692,LOCAL_BEST,0,123,0,112507,46241,189,849,-97,353.3569,0.0000,0,0,0,0,0,0
n012w8-0,n012w8,0,5,500000,100.0,adaptive,2026-07-04T12:26:25+01:00,5,7,44,72527,212,13.479941,440,455,440,15,3.2967,LOCAL_BEST,2,123,8820,118228,46962,190,2807,105,53.4378,142.8571,0,0,0,0,0,0
n012w8-0,n012w8,0,5,500000,100.0,adaptive,2026-07-04T12:26:25+01:00,5,7,44,72547,212,13.472494,425,440,425,15,3.4091,LOCAL_BEST,2,123,8820,118255,46981,191,20,0,7500.0000,0.0000,0,0,0,0,0,0
n012w8-0,n012w8,0,5,500000,100.0,adaptive,2026-07-04T12:26:25+01:00,5,7,44,72794,213,13.380859,420,425,420,5,1.1765,LOCAL_BEST,2,123,8825,118598,47200,192,247,1,202.4291,5000.0000,0,0,0,0,0,0
n012w8-0,n012w8,0,5,500000,100.0,adaptive,2026-07-04T12:26:25+01:00,5,7,44,73468,214,13.133969,415,420,415,5,1.1905,LOCAL_BEST,2,123,8840,119638,47791,193,674,1,74.1840,5000.0000,0,0,0,0,0,0
n012w8-0,n012w8,0,5,500000,100.0,adaptive,2026-07-04T12:26:25+01:00,5,7,44,73534,214,13.110039,400,415,400,15,3.6145,LOCAL_BEST,2,123,8840,119725,47853,194,66,0,2272.7273,0.0000,0,0,0,0,0,0
n012w8-0,n012w8,0,5,500000,100.0,adaptive,2026-07-04T12:26:25+01:00,5,7,44,74414,216,12.795109,385,400,385,15,3.7500,LOCAL_BEST,2,123,8851,120894,48653,195,880,2,170.4545,7500.0000,0,0,0,0,0,0
n012w8-0,n012w8,0,5,500000,100.0,adaptive,2026-07-04T12:26:25+01:00,5,7,44,74539,217,12.750993,370,385,370,15,3.8961,LOCAL_BEST,2,123,8853,121109,48772,196,125,1,1200.0000,15000.0000,0,0,0,0,0,0
n012w8-0,n012w8,0,5,500000,100.0,adaptive,2026-07-04T12:26:25+01:00,5,1,44,77261,119,11.827147,405,420,405,15,3.5714,GLOBAL_BEST,0,123,8906,125043,51408,197,2722,-98,55.1065,0.0000,0,0,0,0,0,0
n012w8-0,n012w8,0,5,500000,100.0,adaptive,2026-07-04T12:26:25+01:00,5,1,44,77421,119,11.774975,400,405,400,5,1.2346,GLOBAL_BEST,0,123,8910,125293,51552,198,160,0,312.5000,0.0000,0,0,0,0,0,0
n012w8-0,n012w8,0,5,500000,100.0,adaptive,2026-07-04T12:26:25+01:00,5,1,44,77666,120,11.695532,385,400,385,15,3.7500,GLOBAL_BEST,0,123,8910,125709,51787,199,245,1,612.2449,15000.0000,0,0,0,0,0,0
n012w8-0,n012w8,0,5,500000,100.0,adaptive,2026-07-04T12:26:25+01:00,5,1,44,81047,125,10.652413,375,385,375,10,2.5974,LOCAL_BEST,0,123,8947,130860,54904,200,3381,5,29.5770,2000.0000,0,0,0,0,0,0
n012w8-0,n012w8,0,5,500000,100.0,adaptive,2026-07-04T12:26:25+01:00,5,4,44,83552,185,9.940037,395,430,395,35,8.1395,LOCAL_BEST,1,123,8830,133989,57590,201,2505,60,139.7206,583.3333,0,0,0,0,0,0
n012w8-0,n012w8,0,5,500000,100.0,adaptive,2026-07-04T12:26:25+01:00,5,5,44,85041,166,0.000000,425,430,425,5,1.1628,LOCAL_BEST,1,123,0,131937,75400,202,1489,-19,33.5796,0.0000,0,0,0,0,0,0
n012w8-0,n012w8,0,5,500000,100.0,adaptive,2026-07-04T12:26:25+01:00,5,10,44,86190,305,9.241277,400,405,400,5,1.2346,LOCAL_BEST,4,123,8974,138657,59716,203,1149,139,43.5161,35.9712,0,0,0,0,0,0
n012w8-0,n012w8,0,5,500000,100.0,adaptive,2026-07-04T12:26:25+01:00,5,2,44,87337,133,0.000000,485,490,485,5,1.0204,LOCAL_BEST,0,123,0,139498,61659,204,1147,-172,43.5920,0.0000,0,0,0,0,0,0
n012w8-0,n012w8,0,5,500000,100.0,adaptive,2026-07-04T12:26:25+01:00,5,8,44,88129,228,0.000000,400,415,400,15,3.6145,LOCAL_BEST,3,123,0,130142,82481,205,792,95,189.3939,157.8947,0,0,0,0,0,0
n012w8-0,n012w8,0,5,500000,100.0,adaptive,2026-07-04T12:26:25+01:00,5,5,44,88559,171,0.000000,415,425,415,10,2.3529,LOCAL_BEST,1,123,0,137200,78687,206,430,-57,232.5581,0.0000,0,0,0,0,0,0
n012w8-0,n012w8,0,5,500000,100.0,adaptive,2026-07-04T12:26:25+01:00,5,2,44,93871,141,0.000000,435,485,435,50,10.3093,LOCAL_BEST,0,123,0,149568,67449,207,5312,-30,94.1265,0.0000,0,0,0,0,0,0
n012w8-0,n012w8,0,5,500000,100.0,adaptive,2026-07-04T12:26:25+01:00,5,1,44,95464,146,7.152272,360,375,360,15,4.0000,LOCAL_BEST,0,123,9080,152780,68387,208,1593,5,94.1620,3000.0000,0,0,0,0,0,0
n012w8-0,n012w8,0,5,500000,100.0,adaptive,2026-07-04T12:26:25+01:00,5,8,44,98051,242,0.000000,385,400,385,15,3.7500,LOCAL_BEST,3,123,0,145361,91879,209,2587,96,57.9822,156.2500,0,0,0,0,0,0
n012w8-0,n012w8,0,5,500000,100.0,adaptive,2026-07-04T12:26:25+01:00,5,5,44,99367,192,0.000000,400,415,400,15,3.6145,LOCAL_BEST,1,123,0,154153,88836,210,1316,-50,113.9818,0.0000,0,0,0,0,0,0
n012w8-0,n012w8,0,5,500000,100.0,adaptive,2026-07-04T12:26:25+01:00,5,7,44,100678,257,6.192642,355,370,355,15,4.0541,LOCAL_BEST,2,123,9098,161449,72717,211,1311,65,114.4165,230.7692,0,0,0,0,0,0
n012w8-0,n012w8,0,5,500000,100.0,adaptive,2026-07-04T12:26:25+01:00,5,2,44,105421,159,0.000000,405,435,405,30,6.8966,LOCAL_BEST,0,123,0,167264,77991,212,4743,-98,63.2511,0.0000,0,0,0,0,0,0
n012w8-0,n012w8,0,5,500000,100.0,adaptive,2026-07-04T12:26:25+01:00,5,5,44,115493,217,0.000000,390,400,390,10,2.5000,LOCAL_BEST,1,123,0,178971,103987,213,10072,58,9.9285,172.4138,0,0,0,0,0,0
n012w8-0,n012w8,0,5,500000,100.0,adaptive,2026-07-04T12:26:25+01:00,5,2,44,124318,187,0.000000,390,405,390,15,3.7037,LOCAL_BEST,0,123,0,195986,95335,214,8825,-30,16.9972,0.0000,0,0,0,0,0,0
n012w8-0,n012w8,0,5,500000,100.0,adaptive,2026-07-04T12:26:25+01:00,5,8,44,134708,301,0.000000,370,385,370,15,3.8961,LOCAL_BEST,3,123,0,200539,126580,215,10390,114,14.4370,131.5789,0,0,0,0,0,0
n012w8-0,n012w8,0,5,500000,100.0,adaptive,2026-07-04T12:26:25+01:00,5,1,44,145464,234,1.796520,390,360,360,0,0.0000,REHEAT,0,123,9127,226918,115435,216,10756,-67,0.0000,0.0000,0,0,0,0,0,0
n012w8-0,n012w8,0,5,500000,100.0,adaptive,2026-07-04T12:26:25+01:00,5,8,44,146394,319,0.000000,365,370,365,5,1.3514,LOCAL_BEST,3,123,0,217824,137654,217,930,85,53.7634,58.8235,0,0,0,0,0,0
n012w8-0,n012w8,0,5,500000,100.0,adaptive,2026-07-04T12:26:25+01:00,5,3,44,147709,279,0.000000,1305,1365,1305,60,4.3956,LOCAL_BEST,0,123,56634,262024,5838,218,1315,-40,456.2738,0.0000,0,0,0,0,0,0
n012w8-0,n012w8,0,5,500000,100.0,adaptive,2026-07-04T12:26:25+01:00,5,8,44,167263,348,0.000000,355,365,355,10,2.7397,LOCAL_BEST,3,123,0,249403,157566,219,19554,69,5.1140,144.9275,0,0,0,0,0,0
n012w8-0,n012w8,0,5,500000,100.0,adaptive,2026-07-04T12:26:25+01:00,5,1,44,195464,329,25.118864,790,360,360,0,0.0000,REHEAT,0,123,16975,310005,143851,220,28201,-19,0.0000,0.0000,0,0,0,0,0,0
n012w8-0,n012w8,0,5,500000,100.0,adaptive,2026-07-04T12:26:25+01:00,5,1,44,245464,421,25.118864,665,360,360,0,0.0000,REHEAT,0,123,24944,391725,171903,221,50000,92,0.0000,0.0000,0,0,0,0,0,0
n012w8-0,n012w8,0,5,500000,100.0,adaptive,2026-07-04T12:26:25+01:00,5,1,44,295464,531,25.118864,810,360,360,0,0.0000,REHEAT,0,123,32651,474400,200604,222,50000,110,0.0000,0.0000,0,0,0,0,0,0
n012w8-0,n012w8,0,5,500000,100.0,adaptive,2026-07-04T12:26:25+01:00,5,1,44,345464,632,25.118864,790,360,360,0,0.0000,REHEAT,0,123,40474,556153,228874,223,50000,101,0.0000,0.0000,0,0,0,0,0,0
n012w8-0,n012w8,0,5,500000,100.0,adaptive,2026-07-04T12:26:25+01:00,5,1,44,395464,743,25.118864,850,360,360,0,0.0000,REHEAT,0,123,48445,637613,256831,224,50000,111,0.0000,0.0000,0,0,0,0,0,0
n012w8-0,n012w8,0,5,500000,100.0,adaptive,2026-07-04T12:26:25+01:00,5,1,44,445464,826,25.118864,910,360,360,0,0.0000,REHEAT,0,123,56043,720488,285307,225,50000,83,0.0000,0.0000,0,0,0,0,0,0
n012w8-0,n012w8,0,5,500000,100.0,adaptive,2026-07-04T12:26:25+01:00,5,1,44,495464,932,25.118864,775,360,360,0,0.0000,REHEAT,0,123,64051,803262,313205,226,50000,106,0.0000,0.0000,0,0,0,0,0,0
n012w8-0,n012w8,0,5,500000,100.0,adaptive,2026-07-04T12:26:25+01:00,6,4,63,1,39,100.000000,640,670,640,30,4.4776,GLOBAL_BEST,1,777,0,4,0,1,1,39,300000.0000,769.2308,0,0,0,0,0,0
n012w8-0,n012w8,0,5,500000,100.0,adaptive,2026-07-04T12:26:25+01:00,6,3,63,2,0,0.000000,3415,3445,3415,30,0.8708,GLOBAL_BEST,0,777,0,5,0,2,1,-39,300000.0000,0.0000,0,0,0,0,0,0
n012w8-0,n012w8,0,5,500000,100.0,adaptive,2026-07-04T12:26:25+01:00,6,3,63,3,0,0.000000,3365,3415,3365,50,1.4641,LOCAL_BEST,0,777,0,9,0,3,1,0,500000.0000,0.0000,0,0,0,0,0,0
n012w8-0,n012w8,0,5,500000,100.0,adaptive,2026-07-04T12:26:25+01:00,6,2,63,3,0,0.000000,3265,3445,3265,180,5.2250,GLOBAL_BEST,0,777,0,4,0,4,0,0,0.0000,0.0000,0,0,0,0,0,0
n012w8-0,n012w8,0,5,500000,100.0,adaptive,2026-07-04T12:26:25+01:00,6,3,63,4,0,0.000000,3215,3365,3215,150,4.4577,GLOBAL_BEST,0,777,0,10,0,5,1,0,1500000.0000,0.0000,0,0,0,0,0,0
n012w8-0,n012w8,0,5,500000,100.0,adaptive,2026-07-04T12:26:25+01:00,6,2,63,4,0,0.000000,3235,3265,3235,30,0.9188,LOCAL_BEST,0,777,0,7,0,6,0,0,0.0000,0.0000,0,0,0,0,0,0
n012w8-0,n012w8,0,5,500000,100.0,adaptive,2026-07-04T12:26:25+01:00,6,4,63,4,39,99.991711,535,640,535,105,16.4062,GLOBAL_BEST,1,777,0,9,2,7,0,39,0.0000,2692.3077,0,0,0,0,0,0
n012w8-0,n012w8,0,5,500000,100.0,adaptive,2026-07-04T12:26:25+01:00,6,1,63,5,0,99.988948,3415,3445,3415,30,0.8708,LOCAL_BEST,0,777,0,9,1,8,1,-39,300000.0000,0.0000,0,0,0,0,0,0
n012w8-0,n012w8,0,5,500000,100.0,adaptive,2026-07-04T12:26:25+01:00,6,2,63,5,0,0.000000,3205,3235,3205,30,0.9274,LOCAL_BEST,0,777,0,7,0,9,0,0,0.0000,0.0000,0,0,0,0,0,0
n012w8-0,n012w8,0,5,500000,100.0,adaptive,2026-07-04T12:26:25+01:00,6,3,63,5,0,0.000000,2915,3215,2915,300,9.3313,GLOBAL_BEST,0,777,0,10,0,10,0,0,0.0000,0.0000,0,0,0,0,0,0
n012w8-0,n012w8,0,5,500000,100.0,adaptive,2026-07-04T12:26:25+01:00,6,8,63,5,78,0.000000,355,385,355,30,7.7922,GLOBAL_BEST,3,777,0,13,4,11,0,78,0.0000,384.6154,0,0,0,0,0,0
n012w8-0,n012w8,0,5,500000,100.0,adaptive,2026-07-04T12:26:25+01:00,6,1,63,6,0,99.986185,3115,3415,3115,300,8.7848,GLOBAL_BEST,0,777,0,12,1,12,1,-78,3000000.0000,0.0000,0,0,0,0,0,0
n012w8-0,n012w8,0,5,500000,100.0,adaptive,2026-07-04T12:26:25+01:00,6,1,63,7,0,99.983423,2965,3115,2965,150,4.8154,LOCAL_BEST,0,777,0,12,1,13,1,0,1500000.0000,0.0000,0,0,0,0,0,0
n012w8-0,n012w8,0,5,500000,100.0,adaptive,2026-07-04T12:26:25+01:00,6,3,63,7,0,0.000000,2615,2915,2615,300,10.2916,GLOBAL_BEST,0,777,0,11,1,14,0,0,0.0000,0.0000,0,0,0,0,0,0
n012w8-0,n012w8,0,5,500000,100.0,adaptive,2026-07-04T12:26:25+01:00,6,3,63,8,0,0.000000,2480,2615,2480,135,5.1625,GLOBAL_BEST,0,777,0,15,1,15,1,0,1350000.0000,0.0000,0,0,0,0,0,0
n012w8-0,n012w8,0,5,500000,100.0,adaptive,2026-07-04T12:26:25+01:00,6,2,63,9,0,0.000000,3160,3205,3160,45,1.4041,LOCAL_BEST,0,777,0,19,0,16,1,0,450000.0000,0.0000,0,0,0,0,0,0
n012w8-0,n012w8,0,5,500000,100.0,adaptive,2026-07-04T12:26:25+01:00,6,3,63,9,0,0.000000,2465,2480,2465,15,0.6048,GLOBAL_BEST,0,777,0,15,1,17,0,0,0.0000,0.0000,0,0,0,0,0,0
n012w8-0,n012w8,0,5,500000,100.0,adaptive,2026-07-04T12:26:25+01:00,6,8,63,9,78,0.000000,340,355,340,15,4.2254,GLOBAL_BEST,3,777,0,14,7,18,0,78,0.0000,192.3077,0,0,0,0,0,0
n012w8-0,n012w8,0,5,500000,100.0,adaptive,2026-07-04T12:26:25+01:00,6,3,63,10,0,0.000000,2405,2465,2405,60,2.4341,GLOBAL_BEST,0,777,0,15,1,19,1,-78,600000.0000,0.0000,0,0,0,0,0,0
n012w8-0,n012w8,0,5,500000,100.0,adaptive,2026-07-04T12:26:25+01:00,6,1,63,11,0,99.972373,2950,2965,2950,15,0.5059,LOCAL_BEST,0,777,1,30,1,20,1,0,150000.0000,0.0000,0,0,0,0,0,0
n012w8-0,n012w8,0,5,500000,100.0,adaptive,2026-07-04T12:26:25+01:00,6,3,63,11,0,0.000000,2120,2405,2120,285,11.8503,GLOBAL_BEST,0,777,0,15,1,21,0,0,0.0000,0.0000,0,0,0,0,0,0
n012w8-0,n012w8,0,5,500000,100.0,adaptive,2026-07-04T12:26:25+01:00,6,1,63,12,0,99.969610,2920,2950,2920,30,1.0169,LOCAL_BEST,0,777,1,31,1,22,1,0,300000.0000,0.0000,0,0,0,0,0,0
n012w8-0,n012w8,0,5,500000,100.0,adaptive,2026-07-04T12:26:25+01:00,6,2,63,12,0,0.000000,3145,3160,3145,15,0.4747,LOCAL_BEST,0,777,0,24,0,23,0,0,0.0000,0.0000,0,0,0,0,0,0
n012w8-0,n012w8,0,5,500000,100.0,adaptive,2026-07-04T12:26:25+01:00,6,1,63,15,0,99.961324,2785,2920,2785,135,4.6233,LOCAL_BEST,0,777,3,40,1,24,3,0,450000.0000,0.0000,0,0,0,0,0,0
n012w8-0,n012w8,0,5,500000,100.0,adaptive,2026-07-04T12:26:25+01:00,6,1,63,16,0,99.958562,2725,2785,2725,60,2.1544,LOCAL_BEST,0,777,3,42,1,25,1,0,600000.0000,0.0000,0,0,0,0,0,0
n012w8-0,n012w8,0,5,500000,100.0,adaptive,2026-07-04T12:26:25+01:00,6,2,63,20,0,0.000000,3040,3145,3040,105,3.3386,LOCAL_BEST,0,777,0,32,0,26,4,0,262500.0000,0.0000,0,0,0,0,0,0
n012w8-0,n012w8,0,5,500000,100.0,adaptive,2026-07-04T12:26:25+01:00,6,2,63,21,0,0.000000,3025,3040,3025,15,0.4934,LOCAL_BEST,0,777,0,32,0,27,1,0,150000.0000,0.0000,0,0,0,0,0,0
n012w8-0,n012w8,0,5,500000,100.0,adaptive,2026-07-04T12:26:25+01:00,6,1,63,22,0,99.941992,2710,2725,2710,15,0.5505,LOCAL_BEST,0,777,6,50,1,28,1,0,150000.0000,0.0000,0,0,0,0,0,0
n012w8-0,n012w8,0,5,500000,100.0,adaptive,2026-07-04T12:26:25+01:00,6,17,63,22,214,0.000000,220,235,220,15,6.3830,GLOBAL_BEST,7,777,0,29,19,29,0,214,0.0000,70.0935,0,0,0,0,0,0
n012w8-0,n012w8,0,5,500000,100.0,adaptive,2026-07-04T12:26:25+01:00,6,2,63,23,0,0.000000,2875,3025,2875,150,4.9587,LOCAL_BEST,0,777,0,33,0,30,1,-214,1500000.0000,0.0000,0,0,0,0,0,0
n012w8-0,n012w8,0,5,500000,100.0,adaptive,2026-07-04T12:26:25+01:00,6,2,63,24,0,0.000000,2845,2875,2845,30,1.0435,LOCAL_BEST,0,777,0,34,0,31,1,0,300000.0000,0.0000,0,0,0,0,0,0
n012w8-0,n012w8,0,5,500000,100.0,adaptive,2026-07-04T12:26:25+01:00,6,1,63,25,0,99.933708,2560,2710,2560,150,5.5351,LOCAL_BEST,0,777,6,55,1,32,1,0,1500000.0000,0.0000,0,0,0,0,0,0
n012w8-0,n012w8,0,5,500000,100.0,adaptive,2026-07-04T12:26:25+01:00,6,2,63,25,0,0.000000,2785,2845,2785,60,2.1090,LOCAL_BEST,0,777,0,35,0,33,0,0,0.0000,0.0000,0,0,0,0,0,0
n012w8-0,n012w8,0,5,500000,100.0,adaptive,2026-07-04T12:26:25+01:00,6,3,63,26,0,0.000000,2090,2120,2090,30,1.4151,GLOBAL_BEST,0,777,3,24,1,34,1,0,300000.0000,0.0000,0,0,0,0,0,0
n012w8-0,n012w8,0,5,500000,100.0,adaptive,2026-07-04T12:26:25+01:00,6,2,63,27,0,0.000000,2620,2785,2620,165,5.9246,LOCAL_BEST,0,777,0,39,0,35,1,0,1650000.0000,0.0000,0,0,0,0,0,0
n012w8-0,n012w8,0,5,500000,100.0,adaptive,2026-07-04T12:26:25+01:00,6,1,63,29,0,99.922663,2425,2560,2425,135,5.2734,LOCAL_BEST,0,777,7,57,2,36,2,0,675000.0000,0.0000,0,0,0,0,0,0
n012w8-0,n012w8,0,5,500000,100.0,adaptive,2026-07-04T12:26:25+01:00,6,1,63,30,0,99.919902,2410,2425,2410,15,0.6186,LOCAL_BEST,0,777,7,59,2,37,1,0,150000.0000,0.0000,0,0,0,0,0,0
n012w8-0,n012w8,0,5,500000,100.0,adaptive,2026-07-04T12:26:25+01:00,6,1,63,32,0,99.914381,2320,2410,2320,90,3.7344,LOCAL_BEST,0,777,8,61,2,38,2,0,450000.0000,0.0000,0,0,0,0,0,0
n012w8-0,n012w8,0,5,500000,100.0,adaptive,2026-07-04T12:26:25+01:00,6,1,63,48,0,99.870218,2260,2320,2260,60,2.5862,LOCAL_BEST,0,777,12,91,7,39,16,0,37500.0000,0.0000,0,0,0,0,0,0
n012w8-0,n012w8,0,5,500000,100.0,adaptive,2026-07-04T12:26:25+01:00,6,1,63,49,0,99.867459,2080,2260,2080,180,7.9646,GLOBAL_BEST,0,777,12,97,7,40,1,0,1800000.0000,0.0000,0,0,0,0,0,0
n012w8-0,n012w8,0,5,500000,100.0,adaptive,2026-07-04T12:26:25+01:00,6,2,63,50,0,0.000000,2500,2620,2500,120,4.5802,LOCAL_BEST,0,777,0,78,0,41,1,0,1200000.0000,0.0000,0,0,0,0,0,0
n012w8-0,n012w8,0,5,500000,100.0,adaptive,2026-07-04T12:26:25+01:00,6,1,63,51,0,99.861940,2065,2080,2065,15,0.7212,GLOBAL_BEST,0,777,13,98,7,42,1,0,150000.0000,0.0000,0,0,0,0,0,0
n012w8-0,n012w8,0,5,500000,100.0,adaptive,2026-07-04T12:26:25+01:00,6,2,63,52,0,0.000000,2365,2500,2365,135,5.4000,LOCAL_BEST,0,777,0,79,0,43,1,0,1350000.0000,0.0000,0,0,0,0,0,0
n012w8-0,n012w8,0,5,500000,100.0,adaptive,2026-07-04T12:26:25+01:00,6,1,63,52,0,99.859181,2035,2065,2035,30,1.4528,GLOBAL_BEST,0,777,13,102,7,44,0,0,0.0000,0.0000,0,0,0,0,0,0
n012w8-0,n012w8,0,5,500000,100.0,adaptive,2026-07-04T12:26:25+01:00,6,2,63,53,0,0.000000,2275,2365,2275,90,3.8055,LOCAL_BEST,0,777,0,81,0,45,1,0,900000.0000,0.0000,0,0,0,0,0,0
n012w8-0,n012w8,0,5,500000,100.0,adaptive,2026-07-04T12:26:25+01:00,6,2,63,55,0,0.000000,2155,2275,2155,120,5.2747,LOCAL_BEST,0,777,0,85,0,46,2,0,600000.0000,0.0000,0,0,0,0,0,0
n012w8-0,n012w8,0,5,500000,100.0,adaptive,2026-07-04T12:26:25+01:00,6,2,63,58,0,0.000000,2140,2155,2140,15,0.6961,LOCAL_BEST,0,777,0,91,0,47,3,0,50000.0000,0.0000,0,0,0,0,0,0
n012w8-0,n012w8,0,5,500000,100.0,adaptive,2026-07-04T12:26:25+01:00,6,5,63,60,39,0.000000,655,670,655,15,2.2388,LOCAL_BEST,1,777,0,108,53,48,2,39,75000.0000,384.6154,0,0,0,0,0,0
n012w8-0,n012w8,0,5,500000,100.0,adaptive,2026-07-04T12:26:25+01:00,6,2,63,63,0,0.000000,2005,2140,2005,135,6.3084,GLOBAL_BEST,0,777,0,98,0,49,3,-39,450000.0000,0.0000,0,0,0,0,0,0
n012w8-0,n012w8,0,5,500000,100.0,adaptive,2026-07-04T12:26:25+01:00,6,1,63,65,0,99.823318,2000,2035,2000,35,1.7199,GLOBAL_BEST,0,777,16,131,10,50,2,0,175000.0000,0.0000,0,0,0,0,0,0
n012w8-0,n012w8,0,5,500000,100.0,adaptive,2026-07-04T12:26:25+01:00,6,2,63,65,0,0.000000,1990,2005,1990,15,0.7481,GLOBAL_BEST,0,777,0,102,0,51,0,0,0.0000,0.0000,0,0,0,0,0,0
n012w8-0,n012w8,0,5,500000,100.0,adaptive,2026-07-04T12:26:25+01:00,6,2,63,66,0,0.000000,1975,1990,1975,15,0.7538,LOCAL_BEST,0,777,0,104,0,52,1,0,150000.0000,0.0000,0,0,0,0,0,0
n012w8-0,n012w8,0,5,500000,100.0,adaptive,2026-07-04T12:26:25+01:00,6,1,63,71,0,99.806770,1880,2000,1880,120,6.0000,GLOBAL_BEST,0,777,17,158,11,53,5,0,240000.0000,0.0000,0,0,0,0,0,0
n012w8-0,n012w8,0,5,500000,100.0,adaptive,2026-07-04T12:26:25+01:00,6,1,63,73,0,99.801254,1670,1880,1670,210,11.1702,GLOBAL_BEST,0,777,17,163,12,54,2,0,1050000.0000,0.0000,0,0,0,0,0,0
n012w8-0,n012w8,0,5,500000,100.0,adaptive,2026-07-04T12:26:25+01:00,6,1,63,74,0,99.798497,1580,1670,1580,90,5.3892,GLOBAL_BEST,0,777,17,164,12,55,1,0,900000.0000,0.0000,0,0,0,0,0,0
n012w8-0,n012w8,0,5,500000,100.0,adaptive,2026-07-04T12:26:25+01:00,6,2,63,78,1,0.000000,1810,1975,1810,165,8.3544,LOCAL_BEST,0,777,0,120,0,56,4,1,412500.0000,165000.0000,0,0,0,0,0,0
n012w8-0,n012w8,0,5,500000,100.0,adaptive,2026-07-04T12:26:25+01:00,6,2,63,79,1,0.000000,1750,1810,1750,60,3.3149,LOCAL_BEST,0,777,0,121,0,57,1,0,600000.0000,0.0000,0,0,0,0,0,0
n012w8-0,n012w8,0,5,500000,100.0,adaptive,2026-07-04T12:26:25+01:00,6,5,63,79,39,0.000000,610,655,610,45,6.8702,LOCAL_BEST,1,777,0,153,69,58,0,38,0.0000,1184.2105,0,0,0,0,0,0
n012w8-0,n012w8,0,5,500000,100.0,adaptive,2026-07-04T12:26:25+01:00,6,5,63,89,39,0.000000,595,610,595,15,2.4590,LOCAL_BEST,1,777,0,164,78,59,10,0,15000.0000,0.0000,0,0,0,0,0,0
n012w8-0,n012w8,0,5,500000,100.0,adaptive,2026-07-04T12:26:25+01:00,6,3,63,92,1,0.000000,2065,2090,2065,25,1.1962,LOCAL_BEST,0,777,28,158,2,60,3,-38,83333.3333,0.0000,0,0,0,0,0,0
n012w8-0,n012w8,0,5,500000,100.0,adaptive,2026-07-04T12:26:25+01:00,6,3,63,114,1,0.000000,1950,2065,1950,115,5.5690,LOCAL_BEST,0,777,35,208,4,61,22,0,52272.7273,0.0000,0,0,0,0,0,0
n012w8-0,n012w8,0,5,500000,100.0,adaptive,2026-07-04T12:26:25+01:00,6,3,63,115,1,0.000000,1770,1950,1770,180,9.2308,LOCAL_BEST,0,777,35,208,4,62,1,0,1800000.0000,0.0000,0,0,0,0,0,0
n012w8-0,n012w8,0,5,500000,100.0,adaptive,2026-07-04T12:26:25+01:00,6,3,63,117,1,0.000000,1755,1770,1755,15,0.8475,LOCAL_BEST,0,777,36,216,4,63,2,0,75000.0000,0.0000,0,0,0,0,0,0
n012w8-0,n012w8,0,5,500000,100.0,adaptive,2026-07-04T12:26:25+01:00,6,3,63,118,1,0.000000,1695,1755,1695,60,3.4188,LOCAL_BEST,0,777,36,216,4,64,1,0,600000.0000,0.0000,0,0,0,0,0,0
n012w8-0,n012w8,0,5,500000,100.0,adaptive,2026-07-04T12:26:25+01:00,6,1,63,120,1,99.671731,1450,1580,1450,130,8.2278,GLOBAL_BEST,0,777,31,250,24,65,2,0,650000.0000,0.0000,0,0,0,0,0,0
n012w8-0,n012w8,0,5,500000,100.0,adaptive,2026-07-04T12:26:25+01:00,6,1,63,121,1,99.668977,1360,1450,1360,90,6.2069,GLOBAL_BEST,0,777,31,250,24,66,1,0,900000.0000,0.0000,0,0,0,0,0,0
n012w8-0,n012w8,0,5,500000,100.0,adaptive,2026-07-04T12:26:25+01:00,6,1,63,124,1,99.660715,1345,1360,1345,15,1.1029,GLOBAL_BEST,0,777,31,250,26,67,3,0,50000.0000,0.0000,0,0,0,0,0,0
n012w8-0,n012w8,0,5,500000,100.0,adaptive,2026-07-04T12:26:25+01:00,6,1,63,142,1,99.611161,1270,1345,1270,75,5.5762,GLOBAL_BEST,0,777,35,266,33,68,18,0,41666.6667,0.0000,0,0,0,0,0,0
n012w8-0,n012w8,0,5,500000,100.0,adaptive,2026-07-04T12:26:25+01:00,6,11,63,210,83,0.000000,275,305,275,30,9.8361,LOCAL_BEST,4,777,0,344,196,69,68,82,4411.7647,365.8537,0,0,0,0,0,0
n012w8-0,n012w8,0,5,500000,100.0,adaptive,2026-07-04T12:26:25+01:00,6,1,63,247,1,99.322582,1240,1270,1240,30,2.3622,GLOBAL_BEST,0,777,63,412,69,70,37,-82,8108.1081,0.0000,0,0,0,0,0,0
n012w8-0,n012w8,0,5,500000,100.0,adaptive,2026-07-04T12:26:25+01:00,6,1,63,269,1,99.262224,1185,1240,1185,55,4.4355,GLOBAL_BEST,0,777,69,435,73,71,22,0,25000.0000,0.0000,0,0,0,0,0,0
n012w8-0,n012w8,0,5,500000,100.0,adaptive,2026-07-04T12:26:25+01:00,6,1,63,270,1,99.259481,1125,1185,1125,60,5.0633,GLOBAL_BEST,0,777,69,437,73,72,1,0,600000.0000,0.0000,0,0,0,0,0,0
n012w8-0,n012w8,0,5,500000,100.0,adaptive,2026-07-04T12:26:25+01:00,6,1,63,297,1,99.185457,1095,1125,1095,30,2.6667,GLOBAL_BEST,0,777,72,491,86,73,27,0,11111.1111,0.0000,0,0,0,0,0,0
n012w8-0,n012w8,0,5,500000,100.0,adaptive,2026-07-04T12:26:25+01:00,6,1,63,302,1,99.171755,1075,1095,1075,20,1.8265,GLOBAL_BEST,0,777,73,503,87,74,5,0,40000.0000,0.0000,0,0,0,0,0,0
n012w8-0,n012w8,0,5,500000,100.0,adaptive,2026-07-04T12:26:25+01:00,6,1,63,303,1,99.169015,1045,1075,1045,30,2.7907,GLOBAL_BEST,0,777,73,506,87,75,1,0,300000.0000,0.0000,0,0,0,0,0,0
n012w8-0,n012w8,0,5,500000,100.0,adaptive,2026-07-04T12:26:25+01:00,6,1,63,314,1,99.138878,970,1045,970,75,7.1770,GLOBAL_BEST,0,777,74,536,92,76,11,0,68181.8182,0.0000,0,0,0,0,0,0
n012w8-0,n012w8,0,5,500000,100.0,adaptive,2026-07-04T12:26:25+01:00,6,2,63,469,1,0.000000,1715,1750,1715,35,2.0000,LOCAL_BEST,0,777,0,859,0,77,155,0,2258.0645,0.0000,0,0,0,0,0,0
n012w8-0,n012w8,0,5,500000,100.0,adaptive,2026-07-04T12:26:25+01:00,6,2,63,470,1,0.000000,1685,1715,1685,30,1.7493,LOCAL_BEST,0,777,0,861,0,78,1,0,300000.0000,0.0000,0,0,0,0,0,0
n012w8-0,n012w8,0,5,500000,100.0,adaptive,2026-07-04T12:26:25+01:00,6,2,63,471,1,0.000000,1610,1685,1610,75,4.4510,LOCAL_BEST,0,777,0,864,0,79,1,0,750000.0000,0.0000,0,0,0,0,0,0
n012w8-0,n012w8,0,5,500000,100.0,adaptive,2026-07-04T12:26:25+01:00,6,2,63,472,1,0.000000,1580,1610,1580,30,1.8634,LOCAL_BEST,0,777,0,864,0,80,1,0,300000.0000,0.0000,0,0,0,0,0,0
n012w8-0,n012w8,0,5,500000,100.0,adaptive,2026-07-04T12:26:25+01:00,6,8,63,549,79,0.000000,310,340,310,30,8.8235,GLOBAL_BEST,3,777,0,933,478,81,77,78,3896.1039,384.6154,0,0,0,0,0,0
n012w8-0,n012w8,0,5,500000,100.0,adaptive,2026-07-04T12:26:25+01:00,6,5,63,683,39,0.000000,580,595,580,15,2.5210,LOCAL_BEST,1,777,0,1108,550,82,134,-40,1119.4030,0.0000,0,0,0,0,0,0
n012w8-0,n012w8,0,5,500000,100.0,adaptive,2026-07-04T12:26:25+01:00,6,3,63,780,2,0.000000,1650,1695,1650,45,2.6549,LOCAL_BEST,0,777,287,1464,18,83,97,-37,4639.1753,0.0000,0,0,0,0,0,0
n012w8-0,n012w8,0,5,500000,100.0,adaptive,2026-07-04T12:26:25+01:00,6,3,63,783,2,0.000000,1635,1650,1635,15,0.9091,LOCAL_BEST,0,777,288,1469,18,84,3,0,50000.0000,0.0000,0,0,0,0,0,0
n012w8-0,n012w8,0,5,500000,100.0,adaptive,2026-07-04T12:26:25+01:00,6,3,63,969,2,0.000000,1630,1635,1630,5,0.3058,LOCAL_BEST,0,777,357,1770,22,85,186,0,268.8172,0.0000,0,0,0,0,0,0
n012w8-0,n012w8,0,5,500000,100.0,adaptive,2026-07-04T12:26:25+01:00,6,3,63,1044,2,0.000000,1570,1630,1570,60,3.6810,LOCAL_BEST,0,777,390,1919,25,86,75,0,8000.0000,0.0000,0,0,0,0,0,0
n012w8-0,n012w8,0,5,500000,100.0,adaptive,2026-07-04T12:26:25+01:00,6,3,63,1047,2,0.000000,1435,1570,1435,135,8.5987,LOCAL_BEST,0,777,390,1928,25,87,3,0,450000.0000,0.0000,0,0,0,0,0,0
n012w8-0,n012w8,0,5,500000,100.0,adaptive,2026-07-04T12:26:25+01:00,6,5,63,1098,41,0.000000,565,580,565,15,2.5862,LOCAL_BEST,1,777,0,1733,908,88,51,39,2941.1765,384.6154,0,0,0,0,0,0
n012w8-0,n012w8,0,5,500000,100.0,adaptive,2026-07-04T12:26:25+01:00,6,5,63,1101,41,0.000000,550,565,550,15,2.6549,LOCAL_BEST,1,777,0,1746,910,89,3,0,50000.0000,0.0000,0,0,0,0,0,0
n012w8-0,n012w8,0,5,500000,100.0,adaptive,2026-07-04T12:26:25+01:00,6,1,63,1274,2,96.543714,960,970,960,10,1.0309,GLOBAL_BEST,0,777,298,2177,398,90,173,-39,578.0347,0.0000,0,0,0,0,0,0
n012w8-0,n012w8,0,5,500000,100.0,adaptive,2026-07-04T12:26:25+01:00,6,2,63,1570,3,0.000000,1560,1580,1560,20,1.2658,LOCAL_BEST,0,777,0,2899,87,91,296,1,675.6757,20000.0000,0,0,0,0,0,0
n012w8-0,n012w8,0,5,500000,100.0,adaptive,2026-07-04T12:26:25+01:00,6,2,63,1571,3,0.000000,1525,1560,1525,35,2.2436,LOCAL_BEST,0,777,0,2899,87,92,1,0,350000.0000,0.0000,0,0,0,0,0,0
n012w8-0,n012w8,0,5,500000,100.0,adaptive,2026-07-04T12:26:25+01:00,6,5,63,1578,41,0.000000,545,550,545,5,0.9091,LOCAL_BEST,1,777,0,2457,1282,93,7,38,7142.8571,131.5789,0,0,0,0,0,0
n012w8-0,n012w8,0,5,500000,100.0,adaptive,2026-07-04T12:26:25+01:00,6,5,63,1606,41,0.000000,510,545,510,35,6.4220,GLOBAL_BEST,1,777,0,2508,1303,94,28,0,12500.0000,0.0000,0,0,0,0,0,0
n012w8-0,n012w8,0,5,500000,100.0,adaptive,2026-07-04T12:26:25+01:00,6,5,63,1670,42,0.000000,485,510,485,25,4.9020,GLOBAL_BEST,1,777,0,2584,1353,95,64,1,3906.2500,25000.0000,0,0,0,0,0,0
n012w8-0,n012w8,0,5,500000,100.0,adaptive,2026-07-04T12:26:25+01:00,6,2,63,2089,3,0.000000,1505,1525,1505,20,1.3115,LOCAL_BEST,0,777,0,3866,123,96,419,-39,477.3270,0.0000,0,0,0,0,0,0
n012w8-0,n012w8,0,5,500000,100.0,adaptive,2026-07-04T12:26:25+01:00,6,17,63,2383,218,0.000000,205,220,205,15,6.8182,GLOBAL_BEST,7,777,0,3331,2251,97,294,215,510.2041,69.7674,0,0,0,0,0,0
n012w8-0,n012w8,0,5,500000,100.0,adaptive,2026-07-04T12:26:25+01:00,6,2,63,2400,4,0.000000,1455,1505,1455,50,3.3223,LOCAL_BEST,0,777,0,4412,189,98,17,-214,29411.7647,0.0000,0,0,0,0,0,0
n012w8-0,n012w8,0,5,500000,100.0,adaptive,2026-07-04T12:26:25+01:00,6,2,63,2404,4,0.000000,1420,1455,1420,35,2.4055,LOCAL_BEST,0,777,0,4413,189,99,4,0,87500.0000,0.0000,0,0,0,0,0,0
n012w8-0,n012w8,0,5,500000,100.0,adaptive,2026-07-04T12:26:25+01:00,6,5,63,2545,43,0.000000,460,485,460,25,5.1546,GLOBAL_BEST,1,777,0,3909,1990,100,141,39,1773.0496,641.0256,0,0,0,0,0,0
n012w8-0,n012w8,0,5,500000,100.0,adaptive,2026-07-04T12:26:25+01:00,6,1,63,3262,5,91.383545,900,960,900,60,6.2500,GLOBAL_BEST,0,777,777,5839,1085,101,717,-38,836.8201,0.0000,0,0,0,0,0,0
n012w8-0,n012w8,0,5,500000,100.0,adaptive,2026-07-04T12:26:25+01:00,6,1,63,3265,5,91.375970,855,900,855,45,5.0000,GLOBAL_BEST,0,777,777,5845,1087,102,3,0,150000.0000,0.0000,0,0,0,0,0,0
n012w8-0,n012w8,0,5,500000,100.0,adaptive,2026-07-04T12:26:25+01:00,6,1,63,3266,5,91.373445,735,855,735,120,14.0351,GLOBAL_BEST,0,777,777,5845,1087,103,1,0,1200000.0000,0.0000,0,0,0,0,0,0
n012w8-0,n012w8,0,5,500000,100.0,adaptive,2026-07-04T12:26:25+01:00,6,2,63,3600,5,0.000000,1330,1420,1330,90,6.3380,LOCAL_BEST,0,777,0,6656,522,104,334,0,2694.6108,0.0000,0,0,0,0,0,0
n012w8-0,n012w8,0,5,500000,100.0,adaptive,2026-07-04T12:26:25+01:00,6,2,63,3746,6,0.000000,1305,1330,1305,25,1.8797,LOCAL_BEST,0,777,0,6968,560,105,146,1,1712.3288,25000.0000,0,0,0,0,0,0
n012w8-0,n012w8,0,5,500000,100.0,adaptive,2026-07-04T12:26:25+01:00,6,2,63,3748,6,0.000000,1275,1305,1275,30,2.2989,LOCAL_BEST,0,777,0,6969,560,106,2,0,150000.0000,0.0000,0,0,0,0,0,0
n012w8-0,n012w8,0,5,500000,100.0,adaptive,2026-07-04T12:26:25+01:00,6,3,63,3828,6,0.000000,1420,1435,1420,15,1.0453,LOCAL_BEST,0,777,1450,7276,155,107,80,0,1875.0000,0.0000,0,0,0,0,0,0
n012w8-0,n012w8,0,5,500000,100.0,adaptive,2026-07-04T12:26:25+01:00,6,3,63,4247,6,0.000000,1375,1420,1375,45,3.1690,LOCAL_BEST,0,777,1614,8077,175,108,419,0,1073.9857,0.0000,0,0,0,0,0,0
n012w8-0,n012w8,0,5,500000,100.0,adaptive,2026-07-04T12:26:25+01:00,6,2,63,4582,7,0.000000,1265,1275,1265,10,0.7843,LOCAL_BEST,0,777,0,8513,782,109,335,1,298.5075,10000.0000,0,0,0,0,0,0
n012w8-0,n012w8,0,5,500000,100.0,adaptive,2026-07-04T12:26:25+01:00,6,2,63,5567,9,0.000000,1180,1265,1180,85,6.7194,LOCAL_BEST,0,777,0,10361,1045,110,985,2,862.9442,42500.0000,0,0,0,0,0,0
n012w8-0,n012w8,0,5,500000,100.0,adaptive,2026-07-04T12:26:25+01:00,6,2,63,7227,11,0.000000,1155,1180,1155,25,2.1186,LOCAL_BEST,0,777,0,13341,1647,111,1660,2,150.6024,12500.0000,0,0,0,0,0,0
n012w8-0,n012w8,0,5,500000,100.0,adaptive,2026-07-04T12:26:25+01:00,6,5,63,8043,51,0.000000,445,460,445,15,3.2609,GLOBAL_BEST,1,777,0,12612,6311,112,816,40,183.8235,375.0000,0,0,0,0,0,0
n012w8-0,n012w8,0,5,500000,100.0,adaptive,2026-07-04T12:26:25+01:00,6,2,63,8162,13,0.000000,1150,1155,1150,5,0.4329,LOCAL_BEST,0,777,0,15044,2014,113,119,-38,420.1681,0.0000,0,0,0,0,0,0
n012w8-0,n012w8,0,5,500000,100.0,adaptive,2026-07-04T12:26:25+01:00,6,8,63,8842,96,0.000000,295,310,295,15,4.8387,LOCAL_BEST,3,777,0,13549,7973,114,680,83,220.5882,180.7229,0,0,0,0,0,0
n012w8-0,n012w8,0,5,500000,100.0,adaptive,2026-07-04T12:26:25+01:00,6,2,63,8962,14,0.000000,1090,1150,1090,60,5.2174,LOCAL_BEST,0,777,0,16415,2328,115,120,-82,5000.0000,0.0000,0,0,0,0,0,0
n012w8-0,n012w8,0,5,500000,100.0,adaptive,2026-07-04T12:26:25+01:00,6,8,63,8980,97,0.000000,280,295,280,15,5.0847,LOCAL_BEST,3,777,0,13758,8095,116,18,83,8333.3333,180.7229,0,0,0,0,0,0
n012w8-0,n012w8,0,5,500000,100.0,adaptive,2026-07-04T12:26:25+01:00,6,2,63,9493,15,0.000000,1060,1090,1060,30,2.7523,LOCAL_BEST,0,777,0,17467,2563,117,513,-82,584.7953,0.0000,0,0,0,0,0,0
n012w8-0,n012w8,0,5,500000,100.0,adaptive,2026-07-04T12:26:25+01:00,6,2,63,9495,15,0.000000,1045,1060,1045,15,1.4151,LOCAL_BEST,0,777,0,17470,2563,118,2,0,75000.0000,0.0000,0,0,0,0,0,0
n012w8-0,n012w8,0,5,500000,100.0,adaptive,2026-07-04T12:26:25+01:00,6,3,63,9626,15,0.000000,1345,1375,1345,30,2.1818,LOCAL_BEST,0,777,3680,18244,390,119,131,0,2290.0763,0.0000,0,0,0,0,0,0
n012w8-0,n012w8,0,5,500000,100.0,adaptive,2026-07-04T12:26:25+01:00,6,3,63,9627,15,0.000000,1315,1345,1315,30,2.2305,LOCAL_BEST,0,777,3680,18246,390,120,1,0,300000.0000,0.0000,0,0,0,0,0,0
n012w8-0,n012w8,0,5,500000,100.0,adaptive,2026-07-04T12:26:25+01:00,6,5,63,9709,53,0.000000,435,445,435,10,2.2472,GLOBAL_BEST,1,777,0,15032,7648,121,82,38,1219.5122,263.1579,0,0,0,0,0,0
n012w8-0,n012w8,0,5,500000,100.0,adaptive,2026-07-04T12:26:25+01:00,6,5,63,11345,55,0.000000,400,435,400,35,8.0460,GLOBAL_BEST,1,777,0,17589,8988,122,1636,2,213.9364,17500.0000,0,0,0,0,0,0
n012w8-0,n012w8,0,5,500000,100.0,adaptive,2026-07-04T12:26:25+01:00,6,2,63,12688,20,0.000000,1035,1045,1035,10,0.9569,LOCAL_BEST,0,777,0,23047,4095,123,1343,-35,74.4602,0.0000,0,0,0,0,0,0
n012w8-0,n012w8,0,5,500000,100.0,adaptive,2026-07-04T12:26:25+01:00,6,2,63,12689,20,0.000000,975,1035,975,60,5.7971,LOCAL_BEST,0,777,0,23050,4095,124,1,0,600000.0000,0.0000,0,0,0,0,0,0
n012w8-0,n012w8,0,5,500000,100.0,adaptive,2026-07-04T12:26:25+01:00,6,2,63,14548,23,0.000000,910,975,910,65,6.6667,LOCAL_BEST,0,777,0,26395,5039,125,1859,3,349.6503,21666.6667,0,0,0,0,0,0
n012w8-0,n012w8,0,5,500000,100.0,adaptive,2026-07-04T12:26:25+01:00,6,2,63,16806,26,0.000000,825,910,825,85,9.3407,LOCAL_BEST,0,777,0,30540,6255,126,2258,3,376.4393,28333.3333,0,0,0,0,0,0
n012w8-0,n012w8,0,5,500000,100.0,adaptive,2026-07-04T12:26:25+01:00,6,1,63,17588,27,61.511455,685,735,685,50,6.8027,GLOBAL_BEST,0,777,3806,31629,7114,127,782,1,639.3862,50000.0000,0,0,0,0,0,0
n012w8-0,n012w8,0,5,500000,100.0,adaptive,2026-07-04T12:26:25+01:00,6,3,63,20102,32,0.000000,1285,1315,1285,30,2.2814,LOCAL_BEST,0,777,7605,38074,829,128,2514,5,119.3317,6000.0000,0,0,0,0,0,0
n012w8-0,n012w8,0,5,500000,100.0,adaptive,2026-07-04T12:26:25+01:00,6,2,63,23269,36,0.000000,765,825,765,60,7.2727,LOCAL_BEST,0,777,0,42091,10163,129,3167,4,189.4537,15000.0000,0,0,0,0,0,0
n012w8-0,n012w8,0,5,500000,100.0,adaptive,2026-07-04T12:26:25+01:00,6,2,63,23777,36,0.000000,735,765,735,30,3.9216,LOCAL_BEST,0,777,0,42894,10474,130,508,0,590.5512,0.0000,0,0,0,0,0,0
n012w8-0,n012w8,0,5,500000,100.0,adaptive,2026-07-04T12:26:25+01:00,6,3,63,25423,39,0.000000,1255,1285,1255,30,2.3346,LOCAL_BEST,0,777,9640,48316,1037,131,1646,3,182.2600,10000.0000,0,0,0,0,0,0
n012w8-0,n012w8,0,5,500000,100.0,adaptive,2026-07-04T12:26:25+01:00,6,3,63,25424,39,0.000000,1225,1255,1225,30,2.3904,LOCAL_BEST,0,777,9640,48316,1037,132,1,0,300000.0000,0.0000,0,0,0,0,0,0
n012w8-0,n012w8,0,5,500000,100.0,adaptive,2026-07-04T12:26:25+01:00,6,3,63,25425,39,0.000000,1210,1225,1210,15,1.2245,LOCAL_BEST,0,777,9640,48322,1037,133,1,0,150000.0000,0.0000,0,0,0,0,0,0
n012w8-0,n012w8,0,5,500000,100.0,adaptive,2026-07-04T12:26:25+01:00,6,1,63,25620,39,49.268802,670,685,670,15,2.1898,GLOBAL_BEST,0,777,5186,45745,11184,134,195,0,769.2308,0.0000,0,0,0,0,0,0
n012w8-0,n012w8,0,5,500000,100.0,adaptive,2026-07-04T12:26:25+01:00,6,1,63,26113,39,48.602208,665,670,665,5,0.7463,LOCAL_BEST,0,777,5258,46587,11460,135,493,0,101.4199,0.0000,0,0,0,0,0,0
n012w8-0,n012w8,0,5,500000,100.0,adaptive,2026-07-04T12:26:25+01:00,6,1,63,26114,39,48.600865,650,665,650,15,2.2556,LOCAL_BEST,0,777,5258,46588,11460,136,1,0,150000.0000,0.0000,0,0,0,0,0,0
n012w8-0,n012w8,0,5,500000,100.0,adaptive,2026-07-04T12:26:25+01:00,6,5,63,27835,78,0.000000,385,400,385,15,3.7500,GLOBAL_BEST,1,777,0,44155,22993,137,1721,39,87.1586,384.6154,0,0,0,0,0,0
n012w8-0,n012w8,0,5,500000,100.0,adaptive,2026-07-04T12:26:25+01:00,6,5,63,28507,79,0.000000,370,385,370,15,3.8961,LOCAL_BEST,1,777,0,45228,23577,138,672,1,223.2143,15000.0000,0,0,0,0,0,0
n012w8-0,n012w8,0,5,500000,100.0,adaptive,2026-07-04T12:26:25+01:00,6,2,63,28939,44,0.000000,730,735,730,5,0.6803,LOCAL_BEST,0,777,0,51738,13773,139,432,-35,115.7407,0.0000,0,0,0,0,0,0
n012w8-0,n012w8,0,5,500000,100.0,adaptive,2026-07-04T12:26:25+01:00,6,1,63,29445,44,44.327374,630,650,630,20,3.0769,LOCAL_BEST,0,777,5698,52479,13472,140,506,0,395.2569,0.0000,0,0,0,0,0,0
n012w8-0,n012w8,0,5,500000,100.0,adaptive,2026-07-04T12:26:25+01:00,6,1,63,29464,44,44.304108,615,630,615,15,2.3810,LOCAL_BEST,0,777,5701,52505,13485,141,19,0,7894.7368,0.0000,0,0,0,0,0,0
n012w8-0,n012w8,0,5,500000,100.0,adaptive,2026-07-04T12:26:25+01:00,6,1,63,29473,44,44.293092,600,615,600,15,2.4390,LOCAL_BEST,0,777,5701,52521,13493,142,9,0,16666.6667,0.0000,0,0,0,0,0,0
n012w8-0,n012w8,0,5,500000,100.0,adaptive,2026-07-04T12:26:25+01:00,6,1,63,30904,46,42.575916,585,600,585,15,2.5000,LOCAL_BEST,0,777,5881,54940,14392,143,1431,2,104.8218,7500.0000,0,0,0,0,0,0
n012w8-0,n012w8,0,5,500000,100.0,adaptive,2026-07-04T12:26:25+01:00,6,1,63,30913,46,42.565330,570,585,570,15,2.5641,LOCAL_BEST,0,777,5882,54959,14399,144,9,0,16666.6667,0.0000,0,0,0,0,0,0
n012w8-0,n012w8,0,5,500000,100.0,adaptive,2026-07-04T12:26:25+01:00,6,1,63,30916,46,42.561801,540,570,540,30,5.2632,LOCAL_BEST,0,777,5882,54969,14401,145,3,0,100000.0000,0.0000,0,0,0,0,0,0
n012w8-0,n012w8,0,5,500000,100.0,adaptive,2026-07-04T12:26:25+01:00,6,2,63,30954,47,0.000000,645,730,645,85,11.6438,LOCAL_BEST,0,777,0,55071,15151,146,38,1,22368.4211,85000.0000,0,0,0,0,0,0
n012w8-0,n012w8,0,5,500000,100.0,adaptive,2026-07-04T12:26:25+01:00,6,5,63,32482,83,0.000000,340,370,340,30,8.1081,LOCAL_BEST,1,777,0,51218,26970,147,1528,36,196.3351,833.3333,0,0,0,0,0,0
n012w8-0,n012w8,0,5,500000,100.0,adaptive,2026-07-04T12:26:25+01:00,6,2,63,35153,53,0.000000,585,645,585,60,9.3023,LOCAL_BEST,0,777,0,62308,18104,148,2671,-30,224.6350,0.0000,0,0,0,0,0,0
n012w8-0,n012w8,0,5,500000,100.0,adaptive,2026-07-04T12:26:25+01:00,6,2,63,40918,61,0.000000,510,585,510,75,12.8205,LOCAL_BEST,0,777,0,72122,22210,149,5765,8,130.0954,9375.0000,0,0,0,0,0,0
n012w8-0,n012w8,0,5,500000,100.0,adaptive,2026-07-04T12:26:25+01:00,6,4,63,43237,109,30.280846,505,535,505,30,5.6075,LOCAL_BEST,1,777,7269,75096,22556,150,2319,48,129.3661,625.0000,0,0,0,0,0,0
n012w8-0,n012w8,0,5,500000,100.0,adaptive,2026-07-04T12:26:25+01:00,6,4,63,43243,109,30.275826,490,505,490,15,2.9703,LOCAL_BEST,1,777,7269,75103,22561,151,6,0,25000.0000,0.0000,0,0,0,0,0,0
n012w8-0,n012w8,0,5,500000,100.0,adaptive,2026-07-04T12:26:25+01:00,6,4,63,43362,109,30.176440,480,490,480,10,2.0408,LOCAL_BEST,1,777,7274,75312,22662,152,119,0,840.3361,0.0000,0,0,0,0,0,0
n012w8-0,n012w8,0,5,500000,100.0,adaptive,2026-07-04T12:26:25+01:00,6,4,63,43418,109,30.129783,465,480,465,15,3.1250,LOCAL_BEST,1,777,7280,75386,22704,153,56,0,2678.5714,0.0000,0,0,0,0,0,0
n012w8-0,n012w8,0,5,500000,100.0,adaptive,2026-07-04T12:26:25+01:00,6,4,63,43420,109,30.128118,435,465,435,30,6.4516,LOCAL_BEST,1,777,7280,75387,22705,154,2,0,150000.0000,0.0000,0,0,0,0,0,0
n012w8-0,n012w8,0,5,500000,100.0,adaptive,2026-07-04T12:26:25+01:00,6,4,63,43495,109,30.065747,415,435,415,20,4.5977,LOCAL_BEST,1,777,7283,75493,22767,155,75,0,2666.6667,0.0000,0,0,0,0,0,0
n012w8-0,n012w8,0,5,500000,100.0,adaptive,2026-07-04T12:26:25+01:00,6,1,63,47896,72,26.623184,535,540,535,5,0.9259,LOCAL_BEST,0,777,7595,83249,26064,156,4401,-37,11.3611,0.0000,0,0,0,0,0,0
n012w8-0,n012w8,0,5,500000,100.0,adaptive,2026-07-04T12:26:25+01:00,6,1,63,48024,72,26.529191,490,535,490,45,8.4112,LOCAL_BEST,0,777,7603,83484,26167,157,128,0,3515.6250,0.0000,0,0,0,0,0,0
n012w8-0,n012w8,0,5,500000,100.0,adaptive,2026-07-04T12:26:25+01:00,6,1,63,48041,72,26.516732,475,490,475,15,3.0612,LOCAL_BEST,0,777,7603,83506,26182,158,17,0,8823.5294,0.0000,0,0,0,0,0,0
n012w8-0,n012w8,0,5,500000,100.0,adaptive,2026-07-04T12:26:25+01:00,6,1,63,48050,72,26.510139,460,475,460,15,3.1579,LOCAL_BEST,0,777,7603,83518,26189,159,9,0,16666.6667,0.0000,0,0,0,0,0,0
n012w8-0,n012w8,0,5,500000,100.0,adaptive,2026-07-04T12:26:25+01:00,6,1,63,49575,74,25.416281,430,460,430,30,6.5217,LOCAL_BEST,0,777,7711,85933,27370,160,1525,2,196.7213,15000.0000,0,0,0,0,0,0
n012w8-0,n012w8,0,5,500000,100.0,adaptive,2026-07-04T12:26:25+01:00,6,1,63,49714,74,25.318851,415,430,415,15,3.4884,LOCAL_BEST,0,777,7719,86087,27479,161,139,0,1079.1367,0.0000,0,0,0,0,0,0
n012w8-0,n012w8,0,5,500000,100.0,adaptive,2026-07-04T12:26:25+01:00,6,5,63,50134,109,0.000000,265,340,265,75,22.0588,GLOBAL_BEST,1,777,0,79804,42606,162,420,35,1785.7143,2142.8571,0,0,0,0,0,0
n012w8-0,n012w8,0,5,500000,100.0,adaptive,2026-07-04T12:26:25+01:00,6,2,63,51674,77,0.000000,505,510,505,5,0.9804,LOCAL_BEST,0,777,0,89923,30399,163,1540,-32,32.4675,0.0000,0,0,0,0,0,0
n012w8-0,n012w8,0,5,500000,100.0,adaptive,2026-07-04T12:26:25+01:00,6,2,63,51676,77,0.000000,475,505,475,30,5.9406,LOCAL_BEST,0,777,0,89924,30400,164,2,0,150000.0000,0.0000,0,0,0,0,0,0
n012w8-0,n012w8,0,5,500000,100.0,adaptive,2026-07-04T12:26:25+01:00,6,1,63,54825,81,21.984268,410,415,410,5,1.2048,LOCAL_BEST,0,777,8006,94050,31576,165,3149,4,15.8781,1250.0000,0,0,0,0,0,0
n012w8-0,n012w8,0,5,500000,100.0,adaptive,2026-07-04T12:26:25+01:00,6,1,63,54835,81,21.978194,395,410,395,15,3.6585,LOCAL_BEST,0,777,8006,94068,31585,166,10,0,15000.0000,0.0000,0,0,0,0,0,0
n012w8-0,n012w8,0,5,500000,100.0,adaptive,2026-07-04T12:26:25+01:00,6,1,63,54842,81,21.973943,350,395,350,45,11.3924,LOCAL_BEST,0,777,8006,94075,31591,167,7,0,64285.7143,0.0000,0,0,0,0,0,0
n012w8-0,n012w8,0,5,500000,100.0,adaptive,2026-07-04T12:26:25+01:00,6,1,63,54883,81,21.949064,325,350,325,25,7.1429,LOCAL_BEST,0,777,8007,94137,31629,168,41,0,6097.5610,0.0000,0,0,0,0,0,0
n012w8-0,n012w8,0,5,500000,100.0,adaptive,2026-07-04T12:26:25+01:00,6,1,63,54915,81,21.929665,305,325,305,20,6.1538,GLOBAL_BEST,0,777,8008,94200,31658,169,32,0,6250.0000,0.0000,0,0,0,0,0,0
n012w8-0,n012w8,0,5,500000,100.0,adaptive,2026-07-04T12:26:25+01:00,6,1,63,55308,81,21.692819,275,305,275,30,9.8361,GLOBAL_BEST,0,777,8015,94859,32016,170,393,0,763.3588,0.0000,0,0,0,0,0,0
n012w8-0,n012w8,0,5,500000,100.0,adaptive,2026-07-04T12:26:25+01:00,6,4,63,58273,143,19.986466,400,415,400,15,3.6145,LOCAL_BEST,1,777,8270,99691,34276,171,2965,62,50.5902,241.9355,0,0,0,0,0,0
n012w8-0,n012w8,0,5,500000,100.0,adaptive,2026-07-04T12:26:25+01:00,6,4,63,58286,143,19.979288,385,400,385,15,3.7500,LOCAL_BEST,1,777,8270,99713,34286,172,13,0,11538.4615,0.0000,0,0,0,0,0,0
n012w8-0,n012w8,0,5,500000,100.0,adaptive,2026-07-04T12:26:25+01:00,6,4,63,58388,144,19.923058,370,385,370,15,3.8961,LOCAL_BEST,1,777,8273,99893,34373,173,102,1,1470.5882,15000.0000,0,0,0,0,0,0
n012w8-0,n012w8,0,5,500000,100.0,adaptive,2026-07-04T12:26:25+01:00,6,4,63,58443,144,19.892804,355,370,355,15,4.0541,LOCAL_BEST,1,777,8275,99991,34415,174,55,0,2727.2727,0.0000,0,0,0,0,0,0
n012w8-0,n012w8,0,5,500000,100.0,adaptive,2026-07-04T12:26:25+01:00,6,4,63,58445,144,19.891705,340,355,340,15,4.2254,LOCAL_BEST,1,777,8275,99996,34416,175,2,0,75000.0000,0.0000,0,0,0,0,0,0
n012w8-0,n012w8,0,5,500000,100.0,adaptive,2026-07-04T12:26:25+01:00,6,2,63,58480,87,0.000000,445,475,445,30,6.3158,LOCAL_BEST,0,777,0,101315,35966,176,35,-57,8571.4286,0.0000,0,0,0,0,0,0
n012w8-0,n012w8,0,5,500000,100.0,adaptive,2026-07-04T12:26:25+01:00,6,7,63,59641,187,19.245092,370,385,370,15,3.8961,LOCAL_BEST,2,777,8514,102564,34972,177,1161,100,129.1990,150.0000,0,0,0,0,0,0
n012w8-0,n012w8,0,5,500000,100.0,adaptive,2026-07-04T12:26:25+01:00,6,7,63,64385,198,16.880760,340,370,340,30,8.1081,LOCAL_BEST,2,777,8662,110137,39061,178,4744,11,63.2378,2727.2727,0,0,0,0,0,0
n012w8-0,n012w8,0,5,500000,100.0,adaptive,2026-07-04T12:26:25+01:00,6,7,63,69222,209,14.768895,325,340,325,15,4.4118,LOCAL_BEST,2,777,8801,117337,43286,179,4837,11,31.0110,1363.6364,0,0,0,0,0,0
n012w8-0,n012w8,0,5,500000,100.0,adaptive,2026-07-04T12:26:25+01:00,6,2,63,69867,105,0.000000,405,445,405,40,8.9888,LOCAL_BEST,0,777,0,119554,45310,180,645,-104,620.1550,0.0000,0,0,0,0,0,0
n012w8-0,n012w8,0,5,500000,100.0,adaptive,2026-07-04T12:26:25+01:00,6,7,63,70556,211,14.234427,310,325,310,15,4.6154,LOCAL_BEST,2,777,8830,119483,44464,181,689,106,217.7068,141.5094,0,0,0,0,0,0
n012w8-0,n012w8,0,5,500000,100.0,adaptive,2026-07-04T12:26:25+01:00,6,5,63,70719,145,0.000000,245,265,245,20,7.5472,GLOBAL_BEST,1,777,0,111440,60831,182,163,-66,1226.9939,0.0000,0,0,0,0,0,0
n012w8-0,n012w8,0,5,500000,100.0,adaptive,2026-07-04T12:26:25+01:00,6,7,63,70934,213,14.086529,295,310,295,15,4.8387,LOCAL_BEST,2,777,8836,120036,44817,183,215,68,697.6744,220.5882,0,0,0,0,0,0
n012w8-0,n012w8,0,5,500000,100.0,adaptive,2026-07-04T12:26:25+01:00,6,4,63,72028,169,13.667088,330,340,330,10,2.9412,LOCAL_BEST,1,777,8677,121850,46159,184,1094,-44,91.4077,0.0000,0,0,0,0,0,0
n012w8-0,n012w8,0,5,500000,100.0,adaptive,2026-07-04T12:26:25+01:00,6,4,63,72379,170,13.535179,315,330,315,15,4.5455,LOCAL_BEST,1,777,8686,122400,46470,185,351,1,427.3504,15000.0000,0,0,0,0,0,0
n012w8-0,n012w8,0,5,500000,100.0,adaptive,2026-07-04T12:26:25+01:00,6,2,63,74616,112,0.000000,400,405,400,5,1.2346,LOCAL_BEST,0,777,0,127224,49251,186,2237,-58,22.3514,0.0000,0,0,0,0,0,0
n012w8-0,n012w8,0,5,500000,100.0,adaptive,2026-07-04T12:26:25+01:00,6,2,63,76894,115,0.000000,385,400,385,15,3.7500,LOCAL_BEST,0,777,0,130956,51181,187,2278,3,65.8472,5000.0000,0,0,0,0,0,0
n012w8-0,n012w8,0,5,500000,100.0,adaptive,2026-07-04T12:26:25+01:00,6,4,63,80992,185,10.668614,310,315,310,5,1.5873,LOCAL_BEST,1,777,8819,136089,54334,188,4098,70,12.2011,71.4286,0,0,0,0,0,0
n012w8-0,n012w8,0,5,500000,100.0,adaptive,2026-07-04T12:26:25+01:00,6,4,63,81237,185,10.596636,300,310,300,10,3.2258,LOCAL_BEST,1,777,8824,136515,54547,189,245,0,408.1633,0.0000,0,0,0,0,0,0
n012w8-0,n012w8,0,5,500000,100.0,adaptive,2026-07-04T12:26:25+01:00,6,2,63,81396,121,0.000000,370,385,370,15,3.8961,LOCAL_BEST,0,777,0,138507,55103,190,159,-64,943.3962,0.0000,0,0,0,0,0,0
n012w8-0,n012w8,0,5,500000,100.0,adaptive,2026-07-04T12:26:25+01:00,6,4,63,88791,195,8.600427,295,300,295,5,1.6667,LOCAL_BEST,1,777,8879,147861,61524,191,7395,74,6.7613,67.5676,0,0,0,0,0,0
n012w8-0,n012w8,0,5,500000,100.0,adaptive,2026-07-04T12:26:25+01:00,6,10,63,90326,244,8.243279,300,305,300,5,1.6393,LOCAL_BEST,4,777,9159,154314,62162,192,1535,49,32.5733,102.0408,0,0,0,0,0,0
n012w8-0,n012w8,0,5,500000,100.0,adaptive,2026-07-04T12:26:25+01:00,6,2,63,95413,146,0.000000,360,370,360,10,2.7027,LOCAL_BEST,0,777,0,160071,67503,193,5087,-98,19.6580,0.0000,0,0,0,0,0,0
n012w8-0,n012w8,0,5,500000,100.0,adaptive,2026-07-04T12:26:25+01:00,6,2,63,99532,154,0.000000,355,360,355,5,1.3889,LOCAL_BEST,0,777,0,166422,71246,194,4119,8,12.1389,625.0000,0,0,0,0,0,0
n012w8-0,n012w8,0,5,500000,100.0,adaptive,2026-07-04T12:26:25+01:00,6,2,63,99678,155,0.000000,345,355,345,10,2.8169,LOCAL_BEST,0,777,0,166639,71364,195,146,1,684.9315,10000.0000,0,0,0,0,0,0
n012w8-0,n012w8,0,5,500000,100.0,adaptive,2026-07-04T12:26:25+01:00,6,2,63,101863,159,0.000000,340,345,340,5,1.4493,LOCAL_BEST,0,777,0,169849,73268,196,2185,4,22.8833,1250.0000,0,0,0,0,0,0
n012w8-0,n012w8,0,5,500000,100.0,adaptive,2026-07-04T12:26:25+01:00,6,2,63,102375,161,0.000000,310,340,310,30,8.8235,LOCAL_BEST,0,777,0,170588,73696,197,512,2,585.9375,15000.0000,0,0,0,0,0,0
n012w8-0,n012w8,0,5,500000,100.0,adaptive,2026-07-04T12:26:25+01:00,6,1,63,105308,155,5.448839,295,275,275,0,0.0000,REHEAT,0,777,8938,171285,77456,198,2933,-6,0.0000,0.0000,0,0,0,0,0,0
n012w8-0,n012w8,0,5,500000,100.0,adaptive,2026-07-04T12:26:25+01:00,6,2,63,111258,179,0.000000,265,310,265,45,14.5161,LOCAL_BEST,0,777,0,184250,81563,199,5950,24,75.6303,1875.0000,0,0,0,0,0,0
n012w8-0,n012w8,0,5,500000,100.0,adaptive,2026-07-04T12:26:25+01:00,6,5,63,111729,214,0.000000,235,245,235,10,4.0816,GLOBAL_BEST,1,777,0,171611,98458,200,471,35,212.3142,285.7143,0,0,0,0,0,0
n012w8-0,n012w8,0,5,500000,100.0,adaptive,2026-07-04T12:26:25+01:00,6,8,63,120555,301,0.000000,270,280,270,10,3.5714,LOCAL_BEST,3,777,0,189244,114140,201,8826,87,11.3302,114.9425,0,0,0,0,0,0
n012w8-0,n012w8,0,5,500000,100.0,adaptive,2026-07-04T12:26:25+01:00,6,5,63,127107,246,0.000000,220,235,220,15,6.3830,LOCAL_BEST,1,777,0,193403,112486,202,6552,-55,22.8938,0.0000,0,0,0,0,0,0
n012w8-0,n012w8,0,5,500000,100.0,adaptive,2026-07-04T12:26:25+01:00,6,2,63,141310,227,0.000000,255,265,255,10,3.7736,LOCAL_BEST,0,777,0,231892,108898,203,14203,-19,7.0408,0.0000,0,0,0,0,0,0
n012w8-0,n012w8,0,5,500000,100.0,adaptive,2026-07-04T12:26:25+01:00,6,1,63,155308,255,25.118864,705,275,275,0,0.0000,REHEAT,0,777,16774,257979,104992,204,13998,28,0.0000,0.0000,0,0,0,0,0,0
n012w8-0,n012w8,0,5,500000,100.0,adaptive,2026-07-04T12:26:25+01:00,6,2,63,177701,302,0.000000,240,255,240,15,5.8824,LOCAL_BEST,0,777,0,289372,142680,205,22393,47,6.6985,319.1489,0,0,0,0,0,0
n012w8-0,n012w8,0,5,500000,100.0,adaptive,2026-07-04T12:26:25+01:00,6,2,63,180800,309,0.000000,225,240,225,15,6.2500,LOCAL_BEST,0,777,0,293835,145542,206,3099,7,48.4027,2142.8571,0,0,0,0,0,0
n012w8-0,n012w8,0,5,500000,100.0,adaptive,2026-07-04T12:26:25+01:00,6,3,63,185116,360,0.000000,1160,1210,1160,50,4.1322,LOCAL_BEST,0,777,69562,354324,7580,207,4316,51,115.8480,980.3922,0,0,0,0,0,0
n012w8-0,n012w8,0,5,500000,100.0,adaptive,2026-07-04T12:26:25+01:00,6,1,63,205308,358,25.118864,650,275,275,0,0.0000,REHEAT,0,777,24575,344142,132521,208,20192,-2,0.0000,0.0000,0,0,0,0,0,0
n012w8-0,n012w8,0,5,500000,100.0,adaptive,2026-07-04T12:26:25+01:00,6,5,63,240482,459,0.000000,205,220,205,15,6.8182,LOCAL_BEST,1,777,0,354648,218338,209,35174,101,4.2645,148.5149,0,0,0,0,0,0
n012w8-0,n012w8,0,5,500000,100.0,adaptive,2026-07-04T12:26:25+01:00,6,1,63,255308,476,25.118864,600,275,275,0,0.0000,REHEAT,0,777,32492,430768,159989,210,14826,17,0.0000,0.0000,0,0,0,0,0,0
n012w8-0,n012w8,0,5,500000,100.0,adaptive,2026-07-04T12:26:25+01:00,6,1,63,305308,574,25.118864,665,275,275,0,0.0000,REHEAT,0,777,40350,517580,187286,211,50000,98,0.0000,0.0000,0,0,0,0,0,0
n012w8-0,n012w8,0,5,500000,100.0,adaptive,2026-07-04T12:26:25+01:00,6,3,63,345339,728,0.000000,1110,1160,1110,50,4.3103,LOCAL_BEST,0,777,129756,659338,14110,212,40031,154,12.4903,324.6753,0,0,0,0,0,0
n012w8-0,n012w8,0,5,500000,100.0,adaptive,2026-07-04T12:26:25+01:00,6,1,63,355308,680,25.118864,525,275,275,0,0.0000,REHEAT,0,777,48170,603747,214890,213,9969,-48,0.0000,0.0000,0,0,0,0,0,0
n012w8-0,n012w8,0,5,500000,100.0,adaptive,2026-07-04T12:26:25+01:00,6,1,63,405308,786,25.118864,735,275,275,0,0.0000,REHEAT,0,777,56038,690753,242379,214,50000,106,0.0000,0.0000,0,0,0,0,0,0
n012w8-0,n012w8,0,5,500000,100.0,adaptive,2026-07-04T12:26:25+01:00,6,3,63,413141,873,0.000000,1105,1110,1105,5,0.4505,LOCAL_BEST,0,777,155226,789598,16909,215,7833,87,6.3833,57.4713,0,0,0,0,0,0
n012w8-0,n012w8,0,5,500000,100.0,adaptive,2026-07-04T12:26:25+01:00,6,1,63,455308,902,25.118864,740,275,275,0,0.0000,REHEAT,0,777,63953,776588,269999,216,42167,29,0.0000,0.0000,0,0,0,0,0,0
n012w8-0,n012w8,0,5,500000,100.0,adaptive,2026-07-04T12:26:25+01:00,7,2,83,1,1,0.000000,3365,3370,3365,5,0.1484,LOCAL_BEST,0,777,0,6,0,1,1,1,50000.0000,5000.0000,0,0,0,0,0,0
n012w8-0,n012w8,0,5,500000,100.0,adaptive,2026-07-04T12:26:25+01:00,7,1,83,3,1,99.994474,3310,3370,3310,60,1.7804,GLOBAL_BEST,0,777,0,12,1,2,2,0,300000.0000,0.0000,0,0,0,0,0,0
n012w8-0,n012w8,0,5,500000,100.0,adaptive,2026-07-04T12:26:25+01:00,7,1,83,7,1,99.983423,3280,3310,3280,30,0.9063,GLOBAL_BEST,0,777,1,15,1,3,4,0,75000.0000,0.0000,0,0,0,0,0,0
n012w8-0,n012w8,0,5,500000,100.0,adaptive,2026-07-04T12:26:25+01:00,7,2,83,7,1,0.000000,3335,3365,3335,30,0.8915,LOCAL_BEST,0,777,0,29,3,4,0,0,0.0000,0.0000,0,0,0,0,0,0
n012w8-0,n012w8,0,5,500000,100.0,adaptive,2026-07-04T12:26:25+01:00,7,2,83,8,1,0.000000,3275,3335,3275,60,1.7991,LOCAL_BEST,0,777,0,35,3,5,1,0,600000.0000,0.0000,0,0,0,0,0,0
n012w8-0,n012w8,0,5,500000,100.0,adaptive,2026-07-04T12:26:25+01:00,7,5,83,8,41,0.000000,620,665,620,45,6.7669,LOCAL_BEST,1,777,0,13,5,6,0,40,0.0000,1125.0000,0,0,0,0,0,0
n012w8-0,n012w8,0,5,500000,100.0,adaptive,2026-07-04T12:26:25+01:00,7,1,83,10,1,99.975135,3115,3280,3115,165,5.0305,GLOBAL_BEST,0,777,2,28,1,7,2,-40,825000.0000,0.0000,0,0,0,0,0,0
n012w8-0,n012w8,0,5,500000,100.0,adaptive,2026-07-04T12:26:25+01:00,7,1,83,11,1,99.972373,3055,3115,3055,60,1.9262,GLOBAL_BEST,0,777,2,30,1,8,1,0,600000.0000,0.0000,0,0,0,0,0,0
n012w8-0,n012w8,0,5,500000,100.0,adaptive,2026-07-04T12:26:25+01:00,7,3,83,11,1,0.000000,3325,3370,3325,45,1.3353,LOCAL_BEST,0,777,3,26,1,9,0,0,0.0000,0.0000,0,0,0,0,0,0
n012w8-0,n012w8,0,5,500000,100.0,adaptive,2026-07-04T12:26:25+01:00,7,2,83,11,1,0.000000,3190,3275,3190,85,2.5954,LOCAL_BEST,0,777,0,47,3,10,0,0,0.0000,0.0000,0,0,0,0,0,0
n012w8-0,n012w8,0,5,500000,100.0,adaptive,2026-07-04T12:26:25+01:00,7,1,83,12,1,99.969610,3025,3055,3025,30,0.9820,GLOBAL_BEST,0,777,2,30,1,11,1,0,300000.0000,0.0000,0,0,0,0,0,0
n012w8-0,n012w8,0,5,500000,100.0,adaptive,2026-07-04T12:26:25+01:00,7,2,83,12,1,0.000000,3010,3190,3010,180,5.6426,LOCAL_BEST,0,777,0,47,3,12,0,0,0.0000,0.0000,0,0,0,0,0,0
n012w8-0,n012w8,0,5,500000,100.0,adaptive,2026-07-04T12:26:25+01:00,7,5,83,13,41,0.000000,615,620,615,5,0.8065,LOCAL_BEST,1,777,0,27,9,13,1,40,50000.0000,125.0000,0,0,0,0,0,0
n012w8-0,n012w8,0,5,500000,100.0,adaptive,2026-07-04T12:26:25+01:00,7,1,83,14,1,99.964086,2875,3025,2875,150,4.9587,GLOBAL_BEST,0,777,2,31,1,14,1,-40,1500000.0000,0.0000,0,0,0,0,0,0
n012w8-0,n012w8,0,5,500000,100.0,adaptive,2026-07-04T12:26:25+01:00,7,1,83,16,1,99.958562,2845,2875,2845,30,1.0435,GLOBAL_BEST,0,777,2,33,2,15,2,0,150000.0000,0.0000,0,0,0,0,0,0
n012w8-0,n012w8,0,5,500000,100.0,adaptive,2026-07-04T12:26:25+01:00,7,3,83,16,1,0.000000,3140,3325,3140,185,5.5639,LOCAL_BEST,0,777,5,42,1,16,0,0,0.0000,0.0000,0,0,0,0,0,0
n012w8-0,n012w8,0,5,500000,100.0,adaptive,2026-07-04T12:26:25+01:00,7,1,83,17,1,99.955800,2785,2845,2785,60,2.1090,GLOBAL_BEST,0,777,2,34,2,17,1,0,600000.0000,0.0000,0,0,0,0,0,0
n012w8-0,n012w8,0,5,500000,100.0,adaptive,2026-07-04T12:26:25+01:00,7,3,83,17,1,0.000000,3110,3140,3110,30,0.9554,LOCAL_BEST,0,777,5,42,1,18,0,0,0.0000,0.0000,0,0,0,0,0,0
n012w8-0,n012w8,0,5,500000,100.0,adaptive,2026-07-04T12:26:25+01:00,7,5,83,17,41,0.000000,585,615,585,30,4.8780,LOCAL_BEST,1,777,0,37,11,19,0,40,0.0000,750.0000,0,0,0,0,0,0
n012w8-0,n012w8,0,5,500000,100.0,adaptive,2026-07-04T12:26:25+01:00,7,1,83,18,1,99.953038,2725,2785,2725,60,2.1544,GLOBAL_BEST,0,777,2,39,2,20,1,-40,600000.0000,0.0000,0,0,0,0,0,0
n012w8-0,n012w8,0,5,500000,100.0,adaptive,2026-07-04T12:26:25+01:00,7,1,83,20,1,99.947515,2560,2725,2560,165,6.0550,GLOBAL_BEST,0,777,2,39,2,21,2,0,825000.0000,0.0000,0,0,0,0,0,0
n012w8-0,n012w8,0,5,500000,100.0,adaptive,2026-07-04T12:26:25+01:00,7,1,83,21,1,99.944753,2530,2560,2530,30,1.1719,GLOBAL_BEST,0,777,2,39,2,22,1,0,300000.0000,0.0000,0,0,0,0,0,0
n012w8-0,n012w8,0,5,500000,100.0,adaptive,2026-07-04T12:26:25+01:00,7,1,83,22,1,99.941992,2355,2530,2355,175,6.9170,GLOBAL_BEST,0,777,2,39,2,23,1,0,1750000.0000,0.0000,0,0,0,0,0,0
n012w8-0,n012w8,0,5,500000,100.0,adaptive,2026-07-04T12:26:25+01:00,7,3,83,23,1,0.000000,3095,3110,3095,15,0.4823,LOCAL_BEST,0,777,6,58,1,24,1,0,150000.0000,0.0000,0,0,0,0,0,0
n012w8-0,n012w8,0,5,500000,100.0,adaptive,2026-07-04T12:26:25+01:00,7,1,83,26,1,99.930946,2295,2355,2295,60,2.5478,GLOBAL_BEST,0,777,2,44,4,25,3,0,200000.0000,0.0000,0,0,0,0,0,0
n012w8-0,n012w8,0,5,500000,100.0,adaptive,2026-07-04T12:26:25+01:00,7,3,83,27,1,0.000000,3085,3095,3085,10,0.3231,LOCAL_BEST,0,777,7,61,1,26,1,0,100000.0000,0.0000,0,0,0,0,0,0
n012w8-0,n012w8,0,5,500000,100.0,adaptive,2026-07-04T12:26:25+01:00,7,5,83,28,41,0.000000,575,585,575,10,1.7094,LOCAL_BEST,1,777,0,65,19,27,1,40,100000.0000,250.0000,0,0,0,0,0,0
n012w8-0,n012w8,0,5,500000,100.0,adaptive,2026-07-04T12:26:25+01:00,7,3,83,35,1,0.000000,3065,3085,3065,20,0.6483,LOCAL_BEST,0,777,9,81,1,28,7,-40,28571.4286,0.0000,0,0,0,0,0,0
n012w8-0,n012w8,0,5,500000,100.0,adaptive,2026-07-04T12:26:25+01:00,7,1,83,36,1,99.903338,2145,2295,2145,150,6.5359,GLOBAL_BEST,0,777,6,63,7,29,1,0,1500000.0000,0.0000,0,0,0,0,0,0
n012w8-0,n012w8,0,5,500000,100.0,adaptive,2026-07-04T12:26:25+01:00,7,1,83,37,1,99.900578,2115,2145,2115,30,1.3986,GLOBAL_BEST,0,777,6,64,7,30,1,0,300000.0000,0.0000,0,0,0,0,0,0
n012w8-0,n012w8,0,5,500000,100.0,adaptive,2026-07-04T12:26:25+01:00,7,1,83,38,1,99.897817,1945,2115,1945,170,8.0378,GLOBAL_BEST,0,777,6,65,7,31,1,0,1700000.0000,0.0000,0,0,0,0,0,0
n012w8-0,n012w8,0,5,500000,100.0,adaptive,2026-07-04T12:26:25+01:00,7,3,83,39,1,0.000000,3035,3065,3035,30,0.9788,LOCAL_BEST,0,777,11,84,1,32,1,0,300000.0000,0.0000,0,0,0,0,0,0
n012w8-0,n012w8,0,5,500000,100.0,adaptive,2026-07-04T12:26:25+01:00,7,1,83,40,1,99.892297,1825,1945,1825,120,6.1697,GLOBAL_BEST,0,777,6,69,8,33,1,0,1200000.0000,0.0000,0,0,0,0,0,0
n012w8-0,n012w8,0,5,500000,100.0,adaptive,2026-07-04T12:26:25+01:00,7,1,83,41,1,99.889537,1735,1825,1735,90,4.9315,GLOBAL_BEST,0,777,6,69,8,34,1,0,900000.0000,0.0000,0,0,0,0,0,0
n012w8-0,n012w8,0,5,500000,100.0,adaptive,2026-07-04T12:26:25+01:00,7,1,83,42,1,99.886777,1645,1735,1645,90,5.1873,GLOBAL_BEST,0,777,6,75,8,35,1,0,900000.0000,0.0000,0,0,0,0,0,0
n012w8-0,n012w8,0,5,500000,100.0,adaptive,2026-07-04T12:26:25+01:00,7,2,83,43,1,0.000000,2830,3010,2830,180,5.9801,LOCAL_BEST,0,777,0,102,3,36,1,0,1800000.0000,0.0000,0,0,0,0,0,0
n012w8-0,n012w8,0,5,500000,100.0,adaptive,2026-07-04T12:26:25+01:00,7,2,83,44,1,0.000000,2630,2830,2630,200,7.0671,LOCAL_BEST,0,777,0,103,3,37,1,0,2000000.0000,0.0000,0,0,0,0,0,0
n012w8-0,n012w8,0,5,500000,100.0,adaptive,2026-07-04T12:26:25+01:00,7,2,83,45,1,0.000000,2600,2630,2600,30,1.1407,LOCAL_BEST,0,777,0,103,3,38,1,0,300000.0000,0.0000,0,0,0,0,0,0
n012w8-0,n012w8,0,5,500000,100.0,adaptive,2026-07-04T12:26:25+01:00,7,3,83,48,1,0.000000,2920,3035,2920,115,3.7891,LOCAL_BEST,0,777,14,97,3,39,3,0,383333.3333,0.0000,0,0,0,0,0,0
n012w8-0,n012w8,0,5,500000,100.0,adaptive,2026-07-04T12:26:25+01:00,7,2,83,48,1,0.000000,2525,2600,2525,75,2.8846,LOCAL_BEST,0,777,0,108,3,40,0,0,0.0000,0.0000,0,0,0,0,0,0
n012w8-0,n012w8,0,5,500000,100.0,adaptive,2026-07-04T12:26:25+01:00,7,3,83,49,1,0.000000,2850,2920,2850,70,2.3973,LOCAL_BEST,0,777,14,98,3,41,1,0,700000.0000,0.0000,0,0,0,0,0,0
n012w8-0,n012w8,0,5,500000,100.0,adaptive,2026-07-04T12:26:25+01:00,7,2,83,49,1,0.000000,2375,2525,2375,150,5.9406,LOCAL_BEST,0,777,0,110,3,42,0,0,0.0000,0.0000,0,0,0,0,0,0
n012w8-0,n012w8,0,5,500000,100.0,adaptive,2026-07-04T12:26:25+01:00,7,2,83,53,1,0.000000,2360,2375,2360,15,0.6316,LOCAL_BEST,0,777,0,117,3,43,4,0,37500.0000,0.0000,0,0,0,0,0,0
n012w8-0,n012w8,0,5,500000,100.0,adaptive,2026-07-04T12:26:25+01:00,7,3,83,57,1,0.000000,2775,2850,2775,75,2.6316,LOCAL_BEST,0,777,17,119,3,44,4,0,187500.0000,0.0000,0,0,0,0,0,0
n012w8-0,n012w8,0,5,500000,100.0,adaptive,2026-07-04T12:26:25+01:00,7,3,83,58,1,0.000000,2745,2775,2745,30,1.0811,LOCAL_BEST,0,777,17,123,3,45,1,0,300000.0000,0.0000,0,0,0,0,0,0
n012w8-0,n012w8,0,5,500000,100.0,adaptive,2026-07-04T12:26:25+01:00,7,2,83,58,1,0.000000,2150,2360,2150,210,8.8983,LOCAL_BEST,0,777,0,130,3,46,0,0,0.0000,0.0000,0,0,0,0,0,0
n012w8-0,n012w8,0,5,500000,100.0,adaptive,2026-07-04T12:26:25+01:00,7,2,83,59,1,0.000000,1895,2150,1895,255,11.8605,LOCAL_BEST,0,777,0,133,3,47,1,0,2550000.0000,0.0000,0,0,0,0,0,0
n012w8-0,n012w8,0,5,500000,100.0,adaptive,2026-07-04T12:26:25+01:00,7,3,83,60,1,0.000000,2550,2745,2550,195,7.1038,LOCAL_BEST,0,777,17,130,3,48,1,0,1950000.0000,0.0000,0,0,0,0,0,0
n012w8-0,n012w8,0,5,500000,100.0,adaptive,2026-07-04T12:26:25+01:00,7,3,83,64,1,0.000000,2520,2550,2520,30,1.1765,LOCAL_BEST,0,777,17,132,4,49,4,0,75000.0000,0.0000,0,0,0,0,0,0
n012w8-0,n012w8,0,5,500000,100.0,adaptive,2026-07-04T12:26:25+01:00,7,11,83,66,112,0.000000,235,265,235,30,11.3208,LOCAL_BEST,4,777,0,108,60,50,2,111,150000.0000,270.2703,0,0,0,0,0,0
n012w8-0,n012w8,0,5,500000,100.0,adaptive,2026-07-04T12:26:25+01:00,7,3,83,68,1,0.000000,2505,2520,2505,15,0.5952,LOCAL_BEST,0,777,18,143,5,51,2,-111,75000.0000,0.0000,0,0,0,0,0,0
n012w8-0,n012w8,0,5,500000,100.0,adaptive,2026-07-04T12:26:25+01:00,7,3,83,69,1,0.000000,2490,2505,2490,15,0.5988,LOCAL_BEST,0,777,18,146,5,52,1,0,150000.0000,0.0000,0,0,0,0,0,0
n012w8-0,n012w8,0,5,500000,100.0,adaptive,2026-07-04T12:26:25+01:00,7,3,83,70,1,0.000000,2280,2490,2280,210,8.4337,LOCAL_BEST,0,777,18,149,5,53,1,0,2100000.0000,0.0000,0,0,0,0,0,0
n012w8-0,n012w8,0,5,500000,100.0,adaptive,2026-07-04T12:26:25+01:00,7,1,83,83,1,99.773682,1630,1645,1630,15,0.9119,GLOBAL_BEST,0,777,16,168,21,54,13,0,11538.4615,0.0000,0,0,0,0,0,0
n012w8-0,n012w8,0,5,500000,100.0,adaptive,2026-07-04T12:26:25+01:00,7,1,83,85,1,99.768169,1540,1630,1540,90,5.5215,GLOBAL_BEST,0,777,16,169,21,55,2,0,450000.0000,0.0000,0,0,0,0,0,0
n012w8-0,n012w8,0,5,500000,100.0,adaptive,2026-07-04T12:26:25+01:00,7,3,83,96,1,0.000000,1990,2280,1990,290,12.7193,LOCAL_BEST,0,777,27,188,6,56,11,0,263636.3636,0.0000,0,0,0,0,0,0
n012w8-0,n012w8,0,5,500000,100.0,adaptive,2026-07-04T12:26:25+01:00,7,1,83,97,1,99.735094,1530,1540,1530,10,0.6494,GLOBAL_BEST,0,777,19,184,26,57,1,0,100000.0000,0.0000,0,0,0,0,0,0
n012w8-0,n012w8,0,5,500000,100.0,adaptive,2026-07-04T12:26:25+01:00,7,3,83,98,1,0.000000,1780,1990,1780,210,10.5528,LOCAL_BEST,0,777,27,191,6,58,1,0,2100000.0000,0.0000,0,0,0,0,0,0
n012w8-0,n012w8,0,5,500000,100.0,adaptive,2026-07-04T12:26:25+01:00,7,3,83,100,1,0.000000,1765,1780,1765,15,0.8427,LOCAL_BEST,0,777,28,194,6,59,2,0,75000.0000,0.0000,0,0,0,0,0,0
n012w8-0,n012w8,0,5,500000,100.0,adaptive,2026-07-04T12:26:25+01:00,7,1,83,100,1,99.726827,1515,1530,1515,15,0.9804,GLOBAL_BEST,0,777,19,185,28,60,0,0,0.0000,0.0000,0,0,0,0,0,0
n012w8-0,n012w8,0,5,500000,100.0,adaptive,2026-07-04T12:26:25+01:00,7,3,83,101,1,0.000000,1705,1765,1705,60,3.3994,LOCAL_BEST,0,777,28,195,6,61,1,0,600000.0000,0.0000,0,0,0,0,0,0
n012w8-0,n012w8,0,5,500000,100.0,adaptive,2026-07-04T12:26:25+01:00,7,3,83,103,1,0.000000,1675,1705,1675,30,1.7595,LOCAL_BEST,0,777,29,196,6,62,2,0,150000.0000,0.0000,0,0,0,0,0,0
n012w8-0,n012w8,0,5,500000,100.0,adaptive,2026-07-04T12:26:25+01:00,7,3,83,104,1,0.000000,1615,1675,1615,60,3.5821,LOCAL_BEST,0,777,29,200,6,63,1,0,600000.0000,0.0000,0,0,0,0,0,0
n012w8-0,n012w8,0,5,500000,100.0,adaptive,2026-07-04T12:26:25+01:00,7,1,83,112,1,99.693766,1505,1515,1505,10,0.6601,GLOBAL_BEST,0,777,21,201,30,64,8,0,12500.0000,0.0000,0,0,0,0,0,0
n012w8-0,n012w8,0,5,500000,100.0,adaptive,2026-07-04T12:26:25+01:00,7,1,83,114,1,99.688256,1405,1505,1405,100,6.6445,GLOBAL_BEST,0,777,21,204,31,65,2,0,500000.0000,0.0000,0,0,0,0,0,0
n012w8-0,n012w8,0,5,500000,100.0,adaptive,2026-07-04T12:26:25+01:00,7,1,83,116,1,99.682748,1375,1405,1375,30,2.1352,GLOBAL_BEST,0,777,21,206,32,66,2,0,150000.0000,0.0000,0,0,0,0,0,0
n012w8-0,n012w8,0,5,500000,100.0,adaptive,2026-07-04T12:26:25+01:00,7,1,83,118,1,99.677239,1360,1375,1360,15,1.0909,GLOBAL_BEST,0,777,21,210,33,67,2,0,75000.0000,0.0000,0,0,0,0,0,0
n012w8-0,n012w8,0,5,500000,100.0,adaptive,2026-07-04T12:26:25+01:00,7,2,83,134,1,0.000000,1870,1895,1870,25,1.3193,LOCAL_BEST,0,777,0,334,3,68,16,0,15625.0000,0.0000,0,0,0,0,0,0
n012w8-0,n012w8,0,5,500000,100.0,adaptive,2026-07-04T12:26:25+01:00,7,1,83,134,1,99.633182,1355,1360,1355,5,0.3676,GLOBAL_BEST,0,777,24,244,40,69,0,0,0.0000,0.0000,0,0,0,0,0,0
n012w8-0,n012w8,0,5,500000,100.0,adaptive,2026-07-04T12:26:25+01:00,7,2,83,135,1,0.000000,1840,1870,1840,30,1.6043,LOCAL_BEST,0,777,0,337,3,70,1,0,300000.0000,0.0000,0,0,0,0,0,0
n012w8-0,n012w8,0,5,500000,100.0,adaptive,2026-07-04T12:26:25+01:00,7,2,83,136,1,0.000000,1705,1840,1705,135,7.3370,LOCAL_BEST,0,777,0,337,3,71,1,0,1350000.0000,0.0000,0,0,0,0,0,0
n012w8-0,n012w8,0,5,500000,100.0,adaptive,2026-07-04T12:26:25+01:00,7,11,83,136,112,0.000000,220,235,220,15,6.3830,GLOBAL_BEST,4,777,0,223,122,72,0,111,0.0000,135.1351,0,0,0,0,0,0
n012w8-0,n012w8,0,5,500000,100.0,adaptive,2026-07-04T12:26:25+01:00,7,2,83,137,1,0.000000,1615,1705,1615,90,5.2786,LOCAL_BEST,0,777,0,338,3,73,1,-111,900000.0000,0.0000,0,0,0,0,0,0
n012w8-0,n012w8,0,5,500000,100.0,adaptive,2026-07-04T12:26:25+01:00,7,1,83,143,1,99.608408,1340,1355,1340,15,1.1070,GLOBAL_BEST,0,777,27,259,43,74,6,0,25000.0000,0.0000,0,0,0,0,0,0
n012w8-0,n012w8,0,5,500000,100.0,adaptive,2026-07-04T12:26:25+01:00,7,1,83,146,1,99.600152,1310,1340,1310,30,2.2388,GLOBAL_BEST,0,777,28,262,44,75,3,0,100000.0000,0.0000,0,0,0,0,0,0
n012w8-0,n012w8,0,5,500000,100.0,adaptive,2026-07-04T12:26:25+01:00,7,1,83,147,1,99.597400,1305,1310,1305,5,0.3817,GLOBAL_BEST,0,777,28,264,44,76,1,0,50000.0000,0.0000,0,0,0,0,0,0
n012w8-0,n012w8,0,5,500000,100.0,adaptive,2026-07-04T12:26:25+01:00,7,8,83,173,78,0.000000,325,340,325,15,4.4118,GLOBAL_BEST,3,777,0,238,162,77,26,77,5769.2308,194.8052,0,0,0,0,0,0
n012w8-0,n012w8,0,5,500000,100.0,adaptive,2026-07-04T12:26:25+01:00,7,2,83,182,1,0.000000,1570,1615,1570,45,2.7864,LOCAL_BEST,0,777,0,460,3,78,9,-77,50000.0000,0.0000,0,0,0,0,0,0
n012w8-0,n012w8,0,5,500000,100.0,adaptive,2026-07-04T12:26:25+01:00,7,8,83,289,78,0.000000,310,325,310,15,4.6154,GLOBAL_BEST,3,777,0,425,263,79,107,77,1401.8692,194.8052,0,0,0,0,0,0
n012w8-0,n012w8,0,5,500000,100.0,adaptive,2026-07-04T12:26:25+01:00,7,5,83,338,41,0.000000,570,575,570,5,0.8696,LOCAL_BEST,1,777,0,547,254,80,49,-37,1020.4082,0.0000,0,0,0,0,0,0
n012w8-0,n012w8,0,5,500000,100.0,adaptive,2026-07-04T12:26:25+01:00,7,1,83,375,1,98.971921,1225,1305,1225,80,6.1303,GLOBAL_BEST,0,777,78,720,134,81,37,-40,21621.6216,0.0000,0,0,0,0,0,0
n012w8-0,n012w8,0,5,500000,100.0,adaptive,2026-07-04T12:26:25+01:00,7,1,83,376,1,98.969186,1215,1225,1215,10,0.8163,GLOBAL_BEST,0,777,78,725,134,82,1,0,100000.0000,0.0000,0,0,0,0,0,0
n012w8-0,n012w8,0,5,500000,100.0,adaptive,2026-07-04T12:26:25+01:00,7,1,83,379,1,98.960983,1180,1215,1180,35,2.8807,GLOBAL_BEST,0,777,79,733,135,83,3,0,116666.6667,0.0000,0,0,0,0,0,0
n012w8-0,n012w8,0,5,500000,100.0,adaptive,2026-07-04T12:26:25+01:00,7,1,83,394,1,98.919975,1150,1180,1150,30,2.5424,GLOBAL_BEST,0,777,84,769,139,84,15,0,20000.0000,0.0000,0,0,0,0,0,0
n012w8-0,n012w8,0,5,500000,100.0,adaptive,2026-07-04T12:26:25+01:00,7,2,83,645,2,0.000000,1415,1570,1415,155,9.8726,LOCAL_BEST,0,777,0,1371,3,85,251,1,6175.2988,155000.0000,0,0,0,0,0,0
n012w8-0,n012w8,0,5,500000,100.0,adaptive,2026-07-04T12:26:25+01:00,7,5,83,688,41,0.000000,545,570,545,25,4.3860,LOCAL_BEST,1,777,0,1154,532,86,43,39,5813.9535,641.0256,0,0,0,0,0,0
n012w8-0,n012w8,0,5,500000,100.0,adaptive,2026-07-04T12:26:25+01:00,7,2,83,840,2,0.000000,1360,1415,1360,55,3.8869,LOCAL_BEST,0,777,0,1750,3,87,152,-39,3618.4211,0.0000,0,0,0,0,0,0
n012w8-0,n012w8,0,5,500000,100.0,adaptive,2026-07-04T12:26:25+01:00,7,1,83,1076,2,97.073346,1055,1150,1055,95,8.2609,GLOBAL_BEST,0,777,248,2044,369,88,236,0,4025.4237,0.0000,0,0,0,0,0,0
n012w8-0,n012w8,0,5,500000,100.0,adaptive,2026-07-04T12:26:25+01:00,7,3,83,1085,2,0.000000,1575,1615,1575,40,2.4768,LOCAL_BEST,0,777,420,2278,48,89,9,0,44444.4444,0.0000,0,0,0,0,0,0
n012w8-0,n012w8,0,5,500000,100.0,adaptive,2026-07-04T12:26:25+01:00,7,3,83,1086,2,0.000000,1545,1575,1545,30,1.9048,LOCAL_BEST,0,777,420,2278,48,90,1,0,300000.0000,0.0000,0,0,0,0,0,0
n012w8-0,n012w8,0,5,500000,100.0,adaptive,2026-07-04T12:26:25+01:00,7,3,83,1087,2,0.000000,1485,1545,1485,60,3.8835,LOCAL_BEST,0,777,420,2279,48,91,1,0,600000.0000,0.0000,0,0,0,0,0,0
n012w8-0,n012w8,0,5,500000,100.0,adaptive,2026-07-04T12:26:25+01:00,7,3,83,1097,2,0.000000,1435,1485,1435,50,3.3670,LOCAL_BEST,0,777,425,2299,48,92,10,0,50000.0000,0.0000,0,0,0,0,0,0
n012w8-0,n012w8,0,5,500000,100.0,adaptive,2026-07-04T12:26:25+01:00,7,1,83,1120,2,96.955399,1040,1055,1040,15,1.4218,GLOBAL_BEST,0,777,261,2144,380,93,23,0,6521.7391,0.0000,0,0,0,0,0,0
n012w8-0,n012w8,0,5,500000,100.0,adaptive,2026-07-04T12:26:25+01:00,7,1,83,1171,3,96.818868,1020,1040,1020,20,1.9231,GLOBAL_BEST,0,777,272,2225,406,94,51,1,3921.5686,20000.0000,0,0,0,0,0,0
n012w8-0,n012w8,0,5,500000,100.0,adaptive,2026-07-04T12:26:25+01:00,7,1,83,1195,3,96.754684,975,1020,975,45,4.4118,GLOBAL_BEST,0,777,276,2252,418,95,24,0,18750.0000,0.0000,0,0,0,0,0,0
n012w8-0,n012w8,0,5,500000,100.0,adaptive,2026-07-04T12:26:25+01:00,7,1,83,1196,3,96.752011,935,975,935,40,4.1026,GLOBAL_BEST,0,777,276,2259,418,96,1,0,400000.0000,0.0000,0,0,0,0,0,0
n012w8-0,n012w8,0,5,500000,100.0,adaptive,2026-07-04T12:26:25+01:00,7,2,83,1225,3,0.000000,1335,1360,1335,25,1.8382,LOCAL_BEST,0,777,0,2569,42,97,29,0,8620.6897,0.0000,0,0,0,0,0,0
n012w8-0,n012w8,0,5,500000,100.0,adaptive,2026-07-04T12:26:25+01:00,7,2,83,1226,3,0.000000,1305,1335,1305,30,2.2472,LOCAL_BEST,0,777,0,2574,42,98,1,0,300000.0000,0.0000,0,0,0,0,0,0
n012w8-0,n012w8,0,5,500000,100.0,adaptive,2026-07-04T12:26:25+01:00,7,5,83,1552,42,0.000000,535,545,535,10,1.8349,LOCAL_BEST,1,777,0,2679,1265,99,326,39,306.7485,256.4103,0,0,0,0,0,0
n012w8-0,n012w8,0,5,500000,100.0,adaptive,2026-07-04T12:26:25+01:00,7,5,83,1563,42,0.000000,520,535,520,15,2.8037,GLOBAL_BEST,1,777,0,2690,1271,100,11,0,13636.3636,0.0000,0,0,0,0,0,0
n012w8-0,n012w8,0,5,500000,100.0,adaptive,2026-07-04T12:26:25+01:00,7,5,83,2490,43,0.000000,510,520,510,10,1.9231,GLOBAL_BEST,1,777,0,4265,1942,101,927,1,107.8749,10000.0000,0,0,0,0,0,0
n012w8-0,n012w8,0,5,500000,100.0,adaptive,2026-07-04T12:26:25+01:00,7,8,83,2772,84,0.000000,305,310,305,5,1.6129,GLOBAL_BEST,3,777,0,4395,2523,102,282,41,177.3050,121.9512,0,0,0,0,0,0
n012w8-0,n012w8,0,5,500000,100.0,adaptive,2026-07-04T12:26:25+01:00,7,5,83,2904,44,0.000000,500,510,500,10,1.9608,GLOBAL_BEST,1,777,0,5032,2242,103,132,-40,757.5758,0.0000,0,0,0,0,0,0
n012w8-0,n012w8,0,5,500000,100.0,adaptive,2026-07-04T12:26:25+01:00,7,3,83,3099,5,0.000000,1265,1435,1265,170,11.8467,LOCAL_BEST,0,777,1200,6283,146,104,195,-39,8717.9487,0.0000,0,0,0,0,0,0
n012w8-0,n012w8,0,5,500000,100.0,adaptive,2026-07-04T12:26:25+01:00,7,2,83,3380,6,0.000000,1245,1305,1245,60,4.5977,LOCAL_BEST,0,777,0,7105,521,105,281,1,2135.2313,60000.0000,0,0,0,0,0,0
n012w8-0,n012w8,0,5,500000,100.0,adaptive,2026-07-04T12:26:25+01:00,7,2,83,3383,6,0.000000,1140,1245,1140,105,8.4337,LOCAL_BEST,0,777,0,7117,521,106,3,0,350000.0000,0.0000,0,0,0,0,0,0
n012w8-0,n012w8,0,5,500000,100.0,adaptive,2026-07-04T12:26:25+01:00,7,2,83,4561,7,0.000000,1130,1140,1130,10,0.8772,LOCAL_BEST,0,777,0,9277,836,107,1178,1,84.8896,10000.0000,0,0,0,0,0,0
n012w8-0,n012w8,0,5,500000,100.0,adaptive,2026-07-04T12:26:25+01:00,7,2,83,4562,7,0.000000,1120,1130,1120,10,0.8850,LOCAL_BEST,0,777,0,9278,836,108,1,0,100000.0000,0.0000,0,0,0,0,0,0
n012w8-0,n012w8,0,5,500000,100.0,adaptive,2026-07-04T12:26:25+01:00,7,5,83,4632,46,0.000000,485,500,485,15,3.0000,GLOBAL_BEST,1,777,0,8044,3568,109,70,39,2142.8571,384.6154,0,0,0,0,0,0
n012w8-0,n012w8,0,5,500000,100.0,adaptive,2026-07-04T12:26:25+01:00,7,1,83,4664,8,87.911158,865,935,865,70,7.4866,GLOBAL_BEST,0,777,1174,8838,1552,110,32,-38,21875.0000,0.0000,0,0,0,0,0,0
n012w8-0,n012w8,0,5,500000,100.0,adaptive,2026-07-04T12:26:25+01:00,7,1,83,4707,8,87.806770,835,865,835,30,3.4682,GLOBAL_BEST,0,777,1183,8900,1574,111,43,0,6976.7442,0.0000,0,0,0,0,0,0
n012w8-0,n012w8,0,5,500000,100.0,adaptive,2026-07-04T12:26:25+01:00,7,2,83,5570,9,0.000000,1075,1120,1075,45,4.0179,LOCAL_BEST,0,777,0,11198,1189,112,863,1,521.4368,45000.0000,0,0,0,0,0,0
n012w8-0,n012w8,0,5,500000,100.0,adaptive,2026-07-04T12:26:25+01:00,7,5,83,5575,47,0.000000,470,485,470,15,3.0928,GLOBAL_BEST,1,777,0,9865,4342,113,5,38,30000.0000,394.7368,0,0,0,0,0,0
n012w8-0,n012w8,0,5,500000,100.0,adaptive,2026-07-04T12:26:25+01:00,7,5,83,5658,47,0.000000,455,470,455,15,3.1915,GLOBAL_BEST,1,777,0,10005,4405,114,83,0,1807.2289,0.0000,0,0,0,0,0,0
n012w8-0,n012w8,0,5,500000,100.0,adaptive,2026-07-04T12:26:25+01:00,7,8,83,7187,91,0.000000,290,305,290,15,4.9180,GLOBAL_BEST,3,777,0,11329,6567,115,1529,44,98.1033,340.9091,0,0,0,0,0,0
n012w8-0,n012w8,0,5,500000,100.0,adaptive,2026-07-04T12:26:25+01:00,7,5,83,8516,52,0.000000,445,455,445,10,2.1978,GLOBAL_BEST,1,777,0,15405,6736,116,1329,-39,75.2445,0.0000,0,0,0,0,0,0
n012w8-0,n012w8,0,5,500000,100.0,adaptive,2026-07-04T12:26:25+01:00,7,2,83,9565,15,0.000000,1025,1075,1025,50,4.6512,LOCAL_BEST,0,777,0,19105,2749,117,1049,-37,476.6444,0.0000,0,0,0,0,0,0
n012w8-0,n012w8,0,5,500000,100.0,adaptive,2026-07-04T12:26:25+01:00,7,2,83,10208,16,0.000000,1015,1025,1015,10,0.9756,LOCAL_BEST,0,777,0,20443,3006,118,643,1,155.5210,10000.0000,0,0,0,0,0,0
n012w8-0,n012w8,0,5,500000,100.0,adaptive,2026-07-04T12:26:25+01:00,7,2,83,10581,17,0.000000,965,1015,965,50,4.9261,LOCAL_BEST,0,777,0,21161,3181,119,373,1,1340.4826,50000.0000,0,0,0,0,0,0
n012w8-0,n012w8,0,5,500000,100.0,adaptive,2026-07-04T12:26:25+01:00,7,2,83,10582,17,0.000000,935,965,935,30,3.1088,LOCAL_BEST,0,777,0,21163,3181,120,1,0,300000.0000,0.0000,0,0,0,0,0,0
n012w8-0,n012w8,0,5,500000,100.0,adaptive,2026-07-04T12:26:25+01:00,7,2,83,10586,17,0.000000,890,935,890,45,4.8128,LOCAL_BEST,0,777,0,21171,3181,121,4,0,112500.0000,0.0000,0,0,0,0,0,0
n012w8-0,n012w8,0,5,500000,100.0,adaptive,2026-07-04T12:26:25+01:00,7,1,83,11489,18,72.802116,820,835,820,15,1.7964,GLOBAL_BEST,0,777,2741,22172,4174,122,903,1,166.1130,15000.0000,0,0,0,0,0,0
n012w8-0,n012w8,0,5,500000,100.0,adaptive,2026-07-04T12:26:25+01:00,7,1,83,12521,19,70.755467,815,820,815,5,0.6098,GLOBAL_BEST,0,777,2958,24071,4625,123,1032,1,48.4496,5000.0000,0,0,0,0,0,0
n012w8-0,n012w8,0,5,500000,100.0,adaptive,2026-07-04T12:26:25+01:00,7,1,83,12525,19,70.747647,785,815,785,30,3.6810,GLOBAL_BEST,0,777,2959,24091,4626,124,4,0,75000.0000,0.0000,0,0,0,0,0,0
n012w8-0,n012w8,0,5,500000,100.0,adaptive,2026-07-04T12:26:25+01:00,7,5,83,13354,58,0.000000,395,445,395,50,11.2360,GLOBAL_BEST,1,777,0,23570,10634,125,829,39,603.1363,1282.0513,0,0,0,0,0,0
n012w8-0,n012w8,0,5,500000,100.0,adaptive,2026-07-04T12:26:25+01:00,7,3,83,15412,25,0.000000,1245,1265,1245,20,1.5810,LOCAL_BEST,0,777,5902,31674,708,126,2058,-33,97.1817,0.0000,0,0,0,0,0,0
n012w8-0,n012w8,0,5,500000,100.0,adaptive,2026-07-04T12:26:25+01:00,7,5,83,15709,62,0.000000,370,395,370,25,6.3291,GLOBAL_BEST,1,777,0,27612,12503,127,297,37,841.7508,675.6757,0,0,0,0,0,0
n012w8-0,n012w8,0,5,500000,100.0,adaptive,2026-07-04T12:26:25+01:00,7,2,83,15833,24,0.000000,875,890,875,15,1.6854,LOCAL_BEST,0,777,0,31213,5889,128,124,-38,1209.6774,0.0000,0,0,0,0,0,0
n012w8-0,n012w8,0,5,500000,100.0,adaptive,2026-07-04T12:26:25+01:00,7,2,83,15834,24,0.000000,845,875,845,30,3.4286,LOCAL_BEST,0,777,0,31214,5889,129,1,0,300000.0000,0.0000,0,0,0,0,0,0
n012w8-0,n012w8,0,5,500000,100.0,adaptive,2026-07-04T12:26:25+01:00,7,5,83,16717,63,0.000000,350,370,350,20,5.4054,GLOBAL_BEST,1,777,0,29164,13321,130,883,39,226.5006,512.8205,0,0,0,0,0,0
n012w8-0,n012w8,0,5,500000,100.0,adaptive,2026-07-04T12:26:25+01:00,7,2,83,17833,27,0.000000,815,845,815,30,3.5503,LOCAL_BEST,0,777,0,35280,7017,131,1116,-36,268.8172,0.0000,0,0,0,0,0,0
n012w8-0,n012w8,0,5,500000,100.0,adaptive,2026-07-04T12:26:25+01:00,7,2,83,17840,27,0.000000,800,815,800,15,1.8405,LOCAL_BEST,0,777,0,35293,7017,132,7,0,21428.5714,0.0000,0,0,0,0,0,0
n012w8-0,n012w8,0,5,500000,100.0,adaptive,2026-07-04T12:26:25+01:00,7,2,83,20606,32,0.000000,795,800,795,5,0.6250,LOCAL_BEST,0,777,0,40729,8545,133,2766,5,18.0766,1000.0000,0,0,0,0,0,0
n012w8-0,n012w8,0,5,500000,100.0,adaptive,2026-07-04T12:26:25+01:00,7,2,83,22405,34,0.000000,785,795,785,10,1.2579,LOCAL_BEST,0,777,0,44046,9607,134,1799,2,55.5864,5000.0000,0,0,0,0,0,0
n012w8-0,n012w8,0,5,500000,100.0,adaptive,2026-07-04T12:26:25+01:00,7,8,83,22409,109,0.000000,280,290,280,10,3.4483,GLOBAL_BEST,3,777,0,35494,20599,135,4,75,25000.0000,133.3333,0,0,0,0,0,0
n012w8-0,n012w8,0,5,500000,100.0,adaptive,2026-07-04T12:26:25+01:00,7,1,83,22593,34,53.566837,765,785,765,20,2.5478,GLOBAL_BEST,0,777,4937,43427,9289,136,184,-75,1086.9565,0.0000,0,0,0,0,0,0
n012w8-0,n012w8,0,5,500000,100.0,adaptive,2026-07-04T12:26:25+01:00,7,2,83,22629,34,0.000000,775,785,775,10,1.2739,LOCAL_BEST,0,777,0,44506,9751,137,36,0,2777.7778,0.0000,0,0,0,0,0,0
n012w8-0,n012w8,0,5,500000,100.0,adaptive,2026-07-04T12:26:25+01:00,7,1,83,24822,37,50.367222,745,765,745,20,2.6144,GLOBAL_BEST,0,777,5346,47643,10424,138,2193,3,91.1993,6666.6667,0,0,0,0,0,0
n012w8-0,n012w8,0,5,500000,100.0,adaptive,2026-07-04T12:26:25+01:00,7,1,83,24825,37,50.363047,700,745,700,45,6.0403,GLOBAL_BEST,0,777,5346,47656,10426,139,3,0,150000.0000,0.0000,0,0,0,0,0,0
n012w8-0,n012w8,0,5,500000,100.0,adaptive,2026-07-04T12:26:25+01:00,7,4,83,25325,78,49.672040,605,665,605,60,9.0226,LOCAL_BEST,1,777,5281,48882,11045,140,500,41,1200.0000,1463.4146,0,0,0,0,0,0
n012w8-0,n012w8,0,5,500000,100.0,adaptive,2026-07-04T12:26:25+01:00,7,2,83,25370,37,0.000000,740,775,740,35,4.5161,LOCAL_BEST,0,777,0,49607,11516,141,45,-41,7777.7778,0.0000,0,0,0,0,0,0
n012w8-0,n012w8,0,5,500000,100.0,adaptive,2026-07-04T12:26:25+01:00,7,4,83,26081,79,48.645201,580,605,580,25,4.1322,LOCAL_BEST,1,777,5393,50115,11482,142,711,42,351.6174,595.2381,0,0,0,0,0,0
n012w8-0,n012w8,0,5,500000,100.0,adaptive,2026-07-04T12:26:25+01:00,7,2,83,26280,40,0.000000,735,740,735,5,0.6757,LOCAL_BEST,0,777,0,51250,12120,143,199,-39,251.2563,0.0000,0,0,0,0,0,0
n012w8-0,n012w8,0,5,500000,100.0,adaptive,2026-07-04T12:26:25+01:00,7,2,83,26283,40,0.000000,720,735,720,15,2.0408,LOCAL_BEST,0,777,0,51255,12122,144,3,0,50000.0000,0.0000,0,0,0,0,0,0
n012w8-0,n012w8,0,5,500000,100.0,adaptive,2026-07-04T12:26:25+01:00,7,5,83,26496,78,0.000000,340,350,340,10,2.8571,GLOBAL_BEST,1,777,0,45393,21480,145,213,38,469.4836,263.1579,0,0,0,0,0,0
n012w8-0,n012w8,0,5,500000,100.0,adaptive,2026-07-04T12:26:25+01:00,7,1,83,26976,41,47.456969,665,700,665,35,5.0000,GLOBAL_BEST,0,777,5671,51595,11639,146,480,-37,729.1667,0.0000,0,0,0,0,0,0
n012w8-0,n012w8,0,5,500000,100.0,adaptive,2026-07-04T12:26:25+01:00,7,1,83,26978,41,47.454347,660,665,660,5,0.7519,GLOBAL_BEST,0,777,5671,51597,11640,147,2,0,25000.0000,0.0000,0,0,0,0,0,0
n012w8-0,n012w8,0,5,500000,100.0,adaptive,2026-07-04T12:26:25+01:00,7,1,83,27005,41,47.418957,590,660,590,70,10.6061,GLOBAL_BEST,0,777,5672,51649,11663,148,27,0,25925.9259,0.0000,0,0,0,0,0,0
n012w8-0,n012w8,0,5,500000,100.0,adaptive,2026-07-04T12:26:25+01:00,7,1,83,27011,41,47.411097,560,590,560,30,5.0847,GLOBAL_BEST,0,777,5672,51661,11667,149,6,0,50000.0000,0.0000,0,0,0,0,0,0
n012w8-0,n012w8,0,5,500000,100.0,adaptive,2026-07-04T12:26:25+01:00,7,1,83,27012,41,47.409787,545,560,545,15,2.6786,GLOBAL_BEST,0,777,5672,51661,11667,150,1,0,150000.0000,0.0000,0,0,0,0,0,0
n012w8-0,n012w8,0,5,500000,100.0,adaptive,2026-07-04T12:26:25+01:00,7,1,83,27023,41,47.395379,530,545,530,15,2.7523,GLOBAL_BEST,0,777,5673,51693,11674,151,11,0,13636.3636,0.0000,0,0,0,0,0,0
n012w8-0,n012w8,0,5,500000,100.0,adaptive,2026-07-04T12:26:25+01:00,7,11,83,27133,156,0.000000,200,220,200,20,9.0909,GLOBAL_BEST,4,777,0,44353,24730,152,110,115,1818.1818,173.9130,0,0,0,0,0,0
n012w8-0,n012w8,0,5,500000,100.0,adaptive,2026-07-04T12:26:25+01:00,7,2,83,27282,41,0.000000,705,720,705,15,2.0833,LOCAL_BEST,0,777,0,53011,12771,153,149,-115,1006.7114,0.0000,0,0,0,0,0,0
n012w8-0,n012w8,0,5,500000,100.0,adaptive,2026-07-04T12:26:25+01:00,7,2,83,27674,41,0.000000,665,705,665,40,5.6738,LOCAL_BEST,0,777,0,53768,13030,154,392,0,1020.4082,0.0000,0,0,0,0,0,0
n012w8-0,n012w8,0,5,500000,100.0,adaptive,2026-07-04T12:26:25+01:00,7,3,83,28125,43,0.000000,1155,1245,1155,90,7.2289,LOCAL_BEST,0,777,10805,58263,1261,155,451,2,1995.5654,45000.0000,0,0,0,0,0,0
n012w8-0,n012w8,0,5,500000,100.0,adaptive,2026-07-04T12:26:25+01:00,7,2,83,28429,42,0.000000,635,665,635,30,4.5113,LOCAL_BEST,0,777,0,55178,13516,156,304,-1,986.8421,0.0000,0,0,0,0,0,0
n012w8-0,n012w8,0,5,500000,100.0,adaptive,2026-07-04T12:26:25+01:00,7,2,83,33125,49,0.000000,625,635,625,10,1.5748,LOCAL_BEST,0,777,0,63137,16749,157,4696,7,21.2947,1428.5714,0,0,0,0,0,0
n012w8-0,n012w8,0,5,500000,100.0,adaptive,2026-07-04T12:26:25+01:00,7,4,83,33354,90,39.789089,570,580,570,10,1.7241,LOCAL_BEST,1,777,6490,63844,15720,158,229,41,436.6812,243.9024,0,0,0,0,0,0
n012w8-0,n012w8,0,5,500000,100.0,adaptive,2026-07-04T12:26:25+01:00,7,4,83,33372,91,39.769305,555,570,555,15,2.6316,LOCAL_BEST,1,777,6490,63880,15734,159,18,1,8333.3333,15000.0000,0,0,0,0,0,0
n012w8-0,n012w8,0,5,500000,100.0,adaptive,2026-07-04T12:26:25+01:00,7,4,83,33400,91,39.738549,525,555,525,30,5.4054,LOCAL_BEST,1,777,6492,63927,15758,160,28,0,10714.2857,0.0000,0,0,0,0,0,0
n012w8-0,n012w8,0,5,500000,100.0,adaptive,2026-07-04T12:26:25+01:00,7,4,83,33477,91,39.654091,500,525,500,25,4.7619,LOCAL_BEST,1,777,6499,64061,15820,161,77,0,3246.7532,0.0000,0,0,0,0,0,0
n012w8-0,n012w8,0,5,500000,100.0,adaptive,2026-07-04T12:26:25+01:00,7,4,83,33482,91,39.648613,455,500,455,45,9.0000,LOCAL_BEST,1,777,6499,64064,15823,162,5,0,90000.0000,0.0000,0,0,0,0,0,0
n012w8-0,n012w8,0,5,500000,100.0,adaptive,2026-07-04T12:26:25+01:00,7,4,83,33500,91,39.628898,440,455,440,15,3.2967,LOCAL_BEST,1,777,6499,64087,15838,163,18,0,8333.3333,0.0000,0,0,0,0,0,0
n012w8-0,n012w8,0,5,500000,100.0,adaptive,2026-07-04T12:26:25+01:00,7,2,83,34187,51,0.000000,605,625,605,20,3.2000,LOCAL_BEST,0,777,0,64894,17480,164,687,-40,291.1208,0.0000,0,0,0,0,0,0
n012w8-0,n012w8,0,5,500000,100.0,adaptive,2026-07-04T12:26:25+01:00,7,2,83,37400,55,0.000000,595,605,595,10,1.6529,LOCAL_BEST,0,777,0,70993,19773,165,3213,4,31.1236,2500.0000,0,0,0,0,0,0
n012w8-0,n012w8,0,5,500000,100.0,adaptive,2026-07-04T12:26:25+01:00,7,2,83,37402,55,0.000000,580,595,580,15,2.5210,LOCAL_BEST,0,777,0,71000,19774,166,2,0,75000.0000,0.0000,0,0,0,0,0,0
n012w8-0,n012w8,0,5,500000,100.0,adaptive,2026-07-04T12:26:25+01:00,7,2,83,37403,55,0.000000,565,580,565,15,2.5862,LOCAL_BEST,0,777,0,71003,19774,167,1,0,150000.0000,0.0000,0,0,0,0,0,0
n012w8-0,n012w8,0,5,500000,100.0,adaptive,2026-07-04T12:26:25+01:00,7,2,83,41442,61,0.000000,560,565,560,5,0.8850,LOCAL_BEST,0,777,0,78420,22717,168,4039,6,12.3793,833.3333,0,0,0,0,0,0
n012w8-0,n012w8,0,5,500000,100.0,adaptive,2026-07-04T12:26:25+01:00,7,2,83,41474,61,0.000000,485,560,485,75,13.3929,LOCAL_BEST,0,777,0,78474,22735,169,32,0,23437.5000,0.0000,0,0,0,0,0,0
n012w8-0,n012w8,0,5,500000,100.0,adaptive,2026-07-04T12:26:25+01:00,7,5,83,41801,102,0.000000,320,340,320,20,5.8824,LOCAL_BEST,1,777,0,70278,34715,170,327,41,611.6208,487.8049,0,0,0,0,0,0
n012w8-0,n012w8,0,5,500000,100.0,adaptive,2026-07-04T12:26:25+01:00,7,5,83,42049,102,0.000000,305,320,305,15,4.6875,LOCAL_BEST,1,777,0,70671,34926,171,248,0,604.8387,0.0000,0,0,0,0,0,0
n012w8-0,n012w8,0,5,500000,100.0,adaptive,2026-07-04T12:26:25+01:00,7,1,83,44498,66,29.243948,475,530,475,55,10.3774,LOCAL_BEST,0,777,7848,84351,22673,172,2449,-36,224.5815,0.0000,0,0,0,0,0,0
n012w8-0,n012w8,0,5,500000,100.0,adaptive,2026-07-04T12:26:25+01:00,7,4,83,47511,113,26.907912,435,440,435,5,1.1364,LOCAL_BEST,1,777,7941,89419,25412,173,3013,47,16.5948,106.3830,0,0,0,0,0,0
n012w8-0,n012w8,0,5,500000,100.0,adaptive,2026-07-04T12:26:25+01:00,7,2,83,47792,70,0.000000,465,485,465,20,4.1237,LOCAL_BEST,0,777,0,89916,27492,174,281,-43,711.7438,0.0000,0,0,0,0,0,0
n012w8-0,n012w8,0,5,500000,100.0,adaptive,2026-07-04T12:26:25+01:00,7,2,83,48745,71,0.000000,455,465,455,10,2.1505,LOCAL_BEST,0,777,0,91589,28228,175,953,1,104.9318,10000.0000,0,0,0,0,0,0
n012w8-0,n012w8,0,5,500000,100.0,adaptive,2026-07-04T12:26:25+01:00,7,4,83,48779,114,25.981487,415,435,415,20,4.5977,LOCAL_BEST,1,777,8053,91636,26356,176,34,43,5882.3529,465.1163,0,0,0,0,0,0
n012w8-0,n012w8,0,5,500000,100.0,adaptive,2026-07-04T12:26:25+01:00,7,4,83,48821,114,25.951353,405,415,405,10,2.4096,LOCAL_BEST,1,777,8053,91682,26393,177,42,0,2380.9524,0.0000,0,0,0,0,0,0
n012w8-0,n012w8,0,5,500000,100.0,adaptive,2026-07-04T12:26:25+01:00,7,4,83,48883,114,25.906933,400,405,400,5,1.2346,LOCAL_BEST,1,777,8056,91781,26441,178,62,0,806.4516,0.0000,0,0,0,0,0,0
n012w8-0,n012w8,0,5,500000,100.0,adaptive,2026-07-04T12:26:25+01:00,7,2,83,49381,72,0.000000,440,455,440,15,3.2967,LOCAL_BEST,0,777,0,92583,28701,179,498,-42,301.2048,0.0000,0,0,0,0,0,0
n012w8-0,n012w8,0,5,500000,100.0,adaptive,2026-07-04T12:26:25+01:00,7,4,83,49902,116,25.187670,390,400,390,10,2.5000,LOCAL_BEST,1,777,8126,93380,27201,180,521,44,191.9386,227.2727,0,0,0,0,0,0
n012w8-0,n012w8,0,5,500000,100.0,adaptive,2026-07-04T12:26:25+01:00,7,4,83,49904,116,25.186278,375,390,375,15,3.8462,LOCAL_BEST,1,777,8126,93383,27202,181,2,0,75000.0000,0.0000,0,0,0,0,0,0
n012w8-0,n012w8,0,5,500000,100.0,adaptive,2026-07-04T12:26:25+01:00,7,1,83,50618,77,24.694259,455,475,455,20,4.2105,LOCAL_BEST,0,777,8354,95489,27166,182,714,-39,280.1120,0.0000,0,0,0,0,0,0
n012w8-0,n012w8,0,5,500000,100.0,adaptive,2026-07-04T12:26:25+01:00,7,5,83,51538,116,0.000000,300,305,300,5,1.6393,LOCAL_BEST,1,777,0,85747,43372,183,920,39,54.3478,128.2051,0,0,0,0,0,0
n012w8-0,n012w8,0,5,500000,100.0,adaptive,2026-07-04T12:26:25+01:00,7,5,83,51541,116,0.000000,285,300,285,15,5.0000,LOCAL_BEST,1,777,0,85751,43374,184,3,0,50000.0000,0.0000,0,0,0,0,0,0
n012w8-0,n012w8,0,5,500000,100.0,adaptive,2026-07-04T12:26:25+01:00,7,7,83,52822,175,23.235285,325,340,325,15,4.4118,LOCAL_BEST,2,777,8497,99018,29128,185,1281,59,117.0960,254.2373,0,0,0,0,0,0
n012w8-0,n012w8,0,5,500000,100.0,adaptive,2026-07-04T12:26:25+01:00,7,1,83,54699,86,22.060939,425,455,425,30,6.5934,LOCAL_BEST,0,777,8622,102669,30250,186,1877,-89,159.8295,0.0000,0,0,0,0,0,0
n012w8-0,n012w8,0,5,500000,100.0,adaptive,2026-07-04T12:26:25+01:00,7,1,83,54703,86,22.058501,410,425,410,15,3.5294,LOCAL_BEST,0,777,8622,102672,30251,187,4,0,37500.0000,0.0000,0,0,0,0,0,0
n012w8-0,n012w8,0,5,500000,100.0,adaptive,2026-07-04T12:26:25+01:00,7,1,83,55139,87,21.794354,395,410,395,15,3.6585,LOCAL_BEST,0,777,8637,103416,30601,188,436,1,344.0367,15000.0000,0,0,0,0,0,0
n012w8-0,n012w8,0,5,500000,100.0,adaptive,2026-07-04T12:26:25+01:00,7,1,83,55162,87,21.780508,380,395,380,15,3.7975,LOCAL_BEST,0,777,8638,103452,30619,189,23,0,6521.7391,0.0000,0,0,0,0,0,0
n012w8-0,n012w8,0,5,500000,100.0,adaptive,2026-07-04T12:26:25+01:00,7,2,83,57469,84,0.000000,425,440,425,15,3.4091,LOCAL_BEST,0,777,0,105985,35222,190,2307,-3,65.0195,0.0000,0,0,0,0,0,0
n012w8-0,n012w8,0,5,500000,100.0,adaptive,2026-07-04T12:26:25+01:00,7,2,83,57963,85,0.000000,410,425,410,15,3.5294,LOCAL_BEST,0,777,0,106832,35601,191,494,1,303.6437,15000.0000,0,0,0,0,0,0
n012w8-0,n012w8,0,5,500000,100.0,adaptive,2026-07-04T12:26:25+01:00,7,4,83,58491,127,19.866438,370,375,370,5,1.3333,LOCAL_BEST,1,777,8679,108269,33790,192,528,42,94.6970,119.0476,0,0,0,0,0,0
n012w8-0,n012w8,0,5,500000,100.0,adaptive,2026-07-04T12:26:25+01:00,7,4,83,60401,129,18.845167,365,370,365,5,1.3514,LOCAL_BEST,1,777,8771,111538,35341,193,1910,2,26.1780,2500.0000,0,0,0,0,0,0
n012w8-0,n012w8,0,5,500000,100.0,adaptive,2026-07-04T12:26:25+01:00,7,4,83,61784,132,18.138610,355,365,355,10,2.7397,LOCAL_BEST,1,777,8840,114204,36467,194,1383,3,72.3066,3333.3333,0,0,0,0,0,0
n012w8-0,n012w8,0,5,500000,100.0,adaptive,2026-07-04T12:26:25+01:00,7,2,83,62535,93,0.000000,400,410,400,10,2.4390,LOCAL_BEST,0,777,0,114519,39378,195,751,-39,133.1558,0.0000,0,0,0,0,0,0
n012w8-0,n012w8,0,5,500000,100.0,adaptive,2026-07-04T12:26:25+01:00,7,4,83,63590,135,17.255677,345,355,345,10,2.8169,LOCAL_BEST,1,777,8926,117301,37900,196,1055,42,94.7867,238.0952,0,0,0,0,0,0
n012w8-0,n012w8,0,5,500000,100.0,adaptive,2026-07-04T12:26:25+01:00,7,4,83,63606,135,17.248050,315,345,315,30,8.6957,LOCAL_BEST,1,777,8926,117328,37914,197,16,0,18750.0000,0.0000,0,0,0,0,0,0
n012w8-0,n012w8,0,5,500000,100.0,adaptive,2026-07-04T12:26:25+01:00,7,4,83,63793,135,17.159159,300,315,300,15,4.7619,LOCAL_BEST,1,777,8930,117680,38082,198,187,0,802.1390,0.0000,0,0,0,0,0,0
n012w8-0,n012w8,0,5,500000,100.0,adaptive,2026-07-04T12:26:25+01:00,7,2,83,64008,96,0.000000,390,400,390,10,2.5000,LOCAL_BEST,0,777,0,117123,40634,199,215,-39,465.1163,0.0000,0,0,0,0,0,0
n012w8-0,n012w8,0,5,500000,100.0,adaptive,2026-07-04T12:26:25+01:00,7,2,83,64507,97,0.000000,375,390,375,15,3.8462,LOCAL_BEST,0,777,0,118084,41040,200,499,1,300.6012,15000.0000,0,0,0,0,0,0
n012w8-0,n012w8,0,5,500000,100.0,adaptive,2026-07-04T12:26:25+01:00,7,1,83,65762,103,16.250548,370,380,370,10,2.6316,LOCAL_BEST,0,777,9189,121796,39096,201,1255,6,79.6813,1666.6667,0,0,0,0,0,0
n012w8-0,n012w8,0,5,500000,100.0,adaptive,2026-07-04T12:26:25+01:00,7,2,83,66100,100,0.000000,360,375,360,15,4.0000,LOCAL_BEST,0,777,0,121148,42394,202,338,-3,443.7870,0.0000,0,0,0,0,0,0
n012w8-0,n012w8,0,5,500000,100.0,adaptive,2026-07-04T12:26:25+01:00,7,2,83,66710,101,0.000000,320,360,320,40,11.1111,LOCAL_BEST,0,777,0,122252,42910,203,610,1,655.7377,40000.0000,0,0,0,0,0,0
n012w8-0,n012w8,0,5,500000,100.0,adaptive,2026-07-04T12:26:25+01:00,7,1,83,70456,109,14.273813,365,370,365,5,1.3514,LOCAL_BEST,0,777,9361,129657,43028,204,3746,8,13.3476,625.0000,0,0,0,0,0,0
n012w8-0,n012w8,0,5,500000,100.0,adaptive,2026-07-04T12:26:25+01:00,7,1,83,70460,109,14.272235,350,365,350,15,4.1096,LOCAL_BEST,0,777,9361,129665,43031,205,4,0,37500.0000,0.0000,0,0,0,0,0,0
n012w8-0,n012w8,0,5,500000,100.0,adaptive,2026-07-04T12:26:25+01:00,7,1,83,71431,111,13.894406,325,350,325,25,7.1429,LOCAL_BEST,0,777,9394,131216,43874,206,971,2,257.4665,12500.0000,0,0,0,0,0,0
n012w8-0,n012w8,0,5,500000,100.0,adaptive,2026-07-04T12:26:25+01:00,7,1,83,71452,111,13.886347,310,325,310,15,4.6154,LOCAL_BEST,0,777,9394,131255,43894,207,21,0,7142.8571,0.0000,0,0,0,0,0,0
n012w8-0,n012w8,0,5,500000,100.0,adaptive,2026-07-04T12:26:25+01:00,7,1,83,71468,112,13.880209,280,310,280,30,9.6774,LOCAL_BEST,0,777,9394,131268,43908,208,16,1,18750.0000,30000.0000,0,0,0,0,0,0
n012w8-0,n012w8,0,5,500000,100.0,adaptive,2026-07-04T12:26:25+01:00,7,1,83,71469,112,13.879825,265,280,265,15,5.3571,GLOBAL_BEST,0,777,9394,131268,43908,209,1,0,150000.0000,0.0000,0,0,0,0,0,0
n012w8-0,n012w8,0,5,500000,100.0,adaptive,2026-07-04T12:26:25+01:00,7,1,83,71480,112,13.875607,235,265,235,30,11.3208,GLOBAL_BEST,0,777,9395,131301,43916,210,11,0,27272.7273,0.0000,0,0,0,0,0,0
n012w8-0,n012w8,0,5,500000,100.0,adaptive,2026-07-04T12:26:25+01:00,7,4,83,72354,146,13.544532,275,300,275,25,8.3333,LOCAL_BEST,1,777,9210,132684,45436,211,874,34,286.0412,735.2941,0,0,0,0,0,0
n012w8-0,n012w8,0,5,500000,100.0,adaptive,2026-07-04T12:26:25+01:00,7,4,83,73907,148,12.975616,260,275,260,15,5.4545,LOCAL_BEST,1,777,9247,135237,46795,212,1553,2,96.5873,7500.0000,0,0,0,0,0,0
n012w8-0,n012w8,0,5,500000,100.0,adaptive,2026-07-04T12:26:25+01:00,7,4,83,73908,148,12.975258,245,260,245,15,5.7692,LOCAL_BEST,1,777,9247,135239,46795,213,1,0,150000.0000,0.0000,0,0,0,0,0,0
n012w8-0,n012w8,0,5,500000,100.0,adaptive,2026-07-04T12:26:25+01:00,7,1,83,76134,121,12.201241,230,235,230,5,2.1277,LOCAL_BEST,0,777,9517,138911,47973,214,2226,-27,22.4618,0.0000,0,0,0,0,0,0
n012w8-0,n012w8,0,5,500000,100.0,adaptive,2026-07-04T12:26:25+01:00,7,1,83,76189,121,12.182713,215,230,215,15,6.5217,GLOBAL_BEST,0,777,9517,138976,48023,215,55,0,2727.2727,0.0000,0,0,0,0,0,0
n012w8-0,n012w8,0,5,500000,100.0,adaptive,2026-07-04T12:26:25+01:00,7,4,83,76265,151,12.157156,230,245,230,15,6.1224,LOCAL_BEST,1,777,9286,139280,48933,216,76,30,1973.6842,500.0000,0,0,0,0,0,0
n012w8-0,n012w8,0,5,500000,100.0,adaptive,2026-07-04T12:26:25+01:00,7,5,83,77249,152,0.000000,275,285,275,10,3.5088,LOCAL_BEST,1,777,0,128645,66767,217,984,1,101.6260,10000.0000,0,0,0,0,0,0
n012w8-0,n012w8,0,5,500000,100.0,adaptive,2026-07-04T12:26:25+01:00,7,7,83,79710,225,11.053301,315,325,315,10,3.0769,LOCAL_BEST,2,777,9601,146677,51322,218,2461,73,40.6339,136.9863,0,0,0,0,0,0
n012w8-0,n012w8,0,5,500000,100.0,adaptive,2026-07-04T12:26:25+01:00,7,7,83,80707,227,10.752959,300,315,300,15,4.7619,LOCAL_BEST,2,777,9615,148472,52225,219,997,2,150.4514,7500.0000,0,0,0,0,0,0
n012w8-0,n012w8,0,5,500000,100.0,adaptive,2026-07-04T12:26:25+01:00,7,10,83,84732,273,9.621172,260,265,260,5,1.8868,LOCAL_BEST,4,777,9761,153598,55573,220,4025,46,12.4224,108.6957,0,0,0,0,0,0
n012w8-0,n012w8,0,5,500000,100.0,adaptive,2026-07-04T12:26:25+01:00,7,11,83,85595,256,0.000000,185,200,185,15,7.5000,GLOBAL_BEST,4,777,0,137967,78261,221,863,-17,173.8123,0.0000,0,0,0,0,0,0
n012w8-0,n012w8,0,5,500000,100.0,adaptive,2026-07-04T12:26:25+01:00,7,4,83,89084,168,8.531080,215,230,215,15,6.5217,LOCAL_BEST,1,777,9450,161920,60520,222,3489,-88,42.9923,0.0000,0,0,0,0,0,0
n012w8-0,n012w8,0,5,500000,100.0,adaptive,2026-07-04T12:26:25+01:00,7,4,83,89124,168,8.521656,200,215,200,15,6.9767,LOCAL_BEST,1,777,9450,161979,60559,223,40,0,3750.0000,0.0000,0,0,0,0,0,0
n012w8-0,n012w8,0,5,500000,100.0,adaptive,2026-07-04T12:26:25+01:00,7,5,83,91465,170,0.000000,260,275,260,15,5.4545,LOCAL_BEST,1,777,0,151223,79642,224,2341,2,64.0752,7500.0000,0,0,0,0,0,0
n012w8-0,n012w8,0,5,500000,100.0,adaptive,2026-07-04T12:26:25+01:00,7,2,83,99648,148,0.000000,305,320,305,15,4.6875,LOCAL_BEST,0,777,0,179003,71853,225,8183,-22,18.3307,0.0000,0,0,0,0,0,0
n012w8-0,n012w8,0,5,500000,100.0,adaptive,2026-07-04T12:26:25+01:00,7,3,83,101069,185,0.000000,1100,1155,1100,55,4.7619,LOCAL_BEST,0,777,38714,209832,4459,226,1421,37,387.0514,1486.4865,0,0,0,0,0,0
n012w8-0,n012w8,0,5,500000,100.0,adaptive,2026-07-04T12:26:25+01:00,7,3,83,101074,185,0.000000,1070,1100,1070,30,2.7273,LOCAL_BEST,0,777,38715,209842,4459,227,5,0,60000.0000,0.0000,0,0,0,0,0,0
n012w8-0,n012w8,0,5,500000,100.0,adaptive,2026-07-04T12:26:25+01:00,7,2,83,102947,153,0.000000,300,305,300,5,1.6393,LOCAL_BEST,0,777,0,184563,74860,228,1873,-32,26.6951,0.0000,0,0,0,0,0,0
n012w8-0,n012w8,0,5,500000,100.0,adaptive,2026-07-04T12:26:25+01:00,7,2,83,108899,161,0.000000,285,300,285,15,5.0000,LOCAL_BEST,0,777,0,195388,80279,229,5952,8,25.2016,1875.0000,0,0,0,0,0,0
n012w8-0,n012w8,0,5,500000,100.0,adaptive,2026-07-04T12:26:25+01:00,7,7,83,108961,281,4.925837,295,300,295,5,1.6667,LOCAL_BEST,2,777,9846,195657,77975,230,62,120,806.4516,41.6667,0,0,0,0,0,0
n012w8-0,n012w8,0,5,500000,100.0,adaptive,2026-07-04T12:26:25+01:00,7,7,83,110913,285,4.667196,280,295,280,15,5.0847,LOCAL_BEST,2,777,9851,198699,79808,231,1952,4,76.8443,3750.0000,0,0,0,0,0,0
n012w8-0,n012w8,0,5,500000,100.0,adaptive,2026-07-04T12:26:25+01:00,7,2,83,122893,190,0.000000,280,285,280,5,1.7544,LOCAL_BEST,0,777,0,219297,93065,232,11980,-95,4.1736,0.0000,0,0,0,0,0,0
n012w8-0,n012w8,0,5,500000,100.0,adaptive,2026-07-04T12:26:25+01:00,7,1,83,126189,226,3.060075,235,215,215,0,0.0000,REHEAT,0,777,9824,224865,94631,233,3296,36,0.0000,0.0000,0,0,0,0,0,0
n012w8-0,n012w8,0,5,500000,100.0,adaptive,2026-07-04T12:26:25+01:00,7,2,83,126352,197,0.000000,275,280,275,5,1.7857,LOCAL_BEST,0,777,0,225111,96240,234,163,-29,306.7485,0.0000,0,0,0,0,0,0
n012w8-0,n012w8,0,5,500000,100.0,adaptive,2026-07-04T12:26:25+01:00,7,2,83,126559,198,0.000000,260,275,260,15,5.4545,LOCAL_BEST,0,777,0,225442,96421,235,207,1,724.6377,15000.0000,0,0,0,0,0,0
n012w8-0,n012w8,0,5,500000,100.0,adaptive,2026-07-04T12:26:25+01:00,7,2,83,130274,204,0.000000,245,260,245,15,5.7692,LOCAL_BEST,0,777,0,231861,99805,236,3715,6,40.3769,2500.0000,0,0,0,0,0,0
n012w8-0,n012w8,0,5,500000,100.0,adaptive,2026-07-04T12:26:25+01:00,7,1,83,176189,321,25.118864,645,215,215,0,0.0000,REHEAT,0,777,18004,318069,121707,237,45915,117,0.0000,0.0000,0,0,0,0,0,0
n012w8-0,n012w8,0,5,500000,100.0,adaptive,2026-07-04T12:26:25+01:00,7,3,83,223026,453,0.000000,1060,1070,1060,10,0.9346,LOCAL_BEST,0,777,85487,465390,9777,238,46837,132,2.1351,75.7576,0,0,0,0,0,0
n012w8-0,n012w8,0,5,500000,100.0,adaptive,2026-07-04T12:26:25+01:00,7,1,83,226189,430,25.118864,725,215,215,0,0.0000,REHEAT,0,777,26265,413777,148383,239,3163,-23,0.0000,0.0000,0,0,0,0,0,0
n012w8-0,n012w8,0,5,500000,100.0,adaptive,2026-07-04T12:26:25+01:00,7,1,83,276189,538,25.118864,610,215,215,0,0.0000,REHEAT,0,777,34561,507391,174921,240,50000,108,0.0000,0.0000,0,0,0,0,0,0
n012w8-0,n012w8,0,5,500000,100.0,adaptive,2026-07-04T12:26:25+01:00,7,1,83,326189,645,25.118864,670,215,215,0,0.0000,REHEAT,0,777,42820,600352,202076,241,50000,107,0.0000,0.0000,0,0,0,0,0,0
n012w8-0,n012w8,0,5,500000,100.0,adaptive,2026-07-04T12:26:25+01:00,7,1,83,376189,752,25.118864,515,215,215,0,0.0000,REHEAT,0,777,50948,694786,229206,242,50000,107,0.0000,0.0000,0,0,0,0,0,0
n012w8-0,n012w8,0,5,500000,100.0,adaptive,2026-07-04T12:26:25+01:00,7,1,83,426189,849,25.118864,480,215,215,0,0.0000,REHEAT,0,777,59199,789685,256047,243,50000,97,0.0000,0.0000,0,0,0,0,0,0
n012w8-0,n012w8,0,5,500000,100.0,adaptive,2026-07-04T12:26:25+01:00,7,1,83,476189,962,25.118864,635,215,215,0,0.0000,REHEAT,0,777,67323,884526,283216,244,50000,113,0.0000,0.0000,0,0,0,0,0,0
n012w8-0,n012w8,0,5,500000,100.0,adaptive,2026-07-04T12:26:25+01:00,8,3,84,2,1,0.000000,4775,4810,4775,35,0.7277,GLOBAL_BEST,0,777,1,10,0,1,2,1,175000.0000,35000.0000,0,0,0,0,0,0
n012w8-0,n012w8,0,5,500000,100.0,adaptive,2026-07-04T12:26:25+01:00,8,1,84,2,1,99.997237,4710,4810,4710,100,2.0790,LOCAL_BEST,0,777,0,7,0,2,0,0,0.0000,0.0000,0,0,0,0,0,0
n012w8-0,n012w8,0,5,500000,100.0,adaptive,2026-07-04T12:26:25+01:00,8,5,84,2,48,0.000000,2170,2180,2170,10,0.4587,GLOBAL_BEST,1,777,0,1,0,3,0,47,0.0000,212.7660,0,0,0,0,0,0
n012w8-0,n012w8,0,5,500000,100.0,adaptive,2026-07-04T12:26:25+01:00,8,3,84,3,1,0.000000,4615,4775,4615,160,3.3508,GLOBAL_BEST,0,777,1,11,0,4,1,-47,1600000.0000,0.0000,0,0,0,0,0,0
n012w8-0,n012w8,0,5,500000,100.0,adaptive,2026-07-04T12:26:25+01:00,8,2,84,3,1,0.000000,4650,4810,4650,160,3.3264,LOCAL_BEST,0,777,0,12,1,5,0,0,0.0000,0.0000,0,0,0,0,0,0
n012w8-0,n012w8,0,5,500000,100.0,adaptive,2026-07-04T12:26:25+01:00,8,1,84,3,1,99.994474,4590,4710,4590,120,2.5478,LOCAL_BEST,0,777,0,7,0,6,0,0,0.0000,0.0000,0,0,0,0,0,0
n012w8-0,n012w8,0,5,500000,100.0,adaptive,2026-07-04T12:26:25+01:00,8,2,84,4,1,0.000000,4470,4650,4470,180,3.8710,LOCAL_BEST,0,777,0,15,1,7,1,0,1800000.0000,0.0000,0,0,0,0,0,0
n012w8-0,n012w8,0,5,500000,100.0,adaptive,2026-07-04T12:26:25+01:00,8,3,84,5,1,0.000000,4455,4615,4455,160,3.4670,GLOBAL_BEST,0,777,1,16,1,8,1,0,1600000.0000,0.0000,0,0,0,0,0,0
n012w8-0,n012w8,0,5,500000,100.0,adaptive,2026-07-04T12:26:25+01:00,8,1,84,5,1,99.988948,4570,4590,4570,20,0.4357,LOCAL_BEST,0,777,0,9,0,9,0,0,0.0000,0.0000,0,0,0,0,0,0
n012w8-0,n012w8,0,5,500000,100.0,adaptive,2026-07-04T12:26:25+01:00,8,3,84,6,1,0.000000,4395,4455,4395,60,1.3468,GLOBAL_BEST,0,777,1,16,1,10,1,0,600000.0000,0.0000,0,0,0,0,0,0
n012w8-0,n012w8,0,5,500000,100.0,adaptive,2026-07-04T12:26:25+01:00,8,1,84,6,1,99.986185,4555,4570,4555,15,0.3282,LOCAL_BEST,0,777,0,9,0,11,0,0,0.0000,0.0000,0,0,0,0,0,0
n012w8-0,n012w8,0,5,500000,100.0,adaptive,2026-07-04T12:26:25+01:00,8,2,84,7,1,0.000000,4380,4470,4380,90,2.0134,LOCAL_BEST,0,777,0,26,1,12,1,0,900000.0000,0.0000,0,0,0,0,0,0
n012w8-0,n012w8,0,5,500000,100.0,adaptive,2026-07-04T12:26:25+01:00,8,3,84,7,1,0.000000,4370,4395,4370,25,0.5688,GLOBAL_BEST,0,777,1,16,1,13,0,0,0.0000,0.0000,0,0,0,0,0,0
n012w8-0,n012w8,0,5,500000,100.0,adaptive,2026-07-04T12:26:25+01:00,8,1,84,7,1,99.983423,4540,4555,4540,15,0.3293,LOCAL_BEST,0,777,0,9,0,14,0,0,0.0000,0.0000,0,0,0,0,0,0
n012w8-0,n012w8,0,5,500000,100.0,adaptive,2026-07-04T12:26:25+01:00,8,3,84,8,1,0.000000,4320,4370,4320,50,1.1442,GLOBAL_BEST,0,777,1,17,1,15,1,0,500000.0000,0.0000,0,0,0,0,0,0
n012w8-0,n012w8,0,5,500000,100.0,adaptive,2026-07-04T12:26:25+01:00,8,1,84,8,1,99.980660,4480,4540,4480,60,1.3216,LOCAL_BEST,0,777,0,10,0,16,0,0,0.0000,0.0000,0,0,0,0,0,0
n012w8-0,n012w8,0,5,500000,100.0,adaptive,2026-07-04T12:26:25+01:00,8,2,84,9,1,0.000000,4350,4380,4350,30,0.6849,LOCAL_BEST,0,777,0,27,1,17,1,0,300000.0000,0.0000,0,0,0,0,0,0
n012w8-0,n012w8,0,5,500000,100.0,adaptive,2026-07-04T12:26:25+01:00,8,3,84,9,1,0.000000,4175,4320,4175,145,3.3565,GLOBAL_BEST,0,777,1,17,1,18,0,0,0.0000,0.0000,0,0,0,0,0,0
n012w8-0,n012w8,0,5,500000,100.0,adaptive,2026-07-04T12:26:25+01:00,8,1,84,10,1,99.975135,4300,4480,4300,180,4.0179,LOCAL_BEST,0,777,0,14,0,19,1,0,1800000.0000,0.0000,0,0,0,0,0,0
n012w8-0,n012w8,0,5,500000,100.0,adaptive,2026-07-04T12:26:25+01:00,8,3,84,11,1,0.000000,4125,4175,4125,50,1.1976,GLOBAL_BEST,0,777,1,22,1,20,1,0,500000.0000,0.0000,0,0,0,0,0,0
n012w8-0,n012w8,0,5,500000,100.0,adaptive,2026-07-04T12:26:25+01:00,8,1,84,11,1,99.972373,4120,4300,4120,180,4.1860,GLOBAL_BEST,0,777,0,14,0,21,0,0,0.0000,0.0000,0,0,0,0,0,0
n012w8-0,n012w8,0,5,500000,100.0,adaptive,2026-07-04T12:26:25+01:00,8,1,84,12,1,99.969610,4090,4120,4090,30,0.7282,LOCAL_BEST,0,777,0,18,0,22,1,0,300000.0000,0.0000,0,0,0,0,0,0
n012w8-0,n012w8,0,5,500000,100.0,adaptive,2026-07-04T12:26:25+01:00,8,1,84,13,1,99.966848,4065,4090,4065,25,0.6112,LOCAL_BEST,0,777,0,21,0,23,1,0,250000.0000,0.0000,0,0,0,0,0,0
n012w8-0,n012w8,0,5,500000,100.0,adaptive,2026-07-04T12:26:25+01:00,8,2,84,14,1,0.000000,4340,4350,4340,10,0.2299,LOCAL_BEST,0,777,0,44,1,24,1,0,100000.0000,0.0000,0,0,0,0,0,0
n012w8-0,n012w8,0,5,500000,100.0,adaptive,2026-07-04T12:26:25+01:00,8,1,84,14,1,99.964086,4035,4065,4035,30,0.7380,LOCAL_BEST,0,777,0,21,0,25,0,0,0.0000,0.0000,0,0,0,0,0,0
n012w8-0,n012w8,0,5,500000,100.0,adaptive,2026-07-04T12:26:25+01:00,8,2,84,15,1,0.000000,4170,4340,4170,170,3.9171,LOCAL_BEST,0,777,0,44,1,26,1,0,1700000.0000,0.0000,0,0,0,0,0,0
n012w8-0,n012w8,0,5,500000,100.0,adaptive,2026-07-04T12:26:25+01:00,8,3,84,15,1,0.000000,4110,4125,4110,15,0.3636,LOCAL_BEST,0,777,2,26,1,27,0,0,0.0000,0.0000,0,0,0,0,0,0
n012w8-0,n012w8,0,5,500000,100.0,adaptive,2026-07-04T12:26:25+01:00,8,1,84,15,1,99.961324,3990,4035,3990,45,1.1152,LOCAL_BEST,0,777,0,23,0,28,0,0,0.0000,0.0000,0,0,0,0,0,0
n012w8-0,n012w8,0,5,500000,100.0,adaptive,2026-07-04T12:26:25+01:00,8,5,84,15,48,0.000000,2120,2170,2120,50,2.3041,GLOBAL_BEST,1,777,0,26,12,29,0,47,0.0000,1063.8298,0,0,0,0,0,0
n012w8-0,n012w8,0,5,500000,100.0,adaptive,2026-07-04T12:26:25+01:00,8,2,84,16,1,0.000000,4140,4170,4140,30,0.7194,LOCAL_BEST,0,777,0,46,1,30,1,-47,300000.0000,0.0000,0,0,0,0,0,0
n012w8-0,n012w8,0,5,500000,100.0,adaptive,2026-07-04T12:26:25+01:00,8,1,84,16,1,99.958562,3975,3990,3975,15,0.3759,LOCAL_BEST,0,777,0,23,0,31,0,0,0.0000,0.0000,0,0,0,0,0,0
n012w8-0,n012w8,0,5,500000,100.0,adaptive,2026-07-04T12:26:25+01:00,8,2,84,17,1,0.000000,3965,4140,3965,175,4.2271,GLOBAL_BEST,0,777,0,47,1,32,1,0,1750000.0000,0.0000,0,0,0,0,0,0
n012w8-0,n012w8,0,5,500000,100.0,adaptive,2026-07-04T12:26:25+01:00,8,3,84,18,1,0.000000,4090,4110,4090,20,0.4866,LOCAL_BEST,0,777,3,29,1,33,1,0,200000.0000,0.0000,0,0,0,0,0,0
n012w8-0,n012w8,0,5,500000,100.0,adaptive,2026-07-04T12:26:25+01:00,8,3,84,19,1,0.000000,3820,4090,3820,270,6.6015,GLOBAL_BEST,0,777,3,29,1,34,1,0,2700000.0000,0.0000,0,0,0,0,0,0
n012w8-0,n012w8,0,5,500000,100.0,adaptive,2026-07-04T12:26:25+01:00,8,1,84,20,1,99.947515,3895,3975,3895,80,2.0126,LOCAL_BEST,0,777,1,36,1,35,1,0,800000.0000,0.0000,0,0,0,0,0,0
n012w8-0,n012w8,0,5,500000,100.0,adaptive,2026-07-04T12:26:25+01:00,8,5,84,28,48,0.000000,2085,2120,2085,35,1.6509,GLOBAL_BEST,1,777,0,45,22,36,8,47,43750.0000,744.6809,0,0,0,0,0,0
n012w8-0,n012w8,0,5,500000,100.0,adaptive,2026-07-04T12:26:25+01:00,8,2,84,29,1,0.000000,3955,3965,3955,10,0.2522,LOCAL_BEST,0,777,0,71,1,37,1,-47,100000.0000,0.0000,0,0,0,0,0,0
n012w8-0,n012w8,0,5,500000,100.0,adaptive,2026-07-04T12:26:25+01:00,8,2,84,30,1,0.000000,3905,3955,3905,50,1.2642,LOCAL_BEST,0,777,0,71,1,38,1,0,500000.0000,0.0000,0,0,0,0,0,0
n012w8-0,n012w8,0,5,500000,100.0,adaptive,2026-07-04T12:26:25+01:00,8,1,84,30,1,99.919902,3890,3895,3890,5,0.1284,LOCAL_BEST,0,777,3,57,4,39,0,0,0.0000,0.0000,0,0,0,0,0,0
n012w8-0,n012w8,0,5,500000,100.0,adaptive,2026-07-04T12:26:25+01:00,8,1,84,31,1,99.917141,3790,3890,3790,100,2.5707,LOCAL_BEST,0,777,3,57,4,40,1,0,1000000.0000,0.0000,0,0,0,0,0,0
n012w8-0,n012w8,0,5,500000,100.0,adaptive,2026-07-04T12:26:25+01:00,8,2,84,32,1,0.000000,3875,3905,3875,30,0.7682,LOCAL_BEST,0,777,0,72,1,41,1,0,300000.0000,0.0000,0,0,0,0,0,0
n012w8-0,n012w8,0,5,500000,100.0,adaptive,2026-07-04T12:26:25+01:00,8,1,84,32,1,99.914381,3720,3790,3720,70,1.8470,LOCAL_BEST,0,777,3,59,4,42,0,0,0.0000,0.0000,0,0,0,0,0,0
n012w8-0,n012w8,0,5,500000,100.0,adaptive,2026-07-04T12:26:25+01:00,8,1,84,33,1,99.911620,3655,3720,3655,65,1.7473,LOCAL_BEST,0,777,3,61,4,43,1,0,650000.0000,0.0000,0,0,0,0,0,0
n012w8-0,n012w8,0,5,500000,100.0,adaptive,2026-07-04T12:26:25+01:00,8,11,84,33,159,0.000000,1725,1740,1725,15,0.8621,LOCAL_BEST,4,777,0,50,28,44,0,158,0.0000,94.9367,0,0,0,0,0,0
n012w8-0,n012w8,0,5,500000,100.0,adaptive,2026-07-04T12:26:25+01:00,8,2,84,34,1,0.000000,3725,3875,3725,150,3.8710,GLOBAL_BEST,0,777,0,73,1,45,1,-158,1500000.0000,0.0000,0,0,0,0,0,0
n012w8-0,n012w8,0,5,500000,100.0,adaptive,2026-07-04T12:26:25+01:00,8,2,84,35,1,0.000000,3700,3725,3700,25,0.6711,GLOBAL_BEST,0,777,0,74,1,46,1,0,250000.0000,0.0000,0,0,0,0,0,0
n012w8-0,n012w8,0,5,500000,100.0,adaptive,2026-07-04T12:26:25+01:00,8,2,84,36,1,0.000000,3640,3700,3640,60,1.6216,GLOBAL_BEST,0,777,0,74,1,47,1,0,600000.0000,0.0000,0,0,0,0,0,0
n012w8-0,n012w8,0,5,500000,100.0,adaptive,2026-07-04T12:26:25+01:00,8,8,84,36,93,0.000000,1845,1855,1845,10,0.5391,GLOBAL_BEST,3,777,0,46,34,48,0,92,0.0000,108.6957,0,0,0,0,0,0
n012w8-0,n012w8,0,5,500000,100.0,adaptive,2026-07-04T12:26:25+01:00,8,2,84,37,1,0.000000,3520,3640,3520,120,3.2967,GLOBAL_BEST,0,777,0,78,1,49,1,-92,1200000.0000,0.0000,0,0,0,0,0,0
n012w8-0,n012w8,0,5,500000,100.0,adaptive,2026-07-04T12:26:25+01:00,8,1,84,38,1,99.897817,3620,3655,3620,35,0.9576,LOCAL_BEST,0,777,4,77,5,50,1,0,350000.0000,0.0000,0,0,0,0,0,0
n012w8-0,n012w8,0,5,500000,100.0,adaptive,2026-07-04T12:26:25+01:00,8,3,84,43,1,0.000000,3770,3820,3770,50,1.3089,LOCAL_BEST,0,777,9,76,2,51,5,0,100000.0000,0.0000,0,0,0,0,0,0
n012w8-0,n012w8,0,5,500000,100.0,adaptive,2026-07-04T12:26:25+01:00,8,1,84,43,1,99.884017,3560,3620,3560,60,1.6575,LOCAL_BEST,0,777,4,88,8,52,0,0,0.0000,0.0000,0,0,0,0,0,0
n012w8-0,n012w8,0,5,500000,100.0,adaptive,2026-07-04T12:26:25+01:00,8,1,84,45,1,99.878497,3545,3560,3545,15,0.4213,LOCAL_BEST,0,777,4,94,8,53,2,0,75000.0000,0.0000,0,0,0,0,0,0
n012w8-0,n012w8,0,5,500000,100.0,adaptive,2026-07-04T12:26:25+01:00,8,1,84,52,1,99.859181,3515,3545,3515,30,0.8463,GLOBAL_BEST,0,777,6,103,11,54,7,0,42857.1429,0.0000,0,0,0,0,0,0
n012w8-0,n012w8,0,5,500000,100.0,adaptive,2026-07-04T12:26:25+01:00,8,2,84,66,1,0.000000,3450,3520,3450,70,1.9886,GLOBAL_BEST,0,777,0,117,1,55,14,0,50000.0000,0.0000,0,0,0,0,0,0
n012w8-0,n012w8,0,5,500000,100.0,adaptive,2026-07-04T12:26:25+01:00,8,2,84,67,1,0.000000,3370,3450,3370,80,2.3188,GLOBAL_BEST,0,777,0,121,1,56,1,0,800000.0000,0.0000,0,0,0,0,0,0
n012w8-0,n012w8,0,5,500000,100.0,adaptive,2026-07-04T12:26:25+01:00,8,2,84,68,1,0.000000,3185,3370,3185,185,5.4896,GLOBAL_BEST,0,777,0,121,1,57,1,0,1850000.0000,0.0000,0,0,0,0,0,0
n012w8-0,n012w8,0,5,500000,100.0,adaptive,2026-07-04T12:26:25+01:00,8,2,84,70,1,0.000000,3155,3185,3155,30,0.9419,GLOBAL_BEST,0,777,0,125,1,58,2,0,150000.0000,0.0000,0,0,0,0,0,0
n012w8-0,n012w8,0,5,500000,100.0,adaptive,2026-07-04T12:26:25+01:00,8,1,84,70,1,99.809528,3485,3515,3485,30,0.8535,LOCAL_BEST,0,777,11,126,13,59,0,0,0.0000,0.0000,0,0,0,0,0,0
n012w8-0,n012w8,0,5,500000,100.0,adaptive,2026-07-04T12:26:25+01:00,8,2,84,71,1,0.000000,3125,3155,3125,30,0.9509,GLOBAL_BEST,0,777,0,128,1,60,1,0,300000.0000,0.0000,0,0,0,0,0,0
n012w8-0,n012w8,0,5,500000,100.0,adaptive,2026-07-04T12:26:25+01:00,8,2,84,74,1,0.000000,3105,3125,3105,20,0.6400,GLOBAL_BEST,0,777,0,135,1,61,3,0,66666.6667,0.0000,0,0,0,0,0,0
n012w8-0,n012w8,0,5,500000,100.0,adaptive,2026-07-04T12:26:25+01:00,8,1,84,75,1,99.795739,3355,3485,3355,130,3.7303,LOCAL_BEST,0,777,12,138,13,62,1,0,1300000.0000,0.0000,0,0,0,0,0,0
n012w8-0,n012w8,0,5,500000,100.0,adaptive,2026-07-04T12:26:25+01:00,8,1,84,77,1,99.790225,3345,3355,3345,10,0.2981,LOCAL_BEST,0,777,12,143,13,63,2,0,50000.0000,0.0000,0,0,0,0,0,0
n012w8-0,n012w8,0,5,500000,100.0,adaptive,2026-07-04T12:26:25+01:00,8,1,84,80,1,99.781953,3300,3345,3300,45,1.3453,LOCAL_BEST,0,777,12,147,14,64,3,0,150000.0000,0.0000,0,0,0,0,0,0
n012w8-0,n012w8,0,5,500000,100.0,adaptive,2026-07-04T12:26:25+01:00,8,1,84,88,1,99.759899,3170,3300,3170,130,3.9394,LOCAL_BEST,0,777,13,163,18,65,8,0,162500.0000,0.0000,0,0,0,0,0,0
n012w8-0,n012w8,0,5,500000,100.0,adaptive,2026-07-04T12:26:25+01:00,8,8,84,119,94,0.000000,1820,1845,1820,25,1.3550,GLOBAL_BEST,3,777,0,170,109,66,31,93,8064.5161,268.8172,0,0,0,0,0,0
n012w8-0,n012w8,0,5,500000,100.0,adaptive,2026-07-04T12:26:25+01:00,8,1,84,139,1,99.619418,3145,3170,3145,25,0.7886,LOCAL_BEST,0,777,26,240,31,67,20,-93,12500.0000,0.0000,0,0,0,0,0,0
n012w8-0,n012w8,0,5,500000,100.0,adaptive,2026-07-04T12:26:25+01:00,8,1,84,150,1,99.589144,3140,3145,3140,5,0.1590,LOCAL_BEST,0,777,28,263,37,68,11,0,4545.4545,0.0000,0,0,0,0,0,0
n012w8-0,n012w8,0,5,500000,100.0,adaptive,2026-07-04T12:26:25+01:00,8,1,84,172,1,99.528624,3130,3140,3130,10,0.3185,LOCAL_BEST,0,777,30,305,47,69,22,0,4545.4545,0.0000,0,0,0,0,0,0
n012w8-0,n012w8,0,5,500000,100.0,adaptive,2026-07-04T12:26:25+01:00,8,1,84,174,1,99.523124,3060,3130,3060,70,2.2364,GLOBAL_BEST,0,777,30,310,47,70,2,0,350000.0000,0.0000,0,0,0,0,0,0
n012w8-0,n012w8,0,5,500000,100.0,adaptive,2026-07-04T12:26:25+01:00,8,3,84,177,1,0.000000,3750,3770,3750,20,0.5305,LOCAL_BEST,0,777,54,344,6,71,3,0,66666.6667,0.0000,0,0,0,0,0,0
n012w8-0,n012w8,0,5,500000,100.0,adaptive,2026-07-04T12:26:25+01:00,8,3,84,180,1,0.000000,3620,3750,3620,130,3.4667,LOCAL_BEST,0,777,55,347,6,72,3,0,433333.3333,0.0000,0,0,0,0,0,0
n012w8-0,n012w8,0,5,500000,100.0,adaptive,2026-07-04T12:26:25+01:00,8,3,84,181,1,0.000000,3450,3620,3450,170,4.6961,LOCAL_BEST,0,777,55,347,6,73,1,0,1700000.0000,0.0000,0,0,0,0,0,0
n012w8-0,n012w8,0,5,500000,100.0,adaptive,2026-07-04T12:26:25+01:00,8,3,84,182,1,0.000000,3440,3450,3440,10,0.2899,LOCAL_BEST,0,777,55,351,6,74,1,0,100000.0000,0.0000,0,0,0,0,0,0
n012w8-0,n012w8,0,5,500000,100.0,adaptive,2026-07-04T12:26:25+01:00,8,1,84,183,1,99.498378,3050,3060,3050,10,0.3268,GLOBAL_BEST,0,777,34,327,49,75,1,0,100000.0000,0.0000,0,0,0,0,0,0
n012w8-0,n012w8,0,5,500000,100.0,adaptive,2026-07-04T12:26:25+01:00,8,1,84,186,1,99.490130,3010,3050,3010,40,1.3115,GLOBAL_BEST,0,777,34,331,51,76,3,0,133333.3333,0.0000,0,0,0,0,0,0
n012w8-0,n012w8,0,5,500000,100.0,adaptive,2026-07-04T12:26:25+01:00,8,1,84,194,1,99.468141,2945,3010,2945,65,2.1595,GLOBAL_BEST,0,777,37,338,53,77,8,0,81250.0000,0.0000,0,0,0,0,0,0
n012w8-0,n012w8,0,5,500000,100.0,adaptive,2026-07-04T12:26:25+01:00,8,1,84,195,1,99.465392,2925,2945,2925,20,0.6791,GLOBAL_BEST,0,777,37,339,53,78,1,0,200000.0000,0.0000,0,0,0,0,0,0
n012w8-0,n012w8,0,5,500000,100.0,adaptive,2026-07-04T12:26:25+01:00,8,2,84,197,1,0.000000,3060,3105,3060,45,1.4493,LOCAL_BEST,0,777,0,336,1,79,2,0,225000.0000,0.0000,0,0,0,0,0,0
n012w8-0,n012w8,0,5,500000,100.0,adaptive,2026-07-04T12:26:25+01:00,8,3,84,198,1,0.000000,3350,3440,3350,90,2.6163,LOCAL_BEST,0,777,61,379,7,80,1,0,900000.0000,0.0000,0,0,0,0,0,0
n012w8-0,n012w8,0,5,500000,100.0,adaptive,2026-07-04T12:26:25+01:00,8,1,84,215,1,99.410441,2875,2925,2875,50,1.7094,GLOBAL_BEST,0,777,40,368,66,81,17,0,29411.7647,0.0000,0,0,0,0,0,0
n012w8-0,n012w8,0,5,500000,100.0,adaptive,2026-07-04T12:26:25+01:00,8,1,84,226,1,99.380231,2745,2875,2745,130,4.5217,GLOBAL_BEST,0,777,42,379,72,82,11,0,118181.8182,0.0000,0,0,0,0,0,0
n012w8-0,n012w8,0,5,500000,100.0,adaptive,2026-07-04T12:26:25+01:00,8,1,84,230,1,99.369247,2600,2745,2600,145,5.2823,GLOBAL_BEST,0,777,42,387,73,83,4,0,362500.0000,0.0000,0,0,0,0,0,0
n012w8-0,n012w8,0,5,500000,100.0,adaptive,2026-07-04T12:26:25+01:00,8,3,84,288,1,0.000000,3345,3350,3345,5,0.1493,LOCAL_BEST,0,777,94,524,11,84,58,0,862.0690,0.0000,0,0,0,0,0,0
n012w8-0,n012w8,0,5,500000,100.0,adaptive,2026-07-04T12:26:25+01:00,8,3,84,289,1,0.000000,3180,3345,3180,165,4.9327,LOCAL_BEST,0,777,94,530,11,85,1,0,1650000.0000,0.0000,0,0,0,0,0,0
n012w8-0,n012w8,0,5,500000,100.0,adaptive,2026-07-04T12:26:25+01:00,8,3,84,294,1,0.000000,3130,3180,3130,50,1.5723,LOCAL_BEST,0,777,97,546,12,86,5,0,100000.0000,0.0000,0,0,0,0,0,0
n012w8-0,n012w8,0,5,500000,100.0,adaptive,2026-07-04T12:26:25+01:00,8,3,84,593,2,0.000000,3060,3130,3060,70,2.2364,LOCAL_BEST,0,777,207,1076,24,87,299,1,2341.1371,70000.0000,0,0,0,0,0,0
n012w8-0,n012w8,0,5,500000,100.0,adaptive,2026-07-04T12:26:25+01:00,8,5,84,680,49,0.000000,2030,2085,2030,55,2.6379,GLOBAL_BEST,1,777,0,1027,492,88,87,47,6321.8391,1170.2128,0,0,0,0,0,0
n012w8-0,n012w8,0,5,500000,100.0,adaptive,2026-07-04T12:26:25+01:00,8,14,84,939,202,0.000000,1685,1695,1685,10,0.5900,LOCAL_BEST,6,777,0,1399,891,89,259,153,386.1004,65.3595,0,0,0,0,0,0
n012w8-0,n012w8,0,5,500000,100.0,adaptive,2026-07-04T12:26:25+01:00,8,14,84,1004,202,0.000000,1680,1685,1680,5,0.2967,LOCAL_BEST,6,777,0,1515,950,90,65,0,769.2308,0.0000,0,0,0,0,0,0
n012w8-0,n012w8,0,5,500000,100.0,adaptive,2026-07-04T12:26:25+01:00,8,8,84,1137,95,0.000000,1810,1820,1810,10,0.5495,GLOBAL_BEST,3,777,0,1647,1026,91,133,-107,751.8797,0.0000,0,0,0,0,0,0
n012w8-0,n012w8,0,5,500000,100.0,adaptive,2026-07-04T12:26:25+01:00,8,11,84,1220,161,0.000000,1720,1725,1720,5,0.2899,GLOBAL_BEST,4,777,0,1694,1117,92,83,66,602.4096,75.7576,0,0,0,0,0,0
n012w8-0,n012w8,0,5,500000,100.0,adaptive,2026-07-04T12:26:25+01:00,8,8,84,1281,95,0.000000,1805,1810,1805,5,0.2762,GLOBAL_BEST,3,777,0,1863,1151,93,61,-66,819.6721,0.0000,0,0,0,0,0,0
n012w8-0,n012w8,0,5,500000,100.0,adaptive,2026-07-04T12:26:25+01:00,8,5,84,1429,50,0.000000,2025,2030,2025,5,0.2463,GLOBAL_BEST,1,777,0,2205,1072,94,148,-45,337.8378,0.0000,0,0,0,0,0,0
n012w8-0,n012w8,0,5,500000,100.0,adaptive,2026-07-04T12:26:25+01:00,8,1,84,1568,3,95.762616,2585,2600,2585,15,0.5769,GLOBAL_BEST,0,777,391,2770,484,95,139,-47,1079.1367,0.0000,0,0,0,0,0,0
n012w8-0,n012w8,0,5,500000,100.0,adaptive,2026-07-04T12:26:25+01:00,8,1,84,1615,3,95.638334,2570,2585,2570,15,0.5803,GLOBAL_BEST,0,777,402,2840,507,96,47,0,3191.4894,0.0000,0,0,0,0,0,0
n012w8-0,n012w8,0,5,500000,100.0,adaptive,2026-07-04T12:26:25+01:00,8,1,84,1618,3,95.630406,2540,2570,2540,30,1.1673,GLOBAL_BEST,0,777,402,2851,509,97,3,0,100000.0000,0.0000,0,0,0,0,0,0
n012w8-0,n012w8,0,5,500000,100.0,adaptive,2026-07-04T12:26:25+01:00,8,1,84,1619,3,95.627764,2510,2540,2510,30,1.1811,GLOBAL_BEST,0,777,402,2856,509,98,1,0,300000.0000,0.0000,0,0,0,0,0,0
n012w8-0,n012w8,0,5,500000,100.0,adaptive,2026-07-04T12:26:25+01:00,8,1,84,1621,3,95.622479,2495,2510,2495,15,0.5976,GLOBAL_BEST,0,777,402,2860,510,99,2,0,75000.0000,0.0000,0,0,0,0,0,0
n012w8-0,n012w8,0,5,500000,100.0,adaptive,2026-07-04T12:26:25+01:00,8,2,84,1883,3,0.000000,3055,3060,3055,5,0.1634,LOCAL_BEST,0,777,0,3258,110,100,262,0,190.8397,0.0000,0,0,0,0,0,0
n012w8-0,n012w8,0,5,500000,100.0,adaptive,2026-07-04T12:26:25+01:00,8,2,84,2240,5,0.000000,3040,3055,3040,15,0.4910,LOCAL_BEST,0,777,0,3825,172,101,357,2,420.1681,7500.0000,0,0,0,0,0,0
n012w8-0,n012w8,0,5,500000,100.0,adaptive,2026-07-04T12:26:25+01:00,8,2,84,2241,5,0.000000,3010,3040,3010,30,0.9868,LOCAL_BEST,0,777,0,3828,172,102,1,0,300000.0000,0.0000,0,0,0,0,0,0
n012w8-0,n012w8,0,5,500000,100.0,adaptive,2026-07-04T12:26:25+01:00,8,2,84,2333,5,0.000000,3005,3010,3005,5,0.1661,LOCAL_BEST,0,777,0,4001,193,103,92,0,543.4783,0.0000,0,0,0,0,0,0
n012w8-0,n012w8,0,5,500000,100.0,adaptive,2026-07-04T12:26:25+01:00,8,2,84,2652,5,0.000000,2880,3005,2880,125,4.1597,LOCAL_BEST,0,777,0,4498,237,104,319,0,3918.4953,0.0000,0,0,0,0,0,0
n012w8-0,n012w8,0,5,500000,100.0,adaptive,2026-07-04T12:26:25+01:00,8,2,84,2766,5,0.000000,2860,2880,2860,20,0.6944,LOCAL_BEST,0,777,0,4766,251,105,114,0,1754.3860,0.0000,0,0,0,0,0,0
n012w8-0,n012w8,0,5,500000,100.0,adaptive,2026-07-04T12:26:25+01:00,8,2,84,3303,6,0.000000,2785,2860,2785,75,2.6224,LOCAL_BEST,0,777,0,5758,356,106,537,1,1396.6480,75000.0000,0,0,0,0,0,0
n012w8-0,n012w8,0,5,500000,100.0,adaptive,2026-07-04T12:26:25+01:00,8,2,84,3304,6,0.000000,2770,2785,2770,15,0.5386,LOCAL_BEST,0,777,0,5758,356,107,1,0,150000.0000,0.0000,0,0,0,0,0,0
n012w8-0,n012w8,0,5,500000,100.0,adaptive,2026-07-04T12:26:25+01:00,8,2,84,3389,6,0.000000,2675,2770,2675,95,3.4296,LOCAL_BEST,0,777,0,5860,376,108,85,0,11176.4706,0.0000,0,0,0,0,0,0
n012w8-0,n012w8,0,5,500000,100.0,adaptive,2026-07-04T12:26:25+01:00,8,3,84,3869,7,0.000000,3050,3060,3050,10,0.3268,LOCAL_BEST,0,777,1439,6908,164,109,480,1,208.3333,10000.0000,0,0,0,0,0,0
n012w8-0,n012w8,0,5,500000,100.0,adaptive,2026-07-04T12:26:25+01:00,8,3,84,3870,7,0.000000,3030,3050,3030,20,0.6557,LOCAL_BEST,0,777,1439,6908,164,110,1,0,200000.0000,0.0000,0,0,0,0,0,0
n012w8-0,n012w8,0,5,500000,100.0,adaptive,2026-07-04T12:26:25+01:00,8,3,84,3876,7,0.000000,3025,3030,3025,5,0.1650,LOCAL_BEST,0,777,1441,6922,166,111,6,0,8333.3333,0.0000,0,0,0,0,0,0
n012w8-0,n012w8,0,5,500000,100.0,adaptive,2026-07-04T12:26:25+01:00,8,11,84,4090,168,0.000000,1710,1720,1710,10,0.5814,LOCAL_BEST,4,777,0,5666,3758,112,214,161,467.2897,62.1118,0,0,0,0,0,0
n012w8-0,n012w8,0,5,500000,100.0,adaptive,2026-07-04T12:26:25+01:00,8,1,84,4368,8,88.633112,2475,2495,2475,20,0.8016,GLOBAL_BEST,0,777,1107,7309,1425,113,278,-160,719.4245,0.0000,0,0,0,0,0,0
n012w8-0,n012w8,0,5,500000,100.0,adaptive,2026-07-04T12:26:25+01:00,8,3,84,4574,8,0.000000,3015,3025,3015,10,0.3306,LOCAL_BEST,0,777,1712,8164,193,114,206,0,485.4369,0.0000,0,0,0,0,0,0
n012w8-0,n012w8,0,5,500000,100.0,adaptive,2026-07-04T12:26:25+01:00,8,2,84,4791,8,0.000000,2655,2675,2655,20,0.7477,LOCAL_BEST,0,777,0,8286,821,115,217,0,921.6590,0.0000,0,0,0,0,0,0
n012w8-0,n012w8,0,5,500000,100.0,adaptive,2026-07-04T12:26:25+01:00,8,1,84,5339,10,86.286728,2445,2475,2445,30,1.2121,GLOBAL_BEST,0,777,1348,8950,1759,116,548,2,547.4453,15000.0000,0,0,0,0,0,0
n012w8-0,n012w8,0,5,500000,100.0,adaptive,2026-07-04T12:26:25+01:00,8,1,84,5644,10,85.562605,2415,2445,2415,30,1.2270,GLOBAL_BEST,0,777,1432,9477,1870,117,305,0,983.6066,0.0000,0,0,0,0,0,0
n012w8-0,n012w8,0,5,500000,100.0,adaptive,2026-07-04T12:26:25+01:00,8,1,84,5646,10,85.557877,2400,2415,2400,15,0.6211,GLOBAL_BEST,0,777,1433,9479,1870,118,2,0,75000.0000,0.0000,0,0,0,0,0,0
n012w8-0,n012w8,0,5,500000,100.0,adaptive,2026-07-04T12:26:25+01:00,8,1,84,5668,10,85.505884,2370,2400,2370,30,1.2500,GLOBAL_BEST,0,777,1437,9534,1880,119,22,0,13636.3636,0.0000,0,0,0,0,0,0
n012w8-0,n012w8,0,5,500000,100.0,adaptive,2026-07-04T12:26:25+01:00,8,3,84,6019,11,0.000000,3000,3015,3000,15,0.4975,LOCAL_BEST,0,777,2295,10749,250,120,351,1,427.3504,15000.0000,0,0,0,0,0,0
n012w8-0,n012w8,0,5,500000,100.0,adaptive,2026-07-04T12:26:25+01:00,8,8,84,6083,103,0.000000,1800,1805,1800,5,0.2770,GLOBAL_BEST,3,777,0,8918,5460,121,64,92,781.2500,54.3478,0,0,0,0,0,0
n012w8-0,n012w8,0,5,500000,100.0,adaptive,2026-07-04T12:26:25+01:00,8,5,84,6137,57,0.000000,2005,2025,2005,20,0.9877,GLOBAL_BEST,1,777,0,9406,4828,122,54,-46,3703.7037,0.0000,0,0,0,0,0,0
n012w8-0,n012w8,0,5,500000,100.0,adaptive,2026-07-04T12:26:25+01:00,8,2,84,6171,11,0.000000,2625,2655,2625,30,1.1299,LOCAL_BEST,0,777,0,10640,1283,123,34,-46,8823.5294,0.0000,0,0,0,0,0,0
n012w8-0,n012w8,0,5,500000,100.0,adaptive,2026-07-04T12:26:25+01:00,8,2,84,6172,11,0.000000,2605,2625,2605,20,0.7619,LOCAL_BEST,0,777,0,10641,1283,124,1,0,200000.0000,0.0000,0,0,0,0,0,0
n012w8-0,n012w8,0,5,500000,100.0,adaptive,2026-07-04T12:26:25+01:00,8,3,84,6459,11,0.000000,2980,3000,2980,20,0.6667,LOCAL_BEST,0,777,2467,11464,263,125,287,0,696.8641,0.0000,0,0,0,0,0,0
n012w8-0,n012w8,0,5,500000,100.0,adaptive,2026-07-04T12:26:25+01:00,8,3,84,6460,11,0.000000,2920,2980,2920,60,2.0134,LOCAL_BEST,0,777,2467,11464,263,126,1,0,600000.0000,0.0000,0,0,0,0,0,0
n012w8-0,n012w8,0,5,500000,100.0,adaptive,2026-07-04T12:26:25+01:00,8,3,84,6462,11,0.000000,2895,2920,2895,25,0.8562,LOCAL_BEST,0,777,2468,11472,263,127,2,0,125000.0000,0.0000,0,0,0,0,0,0
n012w8-0,n012w8,0,5,500000,100.0,adaptive,2026-07-04T12:26:25+01:00,8,8,84,7084,104,0.000000,1790,1800,1790,10,0.5556,GLOBAL_BEST,3,777,0,10298,6356,128,622,93,160.7717,107.5269,0,0,0,0,0,0
n012w8-0,n012w8,0,5,500000,100.0,adaptive,2026-07-04T12:26:25+01:00,8,2,84,7811,13,0.000000,2575,2605,2575,30,1.1516,LOCAL_BEST,0,777,0,13430,1875,129,727,-91,412.6547,0.0000,0,0,0,0,0,0
n012w8-0,n012w8,0,5,500000,100.0,adaptive,2026-07-04T12:26:25+01:00,8,5,84,7888,59,0.000000,2000,2005,2000,5,0.2494,GLOBAL_BEST,1,777,0,12249,6218,130,77,46,649.3506,108.6957,0,0,0,0,0,0
n012w8-0,n012w8,0,5,500000,100.0,adaptive,2026-07-04T12:26:25+01:00,8,5,84,8320,60,0.000000,1995,2000,1995,5,0.2500,GLOBAL_BEST,1,777,0,12897,6528,131,432,1,115.7407,5000.0000,0,0,0,0,0,0
n012w8-0,n012w8,0,5,500000,100.0,adaptive,2026-07-04T12:26:25+01:00,8,5,84,8519,60,0.000000,1970,1995,1970,25,1.2531,GLOBAL_BEST,1,777,0,13150,6682,132,199,0,1256.2814,0.0000,0,0,0,0,0,0
n012w8-0,n012w8,0,5,500000,100.0,adaptive,2026-07-04T12:26:25+01:00,8,5,84,8817,60,0.000000,1965,1970,1965,5,0.2538,GLOBAL_BEST,1,777,0,13628,6918,133,298,0,167.7852,0.0000,0,0,0,0,0,0
n012w8-0,n012w8,0,5,500000,100.0,adaptive,2026-07-04T12:26:25+01:00,8,5,84,9281,61,0.000000,1950,1965,1950,15,0.7634,GLOBAL_BEST,1,777,0,14361,7289,134,464,1,323.2759,15000.0000,0,0,0,0,0,0
n012w8-0,n012w8,0,5,500000,100.0,adaptive,2026-07-04T12:26:25+01:00,8,8,84,10600,110,0.000000,1785,1790,1785,5,0.2793,GLOBAL_BEST,3,777,0,15544,9477,135,1319,49,37.9075,102.0408,0,0,0,0,0,0
n012w8-0,n012w8,0,5,500000,100.0,adaptive,2026-07-04T12:26:25+01:00,8,2,84,10834,19,0.000000,2520,2575,2520,55,2.1359,LOCAL_BEST,0,777,0,18281,3087,136,234,-91,2350.4274,0.0000,0,0,0,0,0,0
n012w8-0,n012w8,0,5,500000,100.0,adaptive,2026-07-04T12:26:25+01:00,8,8,84,11552,111,0.000000,1770,1785,1770,15,0.8403,GLOBAL_BEST,3,777,0,16898,10333,137,718,92,208.9136,163.0435,0,0,0,0,0,0
n012w8-0,n012w8,0,5,500000,100.0,adaptive,2026-07-04T12:26:25+01:00,8,1,84,12291,21,71.206559,2345,2370,2345,25,1.0549,GLOBAL_BEST,0,777,2979,20583,4410,138,739,-90,338.2950,0.0000,0,0,0,0,0,0
n012w8-0,n012w8,0,5,500000,100.0,adaptive,2026-07-04T12:26:25+01:00,8,1,84,12306,21,71.177053,2260,2345,2260,85,3.6247,GLOBAL_BEST,0,777,2982,20617,4415,139,15,0,56666.6667,0.0000,0,0,0,0,0,0
n012w8-0,n012w8,0,5,500000,100.0,adaptive,2026-07-04T12:26:25+01:00,8,14,84,12827,221,0.000000,1670,1680,1670,10,0.5952,LOCAL_BEST,6,777,0,18085,11952,140,521,200,191.9386,50.0000,0,0,0,0,0,0
n012w8-0,n012w8,0,5,500000,100.0,adaptive,2026-07-04T12:26:25+01:00,8,5,84,12991,69,0.000000,1920,1950,1920,30,1.5385,GLOBAL_BEST,1,777,0,19885,10238,141,164,-152,1829.2683,0.0000,0,0,0,0,0,0
n012w8-0,n012w8,0,5,500000,100.0,adaptive,2026-07-04T12:26:25+01:00,8,3,84,15178,26,0.000000,2840,2895,2840,55,1.8998,LOCAL_BEST,0,777,5823,26813,612,142,2187,-43,251.4861,0.0000,0,0,0,0,0,0
n012w8-0,n012w8,0,5,500000,100.0,adaptive,2026-07-04T12:26:25+01:00,8,3,84,15179,26,0.000000,2650,2840,2650,190,6.6901,LOCAL_BEST,0,777,5823,26814,612,143,1,0,1900000.0000,0.0000,0,0,0,0,0,0
n012w8-0,n012w8,0,5,500000,100.0,adaptive,2026-07-04T12:26:25+01:00,8,2,84,15477,26,0.000000,2515,2520,2515,5,0.1984,LOCAL_BEST,0,777,0,25915,5422,144,298,0,167.7852,0.0000,0,0,0,0,0,0
n012w8-0,n012w8,0,5,500000,100.0,adaptive,2026-07-04T12:26:25+01:00,8,2,84,15598,26,0.000000,2505,2515,2505,10,0.3976,LOCAL_BEST,0,777,0,26105,5476,145,121,0,826.4463,0.0000,0,0,0,0,0,0
n012w8-0,n012w8,0,5,500000,100.0,adaptive,2026-07-04T12:26:25+01:00,8,2,84,15600,26,0.000000,2495,2505,2495,10,0.3992,LOCAL_BEST,0,777,0,26109,5477,146,2,0,50000.0000,0.0000,0,0,0,0,0,0
n012w8-0,n012w8,0,5,500000,100.0,adaptive,2026-07-04T12:26:25+01:00,8,2,84,15825,26,0.000000,2490,2495,2490,5,0.2004,LOCAL_BEST,0,777,0,26469,5590,147,225,0,222.2222,0.0000,0,0,0,0,0,0
n012w8-0,n012w8,0,5,500000,100.0,adaptive,2026-07-04T12:26:25+01:00,8,2,84,15827,26,0.000000,2460,2490,2460,30,1.2048,LOCAL_BEST,0,777,0,26471,5590,148,2,0,150000.0000,0.0000,0,0,0,0,0,0
n012w8-0,n012w8,0,5,500000,100.0,adaptive,2026-07-04T12:26:25+01:00,8,5,84,16515,75,0.000000,1900,1920,1900,20,1.0417,GLOBAL_BEST,1,777,0,25221,13111,149,688,49,290.6977,408.1633,0,0,0,0,0,0
n012w8-0,n012w8,0,5,500000,100.0,adaptive,2026-07-04T12:26:25+01:00,8,2,84,17890,29,0.000000,2455,2460,2455,5,0.2033,LOCAL_BEST,0,777,0,29779,6719,150,1375,-46,36.3636,0.0000,0,0,0,0,0,0
n012w8-0,n012w8,0,5,500000,100.0,adaptive,2026-07-04T12:26:25+01:00,8,2,84,17934,29,0.000000,2440,2455,2440,15,0.6110,LOCAL_BEST,0,777,0,29854,6746,151,44,0,3409.0909,0.0000,0,0,0,0,0,0
n012w8-0,n012w8,0,5,500000,100.0,adaptive,2026-07-04T12:26:25+01:00,8,2,84,17940,30,0.000000,2410,2440,2410,30,1.2295,LOCAL_BEST,0,777,0,29863,6749,152,6,1,50000.0000,30000.0000,0,0,0,0,0,0
n012w8-0,n012w8,0,5,500000,100.0,adaptive,2026-07-04T12:26:25+01:00,8,2,84,18631,31,0.000000,2350,2410,2350,60,2.4896,LOCAL_BEST,0,777,0,31026,7113,153,691,1,868.3068,60000.0000,0,0,0,0,0,0
n012w8-0,n012w8,0,5,500000,100.0,adaptive,2026-07-04T12:26:25+01:00,8,2,84,19520,32,0.000000,2340,2350,2340,10,0.4255,LOCAL_BEST,0,777,0,32580,7579,154,889,1,112.4859,10000.0000,0,0,0,0,0,0
n012w8-0,n012w8,0,5,500000,100.0,adaptive,2026-07-04T12:26:25+01:00,8,5,84,19953,80,0.000000,1880,1900,1880,20,1.0526,GLOBAL_BEST,1,777,0,30428,15916,155,433,48,461.8938,416.6667,0,0,0,0,0,0
n012w8-0,n012w8,0,5,500000,100.0,adaptive,2026-07-04T12:26:25+01:00,8,1,84,20144,34,57.317072,2250,2260,2250,10,0.4425,GLOBAL_BEST,0,777,4556,33273,7864,156,191,-46,523.5602,0.0000,0,0,0,0,0,0
n012w8-0,n012w8,0,5,500000,100.0,adaptive,2026-07-04T12:26:25+01:00,8,5,84,23595,85,0.000000,1865,1880,1865,15,0.7979,GLOBAL_BEST,1,777,0,36012,18928,157,3451,51,43.4657,294.1176,0,0,0,0,0,0
n012w8-0,n012w8,0,5,500000,100.0,adaptive,2026-07-04T12:26:25+01:00,8,8,84,23797,129,0.000000,1760,1770,1760,10,0.5650,GLOBAL_BEST,3,777,0,34169,21360,158,202,44,495.0495,227.2727,0,0,0,0,0,0
n012w8-0,n012w8,0,5,500000,100.0,adaptive,2026-07-04T12:26:25+01:00,8,2,84,23954,39,0.000000,2275,2340,2275,65,2.7778,LOCAL_BEST,0,777,0,39584,10220,159,157,-90,4140.1274,0.0000,0,0,0,0,0,0
n012w8-0,n012w8,0,5,500000,100.0,adaptive,2026-07-04T12:26:25+01:00,8,1,84,24146,40,51.316851,2230,2250,2230,20,0.8889,GLOBAL_BEST,0,777,5311,39782,9805,160,192,1,1041.6667,20000.0000,0,0,0,0,0,0
n012w8-0,n012w8,0,5,500000,100.0,adaptive,2026-07-04T12:26:25+01:00,8,5,84,24456,88,0.000000,1860,1865,1860,5,0.2681,GLOBAL_BEST,1,777,0,37177,19628,161,310,48,161.2903,104.1667,0,0,0,0,0,0
n012w8-0,n012w8,0,5,500000,100.0,adaptive,2026-07-04T12:26:25+01:00,8,5,84,26838,93,0.000000,1855,1860,1855,5,0.2688,GLOBAL_BEST,1,777,0,40695,21622,162,2382,5,20.9908,1000.0000,0,0,0,0,0,0
n012w8-0,n012w8,0,5,500000,100.0,adaptive,2026-07-04T12:26:25+01:00,8,5,84,26957,94,0.000000,1850,1855,1850,5,0.2695,LOCAL_BEST,1,777,0,40916,21716,163,119,1,420.1681,5000.0000,0,0,0,0,0,0
n012w8-0,n012w8,0,5,500000,100.0,adaptive,2026-07-04T12:26:25+01:00,8,5,84,27049,94,0.000000,1845,1850,1845,5,0.2703,LOCAL_BEST,1,777,0,41040,21783,164,92,0,543.4783,0.0000,0,0,0,0,0,0
n012w8-0,n012w8,0,5,500000,100.0,adaptive,2026-07-04T12:26:25+01:00,8,2,84,27515,46,0.000000,2255,2275,2255,20,0.8791,LOCAL_BEST,0,777,0,45417,12447,165,466,-48,429.1845,0.0000,0,0,0,0,0,0
n012w8-0,n012w8,0,5,500000,100.0,adaptive,2026-07-04T12:26:25+01:00,8,1,84,28188,49,45.894009,2215,2230,2215,15,0.6726,LOCAL_BEST,0,777,5983,46466,12014,166,673,3,222.8826,5000.0000,0,0,0,0,0,0
n012w8-0,n012w8,0,5,500000,100.0,adaptive,2026-07-04T12:26:25+01:00,8,2,84,28684,47,0.000000,2240,2255,2240,15,0.6652,LOCAL_BEST,0,777,0,47215,13165,167,496,-2,302.4194,0.0000,0,0,0,0,0,0
n012w8-0,n012w8,0,5,500000,100.0,adaptive,2026-07-04T12:26:25+01:00,8,2,84,28702,47,0.000000,2180,2240,2180,60,2.6786,GLOBAL_BEST,0,777,0,47247,13178,168,18,0,33333.3333,0.0000,0,0,0,0,0,0
n012w8-0,n012w8,0,5,500000,100.0,adaptive,2026-07-04T12:26:25+01:00,8,1,84,29308,51,44.495491,2170,2215,2170,45,2.0316,LOCAL_BEST,0,777,6146,48297,12650,169,606,4,742.5743,11250.0000,0,0,0,0,0,0
n012w8-0,n012w8,0,5,500000,100.0,adaptive,2026-07-04T12:26:25+01:00,8,1,84,29309,51,44.494261,2155,2170,2155,15,0.6912,LOCAL_BEST,0,777,6146,48300,12650,170,1,0,150000.0000,0.0000,0,0,0,0,0,0
n012w8-0,n012w8,0,5,500000,100.0,adaptive,2026-07-04T12:26:25+01:00,8,1,84,29317,51,44.484427,2120,2155,2120,35,1.6241,LOCAL_BEST,0,777,6148,48313,12652,171,8,0,43750.0000,0.0000,0,0,0,0,0,0
n012w8-0,n012w8,0,5,500000,100.0,adaptive,2026-07-04T12:26:25+01:00,8,2,84,29712,49,0.000000,2125,2180,2125,55,2.5229,LOCAL_BEST,0,777,0,48774,13762,172,395,-2,1392.4051,0.0000,0,0,0,0,0,0
n012w8-0,n012w8,0,5,500000,100.0,adaptive,2026-07-04T12:26:25+01:00,8,5,84,30045,98,0.000000,1835,1845,1835,10,0.5420,LOCAL_BEST,1,777,0,45473,24322,173,333,49,300.3003,204.0816,0,0,0,0,0,0
n012w8-0,n012w8,0,5,500000,100.0,adaptive,2026-07-04T12:26:25+01:00,8,5,84,30048,98,0.000000,1825,1835,1825,10,0.5450,LOCAL_BEST,1,777,0,45476,24324,174,3,0,33333.3333,0.0000,0,0,0,0,0,0
n012w8-0,n012w8,0,5,500000,100.0,adaptive,2026-07-04T12:26:25+01:00,8,5,84,30085,98,0.000000,1815,1825,1815,10,0.5479,LOCAL_BEST,1,777,0,45534,24354,175,37,0,2702.7027,0.0000,0,0,0,0,0,0
n012w8-0,n012w8,0,5,500000,100.0,adaptive,2026-07-04T12:26:25+01:00,8,1,84,31985,55,41.323015,2030,2120,2030,90,4.2453,LOCAL_BEST,0,777,6531,52560,14213,176,1900,-43,473.6842,0.0000,0,0,0,0,0,0
n012w8-0,n012w8,0,5,500000,100.0,adaptive,2026-07-04T12:26:25+01:00,8,4,84,32125,112,41.163472,2170,2180,2170,10,0.4587,LOCAL_BEST,1,777,6739,53496,13955,177,140,57,714.2857,175.4386,0,0,0,0,0,0
n012w8-0,n012w8,0,5,500000,100.0,adaptive,2026-07-04T12:26:25+01:00,8,4,84,32127,112,41.161197,2090,2170,2090,80,3.6866,LOCAL_BEST,1,777,6739,53499,13956,178,2,0,400000.0000,0.0000,0,0,0,0,0,0
n012w8-0,n012w8,0,5,500000,100.0,adaptive,2026-07-04T12:26:25+01:00,8,4,84,33137,114,40.028379,2035,2090,2035,55,2.6316,LOCAL_BEST,1,777,6867,55073,14578,179,1010,2,544.5545,27500.0000,0,0,0,0,0,0
n012w8-0,n012w8,0,5,500000,100.0,adaptive,2026-07-04T12:26:25+01:00,8,5,84,35492,108,0.000000,1810,1815,1810,5,0.2755,LOCAL_BEST,1,777,0,53660,28968,180,2355,-6,21.2314,0.0000,0,0,0,0,0,0
n012w8-0,n012w8,0,5,500000,100.0,adaptive,2026-07-04T12:26:25+01:00,8,5,84,35913,109,0.000000,1800,1810,1800,10,0.5525,LOCAL_BEST,1,777,0,54320,29325,181,421,1,237.5297,10000.0000,0,0,0,0,0,0
n012w8-0,n012w8,0,5,500000,100.0,adaptive,2026-07-04T12:26:25+01:00,8,5,84,36084,109,0.000000,1790,1800,1790,10,0.5556,LOCAL_BEST,1,777,0,54554,29471,182,171,0,584.7953,0.0000,0,0,0,0,0,0
n012w8-0,n012w8,0,5,500000,100.0,adaptive,2026-07-04T12:26:25+01:00,8,1,84,40172,69,32.957025,2025,2030,2025,5,0.2463,LOCAL_BEST,0,777,7570,65886,19356,183,4088,-40,12.2309,0.0000,0,0,0,0,0,0
n012w8-0,n012w8,0,5,500000,100.0,adaptive,2026-07-04T12:26:25+01:00,8,2,84,41074,67,0.000000,2120,2125,2120,5,0.2353,LOCAL_BEST,0,777,0,67352,21702,184,902,-2,55.4324,0.0000,0,0,0,0,0,0
n012w8-0,n012w8,0,5,500000,100.0,adaptive,2026-07-04T12:26:25+01:00,8,2,84,41075,67,0.000000,2090,2120,2090,30,1.4151,LOCAL_BEST,0,777,0,67352,21702,185,1,0,300000.0000,0.0000,0,0,0,0,0,0
n012w8-0,n012w8,0,5,500000,100.0,adaptive,2026-07-04T12:26:25+01:00,8,1,84,41246,70,31.993371,2015,2025,2015,10,0.4938,LOCAL_BEST,0,777,7676,67606,20115,186,171,3,584.7953,3333.3333,0,0,0,0,0,0
n012w8-0,n012w8,0,5,500000,100.0,adaptive,2026-07-04T12:26:25+01:00,8,1,84,41287,70,31.957147,2010,2015,2010,5,0.2481,LOCAL_BEST,0,777,7678,67671,20148,187,41,0,1219.5122,0.0000,0,0,0,0,0,0
n012w8-0,n012w8,0,5,500000,100.0,adaptive,2026-07-04T12:26:25+01:00,8,2,84,42514,69,0.000000,2085,2090,2085,5,0.2392,LOCAL_BEST,0,777,0,69523,22690,188,1227,-1,40.7498,0.0000,0,0,0,0,0,0
n012w8-0,n012w8,0,5,500000,100.0,adaptive,2026-07-04T12:26:25+01:00,8,2,84,42516,69,0.000000,2060,2085,2060,25,1.1990,LOCAL_BEST,0,777,0,69525,22690,189,2,0,125000.0000,0.0000,0,0,0,0,0,0
n012w8-0,n012w8,0,5,500000,100.0,adaptive,2026-07-04T12:26:25+01:00,8,1,84,43049,74,30.438553,1995,2010,1995,15,0.7463,LOCAL_BEST,0,777,7859,70357,21337,190,533,5,281.4259,3000.0000,0,0,0,0,0,0
n012w8-0,n012w8,0,5,500000,100.0,adaptive,2026-07-04T12:26:25+01:00,8,1,84,43064,74,30.425940,1965,1995,1965,30,1.5038,LOCAL_BEST,0,777,7861,70384,21346,191,15,0,20000.0000,0.0000,0,0,0,0,0,0
n012w8-0,n012w8,0,5,500000,100.0,adaptive,2026-07-04T12:26:25+01:00,8,1,84,43070,74,30.420896,1955,1965,1955,10,0.5089,LOCAL_BEST,0,777,7862,70395,21350,192,6,0,16666.6667,0.0000,0,0,0,0,0,0
n012w8-0,n012w8,0,5,500000,100.0,adaptive,2026-07-04T12:26:25+01:00,8,5,84,43124,126,0.000000,1780,1790,1780,10,0.5587,LOCAL_BEST,1,777,0,65123,35666,193,54,52,1851.8519,192.3077,0,0,0,0,0,0
n012w8-0,n012w8,0,5,500000,100.0,adaptive,2026-07-04T12:26:25+01:00,8,2,84,44030,72,0.000000,2030,2060,2030,30,1.4563,LOCAL_BEST,0,777,0,71866,23748,194,906,-54,331.1258,0.0000,0,0,0,0,0,0
n012w8-0,n012w8,0,5,500000,100.0,adaptive,2026-07-04T12:26:25+01:00,8,2,84,44781,73,0.000000,2015,2030,2015,15,0.7389,LOCAL_BEST,0,777,0,73060,24269,195,751,1,199.7337,15000.0000,0,0,0,0,0,0
n012w8-0,n012w8,0,5,500000,100.0,adaptive,2026-07-04T12:26:25+01:00,8,4,84,47407,140,26.985347,1980,2035,1980,55,2.7027,LOCAL_BEST,1,777,8454,77655,24114,196,2626,67,209.4440,820.8955,0,0,0,0,0,0
n012w8-0,n012w8,0,5,500000,100.0,adaptive,2026-07-04T12:26:25+01:00,8,4,84,47413,141,26.980873,1965,1980,1965,15,0.7576,LOCAL_BEST,1,777,8455,77670,24117,197,6,1,25000.0000,15000.0000,0,0,0,0,0,0
n012w8-0,n012w8,0,5,500000,100.0,adaptive,2026-07-04T12:26:25+01:00,8,4,84,47488,141,26.925018,1940,1965,1940,25,1.2723,LOCAL_BEST,1,777,8458,77788,24174,198,75,0,3333.3333,0.0000,0,0,0,0,0,0
n012w8-0,n012w8,0,5,500000,100.0,adaptive,2026-07-04T12:26:25+01:00,8,4,84,47489,141,26.924274,1925,1940,1925,15,0.7732,LOCAL_BEST,1,777,8458,77790,24174,199,1,0,150000.0000,0.0000,0,0,0,0,0,0
n012w8-0,n012w8,0,5,500000,100.0,adaptive,2026-07-04T12:26:25+01:00,8,4,84,47497,141,26.918323,1915,1925,1915,10,0.5195,LOCAL_BEST,1,777,8458,77805,24181,200,8,0,12500.0000,0.0000,0,0,0,0,0,0
n012w8-0,n012w8,0,5,500000,100.0,adaptive,2026-07-04T12:26:25+01:00,8,2,84,47675,77,0.000000,2010,2015,2010,5,0.2481,LOCAL_BEST,0,777,0,77592,26384,201,178,-64,280.8989,0.0000,0,0,0,0,0,0
n012w8-0,n012w8,0,5,500000,100.0,adaptive,2026-07-04T12:26:25+01:00,8,1,84,47768,81,26.717511,1920,1955,1920,35,1.7903,LOCAL_BEST,0,777,8295,78001,24693,202,93,4,3763.4409,8750.0000,0,0,0,0,0,0
n012w8-0,n012w8,0,5,500000,100.0,adaptive,2026-07-04T12:26:25+01:00,8,1,84,47770,81,26.716035,1890,1920,1890,30,1.5625,LOCAL_BEST,0,777,8295,78001,24694,203,2,0,150000.0000,0.0000,0,0,0,0,0,0
n012w8-0,n012w8,0,5,500000,100.0,adaptive,2026-07-04T12:26:25+01:00,8,1,84,47780,81,26.708654,1885,1890,1885,5,0.2646,LOCAL_BEST,0,777,8295,78010,24700,204,10,0,5000.0000,0.0000,0,0,0,0,0,0
n012w8-0,n012w8,0,5,500000,100.0,adaptive,2026-07-04T12:26:25+01:00,8,5,84,49575,136,0.000000,1775,1780,1775,5,0.2809,LOCAL_BEST,1,777,0,74657,41414,205,1795,55,27.8552,90.9091,0,0,0,0,0,0
n012w8-0,n012w8,0,5,500000,100.0,adaptive,2026-07-04T12:26:25+01:00,8,2,84,52583,85,0.000000,2005,2010,2005,5,0.2488,LOCAL_BEST,0,777,0,85202,30104,206,3008,-51,16.6223,0.0000,0,0,0,0,0,0
n012w8-0,n012w8,0,5,500000,100.0,adaptive,2026-07-04T12:26:25+01:00,8,5,84,52698,140,0.000000,1760,1775,1760,15,0.8451,LOCAL_BEST,1,777,0,79499,44246,207,115,55,1304.3478,272.7273,0,0,0,0,0,0
n012w8-0,n012w8,0,5,500000,100.0,adaptive,2026-07-04T12:26:25+01:00,8,2,84,53350,86,0.000000,1990,2005,1990,15,0.7481,LOCAL_BEST,0,777,0,86379,30718,208,652,-54,230.0613,0.0000,0,0,0,0,0,0
n012w8-0,n012w8,0,5,500000,100.0,adaptive,2026-07-04T12:26:25+01:00,8,2,84,54782,89,0.000000,1975,1990,1975,15,0.7538,LOCAL_BEST,0,777,0,88556,31830,209,1432,3,104.7486,5000.0000,0,0,0,0,0,0
n012w8-0,n012w8,0,5,500000,100.0,adaptive,2026-07-04T12:26:25+01:00,8,2,84,56600,92,0.000000,1970,1975,1970,5,0.2532,LOCAL_BEST,0,777,0,91491,33290,210,1818,3,27.5028,1666.6667,0,0,0,0,0,0
n012w8-0,n012w8,0,5,500000,100.0,adaptive,2026-07-04T12:26:25+01:00,8,2,84,57597,93,0.000000,1945,1970,1945,25,1.2690,LOCAL_BEST,0,777,0,93016,34064,211,997,1,250.7523,25000.0000,0,0,0,0,0,0
n012w8-0,n012w8,0,5,500000,100.0,adaptive,2026-07-04T12:26:25+01:00,8,4,84,58121,161,20.070584,1890,1915,1890,25,1.3055,LOCAL_BEST,1,777,9269,94420,32061,212,524,68,477.0992,367.6471,0,0,0,0,0,0
n012w8-0,n012w8,0,5,500000,100.0,adaptive,2026-07-04T12:26:25+01:00,8,2,84,58651,95,0.000000,1925,1945,1925,20,1.0283,LOCAL_BEST,0,777,0,94755,34921,213,530,-66,377.3585,0.0000,0,0,0,0,0,0
n012w8-0,n012w8,0,5,500000,100.0,adaptive,2026-07-04T12:26:25+01:00,8,1,84,59173,99,19.495573,1875,1885,1875,10,0.5305,LOCAL_BEST,0,777,9121,95501,33166,214,522,4,191.5709,2500.0000,0,0,0,0,0,0
n012w8-0,n012w8,0,5,500000,100.0,adaptive,2026-07-04T12:26:25+01:00,8,1,84,60930,102,18.571715,1860,1875,1860,15,0.8000,LOCAL_BEST,0,777,9224,98142,34573,215,1757,3,85.3728,5000.0000,0,0,0,0,0,0
n012w8-0,n012w8,0,5,500000,100.0,adaptive,2026-07-04T12:26:25+01:00,8,2,84,60994,98,0.000000,1900,1925,1900,25,1.2987,LOCAL_BEST,0,777,0,98471,36764,216,64,-4,3906.2500,0.0000,0,0,0,0,0,0
n012w8-0,n012w8,0,5,500000,100.0,adaptive,2026-07-04T12:26:25+01:00,8,1,84,61149,102,18.459673,1840,1860,1840,20,1.0753,LOCAL_BEST,0,777,9232,98534,34761,217,155,4,1290.3226,5000.0000,0,0,0,0,0,0
n012w8-0,n012w8,0,5,500000,100.0,adaptive,2026-07-04T12:26:25+01:00,8,2,84,61343,99,0.000000,1825,1900,1825,75,3.9474,LOCAL_BEST,0,777,0,98969,37039,218,194,-3,3865.9794,0.0000,0,0,0,0,0,0
n012w8-0,n012w8,0,5,500000,100.0,adaptive,2026-07-04T12:26:25+01:00,8,7,84,64785,232,16.695214,1815,1855,1815,40,2.1563,LOCAL_BEST,2,777,9536,104570,37485,219,3442,133,116.2115,300.7519,0,0,0,0,0,0
n012w8-0,n012w8,0,5,500000,100.0,adaptive,2026-07-04T12:26:25+01:00,8,7,84,66422,237,15.956881,1810,1815,1810,5,0.2755,LOCAL_BEST,2,777,9599,106890,38859,220,1637,5,30.5437,1000.0000,0,0,0,0,0,0
n012w8-0,n012w8,0,5,500000,100.0,adaptive,2026-07-04T12:26:25+01:00,8,4,84,68549,182,15.046102,1875,1890,1875,15,0.7937,LOCAL_BEST,1,777,9752,110465,40525,221,2127,-55,70.5219,0.0000,0,0,0,0,0,0
n012w8-0,n012w8,0,5,500000,100.0,adaptive,2026-07-04T12:26:25+01:00,8,7,84,69880,245,14.502805,1785,1810,1785,25,1.3812,LOCAL_BEST,2,777,9740,112023,41797,222,1331,63,187.8287,396.8254,0,0,0,0,0,0
n012w8-0,n012w8,0,5,500000,100.0,adaptive,2026-07-04T12:26:25+01:00,8,4,84,70185,185,14.381096,1870,1875,1870,5,0.2667,LOCAL_BEST,1,777,9817,112929,41913,223,305,-60,163.9344,0.0000,0,0,0,0,0,0
n012w8-0,n012w8,0,5,500000,100.0,adaptive,2026-07-04T12:26:25+01:00,8,4,84,70195,185,14.377123,1845,1870,1845,25,1.3369,LOCAL_BEST,1,777,9818,112947,41919,224,10,0,25000.0000,0.0000,0,0,0,0,0,0
n012w8-0,n012w8,0,5,500000,100.0,adaptive,2026-07-04T12:26:25+01:00,8,1,84,70590,116,14.221061,1830,1840,1830,10,0.5435,LOCAL_BEST,0,777,9637,112737,42508,225,395,-69,253.1646,0.0000,0,0,0,0,0,0
n012w8-0,n012w8,0,5,500000,100.0,adaptive,2026-07-04T12:26:25+01:00,8,4,84,70633,185,14.204175,1790,1845,1790,55,2.9810,LOCAL_BEST,1,777,9829,113608,42303,226,43,69,12790.6977,797.1014,0,0,0,0,0,0
n012w8-0,n012w8,0,5,500000,100.0,adaptive,2026-07-04T12:26:25+01:00,8,4,84,70755,185,14.156373,1775,1790,1775,15,0.8380,LOCAL_BEST,1,777,9834,113805,42410,227,122,0,1229.5082,0.0000,0,0,0,0,0,0
n012w8-0,n012w8,0,5,500000,100.0,adaptive,2026-07-04T12:26:25+01:00,8,4,84,71131,186,14.010060,1770,1775,1770,5,0.2817,LOCAL_BEST,1,777,9842,114377,42742,228,376,1,132.9787,5000.0000,0,0,0,0,0,0
n012w8-0,n012w8,0,5,500000,100.0,adaptive,2026-07-04T12:26:25+01:00,8,4,84,71351,186,13.925154,1755,1770,1755,15,0.8475,LOCAL_BEST,1,777,9848,114691,42934,229,220,0,681.8182,0.0000,0,0,0,0,0,0
n012w8-0,n012w8,0,5,500000,100.0,adaptive,2026-07-04T12:26:25+01:00,8,1,84,74705,122,12.692641,1805,1830,1805,25,1.3661,LOCAL_BEST,0,777,9772,118969,45973,230,3354,-64,74.5379,0.0000,0,0,0,0,0,0
n012w8-0,n012w8,0,5,500000,100.0,adaptive,2026-07-04T12:26:25+01:00,8,4,84,77060,195,11.893016,1740,1755,1740,15,0.8547,LOCAL_BEST,1,777,9999,123004,47904,231,2355,73,63.6943,205.4795,0,0,0,0,0,0
n012w8-0,n012w8,0,5,500000,100.0,adaptive,2026-07-04T12:26:25+01:00,8,4,84,77062,195,11.892359,1725,1740,1725,15,0.8621,LOCAL_BEST,1,777,9999,123008,47905,232,2,0,75000.0000,0.0000,0,0,0,0,0,0
n012w8-0,n012w8,0,5,500000,100.0,adaptive,2026-07-04T12:26:25+01:00,8,4,84,77080,195,11.886445,1720,1725,1720,5,0.2899,LOCAL_BEST,1,777,10000,123031,47920,233,18,0,2777.7778,0.0000,0,0,0,0,0,0
n012w8-0,n012w8,0,5,500000,100.0,adaptive,2026-07-04T12:26:25+01:00,8,7,84,77179,255,11.853975,1780,1785,1780,5,0.2801,LOCAL_BEST,2,777,9943,122354,48122,234,99,60,505.0505,83.3333,0,0,0,0,0,0
n012w8-0,n012w8,0,5,500000,100.0,adaptive,2026-07-04T12:26:25+01:00,8,7,84,77662,257,11.696825,1775,1780,1775,5,0.2809,LOCAL_BEST,2,777,9951,122969,48561,235,483,2,103.5197,2500.0000,0,0,0,0,0,0
n012w8-0,n012w8,0,5,500000,100.0,adaptive,2026-07-04T12:26:25+01:00,8,4,84,77669,197,11.694563,1710,1720,1710,10,0.5814,LOCAL_BEST,1,777,10012,123804,48455,236,7,-60,14285.7143,0.0000,0,0,0,0,0,0
n012w8-0,n012w8,0,5,500000,100.0,adaptive,2026-07-04T12:26:25+01:00,8,4,84,80047,200,10.950854,1695,1710,1695,15,0.8772,GLOBAL_BEST,1,777,10060,127168,50590,237,2378,3,63.0782,5000.0000,0,0,0,0,0,0
n012w8-0,n012w8,0,5,500000,100.0,adaptive,2026-07-04T12:26:25+01:00,8,2,84,80176,134,0.000000,1820,1825,1820,5,0.2740,LOCAL_BEST,0,777,0,126225,52758,238,129,-66,387.5969,0.0000,0,0,0,0,0,0
n012w8-0,n012w8,0,5,500000,100.0,adaptive,2026-07-04T12:26:25+01:00,8,4,84,80539,201,10.802991,1685,1695,1685,10,0.5900,GLOBAL_BEST,1,777,10066,127835,51049,239,363,67,275.4821,149.2537,0,0,0,0,0,0
n012w8-0,n012w8,0,5,500000,100.0,adaptive,2026-07-04T12:26:25+01:00,8,4,84,80543,201,10.801797,1680,1685,1680,5,0.2967,GLOBAL_BEST,1,777,10066,127846,51052,240,4,0,12500.0000,0.0000,0,0,0,0,0,0
n012w8-0,n012w8,0,5,500000,100.0,adaptive,2026-07-04T12:26:25+01:00,8,7,84,82148,267,10.333228,1770,1775,1770,5,0.2817,LOCAL_BEST,2,777,10040,129286,52587,241,1605,66,31.1526,75.7576,0,0,0,0,0,0
n012w8-0,n012w8,0,5,500000,100.0,adaptive,2026-07-04T12:26:25+01:00,8,5,84,82149,186,0.000000,1755,1760,1755,5,0.2841,LOCAL_BEST,1,777,0,122594,71442,242,1,-81,50000.0000,0.0000,0,0,0,0,0,0
n012w8-0,n012w8,0,5,500000,100.0,adaptive,2026-07-04T12:26:25+01:00,8,7,84,82322,267,10.283667,1760,1770,1760,10,0.5650,LOCAL_BEST,2,777,10043,129564,52745,243,173,81,578.0347,123.4568,0,0,0,0,0,0
n012w8-0,n012w8,0,5,500000,100.0,adaptive,2026-07-04T12:26:25+01:00,8,5,84,83254,187,0.000000,1745,1755,1745,10,0.5698,LOCAL_BEST,1,777,0,124277,72471,244,932,-80,107.2961,0.0000,0,0,0,0,0,0
n012w8-0,n012w8,0,5,500000,100.0,adaptive,2026-07-04T12:26:25+01:00,8,2,84,83837,142,0.000000,1815,1820,1815,5,0.2747,LOCAL_BEST,0,777,0,131566,55950,245,583,-45,85.7633,0.0000,0,0,0,0,0,0
n012w8-0,n012w8,0,5,500000,100.0,adaptive,2026-07-04T12:26:25+01:00,8,7,84,84221,272,9.757982,1755,1760,1755,5,0.2841,LOCAL_BEST,2,777,10071,132226,54481,246,384,130,130.2083,38.4615,0,0,0,0,0,0
n012w8-0,n012w8,0,5,500000,100.0,adaptive,2026-07-04T12:26:25+01:00,8,7,84,84315,272,9.732670,1745,1755,1745,10,0.5698,LOCAL_BEST,2,777,10071,132366,54568,247,94,0,1063.8298,0.0000,0,0,0,0,0,0
n012w8-0,n012w8,0,5,500000,100.0,adaptive,2026-07-04T12:26:25+01:00,8,1,84,84885,137,9.580584,1800,1805,1800,5,0.2770,LOCAL_BEST,0,777,9992,133778,54960,248,570,-135,87.7193,0.0000,0,0,0,0,0,0
n012w8-0,n012w8,0,5,500000,100.0,adaptive,2026-07-04T12:26:25+01:00,8,1,84,84985,137,9.554149,1785,1800,1785,15,0.8333,LOCAL_BEST,0,777,9993,133933,55047,249,100,0,1500.0000,0.0000,0,0,0,0,0,0
n012w8-0,n012w8,0,5,500000,100.0,adaptive,2026-07-04T12:26:25+01:00,8,1,84,84988,137,9.553357,1770,1785,1770,15,0.8403,LOCAL_BEST,0,777,9993,133937,55049,250,3,0,50000.0000,0.0000,0,0,0,0,0,0
n012w8-0,n012w8,0,5,500000,100.0,adaptive,2026-07-04T12:26:25+01:00,8,7,84,85287,274,9.474755,1735,1745,1735,10,0.5731,LOCAL_BEST,2,777,10079,133756,55480,251,299,137,334.4482,72.9927,0,0,0,0,0,0
n012w8-0,n012w8,0,5,500000,100.0,adaptive,2026-07-04T12:26:25+01:00,8,7,84,85578,276,9.398878,1725,1735,1725,10,0.5764,LOCAL_BEST,2,777,10084,134169,55750,252,291,2,343.6426,5000.0000,0,0,0,0,0,0
n012w8-0,n012w8,0,5,500000,100.0,adaptive,2026-07-04T12:26:25+01:00,8,7,84,85632,276,9.384864,1715,1725,1715,10,0.5797,LOCAL_BEST,2,777,10084,134282,55801,253,54,0,1851.8519,0.0000,0,0,0,0,0,0
n012w8-0,n012w8,0,5,500000,100.0,adaptive,2026-07-04T12:26:25+01:00,8,7,84,85644,277,9.381753,1705,1715,1705,10,0.5831,LOCAL_BEST,2,777,10084,134309,55811,254,12,1,8333.3333,10000.0000,0,0,0,0,0,0
n012w8-0,n012w8,0,5,500000,100.0,adaptive,2026-07-04T12:26:25+01:00,8,4,84,86495,211,9.163724,1670,1680,1670,10,0.5952,GLOBAL_BEST,1,777,10167,136500,56408,255,851,-66,117.5088,0.0000,0,0,0,0,0,0
n012w8-0,n012w8,0,5,500000,100.0,adaptive,2026-07-04T12:26:25+01:00,8,2,84,87218,150,0.000000,1810,1815,1810,5,0.2755,LOCAL_BEST,0,777,0,136448,58829,256,723,-61,69.1563,0.0000,0,0,0,0,0,0
n012w8-0,n012w8,0,5,500000,100.0,adaptive,2026-07-04T12:26:25+01:00,8,2,84,88396,153,0.000000,1805,1810,1805,5,0.2762,LOCAL_BEST,0,777,0,138019,59849,257,1178,3,42.4448,1666.6667,0,0,0,0,0,0
n012w8-0,n012w8,0,5,500000,100.0,adaptive,2026-07-04T12:26:25+01:00,8,2,84,89404,155,0.000000,1795,1805,1795,10,0.5540,LOCAL_BEST,0,777,0,139405,60716,258,1008,2,99.2063,5000.0000,0,0,0,0,0,0
n012w8-0,n012w8,0,5,500000,100.0,adaptive,2026-07-04T12:26:25+01:00,8,2,84,91886,160,0.000000,1790,1795,1790,5,0.2786,LOCAL_BEST,0,777,0,143101,62814,259,2482,5,20.1450,1000.0000,0,0,0,0,0,0
n012w8-0,n012w8,0,5,500000,100.0,adaptive,2026-07-04T12:26:25+01:00,8,2,84,95201,165,0.000000,1785,1790,1785,5,0.2793,LOCAL_BEST,0,777,0,148024,65667,260,3315,5,15.0830,1000.0000,0,0,0,0,0,0
n012w8-0,n012w8,0,5,500000,100.0,adaptive,2026-07-04T12:26:25+01:00,8,13,84,95982,408,7.050631,1685,1695,1685,10,0.5900,LOCAL_BEST,5,777,10257,149139,65196,261,781,243,128.0410,41.1523,0,0,0,0,0,0
n012w8-0,n012w8,0,5,500000,100.0,adaptive,2026-07-04T12:26:25+01:00,8,2,84,96219,169,0.000000,1765,1785,1765,20,1.1204,LOCAL_BEST,0,777,0,149510,66542,262,237,-239,843.8819,0.0000,0,0,0,0,0,0
n012w8-0,n012w8,0,5,500000,100.0,adaptive,2026-07-04T12:26:25+01:00,8,1,84,98705,159,6.539612,1760,1770,1760,10,0.5650,LOCAL_BEST,0,777,10136,153495,67670,263,2486,-10,40.2253,0.0000,0,0,0,0,0,0
n012w8-0,n012w8,0,5,500000,100.0,adaptive,2026-07-04T12:26:25+01:00,8,1,84,98708,159,6.539070,1740,1760,1740,20,1.1364,GLOBAL_BEST,0,777,10136,153495,67671,264,3,0,66666.6667,0.0000,0,0,0,0,0,0
n012w8-0,n012w8,0,5,500000,100.0,adaptive,2026-07-04T12:26:25+01:00,8,1,84,98784,159,6.525353,1725,1740,1725,15,0.8621,GLOBAL_BEST,0,777,10137,153609,67737,265,76,0,1973.6842,0.0000,0,0,0,0,0,0
n012w8-0,n012w8,0,5,500000,100.0,adaptive,2026-07-04T12:26:25+01:00,8,1,84,100769,162,6.177091,1710,1725,1710,15,0.8696,GLOBAL_BEST,0,777,10149,156254,69557,266,1985,3,75.5668,5000.0000,0,0,0,0,0,0
n012w8-0,n012w8,0,5,500000,100.0,adaptive,2026-07-04T12:26:25+01:00,8,2,84,103348,182,0.000000,1760,1765,1760,5,0.2833,LOCAL_BEST,0,777,0,159308,72847,267,2579,20,19.3874,250.0000,0,0,0,0,0,0
n012w8-0,n012w8,0,5,500000,100.0,adaptive,2026-07-04T12:26:25+01:00,8,4,84,107516,246,5.126489,1665,1670,1665,5,0.2994,GLOBAL_BEST,1,777,10344,166556,75863,268,4168,64,11.9962,78.1250,0,0,0,0,0,0
n012w8-0,n012w8,0,5,500000,100.0,adaptive,2026-07-04T12:26:25+01:00,8,2,84,110974,200,0.000000,1750,1760,1750,10,0.5682,LOCAL_BEST,0,777,0,169895,79677,269,3458,-46,28.9184,0.0000,0,0,0,0,0,0
n012w8-0,n012w8,0,5,500000,100.0,adaptive,2026-07-04T12:26:25+01:00,8,2,84,111375,201,0.000000,1745,1750,1745,5,0.2857,LOCAL_BEST,0,777,0,170489,80026,270,401,1,124.6883,5000.0000,0,0,0,0,0,0
n012w8-0,n012w8,0,5,500000,100.0,adaptive,2026-07-04T12:26:25+01:00,8,2,84,113036,205,0.000000,1730,1745,1730,15,0.8596,LOCAL_BEST,0,777,0,172952,81493,271,1661,4,90.3070,3750.0000,0,0,0,0,0,0
n012w8-0,n012w8,0,5,500000,100.0,adaptive,2026-07-04T12:26:25+01:00,8,2,84,114277,207,0.000000,1725,1730,1725,5,0.2890,LOCAL_BEST,0,777,0,174625,82588,272,1241,2,40.2901,2500.0000,0,0,0,0,0,0
n012w8-0,n012w8,0,5,500000,100.0,adaptive,2026-07-04T12:26:25+01:00,8,2,84,117326,215,0.000000,1715,1725,1715,10,0.5797,LOCAL_BEST,0,777,0,178872,85348,273,3049,8,32.7976,1250.0000,0,0,0,0,0,0
n012w8-0,n012w8,0,5,500000,100.0,adaptive,2026-07-04T12:26:25+01:00,8,2,84,132411,243,0.000000,1710,1715,1710,5,0.2915,LOCAL_BEST,0,777,0,199870,99275,274,15085,28,3.3146,178.5714,0,0,0,0,0,0
n012w8-0,n012w8,0,5,500000,100.0,adaptive,2026-07-04T12:26:25+01:00,8,2,84,144983,265,0.000000,1700,1710,1700,10,0.5848,LOCAL_BEST,0,777,0,217996,110939,275,12572,22,7.9542,454.5455,0,0,0,0,0,0
n012w8-0,n012w8,0,5,500000,100.0,adaptive,2026-07-04T12:26:25+01:00,8,2,84,148400,271,0.000000,1695,1700,1695,5,0.2941,LOCAL_BEST,0,777,0,222943,114146,276,3417,6,14.6327,833.3333,0,0,0,0,0,0
n012w8-0,n012w8,0,5,500000,100.0,adaptive,2026-07-04T12:26:25+01:00,8,1,84,150769,249,1.551572,1710,1710,1710,0,0.0000,REHEAT,0,777,10224,224602,116534,277,2369,-22,0.0000,0.0000,0,0,0,0,0,0
n012w8-0,n012w8,0,5,500000,100.0,adaptive,2026-07-04T12:26:25+01:00,8,2,84,152858,281,0.000000,1685,1695,1685,10,0.5900,LOCAL_BEST,0,777,0,229331,118331,278,2089,32,47.8698,312.5000,0,0,0,0,0,0
n012w8-0,n012w8,0,5,500000,100.0,adaptive,2026-07-04T12:26:25+01:00,8,4,84,157516,346,1.287680,1665,1665,1665,0,0.0000,REHEAT,1,777,10399,237519,123801,279,4658,65,0.0000,0.0000,0,0,0,0,0,0
n012w8-0,n012w8,0,5,500000,100.0,adaptive,2026-07-04T12:26:25+01:00,8,1,84,200769,361,25.118864,2095,1710,1710,0,0.0000,REHEAT,0,777,18901,306396,142419,280,43253,15,0.0000,0.0000,0,0,0,0,0,0
n012w8-0,n012w8,0,5,500000,100.0,adaptive,2026-07-04T12:26:25+01:00,8,4,84,207516,462,25.118864,2375,1665,1665,0,0.0000,REHEAT,1,777,19113,319326,149803,281,6747,101,0.0000,0.0000,0,0,0,0,0,0
n012w8-0,n012w8,0,5,500000,100.0,adaptive,2026-07-04T12:26:25+01:00,8,1,84,250769,476,25.118864,2065,1710,1710,0,0.0000,REHEAT,0,777,27454,388055,168717,282,43253,14,0.0000,0.0000,0,0,0,0,0,0
n012w8-0,n012w8,0,5,500000,100.0,adaptive,2026-07-04T12:26:25+01:00,8,4,84,257516,572,25.118864,2470,1665,1665,0,0.0000,REHEAT,1,777,27760,400532,175737,283,6747,96,0.0000,0.0000,0,0,0,0,0,0
n012w8-0,n012w8,0,5,500000,100.0,adaptive,2026-07-04T12:26:25+01:00,8,1,84,300769,584,25.118864,2530,1710,1710,0,0.0000,REHEAT,0,777,36166,470607,194477,284,43253,12,0.0000,0.0000,0,0,0,0,0,0
n012w8-0,n012w8,0,5,500000,100.0,adaptive,2026-07-04T12:26:25+01:00,8,4,84,307516,689,25.118864,2120,1665,1665,0,0.0000,REHEAT,1,777,36382,482299,201635,285,6747,105,0.0000,0.0000,0,0,0,0,0,0
n012w8-0,n012w8,0,5,500000,100.0,adaptive,2026-07-04T12:26:25+01:00,8,1,84,350769,693,25.118864,2320,1710,1710,0,0.0000,REHEAT,0,777,44862,552816,220377,286,43253,4,0.0000,0.0000,0,0,0,0,0,0
n012w8-0,n012w8,0,5,500000,100.0,adaptive,2026-07-04T12:26:25+01:00,8,4,84,357516,812,25.118864,2300,1665,1665,0,0.0000,REHEAT,1,777,45069,563389,227834,287,6747,119,0.0000,0.0000,0,0,0,0,0,0
n012w8-0,n012w8,0,5,500000,100.0,adaptive,2026-07-04T12:26:25+01:00,8,1,84,400769,807,25.118864,2335,1710,1710,0,0.0000,REHEAT,0,777,53285,634442,246741,288,43253,-5,0.0000,0.0000,0,0,0,0,0,0
n012w8-0,n012w8,0,5,500000,100.0,adaptive,2026-07-04T12:26:25+01:00,8,4,84,407516,934,25.118864,2180,1665,1665,0,0.0000,REHEAT,1,777,53713,644853,253663,289,6747,127,0.0000,0.0000,0,0,0,0,0,0
n012w8-0,n012w8,0,5,500000,100.0,adaptive,2026-07-04T12:26:25+01:00,8,1,84,450769,922,25.118864,2175,1710,1710,0,0.0000,REHEAT,0,777,61877,716464,272920,290,43253,-12,0.0000,0.0000,0,0,0,0,0,0
n012w8-0,n012w8,0,5,500000,100.0,adaptive,2026-07-04T12:26:25+01:00,8,4,84,457516,1049,25.118864,2115,1665,1665,0,0.0000,REHEAT,1,777,62236,726259,279892,291,6747,127,0.0000,0.0000,0,0,0,0,0,0
