run_id,instance,seed,beam_width,iterations,temperature,cooling_mode,timestamp,week,worker_id,beam_path,candidate,elapsed_ms,temperature_at_event,current_penalty,previous_best,new_best,improvement,improvement_percent,event_type,branch_depth,seed_used,accepted_worse_count,hard_reject_count,soft_reject_count,discovery_number,cands_since_previous,time_since_previous_ms,improvement_per_10k,improvement_per_second,post_reheat_improved,post_reheat_best_delta,post_reheat_candidates_to_improve,post_reheat_spawned_branch,post_reheat_beat_global,post_reheat_on_winning_lineage
n012w8-0,n012w8,0,5,500000,100.0,adaptive,2026-07-04T11:59:32+01:00,1,0,2,1,1,0.000000,3530,3800,3530,270,7.1053,GLOBAL_BEST,0,123,0,2,0,1,1,1,2700000.0000,270000.0000,0,0,0,0,0,0
n012w8-0,n012w8,0,5,500000,100.0,adaptive,2026-07-04T11:59:32+01:00,1,0,2,2,1,0.000000,3280,3530,3280,250,7.0822,GLOBAL_BEST,0,123,0,7,0,2,1,0,2500000.0000,0.0000,0,0,0,0,0,0
n012w8-0,n012w8,0,5,500000,100.0,adaptive,2026-07-04T11:59:32+01:00,1,0,2,11,1,0.000000,3190,3280,3190,90,2.7439,GLOBAL_BEST,0,123,0,20,0,3,9,0,100000.0000,0.0000,0,0,0,0,0,0
n012w8-0,n012w8,0,5,500000,100.0,adaptive,2026-07-04T11:59:32+01:00,1,0,2,13,1,0.000000,3160,3190,3160,30,0.9404,GLOBAL_BEST,0,123,0,22,0,4,2,0,150000.0000,0.0000,0,0,0,0,0,0
n012w8-0,n012w8,0,5,500000,100.0,adaptive,2026-07-04T11:59:32+01:00,1,0,2,14,1,0.000000,3130,3160,3130,30,0.9494,GLOBAL_BEST,0,123,0,23,0,5,1,0,300000.0000,0.0000,0,0,0,0,0,0
n012w8-0,n012w8,0,5,500000,100.0,adaptive,2026-07-04T11:59:32+01:00,1,2,2,14,50,0.000000,1355,1385,1355,30,2.1661,GLOBAL_BEST,1,123,0,29,11,6,0,49,0.0000,612.2449,0,0,0,0,0,0
n012w8-0,n012w8,0,5,500000,100.0,adaptive,2026-07-04T11:59:32+01:00,1,3,2,14,161,0.000000,765,840,765,75,8.9286,GLOBAL_BEST,1,123,0,11,13,7,0,111,0.0000,675.6757,0,0,0,0,0,0
n012w8-0,n012w8,0,5,500000,100.0,adaptive,2026-07-04T11:59:32+01:00,1,0,2,15,1,0.000000,3040,3130,3040,90,2.8754,GLOBAL_BEST,0,123,0,23,0,8,1,-160,900000.0000,0.0000,0,0,0,0,0,0
n012w8-0,n012w8,0,5,500000,100.0,adaptive,2026-07-04T11:59:32+01:00,1,0,2,16,1,0.000000,2815,3040,2815,225,7.4013,GLOBAL_BEST,0,123,0,25,0,9,1,0,2250000.0000,0.0000,0,0,0,0,0,0
n012w8-0,n012w8,0,5,500000,100.0,adaptive,2026-07-04T11:59:32+01:00,1,0,2,20,1,0.000000,2560,2815,2560,255,9.0586,GLOBAL_BEST,0,123,0,31,0,10,4,0,637500.0000,0.0000,0,0,0,0,0,0
n012w8-0,n012w8,0,5,500000,100.0,adaptive,2026-07-04T11:59:32+01:00,1,0,2,21,1,0.000000,2530,2560,2530,30,1.1719,GLOBAL_BEST,0,123,0,36,0,11,1,0,300000.0000,0.0000,0,0,0,0,0,0
n012w8-0,n012w8,0,5,500000,100.0,adaptive,2026-07-04T11:59:32+01:00,1,2,2,33,50,0.000000,1295,1355,1295,60,4.4280,GLOBAL_BEST,1,123,0,70,23,12,12,49,50000.0000,1224.4898,0,0,0,0,0,0
n012w8-0,n012w8,0,5,500000,100.0,adaptive,2026-07-04T11:59:32+01:00,1,0,2,52,1,0.000000,2525,2530,2525,5,0.1976,GLOBAL_BEST,0,123,0,122,0,13,19,-49,2631.5789,0.0000,0,0,0,0,0,0
n012w8-0,n012w8,0,5,500000,100.0,adaptive,2026-07-04T11:59:32+01:00,1,0,2,53,1,0.000000,2385,2525,2385,140,5.5446,GLOBAL_BEST,0,123,0,124,0,14,1,0,1400000.0000,0.0000,0,0,0,0,0,0
n012w8-0,n012w8,0,5,500000,100.0,adaptive,2026-07-04T11:59:32+01:00,1,0,2,65,1,0.000000,2185,2385,2185,200,8.3857,GLOBAL_BEST,0,123,0,149,0,15,12,0,166666.6667,0.0000,0,0,0,0,0,0
n012w8-0,n012w8,0,5,500000,100.0,adaptive,2026-07-04T11:59:32+01:00,1,0,2,71,1,0.000000,2175,2185,2175,10,0.4577,GLOBAL_BEST,0,123,0,152,0,16,6,0,16666.6667,0.0000,0,0,0,0,0,0
n012w8-0,n012w8,0,5,500000,100.0,adaptive,2026-07-04T11:59:32+01:00,1,0,2,72,1,0.000000,2025,2175,2025,150,6.8966,GLOBAL_BEST,0,123,0,152,0,17,1,0,1500000.0000,0.0000,0,0,0,0,0,0
n012w8-0,n012w8,0,5,500000,100.0,adaptive,2026-07-04T11:59:32+01:00,1,2,2,76,50,0.000000,1290,1295,1290,5,0.3861,GLOBAL_BEST,1,123,0,140,51,18,4,49,12500.0000,102.0408,0,0,0,0,0,0
n012w8-0,n012w8,0,5,500000,100.0,adaptive,2026-07-04T11:59:32+01:00,1,2,2,94,50,0.000000,1270,1290,1270,20,1.5504,GLOBAL_BEST,1,123,0,173,60,19,18,0,11111.1111,0.0000,0,0,0,0,0,0
n012w8-0,n012w8,0,5,500000,100.0,adaptive,2026-07-04T11:59:32+01:00,1,4,2,96,268,0.000000,580,595,580,15,2.5210,GLOBAL_BEST,2,123,0,138,81,20,2,218,75000.0000,68.8073,0,0,0,0,0,0
n012w8-0,n012w8,0,5,500000,100.0,adaptive,2026-07-04T11:59:32+01:00,1,2,2,101,50,0.000000,1210,1270,1210,60,4.7244,GLOBAL_BEST,1,123,0,182,63,21,5,-218,120000.0000,0.0000,0,0,0,0,0,0
n012w8-0,n012w8,0,5,500000,100.0,adaptive,2026-07-04T11:59:32+01:00,1,0,2,144,1,0.000000,2005,2025,2005,20,0.9877,GLOBAL_BEST,0,123,0,275,0,22,43,-49,4651.1628,0.0000,0,0,0,0,0,0
n012w8-0,n012w8,0,5,500000,100.0,adaptive,2026-07-04T11:59:32+01:00,1,0,2,145,1,0.000000,1955,2005,1955,50,2.4938,GLOBAL_BEST,0,123,0,279,0,23,1,0,500000.0000,0.0000,0,0,0,0,0,0
n012w8-0,n012w8,0,5,500000,100.0,adaptive,2026-07-04T11:59:32+01:00,1,5,2,165,345,0.000000,415,430,415,15,3.4884,GLOBAL_BEST,2,123,0,310,154,24,20,344,7500.0000,43.6047,0,0,0,0,0,0
n012w8-0,n012w8,0,5,500000,100.0,adaptive,2026-07-04T11:59:32+01:00,1,5,2,166,345,0.000000,410,415,410,5,1.2048,GLOBAL_BEST,2,123,0,310,154,25,1,0,50000.0000,0.0000,0,0,0,0,0,0
n012w8-0,n012w8,0,5,500000,100.0,adaptive,2026-07-04T11:59:32+01:00,1,4,2,222,268,0.000000,565,580,565,15,2.5862,GLOBAL_BEST,2,123,0,340,194,26,56,-77,2678.5714,0.0000,0,0,0,0,0,0
n012w8-0,n012w8,0,5,500000,100.0,adaptive,2026-07-04T11:59:32+01:00,1,3,2,436,162,0.000000,715,765,715,50,6.5359,GLOBAL_BEST,1,123,0,685,380,27,214,-106,2336.4486,0.0000,0,0,0,0,0,0
n012w8-0,n012w8,0,5,500000,100.0,adaptive,2026-07-04T11:59:32+01:00,1,0,2,467,2,0.000000,1860,1955,1860,95,4.8593,GLOBAL_BEST,0,123,0,863,0,28,31,-160,30645.1613,0.0000,0,0,0,0,0,0
n012w8-0,n012w8,0,5,500000,100.0,adaptive,2026-07-04T11:59:32+01:00,1,2,2,476,51,0.000000,1205,1210,1205,5,0.4132,GLOBAL_BEST,1,123,0,820,282,29,9,49,5555.5556,102.0408,0,0,0,0,0,0
n012w8-0,n012w8,0,5,500000,100.0,adaptive,2026-07-04T11:59:32+01:00,1,4,2,503,268,0.000000,550,565,550,15,2.6549,GLOBAL_BEST,2,123,0,705,446,30,27,217,5555.5556,69.1244,0,0,0,0,0,0
n012w8-0,n012w8,0,5,500000,100.0,adaptive,2026-07-04T11:59:32+01:00,1,0,2,582,2,0.000000,1830,1860,1830,30,1.6129,GLOBAL_BEST,0,123,0,1039,0,31,79,-266,3797.4684,0.0000,0,0,0,0,0,0
n012w8-0,n012w8,0,5,500000,100.0,adaptive,2026-07-04T11:59:32+01:00,1,0,2,583,2,0.000000,1770,1830,1770,60,3.2787,GLOBAL_BEST,0,123,0,1040,0,32,1,0,600000.0000,0.0000,0,0,0,0,0,0
n012w8-0,n012w8,0,5,500000,100.0,adaptive,2026-07-04T11:59:32+01:00,1,0,2,607,2,0.000000,1680,1770,1680,90,5.0847,GLOBAL_BEST,0,123,0,1086,0,33,24,0,37500.0000,0.0000,0,0,0,0,0,0
n012w8-0,n012w8,0,5,500000,100.0,adaptive,2026-07-04T11:59:32+01:00,1,2,2,720,51,0.000000,1195,1205,1195,10,0.8299,GLOBAL_BEST,1,123,0,1256,401,34,113,49,884.9558,204.0816,0,0,0,0,0,0
n012w8-0,n012w8,0,5,500000,100.0,adaptive,2026-07-04T11:59:32+01:00,1,2,2,748,51,0.000000,1180,1195,1180,15,1.2552,GLOBAL_BEST,1,123,0,1303,415,35,28,0,5357.1429,0.0000,0,0,0,0,0,0
n012w8-0,n012w8,0,5,500000,100.0,adaptive,2026-07-04T11:59:32+01:00,1,3,2,859,163,0.000000,710,715,710,5,0.6993,GLOBAL_BEST,1,123,0,1325,745,36,111,112,450.4505,44.6429,0,0,0,0,0,0
n012w8-0,n012w8,0,5,500000,100.0,adaptive,2026-07-04T11:59:32+01:00,1,4,2,1052,269,0.000000,530,550,530,20,3.6364,GLOBAL_BEST,2,123,0,1589,928,37,193,106,1036.2694,188.6792,0,0,0,0,0,0
n012w8-0,n012w8,0,5,500000,100.0,adaptive,2026-07-04T11:59:32+01:00,1,2,2,1103,52,0.000000,1145,1180,1145,35,2.9661,GLOBAL_BEST,1,123,0,1849,626,38,51,-217,6862.7451,0.0000,0,0,0,0,0,0
n012w8-0,n012w8,0,5,500000,100.0,adaptive,2026-07-04T11:59:32+01:00,1,2,2,1116,52,0.000000,1115,1145,1115,30,2.6201,GLOBAL_BEST,1,123,0,1864,632,39,13,0,23076.9231,0.0000,0,0,0,0,0,0
n012w8-0,n012w8,0,5,500000,100.0,adaptive,2026-07-04T11:59:32+01:00,1,2,2,1721,53,0.000000,1065,1115,1065,50,4.4843,GLOBAL_BEST,1,123,0,2836,1007,40,605,1,826.4463,50000.0000,0,0,0,0,0,0
n012w8-0,n012w8,0,5,500000,100.0,adaptive,2026-07-04T11:59:32+01:00,1,2,2,1722,53,0.000000,1040,1065,1040,25,2.3474,GLOBAL_BEST,1,123,0,2836,1007,41,1,0,250000.0000,0.0000,0,0,0,0,0,0
n012w8-0,n012w8,0,5,500000,100.0,adaptive,2026-07-04T11:59:32+01:00,1,4,2,2149,271,0.000000,520,530,520,10,1.8868,GLOBAL_BEST,2,123,0,3335,1859,42,427,218,234.1920,45.8716,0,0,0,0,0,0
n012w8-0,n012w8,0,5,500000,100.0,adaptive,2026-07-04T11:59:32+01:00,1,4,2,2156,271,0.000000,460,520,460,60,11.5385,GLOBAL_BEST,2,123,0,3347,1863,43,7,0,85714.2857,0.0000,0,0,0,0,0,0
n012w8-0,n012w8,0,5,500000,100.0,adaptive,2026-07-04T11:59:32+01:00,1,0,2,2388,5,0.000000,1655,1680,1655,25,1.4881,GLOBAL_BEST,0,123,0,4291,0,44,232,-266,1077.5862,0.0000,0,0,0,0,0,0
n012w8-0,n012w8,0,5,500000,100.0,adaptive,2026-07-04T11:59:32+01:00,1,0,2,2389,5,0.000000,1600,1655,1600,55,3.3233,GLOBAL_BEST,0,123,0,4292,0,45,1,0,550000.0000,0.0000,0,0,0,0,0,0
n012w8-0,n012w8,0,5,500000,100.0,adaptive,2026-07-04T11:59:32+01:00,1,3,2,3507,167,0.000000,695,710,695,15,2.1127,GLOBAL_BEST,1,123,0,5813,2922,46,1118,162,134.1682,92.5926,0,0,0,0,0,0
n012w8-0,n012w8,0,5,500000,100.0,adaptive,2026-07-04T11:59:32+01:00,1,3,2,4974,169,0.000000,675,695,675,20,2.8777,GLOBAL_BEST,1,123,0,8260,4098,47,1467,2,136.3327,10000.0000,0,0,0,0,0,0
n012w8-0,n012w8,0,5,500000,100.0,adaptive,2026-07-04T11:59:32+01:00,1,5,2,5025,352,0.000000,400,410,400,10,2.4390,GLOBAL_BEST,2,123,0,7909,4707,48,51,183,1960.7843,54.6448,0,0,0,0,0,0
n012w8-0,n012w8,0,5,500000,100.0,adaptive,2026-07-04T11:59:32+01:00,1,2,2,6392,61,0.000000,1010,1040,1010,30,2.8846,GLOBAL_BEST,1,123,0,10454,3602,49,1367,-291,219.4587,0.0000,0,0,0,0,0,0
n012w8-0,n012w8,0,5,500000,100.0,adaptive,2026-07-04T11:59:32+01:00,1,2,2,6393,61,0.000000,980,1010,980,30,2.9703,GLOBAL_BEST,1,123,0,10454,3602,50,1,0,300000.0000,0.0000,0,0,0,0,0,0
n012w8-0,n012w8,0,5,500000,100.0,adaptive,2026-07-04T11:59:32+01:00,1,2,2,8763,65,0.000000,975,980,975,5,0.5102,GLOBAL_BEST,1,123,0,14203,4916,51,2370,4,21.0970,1250.0000,0,0,0,0,0,0
n012w8-0,n012w8,0,5,500000,100.0,adaptive,2026-07-04T11:59:32+01:00,1,2,2,8764,65,0.000000,945,975,945,30,3.0769,GLOBAL_BEST,1,123,0,14203,4916,52,1,0,300000.0000,0.0000,0,0,0,0,0,0
n012w8-0,n012w8,0,5,500000,100.0,adaptive,2026-07-04T11:59:32+01:00,1,0,2,12786,24,0.000000,1590,1600,1590,10,0.6250,GLOBAL_BEST,0,123,0,22649,0,53,4022,-41,24.8633,0.0000,0,0,0,0,0,0
n012w8-0,n012w8,0,5,500000,100.0,adaptive,2026-07-04T11:59:32+01:00,1,0,2,13650,25,0.000000,1520,1590,1520,70,4.4025,GLOBAL_BEST,0,123,0,24282,0,54,864,1,810.1852,70000.0000,0,0,0,0,0,0
n012w8-0,n012w8,0,5,500000,100.0,adaptive,2026-07-04T11:59:32+01:00,1,0,2,13654,25,0.000000,1445,1520,1445,75,4.9342,GLOBAL_BEST,0,123,0,24287,0,55,4,0,187500.0000,0.0000,0,0,0,0,0,0
n012w8-0,n012w8,0,5,500000,100.0,adaptive,2026-07-04T11:59:32+01:00,1,3,2,15319,186,0.000000,645,675,645,30,4.4444,GLOBAL_BEST,1,123,0,23638,12335,56,1665,161,180.1802,186.3354,0,0,0,0,0,0
n012w8-0,n012w8,0,5,500000,100.0,adaptive,2026-07-04T11:59:32+01:00,1,4,2,16255,293,0.000000,445,460,445,15,3.2609,GLOBAL_BEST,2,123,0,24198,13933,57,936,107,160.2564,140.1869,0,0,0,0,0,0
n012w8-0,n012w8,0,5,500000,100.0,adaptive,2026-07-04T11:59:32+01:00,1,2,2,18645,82,0.000000,915,945,915,30,3.1746,GLOBAL_BEST,1,123,0,29933,10762,58,2390,-211,125.5230,0.0000,0,0,0,0,0,0
n012w8-0,n012w8,0,5,500000,100.0,adaptive,2026-07-04T11:59:32+01:00,1,3,2,24242,200,0.000000,605,645,605,40,6.2016,GLOBAL_BEST,1,123,0,37374,19465,59,5597,118,71.4669,338.9831,0,0,0,0,0,0
n012w8-0,n012w8,0,5,500000,100.0,adaptive,2026-07-04T11:59:32+01:00,1,3,2,24841,201,0.000000,600,605,600,5,0.8264,GLOBAL_BEST,1,123,0,38279,19940,60,599,1,83.4725,5000.0000,0,0,0,0,0,0
n012w8-0,n012w8,0,5,500000,100.0,adaptive,2026-07-04T11:59:32+01:00,1,0,2,27689,50,0.000000,1385,1445,1385,60,4.1522,GLOBAL_BEST,0,123,0,48813,1844,61,2848,-151,210.6742,0.0000,0,0,0,0,0,0
n012w8-0,n012w8,0,5,500000,100.0,adaptive,2026-07-04T11:59:32+01:00,1,0,2,27690,50,0.000000,1375,1385,1375,10,0.7220,GLOBAL_BEST,0,123,0,48813,1844,62,1,0,100000.0000,0.0000,0,0,0,0,0,0
n012w8-0,n012w8,0,5,500000,100.0,adaptive,2026-07-04T11:59:32+01:00,1,4,2,49413,344,0.000000,430,445,430,15,3.3708,GLOBAL_BEST,2,123,0,73910,42563,63,21723,294,6.9051,51.0204,0,0,0,0,0,0
n012w8-0,n012w8,0,5,500000,100.0,adaptive,2026-07-04T11:59:32+01:00,1,3,2,66216,267,0.000000,595,600,595,5,0.8333,GLOBAL_BEST,1,123,0,102946,53620,64,16803,-77,2.9757,0.0000,0,0,0,0,0,0
n012w8-0,n012w8,0,5,500000,100.0,adaptive,2026-07-04T11:59:32+01:00,1,2,2,66263,161,0.000000,840,915,840,75,8.1967,GLOBAL_BEST,1,123,0,106614,39742,65,47,-106,15957.4468,0.0000,0,0,0,0,0,0
n012w8-0,n012w8,0,5,500000,100.0,adaptive,2026-07-04T11:59:32+01:00,1,0,2,73678,130,0.000000,1350,1375,1350,25,1.8182,LOCAL_BEST,0,123,0,127865,13360,66,7415,-31,33.7154,0.0000,0,0,0,0,0,0
n012w8-0,n012w8,0,5,500000,100.0,adaptive,2026-07-04T11:59:32+01:00,1,0,2,82313,145,0.000000,1285,1350,1285,65,4.8148,LOCAL_BEST,0,123,0,142494,16111,67,8635,15,75.2750,4333.3333,0,0,0,0,0,0
n012w8-0,n012w8,0,5,500000,100.0,adaptive,2026-07-04T11:59:32+01:00,1,3,2,96291,315,0.000000,580,595,580,15,2.5210,LOCAL_BEST,1,123,0,148219,78232,68,13978,170,10.7311,88.2353,0,0,0,0,0,0
n012w8-0,n012w8,0,5,500000,100.0,adaptive,2026-07-04T11:59:32+01:00,1,2,2,107679,231,0.000000,835,840,835,5,0.5952,LOCAL_BEST,1,123,0,172982,66527,69,11388,-84,4.3906,0.0000,0,0,0,0,0,0
n012w8-0,n012w8,0,5,500000,100.0,adaptive,2026-07-04T11:59:32+01:00,1,0,2,115783,204,0.000000,1205,1285,1205,80,6.2257,LOCAL_BEST,0,123,0,198697,28342,70,8104,-27,98.7167,0.0000,0,0,0,0,0,0
n012w8-0,n012w8,0,5,500000,100.0,adaptive,2026-07-04T11:59:32+01:00,1,0,2,127518,225,0.000000,1185,1205,1185,20,1.6598,LOCAL_BEST,0,123,0,218598,33148,71,11735,21,17.0430,952.3810,0,0,0,0,0,0
n012w8-0,n012w8,0,5,500000,100.0,adaptive,2026-07-04T11:59:32+01:00,1,3,2,135017,378,0.000000,565,580,565,15,2.5862,LOCAL_BEST,1,123,0,206189,110502,72,7499,153,20.0027,98.0392,0,0,0,0,0,0
n012w8-0,n012w8,0,5,500000,100.0,adaptive,2026-07-04T11:59:32+01:00,1,3,2,153666,407,0.000000,560,565,560,5,0.8850,LOCAL_BEST,1,123,0,233634,125950,73,18649,29,2.6811,172.4138,0,0,0,0,0,0
n012w8-0,n012w8,0,5,500000,100.0,adaptive,2026-07-04T11:59:32+01:00,1,2,2,158300,315,0.000000,815,835,815,20,2.3952,LOCAL_BEST,1,123,0,253648,100966,74,4634,-92,43.1593,0.0000,0,0,0,0,0,0
n012w8-0,n012w8,0,5,500000,100.0,adaptive,2026-07-04T11:59:32+01:00,1,2,2,162209,322,0.000000,795,815,795,20,2.4540,LOCAL_BEST,1,123,0,259968,103727,75,3909,7,51.1640,2857.1429,0,0,0,0,0,0
n012w8-0,n012w8,0,5,500000,100.0,adaptive,2026-07-04T11:59:32+01:00,1,2,2,168098,331,0.000000,780,795,780,15,1.8868,LOCAL_BEST,1,123,0,269383,107704,76,5889,9,25.4712,1666.6667,0,0,0,0,0,0
n012w8-0,n012w8,0,5,500000,100.0,adaptive,2026-07-04T11:59:32+01:00,1,3,2,173159,437,0.000000,550,560,550,10,1.7857,LOCAL_BEST,1,123,0,261877,142533,77,5061,106,19.7589,94.3396,0,0,0,0,0,0
n012w8-0,n012w8,0,5,500000,100.0,adaptive,2026-07-04T11:59:32+01:00,1,0,2,192344,336,0.000000,1165,1185,1165,20,1.6878,LOCAL_BEST,0,123,0,327724,62390,78,19185,-101,10.4248,0.0000,0,0,0,0,0,0
n012w8-0,n012w8,0,5,500000,100.0,adaptive,2026-07-04T11:59:32+01:00,1,0,2,197502,346,0.000000,1145,1165,1145,20,1.7167,LOCAL_BEST,0,123,0,336302,64898,79,5158,10,38.7747,2000.0000,0,0,0,0,0,0
n012w8-0,n012w8,0,5,500000,100.0,adaptive,2026-07-04T11:59:32+01:00,1,0,2,197503,346,0.000000,1085,1145,1085,60,5.2402,LOCAL_BEST,0,123,0,336302,64898,80,1,0,600000.0000,0.0000,0,0,0,0,0,0
n012w8-0,n012w8,0,5,500000,100.0,adaptive,2026-07-04T11:59:32+01:00,1,0,2,197504,346,0.000000,990,1085,990,95,8.7558,LOCAL_BEST,0,123,0,336302,64898,81,1,0,950000.0000,0.0000,0,0,0,0,0,0
n012w8-0,n012w8,0,5,500000,100.0,adaptive,2026-07-04T11:59:32+01:00,1,3,2,203056,485,0.000000,545,550,545,5,0.9091,LOCAL_BEST,1,123,0,307247,167806,82,5552,139,9.0058,35.9712,0,0,0,0,0,0
n012w8-0,n012w8,0,5,500000,100.0,adaptive,2026-07-04T11:59:32+01:00,1,4,2,206666,584,0.000000,400,430,400,30,6.9767,LOCAL_BEST,2,123,0,310971,183613,83,3610,99,83.1025,303.0303,0,0,0,0,0,0
n012w8-0,n012w8,0,5,500000,100.0,adaptive,2026-07-04T11:59:32+01:00,1,3,2,217822,508,0.000000,505,545,505,40,7.3394,LOCAL_BEST,1,123,0,330445,180106,84,11156,-76,35.8551,0.0000,0,0,0,0,0,0
n012w8-0,n012w8,0,5,500000,100.0,adaptive,2026-07-04T11:59:32+01:00,1,2,2,242133,454,0.000000,770,780,770,10,1.2821,LOCAL_BEST,1,123,0,385595,160065,85,24311,-54,4.1134,0.0000,0,0,0,0,0,0
n012w8-0,n012w8,0,5,500000,100.0,adaptive,2026-07-04T11:59:32+01:00,1,0,2,249198,434,0.000000,925,990,925,65,6.5657,LOCAL_BEST,0,123,0,422231,92131,86,7065,-20,92.0028,0.0000,0,0,0,0,0,0
n012w8-0,n012w8,0,5,500000,100.0,adaptive,2026-07-04T11:59:32+01:00,1,2,2,253492,473,0.000000,760,770,760,10,1.2987,LOCAL_BEST,1,123,0,404338,168451,87,4294,39,23.2883,256.4103,0,0,0,0,0,0
n012w8-0,n012w8,0,5,500000,100.0,adaptive,2026-07-04T11:59:32+01:00,1,2,2,263546,490,0.000000,740,760,740,20,2.6316,LOCAL_BEST,1,123,0,420047,175816,88,10054,17,19.8926,1176.4706,0,0,0,0,0,0
n012w8-0,n012w8,0,5,500000,100.0,adaptive,2026-07-04T11:59:32+01:00,1,2,2,276059,510,0.000000,710,740,710,30,4.0541,LOCAL_BEST,1,123,0,440286,184981,89,12513,20,23.9751,1500.0000,0,0,0,0,0,0
n012w8-0,n012w8,0,5,500000,100.0,adaptive,2026-07-04T11:59:32+01:00,1,3,2,296075,631,0.000000,490,505,490,15,2.9703,LOCAL_BEST,1,123,0,450036,246729,90,20016,121,7.4940,123.9669,0,0,0,0,0,0
n012w8-0,n012w8,0,5,500000,100.0,adaptive,2026-07-04T11:59:32+01:00,1,3,2,311315,655,0.000000,475,490,475,15,3.0612,LOCAL_BEST,1,123,0,472662,259858,91,15240,24,9.8425,625.0000,0,0,0,0,0,0
n012w8-0,n012w8,0,5,500000,100.0,adaptive,2026-07-04T11:59:32+01:00,1,2,2,325997,591,0.000000,700,710,700,10,1.4085,LOCAL_BEST,1,123,0,518755,222611,92,14682,-64,6.8111,0.0000,0,0,0,0,0,0
n012w8-0,n012w8,0,5,500000,100.0,adaptive,2026-07-04T11:59:32+01:00,1,3,2,339154,699,0.000000,460,475,460,15,3.1579,LOCAL_BEST,1,123,0,515189,283578,93,13157,108,11.4008,138.8889,0,0,0,0,0,0
n012w8-0,n012w8,0,5,500000,100.0,adaptive,2026-07-04T11:59:32+01:00,1,0,2,350928,607,0.000000,900,925,900,25,2.7027,LOCAL_BEST,0,123,0,585128,151096,94,11774,-92,21.2332,0.0000,0,0,0,0,0,0
n012w8-0,n012w8,0,5,500000,100.0,adaptive,2026-07-04T11:59:32+01:00,1,0,2,364209,629,0.000000,890,900,890,10,1.1111,LOCAL_BEST,0,123,0,606341,159167,95,13281,22,7.5296,454.5455,0,0,0,0,0,0
n012w8-0,n012w8,0,5,500000,100.0,adaptive,2026-07-04T11:59:32+01:00,1,2,2,368754,661,0.000000,695,700,695,5,0.7143,LOCAL_BEST,1,123,0,585747,254873,96,4545,32,11.0011,156.2500,0,0,0,0,0,0
n012w8-0,n012w8,0,5,500000,100.0,adaptive,2026-07-04T11:59:32+01:00,1,2,2,376333,673,0.000000,680,695,680,15,2.1583,LOCAL_BEST,1,123,0,597712,260671,97,7579,12,19.7915,1250.0000,0,0,0,0,0,0
n012w8-0,n012w8,0,5,500000,100.0,adaptive,2026-07-04T11:59:32+01:00,1,2,2,385154,687,0.000000,645,680,645,35,5.1471,LOCAL_BEST,1,123,0,611836,267431,98,8821,14,39.6780,2500.0000,0,0,0,0,0,0
n012w8-0,n012w8,0,5,500000,100.0,adaptive,2026-07-04T11:59:32+01:00,1,0,2,395800,681,0.000000,880,890,880,10,1.1236,LOCAL_BEST,0,123,0,657032,179339,99,10646,-6,9.3932,0.0000,0,0,0,0,0,0
n012w8-0,n012w8,0,5,500000,100.0,adaptive,2026-07-04T11:59:32+01:00,1,0,2,401830,690,0.000000,825,880,825,55,6.2500,LOCAL_BEST,0,123,0,666660,183231,100,6030,9,91.2106,6111.1111,0,0,0,0,0,0
n012w8-0,n012w8,0,5,500000,100.0,adaptive,2026-07-04T11:59:32+01:00,1,2,2,404950,719,0.000000,625,645,625,20,3.1008,LOCAL_BEST,1,123,0,642222,282826,101,3120,29,64.1026,689.6552,0,0,0,0,0,0
n012w8-0,n012w8,0,5,500000,100.0,adaptive,2026-07-04T11:59:32+01:00,1,3,2,416262,817,0.000000,445,460,445,15,3.2609,LOCAL_BEST,1,123,0,633198,350910,102,11312,98,13.2603,153.0612,0,0,0,0,0,0
n012w8-0,n012w8,0,5,500000,100.0,adaptive,2026-07-04T11:59:32+01:00,1,3,2,417915,820,0.000000,430,445,430,15,3.3708,LOCAL_BEST,1,123,0,635698,352378,103,1653,3,90.7441,5000.0000,0,0,0,0,0,0
n012w8-0,n012w8,0,5,500000,100.0,adaptive,2026-07-04T11:59:32+01:00,1,3,2,473551,906,0.000000,425,430,425,5,1.1628,LOCAL_BEST,1,123,0,722413,400595,104,55636,86,0.8987,58.1395,0,0,0,0,0,0
n012w8-0,n012w8,0,5,500000,100.0,adaptive,2026-07-04T11:59:32+01:00,1,0,2,475928,813,0.000000,795,825,795,30,3.6364,LOCAL_BEST,0,123,0,784976,232866,105,2377,-93,126.2095,0.0000,0,0,0,0,0,0
n012w8-0,n012w8,0,5,500000,100.0,adaptive,2026-07-04T11:59:32+01:00,1,2,2,480618,841,0.000000,615,625,615,10,1.6000,LOCAL_BEST,1,123,0,759250,343075,106,4690,28,21.3220,357.1429,0,0,0,0,0,0
n012w8-0,n012w8,0,5,500000,100.0,adaptive,2026-07-04T11:59:32+01:00,2,0,8,1,1,0.000000,3775,3815,3775,40,1.0485,GLOBAL_BEST,0,123,0,0,0,1,1,1,400000.0000,40000.0000,0,0,0,0,0,0
n012w8-0,n012w8,0,5,500000,100.0,adaptive,2026-07-04T11:59:32+01:00,2,2,8,1,64,0.000000,1290,1320,1290,30,2.2727,GLOBAL_BEST,1,123,0,0,0,2,0,63,0.0000,476.1905,0,0,0,0,0,0
n012w8-0,n012w8,0,5,500000,100.0,adaptive,2026-07-04T11:59:32+01:00,2,0,8,4,1,0.000000,3580,3775,3580,195,5.1656,GLOBAL_BEST,0,123,0,4,0,3,3,-63,650000.0000,0.0000,0,0,0,0,0,0
n012w8-0,n012w8,0,5,500000,100.0,adaptive,2026-07-04T11:59:32+01:00,2,3,8,5,123,0.000000,725,795,725,70,8.8050,GLOBAL_BEST,1,123,0,9,4,4,1,122,700000.0000,573.7705,0,0,0,0,0,0
n012w8-0,n012w8,0,5,500000,100.0,adaptive,2026-07-04T11:59:32+01:00,2,0,8,7,1,0.000000,3495,3580,3495,85,2.3743,GLOBAL_BEST,0,123,0,13,0,5,2,-122,425000.0000,0.0000,0,0,0,0,0,0
n012w8-0,n012w8,0,5,500000,100.0,adaptive,2026-07-04T11:59:32+01:00,2,0,8,8,1,0.000000,3465,3495,3465,30,0.8584,GLOBAL_BEST,0,123,0,15,0,6,1,0,300000.0000,0.0000,0,0,0,0,0,0
n012w8-0,n012w8,0,5,500000,100.0,adaptive,2026-07-04T11:59:32+01:00,2,2,8,9,64,0.000000,1200,1290,1200,90,6.9767,GLOBAL_BEST,1,123,0,21,7,7,1,63,900000.0000,1428.5714,0,0,0,0,0,0
n012w8-0,n012w8,0,5,500000,100.0,adaptive,2026-07-04T11:59:32+01:00,2,0,8,11,1,0.000000,3345,3465,3345,120,3.4632,GLOBAL_BEST,0,123,0,20,0,8,2,-63,600000.0000,0.0000,0,0,0,0,0,0
n012w8-0,n012w8,0,5,500000,100.0,adaptive,2026-07-04T11:59:32+01:00,2,4,8,13,166,0.000000,500,515,500,15,2.9126,GLOBAL_BEST,2,123,0,18,11,9,2,165,75000.0000,90.9091,0,0,0,0,0,0
n012w8-0,n012w8,0,5,500000,100.0,adaptive,2026-07-04T11:59:32+01:00,2,0,8,14,1,0.000000,3280,3345,3280,65,1.9432,GLOBAL_BEST,0,123,0,24,0,10,1,-165,650000.0000,0.0000,0,0,0,0,0,0
n012w8-0,n012w8,0,5,500000,100.0,adaptive,2026-07-04T11:59:32+01:00,2,0,8,18,1,0.000000,3205,3280,3205,75,2.2866,GLOBAL_BEST,0,123,0,28,0,11,4,0,187500.0000,0.0000,0,0,0,0,0,0
n012w8-0,n012w8,0,5,500000,100.0,adaptive,2026-07-04T11:59:32+01:00,2,0,8,19,1,0.000000,3165,3205,3165,40,1.2480,GLOBAL_BEST,0,123,0,28,0,12,1,0,400000.0000,0.0000,0,0,0,0,0,0
n012w8-0,n012w8,0,5,500000,100.0,adaptive,2026-07-04T11:59:32+01:00,2,0,8,20,1,0.000000,3105,3165,3105,60,1.8957,GLOBAL_BEST,0,123,0,31,0,13,1,0,600000.0000,0.0000,0,0,0,0,0,0
n012w8-0,n012w8,0,5,500000,100.0,adaptive,2026-07-04T11:59:32+01:00,2,2,8,21,64,0.000000,1160,1200,1160,40,3.3333,GLOBAL_BEST,1,123,0,39,11,14,1,63,400000.0000,634.9206,0,0,0,0,0,0
n012w8-0,n012w8,0,5,500000,100.0,adaptive,2026-07-04T11:59:32+01:00,2,0,8,23,1,0.000000,2985,3105,2985,120,3.8647,GLOBAL_BEST,0,123,0,31,0,15,2,-63,600000.0000,0.0000,0,0,0,0,0,0
n012w8-0,n012w8,0,5,500000,100.0,adaptive,2026-07-04T11:59:32+01:00,2,0,8,24,1,0.000000,2970,2985,2970,15,0.5025,GLOBAL_BEST,0,123,0,34,0,16,1,0,150000.0000,0.0000,0,0,0,0,0,0
n012w8-0,n012w8,0,5,500000,100.0,adaptive,2026-07-04T11:59:32+01:00,2,4,8,25,166,0.000000,470,500,470,30,6.0000,GLOBAL_BEST,2,123,0,44,21,17,1,165,300000.0000,181.8182,0,0,0,0,0,0
n012w8-0,n012w8,0,5,500000,100.0,adaptive,2026-07-04T11:59:32+01:00,2,0,8,31,1,0.000000,2955,2970,2955,15,0.5051,GLOBAL_BEST,0,123,0,50,0,18,6,-165,25000.0000,0.0000,0,0,0,0,0,0
n012w8-0,n012w8,0,5,500000,100.0,adaptive,2026-07-04T11:59:32+01:00,2,4,8,33,166,0.000000,455,470,455,15,3.1915,GLOBAL_BEST,2,123,0,52,26,19,2,165,75000.0000,90.9091,0,0,0,0,0,0
n012w8-0,n012w8,0,5,500000,100.0,adaptive,2026-07-04T11:59:32+01:00,2,0,8,35,1,0.000000,2940,2955,2940,15,0.5076,GLOBAL_BEST,0,123,0,61,0,20,2,-165,75000.0000,0.0000,0,0,0,0,0,0
n012w8-0,n012w8,0,5,500000,100.0,adaptive,2026-07-04T11:59:32+01:00,2,0,8,36,1,0.000000,2880,2940,2880,60,2.0408,GLOBAL_BEST,0,123,0,62,0,21,1,0,600000.0000,0.0000,0,0,0,0,0,0
n012w8-0,n012w8,0,5,500000,100.0,adaptive,2026-07-04T11:59:32+01:00,2,0,8,37,1,0.000000,2760,2880,2760,120,4.1667,GLOBAL_BEST,0,123,0,63,0,22,1,0,1200000.0000,0.0000,0,0,0,0,0,0
n012w8-0,n012w8,0,5,500000,100.0,adaptive,2026-07-04T11:59:32+01:00,2,0,8,42,1,0.000000,2695,2760,2695,65,2.3551,GLOBAL_BEST,0,123,0,76,0,23,5,0,130000.0000,0.0000,0,0,0,0,0,0
n012w8-0,n012w8,0,5,500000,100.0,adaptive,2026-07-04T11:59:32+01:00,2,5,8,42,208,0.000000,345,360,345,15,4.1667,GLOBAL_BEST,2,123,0,45,39,24,0,207,0.0000,72.4638,0,0,0,0,0,0
n012w8-0,n012w8,0,5,500000,100.0,adaptive,2026-07-04T11:59:32+01:00,2,0,8,45,1,0.000000,2635,2695,2635,60,2.2263,GLOBAL_BEST,0,123,0,78,0,25,3,-207,200000.0000,0.0000,0,0,0,0,0,0
n012w8-0,n012w8,0,5,500000,100.0,adaptive,2026-07-04T11:59:32+01:00,2,3,8,45,123,0.000000,680,725,680,45,6.2069,GLOBAL_BEST,1,123,0,92,34,26,0,122,0.0000,368.8525,0,0,0,0,0,0
n012w8-0,n012w8,0,5,500000,100.0,adaptive,2026-07-04T11:59:32+01:00,2,0,8,46,1,0.000000,2605,2635,2605,30,1.1385,GLOBAL_BEST,0,123,0,86,0,27,1,-122,300000.0000,0.0000,0,0,0,0,0,0
n012w8-0,n012w8,0,5,500000,100.0,adaptive,2026-07-04T11:59:32+01:00,2,5,8,47,208,0.000000,315,345,315,30,8.6957,GLOBAL_BEST,2,123,0,48,43,28,1,207,300000.0000,144.9275,0,0,0,0,0,0
n012w8-0,n012w8,0,5,500000,100.0,adaptive,2026-07-04T11:59:32+01:00,2,0,8,53,1,0.000000,2575,2605,2575,30,1.1516,GLOBAL_BEST,0,123,0,90,0,29,6,-207,50000.0000,0.0000,0,0,0,0,0,0
n012w8-0,n012w8,0,5,500000,100.0,adaptive,2026-07-04T11:59:32+01:00,2,0,8,55,1,0.000000,2335,2575,2335,240,9.3204,GLOBAL_BEST,0,123,0,101,0,30,2,0,1200000.0000,0.0000,0,0,0,0,0,0
n012w8-0,n012w8,0,5,500000,100.0,adaptive,2026-07-04T11:59:32+01:00,2,0,8,73,1,0.000000,2315,2335,2315,20,0.8565,GLOBAL_BEST,0,123,0,124,0,31,18,0,11111.1111,0.0000,0,0,0,0,0,0
n012w8-0,n012w8,0,5,500000,100.0,adaptive,2026-07-04T11:59:32+01:00,2,0,8,74,1,0.000000,2255,2315,2255,60,2.5918,GLOBAL_BEST,0,123,0,126,0,32,1,0,600000.0000,0.0000,0,0,0,0,0,0
n012w8-0,n012w8,0,5,500000,100.0,adaptive,2026-07-04T11:59:32+01:00,2,3,8,81,123,0.000000,670,680,670,10,1.4706,GLOBAL_BEST,1,123,0,144,57,33,7,122,14285.7143,81.9672,0,0,0,0,0,0
n012w8-0,n012w8,0,5,500000,100.0,adaptive,2026-07-04T11:59:32+01:00,2,2,8,106,64,0.000000,1080,1160,1080,80,6.8966,GLOBAL_BEST,1,123,0,197,56,34,25,-59,32000.0000,0.0000,0,0,0,0,0,0
n012w8-0,n012w8,0,5,500000,100.0,adaptive,2026-07-04T11:59:32+01:00,2,0,8,120,1,0.000000,2180,2255,2180,75,3.3259,GLOBAL_BEST,0,123,0,193,0,35,14,-63,53571.4286,0.0000,0,0,0,0,0,0
n012w8-0,n012w8,0,5,500000,100.0,adaptive,2026-07-04T11:59:32+01:00,2,0,8,121,1,0.000000,2090,2180,2090,90,4.1284,GLOBAL_BEST,0,123,0,195,0,36,1,0,900000.0000,0.0000,0,0,0,0,0,0
n012w8-0,n012w8,0,5,500000,100.0,adaptive,2026-07-04T11:59:32+01:00,2,6,8,142,280,0.000000,260,275,260,15,5.4545,GLOBAL_BEST,3,123,0,164,137,37,21,279,7142.8571,53.7634,0,0,0,0,0,0
n012w8-0,n012w8,0,5,500000,100.0,adaptive,2026-07-04T11:59:32+01:00,2,0,8,174,1,0.000000,2070,2090,2070,20,0.9569,GLOBAL_BEST,0,123,0,288,0,38,32,-279,6250.0000,0.0000,0,0,0,0,0,0
n012w8-0,n012w8,0,5,500000,100.0,adaptive,2026-07-04T11:59:32+01:00,2,0,8,179,1,0.000000,2055,2070,2055,15,0.7246,GLOBAL_BEST,0,123,0,298,0,39,5,0,30000.0000,0.0000,0,0,0,0,0,0
n012w8-0,n012w8,0,5,500000,100.0,adaptive,2026-07-04T11:59:32+01:00,2,0,8,202,1,0.000000,2045,2055,2045,10,0.4866,GLOBAL_BEST,0,123,0,328,0,40,23,0,4347.8261,0.0000,0,0,0,0,0,0
n012w8-0,n012w8,0,5,500000,100.0,adaptive,2026-07-04T11:59:32+01:00,2,0,8,203,1,0.000000,2000,2045,2000,45,2.2005,GLOBAL_BEST,0,123,0,333,0,41,1,0,450000.0000,0.0000,0,0,0,0,0,0
n012w8-0,n012w8,0,5,500000,100.0,adaptive,2026-07-04T11:59:32+01:00,2,0,8,205,1,0.000000,1970,2000,1970,30,1.5000,GLOBAL_BEST,0,123,0,333,0,42,2,0,150000.0000,0.0000,0,0,0,0,0,0
n012w8-0,n012w8,0,5,500000,100.0,adaptive,2026-07-04T11:59:32+01:00,2,0,8,206,1,0.000000,1940,1970,1940,30,1.5228,GLOBAL_BEST,0,123,0,333,0,43,1,0,300000.0000,0.0000,0,0,0,0,0,0
n012w8-0,n012w8,0,5,500000,100.0,adaptive,2026-07-04T11:59:32+01:00,2,0,8,208,1,0.000000,1880,1940,1880,60,3.0928,GLOBAL_BEST,0,123,0,346,0,44,2,0,300000.0000,0.0000,0,0,0,0,0,0
n012w8-0,n012w8,0,5,500000,100.0,adaptive,2026-07-04T11:59:32+01:00,2,0,8,210,1,0.000000,1850,1880,1850,30,1.5957,GLOBAL_BEST,0,123,0,346,0,45,2,0,150000.0000,0.0000,0,0,0,0,0,0
n012w8-0,n012w8,0,5,500000,100.0,adaptive,2026-07-04T11:59:32+01:00,2,0,8,211,1,0.000000,1790,1850,1790,60,3.2432,GLOBAL_BEST,0,123,0,348,0,46,1,0,600000.0000,0.0000,0,0,0,0,0,0
n012w8-0,n012w8,0,5,500000,100.0,adaptive,2026-07-04T11:59:32+01:00,2,0,8,320,1,0.000000,1760,1790,1760,30,1.6760,GLOBAL_BEST,0,123,0,506,0,47,109,0,2752.2936,0.0000,0,0,0,0,0,0
n012w8-0,n012w8,0,5,500000,100.0,adaptive,2026-07-04T11:59:32+01:00,2,4,8,632,166,0.000000,415,455,415,40,8.7912,GLOBAL_BEST,2,123,0,793,548,48,312,165,1282.0513,242.4242,0,0,0,0,0,0
n012w8-0,n012w8,0,5,500000,100.0,adaptive,2026-07-04T11:59:32+01:00,2,3,8,652,124,0.000000,655,670,655,15,2.2388,GLOBAL_BEST,1,123,0,900,489,49,20,-42,7500.0000,0.0000,0,0,0,0,0,0
n012w8-0,n012w8,0,5,500000,100.0,adaptive,2026-07-04T11:59:32+01:00,2,3,8,653,124,0.000000,640,655,640,15,2.2901,GLOBAL_BEST,1,123,0,902,489,50,1,0,150000.0000,0.0000,0,0,0,0,0,0
n012w8-0,n012w8,0,5,500000,100.0,adaptive,2026-07-04T11:59:32+01:00,2,3,8,664,124,0.000000,625,640,625,15,2.3438,GLOBAL_BEST,1,123,0,922,497,51,11,0,13636.3636,0.0000,0,0,0,0,0,0
n012w8-0,n012w8,0,5,500000,100.0,adaptive,2026-07-04T11:59:32+01:00,2,0,8,778,2,0.000000,1740,1760,1740,20,1.1364,GLOBAL_BEST,0,123,0,1309,0,52,114,-122,1754.3860,0.0000,0,0,0,0,0,0
n012w8-0,n012w8,0,5,500000,100.0,adaptive,2026-07-04T11:59:32+01:00,2,6,8,858,280,0.000000,250,260,250,10,3.8462,GLOBAL_BEST,3,123,0,1174,811,53,80,278,1250.0000,35.9712,0,0,0,0,0,0
n012w8-0,n012w8,0,5,500000,100.0,adaptive,2026-07-04T11:59:32+01:00,2,3,8,880,124,0.000000,615,625,615,10,1.6000,GLOBAL_BEST,1,123,0,1272,638,54,22,-156,4545.4545,0.0000,0,0,0,0,0,0
n012w8-0,n012w8,0,5,500000,100.0,adaptive,2026-07-04T11:59:32+01:00,2,0,8,924,2,0.000000,1680,1740,1680,60,3.4483,GLOBAL_BEST,0,123,0,1551,0,55,44,-122,13636.3636,0.0000,0,0,0,0,0,0
n012w8-0,n012w8,0,5,500000,100.0,adaptive,2026-07-04T11:59:32+01:00,2,2,8,946,65,0.000000,1070,1080,1070,10,0.9259,GLOBAL_BEST,1,123,0,1553,503,56,22,63,4545.4545,158.7302,0,0,0,0,0,0
n012w8-0,n012w8,0,5,500000,100.0,adaptive,2026-07-04T11:59:32+01:00,2,2,8,1106,65,0.000000,1065,1070,1065,5,0.4673,GLOBAL_BEST,1,123,0,1822,584,57,160,0,312.5000,0.0000,0,0,0,0,0,0
n012w8-0,n012w8,0,5,500000,100.0,adaptive,2026-07-04T11:59:32+01:00,2,2,8,1157,65,0.000000,1040,1065,1040,25,2.3474,GLOBAL_BEST,1,123,0,1918,612,58,51,0,4901.9608,0.0000,0,0,0,0,0,0
n012w8-0,n012w8,0,5,500000,100.0,adaptive,2026-07-04T11:59:32+01:00,2,2,8,1235,65,0.000000,1025,1040,1025,15,1.4423,GLOBAL_BEST,1,123,0,2017,651,59,78,0,1923.0769,0.0000,0,0,0,0,0,0
n012w8-0,n012w8,0,5,500000,100.0,adaptive,2026-07-04T11:59:32+01:00,2,2,8,1260,65,0.000000,995,1025,995,30,2.9268,GLOBAL_BEST,1,123,0,2053,661,60,25,0,12000.0000,0.0000,0,0,0,0,0,0
n012w8-0,n012w8,0,5,500000,100.0,adaptive,2026-07-04T11:59:32+01:00,2,0,8,1663,3,0.000000,1650,1680,1650,30,1.7857,GLOBAL_BEST,0,123,0,2920,0,61,403,-62,744.4169,0.0000,0,0,0,0,0,0
n012w8-0,n012w8,0,5,500000,100.0,adaptive,2026-07-04T11:59:32+01:00,2,5,8,1663,211,0.000000,300,315,300,15,4.7619,GLOBAL_BEST,2,123,0,2446,1526,62,0,208,0.0000,72.1154,0,0,0,0,0,0
n012w8-0,n012w8,0,5,500000,100.0,adaptive,2026-07-04T11:59:32+01:00,2,0,8,1684,3,0.000000,1600,1650,1600,50,3.0303,GLOBAL_BEST,0,123,0,2983,0,63,21,-208,23809.5238,0.0000,0,0,0,0,0,0
n012w8-0,n012w8,0,5,500000,100.0,adaptive,2026-07-04T11:59:32+01:00,2,2,8,1691,66,0.000000,905,995,905,90,9.0452,GLOBAL_BEST,1,123,0,2802,880,64,7,63,128571.4286,1428.5714,0,0,0,0,0,0
n012w8-0,n012w8,0,5,500000,100.0,adaptive,2026-07-04T11:59:32+01:00,2,4,8,1992,169,0.000000,395,415,395,20,4.8193,GLOBAL_BEST,2,123,0,2671,1716,65,301,103,664.4518,194.1748,0,0,0,0,0,0
n012w8-0,n012w8,0,5,500000,100.0,adaptive,2026-07-04T11:59:32+01:00,2,6,8,2289,282,0.000000,245,250,245,5,2.0000,GLOBAL_BEST,3,123,0,3215,2158,66,297,113,168.3502,44.2478,0,0,0,0,0,0
n012w8-0,n012w8,0,5,500000,100.0,adaptive,2026-07-04T11:59:32+01:00,2,3,8,3748,129,0.000000,610,615,610,5,0.8130,GLOBAL_BEST,1,123,0,5653,2780,67,1459,-153,34.2700,0.0000,0,0,0,0,0,0
n012w8-0,n012w8,0,5,500000,100.0,adaptive,2026-07-04T11:59:32+01:00,2,0,8,4046,6,0.000000,1595,1600,1595,5,0.3125,GLOBAL_BEST,0,123,0,7143,0,68,298,-123,167.7852,0.0000,0,0,0,0,0,0
n012w8-0,n012w8,0,5,500000,100.0,adaptive,2026-07-04T11:59:32+01:00,2,0,8,4091,8,0.000000,1590,1595,1590,5,0.3135,GLOBAL_BEST,0,123,0,7208,0,69,45,2,1111.1111,2500.0000,0,0,0,0,0,0
n012w8-0,n012w8,0,5,500000,100.0,adaptive,2026-07-04T11:59:32+01:00,2,0,8,4579,8,0.000000,1580,1590,1580,10,0.6289,GLOBAL_BEST,0,123,0,7964,0,70,488,0,204.9180,0.0000,0,0,0,0,0,0
n012w8-0,n012w8,0,5,500000,100.0,adaptive,2026-07-04T11:59:32+01:00,2,0,8,4581,8,0.000000,1565,1580,1565,15,0.9494,GLOBAL_BEST,0,123,0,7968,0,71,2,0,75000.0000,0.0000,0,0,0,0,0,0
n012w8-0,n012w8,0,5,500000,100.0,adaptive,2026-07-04T11:59:32+01:00,2,3,8,6013,132,0.000000,595,610,595,15,2.4590,GLOBAL_BEST,1,123,0,9129,4473,72,1432,124,104.7486,120.9677,0,0,0,0,0,0
n012w8-0,n012w8,0,5,500000,100.0,adaptive,2026-07-04T11:59:32+01:00,2,3,8,7023,134,0.000000,565,595,565,30,5.0420,GLOBAL_BEST,1,123,0,10662,5268,73,1010,2,297.0297,15000.0000,0,0,0,0,0,0
n012w8-0,n012w8,0,5,500000,100.0,adaptive,2026-07-04T11:59:32+01:00,2,5,8,10543,224,0.000000,285,300,285,15,5.0000,GLOBAL_BEST,2,123,0,15382,9596,74,3520,90,42.6136,166.6667,0,0,0,0,0,0
n012w8-0,n012w8,0,5,500000,100.0,adaptive,2026-07-04T11:59:32+01:00,2,0,8,13141,23,0.000000,1555,1565,1555,10,0.6390,GLOBAL_BEST,0,123,0,22822,0,75,2598,-201,38.4911,0.0000,0,0,0,0,0,0
n012w8-0,n012w8,0,5,500000,100.0,adaptive,2026-07-04T11:59:32+01:00,2,0,8,13142,23,0.000000,1540,1555,1540,15,0.9646,GLOBAL_BEST,0,123,0,22822,0,76,1,0,150000.0000,0.0000,0,0,0,0,0,0
n012w8-0,n012w8,0,5,500000,100.0,adaptive,2026-07-04T11:59:32+01:00,2,3,8,15928,148,0.000000,540,565,540,25,4.4248,GLOBAL_BEST,1,123,0,24243,11840,77,2786,125,89.7344,200.0000,0,0,0,0,0,0
n012w8-0,n012w8,0,5,500000,100.0,adaptive,2026-07-04T11:59:32+01:00,2,0,8,15958,27,0.000000,1470,1540,1470,70,4.5455,GLOBAL_BEST,0,123,0,27752,141,78,30,-121,23333.3333,0.0000,0,0,0,0,0,0
n012w8-0,n012w8,0,5,500000,100.0,adaptive,2026-07-04T11:59:32+01:00,2,4,8,17286,195,0.000000,390,395,390,5,1.2658,GLOBAL_BEST,2,123,0,24463,14684,79,1328,168,37.6506,29.7619,0,0,0,0,0,0
n012w8-0,n012w8,0,5,500000,100.0,adaptive,2026-07-04T11:59:32+01:00,2,0,8,18115,31,0.000000,1350,1470,1350,120,8.1633,GLOBAL_BEST,0,123,0,31528,433,80,829,-164,1447.5271,0.0000,0,0,0,0,0,0
n012w8-0,n012w8,0,5,500000,100.0,adaptive,2026-07-04T11:59:32+01:00,2,2,8,18313,93,0.000000,880,905,880,25,2.7624,GLOBAL_BEST,1,123,0,29445,9759,81,198,62,1262.6263,403.2258,0,0,0,0,0,0
n012w8-0,n012w8,0,5,500000,100.0,adaptive,2026-07-04T11:59:32+01:00,2,2,8,18314,93,0.000000,865,880,865,15,1.7045,GLOBAL_BEST,1,123,0,29445,9759,82,1,0,150000.0000,0.0000,0,0,0,0,0,0
n012w8-0,n012w8,0,5,500000,100.0,adaptive,2026-07-04T11:59:32+01:00,2,3,8,20792,155,0.000000,530,540,530,10,1.8519,GLOBAL_BEST,1,123,0,31731,15413,83,2478,62,40.3551,161.2903,0,0,0,0,0,0
n012w8-0,n012w8,0,5,500000,100.0,adaptive,2026-07-04T11:59:32+01:00,2,4,8,22822,202,0.000000,385,390,385,5,1.2821,GLOBAL_BEST,2,123,0,32553,19349,84,2030,47,24.6305,106.3830,0,0,0,0,0,0
n012w8-0,n012w8,0,5,500000,100.0,adaptive,2026-07-04T11:59:32+01:00,2,4,8,26447,208,0.000000,360,385,360,25,6.4935,GLOBAL_BEST,2,123,0,37938,22445,85,3625,6,68.9655,4166.6667,0,0,0,0,0,0
n012w8-0,n012w8,0,5,500000,100.0,adaptive,2026-07-04T11:59:32+01:00,2,3,8,28318,166,0.000000,515,530,515,15,2.8302,GLOBAL_BEST,1,123,0,43064,21143,86,1871,-42,80.1710,0.0000,0,0,0,0,0,0
n012w8-0,n012w8,0,5,500000,100.0,adaptive,2026-07-04T11:59:32+01:00,2,2,8,36994,123,0.000000,795,865,795,70,8.0925,GLOBAL_BEST,1,123,0,59193,20170,87,8676,-43,80.6823,0.0000,0,0,0,0,0,0
n012w8-0,n012w8,0,5,500000,100.0,adaptive,2026-07-04T11:59:32+01:00,2,0,8,37603,63,0.000000,1320,1350,1320,30,2.2222,GLOBAL_BEST,0,123,0,65156,3703,88,609,-60,492.6108,0.0000,0,0,0,0,0,0
n012w8-0,n012w8,0,5,500000,100.0,adaptive,2026-07-04T11:59:32+01:00,2,4,8,38543,226,0.000000,350,360,350,10,2.7778,LOCAL_BEST,2,123,0,55546,32785,89,940,163,106.3830,61.3497,0,0,0,0,0,0
n012w8-0,n012w8,0,5,500000,100.0,adaptive,2026-07-04T11:59:32+01:00,2,5,8,42961,279,0.000000,275,285,275,10,3.5088,GLOBAL_BEST,2,123,0,63520,39525,90,4418,53,22.6347,188.6792,0,0,0,0,0,0
n012w8-0,n012w8,0,5,500000,100.0,adaptive,2026-07-04T11:59:32+01:00,2,5,8,48709,288,0.000000,260,275,260,15,5.4545,LOCAL_BEST,2,123,0,71711,44767,91,5748,9,26.0960,1666.6667,0,0,0,0,0,0
n012w8-0,n012w8,0,5,500000,100.0,adaptive,2026-07-04T11:59:32+01:00,2,0,8,49148,82,0.000000,1315,1320,1315,5,0.3788,LOCAL_BEST,0,123,0,84317,6306,92,439,-206,113.8952,0.0000,0,0,0,0,0,0
n012w8-0,n012w8,0,5,500000,100.0,adaptive,2026-07-04T11:59:32+01:00,2,2,8,50317,145,0.000000,750,795,750,45,5.6604,LOCAL_BEST,1,123,0,80946,28004,93,1169,63,384.9444,714.2857,0,0,0,0,0,0
n012w8-0,n012w8,0,5,500000,100.0,adaptive,2026-07-04T11:59:32+01:00,2,0,8,54978,92,0.000000,1305,1315,1305,10,0.7605,LOCAL_BEST,0,123,0,93894,7852,94,4661,-53,21.4546,0.0000,0,0,0,0,0,0
n012w8-0,n012w8,0,5,500000,100.0,adaptive,2026-07-04T11:59:32+01:00,2,0,8,60204,101,0.000000,1300,1305,1300,5,0.3831,LOCAL_BEST,0,123,0,102751,9236,95,5226,9,9.5675,555.5556,0,0,0,0,0,0
n012w8-0,n012w8,0,5,500000,100.0,adaptive,2026-07-04T11:59:32+01:00,2,0,8,62028,103,0.000000,1235,1300,1235,65,5.0000,LOCAL_BEST,0,123,0,105689,9770,96,1824,2,356.3596,32500.0000,0,0,0,0,0,0
n012w8-0,n012w8,0,5,500000,100.0,adaptive,2026-07-04T11:59:32+01:00,2,0,8,64136,106,0.000000,1185,1235,1185,50,4.0486,LOCAL_BEST,0,123,0,109205,10439,97,2108,3,237.1917,16666.6667,0,0,0,0,0,0
n012w8-0,n012w8,0,5,500000,100.0,adaptive,2026-07-04T11:59:32+01:00,2,0,8,79215,131,0.000000,1075,1185,1075,110,9.2827,LOCAL_BEST,0,123,0,134526,15305,98,15079,25,72.9491,4400.0000,0,0,0,0,0,0
n012w8-0,n012w8,0,5,500000,100.0,adaptive,2026-07-04T11:59:32+01:00,2,3,8,83815,251,0.000000,500,515,500,15,2.9126,LOCAL_BEST,1,123,0,125487,64332,99,4600,120,32.6087,125.0000,0,0,0,0,0,0
n012w8-0,n012w8,0,5,500000,100.0,adaptive,2026-07-04T11:59:32+01:00,2,4,8,103041,331,0.000000,335,350,335,15,4.2857,LOCAL_BEST,2,123,0,150067,88581,100,19226,80,7.8019,187.5000,0,0,0,0,0,0
n012w8-0,n012w8,0,5,500000,100.0,adaptive,2026-07-04T11:59:32+01:00,2,3,8,113819,306,0.000000,470,500,470,30,6.0000,LOCAL_BEST,1,123,0,170011,88437,101,10778,-25,27.8345,0.0000,0,0,0,0,0,0
n012w8-0,n012w8,0,5,500000,100.0,adaptive,2026-07-04T11:59:32+01:00,2,4,8,117839,352,0.000000,325,335,325,10,2.9851,LOCAL_BEST,2,123,0,171392,101695,102,4020,46,24.8756,217.3913,0,0,0,0,0,0
n012w8-0,n012w8,0,5,500000,100.0,adaptive,2026-07-04T11:59:32+01:00,2,2,8,127920,268,0.000000,740,750,740,10,1.3333,LOCAL_BEST,1,123,0,202523,75557,103,10081,-84,9.9197,0.0000,0,0,0,0,0,0
n012w8-0,n012w8,0,5,500000,100.0,adaptive,2026-07-04T11:59:32+01:00,2,0,8,129442,214,0.000000,1070,1075,1070,5,0.4651,LOCAL_BEST,0,123,0,218296,34432,104,1522,-54,32.8515,0.0000,0,0,0,0,0,0
n012w8-0,n012w8,0,5,500000,100.0,adaptive,2026-07-04T11:59:32+01:00,2,0,8,133097,220,0.000000,1055,1070,1055,15,1.4019,LOCAL_BEST,0,123,0,224379,35938,105,3655,6,41.0397,2500.0000,0,0,0,0,0,0
n012w8-0,n012w8,0,5,500000,100.0,adaptive,2026-07-04T11:59:32+01:00,2,5,8,139880,423,0.000000,255,260,255,5,1.9231,LOCAL_BEST,2,123,0,201967,128844,106,6783,203,7.3714,24.6305,0,0,0,0,0,0
n012w8-0,n012w8,0,5,500000,100.0,adaptive,2026-07-04T11:59:32+01:00,2,2,8,157358,318,0.000000,705,740,705,35,4.7297,LOCAL_BEST,1,123,0,248304,94398,107,17478,-105,20.0252,0.0000,0,0,0,0,0,0
n012w8-0,n012w8,0,5,500000,100.0,adaptive,2026-07-04T11:59:32+01:00,2,0,8,158302,264,0.000000,1025,1055,1025,30,2.8436,LOCAL_BEST,0,123,0,265394,46943,108,944,-54,317.7966,0.0000,0,0,0,0,0,0
n012w8-0,n012w8,0,5,500000,100.0,adaptive,2026-07-04T11:59:32+01:00,2,5,8,164349,461,0.000000,245,255,245,10,3.9216,LOCAL_BEST,2,123,0,236629,151634,109,6047,197,16.5371,50.7614,0,0,0,0,0,0
n012w8-0,n012w8,0,5,500000,100.0,adaptive,2026-07-04T11:59:32+01:00,2,5,8,164467,461,0.000000,230,245,230,15,6.1224,GLOBAL_BEST,2,123,0,236803,151741,110,118,0,1271.1864,0.0000,0,0,0,0,0,0
n012w8-0,n012w8,0,5,500000,100.0,adaptive,2026-07-04T11:59:32+01:00,2,2,8,167449,334,0.000000,680,705,680,25,3.5461,LOCAL_BEST,1,123,0,264009,100963,111,2982,-127,83.8364,0.0000,0,0,0,0,0,0
n012w8-0,n012w8,0,5,500000,100.0,adaptive,2026-07-04T11:59:32+01:00,2,0,8,168565,281,0.000000,990,1025,990,35,3.4146,LOCAL_BEST,0,123,0,282058,51682,112,1116,-53,313.6201,0.0000,0,0,0,0,0,0
n012w8-0,n012w8,0,5,500000,100.0,adaptive,2026-07-04T11:59:32+01:00,2,3,8,171979,405,0.000000,465,470,465,5,1.0638,LOCAL_BEST,1,123,0,258601,134604,113,3414,124,14.6456,40.3226,0,0,0,0,0,0
n012w8-0,n012w8,0,5,500000,100.0,adaptive,2026-07-04T11:59:32+01:00,2,3,8,174254,411,0.000000,460,465,460,5,1.0753,LOCAL_BEST,1,123,0,261936,136441,114,2275,6,21.9780,833.3333,0,0,0,0,0,0
n012w8-0,n012w8,0,5,500000,100.0,adaptive,2026-07-04T11:59:32+01:00,2,4,8,177307,455,0.000000,320,325,320,5,1.5385,LOCAL_BEST,2,123,0,256179,153649,115,3053,44,16.3773,113.6364,0,0,0,0,0,0
n012w8-0,n012w8,0,5,500000,100.0,adaptive,2026-07-04T11:59:32+01:00,2,0,8,198019,336,0.000000,945,990,945,45,4.5455,LOCAL_BEST,0,123,0,330103,65681,116,20712,-119,21.7265,0.0000,0,0,0,0,0,0
n012w8-0,n012w8,0,5,500000,100.0,adaptive,2026-07-04T11:59:32+01:00,2,0,8,198020,336,0.000000,930,945,930,15,1.5873,LOCAL_BEST,0,123,0,330103,65681,117,1,0,150000.0000,0.0000,0,0,0,0,0,0
n012w8-0,n012w8,0,5,500000,100.0,adaptive,2026-07-04T11:59:32+01:00,2,0,8,198021,336,0.000000,850,930,850,80,8.6022,LOCAL_BEST,0,123,0,330104,65681,118,1,0,800000.0000,0.0000,0,0,0,0,0,0
n012w8-0,n012w8,0,5,500000,100.0,adaptive,2026-07-04T11:59:32+01:00,2,3,8,199044,455,0.000000,435,460,435,25,5.4348,LOCAL_BEST,1,123,0,299130,156288,119,1023,119,244.3793,210.0840,0,0,0,0,0,0
n012w8-0,n012w8,0,5,500000,100.0,adaptive,2026-07-04T11:59:32+01:00,2,3,8,199546,456,0.000000,425,435,425,10,2.2989,LOCAL_BEST,1,123,0,299825,156687,120,502,1,199.2032,10000.0000,0,0,0,0,0,0
n012w8-0,n012w8,0,5,500000,100.0,adaptive,2026-07-04T11:59:32+01:00,2,4,8,212181,506,0.000000,315,320,315,5,1.5625,LOCAL_BEST,2,123,0,306751,184482,121,12635,50,3.9573,100.0000,0,0,0,0,0,0
n012w8-0,n012w8,0,5,500000,100.0,adaptive,2026-07-04T11:59:32+01:00,2,2,8,214009,413,0.000000,615,680,615,65,9.5588,LOCAL_BEST,1,123,0,335706,132402,122,1828,-93,355.5799,0.0000,0,0,0,0,0,0
n012w8-0,n012w8,0,5,500000,100.0,adaptive,2026-07-04T11:59:32+01:00,2,4,8,221478,520,0.000000,310,315,310,5,1.5873,LOCAL_BEST,2,123,0,319946,192713,123,7469,107,6.6943,46.7290,0,0,0,0,0,0
n012w8-0,n012w8,0,5,500000,100.0,adaptive,2026-07-04T11:59:32+01:00,2,3,8,251493,539,0.000000,420,425,420,5,1.1765,LOCAL_BEST,1,123,0,377891,199247,124,30015,19,1.6658,263.1579,0,0,0,0,0,0
n012w8-0,n012w8,0,5,500000,100.0,adaptive,2026-07-04T11:59:32+01:00,2,4,8,252048,565,0.000000,285,310,285,25,8.0645,LOCAL_BEST,2,123,0,364382,219971,125,555,26,450.4505,961.5385,0,0,0,0,0,0
n012w8-0,n012w8,0,5,500000,100.0,adaptive,2026-07-04T11:59:32+01:00,2,0,8,293117,505,0.000000,835,850,835,15,1.7647,LOCAL_BEST,0,123,0,481918,116355,126,41069,-60,3.6524,0.0000,0,0,0,0,0,0
n012w8-0,n012w8,0,5,500000,100.0,adaptive,2026-07-04T11:59:32+01:00,2,0,8,293119,505,0.000000,790,835,790,45,5.3892,LOCAL_BEST,0,123,0,481922,116355,127,2,0,225000.0000,0.0000,0,0,0,0,0,0
n012w8-0,n012w8,0,5,500000,100.0,adaptive,2026-07-04T11:59:32+01:00,2,0,8,301269,520,0.000000,770,790,770,20,2.5316,LOCAL_BEST,0,123,0,495050,121032,128,8150,15,24.5399,1333.3333,0,0,0,0,0,0
n012w8-0,n012w8,0,5,500000,100.0,adaptive,2026-07-04T11:59:32+01:00,2,2,8,309608,575,0.000000,610,615,610,5,0.8130,LOCAL_BEST,1,123,0,482938,199128,129,8339,55,5.9959,90.9091,0,0,0,0,0,0
n012w8-0,n012w8,0,5,500000,100.0,adaptive,2026-07-04T11:59:32+01:00,2,2,8,324857,599,0.000000,590,610,590,20,3.2787,LOCAL_BEST,1,123,0,506007,210230,130,15249,24,13.1156,833.3333,0,0,0,0,0,0
n012w8-0,n012w8,0,5,500000,100.0,adaptive,2026-07-04T11:59:32+01:00,2,3,8,335510,665,0.000000,410,420,410,10,2.3810,LOCAL_BEST,1,123,0,503803,269451,131,10653,66,9.3870,151.5152,0,0,0,0,0,0
n012w8-0,n012w8,0,5,500000,100.0,adaptive,2026-07-04T11:59:32+01:00,2,2,8,347598,633,0.000000,585,590,585,5,0.8475,LOCAL_BEST,1,123,0,540127,226796,132,12088,-32,4.1363,0.0000,0,0,0,0,0,0
n012w8-0,n012w8,0,5,500000,100.0,adaptive,2026-07-04T11:59:32+01:00,2,3,8,356647,701,0.000000,405,410,405,5,1.2195,LOCAL_BEST,1,123,0,533963,287323,133,9049,68,5.5255,73.5294,0,0,0,0,0,0
n012w8-0,n012w8,0,5,500000,100.0,adaptive,2026-07-04T11:59:32+01:00,2,3,8,364087,713,0.000000,395,405,395,10,2.4691,LOCAL_BEST,1,123,0,544714,293623,134,7440,12,13.4409,833.3333,0,0,0,0,0,0
n012w8-0,n012w8,0,5,500000,100.0,adaptive,2026-07-04T11:59:32+01:00,2,0,8,370323,631,0.000000,765,770,765,5,0.6494,LOCAL_BEST,0,123,0,603313,162507,135,6236,-82,8.0180,0.0000,0,0,0,0,0,0
n012w8-0,n012w8,0,5,500000,100.0,adaptive,2026-07-04T11:59:32+01:00,2,0,8,384904,655,0.000000,725,765,725,40,5.2288,LOCAL_BEST,0,123,0,626134,171759,136,14581,24,27.4330,1666.6667,0,0,0,0,0,0
n012w8-0,n012w8,0,5,500000,100.0,adaptive,2026-07-04T11:59:32+01:00,2,2,8,385048,693,0.000000,555,585,555,30,5.1282,LOCAL_BEST,1,123,0,597160,254540,137,144,38,2083.3333,789.4737,0,0,0,0,0,0
n012w8-0,n012w8,0,5,500000,100.0,adaptive,2026-07-04T11:59:32+01:00,2,2,8,385274,694,0.000000,515,555,515,40,7.2072,LOCAL_BEST,1,123,0,597517,254691,138,226,1,1769.9115,40000.0000,0,0,0,0,0,0
n012w8-0,n012w8,0,5,500000,100.0,adaptive,2026-07-04T11:59:32+01:00,2,2,8,395171,709,0.000000,495,515,495,20,3.8835,LOCAL_BEST,1,123,0,612541,261995,139,9897,15,20.2081,1333.3333,0,0,0,0,0,0
n012w8-0,n012w8,0,5,500000,100.0,adaptive,2026-07-04T11:59:32+01:00,2,0,8,396093,674,0.000000,720,725,720,5,0.6897,LOCAL_BEST,0,123,0,643465,178915,140,922,-35,54.2299,0.0000,0,0,0,0,0,0
n012w8-0,n012w8,0,5,500000,100.0,adaptive,2026-07-04T11:59:32+01:00,2,0,8,402455,684,0.000000,650,720,650,70,9.7222,LOCAL_BEST,0,123,0,653561,183040,141,6362,10,110.0283,7000.0000,0,0,0,0,0,0
n012w8-0,n012w8,0,5,500000,100.0,adaptive,2026-07-04T11:59:32+01:00,2,3,8,409359,785,0.000000,360,395,360,35,8.8608,LOCAL_BEST,1,123,0,610556,331833,142,6904,101,50.6952,346.5347,0,0,0,0,0,0
n012w8-0,n012w8,0,5,500000,100.0,adaptive,2026-07-04T11:59:32+01:00,2,3,8,466574,876,0.000000,345,360,345,15,4.1667,LOCAL_BEST,1,123,0,692942,380264,143,57215,91,2.6217,164.8352,0,0,0,0,0,0
n012w8-0,n012w8,0,5,500000,100.0,adaptive,2026-07-04T11:59:32+01:00,2,3,8,490575,911,0.000000,320,345,320,25,7.2464,LOCAL_BEST,1,123,0,727660,400687,144,24001,35,10.4162,714.2857,0,0,0,0,0,0
n012w8-0,n012w8,0,5,500000,100.0,adaptive,2026-07-04T11:59:32+01:00,3,2,14,1,53,0.000000,1525,1540,1525,15,0.9740,LOCAL_BEST,1,123,0,2,0,1,1,53,150000.0000,283.0189,0,0,0,0,0,0
n012w8-0,n012w8,0,5,500000,100.0,adaptive,2026-07-04T11:59:32+01:00,3,0,14,3,0,0.000000,4180,4340,4180,160,3.6866,GLOBAL_BEST,0,123,0,9,0,2,2,-53,800000.0000,0.0000,0,0,0,0,0,0
n012w8-0,n012w8,0,5,500000,100.0,adaptive,2026-07-04T11:59:32+01:00,3,2,14,5,53,0.000000,1465,1525,1465,60,3.9344,GLOBAL_BEST,1,123,0,18,2,3,2,53,300000.0000,1132.0755,0,0,0,0,0,0
n012w8-0,n012w8,0,5,500000,100.0,adaptive,2026-07-04T11:59:32+01:00,3,0,14,6,0,0.000000,4000,4180,4000,180,4.3062,GLOBAL_BEST,0,123,0,14,0,4,1,-53,1800000.0000,0.0000,0,0,0,0,0,0
n012w8-0,n012w8,0,5,500000,100.0,adaptive,2026-07-04T11:59:32+01:00,3,0,14,8,0,0.000000,3970,4000,3970,30,0.7500,GLOBAL_BEST,0,123,0,17,0,5,2,0,150000.0000,0.0000,0,0,0,0,0,0
n012w8-0,n012w8,0,5,500000,100.0,adaptive,2026-07-04T11:59:32+01:00,3,0,14,10,0,0.000000,3960,3970,3960,10,0.2519,GLOBAL_BEST,0,123,0,18,0,6,2,0,50000.0000,0.0000,0,0,0,0,0,0
n012w8-0,n012w8,0,5,500000,100.0,adaptive,2026-07-04T11:59:32+01:00,3,3,14,10,108,0.000000,1010,1070,1010,60,5.6075,GLOBAL_BEST,1,123,0,5,8,7,0,108,0.0000,555.5556,0,0,0,0,0,0
n012w8-0,n012w8,0,5,500000,100.0,adaptive,2026-07-04T11:59:32+01:00,3,7,14,11,414,0.000000,485,500,485,15,3.0000,GLOBAL_BEST,3,123,0,16,10,8,1,306,150000.0000,49.0196,0,0,0,0,0,0
n012w8-0,n012w8,0,5,500000,100.0,adaptive,2026-07-04T11:59:32+01:00,3,0,14,13,0,0.000000,3735,3960,3735,225,5.6818,GLOBAL_BEST,0,123,0,22,0,9,2,-414,1125000.0000,0.0000,0,0,0,0,0,0
n012w8-0,n012w8,0,5,500000,100.0,adaptive,2026-07-04T11:59:32+01:00,3,0,14,14,0,0.000000,3705,3735,3705,30,0.8032,GLOBAL_BEST,0,123,0,24,0,10,1,0,300000.0000,0.0000,0,0,0,0,0,0
n012w8-0,n012w8,0,5,500000,100.0,adaptive,2026-07-04T11:59:32+01:00,3,3,14,14,108,0.000000,995,1010,995,15,1.4851,GLOBAL_BEST,1,123,0,11,9,11,0,108,0.0000,138.8889,0,0,0,0,0,0
n012w8-0,n012w8,0,5,500000,100.0,adaptive,2026-07-04T11:59:32+01:00,3,0,14,15,0,0.000000,3540,3705,3540,165,4.4534,GLOBAL_BEST,0,123,0,31,0,12,1,-108,1650000.0000,0.0000,0,0,0,0,0,0
n012w8-0,n012w8,0,5,500000,100.0,adaptive,2026-07-04T11:59:32+01:00,3,0,14,16,0,0.000000,3420,3540,3420,120,3.3898,GLOBAL_BEST,0,123,0,34,0,13,1,0,1200000.0000,0.0000,0,0,0,0,0,0
n012w8-0,n012w8,0,5,500000,100.0,adaptive,2026-07-04T11:59:32+01:00,3,0,14,19,0,0.000000,3120,3420,3120,300,8.7719,GLOBAL_BEST,0,123,0,40,0,14,3,0,1000000.0000,0.0000,0,0,0,0,0,0
n012w8-0,n012w8,0,5,500000,100.0,adaptive,2026-07-04T11:59:32+01:00,3,0,14,20,0,0.000000,3075,3120,3075,45,1.4423,GLOBAL_BEST,0,123,0,43,0,15,1,0,450000.0000,0.0000,0,0,0,0,0,0
n012w8-0,n012w8,0,5,500000,100.0,adaptive,2026-07-04T11:59:32+01:00,3,0,14,21,0,0.000000,2895,3075,2895,180,5.8537,GLOBAL_BEST,0,123,0,47,0,16,1,0,1800000.0000,0.0000,0,0,0,0,0,0
n012w8-0,n012w8,0,5,500000,100.0,adaptive,2026-07-04T11:59:32+01:00,3,0,14,22,0,0.000000,2880,2895,2880,15,0.5181,GLOBAL_BEST,0,123,0,47,0,17,1,0,150000.0000,0.0000,0,0,0,0,0,0
n012w8-0,n012w8,0,5,500000,100.0,adaptive,2026-07-04T11:59:32+01:00,3,0,14,24,0,0.000000,2790,2880,2790,90,3.1250,GLOBAL_BEST,0,123,0,50,0,18,2,0,450000.0000,0.0000,0,0,0,0,0,0
n012w8-0,n012w8,0,5,500000,100.0,adaptive,2026-07-04T11:59:32+01:00,3,0,14,26,0,0.000000,2715,2790,2715,75,2.6882,GLOBAL_BEST,0,123,0,53,0,19,2,0,375000.0000,0.0000,0,0,0,0,0,0
n012w8-0,n012w8,0,5,500000,100.0,adaptive,2026-07-04T11:59:32+01:00,3,4,14,27,204,0.000000,775,805,775,30,3.7267,GLOBAL_BEST,2,123,0,44,22,20,1,204,300000.0000,147.0588,0,0,0,0,0,0
n012w8-0,n012w8,0,5,500000,100.0,adaptive,2026-07-04T11:59:32+01:00,3,0,14,28,0,0.000000,2655,2715,2655,60,2.2099,GLOBAL_BEST,0,123,0,56,0,21,1,-204,600000.0000,0.0000,0,0,0,0,0,0
n012w8-0,n012w8,0,5,500000,100.0,adaptive,2026-07-04T11:59:32+01:00,3,0,14,34,0,0.000000,2580,2655,2580,75,2.8249,GLOBAL_BEST,0,123,0,78,0,22,6,0,125000.0000,0.0000,0,0,0,0,0,0
n012w8-0,n012w8,0,5,500000,100.0,adaptive,2026-07-04T11:59:32+01:00,3,0,14,36,0,0.000000,2440,2580,2440,140,5.4264,GLOBAL_BEST,0,123,0,80,0,23,2,0,700000.0000,0.0000,0,0,0,0,0,0
n012w8-0,n012w8,0,5,500000,100.0,adaptive,2026-07-04T11:59:32+01:00,3,4,14,36,204,0.000000,760,775,760,15,1.9355,GLOBAL_BEST,2,123,0,63,29,24,0,204,0.0000,73.5294,0,0,0,0,0,0
n012w8-0,n012w8,0,5,500000,100.0,adaptive,2026-07-04T11:59:32+01:00,3,4,14,40,204,0.000000,745,760,745,15,1.9737,GLOBAL_BEST,2,123,0,68,32,25,4,0,37500.0000,0.0000,0,0,0,0,0,0
n012w8-0,n012w8,0,5,500000,100.0,adaptive,2026-07-04T11:59:32+01:00,3,0,14,50,0,0.000000,2330,2440,2330,110,4.5082,GLOBAL_BEST,0,123,0,131,0,26,10,-204,110000.0000,0.0000,0,0,0,0,0,0
n012w8-0,n012w8,0,5,500000,100.0,adaptive,2026-07-04T11:59:32+01:00,3,5,14,60,257,0.000000,600,615,600,15,2.4390,GLOBAL_BEST,2,123,0,84,56,27,10,257,15000.0000,58.3658,0,0,0,0,0,0
n012w8-0,n012w8,0,5,500000,100.0,adaptive,2026-07-04T11:59:32+01:00,3,0,14,73,0,0.000000,2090,2330,2090,240,10.3004,GLOBAL_BEST,0,123,0,183,0,28,13,-257,184615.3846,0.0000,0,0,0,0,0,0
n012w8-0,n012w8,0,5,500000,100.0,adaptive,2026-07-04T11:59:32+01:00,3,0,14,74,0,0.000000,2080,2090,2080,10,0.4785,GLOBAL_BEST,0,123,0,184,0,29,1,0,100000.0000,0.0000,0,0,0,0,0,0
n012w8-0,n012w8,0,5,500000,100.0,adaptive,2026-07-04T11:59:32+01:00,3,3,14,75,108,0.000000,980,995,980,15,1.5075,GLOBAL_BEST,1,123,0,119,55,30,1,108,150000.0000,138.8889,0,0,0,0,0,0
n012w8-0,n012w8,0,5,500000,100.0,adaptive,2026-07-04T11:59:32+01:00,3,2,14,77,53,0.000000,1390,1465,1390,75,5.1195,GLOBAL_BEST,1,123,0,155,40,31,2,-55,375000.0000,0.0000,0,0,0,0,0,0
n012w8-0,n012w8,0,5,500000,100.0,adaptive,2026-07-04T11:59:32+01:00,3,2,14,78,53,0.000000,1375,1390,1375,15,1.0791,GLOBAL_BEST,1,123,0,156,40,32,1,0,150000.0000,0.0000,0,0,0,0,0,0
n012w8-0,n012w8,0,5,500000,100.0,adaptive,2026-07-04T11:59:32+01:00,3,4,14,84,204,0.000000,730,745,730,15,2.0134,GLOBAL_BEST,2,123,0,147,69,33,6,151,25000.0000,99.3377,0,0,0,0,0,0
n012w8-0,n012w8,0,5,500000,100.0,adaptive,2026-07-04T11:59:32+01:00,3,3,14,88,108,0.000000,965,980,965,15,1.5306,GLOBAL_BEST,1,123,0,138,59,34,4,-96,37500.0000,0.0000,0,0,0,0,0,0
n012w8-0,n012w8,0,5,500000,100.0,adaptive,2026-07-04T11:59:32+01:00,3,0,14,124,1,0.000000,1960,2080,1960,120,5.7692,GLOBAL_BEST,0,123,0,256,0,35,36,-107,33333.3333,0.0000,0,0,0,0,0,0
n012w8-0,n012w8,0,5,500000,100.0,adaptive,2026-07-04T11:59:32+01:00,3,0,14,126,1,0.000000,1930,1960,1930,30,1.5306,GLOBAL_BEST,0,123,0,264,0,36,2,0,150000.0000,0.0000,0,0,0,0,0,0
n012w8-0,n012w8,0,5,500000,100.0,adaptive,2026-07-04T11:59:32+01:00,3,3,14,142,108,0.000000,955,965,955,10,1.0363,GLOBAL_BEST,1,123,0,222,96,37,16,107,6250.0000,93.4579,0,0,0,0,0,0
n012w8-0,n012w8,0,5,500000,100.0,adaptive,2026-07-04T11:59:32+01:00,3,3,14,199,109,0.000000,910,955,910,45,4.7120,GLOBAL_BEST,1,123,0,295,135,38,57,1,7894.7368,45000.0000,0,0,0,0,0,0
n012w8-0,n012w8,0,5,500000,100.0,adaptive,2026-07-04T11:59:32+01:00,3,3,14,200,109,0.000000,895,910,895,15,1.6484,GLOBAL_BEST,1,123,0,297,135,39,1,0,150000.0000,0.0000,0,0,0,0,0,0
n012w8-0,n012w8,0,5,500000,100.0,adaptive,2026-07-04T11:59:32+01:00,3,3,14,211,109,0.000000,880,895,880,15,1.6760,GLOBAL_BEST,1,123,0,307,141,40,11,0,13636.3636,0.0000,0,0,0,0,0,0
n012w8-0,n012w8,0,5,500000,100.0,adaptive,2026-07-04T11:59:32+01:00,3,5,14,215,257,0.000000,580,600,580,20,3.3333,GLOBAL_BEST,2,123,0,304,202,41,4,148,50000.0000,135.1351,0,0,0,0,0,0
n012w8-0,n012w8,0,5,500000,100.0,adaptive,2026-07-04T11:59:32+01:00,3,2,14,230,54,0.000000,1370,1375,1370,5,0.3636,GLOBAL_BEST,1,123,0,369,118,42,15,-203,3333.3333,0.0000,0,0,0,0,0,0
n012w8-0,n012w8,0,5,500000,100.0,adaptive,2026-07-04T11:59:32+01:00,3,2,14,267,54,0.000000,1325,1370,1325,45,3.2847,GLOBAL_BEST,1,123,0,438,133,43,37,0,12162.1622,0.0000,0,0,0,0,0,0
n012w8-0,n012w8,0,5,500000,100.0,adaptive,2026-07-04T11:59:32+01:00,3,2,14,404,54,0.000000,1315,1325,1315,10,0.7547,GLOBAL_BEST,1,123,0,660,208,44,137,0,729.9270,0.0000,0,0,0,0,0,0
n012w8-0,n012w8,0,5,500000,100.0,adaptive,2026-07-04T11:59:32+01:00,3,2,14,405,54,0.000000,1285,1315,1285,30,2.2814,GLOBAL_BEST,1,123,0,664,208,45,1,0,300000.0000,0.0000,0,0,0,0,0,0
n012w8-0,n012w8,0,5,500000,100.0,adaptive,2026-07-04T11:59:32+01:00,3,3,14,444,109,0.000000,820,880,820,60,6.8182,GLOBAL_BEST,1,123,0,635,302,46,39,55,15384.6154,1090.9091,0,0,0,0,0,0
n012w8-0,n012w8,0,5,500000,100.0,adaptive,2026-07-04T11:59:32+01:00,3,4,14,506,205,0.000000,725,730,725,5,0.6849,GLOBAL_BEST,2,123,0,721,420,47,62,96,806.4516,52.0833,0,0,0,0,0,0
n012w8-0,n012w8,0,5,500000,100.0,adaptive,2026-07-04T11:59:32+01:00,3,0,14,572,1,0.000000,1920,1930,1920,10,0.5181,GLOBAL_BEST,0,123,0,1013,0,48,66,-204,1515.1515,0.0000,0,0,0,0,0,0
n012w8-0,n012w8,0,5,500000,100.0,adaptive,2026-07-04T11:59:32+01:00,3,2,14,706,54,0.000000,1250,1285,1250,35,2.7237,GLOBAL_BEST,1,123,0,1152,354,49,134,53,2611.9403,660.3774,0,0,0,0,0,0
n012w8-0,n012w8,0,5,500000,100.0,adaptive,2026-07-04T11:59:32+01:00,3,5,14,710,259,0.000000,565,580,565,15,2.5862,GLOBAL_BEST,2,123,0,1064,644,50,4,205,37500.0000,73.1707,0,0,0,0,0,0
n012w8-0,n012w8,0,5,500000,100.0,adaptive,2026-07-04T11:59:32+01:00,3,2,14,762,54,0.000000,1240,1250,1240,10,0.8000,GLOBAL_BEST,1,123,0,1240,376,51,52,-205,1923.0769,0.0000,0,0,0,0,0,0
n012w8-0,n012w8,0,5,500000,100.0,adaptive,2026-07-04T11:59:32+01:00,3,0,14,1226,3,0.000000,1905,1920,1905,15,0.7812,GLOBAL_BEST,0,123,0,2099,0,52,464,-51,323.2759,0.0000,0,0,0,0,0,0
n012w8-0,n012w8,0,5,500000,100.0,adaptive,2026-07-04T11:59:32+01:00,3,5,14,1251,260,0.000000,555,565,555,10,1.7699,GLOBAL_BEST,2,123,0,1929,1135,53,25,257,4000.0000,38.9105,0,0,0,0,0,0
n012w8-0,n012w8,0,5,500000,100.0,adaptive,2026-07-04T11:59:32+01:00,3,2,14,1324,55,0.000000,1220,1240,1220,20,1.6129,GLOBAL_BEST,1,123,0,2149,660,54,73,-205,2739.7260,0.0000,0,0,0,0,0,0
n012w8-0,n012w8,0,5,500000,100.0,adaptive,2026-07-04T11:59:32+01:00,3,4,14,1365,207,0.000000,710,725,710,15,2.0690,GLOBAL_BEST,2,123,0,1976,1133,55,41,152,3658.5366,98.6842,0,0,0,0,0,0
n012w8-0,n012w8,0,5,500000,100.0,adaptive,2026-07-04T11:59:32+01:00,3,0,14,1447,3,0.000000,1880,1905,1880,25,1.3123,GLOBAL_BEST,0,123,0,2445,0,56,82,-204,3048.7805,0.0000,0,0,0,0,0,0
n012w8-0,n012w8,0,5,500000,100.0,adaptive,2026-07-04T11:59:32+01:00,3,0,14,1454,3,0.000000,1875,1880,1875,5,0.2660,GLOBAL_BEST,0,123,0,2450,0,57,7,0,7142.8571,0.0000,0,0,0,0,0,0
n012w8-0,n012w8,0,5,500000,100.0,adaptive,2026-07-04T11:59:32+01:00,3,2,14,2954,59,0.000000,1215,1220,1215,5,0.4098,GLOBAL_BEST,1,123,0,4788,1511,58,1500,56,33.3333,89.2857,0,0,0,0,0,0
n012w8-0,n012w8,0,5,500000,100.0,adaptive,2026-07-04T11:59:32+01:00,3,7,14,3114,419,0.000000,470,485,470,15,3.0928,GLOBAL_BEST,3,123,0,4130,2842,59,160,360,937.5000,41.6667,0,0,0,0,0,0
n012w8-0,n012w8,0,5,500000,100.0,adaptive,2026-07-04T11:59:32+01:00,3,4,14,3219,209,0.000000,700,710,700,10,1.4085,GLOBAL_BEST,2,123,0,4693,2679,60,105,-210,952.3810,0.0000,0,0,0,0,0,0
n012w8-0,n012w8,0,5,500000,100.0,adaptive,2026-07-04T11:59:32+01:00,3,4,14,3221,209,0.000000,685,700,685,15,2.1429,GLOBAL_BEST,2,123,0,4703,2679,61,2,0,75000.0000,0.0000,0,0,0,0,0,0
n012w8-0,n012w8,0,5,500000,100.0,adaptive,2026-07-04T11:59:32+01:00,3,2,14,3348,59,0.000000,1210,1215,1210,5,0.4115,GLOBAL_BEST,1,123,0,5442,1724,62,127,-150,393.7008,0.0000,0,0,0,0,0,0
n012w8-0,n012w8,0,5,500000,100.0,adaptive,2026-07-04T11:59:32+01:00,3,2,14,3350,59,0.000000,1180,1210,1180,30,2.4793,GLOBAL_BEST,1,123,0,5446,1724,63,2,0,150000.0000,0.0000,0,0,0,0,0,0
n012w8-0,n012w8,0,5,500000,100.0,adaptive,2026-07-04T11:59:32+01:00,3,2,14,3783,60,0.000000,1175,1180,1175,5,0.4237,GLOBAL_BEST,1,123,0,6176,1962,64,433,1,115.4734,5000.0000,0,0,0,0,0,0
n012w8-0,n012w8,0,5,500000,100.0,adaptive,2026-07-04T11:59:32+01:00,3,0,14,4577,9,0.000000,1860,1875,1860,15,0.8000,GLOBAL_BEST,0,123,0,7765,0,65,794,-51,188.9169,0.0000,0,0,0,0,0,0
n012w8-0,n012w8,0,5,500000,100.0,adaptive,2026-07-04T11:59:32+01:00,3,4,14,5803,213,0.000000,675,685,675,10,1.4599,GLOBAL_BEST,2,123,0,8562,4869,66,1226,204,81.5661,49.0196,0,0,0,0,0,0
n012w8-0,n012w8,0,5,500000,100.0,adaptive,2026-07-04T11:59:32+01:00,3,0,14,6170,11,0.000000,1840,1860,1840,20,1.0753,GLOBAL_BEST,0,123,0,10590,0,67,367,-202,544.9591,0.0000,0,0,0,0,0,0
n012w8-0,n012w8,0,5,500000,100.0,adaptive,2026-07-04T11:59:32+01:00,3,0,14,6171,11,0.000000,1810,1840,1810,30,1.6304,GLOBAL_BEST,0,123,0,10591,0,68,1,0,300000.0000,0.0000,0,0,0,0,0,0
n012w8-0,n012w8,0,5,500000,100.0,adaptive,2026-07-04T11:59:32+01:00,3,0,14,6346,12,0.000000,1770,1810,1770,40,2.2099,GLOBAL_BEST,0,123,0,10900,0,69,175,1,2285.7143,40000.0000,0,0,0,0,0,0
n012w8-0,n012w8,0,5,500000,100.0,adaptive,2026-07-04T11:59:32+01:00,3,0,14,9294,18,0.000000,1690,1770,1690,80,4.5198,GLOBAL_BEST,0,123,0,15642,0,70,2948,6,271.3704,13333.3333,0,0,0,0,0,0
n012w8-0,n012w8,0,5,500000,100.0,adaptive,2026-07-04T11:59:32+01:00,3,4,14,10194,221,0.000000,655,675,655,20,2.9630,GLOBAL_BEST,2,123,0,15256,8438,71,900,203,222.2222,98.5222,0,0,0,0,0,0
n012w8-0,n012w8,0,5,500000,100.0,adaptive,2026-07-04T11:59:32+01:00,3,0,14,11151,21,0.000000,1685,1690,1685,5,0.2959,GLOBAL_BEST,0,123,0,18729,0,72,957,-200,52.2466,0.0000,0,0,0,0,0,0
n012w8-0,n012w8,0,5,500000,100.0,adaptive,2026-07-04T11:59:32+01:00,3,5,14,11215,275,0.000000,550,555,550,5,0.9009,GLOBAL_BEST,2,123,0,16776,10058,73,64,254,781.2500,19.6850,0,0,0,0,0,0
n012w8-0,n012w8,0,5,500000,100.0,adaptive,2026-07-04T11:59:32+01:00,3,5,14,12041,277,0.000000,535,550,535,15,2.7273,GLOBAL_BEST,2,123,0,18042,10791,74,826,2,181.5981,7500.0000,0,0,0,0,0,0
n012w8-0,n012w8,0,5,500000,100.0,adaptive,2026-07-04T11:59:32+01:00,3,2,14,12070,74,0.000000,1135,1175,1135,40,3.4043,GLOBAL_BEST,1,123,0,19122,6059,75,29,-203,13793.1034,0.0000,0,0,0,0,0,0
n012w8-0,n012w8,0,5,500000,100.0,adaptive,2026-07-04T11:59:32+01:00,3,0,14,15462,29,0.000000,1645,1685,1645,40,2.3739,GLOBAL_BEST,0,123,0,26198,54,76,3392,-45,117.9245,0.0000,0,0,0,0,0,0
n012w8-0,n012w8,0,5,500000,100.0,adaptive,2026-07-04T11:59:32+01:00,3,0,14,15464,29,0.000000,1630,1645,1630,15,0.9119,GLOBAL_BEST,0,123,0,26200,54,77,2,0,75000.0000,0.0000,0,0,0,0,0,0
n012w8-0,n012w8,0,5,500000,100.0,adaptive,2026-07-04T11:59:32+01:00,3,0,14,19631,37,0.000000,1590,1630,1590,40,2.4540,GLOBAL_BEST,0,123,0,33262,571,78,4167,8,95.9923,5000.0000,0,0,0,0,0,0
n012w8-0,n012w8,0,5,500000,100.0,adaptive,2026-07-04T11:59:32+01:00,3,0,14,19632,37,0.000000,1560,1590,1560,30,1.8868,GLOBAL_BEST,0,123,0,33262,571,79,1,0,300000.0000,0.0000,0,0,0,0,0,0
n012w8-0,n012w8,0,5,500000,100.0,adaptive,2026-07-04T11:59:32+01:00,3,2,14,21166,90,0.000000,1105,1135,1105,30,2.6432,GLOBAL_BEST,1,123,0,33554,10711,80,1534,53,195.5671,566.0377,0,0,0,0,0,0
n012w8-0,n012w8,0,5,500000,100.0,adaptive,2026-07-04T11:59:32+01:00,3,0,14,28654,53,0.000000,1540,1560,1540,20,1.2821,GLOBAL_BEST,0,123,0,48328,1828,81,7488,-37,26.7094,0.0000,0,0,0,0,0,0
n012w8-0,n012w8,0,5,500000,100.0,adaptive,2026-07-04T11:59:32+01:00,3,0,14,28655,53,0.000000,1525,1540,1525,15,0.9740,GLOBAL_BEST,0,123,0,48332,1828,82,1,0,150000.0000,0.0000,0,0,0,0,0,0
n012w8-0,n012w8,0,5,500000,100.0,adaptive,2026-07-04T11:59:32+01:00,3,5,14,30060,306,0.000000,515,535,515,20,3.7383,GLOBAL_BEST,2,123,0,44761,26952,83,1405,253,142.3488,79.0514,0,0,0,0,0,0
n012w8-0,n012w8,0,5,500000,100.0,adaptive,2026-07-04T11:59:32+01:00,3,2,14,31081,108,0.000000,1070,1105,1070,35,3.1674,GLOBAL_BEST,1,123,0,48948,16011,84,1021,-198,342.8012,0.0000,0,0,0,0,0,0
n012w8-0,n012w8,0,5,500000,100.0,adaptive,2026-07-04T11:59:32+01:00,3,4,14,32982,257,0.000000,615,655,615,40,6.1069,GLOBAL_BEST,2,123,0,48740,27316,85,1901,149,210.4156,268.4564,0,0,0,0,0,0
n012w8-0,n012w8,0,5,500000,100.0,adaptive,2026-07-04T11:59:32+01:00,3,2,14,36239,117,0.000000,1060,1070,1060,10,0.9346,LOCAL_BEST,1,123,0,56898,18822,86,3257,-140,30.7031,0.0000,0,0,0,0,0,0
n012w8-0,n012w8,0,5,500000,100.0,adaptive,2026-07-04T11:59:32+01:00,3,0,14,36296,67,0.000000,1405,1525,1405,120,7.8689,LOCAL_BEST,0,123,0,61167,3264,87,57,-50,21052.6316,0.0000,0,0,0,0,0,0
n012w8-0,n012w8,0,5,500000,100.0,adaptive,2026-07-04T11:59:32+01:00,3,0,14,36301,67,0.000000,1345,1405,1345,60,4.2705,LOCAL_BEST,0,123,0,61174,3264,88,5,0,120000.0000,0.0000,0,0,0,0,0,0
n012w8-0,n012w8,0,5,500000,100.0,adaptive,2026-07-04T11:59:32+01:00,3,2,14,53550,148,0.000000,1055,1060,1055,5,0.4717,LOCAL_BEST,1,123,0,84163,28347,89,17249,81,2.8987,61.7284,0,0,0,0,0,0
n012w8-0,n012w8,0,5,500000,100.0,adaptive,2026-07-04T11:59:32+01:00,3,3,14,56754,204,0.000000,805,820,805,15,1.8293,GLOBAL_BEST,1,123,0,85248,41871,90,3204,56,46.8165,267.8571,0,0,0,0,0,0
n012w8-0,n012w8,0,5,500000,100.0,adaptive,2026-07-04T11:59:32+01:00,3,3,14,57893,206,0.000000,765,805,765,40,4.9689,LOCAL_BEST,1,123,0,87017,42698,91,1139,2,351.1853,20000.0000,0,0,0,0,0,0
n012w8-0,n012w8,0,5,500000,100.0,adaptive,2026-07-04T11:59:32+01:00,3,2,14,62716,163,0.000000,1050,1055,1050,5,0.4739,LOCAL_BEST,1,123,0,98524,33696,92,4823,-43,10.3670,0.0000,0,0,0,0,0,0
n012w8-0,n012w8,0,5,500000,100.0,adaptive,2026-07-04T11:59:32+01:00,3,2,14,66700,171,0.000000,1035,1050,1035,15,1.4286,LOCAL_BEST,1,123,0,104929,35907,93,3984,8,37.6506,1875.0000,0,0,0,0,0,0
n012w8-0,n012w8,0,5,500000,100.0,adaptive,2026-07-04T11:59:32+01:00,3,2,14,72207,180,0.000000,1005,1035,1005,30,2.8986,LOCAL_BEST,1,123,0,113431,39004,94,5507,9,54.4761,3333.3333,0,0,0,0,0,0
n012w8-0,n012w8,0,5,500000,100.0,adaptive,2026-07-04T11:59:32+01:00,3,0,14,84513,154,0.000000,1315,1345,1315,30,2.2305,LOCAL_BEST,0,123,0,140614,16723,95,12306,-26,24.3784,0.0000,0,0,0,0,0,0
n012w8-0,n012w8,0,5,500000,100.0,adaptive,2026-07-04T11:59:32+01:00,3,0,14,84514,154,0.000000,1285,1315,1285,30,2.2814,LOCAL_BEST,0,123,0,140615,16723,96,1,0,300000.0000,0.0000,0,0,0,0,0,0
n012w8-0,n012w8,0,5,500000,100.0,adaptive,2026-07-04T11:59:32+01:00,3,5,14,88961,414,0.000000,500,515,500,15,2.9126,GLOBAL_BEST,2,123,0,130237,79620,97,4447,260,33.7306,57.6923,0,0,0,0,0,0
n012w8-0,n012w8,0,5,500000,100.0,adaptive,2026-07-04T11:59:32+01:00,3,2,14,92226,215,0.000000,980,1005,980,25,2.4876,LOCAL_BEST,1,123,0,144825,50879,98,3265,-199,76.5697,0.0000,0,0,0,0,0,0
n012w8-0,n012w8,0,5,500000,100.0,adaptive,2026-07-04T11:59:32+01:00,3,3,14,102795,281,0.000000,745,765,745,20,2.6144,LOCAL_BEST,1,123,0,154829,76586,99,10569,66,18.9233,303.0303,0,0,0,0,0,0
n012w8-0,n012w8,0,5,500000,100.0,adaptive,2026-07-04T11:59:32+01:00,3,0,14,102882,187,0.000000,1280,1285,1280,5,0.3891,LOCAL_BEST,0,123,0,170410,23557,100,87,-94,574.7126,0.0000,0,0,0,0,0,0
n012w8-0,n012w8,0,5,500000,100.0,adaptive,2026-07-04T11:59:32+01:00,3,0,14,102883,187,0.000000,1265,1280,1265,15,1.1719,LOCAL_BEST,0,123,0,170412,23557,101,1,0,150000.0000,0.0000,0,0,0,0,0,0
n012w8-0,n012w8,0,5,500000,100.0,adaptive,2026-07-04T11:59:32+01:00,3,2,14,110483,247,0.000000,960,980,960,20,2.0408,LOCAL_BEST,1,123,0,173252,61998,102,7600,60,26.3158,333.3333,0,0,0,0,0,0
n012w8-0,n012w8,0,5,500000,100.0,adaptive,2026-07-04T11:59:32+01:00,3,0,14,112472,205,0.000000,1190,1265,1190,75,5.9289,LOCAL_BEST,0,123,0,185980,27229,103,1989,-42,377.0739,0.0000,0,0,0,0,0,0
n012w8-0,n012w8,0,5,500000,100.0,adaptive,2026-07-04T11:59:32+01:00,3,0,14,141427,257,0.000000,1180,1190,1180,10,0.8403,LOCAL_BEST,0,123,0,233076,38749,104,28955,52,3.4536,192.3077,0,0,0,0,0,0
n012w8-0,n012w8,0,5,500000,100.0,adaptive,2026-07-04T11:59:32+01:00,3,3,14,144402,351,0.000000,715,745,715,30,4.0268,LOCAL_BEST,1,123,0,218063,108660,105,2975,94,100.8403,319.1489,0,0,0,0,0,0
n012w8-0,n012w8,0,5,500000,100.0,adaptive,2026-07-04T11:59:32+01:00,3,4,14,146688,465,0.000000,600,615,600,15,2.4390,LOCAL_BEST,2,123,0,216699,122807,106,2286,114,65.6168,131.5789,0,0,0,0,0,0
n012w8-0,n012w8,0,5,500000,100.0,adaptive,2026-07-04T11:59:32+01:00,3,2,14,151335,323,0.000000,945,960,945,15,1.5625,LOCAL_BEST,1,123,0,236672,87543,107,4647,-142,32.2789,0.0000,0,0,0,0,0,0
n012w8-0,n012w8,0,5,500000,100.0,adaptive,2026-07-04T11:59:32+01:00,3,2,14,156332,332,0.000000,925,945,925,20,2.1164,LOCAL_BEST,1,123,0,244419,90807,108,4997,9,40.0240,2222.2222,0,0,0,0,0,0
n012w8-0,n012w8,0,5,500000,100.0,adaptive,2026-07-04T11:59:32+01:00,3,2,14,156333,332,0.000000,850,925,850,75,8.1081,LOCAL_BEST,1,123,0,244419,90807,109,1,0,750000.0000,0.0000,0,0,0,0,0,0
n012w8-0,n012w8,0,5,500000,100.0,adaptive,2026-07-04T11:59:32+01:00,3,4,14,174151,511,0.000000,595,600,595,5,0.8333,LOCAL_BEST,2,123,0,258801,146341,110,17818,179,2.8062,27.9330,0,0,0,0,0,0
n012w8-0,n012w8,0,5,500000,100.0,adaptive,2026-07-04T11:59:32+01:00,3,4,14,175136,513,0.000000,590,595,590,5,0.8403,LOCAL_BEST,2,123,0,260211,147190,111,985,2,50.7614,2500.0000,0,0,0,0,0,0
n012w8-0,n012w8,0,5,500000,100.0,adaptive,2026-07-04T11:59:32+01:00,3,5,14,175572,570,0.000000,475,500,475,25,5.0000,LOCAL_BEST,2,123,0,253687,157208,112,436,57,573.3945,438.5965,0,0,0,0,0,0
n012w8-0,n012w8,0,5,500000,100.0,adaptive,2026-07-04T11:59:32+01:00,3,4,14,176654,515,0.000000,570,590,570,20,3.3898,LOCAL_BEST,2,123,0,262521,148489,113,1082,-55,184.8429,0.0000,0,0,0,0,0,0
n012w8-0,n012w8,0,5,500000,100.0,adaptive,2026-07-04T11:59:32+01:00,3,4,14,176657,515,0.000000,555,570,555,15,2.6316,LOCAL_BEST,2,123,0,262526,148491,114,3,0,50000.0000,0.0000,0,0,0,0,0,0
n012w8-0,n012w8,0,5,500000,100.0,adaptive,2026-07-04T11:59:32+01:00,3,0,14,180707,327,0.000000,1160,1180,1160,20,1.6949,LOCAL_BEST,0,123,0,296241,56437,115,4050,-188,49.3827,0.0000,0,0,0,0,0,0
n012w8-0,n012w8,0,5,500000,100.0,adaptive,2026-07-04T11:59:32+01:00,3,0,14,190306,344,0.000000,1150,1160,1150,10,0.8621,LOCAL_BEST,0,123,0,311750,61159,116,9599,17,10.4178,588.2353,0,0,0,0,0,0
n012w8-0,n012w8,0,5,500000,100.0,adaptive,2026-07-04T11:59:32+01:00,3,3,14,194335,442,0.000000,705,715,705,10,1.3986,LOCAL_BEST,1,123,0,293616,147551,117,4029,98,24.8201,102.0408,0,0,0,0,0,0
n012w8-0,n012w8,0,5,500000,100.0,adaptive,2026-07-04T11:59:32+01:00,3,0,14,198805,363,0.000000,1030,1150,1030,120,10.4348,LOCAL_BEST,0,123,0,325272,65223,118,4470,-79,268.4564,0.0000,0,0,0,0,0,0
n012w8-0,n012w8,0,5,500000,100.0,adaptive,2026-07-04T11:59:32+01:00,3,3,14,211123,476,0.000000,700,705,700,5,0.7092,LOCAL_BEST,1,123,0,319315,160736,119,12318,113,4.0591,44.2478,0,0,0,0,0,0
n012w8-0,n012w8,0,5,500000,100.0,adaptive,2026-07-04T11:59:32+01:00,3,3,14,224775,500,0.000000,695,700,695,5,0.7143,LOCAL_BEST,1,123,0,339152,171404,120,13652,24,3.6625,208.3333,0,0,0,0,0,0
n012w8-0,n012w8,0,5,500000,100.0,adaptive,2026-07-04T11:59:32+01:00,3,5,14,225426,662,0.000000,470,475,470,5,1.0526,LOCAL_BEST,2,123,0,324727,202221,121,651,162,76.8049,30.8642,0,0,0,0,0,0
n012w8-0,n012w8,0,5,500000,100.0,adaptive,2026-07-04T11:59:32+01:00,3,4,14,236289,617,0.000000,545,555,545,10,1.8018,LOCAL_BEST,2,123,0,351185,199980,122,10863,-45,9.2056,0.0000,0,0,0,0,0,0
n012w8-0,n012w8,0,5,500000,100.0,adaptive,2026-07-04T11:59:32+01:00,3,2,14,272254,564,0.000000,820,850,820,30,3.5294,LOCAL_BEST,1,123,0,423772,168827,123,35965,-53,8.3414,0.0000,0,0,0,0,0,0
n012w8-0,n012w8,0,5,500000,100.0,adaptive,2026-07-04T11:59:32+01:00,3,0,14,276994,514,0.000000,1000,1030,1000,30,2.9126,LOCAL_BEST,0,123,0,449832,106750,124,4740,-50,63.2911,0.0000,0,0,0,0,0,0
n012w8-0,n012w8,0,5,500000,100.0,adaptive,2026-07-04T11:59:32+01:00,3,3,14,287333,622,0.000000,670,695,670,25,3.5971,LOCAL_BEST,1,123,0,433419,221908,125,10339,108,24.1803,231.4815,0,0,0,0,0,0
n012w8-0,n012w8,0,5,500000,100.0,adaptive,2026-07-04T11:59:32+01:00,3,0,14,323277,604,0.000000,985,1000,985,15,1.5000,LOCAL_BEST,0,123,0,523073,133795,126,35944,-18,4.1732,0.0000,0,0,0,0,0,0
n012w8-0,n012w8,0,5,500000,100.0,adaptive,2026-07-04T11:59:32+01:00,3,0,14,332949,629,0.000000,965,985,965,20,2.0305,LOCAL_BEST,0,123,0,538528,139546,127,9672,25,20.6782,800.0000,0,0,0,0,0,0
n012w8-0,n012w8,0,5,500000,100.0,adaptive,2026-07-04T11:59:32+01:00,3,3,14,349908,743,0.000000,660,670,660,10,1.4925,LOCAL_BEST,1,123,0,526525,273659,128,16959,114,5.8966,87.7193,0,0,0,0,0,0
n012w8-0,n012w8,0,5,500000,100.0,adaptive,2026-07-04T11:59:32+01:00,3,2,14,351229,713,0.000000,815,820,815,5,0.6098,LOCAL_BEST,1,123,0,544422,226223,129,1321,-30,37.8501,0.0000,0,0,0,0,0,0
n012w8-0,n012w8,0,5,500000,100.0,adaptive,2026-07-04T11:59:32+01:00,3,2,14,351678,714,0.000000,805,815,805,10,1.2270,LOCAL_BEST,1,123,0,545084,226512,130,449,1,222.7171,10000.0000,0,0,0,0,0,0
n012w8-0,n012w8,0,5,500000,100.0,adaptive,2026-07-04T11:59:32+01:00,3,2,14,352104,714,0.000000,790,805,790,15,1.8634,LOCAL_BEST,1,123,0,545771,226820,131,426,0,352.1127,0.0000,0,0,0,0,0,0
n012w8-0,n012w8,0,5,500000,100.0,adaptive,2026-07-04T11:59:32+01:00,3,2,14,352108,714,0.000000,730,790,730,60,7.5949,LOCAL_BEST,1,123,0,545772,226821,132,4,0,150000.0000,0.0000,0,0,0,0,0,0
n012w8-0,n012w8,0,5,500000,100.0,adaptive,2026-07-04T11:59:32+01:00,3,4,14,355183,835,0.000000,535,545,535,10,1.8349,LOCAL_BEST,2,123,0,524704,305926,133,3075,121,32.5203,82.6446,0,0,0,0,0,0
n012w8-0,n012w8,0,5,500000,100.0,adaptive,2026-07-04T11:59:32+01:00,3,0,14,355798,672,0.000000,935,965,935,30,3.1088,LOCAL_BEST,0,123,0,574520,153143,134,615,-163,487.8049,0.0000,0,0,0,0,0,0
n012w8-0,n012w8,0,5,500000,100.0,adaptive,2026-07-04T11:59:32+01:00,3,3,14,362104,763,0.000000,650,660,650,10,1.5152,LOCAL_BEST,1,123,0,544898,283603,135,6306,91,15.8579,109.8901,0,0,0,0,0,0
n012w8-0,n012w8,0,5,500000,100.0,adaptive,2026-07-04T11:59:32+01:00,3,0,14,374576,706,0.000000,925,935,925,10,1.0695,LOCAL_BEST,0,123,0,604216,164907,136,12472,-57,8.0180,0.0000,0,0,0,0,0,0
n012w8-0,n012w8,0,5,500000,100.0,adaptive,2026-07-04T11:59:32+01:00,3,0,14,374577,706,0.000000,910,925,910,15,1.6216,LOCAL_BEST,0,123,0,604220,164907,137,1,0,150000.0000,0.0000,0,0,0,0,0,0
n012w8-0,n012w8,0,5,500000,100.0,adaptive,2026-07-04T11:59:32+01:00,3,2,14,379947,764,0.000000,725,730,725,5,0.6849,LOCAL_BEST,1,123,0,588633,247313,138,5370,58,9.3110,86.2069,0,0,0,0,0,0
n012w8-0,n012w8,0,5,500000,100.0,adaptive,2026-07-04T11:59:32+01:00,3,4,14,396893,911,0.000000,530,535,530,5,0.9346,LOCAL_BEST,2,123,0,585209,342900,139,16946,147,2.9505,34.0136,0,0,0,0,0,0
n012w8-0,n012w8,0,5,500000,100.0,adaptive,2026-07-04T11:59:32+01:00,3,2,14,411504,829,0.000000,710,725,710,15,2.0690,LOCAL_BEST,1,123,0,636509,270542,140,14611,-82,10.2662,0.0000,0,0,0,0,0,0
n012w8-0,n012w8,0,5,500000,100.0,adaptive,2026-07-04T11:59:32+01:00,3,0,14,413620,775,0.000000,900,910,900,10,1.0989,LOCAL_BEST,0,123,0,664830,190316,141,2116,-54,47.2590,0.0000,0,0,0,0,0,0
n012w8-0,n012w8,0,5,500000,100.0,adaptive,2026-07-04T11:59:32+01:00,3,4,14,418671,948,0.000000,515,530,515,15,2.8302,LOCAL_BEST,2,123,0,616927,362528,142,5051,173,29.6971,86.7052,0,0,0,0,0,0
n012w8-0,n012w8,0,5,500000,100.0,adaptive,2026-07-04T11:59:32+01:00,3,4,14,418706,948,0.000000,500,515,500,15,2.9126,LOCAL_BEST,2,123,0,616989,362556,143,35,0,4285.7143,0.0000,0,0,0,0,0,0
n012w8-0,n012w8,0,5,500000,100.0,adaptive,2026-07-04T11:59:32+01:00,3,3,14,422816,875,0.000000,635,650,635,15,2.3077,LOCAL_BEST,1,123,0,633982,334419,144,4110,-73,36.4964,0.0000,0,0,0,0,0,0
n012w8-0,n012w8,0,5,500000,100.0,adaptive,2026-07-04T11:59:32+01:00,3,3,14,430596,891,0.000000,625,635,625,10,1.5748,LOCAL_BEST,1,123,0,645198,340831,145,7780,16,12.8535,625.0000,0,0,0,0,0,0
n012w8-0,n012w8,0,5,500000,100.0,adaptive,2026-07-04T11:59:32+01:00,3,3,14,434892,898,0.000000,620,625,620,5,0.8000,LOCAL_BEST,1,123,0,651325,344361,146,4296,7,11.6387,714.2857,0,0,0,0,0,0
n012w8-0,n012w8,0,5,500000,100.0,adaptive,2026-07-04T11:59:32+01:00,3,0,14,443058,829,0.000000,880,900,880,20,2.2222,LOCAL_BEST,0,123,0,710932,209870,147,8166,-69,24.4918,0.0000,0,0,0,0,0,0
n012w8-0,n012w8,0,5,500000,100.0,adaptive,2026-07-04T11:59:32+01:00,3,3,14,445815,916,0.000000,595,620,595,25,4.0323,LOCAL_BEST,1,123,0,667854,353243,148,2757,87,90.6783,287.3563,0,0,0,0,0,0
n012w8-0,n012w8,0,5,500000,100.0,adaptive,2026-07-04T11:59:32+01:00,3,0,14,465992,885,0.000000,815,880,815,65,7.3864,LOCAL_BEST,0,123,0,746199,225371,149,20177,-31,32.2149,0.0000,0,0,0,0,0,0
n012w8-0,n012w8,0,5,500000,100.0,adaptive,2026-07-04T11:59:32+01:00,3,3,14,477285,974,0.000000,590,595,590,5,0.8403,LOCAL_BEST,1,123,0,714134,379548,150,11293,89,4.4275,56.1798,0,0,0,0,0,0
n012w8-0,n012w8,0,5,500000,100.0,adaptive,2026-07-04T11:59:32+01:00,3,3,14,479396,977,0.000000,565,590,565,25,4.2373,LOCAL_BEST,1,123,0,717130,381264,151,2111,3,118.4273,8333.3333,0,0,0,0,0,0
n012w8-0,n012w8,0,5,500000,100.0,adaptive,2026-07-04T11:59:32+01:00,4,0,34,1,0,0.000000,3390,3510,3390,120,3.4188,GLOBAL_BEST,0,42,0,1,0,1,1,0,1200000.0000,0.0000,0,0,0,0,0,0
n012w8-0,n012w8,0,5,500000,100.0,adaptive,2026-07-04T11:59:32+01:00,4,2,34,1,53,0.000000,1155,1185,1155,30,2.5316,GLOBAL_BEST,1,42,0,0,0,2,0,53,0.0000,566.0377,0,0,0,0,0,0
n012w8-0,n012w8,0,5,500000,100.0,adaptive,2026-07-04T11:59:32+01:00,4,0,34,3,0,0.000000,3360,3390,3360,30,0.8850,GLOBAL_BEST,0,42,0,2,0,3,2,-53,150000.0000,0.0000,0,0,0,0,0,0
n012w8-0,n012w8,0,5,500000,100.0,adaptive,2026-07-04T11:59:32+01:00,4,2,34,3,53,0.000000,1080,1155,1080,75,6.4935,GLOBAL_BEST,1,42,0,3,1,4,0,53,0.0000,1415.0943,0,0,0,0,0,0
n012w8-0,n012w8,0,5,500000,100.0,adaptive,2026-07-04T11:59:32+01:00,4,2,34,4,53,0.000000,1050,1080,1050,30,2.7778,GLOBAL_BEST,1,42,0,3,1,5,1,0,300000.0000,0.0000,0,0,0,0,0,0
n012w8-0,n012w8,0,5,500000,100.0,adaptive,2026-07-04T11:59:32+01:00,4,0,34,5,0,0.000000,3165,3360,3165,195,5.8036,GLOBAL_BEST,0,42,0,15,0,6,1,-53,1950000.0000,0.0000,0,0,0,0,0,0
n012w8-0,n012w8,0,5,500000,100.0,adaptive,2026-07-04T11:59:32+01:00,4,0,34,6,0,0.000000,2925,3165,2925,240,7.5829,GLOBAL_BEST,0,42,0,15,0,7,1,0,2400000.0000,0.0000,0,0,0,0,0,0
n012w8-0,n012w8,0,5,500000,100.0,adaptive,2026-07-04T11:59:32+01:00,4,0,34,7,0,0.000000,2760,2925,2760,165,5.6410,GLOBAL_BEST,0,42,0,15,0,8,1,0,1650000.0000,0.0000,0,0,0,0,0,0
n012w8-0,n012w8,0,5,500000,100.0,adaptive,2026-07-04T11:59:32+01:00,4,2,34,7,53,0.000000,1020,1050,1020,30,2.8571,GLOBAL_BEST,1,42,0,8,3,9,0,53,0.0000,566.0377,0,0,0,0,0,0
n012w8-0,n012w8,0,5,500000,100.0,adaptive,2026-07-04T11:59:32+01:00,4,0,34,8,0,0.000000,2715,2760,2715,45,1.6304,GLOBAL_BEST,0,42,0,15,0,10,1,-53,450000.0000,0.0000,0,0,0,0,0,0
n012w8-0,n012w8,0,5,500000,100.0,adaptive,2026-07-04T11:59:32+01:00,4,4,34,8,159,0.000000,405,435,405,30,6.8966,GLOBAL_BEST,2,42,0,14,7,11,0,159,0.0000,188.6792,0,0,0,0,0,0
n012w8-0,n012w8,0,5,500000,100.0,adaptive,2026-07-04T11:59:32+01:00,4,0,34,13,0,0.000000,2700,2715,2700,15,0.5525,GLOBAL_BEST,0,42,0,22,0,12,5,-159,30000.0000,0.0000,0,0,0,0,0,0
n012w8-0,n012w8,0,5,500000,100.0,adaptive,2026-07-04T11:59:32+01:00,4,0,34,14,0,0.000000,2550,2700,2550,150,5.5556,GLOBAL_BEST,0,42,0,27,0,13,1,0,1500000.0000,0.0000,0,0,0,0,0,0
n012w8-0,n012w8,0,5,500000,100.0,adaptive,2026-07-04T11:59:32+01:00,4,0,34,15,0,0.000000,2430,2550,2430,120,4.7059,GLOBAL_BEST,0,42,0,34,0,14,1,0,1200000.0000,0.0000,0,0,0,0,0,0
n012w8-0,n012w8,0,5,500000,100.0,adaptive,2026-07-04T11:59:32+01:00,4,0,34,18,0,0.000000,2415,2430,2415,15,0.6173,GLOBAL_BEST,0,42,0,43,0,15,3,0,50000.0000,0.0000,0,0,0,0,0,0
n012w8-0,n012w8,0,5,500000,100.0,adaptive,2026-07-04T11:59:32+01:00,4,0,34,20,0,0.000000,2265,2415,2265,150,6.2112,GLOBAL_BEST,0,42,0,44,0,16,2,0,750000.0000,0.0000,0,0,0,0,0,0
n012w8-0,n012w8,0,5,500000,100.0,adaptive,2026-07-04T11:59:32+01:00,4,0,34,24,0,0.000000,2205,2265,2205,60,2.6490,GLOBAL_BEST,0,42,0,52,0,17,4,0,150000.0000,0.0000,0,0,0,0,0,0
n012w8-0,n012w8,0,5,500000,100.0,adaptive,2026-07-04T11:59:32+01:00,4,0,34,28,0,0.000000,2145,2205,2145,60,2.7211,GLOBAL_BEST,0,42,0,56,0,18,4,0,150000.0000,0.0000,0,0,0,0,0,0
n012w8-0,n012w8,0,5,500000,100.0,adaptive,2026-07-04T11:59:32+01:00,4,3,34,42,105,0.000000,685,715,685,30,4.1958,GLOBAL_BEST,1,42,0,74,37,19,14,105,21428.5714,285.7143,0,0,0,0,0,0
n012w8-0,n012w8,0,5,500000,100.0,adaptive,2026-07-04T11:59:32+01:00,4,3,34,54,105,0.000000,580,685,580,105,15.3285,GLOBAL_BEST,1,42,0,90,46,20,12,0,87500.0000,0.0000,0,0,0,0,0,0
n012w8-0,n012w8,0,5,500000,100.0,adaptive,2026-07-04T11:59:32+01:00,4,3,34,56,105,0.000000,565,580,565,15,2.5862,GLOBAL_BEST,1,42,0,90,47,21,2,0,75000.0000,0.0000,0,0,0,0,0,0
n012w8-0,n012w8,0,5,500000,100.0,adaptive,2026-07-04T11:59:32+01:00,4,0,34,60,0,0.000000,2130,2145,2130,15,0.6993,GLOBAL_BEST,0,42,0,116,0,22,4,-105,37500.0000,0.0000,0,0,0,0,0,0
n012w8-0,n012w8,0,5,500000,100.0,adaptive,2026-07-04T11:59:32+01:00,4,0,34,62,0,0.000000,2040,2130,2040,90,4.2254,GLOBAL_BEST,0,42,0,125,0,23,2,0,450000.0000,0.0000,0,0,0,0,0,0
n012w8-0,n012w8,0,5,500000,100.0,adaptive,2026-07-04T11:59:32+01:00,4,0,34,126,0,0.000000,1980,2040,1980,60,2.9412,GLOBAL_BEST,0,42,0,257,0,24,64,0,9375.0000,0.0000,0,0,0,0,0,0
n012w8-0,n012w8,0,5,500000,100.0,adaptive,2026-07-04T11:59:32+01:00,4,0,34,129,0,0.000000,1935,1980,1935,45,2.2727,GLOBAL_BEST,0,42,0,259,0,25,3,0,150000.0000,0.0000,0,0,0,0,0,0
n012w8-0,n012w8,0,5,500000,100.0,adaptive,2026-07-04T11:59:32+01:00,4,4,34,164,159,0.000000,390,405,390,15,3.7037,GLOBAL_BEST,2,42,0,285,144,26,35,159,4285.7143,94.3396,0,0,0,0,0,0
n012w8-0,n012w8,0,5,500000,100.0,adaptive,2026-07-04T11:59:32+01:00,4,2,34,179,53,0.000000,975,1020,975,45,4.4118,GLOBAL_BEST,1,42,0,274,96,27,15,-106,30000.0000,0.0000,0,0,0,0,0,0
n012w8-0,n012w8,0,5,500000,100.0,adaptive,2026-07-04T11:59:32+01:00,4,0,34,211,0,0.000000,1690,1935,1690,245,12.6615,GLOBAL_BEST,0,42,0,415,0,28,32,-53,76562.5000,0.0000,0,0,0,0,0,0
n012w8-0,n012w8,0,5,500000,100.0,adaptive,2026-07-04T11:59:32+01:00,4,0,34,310,0,0.000000,1660,1690,1660,30,1.7751,GLOBAL_BEST,0,42,0,564,0,29,99,0,3030.3030,0.0000,0,0,0,0,0,0
n012w8-0,n012w8,0,5,500000,100.0,adaptive,2026-07-04T11:59:32+01:00,4,4,34,316,159,0.000000,375,390,375,15,3.8462,GLOBAL_BEST,2,42,0,528,270,30,6,159,25000.0000,94.3396,0,0,0,0,0,0
n012w8-0,n012w8,0,5,500000,100.0,adaptive,2026-07-04T11:59:32+01:00,4,2,34,486,53,0.000000,930,975,930,45,4.6154,GLOBAL_BEST,1,42,0,773,270,31,170,-106,2647.0588,0.0000,0,0,0,0,0,0
n012w8-0,n012w8,0,5,500000,100.0,adaptive,2026-07-04T11:59:32+01:00,4,3,34,560,106,0.000000,490,565,490,75,13.2743,GLOBAL_BEST,1,42,0,930,418,32,74,53,10135.1351,1415.0943,0,0,0,0,0,0
n012w8-0,n012w8,0,5,500000,100.0,adaptive,2026-07-04T11:59:32+01:00,4,2,34,1017,54,0.000000,915,930,915,15,1.6129,GLOBAL_BEST,1,42,0,1609,546,33,457,-52,328.2276,0.0000,0,0,0,0,0,0
n012w8-0,n012w8,0,5,500000,100.0,adaptive,2026-07-04T11:59:32+01:00,4,4,34,1052,160,0.000000,360,375,360,15,4.0000,GLOBAL_BEST,2,42,0,1637,889,34,35,106,4285.7143,141.5094,0,0,0,0,0,0
n012w8-0,n012w8,0,5,500000,100.0,adaptive,2026-07-04T11:59:32+01:00,4,0,34,1115,2,0.000000,1635,1660,1635,25,1.5060,GLOBAL_BEST,0,42,0,2100,0,35,63,-158,3968.2540,0.0000,0,0,0,0,0,0
n012w8-0,n012w8,0,5,500000,100.0,adaptive,2026-07-04T11:59:32+01:00,4,0,34,1350,2,0.000000,1630,1635,1630,5,0.3058,GLOBAL_BEST,0,42,0,2552,0,36,235,0,212.7660,0.0000,0,0,0,0,0,0
n012w8-0,n012w8,0,5,500000,100.0,adaptive,2026-07-04T11:59:32+01:00,4,0,34,1357,2,0.000000,1600,1630,1600,30,1.8405,GLOBAL_BEST,0,42,0,2570,0,37,7,0,42857.1429,0.0000,0,0,0,0,0,0
n012w8-0,n012w8,0,5,500000,100.0,adaptive,2026-07-04T11:59:32+01:00,4,7,34,1723,440,0.000000,135,150,135,15,10.0000,GLOBAL_BEST,3,42,0,2541,1641,38,366,438,409.8361,34.2466,0,0,0,0,0,0
n012w8-0,n012w8,0,5,500000,100.0,adaptive,2026-07-04T11:59:32+01:00,4,0,34,1739,3,0.000000,1590,1600,1590,10,0.6250,GLOBAL_BEST,0,42,0,3335,0,39,16,-437,6250.0000,0.0000,0,0,0,0,0,0
n012w8-0,n012w8,0,5,500000,100.0,adaptive,2026-07-04T11:59:32+01:00,4,0,34,1740,3,0.000000,1575,1590,1575,15,0.9434,GLOBAL_BEST,0,42,0,3335,0,40,1,0,150000.0000,0.0000,0,0,0,0,0,0
n012w8-0,n012w8,0,5,500000,100.0,adaptive,2026-07-04T11:59:32+01:00,4,0,34,1742,3,0.000000,1425,1575,1425,150,9.5238,GLOBAL_BEST,0,42,0,3339,0,41,2,0,750000.0000,0.0000,0,0,0,0,0,0
n012w8-0,n012w8,0,5,500000,100.0,adaptive,2026-07-04T11:59:32+01:00,4,0,34,1743,3,0.000000,1365,1425,1365,60,4.2105,GLOBAL_BEST,0,42,0,3340,0,42,1,0,600000.0000,0.0000,0,0,0,0,0,0
n012w8-0,n012w8,0,5,500000,100.0,adaptive,2026-07-04T11:59:32+01:00,4,4,34,1972,161,0.000000,345,360,345,15,4.1667,GLOBAL_BEST,2,42,0,3056,1686,43,229,158,655.0218,94.9367,0,0,0,0,0,0
n012w8-0,n012w8,0,5,500000,100.0,adaptive,2026-07-04T11:59:32+01:00,4,6,34,2240,352,0.000000,195,225,195,30,13.3333,GLOBAL_BEST,3,42,0,3166,2162,44,268,191,1119.4030,157.0681,0,0,0,0,0,0
n012w8-0,n012w8,0,5,500000,100.0,adaptive,2026-07-04T11:59:32+01:00,4,4,34,2714,162,0.000000,330,345,330,15,4.3478,GLOBAL_BEST,2,42,0,4308,2327,45,474,-190,316.4557,0.0000,0,0,0,0,0,0
n012w8-0,n012w8,0,5,500000,100.0,adaptive,2026-07-04T11:59:32+01:00,4,4,34,4162,164,0.000000,315,330,315,15,4.5455,GLOBAL_BEST,2,42,0,6719,3582,46,1448,2,103.5912,7500.0000,0,0,0,0,0,0
n012w8-0,n012w8,0,5,500000,100.0,adaptive,2026-07-04T11:59:32+01:00,4,6,34,4810,355,0.000000,165,195,165,30,15.3846,GLOBAL_BEST,3,42,0,6807,4611,47,648,191,462.9630,157.0681,0,0,0,0,0,0
n012w8-0,n012w8,0,5,500000,100.0,adaptive,2026-07-04T11:59:32+01:00,4,2,34,5308,60,0.000000,900,915,900,15,1.6393,GLOBAL_BEST,1,42,0,8851,3055,48,498,-295,301.2048,0.0000,0,0,0,0,0,0
n012w8-0,n012w8,0,5,500000,100.0,adaptive,2026-07-04T11:59:32+01:00,4,2,34,5309,60,0.000000,795,900,795,105,11.6667,GLOBAL_BEST,1,42,0,8852,3055,49,1,0,1050000.0000,0.0000,0,0,0,0,0,0
n012w8-0,n012w8,0,5,500000,100.0,adaptive,2026-07-04T11:59:32+01:00,4,0,34,11828,18,0.000000,1335,1365,1335,30,2.1978,GLOBAL_BEST,0,42,0,22438,0,50,6519,-42,46.0193,0.0000,0,0,0,0,0,0
n012w8-0,n012w8,0,5,500000,100.0,adaptive,2026-07-04T11:59:32+01:00,4,0,34,15623,24,0.000000,1290,1335,1290,45,3.3708,GLOBAL_BEST,0,42,0,29628,56,51,3795,6,118.5771,7500.0000,0,0,0,0,0,0
n012w8-0,n012w8,0,5,500000,100.0,adaptive,2026-07-04T11:59:32+01:00,4,3,34,15714,127,0.000000,480,490,480,10,2.0408,GLOBAL_BEST,1,42,0,25649,12011,52,91,103,1098.9011,97.0874,0,0,0,0,0,0
n012w8-0,n012w8,0,5,500000,100.0,adaptive,2026-07-04T11:59:32+01:00,4,3,34,15943,127,0.000000,450,480,450,30,6.2500,GLOBAL_BEST,1,42,0,26051,12180,53,229,0,1310.0437,0.0000,0,0,0,0,0,0
n012w8-0,n012w8,0,5,500000,100.0,adaptive,2026-07-04T11:59:32+01:00,4,0,34,16674,26,0.000000,1275,1290,1275,15,1.1628,GLOBAL_BEST,0,42,0,31633,178,54,731,-101,205.1984,0.0000,0,0,0,0,0,0
n012w8-0,n012w8,0,5,500000,100.0,adaptive,2026-07-04T11:59:32+01:00,4,0,34,18329,29,0.000000,1260,1275,1260,15,1.1765,GLOBAL_BEST,0,42,0,34541,404,55,1655,3,90.6344,5000.0000,0,0,0,0,0,0
n012w8-0,n012w8,0,5,500000,100.0,adaptive,2026-07-04T11:59:32+01:00,4,0,34,18330,29,0.000000,1245,1260,1245,15,1.1905,GLOBAL_BEST,0,42,0,34543,404,56,1,0,150000.0000,0.0000,0,0,0,0,0,0
n012w8-0,n012w8,0,5,500000,100.0,adaptive,2026-07-04T11:59:32+01:00,4,4,34,22544,190,0.000000,300,315,300,15,4.7619,GLOBAL_BEST,2,42,0,35503,19527,57,4214,161,35.5956,93.1677,0,0,0,0,0,0
n012w8-0,n012w8,0,5,500000,100.0,adaptive,2026-07-04T11:59:32+01:00,4,0,34,32388,53,0.000000,1185,1245,1185,60,4.8193,GLOBAL_BEST,0,42,0,60067,2578,58,9844,-137,60.9508,0.0000,0,0,0,0,0,0
n012w8-0,n012w8,0,5,500000,100.0,adaptive,2026-07-04T11:59:32+01:00,4,2,34,36942,105,0.000000,715,795,715,80,10.0629,GLOBAL_BEST,1,42,0,62085,21445,59,4554,52,175.6697,1538.4615,0,0,0,0,0,0
n012w8-0,n012w8,0,5,500000,100.0,adaptive,2026-07-04T11:59:32+01:00,4,3,34,38211,158,0.000000,435,450,435,15,3.3333,GLOBAL_BEST,1,42,0,61608,29284,60,1269,53,118.2033,283.0189,0,0,0,0,0,0
n012w8-0,n012w8,0,5,500000,100.0,adaptive,2026-07-04T11:59:32+01:00,4,0,34,41613,67,0.000000,1110,1185,1110,75,6.3291,LOCAL_BEST,0,42,0,77010,4573,61,3402,-91,220.4586,0.0000,0,0,0,0,0,0
n012w8-0,n012w8,0,5,500000,100.0,adaptive,2026-07-04T11:59:32+01:00,4,4,34,43346,220,0.000000,255,300,255,45,15.0000,GLOBAL_BEST,2,42,0,68189,38033,62,1733,153,259.6653,294.1176,0,0,0,0,0,0
n012w8-0,n012w8,0,5,500000,100.0,adaptive,2026-07-04T11:59:32+01:00,4,2,34,47762,121,0.000000,675,715,675,40,5.5944,LOCAL_BEST,1,42,0,80912,27835,63,4416,-99,90.5797,0.0000,0,0,0,0,0,0
n012w8-0,n012w8,0,5,500000,100.0,adaptive,2026-07-04T11:59:32+01:00,4,0,34,56030,88,0.000000,1075,1110,1075,35,3.1532,LOCAL_BEST,0,42,0,102970,8316,64,8268,-33,42.3319,0.0000,0,0,0,0,0,0
n012w8-0,n012w8,0,5,500000,100.0,adaptive,2026-07-04T11:59:32+01:00,4,0,34,66200,103,0.000000,1050,1075,1050,25,2.3256,LOCAL_BEST,0,42,0,120817,11354,65,10170,15,24.5821,1666.6667,0,0,0,0,0,0
n012w8-0,n012w8,0,5,500000,100.0,adaptive,2026-07-04T11:59:32+01:00,4,6,34,69395,438,0.000000,150,165,150,15,9.0909,GLOBAL_BEST,3,42,0,102668,65527,66,3195,335,46.9484,44.7761,0,0,0,0,0,0
n012w8-0,n012w8,0,5,500000,100.0,adaptive,2026-07-04T11:59:32+01:00,4,3,34,89753,230,0.000000,420,435,420,15,3.4483,LOCAL_BEST,1,42,0,144121,70166,67,20358,-208,7.3681,0.0000,0,0,0,0,0,0
n012w8-0,n012w8,0,5,500000,100.0,adaptive,2026-07-04T11:59:32+01:00,4,0,34,96101,147,0.000000,1030,1050,1030,20,1.9048,LOCAL_BEST,0,42,0,173752,21470,68,6348,-83,31.5060,0.0000,0,0,0,0,0,0
n012w8-0,n012w8,0,5,500000,100.0,adaptive,2026-07-04T11:59:32+01:00,4,0,34,96105,147,0.000000,850,1030,850,180,17.4757,LOCAL_BEST,0,42,0,173757,21470,69,4,0,450000.0000,0.0000,0,0,0,0,0,0
n012w8-0,n012w8,0,5,500000,100.0,adaptive,2026-07-04T11:59:32+01:00,4,3,34,101567,246,0.000000,415,420,415,5,1.1905,LOCAL_BEST,1,42,0,163102,79617,70,5462,99,9.1542,50.5051,0,0,0,0,0,0
n012w8-0,n012w8,0,5,500000,100.0,adaptive,2026-07-04T11:59:32+01:00,4,3,34,118905,270,0.000000,405,415,405,10,2.4096,LOCAL_BEST,1,42,0,190155,93541,71,17338,24,5.7677,416.6667,0,0,0,0,0,0
n012w8-0,n012w8,0,5,500000,100.0,adaptive,2026-07-04T11:59:32+01:00,4,2,34,120646,225,0.000000,670,675,670,5,0.7407,LOCAL_BEST,1,42,0,202832,73664,72,1741,-45,28.7191,0.0000,0,0,0,0,0,0
n012w8-0,n012w8,0,5,500000,100.0,adaptive,2026-07-04T11:59:32+01:00,4,2,34,122454,228,0.000000,625,670,625,45,6.7164,LOCAL_BEST,1,42,0,205767,74821,73,1808,3,248.8938,15000.0000,0,0,0,0,0,0
n012w8-0,n012w8,0,5,500000,100.0,adaptive,2026-07-04T11:59:32+01:00,4,4,34,142658,349,0.000000,225,255,225,30,11.7647,GLOBAL_BEST,2,42,0,221784,125577,74,20204,121,14.8485,247.9339,0,0,0,0,0,0
n012w8-0,n012w8,0,5,500000,100.0,adaptive,2026-07-04T11:59:32+01:00,4,3,34,149116,311,0.000000,400,405,400,5,1.2346,LOCAL_BEST,1,42,0,237636,117788,75,6458,-38,7.7423,0.0000,0,0,0,0,0,0
n012w8-0,n012w8,0,5,500000,100.0,adaptive,2026-07-04T11:59:32+01:00,4,0,34,153992,233,0.000000,840,850,840,10,1.1765,LOCAL_BEST,0,42,0,274531,46049,76,4876,-78,20.5086,0.0000,0,0,0,0,0,0
n012w8-0,n012w8,0,5,500000,100.0,adaptive,2026-07-04T11:59:32+01:00,4,2,34,154234,272,0.000000,565,625,565,60,9.6000,LOCAL_BEST,1,42,0,257758,96024,77,242,39,2479.3388,1538.4615,0,0,0,0,0,0
n012w8-0,n012w8,0,5,500000,100.0,adaptive,2026-07-04T11:59:32+01:00,4,3,34,159979,326,0.000000,375,400,375,25,6.2500,LOCAL_BEST,1,42,0,254544,126756,78,5745,54,43.5161,462.9630,0,0,0,0,0,0
n012w8-0,n012w8,0,5,500000,100.0,adaptive,2026-07-04T11:59:32+01:00,4,2,34,168926,293,0.000000,555,565,555,10,1.7699,LOCAL_BEST,1,42,0,281908,105817,79,8947,-33,11.1769,0.0000,0,0,0,0,0,0
n012w8-0,n012w8,0,5,500000,100.0,adaptive,2026-07-04T11:59:32+01:00,4,0,34,169221,255,0.000000,810,840,810,30,3.5714,LOCAL_BEST,0,42,0,300667,52744,80,295,-38,1016.9492,0.0000,0,0,0,0,0,0
n012w8-0,n012w8,0,5,500000,100.0,adaptive,2026-07-04T11:59:32+01:00,4,6,34,185567,606,0.000000,135,150,135,15,10.0000,LOCAL_BEST,3,42,0,278706,173943,81,16346,351,9.1766,42.7350,0,0,0,0,0,0
n012w8-0,n012w8,0,5,500000,100.0,adaptive,2026-07-04T11:59:32+01:00,4,3,34,186720,362,0.000000,345,375,345,30,8.0000,LOCAL_BEST,1,42,0,297591,148693,82,1153,-244,260.1908,0.0000,0,0,0,0,0,0
n012w8-0,n012w8,0,5,500000,100.0,adaptive,2026-07-04T11:59:32+01:00,4,2,34,197058,332,0.000000,495,555,495,60,10.8108,LOCAL_BEST,1,42,0,328512,125388,83,10338,-30,58.0383,0.0000,0,0,0,0,0,0
n012w8-0,n012w8,0,5,500000,100.0,adaptive,2026-07-04T11:59:32+01:00,4,3,34,215303,400,0.000000,295,345,295,50,14.4928,LOCAL_BEST,1,42,0,342654,172184,84,18245,68,27.4048,735.2941,0,0,0,0,0,0
n012w8-0,n012w8,0,5,500000,100.0,adaptive,2026-07-04T11:59:32+01:00,4,0,34,256464,381,0.000000,775,810,775,35,4.3210,LOCAL_BEST,0,42,0,449210,98187,85,41161,-19,8.5032,0.0000,0,0,0,0,0,0
n012w8-0,n012w8,0,5,500000,100.0,adaptive,2026-07-04T11:59:32+01:00,4,0,34,260321,387,0.000000,670,775,670,105,13.5484,LOCAL_BEST,0,42,0,455753,100340,86,3857,6,272.2323,17500.0000,0,0,0,0,0,0
n012w8-0,n012w8,0,5,500000,100.0,adaptive,2026-07-04T11:59:32+01:00,4,0,34,326698,496,0.000000,645,670,645,25,3.7313,LOCAL_BEST,0,42,0,568373,139454,87,66377,109,3.7664,229.3578,0,0,0,0,0,0
n012w8-0,n012w8,0,5,500000,100.0,adaptive,2026-07-04T11:59:32+01:00,4,2,34,381948,635,0.000000,490,495,490,5,1.0101,LOCAL_BEST,1,42,0,630447,259849,88,55250,139,0.9050,35.9712,0,0,0,0,0,0
n012w8-0,n012w8,0,5,500000,100.0,adaptive,2026-07-04T11:59:32+01:00,4,2,34,383942,639,0.000000,465,490,465,25,5.1020,LOCAL_BEST,1,42,0,633592,261367,89,1994,4,125.3761,6250.0000,0,0,0,0,0,0
n012w8-0,n012w8,0,5,500000,100.0,adaptive,2026-07-04T11:59:32+01:00,4,2,34,410802,680,0.000000,450,465,450,15,3.2258,LOCAL_BEST,1,42,0,676197,282000,90,26860,41,5.5845,365.8537,0,0,0,0,0,0
n012w8-0,n012w8,0,5,500000,100.0,adaptive,2026-07-04T11:59:32+01:00,4,0,34,430094,677,0.000000,630,645,630,15,2.3256,LOCAL_BEST,0,42,0,741524,205976,91,19292,-3,7.7752,0.0000,0,0,0,0,0,0
n012w8-0,n012w8,0,5,500000,100.0,adaptive,2026-07-04T11:59:32+01:00,4,4,34,436797,767,0.000000,195,225,195,30,13.3333,LOCAL_BEST,2,42,0,674374,389549,92,6703,90,44.7561,333.3333,0,0,0,0,0,0
n012w8-0,n012w8,0,5,500000,100.0,adaptive,2026-07-04T11:59:32+01:00,4,2,34,442276,725,0.000000,435,450,435,15,3.3333,LOCAL_BEST,1,42,0,726982,306171,93,5479,-42,27.3773,0.0000,0,0,0,0,0,0
n012w8-0,n012w8,0,5,500000,100.0,adaptive,2026-07-04T11:59:32+01:00,4,0,34,466512,739,0.000000,625,630,625,5,0.7937,LOCAL_BEST,0,42,0,800927,230331,94,24236,14,2.0630,357.1429,0,0,0,0,0,0
n012w8-0,n012w8,0,5,500000,100.0,adaptive,2026-07-04T11:59:32+01:00,4,3,34,467766,774,0.000000,280,295,280,15,5.0847,LOCAL_BEST,1,42,0,737716,387304,95,1254,35,119.6172,428.5714,0,0,0,0,0,0
n012w8-0,n012w8,0,5,500000,100.0,adaptive,2026-07-04T11:59:32+01:00,4,0,34,480761,758,0.000000,615,625,615,10,1.6000,LOCAL_BEST,0,42,0,824375,240102,96,12995,-16,7.6953,0.0000,0,0,0,0,0,0
n012w8-0,n012w8,0,5,500000,100.0,adaptive,2026-07-04T11:59:32+01:00,4,0,34,493406,777,0.000000,585,615,585,30,4.8780,LOCAL_BEST,0,42,0,845505,248964,97,12645,19,23.7248,1578.9474,0,0,0,0,0,0
n012w8-0,n012w8,0,5,500000,100.0,adaptive,2026-07-04T11:59:32+01:00,4,2,34,497308,800,0.000000,430,435,430,5,1.1494,LOCAL_BEST,1,42,0,815583,349092,98,3902,23,12.8139,217.3913,0,0,0,0,0,0
n012w8-0,n012w8,0,5,500000,100.0,adaptive,2026-07-04T11:59:32+01:00,4,2,34,497313,800,0.000000,400,430,400,30,6.9767,LOCAL_BEST,1,42,0,815593,349094,99,5,0,60000.0000,0.0000,0,0,0,0,0,0
n012w8-0,n012w8,0,5,500000,100.0,adaptive,2026-07-04T11:59:32+01:00,5,2,49,1,76,0.000000,1090,1270,1090,180,14.1732,LOCAL_BEST,1,42,0,0,0,1,1,76,1800000.0000,2368.4211,0,0,0,0,0,0
n012w8-0,n012w8,0,5,500000,100.0,adaptive,2026-07-04T11:59:32+01:00,5,0,49,2,1,0.000000,4150,4440,4150,290,6.5315,GLOBAL_BEST,0,42,0,3,0,2,1,-75,2900000.0000,0.0000,0,0,0,0,0,0
n012w8-0,n012w8,0,5,500000,100.0,adaptive,2026-07-04T11:59:32+01:00,5,0,49,3,1,0.000000,3955,4150,3955,195,4.6988,GLOBAL_BEST,0,42,0,3,0,3,1,0,1950000.0000,0.0000,0,0,0,0,0,0
n012w8-0,n012w8,0,5,500000,100.0,adaptive,2026-07-04T11:59:32+01:00,5,2,49,4,76,0.000000,1085,1090,1085,5,0.4587,GLOBAL_BEST,1,42,0,1,0,4,1,75,50000.0000,66.6667,0,0,0,0,0,0
n012w8-0,n012w8,0,5,500000,100.0,adaptive,2026-07-04T11:59:32+01:00,5,0,49,6,1,0.000000,3775,3955,3775,180,4.5512,GLOBAL_BEST,0,42,0,10,0,5,2,-75,900000.0000,0.0000,0,0,0,0,0,0
n012w8-0,n012w8,0,5,500000,100.0,adaptive,2026-07-04T11:59:32+01:00,5,0,49,7,1,0.000000,3570,3775,3570,205,5.4305,GLOBAL_BEST,0,42,0,12,0,6,1,0,2050000.0000,0.0000,0,0,0,0,0,0
n012w8-0,n012w8,0,5,500000,100.0,adaptive,2026-07-04T11:59:32+01:00,5,5,49,8,409,0.000000,390,405,390,15,3.7037,GLOBAL_BEST,2,42,0,18,6,7,1,408,150000.0000,36.7647,0,0,0,0,0,0
n012w8-0,n012w8,0,5,500000,100.0,adaptive,2026-07-04T11:59:32+01:00,5,0,49,10,1,0.000000,3395,3570,3395,175,4.9020,GLOBAL_BEST,0,42,0,21,0,8,2,-408,875000.0000,0.0000,0,0,0,0,0,0
n012w8-0,n012w8,0,5,500000,100.0,adaptive,2026-07-04T11:59:32+01:00,5,3,49,12,257,0.000000,745,760,745,15,1.9737,GLOBAL_BEST,1,42,0,15,11,9,2,256,75000.0000,58.5938,0,0,0,0,0,0
n012w8-0,n012w8,0,5,500000,100.0,adaptive,2026-07-04T11:59:32+01:00,5,0,49,14,1,0.000000,3275,3395,3275,120,3.5346,GLOBAL_BEST,0,42,0,32,0,10,2,-256,600000.0000,0.0000,0,0,0,0,0,0
n012w8-0,n012w8,0,5,500000,100.0,adaptive,2026-07-04T11:59:32+01:00,5,0,49,16,1,0.000000,3270,3275,3270,5,0.1527,GLOBAL_BEST,0,42,0,43,0,11,2,0,25000.0000,0.0000,0,0,0,0,0,0
n012w8-0,n012w8,0,5,500000,100.0,adaptive,2026-07-04T11:59:32+01:00,5,0,49,17,1,0.000000,3030,3270,3030,240,7.3394,GLOBAL_BEST,0,42,0,44,0,12,1,0,2400000.0000,0.0000,0,0,0,0,0,0
n012w8-0,n012w8,0,5,500000,100.0,adaptive,2026-07-04T11:59:32+01:00,5,0,49,22,1,0.000000,2955,3030,2955,75,2.4752,GLOBAL_BEST,0,42,0,55,0,13,5,0,150000.0000,0.0000,0,0,0,0,0,0
n012w8-0,n012w8,0,5,500000,100.0,adaptive,2026-07-04T11:59:32+01:00,5,0,49,25,1,0.000000,2915,2955,2915,40,1.3536,GLOBAL_BEST,0,42,0,59,0,14,3,0,133333.3333,0.0000,0,0,0,0,0,0
n012w8-0,n012w8,0,5,500000,100.0,adaptive,2026-07-04T11:59:32+01:00,5,0,49,33,1,0.000000,2615,2915,2615,300,10.2916,GLOBAL_BEST,0,42,0,69,0,15,8,0,375000.0000,0.0000,0,0,0,0,0,0
n012w8-0,n012w8,0,5,500000,100.0,adaptive,2026-07-04T11:59:32+01:00,5,0,49,34,1,0.000000,2345,2615,2345,270,10.3250,GLOBAL_BEST,0,42,0,70,0,16,1,0,2700000.0000,0.0000,0,0,0,0,0,0
n012w8-0,n012w8,0,5,500000,100.0,adaptive,2026-07-04T11:59:32+01:00,5,0,49,37,1,0.000000,2255,2345,2255,90,3.8380,GLOBAL_BEST,0,42,0,72,0,17,3,0,300000.0000,0.0000,0,0,0,0,0,0
n012w8-0,n012w8,0,5,500000,100.0,adaptive,2026-07-04T11:59:32+01:00,5,0,49,38,1,0.000000,2015,2255,2015,240,10.6430,GLOBAL_BEST,0,42,0,73,0,18,1,0,2400000.0000,0.0000,0,0,0,0,0,0
n012w8-0,n012w8,0,5,500000,100.0,adaptive,2026-07-04T11:59:32+01:00,5,0,49,56,1,0.000000,2000,2015,2000,15,0.7444,GLOBAL_BEST,0,42,0,106,0,19,18,0,8333.3333,0.0000,0,0,0,0,0,0
n012w8-0,n012w8,0,5,500000,100.0,adaptive,2026-07-04T11:59:32+01:00,5,0,49,62,1,0.000000,1965,2000,1965,35,1.7500,GLOBAL_BEST,0,42,0,117,0,20,6,0,58333.3333,0.0000,0,0,0,0,0,0
n012w8-0,n012w8,0,5,500000,100.0,adaptive,2026-07-04T11:59:32+01:00,5,3,49,63,257,0.000000,730,745,730,15,2.0134,GLOBAL_BEST,1,42,0,106,53,21,1,256,150000.0000,58.5938,0,0,0,0,0,0
n012w8-0,n012w8,0,5,500000,100.0,adaptive,2026-07-04T11:59:32+01:00,5,0,49,70,1,0.000000,1930,1965,1930,35,1.7812,GLOBAL_BEST,0,42,0,129,0,22,7,-256,50000.0000,0.0000,0,0,0,0,0,0
n012w8-0,n012w8,0,5,500000,100.0,adaptive,2026-07-04T11:59:32+01:00,5,3,49,77,257,0.000000,715,730,715,15,2.0548,GLOBAL_BEST,1,42,0,115,65,23,7,256,21428.5714,58.5938,0,0,0,0,0,0
n012w8-0,n012w8,0,5,500000,100.0,adaptive,2026-07-04T11:59:32+01:00,5,4,49,84,327,0.000000,545,560,545,15,2.6786,GLOBAL_BEST,2,42,0,146,77,24,7,70,21428.5714,214.2857,0,0,0,0,0,0
n012w8-0,n012w8,0,5,500000,100.0,adaptive,2026-07-04T11:59:32+01:00,5,3,49,132,257,0.000000,665,715,665,50,6.9930,GLOBAL_BEST,1,42,0,212,109,25,48,-70,10416.6667,0.0000,0,0,0,0,0,0
n012w8-0,n012w8,0,5,500000,100.0,adaptive,2026-07-04T11:59:32+01:00,5,2,49,197,77,0.000000,1040,1085,1040,45,4.1475,GLOBAL_BEST,1,42,0,311,118,26,65,-180,6923.0769,0.0000,0,0,0,0,0,0
n012w8-0,n012w8,0,5,500000,100.0,adaptive,2026-07-04T11:59:32+01:00,5,0,49,234,1,0.000000,1840,1930,1840,90,4.6632,GLOBAL_BEST,0,42,0,427,0,27,37,-76,24324.3243,0.0000,0,0,0,0,0,0
n012w8-0,n012w8,0,5,500000,100.0,adaptive,2026-07-04T11:59:32+01:00,5,3,49,311,258,0.000000,635,665,635,30,4.5113,GLOBAL_BEST,1,42,0,409,248,28,77,257,3896.1039,116.7315,0,0,0,0,0,0
n012w8-0,n012w8,0,5,500000,100.0,adaptive,2026-07-04T11:59:32+01:00,5,4,49,354,328,0.000000,530,545,530,15,2.7523,GLOBAL_BEST,2,42,0,586,326,29,43,70,3488.3721,214.2857,0,0,0,0,0,0
n012w8-0,n012w8,0,5,500000,100.0,adaptive,2026-07-04T11:59:32+01:00,5,4,49,358,328,0.000000,515,530,515,15,2.8302,GLOBAL_BEST,2,42,0,598,328,30,4,0,37500.0000,0.0000,0,0,0,0,0,0
n012w8-0,n012w8,0,5,500000,100.0,adaptive,2026-07-04T11:59:32+01:00,5,0,49,430,2,0.000000,1825,1840,1825,15,0.8152,GLOBAL_BEST,0,42,0,778,0,31,72,-326,2083.3333,0.0000,0,0,0,0,0,0
n012w8-0,n012w8,0,5,500000,100.0,adaptive,2026-07-04T11:59:32+01:00,5,0,49,433,2,0.000000,1570,1825,1570,255,13.9726,GLOBAL_BEST,0,42,0,783,0,32,3,0,850000.0000,0.0000,0,0,0,0,0,0
n012w8-0,n012w8,0,5,500000,100.0,adaptive,2026-07-04T11:59:32+01:00,5,3,49,552,258,0.000000,625,635,625,10,1.5748,GLOBAL_BEST,1,42,0,796,433,33,119,256,840.3361,39.0625,0,0,0,0,0,0
n012w8-0,n012w8,0,5,500000,100.0,adaptive,2026-07-04T11:59:32+01:00,5,5,49,590,410,0.000000,385,390,385,5,1.2821,GLOBAL_BEST,2,42,0,861,526,34,38,152,1315.7895,32.8947,0,0,0,0,0,0
n012w8-0,n012w8,0,5,500000,100.0,adaptive,2026-07-04T11:59:32+01:00,5,4,49,651,328,0.000000,500,515,500,15,2.9126,GLOBAL_BEST,2,42,0,1083,582,35,61,-82,2459.0164,0.0000,0,0,0,0,0,0
n012w8-0,n012w8,0,5,500000,100.0,adaptive,2026-07-04T11:59:32+01:00,5,2,49,679,77,0.000000,985,1040,985,55,5.2885,GLOBAL_BEST,1,42,0,1105,428,36,28,-251,19642.8571,0.0000,0,0,0,0,0,0
n012w8-0,n012w8,0,5,500000,100.0,adaptive,2026-07-04T11:59:32+01:00,5,5,49,810,410,0.000000,375,385,375,10,2.5974,GLOBAL_BEST,2,42,0,1216,727,37,131,333,763.3588,30.0300,0,0,0,0,0,0
n012w8-0,n012w8,0,5,500000,100.0,adaptive,2026-07-04T11:59:32+01:00,5,2,49,817,77,0.000000,980,985,980,5,0.5076,GLOBAL_BEST,1,42,0,1318,499,38,7,-333,7142.8571,0.0000,0,0,0,0,0,0
n012w8-0,n012w8,0,5,500000,100.0,adaptive,2026-07-04T11:59:32+01:00,5,2,49,818,77,0.000000,950,980,950,30,3.0612,GLOBAL_BEST,1,42,0,1319,499,39,1,0,300000.0000,0.0000,0,0,0,0,0,0
n012w8-0,n012w8,0,5,500000,100.0,adaptive,2026-07-04T11:59:32+01:00,5,5,49,833,410,0.000000,360,375,360,15,4.0000,GLOBAL_BEST,2,42,0,1284,743,40,15,333,10000.0000,45.0450,0,0,0,0,0,0
n012w8-0,n012w8,0,5,500000,100.0,adaptive,2026-07-04T11:59:32+01:00,5,4,49,1243,329,0.000000,485,500,485,15,3.0000,GLOBAL_BEST,2,42,0,2026,1116,41,410,-81,365.8537,0.0000,0,0,0,0,0,0
n012w8-0,n012w8,0,5,500000,100.0,adaptive,2026-07-04T11:59:32+01:00,5,5,49,1680,411,0.000000,345,360,345,15,4.1667,GLOBAL_BEST,2,42,0,2706,1497,42,437,82,343.2494,182.9268,0,0,0,0,0,0
n012w8-0,n012w8,0,5,500000,100.0,adaptive,2026-07-04T11:59:32+01:00,5,2,49,1737,79,0.000000,940,950,940,10,1.0526,GLOBAL_BEST,1,42,0,2922,1030,43,57,-332,1754.3860,0.0000,0,0,0,0,0,0
n012w8-0,n012w8,0,5,500000,100.0,adaptive,2026-07-04T11:59:32+01:00,5,4,49,2075,330,0.000000,465,485,465,20,4.1237,GLOBAL_BEST,2,42,0,3209,1868,44,338,251,591.7160,79.6813,0,0,0,0,0,0
n012w8-0,n012w8,0,5,500000,100.0,adaptive,2026-07-04T11:59:32+01:00,5,3,49,3809,263,0.000000,595,625,595,30,4.8000,GLOBAL_BEST,1,42,0,5886,3044,45,1734,-67,173.0104,0.0000,0,0,0,0,0,0
n012w8-0,n012w8,0,5,500000,100.0,adaptive,2026-07-04T11:59:32+01:00,5,3,49,3810,263,0.000000,565,595,565,30,5.0420,GLOBAL_BEST,1,42,0,5886,3044,46,1,0,300000.0000,0.0000,0,0,0,0,0,0
n012w8-0,n012w8,0,5,500000,100.0,adaptive,2026-07-04T11:59:32+01:00,5,2,49,4658,84,0.000000,910,940,910,30,3.1915,GLOBAL_BEST,1,42,0,7870,2757,47,848,-179,353.7736,0.0000,0,0,0,0,0,0
n012w8-0,n012w8,0,5,500000,100.0,adaptive,2026-07-04T11:59:32+01:00,5,2,49,12726,97,0.000000,865,910,865,45,4.9451,GLOBAL_BEST,1,42,0,21174,7488,48,8068,13,55.7759,3461.5385,0,0,0,0,0,0
n012w8-0,n012w8,0,5,500000,100.0,adaptive,2026-07-04T11:59:32+01:00,5,0,49,12783,22,0.000000,1565,1570,1565,5,0.3185,GLOBAL_BEST,0,42,0,22639,0,49,57,-75,877.1930,0.0000,0,0,0,0,0,0
n012w8-0,n012w8,0,5,500000,100.0,adaptive,2026-07-04T11:59:32+01:00,5,0,49,12784,22,0.000000,1550,1565,1550,15,0.9585,GLOBAL_BEST,0,42,0,22639,0,50,1,0,150000.0000,0.0000,0,0,0,0,0,0
n012w8-0,n012w8,0,5,500000,100.0,adaptive,2026-07-04T11:59:32+01:00,5,0,49,16104,28,0.000000,1540,1550,1540,10,0.6452,GLOBAL_BEST,0,42,0,28309,108,51,3320,6,30.1205,1666.6667,0,0,0,0,0,0
n012w8-0,n012w8,0,5,500000,100.0,adaptive,2026-07-04T11:59:32+01:00,5,0,49,16128,28,0.000000,1485,1540,1485,55,3.5714,GLOBAL_BEST,0,42,0,28349,108,52,24,0,22916.6667,0.0000,0,0,0,0,0,0
n012w8-0,n012w8,0,5,500000,100.0,adaptive,2026-07-04T11:59:32+01:00,5,0,49,16129,28,0.000000,1480,1485,1480,5,0.3367,GLOBAL_BEST,0,42,0,28362,108,53,1,0,50000.0000,0.0000,0,0,0,0,0,0
n012w8-0,n012w8,0,5,500000,100.0,adaptive,2026-07-04T11:59:32+01:00,5,4,49,16188,351,0.000000,450,465,450,15,3.2258,GLOBAL_BEST,2,42,0,25181,14386,54,59,323,2542.3729,46.4396,0,0,0,0,0,0
n012w8-0,n012w8,0,5,500000,100.0,adaptive,2026-07-04T11:59:32+01:00,5,0,49,16287,28,0.000000,1470,1480,1470,10,0.6757,GLOBAL_BEST,0,42,0,28685,141,55,99,-323,1010.1010,0.0000,0,0,0,0,0,0
n012w8-0,n012w8,0,5,500000,100.0,adaptive,2026-07-04T11:59:32+01:00,5,0,49,16288,28,0.000000,1290,1470,1290,180,12.2449,GLOBAL_BEST,0,42,0,28687,141,56,1,0,1800000.0000,0.0000,0,0,0,0,0,0
n012w8-0,n012w8,0,5,500000,100.0,adaptive,2026-07-04T11:59:32+01:00,5,0,49,16289,28,0.000000,1275,1290,1275,15,1.1628,GLOBAL_BEST,0,42,0,28687,141,57,1,0,150000.0000,0.0000,0,0,0,0,0,0
n012w8-0,n012w8,0,5,500000,100.0,adaptive,2026-07-04T11:59:32+01:00,5,2,49,16584,103,0.000000,805,865,805,60,6.9364,GLOBAL_BEST,1,42,0,27623,9709,58,295,75,2033.8983,800.0000,0,0,0,0,0,0
n012w8-0,n012w8,0,5,500000,100.0,adaptive,2026-07-04T11:59:32+01:00,5,2,49,16585,103,0.000000,770,805,770,35,4.3478,GLOBAL_BEST,1,42,0,27624,9709,59,1,0,350000.0000,0.0000,0,0,0,0,0,0
n012w8-0,n012w8,0,5,500000,100.0,adaptive,2026-07-04T11:59:32+01:00,5,4,49,19322,356,0.000000,415,450,415,35,7.7778,GLOBAL_BEST,2,42,0,29673,17101,60,2737,253,127.8772,138.3399,0,0,0,0,0,0
n012w8-0,n012w8,0,5,500000,100.0,adaptive,2026-07-04T11:59:32+01:00,5,5,49,38833,470,0.000000,330,345,330,15,4.3478,GLOBAL_BEST,2,42,0,58969,35182,61,19511,114,7.6880,131.5789,0,0,0,0,0,0
n012w8-0,n012w8,0,5,500000,100.0,adaptive,2026-07-04T11:59:32+01:00,5,0,49,45335,76,0.000000,1270,1275,1270,5,0.3922,GLOBAL_BEST,0,42,0,78659,5420,62,6502,-394,7.6899,0.0000,0,0,0,0,0,0
n012w8-0,n012w8,0,5,500000,100.0,adaptive,2026-07-04T11:59:32+01:00,5,0,49,45337,76,0.000000,1120,1270,1120,150,11.8110,GLOBAL_BEST,0,42,0,78662,5420,63,2,0,750000.0000,0.0000,0,0,0,0,0,0
n012w8-0,n012w8,0,5,500000,100.0,adaptive,2026-07-04T11:59:32+01:00,5,0,49,45339,76,0.000000,1090,1120,1090,30,2.6786,GLOBAL_BEST,0,42,0,78664,5420,64,2,0,150000.0000,0.0000,0,0,0,0,0,0
n012w8-0,n012w8,0,5,500000,100.0,adaptive,2026-07-04T11:59:32+01:00,5,3,49,46232,327,0.000000,560,565,560,5,0.8850,GLOBAL_BEST,1,42,0,71489,37301,65,893,251,55.9910,19.9203,0,0,0,0,0,0
n012w8-0,n012w8,0,5,500000,100.0,adaptive,2026-07-04T11:59:32+01:00,5,4,49,54678,409,0.000000,405,415,405,10,2.4096,GLOBAL_BEST,2,42,0,83708,48317,66,8446,82,11.8399,121.9512,0,0,0,0,0,0
n012w8-0,n012w8,0,5,500000,100.0,adaptive,2026-07-04T11:59:32+01:00,5,3,49,61455,350,0.000000,540,560,540,20,3.5714,LOCAL_BEST,1,42,0,95540,49802,67,6777,-59,29.5116,0.0000,0,0,0,0,0,0
n012w8-0,n012w8,0,5,500000,100.0,adaptive,2026-07-04T11:59:32+01:00,5,3,49,70562,364,0.000000,515,540,515,25,4.6296,LOCAL_BEST,1,42,0,109561,57386,68,9107,14,27.4514,1785.7143,0,0,0,0,0,0
n012w8-0,n012w8,0,5,500000,100.0,adaptive,2026-07-04T11:59:32+01:00,5,4,49,103096,481,0.000000,400,405,400,5,1.2346,LOCAL_BEST,2,42,0,156781,90936,69,32534,117,1.5369,42.7350,0,0,0,0,0,0
n012w8-0,n012w8,0,5,500000,100.0,adaptive,2026-07-04T11:59:32+01:00,5,5,49,104870,575,0.000000,325,330,325,5,1.5152,GLOBAL_BEST,2,42,0,158377,95087,70,1774,94,28.1849,53.1915,0,0,0,0,0,0
n012w8-0,n012w8,0,5,500000,100.0,adaptive,2026-07-04T11:59:32+01:00,5,5,49,112101,586,0.000000,315,325,315,10,3.0769,GLOBAL_BEST,2,42,0,169174,101643,71,7231,11,13.8293,909.0909,0,0,0,0,0,0
n012w8-0,n012w8,0,5,500000,100.0,adaptive,2026-07-04T11:59:32+01:00,5,2,49,113744,257,0.000000,760,770,760,10,1.2987,GLOBAL_BEST,1,42,0,184648,71997,72,1643,-329,60.8643,0.0000,0,0,0,0,0,0
n012w8-0,n012w8,0,5,500000,100.0,adaptive,2026-07-04T11:59:32+01:00,5,2,49,116380,262,0.000000,740,760,740,20,2.6316,LOCAL_BEST,1,42,0,188812,73759,73,2636,5,75.8725,4000.0000,0,0,0,0,0,0
n012w8-0,n012w8,0,5,500000,100.0,adaptive,2026-07-04T11:59:32+01:00,5,3,49,120546,439,0.000000,500,515,500,15,2.9126,LOCAL_BEST,1,42,0,186686,99403,74,4166,177,36.0058,84.7458,0,0,0,0,0,0
n012w8-0,n012w8,0,5,500000,100.0,adaptive,2026-07-04T11:59:32+01:00,5,5,49,133208,615,0.000000,300,315,300,15,4.7619,GLOBAL_BEST,2,42,0,200652,120821,75,12662,176,11.8465,85.2273,0,0,0,0,0,0
n012w8-0,n012w8,0,5,500000,100.0,adaptive,2026-07-04T11:59:32+01:00,5,2,49,135890,293,0.000000,725,740,725,15,2.0270,LOCAL_BEST,1,42,0,220270,86941,76,2682,-322,55.9284,0.0000,0,0,0,0,0,0
n012w8-0,n012w8,0,5,500000,100.0,adaptive,2026-07-04T11:59:32+01:00,5,0,49,144349,240,0.000000,1070,1090,1070,20,1.8349,LOCAL_BEST,0,42,0,249456,41267,77,8459,-53,23.6435,0.0000,0,0,0,0,0,0
n012w8-0,n012w8,0,5,500000,100.0,adaptive,2026-07-04T11:59:32+01:00,5,4,49,154665,559,0.000000,395,400,395,5,1.2500,LOCAL_BEST,2,42,0,234450,137285,78,10316,319,4.8468,15.6740,0,0,0,0,0,0
n012w8-0,n012w8,0,5,500000,100.0,adaptive,2026-07-04T11:59:32+01:00,5,3,49,157111,499,0.000000,475,500,475,25,5.0000,LOCAL_BEST,1,42,0,242375,129858,79,2446,-60,102.2077,0.0000,0,0,0,0,0,0
n012w8-0,n012w8,0,5,500000,100.0,adaptive,2026-07-04T11:59:32+01:00,5,2,49,160166,331,0.000000,715,725,715,10,1.3793,LOCAL_BEST,1,42,0,258882,103634,80,3055,-168,32.7332,0.0000,0,0,0,0,0,0
n012w8-0,n012w8,0,5,500000,100.0,adaptive,2026-07-04T11:59:32+01:00,5,0,49,163622,270,0.000000,1035,1070,1035,35,3.2710,LOCAL_BEST,0,42,0,281645,49877,81,3456,-61,101.2731,0.0000,0,0,0,0,0,0
n012w8-0,n012w8,0,5,500000,100.0,adaptive,2026-07-04T11:59:32+01:00,5,0,49,183030,303,0.000000,1015,1035,1015,20,1.9324,LOCAL_BEST,0,42,0,314270,59099,82,19408,33,10.3050,606.0606,0,0,0,0,0,0
n012w8-0,n012w8,0,5,500000,100.0,adaptive,2026-07-04T11:59:32+01:00,5,3,49,183045,542,0.000000,470,475,470,5,1.0526,LOCAL_BEST,1,42,0,281319,151830,83,15,239,3333.3333,20.9205,0,0,0,0,0,0
n012w8-0,n012w8,0,5,500000,100.0,adaptive,2026-07-04T11:59:32+01:00,5,3,49,195571,561,0.000000,460,470,460,10,2.1277,LOCAL_BEST,1,42,0,300118,162293,84,12526,19,7.9834,526.3158,0,0,0,0,0,0
n012w8-0,n012w8,0,5,500000,100.0,adaptive,2026-07-04T11:59:32+01:00,5,4,49,195659,623,0.000000,365,395,365,30,7.5949,LOCAL_BEST,2,42,0,296616,174298,85,88,62,3409.0909,483.8710,0,0,0,0,0,0
n012w8-0,n012w8,0,5,500000,100.0,adaptive,2026-07-04T11:59:32+01:00,5,0,49,197891,327,0.000000,1010,1015,1010,5,0.4926,LOCAL_BEST,0,42,0,339533,66573,86,2232,-296,22.4014,0.0000,0,0,0,0,0,0
n012w8-0,n012w8,0,5,500000,100.0,adaptive,2026-07-04T11:59:32+01:00,5,4,49,199327,629,0.000000,355,365,355,10,2.7397,LOCAL_BEST,2,42,0,302203,177559,87,1436,302,69.6379,33.1126,0,0,0,0,0,0
n012w8-0,n012w8,0,5,500000,100.0,adaptive,2026-07-04T11:59:32+01:00,5,2,49,199629,393,0.000000,710,715,710,5,0.6993,LOCAL_BEST,1,42,0,321616,131620,88,302,-236,165.5629,0.0000,0,0,0,0,0,0
n012w8-0,n012w8,0,5,500000,100.0,adaptive,2026-07-04T11:59:32+01:00,5,0,49,208303,343,0.000000,985,1010,985,25,2.4752,LOCAL_BEST,0,42,0,356752,71907,89,8674,-50,28.8218,0.0000,0,0,0,0,0,0
n012w8-0,n012w8,0,5,500000,100.0,adaptive,2026-07-04T11:59:32+01:00,5,0,49,225133,371,0.000000,960,985,960,25,2.5381,LOCAL_BEST,0,42,0,384305,80844,90,16830,28,14.8544,892.8571,0,0,0,0,0,0
n012w8-0,n012w8,0,5,500000,100.0,adaptive,2026-07-04T11:59:32+01:00,5,2,49,242252,470,0.000000,700,710,700,10,1.4085,LOCAL_BEST,1,42,0,388326,162624,91,17119,99,5.8415,101.0101,0,0,0,0,0,0
n012w8-0,n012w8,0,5,500000,100.0,adaptive,2026-07-04T11:59:32+01:00,5,2,49,242329,470,0.000000,685,700,685,15,2.1429,LOCAL_BEST,1,42,0,388452,162683,92,77,0,1948.0519,0.0000,0,0,0,0,0,0
n012w8-0,n012w8,0,5,500000,100.0,adaptive,2026-07-04T11:59:32+01:00,5,2,49,242330,470,0.000000,655,685,655,30,4.3796,LOCAL_BEST,1,42,0,388453,162683,93,1,0,300000.0000,0.0000,0,0,0,0,0,0
n012w8-0,n012w8,0,5,500000,100.0,adaptive,2026-07-04T11:59:32+01:00,5,0,49,253726,417,0.000000,915,960,915,45,4.6875,LOCAL_BEST,0,42,0,431818,96676,94,11396,-53,39.4875,0.0000,0,0,0,0,0,0
n012w8-0,n012w8,0,5,500000,100.0,adaptive,2026-07-04T11:59:32+01:00,5,3,49,266139,670,0.000000,455,460,455,5,1.0870,LOCAL_BEST,1,42,0,406305,223385,95,12413,253,4.0280,19.7628,0,0,0,0,0,0
n012w8-0,n012w8,0,5,500000,100.0,adaptive,2026-07-04T11:59:32+01:00,5,0,49,279047,460,0.000000,900,915,900,15,1.6393,LOCAL_BEST,0,42,0,473393,111145,96,12908,-210,11.6207,0.0000,0,0,0,0,0,0
n012w8-0,n012w8,0,5,500000,100.0,adaptive,2026-07-04T11:59:32+01:00,5,0,49,279049,460,0.000000,885,900,885,15,1.6667,LOCAL_BEST,0,42,0,473398,111145,97,2,0,75000.0000,0.0000,0,0,0,0,0,0
n012w8-0,n012w8,0,5,500000,100.0,adaptive,2026-07-04T11:59:32+01:00,5,2,49,286613,548,0.000000,650,655,650,5,0.7634,LOCAL_BEST,1,42,0,458312,195608,98,7564,88,6.6103,56.8182,0,0,0,0,0,0
n012w8-0,n012w8,0,5,500000,100.0,adaptive,2026-07-04T11:59:32+01:00,5,3,49,300247,720,0.000000,440,455,440,15,3.2967,LOCAL_BEST,1,42,0,458323,252821,99,13634,172,11.0019,87.2093,0,0,0,0,0,0
n012w8-0,n012w8,0,5,500000,100.0,adaptive,2026-07-04T11:59:32+01:00,5,3,49,300251,720,0.000000,410,440,410,30,6.8182,LOCAL_BEST,1,42,0,458324,252823,100,4,0,75000.0000,0.0000,0,0,0,0,0,0
n012w8-0,n012w8,0,5,500000,100.0,adaptive,2026-07-04T11:59:32+01:00,5,2,49,304962,580,0.000000,645,650,645,5,0.7692,LOCAL_BEST,1,42,0,486763,209457,101,4711,-140,10.6135,0.0000,0,0,0,0,0,0
n012w8-0,n012w8,0,5,500000,100.0,adaptive,2026-07-04T11:59:32+01:00,5,2,49,304963,580,0.000000,630,645,630,15,2.3256,LOCAL_BEST,1,42,0,486765,209457,102,1,0,150000.0000,0.0000,0,0,0,0,0,0
n012w8-0,n012w8,0,5,500000,100.0,adaptive,2026-07-04T11:59:32+01:00,5,0,49,316326,529,0.000000,860,885,860,25,2.8249,LOCAL_BEST,0,42,0,534562,133240,103,11363,-51,22.0012,0.0000,0,0,0,0,0,0
n012w8-0,n012w8,0,5,500000,100.0,adaptive,2026-07-04T11:59:32+01:00,5,0,49,320156,535,0.000000,780,860,780,80,9.3023,LOCAL_BEST,0,42,0,540968,135600,104,3830,6,208.8773,13333.3333,0,0,0,0,0,0
n012w8-0,n012w8,0,5,500000,100.0,adaptive,2026-07-04T11:59:32+01:00,5,2,49,331158,622,0.000000,615,630,615,15,2.3810,LOCAL_BEST,1,42,0,527083,229476,105,11002,87,13.6339,172.4138,0,0,0,0,0,0
n012w8-0,n012w8,0,5,500000,100.0,adaptive,2026-07-04T11:59:32+01:00,5,2,49,365993,679,0.000000,535,615,535,80,13.0081,LOCAL_BEST,1,42,0,582596,256302,106,34835,57,22.9654,1403.5088,0,0,0,0,0,0
n012w8-0,n012w8,0,5,500000,100.0,adaptive,2026-07-04T11:59:32+01:00,5,3,49,402111,885,0.000000,385,410,385,25,6.0976,LOCAL_BEST,1,42,0,612368,341340,107,36118,206,6.9218,121.3592,0,0,0,0,0,0
n012w8-0,n012w8,0,5,500000,100.0,adaptive,2026-07-04T11:59:32+01:00,5,2,49,407936,749,0.000000,530,535,530,5,0.9346,LOCAL_BEST,1,42,0,647427,289279,108,5825,-136,8.5837,0.0000,0,0,0,0,0,0
n012w8-0,n012w8,0,5,500000,100.0,adaptive,2026-07-04T11:59:32+01:00,5,0,49,408636,683,0.000000,755,780,755,25,3.2051,LOCAL_BEST,0,42,0,684165,192435,109,700,-66,357.1429,0.0000,0,0,0,0,0,0
n012w8-0,n012w8,0,5,500000,100.0,adaptive,2026-07-04T11:59:32+01:00,5,4,49,425456,982,0.000000,350,355,350,5,1.4085,LOCAL_BEST,2,42,0,633078,382130,110,16820,299,2.9727,16.7224,0,0,0,0,0,0
n012w8-0,n012w8,0,5,500000,100.0,adaptive,2026-07-04T11:59:32+01:00,5,4,49,430445,989,0.000000,335,350,335,15,4.2857,LOCAL_BEST,2,42,0,640269,386600,111,4989,7,30.0661,2142.8571,0,0,0,0,0,0
n012w8-0,n012w8,0,5,500000,100.0,adaptive,2026-07-04T11:59:32+01:00,5,0,49,436585,732,0.000000,750,755,750,5,0.6623,LOCAL_BEST,0,42,0,728428,211003,112,6140,-257,8.1433,0.0000,0,0,0,0,0,0
n012w8-0,n012w8,0,5,500000,100.0,adaptive,2026-07-04T11:59:32+01:00,5,0,49,462792,778,0.000000,735,750,735,15,2.0000,LOCAL_BEST,0,42,0,771054,229285,113,26207,46,5.7237,326.0870,0,0,0,0,0,0
n012w8-0,n012w8,0,5,500000,100.0,adaptive,2026-07-04T11:59:32+01:00,5,2,49,467158,843,0.000000,525,530,525,5,0.9434,LOCAL_BEST,1,42,0,738926,336420,114,4366,65,11.4521,76.9231,0,0,0,0,0,0
n012w8-0,n012w8,0,5,500000,100.0,adaptive,2026-07-04T11:59:32+01:00,5,0,49,485323,817,0.000000,700,735,700,35,4.7619,LOCAL_BEST,0,42,0,807692,245131,115,18165,-26,19.2678,0.0000,0,0,0,0,0,0
n012w8-0,n012w8,0,5,500000,100.0,adaptive,2026-07-04T11:59:32+01:00,5,4,49,499214,1088,0.000000,325,335,325,10,2.9851,LOCAL_BEST,2,42,0,738640,448952,116,13891,271,7.1989,36.9004,0,0,0,0,0,0
n012w8-0,n012w8,0,5,500000,100.0,adaptive,2026-07-04T11:59:32+01:00,6,0,59,1,0,0.000000,3310,3340,3310,30,0.8982,GLOBAL_BEST,0,123,0,0,0,1,1,0,300000.0000,0.0000,0,0,0,0,0,0
n012w8-0,n012w8,0,5,500000,100.0,adaptive,2026-07-04T11:59:32+01:00,6,0,59,3,0,0.000000,3010,3310,3010,300,9.0634,GLOBAL_BEST,0,123,0,5,0,2,2,0,1500000.0000,0.0000,0,0,0,0,0,0
n012w8-0,n012w8,0,5,500000,100.0,adaptive,2026-07-04T11:59:32+01:00,6,2,59,3,49,0.000000,1040,1055,1040,15,1.4218,GLOBAL_BEST,1,123,0,11,2,3,0,49,0.0000,306.1224,0,0,0,0,0,0
n012w8-0,n012w8,0,5,500000,100.0,adaptive,2026-07-04T11:59:32+01:00,6,0,59,4,0,0.000000,2920,3010,2920,90,2.9900,GLOBAL_BEST,0,123,0,6,0,4,1,-49,900000.0000,0.0000,0,0,0,0,0,0
n012w8-0,n012w8,0,5,500000,100.0,adaptive,2026-07-04T11:59:32+01:00,6,0,59,5,0,0.000000,2755,2920,2755,165,5.6507,GLOBAL_BEST,0,123,0,9,0,5,1,0,1650000.0000,0.0000,0,0,0,0,0,0
n012w8-0,n012w8,0,5,500000,100.0,adaptive,2026-07-04T11:59:32+01:00,6,2,59,8,49,0.000000,1010,1040,1010,30,2.8846,GLOBAL_BEST,1,123,0,19,5,6,3,49,100000.0000,612.2449,0,0,0,0,0,0
n012w8-0,n012w8,0,5,500000,100.0,adaptive,2026-07-04T11:59:32+01:00,6,0,59,9,0,0.000000,2695,2755,2695,60,2.1779,GLOBAL_BEST,0,123,0,13,0,7,1,-49,600000.0000,0.0000,0,0,0,0,0,0
n012w8-0,n012w8,0,5,500000,100.0,adaptive,2026-07-04T11:59:32+01:00,6,0,59,12,0,0.000000,2680,2695,2680,15,0.5566,GLOBAL_BEST,0,123,0,13,0,8,3,0,50000.0000,0.0000,0,0,0,0,0,0
n012w8-0,n012w8,0,5,500000,100.0,adaptive,2026-07-04T11:59:32+01:00,6,0,59,14,0,0.000000,2575,2680,2575,105,3.9179,GLOBAL_BEST,0,123,0,17,0,9,2,0,525000.0000,0.0000,0,0,0,0,0,0
n012w8-0,n012w8,0,5,500000,100.0,adaptive,2026-07-04T11:59:32+01:00,6,0,59,15,0,0.000000,2455,2575,2455,120,4.6602,GLOBAL_BEST,0,123,0,20,0,10,1,0,1200000.0000,0.0000,0,0,0,0,0,0
n012w8-0,n012w8,0,5,500000,100.0,adaptive,2026-07-04T11:59:32+01:00,6,0,59,17,0,0.000000,2380,2455,2380,75,3.0550,GLOBAL_BEST,0,123,0,21,0,11,2,0,375000.0000,0.0000,0,0,0,0,0,0
n012w8-0,n012w8,0,5,500000,100.0,adaptive,2026-07-04T11:59:32+01:00,6,3,59,24,108,0.000000,595,640,595,45,7.0312,GLOBAL_BEST,1,123,0,41,20,12,7,108,64285.7143,416.6667,0,0,0,0,0,0
n012w8-0,n012w8,0,5,500000,100.0,adaptive,2026-07-04T11:59:32+01:00,6,0,59,26,0,0.000000,2305,2380,2305,75,3.1513,GLOBAL_BEST,0,123,0,36,0,13,2,-108,375000.0000,0.0000,0,0,0,0,0,0
n012w8-0,n012w8,0,5,500000,100.0,adaptive,2026-07-04T11:59:32+01:00,6,3,59,26,108,0.000000,550,595,550,45,7.5630,GLOBAL_BEST,1,123,0,43,21,14,0,108,0.0000,416.6667,0,0,0,0,0,0
n012w8-0,n012w8,0,5,500000,100.0,adaptive,2026-07-04T11:59:32+01:00,6,0,59,28,0,0.000000,2110,2305,2110,195,8.4599,GLOBAL_BEST,0,123,0,41,0,15,2,-108,975000.0000,0.0000,0,0,0,0,0,0
n012w8-0,n012w8,0,5,500000,100.0,adaptive,2026-07-04T11:59:32+01:00,6,0,59,29,0,0.000000,2080,2110,2080,30,1.4218,GLOBAL_BEST,0,123,0,41,0,16,1,0,300000.0000,0.0000,0,0,0,0,0,0
n012w8-0,n012w8,0,5,500000,100.0,adaptive,2026-07-04T11:59:32+01:00,6,0,59,30,0,0.000000,2020,2080,2020,60,2.8846,GLOBAL_BEST,0,123,0,42,0,17,1,0,600000.0000,0.0000,0,0,0,0,0,0
n012w8-0,n012w8,0,5,500000,100.0,adaptive,2026-07-04T11:59:32+01:00,6,5,59,30,230,0.000000,255,270,255,15,5.5556,GLOBAL_BEST,2,123,0,59,27,18,0,230,0.0000,65.2174,0,0,0,0,0,0
n012w8-0,n012w8,0,5,500000,100.0,adaptive,2026-07-04T11:59:32+01:00,6,0,59,31,0,0.000000,2005,2020,2005,15,0.7426,GLOBAL_BEST,0,123,0,42,0,19,1,-230,150000.0000,0.0000,0,0,0,0,0,0
n012w8-0,n012w8,0,5,500000,100.0,adaptive,2026-07-04T11:59:32+01:00,6,0,59,32,0,0.000000,1915,2005,1915,90,4.4888,GLOBAL_BEST,0,123,0,44,0,20,1,0,900000.0000,0.0000,0,0,0,0,0,0
n012w8-0,n012w8,0,5,500000,100.0,adaptive,2026-07-04T11:59:32+01:00,6,4,59,33,196,0.000000,375,390,375,15,3.8462,GLOBAL_BEST,2,123,0,48,32,21,1,196,150000.0000,76.5306,0,0,0,0,0,0
n012w8-0,n012w8,0,5,500000,100.0,adaptive,2026-07-04T11:59:32+01:00,6,4,59,35,196,0.000000,360,375,360,15,4.0000,GLOBAL_BEST,2,123,0,48,33,22,2,0,75000.0000,0.0000,0,0,0,0,0,0
n012w8-0,n012w8,0,5,500000,100.0,adaptive,2026-07-04T11:59:32+01:00,6,2,59,37,49,0.000000,875,1010,875,135,13.3663,GLOBAL_BEST,1,123,0,88,23,23,2,-147,675000.0000,0.0000,0,0,0,0,0,0
n012w8-0,n012w8,0,5,500000,100.0,adaptive,2026-07-04T11:59:32+01:00,6,2,59,65,49,0.000000,825,875,825,50,5.7143,GLOBAL_BEST,1,123,0,134,36,24,28,0,17857.1429,0.0000,0,0,0,0,0,0
n012w8-0,n012w8,0,5,500000,100.0,adaptive,2026-07-04T11:59:32+01:00,6,0,59,120,1,0.000000,1870,1915,1870,45,2.3499,GLOBAL_BEST,0,123,0,238,0,25,55,-48,8181.8182,0.0000,0,0,0,0,0,0
n012w8-0,n012w8,0,5,500000,100.0,adaptive,2026-07-04T11:59:32+01:00,6,0,59,121,1,0.000000,1750,1870,1750,120,6.4171,GLOBAL_BEST,0,123,0,244,0,26,1,0,1200000.0000,0.0000,0,0,0,0,0,0
n012w8-0,n012w8,0,5,500000,100.0,adaptive,2026-07-04T11:59:32+01:00,6,0,59,160,1,0.000000,1740,1750,1740,10,0.5714,GLOBAL_BEST,0,123,0,330,0,27,39,0,2564.1026,0.0000,0,0,0,0,0,0
n012w8-0,n012w8,0,5,500000,100.0,adaptive,2026-07-04T11:59:32+01:00,6,0,59,161,1,0.000000,1725,1740,1725,15,0.8621,GLOBAL_BEST,0,123,0,330,0,28,1,0,150000.0000,0.0000,0,0,0,0,0,0
n012w8-0,n012w8,0,5,500000,100.0,adaptive,2026-07-04T11:59:32+01:00,6,0,59,178,1,0.000000,1715,1725,1715,10,0.5797,GLOBAL_BEST,0,123,0,354,0,29,17,0,5882.3529,0.0000,0,0,0,0,0,0
n012w8-0,n012w8,0,5,500000,100.0,adaptive,2026-07-04T11:59:32+01:00,6,2,59,193,49,0.000000,820,825,820,5,0.6061,GLOBAL_BEST,1,123,0,332,108,30,15,48,3333.3333,104.1667,0,0,0,0,0,0
n012w8-0,n012w8,0,5,500000,100.0,adaptive,2026-07-04T11:59:32+01:00,6,4,59,235,197,0.000000,345,360,345,15,4.1667,GLOBAL_BEST,2,123,0,364,211,31,42,148,3571.4286,101.3514,0,0,0,0,0,0
n012w8-0,n012w8,0,5,500000,100.0,adaptive,2026-07-04T11:59:32+01:00,6,0,59,301,1,0.000000,1690,1715,1690,25,1.4577,GLOBAL_BEST,0,123,0,590,0,32,66,-196,3787.8788,0.0000,0,0,0,0,0,0
n012w8-0,n012w8,0,5,500000,100.0,adaptive,2026-07-04T11:59:32+01:00,6,0,59,303,1,0.000000,1675,1690,1675,15,0.8876,GLOBAL_BEST,0,123,0,593,0,33,2,0,75000.0000,0.0000,0,0,0,0,0,0
n012w8-0,n012w8,0,5,500000,100.0,adaptive,2026-07-04T11:59:32+01:00,6,0,59,307,1,0.000000,1585,1675,1585,90,5.3731,GLOBAL_BEST,0,123,0,602,0,34,4,0,225000.0000,0.0000,0,0,0,0,0,0
n012w8-0,n012w8,0,5,500000,100.0,adaptive,2026-07-04T11:59:32+01:00,6,5,59,339,231,0.000000,240,255,240,15,5.8824,GLOBAL_BEST,2,123,0,541,307,35,32,230,4687.5000,65.2174,0,0,0,0,0,0
n012w8-0,n012w8,0,5,500000,100.0,adaptive,2026-07-04T11:59:32+01:00,6,4,59,743,197,0.000000,330,345,330,15,4.3478,GLOBAL_BEST,2,123,0,1185,650,36,404,-34,371.2871,0.0000,0,0,0,0,0,0
n012w8-0,n012w8,0,5,500000,100.0,adaptive,2026-07-04T11:59:32+01:00,6,3,59,1002,110,0.000000,520,550,520,30,5.4545,GLOBAL_BEST,1,123,0,1584,780,37,259,-87,1158.3012,0.0000,0,0,0,0,0,0
n012w8-0,n012w8,0,5,500000,100.0,adaptive,2026-07-04T11:59:32+01:00,6,2,59,1036,51,0.000000,790,820,790,30,3.6585,GLOBAL_BEST,1,123,0,1848,652,38,34,-59,8823.5294,0.0000,0,0,0,0,0,0
n012w8-0,n012w8,0,5,500000,100.0,adaptive,2026-07-04T11:59:32+01:00,6,3,59,1316,110,0.000000,505,520,505,15,2.8846,GLOBAL_BEST,1,123,0,2104,1019,39,280,59,535.7143,254.2373,0,0,0,0,0,0
n012w8-0,n012w8,0,5,500000,100.0,adaptive,2026-07-04T11:59:32+01:00,6,2,59,1335,51,0.000000,760,790,760,30,3.7975,GLOBAL_BEST,1,123,0,2424,823,40,19,-59,15789.4737,0.0000,0,0,0,0,0,0
n012w8-0,n012w8,0,5,500000,100.0,adaptive,2026-07-04T11:59:32+01:00,6,0,59,1652,3,0.000000,1570,1585,1570,15,0.9464,GLOBAL_BEST,0,123,0,3186,0,41,317,-48,473.1861,0.0000,0,0,0,0,0,0
n012w8-0,n012w8,0,5,500000,100.0,adaptive,2026-07-04T11:59:32+01:00,6,0,59,1722,3,0.000000,1565,1570,1565,5,0.3185,GLOBAL_BEST,0,123,0,3295,0,42,70,0,714.2857,0.0000,0,0,0,0,0,0
n012w8-0,n012w8,0,5,500000,100.0,adaptive,2026-07-04T11:59:32+01:00,6,0,59,1987,3,0.000000,1360,1565,1360,205,13.0990,GLOBAL_BEST,0,123,0,3800,0,43,265,0,7735.8491,0.0000,0,0,0,0,0,0
n012w8-0,n012w8,0,5,500000,100.0,adaptive,2026-07-04T11:59:32+01:00,6,0,59,1988,3,0.000000,1120,1360,1120,240,17.6471,GLOBAL_BEST,0,123,0,3809,0,44,1,0,2400000.0000,0.0000,0,0,0,0,0,0
n012w8-0,n012w8,0,5,500000,100.0,adaptive,2026-07-04T11:59:32+01:00,6,2,59,5044,56,0.000000,745,760,745,15,1.9737,GLOBAL_BEST,1,123,0,8689,3091,45,3056,53,49.0838,283.0189,0,0,0,0,0,0
n012w8-0,n012w8,0,5,500000,100.0,adaptive,2026-07-04T11:59:32+01:00,6,4,59,6969,205,0.000000,285,330,285,45,13.6364,GLOBAL_BEST,2,123,0,11700,6331,46,1925,149,233.7662,302.0134,0,0,0,0,0,0
n012w8-0,n012w8,0,5,500000,100.0,adaptive,2026-07-04T11:59:32+01:00,6,5,59,9037,242,0.000000,225,240,225,15,6.2500,GLOBAL_BEST,2,123,0,14515,8443,47,2068,37,72.5338,405.4054,0,0,0,0,0,0
n012w8-0,n012w8,0,5,500000,100.0,adaptive,2026-07-04T11:59:32+01:00,6,3,59,9872,122,0.000000,495,505,495,10,1.9802,GLOBAL_BEST,1,123,0,16016,7660,48,835,-120,119.7605,0.0000,0,0,0,0,0,0
n012w8-0,n012w8,0,5,500000,100.0,adaptive,2026-07-04T11:59:32+01:00,6,2,59,10275,64,0.000000,720,745,720,25,3.3557,GLOBAL_BEST,1,123,0,18026,6235,49,403,-58,620.3474,0.0000,0,0,0,0,0,0
n012w8-0,n012w8,0,5,500000,100.0,adaptive,2026-07-04T11:59:32+01:00,6,2,59,10276,64,0.000000,660,720,660,60,8.3333,GLOBAL_BEST,1,123,0,18031,6235,50,1,0,600000.0000,0.0000,0,0,0,0,0,0
n012w8-0,n012w8,0,5,500000,100.0,adaptive,2026-07-04T11:59:32+01:00,6,3,59,10419,123,0.000000,475,495,475,20,4.0404,GLOBAL_BEST,1,123,0,17037,8070,51,143,59,1398.6014,338.9831,0,0,0,0,0,0
n012w8-0,n012w8,0,5,500000,100.0,adaptive,2026-07-04T11:59:32+01:00,6,3,59,10440,123,0.000000,430,475,430,45,9.4737,GLOBAL_BEST,1,123,0,17077,8084,52,21,0,21428.5714,0.0000,0,0,0,0,0,0
n012w8-0,n012w8,0,5,500000,100.0,adaptive,2026-07-04T11:59:32+01:00,6,5,59,12960,246,0.000000,210,225,210,15,6.6667,GLOBAL_BEST,2,123,0,20893,12081,53,2520,123,59.5238,121.9512,0,0,0,0,0,0
n012w8-0,n012w8,0,5,500000,100.0,adaptive,2026-07-04T11:59:32+01:00,6,4,59,25030,230,0.000000,270,285,270,15,5.2632,GLOBAL_BEST,2,123,0,40205,22434,54,12070,-16,12.4275,0.0000,0,0,0,0,0,0
n012w8-0,n012w8,0,5,500000,100.0,adaptive,2026-07-04T11:59:32+01:00,6,0,59,31783,49,0.000000,1055,1120,1055,65,5.8036,GLOBAL_BEST,0,123,0,60657,2366,55,6753,-181,96.2535,0.0000,0,0,0,0,0,0
n012w8-0,n012w8,0,5,500000,100.0,adaptive,2026-07-04T11:59:32+01:00,6,2,59,39746,108,0.000000,640,660,640,20,3.0303,GLOBAL_BEST,1,123,0,68964,24773,56,7963,59,25.1162,338.9831,0,0,0,0,0,0
n012w8-0,n012w8,0,5,500000,100.0,adaptive,2026-07-04T11:59:32+01:00,6,3,59,62952,196,0.000000,390,430,390,40,9.3023,GLOBAL_BEST,1,123,0,104348,50758,57,23206,88,17.2369,454.5455,0,0,0,0,0,0
n012w8-0,n012w8,0,5,500000,100.0,adaptive,2026-07-04T11:59:32+01:00,6,0,59,76457,118,0.000000,1015,1055,1015,40,3.7915,LOCAL_BEST,0,123,0,143132,13923,58,13505,-78,29.6187,0.0000,0,0,0,0,0,0
n012w8-0,n012w8,0,5,500000,100.0,adaptive,2026-07-04T11:59:32+01:00,6,2,59,79629,171,0.000000,630,640,630,10,1.5625,LOCAL_BEST,1,123,0,137570,50866,59,3172,53,31.5259,188.6792,0,0,0,0,0,0
n012w8-0,n012w8,0,5,500000,100.0,adaptive,2026-07-04T11:59:32+01:00,6,0,59,83465,129,0.000000,1000,1015,1000,15,1.4778,LOCAL_BEST,0,123,0,155660,16329,60,3836,-42,39.1032,0.0000,0,0,0,0,0,0
n012w8-0,n012w8,0,5,500000,100.0,adaptive,2026-07-04T11:59:32+01:00,6,4,59,86956,315,0.000000,265,270,265,5,1.8519,LOCAL_BEST,2,123,0,141849,77581,61,3491,186,14.3225,26.8817,0,0,0,0,0,0
n012w8-0,n012w8,0,5,500000,100.0,adaptive,2026-07-04T11:59:32+01:00,6,4,59,89254,320,0.000000,250,265,250,15,5.6604,LOCAL_BEST,2,123,0,145672,79588,62,2298,5,65.2742,3000.0000,0,0,0,0,0,0
n012w8-0,n012w8,0,5,500000,100.0,adaptive,2026-07-04T11:59:32+01:00,6,2,59,93430,191,0.000000,615,630,615,15,2.3810,LOCAL_BEST,1,123,0,160615,60042,63,4176,-129,35.9195,0.0000,0,0,0,0,0,0
n012w8-0,n012w8,0,5,500000,100.0,adaptive,2026-07-04T11:59:32+01:00,6,0,59,98805,156,0.000000,955,1000,955,45,4.5000,LOCAL_BEST,0,123,0,183792,21888,64,5375,-35,83.7209,0.0000,0,0,0,0,0,0
n012w8-0,n012w8,0,5,500000,100.0,adaptive,2026-07-04T11:59:32+01:00,6,2,59,105461,208,0.000000,605,615,605,10,1.6260,LOCAL_BEST,1,123,0,180851,68150,65,6656,52,15.0240,192.3077,0,0,0,0,0,0
n012w8-0,n012w8,0,5,500000,100.0,adaptive,2026-07-04T11:59:32+01:00,6,3,59,121802,279,0.000000,370,390,370,20,5.1282,LOCAL_BEST,1,123,0,201624,98924,66,16341,71,12.2392,281.6901,0,0,0,0,0,0
n012w8-0,n012w8,0,5,500000,100.0,adaptive,2026-07-04T11:59:32+01:00,6,2,59,128657,242,0.000000,570,605,570,35,5.7851,LOCAL_BEST,1,123,0,220456,84205,67,6855,-37,51.0576,0.0000,0,0,0,0,0,0
n012w8-0,n012w8,0,5,500000,100.0,adaptive,2026-07-04T11:59:32+01:00,6,0,59,133115,208,0.000000,935,955,935,20,2.0942,LOCAL_BEST,0,123,0,245917,35396,68,4458,-34,44.8632,0.0000,0,0,0,0,0,0
n012w8-0,n012w8,0,5,500000,100.0,adaptive,2026-07-04T11:59:32+01:00,6,0,59,133116,208,0.000000,875,935,875,60,6.4171,LOCAL_BEST,0,123,0,245919,35396,69,1,0,600000.0000,0.0000,0,0,0,0,0,0
n012w8-0,n012w8,0,5,500000,100.0,adaptive,2026-07-04T11:59:32+01:00,6,4,59,147830,397,0.000000,240,250,240,10,4.0000,LOCAL_BEST,2,123,0,242471,131717,70,14714,189,6.7962,52.9101,0,0,0,0,0,0
n012w8-0,n012w8,0,5,500000,100.0,adaptive,2026-07-04T11:59:32+01:00,6,4,59,147862,397,0.000000,225,240,225,15,6.2500,LOCAL_BEST,2,123,0,242512,131744,71,32,0,4687.5000,0.0000,0,0,0,0,0,0
n012w8-0,n012w8,0,5,500000,100.0,adaptive,2026-07-04T11:59:32+01:00,6,3,59,157257,328,0.000000,345,370,345,25,6.7568,LOCAL_BEST,1,123,0,260630,128226,72,9395,-69,26.6099,0.0000,0,0,0,0,0,0
n012w8-0,n012w8,0,5,500000,100.0,adaptive,2026-07-04T11:59:32+01:00,6,2,59,158057,289,0.000000,555,570,555,15,2.6316,LOCAL_BEST,1,123,0,269816,104667,73,800,-39,187.5000,0.0000,0,0,0,0,0,0
n012w8-0,n012w8,0,5,500000,100.0,adaptive,2026-07-04T11:59:32+01:00,6,2,59,181624,325,0.000000,550,555,550,5,0.9009,LOCAL_BEST,1,123,0,309697,121216,74,23567,36,2.1216,138.8889,0,0,0,0,0,0
n012w8-0,n012w8,0,5,500000,100.0,adaptive,2026-07-04T11:59:32+01:00,6,0,59,201551,315,0.000000,865,875,865,10,1.1429,LOCAL_BEST,0,123,0,368193,67174,75,19927,-10,5.0183,0.0000,0,0,0,0,0,0
n012w8-0,n012w8,0,5,500000,100.0,adaptive,2026-07-04T11:59:32+01:00,6,2,59,203447,355,0.000000,535,550,535,15,2.7273,LOCAL_BEST,1,123,0,346874,136717,76,1896,40,79.1139,375.0000,0,0,0,0,0,0
n012w8-0,n012w8,0,5,500000,100.0,adaptive,2026-07-04T11:59:32+01:00,6,0,59,209580,328,0.000000,820,865,820,45,5.2023,LOCAL_BEST,0,123,0,381983,71080,77,6133,-27,73.3736,0.0000,0,0,0,0,0,0
n012w8-0,n012w8,0,5,500000,100.0,adaptive,2026-07-04T11:59:32+01:00,6,2,59,226802,390,0.000000,525,535,525,10,1.8692,LOCAL_BEST,1,123,0,385983,153624,78,17222,62,5.8065,161.2903,0,0,0,0,0,0
n012w8-0,n012w8,0,5,500000,100.0,adaptive,2026-07-04T11:59:32+01:00,6,2,59,228898,393,0.000000,510,525,510,15,2.8571,LOCAL_BEST,1,123,0,389580,155118,79,2096,3,71.5649,5000.0000,0,0,0,0,0,0
n012w8-0,n012w8,0,5,500000,100.0,adaptive,2026-07-04T11:59:32+01:00,6,0,59,230622,360,0.000000,740,820,740,80,9.7561,LOCAL_BEST,0,123,0,419223,82032,80,1724,-33,464.0371,0.0000,0,0,0,0,0,0
n012w8-0,n012w8,0,5,500000,100.0,adaptive,2026-07-04T11:59:32+01:00,6,3,59,237196,436,0.000000,335,345,335,10,2.8986,LOCAL_BEST,1,123,0,391174,196522,81,6574,76,15.2114,131.5789,0,0,0,0,0,0
n012w8-0,n012w8,0,5,500000,100.0,adaptive,2026-07-04T11:59:32+01:00,6,4,59,242192,520,0.000000,210,225,210,15,6.6667,LOCAL_BEST,2,123,0,394250,216660,82,4996,84,30.0240,178.5714,0,0,0,0,0,0
n012w8-0,n012w8,0,5,500000,100.0,adaptive,2026-07-04T11:59:32+01:00,6,2,59,247090,419,0.000000,505,510,505,5,0.9804,LOCAL_BEST,1,123,0,419579,168525,83,4898,-101,10.2082,0.0000,0,0,0,0,0,0
n012w8-0,n012w8,0,5,500000,100.0,adaptive,2026-07-04T11:59:32+01:00,6,3,59,274154,486,0.000000,310,335,310,25,7.4627,LOCAL_BEST,1,123,0,450224,228428,84,27064,67,9.2374,373.1343,0,0,0,0,0,0
n012w8-0,n012w8,0,5,500000,100.0,adaptive,2026-07-04T11:59:32+01:00,6,2,59,283693,470,0.000000,440,505,440,65,12.8713,LOCAL_BEST,1,123,0,480640,196030,85,9539,-16,68.1413,0.0000,0,0,0,0,0,0
n012w8-0,n012w8,0,5,500000,100.0,adaptive,2026-07-04T11:59:32+01:00,6,0,59,295854,457,0.000000,730,740,730,10,1.3514,LOCAL_BEST,0,123,0,534570,118235,86,12161,-13,8.2230,0.0000,0,0,0,0,0,0
n012w8-0,n012w8,0,5,500000,100.0,adaptive,2026-07-04T11:59:32+01:00,6,0,59,295856,457,0.000000,700,730,700,30,4.1096,LOCAL_BEST,0,123,0,534572,118236,87,2,0,150000.0000,0.0000,0,0,0,0,0,0
n012w8-0,n012w8,0,5,500000,100.0,adaptive,2026-07-04T11:59:32+01:00,6,0,59,306126,472,0.000000,675,700,675,25,3.5714,LOCAL_BEST,0,123,0,552637,124329,88,10270,15,24.3427,1666.6667,0,0,0,0,0,0
n012w8-0,n012w8,0,5,500000,100.0,adaptive,2026-07-04T11:59:32+01:00,6,0,59,306136,472,0.000000,630,675,630,45,6.6667,LOCAL_BEST,0,123,0,552646,124329,89,10,0,45000.0000,0.0000,0,0,0,0,0,0
n012w8-0,n012w8,0,5,500000,100.0,adaptive,2026-07-04T11:59:32+01:00,6,2,59,320534,521,0.000000,435,440,435,5,1.1364,LOCAL_BEST,1,123,0,541951,224292,90,14398,49,3.4727,102.0408,0,0,0,0,0,0
n012w8-0,n012w8,0,5,500000,100.0,adaptive,2026-07-04T11:59:32+01:00,6,2,59,334288,541,0.000000,420,435,420,15,3.4483,LOCAL_BEST,1,123,0,565438,234669,91,13754,20,10.9059,750.0000,0,0,0,0,0,0
n012w8-0,n012w8,0,5,500000,100.0,adaptive,2026-07-04T11:59:32+01:00,6,0,59,381773,585,0.000000,595,630,595,35,5.5556,LOCAL_BEST,0,123,0,683698,171742,92,47485,44,7.3707,795.4545,0,0,0,0,0,0
n012w8-0,n012w8,0,5,500000,100.0,adaptive,2026-07-04T11:59:32+01:00,6,3,59,392671,644,0.000000,295,310,295,15,4.8387,LOCAL_BEST,1,123,0,640068,331964,93,10898,59,13.7640,254.2373,0,0,0,0,0,0
n012w8-0,n012w8,0,5,500000,100.0,adaptive,2026-07-04T11:59:32+01:00,6,2,59,395813,628,0.000000,410,420,410,10,2.3810,LOCAL_BEST,1,123,0,667387,282664,94,3142,-16,31.8269,0.0000,0,0,0,0,0,0
n012w8-0,n012w8,0,5,500000,100.0,adaptive,2026-07-04T11:59:32+01:00,6,2,59,410659,649,0.000000,405,410,405,5,1.2195,LOCAL_BEST,1,123,0,692227,294383,95,14846,21,3.3679,238.0952,0,0,0,0,0,0
n012w8-0,n012w8,0,5,500000,100.0,adaptive,2026-07-04T11:59:32+01:00,6,0,59,444317,678,0.000000,585,595,585,10,1.6807,LOCAL_BEST,0,123,0,791413,212813,96,33658,29,2.9711,344.8276,0,0,0,0,0,0
n012w8-0,n012w8,0,5,500000,100.0,adaptive,2026-07-04T11:59:32+01:00,6,2,59,457968,714,0.000000,370,405,370,35,8.6420,LOCAL_BEST,1,123,0,769523,332655,97,13651,36,25.6391,972.2222,0,0,0,0,0,0
n012w8-0,n012w8,0,5,500000,100.0,adaptive,2026-07-04T11:59:32+01:00,6,3,59,482485,767,0.000000,285,295,285,10,3.3898,LOCAL_BEST,1,123,0,785474,411307,98,24517,53,4.0788,188.6792,0,0,0,0,0,0
n012w8-0,n012w8,0,5,500000,100.0,adaptive,2026-07-04T11:59:32+01:00,6,4,59,496657,850,0.000000,195,210,195,15,7.1429,GLOBAL_BEST,2,123,0,807243,448155,99,14172,83,10.5843,180.7229,0,0,0,0,0,0
n012w8-0,n012w8,0,5,500000,100.0,adaptive,2026-07-04T11:59:32+01:00,7,0,80,2,2,0.000000,3325,3355,3325,30,0.8942,GLOBAL_BEST,0,123,0,5,0,1,2,2,150000.0000,15000.0000,0,0,0,0,0,0
n012w8-0,n012w8,0,5,500000,100.0,adaptive,2026-07-04T11:59:32+01:00,7,2,80,6,49,0.000000,1190,1235,1190,45,3.6437,LOCAL_BEST,1,123,0,9,5,2,4,47,112500.0000,957.4468,0,0,0,0,0,0
n012w8-0,n012w8,0,5,500000,100.0,adaptive,2026-07-04T11:59:32+01:00,7,0,80,9,2,0.000000,3220,3325,3220,105,3.1579,GLOBAL_BEST,0,123,0,29,1,3,3,-47,350000.0000,0.0000,0,0,0,0,0,0
n012w8-0,n012w8,0,5,500000,100.0,adaptive,2026-07-04T11:59:32+01:00,7,2,80,9,49,0.000000,1145,1190,1145,45,3.7815,LOCAL_BEST,1,123,0,17,7,4,0,47,0.0000,957.4468,0,0,0,0,0,0
n012w8-0,n012w8,0,5,500000,100.0,adaptive,2026-07-04T11:59:32+01:00,7,0,80,10,2,0.000000,3025,3220,3025,195,6.0559,GLOBAL_BEST,0,123,0,44,1,5,1,-47,1950000.0000,0.0000,0,0,0,0,0,0
n012w8-0,n012w8,0,5,500000,100.0,adaptive,2026-07-04T11:59:32+01:00,7,4,80,10,339,0.000000,370,415,370,45,10.8434,GLOBAL_BEST,2,123,0,28,8,6,0,337,0.0000,133.5312,0,0,0,0,0,0
n012w8-0,n012w8,0,5,500000,100.0,adaptive,2026-07-04T11:59:32+01:00,7,3,80,17,295,0.000000,605,620,605,15,2.4194,GLOBAL_BEST,1,123,0,29,15,7,7,-44,21428.5714,0.0000,0,0,0,0,0,0
n012w8-0,n012w8,0,5,500000,100.0,adaptive,2026-07-04T11:59:32+01:00,7,0,80,18,2,0.000000,2860,3025,2860,165,5.4545,GLOBAL_BEST,0,123,0,60,1,8,1,-293,1650000.0000,0.0000,0,0,0,0,0,0
n012w8-0,n012w8,0,5,500000,100.0,adaptive,2026-07-04T11:59:32+01:00,7,0,80,20,2,0.000000,2815,2860,2815,45,1.5734,GLOBAL_BEST,0,123,0,63,1,9,2,0,225000.0000,0.0000,0,0,0,0,0,0
n012w8-0,n012w8,0,5,500000,100.0,adaptive,2026-07-04T11:59:32+01:00,7,2,80,22,49,0.000000,1070,1145,1070,75,6.5502,GLOBAL_BEST,1,123,0,44,16,10,2,47,375000.0000,1595.7447,0,0,0,0,0,0
n012w8-0,n012w8,0,5,500000,100.0,adaptive,2026-07-04T11:59:32+01:00,7,4,80,25,339,0.000000,340,370,340,30,8.1081,GLOBAL_BEST,2,123,0,46,19,11,3,290,100000.0000,103.4483,0,0,0,0,0,0
n012w8-0,n012w8,0,5,500000,100.0,adaptive,2026-07-04T11:59:32+01:00,7,0,80,28,2,0.000000,2620,2815,2620,195,6.9272,GLOBAL_BEST,0,123,0,79,1,12,3,-337,650000.0000,0.0000,0,0,0,0,0,0
n012w8-0,n012w8,0,5,500000,100.0,adaptive,2026-07-04T11:59:32+01:00,7,4,80,28,339,0.000000,335,340,335,5,1.4706,GLOBAL_BEST,2,123,0,51,21,13,0,337,0.0000,14.8368,0,0,0,0,0,0
n012w8-0,n012w8,0,5,500000,100.0,adaptive,2026-07-04T11:59:32+01:00,7,0,80,30,2,0.000000,2390,2620,2390,230,8.7786,GLOBAL_BEST,0,123,0,83,1,14,2,-337,1150000.0000,0.0000,0,0,0,0,0,0
n012w8-0,n012w8,0,5,500000,100.0,adaptive,2026-07-04T11:59:32+01:00,7,0,80,34,2,0.000000,2345,2390,2345,45,1.8828,GLOBAL_BEST,0,123,0,98,1,15,4,0,112500.0000,0.0000,0,0,0,0,0,0
n012w8-0,n012w8,0,5,500000,100.0,adaptive,2026-07-04T11:59:32+01:00,7,2,80,37,49,0.000000,995,1070,995,75,7.0093,GLOBAL_BEST,1,123,0,57,20,16,3,47,250000.0000,1595.7447,0,0,0,0,0,0
n012w8-0,n012w8,0,5,500000,100.0,adaptive,2026-07-04T11:59:32+01:00,7,2,80,38,49,0.000000,980,995,980,15,1.5075,GLOBAL_BEST,1,123,0,58,20,17,1,0,150000.0000,0.0000,0,0,0,0,0,0
n012w8-0,n012w8,0,5,500000,100.0,adaptive,2026-07-04T11:59:32+01:00,7,2,80,39,49,0.000000,935,980,935,45,4.5918,GLOBAL_BEST,1,123,0,61,20,18,1,0,450000.0000,0.0000,0,0,0,0,0,0
n012w8-0,n012w8,0,5,500000,100.0,adaptive,2026-07-04T11:59:32+01:00,7,3,80,42,295,0.000000,485,605,485,120,19.8347,GLOBAL_BEST,1,123,0,76,35,19,3,246,400000.0000,487.8049,0,0,0,0,0,0
n012w8-0,n012w8,0,5,500000,100.0,adaptive,2026-07-04T11:59:32+01:00,7,0,80,59,2,0.000000,2330,2345,2330,15,0.6397,GLOBAL_BEST,0,123,0,155,1,20,17,-293,8823.5294,0.0000,0,0,0,0,0,0
n012w8-0,n012w8,0,5,500000,100.0,adaptive,2026-07-04T11:59:32+01:00,7,0,80,60,2,0.000000,2270,2330,2270,60,2.5751,GLOBAL_BEST,0,123,0,155,1,21,1,0,600000.0000,0.0000,0,0,0,0,0,0
n012w8-0,n012w8,0,5,500000,100.0,adaptive,2026-07-04T11:59:32+01:00,7,0,80,61,2,0.000000,2000,2270,2000,270,11.8943,GLOBAL_BEST,0,123,0,155,1,22,1,0,2700000.0000,0.0000,0,0,0,0,0,0
n012w8-0,n012w8,0,5,500000,100.0,adaptive,2026-07-04T11:59:32+01:00,7,0,80,140,2,0.000000,1960,2000,1960,40,2.0000,GLOBAL_BEST,0,123,0,306,1,23,79,0,5063.2911,0.0000,0,0,0,0,0,0
n012w8-0,n012w8,0,5,500000,100.0,adaptive,2026-07-04T11:59:32+01:00,7,0,80,141,2,0.000000,1870,1960,1870,90,4.5918,GLOBAL_BEST,0,123,0,306,1,24,1,0,900000.0000,0.0000,0,0,0,0,0,0
n012w8-0,n012w8,0,5,500000,100.0,adaptive,2026-07-04T11:59:32+01:00,7,5,80,165,450,0.000000,255,285,255,30,10.5263,GLOBAL_BEST,2,123,0,308,147,25,24,448,12500.0000,66.9643,0,0,0,0,0,0
n012w8-0,n012w8,0,5,500000,100.0,adaptive,2026-07-04T11:59:32+01:00,7,0,80,201,2,0.000000,1865,1870,1865,5,0.2674,GLOBAL_BEST,0,123,0,412,1,26,36,-448,1388.8889,0.0000,0,0,0,0,0,0
n012w8-0,n012w8,0,5,500000,100.0,adaptive,2026-07-04T11:59:32+01:00,7,0,80,264,2,0.000000,1755,1865,1755,110,5.8981,GLOBAL_BEST,0,123,0,541,1,27,63,0,17460.3175,0.0000,0,0,0,0,0,0
n012w8-0,n012w8,0,5,500000,100.0,adaptive,2026-07-04T11:59:32+01:00,7,5,80,275,450,0.000000,240,255,240,15,5.8824,GLOBAL_BEST,2,123,0,478,250,28,11,448,13636.3636,33.4821,0,0,0,0,0,0
n012w8-0,n012w8,0,5,500000,100.0,adaptive,2026-07-04T11:59:32+01:00,7,0,80,888,3,0.000000,1735,1755,1735,20,1.1396,GLOBAL_BEST,0,123,0,1802,1,29,613,-447,326.2643,0.0000,0,0,0,0,0,0
n012w8-0,n012w8,0,5,500000,100.0,adaptive,2026-07-04T11:59:32+01:00,7,6,80,989,513,0.000000,175,205,175,30,14.6341,LOCAL_BEST,3,123,0,1626,923,30,101,510,2970.2970,58.8235,0,0,0,0,0,0
n012w8-0,n012w8,0,5,500000,100.0,adaptive,2026-07-04T11:59:32+01:00,7,3,80,1156,297,0.000000,470,485,470,15,3.0928,GLOBAL_BEST,1,123,0,2072,926,31,167,-216,898.2036,0.0000,0,0,0,0,0,0
n012w8-0,n012w8,0,5,500000,100.0,adaptive,2026-07-04T11:59:32+01:00,7,4,80,1291,341,0.000000,290,335,290,45,13.4328,GLOBAL_BEST,2,123,0,2327,1106,32,135,44,3333.3333,1022.7273,0,0,0,0,0,0
n012w8-0,n012w8,0,5,500000,100.0,adaptive,2026-07-04T11:59:32+01:00,7,0,80,1390,3,0.000000,1655,1735,1655,80,4.6110,GLOBAL_BEST,0,123,0,2849,1,33,99,-338,8080.8081,0.0000,0,0,0,0,0,0
n012w8-0,n012w8,0,5,500000,100.0,adaptive,2026-07-04T11:59:32+01:00,7,0,80,1391,3,0.000000,1595,1655,1595,60,3.6254,GLOBAL_BEST,0,123,0,2854,1,34,1,0,600000.0000,0.0000,0,0,0,0,0,0
n012w8-0,n012w8,0,5,500000,100.0,adaptive,2026-07-04T11:59:32+01:00,7,0,80,1430,3,0.000000,1565,1595,1565,30,1.8809,GLOBAL_BEST,0,123,0,2934,1,35,39,0,7692.3077,0.0000,0,0,0,0,0,0
n012w8-0,n012w8,0,5,500000,100.0,adaptive,2026-07-04T11:59:32+01:00,7,2,80,1897,51,0.000000,880,935,880,55,5.8824,GLOBAL_BEST,1,123,0,3418,1008,36,467,48,1177.7302,1145.8333,0,0,0,0,0,0
n012w8-0,n012w8,0,5,500000,100.0,adaptive,2026-07-04T11:59:32+01:00,7,0,80,2950,6,0.000000,1555,1565,1555,10,0.6390,GLOBAL_BEST,0,123,0,6058,1,37,1053,-45,94.9668,0.0000,0,0,0,0,0,0
n012w8-0,n012w8,0,5,500000,100.0,adaptive,2026-07-04T11:59:32+01:00,7,0,80,2951,6,0.000000,1540,1555,1540,15,0.9646,GLOBAL_BEST,0,123,0,6058,1,38,1,0,150000.0000,0.0000,0,0,0,0,0,0
n012w8-0,n012w8,0,5,500000,100.0,adaptive,2026-07-04T11:59:32+01:00,7,0,80,2952,6,0.000000,1510,1540,1510,30,1.9481,GLOBAL_BEST,0,123,0,6060,1,39,1,0,300000.0000,0.0000,0,0,0,0,0,0
n012w8-0,n012w8,0,5,500000,100.0,adaptive,2026-07-04T11:59:32+01:00,7,0,80,4694,7,0.000000,1505,1510,1505,5,0.3311,GLOBAL_BEST,0,123,0,9743,1,40,1742,1,28.7026,5000.0000,0,0,0,0,0,0
n012w8-0,n012w8,0,5,500000,100.0,adaptive,2026-07-04T11:59:32+01:00,7,0,80,5049,7,0.000000,1425,1505,1425,80,5.3156,GLOBAL_BEST,0,123,0,10517,1,41,355,0,2253.5211,0.0000,0,0,0,0,0,0
n012w8-0,n012w8,0,5,500000,100.0,adaptive,2026-07-04T11:59:32+01:00,7,5,80,6863,459,0.000000,225,240,225,15,6.2500,GLOBAL_BEST,2,123,0,11845,6142,42,1814,452,82.6902,33.1858,0,0,0,0,0,0
n012w8-0,n012w8,0,5,500000,100.0,adaptive,2026-07-04T11:59:32+01:00,7,3,80,7600,306,0.000000,455,470,455,15,3.1915,GLOBAL_BEST,1,123,0,13311,6078,43,737,-153,203.5278,0.0000,0,0,0,0,0,0
n012w8-0,n012w8,0,5,500000,100.0,adaptive,2026-07-04T11:59:32+01:00,7,0,80,9044,14,0.000000,1395,1425,1395,30,2.1053,GLOBAL_BEST,0,123,0,18912,1,44,1444,-292,207.7562,0.0000,0,0,0,0,0,0
n012w8-0,n012w8,0,5,500000,100.0,adaptive,2026-07-04T11:59:32+01:00,7,3,80,9394,308,0.000000,435,455,435,20,4.3956,GLOBAL_BEST,1,123,0,16510,7447,45,350,294,571.4286,68.0272,0,0,0,0,0,0
n012w8-0,n012w8,0,5,500000,100.0,adaptive,2026-07-04T11:59:32+01:00,7,2,80,10574,64,0.000000,795,880,795,85,9.6591,GLOBAL_BEST,1,123,0,19796,5658,46,1180,-244,720.3390,0.0000,0,0,0,0,0,0
n012w8-0,n012w8,0,5,500000,100.0,adaptive,2026-07-04T11:59:32+01:00,7,5,80,10849,464,0.000000,210,225,210,15,6.6667,GLOBAL_BEST,2,123,0,18646,9699,47,275,400,545.4545,37.5000,0,0,0,0,0,0
n012w8-0,n012w8,0,5,500000,100.0,adaptive,2026-07-04T11:59:32+01:00,7,0,80,13164,21,0.000000,1325,1395,1325,70,5.0179,GLOBAL_BEST,0,123,0,27833,1,48,2315,-443,302.3758,0.0000,0,0,0,0,0,0
n012w8-0,n012w8,0,5,500000,100.0,adaptive,2026-07-04T11:59:32+01:00,7,0,80,14232,23,0.000000,1320,1325,1320,5,0.3774,GLOBAL_BEST,0,123,0,30035,1,49,1068,2,46.8165,2500.0000,0,0,0,0,0,0
n012w8-0,n012w8,0,5,500000,100.0,adaptive,2026-07-04T11:59:32+01:00,7,2,80,22327,81,0.000000,750,795,750,45,5.6604,GLOBAL_BEST,1,123,0,41969,11999,50,8095,58,55.5899,775.8621,0,0,0,0,0,0
n012w8-0,n012w8,0,5,500000,100.0,adaptive,2026-07-04T11:59:32+01:00,7,2,80,22328,81,0.000000,720,750,720,30,4.0000,GLOBAL_BEST,1,123,0,41972,11999,51,1,0,300000.0000,0.0000,0,0,0,0,0,0
n012w8-0,n012w8,0,5,500000,100.0,adaptive,2026-07-04T11:59:32+01:00,7,2,80,22329,81,0.000000,630,720,630,90,12.5000,GLOBAL_BEST,1,123,0,41974,11999,52,1,0,900000.0000,0.0000,0,0,0,0,0,0
n012w8-0,n012w8,0,5,500000,100.0,adaptive,2026-07-04T11:59:32+01:00,7,0,80,31543,49,0.000000,1235,1320,1235,85,6.4394,GLOBAL_BEST,0,123,0,65860,2345,53,9214,-32,92.2509,0.0000,0,0,0,0,0,0
n012w8-0,n012w8,0,5,500000,100.0,adaptive,2026-07-04T11:59:32+01:00,7,0,80,31545,49,0.000000,1080,1235,1080,155,12.5506,GLOBAL_BEST,0,123,0,65865,2345,54,2,0,775000.0000,0.0000,0,0,0,0,0,0
n012w8-0,n012w8,0,5,500000,100.0,adaptive,2026-07-04T11:59:32+01:00,7,3,80,31855,339,0.000000,415,435,415,20,4.5977,GLOBAL_BEST,1,123,0,55857,25228,55,310,290,645.1613,68.9655,0,0,0,0,0,0
n012w8-0,n012w8,0,5,500000,100.0,adaptive,2026-07-04T11:59:32+01:00,7,3,80,34282,342,0.000000,395,415,395,20,4.8193,LOCAL_BEST,1,123,0,60152,27097,56,2427,3,82.4063,6666.6667,0,0,0,0,0,0
n012w8-0,n012w8,0,5,500000,100.0,adaptive,2026-07-04T11:59:32+01:00,7,5,80,49370,511,0.000000,205,210,205,5,2.3810,GLOBAL_BEST,2,123,0,86502,44344,57,15088,169,3.3139,29.5858,0,0,0,0,0,0
n012w8-0,n012w8,0,5,500000,100.0,adaptive,2026-07-04T11:59:32+01:00,7,5,80,49439,511,0.000000,175,205,175,30,14.6341,GLOBAL_BEST,2,123,0,86598,44406,58,69,0,4347.8261,0.0000,0,0,0,0,0,0
n012w8-0,n012w8,0,5,500000,100.0,adaptive,2026-07-04T11:59:32+01:00,7,3,80,49651,363,0.000000,385,395,385,10,2.5316,LOCAL_BEST,1,123,0,87785,39266,59,212,-148,471.6981,0.0000,0,0,0,0,0,0
n012w8-0,n012w8,0,5,500000,100.0,adaptive,2026-07-04T11:59:32+01:00,7,3,80,82801,408,0.000000,375,385,375,10,2.5974,LOCAL_BEST,1,123,0,146872,65659,60,33150,45,3.0166,222.2222,0,0,0,0,0,0
n012w8-0,n012w8,0,5,500000,100.0,adaptive,2026-07-04T11:59:32+01:00,7,4,80,84902,449,0.000000,285,290,285,5,1.7241,GLOBAL_BEST,2,123,0,146923,72897,61,2101,41,23.7982,121.9512,0,0,0,0,0,0
n012w8-0,n012w8,0,5,500000,100.0,adaptive,2026-07-04T11:59:32+01:00,7,4,80,93294,461,0.000000,280,285,280,5,1.7544,LOCAL_BEST,2,123,0,161580,80056,62,8392,12,5.9581,416.6667,0,0,0,0,0,0
n012w8-0,n012w8,0,5,500000,100.0,adaptive,2026-07-04T11:59:32+01:00,7,0,80,96315,146,0.000000,1055,1080,1055,25,2.3148,LOCAL_BEST,0,123,0,195132,20992,63,3021,-315,82.7541,0.0000,0,0,0,0,0,0
n012w8-0,n012w8,0,5,500000,100.0,adaptive,2026-07-04T11:59:32+01:00,7,3,80,99143,430,0.000000,355,375,355,20,5.3333,LOCAL_BEST,1,123,0,175429,78691,64,2828,284,70.7214,70.4225,0,0,0,0,0,0
n012w8-0,n012w8,0,5,500000,100.0,adaptive,2026-07-04T11:59:32+01:00,7,0,80,100454,151,0.000000,1040,1055,1040,15,1.4218,LOCAL_BEST,0,123,0,203523,22473,65,1311,-279,114.4165,0.0000,0,0,0,0,0,0
n012w8-0,n012w8,0,5,500000,100.0,adaptive,2026-07-04T11:59:32+01:00,7,4,80,105692,477,0.000000,275,280,275,5,1.7857,LOCAL_BEST,2,123,0,182907,90819,66,5238,326,9.5456,15.3374,0,0,0,0,0,0
n012w8-0,n012w8,0,5,500000,100.0,adaptive,2026-07-04T11:59:32+01:00,7,0,80,107322,161,0.000000,970,1040,970,70,6.7308,LOCAL_BEST,0,123,0,216902,24913,67,1630,-316,429.4479,0.0000,0,0,0,0,0,0
n012w8-0,n012w8,0,5,500000,100.0,adaptive,2026-07-04T11:59:32+01:00,7,4,80,116326,490,0.000000,265,275,265,10,3.6364,LOCAL_BEST,2,123,0,201092,99954,68,9004,329,11.1062,30.3951,0,0,0,0,0,0
n012w8-0,n012w8,0,5,500000,100.0,adaptive,2026-07-04T11:59:32+01:00,7,0,80,135752,203,0.000000,925,970,925,45,4.6392,LOCAL_BEST,0,123,0,272467,36195,69,19426,-287,23.1648,0.0000,0,0,0,0,0,0
n012w8-0,n012w8,0,5,500000,100.0,adaptive,2026-07-04T11:59:32+01:00,7,0,80,135754,203,0.000000,880,925,880,45,4.8649,LOCAL_BEST,0,123,0,272468,36195,70,2,0,225000.0000,0.0000,0,0,0,0,0,0
n012w8-0,n012w8,0,5,500000,100.0,adaptive,2026-07-04T11:59:32+01:00,7,4,80,146191,528,0.000000,250,265,250,15,5.6604,LOCAL_BEST,2,123,0,252258,125957,71,10437,325,14.3719,46.1538,0,0,0,0,0,0
n012w8-0,n012w8,0,5,500000,100.0,adaptive,2026-07-04T11:59:32+01:00,7,3,80,148876,496,0.000000,350,355,350,5,1.4085,LOCAL_BEST,1,123,0,263116,119055,72,2685,-32,18.6220,0.0000,0,0,0,0,0,0
n012w8-0,n012w8,0,5,500000,100.0,adaptive,2026-07-04T11:59:32+01:00,7,3,80,162568,514,0.000000,325,350,325,25,7.1429,LOCAL_BEST,1,123,0,287418,130131,73,13692,18,18.2588,1388.8889,0,0,0,0,0,0
n012w8-0,n012w8,0,5,500000,100.0,adaptive,2026-07-04T11:59:32+01:00,7,2,80,176123,295,0.000000,620,630,620,10,1.5873,GLOBAL_BEST,1,123,0,329017,105193,74,13555,-219,7.3774,0.0000,0,0,0,0,0,0
n012w8-0,n012w8,0,5,500000,100.0,adaptive,2026-07-04T11:59:32+01:00,7,2,80,200477,329,0.000000,590,620,590,30,4.8387,LOCAL_BEST,1,123,0,373042,121242,75,24354,34,12.3183,882.3529,0,0,0,0,0,0
n012w8-0,n012w8,0,5,500000,100.0,adaptive,2026-07-04T11:59:32+01:00,7,0,80,210211,314,0.000000,845,880,845,35,3.9773,LOCAL_BEST,0,123,0,415975,70786,76,9734,-15,35.9564,0.0000,0,0,0,0,0,0
n012w8-0,n012w8,0,5,500000,100.0,adaptive,2026-07-04T11:59:32+01:00,7,0,80,213295,317,0.000000,795,845,795,50,5.9172,LOCAL_BEST,0,123,0,421855,72306,77,3084,3,162.1271,16666.6667,0,0,0,0,0,0
n012w8-0,n012w8,0,5,500000,100.0,adaptive,2026-07-04T11:59:32+01:00,7,4,80,223593,627,0.000000,230,250,230,20,8.0000,LOCAL_BEST,2,123,0,385796,193798,78,10298,310,19.4212,64.5161,0,0,0,0,0,0
n012w8-0,n012w8,0,5,500000,100.0,adaptive,2026-07-04T11:59:32+01:00,7,4,80,223594,627,0.000000,200,230,200,30,13.0435,LOCAL_BEST,2,123,0,385800,193798,79,1,0,300000.0000,0.0000,0,0,0,0,0,0
n012w8-0,n012w8,0,5,500000,100.0,adaptive,2026-07-04T11:59:32+01:00,7,3,80,272421,660,0.000000,295,325,295,30,9.2308,LOCAL_BEST,1,123,0,476042,222234,80,48827,33,6.1441,909.0909,0,0,0,0,0,0
n012w8-0,n012w8,0,5,500000,100.0,adaptive,2026-07-04T11:59:32+01:00,7,2,80,275603,432,0.000000,585,590,585,5,0.8475,LOCAL_BEST,1,123,0,509646,173028,81,3182,-228,15.7134,0.0000,0,0,0,0,0,0
n012w8-0,n012w8,0,5,500000,100.0,adaptive,2026-07-04T11:59:32+01:00,7,0,80,276094,408,0.000000,790,795,790,5,0.6289,LOCAL_BEST,0,123,0,540579,105518,82,491,-24,101.8330,0.0000,0,0,0,0,0,0
n012w8-0,n012w8,0,5,500000,100.0,adaptive,2026-07-04T11:59:32+01:00,7,0,80,288147,426,0.000000,730,790,730,60,7.5949,LOCAL_BEST,0,123,0,563327,112416,83,12053,18,49.7801,3333.3333,0,0,0,0,0,0
n012w8-0,n012w8,0,5,500000,100.0,adaptive,2026-07-04T11:59:32+01:00,7,2,80,295576,460,0.000000,575,585,575,10,1.7094,LOCAL_BEST,1,123,0,546616,187256,84,7429,34,13.4608,294.1176,0,0,0,0,0,0
n012w8-0,n012w8,0,5,500000,100.0,adaptive,2026-07-04T11:59:32+01:00,7,2,80,315693,487,0.000000,545,575,545,30,5.2174,LOCAL_BEST,1,123,0,583489,201520,85,20117,27,14.9128,1111.1111,0,0,0,0,0,0
n012w8-0,n012w8,0,5,500000,100.0,adaptive,2026-07-04T11:59:32+01:00,7,2,80,329097,506,0.000000,525,545,525,20,3.6697,LOCAL_BEST,1,123,0,607762,211158,86,13404,19,14.9209,1052.6316,0,0,0,0,0,0
n012w8-0,n012w8,0,5,500000,100.0,adaptive,2026-07-04T11:59:32+01:00,7,2,80,337179,517,0.000000,495,525,495,30,5.7143,LOCAL_BEST,1,123,0,622289,216975,87,8082,11,37.1195,2727.2727,0,0,0,0,0,0
n012w8-0,n012w8,0,5,500000,100.0,adaptive,2026-07-04T11:59:32+01:00,7,0,80,343613,504,0.000000,690,730,690,40,5.4795,LOCAL_BEST,0,123,0,667265,145104,88,6434,-13,62.1697,0.0000,0,0,0,0,0,0
n012w8-0,n012w8,0,5,500000,100.0,adaptive,2026-07-04T11:59:32+01:00,7,0,80,363932,533,0.000000,655,690,655,35,5.0725,LOCAL_BEST,0,123,0,706090,157734,89,20319,29,17.2253,1206.8966,0,0,0,0,0,0
n012w8-0,n012w8,0,5,500000,100.0,adaptive,2026-07-04T11:59:32+01:00,7,2,80,366487,556,0.000000,470,495,470,25,5.0505,LOCAL_BEST,1,123,0,676083,238252,90,2555,23,97.8474,1086.9565,0,0,0,0,0,0
n012w8-0,n012w8,0,5,500000,100.0,adaptive,2026-07-04T11:59:32+01:00,7,2,80,366498,556,0.000000,445,470,445,25,5.3191,LOCAL_BEST,1,123,0,676101,238259,91,11,0,22727.2727,0.0000,0,0,0,0,0,0
n012w8-0,n012w8,0,5,500000,100.0,adaptive,2026-07-04T11:59:32+01:00,7,3,80,404748,838,0.000000,280,295,280,15,5.0847,LOCAL_BEST,1,123,0,704224,333589,92,38250,282,3.9216,53.1915,0,0,0,0,0,0
n012w8-0,n012w8,0,5,500000,100.0,adaptive,2026-07-04T11:59:32+01:00,7,3,80,416296,854,0.000000,275,280,275,5,1.7857,LOCAL_BEST,1,123,0,723426,343133,93,11548,16,4.3298,312.5000,0,0,0,0,0,0
n012w8-0,n012w8,0,5,500000,100.0,adaptive,2026-07-04T11:59:32+01:00,7,3,80,417997,858,0.000000,265,275,265,10,3.6364,LOCAL_BEST,1,123,0,726175,344532,94,1701,4,58.7889,2500.0000,0,0,0,0,0,0
n012w8-0,n012w8,0,5,500000,100.0,adaptive,2026-07-04T11:59:32+01:00,7,0,80,424782,625,0.000000,640,655,640,15,2.2901,LOCAL_BEST,0,123,0,818673,196632,95,6785,-233,22.1076,0.0000,0,0,0,0,0,0
n012w8-0,n012w8,0,5,500000,100.0,adaptive,2026-07-04T11:59:32+01:00,7,0,80,439505,646,0.000000,610,640,610,30,4.6875,LOCAL_BEST,0,123,0,845482,206233,96,14723,21,20.3763,1428.5714,0,0,0,0,0,0
n012w8-0,n012w8,0,5,500000,100.0,adaptive,2026-07-04T11:59:32+01:00,7,0,80,469941,688,0.000000,600,610,600,10,1.6393,LOCAL_BEST,0,123,0,901435,226415,97,30436,42,3.2856,238.0952,0,0,0,0,0,0
n012w8-0,n012w8,0,5,500000,100.0,adaptive,2026-07-04T11:59:32+01:00,7,2,80,474972,704,0.000000,435,445,435,10,2.2472,LOCAL_BEST,1,123,0,869810,320534,98,5031,16,19.8768,625.0000,0,0,0,0,0,0
n012w8-0,n012w8,0,5,500000,100.0,adaptive,2026-07-04T11:59:32+01:00,7,0,80,484150,708,0.000000,550,600,550,50,8.3333,LOCAL_BEST,0,123,0,927805,236080,99,9178,4,54.4781,12500.0000,0,0,0,0,0,0
n012w8-0,n012w8,0,5,500000,100.0,adaptive,2026-07-04T11:59:32+01:00,8,0,92,2,0,0.000000,4835,4865,4835,30,0.6166,GLOBAL_BEST,0,123,0,1,1,1,2,0,150000.0000,0.0000,0,0,0,0,0,0
n012w8-0,n012w8,0,5,500000,100.0,adaptive,2026-07-04T11:59:32+01:00,8,0,92,3,0,0.000000,4805,4835,4805,30,0.6205,GLOBAL_BEST,0,123,0,4,1,2,1,0,300000.0000,0.0000,0,0,0,0,0,0
n012w8-0,n012w8,0,5,500000,100.0,adaptive,2026-07-04T11:59:32+01:00,8,0,92,4,0,0.000000,4640,4805,4640,165,3.4339,GLOBAL_BEST,0,123,0,5,1,3,1,0,1650000.0000,0.0000,0,0,0,0,0,0
n012w8-0,n012w8,0,5,500000,100.0,adaptive,2026-07-04T11:59:32+01:00,8,0,92,5,0,0.000000,4510,4640,4510,130,2.8017,GLOBAL_BEST,0,123,0,6,1,4,1,0,1300000.0000,0.0000,0,0,0,0,0,0
n012w8-0,n012w8,0,5,500000,100.0,adaptive,2026-07-04T11:59:32+01:00,8,2,92,5,50,0.000000,2680,2765,2680,85,3.0741,GLOBAL_BEST,1,123,0,10,3,5,0,50,0.0000,1700.0000,0,0,0,0,0,0
n012w8-0,n012w8,0,5,500000,100.0,adaptive,2026-07-04T11:59:32+01:00,8,2,92,6,50,0.000000,2650,2680,2650,30,1.1194,GLOBAL_BEST,1,123,0,11,3,6,1,0,300000.0000,0.0000,0,0,0,0,0,0
n012w8-0,n012w8,0,5,500000,100.0,adaptive,2026-07-04T11:59:32+01:00,8,3,92,10,114,0.000000,2270,2360,2270,90,3.8136,GLOBAL_BEST,1,123,0,6,9,7,4,64,225000.0000,1406.2500,0,0,0,0,0,0
n012w8-0,n012w8,0,5,500000,100.0,adaptive,2026-07-04T11:59:32+01:00,8,0,92,11,0,0.000000,4445,4510,4445,65,1.4412,GLOBAL_BEST,0,123,0,16,1,8,1,-114,650000.0000,0.0000,0,0,0,0,0,0
n012w8-0,n012w8,0,5,500000,100.0,adaptive,2026-07-04T11:59:32+01:00,8,0,92,12,0,0.000000,4225,4445,4225,220,4.9494,GLOBAL_BEST,0,123,0,23,1,9,1,0,2200000.0000,0.0000,0,0,0,0,0,0
n012w8-0,n012w8,0,5,500000,100.0,adaptive,2026-07-04T11:59:32+01:00,8,4,92,14,167,0.000000,2055,2070,2055,15,0.7246,GLOBAL_BEST,2,123,0,16,12,10,2,167,75000.0000,89.8204,0,0,0,0,0,0
n012w8-0,n012w8,0,5,500000,100.0,adaptive,2026-07-04T11:59:32+01:00,8,0,92,16,0,0.000000,4200,4225,4200,25,0.5917,GLOBAL_BEST,0,123,0,29,1,11,2,-167,125000.0000,0.0000,0,0,0,0,0,0
n012w8-0,n012w8,0,5,500000,100.0,adaptive,2026-07-04T11:59:32+01:00,8,0,92,18,0,0.000000,4075,4200,4075,125,2.9762,GLOBAL_BEST,0,123,0,30,1,12,2,0,625000.0000,0.0000,0,0,0,0,0,0
n012w8-0,n012w8,0,5,500000,100.0,adaptive,2026-07-04T11:59:32+01:00,8,0,92,19,0,0.000000,3915,4075,3915,160,3.9264,GLOBAL_BEST,0,123,0,34,1,13,1,0,1600000.0000,0.0000,0,0,0,0,0,0
n012w8-0,n012w8,0,5,500000,100.0,adaptive,2026-07-04T11:59:32+01:00,8,4,92,26,167,0.000000,2040,2055,2040,15,0.7299,GLOBAL_BEST,2,123,0,31,20,14,7,167,21428.5714,89.8204,0,0,0,0,0,0
n012w8-0,n012w8,0,5,500000,100.0,adaptive,2026-07-04T11:59:32+01:00,8,0,92,46,0,0.000000,3835,3915,3835,80,2.0434,GLOBAL_BEST,0,123,0,95,1,15,20,-167,40000.0000,0.0000,0,0,0,0,0,0
n012w8-0,n012w8,0,5,500000,100.0,adaptive,2026-07-04T11:59:32+01:00,8,0,92,48,0,0.000000,3810,3835,3810,25,0.6519,GLOBAL_BEST,0,123,0,98,1,16,2,0,125000.0000,0.0000,0,0,0,0,0,0
n012w8-0,n012w8,0,5,500000,100.0,adaptive,2026-07-04T11:59:32+01:00,8,0,92,49,0,0.000000,3690,3810,3690,120,3.1496,GLOBAL_BEST,0,123,0,99,1,17,1,0,1200000.0000,0.0000,0,0,0,0,0,0
n012w8-0,n012w8,0,5,500000,100.0,adaptive,2026-07-04T11:59:32+01:00,8,0,92,55,0,0.000000,3685,3690,3685,5,0.1355,GLOBAL_BEST,0,123,0,115,1,18,6,0,8333.3333,0.0000,0,0,0,0,0,0
n012w8-0,n012w8,0,5,500000,100.0,adaptive,2026-07-04T11:59:32+01:00,8,0,92,56,0,0.000000,3655,3685,3655,30,0.8141,GLOBAL_BEST,0,123,0,115,1,19,1,0,300000.0000,0.0000,0,0,0,0,0,0
n012w8-0,n012w8,0,5,500000,100.0,adaptive,2026-07-04T11:59:32+01:00,8,0,92,57,0,0.000000,3520,3655,3520,135,3.6936,GLOBAL_BEST,0,123,0,115,1,20,1,0,1350000.0000,0.0000,0,0,0,0,0,0
n012w8-0,n012w8,0,5,500000,100.0,adaptive,2026-07-04T11:59:32+01:00,8,0,92,58,0,0.000000,3505,3520,3505,15,0.4261,GLOBAL_BEST,0,123,0,116,1,21,1,0,150000.0000,0.0000,0,0,0,0,0,0
n012w8-0,n012w8,0,5,500000,100.0,adaptive,2026-07-04T11:59:32+01:00,8,3,92,59,114,0.000000,2265,2270,2265,5,0.2203,GLOBAL_BEST,1,123,0,123,40,22,1,114,50000.0000,43.8596,0,0,0,0,0,0
n012w8-0,n012w8,0,5,500000,100.0,adaptive,2026-07-04T11:59:32+01:00,8,0,92,72,0,0.000000,3460,3505,3460,45,1.2839,GLOBAL_BEST,0,123,0,148,1,23,13,-114,34615.3846,0.0000,0,0,0,0,0,0
n012w8-0,n012w8,0,5,500000,100.0,adaptive,2026-07-04T11:59:32+01:00,8,4,92,78,167,0.000000,1965,2040,1965,75,3.6765,GLOBAL_BEST,2,123,0,92,64,24,6,167,125000.0000,449.1018,0,0,0,0,0,0
n012w8-0,n012w8,0,5,500000,100.0,adaptive,2026-07-04T11:59:32+01:00,8,2,92,81,50,0.000000,2580,2650,2580,70,2.6415,GLOBAL_BEST,1,123,0,131,47,25,3,-117,233333.3333,0.0000,0,0,0,0,0,0
n012w8-0,n012w8,0,5,500000,100.0,adaptive,2026-07-04T11:59:32+01:00,8,2,92,82,50,0.000000,2500,2580,2500,80,3.1008,GLOBAL_BEST,1,123,0,131,47,26,1,0,800000.0000,0.0000,0,0,0,0,0,0
n012w8-0,n012w8,0,5,500000,100.0,adaptive,2026-07-04T11:59:32+01:00,8,0,92,87,0,0.000000,3440,3460,3440,20,0.5780,GLOBAL_BEST,0,123,0,167,1,27,5,-50,40000.0000,0.0000,0,0,0,0,0,0
n012w8-0,n012w8,0,5,500000,100.0,adaptive,2026-07-04T11:59:32+01:00,8,0,92,88,0,0.000000,3410,3440,3410,30,0.8721,GLOBAL_BEST,0,123,0,167,1,28,1,0,300000.0000,0.0000,0,0,0,0,0,0
n012w8-0,n012w8,0,5,500000,100.0,adaptive,2026-07-04T11:59:32+01:00,8,5,92,105,242,0.000000,1865,1880,1865,15,0.7979,GLOBAL_BEST,2,123,0,148,94,29,17,242,8823.5294,61.9835,0,0,0,0,0,0
n012w8-0,n012w8,0,5,500000,100.0,adaptive,2026-07-04T11:59:32+01:00,8,0,92,137,0,0.000000,3385,3410,3385,25,0.7331,GLOBAL_BEST,0,123,0,267,1,30,32,-242,7812.5000,0.0000,0,0,0,0,0,0
n012w8-0,n012w8,0,5,500000,100.0,adaptive,2026-07-04T11:59:32+01:00,8,6,92,245,409,0.000000,1740,1750,1740,10,0.5714,LOCAL_BEST,3,123,0,401,230,31,108,409,925.9259,24.4499,0,0,0,0,0,0
n012w8-0,n012w8,0,5,500000,100.0,adaptive,2026-07-04T11:59:32+01:00,8,0,92,272,0,0.000000,3345,3385,3345,40,1.1817,GLOBAL_BEST,0,123,0,490,1,32,27,-409,14814.8148,0.0000,0,0,0,0,0,0
n012w8-0,n012w8,0,5,500000,100.0,adaptive,2026-07-04T11:59:32+01:00,8,6,92,290,409,0.000000,1735,1740,1735,5,0.2874,GLOBAL_BEST,3,123,0,455,268,33,18,409,2777.7778,12.2249,0,0,0,0,0,0
n012w8-0,n012w8,0,5,500000,100.0,adaptive,2026-07-04T11:59:32+01:00,8,0,92,305,0,0.000000,3295,3345,3295,50,1.4948,GLOBAL_BEST,0,123,0,554,1,34,15,-409,33333.3333,0.0000,0,0,0,0,0,0
n012w8-0,n012w8,0,5,500000,100.0,adaptive,2026-07-04T11:59:32+01:00,8,0,92,307,0,0.000000,3225,3295,3225,70,2.1244,GLOBAL_BEST,0,123,0,559,1,35,2,0,350000.0000,0.0000,0,0,0,0,0,0
n012w8-0,n012w8,0,5,500000,100.0,adaptive,2026-07-04T11:59:32+01:00,8,0,92,310,0,0.000000,3190,3225,3190,35,1.0853,GLOBAL_BEST,0,123,0,570,1,36,3,0,116666.6667,0.0000,0,0,0,0,0,0
n012w8-0,n012w8,0,5,500000,100.0,adaptive,2026-07-04T11:59:32+01:00,8,0,92,312,0,0.000000,3095,3190,3095,95,2.9781,GLOBAL_BEST,0,123,0,576,1,37,2,0,475000.0000,0.0000,0,0,0,0,0,0
n012w8-0,n012w8,0,5,500000,100.0,adaptive,2026-07-04T11:59:32+01:00,8,3,92,366,114,0.000000,2195,2265,2195,70,3.0905,GLOBAL_BEST,1,123,0,616,257,38,54,114,12962.9630,614.0351,0,0,0,0,0,0
n012w8-0,n012w8,0,5,500000,100.0,adaptive,2026-07-04T11:59:32+01:00,8,2,92,417,50,0.000000,2495,2500,2495,5,0.2000,GLOBAL_BEST,1,123,0,766,199,39,51,-64,980.3922,0.0000,0,0,0,0,0,0
n012w8-0,n012w8,0,5,500000,100.0,adaptive,2026-07-04T11:59:32+01:00,8,5,92,439,243,0.000000,1810,1865,1810,55,2.9491,GLOBAL_BEST,2,123,0,657,398,40,22,193,25000.0000,284.9741,0,0,0,0,0,0
n012w8-0,n012w8,0,5,500000,100.0,adaptive,2026-07-04T11:59:32+01:00,8,2,92,668,51,0.000000,2490,2495,2490,5,0.2004,GLOBAL_BEST,1,123,0,1299,324,41,229,-192,218.3406,0.0000,0,0,0,0,0,0
n012w8-0,n012w8,0,5,500000,100.0,adaptive,2026-07-04T11:59:32+01:00,8,2,92,669,51,0.000000,2470,2490,2470,20,0.8032,GLOBAL_BEST,1,123,0,1304,324,42,1,0,200000.0000,0.0000,0,0,0,0,0,0
n012w8-0,n012w8,0,5,500000,100.0,adaptive,2026-07-04T11:59:32+01:00,8,2,92,670,51,0.000000,2455,2470,2455,15,0.6073,GLOBAL_BEST,1,123,0,1304,324,43,1,0,150000.0000,0.0000,0,0,0,0,0,0
n012w8-0,n012w8,0,5,500000,100.0,adaptive,2026-07-04T11:59:32+01:00,8,6,92,820,410,0.000000,1730,1735,1730,5,0.2882,GLOBAL_BEST,3,123,0,1235,750,44,150,359,333.3333,13.9276,0,0,0,0,0,0
n012w8-0,n012w8,0,5,500000,100.0,adaptive,2026-07-04T11:59:32+01:00,8,0,92,1485,3,0.000000,3050,3095,3050,45,1.4540,GLOBAL_BEST,0,123,0,2574,1,45,665,-407,676.6917,0.0000,0,0,0,0,0,0
n012w8-0,n012w8,0,5,500000,100.0,adaptive,2026-07-04T11:59:32+01:00,8,0,92,1486,3,0.000000,3035,3050,3035,15,0.4918,GLOBAL_BEST,0,123,0,2580,1,46,1,0,150000.0000,0.0000,0,0,0,0,0,0
n012w8-0,n012w8,0,5,500000,100.0,adaptive,2026-07-04T11:59:32+01:00,8,0,92,1487,3,0.000000,3030,3035,3030,5,0.1647,GLOBAL_BEST,0,123,0,2585,1,47,1,0,50000.0000,0.0000,0,0,0,0,0,0
n012w8-0,n012w8,0,5,500000,100.0,adaptive,2026-07-04T11:59:32+01:00,8,0,92,1498,3,0.000000,3000,3030,3000,30,0.9901,GLOBAL_BEST,0,123,0,2612,1,48,11,0,27272.7273,0.0000,0,0,0,0,0,0
n012w8-0,n012w8,0,5,500000,100.0,adaptive,2026-07-04T11:59:32+01:00,8,0,92,1499,3,0.000000,2980,3000,2980,20,0.6667,GLOBAL_BEST,0,123,0,2612,1,49,1,0,200000.0000,0.0000,0,0,0,0,0,0
n012w8-0,n012w8,0,5,500000,100.0,adaptive,2026-07-04T11:59:32+01:00,8,0,92,1500,3,0.000000,2935,2980,2935,45,1.5101,GLOBAL_BEST,0,123,0,2615,1,50,1,0,450000.0000,0.0000,0,0,0,0,0,0
n012w8-0,n012w8,0,5,500000,100.0,adaptive,2026-07-04T11:59:32+01:00,8,3,92,1872,117,0.000000,2170,2195,2170,25,1.1390,GLOBAL_BEST,1,123,0,2899,1299,51,372,114,672.0430,219.2982,0,0,0,0,0,0
n012w8-0,n012w8,0,5,500000,100.0,adaptive,2026-07-04T11:59:32+01:00,8,5,92,1936,245,0.000000,1785,1810,1785,25,1.3812,GLOBAL_BEST,2,123,0,3041,1706,52,64,128,3906.2500,195.3125,0,0,0,0,0,0
n012w8-0,n012w8,0,5,500000,100.0,adaptive,2026-07-04T11:59:32+01:00,8,3,92,2109,117,0.000000,2125,2170,2125,45,2.0737,GLOBAL_BEST,1,123,0,3249,1466,53,173,-128,2601.1561,0.0000,0,0,0,0,0,0
n012w8-0,n012w8,0,5,500000,100.0,adaptive,2026-07-04T11:59:32+01:00,8,4,92,2921,171,0.000000,1960,1965,1960,5,0.2545,GLOBAL_BEST,2,123,0,4435,2222,54,812,54,61.5764,92.5926,0,0,0,0,0,0
n012w8-0,n012w8,0,5,500000,100.0,adaptive,2026-07-04T11:59:32+01:00,8,6,92,3090,413,0.000000,1725,1730,1725,5,0.2890,LOCAL_BEST,3,123,0,4846,2836,55,169,242,295.8580,20.6612,0,0,0,0,0,0
n012w8-0,n012w8,0,5,500000,100.0,adaptive,2026-07-04T11:59:32+01:00,8,0,92,4124,6,0.000000,2915,2935,2915,20,0.6814,GLOBAL_BEST,0,123,0,7363,1,56,1034,-407,193.4236,0.0000,0,0,0,0,0,0
n012w8-0,n012w8,0,5,500000,100.0,adaptive,2026-07-04T11:59:32+01:00,8,4,92,4299,174,0.000000,1955,1960,1955,5,0.2551,GLOBAL_BEST,2,123,0,6405,3307,57,175,168,285.7143,29.7619,0,0,0,0,0,0
n012w8-0,n012w8,0,5,500000,100.0,adaptive,2026-07-04T11:59:32+01:00,8,2,92,5332,57,0.000000,2450,2455,2450,5,0.2037,GLOBAL_BEST,1,123,0,8836,2710,58,1033,-117,48.4027,0.0000,0,0,0,0,0,0
n012w8-0,n012w8,0,5,500000,100.0,adaptive,2026-07-04T11:59:32+01:00,8,2,92,5335,57,0.000000,2445,2450,2445,5,0.2041,GLOBAL_BEST,1,123,0,8848,2710,59,3,0,16666.6667,0.0000,0,0,0,0,0,0
n012w8-0,n012w8,0,5,500000,100.0,adaptive,2026-07-04T11:59:32+01:00,8,5,92,5707,250,0.000000,1755,1785,1755,30,1.6807,GLOBAL_BEST,2,123,0,8728,4838,60,372,193,806.4516,155.4404,0,0,0,0,0,0
n012w8-0,n012w8,0,5,500000,100.0,adaptive,2026-07-04T11:59:32+01:00,8,4,92,7747,179,0.000000,1930,1955,1930,25,1.2788,GLOBAL_BEST,2,123,0,11832,6031,61,2040,-71,122.5490,0.0000,0,0,0,0,0,0
n012w8-0,n012w8,0,5,500000,100.0,adaptive,2026-07-04T11:59:32+01:00,8,0,92,11206,19,0.000000,2790,2915,2790,125,4.2882,GLOBAL_BEST,0,123,0,20173,1,62,3459,-160,361.3761,0.0000,0,0,0,0,0,0
n012w8-0,n012w8,0,5,500000,100.0,adaptive,2026-07-04T11:59:32+01:00,8,3,92,15515,138,0.000000,2105,2125,2105,20,0.9412,GLOBAL_BEST,1,123,0,24411,10723,63,4309,119,46.4145,168.0672,0,0,0,0,0,0
n012w8-0,n012w8,0,5,500000,100.0,adaptive,2026-07-04T11:59:32+01:00,8,2,92,15546,74,0.000000,2365,2445,2365,80,3.2720,GLOBAL_BEST,1,123,0,26445,8042,64,31,-64,25806.4516,0.0000,0,0,0,0,0,0
n012w8-0,n012w8,0,5,500000,100.0,adaptive,2026-07-04T11:59:32+01:00,8,4,92,17450,193,0.000000,1920,1930,1920,10,0.5181,GLOBAL_BEST,2,123,0,26579,13743,65,1904,119,52.5210,84.0336,0,0,0,0,0,0
n012w8-0,n012w8,0,5,500000,100.0,adaptive,2026-07-04T11:59:32+01:00,8,4,92,17451,193,0.000000,1900,1920,1900,20,1.0417,GLOBAL_BEST,2,123,0,26579,13743,66,1,0,200000.0000,0.0000,0,0,0,0,0,0
n012w8-0,n012w8,0,5,500000,100.0,adaptive,2026-07-04T11:59:32+01:00,8,0,92,29690,50,0.000000,2765,2790,2765,25,0.8961,GLOBAL_BEST,0,123,0,52632,2045,67,12239,-143,20.4265,0.0000,0,0,0,0,0,0
n012w8-0,n012w8,0,5,500000,100.0,adaptive,2026-07-04T11:59:32+01:00,8,0,92,31218,52,0.000000,2715,2765,2715,50,1.8083,LOCAL_BEST,0,123,0,55259,2347,68,1528,2,327.2251,25000.0000,0,0,0,0,0,0
n012w8-0,n012w8,0,5,500000,100.0,adaptive,2026-07-04T11:59:32+01:00,8,3,92,34354,167,0.000000,2070,2105,2070,35,1.6627,GLOBAL_BEST,1,123,0,54675,23533,69,3136,115,111.6071,304.3478,0,0,0,0,0,0
n012w8-0,n012w8,0,5,500000,100.0,adaptive,2026-07-04T11:59:32+01:00,8,0,92,35136,59,0.000000,2695,2715,2695,20,0.7366,LOCAL_BEST,0,123,0,62015,3190,70,782,-108,255.7545,0.0000,0,0,0,0,0,0
n012w8-0,n012w8,0,5,500000,100.0,adaptive,2026-07-04T11:59:32+01:00,8,0,92,39359,66,0.000000,2630,2695,2630,65,2.4119,LOCAL_BEST,0,123,0,69392,3996,71,4223,7,153.9190,9285.7143,0,0,0,0,0,0
n012w8-0,n012w8,0,5,500000,100.0,adaptive,2026-07-04T11:59:32+01:00,8,0,92,39360,66,0.000000,2605,2630,2605,25,0.9506,LOCAL_BEST,0,123,0,69395,3996,72,1,0,250000.0000,0.0000,0,0,0,0,0,0
n012w8-0,n012w8,0,5,500000,100.0,adaptive,2026-07-04T11:59:32+01:00,8,2,92,40534,114,0.000000,2360,2365,2360,5,0.2114,GLOBAL_BEST,1,123,0,67524,21715,73,1174,48,42.5894,104.1667,0,0,0,0,0,0
n012w8-0,n012w8,0,5,500000,100.0,adaptive,2026-07-04T11:59:32+01:00,8,2,92,40549,114,0.000000,2355,2360,2355,5,0.2119,GLOBAL_BEST,1,123,0,67555,21719,74,15,0,3333.3333,0.0000,0,0,0,0,0,0
n012w8-0,n012w8,0,5,500000,100.0,adaptive,2026-07-04T11:59:32+01:00,8,2,92,48549,126,0.000000,2345,2355,2345,10,0.4246,LOCAL_BEST,1,123,0,80662,26235,75,8000,12,12.5000,833.3333,0,0,0,0,0,0
n012w8-0,n012w8,0,5,500000,100.0,adaptive,2026-07-04T11:59:32+01:00,8,4,92,50292,242,0.000000,1880,1900,1880,20,1.0526,GLOBAL_BEST,2,123,0,76889,39900,76,1743,116,114.7447,172.4138,0,0,0,0,0,0
n012w8-0,n012w8,0,5,500000,100.0,adaptive,2026-07-04T11:59:32+01:00,8,2,92,51807,130,0.000000,2275,2345,2275,70,2.9851,LOCAL_BEST,1,123,0,85951,28085,77,1515,-112,462.0462,0.0000,0,0,0,0,0,0
n012w8-0,n012w8,0,5,500000,100.0,adaptive,2026-07-04T11:59:32+01:00,8,4,92,53410,246,0.000000,1870,1880,1870,10,0.5319,LOCAL_BEST,2,123,0,81703,42365,78,1603,116,62.3830,86.2069,0,0,0,0,0,0
n012w8-0,n012w8,0,5,500000,100.0,adaptive,2026-07-04T11:59:32+01:00,8,0,92,66057,108,0.000000,2515,2605,2515,90,3.4549,LOCAL_BEST,0,123,0,115920,11097,79,12647,-138,71.1631,0.0000,0,0,0,0,0,0
n012w8-0,n012w8,0,5,500000,100.0,adaptive,2026-07-04T11:59:32+01:00,8,3,92,76149,231,0.000000,2035,2070,2035,35,1.6908,LOCAL_BEST,1,123,0,122385,53513,80,10092,123,34.6809,284.5528,0,0,0,0,0,0
n012w8-0,n012w8,0,5,500000,100.0,adaptive,2026-07-04T11:59:32+01:00,8,4,92,78011,283,0.000000,1865,1870,1865,5,0.2674,LOCAL_BEST,2,123,0,120572,62798,81,1862,52,26.8528,96.1538,0,0,0,0,0,0
n012w8-0,n012w8,0,5,500000,100.0,adaptive,2026-07-04T11:59:32+01:00,8,2,92,92557,195,0.000000,2245,2275,2245,30,1.3187,LOCAL_BEST,1,123,0,153431,51806,82,14546,-88,20.6242,0.0000,0,0,0,0,0,0
n012w8-0,n012w8,0,5,500000,100.0,adaptive,2026-07-04T11:59:32+01:00,8,2,92,92594,196,0.000000,2225,2245,2225,20,0.8909,LOCAL_BEST,1,123,0,153484,51829,83,37,1,5405.4054,20000.0000,0,0,0,0,0,0
n012w8-0,n012w8,0,5,500000,100.0,adaptive,2026-07-04T11:59:32+01:00,8,0,92,102318,167,0.000000,2490,2515,2490,25,0.9940,LOCAL_BEST,0,123,0,178668,23400,84,9724,-29,25.7096,0.0000,0,0,0,0,0,0
n012w8-0,n012w8,0,5,500000,100.0,adaptive,2026-07-04T11:59:32+01:00,8,3,92,108582,281,0.000000,1995,2035,1995,40,1.9656,LOCAL_BEST,1,123,0,173750,77472,85,6264,114,63.8570,350.8772,0,0,0,0,0,0
n012w8-0,n012w8,0,5,500000,100.0,adaptive,2026-07-04T11:59:32+01:00,8,4,92,110816,333,0.000000,1860,1865,1860,5,0.2681,LOCAL_BEST,2,123,0,172399,90179,86,2234,52,22.3814,96.1538,0,0,0,0,0,0
n012w8-0,n012w8,0,5,500000,100.0,adaptive,2026-07-04T11:59:32+01:00,8,5,92,112567,408,0.000000,1750,1755,1750,5,0.2849,GLOBAL_BEST,2,123,0,174941,99484,87,1751,75,28.5551,66.6667,0,0,0,0,0,0
n012w8-0,n012w8,0,5,500000,100.0,adaptive,2026-07-04T11:59:32+01:00,8,5,92,112703,408,0.000000,1740,1750,1740,10,0.5714,GLOBAL_BEST,2,123,0,175144,99606,88,136,0,735.2941,0.0000,0,0,0,0,0,0
n012w8-0,n012w8,0,5,500000,100.0,adaptive,2026-07-04T11:59:32+01:00,8,5,92,113939,411,0.000000,1725,1740,1725,15,0.8621,GLOBAL_BEST,2,123,0,176963,100664,89,1236,3,121.3592,5000.0000,0,0,0,0,0,0
n012w8-0,n012w8,0,5,500000,100.0,adaptive,2026-07-04T11:59:32+01:00,8,2,92,144752,277,0.000000,2200,2225,2200,25,1.1236,LOCAL_BEST,1,123,0,238623,84322,90,30813,-134,8.1135,0.0000,0,0,0,0,0,0
n012w8-0,n012w8,0,5,500000,100.0,adaptive,2026-07-04T11:59:32+01:00,8,3,92,151480,359,0.000000,1955,1995,1955,40,2.0050,LOCAL_BEST,1,123,0,241430,109723,91,6728,82,59.4530,487.8049,0,0,0,0,0,0
n012w8-0,n012w8,0,5,500000,100.0,adaptive,2026-07-04T11:59:32+01:00,8,4,92,157800,402,0.000000,1855,1860,1855,5,0.2688,LOCAL_BEST,2,123,0,246204,128818,92,6320,43,7.9114,116.2791,0,0,0,0,0,0
n012w8-0,n012w8,0,5,500000,100.0,adaptive,2026-07-04T11:59:32+01:00,8,2,92,167687,312,0.000000,2185,2200,2185,15,0.6818,LOCAL_BEST,1,123,0,275450,98955,93,9887,-90,15.1714,0.0000,0,0,0,0,0,0
n012w8-0,n012w8,0,5,500000,100.0,adaptive,2026-07-04T11:59:32+01:00,8,0,92,171114,277,0.000000,2480,2490,2480,10,0.4016,LOCAL_BEST,0,123,0,294587,51806,94,3427,-35,29.1800,0.0000,0,0,0,0,0,0
n012w8-0,n012w8,0,5,500000,100.0,adaptive,2026-07-04T11:59:32+01:00,8,0,92,182193,295,0.000000,2460,2480,2460,20,0.8065,LOCAL_BEST,0,123,0,313215,57089,95,11079,18,18.0522,1111.1111,0,0,0,0,0,0
n012w8-0,n012w8,0,5,500000,100.0,adaptive,2026-07-04T11:59:32+01:00,8,0,92,182196,295,0.000000,2445,2460,2445,15,0.6098,LOCAL_BEST,0,123,0,313221,57089,96,3,0,50000.0000,0.0000,0,0,0,0,0,0
n012w8-0,n012w8,0,5,500000,100.0,adaptive,2026-07-04T11:59:32+01:00,8,0,92,182197,295,0.000000,2435,2445,2435,10,0.4090,LOCAL_BEST,0,123,0,313223,57089,97,1,0,100000.0000,0.0000,0,0,0,0,0,0
n012w8-0,n012w8,0,5,500000,100.0,adaptive,2026-07-04T11:59:32+01:00,8,4,92,183910,440,0.000000,1850,1855,1850,5,0.2695,LOCAL_BEST,2,123,0,285852,150561,98,1713,145,29.1886,34.4828,0,0,0,0,0,0
n012w8-0,n012w8,0,5,500000,100.0,adaptive,2026-07-04T11:59:32+01:00,8,4,92,183914,440,0.000000,1840,1850,1840,10,0.5405,LOCAL_BEST,2,123,0,285856,150564,99,4,0,25000.0000,0.0000,0,0,0,0,0,0
n012w8-0,n012w8,0,5,500000,100.0,adaptive,2026-07-04T11:59:32+01:00,8,2,92,186511,341,0.000000,2165,2185,2165,20,0.9153,LOCAL_BEST,1,123,0,305999,111266,100,2597,-99,77.0119,0.0000,0,0,0,0,0,0
n012w8-0,n012w8,0,5,500000,100.0,adaptive,2026-07-04T11:59:32+01:00,8,0,92,191542,311,0.000000,2410,2435,2410,25,1.0267,LOCAL_BEST,0,123,0,328968,61495,101,5031,-30,49.6919,0.0000,0,0,0,0,0,0
n012w8-0,n012w8,0,5,500000,100.0,adaptive,2026-07-04T11:59:32+01:00,8,0,92,191543,311,0.000000,2405,2410,2405,5,0.2075,LOCAL_BEST,0,123,0,328968,61495,102,1,0,50000.0000,0.0000,0,0,0,0,0,0
n012w8-0,n012w8,0,5,500000,100.0,adaptive,2026-07-04T11:59:32+01:00,8,2,92,212213,384,0.000000,2160,2165,2160,5,0.2309,LOCAL_BEST,1,123,0,347502,128019,103,20670,73,2.4190,68.4932,0,0,0,0,0,0
n012w8-0,n012w8,0,5,500000,100.0,adaptive,2026-07-04T11:59:32+01:00,8,2,92,212229,384,0.000000,2155,2160,2155,5,0.2315,LOCAL_BEST,1,123,0,347524,128029,104,16,0,3125.0000,0.0000,0,0,0,0,0,0
n012w8-0,n012w8,0,5,500000,100.0,adaptive,2026-07-04T11:59:32+01:00,8,0,92,213584,345,0.000000,2365,2405,2365,40,1.6632,LOCAL_BEST,0,123,0,365855,72127,105,1355,-39,295.2030,0.0000,0,0,0,0,0,0
n012w8-0,n012w8,0,5,500000,100.0,adaptive,2026-07-04T11:59:32+01:00,8,4,92,231875,509,0.000000,1830,1840,1830,10,0.5435,LOCAL_BEST,2,123,0,358519,191044,106,18291,164,5.4672,60.9756,0,0,0,0,0,0
n012w8-0,n012w8,0,5,500000,100.0,adaptive,2026-07-04T11:59:32+01:00,8,4,92,242312,524,0.000000,1825,1830,1825,5,0.2732,LOCAL_BEST,2,123,0,374827,199635,107,10437,15,4.7906,333.3333,0,0,0,0,0,0
n012w8-0,n012w8,0,5,500000,100.0,adaptive,2026-07-04T11:59:32+01:00,8,4,92,243600,526,0.000000,1810,1825,1810,15,0.8219,LOCAL_BEST,2,123,0,376804,200699,108,1288,2,116.4596,7500.0000,0,0,0,0,0,0
n012w8-0,n012w8,0,5,500000,100.0,adaptive,2026-07-04T11:59:32+01:00,8,4,92,243602,526,0.000000,1795,1810,1795,15,0.8287,LOCAL_BEST,2,123,0,376804,200700,109,2,0,75000.0000,0.0000,0,0,0,0,0,0
n012w8-0,n012w8,0,5,500000,100.0,adaptive,2026-07-04T11:59:32+01:00,8,2,92,248717,440,0.000000,2125,2155,2125,30,1.3921,LOCAL_BEST,1,123,0,405770,152394,110,5115,-86,58.6510,0.0000,0,0,0,0,0,0
n012w8-0,n012w8,0,5,500000,100.0,adaptive,2026-07-04T11:59:32+01:00,8,4,92,259890,549,0.000000,1785,1795,1785,10,0.5571,LOCAL_BEST,2,123,0,401950,214263,111,11173,109,8.9501,91.7431,0,0,0,0,0,0
n012w8-0,n012w8,0,5,500000,100.0,adaptive,2026-07-04T11:59:32+01:00,8,3,92,273155,546,0.000000,1945,1955,1945,10,0.5115,LOCAL_BEST,1,123,0,431918,203212,112,13265,-3,7.5386,0.0000,0,0,0,0,0,0
n012w8-0,n012w8,0,5,500000,100.0,adaptive,2026-07-04T11:59:32+01:00,8,0,92,275252,446,0.000000,2325,2365,2325,40,1.6913,LOCAL_BEST,0,123,0,468445,104383,113,2097,-100,190.7487,0.0000,0,0,0,0,0,0
n012w8-0,n012w8,0,5,500000,100.0,adaptive,2026-07-04T11:59:32+01:00,8,0,92,280097,453,0.000000,2320,2325,2320,5,0.2151,LOCAL_BEST,0,123,0,475949,106984,114,4845,7,10.3199,714.2857,0,0,0,0,0,0
n012w8-0,n012w8,0,5,500000,100.0,adaptive,2026-07-04T11:59:32+01:00,8,2,92,281971,490,0.000000,2095,2125,2095,30,1.4118,LOCAL_BEST,1,123,0,459403,175181,115,1874,37,160.0854,810.8108,0,0,0,0,0,0
n012w8-0,n012w8,0,5,500000,100.0,adaptive,2026-07-04T11:59:32+01:00,8,0,92,281972,456,0.000000,2315,2320,2315,5,0.2155,LOCAL_BEST,0,123,0,478906,108064,116,1,-34,50000.0000,0.0000,0,0,0,0,0,0
n012w8-0,n012w8,0,5,500000,100.0,adaptive,2026-07-04T11:59:32+01:00,8,2,92,284452,494,0.000000,2070,2095,2070,25,1.1933,LOCAL_BEST,1,123,0,463409,176908,117,2480,38,100.8065,657.8947,0,0,0,0,0,0
n012w8-0,n012w8,0,5,500000,100.0,adaptive,2026-07-04T11:59:32+01:00,8,0,92,287264,465,0.000000,2310,2315,2310,5,0.2160,LOCAL_BEST,0,123,0,487786,111004,118,2812,-29,17.7809,0.0000,0,0,0,0,0,0
n012w8-0,n012w8,0,5,500000,100.0,adaptive,2026-07-04T11:59:32+01:00,8,0,92,287723,466,0.000000,2300,2310,2300,10,0.4329,LOCAL_BEST,0,123,0,488623,111245,119,459,1,217.8649,10000.0000,0,0,0,0,0,0
n012w8-0,n012w8,0,5,500000,100.0,adaptive,2026-07-04T11:59:32+01:00,8,3,92,289380,571,0.000000,1895,1945,1895,50,2.5707,LOCAL_BEST,1,123,0,457233,216121,120,1657,105,301.7502,476.1905,0,0,0,0,0,0
n012w8-0,n012w8,0,5,500000,100.0,adaptive,2026-07-04T11:59:32+01:00,8,0,92,327544,528,0.000000,2290,2300,2290,10,0.4348,LOCAL_BEST,0,123,0,553859,134244,121,38164,-43,2.6203,0.0000,0,0,0,0,0,0
n012w8-0,n012w8,0,5,500000,100.0,adaptive,2026-07-04T11:59:32+01:00,8,0,92,330783,534,0.000000,2285,2290,2285,5,0.2183,LOCAL_BEST,0,123,0,559007,135998,122,3239,6,15.4369,833.3333,0,0,0,0,0,0
n012w8-0,n012w8,0,5,500000,100.0,adaptive,2026-07-04T11:59:32+01:00,8,0,92,334024,539,0.000000,2280,2285,2280,5,0.2188,LOCAL_BEST,0,123,0,564268,137981,123,3241,5,15.4273,1000.0000,0,0,0,0,0,0
n012w8-0,n012w8,0,5,500000,100.0,adaptive,2026-07-04T11:59:32+01:00,8,0,92,340876,549,0.000000,2275,2280,2275,5,0.2193,LOCAL_BEST,0,123,0,575457,142121,124,6852,10,7.2971,500.0000,0,0,0,0,0,0
n012w8-0,n012w8,0,5,500000,100.0,adaptive,2026-07-04T11:59:32+01:00,8,0,92,357513,575,0.000000,2245,2275,2245,30,1.3187,LOCAL_BEST,0,123,0,602828,152320,125,16637,26,18.0321,1153.8462,0,0,0,0,0,0
n012w8-0,n012w8,0,5,500000,100.0,adaptive,2026-07-04T11:59:32+01:00,8,0,92,380823,611,0.000000,2220,2245,2220,25,1.1136,LOCAL_BEST,0,123,0,640704,166598,126,23310,36,10.7250,694.4444,0,0,0,0,0,0
n012w8-0,n012w8,0,5,500000,100.0,adaptive,2026-07-04T11:59:32+01:00,8,0,92,380895,612,0.000000,2180,2220,2180,40,1.8018,LOCAL_BEST,0,123,0,640833,166636,127,72,1,5555.5556,40000.0000,0,0,0,0,0,0
n012w8-0,n012w8,0,5,500000,100.0,adaptive,2026-07-04T11:59:32+01:00,8,0,92,380896,612,0.000000,2165,2180,2165,15,0.6881,LOCAL_BEST,0,123,0,640833,166636,128,1,0,150000.0000,0.0000,0,0,0,0,0,0
n012w8-0,n012w8,0,5,500000,100.0,adaptive,2026-07-04T11:59:32+01:00,8,0,92,387819,622,0.000000,2145,2165,2145,20,0.9238,LOCAL_BEST,0,123,0,651951,171004,129,6923,10,28.8892,2000.0000,0,0,0,0,0,0
n012w8-0,n012w8,0,5,500000,100.0,adaptive,2026-07-04T11:59:32+01:00,8,2,92,389082,654,0.000000,2065,2070,2065,5,0.2415,LOCAL_BEST,1,123,0,629175,252393,130,1263,32,39.5883,156.2500,0,0,0,0,0,0
n012w8-0,n012w8,0,5,500000,100.0,adaptive,2026-07-04T11:59:32+01:00,8,3,92,393652,727,0.000000,1870,1895,1870,25,1.3193,LOCAL_BEST,1,123,0,617934,299494,131,4570,73,54.7046,342.4658,0,0,0,0,0,0
n012w8-0,n012w8,0,5,500000,100.0,adaptive,2026-07-04T11:59:32+01:00,8,3,92,396303,730,0.000000,1860,1870,1860,10,0.5348,LOCAL_BEST,1,123,0,621999,301593,132,2651,3,37.7216,3333.3333,0,0,0,0,0,0
n012w8-0,n012w8,0,5,500000,100.0,adaptive,2026-07-04T11:59:32+01:00,8,2,92,406456,679,0.000000,2025,2065,2025,40,1.9370,LOCAL_BEST,1,123,0,657362,264938,133,10153,-51,39.3972,0.0000,0,0,0,0,0,0
n012w8-0,n012w8,0,5,500000,100.0,adaptive,2026-07-04T11:59:32+01:00,8,2,92,410942,686,0.000000,2000,2025,2000,25,1.2346,LOCAL_BEST,1,123,0,664226,268291,134,4486,7,55.7289,3571.4286,0,0,0,0,0,0
n012w8-0,n012w8,0,5,500000,100.0,adaptive,2026-07-04T11:59:32+01:00,8,4,92,464438,851,0.000000,1780,1785,1780,5,0.2801,LOCAL_BEST,2,123,0,707098,389575,135,53496,165,0.9346,30.3030,0,0,0,0,0,0
n012w8-0,n012w8,0,5,500000,100.0,adaptive,2026-07-04T11:59:32+01:00,8,2,92,468821,779,0.000000,1975,2000,1975,25,1.2500,LOCAL_BEST,1,123,0,756219,310945,136,4383,-72,57.0386,0.0000,0,0,0,0,0,0
n012w8-0,n012w8,0,5,500000,100.0,adaptive,2026-07-04T11:59:32+01:00,8,4,92,475147,865,0.000000,1765,1780,1765,15,0.8427,LOCAL_BEST,2,123,0,723181,398666,137,6326,86,23.7117,174.4186,0,0,0,0,0,0
n012w8-0,n012w8,0,5,500000,100.0,adaptive,2026-07-04T11:59:32+01:00,8,4,92,475152,865,0.000000,1750,1765,1750,15,0.8499,LOCAL_BEST,2,123,0,723185,398669,138,5,0,30000.0000,0.0000,0,0,0,0,0,0
n012w8-0,n012w8,0,5,500000,100.0,adaptive,2026-07-04T11:59:32+01:00,8,0,92,495870,793,0.000000,2100,2145,2100,45,2.0979,LOCAL_BEST,0,123,0,827851,241462,139,20718,-72,21.7202,0.0000,0,0,0,0,0,0
